time,archetype_1,n,freq
2026-09-22T18:00:00Z,Other,494,0.688022284122563
2026-09-22T18:00:00Z,Bard/Norra (BC/RU),16,0.0222841225626741
2026-09-22T18:00:00Z,Caitlyn/Teemo (FR/PZ),6,0.00835654596100279
2026-09-22T18:00:00Z,Ezreal/Seraphine (BC/PZ),9,0.0125348189415042
2026-09-22T18:00:00Z,Draven/Jinx (NX/PZ),3,0.00417827298050139
2026-09-22T18:00:00Z,Nilah/Twisted Fate (BW/PZ),14,0.0194986072423398
2026-09-22T18:00:00Z,Elder Dragon/Volibear (RU/FR),17,0.0236768802228412
2026-09-22T18:00:00Z,Annie/Gwen (NX/SI),8,0.011142061281337
2026-09-22T18:00:00Z,Azir/Irelia (IO/SH),7,0.00974930362116992
2026-09-22T18:00:00Z,Pyke/Rek'Sai (BW/SH),19,0.0264623955431755
2026-09-22T18:00:00Z,Annie/Jhin (RU/NX),28,0.0389972144846797
2026-09-22T18:00:00Z,Caitlyn/Teemo (BC/PZ),30,0.0417827298050139
2026-09-22T18:00:00Z,Braum/Zoe (FR/MT),67,0.0933147632311978
2026-09-22T19:00:00Z,Other,491,0.642670157068063
2026-09-22T19:00:00Z,Bard/Norra (BC/RU),7,0.00916230366492147
2026-09-22T19:00:00Z,Caitlyn/Teemo (FR/PZ),20,0.0261780104712042
2026-09-22T19:00:00Z,Ezreal/Seraphine (BC/PZ),11,0.0143979057591623
2026-09-22T19:00:00Z,Draven/Jinx (NX/PZ),4,0.00523560209424084
2026-09-22T19:00:00Z,Nilah/Twisted Fate (BW/PZ),9,0.0117801047120419
2026-09-22T19:00:00Z,Elder Dragon/Volibear (RU/FR),9,0.0117801047120419
2026-09-22T19:00:00Z,Annie/Gwen (NX/SI),7,0.00916230366492147
2026-09-22T19:00:00Z,Azir/Irelia (IO/SH),22,0.0287958115183246
2026-09-22T19:00:00Z,Pyke/Rek'Sai (BW/SH),20,0.0261780104712042
2026-09-22T19:00:00Z,Annie/Jhin (RU/NX),14,0.0183246073298429
2026-09-22T19:00:00Z,Caitlyn/Teemo (BC/PZ),48,0.0628272251308901
2026-09-22T19:00:00Z,Braum/Zoe (FR/MT),102,0.133507853403141
2026-09-22T20:00:00Z,Other,522,0.683246073298429
2026-09-22T20:00:00Z,Bard/Norra (BC/RU),17,0.0222513089005236
2026-09-22T20:00:00Z,Caitlyn/Teemo (FR/PZ),13,0.0170157068062827
2026-09-22T20:00:00Z,Ezreal/Seraphine (BC/PZ),8,0.0104712041884817
2026-09-22T20:00:00Z,Draven/Jinx (NX/PZ),9,0.0117801047120419
2026-09-22T20:00:00Z,Nilah/Twisted Fate (BW/PZ),12,0.0157068062827225
2026-09-22T20:00:00Z,Elder Dragon/Volibear (RU/FR),24,0.031413612565445
2026-09-22T20:00:00Z,Annie/Gwen (NX/SI),25,0.0327225130890052
2026-09-22T20:00:00Z,Azir/Irelia (IO/SH),23,0.0301047120418848
2026-09-22T20:00:00Z,Pyke/Rek'Sai (BW/SH),23,0.0301047120418848
2026-09-22T20:00:00Z,Annie/Jhin (RU/NX),23,0.0301047120418848
2026-09-22T20:00:00Z,Caitlyn/Teemo (BC/PZ),24,0.031413612565445
2026-09-22T20:00:00Z,Braum/Zoe (FR/MT),41,0.0536649214659686
2026-09-22T21:00:00Z,Other,511,0.679521276595745
2026-09-22T21:00:00Z,Bard/Norra (BC/RU),16,0.0212765957446809
2026-09-22T21:00:00Z,Caitlyn/Teemo (FR/PZ),6,0.00797872340425532
2026-09-22T21:00:00Z,Ezreal/Seraphine (BC/PZ),9,0.011968085106383
2026-09-22T21:00:00Z,Draven/Jinx (NX/PZ),3,0.00398936170212766
2026-09-22T21:00:00Z,Nilah/Twisted Fate (BW/PZ),11,0.0146276595744681
2026-09-22T21:00:00Z,Elder Dragon/Volibear (RU/FR),22,0.0292553191489362
2026-09-22T21:00:00Z,Annie/Gwen (NX/SI),17,0.0226063829787234
2026-09-22T21:00:00Z,Azir/Irelia (IO/SH),14,0.0186170212765957
2026-09-22T21:00:00Z,Pyke/Rek'Sai (BW/SH),25,0.0332446808510638
2026-09-22T21:00:00Z,Annie/Jhin (RU/NX),34,0.0452127659574468
2026-09-22T21:00:00Z,Caitlyn/Teemo (BC/PZ),28,0.0372340425531915
2026-09-22T21:00:00Z,Braum/Zoe (FR/MT),56,0.074468085106383
2026-09-22T22:00:00Z,Other,486,0.669421487603306
2026-09-22T22:00:00Z,Bard/Norra (BC/RU),5,0.0068870523415978
2026-09-22T22:00:00Z,Caitlyn/Teemo (FR/PZ),2,0.00275482093663912
2026-09-22T22:00:00Z,Ezreal/Seraphine (BC/PZ),10,0.0137741046831956
2026-09-22T22:00:00Z,Draven/Jinx (NX/PZ),14,0.0192837465564738
2026-09-22T22:00:00Z,Nilah/Twisted Fate (BW/PZ),10,0.0137741046831956
2026-09-22T22:00:00Z,Elder Dragon/Volibear (RU/FR),17,0.0234159779614325
2026-09-22T22:00:00Z,Annie/Gwen (NX/SI),22,0.0303030303030303
2026-09-22T22:00:00Z,Azir/Irelia (IO/SH),19,0.0261707988980716
2026-09-22T22:00:00Z,Pyke/Rek'Sai (BW/SH),20,0.0275482093663912
2026-09-22T22:00:00Z,Annie/Jhin (RU/NX),31,0.0426997245179063
2026-09-22T22:00:00Z,Caitlyn/Teemo (BC/PZ),24,0.0330578512396694
2026-09-22T22:00:00Z,Braum/Zoe (FR/MT),66,0.0909090909090909
2026-09-22T23:00:00Z,Other,474,0.729230769230769
2026-09-22T23:00:00Z,Bard/Norra (BC/RU),9,0.0138461538461538
2026-09-22T23:00:00Z,Caitlyn/Teemo (FR/PZ),11,0.0169230769230769
2026-09-22T23:00:00Z,Ezreal/Seraphine (BC/PZ),8,0.0123076923076923
2026-09-22T23:00:00Z,Draven/Jinx (NX/PZ),6,0.00923076923076923
2026-09-22T23:00:00Z,Nilah/Twisted Fate (BW/PZ),9,0.0138461538461538
2026-09-22T23:00:00Z,Elder Dragon/Volibear (RU/FR),13,0.02
2026-09-22T23:00:00Z,Annie/Gwen (NX/SI),5,0.00769230769230769
2026-09-22T23:00:00Z,Azir/Irelia (IO/SH),17,0.0261538461538462
2026-09-22T23:00:00Z,Pyke/Rek'Sai (BW/SH),20,0.0307692307692308
2026-09-22T23:00:00Z,Annie/Jhin (RU/NX),16,0.0246153846153846
2026-09-22T23:00:00Z,Caitlyn/Teemo (BC/PZ),14,0.0215384615384615
2026-09-22T23:00:00Z,Braum/Zoe (FR/MT),48,0.0738461538461539
2026-09-23T00:00:00Z,Other,419,0.67363344051447
2026-09-23T00:00:00Z,Bard/Norra (BC/RU),4,0.00643086816720257
2026-09-23T00:00:00Z,Caitlyn/Teemo (FR/PZ),7,0.0112540192926045
2026-09-23T00:00:00Z,Ezreal/Seraphine (BC/PZ),4,0.00643086816720257
2026-09-23T00:00:00Z,Draven/Jinx (NX/PZ),14,0.022508038585209
2026-09-23T00:00:00Z,Nilah/Twisted Fate (BW/PZ),14,0.022508038585209
2026-09-23T00:00:00Z,Elder Dragon/Volibear (RU/FR),12,0.0192926045016077
2026-09-23T00:00:00Z,Annie/Gwen (NX/SI),7,0.0112540192926045
2026-09-23T00:00:00Z,Azir/Irelia (IO/SH),17,0.0273311897106109
2026-09-23T00:00:00Z,Pyke/Rek'Sai (BW/SH),19,0.0305466237942122
2026-09-23T00:00:00Z,Annie/Jhin (RU/NX),12,0.0192926045016077
2026-09-23T00:00:00Z,Caitlyn/Teemo (BC/PZ),24,0.0385852090032154
2026-09-23T00:00:00Z,Braum/Zoe (FR/MT),69,0.110932475884244
2026-09-23T01:00:00Z,Other,392,0.655518394648829
2026-09-23T01:00:00Z,Bard/Norra (BC/RU),4,0.00668896321070234
2026-09-23T01:00:00Z,Caitlyn/Teemo (FR/PZ),15,0.0250836120401338
2026-09-23T01:00:00Z,Ezreal/Seraphine (BC/PZ),14,0.0234113712374582
2026-09-23T01:00:00Z,Draven/Jinx (NX/PZ),9,0.0150501672240803
2026-09-23T01:00:00Z,Nilah/Twisted Fate (BW/PZ),8,0.0133779264214047
2026-09-23T01:00:00Z,Elder Dragon/Volibear (RU/FR),11,0.0183946488294314
2026-09-23T01:00:00Z,Annie/Gwen (NX/SI),8,0.0133779264214047
2026-09-23T01:00:00Z,Azir/Irelia (IO/SH),19,0.0317725752508361
2026-09-23T01:00:00Z,Pyke/Rek'Sai (BW/SH),11,0.0183946488294314
2026-09-23T01:00:00Z,Annie/Jhin (RU/NX),27,0.0451505016722408
2026-09-23T01:00:00Z,Caitlyn/Teemo (BC/PZ),17,0.028428093645485
2026-09-23T01:00:00Z,Braum/Zoe (FR/MT),63,0.105351170568562
2026-09-23T02:00:00Z,Other,392,0.662162162162162
2026-09-23T02:00:00Z,Bard/Norra (BC/RU),7,0.0118243243243243
2026-09-23T02:00:00Z,Caitlyn/Teemo (FR/PZ),2,0.00337837837837838
2026-09-23T02:00:00Z,Ezreal/Seraphine (BC/PZ),11,0.0185810810810811
2026-09-23T02:00:00Z,Draven/Jinx (NX/PZ),13,0.0219594594594595
2026-09-23T02:00:00Z,Nilah/Twisted Fate (BW/PZ),6,0.0101351351351351
2026-09-23T02:00:00Z,Elder Dragon/Volibear (RU/FR),14,0.0236486486486487
2026-09-23T02:00:00Z,Annie/Gwen (NX/SI),10,0.0168918918918919
2026-09-23T02:00:00Z,Azir/Irelia (IO/SH),11,0.0185810810810811
2026-09-23T02:00:00Z,Pyke/Rek'Sai (BW/SH),18,0.0304054054054054
2026-09-23T02:00:00Z,Annie/Jhin (RU/NX),22,0.0371621621621622
2026-09-23T02:00:00Z,Caitlyn/Teemo (BC/PZ),25,0.0422297297297297
2026-09-23T02:00:00Z,Braum/Zoe (FR/MT),61,0.103040540540541
2026-09-23T03:00:00Z,Other,346,0.66030534351145
2026-09-23T03:00:00Z,Bard/Norra (BC/RU),15,0.0286259541984733
2026-09-23T03:00:00Z,Caitlyn/Teemo (FR/PZ),7,0.0133587786259542
2026-09-23T03:00:00Z,Ezreal/Seraphine (BC/PZ),13,0.0248091603053435
2026-09-23T03:00:00Z,Draven/Jinx (NX/PZ),5,0.00954198473282443
2026-09-23T03:00:00Z,Nilah/Twisted Fate (BW/PZ),5,0.00954198473282443
2026-09-23T03:00:00Z,Elder Dragon/Volibear (RU/FR),5,0.00954198473282443
2026-09-23T03:00:00Z,Annie/Gwen (NX/SI),11,0.0209923664122137
2026-09-23T03:00:00Z,Azir/Irelia (IO/SH),6,0.0114503816793893
2026-09-23T03:00:00Z,Pyke/Rek'Sai (BW/SH),9,0.017175572519084
2026-09-23T03:00:00Z,Annie/Jhin (RU/NX),21,0.0400763358778626
2026-09-23T03:00:00Z,Caitlyn/Teemo (BC/PZ),15,0.0286259541984733
2026-09-23T03:00:00Z,Braum/Zoe (FR/MT),66,0.125954198473282
2026-09-23T04:00:00Z,Other,344,0.731914893617021
2026-09-23T04:00:00Z,Bard/Norra (BC/RU),9,0.0191489361702128
2026-09-23T04:00:00Z,Caitlyn/Teemo (FR/PZ),4,0.00851063829787234
2026-09-23T04:00:00Z,Ezreal/Seraphine (BC/PZ),4,0.00851063829787234
2026-09-23T04:00:00Z,Draven/Jinx (NX/PZ),4,0.00851063829787234
2026-09-23T04:00:00Z,Nilah/Twisted Fate (BW/PZ),8,0.0170212765957447
2026-09-23T04:00:00Z,Elder Dragon/Volibear (RU/FR),8,0.0170212765957447
2026-09-23T04:00:00Z,Annie/Gwen (NX/SI),12,0.025531914893617
2026-09-23T04:00:00Z,Azir/Irelia (IO/SH),3,0.00638297872340426
2026-09-23T04:00:00Z,Pyke/Rek'Sai (BW/SH),7,0.0148936170212766
2026-09-23T04:00:00Z,Annie/Jhin (RU/NX),23,0.048936170212766
2026-09-23T04:00:00Z,Caitlyn/Teemo (BC/PZ),13,0.0276595744680851
2026-09-23T04:00:00Z,Braum/Zoe (FR/MT),31,0.0659574468085106
2026-09-23T05:00:00Z,Other,402,0.683673469387755
2026-09-23T05:00:00Z,Bard/Norra (BC/RU),1,0.00170068027210884
2026-09-23T05:00:00Z,Caitlyn/Teemo (FR/PZ),8,0.0136054421768707
2026-09-23T05:00:00Z,Ezreal/Seraphine (BC/PZ),2,0.00340136054421769
2026-09-23T05:00:00Z,Draven/Jinx (NX/PZ),9,0.0153061224489796
2026-09-23T05:00:00Z,Nilah/Twisted Fate (BW/PZ),12,0.0204081632653061
2026-09-23T05:00:00Z,Elder Dragon/Volibear (RU/FR),14,0.0238095238095238
2026-09-23T05:00:00Z,Annie/Gwen (NX/SI),24,0.0408163265306122
2026-09-23T05:00:00Z,Azir/Irelia (IO/SH),16,0.0272108843537415
2026-09-23T05:00:00Z,Pyke/Rek'Sai (BW/SH),27,0.0459183673469388
2026-09-23T05:00:00Z,Annie/Jhin (RU/NX),25,0.0425170068027211
2026-09-23T05:00:00Z,Caitlyn/Teemo (BC/PZ),7,0.0119047619047619
2026-09-23T05:00:00Z,Braum/Zoe (FR/MT),41,0.0697278911564626
2026-09-23T06:00:00Z,Other,354,0.655555555555556
2026-09-23T06:00:00Z,Bard/Norra (BC/RU),3,0.00555555555555556
2026-09-23T06:00:00Z,Caitlyn/Teemo (FR/PZ),6,0.0111111111111111
2026-09-23T06:00:00Z,Ezreal/Seraphine (BC/PZ),2,0.0037037037037037
2026-09-23T06:00:00Z,Draven/Jinx (NX/PZ),14,0.0259259259259259
2026-09-23T06:00:00Z,Nilah/Twisted Fate (BW/PZ),19,0.0351851851851852
2026-09-23T06:00:00Z,Elder Dragon/Volibear (RU/FR),2,0.0037037037037037
2026-09-23T06:00:00Z,Annie/Gwen (NX/SI),15,0.0277777777777778
2026-09-23T06:00:00Z,Azir/Irelia (IO/SH),12,0.0222222222222222
2026-09-23T06:00:00Z,Pyke/Rek'Sai (BW/SH),21,0.0388888888888889
2026-09-23T06:00:00Z,Annie/Jhin (RU/NX),14,0.0259259259259259
2026-09-23T06:00:00Z,Caitlyn/Teemo (BC/PZ),16,0.0296296296296296
2026-09-23T06:00:00Z,Braum/Zoe (FR/MT),62,0.114814814814815
2026-09-23T07:00:00Z,Other,383,0.696363636363636
2026-09-23T07:00:00Z,Bard/Norra (BC/RU),5,0.00909090909090909
2026-09-23T07:00:00Z,Caitlyn/Teemo (FR/PZ),13,0.0236363636363636
2026-09-23T07:00:00Z,Ezreal/Seraphine (BC/PZ),5,0.00909090909090909
2026-09-23T07:00:00Z,Draven/Jinx (NX/PZ),3,0.00545454545454546
2026-09-23T07:00:00Z,Nilah/Twisted Fate (BW/PZ),7,0.0127272727272727
2026-09-23T07:00:00Z,Elder Dragon/Volibear (RU/FR),11,0.02
2026-09-23T07:00:00Z,Annie/Gwen (NX/SI),15,0.0272727272727273
2026-09-23T07:00:00Z,Azir/Irelia (IO/SH),11,0.02
2026-09-23T07:00:00Z,Pyke/Rek'Sai (BW/SH),12,0.0218181818181818
2026-09-23T07:00:00Z,Annie/Jhin (RU/NX),23,0.0418181818181818
2026-09-23T07:00:00Z,Caitlyn/Teemo (BC/PZ),15,0.0272727272727273
2026-09-23T07:00:00Z,Braum/Zoe (FR/MT),47,0.0854545454545455
2026-09-23T08:00:00Z,Other,353,0.717479674796748
2026-09-23T08:00:00Z,Bard/Norra (BC/RU),1,0.00203252032520325
2026-09-23T08:00:00Z,Caitlyn/Teemo (FR/PZ),13,0.0264227642276423
2026-09-23T08:00:00Z,Ezreal/Seraphine (BC/PZ),7,0.0142276422764228
2026-09-23T08:00:00Z,Draven/Jinx (NX/PZ),7,0.0142276422764228
2026-09-23T08:00:00Z,Nilah/Twisted Fate (BW/PZ),3,0.00609756097560976
2026-09-23T08:00:00Z,Elder Dragon/Volibear (RU/FR),4,0.00813008130081301
2026-09-23T08:00:00Z,Annie/Gwen (NX/SI),15,0.0304878048780488
2026-09-23T08:00:00Z,Azir/Irelia (IO/SH),10,0.0203252032520325
2026-09-23T08:00:00Z,Pyke/Rek'Sai (BW/SH),10,0.0203252032520325
2026-09-23T08:00:00Z,Annie/Jhin (RU/NX),13,0.0264227642276423
2026-09-23T08:00:00Z,Caitlyn/Teemo (BC/PZ),15,0.0304878048780488
2026-09-23T08:00:00Z,Braum/Zoe (FR/MT),41,0.0833333333333333
2026-09-23T09:00:00Z,Other,414,0.716262975778547
2026-09-23T09:00:00Z,Bard/Norra (BC/RU),3,0.00519031141868512
2026-09-23T09:00:00Z,Caitlyn/Teemo (FR/PZ),13,0.0224913494809689
2026-09-23T09:00:00Z,Ezreal/Seraphine (BC/PZ),3,0.00519031141868512
2026-09-23T09:00:00Z,Draven/Jinx (NX/PZ),5,0.00865051903114187
2026-09-23T09:00:00Z,Nilah/Twisted Fate (BW/PZ),15,0.0259515570934256
2026-09-23T09:00:00Z,Elder Dragon/Volibear (RU/FR),13,0.0224913494809689
2026-09-23T09:00:00Z,Annie/Gwen (NX/SI),9,0.0155709342560554
2026-09-23T09:00:00Z,Azir/Irelia (IO/SH),11,0.0190311418685121
2026-09-23T09:00:00Z,Pyke/Rek'Sai (BW/SH),9,0.0155709342560554
2026-09-23T09:00:00Z,Annie/Jhin (RU/NX),19,0.0328719723183391
2026-09-23T09:00:00Z,Caitlyn/Teemo (BC/PZ),14,0.0242214532871972
2026-09-23T09:00:00Z,Braum/Zoe (FR/MT),50,0.0865051903114187
2026-09-23T10:00:00Z,Other,499,0.677989130434783
2026-09-23T10:00:00Z,Bard/Norra (BC/RU),2,0.00271739130434783
2026-09-23T10:00:00Z,Caitlyn/Teemo (FR/PZ),15,0.0203804347826087
2026-09-23T10:00:00Z,Ezreal/Seraphine (BC/PZ),2,0.00271739130434783
2026-09-23T10:00:00Z,Draven/Jinx (NX/PZ),7,0.00951086956521739
2026-09-23T10:00:00Z,Nilah/Twisted Fate (BW/PZ),16,0.0217391304347826
2026-09-23T10:00:00Z,Elder Dragon/Volibear (RU/FR),31,0.0421195652173913
2026-09-23T10:00:00Z,Annie/Gwen (NX/SI),18,0.0244565217391304
2026-09-23T10:00:00Z,Azir/Irelia (IO/SH),22,0.0298913043478261
2026-09-23T10:00:00Z,Pyke/Rek'Sai (BW/SH),19,0.0258152173913043
2026-09-23T10:00:00Z,Annie/Jhin (RU/NX),15,0.0203804347826087
2026-09-23T10:00:00Z,Caitlyn/Teemo (BC/PZ),17,0.0230978260869565
2026-09-23T10:00:00Z,Braum/Zoe (FR/MT),73,0.0991847826086956
2026-09-23T11:00:00Z,Other,439,0.65327380952381
2026-09-23T11:00:00Z,Bard/Norra (BC/RU),4,0.00595238095238095
2026-09-23T11:00:00Z,Caitlyn/Teemo (FR/PZ),12,0.0178571428571429
2026-09-23T11:00:00Z,Ezreal/Seraphine (BC/PZ),13,0.0193452380952381
2026-09-23T11:00:00Z,Draven/Jinx (NX/PZ),9,0.0133928571428571
2026-09-23T11:00:00Z,Nilah/Twisted Fate (BW/PZ),16,0.0238095238095238
2026-09-23T11:00:00Z,Elder Dragon/Volibear (RU/FR),26,0.0386904761904762
2026-09-23T11:00:00Z,Annie/Gwen (NX/SI),11,0.0163690476190476
2026-09-23T11:00:00Z,Azir/Irelia (IO/SH),17,0.025297619047619
2026-09-23T11:00:00Z,Pyke/Rek'Sai (BW/SH),16,0.0238095238095238
2026-09-23T11:00:00Z,Annie/Jhin (RU/NX),18,0.0267857142857143
2026-09-23T11:00:00Z,Caitlyn/Teemo (BC/PZ),28,0.0416666666666667
2026-09-23T11:00:00Z,Braum/Zoe (FR/MT),63,0.09375
2026-09-23T12:00:00Z,Other,565,0.70625
2026-09-23T12:00:00Z,Bard/Norra (BC/RU),11,0.01375
2026-09-23T12:00:00Z,Caitlyn/Teemo (FR/PZ),7,0.00875
2026-09-23T12:00:00Z,Ezreal/Seraphine (BC/PZ),4,0.005
2026-09-23T12:00:00Z,Draven/Jinx (NX/PZ),12,0.015
2026-09-23T12:00:00Z,Nilah/Twisted Fate (BW/PZ),21,0.02625
2026-09-23T12:00:00Z,Elder Dragon/Volibear (RU/FR),10,0.0125
2026-09-23T12:00:00Z,Annie/Gwen (NX/SI),16,0.02
2026-09-23T12:00:00Z,Azir/Irelia (IO/SH),23,0.02875
2026-09-23T12:00:00Z,Pyke/Rek'Sai (BW/SH),26,0.0325
2026-09-23T12:00:00Z,Annie/Jhin (RU/NX),33,0.04125
2026-09-23T12:00:00Z,Caitlyn/Teemo (BC/PZ),12,0.015
2026-09-23T12:00:00Z,Braum/Zoe (FR/MT),60,0.075
2026-09-23T13:00:00Z,Other,591,0.690420560747664
2026-09-23T13:00:00Z,Bard/Norra (BC/RU),8,0.00934579439252336
2026-09-23T13:00:00Z,Caitlyn/Teemo (FR/PZ),16,0.0186915887850467
2026-09-23T13:00:00Z,Ezreal/Seraphine (BC/PZ),7,0.00817757009345794
2026-09-23T13:00:00Z,Draven/Jinx (NX/PZ),8,0.00934579439252336
2026-09-23T13:00:00Z,Nilah/Twisted Fate (BW/PZ),9,0.0105140186915888
2026-09-23T13:00:00Z,Elder Dragon/Volibear (RU/FR),8,0.00934579439252336
2026-09-23T13:00:00Z,Annie/Gwen (NX/SI),15,0.0175233644859813
2026-09-23T13:00:00Z,Azir/Irelia (IO/SH),25,0.0292056074766355
2026-09-23T13:00:00Z,Pyke/Rek'Sai (BW/SH),33,0.0385514018691589
2026-09-23T13:00:00Z,Annie/Jhin (RU/NX),28,0.0327102803738318
2026-09-23T13:00:00Z,Caitlyn/Teemo (BC/PZ),27,0.0315420560747664
2026-09-23T13:00:00Z,Braum/Zoe (FR/MT),81,0.0946261682242991
2026-09-23T14:00:00Z,Other,606,0.696551724137931
2026-09-23T14:00:00Z,Bard/Norra (BC/RU),12,0.0137931034482759
2026-09-23T14:00:00Z,Caitlyn/Teemo (FR/PZ),8,0.00919540229885057
2026-09-23T14:00:00Z,Ezreal/Seraphine (BC/PZ),8,0.00919540229885057
2026-09-23T14:00:00Z,Draven/Jinx (NX/PZ),7,0.00804597701149425
2026-09-23T14:00:00Z,Nilah/Twisted Fate (BW/PZ),12,0.0137931034482759
2026-09-23T14:00:00Z,Elder Dragon/Volibear (RU/FR),25,0.028735632183908
2026-09-23T14:00:00Z,Annie/Gwen (NX/SI),18,0.0206896551724138
2026-09-23T14:00:00Z,Azir/Irelia (IO/SH),30,0.0344827586206897
2026-09-23T14:00:00Z,Pyke/Rek'Sai (BW/SH),34,0.0390804597701149
2026-09-23T14:00:00Z,Annie/Jhin (RU/NX),20,0.0229885057471264
2026-09-23T14:00:00Z,Caitlyn/Teemo (BC/PZ),42,0.0482758620689655
2026-09-23T14:00:00Z,Braum/Zoe (FR/MT),48,0.0551724137931035
2026-09-23T15:00:00Z,Other,619,0.667025862068966
2026-09-23T15:00:00Z,Bard/Norra (BC/RU),16,0.0172413793103448
2026-09-23T15:00:00Z,Caitlyn/Teemo (FR/PZ),11,0.0118534482758621
2026-09-23T15:00:00Z,Ezreal/Seraphine (BC/PZ),9,0.00969827586206897
2026-09-23T15:00:00Z,Draven/Jinx (NX/PZ),10,0.0107758620689655
2026-09-23T15:00:00Z,Nilah/Twisted Fate (BW/PZ),12,0.0129310344827586
2026-09-23T15:00:00Z,Elder Dragon/Volibear (RU/FR),24,0.0258620689655172
2026-09-23T15:00:00Z,Annie/Gwen (NX/SI),19,0.0204741379310345
2026-09-23T15:00:00Z,Azir/Irelia (IO/SH),33,0.0355603448275862
2026-09-23T15:00:00Z,Pyke/Rek'Sai (BW/SH),31,0.0334051724137931
2026-09-23T15:00:00Z,Annie/Jhin (RU/NX),25,0.0269396551724138
2026-09-23T15:00:00Z,Caitlyn/Teemo (BC/PZ),36,0.0387931034482759
2026-09-23T15:00:00Z,Braum/Zoe (FR/MT),83,0.0894396551724138
2026-09-23T16:00:00Z,Other,654,0.695744680851064
2026-09-23T16:00:00Z,Bard/Norra (BC/RU),8,0.00851063829787234
2026-09-23T16:00:00Z,Caitlyn/Teemo (FR/PZ),20,0.0212765957446809
2026-09-23T16:00:00Z,Ezreal/Seraphine (BC/PZ),9,0.00957446808510638
2026-09-23T16:00:00Z,Draven/Jinx (NX/PZ),18,0.0191489361702128
2026-09-23T16:00:00Z,Nilah/Twisted Fate (BW/PZ),25,0.0265957446808511
2026-09-23T16:00:00Z,Elder Dragon/Volibear (RU/FR),14,0.0148936170212766
2026-09-23T16:00:00Z,Annie/Gwen (NX/SI),17,0.0180851063829787
2026-09-23T16:00:00Z,Azir/Irelia (IO/SH),11,0.0117021276595745
2026-09-23T16:00:00Z,Pyke/Rek'Sai (BW/SH),31,0.0329787234042553
2026-09-23T16:00:00Z,Annie/Jhin (RU/NX),34,0.0361702127659574
2026-09-23T16:00:00Z,Caitlyn/Teemo (BC/PZ),21,0.0223404255319149
2026-09-23T16:00:00Z,Braum/Zoe (FR/MT),78,0.0829787234042553
2026-09-23T17:00:00Z,Other,569,0.685542168674699
2026-09-23T17:00:00Z,Bard/Norra (BC/RU),1,0.00120481927710843
2026-09-23T17:00:00Z,Caitlyn/Teemo (FR/PZ),9,0.0108433734939759
2026-09-23T17:00:00Z,Ezreal/Seraphine (BC/PZ),6,0.0072289156626506
2026-09-23T17:00:00Z,Draven/Jinx (NX/PZ),4,0.00481927710843374
2026-09-23T17:00:00Z,Nilah/Twisted Fate (BW/PZ),16,0.0192771084337349
2026-09-23T17:00:00Z,Elder Dragon/Volibear (RU/FR),10,0.0120481927710843
2026-09-23T17:00:00Z,Annie/Gwen (NX/SI),11,0.0132530120481928
2026-09-23T17:00:00Z,Azir/Irelia (IO/SH),20,0.0240963855421687
2026-09-23T17:00:00Z,Pyke/Rek'Sai (BW/SH),26,0.0313253012048193
2026-09-23T17:00:00Z,Annie/Jhin (RU/NX),29,0.0349397590361446
2026-09-23T17:00:00Z,Caitlyn/Teemo (BC/PZ),27,0.0325301204819277
2026-09-23T17:00:00Z,Braum/Zoe (FR/MT),102,0.12289156626506
2026-09-23T18:00:00Z,Other,568,0.71356783919598
2026-09-23T18:00:00Z,Bard/Norra (BC/RU),2,0.00251256281407035
2026-09-23T18:00:00Z,Caitlyn/Teemo (FR/PZ),8,0.0100502512562814
2026-09-23T18:00:00Z,Ezreal/Seraphine (BC/PZ),6,0.00753768844221106
2026-09-23T18:00:00Z,Draven/Jinx (NX/PZ),5,0.00628140703517588
2026-09-23T18:00:00Z,Nilah/Twisted Fate (BW/PZ),20,0.0251256281407035
2026-09-23T18:00:00Z,Elder Dragon/Volibear (RU/FR),11,0.0138190954773869
2026-09-23T18:00:00Z,Annie/Gwen (NX/SI),14,0.0175879396984925
2026-09-23T18:00:00Z,Azir/Irelia (IO/SH),20,0.0251256281407035
2026-09-23T18:00:00Z,Pyke/Rek'Sai (BW/SH),26,0.0326633165829146
2026-09-23T18:00:00Z,Annie/Jhin (RU/NX),21,0.0263819095477387
2026-09-23T18:00:00Z,Caitlyn/Teemo (BC/PZ),26,0.0326633165829146
2026-09-23T18:00:00Z,Braum/Zoe (FR/MT),69,0.0866834170854271
2026-09-23T19:00:00Z,Other,555,0.665467625899281
2026-09-23T19:00:00Z,Bard/Norra (BC/RU),7,0.00839328537170264
2026-09-23T19:00:00Z,Caitlyn/Teemo (FR/PZ),15,0.0179856115107914
2026-09-23T19:00:00Z,Ezreal/Seraphine (BC/PZ),4,0.00479616306954436
2026-09-23T19:00:00Z,Draven/Jinx (NX/PZ),16,0.0191846522781775
2026-09-23T19:00:00Z,Nilah/Twisted Fate (BW/PZ),10,0.0119904076738609
2026-09-23T19:00:00Z,Elder Dragon/Volibear (RU/FR),17,0.0203836930455636
2026-09-23T19:00:00Z,Annie/Gwen (NX/SI),22,0.026378896882494
2026-09-23T19:00:00Z,Azir/Irelia (IO/SH),25,0.0299760191846523
2026-09-23T19:00:00Z,Pyke/Rek'Sai (BW/SH),38,0.0455635491606715
2026-09-23T19:00:00Z,Annie/Jhin (RU/NX),24,0.0287769784172662
2026-09-23T19:00:00Z,Caitlyn/Teemo (BC/PZ),31,0.0371702637889688
2026-09-23T19:00:00Z,Braum/Zoe (FR/MT),70,0.0839328537170264
2026-09-23T20:00:00Z,Other,566,0.681927710843373
2026-09-23T20:00:00Z,Bard/Norra (BC/RU),11,0.0132530120481928
2026-09-23T20:00:00Z,Caitlyn/Teemo (FR/PZ),4,0.00481927710843374
2026-09-23T20:00:00Z,Ezreal/Seraphine (BC/PZ),8,0.00963855421686747
2026-09-23T20:00:00Z,Draven/Jinx (NX/PZ),3,0.0036144578313253
2026-09-23T20:00:00Z,Nilah/Twisted Fate (BW/PZ),15,0.0180722891566265
2026-09-23T20:00:00Z,Elder Dragon/Volibear (RU/FR),16,0.0192771084337349
2026-09-23T20:00:00Z,Annie/Gwen (NX/SI),27,0.0325301204819277
2026-09-23T20:00:00Z,Azir/Irelia (IO/SH),29,0.0349397590361446
2026-09-23T20:00:00Z,Pyke/Rek'Sai (BW/SH),25,0.0301204819277108
2026-09-23T20:00:00Z,Annie/Jhin (RU/NX),31,0.0373493975903615
2026-09-23T20:00:00Z,Caitlyn/Teemo (BC/PZ),42,0.0506024096385542
2026-09-23T20:00:00Z,Braum/Zoe (FR/MT),53,0.063855421686747
2026-09-23T21:00:00Z,Other,602,0.662995594713657
2026-09-23T21:00:00Z,Bard/Norra (BC/RU),11,0.0121145374449339
2026-09-23T21:00:00Z,Caitlyn/Teemo (FR/PZ),10,0.0110132158590308
2026-09-23T21:00:00Z,Ezreal/Seraphine (BC/PZ),15,0.0165198237885463
2026-09-23T21:00:00Z,Draven/Jinx (NX/PZ),6,0.0066079295154185
2026-09-23T21:00:00Z,Nilah/Twisted Fate (BW/PZ),26,0.0286343612334802
2026-09-23T21:00:00Z,Elder Dragon/Volibear (RU/FR),23,0.0253303964757709
2026-09-23T21:00:00Z,Annie/Gwen (NX/SI),30,0.0330396475770925
2026-09-23T21:00:00Z,Azir/Irelia (IO/SH),38,0.0418502202643172
2026-09-23T21:00:00Z,Pyke/Rek'Sai (BW/SH),40,0.0440528634361234
2026-09-23T21:00:00Z,Annie/Jhin (RU/NX),12,0.013215859030837
2026-09-23T21:00:00Z,Caitlyn/Teemo (BC/PZ),37,0.0407488986784141
2026-09-23T21:00:00Z,Braum/Zoe (FR/MT),58,0.0638766519823789
2026-09-23T22:00:00Z,Other,505,0.709269662921348
2026-09-23T22:00:00Z,Bard/Norra (BC/RU),7,0.0098314606741573
2026-09-23T22:00:00Z,Caitlyn/Teemo (FR/PZ),7,0.0098314606741573
2026-09-23T22:00:00Z,Ezreal/Seraphine (BC/PZ),15,0.0210674157303371
2026-09-23T22:00:00Z,Draven/Jinx (NX/PZ),3,0.00421348314606742
2026-09-23T22:00:00Z,Nilah/Twisted Fate (BW/PZ),12,0.0168539325842697
2026-09-23T22:00:00Z,Elder Dragon/Volibear (RU/FR),16,0.0224719101123596
2026-09-23T22:00:00Z,Annie/Gwen (NX/SI),11,0.0154494382022472
2026-09-23T22:00:00Z,Azir/Irelia (IO/SH),11,0.0154494382022472
2026-09-23T22:00:00Z,Pyke/Rek'Sai (BW/SH),20,0.0280898876404494
2026-09-23T22:00:00Z,Annie/Jhin (RU/NX),20,0.0280898876404494
2026-09-23T22:00:00Z,Caitlyn/Teemo (BC/PZ),34,0.047752808988764
2026-09-23T22:00:00Z,Braum/Zoe (FR/MT),51,0.0716292134831461
2026-09-23T23:00:00Z,Other,525,0.703753351206434
2026-09-23T23:00:00Z,Bard/Norra (BC/RU),7,0.00938337801608579
2026-09-23T23:00:00Z,Caitlyn/Teemo (FR/PZ),1,0.00134048257372654
2026-09-23T23:00:00Z,Ezreal/Seraphine (BC/PZ),14,0.0187667560321716
2026-09-23T23:00:00Z,Draven/Jinx (NX/PZ),12,0.0160857908847185
2026-09-23T23:00:00Z,Nilah/Twisted Fate (BW/PZ),4,0.00536193029490617
2026-09-23T23:00:00Z,Elder Dragon/Volibear (RU/FR),39,0.0522788203753351
2026-09-23T23:00:00Z,Annie/Gwen (NX/SI),8,0.0107238605898123
2026-09-23T23:00:00Z,Azir/Irelia (IO/SH),18,0.0241286863270777
2026-09-23T23:00:00Z,Pyke/Rek'Sai (BW/SH),24,0.032171581769437
2026-09-23T23:00:00Z,Annie/Jhin (RU/NX),21,0.0281501340482574
2026-09-23T23:00:00Z,Caitlyn/Teemo (BC/PZ),26,0.0348525469168901
2026-09-23T23:00:00Z,Braum/Zoe (FR/MT),47,0.0630026809651475
2026-09-24T00:00:00Z,Other,419,0.660883280757098
2026-09-24T00:00:00Z,Bard/Norra (BC/RU),11,0.0173501577287066
2026-09-24T00:00:00Z,Caitlyn/Teemo (FR/PZ),11,0.0173501577287066
2026-09-24T00:00:00Z,Ezreal/Seraphine (BC/PZ),7,0.0110410094637224
2026-09-24T00:00:00Z,Draven/Jinx (NX/PZ),6,0.00946372239747634
2026-09-24T00:00:00Z,Nilah/Twisted Fate (BW/PZ),20,0.0315457413249211
2026-09-24T00:00:00Z,Elder Dragon/Volibear (RU/FR),22,0.0347003154574132
2026-09-24T00:00:00Z,Annie/Gwen (NX/SI),6,0.00946372239747634
2026-09-24T00:00:00Z,Azir/Irelia (IO/SH),17,0.026813880126183
2026-09-24T00:00:00Z,Pyke/Rek'Sai (BW/SH),15,0.0236593059936909
2026-09-24T00:00:00Z,Annie/Jhin (RU/NX),12,0.0189274447949527
2026-09-24T00:00:00Z,Caitlyn/Teemo (BC/PZ),24,0.0378548895899054
2026-09-24T00:00:00Z,Braum/Zoe (FR/MT),64,0.100946372239748
2026-09-24T01:00:00Z,Other,453,0.68429003021148
2026-09-24T01:00:00Z,Bard/Norra (BC/RU),5,0.00755287009063444
2026-09-24T01:00:00Z,Caitlyn/Teemo (FR/PZ),4,0.00604229607250755
2026-09-24T01:00:00Z,Ezreal/Seraphine (BC/PZ),11,0.0166163141993958
2026-09-24T01:00:00Z,Draven/Jinx (NX/PZ),2,0.00302114803625378
2026-09-24T01:00:00Z,Nilah/Twisted Fate (BW/PZ),7,0.0105740181268882
2026-09-24T01:00:00Z,Elder Dragon/Volibear (RU/FR),30,0.0453172205438067
2026-09-24T01:00:00Z,Annie/Gwen (NX/SI),6,0.00906344410876133
2026-09-24T01:00:00Z,Azir/Irelia (IO/SH),25,0.0377643504531722
2026-09-24T01:00:00Z,Pyke/Rek'Sai (BW/SH),22,0.0332326283987915
2026-09-24T01:00:00Z,Annie/Jhin (RU/NX),15,0.0226586102719033
2026-09-24T01:00:00Z,Caitlyn/Teemo (BC/PZ),25,0.0377643504531722
2026-09-24T01:00:00Z,Braum/Zoe (FR/MT),57,0.0861027190332326
2026-09-24T02:00:00Z,Other,484,0.691428571428571
2026-09-24T02:00:00Z,Bard/Norra (BC/RU),3,0.00428571428571429
2026-09-24T02:00:00Z,Caitlyn/Teemo (FR/PZ),2,0.00285714285714286
2026-09-24T02:00:00Z,Ezreal/Seraphine (BC/PZ),2,0.00285714285714286
2026-09-24T02:00:00Z,Draven/Jinx (NX/PZ),6,0.00857142857142857
2026-09-24T02:00:00Z,Nilah/Twisted Fate (BW/PZ),9,0.0128571428571429
2026-09-24T02:00:00Z,Elder Dragon/Volibear (RU/FR),19,0.0271428571428571
2026-09-24T02:00:00Z,Annie/Gwen (NX/SI),10,0.0142857142857143
2026-09-24T02:00:00Z,Azir/Irelia (IO/SH),29,0.0414285714285714
2026-09-24T02:00:00Z,Pyke/Rek'Sai (BW/SH),42,0.06
2026-09-24T02:00:00Z,Annie/Jhin (RU/NX),21,0.03
2026-09-24T02:00:00Z,Caitlyn/Teemo (BC/PZ),30,0.0428571428571429
2026-09-24T02:00:00Z,Braum/Zoe (FR/MT),43,0.0614285714285714
2026-09-24T03:00:00Z,Other,422,0.720136518771331
2026-09-24T03:00:00Z,Bard/Norra (BC/RU),2,0.00341296928327645
2026-09-24T03:00:00Z,Caitlyn/Teemo (FR/PZ),0,0
2026-09-24T03:00:00Z,Ezreal/Seraphine (BC/PZ),1,0.00170648464163823
2026-09-24T03:00:00Z,Draven/Jinx (NX/PZ),6,0.0102389078498294
2026-09-24T03:00:00Z,Nilah/Twisted Fate (BW/PZ),2,0.00341296928327645
2026-09-24T03:00:00Z,Elder Dragon/Volibear (RU/FR),17,0.0290102389078498
2026-09-24T03:00:00Z,Annie/Gwen (NX/SI),9,0.015358361774744
2026-09-24T03:00:00Z,Azir/Irelia (IO/SH),27,0.0460750853242321
2026-09-24T03:00:00Z,Pyke/Rek'Sai (BW/SH),24,0.0409556313993174
2026-09-24T03:00:00Z,Annie/Jhin (RU/NX),25,0.0426621160409556
2026-09-24T03:00:00Z,Caitlyn/Teemo (BC/PZ),17,0.0290102389078498
2026-09-24T03:00:00Z,Braum/Zoe (FR/MT),34,0.0580204778156997
2026-09-24T04:00:00Z,Other,444,0.685185185185185
2026-09-24T04:00:00Z,Bard/Norra (BC/RU),2,0.00308641975308642
2026-09-24T04:00:00Z,Caitlyn/Teemo (FR/PZ),10,0.0154320987654321
2026-09-24T04:00:00Z,Ezreal/Seraphine (BC/PZ),4,0.00617283950617284
2026-09-24T04:00:00Z,Draven/Jinx (NX/PZ),8,0.0123456790123457
2026-09-24T04:00:00Z,Nilah/Twisted Fate (BW/PZ),8,0.0123456790123457
2026-09-24T04:00:00Z,Elder Dragon/Volibear (RU/FR),20,0.0308641975308642
2026-09-24T04:00:00Z,Annie/Gwen (NX/SI),3,0.00462962962962963
2026-09-24T04:00:00Z,Azir/Irelia (IO/SH),28,0.0432098765432099
2026-09-24T04:00:00Z,Pyke/Rek'Sai (BW/SH),19,0.029320987654321
2026-09-24T04:00:00Z,Annie/Jhin (RU/NX),24,0.037037037037037
2026-09-24T04:00:00Z,Caitlyn/Teemo (BC/PZ),21,0.0324074074074074
2026-09-24T04:00:00Z,Braum/Zoe (FR/MT),57,0.087962962962963
2026-09-24T05:00:00Z,Other,423,0.709731543624161
2026-09-24T05:00:00Z,Bard/Norra (BC/RU),1,0.00167785234899329
2026-09-24T05:00:00Z,Caitlyn/Teemo (FR/PZ),14,0.023489932885906
2026-09-24T05:00:00Z,Ezreal/Seraphine (BC/PZ),4,0.00671140939597315
2026-09-24T05:00:00Z,Draven/Jinx (NX/PZ),7,0.011744966442953
2026-09-24T05:00:00Z,Nilah/Twisted Fate (BW/PZ),4,0.00671140939597315
2026-09-24T05:00:00Z,Elder Dragon/Volibear (RU/FR),15,0.0251677852348993
2026-09-24T05:00:00Z,Annie/Gwen (NX/SI),12,0.0201342281879195
2026-09-24T05:00:00Z,Azir/Irelia (IO/SH),25,0.0419463087248322
2026-09-24T05:00:00Z,Pyke/Rek'Sai (BW/SH),15,0.0251677852348993
2026-09-24T05:00:00Z,Annie/Jhin (RU/NX),15,0.0251677852348993
2026-09-24T05:00:00Z,Caitlyn/Teemo (BC/PZ),15,0.0251677852348993
2026-09-24T05:00:00Z,Braum/Zoe (FR/MT),46,0.0771812080536913
2026-09-24T06:00:00Z,Other,393,0.652823920265781
2026-09-24T06:00:00Z,Bard/Norra (BC/RU),4,0.00664451827242525
2026-09-24T06:00:00Z,Caitlyn/Teemo (FR/PZ),7,0.0116279069767442
2026-09-24T06:00:00Z,Ezreal/Seraphine (BC/PZ),2,0.00332225913621262
2026-09-24T06:00:00Z,Draven/Jinx (NX/PZ),5,0.00830564784053156
2026-09-24T06:00:00Z,Nilah/Twisted Fate (BW/PZ),10,0.0166112956810631
2026-09-24T06:00:00Z,Elder Dragon/Volibear (RU/FR),11,0.0182724252491694
2026-09-24T06:00:00Z,Annie/Gwen (NX/SI),7,0.0116279069767442
2026-09-24T06:00:00Z,Azir/Irelia (IO/SH),22,0.0365448504983389
2026-09-24T06:00:00Z,Pyke/Rek'Sai (BW/SH),30,0.0498338870431894
2026-09-24T06:00:00Z,Annie/Jhin (RU/NX),17,0.0282392026578073
2026-09-24T06:00:00Z,Caitlyn/Teemo (BC/PZ),34,0.0564784053156146
2026-09-24T06:00:00Z,Braum/Zoe (FR/MT),60,0.0996677740863787
2026-09-24T07:00:00Z,Other,394,0.670068027210884
2026-09-24T07:00:00Z,Bard/Norra (BC/RU),4,0.00680272108843537
2026-09-24T07:00:00Z,Caitlyn/Teemo (FR/PZ),20,0.0340136054421769
2026-09-24T07:00:00Z,Ezreal/Seraphine (BC/PZ),9,0.0153061224489796
2026-09-24T07:00:00Z,Draven/Jinx (NX/PZ),3,0.00510204081632653
2026-09-24T07:00:00Z,Nilah/Twisted Fate (BW/PZ),3,0.00510204081632653
2026-09-24T07:00:00Z,Elder Dragon/Volibear (RU/FR),5,0.00850340136054422
2026-09-24T07:00:00Z,Annie/Gwen (NX/SI),2,0.00340136054421769
2026-09-24T07:00:00Z,Azir/Irelia (IO/SH),5,0.00850340136054422
2026-09-24T07:00:00Z,Pyke/Rek'Sai (BW/SH),27,0.0459183673469388
2026-09-24T07:00:00Z,Annie/Jhin (RU/NX),22,0.0374149659863946
2026-09-24T07:00:00Z,Caitlyn/Teemo (BC/PZ),30,0.0510204081632653
2026-09-24T07:00:00Z,Braum/Zoe (FR/MT),64,0.108843537414966
2026-09-24T08:00:00Z,Other,374,0.713740458015267
2026-09-24T08:00:00Z,Bard/Norra (BC/RU),1,0.00190839694656489
2026-09-24T08:00:00Z,Caitlyn/Teemo (FR/PZ),1,0.00190839694656489
2026-09-24T08:00:00Z,Ezreal/Seraphine (BC/PZ),1,0.00190839694656489
2026-09-24T08:00:00Z,Draven/Jinx (NX/PZ),2,0.00381679389312977
2026-09-24T08:00:00Z,Nilah/Twisted Fate (BW/PZ),2,0.00381679389312977
2026-09-24T08:00:00Z,Elder Dragon/Volibear (RU/FR),6,0.0114503816793893
2026-09-24T08:00:00Z,Annie/Gwen (NX/SI),8,0.0152671755725191
2026-09-24T08:00:00Z,Azir/Irelia (IO/SH),27,0.0515267175572519
2026-09-24T08:00:00Z,Pyke/Rek'Sai (BW/SH),15,0.0286259541984733
2026-09-24T08:00:00Z,Annie/Jhin (RU/NX),14,0.0267175572519084
2026-09-24T08:00:00Z,Caitlyn/Teemo (BC/PZ),32,0.0610687022900763
2026-09-24T08:00:00Z,Braum/Zoe (FR/MT),41,0.0782442748091603
2026-09-24T09:00:00Z,Other,352,0.63768115942029
2026-09-24T09:00:00Z,Bard/Norra (BC/RU),4,0.0072463768115942
2026-09-24T09:00:00Z,Caitlyn/Teemo (FR/PZ),8,0.0144927536231884
2026-09-24T09:00:00Z,Ezreal/Seraphine (BC/PZ),12,0.0217391304347826
2026-09-24T09:00:00Z,Draven/Jinx (NX/PZ),10,0.0181159420289855
2026-09-24T09:00:00Z,Nilah/Twisted Fate (BW/PZ),12,0.0217391304347826
2026-09-24T09:00:00Z,Elder Dragon/Volibear (RU/FR),8,0.0144927536231884
2026-09-24T09:00:00Z,Annie/Gwen (NX/SI),8,0.0144927536231884
2026-09-24T09:00:00Z,Azir/Irelia (IO/SH),8,0.0144927536231884
2026-09-24T09:00:00Z,Pyke/Rek'Sai (BW/SH),20,0.036231884057971
2026-09-24T09:00:00Z,Annie/Jhin (RU/NX),26,0.0471014492753623
2026-09-24T09:00:00Z,Caitlyn/Teemo (BC/PZ),17,0.0307971014492754
2026-09-24T09:00:00Z,Braum/Zoe (FR/MT),67,0.121376811594203
2026-09-24T10:00:00Z,Other,428,0.646525679758308
2026-09-24T10:00:00Z,Bard/Norra (BC/RU),3,0.00453172205438067
2026-09-24T10:00:00Z,Caitlyn/Teemo (FR/PZ),8,0.0120845921450151
2026-09-24T10:00:00Z,Ezreal/Seraphine (BC/PZ),15,0.0226586102719033
2026-09-24T10:00:00Z,Draven/Jinx (NX/PZ),0,0
2026-09-24T10:00:00Z,Nilah/Twisted Fate (BW/PZ),10,0.0151057401812689
2026-09-24T10:00:00Z,Elder Dragon/Volibear (RU/FR),19,0.0287009063444109
2026-09-24T10:00:00Z,Annie/Gwen (NX/SI),20,0.0302114803625378
2026-09-24T10:00:00Z,Azir/Irelia (IO/SH),22,0.0332326283987915
2026-09-24T10:00:00Z,Pyke/Rek'Sai (BW/SH),15,0.0226586102719033
2026-09-24T10:00:00Z,Annie/Jhin (RU/NX),29,0.0438066465256798
2026-09-24T10:00:00Z,Caitlyn/Teemo (BC/PZ),24,0.0362537764350453
2026-09-24T10:00:00Z,Braum/Zoe (FR/MT),69,0.104229607250755
2026-09-24T11:00:00Z,Other,517,0.722067039106145
2026-09-24T11:00:00Z,Bard/Norra (BC/RU),7,0.00977653631284916
2026-09-24T11:00:00Z,Caitlyn/Teemo (FR/PZ),3,0.00418994413407821
2026-09-24T11:00:00Z,Ezreal/Seraphine (BC/PZ),4,0.00558659217877095
2026-09-24T11:00:00Z,Draven/Jinx (NX/PZ),9,0.0125698324022346
2026-09-24T11:00:00Z,Nilah/Twisted Fate (BW/PZ),7,0.00977653631284916
2026-09-24T11:00:00Z,Elder Dragon/Volibear (RU/FR),10,0.0139664804469274
2026-09-24T11:00:00Z,Annie/Gwen (NX/SI),15,0.0209497206703911
2026-09-24T11:00:00Z,Azir/Irelia (IO/SH),26,0.0363128491620112
2026-09-24T11:00:00Z,Pyke/Rek'Sai (BW/SH),30,0.0418994413407821
2026-09-24T11:00:00Z,Annie/Jhin (RU/NX),32,0.0446927374301676
2026-09-24T11:00:00Z,Caitlyn/Teemo (BC/PZ),15,0.0209497206703911
2026-09-24T11:00:00Z,Braum/Zoe (FR/MT),41,0.0572625698324022
2026-09-24T12:00:00Z,Other,598,0.654266958424508
2026-09-24T12:00:00Z,Bard/Norra (BC/RU),3,0.00328227571115974
2026-09-24T12:00:00Z,Caitlyn/Teemo (FR/PZ),12,0.013129102844639
2026-09-24T12:00:00Z,Ezreal/Seraphine (BC/PZ),18,0.0196936542669584
2026-09-24T12:00:00Z,Draven/Jinx (NX/PZ),16,0.0175054704595186
2026-09-24T12:00:00Z,Nilah/Twisted Fate (BW/PZ),15,0.0164113785557987
2026-09-24T12:00:00Z,Elder Dragon/Volibear (RU/FR),20,0.0218818380743982
2026-09-24T12:00:00Z,Annie/Gwen (NX/SI),28,0.0306345733041576
2026-09-24T12:00:00Z,Azir/Irelia (IO/SH),15,0.0164113785557987
2026-09-24T12:00:00Z,Pyke/Rek'Sai (BW/SH),26,0.0284463894967177
2026-09-24T12:00:00Z,Annie/Jhin (RU/NX),39,0.0426695842450766
2026-09-24T12:00:00Z,Caitlyn/Teemo (BC/PZ),39,0.0426695842450766
2026-09-24T12:00:00Z,Braum/Zoe (FR/MT),85,0.0929978118161926
2026-09-24T13:00:00Z,Other,614,0.677704194260486
2026-09-24T13:00:00Z,Bard/Norra (BC/RU),10,0.011037527593819
2026-09-24T13:00:00Z,Caitlyn/Teemo (FR/PZ),12,0.0132450331125828
2026-09-24T13:00:00Z,Ezreal/Seraphine (BC/PZ),11,0.0121412803532009
2026-09-24T13:00:00Z,Draven/Jinx (NX/PZ),19,0.0209713024282561
2026-09-24T13:00:00Z,Nilah/Twisted Fate (BW/PZ),12,0.0132450331125828
2026-09-24T13:00:00Z,Elder Dragon/Volibear (RU/FR),15,0.0165562913907285
2026-09-24T13:00:00Z,Annie/Gwen (NX/SI),25,0.0275938189845475
2026-09-24T13:00:00Z,Azir/Irelia (IO/SH),20,0.022075055187638
2026-09-24T13:00:00Z,Pyke/Rek'Sai (BW/SH),29,0.0320088300220751
2026-09-24T13:00:00Z,Annie/Jhin (RU/NX),32,0.0353200883002208
2026-09-24T13:00:00Z,Caitlyn/Teemo (BC/PZ),19,0.0209713024282561
2026-09-24T13:00:00Z,Braum/Zoe (FR/MT),88,0.0971302428256071
2026-09-24T14:00:00Z,Other,596,0.660753880266075
2026-09-24T14:00:00Z,Bard/Norra (BC/RU),7,0.00776053215077605
2026-09-24T14:00:00Z,Caitlyn/Teemo (FR/PZ),14,0.0155210643015521
2026-09-24T14:00:00Z,Ezreal/Seraphine (BC/PZ),10,0.0110864745011087
2026-09-24T14:00:00Z,Draven/Jinx (NX/PZ),19,0.0210643015521064
2026-09-24T14:00:00Z,Nilah/Twisted Fate (BW/PZ),5,0.00554323725055432
2026-09-24T14:00:00Z,Elder Dragon/Volibear (RU/FR),22,0.024390243902439
2026-09-24T14:00:00Z,Annie/Gwen (NX/SI),40,0.0443458980044346
2026-09-24T14:00:00Z,Azir/Irelia (IO/SH),19,0.0210643015521064
2026-09-24T14:00:00Z,Pyke/Rek'Sai (BW/SH),17,0.0188470066518847
2026-09-24T14:00:00Z,Annie/Jhin (RU/NX),53,0.0587583148558758
2026-09-24T14:00:00Z,Caitlyn/Teemo (BC/PZ),28,0.0310421286031042
2026-09-24T14:00:00Z,Braum/Zoe (FR/MT),72,0.0798226164079823
2026-09-24T15:00:00Z,Other,619,0.655720338983051
2026-09-24T15:00:00Z,Bard/Norra (BC/RU),7,0.00741525423728814
2026-09-24T15:00:00Z,Caitlyn/Teemo (FR/PZ),9,0.00953389830508475
2026-09-24T15:00:00Z,Ezreal/Seraphine (BC/PZ),11,0.0116525423728814
2026-09-24T15:00:00Z,Draven/Jinx (NX/PZ),24,0.0254237288135593
2026-09-24T15:00:00Z,Nilah/Twisted Fate (BW/PZ),23,0.024364406779661
2026-09-24T15:00:00Z,Elder Dragon/Volibear (RU/FR),33,0.0349576271186441
2026-09-24T15:00:00Z,Annie/Gwen (NX/SI),41,0.0434322033898305
2026-09-24T15:00:00Z,Azir/Irelia (IO/SH),37,0.0391949152542373
2026-09-24T15:00:00Z,Pyke/Rek'Sai (BW/SH),19,0.0201271186440678
2026-09-24T15:00:00Z,Annie/Jhin (RU/NX),35,0.0370762711864407
2026-09-24T15:00:00Z,Caitlyn/Teemo (BC/PZ),17,0.0180084745762712
2026-09-24T15:00:00Z,Braum/Zoe (FR/MT),69,0.0730932203389831
2026-09-24T16:00:00Z,Other,624,0.696428571428571
2026-09-24T16:00:00Z,Bard/Norra (BC/RU),3,0.00334821428571429
2026-09-24T16:00:00Z,Caitlyn/Teemo (FR/PZ),8,0.00892857142857143
2026-09-24T16:00:00Z,Ezreal/Seraphine (BC/PZ),4,0.00446428571428571
2026-09-24T16:00:00Z,Draven/Jinx (NX/PZ),7,0.0078125
2026-09-24T16:00:00Z,Nilah/Twisted Fate (BW/PZ),28,0.03125
2026-09-24T16:00:00Z,Elder Dragon/Volibear (RU/FR),32,0.0357142857142857
2026-09-24T16:00:00Z,Annie/Gwen (NX/SI),29,0.0323660714285714
2026-09-24T16:00:00Z,Azir/Irelia (IO/SH),20,0.0223214285714286
2026-09-24T16:00:00Z,Pyke/Rek'Sai (BW/SH),22,0.0245535714285714
2026-09-24T16:00:00Z,Annie/Jhin (RU/NX),23,0.0256696428571429
2026-09-24T16:00:00Z,Caitlyn/Teemo (BC/PZ),24,0.0267857142857143
2026-09-24T16:00:00Z,Braum/Zoe (FR/MT),72,0.0803571428571429
2026-09-24T17:00:00Z,Other,626,0.680434782608696
2026-09-24T17:00:00Z,Bard/Norra (BC/RU),6,0.00652173913043478
2026-09-24T17:00:00Z,Caitlyn/Teemo (FR/PZ),21,0.0228260869565217
2026-09-24T17:00:00Z,Ezreal/Seraphine (BC/PZ),20,0.0217391304347826
2026-09-24T17:00:00Z,Draven/Jinx (NX/PZ),19,0.0206521739130435
2026-09-24T17:00:00Z,Nilah/Twisted Fate (BW/PZ),26,0.0282608695652174
2026-09-24T17:00:00Z,Elder Dragon/Volibear (RU/FR),22,0.0239130434782609
2026-09-24T17:00:00Z,Annie/Gwen (NX/SI),14,0.0152173913043478
2026-09-24T17:00:00Z,Azir/Irelia (IO/SH),39,0.0423913043478261
2026-09-24T17:00:00Z,Pyke/Rek'Sai (BW/SH),20,0.0217391304347826
2026-09-24T17:00:00Z,Annie/Jhin (RU/NX),17,0.0184782608695652
2026-09-24T17:00:00Z,Caitlyn/Teemo (BC/PZ),43,0.0467391304347826
2026-09-24T17:00:00Z,Braum/Zoe (FR/MT),47,0.0510869565217391
2026-09-24T18:00:00Z,Other,564,0.673031026252983
2026-09-24T18:00:00Z,Bard/Norra (BC/RU),6,0.00715990453460621
2026-09-24T18:00:00Z,Caitlyn/Teemo (FR/PZ),26,0.0310262529832936
2026-09-24T18:00:00Z,Ezreal/Seraphine (BC/PZ),12,0.0143198090692124
2026-09-24T18:00:00Z,Draven/Jinx (NX/PZ),3,0.0035799522673031
2026-09-24T18:00:00Z,Nilah/Twisted Fate (BW/PZ),26,0.0310262529832936
2026-09-24T18:00:00Z,Elder Dragon/Volibear (RU/FR),22,0.0262529832935561
2026-09-24T18:00:00Z,Annie/Gwen (NX/SI),20,0.0238663484486874
2026-09-24T18:00:00Z,Azir/Irelia (IO/SH),36,0.0429594272076372
2026-09-24T18:00:00Z,Pyke/Rek'Sai (BW/SH),24,0.0286396181384248
2026-09-24T18:00:00Z,Annie/Jhin (RU/NX),13,0.0155131264916468
2026-09-24T18:00:00Z,Caitlyn/Teemo (BC/PZ),35,0.0417661097852029
2026-09-24T18:00:00Z,Braum/Zoe (FR/MT),51,0.0608591885441528
2026-09-24T19:00:00Z,Other,506,0.676470588235294
2026-09-24T19:00:00Z,Bard/Norra (BC/RU),9,0.0120320855614973
2026-09-24T19:00:00Z,Caitlyn/Teemo (FR/PZ),12,0.0160427807486631
2026-09-24T19:00:00Z,Ezreal/Seraphine (BC/PZ),17,0.0227272727272727
2026-09-24T19:00:00Z,Draven/Jinx (NX/PZ),6,0.00802139037433155
2026-09-24T19:00:00Z,Nilah/Twisted Fate (BW/PZ),14,0.018716577540107
2026-09-24T19:00:00Z,Elder Dragon/Volibear (RU/FR),15,0.0200534759358289
2026-09-24T19:00:00Z,Annie/Gwen (NX/SI),13,0.017379679144385
2026-09-24T19:00:00Z,Azir/Irelia (IO/SH),25,0.0334224598930481
2026-09-24T19:00:00Z,Pyke/Rek'Sai (BW/SH),20,0.0267379679144385
2026-09-24T19:00:00Z,Annie/Jhin (RU/NX),18,0.0240641711229947
2026-09-24T19:00:00Z,Caitlyn/Teemo (BC/PZ),37,0.0494652406417112
2026-09-24T19:00:00Z,Braum/Zoe (FR/MT),56,0.0748663101604278
2026-09-24T20:00:00Z,Other,555,0.692019950124688
2026-09-24T20:00:00Z,Bard/Norra (BC/RU),14,0.0174563591022444
2026-09-24T20:00:00Z,Caitlyn/Teemo (FR/PZ),11,0.013715710723192
2026-09-24T20:00:00Z,Ezreal/Seraphine (BC/PZ),14,0.0174563591022444
2026-09-24T20:00:00Z,Draven/Jinx (NX/PZ),15,0.0187032418952618
2026-09-24T20:00:00Z,Nilah/Twisted Fate (BW/PZ),16,0.0199501246882793
2026-09-24T20:00:00Z,Elder Dragon/Volibear (RU/FR),7,0.00872817955112219
2026-09-24T20:00:00Z,Annie/Gwen (NX/SI),14,0.0174563591022444
2026-09-24T20:00:00Z,Azir/Irelia (IO/SH),21,0.0261845386533666
2026-09-24T20:00:00Z,Pyke/Rek'Sai (BW/SH),17,0.0211970074812968
2026-09-24T20:00:00Z,Annie/Jhin (RU/NX),20,0.0249376558603491
2026-09-24T20:00:00Z,Caitlyn/Teemo (BC/PZ),27,0.0336658354114713
2026-09-24T20:00:00Z,Braum/Zoe (FR/MT),71,0.0885286783042394
2026-09-24T21:00:00Z,Other,511,0.679521276595745
2026-09-24T21:00:00Z,Bard/Norra (BC/RU),7,0.00930851063829787
2026-09-24T21:00:00Z,Caitlyn/Teemo (FR/PZ),4,0.00531914893617021
2026-09-24T21:00:00Z,Ezreal/Seraphine (BC/PZ),6,0.00797872340425532
2026-09-24T21:00:00Z,Draven/Jinx (NX/PZ),13,0.0172872340425532
2026-09-24T21:00:00Z,Nilah/Twisted Fate (BW/PZ),20,0.0265957446808511
2026-09-24T21:00:00Z,Elder Dragon/Volibear (RU/FR),6,0.00797872340425532
2026-09-24T21:00:00Z,Annie/Gwen (NX/SI),6,0.00797872340425532
2026-09-24T21:00:00Z,Azir/Irelia (IO/SH),33,0.0438829787234043
2026-09-24T21:00:00Z,Pyke/Rek'Sai (BW/SH),26,0.0345744680851064
2026-09-24T21:00:00Z,Annie/Jhin (RU/NX),28,0.0372340425531915
2026-09-24T21:00:00Z,Caitlyn/Teemo (BC/PZ),24,0.0319148936170213
2026-09-24T21:00:00Z,Braum/Zoe (FR/MT),68,0.0904255319148936
2026-09-24T22:00:00Z,Other,511,0.721751412429379
2026-09-24T22:00:00Z,Bard/Norra (BC/RU),7,0.00988700564971752
2026-09-24T22:00:00Z,Caitlyn/Teemo (FR/PZ),3,0.00423728813559322
2026-09-24T22:00:00Z,Ezreal/Seraphine (BC/PZ),9,0.0127118644067797
2026-09-24T22:00:00Z,Draven/Jinx (NX/PZ),8,0.0112994350282486
2026-09-24T22:00:00Z,Nilah/Twisted Fate (BW/PZ),19,0.0268361581920904
2026-09-24T22:00:00Z,Elder Dragon/Volibear (RU/FR),13,0.018361581920904
2026-09-24T22:00:00Z,Annie/Gwen (NX/SI),3,0.00423728813559322
2026-09-24T22:00:00Z,Azir/Irelia (IO/SH),23,0.0324858757062147
2026-09-24T22:00:00Z,Pyke/Rek'Sai (BW/SH),22,0.0310734463276836
2026-09-24T22:00:00Z,Annie/Jhin (RU/NX),13,0.018361581920904
2026-09-24T22:00:00Z,Caitlyn/Teemo (BC/PZ),25,0.0353107344632768
2026-09-24T22:00:00Z,Braum/Zoe (FR/MT),52,0.0734463276836158
2026-09-24T23:00:00Z,Other,460,0.703363914373089
2026-09-24T23:00:00Z,Bard/Norra (BC/RU),6,0.0091743119266055
2026-09-24T23:00:00Z,Caitlyn/Teemo (FR/PZ),9,0.0137614678899083
2026-09-24T23:00:00Z,Ezreal/Seraphine (BC/PZ),13,0.0198776758409786
2026-09-24T23:00:00Z,Draven/Jinx (NX/PZ),9,0.0137614678899083
2026-09-24T23:00:00Z,Nilah/Twisted Fate (BW/PZ),6,0.0091743119266055
2026-09-24T23:00:00Z,Elder Dragon/Volibear (RU/FR),13,0.0198776758409786
2026-09-24T23:00:00Z,Annie/Gwen (NX/SI),4,0.00611620795107034
2026-09-24T23:00:00Z,Azir/Irelia (IO/SH),28,0.0428134556574924
2026-09-24T23:00:00Z,Pyke/Rek'Sai (BW/SH),26,0.0397553516819572
2026-09-24T23:00:00Z,Annie/Jhin (RU/NX),18,0.0275229357798165
2026-09-24T23:00:00Z,Caitlyn/Teemo (BC/PZ),16,0.0244648318042813
2026-09-24T23:00:00Z,Braum/Zoe (FR/MT),46,0.0703363914373089
2026-09-25T00:00:00Z,Other,535,0.696614583333333
2026-09-25T00:00:00Z,Bard/Norra (BC/RU),5,0.00651041666666667
2026-09-25T00:00:00Z,Caitlyn/Teemo (FR/PZ),7,0.00911458333333333
2026-09-25T00:00:00Z,Ezreal/Seraphine (BC/PZ),7,0.00911458333333333
2026-09-25T00:00:00Z,Draven/Jinx (NX/PZ),24,0.03125
2026-09-25T00:00:00Z,Nilah/Twisted Fate (BW/PZ),10,0.0130208333333333
2026-09-25T00:00:00Z,Elder Dragon/Volibear (RU/FR),20,0.0260416666666667
2026-09-25T00:00:00Z,Annie/Gwen (NX/SI),10,0.0130208333333333
2026-09-25T00:00:00Z,Azir/Irelia (IO/SH),24,0.03125
2026-09-25T00:00:00Z,Pyke/Rek'Sai (BW/SH),26,0.0338541666666667
2026-09-25T00:00:00Z,Annie/Jhin (RU/NX),28,0.0364583333333333
2026-09-25T00:00:00Z,Caitlyn/Teemo (BC/PZ),19,0.0247395833333333
2026-09-25T00:00:00Z,Braum/Zoe (FR/MT),53,0.0690104166666667
2026-09-25T01:00:00Z,Other,477,0.736111111111111
2026-09-25T01:00:00Z,Bard/Norra (BC/RU),2,0.00308641975308642
2026-09-25T01:00:00Z,Caitlyn/Teemo (FR/PZ),3,0.00462962962962963
2026-09-25T01:00:00Z,Ezreal/Seraphine (BC/PZ),2,0.00308641975308642
2026-09-25T01:00:00Z,Draven/Jinx (NX/PZ),11,0.0169753086419753
2026-09-25T01:00:00Z,Nilah/Twisted Fate (BW/PZ),12,0.0185185185185185
2026-09-25T01:00:00Z,Elder Dragon/Volibear (RU/FR),14,0.0216049382716049
2026-09-25T01:00:00Z,Annie/Gwen (NX/SI),3,0.00462962962962963
2026-09-25T01:00:00Z,Azir/Irelia (IO/SH),23,0.0354938271604938
2026-09-25T01:00:00Z,Pyke/Rek'Sai (BW/SH),7,0.0108024691358025
2026-09-25T01:00:00Z,Annie/Jhin (RU/NX),17,0.0262345679012346
2026-09-25T01:00:00Z,Caitlyn/Teemo (BC/PZ),25,0.0385802469135802
2026-09-25T01:00:00Z,Braum/Zoe (FR/MT),52,0.0802469135802469
2026-09-25T02:00:00Z,Other,372,0.63481228668942
2026-09-25T02:00:00Z,Bard/Norra (BC/RU),5,0.00853242320819113
2026-09-25T02:00:00Z,Caitlyn/Teemo (FR/PZ),16,0.0273037542662116
2026-09-25T02:00:00Z,Ezreal/Seraphine (BC/PZ),14,0.0238907849829352
2026-09-25T02:00:00Z,Draven/Jinx (NX/PZ),8,0.0136518771331058
2026-09-25T02:00:00Z,Nilah/Twisted Fate (BW/PZ),5,0.00853242320819113
2026-09-25T02:00:00Z,Elder Dragon/Volibear (RU/FR),9,0.015358361774744
2026-09-25T02:00:00Z,Annie/Gwen (NX/SI),6,0.0102389078498294
2026-09-25T02:00:00Z,Azir/Irelia (IO/SH),37,0.0631399317406143
2026-09-25T02:00:00Z,Pyke/Rek'Sai (BW/SH),23,0.0392491467576792
2026-09-25T02:00:00Z,Annie/Jhin (RU/NX),20,0.0341296928327645
2026-09-25T02:00:00Z,Caitlyn/Teemo (BC/PZ),26,0.0443686006825939
2026-09-25T02:00:00Z,Braum/Zoe (FR/MT),45,0.0767918088737201
2026-09-25T03:00:00Z,Other,434,0.693290734824281
2026-09-25T03:00:00Z,Bard/Norra (BC/RU),17,0.0271565495207668
2026-09-25T03:00:00Z,Caitlyn/Teemo (FR/PZ),7,0.0111821086261981
2026-09-25T03:00:00Z,Ezreal/Seraphine (BC/PZ),11,0.0175718849840256
2026-09-25T03:00:00Z,Draven/Jinx (NX/PZ),1,0.00159744408945687
2026-09-25T03:00:00Z,Nilah/Twisted Fate (BW/PZ),7,0.0111821086261981
2026-09-25T03:00:00Z,Elder Dragon/Volibear (RU/FR),10,0.0159744408945687
2026-09-25T03:00:00Z,Annie/Gwen (NX/SI),11,0.0175718849840256
2026-09-25T03:00:00Z,Azir/Irelia (IO/SH),31,0.0495207667731629
2026-09-25T03:00:00Z,Pyke/Rek'Sai (BW/SH),24,0.0383386581469649
2026-09-25T03:00:00Z,Annie/Jhin (RU/NX),9,0.0143769968051118
2026-09-25T03:00:00Z,Caitlyn/Teemo (BC/PZ),12,0.0191693290734824
2026-09-25T03:00:00Z,Braum/Zoe (FR/MT),52,0.0830670926517572
2026-09-25T04:00:00Z,Other,399,0.683219178082192
2026-09-25T04:00:00Z,Bard/Norra (BC/RU),7,0.011986301369863
2026-09-25T04:00:00Z,Caitlyn/Teemo (FR/PZ),10,0.0171232876712329
2026-09-25T04:00:00Z,Ezreal/Seraphine (BC/PZ),17,0.0291095890410959
2026-09-25T04:00:00Z,Draven/Jinx (NX/PZ),6,0.0102739726027397
2026-09-25T04:00:00Z,Nilah/Twisted Fate (BW/PZ),4,0.00684931506849315
2026-09-25T04:00:00Z,Elder Dragon/Volibear (RU/FR),10,0.0171232876712329
2026-09-25T04:00:00Z,Annie/Gwen (NX/SI),9,0.0154109589041096
2026-09-25T04:00:00Z,Azir/Irelia (IO/SH),17,0.0291095890410959
2026-09-25T04:00:00Z,Pyke/Rek'Sai (BW/SH),21,0.035958904109589
2026-09-25T04:00:00Z,Annie/Jhin (RU/NX),11,0.0188356164383562
2026-09-25T04:00:00Z,Caitlyn/Teemo (BC/PZ),21,0.035958904109589
2026-09-25T04:00:00Z,Braum/Zoe (FR/MT),52,0.089041095890411
2026-09-25T05:00:00Z,Other,389,0.697132616487455
2026-09-25T05:00:00Z,Bard/Norra (BC/RU),3,0.00537634408602151
2026-09-25T05:00:00Z,Caitlyn/Teemo (FR/PZ),6,0.010752688172043
2026-09-25T05:00:00Z,Ezreal/Seraphine (BC/PZ),10,0.017921146953405
2026-09-25T05:00:00Z,Draven/Jinx (NX/PZ),6,0.010752688172043
2026-09-25T05:00:00Z,Nilah/Twisted Fate (BW/PZ),4,0.00716845878136201
2026-09-25T05:00:00Z,Elder Dragon/Volibear (RU/FR),23,0.0412186379928315
2026-09-25T05:00:00Z,Annie/Gwen (NX/SI),9,0.0161290322580645
2026-09-25T05:00:00Z,Azir/Irelia (IO/SH),15,0.0268817204301075
2026-09-25T05:00:00Z,Pyke/Rek'Sai (BW/SH),14,0.025089605734767
2026-09-25T05:00:00Z,Annie/Jhin (RU/NX),8,0.014336917562724
2026-09-25T05:00:00Z,Caitlyn/Teemo (BC/PZ),12,0.021505376344086
2026-09-25T05:00:00Z,Braum/Zoe (FR/MT),59,0.10573476702509
2026-09-25T06:00:00Z,Other,359,0.674812030075188
2026-09-25T06:00:00Z,Bard/Norra (BC/RU),3,0.0056390977443609
2026-09-25T06:00:00Z,Caitlyn/Teemo (FR/PZ),7,0.0131578947368421
2026-09-25T06:00:00Z,Ezreal/Seraphine (BC/PZ),9,0.0169172932330827
2026-09-25T06:00:00Z,Draven/Jinx (NX/PZ),10,0.018796992481203
2026-09-25T06:00:00Z,Nilah/Twisted Fate (BW/PZ),6,0.0112781954887218
2026-09-25T06:00:00Z,Elder Dragon/Volibear (RU/FR),15,0.0281954887218045
2026-09-25T06:00:00Z,Annie/Gwen (NX/SI),8,0.0150375939849624
2026-09-25T06:00:00Z,Azir/Irelia (IO/SH),7,0.0131578947368421
2026-09-25T06:00:00Z,Pyke/Rek'Sai (BW/SH),17,0.0319548872180451
2026-09-25T06:00:00Z,Annie/Jhin (RU/NX),12,0.0225563909774436
2026-09-25T06:00:00Z,Caitlyn/Teemo (BC/PZ),22,0.0413533834586466
2026-09-25T06:00:00Z,Braum/Zoe (FR/MT),57,0.107142857142857
2026-09-25T07:00:00Z,Other,465,0.717592592592593
2026-09-25T07:00:00Z,Bard/Norra (BC/RU),4,0.00617283950617284
2026-09-25T07:00:00Z,Caitlyn/Teemo (FR/PZ),16,0.0246913580246914
2026-09-25T07:00:00Z,Ezreal/Seraphine (BC/PZ),12,0.0185185185185185
2026-09-25T07:00:00Z,Draven/Jinx (NX/PZ),3,0.00462962962962963
2026-09-25T07:00:00Z,Nilah/Twisted Fate (BW/PZ),6,0.00925925925925926
2026-09-25T07:00:00Z,Elder Dragon/Volibear (RU/FR),4,0.00617283950617284
2026-09-25T07:00:00Z,Annie/Gwen (NX/SI),7,0.0108024691358025
2026-09-25T07:00:00Z,Azir/Irelia (IO/SH),18,0.0277777777777778
2026-09-25T07:00:00Z,Pyke/Rek'Sai (BW/SH),18,0.0277777777777778
2026-09-25T07:00:00Z,Annie/Jhin (RU/NX),23,0.0354938271604938
2026-09-25T07:00:00Z,Caitlyn/Teemo (BC/PZ),21,0.0324074074074074
2026-09-25T07:00:00Z,Braum/Zoe (FR/MT),51,0.0787037037037037
2026-09-25T08:00:00Z,Other,393,0.730483271375465
2026-09-25T08:00:00Z,Bard/Norra (BC/RU),7,0.0130111524163569
2026-09-25T08:00:00Z,Caitlyn/Teemo (FR/PZ),9,0.016728624535316
2026-09-25T08:00:00Z,Ezreal/Seraphine (BC/PZ),10,0.0185873605947955
2026-09-25T08:00:00Z,Draven/Jinx (NX/PZ),3,0.00557620817843866
2026-09-25T08:00:00Z,Nilah/Twisted Fate (BW/PZ),7,0.0130111524163569
2026-09-25T08:00:00Z,Elder Dragon/Volibear (RU/FR),7,0.0130111524163569
2026-09-25T08:00:00Z,Annie/Gwen (NX/SI),17,0.0315985130111524
2026-09-25T08:00:00Z,Azir/Irelia (IO/SH),16,0.0297397769516729
2026-09-25T08:00:00Z,Pyke/Rek'Sai (BW/SH),11,0.0204460966542751
2026-09-25T08:00:00Z,Annie/Jhin (RU/NX),7,0.0130111524163569
2026-09-25T08:00:00Z,Caitlyn/Teemo (BC/PZ),7,0.0130111524163569
2026-09-25T08:00:00Z,Braum/Zoe (FR/MT),44,0.0817843866171004
2026-09-25T09:00:00Z,Other,426,0.700657894736842
2026-09-25T09:00:00Z,Bard/Norra (BC/RU),6,0.00986842105263158
2026-09-25T09:00:00Z,Caitlyn/Teemo (FR/PZ),12,0.0197368421052632
2026-09-25T09:00:00Z,Ezreal/Seraphine (BC/PZ),14,0.0230263157894737
2026-09-25T09:00:00Z,Draven/Jinx (NX/PZ),14,0.0230263157894737
2026-09-25T09:00:00Z,Nilah/Twisted Fate (BW/PZ),11,0.0180921052631579
2026-09-25T09:00:00Z,Elder Dragon/Volibear (RU/FR),9,0.0148026315789474
2026-09-25T09:00:00Z,Annie/Gwen (NX/SI),14,0.0230263157894737
2026-09-25T09:00:00Z,Azir/Irelia (IO/SH),13,0.0213815789473684
2026-09-25T09:00:00Z,Pyke/Rek'Sai (BW/SH),24,0.0394736842105263
2026-09-25T09:00:00Z,Annie/Jhin (RU/NX),11,0.0180921052631579
2026-09-25T09:00:00Z,Caitlyn/Teemo (BC/PZ),16,0.0263157894736842
2026-09-25T09:00:00Z,Braum/Zoe (FR/MT),38,0.0625
2026-09-25T10:00:00Z,Other,428,0.675078864353312
2026-09-25T10:00:00Z,Bard/Norra (BC/RU),3,0.00473186119873817
2026-09-25T10:00:00Z,Caitlyn/Teemo (FR/PZ),10,0.0157728706624606
2026-09-25T10:00:00Z,Ezreal/Seraphine (BC/PZ),2,0.00315457413249211
2026-09-25T10:00:00Z,Draven/Jinx (NX/PZ),3,0.00473186119873817
2026-09-25T10:00:00Z,Nilah/Twisted Fate (BW/PZ),7,0.0110410094637224
2026-09-25T10:00:00Z,Elder Dragon/Volibear (RU/FR),18,0.028391167192429
2026-09-25T10:00:00Z,Annie/Gwen (NX/SI),16,0.0252365930599369
2026-09-25T10:00:00Z,Azir/Irelia (IO/SH),13,0.0205047318611987
2026-09-25T10:00:00Z,Pyke/Rek'Sai (BW/SH),12,0.0189274447949527
2026-09-25T10:00:00Z,Annie/Jhin (RU/NX),26,0.0410094637223975
2026-09-25T10:00:00Z,Caitlyn/Teemo (BC/PZ),22,0.0347003154574132
2026-09-25T10:00:00Z,Braum/Zoe (FR/MT),74,0.116719242902208
2026-09-25T11:00:00Z,Other,454,0.630555555555556
2026-09-25T11:00:00Z,Bard/Norra (BC/RU),6,0.00833333333333333
2026-09-25T11:00:00Z,Caitlyn/Teemo (FR/PZ),7,0.00972222222222222
2026-09-25T11:00:00Z,Ezreal/Seraphine (BC/PZ),10,0.0138888888888889
2026-09-25T11:00:00Z,Draven/Jinx (NX/PZ),7,0.00972222222222222
2026-09-25T11:00:00Z,Nilah/Twisted Fate (BW/PZ),16,0.0222222222222222
2026-09-25T11:00:00Z,Elder Dragon/Volibear (RU/FR),11,0.0152777777777778
2026-09-25T11:00:00Z,Annie/Gwen (NX/SI),14,0.0194444444444444
2026-09-25T11:00:00Z,Azir/Irelia (IO/SH),26,0.0361111111111111
2026-09-25T11:00:00Z,Pyke/Rek'Sai (BW/SH),37,0.0513888888888889
2026-09-25T11:00:00Z,Annie/Jhin (RU/NX),34,0.0472222222222222
2026-09-25T11:00:00Z,Caitlyn/Teemo (BC/PZ),18,0.025
2026-09-25T11:00:00Z,Braum/Zoe (FR/MT),80,0.111111111111111
2026-09-25T12:00:00Z,Other,535,0.655637254901961
2026-09-25T12:00:00Z,Bard/Norra (BC/RU),4,0.00490196078431373
2026-09-25T12:00:00Z,Caitlyn/Teemo (FR/PZ),16,0.0196078431372549
2026-09-25T12:00:00Z,Ezreal/Seraphine (BC/PZ),11,0.0134803921568627
2026-09-25T12:00:00Z,Draven/Jinx (NX/PZ),11,0.0134803921568627
2026-09-25T12:00:00Z,Nilah/Twisted Fate (BW/PZ),16,0.0196078431372549
2026-09-25T12:00:00Z,Elder Dragon/Volibear (RU/FR),11,0.0134803921568627
2026-09-25T12:00:00Z,Annie/Gwen (NX/SI),11,0.0134803921568627
2026-09-25T12:00:00Z,Azir/Irelia (IO/SH),20,0.0245098039215686
2026-09-25T12:00:00Z,Pyke/Rek'Sai (BW/SH),21,0.0257352941176471
2026-09-25T12:00:00Z,Annie/Jhin (RU/NX),44,0.053921568627451
2026-09-25T12:00:00Z,Caitlyn/Teemo (BC/PZ),25,0.0306372549019608
2026-09-25T12:00:00Z,Braum/Zoe (FR/MT),91,0.111519607843137
2026-09-25T13:00:00Z,Other,635,0.675531914893617
2026-09-25T13:00:00Z,Bard/Norra (BC/RU),3,0.00319148936170213
2026-09-25T13:00:00Z,Caitlyn/Teemo (FR/PZ),9,0.00957446808510638
2026-09-25T13:00:00Z,Ezreal/Seraphine (BC/PZ),20,0.0212765957446809
2026-09-25T13:00:00Z,Draven/Jinx (NX/PZ),10,0.0106382978723404
2026-09-25T13:00:00Z,Nilah/Twisted Fate (BW/PZ),14,0.0148936170212766
2026-09-25T13:00:00Z,Elder Dragon/Volibear (RU/FR),40,0.0425531914893617
2026-09-25T13:00:00Z,Annie/Gwen (NX/SI),17,0.0180851063829787
2026-09-25T13:00:00Z,Azir/Irelia (IO/SH),35,0.0372340425531915
2026-09-25T13:00:00Z,Pyke/Rek'Sai (BW/SH),17,0.0180851063829787
2026-09-25T13:00:00Z,Annie/Jhin (RU/NX),24,0.025531914893617
2026-09-25T13:00:00Z,Caitlyn/Teemo (BC/PZ),37,0.0393617021276596
2026-09-25T13:00:00Z,Braum/Zoe (FR/MT),79,0.0840425531914894
2026-09-25T14:00:00Z,Other,653,0.697649572649573
2026-09-25T14:00:00Z,Bard/Norra (BC/RU),8,0.00854700854700855
2026-09-25T14:00:00Z,Caitlyn/Teemo (FR/PZ),8,0.00854700854700855
2026-09-25T14:00:00Z,Ezreal/Seraphine (BC/PZ),19,0.0202991452991453
2026-09-25T14:00:00Z,Draven/Jinx (NX/PZ),14,0.014957264957265
2026-09-25T14:00:00Z,Nilah/Twisted Fate (BW/PZ),10,0.0106837606837607
2026-09-25T14:00:00Z,Elder Dragon/Volibear (RU/FR),35,0.0373931623931624
2026-09-25T14:00:00Z,Annie/Gwen (NX/SI),15,0.016025641025641
2026-09-25T14:00:00Z,Azir/Irelia (IO/SH),27,0.0288461538461538
2026-09-25T14:00:00Z,Pyke/Rek'Sai (BW/SH),27,0.0288461538461538
2026-09-25T14:00:00Z,Annie/Jhin (RU/NX),17,0.0181623931623932
2026-09-25T14:00:00Z,Caitlyn/Teemo (BC/PZ),21,0.0224358974358974
2026-09-25T14:00:00Z,Braum/Zoe (FR/MT),82,0.0876068376068376
2026-09-25T15:00:00Z,Other,669,0.728758169934641
2026-09-25T15:00:00Z,Bard/Norra (BC/RU),10,0.0108932461873638
2026-09-25T15:00:00Z,Caitlyn/Teemo (FR/PZ),9,0.00980392156862745
2026-09-25T15:00:00Z,Ezreal/Seraphine (BC/PZ),8,0.00871459694989107
2026-09-25T15:00:00Z,Draven/Jinx (NX/PZ),6,0.0065359477124183
2026-09-25T15:00:00Z,Nilah/Twisted Fate (BW/PZ),11,0.0119825708061002
2026-09-25T15:00:00Z,Elder Dragon/Volibear (RU/FR),24,0.0261437908496732
2026-09-25T15:00:00Z,Annie/Gwen (NX/SI),13,0.014161220043573
2026-09-25T15:00:00Z,Azir/Irelia (IO/SH),30,0.0326797385620915
2026-09-25T15:00:00Z,Pyke/Rek'Sai (BW/SH),15,0.0163398692810458
2026-09-25T15:00:00Z,Annie/Jhin (RU/NX),18,0.0196078431372549
2026-09-25T15:00:00Z,Caitlyn/Teemo (BC/PZ),17,0.0185185185185185
2026-09-25T15:00:00Z,Braum/Zoe (FR/MT),88,0.0958605664488017
2026-09-25T16:00:00Z,Other,701,0.713849287169043
2026-09-25T16:00:00Z,Bard/Norra (BC/RU),19,0.0193482688391039
2026-09-25T16:00:00Z,Caitlyn/Teemo (FR/PZ),8,0.00814663951120163
2026-09-25T16:00:00Z,Ezreal/Seraphine (BC/PZ),14,0.0142566191446029
2026-09-25T16:00:00Z,Draven/Jinx (NX/PZ),7,0.00712830957230143
2026-09-25T16:00:00Z,Nilah/Twisted Fate (BW/PZ),16,0.0162932790224033
2026-09-25T16:00:00Z,Elder Dragon/Volibear (RU/FR),16,0.0162932790224033
2026-09-25T16:00:00Z,Annie/Gwen (NX/SI),8,0.00814663951120163
2026-09-25T16:00:00Z,Azir/Irelia (IO/SH),29,0.0295315682281059
2026-09-25T16:00:00Z,Pyke/Rek'Sai (BW/SH),27,0.0274949083503055
2026-09-25T16:00:00Z,Annie/Jhin (RU/NX),18,0.0183299389002037
2026-09-25T16:00:00Z,Caitlyn/Teemo (BC/PZ),28,0.0285132382892057
2026-09-25T16:00:00Z,Braum/Zoe (FR/MT),91,0.0926680244399185
2026-09-25T17:00:00Z,Other,673,0.66240157480315
2026-09-25T17:00:00Z,Bard/Norra (BC/RU),12,0.0118110236220472
2026-09-25T17:00:00Z,Caitlyn/Teemo (FR/PZ),12,0.0118110236220472
2026-09-25T17:00:00Z,Ezreal/Seraphine (BC/PZ),16,0.015748031496063
2026-09-25T17:00:00Z,Draven/Jinx (NX/PZ),15,0.0147637795275591
2026-09-25T17:00:00Z,Nilah/Twisted Fate (BW/PZ),10,0.00984251968503937
2026-09-25T17:00:00Z,Elder Dragon/Volibear (RU/FR),40,0.0393700787401575
2026-09-25T17:00:00Z,Annie/Gwen (NX/SI),15,0.0147637795275591
2026-09-25T17:00:00Z,Azir/Irelia (IO/SH),49,0.0482283464566929
2026-09-25T17:00:00Z,Pyke/Rek'Sai (BW/SH),23,0.0226377952755906
2026-09-25T17:00:00Z,Annie/Jhin (RU/NX),29,0.0285433070866142
2026-09-25T17:00:00Z,Caitlyn/Teemo (BC/PZ),38,0.0374015748031496
2026-09-25T17:00:00Z,Braum/Zoe (FR/MT),84,0.0826771653543307
2026-09-25T18:00:00Z,Other,548,0.663438256658596
2026-09-25T18:00:00Z,Bard/Norra (BC/RU),8,0.00968523002421307
2026-09-25T18:00:00Z,Caitlyn/Teemo (FR/PZ),18,0.0217917675544794
2026-09-25T18:00:00Z,Ezreal/Seraphine (BC/PZ),9,0.0108958837772397
2026-09-25T18:00:00Z,Draven/Jinx (NX/PZ),8,0.00968523002421307
2026-09-25T18:00:00Z,Nilah/Twisted Fate (BW/PZ),8,0.00968523002421307
2026-09-25T18:00:00Z,Elder Dragon/Volibear (RU/FR),28,0.0338983050847458
2026-09-25T18:00:00Z,Annie/Gwen (NX/SI),21,0.0254237288135593
2026-09-25T18:00:00Z,Azir/Irelia (IO/SH),34,0.0411622276029056
2026-09-25T18:00:00Z,Pyke/Rek'Sai (BW/SH),6,0.00726392251815981
2026-09-25T18:00:00Z,Annie/Jhin (RU/NX),31,0.0375302663438257
2026-09-25T18:00:00Z,Caitlyn/Teemo (BC/PZ),45,0.0544794188861985
2026-09-25T18:00:00Z,Braum/Zoe (FR/MT),62,0.0750605326876513
2026-09-25T19:00:00Z,Other,606,0.721428571428571
2026-09-25T19:00:00Z,Bard/Norra (BC/RU),1,0.00119047619047619
2026-09-25T19:00:00Z,Caitlyn/Teemo (FR/PZ),12,0.0142857142857143
2026-09-25T19:00:00Z,Ezreal/Seraphine (BC/PZ),11,0.0130952380952381
2026-09-25T19:00:00Z,Draven/Jinx (NX/PZ),3,0.00357142857142857
2026-09-25T19:00:00Z,Nilah/Twisted Fate (BW/PZ),12,0.0142857142857143
2026-09-25T19:00:00Z,Elder Dragon/Volibear (RU/FR),17,0.0202380952380952
2026-09-25T19:00:00Z,Annie/Gwen (NX/SI),12,0.0142857142857143
2026-09-25T19:00:00Z,Azir/Irelia (IO/SH),29,0.0345238095238095
2026-09-25T19:00:00Z,Pyke/Rek'Sai (BW/SH),24,0.0285714285714286
2026-09-25T19:00:00Z,Annie/Jhin (RU/NX),17,0.0202380952380952
2026-09-25T19:00:00Z,Caitlyn/Teemo (BC/PZ),33,0.0392857142857143
2026-09-25T19:00:00Z,Braum/Zoe (FR/MT),63,0.075
2026-09-25T20:00:00Z,Other,510,0.650510204081633
2026-09-25T20:00:00Z,Bard/Norra (BC/RU),5,0.00637755102040816
2026-09-25T20:00:00Z,Caitlyn/Teemo (FR/PZ),15,0.0191326530612245
2026-09-25T20:00:00Z,Ezreal/Seraphine (BC/PZ),13,0.0165816326530612
2026-09-25T20:00:00Z,Draven/Jinx (NX/PZ),10,0.0127551020408163
2026-09-25T20:00:00Z,Nilah/Twisted Fate (BW/PZ),18,0.0229591836734694
2026-09-25T20:00:00Z,Elder Dragon/Volibear (RU/FR),20,0.0255102040816327
2026-09-25T20:00:00Z,Annie/Gwen (NX/SI),16,0.0204081632653061
2026-09-25T20:00:00Z,Azir/Irelia (IO/SH),29,0.0369897959183673
2026-09-25T20:00:00Z,Pyke/Rek'Sai (BW/SH),37,0.0471938775510204
2026-09-25T20:00:00Z,Annie/Jhin (RU/NX),25,0.0318877551020408
2026-09-25T20:00:00Z,Caitlyn/Teemo (BC/PZ),35,0.0446428571428571
2026-09-25T20:00:00Z,Braum/Zoe (FR/MT),51,0.0650510204081633
2026-09-25T21:00:00Z,Other,432,0.613636363636364
2026-09-25T21:00:00Z,Bard/Norra (BC/RU),7,0.00994318181818182
2026-09-25T21:00:00Z,Caitlyn/Teemo (FR/PZ),17,0.0241477272727273
2026-09-25T21:00:00Z,Ezreal/Seraphine (BC/PZ),5,0.00710227272727273
2026-09-25T21:00:00Z,Draven/Jinx (NX/PZ),13,0.0184659090909091
2026-09-25T21:00:00Z,Nilah/Twisted Fate (BW/PZ),17,0.0241477272727273
2026-09-25T21:00:00Z,Elder Dragon/Volibear (RU/FR),25,0.0355113636363636
2026-09-25T21:00:00Z,Annie/Gwen (NX/SI),12,0.0170454545454545
2026-09-25T21:00:00Z,Azir/Irelia (IO/SH),15,0.0213068181818182
2026-09-25T21:00:00Z,Pyke/Rek'Sai (BW/SH),22,0.03125
2026-09-25T21:00:00Z,Annie/Jhin (RU/NX),14,0.0198863636363636
2026-09-25T21:00:00Z,Caitlyn/Teemo (BC/PZ),48,0.0681818181818182
2026-09-25T21:00:00Z,Braum/Zoe (FR/MT),77,0.109375
2026-09-25T22:00:00Z,Other,432,0.658536585365854
2026-09-25T22:00:00Z,Bard/Norra (BC/RU),4,0.00609756097560976
2026-09-25T22:00:00Z,Caitlyn/Teemo (FR/PZ),15,0.0228658536585366
2026-09-25T22:00:00Z,Ezreal/Seraphine (BC/PZ),10,0.0152439024390244
2026-09-25T22:00:00Z,Draven/Jinx (NX/PZ),7,0.0106707317073171
2026-09-25T22:00:00Z,Nilah/Twisted Fate (BW/PZ),21,0.0320121951219512
2026-09-25T22:00:00Z,Elder Dragon/Volibear (RU/FR),17,0.0259146341463415
2026-09-25T22:00:00Z,Annie/Gwen (NX/SI),13,0.0198170731707317
2026-09-25T22:00:00Z,Azir/Irelia (IO/SH),14,0.0213414634146341
2026-09-25T22:00:00Z,Pyke/Rek'Sai (BW/SH),14,0.0213414634146341
2026-09-25T22:00:00Z,Annie/Jhin (RU/NX),24,0.0365853658536585
2026-09-25T22:00:00Z,Caitlyn/Teemo (BC/PZ),29,0.0442073170731707
2026-09-25T22:00:00Z,Braum/Zoe (FR/MT),56,0.0853658536585366
2026-09-25T23:00:00Z,Other,410,0.630769230769231
2026-09-25T23:00:00Z,Bard/Norra (BC/RU),14,0.0215384615384615
2026-09-25T23:00:00Z,Caitlyn/Teemo (FR/PZ),3,0.00461538461538462
2026-09-25T23:00:00Z,Ezreal/Seraphine (BC/PZ),2,0.00307692307692308
2026-09-25T23:00:00Z,Draven/Jinx (NX/PZ),16,0.0246153846153846
2026-09-25T23:00:00Z,Nilah/Twisted Fate (BW/PZ),17,0.0261538461538462
2026-09-25T23:00:00Z,Elder Dragon/Volibear (RU/FR),22,0.0338461538461538
2026-09-25T23:00:00Z,Annie/Gwen (NX/SI),21,0.0323076923076923
2026-09-25T23:00:00Z,Azir/Irelia (IO/SH),21,0.0323076923076923
2026-09-25T23:00:00Z,Pyke/Rek'Sai (BW/SH),16,0.0246153846153846
2026-09-25T23:00:00Z,Annie/Jhin (RU/NX),21,0.0323076923076923
2026-09-25T23:00:00Z,Caitlyn/Teemo (BC/PZ),32,0.0492307692307692
2026-09-25T23:00:00Z,Braum/Zoe (FR/MT),55,0.0846153846153846
2026-09-26T00:00:00Z,Other,421,0.666139240506329
2026-09-26T00:00:00Z,Bard/Norra (BC/RU),9,0.0142405063291139
2026-09-26T00:00:00Z,Caitlyn/Teemo (FR/PZ),4,0.00632911392405063
2026-09-26T00:00:00Z,Ezreal/Seraphine (BC/PZ),7,0.0110759493670886
2026-09-26T00:00:00Z,Draven/Jinx (NX/PZ),9,0.0142405063291139
2026-09-26T00:00:00Z,Nilah/Twisted Fate (BW/PZ),8,0.0126582278481013
2026-09-26T00:00:00Z,Elder Dragon/Volibear (RU/FR),19,0.0300632911392405
2026-09-26T00:00:00Z,Annie/Gwen (NX/SI),12,0.0189873417721519
2026-09-26T00:00:00Z,Azir/Irelia (IO/SH),22,0.0348101265822785
2026-09-26T00:00:00Z,Pyke/Rek'Sai (BW/SH),25,0.0395569620253165
2026-09-26T00:00:00Z,Annie/Jhin (RU/NX),16,0.0253164556962025
2026-09-26T00:00:00Z,Caitlyn/Teemo (BC/PZ),21,0.0332278481012658
2026-09-26T00:00:00Z,Braum/Zoe (FR/MT),59,0.0933544303797468
2026-09-26T01:00:00Z,Other,401,0.696180555555556
2026-09-26T01:00:00Z,Bard/Norra (BC/RU),17,0.0295138888888889
2026-09-26T01:00:00Z,Caitlyn/Teemo (FR/PZ),7,0.0121527777777778
2026-09-26T01:00:00Z,Ezreal/Seraphine (BC/PZ),6,0.0104166666666667
2026-09-26T01:00:00Z,Draven/Jinx (NX/PZ),2,0.00347222222222222
2026-09-26T01:00:00Z,Nilah/Twisted Fate (BW/PZ),1,0.00173611111111111
2026-09-26T01:00:00Z,Elder Dragon/Volibear (RU/FR),8,0.0138888888888889
2026-09-26T01:00:00Z,Annie/Gwen (NX/SI),5,0.00868055555555556
2026-09-26T01:00:00Z,Azir/Irelia (IO/SH),8,0.0138888888888889
2026-09-26T01:00:00Z,Pyke/Rek'Sai (BW/SH),25,0.0434027777777778
2026-09-26T01:00:00Z,Annie/Jhin (RU/NX),20,0.0347222222222222
2026-09-26T01:00:00Z,Caitlyn/Teemo (BC/PZ),16,0.0277777777777778
2026-09-26T01:00:00Z,Braum/Zoe (FR/MT),60,0.104166666666667
2026-09-26T02:00:00Z,Other,422,0.730103806228374
2026-09-26T02:00:00Z,Bard/Norra (BC/RU),8,0.013840830449827
2026-09-26T02:00:00Z,Caitlyn/Teemo (FR/PZ),4,0.0069204152249135
2026-09-26T02:00:00Z,Ezreal/Seraphine (BC/PZ),5,0.00865051903114187
2026-09-26T02:00:00Z,Draven/Jinx (NX/PZ),11,0.0190311418685121
2026-09-26T02:00:00Z,Nilah/Twisted Fate (BW/PZ),0,0
2026-09-26T02:00:00Z,Elder Dragon/Volibear (RU/FR),15,0.0259515570934256
2026-09-26T02:00:00Z,Annie/Gwen (NX/SI),7,0.0121107266435986
2026-09-26T02:00:00Z,Azir/Irelia (IO/SH),12,0.0207612456747405
2026-09-26T02:00:00Z,Pyke/Rek'Sai (BW/SH),29,0.0501730103806228
2026-09-26T02:00:00Z,Annie/Jhin (RU/NX),5,0.00865051903114187
2026-09-26T02:00:00Z,Caitlyn/Teemo (BC/PZ),21,0.0363321799307959
2026-09-26T02:00:00Z,Braum/Zoe (FR/MT),39,0.0674740484429066
2026-09-26T03:00:00Z,Other,341,0.645833333333333
2026-09-26T03:00:00Z,Bard/Norra (BC/RU),11,0.0208333333333333
2026-09-26T03:00:00Z,Caitlyn/Teemo (FR/PZ),4,0.00757575757575758
2026-09-26T03:00:00Z,Ezreal/Seraphine (BC/PZ),1,0.00189393939393939
2026-09-26T03:00:00Z,Draven/Jinx (NX/PZ),11,0.0208333333333333
2026-09-26T03:00:00Z,Nilah/Twisted Fate (BW/PZ),13,0.0246212121212121
2026-09-26T03:00:00Z,Elder Dragon/Volibear (RU/FR),10,0.0189393939393939
2026-09-26T03:00:00Z,Annie/Gwen (NX/SI),12,0.0227272727272727
2026-09-26T03:00:00Z,Azir/Irelia (IO/SH),19,0.0359848484848485
2026-09-26T03:00:00Z,Pyke/Rek'Sai (BW/SH),36,0.0681818181818182
2026-09-26T03:00:00Z,Annie/Jhin (RU/NX),15,0.0284090909090909
2026-09-26T03:00:00Z,Caitlyn/Teemo (BC/PZ),25,0.0473484848484848
2026-09-26T03:00:00Z,Braum/Zoe (FR/MT),30,0.0568181818181818
2026-09-26T04:00:00Z,Other,329,0.688284518828452
2026-09-26T04:00:00Z,Bard/Norra (BC/RU),13,0.0271966527196653
2026-09-26T04:00:00Z,Caitlyn/Teemo (FR/PZ),12,0.0251046025104603
2026-09-26T04:00:00Z,Ezreal/Seraphine (BC/PZ),0,0
2026-09-26T04:00:00Z,Draven/Jinx (NX/PZ),9,0.0188284518828452
2026-09-26T04:00:00Z,Nilah/Twisted Fate (BW/PZ),10,0.0209205020920502
2026-09-26T04:00:00Z,Elder Dragon/Volibear (RU/FR),2,0.00418410041841004
2026-09-26T04:00:00Z,Annie/Gwen (NX/SI),6,0.0125523012552301
2026-09-26T04:00:00Z,Azir/Irelia (IO/SH),15,0.0313807531380753
2026-09-26T04:00:00Z,Pyke/Rek'Sai (BW/SH),21,0.0439330543933054
2026-09-26T04:00:00Z,Annie/Jhin (RU/NX),21,0.0439330543933054
2026-09-26T04:00:00Z,Caitlyn/Teemo (BC/PZ),7,0.0146443514644351
2026-09-26T04:00:00Z,Braum/Zoe (FR/MT),33,0.0690376569037657
2026-09-26T05:00:00Z,Other,338,0.719148936170213
2026-09-26T05:00:00Z,Bard/Norra (BC/RU),8,0.0170212765957447
2026-09-26T05:00:00Z,Caitlyn/Teemo (FR/PZ),12,0.025531914893617
2026-09-26T05:00:00Z,Ezreal/Seraphine (BC/PZ),1,0.00212765957446809
2026-09-26T05:00:00Z,Draven/Jinx (NX/PZ),5,0.0106382978723404
2026-09-26T05:00:00Z,Nilah/Twisted Fate (BW/PZ),10,0.0212765957446809
2026-09-26T05:00:00Z,Elder Dragon/Volibear (RU/FR),14,0.0297872340425532
2026-09-26T05:00:00Z,Annie/Gwen (NX/SI),2,0.00425531914893617
2026-09-26T05:00:00Z,Azir/Irelia (IO/SH),20,0.0425531914893617
2026-09-26T05:00:00Z,Pyke/Rek'Sai (BW/SH),19,0.0404255319148936
2026-09-26T05:00:00Z,Annie/Jhin (RU/NX),13,0.0276595744680851
2026-09-26T05:00:00Z,Caitlyn/Teemo (BC/PZ),10,0.0212765957446809
2026-09-26T05:00:00Z,Braum/Zoe (FR/MT),18,0.0382978723404255
2026-09-26T06:00:00Z,Other,364,0.761506276150628
2026-09-26T06:00:00Z,Bard/Norra (BC/RU),8,0.0167364016736402
2026-09-26T06:00:00Z,Caitlyn/Teemo (FR/PZ),1,0.00209205020920502
2026-09-26T06:00:00Z,Ezreal/Seraphine (BC/PZ),6,0.0125523012552301
2026-09-26T06:00:00Z,Draven/Jinx (NX/PZ),3,0.00627615062761506
2026-09-26T06:00:00Z,Nilah/Twisted Fate (BW/PZ),7,0.0146443514644351
2026-09-26T06:00:00Z,Elder Dragon/Volibear (RU/FR),8,0.0167364016736402
2026-09-26T06:00:00Z,Annie/Gwen (NX/SI),4,0.00836820083682008
2026-09-26T06:00:00Z,Azir/Irelia (IO/SH),15,0.0313807531380753
2026-09-26T06:00:00Z,Pyke/Rek'Sai (BW/SH),12,0.0251046025104603
2026-09-26T06:00:00Z,Annie/Jhin (RU/NX),8,0.0167364016736402
2026-09-26T06:00:00Z,Caitlyn/Teemo (BC/PZ),14,0.0292887029288703
2026-09-26T06:00:00Z,Braum/Zoe (FR/MT),28,0.0585774058577406
2026-09-26T07:00:00Z,Other,375,0.744047619047619
2026-09-26T07:00:00Z,Bard/Norra (BC/RU),2,0.00396825396825397
2026-09-26T07:00:00Z,Caitlyn/Teemo (FR/PZ),6,0.0119047619047619
2026-09-26T07:00:00Z,Ezreal/Seraphine (BC/PZ),0,0
2026-09-26T07:00:00Z,Draven/Jinx (NX/PZ),2,0.00396825396825397
2026-09-26T07:00:00Z,Nilah/Twisted Fate (BW/PZ),4,0.00793650793650794
2026-09-26T07:00:00Z,Elder Dragon/Volibear (RU/FR),7,0.0138888888888889
2026-09-26T07:00:00Z,Annie/Gwen (NX/SI),12,0.0238095238095238
2026-09-26T07:00:00Z,Azir/Irelia (IO/SH),4,0.00793650793650794
2026-09-26T07:00:00Z,Pyke/Rek'Sai (BW/SH),12,0.0238095238095238
2026-09-26T07:00:00Z,Annie/Jhin (RU/NX),18,0.0357142857142857
2026-09-26T07:00:00Z,Caitlyn/Teemo (BC/PZ),22,0.0436507936507936
2026-09-26T07:00:00Z,Braum/Zoe (FR/MT),40,0.0793650793650794
2026-09-26T08:00:00Z,Other,362,0.721115537848606
2026-09-26T08:00:00Z,Bard/Norra (BC/RU),6,0.0119521912350598
2026-09-26T08:00:00Z,Caitlyn/Teemo (FR/PZ),2,0.00398406374501992
2026-09-26T08:00:00Z,Ezreal/Seraphine (BC/PZ),1,0.00199203187250996
2026-09-26T08:00:00Z,Draven/Jinx (NX/PZ),5,0.0099601593625498
2026-09-26T08:00:00Z,Nilah/Twisted Fate (BW/PZ),12,0.0239043824701195
2026-09-26T08:00:00Z,Elder Dragon/Volibear (RU/FR),8,0.0159362549800797
2026-09-26T08:00:00Z,Annie/Gwen (NX/SI),8,0.0159362549800797
2026-09-26T08:00:00Z,Azir/Irelia (IO/SH),8,0.0159362549800797
2026-09-26T08:00:00Z,Pyke/Rek'Sai (BW/SH),9,0.0179282868525896
2026-09-26T08:00:00Z,Annie/Jhin (RU/NX),21,0.0418326693227092
2026-09-26T08:00:00Z,Caitlyn/Teemo (BC/PZ),24,0.0478087649402391
2026-09-26T08:00:00Z,Braum/Zoe (FR/MT),36,0.0717131474103586
2026-09-26T09:00:00Z,Other,421,0.708754208754209
2026-09-26T09:00:00Z,Bard/Norra (BC/RU),1,0.00168350168350168
2026-09-26T09:00:00Z,Caitlyn/Teemo (FR/PZ),5,0.00841750841750842
2026-09-26T09:00:00Z,Ezreal/Seraphine (BC/PZ),4,0.00673400673400673
2026-09-26T09:00:00Z,Draven/Jinx (NX/PZ),7,0.0117845117845118
2026-09-26T09:00:00Z,Nilah/Twisted Fate (BW/PZ),13,0.0218855218855219
2026-09-26T09:00:00Z,Elder Dragon/Volibear (RU/FR),11,0.0185185185185185
2026-09-26T09:00:00Z,Annie/Gwen (NX/SI),17,0.0286195286195286
2026-09-26T09:00:00Z,Azir/Irelia (IO/SH),22,0.037037037037037
2026-09-26T09:00:00Z,Pyke/Rek'Sai (BW/SH),14,0.0235690235690236
2026-09-26T09:00:00Z,Annie/Jhin (RU/NX),20,0.0336700336700337
2026-09-26T09:00:00Z,Caitlyn/Teemo (BC/PZ),23,0.0387205387205387
2026-09-26T09:00:00Z,Braum/Zoe (FR/MT),36,0.0606060606060606
2026-09-26T10:00:00Z,Other,440,0.700636942675159
2026-09-26T10:00:00Z,Bard/Norra (BC/RU),2,0.00318471337579618
2026-09-26T10:00:00Z,Caitlyn/Teemo (FR/PZ),6,0.00955414012738853
2026-09-26T10:00:00Z,Ezreal/Seraphine (BC/PZ),12,0.0191082802547771
2026-09-26T10:00:00Z,Draven/Jinx (NX/PZ),15,0.0238853503184713
2026-09-26T10:00:00Z,Nilah/Twisted Fate (BW/PZ),10,0.0159235668789809
2026-09-26T10:00:00Z,Elder Dragon/Volibear (RU/FR),17,0.0270700636942675
2026-09-26T10:00:00Z,Annie/Gwen (NX/SI),19,0.0302547770700637
2026-09-26T10:00:00Z,Azir/Irelia (IO/SH),10,0.0159235668789809
2026-09-26T10:00:00Z,Pyke/Rek'Sai (BW/SH),14,0.0222929936305732
2026-09-26T10:00:00Z,Annie/Jhin (RU/NX),20,0.0318471337579618
2026-09-26T10:00:00Z,Caitlyn/Teemo (BC/PZ),17,0.0270700636942675
2026-09-26T10:00:00Z,Braum/Zoe (FR/MT),46,0.0732484076433121
2026-09-26T11:00:00Z,Other,430,0.653495440729483
2026-09-26T11:00:00Z,Bard/Norra (BC/RU),7,0.0106382978723404
2026-09-26T11:00:00Z,Caitlyn/Teemo (FR/PZ),7,0.0106382978723404
2026-09-26T11:00:00Z,Ezreal/Seraphine (BC/PZ),17,0.0258358662613982
2026-09-26T11:00:00Z,Draven/Jinx (NX/PZ),22,0.0334346504559271
2026-09-26T11:00:00Z,Nilah/Twisted Fate (BW/PZ),6,0.00911854103343465
2026-09-26T11:00:00Z,Elder Dragon/Volibear (RU/FR),16,0.0243161094224924
2026-09-26T11:00:00Z,Annie/Gwen (NX/SI),23,0.0349544072948328
2026-09-26T11:00:00Z,Azir/Irelia (IO/SH),20,0.0303951367781155
2026-09-26T11:00:00Z,Pyke/Rek'Sai (BW/SH),15,0.0227963525835866
2026-09-26T11:00:00Z,Annie/Jhin (RU/NX),30,0.0455927051671733
2026-09-26T11:00:00Z,Caitlyn/Teemo (BC/PZ),20,0.0303951367781155
2026-09-26T11:00:00Z,Braum/Zoe (FR/MT),45,0.0683890577507599
2026-09-26T12:00:00Z,Other,550,0.670731707317073
2026-09-26T12:00:00Z,Bard/Norra (BC/RU),8,0.00975609756097561
2026-09-26T12:00:00Z,Caitlyn/Teemo (FR/PZ),13,0.0158536585365854
2026-09-26T12:00:00Z,Ezreal/Seraphine (BC/PZ),18,0.0219512195121951
2026-09-26T12:00:00Z,Draven/Jinx (NX/PZ),15,0.0182926829268293
2026-09-26T12:00:00Z,Nilah/Twisted Fate (BW/PZ),22,0.0268292682926829
2026-09-26T12:00:00Z,Elder Dragon/Volibear (RU/FR),16,0.0195121951219512
2026-09-26T12:00:00Z,Annie/Gwen (NX/SI),34,0.0414634146341463
2026-09-26T12:00:00Z,Azir/Irelia (IO/SH),11,0.0134146341463415
2026-09-26T12:00:00Z,Pyke/Rek'Sai (BW/SH),18,0.0219512195121951
2026-09-26T12:00:00Z,Annie/Jhin (RU/NX),21,0.025609756097561
2026-09-26T12:00:00Z,Caitlyn/Teemo (BC/PZ),34,0.0414634146341463
2026-09-26T12:00:00Z,Braum/Zoe (FR/MT),60,0.0731707317073171
2026-09-26T13:00:00Z,Other,508,0.638190954773869
2026-09-26T13:00:00Z,Bard/Norra (BC/RU),4,0.0050251256281407
2026-09-26T13:00:00Z,Caitlyn/Teemo (FR/PZ),8,0.0100502512562814
2026-09-26T13:00:00Z,Ezreal/Seraphine (BC/PZ),11,0.0138190954773869
2026-09-26T13:00:00Z,Draven/Jinx (NX/PZ),11,0.0138190954773869
2026-09-26T13:00:00Z,Nilah/Twisted Fate (BW/PZ),10,0.0125628140703518
2026-09-26T13:00:00Z,Elder Dragon/Volibear (RU/FR),50,0.0628140703517588
2026-09-26T13:00:00Z,Annie/Gwen (NX/SI),37,0.0464824120603015
2026-09-26T13:00:00Z,Azir/Irelia (IO/SH),22,0.0276381909547739
2026-09-26T13:00:00Z,Pyke/Rek'Sai (BW/SH),20,0.0251256281407035
2026-09-26T13:00:00Z,Annie/Jhin (RU/NX),22,0.0276381909547739
2026-09-26T13:00:00Z,Caitlyn/Teemo (BC/PZ),33,0.0414572864321608
2026-09-26T13:00:00Z,Braum/Zoe (FR/MT),60,0.0753768844221106
2026-09-26T14:00:00Z,Other,525,0.614754098360656
2026-09-26T14:00:00Z,Bard/Norra (BC/RU),14,0.0163934426229508
2026-09-26T14:00:00Z,Caitlyn/Teemo (FR/PZ),20,0.0234192037470726
2026-09-26T14:00:00Z,Ezreal/Seraphine (BC/PZ),20,0.0234192037470726
2026-09-26T14:00:00Z,Draven/Jinx (NX/PZ),13,0.0152224824355972
2026-09-26T14:00:00Z,Nilah/Twisted Fate (BW/PZ),26,0.0304449648711944
2026-09-26T14:00:00Z,Elder Dragon/Volibear (RU/FR),38,0.0444964871194379
2026-09-26T14:00:00Z,Annie/Gwen (NX/SI),31,0.0362997658079625
2026-09-26T14:00:00Z,Azir/Irelia (IO/SH),21,0.0245901639344262
2026-09-26T14:00:00Z,Pyke/Rek'Sai (BW/SH),21,0.0245901639344262
2026-09-26T14:00:00Z,Annie/Jhin (RU/NX),31,0.0362997658079625
2026-09-26T14:00:00Z,Caitlyn/Teemo (BC/PZ),29,0.0339578454332553
2026-09-26T14:00:00Z,Braum/Zoe (FR/MT),65,0.076112412177986
2026-09-26T15:00:00Z,Other,533,0.65
2026-09-26T15:00:00Z,Bard/Norra (BC/RU),16,0.0195121951219512
2026-09-26T15:00:00Z,Caitlyn/Teemo (FR/PZ),18,0.0219512195121951
2026-09-26T15:00:00Z,Ezreal/Seraphine (BC/PZ),11,0.0134146341463415
2026-09-26T15:00:00Z,Draven/Jinx (NX/PZ),14,0.0170731707317073
2026-09-26T15:00:00Z,Nilah/Twisted Fate (BW/PZ),13,0.0158536585365854
2026-09-26T15:00:00Z,Elder Dragon/Volibear (RU/FR),24,0.0292682926829268
2026-09-26T15:00:00Z,Annie/Gwen (NX/SI),25,0.0304878048780488
2026-09-26T15:00:00Z,Azir/Irelia (IO/SH),21,0.025609756097561
2026-09-26T15:00:00Z,Pyke/Rek'Sai (BW/SH),17,0.0207317073170732
2026-09-26T15:00:00Z,Annie/Jhin (RU/NX),25,0.0304878048780488
2026-09-26T15:00:00Z,Caitlyn/Teemo (BC/PZ),46,0.0560975609756098
2026-09-26T15:00:00Z,Braum/Zoe (FR/MT),57,0.0695121951219512
2026-09-26T16:00:00Z,Other,625,0.677874186550976
2026-09-26T16:00:00Z,Bard/Norra (BC/RU),15,0.0162689804772234
2026-09-26T16:00:00Z,Caitlyn/Teemo (FR/PZ),7,0.00759219088937093
2026-09-26T16:00:00Z,Ezreal/Seraphine (BC/PZ),6,0.00650759219088937
2026-09-26T16:00:00Z,Draven/Jinx (NX/PZ),15,0.0162689804772234
2026-09-26T16:00:00Z,Nilah/Twisted Fate (BW/PZ),18,0.0195227765726681
2026-09-26T16:00:00Z,Elder Dragon/Volibear (RU/FR),37,0.0401301518438178
2026-09-26T16:00:00Z,Annie/Gwen (NX/SI),24,0.0260303687635575
2026-09-26T16:00:00Z,Azir/Irelia (IO/SH),20,0.0216919739696312
2026-09-26T16:00:00Z,Pyke/Rek'Sai (BW/SH),19,0.0206073752711497
2026-09-26T16:00:00Z,Annie/Jhin (RU/NX),21,0.0227765726681128
2026-09-26T16:00:00Z,Caitlyn/Teemo (BC/PZ),51,0.0553145336225597
2026-09-26T16:00:00Z,Braum/Zoe (FR/MT),64,0.06941431670282
2026-09-26T17:00:00Z,Other,575,0.659403669724771
2026-09-26T17:00:00Z,Bard/Norra (BC/RU),1,0.00114678899082569
2026-09-26T17:00:00Z,Caitlyn/Teemo (FR/PZ),5,0.00573394495412844
2026-09-26T17:00:00Z,Ezreal/Seraphine (BC/PZ),13,0.0149082568807339
2026-09-26T17:00:00Z,Draven/Jinx (NX/PZ),24,0.0275229357798165
2026-09-26T17:00:00Z,Nilah/Twisted Fate (BW/PZ),33,0.0378440366972477
2026-09-26T17:00:00Z,Elder Dragon/Volibear (RU/FR),26,0.0298165137614679
2026-09-26T17:00:00Z,Annie/Gwen (NX/SI),20,0.0229357798165138
2026-09-26T17:00:00Z,Azir/Irelia (IO/SH),31,0.0355504587155963
2026-09-26T17:00:00Z,Pyke/Rek'Sai (BW/SH),31,0.0355504587155963
2026-09-26T17:00:00Z,Annie/Jhin (RU/NX),23,0.0263761467889908
2026-09-26T17:00:00Z,Caitlyn/Teemo (BC/PZ),20,0.0229357798165138
2026-09-26T17:00:00Z,Braum/Zoe (FR/MT),70,0.0802752293577982
2026-09-26T18:00:00Z,Other,645,0.699566160520607
2026-09-26T18:00:00Z,Bard/Norra (BC/RU),4,0.00433839479392625
2026-09-26T18:00:00Z,Caitlyn/Teemo (FR/PZ),4,0.00433839479392625
2026-09-26T18:00:00Z,Ezreal/Seraphine (BC/PZ),19,0.0206073752711497
2026-09-26T18:00:00Z,Draven/Jinx (NX/PZ),21,0.0227765726681128
2026-09-26T18:00:00Z,Nilah/Twisted Fate (BW/PZ),23,0.0249457700650759
2026-09-26T18:00:00Z,Elder Dragon/Volibear (RU/FR),20,0.0216919739696312
2026-09-26T18:00:00Z,Annie/Gwen (NX/SI),25,0.0271149674620391
2026-09-26T18:00:00Z,Azir/Irelia (IO/SH),29,0.0314533622559653
2026-09-26T18:00:00Z,Pyke/Rek'Sai (BW/SH),29,0.0314533622559653
2026-09-26T18:00:00Z,Annie/Jhin (RU/NX),14,0.0151843817787419
2026-09-26T18:00:00Z,Caitlyn/Teemo (BC/PZ),21,0.0227765726681128
2026-09-26T18:00:00Z,Braum/Zoe (FR/MT),68,0.0737527114967462
2026-09-26T19:00:00Z,Other,587,0.665532879818594
2026-09-26T19:00:00Z,Bard/Norra (BC/RU),5,0.00566893424036281
2026-09-26T19:00:00Z,Caitlyn/Teemo (FR/PZ),8,0.0090702947845805
2026-09-26T19:00:00Z,Ezreal/Seraphine (BC/PZ),8,0.0090702947845805
2026-09-26T19:00:00Z,Draven/Jinx (NX/PZ),23,0.0260770975056689
2026-09-26T19:00:00Z,Nilah/Twisted Fate (BW/PZ),15,0.0170068027210884
2026-09-26T19:00:00Z,Elder Dragon/Volibear (RU/FR),31,0.0351473922902494
2026-09-26T19:00:00Z,Annie/Gwen (NX/SI),33,0.0374149659863946
2026-09-26T19:00:00Z,Azir/Irelia (IO/SH),39,0.0442176870748299
2026-09-26T19:00:00Z,Pyke/Rek'Sai (BW/SH),18,0.0204081632653061
2026-09-26T19:00:00Z,Annie/Jhin (RU/NX),25,0.0283446712018141
2026-09-26T19:00:00Z,Caitlyn/Teemo (BC/PZ),21,0.0238095238095238
2026-09-26T19:00:00Z,Braum/Zoe (FR/MT),69,0.0782312925170068
2026-09-26T20:00:00Z,Other,528,0.685714285714286
2026-09-26T20:00:00Z,Bard/Norra (BC/RU),2,0.0025974025974026
2026-09-26T20:00:00Z,Caitlyn/Teemo (FR/PZ),7,0.00909090909090909
2026-09-26T20:00:00Z,Ezreal/Seraphine (BC/PZ),18,0.0233766233766234
2026-09-26T20:00:00Z,Draven/Jinx (NX/PZ),12,0.0155844155844156
2026-09-26T20:00:00Z,Nilah/Twisted Fate (BW/PZ),10,0.012987012987013
2026-09-26T20:00:00Z,Elder Dragon/Volibear (RU/FR),30,0.038961038961039
2026-09-26T20:00:00Z,Annie/Gwen (NX/SI),30,0.038961038961039
2026-09-26T20:00:00Z,Azir/Irelia (IO/SH),27,0.0350649350649351
2026-09-26T20:00:00Z,Pyke/Rek'Sai (BW/SH),20,0.025974025974026
2026-09-26T20:00:00Z,Annie/Jhin (RU/NX),15,0.0194805194805195
2026-09-26T20:00:00Z,Caitlyn/Teemo (BC/PZ),15,0.0194805194805195
2026-09-26T20:00:00Z,Braum/Zoe (FR/MT),56,0.0727272727272727
2026-09-26T21:00:00Z,Other,518,0.687002652519894
2026-09-26T21:00:00Z,Bard/Norra (BC/RU),3,0.00397877984084881
2026-09-26T21:00:00Z,Caitlyn/Teemo (FR/PZ),9,0.0119363395225464
2026-09-26T21:00:00Z,Ezreal/Seraphine (BC/PZ),11,0.0145888594164456
2026-09-26T21:00:00Z,Draven/Jinx (NX/PZ),14,0.0185676392572944
2026-09-26T21:00:00Z,Nilah/Twisted Fate (BW/PZ),16,0.0212201591511936
2026-09-26T21:00:00Z,Elder Dragon/Volibear (RU/FR),13,0.0172413793103448
2026-09-26T21:00:00Z,Annie/Gwen (NX/SI),13,0.0172413793103448
2026-09-26T21:00:00Z,Azir/Irelia (IO/SH),13,0.0172413793103448
2026-09-26T21:00:00Z,Pyke/Rek'Sai (BW/SH),20,0.026525198938992
2026-09-26T21:00:00Z,Annie/Jhin (RU/NX),25,0.0331564986737401
2026-09-26T21:00:00Z,Caitlyn/Teemo (BC/PZ),24,0.0318302387267905
2026-09-26T21:00:00Z,Braum/Zoe (FR/MT),75,0.0994694960212202
2026-09-26T22:00:00Z,Other,590,0.716019417475728
2026-09-26T22:00:00Z,Bard/Norra (BC/RU),8,0.00970873786407767
2026-09-26T22:00:00Z,Caitlyn/Teemo (FR/PZ),1,0.00121359223300971
2026-09-26T22:00:00Z,Ezreal/Seraphine (BC/PZ),11,0.0133495145631068
2026-09-26T22:00:00Z,Draven/Jinx (NX/PZ),15,0.0182038834951456
2026-09-26T22:00:00Z,Nilah/Twisted Fate (BW/PZ),13,0.0157766990291262
2026-09-26T22:00:00Z,Elder Dragon/Volibear (RU/FR),11,0.0133495145631068
2026-09-26T22:00:00Z,Annie/Gwen (NX/SI),12,0.0145631067961165
2026-09-26T22:00:00Z,Azir/Irelia (IO/SH),23,0.0279126213592233
2026-09-26T22:00:00Z,Pyke/Rek'Sai (BW/SH),13,0.0157766990291262
2026-09-26T22:00:00Z,Annie/Jhin (RU/NX),20,0.0242718446601942
2026-09-26T22:00:00Z,Caitlyn/Teemo (BC/PZ),41,0.0497572815533981
2026-09-26T22:00:00Z,Braum/Zoe (FR/MT),66,0.0800970873786408
2026-09-26T23:00:00Z,Other,449,0.750836120401338
2026-09-26T23:00:00Z,Bard/Norra (BC/RU),4,0.00668896321070234
2026-09-26T23:00:00Z,Caitlyn/Teemo (FR/PZ),4,0.00668896321070234
2026-09-26T23:00:00Z,Ezreal/Seraphine (BC/PZ),4,0.00668896321070234
2026-09-26T23:00:00Z,Draven/Jinx (NX/PZ),15,0.0250836120401338
2026-09-26T23:00:00Z,Nilah/Twisted Fate (BW/PZ),15,0.0250836120401338
2026-09-26T23:00:00Z,Elder Dragon/Volibear (RU/FR),7,0.0117056856187291
2026-09-26T23:00:00Z,Annie/Gwen (NX/SI),7,0.0117056856187291
2026-09-26T23:00:00Z,Azir/Irelia (IO/SH),10,0.0167224080267559
2026-09-26T23:00:00Z,Pyke/Rek'Sai (BW/SH),11,0.0183946488294314
2026-09-26T23:00:00Z,Annie/Jhin (RU/NX),5,0.00836120401337793
2026-09-26T23:00:00Z,Caitlyn/Teemo (BC/PZ),26,0.0434782608695652
2026-09-26T23:00:00Z,Braum/Zoe (FR/MT),41,0.068561872909699
2026-09-27T00:00:00Z,Other,422,0.685064935064935
2026-09-27T00:00:00Z,Bard/Norra (BC/RU),8,0.012987012987013
2026-09-27T00:00:00Z,Caitlyn/Teemo (FR/PZ),7,0.0113636363636364
2026-09-27T00:00:00Z,Ezreal/Seraphine (BC/PZ),8,0.012987012987013
2026-09-27T00:00:00Z,Draven/Jinx (NX/PZ),14,0.0227272727272727
2026-09-27T00:00:00Z,Nilah/Twisted Fate (BW/PZ),17,0.0275974025974026
2026-09-27T00:00:00Z,Elder Dragon/Volibear (RU/FR),9,0.0146103896103896
2026-09-27T00:00:00Z,Annie/Gwen (NX/SI),10,0.0162337662337662
2026-09-27T00:00:00Z,Azir/Irelia (IO/SH),11,0.0178571428571429
2026-09-27T00:00:00Z,Pyke/Rek'Sai (BW/SH),24,0.038961038961039
2026-09-27T00:00:00Z,Annie/Jhin (RU/NX),26,0.0422077922077922
2026-09-27T00:00:00Z,Caitlyn/Teemo (BC/PZ),25,0.0405844155844156
2026-09-27T00:00:00Z,Braum/Zoe (FR/MT),35,0.0568181818181818
2026-09-27T01:00:00Z,Other,447,0.718649517684888
2026-09-27T01:00:00Z,Bard/Norra (BC/RU),1,0.00160771704180064
2026-09-27T01:00:00Z,Caitlyn/Teemo (FR/PZ),4,0.00643086816720257
2026-09-27T01:00:00Z,Ezreal/Seraphine (BC/PZ),6,0.00964630225080386
2026-09-27T01:00:00Z,Draven/Jinx (NX/PZ),19,0.0305466237942122
2026-09-27T01:00:00Z,Nilah/Twisted Fate (BW/PZ),18,0.0289389067524116
2026-09-27T01:00:00Z,Elder Dragon/Volibear (RU/FR),7,0.0112540192926045
2026-09-27T01:00:00Z,Annie/Gwen (NX/SI),9,0.0144694533762058
2026-09-27T01:00:00Z,Azir/Irelia (IO/SH),13,0.0209003215434084
2026-09-27T01:00:00Z,Pyke/Rek'Sai (BW/SH),14,0.022508038585209
2026-09-27T01:00:00Z,Annie/Jhin (RU/NX),22,0.0353697749196142
2026-09-27T01:00:00Z,Caitlyn/Teemo (BC/PZ),21,0.0337620578778135
2026-09-27T01:00:00Z,Braum/Zoe (FR/MT),41,0.0659163987138264
2026-09-27T02:00:00Z,Other,449,0.7015625
2026-09-27T02:00:00Z,Bard/Norra (BC/RU),3,0.0046875
2026-09-27T02:00:00Z,Caitlyn/Teemo (FR/PZ),5,0.0078125
2026-09-27T02:00:00Z,Ezreal/Seraphine (BC/PZ),2,0.003125
2026-09-27T02:00:00Z,Draven/Jinx (NX/PZ),22,0.034375
2026-09-27T02:00:00Z,Nilah/Twisted Fate (BW/PZ),20,0.03125
2026-09-27T02:00:00Z,Elder Dragon/Volibear (RU/FR),7,0.0109375
2026-09-27T02:00:00Z,Annie/Gwen (NX/SI),15,0.0234375
2026-09-27T02:00:00Z,Azir/Irelia (IO/SH),17,0.0265625
2026-09-27T02:00:00Z,Pyke/Rek'Sai (BW/SH),26,0.040625
2026-09-27T02:00:00Z,Annie/Jhin (RU/NX),23,0.0359375
2026-09-27T02:00:00Z,Caitlyn/Teemo (BC/PZ),21,0.0328125
2026-09-27T02:00:00Z,Braum/Zoe (FR/MT),30,0.046875
2026-09-27T03:00:00Z,Other,400,0.732600732600733
2026-09-27T03:00:00Z,Bard/Norra (BC/RU),6,0.010989010989011
2026-09-27T03:00:00Z,Caitlyn/Teemo (FR/PZ),4,0.00732600732600733
2026-09-27T03:00:00Z,Ezreal/Seraphine (BC/PZ),0,0
2026-09-27T03:00:00Z,Draven/Jinx (NX/PZ),11,0.0201465201465201
2026-09-27T03:00:00Z,Nilah/Twisted Fate (BW/PZ),8,0.0146520146520147
2026-09-27T03:00:00Z,Elder Dragon/Volibear (RU/FR),8,0.0146520146520147
2026-09-27T03:00:00Z,Annie/Gwen (NX/SI),4,0.00732600732600733
2026-09-27T03:00:00Z,Azir/Irelia (IO/SH),7,0.0128205128205128
2026-09-27T03:00:00Z,Pyke/Rek'Sai (BW/SH),31,0.0567765567765568
2026-09-27T03:00:00Z,Annie/Jhin (RU/NX),15,0.0274725274725275
2026-09-27T03:00:00Z,Caitlyn/Teemo (BC/PZ),16,0.0293040293040293
2026-09-27T03:00:00Z,Braum/Zoe (FR/MT),36,0.0659340659340659
2026-09-27T04:00:00Z,Other,406,0.719858156028369
2026-09-27T04:00:00Z,Bard/Norra (BC/RU),10,0.0177304964539007
2026-09-27T04:00:00Z,Caitlyn/Teemo (FR/PZ),12,0.0212765957446809
2026-09-27T04:00:00Z,Ezreal/Seraphine (BC/PZ),5,0.00886524822695036
2026-09-27T04:00:00Z,Draven/Jinx (NX/PZ),10,0.0177304964539007
2026-09-27T04:00:00Z,Nilah/Twisted Fate (BW/PZ),5,0.00886524822695036
2026-09-27T04:00:00Z,Elder Dragon/Volibear (RU/FR),16,0.0283687943262411
2026-09-27T04:00:00Z,Annie/Gwen (NX/SI),7,0.0124113475177305
2026-09-27T04:00:00Z,Azir/Irelia (IO/SH),16,0.0283687943262411
2026-09-27T04:00:00Z,Pyke/Rek'Sai (BW/SH),14,0.024822695035461
2026-09-27T04:00:00Z,Annie/Jhin (RU/NX),16,0.0283687943262411
2026-09-27T04:00:00Z,Caitlyn/Teemo (BC/PZ),12,0.0212765957446809
2026-09-27T04:00:00Z,Braum/Zoe (FR/MT),35,0.0620567375886525
2026-09-27T05:00:00Z,Other,401,0.723826714801444
2026-09-27T05:00:00Z,Bard/Norra (BC/RU),6,0.0108303249097473
2026-09-27T05:00:00Z,Caitlyn/Teemo (FR/PZ),7,0.0126353790613718
2026-09-27T05:00:00Z,Ezreal/Seraphine (BC/PZ),10,0.0180505415162455
2026-09-27T05:00:00Z,Draven/Jinx (NX/PZ),4,0.0072202166064982
2026-09-27T05:00:00Z,Nilah/Twisted Fate (BW/PZ),5,0.00902527075812274
2026-09-27T05:00:00Z,Elder Dragon/Volibear (RU/FR),15,0.0270758122743682
2026-09-27T05:00:00Z,Annie/Gwen (NX/SI),17,0.0306859205776173
2026-09-27T05:00:00Z,Azir/Irelia (IO/SH),8,0.0144404332129964
2026-09-27T05:00:00Z,Pyke/Rek'Sai (BW/SH),8,0.0144404332129964
2026-09-27T05:00:00Z,Annie/Jhin (RU/NX),13,0.0234657039711191
2026-09-27T05:00:00Z,Caitlyn/Teemo (BC/PZ),17,0.0306859205776173
2026-09-27T05:00:00Z,Braum/Zoe (FR/MT),43,0.0776173285198556
2026-09-27T06:00:00Z,Other,402,0.715302491103203
2026-09-27T06:00:00Z,Bard/Norra (BC/RU),18,0.0320284697508897
2026-09-27T06:00:00Z,Caitlyn/Teemo (FR/PZ),2,0.00355871886120996
2026-09-27T06:00:00Z,Ezreal/Seraphine (BC/PZ),3,0.00533807829181495
2026-09-27T06:00:00Z,Draven/Jinx (NX/PZ),5,0.00889679715302491
2026-09-27T06:00:00Z,Nilah/Twisted Fate (BW/PZ),12,0.0213523131672598
2026-09-27T06:00:00Z,Elder Dragon/Volibear (RU/FR),13,0.0231316725978648
2026-09-27T06:00:00Z,Annie/Gwen (NX/SI),23,0.0409252669039146
2026-09-27T06:00:00Z,Azir/Irelia (IO/SH),13,0.0231316725978648
2026-09-27T06:00:00Z,Pyke/Rek'Sai (BW/SH),9,0.0160142348754448
2026-09-27T06:00:00Z,Annie/Jhin (RU/NX),16,0.0284697508896797
2026-09-27T06:00:00Z,Caitlyn/Teemo (BC/PZ),12,0.0213523131672598
2026-09-27T06:00:00Z,Braum/Zoe (FR/MT),34,0.0604982206405694
2026-09-27T07:00:00Z,Other,436,0.714754098360656
2026-09-27T07:00:00Z,Bard/Norra (BC/RU),9,0.0147540983606557
2026-09-27T07:00:00Z,Caitlyn/Teemo (FR/PZ),3,0.00491803278688525
2026-09-27T07:00:00Z,Ezreal/Seraphine (BC/PZ),9,0.0147540983606557
2026-09-27T07:00:00Z,Draven/Jinx (NX/PZ),2,0.00327868852459016
2026-09-27T07:00:00Z,Nilah/Twisted Fate (BW/PZ),5,0.00819672131147541
2026-09-27T07:00:00Z,Elder Dragon/Volibear (RU/FR),13,0.0213114754098361
2026-09-27T07:00:00Z,Annie/Gwen (NX/SI),11,0.0180327868852459
2026-09-27T07:00:00Z,Azir/Irelia (IO/SH),24,0.039344262295082
2026-09-27T07:00:00Z,Pyke/Rek'Sai (BW/SH),13,0.0213114754098361
2026-09-27T07:00:00Z,Annie/Jhin (RU/NX),18,0.0295081967213115
2026-09-27T07:00:00Z,Caitlyn/Teemo (BC/PZ),11,0.0180327868852459
2026-09-27T07:00:00Z,Braum/Zoe (FR/MT),56,0.0918032786885246
2026-09-27T08:00:00Z,Other,393,0.704301075268817
2026-09-27T08:00:00Z,Bard/Norra (BC/RU),3,0.00537634408602151
2026-09-27T08:00:00Z,Caitlyn/Teemo (FR/PZ),8,0.014336917562724
2026-09-27T08:00:00Z,Ezreal/Seraphine (BC/PZ),14,0.025089605734767
2026-09-27T08:00:00Z,Draven/Jinx (NX/PZ),2,0.003584229390681
2026-09-27T08:00:00Z,Nilah/Twisted Fate (BW/PZ),6,0.010752688172043
2026-09-27T08:00:00Z,Elder Dragon/Volibear (RU/FR),16,0.028673835125448
2026-09-27T08:00:00Z,Annie/Gwen (NX/SI),12,0.021505376344086
2026-09-27T08:00:00Z,Azir/Irelia (IO/SH),17,0.0304659498207885
2026-09-27T08:00:00Z,Pyke/Rek'Sai (BW/SH),12,0.021505376344086
2026-09-27T08:00:00Z,Annie/Jhin (RU/NX),11,0.0197132616487455
2026-09-27T08:00:00Z,Caitlyn/Teemo (BC/PZ),18,0.032258064516129
2026-09-27T08:00:00Z,Braum/Zoe (FR/MT),46,0.0824372759856631
2026-09-27T09:00:00Z,Other,441,0.672256097560976
2026-09-27T09:00:00Z,Bard/Norra (BC/RU),5,0.0076219512195122
2026-09-27T09:00:00Z,Caitlyn/Teemo (FR/PZ),14,0.0213414634146341
2026-09-27T09:00:00Z,Ezreal/Seraphine (BC/PZ),12,0.0182926829268293
2026-09-27T09:00:00Z,Draven/Jinx (NX/PZ),6,0.00914634146341463
2026-09-27T09:00:00Z,Nilah/Twisted Fate (BW/PZ),4,0.00609756097560976
2026-09-27T09:00:00Z,Elder Dragon/Volibear (RU/FR),22,0.0335365853658537
2026-09-27T09:00:00Z,Annie/Gwen (NX/SI),20,0.0304878048780488
2026-09-27T09:00:00Z,Azir/Irelia (IO/SH),27,0.0411585365853659
2026-09-27T09:00:00Z,Pyke/Rek'Sai (BW/SH),17,0.0259146341463415
2026-09-27T09:00:00Z,Annie/Jhin (RU/NX),14,0.0213414634146341
2026-09-27T09:00:00Z,Caitlyn/Teemo (BC/PZ),9,0.013719512195122
2026-09-27T09:00:00Z,Braum/Zoe (FR/MT),65,0.0990853658536585
2026-09-27T10:00:00Z,Other,408,0.658064516129032
2026-09-27T10:00:00Z,Bard/Norra (BC/RU),9,0.0145161290322581
2026-09-27T10:00:00Z,Caitlyn/Teemo (FR/PZ),5,0.00806451612903226
2026-09-27T10:00:00Z,Ezreal/Seraphine (BC/PZ),10,0.0161290322580645
2026-09-27T10:00:00Z,Draven/Jinx (NX/PZ),11,0.017741935483871
2026-09-27T10:00:00Z,Nilah/Twisted Fate (BW/PZ),5,0.00806451612903226
2026-09-27T10:00:00Z,Elder Dragon/Volibear (RU/FR),14,0.0225806451612903
2026-09-27T10:00:00Z,Annie/Gwen (NX/SI),17,0.0274193548387097
2026-09-27T10:00:00Z,Azir/Irelia (IO/SH),15,0.0241935483870968
2026-09-27T10:00:00Z,Pyke/Rek'Sai (BW/SH),11,0.017741935483871
2026-09-27T10:00:00Z,Annie/Jhin (RU/NX),17,0.0274193548387097
2026-09-27T10:00:00Z,Caitlyn/Teemo (BC/PZ),23,0.0370967741935484
2026-09-27T10:00:00Z,Braum/Zoe (FR/MT),75,0.120967741935484
2026-09-27T11:00:00Z,Other,411,0.615269461077844
2026-09-27T11:00:00Z,Bard/Norra (BC/RU),9,0.0134730538922156
2026-09-27T11:00:00Z,Caitlyn/Teemo (FR/PZ),2,0.0029940119760479
2026-09-27T11:00:00Z,Ezreal/Seraphine (BC/PZ),19,0.0284431137724551
2026-09-27T11:00:00Z,Draven/Jinx (NX/PZ),18,0.0269461077844311
2026-09-27T11:00:00Z,Nilah/Twisted Fate (BW/PZ),6,0.00898203592814371
2026-09-27T11:00:00Z,Elder Dragon/Volibear (RU/FR),15,0.0224550898203593
2026-09-27T11:00:00Z,Annie/Gwen (NX/SI),19,0.0284431137724551
2026-09-27T11:00:00Z,Azir/Irelia (IO/SH),21,0.031437125748503
2026-09-27T11:00:00Z,Pyke/Rek'Sai (BW/SH),33,0.0494011976047904
2026-09-27T11:00:00Z,Annie/Jhin (RU/NX),26,0.0389221556886228
2026-09-27T11:00:00Z,Caitlyn/Teemo (BC/PZ),24,0.0359281437125749
2026-09-27T11:00:00Z,Braum/Zoe (FR/MT),65,0.0973053892215569
2026-09-27T12:00:00Z,Other,516,0.641791044776119
2026-09-27T12:00:00Z,Bard/Norra (BC/RU),5,0.00621890547263682
2026-09-27T12:00:00Z,Caitlyn/Teemo (FR/PZ),5,0.00621890547263682
2026-09-27T12:00:00Z,Ezreal/Seraphine (BC/PZ),23,0.0286069651741294
2026-09-27T12:00:00Z,Draven/Jinx (NX/PZ),11,0.013681592039801
2026-09-27T12:00:00Z,Nilah/Twisted Fate (BW/PZ),15,0.0186567164179104
2026-09-27T12:00:00Z,Elder Dragon/Volibear (RU/FR),15,0.0186567164179104
2026-09-27T12:00:00Z,Annie/Gwen (NX/SI),26,0.0323383084577114
2026-09-27T12:00:00Z,Azir/Irelia (IO/SH),26,0.0323383084577114
2026-09-27T12:00:00Z,Pyke/Rek'Sai (BW/SH),27,0.0335820895522388
2026-09-27T12:00:00Z,Annie/Jhin (RU/NX),32,0.0398009950248756
2026-09-27T12:00:00Z,Caitlyn/Teemo (BC/PZ),27,0.0335820895522388
2026-09-27T12:00:00Z,Braum/Zoe (FR/MT),76,0.0945273631840796
2026-09-27T13:00:00Z,Other,560,0.676328502415459
2026-09-27T13:00:00Z,Bard/Norra (BC/RU),3,0.0036231884057971
2026-09-27T13:00:00Z,Caitlyn/Teemo (FR/PZ),5,0.00603864734299517
2026-09-27T13:00:00Z,Ezreal/Seraphine (BC/PZ),26,0.0314009661835749
2026-09-27T13:00:00Z,Draven/Jinx (NX/PZ),16,0.0193236714975845
2026-09-27T13:00:00Z,Nilah/Twisted Fate (BW/PZ),10,0.0120772946859903
2026-09-27T13:00:00Z,Elder Dragon/Volibear (RU/FR),11,0.0132850241545894
2026-09-27T13:00:00Z,Annie/Gwen (NX/SI),16,0.0193236714975845
2026-09-27T13:00:00Z,Azir/Irelia (IO/SH),33,0.0398550724637681
2026-09-27T13:00:00Z,Pyke/Rek'Sai (BW/SH),15,0.0181159420289855
2026-09-27T13:00:00Z,Annie/Jhin (RU/NX),26,0.0314009661835749
2026-09-27T13:00:00Z,Caitlyn/Teemo (BC/PZ),31,0.03743961352657
2026-09-27T13:00:00Z,Braum/Zoe (FR/MT),76,0.0917874396135266
2026-09-27T14:00:00Z,Other,551,0.662259615384615
2026-09-27T14:00:00Z,Bard/Norra (BC/RU),3,0.00360576923076923
2026-09-27T14:00:00Z,Caitlyn/Teemo (FR/PZ),1,0.00120192307692308
2026-09-27T14:00:00Z,Ezreal/Seraphine (BC/PZ),20,0.0240384615384615
2026-09-27T14:00:00Z,Draven/Jinx (NX/PZ),17,0.0204326923076923
2026-09-27T14:00:00Z,Nilah/Twisted Fate (BW/PZ),13,0.015625
2026-09-27T14:00:00Z,Elder Dragon/Volibear (RU/FR),9,0.0108173076923077
2026-09-27T14:00:00Z,Annie/Gwen (NX/SI),15,0.0180288461538462
2026-09-27T14:00:00Z,Azir/Irelia (IO/SH),20,0.0240384615384615
2026-09-27T14:00:00Z,Pyke/Rek'Sai (BW/SH),24,0.0288461538461538
2026-09-27T14:00:00Z,Annie/Jhin (RU/NX),39,0.046875
2026-09-27T14:00:00Z,Caitlyn/Teemo (BC/PZ),36,0.0432692307692308
2026-09-27T14:00:00Z,Braum/Zoe (FR/MT),84,0.100961538461538
2026-09-27T15:00:00Z,Other,629,0.657949790794979
2026-09-27T15:00:00Z,Bard/Norra (BC/RU),11,0.0115062761506276
2026-09-27T15:00:00Z,Caitlyn/Teemo (FR/PZ),4,0.00418410041841004
2026-09-27T15:00:00Z,Ezreal/Seraphine (BC/PZ),11,0.0115062761506276
2026-09-27T15:00:00Z,Draven/Jinx (NX/PZ),20,0.0209205020920502
2026-09-27T15:00:00Z,Nilah/Twisted Fate (BW/PZ),20,0.0209205020920502
2026-09-27T15:00:00Z,Elder Dragon/Volibear (RU/FR),25,0.0261506276150628
2026-09-27T15:00:00Z,Annie/Gwen (NX/SI),17,0.0177824267782427
2026-09-27T15:00:00Z,Azir/Irelia (IO/SH),34,0.0355648535564854
2026-09-27T15:00:00Z,Pyke/Rek'Sai (BW/SH),31,0.0324267782426778
2026-09-27T15:00:00Z,Annie/Jhin (RU/NX),27,0.0282426778242678
2026-09-27T15:00:00Z,Caitlyn/Teemo (BC/PZ),40,0.0418410041841004
2026-09-27T15:00:00Z,Braum/Zoe (FR/MT),87,0.0910041841004184
2026-09-27T16:00:00Z,Other,599,0.659691629955947
2026-09-27T16:00:00Z,Bard/Norra (BC/RU),9,0.00991189427312775
2026-09-27T16:00:00Z,Caitlyn/Teemo (FR/PZ),11,0.0121145374449339
2026-09-27T16:00:00Z,Ezreal/Seraphine (BC/PZ),10,0.0110132158590308
2026-09-27T16:00:00Z,Draven/Jinx (NX/PZ),12,0.013215859030837
2026-09-27T16:00:00Z,Nilah/Twisted Fate (BW/PZ),22,0.0242290748898678
2026-09-27T16:00:00Z,Elder Dragon/Volibear (RU/FR),14,0.0154185022026432
2026-09-27T16:00:00Z,Annie/Gwen (NX/SI),26,0.0286343612334802
2026-09-27T16:00:00Z,Azir/Irelia (IO/SH),22,0.0242290748898678
2026-09-27T16:00:00Z,Pyke/Rek'Sai (BW/SH),28,0.0308370044052863
2026-09-27T16:00:00Z,Annie/Jhin (RU/NX),32,0.0352422907488987
2026-09-27T16:00:00Z,Caitlyn/Teemo (BC/PZ),41,0.0451541850220264
2026-09-27T16:00:00Z,Braum/Zoe (FR/MT),82,0.0903083700440529
2026-09-27T17:00:00Z,Other,596,0.657836644591612
2026-09-27T17:00:00Z,Bard/Norra (BC/RU),8,0.00883002207505519
2026-09-27T17:00:00Z,Caitlyn/Teemo (FR/PZ),5,0.00551876379690949
2026-09-27T17:00:00Z,Ezreal/Seraphine (BC/PZ),11,0.0121412803532009
2026-09-27T17:00:00Z,Draven/Jinx (NX/PZ),32,0.0353200883002208
2026-09-27T17:00:00Z,Nilah/Twisted Fate (BW/PZ),19,0.0209713024282561
2026-09-27T17:00:00Z,Elder Dragon/Volibear (RU/FR),17,0.0187637969094923
2026-09-27T17:00:00Z,Annie/Gwen (NX/SI),20,0.022075055187638
2026-09-27T17:00:00Z,Azir/Irelia (IO/SH),15,0.0165562913907285
2026-09-27T17:00:00Z,Pyke/Rek'Sai (BW/SH),25,0.0275938189845475
2026-09-27T17:00:00Z,Annie/Jhin (RU/NX),27,0.0298013245033113
2026-09-27T17:00:00Z,Caitlyn/Teemo (BC/PZ),36,0.0397350993377483
2026-09-27T17:00:00Z,Braum/Zoe (FR/MT),95,0.10485651214128
2026-09-27T18:00:00Z,Other,585,0.652901785714286
2026-09-27T18:00:00Z,Bard/Norra (BC/RU),10,0.0111607142857143
2026-09-27T18:00:00Z,Caitlyn/Teemo (FR/PZ),8,0.00892857142857143
2026-09-27T18:00:00Z,Ezreal/Seraphine (BC/PZ),16,0.0178571428571429
2026-09-27T18:00:00Z,Draven/Jinx (NX/PZ),22,0.0245535714285714
2026-09-27T18:00:00Z,Nilah/Twisted Fate (BW/PZ),20,0.0223214285714286
2026-09-27T18:00:00Z,Elder Dragon/Volibear (RU/FR),9,0.0100446428571429
2026-09-27T18:00:00Z,Annie/Gwen (NX/SI),18,0.0200892857142857
2026-09-27T18:00:00Z,Azir/Irelia (IO/SH),17,0.0189732142857143
2026-09-27T18:00:00Z,Pyke/Rek'Sai (BW/SH),27,0.0301339285714286
2026-09-27T18:00:00Z,Annie/Jhin (RU/NX),37,0.0412946428571429
2026-09-27T18:00:00Z,Caitlyn/Teemo (BC/PZ),50,0.0558035714285714
2026-09-27T18:00:00Z,Braum/Zoe (FR/MT),77,0.0859375
2026-09-27T19:00:00Z,Other,637,0.68494623655914
2026-09-27T19:00:00Z,Bard/Norra (BC/RU),18,0.0193548387096774
2026-09-27T19:00:00Z,Caitlyn/Teemo (FR/PZ),13,0.0139784946236559
2026-09-27T19:00:00Z,Ezreal/Seraphine (BC/PZ),6,0.00645161290322581
2026-09-27T19:00:00Z,Draven/Jinx (NX/PZ),30,0.032258064516129
2026-09-27T19:00:00Z,Nilah/Twisted Fate (BW/PZ),7,0.00752688172043011
2026-09-27T19:00:00Z,Elder Dragon/Volibear (RU/FR),17,0.0182795698924731
2026-09-27T19:00:00Z,Annie/Gwen (NX/SI),8,0.00860215053763441
2026-09-27T19:00:00Z,Azir/Irelia (IO/SH),20,0.021505376344086
2026-09-27T19:00:00Z,Pyke/Rek'Sai (BW/SH),24,0.0258064516129032
2026-09-27T19:00:00Z,Annie/Jhin (RU/NX),50,0.0537634408602151
2026-09-27T19:00:00Z,Caitlyn/Teemo (BC/PZ),43,0.0462365591397849
2026-09-27T19:00:00Z,Braum/Zoe (FR/MT),57,0.0612903225806452
2026-09-27T20:00:00Z,Other,573,0.685406698564593
2026-09-27T20:00:00Z,Bard/Norra (BC/RU),8,0.00956937799043062
2026-09-27T20:00:00Z,Caitlyn/Teemo (FR/PZ),14,0.0167464114832536
2026-09-27T20:00:00Z,Ezreal/Seraphine (BC/PZ),15,0.0179425837320574
2026-09-27T20:00:00Z,Draven/Jinx (NX/PZ),14,0.0167464114832536
2026-09-27T20:00:00Z,Nilah/Twisted Fate (BW/PZ),10,0.0119617224880383
2026-09-27T20:00:00Z,Elder Dragon/Volibear (RU/FR),20,0.0239234449760766
2026-09-27T20:00:00Z,Annie/Gwen (NX/SI),10,0.0119617224880383
2026-09-27T20:00:00Z,Azir/Irelia (IO/SH),21,0.0251196172248804
2026-09-27T20:00:00Z,Pyke/Rek'Sai (BW/SH),20,0.0239234449760766
2026-09-27T20:00:00Z,Annie/Jhin (RU/NX),31,0.0370813397129187
2026-09-27T20:00:00Z,Caitlyn/Teemo (BC/PZ),28,0.0334928229665072
2026-09-27T20:00:00Z,Braum/Zoe (FR/MT),72,0.0861244019138756
2026-09-27T21:00:00Z,Other,500,0.681198910081744
2026-09-27T21:00:00Z,Bard/Norra (BC/RU),11,0.0149863760217984
2026-09-27T21:00:00Z,Caitlyn/Teemo (FR/PZ),13,0.0177111716621253
2026-09-27T21:00:00Z,Ezreal/Seraphine (BC/PZ),9,0.0122615803814714
2026-09-27T21:00:00Z,Draven/Jinx (NX/PZ),15,0.0204359673024523
2026-09-27T21:00:00Z,Nilah/Twisted Fate (BW/PZ),3,0.00408719346049046
2026-09-27T21:00:00Z,Elder Dragon/Volibear (RU/FR),18,0.0245231607629428
2026-09-27T21:00:00Z,Annie/Gwen (NX/SI),26,0.0354223433242507
2026-09-27T21:00:00Z,Azir/Irelia (IO/SH),30,0.0408719346049046
2026-09-27T21:00:00Z,Pyke/Rek'Sai (BW/SH),10,0.0136239782016349
2026-09-27T21:00:00Z,Annie/Jhin (RU/NX),16,0.0217983651226158
2026-09-27T21:00:00Z,Caitlyn/Teemo (BC/PZ),39,0.053133514986376
2026-09-27T21:00:00Z,Braum/Zoe (FR/MT),44,0.0599455040871935
2026-09-27T22:00:00Z,Other,497,0.682692307692308
2026-09-27T22:00:00Z,Bard/Norra (BC/RU),8,0.010989010989011
2026-09-27T22:00:00Z,Caitlyn/Teemo (FR/PZ),2,0.00274725274725275
2026-09-27T22:00:00Z,Ezreal/Seraphine (BC/PZ),13,0.0178571428571429
2026-09-27T22:00:00Z,Draven/Jinx (NX/PZ),21,0.0288461538461538
2026-09-27T22:00:00Z,Nilah/Twisted Fate (BW/PZ),15,0.0206043956043956
2026-09-27T22:00:00Z,Elder Dragon/Volibear (RU/FR),14,0.0192307692307692
2026-09-27T22:00:00Z,Annie/Gwen (NX/SI),23,0.0315934065934066
2026-09-27T22:00:00Z,Azir/Irelia (IO/SH),16,0.021978021978022
2026-09-27T22:00:00Z,Pyke/Rek'Sai (BW/SH),18,0.0247252747252747
2026-09-27T22:00:00Z,Annie/Jhin (RU/NX),27,0.0370879120879121
2026-09-27T22:00:00Z,Caitlyn/Teemo (BC/PZ),19,0.0260989010989011
2026-09-27T22:00:00Z,Braum/Zoe (FR/MT),55,0.0755494505494506
2026-09-27T23:00:00Z,Other,430,0.678233438485805
2026-09-27T23:00:00Z,Bard/Norra (BC/RU),4,0.00630914826498423
2026-09-27T23:00:00Z,Caitlyn/Teemo (FR/PZ),2,0.00315457413249211
2026-09-27T23:00:00Z,Ezreal/Seraphine (BC/PZ),7,0.0110410094637224
2026-09-27T23:00:00Z,Draven/Jinx (NX/PZ),18,0.028391167192429
2026-09-27T23:00:00Z,Nilah/Twisted Fate (BW/PZ),6,0.00946372239747634
2026-09-27T23:00:00Z,Elder Dragon/Volibear (RU/FR),14,0.0220820189274448
2026-09-27T23:00:00Z,Annie/Gwen (NX/SI),14,0.0220820189274448
2026-09-27T23:00:00Z,Azir/Irelia (IO/SH),11,0.0173501577287066
2026-09-27T23:00:00Z,Pyke/Rek'Sai (BW/SH),11,0.0173501577287066
2026-09-27T23:00:00Z,Annie/Jhin (RU/NX),37,0.0583596214511041
2026-09-27T23:00:00Z,Caitlyn/Teemo (BC/PZ),37,0.0583596214511041
2026-09-27T23:00:00Z,Braum/Zoe (FR/MT),43,0.0678233438485804
2026-09-28T00:00:00Z,Other,403,0.665016501650165
2026-09-28T00:00:00Z,Bard/Norra (BC/RU),4,0.0066006600660066
2026-09-28T00:00:00Z,Caitlyn/Teemo (FR/PZ),7,0.0115511551155116
2026-09-28T00:00:00Z,Ezreal/Seraphine (BC/PZ),8,0.0132013201320132
2026-09-28T00:00:00Z,Draven/Jinx (NX/PZ),2,0.0033003300330033
2026-09-28T00:00:00Z,Nilah/Twisted Fate (BW/PZ),10,0.0165016501650165
2026-09-28T00:00:00Z,Elder Dragon/Volibear (RU/FR),13,0.0214521452145215
2026-09-28T00:00:00Z,Annie/Gwen (NX/SI),11,0.0181518151815182
2026-09-28T00:00:00Z,Azir/Irelia (IO/SH),16,0.0264026402640264
2026-09-28T00:00:00Z,Pyke/Rek'Sai (BW/SH),21,0.0346534653465347
2026-09-28T00:00:00Z,Annie/Jhin (RU/NX),17,0.0280528052805281
2026-09-28T00:00:00Z,Caitlyn/Teemo (BC/PZ),34,0.0561056105610561
2026-09-28T00:00:00Z,Braum/Zoe (FR/MT),60,0.099009900990099
2026-09-28T01:00:00Z,Other,421,0.65987460815047
2026-09-28T01:00:00Z,Bard/Norra (BC/RU),5,0.00783699059561129
2026-09-28T01:00:00Z,Caitlyn/Teemo (FR/PZ),4,0.00626959247648903
2026-09-28T01:00:00Z,Ezreal/Seraphine (BC/PZ),5,0.00783699059561129
2026-09-28T01:00:00Z,Draven/Jinx (NX/PZ),6,0.00940438871473354
2026-09-28T01:00:00Z,Nilah/Twisted Fate (BW/PZ),7,0.0109717868338558
2026-09-28T01:00:00Z,Elder Dragon/Volibear (RU/FR),27,0.0423197492163009
2026-09-28T01:00:00Z,Annie/Gwen (NX/SI),13,0.0203761755485893
2026-09-28T01:00:00Z,Azir/Irelia (IO/SH),20,0.0313479623824451
2026-09-28T01:00:00Z,Pyke/Rek'Sai (BW/SH),31,0.04858934169279
2026-09-28T01:00:00Z,Annie/Jhin (RU/NX),21,0.0329153605015674
2026-09-28T01:00:00Z,Caitlyn/Teemo (BC/PZ),31,0.04858934169279
2026-09-28T01:00:00Z,Braum/Zoe (FR/MT),47,0.0736677115987461
2026-09-28T02:00:00Z,Other,377,0.670818505338078
2026-09-28T02:00:00Z,Bard/Norra (BC/RU),11,0.0195729537366548
2026-09-28T02:00:00Z,Caitlyn/Teemo (FR/PZ),2,0.00355871886120996
2026-09-28T02:00:00Z,Ezreal/Seraphine (BC/PZ),7,0.0124555160142349
2026-09-28T02:00:00Z,Draven/Jinx (NX/PZ),8,0.0142348754448399
2026-09-28T02:00:00Z,Nilah/Twisted Fate (BW/PZ),5,0.00889679715302491
2026-09-28T02:00:00Z,Elder Dragon/Volibear (RU/FR),10,0.0177935943060498
2026-09-28T02:00:00Z,Annie/Gwen (NX/SI),25,0.0444839857651246
2026-09-28T02:00:00Z,Azir/Irelia (IO/SH),15,0.0266903914590747
2026-09-28T02:00:00Z,Pyke/Rek'Sai (BW/SH),24,0.0427046263345196
2026-09-28T02:00:00Z,Annie/Jhin (RU/NX),11,0.0195729537366548
2026-09-28T02:00:00Z,Caitlyn/Teemo (BC/PZ),35,0.0622775800711744
2026-09-28T02:00:00Z,Braum/Zoe (FR/MT),32,0.0569395017793594
2026-09-28T03:00:00Z,Other,421,0.685667752442997
2026-09-28T03:00:00Z,Bard/Norra (BC/RU),17,0.0276872964169381
2026-09-28T03:00:00Z,Caitlyn/Teemo (FR/PZ),5,0.00814332247557003
2026-09-28T03:00:00Z,Ezreal/Seraphine (BC/PZ),4,0.00651465798045603
2026-09-28T03:00:00Z,Draven/Jinx (NX/PZ),2,0.00325732899022801
2026-09-28T03:00:00Z,Nilah/Twisted Fate (BW/PZ),12,0.0195439739413681
2026-09-28T03:00:00Z,Elder Dragon/Volibear (RU/FR),10,0.0162866449511401
2026-09-28T03:00:00Z,Annie/Gwen (NX/SI),23,0.0374592833876222
2026-09-28T03:00:00Z,Azir/Irelia (IO/SH),15,0.0244299674267101
2026-09-28T03:00:00Z,Pyke/Rek'Sai (BW/SH),34,0.0553745928338762
2026-09-28T03:00:00Z,Annie/Jhin (RU/NX),5,0.00814332247557003
2026-09-28T03:00:00Z,Caitlyn/Teemo (BC/PZ),38,0.0618892508143323
2026-09-28T03:00:00Z,Braum/Zoe (FR/MT),28,0.0456026058631922
2026-09-28T04:00:00Z,Other,282,0.665094339622642
2026-09-28T04:00:00Z,Bard/Norra (BC/RU),5,0.0117924528301887
2026-09-28T04:00:00Z,Caitlyn/Teemo (FR/PZ),0,0
2026-09-28T04:00:00Z,Ezreal/Seraphine (BC/PZ),3,0.00707547169811321
2026-09-28T04:00:00Z,Draven/Jinx (NX/PZ),11,0.0259433962264151
2026-09-28T04:00:00Z,Nilah/Twisted Fate (BW/PZ),4,0.00943396226415094
2026-09-28T04:00:00Z,Elder Dragon/Volibear (RU/FR),6,0.0141509433962264
2026-09-28T04:00:00Z,Annie/Gwen (NX/SI),17,0.0400943396226415
2026-09-28T04:00:00Z,Azir/Irelia (IO/SH),8,0.0188679245283019
2026-09-28T04:00:00Z,Pyke/Rek'Sai (BW/SH),24,0.0566037735849057
2026-09-28T04:00:00Z,Annie/Jhin (RU/NX),14,0.0330188679245283
2026-09-28T04:00:00Z,Caitlyn/Teemo (BC/PZ),18,0.0424528301886792
2026-09-28T04:00:00Z,Braum/Zoe (FR/MT),32,0.0754716981132076
2026-09-28T05:00:00Z,Other,300,0.678733031674208
2026-09-28T05:00:00Z,Bard/Norra (BC/RU),6,0.0135746606334842
2026-09-28T05:00:00Z,Caitlyn/Teemo (FR/PZ),1,0.00226244343891403
2026-09-28T05:00:00Z,Ezreal/Seraphine (BC/PZ),5,0.0113122171945701
2026-09-28T05:00:00Z,Draven/Jinx (NX/PZ),5,0.0113122171945701
2026-09-28T05:00:00Z,Nilah/Twisted Fate (BW/PZ),8,0.0180995475113122
2026-09-28T05:00:00Z,Elder Dragon/Volibear (RU/FR),7,0.0158371040723982
2026-09-28T05:00:00Z,Annie/Gwen (NX/SI),20,0.0452488687782805
2026-09-28T05:00:00Z,Azir/Irelia (IO/SH),14,0.0316742081447964
2026-09-28T05:00:00Z,Pyke/Rek'Sai (BW/SH),15,0.0339366515837104
2026-09-28T05:00:00Z,Annie/Jhin (RU/NX),15,0.0339366515837104
2026-09-28T05:00:00Z,Caitlyn/Teemo (BC/PZ),9,0.0203619909502262
2026-09-28T05:00:00Z,Braum/Zoe (FR/MT),37,0.083710407239819
2026-09-28T06:00:00Z,Other,336,0.626865671641791
2026-09-28T06:00:00Z,Bard/Norra (BC/RU),9,0.0167910447761194
2026-09-28T06:00:00Z,Caitlyn/Teemo (FR/PZ),3,0.00559701492537313
2026-09-28T06:00:00Z,Ezreal/Seraphine (BC/PZ),5,0.00932835820895522
2026-09-28T06:00:00Z,Draven/Jinx (NX/PZ),9,0.0167910447761194
2026-09-28T06:00:00Z,Nilah/Twisted Fate (BW/PZ),4,0.00746268656716418
2026-09-28T06:00:00Z,Elder Dragon/Volibear (RU/FR),7,0.0130597014925373
2026-09-28T06:00:00Z,Annie/Gwen (NX/SI),17,0.0317164179104478
2026-09-28T06:00:00Z,Azir/Irelia (IO/SH),20,0.0373134328358209
2026-09-28T06:00:00Z,Pyke/Rek'Sai (BW/SH),11,0.0205223880597015
2026-09-28T06:00:00Z,Annie/Jhin (RU/NX),19,0.0354477611940299
2026-09-28T06:00:00Z,Caitlyn/Teemo (BC/PZ),36,0.0671641791044776
2026-09-28T06:00:00Z,Braum/Zoe (FR/MT),60,0.111940298507463
2026-09-28T07:00:00Z,Other,357,0.666044776119403
2026-09-28T07:00:00Z,Bard/Norra (BC/RU),5,0.00932835820895522
2026-09-28T07:00:00Z,Caitlyn/Teemo (FR/PZ),2,0.00373134328358209
2026-09-28T07:00:00Z,Ezreal/Seraphine (BC/PZ),4,0.00746268656716418
2026-09-28T07:00:00Z,Draven/Jinx (NX/PZ),4,0.00746268656716418
2026-09-28T07:00:00Z,Nilah/Twisted Fate (BW/PZ),11,0.0205223880597015
2026-09-28T07:00:00Z,Elder Dragon/Volibear (RU/FR),7,0.0130597014925373
2026-09-28T07:00:00Z,Annie/Gwen (NX/SI),28,0.0522388059701493
2026-09-28T07:00:00Z,Azir/Irelia (IO/SH),13,0.0242537313432836
2026-09-28T07:00:00Z,Pyke/Rek'Sai (BW/SH),21,0.0391791044776119
2026-09-28T07:00:00Z,Annie/Jhin (RU/NX),15,0.0279850746268657
2026-09-28T07:00:00Z,Caitlyn/Teemo (BC/PZ),17,0.0317164179104478
2026-09-28T07:00:00Z,Braum/Zoe (FR/MT),52,0.0970149253731343
2026-09-28T08:00:00Z,Other,297,0.66
2026-09-28T08:00:00Z,Bard/Norra (BC/RU),3,0.00666666666666667
2026-09-28T08:00:00Z,Caitlyn/Teemo (FR/PZ),1,0.00222222222222222
2026-09-28T08:00:00Z,Ezreal/Seraphine (BC/PZ),6,0.0133333333333333
2026-09-28T08:00:00Z,Draven/Jinx (NX/PZ),8,0.0177777777777778
2026-09-28T08:00:00Z,Nilah/Twisted Fate (BW/PZ),7,0.0155555555555556
2026-09-28T08:00:00Z,Elder Dragon/Volibear (RU/FR),5,0.0111111111111111
2026-09-28T08:00:00Z,Annie/Gwen (NX/SI),24,0.0533333333333333
2026-09-28T08:00:00Z,Azir/Irelia (IO/SH),11,0.0244444444444444
2026-09-28T08:00:00Z,Pyke/Rek'Sai (BW/SH),17,0.0377777777777778
2026-09-28T08:00:00Z,Annie/Jhin (RU/NX),5,0.0111111111111111
2026-09-28T08:00:00Z,Caitlyn/Teemo (BC/PZ),17,0.0377777777777778
2026-09-28T08:00:00Z,Braum/Zoe (FR/MT),49,0.108888888888889
2026-09-28T09:00:00Z,Other,348,0.632727272727273
2026-09-28T09:00:00Z,Bard/Norra (BC/RU),14,0.0254545454545455
2026-09-28T09:00:00Z,Caitlyn/Teemo (FR/PZ),4,0.00727272727272727
2026-09-28T09:00:00Z,Ezreal/Seraphine (BC/PZ),4,0.00727272727272727
2026-09-28T09:00:00Z,Draven/Jinx (NX/PZ),7,0.0127272727272727
2026-09-28T09:00:00Z,Nilah/Twisted Fate (BW/PZ),13,0.0236363636363636
2026-09-28T09:00:00Z,Elder Dragon/Volibear (RU/FR),6,0.0109090909090909
2026-09-28T09:00:00Z,Annie/Gwen (NX/SI),27,0.0490909090909091
2026-09-28T09:00:00Z,Azir/Irelia (IO/SH),12,0.0218181818181818
2026-09-28T09:00:00Z,Pyke/Rek'Sai (BW/SH),25,0.0454545454545455
2026-09-28T09:00:00Z,Annie/Jhin (RU/NX),18,0.0327272727272727
2026-09-28T09:00:00Z,Caitlyn/Teemo (BC/PZ),19,0.0345454545454545
2026-09-28T09:00:00Z,Braum/Zoe (FR/MT),53,0.0963636363636364
2026-09-28T10:00:00Z,Other,402,0.612804878048781
2026-09-28T10:00:00Z,Bard/Norra (BC/RU),11,0.0167682926829268
2026-09-28T10:00:00Z,Caitlyn/Teemo (FR/PZ),14,0.0213414634146341
2026-09-28T10:00:00Z,Ezreal/Seraphine (BC/PZ),6,0.00914634146341463
2026-09-28T10:00:00Z,Draven/Jinx (NX/PZ),11,0.0167682926829268
2026-09-28T10:00:00Z,Nilah/Twisted Fate (BW/PZ),9,0.013719512195122
2026-09-28T10:00:00Z,Elder Dragon/Volibear (RU/FR),16,0.024390243902439
2026-09-28T10:00:00Z,Annie/Gwen (NX/SI),26,0.0396341463414634
2026-09-28T10:00:00Z,Azir/Irelia (IO/SH),23,0.0350609756097561
2026-09-28T10:00:00Z,Pyke/Rek'Sai (BW/SH),14,0.0213414634146341
2026-09-28T10:00:00Z,Annie/Jhin (RU/NX),16,0.024390243902439
2026-09-28T10:00:00Z,Caitlyn/Teemo (BC/PZ),47,0.0716463414634146
2026-09-28T10:00:00Z,Braum/Zoe (FR/MT),61,0.0929878048780488
2026-09-28T11:00:00Z,Other,446,0.681957186544342
2026-09-28T11:00:00Z,Bard/Norra (BC/RU),5,0.00764525993883792
2026-09-28T11:00:00Z,Caitlyn/Teemo (FR/PZ),8,0.0122324159021407
2026-09-28T11:00:00Z,Ezreal/Seraphine (BC/PZ),6,0.0091743119266055
2026-09-28T11:00:00Z,Draven/Jinx (NX/PZ),10,0.0152905198776758
2026-09-28T11:00:00Z,Nilah/Twisted Fate (BW/PZ),7,0.0107033639143731
2026-09-28T11:00:00Z,Elder Dragon/Volibear (RU/FR),12,0.018348623853211
2026-09-28T11:00:00Z,Annie/Gwen (NX/SI),32,0.0489296636085627
2026-09-28T11:00:00Z,Azir/Irelia (IO/SH),19,0.0290519877675841
2026-09-28T11:00:00Z,Pyke/Rek'Sai (BW/SH),17,0.0259938837920489
2026-09-28T11:00:00Z,Annie/Jhin (RU/NX),16,0.0244648318042813
2026-09-28T11:00:00Z,Caitlyn/Teemo (BC/PZ),15,0.0229357798165138
2026-09-28T11:00:00Z,Braum/Zoe (FR/MT),61,0.0932721712538226
2026-09-28T12:00:00Z,Other,495,0.64621409921671
2026-09-28T12:00:00Z,Bard/Norra (BC/RU),3,0.00391644908616188
2026-09-28T12:00:00Z,Caitlyn/Teemo (FR/PZ),9,0.0117493472584856
2026-09-28T12:00:00Z,Ezreal/Seraphine (BC/PZ),7,0.00913838120104439
2026-09-28T12:00:00Z,Draven/Jinx (NX/PZ),8,0.010443864229765
2026-09-28T12:00:00Z,Nilah/Twisted Fate (BW/PZ),8,0.010443864229765
2026-09-28T12:00:00Z,Elder Dragon/Volibear (RU/FR),14,0.0182767624020888
2026-09-28T12:00:00Z,Annie/Gwen (NX/SI),29,0.0378590078328982
2026-09-28T12:00:00Z,Azir/Irelia (IO/SH),29,0.0378590078328982
2026-09-28T12:00:00Z,Pyke/Rek'Sai (BW/SH),20,0.0261096605744125
2026-09-28T12:00:00Z,Annie/Jhin (RU/NX),20,0.0261096605744125
2026-09-28T12:00:00Z,Caitlyn/Teemo (BC/PZ),34,0.0443864229765013
2026-09-28T12:00:00Z,Braum/Zoe (FR/MT),90,0.117493472584856
2026-09-28T13:00:00Z,Other,577,0.710591133004926
2026-09-28T13:00:00Z,Bard/Norra (BC/RU),10,0.0123152709359606
2026-09-28T13:00:00Z,Caitlyn/Teemo (FR/PZ),5,0.0061576354679803
2026-09-28T13:00:00Z,Ezreal/Seraphine (BC/PZ),3,0.00369458128078818
2026-09-28T13:00:00Z,Draven/Jinx (NX/PZ),10,0.0123152709359606
2026-09-28T13:00:00Z,Nilah/Twisted Fate (BW/PZ),13,0.0160098522167488
2026-09-28T13:00:00Z,Elder Dragon/Volibear (RU/FR),9,0.0110837438423645
2026-09-28T13:00:00Z,Annie/Gwen (NX/SI),30,0.0369458128078818
2026-09-28T13:00:00Z,Azir/Irelia (IO/SH),17,0.020935960591133
2026-09-28T13:00:00Z,Pyke/Rek'Sai (BW/SH),22,0.0270935960591133
2026-09-28T13:00:00Z,Annie/Jhin (RU/NX),25,0.0307881773399015
2026-09-28T13:00:00Z,Caitlyn/Teemo (BC/PZ),27,0.0332512315270936
2026-09-28T13:00:00Z,Braum/Zoe (FR/MT),64,0.0788177339901478
2026-09-28T14:00:00Z,Other,530,0.664160401002506
2026-09-28T14:00:00Z,Bard/Norra (BC/RU),4,0.0050125313283208
2026-09-28T14:00:00Z,Caitlyn/Teemo (FR/PZ),6,0.0075187969924812
2026-09-28T14:00:00Z,Ezreal/Seraphine (BC/PZ),9,0.0112781954887218
2026-09-28T14:00:00Z,Draven/Jinx (NX/PZ),21,0.0263157894736842
2026-09-28T14:00:00Z,Nilah/Twisted Fate (BW/PZ),24,0.0300751879699248
2026-09-28T14:00:00Z,Elder Dragon/Volibear (RU/FR),10,0.012531328320802
2026-09-28T14:00:00Z,Annie/Gwen (NX/SI),24,0.0300751879699248
2026-09-28T14:00:00Z,Azir/Irelia (IO/SH),17,0.0213032581453634
2026-09-28T14:00:00Z,Pyke/Rek'Sai (BW/SH),24,0.0300751879699248
2026-09-28T14:00:00Z,Annie/Jhin (RU/NX),21,0.0263157894736842
2026-09-28T14:00:00Z,Caitlyn/Teemo (BC/PZ),34,0.0426065162907268
2026-09-28T14:00:00Z,Braum/Zoe (FR/MT),74,0.0927318295739348
2026-09-28T15:00:00Z,Other,561,0.644827586206897
2026-09-28T15:00:00Z,Bard/Norra (BC/RU),7,0.00804597701149425
2026-09-28T15:00:00Z,Caitlyn/Teemo (FR/PZ),8,0.00919540229885057
2026-09-28T15:00:00Z,Ezreal/Seraphine (BC/PZ),8,0.00919540229885057
2026-09-28T15:00:00Z,Draven/Jinx (NX/PZ),36,0.0413793103448276
2026-09-28T15:00:00Z,Nilah/Twisted Fate (BW/PZ),17,0.0195402298850575
2026-09-28T15:00:00Z,Elder Dragon/Volibear (RU/FR),20,0.0229885057471264
2026-09-28T15:00:00Z,Annie/Gwen (NX/SI),27,0.0310344827586207
2026-09-28T15:00:00Z,Azir/Irelia (IO/SH),17,0.0195402298850575
2026-09-28T15:00:00Z,Pyke/Rek'Sai (BW/SH),32,0.0367816091954023
2026-09-28T15:00:00Z,Annie/Jhin (RU/NX),27,0.0310344827586207
2026-09-28T15:00:00Z,Caitlyn/Teemo (BC/PZ),39,0.0448275862068966
2026-09-28T15:00:00Z,Braum/Zoe (FR/MT),71,0.0816091954022989
2026-09-28T16:00:00Z,Other,585,0.642857142857143
2026-09-28T16:00:00Z,Bard/Norra (BC/RU),6,0.00659340659340659
2026-09-28T16:00:00Z,Caitlyn/Teemo (FR/PZ),7,0.00769230769230769
2026-09-28T16:00:00Z,Ezreal/Seraphine (BC/PZ),13,0.0142857142857143
2026-09-28T16:00:00Z,Draven/Jinx (NX/PZ),17,0.0186813186813187
2026-09-28T16:00:00Z,Nilah/Twisted Fate (BW/PZ),20,0.021978021978022
2026-09-28T16:00:00Z,Elder Dragon/Volibear (RU/FR),21,0.0230769230769231
2026-09-28T16:00:00Z,Annie/Gwen (NX/SI),38,0.0417582417582418
2026-09-28T16:00:00Z,Azir/Irelia (IO/SH),20,0.021978021978022
2026-09-28T16:00:00Z,Pyke/Rek'Sai (BW/SH),22,0.0241758241758242
2026-09-28T16:00:00Z,Annie/Jhin (RU/NX),24,0.0263736263736264
2026-09-28T16:00:00Z,Caitlyn/Teemo (BC/PZ),49,0.0538461538461539
2026-09-28T16:00:00Z,Braum/Zoe (FR/MT),88,0.0967032967032967
2026-09-28T17:00:00Z,Other,597,0.700704225352113
2026-09-28T17:00:00Z,Bard/Norra (BC/RU),2,0.00234741784037559
2026-09-28T17:00:00Z,Caitlyn/Teemo (FR/PZ),6,0.00704225352112676
2026-09-28T17:00:00Z,Ezreal/Seraphine (BC/PZ),12,0.0140845070422535
2026-09-28T17:00:00Z,Draven/Jinx (NX/PZ),4,0.00469483568075117
2026-09-28T17:00:00Z,Nilah/Twisted Fate (BW/PZ),16,0.0187793427230047
2026-09-28T17:00:00Z,Elder Dragon/Volibear (RU/FR),21,0.0246478873239437
2026-09-28T17:00:00Z,Annie/Gwen (NX/SI),23,0.0269953051643193
2026-09-28T17:00:00Z,Azir/Irelia (IO/SH),39,0.045774647887324
2026-09-28T17:00:00Z,Pyke/Rek'Sai (BW/SH),27,0.0316901408450704
2026-09-28T17:00:00Z,Annie/Jhin (RU/NX),21,0.0246478873239437
2026-09-28T17:00:00Z,Caitlyn/Teemo (BC/PZ),20,0.0234741784037559
2026-09-28T17:00:00Z,Braum/Zoe (FR/MT),64,0.0751173708920188
2026-09-28T18:00:00Z,Other,601,0.712085308056872
2026-09-28T18:00:00Z,Bard/Norra (BC/RU),8,0.00947867298578199
2026-09-28T18:00:00Z,Caitlyn/Teemo (FR/PZ),4,0.004739336492891
2026-09-28T18:00:00Z,Ezreal/Seraphine (BC/PZ),9,0.0106635071090047
2026-09-28T18:00:00Z,Draven/Jinx (NX/PZ),11,0.0130331753554502
2026-09-28T18:00:00Z,Nilah/Twisted Fate (BW/PZ),15,0.0177725118483412
2026-09-28T18:00:00Z,Elder Dragon/Volibear (RU/FR),30,0.0355450236966825
2026-09-28T18:00:00Z,Annie/Gwen (NX/SI),13,0.0154028436018957
2026-09-28T18:00:00Z,Azir/Irelia (IO/SH),37,0.0438388625592417
2026-09-28T18:00:00Z,Pyke/Rek'Sai (BW/SH),21,0.0248815165876777
2026-09-28T18:00:00Z,Annie/Jhin (RU/NX),27,0.0319905213270142
2026-09-28T18:00:00Z,Caitlyn/Teemo (BC/PZ),23,0.0272511848341232
2026-09-28T18:00:00Z,Braum/Zoe (FR/MT),45,0.0533175355450237
2026-09-28T19:00:00Z,Other,573,0.707407407407407
2026-09-28T19:00:00Z,Bard/Norra (BC/RU),7,0.00864197530864198
2026-09-28T19:00:00Z,Caitlyn/Teemo (FR/PZ),2,0.00246913580246914
2026-09-28T19:00:00Z,Ezreal/Seraphine (BC/PZ),11,0.0135802469135802
2026-09-28T19:00:00Z,Draven/Jinx (NX/PZ),14,0.017283950617284
2026-09-28T19:00:00Z,Nilah/Twisted Fate (BW/PZ),5,0.00617283950617284
2026-09-28T19:00:00Z,Elder Dragon/Volibear (RU/FR),25,0.0308641975308642
2026-09-28T19:00:00Z,Annie/Gwen (NX/SI),17,0.0209876543209877
2026-09-28T19:00:00Z,Azir/Irelia (IO/SH),19,0.0234567901234568
2026-09-28T19:00:00Z,Pyke/Rek'Sai (BW/SH),31,0.0382716049382716
2026-09-28T19:00:00Z,Annie/Jhin (RU/NX),31,0.0382716049382716
2026-09-28T19:00:00Z,Caitlyn/Teemo (BC/PZ),33,0.0407407407407407
2026-09-28T19:00:00Z,Braum/Zoe (FR/MT),42,0.0518518518518519
2026-09-28T20:00:00Z,Other,531,0.657178217821782
2026-09-28T20:00:00Z,Bard/Norra (BC/RU),6,0.00742574257425743
2026-09-28T20:00:00Z,Caitlyn/Teemo (FR/PZ),2,0.00247524752475248
2026-09-28T20:00:00Z,Ezreal/Seraphine (BC/PZ),17,0.021039603960396
2026-09-28T20:00:00Z,Draven/Jinx (NX/PZ),26,0.0321782178217822
2026-09-28T20:00:00Z,Nilah/Twisted Fate (BW/PZ),10,0.0123762376237624
2026-09-28T20:00:00Z,Elder Dragon/Volibear (RU/FR),24,0.0297029702970297
2026-09-28T20:00:00Z,Annie/Gwen (NX/SI),21,0.025990099009901
2026-09-28T20:00:00Z,Azir/Irelia (IO/SH),18,0.0222772277227723
2026-09-28T20:00:00Z,Pyke/Rek'Sai (BW/SH),31,0.0383663366336634
2026-09-28T20:00:00Z,Annie/Jhin (RU/NX),35,0.0433168316831683
2026-09-28T20:00:00Z,Caitlyn/Teemo (BC/PZ),35,0.0433168316831683
2026-09-28T20:00:00Z,Braum/Zoe (FR/MT),52,0.0643564356435644
2026-09-28T21:00:00Z,Other,546,0.691139240506329
2026-09-28T21:00:00Z,Bard/Norra (BC/RU),4,0.00506329113924051
2026-09-28T21:00:00Z,Caitlyn/Teemo (FR/PZ),1,0.00126582278481013
2026-09-28T21:00:00Z,Ezreal/Seraphine (BC/PZ),1,0.00126582278481013
2026-09-28T21:00:00Z,Draven/Jinx (NX/PZ),8,0.010126582278481
2026-09-28T21:00:00Z,Nilah/Twisted Fate (BW/PZ),9,0.0113924050632911
2026-09-28T21:00:00Z,Elder Dragon/Volibear (RU/FR),17,0.0215189873417722
2026-09-28T21:00:00Z,Annie/Gwen (NX/SI),27,0.0341772151898734
2026-09-28T21:00:00Z,Azir/Irelia (IO/SH),33,0.0417721518987342
2026-09-28T21:00:00Z,Pyke/Rek'Sai (BW/SH),18,0.0227848101265823
2026-09-28T21:00:00Z,Annie/Jhin (RU/NX),30,0.0379746835443038
2026-09-28T21:00:00Z,Caitlyn/Teemo (BC/PZ),37,0.0468354430379747
2026-09-28T21:00:00Z,Braum/Zoe (FR/MT),59,0.0746835443037975
2026-09-28T22:00:00Z,Other,489,0.704610951008646
2026-09-28T22:00:00Z,Bard/Norra (BC/RU),1,0.00144092219020173
2026-09-28T22:00:00Z,Caitlyn/Teemo (FR/PZ),18,0.0259365994236311
2026-09-28T22:00:00Z,Ezreal/Seraphine (BC/PZ),2,0.00288184438040346
2026-09-28T22:00:00Z,Draven/Jinx (NX/PZ),16,0.0230547550432277
2026-09-28T22:00:00Z,Nilah/Twisted Fate (BW/PZ),15,0.0216138328530259
2026-09-28T22:00:00Z,Elder Dragon/Volibear (RU/FR),15,0.0216138328530259
2026-09-28T22:00:00Z,Annie/Gwen (NX/SI),15,0.0216138328530259
2026-09-28T22:00:00Z,Azir/Irelia (IO/SH),24,0.0345821325648415
2026-09-28T22:00:00Z,Pyke/Rek'Sai (BW/SH),22,0.031700288184438
2026-09-28T22:00:00Z,Annie/Jhin (RU/NX),10,0.0144092219020173
2026-09-28T22:00:00Z,Caitlyn/Teemo (BC/PZ),36,0.0518731988472623
2026-09-28T22:00:00Z,Braum/Zoe (FR/MT),31,0.0446685878962536
2026-09-28T23:00:00Z,Other,427,0.665109034267913
2026-09-28T23:00:00Z,Bard/Norra (BC/RU),2,0.00311526479750779
2026-09-28T23:00:00Z,Caitlyn/Teemo (FR/PZ),4,0.00623052959501558
2026-09-28T23:00:00Z,Ezreal/Seraphine (BC/PZ),12,0.0186915887850467
2026-09-28T23:00:00Z,Draven/Jinx (NX/PZ),9,0.014018691588785
2026-09-28T23:00:00Z,Nilah/Twisted Fate (BW/PZ),16,0.0249221183800623
2026-09-28T23:00:00Z,Elder Dragon/Volibear (RU/FR),30,0.0467289719626168
2026-09-28T23:00:00Z,Annie/Gwen (NX/SI),15,0.0233644859813084
2026-09-28T23:00:00Z,Azir/Irelia (IO/SH),20,0.0311526479750779
2026-09-28T23:00:00Z,Pyke/Rek'Sai (BW/SH),18,0.0280373831775701
2026-09-28T23:00:00Z,Annie/Jhin (RU/NX),21,0.0327102803738318
2026-09-28T23:00:00Z,Caitlyn/Teemo (BC/PZ),32,0.0498442367601246
2026-09-28T23:00:00Z,Braum/Zoe (FR/MT),36,0.0560747663551402
2026-09-29T00:00:00Z,Other,378,0.638513513513514
2026-09-29T00:00:00Z,Bard/Norra (BC/RU),2,0.00337837837837838
2026-09-29T00:00:00Z,Caitlyn/Teemo (FR/PZ),7,0.0118243243243243
2026-09-29T00:00:00Z,Ezreal/Seraphine (BC/PZ),9,0.0152027027027027
2026-09-29T00:00:00Z,Draven/Jinx (NX/PZ),10,0.0168918918918919
2026-09-29T00:00:00Z,Nilah/Twisted Fate (BW/PZ),2,0.00337837837837838
2026-09-29T00:00:00Z,Elder Dragon/Volibear (RU/FR),30,0.0506756756756757
2026-09-29T00:00:00Z,Annie/Gwen (NX/SI),21,0.035472972972973
2026-09-29T00:00:00Z,Azir/Irelia (IO/SH),7,0.0118243243243243
2026-09-29T00:00:00Z,Pyke/Rek'Sai (BW/SH),28,0.0472972972972973
2026-09-29T00:00:00Z,Annie/Jhin (RU/NX),15,0.0253378378378378
2026-09-29T00:00:00Z,Caitlyn/Teemo (BC/PZ),32,0.0540540540540541
2026-09-29T00:00:00Z,Braum/Zoe (FR/MT),51,0.0861486486486487
2026-09-29T01:00:00Z,Other,354,0.623239436619718
2026-09-29T01:00:00Z,Bard/Norra (BC/RU),10,0.0176056338028169
2026-09-29T01:00:00Z,Caitlyn/Teemo (FR/PZ),8,0.0140845070422535
2026-09-29T01:00:00Z,Ezreal/Seraphine (BC/PZ),6,0.0105633802816901
2026-09-29T01:00:00Z,Draven/Jinx (NX/PZ),11,0.0193661971830986
2026-09-29T01:00:00Z,Nilah/Twisted Fate (BW/PZ),2,0.00352112676056338
2026-09-29T01:00:00Z,Elder Dragon/Volibear (RU/FR),34,0.0598591549295775
2026-09-29T01:00:00Z,Annie/Gwen (NX/SI),20,0.0352112676056338
2026-09-29T01:00:00Z,Azir/Irelia (IO/SH),10,0.0176056338028169
2026-09-29T01:00:00Z,Pyke/Rek'Sai (BW/SH),24,0.0422535211267606
2026-09-29T01:00:00Z,Annie/Jhin (RU/NX),30,0.0528169014084507
2026-09-29T01:00:00Z,Caitlyn/Teemo (BC/PZ),18,0.0316901408450704
2026-09-29T01:00:00Z,Braum/Zoe (FR/MT),41,0.0721830985915493
2026-09-29T02:00:00Z,Other,379,0.691605839416058
2026-09-29T02:00:00Z,Bard/Norra (BC/RU),6,0.0109489051094891
2026-09-29T02:00:00Z,Caitlyn/Teemo (FR/PZ),2,0.00364963503649635
2026-09-29T02:00:00Z,Ezreal/Seraphine (BC/PZ),3,0.00547445255474453
2026-09-29T02:00:00Z,Draven/Jinx (NX/PZ),9,0.0164233576642336
2026-09-29T02:00:00Z,Nilah/Twisted Fate (BW/PZ),7,0.0127737226277372
2026-09-29T02:00:00Z,Elder Dragon/Volibear (RU/FR),9,0.0164233576642336
2026-09-29T02:00:00Z,Annie/Gwen (NX/SI),29,0.0529197080291971
2026-09-29T02:00:00Z,Azir/Irelia (IO/SH),16,0.0291970802919708
2026-09-29T02:00:00Z,Pyke/Rek'Sai (BW/SH),12,0.0218978102189781
2026-09-29T02:00:00Z,Annie/Jhin (RU/NX),22,0.0401459854014599
2026-09-29T02:00:00Z,Caitlyn/Teemo (BC/PZ),14,0.0255474452554745
2026-09-29T02:00:00Z,Braum/Zoe (FR/MT),40,0.072992700729927
2026-09-29T03:00:00Z,Other,360,0.674157303370787
2026-09-29T03:00:00Z,Bard/Norra (BC/RU),4,0.00749063670411985
2026-09-29T03:00:00Z,Caitlyn/Teemo (FR/PZ),4,0.00749063670411985
2026-09-29T03:00:00Z,Ezreal/Seraphine (BC/PZ),3,0.00561797752808989
2026-09-29T03:00:00Z,Draven/Jinx (NX/PZ),5,0.00936329588014981
2026-09-29T03:00:00Z,Nilah/Twisted Fate (BW/PZ),9,0.0168539325842697
2026-09-29T03:00:00Z,Elder Dragon/Volibear (RU/FR),8,0.0149812734082397
2026-09-29T03:00:00Z,Annie/Gwen (NX/SI),22,0.0411985018726592
2026-09-29T03:00:00Z,Azir/Irelia (IO/SH),12,0.0224719101123596
2026-09-29T03:00:00Z,Pyke/Rek'Sai (BW/SH),16,0.0299625468164794
2026-09-29T03:00:00Z,Annie/Jhin (RU/NX),23,0.0430711610486891
2026-09-29T03:00:00Z,Caitlyn/Teemo (BC/PZ),32,0.0599250936329588
2026-09-29T03:00:00Z,Braum/Zoe (FR/MT),36,0.0674157303370787
2026-09-29T04:00:00Z,Other,339,0.683467741935484
2026-09-29T04:00:00Z,Bard/Norra (BC/RU),4,0.00806451612903226
2026-09-29T04:00:00Z,Caitlyn/Teemo (FR/PZ),4,0.00806451612903226
2026-09-29T04:00:00Z,Ezreal/Seraphine (BC/PZ),10,0.0201612903225806
2026-09-29T04:00:00Z,Draven/Jinx (NX/PZ),9,0.0181451612903226
2026-09-29T04:00:00Z,Nilah/Twisted Fate (BW/PZ),8,0.0161290322580645
2026-09-29T04:00:00Z,Elder Dragon/Volibear (RU/FR),9,0.0181451612903226
2026-09-29T04:00:00Z,Annie/Gwen (NX/SI),13,0.0262096774193548
2026-09-29T04:00:00Z,Azir/Irelia (IO/SH),23,0.0463709677419355
2026-09-29T04:00:00Z,Pyke/Rek'Sai (BW/SH),3,0.00604838709677419
2026-09-29T04:00:00Z,Annie/Jhin (RU/NX),20,0.0403225806451613
2026-09-29T04:00:00Z,Caitlyn/Teemo (BC/PZ),18,0.0362903225806452
2026-09-29T04:00:00Z,Braum/Zoe (FR/MT),36,0.0725806451612903
2026-09-29T05:00:00Z,Other,338,0.642585551330799
2026-09-29T05:00:00Z,Bard/Norra (BC/RU),0,0
2026-09-29T05:00:00Z,Caitlyn/Teemo (FR/PZ),1,0.00190114068441065
2026-09-29T05:00:00Z,Ezreal/Seraphine (BC/PZ),5,0.00950570342205323
2026-09-29T05:00:00Z,Draven/Jinx (NX/PZ),10,0.0190114068441065
2026-09-29T05:00:00Z,Nilah/Twisted Fate (BW/PZ),15,0.0285171102661597
2026-09-29T05:00:00Z,Elder Dragon/Volibear (RU/FR),13,0.0247148288973384
2026-09-29T05:00:00Z,Annie/Gwen (NX/SI),19,0.0361216730038023
2026-09-29T05:00:00Z,Azir/Irelia (IO/SH),24,0.0456273764258555
2026-09-29T05:00:00Z,Pyke/Rek'Sai (BW/SH),13,0.0247148288973384
2026-09-29T05:00:00Z,Annie/Jhin (RU/NX),16,0.0304182509505703
2026-09-29T05:00:00Z,Caitlyn/Teemo (BC/PZ),27,0.0513307984790875
2026-09-29T05:00:00Z,Braum/Zoe (FR/MT),45,0.0855513307984791
2026-09-29T06:00:00Z,Other,320,0.653061224489796
2026-09-29T06:00:00Z,Bard/Norra (BC/RU),5,0.0102040816326531
2026-09-29T06:00:00Z,Caitlyn/Teemo (FR/PZ),2,0.00408163265306122
2026-09-29T06:00:00Z,Ezreal/Seraphine (BC/PZ),5,0.0102040816326531
2026-09-29T06:00:00Z,Draven/Jinx (NX/PZ),6,0.0122448979591837
2026-09-29T06:00:00Z,Nilah/Twisted Fate (BW/PZ),10,0.0204081632653061
2026-09-29T06:00:00Z,Elder Dragon/Volibear (RU/FR),18,0.036734693877551
2026-09-29T06:00:00Z,Annie/Gwen (NX/SI),18,0.036734693877551
2026-09-29T06:00:00Z,Azir/Irelia (IO/SH),29,0.0591836734693878
2026-09-29T06:00:00Z,Pyke/Rek'Sai (BW/SH),14,0.0285714285714286
2026-09-29T06:00:00Z,Annie/Jhin (RU/NX),11,0.0224489795918367
2026-09-29T06:00:00Z,Caitlyn/Teemo (BC/PZ),22,0.0448979591836735
2026-09-29T06:00:00Z,Braum/Zoe (FR/MT),30,0.0612244897959184
2026-09-29T07:00:00Z,Other,404,0.657980456026059
2026-09-29T07:00:00Z,Bard/Norra (BC/RU),4,0.00651465798045603
2026-09-29T07:00:00Z,Caitlyn/Teemo (FR/PZ),2,0.00325732899022801
2026-09-29T07:00:00Z,Ezreal/Seraphine (BC/PZ),15,0.0244299674267101
2026-09-29T07:00:00Z,Draven/Jinx (NX/PZ),16,0.0260586319218241
2026-09-29T07:00:00Z,Nilah/Twisted Fate (BW/PZ),16,0.0260586319218241
2026-09-29T07:00:00Z,Elder Dragon/Volibear (RU/FR),3,0.00488599348534202
2026-09-29T07:00:00Z,Annie/Gwen (NX/SI),23,0.0374592833876222
2026-09-29T07:00:00Z,Azir/Irelia (IO/SH),16,0.0260586319218241
2026-09-29T07:00:00Z,Pyke/Rek'Sai (BW/SH),19,0.0309446254071661
2026-09-29T07:00:00Z,Annie/Jhin (RU/NX),21,0.0342019543973941
2026-09-29T07:00:00Z,Caitlyn/Teemo (BC/PZ),23,0.0374592833876222
2026-09-29T07:00:00Z,Braum/Zoe (FR/MT),52,0.0846905537459283
2026-09-29T08:00:00Z,Other,358,0.639285714285714
2026-09-29T08:00:00Z,Bard/Norra (BC/RU),3,0.00535714285714286
2026-09-29T08:00:00Z,Caitlyn/Teemo (FR/PZ),7,0.0125
2026-09-29T08:00:00Z,Ezreal/Seraphine (BC/PZ),10,0.0178571428571429
2026-09-29T08:00:00Z,Draven/Jinx (NX/PZ),17,0.0303571428571429
2026-09-29T08:00:00Z,Nilah/Twisted Fate (BW/PZ),10,0.0178571428571429
2026-09-29T08:00:00Z,Elder Dragon/Volibear (RU/FR),7,0.0125
2026-09-29T08:00:00Z,Annie/Gwen (NX/SI),34,0.0607142857142857
2026-09-29T08:00:00Z,Azir/Irelia (IO/SH),28,0.05
2026-09-29T08:00:00Z,Pyke/Rek'Sai (BW/SH),10,0.0178571428571429
2026-09-29T08:00:00Z,Annie/Jhin (RU/NX),12,0.0214285714285714
2026-09-29T08:00:00Z,Caitlyn/Teemo (BC/PZ),16,0.0285714285714286
2026-09-29T08:00:00Z,Braum/Zoe (FR/MT),48,0.0857142857142857
2026-09-29T09:00:00Z,Other,315,0.603448275862069
2026-09-29T09:00:00Z,Bard/Norra (BC/RU),5,0.00957854406130268
2026-09-29T09:00:00Z,Caitlyn/Teemo (FR/PZ),8,0.0153256704980843
2026-09-29T09:00:00Z,Ezreal/Seraphine (BC/PZ),8,0.0153256704980843
2026-09-29T09:00:00Z,Draven/Jinx (NX/PZ),13,0.024904214559387
2026-09-29T09:00:00Z,Nilah/Twisted Fate (BW/PZ),3,0.00574712643678161
2026-09-29T09:00:00Z,Elder Dragon/Volibear (RU/FR),20,0.0383141762452107
2026-09-29T09:00:00Z,Annie/Gwen (NX/SI),23,0.0440613026819923
2026-09-29T09:00:00Z,Azir/Irelia (IO/SH),29,0.0555555555555556
2026-09-29T09:00:00Z,Pyke/Rek'Sai (BW/SH),19,0.0363984674329502
2026-09-29T09:00:00Z,Annie/Jhin (RU/NX),13,0.024904214559387
2026-09-29T09:00:00Z,Caitlyn/Teemo (BC/PZ),22,0.0421455938697318
2026-09-29T09:00:00Z,Braum/Zoe (FR/MT),44,0.0842911877394636
2026-09-29T10:00:00Z,Other,341,0.606761565836299
2026-09-29T10:00:00Z,Bard/Norra (BC/RU),5,0.00889679715302491
2026-09-29T10:00:00Z,Caitlyn/Teemo (FR/PZ),1,0.00177935943060498
2026-09-29T10:00:00Z,Ezreal/Seraphine (BC/PZ),11,0.0195729537366548
2026-09-29T10:00:00Z,Draven/Jinx (NX/PZ),14,0.0249110320284698
2026-09-29T10:00:00Z,Nilah/Twisted Fate (BW/PZ),9,0.0160142348754448
2026-09-29T10:00:00Z,Elder Dragon/Volibear (RU/FR),22,0.0391459074733096
2026-09-29T10:00:00Z,Annie/Gwen (NX/SI),26,0.0462633451957295
2026-09-29T10:00:00Z,Azir/Irelia (IO/SH),21,0.0373665480427046
2026-09-29T10:00:00Z,Pyke/Rek'Sai (BW/SH),16,0.0284697508896797
2026-09-29T10:00:00Z,Annie/Jhin (RU/NX),16,0.0284697508896797
2026-09-29T10:00:00Z,Caitlyn/Teemo (BC/PZ),21,0.0373665480427046
2026-09-29T10:00:00Z,Braum/Zoe (FR/MT),59,0.104982206405694
2026-09-29T11:00:00Z,Other,302,0.662280701754386
2026-09-29T11:00:00Z,Bard/Norra (BC/RU),6,0.0131578947368421
2026-09-29T11:00:00Z,Caitlyn/Teemo (FR/PZ),6,0.0131578947368421
2026-09-29T11:00:00Z,Ezreal/Seraphine (BC/PZ),3,0.00657894736842105
2026-09-29T11:00:00Z,Draven/Jinx (NX/PZ),2,0.0043859649122807
2026-09-29T11:00:00Z,Nilah/Twisted Fate (BW/PZ),9,0.0197368421052632
2026-09-29T11:00:00Z,Elder Dragon/Volibear (RU/FR),3,0.00657894736842105
2026-09-29T11:00:00Z,Annie/Gwen (NX/SI),11,0.0241228070175439
2026-09-29T11:00:00Z,Azir/Irelia (IO/SH),14,0.0307017543859649
2026-09-29T11:00:00Z,Pyke/Rek'Sai (BW/SH),9,0.0197368421052632
2026-09-29T11:00:00Z,Annie/Jhin (RU/NX),22,0.0482456140350877
2026-09-29T11:00:00Z,Caitlyn/Teemo (BC/PZ),10,0.0219298245614035
2026-09-29T11:00:00Z,Braum/Zoe (FR/MT),59,0.129385964912281
2026-09-29T12:00:00Z,Other,11,0.785714285714286
2026-09-29T12:00:00Z,Bard/Norra (BC/RU),0,0
2026-09-29T12:00:00Z,Caitlyn/Teemo (FR/PZ),0,0
2026-09-29T12:00:00Z,Ezreal/Seraphine (BC/PZ),0,0
2026-09-29T12:00:00Z,Draven/Jinx (NX/PZ),0,0
2026-09-29T12:00:00Z,Nilah/Twisted Fate (BW/PZ),0,0
2026-09-29T12:00:00Z,Elder Dragon/Volibear (RU/FR),0,0
2026-09-29T12:00:00Z,Annie/Gwen (NX/SI),0,0
2026-09-29T12:00:00Z,Azir/Irelia (IO/SH),1,0.0714285714285714
2026-09-29T12:00:00Z,Pyke/Rek'Sai (BW/SH),0,0
2026-09-29T12:00:00Z,Annie/Jhin (RU/NX),0,0
2026-09-29T12:00:00Z,Caitlyn/Teemo (BC/PZ),0,0
2026-09-29T12:00:00Z,Braum/Zoe (FR/MT),2,0.142857142857143
