archetype_1,archetype_2,mu_win,mu_n,mu_wr
Gnar/Nidalee (BC/SH),Kalista (SI),3,6,0.5
Kalista (SI),Gnar/Nidalee (BC/SH),3,6,0.5
Senna/Veigar (BC/SI),Poppy/Riven (BC/NX),3,6,0.5
Poppy/Riven (BC/NX),Senna/Veigar (BC/SI),3,6,0.5
Darius (FR/NX),Jayce/Lux (DE/PZ),3,6,0.5
Jayce/Lux (DE/PZ),Darius (FR/NX),3,6,0.5
Aatrox/Morgana (RU/DE),Aatrox/Morgana (RU/DE),3,6,0.5
Senna/Veigar (BC/SI),Braum/Kayle (FR/MT),3,6,0.5
Braum/Kayle (FR/MT),Senna/Veigar (BC/SI),3,6,0.5
Kayle (BW/MT),Ryze (IO/RU),3,6,0.5
Ryze (IO/RU),Kayle (BW/MT),3,6,0.5
Jayce/Lux (DE/PZ),Championless (BC/SI),3,6,0.5
Championless (BC/SI),Jayce/Lux (DE/PZ),3,6,0.5
Riven/Viktor (NX/PZ),Sejuani/Swain (FR/NX),3,6,0.5
Sejuani/Swain (FR/NX),Riven/Viktor (NX/PZ),3,6,0.5
Championless (SI),Shyvana/Taric (DE/MT),3,6,0.5
Shyvana/Taric (DE/MT),Championless (SI),3,6,0.5
Kayle (BW/MT),LeBlanc (FR/NX),3,6,0.5
LeBlanc (FR/NX),Kayle (BW/MT),3,6,0.5
Ashe/LeBlanc (FR/NX),Aatrox/Morgana/Vayne (RU/DE),3,6,0.5
Aatrox/Morgana/Vayne (RU/DE),Ashe/LeBlanc (FR/NX),3,6,0.5
Akshan/Lee Sin (IO/SH),Championless (SI/SH),3,6,0.5
Championless (SI/SH),Akshan/Lee Sin (IO/SH),3,6,0.5
Akshan/Renekton (SH),Darius/Gnar (FR/NX),3,6,0.5
Darius/Gnar (FR/NX),Akshan/Renekton (SH),3,6,0.5
Championless (SI),Nidalee/Sivir (BC/SH),3,6,0.5
Nidalee/Sivir (BC/SH),Championless (SI),3,6,0.5
Maokai (BW/SI),Rumble/Sion (BC/NX),3,6,0.5
Rumble/Sion (BC/NX),Maokai (BW/SI),3,6,0.5
Nasus/Thresh (SI/SH),Jack/Sett (BW/IO),3,6,0.5
Jack/Sett (BW/IO),Nasus/Thresh (SI/SH),3,6,0.5
Kayle (BW/MT),Gnar/Sejuani (FR/PZ),3,6,0.5
Gnar/Sejuani (FR/PZ),Kayle (BW/MT),3,6,0.5
Maokai (BW/SI),Maokai (BW/SI),3,6,0.5
Galio/Udyr (DE/FR),Sett (IO/PZ),3,6,0.5
Sett (IO/PZ),Galio/Udyr (DE/FR),3,6,0.5
Maokai/Nautilus (BW/SI),Darius/Gwen (NX/SI),3,6,0.5
Darius/Gwen (NX/SI),Maokai/Nautilus (BW/SI),3,6,0.5
Shyvana (DE/MT),Maokai/Nautilus (BW/SI),3,6,0.5
Maokai/Nautilus (BW/SI),Shyvana (DE/MT),3,6,0.5
Kalista/Morgana (DE/SI),Senna/Veigar (BC/SI),3,6,0.5
Senna/Veigar (BC/SI),Kalista/Morgana (DE/SI),3,6,0.5
Championless (MT/SI),Aatrox/Kayn (RU/RU),3,6,0.5
Aatrox/Kayn (RU/RU),Championless (MT/SI),3,6,0.5
Akshan/Varus (SH/RU),Jax/Ornn (FR/RU),3,6,0.5
Jax/Ornn (FR/RU),Akshan/Varus (SH/RU),3,6,0.5
Ashe/LeBlanc (FR/NX),Galio/Morgana (DE/MT),3,6,0.5
Galio/Morgana (DE/MT),Ashe/LeBlanc (FR/NX),3,6,0.5
Jack/Sett (BW/IO),Jack/Sett (BW/IO),3,6,0.5
Gnar/Sejuani (BC/FR),Akshan/Lee Sin (IO/SH),3,6,0.5
Akshan/Lee Sin (IO/SH),Gnar/Sejuani (BC/FR),3,6,0.5
Akshan/Varus (SH/RU),LeBlanc/Udyr (FR/NX),3,6,0.5
LeBlanc/Udyr (FR/NX),Akshan/Varus (SH/RU),3,6,0.5
Senna/Veigar (BC/SI),Akshan/Renekton (SH),3,6,0.5
Akshan/Renekton (SH),Senna/Veigar (BC/SI),3,6,0.5
Aphelios/Viktor (MT/PZ),Lee Sin/Viktor (IO/PZ),3,6,0.5
Lee Sin/Viktor (IO/PZ),Aphelios/Viktor (MT/PZ),3,6,0.5
Gnar/Nidalee (BC/SH),Gnar/Nidalee (BC/SH),3,6,0.5
Gnar/Nidalee (BC/SH),Shen/Sivir (IO/SH),3,6,0.5
Shen/Sivir (IO/SH),Gnar/Nidalee (BC/SH),3,6,0.5
Shen/Sivir (IO/SH),Shen/Sivir (IO/SH),3,6,0.5
Aatrox (RU/BW),Kayle (BW/MT),3,6,0.5
Kayle (BW/MT),Aatrox (RU/BW),3,6,0.5
Ryze (RU/SI),Championless (SI),3,6,0.5
Championless (SI),Ryze (RU/SI),3,6,0.5
Senna (PZ/SI),Morgana/Udyr (DE/FR),3,6,0.5
Morgana/Udyr (DE/FR),Senna (PZ/SI),3,6,0.5
Kayle/Lillia (IO/MT),Morgana/Udyr (DE/FR),3,6,0.5
Morgana/Udyr (DE/FR),Kayle/Lillia (IO/MT),3,6,0.5
Yasuo (IO/NX),Senna/Veigar (BC/SI),3,6,0.5
Senna/Veigar (BC/SI),Yasuo (IO/NX),3,6,0.5
Gnar/Nidalee (BC/SH),Nidalee (BC/SH),3,6,0.5
Nidalee (BC/SH),Gnar/Nidalee (BC/SH),3,6,0.5
Riven/Viktor (NX/PZ),Riven/Viktor (NX/PZ),3,6,0.5
Ashe (FR/PZ),Ashe/Caitlyn (FR/PZ),3,6,0.5
Ashe/Caitlyn (FR/PZ),Ashe (FR/PZ),3,6,0.5
Braum/Lillia (FR/IO),Ryze (IO/RU),3,6,0.5
Ryze (IO/RU),Braum/Lillia (FR/IO),3,6,0.5
Braum/Lillia (FR/IO),Malphite/Yasuo (IO/MT),3,6,0.5
Malphite/Yasuo (IO/MT),Braum/Lillia (FR/IO),3,6,0.5
Illaoi/Swain (BW/NX),Illaoi/Swain (BW/NX),3,6,0.5
Gnar/Neeko (FR/RU),Braum/Lillia (FR/IO),3,6,0.5
Braum/Lillia (FR/IO),Gnar/Neeko (FR/RU),3,6,0.5
Galio/Morgana (DE/FR),Kayle (BW/MT),3,6,0.5
Kayle (BW/MT),Galio/Morgana (DE/FR),3,6,0.5
Yasuo (IO/NX),Ashe/LeBlanc (FR/NX),3,6,0.5
Ashe/LeBlanc (FR/NX),Yasuo (IO/NX),3,6,0.5
Morgana/Riven (MT/NX),Morgana/Udyr (DE/FR),3,6,0.5
Morgana/Udyr (DE/FR),Morgana/Riven (MT/NX),3,6,0.5
Caitlyn/Swain (NX/PZ),Kayle (BW/MT),3,6,0.5
Kayle (BW/MT),Caitlyn/Swain (NX/PZ),3,6,0.5
Senna (PZ/SI),Shen/Sivir (IO/SH),3,6,0.5
Shen/Sivir (IO/SH),Senna (PZ/SI),3,6,0.5
Ashe (FR/PZ),Nasus (SI/SH),3,6,0.5
Nasus (SI/SH),Ashe (FR/PZ),3,6,0.5
Neeko/Tristana (BC/RU),Senna/Veigar (BC/SI),3,6,0.5
Senna/Veigar (BC/SI),Neeko/Tristana (BC/RU),3,6,0.5
Senna/Veigar (PZ/SI),Kalista (SI),3,6,0.5
Kalista (SI),Senna/Veigar (PZ/SI),3,6,0.5
Senna/Veigar (PZ/SI),Morgana/Udyr (DE/FR),3,6,0.5
Morgana/Udyr (DE/FR),Senna/Veigar (PZ/SI),3,6,0.5
Morgana/Udyr (DE/FR),Poppy/Riven (BC/NX),5,9,0.555555555555556
Gnar/Nidalee (BC/SH),Ashe (FR/PZ),5,9,0.555555555555556
Akshan/Varus (SH/RU),Lillia/Sett (BC/IO),5,9,0.555555555555556
Championless (IO/SI),Championless (SI),5,9,0.555555555555556
Lillia/Sett (BC/IO),Morgana/Udyr (DE/FR),5,9,0.555555555555556
Jayce/Lux (DE/PZ),Gnar/Neeko (FR/RU),5,9,0.555555555555556
Gwen/Kalista (NX/SI),Jayce/Lux (DE/PZ),5,9,0.555555555555556
Braum/Galio (DE/FR),Ashe/LeBlanc (FR/NX),5,9,0.555555555555556
Lee Sin/Viktor (IO/PZ),Kalista (SI),5,9,0.555555555555556
Lee Sin/Viktor (IO/PZ),Aatrox/Kayn (RU/RU),5,9,0.555555555555556
Rumble/Sion (BC/NX),Kalista (SI),5,9,0.555555555555556
Jayce/Lux (DE/PZ),Galio/Morgana (DE/MT),5,9,0.555555555555556
LeBlanc/Udyr (FR/NX),Senna/Veigar (BC/SI),5,9,0.555555555555556
Ashe/LeBlanc (FR/NX),LeBlanc/Udyr (FR/NX),5,9,0.555555555555556
Neeko/Poppy (DE/RU),Rumble/Sion (BC/NX),5,9,0.555555555555556
Lillia/Sett (BC/IO),Jayce/Lux (DE/PZ),5,9,0.555555555555556
Lillia/Udyr (FR/IO),Kayle (BW/MT),5,9,0.555555555555556
Nasus/Senna (SI/SH),Morgana/Udyr (DE/FR),5,9,0.555555555555556
Galio/Udyr (DE/FR),Ashe (FR/PZ),5,9,0.555555555555556
Morgana/Riven (MT/NX),Championless (SI),5,9,0.555555555555556
Lillia/Sett (BC/IO),Nidalee (BC/SH),5,9,0.555555555555556
Akshan/Sivir (NX/SH),Ashe/LeBlanc (FR/NX),5,9,0.555555555555556
Janna/Sett (IO/PZ),Shen/Sivir (IO/SH),5,9,0.555555555555556
Rumble/Sion (BC/NX),Nidalee (BC/SH),5,9,0.555555555555556
Championless (SI),Jax/Tristana (BC/RU),5,9,0.555555555555556
Poppy/Riven (BC/NX),Morgana/Udyr (DE/FR),4,9,0.444444444444444
Ashe (FR/PZ),Gnar/Nidalee (BC/SH),4,9,0.444444444444444
Lillia/Sett (BC/IO),Akshan/Varus (SH/RU),4,9,0.444444444444444
Championless (SI),Championless (IO/SI),4,9,0.444444444444444
Morgana/Udyr (DE/FR),Lillia/Sett (BC/IO),4,9,0.444444444444444
Gnar/Neeko (FR/RU),Jayce/Lux (DE/PZ),4,9,0.444444444444444
Jayce/Lux (DE/PZ),Gwen/Kalista (NX/SI),4,9,0.444444444444444
Ashe/LeBlanc (FR/NX),Braum/Galio (DE/FR),4,9,0.444444444444444
Kalista (SI),Lee Sin/Viktor (IO/PZ),4,9,0.444444444444444
Aatrox/Kayn (RU/RU),Lee Sin/Viktor (IO/PZ),4,9,0.444444444444444
Kalista (SI),Rumble/Sion (BC/NX),4,9,0.444444444444444
Galio/Morgana (DE/MT),Jayce/Lux (DE/PZ),4,9,0.444444444444444
Senna/Veigar (BC/SI),LeBlanc/Udyr (FR/NX),4,9,0.444444444444444
LeBlanc/Udyr (FR/NX),Ashe/LeBlanc (FR/NX),4,9,0.444444444444444
Rumble/Sion (BC/NX),Neeko/Poppy (DE/RU),4,9,0.444444444444444
Jayce/Lux (DE/PZ),Lillia/Sett (BC/IO),4,9,0.444444444444444
Kayle (BW/MT),Lillia/Udyr (FR/IO),4,9,0.444444444444444
Morgana/Udyr (DE/FR),Nasus/Senna (SI/SH),4,9,0.444444444444444
Ashe (FR/PZ),Galio/Udyr (DE/FR),4,9,0.444444444444444
Championless (SI),Morgana/Riven (MT/NX),4,9,0.444444444444444
Nidalee (BC/SH),Lillia/Sett (BC/IO),4,9,0.444444444444444
Ashe/LeBlanc (FR/NX),Akshan/Sivir (NX/SH),4,9,0.444444444444444
Shen/Sivir (IO/SH),Janna/Sett (IO/PZ),4,9,0.444444444444444
Nidalee (BC/SH),Rumble/Sion (BC/NX),4,9,0.444444444444444
Jax/Tristana (BC/RU),Championless (SI),4,9,0.444444444444444
Akshan/Varus (SH/RU),Poppy/Riven (BC/NX),3,5,0.6
Gnar/Nidalee (BC/SH),Rumble/Sion (BC/NX),3,5,0.6
Akshan/Varus (SH/RU),Aatrox/Morgana (RU/DE),3,5,0.6
Aatrox/Morgana (RU/DE),Darius/Gnar (FR/NX),3,5,0.6
Kayle (BW/MT),Aatrox/Morgana (RU/DE),3,5,0.6
Kalista (SI),Shyvana (DE/MT),3,5,0.6
Riven/Viktor (NX/PZ),Championless (MT/SI),3,5,0.6
Aatrox/Morgana (RU/DE),Braum/Lillia (FR/IO),3,5,0.6
Poppy/Riven (BC/NX),Braum/Lillia (FR/IO),3,5,0.6
Jayce/Lux (DE/PZ),Poppy/Tristana (BC/SI),3,5,0.6
Galio/Poppy (DE/FR),Jayce/Lux (DE/PZ),3,5,0.6
Senna/Veigar (BC/SI),Morgana/Taric (DE/MT),3,5,0.6
Braum/Kayle (FR/MT),Akshan/Lee Sin (IO/SH),3,5,0.6
Braum/Vladimir (FR/NX),Janna (PZ/SI),3,5,0.6
Senna/Veigar (BC/SI),Braum/Udyr (FR/IO),3,5,0.6
Sett (IO/PZ),Senna (PZ/SI),3,5,0.6
Aphelios/Viktor (MT/PZ),Senna (PZ/SI),3,5,0.6
Championless (SI),Poppy/Tristana (BC/MT),3,5,0.6
Championless (SI),Aatrox/Morgana/Vayne (RU/DE),3,5,0.6
Gnar/Swain (BC/NX),Akshan/Lee Sin (IO/SH),3,5,0.6
Championless (SI),Sivir/Vi (PZ/SH),3,5,0.6
Nidalee (BC/SH),Senna (PZ/SI),3,5,0.6
Jayce/Lux (DE/PZ),Caitlyn/Swain (NX/PZ),3,5,0.6
Malphite/Yasuo (IO/MT),Akshan/Varus (SH/RU),3,5,0.6
Ashe/LeBlanc (FR/NX),Akshan/Riven (NX/SH),3,5,0.6
Gnar/Sejuani (BC/FR),Ashe (FR/PZ),3,5,0.6
LeBlanc (FR/NX),Akshan/Varus (SH/RU),3,5,0.6
Nasus/Thresh (SI/SH),Gangplank/Sejuani (BW/FR),3,5,0.6
Akshan/Lee Sin (IO/SH),Ashe/Tahm Kench (BW/FR),3,5,0.6
Maokai/Nautilus (BW/SI),Nidalee/Sivir (BC/SH),3,5,0.6
Ryze (IO/RU),Braum/Vladimir (FR/NX),3,5,0.6
Ashe/LeBlanc (FR/NX),Akshan/Jack (BW/SH),3,5,0.6
Braum/Galio (DE/FR),Braum/Vladimir (FR/NX),3,5,0.6
Kayle (BW/MT),LeBlanc/Rumble/Sion (IO/NX),3,5,0.6
Aphelios/Yasuo (IO/MT),Darius/Gnar (FR/NX),3,5,0.6
Illaoi/Swain (BW/NX),Braum/Lillia (FR/IO),3,5,0.6
Akshan/Nasus (SI/SH),Nasus/Renekton (SH),3,5,0.6
Sett (IO/PZ),Akshan/Udyr (FR/SH),3,5,0.6
Gnar/Nidalee (BC/SH),Aatrox/Kayn (RU/RU),3,5,0.6
Kalista (SI),Gwen/LeBlanc (NX/SI),3,5,0.6
Morgana/Udyr (DE/FR),Ashe/Tahm Kench (BW/FR),3,5,0.6
Gwen/LeBlanc (NX/SI),Aatrox/Kayn (RU/RU),3,5,0.6
Maokai/Nautilus (BW/SI),LeBlanc (FR/NX),3,5,0.6
LeBlanc/Udyr (FR/NX),Sett (IO/PZ),3,5,0.6
Championless (SI/SH),Jayce/Lux (DE/PZ),3,5,0.6
Kayle (BW/MT),Aphelios/Yasuo (IO/MT),3,5,0.6
Kalista (SI),LeBlanc/Udyr (FR/NX),3,5,0.6
Garen (DE/SH),Akshan/Lee Sin (IO/SH),3,5,0.6
Morgana/Udyr (DE/FR),Darius/LeBlanc (FR/NX),3,5,0.6
Gnar/Neeko (FR/RU),Braum/Vladimir (FR/NX),3,5,0.6
LeBlanc (FR/NX),Akshan/Lee Sin (IO/SH),3,5,0.6
Braum/Vladimir (FR/NX),Garen (DE/SH),3,5,0.6
Janna/Sett (IO/PZ),Nasus/Renekton (SH),3,5,0.6
LeBlanc (FR/NX),Darius/Gnar (FR/NX),3,5,0.6
Neeko/Poppy (DE/RU),Gwen/LeBlanc (NX/SI),3,5,0.6
Jax/Ornn (FR/RU),Championless (PZ/SI),3,5,0.6
Maokai/Nautilus (BW/SI),Leona (MT/SH),3,5,0.6
Championless (SI),Leona (MT/SH),3,5,0.6
Maokai/Nautilus (BW/SI),Gwen/Kalista (SI),3,5,0.6
Morgana/Udyr (DE/FR),Shyvana (DE/MT),3,5,0.6
Janna/Sett (IO/PZ),Gnar/Nidalee (BC/SH),3,5,0.6
Illaoi/Swain (BW/NX),Ashe/LeBlanc (FR/NX),3,5,0.6
Championless (FR/SI),Jax/Ornn (FR/RU),3,5,0.6
Akshan/Nasus (SI/SH),Nasus/Thresh (SI/SH),3,5,0.6
Braum/Lillia (FR/IO),Gnar/Sejuani (BC/FR),3,5,0.6
Gangplank/Sejuani (BW/FR),Akshan/Nasus (SI/SH),3,5,0.6
Gwen/Vi (PZ/SI),Championless (SI),3,5,0.6
Akshan/Nasus (SI/SH),Darius/Gnar (FR/NX),3,5,0.6
Braum/Vladimir (FR/NX),Illaoi/Swain (BW/NX),3,5,0.6
Akshan/Varus (SH/RU),Aatrox (RU/BW),3,5,0.6
Aatrox (RU/BW),Ashe/LeBlanc (FR/NX),3,5,0.6
Maokai (BW/SI),Akshan/Nasus (SI/SH),3,5,0.6
Neeko/Renekton (RU/SH),Akshan/Varus (SH/RU),3,5,0.6
Senna/Veigar (BC/SI),Akshan/Morgana (DE/SH),3,5,0.6
Lillia/Udyr (FR/IO),Akshan/Varus (SH/RU),3,5,0.6
Gwen/Vayne (DE/SI),Gangplank/Sejuani (BW/FR),3,5,0.6
Championless (SI),Kai'Sa/Sivir (DE/SH),3,5,0.6
Kayle/Lillia (IO/MT),Kayle (BW/MT),3,5,0.6
Ashe/LeBlanc (FR/NX),Darius/Gwen (NX/SI),3,5,0.6
Ashe/LeBlanc (FR/NX),Janna/Senna (PZ/SI),3,5,0.6
Kayle/Lillia (IO/MT),Ashe/LeBlanc (FR/NX),3,5,0.6
Kayle (BW/MT),Kalista (BC/SI),3,5,0.6
Darius/Gwen (NX/SI),Akshan/Varus (SH/RU),3,5,0.6
LeBlanc/Sivir (NX/SH),Maokai (BW/SI),3,5,0.6
Maokai/Nautilus (BW/SI),Taric/Udyr (FR/MT),3,5,0.6
Maokai/Nautilus (BW/SI),Gangplank/Swain (BW/NX),3,5,0.6
Riven/Viktor (NX/PZ),Taric/Udyr (FR/MT),3,5,0.6
Swain/Vladimir (BW/NX),Senna/Veigar (BC/SI),3,5,0.6
Lee Sin/Viktor (IO/PZ),Yasuo (IO/NX),3,5,0.6
Gwen/Vayne (DE/SI),Jax/Ornn (FR/RU),3,5,0.6
Championless (SI),Kayle/Leona (MT/NX),3,5,0.6
Gwen/Vayne (DE/SI),Rumble/Sion (BC/NX),3,5,0.6
Ashe/LeBlanc (FR/NX),Sejuani/Swain (FR/NX),3,5,0.6
Sejuani/Swain (FR/NX),Nasus/Thresh (SI/SH),3,5,0.6
Senna/Veigar (BC/SI),Akshan/Udyr (FR/SH),3,5,0.6
Janna/Sett (IO/PZ),Jax/Rumble (RU/NX),3,5,0.6
Championless (SI),Illaoi/Lulu (BW/IO),3,5,0.6
Akshan/Varus (SH/RU),Kayle/Leona (MT/NX),3,5,0.6
Gangplank/Sejuani (BW/FR),Shen/Sivir (IO/SH),3,5,0.6
Championless (SI),Kalista/Senna (BW/SI),3,5,0.6
Senna/Veigar (BC/SI),Kalista (MT/SI),3,5,0.6
Braum/Lillia (FR/IO),Darius/Gwen (NX/SI),3,5,0.6
Galio/Udyr (DE/FR),Neeko/Poppy (DE/RU),3,5,0.6
Neeko/Poppy (DE/RU),Jax/Ornn (FR/RU),3,5,0.6
Aatrox/Kayn (RU/RU),Caitlyn/Swain (NX/PZ),3,5,0.6
Gangplank/Sejuani (BW/FR),Akshan/Morgana (MT/SH),3,5,0.6
Gwen/LeBlanc (NX/SI),Darius/Gnar (FR/NX),3,5,0.6
Lillia/Sett (BC/IO),Lee Sin/Viktor (IO/PZ),3,5,0.6
Championless (SI),Akshan/Jack (BW/SH),3,5,0.6
Akshan/Varus (SH/RU),Galio/Morgana (DE/FR),3,5,0.6
Ashe/LeBlanc (FR/NX),Caitlyn/Swain (NX/PZ),3,5,0.6
Senna (PZ/SI),Akshan/Lee Sin (IO/SH),3,5,0.6
Nasus/Thresh (SI/SH),Shen/Sivir (IO/SH),3,5,0.6
Kai'Sa/Viktor (PZ/SH),Senna/Veigar (BC/SI),3,5,0.6
Udyr (BW/FR),Championless (SI),3,5,0.6
Championless (BC/BW),Championless (SI),3,5,0.6
Akshan/Nidalee/Sivir (DE/SH),Jayce/Lux (DE/PZ),3,5,0.6
Nidalee (BC/SH),Riven/Viktor (NX/PZ),3,5,0.6
Gwen/Riven (NX/SI),Ashe/LeBlanc (FR/NX),3,5,0.6
Garen/Kayle/Shyvana (DE/MT),Kayle (BW/MT),3,5,0.6
Akshan/Nasus/Renekton (SH),Maokai/Nautilus (BW/SI),3,5,0.6
Kayle (BW/MT),Akshan/Nidalee (BC/SH),3,5,0.6
Kalista (SI),Ashe/Caitlyn (FR/PZ),3,5,0.6
Vayne/Vi (DE/PZ),Ashe/LeBlanc (FR/NX),3,5,0.6
Vayne/Vi (DE/PZ),Jayce/Lux (DE/PZ),3,5,0.6
Kayle/Lillia (IO/MT),Maokai/Nautilus (BW/SI),3,5,0.6
Senna/Veigar (PZ/SI),Aatrox/Kayn (RU/RU),3,5,0.6
Braum/Udyr/Vladimir (FR/NX),Kalista (SI),3,5,0.6
Morgana/Udyr (DE/FR),Gangplank/Nidalee (BW/SH),3,5,0.6
Ashe/LeBlanc (FR/NX),Caitlyn (FR/PZ),3,5,0.6
Akshan/Sivir (IO/SH),Neeko/Poppy (DE/RU),3,5,0.6
Nasus/Thresh (SI/SH),Akshan/Nidalee (FR/SH),3,5,0.6
Akshan/Nidalee (FR/SH),Akshan/Lee Sin (IO/SH),3,5,0.6
Akshan/Ornn (FR/SH),Championless (SI),3,5,0.6
Aphelios/Viktor (MT/PZ),Neeko/Poppy (DE/RU),3,5,0.6
Kayn/Ornn (FR/RU),Championless (SI),3,5,0.6
Poppy/Riven (BC/NX),Akshan/Varus (SH/RU),2,5,0.4
Rumble/Sion (BC/NX),Gnar/Nidalee (BC/SH),2,5,0.4
Aatrox/Morgana (RU/DE),Akshan/Varus (SH/RU),2,5,0.4
Darius/Gnar (FR/NX),Aatrox/Morgana (RU/DE),2,5,0.4
Aatrox/Morgana (RU/DE),Kayle (BW/MT),2,5,0.4
Shyvana (DE/MT),Kalista (SI),2,5,0.4
Championless (MT/SI),Riven/Viktor (NX/PZ),2,5,0.4
Braum/Lillia (FR/IO),Aatrox/Morgana (RU/DE),2,5,0.4
Braum/Lillia (FR/IO),Poppy/Riven (BC/NX),2,5,0.4
Poppy/Tristana (BC/SI),Jayce/Lux (DE/PZ),2,5,0.4
Jayce/Lux (DE/PZ),Galio/Poppy (DE/FR),2,5,0.4
Morgana/Taric (DE/MT),Senna/Veigar (BC/SI),2,5,0.4
Akshan/Lee Sin (IO/SH),Braum/Kayle (FR/MT),2,5,0.4
Janna (PZ/SI),Braum/Vladimir (FR/NX),2,5,0.4
Braum/Udyr (FR/IO),Senna/Veigar (BC/SI),2,5,0.4
Senna (PZ/SI),Sett (IO/PZ),2,5,0.4
Senna (PZ/SI),Aphelios/Viktor (MT/PZ),2,5,0.4
Poppy/Tristana (BC/MT),Championless (SI),2,5,0.4
Aatrox/Morgana/Vayne (RU/DE),Championless (SI),2,5,0.4
Akshan/Lee Sin (IO/SH),Gnar/Swain (BC/NX),2,5,0.4
Sivir/Vi (PZ/SH),Championless (SI),2,5,0.4
Senna (PZ/SI),Nidalee (BC/SH),2,5,0.4
Caitlyn/Swain (NX/PZ),Jayce/Lux (DE/PZ),2,5,0.4
Akshan/Varus (SH/RU),Malphite/Yasuo (IO/MT),2,5,0.4
Akshan/Riven (NX/SH),Ashe/LeBlanc (FR/NX),2,5,0.4
Ashe (FR/PZ),Gnar/Sejuani (BC/FR),2,5,0.4
Akshan/Varus (SH/RU),LeBlanc (FR/NX),2,5,0.4
Gangplank/Sejuani (BW/FR),Nasus/Thresh (SI/SH),2,5,0.4
Ashe/Tahm Kench (BW/FR),Akshan/Lee Sin (IO/SH),2,5,0.4
Nidalee/Sivir (BC/SH),Maokai/Nautilus (BW/SI),2,5,0.4
Braum/Vladimir (FR/NX),Ryze (IO/RU),2,5,0.4
Akshan/Jack (BW/SH),Ashe/LeBlanc (FR/NX),2,5,0.4
Braum/Vladimir (FR/NX),Braum/Galio (DE/FR),2,5,0.4
LeBlanc/Rumble/Sion (IO/NX),Kayle (BW/MT),2,5,0.4
Darius/Gnar (FR/NX),Aphelios/Yasuo (IO/MT),2,5,0.4
Braum/Lillia (FR/IO),Illaoi/Swain (BW/NX),2,5,0.4
Nasus/Renekton (SH),Akshan/Nasus (SI/SH),2,5,0.4
Akshan/Udyr (FR/SH),Sett (IO/PZ),2,5,0.4
Aatrox/Kayn (RU/RU),Gnar/Nidalee (BC/SH),2,5,0.4
Gwen/LeBlanc (NX/SI),Kalista (SI),2,5,0.4
Ashe/Tahm Kench (BW/FR),Morgana/Udyr (DE/FR),2,5,0.4
Aatrox/Kayn (RU/RU),Gwen/LeBlanc (NX/SI),2,5,0.4
LeBlanc (FR/NX),Maokai/Nautilus (BW/SI),2,5,0.4
Sett (IO/PZ),LeBlanc/Udyr (FR/NX),2,5,0.4
Jayce/Lux (DE/PZ),Championless (SI/SH),2,5,0.4
Aphelios/Yasuo (IO/MT),Kayle (BW/MT),2,5,0.4
LeBlanc/Udyr (FR/NX),Kalista (SI),2,5,0.4
Akshan/Lee Sin (IO/SH),Garen (DE/SH),2,5,0.4
Darius/LeBlanc (FR/NX),Morgana/Udyr (DE/FR),2,5,0.4
Braum/Vladimir (FR/NX),Gnar/Neeko (FR/RU),2,5,0.4
Akshan/Lee Sin (IO/SH),LeBlanc (FR/NX),2,5,0.4
Garen (DE/SH),Braum/Vladimir (FR/NX),2,5,0.4
Nasus/Renekton (SH),Janna/Sett (IO/PZ),2,5,0.4
Darius/Gnar (FR/NX),LeBlanc (FR/NX),2,5,0.4
Gwen/LeBlanc (NX/SI),Neeko/Poppy (DE/RU),2,5,0.4
Championless (PZ/SI),Jax/Ornn (FR/RU),2,5,0.4
Leona (MT/SH),Maokai/Nautilus (BW/SI),2,5,0.4
Leona (MT/SH),Championless (SI),2,5,0.4
Gwen/Kalista (SI),Maokai/Nautilus (BW/SI),2,5,0.4
Shyvana (DE/MT),Morgana/Udyr (DE/FR),2,5,0.4
Gnar/Nidalee (BC/SH),Janna/Sett (IO/PZ),2,5,0.4
Ashe/LeBlanc (FR/NX),Illaoi/Swain (BW/NX),2,5,0.4
Jax/Ornn (FR/RU),Championless (FR/SI),2,5,0.4
Nasus/Thresh (SI/SH),Akshan/Nasus (SI/SH),2,5,0.4
Gnar/Sejuani (BC/FR),Braum/Lillia (FR/IO),2,5,0.4
Akshan/Nasus (SI/SH),Gangplank/Sejuani (BW/FR),2,5,0.4
Championless (SI),Gwen/Vi (PZ/SI),2,5,0.4
Darius/Gnar (FR/NX),Akshan/Nasus (SI/SH),2,5,0.4
Illaoi/Swain (BW/NX),Braum/Vladimir (FR/NX),2,5,0.4
Aatrox (RU/BW),Akshan/Varus (SH/RU),2,5,0.4
Ashe/LeBlanc (FR/NX),Aatrox (RU/BW),2,5,0.4
Akshan/Nasus (SI/SH),Maokai (BW/SI),2,5,0.4
Akshan/Varus (SH/RU),Neeko/Renekton (RU/SH),2,5,0.4
Akshan/Morgana (DE/SH),Senna/Veigar (BC/SI),2,5,0.4
Akshan/Varus (SH/RU),Lillia/Udyr (FR/IO),2,5,0.4
Gangplank/Sejuani (BW/FR),Gwen/Vayne (DE/SI),2,5,0.4
Kai'Sa/Sivir (DE/SH),Championless (SI),2,5,0.4
Kayle (BW/MT),Kayle/Lillia (IO/MT),2,5,0.4
Darius/Gwen (NX/SI),Ashe/LeBlanc (FR/NX),2,5,0.4
Janna/Senna (PZ/SI),Ashe/LeBlanc (FR/NX),2,5,0.4
Ashe/LeBlanc (FR/NX),Kayle/Lillia (IO/MT),2,5,0.4
Kalista (BC/SI),Kayle (BW/MT),2,5,0.4
Akshan/Varus (SH/RU),Darius/Gwen (NX/SI),2,5,0.4
Maokai (BW/SI),LeBlanc/Sivir (NX/SH),2,5,0.4
Taric/Udyr (FR/MT),Maokai/Nautilus (BW/SI),2,5,0.4
Gangplank/Swain (BW/NX),Maokai/Nautilus (BW/SI),2,5,0.4
Taric/Udyr (FR/MT),Riven/Viktor (NX/PZ),2,5,0.4
Senna/Veigar (BC/SI),Swain/Vladimir (BW/NX),2,5,0.4
Yasuo (IO/NX),Lee Sin/Viktor (IO/PZ),2,5,0.4
Jax/Ornn (FR/RU),Gwen/Vayne (DE/SI),2,5,0.4
Kayle/Leona (MT/NX),Championless (SI),2,5,0.4
Rumble/Sion (BC/NX),Gwen/Vayne (DE/SI),2,5,0.4
Sejuani/Swain (FR/NX),Ashe/LeBlanc (FR/NX),2,5,0.4
Nasus/Thresh (SI/SH),Sejuani/Swain (FR/NX),2,5,0.4
Akshan/Udyr (FR/SH),Senna/Veigar (BC/SI),2,5,0.4
Jax/Rumble (RU/NX),Janna/Sett (IO/PZ),2,5,0.4
Illaoi/Lulu (BW/IO),Championless (SI),2,5,0.4
Kayle/Leona (MT/NX),Akshan/Varus (SH/RU),2,5,0.4
Shen/Sivir (IO/SH),Gangplank/Sejuani (BW/FR),2,5,0.4
Kalista/Senna (BW/SI),Championless (SI),2,5,0.4
Kalista (MT/SI),Senna/Veigar (BC/SI),2,5,0.4
Darius/Gwen (NX/SI),Braum/Lillia (FR/IO),2,5,0.4
Neeko/Poppy (DE/RU),Galio/Udyr (DE/FR),2,5,0.4
Jax/Ornn (FR/RU),Neeko/Poppy (DE/RU),2,5,0.4
Caitlyn/Swain (NX/PZ),Aatrox/Kayn (RU/RU),2,5,0.4
Akshan/Morgana (MT/SH),Gangplank/Sejuani (BW/FR),2,5,0.4
Darius/Gnar (FR/NX),Gwen/LeBlanc (NX/SI),2,5,0.4
Lee Sin/Viktor (IO/PZ),Lillia/Sett (BC/IO),2,5,0.4
Akshan/Jack (BW/SH),Championless (SI),2,5,0.4
Galio/Morgana (DE/FR),Akshan/Varus (SH/RU),2,5,0.4
Caitlyn/Swain (NX/PZ),Ashe/LeBlanc (FR/NX),2,5,0.4
Akshan/Lee Sin (IO/SH),Senna (PZ/SI),2,5,0.4
Shen/Sivir (IO/SH),Nasus/Thresh (SI/SH),2,5,0.4
Senna/Veigar (BC/SI),Kai'Sa/Viktor (PZ/SH),2,5,0.4
Championless (SI),Udyr (BW/FR),2,5,0.4
Championless (SI),Championless (BC/BW),2,5,0.4
Jayce/Lux (DE/PZ),Akshan/Nidalee/Sivir (DE/SH),2,5,0.4
Riven/Viktor (NX/PZ),Nidalee (BC/SH),2,5,0.4
Ashe/LeBlanc (FR/NX),Gwen/Riven (NX/SI),2,5,0.4
Kayle (BW/MT),Garen/Kayle/Shyvana (DE/MT),2,5,0.4
Maokai/Nautilus (BW/SI),Akshan/Nasus/Renekton (SH),2,5,0.4
Akshan/Nidalee (BC/SH),Kayle (BW/MT),2,5,0.4
Ashe/Caitlyn (FR/PZ),Kalista (SI),2,5,0.4
Ashe/LeBlanc (FR/NX),Vayne/Vi (DE/PZ),2,5,0.4
Jayce/Lux (DE/PZ),Vayne/Vi (DE/PZ),2,5,0.4
Maokai/Nautilus (BW/SI),Kayle/Lillia (IO/MT),2,5,0.4
Aatrox/Kayn (RU/RU),Senna/Veigar (PZ/SI),2,5,0.4
Kalista (SI),Braum/Udyr/Vladimir (FR/NX),2,5,0.4
Gangplank/Nidalee (BW/SH),Morgana/Udyr (DE/FR),2,5,0.4
Caitlyn (FR/PZ),Ashe/LeBlanc (FR/NX),2,5,0.4
Neeko/Poppy (DE/RU),Akshan/Sivir (IO/SH),2,5,0.4
Akshan/Nidalee (FR/SH),Nasus/Thresh (SI/SH),2,5,0.4
Akshan/Lee Sin (IO/SH),Akshan/Nidalee (FR/SH),2,5,0.4
Championless (SI),Akshan/Ornn (FR/SH),2,5,0.4
Neeko/Poppy (DE/RU),Aphelios/Viktor (MT/PZ),2,5,0.4
Championless (SI),Kayn/Ornn (FR/RU),2,5,0.4
Jayce/Lux (DE/PZ),Galio/Udyr (DE/FR),12,35,0.342857142857143
Galio/Udyr (DE/FR),Jayce/Lux (DE/PZ),23,35,0.657142857142857
Ashe/LeBlanc (FR/NX),Kayle (BW/MT),65,122,0.532786885245902
Kayle (BW/MT),Ashe/LeBlanc (FR/NX),57,122,0.467213114754098
Senna/Veigar (BC/SI),Ashe/LeBlanc (FR/NX),68,125,0.544
Ashe/LeBlanc (FR/NX),Senna/Veigar (BC/SI),57,125,0.456
Sett (IO/PZ),Senna/Veigar (BC/SI),15,28,0.535714285714286
Gangplank/Sejuani (BW/FR),Akshan/Varus (SH/RU),15,28,0.535714285714286
Senna/Veigar (BC/SI),Sett (IO/PZ),13,28,0.464285714285714
Akshan/Varus (SH/RU),Gangplank/Sejuani (BW/FR),13,28,0.464285714285714
Aatrox/Morgana (RU/DE),Gnar/Nidalee (BC/SH),1,1,1
Poppy/Riven (BC/NX),Aatrox/Morgana (RU/DE),1,1,1
Aatrox/Kayn (RU/RU),Darius/Gangplank (BW/NX),1,1,1
Gnar/Neeko (FR/RU),Renekton/Riven (NX/SH),1,1,1
Gnar/Neeko (FR/RU),Caitlyn/Swain (NX/PZ),1,1,1
Sett (IO/PZ),Lillia/Senna/Veigar (IO/SI),1,1,1
Gnar/Neeko (FR/RU),Nasus/Senna (SI/SH),1,1,1
Championless (SI/SH),Gnar/Neeko (FR/RU),1,1,1
Ashe/LeBlanc (FR/NX),Darius/Gangplank (BW/NX),1,1,1
Morgana/Udyr (DE/FR),Darius/Gangplank (BW/NX),1,1,1
Gnar/Nidalee (BC/SH),Ashe/Sejuani (FR/SI),1,1,1
Galio/Udyr (DE/FR),Ashe/Tahm Kench (BW/FR),1,1,1
Garen (DE),Kayle (BW/MT),1,1,1
Ashe/Janna (FR/PZ),Gnar/Nidalee (BC/SH),1,1,1
Ashe/LeBlanc (FR/NX),Galio/Taric (DE/MT),1,1,1
Darius (FR/NX),Aatrox/Morgana (RU/DE),1,1,1
Sett (IO/PZ),Morgana/Udyr (FR/MT),1,1,1
Lillia/Sett (IO/MT),Illaoi/Vayne (BW/DE),1,1,1
Ashe/Lulu (FR/IO),Darius/Gnar (FR/NX),1,1,1
Morgana/Udyr (FR/MT),Poppy/Taric (DE/MT),1,1,1
Lillia/Sett (IO/MT),Jayce/Lux (DE/PZ),1,1,1
Aatrox/Morgana (RU/DE),Gwen (NX/SI),1,1,1
Darius/Gangplank (BW/NX),Championless (PZ/SI),1,1,1
Kalista (SI),Kai'Sa/Morgana (DE/SH),1,1,1
Aatrox/Morgana (RU/DE),Aphelios/Kayle (BW/MT),1,1,1
Sett (IO/PZ),Braum/Udyr (FR/IO),1,1,1
Ashe/LeBlanc (FR/NX),Akshan/Lillia (IO/SH),1,1,1
Ashe/LeBlanc (FR/NX),Caitlyn/Janna (IO/PZ),1,1,1
Aphelios/Poppy (BC/MT),Gangplank (BW/NX),1,1,1
Lillia/Sett (BC/IO),Malphite/Yasuo (IO/MT),1,1,1
Neeko/Poppy (DE/RU),Gnar/Nidalee (BC/SH),1,1,1
Gnar/Nidalee (BC/SH),Jayce/Morgana (MT/PZ),1,1,1
Jayce/Morgana (MT/PZ),Ashe/Senna (FR/SI),1,1,1
Ashe/Senna (FR/SI),Akshan/Lee Sin (IO/SH),1,1,1
Garen/Taric (DE/MT),Darius/Gnar (FR/NX),1,1,1
Lillia/Lulu (FR/IO),Lee Sin/Viktor (IO/PZ),1,1,1
Akshan/Sivir (DE/SH),Galio/Morgana (DE/FR),1,1,1
Gnar/Neeko (FR/RU),Aphelios/Poppy (BC/MT),1,1,1
Nasus/Renekton (SH),Braum/Garen/Udyr (DE/FR),1,1,1
Lillia/Lulu (FR/IO),Akshan/Lee Sin (IO/SH),1,1,1
Jack/Sett (BW/IO),Braum/Udyr (FR/IO),1,1,1
Sejuani (FR/PZ),Morgana/Taric (MT/PZ),1,1,1
Akshan/Jax (RU/SH),Caitlyn (BC/PZ),1,1,1
Poppy/Taric (DE/MT),Sejuani (FR/PZ),1,1,1
LeBlanc/Sivir (NX/SH),Leona/Yasuo (IO/MT),1,1,1
Swain/Yasuo (IO/NX),Lillia/Sett (BC/IO),1,1,1
Lillia/Lulu (FR/IO),Jack/Sett (BW/IO),1,1,1
Sejuani (FR/PZ),Jack/Sett (BW/IO),1,1,1
Kai'Sa/Sivir (DE/SH),Braum/Udyr (FR/MT),1,1,1
Braum/Vladimir (FR/NX),Kai'Sa/Sivir (DE/SH),1,1,1
Kai'Sa/Sivir (DE/SH),Nasus/Senna (SI/SH),1,1,1
Janna (PZ/SI),Kai'Sa/Sivir (DE/SH),1,1,1
Morgana/Udyr (DE/FR),Galio/Taric (DE/MT),1,1,1
Leona/Yasuo (IO/MT),Akshan/Lee Sin (IO/SH),1,1,1
Ashe (FR/PZ),Poppy/Tristana (BC/DE),1,1,1
Galio/Taric (DE/MT),Braum/Vladimir (FR/NX),1,1,1
Morgana/Udyr (FR/MT),Darius/Gnar (FR/NX),1,1,1
Morgana/Udyr (DE/FR),Galio/Tahm Kench (BW/DE),1,1,1
Ashe (FR/PZ),Morgana/Tahm Kench (BW/MT),1,1,1
Morgana/Tahm Kench (BW/MT),Gangplank/Sejuani (BW/FR),1,1,1
Riven/Viktor (NX/PZ),Illaoi (BW/SI),1,1,1
Championless (BC/IO),Lulu/Taric (IO/MT),1,1,1
Lulu/Taric (IO/MT),Akshan/Renekton (SH),1,1,1
Riven/Viktor (NX/PZ),Garen/Morgana (DE/SI),1,1,1
Maokai/Nautilus (BW/SI),Illaoi (BW/NX),1,1,1
Maokai/Nautilus (BW/SI),Morgana/Udyr (FR/MT),1,1,1
Championless (SI),Garen/Morgana (DE/SI),1,1,1
Sett (IO/PZ),Garen/Shyvana (DE/MT),1,1,1
Ashe/LeBlanc (FR/NX),Morgana/Udyr (FR/MT),1,1,1
Championless (MT/SI),Leona/Yasuo (IO/MT),1,1,1
Leona/Yasuo (IO/MT),Braum/Tahm Kench (BW/FR),1,1,1
Ashe/LeBlanc (FR/NX),Garen/Gnar/Shyvana (DE/FR),1,1,1
Galio (DE/MT),Akshan/Lee Sin (IO/SH),1,1,1
Ashe/LeBlanc (FR/NX),Braum/Jayce (FR/PZ),1,1,1
Gnar/Lulu (BC/MT),Akshan/Varus (SH/RU),1,1,1
Riven/Viktor (NX/PZ),Lillia (IO/SI),1,1,1
Championless (FR/PZ),Swain/Yasuo (IO/NX),1,1,1
Championless (SI),Vayne/Yasuo (DE/IO),1,1,1
Vayne/Yasuo (DE/IO),Malphite/Yasuo (IO/MT),1,1,1
Akshan/Morgana (DE/SH),Vayne/Yasuo (DE/IO),1,1,1
Jayce/Lux (DE/PZ),Vayne/Yasuo (DE/IO),1,1,1
Championless (SI/SH),Leona/Yasuo (IO/MT),1,1,1
Championless (FR/IO),Maokai/Nautilus (BW/SI),1,1,1
Ashe/Senna (FR/SI),Nasus/Renekton (SH),1,1,1
Championless (SI),Galio/Poppy (DE/SH),1,1,1
Gnar/Lulu (BC/NX),Sett (IO/PZ),1,1,1
Riven/Viktor (NX/PZ),Braum/Udyr (FR/IO),1,1,1
Riven/Viktor (NX/PZ),Lillia/Lulu (FR/IO),1,1,1
Darius/Gnar (FR/NX),Galio/Poppy/Udyr (DE/FR),1,1,1
Lee Sin/Viktor (IO/PZ),Akshan/Jax (RU/SH),1,1,1
Senna/Veigar (BC/SI),Sejuani (FR/PZ),1,1,1
Championless (SI),Kai'Sa/Renekton (FR/SH),1,1,1
Darius/Gnar (FR/NX),Galio/Poppy (DE/SH),1,1,1
Maokai (BW/SI),Aatrox/Akshan (RU/SH),1,1,1
Maokai (BW/SI),Jayce/Swain (NX/PZ),1,1,1
Riven/Viktor (NX/PZ),Jayce/Swain (NX/PZ),1,1,1
Aatrox/Morgana (RU/DE),Poppy/Tristana (BC/DE),1,1,1
Aatrox/Morgana (RU/DE),Garen/Morgana (DE/SI),1,1,1
Aatrox/Kayn (RU/RU),Garen/Gnar (DE/FR),1,1,1
Illaoi/Swain (BW/NX),Tristana/Veigar (BC/SI),1,1,1
Illaoi/Swain (BW/NX),Ashe/Tahm Kench (BW/FR),1,1,1
Lee Sin/Viktor (IO/PZ),Ornn (DE/FR),1,1,1
Ornn (DE/FR),Nasus/Renekton (SH),1,1,1
Akshan/Varus (SH/RU),Ornn (DE/FR),1,1,1
Senna/Veigar (BC/SI),Ornn (DE/FR),1,1,1
Galio/Udyr (DE/FR),Garen/Gnar (DE/FR),1,1,1
Ashe/LeBlanc (FR/NX),Poppy/Tristana (BC/DE),1,1,1
Ashe (FR/PZ),Braum/Gnar (FR/IO),1,1,1
Braum/Gnar (FR/IO),Lee Sin/Viktor (IO/PZ),1,1,1
Kalista/LeBlanc (NX/SI),Ashe/Senna (FR/SI),1,1,1
Ashe/LeBlanc (FR/NX),Kai'Sa/Renekton (NX/SH),1,1,1
Garen/Morgana (DE/SI),Sion/Vladimir (FR/NX),1,1,1
Ashe (FR/PZ),Lulu/Poppy (BC/BW),1,1,1
Garen/Morgana (DE/SI),Sett (IO/PZ),1,1,1
Senna/Veigar (BC/SI),Lillia/Lulu (FR/IO),1,1,1
Sett (IO/PZ),Lillia/Lulu (FR/IO),1,1,1
Braum/Vladimir (FR/NX),Kai'Sa/Renekton (FR/SH),1,1,1
Maokai/Nautilus (BW/SI),Lillia/Lulu (FR/IO),1,1,1
Garen/Morgana (DE/SI),Garen/Udyr (DE/FR),1,1,1
Aatrox/Kayn (RU/RU),Rumble/Vayne (DE/NX),1,1,1
Udyr/Vayne (DE/FR),Poppy/Riven (BC/NX),1,1,1
Darius/Gnar (FR/NX),Poppy/Riven (BC/NX),1,1,1
Poppy/Riven (BC/NX),Swain/Yasuo (IO/NX),1,1,1
Morgana/Udyr (FR/MT),Kalista (SI),1,1,1
Rumble/Vayne (DE/NX),Braum/Udyr (FR/IO),1,1,1
Ashe (FR/PZ),Braum/Tahm Kench (BW/FR),1,1,1
Maokai/Nautilus (BW/SI),Janna/Lee Sin/Viktor (IO/PZ),1,1,1
Swain/Yasuo (IO/NX),Morgana/Udyr (FR/MT),1,1,1
Malphite/Yasuo (IO/MT),Garen/Taric (DE/MT),1,1,1
Poppy/Taric (DE/MT),Poppy/Riven (BC/NX),1,1,1
Taric/Varus (MT/RU),Nasus/Renekton (SH),1,1,1
Braum/Gwen (FR/SI),Jayce (PZ/SI),1,1,1
Braum/Gwen (FR/SI),Kayle (BW/MT),1,1,1
Morgana/Udyr (DE/FR),Braum/Jayce (FR/PZ),1,1,1
Morgana/Udyr (DE/FR),Neeko (FR/RU),1,1,1
Kayle (BW/MT),Braum/Jayce (FR/PZ),1,1,1
Akshan/Lee Sin (IO/SH),Garen (DE/NX),1,1,1
Rumble (NX/SH),Morgana/Udyr (DE/FR),1,1,1
Garen/Neeko (DE/RU),Jack/Sett (BW/IO),1,1,1
Akshan/Varus (SH/RU),Championless (IO/PZ),1,1,1
Darius/Gnar (FR/NX),Janna (BC/PZ),1,1,1
Aatrox/Morgana/Vayne (RU/DE),Senna/Veigar (BC/SI),1,1,1
Maokai/Nautilus (BW/SI),Sett/Yasuo (IO/MT),1,1,1
Akshan/Varus (SH/RU),Championless (SI/SH),1,1,1
Lillia/Sett (BC/IO),Sett/Yasuo (IO/NX),1,1,1
Jack/Sett (BW/IO),Lillia/Sett (BC/IO),1,1,1
Garen/Sivir (DE/SH),Ashe/Senna (FR/SI),1,1,1
Sett/Yasuo (IO/MT),Gangplank/Sejuani (BW/FR),1,1,1
Sett/Yasuo (IO/MT),Akshan/Lee Sin (IO/SH),1,1,1
Aphelios/Morgana/Viktor (MT/PZ),Morgana/Udyr (DE/FR),1,1,1
Garen/Neeko (DE/RU),Caitlyn/Janna (BC/PZ),1,1,1
Aatrox/Kayn (RU/RU),Gangplank/Gnar (BC/BW),1,1,1
Gwen/Kalista (NX/SI),Braum/Jayce (FR/PZ),1,1,1
Gangplank/Sejuani (BW/FR),Tristana (BC/FR),1,1,1
Poppy/Riven (BC/NX),Gangplank/Sejuani (BW/FR),1,1,1
Aphelios/Viktor (MT/PZ),Poppy/Riven (BC/NX),1,1,1
Gangplank/Sejuani (BW/FR),Leona/Morgana (DE/MT),1,1,1
Akshan/Varus (SH/RU),Sett/Yasuo (IO/MT),1,1,1
Janna/Lee Sin/Viktor (IO/PZ),Veigar (BC/SI),1,1,1
Leona/Morgana (DE/MT),Braum/Vladimir (FR/NX),1,1,1
Championless (SI),Sett/Yasuo (IO/MT),1,1,1
Sett/Yasuo (IO/MT),Championless (SI/SH),1,1,1
Garen/Morgana (DE/SI),Nidalee (BC/SH),1,1,1
Aatrox/Kayn (RU/RU),Poppy/Tristana (BC/SI),1,1,1
Maokai/Nautilus (BW/SI),Ashe/Senna (FR/SI),1,1,1
Ashe/Tahm Kench (BW/FR),Garen/Morgana (DE/SI),1,1,1
Illaoi/Udyr (BW/FR),Gnar/Nidalee (BC/SH),1,1,1
Braum/Vladimir (FR/NX),Garen/Morgana (DE/SI),1,1,1
Ashe/LeBlanc (FR/NX),Tristana/Veigar (BC/SI),1,1,1
Malphite/Yasuo (IO/MT),Taric/Varus (MT/RU),1,1,1
Championless (SI/SH),Garen/Morgana (DE/SI),1,1,1
Maokai/Nautilus (BW/SI),Garen/Morgana (DE/SI),1,1,1
Garen/Morgana (DE/SI),Senna/Veigar (BC/SI),1,1,1
Garen/Morgana (DE/SI),Garen/Poppy (DE/SH),1,1,1
Malphite/Yasuo (IO/MT),Nasus/Renekton (SH),1,1,1
Senna/Veigar (BC/SI),Kai'Sa/Renekton (NX/SH),1,1,1
Kai'Sa/Renekton (NX/SH),Darius/Gangplank (BW/NX),1,1,1
LeBlanc/Rumble/Sion (IO/NX),LeBlanc/Sivir (NX/SH),1,1,1
Kai'Sa/Renekton (NX/SH),Championless (SI),1,1,1
Sion/Vladimir (FR/NX),Ashe (FR/PZ),1,1,1
Leona/Malphite (IO/MT),Garen/Morgana (DE/SI),1,1,1
Jayce/Lux (DE/PZ),Aatrox/Varus (RU/RU),1,1,1
Aatrox/Morgana (RU/DE),Akshan/Lee Sin (IO/SH),1,1,1
LeBlanc/Rumble/Sion (IO/NX),Poppy/Riven (BC/NX),1,1,1
Ashe/LeBlanc (FR/NX),Jax/Kayn (RU/RU),1,1,1
Riven/Viktor (NX/PZ),Veigar (BC/SI),1,1,1
Ashe/Thresh (FR/SI),Riven/Viktor (NX/PZ),1,1,1
Janna (PZ/SI),Braum/Swain/Vladimir (FR/NX),1,1,1
Braum/Swain/Vladimir (FR/NX),Jayce/Lux (DE/PZ),1,1,1
Nasus/Renekton (SH),Braum/Jayce (FR/PZ),1,1,1
Akshan/Varus (SH/RU),Gangplank/Gnar (BW/FR),1,1,1
Poppy/Tristana (BC/SI),Braum/Udyr (FR/IO),1,1,1
Gangplank (BW/FR),Ashe (FR/PZ),1,1,1
Illaoi/Udyr (BW/FR),Senna (PZ/SI),1,1,1
Gwen/LeBlanc (NX/SI),Poppy/Riven (BC/NX),1,1,1
Poppy/Riven (BC/NX),Darius/Illaoi (BW/NX),1,1,1
Poppy/Riven (BC/NX),Lillia/Lulu (BC/IO),1,1,1
Poppy/Riven (BC/NX),Jayce/Swain (NX/PZ),1,1,1
Maokai/Nautilus (BW/SI),Aphelios/Leona (FR/MT),1,1,1
Nasus/Renekton (SH),Nidalee (BC/SH),1,1,1
Championless (PZ/SI),Tristana/Veigar (BC/SI),1,1,1
Nidalee (BC/SH),Gangplank/Gnar (BW/FR),1,1,1
Kalista (SI),Veigar (BC/SI),1,1,1
Galio/Garen (DE),Kalista (SI),1,1,1
Janna/Lee Sin/Viktor (IO/PZ),Kalista (SI),1,1,1
Tristana/Veigar (BC/SI),Sett (IO/PZ),1,1,1
Lillia/Sion (IO/NX),Braum/Lillia (FR/IO),1,1,1
Galio/Poppy (DE/FR),Janna/Lee Sin/Viktor (IO/PZ),1,1,1
Gangplank (BW/FR),Akshan/Lee Sin (IO/SH),1,1,1
Tristana/Veigar (BC/SI),Ashe/Janna (FR/PZ),1,1,1
Sion/Vladimir (FR/NX),Udyr (DE/FR),1,1,1
Sion/Vladimir (FR/NX),Maokai/Nautilus (BW/SI),1,1,1
Sion/Vladimir (FR/NX),Malphite/Yasuo (IO/MT),1,1,1
Leona/Malphite (IO/MT),Braum/Janna (FR/PZ),1,1,1
Leona/Malphite (IO/MT),Nasus/Senna (SI/SH),1,1,1
Malphite/Yasuo (IO/MT),Lulu/Shen (IO/MT),1,1,1
Senna/Veigar (BC/SI),Janna/Lee Sin/Viktor (IO/PZ),1,1,1
Championless (PZ/SI),Morgana/Taric (DE/MT),1,1,1
Akshan/Lee Sin (IO/SH),Caitlyn/Jack (BW/PZ),1,1,1
Gwen/Kalista (NX/SI),Morgana/Taric (DE/MT),1,1,1
Poppy/Riven (BC/NX),Darius (FR/NX),1,1,1
Akshan/Varus (SH/RU),Poppy/Tristana (BC/DE),1,1,1
Akshan/Varus (SH/RU),Gangplank (BW/FR),1,1,1
Akshan/Lee Sin (IO/SH),Darius/Sejuani (FR/NX),1,1,1
Lillia/Sion (IO/NX),Senna/Veigar (BC/SI),1,1,1
Ashe/LeBlanc (FR/NX),Galio/Poppy (DE/FR),1,1,1
Morgana/Udyr (DE/FR),Tristana (BC/FR),1,1,1
Akshan/Lee Sin (IO/SH),Senna (BW/SI),1,1,1
Jayce/Lux (DE/PZ),Gwen (SI),1,1,1
Akshan/Lee Sin (IO/SH),Championless (BW/MT),1,1,1
Morgana/Udyr (DE/FR),Lillia/Sion (IO/NX),1,1,1
Aatrox/Kayn (RU/RU),Lillia/Sion (IO/NX),1,1,1
Sett (IO/PZ),Gnar/Jack (BC/BW),1,1,1
Kalista/Sion (NX/SI),Janna/Lee Sin/Viktor (IO/PZ),1,1,1
Akshan/Lee Sin (IO/SH),Garen/Shyvana (DE/MT),1,1,1
Leona/Morgana (DE/MT),Lee Sin/Viktor (IO/PZ),1,1,1
Braum/Galio (DE/FR),Braum/Lillia (FR/IO),1,1,1
Janna/Lillia (IO/PZ),Aatrox/Kayn (RU/RU),1,1,1
Braum/Vladimir (FR/NX),Senna (BW/SI),1,1,1
Nidalee (BC/SH),Kayle/Morgana (DE/MT),1,1,1
Braum/Vladimir (FR/NX),Sion/Vladimir (FR/NX),1,1,1
Senna/Veigar (BC/SI),Jax/Kayn (RU/RU),1,1,1
Poppy/Riven (BC/NX),Rumble/Vayne (DE/NX),1,1,1
Rumble/Vayne (DE/NX),Senna (PZ/SI),1,1,1
Lee Sin/Viktor (IO/PZ),Kayle/Morgana (DE/MT),1,1,1
Championless (SI),Gwen/Udyr (FR/SI),1,1,1
Lulu/Neeko (BC/RU),Janna/Lee Sin/Viktor (IO/PZ),1,1,1
Morgana/Udyr (DE/FR),Janna/Senna (PZ/SI),1,1,1
Kalista (SI),Neeko/Nidalee (RU/SH),1,1,1
Championless (MT/SI),Lee Sin (IO/PZ),1,1,1
Poppy/Tristana (BC/MT),Rumble/Vayne (DE/NX),1,1,1
Tristana (BC/FR),Gnar/Nidalee (BC/SH),1,1,1
Gwen/Kalista (FR/SI),Ashe/LeBlanc (FR/NX),1,1,1
Kalista (SI),Kayle/Viktor (MT/PZ),1,1,1
Ashe (FR/PZ),Aatrox/Akshan (RU/SH),1,1,1
LeBlanc/Sivir (NX/SH),Gwen/Kalista (FR/SI),1,1,1
Jax/Ornn (FR/RU),Gwen/Kalista (FR/SI),1,1,1
Akshan/Varus (SH/RU),Lillia/Poppy (BC/IO),1,1,1
Lee Sin/Viktor (IO/PZ),Braum/Swain/Vladimir (FR/NX),1,1,1
Poppy/Tristana (BC/MT),Senna/Veigar (BC/SI),1,1,1
Shyvana/Taric (DE/MT),Senna/Veigar (BC/SI),1,1,1
Gangplank/Gnar (BC/BW),Poppy/Riven (BC/NX),1,1,1
Poppy/Tristana (BC/SI),Ashe/LeBlanc (FR/NX),1,1,1
LeBlanc/Rumble (BC/NX),Jayce/Lux (DE/PZ),1,1,1
Poppy/Tristana (BC/MT),Malphite/Yasuo (IO/MT),1,1,1
Poppy/Tristana (BC/MT),Jack/Sett (BW/IO),1,1,1
Championless (PZ/SI),Gwen/Kalista (SI/SH),1,1,1
Maokai/Nautilus (BW/SI),Gwen/Yasuo (IO/SI),1,1,1
Morgana/Udyr (DE/FR),Nidalee/Rumble (BC/SH),1,1,1
Aatrox/Kayn (RU/RU),Taric/Vayne (DE/MT),1,1,1
Taric/Vayne (DE/MT),Senna/Veigar (BC/SI),1,1,1
Morgana/Udyr (DE/FR),Darius/Sejuani (FR/NX),1,1,1
Morgana/Udyr (DE/FR),Jax/Kayn (RU/RU),1,1,1
Morgana/Taric (DE/MT),Tristana (BC/FR),1,1,1
Morgana/Taric (DE/MT),Poppy/Tristana (BC/MT),1,1,1
Janna/Lillia (IO/PZ),Poppy/Tristana (BC/SI),1,1,1
Gnar (BC/FR),Sett (IO/PZ),1,1,1
Gwen/Kalista (NX/SI),Riven/Viktor (NX/PZ),1,1,1
Poppy/Riven (BC/NX),Malphite/Yasuo (IO/MT),1,1,1
Gnar (BC/FR),Championless (PZ/SI),1,1,1
Ashe/Tahm Kench (BW/FR),Poppy/Tristana (BC/MT),1,1,1
Senna/Veigar (BC/SI),Senna (BW/SI),1,1,1
Ashe/LeBlanc (FR/NX),Poppy/Tristana (BC/MT),1,1,1
Poppy/Tristana (BC/MT),Gangplank (BW/FR),1,1,1
Veigar (BC/SI),Poppy/Tristana (BC/MT),1,1,1
Championless (PZ/SI),Janna/Lillia (IO/PZ),1,1,1
Jayce/Lux (DE/PZ),Akshan/Rumble (BC/SH),1,1,1
Sett (IO/PZ),Poppy/Tristana (BC/MT),1,1,1
Aatrox/Kayn (RU/RU),Gwen/Jayce (PZ/SI),1,1,1
Senna/Veigar (BC/SI),Poppy (BC/DE),1,1,1
Poppy/Tristana (BC/SI),Galio/Morgana (DE/MT),1,1,1
Kalista (SI),Gwen/Kalista (NX/SI),1,1,1
Kayn/Vayne (DE/RU),Kalista (SI),1,1,1
Gwen/Vayne (DE/SI),Championless (SI/SH),1,1,1
Gwen/Jayce (PZ/SI),Jayce/Lux (DE/PZ),1,1,1
Poppy (BC/DE),Jayce/Lux (DE/PZ),1,1,1
Garen (DE),LeBlanc/Sivir (NX/SH),1,1,1
Darius/Gnar/LeBlanc (FR/NX),Kai'Sa/Viktor (PZ/SH),1,1,1
Championless (SI),Gangplank (BW/FR),1,1,1
Championless (MT/SI),Sejuani (BC/FR),1,1,1
Championless (MT/SI),Darius/LeBlanc (FR/NX),1,1,1
Poppy/Tristana (BC/NX),Darius/Gnar/LeBlanc (FR/NX),1,1,1
Darius/Gnar/LeBlanc (FR/NX),Darius/Gnar (FR/NX),1,1,1
Darius/Gnar/LeBlanc (FR/NX),Illaoi/Udyr (BW/FR),1,1,1
Illaoi/Udyr (BW/FR),Poppy/Tristana (BC/NX),1,1,1
Poppy/Tristana (BC/NX),Sion/Vladimir (FR/NX),1,1,1
Poppy/Tristana (BC/NX),Leona/Malphite (IO/MT),1,1,1
Illaoi/Udyr (BW/FR),Kalista/Sion (NX/SI),1,1,1
Ashe/Tahm Kench (BW/FR),Sion/Vladimir (FR/NX),1,1,1
Sion/Vladimir (FR/NX),Ashe/LeBlanc (FR/NX),1,1,1
Lulu/Shen (IO/MT),Rumble/Sion (BC/NX),1,1,1
Gnar/Tristana (BC/BW),Kayle (FR/MT),1,1,1
Gnar/Tristana (BC/BW),Ashe (FR/PZ),1,1,1
Ashe (FR/PZ),Garen/Taric (DE/MT),1,1,1
Braum/Janna (FR/PZ),Sett (IO/PZ),1,1,1
Poppy/Tristana (BC/NX),Gwen/Kalista (NX/SI),1,1,1
Gwen/Vayne (DE/SI),Malphite/Yasuo (IO/MT),1,1,1
Gwen/Vayne (DE/SI),Ashe/Tahm Kench (BW/FR),1,1,1
Braum/Vladimir (FR/NX),Kai'Sa/Sivir/Viktor (PZ/SH),1,1,1
Kayle (BW/MT),Kai'Sa/Sivir/Viktor (PZ/SH),1,1,1
Sett (IO/PZ),Nasus/Senna (SI/SH),1,1,1
Aatrox/Kayn (RU/RU),Illaoi/Udyr (BW/FR),1,1,1
Gnar/Swain (BC/NX),Lillia/Ryze (IO/RU),1,1,1
Morgana/Taric (DE/MT),Kai'Sa/Sivir/Viktor (PZ/SH),1,1,1
Garen/Kayle (DE/MT),Akshan/Lee Sin (IO/SH),1,1,1
Gnar/Tristana (BC/BW),Garen/Kayle (DE/MT),1,1,1
Darius (FR/NX),Kalista/Sion (NX/SI),1,1,1
Kalista (SI),Darius (FR/NX),1,1,1
Championless (SI),Kai'Sa/Sivir/Viktor (PZ/SH),1,1,1
Jayce/Lux (DE/PZ),Lulu (BC/PZ),1,1,1
Tahm Kench/Udyr (BW/FR),Illaoi/Udyr (BW/FR),1,1,1
Illaoi/Udyr (BW/FR),Darius (FR/NX),1,1,1
Illaoi/Udyr (BW/FR),Aphelios/Viktor (MT/PZ),1,1,1
Sion/Vladimir (FR/NX),Kai'Sa/Sivir/Vi (PZ/SH),1,1,1
Lillia/Sett (IO/MT),Gangplank (BW/SI),1,1,1
Kai'Sa/Sivir/Vi (PZ/SH),Akshan/Lee Sin (IO/SH),1,1,1
Darius (FR/NX),Darius/Gnar/LeBlanc (FR/NX),1,1,1
Darius (FR/NX),Kai'Sa/Sivir/Vi (PZ/SH),1,1,1
Championless (SI),Kai'Sa/Sivir/Vi (PZ/SH),1,1,1
Championless (MT/SI),Kalista/LeBlanc (NX/SI),1,1,1
Gnar/Tristana (BC/BW),Kalista/LeBlanc (NX/SI),1,1,1
Championless (MT/SI),Garen/Poppy (DE/MT),1,1,1
Yasuo (DE/IO),Kai'Sa/Sivir/Vi (PZ/SH),1,1,1
Garen/Poppy (DE/MT),Kai'Sa/Sivir/Vi (PZ/SH),1,1,1
Kai'Sa/Sivir/Vi (PZ/SH),Jack/Sett (BW/IO),1,1,1
Kai'Sa/Sivir/Vi (PZ/SH),Lulu/Shen (DE/IO),1,1,1
Garen/Udyr (DE/FR),Kai'Sa/Sivir/Vi (PZ/SH),1,1,1
Gwen/Kalista (NX/SI),Gnar/Tristana (BC/BW),1,1,1
Leona/Malphite (IO/MT),Darius (FR/NX),1,1,1
Darius (FR/NX),Lillia/Ryze (IO/RU),1,1,1
Garen/Morgana (DE/MT),Morgana/Udyr (DE/FR),1,1,1
Morgana/Taric (DE/MT),Leona/Malphite (IO/MT),1,1,1
Gnar/Neeko (FR/RU),Galio/Shyvana (DE/MT),1,1,1
Rumble/Sion (BC/NX),Kai'Sa/Sivir/Vi (PZ/SH),1,1,1
Braum/Kayle (FR/MT),Poppy/Tristana (BC/MT),1,1,1
Jax/Ornn (FR/RU),Poppy/Tristana (BC/MT),1,1,1
Poppy/Tristana (BC/MT),Kayle/Lulu (IO/MT),1,1,1
LeBlanc (FR/NX),Poppy/Tristana (BC/MT),1,1,1
Neeko/Nidalee (RU/SH),Kayle (BW/MT),1,1,1
Lee Sin (IO/PZ),Kayle (BW/MT),1,1,1
Championless (SI),Veigar (BC/SI),1,1,1
Lee Sin/Viktor (IO/PZ),Lillia/Sett (IO/SH),1,1,1
Ashe/LeBlanc (FR/NX),Gnar (BC/FR),1,1,1
Gnar (BC/FR),Riven/Viktor (NX/PZ),1,1,1
Morgana/Udyr (DE/FR),Malphite (BW/MT),1,1,1
Kalista (SI),Lillia/Ryze (IO/RU),1,1,1
Lillia/Ryze (IO/RU),Janna/Malphite (MT/PZ),1,1,1
Nidalee (BC/SH),Akshan/Garen (DE/SH),1,1,1
Nasus/Renekton (SH),Braum/Galio (DE/FR),1,1,1
Jax/Kayn (RU/RU),Jayce/Lux (DE/PZ),1,1,1
Jayce/Lux (DE/PZ),Caitlyn/Vi (BW/PZ),1,1,1
Kalista (SI),Lulu/Neeko (BC/RU),1,1,1
Poppy/Tristana (BC/MT),Lee Sin/Viktor (IO/PZ),1,1,1
Kalista/LeBlanc (NX/SI),Garen (DE/IO),1,1,1
Kalista (SI),Kalista/Morgana (DE/SI),1,1,1
Lillia (FR/IO),Neeko/Poppy (DE/RU),1,1,1
Garen (DE/SH),Kalista (SI),1,1,1
Morgana/Udyr (DE/FR),Lulu/Shen (DE/IO),1,1,1
Lulu/Shen (DE/IO),Lee Sin/Viktor (IO/PZ),1,1,1
Kalista/LeBlanc (NX/SI),Janna/Sett (IO/PZ),1,1,1
Kalista/Nasus/Thresh (SI/SH),Kalista (SI),1,1,1
Morgana/Taric (DE/MT),Gnar/Sejuani (BC/FR),1,1,1
Maokai (BW/SI),Kalista/Nasus/Thresh (SI/SH),1,1,1
Kalista/Nasus/Thresh (SI/SH),Janna (IO/PZ),1,1,1
Lee Sin/Viktor (IO/PZ),Aatrox/Akshan (RU/SH),1,1,1
Kalista/LeBlanc (NX/SI),Tahm Kench/Udyr (BW/FR),1,1,1
Poppy/Tristana (BC/SI),Akshan/Varus (SH/RU),1,1,1
Ashe/Senna (FR/SI),Rumble/Vayne (DE/NX),1,1,1
Ashe/Senna (FR/SI),Poppy/Tristana (BC/SI),1,1,1
Rumble/Vayne (DE/NX),Jayce/Lux (DE/PZ),1,1,1
Rumble/Vayne (DE/NX),Malphite/Yasuo (IO/MT),1,1,1
Championless (PZ/SI),Garen/Taric (DE/MT),1,1,1
Gnar/Neeko (FR/RU),Championless (PZ/SI),1,1,1
Morgana/Taric (DE/MT),Rumble/Vayne (DE/NX),1,1,1
Darius/Gnar (FR/NX),Gnar/Tristana (BC/BW),1,1,1
Poppy/Riven (BC/NX),Darius/Gangplank (BW/NX),1,1,1
Championless (BC/SI),Ashe (FR/PZ),1,1,1
Gnar/Neeko (FR/RU),Rumble/Sivir (NX/SH),1,1,1
Gnar/Neeko (FR/RU),Janna/Viktor (IO/PZ),1,1,1
Malphite/Yasuo (IO/MT),Swain (FR/NX),1,1,1
Jayce/Lux (DE/PZ),Taric/Vayne (DE/MT),1,1,1
Jayce/Lux (DE/PZ),Swain/Vladimir (FR/NX),1,1,1
Garen/Taric (DE/MT),Gangplank (BW/SI),1,1,1
Gangplank (BW/SI),Lee Sin/Viktor (IO/PZ),1,1,1
Jayce/Lux (DE/PZ),Darius/Gangplank (BW/NX),1,1,1
Darius/Gangplank (BW/NX),Janna/Viktor (IO/PZ),1,1,1
Darius/Gangplank (BW/NX),Sejuani/Swain (FR/NX),1,1,1
Gangplank (BW/NX),Taric/Vayne (DE/MT),1,1,1
Gnar/Tristana (BC/BW),Kalista/Thresh (SI/SH),1,1,1
Jayce/Lux (DE/PZ),Galio (DE/MT),1,1,1
Akshan/Varus (SH/RU),Braum/Gnar (FR/IO),1,1,1
Jayce/Lux (DE/PZ),Gangplank/Thresh (BW/SI),1,1,1
Aatrox/Morgana (RU/DE),Rumble/Vayne (DE/NX),1,1,1
Akshan/Riven (NX/SH),Lillia/Sion (IO/NX),1,1,1
Kalista (NX/SI),Akshan/Lee Sin (IO/SH),1,1,1
Braum/Vladimir (FR/NX),Lillia/Ryze (IO/RU),1,1,1
Illaoi/Udyr (BW/FR),Kalista (SI),1,1,1
Illaoi/Udyr (BW/FR),Janna (PZ/SI),1,1,1
Illaoi/Udyr (BW/FR),Taric/Vayne (DE/MT),1,1,1
Malphite/Yasuo (IO/MT),Kalista/Thresh (SI/SH),1,1,1
Ashe/LeBlanc (FR/NX),Garen (DE),1,1,1
Kayn/Vayne (DE/RU),Caitlyn/Janna/Viktor (MT/PZ),1,1,1
Taric/Vayne (DE/MT),Caitlyn/Janna/Viktor (MT/PZ),1,1,1
Caitlyn/Janna/Viktor (MT/PZ),Lee Sin/Viktor (IO/PZ),1,1,1
Akshan/Lee Sin (IO/SH),Ashe/Gnar (FR/IO),1,1,1
LeBlanc/Sivir (NX/SH),Kayn/Vayne (DE/RU),1,1,1
Championless (PZ/SI),Aphelios/Lux (DE/MT),1,1,1
Championless (SI),Ashe/Vi (FR/PZ),1,1,1
Kalista (SI),Rumble/Vayne (DE/NX),1,1,1
Championless (PZ/SI),Leona/Malphite (IO/MT),1,1,1
Malphite (BW/MT),Riven/Viktor (NX/PZ),1,1,1
Illaoi/Udyr (BW/FR),Malphite/Yasuo (IO/MT),1,1,1
Malphite (BW/MT),Malphite/Yasuo (IO/MT),1,1,1
Leona/Malphite (IO/MT),Braum/Kayle (FR/MT),1,1,1
Senna (PZ/SI),LeBlanc (FR/NX),1,1,1
Neeko/Renekton (RU/SH),Rumble/Vayne (DE/NX),1,1,1
Lee Sin/Viktor (IO/PZ),Sett/Yasuo (IO/MT),1,1,1
Sett/Yasuo (IO/MT),Senna/Veigar (BC/SI),1,1,1
Nasus/Renekton (SH),Janna/Lee Sin/Viktor (IO/PZ),1,1,1
Sett (IO/PZ),Akshan/Riven (NX/SH),1,1,1
Janna/Lee Sin/Viktor (IO/PZ),Aatrox/Kayn (RU/RU),1,1,1
Senna/Veigar (BC/SI),Udyr (FR/IO),1,1,1
Morgana/Taric (DE/MT),Janna/Sett (IO/PZ),1,1,1
Morgana/Taric (DE/MT),Championless (IO/PZ),1,1,1
Jack/Sett (BW/IO),Illaoi/Udyr (BW/FR),1,1,1
Poppy/Tristana (BC/SI),Gwen/Kalista (SI/SH),1,1,1
Morgana/Udyr (DE/FR),Poppy/Tristana (BC/SI),1,1,1
Neeko/Poppy (DE/RU),Morgana/Taric (DE/MT),1,1,1
Braum/Galio (DE/FR),Braum/Udyr (FR/MT),1,1,1
Gnar/Nidalee (BC/SH),Garen/Kayle (DE/MT),1,1,1
Gnar/Nidalee (BC/SH),Aatrox/Akshan (RU/SH),1,1,1
Gnar/Nidalee (BC/SH),Kayn/Sivir (RU/SH),1,1,1
Jayce/Lux (DE/PZ),Garen (DE/IO),1,1,1
Malphite (BW/MT),Ashe/LeBlanc (FR/NX),1,1,1
Garen (DE/IO),Nidalee (BC/SH),1,1,1
Kalista (SI),Morgana/Taric (DE/MT),1,1,1
Morgana/Taric (DE/MT),Garen/Kayle (DE/MT),1,1,1
Garen/Kayle (DE/MT),Darius/Gnar/LeBlanc (FR/NX),1,1,1
Darius/Gnar/LeBlanc (FR/NX),Janna/Sett (IO/PZ),1,1,1
Tristana (BC/FR),Kayle/Morgana (DE/MT),1,1,1
Leona/Malphite (IO/MT),Illaoi/Swain (BW/NX),1,1,1
Leona/Malphite (IO/MT),LeBlanc (FR/NX),1,1,1
LeBlanc (FR/NX),Lillia/Ryze (IO/RU),1,1,1
Aphelios/Viktor (MT/PZ),Leona/Malphite (IO/MT),1,1,1
LeBlanc (FR/NX),Riven/Viktor (NX/PZ),1,1,1
Ashe (FR/PZ),Janna/Kayn (RU/PZ),1,1,1
LeBlanc/Sion (NX/SI),Ashe (FR/PZ),1,1,1
Garen/Kayle (DE/MT),Akshan/Varus (SH/RU),1,1,1
Garen/Kayle (DE/MT),Aphelios/Viktor (MT/PZ),1,1,1
Nasus/Renekton (SH),Kayle/Morgana (DE/MT),1,1,1
Riven/Viktor (NX/PZ),Illaoi/Udyr (BW/FR),1,1,1
Malphite/Yasuo (IO/MT),Janna (PZ/SI),1,1,1
Malphite/Yasuo (IO/MT),Aatrox/Akshan (RU/SH),1,1,1
Janna/Sett (IO/PZ),Braum/Udyr (DE/FR),1,1,1
Shyvana/Taric (DE/MT),Janna/Sett (IO/PZ),1,1,1
Neeko/Renekton (RU/SH),Janna/Sett (IO/PZ),1,1,1
Janna/Sett (IO/PZ),Darius/LeBlanc (FR/NX),1,1,1
Championless (IO/SI),Janna/Sett (IO/PZ),1,1,1
Leona/Malphite (IO/MT),Poppy (BC/DE),1,1,1
Sett (IO/PZ),Malphite (BW/MT),1,1,1
Poppy/Tristana (BC/SI),Illaoi/Udyr (BW/FR),1,1,1
Darius/Gnar (FR/NX),Malphite (BW/MT),1,1,1
Ashe/LeBlanc (FR/NX),Lillia/Sett (IO/MT),1,1,1
Udyr (FR/IO),Neeko/Poppy (DE/RU),1,1,1
Kalista/LeBlanc (NX/SI),Gnar/Nidalee (BC/SH),1,1,1
Veigar (BC/SI),Aatrox/Morgana (RU/DE),1,1,1
Lee Sin/Viktor (IO/PZ),Ashe/Senna (FR/SI),1,1,1
Championless (SI),Illaoi/Udyr (BW/FR),1,1,1
Illaoi/Udyr (BW/FR),LeBlanc/Rumble/Sion (IO/NX),1,1,1
Lulu/Neeko (BC/RU),Ashe/LeBlanc (FR/NX),1,1,1
Braum/Kayle (FR/MT),Morgana/Taric (DE/MT),1,1,1
Braum/Kayle (FR/MT),Lillia/Nidalee (IO/SH),1,1,1
Gnar/Sejuani (FR/NX),Braum/Kayle (FR/MT),1,1,1
Braum/Galio (DE/FR),Aatrox/Janna (RU/PZ),1,1,1
LeBlanc/Rumble/Sion (IO/NX),Braum/Galio (DE/FR),1,1,1
Gnar/Nidalee (BC/SH),Ryze (RU/SI),1,1,1
Janna/Sett (IO/PZ),Kalista/Nasus/Thresh (SI/SH),1,1,1
Kalista/Nasus/Thresh (SI/SH),Gwen/Nidalee (SI/SH),1,1,1
Taric/Varus (MT/RU),Gnar/Nidalee (BC/SH),1,1,1
Veigar (BC/SI),Braum/Galio (DE/FR),1,1,1
Aphelios/Lee Sin (IO/MT),Janna/Lee Sin (IO/PZ),1,1,1
Gwen/Kalista (FR/SI),Morgana/Udyr (DE/FR),1,1,1
Gwen/Kalista (SI/SH),Aatrox/Morgana (RU/DE),1,1,1
Kalista/Thresh (SI/SH),Championless (SI),1,1,1
LeBlanc (FR/NX),Malphite/Yasuo (IO/MT),1,1,1
Ashe (FR/PZ),Shen (DE/IO),1,1,1
Morgana/Taric (DE/MT),Garen (DE),1,1,1
Nasus/Thresh (SI/SH),Poppy/Tristana (BC/SI),1,1,1
Ashe/Garen (DE/FR),LeBlanc (FR/NX),1,1,1
Neeko/Poppy (DE/RU),LeBlanc (FR/NX),1,1,1
Kalista/LeBlanc (NX/SI),LeBlanc (FR/NX),1,1,1
Morgana/Taric (DE/MT),LeBlanc (FR/NX),1,1,1
Morgana/Taric (DE/MT),Aatrox/Akshan (RU/SH),1,1,1
Morgana/Taric (DE/MT),Janna (PZ/SI),1,1,1
Sivir (FR/SH),Akshan/Varus (SH/RU),1,1,1
Ashe (FR/PZ),Garen/Vayne (DE/NX),1,1,1
Ashe/Tahm Kench (BW/FR),Aatrox/Morgana (RU/DE),1,1,1
LeBlanc (FR/NX),Yasuo (IO/PZ),1,1,1
Lillia/Sett (IO/MT),Rumble/Sion (BC/NX),1,1,1
Darius/Gnar (FR/NX),Janna/Lee Sin/Viktor (IO/PZ),1,1,1
Janna/Lee Sin/Viktor (IO/PZ),Maokai (BW/SI),1,1,1
Morgana/Udyr (DE/FR),Aatrox/Morgana/Vayne (RU/DE),1,1,1
Maokai/Thresh (BW/SI),Darius/Gnar (FR/NX),1,1,1
Aatrox/Morgana/Vayne (RU/DE),Jack/Sett (BW/IO),1,1,1
Senna/Veigar (BC/SI),Lillia/Sett (IO/SH),1,1,1
Garen/Shen (DE/IO),LeBlanc/Udyr (FR/NX),1,1,1
Morgana/Taric (DE/MT),Kai'Sa/Sivir/Vi (PZ/SH),1,1,1
Morgana/Udyr (DE/FR),Kayle/Morgana (DE/MT),1,1,1
Ashe/LeBlanc (FR/NX),Garen/Shen (DE/IO),1,1,1
Braum/Vladimir (FR/NX),Garen/Shen (DE/IO),1,1,1
Kai'Sa/Sivir/Vi (PZ/SH),Kayle (BW/MT),1,1,1
Kai'Sa/Sivir/Vi (PZ/SH),Senna/Veigar (BC/SI),1,1,1
Kayle (BW/MT),Caitlyn/Janna/Viktor (MT/PZ),1,1,1
Kalista/Morgana (DE/SI),Akshan/Garen (DE/SH),1,1,1
Gwen/Kalista (FR/SI),Braum/Morgana (DE/FR),1,1,1
Gwen/Kalista (FR/SI),Garen/Shen (DE/IO),1,1,1
Leona/Morgana (DE/MT),Gwen/Kalista (FR/SI),1,1,1
Gwen/Kalista (FR/SI),Maokai/Thresh (BW/SI),1,1,1
Swain/Vladimir (BW/NX),Veigar (BC/SI),1,1,1
Morgana/Udyr (DE/FR),Lulu (BC/PZ),1,1,1
Ashe (FR/PZ),Renekton/Shen (IO/SH),1,1,1
Garen/Shen (DE/IO),Ashe (FR/PZ),1,1,1
Kalista/Nidalee (SI/SH),Championless (PZ/SI),1,1,1
Ashe/Senna (FR/SI),Braum/Vladimir (FR/NX),1,1,1
Ashe/LeBlanc (FR/NX),Ashe/Senna (FR/SI),1,1,1
Ashe/Senna (FR/SI),Riven/Viktor (NX/PZ),1,1,1
LeBlanc/Udyr (FR/NX),Taric/Varus (MT/RU),1,1,1
Gwen/Kalista (SI/SH),Darius/LeBlanc (FR/NX),1,1,1
Neeko/Poppy (BC/RU),Darius/LeBlanc (FR/NX),1,1,1
Braum/Kayle (FR/MT),Sett (IO/PZ),1,1,1
Senna/Veigar (BC/SI),Renekton/Shen (IO/SH),1,1,1
Darius/Gnar/LeBlanc (FR/NX),Akshan/Lee Sin (IO/SH),1,1,1
Sivir/Vi (PZ/SH),Riven/Viktor (NX/PZ),1,1,1
Janna (BW/PZ),LeBlanc/Udyr (FR/NX),1,1,1
Sett (IO/PZ),Taric/Varus (MT/RU),1,1,1
Ryze (IO/RU),Garen/Taric (DE/MT),1,1,1
Darius/LeBlanc (FR/NX),Shen (DE/IO),1,1,1
Sett (IO/PZ),Darius/LeBlanc (FR/NX),1,1,1
Senna/Veigar (BC/SI),Shen (DE/IO),1,1,1
Gwen/Kalista (NX/SI),Garen/Taric (DE/MT),1,1,1
Championless (PZ/SI),Shen (DE/IO),1,1,1
LeBlanc/Sivir (NX/SH),Gwen/Kalista (NX/SI),1,1,1
Darius/Gnar/LeBlanc (FR/NX),Gnar/Nidalee (BC/SH),1,1,1
Darius/Gnar/LeBlanc (FR/NX),Riven/Viktor (NX/PZ),1,1,1
Maokai/Nautilus (BW/SI),Poppy/Tristana (BC/SI),1,1,1
Riven/Rumble (BC/NX),Ryze (IO/RU),1,1,1
Kalista/LeBlanc (NX/SI),Janna (BW/PZ),1,1,1
Lee Sin/Viktor (IO/PZ),Gwen/Kalista (SI/SH),1,1,1
Lee Sin/Viktor (IO/PZ),Akshan/Jack (BW/SH),1,1,1
Aatrox/LeBlanc (RU/NX),Ashe/LeBlanc (FR/NX),1,1,1
Akshan/Udyr (FR/SH),Akshan/Jack (BW/SH),1,1,1
Braum/Vladimir (FR/NX),Varus/Viktor (PZ/RU),1,1,1
Akshan/Udyr (FR/SH),Janna (BW/PZ),1,1,1
Championless (SI/SH),Aatrox/Kayn (RU/RU),1,1,1
Morgana/Udyr (DE/FR),Darius/Gnar/LeBlanc (FR/NX),1,1,1
Akshan/Varus (SH/RU),Sivir/Vi (PZ/SH),1,1,1
Lillia/Lulu (FR/IO),Morgana/Udyr (DE/FR),1,1,1
Ryze (IO/RU),Akshan/Sivir (DE/SH),1,1,1
Akshan/Sivir (DE/SH),Akshan/Lee Sin (IO/SH),1,1,1
Sivir/Vi (PZ/SH),Sett (IO/PZ),1,1,1
Sivir/Vi (PZ/SH),Aphelios/Viktor (MT/PZ),1,1,1
Gnar/Neeko (FR/RU),Sivir/Vi (PZ/SH),1,1,1
Akshan/Sivir (DE/SH),Kayle (BW/MT),1,1,1
Shen (IO/NX),Akshan/Lee Sin (IO/SH),1,1,1
Morgana/Udyr (DE/FR),Taric/Varus (MT/RU),1,1,1
Gnar/Neeko (FR/RU),Taric/Varus (MT/RU),1,1,1
Kayle (BW/MT),Taric/Varus (MT/RU),1,1,1
Morgana/Yasuo (IO/MT),Akshan/Udyr (FR/SH),1,1,1
Gwen/Kalista (SI/SH),Championless (SI/SH),1,1,1
Maokai/Nautilus (BW/SI),Maokai/Thresh (BW/SI),1,1,1
Ryze (IO/RU),Nasus/Renekton (SH),1,1,1
Poppy/Tristana (BC/SI),Aphelios/Viktor (MT/PZ),1,1,1
Ryze (IO/RU),Janna/Yasuo (IO/PZ),1,1,1
Ryze (RU/SI),Ryze (IO/RU),1,1,1
Lillia/Sett (IO/MT),Ashe (FR/PZ),1,1,1
Gwen/Kalista (FR/SI),Braum/Galio (DE/FR),1,1,1
Akshan/Varus (SH/RU),Maokai/Thresh (BW/SI),1,1,1
Aphelios/Lee Sin (IO/MT),Championless (SI/SH),1,1,1
Kayle/Morgana (DE/MT),Akshan/Varus (SH/RU),1,1,1
Riven/Viktor (NX/PZ),Braum/Galio (DE/FR),1,1,1
Championless (SI/SH),Ryze (RU/SI),1,1,1
Sett (IO/PZ),Kayle/Morgana (DE/MT),1,1,1
Aatrox/Varus (RU/RU),Kayle/Morgana (DE/MT),1,1,1
Gnar/Neeko (FR/RU),Darius/Gwen (NX/SI),1,1,1
Kai'Sa (SI/SH),Maokai/Nautilus (BW/SI),1,1,1
Kayle/Morgana (DE/MT),Leona/Malphite (IO/MT),1,1,1
Caitlyn/Swain (NX/PZ),Illaoi/Udyr (BW/FR),1,1,1
Janna/Sett (IO/PZ),Ryze (IO/RU),1,1,1
Akshan/Lee Sin (IO/SH),Garen/Taric (DE/MT),1,1,1
Morgana/Udyr (DE/FR),Akshan/Riven (NX/SH),1,1,1
Kayle/Morgana (DE/MT),Ashe/LeBlanc (FR/NX),1,1,1
Yasuo (IO/SI),Braum/Galio (DE/FR),1,1,1
Gwen/Vayne (DE/SI),Gnar/Swain (BC/NX),1,1,1
Championless (PZ/SI),Illaoi/Udyr (BW/FR),1,1,1
Illaoi/Udyr (BW/FR),LeBlanc/Udyr (FR/NX),1,1,1
Garen/Poppy (DE/MT),Leona/Malphite (IO/MT),1,1,1
LeBlanc/Rumble/Sion (IO/NX),Lillia/Ryze (IO/RU),1,1,1
Garen (DE/SH),Leona/Malphite (IO/MT),1,1,1
Senna/Veigar (BC/SI),Garen/Poppy (DE/MT),1,1,1
Darius/Gwen (NX/SI),LeBlanc/Rumble/Sion (IO/NX),1,1,1
Darius/Shen (IO/NX),LeBlanc/Rumble/Sion (IO/NX),1,1,1
Senna/Veigar (IO/SI),Gwen/Vayne (DE/SI),1,1,1
Aatrox/Varus (RU/RU),Maokai/Nautilus (BW/SI),1,1,1
Illaoi/Kayle (BW/MT),Rumble/Sion (BC/NX),1,1,1
Garen (DE/MT),Rumble/Sion (BC/NX),1,1,1
Championless (SI),Gnar/Lulu (BC/NX),1,1,1
Kayle (BW/MT),Championless (FR/MT),1,1,1
Nasus/Renekton (SH),Championless (FR/IO),1,1,1
Shen/Vi (IO/PZ),Nasus/Renekton (SH),1,1,1
Malphite/Yasuo (IO/MT),Akshan/Renekton (SH),1,1,1
Gnar/Tristana (BC/BW),Ashe/LeBlanc (FR/NX),1,1,1
Janna/Sett (IO/PZ),Gnar/Tristana (BC/BW),1,1,1
Championless (SI/SH),Ashe (FR/PZ),1,1,1
Nasus/Renekton (SH),Gwen/Kalista (SI/SH),1,1,1
Championless (IO/PZ),Championless (SI/SH),1,1,1
Poppy/Tristana (BC/SI),Illaoi/Kayle (BW/MT),1,1,1
Poppy/Tristana (BC/SI),Gwen (MT/SI),1,1,1
Darius/LeBlanc (FR/NX),Morgana/Taric (DE/MT),1,1,1
Janna (PZ/SI),Kalista/LeBlanc (NX/SI),1,1,1
Jayce/Lux (DE/PZ),Illaoi/Kayle (BW/MT),1,1,1
Championless (SI/SH),Aphelios/Morgana/Taric (DE/MT),1,1,1
Kayle/Udyr (FR/MT),Gwen/Kalista (FR/SI),1,1,1
Braum/Vladimir (FR/NX),Kayle (FR/MT),1,1,1
Lee Sin/Viktor (IO/PZ),Kayle (FR/MT),1,1,1
LeBlanc/Sivir (NX/SH),Taric/Varus (MT/RU),1,1,1
Kayle/Udyr (FR/MT),Jayce/Lux (DE/PZ),1,1,1
Kayle/Udyr (FR/MT),Janna/Sett (IO/PZ),1,1,1
Aatrox/Morgana (RU/DE),Championless (MT/SI),1,1,1
Ashe/LeBlanc (FR/NX),Janna/Kayn (RU/PZ),1,1,1
Nasus/Thresh (SI/SH),Garen/Poppy (BW/DE),1,1,1
Garen/Poppy (BW/DE),Galio/Udyr (DE/FR),1,1,1
Gwen/Kalista (FR/SI),Poppy/Tristana (BC/SI),1,1,1
Poppy/Tristana (BC/SI),Braum/Galio (DE/FR),1,1,1
Poppy/Tristana (BC/SI),LeBlanc/Rumble (BC/NX),1,1,1
Sett (IO/PZ),Udyr (DE/FR),1,1,1
Maokai/Nautilus (BW/SI),Udyr (DE/FR),1,1,1
Jayce/Lux (DE/PZ),Udyr (DE/FR),1,1,1
Udyr (DE/FR),Galio/Morgana (DE/MT),1,1,1
Lulu/Neeko (IO/RU),Nidalee (BC/SH),1,1,1
Championless (PZ/SI),Darius/Gnar/LeBlanc (FR/NX),1,1,1
Galio/Morgana (DE/MT),Gnar/Neeko (FR/RU),1,1,1
Braum/Galio (DE/FR),Lillia/Lulu (FR/IO),1,1,1
Braum/Galio (DE/FR),Darius/Gnar/LeBlanc (FR/NX),1,1,1
Gwen/Kalista (NX/SI),Galio/Morgana (DE/MT),1,1,1
Championless (PZ/SI),Kalista/Thresh (FR/SI),1,1,1
Aatrox/Kayn (RU/RU),Kayle (FR/MT),1,1,1
Championless (SI),Braum/Morgana (DE/FR),1,1,1
Gwen/Kalista (NX/SI),Neeko/Poppy (BC/RU),1,1,1
Kalista (SI),Kayle/Morgana (DE/MT),1,1,1
Kayle (BW/MT),Kalista/Maokai (BW/SI),1,1,1
Akshan/Varus (SH/RU),Kalista/Thresh (FR/SI),1,1,1
LeBlanc/Sivir (NX/SH),Darius/Gnar/LeBlanc (FR/NX),1,1,1
Poppy/Tristana (BC/SI),Gwen/Vayne (DE/SI),1,1,1
Kalista (SI),Lillia/Sett (IO/SH),1,1,1
Galio/Morgana (DE/MT),Gnar/Tristana (BC/NX),1,1,1
Gnar/Tristana (BC/NX),Ashe/LeBlanc (FR/NX),1,1,1
Illaoi/Udyr (BW/FR),Senna (IO/SI),1,1,1
Sett (IO/PZ),Poppy/Tristana (BC/SI),1,1,1
Senna (IO/SI),Jayce/Lux (DE/PZ),1,1,1
Neeko/Poppy (DE/RU),Senna (IO/SI),1,1,1
Kayle/Udyr (FR/MT),Neeko/Renekton (RU/SH),1,1,1
LeBlanc/Sivir (NX/SH),Lillia/Ryze (IO/RU),1,1,1
Garen/Poppy (BW/DE),Championless (MT/SI),1,1,1
Championless (MT/SI),Leona/Sivir (MT/SH),1,1,1
Ashe/Tahm Kench (BW/FR),Garen (DE/SH),1,1,1
Nasus/Thresh (SI/SH),Illaoi/Janna (BW/PZ),1,1,1
Galio/Udyr (DE/FR),Gwen/Kalista (FR/SI),1,1,1
Galio/Morgana (DE/MT),Rumble/Vayne (DE/NX),1,1,1
Neeko/Poppy (DE/RU),Taric/Varus (MT/RU),1,1,1
Gwen/Kalista (NX/SI),Nasus/Thresh (SI/SH),1,1,1
Braum/Vladimir (FR/NX),Kalista/Neeko (RU/SI),1,1,1
Kalista (SI),LeBlanc/Rumble (BC/NX),1,1,1
Aphelios/Yasuo (IO/MT),Morgana/Udyr (DE/FR),1,1,1
Lee Sin/Viktor (IO/PZ),Darius/LeBlanc (FR/NX),1,1,1
Swain/Vladimir (BW/NX),LeBlanc/Sivir (NX/SH),1,1,1
Braum/Galio (DE/FR),Lillia/Sett (IO/SH),1,1,1
Nasus/Renekton (SH),Gnar/Tristana (BC/BW),1,1,1
Leona/Malphite (IO/MT),Garen/Poppy (DE),1,1,1
Leona/Malphite (IO/MT),Kayle (FR/MT),1,1,1
Braum/Lillia (FR/IO),Kalista/Nasus (SI/SH),1,1,1
Senna/Veigar (BC/SI),Gnar/Tristana (BC/BW),1,1,1
Swain/Vladimir (BW/NX),Championless (SI/SH),1,1,1
Aatrox/Kayn (RU/RU),Nasus/Senna/Thresh (SI/SH),1,1,1
Leona/Malphite (IO/MT),Akshan/Nidalee (FR/SH),1,1,1
Neeko/Poppy (BC/RU),Akshan/Nidalee (FR/SH),1,1,1
Jack/Sett (BW/IO),Kayle (FR/MT),1,1,1
Darius/Kalista (NX/SI),Kayle (FR/MT),1,1,1
Sett (IO/PZ),Nidalee/Sivir (BC/SH),1,1,1
Darius/Gnar/LeBlanc (FR/NX),Sett (IO/PZ),1,1,1
Sett (IO/SH),Akshan/Varus (SH/RU),1,1,1
Sett (IO/SH),Akshan/Nidalee/Sivir (DE/SH),1,1,1
Lillia/Sett (IO/SH),Morgana/Taric (DE/MT),1,1,1
Lillia/Sett (IO/SH),Swain/Vladimir (BW/NX),1,1,1
Braum/Galio (DE/FR),Akshan/Udyr (FR/SH),1,1,1
Akshan/Nidalee/Sivir (DE/SH),Akshan/Udyr (FR/SH),1,1,1
Akshan/Udyr (FR/SH),LeBlanc/Rumble/Sion (IO/NX),1,1,1
Sett (IO/PZ),Akshan/Nidalee/Sivir (DE/SH),1,1,1
Sett (IO/PZ),Gwen/LeBlanc (NX/SI),1,1,1
Lillia/Ryze (IO/RU),Akshan/Nasus (SI/SH),1,1,1
Nasus/Renekton (SH),Lillia/Ryze (IO/RU),1,1,1
Lillia/Ryze (IO/RU),Yasuo (IO/NX),1,1,1
Leona/Malphite (IO/MT),LeBlanc/Sion (NX/SI),1,1,1
Braum/Galio (DE/FR),Lillia/Ryze (IO/RU),1,1,1
Kayle/Morgana (DE/MT),Ryze (IO/RU),1,1,1
Championless (SI),Gnar/Jack (BC/BW),1,1,1
Maokai/Nautilus (BW/SI),LeBlanc/Rumble/Sion (IO/NX),1,1,1
LeBlanc/Rumble/Sion (IO/NX),Gnar/Neeko (FR/RU),1,1,1
Ashe/Lulu (FR/IO),Ashe (FR/PZ),1,1,1
Darius/LeBlanc (FR/NX),Veigar (BC/SI),1,1,1
Lee Sin/Viktor (IO/PZ),Garen/Poppy (BW/DE),1,1,1
Lillia/Lulu (FR/IO),Garen/Poppy (BW/DE),1,1,1
Nasus/Thresh (SI/SH),Gnar/Tristana (BC/NX),1,1,1
Ryze (IO/RU),Lillia/Ryze (IO/RU),1,1,1
Leona/Malphite (IO/MT),Riven/Viktor (NX/PZ),1,1,1
Lee Sin/Viktor (IO/PZ),Leona/Malphite (IO/MT),1,1,1
Janna/Sett (IO/PZ),Leona/Malphite (IO/MT),1,1,1
Championless (SI/SH),Poppy/Tristana (BC/SI),1,1,1
Championless (PZ/SI),Kalista/LeBlanc (NX/SI),1,1,1
Senna/Veigar (BC/SI),Senna/Veigar (SI/SH),1,1,1
Riven/Viktor (NX/PZ),Gwen/Kalista (FR/SI),1,1,1
Championless (SI/SH),Malphite/Yasuo (IO/MT),1,1,1
Yasuo (IO/NX),Maokai (BW/SI),1,1,1
Leona/Malphite (IO/MT),Lillia (BC/IO),1,1,1
Malphite (BW/MT),Lillia (BC/IO),1,1,1
Malphite (BW/MT),Kalista (SI),1,1,1
Malphite (BW/MT),Rumble/Vayne (DE/NX),1,1,1
Sett (IO/PZ),Leona/Malphite (IO/MT),1,1,1
Lillia/Ryze (IO/RU),Gangplank/Sejuani (BW/FR),1,1,1
Illaoi/Swain (BW/NX),LeBlanc/Udyr (FR/NX),1,1,1
Aatrox/Morgana (RU/DE),LeBlanc/Udyr (FR/NX),1,1,1
Gwen/Kalista (FR/SI),Neeko/Poppy (DE/RU),1,1,1
Kalista/LeBlanc (NX/SI),Braum/Galio (DE/FR),1,1,1
Janna (IO/PZ),Senna/Veigar (BC/SI),1,1,1
Vi (PZ/SI),Nasus/Renekton (SH),1,1,1
LeBlanc/Sion (NX/SI),Senna/Veigar (BC/SI),1,1,1
LeBlanc/Sion (NX/SI),Aatrox/Morgana (RU/DE),1,1,1
Aatrox/Morgana (RU/DE),Leona/Morgana (DE/MT),1,1,1
Aatrox/Kayn (RU/RU),Lulu/Neeko (IO/RU),1,1,1
Jack/Shen (BW/IO),Nasus/Senna (SI/SH),1,1,1
Lulu/Neeko (IO/RU),Garen/Poppy (BW/DE),1,1,1
Kayle (BW/MT),LeBlanc/Sion (NX/SI),1,1,1
Kalista (SI),Neeko (RU/PZ),1,1,1
Leona/Malphite (IO/MT),Poppy/Riven (BC/NX),1,1,1
Akshan/Varus (SH/RU),Gwen/Kalista (FR/SI),1,1,1
Championless (SI),Gwen/Kalista (SI/SH),1,1,1
LeBlanc/Rumble/Sion (IO/NX),Championless (PZ/SI),1,1,1
Gwen/Kalista (FR/SI),Nasus/Thresh (SI/SH),1,1,1
Nasus/Thresh (SI/SH),Lulu (BC/PZ),1,1,1
Riven/Rumble (BC/NX),Gwen/Kalista (FR/SI),1,1,1
Kalista (SI),Maokai (PZ/SI),1,1,1
Maokai (PZ/SI),Gwen/Riven (NX/SI),1,1,1
Braum/Galio/Garen (DE/FR),Jayce/Lux (DE/PZ),1,1,1
Aatrox/Kayn (RU/RU),Shen/Vi (IO/PZ),1,1,1
Championless (SI),Championless (BW/NX),1,1,1
Ashe (FR/PZ),Poppy/Taric (DE/MT),1,1,1
Aatrox/Kayn (RU/RU),Kayn/Shen (IO/RU),1,1,1
Braum/Vladimir (FR/NX),Garen/Poppy (DE/MT),1,1,1
Braum/Vladimir (FR/NX),Janna (IO/PZ),1,1,1
Kayle (BW/MT),Kayn/Shen (IO/RU),1,1,1
Maokai/Nautilus (BW/SI),Shen (IO/SI),1,1,1
Gwen/Kalista (NX/SI),Kalista/LeBlanc (NX/SI),1,1,1
Aatrox/Morgana/Vayne (RU/DE),Braum/Vladimir (FR/NX),1,1,1
Aatrox/Vayne (RU/DE),Jax/Ornn (FR/RU),1,1,1
Braum/Vladimir (FR/NX),Kalista/LeBlanc (NX/SI),1,1,1
Darius/Shen (IO/NX),Gwen/Kalista (NX/SI),1,1,1
Gwen/Kalista (NX/SI),Maokai (BW/SI),1,1,1
Janna (PZ/SI),Darius/LeBlanc (FR/NX),1,1,1
Neeko/Poppy (BC/RU),Morgana/Taric (DE/MT),1,1,1
Aatrox/Morgana/Vayne (RU/DE),LeBlanc (FR/NX),1,1,1
Aatrox/Morgana/Vayne (RU/DE),Kayle (BW/MT),1,1,1
Senna/Veigar (BC/SI),Ryze (IO/RU),1,1,1
LeBlanc (FR/NX),Ryze (IO/RU),1,1,1
Braum/Garen (DE/FR),Kayle (BW/MT),1,1,1
Kayle (BW/MT),Lulu/Neeko (IO/RU),1,1,1
Darius/Gnar (FR/NX),Jax/Tristana (BC/RU),1,1,1
Braum/Vladimir (FR/NX),Ashe/Braum (FR/IO),1,1,1
Rumble/Vayne (DE/NX),Braum/Vladimir (FR/NX),1,1,1
Senna/Veigar (BC/SI),Lulu/Neeko (IO/RU),1,1,1
Jax/Tristana (BC/RU),Yasuo (IO/NX),1,1,1
Kayle (BW/MT),Ashe/Braum (FR/IO),1,1,1
Sett (IO/SH),Gnar/Nidalee (BC/SH),1,1,1
Sett (IO/SH),Riven/Viktor (NX/PZ),1,1,1
Sett (IO/SH),Braum/Vladimir (FR/NX),1,1,1
Darius/Gnar (FR/NX),Poppy/Tristana (BC/SI),1,1,1
LeBlanc/Udyr (FR/NX),Lulu/Shen (DE/IO),1,1,1
Rumble/Sion (BC/NX),LeBlanc/Rumble/Sion (IO/NX),1,1,1
Kayle (BW/MT),Lulu (BC/PZ),1,1,1
Maokai/Nautilus (BW/SI),Garen (DE),1,1,1
Gnar/Tristana (BC/BW),Kayle (BW/MT),1,1,1
Veigar (BC/SI),Kayle (BW/MT),1,1,1
Leona/Morgana (DE/MT),Gnar/Sejuani (FR/PZ),1,1,1
Maokai/Nautilus (BW/SI),Senna/Veigar (IO/SI),1,1,1
Morgana/Taric (DE/MT),Lillia/Lulu (DE/IO),1,1,1
Akshan/Nidalee (DE/SH),Kayle (BW/MT),1,1,1
Championless (SI),Akshan/Nidalee (DE/SH),1,1,1
Morgana/Udyr (DE/FR),Udyr (FR/IO),1,1,1
Gwen/Vayne (DE/SI),Caitlyn/Jack (BW/PZ),1,1,1
Jayce/Lux (DE/PZ),Championless (IO/PZ),1,1,1
Kayle (BW/MT),Udyr (DE/FR),1,1,1
Riven/Rumble (NX/SI),Nasus/Thresh (SI/SH),1,1,1
Akshan/Varus (SH/RU),Kayle/Morgana (BW/MT),1,1,1
Morgana/Udyr (DE/FR),Morgana/Vladimir (MT/NX),1,1,1
LeBlanc (FR/NX),Lillia/Lulu (DE/IO),1,1,1
Ashe/Tahm Kench (BW/FR),Gnar/Sejuani (FR/PZ),1,1,1
LeBlanc/Udyr (FR/NX),Ashe/Tahm Kench (BW/FR),1,1,1
Morgana/Taric (DE/MT),Gnar/Sejuani (FR/PZ),1,1,1
Senna/Veigar (BC/SI),Caitlyn (BC/PZ),1,1,1
Senna/Veigar (BC/SI),Shen/Vi (IO/PZ),1,1,1
Kayle/Morgana (DE/MT),Championless (MT/SI),1,1,1
Gnar/Sejuani (FR/PZ),Nasus/Renekton (SH),1,1,1
Nasus/Renekton (SH),Morgana/Shyvana (DE/MT),1,1,1
Kayle (BW/MT),Aatrox/Varus (RU/RU),1,1,1
Kalista (SI),Garen/Riven (DE/NX),1,1,1
Ashe/LeBlanc (FR/NX),Lulu/Shen (DE/IO),1,1,1
Caitlyn/Janna (PZ),Janna/Lillia (IO/PZ),1,1,1
Gnar/Sejuani (FR/PZ),Nasus/Senna (SI/SH),1,1,1
Morgana/Udyr (DE/FR),Janna (IO/PZ),1,1,1
Sett (IO/SH),Aphelios/Lee Sin/Morgana (IO/MT),1,1,1
Jack/Sett (BW/IO),Aphelios/Lee Sin/Morgana (IO/MT),1,1,1
Gwen/Sejuani (FR/SI),Poppy/Tristana (BC/SI),1,1,1
Gwen (PZ/SI),Leona/Malphite (IO/MT),1,1,1
Gnar/Sejuani (FR/PZ),Janna (IO/PZ),1,1,1
Gnar/Sejuani (FR/PZ),Caitlyn/Jack (BW/PZ),1,1,1
Gnar/Sejuani (FR/PZ),Janna/Morgana (DE/PZ),1,1,1
Championless (SI),Aatrox/Akshan (RU/SH),1,1,1
Taric/Varus (MT/RU),Senna/Veigar (BC/SI),1,1,1
Rumble/Sion (BC/NX),Lulu/Neeko (IO/RU),1,1,1
Neeko/Renekton (RU/SH),Akshan/Lee Sin (IO/SH),1,1,1
Maokai/Nautilus (BW/SI),Aphelios/Yasuo (IO/MT),1,1,1
Gwen/Vayne (DE/SI),Gnar/Tristana (BC/BW),1,1,1
Braum/Udyr (FR/IO),Nasus/Thresh (SI/SH),1,1,1
LeBlanc/Sion (NX/SI),Nasus/Thresh (SI/SH),1,1,1
Gnar/LeBlanc (FR/NX),Kayle (BW/MT),1,1,1
Lulu/Neeko (IO/RU),Galio/Udyr (DE/FR),1,1,1
Ashe/LeBlanc (FR/NX),Braum/Galio/Garen (DE/FR),1,1,1
Darius/Gnar (FR/NX),LeBlanc/Sion (NX/SI),1,1,1
Akshan/Varus (SH/RU),Swain/Vladimir (FR/NX),1,1,1
Darius/LeBlanc (FR/NX),Gwen/Kalista (FR/SI),1,1,1
Kalista (SI),Aphelios/Yasuo (IO/MT),1,1,1
LeBlanc/Sion (NX/SI),Morgana/Udyr (DE/FR),1,1,1
Championless (SI),Leona (BW/MT),1,1,1
Sett (IO/SH),Braum/Galio (DE/FR),1,1,1
Darius/Gnar (FR/NX),Akshan/Nidalee (DE/SH),1,1,1
Darius/Gnar (FR/NX),Ornn (DE/FR),1,1,1
Aphelios/Lee Sin/Morgana (IO/MT),Gwen/Sejuani (FR/SI),1,1,1
Aphelios/Lee Sin/Morgana (IO/MT),Ashe/LeBlanc (FR/NX),1,1,1
Leona/Malphite (IO/MT),Gwen/Kalista (NX/SI),1,1,1
Leona (BW/MT),Jayce/Lux (DE/PZ),1,1,1
Darius/Gnar (FR/NX),Leona/Malphite (IO/MT),1,1,1
Aphelios (BC/MT),Lillia/Ryze (IO/RU),1,1,1
Swain/Vladimir (BW/NX),Leona (BW/MT),1,1,1
Gnar/Sejuani (FR/PZ),Aphelios/Yasuo (IO/MT),1,1,1
Darius/Gnar (FR/NX),Championless (BC/SI),1,1,1
Braum/Sejuani (FR/IO),Kayle (BW/MT),1,1,1
Kalista (SI),Jayce/Morgana (MT/PZ),1,1,1
Sivir/Vi (PZ/SH),Darius/Gnar (FR/NX),1,1,1
Aatrox/Varus (RU/RU),Leona/Malphite (IO/MT),1,1,1
Maokai (BW/SI),Lillia/Ryze (IO/RU),1,1,1
Gnar/Sejuani (FR/PZ),Rumble/Sion (BC/NX),1,1,1
Maokai (BW/SI),Illaoi/Swain (BW/NX),1,1,1
Gwen/Kalista (FR/SI),Championless (BC/SI),1,1,1
Championless (IO/PZ),Gwen/LeBlanc (NX/SI),1,1,1
Gwen/LeBlanc (NX/SI),Gwen/Kalista (FR/SI),1,1,1
Gwen (PZ/SI),Jayce/Lux (DE/PZ),1,1,1
Ashe/LeBlanc (FR/NX),Gnar/Sivir (FR/SH),1,1,1
Nidalee (BC/SH),Lillia/Lulu (DE/IO),1,1,1
Lillia/Lulu (DE/IO),Kayle (BW/MT),1,1,1
Aatrox/Morgana/Vayne (RU/DE),LeBlanc/Rumble/Sion (IO/NX),1,1,1
Nidalee (BC/SH),Kalista (FR/SI),1,1,1
Neeko/Renekton (RU/SH),Ashe/Tahm Kench (BW/FR),1,1,1
Aphelios/Viktor (MT/PZ),Championless (IO/PZ),1,1,1
Gwen/Kalista (FR/SI),Darius/Gnar (FR/NX),1,1,1
Maokai/Nautilus (BW/SI),Kalista/LeBlanc (NX/SI),1,1,1
Kalista/LeBlanc (NX/SI),Kayle/Morgana (DE/MT),1,1,1
Galio/Udyr (DE/FR),Championless (IO/PZ),1,1,1
Kayle (BW/MT),Championless (IO/PZ),1,1,1
Jax/Sivir (RU/SH),Gnar/Udyr (FR/IO),1,1,1
Gwen/LeBlanc (NX/SI),Ryze (IO/RU),1,1,1
Gwen/LeBlanc (NX/SI),Nasus/Renekton (SH),1,1,1
Garen (DE/SH),Aatrox/Morgana/Vayne (RU/DE),1,1,1
Aatrox/Morgana/Vayne (RU/DE),Kalista (SI),1,1,1
Aatrox/Morgana/Vayne (RU/DE),Riven (IO/NX),1,1,1
Aphelios/Yasuo (IO/MT),LeBlanc/Udyr (FR/NX),1,1,1
Maokai/Nautilus (BW/SI),Maokai (PZ/SI),1,1,1
Morgana/Udyr (DE/FR),Maokai (PZ/SI),1,1,1
LeBlanc/Rumble/Sion (IO/NX),Garen/Taric (DE/MT),1,1,1
Maokai (BW/SI),Lillia/Lulu (DE/IO),1,1,1
Lillia/Lulu (DE/IO),Maokai (PZ/SI),1,1,1
Lee Sin/Viktor (IO/PZ),Gnar/Rumble (BC/FR),1,1,1
Maokai/Nautilus (BW/SI),Garen/Gwen (DE/SI),1,1,1
Braum/Galio (DE/FR),Akshan/Nidalee (DE/SH),1,1,1
Ashe (FR/PZ),Lillia/Lulu (DE/IO),1,1,1
Championless (BC/SI),Jack/Sett (BW/IO),1,1,1
Akshan/Nasus (SI/SH),Gnar/Sejuani (FR/PZ),1,1,1
LeBlanc/Udyr (FR/NX),Galio/Leona (DE/MT),1,1,1
Championless (BC/SI),Gwen/Kalista (SI),1,1,1
Championless (BC/SI),Aphelios/Lee Sin (IO/MT),1,1,1
Neeko/Poppy (DE/RU),Akshan/Nidalee (DE/SH),1,1,1
Championless (BC/SI),Kayle (BC/MT),1,1,1
Neeko/Poppy (DE/RU),Kayle (IO/MT),1,1,1
Championless (SI),Jayce/Morgana (MT/PZ),1,1,1
Lillia/Lulu (DE/IO),Championless (BC/SI),1,1,1
Lillia/Lulu (DE/IO),Akshan/Nasus (SI/SH),1,1,1
Lillia/Lulu (DE/IO),Rumble/Vayne (DE/NX),1,1,1
Ashe/Tahm Kench (BW/FR),Rumble/Vayne (DE/NX),1,1,1
Championless (BC/SI),Akshan/Nasus (SI/SH),1,1,1
Sett (IO/PZ),Rumble/Vayne (DE/NX),1,1,1
LeBlanc/Rumble (NX/SI),Rumble/Sion (BC/NX),1,1,1
Shyvana/Taric (DE/MT),Gnar/Neeko (FR/RU),1,1,1
Braum/Galio (DE/FR),Gnar/Udyr (FR/IO),1,1,1
Lulu (BC/PZ),Gnar/Udyr (FR/IO),1,1,1
Taric/Varus (MT/RU),Nidalee (BC/SH),1,1,1
LeBlanc/Rumble (NX/SI),Akshan/Varus (SH/RU),1,1,1
Viktor (IO/PZ),Senna/Veigar (BC/SI),1,1,1
Braum/Janna (FR/PZ),Rumble/Vayne (DE/NX),1,1,1
Kayle/Udyr (FR/MT),Rumble/Vayne (DE/NX),1,1,1
Rumble/Vayne (DE/NX),Braum/Kayle (FR/MT),1,1,1
Lulu (BC/PZ),Braum/Kayle (FR/MT),1,1,1
Aatrox/Vayne (RU/DE),Braum/Kayle (FR/MT),1,1,1
Braum/Galio (DE/FR),Darius/LeBlanc (FR/NX),1,1,1
Championless (BC/SI),Darius/LeBlanc (FR/NX),1,1,1
Leona (MT/SH),Darius/LeBlanc (FR/NX),1,1,1
Braum/Vladimir (FR/NX),Aphelios/Lee Sin/Morgana (IO/MT),1,1,1
Championless (SI/SH),Aphelios/Lee Sin/Morgana (IO/MT),1,1,1
Aphelios/Viktor (MT/PZ),Shyvana/Taric (DE/MT),1,1,1
Akshan/Lee Sin (IO/SH),Gnar/Sejuani (FR/PZ),1,1,1
Akshan/Varus (SH/RU),Udyr (DE/FR),1,1,1
Riven/Taric (MT/NX),Championless (SI),1,1,1
Shyvana/Taric (DE/MT),Rumble/Sion (BC/NX),1,1,1
Akshan/Lee Sin (IO/SH),Riven/Taric (MT/NX),1,1,1
Akshan/Lee Sin (IO/SH),Garen/Vi (DE/PZ),1,1,1
Leona (MT/SH),Gnar/Neeko (FR/RU),1,1,1
Gnar/Neeko (FR/RU),Lillia/Sett (BC/IO),1,1,1
Ashe/LeBlanc (FR/NX),Riven/Taric (MT/NX),1,1,1
Lulu/Poppy (BC/NX),Ashe/LeBlanc (FR/NX),1,1,1
Morgana/Udyr (DE/FR),Kalista/Thresh (FR/SI),1,1,1
Braum/Vladimir (FR/NX),Kalista/Thresh (FR/SI),1,1,1
Braum/Galio (DE/FR),Braum/Sejuani/Vladimir (FR/NX),1,1,1
Shyvana/Taric (DE/MT),Braum/Galio (DE/FR),1,1,1
Rumble/Vayne (DE/NX),Braum/Sejuani (DE/FR),1,1,1
Darius/Gnar (FR/NX),Rumble/Vayne (DE/NX),1,1,1
LeBlanc/Udyr (FR/NX),Riven/Taric (MT/NX),1,1,1
LeBlanc (FR/NX),Viktor (IO/PZ),1,1,1
Championless (SI/SH),Braum/Vladimir (FR/NX),1,1,1
Championless (SI/SH),Veigar (BC/SI),1,1,1
Riven/Taric (MT/NX),Championless (SI/SH),1,1,1
Nasus/Thresh (SI/SH),Janna/Nautilus (BW/PZ),1,1,1
Braum/Galio (DE/FR),Leona/Yasuo (IO/MT),1,1,1
Braum/Galio (DE/FR),Caitlyn/Jack (BW/PZ),1,1,1
Garen/Taric (DE/MT),Braum/Galio (DE/FR),1,1,1
Riven/Taric (MT/NX),Braum/Galio (DE/FR),1,1,1
Aatrox/Kayn (RU/RU),Riven/Taric (MT/NX),1,1,1
Akshan/Lee Sin (IO/SH),Akshan/Kai'Sa/Morgana (DE/SH),1,1,1
Morgana/Udyr (DE/FR),Kayle/Morgana (IO/MT),1,1,1
Aphelios/Gnar (BC/MT),Gnar/Swain (BC/NX),1,1,1
Morgana/Vayne (DE/PZ),Janna/Yasuo (IO/PZ),1,1,1
Lillia/Sett (BC/IO),Kayle (FR/MT),1,1,1
Lee Sin/Viktor (IO/PZ),Illaoi/Vayne (BW/DE),1,1,1
Viktor (IO/PZ),Ashe (FR/PZ),1,1,1
Riven/Vi (NX/PZ),Braum/Galio (DE/FR),1,1,1
Maokai (BW/SI),Janna (BW/PZ),1,1,1
Janna/Yasuo (IO/PZ),Maokai/Nautilus (BW/SI),1,1,1
Lillia/Lulu (DE/IO),Aphelios/Lee Sin (IO/MT),1,1,1
Akshan/Nidalee (DE/SH),Akshan/Lee Sin (IO/SH),1,1,1
LeBlanc/Udyr (FR/NX),Braum/Kayle (FR/MT),1,1,1
Braum/Udyr/Vladimir (FR/NX),Akshan/Lee Sin (IO/SH),1,1,1
Braum/Udyr/Vladimir (FR/NX),Aatrox/Kayn (RU/RU),1,1,1
Janna/Sett (IO/PZ),Morgana/Shyvana (DE/MT),1,1,1
Galio/Udyr (DE/FR),Veigar (BC/SI),1,1,1
Garen (DE/SH),Braum/Galio (DE/FR),1,1,1
Morgana/Udyr (DE/FR),Sivir/Vi (PZ/SH),1,1,1
Braum/Galio (DE/FR),Lillia/Sett (BC/IO),1,1,1
Darius/Gnar (FR/NX),Galio/Shyvana (BC/DE),1,1,1
Gnar/Sejuani (FR/PZ),Senna/Veigar (BC/SI),1,1,1
Jayce/Senna (PZ/SI),Kalista (SI),1,1,1
Championless (PZ/SI),Ashe/Tahm Kench (BW/FR),1,1,1
Championless (MT/SI),Gnar/Neeko (FR/RU),1,1,1
Kayle (FR/MT),Championless (MT/SI),1,1,1
Leona/Morgana (DE/MT),Nasus/Thresh (SI/SH),1,1,1
Jayce/Lux (DE/PZ),Akshan/Nidalee (DE/SH),1,1,1
Braum/Vladimir (FR/NX),Shyvana/Taric (DE/MT),1,1,1
Janna/Yasuo (IO/PZ),Shyvana/Taric (DE/MT),1,1,1
Shyvana/Taric (DE/MT),Garen (DE/SH),1,1,1
Darius/LeBlanc (FR/NX),Gnar/Nidalee (BC/SH),1,1,1
Lillia/Sett (BC/IO),Lillia/Ryze (IO/RU),1,1,1
Tristana (BC/FR),Darius/Gnar (FR/NX),1,1,1
Jayce/Senna (PZ/SI),Darius/Gnar (FR/NX),1,1,1
Leona (BW/MT),Akshan/Lee Sin (IO/SH),1,1,1
Akshan/Kai'Sa (MT/SH),Leona/Malphite (IO/MT),1,1,1
Aphelios/Yasuo (IO/MT),Lillia/Ryze (IO/RU),1,1,1
Gnar/Jack (BC/BW),Braum/Lillia (FR/IO),1,1,1
Jayce/Senna (PZ/SI),Garen (DE/SH),1,1,1
Championless (SI),Braum/Janna (FR/PZ),1,1,1
Jayce/Lux (DE/PZ),Aphelios/Kayle (BW/MT),1,1,1
Kayle (BW/MT),Braum/Janna (FR/PZ),1,1,1
Maokai/Nautilus (BW/SI),Janna (FR/PZ),1,1,1
LeBlanc/Sivir (NX/SH),Braum/Janna (FR/PZ),1,1,1
Aphelios/Lee Sin (IO/MT),Braum/Janna (FR/PZ),1,1,1
Braum/Vladimir (FR/NX),Akshan/Kai'Sa (MT/SH),1,1,1
Gnar/Nidalee (BC/SH),LeBlanc/Udyr (FR/NX),1,1,1
Gwen/LeBlanc (NX/SI),Lulu/Neeko (IO/RU),1,1,1
Leona (MT/SH),Kalista/LeBlanc (NX/SI),1,1,1
Aphelios/Yasuo (IO/MT),Championless (MT/SI),1,1,1
Nasus/Renekton (SH),Shyvana (DE/MT),1,1,1
Leona (MT/SH),Lee Sin/Viktor (IO/PZ),1,1,1
Lee Sin/Riven (IO/NX),Swain/Yasuo (IO/NX),1,1,1
Lee Sin/Riven (IO/NX),Gwen/LeBlanc (NX/SI),1,1,1
Riven/Taric (MT/NX),Nasus/Renekton (SH),1,1,1
Poppy/Shen (DE/IO),Nasus/Udyr (FR/SH),1,1,1
Riven/Taric (MT/NX),Poppy/Shen (DE/IO),1,1,1
Swain/Yasuo (IO/NX),Poppy/Shen (DE/IO),1,1,1
Kayle/Morgana (BW/MT),Ashe (FR/PZ),1,1,1
Aphelios/Kayle (BW/MT),Braum/Vladimir (FR/NX),1,1,1
Shyvana/Taric (DE/MT),Riven/Taric (MT/NX),1,1,1
Jack/Sett (BW/IO),Riven/Taric (MT/NX),1,1,1
Riven/Taric (MT/NX),Janna/Malphite (MT/PZ),1,1,1
Kayn (RU/PZ),Garen (DE/SH),1,1,1
Aphelios/Lee Sin (IO/MT),Gwen/Kalista (FR/SI),1,1,1
Kalista (SI),Shen (IO/NX),1,1,1
Kalista (SI),Garen/Udyr (DE/FR),1,1,1
Championpile (DE/SH),Rumble/Sion (BC/NX),1,1,1
Darius/LeBlanc (FR/NX),Rumble/Sion (BC/NX),1,1,1
Shyvana/Taric (DE/MT),Janna (PZ/SI),1,1,1
Maokai (BW/SI),Darius/LeBlanc (FR/NX),1,1,1
Braum/Vladimir (FR/NX),Championpile (DE/SH),1,1,1
Garen (DE),Neeko/Poppy (DE/RU),1,1,1
Galio/Morgana (DE/FR),LeBlanc (FR/NX),1,1,1
Kalista/LeBlanc (NX/SI),LeBlanc/Udyr (FR/NX),1,1,1
Kalista/LeBlanc (NX/SI),Neeko/Poppy (DE/RU),1,1,1
Darius/LeBlanc (FR/NX),Nasus/Thresh (SI/SH),1,1,1
Swain/Yasuo (IO/NX),Sett (IO/SH),1,1,1
Aphelios/Jayce (MT/PZ),Ashe/Tahm Kench (BW/FR),1,1,1
Rumble/Vayne (DE/NX),Jack/Sett (BW/IO),1,1,1
Morgana/Vayne (DE/PZ),Aatrox/Kayn (RU/RU),1,1,1
Udyr (FR/IO),LeBlanc (FR/NX),1,1,1
Kayle (FR/MT),Senna (PZ/SI),1,1,1
Aphelios/Lee Sin (IO/MT),Yasuo (IO/PZ),1,1,1
Akshan/Lee Sin (IO/SH),Aphelios/Kayle (BW/MT),1,1,1
Akshan/Lee Sin (IO/SH),LeBlanc/Sion (NX/SI),1,1,1
Senna/Veigar (BC/SI),Aphelios/Jayce (MT/PZ),1,1,1
Kayle (FR/MT),Jayce (FR/PZ),1,1,1
Udyr (FR/IO),Akshan/Varus (SH/RU),1,1,1
Udyr (FR/IO),Kayle (BW/MT),1,1,1
Swain/Yasuo (IO/NX),Ashe (FR/PZ),1,1,1
Jayce/Lux (DE/PZ),Leona/Morgana (DE/MT),1,1,1
Braum/Vladimir (FR/NX),Neeko (BC/RU),1,1,1
Jack/Sett (BW/IO),Udyr (FR/IO),1,1,1
Neeko/Poppy (DE/RU),Kayle (FR/MT),1,1,1
Neeko/Poppy (DE/RU),Championless (SI/SH),1,1,1
Neeko (BC/RU),Senna/Veigar (BC/SI),1,1,1
Aphelios/Kayle (BW/MT),Senna/Veigar (BC/SI),1,1,1
Senna/Veigar (BC/SI),Jayce (FR/PZ),1,1,1
Aphelios/Kayle (BW/MT),Championless (SI/SH),1,1,1
Gnar/Sivir (FR/SH),Kalista (SI),1,1,1
Kayle (BW/MT),Shyvana/Vayne (DE/FR),1,1,1
Shyvana/Vayne (DE/FR),Ashe/LeBlanc (FR/NX),1,1,1
Championless (SI),Kayle (FR/MT),1,1,1
Gnar/Udyr (FR/IO),Neeko (RU/PZ),1,1,1
Neeko (BC/RU),Udyr (FR/IO),1,1,1
Akshan/Morgana (MT/SH),Galio/Udyr (DE/FR),1,1,1
Swain/Yasuo (IO/NX),Janna/Viktor (BW/PZ),1,1,1
Swain/Yasuo (IO/NX),Jack/Sett (BW/IO),1,1,1
Leona (MT/SH),Akshan/Morgana (MT/SH),1,1,1
Sett (IO/PZ),Aphelios/Kayle (BW/MT),1,1,1
Jayce/Lux (DE/PZ),Neeko (BC/RU),1,1,1
Leona (MT/SH),Lulu/Neeko (IO/RU),1,1,1
Akshan/Varus (SH/RU),Akshan/Nidalee/Sivir (DE/SH),1,1,1
LeBlanc (FR/NX),Leona (MT/SH),1,1,1
LeBlanc (FR/NX),Rumble/Viktor (BC/PZ),1,1,1
Akshan/Varus (SH/RU),Galio/Poppy (DE/FR),1,1,1
Rumble/Viktor (BC/PZ),Championless (SI/SH),1,1,1
Championless (SI/SH),Braum/Galio (DE/FR),1,1,1
Championless (SI/SH),Janna (BW/PZ),1,1,1
Kalista (SI),Leona (MT/SH),1,1,1
Akshan/Varus (SH/RU),Morgana/Vayne (DE/FR),1,1,1
LeBlanc/Rumble (NX/SI),Jax/Ornn (FR/RU),1,1,1
Udyr (FR/IO),Gwen/Kalista (NX/SI),1,1,1
Sivir (FR/SH),Sett (IO/PZ),1,1,1
Garen/Taric (DE/MT),Nasus/Senna (SI/SH),1,1,1
Aatrox/Kayn (RU/RU),Leona (MT/SH),1,1,1
Maokai (BW/SI),Janna (PZ/SI),1,1,1
Braum/Galio (DE/FR),Galio/Poppy (DE/FR),1,1,1
Jack/Sett (BW/IO),Ashe/Tahm Kench (BW/FR),1,1,1
Nidalee (FR/SH),Aphelios/Morgana (IO/MT),1,1,1
Gwen/LeBlanc (NX/SI),Nidalee (FR/SH),1,1,1
Nidalee (FR/SH),Sett (IO/PZ),1,1,1
Gwen/Vayne (DE/SI),Aphelios/Yasuo (IO/MT),1,1,1
Gwen/Vayne (DE/SI),Sivir (FR/SH),1,1,1
Braum/Galio (DE/FR),Nidalee (BC/SH),1,1,1
Gnar/Tristana (BC/BW),Morgana/Udyr (DE/FR),1,1,1
Gnar/Tristana (BC/BW),Akshan/Lee Sin (IO/SH),1,1,1
Aphelios/Yasuo (IO/MT),Gwen/Kalista (NX/SI),1,1,1
Gwen/LeBlanc (NX/SI),Gwen/Kalista (NX/SI),1,1,1
Ashe (FR/SI),Gwen/Kalista (NX/SI),1,1,1
Jayce/Lux (DE/PZ),Riven/Sejuani (FR/NX),1,1,1
Gwen/LeBlanc (NX/SI),Janna/Yasuo (IO/PZ),1,1,1
Kayle (FR/MT),Nasus/Thresh (SI/SH),1,1,1
Aphelios/Yasuo (IO/MT),LeBlanc/Rumble (NX/SI),1,1,1
Aphelios/Yasuo (IO/MT),Aphelios/Viktor (MT/PZ),1,1,1
Championless (PZ/SI),Aphelios/Yasuo (IO/MT),1,1,1
Aphelios/Yasuo (IO/MT),Janna (PZ/SI),1,1,1
Janna/Sett (IO/PZ),Garen/Gnar/Shyvana (DE/FR),1,1,1
Lee Sin/Viktor (IO/PZ),Garen/Gnar/Shyvana (DE/FR),1,1,1
Akshan/Lee Sin (IO/SH),Kayle (FR/MT),1,1,1
Neeko/Poppy (DE/RU),Sejuani (BC/FR),1,1,1
Braum/Galio (DE/FR),Gwen (NX/SI),1,1,1
Akshan/Morgana (DE/SH),Championpile (DE/SH),1,1,1
Akshan/Morgana (DE/SH),Kalista (SI),1,1,1
Aatrox/Varus (RU/RU),Akshan/Morgana (DE/SH),1,1,1
Akshan/Lee Sin (IO/SH),Morgana/Vayne (DE/FR),1,1,1
Gnar/Tristana (BC/BW),Nidalee (BC/SH),1,1,1
Garen (DE/SH),Darius/Gwen (NX/SI),1,1,1
Braum/Shen (FR/IO),Udyr (FR/IO),1,1,1
Nidalee (BC/SH),Kayle (FR/MT),1,1,1
Aphelios/Yasuo (IO/MT),Aphelios/Lee Sin (IO/MT),1,1,1
Leona (MT/SH),Jack/Sett (BW/IO),1,1,1
Maokai (BW/SI),Garen (DE/SH),1,1,1
Gnar/Sivir (FR/SH),Janna/Sett (IO/PZ),1,1,1
Rumble/Sion (BC/NX),Braum/Morgana (DE/FR),1,1,1
Akshan/Lee Sin (IO/SH),Garen/Gnar/Shyvana (DE/FR),1,1,1
Sett (IO/SI),Aphelios/Lee Sin (IO/MT),1,1,1
Darius/Gnar (FR/NX),Taric/Varus (MT/RU),1,1,1
Braum/Galio (DE/FR),LeBlanc (FR/NX),1,1,1
Braum/Galio (DE/FR),LeBlanc/Sivir (NX/SH),1,1,1
Aphelios/Lee Sin (IO/MT),Illaoi/Kalista (BW/SI),1,1,1
Aphelios/Lee Sin (IO/MT),Shyvana/Taric (DE/MT),1,1,1
LeBlanc/Sivir (NX/SH),Braum/Morgana (DE/FR),1,1,1
Championless (PZ/SI),Championless (SI/SH),1,1,1
Championless (PZ/SI),LeBlanc/Sion (NX/SI),1,1,1
Championless (SI/SH),Taric/Varus (MT/RU),1,1,1
Championless (SI/SH),Galio/Udyr (DE/FR),1,1,1
Kalista (SI),Taric/Varus (MT/RU),1,1,1
Braum/Galio (DE/FR),Akshan/Morgana (DE/SH),1,1,1
Gwen/LeBlanc (NX/SI),Akshan/Morgana (DE/SH),1,1,1
LeBlanc (FR/NX),LeBlanc/Sivir (NX/SH),1,1,1
Darius/Sion (NX),Braum/Galio (DE/FR),1,1,1
Braum/Morgana (DE/FR),Maokai/Nautilus (BW/SI),1,1,1
Akshan/Lee Sin (IO/SH),Galio/Taric (DE/MT),1,1,1
Championless (MT/SI),Leona (MT/SH),1,1,1
Gnar/Tristana (BC/NX),Jayce/Lux (DE/PZ),1,1,1
Akshan/Lee Sin (IO/SH),Gwen/Sejuani (FR/SI),1,1,1
Gwen/Sejuani (FR/SI),Championless (SI),1,1,1
Sett (IO/SI),Jayce (PZ/SI),1,1,1
Jayce/Lux (DE/PZ),Illaoi/Kalista (BW/SI),1,1,1
Sett (IO/PZ),Neeko (BC/RU),1,1,1
Galio/Morgana/Shyvana (DE/MT),Morgana/Udyr (DE/FR),1,1,1
Illaoi/Kalista (BW/SI),Akshan/Lee Sin (IO/SH),1,1,1
Jayce (PZ/SI),Kalista (SI),1,1,1
Shyvana (DE/MT),Malphite/Yasuo (IO/MT),1,1,1
Shyvana (DE/MT),Galio/Udyr (DE/FR),1,1,1
Lillia/Ryze (IO/RU),Braum/Gnar (FR/IO),1,1,1
Akshan/Janna (PZ/SH),Kayle (BW/MT),1,1,1
Braum/Gnar (FR/IO),Janna/Sett (IO/PZ),1,1,1
Sett (IO/PZ),Jax/Tristana (BC/RU),1,1,1
Jayce/Senna (PZ/SI),Championless (SI),1,1,1
Morgana/Udyr (DE/FR),Swain/Yasuo (IO/NX),1,1,1
Championless (MT/SI),Braum/Shen (FR/IO),1,1,1
Galio/Udyr (DE/FR),Shyvana/Vayne (DE/MT),1,1,1
Shyvana (DE/MT),Kayle (FR/MT),1,1,1
Leona (MT/SH),Sejuani/Swain (FR/NX),1,1,1
Aatrox/Kayn (RU/RU),Braum/Udyr (FR/IO),1,1,1
Ashe/LeBlanc (FR/NX),Braum/Shen (FR/IO),1,1,1
Galio/Udyr (DE/FR),Championpile (DE/SH),1,1,1
Darius/Gnar (FR/NX),Leona (MT/SH),1,1,1
Leona (MT/SH),Braum/Vladimir (FR/NX),1,1,1
LeBlanc (FR/NX),Lee Sin/Viktor (IO/PZ),1,1,1
Jayce/Lux (DE/PZ),Galio/Morgana/Shyvana (DE/MT),1,1,1
Kayle/Morgana (DE/MT),Gangplank/Sejuani (BW/FR),1,1,1
Gnar/Sejuani (FR/PZ),Gnar/Tristana (BC/BW),1,1,1
Gwen/Kalista (SI),Braum/Morgana (DE/FR),1,1,1
Garen/Lillia (DE/IO),Galio/Udyr (DE/FR),1,1,1
Garen/Poppy (DE),Galio/Udyr (DE/FR),1,1,1
Maokai/Nautilus (BW/SI),Shen/Udyr (FR/IO),1,1,1
Shyvana (DE/MT),Lillia/Lulu (DE/IO),1,1,1
Jayce/Lux (DE/PZ),Poppy/Tristana (BC/DE),1,1,1
LeBlanc/Leona (MT/NX),Kalista (SI),1,1,1
Neeko/Poppy (DE/RU),Kayle/Morgana (DE/MT),1,1,1
Nasus/Renekton (SH),Neeko/Poppy (BC/RU),1,1,1
Nasus/Renekton (SH),Gwen/Kalista (SI),1,1,1
Jack/Sett (BW/IO),Braum/Janna (FR/PZ),1,1,1
Shen/Udyr (FR/IO),Neeko/Poppy (BC/RU),1,1,1
Shyvana (DE/MT),Darius/LeBlanc (FR/NX),1,1,1
Kalista (SI),Braum/Gnar (FR/IO),1,1,1
LeBlanc/Rumble (NX/SI),Maokai (BW/SI),1,1,1
Janna/Maokai (PZ/SI),LeBlanc/Rumble (NX/SI),1,1,1
Shen/Sivir (IO/SH),Championless (SI/SH),1,1,1
Swain/Yasuo (IO/NX),LeBlanc/Leona (MT/NX),1,1,1
Maokai (BW/SI),LeBlanc (FR/NX),1,1,1
Shyvana (DE/MT),Aphelios/Lee Sin (IO/MT),1,1,1
Akshan/Lee Sin (IO/SH),Taric/Varus (MT/RU),1,1,1
Senna/Veigar (BC/SI),Galio/Morgana/Shyvana (DE/MT),1,1,1
Neeko/Poppy (BC/RU),Championless (SI/SH),1,1,1
Kayle/Lillia (IO/MT),Leona/Morgana (DE/MT),1,1,1
Championless (SI/SH),Garen (DE/SH),1,1,1
Leona/Malphite (IO/MT),Kalista (SI),1,1,1
Akshan/Morgana (DE/SH),Nidalee (BC/SH),1,1,1
Braum/Lillia (FR/IO),Leona/Malphite (IO/MT),1,1,1
Kalista (SI),Gnar/Tristana (BC/BW),1,1,1
Shyvana (DE/MT),Swain/Yasuo (IO/NX),1,1,1
Nasus (SI/SH),Illaoi (BW/FR),1,1,1
Sett (IO/SH),Morgana/Udyr (DE/FR),1,1,1
Galio/Udyr (DE/FR),Sett (IO/SH),1,1,1
Ryze (IO/RU),Lulu/Poppy (DE/IO),1,1,1
Galio/Udyr (DE/FR),Braum (FR/IO),1,1,1
Jayce/Lux (DE/PZ),Shen/Udyr (FR/IO),1,1,1
Darius/LeBlanc (FR/NX),Gwen/LeBlanc (NX/SI),1,1,1
Braum/Galio/Udyr (DE/FR),LeBlanc/Sivir (NX/SH),1,1,1
Shen/Udyr (FR/IO),Jack/Sett (BW/IO),1,1,1
Galio/Udyr (DE/FR),Taric/Varus (MT/RU),1,1,1
Kayle/Morgana (BW/MT),Shyvana (DE/MT),1,1,1
Braum/Galio (DE/FR),Ashe/Garen (DE/FR),1,1,1
Kayle/Morgana (IO/MT),Galio/Morgana/Shyvana (DE/MT),1,1,1
Maokai/Nautilus (BW/SI),LeBlanc/Rumble (NX/SI),1,1,1
Janna (IO/PZ),Leona/Malphite (IO/MT),1,1,1
Akshan/Lee Sin (IO/SH),Braum/Galio/Udyr (DE/FR),1,1,1
Jack/Sett (BW/IO),Lulu/Poppy (DE/IO),1,1,1
Senna/Veigar (BC/SI),Lulu/Poppy (BC/MT),1,1,1
Lulu/Poppy (DE/IO),Akshan/Morgana (MT/SH),1,1,1
Nasus/Thresh (SI/SH),Lulu/Poppy (DE/IO),1,1,1
Akshan/Varus (SH/RU),Jax/Neeko (RU/RU),1,1,1
Senna/Veigar (BC/SI),Shen/Udyr (FR/IO),1,1,1
Championless (IO/PZ),Jax/Neeko (RU/RU),1,1,1
Kai'Sa (DE/SH),Gwen/LeBlanc (NX/SI),1,1,1
Darius/Gnar (FR/NX),Championless (IO/PZ),1,1,1
Aatrox/Kayn (RU/RU),Championless (IO/PZ),1,1,1
Championless (IO/PZ),Maokai/Nautilus (BW/SI),1,1,1
Rumble/Sion (BC/NX),Kai'Sa/Viktor (PZ/SH),1,1,1
Championless (PZ/SI),Kayle (FR/MT),1,1,1
Championless (PZ/SI),Leona (MT/SH),1,1,1
Braum/Galio (DE/FR),Janna (BW/PZ),1,1,1
Galio/Udyr (DE/FR),Kalista/Morgana (DE/SI),1,1,1
Darius/LeBlanc (FR/NX),Kalista (IO/SI),1,1,1
Gwen/LeBlanc (NX/SI),Viktor (PZ/SI),1,1,1
Sett (IO/PZ),Janna (IO/PZ),1,1,1
Darius/Gwen (NX/SI),Kalista/Morgana (DE/SI),1,1,1
Swain/Vladimir (BW/NX),Kalista/Morgana (DE/SI),1,1,1
Lillia/Lulu (DE/IO),Rumble/Sion (BC/NX),1,1,1
Nasus/Thresh (SI/SH),Sett (IO/SH),1,1,1
Janna/Sett (IO/PZ),Lulu/Poppy (BC/MT),1,1,1
Morgana/Udyr (DE/FR),Jax/Neeko (RU/RU),1,1,1
Sett (IO/PZ),Akshan/Nasus (SI/SH),1,1,1
Akshan/Morgana (DE/SH),Nasus (SI/SH),1,1,1
Ashe/Jayce (FR/PZ),Galio/Udyr (DE/FR),1,1,1
Garen (DE/SH),Lee Sin/Udyr (FR/IO),1,1,1
Sett (IO/PZ),Garen/Taric (DE/MT),1,1,1
Caitlyn/Swain (NX/PZ),Akshan/Morgana (DE/SH),1,1,1
Lillia/Lulu (DE/IO),Garen (DE/SH),1,1,1
Gnar/Tristana (BC/NX),Kayle (BW/MT),1,1,1
Gnar/Tristana (BC/NX),Garen (DE/SH),1,1,1
Nasus/Thresh (SI/SH),Lillia/Ryze (IO/RU),1,1,1
Darius/Gnar (FR/NX),Akshan/Kai'Sa (MT/SH),1,1,1
Kayle/Morgana (DE/MT),Ashe (FR/PZ),1,1,1
Kalista/LeBlanc (NX/SI),Championless (SI/SH),1,1,1
Nasus (SI/SH),Kalista/LeBlanc (NX/SI),1,1,1
Ashe/Braum (FR/PZ),Jayce/Lux (DE/PZ),1,1,1
Kalista/Morgana (DE/SI),Kayle/Morgana (DE/MT),1,1,1
Galio/Udyr (DE/FR),Kayle/Morgana (DE/MT),1,1,1
Kayle/Morgana (DE/MT),Championless (PZ/SI),1,1,1
Ashe (FR/SI),Galio/Udyr (DE/FR),1,1,1
Aphelios/Yasuo (IO/MT),Ashe (FR/SI),1,1,1
Galio/Shyvana (BC/DE),Aphelios/Yasuo (IO/MT),1,1,1
Aatrox/Morgana/Vayne (RU/DE),Championless (PZ/SI),1,1,1
Gnar/Kalista (FR/SI),Ashe/LeBlanc (FR/NX),1,1,1
Kayle (BW/MT),Gnar/Illaoi (BW/FR),1,1,1
Gnar/Illaoi (BW/FR),Senna/Veigar (BC/SI),1,1,1
Akshan/Sivir (NX/SH),Championless (MT/SI),1,1,1
Aatrox/Kayn (RU/RU),Akshan/Senna (SI/SH),1,1,1
Aatrox/Kayn (RU/RU),Aphelios/Lee Sin (IO/MT),1,1,1
Championless (MT/SI),Swain/Yasuo (IO/NX),1,1,1
Galio/Garen (DE/MT),Braum/Lillia (FR/IO),1,1,1
Aphelios/Viktor (MT/PZ),Galio/Garen (DE/MT),1,1,1
Gwen/Udyr (FR/SI),Galio/Garen (DE/MT),1,1,1
Galio/Garen (DE/MT),Gwen/Riven (NX/SI),1,1,1
Galio/Garen (DE/MT),Sion (NX/SI),1,1,1
Gnar/Nidalee (BC/SH),Gwen/Udyr (FR/SI),1,1,1
Morgana/Udyr (DE/FR),Lulu/Shen (IO/MT),1,1,1
Aatrox/Morgana/Vayne (RU/DE),Garen/Shyvana (DE/MT),1,1,1
Gnar/Illaoi (BW/FR),Gwen/Kalista (NX/SI),1,1,1
Gnar/Illaoi (BW/FR),Akshan/Sivir (NX/SH),1,1,1
Akshan/Varus (SH/RU),Braum/Gnar/Sejuani (BC/FR),1,1,1
Akshan/Senna (SI/SH),Nidalee (BC/SH),1,1,1
Gnar/Illaoi (BW/FR),Gnar/Sejuani (BC/FR),1,1,1
Poppy/Taric (DE/MT),Darius/Gnar (FR/NX),1,1,1
Darius/Gnar (FR/NX),Darius/Shen (IO/NX),1,1,1
Gwen/Janna (PZ/SI),Gwen/Vayne (DE/SI),1,1,1
Riven/Viktor (NX/PZ),Gwen/Janna (PZ/SI),1,1,1
Jax/Ornn (FR/RU),Caitlyn/Swain (NX/PZ),1,1,1
Jax/Ornn (FR/RU),Gnar/Kayle (FR/MT),1,1,1
Galio/Morgana (DE/MT),Gnar/Illaoi (BW/FR),1,1,1
Akshan/Udyr (FR/SH),Gnar/Illaoi (BW/FR),1,1,1
Ashe/LeBlanc (FR/NX),Gwen (PZ/SI),1,1,1
LeBlanc/Udyr (FR/NX),Braum/Gnar/Sejuani (BC/FR),1,1,1
Jax/Ornn (FR/RU),Aphelios/Jack (BW/MT),1,1,1
Nasus/Senna (SI/SH),Braum/Gnar/Sejuani (BC/FR),1,1,1
Braum/Gnar/Sejuani (BC/FR),Sett (IO/PZ),1,1,1
Braum/Gnar/Sejuani (BC/FR),Lillia/Malphite (IO/MT),1,1,1
Gwen (PZ/SI),Riven/Viktor (NX/PZ),1,1,1
Darius/Gnar (FR/NX),Braum/Gnar/Sejuani (BC/FR),1,1,1
Akshan/Sivir (NX/SH),Gwen/Vayne (DE/SI),1,1,1
Akshan/Morgana (DE/SH),Ashe/Tahm Kench (BW/FR),1,1,1
Akshan/Morgana (DE/SH),Gwen/Vi (PZ/SI),1,1,1
Akshan/Varus (SH/RU),Akshan/Jax (RU/SH),1,1,1
Nidalee (BC/SH),Gwen/Udyr (FR/SI),1,1,1
Akshan/Gwen (SI/SH),Akshan/Lee Sin (IO/SH),1,1,1
Akshan/Gwen (SI/SH),Morgana/Udyr (DE/FR),1,1,1
Senna/Veigar (BC/SI),LeBlanc/Riven (FR/NX),1,1,1
Akshan/Gwen (SI/SH),Senna/Veigar (BC/SI),1,1,1
Riven/Viktor (NX/PZ),Akshan/Gwen (SI/SH),1,1,1
Morgana (BC/MT),Senna/Veigar (BC/SI),1,1,1
Akshan/Gwen (SI/SH),Malphite/Yasuo (IO/MT),1,1,1
Akshan/Gwen (SI/SH),Aatrox/Kayn (RU/RU),1,1,1
Darius/Shen (IO/NX),Akshan/Gwen (SI/SH),1,1,1
Gangplank/Sejuani (BW/FR),Gnar/Swain (BC/NX),1,1,1
Akshan/Morgana (DE/SH),Illaoi (BW/NX),1,1,1
Jax/Ornn (FR/RU),Gnar/Nidalee (BC/SH),1,1,1
Galio/Morgana (DE/MT),Janna/Sett (IO/PZ),1,1,1
Galio/Morgana (DE/MT),Akshan/Nasus/Udyr (FR/SH),1,1,1
Akshan/Varus (SH/RU),Akshan/Vayne (DE/SH),1,1,1
Morgana (BC/MT),Gwen/Riven (NX/SI),1,1,1
Senna/Veigar (BC/SI),Gwen/Sejuani (FR/SI),1,1,1
Galio/Udyr (DE/FR),Neeko/Poppy (BC/RU),1,1,1
Janna/Sett (IO/PZ),Lillia/Yasuo (FR/IO),1,1,1
Aphelios/Lee Sin (IO/MT),Kai'Sa/Viktor (PZ/SH),1,1,1
Garen (DE/FR),Championless (SI),1,1,1
Morgana/Udyr (DE/FR),Gnar/LeBlanc (FR/NX),1,1,1
Darius (FR/NX),Kalista (PZ/SI),1,1,1
Akshan/Sivir (NX/SH),Nidalee (BC/SH),1,1,1
Galio/Morgana (DE/MT),Aphelios/Morgana (MT/SI),1,1,1
Lulu/Shen (DE/IO),Kalista (PZ/SI),1,1,1
Ashe (FR/PZ),Kalista (PZ/SI),1,1,1
Kalista (PZ/SI),Kayle (BW/MT),1,1,1
Akshan/Riven (NX/SH),Kalista (PZ/SI),1,1,1
Morgana/Udyr (DE/FR),Janna (BW/PZ),1,1,1
Aphelios/Lee Sin (IO/MT),Sett (IO/PZ),1,1,1
Gwen/Vi (PZ/SI),Sett (IO/PZ),1,1,1
Aphelios/Lee Sin (IO/MT),Galio/Udyr (DE/FR),1,1,1
Akshan/Morgana (DE/SH),Galio/Morgana (DE/MT),1,1,1
Galio/Udyr (DE/FR),Poppy/Tristana (BC/NX),1,1,1
Akshan/Morgana (DE/SH),Gnar (DE/FR),1,1,1
Poppy/Tristana (BC/NX),Janna/Sett (IO/PZ),1,1,1
Braum/Vladimir (FR/NX),Akshan/Nasus/Udyr (FR/SH),1,1,1
Gwen/Vi (PZ/SI),Galio/Udyr (DE/FR),1,1,1
Poppy/Tristana (BC/NX),Akshan/Lee Sin (IO/SH),1,1,1
Gwen/Vi (PZ/SI),Kayle (BW/MT),1,1,1
Lillia/Udyr (FR/IO),Akshan/Udyr (FR/SH),1,1,1
Jax/Ornn (FR/RU),Akshan/Braum (FR/SH),1,1,1
Akshan/Braum (FR/SH),Gwen/Kalista (PZ/SI),1,1,1
Jax/Ornn (FR/RU),Gwen/Kalista (NX/SI),1,1,1
Championless (SI),Championless (FR/MT),1,1,1
Braum/Lillia (FR/IO),Swain/Vladimir (FR/NX),1,1,1
Gwen/Vi (PZ/SI),Nidalee (BC/SH),1,1,1
Neeko (RU/SH),Jack/Sett (BW/IO),1,1,1
Championless (PZ/SI),Akshan/Aphelios/Morgana (MT/SH),1,1,1
Poppy/Tristana (BC/NX),LeBlanc (FR/NX),1,1,1
Gnar (DE/FR),Darius/Gnar (FR/NX),1,1,1
Gwen/Vi (PZ/SI),Akshan/Lee Sin (IO/SH),1,1,1
Swain (BC/NX),Gwen/Vi (PZ/SI),1,1,1
Gwen/Vi (PZ/SI),Senna (PZ/SI),1,1,1
Akshan/Nasus (SI/SH),Kalista (MT/SI),1,1,1
Darius/Gnar (FR/NX),Akshan/Aphelios/Morgana (MT/SH),1,1,1
Akshan/Aphelios/Morgana (MT/SH),Braum/Vladimir (FR/NX),1,1,1
Akshan/Nasus (SI/SH),Ashe/Jayce (FR/PZ),1,1,1
Nidalee (BC/SH),Braum (FR/IO),1,1,1
Braum/Morgana (FR/MT),Morgana/Udyr (DE/FR),1,1,1
Braum/Lillia (FR/IO),Lillia/Udyr (FR/IO),1,1,1
Nidalee (BC/SH),Gnar (DE/FR),1,1,1
Jax/Ornn (FR/RU),Akshan/Renekton (SH),1,1,1
Akshan/Nasus (SI/SH),Galio/Udyr (DE/FR),1,1,1
Udyr/Vayne (DE/FR),Akshan/Nasus (SI/SH),1,1,1
Akshan/Nasus (SI/SH),Lillia/Udyr (FR/IO),1,1,1
Kalista/Nasus (SI/SH),Akshan/Nasus (SI/SH),1,1,1
Championless (SI),Sivir/Udyr (FR/SH),1,1,1
Lillia/Udyr (FR/IO),Gnar (DE/FR),1,1,1
LeBlanc/Sion (BC/NX),Akshan/Varus (SH/RU),1,1,1
Lee Sin/Viktor (IO/PZ),LeBlanc/Sion (BC/NX),1,1,1
Morgana/Udyr (DE/FR),Garen/Morgana (DE/IO),1,1,1
Jax/Kayn (RU/RU),Nasus/Thresh (SI/SH),1,1,1
Akshan/Nasus (SI/SH),Galio/Morgana (DE/MT),1,1,1
Jax/Ornn (FR/RU),Ashe/Caitlyn (FR/PZ),1,1,1
Ryze (RU/SH),Senna/Veigar (BC/SI),1,1,1
Kai'Sa/Sivir (BW/SH),Gnar/Sejuani (BC/FR),1,1,1
Kalista/Nasus (SI/SH),Gnar (DE/FR),1,1,1
Gnar/Nidalee (BC/SH),Nasus (SI/SH),1,1,1
Ornn/Sejuani (FR),Jack/Sett (BW/IO),1,1,1
Jack/Sett (BW/IO),Janna/Viktor (PZ/SI),1,1,1
Nidalee (BC/SH),Akshan/Nasus (SI/SH),1,1,1
Gwen (NX/SI),Sett (IO/PZ),1,1,1
Senna/Veigar (BC/SI),Ornn/Sejuani (FR),1,1,1
Kalista/Nasus (SI/SH),Nasus/Renekton (SH),1,1,1
Jack/Sett (BW/IO),Ryze (RU/SH),1,1,1
Jack/Sett (BW/IO),Neeko (FR/RU),1,1,1
Janna/Sett (IO/PZ),Ryze (RU/SH),1,1,1
Janna/Sett (IO/PZ),Kalista/Nasus (SI/SH),1,1,1
Akshan/Lee Sin (IO/SH),Janna/Morgana/Viktor (MT/PZ),1,1,1
Lulu/Taric (IO/MT),Jack/Sett (BW/IO),1,1,1
Akshan/Sett (IO/SH),Jack/Sett (BW/IO),1,1,1
Jack/Sett (BW/IO),Gangplank/Kalista (BW/SI),1,1,1
Gwen/Sivir (SI/SH),Jack/Sett (BW/IO),1,1,1
Neeko/Poppy (BC/RU),Sejuani/Swain (FR/NX),1,1,1
Akshan/Varus (SH/RU),Gwen/Sivir (SI/SH),1,1,1
Jack/Sett (BW/IO),Jayce (FR/PZ),1,1,1
Jack/Sett (BW/IO),Sett/Udyr (FR/IO),1,1,1
Riven/Rumble (BC/NX),Gwen (NX/SI),1,1,1
Renekton/Sivir (SH),Darius/Gnar (FR/NX),1,1,1
Lillia/Yasuo (FR/IO),Akshan/Lee Sin (IO/SH),1,1,1
Maokai (BW/SI),Ashe/Caitlyn (FR/PZ),1,1,1
Lillia (FR/IO),Aphelios/Lee Sin (IO/MT),1,1,1
Braum/Vladimir (FR/NX),Sett/Yasuo (FR/IO),1,1,1
Nidalee/Renekton (SH),Akshan/Varus (SH/RU),1,1,1
Janna/Sett/Viktor (IO/PZ),Lillia/Yasuo (FR/IO),1,1,1
Ashe (FR/PZ),Kalista/Thresh (SI),1,1,1
Lee Sin/Viktor (IO/PZ),Poppy (BC/PZ),1,1,1
Gwen/Vi (PZ/SI),Aphelios/Viktor (MT/PZ),1,1,1
Akshan/Riven (NX/SH),Gwen/Vi (PZ/SI),1,1,1
Akshan/Morgana (DE/SH),Lee Sin/Viktor (IO/PZ),1,1,1
Darius/Lulu (IO/NX),Jack/Sett (BW/IO),1,1,1
Akshan/Morgana (DE/SH),Jack/Sett (BW/IO),1,1,1
Ashe (FR/PZ),Akshan/Morgana (DE/SH),1,1,1
Kalista/Sion (NX/SI),Akshan/Varus (SH/RU),1,1,1
Akshan/Nasus (SI/SH),Nautilus/Thresh (BW/SI),1,1,1
Braum/Lillia (FR/IO),Kayle/Ornn (FR/MT),1,1,1
Kayle/Ornn (FR/MT),Aatrox/Kayn (RU/RU),1,1,1
Jack/Sett (BW/IO),Ornn/Renekton (FR/SH),1,1,1
Jack/Sett (BW/IO),Aphelios/Lee Sin (IO/MT),1,1,1
Leona/Yasuo (IO/MT),Akshan/Sivir (PZ/SH),1,1,1
Akshan/Udyr (FR/SH),Gangplank/Sejuani (BW/FR),1,1,1
Braum/Udyr (FR/MT),Akshan/Nasus (SI/SH),1,1,1
Aphelios/Lee Sin (IO/MT),Aatrox/Illaoi (RU/BW),1,1,1
Aphelios/Lee Sin (IO/MT),Darius/Lulu (IO/NX),1,1,1
Aphelios/Lee Sin (IO/MT),Janna (IO/PZ),1,1,1
Lee Sin/Viktor (IO/PZ),Kalista (SI/SH),1,1,1
Aatrox/Illaoi (RU/BW),Akshan/Lee Sin (IO/SH),1,1,1
Braum/Kayle (FR/MT),Akshan/Nasus (SI/SH),1,1,1
Illaoi (BW/NX),Gnar/Neeko (FR/RU),1,1,1
Neeko/Poppy (BC/RU),Braum/Vladimir (FR/NX),1,1,1
Darius/Ornn (FR/NX),Darius/Gnar (FR/NX),1,1,1
Rumble/Sion (BC/NX),Galio/Morgana (DE/MT),1,1,1
Jack/Sett (BW/IO),Kayle (MT/SI),1,1,1
Illaoi (BW/NX),Lillia/Udyr (FR/IO),1,1,1
LeBlanc/Udyr (FR/NX),Galio/Morgana (DE/MT),1,1,1
Poppy/Tristana (BC/NX),Morgana (BC/MT),1,1,1
Leona/Yasuo (IO/MT),Kalista (MT/SI),1,1,1
Gnar/Neeko (FR/RU),Poppy/Tristana (BC/NX),1,1,1
Aatrox/Poppy/Vayne (RU/DE),Braum/Lillia (FR/IO),1,1,1
Braum/Vladimir (FR/NX),Ashe/Braum (FR/PZ),1,1,1
Udyr/Viktor (FR/PZ),Jack/Sett (BW/IO),1,1,1
Janna/Sett/Viktor (IO/PZ),Championless (DE/SI),1,1,1
Lux/Shen (DE/IO),Senna (PZ/SI),1,1,1
Akshan/Shyvana (DE/SH),Sion (NX/SI),1,1,1
Nidalee/Renekton (FR/SH),Galio/Udyr (DE/FR),1,1,1
Maokai/Nautilus (BW/SI),Sion (NX/SI),1,1,1
Sion (NX/SI),Jax/Ornn (FR/RU),1,1,1
Braum/Lillia (FR/IO),Sion (NX/SI),1,1,1
Illaoi (BW/NX),Nidalee (BC/SH),1,1,1
LeBlanc/Rumble (BC/NX),Lillia (FR/IO),1,1,1
Leona/Yasuo (IO/MT),Lee Sin/Riven (IO/NX),1,1,1
Nidalee (BC/SH),Kalista/LeBlanc (NX/SI),1,1,1
Nidalee (BC/SH),Ashe/Braum (FR/PZ),1,1,1
Garen/Lux (DE),Championless (MT/SI),1,1,1
Galio/Garen (DE/MT),Senna (PZ/SI),1,1,1
Janna/Sett/Viktor (IO/PZ),Aphelios/Lee Sin (IO/MT),1,1,1
Ashe (FR/PZ),Gwen/Vi (PZ/SI),1,1,1
Akshan/Morgana/Sivir (DE/SH),Jack/Sett (BW/IO),1,1,1
Akshan/Udyr (FR/SH),Lee Sin/Riven (IO/NX),1,1,1
Aatrox/Kayn (RU/RU),Braum (BC/FR),1,1,1
Lee Sin/Viktor (IO/PZ),Caitlyn (BC/PZ),1,1,1
Gnar/Nidalee (BC/SH),Caitlyn (BC/PZ),1,1,1
Gnar/Nidalee (BC/SH),Garen (DE),1,1,1
Braum/Vladimir (FR/NX),Janna/Sett/Viktor (IO/PZ),1,1,1
Akshan/Shyvana (DE/SH),Championless (MT/SI),1,1,1
Nasus/Renekton (SH),Neeko (FR/RU),1,1,1
Lee Sin/Riven (IO/NX),Kalista/Thresh (SI),1,1,1
Riven/Viktor (NX/PZ),Lee Sin/Riven (IO/NX),1,1,1
Senna/Veigar (BC/SI),Garen/Poppy (DE/FR),1,1,1
Viktor (PZ/SI),Championless (PZ/SI),1,1,1
Akshan/Lee Sin (IO/SH),Viktor (IO/PZ),1,1,1
Morgana/Udyr (DE/FR),Garen/Poppy (DE/FR),1,1,1
Ornn/Sejuani (FR),Championless (SI),1,1,1
Janna/Sett (IO/PZ),Kayle/Leona (MT/SH),1,1,1
Gwen/Sivir (SI/SH),Championless (SI),1,1,1
Garen/Poppy (DE/FR),Akshan/Varus (SH/RU),1,1,1
Maokai/Nautilus (BW/SI),Udyr (FR/SI),1,1,1
Gangplank/Sejuani (BW/FR),Aphelios/Morgana (MT/SI),1,1,1
Braum/Lillia (FR/IO),Darius/Vayne (DE/NX),1,1,1
Braum/Lillia (FR/IO),Kalista/Thresh (SI),1,1,1
Championless (MT/SI),Gwen/Vi (PZ/SI),1,1,1
Morgana/Udyr (DE/FR),Taric (BW/MT),1,1,1
Galio/Udyr (DE/FR),Lee Sin/Riven (IO/NX),1,1,1
Nasus/Thresh (SI/SH),Aphelios/Morgana (MT/SI),1,1,1
Nasus/Thresh (SI/SH),Ornn/Sejuani (FR),1,1,1
Morgana/Udyr (DE/FR),Akshan/Morgana/Sivir (DE/SH),1,1,1
Riven/Vi (NX/PZ),Rumble/Sion (BC/NX),1,1,1
Neeko/Poppy (DE/RU),Gwen/Sivir (SI/SH),1,1,1
Gangplank/Sejuani (BW/FR),Akshan/Gwen (SI/SH),1,1,1
Janna (IO/PZ),Sejuani/Senna (FR/SI),1,1,1
Riven/Vi (NX/PZ),Neeko/Poppy (DE/RU),1,1,1
Riven/Vi (NX/PZ),Gwen/Sivir (SI/SH),1,1,1
Gnar/Lillia (FR/IO),Akshan/Lee Sin (IO/SH),1,1,1
Kayle (BW/MT),Kai'Sa/Sivir (SI/SH),1,1,1
Gnar/Sejuani (BC/FR),Darius/Vayne (DE/NX),1,1,1
Neeko/Poppy (BC/RU),Janna/Morgana (MT/PZ),1,1,1
Gnar/Nidalee (BC/SH),Lillia/Udyr (FR/IO),1,1,1
Riven/Rumble (BC/NX),Nasus/Senna (SI/SH),1,1,1
Gangplank/Sejuani (BW/FR),Gnar/Tristana (BC/NX),1,1,1
Poppy/Taric (DE/MT),Championless (MT/SI),1,1,1
Gnar/Tristana (BC/NX),Championless (MT/SI),1,1,1
Galio/Morgana (DE/MT),Morgana/Udyr (DE/FR),1,1,1
Galio/Morgana (DE/MT),Lillia/Udyr (FR/IO),1,1,1
Senna/Veigar (BC/SI),Malphite/Shyvana (DE/MT),1,1,1
Morgana/Udyr (DE/FR),Lillia/Sett (FR/IO),1,1,1
Akshan/Varus (SH/RU),Morgana (BC/MT),1,1,1
Lillia/Sett (FR/IO),Gangplank/Sejuani (BW/FR),1,1,1
Lillia/Udyr (FR/IO),Nasus/Thresh (SI/SH),1,1,1
Akshan/Lee Sin (IO/SH),Riven/Varus (NX/RU),1,1,1
Gnar/Tristana (BC/NX),Gnar/Poppy (BC/BW),1,1,1
Akshan/Varus (SH/RU),Garen (DE/FR),1,1,1
Darius/Gnar (FR/NX),LeBlanc/Leona (MT/NX),1,1,1
Morgana (BC/MT),Morgana/Udyr (DE/FR),1,1,1
Gnar/Tristana (BC/NX),Akshan/Nasus (SI/SH),1,1,1
Lee Sin/Viktor (IO/PZ),Jack/Poppy (BC/BW),1,1,1
Nidalee (BC/SH),Gnar/Yasuo (FR/IO),1,1,1
Shen/Sivir (IO/SH),Akshan/Morgana (DE/SH),1,1,1
Championless (SI),Akshan/Nasus/Udyr (FR/SH),1,1,1
Akshan/Nasus/Udyr (FR/SH),Braum/Lillia (FR/IO),1,1,1
Akshan/Nasus/Udyr (FR/SH),Akshan/Varus (SH/RU),1,1,1
Braum/Vladimir (FR/NX),Garen/Poppy (DE/FR),1,1,1
Lee Sin/Viktor (IO/PZ),Neeko/Nidalee (RU/SH),1,1,1
Morgana/Udyr/Vayne (DE/FR),Lee Sin/Viktor (IO/PZ),1,1,1
Aatrox/Kayn (RU/RU),Sett (FR/IO),1,1,1
Akshan/Nasus/Udyr (FR/SH),Kayle (BW/MT),1,1,1
Lulu/Shen (DE/IO),Sett/Yasuo (FR/IO),1,1,1
Akshan/Sivir (NX/SH),Sett/Udyr (FR/IO),1,1,1
Sett/Udyr (FR/IO),Neeko (FR/RU),1,1,1
Leona/Yasuo (IO/MT),Gnar/Sejuani (BC/FR),1,1,1
Aphelios/Morgana (MT/SI),Gnar/Sejuani (BC/FR),1,1,1
Championless (SI),Kayle/Leona (MT/SH),1,1,1
Morgana/Udyr (DE/FR),Akshan/Nasus/Renekton (SH),1,1,1
Janna/Sett (IO/PZ),Aatrox/Morgana/Vayne (RU/DE),1,1,1
Aphelios/Morgana (MT/SI),Braum/Vladimir (FR/NX),1,1,1
Aphelios/Morgana (MT/SI),Morgana/Taric (DE/MT),1,1,1
Illaoi/Swain (BW/NX),Morgana/Taric (DE/MT),1,1,1
Akshan/Nasus (SI/SH),Poppy/Tristana (BC/NX),1,1,1
Championless (SI),Neeko (RU/NX),1,1,1
Braum/Vladimir (FR/NX),Neeko (RU/NX),1,1,1
Riven/Vi (NX/PZ),Lee Sin/Shen (DE/IO),1,1,1
Gnar/Yasuo (FR/IO),Aatrox/Kayn (RU/RU),1,1,1
Sett/Viktor (IO/PZ),Galio/Morgana (DE/MT),1,1,1
Garen/Poppy (DE/SH),Braum/Lillia (FR/IO),1,1,1
Akshan/Lee Sin (IO/SH),Lee Sin/Udyr (FR/IO),1,1,1
Morgana (BC/MT),Jayce/Lux (DE/PZ),1,1,1
Lee Sin/Yasuo (FR/IO),Lee Sin/Viktor (IO/PZ),1,1,1
Akshan/Sivir (NX/SH),Udyr/Yasuo (FR/IO),1,1,1
Championless (SI),Udyr/Yasuo (FR/IO),1,1,1
Akshan/Nasus (SI/SH),Lee Sin/Yasuo (FR/IO),1,1,1
Lee Sin/Yasuo (FR/IO),Lulu/Shen (DE/IO),1,1,1
Lee Sin/Yasuo (FR/IO),Riven/Rumble (BC/NX),1,1,1
Lee Sin/Yasuo (FR/IO),Kayle (BW/MT),1,1,1
Championpile (FR/SH),Championless (SI),1,1,1
Braum/Vladimir (FR/NX),Galio/Poppy (DE/MT),1,1,1
Braum/Vladimir (FR/NX),Garen/LeBlanc (DE/NX),1,1,1
Galio/Poppy (DE/FR),Aphelios/Viktor (MT/PZ),1,1,1
Aphelios/Taric (FR/MT),Neeko (FR/RU),1,1,1
Braum/Vladimir (FR/NX),Janna (BW/PZ),1,1,1
Akshan/Varus (SH/RU),Lillia/Yasuo (FR/IO),1,1,1
Championless (SI),Aphelios/Taric (FR/MT),1,1,1
Kayle (BW/MT),Aphelios/Taric (FR/MT),1,1,1
Lux/Udyr (DE/FR),Aphelios/Viktor (MT/PZ),1,1,1
Aatrox/Kayn (RU/RU),Galio/Poppy (DE/MT),1,1,1
Lee Sin/Udyr (FR/IO),Championless (SI/SH),1,1,1
Lee Sin/Udyr (FR/IO),Janna (PZ/SI),1,1,1
Ashe/Sejuani (FR/NX),Kayle (BW/MT),1,1,1
Darius/Gnar (FR/NX),Akshan/Jax (RU/SH),1,1,1
Lux (DE/PZ),Senna/Veigar (BC/SI),1,1,1
Gnar/Nidalee (BC/SH),Leona/Yasuo (IO/MT),1,1,1
Ashe/Sejuani (FR/NX),Ashe/LeBlanc (FR/NX),1,1,1
Gnar/Tristana (BC/NX),Gnar/Nidalee (BC/SH),1,1,1
Akshan/Varus (SH/RU),Ashe/Sejuani (FR/NX),1,1,1
Ashe/LeBlanc/Riven (FR/NX),Braum/Vladimir (FR/NX),1,1,1
Morgana/Udyr (DE/FR),Garen/Taric (DE/MT),1,1,1
Gwen/Vayne (DE/SI),Gnar/Tristana (BC/NX),1,1,1
Jayce/Lux (DE/PZ),Ashe/Sejuani (FR/NX),1,1,1
Ashe/Sejuani (FR/NX),Championless (SI),1,1,1
Lee Sin/Udyr (FR/IO),Braum (BC/FR),1,1,1
Jayce/Lux (DE/PZ),Lux/Udyr (DE/FR),1,1,1
Lux/Udyr (DE/FR),Darius/Gnar (FR/NX),1,1,1
Senna/Veigar (BC/SI),Championpile (FR/SH),1,1,1
Championless (SI),Lux (DE/PZ),1,1,1
Darius/Gnar (FR/NX),Lux (DE/PZ),1,1,1
Lee Sin/Udyr (FR/IO),Ashe/Caitlyn (FR/PZ),1,1,1
Lee Sin/Udyr (FR/IO),Akshan/Varus (SH/RU),1,1,1
Kalista (MT/SI),Galio/Morgana (DE/MT),1,1,1
Lillia/Viktor (IO/PZ),Senna (PZ/SI),1,1,1
Braum/Vladimir (FR/NX),Udyr/Vayne (DE/FR),1,1,1
LeBlanc/Udyr (FR/NX),Ornn/Sejuani (FR),1,1,1
Udyr/Vayne (DE/FR),Braum/Lillia (FR/IO),1,1,1
Kayle/Shyvana (DE/MT),Aphelios/Taric (FR/MT),1,1,1
Galio/Morgana (DE/MT),Lillia/Viktor (IO/PZ),1,1,1
Gnar/Illaoi (BW/FR),Garen (DE),1,1,1
Kalista/Sivir (SI/SH),Kayle (BW/MT),1,1,1
Lillia/Viktor (IO/PZ),Championless (SI),1,1,1
Rumble/Vayne (DE/NX),Riven/Viktor (NX/PZ),1,1,1
Jack/Sett (BW/IO),Lillia/Yasuo (FR/IO),1,1,1
Gnar/Poppy (BC/BW),Braum/Vladimir (FR/NX),1,1,1
Aatrox (RU/BW),Ashe/Sejuani (FR/NX),1,1,1
Braum/Vladimir (FR/NX),Kalista (SI/SH),1,1,1
Lillia/Udyr (FR/IO),Akshan/Morgana (DE/SH),1,1,1
Nidalee (BC/SH),Gnar/Illaoi (BW/FR),1,1,1
Ashe/LeBlanc (FR/NX),Gnar (DE/FR),1,1,1
Akshan/Varus (SH/RU),Garen (DE),1,1,1
Gnar/Kayle (FR/MT),Sett (IO/PZ),1,1,1
Nidalee (BC/SH),Lillia/Viktor (IO/PZ),1,1,1
Darius/Gwen (NX/SI),Championless (PZ/SI),1,1,1
Lillia/Viktor (IO/PZ),Kayle (BW/MT),1,1,1
Gwen/Vayne (DE/SI),Caitlyn/Swain (NX/PZ),1,1,1
Morgana/Shyvana (DE/MT),Akshan/Varus (SH/RU),1,1,1
Akshan/Varus (SH/RU),Illaoi/Ornn (BW/FR),1,1,1
Riven/Viktor (NX/PZ),Janna/Viktor (MT/PZ),1,1,1
Riven/Viktor (NX/PZ),Lillia/Yasuo (FR/IO),1,1,1
Kayle (BW/MT),Tahm Kench (BW/MT),1,1,1
Nidalee (BC/SH),Gnar/Gwen (FR/SI),1,1,1
Neeko/Poppy (BC/RU),Janna/Sett/Viktor (IO/PZ),1,1,1
Neeko/Poppy (BC/RU),Gangplank/Sejuani (BW/FR),1,1,1
Darius/Gnar (FR/NX),Lillia/Viktor (IO/PZ),1,1,1
Nidalee (BC/SH),Akshan/Renekton (SH),1,1,1
Aphelios/Sett (IO/MT),Morgana/Udyr (DE/FR),1,1,1
Aphelios/Viktor (MT/PZ),Morgana/Udyr/Vayne (DE/FR),1,1,1
Janna/Sett/Viktor (IO/PZ),Senna/Veigar (BC/SI),1,1,1
Senna (PZ/SI),Garen (DE),1,1,1
Maokai/Nautilus (BW/SI),Galio/Garen (DE/MT),1,1,1
Darius/Vayne (DE/NX),Championless (SI),1,1,1
Ashe (FR/PZ),Gnar/Gwen (FR/SI),1,1,1
Aphelios/Yasuo (IO/MT),Gnar/Tristana (BC/BW),1,1,1
Senna (SI),Kayle (BW/MT),1,1,1
Nasus/Renekton (SH),Darius/Gwen (NX/SI),1,1,1
Aphelios/Viktor (MT/PZ),Lee Sin/Udyr (FR/IO),1,1,1
Lulu/Taric (IO/MT),Lee Sin/Viktor (IO/PZ),1,1,1
Kalista/Nasus (SI/SH),Nasus/Thresh (SI/SH),1,1,1
Nasus/Thresh (SI/SH),Senna (SI),1,1,1
Sett/Viktor (IO/PZ),Garen/Poppy (DE/MT),1,1,1
Nidalee (BC/SH),Gangplank/Gnar (BC/BW),1,1,1
Nasus/Thresh (SI/SH),Kalista/Maokai (FR/SI),1,1,1
Nasus/Thresh (SI/SH),Championpile (FR/SH),1,1,1
Ryze (IO/RU),Leona/Yasuo (IO/MT),1,1,1
Kayle (BW/MT),Championless (BC/PZ),1,1,1
Rumble/Sion (BC/NX),Aatrox (RU/BW),1,1,1
Aatrox (RU/BW),Poppy/Taric (DE/MT),1,1,1
Sett (IO/PZ),Kalista/Nasus (SI/SH),1,1,1
Nasus/Thresh (SI/SH),Aphelios/Taric (FR/MT),1,1,1
Nasus/Thresh (SI/SH),Renekton/Sivir (SH),1,1,1
Nasus/Thresh (SI/SH),Akshan/Jack (BW/SH),1,1,1
Akshan/Gwen (SI/SH),Jayce/Lux (DE/PZ),1,1,1
Riven/Rumble (BC/NX),Poppy/Taric (DE/MT),1,1,1
Janna/Sett/Viktor (IO/PZ),Yasuo (IO/NX),1,1,1
Gwen/Vayne (DE/SI),Janna/Sett/Viktor (IO/PZ),1,1,1
Gwen/Vayne (DE/SI),Akshan/Sivir (DE/SH),1,1,1
Kalista/Nasus (SI/SH),Kayle (BW/MT),1,1,1
Nidalee (BC/SH),Kalista/Nasus (SI/SH),1,1,1
Lux/Thresh (DE/SI),Aphelios/Viktor (MT/PZ),1,1,1
LeBlanc/Riven (FR/NX),Aphelios/Viktor (MT/PZ),1,1,1
LeBlanc/Riven (FR/NX),Senna/Viktor (PZ/SI),1,1,1
LeBlanc/Riven (FR/NX),Sejuani/Swain (FR/NX),1,1,1
Sett (IO/PZ),Braum (FR/MT),1,1,1
Darius/Vayne (DE/NX),Akshan/Nasus (SI/SH),1,1,1
Janna/Sett/Viktor (IO/PZ),Gangplank/Sejuani (BW/FR),1,1,1
Nasus/Thresh (SI/SH),Darius/Lulu (IO/NX),1,1,1
Kayle (BW/MT),Janna/Nautilus (BW/PZ),1,1,1
Akshan/Nasus (SI/SH),Aatrox (RU/BW),1,1,1
Gwen/LeBlanc (NX/SI),Akshan/Nasus (SI/SH),1,1,1
Akshan/Nasus (SI/SH),Lee Sin/Udyr (FR/IO),1,1,1
Darius/Gnar (FR/NX),Braum/Ornn (FR/PZ),1,1,1
Gnar/Lillia (FR/IO),Aphelios/Viktor (MT/PZ),1,1,1
LeBlanc/Rumble (BC/NX),Morgana/Udyr (DE/FR),1,1,1
Riven/Rumble (BC/NX),Jayce/Lux (DE/PZ),1,1,1
Championless (SI),Swain (BC/NX),1,1,1
LeBlanc/Riven (FR/NX),Braum/Ornn (FR/PZ),1,1,1
LeBlanc/Riven (FR/NX),Jax/Ornn (FR/RU),1,1,1
LeBlanc/Riven (FR/NX),Caitlyn (BW/PZ),1,1,1
Darius/Gnar (FR/NX),Shyvana/Swain (DE/NX),1,1,1
Sett (IO/PZ),Garen (DE/FR),1,1,1
Riven/Vi (NX/PZ),Braum/Lillia (FR/IO),1,1,1
Sett (IO/PZ),Neeko (FR/RU),1,1,1
Lillia/Udyr (FR/IO),Sett (IO/PZ),1,1,1
Sett/Viktor (IO/PZ),Akshan/Nasus (SI/SH),1,1,1
Gnar/Neeko (FR/RU),Janna/Sett/Viktor (IO/PZ),1,1,1
Darius/Gnar (FR/NX),Akshan/Jax/Sivir (RU/SH),1,1,1
Gwen/Vayne (DE/SI),Gnar/Nidalee (BC/SH),1,1,1
Akshan/Varus (SH/RU),Shyvana/Swain (DE/NX),1,1,1
Aphelios/Udyr (FR/MT),Shyvana/Swain (DE/NX),1,1,1
Maokai/Nautilus (BW/SI),Aphelios/Udyr (FR/MT),1,1,1
Aphelios/Udyr (FR/MT),Akshan/Varus (SH/RU),1,1,1
Aphelios/Taric (FR/MT),Gnar (BC/BW),1,1,1
Akshan/Jax (RU/SH),Aphelios/Viktor (MT/PZ),1,1,1
Lee Sin/Viktor (IO/PZ),Morgana/Taric (BC/MT),1,1,1
Braum/Vladimir (FR/NX),Shen/Taric (IO/MT),1,1,1
Lee Sin/Viktor (IO/PZ),Nasus/Renekton (SI/SH),1,1,1
Leona/Sivir (MT/SH),Aatrox (RU/BW),1,1,1
Sett/Viktor (IO/PZ),Senna (PZ/SI),1,1,1
Kayle/Shyvana (DE/MT),Braum/Vladimir (FR/NX),1,1,1
Udyr/Vayne (DE/FR),Jayce/Lux (DE/PZ),1,1,1
Udyr/Vayne (DE/FR),Morgana/Taric (BC/MT),1,1,1
Udyr/Vayne (DE/FR),Gnar/Udyr (BC/FR),1,1,1
Braum/Kayle (FR/MT),Aatrox (RU/BW),1,1,1
Sett (IO/PZ),Riven/Rumble (BC/NX),1,1,1
Senna/Veigar (BC/SI),Kayle/Morgana (FR/MT),1,1,1
Ashe/LeBlanc (FR/NX),Udyr/Vayne (DE/FR),1,1,1
Galio/Udyr (DE/FR),Championless (FR/NX),1,1,1
Gnar (BC/BW),Championless (MT/SI),1,1,1
Udyr/Vayne (DE/FR),Championless (MT/SI),1,1,1
Akshan/Varus (SH/RU),Senna (SI),1,1,1
Lux (DE/PZ),Rumble/Sion (BC/NX),1,1,1
Leona/Yasuo (IO/MT),Leona/Sivir (MT/SH),1,1,1
Lee Sin/Udyr (FR/IO),Kalista/Thresh (SI),1,1,1
Lee Sin/Udyr (FR/IO),Senna (SI),1,1,1
Akshan/Sivir (NX/SH),Sett/Shen (IO/PZ),1,1,1
Aphelios/Viktor (MT/PZ),Aatrox/Illaoi (RU/BW),1,1,1
Janna/Sett (IO/PZ),Kayle/Shyvana (DE/MT),1,1,1
Sett/Shen (IO/PZ),Aatrox/Illaoi (RU/BW),1,1,1
Lee Sin/Viktor (IO/PZ),Senna (SI),1,1,1
Akshan/Sivir (NX/SH),Rumble/Sion (BC/NX),1,1,1
Championless (SI),Shyvana/Vayne (DE/IO),1,1,1
Aatrox/Illaoi (RU/BW),Lee Sin/Viktor (IO/PZ),1,1,1
Galio/Garen (DE/MT),Aatrox (RU/BW),1,1,1
Kalista (SI),Lillia/Udyr (FR/IO),1,1,1
Akshan/Sivir (NX/SH),Aphelios/Lee Sin (IO/MT),1,1,1
Darius/Lulu (IO/NX),Gnar/Nidalee (BC/SH),1,1,1
Kayle (BW/MT),Garen/Shyvana (DE/MT),1,1,1
Darius (FR/NX),Gwen/Vayne (DE/SI),1,1,1
Darius/Lulu (IO/NX),Akshan/Morgana (DE/SH),1,1,1
Aphelios/Udyr (FR/MT),Darius/Gnar (FR/NX),1,1,1
Illaoi/Swain (BW/NX),Aatrox (RU/BW),1,1,1
Kayle (BW/MT),Lulu/Poppy (DE/IO),1,1,1
Akshan/Morgana (DE/SH),Galio/Garen (DE/MT),1,1,1
Kalista (SI),Poppy/Tristana (BC/NX),1,1,1
Poppy/Tristana (BC/NX),Kalista/Nasus (SI/SH),1,1,1
Aphelios/Lee Sin (IO/MT),Darius (FR/NX),1,1,1
Galio/Morgana (DE/MT),Darius (FR/NX),1,1,1
Akshan/Sivir (NX/SH),Championpile (FR/SH),1,1,1
Senna (PZ/SI),Darius (FR/NX),1,1,1
Darius (FR/NX),Gnar/Nidalee (BC/SH),1,1,1
Lillia/Yasuo (FR/IO),Gnar/Nidalee (BC/SH),1,1,1
Braum/Vladimir (FR/NX),Lux/Shen (DE/IO),1,1,1
Darius (FR/NX),Championless (PZ/SI),1,1,1
Championless (PZ/SI),Swain/Vladimir (BW/NX),1,1,1
Akshan/Aphelios (MT/SH),Championless (PZ/SI),1,1,1
Morgana/Udyr (DE/FR),Caitlyn/Jack (BW/PZ),1,1,1
Braum/Lillia (FR/IO),Championless (DE/SI),1,1,1
Sett (IO/PZ),Ashe/Sejuani (FR/NX),1,1,1
Shen/Sivir (IO/SH),Poppy/Taric (DE/MT),1,1,1
Darius (FR/NX),Aatrox (RU/BW),1,1,1
LeBlanc/Riven (FR/NX),Championless (PZ/SI),1,1,1
LeBlanc/Riven (FR/NX),Darius/Gnar (FR/NX),1,1,1
Poppy/Taric (DE/MT),LeBlanc/Riven (FR/NX),1,1,1
Ryze (IO/RU),LeBlanc/Udyr (FR/NX),1,1,1
Ashe/LeBlanc (FR/NX),Gnar/Udyr (FR/MT),1,1,1
Gnar/Udyr (FR/MT),Braum/Kayle (FR/MT),1,1,1
Morgana/Udyr (DE/FR),Aatrox/Akshan (RU/SH),1,1,1
Maokai/Nautilus (BW/SI),Aatrox/Akshan (RU/SH),1,1,1
Gnar/Illaoi (BW/FR),Akshan/Lee Sin (IO/SH),1,1,1
Gnar/Illaoi (BW/FR),Gangplank/LeBlanc (BW/NX),1,1,1
Kalista/Nasus/Thresh (SI/SH),Darius (FR/NX),1,1,1
Darius (FR/NX),Lillia/Viktor (IO/PZ),1,1,1
Kayle (BW/MT),Kalista/Nasus/Thresh (SI/SH),1,1,1
Aphelios/Lee Sin (IO/MT),Kalista/Nasus/Thresh (SI/SH),1,1,1
Kalista/Nasus/Thresh (SI/SH),Championless (SI),1,1,1
Darius (FR/NX),Janna/Sett/Viktor (IO/PZ),1,1,1
Janna/Sett/Viktor (IO/PZ),Garen/Kai'Sa (DE/SH),1,1,1
Darius/Lulu (IO/NX),Ashe (FR/PZ),1,1,1
Darius/Lulu (IO/NX),Lillia/Viktor (IO/PZ),1,1,1
Nasus/Renekton (SH),Riven/Vi (NX/PZ),1,1,1
Akshan/Udyr (FR/SH),Gnar/Udyr (FR/MT),1,1,1
Lux/Udyr (DE/FR),Rumble/Sion (BC/NX),1,1,1
Aatrox/Akshan (RU/SH),Senna/Veigar (BC/SI),1,1,1
Aatrox/Akshan (RU/SH),Darius (FR/NX),1,1,1
Gnar/Nidalee (BC/SH),Gnar/Udyr (FR/MT),1,1,1
Akshan/Aphelios/Morgana (MT/SH),Aatrox/Vayne (RU/DE),1,1,1
Garen/Taric (DE/MT),Akshan/Nasus (SI/SH),1,1,1
Garen/Taric (DE/MT),Shen/Sivir (IO/SH),1,1,1
Janna/Senna (PZ/SI),Janna (MT/PZ),1,1,1
Janna/Senna (PZ/SI),Aatrox/Morgana (RU/DE),1,1,1
Lee Sin/Viktor (IO/PZ),Janna/Senna (PZ/SI),1,1,1
Lee Sin/Viktor (IO/PZ),Akshan/Riven (NX/SH),1,1,1
Akshan/Sivir (NX/SH),Kai'Sa/Viktor (PZ/SH),1,1,1
Galio/Poppy (DE/FR),LeBlanc (FR/NX),1,1,1
Gnar/Udyr (FR/MT),Aatrox (RU/BW),1,1,1
Gnar/Udyr (FR/MT),Championless (SI),1,1,1
Darius/Gnar (FR/NX),Gnar/Udyr (FR/MT),1,1,1
Senna/Viktor (PZ/SI),Aatrox/Morgana (RU/DE),1,1,1
Janna/Sett (IO/PZ),Garen/Taric (DE/MT),1,1,1
Championless (SI),Ryze (RU/SH),1,1,1
Lee Sin/Viktor (IO/PZ),Ryze (RU/SH),1,1,1
Garen/Taric (DE/MT),Ryze (RU/SH),1,1,1
Nasus/Thresh (SI/SH),Ryze (RU/SH),1,1,1
Garen/Taric (DE/MT),Gnar/Kayle (FR/MT),1,1,1
Nasus/Thresh (SI/SH),Lee Sin/Udyr (FR/IO),1,1,1
Neeko (RU),LeBlanc/Sivir (NX/SH),1,1,1
Shen/Sivir (IO/SH),Caitlyn/Janna/Ryze/Viktor (PZ/RU),1,1,1
Nidalee (BC/SH),Caitlyn/Janna/Ryze/Viktor (PZ/RU),1,1,1
Jayce/Lux (DE/PZ),Caitlyn/Janna/Ryze/Viktor (PZ/RU),1,1,1
Akshan/Varus (SH/RU),Caitlyn/Janna/Ryze/Viktor (PZ/RU),1,1,1
Maokai/Nautilus (BW/SI),Caitlyn/Janna/Ryze/Viktor (PZ/RU),1,1,1
Kalista/Nasus (SI/SH),Braum/Vladimir (FR/NX),1,1,1
Galio/Udyr (DE/FR),Ryze (IO/RU),1,1,1
Akshan/Morgana (DE/SH),Ryze (IO/RU),1,1,1
Riven/Rumble (BC/NX),Gnar/Sejuani (BC/FR),1,1,1
Gnar/Sejuani (BC/FR),Poppy/Tristana (BC/NX),1,1,1
Aatrox/Kayn (RU/RU),Gnar/Sejuani (BC/FR),1,1,1
Neeko (FR/RU),Ryze (RU/SI),1,1,1
Ryze (RU/SI),Akshan/Udyr (FR/SH),1,1,1
Braum/Lillia (FR/IO),Ryze (RU/SI),1,1,1
Ryze (RU/SI),Caitlyn/Jayce (PZ/SI),1,1,1
Jayce/Lux (DE/PZ),Akshan/Ryze (RU/SH),1,1,1
Lee Sin/Viktor (IO/PZ),Akshan/Ryze (RU/SH),1,1,1
Braum/Lillia (FR/IO),Akshan/Ryze (RU/SH),1,1,1
Braum/Vladimir (FR/NX),Akshan/Ryze (RU/SH),1,1,1
Gnar (BC/BW),Senna/Veigar (BC/SI),1,1,1
Championless (MT/SI),Braum/Galio (DE/FR),1,1,1
Aatrox/Kayn (RU/RU),Gnar (BC/BW),1,1,1
Ashe/Janna (FR/PZ),Galio/Udyr (DE/FR),1,1,1
Aphelios/Udyr (FR/MT),Aatrox/Morgana/Vayne (RU/DE),1,1,1
Akshan/Lee Sin (IO/SH),LeBlanc/Riven (FR/NX),1,1,1
Braum/Vladimir (FR/NX),Gnar/Renekton (FR/SH),1,1,1
Ashe (FR/PZ),Ornn (BW/FR),1,1,1
Aphelios/Viktor (MT/PZ),Gwen (NX/SI),1,1,1
Akshan/Renekton (SH),Ryze (RU/SI),1,1,1
Ryze (RU/SI),Gwen (NX/SI),1,1,1
Ryze (RU/SI),Braum/Vladimir (FR/NX),1,1,1
Ryze (RU/SI),Maokai/Nautilus (BW/SI),1,1,1
Neeko (FR/RU),Aphelios/Viktor (MT/PZ),1,1,1
Braum/Vladimir (FR/NX),Neeko (FR/RU),1,1,1
Morgana/Udyr (DE/FR),Darius/Yasuo (IO/NX),1,1,1
Akshan/Nasus (SI/SH),Gwen (NX/SI),1,1,1
Akshan/Renekton (SH),Janna/Sett/Viktor (IO/PZ),1,1,1
Janna/Sett/Viktor (IO/PZ),Akshan/Taric (MT/SH),1,1,1
Gnar/Tristana (BC/NX),Nidalee (BC/SH),1,1,1
Darius/Lulu (IO/NX),Darius/Gwen (NX/SI),1,1,1
Ashe/LeBlanc (FR/NX),Sejuani/Vladimir (FR/NX),1,1,1
Kalista (MT/SI),Gangplank/Sejuani (BW/FR),1,1,1
Galio/Poppy (DE/FR),Braum/Vladimir (FR/NX),1,1,1
Riven/Rumble (BC/NX),Aatrox/Kayn (RU/RU),1,1,1
Riven/Rumble (BC/NX),Darius/Lulu (IO/NX),1,1,1
Braum/Vladimir (FR/NX),Lillia/Yasuo (FR/IO),1,1,1
Darius/Lulu (IO/NX),Maokai/Nautilus (BW/SI),1,1,1
Akshan/Renekton (SH),Akshan/Nasus (SI/SH),1,1,1
Aatrox/Vayne (RU/DE),Kalista/Nasus/Thresh (SI/SH),1,1,1
Janna/Sett/Viktor (IO/PZ),Janna (MT/PZ),1,1,1
Senna/Veigar (BC/SI),Darius/Lulu (IO/NX),1,1,1
Lulu/Taric (IO/MT),Lillia/Yasuo (FR/IO),1,1,1
Akshan/Gwen (SI/SH),Darius/Gwen (NX/SI),1,1,1
Kayle (BW/MT),Braum (BC/FR),1,1,1
Akshan/Sivir (NX/SH),Morgana/Udyr (FR/MT),1,1,1
Galio/Taric (DE/MT),Championless (SI),1,1,1
Kayle (BW/MT),LeBlanc/Riven (FR/NX),1,1,1
Senna (PZ/SI),Gwen/Kayle (MT/SI),1,1,1
Aatrox/Illaoi (RU/BW),Darius/Gnar (FR/NX),1,1,1
Darius/Gnar (FR/NX),Aatrox/Akshan (RU/SH),1,1,1
Aphelios/Lee Sin (IO/MT),Gwen (NX/SI),1,1,1
Aatrox/Kayn (RU/RU),Renekton/Sivir (SH),1,1,1
Kalista/Nasus/Thresh (SI/SH),Braum/Vladimir (FR/NX),1,1,1
Kalista/Nasus/Thresh (SI/SH),Akshan/Lee Sin (IO/SH),1,1,1
Jayce/Lux (DE/PZ),Janna/Sett/Viktor (IO/PZ),1,1,1
Gangplank/LeBlanc (BW/NX),Championless (MT/SI),1,1,1
Ashe/LeBlanc (FR/NX),Neeko (RU/NX),1,1,1
Akshan/Varus (SH/RU),Gnar/Tristana (BC/NX),1,1,1
Gnar/Tristana (BC/NX),Akshan/Lee Sin (IO/SH),1,1,1
Lillia/Yasuo (FR/IO),Akshan/Morgana (DE/SH),1,1,1
Darius/Gwen (NX/SI),Lillia/Yasuo (FR/IO),1,1,1
LeBlanc/Riven (FR/NX),Aatrox/Kayn (RU/RU),1,1,1
Jax/Shen (IO/RU),Nasus/Renekton (SH),1,1,1
Kalista (MT/SI),Jax/Shen (IO/RU),1,1,1
Lillia (FR/IO),Shyvana/Swain (DE/NX),1,1,1
Lee Sin/Viktor (IO/PZ),Braum/Neeko (FR/RU),1,1,1
Riven/Vi (NX/PZ),Darius/Gnar (FR/NX),1,1,1
Jax/Kayn (RU/RU),Maokai/Nautilus (BW/SI),1,1,1
Lillia/Viktor (IO/PZ),Akshan/Nasus (SI/SH),1,1,1
Lillia/Viktor (IO/PZ),Galio/Poppy (DE/FR),1,1,1
Neeko/Renekton (RU/SH),LeBlanc/Riven (FR/NX),1,1,1
Kayle (BW/MT),Garen/Kai'Sa (DE/SH),1,1,1
Neeko/Renekton (RU/SH),Janna/Sett/Viktor (IO/PZ),1,1,1
Kayle/Shyvana (DE/MT),Nasus/Thresh (SI/SH),1,1,1
Gnar/Tristana (BC/NX),Gnar/Sejuani (BC/FR),1,1,1
Championless (MT/SI),Braum/Udyr (FR/MT),1,1,1
Championless (MT/SI),Neeko/Renekton (RU/SH),1,1,1
Gnar/Kayle (FR/MT),Darius/Gnar (FR/NX),1,1,1
Sett (IO/PZ),Kayle/Udyr (FR/MT),1,1,1
Gwen (NX/SI),Galio/Udyr (DE/FR),1,1,1
Braum/Udyr (FR/IO),Janna/Sett (IO/PZ),1,1,1
Championless (MT/NX),Aphelios/Viktor (MT/PZ),1,1,1
Championless (MT/NX),Ashe/LeBlanc (FR/NX),1,1,1
Championless (MT/NX),Jayce/Lux (DE/PZ),1,1,1
Jax/Shen (IO/RU),Galio/Poppy (DE/FR),1,1,1
Aatrox/Illaoi (RU/BW),Sejuani/Swain (FR/NX),1,1,1
Neeko/Renekton (RU/SH),Aphelios/Sett (IO/MT),1,1,1
Braum/Kayle (FR/MT),Kalista (MT/SI),1,1,1
Aphelios/Sett (IO/MT),Braum/Kayle (FR/MT),1,1,1
Caitlyn/Swain (NX/PZ),Neeko (FR/RU),1,1,1
Lillia/Veigar (BC/IO),Aphelios/Sett (IO/MT),1,1,1
Kayle (BW/MT),Kayle/Udyr (FR/MT),1,1,1
Garen/Morgana (DE/IO),Kayle/Lillia (IO/MT),1,1,1
Kayle/Lillia (IO/MT),Aphelios/Lee Sin (IO/MT),1,1,1
Aphelios/Lee Sin (IO/MT),Championless (MT/NX),1,1,1
Lillia/Sett (BC/IO),Kayle/Lillia (IO/MT),1,1,1
Kayle/Lillia (IO/MT),Sett (IO/PZ),1,1,1
Neeko/Renekton (RU/SH),Kalista/Nasus/Thresh (SI/SH),1,1,1
Akshan/Nasus (SI/SH),Neeko/Poppy (BC/RU),1,1,1
Janna/Senna (PZ/SI),Gangplank/Sejuani (BW/FR),1,1,1
Jayce/Lux (DE/PZ),Varus/Vi/Viktor (PZ/RU),1,1,1
Gnar/Sejuani (BC/FR),Garen/Kai'Sa (DE/SH),1,1,1
Aatrox/Morgana/Vayne (RU/DE),Sett (IO/PZ),1,1,1
Aatrox (RU/BW),Sett (IO/PZ),1,1,1
Gwen (NX/SI),Riven/Vi (NX/PZ),1,1,1
Kayle (BW/MT),Senna/Veigar (FR/SI),1,1,1
Galio/Udyr (DE/FR),Neeko/Renekton (RU/SH),1,1,1
Maokai (BW/SI),Kayle/Lillia (IO/MT),1,1,1
LeBlanc (FR/NX),Riven/Vi (NX/PZ),1,1,1
Championless (SI),Garen/Morgana (DE/IO),1,1,1
Akshan/Lillia (IO/SH),Kayle (BW/MT),1,1,1
Caitlyn/Swain (NX/PZ),Renekton/Sivir (SH),1,1,1
Sett (IO/PZ),Aphelios/Sett (IO/MT),1,1,1
Championless (MT/SI),LeBlanc/Riven (FR/NX),1,1,1
LeBlanc/Riven (FR/NX),Kalista/Nasus/Thresh (SI/SH),1,1,1
Akshan/Sivir (NX/SH),Nasus/Renekton (SH),1,1,1
Kayle (BW/MT),Viktor (PZ/SI),1,1,1
Malphite/Yasuo (IO/MT),Sett (IO/PZ),1,1,1
Darius/Gnar (FR/NX),Morgana/Taric (FR/MT),1,1,1
Kayle (BW/MT),Ashe/Morgana (FR/MT),1,1,1
Aphelios/Sett (IO/MT),Braum/Galio (DE/FR),1,1,1
Aatrox (RU/BW),Shyvana (DE/MT),1,1,1
Rumble/Sion (BC/NX),Championless (BC/IO),1,1,1
Morgana/Shyvana (DE/MT),Lux/Morgana/Senna (DE/SI),1,1,1
Lux/Morgana/Senna (DE/SI),Ashe (FR/PZ),1,1,1
Gangplank/Viktor (BW/PZ),Ashe/LeBlanc (FR/NX),1,1,1
Maokai/Viktor (PZ/SI),Aphelios/Sett (IO/MT),1,1,1
Aphelios/Sett (IO/MT),Darius/Gwen (NX/SI),1,1,1
Lee Sin/Viktor (IO/PZ),Aphelios/Sett (IO/MT),1,1,1
Akshan/Varus (SH/RU),Jax/Poppy/Vayne (DE/RU),1,1,1
Sett (IO/PZ),Kalista (NX/SI),1,1,1
Gwen (NX/SI),Kalista (NX/SI),1,1,1
Kayle (BW/MT),Renekton/Sivir (SH),1,1,1
Renekton/Sivir (SH),Gangplank/Sejuani (BW/FR),1,1,1
Aatrox (RU/BW),Janna/Sett/Viktor (IO/PZ),1,1,1
Aphelios/Sett (IO/MT),Galio/Garen (DE/MT),1,1,1
Galio/Garen (DE/MT),Braum/Vladimir (FR/NX),1,1,1
Garen (DE),Darius/Gnar (FR/NX),1,1,1
Braum/Lillia (FR/IO),Garen (DE),1,1,1
Braum/Vladimir (FR/NX),Akshan/Aphelios (MT/SH),1,1,1
Shyvana/Vayne (DE/MT),Kalista (MT/SI),1,1,1
Janna/Sett (IO/PZ),Aphelios/Sett (IO/MT),1,1,1
Braum/Vladimir (FR/NX),Braum/Garen (DE/FR),1,1,1
Kalista/Nasus/Thresh (SI/SH),Kalista (BC/SI),1,1,1
Gwen/Kayle (MT/SI),Kalista/Nasus/Thresh (SI/SH),1,1,1
Jax/Shen (IO/RU),Gwen/LeBlanc (NX/SI),1,1,1
Gwen/LeBlanc (NX/SI),Darius/Gwen (NX/SI),1,1,1
Gwen/Vayne (DE/SI),Aphelios/Lee Sin (IO/MT),1,1,1
Lee Sin/Udyr (FR/IO),Nasus/Renekton (SH),1,1,1
Gangplank/Sejuani/Udyr (BW/FR),Shen/Sivir (IO/SH),1,1,1
Akshan/Lillia (IO/SH),Sett (IO/PZ),1,1,1
Darius/Gnar (FR/NX),Ornn/Sejuani (FR),1,1,1
Gwen (NX/SI),Senna (PZ/SI),1,1,1
Senna/Veigar (BC/SI),Lee Sin/Udyr (FR/IO),1,1,1
Jayce/Lux (DE/PZ),Ashe/Jayce (FR/PZ),1,1,1
Kayle (BW/MT),Aphelios/Sett (IO/MT),1,1,1
Aphelios/Sett (IO/MT),Jax/Shen (IO/RU),1,1,1
Ashe/LeBlanc (FR/NX),Vladimir (MT/NX),1,1,1
Gwen/Vayne (DE/SI),Championless (MT/NX),1,1,1
Nasus/Renekton (SH),Gnar/Viktor (BC/PZ),1,1,1
Aatrox (RU/BW),Gwen/Vayne (DE/SI),1,1,1
Aatrox (RU/BW),Braum/Udyr (FR/MT),1,1,1
Senna/Veigar (BC/SI),Sejuani/Senna (FR/SI),1,1,1
Sejuani/Swain (FR/NX),Jax/Ornn (FR/RU),1,1,1
Lee Sin/Viktor (IO/PZ),Riven/Vi (NX/PZ),1,1,1
Rumble/Sion (BC/NX),Akshan/Sivir (DE/SH),1,1,1
Ashe/Jax (FR/RU),Lee Sin/Viktor (IO/PZ),1,1,1
Akshan/Varus (SH/RU),Vladimir (MT/NX),1,1,1
Gwen/Vayne (DE/SI),Gwen/Kayle (MT/SI),1,1,1
Kai'Sa/Vi (PZ/SH),Akshan/Gwen (SI/SH),1,1,1
Aatrox (RU/BW),Shyvana/Vayne (DE/MT),1,1,1
Ashe (FR/PZ),Janna/Sett/Viktor (IO/PZ),1,1,1
Ashe (FR/PZ),Leona/Lux (DE/MT),1,1,1
LeBlanc/Riven/Sivir (NX/SH),Neeko/Renekton (RU/SH),1,1,1
Akshan/Nasus/Renekton (SH),Aphelios/Sivir (MT/SH),1,1,1
Gwen/LeBlanc (NX/SI),Aphelios/Sivir (MT/SH),1,1,1
Aphelios/Lee Sin (IO/MT),Senna (PZ/SI),1,1,1
Maokai (BW/SI),Gnar (BC/BW),1,1,1
Janna/Senna (PZ/SI),Ashe (FR/SI),1,1,1
Championless (MT/SI),Renekton/Sejuani (FR/SH),1,1,1
Kalista (MT/SI),Neeko/Renekton (RU/SH),1,1,1
Viktor (PZ/SI),Akshan/Lee Sin (IO/SH),1,1,1
Garen (DE/SI),Ashe/LeBlanc (FR/NX),1,1,1
Morgana/Udyr (DE/FR),Veigar (BC/SI),1,1,1
Renekton/Sejuani (FR/SH),Garen (DE/SI),1,1,1
Lillia/Udyr (FR/IO),Gangplank/Sejuani (BW/FR),1,1,1
Lillia (FR/IO),Gnar/Neeko (FR/RU),1,1,1
LeBlanc/Udyr (FR/NX),Renekton/Sivir (SH),1,1,1
Shen/Sivir (IO/SH),Gnar/Sejuani (BC/FR),1,1,1
Lillia (FR/IO),Janna/Sett/Viktor (IO/PZ),1,1,1
Gnar/Sejuani (BC/FR),Championless (BC/IO),1,1,1
Galio/Garen (DE/MT),Kai'Sa/Riven (NX/SH),1,1,1
Nidalee (BC/SH),Kayle/Lillia (IO/MT),1,1,1
Ornn/Vayne (DE/FR),Championless (PZ/SI),1,1,1
Lillia (FR/IO),Nautilus/Senna (BW/SI),1,1,1
Ashe/Caitlyn (FR/PZ),Akshan/Renekton (SH),1,1,1
Maokai/Nautilus (BW/SI),Gwen/Kalista/Nasus (SI/SH),1,1,1
Maokai/Nautilus (BW/SI),Kai'Sa/Vi (PZ/SH),1,1,1
Akshan/Varus (SH/RU),Lillia/Sivir (IO/SH),1,1,1
Janna/Sett (IO/PZ),Varus/Vi/Viktor (PZ/RU),1,1,1
Aatrox/Illaoi (RU/BW),Riven/Rumble (BC/NX),1,1,1
LeBlanc/Sivir (NX/SH),Illaoi/Riven (BW/NX),1,1,1
Illaoi/Riven (BW/NX),Taric/Udyr (FR/MT),1,1,1
Gnar/Nidalee (BC/SH),Kalista/Nasus/Thresh (SI/SH),1,1,1
Gnar/Jack (BC/BW),Maokai/Nautilus (BW/SI),1,1,1
Gangplank/Swain (BW/NX),Galio/Udyr (DE/FR),1,1,1
Gangplank/Swain (BW/NX),Gangplank/Nidalee (BW/SH),1,1,1
Darius/Swain (BW/NX),Ashe/LeBlanc (FR/NX),1,1,1
Gangplank/Sejuani (BW/FR),Swain/Viktor (NX/PZ),1,1,1
Gnar/Nidalee (BC/SH),Akshan/Lee Sin/Nidalee (IO/SH),1,1,1
Akshan/Nasus (SI/SH),LeBlanc (FR/NX),1,1,1
Maokai/Nautilus (BW/SI),Janna/Sett/Viktor (IO/PZ),1,1,1
Taric/Udyr (FR/MT),Gwen/Kalista (NX/SI),1,1,1
Maokai (BW/SI),Taric/Udyr (FR/MT),1,1,1
Championless (SI),Varus/Vi/Viktor (PZ/RU),1,1,1
Ashe (FR/PZ),LeBlanc (FR/NX),1,1,1
Aphelios/Lux (DE/MT),Morgana/Udyr (DE/FR),1,1,1
Kayle/Poppy (BC/MT),Ashe/LeBlanc (FR/NX),1,1,1
Janna (PZ/SI),Aphelios/Lux (DE/MT),1,1,1
Braum/Lillia (FR/IO),Aphelios/Sett (IO/MT),1,1,1
Aphelios/Sett (IO/MT),Kalista (SI),1,1,1
Darius/Lulu (IO/NX),Jayce/Lux (DE/PZ),1,1,1
Akshan/Udyr (FR/SH),Viktor (PZ/SI),1,1,1
Braum/Lillia (FR/IO),LeBlanc/Riven/Sivir (NX/SH),1,1,1
Akshan/Nasus (SI/SH),Neeko/Poppy (DE/RU),1,1,1
Ashe (FR/PZ),Gangplank/Swain (BW/NX),1,1,1
Garen (DE),Janna/Sett/Viktor (IO/PZ),1,1,1
Akshan/Sivir (NX/SH),Janna/Vi (PZ/SI),1,1,1
Udyr/Vayne (DE/FR),Viktor (PZ/SI),1,1,1
Aatrox (RU/BW),Udyr/Vayne (DE/FR),1,1,1
Neeko/Renekton (RU/SH),Udyr/Vayne (DE/FR),1,1,1
Darius/Lulu (IO/NX),Gnar/Swain (BC/NX),1,1,1
Akshan/Varus (SH/RU),Caitlyn/Jayce (PZ/SI),1,1,1
Maokai (BW/SI),Championless (BC/PZ),1,1,1
Akshan/Varus (SH/RU),Akshan/Nidalee (BC/SH),1,1,1
Braum/Kayle (FR/MT),Neeko (FR/RU),1,1,1
Braum/Kayle (FR/MT),Malphite/Sivir (MT/SH),1,1,1
Illaoi/Riven (BW/NX),Nasus/Thresh (SI/SH),1,1,1
Viktor (PZ/SI),Sett (IO/PZ),1,1,1
Braum/Vladimir (FR/NX),Gnar/Swain (BC/NX),1,1,1
Akshan/Nasus (SI/SH),Kalista/Thresh (SI),1,1,1
Braum/Gnar (BC/FR),Lulu/Shen (DE/IO),1,1,1
Darius/Gnar (FR/NX),Janna (IO/PZ),1,1,1
Swain/Vladimir (BW/NX),Akshan/Riven (NX/SH),1,1,1
Swain/Vladimir (BW/NX),Darius/Vayne (DE/NX),1,1,1
Akshan/Lee Sin (IO/SH),Janna/Sett/Viktor (IO/PZ),1,1,1
Lee Sin/Viktor (IO/PZ),Nidalee/Renekton (BC/SH),1,1,1
Nidalee/Renekton (BC/SH),Akshan/Riven (NX/SH),1,1,1
Ashe (FR/PZ),Morgana/Riven (MT/NX),1,1,1
Gnar/Nidalee (BC/SH),Morgana/Riven (MT/NX),1,1,1
Championless (PZ/SI),Ashe/Jax (FR/RU),1,1,1
Darius/Vayne (DE/NX),Viktor (PZ/SI),1,1,1
Ashe (FR/PZ),Darius/Vayne (DE/NX),1,1,1
Braum/Kayle (FR/MT),Galio/Garen (DE/MT),1,1,1
Gnar (BC/BW),Galio/Garen (DE/MT),1,1,1
Aphelios/Lux (DE/MT),Darius/Gnar (FR/NX),1,1,1
Janna/Sett (IO/PZ),Gnar/Swain (BC/NX),1,1,1
Braum/Lillia (FR/IO),Championless (IO/SI),1,1,1
Braum/Vladimir (FR/NX),Gnar/Kayle (FR/MT),1,1,1
Aatrox/Kayn (RU/RU),Aatrox/Illaoi (RU/BW),1,1,1
Aphelios/Viktor (MT/PZ),Kayle/Leona (MT/NX),1,1,1
Aatrox/Morgana/Vayne (RU/DE),Lillia/Riven (IO/NX),1,1,1
Akshan/Lee Sin (IO/SH),Aphelios/Lux (DE/MT),1,1,1
Aatrox/Morgana (RU/DE),Jax/Ornn (FR/RU),1,1,1
Kalista (BC/SI),Aatrox/Illaoi (RU/BW),1,1,1
Maokai/Nautilus (BW/SI),Aatrox/Illaoi (RU/BW),1,1,1
Aatrox/Illaoi (RU/BW),LeBlanc/Rumble (IO/NX),1,1,1
Aphelios/Lee Sin (IO/MT),Viktor (PZ/SI),1,1,1
Aphelios/Lee Sin (IO/MT),Aatrox/Morgana (RU/DE),1,1,1
Illaoi/Riven (BW/NX),Braum/Vladimir (FR/NX),1,1,1
Illaoi/Riven (BW/NX),Kayle (BW/MT),1,1,1
Lillia/Riven (IO/NX),Lee Sin/Viktor (IO/PZ),1,1,1
Aphelios/Morgana/Udyr (FR/MT),Gwen/Vayne (DE/SI),1,1,1
Akshan/Nasus (SI/SH),Galio/Morgana/Udyr (DE/FR),1,1,1
Akshan/Sivir (NX/SH),Gangplank/Sejuani (BW/FR),1,1,1
Kayle (BW/MT),Nidalee/Renekton (BC/SH),1,1,1
Akshan/Riven (NX/SH),Viktor (BC/PZ),1,1,1
Championless (SI),Viktor (PZ/SI),1,1,1
Neeko/Poppy (DE/RU),Darius (NX/PZ),1,1,1
Galio/Morgana/Udyr (DE/FR),Gnar/Swain (BC/NX),1,1,1
Darius (FR/NX),Malphite/Yasuo (IO/MT),1,1,1
Ashe/LeBlanc (FR/NX),Viktor (BC/PZ),1,1,1
Braum/Gnar/Morgana (DE/FR),Morgana/Shyvana (DE/MT),1,1,1
Rumble/Sion (BC/NX),Shyvana (DE/FR),1,1,1
Rumble/Sion (BC/NX),Ashe/Sivir (FR/SH),1,1,1
Akshan/Jack (BW/SH),Aatrox/Morgana (RU/DE),1,1,1
Swain/Vladimir (BW/NX),Gnar/Nidalee (BC/SH),1,1,1
Neeko/Poppy (BC/RU),Gnar/Nidalee (BC/SH),1,1,1
Nidalee (BC/SH),Janna (IO/PZ),1,1,1
Sett (IO/PZ),Aphelios/Morgana/Udyr (FR/MT),1,1,1
Ashe/Tahm Kench (BW/FR),Aphelios/Morgana/Udyr (FR/MT),1,1,1
Aphelios/Morgana/Udyr (FR/MT),Kayle/Leona (MT/NX),1,1,1
Garen (DE/SI),Aphelios/Sett (IO/MT),1,1,1
Championless (PZ/SI),Aphelios/Sett (IO/MT),1,1,1
Aphelios/Sett (IO/MT),LeBlanc/Sivir (NX/SH),1,1,1
Aphelios/Sett (IO/MT),Aatrox/Kayn (RU/RU),1,1,1
Aphelios/Sett (IO/MT),Galio/Udyr (DE/FR),1,1,1
Garen (DE/SI),Janna/Sett/Viktor (IO/PZ),1,1,1
Championless (PZ/SI),Janna/Sett/Viktor (IO/PZ),1,1,1
Braum/Lillia (FR/IO),Janna/Sett/Viktor (IO/PZ),1,1,1
Rumble/Sion (BC/NX),Kalista/Senna (BW/SI),1,1,1
Rumble/Sion (BC/NX),Garen (DE/SI),1,1,1
Garen (DE/SI),Championless (PZ/SI),1,1,1
Lillia/Sett (BC/IO),Poppy/Taric (DE/MT),1,1,1
Shen/Sivir (IO/SH),Aatrox (RU/BW),1,1,1
Aatrox (RU/BW),Taric/Udyr (FR/MT),1,1,1
Akshan/Udyr (FR/SH),Aatrox (RU/BW),1,1,1
Braum/Gnar/Morgana (DE/FR),Akshan/Varus (SH/RU),1,1,1
Kalista/Senna (BW/SI),Jax/Ornn (FR/RU),1,1,1
Jayce/Lux (DE/PZ),Aphelios/Janna (MT/PZ),1,1,1
LeBlanc/Sivir (NX/SH),Aatrox/Morgana (RU/DE),1,1,1
Galio/Morgana (DE/MT),Ashe/Tahm Kench (BW/FR),1,1,1
Rumble/Sion (BC/NX),Braum/Vi (FR/PZ),1,1,1
Gwen/Vayne (DE/SI),Braum/Vi (FR/PZ),1,1,1
Neeko/Poppy (BC/RU),Sett (IO/PZ),1,1,1
Darius/Gwen (NX/SI),Nidalee (BC/SH),1,1,1
Poppy/Tristana (BC/NX),Nidalee (BC/SH),1,1,1
Garen (DE),Championless (PZ/SI),1,1,1
Aatrox/Morgana (RU/DE),Gnar/Neeko (FR/RU),1,1,1
Udyr/Viktor (FR/PZ),Galio/Garen (DE/MT),1,1,1
Gnar (BC/BW),Aatrox (RU/BW),1,1,1
Caitlyn/Swain (NX/PZ),Neeko/Poppy (BC/RU),1,1,1
Gwen/Nasus (SI/SH),Lee Sin/Viktor (IO/PZ),1,1,1
Rumble/Sion (BC/NX),Lee Sin/Lillia (FR/IO),1,1,1
Gnar/Neeko (FR/RU),Viktor (PZ/SI),1,1,1
Braum/Kayle (FR/MT),Lillia/Udyr (FR/IO),1,1,1
Kalista (SI),Braum/Vi (FR/PZ),1,1,1
Ryze (RU/SI),Championless (BC/IO),1,1,1
Braum/Vladimir (FR/NX),Varus/Vi/Viktor (PZ/RU),1,1,1
Kalista (BC/SI),Senna/Veigar (BC/SI),1,1,1
Senna/Veigar (BC/SI),Kalista/Senna (BW/SI),1,1,1
Riven/Viktor (NX/PZ),Kai'Sa/Sivir (DE/SH),1,1,1
Varus/Vi/Viktor (PZ/RU),Riven/Viktor (NX/PZ),1,1,1
Jax/Ornn (FR/RU),Varus/Vi/Viktor (PZ/RU),1,1,1
Darius/Gnar (FR/NX),Varus/Vi/Viktor (PZ/RU),1,1,1
Akshan/Renekton (SH),Garen (DE/FR),1,1,1
Lee Sin/Viktor (IO/PZ),Ashe/Janna (FR/PZ),1,1,1
Ashe (FR/PZ),Kai'Sa/Sivir (DE/SH),1,1,1
Darius/Gnar (FR/NX),Championless (FR/SI),1,1,1
Championless (FR/SI),LeBlanc/Udyr (FR/NX),1,1,1
Ryze (RU/SI),Senna/Veigar (BC/SI),1,1,1
Sett (IO/PZ),Ryze (RU/SI),1,1,1
Gangplank/Sejuani (BW/FR),Ryze (RU/SI),1,1,1
Ryze (RU/SI),Galio/Poppy (DE/FR),1,1,1
Braum/Vladimir (FR/NX),Akshan/Nasus (SH),1,1,1
Poppy/Tristana (BC/DE),Darius/Gnar (FR/NX),1,1,1
Darius/Gnar (FR/NX),Kalista/Senna (BC/SI),1,1,1
Akshan/Sivir/Udyr (FR/SH),Rumble/Sion (BC/NX),1,1,1
Rumble/Sion (BC/NX),Gwen/Nasus (SI/SH),1,1,1
Sett (IO/PZ),Janna/Lillia (IO/PZ),1,1,1
Lulu/Taric (IO/MT),Lillia/Malphite (IO/MT),1,1,1
Gwen/Vayne (DE/SI),Gwen (NX/SI),1,1,1
Gnar/Neeko (FR/RU),Ryze (RU/SI),1,1,1
Ryze (RU/SI),Aphelios (BC/MT),1,1,1
Renekton/Sivir (SH),Ryze (RU/SI),1,1,1
Akshan/Udyr (FR/SH),Lee Sin/Sett (IO/PZ),1,1,1
Maokai/Nautilus (BW/SI),Garen/Kai'Sa (DE/SH),1,1,1
Ashe (FR/PZ),Garen/Kai'Sa (DE/SH),1,1,1
Championless (SI),Kai'Sa/Vi (PZ/SH),1,1,1
Ashe (FR/PZ),Ryze (RU/SI),1,1,1
Braum/Vladimir (FR/NX),Braum/Vi (FR/PZ),1,1,1
Ryze (RU/SI),Galio/Morgana (DE/MT),1,1,1
Galio/Morgana (DE/MT),Kalista (SI),1,1,1
Ryze (RU/SI),Kalista/Senna (BW/SI),1,1,1
Ryze (RU/SI),Sejuani/Swain (FR/NX),1,1,1
Ryze (RU/SI),Braum/Kayle (FR/MT),1,1,1
Braum/Gnar/Morgana (DE/FR),Ryze (RU/SI),1,1,1
Ryze (RU/SI),Akshan/Nasus/Renekton (SH),1,1,1
Gnar/Renekton (FR/SH),Gnar/Neeko (FR/RU),1,1,1
Akshan/Varus (SH/RU),Garen/Kai'Sa (DE/SH),1,1,1
Riven/Viktor (NX/PZ),Illaoi/Riven (BW/NX),1,1,1
Illaoi/Riven (BW/NX),Aphelios/Viktor (MT/PZ),1,1,1
Garen/Kai'Sa (DE/SH),Akshan/Nasus (SI/SH),1,1,1
Sivir (SI/SH),Akshan/Nasus (SI/SH),1,1,1
Garen/Kai'Sa (DE/SH),Kai'Sa/Viktor (PZ/SH),1,1,1
Gnar/Nidalee (BC/SH),Ashe/Gwen (FR/SI),1,1,1
Riven/Viktor (NX/PZ),Aphelios/Lee Sin (IO/MT),1,1,1
Jack/Jayce (BW/PZ),Taric/Udyr (FR/MT),1,1,1
Jack/Jayce (BW/PZ),Senna/Veigar (BC/SI),1,1,1
Championless (PZ/SI),Shyvana/Taric (DE/MT),1,1,1
Illaoi/Riven (BW/NX),Ashe (FR/PZ),1,1,1
Ashe (FR/PZ),Aphelios/Kayle (IO/MT),1,1,1
Galio/Garen (DE/MT),Swain/Vladimir (BW/NX),1,1,1
Kayle (BW/MT),Gwen/Nasus (SI/SH),1,1,1
Swain/Vladimir (BW/NX),Galio/Udyr (DE/FR),1,1,1
Lee Sin/Nidalee (IO/SH),Ashe/LeBlanc (FR/NX),1,1,1
Gwen/Vi (PZ/SI),Taric/Udyr (FR/MT),1,1,1
Championless (MT/SI),Taric/Udyr (FR/MT),1,1,1
Akshan/Lee Sin (IO/SH),Akshan/Kai'Sa (DE/SH),1,1,1
Championless (MT/SI),Jack/Jayce (BW/PZ),1,1,1
Nasus/Thresh (SI/SH),Janna/Vi (FR/PZ),1,1,1
Maokai (BW/SI),Aatrox/Morgana/Vayne (RU/DE),1,1,1
Illaoi/Swain (BW/NX),Championless (BC/IO),1,1,1
Lillia (FR/IO),Swain (FR/NX),1,1,1
Lee Sin/Nidalee (IO/SH),Championless (MT/SI),1,1,1
Nasus/Thresh (SI/SH),Lee Sin/Nidalee (IO/SH),1,1,1
Udyr/Vayne (DE/FR),Kalista (SI),1,1,1
LeBlanc/Sivir (NX/SH),Gnar/Sejuani (BC/FR),1,1,1
Neeko (FR/RU),Championless (BW/FR),1,1,1
Lee Sin/Nidalee (IO/SH),Braum/Vladimir (FR/NX),1,1,1
Aatrox/Illaoi (RU/BW),Nasus (SI/SH),1,1,1
Aatrox/Illaoi (RU/BW),Lillia/Viktor (IO/PZ),1,1,1
Garen (DE/SI),Braum/Lillia (FR/IO),1,1,1
Galio/Morgana (DE/MT),Jax/Rumble (RU/NX),1,1,1
Janna/Sett (IO/PZ),Garen (DE/SI),1,1,1
Jax/Rumble (RU/NX),Akshan/Senna (SI/SH),1,1,1
Illaoi/Swain (BW/NX),Jax/Rumble (RU/NX),1,1,1
Illaoi/Riven (BW/NX),Rumble/Sion (BC/NX),1,1,1
Morgana/Udyr (DE/FR),Illaoi/Riven (BW/NX),1,1,1
Akshan/Lee Sin (IO/SH),Neeko/Veigar (BC/RU),1,1,1
Aphelios/Morgana/Udyr (FR/MT),Jayce/Lux (DE/PZ),1,1,1
Akshan/Senna (SI/SH),Nasus/Renekton (SH),1,1,1
Jayce/Lux (DE/PZ),Akshan/Senna (SI/SH),1,1,1
Akshan/Senna (SI/SH),Gangplank/Sejuani (BW/FR),1,1,1
Akshan/Senna (SI/SH),Kayle (BW/MT),1,1,1
Akshan/Senna (SI/SH),Galio/Udyr (DE/FR),1,1,1
Gwen/Vayne (DE/SI),Jax/Rumble (RU/NX),1,1,1
Jayce/Lux (DE/PZ),Jax/Rumble (RU/NX),1,1,1
Kalista/Thresh (SI),Jax/Rumble (RU/NX),1,1,1
Jax/Rumble (RU/NX),Nasus/Thresh (SI/SH),1,1,1
Garen (DE/SI),Morgana/Udyr (DE/FR),1,1,1
Akshan/Varus (SH/RU),Nidalee/Renekton (BC/SH),1,1,1
Gangplank/Sejuani (BW/FR),Championless (BC/IO),1,1,1
Rumble/Sion (BC/NX),Sivir (SI/SH),1,1,1
Ashe/Thresh (FR/SI),Kalista/Thresh (SI),1,1,1
Sejuani/Swain (FR/NX),Gangplank/Sejuani (BW/FR),1,1,1
Nasus/Renekton (SH),Riven/Rumble (BC/NX),1,1,1
Lee Sin/Viktor (IO/PZ),Garen (DE/SI),1,1,1
Championless (SI),Garen (DE/SI),1,1,1
Kai'Sa/Viktor (PZ/SH),Gwen/Vayne (DE/SI),1,1,1
Gwen/Vayne (DE/SI),Garen (DE/SI),1,1,1
Akshan/Varus (SH/RU),Jack/Udyr (BW/FR),1,1,1
Akshan/Lee Sin (IO/SH),Galio/Lux (DE/PZ),1,1,1
Morgana/Udyr (DE/FR),Jack/Udyr (BW/FR),1,1,1
Morgana/Udyr (DE/FR),Garen/Neeko (DE/RU),1,1,1
Ornn/Vayne (DE/FR),Akshan/Sivir (NX/SH),1,1,1
Akshan/Nasus (SI/SH),Ashe (FR/SI),1,1,1
Janna/Sett (IO/PZ),Swain (BW/NX),1,1,1
Swain/Vladimir (BW/NX),Kayle (BW/MT),1,1,1
Aphelios/Lee Sin (IO/MT),Championless (PZ/SI),1,1,1
Riven/Vi (NX/PZ),Championless (FR/SI),1,1,1
Championless (FR/SI),Braum/Kayle (FR/MT),1,1,1
Gnar/Neeko (FR/RU),Gnar/Tristana (BC/NX),1,1,1
Janna (PZ/SI),Gnar/Neeko (FR/RU),1,1,1
Illaoi/Swain (BW/NX),Braum/Kayle (FR/MT),1,1,1
Ryze (IO/RU),Illaoi/Lulu (BW/IO),1,1,1
Ashe/Caitlyn (FR/PZ),Illaoi/Lulu (BW/IO),1,1,1
Garen (DE/SI),Shen/Sivir (IO/SH),1,1,1
Jax/Rumble (RU/NX),Rumble/Sion (BC/NX),1,1,1
Braum/Lillia (FR/IO),Jax/Rumble (RU/NX),1,1,1
Ashe (FR/PZ),Jax/Rumble (RU/NX),1,1,1
Ashe/Caitlyn (FR/PZ),Kalista/Nasus/Thresh (SI/SH),1,1,1
Swain (BW/NX),Lillia/Sett (BC/IO),1,1,1
Rumble/Sion (BC/NX),Ashe/Braum (FR/PZ),1,1,1
Kayle/Leona (MT/NX),Rumble/Sion (BC/NX),1,1,1
Garen/Poppy (DE/MT),Kayle (BW/MT),1,1,1
Braum/Lillia (FR/IO),Caitlyn (BC/PZ),1,1,1
Akshan/Udyr (FR/SH),Janna (PZ/SI),1,1,1
Gnar/Neeko (FR/RU),Jax/Tristana (BC/RU),1,1,1
Ashe (FR/SI),Morgana/Udyr (DE/FR),1,1,1
Lee Sin/Viktor (IO/PZ),Viktor (BC/PZ),1,1,1
Janna (PZ/SI),Aphelios/Lee Sin (IO/MT),1,1,1
Ryze (IO/RU),Senna (PZ/SI),1,1,1
Janna (PZ/SI),Leona (DE/MT),1,1,1
Kayle/Leona (MT/NX),Garen (DE/SI),1,1,1
Garen (DE/SI),Ryze (IO/RU),1,1,1
Garen (DE/SI),Nasus/Renekton (SH),1,1,1
Kayle/Leona (MT/NX),Gwen/Vayne (DE/SI),1,1,1
Illaoi/Lulu (BW/IO),Shen/Sivir (IO/SH),1,1,1
Lee Sin/Viktor (IO/PZ),Sett/Shen (IO/PZ),1,1,1
Championless (PZ/SI),Gwen/Vi (PZ/SI),1,1,1
Illaoi/Lulu (BW/IO),Nidalee (BC/SH),1,1,1
Illaoi/Lulu (BW/IO),Jayce/Lux (DE/PZ),1,1,1
Illaoi/Lulu (BW/IO),Gangplank/Nidalee (BW/SH),1,1,1
Illaoi/Lulu (BW/IO),Lillia (FR/IO),1,1,1
Lee Sin/Viktor (IO/PZ),Illaoi/Lulu (BW/IO),1,1,1
Akshan/Varus (SH/RU),Leona/Sivir (MT/SH),1,1,1
Sett (IO/PZ),Gwen/Nasus (SI/SH),1,1,1
Janna/Sett (IO/PZ),Galio/Poppy (DE/FR),1,1,1
Lee Sin/Viktor (IO/PZ),Lillia/Malphite (IO/MT),1,1,1
Ryze (IO/RU),Aphelios/Morgana/Udyr (FR/MT),1,1,1
Aphelios/Morgana/Udyr (FR/MT),Lillia/Malphite (IO/MT),1,1,1
Taric/Udyr (FR/MT),Sett (IO/PZ),1,1,1
Sett/Shen (IO/PZ),Rumble/Sion (BC/NX),1,1,1
Gangplank/Nidalee (BW/SH),Jayce/Sett (IO/PZ),1,1,1
Jayce/Sett (IO/PZ),Janna (PZ/SI),1,1,1
Gwen/Vi (PZ/SI),Rumble/Sion (BC/NX),1,1,1
Aatrox (RU/BW),Championless (PZ/SI),1,1,1
Galio/Udyr (DE/FR),Galio/Garen (DE/MT),1,1,1
Maokai/Nautilus (BW/SI),Championless (BW/FR),1,1,1
Braum/Gnar/Morgana (DE/FR),Morgana/Udyr (DE/FR),1,1,1
Taric/Udyr (FR/MT),Ashe/LeBlanc (FR/NX),1,1,1
Taric/Udyr (FR/MT),Neeko/Poppy (DE/RU),1,1,1
Janna (PZ/SI),Gwen/Vayne (DE/SI),1,1,1
Kayle/Leona (MT/NX),Riven/Taric (MT/NX),1,1,1
Maokai/Nautilus (BW/SI),Braum/Gnar/Morgana (DE/FR),1,1,1
Darius/Gwen (NX/SI),Swain/Vladimir (BW/NX),1,1,1
Braum/Morgana (FR/MT),Kalista (MT/SI),1,1,1
Sett (IO/PZ),Gnar/Sejuani (BC/FR),1,1,1
Aphelios/Taric (FR/MT),Garen (DE/SH),1,1,1
Gwen/Vi (PZ/SI),Lulu/Taric (IO/MT),1,1,1
Lee Sin/Viktor (IO/PZ),Lillia/Veigar (BC/IO),1,1,1
Braum/Gnar/Riven (FR/NX),Championless (SI),1,1,1
Aphelios/Viktor (MT/PZ),Riven/Rumble (BC/NX),1,1,1
Gnar/Sejuani (BC/FR),Janna/Sett/Viktor (IO/PZ),1,1,1
Akshan/Lee Sin (IO/SH),Galio/Morgana (BC/DE),1,1,1
Galio/Morgana (DE/MT),Championless (PZ/SI),1,1,1
Kayle/Lillia (IO/MT),Akshan/Lee Sin (IO/SH),1,1,1
Renekton/Sejuani (FR/SH),Aphelios/Viktor (MT/PZ),1,1,1
Championless (SI),Lillia/Veigar (BC/IO),1,1,1
Braum/Gnar/Morgana (DE/FR),Nidalee (BC/SH),1,1,1
Lillia (FR/IO),Illaoi/Swain (BW/NX),1,1,1
Kayle (BW/MT),Aatrox/Nidalee (RU/SH),1,1,1
Ashe (FR/PZ),Ashe/Braum (FR/PZ),1,1,1
Akshan/Udyr (FR/SH),Caitlyn/Janna (FR/PZ),1,1,1
Udyr/Vayne (DE/FR),Darius (FR/NX),1,1,1
Darius (FR/NX),Riven/Viktor (NX/PZ),1,1,1
Championless (DE/SI),Poppy/Taric (DE/MT),1,1,1
Kayle (BW/MT),Kalista (MT/SI),1,1,1
Akshan/Jack (BW/SH),Janna/Sett (IO/PZ),1,1,1
Janna (PZ/SI),Janna/Vi (FR/PZ),1,1,1
Gangplank/Sejuani (BW/FR),Kayle/Taric (DE/MT),1,1,1
Gangplank/Sejuani (BW/FR),Aphelios/Janna (MT/PZ),1,1,1
Kayle (BW/MT),Illaoi/Lulu (BW/IO),1,1,1
Garen/Neeko (DE/RU),Yasuo (IO/NX),1,1,1
Braum/Gnar/Riven (FR/NX),Lee Sin/Viktor (IO/PZ),1,1,1
Shyvana (DE/MT),Championless (PZ/SI),1,1,1
Janna/Tristana (BC/PZ),Kayle (BW/MT),1,1,1
Riven/Viktor (NX/PZ),Yasuo (IO/NX),1,1,1
Riven/Viktor (NX/PZ),Galio/Poppy (DE/FR),1,1,1
Rumble/Sion (BC/NX),Braum/Kayle (FR/MT),1,1,1
Braum/Kayle (FR/MT),Braum/Udyr (FR/MT),1,1,1
Leona/Yasuo (IO/MT),Garen (DE/SI),1,1,1
Nasus/Renekton (SH),Kalista (NX/SI),1,1,1
Aphelios/Janna (MT/PZ),Aatrox (RU/BW),1,1,1
Rumble/Sion (BC/NX),Aphelios/Janna (MT/PZ),1,1,1
Aphelios/Janna (MT/PZ),Nidalee/Renekton (DE/SH),1,1,1
Aphelios/Janna (MT/PZ),Kayle (BW/MT),1,1,1
Aphelios/Janna (MT/PZ),Darius/Gnar (FR/NX),1,1,1
Braum/Vladimir (FR/NX),Aphelios/Janna (MT/PZ),1,1,1
Nasus/Renekton (SH),Taric/Udyr (FR/MT),1,1,1
Championless (BC/SI),Senna (PZ/SI),1,1,1
Lulu/Poppy (BC/BW),Senna (PZ/SI),1,1,1
Kalista (MT/SI),Janna/Sett/Viktor (IO/PZ),1,1,1
Gwen/Vayne (DE/SI),Poppy/Tristana (BC/NX),1,1,1
Championless (MT/SI),Championless (BC/SI),1,1,1
Leona/Sivir (MT/SH),Championless (SI),1,1,1
Lee Sin/Viktor (IO/PZ),Kayle/Morgana (FR/MT),1,1,1
Lee Sin/Viktor (IO/PZ),Akshan/Udyr (FR/SH),1,1,1
Janna (PZ/SI),Gwen/LeBlanc (NX/SI),1,1,1
Akshan/Lee Sin/Renekton (IO/SH),Udyr/Vayne (DE/FR),1,1,1
Ashe/LeBlanc (FR/NX),Darius/Gwen/Kalista (NX/SI),1,1,1
Ashe (FR/PZ),Gnar/Renekton (FR/SH),1,1,1
Caitlyn/Vi (FR/PZ),Ashe/Udyr (FR/PZ),1,1,1
Kalista (MT/SI),Sejuani/Udyr (DE/FR),1,1,1
Kalista (FR/SI),Ashe (FR/PZ),1,1,1
Championless (DE/SI),Lulu/Poppy (BC/BW),1,1,1
Kalista (MT/SI),Sejuani/Swain (FR/NX),1,1,1
Darius/Yasuo (IO/NX),Akshan/Sivir (DE/SH),1,1,1
Shen/Sivir (IO/SH),Kalista (MT/SI),1,1,1
Gnar/Sejuani (BC/FR),Lulu/Poppy (BC/BW),1,1,1
Kayle/Morgana (FR/MT),Akshan/Varus (SH/RU),1,1,1
Gwen/Vayne (DE/SI),Lulu/Poppy (BC/BW),1,1,1
Gwen/Vayne (DE/SI),Akshan/Udyr (FR/SH),1,1,1
Gwen/Vayne (DE/SI),Ryze (IO/RU),1,1,1
Rumble/Sion (NX/SH),Janna (PZ/SI),1,1,1
Garen/Vayne (DE/SI),Janna (PZ/SI),1,1,1
Ashe (FR/SI),Janna (PZ/SI),1,1,1
Caitlyn/Vi (FR/PZ),Jayce/Lux (DE/PZ),1,1,1
Ryze (RU/SI),Poppy/Riven (BC/NX),1,1,1
Akshan/Varus (SH/RU),Ryze (RU/SI),1,1,1
Garen/Vayne (DE/PZ),Aphelios/Jack (BW/MT),1,1,1
Maokai (BW/SI),Aphelios/Jack (BW/MT),1,1,1
Ashe/Caitlyn (FR/PZ),Poppy/Riven (BC/NX),1,1,1
Akshan/Sivir (DE/SH),Lee Sin/Viktor (IO/PZ),1,1,1
Lulu/Poppy (BC/BW),Sett (IO/PZ),1,1,1
Lillia/Malphite (IO/MT),Janna (PZ/SI),1,1,1
Senna/Veigar (BC/SI),Nidalee/Varus (SH/RU),1,1,1
Illaoi/Swain (BW/NX),Ashe/Varus (FR/RU),1,1,1
Caitlyn/Vi (FR/PZ),Senna/Veigar (BC/SI),1,1,1
Jax/Ornn (FR/RU),Caitlyn/Vi (FR/PZ),1,1,1
Ashe/Tahm Kench (BW/FR),Caitlyn/Vi (FR/PZ),1,1,1
Ryze (IO/RU),Tahm Kench/Udyr (BW/FR),1,1,1
Braum/Lillia (FR/IO),Shyvana (DE/SI),1,1,1
Udyr/Vi (FR/PZ),Senna/Veigar (BC/SI),1,1,1
Ashe/Caitlyn (FR/PZ),Neeko/Poppy (BC/RU),1,1,1
Garen/Vayne (DE/PZ),Ryze (IO/RU),1,1,1
Garen/Poppy (DE),Akshan/Varus (SH/RU),1,1,1
Illaoi/Swain (BW/NX),Gangplank/Sejuani (BW/FR),1,1,1
Akshan/Varus (SH/RU),Gwen/Nasus (SI/SH),1,1,1
Gnar/Sejuani (BC/FR),Illaoi/Swain (BW/NX),1,1,1
Illaoi/Swain (BW/NX),Kalista/Thresh (SI),1,1,1
Nidalee (BC/SH),Akshan/Kai'Sa (DE/SH),1,1,1
Jax/Ornn (FR/RU),Ryze (IO/RU),1,1,1
Gangplank/Nidalee (BW/SH),Ryze (IO/RU),1,1,1
Ryze (IO/RU),Janna/Senna (PZ/SI),1,1,1
Ryze (IO/RU),Kalista/Thresh (SI),1,1,1
LeBlanc/Udyr (FR/NX),Nidalee (BC/SH),1,1,1
Nasus/Thresh (SI/SH),Akshan/Shyvana (DE/SH),1,1,1
Championless (SI),Neeko/Veigar (BC/RU),1,1,1
Braum/Kayle (FR/MT),Akshan/Senna (SI/SH),1,1,1
Akshan/Shyvana (DE/SH),LeBlanc/Udyr (FR/NX),1,1,1
LeBlanc/Udyr (FR/NX),Gwen/Nasus (SI/SH),1,1,1
Kalista (MT/SI),Lillia (IO/MT),1,1,1
Gwen/Nasus (SI/SH),Caitlyn/Swain (NX/PZ),1,1,1
Gwen/Nasus (SI/SH),Darius/Gnar (FR/NX),1,1,1
Akshan/Varus (SH/RU),Janna/Viktor (MT/PZ),1,1,1
Tahm Kench/Udyr (BW/FR),Aphelios/Viktor (MT/PZ),1,1,1
Championless (PZ/SI),Lillia (IO/MT),1,1,1
Akshan/Jack (BW/SH),Akshan/Nasus (SI/SH),1,1,1
Aatrox/Kayn (RU/RU),Caitlyn (PZ/SI),1,1,1
Jax/Ornn (FR/RU),Poppy/Tristana (BC/NX),1,1,1
Swain/Vladimir (BW/NX),Jax/Ornn (FR/RU),1,1,1
Maokai (BW/SI),Riven/Viktor (NX/PZ),1,1,1
Maokai (BW/SI),Poppy/Tristana (BC/BW),1,1,1
Ryze (IO/RU),Darius/Gwen (NX/SI),1,1,1
Braum/Gnar (BC/FR),Swain/Yasuo (IO/NX),1,1,1
Braum/Gnar (BC/FR),Braum/Lillia (FR/IO),1,1,1
Braum/Gnar (BC/FR),Swain/Vladimir (BW/NX),1,1,1
Braum/Gnar (BC/FR),Braum/Vladimir (FR/NX),1,1,1
Illaoi/Lulu (BW/IO),Nasus/Renekton (SH),1,1,1
Akshan/Taric (MT/SH),Braum/Lillia (FR/IO),1,1,1
Janna/Sett (IO/PZ),Aphelios/Taric (FR/MT),1,1,1
Leona/Sivir (MT/SH),Janna/Sett (IO/PZ),1,1,1
Gwen/Nasus (SI/SH),Senna/Veigar (BC/SI),1,1,1
Janna/Sett (IO/PZ),Janna/Sett/Viktor (IO/PZ),1,1,1
Lillia (BW/IO),Akshan/Lee Sin (IO/SH),1,1,1
Gwen/Kalista (NX/SI),Caitlyn/Swain (NX/PZ),1,1,1
Akshan/Lee Sin (IO/SH),Janna/Viktor (IO/PZ),1,1,1
Championless (SI),Gnar/Sett (BC/IO),1,1,1
Malphite/Yasuo (IO/MT),Akshan/Jack (BW/SH),1,1,1
Senna (PZ/SI),Swain/Vladimir (BW/NX),1,1,1
Riven/Vi (NX/PZ),Braum/Vladimir (FR/NX),1,1,1
Riven/Vi (NX/PZ),Caitlyn/Viktor (BC/PZ),1,1,1
Riven/Vi (NX/PZ),Caitlyn/Swain (NX/PZ),1,1,1
Riven/Vi (NX/PZ),Ashe/Lillia (FR/IO),1,1,1
Akshan/Udyr (FR/SH),Braum/Kayle (FR/MT),1,1,1
Jayce/Lux (DE/PZ),Taric/Udyr (FR/MT),1,1,1
Garen/Vayne (DE/PZ),Kalista (MT/SI),1,1,1
Janna (PZ/SI),Ashe/Braum (FR/PZ),1,1,1
Janna (PZ/SI),Ashe/Lillia (FR/IO),1,1,1
Caitlyn/Viktor (BC/PZ),Janna (PZ/SI),1,1,1
Braum/Vladimir (FR/NX),Caitlyn/Janna (FR/PZ),1,1,1
Caitlyn/Viktor (BC/PZ),Ashe/LeBlanc (FR/NX),1,1,1
Caitlyn/Viktor (FR/PZ),Kayle (BW/MT),1,1,1
Akshan/Nasus (SI/SH),Gangplank/Nidalee (BW/SH),1,1,1
Swain/Yasuo (IO/NX),Galio/Lux (DE/PZ),1,1,1
Maokai (BW/SI),Garen/Poppy (DE/FR),1,1,1
Championless (MT/SI),Maokai (BW/SI),1,1,1
Maokai (BW/SI),Kayle/Riven (MT/NX),1,1,1
Gangplank/Sejuani (BW/FR),Kalista/Senna (BW/SI),1,1,1
Riven/Taric (MT/NX),Gangplank/Sejuani (BW/FR),1,1,1
Akshan/Senna (SI/SH),Riven/Sivir (NX/SH),1,1,1
Akshan/Senna (SI/SH),Kayn/Vayne (DE/RU),1,1,1
Akshan/Senna (SI/SH),Akshan/Udyr (FR/SH),1,1,1
Ashe (FR/PZ),Gangplank/Gnar (BC/BW),1,1,1
Gnar/Nidalee (BC/SH),Gangplank/Sejuani (BW/FR),1,1,1
Akshan/Udyr (FR/SH),Lillia (FR/IO),1,1,1
Lillia (FR/IO),Kayle/Lillia (IO/MT),1,1,1
Aatrox/Illaoi (RU/BW),Kalista (SI),1,1,1
Akshan/Varus (SH/RU),Garen/Vayne (DE/PZ),1,1,1
Kalista (MT/SI),Swain/Yasuo (IO/NX),1,1,1
Taric/Udyr (FR/MT),Braum/Vladimir (FR/NX),1,1,1
Darius/Gnar (FR/NX),Kayn/Vayne (DE/RU),1,1,1
Gwen/LeBlanc (NX/SI),Rumble/Viktor (BC/PZ),1,1,1
Rumble/Viktor (BC/PZ),Maokai/Nautilus (BW/SI),1,1,1
Jax/Ornn (FR/RU),Leona/Sivir (MT/SH),1,1,1
Jayce/Lux (DE/PZ),Riven/Sivir (NX/SH),1,1,1
Riven/Sivir (NX/SH),Jax/Ornn (FR/RU),1,1,1
Riven/Sivir (NX/SH),Darius/Gwen/Kalista (NX/SI),1,1,1
Ashe (FR/PZ),Jax/Tristana (BC/RU),1,1,1
Championless (PZ/SI),Gwen/Kalista/Nasus (SI/SH),1,1,1
Akshan/Varus (SH/RU),Kalista/Senna (BW/SI),1,1,1
Braum/Gnar (BC/FR),Akshan/Taric (MT/SH),1,1,1
LeBlanc/Sivir (NX/SH),Akshan/Taric (MT/SH),1,1,1
Akshan/Taric (MT/SH),Kalista/Senna (BW/SI),1,1,1
Rumble/Sion (BC/NX),Akshan/Taric (MT/SH),1,1,1
Akshan/Taric (MT/SH),Akshan/Nasus (SI/SH),1,1,1
Senna/Veigar (BC/SI),Gwen (SI),1,1,1
Riven/Taric (MT/NX),Akshan/Varus (SH/RU),1,1,1
Gnar/Sejuani (BC/FR),Neeko/Poppy (DE/RU),1,1,1
Akshan/Renekton (SH),LeBlanc/Sivir (NX/SH),1,1,1
Darius/Lulu (IO/NX),Akshan/Renekton (SH),1,1,1
Yasuo (IO/NX),Kalista/Senna (BW/SI),1,1,1
LeBlanc/Sivir (NX/SH),Yasuo (IO/NX),1,1,1
Garen (DE),Yasuo (IO/NX),1,1,1
Senna/Veigar (SI),Maokai/Nautilus (BW/SI),1,1,1
Janna/Viktor (MT/PZ),Championless (PZ/SI),1,1,1
Lee Sin/Viktor (IO/PZ),Darius/Lulu (IO/NX),1,1,1
Lee Sin/Viktor (IO/PZ),Kalista/Senna (BW/SI),1,1,1
Championless (SI),Senna/Veigar (SI),1,1,1
Lillia (FR/IO),Caitlyn/Jack (BW/PZ),1,1,1
Darius/Lulu (IO/NX),Lillia (FR/IO),1,1,1
Viktor (PZ/SI),Darius/Gnar (FR/NX),1,1,1
Caitlyn/Jack (BW/PZ),Braum/Vladimir (FR/NX),1,1,1
Rumble/Sion (BC/NX),Riven/Sivir (NX/SH),1,1,1
Championless (SI),Jack/Renekton (BW/SH),1,1,1
Swain/Vladimir (BW/NX),Gangplank/Nidalee (BW/SH),1,1,1
Galio/Morgana (BC/DE),Swain/Vladimir (BW/NX),1,1,1
Janna/Sett (IO/PZ),Akshan/Renekton (NX/SH),1,1,1
Morgana/Udyr (DE/FR),Braum/Gnar (BC/FR),1,1,1
Kalista/Thresh (SI),Aphelios/Jack (BW/MT),1,1,1
Senna/Veigar (BC/SI),Neeko/Nidalee (RU/SH),1,1,1
Lulu/Taric (IO/MT),Yasuo (IO/NX),1,1,1
Gwen/Vayne (DE/SI),Tahm Kench/Udyr (BW/FR),1,1,1
Lillia (FR/IO),Akshan/Renekton (SH),1,1,1
Aphelios/Sett (IO/MT),Viktor (PZ/SI),1,1,1
Rumble/Sion (BC/NX),Kalista/Thresh (SI),1,1,1
Galio/Morgana (BC/DE),Maokai/Nautilus (BW/SI),1,1,1
Galio/Morgana (BC/DE),Neeko/Poppy (BC/RU),1,1,1
LeBlanc/Sivir (NX/SH),Galio/Tahm Kench (BW/DE),1,1,1
Kai'Sa/Viktor (PZ/SH),Neeko/Poppy (BC/RU),1,1,1
Akshan/Varus (SH/RU),Ashe/Vayne (DE/FR),1,1,1
Gangplank/Nidalee (BW/SH),Lee Sin/Viktor (IO/PZ),1,1,1
LeBlanc/Udyr (FR/NX),Championless (BW/IO),1,1,1
Kayle/Leona (MT/NX),Garen/Shyvana (DE/MT),1,1,1
Gnar/Neeko (FR/RU),Jax/Ornn (FR/RU),1,1,1
LeBlanc/Sivir (NX/SH),Darius/Gwen (NX/SI),1,1,1
Swain/Vladimir (BW/NX),LeBlanc/Udyr (FR/NX),1,1,1
Illaoi (BW/SH),Gnar/Nidalee (BC/SH),1,1,1
Illaoi (BW/SH),Akshan/Varus (SH/RU),1,1,1
Braum/Gnar (BC/FR),Shen/Sivir (IO/SH),1,1,1
Braum/Vladimir (FR/NX),Gwen/Vi (PZ/SI),1,1,1
Aphelios/Lee Sin (IO/MT),Braum/Neeko (FR/RU),1,1,1
Akshan/Varus (SH/RU),Lee Sin/Sett (IO/PZ),1,1,1
Jax/Ornn (FR/RU),Illaoi/Lulu (BW/IO),1,1,1
Akshan/Taric (MT/SH),Ashe/Caitlyn (FR/PZ),1,1,1
Akshan/Taric (MT/SH),Jax/Ornn (FR/RU),1,1,1
Akshan/Renekton (SH),Rumble/Sion (BC/NX),1,1,1
Gnar/Sejuani (BC/FR),Akshan/Renekton (SH),1,1,1
Lee Sin/Sett (IO/PZ),Championless (SI),1,1,1
Lee Sin/Sett (IO/PZ),Gnar (BC/BW),1,1,1
Akshan/Varus (SH/RU),Lillia/Sett (FR/IO),1,1,1
Senna/Veigar (BC/SI),Lillia (BW/IO),1,1,1
Galio/Morgana (BC/DE),Rumble/Sion (BC/NX),1,1,1
Gangplank/Sejuani/Udyr (BW/FR),Braum/Vladimir (FR/NX),1,1,1
Riven/Viktor (NX/PZ),Gangplank/Sejuani/Udyr (BW/FR),1,1,1
Garen/Shyvana (DE/MT),Maokai (BW/SI),1,1,1
Aatrox (RU/BW),Ashe (FR/PZ),1,1,1
Aatrox (RU/BW),Lulu/Taric (IO/MT),1,1,1
Gwen/Vayne (DE/SI),Gnar/Neeko (FR/RU),1,1,1
Darius/Gnar (FR/NX),Riven/Taric (MT/NX),1,1,1
Viktor (MT/PZ),Riven/Taric (MT/NX),1,1,1
Lillia (FR/IO),Caitlyn/Swain (NX/PZ),1,1,1
Janna (BW/PZ),LeBlanc/Ornn (FR/NX),1,1,1
Gnar/Sejuani (BC/FR),Tahm Kench/Udyr (BW/FR),1,1,1
Gnar/Sejuani (BC/FR),Maokai (BW/SI),1,1,1
Ashe/Caitlyn (FR/PZ),Kai'Sa/Viktor (PZ/SH),1,1,1
Championless (DE/SI),Aatrox/Kayn (RU/RU),1,1,1
Championless (DE/SI),Akshan/Lee Sin (IO/SH),1,1,1
Championless (DE/SI),Lillia/Yasuo (FR/IO),1,1,1
Darius (FR/NX),Akshan/Kai'Sa/Viktor (PZ/SH),1,1,1
Darius (FR/NX),LeBlanc/Sivir (NX/SH),1,1,1
Lillia/Yasuo (FR/IO),Gangplank/LeBlanc (BW/NX),1,1,1
LeBlanc/Udyr (FR/NX),Nasus/Senna (SI/SH),1,1,1
LeBlanc/Sivir (NX/SH),Ashe/Gwen (FR/SI),1,1,1
Sett/Viktor (IO/PZ),Senna/Veigar (BC/SI),1,1,1
Aatrox/Kayn (RU/RU),Galio/Morgana (BC/DE),1,1,1
Janna/Sett (IO/PZ),Galio/Morgana (BC/DE),1,1,1
Gnar/Sejuani (BC/FR),Gwen/Vi (PZ/SI),1,1,1
Gwen/Vi (PZ/SI),Riven/Viktor (NX/PZ),1,1,1
Janna/Lillia (IO/PZ),Maokai/Nautilus (BW/SI),1,1,1
Janna/Lillia (IO/PZ),Ashe/LeBlanc (FR/NX),1,1,1
Braum/Gnar (BC/FR),Jayce/Lux (DE/PZ),1,1,1
Gwen/Renekton (SI/SH),Illaoi/Lulu (BW/IO),1,1,1
Morgana/Udyr (DE/FR),Illaoi/Lulu (BW/IO),1,1,1
Gwen/Renekton (SI/SH),Riven/Viktor (NX/PZ),1,1,1
Darius/Gnar (FR/NX),Gwen/Renekton (SI/SH),1,1,1
Gwen/Renekton (SI/SH),Maokai/Nautilus (BW/SI),1,1,1
Gwen/Renekton (SI/SH),Taric/Udyr (FR/MT),1,1,1
Gwen/Nidalee (SI/SH),Senna/Veigar (BC/SI),1,1,1
Galio/Morgana (BC/DE),Kayle (BW/MT),1,1,1
Gangplank/Nidalee (BW/SH),Galio/Morgana (BC/DE),1,1,1
Nasus/Senna (SI/SH),Galio/Morgana (BC/DE),1,1,1
Varus/Vi/Viktor (PZ/RU),Aphelios/Lee Sin (IO/MT),1,1,1
Gwen/Vayne (DE/SI),Galio/Poppy (DE/FR),1,1,1
Swain (BC/NX),Braum/Vladimir (FR/NX),1,1,1
Akshan/Sivir (NX/SH),Lillia/Udyr (FR/IO),1,1,1
Varus/Vi/Viktor (PZ/RU),Akshan/Varus (SH/RU),1,1,1
Akshan/Sivir (NX/SH),Gwen/LeBlanc (NX/SI),1,1,1
Darius/Gwen (NX/SI),Lillia (FR/IO),1,1,1
Rumble/Sion (BC/NX),Sett (IO/SH),1,1,1
Darius/Yasuo (IO/NX),Championless (BC/PZ),1,1,1
Udyr/Vi (FR/PZ),Braum/Lillia (FR/IO),1,1,1
Morgana/Udyr (DE/FR),Udyr/Vi (FR/PZ),1,1,1
LeBlanc/Udyr (FR/NX),Ashe/Caitlyn (FR/PZ),1,1,1
Galio/Morgana (DE/FR),Caitlyn/Swain (NX/PZ),1,1,1
Galio/Morgana (DE/FR),Kalista/Thresh (SI),1,1,1
Jack/Sett/Shen (BW/IO),Gnar/Sejuani (BC/FR),1,1,1
Gnar/Sejuani (BC/FR),Gwen/Kayle (MT/SI),1,1,1
Gwen/Kalista/Nasus (SI/SH),Darius/Gwen (NX/SI),1,1,1
Ashe/Caitlyn (FR/PZ),Darius/Gwen (NX/SI),1,1,1
Udyr/Vi (FR/PZ),Gnar/Nidalee (BC/SH),1,1,1
Udyr/Vi (FR/PZ),Jayce/Lux (DE/PZ),1,1,1
Championless (DE/SI),Kayn/Varus (RU/RU),1,1,1
Janna/Sett (IO/PZ),Garen/Shyvana (DE/MT),1,1,1
Sett/Viktor (IO/PZ),Akshan/Renekton (SH),1,1,1
Nidalee (BC/SH),Caitlyn/Udyr (FR/PZ),1,1,1
Ashe/LeBlanc (FR/NX),Championless (FR/SI),1,1,1
Ashe/LeBlanc (FR/NX),Akshan/Jax (RU/SH),1,1,1
Ashe/LeBlanc (FR/NX),Gwen/Renekton (SI/SH),1,1,1
Championless (FR/SI),Senna/Veigar (BC/SI),1,1,1
Senna (PZ/SI),Akshan/Renekton (SH),1,1,1
Akshan/Shyvana (DE/SH),Gwen/Vayne (DE/SI),1,1,1
Gwen/Vayne (DE/SI),Gwen/Renekton (SI/SH),1,1,1
Caitlyn/Swain (NX/PZ),Lulu/Poppy (BC/NX),1,1,1
Akshan/Varus (SH/RU),Swain (BC/NX),1,1,1
Morgana/Udyr/Vayne (DE/FR),Braum/Lillia (FR/IO),1,1,1
Gwen/Vayne (DE/SI),Gwen/Kalista (DE/SI),1,1,1
Gwen/Kalista (DE/SI),Nidalee (BC/SH),1,1,1
Garen (DE/SH),Gwen/Vayne (DE/SI),1,1,1
Championless (SI),Darius/Gwen (NX/SI),1,1,1
Championless (MT/SI),LeBlanc/Sivir (NX/SH),1,1,1
Neeko/Poppy (DE/RU),Caitlyn/Janna (FR/PZ),1,1,1
Malphite/Yasuo (IO/MT),Kayle/Lillia (IO/MT),1,1,1
Ornn/Vayne (DE/FR),Morgana/Taric (MT/NX),1,1,1
Kalista (BC/SI),Maokai/Nautilus (BW/SI),1,1,1
Akshan/Jax (RU/SH),Aphelios/Janna (MT/PZ),1,1,1
Kalista (MT/SI),Senna (PZ/SI),1,1,1
Lulu/Poppy (BC/NX),Kalista (MT/SI),1,1,1
Akshan/Lee Sin/Renekton (IO/SH),Championless (SI),1,1,1
Illaoi/Swain (BW/NX),Darius/Gwen (NX/SI),1,1,1
Senna/Veigar (BC/SI),Caitlyn/Janna (FR/PZ),1,1,1
Championless (DE/SI),Rumble/Sion (BC/NX),1,1,1
Lillia/Sett (BC/IO),Akshan/Renekton (SH),1,1,1
Lillia/Sett (BC/IO),Kalista (FR/SI),1,1,1
Janna/Sett (IO/PZ),Akshan/Taric (MT/SH),1,1,1
Ashe (FR/PZ),Akshan/Taric (MT/SH),1,1,1
Garen/Taric (DE/MT),Akshan/Renekton (SH),1,1,1
Gwen/Vayne (DE/SI),Akshan/Renekton (SH),1,1,1
Nasus/Renekton (SH),Akshan/Renekton (SH),1,1,1
Akshan/Renekton (SH),Gnar/Nidalee (BC/SH),1,1,1
Nidalee (BC/SH),Championless (MT/NX),1,1,1
Championless (MT/NX),Braum/Lillia (FR/IO),1,1,1
Maokai/Nautilus (BW/SI),Championless (MT/NX),1,1,1
Yasuo (IO/NX),Ashe/Caitlyn (FR/PZ),1,1,1
Neeko/Poppy (BC/RU),Janna/Senna (PZ/SI),1,1,1
Ryze (IO/RU),Ashe (FR/SI),1,1,1
Akshan/Renekton (SH),Maokai (BW/SI),1,1,1
Maokai (BW/SI),Janna/Senna (PZ/SI),1,1,1
Lillia/Sett (BC/IO),Aphelios/Sett (IO/MT),1,1,1
Lillia/Sett (BC/IO),Gnar/Kayle (FR/MT),1,1,1
Aphelios/Sett (IO/MT),Nasus/Senna (SI/SH),1,1,1
Aphelios/Sett (IO/MT),Kai'Sa/Viktor (PZ/SH),1,1,1
Yasuo (IO/NX),Kai'Sa/Viktor (PZ/SH),1,1,1
Neeko/Poppy (DE/RU),Akshan/Renekton (SH),1,1,1
Akshan/Nidalee (BC/SH),Akshan/Renekton (SH),1,1,1
Akshan/Renekton (SH),Lillia/Malphite (IO/MT),1,1,1
Akshan/Renekton (SH),Gangplank/Kalista (BW/SI),1,1,1
Neeko/Poppy (DE/RU),Yasuo (IO/NX),1,1,1
LeBlanc/Sivir (NX/SH),Darius/Udyr (FR/NX),1,1,1
LeBlanc/Sivir (NX/SH),Aphelios/Kayle (IO/MT),1,1,1
Lillia/Malphite (IO/MT),Kayn/Varus (RU/RU),1,1,1
Lillia/Malphite (IO/MT),Janna/Senna (PZ/SI),1,1,1
Morgana/Udyr/Vayne (DE/FR),Aphelios/Sett (IO/MT),1,1,1
Rumble/Sion (BC/NX),Aphelios/Sett (IO/MT),1,1,1
Ornn/Vayne (DE/FR),Nasus/Renekton (SH),1,1,1
Ashe/LeBlanc (FR/NX),Ashe (FR/IO),1,1,1
Lillia/Sett (BC/IO),Lillia/Sett (IO/PZ),1,1,1
Lillia/Sett (BC/IO),Braum (FR/NX),1,1,1
Lillia/Sett (BC/IO),Ryze (IO/RU),1,1,1
Lillia/Sett (IO/PZ),Renekton/Sejuani (FR/SH),1,1,1
Lillia/Sett (IO/PZ),Nasus/Renekton (SH),1,1,1
Neeko/Poppy (DE/RU),Braum (FR/NX),1,1,1
Gwen/Vayne (DE/SI),Akshan/Nasus (SI/SH),1,1,1
Maokai (BW/SI),Gnar/Swain (BC/NX),1,1,1
Gnar/Neeko (FR/RU),Illaoi/Swain (BW/NX),1,1,1
Neeko/Poppy (DE/RU),Aphelios/Yasuo (IO/MT),1,1,1
Neeko/Poppy (DE/RU),Janna (BW/PZ),1,1,1
Jax/Ornn (FR/RU),Renekton/Sejuani (FR/SH),1,1,1
Lillia/Sett (IO/PZ),Aatrox/Kayn (RU/RU),1,1,1
Championless (PZ/SI),Lillia/Sett (IO/PZ),1,1,1
Lillia/Sett (IO/PZ),Gangplank/Swain (BW/NX),1,1,1
Lillia/Sett (BC/IO),Garen/Kayn (DE/RU),1,1,1
Aphelios/Viktor (MT/PZ),Lillia/Sett (IO/PZ),1,1,1
Galio/Morgana (DE/FR),Gwen/Vayne (DE/SI),1,1,1
Gnar/Neeko (FR/RU),Galio/Morgana (DE/FR),1,1,1
Nidalee (BC/SH),Gangplank/Swain (BW/NX),1,1,1
Gnar/Neeko (FR/RU),Garen (DE/SH),1,1,1
Lillia/Yasuo (FR/IO),Braum/Lillia (FR/IO),1,1,1
Garen (DE/SH),Gwen/LeBlanc (NX/SI),1,1,1
Ashe/LeBlanc (FR/NX),Nautilus (BW/PZ),1,1,1
Gangplank/Sejuani (BW/FR),Lillia/Veigar (BC/IO),1,1,1
Janna/Sett (IO/PZ),Lillia (BC/IO),1,1,1
Lillia (BC/IO),Caitlyn/Janna (FR/PZ),1,1,1
Gangplank/Sejuani (BW/FR),Janna/Lillia (IO/PZ),1,1,1
Janna/Lillia (IO/PZ),Gangplank/Nidalee (BW/SH),1,1,1
Janna/Lillia (IO/PZ),Lillia/Sett (IO/PZ),1,1,1
Gnar/Lillia (FR/IO),Lillia (BC/IO),1,1,1
Lillia (BC/IO),Rumble/Sion (BC/NX),1,1,1
Lillia (BC/IO),Aphelios/Janna (MT/PZ),1,1,1
Lillia (BC/IO),Neeko/Renekton (RU/SH),1,1,1
Lillia (BC/IO),Nasus/Thresh (SI/SH),1,1,1
Galio/Morgana (DE/FR),Riven/Rumble (BC/NX),1,1,1
Nidalee (BC/SH),Braum/Gnar/Lillia (FR/IO),1,1,1
Braum (FR/NX),Jayce/Lux (DE/PZ),1,1,1
Lillia/Sett (BC/IO),Rumble/Viktor (BC/PZ),1,1,1
Lillia/Sett (BC/IO),Braum/Gnar (BC/FR),1,1,1
Lillia/Sett (BC/IO),Gnar/Viktor (BC/PZ),1,1,1
Shen/Sivir (IO/SH),Braum (FR/NX),1,1,1
Gnar/Lillia (FR/IO),Lillia/Sett (IO/PZ),1,1,1
Lillia/Sett (IO/PZ),Aphelios/Yasuo (IO/MT),1,1,1
Swain/Yasuo (IO/NX),Lillia/Sett (IO/PZ),1,1,1
Lillia/Sett (IO/PZ),LeBlanc/Sivir (NX/SH),1,1,1
Gangplank/Sejuani (BW/FR),Sett (BC/IO),1,1,1
Gnar/Sejuani (BC/FR),Riven/Taric (MT/NX),1,1,1
Neeko/Renekton (RU/SH),Shen/Sivir (IO/SH),1,1,1
Akshan/Riven (NX/SH),Galio/Morgana (DE/FR),1,1,1
Gnar/Neeko (FR/RU),Yasuo (IO/NX),1,1,1
Gnar/Lillia (FR/IO),Jax/Tristana (BC/RU),1,1,1
Senna/Veigar (BC/SI),Gnar/Sett (BC/IO),1,1,1
Braum/Gnar/Lillia (FR/IO),Swain/Yasuo (IO/NX),1,1,1
Janna/Sett (IO/PZ),Championless (NX/SI),1,1,1
Nidalee (BC/SH),Braum/Gnar (BC/FR),1,1,1
Gnar/Sett (BC/IO),Akshan/Riven (NX/SH),1,1,1
Galio/Udyr (DE/FR),Akshan/Riven (NX/SH),1,1,1
Akshan/Sivir (NX/SH),Neeko/Poppy (BC/RU),1,1,1
Gnar/Sejuani (BC/FR),Neeko/Poppy (BC/RU),1,1,1
Gwen (NX/SI),Braum/Kayle (FR/MT),1,1,1
Gwen (NX/SI),Braum/Gnar/Lillia (FR/IO),1,1,1
Janna/Sett (IO/PZ),Ashe/Janna (FR/PZ),1,1,1
Riven/Rumble (BC/NX),Senna/Veigar (BC/SI),1,1,1
Aatrox/Morgana/Vayne (RU/DE),Riven/Rumble (BC/NX),1,1,1
Riven/Rumble (BC/NX),Braum/Galio (DE/FR),1,1,1
Neeko/Poppy (BC/RU),Kayle/Leona (MT/NX),1,1,1
Illaoi/Lulu (BW/IO),Akshan/Lee Sin (IO/SH),1,1,1
Ashe (FR/PZ),Illaoi/Lulu (BW/IO),1,1,1
Shen/Sivir (IO/SH),Ashe/Lillia (FR/IO),1,1,1
Gnar/Sejuani (BC/FR),Ashe/Janna (FR/PZ),1,1,1
Nasus/Thresh (SI/SH),Gnar/Sejuani (BC/FR),1,1,1
Gnar/Sejuani (BC/FR),Aatrox/Illaoi (RU/BW),1,1,1
Riven/Vi (NX/PZ),Gnar/Sejuani (BC/FR),1,1,1
Jayce/Lux (DE/PZ),Akshan/Renekton (SH),1,1,1
Ashe/LeBlanc (FR/NX),Aphelios/Morgana/Udyr (FR/MT),1,1,1
Ashe/LeBlanc (FR/NX),LeBlanc/Riven (FR/NX),1,1,1
LeBlanc/Riven (FR/NX),Gnar/Sejuani (BC/FR),1,1,1
Nasus/Renekton (SH),LeBlanc/Riven (FR/NX),1,1,1
Janna/Sett/Viktor (IO/PZ),Darius/Gnar (FR/NX),1,1,1
Gangplank/Sejuani (BW/FR),Aatrox/Illaoi (RU/BW),1,1,1
Ashe/Braum (FR/PZ),Braum/Kayle (FR/MT),1,1,1
Ornn/Sejuani (FR),Braum/Kayle (FR/MT),1,1,1
Jax/Ornn (FR/RU),Darius/Gwen (NX/SI),1,1,1
Leona/Sivir (MT/SH),Darius/Gwen (NX/SI),1,1,1
Braum/Udyr (FR/MT),Lillia (FR/IO),1,1,1
Championless (SI),Braum/Gnar/Lillia (FR/IO),1,1,1
Aatrox/Morgana/Vayne (RU/DE),Akshan/Varus (SH/RU),1,1,1
Jayce/Senna (PZ/SI),Kalista (MT/SI),1,1,1
Kayle/Poppy (BC/MT),Lee Sin/Viktor (IO/PZ),1,1,1
Janna/Sett (IO/PZ),Kayle/Lillia (IO/MT),1,1,1
Akshan/Morgana (DE/SH),Illaoi/Swain (BW/NX),1,1,1
Lillia/Sett (BC/IO),Akshan/Nidalee (FR/SH),1,1,1
Akshan/Nidalee (FR/SH),Janna/Sett (IO/PZ),1,1,1
Riven/Viktor (NX/PZ),Kayle/Leona (MT/NX),1,1,1
Braum/Vladimir (FR/NX),Braum (FR/NX),1,1,1
Braum/Galio (DE/FR),Braum (FR/NX),1,1,1
Shen/Sivir (IO/SH),Ashe/Caitlyn (FR/PZ),1,1,1
Gangplank (BW/NX),Gangplank/Sejuani (BW/FR),1,1,1
Gwen/Vi (PZ/SI),Leona/Yasuo (IO/MT),1,1,1
Leona/Yasuo (IO/MT),Caitlyn/Swain (NX/PZ),1,1,1
Braum/Galio (DE/FR),Neeko/Poppy (BC/RU),1,1,1
Neeko/Poppy (BC/RU),Shen/Sivir (IO/SH),1,1,1
Championless (MT/SI),Gnar/Udyr (FR/NX),1,1,1
LeBlanc/Sivir (NX/SH),Braum/Kayle (FR/MT),1,1,1
Gangplank/Sejuani (BW/FR),Udyr (DE/FR),1,1,1
Renekton/Sejuani (FR/SH),Gnar/Udyr (DE/FR),1,1,1
Darius/Gnar (FR/NX),Gnar/Udyr (DE/FR),1,1,1
Lillia (FR/IO),Maokai (BW/SI),1,1,1
Kai'Sa/Viktor (PZ/SH),Darius/Gnar (FR/NX),1,1,1
Kayle/Poppy (BC/MT),Senna/Veigar (BC/SI),1,1,1
Lillia/Sivir (IO/SH),Senna/Veigar (BC/SI),1,1,1
Championless (SI),Lillia/Sivir (IO/SH),1,1,1
Ashe/LeBlanc (FR/NX),Renekton/Sejuani (FR/SH),1,1,1
Nasus/Thresh (SI/SH),Braum/Udyr (FR/MT),1,1,1
Akshan/Morgana (MT/SH),Akshan/Sivir (NX/SH),1,1,1
Akshan/Sivir (NX/SH),Riven/Vi (NX/PZ),1,1,1
Riven/Vi (NX/PZ),Morgana (BC/MT),1,1,1
Lee Sin/Viktor (IO/PZ),Kayle/Leona (MT/NX),1,1,1
Akshan/Nidalee (FR/SH),Illaoi (BW/SH),1,1,1
Yasuo (IO/NX),Akshan/Morgana (MT/SH),1,1,1
Braum/Udyr (FR/MT),Akshan/Morgana (MT/SH),1,1,1
Riven/Sivir (NX/SH),Gangplank/Sejuani (BW/FR),1,1,1
Riven/Vi (NX/PZ),Illaoi/Lulu (BW/IO),1,1,1
Ashe/LeBlanc (FR/NX),Lee Sin/Sett (IO/PZ),1,1,1
Lee Sin/Sett (IO/PZ),Galio/Udyr (DE/FR),1,1,1
Janna/Sett (IO/PZ),Lee Sin/Sett (IO/PZ),1,1,1
Championless (SI),Ashe/Thresh (FR/SI),1,1,1
Illaoi/Vayne (BW/DE),Akshan/Lee Sin (IO/SH),1,1,1
Braum/Vladimir (FR/NX),Gnar/Lillia (FR/IO),1,1,1
Riven/Vi (NX/PZ),Jayce/Lux (DE/PZ),1,1,1
Lillia (FR/IO),Kalista (SI),1,1,1
Ornn/Vayne (DE/FR),Gangplank/Sejuani (BW/FR),1,1,1
Ashe/Braum (FR/PZ),Jax/Ornn (FR/RU),1,1,1
Akshan/Morgana (MT/SH),Taric/Udyr (FR/MT),1,1,1
Galio/Udyr (DE/FR),Illaoi/Vayne (BW/DE),1,1,1
Galio/Morgana (DE/FR),Taric/Udyr (FR/MT),1,1,1
Akshan/Morgana (MT/SH),Janna/Sett/Viktor (IO/PZ),1,1,1
Akshan/Morgana (MT/SH),Akshan/Nidalee (FR/SH),1,1,1
Gnar/Nidalee (BC/SH),Akshan/Nidalee (FR/SH),1,1,1
Gnar/Nidalee (BC/SH),Akshan/Senna (SI/SH),1,1,1
Yasuo (IO/NX),Aatrox/Kayn (RU/RU),1,1,1
Neeko (FR/RU),Yasuo (IO/NX),1,1,1
Garen/Kai'Sa (DE/SH),Gangplank/Sejuani (BW/FR),1,1,1
Championless (BC/SI),Udyr/Vayne (DE/FR),1,1,1
Braum/Lillia (FR/IO),Neeko (MT/RU),1,1,1
Akshan/Varus (SH/RU),Braum/Udyr (FR/MT),1,1,1
Akshan/Varus (SH/RU),Kalista/Thresh (SI),1,1,1
Ashe/LeBlanc (FR/NX),Gwen/Kalista (DE/SI),1,1,1
Aphelios/Viktor (MT/PZ),Lillia (FR/IO),1,1,1
Ashe (FR/PZ),Lux/Morgana (DE/MT),1,1,1
Akshan/Lee Sin (IO/SH),Ashe/Caitlyn (FR/PZ),1,1,1
Swain (FR/NX),Morgana/Udyr (DE/FR),1,1,1
Maokai/Nautilus (BW/SI),Braum (BC/FR),1,1,1
Morgana/Udyr/Vayne (DE/FR),Galio/Udyr (DE/FR),1,1,1
Sejuani/Udyr (DE/FR),Rumble/Sion (BC/NX),1,1,1
Lee Sin/Lillia (FR/IO),Gnar/Nidalee (BC/SH),1,1,1
Akshan/Lee Sin (IO/SH),Gangplank/Nidalee (BW/SH),1,1,1
Aatrox/Kayn (RU/RU),Gnar/Lillia (FR/IO),1,1,1
Morgana/Udyr (DE/FR),Braum/Udyr (FR/MT),1,1,1
Akshan/Varus (SH/RU),Gangplank (BW/NX),1,1,1
Thresh (SI/SH),Illaoi/Lulu (BW/IO),1,1,1
Illaoi/Lulu (BW/IO),Championless (PZ/SI),1,1,1
Nasus/Thresh (SI/SH),Illaoi/Lulu (BW/IO),1,1,1
Illaoi/Lulu (BW/IO),Maokai (BW/SI),1,1,1
Illaoi/Lulu (BW/IO),Gwen/LeBlanc (NX/SI),1,1,1
Illaoi/Lulu (BW/IO),Maokai/Nautilus (BW/SI),1,1,1
Championless (SI),Gangplank (BW/NX),1,1,1
Gangplank (BW/NX),Senna/Veigar (BC/SI),1,1,1
Yasuo (IO/NX),Garen (DE/SH),1,1,1
Sett (IO/PZ),Kalista/Thresh (SI),1,1,1
Ashe (FR/PZ),Akshan/Nasus (SH),1,1,1
Morgana/Shyvana (DE/MT),Senna/Veigar (BC/SI),1,1,1
Garen (DE/SI),LeBlanc/Ornn (FR/NX),1,1,1
Akshan/Jack (BW/SH),Kalista/Thresh (SI),1,1,1
Akshan/Jack (BW/SH),Lillia (IO/SI),1,1,1
Championless (MT/SI),Kayle/Leona (MT/NX),1,1,1
Gwen (NX/SI),Gwen/LeBlanc (NX/SI),1,1,1
Illaoi/Udyr (BW/FR),Darius/Gnar (FR/NX),1,1,1
Kalista/Thresh (SI),Lux/Morgana (DE/MT),1,1,1
Darius/Gwen (NX/SI),Lux/Morgana (DE/MT),1,1,1
Lee Sin/Varus (IO/RU),Nasus/Thresh (SI/SH),1,1,1
Braum/Lillia (FR/IO),Lee Sin/Varus (IO/RU),1,1,1
Lee Sin/Varus (IO/RU),Garen (DE/SH),1,1,1
Darius/Gwen (NX/SI),Kalista/Thresh (SI),1,1,1
Maokai/Nautilus (BW/SI),Kalista/Thresh (SI),1,1,1
Braum/Udyr (FR/MT),Ornn/Vayne (DE/FR),1,1,1
Braum/Udyr (FR/MT),Kalista (MT/SI),1,1,1
Gwen (NX/SI),LeBlanc/Sivir (NX/SH),1,1,1
Tahm Kench/Udyr (BW/FR),Galio/Udyr (DE/FR),1,1,1
Akshan/Lee Sin (IO/SH),Caitlyn (BC/PZ),1,1,1
Riven/Viktor (NX/PZ),Akshan/Sivir (DE/SH),1,1,1
Akshan/Sivir (NX/SH),Akshan/Jack (BW/SH),1,1,1
Aatrox/Kayn (RU/RU),Lee Sin/Varus (IO/RU),1,1,1
Gwen/Vayne (DE/SI),Janna/Senna (PZ/SI),1,1,1
Braum/Vladimir (FR/NX),Morgana/Shyvana (DE/MT),1,1,1
Ashe (FR/PZ),Garen (DE/SI),1,1,1
Nidalee/Sivir (BW/SH),Nasus/Thresh (SI/SH),1,1,1
Galio/Udyr (DE/FR),Varus/Vi/Viktor (PZ/RU),1,1,1
Varus/Vi/Viktor (PZ/RU),Braum/Lillia (FR/IO),1,1,1
Championless (SI),Poppy/Tristana (BC/SH),1,1,1
Championless (SI),Akshan/Sivir (DE/SH),1,1,1
Morgana/Shyvana (DE/MT),Braum/Lillia (FR/IO),1,1,1
Nasus/Senna (SI/SH),Illaoi/Swain (BW/NX),1,1,1
Akshan/Morgana (MT/SH),Championless (MT/SI),1,1,1
Braum/Vladimir (FR/NX),LeBlanc/Ornn (FR/NX),1,1,1
Caitlyn/Swain (NX/PZ),Lee Sin/Udyr (FR/IO),1,1,1
Championless (SI),Kayle/Poppy (BC/MT),1,1,1
Galio/Udyr (DE/FR),Lee Sin/Udyr (FR/IO),1,1,1
Ashe (FR/PZ),Morgana/Shyvana (DE/MT),1,1,1
Sejuani/Swain (FR/NX),Janna/Senna (PZ/SI),1,1,1
Gnar/Nidalee (BC/SH),Gwen (NX/SI),1,1,1
Leona/Sivir (MT/SH),Galio/Udyr (DE/FR),1,1,1
Poppy/Tristana (BC/SH),Gwen/LeBlanc (NX/SI),1,1,1
Poppy/Taric (DE/MT),Sett/Viktor (IO/PZ),1,1,1
Maokai (BW/SI),Aatrox/Vayne (RU/DE),1,1,1
Neeko (FR/RU),Akshan/Lee Sin (IO/SH),1,1,1
Maokai (BW/SI),Ornn/Sejuani (FR),1,1,1
Caitlyn/Swain (NX/PZ),Gnar/Nidalee (BC/SH),1,1,1
Garen (DE),Aatrox (RU/BW),1,1,1
Braum/Vladimir (FR/NX),Kayle/Morgana (DE/MT),1,1,1
Braum/Vladimir (FR/NX),Kai'Sa/Sivir (MT/SH),1,1,1
Gwen/Riven (NX/SI),Garen (DE),1,1,1
Championless (PZ/SI),Braum/Udyr (FR/MT),1,1,1
Championless (SI),Caitlyn/Janna (BW/PZ),1,1,1
Riven/Viktor (NX/PZ),Akshan/Jax/Sivir (RU/SH),1,1,1
Ashe/LeBlanc (FR/NX),Viktor (PZ/SI),1,1,1
Garen/Poppy (BC/DE),Sett (IO/PZ),1,1,1
Aphelios/Yasuo (IO/MT),Lee Sin/Viktor (IO/PZ),1,1,1
Senna/Veigar (BC/SI),Braum (BC/FR),1,1,1
Senna/Veigar (BC/SI),Kalista (SI/SH),1,1,1
Sett/Viktor (IO/PZ),Akshan/Sivir (DE/SH),1,1,1
Braum (BC/FR),Akshan/Morgana (MT/SH),1,1,1
Maokai (BW/SI),Braum/Udyr (FR/MT),1,1,1
Ashe/LeBlanc (FR/NX),Braum (BC/FR),1,1,1
Kayle/Leona (MT/NX),Aatrox/Kayn (RU/RU),1,1,1
Lillia (IO/MT),Braum/Udyr (FR/MT),1,1,1
Akshan/Shyvana (DE/SH),Maokai/Nautilus (BW/SI),1,1,1
Lillia (IO/MT),Nidalee (BC/SH),1,1,1
Riven/Rumble (BC/NX),Rumble/Sion (BC/NX),1,1,1
Riven/Rumble (BC/NX),Championless (MT/SI),1,1,1
Darius/Garen (DE/NX),Lee Sin/Viktor (IO/PZ),1,1,1
Gnar/Swain (BC/NX),Sejuani/Swain (FR/NX),1,1,1
Ashe/LeBlanc (FR/NX),Darius/Garen (DE/NX),1,1,1
Aatrox/Morgana (RU/DE),Lillia (FR/IO),1,1,1
Lillia (FR/IO),Gwen/LeBlanc (NX/SI),1,1,1
Maokai/Nautilus (BW/SI),Braum (FR/NX),1,1,1
Braum/Vladimir (FR/NX),Gnar/Riven (FR/NX),1,1,1
Rumble/Vayne (DE/NX),Yasuo (IO/NX),1,1,1
Gnar/Riven (FR/NX),Championless (BC/BW),1,1,1
Garen (DE/SI),Akshan/Renekton (SH),1,1,1
Aatrox/Morgana/Vayne (RU/DE),Nasus/Senna (SI/SH),1,1,1
Jack/Udyr (BW/FR),Championless (SI),1,1,1
Gwen/Sejuani (FR/SI),Riven/Rumble (BC/NX),1,1,1
Akshan/Varus (SH/RU),Gwen/Sejuani (FR/SI),1,1,1
Ashe/LeBlanc (FR/NX),Gwen/Kalista/Nasus (SI/SH),1,1,1
Gwen/Kalista/Nasus (SI/SH),Championless (SI),1,1,1
Vladimir (MT/NX),Nasus/Thresh (SI/SH),1,1,1
Vladimir (MT/NX),Swain/Yasuo (IO/NX),1,1,1
Ashe (FR/PZ),Vladimir (MT/NX),1,1,1
Championless (SI),Aphelios/Morgana (DE/MT),1,1,1
Lillia/Malphite (IO/MT),Lillia/Sett (BC/IO),1,1,1
Galio/Taric (DE/MT),Braum/Lillia (FR/IO),1,1,1
Galio/Taric (DE/MT),Illaoi/Lulu (BW/IO),1,1,1
Kai'Sa/Sivir (MT/SH),Ashe/LeBlanc (FR/NX),1,1,1
Akshan/Lee Sin (IO/SH),Renekton/Sejuani (FR/SH),1,1,1
Darius/Gnar (FR/NX),Kalista/Sivir (SI/SH),1,1,1
Gwen/Kalista/Nasus (SI/SH),Kalista (MT/SI),1,1,1
Akshan/Varus (SH/RU),Morgana/Tristana (BC/MT),1,1,1
Maokai/Nautilus (BW/SI),Leona/Sivir (MT/SH),1,1,1
Jayce/Lux (DE/PZ),Lillia/Yasuo (FR/IO),1,1,1
LeBlanc/Udyr (FR/NX),Championless (MT/SI),1,1,1
Jayce/Lux (DE/PZ),Vladimir (MT/NX),1,1,1
Galio/Morgana (DE/MT),Akshan/Senna (SI/SH),1,1,1
Lillia/Sett (BC/IO),Akshan/Riven (NX/SH),1,1,1
Aatrox/Kayn (RU/RU),Lee Sin/Sett (IO/PZ),1,1,1
Vi/Viktor (BC/PZ),Championless (SI),1,1,1
Sett/Viktor (IO/PZ),Lillia/Sett (BC/IO),1,1,1
Jayce/Lux (DE/PZ),Akshan/Sett (IO/SH),1,1,1
Gnar/Riven (FR/NX),Senna/Veigar (BC/SI),1,1,1
Lillia (FR/IO),Akshan/Morgana (MT/SH),1,1,1
Illaoi/Lulu (BW/IO),Akshan/Morgana (MT/SH),1,1,1
Shen/Sivir (IO/SH),Akshan/Morgana (MT/SH),1,1,1
Braum/Lillia (FR/IO),LeBlanc (FR/NX),1,1,1
LeBlanc (FR/NX),Championless (PZ/SI),1,1,1
Akshan (SI/SH),Kalista (MT/SI),1,1,1
Akshan/Morgana (MT/SH),Braum/Galio (DE/FR),1,1,1
Janna/Sett (IO/PZ),Garen (DE),1,1,1
Akshan/Jack (BW/SH),Lillia/Sett (BC/IO),1,1,1
Galio/Taric (DE/MT),Jayce/Lux (DE/PZ),1,1,1
Garen (DE/FR),Braum/Galio (DE/FR),1,1,1
Illaoi/Swain (BW/NX),Poppy/Tristana (BC/SH),1,1,1
Ashe/LeBlanc (FR/NX),Lulu/Poppy (BC/BW),1,1,1
Janna/Lillia (IO/PZ),Lux/Morgana (DE/MT),1,1,1
Lux/Morgana (DE/MT),Poppy/Taric (DE/MT),1,1,1
Akshan/Sett (IO/SH),Kalista (MT/SI),1,1,1
Championless (PZ/SI),Akshan/Sett (IO/SH),1,1,1
Akshan/Lee Sin (IO/SH),Lillia/Malphite (IO/MT),1,1,1
Galio/Morgana (DE/FR),Rumble/Taric (MT/NX),1,1,1
Gangplank/Sejuani (BW/FR),Akshan/Kai'Sa (IO/SH),1,1,1
Aphelios/Viktor (MT/PZ),Lillia/Veigar (BC/IO),1,1,1
Ashe (FR/PZ),Morgana/Udyr/Vayne (DE/FR),1,1,1
Nasus/Senna (SI/SH),Garen (DE),1,1,1
Lillia/Malphite (IO/MT),Ashe/Tahm Kench (BW/FR),1,1,1
Akshan/Morgana (MT/SH),Galio/Morgana (DE/MT),1,1,1
Shen/Sivir (IO/SH),Sejuani/Udyr (DE/FR),1,1,1
LeBlanc (FR/NX),Lillia/Udyr (FR/IO),1,1,1
Akshan/Morgana (MT/SH),Sett (IO/PZ),1,1,1
Akshan/Aphelios (MT/SH),Nasus/Senna (SI/SH),1,1,1
Sett (IO/PZ),Lux/Morgana (DE/MT),1,1,1
Championless (IO/PZ),Jack/Morgana (BW/MT),1,1,1
Akshan/Varus (SH/RU),Braum/Udyr (DE/FR),1,1,1
Jayce/Lux (DE/PZ),Kayn/Riven (RU/NX),1,1,1
Gangplank/Sejuani (BW/FR),Lulu/Poppy (BC/BW),1,1,1
Aatrox/Morgana (RU/DE),Janna (PZ/SI),1,1,1
Garen (DE/FR),Senna/Veigar (BC/SI),1,1,1
Garen/Shyvana (DE/MT),Akshan/Morgana (MT/SH),1,1,1
Gangplank/Sejuani (BW/FR),Garen (DE/FR),1,1,1
Championpile (FR/SH),Nasus/Renekton (SH),1,1,1
Gnar/Nidalee (BC/SH),Aatrox (RU/BW),1,1,1
Darius/Gnar (FR/NX),Neeko/Veigar (BC/RU),1,1,1
Galio/Udyr (DE/FR),Nasus/Senna (SI/SH),1,1,1
Jayce/Lux (DE/PZ),Gangplank/Viktor (BW/PZ),1,1,1
Kalista/Thresh (SI),Nidalee (BC/SH),1,1,1
Akshan/Lee Sin (IO/SH),Nidalee/Renekton (NX/SH),1,1,1
Ashe/Caitlyn (FR/PZ),Sett/Viktor (IO/PZ),1,1,1
Ashe/LeBlanc (FR/NX),Championless (IO/PZ),1,1,1
Lee Sin/Viktor (IO/PZ),Aatrox/LeBlanc (RU/NX),1,1,1
Aatrox/LeBlanc (RU/NX),Championless (IO/SI),1,1,1
Braum/Vladimir (FR/NX),Championless (IO/PZ),1,1,1
Akshan/Varus (SH/RU),Braum/Lulu (FR/IO),1,1,1
Akshan/Senna (SI/SH),Braum/Vladimir (FR/NX),1,1,1
Galio/Poppy (DE/FR),Championless (PZ/SI),1,1,1
Aatrox/Kayn (RU/RU),Leona/Sivir (MT/SH),1,1,1
Braum/Vladimir (FR/NX),Akshan/Jack (BW/SH),1,1,1
Sett/Viktor (IO/PZ),Riven/Viktor (NX/PZ),1,1,1
Championless (IO/SI),Lux/Morgana (DE/MT),1,1,1
Championless (SI),Swain/Vladimir (FR/NX),1,1,1
Galio/Morgana/Udyr (DE/FR),Caitlyn/Swain (NX/PZ),1,1,1
Senna/Veigar (BC/SI),Akshan/Janna (PZ/SH),1,1,1
Lillia/Sett (BC/IO),Riven/Sivir (NX/SH),1,1,1
Morgana/Taric (DE/MT),LeBlanc/Sivir (NX/SH),1,1,1
Akshan/Taric (MT/SH),Aatrox/Kayn (RU/RU),1,1,1
Illaoi/Swain (BW/NX),Gnar/Riven (FR/NX),1,1,1
Ashe/LeBlanc (FR/NX),Thresh (SI/SH),1,1,1
Janna/Sett (IO/PZ),Kalista/Senna (MT/SI),1,1,1
Morgana/Riven (MT/NX),Neeko/Poppy (BC/RU),1,1,1
Morgana/Riven (MT/NX),Rumble/Sion (BC/NX),1,1,1
Morgana/Riven (MT/NX),Kayn/Ornn (FR/RU),1,1,1
Akshan/Varus (SH/RU),Illaoi (BW/NX),1,1,1
Janna/Lillia (IO/PZ),Kayle (BW/MT),1,1,1
Garen/Poppy (BC/DE),Senna/Veigar (BC/SI),1,1,1
Akshan/Jack (BW/SH),Braum/Kayle (FR/MT),1,1,1
Darius/Gnar (FR/NX),Shen/Yasuo (IO),1,1,1
Lux/Morgana (DE/MT),Lee Sin/Viktor (IO/PZ),1,1,1
Ashe/LeBlanc (FR/NX),Galio/Morgana/Udyr (DE/FR),1,1,1
Akshan/Lee Sin (IO/SH),Garen/Lillia (DE/IO),1,1,1
Championless (SI),Gangplank/Janna (BW/PZ),1,1,1
Illaoi/Swain (BW/NX),Lee Sin/Viktor (IO/PZ),1,1,1
Aphelios/Viktor (MT/PZ),Kai'Sa/Viktor (PZ/SH),1,1,1
Championless (DE/SI),Gnar/Sejuani (BC/FR),1,1,1
Renekton/Sejuani (FR/SH),Aatrox/Kayn (RU/RU),1,1,1
Akshan/Riven (NX/SH),Akshan/Lee Sin (IO/SH),1,1,1
Championless (MT/SI),Morgana (BC/MT),1,1,1
Sett/Viktor (IO/PZ),Akshan/Morgana (MT/SH),1,1,1
Gnar/Tristana (BC/BW),Championless (MT/SI),1,1,1
Akshan/Varus (SH/RU),Gnar/Tristana (BC/BW),1,1,1
Braum/Udyr (FR/MT),Janna (BW/PZ),1,1,1
Akshan/Taric (MT/SH),Kalista/Sivir (SI/SH),1,1,1
Braum/Galio (DE/FR),Thresh (SI/SH),1,1,1
Thresh (SI/SH),Akshan/Morgana (DE/SH),1,1,1
Aphelios/Viktor (MT/PZ),Thresh (SI/SH),1,1,1
Thresh (SI/SH),Morgana/Udyr (DE/FR),1,1,1
Akshan/Lee Sin (IO/SH),Thresh (SI/SH),1,1,1
Sett (IO/PZ),Thresh (SI/SH),1,1,1
Thresh (SI/SH),Braum/Vladimir (FR/NX),1,1,1
Thresh (SI/SH),Nasus/Thresh (SI/SH),1,1,1
Aatrox/Kayn (RU/RU),Jayce/Senna (PZ/SI),1,1,1
Yasuo (IO/NX),Malphite/Yasuo (IO/MT),1,1,1
Ashe (FR/PZ),Championpile (FR/SH),1,1,1
Aatrox/Morgana (RU/DE),Akshan/Senna (SI/SH),1,1,1
Championless (MT/SI),Akshan/Morgana (DE/SH),1,1,1
Swain/Yasuo (IO/NX),Shen/Sivir (IO/SH),1,1,1
LeBlanc/Udyr (FR/NX),Lux/Morgana (DE/MT),1,1,1
Lux/Morgana (DE/MT),Senna/Veigar (BC/SI),1,1,1
Janna/Sett (IO/PZ),Lux/Morgana (DE/MT),1,1,1
Lee Sin/Lillia (FR/IO),Jayce/Lux (DE/PZ),1,1,1
LeBlanc/Sivir (NX/SH),Thresh (SI/SH),1,1,1
Championless (DE/SI),Championless (PZ/SI),1,1,1
Akshan/Jax (RU/SH),Braum/Vladimir (FR/NX),1,1,1
Riven/Viktor (NX/PZ),Galio/Morgana/Udyr (DE/FR),1,1,1
Riven/Viktor (NX/PZ),Morgana/Shyvana (DE/MT),1,1,1
LeBlanc/Udyr (FR/NX),LeBlanc/Ornn (FR/NX),1,1,1
Championless (DE/SI),Braum/Vladimir (FR/NX),1,1,1
Thresh (SI/SH),Maokai/Nautilus (BW/SI),1,1,1
Gangplank/Sejuani (BW/FR),LeBlanc/Udyr (FR/NX),1,1,1
Championless (IO/SI),Gwen/Riven (NX/SI),1,1,1
Akshan/Taric (MT/SH),LeBlanc/Udyr (FR/NX),1,1,1
Championless (SI),Thresh (SI/SH),1,1,1
Thresh (SI/SH),Gwen/Vayne (DE/SI),1,1,1
Kalista/Senna (BW/SI),Thresh (SI/SH),1,1,1
Lulu/Poppy (BC/NX),Thresh (SI/SH),1,1,1
Thresh (SI/SH),Kayle/Lillia (IO/MT),1,1,1
Thresh (SI/SH),Riven/Viktor (NX/PZ),1,1,1
Thresh (SI/SH),Lux/Morgana (DE/MT),1,1,1
Janna/Sett (IO/PZ),Galio/Garen (DE/MT),1,1,1
LeBlanc/Sivir (NX/SH),Akshan/Nasus (SI/SH),1,1,1
Kayle (BW/MT),Kalista/Thresh (SI),1,1,1
Kayle (BW/MT),Lux/Morgana (DE/MT),1,1,1
Akshan/Kai'Sa/Udyr (FR/SH),Darius/Sejuani (FR/NX),1,1,1
Lee Sin/Lillia (FR/IO),Sett (IO/PZ),1,1,1
Akshan/Jack (BW/SH),Kalista/Senna (BW/SI),1,1,1
Galio/Garen (DE/MT),Rumble/Sion (BC/NX),1,1,1
Maokai/Nautilus (BW/SI),Maokai/Ryze (RU/SI),1,1,1
Maokai/Ryze (RU/SI),Galio/Udyr (DE/FR),1,1,1
Lulu/Taric (IO/MT),Maokai/Ryze (RU/SI),1,1,1
Maokai/Ryze (RU/SI),Senna/Veigar (BC/SI),1,1,1
Nidalee (BC/SH),Akshan/Jax (RU/SH),1,1,1
Akshan/Nidalee (BC/SH),Caitlyn/Swain (NX/PZ),1,1,1
Kalista/Senna (BW/SI),Ashe/LeBlanc (FR/NX),1,1,1
Darius/Gnar (FR/NX),Kalista/Thresh (SI),1,1,1
Nasus/Thresh (SI/SH),Aatrox/Vayne (RU/DE),1,1,1
Ashe/Tahm Kench (BW/FR),Nasus (SI/SH),1,1,1
Ashe/Tahm Kench (BW/FR),Gwen/Thresh (SI/SH),1,1,1
Braum/Udyr (FR/MT),Braum/Udyr/Viktor (FR/PZ),1,1,1
Braum/Udyr (FR/MT),Morgana/Taric (DE/MT),1,1,1
Gwen/Vayne (DE/SI),Morgana/Taric (DE/MT),1,1,1
Nasus/Thresh (SI/SH),Akshan/Senna (SI/SH),1,1,1
Kalista (SI),Akshan/Senna (SI/SH),1,1,1
Kalista (FR/SI),Akshan/Lee Sin (IO/SH),1,1,1
Morgana (MT/SI),Senna/Veigar (BC/SI),1,1,1
Gnar/Sejuani (FR/PZ),Darius/Riven (FR/NX),1,1,1
Gnar/Sejuani (FR/PZ),Lillia (FR/IO),1,1,1
Nidalee (BC/SH),Gangplank/LeBlanc (BW/NX),1,1,1
Caitlyn/Swain (NX/PZ),Gangplank/LeBlanc (BW/NX),1,1,1
Championless (MT/SI),Thresh (SI/SH),1,1,1
Braum/Lillia (FR/IO),Morgana/Tristana (BC/MT),1,1,1
Akshan/Lee Sin/Renekton (IO/SH),Galio/Poppy (DE/FR),1,1,1
Nasus/Renekton (SH),Morgana (MT/SI),1,1,1
Nasus/Renekton (SH),Darius/Riven (FR/NX),1,1,1
Lee Sin/Sett/Udyr (FR/IO),Senna/Veigar (BC/SI),1,1,1
Poppy/Tristana (BC/SH),Shyvana/Taric (DE/MT),1,1,1
Ashe (FR/PZ),Garen (DE/FR),1,1,1
Braum/Lillia (FR/IO),Riven/Sivir (NX/SH),1,1,1
Gwen/Vayne (DE/SI),Darius/Riven (FR/NX),1,1,1
Nasus/Senna (SI/SH),Gnar/Lillia (FR/IO),1,1,1
Lee Sin/Sett/Udyr (FR/IO),Sett (IO/PZ),1,1,1
Sett (FR/IO),Darius/Gnar (FR/NX),1,1,1
Darius/Gnar (FR/NX),Nasus/Renekton (SI/SH),1,1,1
Ornn/Vayne (DE/FR),Ashe/LeBlanc (FR/NX),1,1,1
Kayn/Varus (RU/RU),Darius/Gnar (FR/NX),1,1,1
Ashe/Caitlyn (FR/PZ),Akshan/Lee Sin/Renekton (IO/SH),1,1,1
Sett (IO/SI),Ashe/LeBlanc (FR/NX),1,1,1
Aatrox/Kayn (RU/RU),Akshan/Nidalee (BC/SH),1,1,1
Galio/Morgana/Udyr (DE/FR),Nasus/Thresh (SI/SH),1,1,1
Janna/Sett (IO/PZ),Kalista (FR/SI),1,1,1
Gnar/Sejuani (FR/NX),Kayle (BW/MT),1,1,1
Akshan/Riven (NX/SH),Nasus/Thresh (SI/SH),1,1,1
Lee Sin/Sett/Udyr (FR/IO),Akshan/Senna (SI/SH),1,1,1
Gnar/Sejuani (FR/PZ),Akshan/Senna (SI/SH),1,1,1
Darius/Gnar (FR/NX),Gwen/Riven (NX/SI),1,1,1
Akshan/Riven (NX/SH),Championpile (FR/SH),1,1,1
Aatrox/Kayn (RU/RU),Lillia/Malphite (IO/MT),1,1,1
Galio/Morgana (DE/MT),Championpile (FR/SH),1,1,1
Sett/Viktor (IO/PZ),Darius/Gnar (FR/NX),1,1,1
Gwen/Kayle (MT/SI),Gangplank (BW/NX),1,1,1
Championless (SI),Lillia (IO/MT),1,1,1
Senna/Veigar (SI),Darius/Gnar (FR/NX),1,1,1
Akshan/Lee Sin (IO/SH),Galio/Garen (DE/MT),1,1,1
Lillia/Sett (BC/IO),Galio/Morgana (DE/FR),1,1,1
Maokai (BW/SI),Tristana (BC/MT),1,1,1
Gwen/Kalista (NX/SI),Gwen/Vayne (DE/SI),1,1,1
Janna/Sett (IO/PZ),Ashe (FR/MT),1,1,1
Akshan/Morgana (DE/SH),Rumble/Vayne (DE/NX),1,1,1
Kayle/Leona (MT/NX),Lillia/Sett (BC/IO),1,1,1
Maokai (BW/SI),Ornn/Vayne (DE/FR),1,1,1
Lee Sin/Sett/Udyr (FR/IO),Maokai (BW/SI),1,1,1
Sett (IO/PZ),Sejuani/Swain (FR/NX),1,1,1
Janna/Lillia (IO/PZ),Garen (DE/FR),1,1,1
Kayle (BW/MT),Akshan/Jack (BW/SH),1,1,1
Championless (PZ/SI),Caitlyn/Swain (NX/PZ),1,1,1
Ashe/LeBlanc (FR/NX),Morgana (BC/MT),1,1,1
Morgana/Udyr (DE/FR),Leona/Sivir (MT/SH),1,1,1
Ashe (FR/SI),Gnar/Neeko (FR/RU),1,1,1
Rumble/Sion (BC/NX),Braum (FR/NX),1,1,1
Braum (FR/NX),Janna (PZ/SI),1,1,1
Akshan/Morgana (MT/SH),Championless (PZ/SI),1,1,1
Swain/Yasuo (IO/NX),Gwen/Kalista (SI),1,1,1
Leona/Sivir (MT/SH),Lillia/Udyr (FR/IO),1,1,1
Illaoi/Ornn (BW/FR),Akshan/Lee Sin (IO/SH),1,1,1
Nasus/Sivir (SI/SH),Akshan/Lee Sin (IO/SH),1,1,1
Aatrox/Morgana/Vayne (RU/DE),Galio/Udyr (DE/FR),1,1,1
Janna/Viktor (IO/PZ),Championpile (FR/SH),1,1,1
Ashe/LeBlanc (FR/NX),Kai'Sa/Sivir (BW/SH),1,1,1
Leona (MT/PZ),Ashe/LeBlanc (FR/NX),1,1,1
Galio/Udyr (DE/FR),Braum (FR/NX),1,1,1
Galio/Udyr (DE/FR),Aphelios/Morgana (DE/MT),1,1,1
Sion (NX/SI),Braum (FR/NX),1,1,1
Gnar/Nidalee (BC/SH),Braum (FR/NX),1,1,1
Braum (FR/NX),LeBlanc/Sivir (NX/SH),1,1,1
Senna (PZ/SI),Illaoi/Swain (BW/NX),1,1,1
Neeko/Veigar (BC/RU),Akshan/Senna (SI/SH),1,1,1
Championless (SI),Jack/Nidalee (BW/SH),1,1,1
Ashe/LeBlanc (FR/NX),Caitlyn/Senna (PZ/SI),1,1,1
Sett (IO/PZ),Akshan/Kayn (RU/SH),1,1,1
Lulu/Shen (IO/MT),Morgana/Taric (DE/MT),1,1,1
Championless (MT/SI),Ornn/Vayne (DE/FR),1,1,1
Galio (DE/FR),Gwen/LeBlanc (NX/SI),1,1,1
Championless (SI),Braum/Udyr (DE/FR),1,1,1
Janna/Viktor (IO/PZ),Braum/Udyr (DE/FR),1,1,1
Braum/Udyr (DE/FR),Sion (NX/SI),1,1,1
Aatrox/Morgana/Vayne (RU/DE),Kalista (MT/SI),1,1,1
Morgana/Udyr (DE/FR),Aphelios/Braum (FR/MT),1,1,1
Aphelios/Braum (FR/MT),Jax/Ornn (FR/RU),1,1,1
Akshan/Morgana (MT/SH),Braum/Udyr (DE/FR),1,1,1
Akshan/Jack (BW/SH),Sett/Viktor (IO/PZ),1,1,1
Morgana/Udyr (DE/FR),Riven/Vi (NX/PZ),1,1,1
Nasus/Thresh (SI/SH),Akshan/Jax (RU/SH),1,1,1
Aatrox/Kayn (RU/RU),Illaoi/Swain (BW/NX),1,1,1
Aphelios/Braum (FR/MT),Nasus/Thresh (SI/SH),1,1,1
Ashe/LeBlanc (FR/NX),Lee Sin/Sett/Udyr (FR/IO),1,1,1
Darius/Gnar (FR/NX),Darius/Sejuani (FR/NX),1,1,1
Darius/Sejuani (FR/NX),Darius (FR/NX),1,1,1
Darius/Sejuani (FR/NX),Ashe/LeBlanc (FR/NX),1,1,1
Braum/Udyr (DE/FR),Braum/Vladimir (FR/NX),1,1,1
Rumble (BC/IO),Jayce/Lux (DE/PZ),1,1,1
Gwen/Vayne (DE/SI),Braum/Udyr (DE/FR),1,1,1
Jack/Sett (BW/IO),Gwen/Vayne (DE/SI),1,1,1
Championless (PZ/SI),Braum/Udyr (DE/FR),1,1,1
Braum/Udyr (DE/FR),Morgana/Udyr (DE/FR),1,1,1
Janna/Sett (IO/PZ),Darius (FR/NX),1,1,1
Kalista (MT/SI),Galio/Udyr (DE/FR),1,1,1
Akshan/Morgana (DE/SH),Gnar/Tristana (BC/BW),1,1,1
Lux/Tahm Kench (BW/DE),Nasus/Thresh (SI/SH),1,1,1
Swain/Yasuo (IO/NX),Senna (PZ/SI),1,1,1
Gangplank/Sejuani (BW/FR),Akshan/Jack (BW/SH),1,1,1
LeBlanc/Rumble (BC/NX),Championless (MT/SI),1,1,1
Vi/Viktor (IO/PZ),Lee Sin/Viktor (IO/PZ),1,1,1
Aatrox/Kayn (RU/RU),Garen/Kai'Sa (DE/SH),1,1,1
Udyr/Vayne (DE/FR),Maokai (BW/SI),1,1,1
Galio/Garen (DE/MT),Malphite/Yasuo (IO/MT),1,1,1
Morgana/Udyr (DE/FR),Braum/Sejuani/Vladimir (FR/NX),1,1,1
Lillia/Malphite (IO/MT),Galio/Udyr (DE/FR),1,1,1
Aatrox/Varus (RU/RU),Akshan/Varus (SH/RU),1,1,1
Yasuo (IO/NX),Vi/Viktor (IO/PZ),1,1,1
Senna (PZ/SI),Aphelios/Taric (DE/MT),1,1,1
Senna (PZ/SI),Braum/Galio (DE/FR),1,1,1
Gnar/Nidalee (BC/SH),Akshan/Sivir (NX/SH),1,1,1
Yasuo (IO/NX),Sett (IO/PZ),1,1,1
Swain/Veigar (NX/SI),Sett (IO/PZ),1,1,1
Ashe/LeBlanc (FR/NX),Championless (DE/SI),1,1,1
LeBlanc/Riven (FR/NX),Braum/Lillia (FR/IO),1,1,1
Akshan/Lee Sin (IO/SH),Garen/Poppy (BC/DE),1,1,1
Morgana/Udyr (DE/FR),Gnar/Lillia (FR/IO),1,1,1
Darius/LeBlanc (FR/NX),Gnar/Lillia (FR/IO),1,1,1
Maokai/Nautilus (BW/SI),Akshan/Jack (BW/SH),1,1,1
Ashe/LeBlanc (FR/NX),LeBlanc/Yasuo (IO/NX),1,1,1
Ashe (FR/PZ),Braum/Udyr (DE/FR),1,1,1
Akshan/Nasus (SI/SH),Championless (MT/SI),1,1,1
Akshan/Jack (BW/SH),Sett (IO/PZ),1,1,1
Akshan/Nasus (SI/SH),Malphite/Yasuo (IO/MT),1,1,1
Senna/Veigar (BC/SI),Championless (DE/SI),1,1,1
Akshan/Lee Sin (IO/SH),Championpile (FR/SH),1,1,1
Akshan/Viktor (PZ/SH),Sett (IO/PZ),1,1,1
Lillia/Sett (FR/IO),Ashe/Tahm Kench (BW/FR),1,1,1
Aatrox (RU/BW),Lillia/Sett (FR/IO),1,1,1
Championless (MT/SI),Shen/Sivir (IO/SH),1,1,1
Gwen/Vayne (DE/SI),Aphelios/Morgana (MT/SI),1,1,1
Leona/Yasuo (IO/MT),Nasus/Thresh (SI/SH),1,1,1
Galio/Garen (DE/MT),Lillia (FR/IO),1,1,1
Akshan/Varus (SH/RU),Gwen/Swain (NX/SI),1,1,1
Lillia/Sett (FR/IO),Jayce/Lux (DE/PZ),1,1,1
Ashe/LeBlanc (FR/NX),Lillia/Sett (FR/IO),1,1,1
Braum/Lillia (FR/IO),Lillia/Sett (FR/IO),1,1,1
Darius/Gnar (FR/NX),Ashe/Sett (FR/IO),1,1,1
Akshan/Morgana (MT/SH),Akshan/Kayn (RU/SH),1,1,1
Gwen/Swain (NX/SI),Akshan/Nasus (SI/SH),1,1,1
Gwen/Swain (NX/SI),Jayce/Lux (DE/PZ),1,1,1
Gwen/Swain (NX/SI),Swain/Veigar (NX/SI),1,1,1
Galio/Morgana (DE/MT),Akshan/Shyvana (DE/SH),1,1,1
Garen/Poppy (DE),Ashe/Tahm Kench (BW/FR),1,1,1
Akshan/Morgana (MT/SH),Lee Sin/Lillia (FR/IO),1,1,1
Galio (DE/FR),Senna/Veigar (BC/SI),1,1,1
Championless (PZ/SI),Janna/Senna (PZ/SI),1,1,1
Gnar/Lillia (FR/IO),Swain/Yasuo (IO/NX),1,1,1
Gwen/Swain (NX/SI),Gnar/Lillia (FR/IO),1,1,1
Garen/Poppy (DE),Maokai/Nautilus (BW/SI),1,1,1
Neeko/Renekton (RU/SH),Galio/Garen (DE/MT),1,1,1
Championless (MT/SI),Galio/Garen (DE/MT),1,1,1
LeBlanc/Sivir (NX/SH),Gnar/Kayle (FR/MT),1,1,1
Akshan/Varus (SH/RU),Akshan/Neeko (RU/SH),1,1,1
Gnar/Kayle (FR/MT),Maokai/Nautilus (BW/SI),1,1,1
Garen/Poppy (DE),Neeko/Renekton (RU/SH),1,1,1
Jack/Morgana (BW/MT),Morgana/Udyr (DE/FR),1,1,1
Aphelios/Taric (DE/MT),Sett (IO/PZ),1,1,1
Janna/Viktor (IO/PZ),Aatrox/Kayn (RU/RU),1,1,1
Kalista/Senna (BW/SI),Braum/Vladimir (FR/NX),1,1,1
Garen/Poppy (DE),Janna/Sett (IO/PZ),1,1,1
Gnar/Sejuani (FR/NX),Ashe (FR/PZ),1,1,1
Akshan/Varus (SH/RU),Gnar/Sejuani (FR/NX),1,1,1
Gnar/Sejuani (FR/NX),Gwen/Vayne (DE/SI),1,1,1
Gwen/Vayne (DE/SI),Darius/Gnar/Sejuani (FR/NX),1,1,1
Akshan/Varus (SH/RU),Akshan/Viktor (PZ/SH),1,1,1
Akshan/Viktor (PZ/SH),Ashe (FR/PZ),1,1,1
Jax/Kayn (RU/RU),Nasus (SI/SH),1,1,1
Darius/Gnar (FR/NX),Garen/Kai'Sa (DE/SH),1,1,1
Rumble/Sion (BC/NX),Garen (DE/SH),1,1,1
Rumble/Sion (BC/NX),Lillia/Malphite (IO/MT),1,1,1
Gwen (NX/SI),Gangplank/Viktor (BW/PZ),1,1,1
Senna/Veigar (BC/SI),Kai'Sa/Renekton (PZ/SH),1,1,1
Lulu/Neeko (IO/RU),Akshan/Jack (BW/SH),1,1,1
Galio (DE/FR),Jayce/Lux (DE/PZ),1,1,1
Kalista (MT/SI),Malphite/Yasuo (IO/MT),1,1,1
Championless (SI),Gnar/LeBlanc (FR/NX),1,1,1
Ashe (FR/IO),Shyvana (DE/MT),1,1,1
Janna/Senna (PZ/SI),Janna (BW/PZ),1,1,1
Kalista (NX/SI),Aphelios/Lee Sin (IO/MT),1,1,1
Gwen (NX/SI),Gnar/Sejuani (FR/PZ),1,1,1
Gwen (NX/SI),Braum/Senna (FR/SI),1,1,1
Gwen (NX/SI),Kalista (MT/SI),1,1,1
Nasus (SI/SH),Gwen (NX/SI),1,1,1
Braum/Kayle (FR/MT),Janna/Sett (IO/PZ),1,1,1
Nasus (SI/SH),LeBlanc (FR/NX),1,1,1
Illaoi/Swain (BW/NX),Yasuo (IO/NX),1,1,1
Ashe (FR/PZ),Leona (MT/PZ),1,1,1
Lillia/Malphite (IO/MT),Braum/Lillia (FR/IO),1,1,1
Gangplank/Sejuani (BW/FR),Akshan/Jax (RU/SH),1,1,1
Swain/Yasuo (IO/NX),Garen (DE/FR),1,1,1
Lee Sin/Viktor (IO/PZ),Garen (DE/FR),1,1,1
Championless (MT/SI),Kalista (MT/SI),1,1,1
Akshan/Sivir (DE/SH),Kalista (NX/SI),1,1,1
Akshan/Taric (MT/SH),Championless (MT/SI),1,1,1
Darius/Gwen/Kalista (NX/SI),Rumble/Viktor (BC/PZ),1,1,1
Yasuo (IO/NX),Janna/Senna (PZ/SI),1,1,1
Yasuo (IO/NX),Darius/Gwen/Kalista (NX/SI),1,1,1
Senna/Veigar (BC/SI),Gwen/Kayle (MT/SI),1,1,1
Gnar/Nidalee (BC/SH),Gwen/Kalista (NX/SI),1,1,1
Galio/Taric (DE/MT),Gnar/Nidalee (BC/SH),1,1,1
Gwen/Vayne (DE/SI),Senna (PZ/SI),1,1,1
Gwen/Vayne (DE/SI),Championless (IO/PZ),1,1,1
Illaoi/Kayle (BW/MT),Ashe/LeBlanc (FR/NX),1,1,1
Lee Sin/Varus (IO/RU),Maokai (BW/SI),1,1,1
Illaoi/Kayle (BW/MT),Championless (SI),1,1,1
Championless (SI),Morgana (MT/SI),1,1,1
Ashe/LeBlanc (FR/NX),Gnar/Kayle (FR/MT),1,1,1
Gwen/Vayne (DE/SI),Lillia (FR/IO),1,1,1
LeBlanc/Sivir (NX/SH),Morgana (MT/SI),1,1,1
Akshan/Taric (MT/SH),Gangplank/Sejuani (BW/FR),1,1,1
Gangplank/Sejuani (BW/FR),Akshan/Morgana (DE/SH),1,1,1
Akshan/Nasus (SI/SH),Riven/Rumble (BC/NX),1,1,1
Ashe/Jack (BW/FR),LeBlanc/Sivir (NX/SH),1,1,1
Ornn/Vayne (DE/FR),Akshan/Nasus (SI/SH),1,1,1
Akshan/Morgana (DE/SH),Kayle/Lillia (IO/MT),1,1,1
Ornn/Vayne (DE/FR),Janna (IO/PZ),1,1,1
Maokai/Nautilus (BW/SI),Ashe/Jack (BW/FR),1,1,1
Aatrox/Kayn (RU/RU),Morgana (MT/SI),1,1,1
Akshan/Varus (SH/RU),Ashe/Jack (BW/FR),1,1,1
Caitlyn/Swain (NX/PZ),Morgana/Udyr/Vayne (DE/FR),1,1,1
Darius (FR/NX),Morgana/Udyr/Vayne (DE/FR),1,1,1
Senna/Veigar (BC/SI),Lux/Shen (DE/IO),1,1,1
Lux/Shen (DE/IO),Gwen/Swain (NX/SI),1,1,1
Janna/Sett (IO/PZ),Garen/Sivir (DE/SH),1,1,1
LeBlanc/Udyr (FR/NX),Gnar/Tristana (BC/FR),1,1,1
Ashe (FR/PZ),Lillia/Malphite (IO/MT),1,1,1
Ashe/Janna (FR/PZ),Akshan/Varus (SH/RU),1,1,1
LeBlanc/Udyr (FR/NX),Caitlyn/Swain (NX/PZ),1,1,1
Gnar/Lillia (FR/IO),Senna/Veigar (BC/SI),1,1,1
Akshan/Lee Sin (IO/SH),Janna/Senna (PZ/SI),1,1,1
Kalista (MT/SI),Kalista (SI),1,1,1
Gwen/Swain (NX/SI),Gnar/LeBlanc (FR/NX),1,1,1
Gwen/Swain (NX/SI),Kayle (BW/MT),1,1,1
Maokai/Nautilus (BW/SI),Championless (FR/MT),1,1,1
Sett (IO/PZ),Gwen/Swain (NX/SI),1,1,1
Sett (IO/PZ),Braum (FR/NX),1,1,1
Jayce/Senna (PZ/SI),Garen/Kayle/Shyvana (DE/MT),1,1,1
Championless (MT/SI),Ashe/Jack (BW/FR),1,1,1
Aatrox/Kayn (RU/RU),Braum (FR/NX),1,1,1
Jack/Sett (BW/IO),Braum (FR/NX),1,1,1
Braum (FR/NX),LeBlanc/Sejuani (FR/NX),1,1,1
Galio/Garen/Shyvana (DE/NX),Senna (PZ/SI),1,1,1
Gnar/Riven (FR/NX),LeBlanc/Udyr (FR/NX),1,1,1
Akshan/Nasus (SI/SH),LeBlanc/Udyr (FR/NX),1,1,1
Ashe/Jack (BW/FR),LeBlanc/Udyr (FR/NX),1,1,1
Lee Sin/Viktor (IO/PZ),Garen/Poppy (DE/SH),1,1,1
Akshan/Senna (SI/SH),Illaoi/Swain (BW/NX),1,1,1
Nasus/Thresh (SI/SH),Jack/Varus (BW/RU),1,1,1
Kalista (MT/SI),Darius/Gnar (FR/NX),1,1,1
Aphelios/Taric (DE/MT),Senna/Veigar (BC/SI),1,1,1
Senna/Veigar (BC/SI),Ashe/Jack (BW/FR),1,1,1
Kalista (BC/SI),Akshan/Morgana (MT/SH),1,1,1
Garen/Kayle/Shyvana (DE/MT),Jack/Morgana (BW/MT),1,1,1
Jack/Varus (BW/RU),Janna/Sett (IO/PZ),1,1,1
Jack/Varus (BW/RU),Garen (DE/SH),1,1,1
Ashe/Jack (BW/FR),Morgana/Udyr (DE/FR),1,1,1
Ashe/Jack (BW/FR),Championless (PZ/SI),1,1,1
Nasus/Thresh (SI/SH),Shyvana (DE/MT),1,1,1
Braum/Lillia (FR/IO),Morgana (MT/SI),1,1,1
Jack/Sett (BW/IO),Morgana (MT/SI),1,1,1
Nidalee (BC/SH),Ashe/Caitlyn (FR/PZ),1,1,1
Janna/Viktor (IO/PZ),Kalista (MT/SI),1,1,1
Jayce/Senna (PZ/SI),Ashe/LeBlanc (FR/NX),1,1,1
Gnar/Nidalee (BC/SH),Gnar/Sejuani (FR/PZ),1,1,1
Gwen (NX/SI),Braum/Vladimir (FR/NX),1,1,1
Kai'Sa/Sivir (FR/SH),Garen/Kayle/Shyvana (DE/MT),1,1,1
Akshan/Varus (SH/RU),Garen (DE/SI),1,1,1
Morgana/Taric (DE/MT),Riven/Rumble (BC/NX),1,1,1
Galio/Udyr (DE/FR),Riven/Rumble (BC/NX),1,1,1
Kayle/Leona (MT/NX),Kayle/Lillia (IO/MT),1,1,1
Kayle/Leona (MT/NX),Darius (FR/NX),1,1,1
Janna/Viktor (IO/PZ),Braum/Vladimir (FR/NX),1,1,1
Illaoi/Swain (BW/NX),Caitlyn/Swain (NX/PZ),1,1,1
Braum/Galio (DE/FR),Akshan/Senna (SI/SH),1,1,1
Nasus/Renekton (SH),Senna (PZ/SI),1,1,1
Akshan/Senna (SI/SH),Akshan/Neeko (RU/SH),1,1,1
Championless (SI),Braum/Lillia/Sett (FR/IO),1,1,1
Akshan/Nasus (SI/SH),Ashe/Caitlyn (FR/PZ),1,1,1
Maokai/Viktor (PZ/SI),Ashe/Janna (FR/PZ),1,1,1
Ashe/LeBlanc (FR/NX),Poppy/Tristana (BC/SH),1,1,1
Jack/Morgana (BW/MT),Poppy/Tristana (BC/SH),1,1,1
Poppy/Tristana (BC/SH),Galio/Garen (DE),1,1,1
Neeko/Renekton (RU/SH),Lux/Morgana (DE/MT),1,1,1
Kalista (SI),Lux/Morgana (DE/MT),1,1,1
Aphelios/Braum (FR/MT),Jayce/Lux (DE/PZ),1,1,1
Lillia/Sett (BC/IO),Gnar/Janna (BC/PZ),1,1,1
Jack/Sett (BW/IO),Nidalee (PZ/SH),1,1,1
Jack/Sett (BW/IO),Gnar/Viktor (BC/PZ),1,1,1
Jack/Sett (BW/IO),Viktor (BC/PZ),1,1,1
Jack/Sett (BW/IO),Lillia/Morgana (IO/MT),1,1,1
Jack/Sett (BW/IO),Kalista/Thresh (IO/SI),1,1,1
Caitlyn/Jack (BW/PZ),Senna/Veigar (BC/SI),1,1,1
Akshan/Renekton (FR/SH),Jack (BW/IO),1,1,1
Jack (BW/IO),Senna/Veigar (BC/SI),1,1,1
Championless (SI),Jack (BW/IO),1,1,1
Lillia/Sett (BC/IO),Aatrox/Morgana (RU/DE),1,1,1
Lillia/Sett (BC/IO),Akshan/Aphelios (MT/SH),1,1,1
Janna/Sett (IO/PZ),Gwen/Kalista (NX/SI),1,1,1
Lillia/Sett (BC/IO),Aatrox/Vayne (RU/DE),1,1,1
Lillia/Sett (BC/IO),Caitlyn (BC/PZ),1,1,1
Rumble/Sion (BC/NX),Gnar/Lillia (FR/IO),1,1,1
Kalista (IO/SI),Darius/Gnar (FR/NX),1,1,1
Riven/Viktor (NX/PZ),Lillia/Viktor (IO/PZ),1,1,1
Akshan/Nasus (SI/SH),Rumble/Sivir (NX/SH),1,1,1
Braum/Kayle (FR/MT),Shyvana (DE/MT),1,1,1
Janna (PZ/SI),Kalista (IO/SI),1,1,1
Gangplank/Sejuani (BW/FR),Akshan/Viktor (PZ/SH),1,1,1
Gangplank/Sejuani (BW/FR),Aphelios/Udyr (FR/MT),1,1,1
Yasuo (IO/MT),Gangplank/Sejuani (BW/FR),1,1,1
Senna/Veigar (PZ/SI),Lux/Tahm Kench (BW/DE),1,1,1
Senna/Veigar (PZ/SI),Gnar (BC/FR),1,1,1
Senna/Veigar (PZ/SI),Neeko/Nidalee (RU/SH),1,1,1
Senna/Veigar (PZ/SI),Poppy/Taric (DE/MT),1,1,1
Senna/Veigar (PZ/SI),Gangplank/Sejuani (BW/FR),1,1,1
Senna/Veigar (PZ/SI),LeBlanc/Lillia (IO/NX),1,1,1
Yasuo (IO/MT),Championless (SI),1,1,1
Kalista (IO/SI),Morgana (DE/MT),1,1,1
Kalista (IO/SI),Kalista (SI),1,1,1
Championless (MT/SI),Gwen/Kayle (MT/SI),1,1,1
Maokai (PZ/SI),Championless (MT/SI),1,1,1
Senna (SI/SH),Championless (SI),1,1,1
Championless (SI),Braum/Kayle/Udyr (FR/MT),1,1,1
Lee Sin/Viktor (IO/PZ),Kayle/Lillia (IO/MT),1,1,1
Leona (IO/MT),Braum/Lillia (FR/IO),1,1,1
Leona (IO/MT),Braum/Vladimir (FR/NX),1,1,1
Maokai/Nautilus (BW/SI),Leona (IO/MT),1,1,1
Janna (IO/PZ),Leona (IO/MT),1,1,1
Kalista (IO/SI),Ashe/Tahm Kench (BW/FR),1,1,1
Ashe/LeBlanc (FR/NX),Aphelios/Jack (BW/MT),1,1,1
Senna/Veigar (BC/SI),Aphelios/Jack (BW/MT),1,1,1
Aatrox/Kayn (RU/RU),Gnar/Sett (FR/IO),1,1,1
Gnar/Renekton (FR/SH),Akshan/Morgana (MT/SH),1,1,1
Leona (IO/MT),Sett (IO/PZ),1,1,1
Gwen/Morgana (MT/SI),Garen/LeBlanc (DE/NX),1,1,1
Gnar/Renekton (FR/SH),Neeko/Tristana (BC/RU),1,1,1
Gnar/Renekton (FR/SH),Senna/Veigar (BC/SI),1,1,1
Yasuo (IO/NX),Lillia/Udyr (FR/IO),1,1,1
Ashe/LeBlanc (FR/NX),Lux/Senna (DE/SI),1,1,1
Braum/Kayle (FR/MT),Janna/Malphite (MT/PZ),1,1,1
Ashe/LeBlanc (FR/NX),Gnar/Lillia (FR/IO),1,1,1
Yasuo (IO/NX),Poppy/Taric (DE/MT),1,1,1
Rumble/Vayne (DE/NX),Poppy/Taric (DE/MT),1,1,1
Rumble/Vayne (DE/NX),Shen (DE/IO),1,1,1
Gangplank/Sejuani (BW/FR),Kalista (IO/SI),1,1,1
Braum/Lillia (FR/IO),Braum/Kayle (FR/MT),1,1,1
Kayle (BW/MT),Lux/Senna (DE/SI),1,1,1
Akshan/Udyr (FR/SH),Caitlyn/Swain (NX/PZ),1,1,1
Kalista (SI),Braum/Kayle (FR/MT),1,1,1
Galio (DE/FR),Gangplank/Sejuani (BW/FR),1,1,1
Braum/Lillia (FR/IO),Leona/Sivir (MT/SH),1,1,1
Championless (PZ/SI),Galio (DE/FR),1,1,1
Yasuo (IO/NX),Aphelios/Yasuo (IO/MT),1,1,1
Aatrox/Kayn (RU/RU),Caitlyn/Janna (PZ/SI),1,1,1
Championless (SI),Lux/Senna (DE/SI),1,1,1
Lux/Senna (DE/SI),Kalista (SI),1,1,1
Nasus/Thresh (SI/SH),Gwen/Kalista (DE/SI),1,1,1
Aatrox/Kayn (RU/RU),LeBlanc (FR/NX),1,1,1
Maokai/Nautilus (BW/SI),Neeko/Renekton (RU/SH),1,1,1
Aatrox/Kayn (RU/RU),Nidalee (SI/SH),1,1,1
Kalista (IO/SI),Jayce/Lux (DE/PZ),1,1,1
Poppy/Taric (DE/MT),Neeko/Poppy (DE/RU),1,1,1
Championless (SI),Udyr/Vladimir (FR/NX),1,1,1
Jax/Neeko (RU/RU),Sett/Udyr (FR/IO),1,1,1
Gangplank/Sejuani (BW/FR),Renekton/Sivir (IO/SH),1,1,1
Riven/Viktor (NX/PZ),Leona/Riven (MT/NX),1,1,1
Nasus (SI/SH),Caitlyn/Swain (NX/PZ),1,1,1
Riven/Viktor (NX/PZ),Caitlyn/Swain (NX/PZ),1,1,1
Poppy/Taric (DE/MT),Janna (PZ/SI),1,1,1
Caitlyn/Swain (NX/PZ),Poppy/Taric (DE/MT),1,1,1
Riven/Viktor (NX/PZ),Neeko/Renekton (RU/SH),1,1,1
Galio/Poppy (BC/DE),Aatrox/Kayn (RU/RU),1,1,1
Janna/Viktor (IO/PZ),Riven/Viktor (NX/PZ),1,1,1
Ashe/Sejuani (DE/FR),Aatrox/Kayn (RU/RU),1,1,1
Neeko/Renekton (RU/SH),Poppy/Taric (DE/MT),1,1,1
Neeko/Renekton (RU/SH),Ashe/LeBlanc (FR/NX),1,1,1
Neeko/Renekton (RU/SH),Darius/Gnar (FR/NX),1,1,1
Nidalee (BC/SH),Kalista (IO/SI),1,1,1
Neeko/Renekton (RU/SH),Lulu/Shen (IO/NX),1,1,1
Gangplank/Sejuani (BW/FR),Ashe/Caitlyn (FR/PZ),1,1,1
Championless (PZ/SI),Nasus (SI/SH),1,1,1
Kalista (IO/SI),Braum/Vladimir (FR/NX),1,1,1
Neeko/Renekton (RU/SH),Jack/Sett (BW/IO),1,1,1
Kalista (IO/SI),Neeko/Renekton (RU/SH),1,1,1
Riven/Vayne (DE/NX),Championless (SI),1,1,1
Gnar/Renekton (FR/SH),Akshan/Varus (SH/RU),1,1,1
Riven/Viktor (NX/PZ),Akshan/Aphelios (MT/SH),1,1,1
Braum/Lillia (FR/IO),Gnar/Swain (BC/NX),1,1,1
Aphelios/Viktor (MT/PZ),Lulu/Shen (IO/NX),1,1,1
Lulu/Shen (IO/NX),Maokai (PZ/SI),1,1,1
Gnar/Nidalee (BC/SH),Kayle (BC/MT),1,1,1
Kalista (SI),Leona/Sivir (MT/SH),1,1,1
Caitlyn/Swain (NX/PZ),Braum/Udyr (FR/MT),1,1,1
Illaoi/Vayne (BW/DE),Caitlyn/Swain (NX/PZ),1,1,1
Championless (NX/SI),Kalista (IO/SI),1,1,1
Ashe/LeBlanc (FR/NX),Championless (NX/SI),1,1,1
Gangplank/Sejuani (BW/FR),LeBlanc (FR/NX),1,1,1
Aatrox/Jack (RU/BW),Aphelios/Viktor (MT/PZ),1,1,1
Aatrox/Jack (RU/BW),Championless (SI),1,1,1
Championless (IO/SI),Janna/Senna (PZ/SI),1,1,1
Championless (IO/SI),Rumble/Sion (BC/NX),1,1,1
Poppy/Tristana (BC/NX),Jayce/Lux (DE/PZ),1,1,1
Ashe/Sejuani (FR),Nasus (SI/SH),1,1,1
Jayce/Lux (DE/PZ),Lillia/Veigar (BC/IO),1,1,1
Senna/Veigar (BC/SI),Aatrox/Jack (RU/BW),1,1,1
Poppy/Taric (DE/MT),Championless (PZ/SI),1,1,1
Akshan/Sivir (DE/SH),Ashe (FR/PZ),1,1,1
Sett/Udyr (FR/IO),Gangplank/Thresh (BW/SI),1,1,1
Darius/Gnar (FR/NX),Caitlyn/Jack (BW/PZ),1,1,1
Senna/Swain (NX/SI),Championless (SI),1,1,1
Sett/Udyr (FR/IO),Aatrox/Jack (RU/BW),1,1,1
Akshan/Aphelios (MT/SH),Aphelios/Viktor (MT/PZ),1,1,1
Garen/Neeko (DE/RU),Championless (SI),1,1,1
Lillia/Sett (BC/IO),Poppy/Tristana (BC/NX),1,1,1
Aatrox/Kayn (RU/RU),Janna/Malphite (MT/PZ),1,1,1
Leona/Sett (IO/MT),Janna/Viktor (BW/PZ),1,1,1
Lee Sin/Viktor (IO/PZ),Leona/Sett (IO/MT),1,1,1
Braum/Sett (FR/IO),Kayle (BW/MT),1,1,1
Ashe/LeBlanc (FR/NX),Akshan/LeBlanc (NX/SH),1,1,1
Jack/Sett (BW/IO),Akshan/Lillia (IO/SH),1,1,1
Jayce (PZ/SI),Rumble/Sion (BC/NX),1,1,1
Akshan/Nidalee/Sivir (DE/SH),Aphelios/Viktor (MT/PZ),1,1,1
Ashe/LeBlanc (FR/NX),Morgana/Viktor (MT/PZ),1,1,1
Gnar/Nidalee (BC/SH),Akshan/Lillia (IO/SH),1,1,1
Akshan/Lillia (IO/SH),Nasus (SI/SH),1,1,1
Braum/Sett (FR/IO),Darius/Gnar (FR/NX),1,1,1
Aatrox/Vayne (RU/DE),Gangplank/Sejuani (BW/FR),1,1,1
Darius/Gnar (FR/NX),Udyr/Viktor (FR/PZ),1,1,1
Akshan/Lillia (IO/SH),Lillia/Viktor (IO/PZ),1,1,1
Gnar/Renekton (FR/SH),Darius/Gnar (FR/NX),1,1,1
LeBlanc/Lillia (IO/NX),Aatrox/Kayn (RU/RU),1,1,1
Aatrox/Kayn (RU/RU),Championless (FR/SI),1,1,1
Lulu/Shen (IO/MT),Akshan/Nidalee/Sivir (DE/SH),1,1,1
Garen (DE/SH),Akshan/Nidalee/Sivir (DE/SH),1,1,1
Aphelios/Lee Sin (IO/MT),Lillia/Sett (BC/IO),1,1,1
Braum (FR/MT),Caitlyn/Swain (NX/PZ),1,1,1
Gnar/Nidalee (BC/SH),Braum/Sett (FR/IO),1,1,1
Darius/Sion (BW/NX),Morgana/Viktor (MT/PZ),1,1,1
Janna/Malphite (MT/PZ),Darius/Sion (BW/NX),1,1,1
Janna/Malphite (MT/PZ),Poppy/Taric (DE/MT),1,1,1
Darius/Sion (BW/NX),Maokai (BW/SI),1,1,1
Galio (DE/FR),Darius/LeBlanc (NX),1,1,1
Akshan/Varus (SH/RU),Illaoi/Vayne (BW/DE),1,1,1
Akshan/Nidalee/Sivir (DE/SH),Gangplank/Sejuani (BW/FR),1,1,1
Championless (IO/SI),Renekton (NX/SH),1,1,1
Championless (IO/SI),Illaoi/Vayne (BW/DE),1,1,1
Championless (IO/SI),Senna (PZ/SI),1,1,1
Jayce/Lux (DE/PZ),Aphelios/Lux (DE/MT),1,1,1
Sejuani/Vi (FR/PZ),Garen (DE/SH),1,1,1
Ashe/LeBlanc (FR/NX),Braum/Sett (FR/IO),1,1,1
Darius/LeBlanc (NX),Malphite/Yasuo (IO/MT),1,1,1
Aatrox/Jack (RU/BW),Ashe/LeBlanc (FR/NX),1,1,1
Rumble/Sion (BC/NX),Janna/Morgana (MT/PZ),1,1,1
Akshan/Nidalee/Sivir (DE/SH),Shen/Sivir (IO/SH),1,1,1
Akshan/Lee Sin (IO/SH),Braum (FR/MT),1,1,1
Caitlyn/Swain (NX/PZ),LeBlanc/Sivir (NX/SH),1,1,1
Aatrox/Kayn (RU/RU),Illaoi/Vayne (BW/DE),1,1,1
Nidalee (BC/SH),Rumble/Vayne (BC/DE),1,1,1
Championless (IO/MT),Braum/Lillia (FR/IO),1,1,1
Gwen/Riven (NX/SI),Leona/Sett (IO/MT),1,1,1
Darius/Gnar (FR/NX),Sejuani/Swain (FR/NX),1,1,1
Darius/Gnar (FR/NX),Kayle/Shyvana (DE/MT),1,1,1
Lillia (IO/MT),Braum/Vladimir (FR/NX),1,1,1
Darius/Gnar (FR/NX),Illaoi/Vayne (BW/DE),1,1,1
Leona/Yasuo (IO/MT),Lux/Morgana (DE/MT),1,1,1
Braum/Galio (DE/FR),Akshan/Kayn (RU/SH),1,1,1
Braum/Galio (DE/FR),Taric/Udyr (FR/MT),1,1,1
Braum (FR/MT),Lux/Morgana (DE/MT),1,1,1
Lux/Morgana (DE/MT),Akshan/Kayn (RU/SH),1,1,1
Caitlyn/Swain (NX/PZ),Lux/Morgana (DE/MT),1,1,1
Jack/Sett (BW/IO),Gangplank/Swain (BW/NX),1,1,1
Akshan/Nidalee/Sivir (DE/SH),Sejuani/Swain (FR/NX),1,1,1
Braum (FR/MT),Gnar (FR/PZ),1,1,1
Akshan/Jack (BW/SH),Jayce/Lux (DE/PZ),1,1,1
LeBlanc/Sivir (NX/SH),Gnar (FR/PZ),1,1,1
LeBlanc/Sivir (NX/SH),Malphite/Yasuo (IO/MT),1,1,1
Darius/Gnar (FR/NX),Janna/Morgana (MT/PZ),1,1,1
Braum/Vladimir (FR/NX),Lee Sin/Riven (IO/NX),1,1,1
Ashe (FR/PZ),Braum/Kai'Sa (FR/SH),1,1,1
Leona/Yasuo (IO/MT),Darius/LeBlanc (NX),1,1,1
Darius/LeBlanc (NX),Rumble/Sion (BC/NX),1,1,1
Maokai/Nautilus (BW/SI),Darius/LeBlanc (NX),1,1,1
Darius/LeBlanc (NX),Riven/Viktor (NX/PZ),1,1,1
Darius/LeBlanc (NX),Janna/Viktor (BC/PZ),1,1,1
Janna/Malphite (MT/PZ),Darius/LeBlanc (NX),1,1,1
Gnar/Renekton (FR/SH),Sett/Viktor (IO/PZ),1,1,1
Gnar/Renekton (FR/SH),Poppy (DE/FR),1,1,1
Gnar/Renekton (FR/SH),Braum/Lillia (FR/IO),1,1,1
Akshan/Lee Sin (IO/SH),Gnar/Renekton (FR/SH),1,1,1
Gnar/Renekton (FR/SH),Jack/Sett (BW/IO),1,1,1
Lillia/Poppy (BC/IO),Lillia/Sett (BC/IO),1,1,1
Taric/Udyr (FR/MT),Gnar (FR/PZ),1,1,1
Aphelios/Viktor (MT/PZ),Taric/Udyr (FR/MT),1,1,1
Akshan/Nidalee/Sivir (DE/SH),Jack/Sett (BW/IO),1,1,1
Braum (FR/MT),Aatrox/Kayn (RU/RU),1,1,1
Gnar/Nidalee (BC/SH),Braum (FR/MT),1,1,1
Braum (FR/MT),Kayle (BW/MT),1,1,1
LeBlanc/Sivir (NX/SH),Ornn/Vayne (DE/FR),1,1,1
LeBlanc/Rumble (BC/NX),LeBlanc/Sivir (NX/SH),1,1,1
Championless (SI),Gnar/Rumble/Tristana (BC/FR),1,1,1
Jax/Ornn (FR/RU),Morgana/Udyr (FR/MT),1,1,1
Braum/Lulu/Udyr (FR/IO),Championless (SI),1,1,1
Nidalee (BC/SH),Championless (FR/SI),1,1,1
LeBlanc/Sivir (NX/SH),Braum (FR/MT),1,1,1
Ashe/Senna (FR/SI),Lillia/Sett (BC/IO),1,1,1
Leona/Yasuo (IO/MT),Kayle (BC/MT),1,1,1
Kayle (BC/MT),Braum/Lillia (FR/IO),1,1,1
Kayle (BC/MT),Jack/Sett (BW/IO),1,1,1
Kayle (BW/MT),Championless (NX/SI),1,1,1
Aatrox/Kayn (RU/RU),Kalista/Sion (NX/SI),1,1,1
Jayce/Lux (DE/PZ),LeBlanc/Leona (MT/NX),1,1,1
Akshan/Varus (SH/RU),Kayle/Lillia (IO/MT),1,1,1
Kai'Sa/Sivir (FR/SH),Jayce/Lux (DE/PZ),1,1,1
Jayce/Lux (DE/PZ),Darius/LeBlanc (NX/SI),1,1,1
Kalista/Sion (NX/SI),Kalista (SI),1,1,1
Championless (SI),Gwen (FR/SI),1,1,1
Morgana/Shen (DE/IO),Kalista (SI),1,1,1
Braum/Janna (FR/PZ),Aphelios/Viktor (MT/PZ),1,1,1
Taric (MT/PZ),Darius/LeBlanc (BW/NX),1,1,1
Senna/Veigar (BC/SI),Darius/LeBlanc (NX),1,1,1
Darius/LeBlanc (NX),Braum/Udyr (FR/IO),1,1,1
Darius/LeBlanc (NX),Poppy/Taric (DE/MT),1,1,1
Braum/Lillia (FR/IO),Lux/Udyr (DE/FR),1,1,1
Illaoi/Swain (BW/NX),Garen/Tahm Kench (BW/DE),1,1,1
Senna/Veigar (BC/SI),Championless (BW/NX),1,1,1
Caitlyn/Swain (NX/PZ),Braum/Janna (FR/PZ),1,1,1
Braum/Lillia (FR/IO),Janna (BC/PZ),1,1,1
Udyr (FR/IO),Janna/Lee Sin (IO/PZ),1,1,1
Udyr (FR/IO),Kayle/Poppy (BC/MT),1,1,1
Braum/Udyr (FR/IO),Braum (FR/MT),1,1,1
Jayce/Lux (DE/PZ),Udyr (FR/IO),1,1,1
Gnar/Neeko (FR/RU),Ornn/Sejuani (FR/IO),1,1,1
Ornn/Sejuani (FR/IO),Neeko/Poppy (DE/RU),1,1,1
Ashe/LeBlanc (FR/NX),Udyr (FR/IO),1,1,1
Nasus/Renekton (SH),Caitlyn/Swain (NX/PZ),1,1,1
Braum (FR/MT),Gangplank/Sejuani (BW/FR),1,1,1
Gangplank/Swain (BW/NX),Lillia/Sett (BC/IO),1,1,1
Lillia/Sett (BC/IO),Shyvana (DE/MT),1,1,1
Garen/Kayle/Shyvana (DE/MT),Nasus/Thresh (SI/SH),1,1,1
Garen/Kayle/Shyvana (DE/MT),Jack/Sett (BW/IO),1,1,1
Kayle/Shyvana (DE/MT),Leona/Yasuo (IO/MT),1,1,1
Viktor (BC/PZ),Morgana (DE/MT),1,1,1
Leona/Sett (IO/MT),Aphelios/Lux (DE/MT),1,1,1
Shyvana (DE/MT),Udyr (FR/IO),1,1,1
Lee Sin/Viktor (IO/PZ),Garen/Kayle/Shyvana (DE/MT),1,1,1
Aatrox/Morgana/Vayne (RU/DE),Aatrox/Kayn (RU/RU),1,1,1
Kayle/Shyvana (DE/MT),Senna (PZ/SI),1,1,1
Morgana/Riven (MT/NX),Ryze (IO/RU),1,1,1
Kayle/Shyvana (DE/MT),Braum/Lillia (FR/IO),1,1,1
Morgana/Riven (MT/NX),Braum/Sett (FR/IO),1,1,1
Braum/Sett (FR/IO),Neeko/Poppy (BC/RU),1,1,1
Braum/Sett (FR/IO),Braum/Kayle/Morgana (FR/MT),1,1,1
Janna/Morgana (MT/PZ),Shyvana (DE/MT),1,1,1
Morgana/Riven (MT/NX),Senna/Veigar (PZ/SI),1,1,1
Braum/Lillia (FR/IO),Janna/Viktor (BW/PZ),1,1,1
Illaoi/Kalista (BW/SI),Braum/Lillia (FR/IO),1,1,1
Braum/Lillia (FR/IO),Aphelios/Morgana (BC/MT),1,1,1
Kayle/Shyvana (DE/MT),Taric/Udyr (FR/MT),1,1,1
Garen/Shen (DE/IO),Akshan/Lee Sin (IO/SH),1,1,1
Akshan/Lee Sin (IO/SH),Viktor (BC/PZ),1,1,1
Caitlyn/Swain (NX/PZ),Viktor (BC/PZ),1,1,1
Garen/Kayle/Shyvana (DE/MT),Maokai (BW/SI),1,1,1
Garen/Kayle/Shyvana (DE/MT),Caitlyn/Swain (NX/PZ),1,1,1
Caitlyn/Swain (NX/PZ),Morgana (DE/MT),1,1,1
Caitlyn/Swain (NX/PZ),Nasus/Senna (SI/SH),1,1,1
Garen/Kayle/Shyvana (DE/MT),Maokai/Nautilus (BW/SI),1,1,1
Aatrox/Kayn (RU/RU),Garen/Kayle/Shyvana (DE/MT),1,1,1
Garen/Kayle/Shyvana (DE/MT),Lee Sin/Riven (IO/NX),1,1,1
Garen/Shen (DE/IO),Garen/Kayle/Shyvana (DE/MT),1,1,1
LeBlanc/Rumble (BC/NX),Garen/Kayle/Shyvana (DE/MT),1,1,1
Janna/Viktor (BW/PZ),Garen/Kayle/Shyvana (DE/MT),1,1,1
Aphelios/Viktor (MT/PZ),Garen/Kayle/Shyvana (DE/MT),1,1,1
Championless (PZ/SI),Senna/Veigar (PZ/SI),1,1,1
Garen (DE/SH),Ashe/Nasus (FR/SH),1,1,1
Garen/Shen (DE/IO),Garen (DE/SH),1,1,1
Senna/Veigar (PZ/SI),Leona/Riven (MT/NX),1,1,1
Akshan/Morgana (MT/SH),Rumble/Vayne (DE/NX),1,1,1
Morgana/Riven (MT/NX),Caitlyn/Swain (NX/PZ),1,1,1
Morgana/Riven (MT/NX),Ashe (FR/SI),1,1,1
Braum (FR/MT),Akshan/Varus (SH/RU),1,1,1
Viktor (BC/PZ),Poppy/Riven (BC/NX),1,1,1
Championless (SI),Ashe (BW/FR),1,1,1
Garen/Kayle/Shyvana (DE/MT),Morgana/Udyr (DE/FR),1,1,1
Rumble/Vayne (DE/NX),Garen/Kayle/Shyvana (DE/MT),1,1,1
Janna/Sett (IO/PZ),Garen (DE/SH),1,1,1
Varus/Viktor (PZ/RU),Ashe/LeBlanc (FR/NX),1,1,1
Ashe/Braum/Udyr (FR/NX),Varus/Viktor (PZ/RU),1,1,1
Darius/Gnar (FR/NX),Viktor (BC/PZ),1,1,1
Viktor (BC/PZ),Maokai/Nautilus (BW/SI),1,1,1
Ashe (FR/PZ),Viktor (BC/PZ),1,1,1
Ashe/LeBlanc (FR/NX),Braum/Swain/Vladimir (FR/NX),1,1,1
Kai'Sa/Sivir (FR/SH),Illaoi/Swain (BW/NX),1,1,1
Janna/Morgana (MT/PZ),Ashe (FR/PZ),1,1,1
Ashe (FR/PZ),Shyvana (DE/FR),1,1,1
Jack/Swain (BW/NX),Nasus (SI/SH),1,1,1
Poppy/Riven (BC/NX),LeBlanc (FR/NX),1,1,1
Varus/Viktor (PZ/RU),Senna (PZ/SI),1,1,1
Caitlyn/Swain (NX/PZ),Braum/Gnar (FR/IO),1,1,1
Galio/Udyr (DE/FR),Rumble/Vayne (DE/NX),1,1,1
Akshan/Lee Sin (IO/SH),Lillia/Morgana (IO/MT),1,1,1
Championless (SI),Kalista (SI/SH),1,1,1
Jayce/Lux (DE/PZ),Akshan/Viktor (PZ/SH),1,1,1
Poppy/Riven (BC/NX),Lillia/Sett (BC/IO),1,1,1
Championless (PZ/SI),Lillia/Sett (BC/IO),1,1,1
Illaoi/Kalista (BW/SI),Lillia/Sett (BC/IO),1,1,1
Gnar (BC/NX),Lillia/Sett (BC/IO),1,1,1
Gnar/Renekton (FR/SH),Shyvana (DE/MT),1,1,1
Gnar/Nidalee (BC/SH),Taric/Udyr (FR/MT),1,1,1
Aatrox/Kayn (RU/RU),Gwen/Lillia (IO/SI),1,1,1
Jack/Swain (BW/NX),Gwen/LeBlanc (NX/SI),1,1,1
Kai'Sa/Sivir (DE/SH),Kai'Sa/Sivir (FR/SH),1,1,1
Gnar/Nidalee (BC/SH),Akshan/Nidalee/Sivir (DE/SH),1,1,1
Jack/Swain (BW/NX),Shyvana (DE/MT),1,1,1
Janna/Vi/Viktor (BC/PZ),Nasus (SI/SH),1,1,1
Akshan/Nasus/Renekton (SH),Jax/Ornn (FR/RU),1,1,1
Kayle (BW/MT),Kai'Sa/Sivir (FR/SH),1,1,1
Neeko/Tristana (BC/RU),Lillia/Veigar (BC/IO),1,1,1
Poppy/Riven (BC/NX),Neeko/Tristana (BC/RU),1,1,1
Darius (NX/PZ),Viktor (BC/PZ),1,1,1
Poppy/Riven (BC/NX),Gnar/Neeko (FR/RU),1,1,1
Poppy/Riven (BC/NX),Galio/Poppy (BC/DE),1,1,1
Poppy/Riven (BC/NX),Jax/Vayne (DE/RU),1,1,1
Nasus/Thresh (SI/SH),Poppy/Riven (BC/NX),1,1,1
Lillia/Veigar (BC/IO),Darius/Gnar/Sejuani (FR/NX),1,1,1
Akshan/Kayn (RU/SH),Kayle/Leona (MT/NX),1,1,1
Morgana/Riven (MT/NX),Illaoi (BW/SI),1,1,1
Varus/Viktor (PZ/RU),Nidalee (BC/SH),1,1,1
Varus/Viktor (PZ/RU),Poppy/Taric (DE/MT),1,1,1
Championless (SI),Championless (FR/SI),1,1,1
Braum/Lillia (FR/IO),Darius (BW/NX),1,1,1
Darius/Gnar (FR/NX),Akshan/Ornn (FR/SH),1,1,1
LeBlanc/Sivir (NX/SH),Viktor (MT/PZ),1,1,1
Akshan/Kayn (RU/SH),Darius (NX/PZ),1,1,1
Kai'Sa/Sivir (DE/SH),Kayle (BW/MT),1,1,1
Lillia/Sett (BC/IO),Riven (NX/PZ),1,1,1
Gnar/Nidalee (BC/SH),Darius (NX/PZ),1,1,1
Garen/Neeko (DE/RU),Braum/Lillia (FR/IO),1,1,1
Janna/Malphite (MT/PZ),Janna/Sett (IO/PZ),1,1,1
Kayle (BW/MT),Championless (FR/SI),1,1,1
Maokai/Nautilus (BW/SI),Neeko/Tristana (BC/RU),1,1,1
Nidalee (BC/SH),Championpile (FR/SH),1,1,1
Lulu/Taric (IO/MT),Ashe/Caitlyn (FR/PZ),1,1,1
Jack/Swain (BW/NX),Kayle/Lillia (IO/MT),1,1,1
Neeko/Tristana (BC/RU),Ashe/Nasus (FR/SH),1,1,1
Akshan/Nasus/Renekton (SH),Akshan/Riven (NX/SH),1,1,1
Akshan/Nasus/Renekton (SH),Sivir/Udyr (FR/SH),1,1,1
Aphelios/Morgana/Viktor (MT/PZ),Lee Sin/Riven (IO/NX),1,1,1
Ashe (FR/PZ),Ashe (BW/FR),1,1,1
Akshan/Riven (NX/SH),Poppy/Riven (BC/NX),1,1,1
Nidalee (BC/SH),Tahm Kench/Udyr (BW/FR),1,1,1
Braum/Kayle/Morgana (FR/MT),Ashe (FR/PZ),1,1,1
Ashe (FR/PZ),Jack/Swain (BW/NX),1,1,1
Championless (SI),Aphelios/Janna (MT/PZ),1,1,1
Rumble/Sion (BC/NX),Sett (BC/IO),1,1,1
Akshan/Lee Sin (IO/SH),Braum/Morgana (DE/FR),1,1,1
Ashe/LeBlanc (FR/NX),Braum/Morgana (DE/FR),1,1,1
Braum/Morgana (DE/FR),Lillia/Udyr (FR/IO),1,1,1
Lillia/Morgana (IO/MT),Swain/Yasuo (IO/NX),1,1,1
Jack/Sett (BW/IO),Sejuani/Vladimir (FR/NX),1,1,1
Sejuani/Vladimir (FR/NX),Nidalee/Sivir (BC/SH),1,1,1
Braum (FR/MT),Jack/Swain (BW/NX),1,1,1
Janna/Sett (IO/PZ),Jack/Swain (BW/NX),1,1,1
Championless (SI),Jack/Swain (BW/NX),1,1,1
Jax/Ornn (FR/RU),Jack/Swain (BW/NX),1,1,1
Janna/Sett (IO/PZ),Morgana (DE/MT),1,1,1
Lee Sin/Viktor (IO/PZ),Morgana (DE/MT),1,1,1
LeBlanc/Sivir (NX/SH),Morgana (DE/FR),1,1,1
Ashe (FR/PZ),Garen/Kayle/Shyvana (DE/MT),1,1,1
Garen/Kayle/Shyvana (DE/MT),Senna/Veigar (BC/SI),1,1,1
Morgana/Senna (MT/SI),Galio/Udyr (DE/FR),1,1,1
LeBlanc/Sivir (NX/SH),Kayle/Morgana (DE/MT),1,1,1
LeBlanc/Sivir (NX/SH),Yasuo (IO/MT),1,1,1
Championless (SI),Gnar (BC/NX),1,1,1
Kayle (BW/MT),Gnar (BC/NX),1,1,1
Akshan/Nidalee/Sivir (DE/SH),Kalista (SI),1,1,1
Ashe (FR/PZ),Ornn/Udyr (FR/IO),1,1,1
Janna/Sett (IO/PZ),Leona/Sett (IO/MT),1,1,1
Aatrox/Kayn (RU/RU),Leona/Sett (IO/MT),1,1,1
Darius/Gnar (FR/NX),Gangplank/Swain (BW/NX),1,1,1
Ashe (FR/PZ),Maokai (PZ/SI),1,1,1
Senna/Veigar (BC/SI),Tristana (BC/FR),1,1,1
Kayle (BW/MT),Sion/Thresh (NX/SI),1,1,1
Senna/Veigar (NX/SI),Senna/Veigar (BC/SI),1,1,1
Garen/Neeko (DE/RU),Poppy/Taric (DE/MT),1,1,1
Galio/Udyr (DE/FR),Janna/Lee Sin (IO/PZ),1,1,1
Janna/Lee Sin (IO/PZ),Garen (DE/SH),1,1,1
Senna/Veigar (PZ/SI),Gwen (FR/SI),1,1,1
Sett/Udyr (FR/IO),Janna/Viktor (IO/PZ),1,1,1
Maokai (PZ/SI),Ornn/Udyr (FR),1,1,1
Ornn/Udyr (FR),Gwen/LeBlanc (NX/SI),1,1,1
Shyvana (DE/MT),Garen/Poppy (DE/MT),1,1,1
Championless (SI),Garen/Poppy (DE/MT),1,1,1
Kalista/Maokai (BW/SI),Ashe (FR/PZ),1,1,1
Darius/Gnar (FR/NX),Akshan/Kayn (RU/SH),1,1,1
Senna/Veigar (BC/SI),Taric (MT/PZ),1,1,1
Nidalee (PZ/SH),Braum/Lillia (FR/IO),1,1,1
Shyvana (DE/MT),Janna/Viktor (BC/PZ),1,1,1
Darius/Gnar (FR/NX),Janna/Viktor (BC/PZ),1,1,1
Janna/Sett (IO/PZ),Sejuani/Swain (FR/NX),1,1,1
Galio/Garen (DE/FR),Sejuani/Swain (FR/NX),1,1,1
Sejuani/Swain (FR/NX),Darius (BC/NX),1,1,1
Udyr (FR/IO),Ashe/Sejuani (FR/NX),1,1,1
Shen/Taric (IO/MT),Ornn/Udyr (FR/IO),1,1,1
Ornn/Udyr (FR/IO),Championless (SI),1,1,1
Darius/Gnar (FR/NX),Sett/Udyr (FR/IO),1,1,1
Sett/Udyr (FR/IO),Nasus/Renekton (SH),1,1,1
Braum/Lillia (FR/IO),Gangplank/Swain (BW/NX),1,1,1
Braum/Swain (FR/NX),Braum/Lillia (FR/IO),1,1,1
Shyvana (DE/MT),Gnar/Morgana (BC/MT),1,1,1
Lillia/Veigar (BC/IO),Aphelios/Lux (DE/MT),1,1,1
Aphelios/Viktor (MT/PZ),Lulu/Poppy (DE/IO),1,1,1
Kalista/Sion (NX/SI),Swain/Vladimir (FR/NX),1,1,1
Neeko/Poppy (DE/RU),Swain/Vladimir (FR/NX),1,1,1
Swain/Vladimir (FR/NX),Kayle (BW/MT),1,1,1
Championless (SI),Akshan/Aphelios (MT/SH),1,1,1
Jayce/Lux (DE/PZ),Nidalee (PZ/SH),1,1,1
Akshan/Varus (SH/RU),Braum/Sett (FR/IO),1,1,1
Nidalee (BC/SH),Udyr (FR/IO),1,1,1
Darius/Gnar (FR/NX),Aatrox (RU/BW),1,1,1
Darius/Gnar (FR/NX),Braum/Sejuani/Udyr (FR/PZ),1,1,1
Senna/Veigar (PZ/SI),Gnar/Swain (BC/NX),1,1,1
Championless (MT/SI),Lulu/Shen (IO/MT),1,1,1
Morgana/Viktor (MT/PZ),Janna/Sett (IO/PZ),1,1,1
Galio/Udyr (DE/FR),Championless (BW/NX),1,1,1
Darius/Gnar (FR/NX),Braum/Kai'Sa (FR/SH),1,1,1
Morgana/Viktor (MT/PZ),Braum/Udyr/Vladimir (FR/NX),1,1,1
Braum/Udyr/Vladimir (FR/NX),Illaoi (BW/MT),1,1,1
Rumble/Vayne (DE/NX),Aatrox (RU/BW),1,1,1
Rumble/Vayne (DE/NX),Ashe/Udyr (DE/FR),1,1,1
Nidalee (BC/SH),Rumble/Viktor (BC/PZ),1,1,1
Neeko/Renekton (RU/SH),Akshan/Udyr (FR/SH),1,1,1
Varus/Viktor (PZ/RU),Championless (MT/SI),1,1,1
Rumble/Sion (BC/NX),Caitlyn (FR/PZ),1,1,1
Morgana/Viktor (MT/PZ),Ashe/Shyvana (DE/FR),1,1,1
Varus/Viktor (PZ/RU),Senna/Veigar (PZ/SI),1,1,1
Galio/Udyr (DE/FR),LeBlanc/Sion (BC/NX),1,1,1
Darius/Gnar (FR/NX),Varus (BC/RU),1,1,1
Darius/Gnar (FR/NX),Udyr/Vladimir (FR/NX),1,1,1
Ashe/LeBlanc (FR/NX),Morgana/Vayne (DE/NX),1,1,1
Akshan/Nasus/Renekton (SH),Morgana/Vayne (DE/NX),1,1,1
Gnar/Sejuani (BC/FR),Varus/Viktor (PZ/RU),1,1,1
Ashe/LeBlanc (FR/NX),Morgana/Poppy (BC/MT),1,1,1
Darius/Illaoi (BW/NX),Neeko/Renekton (RU/SH),1,1,1
LeBlanc/Rumble (BC/NX),Nidalee (BC/SH),1,1,1
Neeko/Renekton (RU/SH),LeBlanc/Sivir (NX/SH),1,1,1
LeBlanc/Sivir (NX/SH),Lee Sin/Riven (IO/NX),1,1,1
Ashe (FR/PZ),Lux/Malphite (DE/MT),1,1,1
Gwen/LeBlanc (NX/SI),Braum (FR/MT),1,1,1
Gnar/Renekton (FR/SH),Tahm Kench/Udyr (BW/FR),1,1,1
Galio/Udyr (DE/FR),Gnar/Renekton (FR/SH),1,1,1
Janna/Varus (PZ/RU),Riven/Viktor (NX/PZ),1,1,1
Gnar/Renekton (FR/SH),Riven/Viktor (NX/PZ),1,1,1
Senna/Veigar (PZ/SI),Kai'Sa/Viktor (PZ/SH),1,1,1
Tahm Kench/Udyr (BW/FR),Senna/Veigar (PZ/SI),1,1,1
Ashe (FR/PZ),Kayle/Shen (IO/MT),1,1,1
Galio/Morgana (DE/FR),Janna/Varus (PZ/RU),1,1,1
Janna/Varus (PZ/RU),Maokai/Nautilus (BW/SI),1,1,1
Janna/Varus (PZ/RU),Rumble/Sion (BC/NX),1,1,1
Jax/Sivir (RU/SH),Janna/Varus (PZ/RU),1,1,1
Gwen/Riven (NX/SI),Jayce/Lux (DE/PZ),1,1,1
Braum/Sett (FR/IO),Swain/Yasuo (IO/NX),1,1,1
Gwen/Lee Sin (IO/SI),Braum/Sett (FR/IO),1,1,1
Garen (DE/IO),Senna/Veigar (BC/SI),1,1,1
Jayce/Lux (DE/PZ),Ashe/Udyr (FR/IO),1,1,1
Jayce/Lux (DE/PZ),Ashe/Morgana (FR/MT),1,1,1
Varus/Viktor (PZ/RU),Kalista (SI),1,1,1
Varus/Viktor (PZ/RU),Akshan/Nidalee (BC/SH),1,1,1
Akshan/Varus (SH/RU),Gwen/Kayn (RU/SI),1,1,1
Rumble/Sion (BC/NX),Lillia/Udyr (FR/IO),1,1,1
Gangplank/Sejuani (BW/FR),Udyr (FR/IO),1,1,1
Nasus (SI/SH),Ashe/Janna (FR/PZ),1,1,1
Gangplank/Sejuani (BW/FR),Kai'Sa/Sivir (FR/SH),1,1,1
Neeko/Renekton (RU/SH),Nasus/Thresh (SI/SH),1,1,1
Kayle (BW/MT),Janna/Varus (PZ/RU),1,1,1
Janna/Varus (PZ/RU),Ashe/LeBlanc (FR/NX),1,1,1
Gwen/Riven (NX/SI),Janna/Varus (PZ/RU),1,1,1
Poppy/Riven (BC/NX),Gnar/Swain (BC/NX),1,1,1
Poppy/Riven (BC/NX),Rumble/Sion (BC/NX),1,1,1
Championless (SI),Lux/Udyr (DE/FR),1,1,1
Jax/Ornn (FR/RU),Garen/Neeko (DE/RU),1,1,1
Garen/Neeko (DE/RU),LeBlanc (FR/NX),1,1,1
Swain/Yasuo (IO/NX),Garen/Neeko (DE/RU),1,1,1
Garen/Neeko (DE/RU),Nidalee (BC/SH),1,1,1
Darius/Gnar (FR/NX),Ornn/Varus (FR/RU),1,1,1
Aatrox/Nasus (RU/SH),Darius/Gnar (FR/NX),1,1,1
Darius/Gnar (FR/NX),Darius/Sion (NX/SI),1,1,1
Akshan/Nidalee (BC/SH),Gwen/Kayn (RU/SI),1,1,1
Akshan/Nidalee (BC/SH),Rumble/Sion (BC/NX),1,1,1
Akshan/Nasus/Renekton (SH),Akshan/Nidalee (BC/SH),1,1,1
Darius (NX/PZ),Tahm Kench/Vladimir (BW/NX),1,1,1
Jax/Ornn (FR/RU),Senna (PZ/SI),1,1,1
Aatrox/Nasus (RU/SH),Kayle (BW/MT),1,1,1
Aatrox/Kayn (RU/RU),Akshan/Nasus/Renekton (SH),1,1,1
Ashe/LeBlanc (FR/NX),Akshan/Braum (FR/SH),1,1,1
Rumble/Sion (BC/NX),Gwen/Riven (NX/SI),1,1,1
Akshan/Nasus/Renekton (SH),Morgana/Riven (MT/NX),1,1,1
Championless (SI),Garen (DE/IO),1,1,1
Jayce/Lux (DE/PZ),Akshan/Braum (FR/SH),1,1,1
Gwen/Kayn (RU/SI),Braum/Udyr (FR/IO),1,1,1
LeBlanc/Sivir (NX/SH),Morgana/Riven (MT/NX),1,1,1
Championless (SI),Yasuo (FR/IO),1,1,1
Ashe (FR/PZ),Ornn/Vayne (DE/FR),1,1,1
Akshan/Nidalee/Sivir (DE/SH),Rumble/Vayne (DE/NX),1,1,1
Nidalee (BC/SH),Akshan/Nidalee/Sivir (DE/SH),1,1,1
Garen/Neeko (DE/RU),Janna (PZ/SI),1,1,1
Akshan/Nidalee (BC/SH),Jayce/Lux (DE/PZ),1,1,1
Akshan/Nidalee (BC/SH),Kalista (SI),1,1,1
Championless (SI),Gwen/Kayn (RU/SI),1,1,1
Gwen/Vayne (DE/SI),Lee Sin/Riven (IO/NX),1,1,1
Ashe/Caitlyn (FR/PZ),Gnar (BC/NX),1,1,1
Gnar (BC/NX),Gwen/Vayne (DE/SI),1,1,1
Gnar (BC/NX),Ashe/LeBlanc (FR/NX),1,1,1
Jayce/Lux (DE/PZ),Tahm Kench/Taric (BW/MT),1,1,1
Ashe (FR/NX),Braum/Vladimir (FR/NX),1,1,1
Championless (SI),Gwen/Ornn (FR/SI),1,1,1
Jack/Swain (BW/NX),Nasus/Senna (SI/SH),1,1,1
Akshan/Varus (SH/RU),Sivir/Vayne (DE/SH),1,1,1
Rumble/Sion (BC/NX),Galio/Garen (DE/FR),1,1,1
Viktor (BC/PZ),Kayle (BW/MT),1,1,1
Darius (NX/PZ),Janna/Sett (IO/PZ),1,1,1
Ashe/Nasus (FR/SH),Janna/Sett (IO/PZ),1,1,1
Gnar/Nidalee (BC/SH),Nautilus (BW/SI),1,1,1
Akshan/Nidalee/Sivir (DE/SH),Jax/Ornn (FR/RU),1,1,1
Nasus/Senna (SI/SH),Janna/Lee Sin (IO/PZ),1,1,1
Lillia/Sett (IO/PZ),Jayce (PZ/SI),1,1,1
Kayle (BW/MT),Lillia/Sett (IO/PZ),1,1,1
Jayce/Lux (DE/PZ),Viktor (BC/PZ),1,1,1
Lee Sin/Riven (IO/NX),Sion (NX/SI),1,1,1
Ashe/Nasus (FR/SH),Riven/Vayne (DE/NX),1,1,1
Viktor (MT/PZ),Janna/Lillia/Viktor (IO/PZ),1,1,1
Garen (DE/SH),Lulu/Taric (IO/MT),1,1,1
Braum/Udyr (FR/IO),LeBlanc/Sivir (NX/SH),1,1,1
Galio/Udyr (DE/FR),Viktor (BC/PZ),1,1,1
Championless (IO/SI),Kalista (SI),1,1,1
Nasus (SI/SH),Vayne/Vi (DE/PZ),1,1,1
Kayle/Shyvana (DE/MT),Akshan/Nasus/Renekton (SH),1,1,1
Akshan/Nasus/Renekton (SH),Garen (DE/SH),1,1,1
Kalista (SI),Janna/Viktor (IO/PZ),1,1,1
Jayce (PZ/SI),Ashe/Caitlyn (FR/PZ),1,1,1
Ashe/Caitlyn (FR/PZ),Gnar/Swain (BC/NX),1,1,1
Lillia/Viktor (IO/PZ),Nasus/Senna (SI/SH),1,1,1
Nasus (SI/SH),Braum/Lillia (FR/IO),1,1,1
Janna/Varus (PZ/RU),Akshan/Varus (SH/RU),1,1,1
Gwen/LeBlanc (NX/SI),Janna/Varus (PZ/RU),1,1,1
Gangplank/Swain (BW/NX),Rumble/Sion (BC/NX),1,1,1
Rumble/Sion (BC/NX),Ashe/Janna (FR/PZ),1,1,1
Caitlyn/Swain (NX/PZ),Darius (NX/PZ),1,1,1
Rumble/Sion (BC/NX),Garen/Udyr (DE/FR),1,1,1
Kayle (FR/MT),Maokai/Nautilus (BW/SI),1,1,1
Garen/Poppy (BW/DE),Aatrox/Kayn (RU/RU),1,1,1
Kalista/Maokai (BW/SI),Ashe/LeBlanc (FR/NX),1,1,1
Championless (IO/SI),Jayce (PZ/SI),1,1,1
Championless (IO/SI),Gwen/LeBlanc (NX/SI),1,1,1
Darius/Gnar (FR/NX),Kalista/Maokai (BW/SI),1,1,1
Vayne/Vi (DE/PZ),Ashe/Caitlyn (FR/PZ),1,1,1
Nasus/Senna (SI/SH),Vayne/Vi (DE/PZ),1,1,1
Aphelios/Janna/Viktor (MT/PZ),Kai'Sa/Viktor (PZ/SH),1,1,1
Akshan/Sivir (DE/SH),LeBlanc (FR/NX),1,1,1
Riven/Vladimir (NX/SI),Ashe/LeBlanc (FR/NX),1,1,1
Lillia (FR/IO),Aphelios/Tahm Kench (BW/MT),1,1,1
Kai'Sa/Viktor (PZ/SH),Akshan/Kayn (RU/SH),1,1,1
Janna/Senna (PZ/SI),Lillia/Viktor (IO/PZ),1,1,1
Morgana/Udyr (DE/FR),Garen/Poppy (BW/DE),1,1,1
Garen/Poppy (BW/DE),Maokai/Nautilus (BW/SI),1,1,1
Kayle (BW/MT),Garen/Poppy (BW/DE),1,1,1
Braum/Vladimir (FR/NX),Janna/Viktor (BC/PZ),1,1,1
Braum/Vladimir (FR/NX),Garen (BW/DE),1,1,1
Garen/Poppy (BW/DE),Maokai (BW/SI),1,1,1
Garen/Poppy (BW/DE),Senna/Veigar (BC/SI),1,1,1
Senna/Veigar (BC/SI),Gnar/Sett (FR/IO),1,1,1
Senna/Veigar (BC/SI),Ashe (FR/NX),1,1,1
Championless (MT/SI),Aatrox/Akshan (RU/SH),1,1,1
Riven/Viktor (NX/PZ),Nasus (SI/SH),1,1,1
Ashe/LeBlanc (FR/NX),Morgana/Shyvana (DE/MT),1,1,1
Aatrox/Akshan (RU/SH),Akshan/Nidalee (BC/SH),1,1,1
Jack/Sett (BW/IO),Shyvana (DE/MT),1,1,1
Aatrox/Akshan (RU/SH),Janna/Senna (PZ/SI),1,1,1
Neeko/Poppy (DE/RU),Braum/Janna (FR/PZ),1,1,1
Caitlyn/Janna (BC/PZ),Akshan/Varus (SH/RU),1,1,1
Kalista/Sion (NX/SI),Akshan/Lillia (IO/SH),1,1,1
Janna/Morgana (MT/PZ),Akshan (NX/SH),1,1,1
Championless (SI),Swain (FR/NX),1,1,1
Darius/Gnar/Ornn (FR/NX),Darius/LeBlanc (NX),1,1,1
Akshan/Lee Sin (IO/SH),Gwen/Sivir (SI/SH),1,1,1
Ashe/Sejuani (DE/FR),Darius/Gnar (FR/NX),1,1,1
Riven/Viktor (NX/PZ),Kayle (FR/MT),1,1,1
Aphelios/Janna/Viktor (MT/PZ),Gnar/Nidalee (BC/SH),1,1,1
Riven/Rumble (IO/NX),Kalista (SI),1,1,1
Janna/Senna (PZ/SI),Gwen/Kalista (NX/SI),1,1,1
Garen (BW/DE),Gangplank/Nidalee (BW/SH),1,1,1
Akshan/Nidalee (BC/SH),Maokai (BW/SI),1,1,1
Gnar/Neeko (FR/RU),Senna/Veigar (PZ/SI),1,1,1
Akshan/Nidalee (BC/SH),Vayne/Vi (DE/PZ),1,1,1
Kayle (BW/MT),Aphelios/Braum (FR/MT),1,1,1
Darius/Gnar (FR/NX),Vayne/Vi (DE/PZ),1,1,1
Senna/Veigar (PZ/SI),Jack/Lillia (BW/IO),1,1,1
Kayle (BW/MT),Jack/Tristana (BC/BW),1,1,1
Shyvana (DE/MT),Gnar/Neeko (FR/RU),1,1,1
LeBlanc/Rumble (IO/NX),Illaoi (BW/IO),1,1,1
Jayce/Lux (DE/PZ),Gangplank/Illaoi (BW/SI),1,1,1
Vayne/Vi (DE/PZ),Galio/Poppy (DE/MT),1,1,1
Ashe (FR/PZ),Ashe/Braum (FR),1,1,1
LeBlanc/Rumble (IO/NX),Ashe/LeBlanc (FR/NX),1,1,1
Neeko/Poppy (DE/RU),Janna/Viktor (BC/PZ),1,1,1
Maokai/Nautilus (BW/SI),Aphelios/Braum (FR/MT),1,1,1
Galio/Poppy (DE/MT),Kalista (SI),1,1,1
Kayle/Shyvana (DE/MT),Akshan/Lee Sin (IO/SH),1,1,1
Gangplank/Sejuani (BW/FR),Swain/Yasuo (IO/NX),1,1,1
Janna/Senna (PZ/SI),Tahm Kench/Udyr (BW/FR),1,1,1
LeBlanc/Sivir (NX/SH),Leona/Sett (IO/MT),1,1,1
Ashe/Udyr (FR/PZ),Jayce/Lux (DE/PZ),1,1,1
Ashe/Caitlyn (FR/PZ),Swain/Yasuo (IO/NX),1,1,1
Championless (SI),Ashe/Sejuani (DE/FR),1,1,1
Galio/Morgana (DE/FR),Ashe/Janna (FR/PZ),1,1,1
Ashe/Janna (FR/PZ),Tahm Kench/Udyr (BW/FR),1,1,1
Janna/Viktor (BW/PZ),Senna/Veigar (BC/SI),1,1,1
Senna/Veigar (PZ/SI),Janna/Viktor (BW/PZ),1,1,1
Senna/Veigar (PZ/SI),Ashe (FR/NX),1,1,1
Lee Sin/Riven (IO/NX),Akshan/Varus (SH/RU),1,1,1
Ashe (FR/PZ),Janna/Viktor (BW/PZ),1,1,1
Janna (PZ/SH),Braum/Lillia (FR/IO),1,1,1
Maokai/Nautilus (BW/SI),Janna (PZ/SH),1,1,1
Braum/Udyr/Vladimir (FR/NX),Janna (PZ/SH),1,1,1
Maokai/Nautilus (BW/SI),Braum/Udyr/Vladimir (FR/NX),1,1,1
Riven/Viktor (NX/PZ),Ornn/Vayne (DE/FR),1,1,1
Riven/Viktor (NX/PZ),Neeko (BC/RU),1,1,1
Janna/Senna (PZ/SI),Janna/Varus (PZ/RU),1,1,1
Akshan/Aphelios (MT/SH),Janna/Varus (PZ/RU),1,1,1
Championless (SI),Jax/Riven (RU/NX),1,1,1
Rumble/Vayne (DE/NX),Gwen/Senna (PZ/SI),1,1,1
Lee Sin (IO/PZ),Aphelios/Jack (BW/MT),1,1,1
Janna/Lillia (IO/PZ),Aphelios/Kayle (FR/MT),1,1,1
Gangplank/Sejuani (BW/FR),Aphelios/Kayle (FR/MT),1,1,1
Braum/Kayle (FR/MT),Aphelios/Braum (FR/MT),1,1,1
Braum/Lillia (FR/IO),Aphelios/Braum (FR/MT),1,1,1
Kalista (SI),Sejuani/Swain/Vladimir (FR/NX),1,1,1
LeBlanc/Sivir (NX/SH),LeBlanc/Rumble (IO/NX),1,1,1
LeBlanc/Sivir (NX/SH),Braum/Swain/Vladimir (FR/NX),1,1,1
Maokai/Nautilus (BW/SI),Swain/Yasuo (IO/NX),1,1,1
Swain/Yasuo (IO/NX),Kai'Sa/Viktor (PZ/SH),1,1,1
Swain/Yasuo (IO/NX),Janna/Viktor (IO/PZ),1,1,1
Riven/Viktor (NX/PZ),Garen/Udyr (DE/FR),1,1,1
Aphelios/Taric (MT/NX),Janna/Viktor (BW/PZ),1,1,1
Taric/Udyr (FR/MT),Gwen/LeBlanc (NX/SI),1,1,1
Morgana/Udyr (DE/FR),LeBlanc/Rumble (IO/NX),1,1,1
Nidalee (BC/SH),Braum/Kayle (FR/MT),1,1,1
Varus/Viktor (PZ/RU),Darius/Gnar (FR/NX),1,1,1
Aphelios/Yasuo (IO/MT),Swain/Yasuo (IO/NX),1,1,1
Aphelios/Yasuo (IO/MT),Sejuani/Swain (FR/NX),1,1,1
Malphite/Yasuo (IO/MT),Aatrox/Jack (RU/BW),1,1,1
Swain/Yasuo (IO/NX),Gnar/Nidalee (BC/SH),1,1,1
Ashe (FR/PZ),Braum/Sejuani/Swain (FR/NX),1,1,1
Lillia/Sett (IO/PZ),Neeko/Renekton (RU/SH),1,1,1
Neeko/Renekton (RU/SH),Janna (PZ/SI),1,1,1
Senna/Veigar (BC/SI),Gwen (PZ/SI),1,1,1
Ashe/Nasus (FR/SH),Braum/Lillia (FR/IO),1,1,1
Braum/Udyr (FR/NX),Janna (PZ/SI),1,1,1
Braum/Sejuani/Swain (FR/NX),Championless (SI),1,1,1
Poppy/Tristana (BC/NX),Ashe/LeBlanc (FR/NX),1,1,1
Braum/Sejuani/Swain (FR/NX),Braum/Lillia (FR/IO),1,1,1
LeBlanc/Sivir (NX/SH),Kai'Sa/Sivir (DE/SH),1,1,1
Ashe (FR/PZ),Tahm Kench (BW/MT),1,1,1
Garen/Sivir (DE/SH),Ashe/LeBlanc (FR/NX),1,1,1
Janna/Viktor (BW/PZ),Riven/Viktor (NX/PZ),1,1,1
Janna (PZ/SH),Lillia/Sett (BC/IO),1,1,1
Akshan/Varus (SH/RU),Janna (PZ/SH),1,1,1
Morgana/Udyr (DE/FR),Riven/Sivir (NX/SH),1,1,1
Kayle (BW/MT),Ashe (FR/SI),1,1,1
Lillia (FR/IO),Aphelios/Yasuo (IO/MT),1,1,1
Aphelios/Yasuo (IO/MT),Braum/Sejuani/Swain (FR/NX),1,1,1
Neeko/Renekton (RU/SH),Ashe/Morgana (FR/MT),1,1,1
Akshan/Varus (SH/RU),Braum/Udyr (FR/SI),1,1,1
Lillia/Sett (BC/IO),Gnar/Renekton (FR/SH),1,1,1
Neeko/Poppy (DE/RU),Poppy/Riven (BC/NX),1,1,1
Galio/Morgana (DE/FR),Poppy/Riven (BC/NX),1,1,1
Senna/Veigar (PZ/SI),Braum/Sejuani/Swain (FR/NX),1,1,1
Riven/Sivir (NX/SH),Senna (PZ/SI),1,1,1
Gwen/LeBlanc (NX/SI),Janna/Senna (PZ/SI),1,1,1
Akshan/Udyr (FR/SH),Jack/Vayne (BW/DE),1,1,1
Ashe/LeBlanc (FR/NX),Jack/Vayne (BW/DE),1,1,1
Akshan/Lee Sin (IO/SH),Lillia (FR/IO),1,1,1
Riven/Sivir (NX/SH),Ashe (FR/PZ),1,1,1
Gangplank/Nidalee (BW/SH),Malphite/Yasuo (IO/MT),1,1,1
Taric (MT/PZ),Nasus (SI/SH),1,1,1
Jack/Sett (BW/IO),Akshan/Taric (MT/SH),1,1,1
Janna (PZ/SH),Gwen/LeBlanc (NX/SI),1,1,1
Braum/Lillia (FR/IO),Lillia (IO),1,1,1
Braum/Lillia (FR/IO),Lulu/Poppy (BC/MT),1,1,1
Garen/Poppy (DE/SI),Neeko/Renekton (RU/SH),1,1,1
Vayne/Vi (DE/PZ),Shen/Sivir (IO/SH),1,1,1
Ashe/Udyr (FR/SI),Vayne/Vi (DE/PZ),1,1,1
Rumble/Viktor (BC/PZ),Lillia/Malphite (IO/MT),1,1,1
Poppy/Taric (DE/MT),Rumble/Viktor (BC/PZ),1,1,1
Rumble/Viktor (BC/PZ),Morgana/Udyr (DE/FR),1,1,1
Rumble/Viktor (BC/PZ),Morgana (BC/MT),1,1,1
Ashe/LeBlanc (FR/NX),Caitlyn/Udyr (FR/PZ),1,1,1
Gnar/Sejuani (BC/FR),Galio/Morgana/Shyvana (DE/MT),1,1,1
Tahm Kench/Udyr (BW/FR),Darius/Yasuo (IO/NX),1,1,1
Tahm Kench/Udyr (BW/FR),Jax/Ornn (FR/RU),1,1,1
Akshan/Taric (MT/SH),Jax/Kayn (RU/RU),1,1,1
Nasus/Renekton (SH),Janna/Viktor (BC/PZ),1,1,1
Maokai/Nautilus (BW/SI),Janna/Viktor (BC/PZ),1,1,1
Akshan/Lee Sin (IO/SH),Braum/Udyr (FR/MT),1,1,1
Aatrox/Vayne (RU/DE),Poppy/Taric (DE/MT),1,1,1
Jack/Sett (BW/IO),Garen (DE/SH),1,1,1
Galio/Poppy (DE/MT),Gangplank/Sejuani (BW/FR),1,1,1
Nautilus (BW/SI),Swain/Yasuo (IO/NX),1,1,1
Akshan/Morgana (DE/SH),Ashe/Sejuani (FR),1,1,1
Tahm Kench/Udyr (BW/FR),Akshan/Nidalee (DE/SH),1,1,1
Rumble/Sion (NX/SH),Poppy/Taric (DE/MT),1,1,1
Darius/Gnar (FR/NX),Championpile (FR/SH),1,1,1
Janna/Sett (IO/PZ),Morgana/Riven (MT/NX),1,1,1
Senna/Veigar (PZ/SI),Malphite/Yasuo (IO/MT),1,1,1
Braum/Lux (DE/FR),Ashe (FR/PZ),1,1,1
Jack/Vayne (BW/DE),Ashe (FR/PZ),1,1,1
Ashe (FR/PZ),Gnar (BC/MT),1,1,1
Championless (SI),Kayn/Shyvana (DE/RU),1,1,1
Maokai/Nautilus (BW/SI),Kayn/Shyvana (DE/RU),1,1,1
Jayce/Lux (DE/PZ),Kayn/Shyvana (DE/RU),1,1,1
Braum/Vladimir (FR/NX),Rumble/Viktor (BC/PZ),1,1,1
Rumble/Sion (BC/NX),Aphelios/Kayle (FR/MT),1,1,1
Championless (SI),Aphelios/Kayle (FR/MT),1,1,1
Lulu/Shen (IO/MT),Udyr (DE/FR),1,1,1
Gangplank/Nidalee (BW/SH),Aphelios/Lee Sin (IO/MT),1,1,1
Lulu/Shen (IO/MT),Nasus (SI/SH),1,1,1
Senna/Veigar (BC/SI),Janna (PZ/SH),1,1,1
Riven/Viktor (NX/PZ),Poppy/Tristana (BC/NX),1,1,1
Championless (BC/SI),Neeko/Renekton (RU/SH),1,1,1
Caitlyn/Swain (NX/PZ),Lillia/Sett (BC/IO),1,1,1
Sett (IO/PZ),Shyvana (DE/MT),1,1,1
Championless (BC/IO),Shyvana (DE/MT),1,1,1
Aatrox/Morgana (RU/DE),Shyvana (DE/MT),1,1,1
Gwen/Vayne (DE/SI),Kayle (BC/MT),1,1,1
Aatrox/Morgana (RU/DE),Tahm Kench/Udyr (BW/FR),1,1,1
Jayce/Lux (DE/PZ),Tahm Kench/Udyr (BW/FR),1,1,1
Shyvana (DE/MT),Morgana/Riven (MT/NX),1,1,1
Senna/Veigar (PZ/SI),Sett (IO/PZ),1,1,1
Illaoi (BW/NX),Ashe (FR/PZ),1,1,1
Caitlyn/Jack (BW/PZ),Ashe (FR/PZ),1,1,1
Vi/Viktor (IO/PZ),Braum/Vladimir (FR/NX),1,1,1
LeBlanc/Sivir (NX/SH),Taric/Udyr (FR/MT),1,1,1
Caitlyn/Swain (NX/PZ),Gwen/LeBlanc (NX/SI),1,1,1
Gwen/LeBlanc (NX/SI),Leona (IO/MT),1,1,1
Nasus/Thresh (SI/SH),Swain/Vladimir (FR/NX),1,1,1
Gwen/LeBlanc (NX/SI),Rumble/Sivir (BC/SH),1,1,1
Lee Sin/Viktor (IO/PZ),Shyvana (DE/MT),1,1,1
Leona/Vladimir (MT/NX),Ashe (FR/PZ),1,1,1
Leona/Vladimir (MT/NX),Gwen/LeBlanc (NX/SI),1,1,1
Rumble/Vayne (DE/NX),Ashe (FR/PZ),1,1,1
Shen/Sivir (IO/SH),Ornn/Vayne (DE/FR),1,1,1
Akshan/Sivir (IO/SH),Lillia/Sett (BC/IO),1,1,1
Senna/Veigar (PZ/SI),Swain (BC/NX),1,1,1
Ashe (FR/PZ),Janna/Lillia/Viktor (IO/PZ),1,1,1
Nasus (SI/SH),Akshan/Sivir (NX/SH),1,1,1
Gangplank/Nidalee (BW/SH),Braum/Kayle/Morgana (FR/MT),1,1,1
Jack/Sett (BW/IO),Aphelios/Lux (DE/MT),1,1,1
Lillia/Viktor (IO/PZ),Aatrox/Kayn (RU/RU),1,1,1
Ashe (FR/PZ),Kayle (FR/MT),1,1,1
Jack/Lillia (BW/IO),Janna/Senna (PZ/SI),1,1,1
Gangplank/Thresh (BW/SI),Aphelios/Viktor (MT/PZ),1,1,1
Braum/Garen/Udyr (DE/FR),Senna/Veigar (BC/SI),1,1,1
Braum/Garen/Udyr (DE/FR),Kayle (BW/MT),1,1,1
Darius/Gnar (FR/NX),Braum/Garen/Udyr (DE/FR),1,1,1
Lulu/Shen (IO/MT),Aatrox/Kayn (RU/RU),1,1,1
Darius/Gnar (FR/NX),Gangplank/Thresh (BW/SI),1,1,1
Gangplank/Thresh (BW/SI),Neeko/Poppy (DE/RU),1,1,1
Akshan/Nidalee (PZ/SH),Akshan/Lee Sin (IO/SH),1,1,1
Maokai/Nautilus (BW/SI),Akshan/Taric (MT/SH),1,1,1
Lillia/Malphite (IO/MT),Kalista (SI),1,1,1
Ashe/Sejuani (DE/FR),Leona/Sett (IO/MT),1,1,1
Sejuani/Swain (FR/NX),Darius/LeBlanc/Riven (BW/NX),1,1,1
Garen/Poppy (DE),Sejuani/Swain (FR/NX),1,1,1
Sejuani/Swain (FR/NX),Illaoi (BW/IO),1,1,1
Sejuani/Swain (FR/NX),Gnar/Kayle/Udyr (FR/MT),1,1,1
Morgana/Senna (MT/SI),Aphelios/Yasuo (IO/MT),1,1,1
Aatrox/Kayn (RU/RU),Gangplank/Nidalee (BW/SH),1,1,1
Championless (SI),Morgana/Senna (MT/SI),1,1,1
Morgana/Senna (MT/SI),Braum/Vladimir (FR/NX),1,1,1
Braum/Udyr (FR/IO),Rumble/Sion (BC/NX),1,1,1
Championless (SI),Janna/Morgana (DE/PZ),1,1,1
Gangplank/Nidalee (BW/SH),Gwen/LeBlanc (NX/SI),1,1,1
Kalista (SI),Galio/Morgana/Shyvana (DE/MT),1,1,1
Kalista (SI),Lulu/Shen (IO/MT),1,1,1
Braum/Garen/Udyr (DE/FR),Jayce/Lux (DE/PZ),1,1,1
Illaoi (BW/IO),Shen/Sivir (IO/SH),1,1,1
Braum/Lillia (FR/IO),Lillia (IO/SI),1,1,1
Senna/Veigar (BC/SI),Lillia/Shen (IO/MT),1,1,1
Lillia/Shen (IO/MT),Kayle (BW/MT),1,1,1
Morgana/Senna (MT/SI),Ashe/LeBlanc (FR/NX),1,1,1
Jayce/Lux (DE/PZ),Illaoi (BW/IO),1,1,1
Morgana/Udyr (DE/FR),Rumble/Sion/Viktor (NX/PZ),1,1,1
Aatrox/Kayn (RU/RU),Kai'Sa/Rumble (BC/SH),1,1,1
Morgana/Udyr (DE/FR),Taric (MT/PZ),1,1,1
Aatrox/Kayn (RU/RU),Poppy/Tristana (BC/NX),1,1,1
Braum/Udyr/Vladimir (FR/NX),Jack/Sett (BW/IO),1,1,1
Akshan/Malphite (MT/SH),Braum/Udyr/Vladimir (FR/NX),1,1,1
Braum/Udyr/Vladimir (FR/NX),Lillia/Sett (BC/IO),1,1,1
Aatrox/Vayne (RU/DE),Neeko/Renekton (RU/SH),1,1,1
Vayne/Vi (DE/PZ),Neeko/Renekton (RU/SH),1,1,1
Janna/Veigar (BC/PZ),Akshan/Nidalee/Sivir (DE/SH),1,1,1
Senna/Veigar (PZ/SI),Poppy/Tristana (BC/NX),1,1,1
Lee Sin/Poppy (BC/IO),Lee Sin/Riven (IO/NX),1,1,1
Gangplank/Nidalee (BW/SH),Kai'Sa/Sivir (DE/SH),1,1,1
Taric/Udyr (FR/MT),Morgana/Udyr (DE/FR),1,1,1
Taric/Udyr (FR/MT),LeBlanc/Udyr (FR/NX),1,1,1
Taric/Udyr (FR/MT),Ashe/Tahm Kench (BW/FR),1,1,1
Jayce/Udyr (FR/PZ),Ashe (FR/PZ),1,1,1
Rumble/Sion (BC/NX),Jayce/Udyr (FR/PZ),1,1,1
Aatrox/Vayne (RU/DE),Kalista (SI),1,1,1
Akshan/Caitlyn (PZ/SH),Akshan/Varus (SH/RU),1,1,1
Akshan/Ornn (FR/SH),Darius (BW/NX),1,1,1
Darius (BW/NX),Senna/Veigar (BC/SI),1,1,1
Aatrox/Vayne (RU/DE),Darius/Gnar (FR/NX),1,1,1
Jack/Sett (BW/IO),Akshan/Caitlyn (PZ/SH),1,1,1
Jack/Sett (BW/IO),Ashe/Udyr (FR/SI),1,1,1
Aatrox/Vayne (RU/DE),Jack/Sett (BW/IO),1,1,1
Garen (DE),Lee Sin/Udyr (FR/IO),1,1,1
Garen/Udyr (DE/FR),Shyvana (DE/MT),1,1,1
Aatrox/Vayne (RU/DE),Gwen/Vayne (DE/SI),1,1,1
Nasus/Senna (SI/SH),Kayle/Shyvana (DE/MT),1,1,1
Braum/Udyr/Vladimir (FR/NX),Janna/Sett (IO/PZ),1,1,1
Maokai/Nautilus (BW/SI),Akshan/Malphite (MT/SH),1,1,1
Nasus/Senna (SI/SH),Akshan/Malphite (MT/SH),1,1,1
Vayne/Vi (DE/PZ),Senna/Veigar (PZ/SI),1,1,1
Vayne/Vi (DE/PZ),Championless (MT),1,1,1
Senna/Veigar (PZ/SI),Garen/Shyvana (DE/MT),1,1,1
Morgana/Udyr/Vayne (DE/FR),Shyvana (DE/MT),1,1,1
Tahm Kench/Udyr (BW/FR),Gangplank/Thresh (BW/SI),1,1,1
Nidalee (BC/SH),Ornn/Udyr (FR/IO),1,1,1
Ashe/Sejuani (DE/FR),Ashe/LeBlanc (FR/NX),1,1,1
Maokai (BW/SI),Ashe/Tahm Kench (BW/FR),1,1,1
Senna/Veigar (PZ/SI),Jack (BW/MT),1,1,1
Ashe/Janna (FR/PZ),Jax/Ornn (FR/RU),1,1,1
Leona/Sett (IO/MT),Gnar/Nidalee (BC/SH),1,1,1
Tahm Kench/Udyr (BW/FR),Ornn/Udyr (FR/IO),1,1,1
Neeko/Poppy (DE/RU),Garen/Shyvana (DE/MT),1,1,1
Garen/Shyvana (DE/MT),Gwen/Thresh (NX/SI),1,1,1
Garen/Shyvana (DE/MT),Gnar/Lillia (FR/IO),1,1,1
Tahm Kench/Udyr (BW/FR),Jack (BW/MT),1,1,1
Jax/Rumble (BC/RU),Championless (SI),1,1,1
Maokai/Nautilus (BW/SI),Ashe/Sejuani (DE/FR),1,1,1
Braum/Udyr/Vladimir (FR/NX),Nidalee (BC/SH),1,1,1
Nasus/Senna (SI/SH),Braum/Udyr/Vladimir (FR/NX),1,1,1
Braum/Udyr/Vladimir (FR/NX),Ashe/LeBlanc (FR/NX),1,1,1
Morgana/Taric (IO/MT),Jax/Rumble (BC/RU),1,1,1
Braum/Vladimir (FR/NX),Leona/Sett (IO/MT),1,1,1
Gangplank/Sejuani (BW/FR),Leona/Sett (IO/MT),1,1,1
Braum/Vladimir (FR/NX),Tahm Kench/Udyr (BW/FR),1,1,1
Garen/Shyvana (DE/MT),Poppy/Vayne (DE/FR),1,1,1
Nasus/Senna (SI/SH),Aatrox/Vayne (RU/DE),1,1,1
Gnar/Nidalee (BC/SH),Malphite/Yasuo (IO/MT),1,1,1
Ashe (FR/PZ),Janna/Varus (PZ/RU),1,1,1
Maokai/Nautilus (BW/SI),Braum/Sejuani/Swain (FR/NX),1,1,1
Udyr/Vladimir (FR/NX),Senna/Veigar (BC/SI),1,1,1
Akshan/Varus (SH/RU),Braum/Tahm Kench (BW/FR),1,1,1
Braum/Tahm Kench (BW/FR),Aphelios/Viktor (MT/PZ),1,1,1
Nasus/Senna (SI/SH),Udyr (BW/FR),1,1,1
Jayce/Lux (DE/PZ),Gnar (BC/NX),1,1,1
Braum/Lillia (FR/IO),Udyr/Vladimir (FR/NX),1,1,1
Gangplank/Nidalee (BW/SH),Swain/Vladimir (FR/NX),1,1,1
Jax/Ornn (FR/RU),Gangplank/Nidalee (BW/SH),1,1,1
Ashe/LeBlanc (FR/NX),Aatrox/Akshan (RU/SH),1,1,1
Kalista/Thresh (PZ/SI),Udyr (BW/FR),1,1,1
Lulu/Shen (IO/MT),Udyr (BW/FR),1,1,1
LeBlanc (FR/NX),Udyr (BW/FR),1,1,1
LeBlanc (FR/NX),Gnar/Neeko (FR/RU),1,1,1
Garen/Kayle (DE/MT),Nidalee (BC/SH),1,1,1
Janna (PZ/SI),Nasus/Senna (SI/SH),1,1,1
Sejuani/Swain/Vladimir (FR/NX),LeBlanc (FR/NX),1,1,1
Gangplank/Sejuani (BW/FR),Udyr/Vladimir (FR/NX),1,1,1
Kayle (BW/MT),Gnar/Lulu/Neeko/Poppy (BC/RU),1,1,1
Lulu/Shen (IO/MT),Aatrox/Nasus (RU/SH),1,1,1
Morgana/Udyr (DE/FR),Garen/Poppy (DE),1,1,1
Gangplank/Sejuani (BW/FR),Udyr (BW/FR),1,1,1
Ashe/LeBlanc (FR/NX),Udyr (BW/FR),1,1,1
Udyr (BW/FR),Jack/Sett (BW/IO),1,1,1
Rumble/Sion (NX/SH),Nasus/Thresh (SI/SH),1,1,1
Vayne/Vi (DE/PZ),Gangplank/Nidalee (BW/SH),1,1,1
Vayne/Vi (DE/PZ),Aatrox/Kayn (RU/RU),1,1,1
Kayle (BW/MT),Garen/Neeko/Poppy/Shyvana (DE/RU),1,1,1
Rumble/Sion (NX/SH),Akshan/Varus (SH/RU),1,1,1
Ashe (FR/NX),Gangplank/Nidalee (BW/SH),1,1,1
Morgana (IO/MT),Gangplank/Nidalee (BW/SH),1,1,1
Janna (BW/PZ),Gangplank/Nidalee (BW/SH),1,1,1
Garen/Kayle (DE/MT),Riven/Viktor (NX/PZ),1,1,1
Gangplank/Sejuani (BW/FR),Kalista/Nasus (SI/SH),1,1,1
LeBlanc/Udyr (FR/NX),Jack (BW/IO),1,1,1
LeBlanc (FR/NX),Kai'Sa/Sivir (DE/SH),1,1,1
Sion/Thresh (NX/SI),Lulu/Shen (IO/MT),1,1,1
Kalista/Senna (SI),Kayle (BW/MT),1,1,1
LeBlanc/Sivir (NX/SH),Kai'Sa/Rumble (BC/SH),1,1,1
LeBlanc/Sivir (NX/SH),Udyr/Viktor (FR/PZ),1,1,1
Janna/Tahm Kench (BW/PZ),Lulu/Shen (IO/MT),1,1,1
Nidalee (BC/SH),Lulu/Shen (IO/MT),1,1,1
Garen/Kayle (DE/MT),Aatrox/Vayne (RU/DE),1,1,1
Lee Sin/Viktor (IO/PZ),Varus/Viktor (PZ/RU),1,1,1
Janna (BW/PZ),LeBlanc/Sivir (NX/SH),1,1,1
Garen/Neeko (DE/RU),Braum/Galio (DE/FR),1,1,1
Akshan/Sivir (IO/SH),Sivir/Udyr (FR/SH),1,1,1
LeBlanc/Sivir (NX/SH),Poppy/Tristana (BC/NX),1,1,1
Championless (IO/MT),Akshan/Varus (SH/RU),1,1,1
Lillia/Malphite (IO/MT),Gangplank/Sejuani (BW/FR),1,1,1
Gwen/Udyr (FR/SI),Senna/Veigar (PZ/SI),1,1,1
Lulu/Poppy (DE/IO),Senna/Veigar (PZ/SI),1,1,1
Senna/Veigar (PZ/SI),Poppy/Riven (BC/NX),1,1,1
Lulu/Shen (IO/MT),Akshan/Sivir (NX/SH),1,1,1
Caitlyn/Gnar (BC/PZ),LeBlanc/Sivir (NX/SH),1,1,1
Jayce/Udyr (FR/PZ),Kayle/Lillia (IO/MT),1,1,1
Championless (SI),Aatrox/Braum (RU/FR),1,1,1
Braum/Gwen (FR/SI),Akshan/Varus (SH/RU),1,1,1
Tahm Kench/Udyr (BW/FR),Akshan/Varus (SH/RU),1,1,1
Kalista (SI),Gangplank/Nidalee (BW/SH),1,1,1
Jack/Morgana (BW/DE),Gangplank/Nidalee (BW/SH),1,1,1
Gwen/LeBlanc (NX/SI),Gnar/Sejuani (BC/FR),1,1,1
Gwen/Udyr (FR/SI),Kalista (FR/SI),1,1,1
Galio/Udyr (DE/FR),LeBlanc/Udyr (FR/NX),1,1,1
Jack/Tahm Kench (BW/IO),Championless (BC/BW),1,1,1
Akshan/Sivir (DE/SH),Lulu/Shen (IO/MT),1,1,1
Gnar/Sejuani (BC/FR),Gnar/Kayle/Morgana (FR/MT),1,1,1
Braum/Gwen (FR/SI),Senna (PZ/SI),1,1,1
LeBlanc/Sivir (NX/SH),Aphelios/Morgana (FR/MT),1,1,1
Morgana/Udyr (DE/FR),Aphelios/Jack (BW/MT),1,1,1
Ornn/Vayne (DE/FR),Maokai/Nautilus (BW/SI),1,1,1
Jack/Sett (BW/IO),Garen/Kayle (DE/MT),1,1,1
Jack/Tahm Kench (BW/IO),Gwen/LeBlanc (NX/SI),1,1,1
Gnar/Neeko (FR/RU),Lillia/Malphite (IO/MT),1,1,1
Braum/Kayle/Morgana (FR/MT),Aphelios/Jack (BW/MT),1,1,1
Maokai/Nautilus (BW/SI),Garen (DE/NX),1,1,1
Senna/Veigar (BC/SI),Garen (DE/NX),1,1,1
Garen/Shyvana (DE/MT),Neeko/Tristana (BC/RU),1,1,1
Swain/Vladimir (FR/NX),Lillia (FR/IO),1,1,1
Swain/Vladimir (FR/NX),Kayle (BC/MT),1,1,1
Championless (SI),Rumble/Sion (NX/SH),1,1,1
Lillia/Malphite (IO/MT),Senna/Veigar (PZ/SI),1,1,1
Lillia/Malphite (IO/MT),Gwen/LeBlanc (NX/SI),1,1,1
Akshan/Udyr (FR/SH),Championless (BC/BW),1,1,1
Akshan/Udyr (FR/SH),Braum/Garen (DE/FR),1,1,1
Morgana/Udyr (DE/FR),Kalista/Nasus (SI/SH),1,1,1
Rumble/Sion (BC/NX),Janna/Lillia/Viktor (IO/PZ),1,1,1
LeBlanc/Rumble (IO/NX),Kayle/Shyvana (DE/MT),1,1,1
Rumble/Sion (BC/NX),LeBlanc/Rumble (IO/NX),1,1,1
Aphelios/Tahm Kench (BW/MT),Janna/Senna (PZ/SI),1,1,1
Braum/Lillia (FR/IO),Kalista/Maokai (BW/SI),1,1,1
Nasus (SI/SH),Morgana (IO/MT),1,1,1
Senna/Veigar (BC/SI),Braum/Kayle/Morgana (FR/MT),1,1,1
Gangplank/Nidalee (BW/SH),Nasus/Nidalee (SH),1,1,1
Gwen/LeBlanc (NX/SI),Neeko/Tristana (BC/RU),1,1,1
Ashe/LeBlanc (FR/NX),Akshan/Caitlyn (PZ/SH),1,1,1
Morgana/Udyr (DE/FR),Gwen (FR/SI),1,1,1
Aphelios/Viktor (MT/PZ),Gwen (FR/SI),1,1,1
Championless (SI),Gnar/Gwen (FR/SI),1,1,1
Neeko/Tristana (BC/RU),Gnar/Gwen (FR/SI),1,1,1
Gnar/Gwen (FR/SI),Nasus/Nidalee (SH),1,1,1
Gnar/Gwen (FR/SI),Nasus/Senna (SI/SH),1,1,1
Gwen/Udyr (FR/SI),Ashe/Tahm Kench (BW/FR),1,1,1
Akshan/Lee Sin (IO/SH),Caitlyn/Janna (BC/PZ),1,1,1
Akshan/Taric (MT/SH),Akshan/Lee Sin (IO/SH),1,1,1
LeBlanc (FR/NX),Championless (BC/BW),1,1,1
Malphite/Yasuo (IO/MT),Gnar/Sejuani (BC/FR),1,1,1
Gnar/Sejuani (BC/FR),Sett (BC/IO),1,1,1
Morgana (IO/MT),Akshan/Lee Sin (IO/SH),1,1,1
Neeko/Tristana (BC/RU),Akshan/Caitlyn (PZ/SH),1,1,1
Janna/Viktor (BW/PZ),Kalista (SI),1,1,1
Ashe/Tahm Kench (BW/FR),LeBlanc/Sivir (NX/SH),1,1,1
LeBlanc/Sivir (NX/SH),Lulu/Poppy (DE/IO),1,1,1
Neeko/Poppy (DE/RU),Braum/Riven/Vladimir (FR/NX),1,1,1
Galio/Poppy (DE/MT),Akshan/Varus (SH/RU),1,1,1
Ashe/Tahm Kench (BW/FR),Gangplank/Sejuani (BW/FR),1,1,1
Jayce/Lux (DE/PZ),Rumble/Sion (NX/SH),1,1,1
Rumble/Sion (BC/NX),Lillia/Veigar (BC/IO),1,1,1
Vayne/Vi (DE/PZ),Gangplank/Sejuani (BW/FR),1,1,1
Vayne/Vi (DE/PZ),LeBlanc/Sivir (NX/SH),1,1,1
Braum/Swain/Udyr (FR/NX),Garen (DE/NX),1,1,1
Championless (SI),Gnar/Kayle/Morgana (FR/MT),1,1,1
Ashe/Tahm Kench (BW/FR),Braum/Swain/Udyr (FR/NX),1,1,1
Garen/Shyvana (DE/MT),Jax/Tristana (BC/RU),1,1,1
Janna/Viktor (FR/PZ),Akshan/Varus (SH/RU),1,1,1
Nasus/Senna (SI/SH),Tahm Kench/Udyr (BW/FR),1,1,1
Kayle (BW/MT),Championless (BW/SI),1,1,1
Neeko/Poppy (DE/RU),Rumble/Sion (NX/SH),1,1,1
Kalista (SI),Janna/Veigar (BC/PZ),1,1,1
Janna/Veigar (BC/PZ),Championless (BC/BW),1,1,1
Akshan/Udyr (FR/SH),Janna/Viktor (BC/PZ),1,1,1
LeBlanc/Sivir (NX/SH),Riven/Taric (MT/NX),1,1,1
Lulu/Shen (IO/MT),Illaoi/Swain (BW/NX),1,1,1
Lulu/Shen (IO/MT),Caitlyn (PZ/SI),1,1,1
Neeko/Poppy (DE/RU),Nasus (SI/SH),1,1,1
Kayle (BW/MT),Lillia/Veigar (BC/IO),1,1,1
Braum/Riven/Vladimir (FR/NX),Lillia/Veigar (BC/IO),1,1,1
Senna/Veigar (PZ/SI),Akshan/Kayn (RU/SH),1,1,1
Championless (BC/BW),Aatrox/Kayn (RU/RU),1,1,1
Aatrox/Kayn (RU/RU),Janna/Nidalee (PZ/SH),1,1,1
Kayle (BW/MT),Janna (BW/PZ),1,1,1
Maokai/Nautilus (BW/SI),Championless (BC/BW),1,1,1
Maokai/Nautilus (BW/SI),Braum/Riven/Vladimir (FR/NX),1,1,1
Kai'Sa/Viktor (PZ/SH),Garen (DE),1,1,1
Ashe (FR/NX),Akshan/Varus (SH/RU),1,1,1
Gangplank/Sejuani (BW/FR),Jax/Riven (RU/NX),1,1,1
Janna (BW/PZ),Malphite/Yasuo (IO/MT),1,1,1
Aatrox/Kayn (RU/RU),Janna (BW/PZ),1,1,1
Viktor (IO/PZ),Lulu/Shen (IO/MT),1,1,1
Ashe (FR/PZ),Kalista/Nasus (SI/SH),1,1,1
Riven/Viktor (NX/PZ),Kalista/Nasus (SI/SH),1,1,1
Kai'Sa/Viktor (PZ/SH),Kai'Sa/Renekton (SH),1,1,1
Nidalee (BC/SH),Jack/Morgana (BW/DE),1,1,1
Nidalee (BC/SH),Nasus (SI/SH),1,1,1
Garen (DE),Ashe (FR/PZ),1,1,1
Sejuani/Swain (FR/NX),Lillia (FR/IO),1,1,1
Ashe/Jayce (FR/PZ),Lux/Morgana (DE/MT),1,1,1
Senna (PZ/SI),Lulu/Shen (IO/MT),1,1,1
Lulu/Shen (IO/MT),Sett (IO/PZ),1,1,1
Lee Sin/Viktor (IO/PZ),Nasus (SI/SH),1,1,1
Darius/LeBlanc (FR/NX),Nasus (SI/SH),1,1,1
Nasus (SI/SH),Kalista/Nasus (SI/SH),1,1,1
LeBlanc/Riven (BW/NX),Janna/Viktor (BC/PZ),1,1,1
Kalista/Nasus (SI/SH),Maokai/Nautilus (BW/SI),1,1,1
Maokai/Nautilus (BW/SI),Aphelios/Rumble (BC/MT),1,1,1
Ashe/LeBlanc (FR/NX),LeBlanc (MT/NX),1,1,1
Ashe/LeBlanc (FR/NX),Aatrox/Garen/Vayne (RU/DE),1,1,1
Senna/Veigar (BC/SI),Akshan/Viktor (PZ/SH),1,1,1
Aphelios/Viktor (MT/PZ),Lux/Morgana (DE/MT),1,1,1
Caitlyn/Swain (NX/PZ),Kalista/Nasus (SI/SH),1,1,1
Aatrox/Kayn (RU/RU),Akshan/Lillia (IO/SH),1,1,1
LeBlanc/Sivir (NX/SH),Braum/Swain/Udyr (FR/NX),1,1,1
Neeko/Poppy (DE/RU),Poppy/Tristana (BC/NX),1,1,1
Jack/Morgana (BW/DE),Championless (PZ/SI),1,1,1
Maokai/Nautilus (BW/SI),Ashe/Tahm Kench (BW/FR),1,1,1
Maokai/Nautilus (BW/SI),Janna/Vi/Viktor (BC/PZ),1,1,1
Ornn/Udyr (DE/FR),Gangplank/Sejuani (BW/FR),1,1,1
Udyr/Vladimir (FR/NX),Kalista (SI),1,1,1
Janna/Senna (PZ/SI),Viktor (BC/PZ),1,1,1
Viktor (BC/PZ),Championless (BC/BW),1,1,1
Aphelios/Lee Sin (IO/MT),Janna/Senna (PZ/SI),1,1,1
Aphelios/Lee Sin (IO/MT),Swain/Vladimir (BW/NX),1,1,1
Braum/Lillia (FR/IO),Jack/Lillia (BW/IO),1,1,1
Sett/Taric (IO/MT),Garen/Poppy (DE),1,1,1
Aatrox/Morgana (RU/DE),Morgana/Taric (IO/MT),1,1,1
Morgana/Taric (IO/MT),Nasus/Senna (SI/SH),1,1,1
Championless (FR/SI),Lee Sin/Viktor (IO/PZ),1,1,1
Championless (FR/SI),Kai'Sa (PZ/SH),1,1,1
Sejuani/Swain (FR/NX),Championless (FR/SI),1,1,1
Championless (SI),Maokai/Senna (PZ/SI),1,1,1
Caitlyn/Swain (NX/PZ),Darius/LeBlanc (FR/NX),1,1,1
Championless (BC/BW),Neeko/Poppy (DE/RU),1,1,1
Garen/Shen (DE/IO),Neeko/Poppy (DE/RU),1,1,1
Neeko/Poppy (DE/RU),Morgana/Senna (MT/SI),1,1,1
Akshan/Udyr (FR/SH),Garen/Shen (DE/IO),1,1,1
Udyr/Vladimir (FR/NX),Akshan/Udyr (FR/SH),1,1,1
Jack/Lillia (BW/IO),Akshan/Udyr (FR/SH),1,1,1
Akshan/Udyr (FR/SH),Morgana (BC/DE),1,1,1
Championless (FR/SI),Akshan/Udyr (FR/SH),1,1,1
Janna/Senna (PZ/SI),Ashe/Jayce (FR/PZ),1,1,1
Ashe/Jayce (FR/PZ),Championpile (FR/SH),1,1,1
Neeko/Poppy (DE/RU),Akshan/Sivir (DE/SH),1,1,1
LeBlanc/Sivir (NX/SH),Championless (FR/SI),1,1,1
Nasus (SI/SH),Morgana (BC/DE),1,1,1
Kayle (BW/MT),Jayce (PZ/SI),1,1,1
LeBlanc/Udyr (FR/NX),Gwen/LeBlanc (NX/SI),1,1,1
Akshan/Lee Sin (IO/SH),Sivir (NX/SH),1,1,1
Lillia/Sett (BC/IO),Darius/LeBlanc (FR/NX),1,1,1
Championless (SI),Sejuani/Swain/Vladimir (FR/NX),1,1,1
Lee Sin/Viktor (IO/PZ),Championpile (DE/SH),1,1,1
Championless (BC/BW),Caitlyn (FR/PZ),1,1,1
Akshan/Udyr (FR/SH),Janna/Senna (PZ/SI),1,1,1
Akshan/Lee Sin (IO/SH),Darius/Gwen (NX/SI),1,1,1
Darius/Gwen (NX/SI),Aatrox/Morgana (RU/DE),1,1,1
Nasus/Thresh (SI/SH),Neeko/Tristana (BC/RU),1,1,1
Neeko/Tristana (BC/RU),Lux/Morgana (DE/MT),1,1,1
Caitlyn (FR/PZ),Akshan/Kai'Sa (BW/SH),1,1,1
Akshan/Nasus (SI/SH),Caitlyn/Swain (NX/PZ),1,1,1
Caitlyn/Swain (NX/PZ),Championless (DE/MT),1,1,1
Darius/Gwen (NX/SI),Shen/Sivir (IO/SH),1,1,1
Gangplank/Sejuani (BW/FR),Darius/Gwen (NX/SI),1,1,1
LeBlanc/Sivir (NX/SH),Braum/Garen/Udyr (DE/FR),1,1,1
Braum/Garen/Udyr (DE/FR),Nasus/Thresh (SI/SH),1,1,1
Rumble/Sion (BC/NX),Ashe/Morgana (DE/FR),1,1,1
Jayce (PZ/SI),Caitlyn/Swain (NX/PZ),1,1,1
Viktor (IO/PZ),Kayle/Lillia (IO/MT),1,1,1
Lulu/Taric (IO/MT),Galio (DE/FR),1,1,1
Jayce/Lux (DE/PZ),Sett/Taric (IO/MT),1,1,1
Garen/Shen (DE/IO),Caitlyn/Swain (NX/PZ),1,1,1
Morgana/Viktor (MT/PZ),Nasus/Senna (SI/SH),1,1,1
Janna/Senna (PZ/SI),Jax/Ornn (FR/RU),1,1,1
Akshan/Nidalee/Sivir (DE/SH),Swain (BW/NX),1,1,1
Janna/Senna (PZ/SI),Morgana/Viktor (MT/PZ),1,1,1
Janna/Senna (PZ/SI),Lillia/Sett (BC/IO),1,1,1
Udyr/Vladimir (FR/NX),Morgana/Udyr (DE/FR),1,1,1
Gnar/Nidalee (BC/SH),Illaoi/Vayne (BW/DE),1,1,1
Jayce/Nasus (PZ/SH),Illaoi/Vayne (BW/DE),1,1,1
Akshan/Lee Sin (IO/SH),Galio/Morgana (DE/FR),1,1,1
Braum/Vladimir (FR/NX),Galio (DE/FR),1,1,1
Kai'Sa/Viktor (PZ/SH),Gwen/LeBlanc (NX/SI),1,1,1
Kai'Sa/Viktor (PZ/SH),LeBlanc/Udyr (FR/NX),1,1,1
Gnar/Nidalee (BC/SH),Vayne/Vi (DE/PZ),1,1,1
Vayne/Vi (DE/PZ),Akshan/Shyvana (DE/SH),1,1,1
Vayne/Vi (DE/PZ),Neeko/Tristana (BC/RU),1,1,1
Vayne/Vi (DE/PZ),Akshan/Udyr (FR/SH),1,1,1
Vayne/Vi (DE/PZ),Senna/Veigar (BC/SI),1,1,1
Akshan/Nasus/Renekton (SH),Aphelios/Lee Sin (IO/MT),1,1,1
Akshan/Nasus/Renekton (SH),Gwen/Kalista (SI),1,1,1
Braum/Garen/Udyr (DE/FR),Akshan/Nasus/Renekton (SH),1,1,1
Garen/Shyvana (DE/MT),Morgana/Udyr (DE/FR),1,1,1
Janna/Senna (PZ/SI),LeBlanc/Riven (BW/NX),1,1,1
Gangplank/Sejuani (BW/FR),LeBlanc/Riven (BW/NX),1,1,1
Neeko/Poppy (DE/RU),LeBlanc/Riven (BW/NX),1,1,1
Neeko/Poppy (DE/RU),Aphelios/Tahm Kench (BW/MT),1,1,1
Morgana/Viktor (MT/PZ),Neeko/Poppy (DE/RU),1,1,1
Braum/Sejuani/Udyr (FR/PZ),Neeko/Poppy (DE/RU),1,1,1
Aphelios/Lee Sin (IO/MT),Aphelios/Tahm Kench (BW/MT),1,1,1
Aphelios/Tahm Kench (BW/MT),Lee Sin/Viktor (IO/PZ),1,1,1
Galio/Udyr (DE/FR),Akshan/Sivir (MT/SH),1,1,1
Swain (BW/NX),Braum/Vladimir (FR/NX),1,1,1
Gangplank/Nidalee (BW/SH),Neeko/Tristana (BC/RU),1,1,1
Swain (BW/NX),Aatrox/Kayn (RU/RU),1,1,1
Jayce/Lux (DE/PZ),Varus/Vayne (DE/RU),1,1,1
Jayce/Lux (DE/PZ),Udyr/Vladimir (FR/NX),1,1,1
Jayce/Lux (DE/PZ),Leona (IO/MT),1,1,1
Morgana/Viktor (MT/PZ),Lee Sin/Viktor (IO/PZ),1,1,1
Championless (SI),Akshan/Caitlyn (PZ/SH),1,1,1
Varus/Vayne (DE/RU),Championless (SI),1,1,1
Kayle (BW/MT),Gangplank (BW/PZ),1,1,1
Caitlyn/Veigar (BC/PZ),Aphelios/Viktor (MT/PZ),1,1,1
Caitlyn (FR/PZ),Akshan/Riven (NX/SH),1,1,1
Jayce/Nasus (PZ/SH),Caitlyn (FR/PZ),1,1,1
Poppy/Taric (DE/MT),Caitlyn (FR/PZ),1,1,1
Akshan/Shyvana (DE/SH),Caitlyn (FR/PZ),1,1,1
Caitlyn (FR/PZ),Aphelios/Lee Sin (IO/MT),1,1,1
Caitlyn (FR/PZ),Gwen/Kalista (SI),1,1,1
Lee Sin/Viktor (IO/PZ),Championless (BC/BW),1,1,1
Championless (BC/BW),Gnar/Nidalee (BC/SH),1,1,1
Neeko/Tristana (BC/RU),Riven/Viktor (NX/PZ),1,1,1
Akshan/Nasus (SI/SH),Morgana/Viktor (MT/PZ),1,1,1
Neeko/Tristana (BC/RU),Braum/Garen/Udyr (DE/FR),1,1,1
Akshan/Shyvana (DE/SH),Gwen/LeBlanc (NX/SI),1,1,1
Garen/Shen (DE/IO),Championpile (PZ/SH),1,1,1
Gnar/Nidalee (BC/SH),Kayle/Udyr (FR/MT),1,1,1
Senna/Veigar (PZ/SI),Akshan/Udyr (FR/SH),1,1,1
Akshan/Varus (SH/RU),Akshan/Nasus/Renekton (SH),1,1,1
Illaoi/Vayne (BW/DE),Janna/Senna (PZ/SI),1,1,1
Braum/Vladimir (FR/NX),Illaoi/Vayne (BW/DE),1,1,1
Senna/Veigar (PZ/SI),Illaoi/Vayne (BW/DE),1,1,1
Ashe (FR/PZ),Illaoi/Vayne (BW/DE),1,1,1
Illaoi/Vayne (BW/DE),Riven/Viktor (NX/PZ),1,1,1
Illaoi/Vayne (BW/DE),Garen/Shyvana (DE/MT),1,1,1
Illaoi/Vayne (BW/DE),Maokai/Nautilus (BW/SI),1,1,1
Janna/Lee Sin (IO/PZ),Braum/Vladimir (FR/NX),1,1,1
Jack/Shen (BW/IO),Neeko/Renekton (RU/SH),1,1,1
Jack/Lillia (BW/IO),Kayle (BW/MT),1,1,1
Akshan/Nasus/Renekton (SH),Jayce/Nasus (PZ/SH),1,1,1
Darius/Sion (DE/NX),Akshan/Nasus/Renekton (SH),1,1,1
Akshan/Udyr (FR/SH),Kai'Sa/Viktor (PZ/SH),1,1,1
Senna (PZ/SI),Akshan/Udyr (FR/SH),1,1,1
Galio/Udyr (DE/FR),Gnar (BC/NX),1,1,1
Jax/Rumble (BC/RU),Nasus (SI/SH),1,1,1
Jayce/Lux (DE/PZ),Gwen/Thresh (NX/SI),1,1,1
Janna/Lee Sin (IO/PZ),Championless (SI),1,1,1
Senna/Veigar (PZ/SI),Jax/Rumble (BC/RU),1,1,1
Janna/Viktor (BW/PZ),Jayce/Lux (DE/PZ),1,1,1
Ashe/Poppy (DE/FR),Janna/Senna (PZ/SI),1,1,1
Jayce/Lux (DE/PZ),Jack/Lee Sin (BW/IO),1,1,1
Ashe/LeBlanc (FR/NX),Illaoi/Vayne (BW/DE),1,1,1
Kai'Sa/Viktor (PZ/SH),Janna/Senna (PZ/SI),1,1,1
Gangplank/Sejuani (BW/FR),Garen/Shen (DE/IO),1,1,1
Kayle/Lillia (IO/MT),Garen (DE/SH),1,1,1
Senna/Veigar (BC/SI),Illaoi (BW/DE),1,1,1
Galio/Morgana (DE/FR),Kai'Sa/Viktor (PZ/SH),1,1,1
Janna (IO/PZ),Maokai/Nautilus (BW/SI),1,1,1
Kalista (SI),Jax/Rumble (BC/RU),1,1,1
Senna/Veigar (PZ/SI),Lillia/Shyvana (DE/IO),1,1,1
Maokai/Nautilus (BW/SI),Sett/Taric (IO/MT),1,1,1
Maokai/Nautilus (BW/SI),Maokai (SI),1,1,1
Championless (SI),Leona/Swain (MT/NX),1,1,1
Championless (SI),Jayce (FR/PZ),1,1,1
Braum/Kayle/Morgana (FR/MT),Darius/Gnar (FR/NX),1,1,1
Braum/Kayle/Morgana (FR/MT),Darius/Gwen (NX/SI),1,1,1
Darius/Gwen (NX/SI),Senna/Veigar (PZ/SI),1,1,1
Senna/Veigar (BC/SI),Tahm Kench/Udyr (BW/FR),1,1,1
Janna/Lee Sin (IO/PZ),Lillia (FR/IO),1,1,1
Lillia (FR/IO),Gangplank (BW/PZ),1,1,1
Jax/Tristana (BC/RU),Lee Sin (IO/PZ),1,1,1
Championless (IO/SI),Janna (FR/PZ),1,1,1
Kalista (NX/SI),Braum/Lillia (FR/IO),1,1,1
Kalista (NX/SI),Poppy/Taric (DE/MT),1,1,1
Morgana/Taric (DE/MT),Ornn/Vayne (DE/FR),1,1,1
Darius/LeBlanc (FR/NX),Ashe (FR/PZ),1,1,1
Janna/Viktor (BC/PZ),Braum/Lillia (FR/IO),1,1,1
Janna (FR/PZ),Sejuani/Viktor (FR/PZ),1,1,1
Janna/Viktor (IO/PZ),Janna (FR/PZ),1,1,1
Braum/Vladimir (FR/NX),Janna (FR/PZ),1,1,1
Janna (FR/PZ),Gwen/LeBlanc (NX/SI),1,1,1
Swain (BW/NX),Janna (FR/PZ),1,1,1
Janna/Viktor (IO/PZ),Janna (IO/PZ),1,1,1
Lee Sin (IO/PZ),Ornn/Vayne (DE/FR),1,1,1
Jayce (IO/PZ),Lee Sin (IO/PZ),1,1,1
Kai'Sa/Rumble (BC/SH),Kayle (BW/MT),1,1,1
Morgana/Udyr (DE/FR),Braum/Lillia/Udyr (FR/IO),1,1,1
Kai'Sa/Rumble (BC/SH),Morgana/Udyr (DE/FR),1,1,1
Akshan/Nidalee (PZ/SH),Ashe/LeBlanc (FR/NX),1,1,1
Lulu/Poppy (DE/IO),Janna/Lee Sin (IO/PZ),1,1,1
Kai'Sa/Rumble (NX/SH),Akshan/Lee Sin (IO/SH),1,1,1
Senna/Veigar (BC/SI),Jayce (IO/PZ),1,1,1
Morgana/Thresh (DE/SI),Kayle (BW/MT),1,1,1
Neeko/Poppy (BC/RU),Lulu/Poppy (DE/IO),1,1,1
Ashe (FR/PZ),Championless (BC/BW),1,1,1
Lillia/Morgana (IO/MT),Ashe/LeBlanc (FR/NX),1,1,1
Lee Sin/Riven (IO/NX),Gnar/Nidalee (BC/SH),1,1,1
Nasus/Thresh (SI/SH),Braum/Udyr (FR/SI),1,1,1
Nidalee (BC/SH),Braum/Udyr (FR/SI),1,1,1
Braum/Udyr (FR/SI),Maokai/Nautilus (BW/SI),1,1,1
Kayle (BW/MT),Braum/Udyr (FR/SI),1,1,1
Braum/Udyr (FR/SI),Ashe/LeBlanc (FR/NX),1,1,1
Braum/Udyr (FR/SI),Morgana/Udyr (DE/FR),1,1,1
Riven/Swain (NX/SI),Kayle (BW/MT),1,1,1
Gwen/LeBlanc (NX/SI),Morgana/Riven (MT/NX),1,1,1
Gnar/Neeko (FR/RU),Neeko/Poppy (DE/RU),1,1,1
Darius/Gnar (FR/NX),Janna (FR/PZ),1,1,1
Janna (FR/PZ),Shyvana (DE/MT),1,1,1
Janna (FR/PZ),Darius/Ornn (FR/NX),1,1,1
Senna/Veigar (BC/SI),Janna (FR/PZ),1,1,1
Aphelios/Taric (IO/MT),Janna (FR/PZ),1,1,1
Garen/Udyr (DE/FR),Jayce/Lux (DE/PZ),1,1,1
Lulu/Shen (IO/MT),Gangplank/Nidalee (BW/SH),1,1,1
Ashe/Poppy (DE/FR),Gangplank/Nidalee (BW/SH),1,1,1
Malphite/Yasuo (IO/MT),Nasus/Senna (SI/SH),1,1,1
Nasus/Thresh (SI/SH),Garen/Shyvana (DE),1,1,1
Garen/Sivir (DE/SH),Morgana/Udyr (DE/FR),1,1,1
Janna (BW/PZ),Garen/Kayle (DE/MT),1,1,1
Darius/LeBlanc (FR/NX),Shen/Sivir (IO/SH),1,1,1
Caitlyn (FR/PZ),Lulu/Poppy (DE/IO),1,1,1
Swain (BW/NX),LeBlanc/Udyr (FR/NX),1,1,1
Garen/Udyr (DE/FR),Malphite/Yasuo (IO/MT),1,1,1
Ashe/LeBlanc (FR/NX),Akshan/Sivir (SI/SH),1,1,1
Illaoi/Ornn (BW/FR),Gangplank/Sejuani (BW/FR),1,1,1
Kayle (BW/MT),Varus/Vayne (DE/RU),1,1,1
Darius/Gnar (FR/NX),Aphelios/Morgana (MT/PZ),1,1,1
Aatrox (RU/BW),Janna (BW/PZ),1,1,1
Riven/Viktor (NX/PZ),Riven/Swain (NX/SI),1,1,1
Galio/Morgana (DE/FR),Gangplank/Swain (BW/NX),1,1,1
Maokai/Nautilus (BW/SI),Riven/Swain (NX/SI),1,1,1
Riven/Swain (NX/SI),Neeko/Poppy (DE/RU),1,1,1
Jack/Sett (BW/IO),Jax/Tristana (BC/RU),1,1,1
Sion (NX/SI),Ashe/Janna (FR/PZ),1,1,1
Ashe/Janna (FR/PZ),Sejuani/Swain (FR/NX),1,1,1
Taric/Udyr (FR/MT),Lee Sin/Riven (IO/NX),1,1,1
Garen/Shyvana (DE/MT),Lillia/Viktor (IO/PZ),1,1,1
Malphite/Yasuo (IO/MT),Shen/Sivir (IO/SH),1,1,1
Akshan/Sivir (IO/SH),Caitlyn (FR/PZ),1,1,1
LeBlanc/Swain (NX),Akshan/Varus (SH/RU),1,1,1
Braum/Lillia (FR/IO),LeBlanc/Rumble (BC/NX),1,1,1
Shen/Sivir (IO/SH),LeBlanc/Rumble (BC/NX),1,1,1
Morgana/Riven (MT/NX),Darius/LeBlanc (FR/NX),1,1,1
Championless (PZ/SI),Morgana/Riven (MT/NX),1,1,1
Darius/LeBlanc (FR/NX),Janna/Senna (PZ/SI),1,1,1
Championless (BC/IO),Rumble/Veigar (BC/NX),1,1,1
Taric (DE/MT),Rumble/Veigar (BC/NX),1,1,1
Rumble/Veigar (BC/NX),Senna/Veigar (PZ/SI),1,1,1
Gwen/Kalista (NX/SI),Rumble/Veigar (BC/NX),1,1,1
Akshan/Riven (NX/SH),Janna/Veigar (BC/PZ),1,1,1
Gnar/Sett (FR/IO),Janna (FR/PZ),1,1,1
Gangplank/Sejuani (BW/FR),Janna (IO/PZ),1,1,1
Janna (FR/PZ),Caitlyn/Janna (BC/PZ),1,1,1
Janna/Viktor (BC/PZ),Lulu/Poppy (DE/IO),1,1,1
Jax/Tristana (BC/RU),Janna/Sett (IO/PZ),1,1,1
Morgana/Udyr (DE/FR),Lulu/Taric (IO/MT),1,1,1
Senna/Veigar (PZ/SI),Gwen/Kalista (NX/SI),1,1,1
Darius/Gnar (FR/NX),Akshan/Riven (NX/SH),1,1,1
Morgana/Shyvana (DE/FR),Darius/Gnar (FR/NX),1,1,1
Kayle (BW/MT),Morgana (IO/MT),1,1,1
Championless (SI),Swain (BW/NX),1,1,1
Aatrox/Morgana/Vayne (RU/DE),Gnar/Neeko (FR/RU),1,1,1
Ashe/LeBlanc (FR/NX),Caitlyn/Vi (BC/PZ),1,1,1
Championless (BC/IO),Kayle (BW/MT),1,1,1
Morgana (IO/MT),Akshan/Riven (NX/SH),1,1,1
Viktor (BC/PZ),Illaoi (BW/NX),1,1,1
Jax/Tristana (BC/RU),Akshan/Riven (NX/SH),1,1,1
Jax/Tristana (BC/RU),Nasus/Senna (SI/SH),1,1,1
Illaoi (BW/NX),Championless (SI),1,1,1
Darius/Gnar (FR/NX),Illaoi (BW/NX),1,1,1
Morgana/Thresh (DE/SI),Senna/Veigar (BC/SI),1,1,1
Vayne/Vi (DE/PZ),Nidalee (BC/SH),1,1,1
Gangplank/Gnar (BC/BW),Nasus/Thresh (SI/SH),1,1,1
Jack/Morgana (BW/DE),Gangplank/Gnar (BC/BW),1,1,1
Akshan/Udyr (FR/SH),Ashe/Caitlyn (FR/PZ),1,1,1
Jack/Sett (BW/IO),Championless (BC/IO),1,1,1
Morgana/Riven (MT/NX),Kai'Sa/Viktor (PZ/SH),1,1,1
Kai'Sa/Viktor (PZ/SH),Illaoi/Jack (BW/FR),1,1,1
Nasus/Senna (SI/SH),Aphelios/Viktor (MT/PZ),1,1,1
Lillia/Udyr (FR/IO),Akshan/Nasus/Renekton (SH),1,1,1
Vayne/Vi (DE/PZ),Morgana/Riven (MT/NX),1,1,1
Vayne/Vi (DE/PZ),Neeko/Poppy (DE/RU),1,1,1
Ashe/Tahm Kench (BW/FR),Akshan/Sivir (IO/SH),1,1,1
Janna/Sett (IO/PZ),Ashe/Tahm Kench (BW/FR),1,1,1
Ashe/LeBlanc (FR/NX),Morgana (IO/MT),1,1,1
Garen/Shyvana (DE/MT),Nasus/Thresh (SI/SH),1,1,1
Rumble/Veigar (BC/NX),Garen/Shyvana (DE/MT),1,1,1
Lillia/Udyr (FR/IO),Neeko/Poppy (DE/RU),1,1,1
Aatrox (RU/BW),Lillia/Udyr (FR/IO),1,1,1
Ashe/Udyr (FR/SI),Lillia/Udyr (FR/IO),1,1,1
Akshan/Varus (SH/RU),Ashe/Morgana (FR/MT),1,1,1
Braum/Vladimir (FR/NX),Akshan/Sivir (SH),1,1,1
Jax/Tristana (BC/RU),Rumble/Veigar (BC/NX),1,1,1
Nasus/Thresh (SI/SH),Rumble/Veigar (BC/NX),1,1,1
Lulu/Taric (BC/MT),Rumble/Veigar (BC/NX),1,1,1
Darius/Gnar (FR/NX),Viktor (FR/PZ),1,1,1
Jayce (IO/PZ),Viktor (FR/PZ),1,1,1
Viktor (FR/PZ),Leona/Yasuo (IO/MT),1,1,1
Viktor (FR/PZ),Gnar/Lulu (BC/IO),1,1,1
Jack/Sett (BW/IO),Janna (BW/PZ),1,1,1
Nidalee (BC/SH),Janna (BW/PZ),1,1,1
Lillia/Morgana (IO/MT),Morgana/Udyr (DE/FR),1,1,1
Ashe/LeBlanc (FR/NX),Akshan (PZ/SH),1,1,1
Neeko/Poppy (DE/RU),Aatrox (RU/BW),1,1,1
Ashe/Udyr (FR/SI),Aatrox/Kayn (RU/RU),1,1,1
Aatrox/Kayn (RU/RU),Illaoi/Jack (BW/FR),1,1,1
Senna/Veigar (BC/SI),Championless (BW/SH),1,1,1
Championless (BW/SH),Championless (SI),1,1,1
Nasus/Thresh (SI/SH),Taric (DE/MT),1,1,1
Morgana/Udyr (DE/FR),Akshan/Viktor (PZ/SH),1,1,1
Janna/Viktor (BW/PZ),Jack/Sett (BW/IO),1,1,1
Galio/Udyr (DE/FR),Shen/Shyvana (DE/IO),1,1,1
Galio/Udyr (DE/FR),Darius/LeBlanc (FR/NX),1,1,1
Jack/Morgana (BW/DE),Darius/Illaoi/LeBlanc (BW/NX),1,1,1
Braum/Vladimir (FR/NX),Morgana/Udyr (FR/MT),1,1,1
Championless (PZ/SI),Janna/Morgana (MT/PZ),1,1,1
Championless (PZ/SI),Nasus/Senna (SI/SH),1,1,1
Darius/Gnar (FR/NX),Jayce (IO/PZ),1,1,1
Gnar/Renekton (FR/SH),Nidalee (BC/SH),1,1,1
Lux/Varus (DE/RU),Lillia/Udyr (FR/IO),1,1,1
Jayce (PZ/SI),Aphelios/Viktor (MT/PZ),1,1,1
Lillia/Sett (BC/IO),Illaoi/Swain (BW/NX),1,1,1
Galio/Morgana (DE/FR),Morgana/Riven (MT/NX),1,1,1
Neeko/Poppy (DE/RU),Championless (BC/IO),1,1,1
LeBlanc/Sivir (NX/SH),Garen/Kayle (DE/MT),1,1,1
Kalista/Nasus (SI/SH),Riven/Yasuo (IO/NX),1,1,1
Kalista/Nasus (SI/SH),Senna (PZ/SI),1,1,1
Championless (SI),Morgana/Udyr (FR/MT),1,1,1
Jayce (PZ/SI),Illaoi (BW/NX),1,1,1
Senna/Veigar (BC/SI),Jack/Morgana (BW/DE),1,1,1
Jack/Morgana (BW/DE),Tahm Kench/Udyr (BW/FR),1,1,1
Akshan/Lee Sin (IO/SH),Illaoi (BW/NX),1,1,1
Aphelios/Viktor (MT/PZ),Illaoi (BW/NX),1,1,1
Kai'Sa/Viktor (PZ/SH),LeBlanc/Sivir (NX/SH),1,1,1
Akshan/Nidalee/Sivir (DE/SH),Riven/Viktor (NX/PZ),1,1,1
Caitlyn (FR/PZ),Shen/Sivir (IO/SH),1,1,1
Gwen/LeBlanc (NX/SI),Caitlyn (FR/PZ),1,1,1
Lillia/Sett (BC/IO),Jayce/Swain (NX/PZ),1,1,1
Ashe/Tahm Kench (BW/FR),Aatrox (RU/BW),1,1,1
Senna (PZ/SI),Ashe/Tahm Kench (BW/FR),1,1,1
Gwen/Kalista (NX/SI),Ashe/Tahm Kench (BW/FR),1,1,1
Jayce/Lux (DE/PZ),Jayce/Morgana (MT/PZ),1,1,1
Shyvana (DE/MT),Rumble/Vayne (DE/NX),1,1,1
Gangplank/Sejuani (BW/FR),Lillia/Morgana (IO/MT),1,1,1
Janna/Sett (IO/PZ),Kayle/Morgana (FR/MT),1,1,1
Jax/Tristana (BC/RU),Morgana/Udyr (DE/FR),1,1,1
Championless (BC/MT),Maokai/Nautilus (BW/SI),1,1,1
Aatrox (RU/BW),Gwen/Kalista (NX/SI),1,1,1
Akshan/Nidalee (PZ/SH),Jayce/Lux (DE/PZ),1,1,1
Championless (SI),Illaoi/Jack (BW/FR),1,1,1
Akshan/Aphelios (MT/SH),Senna (PZ/SI),1,1,1
Kalista (SI),Lillia/Morgana (IO/MT),1,1,1
Gwen/LeBlanc (NX/SI),Gwen/Vayne (DE/SI),1,1,1
Championless (SI/SH),Jax/Tristana (BC/RU),1,1,1
Jax/Tristana (BC/RU),Akshan/Morgana (DE/SH),1,1,1
LeBlanc/Sivir (NX/SH),Galio/Morgana/Shyvana (DE/MT),1,1,1
Kayle (BW/MT),LeBlanc/Swain (NX),1,1,1
LeBlanc/Sivir (NX/SH),Gwen/Sett (IO/SI),1,1,1
Darius/Gnar/LeBlanc (FR/NX),Swain (BW/NX),1,1,1
Senna/Veigar (BC/SI),Kalista/Senna/Veigar (MT/SI),1,1,1
Gangplank/Gnar (BC/BW),Championless (SI),1,1,1
Maokai/Nautilus (BW/SI),Morgana/Taric (IO/MT),1,1,1
Morgana/Taric (IO/MT),Lee Sin/Viktor (IO/PZ),1,1,1
Maokai/Nautilus (BW/SI),Ashe (BW/FR),1,1,1
Riven/Viktor (NX/PZ),Aphelios/Morgana (MT/PZ),1,1,1
Garen/Poppy (DE),Gwen/LeBlanc (NX/SI),1,1,1
Garen/Poppy (DE),Darius/Gnar (FR/NX),1,1,1
LeBlanc/Sivir (NX/SH),Morgana (MT/PZ),1,1,1
Braum/Vladimir (FR/NX),Akshan/Braum (FR/SH),1,1,1
Braum/Garen/Udyr (DE/FR),Kalista (SI),1,1,1
Braum/Garen/Udyr (DE/FR),Kayle/Morgana (FR/MT),1,1,1
Braum/Garen/Udyr (DE/FR),Braum/Neeko (FR/RU),1,1,1
Braum (FR/MT),Neeko/Poppy (DE/RU),1,1,1
Galio/Morgana (DE/FR),LeBlanc/Sivir (NX/SH),1,1,1
Lillia/Malphite (IO/MT),Gwen/Kalista (NX/SI),1,1,1
Gnar (FR/NX),Lillia/Malphite (IO/MT),1,1,1
Lillia/Malphite (IO/MT),Morgana (MT/PZ),1,1,1
Aatrox (RU/IO),Janna (PZ/SI),1,1,1
Aphelios/Morgana (MT/PZ),Lillia/Sett (BC/IO),1,1,1
Lillia/Sett (BC/IO),Aatrox (RU/BW),1,1,1
LeBlanc/Rumble (BC/NX),Akshan/Lee Sin (IO/SH),1,1,1
Braum (FR/MT),Shen/Sivir (IO/SH),1,1,1
Darius/Gnar (FR/NX),Vladimir (BW/NX),1,1,1
Darius/Gnar (FR/NX),Tristana (BC/IO),1,1,1
Aphelios/Viktor (MT/PZ),Morgana (MT/PZ),1,1,1
Morgana/Udyr (DE/FR),Jayce (PZ/SI),1,1,1
LeBlanc/Sivir (NX/SH),Riven/Vladimir (NX/SI),1,1,1
Gwen/LeBlanc (NX/SI),Gwen/Sivir (SI/SH),1,1,1
Swain (BW/NX),Darius/Gnar (FR/NX),1,1,1
Kayle/Udyr (FR/MT),Championless (BC/BW),1,1,1
Ashe/Tahm Kench (BW/FR),Championless (BC/BW),1,1,1
Championless (BC/BW),Braum/Vladimir (FR/NX),1,1,1
Championless (BC/BW),Championless (FR/IO),1,1,1
Championless (BC/BW),Championless (PZ/SI),1,1,1
Braum/Garen/Udyr (DE/FR),Championless (BC/BW),1,1,1
Championless (PZ/SI),Caitlyn (FR/PZ),1,1,1
Jax/Kayn (RU/RU),Janna/Sett (IO/PZ),1,1,1
Jax/Kayn (RU/RU),Championless (SI),1,1,1
Jax/Kayn (RU/RU),Championless (PZ/SI),1,1,1
Akshan/Sivir (IO/SH),Jax/Kayn (RU/RU),1,1,1
Lulu/Taric (IO/MT),Jax/Kayn (RU/RU),1,1,1
Jax/Kayn (RU/RU),Caitlyn/Janna (BW/PZ),1,1,1
Braum/Lillia (FR/IO),Garen/Shyvana (DE/MT),1,1,1
Nidalee/Sivir (BC/SH),Kai'Sa/Rumble (NX/SH),1,1,1
Nidalee/Sivir (BC/SH),Janna/Senna (PZ/SI),1,1,1
Morgana/Viktor (MT/PZ),Neeko/Nidalee (RU/SH),1,1,1
Janna/Senna (PZ/SI),Nasus/Renekton (SH),1,1,1
Braum/Garen/Udyr (DE/FR),Janna/Senna (PZ/SI),1,1,1
Championless (FR/IO),Jack/Lillia (BW/IO),1,1,1
Udyr (FR/IO),Lillia/Udyr (FR/IO),1,1,1
Lillia/Udyr (FR/IO),Nidalee (BC/SH),1,1,1
Lillia/Udyr (FR/IO),Gwen/LeBlanc (NX/SI),1,1,1
Braum/Lillia (FR/IO),Braum/Garen/Udyr (DE/FR),1,1,1
Jayce (PZ/SI),LeBlanc/Sivir (NX/SH),1,1,1
Aphelios/Tahm Kench (BW/MT),Ashe/Udyr (FR/SI),1,1,1
Sett (IO/PZ),Galio/Morgana (DE/FR),1,1,1
Ashe/Sejuani (FR),Nidalee (BC/SH),1,1,1
Lillia/Sett (BC/IO),Aatrox/Nasus (RU/SH),1,1,1
Akshan/Nasus (SI/SH),Lillia/Sett (BC/IO),1,1,1
Nidalee (BC/SH),Aatrox/Varus (RU/RU),1,1,1
Maokai (BW/SI),Jayce/Senna (PZ/SI),1,1,1
Championless (MT/SI),Lulu/Taric (IO/MT),1,1,1
Riven/Viktor (NX/PZ),Tristana/Viktor (BC/PZ),1,1,1
Riven/Viktor (NX/PZ),Ashe/Udyr (FR/SI),1,1,1
Morgana/Varus (MT/RU),Braum/Vladimir (FR/NX),1,1,1
Nidalee/Sivir (BC/SH),Riven/Taric (MT/NX),1,1,1
Morgana/Udyr (DE/FR),Swain (BW/NX),1,1,1
Ashe/Lillia (FR/IO),Akshan/Sivir (DE/SH),1,1,1
Akshan/LeBlanc (NX/SH),Janna/Senna (PZ/SI),1,1,1
Nidalee/Sivir (BC/SH),Janna (PZ/SI),1,1,1
Braum/Vladimir (FR/NX),Garen/Nasus (DE/SH),1,1,1
Nidalee/Sivir (BC/SH),Morgana/Viktor (MT/PZ),1,1,1
Morgana/Viktor (MT/PZ),Lee Sin/Riven (IO/NX),1,1,1
Championless (SI),Braum/Garen/Udyr (DE/FR),1,1,1
Braum/Garen/Udyr (DE/FR),Senna/Veigar (PZ/SI),1,1,1
Shen/Sivir (IO/SH),Akshan/Udyr (FR/SH),1,1,1
Championless (SI),Akshan/LeBlanc (NX/SH),1,1,1
Akshan/Lee Sin (IO/SH),Janna/Viktor (BC/PZ),1,1,1
Aphelios/Tahm Kench (BW/MT),Leona/Yasuo (IO/MT),1,1,1
Aphelios/Tahm Kench (BW/MT),Ashe (FR/PZ),1,1,1
Sett (IO/PZ),Riven/Varus (NX/RU),1,1,1
Shen/Sivir (IO/SH),Sion/Thresh (NX/SI),1,1,1
Ashe (FR/PZ),Darius/Gwen (NX/SI),1,1,1
Shyvana/Taric (DE/MT),Braum/Lillia (FR/IO),1,1,1
Kalista/Sion (NX/SI),Janna (PZ/SI),1,1,1
Janna (PZ/SI),Darius/Yasuo (IO/NX),1,1,1
Aphelios/Viktor (MT/PZ),Leona/Yasuo (IO/MT),1,1,1
Lillia/Malphite (IO/MT),Akshan/Nidalee (FR/SH),1,1,1
Janna/Sett (IO/PZ),Lillia/Malphite (IO/MT),1,1,1
Neeko/Poppy (DE/RU),Garen/Taric (DE/MT),1,1,1
Kayle (BW/MT),Garen/Taric (DE/MT),1,1,1
Gangplank/Nidalee (BW/SH),Lillia/Sett (BC/IO),1,1,1
Gangplank/Nidalee (BW/SH),Senna/Veigar (PZ/SI),1,1,1
Lillia/Malphite (IO/MT),Nasus/Renekton (SH),1,1,1
Shen/Sivir (IO/SH),Akshan/Sivir (IO/SH),1,1,1
Neeko/Poppy (DE/RU),Darius (FR/NX),1,1,1
Gwen/LeBlanc (NX/SI),Darius (FR/NX),1,1,1
Darius (FR/NX),Sejuani/Swain (FR/NX),1,1,1
Darius (FR/NX),Aphelios/Viktor (MT/PZ),1,1,1
Leona/Yasuo (IO/MT),Jax/Rumble (BC/RU),1,1,1
Leona/Yasuo (IO/MT),Aphelios/Yasuo (IO/MT),1,1,1
Leona/Yasuo (IO/MT),Aphelios/Braum (FR/MT),1,1,1
Leona/Yasuo (IO/MT),Rumble/Sion (BC/NX),1,1,1
Braum/Leona (FR/MT),Kalista/Sion (NX/SI),1,1,1
Aatrox (RU/BW),Braum/Garen/Udyr (DE/FR),1,1,1
Neeko/Poppy (DE/RU),Malphite/Yasuo (IO/MT),1,1,1
Nasus/Thresh (SI/SH),Gnar/Tristana (BC/SH),1,1,1
Lillia/Malphite (IO/MT),Akshan/Sivir (IO/SH),1,1,1
Jack/Lillia (BW/IO),Leona (IO/MT),1,1,1
Leona (IO/MT),Ashe/Tahm Kench (BW/FR),1,1,1
Senna/Veigar (PZ/SI),Leona (IO/MT),1,1,1
Leona (IO/MT),Neeko/Poppy (DE/RU),1,1,1
Leona (IO/MT),Nasus/Thresh (SI/SH),1,1,1
Maokai (BW/SI),Neeko/Nidalee (RU/SH),1,1,1
Veigar (BC/SI),Maokai (BW/SI),1,1,1
Darius/Gnar/LeBlanc (FR/NX),Nasus/Thresh (SI/SH),1,1,1
Akshan/Garen (DE/SH),Neeko/Poppy (DE/RU),1,1,1
Lee Sin/Viktor (IO/PZ),Viktor (FR/PZ),1,1,1
Viktor (FR/PZ),Gwen/Kalista (SI),1,1,1
Lee Sin/Viktor (IO/PZ),Akshan/Nidalee (FR/SH),1,1,1
Jayce/Lux (DE/PZ),Akshan/Garen (DE/SH),1,1,1
Akshan/Garen (DE/SH),Ashe/LeBlanc (FR/NX),1,1,1
Braum/Lillia (FR/IO),Rumble/Veigar (BC/NX),1,1,1
Rumble/Veigar (BC/NX),Neeko/Poppy (DE/RU),1,1,1
Gwen/LeBlanc (NX/SI),Garen/Shen (DE/IO),1,1,1
Gwen/LeBlanc (NX/SI),Garen/Kayle (DE/MT),1,1,1
Darius/Gnar (FR/NX),Veigar (BC/NX),1,1,1
Veigar (BC/NX),Lulu/Poppy (DE/IO),1,1,1
Garen/Kayle (DE/MT),Darius/Gnar (FR/NX),1,1,1
Braum/Lillia (FR/IO),Ashe/Gwen (FR/SI),1,1,1
Jack/Lillia (BW/IO),Akshan/Renekton (FR/SH),1,1,1
Poppy/Shen (DE/IO),Jax/Rumble/Tristana (BC/RU),1,1,1
Nidalee (BC/SH),Gwen (SI),1,1,1
Neeko/Poppy (DE/RU),Swain (BW/NX),1,1,1
Nidalee (BC/SH),Swain (BW/NX),1,1,1
Lulu/Shen (DE/IO),Galio/Udyr (DE/FR),1,1,1
Lillia/Sett (BC/IO),Veigar (BC/NX),1,1,1
Neeko/Poppy (DE/RU),Gnar/Lulu/Neeko/Poppy (BC/RU),1,1,1
Lillia (FR/IO),Nasus/Senna (SI/SH),1,1,1
Neeko/Poppy (DE/RU),Galio/Poppy (DE/FR),1,1,1
Gwen/LeBlanc (NX/SI),Galio/Poppy (DE/FR),1,1,1
Galio/Poppy (DE/FR),Swain (FR/NX),1,1,1
LeBlanc/Udyr (FR/NX),Poppy/Riven (BC/NX),1,1,1
Shen/Sivir (IO/SH),Gnar/Renekton (FR/SH),1,1,1
Akshan/Varus (SH/RU),Leona/Riven (MT/NX),1,1,1
Garen/Shen (DE/IO),Nidalee (BC/SH),1,1,1
Veigar (BC/NX),Garen/Sivir (DE/SH),1,1,1
Veigar (BC/NX),Garen/Kayle (DE/MT),1,1,1
Jax/Vayne (DE/RU),Jayce/Lux (DE/PZ),1,1,1
Jax/Rumble/Tristana (BC/RU),Gwen/LeBlanc (NX/SI),1,1,1
Kalista (NX/SI),Neeko/Poppy (DE/RU),1,1,1
Sion/Thresh (NX/SI),Nidalee (BC/SH),1,1,1
Kalista (NX/SI),Nidalee (BC/SH),1,1,1
Kayle (BW/MT),Aphelios/Tahm Kench (BW/MT),1,1,1
Morgana/Udyr (DE/FR),Braum (FR/MT),1,1,1
Morgana/Udyr (DE/FR),Jax/Poppy/Tristana (BC/RU),1,1,1
Jax/Poppy/Tristana (BC/RU),Maokai/Nautilus (BW/SI),1,1,1
Championless (SI),Jax/Vayne (DE/RU),1,1,1
Darius/Gnar (FR/NX),Jax/Vayne (DE/RU),1,1,1
Swain (BW/NX),Akshan/Sivir (NX/SH),1,1,1
Galio/Morgana (DE/FR),Garen/Kayle (DE/MT),1,1,1
Garen/Poppy (DE),Gwen/Kalista (NX/SI),1,1,1
Championless (PZ/SI),Lulu/Poppy (DE/IO),1,1,1
Darius/Gwen (NX/SI),Kalista (NX/SI),1,1,1
Jax/Rumble/Tristana (BC/RU),Janna (FR/PZ),1,1,1
Garen/Shen (DE/IO),Lulu/Shen (DE/IO),1,1,1
Garen/Shen (DE/IO),Aatrox/Varus (RU/RU),1,1,1
Garen/Shen (DE/IO),Braum/Lillia (FR/IO),1,1,1
Nasus/Thresh (SI/SH),Caitlyn/Veigar (BC/PZ),1,1,1
Leona/Yasuo (IO/MT),Akshan/Nasus/Renekton (SH),1,1,1
Jax/Rumble/Tristana (BC/RU),LeBlanc/Sivir (NX/SH),1,1,1
Jax/Rumble/Tristana (BC/RU),Kayle (BW/MT),1,1,1
Rumble/Vayne (DE/NX),Sejuani/Viktor (FR/PZ),1,1,1
Neeko (FR/RU),Lillia/Sett (FR/IO),1,1,1
Gnar/Sejuani (FR/PZ),Ashe/LeBlanc (FR/NX),1,1,1
Akshan/Sivir (IO/SH),Braum/Vladimir (FR/NX),1,1,1
Gwen/LeBlanc (NX/SI),Garen/Neeko/Poppy/Shyvana (DE/RU),1,1,1
Jax/Ornn (FR/RU),Garen/Shen (DE/IO),1,1,1
Garen/Shen (DE/IO),Leona/Yasuo (IO/MT),1,1,1
Garen/Shen (DE/IO),Senna (PZ/SI),1,1,1
Lee Sin/Leona/Yasuo (IO/MT),Viktor (FR/PZ),1,1,1
Nautilus (BW/SI),Viktor (FR/PZ),1,1,1
LeBlanc/Sivir (NX/SH),Kalista/Senna/Viktor (PZ/SI),1,1,1
Kalista/Senna/Viktor (PZ/SI),Sett (IO/PZ),1,1,1
Lulu/Shen (IO/MT),Ashe/Janna (FR/PZ),1,1,1
Akshan/Varus (SH/RU),Kai'Sa/Rumble (BC/SH),1,1,1
Riven/Vladimir (NX/SI),Akshan/Varus (SH/RU),1,1,1
LeBlanc/Sivir (NX/SH),Akshan/Gwen (SI/SH),1,1,1
Aatrox/Varus (RU/RU),Ashe/LeBlanc (FR/NX),1,1,1
Kalista/Senna/Viktor (PZ/SI),Sett (IO/SH),1,1,1
Braum/Udyr (FR/NX),Senna (PZ/SI),1,1,1
Riven/Viktor (NX/PZ),Gnar/Neeko (FR/RU),1,1,1
Aatrox/Vayne (RU/DE),Garen (DE/SH),1,1,1
Senna (PZ/SI),Nautilus (BW/SI),1,1,1
Gnar/Sejuani (BC/FR),Lee Sin/Viktor (IO/PZ),1,1,1
Aatrox/Vayne (RU/DE),Lee Sin/Viktor (IO/PZ),1,1,1
Aatrox/Varus (RU/RU),Riven/Viktor (NX/PZ),1,1,1
Neeko/Poppy (DE/RU),Akshan/Riven (NX/SH),1,1,1
Poppy/Riven (BC/NX),Jax/Kayn (RU/RU),1,1,1
Neeko/Poppy (DE/RU),Illaoi/Vayne (BW/DE),1,1,1
Aatrox/Kayn (RU/RU),Jax/Kayn (RU/RU),1,1,1
Akshan/Lee Sin (IO/SH),Gnar/Jayce (BC/PZ),1,1,1
Kayle (BW/MT),Neeko (FR/RU),1,1,1
Kai'Sa/Vayne (DE/SH),Riven/Viktor (NX/PZ),1,1,1
Lee Sin/Riven (IO/NX),Akshan/Nidalee (PZ/SH),1,1,1
Shen/Sivir (IO/SH),Akshan/Aphelios (MT/SH),1,1,1
Riven/Viktor (NX/PZ),Akshan/Riven (NX/SH),1,1,1
Lillia/Udyr (FR/IO),Championpile (FR/SH),1,1,1
Morgana/Taric (DE/MT),Malphite (MT/PZ),1,1,1
Championless (SI),Viktor (FR/PZ),1,1,1
Aatrox/Kayn (RU/RU),Championpile (FR/SH),1,1,1
Braum/Lillia (FR/IO),Lulu/Shen (IO/MT),1,1,1
Rumble/Sion (BC/NX),Akshan/Nidalee (PZ/SH),1,1,1
Ashe (FR/PZ),Neeko (FR/RU),1,1,1
Championless (SI),Neeko (FR/RU),1,1,1
Jax/Riven (RU/NX),Darius/Gnar/LeBlanc (FR/NX),1,1,1
Darius/LeBlanc (FR/NX),Lillia (DE/IO),1,1,1
Braum/Vladimir (FR/NX),Caitlyn (BC/PZ),1,1,1
Championpile (FR/SH),Akshan/Nidalee (FR/SH),1,1,1
Senna/Veigar (BC/SI),Gnar/Jayce (BC/PZ),1,1,1
Jayce/Lux (DE/PZ),Kalista (NX/SI),1,1,1
Gwen/Kalista (SI),Ashe/Caitlyn (FR/PZ),1,1,1
Championpile (FR/SH),Neeko/Poppy (DE/RU),1,1,1
Riven/Viktor (NX/PZ),Jax/Riven (RU/NX),1,1,1
Ashe/LeBlanc (FR/NX),Leona/Viktor (MT/PZ),1,1,1
LeBlanc/Sivir (NX/SH),Poppy/Shen (DE/IO),1,1,1
Lulu/Shen (IO/MT),Kayn/Ornn (FR/RU),1,1,1
Swain (FR/NX),Braum/Lillia (FR/IO),1,1,1
Ashe/LeBlanc (FR/NX),Gwen/Illaoi (BW/SI),1,1,1
Sett (IO/SH),Senna/Veigar (BC/SI),1,1,1
Jayce/Lux (DE/PZ),Jax/Rumble/Tristana (BC/RU),1,1,1
Poppy/Riven (BC/NX),Leona/Yasuo (IO/MT),1,1,1
Akshan/Udyr (FR/SH),Janna/Morgana (MT/PZ),1,1,1
Galio/Udyr (DE/FR),Gnar (BC/FR),1,1,1
LeBlanc/Sion (NX/SI),Janna/Viktor (BW/PZ),1,1,1
Aphelios/Viktor (MT/PZ),Nasus (SI/SH),1,1,1
Akshan/Aphelios (MT/SH),Kayle (BW/MT),1,1,1
Championless (BC/SI),Lee Sin/Viktor (IO/PZ),1,1,1
Jayce/Lux (DE/PZ),Lillia/Riven (IO/NX),1,1,1
Yasuo (IO/NX),Jayce (PZ/SI),1,1,1
Darius/Gnar (FR/NX),Lillia/Malphite (IO/MT),1,1,1
Ashe (FR/PZ),Ashe/Shen (FR/IO),1,1,1
Jayce (PZ/SI),Akshan/Nidalee (FR/SH),1,1,1
Galio/Morgana (DE/FR),Akshan/Nidalee (FR/SH),1,1,1
Akshan/Varus (SH/RU),Jax/Tristana (BC/RU),1,1,1
Championless (PZ/SI),Lillia/Morgana (IO/MT),1,1,1
Gnar/Swain (BC/NX),Jax/Ornn (FR/RU),1,1,1
Ashe/LeBlanc (FR/NX),Rumble (BC/MT),1,1,1
Championless (MT/SI),Sejuani/Swain (FR/NX),1,1,1
Ashe (FR/PZ),Kayn/Ornn (FR/RU),1,1,1
Kayn/Ornn (FR/RU),Gnar/Swain (BC/NX),1,1,1
Kayn/Ornn (FR/RU),Caitlyn/Vi (BC/PZ),1,1,1
Rumble (BC/MT),Kayn/Ornn (FR/RU),1,1,1
Kayn/Ornn (FR/RU),Nasus/Thresh (SI/SH),1,1,1
Nasus/Thresh (SI/SH),Braum/Swain/Udyr (FR/NX),1,1,1
Akshan/Lee Sin (IO/SH),Kalista (SI/SH),1,1,1
Rumble (BC/MT),Akshan/Nasus/Renekton (SH),1,1,1
Poppy/Tristana (BC/DE),Championless (SI),1,1,1
Maokai/Nautilus (BW/SI),Akshan/Braum (FR/SH),1,1,1
Maokai/Nautilus (BW/SI),Rumble (BC/MT),1,1,1
Neeko/Poppy (DE/RU),Vi/Viktor (IO/PZ),1,1,1
Jayce (PZ/SI),Neeko/Poppy (DE/RU),1,1,1
Morgana/Udyr (DE/FR),Garen/Shen (DE/IO),1,1,1
Janna (PZ/SI),Garen/Shen (DE/IO),1,1,1
Jayce/Lux (DE/PZ),Ashe/Udyr (DE/FR),1,1,1
Gwen/Senna (NX/SI),Maokai (BW/SI),1,1,1
Championless (PZ/SI),Lulu/Shen (IO/MT),1,1,1
Lulu/Shen (IO/MT),Akshan/Nidalee (FR/SH),1,1,1
Lulu/Shen (IO/MT),Poppy/Tristana (BC/NX),1,1,1
Lulu/Shen (IO/MT),Akshan/Sivir (IO/SH),1,1,1
Kalista/Nasus (SI/SH),Lulu/Shen (IO/MT),1,1,1
Akshan/Nidalee (FR/SH),Championless (PZ/SI),1,1,1
Galio/Udyr (DE/FR),Akshan/Nidalee (FR/SH),1,1,1
Akshan/Nidalee (FR/SH),Kalista (NX/SI),1,1,1
Championless (FR/IO),Morgana/Udyr (DE/FR),1,1,1
Championless (PZ/SI),Championless (IO/SI),1,1,1
Championless (SI),Kayle/Ornn (FR/MT),1,1,1
Aphelios/Viktor (MT/PZ),Janna/Viktor (IO/PZ),1,1,1
Aphelios/Viktor (MT/PZ),Ashe/Janna (FR/PZ),1,1,1
Gnar/Swain (BC/NX),Aphelios/Yasuo (IO/MT),1,1,1
Ashe (FR/PZ),Kai'Sa/Udyr (FR/SH),1,1,1
Vladimir/Yasuo (IO/NX),Akshan/Sivir (IO/SH),1,1,1
Braum/Lillia (FR/IO),Maokai/Senna (PZ/SI),1,1,1
Neeko/Poppy (BC/RU),Janna (PZ/SI),1,1,1
Jayce (PZ/SI),Akshan/Lee Sin (IO/SH),1,1,1
Riven/Viktor (NX/PZ),Championless (FR/IO),1,1,1
Aatrox/Kayn (RU/RU),LeBlanc/Rumble (BC/NX),1,1,1
Neeko/Poppy (DE/RU),Gwen/Kalista (NX/SI),1,1,1
Akshan/Udyr (FR/SH),Akshan/Nidalee (FR/SH),1,1,1
Aphelios/Tahm Kench (BW/MT),Jack/Sett (BW/IO),1,1,1
Aphelios/Tahm Kench (BW/MT),Braum (FR/MT),1,1,1
Aatrox/Kayn (RU/RU),Gwen/Senna (NX/SI),1,1,1
Nasus/Thresh (SI/SH),Lulu/Shen (IO/MT),1,1,1
Lulu/Shen (IO/MT),Senna/Veigar (BC/SI),1,1,1
Aatrox/Nasus (RU/SH),Galio/Udyr (DE/FR),1,1,1
Nasus/Thresh (SI/SH),Poppy/Taric (DE/MT),1,1,1
Akshan/Sivir (IO/SH),Gwen/Kalista (NX/SI),1,1,1
Aatrox/Vayne (RU/DE),Aatrox/Kayn (RU/RU),1,1,1
Aatrox/Vayne (RU/DE),Aatrox/Garen (RU/DE),1,1,1
Senna/Veigar (PZ/SI),Braum/Neeko (FR/RU),1,1,1
Janna/Vi/Viktor (BC/PZ),Braum/Kayle (FR/MT),1,1,1
Neeko/Poppy (BC/RU),Ashe (FR/SI),1,1,1
Neeko/Poppy (BC/RU),Aatrox/Akshan (RU/SH),1,1,1
Neeko/Poppy (BC/RU),Nidalee (BC/SH),1,1,1
Aatrox/Varus (RU/RU),Kayn/Ornn (FR/RU),1,1,1
Championless (FR/IO),Senna (PZ/SI),1,1,1
Kalista (SI),Championless (FR/IO),1,1,1
Nasus/Thresh (SI/SH),Championless (FR/IO),1,1,1
Rumble/Sion (BC/NX),Illaoi (BW/IO),1,1,1
Championless (SI),Akshan/Braum (FR/SH),1,1,1
Nasus/Senna (SI/SH),Aphelios/Tahm Kench (BW/MT),1,1,1
Nasus/Senna (SI/SH),Akshan/Nidalee (FR/SH),1,1,1
Ashe (FR/PZ),Morgana (MT/PZ),1,1,1
Braum/Galio/Udyr (DE/FR),Kayle (BW/MT),1,1,1
Braum/Lillia (FR/IO),Championpile (IO/SH),1,1,1
Kai'Sa/Rumble (NX/SH),Braum/Lillia (FR/IO),1,1,1
Ashe (FR/PZ),Gnar/Sett (FR/IO),1,1,1
Ashe (FR/PZ),Braum/Poppy (DE/FR),1,1,1
Jack/Sett (BW/IO),Ashe/Janna (FR/PZ),1,1,1
Akshan/Nidalee (FR/SH),Janna/Senna (PZ/SI),1,1,1
Aphelios/Lux (DE/MT),Braum/Leona (FR/MT),1,1,1
Akshan/Lee Sin (IO/SH),Braum/Leona (FR/MT),1,1,1
Braum/Leona (FR/MT),Kayle (BW/MT),1,1,1
Braum/Leona (FR/MT),Akshan/Viktor (PZ/SH),1,1,1
Aatrox/Kayn (RU/RU),Viktor (BC/PZ),1,1,1
Akshan/Lee Sin (IO/SH),Championless (FR/IO),1,1,1
Darius/Gnar (FR/NX),Ashe/Lillia (FR/IO),1,1,1
Championless (SI),Lillia/Sett (FR/IO),1,1,1
Akshan/Lee Sin (IO/SH),Braum/Garen/Udyr (DE/FR),1,1,1
Aphelios/Tahm Kench (BW/MT),Rumble/Sion (BC/NX),1,1,1
Darius/Gnar (FR/NX),Lulu/Shen (DE/IO),1,1,1
Jayce (BC/PZ),Kayle (BW/MT),1,1,1
Akshan/Lee Sin (IO/SH),Jayce (BC/PZ),1,1,1
LeBlanc/Sivir (NX/SH),Poppy/Taric (DE/MT),1,1,1
LeBlanc/Sivir (NX/SH),Gwen/Veigar (BC/SI),1,1,1
Lillia/Tristana (BC/IO),LeBlanc/Sivir (NX/SH),1,1,1
Ryze (IO/RU),Senna/Veigar (PZ/SI),1,1,1
Shen/Taric (IO/MT),Braum/Lillia (FR/IO),1,1,1
Championless (FR/IO),Aatrox/Kayn (RU/RU),1,1,1
Ashe/LeBlanc (FR/NX),Championless (FR/IO),1,1,1
Championless (FR/IO),Ashe/Janna (FR/PZ),1,1,1
Ashe (FR/PZ),Udyr/Viktor (FR/PZ),1,1,1
Ashe (FR/PZ),Championpile (IO/SH),1,1,1
Akshan/Lee Sin (IO/SH),Sion (BC/NX),1,1,1
Sion (BC/NX),Gwen/LeBlanc (NX/SI),1,1,1
Aatrox (RU/BW),Sion (BC/NX),1,1,1
Garen/Shyvana (DE/MT),Jayce/Lux (DE/PZ),1,1,1
Garen/Shyvana (DE/MT),Senna (PZ/SI),1,1,1
Janna/Senna (PZ/SI),Gangplank/Nidalee (BW/SH),1,1,1
Senna/Veigar (PZ/SI),Janna/Senna (PZ/SI),1,1,1
Braum/Garen/Udyr (DE/FR),Sion (BC/NX),1,1,1
Braum/Garen/Udyr (DE/FR),Akshan/Lillia (IO/SH),1,1,1
Sion/Thresh (NX/SI),Braum/Garen/Udyr (DE/FR),1,1,1
Braum/Garen/Udyr (DE/FR),Riven/Varus (NX/RU),1,1,1
Janna/Malphite (MT/PZ),Janna (IO/PZ),1,1,1
LeBlanc/Sivir (NX/SH),Tahm Kench/Udyr (BW/FR),1,1,1
LeBlanc/Sivir (NX/SH),Riven/Varus (NX/RU),1,1,1
LeBlanc/Sivir (NX/SH),Janna/Lee Sin (IO/PZ),1,1,1
Galio/Morgana (DE/FR),Sion (BC/NX),1,1,1
Swain/Yasuo (IO/NX),Aphelios/Viktor (MT/PZ),1,1,1
Sett/Veigar (BC/IO),Ashe (FR/PZ),1,1,1
Jack/Morgana (BW/DE),Neeko/Poppy (DE/RU),1,1,1
LeBlanc/Sivir (NX/SH),Aphelios/Taric (IO/MT),1,1,1
Galio/Udyr (DE/FR),Garen/Shyvana (DE/MT),1,1,1
Garen/Shyvana (DE/MT),Ashe/Janna (FR/PZ),1,1,1
Veigar (BC/NX),Janna (PZ/SI),1,1,1
Jack/Morgana (BW/DE),Aatrox/Kayn (RU/RU),1,1,1
Janna/Neeko (RU/PZ),Janna (PZ/SI),1,1,1
Garen (DE/FR),Kayle (BW/MT),1,1,1
Galio/Morgana (DE/FR),Lulu/Shen (IO/MT),1,1,1
LeBlanc/Sivir (NX/SH),Lillia/Udyr (FR/IO),1,1,1
Braum/Kayle (FR/MT),Morgana/Taric (IO/MT),1,1,1
Morgana/Taric (IO/MT),Kayle (BW/MT),1,1,1
Aatrox/Kayn (RU/RU),Sett/Veigar (BC/IO),1,1,1
Braum (FR/MT),Ashe/Tahm Kench (BW/FR),1,1,1
Braum/Sejuani/Udyr (FR/PZ),Morgana/Taric (IO/MT),1,1,1
Ashe/LeBlanc (FR/NX),Morgana/Taric (IO/MT),1,1,1
Jax/Tristana (BC/RU),Garen (DE/SH),1,1,1
Garen/Poppy (BC/DE),Sett/Veigar (BC/IO),1,1,1
Championless (SI),Garen/Poppy (BC/DE),1,1,1
Garen/Jack (BW/DE),Akshan/Lee Sin (IO/SH),1,1,1
Ashe/LeBlanc (FR/NX),Morgana/Ornn (DE/FR),1,1,1
Gnar/Neeko (FR/RU),Sejuani/Swain (FR/NX),1,1,1
Riven/Viktor (NX/PZ),Akshan (PZ/SH),1,1,1
Leona/Sett (IO/MT),Nasus/Renekton (SH),1,1,1
Morgana/Viktor (MT/PZ),Leona/Sett (IO/MT),1,1,1
Nasus/Thresh (SI/SH),Malphite/Sett (IO/MT),1,1,1
Jayce/Lux (DE/PZ),Morgana/Taric (IO/MT),1,1,1
Morgana/Taric (IO/MT),Morgana/Shyvana (DE/MT),1,1,1
Morgana/Taric (IO/MT),Shyvana (DE/MT),1,1,1
Senna/Veigar (BC/SI),Morgana/Taric (IO/MT),1,1,1
Jayce/Lux (DE/PZ),Morgana/Viktor (MT/PZ),1,1,1
Akshan/Lee Sin (IO/SH),Braum/Janna (FR/PZ),1,1,1
Braum/Lillia (FR/IO),Janna/Yasuo (IO/PZ),1,1,1
Sett/Veigar (BC/IO),Senna/Veigar (BC/SI),1,1,1
Swain (FR/NX),Sett/Veigar (BC/IO),1,1,1
Vladimir/Yasuo (IO/NX),Neeko/Poppy (DE/RU),1,1,1
Rumble/Tristana (BC/NX),Ashe/LeBlanc (FR/NX),1,1,1
Lux/Shen (DE/IO),Akshan/Lee Sin (IO/SH),1,1,1
Nasus/Thresh (SI/SH),Rumble/Tristana (BC/NX),1,1,1
Garen/Poppy (DE),Caitlyn (FR/PZ),1,1,1
Darius/Gnar/Sejuani (FR/NX),Braum/Lillia (FR/IO),1,1,1
Caitlyn/Swain (NX/PZ),Akshan/Sivir (IO/SH),1,1,1
LeBlanc/Udyr (FR/NX),Darius/LeBlanc/Riven (BW/NX),1,1,1
Kayle (MT/SI),LeBlanc/Udyr (FR/NX),1,1,1
Akshan/Sivir (IO/SH),Jack/Sett (BW/IO),1,1,1
Darius/Yasuo (IO/NX),LeBlanc/Sivir (NX/SH),1,1,1
Championless (SI),Akshan (PZ/SH),1,1,1
Swain (BW/NX),LeBlanc/Sivir (NX/SH),1,1,1
Kalista (SI),Swain (BW/NX),1,1,1
Swain (BW/NX),Akshan/Sivir (IO/SH),1,1,1
Jack/Sett (BW/IO),Braum/Kayle (FR/MT),1,1,1
Galio/Udyr (DE/FR),Leona/Yasuo (IO/MT),1,1,1
Galio/Udyr (DE/FR),Lux/Morgana (BC/DE),1,1,1
LeBlanc/Sivir (NX/SH),Akshan/Morgana (MT/SH),1,1,1
Nasus/Thresh (SI/SH),Gwen/Kalista (SI),1,1,1
Darius/LeBlanc/Riven (BW/NX),Gnar/Swain (BC/NX),1,1,1
Ornn/Vayne (DE/FR),Akshan/Lee Sin (IO/SH),1,1,1
Aatrox/Kayn (RU/RU),Akshan/Braum (FR/SH),1,1,1
Rumble/Sion (BC/NX),Gnar/Tristana (BC/SH),1,1,1
Swain/Yasuo (IO/NX),Sett/Veigar (BC/IO),1,1,1
Gnar/Lulu/Neeko/Poppy (BC/RU),LeBlanc/Sivir (NX/SH),1,1,1
Gangplank/Thresh (BW/SI),Akshan/Lee Sin (IO/SH),1,1,1
Gnar/Tristana (BC/SI),Aphelios/Tahm Kench (BW/MT),1,1,1
Braum/Kayle/Morgana (FR/MT),Aphelios/Viktor (MT/PZ),1,1,1
Garen (DE/SH),Swain/Udyr (FR/NX),1,1,1
Swain/Udyr (FR/NX),Shen/Sivir (IO/SH),1,1,1
Caitlyn/Swain (NX/PZ),Darius/LeBlanc/Sivir (NX/SH),1,1,1
Janna/Viktor (IO/PZ),Shen/Sivir (IO/SH),1,1,1
Championless (SI),Ashe/Jayce (FR/PZ),1,1,1
Akshan/Nidalee (PZ/SH),Braum/Lillia (FR/IO),1,1,1
Darius/LeBlanc/Riven (BW/NX),Braum/Lillia (FR/IO),1,1,1
Braum/Lillia (FR/IO),Poppy/Tristana (BC/FR),1,1,1
Jack/Lillia (BW/IO),Ashe/Caitlyn (FR/PZ),1,1,1
Garen/Poppy (DE),Poppy/Tristana (BC/FR),1,1,1
Senna/Veigar (BC/SI),Kayn/Poppy (DE/RU),1,1,1
Akshan/Sivir (IO/SH),Aphelios/Yasuo (IO/MT),1,1,1
Aphelios/Viktor (MT/PZ),Gnar/Tristana (BC/SH),1,1,1
Gnar/Tristana (BC/SH),Aatrox/Varus (RU/RU),1,1,1
Morgana/Viktor (MT/PZ),Riven/Viktor (NX/PZ),1,1,1
Jayce/Lux (DE/PZ),Aatrox/Braum (RU/FR),1,1,1
Aphelios/Viktor (MT/PZ),Illaoi (BW/IO),1,1,1
Jayce/Lux (DE/PZ),Rumble (BC/MT),1,1,1
Rumble/Sion (BC/NX),Braum/Kayle/Morgana (FR/MT),1,1,1
Rumble (BC/MT),Kalista (SI),1,1,1
Kalista (SI),Lulu/Taric (IO/MT),1,1,1
Vayne/Vi (DE/PZ),Gangplank/Thresh (BW/SI),1,1,1
Braum/Garen (DE/FR),Janna (PZ/SI),1,1,1
LeBlanc/Sivir (NX/SH),Janna/Morgana (MT/PZ),1,1,1
Braum/Garen (DE/FR),Janna/Morgana (MT/PZ),1,1,1
Sett (IO/PZ),Illaoi/Jack (BW/SH),1,1,1
Ashe (FR/PZ),Illaoi/Jack (BW/SH),1,1,1
Maokai/Nautilus (BW/SI),Aatrox/Braum (RU/FR),1,1,1
Aatrox/Braum (RU/FR),Kayle (BW/MT),1,1,1
Aatrox/Braum (RU/FR),Kalista/Nasus (SI/SH),1,1,1
Akshan/Udyr (FR/SH),Braum/Kayle/Morgana (FR/MT),1,1,1
Nasus (SI/SH),Akshan/Nidalee (FR/SH),1,1,1
Kayle/Lillia (IO/MT),Rumble/Sion (BC/NX),1,1,1
Galio/Morgana (DE/FR),Jack/Lillia (BW/IO),1,1,1
Jack/Lillia (BW/IO),Nasus (SH),1,1,1
Jack/Lillia (BW/IO),Braum/Vladimir (FR/NX),1,1,1
Aphelios/Viktor (MT/PZ),Sett (IO/SH),1,1,1
Rumble/Sion (BC/NX),Braum/Janna (FR/PZ),1,1,1
Shyvana (DE/MT),Illaoi (BW/MT),1,1,1
Lee Sin/Riven (IO/NX),Jax/Ornn (FR/RU),1,1,1
Lux/Sett (DE/IO),Jack/Sett (BW/IO),1,1,1
Garen/Udyr (DE/FR),Aphelios/Viktor (MT/PZ),1,1,1
Rumble/Sion (BC/NX),Illaoi/Udyr (BW/FR),1,1,1
Jack/Lillia (BW/IO),Kalista (SI),1,1,1
Kalista (SI),Yasuo (IO/NX),1,1,1
Kalista (SI),Garen/Neeko/Poppy/Shyvana (DE/RU),1,1,1
Braum/Garen (DE/FR),Aatrox/Kayn (RU/RU),1,1,1
Lillia/Morgana (IO/MT),Braum/Lillia (FR/IO),1,1,1
Kalista/Veigar (BC/SI),Garen (DE/SH),1,1,1
Sion (BC/NX),Akshan/Udyr (FR/SH),1,1,1
Sion (BC/NX),Shen/Sivir (IO/SH),1,1,1
Aphelios/Viktor (MT/PZ),Sion (BC/NX),1,1,1
Senna/Veigar (BC/SI),Morgana/Udyr (FR/MT),1,1,1
Nidalee (BC/SH),Jack/Lillia (BW/IO),1,1,1
Nidalee (BC/SH),Akshan/Nidalee (FR/SH),1,1,1
Ashe/LeBlanc (FR/NX),Swain (BW/NX),1,1,1
Darius/LeBlanc/Riven (BW/NX),Akshan/Varus (SH/RU),1,1,1
Senna/Veigar (BC/SI),Swain (BW/NX),1,1,1
Ornn/Varus (FR/RU),Jax/Ornn (FR/RU),1,1,1
Championless (SI),Akshan/Sivir (MT/SH),1,1,1
Ornn/Varus (FR/RU),Jack/Sett (BW/IO),1,1,1
Morgana (BC/MT),Garen/Shyvana (DE/MT),1,1,1
Morgana (BC/MT),Tahm Kench/Udyr (BW/FR),1,1,1
Lulu/Poppy (DE/IO),Illaoi (BW/SH),1,1,1
Akshan/Sivir (MT/SH),Senna/Veigar (BC/SI),1,1,1
Jax/Rumble (BC/RU),Ashe (FR/PZ),1,1,1
Gnar/Lulu/Neeko/Poppy (BC/RU),Ashe (FR/PZ),1,1,1
Gangplank/Sejuani (BW/FR),Janna/Malphite (MT/PZ),1,1,1
Janna/Malphite (MT/PZ),Kalista (SI),1,1,1
Senna/Veigar (BC/SI),Janna/Malphite (MT/PZ),1,1,1
Aphelios/Viktor (MT/PZ),Jax/Rumble (BC/RU),1,1,1
Rumble/Sion (BC/NX),Darius/LeBlanc/Riven (BW/NX),1,1,1
Sett/Veigar (BC/IO),Akshan/Nasus (SI/SH),1,1,1
Sett/Veigar (BC/IO),Ashe/Caitlyn (FR/PZ),1,1,1
Sett/Veigar (BC/IO),Illaoi/Swain (BW/NX),1,1,1
Akshan/Varus (SH/RU),Kayn/Riven (RU/NX),1,1,1
Jack/Lillia (BW/IO),Jack/Morgana (BW/DE),1,1,1
Jack/Morgana (BW/DE),Darius/Gnar (FR/NX),1,1,1
Ashe (FR/PZ),Braum/Neeko (FR/RU),1,1,1
Ashe (FR/PZ),Aatrox/Varus (RU/RU),1,1,1
Garen/Shyvana (DE/MT),Nasus (SI/SH),1,1,1
Darius/Gwen (NX/SI),Nasus (SI/SH),1,1,1
Gwen/LeBlanc (NX/SI),Nasus (SI/SH),1,1,1
Ornn/Varus (FR/RU),Jayce/Lux (DE/PZ),1,1,1
Akshan/Sivir (MT/SH),Sejuani/Swain (FR/NX),1,1,1
Lee Sin/Viktor (IO/PZ),Akshan/Sivir (MT/SH),1,1,1
Akshan/Sivir (MT/SH),Ashe (FR/PZ),1,1,1
Akshan/Nidalee (FR/SH),Akshan/Sivir (MT/SH),1,1,1
Riven/Vladimir (NX/SI),Championless (SI),1,1,1
Lee Sin/Viktor (IO/PZ),Akshan/Braum (FR/SH),1,1,1
Riven/Viktor (NX/PZ),Akshan/Nidalee (FR/SH),1,1,1
Akshan/Nidalee (FR/SH),Gangplank/Sejuani (BW/FR),1,1,1
Jack/Lillia (BW/IO),Akshan/Nidalee (FR/SH),1,1,1
Akshan/Nidalee (FR/SH),Akshan/Nasus (SI/SH),1,1,1
Akshan/Nidalee (FR/SH),Akshan/Taric (MT/SH),1,1,1
Championless (SI),Braum/Viktor (FR/PZ),1,1,1
Maokai (BW/SI),Garen/Ornn (DE/FR),1,1,1
Ashe/LeBlanc (FR/NX),Ashe/Lillia (FR/IO),1,1,1
Darius/Gnar (FR/NX),Sion (BC/NX),1,1,1
Senna (PZ/SI),Braum/Neeko (FR/RU),1,1,1
Akshan/Morgana (MT/SH),Neeko/Poppy (DE/RU),1,1,1
Swain (BW/NX),Shyvana (DE/MT),1,1,1
Rumble/Sion (BC/NX),Lulu/Shen (DE/IO),1,1,1
Neeko/Poppy (BC/RU),Lulu/Taric (IO/MT),1,1,1
Braum/Lillia (FR/IO),Kayn/Ornn (FR/RU),1,1,1
Aatrox/Kayn (RU/RU),Kayn/Ornn (FR/RU),1,1,1
Kayn/Ornn (FR/RU),Championless (PZ/SI),1,1,1
Kayn/Ornn (FR/RU),Aphelios/Viktor (MT/PZ),1,1,1
Championless (BW/PZ),Jax/Ornn (FR/RU),1,1,1
Sion (BC/NX),Sion (NX/SI),1,1,1
Gnar/Neeko (FR/RU),Janna/Senna (PZ/SI),1,1,1
Janna/Senna (PZ/SI),Ashe/Janna (FR/PZ),1,1,1
Braum/Vladimir (FR/NX),Ornn/Varus (FR/RU),1,1,1
Ashe (FR/PZ),Ornn/Varus (FR/RU),1,1,1
Lee Sin/Viktor (IO/PZ),Lee Sin/Riven (IO/NX),1,1,1
Ashe (FR/PZ),Yasuo (IO/MT),1,1,1
Shyvana (DE/MT),Poppy/Taric (DE/MT),1,1,1
Championless (BW/PZ),Kalista (SI),1,1,1
Aphelios/Yasuo (IO/MT),Viktor (IO/PZ),1,1,1
Kalista/Vladimir (NX/SI),Viktor (IO/PZ),1,1,1
Viktor (IO/PZ),Braum/Vladimir (FR/NX),1,1,1
Senna/Veigar (BC/SI),Sion (BC/NX),1,1,1
Riven/Viktor (NX/PZ),Ashe/Janna (FR/PZ),1,1,1
Riven/Viktor (NX/PZ),Shen/Shyvana (DE/IO),1,1,1
Garen (DE/SH),Lulu/Shen (IO/MT),1,1,1
Rumble/Sion (BC/NX),Lillia/Morgana (IO/MT),1,1,1
Sion/Thresh (NX/SI),Senna/Veigar (BC/SI),1,1,1
Sejuani/Viktor (FR/PZ),Akshan/Varus (SH/RU),1,1,1
Ornn/Varus (FR/RU),Aphelios/Viktor (MT/PZ),1,1,1
Swain/Yasuo (IO/NX),Akshan/Nidalee (FR/SH),1,1,1
Jayce/Lux (DE/PZ),Galio/Morgana/Udyr (DE/FR),1,1,1
Galio/Morgana (DE/FR),Riven/Viktor (NX/PZ),1,1,1
Malphite/Yasuo (IO/MT),Galio/Morgana (DE/FR),1,1,1
Caitlyn/Janna (PZ/SI),Braum/Lillia (FR/IO),1,1,1
Ashe (FR/PZ),Lillia/Sett (IO/PZ),1,1,1
Sett/Veigar (BC/IO),Gwen/Riven (NX/SI),1,1,1
Jayce/Lux (DE/PZ),Nidalee/Sivir (BC/SH),1,1,1
Illaoi/Swain (BW/NX),Rumble/Sion (BC/NX),1,1,1
Nidalee/Sivir (BC/SH),Lulu/Shen (IO/MT),1,1,1
Jax/Rumble (BC/RU),Nidalee/Sivir (BC/SH),1,1,1
Galio/Poppy (DE/IO),Nidalee/Sivir (BC/SH),1,1,1
Galio/Poppy (DE/IO),Caitlyn (FR/PZ),1,1,1
Janna/Senna (PZ/SI),Championless (BC/BW),1,1,1
Kalista/Veigar (BC/SI),Championless (BC/BW),1,1,1
Championless (BC/BW),Akshan/Varus (SH/RU),1,1,1
Senna/Veigar (BC/SI),Braum/Neeko (FR/RU),1,1,1
Senna/Veigar (BC/SI),Janna/Lux/Viktor (DE/PZ),1,1,1
Sion (NX/SI),Nasus (SI/SH),1,1,1
Braum/Garen (DE/FR),Riven/Viktor (NX/PZ),1,1,1
Braum/Garen (DE/FR),Galio/Morgana (DE/FR),1,1,1
Braum/Garen (DE/FR),Jax/Ornn (FR/RU),1,1,1
Senna/Veigar (BC/SI),Ornn/Varus (FR/RU),1,1,1
Ornn/Varus (FR/RU),Sion/Thresh (NX/SI),1,1,1
Jax/Tristana (BC/RU),Galio/Poppy (DE/IO),1,1,1
Championless (SI),Caitlyn/Sion (NX/PZ),1,1,1
Sett/Veigar (BC/IO),Jayce (IO/PZ),1,1,1
Sett/Veigar (BC/IO),Maokai/Nautilus (BW/SI),1,1,1
Sett/Veigar (BC/IO),Nasus/Thresh (SI/SH),1,1,1
Kalista (SI),Galio/Poppy (DE/IO),1,1,1
Jayce/Lux (DE/PZ),Lillia/Morgana (IO/MT),1,1,1
Nasus (SI/SH),Maokai (BW/SI),1,1,1
Senna/Veigar (SI),Sion (BC/NX),1,1,1
Galio/Poppy (DE/IO),Akshan/Varus (SH/RU),1,1,1
Jax/Ornn (FR/RU),Senna/Veigar (SI),1,1,1
Sion/Thresh (NX/SI),Gangplank/Nidalee (BW/SH),1,1,1
Gangplank (BW/NX),Braum/Lillia (FR/IO),1,1,1
Riven/Viktor (NX/PZ),Galio/Poppy (DE/IO),1,1,1
Riven/Viktor (NX/PZ),Ashe/Caitlyn (FR/PZ),1,1,1
Darius (FR/NX),Swain (FR/NX),1,1,1
Gwen/Sivir (SI/SH),Aphelios/Viktor (MT/PZ),1,1,1
Gwen/Sivir (SI/SH),Senna/Veigar (BC/SI),1,1,1
Gnar/Neeko (FR/RU),Ashe/Caitlyn (FR/PZ),1,1,1
Galio/Poppy (DE/IO),Galio/Morgana (DE/FR),1,1,1
Sion/Thresh (NX/SI),Janna/Viktor (BW/PZ),1,1,1
Janna/Viktor (BW/PZ),Jax/Ornn (FR/RU),1,1,1
Braum/Vladimir (FR/NX),Ashe (FR/IO),1,1,1
Nidalee/Sivir (BC/SH),Kalista (SI/SH),1,1,1
Sejuani/Swain (FR/NX),Poppy/Taric (DE/MT),1,1,1
Jayce/Lux (DE/PZ),Kayn/Ornn (FR/RU),1,1,1
Nidalee/Sivir (BC/SH),LeBlanc/Sivir (NX/SH),1,1,1
Nasus/Renekton (SH),Jack/Lillia (BW/IO),1,1,1
Nasus/Renekton (SH),Galio/Poppy (DE/IO),1,1,1
Jack/Lillia (BW/IO),Jax/Ornn (FR/RU),1,1,1
Championless (IO/SI),Nidalee/Sivir (BC/SH),1,1,1
Nidalee/Sivir (BC/SH),Gangplank (BW/NX),1,1,1
Kayn/Ornn (FR/RU),Lillia/Viktor (IO/PZ),1,1,1
Kayn/Ornn (FR/RU),Riven/Viktor (NX/PZ),1,1,1
Kayn/Ornn (FR/RU),Poppy/Taric (DE/MT),1,1,1
Jack/Lillia (BW/IO),Aphelios/Viktor (MT/PZ),1,1,1
Ashe (FR/PZ),Jack/Lillia (BW/IO),1,1,1
Leona/Yasuo (IO/MT),Nasus (SI/SH),1,1,1
Nasus (SI/SH),Garen/Poppy (DE),1,1,1
Gangplank (BW/NX),Sett (IO/PZ),1,1,1
Nasus (SI/SH),Sett/Veigar (BC/IO),1,1,1
Sett/Veigar (BC/IO),Galio/Poppy (DE/IO),1,1,1
Akshan/Lee Sin (IO/SH),Sett/Veigar (BC/IO),1,1,1
Senna/Veigar (BC/SI),Ashe/Udyr (FR/SI),1,1,1
Nasus (SI/SH),Janna/Viktor (IO/PZ),1,1,1
Kayle (BW/MT),Kayn/Ornn (FR/RU),1,1,1
Rumble/Sion (BC/NX),Janna/Viktor (BW/PZ),1,1,1
Poppy/Tristana (BC/NX),Braum/Lillia (FR/IO),1,1,1
Jax/Vayne (DE/RU),Braum/Lillia (FR/IO),1,1,1
Kayle (BW/MT),Rumble/Sion/Viktor (NX/PZ),1,1,1
Championless (BC/SI),Championless (IO/SI),1,1,1
Kayle (BW/MT),Akshan (FR/SH),1,1,1
Akshan/Kayn (RU/SH),Poppy/Taric (DE/MT),1,1,1
Poppy/Taric (DE/MT),Galio/Poppy (DE/IO),1,1,1
Poppy/Taric (DE/MT),Caitlyn/Kayn (RU/PZ),1,1,1
Illaoi/Swain (BW/NX),Garen (DE/SH),1,1,1
Galio/Poppy (DE/IO),Jayce (PZ/SI),1,1,1
Ashe (FR/PZ),Jax/Vayne (DE/RU),1,1,1
Galio/Poppy (DE/IO),Gangplank/Sejuani (BW/FR),1,1,1
Nidalee/Sivir (BC/SH),Championless (MT/SI),1,1,1
Championless (MT/SI),Galio/Poppy (DE/IO),1,1,1
Kayle (BW/MT),Nidalee/Sivir (BC/SH),1,1,1
Sett/Veigar (BC/IO),Nidalee/Sivir (BC/SH),1,1,1
Kayn/Ornn (FR/RU),Nidalee/Sivir (BC/SH),1,1,1
Akshan/Nidalee (DE/SH),Braum/Udyr/Vladimir (FR/NX),1,1,1
Braum/Udyr/Vladimir (FR/NX),Janna/Viktor (IO/PZ),1,1,1
Braum/Udyr/Vladimir (FR/NX),Galio/Poppy (DE/IO),1,1,1
Jayce/Senna (PZ/SI),Braum/Udyr/Vladimir (FR/NX),1,1,1
Braum/Udyr/Vladimir (FR/NX),Illaoi/Swain (BW/NX),1,1,1
Galio/Poppy (DE/IO),Kayn/Ornn (FR/RU),1,1,1
Kayn/Ornn (FR/RU),Caitlyn/Janna (IO/PZ),1,1,1
Nasus/Thresh (SI/SH),Sejuani/Viktor (FR/PZ),1,1,1
Kayle (DE/MT),Ashe/LeBlanc (FR/NX),1,1,1
Aatrox/Varus (RU/RU),Sett/Veigar (BC/IO),1,1,1
Sett/Veigar (BC/IO),Senna/Viktor (PZ/SI),1,1,1
Riven/Viktor (NX/PZ),Sett/Veigar (BC/IO),1,1,1
Rumble/Sion (BC/NX),Janna (FR/PZ),1,1,1
Akshan/Garen (DE/SH),Nasus/Thresh (SI/SH),1,1,1
Jayce/Lux (DE/PZ),Ashe/Sejuani (DE/FR),1,1,1
Senna/Veigar (BC/SI),Garen/Malphite (DE/MT),1,1,1
Galio/Poppy (DE/IO),Rumble/Viktor (BC/PZ),1,1,1
Gwen/LeBlanc (NX/SI),Aatrox/Varus (RU/RU),1,1,1
Gwen/LeBlanc (NX/SI),Championless (BW/PZ),1,1,1
Gwen/LeBlanc (NX/SI),Illaoi/Swain (BW/NX),1,1,1
Akshan/Garen (DE/SH),Malphite/Yasuo (IO/MT),1,1,1
Akshan/Garen (DE/SH),Kalista (SI),1,1,1
Galio/Morgana (DE/FR),Nasus/Renekton (SH),1,1,1
Galio/Poppy (DE/IO),Gnar/Nidalee (BC/SH),1,1,1
Championless (MT/SI),Senna/Veigar (PZ/SI),1,1,1
Darius/Gnar (FR/NX),Kayn/Ornn (FR/RU),1,1,1
Kayn/Ornn (FR/RU),Galio/Udyr (DE/FR),1,1,1
Akshan/Nidalee (FR/SH),Kayn/Ornn (FR/RU),1,1,1
Kayn/Ornn (FR/RU),Ornn/Vayne (DE/FR),1,1,1
Maokai (BW/SI),Kayn/Ornn (FR/RU),1,1,1
Kayn/Ornn (FR/RU),Nasus (SI/SH),1,1,1
Leona/Sett (IO/MT),Caitlyn/Swain (NX/PZ),1,1,1
Akshan/Varus (SH/RU),Leona/Sett (IO/MT),1,1,1
Galio/Udyr (DE/FR),Leona/Sett (IO/MT),1,1,1
Janna/Senna (PZ/SI),Lulu/Shen (IO/MT),1,1,1
Braum/Neeko (FR/RU),Championless (PZ/SI),1,1,1
Lillia/Morgana (IO/MT),Maokai/Nautilus (BW/SI),1,1,1
Darius/Gnar (FR/NX),Galio/Poppy (DE/IO),1,1,1
Galio/Poppy (DE/IO),Braum/Lillia (FR/IO),1,1,1
Garen/Shen (DE/IO),Akshan/Nidalee (FR/SH),1,1,1
Akshan/Nidalee (DE/SH),Championless (PZ/SI),1,1,1
Kayn/Ornn (FR/RU),Championless (MT),1,1,1
Shen/Sivir (IO/SH),Kayle/Lillia (IO/MT),1,1,1
Gangplank/Sejuani (BW/FR),Kayn/Ornn (FR/RU),1,1,1
Galio/Udyr (DE/FR),Braum/Garen (DE/FR),1,1,1
Braum/Garen (DE/FR),Akshan/Sivir (FR/SH),1,1,1
Lulu/Shen (DE/IO),Braum/Garen (DE/FR),1,1,1
Lulu/Shen (DE/IO),Nasus (SI/SH),1,1,1
Leona/Yasuo (IO/MT),Kayle/Lillia (IO/MT),1,1,1
Neeko/Poppy (DE/RU),Jack/Lillia (BW/IO),1,1,1
Nasus/Thresh (SI/SH),Kalista (NX/SI),1,1,1
Kalista (SI),Sett/Viktor (IO/PZ),1,1,1
Neeko/Tristana (BC/RU),Aatrox/Kayn (RU/RU),1,1,1
Aatrox/Kayn (RU/RU),Lillia/Tristana (BC/IO),1,1,1
Garen/Shen (DE/IO),Morgana (BC/MT),1,1,1
Garen/Shen (DE/IO),Aphelios/Yasuo (IO/MT),1,1,1
Lee Sin/Riven (IO/NX),Gangplank/Sejuani (BW/FR),1,1,1
Championless (SI),Kayle (DE/MT),1,1,1
Kayle (DE/MT),Kalista (NX/SI),1,1,1
Galio/Taric (DE/MT),Jack/Sett (BW/IO),1,1,1
Championpile (FR/SH),Aphelios/Viktor (MT/PZ),1,1,1
Kalista (SI),Jax/Lillia (IO/RU),1,1,1
Braum/Lillia (FR/IO),Morgana/Vayne (DE/PZ),1,1,1
Akshan/Sivir (DE/SH),Illaoi/Swain (BW/NX),1,1,1
Kai'Sa/Viktor (PZ/SH),Sett/Veigar (BC/IO),1,1,1
Gnar/Neeko (FR/RU),Sett/Veigar (BC/IO),1,1,1
Galio/Udyr (DE/FR),Garen/Vayne (DE/FR),1,1,1
Nasus/Thresh (SI/SH),Braum/Sejuani/Udyr (FR/PZ),1,1,1
Akshan/Nasus (SI/SH),Swain (BW/NX),1,1,1
Gnar/Neeko (BC/RU),Aatrox/Kayn (RU/RU),1,1,1
Kayle (BW/MT),Neeko/Tristana (BC/RU),1,1,1
Neeko/Tristana (BC/RU),Kai'Sa/Rumble (NX/SH),1,1,1
Neeko/Tristana (BC/RU),Kalista (SI),1,1,1
Garen/Shen (DE/IO),Gnar (FR/NX),1,1,1
Kayle (BW/MT),Galio/Garen/Poppy (DE/FR),1,1,1
Braum/Sejuani/Udyr (FR/PZ),Veigar/Viktor (BC/PZ),1,1,1
Janna/Senna (PZ/SI),Veigar/Viktor (BC/PZ),1,1,1
Ornn/Varus (FR/RU),Sett/Veigar (BC/IO),1,1,1
Braum/Sejuani/Udyr (FR/PZ),Viktor (IO/PZ),1,1,1
Neeko/Poppy (BC/RU),Viktor (IO/PZ),1,1,1
Viktor (IO/PZ),Jax/Tristana (BC/RU),1,1,1
Gwen/Kalista (SI),Braum/Kayle/Morgana (FR/MT),1,1,1
LeBlanc/Sivir (NX/SH),Ornn/Varus (FR/RU),1,1,1
Ornn/Varus (FR/RU),Caitlyn (FR/PZ),1,1,1
Morgana/Udyr (DE/FR),Ornn/Varus (FR/RU),1,1,1
Neeko/Poppy (DE/RU),Garen/Udyr (DE/FR),1,1,1
Aphelios/Viktor (MT/PZ),Gwen/Kalista (NX/SI),1,1,1
Gwen/Kalista (SI),Riven/Viktor (NX/PZ),1,1,1
Gwen/Kalista (SI),Aatrox/Kayn (RU/RU),1,1,1
Lux/Sett (DE/IO),Kalista (SI),1,1,1
Darius/Sion (NX/SI),Senna/Veigar (BC/SI),1,1,1
Kai'Sa/Viktor (PZ/SH),Nasus/Thresh (SI/SH),1,1,1
Nasus/Thresh (SI/SH),Morgana/Riven (MT/NX),1,1,1
Nasus/Thresh (SI/SH),Gwen (FR/SI),1,1,1
Braum/Vladimir (FR/NX),Poppy/Tristana (BC/DE),1,1,1
Galio/Morgana (DE/FR),Galio/Poppy (DE/FR),1,1,1
Jayce/Lux (DE/PZ),Kalista/Senna/Viktor (PZ/SI),1,1,1
Kalista/Senna/Viktor (PZ/SI),Tristana (BC/DE),1,1,1
Gwen/Kalista (SI),Gnar/Swain (BC/NX),1,1,1
Gangplank/Sejuani (BW/FR),Braum/Kayle/Morgana (FR/MT),1,1,1
Akshan/Varus (SH/RU),Braum/Kayle/Morgana (FR/MT),1,1,1
Aphelios/Viktor (MT/PZ),Tristana (BC/DE),1,1,1
Tristana (BC/DE),Shyvana (DE/MT),1,1,1
Akshan/Lee Sin (IO/SH),Tristana (BC/DE),1,1,1
Tristana (BC/DE),Gangplank/Sejuani (BW/FR),1,1,1
Tristana (BC/DE),Neeko (BC/RU),1,1,1
Sett (IO/PZ),Caitlyn/Janna/Viktor (NX/PZ),1,1,1
Gwen/Kalista (SI),Poppy/Tristana (BC/NX),1,1,1
Poppy/Tristana (BC/NX),Ashe/Tahm Kench (BW/FR),1,1,1
Caitlyn (FR/PZ),Poppy/Tristana (BC/NX),1,1,1
Ornn/Varus (FR/RU),Poppy/Tristana (BC/NX),1,1,1
Poppy/Tristana (BC/NX),Riven/Varus (NX/RU),1,1,1
Jayce (PZ/SI),Malphite/Yasuo (IO/MT),1,1,1
Darius/Gnar/LeBlanc (FR/NX),Malphite/Yasuo (IO/MT),1,1,1
Gwen (FR/SI),Jax/Sivir (RU/SH),1,1,1
Jayce/Lux (DE/PZ),Gwen (FR/SI),1,1,1
Gwen (FR/SI),Aphelios/Yasuo (IO/MT),1,1,1
Lee Sin/Viktor (IO/PZ),Darius/Gnar/LeBlanc (FR/NX),1,1,1
Senna/Veigar (BC/SI),Caitlyn (FR/PZ),1,1,1
Gwen/Kalista (SI),Akshan/Udyr (FR/SH),1,1,1
Akshan/Udyr (FR/SH),Aphelios/Viktor (MT/PZ),1,1,1
Aphelios/Viktor (MT/PZ),Viktor (IO/PZ),1,1,1
Viktor (IO/PZ),Aatrox/Kayn (RU/RU),1,1,1
Jayce/Lux (DE/PZ),Caitlyn/Janna (BC/PZ),1,1,1
Gwen/Riven (NX/SI),Braum/Vladimir (FR/NX),1,1,1
Riven/Viktor (NX/PZ),Braum/Kayle/Morgana (FR/MT),1,1,1
Braum/Kayle/Morgana (FR/MT),Janna (PZ/SI),1,1,1
Nasus/Thresh (SI/SH),Aphelios/Riven/Taric (MT/NX),1,1,1
Gwen/Kalista (SI),Ornn/Varus (FR/RU),1,1,1
Ornn/Varus (FR/RU),Aphelios/Yasuo (IO/MT),1,1,1
Darius/Swain (MT/NX),Maokai/Nautilus (BW/SI),1,1,1
Championless (SI),Rumble (BC/NX),1,1,1
Braum/Vladimir (FR/NX),Veigar/Viktor (PZ/SI),1,1,1
Gwen/Kalista (SI),Jax/Ornn (FR/RU),1,1,1
Maokai/Nautilus (BW/SI),Championpile (MT/PZ),1,1,1
Braum/Lillia (FR/IO),Darius/Gnar/LeBlanc (FR/NX),1,1,1
Akshan/Lee Sin (IO/SH),Ashe/Udyr (FR/SI),1,1,1
Nidalee (BC/SH),Galio/Morgana (DE/FR),1,1,1
Nidalee (BC/SH),Gwen/Kalista (SI),1,1,1
Jayce/Lux (DE/PZ),Gwen/Kalista (SI),1,1,1
Ashe/LeBlanc (FR/NX),Gwen/Kalista (SI),1,1,1
Akshan/Varus (SH/RU),Kayn/Ornn (FR/RU),1,1,1
Kayn/Ornn (FR/RU),Viktor (BC/PZ),1,1,1
Ashe (FR/SI),Kayn/Ornn (FR/RU),1,1,1
Lillia/Sett (BC/IO),Gwen/Kalista (SI),1,1,1
Lillia/Sett (BC/IO),Akshan/Udyr (FR/SH),1,1,1
Akshan/Morgana (DE/SH),Braum/Garen (DE/FR),1,1,1
Akshan/Varus (SH/RU),Neeko/Tristana (BC/RU),1,1,1
Darius/Gwen (NX/SI),Neeko/Tristana (BC/RU),1,1,1
Kayle (MT/SI),Caitlyn/Swain (NX/PZ),1,1,1
LeBlanc/Sivir (NX/SH),Tristana (BC/DE),1,1,1
Sion/Thresh (NX/SI),Tristana (BC/DE),1,1,1
Malphite/Yasuo (IO/MT),Akshan/Kayn (RU/SH),1,1,1
Gwen (FR/SI),Akshan/Lee Sin (IO/SH),1,1,1
Braum/Lillia (FR/IO),Lee Sin/Riven (IO/NX),1,1,1
Gwen (FR/SI),Akshan/Nidalee (FR/SH),1,1,1
Gwen (FR/SI),Championless (PZ/SI),1,1,1
Illaoi/Swain (BW/NX),Gwen (FR/SI),1,1,1
Galio/Udyr (DE/FR),Gwen (FR/SI),1,1,1
Sett/Veigar (BC/IO),Janna/Viktor (IO/PZ),1,1,1
Ashe (FR/SI),Lee Sin/Viktor (IO/PZ),1,1,1
Jack/Morgana (BW/DE),Gwen/Kalista (SI),1,1,1
Gwen/Kalista (SI),Lulu/Shen (IO/MT),1,1,1
Ashe (FR/SI),Kayle/Lillia (IO/MT),1,1,1
Nautilus (BW/SI),Morgana/Udyr (DE/FR),1,1,1
Championless (IO/MT),Akshan/Lee Sin (IO/SH),1,1,1
Championless (MT/SI),Akshan/Nidalee (FR/SH),1,1,1
Championless (MT/SI),Viktor (BC/PZ),1,1,1
Ashe/LeBlanc (FR/NX),Lux/Viktor (DE/PZ),1,1,1
Sion/Thresh (NX/SI),Illaoi/Swain (BW/NX),1,1,1
Akshan/Morgana (MT/SH),Gwen/Riven (NX/SI),1,1,1
Aphelios/Swain (MT/NX),Aphelios/Viktor (MT/PZ),1,1,1
Aphelios/Viktor (MT/PZ),Gnar/LeBlanc (FR/NX),1,1,1
Neeko/Poppy (BC/RU),Kayle (MT/SI),1,1,1
Neeko/Poppy (BC/RU),Neeko/Poppy (DE/RU),1,1,1
Gangplank/Senna (BW/SI),Neeko/Poppy (BC/RU),1,1,1
Neeko/Poppy (BC/RU),Kayle/Lillia (IO/MT),1,1,1
Neeko/Poppy (BC/RU),Ashe/Sejuani (FR),1,1,1
Neeko/Poppy (BC/RU),Lulu/Shen (IO/MT),1,1,1
Ashe/Sejuani (FR),Championless (BC/BW),1,1,1
Rumble/Sion (BC/NX),Kayn/Ornn (FR/RU),1,1,1
Lulu/Shen/Taric (IO/MT),Kayn/Ornn (FR/RU),1,1,1
Illaoi/Swain (BW/NX),Braum/Garen (DE/FR),1,1,1
Braum/Garen (DE/FR),Gnar/Poppy (BC/FR),1,1,1
Gwen/Kalista (SI),Gangplank/Sejuani (BW/FR),1,1,1
Gwen/Kalista (SI),LeBlanc/Sivir (NX/SH),1,1,1
Janna/Sett (IO/PZ),Gwen/Kalista (SI),1,1,1
Janna/Senna (PZ/SI),Kayle/Lillia (IO/MT),1,1,1
Lee Sin/Riven (IO/NX),Nasus/Senna (SI/SH),1,1,1
LeBlanc/Rumble (BC/NX),Ashe (FR/PZ),1,1,1
Sion/Thresh (NX/SI),Gwen (FR/SI),1,1,1
Kayle/Lillia (IO/MT),Gwen (FR/SI),1,1,1
Garen/Neeko (DE/RU),Kayle (MT/SI),1,1,1
Jax/Tristana (BC/RU),Garen/Neeko (DE/RU),1,1,1
Garen/Neeko (DE/RU),Jayce/Lux (DE/PZ),1,1,1
Rumble/Sion (BC/NX),Galio/Poppy (DE),1,1,1
Jax/Tristana (BC/RU),Lee Sin/Viktor (IO/PZ),1,1,1
Akshan/Varus (SH/RU),Jack/Morgana (BW/DE),1,1,1
Jack/Morgana (BW/DE),Sejuani/Swain (FR/NX),1,1,1
Akshan/Braum (FR/SH),Senna/Veigar (PZ/SI),1,1,1
Lulu/Shen (IO/MT),Illaoi (BW/IO),1,1,1
Kayle/Lillia (IO/MT),Janna (PZ/SI),1,1,1
Senna/Veigar (BC/SI),Nasus/Rumble (NX/SH),1,1,1
Ashe/LeBlanc (FR/NX),Aphelios/Swain (MT/NX),1,1,1
Kayle/Lillia (IO/MT),Akshan/Ornn (FR/SH),1,1,1
Ashe/Sejuani (FR),Viktor (BC/PZ),1,1,1
Kayle (BW/MT),Akshan/Ornn (FR/SH),1,1,1
Akshan/Ornn (FR/SH),Morgana/Udyr (DE/FR),1,1,1
Gnar/LeBlanc (FR/NX),Senna/Veigar (BC/SI),1,1,1
Gangplank/Senna (BW/SI),Maokai/Nautilus (BW/SI),1,1,1
Lulu/Taric (BC/MT),Nasus/Thresh (SI/SH),1,1,1
Gangplank/Senna (BW/SI),Ashe (FR/SI),1,1,1
Aphelios/Swain (MT/NX),Sejuani/Swain (FR/NX),1,1,1
Lulu/Taric (BC/MT),Tahm Kench/Taric (BW/MT),1,1,1
Maokai/Nautilus (BW/SI),Janna/Morgana (MT/PZ),1,1,1
LeBlanc/Udyr (FR/NX),Garen/Neeko/Poppy (DE/RU),1,1,1
Aatrox/Vayne (RU/DE),Akshan/Morgana (MT/SH),1,1,1
Senna/Veigar (BC/SI),Lulu/Taric (BC/MT),1,1,1
Lulu/Taric (BC/MT),Akshan/Lee Sin (IO/SH),1,1,1
LeBlanc/Leona (MT/NX),Rumble/Sion (BC/NX),1,1,1
Darius/LeBlanc/Riven (BW/NX),Nasus/Renekton (SH),1,1,1
Ornn/Varus (FR/RU),Neeko/Poppy (BC/RU),1,1,1
Akshan/Ornn (FR/SH),Neeko/Poppy (BC/RU),1,1,1
Neeko/Poppy (BC/RU),Jax/Ornn (FR/RU),1,1,1
Kayle (BC/MT),Lillia/Sett (IO/PZ),1,1,1
Galio/Morgana (DE/FR),Kalista (SI),1,1,1
Maokai/Nautilus (BW/SI),Kalista/Kayle (MT/SI),1,1,1
Kai'Sa/Viktor (PZ/SH),Gwen (FR/SI),1,1,1
Janna/Lillia (IO/PZ),Akshan/Varus (SH/RU),1,1,1
Nasus/Renekton (SH),Championless (PZ/SI),1,1,1
Swain/Yasuo (IO/NX),Galio/Morgana/Udyr (DE/FR),1,1,1
Aatrox/Nasus (RU/SH),LeBlanc/Sivir (NX/SH),1,1,1
Jack/Sett (BW/IO),Championless (PZ/SI),1,1,1
Neeko/Renekton (RU/SH),Championless (PZ/SI),1,1,1
Akshan/Ornn (FR/SH),Janna/Senna (PZ/SI),1,1,1
Janna/Senna (PZ/SI),Sett (IO/PZ),1,1,1
Sett (IO/PZ),Galio/Poppy (DE/FR),1,1,1
Gwen (FR/SI),Maokai/Nautilus (BW/SI),1,1,1
Gwen (FR/SI),Poppy/Tristana (BC/MT),1,1,1
Nasus (SI/SH),Gwen (FR/SI),1,1,1
Gwen (FR/SI),Poppy/Tristana (BC/BW),1,1,1
Braum/Vladimir (FR/NX),Gwen (FR/SI),1,1,1
Senna (PZ/SI),Nasus (SI/SH),1,1,1
Aphelios/Viktor (MT/PZ),Darius/LeBlanc (FR/NX),1,1,1
Championless (PZ/SI),Akshan/Ornn (FR/SH),1,1,1
Kalista (SI),Kayle/Thresh (MT/SI),1,1,1
Gwen (SI),Viktor (IO/PZ),1,1,1
Viktor (IO/PZ),Garen (DE/SH),1,1,1
Darius/Gwen (NX/SI),Viktor (IO/PZ),1,1,1
Gwen/Riven (NX/SI),Nasus (SI/SH),1,1,1
Nidalee/Viktor (PZ/SH),Braum/Vladimir (FR/NX),1,1,1
Nidalee/Viktor (PZ/SH),Sion/Thresh (NX/SI),1,1,1
Nidalee/Viktor (PZ/SH),Swain (FR/NX),1,1,1
Nidalee/Viktor (PZ/SH),Kayle/Lillia (IO/MT),1,1,1
Gnar/Swain (BC/NX),Morgana/Udyr (FR/MT),1,1,1
Jack/Sett (BW/IO),Akshan/Ornn (FR/SH),1,1,1
Jack/Sett (BW/IO),Nautilus (BW/SI),1,1,1
Riven/Viktor (NX/PZ),Akshan/Ornn (FR/SH),1,1,1
Galio/Poppy (DE/IO),Ashe/LeBlanc (FR/NX),1,1,1
Akshan/Ornn (FR/SH),Kalista (SI),1,1,1
Akshan/Ornn (FR/SH),Neeko/Poppy (DE/RU),1,1,1
LeBlanc/Sivir (NX/SH),Kalista/Sion (NX/SI),1,1,1
Morgana/Udyr (DE/FR),Lillia/Veigar (BC/IO),1,1,1
Riven/Viktor (NX/PZ),Kai'Sa/Viktor (PZ/SH),1,1,1
Nasus/Thresh (SI/SH),Championpile (FR/IO),1,1,1
Gwen/Riven (NX/SI),Jax/Ornn (FR/RU),1,1,1
Garen (DE/SH),Gwen/Riven (NX/SI),1,1,1
LeBlanc/Leona (MT/NX),Ashe (FR/PZ),1,1,1
Akshan/Nidalee (FR/SH),Rumble/Sion (BC/NX),1,1,1
Aatrox/Kayn (RU/RU),LeBlanc/Leona (MT/NX),1,1,1
Kayle (BC/MT),Akshan/Sivir (NX/SH),1,1,1
Lee Sin/Viktor (IO/PZ),Akshan/Sivir (IO/SH),1,1,1
Caitlyn (FR/PZ),LeBlanc/Sivir (NX/SH),1,1,1
Braum/Garen (DE/FR),Caitlyn (FR/PZ),1,1,1
Riven/Varus (NX/RU),Neeko/Poppy (BC/RU),1,1,1
Neeko/Poppy (BC/RU),Aphelios/Viktor (MT/PZ),1,1,1
Aatrox/Kayn (RU/RU),Jax/Vayne (DE/RU),1,1,1
Gwen (FR/SI),Swain/Yasuo (IO/NX),1,1,1
Nasus/Thresh (SI/SH),Nasus/Rumble (NX/SH),1,1,1
Nasus/Thresh (SI/SH),Galio/Poppy (DE/IO),1,1,1
Kayle (BC/MT),Championless (PZ/SI),1,1,1
Ashe (FR/PZ),Kayle (BC/MT),1,1,1
Kayle (BC/MT),Akshan/Udyr (FR/SH),1,1,1
Gangplank/Senna (BW/SI),Akshan/Udyr (FR/SH),1,1,1
Championless (SI),Gangplank/Senna (BW/SI),1,1,1
Ashe/LeBlanc (FR/NX),Gangplank/Senna (BW/SI),1,1,1
Janna/Senna (PZ/SI),Gwen (FR/SI),1,1,1
Riven/Viktor (NX/PZ),Gwen (FR/SI),1,1,1
Championless (MT/SI),Galio/Morgana (DE/MT),1,1,1
Braum/Vladimir (FR/NX),Galio/Morgana (DE/FR),1,1,1
Braum/Vladimir (FR/NX),Braum/Galio/Udyr (DE/FR),1,1,1
Championless (SI),Akshan (DE/SH),1,1,1
Neeko/Poppy (DE/RU),Galio/Poppy (DE/IO),1,1,1
Nidalee/Viktor (PZ/SH),Nasus (SI/SH),1,1,1
Nidalee/Viktor (PZ/SH),Championless (MT/SI),1,1,1
Nidalee/Viktor (PZ/SH),Maokai (BW/SI),1,1,1
Ashe (FR/PZ),Lulu/Shen (IO/MT),1,1,1
Lulu/Shen (IO/MT),Akshan/Morgana (DE/SH),1,1,1
Championless (SI),Championpile (MT/PZ),1,1,1
Galio/Poppy (DE/IO),Championless (PZ/SI),1,1,1
Galio/Udyr (DE/FR),Swain (FR/NX),1,1,1
Kayle/Lillia (IO/MT),Jax/Ornn (FR/RU),1,1,1
Kayle/Lillia (IO/MT),Nasus/Rumble (NX/SH),1,1,1
Akshan/Sivir (IO/SH),Sejuani/Swain (FR/NX),1,1,1
Akshan/Sivir (IO/SH),Galio/Morgana (DE/MT),1,1,1
Akshan/Sivir (IO/SH),Darius/Gnar (FR/NX),1,1,1
Galio/Poppy (DE/IO),Kayle (BW/MT),1,1,1
Galio/Poppy (DE/IO),Akshan/Ornn (FR/SH),1,1,1
Championless (SI),Lulu/Shen (BC/IO),1,1,1
Ashe (FR/SI),Nidalee/Sivir (BC/SH),1,1,1
Championless (SI),Galio/Malphite (DE/MT),1,1,1
Kalista/Sion (NX/SI),Darius/Gnar (FR/NX),1,1,1
Nasus/Rumble (NX/SH),Ashe/Sejuani (FR/PZ),1,1,1
Akshan/Nidalee/Sivir (DE/SH),Janna/Sett (IO/PZ),1,1,1
Championless (MT/SI),Neeko/Poppy (BC/RU),1,1,1
Nasus/Rumble (NX/SH),Caitlyn (FR/PZ),1,1,1
Nidalee/Viktor (PZ/SH),Caitlyn (FR/PZ),1,1,1
Lillia/Sett (BC/IO),Caitlyn (FR/PZ),1,1,1
Caitlyn (FR/PZ),Braum/Neeko (FR/RU),1,1,1
Morgana/Udyr (DE/FR),Janna/Viktor (BC/PZ),1,1,1
Janna/Sett (IO/PZ),Lulu/Taric (BC/MT),1,1,1
Galio/Morgana (DE/FR),Gnar/Nidalee (BC/SH),1,1,1
Nidalee/Viktor (PZ/SH),Championless (SI),1,1,1
Vayne/Vi (DE/PZ),Nidalee/Viktor (PZ/SH),1,1,1
Janna/Viktor (BC/PZ),Nasus/Thresh (SI/SH),1,1,1
Ashe (FR/SI),Lillia/Sett (BC/IO),1,1,1
Gwen/Sivir (SI/SH),Lillia/Sett (BC/IO),1,1,1
Ashe/Jayce (FR/PZ),Senna/Veigar (BC/SI),1,1,1
Riven/Yasuo (IO/NX),Ashe (FR/PZ),1,1,1
Ashe (FR/PZ),Sett (IO/SH),1,1,1
Ashe (FR/PZ),Ashe (FR/SI),1,1,1
Nidalee/Viktor (PZ/SH),Kayle (BC/MT),1,1,1
Galio/Morgana/Udyr (DE/FR),Braum/Vladimir (FR/NX),1,1,1
Braum/Vladimir (FR/NX),Akshan/Kayn (RU/SH),1,1,1
Akshan/Varus (SH/RU),LeBlanc/Lillia (IO/NX),1,1,1
Braum/Lillia (FR/IO),Janna/Morgana (MT/PZ),1,1,1
Akshan/Nidalee (DE/SH),Senna/Veigar (PZ/SI),1,1,1
Senna/Veigar (PZ/SI),Ashe (FR/SI),1,1,1
Janna/Vi/Viktor (BC/PZ),Nasus/Thresh (SI/SH),1,1,1
Ashe/Jayce (FR/PZ),Nidalee/Viktor (PZ/SH),1,1,1
Vi/Viktor (NX/PZ),LeBlanc/Sivir (NX/SH),1,1,1
LeBlanc/Sivir (NX/SH),Championless (BC/SI),1,1,1
Kayle (BW/MT),Lulu/Shen (IO/NX),1,1,1
Kayle/Lillia (IO/MT),Aphelios/Kayle (FR/MT),1,1,1
Lulu/Shen (DE/IO),Kayle/Lillia (IO/MT),1,1,1
Ashe/LeBlanc (FR/NX),Taric (MT/PZ),1,1,1
Akshan/Varus (SH/RU),Lulu/Taric (IO/MT),1,1,1
Akshan/Varus (SH/RU),Sion/Thresh (NX/SI),1,1,1
Darius/Gnar (FR/NX),Championpile (FR/IO),1,1,1
Maokai/Nautilus (BW/SI),Akshan/Nidalee (DE/SH),1,1,1
Akshan/Kayn (RU/SH),Caitlyn/Janna (PZ/SI),1,1,1
Ashe/LeBlanc (FR/NX),Galio/Garen/Poppy (DE/FR),1,1,1
Maokai/Nautilus (BW/SI),Galio/Garen/Poppy (DE/FR),1,1,1
Janna/Vi/Viktor (BC/PZ),Braum/Vladimir (FR/NX),1,1,1
Jayce/Lux (DE/PZ),Lulu/Taric (BC/MT),1,1,1
Championpile (FR/IO),Championless (PZ/SI),1,1,1
Akshan/Braum (FR/SH),Lillia/Riven (IO/NX),1,1,1
Aphelios/Viktor (MT/PZ),Kalista/Sion (NX/SI),1,1,1
Akshan/Udyr (FR/SH),Gnar/Nidalee (BC/SH),1,1,1
Braum/Garen (DE/FR),Maokai/Nautilus (BW/SI),1,1,1
Akshan/Varus (SH/RU),Garen/Poppy (DE/PZ),1,1,1
Kalista (SI),Akshan/Sivir (NX/SH),1,1,1
Swain (BW/NX),Akshan/Varus (SH/RU),1,1,1
Kayle (BW/MT),Ashe/Sejuani (FR/SI),1,1,1
Neeko/Poppy (DE/RU),Kai'Sa/Sivir (MT/SH),1,1,1
Kai'Sa/Sivir (MT/SH),Championless (MT/SI),1,1,1
Kai'Sa/Sivir (MT/SH),Kalista (SI),1,1,1
Aphelios/Viktor (MT/PZ),Gnar/Sejuani (FR/PZ),1,1,1
Jayce/Swain (NX/PZ),Kayle (BW/MT),1,1,1
Aatrox (RU/BW),Championless (BC/SI),1,1,1
Jack/Swain (BW/NX),Aphelios/Viktor (MT/PZ),1,1,1
Championless (FR/SI),Kayle/Lillia (IO/MT),1,1,1
Senna (PZ/SI),Kai'Sa/Viktor (PZ/SH),1,1,1
Gangplank/Gnar (BC/BW),Akshan/Sivir (NX/SH),1,1,1
Kayle (BW/MT),Gangplank/Gnar (BC/BW),1,1,1
Gangplank/Gnar (BC/BW),Darius/Gnar/LeBlanc (FR/NX),1,1,1
Gangplank/Gnar (BC/BW),Senna/Veigar (BC/SI),1,1,1
Senna (PZ/SI),Gangplank/Gnar (BC/BW),1,1,1
Gangplank/Gnar (BC/BW),Aphelios/Morgana/Viktor (MT/PZ),1,1,1
Braum/Vladimir (FR/NX),Sion/Thresh (NX/SI),1,1,1
Senna (PZ/SI),Championless (BW/MT),1,1,1
Illaoi (BW/DE),Kai'Sa/Neeko (RU/SH),1,1,1
Kalista (BC/SI),Gnar/Sejuani (BC/FR),1,1,1
Lulu/Poppy (BC/NX),Kalista (SI),1,1,1
Taric (MT),Darius/Gwen (NX/SI),1,1,1
Gnar/Neeko (FR/RU),Nasus (SI/SH),1,1,1
Ashe/LeBlanc (FR/NX),Caitlyn/Jack (BW/PZ),1,1,1
Nidalee/Viktor (PZ/SH),Caitlyn/Swain (NX/PZ),1,1,1
Championless (BC/SI),Morgana/Udyr (DE/FR),1,1,1
Ashe (FR/NX),Morgana/Udyr (DE/FR),1,1,1
Gnar/Neeko (FR/RU),Kayle/Lillia (IO/MT),1,1,1
Vi/Viktor (NX/PZ),Akshan/Varus (SH/RU),1,1,1
Braum/Lillia (FR/IO),Championless (BC/SI),1,1,1
Braum/Lillia (FR/IO),Gangplank/Gnar (BC/BW),1,1,1
Caitlyn/Swain (NX/PZ),Akshan/Nidalee (FR/SH),1,1,1
Vi/Viktor (NX/PZ),Akshan/Nidalee (FR/SH),1,1,1
Caitlyn/Swain (NX/PZ),Akshan/Nidalee/Sivir (DE/SH),1,1,1
Nasus/Thresh (SI/SH),Ashe/Jayce (FR/PZ),1,1,1
Kalista/Veigar (BC/SI),Sejuani/Swain (FR/NX),1,1,1
Darius/Gnar/LeBlanc (FR/NX),Galio/Garen/Poppy (DE/FR),1,1,1
Riven/Viktor (NX/PZ),Galio/Garen/Poppy (DE/FR),1,1,1
Gnar/Sejuani (BC/FR),Garen/Poppy (DE),1,1,1
LeBlanc/Sivir (NX/SH),Championless (IO/MT),1,1,1
Nasus/Thresh (SI/SH),LeBlanc/Leona (MT/NX),1,1,1
Nasus/Thresh (SI/SH),Poppy (DE/FR),1,1,1
Poppy (DE/FR),LeBlanc/Sivir (NX/SH),1,1,1
Poppy (DE/FR),Darius/Gnar (FR/NX),1,1,1
Garen/Lulu (BC/DE),Jayce/Swain (NX/PZ),1,1,1
Aphelios/Viktor (MT/PZ),Ashe (FR/NX),1,1,1
Aphelios/Viktor (MT/PZ),Jayce/Swain (NX/PZ),1,1,1
Leona/Yasuo (IO/MT),Jayce/Swain (NX/PZ),1,1,1
Jayce/Swain (NX/PZ),Gnar/Sejuani (BC/FR),1,1,1
Braum/Lillia (FR/IO),Jayce/Swain (NX/PZ),1,1,1
Ashe/LeBlanc (FR/NX),Senna/Viktor (PZ/SI),1,1,1
Galio/Morgana (DE/FR),Sion/Thresh (NX/SI),1,1,1
Galio/Morgana (DE/FR),Riven/Varus (NX/RU),1,1,1
Aatrox/Kayn (RU/RU),Ashe (FR/NX),1,1,1
Janna/Sett (IO/PZ),Sion/Thresh (NX/SI),1,1,1
Swain/Yasuo (IO/NX),Nasus/Thresh (SI/SH),1,1,1
LeBlanc/Sivir (NX/SH),Ashe (FR/NX),1,1,1
Aatrox/Kayn (RU/RU),Morgana/Riven (MT/NX),1,1,1
Janna/Viktor (PZ),Braum/Vladimir (FR/NX),1,1,1
Akshan/Sivir (NX/SH),Kalista (BC/SI),1,1,1
Kalista (BC/SI),Ashe (FR/PZ),1,1,1
Kalista (BC/SI),Championless (MT/SI),1,1,1
Ashe (FR/NX),Kalista (BC/SI),1,1,1
Aatrox/Kayn (RU/RU),Galio/Morgana (DE/FR),1,1,1
Akshan/Varus (SH/RU),Janna/Kalista (PZ/SI),1,1,1
Kayle/Lillia (IO/MT),Senna/Viktor (PZ/SI),1,1,1
Nasus/Senna (SI/SH),Kayle/Lillia (IO/MT),1,1,1
Janna/Lillia (IO/PZ),Kayle/Lillia (IO/MT),1,1,1
Akshan/Sivir (NX/SH),Ashe/Lillia (FR/IO),1,1,1
Senna/Veigar (PZ/SI),Jayce/Senna/Veigar (PZ/SI),1,1,1
Illaoi/Swain (BW/NX),Galio/Morgana/Poppy (DE/FR),1,1,1
Janna/Kalista (PZ/SI),Championless (MT/SI),1,1,1
Ashe/Vi (FR/PZ),Gwen/LeBlanc (NX/SI),1,1,1
Gwen/LeBlanc (NX/SI),Maokai/Senna (PZ/SI),1,1,1
Braum/Lillia (FR/IO),Akshan/Kai'Sa/Neeko (RU/SH),1,1,1
Championless (IO/SI),Akshan/Morgana (DE/SH),1,1,1
Akshan/Sivir (NX/SH),LeBlanc/Vi (NX/PZ),1,1,1
Akshan/Sivir (NX/SH),Leona/Yasuo (IO/MT),1,1,1
Janna/Sett (IO/PZ),Malphite/Yasuo (IO/MT),1,1,1
Swain/Yasuo (IO/NX),Gnar/Sejuani (BC/FR),1,1,1
Senna (PZ/SI),Akshan/Taric (MT/SH),1,1,1
Riven/Varus (NX/RU),Darius/Gnar (FR/NX),1,1,1
Riven/Viktor (NX/PZ),LeBlanc/Vi (NX/PZ),1,1,1
Jayce/Senna/Veigar (PZ/SI),Braum/Vladimir (FR/NX),1,1,1
Ashe (FR/PZ),LeBlanc/Vi (NX/PZ),1,1,1
Aatrox/Kayn (RU/RU),Akshan/Nidalee/Sivir (DE/SH),1,1,1
Aatrox/Kayn (RU/RU),Akshan/Nidalee (FR/SH),1,1,1
Aatrox (RU/BW),Taric (MT),1,1,1
Akshan/Lillia (IO/SH),Lee Sin/Viktor (IO/PZ),1,1,1
Ashe (FR/PZ),Akshan/Lillia (IO/SH),1,1,1
Gnar/Sejuani (BC/FR),Janna/Sett (IO/PZ),1,1,1
Kayle (BW/MT),Ashe (FR/NX),1,1,1
Taric (MT),Championless (SI),1,1,1
Jack/Sett (BW/IO),Taric (MT),1,1,1
Maokai/Nautilus (BW/SI),Taric (MT),1,1,1
Maokai/Nautilus (BW/SI),Braum/Udyr (FR/PZ),1,1,1
Maokai/Nautilus (BW/SI),Ashe (FR/NX),1,1,1
Jayce/Lux (DE/PZ),Viktor (NX/PZ),1,1,1
Aphelios/Viktor (MT/PZ),Sejuani/Swain (FR/NX),1,1,1
Garen/Shen (DE/IO),Rumble/Viktor (BC/PZ),1,1,1
Rumble/Viktor (BC/PZ),Janna/Ryze (PZ/RU),1,1,1
LeBlanc/Sivir (NX/SH),Rumble/Viktor (BC/PZ),1,1,1
Rumble/Viktor (BC/PZ),Sivir (FR/SH),1,1,1
Sejuani/Swain (FR/NX),Shyvana/Taric (DE/MT),1,1,1
Kayle (BW/MT),Shyvana/Taric (DE/MT),1,1,1
Kalista (MT/SI),Nasus/Thresh (SI/SH),1,1,1
Akshan/Nidalee (DE/SH),Kayle/Shyvana (DE/MT),1,1,1
Kai'Sa/Viktor (PZ/SH),Akshan/Nidalee (DE/SH),1,1,1
Akshan/Nidalee (FR/SH),Kai'Sa/Lillia (IO/SH),1,1,1
Sejuani/Swain (FR/NX),Akshan/Nidalee (FR/SH),1,1,1
Braum/Udyr (FR/PZ),Morgana/Udyr (DE/FR),1,1,1
Nidalee (BC/SH),Sejuani/Swain (FR/NX),1,1,1
Darius/Gnar (FR/NX),Kai'Sa/Lillia (IO/SH),1,1,1
LeBlanc/Sivir (NX/SH),Kayle (BC/MT),1,1,1
Nasus/Renekton (SH),Championless (FR/SI),1,1,1
Aatrox (RU/BW),Nasus/Renekton (FR/SH),1,1,1
Akshan/Sivir (NX/SH),Lee Sin/Riven (IO/NX),1,1,1
Akshan/Sivir (NX/SH),Gwen/Riven (NX/SI),1,1,1
Lee Sin/Riven (IO/NX),Aatrox (RU/BW),1,1,1
Galio/Poppy (DE/FR),Aatrox (RU/BW),1,1,1
Galio/Poppy (DE/FR),Jax/Ornn (FR/RU),1,1,1
Championless (FR/SI),Gnar/Swain (BC/NX),1,1,1
Championless (FR/SI),Jax/Tristana (BC/RU),1,1,1
Championless (FR/SI),Akshan/Lee Sin (IO/SH),1,1,1
Aphelios/Viktor (MT/PZ),Akshan/Kayn (RU/SH),1,1,1
Janna (PZ/SI),Gangplank/Gnar (BC/BW),1,1,1
Jax/Tristana (BC/RU),Aatrox/Kayn (RU/RU),1,1,1
Renekton (SH),Poppy/Taric (DE/MT),1,1,1
Nidalee/Viktor (PZ/SH),Kai'Sa/Rumble (NX/SH),1,1,1
Braum/Lillia (FR/IO),Aatrox/Varus (RU/RU),1,1,1
Jack/Sett (BW/IO),Aatrox/Varus (RU/RU),1,1,1
Jack/Sett (BW/IO),Garen/Shen (DE/IO),1,1,1
Jack/Sett (BW/IO),Udyr/Vladimir (FR/NX),1,1,1
Senna/Veigar (BC/SI),Akshan/Nidalee (DE/SH),1,1,1
Morgana/Udyr (DE/FR),Garen/Poppy (DE/MT),1,1,1
Galio/Udyr (DE/FR),Gwen/Thresh (BW/SI),1,1,1
Nidalee/Sivir (IO/SH),Gwen/LeBlanc (NX/SI),1,1,1
Rumble/Sion (NX/SH),Aphelios/Viktor (MT/PZ),1,1,1
Darius/LeBlanc/Riven (BW/NX),Lillia/Sett (BC/IO),1,1,1
Ashe/LeBlanc (FR/NX),Darius/LeBlanc/Riven (BW/NX),1,1,1
Braum/Udyr/Vladimir (FR/NX),Jayce/Lux (DE/PZ),1,1,1
Championless (MT/SI),Championless (FR/SI),1,1,1
Tristana (BC/DE),Garen/Morgana (DE/FR),1,1,1
Tristana (BC/DE),Morgana/Riven (MT/NX),1,1,1
Tristana (BC/DE),Garen/Shen (DE/IO),1,1,1
Tristana (BC/DE),Nidalee (BC/SH),1,1,1
Kai'Sa/Lillia (IO/SH),Tristana (BC/DE),1,1,1
Ashe (FR/PZ),Tristana (BC/DE),1,1,1
Akshan/Lee Sin (IO/SH),Neeko/Tristana (BC/RU),1,1,1
Neeko/Tristana (BC/RU),Aatrox/Poppy/Vayne (RU/DE),1,1,1
Championless (PZ/SI),Championless (FR/IO),1,1,1
Senna/Veigar (BC/SI),Rumble/Sion (NX/SH),1,1,1
Jack/Morgana (BW/DE),Morgana/Riven (MT/NX),1,1,1
Janna/Viktor (IO/PZ),Championless (MT/SI),1,1,1
Jayce (PZ/SI),Championless (MT/SI),1,1,1
Aatrox/Nasus (RU/SH),Kalista (SI),1,1,1
Braum/Sejuani/Udyr (FR/PZ),Kayle (BW/MT),1,1,1
Maokai/Nautilus (BW/SI),Lulu/Shen (BC/IO),1,1,1
Senna/Veigar (BC/SI),Sejuani/Swain/Vladimir (FR/NX),1,1,1
Garen/Poppy (BC/DE),Lillia/Viktor (IO/PZ),1,1,1
Garen/Poppy (BC/DE),Nasus/Thresh (SI/SH),1,1,1
Nidalee/Sivir (BC/SH),Tristana (BC/DE),1,1,1
Galio/Udyr (DE/FR),Aatrox (RU/BW),1,1,1
Aatrox/Vayne (RU/DE),Riven/Viktor (NX/PZ),1,1,1
Gwen/Riven (NX/SI),Rumble/Vayne (DE/NX),1,1,1
Janna/Sett (IO/PZ),Gwen/Riven (NX/SI),1,1,1
Kayn/Ornn (FR/RU),Riven/Varus (NX/RU),1,1,1
Jayce/Lux (DE/PZ),Lulu/Tristana (BC/DE),1,1,1
Jax/Ornn (FR/RU),Kalista/Yasuo (IO/SI),1,1,1
Jax/Ornn (FR/RU),Leona/Yasuo (IO/MT),1,1,1
Morgana/Ornn (DE/FR),Gnar/Neeko (FR/RU),1,1,1
Gnar/Neeko (FR/RU),Braum/Kayle/Morgana (FR/MT),1,1,1
Ashe/LeBlanc (FR/NX),Lulu/Tristana (BC/DE),1,1,1
Tristana (BC/DE),Morgana/Ornn (DE/FR),1,1,1
Tristana (BC/DE),Braum/Galio (DE/FR),1,1,1
Tristana (BC/DE),Kayle (BW/MT),1,1,1
Braum/Vladimir (FR/NX),Lulu/Shen (BC/IO),1,1,1
Garen/Poppy (BC/DE),Janna/Senna (PZ/SI),1,1,1
Senna/Veigar (BC/SI),Jax/Tristana (BC/RU),1,1,1
Jax/Tristana (BC/RU),Neeko/Poppy (DE/RU),1,1,1
Riven/Viktor (NX/PZ),Rumble/Sion (NX/SH),1,1,1
Rumble/Sion (NX/SH),Janna/Viktor (PZ),1,1,1
Morgana/Riven (MT/NX),Gangplank/Sejuani (BW/FR),1,1,1
Championless (SI),Garen/Morgana (DE/FR),1,1,1
Shen/Sivir (IO/SH),Gwen/Riven (NX/SI),1,1,1
Garen/Udyr (DE/FR),Lulu/Shen (IO/MT),1,1,1
Championless (SI),Kai'Sa/Sivir (NX/SH),1,1,1
Janna/Malphite (MT/PZ),Braum/Lillia (FR/IO),1,1,1
Lee Sin/Riven (IO/NX),Garen/Udyr (DE/FR),1,1,1
Aatrox/Nasus (RU/SH),Maokai/Nautilus (BW/SI),1,1,1
Aatrox/Nasus (RU/SH),Shyvana (DE/MT),1,1,1
Galio/Udyr (DE/FR),Jax/Kai'Sa/Sivir (RU/SH),1,1,1
Sejuani/Swain (FR/NX),Kai'Sa/Lillia (IO/SH),1,1,1
LeBlanc/Sivir (NX/SH),Morgana/Ornn (DE/FR),1,1,1
Morgana/Udyr (DE/FR),Garen/Kayle (DE/MT),1,1,1
Garen/Lux (DE/PZ),Jayce/Senna/Veigar (PZ/SI),1,1,1
Tahm Kench/Udyr (BW/FR),Jayce/Senna/Veigar (PZ/SI),1,1,1
Senna/Veigar (BC/SI),Leona (DE/MT),1,1,1
Aatrox/Kayn (RU/RU),Braum/Lee Sin/Lillia (FR/IO),1,1,1
Senna/Veigar (BC/SI),Aphelios/Tahm Kench (BW/MT),1,1,1
Aphelios/Tahm Kench (BW/MT),Gwen/Illaoi (BW/SI),1,1,1
Nasus/Rumble (NX/SH),Lillia/Vayne (DE/IO),1,1,1
Lillia/Malphite (IO/MT),Gwen/Riven (NX/SI),1,1,1
Morgana/Udyr (DE/FR),Garen/Poppy (BC/DE),1,1,1
Garen/Poppy (BC/DE),Garen/Udyr (DE/FR),1,1,1
Championless (SI),Morgana/Ornn (DE/FR),1,1,1
Lillia/Sett (BC/IO),Braum/Udyr (FR),1,1,1
Lillia/Veigar (BC/IO),Braum/Lillia (FR/IO),1,1,1
Braum/Lillia (FR/IO),Akshan/Nidalee (DE/SH),1,1,1
Braum/Garen (DE/FR),Senna/Veigar (BC/SI),1,1,1
Riven/Viktor (NX/PZ),Braum/Udyr (BW/FR),1,1,1
Aatrox/Kayn (RU/RU),Jayce (IO/PZ),1,1,1
Riven/Viktor (NX/PZ),Caitlyn/Udyr (FR/PZ),1,1,1
Poppy/Taric (DE/MT),Galio/Poppy (DE/FR),1,1,1
Garen/Jayce (DE/PZ),Senna/Veigar (BC/SI),1,1,1
Lulu/Poppy (DE/IO),Kayle/Leona (MT/NX),1,1,1
Braum/Lillia (FR/IO),Akshan/Lillia (IO/SH),1,1,1
Ashe/LeBlanc (FR/NX),Braum/Ornn (DE/FR),1,1,1
Ashe/LeBlanc (FR/NX),Braum/Janna (FR/PZ),1,1,1
Sion/Thresh (NX/SI),Gangplank/Thresh (BW/SI),1,1,1
Darius/LeBlanc/Riven (BW/NX),Senna/Veigar (BC/SI),1,1,1
Neeko/Poppy (DE/RU),Kalista/Thresh (NX/SI),1,1,1
Kai'Sa/Sivir (IO/SH),Darius/Gwen (NX/SI),1,1,1
Lillia/Sett (BC/IO),Janna (BW/PZ),1,1,1
Janna (BW/PZ),Akshan/Morgana (DE/SH),1,1,1
Akshan/Udyr (FR/SH),Sejuani/Swain (FR/NX),1,1,1
Lee Sin/Viktor (IO/PZ),Braum/Udyr (DE/FR),1,1,1
Rumble/Sion (BC/NX),Sejuani (BC/FR),1,1,1
Gwen/Ornn (FR/SI),Ashe/LeBlanc (FR/NX),1,1,1
Ashe (FR/NX),Gnar/Neeko (FR/RU),1,1,1
Akshan/Nasus/Renekton (SH),Championless (IO/PZ),1,1,1
Ashe (FR/NX),Sett (IO/PZ),1,1,1
Rumble/Sion (NX/SH),Jax/Tristana (BC/RU),1,1,1
Sion/Thresh (NX/SI),Senna (PZ/SI),1,1,1
Maokai/Nautilus (BW/SI),Rumble/Sion (NX/SH),1,1,1
Jax/Ornn (FR/RU),Rumble/Sion (NX/SH),1,1,1
Shen/Sivir (IO/SH),Rumble/Sion (NX/SH),1,1,1
Kayle (BW/MT),Braum/Ornn (DE/FR),1,1,1
Braum/Ornn (DE/FR),Rumble/Sion (BC/NX),1,1,1
Gwen/Riven (NX/SI),Braum/Ornn (DE/FR),1,1,1
Championless (PZ/SI),Aatrox/Varus (RU/RU),1,1,1
Gwen/Riven (NX/SI),Championless (MT/SI),1,1,1
Gwen/Riven (NX/SI),Ashe (FR/NX),1,1,1
Riven/Viktor (NX/PZ),Lillia/Morgana (IO/MT),1,1,1
Braum/Vladimir (FR/NX),Caitlyn/Udyr (FR/PZ),1,1,1
Darius/Gnar/LeBlanc (FR/NX),Sion/Thresh (NX/SI),1,1,1
Maokai/Nautilus (BW/SI),Lux/Shen (DE/IO),1,1,1
Championless (BC/SI),Maokai/Nautilus (BW/SI),1,1,1
Championless (SI),Braum/Udyr (FR),1,1,1
Neeko/Poppy (DE/RU),Ashe (FR/SI),1,1,1
Riven/Viktor (NX/PZ),Ashe/Tahm Kench (BW/FR),1,1,1
Aphelios/Viktor (MT/PZ),Darius/Gnar/LeBlanc (FR/NX),1,1,1
Leona/Yasuo (IO/MT),Malphite/Yasuo (IO/MT),1,1,1
Morgana/Udyr (DE/FR),Kalista (NX/SI),1,1,1
Kalista (NX/SI),Kalista (MT/SI),1,1,1
Maokai/Nautilus (BW/SI),Championless (FR/SI),1,1,1
Championless (FR/SI),Morgana/Udyr (DE/FR),1,1,1
Aatrox/Kayn (RU/RU),Darius/Gnar/LeBlanc (FR/NX),1,1,1
Sion/Thresh (NX/SI),Gnar/Swain (BC/NX),1,1,1
Morgana/Udyr (DE/FR),Riven/Yasuo (IO/NX),1,1,1
Janna/Morgana (MT/PZ),Senna/Veigar (BC/SI),1,1,1
Nasus/Thresh (SI/SH),Championpile (MT/PZ),1,1,1
Senna/Veigar (BC/SI),Gnar/Lulu (BC/IO),1,1,1
Riven/Yasuo (IO/NX),Nasus/Thresh (SI/SH),1,1,1
Braum/Udyr (FR/SH),Maokai/Nautilus (BW/SI),1,1,1
Garen/Neeko/Poppy (DE/RU),Morgana/Udyr (DE/FR),1,1,1
Akshan/Morgana (DE/SH),Riven/Viktor (NX/PZ),1,1,1
Maokai/Nautilus (BW/SI),Jayce/Senna/Veigar (PZ/SI),1,1,1
Kayle (BW/MT),Jayce/Senna/Veigar (PZ/SI),1,1,1
Championless (MT/SI),Kayle/Lillia (IO/MT),1,1,1
Akshan/Sivir (IO/SH),Senna/Veigar (BC/SI),1,1,1
Swain/Vladimir (FR/NX),Ashe/Sejuani (FR),1,1,1
Darius/Gwen (NX/SI),Gwen/Riven (NX/SI),1,1,1
Lillia/Morgana (IO/MT),Lulu/Taric (IO/MT),1,1,1
Darius/Gnar/LeBlanc (FR/NX),Nasus/Senna (SI/SH),1,1,1
Sion/Thresh (NX/SI),Jayce (IO/PZ),1,1,1
Tahm Kench/Udyr (BW/FR),Lillia/Morgana (IO/MT),1,1,1
Nidalee (BC/SH),Garen (DE),1,1,1
Leona (MT/SH),Ashe (FR/PZ),1,1,1
Leona (MT/SH),Senna (PZ/SI),1,1,1
Leona/Yasuo (IO/MT),Shyvana/Taric (DE/MT),1,1,1
Morgana/Udyr (DE/FR),Darius/LeBlanc/Riven (BW/NX),1,1,1
Nasus/Renekton/Sivir (SH),Senna/Veigar (BC/SI),1,1,1
Aatrox/Kayn (RU/RU),Gnar/LeBlanc (FR/NX),1,1,1
Braum/Garen (DE/FR),Lulu/Poppy (BC/NX),1,1,1
Akshan/Nasus/Renekton (SH),Kalista/Veigar (BC/SI),1,1,1
Morgana/Udyr (DE/FR),Ashe/Lillia (FR/IO),1,1,1
Renekton (SH),Braum/Lillia (FR/IO),1,1,1
Jax/Riven (RU/NX),Ashe (FR/PZ),1,1,1
Braum/Tahm Kench (BW/FR),Braum/Vladimir (FR/NX),1,1,1
Braum/Vladimir (FR/NX),Garen/Udyr (DE/FR),1,1,1
Maokai/Nautilus (BW/SI),Sejuani/Swain (FR/NX),1,1,1
Rumble/Sion (NX/SH),Jack/Sett (BW/IO),1,1,1
Nasus/Renekton/Sivir (SH),Maokai (BW/SI),1,1,1
Viktor (IO/PZ),Ashe/Sejuani (FR/NX),1,1,1
LeBlanc/Sivir (NX/SH),Viktor (IO/PZ),1,1,1
Senna/Veigar (BC/SI),Poppy/Shen (DE/IO),1,1,1
Championless (MT/SI),Lux/Udyr (DE/FR),1,1,1
Shen/Sivir (IO/SH),Jack/Ornn (BW/FR),1,1,1
Kalista (MT/SI),Jack/Sett (BW/IO),1,1,1
Caitlyn/Janna (BC/PZ),Jack/Sett (BW/IO),1,1,1
Jack/Sett (BW/IO),Kalista/Veigar (BC/SI),1,1,1
Janna/Sett (IO/PZ),Akshan/Sivir (IO/SH),1,1,1
Championless (FR/NX),Morgana/Udyr (DE/FR),1,1,1
Darius/Gwen (NX/SI),Gnar/Sejuani (BC/FR),1,1,1
Gnar/Sejuani (BC/FR),Garen (DE/SH),1,1,1
Senna/Veigar (PZ/SI),Garen/Jayce (DE/PZ),1,1,1
Janna/Viktor (IO/PZ),Caitlyn/Janna (BC/PZ),1,1,1
Braum/Lillia (FR/IO),Viktor (IO/PZ),1,1,1
Nidalee (BC/SH),Ornn/Vayne (DE/FR),1,1,1
Kayle (BW/MT),Championpile (FR/SH),1,1,1
Nasus/Renekton/Sivir (SH),Kayle (BW/MT),1,1,1
Udyr/Viktor (FR/PZ),Gwen/LeBlanc (NX/SI),1,1,1
LeBlanc/Udyr (FR/NX),Braum/Tahm Kench (BW/FR),1,1,1
Rumble/Sivir (NX/SH),Kayle (BW/MT),1,1,1
Janna/Sett (IO/PZ),Kai'Sa/Sivir (MT/SH),1,1,1
Championless (SI),Garen/Poppy (DE/PZ),1,1,1
Gnar/Nidalee (FR/SH),Jayce/Lux (DE/PZ),1,1,1
Darius/Gnar/LeBlanc (FR/NX),Kayle (BW/MT),1,1,1
Braum/Vladimir (FR/NX),Garen/Poppy (DE/SH),1,1,1
Ashe (FR/NX),Braum/Udyr (FR/NX),1,1,1
Poppy/Tristana (BC/DE),Gwen (NX/SI),1,1,1
Senna (PZ/SI),Poppy/Tristana (BC/DE),1,1,1
Lillia/Sett (BC/IO),LeBlanc/Udyr (FR/NX),1,1,1
Morgana/Udyr (DE/FR),Sion/Thresh (NX/SI),1,1,1
Braum/Lillia (FR/IO),Jax/Tristana (BC/RU),1,1,1
Shyvana/Taric (DE/MT),Aatrox/Varus (RU/RU),1,1,1
Gwen/Thresh (NX/SI),Kayle/Shyvana (DE/MT),1,1,1
Shyvana (DE/MT),Kayle (DE/MT),1,1,1
Braum/Vladimir (FR/NX),Akshan/Sivir (DE/SH),1,1,1
Sion/Thresh (NX/SI),Aphelios/Viktor (MT/PZ),1,1,1
Kayle (BW/MT),Renekton (SH),1,1,1
Kayle (BW/MT),Gnar/Nidalee (FR/SH),1,1,1
Gnar/Nidalee (FR/SH),Senna/Veigar (PZ/SI),1,1,1
Nasus/Thresh (SI/SH),Neeko/Sivir (RU/SH),1,1,1
Viktor (IO/PZ),Championless (BC/PZ),1,1,1
Sett (IO/PZ),Championless (FR/NX),1,1,1
Garen/Leona (DE/MT),Senna/Veigar (BC/SI),1,1,1
Galio/Poppy (DE/IO),Braum/Vladimir (FR/NX),1,1,1
Braum/Vladimir (FR/NX),LeBlanc (MT/NX),1,1,1
Ashe/LeBlanc (FR/NX),Morgana (DE/MT),1,1,1
Lee Sin/Viktor (IO/PZ),Riven/Vladimir (NX/SI),1,1,1
Gnar/Nidalee (FR/SH),Akshan/Varus (SH/RU),1,1,1
Akshan/Sivir (IO/SH),Gwen (NX/SI),1,1,1
Akshan/Sivir (IO/SH),Akshan/Morgana (MT/SH),1,1,1
Akshan/Sivir (IO/SH),Braum/Lillia (FR/IO),1,1,1
Illaoi/Swain (BW/NX),Swain (NX/PZ),1,1,1
Illaoi/Swain (BW/NX),Janna (PZ/SI),1,1,1
Gwen/Morgana (MT/SI),Illaoi/Swain (BW/NX),1,1,1
Lee Sin/Yasuo (IO/MT),Ashe/LeBlanc (FR/NX),1,1,1
Gnar/Nidalee (FR/SH),Renekton (SH),1,1,1
Gnar/Nidalee (FR/SH),Poppy/Riven/Rumble (BC/NX),1,1,1
Riven/Vladimir (NX/SI),Gnar/Nidalee (FR/SH),1,1,1
Jax/Ornn (FR/RU),Gnar/Sejuani (BC/FR),1,1,1
Jax/Taric (RU/MT),Poppy/Riven/Rumble (BC/NX),1,1,1
Ashe/LeBlanc (FR/NX),Kalista/Thresh (PZ/SI),1,1,1
Ashe (FR/PZ),Championless (IO/SI),1,1,1
Championless (IO/SI),Akshan/Kayn (RU/SH),1,1,1
Championless (IO/SI),Akshan/Morgana (MT/SH),1,1,1
Maokai/Nautilus (BW/SI),Gwen/Thresh (NX/SI),1,1,1
Championless (BC/SI),Sion/Thresh (NX/SI),1,1,1
Sion/Thresh (NX/SI),Championless (FR/NX),1,1,1
Sion/Thresh (NX/SI),Garen/Poppy (BW/DE),1,1,1
Garen/Lulu (BC/DE),LeBlanc/Sivir (NX/SH),1,1,1
Jayce/Lux (DE/PZ),Janna (PZ/SH),1,1,1
Kalista (SI),Braum/Udyr (FR/SH),1,1,1
Nasus (SI/SH),Championless (BC/BW),1,1,1
Akshan/Varus (SH/RU),Swain (FR/NX),1,1,1
Nidalee/Sivir (BC/SH),Shyvana (DE/MT),1,1,1
Rumble/Sion (BC/NX),Caitlyn/Janna (PZ/SI),1,1,1
Maokai/Nautilus (BW/SI),Janna (NX/PZ),1,1,1
Ashe/LeBlanc (FR/NX),Lux/Udyr (DE/FR),1,1,1
Championless (MT/SI),Sion/Thresh (NX/SI),1,1,1
Jax (BC/RU),Kayle (BW/MT),1,1,1
LeBlanc/Sivir (NX/SH),Taric (MT),1,1,1
Braum/Vladimir (FR/NX),Braum/Poppy (BC/FR),1,1,1
Renekton (SH),Taric (MT),1,1,1
Championless (MT/SI),Aatrox/Vayne (RU/DE),1,1,1
Kayle (BW/MT),Kai'Sa/Rumble (NX/SH),1,1,1
Gnar/Neeko (FR/RU),Viktor (IO/PZ),1,1,1
Viktor (IO/PZ),Yasuo (IO/MT),1,1,1
Jayce (PZ/SI),Shen/Sivir (IO/SH),1,1,1
Caitlyn/Janna (PZ/SI),Maokai/Nautilus (BW/SI),1,1,1
Maokai/Nautilus (BW/SI),Championless (BC/IO),1,1,1
Nidalee/Viktor (PZ/SH),Nasus/Senna (SI/SH),1,1,1
Aatrox/Kayn (RU/RU),Championless (FR/NX),1,1,1
Kai'Sa/Rumble (NX/SH),Nasus (SI/SH),1,1,1
Nasus (SI/SH),Caitlyn/Janna (PZ/SI),1,1,1
Swain/Udyr (FR/NX),Kayle (BW/MT),1,1,1
Shen/Sivir (IO/SH),Championless (BC/PZ),1,1,1
Ashe/Caitlyn (FR/PZ),Championless (MT/SI),1,1,1
Championless (MT/SI),Janna (NX/PZ),1,1,1
Championless (MT/SI),Janna (PZ/SH),1,1,1
Championless (MT/SI),Janna/Lillia (IO/PZ),1,1,1
Championless (MT/SI),Caitlyn/Janna (PZ/SI),1,1,1
Braum/Vladimir (FR/NX),Janna (PZ/SH),1,1,1
Akshan/Varus (SH/RU),Swain/Udyr (FR/NX),1,1,1
Championless (BW/FR),Kai'Sa/Rumble (NX/SH),1,1,1
Malphite/Yasuo (IO/MT),Akshan/Nidalee (FR/SH),1,1,1
Braum/Poppy (BC/FR),Ashe (FR/PZ),1,1,1
Braum/Poppy (BC/FR),Rumble/Sion (BC/NX),1,1,1
Akshan/Lee Sin (IO/SH),Braum/Poppy (BC/FR),1,1,1
Braum/Poppy (BC/FR),Championless (MT/NX),1,1,1
Gnar/Nidalee (BC/SH),Jayce/Swain (NX/PZ),1,1,1
Akshan/Varus (SH/RU),Aphelios/Morgana/Viktor (MT/PZ),1,1,1
Neeko (FR/RU),Caitlyn (FR/PZ),1,1,1
Galio/Morgana (DE/FR),Darius/Lulu/Poppy (BC/NX),1,1,1
Ashe/Lillia (FR/IO),Galio/Morgana (DE/FR),1,1,1
Galio/Morgana (DE/FR),Jack/Sett (BW/IO),1,1,1
Sejuani/Swain (FR/NX),Shen/Sivir (IO/SH),1,1,1
Swain/Udyr (FR/NX),Malphite/Yasuo (IO/MT),1,1,1
Janna (PZ/SI),Sion/Thresh (NX/SI),1,1,1
Braum/Vladimir (FR/NX),Swain/Udyr (FR/NX),1,1,1
Braum/Vladimir (FR/NX),Vayne/Vi (DE/PZ),1,1,1
Braum/Kayle (FR/MT),Braum/Garen/Udyr (DE/FR),1,1,1
Shen/Sivir (IO/SH),Braum/Garen/Udyr (DE/FR),1,1,1
Braum/Garen/Udyr (DE/FR),Akshan/Varus (SH/RU),1,1,1
Gnar/Nidalee (BC/SH),Championless (MT/SI),1,1,1
Senna (PZ/SI),Lulu/Shen (IO/NX),1,1,1
Ashe/Janna (FR/PZ),Neeko/Poppy (DE/RU),1,1,1
Nidalee/Viktor (PZ/SH),Kalista (SI),1,1,1
Jax/Tristana (BC/RU),Nasus (SI/SH),1,1,1
Ashe/Janna (FR/PZ),Janna/Ryze (PZ/RU),1,1,1
Akshan/Viktor (PZ/SH),Ashe/Janna (FR/PZ),1,1,1
Championless (SI),Ashe/Janna (FR/PZ),1,1,1
Akshan/Riven (NX/SH),Gwen/Vayne (DE/SI),1,1,1
Championless (MT/SI),Akshan/Sivir (IO/SH),1,1,1
Braum/Lillia (FR/IO),Sejuani/Swain (FR/NX),1,1,1
Kalista/Sion (NX/SI),Braum/Poppy (BC/FR),1,1,1
Akshan/Sivir (IO/SH),Akshan/Renekton (SH),1,1,1
Akshan/Sivir (IO/SH),Viktor (BC/PZ),1,1,1
Gnar/Neeko (FR/RU),Akshan/Sivir (IO/SH),1,1,1
Senna/Veigar (PZ/SI),Darius/Yasuo (IO/NX),1,1,1
Darius/LeBlanc (FR/NX),Malphite/Yasuo (IO/MT),1,1,1
Braum/Vladimir (FR/NX),Championless (BC/MT),1,1,1
Braum/Vladimir (FR/NX),Udyr (FR/NX),1,1,1
Aphelios/Riven/Taric (MT/NX),Braum/Lillia (FR/IO),1,1,1
Kalista (SI),Braum/Poppy (BC/FR),1,1,1
Shyvana/Udyr (DE/FR),Kalista (MT/SI),1,1,1
Janna (FR/PZ),Braum/Poppy (BC/FR),1,1,1
Lulu/Shen (IO/MT),LeBlanc/Sivir (NX/SH),1,1,1
Aatrox/Kayn (RU/RU),Janna/Varus (PZ/RU),1,1,1
Morgana (MT/PZ),Galio/Udyr (DE/FR),1,1,1
Aatrox/Leona (RU/MT),Gangplank (BC/BW),1,1,1
Akshan/Lee Sin (IO/SH),Janna/Viktor (PZ/SI),1,1,1
Nasus/Thresh (SI/SH),Morgana (MT/PZ),1,1,1
Galio/Garen (DE/IO),Jayce/Lux (DE/PZ),1,1,1
Akshan/Sivir (DE/SH),Ashe/LeBlanc (FR/NX),1,1,1
Ashe/Shen (FR/IO),Championless (BW/PZ),1,1,1
Sejuani/Swain (FR/NX),Galio/Garen (DE/IO),1,1,1
Galio/Garen (DE/IO),Swain/Yasuo (IO/NX),1,1,1
Morgana/Udyr (DE/FR),Braum/Garen/Udyr (DE/FR),1,1,1
Braum/Lillia (FR/IO),Swain/Udyr (FR/NX),1,1,1
Braum/Lillia (FR/IO),Kalista (MT/SI),1,1,1
Shyvana/Vayne (DE/MT),Braum/Lillia (FR/IO),1,1,1
Akshan/Sivir (DE/SH),Aatrox/Kayn (RU/RU),1,1,1
Nidalee (BC/SH),Janna/Malphite (MT/PZ),1,1,1
Shen/Sivir (IO/SH),Aphelios/Janna (MT/PZ),1,1,1
Akshan/Lillia (IO/SH),Braum/Vladimir (FR/NX),1,1,1
Galio/Poppy (DE/IO),Morgana (MT/PZ),1,1,1
Morgana/Udyr (DE/FR),Ashe/Senna (FR/SI),1,1,1
Janna/Viktor (PZ/SI),Ashe (FR/PZ),1,1,1
Janna/Viktor (PZ/SI),Nidalee (BC/SH),1,1,1
Morgana (MT/PZ),Rumble/Sion (BC/NX),1,1,1
Braum/Lillia (FR/IO),Jax/Poppy (DE/RU),1,1,1
Braum/Lillia (FR/IO),Championless (IO/PZ),1,1,1
Akshan/Nidalee (FR/SH),Gwen/Kalista (SI),1,1,1
Maokai/Nautilus (BW/SI),Jayce/Vi (PZ/SI),1,1,1
Kalista (MT/SI),Swain/Udyr (FR/NX),1,1,1
Lulu/Shen (DE/IO),Ashe/Vi (FR/PZ),1,1,1
Aatrox (RU/BW),Sejuani/Swain (FR/NX),1,1,1
Aatrox (RU/BW),Jax/Ornn (FR/RU),1,1,1
Akshan/Varus (SH/RU),Shyvana/Taric (DE/MT),1,1,1
Nasus/Thresh (SI/SH),Ryze/Viktor (PZ/RU),1,1,1
Ryze/Viktor (PZ/RU),Akshan/Lillia (IO/SH),1,1,1
Braum/Garen (DE/FR),Swain/Udyr (FR/NX),1,1,1
Akshan/Renekton (FR/SH),Gwen/LeBlanc (NX/SI),1,1,1
Gwen/LeBlanc (NX/SI),Jack/Viktor (BW/PZ),1,1,1
Akshan/Varus (SH/RU),Garen/Sivir (DE/SH),1,1,1
Nidalee (BC/SH),Shyvana/Taric (DE/MT),1,1,1
LeBlanc/Sion (NX/SI),Akshan/Braum (FR/SH),1,1,1
Janna/Sett (IO/PZ),Garen/Leona (DE/MT),1,1,1
Ashe/LeBlanc (FR/NX),Udyr/Vladimir (FR/NX),1,1,1
Ashe/Vi (FR/PZ),Ashe/LeBlanc (FR/NX),1,1,1
Janna/Sett (IO/PZ),Kalista/Sion (NX/SI),1,1,1
Riven/Vi/Viktor (NX/PZ),Kayle/Shyvana (DE/MT),1,1,1
Championless (SI),Janna/Viktor (PZ/SI),1,1,1
Lillia/Sett (BC/IO),Janna/Lillia (IO/PZ),1,1,1
Lillia/Sett (BC/IO),Swain/Udyr (FR/NX),1,1,1
Riven/Viktor (NX/PZ),Jax (BC/RU),1,1,1
Lee Sin/Viktor (IO/PZ),Janna/Viktor (IO/PZ),1,1,1
Darius/Gnar/Sejuani (FR/NX),Braum/Udyr/Vladimir (FR/NX),1,1,1
Janna/Viktor (IO/PZ),Rumble/Tristana (BC/NX),1,1,1
Poppy/Riven (BC/NX),Rumble/Tristana (BC/NX),1,1,1
Gwen/Riven (NX/SI),Jack (BW/SI),1,1,1
Rumble/Sion (BC/NX),Aatrox/Varus (RU/RU),1,1,1
Ryze/Viktor (PZ/RU),Senna/Veigar (BC/SI),1,1,1
Championless (SI),Ryze/Viktor (PZ/RU),1,1,1
Gwen/LeBlanc (NX/SI),Ryze/Viktor (PZ/RU),1,1,1
Gangplank/Sejuani (BW/FR),Riven/Vayne (DE/NX),1,1,1
Jax (BC/RU),Jack (BW/SI),1,1,1
Ashe/LeBlanc (FR/NX),Jax (BC/RU),1,1,1
Akshan/Braum (FR/SH),Ashe (FR/PZ),1,1,1
Janna/Viktor (IO/PZ),Nasus/Senna (SI/SH),1,1,1
Nasus/Renekton (SH),Renekton (SH),1,1,1
Gwen/Sion (NX/SI),Morgana/Udyr (DE/FR),1,1,1
Braum/Vladimir (FR/NX),Neeko/Nidalee (RU/SH),1,1,1
Maokai/Nautilus (BW/SI),Garen/Poppy (BC/DE),1,1,1
Darius/Gnar/Sejuani (FR/NX),Poppy/Riven (BC/NX),1,1,1
Gnar/Nidalee (BC/SH),Aatrox/Morgana (RU/DE),0,1,0
Aatrox/Morgana (RU/DE),Poppy/Riven (BC/NX),0,1,0
Darius/Gangplank (BW/NX),Aatrox/Kayn (RU/RU),0,1,0
Renekton/Riven (NX/SH),Gnar/Neeko (FR/RU),0,1,0
Caitlyn/Swain (NX/PZ),Gnar/Neeko (FR/RU),0,1,0
Lillia/Senna/Veigar (IO/SI),Sett (IO/PZ),0,1,0
Nasus/Senna (SI/SH),Gnar/Neeko (FR/RU),0,1,0
Gnar/Neeko (FR/RU),Championless (SI/SH),0,1,0
Darius/Gangplank (BW/NX),Ashe/LeBlanc (FR/NX),0,1,0
Darius/Gangplank (BW/NX),Morgana/Udyr (DE/FR),0,1,0
Ashe/Sejuani (FR/SI),Gnar/Nidalee (BC/SH),0,1,0
Ashe/Tahm Kench (BW/FR),Galio/Udyr (DE/FR),0,1,0
Kayle (BW/MT),Garen (DE),0,1,0
Gnar/Nidalee (BC/SH),Ashe/Janna (FR/PZ),0,1,0
Galio/Taric (DE/MT),Ashe/LeBlanc (FR/NX),0,1,0
Aatrox/Morgana (RU/DE),Darius (FR/NX),0,1,0
Morgana/Udyr (FR/MT),Sett (IO/PZ),0,1,0
Illaoi/Vayne (BW/DE),Lillia/Sett (IO/MT),0,1,0
Darius/Gnar (FR/NX),Ashe/Lulu (FR/IO),0,1,0
Poppy/Taric (DE/MT),Morgana/Udyr (FR/MT),0,1,0
Jayce/Lux (DE/PZ),Lillia/Sett (IO/MT),0,1,0
Gwen (NX/SI),Aatrox/Morgana (RU/DE),0,1,0
Championless (PZ/SI),Darius/Gangplank (BW/NX),0,1,0
Kai'Sa/Morgana (DE/SH),Kalista (SI),0,1,0
Aphelios/Kayle (BW/MT),Aatrox/Morgana (RU/DE),0,1,0
Braum/Udyr (FR/IO),Sett (IO/PZ),0,1,0
Akshan/Lillia (IO/SH),Ashe/LeBlanc (FR/NX),0,1,0
Caitlyn/Janna (IO/PZ),Ashe/LeBlanc (FR/NX),0,1,0
Gangplank (BW/NX),Aphelios/Poppy (BC/MT),0,1,0
Malphite/Yasuo (IO/MT),Lillia/Sett (BC/IO),0,1,0
Gnar/Nidalee (BC/SH),Neeko/Poppy (DE/RU),0,1,0
Jayce/Morgana (MT/PZ),Gnar/Nidalee (BC/SH),0,1,0
Ashe/Senna (FR/SI),Jayce/Morgana (MT/PZ),0,1,0
Akshan/Lee Sin (IO/SH),Ashe/Senna (FR/SI),0,1,0
Darius/Gnar (FR/NX),Garen/Taric (DE/MT),0,1,0
Lee Sin/Viktor (IO/PZ),Lillia/Lulu (FR/IO),0,1,0
Galio/Morgana (DE/FR),Akshan/Sivir (DE/SH),0,1,0
Aphelios/Poppy (BC/MT),Gnar/Neeko (FR/RU),0,1,0
Braum/Garen/Udyr (DE/FR),Nasus/Renekton (SH),0,1,0
Akshan/Lee Sin (IO/SH),Lillia/Lulu (FR/IO),0,1,0
Braum/Udyr (FR/IO),Jack/Sett (BW/IO),0,1,0
Morgana/Taric (MT/PZ),Sejuani (FR/PZ),0,1,0
Caitlyn (BC/PZ),Akshan/Jax (RU/SH),0,1,0
Sejuani (FR/PZ),Poppy/Taric (DE/MT),0,1,0
Leona/Yasuo (IO/MT),LeBlanc/Sivir (NX/SH),0,1,0
Lillia/Sett (BC/IO),Swain/Yasuo (IO/NX),0,1,0
Jack/Sett (BW/IO),Lillia/Lulu (FR/IO),0,1,0
Jack/Sett (BW/IO),Sejuani (FR/PZ),0,1,0
Braum/Udyr (FR/MT),Kai'Sa/Sivir (DE/SH),0,1,0
Kai'Sa/Sivir (DE/SH),Braum/Vladimir (FR/NX),0,1,0
Nasus/Senna (SI/SH),Kai'Sa/Sivir (DE/SH),0,1,0
Kai'Sa/Sivir (DE/SH),Janna (PZ/SI),0,1,0
Galio/Taric (DE/MT),Morgana/Udyr (DE/FR),0,1,0
Akshan/Lee Sin (IO/SH),Leona/Yasuo (IO/MT),0,1,0
Poppy/Tristana (BC/DE),Ashe (FR/PZ),0,1,0
Braum/Vladimir (FR/NX),Galio/Taric (DE/MT),0,1,0
Darius/Gnar (FR/NX),Morgana/Udyr (FR/MT),0,1,0
Galio/Tahm Kench (BW/DE),Morgana/Udyr (DE/FR),0,1,0
Morgana/Tahm Kench (BW/MT),Ashe (FR/PZ),0,1,0
Gangplank/Sejuani (BW/FR),Morgana/Tahm Kench (BW/MT),0,1,0
Illaoi (BW/SI),Riven/Viktor (NX/PZ),0,1,0
Lulu/Taric (IO/MT),Championless (BC/IO),0,1,0
Akshan/Renekton (SH),Lulu/Taric (IO/MT),0,1,0
Garen/Morgana (DE/SI),Riven/Viktor (NX/PZ),0,1,0
Illaoi (BW/NX),Maokai/Nautilus (BW/SI),0,1,0
Morgana/Udyr (FR/MT),Maokai/Nautilus (BW/SI),0,1,0
Garen/Morgana (DE/SI),Championless (SI),0,1,0
Garen/Shyvana (DE/MT),Sett (IO/PZ),0,1,0
Morgana/Udyr (FR/MT),Ashe/LeBlanc (FR/NX),0,1,0
Leona/Yasuo (IO/MT),Championless (MT/SI),0,1,0
Braum/Tahm Kench (BW/FR),Leona/Yasuo (IO/MT),0,1,0
Garen/Gnar/Shyvana (DE/FR),Ashe/LeBlanc (FR/NX),0,1,0
Akshan/Lee Sin (IO/SH),Galio (DE/MT),0,1,0
Braum/Jayce (FR/PZ),Ashe/LeBlanc (FR/NX),0,1,0
Akshan/Varus (SH/RU),Gnar/Lulu (BC/MT),0,1,0
Lillia (IO/SI),Riven/Viktor (NX/PZ),0,1,0
Swain/Yasuo (IO/NX),Championless (FR/PZ),0,1,0
Vayne/Yasuo (DE/IO),Championless (SI),0,1,0
Malphite/Yasuo (IO/MT),Vayne/Yasuo (DE/IO),0,1,0
Vayne/Yasuo (DE/IO),Akshan/Morgana (DE/SH),0,1,0
Vayne/Yasuo (DE/IO),Jayce/Lux (DE/PZ),0,1,0
Leona/Yasuo (IO/MT),Championless (SI/SH),0,1,0
Maokai/Nautilus (BW/SI),Championless (FR/IO),0,1,0
Nasus/Renekton (SH),Ashe/Senna (FR/SI),0,1,0
Galio/Poppy (DE/SH),Championless (SI),0,1,0
Sett (IO/PZ),Gnar/Lulu (BC/NX),0,1,0
Braum/Udyr (FR/IO),Riven/Viktor (NX/PZ),0,1,0
Lillia/Lulu (FR/IO),Riven/Viktor (NX/PZ),0,1,0
Galio/Poppy/Udyr (DE/FR),Darius/Gnar (FR/NX),0,1,0
Akshan/Jax (RU/SH),Lee Sin/Viktor (IO/PZ),0,1,0
Sejuani (FR/PZ),Senna/Veigar (BC/SI),0,1,0
Kai'Sa/Renekton (FR/SH),Championless (SI),0,1,0
Galio/Poppy (DE/SH),Darius/Gnar (FR/NX),0,1,0
Aatrox/Akshan (RU/SH),Maokai (BW/SI),0,1,0
Jayce/Swain (NX/PZ),Maokai (BW/SI),0,1,0
Jayce/Swain (NX/PZ),Riven/Viktor (NX/PZ),0,1,0
Poppy/Tristana (BC/DE),Aatrox/Morgana (RU/DE),0,1,0
Garen/Morgana (DE/SI),Aatrox/Morgana (RU/DE),0,1,0
Garen/Gnar (DE/FR),Aatrox/Kayn (RU/RU),0,1,0
Tristana/Veigar (BC/SI),Illaoi/Swain (BW/NX),0,1,0
Ashe/Tahm Kench (BW/FR),Illaoi/Swain (BW/NX),0,1,0
Ornn (DE/FR),Lee Sin/Viktor (IO/PZ),0,1,0
Nasus/Renekton (SH),Ornn (DE/FR),0,1,0
Ornn (DE/FR),Akshan/Varus (SH/RU),0,1,0
Ornn (DE/FR),Senna/Veigar (BC/SI),0,1,0
Garen/Gnar (DE/FR),Galio/Udyr (DE/FR),0,1,0
Poppy/Tristana (BC/DE),Ashe/LeBlanc (FR/NX),0,1,0
Braum/Gnar (FR/IO),Ashe (FR/PZ),0,1,0
Lee Sin/Viktor (IO/PZ),Braum/Gnar (FR/IO),0,1,0
Ashe/Senna (FR/SI),Kalista/LeBlanc (NX/SI),0,1,0
Kai'Sa/Renekton (NX/SH),Ashe/LeBlanc (FR/NX),0,1,0
Sion/Vladimir (FR/NX),Garen/Morgana (DE/SI),0,1,0
Lulu/Poppy (BC/BW),Ashe (FR/PZ),0,1,0
Sett (IO/PZ),Garen/Morgana (DE/SI),0,1,0
Lillia/Lulu (FR/IO),Senna/Veigar (BC/SI),0,1,0
Lillia/Lulu (FR/IO),Sett (IO/PZ),0,1,0
Kai'Sa/Renekton (FR/SH),Braum/Vladimir (FR/NX),0,1,0
Lillia/Lulu (FR/IO),Maokai/Nautilus (BW/SI),0,1,0
Garen/Udyr (DE/FR),Garen/Morgana (DE/SI),0,1,0
Rumble/Vayne (DE/NX),Aatrox/Kayn (RU/RU),0,1,0
Poppy/Riven (BC/NX),Udyr/Vayne (DE/FR),0,1,0
Poppy/Riven (BC/NX),Darius/Gnar (FR/NX),0,1,0
Swain/Yasuo (IO/NX),Poppy/Riven (BC/NX),0,1,0
Kalista (SI),Morgana/Udyr (FR/MT),0,1,0
Braum/Udyr (FR/IO),Rumble/Vayne (DE/NX),0,1,0
Braum/Tahm Kench (BW/FR),Ashe (FR/PZ),0,1,0
Janna/Lee Sin/Viktor (IO/PZ),Maokai/Nautilus (BW/SI),0,1,0
Morgana/Udyr (FR/MT),Swain/Yasuo (IO/NX),0,1,0
Garen/Taric (DE/MT),Malphite/Yasuo (IO/MT),0,1,0
Poppy/Riven (BC/NX),Poppy/Taric (DE/MT),0,1,0
Nasus/Renekton (SH),Taric/Varus (MT/RU),0,1,0
Jayce (PZ/SI),Braum/Gwen (FR/SI),0,1,0
Kayle (BW/MT),Braum/Gwen (FR/SI),0,1,0
Braum/Jayce (FR/PZ),Morgana/Udyr (DE/FR),0,1,0
Neeko (FR/RU),Morgana/Udyr (DE/FR),0,1,0
Braum/Jayce (FR/PZ),Kayle (BW/MT),0,1,0
Garen (DE/NX),Akshan/Lee Sin (IO/SH),0,1,0
Morgana/Udyr (DE/FR),Rumble (NX/SH),0,1,0
Jack/Sett (BW/IO),Garen/Neeko (DE/RU),0,1,0
Championless (IO/PZ),Akshan/Varus (SH/RU),0,1,0
Janna (BC/PZ),Darius/Gnar (FR/NX),0,1,0
Senna/Veigar (BC/SI),Aatrox/Morgana/Vayne (RU/DE),0,1,0
Sett/Yasuo (IO/MT),Maokai/Nautilus (BW/SI),0,1,0
Championless (SI/SH),Akshan/Varus (SH/RU),0,1,0
Sett/Yasuo (IO/NX),Lillia/Sett (BC/IO),0,1,0
Lillia/Sett (BC/IO),Jack/Sett (BW/IO),0,1,0
Ashe/Senna (FR/SI),Garen/Sivir (DE/SH),0,1,0
Gangplank/Sejuani (BW/FR),Sett/Yasuo (IO/MT),0,1,0
Akshan/Lee Sin (IO/SH),Sett/Yasuo (IO/MT),0,1,0
Morgana/Udyr (DE/FR),Aphelios/Morgana/Viktor (MT/PZ),0,1,0
Caitlyn/Janna (BC/PZ),Garen/Neeko (DE/RU),0,1,0
Gangplank/Gnar (BC/BW),Aatrox/Kayn (RU/RU),0,1,0
Braum/Jayce (FR/PZ),Gwen/Kalista (NX/SI),0,1,0
Tristana (BC/FR),Gangplank/Sejuani (BW/FR),0,1,0
Gangplank/Sejuani (BW/FR),Poppy/Riven (BC/NX),0,1,0
Poppy/Riven (BC/NX),Aphelios/Viktor (MT/PZ),0,1,0
Leona/Morgana (DE/MT),Gangplank/Sejuani (BW/FR),0,1,0
Sett/Yasuo (IO/MT),Akshan/Varus (SH/RU),0,1,0
Veigar (BC/SI),Janna/Lee Sin/Viktor (IO/PZ),0,1,0
Braum/Vladimir (FR/NX),Leona/Morgana (DE/MT),0,1,0
Sett/Yasuo (IO/MT),Championless (SI),0,1,0
Championless (SI/SH),Sett/Yasuo (IO/MT),0,1,0
Nidalee (BC/SH),Garen/Morgana (DE/SI),0,1,0
Poppy/Tristana (BC/SI),Aatrox/Kayn (RU/RU),0,1,0
Ashe/Senna (FR/SI),Maokai/Nautilus (BW/SI),0,1,0
Garen/Morgana (DE/SI),Ashe/Tahm Kench (BW/FR),0,1,0
Gnar/Nidalee (BC/SH),Illaoi/Udyr (BW/FR),0,1,0
Garen/Morgana (DE/SI),Braum/Vladimir (FR/NX),0,1,0
Tristana/Veigar (BC/SI),Ashe/LeBlanc (FR/NX),0,1,0
Taric/Varus (MT/RU),Malphite/Yasuo (IO/MT),0,1,0
Garen/Morgana (DE/SI),Championless (SI/SH),0,1,0
Garen/Morgana (DE/SI),Maokai/Nautilus (BW/SI),0,1,0
Senna/Veigar (BC/SI),Garen/Morgana (DE/SI),0,1,0
Garen/Poppy (DE/SH),Garen/Morgana (DE/SI),0,1,0
Nasus/Renekton (SH),Malphite/Yasuo (IO/MT),0,1,0
Kai'Sa/Renekton (NX/SH),Senna/Veigar (BC/SI),0,1,0
Darius/Gangplank (BW/NX),Kai'Sa/Renekton (NX/SH),0,1,0
LeBlanc/Sivir (NX/SH),LeBlanc/Rumble/Sion (IO/NX),0,1,0
Championless (SI),Kai'Sa/Renekton (NX/SH),0,1,0
Ashe (FR/PZ),Sion/Vladimir (FR/NX),0,1,0
Garen/Morgana (DE/SI),Leona/Malphite (IO/MT),0,1,0
Aatrox/Varus (RU/RU),Jayce/Lux (DE/PZ),0,1,0
Akshan/Lee Sin (IO/SH),Aatrox/Morgana (RU/DE),0,1,0
Poppy/Riven (BC/NX),LeBlanc/Rumble/Sion (IO/NX),0,1,0
Jax/Kayn (RU/RU),Ashe/LeBlanc (FR/NX),0,1,0
Veigar (BC/SI),Riven/Viktor (NX/PZ),0,1,0
Riven/Viktor (NX/PZ),Ashe/Thresh (FR/SI),0,1,0
Braum/Swain/Vladimir (FR/NX),Janna (PZ/SI),0,1,0
Jayce/Lux (DE/PZ),Braum/Swain/Vladimir (FR/NX),0,1,0
Braum/Jayce (FR/PZ),Nasus/Renekton (SH),0,1,0
Gangplank/Gnar (BW/FR),Akshan/Varus (SH/RU),0,1,0
Braum/Udyr (FR/IO),Poppy/Tristana (BC/SI),0,1,0
Ashe (FR/PZ),Gangplank (BW/FR),0,1,0
Senna (PZ/SI),Illaoi/Udyr (BW/FR),0,1,0
Poppy/Riven (BC/NX),Gwen/LeBlanc (NX/SI),0,1,0
Darius/Illaoi (BW/NX),Poppy/Riven (BC/NX),0,1,0
Lillia/Lulu (BC/IO),Poppy/Riven (BC/NX),0,1,0
Jayce/Swain (NX/PZ),Poppy/Riven (BC/NX),0,1,0
Aphelios/Leona (FR/MT),Maokai/Nautilus (BW/SI),0,1,0
Nidalee (BC/SH),Nasus/Renekton (SH),0,1,0
Tristana/Veigar (BC/SI),Championless (PZ/SI),0,1,0
Gangplank/Gnar (BW/FR),Nidalee (BC/SH),0,1,0
Veigar (BC/SI),Kalista (SI),0,1,0
Kalista (SI),Galio/Garen (DE),0,1,0
Kalista (SI),Janna/Lee Sin/Viktor (IO/PZ),0,1,0
Sett (IO/PZ),Tristana/Veigar (BC/SI),0,1,0
Braum/Lillia (FR/IO),Lillia/Sion (IO/NX),0,1,0
Janna/Lee Sin/Viktor (IO/PZ),Galio/Poppy (DE/FR),0,1,0
Akshan/Lee Sin (IO/SH),Gangplank (BW/FR),0,1,0
Ashe/Janna (FR/PZ),Tristana/Veigar (BC/SI),0,1,0
Udyr (DE/FR),Sion/Vladimir (FR/NX),0,1,0
Maokai/Nautilus (BW/SI),Sion/Vladimir (FR/NX),0,1,0
Malphite/Yasuo (IO/MT),Sion/Vladimir (FR/NX),0,1,0
Braum/Janna (FR/PZ),Leona/Malphite (IO/MT),0,1,0
Nasus/Senna (SI/SH),Leona/Malphite (IO/MT),0,1,0
Lulu/Shen (IO/MT),Malphite/Yasuo (IO/MT),0,1,0
Janna/Lee Sin/Viktor (IO/PZ),Senna/Veigar (BC/SI),0,1,0
Morgana/Taric (DE/MT),Championless (PZ/SI),0,1,0
Caitlyn/Jack (BW/PZ),Akshan/Lee Sin (IO/SH),0,1,0
Morgana/Taric (DE/MT),Gwen/Kalista (NX/SI),0,1,0
Darius (FR/NX),Poppy/Riven (BC/NX),0,1,0
Poppy/Tristana (BC/DE),Akshan/Varus (SH/RU),0,1,0
Gangplank (BW/FR),Akshan/Varus (SH/RU),0,1,0
Darius/Sejuani (FR/NX),Akshan/Lee Sin (IO/SH),0,1,0
Senna/Veigar (BC/SI),Lillia/Sion (IO/NX),0,1,0
Galio/Poppy (DE/FR),Ashe/LeBlanc (FR/NX),0,1,0
Tristana (BC/FR),Morgana/Udyr (DE/FR),0,1,0
Senna (BW/SI),Akshan/Lee Sin (IO/SH),0,1,0
Gwen (SI),Jayce/Lux (DE/PZ),0,1,0
Championless (BW/MT),Akshan/Lee Sin (IO/SH),0,1,0
Lillia/Sion (IO/NX),Morgana/Udyr (DE/FR),0,1,0
Lillia/Sion (IO/NX),Aatrox/Kayn (RU/RU),0,1,0
Gnar/Jack (BC/BW),Sett (IO/PZ),0,1,0
Janna/Lee Sin/Viktor (IO/PZ),Kalista/Sion (NX/SI),0,1,0
Garen/Shyvana (DE/MT),Akshan/Lee Sin (IO/SH),0,1,0
Lee Sin/Viktor (IO/PZ),Leona/Morgana (DE/MT),0,1,0
Braum/Lillia (FR/IO),Braum/Galio (DE/FR),0,1,0
Aatrox/Kayn (RU/RU),Janna/Lillia (IO/PZ),0,1,0
Senna (BW/SI),Braum/Vladimir (FR/NX),0,1,0
Kayle/Morgana (DE/MT),Nidalee (BC/SH),0,1,0
Sion/Vladimir (FR/NX),Braum/Vladimir (FR/NX),0,1,0
Jax/Kayn (RU/RU),Senna/Veigar (BC/SI),0,1,0
Rumble/Vayne (DE/NX),Poppy/Riven (BC/NX),0,1,0
Senna (PZ/SI),Rumble/Vayne (DE/NX),0,1,0
Kayle/Morgana (DE/MT),Lee Sin/Viktor (IO/PZ),0,1,0
Gwen/Udyr (FR/SI),Championless (SI),0,1,0
Janna/Lee Sin/Viktor (IO/PZ),Lulu/Neeko (BC/RU),0,1,0
Janna/Senna (PZ/SI),Morgana/Udyr (DE/FR),0,1,0
Neeko/Nidalee (RU/SH),Kalista (SI),0,1,0
Lee Sin (IO/PZ),Championless (MT/SI),0,1,0
Rumble/Vayne (DE/NX),Poppy/Tristana (BC/MT),0,1,0
Gnar/Nidalee (BC/SH),Tristana (BC/FR),0,1,0
Ashe/LeBlanc (FR/NX),Gwen/Kalista (FR/SI),0,1,0
Kayle/Viktor (MT/PZ),Kalista (SI),0,1,0
Aatrox/Akshan (RU/SH),Ashe (FR/PZ),0,1,0
Gwen/Kalista (FR/SI),LeBlanc/Sivir (NX/SH),0,1,0
Gwen/Kalista (FR/SI),Jax/Ornn (FR/RU),0,1,0
Lillia/Poppy (BC/IO),Akshan/Varus (SH/RU),0,1,0
Braum/Swain/Vladimir (FR/NX),Lee Sin/Viktor (IO/PZ),0,1,0
Senna/Veigar (BC/SI),Poppy/Tristana (BC/MT),0,1,0
Senna/Veigar (BC/SI),Shyvana/Taric (DE/MT),0,1,0
Poppy/Riven (BC/NX),Gangplank/Gnar (BC/BW),0,1,0
Ashe/LeBlanc (FR/NX),Poppy/Tristana (BC/SI),0,1,0
Jayce/Lux (DE/PZ),LeBlanc/Rumble (BC/NX),0,1,0
Malphite/Yasuo (IO/MT),Poppy/Tristana (BC/MT),0,1,0
Jack/Sett (BW/IO),Poppy/Tristana (BC/MT),0,1,0
Gwen/Kalista (SI/SH),Championless (PZ/SI),0,1,0
Gwen/Yasuo (IO/SI),Maokai/Nautilus (BW/SI),0,1,0
Nidalee/Rumble (BC/SH),Morgana/Udyr (DE/FR),0,1,0
Taric/Vayne (DE/MT),Aatrox/Kayn (RU/RU),0,1,0
Senna/Veigar (BC/SI),Taric/Vayne (DE/MT),0,1,0
Darius/Sejuani (FR/NX),Morgana/Udyr (DE/FR),0,1,0
Jax/Kayn (RU/RU),Morgana/Udyr (DE/FR),0,1,0
Tristana (BC/FR),Morgana/Taric (DE/MT),0,1,0
Poppy/Tristana (BC/MT),Morgana/Taric (DE/MT),0,1,0
Poppy/Tristana (BC/SI),Janna/Lillia (IO/PZ),0,1,0
Sett (IO/PZ),Gnar (BC/FR),0,1,0
Riven/Viktor (NX/PZ),Gwen/Kalista (NX/SI),0,1,0
Malphite/Yasuo (IO/MT),Poppy/Riven (BC/NX),0,1,0
Championless (PZ/SI),Gnar (BC/FR),0,1,0
Poppy/Tristana (BC/MT),Ashe/Tahm Kench (BW/FR),0,1,0
Senna (BW/SI),Senna/Veigar (BC/SI),0,1,0
Poppy/Tristana (BC/MT),Ashe/LeBlanc (FR/NX),0,1,0
Gangplank (BW/FR),Poppy/Tristana (BC/MT),0,1,0
Poppy/Tristana (BC/MT),Veigar (BC/SI),0,1,0
Janna/Lillia (IO/PZ),Championless (PZ/SI),0,1,0
Akshan/Rumble (BC/SH),Jayce/Lux (DE/PZ),0,1,0
Poppy/Tristana (BC/MT),Sett (IO/PZ),0,1,0
Gwen/Jayce (PZ/SI),Aatrox/Kayn (RU/RU),0,1,0
Poppy (BC/DE),Senna/Veigar (BC/SI),0,1,0
Galio/Morgana (DE/MT),Poppy/Tristana (BC/SI),0,1,0
Gwen/Kalista (NX/SI),Kalista (SI),0,1,0
Kalista (SI),Kayn/Vayne (DE/RU),0,1,0
Championless (SI/SH),Gwen/Vayne (DE/SI),0,1,0
Jayce/Lux (DE/PZ),Gwen/Jayce (PZ/SI),0,1,0
Jayce/Lux (DE/PZ),Poppy (BC/DE),0,1,0
LeBlanc/Sivir (NX/SH),Garen (DE),0,1,0
Kai'Sa/Viktor (PZ/SH),Darius/Gnar/LeBlanc (FR/NX),0,1,0
Gangplank (BW/FR),Championless (SI),0,1,0
Sejuani (BC/FR),Championless (MT/SI),0,1,0
Darius/LeBlanc (FR/NX),Championless (MT/SI),0,1,0
Darius/Gnar/LeBlanc (FR/NX),Poppy/Tristana (BC/NX),0,1,0
Darius/Gnar (FR/NX),Darius/Gnar/LeBlanc (FR/NX),0,1,0
Illaoi/Udyr (BW/FR),Darius/Gnar/LeBlanc (FR/NX),0,1,0
Poppy/Tristana (BC/NX),Illaoi/Udyr (BW/FR),0,1,0
Sion/Vladimir (FR/NX),Poppy/Tristana (BC/NX),0,1,0
Leona/Malphite (IO/MT),Poppy/Tristana (BC/NX),0,1,0
Kalista/Sion (NX/SI),Illaoi/Udyr (BW/FR),0,1,0
Sion/Vladimir (FR/NX),Ashe/Tahm Kench (BW/FR),0,1,0
Ashe/LeBlanc (FR/NX),Sion/Vladimir (FR/NX),0,1,0
Rumble/Sion (BC/NX),Lulu/Shen (IO/MT),0,1,0
Kayle (FR/MT),Gnar/Tristana (BC/BW),0,1,0
Ashe (FR/PZ),Gnar/Tristana (BC/BW),0,1,0
Garen/Taric (DE/MT),Ashe (FR/PZ),0,1,0
Sett (IO/PZ),Braum/Janna (FR/PZ),0,1,0
Gwen/Kalista (NX/SI),Poppy/Tristana (BC/NX),0,1,0
Malphite/Yasuo (IO/MT),Gwen/Vayne (DE/SI),0,1,0
Ashe/Tahm Kench (BW/FR),Gwen/Vayne (DE/SI),0,1,0
Kai'Sa/Sivir/Viktor (PZ/SH),Braum/Vladimir (FR/NX),0,1,0
Kai'Sa/Sivir/Viktor (PZ/SH),Kayle (BW/MT),0,1,0
Nasus/Senna (SI/SH),Sett (IO/PZ),0,1,0
Illaoi/Udyr (BW/FR),Aatrox/Kayn (RU/RU),0,1,0
Lillia/Ryze (IO/RU),Gnar/Swain (BC/NX),0,1,0
Kai'Sa/Sivir/Viktor (PZ/SH),Morgana/Taric (DE/MT),0,1,0
Akshan/Lee Sin (IO/SH),Garen/Kayle (DE/MT),0,1,0
Garen/Kayle (DE/MT),Gnar/Tristana (BC/BW),0,1,0
Kalista/Sion (NX/SI),Darius (FR/NX),0,1,0
Darius (FR/NX),Kalista (SI),0,1,0
Kai'Sa/Sivir/Viktor (PZ/SH),Championless (SI),0,1,0
Lulu (BC/PZ),Jayce/Lux (DE/PZ),0,1,0
Illaoi/Udyr (BW/FR),Tahm Kench/Udyr (BW/FR),0,1,0
Darius (FR/NX),Illaoi/Udyr (BW/FR),0,1,0
Aphelios/Viktor (MT/PZ),Illaoi/Udyr (BW/FR),0,1,0
Kai'Sa/Sivir/Vi (PZ/SH),Sion/Vladimir (FR/NX),0,1,0
Gangplank (BW/SI),Lillia/Sett (IO/MT),0,1,0
Akshan/Lee Sin (IO/SH),Kai'Sa/Sivir/Vi (PZ/SH),0,1,0
Darius/Gnar/LeBlanc (FR/NX),Darius (FR/NX),0,1,0
Kai'Sa/Sivir/Vi (PZ/SH),Darius (FR/NX),0,1,0
Kai'Sa/Sivir/Vi (PZ/SH),Championless (SI),0,1,0
Kalista/LeBlanc (NX/SI),Championless (MT/SI),0,1,0
Kalista/LeBlanc (NX/SI),Gnar/Tristana (BC/BW),0,1,0
Garen/Poppy (DE/MT),Championless (MT/SI),0,1,0
Kai'Sa/Sivir/Vi (PZ/SH),Yasuo (DE/IO),0,1,0
Kai'Sa/Sivir/Vi (PZ/SH),Garen/Poppy (DE/MT),0,1,0
Jack/Sett (BW/IO),Kai'Sa/Sivir/Vi (PZ/SH),0,1,0
Lulu/Shen (DE/IO),Kai'Sa/Sivir/Vi (PZ/SH),0,1,0
Kai'Sa/Sivir/Vi (PZ/SH),Garen/Udyr (DE/FR),0,1,0
Gnar/Tristana (BC/BW),Gwen/Kalista (NX/SI),0,1,0
Darius (FR/NX),Leona/Malphite (IO/MT),0,1,0
Lillia/Ryze (IO/RU),Darius (FR/NX),0,1,0
Morgana/Udyr (DE/FR),Garen/Morgana (DE/MT),0,1,0
Leona/Malphite (IO/MT),Morgana/Taric (DE/MT),0,1,0
Galio/Shyvana (DE/MT),Gnar/Neeko (FR/RU),0,1,0
Kai'Sa/Sivir/Vi (PZ/SH),Rumble/Sion (BC/NX),0,1,0
Poppy/Tristana (BC/MT),Braum/Kayle (FR/MT),0,1,0
Poppy/Tristana (BC/MT),Jax/Ornn (FR/RU),0,1,0
Kayle/Lulu (IO/MT),Poppy/Tristana (BC/MT),0,1,0
Poppy/Tristana (BC/MT),LeBlanc (FR/NX),0,1,0
Kayle (BW/MT),Neeko/Nidalee (RU/SH),0,1,0
Kayle (BW/MT),Lee Sin (IO/PZ),0,1,0
Veigar (BC/SI),Championless (SI),0,1,0
Lillia/Sett (IO/SH),Lee Sin/Viktor (IO/PZ),0,1,0
Gnar (BC/FR),Ashe/LeBlanc (FR/NX),0,1,0
Riven/Viktor (NX/PZ),Gnar (BC/FR),0,1,0
Malphite (BW/MT),Morgana/Udyr (DE/FR),0,1,0
Lillia/Ryze (IO/RU),Kalista (SI),0,1,0
Janna/Malphite (MT/PZ),Lillia/Ryze (IO/RU),0,1,0
Akshan/Garen (DE/SH),Nidalee (BC/SH),0,1,0
Braum/Galio (DE/FR),Nasus/Renekton (SH),0,1,0
Jayce/Lux (DE/PZ),Jax/Kayn (RU/RU),0,1,0
Caitlyn/Vi (BW/PZ),Jayce/Lux (DE/PZ),0,1,0
Lulu/Neeko (BC/RU),Kalista (SI),0,1,0
Lee Sin/Viktor (IO/PZ),Poppy/Tristana (BC/MT),0,1,0
Garen (DE/IO),Kalista/LeBlanc (NX/SI),0,1,0
Kalista/Morgana (DE/SI),Kalista (SI),0,1,0
Neeko/Poppy (DE/RU),Lillia (FR/IO),0,1,0
Kalista (SI),Garen (DE/SH),0,1,0
Lulu/Shen (DE/IO),Morgana/Udyr (DE/FR),0,1,0
Lee Sin/Viktor (IO/PZ),Lulu/Shen (DE/IO),0,1,0
Janna/Sett (IO/PZ),Kalista/LeBlanc (NX/SI),0,1,0
Kalista (SI),Kalista/Nasus/Thresh (SI/SH),0,1,0
Gnar/Sejuani (BC/FR),Morgana/Taric (DE/MT),0,1,0
Kalista/Nasus/Thresh (SI/SH),Maokai (BW/SI),0,1,0
Janna (IO/PZ),Kalista/Nasus/Thresh (SI/SH),0,1,0
Aatrox/Akshan (RU/SH),Lee Sin/Viktor (IO/PZ),0,1,0
Tahm Kench/Udyr (BW/FR),Kalista/LeBlanc (NX/SI),0,1,0
Akshan/Varus (SH/RU),Poppy/Tristana (BC/SI),0,1,0
Rumble/Vayne (DE/NX),Ashe/Senna (FR/SI),0,1,0
Poppy/Tristana (BC/SI),Ashe/Senna (FR/SI),0,1,0
Jayce/Lux (DE/PZ),Rumble/Vayne (DE/NX),0,1,0
Malphite/Yasuo (IO/MT),Rumble/Vayne (DE/NX),0,1,0
Garen/Taric (DE/MT),Championless (PZ/SI),0,1,0
Championless (PZ/SI),Gnar/Neeko (FR/RU),0,1,0
Rumble/Vayne (DE/NX),Morgana/Taric (DE/MT),0,1,0
Gnar/Tristana (BC/BW),Darius/Gnar (FR/NX),0,1,0
Darius/Gangplank (BW/NX),Poppy/Riven (BC/NX),0,1,0
Ashe (FR/PZ),Championless (BC/SI),0,1,0
Rumble/Sivir (NX/SH),Gnar/Neeko (FR/RU),0,1,0
Janna/Viktor (IO/PZ),Gnar/Neeko (FR/RU),0,1,0
Swain (FR/NX),Malphite/Yasuo (IO/MT),0,1,0
Taric/Vayne (DE/MT),Jayce/Lux (DE/PZ),0,1,0
Swain/Vladimir (FR/NX),Jayce/Lux (DE/PZ),0,1,0
Gangplank (BW/SI),Garen/Taric (DE/MT),0,1,0
Lee Sin/Viktor (IO/PZ),Gangplank (BW/SI),0,1,0
Darius/Gangplank (BW/NX),Jayce/Lux (DE/PZ),0,1,0
Janna/Viktor (IO/PZ),Darius/Gangplank (BW/NX),0,1,0
Sejuani/Swain (FR/NX),Darius/Gangplank (BW/NX),0,1,0
Taric/Vayne (DE/MT),Gangplank (BW/NX),0,1,0
Kalista/Thresh (SI/SH),Gnar/Tristana (BC/BW),0,1,0
Galio (DE/MT),Jayce/Lux (DE/PZ),0,1,0
Braum/Gnar (FR/IO),Akshan/Varus (SH/RU),0,1,0
Gangplank/Thresh (BW/SI),Jayce/Lux (DE/PZ),0,1,0
Rumble/Vayne (DE/NX),Aatrox/Morgana (RU/DE),0,1,0
Lillia/Sion (IO/NX),Akshan/Riven (NX/SH),0,1,0
Akshan/Lee Sin (IO/SH),Kalista (NX/SI),0,1,0
Lillia/Ryze (IO/RU),Braum/Vladimir (FR/NX),0,1,0
Kalista (SI),Illaoi/Udyr (BW/FR),0,1,0
Janna (PZ/SI),Illaoi/Udyr (BW/FR),0,1,0
Taric/Vayne (DE/MT),Illaoi/Udyr (BW/FR),0,1,0
Kalista/Thresh (SI/SH),Malphite/Yasuo (IO/MT),0,1,0
Garen (DE),Ashe/LeBlanc (FR/NX),0,1,0
Caitlyn/Janna/Viktor (MT/PZ),Kayn/Vayne (DE/RU),0,1,0
Caitlyn/Janna/Viktor (MT/PZ),Taric/Vayne (DE/MT),0,1,0
Lee Sin/Viktor (IO/PZ),Caitlyn/Janna/Viktor (MT/PZ),0,1,0
Ashe/Gnar (FR/IO),Akshan/Lee Sin (IO/SH),0,1,0
Kayn/Vayne (DE/RU),LeBlanc/Sivir (NX/SH),0,1,0
Aphelios/Lux (DE/MT),Championless (PZ/SI),0,1,0
Ashe/Vi (FR/PZ),Championless (SI),0,1,0
Rumble/Vayne (DE/NX),Kalista (SI),0,1,0
Leona/Malphite (IO/MT),Championless (PZ/SI),0,1,0
Riven/Viktor (NX/PZ),Malphite (BW/MT),0,1,0
Malphite/Yasuo (IO/MT),Illaoi/Udyr (BW/FR),0,1,0
Malphite/Yasuo (IO/MT),Malphite (BW/MT),0,1,0
Braum/Kayle (FR/MT),Leona/Malphite (IO/MT),0,1,0
LeBlanc (FR/NX),Senna (PZ/SI),0,1,0
Rumble/Vayne (DE/NX),Neeko/Renekton (RU/SH),0,1,0
Sett/Yasuo (IO/MT),Lee Sin/Viktor (IO/PZ),0,1,0
Senna/Veigar (BC/SI),Sett/Yasuo (IO/MT),0,1,0
Janna/Lee Sin/Viktor (IO/PZ),Nasus/Renekton (SH),0,1,0
Akshan/Riven (NX/SH),Sett (IO/PZ),0,1,0
Aatrox/Kayn (RU/RU),Janna/Lee Sin/Viktor (IO/PZ),0,1,0
Udyr (FR/IO),Senna/Veigar (BC/SI),0,1,0
Janna/Sett (IO/PZ),Morgana/Taric (DE/MT),0,1,0
Championless (IO/PZ),Morgana/Taric (DE/MT),0,1,0
Illaoi/Udyr (BW/FR),Jack/Sett (BW/IO),0,1,0
Gwen/Kalista (SI/SH),Poppy/Tristana (BC/SI),0,1,0
Poppy/Tristana (BC/SI),Morgana/Udyr (DE/FR),0,1,0
Morgana/Taric (DE/MT),Neeko/Poppy (DE/RU),0,1,0
Braum/Udyr (FR/MT),Braum/Galio (DE/FR),0,1,0
Garen/Kayle (DE/MT),Gnar/Nidalee (BC/SH),0,1,0
Aatrox/Akshan (RU/SH),Gnar/Nidalee (BC/SH),0,1,0
Kayn/Sivir (RU/SH),Gnar/Nidalee (BC/SH),0,1,0
Garen (DE/IO),Jayce/Lux (DE/PZ),0,1,0
Ashe/LeBlanc (FR/NX),Malphite (BW/MT),0,1,0
Nidalee (BC/SH),Garen (DE/IO),0,1,0
Morgana/Taric (DE/MT),Kalista (SI),0,1,0
Garen/Kayle (DE/MT),Morgana/Taric (DE/MT),0,1,0
Darius/Gnar/LeBlanc (FR/NX),Garen/Kayle (DE/MT),0,1,0
Janna/Sett (IO/PZ),Darius/Gnar/LeBlanc (FR/NX),0,1,0
Kayle/Morgana (DE/MT),Tristana (BC/FR),0,1,0
Illaoi/Swain (BW/NX),Leona/Malphite (IO/MT),0,1,0
LeBlanc (FR/NX),Leona/Malphite (IO/MT),0,1,0
Lillia/Ryze (IO/RU),LeBlanc (FR/NX),0,1,0
Leona/Malphite (IO/MT),Aphelios/Viktor (MT/PZ),0,1,0
Riven/Viktor (NX/PZ),LeBlanc (FR/NX),0,1,0
Janna/Kayn (RU/PZ),Ashe (FR/PZ),0,1,0
Ashe (FR/PZ),LeBlanc/Sion (NX/SI),0,1,0
Akshan/Varus (SH/RU),Garen/Kayle (DE/MT),0,1,0
Aphelios/Viktor (MT/PZ),Garen/Kayle (DE/MT),0,1,0
Kayle/Morgana (DE/MT),Nasus/Renekton (SH),0,1,0
Illaoi/Udyr (BW/FR),Riven/Viktor (NX/PZ),0,1,0
Janna (PZ/SI),Malphite/Yasuo (IO/MT),0,1,0
Aatrox/Akshan (RU/SH),Malphite/Yasuo (IO/MT),0,1,0
Braum/Udyr (DE/FR),Janna/Sett (IO/PZ),0,1,0
Janna/Sett (IO/PZ),Shyvana/Taric (DE/MT),0,1,0
Janna/Sett (IO/PZ),Neeko/Renekton (RU/SH),0,1,0
Darius/LeBlanc (FR/NX),Janna/Sett (IO/PZ),0,1,0
Janna/Sett (IO/PZ),Championless (IO/SI),0,1,0
Poppy (BC/DE),Leona/Malphite (IO/MT),0,1,0
Malphite (BW/MT),Sett (IO/PZ),0,1,0
Illaoi/Udyr (BW/FR),Poppy/Tristana (BC/SI),0,1,0
Malphite (BW/MT),Darius/Gnar (FR/NX),0,1,0
Lillia/Sett (IO/MT),Ashe/LeBlanc (FR/NX),0,1,0
Neeko/Poppy (DE/RU),Udyr (FR/IO),0,1,0
Gnar/Nidalee (BC/SH),Kalista/LeBlanc (NX/SI),0,1,0
Aatrox/Morgana (RU/DE),Veigar (BC/SI),0,1,0
Ashe/Senna (FR/SI),Lee Sin/Viktor (IO/PZ),0,1,0
Illaoi/Udyr (BW/FR),Championless (SI),0,1,0
LeBlanc/Rumble/Sion (IO/NX),Illaoi/Udyr (BW/FR),0,1,0
Ashe/LeBlanc (FR/NX),Lulu/Neeko (BC/RU),0,1,0
Morgana/Taric (DE/MT),Braum/Kayle (FR/MT),0,1,0
Lillia/Nidalee (IO/SH),Braum/Kayle (FR/MT),0,1,0
Braum/Kayle (FR/MT),Gnar/Sejuani (FR/NX),0,1,0
Aatrox/Janna (RU/PZ),Braum/Galio (DE/FR),0,1,0
Braum/Galio (DE/FR),LeBlanc/Rumble/Sion (IO/NX),0,1,0
Ryze (RU/SI),Gnar/Nidalee (BC/SH),0,1,0
Kalista/Nasus/Thresh (SI/SH),Janna/Sett (IO/PZ),0,1,0
Gwen/Nidalee (SI/SH),Kalista/Nasus/Thresh (SI/SH),0,1,0
Gnar/Nidalee (BC/SH),Taric/Varus (MT/RU),0,1,0
Braum/Galio (DE/FR),Veigar (BC/SI),0,1,0
Janna/Lee Sin (IO/PZ),Aphelios/Lee Sin (IO/MT),0,1,0
Morgana/Udyr (DE/FR),Gwen/Kalista (FR/SI),0,1,0
Aatrox/Morgana (RU/DE),Gwen/Kalista (SI/SH),0,1,0
Championless (SI),Kalista/Thresh (SI/SH),0,1,0
Malphite/Yasuo (IO/MT),LeBlanc (FR/NX),0,1,0
Shen (DE/IO),Ashe (FR/PZ),0,1,0
Garen (DE),Morgana/Taric (DE/MT),0,1,0
Poppy/Tristana (BC/SI),Nasus/Thresh (SI/SH),0,1,0
LeBlanc (FR/NX),Ashe/Garen (DE/FR),0,1,0
LeBlanc (FR/NX),Neeko/Poppy (DE/RU),0,1,0
LeBlanc (FR/NX),Kalista/LeBlanc (NX/SI),0,1,0
LeBlanc (FR/NX),Morgana/Taric (DE/MT),0,1,0
Aatrox/Akshan (RU/SH),Morgana/Taric (DE/MT),0,1,0
Janna (PZ/SI),Morgana/Taric (DE/MT),0,1,0
Akshan/Varus (SH/RU),Sivir (FR/SH),0,1,0
Garen/Vayne (DE/NX),Ashe (FR/PZ),0,1,0
Aatrox/Morgana (RU/DE),Ashe/Tahm Kench (BW/FR),0,1,0
Yasuo (IO/PZ),LeBlanc (FR/NX),0,1,0
Rumble/Sion (BC/NX),Lillia/Sett (IO/MT),0,1,0
Janna/Lee Sin/Viktor (IO/PZ),Darius/Gnar (FR/NX),0,1,0
Maokai (BW/SI),Janna/Lee Sin/Viktor (IO/PZ),0,1,0
Aatrox/Morgana/Vayne (RU/DE),Morgana/Udyr (DE/FR),0,1,0
Darius/Gnar (FR/NX),Maokai/Thresh (BW/SI),0,1,0
Jack/Sett (BW/IO),Aatrox/Morgana/Vayne (RU/DE),0,1,0
Lillia/Sett (IO/SH),Senna/Veigar (BC/SI),0,1,0
LeBlanc/Udyr (FR/NX),Garen/Shen (DE/IO),0,1,0
Kai'Sa/Sivir/Vi (PZ/SH),Morgana/Taric (DE/MT),0,1,0
Kayle/Morgana (DE/MT),Morgana/Udyr (DE/FR),0,1,0
Garen/Shen (DE/IO),Ashe/LeBlanc (FR/NX),0,1,0
Garen/Shen (DE/IO),Braum/Vladimir (FR/NX),0,1,0
Kayle (BW/MT),Kai'Sa/Sivir/Vi (PZ/SH),0,1,0
Senna/Veigar (BC/SI),Kai'Sa/Sivir/Vi (PZ/SH),0,1,0
Caitlyn/Janna/Viktor (MT/PZ),Kayle (BW/MT),0,1,0
Akshan/Garen (DE/SH),Kalista/Morgana (DE/SI),0,1,0
Braum/Morgana (DE/FR),Gwen/Kalista (FR/SI),0,1,0
Garen/Shen (DE/IO),Gwen/Kalista (FR/SI),0,1,0
Gwen/Kalista (FR/SI),Leona/Morgana (DE/MT),0,1,0
Maokai/Thresh (BW/SI),Gwen/Kalista (FR/SI),0,1,0
Veigar (BC/SI),Swain/Vladimir (BW/NX),0,1,0
Lulu (BC/PZ),Morgana/Udyr (DE/FR),0,1,0
Renekton/Shen (IO/SH),Ashe (FR/PZ),0,1,0
Ashe (FR/PZ),Garen/Shen (DE/IO),0,1,0
Championless (PZ/SI),Kalista/Nidalee (SI/SH),0,1,0
Braum/Vladimir (FR/NX),Ashe/Senna (FR/SI),0,1,0
Ashe/Senna (FR/SI),Ashe/LeBlanc (FR/NX),0,1,0
Riven/Viktor (NX/PZ),Ashe/Senna (FR/SI),0,1,0
Taric/Varus (MT/RU),LeBlanc/Udyr (FR/NX),0,1,0
Darius/LeBlanc (FR/NX),Gwen/Kalista (SI/SH),0,1,0
Darius/LeBlanc (FR/NX),Neeko/Poppy (BC/RU),0,1,0
Sett (IO/PZ),Braum/Kayle (FR/MT),0,1,0
Renekton/Shen (IO/SH),Senna/Veigar (BC/SI),0,1,0
Akshan/Lee Sin (IO/SH),Darius/Gnar/LeBlanc (FR/NX),0,1,0
Riven/Viktor (NX/PZ),Sivir/Vi (PZ/SH),0,1,0
LeBlanc/Udyr (FR/NX),Janna (BW/PZ),0,1,0
Taric/Varus (MT/RU),Sett (IO/PZ),0,1,0
Garen/Taric (DE/MT),Ryze (IO/RU),0,1,0
Shen (DE/IO),Darius/LeBlanc (FR/NX),0,1,0
Darius/LeBlanc (FR/NX),Sett (IO/PZ),0,1,0
Shen (DE/IO),Senna/Veigar (BC/SI),0,1,0
Garen/Taric (DE/MT),Gwen/Kalista (NX/SI),0,1,0
Shen (DE/IO),Championless (PZ/SI),0,1,0
Gwen/Kalista (NX/SI),LeBlanc/Sivir (NX/SH),0,1,0
Gnar/Nidalee (BC/SH),Darius/Gnar/LeBlanc (FR/NX),0,1,0
Riven/Viktor (NX/PZ),Darius/Gnar/LeBlanc (FR/NX),0,1,0
Poppy/Tristana (BC/SI),Maokai/Nautilus (BW/SI),0,1,0
Ryze (IO/RU),Riven/Rumble (BC/NX),0,1,0
Janna (BW/PZ),Kalista/LeBlanc (NX/SI),0,1,0
Gwen/Kalista (SI/SH),Lee Sin/Viktor (IO/PZ),0,1,0
Akshan/Jack (BW/SH),Lee Sin/Viktor (IO/PZ),0,1,0
Ashe/LeBlanc (FR/NX),Aatrox/LeBlanc (RU/NX),0,1,0
Akshan/Jack (BW/SH),Akshan/Udyr (FR/SH),0,1,0
Varus/Viktor (PZ/RU),Braum/Vladimir (FR/NX),0,1,0
Janna (BW/PZ),Akshan/Udyr (FR/SH),0,1,0
Aatrox/Kayn (RU/RU),Championless (SI/SH),0,1,0
Darius/Gnar/LeBlanc (FR/NX),Morgana/Udyr (DE/FR),0,1,0
Sivir/Vi (PZ/SH),Akshan/Varus (SH/RU),0,1,0
Morgana/Udyr (DE/FR),Lillia/Lulu (FR/IO),0,1,0
Akshan/Sivir (DE/SH),Ryze (IO/RU),0,1,0
Akshan/Lee Sin (IO/SH),Akshan/Sivir (DE/SH),0,1,0
Sett (IO/PZ),Sivir/Vi (PZ/SH),0,1,0
Aphelios/Viktor (MT/PZ),Sivir/Vi (PZ/SH),0,1,0
Sivir/Vi (PZ/SH),Gnar/Neeko (FR/RU),0,1,0
Kayle (BW/MT),Akshan/Sivir (DE/SH),0,1,0
Akshan/Lee Sin (IO/SH),Shen (IO/NX),0,1,0
Taric/Varus (MT/RU),Morgana/Udyr (DE/FR),0,1,0
Taric/Varus (MT/RU),Gnar/Neeko (FR/RU),0,1,0
Taric/Varus (MT/RU),Kayle (BW/MT),0,1,0
Akshan/Udyr (FR/SH),Morgana/Yasuo (IO/MT),0,1,0
Championless (SI/SH),Gwen/Kalista (SI/SH),0,1,0
Maokai/Thresh (BW/SI),Maokai/Nautilus (BW/SI),0,1,0
Nasus/Renekton (SH),Ryze (IO/RU),0,1,0
Aphelios/Viktor (MT/PZ),Poppy/Tristana (BC/SI),0,1,0
Janna/Yasuo (IO/PZ),Ryze (IO/RU),0,1,0
Ryze (IO/RU),Ryze (RU/SI),0,1,0
Ashe (FR/PZ),Lillia/Sett (IO/MT),0,1,0
Braum/Galio (DE/FR),Gwen/Kalista (FR/SI),0,1,0
Maokai/Thresh (BW/SI),Akshan/Varus (SH/RU),0,1,0
Championless (SI/SH),Aphelios/Lee Sin (IO/MT),0,1,0
Akshan/Varus (SH/RU),Kayle/Morgana (DE/MT),0,1,0
Braum/Galio (DE/FR),Riven/Viktor (NX/PZ),0,1,0
Ryze (RU/SI),Championless (SI/SH),0,1,0
Kayle/Morgana (DE/MT),Sett (IO/PZ),0,1,0
Kayle/Morgana (DE/MT),Aatrox/Varus (RU/RU),0,1,0
Darius/Gwen (NX/SI),Gnar/Neeko (FR/RU),0,1,0
Maokai/Nautilus (BW/SI),Kai'Sa (SI/SH),0,1,0
Leona/Malphite (IO/MT),Kayle/Morgana (DE/MT),0,1,0
Illaoi/Udyr (BW/FR),Caitlyn/Swain (NX/PZ),0,1,0
Ryze (IO/RU),Janna/Sett (IO/PZ),0,1,0
Garen/Taric (DE/MT),Akshan/Lee Sin (IO/SH),0,1,0
Akshan/Riven (NX/SH),Morgana/Udyr (DE/FR),0,1,0
Ashe/LeBlanc (FR/NX),Kayle/Morgana (DE/MT),0,1,0
Braum/Galio (DE/FR),Yasuo (IO/SI),0,1,0
Gnar/Swain (BC/NX),Gwen/Vayne (DE/SI),0,1,0
Illaoi/Udyr (BW/FR),Championless (PZ/SI),0,1,0
LeBlanc/Udyr (FR/NX),Illaoi/Udyr (BW/FR),0,1,0
Leona/Malphite (IO/MT),Garen/Poppy (DE/MT),0,1,0
Lillia/Ryze (IO/RU),LeBlanc/Rumble/Sion (IO/NX),0,1,0
Leona/Malphite (IO/MT),Garen (DE/SH),0,1,0
Garen/Poppy (DE/MT),Senna/Veigar (BC/SI),0,1,0
LeBlanc/Rumble/Sion (IO/NX),Darius/Gwen (NX/SI),0,1,0
LeBlanc/Rumble/Sion (IO/NX),Darius/Shen (IO/NX),0,1,0
Gwen/Vayne (DE/SI),Senna/Veigar (IO/SI),0,1,0
Maokai/Nautilus (BW/SI),Aatrox/Varus (RU/RU),0,1,0
Rumble/Sion (BC/NX),Illaoi/Kayle (BW/MT),0,1,0
Rumble/Sion (BC/NX),Garen (DE/MT),0,1,0
Gnar/Lulu (BC/NX),Championless (SI),0,1,0
Championless (FR/MT),Kayle (BW/MT),0,1,0
Championless (FR/IO),Nasus/Renekton (SH),0,1,0
Nasus/Renekton (SH),Shen/Vi (IO/PZ),0,1,0
Akshan/Renekton (SH),Malphite/Yasuo (IO/MT),0,1,0
Ashe/LeBlanc (FR/NX),Gnar/Tristana (BC/BW),0,1,0
Gnar/Tristana (BC/BW),Janna/Sett (IO/PZ),0,1,0
Ashe (FR/PZ),Championless (SI/SH),0,1,0
Gwen/Kalista (SI/SH),Nasus/Renekton (SH),0,1,0
Championless (SI/SH),Championless (IO/PZ),0,1,0
Illaoi/Kayle (BW/MT),Poppy/Tristana (BC/SI),0,1,0
Gwen (MT/SI),Poppy/Tristana (BC/SI),0,1,0
Morgana/Taric (DE/MT),Darius/LeBlanc (FR/NX),0,1,0
Kalista/LeBlanc (NX/SI),Janna (PZ/SI),0,1,0
Illaoi/Kayle (BW/MT),Jayce/Lux (DE/PZ),0,1,0
Aphelios/Morgana/Taric (DE/MT),Championless (SI/SH),0,1,0
Gwen/Kalista (FR/SI),Kayle/Udyr (FR/MT),0,1,0
Kayle (FR/MT),Braum/Vladimir (FR/NX),0,1,0
Kayle (FR/MT),Lee Sin/Viktor (IO/PZ),0,1,0
Taric/Varus (MT/RU),LeBlanc/Sivir (NX/SH),0,1,0
Jayce/Lux (DE/PZ),Kayle/Udyr (FR/MT),0,1,0
Janna/Sett (IO/PZ),Kayle/Udyr (FR/MT),0,1,0
Championless (MT/SI),Aatrox/Morgana (RU/DE),0,1,0
Janna/Kayn (RU/PZ),Ashe/LeBlanc (FR/NX),0,1,0
Garen/Poppy (BW/DE),Nasus/Thresh (SI/SH),0,1,0
Galio/Udyr (DE/FR),Garen/Poppy (BW/DE),0,1,0
Poppy/Tristana (BC/SI),Gwen/Kalista (FR/SI),0,1,0
Braum/Galio (DE/FR),Poppy/Tristana (BC/SI),0,1,0
LeBlanc/Rumble (BC/NX),Poppy/Tristana (BC/SI),0,1,0
Udyr (DE/FR),Sett (IO/PZ),0,1,0
Udyr (DE/FR),Maokai/Nautilus (BW/SI),0,1,0
Udyr (DE/FR),Jayce/Lux (DE/PZ),0,1,0
Galio/Morgana (DE/MT),Udyr (DE/FR),0,1,0
Nidalee (BC/SH),Lulu/Neeko (IO/RU),0,1,0
Darius/Gnar/LeBlanc (FR/NX),Championless (PZ/SI),0,1,0
Gnar/Neeko (FR/RU),Galio/Morgana (DE/MT),0,1,0
Lillia/Lulu (FR/IO),Braum/Galio (DE/FR),0,1,0
Darius/Gnar/LeBlanc (FR/NX),Braum/Galio (DE/FR),0,1,0
Galio/Morgana (DE/MT),Gwen/Kalista (NX/SI),0,1,0
Kalista/Thresh (FR/SI),Championless (PZ/SI),0,1,0
Kayle (FR/MT),Aatrox/Kayn (RU/RU),0,1,0
Braum/Morgana (DE/FR),Championless (SI),0,1,0
Neeko/Poppy (BC/RU),Gwen/Kalista (NX/SI),0,1,0
Kayle/Morgana (DE/MT),Kalista (SI),0,1,0
Kalista/Maokai (BW/SI),Kayle (BW/MT),0,1,0
Kalista/Thresh (FR/SI),Akshan/Varus (SH/RU),0,1,0
Darius/Gnar/LeBlanc (FR/NX),LeBlanc/Sivir (NX/SH),0,1,0
Gwen/Vayne (DE/SI),Poppy/Tristana (BC/SI),0,1,0
Lillia/Sett (IO/SH),Kalista (SI),0,1,0
Gnar/Tristana (BC/NX),Galio/Morgana (DE/MT),0,1,0
Ashe/LeBlanc (FR/NX),Gnar/Tristana (BC/NX),0,1,0
Senna (IO/SI),Illaoi/Udyr (BW/FR),0,1,0
Poppy/Tristana (BC/SI),Sett (IO/PZ),0,1,0
Jayce/Lux (DE/PZ),Senna (IO/SI),0,1,0
Senna (IO/SI),Neeko/Poppy (DE/RU),0,1,0
Neeko/Renekton (RU/SH),Kayle/Udyr (FR/MT),0,1,0
Lillia/Ryze (IO/RU),LeBlanc/Sivir (NX/SH),0,1,0
Championless (MT/SI),Garen/Poppy (BW/DE),0,1,0
Leona/Sivir (MT/SH),Championless (MT/SI),0,1,0
Garen (DE/SH),Ashe/Tahm Kench (BW/FR),0,1,0
Illaoi/Janna (BW/PZ),Nasus/Thresh (SI/SH),0,1,0
Gwen/Kalista (FR/SI),Galio/Udyr (DE/FR),0,1,0
Rumble/Vayne (DE/NX),Galio/Morgana (DE/MT),0,1,0
Taric/Varus (MT/RU),Neeko/Poppy (DE/RU),0,1,0
Nasus/Thresh (SI/SH),Gwen/Kalista (NX/SI),0,1,0
Kalista/Neeko (RU/SI),Braum/Vladimir (FR/NX),0,1,0
LeBlanc/Rumble (BC/NX),Kalista (SI),0,1,0
Morgana/Udyr (DE/FR),Aphelios/Yasuo (IO/MT),0,1,0
Darius/LeBlanc (FR/NX),Lee Sin/Viktor (IO/PZ),0,1,0
LeBlanc/Sivir (NX/SH),Swain/Vladimir (BW/NX),0,1,0
Lillia/Sett (IO/SH),Braum/Galio (DE/FR),0,1,0
Gnar/Tristana (BC/BW),Nasus/Renekton (SH),0,1,0
Garen/Poppy (DE),Leona/Malphite (IO/MT),0,1,0
Kayle (FR/MT),Leona/Malphite (IO/MT),0,1,0
Kalista/Nasus (SI/SH),Braum/Lillia (FR/IO),0,1,0
Gnar/Tristana (BC/BW),Senna/Veigar (BC/SI),0,1,0
Championless (SI/SH),Swain/Vladimir (BW/NX),0,1,0
Nasus/Senna/Thresh (SI/SH),Aatrox/Kayn (RU/RU),0,1,0
Akshan/Nidalee (FR/SH),Leona/Malphite (IO/MT),0,1,0
Akshan/Nidalee (FR/SH),Neeko/Poppy (BC/RU),0,1,0
Kayle (FR/MT),Jack/Sett (BW/IO),0,1,0
Kayle (FR/MT),Darius/Kalista (NX/SI),0,1,0
Nidalee/Sivir (BC/SH),Sett (IO/PZ),0,1,0
Sett (IO/PZ),Darius/Gnar/LeBlanc (FR/NX),0,1,0
Akshan/Varus (SH/RU),Sett (IO/SH),0,1,0
Akshan/Nidalee/Sivir (DE/SH),Sett (IO/SH),0,1,0
Morgana/Taric (DE/MT),Lillia/Sett (IO/SH),0,1,0
Swain/Vladimir (BW/NX),Lillia/Sett (IO/SH),0,1,0
Akshan/Udyr (FR/SH),Braum/Galio (DE/FR),0,1,0
Akshan/Udyr (FR/SH),Akshan/Nidalee/Sivir (DE/SH),0,1,0
LeBlanc/Rumble/Sion (IO/NX),Akshan/Udyr (FR/SH),0,1,0
Akshan/Nidalee/Sivir (DE/SH),Sett (IO/PZ),0,1,0
Gwen/LeBlanc (NX/SI),Sett (IO/PZ),0,1,0
Akshan/Nasus (SI/SH),Lillia/Ryze (IO/RU),0,1,0
Lillia/Ryze (IO/RU),Nasus/Renekton (SH),0,1,0
Yasuo (IO/NX),Lillia/Ryze (IO/RU),0,1,0
LeBlanc/Sion (NX/SI),Leona/Malphite (IO/MT),0,1,0
Lillia/Ryze (IO/RU),Braum/Galio (DE/FR),0,1,0
Ryze (IO/RU),Kayle/Morgana (DE/MT),0,1,0
Gnar/Jack (BC/BW),Championless (SI),0,1,0
LeBlanc/Rumble/Sion (IO/NX),Maokai/Nautilus (BW/SI),0,1,0
Gnar/Neeko (FR/RU),LeBlanc/Rumble/Sion (IO/NX),0,1,0
Ashe (FR/PZ),Ashe/Lulu (FR/IO),0,1,0
Veigar (BC/SI),Darius/LeBlanc (FR/NX),0,1,0
Garen/Poppy (BW/DE),Lee Sin/Viktor (IO/PZ),0,1,0
Garen/Poppy (BW/DE),Lillia/Lulu (FR/IO),0,1,0
Gnar/Tristana (BC/NX),Nasus/Thresh (SI/SH),0,1,0
Lillia/Ryze (IO/RU),Ryze (IO/RU),0,1,0
Riven/Viktor (NX/PZ),Leona/Malphite (IO/MT),0,1,0
Leona/Malphite (IO/MT),Lee Sin/Viktor (IO/PZ),0,1,0
Leona/Malphite (IO/MT),Janna/Sett (IO/PZ),0,1,0
Poppy/Tristana (BC/SI),Championless (SI/SH),0,1,0
Kalista/LeBlanc (NX/SI),Championless (PZ/SI),0,1,0
Senna/Veigar (SI/SH),Senna/Veigar (BC/SI),0,1,0
Gwen/Kalista (FR/SI),Riven/Viktor (NX/PZ),0,1,0
Malphite/Yasuo (IO/MT),Championless (SI/SH),0,1,0
Maokai (BW/SI),Yasuo (IO/NX),0,1,0
Lillia (BC/IO),Leona/Malphite (IO/MT),0,1,0
Lillia (BC/IO),Malphite (BW/MT),0,1,0
Kalista (SI),Malphite (BW/MT),0,1,0
Rumble/Vayne (DE/NX),Malphite (BW/MT),0,1,0
Leona/Malphite (IO/MT),Sett (IO/PZ),0,1,0
Gangplank/Sejuani (BW/FR),Lillia/Ryze (IO/RU),0,1,0
LeBlanc/Udyr (FR/NX),Illaoi/Swain (BW/NX),0,1,0
LeBlanc/Udyr (FR/NX),Aatrox/Morgana (RU/DE),0,1,0
Neeko/Poppy (DE/RU),Gwen/Kalista (FR/SI),0,1,0
Braum/Galio (DE/FR),Kalista/LeBlanc (NX/SI),0,1,0
Senna/Veigar (BC/SI),Janna (IO/PZ),0,1,0
Nasus/Renekton (SH),Vi (PZ/SI),0,1,0
Senna/Veigar (BC/SI),LeBlanc/Sion (NX/SI),0,1,0
Aatrox/Morgana (RU/DE),LeBlanc/Sion (NX/SI),0,1,0
Leona/Morgana (DE/MT),Aatrox/Morgana (RU/DE),0,1,0
Lulu/Neeko (IO/RU),Aatrox/Kayn (RU/RU),0,1,0
Nasus/Senna (SI/SH),Jack/Shen (BW/IO),0,1,0
Garen/Poppy (BW/DE),Lulu/Neeko (IO/RU),0,1,0
LeBlanc/Sion (NX/SI),Kayle (BW/MT),0,1,0
Neeko (RU/PZ),Kalista (SI),0,1,0
Poppy/Riven (BC/NX),Leona/Malphite (IO/MT),0,1,0
Gwen/Kalista (FR/SI),Akshan/Varus (SH/RU),0,1,0
Gwen/Kalista (SI/SH),Championless (SI),0,1,0
Championless (PZ/SI),LeBlanc/Rumble/Sion (IO/NX),0,1,0
Nasus/Thresh (SI/SH),Gwen/Kalista (FR/SI),0,1,0
Lulu (BC/PZ),Nasus/Thresh (SI/SH),0,1,0
Gwen/Kalista (FR/SI),Riven/Rumble (BC/NX),0,1,0
Maokai (PZ/SI),Kalista (SI),0,1,0
Gwen/Riven (NX/SI),Maokai (PZ/SI),0,1,0
Jayce/Lux (DE/PZ),Braum/Galio/Garen (DE/FR),0,1,0
Shen/Vi (IO/PZ),Aatrox/Kayn (RU/RU),0,1,0
Championless (BW/NX),Championless (SI),0,1,0
Poppy/Taric (DE/MT),Ashe (FR/PZ),0,1,0
Kayn/Shen (IO/RU),Aatrox/Kayn (RU/RU),0,1,0
Garen/Poppy (DE/MT),Braum/Vladimir (FR/NX),0,1,0
Janna (IO/PZ),Braum/Vladimir (FR/NX),0,1,0
Kayn/Shen (IO/RU),Kayle (BW/MT),0,1,0
Shen (IO/SI),Maokai/Nautilus (BW/SI),0,1,0
Kalista/LeBlanc (NX/SI),Gwen/Kalista (NX/SI),0,1,0
Braum/Vladimir (FR/NX),Aatrox/Morgana/Vayne (RU/DE),0,1,0
Jax/Ornn (FR/RU),Aatrox/Vayne (RU/DE),0,1,0
Kalista/LeBlanc (NX/SI),Braum/Vladimir (FR/NX),0,1,0
Gwen/Kalista (NX/SI),Darius/Shen (IO/NX),0,1,0
Maokai (BW/SI),Gwen/Kalista (NX/SI),0,1,0
Darius/LeBlanc (FR/NX),Janna (PZ/SI),0,1,0
Morgana/Taric (DE/MT),Neeko/Poppy (BC/RU),0,1,0
LeBlanc (FR/NX),Aatrox/Morgana/Vayne (RU/DE),0,1,0
Kayle (BW/MT),Aatrox/Morgana/Vayne (RU/DE),0,1,0
Ryze (IO/RU),Senna/Veigar (BC/SI),0,1,0
Ryze (IO/RU),LeBlanc (FR/NX),0,1,0
Kayle (BW/MT),Braum/Garen (DE/FR),0,1,0
Lulu/Neeko (IO/RU),Kayle (BW/MT),0,1,0
Jax/Tristana (BC/RU),Darius/Gnar (FR/NX),0,1,0
Ashe/Braum (FR/IO),Braum/Vladimir (FR/NX),0,1,0
Braum/Vladimir (FR/NX),Rumble/Vayne (DE/NX),0,1,0
Lulu/Neeko (IO/RU),Senna/Veigar (BC/SI),0,1,0
Yasuo (IO/NX),Jax/Tristana (BC/RU),0,1,0
Ashe/Braum (FR/IO),Kayle (BW/MT),0,1,0
Gnar/Nidalee (BC/SH),Sett (IO/SH),0,1,0
Riven/Viktor (NX/PZ),Sett (IO/SH),0,1,0
Braum/Vladimir (FR/NX),Sett (IO/SH),0,1,0
Poppy/Tristana (BC/SI),Darius/Gnar (FR/NX),0,1,0
Lulu/Shen (DE/IO),LeBlanc/Udyr (FR/NX),0,1,0
LeBlanc/Rumble/Sion (IO/NX),Rumble/Sion (BC/NX),0,1,0
Lulu (BC/PZ),Kayle (BW/MT),0,1,0
Garen (DE),Maokai/Nautilus (BW/SI),0,1,0
Kayle (BW/MT),Gnar/Tristana (BC/BW),0,1,0
Kayle (BW/MT),Veigar (BC/SI),0,1,0
Gnar/Sejuani (FR/PZ),Leona/Morgana (DE/MT),0,1,0
Senna/Veigar (IO/SI),Maokai/Nautilus (BW/SI),0,1,0
Lillia/Lulu (DE/IO),Morgana/Taric (DE/MT),0,1,0
Kayle (BW/MT),Akshan/Nidalee (DE/SH),0,1,0
Akshan/Nidalee (DE/SH),Championless (SI),0,1,0
Udyr (FR/IO),Morgana/Udyr (DE/FR),0,1,0
Caitlyn/Jack (BW/PZ),Gwen/Vayne (DE/SI),0,1,0
Championless (IO/PZ),Jayce/Lux (DE/PZ),0,1,0
Udyr (DE/FR),Kayle (BW/MT),0,1,0
Nasus/Thresh (SI/SH),Riven/Rumble (NX/SI),0,1,0
Kayle/Morgana (BW/MT),Akshan/Varus (SH/RU),0,1,0
Morgana/Vladimir (MT/NX),Morgana/Udyr (DE/FR),0,1,0
Lillia/Lulu (DE/IO),LeBlanc (FR/NX),0,1,0
Gnar/Sejuani (FR/PZ),Ashe/Tahm Kench (BW/FR),0,1,0
Ashe/Tahm Kench (BW/FR),LeBlanc/Udyr (FR/NX),0,1,0
Gnar/Sejuani (FR/PZ),Morgana/Taric (DE/MT),0,1,0
Caitlyn (BC/PZ),Senna/Veigar (BC/SI),0,1,0
Shen/Vi (IO/PZ),Senna/Veigar (BC/SI),0,1,0
Championless (MT/SI),Kayle/Morgana (DE/MT),0,1,0
Nasus/Renekton (SH),Gnar/Sejuani (FR/PZ),0,1,0
Morgana/Shyvana (DE/MT),Nasus/Renekton (SH),0,1,0
Aatrox/Varus (RU/RU),Kayle (BW/MT),0,1,0
Garen/Riven (DE/NX),Kalista (SI),0,1,0
Lulu/Shen (DE/IO),Ashe/LeBlanc (FR/NX),0,1,0
Janna/Lillia (IO/PZ),Caitlyn/Janna (PZ),0,1,0
Nasus/Senna (SI/SH),Gnar/Sejuani (FR/PZ),0,1,0
Janna (IO/PZ),Morgana/Udyr (DE/FR),0,1,0
Aphelios/Lee Sin/Morgana (IO/MT),Sett (IO/SH),0,1,0
Aphelios/Lee Sin/Morgana (IO/MT),Jack/Sett (BW/IO),0,1,0
Poppy/Tristana (BC/SI),Gwen/Sejuani (FR/SI),0,1,0
Leona/Malphite (IO/MT),Gwen (PZ/SI),0,1,0
Janna (IO/PZ),Gnar/Sejuani (FR/PZ),0,1,0
Caitlyn/Jack (BW/PZ),Gnar/Sejuani (FR/PZ),0,1,0
Janna/Morgana (DE/PZ),Gnar/Sejuani (FR/PZ),0,1,0
Aatrox/Akshan (RU/SH),Championless (SI),0,1,0
Senna/Veigar (BC/SI),Taric/Varus (MT/RU),0,1,0
Lulu/Neeko (IO/RU),Rumble/Sion (BC/NX),0,1,0
Akshan/Lee Sin (IO/SH),Neeko/Renekton (RU/SH),0,1,0
Aphelios/Yasuo (IO/MT),Maokai/Nautilus (BW/SI),0,1,0
Gnar/Tristana (BC/BW),Gwen/Vayne (DE/SI),0,1,0
Nasus/Thresh (SI/SH),Braum/Udyr (FR/IO),0,1,0
Nasus/Thresh (SI/SH),LeBlanc/Sion (NX/SI),0,1,0
Kayle (BW/MT),Gnar/LeBlanc (FR/NX),0,1,0
Galio/Udyr (DE/FR),Lulu/Neeko (IO/RU),0,1,0
Braum/Galio/Garen (DE/FR),Ashe/LeBlanc (FR/NX),0,1,0
LeBlanc/Sion (NX/SI),Darius/Gnar (FR/NX),0,1,0
Swain/Vladimir (FR/NX),Akshan/Varus (SH/RU),0,1,0
Gwen/Kalista (FR/SI),Darius/LeBlanc (FR/NX),0,1,0
Aphelios/Yasuo (IO/MT),Kalista (SI),0,1,0
Morgana/Udyr (DE/FR),LeBlanc/Sion (NX/SI),0,1,0
Leona (BW/MT),Championless (SI),0,1,0
Braum/Galio (DE/FR),Sett (IO/SH),0,1,0
Akshan/Nidalee (DE/SH),Darius/Gnar (FR/NX),0,1,0
Ornn (DE/FR),Darius/Gnar (FR/NX),0,1,0
Gwen/Sejuani (FR/SI),Aphelios/Lee Sin/Morgana (IO/MT),0,1,0
Ashe/LeBlanc (FR/NX),Aphelios/Lee Sin/Morgana (IO/MT),0,1,0
Gwen/Kalista (NX/SI),Leona/Malphite (IO/MT),0,1,0
Jayce/Lux (DE/PZ),Leona (BW/MT),0,1,0
Leona/Malphite (IO/MT),Darius/Gnar (FR/NX),0,1,0
Lillia/Ryze (IO/RU),Aphelios (BC/MT),0,1,0
Leona (BW/MT),Swain/Vladimir (BW/NX),0,1,0
Aphelios/Yasuo (IO/MT),Gnar/Sejuani (FR/PZ),0,1,0
Championless (BC/SI),Darius/Gnar (FR/NX),0,1,0
Kayle (BW/MT),Braum/Sejuani (FR/IO),0,1,0
Jayce/Morgana (MT/PZ),Kalista (SI),0,1,0
Darius/Gnar (FR/NX),Sivir/Vi (PZ/SH),0,1,0
Leona/Malphite (IO/MT),Aatrox/Varus (RU/RU),0,1,0
Lillia/Ryze (IO/RU),Maokai (BW/SI),0,1,0
Rumble/Sion (BC/NX),Gnar/Sejuani (FR/PZ),0,1,0
Illaoi/Swain (BW/NX),Maokai (BW/SI),0,1,0
Championless (BC/SI),Gwen/Kalista (FR/SI),0,1,0
Gwen/LeBlanc (NX/SI),Championless (IO/PZ),0,1,0
Gwen/Kalista (FR/SI),Gwen/LeBlanc (NX/SI),0,1,0
Jayce/Lux (DE/PZ),Gwen (PZ/SI),0,1,0
Gnar/Sivir (FR/SH),Ashe/LeBlanc (FR/NX),0,1,0
Lillia/Lulu (DE/IO),Nidalee (BC/SH),0,1,0
Kayle (BW/MT),Lillia/Lulu (DE/IO),0,1,0
LeBlanc/Rumble/Sion (IO/NX),Aatrox/Morgana/Vayne (RU/DE),0,1,0
Kalista (FR/SI),Nidalee (BC/SH),0,1,0
Ashe/Tahm Kench (BW/FR),Neeko/Renekton (RU/SH),0,1,0
Championless (IO/PZ),Aphelios/Viktor (MT/PZ),0,1,0
Darius/Gnar (FR/NX),Gwen/Kalista (FR/SI),0,1,0
Kalista/LeBlanc (NX/SI),Maokai/Nautilus (BW/SI),0,1,0
Kayle/Morgana (DE/MT),Kalista/LeBlanc (NX/SI),0,1,0
Championless (IO/PZ),Galio/Udyr (DE/FR),0,1,0
Championless (IO/PZ),Kayle (BW/MT),0,1,0
Gnar/Udyr (FR/IO),Jax/Sivir (RU/SH),0,1,0
Ryze (IO/RU),Gwen/LeBlanc (NX/SI),0,1,0
Nasus/Renekton (SH),Gwen/LeBlanc (NX/SI),0,1,0
Aatrox/Morgana/Vayne (RU/DE),Garen (DE/SH),0,1,0
Kalista (SI),Aatrox/Morgana/Vayne (RU/DE),0,1,0
Riven (IO/NX),Aatrox/Morgana/Vayne (RU/DE),0,1,0
LeBlanc/Udyr (FR/NX),Aphelios/Yasuo (IO/MT),0,1,0
Maokai (PZ/SI),Maokai/Nautilus (BW/SI),0,1,0
Maokai (PZ/SI),Morgana/Udyr (DE/FR),0,1,0
Garen/Taric (DE/MT),LeBlanc/Rumble/Sion (IO/NX),0,1,0
Lillia/Lulu (DE/IO),Maokai (BW/SI),0,1,0
Maokai (PZ/SI),Lillia/Lulu (DE/IO),0,1,0
Gnar/Rumble (BC/FR),Lee Sin/Viktor (IO/PZ),0,1,0
Garen/Gwen (DE/SI),Maokai/Nautilus (BW/SI),0,1,0
Akshan/Nidalee (DE/SH),Braum/Galio (DE/FR),0,1,0
Lillia/Lulu (DE/IO),Ashe (FR/PZ),0,1,0
Jack/Sett (BW/IO),Championless (BC/SI),0,1,0
Gnar/Sejuani (FR/PZ),Akshan/Nasus (SI/SH),0,1,0
Galio/Leona (DE/MT),LeBlanc/Udyr (FR/NX),0,1,0
Gwen/Kalista (SI),Championless (BC/SI),0,1,0
Aphelios/Lee Sin (IO/MT),Championless (BC/SI),0,1,0
Akshan/Nidalee (DE/SH),Neeko/Poppy (DE/RU),0,1,0
Kayle (BC/MT),Championless (BC/SI),0,1,0
Kayle (IO/MT),Neeko/Poppy (DE/RU),0,1,0
Jayce/Morgana (MT/PZ),Championless (SI),0,1,0
Championless (BC/SI),Lillia/Lulu (DE/IO),0,1,0
Akshan/Nasus (SI/SH),Lillia/Lulu (DE/IO),0,1,0
Rumble/Vayne (DE/NX),Lillia/Lulu (DE/IO),0,1,0
Rumble/Vayne (DE/NX),Ashe/Tahm Kench (BW/FR),0,1,0
Akshan/Nasus (SI/SH),Championless (BC/SI),0,1,0
Rumble/Vayne (DE/NX),Sett (IO/PZ),0,1,0
Rumble/Sion (BC/NX),LeBlanc/Rumble (NX/SI),0,1,0
Gnar/Neeko (FR/RU),Shyvana/Taric (DE/MT),0,1,0
Gnar/Udyr (FR/IO),Braum/Galio (DE/FR),0,1,0
Gnar/Udyr (FR/IO),Lulu (BC/PZ),0,1,0
Nidalee (BC/SH),Taric/Varus (MT/RU),0,1,0
Akshan/Varus (SH/RU),LeBlanc/Rumble (NX/SI),0,1,0
Senna/Veigar (BC/SI),Viktor (IO/PZ),0,1,0
Rumble/Vayne (DE/NX),Braum/Janna (FR/PZ),0,1,0
Rumble/Vayne (DE/NX),Kayle/Udyr (FR/MT),0,1,0
Braum/Kayle (FR/MT),Rumble/Vayne (DE/NX),0,1,0
Braum/Kayle (FR/MT),Lulu (BC/PZ),0,1,0
Braum/Kayle (FR/MT),Aatrox/Vayne (RU/DE),0,1,0
Darius/LeBlanc (FR/NX),Braum/Galio (DE/FR),0,1,0
Darius/LeBlanc (FR/NX),Championless (BC/SI),0,1,0
Darius/LeBlanc (FR/NX),Leona (MT/SH),0,1,0
Aphelios/Lee Sin/Morgana (IO/MT),Braum/Vladimir (FR/NX),0,1,0
Aphelios/Lee Sin/Morgana (IO/MT),Championless (SI/SH),0,1,0
Shyvana/Taric (DE/MT),Aphelios/Viktor (MT/PZ),0,1,0
Gnar/Sejuani (FR/PZ),Akshan/Lee Sin (IO/SH),0,1,0
Udyr (DE/FR),Akshan/Varus (SH/RU),0,1,0
Championless (SI),Riven/Taric (MT/NX),0,1,0
Rumble/Sion (BC/NX),Shyvana/Taric (DE/MT),0,1,0
Riven/Taric (MT/NX),Akshan/Lee Sin (IO/SH),0,1,0
Garen/Vi (DE/PZ),Akshan/Lee Sin (IO/SH),0,1,0
Gnar/Neeko (FR/RU),Leona (MT/SH),0,1,0
Lillia/Sett (BC/IO),Gnar/Neeko (FR/RU),0,1,0
Riven/Taric (MT/NX),Ashe/LeBlanc (FR/NX),0,1,0
Ashe/LeBlanc (FR/NX),Lulu/Poppy (BC/NX),0,1,0
Kalista/Thresh (FR/SI),Morgana/Udyr (DE/FR),0,1,0
Kalista/Thresh (FR/SI),Braum/Vladimir (FR/NX),0,1,0
Braum/Sejuani/Vladimir (FR/NX),Braum/Galio (DE/FR),0,1,0
Braum/Galio (DE/FR),Shyvana/Taric (DE/MT),0,1,0
Braum/Sejuani (DE/FR),Rumble/Vayne (DE/NX),0,1,0
Rumble/Vayne (DE/NX),Darius/Gnar (FR/NX),0,1,0
Riven/Taric (MT/NX),LeBlanc/Udyr (FR/NX),0,1,0
Viktor (IO/PZ),LeBlanc (FR/NX),0,1,0
Braum/Vladimir (FR/NX),Championless (SI/SH),0,1,0
Veigar (BC/SI),Championless (SI/SH),0,1,0
Championless (SI/SH),Riven/Taric (MT/NX),0,1,0
Janna/Nautilus (BW/PZ),Nasus/Thresh (SI/SH),0,1,0
Leona/Yasuo (IO/MT),Braum/Galio (DE/FR),0,1,0
Caitlyn/Jack (BW/PZ),Braum/Galio (DE/FR),0,1,0
Braum/Galio (DE/FR),Garen/Taric (DE/MT),0,1,0
Braum/Galio (DE/FR),Riven/Taric (MT/NX),0,1,0
Riven/Taric (MT/NX),Aatrox/Kayn (RU/RU),0,1,0
Akshan/Kai'Sa/Morgana (DE/SH),Akshan/Lee Sin (IO/SH),0,1,0
Kayle/Morgana (IO/MT),Morgana/Udyr (DE/FR),0,1,0
Gnar/Swain (BC/NX),Aphelios/Gnar (BC/MT),0,1,0
Janna/Yasuo (IO/PZ),Morgana/Vayne (DE/PZ),0,1,0
Kayle (FR/MT),Lillia/Sett (BC/IO),0,1,0
Illaoi/Vayne (BW/DE),Lee Sin/Viktor (IO/PZ),0,1,0
Ashe (FR/PZ),Viktor (IO/PZ),0,1,0
Braum/Galio (DE/FR),Riven/Vi (NX/PZ),0,1,0
Janna (BW/PZ),Maokai (BW/SI),0,1,0
Maokai/Nautilus (BW/SI),Janna/Yasuo (IO/PZ),0,1,0
Aphelios/Lee Sin (IO/MT),Lillia/Lulu (DE/IO),0,1,0
Akshan/Lee Sin (IO/SH),Akshan/Nidalee (DE/SH),0,1,0
Braum/Kayle (FR/MT),LeBlanc/Udyr (FR/NX),0,1,0
Akshan/Lee Sin (IO/SH),Braum/Udyr/Vladimir (FR/NX),0,1,0
Aatrox/Kayn (RU/RU),Braum/Udyr/Vladimir (FR/NX),0,1,0
Morgana/Shyvana (DE/MT),Janna/Sett (IO/PZ),0,1,0
Veigar (BC/SI),Galio/Udyr (DE/FR),0,1,0
Braum/Galio (DE/FR),Garen (DE/SH),0,1,0
Sivir/Vi (PZ/SH),Morgana/Udyr (DE/FR),0,1,0
Lillia/Sett (BC/IO),Braum/Galio (DE/FR),0,1,0
Galio/Shyvana (BC/DE),Darius/Gnar (FR/NX),0,1,0
Senna/Veigar (BC/SI),Gnar/Sejuani (FR/PZ),0,1,0
Kalista (SI),Jayce/Senna (PZ/SI),0,1,0
Ashe/Tahm Kench (BW/FR),Championless (PZ/SI),0,1,0
Gnar/Neeko (FR/RU),Championless (MT/SI),0,1,0
Championless (MT/SI),Kayle (FR/MT),0,1,0
Nasus/Thresh (SI/SH),Leona/Morgana (DE/MT),0,1,0
Akshan/Nidalee (DE/SH),Jayce/Lux (DE/PZ),0,1,0
Shyvana/Taric (DE/MT),Braum/Vladimir (FR/NX),0,1,0
Shyvana/Taric (DE/MT),Janna/Yasuo (IO/PZ),0,1,0
Garen (DE/SH),Shyvana/Taric (DE/MT),0,1,0
Gnar/Nidalee (BC/SH),Darius/LeBlanc (FR/NX),0,1,0
Lillia/Ryze (IO/RU),Lillia/Sett (BC/IO),0,1,0
Darius/Gnar (FR/NX),Tristana (BC/FR),0,1,0
Darius/Gnar (FR/NX),Jayce/Senna (PZ/SI),0,1,0
Akshan/Lee Sin (IO/SH),Leona (BW/MT),0,1,0
Leona/Malphite (IO/MT),Akshan/Kai'Sa (MT/SH),0,1,0
Lillia/Ryze (IO/RU),Aphelios/Yasuo (IO/MT),0,1,0
Braum/Lillia (FR/IO),Gnar/Jack (BC/BW),0,1,0
Garen (DE/SH),Jayce/Senna (PZ/SI),0,1,0
Braum/Janna (FR/PZ),Championless (SI),0,1,0
Aphelios/Kayle (BW/MT),Jayce/Lux (DE/PZ),0,1,0
Braum/Janna (FR/PZ),Kayle (BW/MT),0,1,0
Janna (FR/PZ),Maokai/Nautilus (BW/SI),0,1,0
Braum/Janna (FR/PZ),LeBlanc/Sivir (NX/SH),0,1,0
Braum/Janna (FR/PZ),Aphelios/Lee Sin (IO/MT),0,1,0
Akshan/Kai'Sa (MT/SH),Braum/Vladimir (FR/NX),0,1,0
LeBlanc/Udyr (FR/NX),Gnar/Nidalee (BC/SH),0,1,0
Lulu/Neeko (IO/RU),Gwen/LeBlanc (NX/SI),0,1,0
Kalista/LeBlanc (NX/SI),Leona (MT/SH),0,1,0
Championless (MT/SI),Aphelios/Yasuo (IO/MT),0,1,0
Shyvana (DE/MT),Nasus/Renekton (SH),0,1,0
Lee Sin/Viktor (IO/PZ),Leona (MT/SH),0,1,0
Swain/Yasuo (IO/NX),Lee Sin/Riven (IO/NX),0,1,0
Gwen/LeBlanc (NX/SI),Lee Sin/Riven (IO/NX),0,1,0
Nasus/Renekton (SH),Riven/Taric (MT/NX),0,1,0
Nasus/Udyr (FR/SH),Poppy/Shen (DE/IO),0,1,0
Poppy/Shen (DE/IO),Riven/Taric (MT/NX),0,1,0
Poppy/Shen (DE/IO),Swain/Yasuo (IO/NX),0,1,0
Ashe (FR/PZ),Kayle/Morgana (BW/MT),0,1,0
Braum/Vladimir (FR/NX),Aphelios/Kayle (BW/MT),0,1,0
Riven/Taric (MT/NX),Shyvana/Taric (DE/MT),0,1,0
Riven/Taric (MT/NX),Jack/Sett (BW/IO),0,1,0
Janna/Malphite (MT/PZ),Riven/Taric (MT/NX),0,1,0
Garen (DE/SH),Kayn (RU/PZ),0,1,0
Gwen/Kalista (FR/SI),Aphelios/Lee Sin (IO/MT),0,1,0
Shen (IO/NX),Kalista (SI),0,1,0
Garen/Udyr (DE/FR),Kalista (SI),0,1,0
Rumble/Sion (BC/NX),Championpile (DE/SH),0,1,0
Rumble/Sion (BC/NX),Darius/LeBlanc (FR/NX),0,1,0
Janna (PZ/SI),Shyvana/Taric (DE/MT),0,1,0
Darius/LeBlanc (FR/NX),Maokai (BW/SI),0,1,0
Championpile (DE/SH),Braum/Vladimir (FR/NX),0,1,0
Neeko/Poppy (DE/RU),Garen (DE),0,1,0
LeBlanc (FR/NX),Galio/Morgana (DE/FR),0,1,0
LeBlanc/Udyr (FR/NX),Kalista/LeBlanc (NX/SI),0,1,0
Neeko/Poppy (DE/RU),Kalista/LeBlanc (NX/SI),0,1,0
Nasus/Thresh (SI/SH),Darius/LeBlanc (FR/NX),0,1,0
Sett (IO/SH),Swain/Yasuo (IO/NX),0,1,0
Ashe/Tahm Kench (BW/FR),Aphelios/Jayce (MT/PZ),0,1,0
Jack/Sett (BW/IO),Rumble/Vayne (DE/NX),0,1,0
Aatrox/Kayn (RU/RU),Morgana/Vayne (DE/PZ),0,1,0
LeBlanc (FR/NX),Udyr (FR/IO),0,1,0
Senna (PZ/SI),Kayle (FR/MT),0,1,0
Yasuo (IO/PZ),Aphelios/Lee Sin (IO/MT),0,1,0
Aphelios/Kayle (BW/MT),Akshan/Lee Sin (IO/SH),0,1,0
LeBlanc/Sion (NX/SI),Akshan/Lee Sin (IO/SH),0,1,0
Aphelios/Jayce (MT/PZ),Senna/Veigar (BC/SI),0,1,0
Jayce (FR/PZ),Kayle (FR/MT),0,1,0
Akshan/Varus (SH/RU),Udyr (FR/IO),0,1,0
Kayle (BW/MT),Udyr (FR/IO),0,1,0
Ashe (FR/PZ),Swain/Yasuo (IO/NX),0,1,0
Leona/Morgana (DE/MT),Jayce/Lux (DE/PZ),0,1,0
Neeko (BC/RU),Braum/Vladimir (FR/NX),0,1,0
Udyr (FR/IO),Jack/Sett (BW/IO),0,1,0
Kayle (FR/MT),Neeko/Poppy (DE/RU),0,1,0
Championless (SI/SH),Neeko/Poppy (DE/RU),0,1,0
Senna/Veigar (BC/SI),Neeko (BC/RU),0,1,0
Senna/Veigar (BC/SI),Aphelios/Kayle (BW/MT),0,1,0
Jayce (FR/PZ),Senna/Veigar (BC/SI),0,1,0
Championless (SI/SH),Aphelios/Kayle (BW/MT),0,1,0
Kalista (SI),Gnar/Sivir (FR/SH),0,1,0
Shyvana/Vayne (DE/FR),Kayle (BW/MT),0,1,0
Ashe/LeBlanc (FR/NX),Shyvana/Vayne (DE/FR),0,1,0
Kayle (FR/MT),Championless (SI),0,1,0
Neeko (RU/PZ),Gnar/Udyr (FR/IO),0,1,0
Udyr (FR/IO),Neeko (BC/RU),0,1,0
Galio/Udyr (DE/FR),Akshan/Morgana (MT/SH),0,1,0
Janna/Viktor (BW/PZ),Swain/Yasuo (IO/NX),0,1,0
Jack/Sett (BW/IO),Swain/Yasuo (IO/NX),0,1,0
Akshan/Morgana (MT/SH),Leona (MT/SH),0,1,0
Aphelios/Kayle (BW/MT),Sett (IO/PZ),0,1,0
Neeko (BC/RU),Jayce/Lux (DE/PZ),0,1,0
Lulu/Neeko (IO/RU),Leona (MT/SH),0,1,0
Akshan/Nidalee/Sivir (DE/SH),Akshan/Varus (SH/RU),0,1,0
Leona (MT/SH),LeBlanc (FR/NX),0,1,0
Rumble/Viktor (BC/PZ),LeBlanc (FR/NX),0,1,0
Galio/Poppy (DE/FR),Akshan/Varus (SH/RU),0,1,0
Championless (SI/SH),Rumble/Viktor (BC/PZ),0,1,0
Braum/Galio (DE/FR),Championless (SI/SH),0,1,0
Janna (BW/PZ),Championless (SI/SH),0,1,0
Leona (MT/SH),Kalista (SI),0,1,0
Morgana/Vayne (DE/FR),Akshan/Varus (SH/RU),0,1,0
Jax/Ornn (FR/RU),LeBlanc/Rumble (NX/SI),0,1,0
Gwen/Kalista (NX/SI),Udyr (FR/IO),0,1,0
Sett (IO/PZ),Sivir (FR/SH),0,1,0
Nasus/Senna (SI/SH),Garen/Taric (DE/MT),0,1,0
Leona (MT/SH),Aatrox/Kayn (RU/RU),0,1,0
Janna (PZ/SI),Maokai (BW/SI),0,1,0
Galio/Poppy (DE/FR),Braum/Galio (DE/FR),0,1,0
Ashe/Tahm Kench (BW/FR),Jack/Sett (BW/IO),0,1,0
Aphelios/Morgana (IO/MT),Nidalee (FR/SH),0,1,0
Nidalee (FR/SH),Gwen/LeBlanc (NX/SI),0,1,0
Sett (IO/PZ),Nidalee (FR/SH),0,1,0
Aphelios/Yasuo (IO/MT),Gwen/Vayne (DE/SI),0,1,0
Sivir (FR/SH),Gwen/Vayne (DE/SI),0,1,0
Nidalee (BC/SH),Braum/Galio (DE/FR),0,1,0
Morgana/Udyr (DE/FR),Gnar/Tristana (BC/BW),0,1,0
Akshan/Lee Sin (IO/SH),Gnar/Tristana (BC/BW),0,1,0
Gwen/Kalista (NX/SI),Aphelios/Yasuo (IO/MT),0,1,0
Gwen/Kalista (NX/SI),Gwen/LeBlanc (NX/SI),0,1,0
Gwen/Kalista (NX/SI),Ashe (FR/SI),0,1,0
Riven/Sejuani (FR/NX),Jayce/Lux (DE/PZ),0,1,0
Janna/Yasuo (IO/PZ),Gwen/LeBlanc (NX/SI),0,1,0
Nasus/Thresh (SI/SH),Kayle (FR/MT),0,1,0
LeBlanc/Rumble (NX/SI),Aphelios/Yasuo (IO/MT),0,1,0
Aphelios/Viktor (MT/PZ),Aphelios/Yasuo (IO/MT),0,1,0
Aphelios/Yasuo (IO/MT),Championless (PZ/SI),0,1,0
Janna (PZ/SI),Aphelios/Yasuo (IO/MT),0,1,0
Garen/Gnar/Shyvana (DE/FR),Janna/Sett (IO/PZ),0,1,0
Garen/Gnar/Shyvana (DE/FR),Lee Sin/Viktor (IO/PZ),0,1,0
Kayle (FR/MT),Akshan/Lee Sin (IO/SH),0,1,0
Sejuani (BC/FR),Neeko/Poppy (DE/RU),0,1,0
Gwen (NX/SI),Braum/Galio (DE/FR),0,1,0
Championpile (DE/SH),Akshan/Morgana (DE/SH),0,1,0
Kalista (SI),Akshan/Morgana (DE/SH),0,1,0
Akshan/Morgana (DE/SH),Aatrox/Varus (RU/RU),0,1,0
Morgana/Vayne (DE/FR),Akshan/Lee Sin (IO/SH),0,1,0
Nidalee (BC/SH),Gnar/Tristana (BC/BW),0,1,0
Darius/Gwen (NX/SI),Garen (DE/SH),0,1,0
Udyr (FR/IO),Braum/Shen (FR/IO),0,1,0
Kayle (FR/MT),Nidalee (BC/SH),0,1,0
Aphelios/Lee Sin (IO/MT),Aphelios/Yasuo (IO/MT),0,1,0
Jack/Sett (BW/IO),Leona (MT/SH),0,1,0
Garen (DE/SH),Maokai (BW/SI),0,1,0
Janna/Sett (IO/PZ),Gnar/Sivir (FR/SH),0,1,0
Braum/Morgana (DE/FR),Rumble/Sion (BC/NX),0,1,0
Garen/Gnar/Shyvana (DE/FR),Akshan/Lee Sin (IO/SH),0,1,0
Aphelios/Lee Sin (IO/MT),Sett (IO/SI),0,1,0
Taric/Varus (MT/RU),Darius/Gnar (FR/NX),0,1,0
LeBlanc (FR/NX),Braum/Galio (DE/FR),0,1,0
LeBlanc/Sivir (NX/SH),Braum/Galio (DE/FR),0,1,0
Illaoi/Kalista (BW/SI),Aphelios/Lee Sin (IO/MT),0,1,0
Shyvana/Taric (DE/MT),Aphelios/Lee Sin (IO/MT),0,1,0
Braum/Morgana (DE/FR),LeBlanc/Sivir (NX/SH),0,1,0
Championless (SI/SH),Championless (PZ/SI),0,1,0
LeBlanc/Sion (NX/SI),Championless (PZ/SI),0,1,0
Taric/Varus (MT/RU),Championless (SI/SH),0,1,0
Galio/Udyr (DE/FR),Championless (SI/SH),0,1,0
Taric/Varus (MT/RU),Kalista (SI),0,1,0
Akshan/Morgana (DE/SH),Braum/Galio (DE/FR),0,1,0
Akshan/Morgana (DE/SH),Gwen/LeBlanc (NX/SI),0,1,0
LeBlanc/Sivir (NX/SH),LeBlanc (FR/NX),0,1,0
Braum/Galio (DE/FR),Darius/Sion (NX),0,1,0
Maokai/Nautilus (BW/SI),Braum/Morgana (DE/FR),0,1,0
Galio/Taric (DE/MT),Akshan/Lee Sin (IO/SH),0,1,0
Leona (MT/SH),Championless (MT/SI),0,1,0
Jayce/Lux (DE/PZ),Gnar/Tristana (BC/NX),0,1,0
Gwen/Sejuani (FR/SI),Akshan/Lee Sin (IO/SH),0,1,0
Championless (SI),Gwen/Sejuani (FR/SI),0,1,0
Jayce (PZ/SI),Sett (IO/SI),0,1,0
Illaoi/Kalista (BW/SI),Jayce/Lux (DE/PZ),0,1,0
Neeko (BC/RU),Sett (IO/PZ),0,1,0
Morgana/Udyr (DE/FR),Galio/Morgana/Shyvana (DE/MT),0,1,0
Akshan/Lee Sin (IO/SH),Illaoi/Kalista (BW/SI),0,1,0
Kalista (SI),Jayce (PZ/SI),0,1,0
Malphite/Yasuo (IO/MT),Shyvana (DE/MT),0,1,0
Galio/Udyr (DE/FR),Shyvana (DE/MT),0,1,0
Braum/Gnar (FR/IO),Lillia/Ryze (IO/RU),0,1,0
Kayle (BW/MT),Akshan/Janna (PZ/SH),0,1,0
Janna/Sett (IO/PZ),Braum/Gnar (FR/IO),0,1,0
Jax/Tristana (BC/RU),Sett (IO/PZ),0,1,0
Championless (SI),Jayce/Senna (PZ/SI),0,1,0
Swain/Yasuo (IO/NX),Morgana/Udyr (DE/FR),0,1,0
Braum/Shen (FR/IO),Championless (MT/SI),0,1,0
Shyvana/Vayne (DE/MT),Galio/Udyr (DE/FR),0,1,0
Kayle (FR/MT),Shyvana (DE/MT),0,1,0
Sejuani/Swain (FR/NX),Leona (MT/SH),0,1,0
Braum/Udyr (FR/IO),Aatrox/Kayn (RU/RU),0,1,0
Braum/Shen (FR/IO),Ashe/LeBlanc (FR/NX),0,1,0
Championpile (DE/SH),Galio/Udyr (DE/FR),0,1,0
Leona (MT/SH),Darius/Gnar (FR/NX),0,1,0
Braum/Vladimir (FR/NX),Leona (MT/SH),0,1,0
Lee Sin/Viktor (IO/PZ),LeBlanc (FR/NX),0,1,0
Galio/Morgana/Shyvana (DE/MT),Jayce/Lux (DE/PZ),0,1,0
Gangplank/Sejuani (BW/FR),Kayle/Morgana (DE/MT),0,1,0
Gnar/Tristana (BC/BW),Gnar/Sejuani (FR/PZ),0,1,0
Braum/Morgana (DE/FR),Gwen/Kalista (SI),0,1,0
Galio/Udyr (DE/FR),Garen/Lillia (DE/IO),0,1,0
Galio/Udyr (DE/FR),Garen/Poppy (DE),0,1,0
Shen/Udyr (FR/IO),Maokai/Nautilus (BW/SI),0,1,0
Lillia/Lulu (DE/IO),Shyvana (DE/MT),0,1,0
Poppy/Tristana (BC/DE),Jayce/Lux (DE/PZ),0,1,0
Kalista (SI),LeBlanc/Leona (MT/NX),0,1,0
Kayle/Morgana (DE/MT),Neeko/Poppy (DE/RU),0,1,0
Neeko/Poppy (BC/RU),Nasus/Renekton (SH),0,1,0
Gwen/Kalista (SI),Nasus/Renekton (SH),0,1,0
Braum/Janna (FR/PZ),Jack/Sett (BW/IO),0,1,0
Neeko/Poppy (BC/RU),Shen/Udyr (FR/IO),0,1,0
Darius/LeBlanc (FR/NX),Shyvana (DE/MT),0,1,0
Braum/Gnar (FR/IO),Kalista (SI),0,1,0
Maokai (BW/SI),LeBlanc/Rumble (NX/SI),0,1,0
LeBlanc/Rumble (NX/SI),Janna/Maokai (PZ/SI),0,1,0
Championless (SI/SH),Shen/Sivir (IO/SH),0,1,0
LeBlanc/Leona (MT/NX),Swain/Yasuo (IO/NX),0,1,0
LeBlanc (FR/NX),Maokai (BW/SI),0,1,0
Aphelios/Lee Sin (IO/MT),Shyvana (DE/MT),0,1,0
Taric/Varus (MT/RU),Akshan/Lee Sin (IO/SH),0,1,0
Galio/Morgana/Shyvana (DE/MT),Senna/Veigar (BC/SI),0,1,0
Championless (SI/SH),Neeko/Poppy (BC/RU),0,1,0
Leona/Morgana (DE/MT),Kayle/Lillia (IO/MT),0,1,0
Garen (DE/SH),Championless (SI/SH),0,1,0
Kalista (SI),Leona/Malphite (IO/MT),0,1,0
Nidalee (BC/SH),Akshan/Morgana (DE/SH),0,1,0
Leona/Malphite (IO/MT),Braum/Lillia (FR/IO),0,1,0
Gnar/Tristana (BC/BW),Kalista (SI),0,1,0
Swain/Yasuo (IO/NX),Shyvana (DE/MT),0,1,0
Illaoi (BW/FR),Nasus (SI/SH),0,1,0
Morgana/Udyr (DE/FR),Sett (IO/SH),0,1,0
Sett (IO/SH),Galio/Udyr (DE/FR),0,1,0
Lulu/Poppy (DE/IO),Ryze (IO/RU),0,1,0
Braum (FR/IO),Galio/Udyr (DE/FR),0,1,0
Shen/Udyr (FR/IO),Jayce/Lux (DE/PZ),0,1,0
Gwen/LeBlanc (NX/SI),Darius/LeBlanc (FR/NX),0,1,0
LeBlanc/Sivir (NX/SH),Braum/Galio/Udyr (DE/FR),0,1,0
Jack/Sett (BW/IO),Shen/Udyr (FR/IO),0,1,0
Taric/Varus (MT/RU),Galio/Udyr (DE/FR),0,1,0
Shyvana (DE/MT),Kayle/Morgana (BW/MT),0,1,0
Ashe/Garen (DE/FR),Braum/Galio (DE/FR),0,1,0
Galio/Morgana/Shyvana (DE/MT),Kayle/Morgana (IO/MT),0,1,0
LeBlanc/Rumble (NX/SI),Maokai/Nautilus (BW/SI),0,1,0
Leona/Malphite (IO/MT),Janna (IO/PZ),0,1,0
Braum/Galio/Udyr (DE/FR),Akshan/Lee Sin (IO/SH),0,1,0
Lulu/Poppy (DE/IO),Jack/Sett (BW/IO),0,1,0
Lulu/Poppy (BC/MT),Senna/Veigar (BC/SI),0,1,0
Akshan/Morgana (MT/SH),Lulu/Poppy (DE/IO),0,1,0
Lulu/Poppy (DE/IO),Nasus/Thresh (SI/SH),0,1,0
Jax/Neeko (RU/RU),Akshan/Varus (SH/RU),0,1,0
Shen/Udyr (FR/IO),Senna/Veigar (BC/SI),0,1,0
Jax/Neeko (RU/RU),Championless (IO/PZ),0,1,0
Gwen/LeBlanc (NX/SI),Kai'Sa (DE/SH),0,1,0
Championless (IO/PZ),Darius/Gnar (FR/NX),0,1,0
Championless (IO/PZ),Aatrox/Kayn (RU/RU),0,1,0
Maokai/Nautilus (BW/SI),Championless (IO/PZ),0,1,0
Kai'Sa/Viktor (PZ/SH),Rumble/Sion (BC/NX),0,1,0
Kayle (FR/MT),Championless (PZ/SI),0,1,0
Leona (MT/SH),Championless (PZ/SI),0,1,0
Janna (BW/PZ),Braum/Galio (DE/FR),0,1,0
Kalista/Morgana (DE/SI),Galio/Udyr (DE/FR),0,1,0
Kalista (IO/SI),Darius/LeBlanc (FR/NX),0,1,0
Viktor (PZ/SI),Gwen/LeBlanc (NX/SI),0,1,0
Janna (IO/PZ),Sett (IO/PZ),0,1,0
Kalista/Morgana (DE/SI),Darius/Gwen (NX/SI),0,1,0
Kalista/Morgana (DE/SI),Swain/Vladimir (BW/NX),0,1,0
Rumble/Sion (BC/NX),Lillia/Lulu (DE/IO),0,1,0
Sett (IO/SH),Nasus/Thresh (SI/SH),0,1,0
Lulu/Poppy (BC/MT),Janna/Sett (IO/PZ),0,1,0
Jax/Neeko (RU/RU),Morgana/Udyr (DE/FR),0,1,0
Akshan/Nasus (SI/SH),Sett (IO/PZ),0,1,0
Nasus (SI/SH),Akshan/Morgana (DE/SH),0,1,0
Galio/Udyr (DE/FR),Ashe/Jayce (FR/PZ),0,1,0
Lee Sin/Udyr (FR/IO),Garen (DE/SH),0,1,0
Garen/Taric (DE/MT),Sett (IO/PZ),0,1,0
Akshan/Morgana (DE/SH),Caitlyn/Swain (NX/PZ),0,1,0
Garen (DE/SH),Lillia/Lulu (DE/IO),0,1,0
Kayle (BW/MT),Gnar/Tristana (BC/NX),0,1,0
Garen (DE/SH),Gnar/Tristana (BC/NX),0,1,0
Lillia/Ryze (IO/RU),Nasus/Thresh (SI/SH),0,1,0
Akshan/Kai'Sa (MT/SH),Darius/Gnar (FR/NX),0,1,0
Ashe (FR/PZ),Kayle/Morgana (DE/MT),0,1,0
Championless (SI/SH),Kalista/LeBlanc (NX/SI),0,1,0
Kalista/LeBlanc (NX/SI),Nasus (SI/SH),0,1,0
Jayce/Lux (DE/PZ),Ashe/Braum (FR/PZ),0,1,0
Kayle/Morgana (DE/MT),Kalista/Morgana (DE/SI),0,1,0
Kayle/Morgana (DE/MT),Galio/Udyr (DE/FR),0,1,0
Championless (PZ/SI),Kayle/Morgana (DE/MT),0,1,0
Galio/Udyr (DE/FR),Ashe (FR/SI),0,1,0
Ashe (FR/SI),Aphelios/Yasuo (IO/MT),0,1,0
Aphelios/Yasuo (IO/MT),Galio/Shyvana (BC/DE),0,1,0
Championless (PZ/SI),Aatrox/Morgana/Vayne (RU/DE),0,1,0
Ashe/LeBlanc (FR/NX),Gnar/Kalista (FR/SI),0,1,0
Gnar/Illaoi (BW/FR),Kayle (BW/MT),0,1,0
Senna/Veigar (BC/SI),Gnar/Illaoi (BW/FR),0,1,0
Championless (MT/SI),Akshan/Sivir (NX/SH),0,1,0
Akshan/Senna (SI/SH),Aatrox/Kayn (RU/RU),0,1,0
Aphelios/Lee Sin (IO/MT),Aatrox/Kayn (RU/RU),0,1,0
Swain/Yasuo (IO/NX),Championless (MT/SI),0,1,0
Braum/Lillia (FR/IO),Galio/Garen (DE/MT),0,1,0
Galio/Garen (DE/MT),Aphelios/Viktor (MT/PZ),0,1,0
Galio/Garen (DE/MT),Gwen/Udyr (FR/SI),0,1,0
Gwen/Riven (NX/SI),Galio/Garen (DE/MT),0,1,0
Sion (NX/SI),Galio/Garen (DE/MT),0,1,0
Gwen/Udyr (FR/SI),Gnar/Nidalee (BC/SH),0,1,0
Lulu/Shen (IO/MT),Morgana/Udyr (DE/FR),0,1,0
Garen/Shyvana (DE/MT),Aatrox/Morgana/Vayne (RU/DE),0,1,0
Gwen/Kalista (NX/SI),Gnar/Illaoi (BW/FR),0,1,0
Akshan/Sivir (NX/SH),Gnar/Illaoi (BW/FR),0,1,0
Braum/Gnar/Sejuani (BC/FR),Akshan/Varus (SH/RU),0,1,0
Nidalee (BC/SH),Akshan/Senna (SI/SH),0,1,0
Gnar/Sejuani (BC/FR),Gnar/Illaoi (BW/FR),0,1,0
Darius/Gnar (FR/NX),Poppy/Taric (DE/MT),0,1,0
Darius/Shen (IO/NX),Darius/Gnar (FR/NX),0,1,0
Gwen/Vayne (DE/SI),Gwen/Janna (PZ/SI),0,1,0
Gwen/Janna (PZ/SI),Riven/Viktor (NX/PZ),0,1,0
Caitlyn/Swain (NX/PZ),Jax/Ornn (FR/RU),0,1,0
Gnar/Kayle (FR/MT),Jax/Ornn (FR/RU),0,1,0
Gnar/Illaoi (BW/FR),Galio/Morgana (DE/MT),0,1,0
Gnar/Illaoi (BW/FR),Akshan/Udyr (FR/SH),0,1,0
Gwen (PZ/SI),Ashe/LeBlanc (FR/NX),0,1,0
Braum/Gnar/Sejuani (BC/FR),LeBlanc/Udyr (FR/NX),0,1,0
Aphelios/Jack (BW/MT),Jax/Ornn (FR/RU),0,1,0
Braum/Gnar/Sejuani (BC/FR),Nasus/Senna (SI/SH),0,1,0
Sett (IO/PZ),Braum/Gnar/Sejuani (BC/FR),0,1,0
Lillia/Malphite (IO/MT),Braum/Gnar/Sejuani (BC/FR),0,1,0
Riven/Viktor (NX/PZ),Gwen (PZ/SI),0,1,0
Braum/Gnar/Sejuani (BC/FR),Darius/Gnar (FR/NX),0,1,0
Gwen/Vayne (DE/SI),Akshan/Sivir (NX/SH),0,1,0
Ashe/Tahm Kench (BW/FR),Akshan/Morgana (DE/SH),0,1,0
Gwen/Vi (PZ/SI),Akshan/Morgana (DE/SH),0,1,0
Akshan/Jax (RU/SH),Akshan/Varus (SH/RU),0,1,0
Gwen/Udyr (FR/SI),Nidalee (BC/SH),0,1,0
Akshan/Lee Sin (IO/SH),Akshan/Gwen (SI/SH),0,1,0
Morgana/Udyr (DE/FR),Akshan/Gwen (SI/SH),0,1,0
LeBlanc/Riven (FR/NX),Senna/Veigar (BC/SI),0,1,0
Senna/Veigar (BC/SI),Akshan/Gwen (SI/SH),0,1,0
Akshan/Gwen (SI/SH),Riven/Viktor (NX/PZ),0,1,0
Senna/Veigar (BC/SI),Morgana (BC/MT),0,1,0
Malphite/Yasuo (IO/MT),Akshan/Gwen (SI/SH),0,1,0
Aatrox/Kayn (RU/RU),Akshan/Gwen (SI/SH),0,1,0
Akshan/Gwen (SI/SH),Darius/Shen (IO/NX),0,1,0
Gnar/Swain (BC/NX),Gangplank/Sejuani (BW/FR),0,1,0
Illaoi (BW/NX),Akshan/Morgana (DE/SH),0,1,0
Gnar/Nidalee (BC/SH),Jax/Ornn (FR/RU),0,1,0
Janna/Sett (IO/PZ),Galio/Morgana (DE/MT),0,1,0
Akshan/Nasus/Udyr (FR/SH),Galio/Morgana (DE/MT),0,1,0
Akshan/Vayne (DE/SH),Akshan/Varus (SH/RU),0,1,0
Gwen/Riven (NX/SI),Morgana (BC/MT),0,1,0
Gwen/Sejuani (FR/SI),Senna/Veigar (BC/SI),0,1,0
Neeko/Poppy (BC/RU),Galio/Udyr (DE/FR),0,1,0
Lillia/Yasuo (FR/IO),Janna/Sett (IO/PZ),0,1,0
Kai'Sa/Viktor (PZ/SH),Aphelios/Lee Sin (IO/MT),0,1,0
Championless (SI),Garen (DE/FR),0,1,0
Gnar/LeBlanc (FR/NX),Morgana/Udyr (DE/FR),0,1,0
Kalista (PZ/SI),Darius (FR/NX),0,1,0
Nidalee (BC/SH),Akshan/Sivir (NX/SH),0,1,0
Aphelios/Morgana (MT/SI),Galio/Morgana (DE/MT),0,1,0
Kalista (PZ/SI),Lulu/Shen (DE/IO),0,1,0
Kalista (PZ/SI),Ashe (FR/PZ),0,1,0
Kayle (BW/MT),Kalista (PZ/SI),0,1,0
Kalista (PZ/SI),Akshan/Riven (NX/SH),0,1,0
Janna (BW/PZ),Morgana/Udyr (DE/FR),0,1,0
Sett (IO/PZ),Aphelios/Lee Sin (IO/MT),0,1,0
Sett (IO/PZ),Gwen/Vi (PZ/SI),0,1,0
Galio/Udyr (DE/FR),Aphelios/Lee Sin (IO/MT),0,1,0
Galio/Morgana (DE/MT),Akshan/Morgana (DE/SH),0,1,0
Poppy/Tristana (BC/NX),Galio/Udyr (DE/FR),0,1,0
Gnar (DE/FR),Akshan/Morgana (DE/SH),0,1,0
Janna/Sett (IO/PZ),Poppy/Tristana (BC/NX),0,1,0
Akshan/Nasus/Udyr (FR/SH),Braum/Vladimir (FR/NX),0,1,0
Galio/Udyr (DE/FR),Gwen/Vi (PZ/SI),0,1,0
Akshan/Lee Sin (IO/SH),Poppy/Tristana (BC/NX),0,1,0
Kayle (BW/MT),Gwen/Vi (PZ/SI),0,1,0
Akshan/Udyr (FR/SH),Lillia/Udyr (FR/IO),0,1,0
Akshan/Braum (FR/SH),Jax/Ornn (FR/RU),0,1,0
Gwen/Kalista (PZ/SI),Akshan/Braum (FR/SH),0,1,0
Gwen/Kalista (NX/SI),Jax/Ornn (FR/RU),0,1,0
Championless (FR/MT),Championless (SI),0,1,0
Swain/Vladimir (FR/NX),Braum/Lillia (FR/IO),0,1,0
Nidalee (BC/SH),Gwen/Vi (PZ/SI),0,1,0
Jack/Sett (BW/IO),Neeko (RU/SH),0,1,0
Akshan/Aphelios/Morgana (MT/SH),Championless (PZ/SI),0,1,0
LeBlanc (FR/NX),Poppy/Tristana (BC/NX),0,1,0
Darius/Gnar (FR/NX),Gnar (DE/FR),0,1,0
Akshan/Lee Sin (IO/SH),Gwen/Vi (PZ/SI),0,1,0
Gwen/Vi (PZ/SI),Swain (BC/NX),0,1,0
Senna (PZ/SI),Gwen/Vi (PZ/SI),0,1,0
Kalista (MT/SI),Akshan/Nasus (SI/SH),0,1,0
Akshan/Aphelios/Morgana (MT/SH),Darius/Gnar (FR/NX),0,1,0
Braum/Vladimir (FR/NX),Akshan/Aphelios/Morgana (MT/SH),0,1,0
Ashe/Jayce (FR/PZ),Akshan/Nasus (SI/SH),0,1,0
Braum (FR/IO),Nidalee (BC/SH),0,1,0
Morgana/Udyr (DE/FR),Braum/Morgana (FR/MT),0,1,0
Lillia/Udyr (FR/IO),Braum/Lillia (FR/IO),0,1,0
Gnar (DE/FR),Nidalee (BC/SH),0,1,0
Akshan/Renekton (SH),Jax/Ornn (FR/RU),0,1,0
Galio/Udyr (DE/FR),Akshan/Nasus (SI/SH),0,1,0
Akshan/Nasus (SI/SH),Udyr/Vayne (DE/FR),0,1,0
Lillia/Udyr (FR/IO),Akshan/Nasus (SI/SH),0,1,0
Akshan/Nasus (SI/SH),Kalista/Nasus (SI/SH),0,1,0
Sivir/Udyr (FR/SH),Championless (SI),0,1,0
Gnar (DE/FR),Lillia/Udyr (FR/IO),0,1,0
Akshan/Varus (SH/RU),LeBlanc/Sion (BC/NX),0,1,0
LeBlanc/Sion (BC/NX),Lee Sin/Viktor (IO/PZ),0,1,0
Garen/Morgana (DE/IO),Morgana/Udyr (DE/FR),0,1,0
Nasus/Thresh (SI/SH),Jax/Kayn (RU/RU),0,1,0
Galio/Morgana (DE/MT),Akshan/Nasus (SI/SH),0,1,0
Ashe/Caitlyn (FR/PZ),Jax/Ornn (FR/RU),0,1,0
Senna/Veigar (BC/SI),Ryze (RU/SH),0,1,0
Gnar/Sejuani (BC/FR),Kai'Sa/Sivir (BW/SH),0,1,0
Gnar (DE/FR),Kalista/Nasus (SI/SH),0,1,0
Nasus (SI/SH),Gnar/Nidalee (BC/SH),0,1,0
Jack/Sett (BW/IO),Ornn/Sejuani (FR),0,1,0
Janna/Viktor (PZ/SI),Jack/Sett (BW/IO),0,1,0
Akshan/Nasus (SI/SH),Nidalee (BC/SH),0,1,0
Sett (IO/PZ),Gwen (NX/SI),0,1,0
Ornn/Sejuani (FR),Senna/Veigar (BC/SI),0,1,0
Nasus/Renekton (SH),Kalista/Nasus (SI/SH),0,1,0
Ryze (RU/SH),Jack/Sett (BW/IO),0,1,0
Neeko (FR/RU),Jack/Sett (BW/IO),0,1,0
Ryze (RU/SH),Janna/Sett (IO/PZ),0,1,0
Kalista/Nasus (SI/SH),Janna/Sett (IO/PZ),0,1,0
Janna/Morgana/Viktor (MT/PZ),Akshan/Lee Sin (IO/SH),0,1,0
Jack/Sett (BW/IO),Lulu/Taric (IO/MT),0,1,0
Jack/Sett (BW/IO),Akshan/Sett (IO/SH),0,1,0
Gangplank/Kalista (BW/SI),Jack/Sett (BW/IO),0,1,0
Jack/Sett (BW/IO),Gwen/Sivir (SI/SH),0,1,0
Sejuani/Swain (FR/NX),Neeko/Poppy (BC/RU),0,1,0
Gwen/Sivir (SI/SH),Akshan/Varus (SH/RU),0,1,0
Jayce (FR/PZ),Jack/Sett (BW/IO),0,1,0
Sett/Udyr (FR/IO),Jack/Sett (BW/IO),0,1,0
Gwen (NX/SI),Riven/Rumble (BC/NX),0,1,0
Darius/Gnar (FR/NX),Renekton/Sivir (SH),0,1,0
Akshan/Lee Sin (IO/SH),Lillia/Yasuo (FR/IO),0,1,0
Ashe/Caitlyn (FR/PZ),Maokai (BW/SI),0,1,0
Aphelios/Lee Sin (IO/MT),Lillia (FR/IO),0,1,0
Sett/Yasuo (FR/IO),Braum/Vladimir (FR/NX),0,1,0
Akshan/Varus (SH/RU),Nidalee/Renekton (SH),0,1,0
Lillia/Yasuo (FR/IO),Janna/Sett/Viktor (IO/PZ),0,1,0
Kalista/Thresh (SI),Ashe (FR/PZ),0,1,0
Poppy (BC/PZ),Lee Sin/Viktor (IO/PZ),0,1,0
Aphelios/Viktor (MT/PZ),Gwen/Vi (PZ/SI),0,1,0
Gwen/Vi (PZ/SI),Akshan/Riven (NX/SH),0,1,0
Lee Sin/Viktor (IO/PZ),Akshan/Morgana (DE/SH),0,1,0
Jack/Sett (BW/IO),Darius/Lulu (IO/NX),0,1,0
Jack/Sett (BW/IO),Akshan/Morgana (DE/SH),0,1,0
Akshan/Morgana (DE/SH),Ashe (FR/PZ),0,1,0
Akshan/Varus (SH/RU),Kalista/Sion (NX/SI),0,1,0
Nautilus/Thresh (BW/SI),Akshan/Nasus (SI/SH),0,1,0
Kayle/Ornn (FR/MT),Braum/Lillia (FR/IO),0,1,0
Aatrox/Kayn (RU/RU),Kayle/Ornn (FR/MT),0,1,0
Ornn/Renekton (FR/SH),Jack/Sett (BW/IO),0,1,0
Aphelios/Lee Sin (IO/MT),Jack/Sett (BW/IO),0,1,0
Akshan/Sivir (PZ/SH),Leona/Yasuo (IO/MT),0,1,0
Gangplank/Sejuani (BW/FR),Akshan/Udyr (FR/SH),0,1,0
Akshan/Nasus (SI/SH),Braum/Udyr (FR/MT),0,1,0
Aatrox/Illaoi (RU/BW),Aphelios/Lee Sin (IO/MT),0,1,0
Darius/Lulu (IO/NX),Aphelios/Lee Sin (IO/MT),0,1,0
Janna (IO/PZ),Aphelios/Lee Sin (IO/MT),0,1,0
Kalista (SI/SH),Lee Sin/Viktor (IO/PZ),0,1,0
Akshan/Lee Sin (IO/SH),Aatrox/Illaoi (RU/BW),0,1,0
Akshan/Nasus (SI/SH),Braum/Kayle (FR/MT),0,1,0
Gnar/Neeko (FR/RU),Illaoi (BW/NX),0,1,0
Braum/Vladimir (FR/NX),Neeko/Poppy (BC/RU),0,1,0
Darius/Gnar (FR/NX),Darius/Ornn (FR/NX),0,1,0
Galio/Morgana (DE/MT),Rumble/Sion (BC/NX),0,1,0
Kayle (MT/SI),Jack/Sett (BW/IO),0,1,0
Lillia/Udyr (FR/IO),Illaoi (BW/NX),0,1,0
Galio/Morgana (DE/MT),LeBlanc/Udyr (FR/NX),0,1,0
Morgana (BC/MT),Poppy/Tristana (BC/NX),0,1,0
Kalista (MT/SI),Leona/Yasuo (IO/MT),0,1,0
Poppy/Tristana (BC/NX),Gnar/Neeko (FR/RU),0,1,0
Braum/Lillia (FR/IO),Aatrox/Poppy/Vayne (RU/DE),0,1,0
Ashe/Braum (FR/PZ),Braum/Vladimir (FR/NX),0,1,0
Jack/Sett (BW/IO),Udyr/Viktor (FR/PZ),0,1,0
Championless (DE/SI),Janna/Sett/Viktor (IO/PZ),0,1,0
Senna (PZ/SI),Lux/Shen (DE/IO),0,1,0
Sion (NX/SI),Akshan/Shyvana (DE/SH),0,1,0
Galio/Udyr (DE/FR),Nidalee/Renekton (FR/SH),0,1,0
Sion (NX/SI),Maokai/Nautilus (BW/SI),0,1,0
Jax/Ornn (FR/RU),Sion (NX/SI),0,1,0
Sion (NX/SI),Braum/Lillia (FR/IO),0,1,0
Nidalee (BC/SH),Illaoi (BW/NX),0,1,0
Lillia (FR/IO),LeBlanc/Rumble (BC/NX),0,1,0
Lee Sin/Riven (IO/NX),Leona/Yasuo (IO/MT),0,1,0
Kalista/LeBlanc (NX/SI),Nidalee (BC/SH),0,1,0
Ashe/Braum (FR/PZ),Nidalee (BC/SH),0,1,0
Championless (MT/SI),Garen/Lux (DE),0,1,0
Senna (PZ/SI),Galio/Garen (DE/MT),0,1,0
Aphelios/Lee Sin (IO/MT),Janna/Sett/Viktor (IO/PZ),0,1,0
Gwen/Vi (PZ/SI),Ashe (FR/PZ),0,1,0
Jack/Sett (BW/IO),Akshan/Morgana/Sivir (DE/SH),0,1,0
Lee Sin/Riven (IO/NX),Akshan/Udyr (FR/SH),0,1,0
Braum (BC/FR),Aatrox/Kayn (RU/RU),0,1,0
Caitlyn (BC/PZ),Lee Sin/Viktor (IO/PZ),0,1,0
Caitlyn (BC/PZ),Gnar/Nidalee (BC/SH),0,1,0
Garen (DE),Gnar/Nidalee (BC/SH),0,1,0
Janna/Sett/Viktor (IO/PZ),Braum/Vladimir (FR/NX),0,1,0
Championless (MT/SI),Akshan/Shyvana (DE/SH),0,1,0
Neeko (FR/RU),Nasus/Renekton (SH),0,1,0
Kalista/Thresh (SI),Lee Sin/Riven (IO/NX),0,1,0
Lee Sin/Riven (IO/NX),Riven/Viktor (NX/PZ),0,1,0
Garen/Poppy (DE/FR),Senna/Veigar (BC/SI),0,1,0
Championless (PZ/SI),Viktor (PZ/SI),0,1,0
Viktor (IO/PZ),Akshan/Lee Sin (IO/SH),0,1,0
Garen/Poppy (DE/FR),Morgana/Udyr (DE/FR),0,1,0
Championless (SI),Ornn/Sejuani (FR),0,1,0
Kayle/Leona (MT/SH),Janna/Sett (IO/PZ),0,1,0
Championless (SI),Gwen/Sivir (SI/SH),0,1,0
Akshan/Varus (SH/RU),Garen/Poppy (DE/FR),0,1,0
Udyr (FR/SI),Maokai/Nautilus (BW/SI),0,1,0
Aphelios/Morgana (MT/SI),Gangplank/Sejuani (BW/FR),0,1,0
Darius/Vayne (DE/NX),Braum/Lillia (FR/IO),0,1,0
Kalista/Thresh (SI),Braum/Lillia (FR/IO),0,1,0
Gwen/Vi (PZ/SI),Championless (MT/SI),0,1,0
Taric (BW/MT),Morgana/Udyr (DE/FR),0,1,0
Lee Sin/Riven (IO/NX),Galio/Udyr (DE/FR),0,1,0
Aphelios/Morgana (MT/SI),Nasus/Thresh (SI/SH),0,1,0
Ornn/Sejuani (FR),Nasus/Thresh (SI/SH),0,1,0
Akshan/Morgana/Sivir (DE/SH),Morgana/Udyr (DE/FR),0,1,0
Rumble/Sion (BC/NX),Riven/Vi (NX/PZ),0,1,0
Gwen/Sivir (SI/SH),Neeko/Poppy (DE/RU),0,1,0
Akshan/Gwen (SI/SH),Gangplank/Sejuani (BW/FR),0,1,0
Sejuani/Senna (FR/SI),Janna (IO/PZ),0,1,0
Neeko/Poppy (DE/RU),Riven/Vi (NX/PZ),0,1,0
Gwen/Sivir (SI/SH),Riven/Vi (NX/PZ),0,1,0
Akshan/Lee Sin (IO/SH),Gnar/Lillia (FR/IO),0,1,0
Kai'Sa/Sivir (SI/SH),Kayle (BW/MT),0,1,0
Darius/Vayne (DE/NX),Gnar/Sejuani (BC/FR),0,1,0
Janna/Morgana (MT/PZ),Neeko/Poppy (BC/RU),0,1,0
Lillia/Udyr (FR/IO),Gnar/Nidalee (BC/SH),0,1,0
Nasus/Senna (SI/SH),Riven/Rumble (BC/NX),0,1,0
Gnar/Tristana (BC/NX),Gangplank/Sejuani (BW/FR),0,1,0
Championless (MT/SI),Poppy/Taric (DE/MT),0,1,0
Championless (MT/SI),Gnar/Tristana (BC/NX),0,1,0
Morgana/Udyr (DE/FR),Galio/Morgana (DE/MT),0,1,0
Lillia/Udyr (FR/IO),Galio/Morgana (DE/MT),0,1,0
Malphite/Shyvana (DE/MT),Senna/Veigar (BC/SI),0,1,0
Lillia/Sett (FR/IO),Morgana/Udyr (DE/FR),0,1,0
Morgana (BC/MT),Akshan/Varus (SH/RU),0,1,0
Gangplank/Sejuani (BW/FR),Lillia/Sett (FR/IO),0,1,0
Nasus/Thresh (SI/SH),Lillia/Udyr (FR/IO),0,1,0
Riven/Varus (NX/RU),Akshan/Lee Sin (IO/SH),0,1,0
Gnar/Poppy (BC/BW),Gnar/Tristana (BC/NX),0,1,0
Garen (DE/FR),Akshan/Varus (SH/RU),0,1,0
LeBlanc/Leona (MT/NX),Darius/Gnar (FR/NX),0,1,0
Morgana/Udyr (DE/FR),Morgana (BC/MT),0,1,0
Akshan/Nasus (SI/SH),Gnar/Tristana (BC/NX),0,1,0
Jack/Poppy (BC/BW),Lee Sin/Viktor (IO/PZ),0,1,0
Gnar/Yasuo (FR/IO),Nidalee (BC/SH),0,1,0
Akshan/Morgana (DE/SH),Shen/Sivir (IO/SH),0,1,0
Akshan/Nasus/Udyr (FR/SH),Championless (SI),0,1,0
Braum/Lillia (FR/IO),Akshan/Nasus/Udyr (FR/SH),0,1,0
Akshan/Varus (SH/RU),Akshan/Nasus/Udyr (FR/SH),0,1,0
Garen/Poppy (DE/FR),Braum/Vladimir (FR/NX),0,1,0
Neeko/Nidalee (RU/SH),Lee Sin/Viktor (IO/PZ),0,1,0
Lee Sin/Viktor (IO/PZ),Morgana/Udyr/Vayne (DE/FR),0,1,0
Sett (FR/IO),Aatrox/Kayn (RU/RU),0,1,0
Kayle (BW/MT),Akshan/Nasus/Udyr (FR/SH),0,1,0
Sett/Yasuo (FR/IO),Lulu/Shen (DE/IO),0,1,0
Sett/Udyr (FR/IO),Akshan/Sivir (NX/SH),0,1,0
Neeko (FR/RU),Sett/Udyr (FR/IO),0,1,0
Gnar/Sejuani (BC/FR),Leona/Yasuo (IO/MT),0,1,0
Gnar/Sejuani (BC/FR),Aphelios/Morgana (MT/SI),0,1,0
Kayle/Leona (MT/SH),Championless (SI),0,1,0
Akshan/Nasus/Renekton (SH),Morgana/Udyr (DE/FR),0,1,0
Aatrox/Morgana/Vayne (RU/DE),Janna/Sett (IO/PZ),0,1,0
Braum/Vladimir (FR/NX),Aphelios/Morgana (MT/SI),0,1,0
Morgana/Taric (DE/MT),Aphelios/Morgana (MT/SI),0,1,0
Morgana/Taric (DE/MT),Illaoi/Swain (BW/NX),0,1,0
Poppy/Tristana (BC/NX),Akshan/Nasus (SI/SH),0,1,0
Neeko (RU/NX),Championless (SI),0,1,0
Neeko (RU/NX),Braum/Vladimir (FR/NX),0,1,0
Lee Sin/Shen (DE/IO),Riven/Vi (NX/PZ),0,1,0
Aatrox/Kayn (RU/RU),Gnar/Yasuo (FR/IO),0,1,0
Galio/Morgana (DE/MT),Sett/Viktor (IO/PZ),0,1,0
Braum/Lillia (FR/IO),Garen/Poppy (DE/SH),0,1,0
Lee Sin/Udyr (FR/IO),Akshan/Lee Sin (IO/SH),0,1,0
Jayce/Lux (DE/PZ),Morgana (BC/MT),0,1,0
Lee Sin/Viktor (IO/PZ),Lee Sin/Yasuo (FR/IO),0,1,0
Udyr/Yasuo (FR/IO),Akshan/Sivir (NX/SH),0,1,0
Udyr/Yasuo (FR/IO),Championless (SI),0,1,0
Lee Sin/Yasuo (FR/IO),Akshan/Nasus (SI/SH),0,1,0
Lulu/Shen (DE/IO),Lee Sin/Yasuo (FR/IO),0,1,0
Riven/Rumble (BC/NX),Lee Sin/Yasuo (FR/IO),0,1,0
Kayle (BW/MT),Lee Sin/Yasuo (FR/IO),0,1,0
Championless (SI),Championpile (FR/SH),0,1,0
Galio/Poppy (DE/MT),Braum/Vladimir (FR/NX),0,1,0
Garen/LeBlanc (DE/NX),Braum/Vladimir (FR/NX),0,1,0
Aphelios/Viktor (MT/PZ),Galio/Poppy (DE/FR),0,1,0
Neeko (FR/RU),Aphelios/Taric (FR/MT),0,1,0
Janna (BW/PZ),Braum/Vladimir (FR/NX),0,1,0
Lillia/Yasuo (FR/IO),Akshan/Varus (SH/RU),0,1,0
Aphelios/Taric (FR/MT),Championless (SI),0,1,0
Aphelios/Taric (FR/MT),Kayle (BW/MT),0,1,0
Aphelios/Viktor (MT/PZ),Lux/Udyr (DE/FR),0,1,0
Galio/Poppy (DE/MT),Aatrox/Kayn (RU/RU),0,1,0
Championless (SI/SH),Lee Sin/Udyr (FR/IO),0,1,0
Janna (PZ/SI),Lee Sin/Udyr (FR/IO),0,1,0
Kayle (BW/MT),Ashe/Sejuani (FR/NX),0,1,0
Akshan/Jax (RU/SH),Darius/Gnar (FR/NX),0,1,0
Senna/Veigar (BC/SI),Lux (DE/PZ),0,1,0
Leona/Yasuo (IO/MT),Gnar/Nidalee (BC/SH),0,1,0
Ashe/LeBlanc (FR/NX),Ashe/Sejuani (FR/NX),0,1,0
Gnar/Nidalee (BC/SH),Gnar/Tristana (BC/NX),0,1,0
Ashe/Sejuani (FR/NX),Akshan/Varus (SH/RU),0,1,0
Braum/Vladimir (FR/NX),Ashe/LeBlanc/Riven (FR/NX),0,1,0
Garen/Taric (DE/MT),Morgana/Udyr (DE/FR),0,1,0
Gnar/Tristana (BC/NX),Gwen/Vayne (DE/SI),0,1,0
Ashe/Sejuani (FR/NX),Jayce/Lux (DE/PZ),0,1,0
Championless (SI),Ashe/Sejuani (FR/NX),0,1,0
Braum (BC/FR),Lee Sin/Udyr (FR/IO),0,1,0
Lux/Udyr (DE/FR),Jayce/Lux (DE/PZ),0,1,0
Darius/Gnar (FR/NX),Lux/Udyr (DE/FR),0,1,0
Championpile (FR/SH),Senna/Veigar (BC/SI),0,1,0
Lux (DE/PZ),Championless (SI),0,1,0
Lux (DE/PZ),Darius/Gnar (FR/NX),0,1,0
Ashe/Caitlyn (FR/PZ),Lee Sin/Udyr (FR/IO),0,1,0
Akshan/Varus (SH/RU),Lee Sin/Udyr (FR/IO),0,1,0
Galio/Morgana (DE/MT),Kalista (MT/SI),0,1,0
Senna (PZ/SI),Lillia/Viktor (IO/PZ),0,1,0
Udyr/Vayne (DE/FR),Braum/Vladimir (FR/NX),0,1,0
Ornn/Sejuani (FR),LeBlanc/Udyr (FR/NX),0,1,0
Braum/Lillia (FR/IO),Udyr/Vayne (DE/FR),0,1,0
Aphelios/Taric (FR/MT),Kayle/Shyvana (DE/MT),0,1,0
Lillia/Viktor (IO/PZ),Galio/Morgana (DE/MT),0,1,0
Garen (DE),Gnar/Illaoi (BW/FR),0,1,0
Kayle (BW/MT),Kalista/Sivir (SI/SH),0,1,0
Championless (SI),Lillia/Viktor (IO/PZ),0,1,0
Riven/Viktor (NX/PZ),Rumble/Vayne (DE/NX),0,1,0
Lillia/Yasuo (FR/IO),Jack/Sett (BW/IO),0,1,0
Braum/Vladimir (FR/NX),Gnar/Poppy (BC/BW),0,1,0
Ashe/Sejuani (FR/NX),Aatrox (RU/BW),0,1,0
Kalista (SI/SH),Braum/Vladimir (FR/NX),0,1,0
Akshan/Morgana (DE/SH),Lillia/Udyr (FR/IO),0,1,0
Gnar/Illaoi (BW/FR),Nidalee (BC/SH),0,1,0
Gnar (DE/FR),Ashe/LeBlanc (FR/NX),0,1,0
Garen (DE),Akshan/Varus (SH/RU),0,1,0
Sett (IO/PZ),Gnar/Kayle (FR/MT),0,1,0
Lillia/Viktor (IO/PZ),Nidalee (BC/SH),0,1,0
Championless (PZ/SI),Darius/Gwen (NX/SI),0,1,0
Kayle (BW/MT),Lillia/Viktor (IO/PZ),0,1,0
Caitlyn/Swain (NX/PZ),Gwen/Vayne (DE/SI),0,1,0
Akshan/Varus (SH/RU),Morgana/Shyvana (DE/MT),0,1,0
Illaoi/Ornn (BW/FR),Akshan/Varus (SH/RU),0,1,0
Janna/Viktor (MT/PZ),Riven/Viktor (NX/PZ),0,1,0
Lillia/Yasuo (FR/IO),Riven/Viktor (NX/PZ),0,1,0
Tahm Kench (BW/MT),Kayle (BW/MT),0,1,0
Gnar/Gwen (FR/SI),Nidalee (BC/SH),0,1,0
Janna/Sett/Viktor (IO/PZ),Neeko/Poppy (BC/RU),0,1,0
Gangplank/Sejuani (BW/FR),Neeko/Poppy (BC/RU),0,1,0
Lillia/Viktor (IO/PZ),Darius/Gnar (FR/NX),0,1,0
Akshan/Renekton (SH),Nidalee (BC/SH),0,1,0
Morgana/Udyr (DE/FR),Aphelios/Sett (IO/MT),0,1,0
Morgana/Udyr/Vayne (DE/FR),Aphelios/Viktor (MT/PZ),0,1,0
Senna/Veigar (BC/SI),Janna/Sett/Viktor (IO/PZ),0,1,0
Garen (DE),Senna (PZ/SI),0,1,0
Galio/Garen (DE/MT),Maokai/Nautilus (BW/SI),0,1,0
Championless (SI),Darius/Vayne (DE/NX),0,1,0
Gnar/Gwen (FR/SI),Ashe (FR/PZ),0,1,0
Gnar/Tristana (BC/BW),Aphelios/Yasuo (IO/MT),0,1,0
Kayle (BW/MT),Senna (SI),0,1,0
Darius/Gwen (NX/SI),Nasus/Renekton (SH),0,1,0
Lee Sin/Udyr (FR/IO),Aphelios/Viktor (MT/PZ),0,1,0
Lee Sin/Viktor (IO/PZ),Lulu/Taric (IO/MT),0,1,0
Nasus/Thresh (SI/SH),Kalista/Nasus (SI/SH),0,1,0
Senna (SI),Nasus/Thresh (SI/SH),0,1,0
Garen/Poppy (DE/MT),Sett/Viktor (IO/PZ),0,1,0
Gangplank/Gnar (BC/BW),Nidalee (BC/SH),0,1,0
Kalista/Maokai (FR/SI),Nasus/Thresh (SI/SH),0,1,0
Championpile (FR/SH),Nasus/Thresh (SI/SH),0,1,0
Leona/Yasuo (IO/MT),Ryze (IO/RU),0,1,0
Championless (BC/PZ),Kayle (BW/MT),0,1,0
Aatrox (RU/BW),Rumble/Sion (BC/NX),0,1,0
Poppy/Taric (DE/MT),Aatrox (RU/BW),0,1,0
Kalista/Nasus (SI/SH),Sett (IO/PZ),0,1,0
Aphelios/Taric (FR/MT),Nasus/Thresh (SI/SH),0,1,0
Renekton/Sivir (SH),Nasus/Thresh (SI/SH),0,1,0
Akshan/Jack (BW/SH),Nasus/Thresh (SI/SH),0,1,0
Jayce/Lux (DE/PZ),Akshan/Gwen (SI/SH),0,1,0
Poppy/Taric (DE/MT),Riven/Rumble (BC/NX),0,1,0
Yasuo (IO/NX),Janna/Sett/Viktor (IO/PZ),0,1,0
Janna/Sett/Viktor (IO/PZ),Gwen/Vayne (DE/SI),0,1,0
Akshan/Sivir (DE/SH),Gwen/Vayne (DE/SI),0,1,0
Kayle (BW/MT),Kalista/Nasus (SI/SH),0,1,0
Kalista/Nasus (SI/SH),Nidalee (BC/SH),0,1,0
Aphelios/Viktor (MT/PZ),Lux/Thresh (DE/SI),0,1,0
Aphelios/Viktor (MT/PZ),LeBlanc/Riven (FR/NX),0,1,0
Senna/Viktor (PZ/SI),LeBlanc/Riven (FR/NX),0,1,0
Sejuani/Swain (FR/NX),LeBlanc/Riven (FR/NX),0,1,0
Braum (FR/MT),Sett (IO/PZ),0,1,0
Akshan/Nasus (SI/SH),Darius/Vayne (DE/NX),0,1,0
Gangplank/Sejuani (BW/FR),Janna/Sett/Viktor (IO/PZ),0,1,0
Darius/Lulu (IO/NX),Nasus/Thresh (SI/SH),0,1,0
Janna/Nautilus (BW/PZ),Kayle (BW/MT),0,1,0
Aatrox (RU/BW),Akshan/Nasus (SI/SH),0,1,0
Akshan/Nasus (SI/SH),Gwen/LeBlanc (NX/SI),0,1,0
Lee Sin/Udyr (FR/IO),Akshan/Nasus (SI/SH),0,1,0
Braum/Ornn (FR/PZ),Darius/Gnar (FR/NX),0,1,0
Aphelios/Viktor (MT/PZ),Gnar/Lillia (FR/IO),0,1,0
Morgana/Udyr (DE/FR),LeBlanc/Rumble (BC/NX),0,1,0
Jayce/Lux (DE/PZ),Riven/Rumble (BC/NX),0,1,0
Swain (BC/NX),Championless (SI),0,1,0
Braum/Ornn (FR/PZ),LeBlanc/Riven (FR/NX),0,1,0
Jax/Ornn (FR/RU),LeBlanc/Riven (FR/NX),0,1,0
Caitlyn (BW/PZ),LeBlanc/Riven (FR/NX),0,1,0
Shyvana/Swain (DE/NX),Darius/Gnar (FR/NX),0,1,0
Garen (DE/FR),Sett (IO/PZ),0,1,0
Braum/Lillia (FR/IO),Riven/Vi (NX/PZ),0,1,0
Neeko (FR/RU),Sett (IO/PZ),0,1,0
Sett (IO/PZ),Lillia/Udyr (FR/IO),0,1,0
Akshan/Nasus (SI/SH),Sett/Viktor (IO/PZ),0,1,0
Janna/Sett/Viktor (IO/PZ),Gnar/Neeko (FR/RU),0,1,0
Akshan/Jax/Sivir (RU/SH),Darius/Gnar (FR/NX),0,1,0
Gnar/Nidalee (BC/SH),Gwen/Vayne (DE/SI),0,1,0
Shyvana/Swain (DE/NX),Akshan/Varus (SH/RU),0,1,0
Shyvana/Swain (DE/NX),Aphelios/Udyr (FR/MT),0,1,0
Aphelios/Udyr (FR/MT),Maokai/Nautilus (BW/SI),0,1,0
Akshan/Varus (SH/RU),Aphelios/Udyr (FR/MT),0,1,0
Gnar (BC/BW),Aphelios/Taric (FR/MT),0,1,0
Aphelios/Viktor (MT/PZ),Akshan/Jax (RU/SH),0,1,0
Morgana/Taric (BC/MT),Lee Sin/Viktor (IO/PZ),0,1,0
Shen/Taric (IO/MT),Braum/Vladimir (FR/NX),0,1,0
Nasus/Renekton (SI/SH),Lee Sin/Viktor (IO/PZ),0,1,0
Aatrox (RU/BW),Leona/Sivir (MT/SH),0,1,0
Senna (PZ/SI),Sett/Viktor (IO/PZ),0,1,0
Braum/Vladimir (FR/NX),Kayle/Shyvana (DE/MT),0,1,0
Jayce/Lux (DE/PZ),Udyr/Vayne (DE/FR),0,1,0
Morgana/Taric (BC/MT),Udyr/Vayne (DE/FR),0,1,0
Gnar/Udyr (BC/FR),Udyr/Vayne (DE/FR),0,1,0
Aatrox (RU/BW),Braum/Kayle (FR/MT),0,1,0
Riven/Rumble (BC/NX),Sett (IO/PZ),0,1,0
Kayle/Morgana (FR/MT),Senna/Veigar (BC/SI),0,1,0
Udyr/Vayne (DE/FR),Ashe/LeBlanc (FR/NX),0,1,0
Championless (FR/NX),Galio/Udyr (DE/FR),0,1,0
Championless (MT/SI),Gnar (BC/BW),0,1,0
Championless (MT/SI),Udyr/Vayne (DE/FR),0,1,0
Senna (SI),Akshan/Varus (SH/RU),0,1,0
Rumble/Sion (BC/NX),Lux (DE/PZ),0,1,0
Leona/Sivir (MT/SH),Leona/Yasuo (IO/MT),0,1,0
Kalista/Thresh (SI),Lee Sin/Udyr (FR/IO),0,1,0
Senna (SI),Lee Sin/Udyr (FR/IO),0,1,0
Sett/Shen (IO/PZ),Akshan/Sivir (NX/SH),0,1,0
Aatrox/Illaoi (RU/BW),Aphelios/Viktor (MT/PZ),0,1,0
Kayle/Shyvana (DE/MT),Janna/Sett (IO/PZ),0,1,0
Aatrox/Illaoi (RU/BW),Sett/Shen (IO/PZ),0,1,0
Senna (SI),Lee Sin/Viktor (IO/PZ),0,1,0
Rumble/Sion (BC/NX),Akshan/Sivir (NX/SH),0,1,0
Shyvana/Vayne (DE/IO),Championless (SI),0,1,0
Lee Sin/Viktor (IO/PZ),Aatrox/Illaoi (RU/BW),0,1,0
Aatrox (RU/BW),Galio/Garen (DE/MT),0,1,0
Lillia/Udyr (FR/IO),Kalista (SI),0,1,0
Aphelios/Lee Sin (IO/MT),Akshan/Sivir (NX/SH),0,1,0
Gnar/Nidalee (BC/SH),Darius/Lulu (IO/NX),0,1,0
Garen/Shyvana (DE/MT),Kayle (BW/MT),0,1,0
Gwen/Vayne (DE/SI),Darius (FR/NX),0,1,0
Akshan/Morgana (DE/SH),Darius/Lulu (IO/NX),0,1,0
Darius/Gnar (FR/NX),Aphelios/Udyr (FR/MT),0,1,0
Aatrox (RU/BW),Illaoi/Swain (BW/NX),0,1,0
Lulu/Poppy (DE/IO),Kayle (BW/MT),0,1,0
Galio/Garen (DE/MT),Akshan/Morgana (DE/SH),0,1,0
Poppy/Tristana (BC/NX),Kalista (SI),0,1,0
Kalista/Nasus (SI/SH),Poppy/Tristana (BC/NX),0,1,0
Darius (FR/NX),Aphelios/Lee Sin (IO/MT),0,1,0
Darius (FR/NX),Galio/Morgana (DE/MT),0,1,0
Championpile (FR/SH),Akshan/Sivir (NX/SH),0,1,0
Darius (FR/NX),Senna (PZ/SI),0,1,0
Gnar/Nidalee (BC/SH),Darius (FR/NX),0,1,0
Gnar/Nidalee (BC/SH),Lillia/Yasuo (FR/IO),0,1,0
Lux/Shen (DE/IO),Braum/Vladimir (FR/NX),0,1,0
Championless (PZ/SI),Darius (FR/NX),0,1,0
Swain/Vladimir (BW/NX),Championless (PZ/SI),0,1,0
Championless (PZ/SI),Akshan/Aphelios (MT/SH),0,1,0
Caitlyn/Jack (BW/PZ),Morgana/Udyr (DE/FR),0,1,0
Championless (DE/SI),Braum/Lillia (FR/IO),0,1,0
Ashe/Sejuani (FR/NX),Sett (IO/PZ),0,1,0
Poppy/Taric (DE/MT),Shen/Sivir (IO/SH),0,1,0
Aatrox (RU/BW),Darius (FR/NX),0,1,0
Championless (PZ/SI),LeBlanc/Riven (FR/NX),0,1,0
Darius/Gnar (FR/NX),LeBlanc/Riven (FR/NX),0,1,0
LeBlanc/Riven (FR/NX),Poppy/Taric (DE/MT),0,1,0
LeBlanc/Udyr (FR/NX),Ryze (IO/RU),0,1,0
Gnar/Udyr (FR/MT),Ashe/LeBlanc (FR/NX),0,1,0
Braum/Kayle (FR/MT),Gnar/Udyr (FR/MT),0,1,0
Aatrox/Akshan (RU/SH),Morgana/Udyr (DE/FR),0,1,0
Aatrox/Akshan (RU/SH),Maokai/Nautilus (BW/SI),0,1,0
Akshan/Lee Sin (IO/SH),Gnar/Illaoi (BW/FR),0,1,0
Gangplank/LeBlanc (BW/NX),Gnar/Illaoi (BW/FR),0,1,0
Darius (FR/NX),Kalista/Nasus/Thresh (SI/SH),0,1,0
Lillia/Viktor (IO/PZ),Darius (FR/NX),0,1,0
Kalista/Nasus/Thresh (SI/SH),Kayle (BW/MT),0,1,0
Kalista/Nasus/Thresh (SI/SH),Aphelios/Lee Sin (IO/MT),0,1,0
Championless (SI),Kalista/Nasus/Thresh (SI/SH),0,1,0
Janna/Sett/Viktor (IO/PZ),Darius (FR/NX),0,1,0
Garen/Kai'Sa (DE/SH),Janna/Sett/Viktor (IO/PZ),0,1,0
Ashe (FR/PZ),Darius/Lulu (IO/NX),0,1,0
Lillia/Viktor (IO/PZ),Darius/Lulu (IO/NX),0,1,0
Riven/Vi (NX/PZ),Nasus/Renekton (SH),0,1,0
Gnar/Udyr (FR/MT),Akshan/Udyr (FR/SH),0,1,0
Rumble/Sion (BC/NX),Lux/Udyr (DE/FR),0,1,0
Senna/Veigar (BC/SI),Aatrox/Akshan (RU/SH),0,1,0
Darius (FR/NX),Aatrox/Akshan (RU/SH),0,1,0
Gnar/Udyr (FR/MT),Gnar/Nidalee (BC/SH),0,1,0
Aatrox/Vayne (RU/DE),Akshan/Aphelios/Morgana (MT/SH),0,1,0
Akshan/Nasus (SI/SH),Garen/Taric (DE/MT),0,1,0
Shen/Sivir (IO/SH),Garen/Taric (DE/MT),0,1,0
Janna (MT/PZ),Janna/Senna (PZ/SI),0,1,0
Aatrox/Morgana (RU/DE),Janna/Senna (PZ/SI),0,1,0
Janna/Senna (PZ/SI),Lee Sin/Viktor (IO/PZ),0,1,0
Akshan/Riven (NX/SH),Lee Sin/Viktor (IO/PZ),0,1,0
Kai'Sa/Viktor (PZ/SH),Akshan/Sivir (NX/SH),0,1,0
LeBlanc (FR/NX),Galio/Poppy (DE/FR),0,1,0
Aatrox (RU/BW),Gnar/Udyr (FR/MT),0,1,0
Championless (SI),Gnar/Udyr (FR/MT),0,1,0
Gnar/Udyr (FR/MT),Darius/Gnar (FR/NX),0,1,0
Aatrox/Morgana (RU/DE),Senna/Viktor (PZ/SI),0,1,0
Garen/Taric (DE/MT),Janna/Sett (IO/PZ),0,1,0
Ryze (RU/SH),Championless (SI),0,1,0
Ryze (RU/SH),Lee Sin/Viktor (IO/PZ),0,1,0
Ryze (RU/SH),Garen/Taric (DE/MT),0,1,0
Ryze (RU/SH),Nasus/Thresh (SI/SH),0,1,0
Gnar/Kayle (FR/MT),Garen/Taric (DE/MT),0,1,0
Lee Sin/Udyr (FR/IO),Nasus/Thresh (SI/SH),0,1,0
LeBlanc/Sivir (NX/SH),Neeko (RU),0,1,0
Caitlyn/Janna/Ryze/Viktor (PZ/RU),Shen/Sivir (IO/SH),0,1,0
Caitlyn/Janna/Ryze/Viktor (PZ/RU),Nidalee (BC/SH),0,1,0
Caitlyn/Janna/Ryze/Viktor (PZ/RU),Jayce/Lux (DE/PZ),0,1,0
Caitlyn/Janna/Ryze/Viktor (PZ/RU),Akshan/Varus (SH/RU),0,1,0
Caitlyn/Janna/Ryze/Viktor (PZ/RU),Maokai/Nautilus (BW/SI),0,1,0
Braum/Vladimir (FR/NX),Kalista/Nasus (SI/SH),0,1,0
Ryze (IO/RU),Galio/Udyr (DE/FR),0,1,0
Ryze (IO/RU),Akshan/Morgana (DE/SH),0,1,0
Gnar/Sejuani (BC/FR),Riven/Rumble (BC/NX),0,1,0
Poppy/Tristana (BC/NX),Gnar/Sejuani (BC/FR),0,1,0
Gnar/Sejuani (BC/FR),Aatrox/Kayn (RU/RU),0,1,0
Ryze (RU/SI),Neeko (FR/RU),0,1,0
Akshan/Udyr (FR/SH),Ryze (RU/SI),0,1,0
Ryze (RU/SI),Braum/Lillia (FR/IO),0,1,0
Caitlyn/Jayce (PZ/SI),Ryze (RU/SI),0,1,0
Akshan/Ryze (RU/SH),Jayce/Lux (DE/PZ),0,1,0
Akshan/Ryze (RU/SH),Lee Sin/Viktor (IO/PZ),0,1,0
Akshan/Ryze (RU/SH),Braum/Lillia (FR/IO),0,1,0
Akshan/Ryze (RU/SH),Braum/Vladimir (FR/NX),0,1,0
Senna/Veigar (BC/SI),Gnar (BC/BW),0,1,0
Braum/Galio (DE/FR),Championless (MT/SI),0,1,0
Gnar (BC/BW),Aatrox/Kayn (RU/RU),0,1,0
Galio/Udyr (DE/FR),Ashe/Janna (FR/PZ),0,1,0
Aatrox/Morgana/Vayne (RU/DE),Aphelios/Udyr (FR/MT),0,1,0
LeBlanc/Riven (FR/NX),Akshan/Lee Sin (IO/SH),0,1,0
Gnar/Renekton (FR/SH),Braum/Vladimir (FR/NX),0,1,0
Ornn (BW/FR),Ashe (FR/PZ),0,1,0
Gwen (NX/SI),Aphelios/Viktor (MT/PZ),0,1,0
Ryze (RU/SI),Akshan/Renekton (SH),0,1,0
Gwen (NX/SI),Ryze (RU/SI),0,1,0
Braum/Vladimir (FR/NX),Ryze (RU/SI),0,1,0
Maokai/Nautilus (BW/SI),Ryze (RU/SI),0,1,0
Aphelios/Viktor (MT/PZ),Neeko (FR/RU),0,1,0
Neeko (FR/RU),Braum/Vladimir (FR/NX),0,1,0
Darius/Yasuo (IO/NX),Morgana/Udyr (DE/FR),0,1,0
Gwen (NX/SI),Akshan/Nasus (SI/SH),0,1,0
Janna/Sett/Viktor (IO/PZ),Akshan/Renekton (SH),0,1,0
Akshan/Taric (MT/SH),Janna/Sett/Viktor (IO/PZ),0,1,0
Nidalee (BC/SH),Gnar/Tristana (BC/NX),0,1,0
Darius/Gwen (NX/SI),Darius/Lulu (IO/NX),0,1,0
Sejuani/Vladimir (FR/NX),Ashe/LeBlanc (FR/NX),0,1,0
Gangplank/Sejuani (BW/FR),Kalista (MT/SI),0,1,0
Braum/Vladimir (FR/NX),Galio/Poppy (DE/FR),0,1,0
Aatrox/Kayn (RU/RU),Riven/Rumble (BC/NX),0,1,0
Darius/Lulu (IO/NX),Riven/Rumble (BC/NX),0,1,0
Lillia/Yasuo (FR/IO),Braum/Vladimir (FR/NX),0,1,0
Maokai/Nautilus (BW/SI),Darius/Lulu (IO/NX),0,1,0
Akshan/Nasus (SI/SH),Akshan/Renekton (SH),0,1,0
Kalista/Nasus/Thresh (SI/SH),Aatrox/Vayne (RU/DE),0,1,0
Janna (MT/PZ),Janna/Sett/Viktor (IO/PZ),0,1,0
Darius/Lulu (IO/NX),Senna/Veigar (BC/SI),0,1,0
Lillia/Yasuo (FR/IO),Lulu/Taric (IO/MT),0,1,0
Darius/Gwen (NX/SI),Akshan/Gwen (SI/SH),0,1,0
Braum (BC/FR),Kayle (BW/MT),0,1,0
Morgana/Udyr (FR/MT),Akshan/Sivir (NX/SH),0,1,0
Championless (SI),Galio/Taric (DE/MT),0,1,0
LeBlanc/Riven (FR/NX),Kayle (BW/MT),0,1,0
Gwen/Kayle (MT/SI),Senna (PZ/SI),0,1,0
Darius/Gnar (FR/NX),Aatrox/Illaoi (RU/BW),0,1,0
Aatrox/Akshan (RU/SH),Darius/Gnar (FR/NX),0,1,0
Gwen (NX/SI),Aphelios/Lee Sin (IO/MT),0,1,0
Renekton/Sivir (SH),Aatrox/Kayn (RU/RU),0,1,0
Braum/Vladimir (FR/NX),Kalista/Nasus/Thresh (SI/SH),0,1,0
Akshan/Lee Sin (IO/SH),Kalista/Nasus/Thresh (SI/SH),0,1,0
Janna/Sett/Viktor (IO/PZ),Jayce/Lux (DE/PZ),0,1,0
Championless (MT/SI),Gangplank/LeBlanc (BW/NX),0,1,0
Neeko (RU/NX),Ashe/LeBlanc (FR/NX),0,1,0
Gnar/Tristana (BC/NX),Akshan/Varus (SH/RU),0,1,0
Akshan/Lee Sin (IO/SH),Gnar/Tristana (BC/NX),0,1,0
Akshan/Morgana (DE/SH),Lillia/Yasuo (FR/IO),0,1,0
Lillia/Yasuo (FR/IO),Darius/Gwen (NX/SI),0,1,0
Aatrox/Kayn (RU/RU),LeBlanc/Riven (FR/NX),0,1,0
Nasus/Renekton (SH),Jax/Shen (IO/RU),0,1,0
Jax/Shen (IO/RU),Kalista (MT/SI),0,1,0
Shyvana/Swain (DE/NX),Lillia (FR/IO),0,1,0
Braum/Neeko (FR/RU),Lee Sin/Viktor (IO/PZ),0,1,0
Darius/Gnar (FR/NX),Riven/Vi (NX/PZ),0,1,0
Maokai/Nautilus (BW/SI),Jax/Kayn (RU/RU),0,1,0
Akshan/Nasus (SI/SH),Lillia/Viktor (IO/PZ),0,1,0
Galio/Poppy (DE/FR),Lillia/Viktor (IO/PZ),0,1,0
LeBlanc/Riven (FR/NX),Neeko/Renekton (RU/SH),0,1,0
Garen/Kai'Sa (DE/SH),Kayle (BW/MT),0,1,0
Janna/Sett/Viktor (IO/PZ),Neeko/Renekton (RU/SH),0,1,0
Nasus/Thresh (SI/SH),Kayle/Shyvana (DE/MT),0,1,0
Gnar/Sejuani (BC/FR),Gnar/Tristana (BC/NX),0,1,0
Braum/Udyr (FR/MT),Championless (MT/SI),0,1,0
Neeko/Renekton (RU/SH),Championless (MT/SI),0,1,0
Darius/Gnar (FR/NX),Gnar/Kayle (FR/MT),0,1,0
Kayle/Udyr (FR/MT),Sett (IO/PZ),0,1,0
Galio/Udyr (DE/FR),Gwen (NX/SI),0,1,0
Janna/Sett (IO/PZ),Braum/Udyr (FR/IO),0,1,0
Aphelios/Viktor (MT/PZ),Championless (MT/NX),0,1,0
Ashe/LeBlanc (FR/NX),Championless (MT/NX),0,1,0
Jayce/Lux (DE/PZ),Championless (MT/NX),0,1,0
Galio/Poppy (DE/FR),Jax/Shen (IO/RU),0,1,0
Sejuani/Swain (FR/NX),Aatrox/Illaoi (RU/BW),0,1,0
Aphelios/Sett (IO/MT),Neeko/Renekton (RU/SH),0,1,0
Kalista (MT/SI),Braum/Kayle (FR/MT),0,1,0
Braum/Kayle (FR/MT),Aphelios/Sett (IO/MT),0,1,0
Neeko (FR/RU),Caitlyn/Swain (NX/PZ),0,1,0
Aphelios/Sett (IO/MT),Lillia/Veigar (BC/IO),0,1,0
Kayle/Udyr (FR/MT),Kayle (BW/MT),0,1,0
Kayle/Lillia (IO/MT),Garen/Morgana (DE/IO),0,1,0
Aphelios/Lee Sin (IO/MT),Kayle/Lillia (IO/MT),0,1,0
Championless (MT/NX),Aphelios/Lee Sin (IO/MT),0,1,0
Kayle/Lillia (IO/MT),Lillia/Sett (BC/IO),0,1,0
Sett (IO/PZ),Kayle/Lillia (IO/MT),0,1,0
Kalista/Nasus/Thresh (SI/SH),Neeko/Renekton (RU/SH),0,1,0
Neeko/Poppy (BC/RU),Akshan/Nasus (SI/SH),0,1,0
Gangplank/Sejuani (BW/FR),Janna/Senna (PZ/SI),0,1,0
Varus/Vi/Viktor (PZ/RU),Jayce/Lux (DE/PZ),0,1,0
Garen/Kai'Sa (DE/SH),Gnar/Sejuani (BC/FR),0,1,0
Sett (IO/PZ),Aatrox/Morgana/Vayne (RU/DE),0,1,0
Sett (IO/PZ),Aatrox (RU/BW),0,1,0
Riven/Vi (NX/PZ),Gwen (NX/SI),0,1,0
Senna/Veigar (FR/SI),Kayle (BW/MT),0,1,0
Neeko/Renekton (RU/SH),Galio/Udyr (DE/FR),0,1,0
Kayle/Lillia (IO/MT),Maokai (BW/SI),0,1,0
Riven/Vi (NX/PZ),LeBlanc (FR/NX),0,1,0
Garen/Morgana (DE/IO),Championless (SI),0,1,0
Kayle (BW/MT),Akshan/Lillia (IO/SH),0,1,0
Renekton/Sivir (SH),Caitlyn/Swain (NX/PZ),0,1,0
Aphelios/Sett (IO/MT),Sett (IO/PZ),0,1,0
LeBlanc/Riven (FR/NX),Championless (MT/SI),0,1,0
Kalista/Nasus/Thresh (SI/SH),LeBlanc/Riven (FR/NX),0,1,0
Nasus/Renekton (SH),Akshan/Sivir (NX/SH),0,1,0
Viktor (PZ/SI),Kayle (BW/MT),0,1,0
Sett (IO/PZ),Malphite/Yasuo (IO/MT),0,1,0
Morgana/Taric (FR/MT),Darius/Gnar (FR/NX),0,1,0
Ashe/Morgana (FR/MT),Kayle (BW/MT),0,1,0
Braum/Galio (DE/FR),Aphelios/Sett (IO/MT),0,1,0
Shyvana (DE/MT),Aatrox (RU/BW),0,1,0
Championless (BC/IO),Rumble/Sion (BC/NX),0,1,0
Lux/Morgana/Senna (DE/SI),Morgana/Shyvana (DE/MT),0,1,0
Ashe (FR/PZ),Lux/Morgana/Senna (DE/SI),0,1,0
Ashe/LeBlanc (FR/NX),Gangplank/Viktor (BW/PZ),0,1,0
Aphelios/Sett (IO/MT),Maokai/Viktor (PZ/SI),0,1,0
Darius/Gwen (NX/SI),Aphelios/Sett (IO/MT),0,1,0
Aphelios/Sett (IO/MT),Lee Sin/Viktor (IO/PZ),0,1,0
Jax/Poppy/Vayne (DE/RU),Akshan/Varus (SH/RU),0,1,0
Kalista (NX/SI),Sett (IO/PZ),0,1,0
Kalista (NX/SI),Gwen (NX/SI),0,1,0
Renekton/Sivir (SH),Kayle (BW/MT),0,1,0
Gangplank/Sejuani (BW/FR),Renekton/Sivir (SH),0,1,0
Janna/Sett/Viktor (IO/PZ),Aatrox (RU/BW),0,1,0
Galio/Garen (DE/MT),Aphelios/Sett (IO/MT),0,1,0
Braum/Vladimir (FR/NX),Galio/Garen (DE/MT),0,1,0
Darius/Gnar (FR/NX),Garen (DE),0,1,0
Garen (DE),Braum/Lillia (FR/IO),0,1,0
Akshan/Aphelios (MT/SH),Braum/Vladimir (FR/NX),0,1,0
Kalista (MT/SI),Shyvana/Vayne (DE/MT),0,1,0
Aphelios/Sett (IO/MT),Janna/Sett (IO/PZ),0,1,0
Braum/Garen (DE/FR),Braum/Vladimir (FR/NX),0,1,0
Kalista (BC/SI),Kalista/Nasus/Thresh (SI/SH),0,1,0
Kalista/Nasus/Thresh (SI/SH),Gwen/Kayle (MT/SI),0,1,0
Gwen/LeBlanc (NX/SI),Jax/Shen (IO/RU),0,1,0
Darius/Gwen (NX/SI),Gwen/LeBlanc (NX/SI),0,1,0
Aphelios/Lee Sin (IO/MT),Gwen/Vayne (DE/SI),0,1,0
Nasus/Renekton (SH),Lee Sin/Udyr (FR/IO),0,1,0
Shen/Sivir (IO/SH),Gangplank/Sejuani/Udyr (BW/FR),0,1,0
Sett (IO/PZ),Akshan/Lillia (IO/SH),0,1,0
Ornn/Sejuani (FR),Darius/Gnar (FR/NX),0,1,0
Senna (PZ/SI),Gwen (NX/SI),0,1,0
Lee Sin/Udyr (FR/IO),Senna/Veigar (BC/SI),0,1,0
Ashe/Jayce (FR/PZ),Jayce/Lux (DE/PZ),0,1,0
Aphelios/Sett (IO/MT),Kayle (BW/MT),0,1,0
Jax/Shen (IO/RU),Aphelios/Sett (IO/MT),0,1,0
Vladimir (MT/NX),Ashe/LeBlanc (FR/NX),0,1,0
Championless (MT/NX),Gwen/Vayne (DE/SI),0,1,0
Gnar/Viktor (BC/PZ),Nasus/Renekton (SH),0,1,0
Gwen/Vayne (DE/SI),Aatrox (RU/BW),0,1,0
Braum/Udyr (FR/MT),Aatrox (RU/BW),0,1,0
Sejuani/Senna (FR/SI),Senna/Veigar (BC/SI),0,1,0
Jax/Ornn (FR/RU),Sejuani/Swain (FR/NX),0,1,0
Riven/Vi (NX/PZ),Lee Sin/Viktor (IO/PZ),0,1,0
Akshan/Sivir (DE/SH),Rumble/Sion (BC/NX),0,1,0
Lee Sin/Viktor (IO/PZ),Ashe/Jax (FR/RU),0,1,0
Vladimir (MT/NX),Akshan/Varus (SH/RU),0,1,0
Gwen/Kayle (MT/SI),Gwen/Vayne (DE/SI),0,1,0
Akshan/Gwen (SI/SH),Kai'Sa/Vi (PZ/SH),0,1,0
Shyvana/Vayne (DE/MT),Aatrox (RU/BW),0,1,0
Janna/Sett/Viktor (IO/PZ),Ashe (FR/PZ),0,1,0
Leona/Lux (DE/MT),Ashe (FR/PZ),0,1,0
Neeko/Renekton (RU/SH),LeBlanc/Riven/Sivir (NX/SH),0,1,0
Aphelios/Sivir (MT/SH),Akshan/Nasus/Renekton (SH),0,1,0
Aphelios/Sivir (MT/SH),Gwen/LeBlanc (NX/SI),0,1,0
Senna (PZ/SI),Aphelios/Lee Sin (IO/MT),0,1,0
Gnar (BC/BW),Maokai (BW/SI),0,1,0
Ashe (FR/SI),Janna/Senna (PZ/SI),0,1,0
Renekton/Sejuani (FR/SH),Championless (MT/SI),0,1,0
Neeko/Renekton (RU/SH),Kalista (MT/SI),0,1,0
Akshan/Lee Sin (IO/SH),Viktor (PZ/SI),0,1,0
Ashe/LeBlanc (FR/NX),Garen (DE/SI),0,1,0
Veigar (BC/SI),Morgana/Udyr (DE/FR),0,1,0
Garen (DE/SI),Renekton/Sejuani (FR/SH),0,1,0
Gangplank/Sejuani (BW/FR),Lillia/Udyr (FR/IO),0,1,0
Gnar/Neeko (FR/RU),Lillia (FR/IO),0,1,0
Renekton/Sivir (SH),LeBlanc/Udyr (FR/NX),0,1,0
Gnar/Sejuani (BC/FR),Shen/Sivir (IO/SH),0,1,0
Janna/Sett/Viktor (IO/PZ),Lillia (FR/IO),0,1,0
Championless (BC/IO),Gnar/Sejuani (BC/FR),0,1,0
Kai'Sa/Riven (NX/SH),Galio/Garen (DE/MT),0,1,0
Kayle/Lillia (IO/MT),Nidalee (BC/SH),0,1,0
Championless (PZ/SI),Ornn/Vayne (DE/FR),0,1,0
Nautilus/Senna (BW/SI),Lillia (FR/IO),0,1,0
Akshan/Renekton (SH),Ashe/Caitlyn (FR/PZ),0,1,0
Gwen/Kalista/Nasus (SI/SH),Maokai/Nautilus (BW/SI),0,1,0
Kai'Sa/Vi (PZ/SH),Maokai/Nautilus (BW/SI),0,1,0
Lillia/Sivir (IO/SH),Akshan/Varus (SH/RU),0,1,0
Varus/Vi/Viktor (PZ/RU),Janna/Sett (IO/PZ),0,1,0
Riven/Rumble (BC/NX),Aatrox/Illaoi (RU/BW),0,1,0
Illaoi/Riven (BW/NX),LeBlanc/Sivir (NX/SH),0,1,0
Taric/Udyr (FR/MT),Illaoi/Riven (BW/NX),0,1,0
Kalista/Nasus/Thresh (SI/SH),Gnar/Nidalee (BC/SH),0,1,0
Maokai/Nautilus (BW/SI),Gnar/Jack (BC/BW),0,1,0
Galio/Udyr (DE/FR),Gangplank/Swain (BW/NX),0,1,0
Gangplank/Nidalee (BW/SH),Gangplank/Swain (BW/NX),0,1,0
Ashe/LeBlanc (FR/NX),Darius/Swain (BW/NX),0,1,0
Swain/Viktor (NX/PZ),Gangplank/Sejuani (BW/FR),0,1,0
Akshan/Lee Sin/Nidalee (IO/SH),Gnar/Nidalee (BC/SH),0,1,0
LeBlanc (FR/NX),Akshan/Nasus (SI/SH),0,1,0
Janna/Sett/Viktor (IO/PZ),Maokai/Nautilus (BW/SI),0,1,0
Gwen/Kalista (NX/SI),Taric/Udyr (FR/MT),0,1,0
Taric/Udyr (FR/MT),Maokai (BW/SI),0,1,0
Varus/Vi/Viktor (PZ/RU),Championless (SI),0,1,0
LeBlanc (FR/NX),Ashe (FR/PZ),0,1,0
Morgana/Udyr (DE/FR),Aphelios/Lux (DE/MT),0,1,0
Ashe/LeBlanc (FR/NX),Kayle/Poppy (BC/MT),0,1,0
Aphelios/Lux (DE/MT),Janna (PZ/SI),0,1,0
Aphelios/Sett (IO/MT),Braum/Lillia (FR/IO),0,1,0
Kalista (SI),Aphelios/Sett (IO/MT),0,1,0
Jayce/Lux (DE/PZ),Darius/Lulu (IO/NX),0,1,0
Viktor (PZ/SI),Akshan/Udyr (FR/SH),0,1,0
LeBlanc/Riven/Sivir (NX/SH),Braum/Lillia (FR/IO),0,1,0
Neeko/Poppy (DE/RU),Akshan/Nasus (SI/SH),0,1,0
Gangplank/Swain (BW/NX),Ashe (FR/PZ),0,1,0
Janna/Sett/Viktor (IO/PZ),Garen (DE),0,1,0
Janna/Vi (PZ/SI),Akshan/Sivir (NX/SH),0,1,0
Viktor (PZ/SI),Udyr/Vayne (DE/FR),0,1,0
Udyr/Vayne (DE/FR),Aatrox (RU/BW),0,1,0
Udyr/Vayne (DE/FR),Neeko/Renekton (RU/SH),0,1,0
Gnar/Swain (BC/NX),Darius/Lulu (IO/NX),0,1,0
Caitlyn/Jayce (PZ/SI),Akshan/Varus (SH/RU),0,1,0
Championless (BC/PZ),Maokai (BW/SI),0,1,0
Akshan/Nidalee (BC/SH),Akshan/Varus (SH/RU),0,1,0
Neeko (FR/RU),Braum/Kayle (FR/MT),0,1,0
Malphite/Sivir (MT/SH),Braum/Kayle (FR/MT),0,1,0
Nasus/Thresh (SI/SH),Illaoi/Riven (BW/NX),0,1,0
Sett (IO/PZ),Viktor (PZ/SI),0,1,0
Gnar/Swain (BC/NX),Braum/Vladimir (FR/NX),0,1,0
Kalista/Thresh (SI),Akshan/Nasus (SI/SH),0,1,0
Lulu/Shen (DE/IO),Braum/Gnar (BC/FR),0,1,0
Janna (IO/PZ),Darius/Gnar (FR/NX),0,1,0
Akshan/Riven (NX/SH),Swain/Vladimir (BW/NX),0,1,0
Darius/Vayne (DE/NX),Swain/Vladimir (BW/NX),0,1,0
Janna/Sett/Viktor (IO/PZ),Akshan/Lee Sin (IO/SH),0,1,0
Nidalee/Renekton (BC/SH),Lee Sin/Viktor (IO/PZ),0,1,0
Akshan/Riven (NX/SH),Nidalee/Renekton (BC/SH),0,1,0
Morgana/Riven (MT/NX),Ashe (FR/PZ),0,1,0
Morgana/Riven (MT/NX),Gnar/Nidalee (BC/SH),0,1,0
Ashe/Jax (FR/RU),Championless (PZ/SI),0,1,0
Viktor (PZ/SI),Darius/Vayne (DE/NX),0,1,0
Darius/Vayne (DE/NX),Ashe (FR/PZ),0,1,0
Galio/Garen (DE/MT),Braum/Kayle (FR/MT),0,1,0
Galio/Garen (DE/MT),Gnar (BC/BW),0,1,0
Darius/Gnar (FR/NX),Aphelios/Lux (DE/MT),0,1,0
Gnar/Swain (BC/NX),Janna/Sett (IO/PZ),0,1,0
Championless (IO/SI),Braum/Lillia (FR/IO),0,1,0
Gnar/Kayle (FR/MT),Braum/Vladimir (FR/NX),0,1,0
Aatrox/Illaoi (RU/BW),Aatrox/Kayn (RU/RU),0,1,0
Kayle/Leona (MT/NX),Aphelios/Viktor (MT/PZ),0,1,0
Lillia/Riven (IO/NX),Aatrox/Morgana/Vayne (RU/DE),0,1,0
Aphelios/Lux (DE/MT),Akshan/Lee Sin (IO/SH),0,1,0
Jax/Ornn (FR/RU),Aatrox/Morgana (RU/DE),0,1,0
Aatrox/Illaoi (RU/BW),Kalista (BC/SI),0,1,0
Aatrox/Illaoi (RU/BW),Maokai/Nautilus (BW/SI),0,1,0
LeBlanc/Rumble (IO/NX),Aatrox/Illaoi (RU/BW),0,1,0
Viktor (PZ/SI),Aphelios/Lee Sin (IO/MT),0,1,0
Aatrox/Morgana (RU/DE),Aphelios/Lee Sin (IO/MT),0,1,0
Braum/Vladimir (FR/NX),Illaoi/Riven (BW/NX),0,1,0
Kayle (BW/MT),Illaoi/Riven (BW/NX),0,1,0
Lee Sin/Viktor (IO/PZ),Lillia/Riven (IO/NX),0,1,0
Gwen/Vayne (DE/SI),Aphelios/Morgana/Udyr (FR/MT),0,1,0
Galio/Morgana/Udyr (DE/FR),Akshan/Nasus (SI/SH),0,1,0
Gangplank/Sejuani (BW/FR),Akshan/Sivir (NX/SH),0,1,0
Nidalee/Renekton (BC/SH),Kayle (BW/MT),0,1,0
Viktor (BC/PZ),Akshan/Riven (NX/SH),0,1,0
Viktor (PZ/SI),Championless (SI),0,1,0
Darius (NX/PZ),Neeko/Poppy (DE/RU),0,1,0
Gnar/Swain (BC/NX),Galio/Morgana/Udyr (DE/FR),0,1,0
Malphite/Yasuo (IO/MT),Darius (FR/NX),0,1,0
Viktor (BC/PZ),Ashe/LeBlanc (FR/NX),0,1,0
Morgana/Shyvana (DE/MT),Braum/Gnar/Morgana (DE/FR),0,1,0
Shyvana (DE/FR),Rumble/Sion (BC/NX),0,1,0
Ashe/Sivir (FR/SH),Rumble/Sion (BC/NX),0,1,0
Aatrox/Morgana (RU/DE),Akshan/Jack (BW/SH),0,1,0
Gnar/Nidalee (BC/SH),Swain/Vladimir (BW/NX),0,1,0
Gnar/Nidalee (BC/SH),Neeko/Poppy (BC/RU),0,1,0
Janna (IO/PZ),Nidalee (BC/SH),0,1,0
Aphelios/Morgana/Udyr (FR/MT),Sett (IO/PZ),0,1,0
Aphelios/Morgana/Udyr (FR/MT),Ashe/Tahm Kench (BW/FR),0,1,0
Kayle/Leona (MT/NX),Aphelios/Morgana/Udyr (FR/MT),0,1,0
Aphelios/Sett (IO/MT),Garen (DE/SI),0,1,0
Aphelios/Sett (IO/MT),Championless (PZ/SI),0,1,0
LeBlanc/Sivir (NX/SH),Aphelios/Sett (IO/MT),0,1,0
Aatrox/Kayn (RU/RU),Aphelios/Sett (IO/MT),0,1,0
Galio/Udyr (DE/FR),Aphelios/Sett (IO/MT),0,1,0
Janna/Sett/Viktor (IO/PZ),Garen (DE/SI),0,1,0
Janna/Sett/Viktor (IO/PZ),Championless (PZ/SI),0,1,0
Janna/Sett/Viktor (IO/PZ),Braum/Lillia (FR/IO),0,1,0
Kalista/Senna (BW/SI),Rumble/Sion (BC/NX),0,1,0
Garen (DE/SI),Rumble/Sion (BC/NX),0,1,0
Championless (PZ/SI),Garen (DE/SI),0,1,0
Poppy/Taric (DE/MT),Lillia/Sett (BC/IO),0,1,0
Aatrox (RU/BW),Shen/Sivir (IO/SH),0,1,0
Taric/Udyr (FR/MT),Aatrox (RU/BW),0,1,0
Aatrox (RU/BW),Akshan/Udyr (FR/SH),0,1,0
Akshan/Varus (SH/RU),Braum/Gnar/Morgana (DE/FR),0,1,0
Jax/Ornn (FR/RU),Kalista/Senna (BW/SI),0,1,0
Aphelios/Janna (MT/PZ),Jayce/Lux (DE/PZ),0,1,0
Aatrox/Morgana (RU/DE),LeBlanc/Sivir (NX/SH),0,1,0
Ashe/Tahm Kench (BW/FR),Galio/Morgana (DE/MT),0,1,0
Braum/Vi (FR/PZ),Rumble/Sion (BC/NX),0,1,0
Braum/Vi (FR/PZ),Gwen/Vayne (DE/SI),0,1,0
Sett (IO/PZ),Neeko/Poppy (BC/RU),0,1,0
Nidalee (BC/SH),Darius/Gwen (NX/SI),0,1,0
Nidalee (BC/SH),Poppy/Tristana (BC/NX),0,1,0
Championless (PZ/SI),Garen (DE),0,1,0
Gnar/Neeko (FR/RU),Aatrox/Morgana (RU/DE),0,1,0
Galio/Garen (DE/MT),Udyr/Viktor (FR/PZ),0,1,0
Aatrox (RU/BW),Gnar (BC/BW),0,1,0
Neeko/Poppy (BC/RU),Caitlyn/Swain (NX/PZ),0,1,0
Lee Sin/Viktor (IO/PZ),Gwen/Nasus (SI/SH),0,1,0
Lee Sin/Lillia (FR/IO),Rumble/Sion (BC/NX),0,1,0
Viktor (PZ/SI),Gnar/Neeko (FR/RU),0,1,0
Lillia/Udyr (FR/IO),Braum/Kayle (FR/MT),0,1,0
Braum/Vi (FR/PZ),Kalista (SI),0,1,0
Championless (BC/IO),Ryze (RU/SI),0,1,0
Varus/Vi/Viktor (PZ/RU),Braum/Vladimir (FR/NX),0,1,0
Senna/Veigar (BC/SI),Kalista (BC/SI),0,1,0
Kalista/Senna (BW/SI),Senna/Veigar (BC/SI),0,1,0
Kai'Sa/Sivir (DE/SH),Riven/Viktor (NX/PZ),0,1,0
Riven/Viktor (NX/PZ),Varus/Vi/Viktor (PZ/RU),0,1,0
Varus/Vi/Viktor (PZ/RU),Jax/Ornn (FR/RU),0,1,0
Varus/Vi/Viktor (PZ/RU),Darius/Gnar (FR/NX),0,1,0
Garen (DE/FR),Akshan/Renekton (SH),0,1,0
Ashe/Janna (FR/PZ),Lee Sin/Viktor (IO/PZ),0,1,0
Kai'Sa/Sivir (DE/SH),Ashe (FR/PZ),0,1,0
Championless (FR/SI),Darius/Gnar (FR/NX),0,1,0
LeBlanc/Udyr (FR/NX),Championless (FR/SI),0,1,0
Senna/Veigar (BC/SI),Ryze (RU/SI),0,1,0
Ryze (RU/SI),Sett (IO/PZ),0,1,0
Ryze (RU/SI),Gangplank/Sejuani (BW/FR),0,1,0
Galio/Poppy (DE/FR),Ryze (RU/SI),0,1,0
Akshan/Nasus (SH),Braum/Vladimir (FR/NX),0,1,0
Darius/Gnar (FR/NX),Poppy/Tristana (BC/DE),0,1,0
Kalista/Senna (BC/SI),Darius/Gnar (FR/NX),0,1,0
Rumble/Sion (BC/NX),Akshan/Sivir/Udyr (FR/SH),0,1,0
Gwen/Nasus (SI/SH),Rumble/Sion (BC/NX),0,1,0
Janna/Lillia (IO/PZ),Sett (IO/PZ),0,1,0
Lillia/Malphite (IO/MT),Lulu/Taric (IO/MT),0,1,0
Gwen (NX/SI),Gwen/Vayne (DE/SI),0,1,0
Ryze (RU/SI),Gnar/Neeko (FR/RU),0,1,0
Aphelios (BC/MT),Ryze (RU/SI),0,1,0
Ryze (RU/SI),Renekton/Sivir (SH),0,1,0
Lee Sin/Sett (IO/PZ),Akshan/Udyr (FR/SH),0,1,0
Garen/Kai'Sa (DE/SH),Maokai/Nautilus (BW/SI),0,1,0
Garen/Kai'Sa (DE/SH),Ashe (FR/PZ),0,1,0
Kai'Sa/Vi (PZ/SH),Championless (SI),0,1,0
Ryze (RU/SI),Ashe (FR/PZ),0,1,0
Braum/Vi (FR/PZ),Braum/Vladimir (FR/NX),0,1,0
Galio/Morgana (DE/MT),Ryze (RU/SI),0,1,0
Kalista (SI),Galio/Morgana (DE/MT),0,1,0
Kalista/Senna (BW/SI),Ryze (RU/SI),0,1,0
Sejuani/Swain (FR/NX),Ryze (RU/SI),0,1,0
Braum/Kayle (FR/MT),Ryze (RU/SI),0,1,0
Ryze (RU/SI),Braum/Gnar/Morgana (DE/FR),0,1,0
Akshan/Nasus/Renekton (SH),Ryze (RU/SI),0,1,0
Gnar/Neeko (FR/RU),Gnar/Renekton (FR/SH),0,1,0
Garen/Kai'Sa (DE/SH),Akshan/Varus (SH/RU),0,1,0
Illaoi/Riven (BW/NX),Riven/Viktor (NX/PZ),0,1,0
Aphelios/Viktor (MT/PZ),Illaoi/Riven (BW/NX),0,1,0
Akshan/Nasus (SI/SH),Garen/Kai'Sa (DE/SH),0,1,0
Akshan/Nasus (SI/SH),Sivir (SI/SH),0,1,0
Kai'Sa/Viktor (PZ/SH),Garen/Kai'Sa (DE/SH),0,1,0
Ashe/Gwen (FR/SI),Gnar/Nidalee (BC/SH),0,1,0
Aphelios/Lee Sin (IO/MT),Riven/Viktor (NX/PZ),0,1,0
Taric/Udyr (FR/MT),Jack/Jayce (BW/PZ),0,1,0
Senna/Veigar (BC/SI),Jack/Jayce (BW/PZ),0,1,0
Shyvana/Taric (DE/MT),Championless (PZ/SI),0,1,0
Ashe (FR/PZ),Illaoi/Riven (BW/NX),0,1,0
Aphelios/Kayle (IO/MT),Ashe (FR/PZ),0,1,0
Swain/Vladimir (BW/NX),Galio/Garen (DE/MT),0,1,0
Gwen/Nasus (SI/SH),Kayle (BW/MT),0,1,0
Galio/Udyr (DE/FR),Swain/Vladimir (BW/NX),0,1,0
Ashe/LeBlanc (FR/NX),Lee Sin/Nidalee (IO/SH),0,1,0
Taric/Udyr (FR/MT),Gwen/Vi (PZ/SI),0,1,0
Taric/Udyr (FR/MT),Championless (MT/SI),0,1,0
Akshan/Kai'Sa (DE/SH),Akshan/Lee Sin (IO/SH),0,1,0
Jack/Jayce (BW/PZ),Championless (MT/SI),0,1,0
Janna/Vi (FR/PZ),Nasus/Thresh (SI/SH),0,1,0
Aatrox/Morgana/Vayne (RU/DE),Maokai (BW/SI),0,1,0
Championless (BC/IO),Illaoi/Swain (BW/NX),0,1,0
Swain (FR/NX),Lillia (FR/IO),0,1,0
Championless (MT/SI),Lee Sin/Nidalee (IO/SH),0,1,0
Lee Sin/Nidalee (IO/SH),Nasus/Thresh (SI/SH),0,1,0
Kalista (SI),Udyr/Vayne (DE/FR),0,1,0
Gnar/Sejuani (BC/FR),LeBlanc/Sivir (NX/SH),0,1,0
Championless (BW/FR),Neeko (FR/RU),0,1,0
Braum/Vladimir (FR/NX),Lee Sin/Nidalee (IO/SH),0,1,0
Nasus (SI/SH),Aatrox/Illaoi (RU/BW),0,1,0
Lillia/Viktor (IO/PZ),Aatrox/Illaoi (RU/BW),0,1,0
Braum/Lillia (FR/IO),Garen (DE/SI),0,1,0
Jax/Rumble (RU/NX),Galio/Morgana (DE/MT),0,1,0
Garen (DE/SI),Janna/Sett (IO/PZ),0,1,0
Akshan/Senna (SI/SH),Jax/Rumble (RU/NX),0,1,0
Jax/Rumble (RU/NX),Illaoi/Swain (BW/NX),0,1,0
Rumble/Sion (BC/NX),Illaoi/Riven (BW/NX),0,1,0
Illaoi/Riven (BW/NX),Morgana/Udyr (DE/FR),0,1,0
Neeko/Veigar (BC/RU),Akshan/Lee Sin (IO/SH),0,1,0
Jayce/Lux (DE/PZ),Aphelios/Morgana/Udyr (FR/MT),0,1,0
Nasus/Renekton (SH),Akshan/Senna (SI/SH),0,1,0
Akshan/Senna (SI/SH),Jayce/Lux (DE/PZ),0,1,0
Gangplank/Sejuani (BW/FR),Akshan/Senna (SI/SH),0,1,0
Kayle (BW/MT),Akshan/Senna (SI/SH),0,1,0
Galio/Udyr (DE/FR),Akshan/Senna (SI/SH),0,1,0
Jax/Rumble (RU/NX),Gwen/Vayne (DE/SI),0,1,0
Jax/Rumble (RU/NX),Jayce/Lux (DE/PZ),0,1,0
Jax/Rumble (RU/NX),Kalista/Thresh (SI),0,1,0
Nasus/Thresh (SI/SH),Jax/Rumble (RU/NX),0,1,0
Morgana/Udyr (DE/FR),Garen (DE/SI),0,1,0
Nidalee/Renekton (BC/SH),Akshan/Varus (SH/RU),0,1,0
Championless (BC/IO),Gangplank/Sejuani (BW/FR),0,1,0
Sivir (SI/SH),Rumble/Sion (BC/NX),0,1,0
Kalista/Thresh (SI),Ashe/Thresh (FR/SI),0,1,0
Gangplank/Sejuani (BW/FR),Sejuani/Swain (FR/NX),0,1,0
Riven/Rumble (BC/NX),Nasus/Renekton (SH),0,1,0
Garen (DE/SI),Lee Sin/Viktor (IO/PZ),0,1,0
Garen (DE/SI),Championless (SI),0,1,0
Gwen/Vayne (DE/SI),Kai'Sa/Viktor (PZ/SH),0,1,0
Garen (DE/SI),Gwen/Vayne (DE/SI),0,1,0
Jack/Udyr (BW/FR),Akshan/Varus (SH/RU),0,1,0
Galio/Lux (DE/PZ),Akshan/Lee Sin (IO/SH),0,1,0
Jack/Udyr (BW/FR),Morgana/Udyr (DE/FR),0,1,0
Garen/Neeko (DE/RU),Morgana/Udyr (DE/FR),0,1,0
Akshan/Sivir (NX/SH),Ornn/Vayne (DE/FR),0,1,0
Ashe (FR/SI),Akshan/Nasus (SI/SH),0,1,0
Swain (BW/NX),Janna/Sett (IO/PZ),0,1,0
Kayle (BW/MT),Swain/Vladimir (BW/NX),0,1,0
Championless (PZ/SI),Aphelios/Lee Sin (IO/MT),0,1,0
Championless (FR/SI),Riven/Vi (NX/PZ),0,1,0
Braum/Kayle (FR/MT),Championless (FR/SI),0,1,0
Gnar/Tristana (BC/NX),Gnar/Neeko (FR/RU),0,1,0
Gnar/Neeko (FR/RU),Janna (PZ/SI),0,1,0
Braum/Kayle (FR/MT),Illaoi/Swain (BW/NX),0,1,0
Illaoi/Lulu (BW/IO),Ryze (IO/RU),0,1,0
Illaoi/Lulu (BW/IO),Ashe/Caitlyn (FR/PZ),0,1,0
Shen/Sivir (IO/SH),Garen (DE/SI),0,1,0
Rumble/Sion (BC/NX),Jax/Rumble (RU/NX),0,1,0
Jax/Rumble (RU/NX),Braum/Lillia (FR/IO),0,1,0
Jax/Rumble (RU/NX),Ashe (FR/PZ),0,1,0
Kalista/Nasus/Thresh (SI/SH),Ashe/Caitlyn (FR/PZ),0,1,0
Lillia/Sett (BC/IO),Swain (BW/NX),0,1,0
Ashe/Braum (FR/PZ),Rumble/Sion (BC/NX),0,1,0
Rumble/Sion (BC/NX),Kayle/Leona (MT/NX),0,1,0
Kayle (BW/MT),Garen/Poppy (DE/MT),0,1,0
Caitlyn (BC/PZ),Braum/Lillia (FR/IO),0,1,0
Janna (PZ/SI),Akshan/Udyr (FR/SH),0,1,0
Jax/Tristana (BC/RU),Gnar/Neeko (FR/RU),0,1,0
Morgana/Udyr (DE/FR),Ashe (FR/SI),0,1,0
Viktor (BC/PZ),Lee Sin/Viktor (IO/PZ),0,1,0
Aphelios/Lee Sin (IO/MT),Janna (PZ/SI),0,1,0
Senna (PZ/SI),Ryze (IO/RU),0,1,0
Leona (DE/MT),Janna (PZ/SI),0,1,0
Garen (DE/SI),Kayle/Leona (MT/NX),0,1,0
Ryze (IO/RU),Garen (DE/SI),0,1,0
Nasus/Renekton (SH),Garen (DE/SI),0,1,0
Gwen/Vayne (DE/SI),Kayle/Leona (MT/NX),0,1,0
Shen/Sivir (IO/SH),Illaoi/Lulu (BW/IO),0,1,0
Sett/Shen (IO/PZ),Lee Sin/Viktor (IO/PZ),0,1,0
Gwen/Vi (PZ/SI),Championless (PZ/SI),0,1,0
Nidalee (BC/SH),Illaoi/Lulu (BW/IO),0,1,0
Jayce/Lux (DE/PZ),Illaoi/Lulu (BW/IO),0,1,0
Gangplank/Nidalee (BW/SH),Illaoi/Lulu (BW/IO),0,1,0
Lillia (FR/IO),Illaoi/Lulu (BW/IO),0,1,0
Illaoi/Lulu (BW/IO),Lee Sin/Viktor (IO/PZ),0,1,0
Leona/Sivir (MT/SH),Akshan/Varus (SH/RU),0,1,0
Gwen/Nasus (SI/SH),Sett (IO/PZ),0,1,0
Galio/Poppy (DE/FR),Janna/Sett (IO/PZ),0,1,0
Lillia/Malphite (IO/MT),Lee Sin/Viktor (IO/PZ),0,1,0
Aphelios/Morgana/Udyr (FR/MT),Ryze (IO/RU),0,1,0
Lillia/Malphite (IO/MT),Aphelios/Morgana/Udyr (FR/MT),0,1,0
Sett (IO/PZ),Taric/Udyr (FR/MT),0,1,0
Rumble/Sion (BC/NX),Sett/Shen (IO/PZ),0,1,0
Jayce/Sett (IO/PZ),Gangplank/Nidalee (BW/SH),0,1,0
Janna (PZ/SI),Jayce/Sett (IO/PZ),0,1,0
Rumble/Sion (BC/NX),Gwen/Vi (PZ/SI),0,1,0
Championless (PZ/SI),Aatrox (RU/BW),0,1,0
Galio/Garen (DE/MT),Galio/Udyr (DE/FR),0,1,0
Championless (BW/FR),Maokai/Nautilus (BW/SI),0,1,0
Morgana/Udyr (DE/FR),Braum/Gnar/Morgana (DE/FR),0,1,0
Ashe/LeBlanc (FR/NX),Taric/Udyr (FR/MT),0,1,0
Neeko/Poppy (DE/RU),Taric/Udyr (FR/MT),0,1,0
Gwen/Vayne (DE/SI),Janna (PZ/SI),0,1,0
Riven/Taric (MT/NX),Kayle/Leona (MT/NX),0,1,0
Braum/Gnar/Morgana (DE/FR),Maokai/Nautilus (BW/SI),0,1,0
Swain/Vladimir (BW/NX),Darius/Gwen (NX/SI),0,1,0
Kalista (MT/SI),Braum/Morgana (FR/MT),0,1,0
Gnar/Sejuani (BC/FR),Sett (IO/PZ),0,1,0
Garen (DE/SH),Aphelios/Taric (FR/MT),0,1,0
Lulu/Taric (IO/MT),Gwen/Vi (PZ/SI),0,1,0
Lillia/Veigar (BC/IO),Lee Sin/Viktor (IO/PZ),0,1,0
Championless (SI),Braum/Gnar/Riven (FR/NX),0,1,0
Riven/Rumble (BC/NX),Aphelios/Viktor (MT/PZ),0,1,0
Janna/Sett/Viktor (IO/PZ),Gnar/Sejuani (BC/FR),0,1,0
Galio/Morgana (BC/DE),Akshan/Lee Sin (IO/SH),0,1,0
Championless (PZ/SI),Galio/Morgana (DE/MT),0,1,0
Akshan/Lee Sin (IO/SH),Kayle/Lillia (IO/MT),0,1,0
Aphelios/Viktor (MT/PZ),Renekton/Sejuani (FR/SH),0,1,0
Lillia/Veigar (BC/IO),Championless (SI),0,1,0
Nidalee (BC/SH),Braum/Gnar/Morgana (DE/FR),0,1,0
Illaoi/Swain (BW/NX),Lillia (FR/IO),0,1,0
Aatrox/Nidalee (RU/SH),Kayle (BW/MT),0,1,0
Ashe/Braum (FR/PZ),Ashe (FR/PZ),0,1,0
Caitlyn/Janna (FR/PZ),Akshan/Udyr (FR/SH),0,1,0
Darius (FR/NX),Udyr/Vayne (DE/FR),0,1,0
Riven/Viktor (NX/PZ),Darius (FR/NX),0,1,0
Poppy/Taric (DE/MT),Championless (DE/SI),0,1,0
Kalista (MT/SI),Kayle (BW/MT),0,1,0
Janna/Sett (IO/PZ),Akshan/Jack (BW/SH),0,1,0
Janna/Vi (FR/PZ),Janna (PZ/SI),0,1,0
Kayle/Taric (DE/MT),Gangplank/Sejuani (BW/FR),0,1,0
Aphelios/Janna (MT/PZ),Gangplank/Sejuani (BW/FR),0,1,0
Illaoi/Lulu (BW/IO),Kayle (BW/MT),0,1,0
Yasuo (IO/NX),Garen/Neeko (DE/RU),0,1,0
Lee Sin/Viktor (IO/PZ),Braum/Gnar/Riven (FR/NX),0,1,0
Championless (PZ/SI),Shyvana (DE/MT),0,1,0
Kayle (BW/MT),Janna/Tristana (BC/PZ),0,1,0
Yasuo (IO/NX),Riven/Viktor (NX/PZ),0,1,0
Galio/Poppy (DE/FR),Riven/Viktor (NX/PZ),0,1,0
Braum/Kayle (FR/MT),Rumble/Sion (BC/NX),0,1,0
Braum/Udyr (FR/MT),Braum/Kayle (FR/MT),0,1,0
Garen (DE/SI),Leona/Yasuo (IO/MT),0,1,0
Kalista (NX/SI),Nasus/Renekton (SH),0,1,0
Aatrox (RU/BW),Aphelios/Janna (MT/PZ),0,1,0
Aphelios/Janna (MT/PZ),Rumble/Sion (BC/NX),0,1,0
Nidalee/Renekton (DE/SH),Aphelios/Janna (MT/PZ),0,1,0
Kayle (BW/MT),Aphelios/Janna (MT/PZ),0,1,0
Darius/Gnar (FR/NX),Aphelios/Janna (MT/PZ),0,1,0
Aphelios/Janna (MT/PZ),Braum/Vladimir (FR/NX),0,1,0
Taric/Udyr (FR/MT),Nasus/Renekton (SH),0,1,0
Senna (PZ/SI),Championless (BC/SI),0,1,0
Senna (PZ/SI),Lulu/Poppy (BC/BW),0,1,0
Janna/Sett/Viktor (IO/PZ),Kalista (MT/SI),0,1,0
Poppy/Tristana (BC/NX),Gwen/Vayne (DE/SI),0,1,0
Championless (BC/SI),Championless (MT/SI),0,1,0
Championless (SI),Leona/Sivir (MT/SH),0,1,0
Kayle/Morgana (FR/MT),Lee Sin/Viktor (IO/PZ),0,1,0
Akshan/Udyr (FR/SH),Lee Sin/Viktor (IO/PZ),0,1,0
Gwen/LeBlanc (NX/SI),Janna (PZ/SI),0,1,0
Udyr/Vayne (DE/FR),Akshan/Lee Sin/Renekton (IO/SH),0,1,0
Darius/Gwen/Kalista (NX/SI),Ashe/LeBlanc (FR/NX),0,1,0
Gnar/Renekton (FR/SH),Ashe (FR/PZ),0,1,0
Ashe/Udyr (FR/PZ),Caitlyn/Vi (FR/PZ),0,1,0
Sejuani/Udyr (DE/FR),Kalista (MT/SI),0,1,0
Ashe (FR/PZ),Kalista (FR/SI),0,1,0
Lulu/Poppy (BC/BW),Championless (DE/SI),0,1,0
Sejuani/Swain (FR/NX),Kalista (MT/SI),0,1,0
Akshan/Sivir (DE/SH),Darius/Yasuo (IO/NX),0,1,0
Kalista (MT/SI),Shen/Sivir (IO/SH),0,1,0
Lulu/Poppy (BC/BW),Gnar/Sejuani (BC/FR),0,1,0
Akshan/Varus (SH/RU),Kayle/Morgana (FR/MT),0,1,0
Lulu/Poppy (BC/BW),Gwen/Vayne (DE/SI),0,1,0
Akshan/Udyr (FR/SH),Gwen/Vayne (DE/SI),0,1,0
Ryze (IO/RU),Gwen/Vayne (DE/SI),0,1,0
Janna (PZ/SI),Rumble/Sion (NX/SH),0,1,0
Janna (PZ/SI),Garen/Vayne (DE/SI),0,1,0
Janna (PZ/SI),Ashe (FR/SI),0,1,0
Jayce/Lux (DE/PZ),Caitlyn/Vi (FR/PZ),0,1,0
Poppy/Riven (BC/NX),Ryze (RU/SI),0,1,0
Ryze (RU/SI),Akshan/Varus (SH/RU),0,1,0
Aphelios/Jack (BW/MT),Garen/Vayne (DE/PZ),0,1,0
Aphelios/Jack (BW/MT),Maokai (BW/SI),0,1,0
Poppy/Riven (BC/NX),Ashe/Caitlyn (FR/PZ),0,1,0
Lee Sin/Viktor (IO/PZ),Akshan/Sivir (DE/SH),0,1,0
Sett (IO/PZ),Lulu/Poppy (BC/BW),0,1,0
Janna (PZ/SI),Lillia/Malphite (IO/MT),0,1,0
Nidalee/Varus (SH/RU),Senna/Veigar (BC/SI),0,1,0
Ashe/Varus (FR/RU),Illaoi/Swain (BW/NX),0,1,0
Senna/Veigar (BC/SI),Caitlyn/Vi (FR/PZ),0,1,0
Caitlyn/Vi (FR/PZ),Jax/Ornn (FR/RU),0,1,0
Caitlyn/Vi (FR/PZ),Ashe/Tahm Kench (BW/FR),0,1,0
Tahm Kench/Udyr (BW/FR),Ryze (IO/RU),0,1,0
Shyvana (DE/SI),Braum/Lillia (FR/IO),0,1,0
Senna/Veigar (BC/SI),Udyr/Vi (FR/PZ),0,1,0
Neeko/Poppy (BC/RU),Ashe/Caitlyn (FR/PZ),0,1,0
Ryze (IO/RU),Garen/Vayne (DE/PZ),0,1,0
Akshan/Varus (SH/RU),Garen/Poppy (DE),0,1,0
Gangplank/Sejuani (BW/FR),Illaoi/Swain (BW/NX),0,1,0
Gwen/Nasus (SI/SH),Akshan/Varus (SH/RU),0,1,0
Illaoi/Swain (BW/NX),Gnar/Sejuani (BC/FR),0,1,0
Kalista/Thresh (SI),Illaoi/Swain (BW/NX),0,1,0
Akshan/Kai'Sa (DE/SH),Nidalee (BC/SH),0,1,0
Ryze (IO/RU),Jax/Ornn (FR/RU),0,1,0
Ryze (IO/RU),Gangplank/Nidalee (BW/SH),0,1,0
Janna/Senna (PZ/SI),Ryze (IO/RU),0,1,0
Kalista/Thresh (SI),Ryze (IO/RU),0,1,0
Nidalee (BC/SH),LeBlanc/Udyr (FR/NX),0,1,0
Akshan/Shyvana (DE/SH),Nasus/Thresh (SI/SH),0,1,0
Neeko/Veigar (BC/RU),Championless (SI),0,1,0
Akshan/Senna (SI/SH),Braum/Kayle (FR/MT),0,1,0
LeBlanc/Udyr (FR/NX),Akshan/Shyvana (DE/SH),0,1,0
Gwen/Nasus (SI/SH),LeBlanc/Udyr (FR/NX),0,1,0
Lillia (IO/MT),Kalista (MT/SI),0,1,0
Caitlyn/Swain (NX/PZ),Gwen/Nasus (SI/SH),0,1,0
Darius/Gnar (FR/NX),Gwen/Nasus (SI/SH),0,1,0
Janna/Viktor (MT/PZ),Akshan/Varus (SH/RU),0,1,0
Aphelios/Viktor (MT/PZ),Tahm Kench/Udyr (BW/FR),0,1,0
Lillia (IO/MT),Championless (PZ/SI),0,1,0
Akshan/Nasus (SI/SH),Akshan/Jack (BW/SH),0,1,0
Caitlyn (PZ/SI),Aatrox/Kayn (RU/RU),0,1,0
Poppy/Tristana (BC/NX),Jax/Ornn (FR/RU),0,1,0
Jax/Ornn (FR/RU),Swain/Vladimir (BW/NX),0,1,0
Riven/Viktor (NX/PZ),Maokai (BW/SI),0,1,0
Poppy/Tristana (BC/BW),Maokai (BW/SI),0,1,0
Darius/Gwen (NX/SI),Ryze (IO/RU),0,1,0
Swain/Yasuo (IO/NX),Braum/Gnar (BC/FR),0,1,0
Braum/Lillia (FR/IO),Braum/Gnar (BC/FR),0,1,0
Swain/Vladimir (BW/NX),Braum/Gnar (BC/FR),0,1,0
Braum/Vladimir (FR/NX),Braum/Gnar (BC/FR),0,1,0
Nasus/Renekton (SH),Illaoi/Lulu (BW/IO),0,1,0
Braum/Lillia (FR/IO),Akshan/Taric (MT/SH),0,1,0
Aphelios/Taric (FR/MT),Janna/Sett (IO/PZ),0,1,0
Janna/Sett (IO/PZ),Leona/Sivir (MT/SH),0,1,0
Senna/Veigar (BC/SI),Gwen/Nasus (SI/SH),0,1,0
Janna/Sett/Viktor (IO/PZ),Janna/Sett (IO/PZ),0,1,0
Akshan/Lee Sin (IO/SH),Lillia (BW/IO),0,1,0
Caitlyn/Swain (NX/PZ),Gwen/Kalista (NX/SI),0,1,0
Janna/Viktor (IO/PZ),Akshan/Lee Sin (IO/SH),0,1,0
Gnar/Sett (BC/IO),Championless (SI),0,1,0
Akshan/Jack (BW/SH),Malphite/Yasuo (IO/MT),0,1,0
Swain/Vladimir (BW/NX),Senna (PZ/SI),0,1,0
Braum/Vladimir (FR/NX),Riven/Vi (NX/PZ),0,1,0
Caitlyn/Viktor (BC/PZ),Riven/Vi (NX/PZ),0,1,0
Caitlyn/Swain (NX/PZ),Riven/Vi (NX/PZ),0,1,0
Ashe/Lillia (FR/IO),Riven/Vi (NX/PZ),0,1,0
Braum/Kayle (FR/MT),Akshan/Udyr (FR/SH),0,1,0
Taric/Udyr (FR/MT),Jayce/Lux (DE/PZ),0,1,0
Kalista (MT/SI),Garen/Vayne (DE/PZ),0,1,0
Ashe/Braum (FR/PZ),Janna (PZ/SI),0,1,0
Ashe/Lillia (FR/IO),Janna (PZ/SI),0,1,0
Janna (PZ/SI),Caitlyn/Viktor (BC/PZ),0,1,0
Caitlyn/Janna (FR/PZ),Braum/Vladimir (FR/NX),0,1,0
Ashe/LeBlanc (FR/NX),Caitlyn/Viktor (BC/PZ),0,1,0
Kayle (BW/MT),Caitlyn/Viktor (FR/PZ),0,1,0
Gangplank/Nidalee (BW/SH),Akshan/Nasus (SI/SH),0,1,0
Galio/Lux (DE/PZ),Swain/Yasuo (IO/NX),0,1,0
Garen/Poppy (DE/FR),Maokai (BW/SI),0,1,0
Maokai (BW/SI),Championless (MT/SI),0,1,0
Kayle/Riven (MT/NX),Maokai (BW/SI),0,1,0
Kalista/Senna (BW/SI),Gangplank/Sejuani (BW/FR),0,1,0
Gangplank/Sejuani (BW/FR),Riven/Taric (MT/NX),0,1,0
Riven/Sivir (NX/SH),Akshan/Senna (SI/SH),0,1,0
Kayn/Vayne (DE/RU),Akshan/Senna (SI/SH),0,1,0
Akshan/Udyr (FR/SH),Akshan/Senna (SI/SH),0,1,0
Gangplank/Gnar (BC/BW),Ashe (FR/PZ),0,1,0
Gangplank/Sejuani (BW/FR),Gnar/Nidalee (BC/SH),0,1,0
Lillia (FR/IO),Akshan/Udyr (FR/SH),0,1,0
Kayle/Lillia (IO/MT),Lillia (FR/IO),0,1,0
Kalista (SI),Aatrox/Illaoi (RU/BW),0,1,0
Garen/Vayne (DE/PZ),Akshan/Varus (SH/RU),0,1,0
Swain/Yasuo (IO/NX),Kalista (MT/SI),0,1,0
Braum/Vladimir (FR/NX),Taric/Udyr (FR/MT),0,1,0
Kayn/Vayne (DE/RU),Darius/Gnar (FR/NX),0,1,0
Rumble/Viktor (BC/PZ),Gwen/LeBlanc (NX/SI),0,1,0
Maokai/Nautilus (BW/SI),Rumble/Viktor (BC/PZ),0,1,0
Leona/Sivir (MT/SH),Jax/Ornn (FR/RU),0,1,0
Riven/Sivir (NX/SH),Jayce/Lux (DE/PZ),0,1,0
Jax/Ornn (FR/RU),Riven/Sivir (NX/SH),0,1,0
Darius/Gwen/Kalista (NX/SI),Riven/Sivir (NX/SH),0,1,0
Jax/Tristana (BC/RU),Ashe (FR/PZ),0,1,0
Gwen/Kalista/Nasus (SI/SH),Championless (PZ/SI),0,1,0
Kalista/Senna (BW/SI),Akshan/Varus (SH/RU),0,1,0
Akshan/Taric (MT/SH),Braum/Gnar (BC/FR),0,1,0
Akshan/Taric (MT/SH),LeBlanc/Sivir (NX/SH),0,1,0
Kalista/Senna (BW/SI),Akshan/Taric (MT/SH),0,1,0
Akshan/Taric (MT/SH),Rumble/Sion (BC/NX),0,1,0
Akshan/Nasus (SI/SH),Akshan/Taric (MT/SH),0,1,0
Gwen (SI),Senna/Veigar (BC/SI),0,1,0
Akshan/Varus (SH/RU),Riven/Taric (MT/NX),0,1,0
Neeko/Poppy (DE/RU),Gnar/Sejuani (BC/FR),0,1,0
LeBlanc/Sivir (NX/SH),Akshan/Renekton (SH),0,1,0
Akshan/Renekton (SH),Darius/Lulu (IO/NX),0,1,0
Kalista/Senna (BW/SI),Yasuo (IO/NX),0,1,0
Yasuo (IO/NX),LeBlanc/Sivir (NX/SH),0,1,0
Yasuo (IO/NX),Garen (DE),0,1,0
Maokai/Nautilus (BW/SI),Senna/Veigar (SI),0,1,0
Championless (PZ/SI),Janna/Viktor (MT/PZ),0,1,0
Darius/Lulu (IO/NX),Lee Sin/Viktor (IO/PZ),0,1,0
Kalista/Senna (BW/SI),Lee Sin/Viktor (IO/PZ),0,1,0
Senna/Veigar (SI),Championless (SI),0,1,0
Caitlyn/Jack (BW/PZ),Lillia (FR/IO),0,1,0
Lillia (FR/IO),Darius/Lulu (IO/NX),0,1,0
Darius/Gnar (FR/NX),Viktor (PZ/SI),0,1,0
Braum/Vladimir (FR/NX),Caitlyn/Jack (BW/PZ),0,1,0
Riven/Sivir (NX/SH),Rumble/Sion (BC/NX),0,1,0
Jack/Renekton (BW/SH),Championless (SI),0,1,0
Gangplank/Nidalee (BW/SH),Swain/Vladimir (BW/NX),0,1,0
Swain/Vladimir (BW/NX),Galio/Morgana (BC/DE),0,1,0
Akshan/Renekton (NX/SH),Janna/Sett (IO/PZ),0,1,0
Braum/Gnar (BC/FR),Morgana/Udyr (DE/FR),0,1,0
Aphelios/Jack (BW/MT),Kalista/Thresh (SI),0,1,0
Neeko/Nidalee (RU/SH),Senna/Veigar (BC/SI),0,1,0
Yasuo (IO/NX),Lulu/Taric (IO/MT),0,1,0
Tahm Kench/Udyr (BW/FR),Gwen/Vayne (DE/SI),0,1,0
Akshan/Renekton (SH),Lillia (FR/IO),0,1,0
Viktor (PZ/SI),Aphelios/Sett (IO/MT),0,1,0
Kalista/Thresh (SI),Rumble/Sion (BC/NX),0,1,0
Maokai/Nautilus (BW/SI),Galio/Morgana (BC/DE),0,1,0
Neeko/Poppy (BC/RU),Galio/Morgana (BC/DE),0,1,0
Galio/Tahm Kench (BW/DE),LeBlanc/Sivir (NX/SH),0,1,0
Neeko/Poppy (BC/RU),Kai'Sa/Viktor (PZ/SH),0,1,0
Ashe/Vayne (DE/FR),Akshan/Varus (SH/RU),0,1,0
Lee Sin/Viktor (IO/PZ),Gangplank/Nidalee (BW/SH),0,1,0
Championless (BW/IO),LeBlanc/Udyr (FR/NX),0,1,0
Garen/Shyvana (DE/MT),Kayle/Leona (MT/NX),0,1,0
Jax/Ornn (FR/RU),Gnar/Neeko (FR/RU),0,1,0
Darius/Gwen (NX/SI),LeBlanc/Sivir (NX/SH),0,1,0
LeBlanc/Udyr (FR/NX),Swain/Vladimir (BW/NX),0,1,0
Gnar/Nidalee (BC/SH),Illaoi (BW/SH),0,1,0
Akshan/Varus (SH/RU),Illaoi (BW/SH),0,1,0
Shen/Sivir (IO/SH),Braum/Gnar (BC/FR),0,1,0
Gwen/Vi (PZ/SI),Braum/Vladimir (FR/NX),0,1,0
Braum/Neeko (FR/RU),Aphelios/Lee Sin (IO/MT),0,1,0
Lee Sin/Sett (IO/PZ),Akshan/Varus (SH/RU),0,1,0
Illaoi/Lulu (BW/IO),Jax/Ornn (FR/RU),0,1,0
Ashe/Caitlyn (FR/PZ),Akshan/Taric (MT/SH),0,1,0
Jax/Ornn (FR/RU),Akshan/Taric (MT/SH),0,1,0
Rumble/Sion (BC/NX),Akshan/Renekton (SH),0,1,0
Akshan/Renekton (SH),Gnar/Sejuani (BC/FR),0,1,0
Championless (SI),Lee Sin/Sett (IO/PZ),0,1,0
Gnar (BC/BW),Lee Sin/Sett (IO/PZ),0,1,0
Lillia/Sett (FR/IO),Akshan/Varus (SH/RU),0,1,0
Lillia (BW/IO),Senna/Veigar (BC/SI),0,1,0
Rumble/Sion (BC/NX),Galio/Morgana (BC/DE),0,1,0
Braum/Vladimir (FR/NX),Gangplank/Sejuani/Udyr (BW/FR),0,1,0
Gangplank/Sejuani/Udyr (BW/FR),Riven/Viktor (NX/PZ),0,1,0
Maokai (BW/SI),Garen/Shyvana (DE/MT),0,1,0
Ashe (FR/PZ),Aatrox (RU/BW),0,1,0
Lulu/Taric (IO/MT),Aatrox (RU/BW),0,1,0
Gnar/Neeko (FR/RU),Gwen/Vayne (DE/SI),0,1,0
Riven/Taric (MT/NX),Darius/Gnar (FR/NX),0,1,0
Riven/Taric (MT/NX),Viktor (MT/PZ),0,1,0
Caitlyn/Swain (NX/PZ),Lillia (FR/IO),0,1,0
LeBlanc/Ornn (FR/NX),Janna (BW/PZ),0,1,0
Tahm Kench/Udyr (BW/FR),Gnar/Sejuani (BC/FR),0,1,0
Maokai (BW/SI),Gnar/Sejuani (BC/FR),0,1,0
Kai'Sa/Viktor (PZ/SH),Ashe/Caitlyn (FR/PZ),0,1,0
Aatrox/Kayn (RU/RU),Championless (DE/SI),0,1,0
Akshan/Lee Sin (IO/SH),Championless (DE/SI),0,1,0
Lillia/Yasuo (FR/IO),Championless (DE/SI),0,1,0
Akshan/Kai'Sa/Viktor (PZ/SH),Darius (FR/NX),0,1,0
LeBlanc/Sivir (NX/SH),Darius (FR/NX),0,1,0
Gangplank/LeBlanc (BW/NX),Lillia/Yasuo (FR/IO),0,1,0
Nasus/Senna (SI/SH),LeBlanc/Udyr (FR/NX),0,1,0
Ashe/Gwen (FR/SI),LeBlanc/Sivir (NX/SH),0,1,0
Senna/Veigar (BC/SI),Sett/Viktor (IO/PZ),0,1,0
Galio/Morgana (BC/DE),Aatrox/Kayn (RU/RU),0,1,0
Galio/Morgana (BC/DE),Janna/Sett (IO/PZ),0,1,0
Gwen/Vi (PZ/SI),Gnar/Sejuani (BC/FR),0,1,0
Riven/Viktor (NX/PZ),Gwen/Vi (PZ/SI),0,1,0
Maokai/Nautilus (BW/SI),Janna/Lillia (IO/PZ),0,1,0
Ashe/LeBlanc (FR/NX),Janna/Lillia (IO/PZ),0,1,0
Jayce/Lux (DE/PZ),Braum/Gnar (BC/FR),0,1,0
Illaoi/Lulu (BW/IO),Gwen/Renekton (SI/SH),0,1,0
Illaoi/Lulu (BW/IO),Morgana/Udyr (DE/FR),0,1,0
Riven/Viktor (NX/PZ),Gwen/Renekton (SI/SH),0,1,0
Gwen/Renekton (SI/SH),Darius/Gnar (FR/NX),0,1,0
Maokai/Nautilus (BW/SI),Gwen/Renekton (SI/SH),0,1,0
Taric/Udyr (FR/MT),Gwen/Renekton (SI/SH),0,1,0
Senna/Veigar (BC/SI),Gwen/Nidalee (SI/SH),0,1,0
Kayle (BW/MT),Galio/Morgana (BC/DE),0,1,0
Galio/Morgana (BC/DE),Gangplank/Nidalee (BW/SH),0,1,0
Galio/Morgana (BC/DE),Nasus/Senna (SI/SH),0,1,0
Aphelios/Lee Sin (IO/MT),Varus/Vi/Viktor (PZ/RU),0,1,0
Galio/Poppy (DE/FR),Gwen/Vayne (DE/SI),0,1,0
Braum/Vladimir (FR/NX),Swain (BC/NX),0,1,0
Lillia/Udyr (FR/IO),Akshan/Sivir (NX/SH),0,1,0
Akshan/Varus (SH/RU),Varus/Vi/Viktor (PZ/RU),0,1,0
Gwen/LeBlanc (NX/SI),Akshan/Sivir (NX/SH),0,1,0
Lillia (FR/IO),Darius/Gwen (NX/SI),0,1,0
Sett (IO/SH),Rumble/Sion (BC/NX),0,1,0
Championless (BC/PZ),Darius/Yasuo (IO/NX),0,1,0
Braum/Lillia (FR/IO),Udyr/Vi (FR/PZ),0,1,0
Udyr/Vi (FR/PZ),Morgana/Udyr (DE/FR),0,1,0
Ashe/Caitlyn (FR/PZ),LeBlanc/Udyr (FR/NX),0,1,0
Caitlyn/Swain (NX/PZ),Galio/Morgana (DE/FR),0,1,0
Kalista/Thresh (SI),Galio/Morgana (DE/FR),0,1,0
Gnar/Sejuani (BC/FR),Jack/Sett/Shen (BW/IO),0,1,0
Gwen/Kayle (MT/SI),Gnar/Sejuani (BC/FR),0,1,0
Darius/Gwen (NX/SI),Gwen/Kalista/Nasus (SI/SH),0,1,0
Darius/Gwen (NX/SI),Ashe/Caitlyn (FR/PZ),0,1,0
Gnar/Nidalee (BC/SH),Udyr/Vi (FR/PZ),0,1,0
Jayce/Lux (DE/PZ),Udyr/Vi (FR/PZ),0,1,0
Kayn/Varus (RU/RU),Championless (DE/SI),0,1,0
Garen/Shyvana (DE/MT),Janna/Sett (IO/PZ),0,1,0
Akshan/Renekton (SH),Sett/Viktor (IO/PZ),0,1,0
Caitlyn/Udyr (FR/PZ),Nidalee (BC/SH),0,1,0
Championless (FR/SI),Ashe/LeBlanc (FR/NX),0,1,0
Akshan/Jax (RU/SH),Ashe/LeBlanc (FR/NX),0,1,0
Gwen/Renekton (SI/SH),Ashe/LeBlanc (FR/NX),0,1,0
Senna/Veigar (BC/SI),Championless (FR/SI),0,1,0
Akshan/Renekton (SH),Senna (PZ/SI),0,1,0
Gwen/Vayne (DE/SI),Akshan/Shyvana (DE/SH),0,1,0
Gwen/Renekton (SI/SH),Gwen/Vayne (DE/SI),0,1,0
Lulu/Poppy (BC/NX),Caitlyn/Swain (NX/PZ),0,1,0
Swain (BC/NX),Akshan/Varus (SH/RU),0,1,0
Braum/Lillia (FR/IO),Morgana/Udyr/Vayne (DE/FR),0,1,0
Gwen/Kalista (DE/SI),Gwen/Vayne (DE/SI),0,1,0
Nidalee (BC/SH),Gwen/Kalista (DE/SI),0,1,0
Gwen/Vayne (DE/SI),Garen (DE/SH),0,1,0
Darius/Gwen (NX/SI),Championless (SI),0,1,0
LeBlanc/Sivir (NX/SH),Championless (MT/SI),0,1,0
Caitlyn/Janna (FR/PZ),Neeko/Poppy (DE/RU),0,1,0
Kayle/Lillia (IO/MT),Malphite/Yasuo (IO/MT),0,1,0
Morgana/Taric (MT/NX),Ornn/Vayne (DE/FR),0,1,0
Maokai/Nautilus (BW/SI),Kalista (BC/SI),0,1,0
Aphelios/Janna (MT/PZ),Akshan/Jax (RU/SH),0,1,0
Senna (PZ/SI),Kalista (MT/SI),0,1,0
Kalista (MT/SI),Lulu/Poppy (BC/NX),0,1,0
Championless (SI),Akshan/Lee Sin/Renekton (IO/SH),0,1,0
Darius/Gwen (NX/SI),Illaoi/Swain (BW/NX),0,1,0
Caitlyn/Janna (FR/PZ),Senna/Veigar (BC/SI),0,1,0
Rumble/Sion (BC/NX),Championless (DE/SI),0,1,0
Akshan/Renekton (SH),Lillia/Sett (BC/IO),0,1,0
Kalista (FR/SI),Lillia/Sett (BC/IO),0,1,0
Akshan/Taric (MT/SH),Janna/Sett (IO/PZ),0,1,0
Akshan/Taric (MT/SH),Ashe (FR/PZ),0,1,0
Akshan/Renekton (SH),Garen/Taric (DE/MT),0,1,0
Akshan/Renekton (SH),Gwen/Vayne (DE/SI),0,1,0
Akshan/Renekton (SH),Nasus/Renekton (SH),0,1,0
Gnar/Nidalee (BC/SH),Akshan/Renekton (SH),0,1,0
Championless (MT/NX),Nidalee (BC/SH),0,1,0
Braum/Lillia (FR/IO),Championless (MT/NX),0,1,0
Championless (MT/NX),Maokai/Nautilus (BW/SI),0,1,0
Ashe/Caitlyn (FR/PZ),Yasuo (IO/NX),0,1,0
Janna/Senna (PZ/SI),Neeko/Poppy (BC/RU),0,1,0
Ashe (FR/SI),Ryze (IO/RU),0,1,0
Maokai (BW/SI),Akshan/Renekton (SH),0,1,0
Janna/Senna (PZ/SI),Maokai (BW/SI),0,1,0
Aphelios/Sett (IO/MT),Lillia/Sett (BC/IO),0,1,0
Gnar/Kayle (FR/MT),Lillia/Sett (BC/IO),0,1,0
Nasus/Senna (SI/SH),Aphelios/Sett (IO/MT),0,1,0
Kai'Sa/Viktor (PZ/SH),Aphelios/Sett (IO/MT),0,1,0
Kai'Sa/Viktor (PZ/SH),Yasuo (IO/NX),0,1,0
Akshan/Renekton (SH),Neeko/Poppy (DE/RU),0,1,0
Akshan/Renekton (SH),Akshan/Nidalee (BC/SH),0,1,0
Lillia/Malphite (IO/MT),Akshan/Renekton (SH),0,1,0
Gangplank/Kalista (BW/SI),Akshan/Renekton (SH),0,1,0
Yasuo (IO/NX),Neeko/Poppy (DE/RU),0,1,0
Darius/Udyr (FR/NX),LeBlanc/Sivir (NX/SH),0,1,0
Aphelios/Kayle (IO/MT),LeBlanc/Sivir (NX/SH),0,1,0
Kayn/Varus (RU/RU),Lillia/Malphite (IO/MT),0,1,0
Janna/Senna (PZ/SI),Lillia/Malphite (IO/MT),0,1,0
Aphelios/Sett (IO/MT),Morgana/Udyr/Vayne (DE/FR),0,1,0
Aphelios/Sett (IO/MT),Rumble/Sion (BC/NX),0,1,0
Nasus/Renekton (SH),Ornn/Vayne (DE/FR),0,1,0
Ashe (FR/IO),Ashe/LeBlanc (FR/NX),0,1,0
Lillia/Sett (IO/PZ),Lillia/Sett (BC/IO),0,1,0
Braum (FR/NX),Lillia/Sett (BC/IO),0,1,0
Ryze (IO/RU),Lillia/Sett (BC/IO),0,1,0
Renekton/Sejuani (FR/SH),Lillia/Sett (IO/PZ),0,1,0
Nasus/Renekton (SH),Lillia/Sett (IO/PZ),0,1,0
Braum (FR/NX),Neeko/Poppy (DE/RU),0,1,0
Akshan/Nasus (SI/SH),Gwen/Vayne (DE/SI),0,1,0
Gnar/Swain (BC/NX),Maokai (BW/SI),0,1,0
Illaoi/Swain (BW/NX),Gnar/Neeko (FR/RU),0,1,0
Aphelios/Yasuo (IO/MT),Neeko/Poppy (DE/RU),0,1,0
Janna (BW/PZ),Neeko/Poppy (DE/RU),0,1,0
Renekton/Sejuani (FR/SH),Jax/Ornn (FR/RU),0,1,0
Aatrox/Kayn (RU/RU),Lillia/Sett (IO/PZ),0,1,0
Lillia/Sett (IO/PZ),Championless (PZ/SI),0,1,0
Gangplank/Swain (BW/NX),Lillia/Sett (IO/PZ),0,1,0
Garen/Kayn (DE/RU),Lillia/Sett (BC/IO),0,1,0
Lillia/Sett (IO/PZ),Aphelios/Viktor (MT/PZ),0,1,0
Gwen/Vayne (DE/SI),Galio/Morgana (DE/FR),0,1,0
Galio/Morgana (DE/FR),Gnar/Neeko (FR/RU),0,1,0
Gangplank/Swain (BW/NX),Nidalee (BC/SH),0,1,0
Garen (DE/SH),Gnar/Neeko (FR/RU),0,1,0
Braum/Lillia (FR/IO),Lillia/Yasuo (FR/IO),0,1,0
Gwen/LeBlanc (NX/SI),Garen (DE/SH),0,1,0
Nautilus (BW/PZ),Ashe/LeBlanc (FR/NX),0,1,0
Lillia/Veigar (BC/IO),Gangplank/Sejuani (BW/FR),0,1,0
Lillia (BC/IO),Janna/Sett (IO/PZ),0,1,0
Caitlyn/Janna (FR/PZ),Lillia (BC/IO),0,1,0
Janna/Lillia (IO/PZ),Gangplank/Sejuani (BW/FR),0,1,0
Gangplank/Nidalee (BW/SH),Janna/Lillia (IO/PZ),0,1,0
Lillia/Sett (IO/PZ),Janna/Lillia (IO/PZ),0,1,0
Lillia (BC/IO),Gnar/Lillia (FR/IO),0,1,0
Rumble/Sion (BC/NX),Lillia (BC/IO),0,1,0
Aphelios/Janna (MT/PZ),Lillia (BC/IO),0,1,0
Neeko/Renekton (RU/SH),Lillia (BC/IO),0,1,0
Nasus/Thresh (SI/SH),Lillia (BC/IO),0,1,0
Riven/Rumble (BC/NX),Galio/Morgana (DE/FR),0,1,0
Braum/Gnar/Lillia (FR/IO),Nidalee (BC/SH),0,1,0
Jayce/Lux (DE/PZ),Braum (FR/NX),0,1,0
Rumble/Viktor (BC/PZ),Lillia/Sett (BC/IO),0,1,0
Braum/Gnar (BC/FR),Lillia/Sett (BC/IO),0,1,0
Gnar/Viktor (BC/PZ),Lillia/Sett (BC/IO),0,1,0
Braum (FR/NX),Shen/Sivir (IO/SH),0,1,0
Lillia/Sett (IO/PZ),Gnar/Lillia (FR/IO),0,1,0
Aphelios/Yasuo (IO/MT),Lillia/Sett (IO/PZ),0,1,0
Lillia/Sett (IO/PZ),Swain/Yasuo (IO/NX),0,1,0
LeBlanc/Sivir (NX/SH),Lillia/Sett (IO/PZ),0,1,0
Sett (BC/IO),Gangplank/Sejuani (BW/FR),0,1,0
Riven/Taric (MT/NX),Gnar/Sejuani (BC/FR),0,1,0
Shen/Sivir (IO/SH),Neeko/Renekton (RU/SH),0,1,0
Galio/Morgana (DE/FR),Akshan/Riven (NX/SH),0,1,0
Yasuo (IO/NX),Gnar/Neeko (FR/RU),0,1,0
Jax/Tristana (BC/RU),Gnar/Lillia (FR/IO),0,1,0
Gnar/Sett (BC/IO),Senna/Veigar (BC/SI),0,1,0
Swain/Yasuo (IO/NX),Braum/Gnar/Lillia (FR/IO),0,1,0
Championless (NX/SI),Janna/Sett (IO/PZ),0,1,0
Braum/Gnar (BC/FR),Nidalee (BC/SH),0,1,0
Akshan/Riven (NX/SH),Gnar/Sett (BC/IO),0,1,0
Akshan/Riven (NX/SH),Galio/Udyr (DE/FR),0,1,0
Neeko/Poppy (BC/RU),Akshan/Sivir (NX/SH),0,1,0
Neeko/Poppy (BC/RU),Gnar/Sejuani (BC/FR),0,1,0
Braum/Kayle (FR/MT),Gwen (NX/SI),0,1,0
Braum/Gnar/Lillia (FR/IO),Gwen (NX/SI),0,1,0
Ashe/Janna (FR/PZ),Janna/Sett (IO/PZ),0,1,0
Senna/Veigar (BC/SI),Riven/Rumble (BC/NX),0,1,0
Riven/Rumble (BC/NX),Aatrox/Morgana/Vayne (RU/DE),0,1,0
Braum/Galio (DE/FR),Riven/Rumble (BC/NX),0,1,0
Kayle/Leona (MT/NX),Neeko/Poppy (BC/RU),0,1,0
Akshan/Lee Sin (IO/SH),Illaoi/Lulu (BW/IO),0,1,0
Illaoi/Lulu (BW/IO),Ashe (FR/PZ),0,1,0
Ashe/Lillia (FR/IO),Shen/Sivir (IO/SH),0,1,0
Ashe/Janna (FR/PZ),Gnar/Sejuani (BC/FR),0,1,0
Gnar/Sejuani (BC/FR),Nasus/Thresh (SI/SH),0,1,0
Aatrox/Illaoi (RU/BW),Gnar/Sejuani (BC/FR),0,1,0
Gnar/Sejuani (BC/FR),Riven/Vi (NX/PZ),0,1,0
Akshan/Renekton (SH),Jayce/Lux (DE/PZ),0,1,0
Aphelios/Morgana/Udyr (FR/MT),Ashe/LeBlanc (FR/NX),0,1,0
LeBlanc/Riven (FR/NX),Ashe/LeBlanc (FR/NX),0,1,0
Gnar/Sejuani (BC/FR),LeBlanc/Riven (FR/NX),0,1,0
LeBlanc/Riven (FR/NX),Nasus/Renekton (SH),0,1,0
Darius/Gnar (FR/NX),Janna/Sett/Viktor (IO/PZ),0,1,0
Aatrox/Illaoi (RU/BW),Gangplank/Sejuani (BW/FR),0,1,0
Braum/Kayle (FR/MT),Ashe/Braum (FR/PZ),0,1,0
Braum/Kayle (FR/MT),Ornn/Sejuani (FR),0,1,0
Darius/Gwen (NX/SI),Jax/Ornn (FR/RU),0,1,0
Darius/Gwen (NX/SI),Leona/Sivir (MT/SH),0,1,0
Lillia (FR/IO),Braum/Udyr (FR/MT),0,1,0
Braum/Gnar/Lillia (FR/IO),Championless (SI),0,1,0
Akshan/Varus (SH/RU),Aatrox/Morgana/Vayne (RU/DE),0,1,0
Kalista (MT/SI),Jayce/Senna (PZ/SI),0,1,0
Lee Sin/Viktor (IO/PZ),Kayle/Poppy (BC/MT),0,1,0
Kayle/Lillia (IO/MT),Janna/Sett (IO/PZ),0,1,0
Illaoi/Swain (BW/NX),Akshan/Morgana (DE/SH),0,1,0
Akshan/Nidalee (FR/SH),Lillia/Sett (BC/IO),0,1,0
Janna/Sett (IO/PZ),Akshan/Nidalee (FR/SH),0,1,0
Kayle/Leona (MT/NX),Riven/Viktor (NX/PZ),0,1,0
Braum (FR/NX),Braum/Vladimir (FR/NX),0,1,0
Braum (FR/NX),Braum/Galio (DE/FR),0,1,0
Ashe/Caitlyn (FR/PZ),Shen/Sivir (IO/SH),0,1,0
Gangplank/Sejuani (BW/FR),Gangplank (BW/NX),0,1,0
Leona/Yasuo (IO/MT),Gwen/Vi (PZ/SI),0,1,0
Caitlyn/Swain (NX/PZ),Leona/Yasuo (IO/MT),0,1,0
Neeko/Poppy (BC/RU),Braum/Galio (DE/FR),0,1,0
Shen/Sivir (IO/SH),Neeko/Poppy (BC/RU),0,1,0
Gnar/Udyr (FR/NX),Championless (MT/SI),0,1,0
Braum/Kayle (FR/MT),LeBlanc/Sivir (NX/SH),0,1,0
Udyr (DE/FR),Gangplank/Sejuani (BW/FR),0,1,0
Gnar/Udyr (DE/FR),Renekton/Sejuani (FR/SH),0,1,0
Gnar/Udyr (DE/FR),Darius/Gnar (FR/NX),0,1,0
Maokai (BW/SI),Lillia (FR/IO),0,1,0
Darius/Gnar (FR/NX),Kai'Sa/Viktor (PZ/SH),0,1,0
Senna/Veigar (BC/SI),Kayle/Poppy (BC/MT),0,1,0
Senna/Veigar (BC/SI),Lillia/Sivir (IO/SH),0,1,0
Lillia/Sivir (IO/SH),Championless (SI),0,1,0
Renekton/Sejuani (FR/SH),Ashe/LeBlanc (FR/NX),0,1,0
Braum/Udyr (FR/MT),Nasus/Thresh (SI/SH),0,1,0
Akshan/Sivir (NX/SH),Akshan/Morgana (MT/SH),0,1,0
Riven/Vi (NX/PZ),Akshan/Sivir (NX/SH),0,1,0
Morgana (BC/MT),Riven/Vi (NX/PZ),0,1,0
Kayle/Leona (MT/NX),Lee Sin/Viktor (IO/PZ),0,1,0
Illaoi (BW/SH),Akshan/Nidalee (FR/SH),0,1,0
Akshan/Morgana (MT/SH),Yasuo (IO/NX),0,1,0
Akshan/Morgana (MT/SH),Braum/Udyr (FR/MT),0,1,0
Gangplank/Sejuani (BW/FR),Riven/Sivir (NX/SH),0,1,0
Illaoi/Lulu (BW/IO),Riven/Vi (NX/PZ),0,1,0
Lee Sin/Sett (IO/PZ),Ashe/LeBlanc (FR/NX),0,1,0
Galio/Udyr (DE/FR),Lee Sin/Sett (IO/PZ),0,1,0
Lee Sin/Sett (IO/PZ),Janna/Sett (IO/PZ),0,1,0
Ashe/Thresh (FR/SI),Championless (SI),0,1,0
Akshan/Lee Sin (IO/SH),Illaoi/Vayne (BW/DE),0,1,0
Gnar/Lillia (FR/IO),Braum/Vladimir (FR/NX),0,1,0
Jayce/Lux (DE/PZ),Riven/Vi (NX/PZ),0,1,0
Kalista (SI),Lillia (FR/IO),0,1,0
Gangplank/Sejuani (BW/FR),Ornn/Vayne (DE/FR),0,1,0
Jax/Ornn (FR/RU),Ashe/Braum (FR/PZ),0,1,0
Taric/Udyr (FR/MT),Akshan/Morgana (MT/SH),0,1,0
Illaoi/Vayne (BW/DE),Galio/Udyr (DE/FR),0,1,0
Taric/Udyr (FR/MT),Galio/Morgana (DE/FR),0,1,0
Janna/Sett/Viktor (IO/PZ),Akshan/Morgana (MT/SH),0,1,0
Akshan/Nidalee (FR/SH),Akshan/Morgana (MT/SH),0,1,0
Akshan/Nidalee (FR/SH),Gnar/Nidalee (BC/SH),0,1,0
Akshan/Senna (SI/SH),Gnar/Nidalee (BC/SH),0,1,0
Aatrox/Kayn (RU/RU),Yasuo (IO/NX),0,1,0
Yasuo (IO/NX),Neeko (FR/RU),0,1,0
Gangplank/Sejuani (BW/FR),Garen/Kai'Sa (DE/SH),0,1,0
Udyr/Vayne (DE/FR),Championless (BC/SI),0,1,0
Neeko (MT/RU),Braum/Lillia (FR/IO),0,1,0
Braum/Udyr (FR/MT),Akshan/Varus (SH/RU),0,1,0
Kalista/Thresh (SI),Akshan/Varus (SH/RU),0,1,0
Gwen/Kalista (DE/SI),Ashe/LeBlanc (FR/NX),0,1,0
Lillia (FR/IO),Aphelios/Viktor (MT/PZ),0,1,0
Lux/Morgana (DE/MT),Ashe (FR/PZ),0,1,0
Ashe/Caitlyn (FR/PZ),Akshan/Lee Sin (IO/SH),0,1,0
Morgana/Udyr (DE/FR),Swain (FR/NX),0,1,0
Braum (BC/FR),Maokai/Nautilus (BW/SI),0,1,0
Galio/Udyr (DE/FR),Morgana/Udyr/Vayne (DE/FR),0,1,0
Rumble/Sion (BC/NX),Sejuani/Udyr (DE/FR),0,1,0
Gnar/Nidalee (BC/SH),Lee Sin/Lillia (FR/IO),0,1,0
Gangplank/Nidalee (BW/SH),Akshan/Lee Sin (IO/SH),0,1,0
Gnar/Lillia (FR/IO),Aatrox/Kayn (RU/RU),0,1,0
Braum/Udyr (FR/MT),Morgana/Udyr (DE/FR),0,1,0
Gangplank (BW/NX),Akshan/Varus (SH/RU),0,1,0
Illaoi/Lulu (BW/IO),Thresh (SI/SH),0,1,0
Championless (PZ/SI),Illaoi/Lulu (BW/IO),0,1,0
Illaoi/Lulu (BW/IO),Nasus/Thresh (SI/SH),0,1,0
Maokai (BW/SI),Illaoi/Lulu (BW/IO),0,1,0
Gwen/LeBlanc (NX/SI),Illaoi/Lulu (BW/IO),0,1,0
Maokai/Nautilus (BW/SI),Illaoi/Lulu (BW/IO),0,1,0
Gangplank (BW/NX),Championless (SI),0,1,0
Senna/Veigar (BC/SI),Gangplank (BW/NX),0,1,0
Garen (DE/SH),Yasuo (IO/NX),0,1,0
Kalista/Thresh (SI),Sett (IO/PZ),0,1,0
Akshan/Nasus (SH),Ashe (FR/PZ),0,1,0
Senna/Veigar (BC/SI),Morgana/Shyvana (DE/MT),0,1,0
LeBlanc/Ornn (FR/NX),Garen (DE/SI),0,1,0
Kalista/Thresh (SI),Akshan/Jack (BW/SH),0,1,0
Lillia (IO/SI),Akshan/Jack (BW/SH),0,1,0
Kayle/Leona (MT/NX),Championless (MT/SI),0,1,0
Gwen/LeBlanc (NX/SI),Gwen (NX/SI),0,1,0
Darius/Gnar (FR/NX),Illaoi/Udyr (BW/FR),0,1,0
Lux/Morgana (DE/MT),Kalista/Thresh (SI),0,1,0
Lux/Morgana (DE/MT),Darius/Gwen (NX/SI),0,1,0
Nasus/Thresh (SI/SH),Lee Sin/Varus (IO/RU),0,1,0
Lee Sin/Varus (IO/RU),Braum/Lillia (FR/IO),0,1,0
Garen (DE/SH),Lee Sin/Varus (IO/RU),0,1,0
Kalista/Thresh (SI),Darius/Gwen (NX/SI),0,1,0
Kalista/Thresh (SI),Maokai/Nautilus (BW/SI),0,1,0
Ornn/Vayne (DE/FR),Braum/Udyr (FR/MT),0,1,0
Kalista (MT/SI),Braum/Udyr (FR/MT),0,1,0
LeBlanc/Sivir (NX/SH),Gwen (NX/SI),0,1,0
Galio/Udyr (DE/FR),Tahm Kench/Udyr (BW/FR),0,1,0
Caitlyn (BC/PZ),Akshan/Lee Sin (IO/SH),0,1,0
Akshan/Sivir (DE/SH),Riven/Viktor (NX/PZ),0,1,0
Akshan/Jack (BW/SH),Akshan/Sivir (NX/SH),0,1,0
Lee Sin/Varus (IO/RU),Aatrox/Kayn (RU/RU),0,1,0
Janna/Senna (PZ/SI),Gwen/Vayne (DE/SI),0,1,0
Morgana/Shyvana (DE/MT),Braum/Vladimir (FR/NX),0,1,0
Garen (DE/SI),Ashe (FR/PZ),0,1,0
Nasus/Thresh (SI/SH),Nidalee/Sivir (BW/SH),0,1,0
Varus/Vi/Viktor (PZ/RU),Galio/Udyr (DE/FR),0,1,0
Braum/Lillia (FR/IO),Varus/Vi/Viktor (PZ/RU),0,1,0
Poppy/Tristana (BC/SH),Championless (SI),0,1,0
Akshan/Sivir (DE/SH),Championless (SI),0,1,0
Braum/Lillia (FR/IO),Morgana/Shyvana (DE/MT),0,1,0
Illaoi/Swain (BW/NX),Nasus/Senna (SI/SH),0,1,0
Championless (MT/SI),Akshan/Morgana (MT/SH),0,1,0
LeBlanc/Ornn (FR/NX),Braum/Vladimir (FR/NX),0,1,0
Lee Sin/Udyr (FR/IO),Caitlyn/Swain (NX/PZ),0,1,0
Kayle/Poppy (BC/MT),Championless (SI),0,1,0
Lee Sin/Udyr (FR/IO),Galio/Udyr (DE/FR),0,1,0
Morgana/Shyvana (DE/MT),Ashe (FR/PZ),0,1,0
Janna/Senna (PZ/SI),Sejuani/Swain (FR/NX),0,1,0
Gwen (NX/SI),Gnar/Nidalee (BC/SH),0,1,0
Galio/Udyr (DE/FR),Leona/Sivir (MT/SH),0,1,0
Gwen/LeBlanc (NX/SI),Poppy/Tristana (BC/SH),0,1,0
Sett/Viktor (IO/PZ),Poppy/Taric (DE/MT),0,1,0
Aatrox/Vayne (RU/DE),Maokai (BW/SI),0,1,0
Akshan/Lee Sin (IO/SH),Neeko (FR/RU),0,1,0
Ornn/Sejuani (FR),Maokai (BW/SI),0,1,0
Gnar/Nidalee (BC/SH),Caitlyn/Swain (NX/PZ),0,1,0
Aatrox (RU/BW),Garen (DE),0,1,0
Kayle/Morgana (DE/MT),Braum/Vladimir (FR/NX),0,1,0
Kai'Sa/Sivir (MT/SH),Braum/Vladimir (FR/NX),0,1,0
Garen (DE),Gwen/Riven (NX/SI),0,1,0
Braum/Udyr (FR/MT),Championless (PZ/SI),0,1,0
Caitlyn/Janna (BW/PZ),Championless (SI),0,1,0
Akshan/Jax/Sivir (RU/SH),Riven/Viktor (NX/PZ),0,1,0
Viktor (PZ/SI),Ashe/LeBlanc (FR/NX),0,1,0
Sett (IO/PZ),Garen/Poppy (BC/DE),0,1,0
Lee Sin/Viktor (IO/PZ),Aphelios/Yasuo (IO/MT),0,1,0
Braum (BC/FR),Senna/Veigar (BC/SI),0,1,0
Kalista (SI/SH),Senna/Veigar (BC/SI),0,1,0
Akshan/Sivir (DE/SH),Sett/Viktor (IO/PZ),0,1,0
Akshan/Morgana (MT/SH),Braum (BC/FR),0,1,0
Braum/Udyr (FR/MT),Maokai (BW/SI),0,1,0
Braum (BC/FR),Ashe/LeBlanc (FR/NX),0,1,0
Aatrox/Kayn (RU/RU),Kayle/Leona (MT/NX),0,1,0
Braum/Udyr (FR/MT),Lillia (IO/MT),0,1,0
Maokai/Nautilus (BW/SI),Akshan/Shyvana (DE/SH),0,1,0
Nidalee (BC/SH),Lillia (IO/MT),0,1,0
Rumble/Sion (BC/NX),Riven/Rumble (BC/NX),0,1,0
Championless (MT/SI),Riven/Rumble (BC/NX),0,1,0
Lee Sin/Viktor (IO/PZ),Darius/Garen (DE/NX),0,1,0
Sejuani/Swain (FR/NX),Gnar/Swain (BC/NX),0,1,0
Darius/Garen (DE/NX),Ashe/LeBlanc (FR/NX),0,1,0
Lillia (FR/IO),Aatrox/Morgana (RU/DE),0,1,0
Gwen/LeBlanc (NX/SI),Lillia (FR/IO),0,1,0
Braum (FR/NX),Maokai/Nautilus (BW/SI),0,1,0
Gnar/Riven (FR/NX),Braum/Vladimir (FR/NX),0,1,0
Yasuo (IO/NX),Rumble/Vayne (DE/NX),0,1,0
Championless (BC/BW),Gnar/Riven (FR/NX),0,1,0
Akshan/Renekton (SH),Garen (DE/SI),0,1,0
Nasus/Senna (SI/SH),Aatrox/Morgana/Vayne (RU/DE),0,1,0
Championless (SI),Jack/Udyr (BW/FR),0,1,0
Riven/Rumble (BC/NX),Gwen/Sejuani (FR/SI),0,1,0
Gwen/Sejuani (FR/SI),Akshan/Varus (SH/RU),0,1,0
Gwen/Kalista/Nasus (SI/SH),Ashe/LeBlanc (FR/NX),0,1,0
Championless (SI),Gwen/Kalista/Nasus (SI/SH),0,1,0
Nasus/Thresh (SI/SH),Vladimir (MT/NX),0,1,0
Swain/Yasuo (IO/NX),Vladimir (MT/NX),0,1,0
Vladimir (MT/NX),Ashe (FR/PZ),0,1,0
Aphelios/Morgana (DE/MT),Championless (SI),0,1,0
Lillia/Sett (BC/IO),Lillia/Malphite (IO/MT),0,1,0
Braum/Lillia (FR/IO),Galio/Taric (DE/MT),0,1,0
Illaoi/Lulu (BW/IO),Galio/Taric (DE/MT),0,1,0
Ashe/LeBlanc (FR/NX),Kai'Sa/Sivir (MT/SH),0,1,0
Renekton/Sejuani (FR/SH),Akshan/Lee Sin (IO/SH),0,1,0
Kalista/Sivir (SI/SH),Darius/Gnar (FR/NX),0,1,0
Kalista (MT/SI),Gwen/Kalista/Nasus (SI/SH),0,1,0
Morgana/Tristana (BC/MT),Akshan/Varus (SH/RU),0,1,0
Leona/Sivir (MT/SH),Maokai/Nautilus (BW/SI),0,1,0
Lillia/Yasuo (FR/IO),Jayce/Lux (DE/PZ),0,1,0
Championless (MT/SI),LeBlanc/Udyr (FR/NX),0,1,0
Vladimir (MT/NX),Jayce/Lux (DE/PZ),0,1,0
Akshan/Senna (SI/SH),Galio/Morgana (DE/MT),0,1,0
Akshan/Riven (NX/SH),Lillia/Sett (BC/IO),0,1,0
Lee Sin/Sett (IO/PZ),Aatrox/Kayn (RU/RU),0,1,0
Championless (SI),Vi/Viktor (BC/PZ),0,1,0
Lillia/Sett (BC/IO),Sett/Viktor (IO/PZ),0,1,0
Akshan/Sett (IO/SH),Jayce/Lux (DE/PZ),0,1,0
Senna/Veigar (BC/SI),Gnar/Riven (FR/NX),0,1,0
Akshan/Morgana (MT/SH),Lillia (FR/IO),0,1,0
Akshan/Morgana (MT/SH),Illaoi/Lulu (BW/IO),0,1,0
Akshan/Morgana (MT/SH),Shen/Sivir (IO/SH),0,1,0
LeBlanc (FR/NX),Braum/Lillia (FR/IO),0,1,0
Championless (PZ/SI),LeBlanc (FR/NX),0,1,0
Kalista (MT/SI),Akshan (SI/SH),0,1,0
Braum/Galio (DE/FR),Akshan/Morgana (MT/SH),0,1,0
Garen (DE),Janna/Sett (IO/PZ),0,1,0
Lillia/Sett (BC/IO),Akshan/Jack (BW/SH),0,1,0
Jayce/Lux (DE/PZ),Galio/Taric (DE/MT),0,1,0
Braum/Galio (DE/FR),Garen (DE/FR),0,1,0
Poppy/Tristana (BC/SH),Illaoi/Swain (BW/NX),0,1,0
Lulu/Poppy (BC/BW),Ashe/LeBlanc (FR/NX),0,1,0
Lux/Morgana (DE/MT),Janna/Lillia (IO/PZ),0,1,0
Poppy/Taric (DE/MT),Lux/Morgana (DE/MT),0,1,0
Kalista (MT/SI),Akshan/Sett (IO/SH),0,1,0
Akshan/Sett (IO/SH),Championless (PZ/SI),0,1,0
Lillia/Malphite (IO/MT),Akshan/Lee Sin (IO/SH),0,1,0
Rumble/Taric (MT/NX),Galio/Morgana (DE/FR),0,1,0
Akshan/Kai'Sa (IO/SH),Gangplank/Sejuani (BW/FR),0,1,0
Lillia/Veigar (BC/IO),Aphelios/Viktor (MT/PZ),0,1,0
Morgana/Udyr/Vayne (DE/FR),Ashe (FR/PZ),0,1,0
Garen (DE),Nasus/Senna (SI/SH),0,1,0
Ashe/Tahm Kench (BW/FR),Lillia/Malphite (IO/MT),0,1,0
Galio/Morgana (DE/MT),Akshan/Morgana (MT/SH),0,1,0
Sejuani/Udyr (DE/FR),Shen/Sivir (IO/SH),0,1,0
Lillia/Udyr (FR/IO),LeBlanc (FR/NX),0,1,0
Sett (IO/PZ),Akshan/Morgana (MT/SH),0,1,0
Nasus/Senna (SI/SH),Akshan/Aphelios (MT/SH),0,1,0
Lux/Morgana (DE/MT),Sett (IO/PZ),0,1,0
Jack/Morgana (BW/MT),Championless (IO/PZ),0,1,0
Braum/Udyr (DE/FR),Akshan/Varus (SH/RU),0,1,0
Kayn/Riven (RU/NX),Jayce/Lux (DE/PZ),0,1,0
Lulu/Poppy (BC/BW),Gangplank/Sejuani (BW/FR),0,1,0
Janna (PZ/SI),Aatrox/Morgana (RU/DE),0,1,0
Senna/Veigar (BC/SI),Garen (DE/FR),0,1,0
Akshan/Morgana (MT/SH),Garen/Shyvana (DE/MT),0,1,0
Garen (DE/FR),Gangplank/Sejuani (BW/FR),0,1,0
Nasus/Renekton (SH),Championpile (FR/SH),0,1,0
Aatrox (RU/BW),Gnar/Nidalee (BC/SH),0,1,0
Neeko/Veigar (BC/RU),Darius/Gnar (FR/NX),0,1,0
Nasus/Senna (SI/SH),Galio/Udyr (DE/FR),0,1,0
Gangplank/Viktor (BW/PZ),Jayce/Lux (DE/PZ),0,1,0
Nidalee (BC/SH),Kalista/Thresh (SI),0,1,0
Nidalee/Renekton (NX/SH),Akshan/Lee Sin (IO/SH),0,1,0
Sett/Viktor (IO/PZ),Ashe/Caitlyn (FR/PZ),0,1,0
Championless (IO/PZ),Ashe/LeBlanc (FR/NX),0,1,0
Aatrox/LeBlanc (RU/NX),Lee Sin/Viktor (IO/PZ),0,1,0
Championless (IO/SI),Aatrox/LeBlanc (RU/NX),0,1,0
Championless (IO/PZ),Braum/Vladimir (FR/NX),0,1,0
Braum/Lulu (FR/IO),Akshan/Varus (SH/RU),0,1,0
Braum/Vladimir (FR/NX),Akshan/Senna (SI/SH),0,1,0
Championless (PZ/SI),Galio/Poppy (DE/FR),0,1,0
Leona/Sivir (MT/SH),Aatrox/Kayn (RU/RU),0,1,0
Akshan/Jack (BW/SH),Braum/Vladimir (FR/NX),0,1,0
Riven/Viktor (NX/PZ),Sett/Viktor (IO/PZ),0,1,0
Lux/Morgana (DE/MT),Championless (IO/SI),0,1,0
Swain/Vladimir (FR/NX),Championless (SI),0,1,0
Caitlyn/Swain (NX/PZ),Galio/Morgana/Udyr (DE/FR),0,1,0
Akshan/Janna (PZ/SH),Senna/Veigar (BC/SI),0,1,0
Riven/Sivir (NX/SH),Lillia/Sett (BC/IO),0,1,0
LeBlanc/Sivir (NX/SH),Morgana/Taric (DE/MT),0,1,0
Aatrox/Kayn (RU/RU),Akshan/Taric (MT/SH),0,1,0
Gnar/Riven (FR/NX),Illaoi/Swain (BW/NX),0,1,0
Thresh (SI/SH),Ashe/LeBlanc (FR/NX),0,1,0
Kalista/Senna (MT/SI),Janna/Sett (IO/PZ),0,1,0
Neeko/Poppy (BC/RU),Morgana/Riven (MT/NX),0,1,0
Rumble/Sion (BC/NX),Morgana/Riven (MT/NX),0,1,0
Kayn/Ornn (FR/RU),Morgana/Riven (MT/NX),0,1,0
Illaoi (BW/NX),Akshan/Varus (SH/RU),0,1,0
Kayle (BW/MT),Janna/Lillia (IO/PZ),0,1,0
Senna/Veigar (BC/SI),Garen/Poppy (BC/DE),0,1,0
Braum/Kayle (FR/MT),Akshan/Jack (BW/SH),0,1,0
Shen/Yasuo (IO),Darius/Gnar (FR/NX),0,1,0
Lee Sin/Viktor (IO/PZ),Lux/Morgana (DE/MT),0,1,0
Galio/Morgana/Udyr (DE/FR),Ashe/LeBlanc (FR/NX),0,1,0
Garen/Lillia (DE/IO),Akshan/Lee Sin (IO/SH),0,1,0
Gangplank/Janna (BW/PZ),Championless (SI),0,1,0
Lee Sin/Viktor (IO/PZ),Illaoi/Swain (BW/NX),0,1,0
Kai'Sa/Viktor (PZ/SH),Aphelios/Viktor (MT/PZ),0,1,0
Gnar/Sejuani (BC/FR),Championless (DE/SI),0,1,0
Aatrox/Kayn (RU/RU),Renekton/Sejuani (FR/SH),0,1,0
Akshan/Lee Sin (IO/SH),Akshan/Riven (NX/SH),0,1,0
Morgana (BC/MT),Championless (MT/SI),0,1,0
Akshan/Morgana (MT/SH),Sett/Viktor (IO/PZ),0,1,0
Championless (MT/SI),Gnar/Tristana (BC/BW),0,1,0
Gnar/Tristana (BC/BW),Akshan/Varus (SH/RU),0,1,0
Janna (BW/PZ),Braum/Udyr (FR/MT),0,1,0
Kalista/Sivir (SI/SH),Akshan/Taric (MT/SH),0,1,0
Thresh (SI/SH),Braum/Galio (DE/FR),0,1,0
Akshan/Morgana (DE/SH),Thresh (SI/SH),0,1,0
Thresh (SI/SH),Aphelios/Viktor (MT/PZ),0,1,0
Morgana/Udyr (DE/FR),Thresh (SI/SH),0,1,0
Thresh (SI/SH),Akshan/Lee Sin (IO/SH),0,1,0
Thresh (SI/SH),Sett (IO/PZ),0,1,0
Braum/Vladimir (FR/NX),Thresh (SI/SH),0,1,0
Nasus/Thresh (SI/SH),Thresh (SI/SH),0,1,0
Jayce/Senna (PZ/SI),Aatrox/Kayn (RU/RU),0,1,0
Malphite/Yasuo (IO/MT),Yasuo (IO/NX),0,1,0
Championpile (FR/SH),Ashe (FR/PZ),0,1,0
Akshan/Senna (SI/SH),Aatrox/Morgana (RU/DE),0,1,0
Akshan/Morgana (DE/SH),Championless (MT/SI),0,1,0
Shen/Sivir (IO/SH),Swain/Yasuo (IO/NX),0,1,0
Lux/Morgana (DE/MT),LeBlanc/Udyr (FR/NX),0,1,0
Senna/Veigar (BC/SI),Lux/Morgana (DE/MT),0,1,0
Lux/Morgana (DE/MT),Janna/Sett (IO/PZ),0,1,0
Jayce/Lux (DE/PZ),Lee Sin/Lillia (FR/IO),0,1,0
Thresh (SI/SH),LeBlanc/Sivir (NX/SH),0,1,0
Championless (PZ/SI),Championless (DE/SI),0,1,0
Braum/Vladimir (FR/NX),Akshan/Jax (RU/SH),0,1,0
Galio/Morgana/Udyr (DE/FR),Riven/Viktor (NX/PZ),0,1,0
Morgana/Shyvana (DE/MT),Riven/Viktor (NX/PZ),0,1,0
LeBlanc/Ornn (FR/NX),LeBlanc/Udyr (FR/NX),0,1,0
Braum/Vladimir (FR/NX),Championless (DE/SI),0,1,0
Maokai/Nautilus (BW/SI),Thresh (SI/SH),0,1,0
LeBlanc/Udyr (FR/NX),Gangplank/Sejuani (BW/FR),0,1,0
Gwen/Riven (NX/SI),Championless (IO/SI),0,1,0
LeBlanc/Udyr (FR/NX),Akshan/Taric (MT/SH),0,1,0
Thresh (SI/SH),Championless (SI),0,1,0
Gwen/Vayne (DE/SI),Thresh (SI/SH),0,1,0
Thresh (SI/SH),Kalista/Senna (BW/SI),0,1,0
Thresh (SI/SH),Lulu/Poppy (BC/NX),0,1,0
Kayle/Lillia (IO/MT),Thresh (SI/SH),0,1,0
Riven/Viktor (NX/PZ),Thresh (SI/SH),0,1,0
Lux/Morgana (DE/MT),Thresh (SI/SH),0,1,0
Galio/Garen (DE/MT),Janna/Sett (IO/PZ),0,1,0
Akshan/Nasus (SI/SH),LeBlanc/Sivir (NX/SH),0,1,0
Kalista/Thresh (SI),Kayle (BW/MT),0,1,0
Lux/Morgana (DE/MT),Kayle (BW/MT),0,1,0
Darius/Sejuani (FR/NX),Akshan/Kai'Sa/Udyr (FR/SH),0,1,0
Sett (IO/PZ),Lee Sin/Lillia (FR/IO),0,1,0
Kalista/Senna (BW/SI),Akshan/Jack (BW/SH),0,1,0
Rumble/Sion (BC/NX),Galio/Garen (DE/MT),0,1,0
Maokai/Ryze (RU/SI),Maokai/Nautilus (BW/SI),0,1,0
Galio/Udyr (DE/FR),Maokai/Ryze (RU/SI),0,1,0
Maokai/Ryze (RU/SI),Lulu/Taric (IO/MT),0,1,0
Senna/Veigar (BC/SI),Maokai/Ryze (RU/SI),0,1,0
Akshan/Jax (RU/SH),Nidalee (BC/SH),0,1,0
Caitlyn/Swain (NX/PZ),Akshan/Nidalee (BC/SH),0,1,0
Ashe/LeBlanc (FR/NX),Kalista/Senna (BW/SI),0,1,0
Kalista/Thresh (SI),Darius/Gnar (FR/NX),0,1,0
Aatrox/Vayne (RU/DE),Nasus/Thresh (SI/SH),0,1,0
Nasus (SI/SH),Ashe/Tahm Kench (BW/FR),0,1,0
Gwen/Thresh (SI/SH),Ashe/Tahm Kench (BW/FR),0,1,0
Braum/Udyr/Viktor (FR/PZ),Braum/Udyr (FR/MT),0,1,0
Morgana/Taric (DE/MT),Braum/Udyr (FR/MT),0,1,0
Morgana/Taric (DE/MT),Gwen/Vayne (DE/SI),0,1,0
Akshan/Senna (SI/SH),Nasus/Thresh (SI/SH),0,1,0
Akshan/Senna (SI/SH),Kalista (SI),0,1,0
Akshan/Lee Sin (IO/SH),Kalista (FR/SI),0,1,0
Senna/Veigar (BC/SI),Morgana (MT/SI),0,1,0
Darius/Riven (FR/NX),Gnar/Sejuani (FR/PZ),0,1,0
Lillia (FR/IO),Gnar/Sejuani (FR/PZ),0,1,0
Gangplank/LeBlanc (BW/NX),Nidalee (BC/SH),0,1,0
Gangplank/LeBlanc (BW/NX),Caitlyn/Swain (NX/PZ),0,1,0
Thresh (SI/SH),Championless (MT/SI),0,1,0
Morgana/Tristana (BC/MT),Braum/Lillia (FR/IO),0,1,0
Galio/Poppy (DE/FR),Akshan/Lee Sin/Renekton (IO/SH),0,1,0
Morgana (MT/SI),Nasus/Renekton (SH),0,1,0
Darius/Riven (FR/NX),Nasus/Renekton (SH),0,1,0
Senna/Veigar (BC/SI),Lee Sin/Sett/Udyr (FR/IO),0,1,0
Shyvana/Taric (DE/MT),Poppy/Tristana (BC/SH),0,1,0
Garen (DE/FR),Ashe (FR/PZ),0,1,0
Riven/Sivir (NX/SH),Braum/Lillia (FR/IO),0,1,0
Darius/Riven (FR/NX),Gwen/Vayne (DE/SI),0,1,0
Gnar/Lillia (FR/IO),Nasus/Senna (SI/SH),0,1,0
Sett (IO/PZ),Lee Sin/Sett/Udyr (FR/IO),0,1,0
Darius/Gnar (FR/NX),Sett (FR/IO),0,1,0
Nasus/Renekton (SI/SH),Darius/Gnar (FR/NX),0,1,0
Ashe/LeBlanc (FR/NX),Ornn/Vayne (DE/FR),0,1,0
Darius/Gnar (FR/NX),Kayn/Varus (RU/RU),0,1,0
Akshan/Lee Sin/Renekton (IO/SH),Ashe/Caitlyn (FR/PZ),0,1,0
Ashe/LeBlanc (FR/NX),Sett (IO/SI),0,1,0
Akshan/Nidalee (BC/SH),Aatrox/Kayn (RU/RU),0,1,0
Nasus/Thresh (SI/SH),Galio/Morgana/Udyr (DE/FR),0,1,0
Kalista (FR/SI),Janna/Sett (IO/PZ),0,1,0
Kayle (BW/MT),Gnar/Sejuani (FR/NX),0,1,0
Nasus/Thresh (SI/SH),Akshan/Riven (NX/SH),0,1,0
Akshan/Senna (SI/SH),Lee Sin/Sett/Udyr (FR/IO),0,1,0
Akshan/Senna (SI/SH),Gnar/Sejuani (FR/PZ),0,1,0
Gwen/Riven (NX/SI),Darius/Gnar (FR/NX),0,1,0
Championpile (FR/SH),Akshan/Riven (NX/SH),0,1,0
Lillia/Malphite (IO/MT),Aatrox/Kayn (RU/RU),0,1,0
Championpile (FR/SH),Galio/Morgana (DE/MT),0,1,0
Darius/Gnar (FR/NX),Sett/Viktor (IO/PZ),0,1,0
Gangplank (BW/NX),Gwen/Kayle (MT/SI),0,1,0
Lillia (IO/MT),Championless (SI),0,1,0
Darius/Gnar (FR/NX),Senna/Veigar (SI),0,1,0
Galio/Garen (DE/MT),Akshan/Lee Sin (IO/SH),0,1,0
Galio/Morgana (DE/FR),Lillia/Sett (BC/IO),0,1,0
Tristana (BC/MT),Maokai (BW/SI),0,1,0
Gwen/Vayne (DE/SI),Gwen/Kalista (NX/SI),0,1,0
Ashe (FR/MT),Janna/Sett (IO/PZ),0,1,0
Rumble/Vayne (DE/NX),Akshan/Morgana (DE/SH),0,1,0
Lillia/Sett (BC/IO),Kayle/Leona (MT/NX),0,1,0
Ornn/Vayne (DE/FR),Maokai (BW/SI),0,1,0
Maokai (BW/SI),Lee Sin/Sett/Udyr (FR/IO),0,1,0
Sejuani/Swain (FR/NX),Sett (IO/PZ),0,1,0
Garen (DE/FR),Janna/Lillia (IO/PZ),0,1,0
Akshan/Jack (BW/SH),Kayle (BW/MT),0,1,0
Caitlyn/Swain (NX/PZ),Championless (PZ/SI),0,1,0
Morgana (BC/MT),Ashe/LeBlanc (FR/NX),0,1,0
Leona/Sivir (MT/SH),Morgana/Udyr (DE/FR),0,1,0
Gnar/Neeko (FR/RU),Ashe (FR/SI),0,1,0
Braum (FR/NX),Rumble/Sion (BC/NX),0,1,0
Janna (PZ/SI),Braum (FR/NX),0,1,0
Championless (PZ/SI),Akshan/Morgana (MT/SH),0,1,0
Gwen/Kalista (SI),Swain/Yasuo (IO/NX),0,1,0
Lillia/Udyr (FR/IO),Leona/Sivir (MT/SH),0,1,0
Akshan/Lee Sin (IO/SH),Illaoi/Ornn (BW/FR),0,1,0
Akshan/Lee Sin (IO/SH),Nasus/Sivir (SI/SH),0,1,0
Galio/Udyr (DE/FR),Aatrox/Morgana/Vayne (RU/DE),0,1,0
Championpile (FR/SH),Janna/Viktor (IO/PZ),0,1,0
Kai'Sa/Sivir (BW/SH),Ashe/LeBlanc (FR/NX),0,1,0
Ashe/LeBlanc (FR/NX),Leona (MT/PZ),0,1,0
Braum (FR/NX),Galio/Udyr (DE/FR),0,1,0
Aphelios/Morgana (DE/MT),Galio/Udyr (DE/FR),0,1,0
Braum (FR/NX),Sion (NX/SI),0,1,0
Braum (FR/NX),Gnar/Nidalee (BC/SH),0,1,0
LeBlanc/Sivir (NX/SH),Braum (FR/NX),0,1,0
Illaoi/Swain (BW/NX),Senna (PZ/SI),0,1,0
Akshan/Senna (SI/SH),Neeko/Veigar (BC/RU),0,1,0
Jack/Nidalee (BW/SH),Championless (SI),0,1,0
Caitlyn/Senna (PZ/SI),Ashe/LeBlanc (FR/NX),0,1,0
Akshan/Kayn (RU/SH),Sett (IO/PZ),0,1,0
Morgana/Taric (DE/MT),Lulu/Shen (IO/MT),0,1,0
Ornn/Vayne (DE/FR),Championless (MT/SI),0,1,0
Gwen/LeBlanc (NX/SI),Galio (DE/FR),0,1,0
Braum/Udyr (DE/FR),Championless (SI),0,1,0
Braum/Udyr (DE/FR),Janna/Viktor (IO/PZ),0,1,0
Sion (NX/SI),Braum/Udyr (DE/FR),0,1,0
Kalista (MT/SI),Aatrox/Morgana/Vayne (RU/DE),0,1,0
Aphelios/Braum (FR/MT),Morgana/Udyr (DE/FR),0,1,0
Jax/Ornn (FR/RU),Aphelios/Braum (FR/MT),0,1,0
Braum/Udyr (DE/FR),Akshan/Morgana (MT/SH),0,1,0
Sett/Viktor (IO/PZ),Akshan/Jack (BW/SH),0,1,0
Riven/Vi (NX/PZ),Morgana/Udyr (DE/FR),0,1,0
Akshan/Jax (RU/SH),Nasus/Thresh (SI/SH),0,1,0
Illaoi/Swain (BW/NX),Aatrox/Kayn (RU/RU),0,1,0
Nasus/Thresh (SI/SH),Aphelios/Braum (FR/MT),0,1,0
Lee Sin/Sett/Udyr (FR/IO),Ashe/LeBlanc (FR/NX),0,1,0
Darius/Sejuani (FR/NX),Darius/Gnar (FR/NX),0,1,0
Darius (FR/NX),Darius/Sejuani (FR/NX),0,1,0
Ashe/LeBlanc (FR/NX),Darius/Sejuani (FR/NX),0,1,0
Braum/Vladimir (FR/NX),Braum/Udyr (DE/FR),0,1,0
Jayce/Lux (DE/PZ),Rumble (BC/IO),0,1,0
Braum/Udyr (DE/FR),Gwen/Vayne (DE/SI),0,1,0
Gwen/Vayne (DE/SI),Jack/Sett (BW/IO),0,1,0
Braum/Udyr (DE/FR),Championless (PZ/SI),0,1,0
Morgana/Udyr (DE/FR),Braum/Udyr (DE/FR),0,1,0
Darius (FR/NX),Janna/Sett (IO/PZ),0,1,0
Galio/Udyr (DE/FR),Kalista (MT/SI),0,1,0
Gnar/Tristana (BC/BW),Akshan/Morgana (DE/SH),0,1,0
Nasus/Thresh (SI/SH),Lux/Tahm Kench (BW/DE),0,1,0
Senna (PZ/SI),Swain/Yasuo (IO/NX),0,1,0
Akshan/Jack (BW/SH),Gangplank/Sejuani (BW/FR),0,1,0
Championless (MT/SI),LeBlanc/Rumble (BC/NX),0,1,0
Lee Sin/Viktor (IO/PZ),Vi/Viktor (IO/PZ),0,1,0
Garen/Kai'Sa (DE/SH),Aatrox/Kayn (RU/RU),0,1,0
Maokai (BW/SI),Udyr/Vayne (DE/FR),0,1,0
Malphite/Yasuo (IO/MT),Galio/Garen (DE/MT),0,1,0
Braum/Sejuani/Vladimir (FR/NX),Morgana/Udyr (DE/FR),0,1,0
Galio/Udyr (DE/FR),Lillia/Malphite (IO/MT),0,1,0
Akshan/Varus (SH/RU),Aatrox/Varus (RU/RU),0,1,0
Vi/Viktor (IO/PZ),Yasuo (IO/NX),0,1,0
Aphelios/Taric (DE/MT),Senna (PZ/SI),0,1,0
Braum/Galio (DE/FR),Senna (PZ/SI),0,1,0
Akshan/Sivir (NX/SH),Gnar/Nidalee (BC/SH),0,1,0
Sett (IO/PZ),Yasuo (IO/NX),0,1,0
Sett (IO/PZ),Swain/Veigar (NX/SI),0,1,0
Championless (DE/SI),Ashe/LeBlanc (FR/NX),0,1,0
Braum/Lillia (FR/IO),LeBlanc/Riven (FR/NX),0,1,0
Garen/Poppy (BC/DE),Akshan/Lee Sin (IO/SH),0,1,0
Gnar/Lillia (FR/IO),Morgana/Udyr (DE/FR),0,1,0
Gnar/Lillia (FR/IO),Darius/LeBlanc (FR/NX),0,1,0
Akshan/Jack (BW/SH),Maokai/Nautilus (BW/SI),0,1,0
LeBlanc/Yasuo (IO/NX),Ashe/LeBlanc (FR/NX),0,1,0
Braum/Udyr (DE/FR),Ashe (FR/PZ),0,1,0
Championless (MT/SI),Akshan/Nasus (SI/SH),0,1,0
Sett (IO/PZ),Akshan/Jack (BW/SH),0,1,0
Malphite/Yasuo (IO/MT),Akshan/Nasus (SI/SH),0,1,0
Championless (DE/SI),Senna/Veigar (BC/SI),0,1,0
Championpile (FR/SH),Akshan/Lee Sin (IO/SH),0,1,0
Sett (IO/PZ),Akshan/Viktor (PZ/SH),0,1,0
Ashe/Tahm Kench (BW/FR),Lillia/Sett (FR/IO),0,1,0
Lillia/Sett (FR/IO),Aatrox (RU/BW),0,1,0
Shen/Sivir (IO/SH),Championless (MT/SI),0,1,0
Aphelios/Morgana (MT/SI),Gwen/Vayne (DE/SI),0,1,0
Nasus/Thresh (SI/SH),Leona/Yasuo (IO/MT),0,1,0
Lillia (FR/IO),Galio/Garen (DE/MT),0,1,0
Gwen/Swain (NX/SI),Akshan/Varus (SH/RU),0,1,0
Jayce/Lux (DE/PZ),Lillia/Sett (FR/IO),0,1,0
Lillia/Sett (FR/IO),Ashe/LeBlanc (FR/NX),0,1,0
Lillia/Sett (FR/IO),Braum/Lillia (FR/IO),0,1,0
Ashe/Sett (FR/IO),Darius/Gnar (FR/NX),0,1,0
Akshan/Kayn (RU/SH),Akshan/Morgana (MT/SH),0,1,0
Akshan/Nasus (SI/SH),Gwen/Swain (NX/SI),0,1,0
Jayce/Lux (DE/PZ),Gwen/Swain (NX/SI),0,1,0
Swain/Veigar (NX/SI),Gwen/Swain (NX/SI),0,1,0
Akshan/Shyvana (DE/SH),Galio/Morgana (DE/MT),0,1,0
Ashe/Tahm Kench (BW/FR),Garen/Poppy (DE),0,1,0
Lee Sin/Lillia (FR/IO),Akshan/Morgana (MT/SH),0,1,0
Senna/Veigar (BC/SI),Galio (DE/FR),0,1,0
Janna/Senna (PZ/SI),Championless (PZ/SI),0,1,0
Swain/Yasuo (IO/NX),Gnar/Lillia (FR/IO),0,1,0
Gnar/Lillia (FR/IO),Gwen/Swain (NX/SI),0,1,0
Maokai/Nautilus (BW/SI),Garen/Poppy (DE),0,1,0
Galio/Garen (DE/MT),Neeko/Renekton (RU/SH),0,1,0
Galio/Garen (DE/MT),Championless (MT/SI),0,1,0
Gnar/Kayle (FR/MT),LeBlanc/Sivir (NX/SH),0,1,0
Akshan/Neeko (RU/SH),Akshan/Varus (SH/RU),0,1,0
Maokai/Nautilus (BW/SI),Gnar/Kayle (FR/MT),0,1,0
Neeko/Renekton (RU/SH),Garen/Poppy (DE),0,1,0
Morgana/Udyr (DE/FR),Jack/Morgana (BW/MT),0,1,0
Sett (IO/PZ),Aphelios/Taric (DE/MT),0,1,0
Aatrox/Kayn (RU/RU),Janna/Viktor (IO/PZ),0,1,0
Braum/Vladimir (FR/NX),Kalista/Senna (BW/SI),0,1,0
Janna/Sett (IO/PZ),Garen/Poppy (DE),0,1,0
Ashe (FR/PZ),Gnar/Sejuani (FR/NX),0,1,0
Gnar/Sejuani (FR/NX),Akshan/Varus (SH/RU),0,1,0
Gwen/Vayne (DE/SI),Gnar/Sejuani (FR/NX),0,1,0
Darius/Gnar/Sejuani (FR/NX),Gwen/Vayne (DE/SI),0,1,0
Akshan/Viktor (PZ/SH),Akshan/Varus (SH/RU),0,1,0
Ashe (FR/PZ),Akshan/Viktor (PZ/SH),0,1,0
Nasus (SI/SH),Jax/Kayn (RU/RU),0,1,0
Garen/Kai'Sa (DE/SH),Darius/Gnar (FR/NX),0,1,0
Garen (DE/SH),Rumble/Sion (BC/NX),0,1,0
Lillia/Malphite (IO/MT),Rumble/Sion (BC/NX),0,1,0
Gangplank/Viktor (BW/PZ),Gwen (NX/SI),0,1,0
Kai'Sa/Renekton (PZ/SH),Senna/Veigar (BC/SI),0,1,0
Akshan/Jack (BW/SH),Lulu/Neeko (IO/RU),0,1,0
Jayce/Lux (DE/PZ),Galio (DE/FR),0,1,0
Malphite/Yasuo (IO/MT),Kalista (MT/SI),0,1,0
Gnar/LeBlanc (FR/NX),Championless (SI),0,1,0
Shyvana (DE/MT),Ashe (FR/IO),0,1,0
Janna (BW/PZ),Janna/Senna (PZ/SI),0,1,0
Aphelios/Lee Sin (IO/MT),Kalista (NX/SI),0,1,0
Gnar/Sejuani (FR/PZ),Gwen (NX/SI),0,1,0
Braum/Senna (FR/SI),Gwen (NX/SI),0,1,0
Kalista (MT/SI),Gwen (NX/SI),0,1,0
Gwen (NX/SI),Nasus (SI/SH),0,1,0
Janna/Sett (IO/PZ),Braum/Kayle (FR/MT),0,1,0
LeBlanc (FR/NX),Nasus (SI/SH),0,1,0
Yasuo (IO/NX),Illaoi/Swain (BW/NX),0,1,0
Leona (MT/PZ),Ashe (FR/PZ),0,1,0
Braum/Lillia (FR/IO),Lillia/Malphite (IO/MT),0,1,0
Akshan/Jax (RU/SH),Gangplank/Sejuani (BW/FR),0,1,0
Garen (DE/FR),Swain/Yasuo (IO/NX),0,1,0
Garen (DE/FR),Lee Sin/Viktor (IO/PZ),0,1,0
Kalista (MT/SI),Championless (MT/SI),0,1,0
Kalista (NX/SI),Akshan/Sivir (DE/SH),0,1,0
Championless (MT/SI),Akshan/Taric (MT/SH),0,1,0
Rumble/Viktor (BC/PZ),Darius/Gwen/Kalista (NX/SI),0,1,0
Janna/Senna (PZ/SI),Yasuo (IO/NX),0,1,0
Darius/Gwen/Kalista (NX/SI),Yasuo (IO/NX),0,1,0
Gwen/Kayle (MT/SI),Senna/Veigar (BC/SI),0,1,0
Gwen/Kalista (NX/SI),Gnar/Nidalee (BC/SH),0,1,0
Gnar/Nidalee (BC/SH),Galio/Taric (DE/MT),0,1,0
Senna (PZ/SI),Gwen/Vayne (DE/SI),0,1,0
Championless (IO/PZ),Gwen/Vayne (DE/SI),0,1,0
Ashe/LeBlanc (FR/NX),Illaoi/Kayle (BW/MT),0,1,0
Maokai (BW/SI),Lee Sin/Varus (IO/RU),0,1,0
Championless (SI),Illaoi/Kayle (BW/MT),0,1,0
Morgana (MT/SI),Championless (SI),0,1,0
Gnar/Kayle (FR/MT),Ashe/LeBlanc (FR/NX),0,1,0
Lillia (FR/IO),Gwen/Vayne (DE/SI),0,1,0
Morgana (MT/SI),LeBlanc/Sivir (NX/SH),0,1,0
Gangplank/Sejuani (BW/FR),Akshan/Taric (MT/SH),0,1,0
Akshan/Morgana (DE/SH),Gangplank/Sejuani (BW/FR),0,1,0
Riven/Rumble (BC/NX),Akshan/Nasus (SI/SH),0,1,0
LeBlanc/Sivir (NX/SH),Ashe/Jack (BW/FR),0,1,0
Akshan/Nasus (SI/SH),Ornn/Vayne (DE/FR),0,1,0
Kayle/Lillia (IO/MT),Akshan/Morgana (DE/SH),0,1,0
Janna (IO/PZ),Ornn/Vayne (DE/FR),0,1,0
Ashe/Jack (BW/FR),Maokai/Nautilus (BW/SI),0,1,0
Morgana (MT/SI),Aatrox/Kayn (RU/RU),0,1,0
Ashe/Jack (BW/FR),Akshan/Varus (SH/RU),0,1,0
Morgana/Udyr/Vayne (DE/FR),Caitlyn/Swain (NX/PZ),0,1,0
Morgana/Udyr/Vayne (DE/FR),Darius (FR/NX),0,1,0
Lux/Shen (DE/IO),Senna/Veigar (BC/SI),0,1,0
Gwen/Swain (NX/SI),Lux/Shen (DE/IO),0,1,0
Garen/Sivir (DE/SH),Janna/Sett (IO/PZ),0,1,0
Gnar/Tristana (BC/FR),LeBlanc/Udyr (FR/NX),0,1,0
Lillia/Malphite (IO/MT),Ashe (FR/PZ),0,1,0
Akshan/Varus (SH/RU),Ashe/Janna (FR/PZ),0,1,0
Caitlyn/Swain (NX/PZ),LeBlanc/Udyr (FR/NX),0,1,0
Senna/Veigar (BC/SI),Gnar/Lillia (FR/IO),0,1,0
Janna/Senna (PZ/SI),Akshan/Lee Sin (IO/SH),0,1,0
Kalista (SI),Kalista (MT/SI),0,1,0
Gnar/LeBlanc (FR/NX),Gwen/Swain (NX/SI),0,1,0
Kayle (BW/MT),Gwen/Swain (NX/SI),0,1,0
Championless (FR/MT),Maokai/Nautilus (BW/SI),0,1,0
Gwen/Swain (NX/SI),Sett (IO/PZ),0,1,0
Braum (FR/NX),Sett (IO/PZ),0,1,0
Garen/Kayle/Shyvana (DE/MT),Jayce/Senna (PZ/SI),0,1,0
Ashe/Jack (BW/FR),Championless (MT/SI),0,1,0
Braum (FR/NX),Aatrox/Kayn (RU/RU),0,1,0
Braum (FR/NX),Jack/Sett (BW/IO),0,1,0
LeBlanc/Sejuani (FR/NX),Braum (FR/NX),0,1,0
Senna (PZ/SI),Galio/Garen/Shyvana (DE/NX),0,1,0
LeBlanc/Udyr (FR/NX),Gnar/Riven (FR/NX),0,1,0
LeBlanc/Udyr (FR/NX),Akshan/Nasus (SI/SH),0,1,0
LeBlanc/Udyr (FR/NX),Ashe/Jack (BW/FR),0,1,0
Garen/Poppy (DE/SH),Lee Sin/Viktor (IO/PZ),0,1,0
Illaoi/Swain (BW/NX),Akshan/Senna (SI/SH),0,1,0
Jack/Varus (BW/RU),Nasus/Thresh (SI/SH),0,1,0
Darius/Gnar (FR/NX),Kalista (MT/SI),0,1,0
Senna/Veigar (BC/SI),Aphelios/Taric (DE/MT),0,1,0
Ashe/Jack (BW/FR),Senna/Veigar (BC/SI),0,1,0
Akshan/Morgana (MT/SH),Kalista (BC/SI),0,1,0
Jack/Morgana (BW/MT),Garen/Kayle/Shyvana (DE/MT),0,1,0
Janna/Sett (IO/PZ),Jack/Varus (BW/RU),0,1,0
Garen (DE/SH),Jack/Varus (BW/RU),0,1,0
Morgana/Udyr (DE/FR),Ashe/Jack (BW/FR),0,1,0
Championless (PZ/SI),Ashe/Jack (BW/FR),0,1,0
Shyvana (DE/MT),Nasus/Thresh (SI/SH),0,1,0
Morgana (MT/SI),Braum/Lillia (FR/IO),0,1,0
Morgana (MT/SI),Jack/Sett (BW/IO),0,1,0
Ashe/Caitlyn (FR/PZ),Nidalee (BC/SH),0,1,0
Kalista (MT/SI),Janna/Viktor (IO/PZ),0,1,0
Ashe/LeBlanc (FR/NX),Jayce/Senna (PZ/SI),0,1,0
Gnar/Sejuani (FR/PZ),Gnar/Nidalee (BC/SH),0,1,0
Braum/Vladimir (FR/NX),Gwen (NX/SI),0,1,0
Garen/Kayle/Shyvana (DE/MT),Kai'Sa/Sivir (FR/SH),0,1,0
Garen (DE/SI),Akshan/Varus (SH/RU),0,1,0
Riven/Rumble (BC/NX),Morgana/Taric (DE/MT),0,1,0
Riven/Rumble (BC/NX),Galio/Udyr (DE/FR),0,1,0
Kayle/Lillia (IO/MT),Kayle/Leona (MT/NX),0,1,0
Darius (FR/NX),Kayle/Leona (MT/NX),0,1,0
Braum/Vladimir (FR/NX),Janna/Viktor (IO/PZ),0,1,0
Caitlyn/Swain (NX/PZ),Illaoi/Swain (BW/NX),0,1,0
Akshan/Senna (SI/SH),Braum/Galio (DE/FR),0,1,0
Senna (PZ/SI),Nasus/Renekton (SH),0,1,0
Akshan/Neeko (RU/SH),Akshan/Senna (SI/SH),0,1,0
Braum/Lillia/Sett (FR/IO),Championless (SI),0,1,0
Ashe/Caitlyn (FR/PZ),Akshan/Nasus (SI/SH),0,1,0
Ashe/Janna (FR/PZ),Maokai/Viktor (PZ/SI),0,1,0
Poppy/Tristana (BC/SH),Ashe/LeBlanc (FR/NX),0,1,0
Poppy/Tristana (BC/SH),Jack/Morgana (BW/MT),0,1,0
Galio/Garen (DE),Poppy/Tristana (BC/SH),0,1,0
Lux/Morgana (DE/MT),Neeko/Renekton (RU/SH),0,1,0
Lux/Morgana (DE/MT),Kalista (SI),0,1,0
Jayce/Lux (DE/PZ),Aphelios/Braum (FR/MT),0,1,0
Gnar/Janna (BC/PZ),Lillia/Sett (BC/IO),0,1,0
Nidalee (PZ/SH),Jack/Sett (BW/IO),0,1,0
Gnar/Viktor (BC/PZ),Jack/Sett (BW/IO),0,1,0
Viktor (BC/PZ),Jack/Sett (BW/IO),0,1,0
Lillia/Morgana (IO/MT),Jack/Sett (BW/IO),0,1,0
Kalista/Thresh (IO/SI),Jack/Sett (BW/IO),0,1,0
Senna/Veigar (BC/SI),Caitlyn/Jack (BW/PZ),0,1,0
Jack (BW/IO),Akshan/Renekton (FR/SH),0,1,0
Senna/Veigar (BC/SI),Jack (BW/IO),0,1,0
Jack (BW/IO),Championless (SI),0,1,0
Aatrox/Morgana (RU/DE),Lillia/Sett (BC/IO),0,1,0
Akshan/Aphelios (MT/SH),Lillia/Sett (BC/IO),0,1,0
Gwen/Kalista (NX/SI),Janna/Sett (IO/PZ),0,1,0
Aatrox/Vayne (RU/DE),Lillia/Sett (BC/IO),0,1,0
Caitlyn (BC/PZ),Lillia/Sett (BC/IO),0,1,0
Gnar/Lillia (FR/IO),Rumble/Sion (BC/NX),0,1,0
Darius/Gnar (FR/NX),Kalista (IO/SI),0,1,0
Lillia/Viktor (IO/PZ),Riven/Viktor (NX/PZ),0,1,0
Rumble/Sivir (NX/SH),Akshan/Nasus (SI/SH),0,1,0
Shyvana (DE/MT),Braum/Kayle (FR/MT),0,1,0
Kalista (IO/SI),Janna (PZ/SI),0,1,0
Akshan/Viktor (PZ/SH),Gangplank/Sejuani (BW/FR),0,1,0
Aphelios/Udyr (FR/MT),Gangplank/Sejuani (BW/FR),0,1,0
Gangplank/Sejuani (BW/FR),Yasuo (IO/MT),0,1,0
Lux/Tahm Kench (BW/DE),Senna/Veigar (PZ/SI),0,1,0
Gnar (BC/FR),Senna/Veigar (PZ/SI),0,1,0
Neeko/Nidalee (RU/SH),Senna/Veigar (PZ/SI),0,1,0
Poppy/Taric (DE/MT),Senna/Veigar (PZ/SI),0,1,0
Gangplank/Sejuani (BW/FR),Senna/Veigar (PZ/SI),0,1,0
LeBlanc/Lillia (IO/NX),Senna/Veigar (PZ/SI),0,1,0
Championless (SI),Yasuo (IO/MT),0,1,0
Morgana (DE/MT),Kalista (IO/SI),0,1,0
Kalista (SI),Kalista (IO/SI),0,1,0
Gwen/Kayle (MT/SI),Championless (MT/SI),0,1,0
Championless (MT/SI),Maokai (PZ/SI),0,1,0
Championless (SI),Senna (SI/SH),0,1,0
Braum/Kayle/Udyr (FR/MT),Championless (SI),0,1,0
Kayle/Lillia (IO/MT),Lee Sin/Viktor (IO/PZ),0,1,0
Braum/Lillia (FR/IO),Leona (IO/MT),0,1,0
Braum/Vladimir (FR/NX),Leona (IO/MT),0,1,0
Leona (IO/MT),Maokai/Nautilus (BW/SI),0,1,0
Leona (IO/MT),Janna (IO/PZ),0,1,0
Ashe/Tahm Kench (BW/FR),Kalista (IO/SI),0,1,0
Aphelios/Jack (BW/MT),Ashe/LeBlanc (FR/NX),0,1,0
Aphelios/Jack (BW/MT),Senna/Veigar (BC/SI),0,1,0
Gnar/Sett (FR/IO),Aatrox/Kayn (RU/RU),0,1,0
Akshan/Morgana (MT/SH),Gnar/Renekton (FR/SH),0,1,0
Sett (IO/PZ),Leona (IO/MT),0,1,0
Garen/LeBlanc (DE/NX),Gwen/Morgana (MT/SI),0,1,0
Neeko/Tristana (BC/RU),Gnar/Renekton (FR/SH),0,1,0
Senna/Veigar (BC/SI),Gnar/Renekton (FR/SH),0,1,0
Lillia/Udyr (FR/IO),Yasuo (IO/NX),0,1,0
Lux/Senna (DE/SI),Ashe/LeBlanc (FR/NX),0,1,0
Janna/Malphite (MT/PZ),Braum/Kayle (FR/MT),0,1,0
Gnar/Lillia (FR/IO),Ashe/LeBlanc (FR/NX),0,1,0
Poppy/Taric (DE/MT),Yasuo (IO/NX),0,1,0
Poppy/Taric (DE/MT),Rumble/Vayne (DE/NX),0,1,0
Shen (DE/IO),Rumble/Vayne (DE/NX),0,1,0
Kalista (IO/SI),Gangplank/Sejuani (BW/FR),0,1,0
Braum/Kayle (FR/MT),Braum/Lillia (FR/IO),0,1,0
Lux/Senna (DE/SI),Kayle (BW/MT),0,1,0
Caitlyn/Swain (NX/PZ),Akshan/Udyr (FR/SH),0,1,0
Braum/Kayle (FR/MT),Kalista (SI),0,1,0
Gangplank/Sejuani (BW/FR),Galio (DE/FR),0,1,0
Leona/Sivir (MT/SH),Braum/Lillia (FR/IO),0,1,0
Galio (DE/FR),Championless (PZ/SI),0,1,0
Aphelios/Yasuo (IO/MT),Yasuo (IO/NX),0,1,0
Caitlyn/Janna (PZ/SI),Aatrox/Kayn (RU/RU),0,1,0
Lux/Senna (DE/SI),Championless (SI),0,1,0
Kalista (SI),Lux/Senna (DE/SI),0,1,0
Gwen/Kalista (DE/SI),Nasus/Thresh (SI/SH),0,1,0
LeBlanc (FR/NX),Aatrox/Kayn (RU/RU),0,1,0
Neeko/Renekton (RU/SH),Maokai/Nautilus (BW/SI),0,1,0
Nidalee (SI/SH),Aatrox/Kayn (RU/RU),0,1,0
Jayce/Lux (DE/PZ),Kalista (IO/SI),0,1,0
Neeko/Poppy (DE/RU),Poppy/Taric (DE/MT),0,1,0
Udyr/Vladimir (FR/NX),Championless (SI),0,1,0
Sett/Udyr (FR/IO),Jax/Neeko (RU/RU),0,1,0
Renekton/Sivir (IO/SH),Gangplank/Sejuani (BW/FR),0,1,0
Leona/Riven (MT/NX),Riven/Viktor (NX/PZ),0,1,0
Caitlyn/Swain (NX/PZ),Nasus (SI/SH),0,1,0
Caitlyn/Swain (NX/PZ),Riven/Viktor (NX/PZ),0,1,0
Janna (PZ/SI),Poppy/Taric (DE/MT),0,1,0
Poppy/Taric (DE/MT),Caitlyn/Swain (NX/PZ),0,1,0
Neeko/Renekton (RU/SH),Riven/Viktor (NX/PZ),0,1,0
Aatrox/Kayn (RU/RU),Galio/Poppy (BC/DE),0,1,0
Riven/Viktor (NX/PZ),Janna/Viktor (IO/PZ),0,1,0
Aatrox/Kayn (RU/RU),Ashe/Sejuani (DE/FR),0,1,0
Poppy/Taric (DE/MT),Neeko/Renekton (RU/SH),0,1,0
Ashe/LeBlanc (FR/NX),Neeko/Renekton (RU/SH),0,1,0
Darius/Gnar (FR/NX),Neeko/Renekton (RU/SH),0,1,0
Kalista (IO/SI),Nidalee (BC/SH),0,1,0
Lulu/Shen (IO/NX),Neeko/Renekton (RU/SH),0,1,0
Ashe/Caitlyn (FR/PZ),Gangplank/Sejuani (BW/FR),0,1,0
Nasus (SI/SH),Championless (PZ/SI),0,1,0
Braum/Vladimir (FR/NX),Kalista (IO/SI),0,1,0
Jack/Sett (BW/IO),Neeko/Renekton (RU/SH),0,1,0
Neeko/Renekton (RU/SH),Kalista (IO/SI),0,1,0
Championless (SI),Riven/Vayne (DE/NX),0,1,0
Akshan/Varus (SH/RU),Gnar/Renekton (FR/SH),0,1,0
Akshan/Aphelios (MT/SH),Riven/Viktor (NX/PZ),0,1,0
Gnar/Swain (BC/NX),Braum/Lillia (FR/IO),0,1,0
Lulu/Shen (IO/NX),Aphelios/Viktor (MT/PZ),0,1,0
Maokai (PZ/SI),Lulu/Shen (IO/NX),0,1,0
Kayle (BC/MT),Gnar/Nidalee (BC/SH),0,1,0
Leona/Sivir (MT/SH),Kalista (SI),0,1,0
Braum/Udyr (FR/MT),Caitlyn/Swain (NX/PZ),0,1,0
Caitlyn/Swain (NX/PZ),Illaoi/Vayne (BW/DE),0,1,0
Kalista (IO/SI),Championless (NX/SI),0,1,0
Championless (NX/SI),Ashe/LeBlanc (FR/NX),0,1,0
LeBlanc (FR/NX),Gangplank/Sejuani (BW/FR),0,1,0
Aphelios/Viktor (MT/PZ),Aatrox/Jack (RU/BW),0,1,0
Championless (SI),Aatrox/Jack (RU/BW),0,1,0
Janna/Senna (PZ/SI),Championless (IO/SI),0,1,0
Rumble/Sion (BC/NX),Championless (IO/SI),0,1,0
Jayce/Lux (DE/PZ),Poppy/Tristana (BC/NX),0,1,0
Nasus (SI/SH),Ashe/Sejuani (FR),0,1,0
Lillia/Veigar (BC/IO),Jayce/Lux (DE/PZ),0,1,0
Aatrox/Jack (RU/BW),Senna/Veigar (BC/SI),0,1,0
Championless (PZ/SI),Poppy/Taric (DE/MT),0,1,0
Ashe (FR/PZ),Akshan/Sivir (DE/SH),0,1,0
Gangplank/Thresh (BW/SI),Sett/Udyr (FR/IO),0,1,0
Caitlyn/Jack (BW/PZ),Darius/Gnar (FR/NX),0,1,0
Championless (SI),Senna/Swain (NX/SI),0,1,0
Aatrox/Jack (RU/BW),Sett/Udyr (FR/IO),0,1,0
Aphelios/Viktor (MT/PZ),Akshan/Aphelios (MT/SH),0,1,0
Championless (SI),Garen/Neeko (DE/RU),0,1,0
Poppy/Tristana (BC/NX),Lillia/Sett (BC/IO),0,1,0
Janna/Malphite (MT/PZ),Aatrox/Kayn (RU/RU),0,1,0
Janna/Viktor (BW/PZ),Leona/Sett (IO/MT),0,1,0
Leona/Sett (IO/MT),Lee Sin/Viktor (IO/PZ),0,1,0
Kayle (BW/MT),Braum/Sett (FR/IO),0,1,0
Akshan/LeBlanc (NX/SH),Ashe/LeBlanc (FR/NX),0,1,0
Akshan/Lillia (IO/SH),Jack/Sett (BW/IO),0,1,0
Rumble/Sion (BC/NX),Jayce (PZ/SI),0,1,0
Aphelios/Viktor (MT/PZ),Akshan/Nidalee/Sivir (DE/SH),0,1,0
Morgana/Viktor (MT/PZ),Ashe/LeBlanc (FR/NX),0,1,0
Akshan/Lillia (IO/SH),Gnar/Nidalee (BC/SH),0,1,0
Nasus (SI/SH),Akshan/Lillia (IO/SH),0,1,0
Darius/Gnar (FR/NX),Braum/Sett (FR/IO),0,1,0
Gangplank/Sejuani (BW/FR),Aatrox/Vayne (RU/DE),0,1,0
Udyr/Viktor (FR/PZ),Darius/Gnar (FR/NX),0,1,0
Lillia/Viktor (IO/PZ),Akshan/Lillia (IO/SH),0,1,0
Darius/Gnar (FR/NX),Gnar/Renekton (FR/SH),0,1,0
Aatrox/Kayn (RU/RU),LeBlanc/Lillia (IO/NX),0,1,0
Championless (FR/SI),Aatrox/Kayn (RU/RU),0,1,0
Akshan/Nidalee/Sivir (DE/SH),Lulu/Shen (IO/MT),0,1,0
Akshan/Nidalee/Sivir (DE/SH),Garen (DE/SH),0,1,0
Lillia/Sett (BC/IO),Aphelios/Lee Sin (IO/MT),0,1,0
Caitlyn/Swain (NX/PZ),Braum (FR/MT),0,1,0
Braum/Sett (FR/IO),Gnar/Nidalee (BC/SH),0,1,0
Morgana/Viktor (MT/PZ),Darius/Sion (BW/NX),0,1,0
Darius/Sion (BW/NX),Janna/Malphite (MT/PZ),0,1,0
Poppy/Taric (DE/MT),Janna/Malphite (MT/PZ),0,1,0
Maokai (BW/SI),Darius/Sion (BW/NX),0,1,0
Darius/LeBlanc (NX),Galio (DE/FR),0,1,0
Illaoi/Vayne (BW/DE),Akshan/Varus (SH/RU),0,1,0
Gangplank/Sejuani (BW/FR),Akshan/Nidalee/Sivir (DE/SH),0,1,0
Renekton (NX/SH),Championless (IO/SI),0,1,0
Illaoi/Vayne (BW/DE),Championless (IO/SI),0,1,0
Senna (PZ/SI),Championless (IO/SI),0,1,0
Aphelios/Lux (DE/MT),Jayce/Lux (DE/PZ),0,1,0
Garen (DE/SH),Sejuani/Vi (FR/PZ),0,1,0
Braum/Sett (FR/IO),Ashe/LeBlanc (FR/NX),0,1,0
Malphite/Yasuo (IO/MT),Darius/LeBlanc (NX),0,1,0
Ashe/LeBlanc (FR/NX),Aatrox/Jack (RU/BW),0,1,0
Janna/Morgana (MT/PZ),Rumble/Sion (BC/NX),0,1,0
Shen/Sivir (IO/SH),Akshan/Nidalee/Sivir (DE/SH),0,1,0
Braum (FR/MT),Akshan/Lee Sin (IO/SH),0,1,0
LeBlanc/Sivir (NX/SH),Caitlyn/Swain (NX/PZ),0,1,0
Illaoi/Vayne (BW/DE),Aatrox/Kayn (RU/RU),0,1,0
Rumble/Vayne (BC/DE),Nidalee (BC/SH),0,1,0
Braum/Lillia (FR/IO),Championless (IO/MT),0,1,0
Leona/Sett (IO/MT),Gwen/Riven (NX/SI),0,1,0
Sejuani/Swain (FR/NX),Darius/Gnar (FR/NX),0,1,0
Kayle/Shyvana (DE/MT),Darius/Gnar (FR/NX),0,1,0
Braum/Vladimir (FR/NX),Lillia (IO/MT),0,1,0
Illaoi/Vayne (BW/DE),Darius/Gnar (FR/NX),0,1,0
Lux/Morgana (DE/MT),Leona/Yasuo (IO/MT),0,1,0
Akshan/Kayn (RU/SH),Braum/Galio (DE/FR),0,1,0
Taric/Udyr (FR/MT),Braum/Galio (DE/FR),0,1,0
Lux/Morgana (DE/MT),Braum (FR/MT),0,1,0
Akshan/Kayn (RU/SH),Lux/Morgana (DE/MT),0,1,0
Lux/Morgana (DE/MT),Caitlyn/Swain (NX/PZ),0,1,0
Gangplank/Swain (BW/NX),Jack/Sett (BW/IO),0,1,0
Sejuani/Swain (FR/NX),Akshan/Nidalee/Sivir (DE/SH),0,1,0
Gnar (FR/PZ),Braum (FR/MT),0,1,0
Jayce/Lux (DE/PZ),Akshan/Jack (BW/SH),0,1,0
Gnar (FR/PZ),LeBlanc/Sivir (NX/SH),0,1,0
Malphite/Yasuo (IO/MT),LeBlanc/Sivir (NX/SH),0,1,0
Janna/Morgana (MT/PZ),Darius/Gnar (FR/NX),0,1,0
Lee Sin/Riven (IO/NX),Braum/Vladimir (FR/NX),0,1,0
Braum/Kai'Sa (FR/SH),Ashe (FR/PZ),0,1,0
Darius/LeBlanc (NX),Leona/Yasuo (IO/MT),0,1,0
Rumble/Sion (BC/NX),Darius/LeBlanc (NX),0,1,0
Darius/LeBlanc (NX),Maokai/Nautilus (BW/SI),0,1,0
Riven/Viktor (NX/PZ),Darius/LeBlanc (NX),0,1,0
Janna/Viktor (BC/PZ),Darius/LeBlanc (NX),0,1,0
Darius/LeBlanc (NX),Janna/Malphite (MT/PZ),0,1,0
Sett/Viktor (IO/PZ),Gnar/Renekton (FR/SH),0,1,0
Poppy (DE/FR),Gnar/Renekton (FR/SH),0,1,0
Braum/Lillia (FR/IO),Gnar/Renekton (FR/SH),0,1,0
Gnar/Renekton (FR/SH),Akshan/Lee Sin (IO/SH),0,1,0
Jack/Sett (BW/IO),Gnar/Renekton (FR/SH),0,1,0
Lillia/Sett (BC/IO),Lillia/Poppy (BC/IO),0,1,0
Gnar (FR/PZ),Taric/Udyr (FR/MT),0,1,0
Taric/Udyr (FR/MT),Aphelios/Viktor (MT/PZ),0,1,0
Jack/Sett (BW/IO),Akshan/Nidalee/Sivir (DE/SH),0,1,0
Aatrox/Kayn (RU/RU),Braum (FR/MT),0,1,0
Braum (FR/MT),Gnar/Nidalee (BC/SH),0,1,0
Kayle (BW/MT),Braum (FR/MT),0,1,0
Ornn/Vayne (DE/FR),LeBlanc/Sivir (NX/SH),0,1,0
LeBlanc/Sivir (NX/SH),LeBlanc/Rumble (BC/NX),0,1,0
Gnar/Rumble/Tristana (BC/FR),Championless (SI),0,1,0
Morgana/Udyr (FR/MT),Jax/Ornn (FR/RU),0,1,0
Championless (SI),Braum/Lulu/Udyr (FR/IO),0,1,0
Championless (FR/SI),Nidalee (BC/SH),0,1,0
Braum (FR/MT),LeBlanc/Sivir (NX/SH),0,1,0
Lillia/Sett (BC/IO),Ashe/Senna (FR/SI),0,1,0
Kayle (BC/MT),Leona/Yasuo (IO/MT),0,1,0
Braum/Lillia (FR/IO),Kayle (BC/MT),0,1,0
Jack/Sett (BW/IO),Kayle (BC/MT),0,1,0
Championless (NX/SI),Kayle (BW/MT),0,1,0
Kalista/Sion (NX/SI),Aatrox/Kayn (RU/RU),0,1,0
LeBlanc/Leona (MT/NX),Jayce/Lux (DE/PZ),0,1,0
Kayle/Lillia (IO/MT),Akshan/Varus (SH/RU),0,1,0
Jayce/Lux (DE/PZ),Kai'Sa/Sivir (FR/SH),0,1,0
Darius/LeBlanc (NX/SI),Jayce/Lux (DE/PZ),0,1,0
Kalista (SI),Kalista/Sion (NX/SI),0,1,0
Gwen (FR/SI),Championless (SI),0,1,0
Kalista (SI),Morgana/Shen (DE/IO),0,1,0
Aphelios/Viktor (MT/PZ),Braum/Janna (FR/PZ),0,1,0
Darius/LeBlanc (BW/NX),Taric (MT/PZ),0,1,0
Darius/LeBlanc (NX),Senna/Veigar (BC/SI),0,1,0
Braum/Udyr (FR/IO),Darius/LeBlanc (NX),0,1,0
Poppy/Taric (DE/MT),Darius/LeBlanc (NX),0,1,0
Lux/Udyr (DE/FR),Braum/Lillia (FR/IO),0,1,0
Garen/Tahm Kench (BW/DE),Illaoi/Swain (BW/NX),0,1,0
Championless (BW/NX),Senna/Veigar (BC/SI),0,1,0
Braum/Janna (FR/PZ),Caitlyn/Swain (NX/PZ),0,1,0
Janna (BC/PZ),Braum/Lillia (FR/IO),0,1,0
Janna/Lee Sin (IO/PZ),Udyr (FR/IO),0,1,0
Kayle/Poppy (BC/MT),Udyr (FR/IO),0,1,0
Braum (FR/MT),Braum/Udyr (FR/IO),0,1,0
Udyr (FR/IO),Jayce/Lux (DE/PZ),0,1,0
Ornn/Sejuani (FR/IO),Gnar/Neeko (FR/RU),0,1,0
Neeko/Poppy (DE/RU),Ornn/Sejuani (FR/IO),0,1,0
Udyr (FR/IO),Ashe/LeBlanc (FR/NX),0,1,0
Caitlyn/Swain (NX/PZ),Nasus/Renekton (SH),0,1,0
Gangplank/Sejuani (BW/FR),Braum (FR/MT),0,1,0
Lillia/Sett (BC/IO),Gangplank/Swain (BW/NX),0,1,0
Shyvana (DE/MT),Lillia/Sett (BC/IO),0,1,0
Nasus/Thresh (SI/SH),Garen/Kayle/Shyvana (DE/MT),0,1,0
Jack/Sett (BW/IO),Garen/Kayle/Shyvana (DE/MT),0,1,0
Leona/Yasuo (IO/MT),Kayle/Shyvana (DE/MT),0,1,0
Morgana (DE/MT),Viktor (BC/PZ),0,1,0
Aphelios/Lux (DE/MT),Leona/Sett (IO/MT),0,1,0
Udyr (FR/IO),Shyvana (DE/MT),0,1,0
Garen/Kayle/Shyvana (DE/MT),Lee Sin/Viktor (IO/PZ),0,1,0
Aatrox/Kayn (RU/RU),Aatrox/Morgana/Vayne (RU/DE),0,1,0
Senna (PZ/SI),Kayle/Shyvana (DE/MT),0,1,0
Ryze (IO/RU),Morgana/Riven (MT/NX),0,1,0
Braum/Lillia (FR/IO),Kayle/Shyvana (DE/MT),0,1,0
Braum/Sett (FR/IO),Morgana/Riven (MT/NX),0,1,0
Neeko/Poppy (BC/RU),Braum/Sett (FR/IO),0,1,0
Braum/Kayle/Morgana (FR/MT),Braum/Sett (FR/IO),0,1,0
Shyvana (DE/MT),Janna/Morgana (MT/PZ),0,1,0
Senna/Veigar (PZ/SI),Morgana/Riven (MT/NX),0,1,0
Janna/Viktor (BW/PZ),Braum/Lillia (FR/IO),0,1,0
Braum/Lillia (FR/IO),Illaoi/Kalista (BW/SI),0,1,0
Aphelios/Morgana (BC/MT),Braum/Lillia (FR/IO),0,1,0
Taric/Udyr (FR/MT),Kayle/Shyvana (DE/MT),0,1,0
Akshan/Lee Sin (IO/SH),Garen/Shen (DE/IO),0,1,0
Viktor (BC/PZ),Akshan/Lee Sin (IO/SH),0,1,0
Viktor (BC/PZ),Caitlyn/Swain (NX/PZ),0,1,0
Maokai (BW/SI),Garen/Kayle/Shyvana (DE/MT),0,1,0
Caitlyn/Swain (NX/PZ),Garen/Kayle/Shyvana (DE/MT),0,1,0
Morgana (DE/MT),Caitlyn/Swain (NX/PZ),0,1,0
Nasus/Senna (SI/SH),Caitlyn/Swain (NX/PZ),0,1,0
Maokai/Nautilus (BW/SI),Garen/Kayle/Shyvana (DE/MT),0,1,0
Garen/Kayle/Shyvana (DE/MT),Aatrox/Kayn (RU/RU),0,1,0
Lee Sin/Riven (IO/NX),Garen/Kayle/Shyvana (DE/MT),0,1,0
Garen/Kayle/Shyvana (DE/MT),Garen/Shen (DE/IO),0,1,0
Garen/Kayle/Shyvana (DE/MT),LeBlanc/Rumble (BC/NX),0,1,0
Garen/Kayle/Shyvana (DE/MT),Janna/Viktor (BW/PZ),0,1,0
Garen/Kayle/Shyvana (DE/MT),Aphelios/Viktor (MT/PZ),0,1,0
Senna/Veigar (PZ/SI),Championless (PZ/SI),0,1,0
Ashe/Nasus (FR/SH),Garen (DE/SH),0,1,0
Garen (DE/SH),Garen/Shen (DE/IO),0,1,0
Leona/Riven (MT/NX),Senna/Veigar (PZ/SI),0,1,0
Rumble/Vayne (DE/NX),Akshan/Morgana (MT/SH),0,1,0
Caitlyn/Swain (NX/PZ),Morgana/Riven (MT/NX),0,1,0
Ashe (FR/SI),Morgana/Riven (MT/NX),0,1,0
Akshan/Varus (SH/RU),Braum (FR/MT),0,1,0
Poppy/Riven (BC/NX),Viktor (BC/PZ),0,1,0
Ashe (BW/FR),Championless (SI),0,1,0
Morgana/Udyr (DE/FR),Garen/Kayle/Shyvana (DE/MT),0,1,0
Garen/Kayle/Shyvana (DE/MT),Rumble/Vayne (DE/NX),0,1,0
Garen (DE/SH),Janna/Sett (IO/PZ),0,1,0
Ashe/LeBlanc (FR/NX),Varus/Viktor (PZ/RU),0,1,0
Varus/Viktor (PZ/RU),Ashe/Braum/Udyr (FR/NX),0,1,0
Viktor (BC/PZ),Darius/Gnar (FR/NX),0,1,0
Maokai/Nautilus (BW/SI),Viktor (BC/PZ),0,1,0
Viktor (BC/PZ),Ashe (FR/PZ),0,1,0
Braum/Swain/Vladimir (FR/NX),Ashe/LeBlanc (FR/NX),0,1,0
Illaoi/Swain (BW/NX),Kai'Sa/Sivir (FR/SH),0,1,0
Ashe (FR/PZ),Janna/Morgana (MT/PZ),0,1,0
Shyvana (DE/FR),Ashe (FR/PZ),0,1,0
Nasus (SI/SH),Jack/Swain (BW/NX),0,1,0
LeBlanc (FR/NX),Poppy/Riven (BC/NX),0,1,0
Senna (PZ/SI),Varus/Viktor (PZ/RU),0,1,0
Braum/Gnar (FR/IO),Caitlyn/Swain (NX/PZ),0,1,0
Rumble/Vayne (DE/NX),Galio/Udyr (DE/FR),0,1,0
Lillia/Morgana (IO/MT),Akshan/Lee Sin (IO/SH),0,1,0
Kalista (SI/SH),Championless (SI),0,1,0
Akshan/Viktor (PZ/SH),Jayce/Lux (DE/PZ),0,1,0
Lillia/Sett (BC/IO),Poppy/Riven (BC/NX),0,1,0
Lillia/Sett (BC/IO),Championless (PZ/SI),0,1,0
Lillia/Sett (BC/IO),Illaoi/Kalista (BW/SI),0,1,0
Lillia/Sett (BC/IO),Gnar (BC/NX),0,1,0
Shyvana (DE/MT),Gnar/Renekton (FR/SH),0,1,0
Taric/Udyr (FR/MT),Gnar/Nidalee (BC/SH),0,1,0
Gwen/Lillia (IO/SI),Aatrox/Kayn (RU/RU),0,1,0
Gwen/LeBlanc (NX/SI),Jack/Swain (BW/NX),0,1,0
Kai'Sa/Sivir (FR/SH),Kai'Sa/Sivir (DE/SH),0,1,0
Akshan/Nidalee/Sivir (DE/SH),Gnar/Nidalee (BC/SH),0,1,0
Shyvana (DE/MT),Jack/Swain (BW/NX),0,1,0
Nasus (SI/SH),Janna/Vi/Viktor (BC/PZ),0,1,0
Jax/Ornn (FR/RU),Akshan/Nasus/Renekton (SH),0,1,0
Kai'Sa/Sivir (FR/SH),Kayle (BW/MT),0,1,0
Lillia/Veigar (BC/IO),Neeko/Tristana (BC/RU),0,1,0
Neeko/Tristana (BC/RU),Poppy/Riven (BC/NX),0,1,0
Viktor (BC/PZ),Darius (NX/PZ),0,1,0
Gnar/Neeko (FR/RU),Poppy/Riven (BC/NX),0,1,0
Galio/Poppy (BC/DE),Poppy/Riven (BC/NX),0,1,0
Jax/Vayne (DE/RU),Poppy/Riven (BC/NX),0,1,0
Poppy/Riven (BC/NX),Nasus/Thresh (SI/SH),0,1,0
Darius/Gnar/Sejuani (FR/NX),Lillia/Veigar (BC/IO),0,1,0
Kayle/Leona (MT/NX),Akshan/Kayn (RU/SH),0,1,0
Illaoi (BW/SI),Morgana/Riven (MT/NX),0,1,0
Nidalee (BC/SH),Varus/Viktor (PZ/RU),0,1,0
Poppy/Taric (DE/MT),Varus/Viktor (PZ/RU),0,1,0
Championless (FR/SI),Championless (SI),0,1,0
Darius (BW/NX),Braum/Lillia (FR/IO),0,1,0
Akshan/Ornn (FR/SH),Darius/Gnar (FR/NX),0,1,0
Viktor (MT/PZ),LeBlanc/Sivir (NX/SH),0,1,0
Darius (NX/PZ),Akshan/Kayn (RU/SH),0,1,0
Kayle (BW/MT),Kai'Sa/Sivir (DE/SH),0,1,0
Riven (NX/PZ),Lillia/Sett (BC/IO),0,1,0
Darius (NX/PZ),Gnar/Nidalee (BC/SH),0,1,0
Braum/Lillia (FR/IO),Garen/Neeko (DE/RU),0,1,0
Janna/Sett (IO/PZ),Janna/Malphite (MT/PZ),0,1,0
Championless (FR/SI),Kayle (BW/MT),0,1,0
Neeko/Tristana (BC/RU),Maokai/Nautilus (BW/SI),0,1,0
Championpile (FR/SH),Nidalee (BC/SH),0,1,0
Ashe/Caitlyn (FR/PZ),Lulu/Taric (IO/MT),0,1,0
Kayle/Lillia (IO/MT),Jack/Swain (BW/NX),0,1,0
Ashe/Nasus (FR/SH),Neeko/Tristana (BC/RU),0,1,0
Akshan/Riven (NX/SH),Akshan/Nasus/Renekton (SH),0,1,0
Sivir/Udyr (FR/SH),Akshan/Nasus/Renekton (SH),0,1,0
Lee Sin/Riven (IO/NX),Aphelios/Morgana/Viktor (MT/PZ),0,1,0
Ashe (BW/FR),Ashe (FR/PZ),0,1,0
Poppy/Riven (BC/NX),Akshan/Riven (NX/SH),0,1,0
Tahm Kench/Udyr (BW/FR),Nidalee (BC/SH),0,1,0
Ashe (FR/PZ),Braum/Kayle/Morgana (FR/MT),0,1,0
Jack/Swain (BW/NX),Ashe (FR/PZ),0,1,0
Aphelios/Janna (MT/PZ),Championless (SI),0,1,0
Sett (BC/IO),Rumble/Sion (BC/NX),0,1,0
Braum/Morgana (DE/FR),Akshan/Lee Sin (IO/SH),0,1,0
Braum/Morgana (DE/FR),Ashe/LeBlanc (FR/NX),0,1,0
Lillia/Udyr (FR/IO),Braum/Morgana (DE/FR),0,1,0
Swain/Yasuo (IO/NX),Lillia/Morgana (IO/MT),0,1,0
Sejuani/Vladimir (FR/NX),Jack/Sett (BW/IO),0,1,0
Nidalee/Sivir (BC/SH),Sejuani/Vladimir (FR/NX),0,1,0
Jack/Swain (BW/NX),Braum (FR/MT),0,1,0
Jack/Swain (BW/NX),Janna/Sett (IO/PZ),0,1,0
Jack/Swain (BW/NX),Championless (SI),0,1,0
Jack/Swain (BW/NX),Jax/Ornn (FR/RU),0,1,0
Morgana (DE/MT),Janna/Sett (IO/PZ),0,1,0
Morgana (DE/MT),Lee Sin/Viktor (IO/PZ),0,1,0
Morgana (DE/FR),LeBlanc/Sivir (NX/SH),0,1,0
Garen/Kayle/Shyvana (DE/MT),Ashe (FR/PZ),0,1,0
Senna/Veigar (BC/SI),Garen/Kayle/Shyvana (DE/MT),0,1,0
Galio/Udyr (DE/FR),Morgana/Senna (MT/SI),0,1,0
Kayle/Morgana (DE/MT),LeBlanc/Sivir (NX/SH),0,1,0
Yasuo (IO/MT),LeBlanc/Sivir (NX/SH),0,1,0
Gnar (BC/NX),Championless (SI),0,1,0
Gnar (BC/NX),Kayle (BW/MT),0,1,0
Kalista (SI),Akshan/Nidalee/Sivir (DE/SH),0,1,0
Ornn/Udyr (FR/IO),Ashe (FR/PZ),0,1,0
Leona/Sett (IO/MT),Janna/Sett (IO/PZ),0,1,0
Leona/Sett (IO/MT),Aatrox/Kayn (RU/RU),0,1,0
Gangplank/Swain (BW/NX),Darius/Gnar (FR/NX),0,1,0
Maokai (PZ/SI),Ashe (FR/PZ),0,1,0
Tristana (BC/FR),Senna/Veigar (BC/SI),0,1,0
Sion/Thresh (NX/SI),Kayle (BW/MT),0,1,0
Senna/Veigar (BC/SI),Senna/Veigar (NX/SI),0,1,0
Poppy/Taric (DE/MT),Garen/Neeko (DE/RU),0,1,0
Janna/Lee Sin (IO/PZ),Galio/Udyr (DE/FR),0,1,0
Garen (DE/SH),Janna/Lee Sin (IO/PZ),0,1,0
Gwen (FR/SI),Senna/Veigar (PZ/SI),0,1,0
Janna/Viktor (IO/PZ),Sett/Udyr (FR/IO),0,1,0
Ornn/Udyr (FR),Maokai (PZ/SI),0,1,0
Gwen/LeBlanc (NX/SI),Ornn/Udyr (FR),0,1,0
Garen/Poppy (DE/MT),Shyvana (DE/MT),0,1,0
Garen/Poppy (DE/MT),Championless (SI),0,1,0
Ashe (FR/PZ),Kalista/Maokai (BW/SI),0,1,0
Akshan/Kayn (RU/SH),Darius/Gnar (FR/NX),0,1,0
Taric (MT/PZ),Senna/Veigar (BC/SI),0,1,0
Braum/Lillia (FR/IO),Nidalee (PZ/SH),0,1,0
Janna/Viktor (BC/PZ),Shyvana (DE/MT),0,1,0
Janna/Viktor (BC/PZ),Darius/Gnar (FR/NX),0,1,0
Sejuani/Swain (FR/NX),Janna/Sett (IO/PZ),0,1,0
Sejuani/Swain (FR/NX),Galio/Garen (DE/FR),0,1,0
Darius (BC/NX),Sejuani/Swain (FR/NX),0,1,0
Ashe/Sejuani (FR/NX),Udyr (FR/IO),0,1,0
Ornn/Udyr (FR/IO),Shen/Taric (IO/MT),0,1,0
Championless (SI),Ornn/Udyr (FR/IO),0,1,0
Sett/Udyr (FR/IO),Darius/Gnar (FR/NX),0,1,0
Nasus/Renekton (SH),Sett/Udyr (FR/IO),0,1,0
Gangplank/Swain (BW/NX),Braum/Lillia (FR/IO),0,1,0
Braum/Lillia (FR/IO),Braum/Swain (FR/NX),0,1,0
Gnar/Morgana (BC/MT),Shyvana (DE/MT),0,1,0
Aphelios/Lux (DE/MT),Lillia/Veigar (BC/IO),0,1,0
Lulu/Poppy (DE/IO),Aphelios/Viktor (MT/PZ),0,1,0
Swain/Vladimir (FR/NX),Kalista/Sion (NX/SI),0,1,0
Swain/Vladimir (FR/NX),Neeko/Poppy (DE/RU),0,1,0
Kayle (BW/MT),Swain/Vladimir (FR/NX),0,1,0
Akshan/Aphelios (MT/SH),Championless (SI),0,1,0
Nidalee (PZ/SH),Jayce/Lux (DE/PZ),0,1,0
Braum/Sett (FR/IO),Akshan/Varus (SH/RU),0,1,0
Udyr (FR/IO),Nidalee (BC/SH),0,1,0
Aatrox (RU/BW),Darius/Gnar (FR/NX),0,1,0
Braum/Sejuani/Udyr (FR/PZ),Darius/Gnar (FR/NX),0,1,0
Gnar/Swain (BC/NX),Senna/Veigar (PZ/SI),0,1,0
Lulu/Shen (IO/MT),Championless (MT/SI),0,1,0
Janna/Sett (IO/PZ),Morgana/Viktor (MT/PZ),0,1,0
Championless (BW/NX),Galio/Udyr (DE/FR),0,1,0
Braum/Kai'Sa (FR/SH),Darius/Gnar (FR/NX),0,1,0
Braum/Udyr/Vladimir (FR/NX),Morgana/Viktor (MT/PZ),0,1,0
Illaoi (BW/MT),Braum/Udyr/Vladimir (FR/NX),0,1,0
Aatrox (RU/BW),Rumble/Vayne (DE/NX),0,1,0
Ashe/Udyr (DE/FR),Rumble/Vayne (DE/NX),0,1,0
Rumble/Viktor (BC/PZ),Nidalee (BC/SH),0,1,0
Akshan/Udyr (FR/SH),Neeko/Renekton (RU/SH),0,1,0
Championless (MT/SI),Varus/Viktor (PZ/RU),0,1,0
Caitlyn (FR/PZ),Rumble/Sion (BC/NX),0,1,0
Ashe/Shyvana (DE/FR),Morgana/Viktor (MT/PZ),0,1,0
Senna/Veigar (PZ/SI),Varus/Viktor (PZ/RU),0,1,0
LeBlanc/Sion (BC/NX),Galio/Udyr (DE/FR),0,1,0
Varus (BC/RU),Darius/Gnar (FR/NX),0,1,0
Udyr/Vladimir (FR/NX),Darius/Gnar (FR/NX),0,1,0
Morgana/Vayne (DE/NX),Ashe/LeBlanc (FR/NX),0,1,0
Morgana/Vayne (DE/NX),Akshan/Nasus/Renekton (SH),0,1,0
Varus/Viktor (PZ/RU),Gnar/Sejuani (BC/FR),0,1,0
Morgana/Poppy (BC/MT),Ashe/LeBlanc (FR/NX),0,1,0
Neeko/Renekton (RU/SH),Darius/Illaoi (BW/NX),0,1,0
Nidalee (BC/SH),LeBlanc/Rumble (BC/NX),0,1,0
LeBlanc/Sivir (NX/SH),Neeko/Renekton (RU/SH),0,1,0
Lee Sin/Riven (IO/NX),LeBlanc/Sivir (NX/SH),0,1,0
Lux/Malphite (DE/MT),Ashe (FR/PZ),0,1,0
Braum (FR/MT),Gwen/LeBlanc (NX/SI),0,1,0
Tahm Kench/Udyr (BW/FR),Gnar/Renekton (FR/SH),0,1,0
Gnar/Renekton (FR/SH),Galio/Udyr (DE/FR),0,1,0
Riven/Viktor (NX/PZ),Janna/Varus (PZ/RU),0,1,0
Riven/Viktor (NX/PZ),Gnar/Renekton (FR/SH),0,1,0
Kai'Sa/Viktor (PZ/SH),Senna/Veigar (PZ/SI),0,1,0
Senna/Veigar (PZ/SI),Tahm Kench/Udyr (BW/FR),0,1,0
Kayle/Shen (IO/MT),Ashe (FR/PZ),0,1,0
Janna/Varus (PZ/RU),Galio/Morgana (DE/FR),0,1,0
Maokai/Nautilus (BW/SI),Janna/Varus (PZ/RU),0,1,0
Rumble/Sion (BC/NX),Janna/Varus (PZ/RU),0,1,0
Janna/Varus (PZ/RU),Jax/Sivir (RU/SH),0,1,0
Jayce/Lux (DE/PZ),Gwen/Riven (NX/SI),0,1,0
Swain/Yasuo (IO/NX),Braum/Sett (FR/IO),0,1,0
Braum/Sett (FR/IO),Gwen/Lee Sin (IO/SI),0,1,0
Senna/Veigar (BC/SI),Garen (DE/IO),0,1,0
Ashe/Udyr (FR/IO),Jayce/Lux (DE/PZ),0,1,0
Ashe/Morgana (FR/MT),Jayce/Lux (DE/PZ),0,1,0
Kalista (SI),Varus/Viktor (PZ/RU),0,1,0
Akshan/Nidalee (BC/SH),Varus/Viktor (PZ/RU),0,1,0
Gwen/Kayn (RU/SI),Akshan/Varus (SH/RU),0,1,0
Lillia/Udyr (FR/IO),Rumble/Sion (BC/NX),0,1,0
Udyr (FR/IO),Gangplank/Sejuani (BW/FR),0,1,0
Ashe/Janna (FR/PZ),Nasus (SI/SH),0,1,0
Kai'Sa/Sivir (FR/SH),Gangplank/Sejuani (BW/FR),0,1,0
Nasus/Thresh (SI/SH),Neeko/Renekton (RU/SH),0,1,0
Janna/Varus (PZ/RU),Kayle (BW/MT),0,1,0
Ashe/LeBlanc (FR/NX),Janna/Varus (PZ/RU),0,1,0
Janna/Varus (PZ/RU),Gwen/Riven (NX/SI),0,1,0
Gnar/Swain (BC/NX),Poppy/Riven (BC/NX),0,1,0
Rumble/Sion (BC/NX),Poppy/Riven (BC/NX),0,1,0
Lux/Udyr (DE/FR),Championless (SI),0,1,0
Garen/Neeko (DE/RU),Jax/Ornn (FR/RU),0,1,0
LeBlanc (FR/NX),Garen/Neeko (DE/RU),0,1,0
Garen/Neeko (DE/RU),Swain/Yasuo (IO/NX),0,1,0
Nidalee (BC/SH),Garen/Neeko (DE/RU),0,1,0
Ornn/Varus (FR/RU),Darius/Gnar (FR/NX),0,1,0
Darius/Gnar (FR/NX),Aatrox/Nasus (RU/SH),0,1,0
Darius/Sion (NX/SI),Darius/Gnar (FR/NX),0,1,0
Gwen/Kayn (RU/SI),Akshan/Nidalee (BC/SH),0,1,0
Rumble/Sion (BC/NX),Akshan/Nidalee (BC/SH),0,1,0
Akshan/Nidalee (BC/SH),Akshan/Nasus/Renekton (SH),0,1,0
Tahm Kench/Vladimir (BW/NX),Darius (NX/PZ),0,1,0
Senna (PZ/SI),Jax/Ornn (FR/RU),0,1,0
Kayle (BW/MT),Aatrox/Nasus (RU/SH),0,1,0
Akshan/Nasus/Renekton (SH),Aatrox/Kayn (RU/RU),0,1,0
Akshan/Braum (FR/SH),Ashe/LeBlanc (FR/NX),0,1,0
Gwen/Riven (NX/SI),Rumble/Sion (BC/NX),0,1,0
Morgana/Riven (MT/NX),Akshan/Nasus/Renekton (SH),0,1,0
Garen (DE/IO),Championless (SI),0,1,0
Akshan/Braum (FR/SH),Jayce/Lux (DE/PZ),0,1,0
Braum/Udyr (FR/IO),Gwen/Kayn (RU/SI),0,1,0
Morgana/Riven (MT/NX),LeBlanc/Sivir (NX/SH),0,1,0
Yasuo (FR/IO),Championless (SI),0,1,0
Ornn/Vayne (DE/FR),Ashe (FR/PZ),0,1,0
Rumble/Vayne (DE/NX),Akshan/Nidalee/Sivir (DE/SH),0,1,0
Akshan/Nidalee/Sivir (DE/SH),Nidalee (BC/SH),0,1,0
Janna (PZ/SI),Garen/Neeko (DE/RU),0,1,0
Jayce/Lux (DE/PZ),Akshan/Nidalee (BC/SH),0,1,0
Kalista (SI),Akshan/Nidalee (BC/SH),0,1,0
Gwen/Kayn (RU/SI),Championless (SI),0,1,0
Lee Sin/Riven (IO/NX),Gwen/Vayne (DE/SI),0,1,0
Gnar (BC/NX),Ashe/Caitlyn (FR/PZ),0,1,0
Gwen/Vayne (DE/SI),Gnar (BC/NX),0,1,0
Ashe/LeBlanc (FR/NX),Gnar (BC/NX),0,1,0
Tahm Kench/Taric (BW/MT),Jayce/Lux (DE/PZ),0,1,0
Braum/Vladimir (FR/NX),Ashe (FR/NX),0,1,0
Gwen/Ornn (FR/SI),Championless (SI),0,1,0
Nasus/Senna (SI/SH),Jack/Swain (BW/NX),0,1,0
Sivir/Vayne (DE/SH),Akshan/Varus (SH/RU),0,1,0
Galio/Garen (DE/FR),Rumble/Sion (BC/NX),0,1,0
Kayle (BW/MT),Viktor (BC/PZ),0,1,0
Janna/Sett (IO/PZ),Darius (NX/PZ),0,1,0
Janna/Sett (IO/PZ),Ashe/Nasus (FR/SH),0,1,0
Nautilus (BW/SI),Gnar/Nidalee (BC/SH),0,1,0
Jax/Ornn (FR/RU),Akshan/Nidalee/Sivir (DE/SH),0,1,0
Janna/Lee Sin (IO/PZ),Nasus/Senna (SI/SH),0,1,0
Jayce (PZ/SI),Lillia/Sett (IO/PZ),0,1,0
Lillia/Sett (IO/PZ),Kayle (BW/MT),0,1,0
Viktor (BC/PZ),Jayce/Lux (DE/PZ),0,1,0
Sion (NX/SI),Lee Sin/Riven (IO/NX),0,1,0
Riven/Vayne (DE/NX),Ashe/Nasus (FR/SH),0,1,0
Janna/Lillia/Viktor (IO/PZ),Viktor (MT/PZ),0,1,0
Lulu/Taric (IO/MT),Garen (DE/SH),0,1,0
LeBlanc/Sivir (NX/SH),Braum/Udyr (FR/IO),0,1,0
Viktor (BC/PZ),Galio/Udyr (DE/FR),0,1,0
Kalista (SI),Championless (IO/SI),0,1,0
Vayne/Vi (DE/PZ),Nasus (SI/SH),0,1,0
Akshan/Nasus/Renekton (SH),Kayle/Shyvana (DE/MT),0,1,0
Garen (DE/SH),Akshan/Nasus/Renekton (SH),0,1,0
Janna/Viktor (IO/PZ),Kalista (SI),0,1,0
Ashe/Caitlyn (FR/PZ),Jayce (PZ/SI),0,1,0
Gnar/Swain (BC/NX),Ashe/Caitlyn (FR/PZ),0,1,0
Nasus/Senna (SI/SH),Lillia/Viktor (IO/PZ),0,1,0
Braum/Lillia (FR/IO),Nasus (SI/SH),0,1,0
Akshan/Varus (SH/RU),Janna/Varus (PZ/RU),0,1,0
Janna/Varus (PZ/RU),Gwen/LeBlanc (NX/SI),0,1,0
Rumble/Sion (BC/NX),Gangplank/Swain (BW/NX),0,1,0
Ashe/Janna (FR/PZ),Rumble/Sion (BC/NX),0,1,0
Darius (NX/PZ),Caitlyn/Swain (NX/PZ),0,1,0
Garen/Udyr (DE/FR),Rumble/Sion (BC/NX),0,1,0
Maokai/Nautilus (BW/SI),Kayle (FR/MT),0,1,0
Aatrox/Kayn (RU/RU),Garen/Poppy (BW/DE),0,1,0
Ashe/LeBlanc (FR/NX),Kalista/Maokai (BW/SI),0,1,0
Jayce (PZ/SI),Championless (IO/SI),0,1,0
Gwen/LeBlanc (NX/SI),Championless (IO/SI),0,1,0
Kalista/Maokai (BW/SI),Darius/Gnar (FR/NX),0,1,0
Ashe/Caitlyn (FR/PZ),Vayne/Vi (DE/PZ),0,1,0
Vayne/Vi (DE/PZ),Nasus/Senna (SI/SH),0,1,0
Kai'Sa/Viktor (PZ/SH),Aphelios/Janna/Viktor (MT/PZ),0,1,0
LeBlanc (FR/NX),Akshan/Sivir (DE/SH),0,1,0
Ashe/LeBlanc (FR/NX),Riven/Vladimir (NX/SI),0,1,0
Aphelios/Tahm Kench (BW/MT),Lillia (FR/IO),0,1,0
Akshan/Kayn (RU/SH),Kai'Sa/Viktor (PZ/SH),0,1,0
Lillia/Viktor (IO/PZ),Janna/Senna (PZ/SI),0,1,0
Garen/Poppy (BW/DE),Morgana/Udyr (DE/FR),0,1,0
Maokai/Nautilus (BW/SI),Garen/Poppy (BW/DE),0,1,0
Garen/Poppy (BW/DE),Kayle (BW/MT),0,1,0
Janna/Viktor (BC/PZ),Braum/Vladimir (FR/NX),0,1,0
Garen (BW/DE),Braum/Vladimir (FR/NX),0,1,0
Maokai (BW/SI),Garen/Poppy (BW/DE),0,1,0
Senna/Veigar (BC/SI),Garen/Poppy (BW/DE),0,1,0
Gnar/Sett (FR/IO),Senna/Veigar (BC/SI),0,1,0
Ashe (FR/NX),Senna/Veigar (BC/SI),0,1,0
Aatrox/Akshan (RU/SH),Championless (MT/SI),0,1,0
Nasus (SI/SH),Riven/Viktor (NX/PZ),0,1,0
Morgana/Shyvana (DE/MT),Ashe/LeBlanc (FR/NX),0,1,0
Akshan/Nidalee (BC/SH),Aatrox/Akshan (RU/SH),0,1,0
Shyvana (DE/MT),Jack/Sett (BW/IO),0,1,0
Janna/Senna (PZ/SI),Aatrox/Akshan (RU/SH),0,1,0
Braum/Janna (FR/PZ),Neeko/Poppy (DE/RU),0,1,0
Akshan/Varus (SH/RU),Caitlyn/Janna (BC/PZ),0,1,0
Akshan/Lillia (IO/SH),Kalista/Sion (NX/SI),0,1,0
Akshan (NX/SH),Janna/Morgana (MT/PZ),0,1,0
Swain (FR/NX),Championless (SI),0,1,0
Darius/LeBlanc (NX),Darius/Gnar/Ornn (FR/NX),0,1,0
Gwen/Sivir (SI/SH),Akshan/Lee Sin (IO/SH),0,1,0
Darius/Gnar (FR/NX),Ashe/Sejuani (DE/FR),0,1,0
Kayle (FR/MT),Riven/Viktor (NX/PZ),0,1,0
Gnar/Nidalee (BC/SH),Aphelios/Janna/Viktor (MT/PZ),0,1,0
Kalista (SI),Riven/Rumble (IO/NX),0,1,0
Gwen/Kalista (NX/SI),Janna/Senna (PZ/SI),0,1,0
Gangplank/Nidalee (BW/SH),Garen (BW/DE),0,1,0
Maokai (BW/SI),Akshan/Nidalee (BC/SH),0,1,0
Senna/Veigar (PZ/SI),Gnar/Neeko (FR/RU),0,1,0
Vayne/Vi (DE/PZ),Akshan/Nidalee (BC/SH),0,1,0
Aphelios/Braum (FR/MT),Kayle (BW/MT),0,1,0
Vayne/Vi (DE/PZ),Darius/Gnar (FR/NX),0,1,0
Jack/Lillia (BW/IO),Senna/Veigar (PZ/SI),0,1,0
Jack/Tristana (BC/BW),Kayle (BW/MT),0,1,0
Gnar/Neeko (FR/RU),Shyvana (DE/MT),0,1,0
Illaoi (BW/IO),LeBlanc/Rumble (IO/NX),0,1,0
Gangplank/Illaoi (BW/SI),Jayce/Lux (DE/PZ),0,1,0
Galio/Poppy (DE/MT),Vayne/Vi (DE/PZ),0,1,0
Ashe/Braum (FR),Ashe (FR/PZ),0,1,0
Ashe/LeBlanc (FR/NX),LeBlanc/Rumble (IO/NX),0,1,0
Janna/Viktor (BC/PZ),Neeko/Poppy (DE/RU),0,1,0
Aphelios/Braum (FR/MT),Maokai/Nautilus (BW/SI),0,1,0
Kalista (SI),Galio/Poppy (DE/MT),0,1,0
Akshan/Lee Sin (IO/SH),Kayle/Shyvana (DE/MT),0,1,0
Swain/Yasuo (IO/NX),Gangplank/Sejuani (BW/FR),0,1,0
Tahm Kench/Udyr (BW/FR),Janna/Senna (PZ/SI),0,1,0
Leona/Sett (IO/MT),LeBlanc/Sivir (NX/SH),0,1,0
Jayce/Lux (DE/PZ),Ashe/Udyr (FR/PZ),0,1,0
Swain/Yasuo (IO/NX),Ashe/Caitlyn (FR/PZ),0,1,0
Ashe/Sejuani (DE/FR),Championless (SI),0,1,0
Ashe/Janna (FR/PZ),Galio/Morgana (DE/FR),0,1,0
Tahm Kench/Udyr (BW/FR),Ashe/Janna (FR/PZ),0,1,0
Senna/Veigar (BC/SI),Janna/Viktor (BW/PZ),0,1,0
Janna/Viktor (BW/PZ),Senna/Veigar (PZ/SI),0,1,0
Ashe (FR/NX),Senna/Veigar (PZ/SI),0,1,0
Akshan/Varus (SH/RU),Lee Sin/Riven (IO/NX),0,1,0
Janna/Viktor (BW/PZ),Ashe (FR/PZ),0,1,0
Braum/Lillia (FR/IO),Janna (PZ/SH),0,1,0
Janna (PZ/SH),Maokai/Nautilus (BW/SI),0,1,0
Janna (PZ/SH),Braum/Udyr/Vladimir (FR/NX),0,1,0
Braum/Udyr/Vladimir (FR/NX),Maokai/Nautilus (BW/SI),0,1,0
Ornn/Vayne (DE/FR),Riven/Viktor (NX/PZ),0,1,0
Neeko (BC/RU),Riven/Viktor (NX/PZ),0,1,0
Janna/Varus (PZ/RU),Janna/Senna (PZ/SI),0,1,0
Janna/Varus (PZ/RU),Akshan/Aphelios (MT/SH),0,1,0
Jax/Riven (RU/NX),Championless (SI),0,1,0
Gwen/Senna (PZ/SI),Rumble/Vayne (DE/NX),0,1,0
Aphelios/Jack (BW/MT),Lee Sin (IO/PZ),0,1,0
Aphelios/Kayle (FR/MT),Janna/Lillia (IO/PZ),0,1,0
Aphelios/Kayle (FR/MT),Gangplank/Sejuani (BW/FR),0,1,0
Aphelios/Braum (FR/MT),Braum/Kayle (FR/MT),0,1,0
Aphelios/Braum (FR/MT),Braum/Lillia (FR/IO),0,1,0
Sejuani/Swain/Vladimir (FR/NX),Kalista (SI),0,1,0
LeBlanc/Rumble (IO/NX),LeBlanc/Sivir (NX/SH),0,1,0
Braum/Swain/Vladimir (FR/NX),LeBlanc/Sivir (NX/SH),0,1,0
Swain/Yasuo (IO/NX),Maokai/Nautilus (BW/SI),0,1,0
Kai'Sa/Viktor (PZ/SH),Swain/Yasuo (IO/NX),0,1,0
Janna/Viktor (IO/PZ),Swain/Yasuo (IO/NX),0,1,0
Garen/Udyr (DE/FR),Riven/Viktor (NX/PZ),0,1,0
Janna/Viktor (BW/PZ),Aphelios/Taric (MT/NX),0,1,0
Gwen/LeBlanc (NX/SI),Taric/Udyr (FR/MT),0,1,0
LeBlanc/Rumble (IO/NX),Morgana/Udyr (DE/FR),0,1,0
Braum/Kayle (FR/MT),Nidalee (BC/SH),0,1,0
Darius/Gnar (FR/NX),Varus/Viktor (PZ/RU),0,1,0
Swain/Yasuo (IO/NX),Aphelios/Yasuo (IO/MT),0,1,0
Sejuani/Swain (FR/NX),Aphelios/Yasuo (IO/MT),0,1,0
Aatrox/Jack (RU/BW),Malphite/Yasuo (IO/MT),0,1,0
Gnar/Nidalee (BC/SH),Swain/Yasuo (IO/NX),0,1,0
Braum/Sejuani/Swain (FR/NX),Ashe (FR/PZ),0,1,0
Neeko/Renekton (RU/SH),Lillia/Sett (IO/PZ),0,1,0
Janna (PZ/SI),Neeko/Renekton (RU/SH),0,1,0
Gwen (PZ/SI),Senna/Veigar (BC/SI),0,1,0
Braum/Lillia (FR/IO),Ashe/Nasus (FR/SH),0,1,0
Janna (PZ/SI),Braum/Udyr (FR/NX),0,1,0
Championless (SI),Braum/Sejuani/Swain (FR/NX),0,1,0
Ashe/LeBlanc (FR/NX),Poppy/Tristana (BC/NX),0,1,0
Braum/Lillia (FR/IO),Braum/Sejuani/Swain (FR/NX),0,1,0
Kai'Sa/Sivir (DE/SH),LeBlanc/Sivir (NX/SH),0,1,0
Tahm Kench (BW/MT),Ashe (FR/PZ),0,1,0
Ashe/LeBlanc (FR/NX),Garen/Sivir (DE/SH),0,1,0
Riven/Viktor (NX/PZ),Janna/Viktor (BW/PZ),0,1,0
Lillia/Sett (BC/IO),Janna (PZ/SH),0,1,0
Janna (PZ/SH),Akshan/Varus (SH/RU),0,1,0
Riven/Sivir (NX/SH),Morgana/Udyr (DE/FR),0,1,0
Ashe (FR/SI),Kayle (BW/MT),0,1,0
Aphelios/Yasuo (IO/MT),Lillia (FR/IO),0,1,0
Braum/Sejuani/Swain (FR/NX),Aphelios/Yasuo (IO/MT),0,1,0
Ashe/Morgana (FR/MT),Neeko/Renekton (RU/SH),0,1,0
Braum/Udyr (FR/SI),Akshan/Varus (SH/RU),0,1,0
Gnar/Renekton (FR/SH),Lillia/Sett (BC/IO),0,1,0
Poppy/Riven (BC/NX),Neeko/Poppy (DE/RU),0,1,0
Poppy/Riven (BC/NX),Galio/Morgana (DE/FR),0,1,0
Braum/Sejuani/Swain (FR/NX),Senna/Veigar (PZ/SI),0,1,0
Senna (PZ/SI),Riven/Sivir (NX/SH),0,1,0
Janna/Senna (PZ/SI),Gwen/LeBlanc (NX/SI),0,1,0
Jack/Vayne (BW/DE),Akshan/Udyr (FR/SH),0,1,0
Jack/Vayne (BW/DE),Ashe/LeBlanc (FR/NX),0,1,0
Lillia (FR/IO),Akshan/Lee Sin (IO/SH),0,1,0
Ashe (FR/PZ),Riven/Sivir (NX/SH),0,1,0
Malphite/Yasuo (IO/MT),Gangplank/Nidalee (BW/SH),0,1,0
Nasus (SI/SH),Taric (MT/PZ),0,1,0
Akshan/Taric (MT/SH),Jack/Sett (BW/IO),0,1,0
Gwen/LeBlanc (NX/SI),Janna (PZ/SH),0,1,0
Lillia (IO),Braum/Lillia (FR/IO),0,1,0
Lulu/Poppy (BC/MT),Braum/Lillia (FR/IO),0,1,0
Neeko/Renekton (RU/SH),Garen/Poppy (DE/SI),0,1,0
Shen/Sivir (IO/SH),Vayne/Vi (DE/PZ),0,1,0
Vayne/Vi (DE/PZ),Ashe/Udyr (FR/SI),0,1,0
Lillia/Malphite (IO/MT),Rumble/Viktor (BC/PZ),0,1,0
Rumble/Viktor (BC/PZ),Poppy/Taric (DE/MT),0,1,0
Morgana/Udyr (DE/FR),Rumble/Viktor (BC/PZ),0,1,0
Morgana (BC/MT),Rumble/Viktor (BC/PZ),0,1,0
Caitlyn/Udyr (FR/PZ),Ashe/LeBlanc (FR/NX),0,1,0
Galio/Morgana/Shyvana (DE/MT),Gnar/Sejuani (BC/FR),0,1,0
Darius/Yasuo (IO/NX),Tahm Kench/Udyr (BW/FR),0,1,0
Jax/Ornn (FR/RU),Tahm Kench/Udyr (BW/FR),0,1,0
Jax/Kayn (RU/RU),Akshan/Taric (MT/SH),0,1,0
Janna/Viktor (BC/PZ),Nasus/Renekton (SH),0,1,0
Janna/Viktor (BC/PZ),Maokai/Nautilus (BW/SI),0,1,0
Braum/Udyr (FR/MT),Akshan/Lee Sin (IO/SH),0,1,0
Poppy/Taric (DE/MT),Aatrox/Vayne (RU/DE),0,1,0
Garen (DE/SH),Jack/Sett (BW/IO),0,1,0
Gangplank/Sejuani (BW/FR),Galio/Poppy (DE/MT),0,1,0
Swain/Yasuo (IO/NX),Nautilus (BW/SI),0,1,0
Ashe/Sejuani (FR),Akshan/Morgana (DE/SH),0,1,0
Akshan/Nidalee (DE/SH),Tahm Kench/Udyr (BW/FR),0,1,0
Poppy/Taric (DE/MT),Rumble/Sion (NX/SH),0,1,0
Championpile (FR/SH),Darius/Gnar (FR/NX),0,1,0
Morgana/Riven (MT/NX),Janna/Sett (IO/PZ),0,1,0
Malphite/Yasuo (IO/MT),Senna/Veigar (PZ/SI),0,1,0
Ashe (FR/PZ),Braum/Lux (DE/FR),0,1,0
Ashe (FR/PZ),Jack/Vayne (BW/DE),0,1,0
Gnar (BC/MT),Ashe (FR/PZ),0,1,0
Kayn/Shyvana (DE/RU),Championless (SI),0,1,0
Kayn/Shyvana (DE/RU),Maokai/Nautilus (BW/SI),0,1,0
Kayn/Shyvana (DE/RU),Jayce/Lux (DE/PZ),0,1,0
Rumble/Viktor (BC/PZ),Braum/Vladimir (FR/NX),0,1,0
Aphelios/Kayle (FR/MT),Rumble/Sion (BC/NX),0,1,0
Aphelios/Kayle (FR/MT),Championless (SI),0,1,0
Udyr (DE/FR),Lulu/Shen (IO/MT),0,1,0
Aphelios/Lee Sin (IO/MT),Gangplank/Nidalee (BW/SH),0,1,0
Nasus (SI/SH),Lulu/Shen (IO/MT),0,1,0
Janna (PZ/SH),Senna/Veigar (BC/SI),0,1,0
Poppy/Tristana (BC/NX),Riven/Viktor (NX/PZ),0,1,0
Neeko/Renekton (RU/SH),Championless (BC/SI),0,1,0
Lillia/Sett (BC/IO),Caitlyn/Swain (NX/PZ),0,1,0
Shyvana (DE/MT),Sett (IO/PZ),0,1,0
Shyvana (DE/MT),Championless (BC/IO),0,1,0
Shyvana (DE/MT),Aatrox/Morgana (RU/DE),0,1,0
Kayle (BC/MT),Gwen/Vayne (DE/SI),0,1,0
Tahm Kench/Udyr (BW/FR),Aatrox/Morgana (RU/DE),0,1,0
Tahm Kench/Udyr (BW/FR),Jayce/Lux (DE/PZ),0,1,0
Morgana/Riven (MT/NX),Shyvana (DE/MT),0,1,0
Sett (IO/PZ),Senna/Veigar (PZ/SI),0,1,0
Ashe (FR/PZ),Illaoi (BW/NX),0,1,0
Ashe (FR/PZ),Caitlyn/Jack (BW/PZ),0,1,0
Braum/Vladimir (FR/NX),Vi/Viktor (IO/PZ),0,1,0
Taric/Udyr (FR/MT),LeBlanc/Sivir (NX/SH),0,1,0
Gwen/LeBlanc (NX/SI),Caitlyn/Swain (NX/PZ),0,1,0
Leona (IO/MT),Gwen/LeBlanc (NX/SI),0,1,0
Swain/Vladimir (FR/NX),Nasus/Thresh (SI/SH),0,1,0
Rumble/Sivir (BC/SH),Gwen/LeBlanc (NX/SI),0,1,0
Shyvana (DE/MT),Lee Sin/Viktor (IO/PZ),0,1,0
Ashe (FR/PZ),Leona/Vladimir (MT/NX),0,1,0
Gwen/LeBlanc (NX/SI),Leona/Vladimir (MT/NX),0,1,0
Ashe (FR/PZ),Rumble/Vayne (DE/NX),0,1,0
Ornn/Vayne (DE/FR),Shen/Sivir (IO/SH),0,1,0
Lillia/Sett (BC/IO),Akshan/Sivir (IO/SH),0,1,0
Swain (BC/NX),Senna/Veigar (PZ/SI),0,1,0
Janna/Lillia/Viktor (IO/PZ),Ashe (FR/PZ),0,1,0
Akshan/Sivir (NX/SH),Nasus (SI/SH),0,1,0
Braum/Kayle/Morgana (FR/MT),Gangplank/Nidalee (BW/SH),0,1,0
Aphelios/Lux (DE/MT),Jack/Sett (BW/IO),0,1,0
Aatrox/Kayn (RU/RU),Lillia/Viktor (IO/PZ),0,1,0
Kayle (FR/MT),Ashe (FR/PZ),0,1,0
Janna/Senna (PZ/SI),Jack/Lillia (BW/IO),0,1,0
Aphelios/Viktor (MT/PZ),Gangplank/Thresh (BW/SI),0,1,0
Senna/Veigar (BC/SI),Braum/Garen/Udyr (DE/FR),0,1,0
Kayle (BW/MT),Braum/Garen/Udyr (DE/FR),0,1,0
Braum/Garen/Udyr (DE/FR),Darius/Gnar (FR/NX),0,1,0
Aatrox/Kayn (RU/RU),Lulu/Shen (IO/MT),0,1,0
Gangplank/Thresh (BW/SI),Darius/Gnar (FR/NX),0,1,0
Neeko/Poppy (DE/RU),Gangplank/Thresh (BW/SI),0,1,0
Akshan/Lee Sin (IO/SH),Akshan/Nidalee (PZ/SH),0,1,0
Akshan/Taric (MT/SH),Maokai/Nautilus (BW/SI),0,1,0
Kalista (SI),Lillia/Malphite (IO/MT),0,1,0
Leona/Sett (IO/MT),Ashe/Sejuani (DE/FR),0,1,0
Darius/LeBlanc/Riven (BW/NX),Sejuani/Swain (FR/NX),0,1,0
Sejuani/Swain (FR/NX),Garen/Poppy (DE),0,1,0
Illaoi (BW/IO),Sejuani/Swain (FR/NX),0,1,0
Gnar/Kayle/Udyr (FR/MT),Sejuani/Swain (FR/NX),0,1,0
Aphelios/Yasuo (IO/MT),Morgana/Senna (MT/SI),0,1,0
Gangplank/Nidalee (BW/SH),Aatrox/Kayn (RU/RU),0,1,0
Morgana/Senna (MT/SI),Championless (SI),0,1,0
Braum/Vladimir (FR/NX),Morgana/Senna (MT/SI),0,1,0
Rumble/Sion (BC/NX),Braum/Udyr (FR/IO),0,1,0
Janna/Morgana (DE/PZ),Championless (SI),0,1,0
Gwen/LeBlanc (NX/SI),Gangplank/Nidalee (BW/SH),0,1,0
Galio/Morgana/Shyvana (DE/MT),Kalista (SI),0,1,0
Lulu/Shen (IO/MT),Kalista (SI),0,1,0
Jayce/Lux (DE/PZ),Braum/Garen/Udyr (DE/FR),0,1,0
Shen/Sivir (IO/SH),Illaoi (BW/IO),0,1,0
Lillia (IO/SI),Braum/Lillia (FR/IO),0,1,0
Lillia/Shen (IO/MT),Senna/Veigar (BC/SI),0,1,0
Kayle (BW/MT),Lillia/Shen (IO/MT),0,1,0
Ashe/LeBlanc (FR/NX),Morgana/Senna (MT/SI),0,1,0
Illaoi (BW/IO),Jayce/Lux (DE/PZ),0,1,0
Rumble/Sion/Viktor (NX/PZ),Morgana/Udyr (DE/FR),0,1,0
Kai'Sa/Rumble (BC/SH),Aatrox/Kayn (RU/RU),0,1,0
Taric (MT/PZ),Morgana/Udyr (DE/FR),0,1,0
Poppy/Tristana (BC/NX),Aatrox/Kayn (RU/RU),0,1,0
Jack/Sett (BW/IO),Braum/Udyr/Vladimir (FR/NX),0,1,0
Braum/Udyr/Vladimir (FR/NX),Akshan/Malphite (MT/SH),0,1,0
Lillia/Sett (BC/IO),Braum/Udyr/Vladimir (FR/NX),0,1,0
Neeko/Renekton (RU/SH),Aatrox/Vayne (RU/DE),0,1,0
Neeko/Renekton (RU/SH),Vayne/Vi (DE/PZ),0,1,0
Akshan/Nidalee/Sivir (DE/SH),Janna/Veigar (BC/PZ),0,1,0
Poppy/Tristana (BC/NX),Senna/Veigar (PZ/SI),0,1,0
Lee Sin/Riven (IO/NX),Lee Sin/Poppy (BC/IO),0,1,0
Kai'Sa/Sivir (DE/SH),Gangplank/Nidalee (BW/SH),0,1,0
Morgana/Udyr (DE/FR),Taric/Udyr (FR/MT),0,1,0
LeBlanc/Udyr (FR/NX),Taric/Udyr (FR/MT),0,1,0
Ashe/Tahm Kench (BW/FR),Taric/Udyr (FR/MT),0,1,0
Ashe (FR/PZ),Jayce/Udyr (FR/PZ),0,1,0
Jayce/Udyr (FR/PZ),Rumble/Sion (BC/NX),0,1,0
Kalista (SI),Aatrox/Vayne (RU/DE),0,1,0
Akshan/Varus (SH/RU),Akshan/Caitlyn (PZ/SH),0,1,0
Darius (BW/NX),Akshan/Ornn (FR/SH),0,1,0
Senna/Veigar (BC/SI),Darius (BW/NX),0,1,0
Darius/Gnar (FR/NX),Aatrox/Vayne (RU/DE),0,1,0
Akshan/Caitlyn (PZ/SH),Jack/Sett (BW/IO),0,1,0
Ashe/Udyr (FR/SI),Jack/Sett (BW/IO),0,1,0
Jack/Sett (BW/IO),Aatrox/Vayne (RU/DE),0,1,0
Lee Sin/Udyr (FR/IO),Garen (DE),0,1,0
Shyvana (DE/MT),Garen/Udyr (DE/FR),0,1,0
Gwen/Vayne (DE/SI),Aatrox/Vayne (RU/DE),0,1,0
Kayle/Shyvana (DE/MT),Nasus/Senna (SI/SH),0,1,0
Janna/Sett (IO/PZ),Braum/Udyr/Vladimir (FR/NX),0,1,0
Akshan/Malphite (MT/SH),Maokai/Nautilus (BW/SI),0,1,0
Akshan/Malphite (MT/SH),Nasus/Senna (SI/SH),0,1,0
Senna/Veigar (PZ/SI),Vayne/Vi (DE/PZ),0,1,0
Championless (MT),Vayne/Vi (DE/PZ),0,1,0
Garen/Shyvana (DE/MT),Senna/Veigar (PZ/SI),0,1,0
Shyvana (DE/MT),Morgana/Udyr/Vayne (DE/FR),0,1,0
Gangplank/Thresh (BW/SI),Tahm Kench/Udyr (BW/FR),0,1,0
Ornn/Udyr (FR/IO),Nidalee (BC/SH),0,1,0
Ashe/LeBlanc (FR/NX),Ashe/Sejuani (DE/FR),0,1,0
Ashe/Tahm Kench (BW/FR),Maokai (BW/SI),0,1,0
Jack (BW/MT),Senna/Veigar (PZ/SI),0,1,0
Jax/Ornn (FR/RU),Ashe/Janna (FR/PZ),0,1,0
Gnar/Nidalee (BC/SH),Leona/Sett (IO/MT),0,1,0
Ornn/Udyr (FR/IO),Tahm Kench/Udyr (BW/FR),0,1,0
Garen/Shyvana (DE/MT),Neeko/Poppy (DE/RU),0,1,0
Gwen/Thresh (NX/SI),Garen/Shyvana (DE/MT),0,1,0
Gnar/Lillia (FR/IO),Garen/Shyvana (DE/MT),0,1,0
Jack (BW/MT),Tahm Kench/Udyr (BW/FR),0,1,0
Championless (SI),Jax/Rumble (BC/RU),0,1,0
Ashe/Sejuani (DE/FR),Maokai/Nautilus (BW/SI),0,1,0
Nidalee (BC/SH),Braum/Udyr/Vladimir (FR/NX),0,1,0
Braum/Udyr/Vladimir (FR/NX),Nasus/Senna (SI/SH),0,1,0
Ashe/LeBlanc (FR/NX),Braum/Udyr/Vladimir (FR/NX),0,1,0
Jax/Rumble (BC/RU),Morgana/Taric (IO/MT),0,1,0
Leona/Sett (IO/MT),Braum/Vladimir (FR/NX),0,1,0
Leona/Sett (IO/MT),Gangplank/Sejuani (BW/FR),0,1,0
Tahm Kench/Udyr (BW/FR),Braum/Vladimir (FR/NX),0,1,0
Poppy/Vayne (DE/FR),Garen/Shyvana (DE/MT),0,1,0
Aatrox/Vayne (RU/DE),Nasus/Senna (SI/SH),0,1,0
Malphite/Yasuo (IO/MT),Gnar/Nidalee (BC/SH),0,1,0
Janna/Varus (PZ/RU),Ashe (FR/PZ),0,1,0
Braum/Sejuani/Swain (FR/NX),Maokai/Nautilus (BW/SI),0,1,0
Senna/Veigar (BC/SI),Udyr/Vladimir (FR/NX),0,1,0
Braum/Tahm Kench (BW/FR),Akshan/Varus (SH/RU),0,1,0
Aphelios/Viktor (MT/PZ),Braum/Tahm Kench (BW/FR),0,1,0
Udyr (BW/FR),Nasus/Senna (SI/SH),0,1,0
Gnar (BC/NX),Jayce/Lux (DE/PZ),0,1,0
Udyr/Vladimir (FR/NX),Braum/Lillia (FR/IO),0,1,0
Swain/Vladimir (FR/NX),Gangplank/Nidalee (BW/SH),0,1,0
Gangplank/Nidalee (BW/SH),Jax/Ornn (FR/RU),0,1,0
Aatrox/Akshan (RU/SH),Ashe/LeBlanc (FR/NX),0,1,0
Udyr (BW/FR),Kalista/Thresh (PZ/SI),0,1,0
Udyr (BW/FR),Lulu/Shen (IO/MT),0,1,0
Udyr (BW/FR),LeBlanc (FR/NX),0,1,0
Gnar/Neeko (FR/RU),LeBlanc (FR/NX),0,1,0
Nidalee (BC/SH),Garen/Kayle (DE/MT),0,1,0
Nasus/Senna (SI/SH),Janna (PZ/SI),0,1,0
LeBlanc (FR/NX),Sejuani/Swain/Vladimir (FR/NX),0,1,0
Udyr/Vladimir (FR/NX),Gangplank/Sejuani (BW/FR),0,1,0
Gnar/Lulu/Neeko/Poppy (BC/RU),Kayle (BW/MT),0,1,0
Aatrox/Nasus (RU/SH),Lulu/Shen (IO/MT),0,1,0
Garen/Poppy (DE),Morgana/Udyr (DE/FR),0,1,0
Udyr (BW/FR),Gangplank/Sejuani (BW/FR),0,1,0
Udyr (BW/FR),Ashe/LeBlanc (FR/NX),0,1,0
Jack/Sett (BW/IO),Udyr (BW/FR),0,1,0
Nasus/Thresh (SI/SH),Rumble/Sion (NX/SH),0,1,0
Gangplank/Nidalee (BW/SH),Vayne/Vi (DE/PZ),0,1,0
Aatrox/Kayn (RU/RU),Vayne/Vi (DE/PZ),0,1,0
Garen/Neeko/Poppy/Shyvana (DE/RU),Kayle (BW/MT),0,1,0
Akshan/Varus (SH/RU),Rumble/Sion (NX/SH),0,1,0
Gangplank/Nidalee (BW/SH),Ashe (FR/NX),0,1,0
Gangplank/Nidalee (BW/SH),Morgana (IO/MT),0,1,0
Gangplank/Nidalee (BW/SH),Janna (BW/PZ),0,1,0
Riven/Viktor (NX/PZ),Garen/Kayle (DE/MT),0,1,0
Kalista/Nasus (SI/SH),Gangplank/Sejuani (BW/FR),0,1,0
Jack (BW/IO),LeBlanc/Udyr (FR/NX),0,1,0
Kai'Sa/Sivir (DE/SH),LeBlanc (FR/NX),0,1,0
Lulu/Shen (IO/MT),Sion/Thresh (NX/SI),0,1,0
Kayle (BW/MT),Kalista/Senna (SI),0,1,0
Kai'Sa/Rumble (BC/SH),LeBlanc/Sivir (NX/SH),0,1,0
Udyr/Viktor (FR/PZ),LeBlanc/Sivir (NX/SH),0,1,0
Lulu/Shen (IO/MT),Janna/Tahm Kench (BW/PZ),0,1,0
Lulu/Shen (IO/MT),Nidalee (BC/SH),0,1,0
Aatrox/Vayne (RU/DE),Garen/Kayle (DE/MT),0,1,0
Varus/Viktor (PZ/RU),Lee Sin/Viktor (IO/PZ),0,1,0
LeBlanc/Sivir (NX/SH),Janna (BW/PZ),0,1,0
Braum/Galio (DE/FR),Garen/Neeko (DE/RU),0,1,0
Sivir/Udyr (FR/SH),Akshan/Sivir (IO/SH),0,1,0
Poppy/Tristana (BC/NX),LeBlanc/Sivir (NX/SH),0,1,0
Akshan/Varus (SH/RU),Championless (IO/MT),0,1,0
Gangplank/Sejuani (BW/FR),Lillia/Malphite (IO/MT),0,1,0
Senna/Veigar (PZ/SI),Gwen/Udyr (FR/SI),0,1,0
Senna/Veigar (PZ/SI),Lulu/Poppy (DE/IO),0,1,0
Poppy/Riven (BC/NX),Senna/Veigar (PZ/SI),0,1,0
Akshan/Sivir (NX/SH),Lulu/Shen (IO/MT),0,1,0
LeBlanc/Sivir (NX/SH),Caitlyn/Gnar (BC/PZ),0,1,0
Kayle/Lillia (IO/MT),Jayce/Udyr (FR/PZ),0,1,0
Aatrox/Braum (RU/FR),Championless (SI),0,1,0
Akshan/Varus (SH/RU),Braum/Gwen (FR/SI),0,1,0
Akshan/Varus (SH/RU),Tahm Kench/Udyr (BW/FR),0,1,0
Gangplank/Nidalee (BW/SH),Kalista (SI),0,1,0
Gangplank/Nidalee (BW/SH),Jack/Morgana (BW/DE),0,1,0
Gnar/Sejuani (BC/FR),Gwen/LeBlanc (NX/SI),0,1,0
Kalista (FR/SI),Gwen/Udyr (FR/SI),0,1,0
LeBlanc/Udyr (FR/NX),Galio/Udyr (DE/FR),0,1,0
Championless (BC/BW),Jack/Tahm Kench (BW/IO),0,1,0
Lulu/Shen (IO/MT),Akshan/Sivir (DE/SH),0,1,0
Gnar/Kayle/Morgana (FR/MT),Gnar/Sejuani (BC/FR),0,1,0
Senna (PZ/SI),Braum/Gwen (FR/SI),0,1,0
Aphelios/Morgana (FR/MT),LeBlanc/Sivir (NX/SH),0,1,0
Aphelios/Jack (BW/MT),Morgana/Udyr (DE/FR),0,1,0
Maokai/Nautilus (BW/SI),Ornn/Vayne (DE/FR),0,1,0
Garen/Kayle (DE/MT),Jack/Sett (BW/IO),0,1,0
Gwen/LeBlanc (NX/SI),Jack/Tahm Kench (BW/IO),0,1,0
Lillia/Malphite (IO/MT),Gnar/Neeko (FR/RU),0,1,0
Aphelios/Jack (BW/MT),Braum/Kayle/Morgana (FR/MT),0,1,0
Garen (DE/NX),Maokai/Nautilus (BW/SI),0,1,0
Garen (DE/NX),Senna/Veigar (BC/SI),0,1,0
Neeko/Tristana (BC/RU),Garen/Shyvana (DE/MT),0,1,0
Lillia (FR/IO),Swain/Vladimir (FR/NX),0,1,0
Kayle (BC/MT),Swain/Vladimir (FR/NX),0,1,0
Rumble/Sion (NX/SH),Championless (SI),0,1,0
Senna/Veigar (PZ/SI),Lillia/Malphite (IO/MT),0,1,0
Gwen/LeBlanc (NX/SI),Lillia/Malphite (IO/MT),0,1,0
Championless (BC/BW),Akshan/Udyr (FR/SH),0,1,0
Braum/Garen (DE/FR),Akshan/Udyr (FR/SH),0,1,0
Kalista/Nasus (SI/SH),Morgana/Udyr (DE/FR),0,1,0
Janna/Lillia/Viktor (IO/PZ),Rumble/Sion (BC/NX),0,1,0
Kayle/Shyvana (DE/MT),LeBlanc/Rumble (IO/NX),0,1,0
LeBlanc/Rumble (IO/NX),Rumble/Sion (BC/NX),0,1,0
Janna/Senna (PZ/SI),Aphelios/Tahm Kench (BW/MT),0,1,0
Kalista/Maokai (BW/SI),Braum/Lillia (FR/IO),0,1,0
Morgana (IO/MT),Nasus (SI/SH),0,1,0
Braum/Kayle/Morgana (FR/MT),Senna/Veigar (BC/SI),0,1,0
Nasus/Nidalee (SH),Gangplank/Nidalee (BW/SH),0,1,0
Neeko/Tristana (BC/RU),Gwen/LeBlanc (NX/SI),0,1,0
Akshan/Caitlyn (PZ/SH),Ashe/LeBlanc (FR/NX),0,1,0
Gwen (FR/SI),Morgana/Udyr (DE/FR),0,1,0
Gwen (FR/SI),Aphelios/Viktor (MT/PZ),0,1,0
Gnar/Gwen (FR/SI),Championless (SI),0,1,0
Gnar/Gwen (FR/SI),Neeko/Tristana (BC/RU),0,1,0
Nasus/Nidalee (SH),Gnar/Gwen (FR/SI),0,1,0
Nasus/Senna (SI/SH),Gnar/Gwen (FR/SI),0,1,0
Ashe/Tahm Kench (BW/FR),Gwen/Udyr (FR/SI),0,1,0
Caitlyn/Janna (BC/PZ),Akshan/Lee Sin (IO/SH),0,1,0
Akshan/Lee Sin (IO/SH),Akshan/Taric (MT/SH),0,1,0
Championless (BC/BW),LeBlanc (FR/NX),0,1,0
Gnar/Sejuani (BC/FR),Malphite/Yasuo (IO/MT),0,1,0
Sett (BC/IO),Gnar/Sejuani (BC/FR),0,1,0
Akshan/Lee Sin (IO/SH),Morgana (IO/MT),0,1,0
Akshan/Caitlyn (PZ/SH),Neeko/Tristana (BC/RU),0,1,0
Kalista (SI),Janna/Viktor (BW/PZ),0,1,0
LeBlanc/Sivir (NX/SH),Ashe/Tahm Kench (BW/FR),0,1,0
Lulu/Poppy (DE/IO),LeBlanc/Sivir (NX/SH),0,1,0
Braum/Riven/Vladimir (FR/NX),Neeko/Poppy (DE/RU),0,1,0
Akshan/Varus (SH/RU),Galio/Poppy (DE/MT),0,1,0
Gangplank/Sejuani (BW/FR),Ashe/Tahm Kench (BW/FR),0,1,0
Rumble/Sion (NX/SH),Jayce/Lux (DE/PZ),0,1,0
Lillia/Veigar (BC/IO),Rumble/Sion (BC/NX),0,1,0
Gangplank/Sejuani (BW/FR),Vayne/Vi (DE/PZ),0,1,0
LeBlanc/Sivir (NX/SH),Vayne/Vi (DE/PZ),0,1,0
Garen (DE/NX),Braum/Swain/Udyr (FR/NX),0,1,0
Gnar/Kayle/Morgana (FR/MT),Championless (SI),0,1,0
Braum/Swain/Udyr (FR/NX),Ashe/Tahm Kench (BW/FR),0,1,0
Jax/Tristana (BC/RU),Garen/Shyvana (DE/MT),0,1,0
Akshan/Varus (SH/RU),Janna/Viktor (FR/PZ),0,1,0
Tahm Kench/Udyr (BW/FR),Nasus/Senna (SI/SH),0,1,0
Championless (BW/SI),Kayle (BW/MT),0,1,0
Rumble/Sion (NX/SH),Neeko/Poppy (DE/RU),0,1,0
Janna/Veigar (BC/PZ),Kalista (SI),0,1,0
Championless (BC/BW),Janna/Veigar (BC/PZ),0,1,0
Janna/Viktor (BC/PZ),Akshan/Udyr (FR/SH),0,1,0
Riven/Taric (MT/NX),LeBlanc/Sivir (NX/SH),0,1,0
Illaoi/Swain (BW/NX),Lulu/Shen (IO/MT),0,1,0
Caitlyn (PZ/SI),Lulu/Shen (IO/MT),0,1,0
Nasus (SI/SH),Neeko/Poppy (DE/RU),0,1,0
Lillia/Veigar (BC/IO),Kayle (BW/MT),0,1,0
Lillia/Veigar (BC/IO),Braum/Riven/Vladimir (FR/NX),0,1,0
Akshan/Kayn (RU/SH),Senna/Veigar (PZ/SI),0,1,0
Aatrox/Kayn (RU/RU),Championless (BC/BW),0,1,0
Janna/Nidalee (PZ/SH),Aatrox/Kayn (RU/RU),0,1,0
Janna (BW/PZ),Kayle (BW/MT),0,1,0
Championless (BC/BW),Maokai/Nautilus (BW/SI),0,1,0
Braum/Riven/Vladimir (FR/NX),Maokai/Nautilus (BW/SI),0,1,0
Garen (DE),Kai'Sa/Viktor (PZ/SH),0,1,0
Akshan/Varus (SH/RU),Ashe (FR/NX),0,1,0
Jax/Riven (RU/NX),Gangplank/Sejuani (BW/FR),0,1,0
Malphite/Yasuo (IO/MT),Janna (BW/PZ),0,1,0
Janna (BW/PZ),Aatrox/Kayn (RU/RU),0,1,0
Lulu/Shen (IO/MT),Viktor (IO/PZ),0,1,0
Kalista/Nasus (SI/SH),Ashe (FR/PZ),0,1,0
Kalista/Nasus (SI/SH),Riven/Viktor (NX/PZ),0,1,0
Kai'Sa/Renekton (SH),Kai'Sa/Viktor (PZ/SH),0,1,0
Jack/Morgana (BW/DE),Nidalee (BC/SH),0,1,0
Nasus (SI/SH),Nidalee (BC/SH),0,1,0
Ashe (FR/PZ),Garen (DE),0,1,0
Lillia (FR/IO),Sejuani/Swain (FR/NX),0,1,0
Lux/Morgana (DE/MT),Ashe/Jayce (FR/PZ),0,1,0
Lulu/Shen (IO/MT),Senna (PZ/SI),0,1,0
Sett (IO/PZ),Lulu/Shen (IO/MT),0,1,0
Nasus (SI/SH),Lee Sin/Viktor (IO/PZ),0,1,0
Nasus (SI/SH),Darius/LeBlanc (FR/NX),0,1,0
Kalista/Nasus (SI/SH),Nasus (SI/SH),0,1,0
Janna/Viktor (BC/PZ),LeBlanc/Riven (BW/NX),0,1,0
Maokai/Nautilus (BW/SI),Kalista/Nasus (SI/SH),0,1,0
Aphelios/Rumble (BC/MT),Maokai/Nautilus (BW/SI),0,1,0
LeBlanc (MT/NX),Ashe/LeBlanc (FR/NX),0,1,0
Aatrox/Garen/Vayne (RU/DE),Ashe/LeBlanc (FR/NX),0,1,0
Akshan/Viktor (PZ/SH),Senna/Veigar (BC/SI),0,1,0
Lux/Morgana (DE/MT),Aphelios/Viktor (MT/PZ),0,1,0
Kalista/Nasus (SI/SH),Caitlyn/Swain (NX/PZ),0,1,0
Akshan/Lillia (IO/SH),Aatrox/Kayn (RU/RU),0,1,0
Braum/Swain/Udyr (FR/NX),LeBlanc/Sivir (NX/SH),0,1,0
Poppy/Tristana (BC/NX),Neeko/Poppy (DE/RU),0,1,0
Championless (PZ/SI),Jack/Morgana (BW/DE),0,1,0
Ashe/Tahm Kench (BW/FR),Maokai/Nautilus (BW/SI),0,1,0
Janna/Vi/Viktor (BC/PZ),Maokai/Nautilus (BW/SI),0,1,0
Gangplank/Sejuani (BW/FR),Ornn/Udyr (DE/FR),0,1,0
Kalista (SI),Udyr/Vladimir (FR/NX),0,1,0
Viktor (BC/PZ),Janna/Senna (PZ/SI),0,1,0
Championless (BC/BW),Viktor (BC/PZ),0,1,0
Janna/Senna (PZ/SI),Aphelios/Lee Sin (IO/MT),0,1,0
Swain/Vladimir (BW/NX),Aphelios/Lee Sin (IO/MT),0,1,0
Jack/Lillia (BW/IO),Braum/Lillia (FR/IO),0,1,0
Garen/Poppy (DE),Sett/Taric (IO/MT),0,1,0
Morgana/Taric (IO/MT),Aatrox/Morgana (RU/DE),0,1,0
Nasus/Senna (SI/SH),Morgana/Taric (IO/MT),0,1,0
Lee Sin/Viktor (IO/PZ),Championless (FR/SI),0,1,0
Kai'Sa (PZ/SH),Championless (FR/SI),0,1,0
Championless (FR/SI),Sejuani/Swain (FR/NX),0,1,0
Maokai/Senna (PZ/SI),Championless (SI),0,1,0
Darius/LeBlanc (FR/NX),Caitlyn/Swain (NX/PZ),0,1,0
Neeko/Poppy (DE/RU),Championless (BC/BW),0,1,0
Neeko/Poppy (DE/RU),Garen/Shen (DE/IO),0,1,0
Morgana/Senna (MT/SI),Neeko/Poppy (DE/RU),0,1,0
Garen/Shen (DE/IO),Akshan/Udyr (FR/SH),0,1,0
Akshan/Udyr (FR/SH),Udyr/Vladimir (FR/NX),0,1,0
Akshan/Udyr (FR/SH),Jack/Lillia (BW/IO),0,1,0
Morgana (BC/DE),Akshan/Udyr (FR/SH),0,1,0
Akshan/Udyr (FR/SH),Championless (FR/SI),0,1,0
Ashe/Jayce (FR/PZ),Janna/Senna (PZ/SI),0,1,0
Championpile (FR/SH),Ashe/Jayce (FR/PZ),0,1,0
Akshan/Sivir (DE/SH),Neeko/Poppy (DE/RU),0,1,0
Championless (FR/SI),LeBlanc/Sivir (NX/SH),0,1,0
Morgana (BC/DE),Nasus (SI/SH),0,1,0
Jayce (PZ/SI),Kayle (BW/MT),0,1,0
Gwen/LeBlanc (NX/SI),LeBlanc/Udyr (FR/NX),0,1,0
Sivir (NX/SH),Akshan/Lee Sin (IO/SH),0,1,0
Darius/LeBlanc (FR/NX),Lillia/Sett (BC/IO),0,1,0
Sejuani/Swain/Vladimir (FR/NX),Championless (SI),0,1,0
Championpile (DE/SH),Lee Sin/Viktor (IO/PZ),0,1,0
Caitlyn (FR/PZ),Championless (BC/BW),0,1,0
Janna/Senna (PZ/SI),Akshan/Udyr (FR/SH),0,1,0
Darius/Gwen (NX/SI),Akshan/Lee Sin (IO/SH),0,1,0
Aatrox/Morgana (RU/DE),Darius/Gwen (NX/SI),0,1,0
Neeko/Tristana (BC/RU),Nasus/Thresh (SI/SH),0,1,0
Lux/Morgana (DE/MT),Neeko/Tristana (BC/RU),0,1,0
Akshan/Kai'Sa (BW/SH),Caitlyn (FR/PZ),0,1,0
Caitlyn/Swain (NX/PZ),Akshan/Nasus (SI/SH),0,1,0
Championless (DE/MT),Caitlyn/Swain (NX/PZ),0,1,0
Shen/Sivir (IO/SH),Darius/Gwen (NX/SI),0,1,0
Darius/Gwen (NX/SI),Gangplank/Sejuani (BW/FR),0,1,0
Braum/Garen/Udyr (DE/FR),LeBlanc/Sivir (NX/SH),0,1,0
Nasus/Thresh (SI/SH),Braum/Garen/Udyr (DE/FR),0,1,0
Ashe/Morgana (DE/FR),Rumble/Sion (BC/NX),0,1,0
Caitlyn/Swain (NX/PZ),Jayce (PZ/SI),0,1,0
Kayle/Lillia (IO/MT),Viktor (IO/PZ),0,1,0
Galio (DE/FR),Lulu/Taric (IO/MT),0,1,0
Sett/Taric (IO/MT),Jayce/Lux (DE/PZ),0,1,0
Caitlyn/Swain (NX/PZ),Garen/Shen (DE/IO),0,1,0
Nasus/Senna (SI/SH),Morgana/Viktor (MT/PZ),0,1,0
Jax/Ornn (FR/RU),Janna/Senna (PZ/SI),0,1,0
Swain (BW/NX),Akshan/Nidalee/Sivir (DE/SH),0,1,0
Morgana/Viktor (MT/PZ),Janna/Senna (PZ/SI),0,1,0
Lillia/Sett (BC/IO),Janna/Senna (PZ/SI),0,1,0
Morgana/Udyr (DE/FR),Udyr/Vladimir (FR/NX),0,1,0
Illaoi/Vayne (BW/DE),Gnar/Nidalee (BC/SH),0,1,0
Illaoi/Vayne (BW/DE),Jayce/Nasus (PZ/SH),0,1,0
Galio/Morgana (DE/FR),Akshan/Lee Sin (IO/SH),0,1,0
Galio (DE/FR),Braum/Vladimir (FR/NX),0,1,0
Gwen/LeBlanc (NX/SI),Kai'Sa/Viktor (PZ/SH),0,1,0
LeBlanc/Udyr (FR/NX),Kai'Sa/Viktor (PZ/SH),0,1,0
Vayne/Vi (DE/PZ),Gnar/Nidalee (BC/SH),0,1,0
Akshan/Shyvana (DE/SH),Vayne/Vi (DE/PZ),0,1,0
Neeko/Tristana (BC/RU),Vayne/Vi (DE/PZ),0,1,0
Akshan/Udyr (FR/SH),Vayne/Vi (DE/PZ),0,1,0
Senna/Veigar (BC/SI),Vayne/Vi (DE/PZ),0,1,0
Aphelios/Lee Sin (IO/MT),Akshan/Nasus/Renekton (SH),0,1,0
Gwen/Kalista (SI),Akshan/Nasus/Renekton (SH),0,1,0
Akshan/Nasus/Renekton (SH),Braum/Garen/Udyr (DE/FR),0,1,0
Morgana/Udyr (DE/FR),Garen/Shyvana (DE/MT),0,1,0
LeBlanc/Riven (BW/NX),Janna/Senna (PZ/SI),0,1,0
LeBlanc/Riven (BW/NX),Gangplank/Sejuani (BW/FR),0,1,0
LeBlanc/Riven (BW/NX),Neeko/Poppy (DE/RU),0,1,0
Aphelios/Tahm Kench (BW/MT),Neeko/Poppy (DE/RU),0,1,0
Neeko/Poppy (DE/RU),Morgana/Viktor (MT/PZ),0,1,0
Neeko/Poppy (DE/RU),Braum/Sejuani/Udyr (FR/PZ),0,1,0
Aphelios/Tahm Kench (BW/MT),Aphelios/Lee Sin (IO/MT),0,1,0
Lee Sin/Viktor (IO/PZ),Aphelios/Tahm Kench (BW/MT),0,1,0
Akshan/Sivir (MT/SH),Galio/Udyr (DE/FR),0,1,0
Braum/Vladimir (FR/NX),Swain (BW/NX),0,1,0
Neeko/Tristana (BC/RU),Gangplank/Nidalee (BW/SH),0,1,0
Aatrox/Kayn (RU/RU),Swain (BW/NX),0,1,0
Varus/Vayne (DE/RU),Jayce/Lux (DE/PZ),0,1,0
Udyr/Vladimir (FR/NX),Jayce/Lux (DE/PZ),0,1,0
Leona (IO/MT),Jayce/Lux (DE/PZ),0,1,0
Lee Sin/Viktor (IO/PZ),Morgana/Viktor (MT/PZ),0,1,0
Akshan/Caitlyn (PZ/SH),Championless (SI),0,1,0
Championless (SI),Varus/Vayne (DE/RU),0,1,0
Gangplank (BW/PZ),Kayle (BW/MT),0,1,0
Aphelios/Viktor (MT/PZ),Caitlyn/Veigar (BC/PZ),0,1,0
Akshan/Riven (NX/SH),Caitlyn (FR/PZ),0,1,0
Caitlyn (FR/PZ),Jayce/Nasus (PZ/SH),0,1,0
Caitlyn (FR/PZ),Poppy/Taric (DE/MT),0,1,0
Caitlyn (FR/PZ),Akshan/Shyvana (DE/SH),0,1,0
Aphelios/Lee Sin (IO/MT),Caitlyn (FR/PZ),0,1,0
Gwen/Kalista (SI),Caitlyn (FR/PZ),0,1,0
Championless (BC/BW),Lee Sin/Viktor (IO/PZ),0,1,0
Gnar/Nidalee (BC/SH),Championless (BC/BW),0,1,0
Riven/Viktor (NX/PZ),Neeko/Tristana (BC/RU),0,1,0
Morgana/Viktor (MT/PZ),Akshan/Nasus (SI/SH),0,1,0
Braum/Garen/Udyr (DE/FR),Neeko/Tristana (BC/RU),0,1,0
Gwen/LeBlanc (NX/SI),Akshan/Shyvana (DE/SH),0,1,0
Championpile (PZ/SH),Garen/Shen (DE/IO),0,1,0
Kayle/Udyr (FR/MT),Gnar/Nidalee (BC/SH),0,1,0
Akshan/Udyr (FR/SH),Senna/Veigar (PZ/SI),0,1,0
Akshan/Nasus/Renekton (SH),Akshan/Varus (SH/RU),0,1,0
Janna/Senna (PZ/SI),Illaoi/Vayne (BW/DE),0,1,0
Illaoi/Vayne (BW/DE),Braum/Vladimir (FR/NX),0,1,0
Illaoi/Vayne (BW/DE),Senna/Veigar (PZ/SI),0,1,0
Illaoi/Vayne (BW/DE),Ashe (FR/PZ),0,1,0
Riven/Viktor (NX/PZ),Illaoi/Vayne (BW/DE),0,1,0
Garen/Shyvana (DE/MT),Illaoi/Vayne (BW/DE),0,1,0
Maokai/Nautilus (BW/SI),Illaoi/Vayne (BW/DE),0,1,0
Braum/Vladimir (FR/NX),Janna/Lee Sin (IO/PZ),0,1,0
Neeko/Renekton (RU/SH),Jack/Shen (BW/IO),0,1,0
Kayle (BW/MT),Jack/Lillia (BW/IO),0,1,0
Jayce/Nasus (PZ/SH),Akshan/Nasus/Renekton (SH),0,1,0
Akshan/Nasus/Renekton (SH),Darius/Sion (DE/NX),0,1,0
Kai'Sa/Viktor (PZ/SH),Akshan/Udyr (FR/SH),0,1,0
Akshan/Udyr (FR/SH),Senna (PZ/SI),0,1,0
Gnar (BC/NX),Galio/Udyr (DE/FR),0,1,0
Nasus (SI/SH),Jax/Rumble (BC/RU),0,1,0
Gwen/Thresh (NX/SI),Jayce/Lux (DE/PZ),0,1,0
Championless (SI),Janna/Lee Sin (IO/PZ),0,1,0
Jax/Rumble (BC/RU),Senna/Veigar (PZ/SI),0,1,0
Jayce/Lux (DE/PZ),Janna/Viktor (BW/PZ),0,1,0
Janna/Senna (PZ/SI),Ashe/Poppy (DE/FR),0,1,0
Jack/Lee Sin (BW/IO),Jayce/Lux (DE/PZ),0,1,0
Illaoi/Vayne (BW/DE),Ashe/LeBlanc (FR/NX),0,1,0
Janna/Senna (PZ/SI),Kai'Sa/Viktor (PZ/SH),0,1,0
Garen/Shen (DE/IO),Gangplank/Sejuani (BW/FR),0,1,0
Garen (DE/SH),Kayle/Lillia (IO/MT),0,1,0
Illaoi (BW/DE),Senna/Veigar (BC/SI),0,1,0
Kai'Sa/Viktor (PZ/SH),Galio/Morgana (DE/FR),0,1,0
Maokai/Nautilus (BW/SI),Janna (IO/PZ),0,1,0
Jax/Rumble (BC/RU),Kalista (SI),0,1,0
Lillia/Shyvana (DE/IO),Senna/Veigar (PZ/SI),0,1,0
Sett/Taric (IO/MT),Maokai/Nautilus (BW/SI),0,1,0
Maokai (SI),Maokai/Nautilus (BW/SI),0,1,0
Leona/Swain (MT/NX),Championless (SI),0,1,0
Jayce (FR/PZ),Championless (SI),0,1,0
Darius/Gnar (FR/NX),Braum/Kayle/Morgana (FR/MT),0,1,0
Darius/Gwen (NX/SI),Braum/Kayle/Morgana (FR/MT),0,1,0
Senna/Veigar (PZ/SI),Darius/Gwen (NX/SI),0,1,0
Tahm Kench/Udyr (BW/FR),Senna/Veigar (BC/SI),0,1,0
Lillia (FR/IO),Janna/Lee Sin (IO/PZ),0,1,0
Gangplank (BW/PZ),Lillia (FR/IO),0,1,0
Lee Sin (IO/PZ),Jax/Tristana (BC/RU),0,1,0
Janna (FR/PZ),Championless (IO/SI),0,1,0
Braum/Lillia (FR/IO),Kalista (NX/SI),0,1,0
Poppy/Taric (DE/MT),Kalista (NX/SI),0,1,0
Ornn/Vayne (DE/FR),Morgana/Taric (DE/MT),0,1,0
Ashe (FR/PZ),Darius/LeBlanc (FR/NX),0,1,0
Braum/Lillia (FR/IO),Janna/Viktor (BC/PZ),0,1,0
Sejuani/Viktor (FR/PZ),Janna (FR/PZ),0,1,0
Janna (FR/PZ),Janna/Viktor (IO/PZ),0,1,0
Janna (FR/PZ),Braum/Vladimir (FR/NX),0,1,0
Gwen/LeBlanc (NX/SI),Janna (FR/PZ),0,1,0
Janna (FR/PZ),Swain (BW/NX),0,1,0
Janna (IO/PZ),Janna/Viktor (IO/PZ),0,1,0
Ornn/Vayne (DE/FR),Lee Sin (IO/PZ),0,1,0
Lee Sin (IO/PZ),Jayce (IO/PZ),0,1,0
Kayle (BW/MT),Kai'Sa/Rumble (BC/SH),0,1,0
Braum/Lillia/Udyr (FR/IO),Morgana/Udyr (DE/FR),0,1,0
Morgana/Udyr (DE/FR),Kai'Sa/Rumble (BC/SH),0,1,0
Ashe/LeBlanc (FR/NX),Akshan/Nidalee (PZ/SH),0,1,0
Janna/Lee Sin (IO/PZ),Lulu/Poppy (DE/IO),0,1,0
Akshan/Lee Sin (IO/SH),Kai'Sa/Rumble (NX/SH),0,1,0
Jayce (IO/PZ),Senna/Veigar (BC/SI),0,1,0
Kayle (BW/MT),Morgana/Thresh (DE/SI),0,1,0
Lulu/Poppy (DE/IO),Neeko/Poppy (BC/RU),0,1,0
Championless (BC/BW),Ashe (FR/PZ),0,1,0
Ashe/LeBlanc (FR/NX),Lillia/Morgana (IO/MT),0,1,0
Gnar/Nidalee (BC/SH),Lee Sin/Riven (IO/NX),0,1,0
Braum/Udyr (FR/SI),Nasus/Thresh (SI/SH),0,1,0
Braum/Udyr (FR/SI),Nidalee (BC/SH),0,1,0
Maokai/Nautilus (BW/SI),Braum/Udyr (FR/SI),0,1,0
Braum/Udyr (FR/SI),Kayle (BW/MT),0,1,0
Ashe/LeBlanc (FR/NX),Braum/Udyr (FR/SI),0,1,0
Morgana/Udyr (DE/FR),Braum/Udyr (FR/SI),0,1,0
Kayle (BW/MT),Riven/Swain (NX/SI),0,1,0
Morgana/Riven (MT/NX),Gwen/LeBlanc (NX/SI),0,1,0
Neeko/Poppy (DE/RU),Gnar/Neeko (FR/RU),0,1,0
Janna (FR/PZ),Darius/Gnar (FR/NX),0,1,0
Shyvana (DE/MT),Janna (FR/PZ),0,1,0
Darius/Ornn (FR/NX),Janna (FR/PZ),0,1,0
Janna (FR/PZ),Senna/Veigar (BC/SI),0,1,0
Janna (FR/PZ),Aphelios/Taric (IO/MT),0,1,0
Jayce/Lux (DE/PZ),Garen/Udyr (DE/FR),0,1,0
Gangplank/Nidalee (BW/SH),Lulu/Shen (IO/MT),0,1,0
Gangplank/Nidalee (BW/SH),Ashe/Poppy (DE/FR),0,1,0
Nasus/Senna (SI/SH),Malphite/Yasuo (IO/MT),0,1,0
Garen/Shyvana (DE),Nasus/Thresh (SI/SH),0,1,0
Morgana/Udyr (DE/FR),Garen/Sivir (DE/SH),0,1,0
Garen/Kayle (DE/MT),Janna (BW/PZ),0,1,0
Shen/Sivir (IO/SH),Darius/LeBlanc (FR/NX),0,1,0
Lulu/Poppy (DE/IO),Caitlyn (FR/PZ),0,1,0
LeBlanc/Udyr (FR/NX),Swain (BW/NX),0,1,0
Malphite/Yasuo (IO/MT),Garen/Udyr (DE/FR),0,1,0
Akshan/Sivir (SI/SH),Ashe/LeBlanc (FR/NX),0,1,0
Gangplank/Sejuani (BW/FR),Illaoi/Ornn (BW/FR),0,1,0
Varus/Vayne (DE/RU),Kayle (BW/MT),0,1,0
Aphelios/Morgana (MT/PZ),Darius/Gnar (FR/NX),0,1,0
Janna (BW/PZ),Aatrox (RU/BW),0,1,0
Riven/Swain (NX/SI),Riven/Viktor (NX/PZ),0,1,0
Gangplank/Swain (BW/NX),Galio/Morgana (DE/FR),0,1,0
Riven/Swain (NX/SI),Maokai/Nautilus (BW/SI),0,1,0
Neeko/Poppy (DE/RU),Riven/Swain (NX/SI),0,1,0
Jax/Tristana (BC/RU),Jack/Sett (BW/IO),0,1,0
Ashe/Janna (FR/PZ),Sion (NX/SI),0,1,0
Sejuani/Swain (FR/NX),Ashe/Janna (FR/PZ),0,1,0
Lee Sin/Riven (IO/NX),Taric/Udyr (FR/MT),0,1,0
Lillia/Viktor (IO/PZ),Garen/Shyvana (DE/MT),0,1,0
Shen/Sivir (IO/SH),Malphite/Yasuo (IO/MT),0,1,0
Caitlyn (FR/PZ),Akshan/Sivir (IO/SH),0,1,0
Akshan/Varus (SH/RU),LeBlanc/Swain (NX),0,1,0
LeBlanc/Rumble (BC/NX),Braum/Lillia (FR/IO),0,1,0
LeBlanc/Rumble (BC/NX),Shen/Sivir (IO/SH),0,1,0
Darius/LeBlanc (FR/NX),Morgana/Riven (MT/NX),0,1,0
Morgana/Riven (MT/NX),Championless (PZ/SI),0,1,0
Janna/Senna (PZ/SI),Darius/LeBlanc (FR/NX),0,1,0
Rumble/Veigar (BC/NX),Championless (BC/IO),0,1,0
Rumble/Veigar (BC/NX),Taric (DE/MT),0,1,0
Senna/Veigar (PZ/SI),Rumble/Veigar (BC/NX),0,1,0
Rumble/Veigar (BC/NX),Gwen/Kalista (NX/SI),0,1,0
Janna/Veigar (BC/PZ),Akshan/Riven (NX/SH),0,1,0
Janna (FR/PZ),Gnar/Sett (FR/IO),0,1,0
Janna (IO/PZ),Gangplank/Sejuani (BW/FR),0,1,0
Caitlyn/Janna (BC/PZ),Janna (FR/PZ),0,1,0
Lulu/Poppy (DE/IO),Janna/Viktor (BC/PZ),0,1,0
Janna/Sett (IO/PZ),Jax/Tristana (BC/RU),0,1,0
Lulu/Taric (IO/MT),Morgana/Udyr (DE/FR),0,1,0
Gwen/Kalista (NX/SI),Senna/Veigar (PZ/SI),0,1,0
Akshan/Riven (NX/SH),Darius/Gnar (FR/NX),0,1,0
Darius/Gnar (FR/NX),Morgana/Shyvana (DE/FR),0,1,0
Morgana (IO/MT),Kayle (BW/MT),0,1,0
Swain (BW/NX),Championless (SI),0,1,0
Gnar/Neeko (FR/RU),Aatrox/Morgana/Vayne (RU/DE),0,1,0
Caitlyn/Vi (BC/PZ),Ashe/LeBlanc (FR/NX),0,1,0
Kayle (BW/MT),Championless (BC/IO),0,1,0
Akshan/Riven (NX/SH),Morgana (IO/MT),0,1,0
Illaoi (BW/NX),Viktor (BC/PZ),0,1,0
Akshan/Riven (NX/SH),Jax/Tristana (BC/RU),0,1,0
Nasus/Senna (SI/SH),Jax/Tristana (BC/RU),0,1,0
Championless (SI),Illaoi (BW/NX),0,1,0
Illaoi (BW/NX),Darius/Gnar (FR/NX),0,1,0
Senna/Veigar (BC/SI),Morgana/Thresh (DE/SI),0,1,0
Nidalee (BC/SH),Vayne/Vi (DE/PZ),0,1,0
Nasus/Thresh (SI/SH),Gangplank/Gnar (BC/BW),0,1,0
Gangplank/Gnar (BC/BW),Jack/Morgana (BW/DE),0,1,0
Ashe/Caitlyn (FR/PZ),Akshan/Udyr (FR/SH),0,1,0
Championless (BC/IO),Jack/Sett (BW/IO),0,1,0
Kai'Sa/Viktor (PZ/SH),Morgana/Riven (MT/NX),0,1,0
Illaoi/Jack (BW/FR),Kai'Sa/Viktor (PZ/SH),0,1,0
Aphelios/Viktor (MT/PZ),Nasus/Senna (SI/SH),0,1,0
Akshan/Nasus/Renekton (SH),Lillia/Udyr (FR/IO),0,1,0
Morgana/Riven (MT/NX),Vayne/Vi (DE/PZ),0,1,0
Neeko/Poppy (DE/RU),Vayne/Vi (DE/PZ),0,1,0
Akshan/Sivir (IO/SH),Ashe/Tahm Kench (BW/FR),0,1,0
Ashe/Tahm Kench (BW/FR),Janna/Sett (IO/PZ),0,1,0
Morgana (IO/MT),Ashe/LeBlanc (FR/NX),0,1,0
Nasus/Thresh (SI/SH),Garen/Shyvana (DE/MT),0,1,0
Garen/Shyvana (DE/MT),Rumble/Veigar (BC/NX),0,1,0
Neeko/Poppy (DE/RU),Lillia/Udyr (FR/IO),0,1,0
Lillia/Udyr (FR/IO),Aatrox (RU/BW),0,1,0
Lillia/Udyr (FR/IO),Ashe/Udyr (FR/SI),0,1,0
Ashe/Morgana (FR/MT),Akshan/Varus (SH/RU),0,1,0
Akshan/Sivir (SH),Braum/Vladimir (FR/NX),0,1,0
Rumble/Veigar (BC/NX),Jax/Tristana (BC/RU),0,1,0
Rumble/Veigar (BC/NX),Nasus/Thresh (SI/SH),0,1,0
Rumble/Veigar (BC/NX),Lulu/Taric (BC/MT),0,1,0
Viktor (FR/PZ),Darius/Gnar (FR/NX),0,1,0
Viktor (FR/PZ),Jayce (IO/PZ),0,1,0
Leona/Yasuo (IO/MT),Viktor (FR/PZ),0,1,0
Gnar/Lulu (BC/IO),Viktor (FR/PZ),0,1,0
Janna (BW/PZ),Jack/Sett (BW/IO),0,1,0
Janna (BW/PZ),Nidalee (BC/SH),0,1,0
Morgana/Udyr (DE/FR),Lillia/Morgana (IO/MT),0,1,0
Akshan (PZ/SH),Ashe/LeBlanc (FR/NX),0,1,0
Aatrox (RU/BW),Neeko/Poppy (DE/RU),0,1,0
Aatrox/Kayn (RU/RU),Ashe/Udyr (FR/SI),0,1,0
Illaoi/Jack (BW/FR),Aatrox/Kayn (RU/RU),0,1,0
Championless (BW/SH),Senna/Veigar (BC/SI),0,1,0
Championless (SI),Championless (BW/SH),0,1,0
Taric (DE/MT),Nasus/Thresh (SI/SH),0,1,0
Akshan/Viktor (PZ/SH),Morgana/Udyr (DE/FR),0,1,0
Jack/Sett (BW/IO),Janna/Viktor (BW/PZ),0,1,0
Shen/Shyvana (DE/IO),Galio/Udyr (DE/FR),0,1,0
Darius/LeBlanc (FR/NX),Galio/Udyr (DE/FR),0,1,0
Darius/Illaoi/LeBlanc (BW/NX),Jack/Morgana (BW/DE),0,1,0
Morgana/Udyr (FR/MT),Braum/Vladimir (FR/NX),0,1,0
Janna/Morgana (MT/PZ),Championless (PZ/SI),0,1,0
Nasus/Senna (SI/SH),Championless (PZ/SI),0,1,0
Jayce (IO/PZ),Darius/Gnar (FR/NX),0,1,0
Nidalee (BC/SH),Gnar/Renekton (FR/SH),0,1,0
Lillia/Udyr (FR/IO),Lux/Varus (DE/RU),0,1,0
Aphelios/Viktor (MT/PZ),Jayce (PZ/SI),0,1,0
Illaoi/Swain (BW/NX),Lillia/Sett (BC/IO),0,1,0
Morgana/Riven (MT/NX),Galio/Morgana (DE/FR),0,1,0
Championless (BC/IO),Neeko/Poppy (DE/RU),0,1,0
Garen/Kayle (DE/MT),LeBlanc/Sivir (NX/SH),0,1,0
Riven/Yasuo (IO/NX),Kalista/Nasus (SI/SH),0,1,0
Senna (PZ/SI),Kalista/Nasus (SI/SH),0,1,0
Morgana/Udyr (FR/MT),Championless (SI),0,1,0
Illaoi (BW/NX),Jayce (PZ/SI),0,1,0
Jack/Morgana (BW/DE),Senna/Veigar (BC/SI),0,1,0
Tahm Kench/Udyr (BW/FR),Jack/Morgana (BW/DE),0,1,0
Illaoi (BW/NX),Akshan/Lee Sin (IO/SH),0,1,0
Illaoi (BW/NX),Aphelios/Viktor (MT/PZ),0,1,0
LeBlanc/Sivir (NX/SH),Kai'Sa/Viktor (PZ/SH),0,1,0
Riven/Viktor (NX/PZ),Akshan/Nidalee/Sivir (DE/SH),0,1,0
Shen/Sivir (IO/SH),Caitlyn (FR/PZ),0,1,0
Caitlyn (FR/PZ),Gwen/LeBlanc (NX/SI),0,1,0
Jayce/Swain (NX/PZ),Lillia/Sett (BC/IO),0,1,0
Aatrox (RU/BW),Ashe/Tahm Kench (BW/FR),0,1,0
Ashe/Tahm Kench (BW/FR),Senna (PZ/SI),0,1,0
Ashe/Tahm Kench (BW/FR),Gwen/Kalista (NX/SI),0,1,0
Jayce/Morgana (MT/PZ),Jayce/Lux (DE/PZ),0,1,0
Rumble/Vayne (DE/NX),Shyvana (DE/MT),0,1,0
Lillia/Morgana (IO/MT),Gangplank/Sejuani (BW/FR),0,1,0
Kayle/Morgana (FR/MT),Janna/Sett (IO/PZ),0,1,0
Morgana/Udyr (DE/FR),Jax/Tristana (BC/RU),0,1,0
Maokai/Nautilus (BW/SI),Championless (BC/MT),0,1,0
Gwen/Kalista (NX/SI),Aatrox (RU/BW),0,1,0
Jayce/Lux (DE/PZ),Akshan/Nidalee (PZ/SH),0,1,0
Illaoi/Jack (BW/FR),Championless (SI),0,1,0
Senna (PZ/SI),Akshan/Aphelios (MT/SH),0,1,0
Lillia/Morgana (IO/MT),Kalista (SI),0,1,0
Gwen/Vayne (DE/SI),Gwen/LeBlanc (NX/SI),0,1,0
Jax/Tristana (BC/RU),Championless (SI/SH),0,1,0
Akshan/Morgana (DE/SH),Jax/Tristana (BC/RU),0,1,0
Galio/Morgana/Shyvana (DE/MT),LeBlanc/Sivir (NX/SH),0,1,0
LeBlanc/Swain (NX),Kayle (BW/MT),0,1,0
Gwen/Sett (IO/SI),LeBlanc/Sivir (NX/SH),0,1,0
Swain (BW/NX),Darius/Gnar/LeBlanc (FR/NX),0,1,0
Kalista/Senna/Veigar (MT/SI),Senna/Veigar (BC/SI),0,1,0
Championless (SI),Gangplank/Gnar (BC/BW),0,1,0
Morgana/Taric (IO/MT),Maokai/Nautilus (BW/SI),0,1,0
Lee Sin/Viktor (IO/PZ),Morgana/Taric (IO/MT),0,1,0
Ashe (BW/FR),Maokai/Nautilus (BW/SI),0,1,0
Aphelios/Morgana (MT/PZ),Riven/Viktor (NX/PZ),0,1,0
Gwen/LeBlanc (NX/SI),Garen/Poppy (DE),0,1,0
Darius/Gnar (FR/NX),Garen/Poppy (DE),0,1,0
Morgana (MT/PZ),LeBlanc/Sivir (NX/SH),0,1,0
Akshan/Braum (FR/SH),Braum/Vladimir (FR/NX),0,1,0
Kalista (SI),Braum/Garen/Udyr (DE/FR),0,1,0
Kayle/Morgana (FR/MT),Braum/Garen/Udyr (DE/FR),0,1,0
Braum/Neeko (FR/RU),Braum/Garen/Udyr (DE/FR),0,1,0
Neeko/Poppy (DE/RU),Braum (FR/MT),0,1,0
LeBlanc/Sivir (NX/SH),Galio/Morgana (DE/FR),0,1,0
Gwen/Kalista (NX/SI),Lillia/Malphite (IO/MT),0,1,0
Lillia/Malphite (IO/MT),Gnar (FR/NX),0,1,0
Morgana (MT/PZ),Lillia/Malphite (IO/MT),0,1,0
Janna (PZ/SI),Aatrox (RU/IO),0,1,0
Lillia/Sett (BC/IO),Aphelios/Morgana (MT/PZ),0,1,0
Aatrox (RU/BW),Lillia/Sett (BC/IO),0,1,0
Akshan/Lee Sin (IO/SH),LeBlanc/Rumble (BC/NX),0,1,0
Shen/Sivir (IO/SH),Braum (FR/MT),0,1,0
Vladimir (BW/NX),Darius/Gnar (FR/NX),0,1,0
Tristana (BC/IO),Darius/Gnar (FR/NX),0,1,0
Morgana (MT/PZ),Aphelios/Viktor (MT/PZ),0,1,0
Jayce (PZ/SI),Morgana/Udyr (DE/FR),0,1,0
Riven/Vladimir (NX/SI),LeBlanc/Sivir (NX/SH),0,1,0
Gwen/Sivir (SI/SH),Gwen/LeBlanc (NX/SI),0,1,0
Darius/Gnar (FR/NX),Swain (BW/NX),0,1,0
Championless (BC/BW),Kayle/Udyr (FR/MT),0,1,0
Championless (BC/BW),Ashe/Tahm Kench (BW/FR),0,1,0
Braum/Vladimir (FR/NX),Championless (BC/BW),0,1,0
Championless (FR/IO),Championless (BC/BW),0,1,0
Championless (PZ/SI),Championless (BC/BW),0,1,0
Championless (BC/BW),Braum/Garen/Udyr (DE/FR),0,1,0
Caitlyn (FR/PZ),Championless (PZ/SI),0,1,0
Janna/Sett (IO/PZ),Jax/Kayn (RU/RU),0,1,0
Championless (SI),Jax/Kayn (RU/RU),0,1,0
Championless (PZ/SI),Jax/Kayn (RU/RU),0,1,0
Jax/Kayn (RU/RU),Akshan/Sivir (IO/SH),0,1,0
Jax/Kayn (RU/RU),Lulu/Taric (IO/MT),0,1,0
Caitlyn/Janna (BW/PZ),Jax/Kayn (RU/RU),0,1,0
Garen/Shyvana (DE/MT),Braum/Lillia (FR/IO),0,1,0
Kai'Sa/Rumble (NX/SH),Nidalee/Sivir (BC/SH),0,1,0
Janna/Senna (PZ/SI),Nidalee/Sivir (BC/SH),0,1,0
Neeko/Nidalee (RU/SH),Morgana/Viktor (MT/PZ),0,1,0
Nasus/Renekton (SH),Janna/Senna (PZ/SI),0,1,0
Janna/Senna (PZ/SI),Braum/Garen/Udyr (DE/FR),0,1,0
Jack/Lillia (BW/IO),Championless (FR/IO),0,1,0
Lillia/Udyr (FR/IO),Udyr (FR/IO),0,1,0
Nidalee (BC/SH),Lillia/Udyr (FR/IO),0,1,0
Gwen/LeBlanc (NX/SI),Lillia/Udyr (FR/IO),0,1,0
Braum/Garen/Udyr (DE/FR),Braum/Lillia (FR/IO),0,1,0
LeBlanc/Sivir (NX/SH),Jayce (PZ/SI),0,1,0
Ashe/Udyr (FR/SI),Aphelios/Tahm Kench (BW/MT),0,1,0
Galio/Morgana (DE/FR),Sett (IO/PZ),0,1,0
Nidalee (BC/SH),Ashe/Sejuani (FR),0,1,0
Aatrox/Nasus (RU/SH),Lillia/Sett (BC/IO),0,1,0
Lillia/Sett (BC/IO),Akshan/Nasus (SI/SH),0,1,0
Aatrox/Varus (RU/RU),Nidalee (BC/SH),0,1,0
Jayce/Senna (PZ/SI),Maokai (BW/SI),0,1,0
Lulu/Taric (IO/MT),Championless (MT/SI),0,1,0
Tristana/Viktor (BC/PZ),Riven/Viktor (NX/PZ),0,1,0
Ashe/Udyr (FR/SI),Riven/Viktor (NX/PZ),0,1,0
Braum/Vladimir (FR/NX),Morgana/Varus (MT/RU),0,1,0
Riven/Taric (MT/NX),Nidalee/Sivir (BC/SH),0,1,0
Swain (BW/NX),Morgana/Udyr (DE/FR),0,1,0
Akshan/Sivir (DE/SH),Ashe/Lillia (FR/IO),0,1,0
Janna/Senna (PZ/SI),Akshan/LeBlanc (NX/SH),0,1,0
Janna (PZ/SI),Nidalee/Sivir (BC/SH),0,1,0
Garen/Nasus (DE/SH),Braum/Vladimir (FR/NX),0,1,0
Morgana/Viktor (MT/PZ),Nidalee/Sivir (BC/SH),0,1,0
Lee Sin/Riven (IO/NX),Morgana/Viktor (MT/PZ),0,1,0
Braum/Garen/Udyr (DE/FR),Championless (SI),0,1,0
Senna/Veigar (PZ/SI),Braum/Garen/Udyr (DE/FR),0,1,0
Akshan/Udyr (FR/SH),Shen/Sivir (IO/SH),0,1,0
Akshan/LeBlanc (NX/SH),Championless (SI),0,1,0
Janna/Viktor (BC/PZ),Akshan/Lee Sin (IO/SH),0,1,0
Leona/Yasuo (IO/MT),Aphelios/Tahm Kench (BW/MT),0,1,0
Ashe (FR/PZ),Aphelios/Tahm Kench (BW/MT),0,1,0
Riven/Varus (NX/RU),Sett (IO/PZ),0,1,0
Sion/Thresh (NX/SI),Shen/Sivir (IO/SH),0,1,0
Darius/Gwen (NX/SI),Ashe (FR/PZ),0,1,0
Braum/Lillia (FR/IO),Shyvana/Taric (DE/MT),0,1,0
Janna (PZ/SI),Kalista/Sion (NX/SI),0,1,0
Darius/Yasuo (IO/NX),Janna (PZ/SI),0,1,0
Leona/Yasuo (IO/MT),Aphelios/Viktor (MT/PZ),0,1,0
Akshan/Nidalee (FR/SH),Lillia/Malphite (IO/MT),0,1,0
Lillia/Malphite (IO/MT),Janna/Sett (IO/PZ),0,1,0
Garen/Taric (DE/MT),Neeko/Poppy (DE/RU),0,1,0
Garen/Taric (DE/MT),Kayle (BW/MT),0,1,0
Lillia/Sett (BC/IO),Gangplank/Nidalee (BW/SH),0,1,0
Senna/Veigar (PZ/SI),Gangplank/Nidalee (BW/SH),0,1,0
Nasus/Renekton (SH),Lillia/Malphite (IO/MT),0,1,0
Akshan/Sivir (IO/SH),Shen/Sivir (IO/SH),0,1,0
Darius (FR/NX),Neeko/Poppy (DE/RU),0,1,0
Darius (FR/NX),Gwen/LeBlanc (NX/SI),0,1,0
Sejuani/Swain (FR/NX),Darius (FR/NX),0,1,0
Aphelios/Viktor (MT/PZ),Darius (FR/NX),0,1,0
Jax/Rumble (BC/RU),Leona/Yasuo (IO/MT),0,1,0
Aphelios/Yasuo (IO/MT),Leona/Yasuo (IO/MT),0,1,0
Aphelios/Braum (FR/MT),Leona/Yasuo (IO/MT),0,1,0
Rumble/Sion (BC/NX),Leona/Yasuo (IO/MT),0,1,0
Kalista/Sion (NX/SI),Braum/Leona (FR/MT),0,1,0
Braum/Garen/Udyr (DE/FR),Aatrox (RU/BW),0,1,0
Malphite/Yasuo (IO/MT),Neeko/Poppy (DE/RU),0,1,0
Gnar/Tristana (BC/SH),Nasus/Thresh (SI/SH),0,1,0
Akshan/Sivir (IO/SH),Lillia/Malphite (IO/MT),0,1,0
Leona (IO/MT),Jack/Lillia (BW/IO),0,1,0
Ashe/Tahm Kench (BW/FR),Leona (IO/MT),0,1,0
Leona (IO/MT),Senna/Veigar (PZ/SI),0,1,0
Neeko/Poppy (DE/RU),Leona (IO/MT),0,1,0
Nasus/Thresh (SI/SH),Leona (IO/MT),0,1,0
Neeko/Nidalee (RU/SH),Maokai (BW/SI),0,1,0
Maokai (BW/SI),Veigar (BC/SI),0,1,0
Nasus/Thresh (SI/SH),Darius/Gnar/LeBlanc (FR/NX),0,1,0
Neeko/Poppy (DE/RU),Akshan/Garen (DE/SH),0,1,0
Viktor (FR/PZ),Lee Sin/Viktor (IO/PZ),0,1,0
Gwen/Kalista (SI),Viktor (FR/PZ),0,1,0
Akshan/Nidalee (FR/SH),Lee Sin/Viktor (IO/PZ),0,1,0
Akshan/Garen (DE/SH),Jayce/Lux (DE/PZ),0,1,0
Ashe/LeBlanc (FR/NX),Akshan/Garen (DE/SH),0,1,0
Rumble/Veigar (BC/NX),Braum/Lillia (FR/IO),0,1,0
Neeko/Poppy (DE/RU),Rumble/Veigar (BC/NX),0,1,0
Garen/Shen (DE/IO),Gwen/LeBlanc (NX/SI),0,1,0
Garen/Kayle (DE/MT),Gwen/LeBlanc (NX/SI),0,1,0
Veigar (BC/NX),Darius/Gnar (FR/NX),0,1,0
Lulu/Poppy (DE/IO),Veigar (BC/NX),0,1,0
Darius/Gnar (FR/NX),Garen/Kayle (DE/MT),0,1,0
Ashe/Gwen (FR/SI),Braum/Lillia (FR/IO),0,1,0
Akshan/Renekton (FR/SH),Jack/Lillia (BW/IO),0,1,0
Jax/Rumble/Tristana (BC/RU),Poppy/Shen (DE/IO),0,1,0
Gwen (SI),Nidalee (BC/SH),0,1,0
Swain (BW/NX),Neeko/Poppy (DE/RU),0,1,0
Swain (BW/NX),Nidalee (BC/SH),0,1,0
Galio/Udyr (DE/FR),Lulu/Shen (DE/IO),0,1,0
Veigar (BC/NX),Lillia/Sett (BC/IO),0,1,0
Gnar/Lulu/Neeko/Poppy (BC/RU),Neeko/Poppy (DE/RU),0,1,0
Nasus/Senna (SI/SH),Lillia (FR/IO),0,1,0
Galio/Poppy (DE/FR),Neeko/Poppy (DE/RU),0,1,0
Galio/Poppy (DE/FR),Gwen/LeBlanc (NX/SI),0,1,0
Swain (FR/NX),Galio/Poppy (DE/FR),0,1,0
Poppy/Riven (BC/NX),LeBlanc/Udyr (FR/NX),0,1,0
Gnar/Renekton (FR/SH),Shen/Sivir (IO/SH),0,1,0
Leona/Riven (MT/NX),Akshan/Varus (SH/RU),0,1,0
Nidalee (BC/SH),Garen/Shen (DE/IO),0,1,0
Garen/Sivir (DE/SH),Veigar (BC/NX),0,1,0
Garen/Kayle (DE/MT),Veigar (BC/NX),0,1,0
Jayce/Lux (DE/PZ),Jax/Vayne (DE/RU),0,1,0
Gwen/LeBlanc (NX/SI),Jax/Rumble/Tristana (BC/RU),0,1,0
Neeko/Poppy (DE/RU),Kalista (NX/SI),0,1,0
Nidalee (BC/SH),Sion/Thresh (NX/SI),0,1,0
Nidalee (BC/SH),Kalista (NX/SI),0,1,0
Aphelios/Tahm Kench (BW/MT),Kayle (BW/MT),0,1,0
Braum (FR/MT),Morgana/Udyr (DE/FR),0,1,0
Jax/Poppy/Tristana (BC/RU),Morgana/Udyr (DE/FR),0,1,0
Maokai/Nautilus (BW/SI),Jax/Poppy/Tristana (BC/RU),0,1,0
Jax/Vayne (DE/RU),Championless (SI),0,1,0
Jax/Vayne (DE/RU),Darius/Gnar (FR/NX),0,1,0
Akshan/Sivir (NX/SH),Swain (BW/NX),0,1,0
Garen/Kayle (DE/MT),Galio/Morgana (DE/FR),0,1,0
Gwen/Kalista (NX/SI),Garen/Poppy (DE),0,1,0
Lulu/Poppy (DE/IO),Championless (PZ/SI),0,1,0
Kalista (NX/SI),Darius/Gwen (NX/SI),0,1,0
Janna (FR/PZ),Jax/Rumble/Tristana (BC/RU),0,1,0
Lulu/Shen (DE/IO),Garen/Shen (DE/IO),0,1,0
Aatrox/Varus (RU/RU),Garen/Shen (DE/IO),0,1,0
Braum/Lillia (FR/IO),Garen/Shen (DE/IO),0,1,0
Caitlyn/Veigar (BC/PZ),Nasus/Thresh (SI/SH),0,1,0
Akshan/Nasus/Renekton (SH),Leona/Yasuo (IO/MT),0,1,0
LeBlanc/Sivir (NX/SH),Jax/Rumble/Tristana (BC/RU),0,1,0
Kayle (BW/MT),Jax/Rumble/Tristana (BC/RU),0,1,0
Sejuani/Viktor (FR/PZ),Rumble/Vayne (DE/NX),0,1,0
Lillia/Sett (FR/IO),Neeko (FR/RU),0,1,0
Ashe/LeBlanc (FR/NX),Gnar/Sejuani (FR/PZ),0,1,0
Braum/Vladimir (FR/NX),Akshan/Sivir (IO/SH),0,1,0
Garen/Neeko/Poppy/Shyvana (DE/RU),Gwen/LeBlanc (NX/SI),0,1,0
Garen/Shen (DE/IO),Jax/Ornn (FR/RU),0,1,0
Leona/Yasuo (IO/MT),Garen/Shen (DE/IO),0,1,0
Senna (PZ/SI),Garen/Shen (DE/IO),0,1,0
Viktor (FR/PZ),Lee Sin/Leona/Yasuo (IO/MT),0,1,0
Viktor (FR/PZ),Nautilus (BW/SI),0,1,0
Kalista/Senna/Viktor (PZ/SI),LeBlanc/Sivir (NX/SH),0,1,0
Sett (IO/PZ),Kalista/Senna/Viktor (PZ/SI),0,1,0
Ashe/Janna (FR/PZ),Lulu/Shen (IO/MT),0,1,0
Kai'Sa/Rumble (BC/SH),Akshan/Varus (SH/RU),0,1,0
Akshan/Varus (SH/RU),Riven/Vladimir (NX/SI),0,1,0
Akshan/Gwen (SI/SH),LeBlanc/Sivir (NX/SH),0,1,0
Ashe/LeBlanc (FR/NX),Aatrox/Varus (RU/RU),0,1,0
Sett (IO/SH),Kalista/Senna/Viktor (PZ/SI),0,1,0
Senna (PZ/SI),Braum/Udyr (FR/NX),0,1,0
Gnar/Neeko (FR/RU),Riven/Viktor (NX/PZ),0,1,0
Garen (DE/SH),Aatrox/Vayne (RU/DE),0,1,0
Nautilus (BW/SI),Senna (PZ/SI),0,1,0
Lee Sin/Viktor (IO/PZ),Gnar/Sejuani (BC/FR),0,1,0
Lee Sin/Viktor (IO/PZ),Aatrox/Vayne (RU/DE),0,1,0
Riven/Viktor (NX/PZ),Aatrox/Varus (RU/RU),0,1,0
Akshan/Riven (NX/SH),Neeko/Poppy (DE/RU),0,1,0
Jax/Kayn (RU/RU),Poppy/Riven (BC/NX),0,1,0
Illaoi/Vayne (BW/DE),Neeko/Poppy (DE/RU),0,1,0
Jax/Kayn (RU/RU),Aatrox/Kayn (RU/RU),0,1,0
Gnar/Jayce (BC/PZ),Akshan/Lee Sin (IO/SH),0,1,0
Neeko (FR/RU),Kayle (BW/MT),0,1,0
Riven/Viktor (NX/PZ),Kai'Sa/Vayne (DE/SH),0,1,0
Akshan/Nidalee (PZ/SH),Lee Sin/Riven (IO/NX),0,1,0
Akshan/Aphelios (MT/SH),Shen/Sivir (IO/SH),0,1,0
Akshan/Riven (NX/SH),Riven/Viktor (NX/PZ),0,1,0
Championpile (FR/SH),Lillia/Udyr (FR/IO),0,1,0
Malphite (MT/PZ),Morgana/Taric (DE/MT),0,1,0
Viktor (FR/PZ),Championless (SI),0,1,0
Championpile (FR/SH),Aatrox/Kayn (RU/RU),0,1,0
Lulu/Shen (IO/MT),Braum/Lillia (FR/IO),0,1,0
Akshan/Nidalee (PZ/SH),Rumble/Sion (BC/NX),0,1,0
Neeko (FR/RU),Ashe (FR/PZ),0,1,0
Neeko (FR/RU),Championless (SI),0,1,0
Darius/Gnar/LeBlanc (FR/NX),Jax/Riven (RU/NX),0,1,0
Lillia (DE/IO),Darius/LeBlanc (FR/NX),0,1,0
Caitlyn (BC/PZ),Braum/Vladimir (FR/NX),0,1,0
Akshan/Nidalee (FR/SH),Championpile (FR/SH),0,1,0
Gnar/Jayce (BC/PZ),Senna/Veigar (BC/SI),0,1,0
Kalista (NX/SI),Jayce/Lux (DE/PZ),0,1,0
Ashe/Caitlyn (FR/PZ),Gwen/Kalista (SI),0,1,0
Neeko/Poppy (DE/RU),Championpile (FR/SH),0,1,0
Jax/Riven (RU/NX),Riven/Viktor (NX/PZ),0,1,0
Leona/Viktor (MT/PZ),Ashe/LeBlanc (FR/NX),0,1,0
Poppy/Shen (DE/IO),LeBlanc/Sivir (NX/SH),0,1,0
Kayn/Ornn (FR/RU),Lulu/Shen (IO/MT),0,1,0
Braum/Lillia (FR/IO),Swain (FR/NX),0,1,0
Gwen/Illaoi (BW/SI),Ashe/LeBlanc (FR/NX),0,1,0
Senna/Veigar (BC/SI),Sett (IO/SH),0,1,0
Jax/Rumble/Tristana (BC/RU),Jayce/Lux (DE/PZ),0,1,0
Leona/Yasuo (IO/MT),Poppy/Riven (BC/NX),0,1,0
Janna/Morgana (MT/PZ),Akshan/Udyr (FR/SH),0,1,0
Gnar (BC/FR),Galio/Udyr (DE/FR),0,1,0
Janna/Viktor (BW/PZ),LeBlanc/Sion (NX/SI),0,1,0
Nasus (SI/SH),Aphelios/Viktor (MT/PZ),0,1,0
Kayle (BW/MT),Akshan/Aphelios (MT/SH),0,1,0
Lee Sin/Viktor (IO/PZ),Championless (BC/SI),0,1,0
Lillia/Riven (IO/NX),Jayce/Lux (DE/PZ),0,1,0
Jayce (PZ/SI),Yasuo (IO/NX),0,1,0
Lillia/Malphite (IO/MT),Darius/Gnar (FR/NX),0,1,0
Ashe/Shen (FR/IO),Ashe (FR/PZ),0,1,0
Akshan/Nidalee (FR/SH),Jayce (PZ/SI),0,1,0
Akshan/Nidalee (FR/SH),Galio/Morgana (DE/FR),0,1,0
Jax/Tristana (BC/RU),Akshan/Varus (SH/RU),0,1,0
Lillia/Morgana (IO/MT),Championless (PZ/SI),0,1,0
Jax/Ornn (FR/RU),Gnar/Swain (BC/NX),0,1,0
Rumble (BC/MT),Ashe/LeBlanc (FR/NX),0,1,0
Sejuani/Swain (FR/NX),Championless (MT/SI),0,1,0
Kayn/Ornn (FR/RU),Ashe (FR/PZ),0,1,0
Gnar/Swain (BC/NX),Kayn/Ornn (FR/RU),0,1,0
Caitlyn/Vi (BC/PZ),Kayn/Ornn (FR/RU),0,1,0
Kayn/Ornn (FR/RU),Rumble (BC/MT),0,1,0
Nasus/Thresh (SI/SH),Kayn/Ornn (FR/RU),0,1,0
Braum/Swain/Udyr (FR/NX),Nasus/Thresh (SI/SH),0,1,0
Kalista (SI/SH),Akshan/Lee Sin (IO/SH),0,1,0
Akshan/Nasus/Renekton (SH),Rumble (BC/MT),0,1,0
Championless (SI),Poppy/Tristana (BC/DE),0,1,0
Akshan/Braum (FR/SH),Maokai/Nautilus (BW/SI),0,1,0
Rumble (BC/MT),Maokai/Nautilus (BW/SI),0,1,0
Vi/Viktor (IO/PZ),Neeko/Poppy (DE/RU),0,1,0
Neeko/Poppy (DE/RU),Jayce (PZ/SI),0,1,0
Garen/Shen (DE/IO),Morgana/Udyr (DE/FR),0,1,0
Garen/Shen (DE/IO),Janna (PZ/SI),0,1,0
Ashe/Udyr (DE/FR),Jayce/Lux (DE/PZ),0,1,0
Maokai (BW/SI),Gwen/Senna (NX/SI),0,1,0
Lulu/Shen (IO/MT),Championless (PZ/SI),0,1,0
Akshan/Nidalee (FR/SH),Lulu/Shen (IO/MT),0,1,0
Poppy/Tristana (BC/NX),Lulu/Shen (IO/MT),0,1,0
Akshan/Sivir (IO/SH),Lulu/Shen (IO/MT),0,1,0
Lulu/Shen (IO/MT),Kalista/Nasus (SI/SH),0,1,0
Championless (PZ/SI),Akshan/Nidalee (FR/SH),0,1,0
Akshan/Nidalee (FR/SH),Galio/Udyr (DE/FR),0,1,0
Kalista (NX/SI),Akshan/Nidalee (FR/SH),0,1,0
Morgana/Udyr (DE/FR),Championless (FR/IO),0,1,0
Championless (IO/SI),Championless (PZ/SI),0,1,0
Kayle/Ornn (FR/MT),Championless (SI),0,1,0
Janna/Viktor (IO/PZ),Aphelios/Viktor (MT/PZ),0,1,0
Ashe/Janna (FR/PZ),Aphelios/Viktor (MT/PZ),0,1,0
Aphelios/Yasuo (IO/MT),Gnar/Swain (BC/NX),0,1,0
Kai'Sa/Udyr (FR/SH),Ashe (FR/PZ),0,1,0
Akshan/Sivir (IO/SH),Vladimir/Yasuo (IO/NX),0,1,0
Maokai/Senna (PZ/SI),Braum/Lillia (FR/IO),0,1,0
Janna (PZ/SI),Neeko/Poppy (BC/RU),0,1,0
Akshan/Lee Sin (IO/SH),Jayce (PZ/SI),0,1,0
Championless (FR/IO),Riven/Viktor (NX/PZ),0,1,0
LeBlanc/Rumble (BC/NX),Aatrox/Kayn (RU/RU),0,1,0
Gwen/Kalista (NX/SI),Neeko/Poppy (DE/RU),0,1,0
Akshan/Nidalee (FR/SH),Akshan/Udyr (FR/SH),0,1,0
Jack/Sett (BW/IO),Aphelios/Tahm Kench (BW/MT),0,1,0
Braum (FR/MT),Aphelios/Tahm Kench (BW/MT),0,1,0
Gwen/Senna (NX/SI),Aatrox/Kayn (RU/RU),0,1,0
Lulu/Shen (IO/MT),Nasus/Thresh (SI/SH),0,1,0
Senna/Veigar (BC/SI),Lulu/Shen (IO/MT),0,1,0
Galio/Udyr (DE/FR),Aatrox/Nasus (RU/SH),0,1,0
Poppy/Taric (DE/MT),Nasus/Thresh (SI/SH),0,1,0
Gwen/Kalista (NX/SI),Akshan/Sivir (IO/SH),0,1,0
Aatrox/Kayn (RU/RU),Aatrox/Vayne (RU/DE),0,1,0
Aatrox/Garen (RU/DE),Aatrox/Vayne (RU/DE),0,1,0
Braum/Neeko (FR/RU),Senna/Veigar (PZ/SI),0,1,0
Braum/Kayle (FR/MT),Janna/Vi/Viktor (BC/PZ),0,1,0
Ashe (FR/SI),Neeko/Poppy (BC/RU),0,1,0
Aatrox/Akshan (RU/SH),Neeko/Poppy (BC/RU),0,1,0
Nidalee (BC/SH),Neeko/Poppy (BC/RU),0,1,0
Kayn/Ornn (FR/RU),Aatrox/Varus (RU/RU),0,1,0
Senna (PZ/SI),Championless (FR/IO),0,1,0
Championless (FR/IO),Kalista (SI),0,1,0
Championless (FR/IO),Nasus/Thresh (SI/SH),0,1,0
Illaoi (BW/IO),Rumble/Sion (BC/NX),0,1,0
Akshan/Braum (FR/SH),Championless (SI),0,1,0
Aphelios/Tahm Kench (BW/MT),Nasus/Senna (SI/SH),0,1,0
Akshan/Nidalee (FR/SH),Nasus/Senna (SI/SH),0,1,0
Morgana (MT/PZ),Ashe (FR/PZ),0,1,0
Kayle (BW/MT),Braum/Galio/Udyr (DE/FR),0,1,0
Championpile (IO/SH),Braum/Lillia (FR/IO),0,1,0
Braum/Lillia (FR/IO),Kai'Sa/Rumble (NX/SH),0,1,0
Gnar/Sett (FR/IO),Ashe (FR/PZ),0,1,0
Braum/Poppy (DE/FR),Ashe (FR/PZ),0,1,0
Ashe/Janna (FR/PZ),Jack/Sett (BW/IO),0,1,0
Janna/Senna (PZ/SI),Akshan/Nidalee (FR/SH),0,1,0
Braum/Leona (FR/MT),Aphelios/Lux (DE/MT),0,1,0
Braum/Leona (FR/MT),Akshan/Lee Sin (IO/SH),0,1,0
Kayle (BW/MT),Braum/Leona (FR/MT),0,1,0
Akshan/Viktor (PZ/SH),Braum/Leona (FR/MT),0,1,0
Viktor (BC/PZ),Aatrox/Kayn (RU/RU),0,1,0
Championless (FR/IO),Akshan/Lee Sin (IO/SH),0,1,0
Ashe/Lillia (FR/IO),Darius/Gnar (FR/NX),0,1,0
Lillia/Sett (FR/IO),Championless (SI),0,1,0
Braum/Garen/Udyr (DE/FR),Akshan/Lee Sin (IO/SH),0,1,0
Rumble/Sion (BC/NX),Aphelios/Tahm Kench (BW/MT),0,1,0
Lulu/Shen (DE/IO),Darius/Gnar (FR/NX),0,1,0
Kayle (BW/MT),Jayce (BC/PZ),0,1,0
Jayce (BC/PZ),Akshan/Lee Sin (IO/SH),0,1,0
Poppy/Taric (DE/MT),LeBlanc/Sivir (NX/SH),0,1,0
Gwen/Veigar (BC/SI),LeBlanc/Sivir (NX/SH),0,1,0
LeBlanc/Sivir (NX/SH),Lillia/Tristana (BC/IO),0,1,0
Senna/Veigar (PZ/SI),Ryze (IO/RU),0,1,0
Braum/Lillia (FR/IO),Shen/Taric (IO/MT),0,1,0
Aatrox/Kayn (RU/RU),Championless (FR/IO),0,1,0
Championless (FR/IO),Ashe/LeBlanc (FR/NX),0,1,0
Ashe/Janna (FR/PZ),Championless (FR/IO),0,1,0
Udyr/Viktor (FR/PZ),Ashe (FR/PZ),0,1,0
Championpile (IO/SH),Ashe (FR/PZ),0,1,0
Sion (BC/NX),Akshan/Lee Sin (IO/SH),0,1,0
Gwen/LeBlanc (NX/SI),Sion (BC/NX),0,1,0
Sion (BC/NX),Aatrox (RU/BW),0,1,0
Jayce/Lux (DE/PZ),Garen/Shyvana (DE/MT),0,1,0
Senna (PZ/SI),Garen/Shyvana (DE/MT),0,1,0
Gangplank/Nidalee (BW/SH),Janna/Senna (PZ/SI),0,1,0
Janna/Senna (PZ/SI),Senna/Veigar (PZ/SI),0,1,0
Sion (BC/NX),Braum/Garen/Udyr (DE/FR),0,1,0
Akshan/Lillia (IO/SH),Braum/Garen/Udyr (DE/FR),0,1,0
Braum/Garen/Udyr (DE/FR),Sion/Thresh (NX/SI),0,1,0
Riven/Varus (NX/RU),Braum/Garen/Udyr (DE/FR),0,1,0
Janna (IO/PZ),Janna/Malphite (MT/PZ),0,1,0
Tahm Kench/Udyr (BW/FR),LeBlanc/Sivir (NX/SH),0,1,0
Riven/Varus (NX/RU),LeBlanc/Sivir (NX/SH),0,1,0
Janna/Lee Sin (IO/PZ),LeBlanc/Sivir (NX/SH),0,1,0
Sion (BC/NX),Galio/Morgana (DE/FR),0,1,0
Aphelios/Viktor (MT/PZ),Swain/Yasuo (IO/NX),0,1,0
Ashe (FR/PZ),Sett/Veigar (BC/IO),0,1,0
Neeko/Poppy (DE/RU),Jack/Morgana (BW/DE),0,1,0
Aphelios/Taric (IO/MT),LeBlanc/Sivir (NX/SH),0,1,0
Garen/Shyvana (DE/MT),Galio/Udyr (DE/FR),0,1,0
Ashe/Janna (FR/PZ),Garen/Shyvana (DE/MT),0,1,0
Janna (PZ/SI),Veigar (BC/NX),0,1,0
Aatrox/Kayn (RU/RU),Jack/Morgana (BW/DE),0,1,0
Janna (PZ/SI),Janna/Neeko (RU/PZ),0,1,0
Kayle (BW/MT),Garen (DE/FR),0,1,0
Lulu/Shen (IO/MT),Galio/Morgana (DE/FR),0,1,0
Lillia/Udyr (FR/IO),LeBlanc/Sivir (NX/SH),0,1,0
Morgana/Taric (IO/MT),Braum/Kayle (FR/MT),0,1,0
Kayle (BW/MT),Morgana/Taric (IO/MT),0,1,0
Sett/Veigar (BC/IO),Aatrox/Kayn (RU/RU),0,1,0
Ashe/Tahm Kench (BW/FR),Braum (FR/MT),0,1,0
Morgana/Taric (IO/MT),Braum/Sejuani/Udyr (FR/PZ),0,1,0
Morgana/Taric (IO/MT),Ashe/LeBlanc (FR/NX),0,1,0
Garen (DE/SH),Jax/Tristana (BC/RU),0,1,0
Sett/Veigar (BC/IO),Garen/Poppy (BC/DE),0,1,0
Garen/Poppy (BC/DE),Championless (SI),0,1,0
Akshan/Lee Sin (IO/SH),Garen/Jack (BW/DE),0,1,0
Morgana/Ornn (DE/FR),Ashe/LeBlanc (FR/NX),0,1,0
Sejuani/Swain (FR/NX),Gnar/Neeko (FR/RU),0,1,0
Akshan (PZ/SH),Riven/Viktor (NX/PZ),0,1,0
Nasus/Renekton (SH),Leona/Sett (IO/MT),0,1,0
Leona/Sett (IO/MT),Morgana/Viktor (MT/PZ),0,1,0
Malphite/Sett (IO/MT),Nasus/Thresh (SI/SH),0,1,0
Morgana/Taric (IO/MT),Jayce/Lux (DE/PZ),0,1,0
Morgana/Shyvana (DE/MT),Morgana/Taric (IO/MT),0,1,0
Shyvana (DE/MT),Morgana/Taric (IO/MT),0,1,0
Morgana/Taric (IO/MT),Senna/Veigar (BC/SI),0,1,0
Morgana/Viktor (MT/PZ),Jayce/Lux (DE/PZ),0,1,0
Braum/Janna (FR/PZ),Akshan/Lee Sin (IO/SH),0,1,0
Janna/Yasuo (IO/PZ),Braum/Lillia (FR/IO),0,1,0
Senna/Veigar (BC/SI),Sett/Veigar (BC/IO),0,1,0
Sett/Veigar (BC/IO),Swain (FR/NX),0,1,0
Neeko/Poppy (DE/RU),Vladimir/Yasuo (IO/NX),0,1,0
Ashe/LeBlanc (FR/NX),Rumble/Tristana (BC/NX),0,1,0
Akshan/Lee Sin (IO/SH),Lux/Shen (DE/IO),0,1,0
Rumble/Tristana (BC/NX),Nasus/Thresh (SI/SH),0,1,0
Caitlyn (FR/PZ),Garen/Poppy (DE),0,1,0
Braum/Lillia (FR/IO),Darius/Gnar/Sejuani (FR/NX),0,1,0
Akshan/Sivir (IO/SH),Caitlyn/Swain (NX/PZ),0,1,0
Darius/LeBlanc/Riven (BW/NX),LeBlanc/Udyr (FR/NX),0,1,0
LeBlanc/Udyr (FR/NX),Kayle (MT/SI),0,1,0
Jack/Sett (BW/IO),Akshan/Sivir (IO/SH),0,1,0
LeBlanc/Sivir (NX/SH),Darius/Yasuo (IO/NX),0,1,0
Akshan (PZ/SH),Championless (SI),0,1,0
LeBlanc/Sivir (NX/SH),Swain (BW/NX),0,1,0
Swain (BW/NX),Kalista (SI),0,1,0
Akshan/Sivir (IO/SH),Swain (BW/NX),0,1,0
Braum/Kayle (FR/MT),Jack/Sett (BW/IO),0,1,0
Leona/Yasuo (IO/MT),Galio/Udyr (DE/FR),0,1,0
Lux/Morgana (BC/DE),Galio/Udyr (DE/FR),0,1,0
Akshan/Morgana (MT/SH),LeBlanc/Sivir (NX/SH),0,1,0
Gwen/Kalista (SI),Nasus/Thresh (SI/SH),0,1,0
Gnar/Swain (BC/NX),Darius/LeBlanc/Riven (BW/NX),0,1,0
Akshan/Lee Sin (IO/SH),Ornn/Vayne (DE/FR),0,1,0
Akshan/Braum (FR/SH),Aatrox/Kayn (RU/RU),0,1,0
Gnar/Tristana (BC/SH),Rumble/Sion (BC/NX),0,1,0
Sett/Veigar (BC/IO),Swain/Yasuo (IO/NX),0,1,0
LeBlanc/Sivir (NX/SH),Gnar/Lulu/Neeko/Poppy (BC/RU),0,1,0
Akshan/Lee Sin (IO/SH),Gangplank/Thresh (BW/SI),0,1,0
Aphelios/Tahm Kench (BW/MT),Gnar/Tristana (BC/SI),0,1,0
Aphelios/Viktor (MT/PZ),Braum/Kayle/Morgana (FR/MT),0,1,0
Swain/Udyr (FR/NX),Garen (DE/SH),0,1,0
Shen/Sivir (IO/SH),Swain/Udyr (FR/NX),0,1,0
Darius/LeBlanc/Sivir (NX/SH),Caitlyn/Swain (NX/PZ),0,1,0
Shen/Sivir (IO/SH),Janna/Viktor (IO/PZ),0,1,0
Ashe/Jayce (FR/PZ),Championless (SI),0,1,0
Braum/Lillia (FR/IO),Akshan/Nidalee (PZ/SH),0,1,0
Braum/Lillia (FR/IO),Darius/LeBlanc/Riven (BW/NX),0,1,0
Poppy/Tristana (BC/FR),Braum/Lillia (FR/IO),0,1,0
Ashe/Caitlyn (FR/PZ),Jack/Lillia (BW/IO),0,1,0
Poppy/Tristana (BC/FR),Garen/Poppy (DE),0,1,0
Kayn/Poppy (DE/RU),Senna/Veigar (BC/SI),0,1,0
Aphelios/Yasuo (IO/MT),Akshan/Sivir (IO/SH),0,1,0
Gnar/Tristana (BC/SH),Aphelios/Viktor (MT/PZ),0,1,0
Aatrox/Varus (RU/RU),Gnar/Tristana (BC/SH),0,1,0
Riven/Viktor (NX/PZ),Morgana/Viktor (MT/PZ),0,1,0
Aatrox/Braum (RU/FR),Jayce/Lux (DE/PZ),0,1,0
Illaoi (BW/IO),Aphelios/Viktor (MT/PZ),0,1,0
Rumble (BC/MT),Jayce/Lux (DE/PZ),0,1,0
Braum/Kayle/Morgana (FR/MT),Rumble/Sion (BC/NX),0,1,0
Kalista (SI),Rumble (BC/MT),0,1,0
Lulu/Taric (IO/MT),Kalista (SI),0,1,0
Gangplank/Thresh (BW/SI),Vayne/Vi (DE/PZ),0,1,0
Janna (PZ/SI),Braum/Garen (DE/FR),0,1,0
Janna/Morgana (MT/PZ),LeBlanc/Sivir (NX/SH),0,1,0
Janna/Morgana (MT/PZ),Braum/Garen (DE/FR),0,1,0
Illaoi/Jack (BW/SH),Sett (IO/PZ),0,1,0
Illaoi/Jack (BW/SH),Ashe (FR/PZ),0,1,0
Aatrox/Braum (RU/FR),Maokai/Nautilus (BW/SI),0,1,0
Kayle (BW/MT),Aatrox/Braum (RU/FR),0,1,0
Kalista/Nasus (SI/SH),Aatrox/Braum (RU/FR),0,1,0
Braum/Kayle/Morgana (FR/MT),Akshan/Udyr (FR/SH),0,1,0
Akshan/Nidalee (FR/SH),Nasus (SI/SH),0,1,0
Rumble/Sion (BC/NX),Kayle/Lillia (IO/MT),0,1,0
Jack/Lillia (BW/IO),Galio/Morgana (DE/FR),0,1,0
Nasus (SH),Jack/Lillia (BW/IO),0,1,0
Braum/Vladimir (FR/NX),Jack/Lillia (BW/IO),0,1,0
Sett (IO/SH),Aphelios/Viktor (MT/PZ),0,1,0
Braum/Janna (FR/PZ),Rumble/Sion (BC/NX),0,1,0
Illaoi (BW/MT),Shyvana (DE/MT),0,1,0
Jax/Ornn (FR/RU),Lee Sin/Riven (IO/NX),0,1,0
Jack/Sett (BW/IO),Lux/Sett (DE/IO),0,1,0
Aphelios/Viktor (MT/PZ),Garen/Udyr (DE/FR),0,1,0
Illaoi/Udyr (BW/FR),Rumble/Sion (BC/NX),0,1,0
Kalista (SI),Jack/Lillia (BW/IO),0,1,0
Yasuo (IO/NX),Kalista (SI),0,1,0
Garen/Neeko/Poppy/Shyvana (DE/RU),Kalista (SI),0,1,0
Aatrox/Kayn (RU/RU),Braum/Garen (DE/FR),0,1,0
Braum/Lillia (FR/IO),Lillia/Morgana (IO/MT),0,1,0
Garen (DE/SH),Kalista/Veigar (BC/SI),0,1,0
Akshan/Udyr (FR/SH),Sion (BC/NX),0,1,0
Shen/Sivir (IO/SH),Sion (BC/NX),0,1,0
Sion (BC/NX),Aphelios/Viktor (MT/PZ),0,1,0
Morgana/Udyr (FR/MT),Senna/Veigar (BC/SI),0,1,0
Jack/Lillia (BW/IO),Nidalee (BC/SH),0,1,0
Akshan/Nidalee (FR/SH),Nidalee (BC/SH),0,1,0
Swain (BW/NX),Ashe/LeBlanc (FR/NX),0,1,0
Akshan/Varus (SH/RU),Darius/LeBlanc/Riven (BW/NX),0,1,0
Swain (BW/NX),Senna/Veigar (BC/SI),0,1,0
Jax/Ornn (FR/RU),Ornn/Varus (FR/RU),0,1,0
Akshan/Sivir (MT/SH),Championless (SI),0,1,0
Jack/Sett (BW/IO),Ornn/Varus (FR/RU),0,1,0
Garen/Shyvana (DE/MT),Morgana (BC/MT),0,1,0
Tahm Kench/Udyr (BW/FR),Morgana (BC/MT),0,1,0
Illaoi (BW/SH),Lulu/Poppy (DE/IO),0,1,0
Senna/Veigar (BC/SI),Akshan/Sivir (MT/SH),0,1,0
Ashe (FR/PZ),Jax/Rumble (BC/RU),0,1,0
Ashe (FR/PZ),Gnar/Lulu/Neeko/Poppy (BC/RU),0,1,0
Janna/Malphite (MT/PZ),Gangplank/Sejuani (BW/FR),0,1,0
Kalista (SI),Janna/Malphite (MT/PZ),0,1,0
Janna/Malphite (MT/PZ),Senna/Veigar (BC/SI),0,1,0
Jax/Rumble (BC/RU),Aphelios/Viktor (MT/PZ),0,1,0
Darius/LeBlanc/Riven (BW/NX),Rumble/Sion (BC/NX),0,1,0
Akshan/Nasus (SI/SH),Sett/Veigar (BC/IO),0,1,0
Ashe/Caitlyn (FR/PZ),Sett/Veigar (BC/IO),0,1,0
Illaoi/Swain (BW/NX),Sett/Veigar (BC/IO),0,1,0
Kayn/Riven (RU/NX),Akshan/Varus (SH/RU),0,1,0
Jack/Morgana (BW/DE),Jack/Lillia (BW/IO),0,1,0
Darius/Gnar (FR/NX),Jack/Morgana (BW/DE),0,1,0
Braum/Neeko (FR/RU),Ashe (FR/PZ),0,1,0
Aatrox/Varus (RU/RU),Ashe (FR/PZ),0,1,0
Nasus (SI/SH),Garen/Shyvana (DE/MT),0,1,0
Nasus (SI/SH),Darius/Gwen (NX/SI),0,1,0
Nasus (SI/SH),Gwen/LeBlanc (NX/SI),0,1,0
Jayce/Lux (DE/PZ),Ornn/Varus (FR/RU),0,1,0
Sejuani/Swain (FR/NX),Akshan/Sivir (MT/SH),0,1,0
Akshan/Sivir (MT/SH),Lee Sin/Viktor (IO/PZ),0,1,0
Ashe (FR/PZ),Akshan/Sivir (MT/SH),0,1,0
Akshan/Sivir (MT/SH),Akshan/Nidalee (FR/SH),0,1,0
Championless (SI),Riven/Vladimir (NX/SI),0,1,0
Akshan/Braum (FR/SH),Lee Sin/Viktor (IO/PZ),0,1,0
Akshan/Nidalee (FR/SH),Riven/Viktor (NX/PZ),0,1,0
Gangplank/Sejuani (BW/FR),Akshan/Nidalee (FR/SH),0,1,0
Akshan/Nidalee (FR/SH),Jack/Lillia (BW/IO),0,1,0
Akshan/Nasus (SI/SH),Akshan/Nidalee (FR/SH),0,1,0
Akshan/Taric (MT/SH),Akshan/Nidalee (FR/SH),0,1,0
Braum/Viktor (FR/PZ),Championless (SI),0,1,0
Garen/Ornn (DE/FR),Maokai (BW/SI),0,1,0
Ashe/Lillia (FR/IO),Ashe/LeBlanc (FR/NX),0,1,0
Sion (BC/NX),Darius/Gnar (FR/NX),0,1,0
Braum/Neeko (FR/RU),Senna (PZ/SI),0,1,0
Neeko/Poppy (DE/RU),Akshan/Morgana (MT/SH),0,1,0
Shyvana (DE/MT),Swain (BW/NX),0,1,0
Lulu/Shen (DE/IO),Rumble/Sion (BC/NX),0,1,0
Lulu/Taric (IO/MT),Neeko/Poppy (BC/RU),0,1,0
Kayn/Ornn (FR/RU),Braum/Lillia (FR/IO),0,1,0
Kayn/Ornn (FR/RU),Aatrox/Kayn (RU/RU),0,1,0
Championless (PZ/SI),Kayn/Ornn (FR/RU),0,1,0
Aphelios/Viktor (MT/PZ),Kayn/Ornn (FR/RU),0,1,0
Jax/Ornn (FR/RU),Championless (BW/PZ),0,1,0
Sion (NX/SI),Sion (BC/NX),0,1,0
Janna/Senna (PZ/SI),Gnar/Neeko (FR/RU),0,1,0
Ashe/Janna (FR/PZ),Janna/Senna (PZ/SI),0,1,0
Ornn/Varus (FR/RU),Braum/Vladimir (FR/NX),0,1,0
Ornn/Varus (FR/RU),Ashe (FR/PZ),0,1,0
Lee Sin/Riven (IO/NX),Lee Sin/Viktor (IO/PZ),0,1,0
Yasuo (IO/MT),Ashe (FR/PZ),0,1,0
Poppy/Taric (DE/MT),Shyvana (DE/MT),0,1,0
Kalista (SI),Championless (BW/PZ),0,1,0
Viktor (IO/PZ),Aphelios/Yasuo (IO/MT),0,1,0
Viktor (IO/PZ),Kalista/Vladimir (NX/SI),0,1,0
Braum/Vladimir (FR/NX),Viktor (IO/PZ),0,1,0
Sion (BC/NX),Senna/Veigar (BC/SI),0,1,0
Ashe/Janna (FR/PZ),Riven/Viktor (NX/PZ),0,1,0
Shen/Shyvana (DE/IO),Riven/Viktor (NX/PZ),0,1,0
Lulu/Shen (IO/MT),Garen (DE/SH),0,1,0
Lillia/Morgana (IO/MT),Rumble/Sion (BC/NX),0,1,0
Senna/Veigar (BC/SI),Sion/Thresh (NX/SI),0,1,0
Akshan/Varus (SH/RU),Sejuani/Viktor (FR/PZ),0,1,0
Aphelios/Viktor (MT/PZ),Ornn/Varus (FR/RU),0,1,0
Akshan/Nidalee (FR/SH),Swain/Yasuo (IO/NX),0,1,0
Galio/Morgana/Udyr (DE/FR),Jayce/Lux (DE/PZ),0,1,0
Riven/Viktor (NX/PZ),Galio/Morgana (DE/FR),0,1,0
Galio/Morgana (DE/FR),Malphite/Yasuo (IO/MT),0,1,0
Braum/Lillia (FR/IO),Caitlyn/Janna (PZ/SI),0,1,0
Lillia/Sett (IO/PZ),Ashe (FR/PZ),0,1,0
Gwen/Riven (NX/SI),Sett/Veigar (BC/IO),0,1,0
Nidalee/Sivir (BC/SH),Jayce/Lux (DE/PZ),0,1,0
Rumble/Sion (BC/NX),Illaoi/Swain (BW/NX),0,1,0
Lulu/Shen (IO/MT),Nidalee/Sivir (BC/SH),0,1,0
Nidalee/Sivir (BC/SH),Jax/Rumble (BC/RU),0,1,0
Nidalee/Sivir (BC/SH),Galio/Poppy (DE/IO),0,1,0
Caitlyn (FR/PZ),Galio/Poppy (DE/IO),0,1,0
Championless (BC/BW),Janna/Senna (PZ/SI),0,1,0
Championless (BC/BW),Kalista/Veigar (BC/SI),0,1,0
Akshan/Varus (SH/RU),Championless (BC/BW),0,1,0
Braum/Neeko (FR/RU),Senna/Veigar (BC/SI),0,1,0
Janna/Lux/Viktor (DE/PZ),Senna/Veigar (BC/SI),0,1,0
Nasus (SI/SH),Sion (NX/SI),0,1,0
Riven/Viktor (NX/PZ),Braum/Garen (DE/FR),0,1,0
Galio/Morgana (DE/FR),Braum/Garen (DE/FR),0,1,0
Jax/Ornn (FR/RU),Braum/Garen (DE/FR),0,1,0
Ornn/Varus (FR/RU),Senna/Veigar (BC/SI),0,1,0
Sion/Thresh (NX/SI),Ornn/Varus (FR/RU),0,1,0
Galio/Poppy (DE/IO),Jax/Tristana (BC/RU),0,1,0
Caitlyn/Sion (NX/PZ),Championless (SI),0,1,0
Jayce (IO/PZ),Sett/Veigar (BC/IO),0,1,0
Maokai/Nautilus (BW/SI),Sett/Veigar (BC/IO),0,1,0
Nasus/Thresh (SI/SH),Sett/Veigar (BC/IO),0,1,0
Galio/Poppy (DE/IO),Kalista (SI),0,1,0
Lillia/Morgana (IO/MT),Jayce/Lux (DE/PZ),0,1,0
Maokai (BW/SI),Nasus (SI/SH),0,1,0
Sion (BC/NX),Senna/Veigar (SI),0,1,0
Akshan/Varus (SH/RU),Galio/Poppy (DE/IO),0,1,0
Senna/Veigar (SI),Jax/Ornn (FR/RU),0,1,0
Gangplank/Nidalee (BW/SH),Sion/Thresh (NX/SI),0,1,0
Braum/Lillia (FR/IO),Gangplank (BW/NX),0,1,0
Galio/Poppy (DE/IO),Riven/Viktor (NX/PZ),0,1,0
Ashe/Caitlyn (FR/PZ),Riven/Viktor (NX/PZ),0,1,0
Swain (FR/NX),Darius (FR/NX),0,1,0
Aphelios/Viktor (MT/PZ),Gwen/Sivir (SI/SH),0,1,0
Senna/Veigar (BC/SI),Gwen/Sivir (SI/SH),0,1,0
Ashe/Caitlyn (FR/PZ),Gnar/Neeko (FR/RU),0,1,0
Galio/Morgana (DE/FR),Galio/Poppy (DE/IO),0,1,0
Janna/Viktor (BW/PZ),Sion/Thresh (NX/SI),0,1,0
Jax/Ornn (FR/RU),Janna/Viktor (BW/PZ),0,1,0
Ashe (FR/IO),Braum/Vladimir (FR/NX),0,1,0
Kalista (SI/SH),Nidalee/Sivir (BC/SH),0,1,0
Poppy/Taric (DE/MT),Sejuani/Swain (FR/NX),0,1,0
Kayn/Ornn (FR/RU),Jayce/Lux (DE/PZ),0,1,0
LeBlanc/Sivir (NX/SH),Nidalee/Sivir (BC/SH),0,1,0
Jack/Lillia (BW/IO),Nasus/Renekton (SH),0,1,0
Galio/Poppy (DE/IO),Nasus/Renekton (SH),0,1,0
Jax/Ornn (FR/RU),Jack/Lillia (BW/IO),0,1,0
Nidalee/Sivir (BC/SH),Championless (IO/SI),0,1,0
Gangplank (BW/NX),Nidalee/Sivir (BC/SH),0,1,0
Lillia/Viktor (IO/PZ),Kayn/Ornn (FR/RU),0,1,0
Riven/Viktor (NX/PZ),Kayn/Ornn (FR/RU),0,1,0
Poppy/Taric (DE/MT),Kayn/Ornn (FR/RU),0,1,0
Aphelios/Viktor (MT/PZ),Jack/Lillia (BW/IO),0,1,0
Jack/Lillia (BW/IO),Ashe (FR/PZ),0,1,0
Nasus (SI/SH),Leona/Yasuo (IO/MT),0,1,0
Garen/Poppy (DE),Nasus (SI/SH),0,1,0
Sett (IO/PZ),Gangplank (BW/NX),0,1,0
Sett/Veigar (BC/IO),Nasus (SI/SH),0,1,0
Galio/Poppy (DE/IO),Sett/Veigar (BC/IO),0,1,0
Sett/Veigar (BC/IO),Akshan/Lee Sin (IO/SH),0,1,0
Ashe/Udyr (FR/SI),Senna/Veigar (BC/SI),0,1,0
Janna/Viktor (IO/PZ),Nasus (SI/SH),0,1,0
Kayn/Ornn (FR/RU),Kayle (BW/MT),0,1,0
Janna/Viktor (BW/PZ),Rumble/Sion (BC/NX),0,1,0
Braum/Lillia (FR/IO),Poppy/Tristana (BC/NX),0,1,0
Braum/Lillia (FR/IO),Jax/Vayne (DE/RU),0,1,0
Rumble/Sion/Viktor (NX/PZ),Kayle (BW/MT),0,1,0
Championless (IO/SI),Championless (BC/SI),0,1,0
Akshan (FR/SH),Kayle (BW/MT),0,1,0
Poppy/Taric (DE/MT),Akshan/Kayn (RU/SH),0,1,0
Galio/Poppy (DE/IO),Poppy/Taric (DE/MT),0,1,0
Caitlyn/Kayn (RU/PZ),Poppy/Taric (DE/MT),0,1,0
Garen (DE/SH),Illaoi/Swain (BW/NX),0,1,0
Jayce (PZ/SI),Galio/Poppy (DE/IO),0,1,0
Jax/Vayne (DE/RU),Ashe (FR/PZ),0,1,0
Gangplank/Sejuani (BW/FR),Galio/Poppy (DE/IO),0,1,0
Championless (MT/SI),Nidalee/Sivir (BC/SH),0,1,0
Galio/Poppy (DE/IO),Championless (MT/SI),0,1,0
Nidalee/Sivir (BC/SH),Kayle (BW/MT),0,1,0
Nidalee/Sivir (BC/SH),Sett/Veigar (BC/IO),0,1,0
Nidalee/Sivir (BC/SH),Kayn/Ornn (FR/RU),0,1,0
Braum/Udyr/Vladimir (FR/NX),Akshan/Nidalee (DE/SH),0,1,0
Janna/Viktor (IO/PZ),Braum/Udyr/Vladimir (FR/NX),0,1,0
Galio/Poppy (DE/IO),Braum/Udyr/Vladimir (FR/NX),0,1,0
Braum/Udyr/Vladimir (FR/NX),Jayce/Senna (PZ/SI),0,1,0
Illaoi/Swain (BW/NX),Braum/Udyr/Vladimir (FR/NX),0,1,0
Kayn/Ornn (FR/RU),Galio/Poppy (DE/IO),0,1,0
Caitlyn/Janna (IO/PZ),Kayn/Ornn (FR/RU),0,1,0
Sejuani/Viktor (FR/PZ),Nasus/Thresh (SI/SH),0,1,0
Ashe/LeBlanc (FR/NX),Kayle (DE/MT),0,1,0
Sett/Veigar (BC/IO),Aatrox/Varus (RU/RU),0,1,0
Senna/Viktor (PZ/SI),Sett/Veigar (BC/IO),0,1,0
Sett/Veigar (BC/IO),Riven/Viktor (NX/PZ),0,1,0
Janna (FR/PZ),Rumble/Sion (BC/NX),0,1,0
Nasus/Thresh (SI/SH),Akshan/Garen (DE/SH),0,1,0
Ashe/Sejuani (DE/FR),Jayce/Lux (DE/PZ),0,1,0
Garen/Malphite (DE/MT),Senna/Veigar (BC/SI),0,1,0
Rumble/Viktor (BC/PZ),Galio/Poppy (DE/IO),0,1,0
Aatrox/Varus (RU/RU),Gwen/LeBlanc (NX/SI),0,1,0
Championless (BW/PZ),Gwen/LeBlanc (NX/SI),0,1,0
Illaoi/Swain (BW/NX),Gwen/LeBlanc (NX/SI),0,1,0
Malphite/Yasuo (IO/MT),Akshan/Garen (DE/SH),0,1,0
Kalista (SI),Akshan/Garen (DE/SH),0,1,0
Nasus/Renekton (SH),Galio/Morgana (DE/FR),0,1,0
Gnar/Nidalee (BC/SH),Galio/Poppy (DE/IO),0,1,0
Senna/Veigar (PZ/SI),Championless (MT/SI),0,1,0
Kayn/Ornn (FR/RU),Darius/Gnar (FR/NX),0,1,0
Galio/Udyr (DE/FR),Kayn/Ornn (FR/RU),0,1,0
Kayn/Ornn (FR/RU),Akshan/Nidalee (FR/SH),0,1,0
Ornn/Vayne (DE/FR),Kayn/Ornn (FR/RU),0,1,0
Kayn/Ornn (FR/RU),Maokai (BW/SI),0,1,0
Nasus (SI/SH),Kayn/Ornn (FR/RU),0,1,0
Caitlyn/Swain (NX/PZ),Leona/Sett (IO/MT),0,1,0
Leona/Sett (IO/MT),Akshan/Varus (SH/RU),0,1,0
Leona/Sett (IO/MT),Galio/Udyr (DE/FR),0,1,0
Lulu/Shen (IO/MT),Janna/Senna (PZ/SI),0,1,0
Championless (PZ/SI),Braum/Neeko (FR/RU),0,1,0
Maokai/Nautilus (BW/SI),Lillia/Morgana (IO/MT),0,1,0
Galio/Poppy (DE/IO),Darius/Gnar (FR/NX),0,1,0
Braum/Lillia (FR/IO),Galio/Poppy (DE/IO),0,1,0
Akshan/Nidalee (FR/SH),Garen/Shen (DE/IO),0,1,0
Championless (PZ/SI),Akshan/Nidalee (DE/SH),0,1,0
Championless (MT),Kayn/Ornn (FR/RU),0,1,0
Kayle/Lillia (IO/MT),Shen/Sivir (IO/SH),0,1,0
Kayn/Ornn (FR/RU),Gangplank/Sejuani (BW/FR),0,1,0
Braum/Garen (DE/FR),Galio/Udyr (DE/FR),0,1,0
Akshan/Sivir (FR/SH),Braum/Garen (DE/FR),0,1,0
Braum/Garen (DE/FR),Lulu/Shen (DE/IO),0,1,0
Nasus (SI/SH),Lulu/Shen (DE/IO),0,1,0
Kayle/Lillia (IO/MT),Leona/Yasuo (IO/MT),0,1,0
Jack/Lillia (BW/IO),Neeko/Poppy (DE/RU),0,1,0
Kalista (NX/SI),Nasus/Thresh (SI/SH),0,1,0
Sett/Viktor (IO/PZ),Kalista (SI),0,1,0
Aatrox/Kayn (RU/RU),Neeko/Tristana (BC/RU),0,1,0
Lillia/Tristana (BC/IO),Aatrox/Kayn (RU/RU),0,1,0
Morgana (BC/MT),Garen/Shen (DE/IO),0,1,0
Aphelios/Yasuo (IO/MT),Garen/Shen (DE/IO),0,1,0
Gangplank/Sejuani (BW/FR),Lee Sin/Riven (IO/NX),0,1,0
Kayle (DE/MT),Championless (SI),0,1,0
Kalista (NX/SI),Kayle (DE/MT),0,1,0
Jack/Sett (BW/IO),Galio/Taric (DE/MT),0,1,0
Aphelios/Viktor (MT/PZ),Championpile (FR/SH),0,1,0
Jax/Lillia (IO/RU),Kalista (SI),0,1,0
Morgana/Vayne (DE/PZ),Braum/Lillia (FR/IO),0,1,0
Illaoi/Swain (BW/NX),Akshan/Sivir (DE/SH),0,1,0
Sett/Veigar (BC/IO),Kai'Sa/Viktor (PZ/SH),0,1,0
Sett/Veigar (BC/IO),Gnar/Neeko (FR/RU),0,1,0
Garen/Vayne (DE/FR),Galio/Udyr (DE/FR),0,1,0
Braum/Sejuani/Udyr (FR/PZ),Nasus/Thresh (SI/SH),0,1,0
Swain (BW/NX),Akshan/Nasus (SI/SH),0,1,0
Aatrox/Kayn (RU/RU),Gnar/Neeko (BC/RU),0,1,0
Neeko/Tristana (BC/RU),Kayle (BW/MT),0,1,0
Kai'Sa/Rumble (NX/SH),Neeko/Tristana (BC/RU),0,1,0
Kalista (SI),Neeko/Tristana (BC/RU),0,1,0
Gnar (FR/NX),Garen/Shen (DE/IO),0,1,0
Galio/Garen/Poppy (DE/FR),Kayle (BW/MT),0,1,0
Veigar/Viktor (BC/PZ),Braum/Sejuani/Udyr (FR/PZ),0,1,0
Veigar/Viktor (BC/PZ),Janna/Senna (PZ/SI),0,1,0
Sett/Veigar (BC/IO),Ornn/Varus (FR/RU),0,1,0
Viktor (IO/PZ),Braum/Sejuani/Udyr (FR/PZ),0,1,0
Viktor (IO/PZ),Neeko/Poppy (BC/RU),0,1,0
Jax/Tristana (BC/RU),Viktor (IO/PZ),0,1,0
Braum/Kayle/Morgana (FR/MT),Gwen/Kalista (SI),0,1,0
Ornn/Varus (FR/RU),LeBlanc/Sivir (NX/SH),0,1,0
Caitlyn (FR/PZ),Ornn/Varus (FR/RU),0,1,0
Ornn/Varus (FR/RU),Morgana/Udyr (DE/FR),0,1,0
Garen/Udyr (DE/FR),Neeko/Poppy (DE/RU),0,1,0
Gwen/Kalista (NX/SI),Aphelios/Viktor (MT/PZ),0,1,0
Riven/Viktor (NX/PZ),Gwen/Kalista (SI),0,1,0
Aatrox/Kayn (RU/RU),Gwen/Kalista (SI),0,1,0
Kalista (SI),Lux/Sett (DE/IO),0,1,0
Senna/Veigar (BC/SI),Darius/Sion (NX/SI),0,1,0
Nasus/Thresh (SI/SH),Kai'Sa/Viktor (PZ/SH),0,1,0
Morgana/Riven (MT/NX),Nasus/Thresh (SI/SH),0,1,0
Gwen (FR/SI),Nasus/Thresh (SI/SH),0,1,0
Poppy/Tristana (BC/DE),Braum/Vladimir (FR/NX),0,1,0
Galio/Poppy (DE/FR),Galio/Morgana (DE/FR),0,1,0
Kalista/Senna/Viktor (PZ/SI),Jayce/Lux (DE/PZ),0,1,0
Tristana (BC/DE),Kalista/Senna/Viktor (PZ/SI),0,1,0
Gnar/Swain (BC/NX),Gwen/Kalista (SI),0,1,0
Braum/Kayle/Morgana (FR/MT),Gangplank/Sejuani (BW/FR),0,1,0
Braum/Kayle/Morgana (FR/MT),Akshan/Varus (SH/RU),0,1,0
Tristana (BC/DE),Aphelios/Viktor (MT/PZ),0,1,0
Shyvana (DE/MT),Tristana (BC/DE),0,1,0
Tristana (BC/DE),Akshan/Lee Sin (IO/SH),0,1,0
Gangplank/Sejuani (BW/FR),Tristana (BC/DE),0,1,0
Neeko (BC/RU),Tristana (BC/DE),0,1,0
Caitlyn/Janna/Viktor (NX/PZ),Sett (IO/PZ),0,1,0
Poppy/Tristana (BC/NX),Gwen/Kalista (SI),0,1,0
Ashe/Tahm Kench (BW/FR),Poppy/Tristana (BC/NX),0,1,0
Poppy/Tristana (BC/NX),Caitlyn (FR/PZ),0,1,0
Poppy/Tristana (BC/NX),Ornn/Varus (FR/RU),0,1,0
Riven/Varus (NX/RU),Poppy/Tristana (BC/NX),0,1,0
Malphite/Yasuo (IO/MT),Jayce (PZ/SI),0,1,0
Malphite/Yasuo (IO/MT),Darius/Gnar/LeBlanc (FR/NX),0,1,0
Jax/Sivir (RU/SH),Gwen (FR/SI),0,1,0
Gwen (FR/SI),Jayce/Lux (DE/PZ),0,1,0
Aphelios/Yasuo (IO/MT),Gwen (FR/SI),0,1,0
Darius/Gnar/LeBlanc (FR/NX),Lee Sin/Viktor (IO/PZ),0,1,0
Caitlyn (FR/PZ),Senna/Veigar (BC/SI),0,1,0
Akshan/Udyr (FR/SH),Gwen/Kalista (SI),0,1,0
Aphelios/Viktor (MT/PZ),Akshan/Udyr (FR/SH),0,1,0
Viktor (IO/PZ),Aphelios/Viktor (MT/PZ),0,1,0
Aatrox/Kayn (RU/RU),Viktor (IO/PZ),0,1,0
Caitlyn/Janna (BC/PZ),Jayce/Lux (DE/PZ),0,1,0
Braum/Vladimir (FR/NX),Gwen/Riven (NX/SI),0,1,0
Braum/Kayle/Morgana (FR/MT),Riven/Viktor (NX/PZ),0,1,0
Janna (PZ/SI),Braum/Kayle/Morgana (FR/MT),0,1,0
Aphelios/Riven/Taric (MT/NX),Nasus/Thresh (SI/SH),0,1,0
Ornn/Varus (FR/RU),Gwen/Kalista (SI),0,1,0
Aphelios/Yasuo (IO/MT),Ornn/Varus (FR/RU),0,1,0
Maokai/Nautilus (BW/SI),Darius/Swain (MT/NX),0,1,0
Rumble (BC/NX),Championless (SI),0,1,0
Veigar/Viktor (PZ/SI),Braum/Vladimir (FR/NX),0,1,0
Jax/Ornn (FR/RU),Gwen/Kalista (SI),0,1,0
Championpile (MT/PZ),Maokai/Nautilus (BW/SI),0,1,0
Darius/Gnar/LeBlanc (FR/NX),Braum/Lillia (FR/IO),0,1,0
Ashe/Udyr (FR/SI),Akshan/Lee Sin (IO/SH),0,1,0
Galio/Morgana (DE/FR),Nidalee (BC/SH),0,1,0
Gwen/Kalista (SI),Nidalee (BC/SH),0,1,0
Gwen/Kalista (SI),Jayce/Lux (DE/PZ),0,1,0
Gwen/Kalista (SI),Ashe/LeBlanc (FR/NX),0,1,0
Kayn/Ornn (FR/RU),Akshan/Varus (SH/RU),0,1,0
Viktor (BC/PZ),Kayn/Ornn (FR/RU),0,1,0
Kayn/Ornn (FR/RU),Ashe (FR/SI),0,1,0
Gwen/Kalista (SI),Lillia/Sett (BC/IO),0,1,0
Akshan/Udyr (FR/SH),Lillia/Sett (BC/IO),0,1,0
Braum/Garen (DE/FR),Akshan/Morgana (DE/SH),0,1,0
Neeko/Tristana (BC/RU),Akshan/Varus (SH/RU),0,1,0
Neeko/Tristana (BC/RU),Darius/Gwen (NX/SI),0,1,0
Caitlyn/Swain (NX/PZ),Kayle (MT/SI),0,1,0
Tristana (BC/DE),LeBlanc/Sivir (NX/SH),0,1,0
Tristana (BC/DE),Sion/Thresh (NX/SI),0,1,0
Akshan/Kayn (RU/SH),Malphite/Yasuo (IO/MT),0,1,0
Akshan/Lee Sin (IO/SH),Gwen (FR/SI),0,1,0
Lee Sin/Riven (IO/NX),Braum/Lillia (FR/IO),0,1,0
Akshan/Nidalee (FR/SH),Gwen (FR/SI),0,1,0
Championless (PZ/SI),Gwen (FR/SI),0,1,0
Gwen (FR/SI),Illaoi/Swain (BW/NX),0,1,0
Gwen (FR/SI),Galio/Udyr (DE/FR),0,1,0
Janna/Viktor (IO/PZ),Sett/Veigar (BC/IO),0,1,0
Lee Sin/Viktor (IO/PZ),Ashe (FR/SI),0,1,0
Gwen/Kalista (SI),Jack/Morgana (BW/DE),0,1,0
Lulu/Shen (IO/MT),Gwen/Kalista (SI),0,1,0
Kayle/Lillia (IO/MT),Ashe (FR/SI),0,1,0
Morgana/Udyr (DE/FR),Nautilus (BW/SI),0,1,0
Akshan/Lee Sin (IO/SH),Championless (IO/MT),0,1,0
Akshan/Nidalee (FR/SH),Championless (MT/SI),0,1,0
Viktor (BC/PZ),Championless (MT/SI),0,1,0
Lux/Viktor (DE/PZ),Ashe/LeBlanc (FR/NX),0,1,0
Illaoi/Swain (BW/NX),Sion/Thresh (NX/SI),0,1,0
Gwen/Riven (NX/SI),Akshan/Morgana (MT/SH),0,1,0
Aphelios/Viktor (MT/PZ),Aphelios/Swain (MT/NX),0,1,0
Gnar/LeBlanc (FR/NX),Aphelios/Viktor (MT/PZ),0,1,0
Kayle (MT/SI),Neeko/Poppy (BC/RU),0,1,0
Neeko/Poppy (DE/RU),Neeko/Poppy (BC/RU),0,1,0
Neeko/Poppy (BC/RU),Gangplank/Senna (BW/SI),0,1,0
Kayle/Lillia (IO/MT),Neeko/Poppy (BC/RU),0,1,0
Ashe/Sejuani (FR),Neeko/Poppy (BC/RU),0,1,0
Lulu/Shen (IO/MT),Neeko/Poppy (BC/RU),0,1,0
Championless (BC/BW),Ashe/Sejuani (FR),0,1,0
Kayn/Ornn (FR/RU),Rumble/Sion (BC/NX),0,1,0
Kayn/Ornn (FR/RU),Lulu/Shen/Taric (IO/MT),0,1,0
Braum/Garen (DE/FR),Illaoi/Swain (BW/NX),0,1,0
Gnar/Poppy (BC/FR),Braum/Garen (DE/FR),0,1,0
Gangplank/Sejuani (BW/FR),Gwen/Kalista (SI),0,1,0
LeBlanc/Sivir (NX/SH),Gwen/Kalista (SI),0,1,0
Gwen/Kalista (SI),Janna/Sett (IO/PZ),0,1,0
Kayle/Lillia (IO/MT),Janna/Senna (PZ/SI),0,1,0
Nasus/Senna (SI/SH),Lee Sin/Riven (IO/NX),0,1,0
Ashe (FR/PZ),LeBlanc/Rumble (BC/NX),0,1,0
Gwen (FR/SI),Sion/Thresh (NX/SI),0,1,0
Gwen (FR/SI),Kayle/Lillia (IO/MT),0,1,0
Kayle (MT/SI),Garen/Neeko (DE/RU),0,1,0
Garen/Neeko (DE/RU),Jax/Tristana (BC/RU),0,1,0
Jayce/Lux (DE/PZ),Garen/Neeko (DE/RU),0,1,0
Galio/Poppy (DE),Rumble/Sion (BC/NX),0,1,0
Lee Sin/Viktor (IO/PZ),Jax/Tristana (BC/RU),0,1,0
Jack/Morgana (BW/DE),Akshan/Varus (SH/RU),0,1,0
Sejuani/Swain (FR/NX),Jack/Morgana (BW/DE),0,1,0
Senna/Veigar (PZ/SI),Akshan/Braum (FR/SH),0,1,0
Illaoi (BW/IO),Lulu/Shen (IO/MT),0,1,0
Janna (PZ/SI),Kayle/Lillia (IO/MT),0,1,0
Nasus/Rumble (NX/SH),Senna/Veigar (BC/SI),0,1,0
Aphelios/Swain (MT/NX),Ashe/LeBlanc (FR/NX),0,1,0
Akshan/Ornn (FR/SH),Kayle/Lillia (IO/MT),0,1,0
Viktor (BC/PZ),Ashe/Sejuani (FR),0,1,0
Akshan/Ornn (FR/SH),Kayle (BW/MT),0,1,0
Morgana/Udyr (DE/FR),Akshan/Ornn (FR/SH),0,1,0
Senna/Veigar (BC/SI),Gnar/LeBlanc (FR/NX),0,1,0
Maokai/Nautilus (BW/SI),Gangplank/Senna (BW/SI),0,1,0
Nasus/Thresh (SI/SH),Lulu/Taric (BC/MT),0,1,0
Ashe (FR/SI),Gangplank/Senna (BW/SI),0,1,0
Sejuani/Swain (FR/NX),Aphelios/Swain (MT/NX),0,1,0
Tahm Kench/Taric (BW/MT),Lulu/Taric (BC/MT),0,1,0
Janna/Morgana (MT/PZ),Maokai/Nautilus (BW/SI),0,1,0
Garen/Neeko/Poppy (DE/RU),LeBlanc/Udyr (FR/NX),0,1,0
Akshan/Morgana (MT/SH),Aatrox/Vayne (RU/DE),0,1,0
Lulu/Taric (BC/MT),Senna/Veigar (BC/SI),0,1,0
Akshan/Lee Sin (IO/SH),Lulu/Taric (BC/MT),0,1,0
Rumble/Sion (BC/NX),LeBlanc/Leona (MT/NX),0,1,0
Nasus/Renekton (SH),Darius/LeBlanc/Riven (BW/NX),0,1,0
Neeko/Poppy (BC/RU),Ornn/Varus (FR/RU),0,1,0
Neeko/Poppy (BC/RU),Akshan/Ornn (FR/SH),0,1,0
Jax/Ornn (FR/RU),Neeko/Poppy (BC/RU),0,1,0
Lillia/Sett (IO/PZ),Kayle (BC/MT),0,1,0
Kalista (SI),Galio/Morgana (DE/FR),0,1,0
Kalista/Kayle (MT/SI),Maokai/Nautilus (BW/SI),0,1,0
Gwen (FR/SI),Kai'Sa/Viktor (PZ/SH),0,1,0
Akshan/Varus (SH/RU),Janna/Lillia (IO/PZ),0,1,0
Championless (PZ/SI),Nasus/Renekton (SH),0,1,0
Galio/Morgana/Udyr (DE/FR),Swain/Yasuo (IO/NX),0,1,0
LeBlanc/Sivir (NX/SH),Aatrox/Nasus (RU/SH),0,1,0
Championless (PZ/SI),Jack/Sett (BW/IO),0,1,0
Championless (PZ/SI),Neeko/Renekton (RU/SH),0,1,0
Janna/Senna (PZ/SI),Akshan/Ornn (FR/SH),0,1,0
Sett (IO/PZ),Janna/Senna (PZ/SI),0,1,0
Galio/Poppy (DE/FR),Sett (IO/PZ),0,1,0
Maokai/Nautilus (BW/SI),Gwen (FR/SI),0,1,0
Poppy/Tristana (BC/MT),Gwen (FR/SI),0,1,0
Gwen (FR/SI),Nasus (SI/SH),0,1,0
Poppy/Tristana (BC/BW),Gwen (FR/SI),0,1,0
Gwen (FR/SI),Braum/Vladimir (FR/NX),0,1,0
Nasus (SI/SH),Senna (PZ/SI),0,1,0
Darius/LeBlanc (FR/NX),Aphelios/Viktor (MT/PZ),0,1,0
Akshan/Ornn (FR/SH),Championless (PZ/SI),0,1,0
Kayle/Thresh (MT/SI),Kalista (SI),0,1,0
Viktor (IO/PZ),Gwen (SI),0,1,0
Garen (DE/SH),Viktor (IO/PZ),0,1,0
Viktor (IO/PZ),Darius/Gwen (NX/SI),0,1,0
Nasus (SI/SH),Gwen/Riven (NX/SI),0,1,0
Braum/Vladimir (FR/NX),Nidalee/Viktor (PZ/SH),0,1,0
Sion/Thresh (NX/SI),Nidalee/Viktor (PZ/SH),0,1,0
Swain (FR/NX),Nidalee/Viktor (PZ/SH),0,1,0
Kayle/Lillia (IO/MT),Nidalee/Viktor (PZ/SH),0,1,0
Morgana/Udyr (FR/MT),Gnar/Swain (BC/NX),0,1,0
Akshan/Ornn (FR/SH),Jack/Sett (BW/IO),0,1,0
Nautilus (BW/SI),Jack/Sett (BW/IO),0,1,0
Akshan/Ornn (FR/SH),Riven/Viktor (NX/PZ),0,1,0
Ashe/LeBlanc (FR/NX),Galio/Poppy (DE/IO),0,1,0
Kalista (SI),Akshan/Ornn (FR/SH),0,1,0
Neeko/Poppy (DE/RU),Akshan/Ornn (FR/SH),0,1,0
Kalista/Sion (NX/SI),LeBlanc/Sivir (NX/SH),0,1,0
Lillia/Veigar (BC/IO),Morgana/Udyr (DE/FR),0,1,0
Kai'Sa/Viktor (PZ/SH),Riven/Viktor (NX/PZ),0,1,0
Championpile (FR/IO),Nasus/Thresh (SI/SH),0,1,0
Jax/Ornn (FR/RU),Gwen/Riven (NX/SI),0,1,0
Gwen/Riven (NX/SI),Garen (DE/SH),0,1,0
Ashe (FR/PZ),LeBlanc/Leona (MT/NX),0,1,0
Rumble/Sion (BC/NX),Akshan/Nidalee (FR/SH),0,1,0
LeBlanc/Leona (MT/NX),Aatrox/Kayn (RU/RU),0,1,0
Akshan/Sivir (NX/SH),Kayle (BC/MT),0,1,0
Akshan/Sivir (IO/SH),Lee Sin/Viktor (IO/PZ),0,1,0
LeBlanc/Sivir (NX/SH),Caitlyn (FR/PZ),0,1,0
Caitlyn (FR/PZ),Braum/Garen (DE/FR),0,1,0
Neeko/Poppy (BC/RU),Riven/Varus (NX/RU),0,1,0
Aphelios/Viktor (MT/PZ),Neeko/Poppy (BC/RU),0,1,0
Jax/Vayne (DE/RU),Aatrox/Kayn (RU/RU),0,1,0
Swain/Yasuo (IO/NX),Gwen (FR/SI),0,1,0
Nasus/Rumble (NX/SH),Nasus/Thresh (SI/SH),0,1,0
Galio/Poppy (DE/IO),Nasus/Thresh (SI/SH),0,1,0
Championless (PZ/SI),Kayle (BC/MT),0,1,0
Kayle (BC/MT),Ashe (FR/PZ),0,1,0
Akshan/Udyr (FR/SH),Kayle (BC/MT),0,1,0
Akshan/Udyr (FR/SH),Gangplank/Senna (BW/SI),0,1,0
Gangplank/Senna (BW/SI),Championless (SI),0,1,0
Gangplank/Senna (BW/SI),Ashe/LeBlanc (FR/NX),0,1,0
Gwen (FR/SI),Janna/Senna (PZ/SI),0,1,0
Gwen (FR/SI),Riven/Viktor (NX/PZ),0,1,0
Galio/Morgana (DE/MT),Championless (MT/SI),0,1,0
Galio/Morgana (DE/FR),Braum/Vladimir (FR/NX),0,1,0
Braum/Galio/Udyr (DE/FR),Braum/Vladimir (FR/NX),0,1,0
Akshan (DE/SH),Championless (SI),0,1,0
Galio/Poppy (DE/IO),Neeko/Poppy (DE/RU),0,1,0
Nasus (SI/SH),Nidalee/Viktor (PZ/SH),0,1,0
Championless (MT/SI),Nidalee/Viktor (PZ/SH),0,1,0
Maokai (BW/SI),Nidalee/Viktor (PZ/SH),0,1,0
Lulu/Shen (IO/MT),Ashe (FR/PZ),0,1,0
Akshan/Morgana (DE/SH),Lulu/Shen (IO/MT),0,1,0
Championpile (MT/PZ),Championless (SI),0,1,0
Championless (PZ/SI),Galio/Poppy (DE/IO),0,1,0
Swain (FR/NX),Galio/Udyr (DE/FR),0,1,0
Jax/Ornn (FR/RU),Kayle/Lillia (IO/MT),0,1,0
Nasus/Rumble (NX/SH),Kayle/Lillia (IO/MT),0,1,0
Sejuani/Swain (FR/NX),Akshan/Sivir (IO/SH),0,1,0
Galio/Morgana (DE/MT),Akshan/Sivir (IO/SH),0,1,0
Darius/Gnar (FR/NX),Akshan/Sivir (IO/SH),0,1,0
Kayle (BW/MT),Galio/Poppy (DE/IO),0,1,0
Akshan/Ornn (FR/SH),Galio/Poppy (DE/IO),0,1,0
Lulu/Shen (BC/IO),Championless (SI),0,1,0
Nidalee/Sivir (BC/SH),Ashe (FR/SI),0,1,0
Galio/Malphite (DE/MT),Championless (SI),0,1,0
Darius/Gnar (FR/NX),Kalista/Sion (NX/SI),0,1,0
Ashe/Sejuani (FR/PZ),Nasus/Rumble (NX/SH),0,1,0
Janna/Sett (IO/PZ),Akshan/Nidalee/Sivir (DE/SH),0,1,0
Neeko/Poppy (BC/RU),Championless (MT/SI),0,1,0
Caitlyn (FR/PZ),Nasus/Rumble (NX/SH),0,1,0
Caitlyn (FR/PZ),Nidalee/Viktor (PZ/SH),0,1,0
Caitlyn (FR/PZ),Lillia/Sett (BC/IO),0,1,0
Braum/Neeko (FR/RU),Caitlyn (FR/PZ),0,1,0
Janna/Viktor (BC/PZ),Morgana/Udyr (DE/FR),0,1,0
Lulu/Taric (BC/MT),Janna/Sett (IO/PZ),0,1,0
Gnar/Nidalee (BC/SH),Galio/Morgana (DE/FR),0,1,0
Championless (SI),Nidalee/Viktor (PZ/SH),0,1,0
Nidalee/Viktor (PZ/SH),Vayne/Vi (DE/PZ),0,1,0
Nasus/Thresh (SI/SH),Janna/Viktor (BC/PZ),0,1,0
Lillia/Sett (BC/IO),Ashe (FR/SI),0,1,0
Lillia/Sett (BC/IO),Gwen/Sivir (SI/SH),0,1,0
Senna/Veigar (BC/SI),Ashe/Jayce (FR/PZ),0,1,0
Ashe (FR/PZ),Riven/Yasuo (IO/NX),0,1,0
Sett (IO/SH),Ashe (FR/PZ),0,1,0
Ashe (FR/SI),Ashe (FR/PZ),0,1,0
Kayle (BC/MT),Nidalee/Viktor (PZ/SH),0,1,0
Braum/Vladimir (FR/NX),Galio/Morgana/Udyr (DE/FR),0,1,0
Akshan/Kayn (RU/SH),Braum/Vladimir (FR/NX),0,1,0
LeBlanc/Lillia (IO/NX),Akshan/Varus (SH/RU),0,1,0
Janna/Morgana (MT/PZ),Braum/Lillia (FR/IO),0,1,0
Senna/Veigar (PZ/SI),Akshan/Nidalee (DE/SH),0,1,0
Ashe (FR/SI),Senna/Veigar (PZ/SI),0,1,0
Nasus/Thresh (SI/SH),Janna/Vi/Viktor (BC/PZ),0,1,0
Nidalee/Viktor (PZ/SH),Ashe/Jayce (FR/PZ),0,1,0
LeBlanc/Sivir (NX/SH),Vi/Viktor (NX/PZ),0,1,0
Championless (BC/SI),LeBlanc/Sivir (NX/SH),0,1,0
Lulu/Shen (IO/NX),Kayle (BW/MT),0,1,0
Aphelios/Kayle (FR/MT),Kayle/Lillia (IO/MT),0,1,0
Kayle/Lillia (IO/MT),Lulu/Shen (DE/IO),0,1,0
Taric (MT/PZ),Ashe/LeBlanc (FR/NX),0,1,0
Lulu/Taric (IO/MT),Akshan/Varus (SH/RU),0,1,0
Sion/Thresh (NX/SI),Akshan/Varus (SH/RU),0,1,0
Championpile (FR/IO),Darius/Gnar (FR/NX),0,1,0
Akshan/Nidalee (DE/SH),Maokai/Nautilus (BW/SI),0,1,0
Caitlyn/Janna (PZ/SI),Akshan/Kayn (RU/SH),0,1,0
Galio/Garen/Poppy (DE/FR),Ashe/LeBlanc (FR/NX),0,1,0
Galio/Garen/Poppy (DE/FR),Maokai/Nautilus (BW/SI),0,1,0
Braum/Vladimir (FR/NX),Janna/Vi/Viktor (BC/PZ),0,1,0
Lulu/Taric (BC/MT),Jayce/Lux (DE/PZ),0,1,0
Championless (PZ/SI),Championpile (FR/IO),0,1,0
Lillia/Riven (IO/NX),Akshan/Braum (FR/SH),0,1,0
Kalista/Sion (NX/SI),Aphelios/Viktor (MT/PZ),0,1,0
Gnar/Nidalee (BC/SH),Akshan/Udyr (FR/SH),0,1,0
Maokai/Nautilus (BW/SI),Braum/Garen (DE/FR),0,1,0
Garen/Poppy (DE/PZ),Akshan/Varus (SH/RU),0,1,0
Akshan/Sivir (NX/SH),Kalista (SI),0,1,0
Akshan/Varus (SH/RU),Swain (BW/NX),0,1,0
Ashe/Sejuani (FR/SI),Kayle (BW/MT),0,1,0
Kai'Sa/Sivir (MT/SH),Neeko/Poppy (DE/RU),0,1,0
Championless (MT/SI),Kai'Sa/Sivir (MT/SH),0,1,0
Kalista (SI),Kai'Sa/Sivir (MT/SH),0,1,0
Gnar/Sejuani (FR/PZ),Aphelios/Viktor (MT/PZ),0,1,0
Kayle (BW/MT),Jayce/Swain (NX/PZ),0,1,0
Championless (BC/SI),Aatrox (RU/BW),0,1,0
Aphelios/Viktor (MT/PZ),Jack/Swain (BW/NX),0,1,0
Kayle/Lillia (IO/MT),Championless (FR/SI),0,1,0
Kai'Sa/Viktor (PZ/SH),Senna (PZ/SI),0,1,0
Akshan/Sivir (NX/SH),Gangplank/Gnar (BC/BW),0,1,0
Gangplank/Gnar (BC/BW),Kayle (BW/MT),0,1,0
Darius/Gnar/LeBlanc (FR/NX),Gangplank/Gnar (BC/BW),0,1,0
Senna/Veigar (BC/SI),Gangplank/Gnar (BC/BW),0,1,0
Gangplank/Gnar (BC/BW),Senna (PZ/SI),0,1,0
Aphelios/Morgana/Viktor (MT/PZ),Gangplank/Gnar (BC/BW),0,1,0
Sion/Thresh (NX/SI),Braum/Vladimir (FR/NX),0,1,0
Championless (BW/MT),Senna (PZ/SI),0,1,0
Kai'Sa/Neeko (RU/SH),Illaoi (BW/DE),0,1,0
Gnar/Sejuani (BC/FR),Kalista (BC/SI),0,1,0
Kalista (SI),Lulu/Poppy (BC/NX),0,1,0
Darius/Gwen (NX/SI),Taric (MT),0,1,0
Nasus (SI/SH),Gnar/Neeko (FR/RU),0,1,0
Caitlyn/Jack (BW/PZ),Ashe/LeBlanc (FR/NX),0,1,0
Caitlyn/Swain (NX/PZ),Nidalee/Viktor (PZ/SH),0,1,0
Morgana/Udyr (DE/FR),Championless (BC/SI),0,1,0
Morgana/Udyr (DE/FR),Ashe (FR/NX),0,1,0
Kayle/Lillia (IO/MT),Gnar/Neeko (FR/RU),0,1,0
Akshan/Varus (SH/RU),Vi/Viktor (NX/PZ),0,1,0
Championless (BC/SI),Braum/Lillia (FR/IO),0,1,0
Gangplank/Gnar (BC/BW),Braum/Lillia (FR/IO),0,1,0
Akshan/Nidalee (FR/SH),Caitlyn/Swain (NX/PZ),0,1,0
Akshan/Nidalee (FR/SH),Vi/Viktor (NX/PZ),0,1,0
Akshan/Nidalee/Sivir (DE/SH),Caitlyn/Swain (NX/PZ),0,1,0
Ashe/Jayce (FR/PZ),Nasus/Thresh (SI/SH),0,1,0
Sejuani/Swain (FR/NX),Kalista/Veigar (BC/SI),0,1,0
Galio/Garen/Poppy (DE/FR),Darius/Gnar/LeBlanc (FR/NX),0,1,0
Galio/Garen/Poppy (DE/FR),Riven/Viktor (NX/PZ),0,1,0
Garen/Poppy (DE),Gnar/Sejuani (BC/FR),0,1,0
Championless (IO/MT),LeBlanc/Sivir (NX/SH),0,1,0
LeBlanc/Leona (MT/NX),Nasus/Thresh (SI/SH),0,1,0
Poppy (DE/FR),Nasus/Thresh (SI/SH),0,1,0
LeBlanc/Sivir (NX/SH),Poppy (DE/FR),0,1,0
Darius/Gnar (FR/NX),Poppy (DE/FR),0,1,0
Jayce/Swain (NX/PZ),Garen/Lulu (BC/DE),0,1,0
Ashe (FR/NX),Aphelios/Viktor (MT/PZ),0,1,0
Jayce/Swain (NX/PZ),Aphelios/Viktor (MT/PZ),0,1,0
Jayce/Swain (NX/PZ),Leona/Yasuo (IO/MT),0,1,0
Gnar/Sejuani (BC/FR),Jayce/Swain (NX/PZ),0,1,0
Jayce/Swain (NX/PZ),Braum/Lillia (FR/IO),0,1,0
Senna/Viktor (PZ/SI),Ashe/LeBlanc (FR/NX),0,1,0
Sion/Thresh (NX/SI),Galio/Morgana (DE/FR),0,1,0
Riven/Varus (NX/RU),Galio/Morgana (DE/FR),0,1,0
Ashe (FR/NX),Aatrox/Kayn (RU/RU),0,1,0
Sion/Thresh (NX/SI),Janna/Sett (IO/PZ),0,1,0
Nasus/Thresh (SI/SH),Swain/Yasuo (IO/NX),0,1,0
Ashe (FR/NX),LeBlanc/Sivir (NX/SH),0,1,0
Morgana/Riven (MT/NX),Aatrox/Kayn (RU/RU),0,1,0
Braum/Vladimir (FR/NX),Janna/Viktor (PZ),0,1,0
Kalista (BC/SI),Akshan/Sivir (NX/SH),0,1,0
Ashe (FR/PZ),Kalista (BC/SI),0,1,0
Championless (MT/SI),Kalista (BC/SI),0,1,0
Kalista (BC/SI),Ashe (FR/NX),0,1,0
Galio/Morgana (DE/FR),Aatrox/Kayn (RU/RU),0,1,0
Janna/Kalista (PZ/SI),Akshan/Varus (SH/RU),0,1,0
Senna/Viktor (PZ/SI),Kayle/Lillia (IO/MT),0,1,0
Kayle/Lillia (IO/MT),Nasus/Senna (SI/SH),0,1,0
Kayle/Lillia (IO/MT),Janna/Lillia (IO/PZ),0,1,0
Ashe/Lillia (FR/IO),Akshan/Sivir (NX/SH),0,1,0
Jayce/Senna/Veigar (PZ/SI),Senna/Veigar (PZ/SI),0,1,0
Galio/Morgana/Poppy (DE/FR),Illaoi/Swain (BW/NX),0,1,0
Championless (MT/SI),Janna/Kalista (PZ/SI),0,1,0
Gwen/LeBlanc (NX/SI),Ashe/Vi (FR/PZ),0,1,0
Maokai/Senna (PZ/SI),Gwen/LeBlanc (NX/SI),0,1,0
Akshan/Kai'Sa/Neeko (RU/SH),Braum/Lillia (FR/IO),0,1,0
Akshan/Morgana (DE/SH),Championless (IO/SI),0,1,0
LeBlanc/Vi (NX/PZ),Akshan/Sivir (NX/SH),0,1,0
Leona/Yasuo (IO/MT),Akshan/Sivir (NX/SH),0,1,0
Malphite/Yasuo (IO/MT),Janna/Sett (IO/PZ),0,1,0
Gnar/Sejuani (BC/FR),Swain/Yasuo (IO/NX),0,1,0
Akshan/Taric (MT/SH),Senna (PZ/SI),0,1,0
Darius/Gnar (FR/NX),Riven/Varus (NX/RU),0,1,0
LeBlanc/Vi (NX/PZ),Riven/Viktor (NX/PZ),0,1,0
Braum/Vladimir (FR/NX),Jayce/Senna/Veigar (PZ/SI),0,1,0
LeBlanc/Vi (NX/PZ),Ashe (FR/PZ),0,1,0
Akshan/Nidalee/Sivir (DE/SH),Aatrox/Kayn (RU/RU),0,1,0
Akshan/Nidalee (FR/SH),Aatrox/Kayn (RU/RU),0,1,0
Taric (MT),Aatrox (RU/BW),0,1,0
Lee Sin/Viktor (IO/PZ),Akshan/Lillia (IO/SH),0,1,0
Akshan/Lillia (IO/SH),Ashe (FR/PZ),0,1,0
Janna/Sett (IO/PZ),Gnar/Sejuani (BC/FR),0,1,0
Ashe (FR/NX),Kayle (BW/MT),0,1,0
Championless (SI),Taric (MT),0,1,0
Taric (MT),Jack/Sett (BW/IO),0,1,0
Taric (MT),Maokai/Nautilus (BW/SI),0,1,0
Braum/Udyr (FR/PZ),Maokai/Nautilus (BW/SI),0,1,0
Ashe (FR/NX),Maokai/Nautilus (BW/SI),0,1,0
Viktor (NX/PZ),Jayce/Lux (DE/PZ),0,1,0
Sejuani/Swain (FR/NX),Aphelios/Viktor (MT/PZ),0,1,0
Rumble/Viktor (BC/PZ),Garen/Shen (DE/IO),0,1,0
Janna/Ryze (PZ/RU),Rumble/Viktor (BC/PZ),0,1,0
Rumble/Viktor (BC/PZ),LeBlanc/Sivir (NX/SH),0,1,0
Sivir (FR/SH),Rumble/Viktor (BC/PZ),0,1,0
Shyvana/Taric (DE/MT),Sejuani/Swain (FR/NX),0,1,0
Shyvana/Taric (DE/MT),Kayle (BW/MT),0,1,0
Nasus/Thresh (SI/SH),Kalista (MT/SI),0,1,0
Kayle/Shyvana (DE/MT),Akshan/Nidalee (DE/SH),0,1,0
Akshan/Nidalee (DE/SH),Kai'Sa/Viktor (PZ/SH),0,1,0
Kai'Sa/Lillia (IO/SH),Akshan/Nidalee (FR/SH),0,1,0
Akshan/Nidalee (FR/SH),Sejuani/Swain (FR/NX),0,1,0
Morgana/Udyr (DE/FR),Braum/Udyr (FR/PZ),0,1,0
Sejuani/Swain (FR/NX),Nidalee (BC/SH),0,1,0
Kai'Sa/Lillia (IO/SH),Darius/Gnar (FR/NX),0,1,0
Kayle (BC/MT),LeBlanc/Sivir (NX/SH),0,1,0
Championless (FR/SI),Nasus/Renekton (SH),0,1,0
Nasus/Renekton (FR/SH),Aatrox (RU/BW),0,1,0
Lee Sin/Riven (IO/NX),Akshan/Sivir (NX/SH),0,1,0
Gwen/Riven (NX/SI),Akshan/Sivir (NX/SH),0,1,0
Aatrox (RU/BW),Lee Sin/Riven (IO/NX),0,1,0
Aatrox (RU/BW),Galio/Poppy (DE/FR),0,1,0
Jax/Ornn (FR/RU),Galio/Poppy (DE/FR),0,1,0
Gnar/Swain (BC/NX),Championless (FR/SI),0,1,0
Jax/Tristana (BC/RU),Championless (FR/SI),0,1,0
Akshan/Lee Sin (IO/SH),Championless (FR/SI),0,1,0
Akshan/Kayn (RU/SH),Aphelios/Viktor (MT/PZ),0,1,0
Gangplank/Gnar (BC/BW),Janna (PZ/SI),0,1,0
Aatrox/Kayn (RU/RU),Jax/Tristana (BC/RU),0,1,0
Poppy/Taric (DE/MT),Renekton (SH),0,1,0
Kai'Sa/Rumble (NX/SH),Nidalee/Viktor (PZ/SH),0,1,0
Aatrox/Varus (RU/RU),Braum/Lillia (FR/IO),0,1,0
Aatrox/Varus (RU/RU),Jack/Sett (BW/IO),0,1,0
Garen/Shen (DE/IO),Jack/Sett (BW/IO),0,1,0
Udyr/Vladimir (FR/NX),Jack/Sett (BW/IO),0,1,0
Akshan/Nidalee (DE/SH),Senna/Veigar (BC/SI),0,1,0
Garen/Poppy (DE/MT),Morgana/Udyr (DE/FR),0,1,0
Gwen/Thresh (BW/SI),Galio/Udyr (DE/FR),0,1,0
Gwen/LeBlanc (NX/SI),Nidalee/Sivir (IO/SH),0,1,0
Aphelios/Viktor (MT/PZ),Rumble/Sion (NX/SH),0,1,0
Lillia/Sett (BC/IO),Darius/LeBlanc/Riven (BW/NX),0,1,0
Darius/LeBlanc/Riven (BW/NX),Ashe/LeBlanc (FR/NX),0,1,0
Jayce/Lux (DE/PZ),Braum/Udyr/Vladimir (FR/NX),0,1,0
Championless (FR/SI),Championless (MT/SI),0,1,0
Garen/Morgana (DE/FR),Tristana (BC/DE),0,1,0
Morgana/Riven (MT/NX),Tristana (BC/DE),0,1,0
Garen/Shen (DE/IO),Tristana (BC/DE),0,1,0
Nidalee (BC/SH),Tristana (BC/DE),0,1,0
Tristana (BC/DE),Kai'Sa/Lillia (IO/SH),0,1,0
Tristana (BC/DE),Ashe (FR/PZ),0,1,0
Neeko/Tristana (BC/RU),Akshan/Lee Sin (IO/SH),0,1,0
Aatrox/Poppy/Vayne (RU/DE),Neeko/Tristana (BC/RU),0,1,0
Championless (FR/IO),Championless (PZ/SI),0,1,0
Rumble/Sion (NX/SH),Senna/Veigar (BC/SI),0,1,0
Morgana/Riven (MT/NX),Jack/Morgana (BW/DE),0,1,0
Championless (MT/SI),Janna/Viktor (IO/PZ),0,1,0
Championless (MT/SI),Jayce (PZ/SI),0,1,0
Kalista (SI),Aatrox/Nasus (RU/SH),0,1,0
Kayle (BW/MT),Braum/Sejuani/Udyr (FR/PZ),0,1,0
Lulu/Shen (BC/IO),Maokai/Nautilus (BW/SI),0,1,0
Sejuani/Swain/Vladimir (FR/NX),Senna/Veigar (BC/SI),0,1,0
Lillia/Viktor (IO/PZ),Garen/Poppy (BC/DE),0,1,0
Nasus/Thresh (SI/SH),Garen/Poppy (BC/DE),0,1,0
Tristana (BC/DE),Nidalee/Sivir (BC/SH),0,1,0
Aatrox (RU/BW),Galio/Udyr (DE/FR),0,1,0
Riven/Viktor (NX/PZ),Aatrox/Vayne (RU/DE),0,1,0
Rumble/Vayne (DE/NX),Gwen/Riven (NX/SI),0,1,0
Gwen/Riven (NX/SI),Janna/Sett (IO/PZ),0,1,0
Riven/Varus (NX/RU),Kayn/Ornn (FR/RU),0,1,0
Lulu/Tristana (BC/DE),Jayce/Lux (DE/PZ),0,1,0
Kalista/Yasuo (IO/SI),Jax/Ornn (FR/RU),0,1,0
Leona/Yasuo (IO/MT),Jax/Ornn (FR/RU),0,1,0
Gnar/Neeko (FR/RU),Morgana/Ornn (DE/FR),0,1,0
Braum/Kayle/Morgana (FR/MT),Gnar/Neeko (FR/RU),0,1,0
Lulu/Tristana (BC/DE),Ashe/LeBlanc (FR/NX),0,1,0
Morgana/Ornn (DE/FR),Tristana (BC/DE),0,1,0
Braum/Galio (DE/FR),Tristana (BC/DE),0,1,0
Kayle (BW/MT),Tristana (BC/DE),0,1,0
Lulu/Shen (BC/IO),Braum/Vladimir (FR/NX),0,1,0
Janna/Senna (PZ/SI),Garen/Poppy (BC/DE),0,1,0
Jax/Tristana (BC/RU),Senna/Veigar (BC/SI),0,1,0
Neeko/Poppy (DE/RU),Jax/Tristana (BC/RU),0,1,0
Rumble/Sion (NX/SH),Riven/Viktor (NX/PZ),0,1,0
Janna/Viktor (PZ),Rumble/Sion (NX/SH),0,1,0
Gangplank/Sejuani (BW/FR),Morgana/Riven (MT/NX),0,1,0
Garen/Morgana (DE/FR),Championless (SI),0,1,0
Gwen/Riven (NX/SI),Shen/Sivir (IO/SH),0,1,0
Lulu/Shen (IO/MT),Garen/Udyr (DE/FR),0,1,0
Kai'Sa/Sivir (NX/SH),Championless (SI),0,1,0
Braum/Lillia (FR/IO),Janna/Malphite (MT/PZ),0,1,0
Garen/Udyr (DE/FR),Lee Sin/Riven (IO/NX),0,1,0
Maokai/Nautilus (BW/SI),Aatrox/Nasus (RU/SH),0,1,0
Shyvana (DE/MT),Aatrox/Nasus (RU/SH),0,1,0
Jax/Kai'Sa/Sivir (RU/SH),Galio/Udyr (DE/FR),0,1,0
Kai'Sa/Lillia (IO/SH),Sejuani/Swain (FR/NX),0,1,0
Morgana/Ornn (DE/FR),LeBlanc/Sivir (NX/SH),0,1,0
Garen/Kayle (DE/MT),Morgana/Udyr (DE/FR),0,1,0
Jayce/Senna/Veigar (PZ/SI),Garen/Lux (DE/PZ),0,1,0
Jayce/Senna/Veigar (PZ/SI),Tahm Kench/Udyr (BW/FR),0,1,0
Leona (DE/MT),Senna/Veigar (BC/SI),0,1,0
Braum/Lee Sin/Lillia (FR/IO),Aatrox/Kayn (RU/RU),0,1,0
Aphelios/Tahm Kench (BW/MT),Senna/Veigar (BC/SI),0,1,0
Gwen/Illaoi (BW/SI),Aphelios/Tahm Kench (BW/MT),0,1,0
Lillia/Vayne (DE/IO),Nasus/Rumble (NX/SH),0,1,0
Gwen/Riven (NX/SI),Lillia/Malphite (IO/MT),0,1,0
Garen/Poppy (BC/DE),Morgana/Udyr (DE/FR),0,1,0
Garen/Udyr (DE/FR),Garen/Poppy (BC/DE),0,1,0
Morgana/Ornn (DE/FR),Championless (SI),0,1,0
Braum/Udyr (FR),Lillia/Sett (BC/IO),0,1,0
Braum/Lillia (FR/IO),Lillia/Veigar (BC/IO),0,1,0
Akshan/Nidalee (DE/SH),Braum/Lillia (FR/IO),0,1,0
Senna/Veigar (BC/SI),Braum/Garen (DE/FR),0,1,0
Braum/Udyr (BW/FR),Riven/Viktor (NX/PZ),0,1,0
Jayce (IO/PZ),Aatrox/Kayn (RU/RU),0,1,0
Caitlyn/Udyr (FR/PZ),Riven/Viktor (NX/PZ),0,1,0
Galio/Poppy (DE/FR),Poppy/Taric (DE/MT),0,1,0
Senna/Veigar (BC/SI),Garen/Jayce (DE/PZ),0,1,0
Kayle/Leona (MT/NX),Lulu/Poppy (DE/IO),0,1,0
Akshan/Lillia (IO/SH),Braum/Lillia (FR/IO),0,1,0
Braum/Ornn (DE/FR),Ashe/LeBlanc (FR/NX),0,1,0
Braum/Janna (FR/PZ),Ashe/LeBlanc (FR/NX),0,1,0
Gangplank/Thresh (BW/SI),Sion/Thresh (NX/SI),0,1,0
Senna/Veigar (BC/SI),Darius/LeBlanc/Riven (BW/NX),0,1,0
Kalista/Thresh (NX/SI),Neeko/Poppy (DE/RU),0,1,0
Darius/Gwen (NX/SI),Kai'Sa/Sivir (IO/SH),0,1,0
Janna (BW/PZ),Lillia/Sett (BC/IO),0,1,0
Akshan/Morgana (DE/SH),Janna (BW/PZ),0,1,0
Sejuani/Swain (FR/NX),Akshan/Udyr (FR/SH),0,1,0
Braum/Udyr (DE/FR),Lee Sin/Viktor (IO/PZ),0,1,0
Sejuani (BC/FR),Rumble/Sion (BC/NX),0,1,0
Ashe/LeBlanc (FR/NX),Gwen/Ornn (FR/SI),0,1,0
Gnar/Neeko (FR/RU),Ashe (FR/NX),0,1,0
Championless (IO/PZ),Akshan/Nasus/Renekton (SH),0,1,0
Sett (IO/PZ),Ashe (FR/NX),0,1,0
Jax/Tristana (BC/RU),Rumble/Sion (NX/SH),0,1,0
Senna (PZ/SI),Sion/Thresh (NX/SI),0,1,0
Rumble/Sion (NX/SH),Maokai/Nautilus (BW/SI),0,1,0
Rumble/Sion (NX/SH),Jax/Ornn (FR/RU),0,1,0
Rumble/Sion (NX/SH),Shen/Sivir (IO/SH),0,1,0
Braum/Ornn (DE/FR),Kayle (BW/MT),0,1,0
Rumble/Sion (BC/NX),Braum/Ornn (DE/FR),0,1,0
Braum/Ornn (DE/FR),Gwen/Riven (NX/SI),0,1,0
Aatrox/Varus (RU/RU),Championless (PZ/SI),0,1,0
Championless (MT/SI),Gwen/Riven (NX/SI),0,1,0
Ashe (FR/NX),Gwen/Riven (NX/SI),0,1,0
Lillia/Morgana (IO/MT),Riven/Viktor (NX/PZ),0,1,0
Caitlyn/Udyr (FR/PZ),Braum/Vladimir (FR/NX),0,1,0
Sion/Thresh (NX/SI),Darius/Gnar/LeBlanc (FR/NX),0,1,0
Lux/Shen (DE/IO),Maokai/Nautilus (BW/SI),0,1,0
Maokai/Nautilus (BW/SI),Championless (BC/SI),0,1,0
Braum/Udyr (FR),Championless (SI),0,1,0
Ashe (FR/SI),Neeko/Poppy (DE/RU),0,1,0
Ashe/Tahm Kench (BW/FR),Riven/Viktor (NX/PZ),0,1,0
Darius/Gnar/LeBlanc (FR/NX),Aphelios/Viktor (MT/PZ),0,1,0
Malphite/Yasuo (IO/MT),Leona/Yasuo (IO/MT),0,1,0
Kalista (NX/SI),Morgana/Udyr (DE/FR),0,1,0
Kalista (MT/SI),Kalista (NX/SI),0,1,0
Championless (FR/SI),Maokai/Nautilus (BW/SI),0,1,0
Morgana/Udyr (DE/FR),Championless (FR/SI),0,1,0
Darius/Gnar/LeBlanc (FR/NX),Aatrox/Kayn (RU/RU),0,1,0
Gnar/Swain (BC/NX),Sion/Thresh (NX/SI),0,1,0
Riven/Yasuo (IO/NX),Morgana/Udyr (DE/FR),0,1,0
Senna/Veigar (BC/SI),Janna/Morgana (MT/PZ),0,1,0
Championpile (MT/PZ),Nasus/Thresh (SI/SH),0,1,0
Gnar/Lulu (BC/IO),Senna/Veigar (BC/SI),0,1,0
Nasus/Thresh (SI/SH),Riven/Yasuo (IO/NX),0,1,0
Maokai/Nautilus (BW/SI),Braum/Udyr (FR/SH),0,1,0
Morgana/Udyr (DE/FR),Garen/Neeko/Poppy (DE/RU),0,1,0
Riven/Viktor (NX/PZ),Akshan/Morgana (DE/SH),0,1,0
Jayce/Senna/Veigar (PZ/SI),Maokai/Nautilus (BW/SI),0,1,0
Jayce/Senna/Veigar (PZ/SI),Kayle (BW/MT),0,1,0
Kayle/Lillia (IO/MT),Championless (MT/SI),0,1,0
Senna/Veigar (BC/SI),Akshan/Sivir (IO/SH),0,1,0
Ashe/Sejuani (FR),Swain/Vladimir (FR/NX),0,1,0
Gwen/Riven (NX/SI),Darius/Gwen (NX/SI),0,1,0
Lulu/Taric (IO/MT),Lillia/Morgana (IO/MT),0,1,0
Nasus/Senna (SI/SH),Darius/Gnar/LeBlanc (FR/NX),0,1,0
Jayce (IO/PZ),Sion/Thresh (NX/SI),0,1,0
Lillia/Morgana (IO/MT),Tahm Kench/Udyr (BW/FR),0,1,0
Garen (DE),Nidalee (BC/SH),0,1,0
Ashe (FR/PZ),Leona (MT/SH),0,1,0
Senna (PZ/SI),Leona (MT/SH),0,1,0
Shyvana/Taric (DE/MT),Leona/Yasuo (IO/MT),0,1,0
Darius/LeBlanc/Riven (BW/NX),Morgana/Udyr (DE/FR),0,1,0
Senna/Veigar (BC/SI),Nasus/Renekton/Sivir (SH),0,1,0
Gnar/LeBlanc (FR/NX),Aatrox/Kayn (RU/RU),0,1,0
Lulu/Poppy (BC/NX),Braum/Garen (DE/FR),0,1,0
Kalista/Veigar (BC/SI),Akshan/Nasus/Renekton (SH),0,1,0
Ashe/Lillia (FR/IO),Morgana/Udyr (DE/FR),0,1,0
Braum/Lillia (FR/IO),Renekton (SH),0,1,0
Ashe (FR/PZ),Jax/Riven (RU/NX),0,1,0
Braum/Vladimir (FR/NX),Braum/Tahm Kench (BW/FR),0,1,0
Garen/Udyr (DE/FR),Braum/Vladimir (FR/NX),0,1,0
Sejuani/Swain (FR/NX),Maokai/Nautilus (BW/SI),0,1,0
Jack/Sett (BW/IO),Rumble/Sion (NX/SH),0,1,0
Maokai (BW/SI),Nasus/Renekton/Sivir (SH),0,1,0
Ashe/Sejuani (FR/NX),Viktor (IO/PZ),0,1,0
Viktor (IO/PZ),LeBlanc/Sivir (NX/SH),0,1,0
Poppy/Shen (DE/IO),Senna/Veigar (BC/SI),0,1,0
Lux/Udyr (DE/FR),Championless (MT/SI),0,1,0
Jack/Ornn (BW/FR),Shen/Sivir (IO/SH),0,1,0
Jack/Sett (BW/IO),Kalista (MT/SI),0,1,0
Jack/Sett (BW/IO),Caitlyn/Janna (BC/PZ),0,1,0
Kalista/Veigar (BC/SI),Jack/Sett (BW/IO),0,1,0
Akshan/Sivir (IO/SH),Janna/Sett (IO/PZ),0,1,0
Morgana/Udyr (DE/FR),Championless (FR/NX),0,1,0
Gnar/Sejuani (BC/FR),Darius/Gwen (NX/SI),0,1,0
Garen (DE/SH),Gnar/Sejuani (BC/FR),0,1,0
Garen/Jayce (DE/PZ),Senna/Veigar (PZ/SI),0,1,0
Caitlyn/Janna (BC/PZ),Janna/Viktor (IO/PZ),0,1,0
Viktor (IO/PZ),Braum/Lillia (FR/IO),0,1,0
Ornn/Vayne (DE/FR),Nidalee (BC/SH),0,1,0
Championpile (FR/SH),Kayle (BW/MT),0,1,0
Kayle (BW/MT),Nasus/Renekton/Sivir (SH),0,1,0
Gwen/LeBlanc (NX/SI),Udyr/Viktor (FR/PZ),0,1,0
Braum/Tahm Kench (BW/FR),LeBlanc/Udyr (FR/NX),0,1,0
Kayle (BW/MT),Rumble/Sivir (NX/SH),0,1,0
Kai'Sa/Sivir (MT/SH),Janna/Sett (IO/PZ),0,1,0
Garen/Poppy (DE/PZ),Championless (SI),0,1,0
Jayce/Lux (DE/PZ),Gnar/Nidalee (FR/SH),0,1,0
Kayle (BW/MT),Darius/Gnar/LeBlanc (FR/NX),0,1,0
Garen/Poppy (DE/SH),Braum/Vladimir (FR/NX),0,1,0
Braum/Udyr (FR/NX),Ashe (FR/NX),0,1,0
Gwen (NX/SI),Poppy/Tristana (BC/DE),0,1,0
Poppy/Tristana (BC/DE),Senna (PZ/SI),0,1,0
LeBlanc/Udyr (FR/NX),Lillia/Sett (BC/IO),0,1,0
Sion/Thresh (NX/SI),Morgana/Udyr (DE/FR),0,1,0
Jax/Tristana (BC/RU),Braum/Lillia (FR/IO),0,1,0
Aatrox/Varus (RU/RU),Shyvana/Taric (DE/MT),0,1,0
Kayle/Shyvana (DE/MT),Gwen/Thresh (NX/SI),0,1,0
Kayle (DE/MT),Shyvana (DE/MT),0,1,0
Akshan/Sivir (DE/SH),Braum/Vladimir (FR/NX),0,1,0
Aphelios/Viktor (MT/PZ),Sion/Thresh (NX/SI),0,1,0
Renekton (SH),Kayle (BW/MT),0,1,0
Gnar/Nidalee (FR/SH),Kayle (BW/MT),0,1,0
Senna/Veigar (PZ/SI),Gnar/Nidalee (FR/SH),0,1,0
Neeko/Sivir (RU/SH),Nasus/Thresh (SI/SH),0,1,0
Championless (BC/PZ),Viktor (IO/PZ),0,1,0
Championless (FR/NX),Sett (IO/PZ),0,1,0
Senna/Veigar (BC/SI),Garen/Leona (DE/MT),0,1,0
Braum/Vladimir (FR/NX),Galio/Poppy (DE/IO),0,1,0
LeBlanc (MT/NX),Braum/Vladimir (FR/NX),0,1,0
Morgana (DE/MT),Ashe/LeBlanc (FR/NX),0,1,0
Riven/Vladimir (NX/SI),Lee Sin/Viktor (IO/PZ),0,1,0
Akshan/Varus (SH/RU),Gnar/Nidalee (FR/SH),0,1,0
Gwen (NX/SI),Akshan/Sivir (IO/SH),0,1,0
Akshan/Morgana (MT/SH),Akshan/Sivir (IO/SH),0,1,0
Braum/Lillia (FR/IO),Akshan/Sivir (IO/SH),0,1,0
Swain (NX/PZ),Illaoi/Swain (BW/NX),0,1,0
Janna (PZ/SI),Illaoi/Swain (BW/NX),0,1,0
Illaoi/Swain (BW/NX),Gwen/Morgana (MT/SI),0,1,0
Ashe/LeBlanc (FR/NX),Lee Sin/Yasuo (IO/MT),0,1,0
Renekton (SH),Gnar/Nidalee (FR/SH),0,1,0
Poppy/Riven/Rumble (BC/NX),Gnar/Nidalee (FR/SH),0,1,0
Gnar/Nidalee (FR/SH),Riven/Vladimir (NX/SI),0,1,0
Gnar/Sejuani (BC/FR),Jax/Ornn (FR/RU),0,1,0
Poppy/Riven/Rumble (BC/NX),Jax/Taric (RU/MT),0,1,0
Kalista/Thresh (PZ/SI),Ashe/LeBlanc (FR/NX),0,1,0
Championless (IO/SI),Ashe (FR/PZ),0,1,0
Akshan/Kayn (RU/SH),Championless (IO/SI),0,1,0
Akshan/Morgana (MT/SH),Championless (IO/SI),0,1,0
Gwen/Thresh (NX/SI),Maokai/Nautilus (BW/SI),0,1,0
Sion/Thresh (NX/SI),Championless (BC/SI),0,1,0
Championless (FR/NX),Sion/Thresh (NX/SI),0,1,0
Garen/Poppy (BW/DE),Sion/Thresh (NX/SI),0,1,0
LeBlanc/Sivir (NX/SH),Garen/Lulu (BC/DE),0,1,0
Janna (PZ/SH),Jayce/Lux (DE/PZ),0,1,0
Braum/Udyr (FR/SH),Kalista (SI),0,1,0
Championless (BC/BW),Nasus (SI/SH),0,1,0
Swain (FR/NX),Akshan/Varus (SH/RU),0,1,0
Shyvana (DE/MT),Nidalee/Sivir (BC/SH),0,1,0
Caitlyn/Janna (PZ/SI),Rumble/Sion (BC/NX),0,1,0
Janna (NX/PZ),Maokai/Nautilus (BW/SI),0,1,0
Lux/Udyr (DE/FR),Ashe/LeBlanc (FR/NX),0,1,0
Sion/Thresh (NX/SI),Championless (MT/SI),0,1,0
Kayle (BW/MT),Jax (BC/RU),0,1,0
Taric (MT),LeBlanc/Sivir (NX/SH),0,1,0
Braum/Poppy (BC/FR),Braum/Vladimir (FR/NX),0,1,0
Taric (MT),Renekton (SH),0,1,0
Aatrox/Vayne (RU/DE),Championless (MT/SI),0,1,0
Kai'Sa/Rumble (NX/SH),Kayle (BW/MT),0,1,0
Viktor (IO/PZ),Gnar/Neeko (FR/RU),0,1,0
Yasuo (IO/MT),Viktor (IO/PZ),0,1,0
Shen/Sivir (IO/SH),Jayce (PZ/SI),0,1,0
Maokai/Nautilus (BW/SI),Caitlyn/Janna (PZ/SI),0,1,0
Championless (BC/IO),Maokai/Nautilus (BW/SI),0,1,0
Nasus/Senna (SI/SH),Nidalee/Viktor (PZ/SH),0,1,0
Championless (FR/NX),Aatrox/Kayn (RU/RU),0,1,0
Nasus (SI/SH),Kai'Sa/Rumble (NX/SH),0,1,0
Caitlyn/Janna (PZ/SI),Nasus (SI/SH),0,1,0
Kayle (BW/MT),Swain/Udyr (FR/NX),0,1,0
Championless (BC/PZ),Shen/Sivir (IO/SH),0,1,0
Championless (MT/SI),Ashe/Caitlyn (FR/PZ),0,1,0
Janna (NX/PZ),Championless (MT/SI),0,1,0
Janna (PZ/SH),Championless (MT/SI),0,1,0
Janna/Lillia (IO/PZ),Championless (MT/SI),0,1,0
Caitlyn/Janna (PZ/SI),Championless (MT/SI),0,1,0
Janna (PZ/SH),Braum/Vladimir (FR/NX),0,1,0
Swain/Udyr (FR/NX),Akshan/Varus (SH/RU),0,1,0
Kai'Sa/Rumble (NX/SH),Championless (BW/FR),0,1,0
Akshan/Nidalee (FR/SH),Malphite/Yasuo (IO/MT),0,1,0
Ashe (FR/PZ),Braum/Poppy (BC/FR),0,1,0
Rumble/Sion (BC/NX),Braum/Poppy (BC/FR),0,1,0
Braum/Poppy (BC/FR),Akshan/Lee Sin (IO/SH),0,1,0
Championless (MT/NX),Braum/Poppy (BC/FR),0,1,0
Jayce/Swain (NX/PZ),Gnar/Nidalee (BC/SH),0,1,0
Aphelios/Morgana/Viktor (MT/PZ),Akshan/Varus (SH/RU),0,1,0
Caitlyn (FR/PZ),Neeko (FR/RU),0,1,0
Darius/Lulu/Poppy (BC/NX),Galio/Morgana (DE/FR),0,1,0
Galio/Morgana (DE/FR),Ashe/Lillia (FR/IO),0,1,0
Jack/Sett (BW/IO),Galio/Morgana (DE/FR),0,1,0
Shen/Sivir (IO/SH),Sejuani/Swain (FR/NX),0,1,0
Malphite/Yasuo (IO/MT),Swain/Udyr (FR/NX),0,1,0
Sion/Thresh (NX/SI),Janna (PZ/SI),0,1,0
Swain/Udyr (FR/NX),Braum/Vladimir (FR/NX),0,1,0
Vayne/Vi (DE/PZ),Braum/Vladimir (FR/NX),0,1,0
Braum/Garen/Udyr (DE/FR),Braum/Kayle (FR/MT),0,1,0
Braum/Garen/Udyr (DE/FR),Shen/Sivir (IO/SH),0,1,0
Akshan/Varus (SH/RU),Braum/Garen/Udyr (DE/FR),0,1,0
Championless (MT/SI),Gnar/Nidalee (BC/SH),0,1,0
Lulu/Shen (IO/NX),Senna (PZ/SI),0,1,0
Neeko/Poppy (DE/RU),Ashe/Janna (FR/PZ),0,1,0
Kalista (SI),Nidalee/Viktor (PZ/SH),0,1,0
Nasus (SI/SH),Jax/Tristana (BC/RU),0,1,0
Janna/Ryze (PZ/RU),Ashe/Janna (FR/PZ),0,1,0
Ashe/Janna (FR/PZ),Akshan/Viktor (PZ/SH),0,1,0
Ashe/Janna (FR/PZ),Championless (SI),0,1,0
Gwen/Vayne (DE/SI),Akshan/Riven (NX/SH),0,1,0
Akshan/Sivir (IO/SH),Championless (MT/SI),0,1,0
Sejuani/Swain (FR/NX),Braum/Lillia (FR/IO),0,1,0
Braum/Poppy (BC/FR),Kalista/Sion (NX/SI),0,1,0
Akshan/Renekton (SH),Akshan/Sivir (IO/SH),0,1,0
Viktor (BC/PZ),Akshan/Sivir (IO/SH),0,1,0
Akshan/Sivir (IO/SH),Gnar/Neeko (FR/RU),0,1,0
Darius/Yasuo (IO/NX),Senna/Veigar (PZ/SI),0,1,0
Malphite/Yasuo (IO/MT),Darius/LeBlanc (FR/NX),0,1,0
Championless (BC/MT),Braum/Vladimir (FR/NX),0,1,0
Udyr (FR/NX),Braum/Vladimir (FR/NX),0,1,0
Braum/Lillia (FR/IO),Aphelios/Riven/Taric (MT/NX),0,1,0
Braum/Poppy (BC/FR),Kalista (SI),0,1,0
Kalista (MT/SI),Shyvana/Udyr (DE/FR),0,1,0
Braum/Poppy (BC/FR),Janna (FR/PZ),0,1,0
LeBlanc/Sivir (NX/SH),Lulu/Shen (IO/MT),0,1,0
Janna/Varus (PZ/RU),Aatrox/Kayn (RU/RU),0,1,0
Galio/Udyr (DE/FR),Morgana (MT/PZ),0,1,0
Gangplank (BC/BW),Aatrox/Leona (RU/MT),0,1,0
Janna/Viktor (PZ/SI),Akshan/Lee Sin (IO/SH),0,1,0
Morgana (MT/PZ),Nasus/Thresh (SI/SH),0,1,0
Jayce/Lux (DE/PZ),Galio/Garen (DE/IO),0,1,0
Ashe/LeBlanc (FR/NX),Akshan/Sivir (DE/SH),0,1,0
Championless (BW/PZ),Ashe/Shen (FR/IO),0,1,0
Galio/Garen (DE/IO),Sejuani/Swain (FR/NX),0,1,0
Swain/Yasuo (IO/NX),Galio/Garen (DE/IO),0,1,0
Braum/Garen/Udyr (DE/FR),Morgana/Udyr (DE/FR),0,1,0
Swain/Udyr (FR/NX),Braum/Lillia (FR/IO),0,1,0
Kalista (MT/SI),Braum/Lillia (FR/IO),0,1,0
Braum/Lillia (FR/IO),Shyvana/Vayne (DE/MT),0,1,0
Aatrox/Kayn (RU/RU),Akshan/Sivir (DE/SH),0,1,0
Janna/Malphite (MT/PZ),Nidalee (BC/SH),0,1,0
Aphelios/Janna (MT/PZ),Shen/Sivir (IO/SH),0,1,0
Braum/Vladimir (FR/NX),Akshan/Lillia (IO/SH),0,1,0
Morgana (MT/PZ),Galio/Poppy (DE/IO),0,1,0
Ashe/Senna (FR/SI),Morgana/Udyr (DE/FR),0,1,0
Ashe (FR/PZ),Janna/Viktor (PZ/SI),0,1,0
Nidalee (BC/SH),Janna/Viktor (PZ/SI),0,1,0
Rumble/Sion (BC/NX),Morgana (MT/PZ),0,1,0
Jax/Poppy (DE/RU),Braum/Lillia (FR/IO),0,1,0
Championless (IO/PZ),Braum/Lillia (FR/IO),0,1,0
Gwen/Kalista (SI),Akshan/Nidalee (FR/SH),0,1,0
Jayce/Vi (PZ/SI),Maokai/Nautilus (BW/SI),0,1,0
Swain/Udyr (FR/NX),Kalista (MT/SI),0,1,0
Ashe/Vi (FR/PZ),Lulu/Shen (DE/IO),0,1,0
Sejuani/Swain (FR/NX),Aatrox (RU/BW),0,1,0
Jax/Ornn (FR/RU),Aatrox (RU/BW),0,1,0
Shyvana/Taric (DE/MT),Akshan/Varus (SH/RU),0,1,0
Ryze/Viktor (PZ/RU),Nasus/Thresh (SI/SH),0,1,0
Akshan/Lillia (IO/SH),Ryze/Viktor (PZ/RU),0,1,0
Swain/Udyr (FR/NX),Braum/Garen (DE/FR),0,1,0
Gwen/LeBlanc (NX/SI),Akshan/Renekton (FR/SH),0,1,0
Jack/Viktor (BW/PZ),Gwen/LeBlanc (NX/SI),0,1,0
Garen/Sivir (DE/SH),Akshan/Varus (SH/RU),0,1,0
Shyvana/Taric (DE/MT),Nidalee (BC/SH),0,1,0
Akshan/Braum (FR/SH),LeBlanc/Sion (NX/SI),0,1,0
Garen/Leona (DE/MT),Janna/Sett (IO/PZ),0,1,0
Udyr/Vladimir (FR/NX),Ashe/LeBlanc (FR/NX),0,1,0
Ashe/LeBlanc (FR/NX),Ashe/Vi (FR/PZ),0,1,0
Kalista/Sion (NX/SI),Janna/Sett (IO/PZ),0,1,0
Kayle/Shyvana (DE/MT),Riven/Vi/Viktor (NX/PZ),0,1,0
Janna/Viktor (PZ/SI),Championless (SI),0,1,0
Janna/Lillia (IO/PZ),Lillia/Sett (BC/IO),0,1,0
Swain/Udyr (FR/NX),Lillia/Sett (BC/IO),0,1,0
Jax (BC/RU),Riven/Viktor (NX/PZ),0,1,0
Janna/Viktor (IO/PZ),Lee Sin/Viktor (IO/PZ),0,1,0
Braum/Udyr/Vladimir (FR/NX),Darius/Gnar/Sejuani (FR/NX),0,1,0
Rumble/Tristana (BC/NX),Janna/Viktor (IO/PZ),0,1,0
Rumble/Tristana (BC/NX),Poppy/Riven (BC/NX),0,1,0
Jack (BW/SI),Gwen/Riven (NX/SI),0,1,0
Aatrox/Varus (RU/RU),Rumble/Sion (BC/NX),0,1,0
Senna/Veigar (BC/SI),Ryze/Viktor (PZ/RU),0,1,0
Ryze/Viktor (PZ/RU),Championless (SI),0,1,0
Ryze/Viktor (PZ/RU),Gwen/LeBlanc (NX/SI),0,1,0
Riven/Vayne (DE/NX),Gangplank/Sejuani (BW/FR),0,1,0
Jack (BW/SI),Jax (BC/RU),0,1,0
Jax (BC/RU),Ashe/LeBlanc (FR/NX),0,1,0
Ashe (FR/PZ),Akshan/Braum (FR/SH),0,1,0
Nasus/Senna (SI/SH),Janna/Viktor (IO/PZ),0,1,0
Renekton (SH),Nasus/Renekton (SH),0,1,0
Morgana/Udyr (DE/FR),Gwen/Sion (NX/SI),0,1,0
Neeko/Nidalee (RU/SH),Braum/Vladimir (FR/NX),0,1,0
Garen/Poppy (BC/DE),Maokai/Nautilus (BW/SI),0,1,0
Poppy/Riven (BC/NX),Darius/Gnar/Sejuani (FR/NX),0,1,0
Gnar/Nidalee (BC/SH),Ashe/LeBlanc (FR/NX),11,29,0.379310344827586
Maokai/Nautilus (BW/SI),Kalista (SI),11,29,0.379310344827586
Ashe/LeBlanc (FR/NX),Gnar/Nidalee (BC/SH),18,29,0.620689655172414
Kalista (SI),Maokai/Nautilus (BW/SI),18,29,0.620689655172414
Gnar/Nidalee (BC/SH),Darius/Gnar (FR/NX),5,10,0.5
Darius/Gnar (FR/NX),Gnar/Nidalee (BC/SH),5,10,0.5
Championless (SI),Poppy/Riven (BC/NX),5,10,0.5
Poppy/Riven (BC/NX),Championless (SI),5,10,0.5
Galio/Udyr (DE/FR),Lee Sin/Viktor (IO/PZ),5,10,0.5
Lee Sin/Viktor (IO/PZ),Galio/Udyr (DE/FR),5,10,0.5
Kayle (BW/MT),Aphelios/Lee Sin (IO/MT),5,10,0.5
Aphelios/Lee Sin (IO/MT),Kayle (BW/MT),5,10,0.5
Garen (DE/SH),Kayle (BW/MT),5,10,0.5
Kayle (BW/MT),Garen (DE/SH),5,10,0.5
Aphelios/Viktor (MT/PZ),Aatrox/Kayn (RU/RU),5,10,0.5
Aatrox/Kayn (RU/RU),Aphelios/Viktor (MT/PZ),5,10,0.5
Janna/Sett (IO/PZ),Braum/Vladimir (FR/NX),5,10,0.5
Braum/Vladimir (FR/NX),Janna/Sett (IO/PZ),5,10,0.5
Kalista (SI),Championless (SI),50,75,0.666666666666667
Championless (SI),Kalista (SI),25,75,0.333333333333333
Kalista (SI),Sett (IO/PZ),5,8,0.625
Maokai/Nautilus (BW/SI),Poppy/Riven (BC/NX),5,8,0.625
Akshan/Lee Sin (IO/SH),Poppy/Riven (BC/NX),5,8,0.625
Kayle (BW/MT),Poppy/Taric (DE/MT),5,8,0.625
Gangplank/Sejuani (BW/FR),Jack/Sett (BW/IO),5,8,0.625
Riven/Viktor (NX/PZ),Gangplank/Sejuani (BW/FR),5,8,0.625
Akshan/Varus (SH/RU),Gwen/LeBlanc (NX/SI),5,8,0.625
Aatrox/Kayn (RU/RU),Jack/Sett (BW/IO),5,8,0.625
Championless (SI),Kalista/LeBlanc (NX/SI),5,8,0.625
Darius (FR/NX),Akshan/Varus (SH/RU),5,8,0.625
Nasus/Senna (SI/SH),Ashe/LeBlanc (FR/NX),5,8,0.625
Akshan/Varus (SH/RU),Aphelios/Lee Sin (IO/MT),5,8,0.625
Garen (DE/SH),Senna/Veigar (BC/SI),5,8,0.625
Akshan/Varus (SH/RU),Senna (PZ/SI),5,8,0.625
Sett (IO/PZ),Aatrox/Kayn (RU/RU),5,8,0.625
Ashe/LeBlanc (FR/NX),Akshan/Udyr (FR/SH),5,8,0.625
Janna (PZ/SI),Maokai/Nautilus (BW/SI),5,8,0.625
Galio/Udyr (DE/FR),Darius/Gnar (FR/NX),5,8,0.625
Nasus (SI/SH),Akshan/Lee Sin (IO/SH),5,8,0.625
Kalista (SI),Jax/Ornn (FR/RU),5,8,0.625
Championless (SI),Akshan/Renekton (SH),5,8,0.625
Ashe (FR/PZ),Senna/Veigar (PZ/SI),5,8,0.625
Championless (SI),Gwen (NX/SI),5,8,0.625
Braum/Vladimir (FR/NX),Shen/Sivir (IO/SH),5,8,0.625
Janna/Sett (IO/PZ),Gwen/Vayne (DE/SI),5,8,0.625
Senna/Veigar (PZ/SI),Ashe/LeBlanc (FR/NX),5,8,0.625
Senna/Veigar (PZ/SI),Senna/Veigar (BC/SI),5,8,0.625
Sett (IO/PZ),Kalista (SI),3,8,0.375
Poppy/Riven (BC/NX),Maokai/Nautilus (BW/SI),3,8,0.375
Poppy/Riven (BC/NX),Akshan/Lee Sin (IO/SH),3,8,0.375
Poppy/Taric (DE/MT),Kayle (BW/MT),3,8,0.375
Jack/Sett (BW/IO),Gangplank/Sejuani (BW/FR),3,8,0.375
Gangplank/Sejuani (BW/FR),Riven/Viktor (NX/PZ),3,8,0.375
Gwen/LeBlanc (NX/SI),Akshan/Varus (SH/RU),3,8,0.375
Jack/Sett (BW/IO),Aatrox/Kayn (RU/RU),3,8,0.375
Kalista/LeBlanc (NX/SI),Championless (SI),3,8,0.375
Akshan/Varus (SH/RU),Darius (FR/NX),3,8,0.375
Ashe/LeBlanc (FR/NX),Nasus/Senna (SI/SH),3,8,0.375
Aphelios/Lee Sin (IO/MT),Akshan/Varus (SH/RU),3,8,0.375
Senna/Veigar (BC/SI),Garen (DE/SH),3,8,0.375
Senna (PZ/SI),Akshan/Varus (SH/RU),3,8,0.375
Aatrox/Kayn (RU/RU),Sett (IO/PZ),3,8,0.375
Akshan/Udyr (FR/SH),Ashe/LeBlanc (FR/NX),3,8,0.375
Maokai/Nautilus (BW/SI),Janna (PZ/SI),3,8,0.375
Darius/Gnar (FR/NX),Galio/Udyr (DE/FR),3,8,0.375
Akshan/Lee Sin (IO/SH),Nasus (SI/SH),3,8,0.375
Jax/Ornn (FR/RU),Kalista (SI),3,8,0.375
Akshan/Renekton (SH),Championless (SI),3,8,0.375
Senna/Veigar (PZ/SI),Ashe (FR/PZ),3,8,0.375
Gwen (NX/SI),Championless (SI),3,8,0.375
Shen/Sivir (IO/SH),Braum/Vladimir (FR/NX),3,8,0.375
Gwen/Vayne (DE/SI),Janna/Sett (IO/PZ),3,8,0.375
Ashe/LeBlanc (FR/NX),Senna/Veigar (PZ/SI),3,8,0.375
Senna/Veigar (BC/SI),Senna/Veigar (PZ/SI),3,8,0.375
Gnar/Nidalee (BC/SH),Championless (SI),19,35,0.542857142857143
Championless (SI),Gnar/Nidalee (BC/SH),16,35,0.457142857142857
Maokai/Nautilus (BW/SI),Janna/Sett (IO/PZ),16,28,0.571428571428571
Riven/Viktor (NX/PZ),Darius/Gnar (FR/NX),16,28,0.571428571428571
Janna/Sett (IO/PZ),Maokai/Nautilus (BW/SI),12,28,0.428571428571429
Darius/Gnar (FR/NX),Riven/Viktor (NX/PZ),12,28,0.428571428571429
Darius/Gangplank (BW/NX),Ashe (FR/PZ),1,2,0.5
Ashe (FR/PZ),Darius/Gangplank (BW/NX),1,2,0.5
Championless (SI/SH),Gnar/Nidalee (BC/SH),1,2,0.5
Gnar/Nidalee (BC/SH),Championless (SI/SH),1,2,0.5
Morgana/Udyr (FR/MT),Kayle (BW/MT),1,2,0.5
Kayle (BW/MT),Morgana/Udyr (FR/MT),1,2,0.5
Darius/Gangplank (BW/NX),Maokai/Nautilus (BW/SI),1,2,0.5
Maokai/Nautilus (BW/SI),Darius/Gangplank (BW/NX),1,2,0.5
Akshan/Varus (SH/RU),Ashe/Senna (FR/SI),1,2,0.5
Ashe/Senna (FR/SI),Akshan/Varus (SH/RU),1,2,0.5
Championless (SI),Garen (DE),1,2,0.5
Garen (DE),Championless (SI),1,2,0.5
Leona/Yasuo (IO/MT),Neeko/Poppy (DE/RU),1,2,0.5
Neeko/Poppy (DE/RU),Leona/Yasuo (IO/MT),1,2,0.5
Aatrox/Morgana (RU/DE),Poppy/Taric (DE/MT),1,2,0.5
Poppy/Taric (DE/MT),Aatrox/Morgana (RU/DE),1,2,0.5
Aatrox/Morgana (RU/DE),Lee Sin/Viktor (IO/PZ),1,2,0.5
Lee Sin/Viktor (IO/PZ),Aatrox/Morgana (RU/DE),1,2,0.5
Darius/Gnar (FR/NX),Tristana/Veigar (BC/SI),1,2,0.5
Tristana/Veigar (BC/SI),Darius/Gnar (FR/NX),1,2,0.5
Championless (BC/IO),Sett (IO/PZ),1,2,0.5
Sett (IO/PZ),Championless (BC/IO),1,2,0.5
Riven/Viktor (NX/PZ),Morgana/Taric (DE/MT),1,2,0.5
Morgana/Taric (DE/MT),Riven/Viktor (NX/PZ),1,2,0.5
Illaoi/Swain (BW/NX),Galio/Udyr (DE/FR),1,2,0.5
Galio/Udyr (DE/FR),Illaoi/Swain (BW/NX),1,2,0.5
Senna/Veigar (BC/SI),Gwen/Janna (PZ/SI),1,2,0.5
Gwen/Janna (PZ/SI),Senna/Veigar (BC/SI),1,2,0.5
Senna/Veigar (BC/SI),Braum (FR/MT),1,2,0.5
Braum (FR/MT),Senna/Veigar (BC/SI),1,2,0.5
Nasus/Renekton (SH),Aatrox/Morgana (RU/DE),1,2,0.5
Aatrox/Morgana (RU/DE),Nasus/Renekton (SH),1,2,0.5
Illaoi/Udyr (BW/FR),Aatrox/Morgana (RU/DE),1,2,0.5
Aatrox/Morgana (RU/DE),Illaoi/Udyr (BW/FR),1,2,0.5
Sion/Vladimir (FR/NX),Lee Sin/Viktor (IO/PZ),1,2,0.5
Lee Sin/Viktor (IO/PZ),Sion/Vladimir (FR/NX),1,2,0.5
Lee Sin/Viktor (IO/PZ),Gwen/Kalista (NX/SI),1,2,0.5
Gwen/Kalista (NX/SI),Lee Sin/Viktor (IO/PZ),1,2,0.5
Akshan/Varus (SH/RU),Gangplank/Gnar (BC/BW),1,2,0.5
Gangplank/Gnar (BC/BW),Akshan/Varus (SH/RU),1,2,0.5
Gangplank/Gnar (BC/BW),Janna/Sett (IO/PZ),1,2,0.5
Janna/Sett (IO/PZ),Gangplank/Gnar (BC/BW),1,2,0.5
Janna/Lee Sin/Viktor (IO/PZ),Ashe/LeBlanc (FR/NX),1,2,0.5
Ashe/LeBlanc (FR/NX),Janna/Lee Sin/Viktor (IO/PZ),1,2,0.5
Gangplank/Gnar (BC/BW),Morgana/Udyr (DE/FR),1,2,0.5
Morgana/Udyr (DE/FR),Gangplank/Gnar (BC/BW),1,2,0.5
Akshan/Lee Sin (IO/SH),Gangplank/Gnar (BC/BW),1,2,0.5
Gangplank/Gnar (BC/BW),Akshan/Lee Sin (IO/SH),1,2,0.5
Ashe (FR/PZ),Poppy/Tristana (BC/SI),1,2,0.5
Poppy/Tristana (BC/SI),Ashe (FR/PZ),1,2,0.5
Malphite/Yasuo (IO/MT),Braum/Vladimir (FR/NX),1,2,0.5
Braum/Vladimir (FR/NX),Malphite/Yasuo (IO/MT),1,2,0.5
LeBlanc/Rumble/Sion (IO/NX),Ashe/LeBlanc (FR/NX),1,2,0.5
Ashe/LeBlanc (FR/NX),LeBlanc/Rumble/Sion (IO/NX),1,2,0.5
Shyvana/Taric (DE/MT),Darius/Gnar (FR/NX),1,2,0.5
Darius/Gnar (FR/NX),Shyvana/Taric (DE/MT),1,2,0.5
Malphite/Yasuo (IO/MT),Nasus (SI/SH),1,2,0.5
Nasus (SI/SH),Malphite/Yasuo (IO/MT),1,2,0.5
Nasus/Senna (SI/SH),Morgana/Taric (DE/MT),1,2,0.5
Morgana/Taric (DE/MT),Nasus/Senna (SI/SH),1,2,0.5
Galio/Poppy (DE/FR),Aatrox/Kayn (RU/RU),1,2,0.5
Aatrox/Kayn (RU/RU),Galio/Poppy (DE/FR),1,2,0.5
Maokai/Nautilus (BW/SI),Galio/Poppy (DE/FR),1,2,0.5
Galio/Poppy (DE/FR),Maokai/Nautilus (BW/SI),1,2,0.5
Lee Sin/Viktor (IO/PZ),Poppy/Riven (BC/NX),1,2,0.5
Poppy/Riven (BC/NX),Lee Sin/Viktor (IO/PZ),1,2,0.5
Morgana/Taric (DE/MT),Poppy/Riven (BC/NX),1,2,0.5
Poppy/Riven (BC/NX),Morgana/Taric (DE/MT),1,2,0.5
Jayce/Lux (DE/PZ),Senna (BW/SI),1,2,0.5
Senna (BW/SI),Jayce/Lux (DE/PZ),1,2,0.5
Senna/Veigar (BC/SI),Championless (SI/SH),1,2,0.5
Championless (SI/SH),Senna/Veigar (BC/SI),1,2,0.5
Janna/Lee Sin/Viktor (IO/PZ),Braum/Vladimir (FR/NX),1,2,0.5
Braum/Vladimir (FR/NX),Janna/Lee Sin/Viktor (IO/PZ),1,2,0.5
Leona/Malphite (IO/MT),Akshan/Varus (SH/RU),1,2,0.5
Akshan/Varus (SH/RU),Leona/Malphite (IO/MT),1,2,0.5
Rumble/Vayne (DE/NX),Kayle (BW/MT),1,2,0.5
Kayle (BW/MT),Rumble/Vayne (DE/NX),1,2,0.5
Malphite/Yasuo (IO/MT),Gwen/Kalista (FR/SI),1,2,0.5
Gwen/Kalista (FR/SI),Malphite/Yasuo (IO/MT),1,2,0.5
Jayce/Lux (DE/PZ),Gwen/Kalista (FR/SI),1,2,0.5
Gwen/Kalista (FR/SI),Jayce/Lux (DE/PZ),1,2,0.5
Poppy/Tristana (BC/SI),Maokai (BW/SI),1,2,0.5
Maokai (BW/SI),Poppy/Tristana (BC/SI),1,2,0.5
Kalista (SI),Championless (SI/SH),1,2,0.5
Championless (SI/SH),Kalista (SI),1,2,0.5
Nidalee (BC/SH),Swain/Yasuo (IO/NX),1,2,0.5
Swain/Yasuo (IO/NX),Nidalee (BC/SH),1,2,0.5
Riven/Rumble (BC/NX),Gwen/Vayne (DE/SI),1,2,0.5
Gwen/Vayne (DE/SI),Riven/Rumble (BC/NX),1,2,0.5
Championless (BC/SI),Championless (PZ/SI),1,2,0.5
Championless (PZ/SI),Championless (BC/SI),1,2,0.5
Kai'Sa/Viktor (PZ/SH),Jayce/Lux (DE/PZ),1,2,0.5
Jayce/Lux (DE/PZ),Kai'Sa/Viktor (PZ/SH),1,2,0.5
Darius/Gnar/LeBlanc (FR/NX),Lillia/Ryze (IO/RU),1,2,0.5
Lillia/Ryze (IO/RU),Darius/Gnar/LeBlanc (FR/NX),1,2,0.5
Illaoi/Udyr (BW/FR),LeBlanc/Sivir (NX/SH),1,2,0.5
LeBlanc/Sivir (NX/SH),Illaoi/Udyr (BW/FR),1,2,0.5
Jayce/Lux (DE/PZ),Aatrox/Akshan (RU/SH),1,2,0.5
Aatrox/Akshan (RU/SH),Jayce/Lux (DE/PZ),1,2,0.5
Championless (SI),Gnar/Tristana (BC/BW),1,2,0.5
Gnar/Tristana (BC/BW),Championless (SI),1,2,0.5
Akshan/Varus (SH/RU),Kai'Sa/Sivir/Viktor (PZ/SH),1,2,0.5
Kai'Sa/Sivir/Viktor (PZ/SH),Akshan/Varus (SH/RU),1,2,0.5
Kayle (BW/MT),Kalista/Sion (NX/SI),1,2,0.5
Kalista/Sion (NX/SI),Kayle (BW/MT),1,2,0.5
Garen/Kayle (DE/MT),Championless (PZ/SI),1,2,0.5
Championless (PZ/SI),Garen/Kayle (DE/MT),1,2,0.5
Malphite/Yasuo (IO/MT),Nasus/Thresh (SI/SH),1,2,0.5
Nasus/Thresh (SI/SH),Malphite/Yasuo (IO/MT),1,2,0.5
Illaoi/Udyr (BW/FR),Kayle (BW/MT),1,2,0.5
Kayle (BW/MT),Illaoi/Udyr (BW/FR),1,2,0.5
Lee Sin/Viktor (IO/PZ),Braum/Galio (DE/FR),1,2,0.5
Braum/Galio (DE/FR),Lee Sin/Viktor (IO/PZ),1,2,0.5
Kalista/LeBlanc (NX/SI),Jayce/Lux (DE/PZ),1,2,0.5
Jayce/Lux (DE/PZ),Kalista/LeBlanc (NX/SI),1,2,0.5
Malphite (BW/MT),Maokai/Nautilus (BW/SI),1,2,0.5
Maokai/Nautilus (BW/SI),Malphite (BW/MT),1,2,0.5
Morgana/Udyr (DE/FR),Kalista/LeBlanc (NX/SI),1,2,0.5
Kalista/LeBlanc (NX/SI),Morgana/Udyr (DE/FR),1,2,0.5
Morgana/Taric (DE/MT),Nasus/Renekton (SH),1,2,0.5
Nasus/Renekton (SH),Morgana/Taric (DE/MT),1,2,0.5
Lillia (FR/IO),Rumble/Vayne (DE/NX),1,2,0.5
Rumble/Vayne (DE/NX),Lillia (FR/IO),1,2,0.5
Darius/LeBlanc (FR/NX),Championless (PZ/SI),1,2,0.5
Championless (PZ/SI),Darius/LeBlanc (FR/NX),1,2,0.5
Darius/LeBlanc (FR/NX),Darius/LeBlanc (FR/NX),1,2,0.5
Janna/Viktor (MT/PZ),Malphite/Yasuo (IO/MT),1,2,0.5
Malphite/Yasuo (IO/MT),Janna/Viktor (MT/PZ),1,2,0.5
Janna/Lee Sin/Viktor (IO/PZ),Lillia/Sett (IO/SH),1,2,0.5
Lillia/Sett (IO/SH),Janna/Lee Sin/Viktor (IO/PZ),1,2,0.5
LeBlanc/Sivir (NX/SH),Lillia/Sett (IO/SH),1,2,0.5
Lillia/Sett (IO/SH),LeBlanc/Sivir (NX/SH),1,2,0.5
Championless (IO/PZ),Championless (SI),1,2,0.5
Championless (SI),Championless (IO/PZ),1,2,0.5
Poppy/Tristana (BC/SI),Braum/Vladimir (FR/NX),1,2,0.5
Braum/Vladimir (FR/NX),Poppy/Tristana (BC/SI),1,2,0.5
Braum/Gnar (FR/IO),Sett (IO/PZ),1,2,0.5
Sett (IO/PZ),Braum/Gnar (FR/IO),1,2,0.5
Aatrox/Morgana (RU/DE),LeBlanc/Rumble/Sion (IO/NX),1,2,0.5
LeBlanc/Rumble/Sion (IO/NX),Aatrox/Morgana (RU/DE),1,2,0.5
Gangplank (BW/NX),Jayce/Lux (DE/PZ),1,2,0.5
Jayce/Lux (DE/PZ),Gangplank (BW/NX),1,2,0.5
LeBlanc/Rumble/Sion (IO/NX),Lee Sin/Viktor (IO/PZ),1,2,0.5
Lee Sin/Viktor (IO/PZ),LeBlanc/Rumble/Sion (IO/NX),1,2,0.5
Nasus/Thresh (SI/SH),Morgana/Taric (DE/MT),1,2,0.5
Morgana/Taric (DE/MT),Nasus/Thresh (SI/SH),1,2,0.5
Gwen/Kalista (FR/SI),Lee Sin/Viktor (IO/PZ),1,2,0.5
Lee Sin/Viktor (IO/PZ),Gwen/Kalista (FR/SI),1,2,0.5
Poppy/Taric (DE/MT),Braum/Vladimir (FR/NX),1,2,0.5
Braum/Vladimir (FR/NX),Poppy/Taric (DE/MT),1,2,0.5
Braum/Garen (DE/FR),Jayce/Lux (DE/PZ),1,2,0.5
Jayce/Lux (DE/PZ),Braum/Garen (DE/FR),1,2,0.5
Darius/LeBlanc (FR/NX),Akshan/Varus (SH/RU),1,2,0.5
Akshan/Varus (SH/RU),Darius/LeBlanc (FR/NX),1,2,0.5
Kayle (BW/MT),Kalista/Thresh (SI/SH),1,2,0.5
Kalista/Thresh (SI/SH),Kayle (BW/MT),1,2,0.5
Sivir/Vi (PZ/SH),Akshan/Lee Sin (IO/SH),1,2,0.5
Akshan/Lee Sin (IO/SH),Sivir/Vi (PZ/SH),1,2,0.5
Lee Sin/Viktor (IO/PZ),Swain/Vladimir (BW/NX),1,2,0.5
Swain/Vladimir (BW/NX),Lee Sin/Viktor (IO/PZ),1,2,0.5
LeBlanc/Sivir (NX/SH),Aatrox/Vayne (RU/DE),1,2,0.5
Aatrox/Vayne (RU/DE),LeBlanc/Sivir (NX/SH),1,2,0.5
Sett (IO/PZ),Kayle (FR/MT),1,2,0.5
Kayle (FR/MT),Sett (IO/PZ),1,2,0.5
Akshan/Sivir (DE/SH),Senna/Veigar (BC/SI),1,2,0.5
Senna/Veigar (BC/SI),Akshan/Sivir (DE/SH),1,2,0.5
Nasus/Senna (SI/SH),Gwen/LeBlanc (NX/SI),1,2,0.5
Gwen/LeBlanc (NX/SI),Nasus/Senna (SI/SH),1,2,0.5
Lee Sin/Viktor (IO/PZ),Championless (SI/SH),1,2,0.5
Championless (SI/SH),Lee Sin/Viktor (IO/PZ),1,2,0.5
Sett (IO/PZ),Gwen/Kalista (FR/SI),1,2,0.5
Gwen/Kalista (FR/SI),Sett (IO/PZ),1,2,0.5
Championless (SI/SH),Morgana/Udyr (DE/FR),1,2,0.5
Morgana/Udyr (DE/FR),Championless (SI/SH),1,2,0.5
Darius/Gnar (FR/NX),Lulu/Neeko (BC/RU),1,2,0.5
Lulu/Neeko (BC/RU),Darius/Gnar (FR/NX),1,2,0.5
Braum/Galio (DE/FR),Neeko (BC/RU),1,2,0.5
Neeko (BC/RU),Braum/Galio (DE/FR),1,2,0.5
Kayle (BW/MT),Championless (FR/IO),1,2,0.5
Championless (FR/IO),Kayle (BW/MT),1,2,0.5
Championless (SI/SH),Championless (SI),1,2,0.5
Championless (SI),Championless (SI/SH),1,2,0.5
Caitlyn/Swain (NX/PZ),Galio/Udyr (DE/FR),1,2,0.5
Galio/Udyr (DE/FR),Caitlyn/Swain (NX/PZ),1,2,0.5
Championless (PZ/SI),LeBlanc/Udyr (FR/NX),1,2,0.5
LeBlanc/Udyr (FR/NX),Championless (PZ/SI),1,2,0.5
Ashe (FR/PZ),Braum/Morgana (DE/FR),1,2,0.5
Braum/Morgana (DE/FR),Ashe (FR/PZ),1,2,0.5
Kalista/Thresh (FR/SI),Kayle (BW/MT),1,2,0.5
Kayle (BW/MT),Kalista/Thresh (FR/SI),1,2,0.5
Kalista (SI),Swain/Vladimir (BW/NX),1,2,0.5
Swain/Vladimir (BW/NX),Kalista (SI),1,2,0.5
Akshan/Lee Sin (IO/SH),Lillia/Sett (IO/SH),1,2,0.5
Lillia/Sett (IO/SH),Akshan/Lee Sin (IO/SH),1,2,0.5
Gnar/Tristana (BC/NX),Championless (SI),1,2,0.5
Championless (SI),Gnar/Tristana (BC/NX),1,2,0.5
Nasus/Thresh (SI/SH),Garen (DE/SH),1,2,0.5
Garen (DE/SH),Nasus/Thresh (SI/SH),1,2,0.5
Darius/LeBlanc (FR/NX),Neeko/Poppy (DE/RU),1,2,0.5
Neeko/Poppy (DE/RU),Darius/LeBlanc (FR/NX),1,2,0.5
Akshan/Varus (SH/RU),Lillia/Sett (IO/SH),1,2,0.5
Lillia/Sett (IO/SH),Akshan/Varus (SH/RU),1,2,0.5
Championless (SI),Aphelios/Udyr (FR/MT),1,2,0.5
Aphelios/Udyr (FR/MT),Championless (SI),1,2,0.5
Kayle (FR/MT),Gwen/LeBlanc (NX/SI),1,2,0.5
Gwen/LeBlanc (NX/SI),Kayle (FR/MT),1,2,0.5
Championless (SI),Sett (IO/SH),1,2,0.5
Sett (IO/SH),Championless (SI),1,2,0.5
Sett (IO/PZ),Braum/Galio (DE/FR),1,2,0.5
Braum/Galio (DE/FR),Sett (IO/PZ),1,2,0.5
Aatrox/Varus (RU/RU),Akshan/Nasus (SI/SH),1,2,0.5
Akshan/Nasus (SI/SH),Aatrox/Varus (RU/RU),1,2,0.5
Riven/Rumble (BC/NX),Akshan/Lee Sin (IO/SH),1,2,0.5
Akshan/Lee Sin (IO/SH),Riven/Rumble (BC/NX),1,2,0.5
Gwen (FR/SI),Kayle (BW/MT),1,2,0.5
Kayle (BW/MT),Gwen (FR/SI),1,2,0.5
Janna (IO/PZ),Championless (SI),1,2,0.5
Championless (SI),Janna (IO/PZ),1,2,0.5
Morgana/Taric (DE/MT),Braum/Vladimir (FR/NX),1,2,0.5
Braum/Vladimir (FR/NX),Morgana/Taric (DE/MT),1,2,0.5
Aatrox/Kayn (RU/RU),Gnar/Sejuani (FR/PZ),1,2,0.5
Gnar/Sejuani (FR/PZ),Aatrox/Kayn (RU/RU),1,2,0.5
Lillia/Lulu (DE/IO),Galio/Udyr (DE/FR),1,2,0.5
Galio/Udyr (DE/FR),Lillia/Lulu (DE/IO),1,2,0.5
Morgana/Taric (DE/MT),Akshan/Nidalee (DE/SH),1,2,0.5
Akshan/Nidalee (DE/SH),Morgana/Taric (DE/MT),1,2,0.5
Championless (BC/SI),Kalista (SI),1,2,0.5
Kalista (SI),Championless (BC/SI),1,2,0.5
Poppy/Tristana (BC/SI),Darius (FR/NX),1,2,0.5
Darius (FR/NX),Poppy/Tristana (BC/SI),1,2,0.5
Kalista (SI),Leona/Yasuo (IO/MT),1,2,0.5
Leona/Yasuo (IO/MT),Kalista (SI),1,2,0.5
Maokai/Nautilus (BW/SI),LeBlanc/Sion (NX/SI),1,2,0.5
LeBlanc/Sion (NX/SI),Maokai/Nautilus (BW/SI),1,2,0.5
Akshan/Varus (SH/RU),LeBlanc/Sion (NX/SI),1,2,0.5
LeBlanc/Sion (NX/SI),Akshan/Varus (SH/RU),1,2,0.5
Aphelios/Lee Sin/Morgana (IO/MT),Darius/Gnar (FR/NX),1,2,0.5
Darius/Gnar (FR/NX),Aphelios/Lee Sin/Morgana (IO/MT),1,2,0.5
Ashe/LeBlanc (FR/NX),Leona (BW/MT),1,2,0.5
Leona (BW/MT),Ashe/LeBlanc (FR/NX),1,2,0.5
Championless (PZ/SI),Gnar/Sejuani (FR/PZ),1,2,0.5
Gnar/Sejuani (FR/PZ),Championless (PZ/SI),1,2,0.5
Kayle (BW/MT),Gwen (PZ/SI),1,2,0.5
Gwen (PZ/SI),Kayle (BW/MT),1,2,0.5
Gwen/LeBlanc (NX/SI),Shyvana (DE/MT),1,2,0.5
Shyvana (DE/MT),Gwen/LeBlanc (NX/SI),1,2,0.5
Maokai (PZ/SI),Maokai (BW/SI),1,2,0.5
Maokai (BW/SI),Maokai (PZ/SI),1,2,0.5
Maokai (BW/SI),Kalista (SI),1,2,0.5
Kalista (SI),Maokai (BW/SI),1,2,0.5
Championless (BC/SI),Jax/Ornn (FR/RU),1,2,0.5
Jax/Ornn (FR/RU),Championless (BC/SI),1,2,0.5
Kayle (IO/MT),Ashe (FR/PZ),1,2,0.5
Ashe (FR/PZ),Kayle (IO/MT),1,2,0.5
Akshan/Varus (SH/RU),Championless (BC/SI),1,2,0.5
Championless (BC/SI),Akshan/Varus (SH/RU),1,2,0.5
Senna/Veigar (BC/SI),Championless (BC/SI),1,2,0.5
Championless (BC/SI),Senna/Veigar (BC/SI),1,2,0.5
Jax/Vayne (DE/RU),Maokai/Nautilus (BW/SI),1,2,0.5
Maokai/Nautilus (BW/SI),Jax/Vayne (DE/RU),1,2,0.5
Gwen/Vayne (DE/SI),LeBlanc (FR/NX),1,2,0.5
LeBlanc (FR/NX),Gwen/Vayne (DE/SI),1,2,0.5
Rumble/Vayne (DE/NX),LeBlanc (FR/NX),1,2,0.5
LeBlanc (FR/NX),Rumble/Vayne (DE/NX),1,2,0.5
Viktor (IO/PZ),Championless (SI),1,2,0.5
Championless (SI),Viktor (IO/PZ),1,2,0.5
Jayce/Lux (DE/PZ),Viktor (IO/PZ),1,2,0.5
Viktor (IO/PZ),Jayce/Lux (DE/PZ),1,2,0.5
Akshan/Lee Sin (IO/SH),Shyvana/Taric (DE/MT),1,2,0.5
Shyvana/Taric (DE/MT),Akshan/Lee Sin (IO/SH),1,2,0.5
Akshan/Lee Sin (IO/SH),Lillia/Lulu (DE/IO),1,2,0.5
Lillia/Lulu (DE/IO),Akshan/Lee Sin (IO/SH),1,2,0.5
LeBlanc (FR/NX),Aatrox/Morgana (RU/DE),1,2,0.5
Aatrox/Morgana (RU/DE),LeBlanc (FR/NX),1,2,0.5
Senna/Veigar (BC/SI),Jayce/Viktor (MT/PZ),1,2,0.5
Jayce/Viktor (MT/PZ),Senna/Veigar (BC/SI),1,2,0.5
Kayle (FR/MT),Kayle (FR/MT),1,2,0.5
Garen (DE/SH),Garen (DE/SH),1,2,0.5
Jayce/Senna (PZ/SI),Morgana/Udyr (DE/FR),1,2,0.5
Morgana/Udyr (DE/FR),Jayce/Senna (PZ/SI),1,2,0.5
Senna/Veigar (BC/SI),Jayce/Senna (PZ/SI),1,2,0.5
Jayce/Senna (PZ/SI),Senna/Veigar (BC/SI),1,2,0.5
Garen (DE/SH),Aphelios/Lee Sin (IO/MT),1,2,0.5
Aphelios/Lee Sin (IO/MT),Garen (DE/SH),1,2,0.5
Leona/Malphite (IO/MT),Jack/Sett (BW/IO),1,2,0.5
Jack/Sett (BW/IO),Leona/Malphite (IO/MT),1,2,0.5
Akshan/Nasus (SI/SH),Rumble/Sion (BC/NX),1,2,0.5
Rumble/Sion (BC/NX),Akshan/Nasus (SI/SH),1,2,0.5
Morgana/Udyr (DE/FR),Braum/Udyr (FR/IO),1,2,0.5
Braum/Udyr (FR/IO),Morgana/Udyr (DE/FR),1,2,0.5
Kalista (PZ/SI),Leona (MT/SH),1,2,0.5
Leona (MT/SH),Kalista (PZ/SI),1,2,0.5
Jax/Ornn (FR/RU),Maokai (BW/SI),1,2,0.5
Maokai (BW/SI),Jax/Ornn (FR/RU),1,2,0.5
Akshan/Nasus (SI/SH),Braum/Vladimir (FR/NX),1,2,0.5
Braum/Vladimir (FR/NX),Akshan/Nasus (SI/SH),1,2,0.5
LeBlanc (FR/NX),Akshan/Morgana (MT/SH),1,2,0.5
Akshan/Morgana (MT/SH),LeBlanc (FR/NX),1,2,0.5
Ashe (FR/PZ),Shyvana/Taric (DE/MT),1,2,0.5
Shyvana/Taric (DE/MT),Ashe (FR/PZ),1,2,0.5
Aphelios/Yasuo (IO/MT),Jack/Sett (BW/IO),1,2,0.5
Jack/Sett (BW/IO),Aphelios/Yasuo (IO/MT),1,2,0.5
Jack/Sett (BW/IO),Nasus/Renekton (SH),1,2,0.5
Nasus/Renekton (SH),Jack/Sett (BW/IO),1,2,0.5
Nidalee (BC/SH),Leona (MT/SH),1,2,0.5
Leona (MT/SH),Nidalee (BC/SH),1,2,0.5
Ashe/Tahm Kench (BW/FR),Ashe/Tahm Kench (BW/FR),1,2,0.5
Ashe/LeBlanc (FR/NX),Garen/Poppy (DE),1,2,0.5
Garen/Poppy (DE),Ashe/LeBlanc (FR/NX),1,2,0.5
Jack/Sett (BW/IO),Maokai (BW/SI),1,2,0.5
Maokai (BW/SI),Jack/Sett (BW/IO),1,2,0.5
Senna/Veigar (BC/SI),Galio/Taric (DE/MT),1,2,0.5
Galio/Taric (DE/MT),Senna/Veigar (BC/SI),1,2,0.5
Aphelios/Yasuo (IO/MT),Rumble/Sion (BC/NX),1,2,0.5
Rumble/Sion (BC/NX),Aphelios/Yasuo (IO/MT),1,2,0.5
Jax/Ornn (FR/RU),Jax/Tristana (BC/RU),1,2,0.5
Jax/Tristana (BC/RU),Jax/Ornn (FR/RU),1,2,0.5
Shyvana (DE/MT),Championless (MT/SI),1,2,0.5
Championless (MT/SI),Shyvana (DE/MT),1,2,0.5
Akshan/Varus (SH/RU),Braum/Kayle (FR/MT),1,2,0.5
Braum/Kayle (FR/MT),Akshan/Varus (SH/RU),1,2,0.5
Sett (IO/SH),Ashe/LeBlanc (FR/NX),1,2,0.5
Ashe/LeBlanc (FR/NX),Sett (IO/SH),1,2,0.5
Nasus (SI/SH),Aatrox (RU/BW),1,2,0.5
Aatrox (RU/BW),Nasus (SI/SH),1,2,0.5
Darius/LeBlanc (FR/NX),LeBlanc/Udyr (FR/NX),1,2,0.5
LeBlanc/Udyr (FR/NX),Darius/LeBlanc (FR/NX),1,2,0.5
Sett (IO/PZ),Lulu/Poppy (DE/IO),1,2,0.5
Lulu/Poppy (DE/IO),Sett (IO/PZ),1,2,0.5
Lillia/Lulu (DE/IO),Ashe/LeBlanc (FR/NX),1,2,0.5
Ashe/LeBlanc (FR/NX),Lillia/Lulu (DE/IO),1,2,0.5
Morgana/Udyr (DE/FR),Lee Sin/Udyr (FR/IO),1,2,0.5
Lee Sin/Udyr (FR/IO),Morgana/Udyr (DE/FR),1,2,0.5
Ashe/Braum (FR/PZ),Ashe/LeBlanc (FR/NX),1,2,0.5
Ashe/LeBlanc (FR/NX),Ashe/Braum (FR/PZ),1,2,0.5
Aphelios/Lee Sin (IO/MT),LeBlanc/Sivir (NX/SH),1,2,0.5
LeBlanc/Sivir (NX/SH),Aphelios/Lee Sin (IO/MT),1,2,0.5
Aphelios/Lee Sin (IO/MT),Gangplank/Sejuani (BW/FR),1,2,0.5
Gangplank/Sejuani (BW/FR),Aphelios/Lee Sin (IO/MT),1,2,0.5
Galio/Garen (DE/MT),Gnar/Nidalee (BC/SH),1,2,0.5
Gnar/Nidalee (BC/SH),Galio/Garen (DE/MT),1,2,0.5
Akshan/Nasus (SI/SH),Akshan/Sivir (NX/SH),1,2,0.5
Akshan/Sivir (NX/SH),Akshan/Nasus (SI/SH),1,2,0.5
Morgana/Taric (DE/MT),Darius/Gnar (FR/NX),1,2,0.5
Darius/Gnar (FR/NX),Morgana/Taric (DE/MT),1,2,0.5
Poppy/Taric (DE/MT),Poppy/Taric (DE/MT),1,2,0.5
Ashe/LeBlanc (FR/NX),Gwen/Janna (PZ/SI),1,2,0.5
Gwen/Janna (PZ/SI),Ashe/LeBlanc (FR/NX),1,2,0.5
Lulu/Poppy (DE/IO),Gnar/Nidalee (BC/SH),1,2,0.5
Gnar/Nidalee (BC/SH),Lulu/Poppy (DE/IO),1,2,0.5
Gnar/Nidalee (BC/SH),Galio/Morgana (DE/MT),1,2,0.5
Galio/Morgana (DE/MT),Gnar/Nidalee (BC/SH),1,2,0.5
Neeko (FR/RU),Darius/Gnar (FR/NX),1,2,0.5
Darius/Gnar (FR/NX),Neeko (FR/RU),1,2,0.5
Jax/Ornn (FR/RU),Galio/Udyr (DE/FR),1,2,0.5
Galio/Udyr (DE/FR),Jax/Ornn (FR/RU),1,2,0.5
Jax/Ornn (FR/RU),Jax/Ornn (FR/RU),1,2,0.5
Rumble/Vayne (DE/NX),Morgana/Udyr (DE/FR),1,2,0.5
Morgana/Udyr (DE/FR),Rumble/Vayne (DE/NX),1,2,0.5
Kayle (BW/MT),Akshan/Sivir (NX/SH),1,2,0.5
Akshan/Sivir (NX/SH),Kayle (BW/MT),1,2,0.5
Janna/Sett (IO/PZ),Aphelios/Lee Sin (IO/MT),1,2,0.5
Aphelios/Lee Sin (IO/MT),Janna/Sett (IO/PZ),1,2,0.5
Akshan/Nasus (SI/SH),Akshan/Udyr (FR/SH),1,2,0.5
Akshan/Udyr (FR/SH),Akshan/Nasus (SI/SH),1,2,0.5
Gnar/Kayle (FR/MT),Braum/Lillia (FR/IO),1,2,0.5
Braum/Lillia (FR/IO),Gnar/Kayle (FR/MT),1,2,0.5
Akshan/Aphelios/Morgana (MT/SH),Aphelios/Lee Sin (IO/MT),1,2,0.5
Aphelios/Lee Sin (IO/MT),Akshan/Aphelios/Morgana (MT/SH),1,2,0.5
Akshan/Aphelios/Morgana (MT/SH),Maokai/Nautilus (BW/SI),1,2,0.5
Maokai/Nautilus (BW/SI),Akshan/Aphelios/Morgana (MT/SH),1,2,0.5
Nasus/Senna (SI/SH),Gnar/Nidalee (BC/SH),1,2,0.5
Gnar/Nidalee (BC/SH),Nasus/Senna (SI/SH),1,2,0.5
Lillia/Udyr (FR/IO),Morgana/Udyr (DE/FR),1,2,0.5
Morgana/Udyr (DE/FR),Lillia/Udyr (FR/IO),1,2,0.5
Leona/Yasuo (IO/MT),Akshan/Nasus (SI/SH),1,2,0.5
Akshan/Nasus (SI/SH),Leona/Yasuo (IO/MT),1,2,0.5
Ashe (FR/PZ),Neeko/Poppy (BC/RU),1,2,0.5
Neeko/Poppy (BC/RU),Ashe (FR/PZ),1,2,0.5
Akshan/Varus (SH/RU),Ryze (RU/SH),1,2,0.5
Ryze (RU/SH),Akshan/Varus (SH/RU),1,2,0.5
Maokai/Nautilus (BW/SI),Kai'Sa/Sivir (DE/SH),1,2,0.5
Kai'Sa/Sivir (DE/SH),Maokai/Nautilus (BW/SI),1,2,0.5
Akshan/Varus (SH/RU),Neeko/Poppy (BC/RU),1,2,0.5
Neeko/Poppy (BC/RU),Akshan/Varus (SH/RU),1,2,0.5
Ashe/LeBlanc (FR/NX),Renekton/Sivir (SH),1,2,0.5
Renekton/Sivir (SH),Ashe/LeBlanc (FR/NX),1,2,0.5
Jack/Sett (BW/IO),Poppy/Taric (DE/MT),1,2,0.5
Poppy/Taric (DE/MT),Jack/Sett (BW/IO),1,2,0.5
Janna/Sett/Viktor (IO/PZ),Galio/Morgana (DE/MT),1,2,0.5
Galio/Morgana (DE/MT),Janna/Sett/Viktor (IO/PZ),1,2,0.5
Aphelios/Janna (MT/PZ),Galio/Morgana (DE/MT),1,2,0.5
Galio/Morgana (DE/MT),Aphelios/Janna (MT/PZ),1,2,0.5
Morgana/Udyr (DE/FR),Aphelios/Janna (MT/PZ),1,2,0.5
Aphelios/Janna (MT/PZ),Morgana/Udyr (DE/FR),1,2,0.5
Nidalee (BC/SH),Galio/Morgana (DE/MT),1,2,0.5
Galio/Morgana (DE/MT),Nidalee (BC/SH),1,2,0.5
Lillia/Udyr (FR/IO),Aatrox/Kayn (RU/RU),1,2,0.5
Aatrox/Kayn (RU/RU),Lillia/Udyr (FR/IO),1,2,0.5
Aatrox/Kayn (RU/RU),Ornn/Sejuani (FR),1,2,0.5
Ornn/Sejuani (FR),Aatrox/Kayn (RU/RU),1,2,0.5
Illaoi (BW/NX),Lee Sin/Viktor (IO/PZ),1,2,0.5
Lee Sin/Viktor (IO/PZ),Illaoi (BW/NX),1,2,0.5
Ashe/LeBlanc (FR/NX),Kalista/Nasus (SI/SH),1,2,0.5
Kalista/Nasus (SI/SH),Ashe/LeBlanc (FR/NX),1,2,0.5
Ashe/LeBlanc (FR/NX),Gwen/Vi (PZ/SI),1,2,0.5
Gwen/Vi (PZ/SI),Ashe/LeBlanc (FR/NX),1,2,0.5
Poppy/Tristana (BC/NX),Leona/Yasuo (IO/MT),1,2,0.5
Leona/Yasuo (IO/MT),Poppy/Tristana (BC/NX),1,2,0.5
Gangplank/Sejuani (BW/FR),Championless (MT/SI),1,2,0.5
Championless (MT/SI),Gangplank/Sejuani (BW/FR),1,2,0.5
Morgana/Udyr (DE/FR),Gwen/Sivir (SI/SH),1,2,0.5
Gwen/Sivir (SI/SH),Morgana/Udyr (DE/FR),1,2,0.5
Akshan/Lee Sin (IO/SH),Lulu/Taric (IO/MT),1,2,0.5
Lulu/Taric (IO/MT),Akshan/Lee Sin (IO/SH),1,2,0.5
Ashe (FR/PZ),Lulu/Taric (IO/MT),1,2,0.5
Lulu/Taric (IO/MT),Ashe (FR/PZ),1,2,0.5
Gwen/Vayne (DE/SI),Neeko/Poppy (BC/RU),1,2,0.5
Neeko/Poppy (BC/RU),Gwen/Vayne (DE/SI),1,2,0.5
Maokai/Nautilus (BW/SI),Riven/Rumble (BC/NX),1,2,0.5
Riven/Rumble (BC/NX),Maokai/Nautilus (BW/SI),1,2,0.5
Swain/Yasuo (IO/NX),Kayle/Lillia (IO/MT),1,2,0.5
Kayle/Lillia (IO/MT),Swain/Yasuo (IO/NX),1,2,0.5
Janna/Sett/Viktor (IO/PZ),Morgana/Udyr (DE/FR),1,2,0.5
Morgana/Udyr (DE/FR),Janna/Sett/Viktor (IO/PZ),1,2,0.5
Illaoi/Swain (BW/NX),Riven/Rumble (BC/NX),1,2,0.5
Riven/Rumble (BC/NX),Illaoi/Swain (BW/NX),1,2,0.5
Lillia/Viktor (IO/PZ),Ashe/LeBlanc (FR/NX),1,2,0.5
Ashe/LeBlanc (FR/NX),Lillia/Viktor (IO/PZ),1,2,0.5
Akshan/Lee Sin (IO/SH),Sett/Viktor (IO/PZ),1,2,0.5
Sett/Viktor (IO/PZ),Akshan/Lee Sin (IO/SH),1,2,0.5
Akshan/Kayn (RU/SH),Morgana/Udyr (DE/FR),1,2,0.5
Morgana/Udyr (DE/FR),Akshan/Kayn (RU/SH),1,2,0.5
Lee Sin/Viktor (IO/PZ),Lee Sin/Udyr (FR/IO),1,2,0.5
Lee Sin/Udyr (FR/IO),Lee Sin/Viktor (IO/PZ),1,2,0.5
Kalista/Thresh (SI),Kalista/Thresh (SI),1,2,0.5
Ashe/Caitlyn (FR/PZ),Senna (PZ/SI),1,2,0.5
Senna (PZ/SI),Ashe/Caitlyn (FR/PZ),1,2,0.5
Championless (IO/PZ),Lee Sin/Viktor (IO/PZ),1,2,0.5
Lee Sin/Viktor (IO/PZ),Championless (IO/PZ),1,2,0.5
Nasus/Senna (SI/SH),Jack/Sett (BW/IO),1,2,0.5
Jack/Sett (BW/IO),Nasus/Senna (SI/SH),1,2,0.5
Galio/Taric (DE/MT),Darius/Gnar (FR/NX),1,2,0.5
Darius/Gnar (FR/NX),Galio/Taric (DE/MT),1,2,0.5
Jax/Ornn (FR/RU),Gwen/LeBlanc (NX/SI),1,2,0.5
Gwen/LeBlanc (NX/SI),Jax/Ornn (FR/RU),1,2,0.5
Riven/Sivir (NX/SH),Nasus/Thresh (SI/SH),1,2,0.5
Nasus/Thresh (SI/SH),Riven/Sivir (NX/SH),1,2,0.5
Kalista/Nasus (SI/SH),Akshan/Varus (SH/RU),1,2,0.5
Akshan/Varus (SH/RU),Kalista/Nasus (SI/SH),1,2,0.5
Darius/Lulu (IO/NX),Nidalee (BC/SH),1,2,0.5
Nidalee (BC/SH),Darius/Lulu (IO/NX),1,2,0.5
Galio/Udyr (DE/FR),Aphelios/Viktor (MT/PZ),1,2,0.5
Aphelios/Viktor (MT/PZ),Galio/Udyr (DE/FR),1,2,0.5
Renekton/Sivir (SH),Gwen/Vayne (DE/SI),1,2,0.5
Gwen/Vayne (DE/SI),Renekton/Sivir (SH),1,2,0.5
Gnar/Sejuani (BC/FR),Lillia/Udyr (FR/IO),1,2,0.5
Lillia/Udyr (FR/IO),Gnar/Sejuani (BC/FR),1,2,0.5
Akshan/Nasus (SI/SH),Neeko/Renekton (RU/SH),1,2,0.5
Neeko/Renekton (RU/SH),Akshan/Nasus (SI/SH),1,2,0.5
Galio/Udyr (DE/FR),Gnar/Sejuani (BC/FR),1,2,0.5
Gnar/Sejuani (BC/FR),Galio/Udyr (DE/FR),1,2,0.5
Akshan/Sivir (NX/SH),Lee Sin/Viktor (IO/PZ),1,2,0.5
Lee Sin/Viktor (IO/PZ),Akshan/Sivir (NX/SH),1,2,0.5
Aphelios/Lee Sin (IO/MT),Braum/Vladimir (FR/NX),1,2,0.5
Braum/Vladimir (FR/NX),Aphelios/Lee Sin (IO/MT),1,2,0.5
Udyr/Vayne (DE/FR),Janna/Sett (IO/PZ),1,2,0.5
Janna/Sett (IO/PZ),Udyr/Vayne (DE/FR),1,2,0.5
Akshan/Morgana (DE/SH),Akshan/Sivir (NX/SH),1,2,0.5
Akshan/Sivir (NX/SH),Akshan/Morgana (DE/SH),1,2,0.5
Lee Sin/Viktor (IO/PZ),LeBlanc/Rumble (IO/NX),1,2,0.5
LeBlanc/Rumble (IO/NX),Lee Sin/Viktor (IO/PZ),1,2,0.5
Udyr/Vayne (DE/FR),Darius/Gnar (FR/NX),1,2,0.5
Darius/Gnar (FR/NX),Udyr/Vayne (DE/FR),1,2,0.5
Senna/Veigar (BC/SI),Aatrox/Illaoi (RU/BW),1,2,0.5
Aatrox/Illaoi (RU/BW),Senna/Veigar (BC/SI),1,2,0.5
Darius (FR/NX),Neeko (FR/RU),1,2,0.5
Neeko (FR/RU),Darius (FR/NX),1,2,0.5
Darius (FR/NX),Senna/Veigar (BC/SI),1,2,0.5
Senna/Veigar (BC/SI),Darius (FR/NX),1,2,0.5
Riven/Viktor (NX/PZ),Renekton/Sivir (SH),1,2,0.5
Renekton/Sivir (SH),Riven/Viktor (NX/PZ),1,2,0.5
Ashe (FR/PZ),Kayle/Shyvana (DE/MT),1,2,0.5
Kayle/Shyvana (DE/MT),Ashe (FR/PZ),1,2,0.5
Lee Sin/Udyr (FR/IO),Braum/Lillia (FR/IO),1,2,0.5
Braum/Lillia (FR/IO),Lee Sin/Udyr (FR/IO),1,2,0.5
Morgana/Udyr (DE/FR),Kalista/Nasus/Thresh (SI/SH),1,2,0.5
Kalista/Nasus/Thresh (SI/SH),Morgana/Udyr (DE/FR),1,2,0.5
Akshan/Varus (SH/RU),Renekton/Sivir (SH),1,2,0.5
Renekton/Sivir (SH),Akshan/Varus (SH/RU),1,2,0.5
Darius/Gnar (FR/NX),Galio/Poppy (DE/FR),1,2,0.5
Galio/Poppy (DE/FR),Darius/Gnar (FR/NX),1,2,0.5
Akshan/Morgana (DE/SH),Rumble/Sion (BC/NX),1,2,0.5
Rumble/Sion (BC/NX),Akshan/Morgana (DE/SH),1,2,0.5
Darius/Gnar (FR/NX),Akshan/Morgana (DE/SH),1,2,0.5
Akshan/Morgana (DE/SH),Darius/Gnar (FR/NX),1,2,0.5
Swain/Yasuo (IO/NX),Maokai (BW/SI),1,2,0.5
Maokai (BW/SI),Swain/Yasuo (IO/NX),1,2,0.5
Galio/Taric (DE/MT),Akshan/Varus (SH/RU),1,2,0.5
Akshan/Varus (SH/RU),Galio/Taric (DE/MT),1,2,0.5
Sett (IO/PZ),Leona/Sivir (MT/SH),1,2,0.5
Leona/Sivir (MT/SH),Sett (IO/PZ),1,2,0.5
Kalista (MT/SI),Sett (IO/PZ),1,2,0.5
Sett (IO/PZ),Kalista (MT/SI),1,2,0.5
Championless (IO/SI),Maokai/Nautilus (BW/SI),1,2,0.5
Maokai/Nautilus (BW/SI),Championless (IO/SI),1,2,0.5
Aatrox/Morgana (RU/DE),Braum/Vladimir (FR/NX),1,2,0.5
Braum/Vladimir (FR/NX),Aatrox/Morgana (RU/DE),1,2,0.5
Akshan/Morgana (DE/SH),Renekton/Sivir (SH),1,2,0.5
Renekton/Sivir (SH),Akshan/Morgana (DE/SH),1,2,0.5
Ashe/LeBlanc (FR/NX),Gwen/Kayle (MT/SI),1,2,0.5
Gwen/Kayle (MT/SI),Ashe/LeBlanc (FR/NX),1,2,0.5
Ryze (RU/SI),Kayle (BW/MT),1,2,0.5
Kayle (BW/MT),Ryze (RU/SI),1,2,0.5
Ryze (RU/SI),Jax/Ornn (FR/RU),1,2,0.5
Jax/Ornn (FR/RU),Ryze (RU/SI),1,2,0.5
Lee Sin/Viktor (IO/PZ),Riven/Rumble (BC/NX),1,2,0.5
Riven/Rumble (BC/NX),Lee Sin/Viktor (IO/PZ),1,2,0.5
Aphelios/Viktor (MT/PZ),Aphelios/Viktor (MT/PZ),1,2,0.5
Akshan/Nasus (SI/SH),Darius/Lulu (IO/NX),1,2,0.5
Darius/Lulu (IO/NX),Akshan/Nasus (SI/SH),1,2,0.5
Kalista (SI),Gwen (NX/SI),1,2,0.5
Gwen (NX/SI),Kalista (SI),1,2,0.5
Braum/Vladimir (FR/NX),Championless (IO/SI),1,2,0.5
Championless (IO/SI),Braum/Vladimir (FR/NX),1,2,0.5
Shen/Sivir (IO/SH),Championless (PZ/SI),1,2,0.5
Championless (PZ/SI),Shen/Sivir (IO/SH),1,2,0.5
Akshan/Senna (SI/SH),Sett (IO/PZ),1,2,0.5
Sett (IO/PZ),Akshan/Senna (SI/SH),1,2,0.5
Darius/Lulu (IO/NX),Ashe/LeBlanc (FR/NX),1,2,0.5
Ashe/LeBlanc (FR/NX),Darius/Lulu (IO/NX),1,2,0.5
Gwen (NX/SI),Aatrox/Akshan (RU/SH),1,2,0.5
Aatrox/Akshan (RU/SH),Gwen (NX/SI),1,2,0.5
Akshan/Varus (SH/RU),Aatrox/Akshan (RU/SH),1,2,0.5
Aatrox/Akshan (RU/SH),Akshan/Varus (SH/RU),1,2,0.5
Gangplank/Sejuani (BW/FR),Senna (PZ/SI),1,2,0.5
Senna (PZ/SI),Gangplank/Sejuani (BW/FR),1,2,0.5
Braum/Lillia (FR/IO),Gwen (NX/SI),1,2,0.5
Gwen (NX/SI),Braum/Lillia (FR/IO),1,2,0.5
Gwen (NX/SI),Aatrox/Kayn (RU/RU),1,2,0.5
Aatrox/Kayn (RU/RU),Gwen (NX/SI),1,2,0.5
Championless (PZ/SI),Akshan/Sivir (NX/SH),1,2,0.5
Akshan/Sivir (NX/SH),Championless (PZ/SI),1,2,0.5
Lee Sin/Viktor (IO/PZ),Lillia/Udyr (FR/IO),1,2,0.5
Lillia/Udyr (FR/IO),Lee Sin/Viktor (IO/PZ),1,2,0.5
Gnar/Sejuani (BC/FR),Gnar/Sejuani (BC/FR),1,2,0.5
Lillia/Sett (BC/IO),Darius/Lulu (IO/NX),1,2,0.5
Darius/Lulu (IO/NX),Lillia/Sett (BC/IO),1,2,0.5
Lillia/Viktor (IO/PZ),Morgana/Udyr (DE/FR),1,2,0.5
Morgana/Udyr (DE/FR),Lillia/Viktor (IO/PZ),1,2,0.5
Akshan/Nasus (SI/SH),Aphelios/Sett (IO/MT),1,2,0.5
Aphelios/Sett (IO/MT),Akshan/Nasus (SI/SH),1,2,0.5
Neeko/Renekton (RU/SH),Gnar/Sejuani (BC/FR),1,2,0.5
Gnar/Sejuani (BC/FR),Neeko/Renekton (RU/SH),1,2,0.5
Neeko/Renekton (RU/SH),Braum/Vladimir (FR/NX),1,2,0.5
Braum/Vladimir (FR/NX),Neeko/Renekton (RU/SH),1,2,0.5
Braum/Udyr (FR/IO),Kayle (BW/MT),1,2,0.5
Kayle (BW/MT),Braum/Udyr (FR/IO),1,2,0.5
Darius/Gwen (NX/SI),Darius/Gnar (FR/NX),1,2,0.5
Darius/Gnar (FR/NX),Darius/Gwen (NX/SI),1,2,0.5
Kalista (SI),Neeko/Renekton (RU/SH),1,2,0.5
Neeko/Renekton (RU/SH),Kalista (SI),1,2,0.5
Aphelios/Sett (IO/MT),Akshan/Varus (SH/RU),1,2,0.5
Akshan/Varus (SH/RU),Aphelios/Sett (IO/MT),1,2,0.5
Yasuo (IO/NX),Championless (MT/SI),1,2,0.5
Championless (MT/SI),Yasuo (IO/NX),1,2,0.5
LeBlanc/Riven (FR/NX),Galio/Udyr (DE/FR),1,2,0.5
Galio/Udyr (DE/FR),LeBlanc/Riven (FR/NX),1,2,0.5
Akshan/Renekton (SH),Braum/Lillia (FR/IO),1,2,0.5
Braum/Lillia (FR/IO),Akshan/Renekton (SH),1,2,0.5
Viktor (PZ/SI),Akshan/Varus (SH/RU),1,2,0.5
Akshan/Varus (SH/RU),Viktor (PZ/SI),1,2,0.5
Janna (BW/PZ),Jayce/Lux (DE/PZ),1,2,0.5
Jayce/Lux (DE/PZ),Janna (BW/PZ),1,2,0.5
Lee Sin/Viktor (IO/PZ),Aatrox (RU/BW),1,2,0.5
Aatrox (RU/BW),Lee Sin/Viktor (IO/PZ),1,2,0.5
Akshan/Lee Sin (IO/SH),Aatrox (RU/BW),1,2,0.5
Aatrox (RU/BW),Akshan/Lee Sin (IO/SH),1,2,0.5
Akshan/Taric (MT/SH),Braum/Vladimir (FR/NX),1,2,0.5
Braum/Vladimir (FR/NX),Akshan/Taric (MT/SH),1,2,0.5
Nasus/Renekton (SH),Kalista (FR/SI),1,2,0.5
Kalista (FR/SI),Nasus/Renekton (SH),1,2,0.5
Gwen/Kayle (MT/SI),Championless (SI),1,2,0.5
Championless (SI),Gwen/Kayle (MT/SI),1,2,0.5
Lillia/Malphite (IO/MT),Gnar/Kayle (FR/MT),1,2,0.5
Gnar/Kayle (FR/MT),Lillia/Malphite (IO/MT),1,2,0.5
Ornn/Vayne (DE/FR),Kayle (BW/MT),1,2,0.5
Kayle (BW/MT),Ornn/Vayne (DE/FR),1,2,0.5
Kalista (MT/SI),Taric/Udyr (FR/MT),1,2,0.5
Taric/Udyr (FR/MT),Kalista (MT/SI),1,2,0.5
Shen/Sivir (IO/SH),Taric/Udyr (FR/MT),1,2,0.5
Taric/Udyr (FR/MT),Shen/Sivir (IO/SH),1,2,0.5
Ornn/Vayne (DE/FR),Jayce/Lux (DE/PZ),1,2,0.5
Jayce/Lux (DE/PZ),Ornn/Vayne (DE/FR),1,2,0.5
Yasuo (IO/NX),Gwen/Kalista (NX/SI),1,2,0.5
Gwen/Kalista (NX/SI),Yasuo (IO/NX),1,2,0.5
Aphelios/Lee Sin (IO/MT),Maokai (BW/SI),1,2,0.5
Maokai (BW/SI),Aphelios/Lee Sin (IO/MT),1,2,0.5
Kalista (MT/SI),Akshan/Udyr (FR/SH),1,2,0.5
Akshan/Udyr (FR/SH),Kalista (MT/SI),1,2,0.5
Akshan/Lee Sin (IO/SH),Gangplank/Swain (BW/NX),1,2,0.5
Gangplank/Swain (BW/NX),Akshan/Lee Sin (IO/SH),1,2,0.5
Janna/Sett (IO/PZ),Aatrox (RU/BW),1,2,0.5
Aatrox (RU/BW),Janna/Sett (IO/PZ),1,2,0.5
Yasuo (IO/NX),Nidalee (BC/SH),1,2,0.5
Nidalee (BC/SH),Yasuo (IO/NX),1,2,0.5
Galio/Udyr (DE/FR),Yasuo (IO/NX),1,2,0.5
Yasuo (IO/NX),Galio/Udyr (DE/FR),1,2,0.5
Caitlyn/Janna (FR/PZ),Maokai (BW/SI),1,2,0.5
Maokai (BW/SI),Caitlyn/Janna (FR/PZ),1,2,0.5
Braum/Kayle (FR/MT),Maokai (BW/SI),1,2,0.5
Maokai (BW/SI),Braum/Kayle (FR/MT),1,2,0.5
Ashe/LeBlanc (FR/NX),Aatrox/Illaoi (RU/BW),1,2,0.5
Aatrox/Illaoi (RU/BW),Ashe/LeBlanc (FR/NX),1,2,0.5
LeBlanc/Sivir (NX/SH),Gnar/Swain (BC/NX),1,2,0.5
Gnar/Swain (BC/NX),LeBlanc/Sivir (NX/SH),1,2,0.5
Ashe/Caitlyn (FR/PZ),Galio/Udyr (DE/FR),1,2,0.5
Galio/Udyr (DE/FR),Ashe/Caitlyn (FR/PZ),1,2,0.5
Illaoi/Riven (BW/NX),Championless (SI),1,2,0.5
Championless (SI),Illaoi/Riven (BW/NX),1,2,0.5
Jax/Ornn (FR/RU),Shen/Sivir (IO/SH),1,2,0.5
Shen/Sivir (IO/SH),Jax/Ornn (FR/RU),1,2,0.5
Taric/Udyr (FR/MT),Nasus/Thresh (SI/SH),1,2,0.5
Nasus/Thresh (SI/SH),Taric/Udyr (FR/MT),1,2,0.5
Lillia/Sett (BC/IO),Swain/Vladimir (BW/NX),1,2,0.5
Swain/Vladimir (BW/NX),Lillia/Sett (BC/IO),1,2,0.5
Jayce/Lux (DE/PZ),Garen (DE/SI),1,2,0.5
Garen (DE/SI),Jayce/Lux (DE/PZ),1,2,0.5
Shen/Sivir (IO/SH),Galio/Garen (DE/MT),1,2,0.5
Galio/Garen (DE/MT),Shen/Sivir (IO/SH),1,2,0.5
Kayle (BW/MT),Braum/Gnar/Morgana (DE/FR),1,2,0.5
Braum/Gnar/Morgana (DE/FR),Kayle (BW/MT),1,2,0.5
Kayle/Leona (MT/NX),Jax/Ornn (FR/RU),1,2,0.5
Jax/Ornn (FR/RU),Kayle/Leona (MT/NX),1,2,0.5
LeBlanc/Sivir (NX/SH),Nasus/Renekton (SH),1,2,0.5
Nasus/Renekton (SH),LeBlanc/Sivir (NX/SH),1,2,0.5
Darius/Gwen (NX/SI),Gwen/Vayne (DE/SI),1,2,0.5
Gwen/Vayne (DE/SI),Darius/Gwen (NX/SI),1,2,0.5
Championless (SI),Morgana (BC/MT),1,2,0.5
Morgana (BC/MT),Championless (SI),1,2,0.5
Ashe/LeBlanc (FR/NX),Championless (BC/IO),1,2,0.5
Championless (BC/IO),Ashe/LeBlanc (FR/NX),1,2,0.5
Galio/Udyr (DE/FR),Kalista (BC/SI),1,2,0.5
Kalista (BC/SI),Galio/Udyr (DE/FR),1,2,0.5
Braum/Kayle (FR/MT),Gwen/Vayne (DE/SI),1,2,0.5
Gwen/Vayne (DE/SI),Braum/Kayle (FR/MT),1,2,0.5
Malphite/Yasuo (IO/MT),Kalista/Senna (BW/SI),1,2,0.5
Kalista/Senna (BW/SI),Malphite/Yasuo (IO/MT),1,2,0.5
Gwen/Vayne (DE/SI),Ryze (RU/SI),1,2,0.5
Ryze (RU/SI),Gwen/Vayne (DE/SI),1,2,0.5
Riven/Viktor (NX/PZ),Gnar/Sejuani (BC/FR),1,2,0.5
Gnar/Sejuani (BC/FR),Riven/Viktor (NX/PZ),1,2,0.5
Morgana/Udyr (DE/FR),Lillia/Malphite (IO/MT),1,2,0.5
Lillia/Malphite (IO/MT),Morgana/Udyr (DE/FR),1,2,0.5
Gnar/Neeko (FR/RU),Gnar/Neeko (FR/RU),1,2,0.5
Ashe/LeBlanc (FR/NX),Illaoi/Riven (BW/NX),1,2,0.5
Illaoi/Riven (BW/NX),Ashe/LeBlanc (FR/NX),1,2,0.5
Janna/Viktor (IO/PZ),Galio/Udyr (DE/FR),1,2,0.5
Galio/Udyr (DE/FR),Janna/Viktor (IO/PZ),1,2,0.5
Caitlyn/Swain (NX/PZ),Maokai (BW/SI),1,2,0.5
Maokai (BW/SI),Caitlyn/Swain (NX/PZ),1,2,0.5
Morgana/Udyr (DE/FR),Akshan/Senna (SI/SH),1,2,0.5
Akshan/Senna (SI/SH),Morgana/Udyr (DE/FR),1,2,0.5
Taric/Varus (MT/RU),Championless (PZ/SI),1,2,0.5
Championless (PZ/SI),Taric/Varus (MT/RU),1,2,0.5
Maokai (BW/SI),Jax/Rumble (RU/NX),1,2,0.5
Jax/Rumble (RU/NX),Maokai (BW/SI),1,2,0.5
Swain/Vladimir (BW/NX),Akshan/Senna (SI/SH),1,2,0.5
Akshan/Senna (SI/SH),Swain/Vladimir (BW/NX),1,2,0.5
Jax/Ornn (FR/RU),Nasus/Renekton (SH),1,2,0.5
Nasus/Renekton (SH),Jax/Ornn (FR/RU),1,2,0.5
Ashe/Caitlyn (FR/PZ),Sett (IO/PZ),1,2,0.5
Sett (IO/PZ),Ashe/Caitlyn (FR/PZ),1,2,0.5
Lillia (FR/IO),LeBlanc/Sivir (NX/SH),1,2,0.5
LeBlanc/Sivir (NX/SH),Lillia (FR/IO),1,2,0.5
LeBlanc/Sion (NX/SI),Jayce/Lux (DE/PZ),1,2,0.5
Jayce/Lux (DE/PZ),LeBlanc/Sion (NX/SI),1,2,0.5
Illaoi/Swain (BW/NX),Akshan/Nasus/Renekton (SH),1,2,0.5
Akshan/Nasus/Renekton (SH),Illaoi/Swain (BW/NX),1,2,0.5
Rumble/Sion (BC/NX),Taric/Udyr (FR/MT),1,2,0.5
Taric/Udyr (FR/MT),Rumble/Sion (BC/NX),1,2,0.5
Ashe/Caitlyn (FR/PZ),Gnar/Sejuani (BC/FR),1,2,0.5
Gnar/Sejuani (BC/FR),Ashe/Caitlyn (FR/PZ),1,2,0.5
Riven/Viktor (NX/PZ),Braum/Kayle (FR/MT),1,2,0.5
Braum/Kayle (FR/MT),Riven/Viktor (NX/PZ),1,2,0.5
Senna/Veigar (BC/SI),Garen (DE/SI),1,2,0.5
Garen (DE/SI),Senna/Veigar (BC/SI),1,2,0.5
Ashe (FR/PZ),Lillia (FR/IO),1,2,0.5
Lillia (FR/IO),Ashe (FR/PZ),1,2,0.5
Neeko/Poppy (BC/RU),Neeko/Poppy (BC/RU),1,2,0.5
Akshan/Varus (SH/RU),Illaoi/Lulu (BW/IO),1,2,0.5
Illaoi/Lulu (BW/IO),Akshan/Varus (SH/RU),1,2,0.5
Yasuo (IO/NX),Gangplank/Nidalee (BW/SH),1,2,0.5
Gangplank/Nidalee (BW/SH),Yasuo (IO/NX),1,2,0.5
Yasuo (IO/NX),Rumble/Sion (BC/NX),1,2,0.5
Rumble/Sion (BC/NX),Yasuo (IO/NX),1,2,0.5
Darius/Gnar (FR/NX),Garen (DE/SI),1,2,0.5
Garen (DE/SI),Darius/Gnar (FR/NX),1,2,0.5
Championless (SI),Caitlyn/Janna (FR/PZ),1,2,0.5
Caitlyn/Janna (FR/PZ),Championless (SI),1,2,0.5
Maokai/Nautilus (BW/SI),Aphelios/Janna (MT/PZ),1,2,0.5
Aphelios/Janna (MT/PZ),Maokai/Nautilus (BW/SI),1,2,0.5
Gangplank/Sejuani (BW/FR),Gnar/Jax (BC/RU),1,2,0.5
Gnar/Jax (BC/RU),Gangplank/Sejuani (BW/FR),1,2,0.5
Galio/Morgana/Udyr (DE/FR),Braum/Lillia (FR/IO),1,2,0.5
Braum/Lillia (FR/IO),Galio/Morgana/Udyr (DE/FR),1,2,0.5
Akshan/Nasus (SI/SH),Kayle/Morgana (FR/MT),1,2,0.5
Kayle/Morgana (FR/MT),Akshan/Nasus (SI/SH),1,2,0.5
Ryze (IO/RU),Darius/Gnar (FR/NX),1,2,0.5
Darius/Gnar (FR/NX),Ryze (IO/RU),1,2,0.5
Championless (PZ/SI),Akshan/Jack (BW/SH),1,2,0.5
Akshan/Jack (BW/SH),Championless (PZ/SI),1,2,0.5
Caitlyn/Swain (NX/PZ),Darius/Gwen (NX/SI),1,2,0.5
Darius/Gwen (NX/SI),Caitlyn/Swain (NX/PZ),1,2,0.5
Caitlyn/Swain (NX/PZ),Akshan/Sivir (NX/SH),1,2,0.5
Akshan/Sivir (NX/SH),Caitlyn/Swain (NX/PZ),1,2,0.5
Kalista (BC/SI),Gwen/Vayne (DE/SI),1,2,0.5
Gwen/Vayne (DE/SI),Kalista (BC/SI),1,2,0.5
Senna (PZ/SI),Janna/Senna (PZ/SI),1,2,0.5
Janna/Senna (PZ/SI),Senna (PZ/SI),1,2,0.5
Riven/Vi (NX/PZ),Akshan/Lee Sin (IO/SH),1,2,0.5
Akshan/Lee Sin (IO/SH),Riven/Vi (NX/PZ),1,2,0.5
Akshan/Lee Sin (IO/SH),Taric/Udyr (FR/MT),1,2,0.5
Taric/Udyr (FR/MT),Akshan/Lee Sin (IO/SH),1,2,0.5
Swain/Vladimir (BW/NX),Janna (PZ/SI),1,2,0.5
Janna (PZ/SI),Swain/Vladimir (BW/NX),1,2,0.5
Riven/Taric (MT/NX),Akshan/Nasus (SI/SH),1,2,0.5
Akshan/Nasus (SI/SH),Riven/Taric (MT/NX),1,2,0.5
Lillia/Udyr (FR/IO),Gwen/Kayle (MT/SI),1,2,0.5
Gwen/Kayle (MT/SI),Lillia/Udyr (FR/IO),1,2,0.5
Kayle (BW/MT),LeBlanc/Ornn (FR/NX),1,2,0.5
LeBlanc/Ornn (FR/NX),Kayle (BW/MT),1,2,0.5
Akshan/Sivir (NX/SH),Kalista (MT/SI),1,2,0.5
Kalista (MT/SI),Akshan/Sivir (NX/SH),1,2,0.5
Kayle/Leona (MT/NX),Jayce/Lux (DE/PZ),1,2,0.5
Jayce/Lux (DE/PZ),Kayle/Leona (MT/NX),1,2,0.5
Aphelios/Janna (MT/PZ),Ashe/LeBlanc (FR/NX),1,2,0.5
Ashe/LeBlanc (FR/NX),Aphelios/Janna (MT/PZ),1,2,0.5
Taric/Udyr (FR/MT),Darius/Gnar (FR/NX),1,2,0.5
Darius/Gnar (FR/NX),Taric/Udyr (FR/MT),1,2,0.5
Janna/Senna (PZ/SI),Neeko/Poppy (DE/RU),1,2,0.5
Neeko/Poppy (DE/RU),Janna/Senna (PZ/SI),1,2,0.5
Championless (SI),Gwen/Kalista (DE/SI),1,2,0.5
Gwen/Kalista (DE/SI),Championless (SI),1,2,0.5
Akshan/Renekton (SH),Championless (MT/NX),1,2,0.5
Championless (MT/NX),Akshan/Renekton (SH),1,2,0.5
Akshan/Renekton (SH),Akshan/Renekton (SH),1,2,0.5
Aphelios/Sett (IO/MT),Maokai/Nautilus (BW/SI),1,2,0.5
Maokai/Nautilus (BW/SI),Aphelios/Sett (IO/MT),1,2,0.5
Aphelios/Sett (IO/MT),Neeko/Poppy (DE/RU),1,2,0.5
Neeko/Poppy (DE/RU),Aphelios/Sett (IO/MT),1,2,0.5
Galio/Udyr (DE/FR),Gnar/Neeko (FR/RU),1,2,0.5
Gnar/Neeko (FR/RU),Galio/Udyr (DE/FR),1,2,0.5
Gwen (NX/SI),Gangplank/Sejuani (BW/FR),1,2,0.5
Gangplank/Sejuani (BW/FR),Gwen (NX/SI),1,2,0.5
Kayle/Leona (MT/NX),Nasus/Thresh (SI/SH),1,2,0.5
Nasus/Thresh (SI/SH),Kayle/Leona (MT/NX),1,2,0.5
Morgana/Udyr (DE/FR),Gangplank (BW/NX),1,2,0.5
Gangplank (BW/NX),Morgana/Udyr (DE/FR),1,2,0.5
Senna/Veigar (BC/SI),Illaoi/Lulu (BW/IO),1,2,0.5
Illaoi/Lulu (BW/IO),Senna/Veigar (BC/SI),1,2,0.5
Ashe/LeBlanc (FR/NX),Illaoi/Lulu (BW/IO),1,2,0.5
Illaoi/Lulu (BW/IO),Ashe/LeBlanc (FR/NX),1,2,0.5
Morgana/Udyr (DE/FR),Gnar/Sejuani (BC/FR),1,2,0.5
Gnar/Sejuani (BC/FR),Morgana/Udyr (DE/FR),1,2,0.5
Ashe/LeBlanc (FR/NX),Kayle/Leona (MT/NX),1,2,0.5
Kayle/Leona (MT/NX),Ashe/LeBlanc (FR/NX),1,2,0.5
Braum/Vladimir (FR/NX),Akshan/Nidalee (FR/SH),1,2,0.5
Akshan/Nidalee (FR/SH),Braum/Vladimir (FR/NX),1,2,0.5
Braum (FR/NX),Akshan/Lee Sin (IO/SH),1,2,0.5
Akshan/Lee Sin (IO/SH),Braum (FR/NX),1,2,0.5
Maokai/Nautilus (BW/SI),Braum/Kayle (FR/MT),1,2,0.5
Braum/Kayle (FR/MT),Maokai/Nautilus (BW/SI),1,2,0.5
Lillia (FR/IO),Yasuo (IO/NX),1,2,0.5
Yasuo (IO/NX),Lillia (FR/IO),1,2,0.5
Lillia (FR/IO),Galio/Udyr (DE/FR),1,2,0.5
Galio/Udyr (DE/FR),Lillia (FR/IO),1,2,0.5
Braum/Lillia (FR/IO),Caitlyn/Janna (FR/PZ),1,2,0.5
Caitlyn/Janna (FR/PZ),Braum/Lillia (FR/IO),1,2,0.5
Kayle (BW/MT),Gwen/Kalista (NX/SI),1,2,0.5
Gwen/Kalista (NX/SI),Kayle (BW/MT),1,2,0.5
Darius/Gnar (FR/NX),Gnar/Lillia (FR/IO),1,2,0.5
Gnar/Lillia (FR/IO),Darius/Gnar (FR/NX),1,2,0.5
Ashe/LeBlanc (FR/NX),Illaoi/Lillia (BW/IO),1,2,0.5
Illaoi/Lillia (BW/IO),Ashe/LeBlanc (FR/NX),1,2,0.5
Akshan/Morgana (MT/SH),Galio/Morgana (DE/FR),1,2,0.5
Galio/Morgana (DE/FR),Akshan/Morgana (MT/SH),1,2,0.5
Senna (PZ/SI),Akshan/Morgana (MT/SH),1,2,0.5
Akshan/Morgana (MT/SH),Senna (PZ/SI),1,2,0.5
Championless (MT/SI),Sett (IO/PZ),1,2,0.5
Sett (IO/PZ),Championless (MT/SI),1,2,0.5
Darius/Gnar (FR/NX),Lux/Morgana (DE/MT),1,2,0.5
Lux/Morgana (DE/MT),Darius/Gnar (FR/NX),1,2,0.5
Shen/Sivir (IO/SH),Yasuo (IO/NX),1,2,0.5
Yasuo (IO/NX),Shen/Sivir (IO/SH),1,2,0.5
Akshan/Varus (SH/RU),Gnar/Lillia (FR/IO),1,2,0.5
Gnar/Lillia (FR/IO),Akshan/Varus (SH/RU),1,2,0.5
Thresh (SI/SH),Senna/Veigar (BC/SI),1,2,0.5
Senna/Veigar (BC/SI),Thresh (SI/SH),1,2,0.5
Kalista (MT/SI),Ashe (FR/PZ),1,2,0.5
Ashe (FR/PZ),Kalista (MT/SI),1,2,0.5
Gnar/Riven (FR/NX),Championless (SI),1,2,0.5
Championless (SI),Gnar/Riven (FR/NX),1,2,0.5
Poppy/Tristana (BC/NX),Darius/Gnar (FR/NX),1,2,0.5
Darius/Gnar (FR/NX),Poppy/Tristana (BC/NX),1,2,0.5
Akshan/Morgana (MT/SH),Aatrox/Kayn (RU/RU),1,2,0.5
Aatrox/Kayn (RU/RU),Akshan/Morgana (MT/SH),1,2,0.5
Akshan/Kayn (RU/SH),Ashe/LeBlanc (FR/NX),1,2,0.5
Ashe/LeBlanc (FR/NX),Akshan/Kayn (RU/SH),1,2,0.5
Aphelios/Janna (MT/PZ),Senna/Veigar (BC/SI),1,2,0.5
Senna/Veigar (BC/SI),Aphelios/Janna (MT/PZ),1,2,0.5
Akshan/Senna (SI/SH),Ashe/LeBlanc (FR/NX),1,2,0.5
Ashe/LeBlanc (FR/NX),Akshan/Senna (SI/SH),1,2,0.5
Gangplank/Sejuani (BW/FR),Kayle/Leona (MT/NX),1,2,0.5
Kayle/Leona (MT/NX),Gangplank/Sejuani (BW/FR),1,2,0.5
Malphite/Yasuo (IO/MT),Jax/Ornn (FR/RU),1,2,0.5
Jax/Ornn (FR/RU),Malphite/Yasuo (IO/MT),1,2,0.5
Galio/Morgana (DE/MT),Galio/Udyr (DE/FR),1,2,0.5
Galio/Udyr (DE/FR),Galio/Morgana (DE/MT),1,2,0.5
Galio/Udyr (DE/FR),Malphite/Yasuo (IO/MT),1,2,0.5
Malphite/Yasuo (IO/MT),Galio/Udyr (DE/FR),1,2,0.5
Lux/Morgana (DE/MT),Galio/Udyr (DE/FR),1,2,0.5
Galio/Udyr (DE/FR),Lux/Morgana (DE/MT),1,2,0.5
Janna/Sett (IO/PZ),Yasuo (IO/NX),1,2,0.5
Yasuo (IO/NX),Janna/Sett (IO/PZ),1,2,0.5
Morgana/Udyr (DE/FR),Galio/Morgana/Udyr (DE/FR),1,2,0.5
Galio/Morgana/Udyr (DE/FR),Morgana/Udyr (DE/FR),1,2,0.5
Galio/Morgana/Udyr (DE/FR),Darius/LeBlanc (FR/NX),1,2,0.5
Darius/LeBlanc (FR/NX),Galio/Morgana/Udyr (DE/FR),1,2,0.5
Senna (PZ/SI),Aatrox/Kayn (RU/RU),1,2,0.5
Aatrox/Kayn (RU/RU),Senna (PZ/SI),1,2,0.5
Braum/Lillia (FR/IO),Thresh (SI/SH),1,2,0.5
Thresh (SI/SH),Braum/Lillia (FR/IO),1,2,0.5
Thresh (SI/SH),Akshan/Varus (SH/RU),1,2,0.5
Akshan/Varus (SH/RU),Thresh (SI/SH),1,2,0.5
Galio/Morgana (DE/FR),Neeko/Poppy (DE/RU),1,2,0.5
Neeko/Poppy (DE/RU),Galio/Morgana (DE/FR),1,2,0.5
Sett (IO/SI),Jayce/Lux (DE/PZ),1,2,0.5
Jayce/Lux (DE/PZ),Sett (IO/SI),1,2,0.5
Kayle (BW/MT),Darius/Gnar/Sejuani (FR/NX),1,2,0.5
Darius/Gnar/Sejuani (FR/NX),Kayle (BW/MT),1,2,0.5
Ashe/LeBlanc (FR/NX),Kalista/Thresh (FR/SI),1,2,0.5
Kalista/Thresh (FR/SI),Ashe/LeBlanc (FR/NX),1,2,0.5
Galio/Morgana (DE/MT),Akshan/Riven (NX/SH),1,2,0.5
Akshan/Riven (NX/SH),Galio/Morgana (DE/MT),1,2,0.5
Galio/Morgana (DE/MT),Galio/Morgana (DE/MT),1,2,0.5
Gwen/Riven (NX/SI),Nasus/Thresh (SI/SH),1,2,0.5
Nasus/Thresh (SI/SH),Gwen/Riven (NX/SI),1,2,0.5
Akshan/Nasus (SI/SH),Akshan/Nasus (SI/SH),1,2,0.5
Ashe/LeBlanc (FR/NX),Braum (FR/NX),1,2,0.5
Braum (FR/NX),Ashe/LeBlanc (FR/NX),1,2,0.5
Senna (PZ/SI),Illaoi/Vayne (BW/DE),1,2,0.5
Illaoi/Vayne (BW/DE),Senna (PZ/SI),1,2,0.5
Senna (PZ/SI),Galio/Morgana (DE/FR),1,2,0.5
Galio/Morgana (DE/FR),Senna (PZ/SI),1,2,0.5
Aphelios/Braum (FR/MT),Galio/Udyr (DE/FR),1,2,0.5
Galio/Udyr (DE/FR),Aphelios/Braum (FR/MT),1,2,0.5
Senna/Veigar (BC/SI),Akshan/Jack (BW/SH),1,2,0.5
Akshan/Jack (BW/SH),Senna/Veigar (BC/SI),1,2,0.5
Poppy/Taric (DE/MT),Akshan/Riven (NX/SH),1,2,0.5
Akshan/Riven (NX/SH),Poppy/Taric (DE/MT),1,2,0.5
Sejuani/Swain (FR/NX),Ashe (FR/PZ),1,2,0.5
Ashe (FR/PZ),Sejuani/Swain (FR/NX),1,2,0.5
Akshan/Lee Sin (IO/SH),Akshan/Viktor (PZ/SH),1,2,0.5
Akshan/Viktor (PZ/SH),Akshan/Lee Sin (IO/SH),1,2,0.5
Nasus/Renekton (SH),Gnar/Morgana (DE/FR),1,2,0.5
Gnar/Morgana (DE/FR),Nasus/Renekton (SH),1,2,0.5
Championless (SI),Morgana/Shyvana (DE/MT),1,2,0.5
Morgana/Shyvana (DE/MT),Championless (SI),1,2,0.5
Akshan/Jax (RU/SH),Championless (SI),1,2,0.5
Championless (SI),Akshan/Jax (RU/SH),1,2,0.5
Kayle (BW/MT),Morgana (MT/SI),1,2,0.5
Morgana (MT/SI),Kayle (BW/MT),1,2,0.5
Gwen/Swain (NX/SI),Lee Sin/Viktor (IO/PZ),1,2,0.5
Lee Sin/Viktor (IO/PZ),Gwen/Swain (NX/SI),1,2,0.5
Braum (FR/NX),Morgana (MT/SI),1,2,0.5
Morgana (MT/SI),Braum (FR/NX),1,2,0.5
Aphelios/Braum (FR/MT),Senna/Veigar (BC/SI),1,2,0.5
Senna/Veigar (BC/SI),Aphelios/Braum (FR/MT),1,2,0.5
Jack (BW/IO),Senna/Veigar (PZ/SI),1,2,0.5
Senna/Veigar (PZ/SI),Jack (BW/IO),1,2,0.5
Rumble/Sion (BC/NX),Championless (BC/BW),1,2,0.5
Championless (BC/BW),Rumble/Sion (BC/NX),1,2,0.5
Swain/Yasuo (IO/NX),Rumble/Sion (BC/NX),1,2,0.5
Rumble/Sion (BC/NX),Swain/Yasuo (IO/NX),1,2,0.5
Riven/Viktor (NX/PZ),Janna/Malphite (MT/PZ),1,2,0.5
Janna/Malphite (MT/PZ),Riven/Viktor (NX/PZ),1,2,0.5
Maokai (BW/SI),Senna/Veigar (PZ/SI),1,2,0.5
Senna/Veigar (PZ/SI),Maokai (BW/SI),1,2,0.5
Senna/Veigar (PZ/SI),Sejuani/Swain (FR/NX),1,2,0.5
Sejuani/Swain (FR/NX),Senna/Veigar (PZ/SI),1,2,0.5
Akshan/Kayn (RU/SH),Jayce/Lux (DE/PZ),1,2,0.5
Jayce/Lux (DE/PZ),Akshan/Kayn (RU/SH),1,2,0.5
Jax/Ornn (FR/RU),Gnar/Renekton (FR/SH),1,2,0.5
Gnar/Renekton (FR/SH),Jax/Ornn (FR/RU),1,2,0.5
Ashe/LeBlanc (FR/NX),Gnar/Renekton (FR/SH),1,2,0.5
Gnar/Renekton (FR/SH),Ashe/LeBlanc (FR/NX),1,2,0.5
Ashe/Tahm Kench (BW/FR),Gnar/Renekton (FR/SH),1,2,0.5
Gnar/Renekton (FR/SH),Ashe/Tahm Kench (BW/FR),1,2,0.5
Akshan/Nidalee/Sivir (DE/SH),Braum/Lillia (FR/IO),1,2,0.5
Braum/Lillia (FR/IO),Akshan/Nidalee/Sivir (DE/SH),1,2,0.5
Shyvana (DE/MT),Gangplank/Sejuani (BW/FR),1,2,0.5
Gangplank/Sejuani (BW/FR),Shyvana (DE/MT),1,2,0.5
Aatrox/Kayn (RU/RU),Neeko/Renekton (RU/SH),1,2,0.5
Neeko/Renekton (RU/SH),Aatrox/Kayn (RU/RU),1,2,0.5
Gwen/Janna (PZ/SI),Championless (SI),1,2,0.5
Championless (SI),Gwen/Janna (PZ/SI),1,2,0.5
Sett/Udyr (FR/IO),Maokai/Nautilus (BW/SI),1,2,0.5
Maokai/Nautilus (BW/SI),Sett/Udyr (FR/IO),1,2,0.5
Poppy/Taric (DE/MT),Kalista (SI),1,2,0.5
Kalista (SI),Poppy/Taric (DE/MT),1,2,0.5
Ashe (FR/PZ),Neeko/Renekton (RU/SH),1,2,0.5
Neeko/Renekton (RU/SH),Ashe (FR/PZ),1,2,0.5
Aphelios/Viktor (MT/PZ),Neeko/Renekton (RU/SH),1,2,0.5
Neeko/Renekton (RU/SH),Aphelios/Viktor (MT/PZ),1,2,0.5
Kayle (BW/MT),Akshan/Nidalee/Sivir (DE/SH),1,2,0.5
Akshan/Nidalee/Sivir (DE/SH),Kayle (BW/MT),1,2,0.5
Aatrox/Jack (RU/BW),Darius/Gnar (FR/NX),1,2,0.5
Darius/Gnar (FR/NX),Aatrox/Jack (RU/BW),1,2,0.5
Aatrox/Jack (RU/BW),Aatrox/Jack (RU/BW),1,2,0.5
Akshan/Kayn (RU/SH),Riven/Viktor (NX/PZ),1,2,0.5
Riven/Viktor (NX/PZ),Akshan/Kayn (RU/SH),1,2,0.5
Maokai/Nautilus (BW/SI),Akshan/Lillia (IO/SH),1,2,0.5
Akshan/Lillia (IO/SH),Maokai/Nautilus (BW/SI),1,2,0.5
Akshan/Udyr (FR/SH),Jayce (PZ/SI),1,2,0.5
Jayce (PZ/SI),Akshan/Udyr (FR/SH),1,2,0.5
Braum/Vladimir (FR/NX),Janna/Morgana (MT/PZ),1,2,0.5
Janna/Morgana (MT/PZ),Braum/Vladimir (FR/NX),1,2,0.5
Riven/Viktor (NX/PZ),Gwen/LeBlanc (NX/SI),1,2,0.5
Gwen/LeBlanc (NX/SI),Riven/Viktor (NX/PZ),1,2,0.5
Lulu/Taric (IO/MT),Rumble/Sion (BC/NX),1,2,0.5
Rumble/Sion (BC/NX),Lulu/Taric (IO/MT),1,2,0.5
Gangplank/Swain (BW/NX),Nasus (SI/SH),1,2,0.5
Nasus (SI/SH),Gangplank/Swain (BW/NX),1,2,0.5
Braum/Janna (FR/PZ),Braum/Lillia (FR/IO),1,2,0.5
Braum/Lillia (FR/IO),Braum/Janna (FR/PZ),1,2,0.5
Leona/Yasuo (IO/MT),Lee Sin/Viktor (IO/PZ),1,2,0.5
Lee Sin/Viktor (IO/PZ),Leona/Yasuo (IO/MT),1,2,0.5
Shyvana (DE/MT),Shen/Sivir (IO/SH),1,2,0.5
Shen/Sivir (IO/SH),Shyvana (DE/MT),1,2,0.5
Kayle/Shyvana (DE/MT),Viktor (BC/PZ),1,2,0.5
Viktor (BC/PZ),Kayle/Shyvana (DE/MT),1,2,0.5
Akshan/Varus (SH/RU),Morgana (DE/MT),1,2,0.5
Morgana (DE/MT),Akshan/Varus (SH/RU),1,2,0.5
Morgana/Viktor (MT/PZ),Akshan/Varus (SH/RU),1,2,0.5
Akshan/Varus (SH/RU),Morgana/Viktor (MT/PZ),1,2,0.5
Janna/Senna (PZ/SI),Ashe (FR/PZ),1,2,0.5
Ashe (FR/PZ),Janna/Senna (PZ/SI),1,2,0.5
Galio/Udyr (DE/FR),Senna/Veigar (PZ/SI),1,2,0.5
Senna/Veigar (PZ/SI),Galio/Udyr (DE/FR),1,2,0.5
Poppy (DE/FR),Championless (SI),1,2,0.5
Championless (SI),Poppy (DE/FR),1,2,0.5
Riven/Taric (MT/NX),Championless (PZ/SI),1,2,0.5
Championless (PZ/SI),Riven/Taric (MT/NX),1,2,0.5
Darius/Gnar (FR/NX),Garen/Neeko (DE/RU),1,2,0.5
Garen/Neeko (DE/RU),Darius/Gnar (FR/NX),1,2,0.5
Riven/Viktor (NX/PZ),Jack/Lillia (BW/IO),1,2,0.5
Jack/Lillia (BW/IO),Riven/Viktor (NX/PZ),1,2,0.5
Caitlyn/Janna (PZ/SI),LeBlanc/Sivir (NX/SH),1,2,0.5
LeBlanc/Sivir (NX/SH),Caitlyn/Janna (PZ/SI),1,2,0.5
Kayle/Lillia (IO/MT),Sejuani/Swain (FR/NX),1,2,0.5
Sejuani/Swain (FR/NX),Kayle/Lillia (IO/MT),1,2,0.5
Poppy/Taric (DE/MT),Riven/Viktor (NX/PZ),1,2,0.5
Riven/Viktor (NX/PZ),Poppy/Taric (DE/MT),1,2,0.5
Akshan/Nasus/Renekton (SH),Nidalee (BC/SH),1,2,0.5
Nidalee (BC/SH),Akshan/Nasus/Renekton (SH),1,2,0.5
Gwen/Kayle (MT/SI),Senna/Veigar (PZ/SI),1,2,0.5
Senna/Veigar (PZ/SI),Gwen/Kayle (MT/SI),1,2,0.5
Gnar (BC/MT),Ashe/LeBlanc (FR/NX),1,2,0.5
Ashe/LeBlanc (FR/NX),Gnar (BC/MT),1,2,0.5
Championless (SI),Janna/Varus (PZ/RU),1,2,0.5
Janna/Varus (PZ/RU),Championless (SI),1,2,0.5
Janna/Varus (PZ/RU),Championless (PZ/SI),1,2,0.5
Championless (PZ/SI),Janna/Varus (PZ/RU),1,2,0.5
Kalista (SI),Senna (PZ/SI),1,2,0.5
Senna (PZ/SI),Kalista (SI),1,2,0.5
Udyr (FR/IO),Riven/Viktor (NX/PZ),1,2,0.5
Riven/Viktor (NX/PZ),Udyr (FR/IO),1,2,0.5
Lulu/Poppy (DE/IO),Akshan/Varus (SH/RU),1,2,0.5
Akshan/Varus (SH/RU),Lulu/Poppy (DE/IO),1,2,0.5
Ashe/LeBlanc (FR/NX),Janna (PZ/SH),1,2,0.5
Janna (PZ/SH),Ashe/LeBlanc (FR/NX),1,2,0.5
Braum (FR/MT),Maokai/Nautilus (BW/SI),1,2,0.5
Maokai/Nautilus (BW/SI),Braum (FR/MT),1,2,0.5
Garen/Udyr (DE/FR),Championless (SI),1,2,0.5
Championless (SI),Garen/Udyr (DE/FR),1,2,0.5
LeBlanc/Sivir (NX/SH),Jack/Lillia (BW/IO),1,2,0.5
Jack/Lillia (BW/IO),LeBlanc/Sivir (NX/SH),1,2,0.5
Nasus (SI/SH),Nasus/Senna (SI/SH),1,2,0.5
Nasus/Senna (SI/SH),Nasus (SI/SH),1,2,0.5
Gnar/Nidalee (BC/SH),Akshan/Nidalee (BC/SH),1,2,0.5
Akshan/Nidalee (BC/SH),Gnar/Nidalee (BC/SH),1,2,0.5
Janna/Senna (PZ/SI),Braum/Vladimir (FR/NX),1,2,0.5
Braum/Vladimir (FR/NX),Janna/Senna (PZ/SI),1,2,0.5
Kayle/Shyvana (DE/MT),Kalista (SI),1,2,0.5
Kalista (SI),Kayle/Shyvana (DE/MT),1,2,0.5
Ashe/Sejuani (FR/NX),Janna/Senna (PZ/SI),1,2,0.5
Janna/Senna (PZ/SI),Ashe/Sejuani (FR/NX),1,2,0.5
Kayle (BW/MT),Swain/Yasuo (IO/NX),1,2,0.5
Swain/Yasuo (IO/NX),Kayle (BW/MT),1,2,0.5
Maokai/Nautilus (BW/SI),Morgana/Riven (MT/NX),1,2,0.5
Morgana/Riven (MT/NX),Maokai/Nautilus (BW/SI),1,2,0.5
Janna/Viktor (BW/PZ),Maokai/Nautilus (BW/SI),1,2,0.5
Maokai/Nautilus (BW/SI),Janna/Viktor (BW/PZ),1,2,0.5
Jayce (PZ/SI),Senna/Veigar (BC/SI),1,2,0.5
Senna/Veigar (BC/SI),Jayce (PZ/SI),1,2,0.5
Jayce (PZ/SI),Ashe (FR/PZ),1,2,0.5
Ashe (FR/PZ),Jayce (PZ/SI),1,2,0.5
Lee Sin/Riven (IO/NX),Maokai/Nautilus (BW/SI),1,2,0.5
Maokai/Nautilus (BW/SI),Lee Sin/Riven (IO/NX),1,2,0.5
Riven/Viktor (NX/PZ),Braum/Udyr/Vladimir (FR/NX),1,2,0.5
Braum/Udyr/Vladimir (FR/NX),Riven/Viktor (NX/PZ),1,2,0.5
Ashe/Nasus (FR/SH),Morgana/Udyr (DE/FR),1,2,0.5
Morgana/Udyr (DE/FR),Ashe/Nasus (FR/SH),1,2,0.5
Garen/Poppy (BC/DE),Senna/Veigar (PZ/SI),1,2,0.5
Senna/Veigar (PZ/SI),Garen/Poppy (BC/DE),1,2,0.5
Morgana/Udyr (DE/FR),Varus/Viktor (PZ/RU),1,2,0.5
Varus/Viktor (PZ/RU),Morgana/Udyr (DE/FR),1,2,0.5
Shyvana (DE/MT),LeBlanc/Sivir (NX/SH),1,2,0.5
LeBlanc/Sivir (NX/SH),Shyvana (DE/MT),1,2,0.5
Nidalee (BC/SH),Morgana/Riven (MT/NX),1,2,0.5
Morgana/Riven (MT/NX),Nidalee (BC/SH),1,2,0.5
Darius/Gnar (FR/NX),Leona/Vladimir (MT/NX),1,2,0.5
Leona/Vladimir (MT/NX),Darius/Gnar (FR/NX),1,2,0.5
Maokai/Nautilus (BW/SI),Aatrox (RU/BW),1,2,0.5
Aatrox (RU/BW),Maokai/Nautilus (BW/SI),1,2,0.5
Lee Sin/Viktor (IO/PZ),Braum/Garen/Udyr (DE/FR),1,2,0.5
Braum/Garen/Udyr (DE/FR),Lee Sin/Viktor (IO/PZ),1,2,0.5
Braum/Garen/Udyr (DE/FR),Riven/Viktor (NX/PZ),1,2,0.5
Riven/Viktor (NX/PZ),Braum/Garen/Udyr (DE/FR),1,2,0.5
Gangplank/Nidalee (BW/SH),Rumble/Sion (BC/NX),1,2,0.5
Rumble/Sion (BC/NX),Gangplank/Nidalee (BW/SH),1,2,0.5
Lulu/Shen (IO/MT),Jayce/Udyr (FR/PZ),1,2,0.5
Jayce/Udyr (FR/PZ),Lulu/Shen (IO/MT),1,2,0.5
Kayle (BW/MT),Akshan/Caitlyn (PZ/SH),1,2,0.5
Akshan/Caitlyn (PZ/SH),Kayle (BW/MT),1,2,0.5
Lulu/Shen (IO/MT),Maokai/Nautilus (BW/SI),1,2,0.5
Maokai/Nautilus (BW/SI),Lulu/Shen (IO/MT),1,2,0.5
Jack/Kayn (BW/RU),Kalista (MT/SI),1,2,0.5
Kalista (MT/SI),Jack/Kayn (BW/RU),1,2,0.5
Leona/Sett (IO/MT),Gwen/Sejuani (FR/SI),1,2,0.5
Gwen/Sejuani (FR/SI),Leona/Sett (IO/MT),1,2,0.5
Ashe/Janna (FR/PZ),Ashe (FR/PZ),1,2,0.5
Ashe (FR/PZ),Ashe/Janna (FR/PZ),1,2,0.5
Senna/Veigar (BC/SI),Udyr (BW/FR),1,2,0.5
Udyr (BW/FR),Senna/Veigar (BC/SI),1,2,0.5
Udyr (BW/FR),LeBlanc/Sivir (NX/SH),1,2,0.5
LeBlanc/Sivir (NX/SH),Udyr (BW/FR),1,2,0.5
Lulu/Poppy (DE/IO),Kalista (SI),1,2,0.5
Kalista (SI),Lulu/Poppy (DE/IO),1,2,0.5
Braum/Lillia (FR/IO),Akshan/Riven (NX/SH),1,2,0.5
Akshan/Riven (NX/SH),Braum/Lillia (FR/IO),1,2,0.5
Janna (PZ/SI),Gnar/Sejuani (BC/FR),1,2,0.5
Gnar/Sejuani (BC/FR),Janna (PZ/SI),1,2,0.5
Aphelios/Viktor (MT/PZ),Senna/Veigar (PZ/SI),1,2,0.5
Senna/Veigar (PZ/SI),Aphelios/Viktor (MT/PZ),1,2,0.5
Garen (DE/NX),Championless (SI),1,2,0.5
Championless (SI),Garen (DE/NX),1,2,0.5
Kayle (BW/MT),Lillia/Malphite (IO/MT),1,2,0.5
Lillia/Malphite (IO/MT),Kayle (BW/MT),1,2,0.5
Senna/Veigar (PZ/SI),Championless (BC/BW),1,2,0.5
Championless (BC/BW),Senna/Veigar (PZ/SI),1,2,0.5
Gangplank/Nidalee (BW/SH),Akshan/Varus (SH/RU),1,2,0.5
Akshan/Varus (SH/RU),Gangplank/Nidalee (BW/SH),1,2,0.5
Gnar (BC/NX),Nasus (SI/SH),1,2,0.5
Nasus (SI/SH),Gnar (BC/NX),1,2,0.5
Darius/LeBlanc (FR/NX),Riven/Viktor (NX/PZ),1,2,0.5
Riven/Viktor (NX/PZ),Darius/LeBlanc (FR/NX),1,2,0.5
Maokai/Nautilus (BW/SI),Sion/Thresh (NX/SI),1,2,0.5
Sion/Thresh (NX/SI),Maokai/Nautilus (BW/SI),1,2,0.5
Morgana/Taric (IO/MT),Championless (SI),1,2,0.5
Championless (SI),Morgana/Taric (IO/MT),1,2,0.5
Akshan/Udyr (FR/SH),Neeko/Poppy (DE/RU),1,2,0.5
Neeko/Poppy (DE/RU),Akshan/Udyr (FR/SH),1,2,0.5
LeBlanc/Sivir (NX/SH),Championless (BC/BW),1,2,0.5
Championless (BC/BW),LeBlanc/Sivir (NX/SH),1,2,0.5
Akshan/Varus (SH/RU),Championless (FR/SI),1,2,0.5
Championless (FR/SI),Akshan/Varus (SH/RU),1,2,0.5
Gangplank/Sejuani (BW/FR),Caitlyn (FR/PZ),1,2,0.5
Caitlyn (FR/PZ),Gangplank/Sejuani (BW/FR),1,2,0.5
Nasus (SI/SH),Akshan/Riven (NX/SH),1,2,0.5
Akshan/Riven (NX/SH),Nasus (SI/SH),1,2,0.5
Neeko/Poppy (DE/RU),Championless (IO/SI),1,2,0.5
Championless (IO/SI),Neeko/Poppy (DE/RU),1,2,0.5
Aphelios/Lee Sin (IO/MT),Ashe/Janna (FR/PZ),1,2,0.5
Ashe/Janna (FR/PZ),Aphelios/Lee Sin (IO/MT),1,2,0.5
Janna/Senna (PZ/SI),LeBlanc/Sivir (NX/SH),1,2,0.5
LeBlanc/Sivir (NX/SH),Janna/Senna (PZ/SI),1,2,0.5
Nasus/Senna (SI/SH),Akshan/Nidalee/Sivir (DE/SH),1,2,0.5
Akshan/Nidalee/Sivir (DE/SH),Nasus/Senna (SI/SH),1,2,0.5
Jack/Lillia (BW/IO),Illaoi/Vayne (BW/DE),1,2,0.5
Illaoi/Vayne (BW/DE),Jack/Lillia (BW/IO),1,2,0.5
Maokai/Nautilus (BW/SI),Jack/Lillia (BW/IO),1,2,0.5
Jack/Lillia (BW/IO),Maokai/Nautilus (BW/SI),1,2,0.5
Kai'Sa/Viktor (PZ/SH),Jax/Rumble (BC/RU),1,2,0.5
Jax/Rumble (BC/RU),Kai'Sa/Viktor (PZ/SH),1,2,0.5
Senna/Veigar (PZ/SI),Nasus/Senna (SI/SH),1,2,0.5
Nasus/Senna (SI/SH),Senna/Veigar (PZ/SI),1,2,0.5
Senna/Veigar (PZ/SI),Braum/Kayle/Morgana (FR/MT),1,2,0.5
Braum/Kayle/Morgana (FR/MT),Senna/Veigar (PZ/SI),1,2,0.5
Braum/Lillia (FR/IO),Jax/Rumble (BC/RU),1,2,0.5
Jax/Rumble (BC/RU),Braum/Lillia (FR/IO),1,2,0.5
Senna/Veigar (BC/SI),Jax/Rumble (BC/RU),1,2,0.5
Jax/Rumble (BC/RU),Senna/Veigar (BC/SI),1,2,0.5
Sett/Taric (IO/MT),Braum/Vladimir (FR/NX),1,2,0.5
Braum/Vladimir (FR/NX),Sett/Taric (IO/MT),1,2,0.5
Jayce (FR/PZ),Akshan/Varus (SH/RU),1,2,0.5
Akshan/Varus (SH/RU),Jayce (FR/PZ),1,2,0.5
Maokai/Nautilus (BW/SI),Lulu/Poppy (DE/IO),1,2,0.5
Lulu/Poppy (DE/IO),Maokai/Nautilus (BW/SI),1,2,0.5
Senna/Veigar (PZ/SI),Janna (FR/PZ),1,2,0.5
Janna (FR/PZ),Senna/Veigar (PZ/SI),1,2,0.5
Kalista (NX/SI),Garen/Kayle (DE/MT),1,2,0.5
Garen/Kayle (DE/MT),Kalista (NX/SI),1,2,0.5
Neeko/Poppy (DE/RU),Lulu/Poppy (DE/IO),1,2,0.5
Lulu/Poppy (DE/IO),Neeko/Poppy (DE/RU),1,2,0.5
Morgana/Riven (MT/NX),Janna/Senna (PZ/SI),1,2,0.5
Janna/Senna (PZ/SI),Morgana/Riven (MT/NX),1,2,0.5
Jax/Tristana (BC/RU),Nasus/Thresh (SI/SH),1,2,0.5
Nasus/Thresh (SI/SH),Jax/Tristana (BC/RU),1,2,0.5
Morgana/Shyvana (DE/FR),Ashe/LeBlanc (FR/NX),1,2,0.5
Ashe/LeBlanc (FR/NX),Morgana/Shyvana (DE/FR),1,2,0.5
Garen/Poppy (DE),Ashe (FR/PZ),1,2,0.5
Ashe (FR/PZ),Garen/Poppy (DE),1,2,0.5
Vayne/Vi (DE/PZ),Nasus/Thresh (SI/SH),1,2,0.5
Nasus/Thresh (SI/SH),Vayne/Vi (DE/PZ),1,2,0.5
Janna/Sett (IO/PZ),Lillia/Udyr (FR/IO),1,2,0.5
Lillia/Udyr (FR/IO),Janna/Sett (IO/PZ),1,2,0.5
Gangplank/Sejuani (BW/FR),Viktor (BC/PZ),1,2,0.5
Viktor (BC/PZ),Gangplank/Sejuani (BW/FR),1,2,0.5
Championless (SI),Jack/Morgana (BW/DE),1,2,0.5
Jack/Morgana (BW/DE),Championless (SI),1,2,0.5
Gangplank/Gnar (BC/BW),Morgana/Vayne (DE/PZ),1,2,0.5
Morgana/Vayne (DE/PZ),Gangplank/Gnar (BC/BW),1,2,0.5
Neeko/Poppy (DE/RU),Ashe/Tahm Kench (BW/FR),1,2,0.5
Ashe/Tahm Kench (BW/FR),Neeko/Poppy (DE/RU),1,2,0.5
Akshan/Nasus/Renekton (SH),Senna (PZ/SI),1,2,0.5
Senna (PZ/SI),Akshan/Nasus/Renekton (SH),1,2,0.5
Jax/Tristana (BC/RU),Jayce/Lux (DE/PZ),1,2,0.5
Jayce/Lux (DE/PZ),Jax/Tristana (BC/RU),1,2,0.5
Akshan/Nidalee/Sivir (DE/SH),LeBlanc/Sivir (NX/SH),1,2,0.5
LeBlanc/Sivir (NX/SH),Akshan/Nidalee/Sivir (DE/SH),1,2,0.5
Aatrox (RU/BW),LeBlanc/Sivir (NX/SH),1,2,0.5
LeBlanc/Sivir (NX/SH),Aatrox (RU/BW),1,2,0.5
Braum/Garen/Udyr (DE/FR),Shyvana (DE/MT),1,2,0.5
Shyvana (DE/MT),Braum/Garen/Udyr (DE/FR),1,2,0.5
Gwen/LeBlanc (NX/SI),Championless (MT/SI),1,2,0.5
Championless (MT/SI),Gwen/LeBlanc (NX/SI),1,2,0.5
Nidalee/Sivir (BC/SH),Aatrox/Kayn (RU/RU),1,2,0.5
Aatrox/Kayn (RU/RU),Nidalee/Sivir (BC/SH),1,2,0.5
Nidalee (BC/SH),Braum/Garen/Udyr (DE/FR),1,2,0.5
Braum/Garen/Udyr (DE/FR),Nidalee (BC/SH),1,2,0.5
Lulu/Taric (IO/MT),Darius/Gnar (FR/NX),1,2,0.5
Darius/Gnar (FR/NX),Lulu/Taric (IO/MT),1,2,0.5
Nidalee/Sivir (BC/SH),Senna/Veigar (BC/SI),1,2,0.5
Senna/Veigar (BC/SI),Nidalee/Sivir (BC/SH),1,2,0.5
Nidalee/Sivir (BC/SH),Senna (PZ/SI),1,2,0.5
Senna (PZ/SI),Nidalee/Sivir (BC/SH),1,2,0.5
Morgana/Viktor (MT/PZ),Ashe (FR/PZ),1,2,0.5
Ashe (FR/PZ),Morgana/Viktor (MT/PZ),1,2,0.5
Braum/Leona (FR/MT),Darius/Gnar (FR/NX),1,2,0.5
Darius/Gnar (FR/NX),Braum/Leona (FR/MT),1,2,0.5
Maokai (BW/SI),Gangplank/Sejuani (BW/FR),1,2,0.5
Gangplank/Sejuani (BW/FR),Maokai (BW/SI),1,2,0.5
Gnar/Tristana (BC/SH),Neeko/Poppy (DE/RU),1,2,0.5
Neeko/Poppy (DE/RU),Gnar/Tristana (BC/SH),1,2,0.5
Akshan/Sivir (IO/SH),Jayce/Lux (DE/PZ),1,2,0.5
Jayce/Lux (DE/PZ),Akshan/Sivir (IO/SH),1,2,0.5
Veigar (BC/NX),Lulu/Taric (IO/MT),1,2,0.5
Lulu/Taric (IO/MT),Veigar (BC/NX),1,2,0.5
Championless (SI),Veigar (BC/NX),1,2,0.5
Veigar (BC/NX),Championless (SI),1,2,0.5
Jayce/Lux (DE/PZ),Swain (FR/NX),1,2,0.5
Swain (FR/NX),Jayce/Lux (DE/PZ),1,2,0.5
Kalista (NX/SI),Darius/Gnar (FR/NX),1,2,0.5
Darius/Gnar (FR/NX),Kalista (NX/SI),1,2,0.5
Garen/Shen (DE/IO),Garen/Shen (DE/IO),1,2,0.5
Senna/Veigar (PZ/SI),Lulu/Shen (IO/MT),1,2,0.5
Lulu/Shen (IO/MT),Senna/Veigar (PZ/SI),1,2,0.5
Kalista (NX/SI),Ashe (FR/PZ),1,2,0.5
Ashe (FR/PZ),Kalista (NX/SI),1,2,0.5
Nasus/Thresh (SI/SH),Galio/Morgana (DE/FR),1,2,0.5
Galio/Morgana (DE/FR),Nasus/Thresh (SI/SH),1,2,0.5
Aphelios/Tahm Kench (BW/MT),Maokai/Nautilus (BW/SI),1,2,0.5
Maokai/Nautilus (BW/SI),Aphelios/Tahm Kench (BW/MT),1,2,0.5
Darius/Gnar (FR/NX),Aphelios/Tahm Kench (BW/MT),1,2,0.5
Aphelios/Tahm Kench (BW/MT),Darius/Gnar (FR/NX),1,2,0.5
Gangplank/Sejuani (BW/FR),Janna (PZ/SI),1,2,0.5
Janna (PZ/SI),Gangplank/Sejuani (BW/FR),1,2,0.5
Kayle (BW/MT),Sett/Veigar (BC/IO),1,2,0.5
Sett/Veigar (BC/IO),Kayle (BW/MT),1,2,0.5
Braum/Lillia (FR/IO),Sett/Veigar (BC/IO),1,2,0.5
Sett/Veigar (BC/IO),Braum/Lillia (FR/IO),1,2,0.5
Braum/Lillia (FR/IO),Shyvana (DE/MT),1,2,0.5
Shyvana (DE/MT),Braum/Lillia (FR/IO),1,2,0.5
Akshan/Sivir (IO/SH),Championless (PZ/SI),1,2,0.5
Championless (PZ/SI),Akshan/Sivir (IO/SH),1,2,0.5
Akshan/Sivir (IO/SH),Kayle (BW/MT),1,2,0.5
Kayle (BW/MT),Akshan/Sivir (IO/SH),1,2,0.5
Darius/LeBlanc/Riven (BW/NX),Braum/Kayle/Morgana (FR/MT),1,2,0.5
Braum/Kayle/Morgana (FR/MT),Darius/LeBlanc/Riven (BW/NX),1,2,0.5
Swain/Udyr (FR/NX),Ashe (FR/PZ),1,2,0.5
Ashe (FR/PZ),Swain/Udyr (FR/NX),1,2,0.5
Riven/Viktor (NX/PZ),Lulu/Shen (IO/MT),1,2,0.5
Lulu/Shen (IO/MT),Riven/Viktor (NX/PZ),1,2,0.5
Jack/Sett (BW/IO),Senna (PZ/SI),1,2,0.5
Senna (PZ/SI),Jack/Sett (BW/IO),1,2,0.5
Kalista/Veigar (BC/SI),Darius/Gnar (FR/NX),1,2,0.5
Darius/Gnar (FR/NX),Kalista/Veigar (BC/SI),1,2,0.5
Ashe (FR/PZ),Sion (BC/NX),1,2,0.5
Sion (BC/NX),Ashe (FR/PZ),1,2,0.5
Championless (SI),Sion (BC/NX),1,2,0.5
Sion (BC/NX),Championless (SI),1,2,0.5
Ashe/LeBlanc (FR/NX),Jack/Morgana (BW/DE),1,2,0.5
Jack/Morgana (BW/DE),Ashe/LeBlanc (FR/NX),1,2,0.5
Sejuani/Swain (FR/NX),Gwen/LeBlanc (NX/SI),1,2,0.5
Gwen/LeBlanc (NX/SI),Sejuani/Swain (FR/NX),1,2,0.5
Lee Sin/Viktor (IO/PZ),Aatrox/Varus (RU/RU),1,2,0.5
Aatrox/Varus (RU/RU),Lee Sin/Viktor (IO/PZ),1,2,0.5
Akshan/Nidalee (FR/SH),Darius/Gnar (FR/NX),1,2,0.5
Darius/Gnar (FR/NX),Akshan/Nidalee (FR/SH),1,2,0.5
Galio/Poppy (DE/IO),Jayce/Lux (DE/PZ),1,2,0.5
Jayce/Lux (DE/PZ),Galio/Poppy (DE/IO),1,2,0.5
Gwen/Riven (NX/SI),Gwen/Riven (NX/SI),1,2,0.5
Nidalee/Sivir (BC/SH),Riven/Viktor (NX/PZ),1,2,0.5
Riven/Viktor (NX/PZ),Nidalee/Sivir (BC/SH),1,2,0.5
Galio/Poppy (DE/IO),Gwen/Riven (NX/SI),1,2,0.5
Gwen/Riven (NX/SI),Galio/Poppy (DE/IO),1,2,0.5
Galio/Poppy (DE/IO),LeBlanc/Sivir (NX/SH),1,2,0.5
LeBlanc/Sivir (NX/SH),Galio/Poppy (DE/IO),1,2,0.5
Braum/Udyr/Vladimir (FR/NX),Championless (MT/SI),1,2,0.5
Championless (MT/SI),Braum/Udyr/Vladimir (FR/NX),1,2,0.5
Gnar/Nidalee (BC/SH),Aatrox/Varus (RU/RU),1,2,0.5
Aatrox/Varus (RU/RU),Gnar/Nidalee (BC/SH),1,2,0.5
Kayn/Ornn (FR/RU),Illaoi/Swain (BW/NX),1,2,0.5
Illaoi/Swain (BW/NX),Kayn/Ornn (FR/RU),1,2,0.5
Ashe/LeBlanc (FR/NX),Braum/Morgana (FR/MT),1,2,0.5
Braum/Morgana (FR/MT),Ashe/LeBlanc (FR/NX),1,2,0.5
Braum/Garen (DE/FR),Garen/Shen (DE/IO),1,2,0.5
Garen/Shen (DE/IO),Braum/Garen (DE/FR),1,2,0.5
Braum/Garen (DE/FR),Rumble/Sion (BC/NX),1,2,0.5
Rumble/Sion (BC/NX),Braum/Garen (DE/FR),1,2,0.5
Ashe/Lillia (FR/IO),Kalista (SI),1,2,0.5
Kalista (SI),Ashe/Lillia (FR/IO),1,2,0.5
Gwen/Riven (NX/SI),Galio/Udyr (DE/FR),1,2,0.5
Galio/Udyr (DE/FR),Gwen/Riven (NX/SI),1,2,0.5
Akshan/Varus (SH/RU),Gwen/Kalista (SI),1,2,0.5
Gwen/Kalista (SI),Akshan/Varus (SH/RU),1,2,0.5
Ornn/Varus (FR/RU),Neeko/Poppy (DE/RU),1,2,0.5
Neeko/Poppy (DE/RU),Ornn/Varus (FR/RU),1,2,0.5
Kayle/Leona (MT/NX),Neeko/Poppy (DE/RU),1,2,0.5
Neeko/Poppy (DE/RU),Kayle/Leona (MT/NX),1,2,0.5
Senna/Veigar (BC/SI),Gwen (FR/SI),1,2,0.5
Gwen (FR/SI),Senna/Veigar (BC/SI),1,2,0.5
Morgana/Riven (MT/NX),Gwen/Riven (NX/SI),1,2,0.5
Gwen/Riven (NX/SI),Morgana/Riven (MT/NX),1,2,0.5
Nidalee (BC/SH),Vladimir (DE/NX),1,2,0.5
Vladimir (DE/NX),Nidalee (BC/SH),1,2,0.5
Gwen/Kalista (SI),Akshan/Lee Sin (IO/SH),1,2,0.5
Akshan/Lee Sin (IO/SH),Gwen/Kalista (SI),1,2,0.5
Sion/Thresh (NX/SI),Braum/Lillia (FR/IO),1,2,0.5
Braum/Lillia (FR/IO),Sion/Thresh (NX/SI),1,2,0.5
Garen/Neeko (DE/RU),Senna/Veigar (BC/SI),1,2,0.5
Senna/Veigar (BC/SI),Garen/Neeko (DE/RU),1,2,0.5
Darius/LeBlanc/Riven (BW/NX),Jack/Sett (BW/IO),1,2,0.5
Jack/Sett (BW/IO),Darius/LeBlanc/Riven (BW/NX),1,2,0.5
Braum/Vladimir (FR/NX),Kayle (BC/MT),1,2,0.5
Kayle (BC/MT),Braum/Vladimir (FR/NX),1,2,0.5
Lulu/Taric (BC/MT),Championless (SI),1,2,0.5
Championless (SI),Lulu/Taric (BC/MT),1,2,0.5
Gangplank/Senna (BW/SI),Jayce/Lux (DE/PZ),1,2,0.5
Jayce/Lux (DE/PZ),Gangplank/Senna (BW/SI),1,2,0.5
Gnar/Sejuani (BC/FR),Kalista (SI),1,2,0.5
Kalista (SI),Gnar/Sejuani (BC/FR),1,2,0.5
Braum/Garen/Udyr (DE/FR),Janna/Sett (IO/PZ),1,2,0.5
Janna/Sett (IO/PZ),Braum/Garen/Udyr (DE/FR),1,2,0.5
Championless (SI),Kalista (BC/SI),1,2,0.5
Kalista (BC/SI),Championless (SI),1,2,0.5
Rumble/Viktor (BC/PZ),Kayle (BW/MT),1,2,0.5
Kayle (BW/MT),Rumble/Viktor (BC/PZ),1,2,0.5
Senna/Veigar (PZ/SI),Senna/Veigar (PZ/SI),1,2,0.5
Shen/Sivir (IO/SH),Jayce (IO/PZ),1,2,0.5
Jayce (IO/PZ),Shen/Sivir (IO/SH),1,2,0.5
Kayle (BC/MT),Shen/Sivir (IO/SH),1,2,0.5
Shen/Sivir (IO/SH),Kayle (BC/MT),1,2,0.5
Nasus (SI/SH),Garen/Udyr (DE/FR),1,2,0.5
Garen/Udyr (DE/FR),Nasus (SI/SH),1,2,0.5
Jack/Sett (BW/IO),Shen/Sivir (IO/SH),1,2,0.5
Shen/Sivir (IO/SH),Jack/Sett (BW/IO),1,2,0.5
Lillia/Sett (BC/IO),Lee Sin/Riven (IO/NX),1,2,0.5
Lee Sin/Riven (IO/NX),Lillia/Sett (BC/IO),1,2,0.5
Gnar/Sejuani (BC/FR),Jack/Sett (BW/IO),1,2,0.5
Jack/Sett (BW/IO),Gnar/Sejuani (BC/FR),1,2,0.5
Akshan/Sivir (IO/SH),Renekton (SH),1,2,0.5
Renekton (SH),Akshan/Sivir (IO/SH),1,2,0.5
Akshan/Sivir (IO/SH),Aphelios/Viktor (MT/PZ),1,2,0.5
Aphelios/Viktor (MT/PZ),Akshan/Sivir (IO/SH),1,2,0.5
Championless (SI),Braum/Poppy (BC/FR),1,2,0.5
Braum/Poppy (BC/FR),Championless (SI),1,2,0.5
Swain/Udyr (FR/NX),Senna/Veigar (BC/SI),1,2,0.5
Senna/Veigar (BC/SI),Swain/Udyr (FR/NX),1,2,0.5
Akshan/Viktor (PZ/SH),Braum/Lillia (FR/IO),1,2,0.5
Braum/Lillia (FR/IO),Akshan/Viktor (PZ/SH),1,2,0.5
Galio/Udyr (DE/FR),Kayle/Lillia (IO/MT),1,2,0.5
Kayle/Lillia (IO/MT),Galio/Udyr (DE/FR),1,2,0.5
Lulu/Shen (IO/MT),Akshan/Lee Sin (IO/SH),1,2,0.5
Akshan/Lee Sin (IO/SH),Lulu/Shen (IO/MT),1,2,0.5
Galio/Garen (DE/IO),Riven/Varus (NX/RU),1,2,0.5
Riven/Varus (NX/RU),Galio/Garen (DE/IO),1,2,0.5
Championless (PZ/SI),Kayle/Shyvana (DE/MT),1,2,0.5
Kayle/Shyvana (DE/MT),Championless (PZ/SI),1,2,0.5
Janna/Viktor (PZ/SI),LeBlanc/Sivir (NX/SH),1,2,0.5
LeBlanc/Sivir (NX/SH),Janna/Viktor (PZ/SI),1,2,0.5
Championless (SI),Galio/Udyr (DE/FR),31,38,0.81578947368421
Galio/Udyr (DE/FR),Championless (SI),7,38,0.184210526315789
Championless (IO/PZ),Sett (IO/PZ),0,2,0
Nasus/Thresh (SI/SH),Gnar/Neeko (FR/RU),0,2,0
Sett (IO/PZ),Darius (FR/NX),0,2,0
Gangplank/Sejuani (BW/FR),Aatrox/Morgana (RU/DE),0,2,0
Rumble/Sion (BC/NX),Aatrox/Morgana (RU/DE),0,2,0
Ashe/Senna (FR/SI),Championless (SI),0,2,0
Maokai (BW/SI),Lee Sin/Viktor (IO/PZ),0,2,0
Kayle/Morgana (DE/MT),Akshan/Lee Sin (IO/SH),0,2,0
Janna/Malphite (MT/PZ),Maokai/Nautilus (BW/SI),0,2,0
Garen (DE),Lillia/Sett (BC/IO),0,2,0
Morgana/Taric (MT/PZ),Gnar/Nidalee (BC/SH),0,2,0
Sejuani/Swain (FR/NX),Braum/Vladimir (FR/NX),0,2,0
Lillia/Lulu (FR/IO),Ashe/LeBlanc (FR/NX),0,2,0
Galio/Taric (DE/MT),Lee Sin/Viktor (IO/PZ),0,2,0
Janna/Vi (BW/PZ),Ashe/LeBlanc (FR/NX),0,2,0
Garen/Shyvana (DE/MT),Nidalee (BC/SH),0,2,0
Darius/Gnar (FR/NX),Akshan/Morgana (MT/SH),0,2,0
Morgana/Tahm Kench (BW/MT),Braum/Lillia (FR/IO),0,2,0
Lulu/Taric (IO/MT),Lulu/Neeko (BC/RU),0,2,0
Championless (BC/IO),Lee Sin/Viktor (IO/PZ),0,2,0
Sejuani (BC/FR),Ashe/LeBlanc (FR/NX),0,2,0
Taric/Varus (MT/RU),Ashe/LeBlanc (FR/NX),0,2,0
Ashe/Janna (FR/PZ),Akshan/Lee Sin (IO/SH),0,2,0
Lee Sin/Viktor (IO/PZ),Swain/Yasuo (IO/NX),0,2,0
Neeko/Poppy (DE/RU),Aatrox/Morgana (RU/DE),0,2,0
Swain/Yasuo (IO/NX),Riven/Viktor (NX/PZ),0,2,0
Swain/Yasuo (IO/NX),LeBlanc/Sivir (NX/SH),0,2,0
Riven/Viktor (NX/PZ),Aatrox/Morgana (RU/DE),0,2,0
Darius/Gnar (FR/NX),Sion/Vladimir (FR/NX),0,2,0
Lee Sin/Viktor (IO/PZ),Championless (IO/SI),0,2,0
Ashe/Tahm Kench (BW/FR),Poppy/Tristana (BC/DE),0,2,0
Poppy/Tristana (BC/DE),Nasus/Renekton (SH),0,2,0
Maokai (BW/SI),Sett (IO/PZ),0,2,0
Gwen/Kalista (SI),Ashe (FR/PZ),0,2,0
Braum/Lillia/Udyr (FR/IO),Senna/Veigar (BC/SI),0,2,0
Garen/Morgana (DE/SI),Ashe/LeBlanc (FR/NX),0,2,0
Aatrox/Morgana (RU/DE),Janna/Sett (IO/PZ),0,2,0
Aatrox/Kayn (RU/RU),Aatrox/Morgana (RU/DE),0,2,0
Garen/Taric (DE/MT),Senna/Veigar (BC/SI),0,2,0
Illaoi/Udyr (BW/FR),Ashe/LeBlanc (FR/NX),0,2,0
Ashe (FR/PZ),Gwen/Kalista (NX/SI),0,2,0
Braum (FR/MT),Jayce/Lux (DE/PZ),0,2,0
Udyr/Vayne (DE/FR),Aatrox/Kayn (RU/RU),0,2,0
Viktor (BC/PZ),Morgana/Udyr (FR/MT),0,2,0
Nasus/Renekton (SH),Nasus/Senna (SI/SH),0,2,0
Gnar/Renekton (FR/SH),Morgana/Udyr (DE/FR),0,2,0
Janna/Lee Sin/Viktor (IO/PZ),Nasus/Thresh (SI/SH),0,2,0
Janna/Viktor (MT/PZ),Braum/Vladimir (FR/NX),0,2,0
Morgana/Taric (DE/MT),Maokai (BW/SI),0,2,0
Taric/Varus (MT/RU),Jack/Sett (BW/IO),0,2,0
Ashe (FR/PZ),Janna/Lee Sin/Viktor (IO/PZ),0,2,0
Braum/Udyr (FR/IO),Jayce/Lux (DE/PZ),0,2,0
Malphite/Yasuo (IO/MT),Maokai (BW/SI),0,2,0
Sion/Vladimir (FR/NX),Akshan/Lee Sin (IO/SH),0,2,0
Gangplank (BW/FR),Morgana/Udyr (DE/FR),0,2,0
Akshan/Lee Sin (IO/SH),Malphite (BW/MT),0,2,0
Malphite/Yasuo (IO/MT),Janna/Lee Sin/Viktor (IO/PZ),0,2,0
Gangplank/Janna (BW/PZ),Jayce/Lux (DE/PZ),0,2,0
Aatrox (RU/BW),Gwen/LeBlanc (NX/SI),0,2,0
Gwen/Kalista (NX/SI),Poppy/Riven (BC/NX),0,2,0
Ashe (FR/SI),Akshan/Lee Sin (IO/SH),0,2,0
Gangplank/Sejuani (BW/FR),Galio/Poppy (DE/FR),0,2,0
Championless (SI),Gwen/Jayce (PZ/SI),0,2,0
Braum/Kayle (FR/MT),Janna/Lee Sin/Viktor (IO/PZ),0,2,0
Braum/Vladimir (FR/NX),Nasus (SI/SH),0,2,0
Garen/Shyvana (DE/MT),Braum/Vladimir (FR/NX),0,2,0
Illaoi/Udyr (BW/FR),Braum/Vladimir (FR/NX),0,2,0
Morgana/Udyr (DE/FR),Poppy/Tristana (BC/MT),0,2,0
Gwen/Kalista (FR/SI),Aatrox/Kayn (RU/RU),0,2,0
Nasus/Thresh (SI/SH),Aphelios/Lee Sin (IO/MT),0,2,0
Akshan/Varus (SH/RU),Morgana/Taric (DE/MT),0,2,0
Championless (SI),Gnar (BC/FR),0,2,0
Tahm Kench/Udyr (BW/FR),Lee Sin/Viktor (IO/PZ),0,2,0
Nidalee (BC/SH),Darius/Gnar/LeBlanc (FR/NX),0,2,0
Jayce/Lux (DE/PZ),Aatrox/Morgana/Vayne (RU/DE),0,2,0
Jayce/Lux (DE/PZ),Gangplank (BW/FR),0,2,0
Championless (SI/SH),Championless (MT/SI),0,2,0
Darius/Gnar/LeBlanc (FR/NX),Ashe/LeBlanc (FR/NX),0,2,0
Poppy/Tristana (BC/SI),Lee Sin/Viktor (IO/PZ),0,2,0
Braum/Lillia (FR/IO),Morgana/Taric (DE/MT),0,2,0
Garen/Kayle (DE/MT),Championless (SI),0,2,0
Maokai/Nautilus (BW/SI),Illaoi/Udyr (BW/FR),0,2,0
Darius/Gnar/LeBlanc (FR/NX),Poppy/Riven (BC/NX),0,2,0
Kai'Sa/Sivir/Vi (PZ/SH),Gwen/Kalista (NX/SI),0,2,0
Kai'Sa/Sivir/Vi (PZ/SH),Gnar/Tristana (BC/BW),0,2,0
Garen/Kayle (DE/MT),Kalista (SI),0,2,0
Kai'Sa/Sivir/Vi (PZ/SH),Championless (SI/SH),0,2,0
Championless (SI),Malphite (BW/MT),0,2,0
Kalista/LeBlanc (NX/SI),Jack/Sett (BW/IO),0,2,0
Kalista/LeBlanc (NX/SI),Nasus/Thresh (SI/SH),0,2,0
Championless (IO/PZ),Ashe (FR/PZ),0,2,0
Janna (PZ/SI),Nasus/Thresh (SI/SH),0,2,0
Jayce/Lux (DE/PZ),Darius/LeBlanc (FR/NX),0,2,0
Ashe/LeBlanc (FR/NX),Veigar (BC/SI),0,2,0
Illaoi (BW/NX),Jayce/Lux (DE/PZ),0,2,0
Darius/Gangplank (BW/NX),Janna/Sett (IO/PZ),0,2,0
Jayce/Lux (DE/PZ),Lillia/Sett (IO/SH),0,2,0
Morgana/Udyr (DE/FR),Braum/Galio (DE/FR),0,2,0
Ashe (FR/PZ),Kalista/LeBlanc (NX/SI),0,2,0
Taric/Vi (MT/PZ),Aatrox/Kayn (RU/RU),0,2,0
Lillia/Sett (IO/MT),Darius/Gnar/LeBlanc (FR/NX),0,2,0
Leona/Malphite (IO/MT),Nasus/Thresh (SI/SH),0,2,0
Lillia/Ryze (IO/RU),Morgana/Udyr (DE/FR),0,2,0
Championless (SI),Lillia/Sett (IO/MT),0,2,0
Garen/Kayle (DE/MT),Ashe/LeBlanc (FR/NX),0,2,0
Gnar/Neeko (FR/RU),Nasus/Renekton (SH),0,2,0
Janna/Sett (IO/PZ),Illaoi/Swain (BW/NX),0,2,0
Illaoi/Swain (BW/NX),Championless (PZ/SI),0,2,0
Maokai/Nautilus (BW/SI),Braum/Gnar (FR/IO),0,2,0
Braum/Gnar (FR/IO),Akshan/Lee Sin (IO/SH),0,2,0
Garen/Sivir (DE/SH),Jayce/Lux (DE/PZ),0,2,0
Janna/Lee Sin (IO/PZ),Senna/Veigar (BC/SI),0,2,0
Braum/Vladimir (FR/NX),Gwen/Kalista (FR/SI),0,2,0
Aphelios/Lee Sin (IO/MT),LeBlanc/Udyr (FR/NX),0,2,0
Swain/Vladimir (BW/NX),Braum/Vladimir (FR/NX),0,2,0
Senna/Veigar (BC/SI),Sivir/Vi (PZ/SH),0,2,0
Ryze (IO/RU),Morgana/Udyr (DE/FR),0,2,0
Maokai/Nautilus (BW/SI),Gnar/Tristana (BC/BW),0,2,0
Morgana/Taric (DE/MT),Darius/Gnar/LeBlanc (FR/NX),0,2,0
Gnar/Nidalee (BC/SH),Braum/Galio (DE/FR),0,2,0
Aatrox/Vayne (RU/DE),Akshan/Lee Sin (IO/SH),0,2,0
Akshan/Sivir (DE/SH),Darius/Gnar/LeBlanc (FR/NX),0,2,0
Championless (IO/PZ),Morgana/Udyr (DE/FR),0,2,0
Gnar/Neeko (FR/RU),Gangplank/Sejuani (BW/FR),0,2,0
Aphelios/Viktor (MT/PZ),Championless (SI/SH),0,2,0
Poppy/Tristana (BC/SI),Kayle (BW/MT),0,2,0
Ryze (IO/RU),Sett (IO/PZ),0,2,0
Kalista (SI),Gwen/Kalista (FR/SI),0,2,0
Kayle (FR/MT),Gnar/Neeko (FR/RU),0,2,0
Lillia/Ryze (IO/RU),Gwen/Kalista (FR/SI),0,2,0
Kayle (BW/MT),Lillia/Ryze (IO/RU),0,2,0
Kayle (BC/MT),Championless (SI),0,2,0
Kayle/Udyr (FR/MT),Championless (SI),0,2,0
Riven/Vi (NX/PZ),Akshan/Varus (SH/RU),0,2,0
Senna/Veigar (BC/SI),Aatrox/Varus (RU/RU),0,2,0
Championless (FR/IO),Jayce/Lux (DE/PZ),0,2,0
Darius/Gnar/LeBlanc (FR/NX),Gangplank/Sejuani (BW/FR),0,2,0
Lulu/Neeko (IO/RU),Championless (SI),0,2,0
Lillia/Sett (IO/SH),Sett (IO/PZ),0,2,0
Rumble/Sion (BC/NX),Ashe/Tahm Kench (BW/FR),0,2,0
Kayle/Udyr (FR/MT),Darius/Gnar (FR/NX),0,2,0
Championless (IO/PZ),Maokai (BW/SI),0,2,0
Shen/Udyr (FR/IO),Maokai (BW/SI),0,2,0
Senna (PZ/SI),Darius/LeBlanc (FR/NX),0,2,0
Swain/Vladimir (BW/NX),Gwen/LeBlanc (NX/SI),0,2,0
Nasus/Renekton (SH),Lulu/Shen (IO/MT),0,2,0
Gwen/Kalista (FR/SI),Leona/Malphite (IO/MT),0,2,0
Sett (IO/SH),Akshan/Lee Sin (IO/SH),0,2,0
Braum/Kayle (FR/MT),Neeko/Poppy (DE/RU),0,2,0
Nasus/Renekton (SH),Rumble/Vayne (DE/NX),0,2,0
Rumble/Sion (BC/NX),Lee Sin/Udyr (FR/IO),0,2,0
Janna/Lee Sin (IO/PZ),Aatrox/Kayn (RU/RU),0,2,0
Aatrox/Kayn (RU/RU),Braum/Lillia/Udyr (FR/IO),0,2,0
Braum/Kayle (FR/MT),Gnar/Nidalee (BC/SH),0,2,0
Akshan/Lee Sin (IO/SH),Leona/Morgana (DE/MT),0,2,0
LeBlanc/Udyr (FR/NX),LeBlanc/Sion (NX/SI),0,2,0
Udyr (FR/IO),Ashe (FR/PZ),0,2,0
Ryze (IO/RU),Kalista (SI),0,2,0
Kayle (BW/MT),Morgana/Taric (DE/MT),0,2,0
Akshan/Varus (SH/RU),Aphelios/Yasuo (IO/MT),0,2,0
Nidalee (BC/SH),Swain/Vladimir (BW/NX),0,2,0
Braum/Galio (DE/FR),Championless (BC/SI),0,2,0
Swain/Vladimir (FR/NX),Maokai/Nautilus (BW/SI),0,2,0
Braum/Udyr (DE/FR),Ashe/LeBlanc (FR/NX),0,2,0
Akshan/Lee Sin (IO/SH),Championless (IO/PZ),0,2,0
Darius/Gnar (FR/NX),Aatrox/Varus (RU/RU),0,2,0
Lillia/Lulu (DE/IO),Kalista (SI),0,2,0
Neeko/Renekton (RU/SH),Maokai (BW/SI),0,2,0
Jack/Sett (BW/IO),LeBlanc/Rumble/Sion (IO/NX),0,2,0
Rumble/Vayne (DE/NX),Gwen/Kalista (FR/SI),0,2,0
Gwen/Thresh (NX/SI),Morgana/Udyr (DE/FR),0,2,0
Championless (BC/SI),Kayle (BW/MT),0,2,0
Gwen (SI),Championless (SI),0,2,0
Riven/Taric (MT/NX),Braum/Vladimir (FR/NX),0,2,0
Gangplank/Sejuani (BW/FR),Viktor (IO/PZ),0,2,0
Leona (MT/SH),Gangplank/Sejuani (BW/FR),0,2,0
Gnar/Swain (BC/NX),Riven/Viktor (NX/PZ),0,2,0
Shyvana/Taric (DE/MT),Nasus/Thresh (SI/SH),0,2,0
Maokai/Nautilus (BW/SI),Jayce/Viktor (MT/PZ),0,2,0
LeBlanc/Rumble/Sion (IO/NX),Lillia/Lulu (DE/IO),0,2,0
Lillia/Lulu (DE/IO),Morgana/Shyvana (DE/MT),0,2,0
Ashe (FR/SI),Aphelios/Lee Sin (IO/MT),0,2,0
Braum/Udyr/Vladimir (FR/NX),Championless (SI),0,2,0
Darius/Gnar (FR/NX),Kayle (FR/MT),0,2,0
Maokai/Nautilus (BW/SI),Darius/LeBlanc (FR/NX),0,2,0
Lillia/Sett (BC/IO),Ashe/Tahm Kench (BW/FR),0,2,0
Morgana/Udyr (DE/FR),Braum/Udyr/Vladimir (FR/NX),0,2,0
Shyvana/Taric (DE/MT),Maokai/Nautilus (BW/SI),0,2,0
Garen (DE/SH),Sett (IO/PZ),0,2,0
LeBlanc/Udyr (FR/NX),Swain/Yasuo (IO/NX),0,2,0
Riven/Taric (MT/NX),Rumble/Sion (BC/NX),0,2,0
Garen (DE),Jayce/Lux (DE/PZ),0,2,0
Nidalee (BC/SH),LeBlanc (FR/NX),0,2,0
Swain/Yasuo (IO/NX),Sett (IO/PZ),0,2,0
Kayle (FR/MT),Ashe/LeBlanc (FR/NX),0,2,0
Nidalee (BC/SH),Gwen (NX/SI),0,2,0
Akshan/Lee Sin (IO/SH),LeBlanc/Rumble (NX/SI),0,2,0
Aphelios/Viktor (MT/PZ),Maokai (BW/SI),0,2,0
Sett (IO/SI),Darius/Gnar (FR/NX),0,2,0
Aphelios/Kayle (BW/MT),Nidalee (BC/SH),0,2,0
Illaoi/Kalista (BW/SI),Braum/Galio (DE/FR),0,2,0
Nasus/Senna (SI/SH),Aphelios/Lee Sin (IO/MT),0,2,0
Illaoi/Kalista (BW/SI),Rumble/Sion (BC/NX),0,2,0
Gwen/Vayne (DE/SI),Nasus (SI/SH),0,2,0
Kayle (BW/MT),Illaoi/Kalista (BW/SI),0,2,0
Braum/Galio (DE/FR),Kalista (SI),0,2,0
Ashe/Tahm Kench (BW/FR),Championless (SI/SH),0,2,0
Janna/Maokai (PZ/SI),Nasus/Renekton (SH),0,2,0
LeBlanc (FR/NX),Morgana/Udyr (DE/FR),0,2,0
Shyvana (DE/MT),Sett (IO/SH),0,2,0
Kayle/Morgana (BW/MT),Morgana/Udyr (DE/FR),0,2,0
Leona (MT/SH),Kayle (FR/MT),0,2,0
Nidalee (BC/SH),Darius/LeBlanc (FR/NX),0,2,0
Akshan/Morgana (MT/SH),Nasus/Thresh (SI/SH),0,2,0
Garen (DE/SH),Jax/Ornn (FR/RU),0,2,0
Gnar/Sejuani (FR/PZ),Braum/Vladimir (FR/NX),0,2,0
Galio/Poppy (DE/MT),Neeko/Poppy (DE/RU),0,2,0
Lillia/Tristana (BC/IO),Championless (SI),0,2,0
Gnar/Neeko (FR/RU),Gnar/Nidalee (BC/SH),0,2,0
Gnar/Illaoi (BW/FR),Championless (SI),0,2,0
LeBlanc/Udyr (FR/NX),LeBlanc/Sivir (NX/SH),0,2,0
Akshan/Gwen (SI/SH),Championless (SI),0,2,0
Gangplank/Swain (BW/NX),Riven/Viktor (NX/PZ),0,2,0
Darius/Gnar (FR/NX),Galio/Morgana (DE/MT),0,2,0
Morgana/Udyr (DE/FR),Gwen/Vi (PZ/SI),0,2,0
Ashe (FR/PZ),Galio/Morgana (DE/MT),0,2,0
Galio/Morgana (DE/MT),Nasus/Senna (SI/SH),0,2,0
Akshan/Jack (BW/SH),Jax/Ornn (FR/RU),0,2,0
Poppy/Tristana (BC/NX),Jack/Sett (BW/IO),0,2,0
Jax/Ornn (FR/RU),Akshan/Udyr (FR/SH),0,2,0
Aphelios/Lee Sin (IO/MT),Nidalee (BC/SH),0,2,0
Maokai/Nautilus (BW/SI),Gnar (DE/FR),0,2,0
Janna/Sett (IO/PZ),Gwen/Vi (PZ/SI),0,2,0
Akshan/Aphelios/Morgana (MT/SH),Senna/Veigar (BC/SI),0,2,0
Morgana/Shyvana (DE/MT),Kayle (BW/MT),0,2,0
Akshan/Varus (SH/RU),Janna/Sett/Viktor (IO/PZ),0,2,0
Gnar/Kayle (FR/MT),Akshan/Varus (SH/RU),0,2,0
Illaoi/Swain (BW/NX),Jayce/Lux (DE/PZ),0,2,0
Kayle/Ornn (FR/MT),Janna/Sett (IO/PZ),0,2,0
Neeko/Poppy (BC/RU),Rumble/Sion (BC/NX),0,2,0
Poppy/Tristana (BC/NX),Lee Sin/Viktor (IO/PZ),0,2,0
Jack/Sett (BW/IO),Gwen/Vi (PZ/SI),0,2,0
Morgana/Udyr (DE/FR),Akshan/Morgana (DE/SH),0,2,0
Akshan/Varus (SH/RU),Leona/Yasuo (IO/MT),0,2,0
Jack/Sett (BW/IO),LeBlanc/Udyr (FR/NX),0,2,0
Galio/Morgana (DE/MT),Maokai/Nautilus (BW/SI),0,2,0
Kalista (MT/SI),Aatrox/Kayn (RU/RU),0,2,0
Lillia/Udyr (FR/IO),Ashe/Caitlyn (FR/PZ),0,2,0
Maokai/Nautilus (BW/SI),Riven/Vi (NX/PZ),0,2,0
Janna (IO/PZ),Lulu/Taric (IO/MT),0,2,0
Gwen/Vi (PZ/SI),Lee Sin/Viktor (IO/PZ),0,2,0
Nasus/Renekton (SH),Gnar/Sejuani (BC/FR),0,2,0
Lillia/Udyr (FR/IO),Galio/Poppy (DE/FR),0,2,0
Udyr (FR/IO),Championless (SI),0,2,0
Rumble/Sion (BC/NX),Championless (MT/SI),0,2,0
Jack/Poppy (BW/DE),Akshan/Nasus (SI/SH),0,2,0
Gangplank/Sejuani (BW/FR),Galio/Morgana (DE/MT),0,2,0
Kayle (BW/MT),Janna/Sett/Viktor (IO/PZ),0,2,0
Galio/Poppy (DE/MT),Championless (SI),0,2,0
Maokai (BW/SI),Galio/Udyr (DE/FR),0,2,0
Lillia/Yasuo (FR/IO),Senna/Veigar (BC/SI),0,2,0
Neeko/Poppy (BC/RU),Aatrox/Kayn (RU/RU),0,2,0
Kayle (BW/MT),Akshan/Nasus/Renekton (SH),0,2,0
Braum/Vladimir (FR/NX),Kalista (MT/SI),0,2,0
Aphelios/Yasuo (IO/MT),LeBlanc/Sivir (NX/SH),0,2,0
Kalista/Thresh (SI),Senna/Veigar (BC/SI),0,2,0
Akshan/Varus (SH/RU),Gnar/Illaoi (BW/FR),0,2,0
Rumble/Vayne (DE/NX),Braum/Lillia (FR/IO),0,2,0
Senna (PZ/SI),LeBlanc/Udyr (FR/NX),0,2,0
Nasus/Thresh (SI/SH),Lulu/Taric (IO/MT),0,2,0
Akshan/Jack (BW/SH),Aphelios/Viktor (MT/PZ),0,2,0
Morgana/Udyr (DE/FR),Aatrox/Vayne (RU/DE),0,2,0
Leona/Sivir (MT/SH),Darius/Gnar (FR/NX),0,2,0
Udyr/Vayne (DE/FR),Morgana/Udyr (DE/FR),0,2,0
Kayle (BW/MT),Udyr/Vayne (DE/FR),0,2,0
Maokai/Nautilus (BW/SI),Udyr/Vayne (DE/FR),0,2,0
Riven/Varus (NX/RU),Lee Sin/Viktor (IO/PZ),0,2,0
Gwen/Vayne (DE/SI),Udyr/Vayne (DE/FR),0,2,0
Kayle/Shyvana (DE/MT),Ashe/LeBlanc (FR/NX),0,2,0
Aphelios/Viktor (MT/PZ),Janna/Sett/Viktor (IO/PZ),0,2,0
Akshan/Lee Sin (IO/SH),Darius/Lulu (IO/NX),0,2,0
Kai'Sa/Viktor (PZ/SH),Gangplank/Sejuani (BW/FR),0,2,0
Ashe/Tahm Kench (BW/FR),Lee Sin/Viktor (IO/PZ),0,2,0
Braum/Kayle (FR/MT),Lee Sin/Viktor (IO/PZ),0,2,0
Lillia/Udyr (FR/IO),Darius (FR/NX),0,2,0
Ashe (FR/PZ),Riven/Vi (NX/PZ),0,2,0
Caitlyn/Swain (NX/PZ),Ashe (FR/PZ),0,2,0
Braum/Lillia (FR/IO),Darius (FR/NX),0,2,0
Lillia/Yasuo (FR/IO),Shen/Sivir (IO/SH),0,2,0
Maokai (BW/SI),Gwen (NX/SI),0,2,0
Darius/Gwen (NX/SI),Sett (IO/PZ),0,2,0
Janna/Senna (PZ/SI),Aphelios/Viktor (MT/PZ),0,2,0
Caitlyn/Janna/Ryze/Viktor (PZ/RU),Championless (SI),0,2,0
Shen/Sivir (IO/SH),Lillia/Sett (BC/IO),0,2,0
Ashe/LeBlanc (FR/NX),Akshan/Morgana (DE/SH),0,2,0
Akshan/Nasus (SI/SH),Ryze (RU/SI),0,2,0
Akshan/Lee Sin (IO/SH),Ryze (RU/SI),0,2,0
Ryze (RU/SI),Jayce/Lux (DE/PZ),0,2,0
Galio/Garen (DE/MT),Championless (SI),0,2,0
Darius/Lulu (IO/NX),Riven/Viktor (NX/PZ),0,2,0
Aphelios/Viktor (MT/PZ),Shen/Sivir (IO/SH),0,2,0
Darius/Gnar (FR/NX),Braum/Kayle (FR/MT),0,2,0
Championless (MT/SI),Gnar/Sejuani (BC/FR),0,2,0
Lillia/Sett (BC/IO),Gnar/Sejuani (BC/FR),0,2,0
Lillia/Viktor (IO/PZ),Neeko/Renekton (RU/SH),0,2,0
Braum/Udyr (FR/MT),Championless (SI),0,2,0
Kayle (BW/MT),Riven/Vi (NX/PZ),0,2,0
Kalista (SI),Ashe (FR/SI),0,2,0
Ashe/Tahm Kench (BW/FR),Sett (IO/PZ),0,2,0
Gnar/Sejuani (BC/FR),Rumble/Sion (BC/NX),0,2,0
Kalista (NX/SI),Senna/Veigar (BC/SI),0,2,0
Darius/Gnar (FR/NX),Gwen (NX/SI),0,2,0
Gwen (NX/SI),Jax/Ornn (FR/RU),0,2,0
Jack/Sett (BW/IO),Aphelios/Sett (IO/MT),0,2,0
Gwen (NX/SI),Braum/Udyr (FR/MT),0,2,0
Akshan/Lee Sin (IO/SH),Championless (IO/SI),0,2,0
Neeko/Renekton (RU/SH),Braum/Lillia (FR/IO),0,2,0
Taric/Udyr (FR/MT),Janna/Sett (IO/PZ),0,2,0
Illaoi/Riven (BW/NX),Akshan/Lee Sin (IO/SH),0,2,0
Senna/Veigar (BC/SI),Gangplank/Swain (BW/NX),0,2,0
Maokai (BW/SI),Gangplank/Swain (BW/NX),0,2,0
Kalista (SI),Akshan/Nasus (SI/SH),0,2,0
Morgana/Udyr (DE/FR),Gangplank/Swain (BW/NX),0,2,0
Nasus (SI/SH),Yasuo (IO/NX),0,2,0
Galio/Udyr (DE/FR),Akshan/Udyr (FR/SH),0,2,0
Gnar/Swain (BC/NX),Akshan/Nasus (SI/SH),0,2,0
Gangplank/Swain (BW/NX),Gnar/Swain (BC/NX),0,2,0
Kalista (SI),Gangplank/Swain (BW/NX),0,2,0
Taric/Udyr (FR/MT),Gnar/Swain (BC/NX),0,2,0
Taric/Udyr (FR/MT),Jax/Ornn (FR/RU),0,2,0
Kalista (SI),Gnar/Swain (BC/NX),0,2,0
Gwen/Riven (NX/SI),Akshan/Varus (SH/RU),0,2,0
Kayle (BW/MT),Gnar/Swain (BC/NX),0,2,0
Gangplank/Swain (BW/NX),Janna/Sett (IO/PZ),0,2,0
Darius/Gnar (FR/NX),Morgana/Riven (MT/NX),0,2,0
Gnar/Swain (BC/NX),Ashe (FR/PZ),0,2,0
Lee Sin/Viktor (IO/PZ),Kalista/Thresh (SI),0,2,0
Aphelios/Lee Sin (IO/MT),Braum/Lillia (FR/IO),0,2,0
Shen/Sivir (IO/SH),Illaoi/Swain (BW/NX),0,2,0
Senna/Veigar (BC/SI),Kayle/Leona (MT/NX),0,2,0
Darius/Gnar (FR/NX),Kayle/Leona (MT/NX),0,2,0
Viktor (BC/PZ),Braum/Vladimir (FR/NX),0,2,0
Aphelios/Lee Sin (IO/MT),Kalista (SI),0,2,0
Janna/Ryze (PZ/RU),Braum/Lillia (FR/IO),0,2,0
Galio/Morgana (DE/MT),Shen/Sivir (IO/SH),0,2,0
Ryze (IO/RU),Nidalee (BC/SH),0,2,0
Akshan/Nasus/Renekton (SH),Janna/Sett (IO/PZ),0,2,0
Akshan/Renekton (SH),Championless (PZ/SI),0,2,0
Ashe/Janna (FR/PZ),Maokai/Nautilus (BW/SI),0,2,0
Kai'Sa/Sivir (DE/SH),Gwen/Vayne (DE/SI),0,2,0
Gwen/LeBlanc (NX/SI),Malphite/Yasuo (IO/MT),0,2,0
Akshan/Lee Sin (IO/SH),Aphelios/Sett (IO/MT),0,2,0
Gwen/Vayne (DE/SI),Sejuani/Swain (FR/NX),0,2,0
Akshan/Udyr (FR/SH),Gangplank/Nidalee (BW/SH),0,2,0
Gangplank/Nidalee (BW/SH),Gnar/Neeko (FR/RU),0,2,0
Sett (IO/PZ),Kalista/Senna (BW/SI),0,2,0
Championless (FR/SI),Ashe (FR/PZ),0,2,0
Ashe/Janna (FR/PZ),Championless (PZ/SI),0,2,0
Kalista/Senna (BW/SI),Ashe (FR/PZ),0,2,0
Riven/Viktor (NX/PZ),Janna/Vi (FR/PZ),0,2,0
Illaoi/Riven (BW/NX),Janna/Sett (IO/PZ),0,2,0
Gangplank/Nidalee (BW/SH),Nasus/Thresh (SI/SH),0,2,0
Championless (FR/SI),Janna/Sett (IO/PZ),0,2,0
LeBlanc/Udyr (FR/NX),Gnar/Neeko (FR/RU),0,2,0
Riven/Viktor (NX/PZ),Akshan/Senna (SI/SH),0,2,0
Garen/Kai'Sa (DE/SH),Ashe/LeBlanc (FR/NX),0,2,0
Gnar/Swain (BC/NX),Gwen/LeBlanc (NX/SI),0,2,0
Kalista (SI),Taric/Udyr (FR/MT),0,2,0
Janna (PZ/SI),Rumble/Sion (BC/NX),0,2,0
Gnar/Sejuani (BC/FR),Ryze (IO/RU),0,2,0
Taric/Udyr (FR/MT),Ashe/Caitlyn (FR/PZ),0,2,0
Leona/Yasuo (IO/MT),Janna (PZ/SI),0,2,0
Championless (PZ/SI),Lillia (FR/IO),0,2,0
Gwen/LeBlanc (NX/SI),Kayle/Leona (MT/NX),0,2,0
Lulu/Taric (IO/MT),Braum/Vladimir (FR/NX),0,2,0
Galio/Morgana (BC/DE),Championless (SI),0,2,0
Taric/Udyr (FR/MT),Lillia (FR/IO),0,2,0
Kayle/Lillia (IO/MT),Aphelios/Viktor (MT/PZ),0,2,0
Caitlyn/Janna (FR/PZ),Darius/Gnar (FR/NX),0,2,0
Viktor (PZ/SI),Kalista (SI),0,2,0
Swain/Vladimir (BW/NX),Aphelios/Viktor (MT/PZ),0,2,0
Yasuo (IO/NX),Gwen/Vayne (DE/SI),0,2,0
Akshan/Jack (BW/SH),Gwen/LeBlanc (NX/SI),0,2,0
Braum/Kayle (FR/MT),Ashe (FR/PZ),0,2,0
Senna (PZ/SI),Kalista/Senna (BW/SI),0,2,0
Kalista/Senna (BW/SI),Morgana/Udyr (DE/FR),0,2,0
Kayle (BW/MT),Braum/Kayle/Morgana (FR/MT),0,2,0
Morgana/Udyr (DE/FR),Poppy/Tristana (BC/DE),0,2,0
Sejuani/Swain (FR/NX),Caitlyn/Janna (FR/PZ),0,2,0
Caitlyn/Vi (FR/PZ),Morgana/Udyr (DE/FR),0,2,0
Lulu/Poppy (BC/BW),Darius/Gnar (FR/NX),0,2,0
Darius/Gnar (FR/NX),Tahm Kench/Udyr (BW/FR),0,2,0
Gangplank/Sejuani (BW/FR),Ryze (IO/RU),0,2,0
Gwen/Nasus (SI/SH),Ryze (IO/RU),0,2,0
Ryze (IO/RU),Jayce/Lux (DE/PZ),0,2,0
Maokai/Nautilus (BW/SI),Ashe/LeBlanc/Riven (FR/NX),0,2,0
Caitlyn/Janna (FR/PZ),Jayce/Lux (DE/PZ),0,2,0
Galio/Udyr (DE/FR),Darius/Gwen (NX/SI),0,2,0
Akshan/Jack (BW/SH),Neeko/Poppy (DE/RU),0,2,0
Akshan/Lee Sin (IO/SH),Kayle/Leona (MT/NX),0,2,0
Lulu/Taric (IO/MT),Ashe/LeBlanc (FR/NX),0,2,0
Gwen/Kayle (MT/SI),Akshan/Varus (SH/RU),0,2,0
Maokai (BW/SI),Kalista (MT/SI),0,2,0
Maokai/Nautilus (BW/SI),Akshan/Udyr (FR/SH),0,2,0
Rumble/Viktor (BC/PZ),Jayce/Lux (DE/PZ),0,2,0
Lulu/Shen (DE/IO),Senna/Veigar (BC/SI),0,2,0
Yasuo (IO/NX),Championless (PZ/SI),0,2,0
Swain/Vladimir (BW/NX),Gangplank/Sejuani (BW/FR),0,2,0
Kayn/Vayne (DE/RU),Kayle (BW/MT),0,2,0
Kai'Sa/Viktor (PZ/SH),Lee Sin/Viktor (IO/PZ),0,2,0
Viktor (PZ/SI),Akshan/Renekton (SH),0,2,0
Akshan/Varus (SH/RU),Galio/Morgana (BC/DE),0,2,0
Maokai/Nautilus (BW/SI),Riven/Taric (MT/NX),0,2,0
Aphelios/Viktor (MT/PZ),LeBlanc/Udyr (FR/NX),0,2,0
Maokai/Nautilus (BW/SI),Lulu/Taric (IO/MT),0,2,0
Janna/Lillia (IO/PZ),Janna/Sett (IO/PZ),0,2,0
Gnar/Kayle (FR/MT),Janna/Sett (IO/PZ),0,2,0
Kalista (MT/SI),Janna/Sett (IO/PZ),0,2,0
Championless (MT/NX),Kayle (BW/MT),0,2,0
Lillia/Sett (IO/PZ),Ashe/LeBlanc (FR/NX),0,2,0
Lillia/Sett (IO/PZ),Jax/Ornn (FR/RU),0,2,0
Gwen/Vayne (DE/SI),Braum (FR/NX),0,2,0
Lillia/Sett (IO/PZ),Maokai/Nautilus (BW/SI),0,2,0
Lillia/Sett (IO/PZ),Braum/Lillia (FR/IO),0,2,0
Lillia/Yasuo (FR/IO),Darius/Gnar (FR/NX),0,2,0
Ashe (FR/PZ),Riven/Rumble (BC/NX),0,2,0
Akshan/Senna (SI/SH),Maokai/Nautilus (BW/SI),0,2,0
Akshan/Sivir (NX/SH),Shen/Sivir (IO/SH),0,2,0
Gangplank (BW/NX),Ashe/LeBlanc (FR/NX),0,2,0
Yasuo (IO/NX),Gnar/Nidalee (BC/SH),0,2,0
Senna (PZ/SI),Braum/Kayle (FR/MT),0,2,0
Caitlyn/Swain (NX/PZ),Nasus/Thresh (SI/SH),0,2,0
Illaoi/Swain (BW/NX),Kayle/Leona (MT/NX),0,2,0
Ashe/LeBlanc (FR/NX),Riven/Vi (NX/PZ),0,2,0
Maokai/Nautilus (BW/SI),Kayle/Leona (MT/NX),0,2,0
Yasuo (IO/NX),Jayce/Lux (DE/PZ),0,2,0
Darius/Gnar (FR/NX),Lee Sin/Sett (IO/PZ),0,2,0
Ashe/LeBlanc (FR/NX),Braum/Udyr (FR/MT),0,2,0
Championless (SI),Gnar/Lillia (FR/IO),0,2,0
Neeko/Poppy (BC/RU),Morgana/Udyr (DE/FR),0,2,0
Akshan/Varus (SH/RU),Gnar/Riven (FR/NX),0,2,0
Yasuo (IO/NX),Braum/Lillia (FR/IO),0,2,0
Janna/Senna (PZ/SI),Kayle (BW/MT),0,2,0
Viktor (BC/PZ),Braum/Lillia (FR/IO),0,2,0
Galio/Morgana (DE/FR),Ashe (FR/PZ),0,2,0
Illaoi/Lulu (BW/IO),Yasuo (IO/NX),0,2,0
Darius/Gnar (FR/NX),Jax/Kayn (RU/RU),0,2,0
Braum/Lillia (FR/IO),Akshan/Morgana (MT/SH),0,2,0
Rumble/Taric (MT/NX),Senna/Veigar (BC/SI),0,2,0
Akshan/Vayne (DE/SH),Jayce/Lux (DE/PZ),0,2,0
Maokai/Nautilus (BW/SI),Sett/Viktor (IO/PZ),0,2,0
Senna (PZ/SI),Garen/Poppy (BC/DE),0,2,0
Gwen/Kayle (MT/SI),Nidalee (BC/SH),0,2,0
Kayle (BW/MT),Kayle/Leona (MT/NX),0,2,0
Senna/Veigar (BC/SI),Braum/Udyr (FR/MT),0,2,0
Gnar/Nidalee (BC/SH),Gwen/Kayle (MT/SI),0,2,0
Darius/Gnar (FR/NX),Aatrox/Morgana/Vayne (RU/DE),0,2,0
Kai'Sa/Viktor (PZ/SH),Kayle (BW/MT),0,2,0
Kayle (BW/MT),Gwen/Sejuani (FR/SI),0,2,0
Jayce/Lux (DE/PZ),Lulu/Shen (DE/IO),0,2,0
Lee Sin/Udyr (FR/IO),Championless (SI),0,2,0
Akshan/Senna (SI/SH),Sett/Viktor (IO/PZ),0,2,0
Lillia (FR/IO),Shen/Sivir (IO/SH),0,2,0
Garen/Poppy (BC/DE),Akshan/Varus (SH/RU),0,2,0
LeBlanc/Sivir (NX/SH),Akshan/Jack (BW/SH),0,2,0
Aphelios/Leona (MT/NX),LeBlanc/Sivir (NX/SH),0,2,0
Kayle/Leona (MT/NX),Morgana/Udyr (DE/FR),0,2,0
Sett/Viktor (IO/PZ),Braum/Lillia (FR/IO),0,2,0
Gnar/Nidalee (BC/SH),Lillia/Sett (BC/IO),0,2,0
Ashe/Caitlyn (FR/PZ),Lillia/Sett (BC/IO),0,2,0
Championless (PZ/SI),Thresh (SI/SH),0,2,0
Darius/Gnar (FR/NX),Thresh (SI/SH),0,2,0
Thresh (SI/SH),Janna/Sett (IO/PZ),0,2,0
Akshan/Shyvana (DE/SH),Kayle (BW/MT),0,2,0
Galio/Poppy (DE/FR),Kayle (BW/MT),0,2,0
Lillia/Malphite (IO/MT),Nidalee (BC/SH),0,2,0
Lulu/Shen (IO/MT),Galio/Udyr (DE/FR),0,2,0
Kai'Sa/Viktor (PZ/SH),Janna/Sett (IO/PZ),0,2,0
Thresh (SI/SH),Gnar/Nidalee (BC/SH),0,2,0
LeBlanc/Udyr (FR/NX),Nasus/Thresh (SI/SH),0,2,0
Galio/Taric (DE/MT),Shen/Sivir (IO/SH),0,2,0
Renekton (SH),Aatrox/Kayn (RU/RU),0,2,0
Braum (FR/NX),Kayle (BW/MT),0,2,0
LeBlanc/Udyr (FR/NX),Aatrox/Morgana/Vayne (RU/DE),0,2,0
Championpile (FR/SH),Ashe/LeBlanc (FR/NX),0,2,0
Akshan/Varus (SH/RU),Lulu/Shen (IO/MT),0,2,0
Braum (FR/NX),Championless (SI),0,2,0
Galio/Udyr (DE/FR),Janna/Senna (PZ/SI),0,2,0
Morgana/Taric (DE/MT),Senna (PZ/SI),0,2,0
Kalista/Senna (BW/SI),Darius/Gnar (FR/NX),0,2,0
Championless (MT/SI),Gnar/Sejuani (FR/PZ),0,2,0
Championless (BC/BW),Morgana/Udyr (DE/FR),0,2,0
Akshan/Morgana (MT/SH),Jax/Ornn (FR/RU),0,2,0
Morgana/Udyr (DE/FR),Akshan/Morgana (MT/SH),0,2,0
Morgana/Udyr (DE/FR),Morgana (MT/SI),0,2,0
Kayle/Lillia (IO/MT),Ashe (FR/PZ),0,2,0
Sett (IO/PZ),Janna/Viktor (IO/PZ),0,2,0
Ashe/Janna (FR/PZ),Darius/Gnar (FR/NX),0,2,0
LeBlanc/Sivir (NX/SH),Janna/Viktor (BC/PZ),0,2,0
Lillia/Udyr (FR/IO),Riven/Viktor (NX/PZ),0,2,0
Nasus/Renekton (SH),Championless (MT/SI),0,2,0
Riven/Viktor (NX/PZ),Kayle/Lillia (IO/MT),0,2,0
Gnar/Nidalee (BC/SH),Rumble/Vayne (DE/NX),0,2,0
Rumble/Vayne (DE/NX),Nidalee (BC/SH),0,2,0
Rumble/Sion (BC/NX),Akshan/Nidalee/Sivir (DE/SH),0,2,0
Akshan/Udyr (FR/SH),Kalista (IO/SI),0,2,0
Galio (DE/FR),Ashe/LeBlanc (FR/NX),0,2,0
Championless (BC/BW),Riven/Viktor (NX/PZ),0,2,0
Nasus/Thresh (SI/SH),Braum/Gwen (FR/SI),0,2,0
Nidalee (BC/SH),Ashe/Tahm Kench (BW/FR),0,2,0
Championless (BC/IO),Ashe (FR/PZ),0,2,0
Janna/Viktor (BC/PZ),Jayce/Lux (DE/PZ),0,2,0
Braum (FR/MT),Championless (SI),0,2,0
Nasus (SI/SH),Gangplank/Sejuani (BW/FR),0,2,0
Akshan/Udyr (FR/SH),Darius/Gnar (FR/NX),0,2,0
Braum (FR/MT),Illaoi/Vayne (BW/DE),0,2,0
Gangplank/Swain (BW/NX),Illaoi (BW/MT),0,2,0
Championless (SI),Gnar/Renekton (FR/SH),0,2,0
LeBlanc/Sivir (NX/SH),Udyr (FR/SH),0,2,0
LeBlanc/Rumble (BC/NX),Championless (SI),0,2,0
Illaoi/Vayne (BW/DE),Braum/Lillia (FR/IO),0,2,0
Championless (SI),Kai'Sa/Rumble (NX/SH),0,2,0
Gnar/Renekton (FR/SH),Nasus/Thresh (SI/SH),0,2,0
Janna/Malphite (MT/PZ),Jack/Sett (BW/IO),0,2,0
Lillia/Sett (BC/IO),Kai'Sa/Viktor (PZ/SH),0,2,0
Caitlyn/Swain (NX/PZ),Senna (PZ/SI),0,2,0
Gwen/LeBlanc (NX/SI),Lillia/Sett (BC/IO),0,2,0
Senna/Veigar (BC/SI),Viktor (BC/PZ),0,2,0
Kayle/Shyvana (DE/MT),Akshan/Varus (SH/RU),0,2,0
Morgana (DE/MT),Senna/Veigar (BC/SI),0,2,0
Viktor (BC/PZ),Championless (PZ/SI),0,2,0
Janna/Sett (IO/PZ),Garen/Kayle/Shyvana (DE/MT),0,2,0
Leona/Yasuo (IO/MT),Senna/Veigar (PZ/SI),0,2,0
Gnar/Swain (BC/NX),Jayce/Lux (DE/PZ),0,2,0
Varus/Viktor (PZ/RU),Ashe (FR/PZ),0,2,0
Kai'Sa/Sivir (FR/SH),Viktor (BC/PZ),0,2,0
Taric/Udyr (FR/MT),Ashe (FR/PZ),0,2,0
Championless (SI),Kai'Sa/Sivir (FR/SH),0,2,0
Gnar/Neeko (FR/RU),Varus/Viktor (PZ/RU),0,2,0
Akshan/Riven (NX/SH),Senna/Veigar (PZ/SI),0,2,0
Akshan/Varus (SH/RU),Garen/Neeko (DE/RU),0,2,0
Viktor (BC/PZ),Championless (SI),0,2,0
Championless (SI),Leona/Sett (IO/MT),0,2,0
Gwen/LeBlanc (NX/SI),Janna/Sett (IO/PZ),0,2,0
Championless (IO/SI),Kayle (BW/MT),0,2,0
Championless (IO/SI),Darius/Gnar (FR/NX),0,2,0
Ashe/LeBlanc (FR/NX),Ashe/Nasus (FR/SH),0,2,0
Lee Sin/Viktor (IO/PZ),Akshan/Nidalee/Sivir (DE/SH),0,2,0
Kayle (BW/MT),Jack/Swain (BW/NX),0,2,0
Braum/Sett (FR/IO),Championless (SI),0,2,0
Illaoi (BW/IO),Ashe/LeBlanc (FR/NX),0,2,0
Sion/Thresh (NX/SI),Jack/Sett (BW/IO),0,2,0
Garen/Neeko (DE/RU),Kalista (SI),0,2,0
Janna/Morgana (MT/PZ),Akshan/Lee Sin (IO/SH),0,2,0
Jack/Lillia (BW/IO),Rumble/Sion (BC/NX),0,2,0
Senna/Veigar (PZ/SI),Akshan (PZ/SH),0,2,0
Aatrox (RU/BW),Senna/Veigar (PZ/SI),0,2,0
Akshan/Lee Sin (IO/SH),Senna/Veigar (PZ/SI),0,2,0
Lillia/Morgana (IO/MT),Akshan/Varus (SH/RU),0,2,0
Morgana/Vayne (DE/NX),Akshan/Varus (SH/RU),0,2,0
Akshan/Nasus/Renekton (SH),Kalista (SI),0,2,0
Kai'Sa/Sivir (FR/SH),Vayne/Vi (DE/PZ),0,2,0
Championless (FR/SI),Jayce/Lux (DE/PZ),0,2,0
Janna/Viktor (BC/PZ),Nidalee (BC/SH),0,2,0
Braum (FR/MT),Ashe/LeBlanc (FR/NX),0,2,0
Nasus/Senna (SI/SH),Aatrox/Kayn (RU/RU),0,2,0
Morgana/Udyr (DE/FR),Akshan/Nidalee (BC/SH),0,2,0
Jax/Poppy (DE/RU),Championless (SI),0,2,0
Riven/Viktor (NX/PZ),Janna/Senna (PZ/SI),0,2,0
Braum/Lillia (FR/IO),Akshan/Nidalee (BC/SH),0,2,0
Yasuo (IO/MT),Rumble/Sion (BC/NX),0,2,0
Aphelios/Yasuo (IO/MT),Vayne/Vi (DE/PZ),0,2,0
Aatrox/Vayne (RU/DE),Aatrox/Morgana/Vayne (RU/DE),0,2,0
Ashe (FR/PZ),Braum/Udyr/Vladimir (FR/NX),0,2,0
Janna/Viktor (BW/PZ),Championless (SI),0,2,0
Swain/Yasuo (IO/NX),Akshan/Varus (SH/RU),0,2,0
Braum/Sejuani/Swain (FR/NX),Lillia/Sett (IO/PZ),0,2,0
Lulu/Shen (IO/MT),Jayce/Lux (DE/PZ),0,2,0
Neeko/Renekton (RU/SH),Gwen/LeBlanc (NX/SI),0,2,0
Ashe (FR/PZ),Vayne/Vi (DE/PZ),0,2,0
Morgana/Udyr (DE/FR),Rumble/Sion (NX/SH),0,2,0
Rumble/Viktor (BC/PZ),Akshan/Varus (SH/RU),0,2,0
Senna (PZ/SI),Tahm Kench/Udyr (BW/FR),0,2,0
Akshan/Varus (SH/RU),Janna/Viktor (BC/PZ),0,2,0
Morgana/Riven (MT/NX),Akshan/Varus (SH/RU),0,2,0
Rumble/Vayne (DE/NX),Gwen/LeBlanc (NX/SI),0,2,0
Ryze (IO/RU),Aatrox/Kayn (RU/RU),0,2,0
Ashe (FR/PZ),Gangplank/Nidalee (BW/SH),0,2,0
Poppy/Taric (DE/MT),Braum/Garen/Udyr (DE/FR),0,2,0
Lillia/Sett (BC/IO),Lulu/Shen (IO/MT),0,2,0
Jayce/Lux (DE/PZ),Sion/Thresh (NX/SI),0,2,0
Gnar/Nidalee (BC/SH),Gwen/LeBlanc (NX/SI),0,2,0
Gwen/LeBlanc (NX/SI),Lulu/Shen (IO/MT),0,2,0
Kayle (BW/MT),Garen/Poppy (DE),0,2,0
Maokai/Nautilus (BW/SI),Janna/Veigar (BC/PZ),0,2,0
Galio/Morgana (DE/FR),Senna/Veigar (PZ/SI),0,2,0
Senna/Veigar (PZ/SI),Senna (PZ/SI),0,2,0
Kayle (BW/MT),Jack/Kayn (BW/RU),0,2,0
Aphelios/Viktor (MT/PZ),Gangplank/Nidalee (BW/SH),0,2,0
Senna/Veigar (PZ/SI),Gwen/LeBlanc (NX/SI),0,2,0
Ashe/Janna (FR/PZ),Gangplank/Sejuani (BW/FR),0,2,0
Darius (FR/NX),Gangplank/Sejuani (BW/FR),0,2,0
Gangplank/Nidalee (BW/SH),Nasus/Senna (SI/SH),0,2,0
Kalista (SI),Nasus/Senna (SI/SH),0,2,0
Jack/Sett (BW/IO),Illaoi/Swain (BW/NX),0,2,0
Garen (DE/NX),Janna/Viktor (BW/PZ),0,2,0
Braum/Kayle/Morgana (FR/MT),Ashe/LeBlanc (FR/NX),0,2,0
Championless (SI),Janna/Viktor (BC/PZ),0,2,0
Gangplank/Nidalee (BW/SH),Gangplank/Sejuani (BW/FR),0,2,0
Kalista (SI),Akshan/Kayn (RU/SH),0,2,0
Ashe/Jayce (FR/PZ),Akshan/Varus (SH/RU),0,2,0
Jax/Rumble (BC/RU),LeBlanc/Sivir (NX/SH),0,2,0
LeBlanc/Sivir (NX/SH),Darius/LeBlanc (FR/NX),0,2,0
Akshan/Lee Sin (IO/SH),Swain/Vladimir (BW/NX),0,2,0
Maokai/Nautilus (BW/SI),Gangplank/Nidalee (BW/SH),0,2,0
Neeko/Tristana (BC/RU),Darius/Gnar (FR/NX),0,2,0
Aphelios/Viktor (MT/PZ),Darius/Gwen (NX/SI),0,2,0
Gwen/Riven (NX/SI),Gangplank/Sejuani (BW/FR),0,2,0
Senna/Veigar (PZ/SI),Akshan/Nasus/Renekton (SH),0,2,0
Championless (SI),LeBlanc/Riven (BW/NX),0,2,0
Akshan/Morgana (MT/SH),Riven/Viktor (NX/PZ),0,2,0
Janna/Senna (PZ/SI),Jack/Sett (BW/IO),0,2,0
Championless (BC/BW),Akshan/Lee Sin (IO/SH),0,2,0
Illaoi/Vayne (BW/DE),Morgana/Udyr (DE/FR),0,2,0
Kai'Sa/Rumble (NX/SH),Morgana/Udyr (DE/FR),0,2,0
Riven/Vi/Viktor (NX/PZ),Championless (SI),0,2,0
Jayce (FR/PZ),Aphelios/Yasuo (IO/MT),0,2,0
LeBlanc/Sivir (NX/SH),Akshan/Sivir (NX/SH),0,2,0
Jax/Tristana (BC/RU),Kayle (BW/MT),0,2,0
Braum/Lillia (FR/IO),Darius/LeBlanc (FR/NX),0,2,0
Garen/Poppy (DE),Jayce/Lux (DE/PZ),0,2,0
Illaoi/Swain (BW/NX),Neeko/Poppy (BC/RU),0,2,0
Nidalee (BC/SH),Lee Sin/Riven (IO/NX),0,2,0
Ashe/LeBlanc (FR/NX),Rumble/Veigar (BC/NX),0,2,0
Braum/Lillia (FR/IO),Morgana/Riven (MT/NX),0,2,0
Maokai/Nautilus (BW/SI),Gangplank/Gnar (BC/BW),0,2,0
Aphelios/Viktor (MT/PZ),Jax/Tristana (BC/RU),0,2,0
Garen/Shyvana (DE/MT),Championless (PZ/SI),0,2,0
Braum/Vladimir (FR/NX),Senna/Veigar (PZ/SI),0,2,0
Kayle/Lillia (IO/MT),Braum/Vladimir (FR/NX),0,2,0
Neeko/Poppy (DE/RU),Lillia/Malphite (IO/MT),0,2,0
Poppy/Taric (DE/MT),Nasus (SI/SH),0,2,0
Darius/Gnar (FR/NX),Nidalee/Sivir (BC/SH),0,2,0
Championless (SI),Aatrox/Varus (RU/RU),0,2,0
Braum/Garen/Udyr (DE/FR),Aatrox/Kayn (RU/RU),0,2,0
Aphelios/Tahm Kench (BW/MT),LeBlanc/Sivir (NX/SH),0,2,0
Gangplank/Nidalee (BW/SH),Akshan/Nidalee (FR/SH),0,2,0
Maokai (BW/SI),Akshan/Sivir (IO/SH),0,2,0
Braum/Garen/Udyr (DE/FR),Gangplank/Nidalee (BW/SH),0,2,0
Darius (FR/NX),Braum/Garen/Udyr (DE/FR),0,2,0
Braum/Leona (FR/MT),Senna/Veigar (BC/SI),0,2,0
Braum/Kayle (FR/MT),Nidalee/Sivir (BC/SH),0,2,0
Neeko/Poppy (DE/RU),Tahm Kench/Udyr (BW/FR),0,2,0
Ashe/LeBlanc (FR/NX),Viktor (FR/PZ),0,2,0
Lux/Shen (DE/IO),Maokai (BW/SI),0,2,0
Janna/Viktor (IO/PZ),Neeko/Poppy (DE/RU),0,2,0
Neeko/Poppy (DE/RU),Kayle/Lillia (IO/MT),0,2,0
Veigar (BC/NX),Kayle (BW/MT),0,2,0
Jax/Vayne (DE/RU),Neeko/Poppy (DE/RU),0,2,0
Maokai/Nautilus (BW/SI),Garen/Kayle (DE/MT),0,2,0
Lulu/Taric (IO/MT),Jax/Vayne (DE/RU),0,2,0
Veigar (BC/NX),Neeko/Poppy (DE/RU),0,2,0
Kalista (SI),Darius/LeBlanc/Riven (BW/NX),0,2,0
Janna/Senna (PZ/SI),Janna/Sett (IO/PZ),0,2,0
Janna/Morgana (MT/PZ),Ashe/LeBlanc (FR/NX),0,2,0
Poppy/Tristana (BC/DE),Lee Sin/Viktor (IO/PZ),0,2,0
Akshan/Nidalee (FR/SH),Ashe/Caitlyn (FR/PZ),0,2,0
Championless (SI),Akshan/Viktor (PZ/SH),0,2,0
Nasus/Thresh (SI/SH),Riven/Vi (NX/PZ),0,2,0
Garen (DE/SH),Aatrox/Kayn (RU/RU),0,2,0
Senna/Veigar (BC/SI),Senna/Viktor (PZ/SI),0,2,0
Garen/Shyvana (DE/MT),LeBlanc/Sivir (NX/SH),0,2,0
Sett/Veigar (BC/IO),LeBlanc/Sivir (NX/SH),0,2,0
Kayle (BW/MT),Jack/Morgana (BW/DE),0,2,0
Jack/Morgana (BW/DE),Ashe (FR/PZ),0,2,0
Gwen/Kalista (SI),Kayle (BW/MT),0,2,0
Sejuani/Swain (FR/NX),Galio/Udyr (DE/FR),0,2,0
Shyvana (DE/MT),Ashe/Tahm Kench (BW/FR),0,2,0
Nasus/Thresh (SI/SH),Morgana/Taric (IO/MT),0,2,0
Sett/Veigar (BC/IO),Championless (SI),0,2,0
Morgana/Taric (IO/MT),LeBlanc/Sivir (NX/SH),0,2,0
Morgana/Viktor (MT/PZ),LeBlanc/Sivir (NX/SH),0,2,0
Gwen/LeBlanc (NX/SI),Darius/LeBlanc/Riven (BW/NX),0,2,0
Rumble/Sion (BC/NX),Swain (BW/NX),0,2,0
Braum/Garen (DE/FR),Kalista (SI),0,2,0
Sion (BC/NX),Jayce/Lux (DE/PZ),0,2,0
Illaoi (BW/SH),Janna/Senna (PZ/SI),0,2,0
Nasus/Thresh (SI/SH),Ornn/Varus (FR/RU),0,2,0
Akshan/Sivir (MT/SH),Riven/Viktor (NX/PZ),0,2,0
Championless (FR/IO),Darius/Gnar (FR/NX),0,2,0
Aphelios/Viktor (MT/PZ),Galio/Poppy (DE/IO),0,2,0
Championless (SI),Galio/Poppy (DE/IO),0,2,0
Braum/Lillia (FR/IO),Gwen/Riven (NX/SI),0,2,0
Braum/Vladimir (FR/NX),Kayn/Ornn (FR/RU),0,2,0
Gwen/Kalista (SI),Nasus (SI/SH),0,2,0
Galio/Poppy (DE/IO),Rumble/Sion (BC/NX),0,2,0
Kalista (SI),Aatrox/Varus (RU/RU),0,2,0
Kayn/Ornn (FR/RU),Janna/Viktor (IO/PZ),0,2,0
Janna/Viktor (PZ),Ashe/LeBlanc (FR/NX),0,2,0
Caitlyn/Jayce/Viktor (PZ),Ashe/LeBlanc (FR/NX),0,2,0
Maokai/Nautilus (BW/SI),Galio/Poppy (DE/IO),0,2,0
Galio/Poppy (DE/IO),Senna/Veigar (BC/SI),0,2,0
Galio/Udyr (DE/FR),Galio/Poppy (DE/IO),0,2,0
Senna/Veigar (PZ/SI),Jack/Sett (BW/IO),0,2,0
Darius/LeBlanc/Riven (BW/NX),Aphelios/Viktor (MT/PZ),0,2,0
Nasus/Thresh (SI/SH),Braum/Kayle/Morgana (FR/MT),0,2,0
Senna/Veigar (BC/SI),Kalista/Senna/Viktor (PZ/SI),0,2,0
Gwen/LeBlanc (NX/SI),Tristana (BC/DE),0,2,0
Ornn/Varus (FR/RU),Sett (IO/PZ),0,2,0
Gwen (FR/SI),Gwen/Riven (NX/SI),0,2,0
Nidalee (BC/SH),Gwen/Riven (NX/SI),0,2,0
Maokai/Nautilus (BW/SI),Nasus/Rumble (NX/SH),0,2,0
Akshan/Ornn (FR/SH),LeBlanc/Sivir (NX/SH),0,2,0
Nidalee/Viktor (PZ/SH),Ashe/LeBlanc (FR/NX),0,2,0
Ashe/LeBlanc (FR/NX),Kayle (BC/MT),0,2,0
Kalista (SI),Ashe (FR/NX),0,2,0
Ashe/LeBlanc (FR/NX),Ashe (FR/NX),0,2,0
Neeko/Poppy (DE/RU),Nidalee/Viktor (PZ/SH),0,2,0
Braum/Vladimir (FR/NX),Braum/Garen/Udyr (DE/FR),0,2,0
Kayle/Lillia (IO/MT),Akshan/Sivir (NX/SH),0,2,0
Jayce/Senna/Veigar (PZ/SI),Akshan/Sivir (NX/SH),0,2,0
Riven/Taric (MT/NX),Akshan/Sivir (NX/SH),0,2,0
Akshan/Lee Sin (IO/SH),Garen/Jayce (DE/PZ),0,2,0
Kayle (BW/MT),Viktor (IO/PZ),0,2,0
Kalista (MT/SI),Kai'Sa/Lillia (IO/SH),0,2,0
Kayle (BC/MT),Nasus/Thresh (SI/SH),0,2,0
Kayle (BC/MT),Senna/Veigar (PZ/SI),0,2,0
Galio/Poppy (DE/FR),Senna/Veigar (PZ/SI),0,2,0
Braum/Sejuani/Udyr (FR/PZ),Maokai/Nautilus (BW/SI),0,2,0
Lillia (FR/IO),Morgana/Riven (MT/NX),0,2,0
Morgana (MT/PZ),Braum/Vladimir (FR/NX),0,2,0
Jayce/Senna/Veigar (PZ/SI),Ashe/LeBlanc (FR/NX),0,2,0
Akshan/Nasus/Renekton (SH),Lillia/Sett (BC/IO),0,2,0
Championless (SI),Renekton (SH),0,2,0
Janna/Ornn (FR/PZ),Championless (SI),0,2,0
Kayle (BC/MT),Nidalee (BC/SH),0,2,0
Aatrox/Vayne (RU/DE),Ashe (FR/PZ),0,2,0
Riven/Vladimir (NX/SI),Kayle (BW/MT),0,2,0
Morgana/Udyr (DE/FR),Nidalee/Viktor (PZ/SH),0,2,0
Jack/Sett (BW/IO),Akshan/Sivir (NX/SH),0,2,0
Sejuani/Swain (FR/NX),Aatrox/Morgana (RU/DE),0,2,0
Malphite/Yasuo (IO/MT),Kalista (SI),0,2,0
Senna/Veigar (PZ/SI),Janna/Viktor (PZ/SI),0,2,0
Lux/Udyr (DE/FR),Neeko/Poppy (DE/RU),0,2,0
Sett (IO/PZ),Championless (IO/PZ),2,2,1
Gnar/Neeko (FR/RU),Nasus/Thresh (SI/SH),2,2,1
Darius (FR/NX),Sett (IO/PZ),2,2,1
Aatrox/Morgana (RU/DE),Gangplank/Sejuani (BW/FR),2,2,1
Aatrox/Morgana (RU/DE),Rumble/Sion (BC/NX),2,2,1
Championless (SI),Ashe/Senna (FR/SI),2,2,1
Lee Sin/Viktor (IO/PZ),Maokai (BW/SI),2,2,1
Akshan/Lee Sin (IO/SH),Kayle/Morgana (DE/MT),2,2,1
Maokai/Nautilus (BW/SI),Janna/Malphite (MT/PZ),2,2,1
Lillia/Sett (BC/IO),Garen (DE),2,2,1
Gnar/Nidalee (BC/SH),Morgana/Taric (MT/PZ),2,2,1
Braum/Vladimir (FR/NX),Sejuani/Swain (FR/NX),2,2,1
Ashe/LeBlanc (FR/NX),Lillia/Lulu (FR/IO),2,2,1
Lee Sin/Viktor (IO/PZ),Galio/Taric (DE/MT),2,2,1
Ashe/LeBlanc (FR/NX),Janna/Vi (BW/PZ),2,2,1
Nidalee (BC/SH),Garen/Shyvana (DE/MT),2,2,1
Akshan/Morgana (MT/SH),Darius/Gnar (FR/NX),2,2,1
Braum/Lillia (FR/IO),Morgana/Tahm Kench (BW/MT),2,2,1
Lulu/Neeko (BC/RU),Lulu/Taric (IO/MT),2,2,1
Lee Sin/Viktor (IO/PZ),Championless (BC/IO),2,2,1
Ashe/LeBlanc (FR/NX),Sejuani (BC/FR),2,2,1
Ashe/LeBlanc (FR/NX),Taric/Varus (MT/RU),2,2,1
Akshan/Lee Sin (IO/SH),Ashe/Janna (FR/PZ),2,2,1
Swain/Yasuo (IO/NX),Lee Sin/Viktor (IO/PZ),2,2,1
Aatrox/Morgana (RU/DE),Neeko/Poppy (DE/RU),2,2,1
Riven/Viktor (NX/PZ),Swain/Yasuo (IO/NX),2,2,1
LeBlanc/Sivir (NX/SH),Swain/Yasuo (IO/NX),2,2,1
Aatrox/Morgana (RU/DE),Riven/Viktor (NX/PZ),2,2,1
Sion/Vladimir (FR/NX),Darius/Gnar (FR/NX),2,2,1
Championless (IO/SI),Lee Sin/Viktor (IO/PZ),2,2,1
Poppy/Tristana (BC/DE),Ashe/Tahm Kench (BW/FR),2,2,1
Nasus/Renekton (SH),Poppy/Tristana (BC/DE),2,2,1
Sett (IO/PZ),Maokai (BW/SI),2,2,1
Ashe (FR/PZ),Gwen/Kalista (SI),2,2,1
Senna/Veigar (BC/SI),Braum/Lillia/Udyr (FR/IO),2,2,1
Ashe/LeBlanc (FR/NX),Garen/Morgana (DE/SI),2,2,1
Janna/Sett (IO/PZ),Aatrox/Morgana (RU/DE),2,2,1
Aatrox/Morgana (RU/DE),Aatrox/Kayn (RU/RU),2,2,1
Senna/Veigar (BC/SI),Garen/Taric (DE/MT),2,2,1
Ashe/LeBlanc (FR/NX),Illaoi/Udyr (BW/FR),2,2,1
Gwen/Kalista (NX/SI),Ashe (FR/PZ),2,2,1
Jayce/Lux (DE/PZ),Braum (FR/MT),2,2,1
Aatrox/Kayn (RU/RU),Udyr/Vayne (DE/FR),2,2,1
Morgana/Udyr (FR/MT),Viktor (BC/PZ),2,2,1
Nasus/Senna (SI/SH),Nasus/Renekton (SH),2,2,1
Morgana/Udyr (DE/FR),Gnar/Renekton (FR/SH),2,2,1
Nasus/Thresh (SI/SH),Janna/Lee Sin/Viktor (IO/PZ),2,2,1
Braum/Vladimir (FR/NX),Janna/Viktor (MT/PZ),2,2,1
Maokai (BW/SI),Morgana/Taric (DE/MT),2,2,1
Jack/Sett (BW/IO),Taric/Varus (MT/RU),2,2,1
Janna/Lee Sin/Viktor (IO/PZ),Ashe (FR/PZ),2,2,1
Jayce/Lux (DE/PZ),Braum/Udyr (FR/IO),2,2,1
Maokai (BW/SI),Malphite/Yasuo (IO/MT),2,2,1
Akshan/Lee Sin (IO/SH),Sion/Vladimir (FR/NX),2,2,1
Morgana/Udyr (DE/FR),Gangplank (BW/FR),2,2,1
Malphite (BW/MT),Akshan/Lee Sin (IO/SH),2,2,1
Janna/Lee Sin/Viktor (IO/PZ),Malphite/Yasuo (IO/MT),2,2,1
Jayce/Lux (DE/PZ),Gangplank/Janna (BW/PZ),2,2,1
Gwen/LeBlanc (NX/SI),Aatrox (RU/BW),2,2,1
Poppy/Riven (BC/NX),Gwen/Kalista (NX/SI),2,2,1
Akshan/Lee Sin (IO/SH),Ashe (FR/SI),2,2,1
Galio/Poppy (DE/FR),Gangplank/Sejuani (BW/FR),2,2,1
Gwen/Jayce (PZ/SI),Championless (SI),2,2,1
Janna/Lee Sin/Viktor (IO/PZ),Braum/Kayle (FR/MT),2,2,1
Nasus (SI/SH),Braum/Vladimir (FR/NX),2,2,1
Braum/Vladimir (FR/NX),Garen/Shyvana (DE/MT),2,2,1
Braum/Vladimir (FR/NX),Illaoi/Udyr (BW/FR),2,2,1
Poppy/Tristana (BC/MT),Morgana/Udyr (DE/FR),2,2,1
Aatrox/Kayn (RU/RU),Gwen/Kalista (FR/SI),2,2,1
Aphelios/Lee Sin (IO/MT),Nasus/Thresh (SI/SH),2,2,1
Morgana/Taric (DE/MT),Akshan/Varus (SH/RU),2,2,1
Gnar (BC/FR),Championless (SI),2,2,1
Lee Sin/Viktor (IO/PZ),Tahm Kench/Udyr (BW/FR),2,2,1
Darius/Gnar/LeBlanc (FR/NX),Nidalee (BC/SH),2,2,1
Aatrox/Morgana/Vayne (RU/DE),Jayce/Lux (DE/PZ),2,2,1
Gangplank (BW/FR),Jayce/Lux (DE/PZ),2,2,1
Championless (MT/SI),Championless (SI/SH),2,2,1
Ashe/LeBlanc (FR/NX),Darius/Gnar/LeBlanc (FR/NX),2,2,1
Lee Sin/Viktor (IO/PZ),Poppy/Tristana (BC/SI),2,2,1
Morgana/Taric (DE/MT),Braum/Lillia (FR/IO),2,2,1
Championless (SI),Garen/Kayle (DE/MT),2,2,1
Illaoi/Udyr (BW/FR),Maokai/Nautilus (BW/SI),2,2,1
Poppy/Riven (BC/NX),Darius/Gnar/LeBlanc (FR/NX),2,2,1
Gwen/Kalista (NX/SI),Kai'Sa/Sivir/Vi (PZ/SH),2,2,1
Gnar/Tristana (BC/BW),Kai'Sa/Sivir/Vi (PZ/SH),2,2,1
Kalista (SI),Garen/Kayle (DE/MT),2,2,1
Championless (SI/SH),Kai'Sa/Sivir/Vi (PZ/SH),2,2,1
Malphite (BW/MT),Championless (SI),2,2,1
Jack/Sett (BW/IO),Kalista/LeBlanc (NX/SI),2,2,1
Nasus/Thresh (SI/SH),Kalista/LeBlanc (NX/SI),2,2,1
Ashe (FR/PZ),Championless (IO/PZ),2,2,1
Nasus/Thresh (SI/SH),Janna (PZ/SI),2,2,1
Darius/LeBlanc (FR/NX),Jayce/Lux (DE/PZ),2,2,1
Veigar (BC/SI),Ashe/LeBlanc (FR/NX),2,2,1
Jayce/Lux (DE/PZ),Illaoi (BW/NX),2,2,1
Janna/Sett (IO/PZ),Darius/Gangplank (BW/NX),2,2,1
Lillia/Sett (IO/SH),Jayce/Lux (DE/PZ),2,2,1
Braum/Galio (DE/FR),Morgana/Udyr (DE/FR),2,2,1
Kalista/LeBlanc (NX/SI),Ashe (FR/PZ),2,2,1
Aatrox/Kayn (RU/RU),Taric/Vi (MT/PZ),2,2,1
Darius/Gnar/LeBlanc (FR/NX),Lillia/Sett (IO/MT),2,2,1
Nasus/Thresh (SI/SH),Leona/Malphite (IO/MT),2,2,1
Morgana/Udyr (DE/FR),Lillia/Ryze (IO/RU),2,2,1
Lillia/Sett (IO/MT),Championless (SI),2,2,1
Ashe/LeBlanc (FR/NX),Garen/Kayle (DE/MT),2,2,1
Nasus/Renekton (SH),Gnar/Neeko (FR/RU),2,2,1
Illaoi/Swain (BW/NX),Janna/Sett (IO/PZ),2,2,1
Championless (PZ/SI),Illaoi/Swain (BW/NX),2,2,1
Braum/Gnar (FR/IO),Maokai/Nautilus (BW/SI),2,2,1
Akshan/Lee Sin (IO/SH),Braum/Gnar (FR/IO),2,2,1
Jayce/Lux (DE/PZ),Garen/Sivir (DE/SH),2,2,1
Senna/Veigar (BC/SI),Janna/Lee Sin (IO/PZ),2,2,1
Gwen/Kalista (FR/SI),Braum/Vladimir (FR/NX),2,2,1
LeBlanc/Udyr (FR/NX),Aphelios/Lee Sin (IO/MT),2,2,1
Braum/Vladimir (FR/NX),Swain/Vladimir (BW/NX),2,2,1
Sivir/Vi (PZ/SH),Senna/Veigar (BC/SI),2,2,1
Morgana/Udyr (DE/FR),Ryze (IO/RU),2,2,1
Gnar/Tristana (BC/BW),Maokai/Nautilus (BW/SI),2,2,1
Darius/Gnar/LeBlanc (FR/NX),Morgana/Taric (DE/MT),2,2,1
Braum/Galio (DE/FR),Gnar/Nidalee (BC/SH),2,2,1
Akshan/Lee Sin (IO/SH),Aatrox/Vayne (RU/DE),2,2,1
Darius/Gnar/LeBlanc (FR/NX),Akshan/Sivir (DE/SH),2,2,1
Morgana/Udyr (DE/FR),Championless (IO/PZ),2,2,1
Gangplank/Sejuani (BW/FR),Gnar/Neeko (FR/RU),2,2,1
Championless (SI/SH),Aphelios/Viktor (MT/PZ),2,2,1
Kayle (BW/MT),Poppy/Tristana (BC/SI),2,2,1
Sett (IO/PZ),Ryze (IO/RU),2,2,1
Gwen/Kalista (FR/SI),Kalista (SI),2,2,1
Gnar/Neeko (FR/RU),Kayle (FR/MT),2,2,1
Gwen/Kalista (FR/SI),Lillia/Ryze (IO/RU),2,2,1
Lillia/Ryze (IO/RU),Kayle (BW/MT),2,2,1
Championless (SI),Kayle (BC/MT),2,2,1
Championless (SI),Kayle/Udyr (FR/MT),2,2,1
Akshan/Varus (SH/RU),Riven/Vi (NX/PZ),2,2,1
Aatrox/Varus (RU/RU),Senna/Veigar (BC/SI),2,2,1
Jayce/Lux (DE/PZ),Championless (FR/IO),2,2,1
Gangplank/Sejuani (BW/FR),Darius/Gnar/LeBlanc (FR/NX),2,2,1
Championless (SI),Lulu/Neeko (IO/RU),2,2,1
Sett (IO/PZ),Lillia/Sett (IO/SH),2,2,1
Ashe/Tahm Kench (BW/FR),Rumble/Sion (BC/NX),2,2,1
Darius/Gnar (FR/NX),Kayle/Udyr (FR/MT),2,2,1
Maokai (BW/SI),Championless (IO/PZ),2,2,1
Maokai (BW/SI),Shen/Udyr (FR/IO),2,2,1
Darius/LeBlanc (FR/NX),Senna (PZ/SI),2,2,1
Gwen/LeBlanc (NX/SI),Swain/Vladimir (BW/NX),2,2,1
Lulu/Shen (IO/MT),Nasus/Renekton (SH),2,2,1
Leona/Malphite (IO/MT),Gwen/Kalista (FR/SI),2,2,1
Akshan/Lee Sin (IO/SH),Sett (IO/SH),2,2,1
Neeko/Poppy (DE/RU),Braum/Kayle (FR/MT),2,2,1
Rumble/Vayne (DE/NX),Nasus/Renekton (SH),2,2,1
Lee Sin/Udyr (FR/IO),Rumble/Sion (BC/NX),2,2,1
Aatrox/Kayn (RU/RU),Janna/Lee Sin (IO/PZ),2,2,1
Braum/Lillia/Udyr (FR/IO),Aatrox/Kayn (RU/RU),2,2,1
Gnar/Nidalee (BC/SH),Braum/Kayle (FR/MT),2,2,1
Leona/Morgana (DE/MT),Akshan/Lee Sin (IO/SH),2,2,1
LeBlanc/Sion (NX/SI),LeBlanc/Udyr (FR/NX),2,2,1
Ashe (FR/PZ),Udyr (FR/IO),2,2,1
Kalista (SI),Ryze (IO/RU),2,2,1
Morgana/Taric (DE/MT),Kayle (BW/MT),2,2,1
Aphelios/Yasuo (IO/MT),Akshan/Varus (SH/RU),2,2,1
Swain/Vladimir (BW/NX),Nidalee (BC/SH),2,2,1
Championless (BC/SI),Braum/Galio (DE/FR),2,2,1
Maokai/Nautilus (BW/SI),Swain/Vladimir (FR/NX),2,2,1
Ashe/LeBlanc (FR/NX),Braum/Udyr (DE/FR),2,2,1
Championless (IO/PZ),Akshan/Lee Sin (IO/SH),2,2,1
Aatrox/Varus (RU/RU),Darius/Gnar (FR/NX),2,2,1
Kalista (SI),Lillia/Lulu (DE/IO),2,2,1
Maokai (BW/SI),Neeko/Renekton (RU/SH),2,2,1
LeBlanc/Rumble/Sion (IO/NX),Jack/Sett (BW/IO),2,2,1
Gwen/Kalista (FR/SI),Rumble/Vayne (DE/NX),2,2,1
Morgana/Udyr (DE/FR),Gwen/Thresh (NX/SI),2,2,1
Kayle (BW/MT),Championless (BC/SI),2,2,1
Championless (SI),Gwen (SI),2,2,1
Braum/Vladimir (FR/NX),Riven/Taric (MT/NX),2,2,1
Viktor (IO/PZ),Gangplank/Sejuani (BW/FR),2,2,1
Gangplank/Sejuani (BW/FR),Leona (MT/SH),2,2,1
Riven/Viktor (NX/PZ),Gnar/Swain (BC/NX),2,2,1
Nasus/Thresh (SI/SH),Shyvana/Taric (DE/MT),2,2,1
Jayce/Viktor (MT/PZ),Maokai/Nautilus (BW/SI),2,2,1
Lillia/Lulu (DE/IO),LeBlanc/Rumble/Sion (IO/NX),2,2,1
Morgana/Shyvana (DE/MT),Lillia/Lulu (DE/IO),2,2,1
Aphelios/Lee Sin (IO/MT),Ashe (FR/SI),2,2,1
Championless (SI),Braum/Udyr/Vladimir (FR/NX),2,2,1
Kayle (FR/MT),Darius/Gnar (FR/NX),2,2,1
Darius/LeBlanc (FR/NX),Maokai/Nautilus (BW/SI),2,2,1
Ashe/Tahm Kench (BW/FR),Lillia/Sett (BC/IO),2,2,1
Braum/Udyr/Vladimir (FR/NX),Morgana/Udyr (DE/FR),2,2,1
Maokai/Nautilus (BW/SI),Shyvana/Taric (DE/MT),2,2,1
Sett (IO/PZ),Garen (DE/SH),2,2,1
Swain/Yasuo (IO/NX),LeBlanc/Udyr (FR/NX),2,2,1
Rumble/Sion (BC/NX),Riven/Taric (MT/NX),2,2,1
Jayce/Lux (DE/PZ),Garen (DE),2,2,1
LeBlanc (FR/NX),Nidalee (BC/SH),2,2,1
Sett (IO/PZ),Swain/Yasuo (IO/NX),2,2,1
Ashe/LeBlanc (FR/NX),Kayle (FR/MT),2,2,1
Gwen (NX/SI),Nidalee (BC/SH),2,2,1
LeBlanc/Rumble (NX/SI),Akshan/Lee Sin (IO/SH),2,2,1
Maokai (BW/SI),Aphelios/Viktor (MT/PZ),2,2,1
Darius/Gnar (FR/NX),Sett (IO/SI),2,2,1
Nidalee (BC/SH),Aphelios/Kayle (BW/MT),2,2,1
Braum/Galio (DE/FR),Illaoi/Kalista (BW/SI),2,2,1
Aphelios/Lee Sin (IO/MT),Nasus/Senna (SI/SH),2,2,1
Rumble/Sion (BC/NX),Illaoi/Kalista (BW/SI),2,2,1
Nasus (SI/SH),Gwen/Vayne (DE/SI),2,2,1
Illaoi/Kalista (BW/SI),Kayle (BW/MT),2,2,1
Kalista (SI),Braum/Galio (DE/FR),2,2,1
Championless (SI/SH),Ashe/Tahm Kench (BW/FR),2,2,1
Nasus/Renekton (SH),Janna/Maokai (PZ/SI),2,2,1
Morgana/Udyr (DE/FR),LeBlanc (FR/NX),2,2,1
Sett (IO/SH),Shyvana (DE/MT),2,2,1
Morgana/Udyr (DE/FR),Kayle/Morgana (BW/MT),2,2,1
Kayle (FR/MT),Leona (MT/SH),2,2,1
Darius/LeBlanc (FR/NX),Nidalee (BC/SH),2,2,1
Nasus/Thresh (SI/SH),Akshan/Morgana (MT/SH),2,2,1
Jax/Ornn (FR/RU),Garen (DE/SH),2,2,1
Braum/Vladimir (FR/NX),Gnar/Sejuani (FR/PZ),2,2,1
Neeko/Poppy (DE/RU),Galio/Poppy (DE/MT),2,2,1
Championless (SI),Lillia/Tristana (BC/IO),2,2,1
Gnar/Nidalee (BC/SH),Gnar/Neeko (FR/RU),2,2,1
Championless (SI),Gnar/Illaoi (BW/FR),2,2,1
LeBlanc/Sivir (NX/SH),LeBlanc/Udyr (FR/NX),2,2,1
Championless (SI),Akshan/Gwen (SI/SH),2,2,1
Riven/Viktor (NX/PZ),Gangplank/Swain (BW/NX),2,2,1
Galio/Morgana (DE/MT),Darius/Gnar (FR/NX),2,2,1
Gwen/Vi (PZ/SI),Morgana/Udyr (DE/FR),2,2,1
Galio/Morgana (DE/MT),Ashe (FR/PZ),2,2,1
Nasus/Senna (SI/SH),Galio/Morgana (DE/MT),2,2,1
Jax/Ornn (FR/RU),Akshan/Jack (BW/SH),2,2,1
Jack/Sett (BW/IO),Poppy/Tristana (BC/NX),2,2,1
Akshan/Udyr (FR/SH),Jax/Ornn (FR/RU),2,2,1
Nidalee (BC/SH),Aphelios/Lee Sin (IO/MT),2,2,1
Gnar (DE/FR),Maokai/Nautilus (BW/SI),2,2,1
Gwen/Vi (PZ/SI),Janna/Sett (IO/PZ),2,2,1
Senna/Veigar (BC/SI),Akshan/Aphelios/Morgana (MT/SH),2,2,1
Kayle (BW/MT),Morgana/Shyvana (DE/MT),2,2,1
Janna/Sett/Viktor (IO/PZ),Akshan/Varus (SH/RU),2,2,1
Akshan/Varus (SH/RU),Gnar/Kayle (FR/MT),2,2,1
Jayce/Lux (DE/PZ),Illaoi/Swain (BW/NX),2,2,1
Janna/Sett (IO/PZ),Kayle/Ornn (FR/MT),2,2,1
Rumble/Sion (BC/NX),Neeko/Poppy (BC/RU),2,2,1
Lee Sin/Viktor (IO/PZ),Poppy/Tristana (BC/NX),2,2,1
Gwen/Vi (PZ/SI),Jack/Sett (BW/IO),2,2,1
Akshan/Morgana (DE/SH),Morgana/Udyr (DE/FR),2,2,1
Leona/Yasuo (IO/MT),Akshan/Varus (SH/RU),2,2,1
LeBlanc/Udyr (FR/NX),Jack/Sett (BW/IO),2,2,1
Maokai/Nautilus (BW/SI),Galio/Morgana (DE/MT),2,2,1
Aatrox/Kayn (RU/RU),Kalista (MT/SI),2,2,1
Ashe/Caitlyn (FR/PZ),Lillia/Udyr (FR/IO),2,2,1
Riven/Vi (NX/PZ),Maokai/Nautilus (BW/SI),2,2,1
Lulu/Taric (IO/MT),Janna (IO/PZ),2,2,1
Lee Sin/Viktor (IO/PZ),Gwen/Vi (PZ/SI),2,2,1
Gnar/Sejuani (BC/FR),Nasus/Renekton (SH),2,2,1
Galio/Poppy (DE/FR),Lillia/Udyr (FR/IO),2,2,1
Championless (SI),Udyr (FR/IO),2,2,1
Championless (MT/SI),Rumble/Sion (BC/NX),2,2,1
Akshan/Nasus (SI/SH),Jack/Poppy (BW/DE),2,2,1
Galio/Morgana (DE/MT),Gangplank/Sejuani (BW/FR),2,2,1
Janna/Sett/Viktor (IO/PZ),Kayle (BW/MT),2,2,1
Championless (SI),Galio/Poppy (DE/MT),2,2,1
Galio/Udyr (DE/FR),Maokai (BW/SI),2,2,1
Senna/Veigar (BC/SI),Lillia/Yasuo (FR/IO),2,2,1
Aatrox/Kayn (RU/RU),Neeko/Poppy (BC/RU),2,2,1
Akshan/Nasus/Renekton (SH),Kayle (BW/MT),2,2,1
Kalista (MT/SI),Braum/Vladimir (FR/NX),2,2,1
LeBlanc/Sivir (NX/SH),Aphelios/Yasuo (IO/MT),2,2,1
Senna/Veigar (BC/SI),Kalista/Thresh (SI),2,2,1
Gnar/Illaoi (BW/FR),Akshan/Varus (SH/RU),2,2,1
Braum/Lillia (FR/IO),Rumble/Vayne (DE/NX),2,2,1
LeBlanc/Udyr (FR/NX),Senna (PZ/SI),2,2,1
Lulu/Taric (IO/MT),Nasus/Thresh (SI/SH),2,2,1
Aphelios/Viktor (MT/PZ),Akshan/Jack (BW/SH),2,2,1
Aatrox/Vayne (RU/DE),Morgana/Udyr (DE/FR),2,2,1
Darius/Gnar (FR/NX),Leona/Sivir (MT/SH),2,2,1
Morgana/Udyr (DE/FR),Udyr/Vayne (DE/FR),2,2,1
Udyr/Vayne (DE/FR),Kayle (BW/MT),2,2,1
Udyr/Vayne (DE/FR),Maokai/Nautilus (BW/SI),2,2,1
Lee Sin/Viktor (IO/PZ),Riven/Varus (NX/RU),2,2,1
Udyr/Vayne (DE/FR),Gwen/Vayne (DE/SI),2,2,1
Ashe/LeBlanc (FR/NX),Kayle/Shyvana (DE/MT),2,2,1
Janna/Sett/Viktor (IO/PZ),Aphelios/Viktor (MT/PZ),2,2,1
Darius/Lulu (IO/NX),Akshan/Lee Sin (IO/SH),2,2,1
Gangplank/Sejuani (BW/FR),Kai'Sa/Viktor (PZ/SH),2,2,1
Lee Sin/Viktor (IO/PZ),Ashe/Tahm Kench (BW/FR),2,2,1
Lee Sin/Viktor (IO/PZ),Braum/Kayle (FR/MT),2,2,1
Darius (FR/NX),Lillia/Udyr (FR/IO),2,2,1
Riven/Vi (NX/PZ),Ashe (FR/PZ),2,2,1
Ashe (FR/PZ),Caitlyn/Swain (NX/PZ),2,2,1
Darius (FR/NX),Braum/Lillia (FR/IO),2,2,1
Shen/Sivir (IO/SH),Lillia/Yasuo (FR/IO),2,2,1
Gwen (NX/SI),Maokai (BW/SI),2,2,1
Sett (IO/PZ),Darius/Gwen (NX/SI),2,2,1
Aphelios/Viktor (MT/PZ),Janna/Senna (PZ/SI),2,2,1
Championless (SI),Caitlyn/Janna/Ryze/Viktor (PZ/RU),2,2,1
Lillia/Sett (BC/IO),Shen/Sivir (IO/SH),2,2,1
Akshan/Morgana (DE/SH),Ashe/LeBlanc (FR/NX),2,2,1
Ryze (RU/SI),Akshan/Nasus (SI/SH),2,2,1
Ryze (RU/SI),Akshan/Lee Sin (IO/SH),2,2,1
Jayce/Lux (DE/PZ),Ryze (RU/SI),2,2,1
Championless (SI),Galio/Garen (DE/MT),2,2,1
Riven/Viktor (NX/PZ),Darius/Lulu (IO/NX),2,2,1
Shen/Sivir (IO/SH),Aphelios/Viktor (MT/PZ),2,2,1
Braum/Kayle (FR/MT),Darius/Gnar (FR/NX),2,2,1
Gnar/Sejuani (BC/FR),Championless (MT/SI),2,2,1
Gnar/Sejuani (BC/FR),Lillia/Sett (BC/IO),2,2,1
Neeko/Renekton (RU/SH),Lillia/Viktor (IO/PZ),2,2,1
Championless (SI),Braum/Udyr (FR/MT),2,2,1
Riven/Vi (NX/PZ),Kayle (BW/MT),2,2,1
Ashe (FR/SI),Kalista (SI),2,2,1
Sett (IO/PZ),Ashe/Tahm Kench (BW/FR),2,2,1
Rumble/Sion (BC/NX),Gnar/Sejuani (BC/FR),2,2,1
Senna/Veigar (BC/SI),Kalista (NX/SI),2,2,1
Gwen (NX/SI),Darius/Gnar (FR/NX),2,2,1
Jax/Ornn (FR/RU),Gwen (NX/SI),2,2,1
Aphelios/Sett (IO/MT),Jack/Sett (BW/IO),2,2,1
Braum/Udyr (FR/MT),Gwen (NX/SI),2,2,1
Championless (IO/SI),Akshan/Lee Sin (IO/SH),2,2,1
Braum/Lillia (FR/IO),Neeko/Renekton (RU/SH),2,2,1
Janna/Sett (IO/PZ),Taric/Udyr (FR/MT),2,2,1
Akshan/Lee Sin (IO/SH),Illaoi/Riven (BW/NX),2,2,1
Gangplank/Swain (BW/NX),Senna/Veigar (BC/SI),2,2,1
Gangplank/Swain (BW/NX),Maokai (BW/SI),2,2,1
Akshan/Nasus (SI/SH),Kalista (SI),2,2,1
Gangplank/Swain (BW/NX),Morgana/Udyr (DE/FR),2,2,1
Yasuo (IO/NX),Nasus (SI/SH),2,2,1
Akshan/Udyr (FR/SH),Galio/Udyr (DE/FR),2,2,1
Akshan/Nasus (SI/SH),Gnar/Swain (BC/NX),2,2,1
Gnar/Swain (BC/NX),Gangplank/Swain (BW/NX),2,2,1
Gangplank/Swain (BW/NX),Kalista (SI),2,2,1
Gnar/Swain (BC/NX),Taric/Udyr (FR/MT),2,2,1
Jax/Ornn (FR/RU),Taric/Udyr (FR/MT),2,2,1
Gnar/Swain (BC/NX),Kalista (SI),2,2,1
Akshan/Varus (SH/RU),Gwen/Riven (NX/SI),2,2,1
Gnar/Swain (BC/NX),Kayle (BW/MT),2,2,1
Janna/Sett (IO/PZ),Gangplank/Swain (BW/NX),2,2,1
Morgana/Riven (MT/NX),Darius/Gnar (FR/NX),2,2,1
Ashe (FR/PZ),Gnar/Swain (BC/NX),2,2,1
Kalista/Thresh (SI),Lee Sin/Viktor (IO/PZ),2,2,1
Braum/Lillia (FR/IO),Aphelios/Lee Sin (IO/MT),2,2,1
Illaoi/Swain (BW/NX),Shen/Sivir (IO/SH),2,2,1
Kayle/Leona (MT/NX),Senna/Veigar (BC/SI),2,2,1
Kayle/Leona (MT/NX),Darius/Gnar (FR/NX),2,2,1
Braum/Vladimir (FR/NX),Viktor (BC/PZ),2,2,1
Kalista (SI),Aphelios/Lee Sin (IO/MT),2,2,1
Braum/Lillia (FR/IO),Janna/Ryze (PZ/RU),2,2,1
Shen/Sivir (IO/SH),Galio/Morgana (DE/MT),2,2,1
Nidalee (BC/SH),Ryze (IO/RU),2,2,1
Janna/Sett (IO/PZ),Akshan/Nasus/Renekton (SH),2,2,1
Championless (PZ/SI),Akshan/Renekton (SH),2,2,1
Maokai/Nautilus (BW/SI),Ashe/Janna (FR/PZ),2,2,1
Gwen/Vayne (DE/SI),Kai'Sa/Sivir (DE/SH),2,2,1
Malphite/Yasuo (IO/MT),Gwen/LeBlanc (NX/SI),2,2,1
Aphelios/Sett (IO/MT),Akshan/Lee Sin (IO/SH),2,2,1
Sejuani/Swain (FR/NX),Gwen/Vayne (DE/SI),2,2,1
Gangplank/Nidalee (BW/SH),Akshan/Udyr (FR/SH),2,2,1
Gnar/Neeko (FR/RU),Gangplank/Nidalee (BW/SH),2,2,1
Kalista/Senna (BW/SI),Sett (IO/PZ),2,2,1
Ashe (FR/PZ),Championless (FR/SI),2,2,1
Championless (PZ/SI),Ashe/Janna (FR/PZ),2,2,1
Ashe (FR/PZ),Kalista/Senna (BW/SI),2,2,1
Janna/Vi (FR/PZ),Riven/Viktor (NX/PZ),2,2,1
Janna/Sett (IO/PZ),Illaoi/Riven (BW/NX),2,2,1
Nasus/Thresh (SI/SH),Gangplank/Nidalee (BW/SH),2,2,1
Janna/Sett (IO/PZ),Championless (FR/SI),2,2,1
Gnar/Neeko (FR/RU),LeBlanc/Udyr (FR/NX),2,2,1
Akshan/Senna (SI/SH),Riven/Viktor (NX/PZ),2,2,1
Ashe/LeBlanc (FR/NX),Garen/Kai'Sa (DE/SH),2,2,1
Gwen/LeBlanc (NX/SI),Gnar/Swain (BC/NX),2,2,1
Taric/Udyr (FR/MT),Kalista (SI),2,2,1
Rumble/Sion (BC/NX),Janna (PZ/SI),2,2,1
Ryze (IO/RU),Gnar/Sejuani (BC/FR),2,2,1
Ashe/Caitlyn (FR/PZ),Taric/Udyr (FR/MT),2,2,1
Janna (PZ/SI),Leona/Yasuo (IO/MT),2,2,1
Lillia (FR/IO),Championless (PZ/SI),2,2,1
Kayle/Leona (MT/NX),Gwen/LeBlanc (NX/SI),2,2,1
Braum/Vladimir (FR/NX),Lulu/Taric (IO/MT),2,2,1
Championless (SI),Galio/Morgana (BC/DE),2,2,1
Lillia (FR/IO),Taric/Udyr (FR/MT),2,2,1
Aphelios/Viktor (MT/PZ),Kayle/Lillia (IO/MT),2,2,1
Darius/Gnar (FR/NX),Caitlyn/Janna (FR/PZ),2,2,1
Kalista (SI),Viktor (PZ/SI),2,2,1
Aphelios/Viktor (MT/PZ),Swain/Vladimir (BW/NX),2,2,1
Gwen/Vayne (DE/SI),Yasuo (IO/NX),2,2,1
Gwen/LeBlanc (NX/SI),Akshan/Jack (BW/SH),2,2,1
Ashe (FR/PZ),Braum/Kayle (FR/MT),2,2,1
Kalista/Senna (BW/SI),Senna (PZ/SI),2,2,1
Morgana/Udyr (DE/FR),Kalista/Senna (BW/SI),2,2,1
Braum/Kayle/Morgana (FR/MT),Kayle (BW/MT),2,2,1
Poppy/Tristana (BC/DE),Morgana/Udyr (DE/FR),2,2,1
Caitlyn/Janna (FR/PZ),Sejuani/Swain (FR/NX),2,2,1
Morgana/Udyr (DE/FR),Caitlyn/Vi (FR/PZ),2,2,1
Darius/Gnar (FR/NX),Lulu/Poppy (BC/BW),2,2,1
Tahm Kench/Udyr (BW/FR),Darius/Gnar (FR/NX),2,2,1
Ryze (IO/RU),Gangplank/Sejuani (BW/FR),2,2,1
Ryze (IO/RU),Gwen/Nasus (SI/SH),2,2,1
Jayce/Lux (DE/PZ),Ryze (IO/RU),2,2,1
Ashe/LeBlanc/Riven (FR/NX),Maokai/Nautilus (BW/SI),2,2,1
Jayce/Lux (DE/PZ),Caitlyn/Janna (FR/PZ),2,2,1
Darius/Gwen (NX/SI),Galio/Udyr (DE/FR),2,2,1
Neeko/Poppy (DE/RU),Akshan/Jack (BW/SH),2,2,1
Kayle/Leona (MT/NX),Akshan/Lee Sin (IO/SH),2,2,1
Ashe/LeBlanc (FR/NX),Lulu/Taric (IO/MT),2,2,1
Akshan/Varus (SH/RU),Gwen/Kayle (MT/SI),2,2,1
Kalista (MT/SI),Maokai (BW/SI),2,2,1
Akshan/Udyr (FR/SH),Maokai/Nautilus (BW/SI),2,2,1
Jayce/Lux (DE/PZ),Rumble/Viktor (BC/PZ),2,2,1
Senna/Veigar (BC/SI),Lulu/Shen (DE/IO),2,2,1
Championless (PZ/SI),Yasuo (IO/NX),2,2,1
Gangplank/Sejuani (BW/FR),Swain/Vladimir (BW/NX),2,2,1
Kayle (BW/MT),Kayn/Vayne (DE/RU),2,2,1
Lee Sin/Viktor (IO/PZ),Kai'Sa/Viktor (PZ/SH),2,2,1
Akshan/Renekton (SH),Viktor (PZ/SI),2,2,1
Galio/Morgana (BC/DE),Akshan/Varus (SH/RU),2,2,1
Riven/Taric (MT/NX),Maokai/Nautilus (BW/SI),2,2,1
LeBlanc/Udyr (FR/NX),Aphelios/Viktor (MT/PZ),2,2,1
Lulu/Taric (IO/MT),Maokai/Nautilus (BW/SI),2,2,1
Janna/Sett (IO/PZ),Janna/Lillia (IO/PZ),2,2,1
Janna/Sett (IO/PZ),Gnar/Kayle (FR/MT),2,2,1
Janna/Sett (IO/PZ),Kalista (MT/SI),2,2,1
Kayle (BW/MT),Championless (MT/NX),2,2,1
Ashe/LeBlanc (FR/NX),Lillia/Sett (IO/PZ),2,2,1
Jax/Ornn (FR/RU),Lillia/Sett (IO/PZ),2,2,1
Braum (FR/NX),Gwen/Vayne (DE/SI),2,2,1
Maokai/Nautilus (BW/SI),Lillia/Sett (IO/PZ),2,2,1
Braum/Lillia (FR/IO),Lillia/Sett (IO/PZ),2,2,1
Darius/Gnar (FR/NX),Lillia/Yasuo (FR/IO),2,2,1
Riven/Rumble (BC/NX),Ashe (FR/PZ),2,2,1
Maokai/Nautilus (BW/SI),Akshan/Senna (SI/SH),2,2,1
Shen/Sivir (IO/SH),Akshan/Sivir (NX/SH),2,2,1
Ashe/LeBlanc (FR/NX),Gangplank (BW/NX),2,2,1
Gnar/Nidalee (BC/SH),Yasuo (IO/NX),2,2,1
Braum/Kayle (FR/MT),Senna (PZ/SI),2,2,1
Nasus/Thresh (SI/SH),Caitlyn/Swain (NX/PZ),2,2,1
Kayle/Leona (MT/NX),Illaoi/Swain (BW/NX),2,2,1
Riven/Vi (NX/PZ),Ashe/LeBlanc (FR/NX),2,2,1
Kayle/Leona (MT/NX),Maokai/Nautilus (BW/SI),2,2,1
Jayce/Lux (DE/PZ),Yasuo (IO/NX),2,2,1
Lee Sin/Sett (IO/PZ),Darius/Gnar (FR/NX),2,2,1
Braum/Udyr (FR/MT),Ashe/LeBlanc (FR/NX),2,2,1
Gnar/Lillia (FR/IO),Championless (SI),2,2,1
Morgana/Udyr (DE/FR),Neeko/Poppy (BC/RU),2,2,1
Gnar/Riven (FR/NX),Akshan/Varus (SH/RU),2,2,1
Braum/Lillia (FR/IO),Yasuo (IO/NX),2,2,1
Kayle (BW/MT),Janna/Senna (PZ/SI),2,2,1
Braum/Lillia (FR/IO),Viktor (BC/PZ),2,2,1
Ashe (FR/PZ),Galio/Morgana (DE/FR),2,2,1
Yasuo (IO/NX),Illaoi/Lulu (BW/IO),2,2,1
Jax/Kayn (RU/RU),Darius/Gnar (FR/NX),2,2,1
Akshan/Morgana (MT/SH),Braum/Lillia (FR/IO),2,2,1
Senna/Veigar (BC/SI),Rumble/Taric (MT/NX),2,2,1
Jayce/Lux (DE/PZ),Akshan/Vayne (DE/SH),2,2,1
Sett/Viktor (IO/PZ),Maokai/Nautilus (BW/SI),2,2,1
Garen/Poppy (BC/DE),Senna (PZ/SI),2,2,1
Nidalee (BC/SH),Gwen/Kayle (MT/SI),2,2,1
Kayle/Leona (MT/NX),Kayle (BW/MT),2,2,1
Braum/Udyr (FR/MT),Senna/Veigar (BC/SI),2,2,1
Gwen/Kayle (MT/SI),Gnar/Nidalee (BC/SH),2,2,1
Aatrox/Morgana/Vayne (RU/DE),Darius/Gnar (FR/NX),2,2,1
Kayle (BW/MT),Kai'Sa/Viktor (PZ/SH),2,2,1
Gwen/Sejuani (FR/SI),Kayle (BW/MT),2,2,1
Lulu/Shen (DE/IO),Jayce/Lux (DE/PZ),2,2,1
Championless (SI),Lee Sin/Udyr (FR/IO),2,2,1
Sett/Viktor (IO/PZ),Akshan/Senna (SI/SH),2,2,1
Shen/Sivir (IO/SH),Lillia (FR/IO),2,2,1
Akshan/Varus (SH/RU),Garen/Poppy (BC/DE),2,2,1
Akshan/Jack (BW/SH),LeBlanc/Sivir (NX/SH),2,2,1
LeBlanc/Sivir (NX/SH),Aphelios/Leona (MT/NX),2,2,1
Morgana/Udyr (DE/FR),Kayle/Leona (MT/NX),2,2,1
Braum/Lillia (FR/IO),Sett/Viktor (IO/PZ),2,2,1
Lillia/Sett (BC/IO),Gnar/Nidalee (BC/SH),2,2,1
Lillia/Sett (BC/IO),Ashe/Caitlyn (FR/PZ),2,2,1
Thresh (SI/SH),Championless (PZ/SI),2,2,1
Thresh (SI/SH),Darius/Gnar (FR/NX),2,2,1
Janna/Sett (IO/PZ),Thresh (SI/SH),2,2,1
Kayle (BW/MT),Akshan/Shyvana (DE/SH),2,2,1
Kayle (BW/MT),Galio/Poppy (DE/FR),2,2,1
Nidalee (BC/SH),Lillia/Malphite (IO/MT),2,2,1
Galio/Udyr (DE/FR),Lulu/Shen (IO/MT),2,2,1
Janna/Sett (IO/PZ),Kai'Sa/Viktor (PZ/SH),2,2,1
Gnar/Nidalee (BC/SH),Thresh (SI/SH),2,2,1
Nasus/Thresh (SI/SH),LeBlanc/Udyr (FR/NX),2,2,1
Shen/Sivir (IO/SH),Galio/Taric (DE/MT),2,2,1
Aatrox/Kayn (RU/RU),Renekton (SH),2,2,1
Kayle (BW/MT),Braum (FR/NX),2,2,1
Aatrox/Morgana/Vayne (RU/DE),LeBlanc/Udyr (FR/NX),2,2,1
Ashe/LeBlanc (FR/NX),Championpile (FR/SH),2,2,1
Lulu/Shen (IO/MT),Akshan/Varus (SH/RU),2,2,1
Championless (SI),Braum (FR/NX),2,2,1
Janna/Senna (PZ/SI),Galio/Udyr (DE/FR),2,2,1
Senna (PZ/SI),Morgana/Taric (DE/MT),2,2,1
Darius/Gnar (FR/NX),Kalista/Senna (BW/SI),2,2,1
Gnar/Sejuani (FR/PZ),Championless (MT/SI),2,2,1
Morgana/Udyr (DE/FR),Championless (BC/BW),2,2,1
Jax/Ornn (FR/RU),Akshan/Morgana (MT/SH),2,2,1
Akshan/Morgana (MT/SH),Morgana/Udyr (DE/FR),2,2,1
Morgana (MT/SI),Morgana/Udyr (DE/FR),2,2,1
Ashe (FR/PZ),Kayle/Lillia (IO/MT),2,2,1
Janna/Viktor (IO/PZ),Sett (IO/PZ),2,2,1
Darius/Gnar (FR/NX),Ashe/Janna (FR/PZ),2,2,1
Janna/Viktor (BC/PZ),LeBlanc/Sivir (NX/SH),2,2,1
Riven/Viktor (NX/PZ),Lillia/Udyr (FR/IO),2,2,1
Championless (MT/SI),Nasus/Renekton (SH),2,2,1
Kayle/Lillia (IO/MT),Riven/Viktor (NX/PZ),2,2,1
Rumble/Vayne (DE/NX),Gnar/Nidalee (BC/SH),2,2,1
Nidalee (BC/SH),Rumble/Vayne (DE/NX),2,2,1
Akshan/Nidalee/Sivir (DE/SH),Rumble/Sion (BC/NX),2,2,1
Kalista (IO/SI),Akshan/Udyr (FR/SH),2,2,1
Ashe/LeBlanc (FR/NX),Galio (DE/FR),2,2,1
Riven/Viktor (NX/PZ),Championless (BC/BW),2,2,1
Braum/Gwen (FR/SI),Nasus/Thresh (SI/SH),2,2,1
Ashe/Tahm Kench (BW/FR),Nidalee (BC/SH),2,2,1
Ashe (FR/PZ),Championless (BC/IO),2,2,1
Jayce/Lux (DE/PZ),Janna/Viktor (BC/PZ),2,2,1
Championless (SI),Braum (FR/MT),2,2,1
Gangplank/Sejuani (BW/FR),Nasus (SI/SH),2,2,1
Darius/Gnar (FR/NX),Akshan/Udyr (FR/SH),2,2,1
Illaoi/Vayne (BW/DE),Braum (FR/MT),2,2,1
Illaoi (BW/MT),Gangplank/Swain (BW/NX),2,2,1
Gnar/Renekton (FR/SH),Championless (SI),2,2,1
Udyr (FR/SH),LeBlanc/Sivir (NX/SH),2,2,1
Championless (SI),LeBlanc/Rumble (BC/NX),2,2,1
Braum/Lillia (FR/IO),Illaoi/Vayne (BW/DE),2,2,1
Kai'Sa/Rumble (NX/SH),Championless (SI),2,2,1
Nasus/Thresh (SI/SH),Gnar/Renekton (FR/SH),2,2,1
Jack/Sett (BW/IO),Janna/Malphite (MT/PZ),2,2,1
Kai'Sa/Viktor (PZ/SH),Lillia/Sett (BC/IO),2,2,1
Senna (PZ/SI),Caitlyn/Swain (NX/PZ),2,2,1
Lillia/Sett (BC/IO),Gwen/LeBlanc (NX/SI),2,2,1
Viktor (BC/PZ),Senna/Veigar (BC/SI),2,2,1
Akshan/Varus (SH/RU),Kayle/Shyvana (DE/MT),2,2,1
Senna/Veigar (BC/SI),Morgana (DE/MT),2,2,1
Championless (PZ/SI),Viktor (BC/PZ),2,2,1
Garen/Kayle/Shyvana (DE/MT),Janna/Sett (IO/PZ),2,2,1
Senna/Veigar (PZ/SI),Leona/Yasuo (IO/MT),2,2,1
Jayce/Lux (DE/PZ),Gnar/Swain (BC/NX),2,2,1
Ashe (FR/PZ),Varus/Viktor (PZ/RU),2,2,1
Viktor (BC/PZ),Kai'Sa/Sivir (FR/SH),2,2,1
Ashe (FR/PZ),Taric/Udyr (FR/MT),2,2,1
Kai'Sa/Sivir (FR/SH),Championless (SI),2,2,1
Varus/Viktor (PZ/RU),Gnar/Neeko (FR/RU),2,2,1
Senna/Veigar (PZ/SI),Akshan/Riven (NX/SH),2,2,1
Garen/Neeko (DE/RU),Akshan/Varus (SH/RU),2,2,1
Championless (SI),Viktor (BC/PZ),2,2,1
Leona/Sett (IO/MT),Championless (SI),2,2,1
Janna/Sett (IO/PZ),Gwen/LeBlanc (NX/SI),2,2,1
Kayle (BW/MT),Championless (IO/SI),2,2,1
Darius/Gnar (FR/NX),Championless (IO/SI),2,2,1
Ashe/Nasus (FR/SH),Ashe/LeBlanc (FR/NX),2,2,1
Akshan/Nidalee/Sivir (DE/SH),Lee Sin/Viktor (IO/PZ),2,2,1
Jack/Swain (BW/NX),Kayle (BW/MT),2,2,1
Championless (SI),Braum/Sett (FR/IO),2,2,1
Ashe/LeBlanc (FR/NX),Illaoi (BW/IO),2,2,1
Jack/Sett (BW/IO),Sion/Thresh (NX/SI),2,2,1
Kalista (SI),Garen/Neeko (DE/RU),2,2,1
Akshan/Lee Sin (IO/SH),Janna/Morgana (MT/PZ),2,2,1
Rumble/Sion (BC/NX),Jack/Lillia (BW/IO),2,2,1
Akshan (PZ/SH),Senna/Veigar (PZ/SI),2,2,1
Senna/Veigar (PZ/SI),Aatrox (RU/BW),2,2,1
Senna/Veigar (PZ/SI),Akshan/Lee Sin (IO/SH),2,2,1
Akshan/Varus (SH/RU),Lillia/Morgana (IO/MT),2,2,1
Akshan/Varus (SH/RU),Morgana/Vayne (DE/NX),2,2,1
Kalista (SI),Akshan/Nasus/Renekton (SH),2,2,1
Vayne/Vi (DE/PZ),Kai'Sa/Sivir (FR/SH),2,2,1
Jayce/Lux (DE/PZ),Championless (FR/SI),2,2,1
Nidalee (BC/SH),Janna/Viktor (BC/PZ),2,2,1
Ashe/LeBlanc (FR/NX),Braum (FR/MT),2,2,1
Aatrox/Kayn (RU/RU),Nasus/Senna (SI/SH),2,2,1
Akshan/Nidalee (BC/SH),Morgana/Udyr (DE/FR),2,2,1
Championless (SI),Jax/Poppy (DE/RU),2,2,1
Janna/Senna (PZ/SI),Riven/Viktor (NX/PZ),2,2,1
Akshan/Nidalee (BC/SH),Braum/Lillia (FR/IO),2,2,1
Rumble/Sion (BC/NX),Yasuo (IO/MT),2,2,1
Vayne/Vi (DE/PZ),Aphelios/Yasuo (IO/MT),2,2,1
Aatrox/Morgana/Vayne (RU/DE),Aatrox/Vayne (RU/DE),2,2,1
Braum/Udyr/Vladimir (FR/NX),Ashe (FR/PZ),2,2,1
Championless (SI),Janna/Viktor (BW/PZ),2,2,1
Akshan/Varus (SH/RU),Swain/Yasuo (IO/NX),2,2,1
Lillia/Sett (IO/PZ),Braum/Sejuani/Swain (FR/NX),2,2,1
Jayce/Lux (DE/PZ),Lulu/Shen (IO/MT),2,2,1
Gwen/LeBlanc (NX/SI),Neeko/Renekton (RU/SH),2,2,1
Vayne/Vi (DE/PZ),Ashe (FR/PZ),2,2,1
Rumble/Sion (NX/SH),Morgana/Udyr (DE/FR),2,2,1
Akshan/Varus (SH/RU),Rumble/Viktor (BC/PZ),2,2,1
Tahm Kench/Udyr (BW/FR),Senna (PZ/SI),2,2,1
Janna/Viktor (BC/PZ),Akshan/Varus (SH/RU),2,2,1
Akshan/Varus (SH/RU),Morgana/Riven (MT/NX),2,2,1
Gwen/LeBlanc (NX/SI),Rumble/Vayne (DE/NX),2,2,1
Aatrox/Kayn (RU/RU),Ryze (IO/RU),2,2,1
Gangplank/Nidalee (BW/SH),Ashe (FR/PZ),2,2,1
Braum/Garen/Udyr (DE/FR),Poppy/Taric (DE/MT),2,2,1
Lulu/Shen (IO/MT),Lillia/Sett (BC/IO),2,2,1
Sion/Thresh (NX/SI),Jayce/Lux (DE/PZ),2,2,1
Gwen/LeBlanc (NX/SI),Gnar/Nidalee (BC/SH),2,2,1
Lulu/Shen (IO/MT),Gwen/LeBlanc (NX/SI),2,2,1
Garen/Poppy (DE),Kayle (BW/MT),2,2,1
Janna/Veigar (BC/PZ),Maokai/Nautilus (BW/SI),2,2,1
Senna/Veigar (PZ/SI),Galio/Morgana (DE/FR),2,2,1
Senna (PZ/SI),Senna/Veigar (PZ/SI),2,2,1
Jack/Kayn (BW/RU),Kayle (BW/MT),2,2,1
Gangplank/Nidalee (BW/SH),Aphelios/Viktor (MT/PZ),2,2,1
Gwen/LeBlanc (NX/SI),Senna/Veigar (PZ/SI),2,2,1
Gangplank/Sejuani (BW/FR),Ashe/Janna (FR/PZ),2,2,1
Gangplank/Sejuani (BW/FR),Darius (FR/NX),2,2,1
Nasus/Senna (SI/SH),Gangplank/Nidalee (BW/SH),2,2,1
Nasus/Senna (SI/SH),Kalista (SI),2,2,1
Illaoi/Swain (BW/NX),Jack/Sett (BW/IO),2,2,1
Janna/Viktor (BW/PZ),Garen (DE/NX),2,2,1
Ashe/LeBlanc (FR/NX),Braum/Kayle/Morgana (FR/MT),2,2,1
Janna/Viktor (BC/PZ),Championless (SI),2,2,1
Gangplank/Sejuani (BW/FR),Gangplank/Nidalee (BW/SH),2,2,1
Akshan/Kayn (RU/SH),Kalista (SI),2,2,1
Akshan/Varus (SH/RU),Ashe/Jayce (FR/PZ),2,2,1
LeBlanc/Sivir (NX/SH),Jax/Rumble (BC/RU),2,2,1
Darius/LeBlanc (FR/NX),LeBlanc/Sivir (NX/SH),2,2,1
Swain/Vladimir (BW/NX),Akshan/Lee Sin (IO/SH),2,2,1
Gangplank/Nidalee (BW/SH),Maokai/Nautilus (BW/SI),2,2,1
Darius/Gnar (FR/NX),Neeko/Tristana (BC/RU),2,2,1
Darius/Gwen (NX/SI),Aphelios/Viktor (MT/PZ),2,2,1
Gangplank/Sejuani (BW/FR),Gwen/Riven (NX/SI),2,2,1
Akshan/Nasus/Renekton (SH),Senna/Veigar (PZ/SI),2,2,1
LeBlanc/Riven (BW/NX),Championless (SI),2,2,1
Riven/Viktor (NX/PZ),Akshan/Morgana (MT/SH),2,2,1
Jack/Sett (BW/IO),Janna/Senna (PZ/SI),2,2,1
Akshan/Lee Sin (IO/SH),Championless (BC/BW),2,2,1
Morgana/Udyr (DE/FR),Illaoi/Vayne (BW/DE),2,2,1
Morgana/Udyr (DE/FR),Kai'Sa/Rumble (NX/SH),2,2,1
Championless (SI),Riven/Vi/Viktor (NX/PZ),2,2,1
Aphelios/Yasuo (IO/MT),Jayce (FR/PZ),2,2,1
Akshan/Sivir (NX/SH),LeBlanc/Sivir (NX/SH),2,2,1
Kayle (BW/MT),Jax/Tristana (BC/RU),2,2,1
Darius/LeBlanc (FR/NX),Braum/Lillia (FR/IO),2,2,1
Jayce/Lux (DE/PZ),Garen/Poppy (DE),2,2,1
Neeko/Poppy (BC/RU),Illaoi/Swain (BW/NX),2,2,1
Lee Sin/Riven (IO/NX),Nidalee (BC/SH),2,2,1
Rumble/Veigar (BC/NX),Ashe/LeBlanc (FR/NX),2,2,1
Morgana/Riven (MT/NX),Braum/Lillia (FR/IO),2,2,1
Gangplank/Gnar (BC/BW),Maokai/Nautilus (BW/SI),2,2,1
Jax/Tristana (BC/RU),Aphelios/Viktor (MT/PZ),2,2,1
Championless (PZ/SI),Garen/Shyvana (DE/MT),2,2,1
Senna/Veigar (PZ/SI),Braum/Vladimir (FR/NX),2,2,1
Braum/Vladimir (FR/NX),Kayle/Lillia (IO/MT),2,2,1
Lillia/Malphite (IO/MT),Neeko/Poppy (DE/RU),2,2,1
Nasus (SI/SH),Poppy/Taric (DE/MT),2,2,1
Nidalee/Sivir (BC/SH),Darius/Gnar (FR/NX),2,2,1
Aatrox/Varus (RU/RU),Championless (SI),2,2,1
Aatrox/Kayn (RU/RU),Braum/Garen/Udyr (DE/FR),2,2,1
LeBlanc/Sivir (NX/SH),Aphelios/Tahm Kench (BW/MT),2,2,1
Akshan/Nidalee (FR/SH),Gangplank/Nidalee (BW/SH),2,2,1
Akshan/Sivir (IO/SH),Maokai (BW/SI),2,2,1
Gangplank/Nidalee (BW/SH),Braum/Garen/Udyr (DE/FR),2,2,1
Braum/Garen/Udyr (DE/FR),Darius (FR/NX),2,2,1
Senna/Veigar (BC/SI),Braum/Leona (FR/MT),2,2,1
Nidalee/Sivir (BC/SH),Braum/Kayle (FR/MT),2,2,1
Tahm Kench/Udyr (BW/FR),Neeko/Poppy (DE/RU),2,2,1
Viktor (FR/PZ),Ashe/LeBlanc (FR/NX),2,2,1
Maokai (BW/SI),Lux/Shen (DE/IO),2,2,1
Neeko/Poppy (DE/RU),Janna/Viktor (IO/PZ),2,2,1
Kayle/Lillia (IO/MT),Neeko/Poppy (DE/RU),2,2,1
Kayle (BW/MT),Veigar (BC/NX),2,2,1
Neeko/Poppy (DE/RU),Jax/Vayne (DE/RU),2,2,1
Garen/Kayle (DE/MT),Maokai/Nautilus (BW/SI),2,2,1
Jax/Vayne (DE/RU),Lulu/Taric (IO/MT),2,2,1
Neeko/Poppy (DE/RU),Veigar (BC/NX),2,2,1
Darius/LeBlanc/Riven (BW/NX),Kalista (SI),2,2,1
Janna/Sett (IO/PZ),Janna/Senna (PZ/SI),2,2,1
Ashe/LeBlanc (FR/NX),Janna/Morgana (MT/PZ),2,2,1
Lee Sin/Viktor (IO/PZ),Poppy/Tristana (BC/DE),2,2,1
Ashe/Caitlyn (FR/PZ),Akshan/Nidalee (FR/SH),2,2,1
Akshan/Viktor (PZ/SH),Championless (SI),2,2,1
Riven/Vi (NX/PZ),Nasus/Thresh (SI/SH),2,2,1
Aatrox/Kayn (RU/RU),Garen (DE/SH),2,2,1
Senna/Viktor (PZ/SI),Senna/Veigar (BC/SI),2,2,1
LeBlanc/Sivir (NX/SH),Garen/Shyvana (DE/MT),2,2,1
LeBlanc/Sivir (NX/SH),Sett/Veigar (BC/IO),2,2,1
Jack/Morgana (BW/DE),Kayle (BW/MT),2,2,1
Ashe (FR/PZ),Jack/Morgana (BW/DE),2,2,1
Kayle (BW/MT),Gwen/Kalista (SI),2,2,1
Galio/Udyr (DE/FR),Sejuani/Swain (FR/NX),2,2,1
Ashe/Tahm Kench (BW/FR),Shyvana (DE/MT),2,2,1
Morgana/Taric (IO/MT),Nasus/Thresh (SI/SH),2,2,1
Championless (SI),Sett/Veigar (BC/IO),2,2,1
LeBlanc/Sivir (NX/SH),Morgana/Taric (IO/MT),2,2,1
LeBlanc/Sivir (NX/SH),Morgana/Viktor (MT/PZ),2,2,1
Darius/LeBlanc/Riven (BW/NX),Gwen/LeBlanc (NX/SI),2,2,1
Swain (BW/NX),Rumble/Sion (BC/NX),2,2,1
Kalista (SI),Braum/Garen (DE/FR),2,2,1
Jayce/Lux (DE/PZ),Sion (BC/NX),2,2,1
Janna/Senna (PZ/SI),Illaoi (BW/SH),2,2,1
Ornn/Varus (FR/RU),Nasus/Thresh (SI/SH),2,2,1
Riven/Viktor (NX/PZ),Akshan/Sivir (MT/SH),2,2,1
Darius/Gnar (FR/NX),Championless (FR/IO),2,2,1
Galio/Poppy (DE/IO),Aphelios/Viktor (MT/PZ),2,2,1
Galio/Poppy (DE/IO),Championless (SI),2,2,1
Gwen/Riven (NX/SI),Braum/Lillia (FR/IO),2,2,1
Kayn/Ornn (FR/RU),Braum/Vladimir (FR/NX),2,2,1
Nasus (SI/SH),Gwen/Kalista (SI),2,2,1
Rumble/Sion (BC/NX),Galio/Poppy (DE/IO),2,2,1
Aatrox/Varus (RU/RU),Kalista (SI),2,2,1
Janna/Viktor (IO/PZ),Kayn/Ornn (FR/RU),2,2,1
Ashe/LeBlanc (FR/NX),Janna/Viktor (PZ),2,2,1
Ashe/LeBlanc (FR/NX),Caitlyn/Jayce/Viktor (PZ),2,2,1
Galio/Poppy (DE/IO),Maokai/Nautilus (BW/SI),2,2,1
Senna/Veigar (BC/SI),Galio/Poppy (DE/IO),2,2,1
Galio/Poppy (DE/IO),Galio/Udyr (DE/FR),2,2,1
Jack/Sett (BW/IO),Senna/Veigar (PZ/SI),2,2,1
Aphelios/Viktor (MT/PZ),Darius/LeBlanc/Riven (BW/NX),2,2,1
Braum/Kayle/Morgana (FR/MT),Nasus/Thresh (SI/SH),2,2,1
Kalista/Senna/Viktor (PZ/SI),Senna/Veigar (BC/SI),2,2,1
Tristana (BC/DE),Gwen/LeBlanc (NX/SI),2,2,1
Sett (IO/PZ),Ornn/Varus (FR/RU),2,2,1
Gwen/Riven (NX/SI),Gwen (FR/SI),2,2,1
Gwen/Riven (NX/SI),Nidalee (BC/SH),2,2,1
Nasus/Rumble (NX/SH),Maokai/Nautilus (BW/SI),2,2,1
LeBlanc/Sivir (NX/SH),Akshan/Ornn (FR/SH),2,2,1
Ashe/LeBlanc (FR/NX),Nidalee/Viktor (PZ/SH),2,2,1
Kayle (BC/MT),Ashe/LeBlanc (FR/NX),2,2,1
Ashe (FR/NX),Kalista (SI),2,2,1
Ashe (FR/NX),Ashe/LeBlanc (FR/NX),2,2,1
Nidalee/Viktor (PZ/SH),Neeko/Poppy (DE/RU),2,2,1
Braum/Garen/Udyr (DE/FR),Braum/Vladimir (FR/NX),2,2,1
Akshan/Sivir (NX/SH),Kayle/Lillia (IO/MT),2,2,1
Akshan/Sivir (NX/SH),Jayce/Senna/Veigar (PZ/SI),2,2,1
Akshan/Sivir (NX/SH),Riven/Taric (MT/NX),2,2,1
Garen/Jayce (DE/PZ),Akshan/Lee Sin (IO/SH),2,2,1
Viktor (IO/PZ),Kayle (BW/MT),2,2,1
Kai'Sa/Lillia (IO/SH),Kalista (MT/SI),2,2,1
Nasus/Thresh (SI/SH),Kayle (BC/MT),2,2,1
Senna/Veigar (PZ/SI),Kayle (BC/MT),2,2,1
Senna/Veigar (PZ/SI),Galio/Poppy (DE/FR),2,2,1
Maokai/Nautilus (BW/SI),Braum/Sejuani/Udyr (FR/PZ),2,2,1
Morgana/Riven (MT/NX),Lillia (FR/IO),2,2,1
Braum/Vladimir (FR/NX),Morgana (MT/PZ),2,2,1
Ashe/LeBlanc (FR/NX),Jayce/Senna/Veigar (PZ/SI),2,2,1
Lillia/Sett (BC/IO),Akshan/Nasus/Renekton (SH),2,2,1
Renekton (SH),Championless (SI),2,2,1
Championless (SI),Janna/Ornn (FR/PZ),2,2,1
Nidalee (BC/SH),Kayle (BC/MT),2,2,1
Ashe (FR/PZ),Aatrox/Vayne (RU/DE),2,2,1
Kayle (BW/MT),Riven/Vladimir (NX/SI),2,2,1
Nidalee/Viktor (PZ/SH),Morgana/Udyr (DE/FR),2,2,1
Akshan/Sivir (NX/SH),Jack/Sett (BW/IO),2,2,1
Aatrox/Morgana (RU/DE),Sejuani/Swain (FR/NX),2,2,1
Kalista (SI),Malphite/Yasuo (IO/MT),2,2,1
Janna/Viktor (PZ/SI),Senna/Veigar (PZ/SI),2,2,1
Neeko/Poppy (DE/RU),Lux/Udyr (DE/FR),2,2,1
Ashe/LeBlanc (FR/NX),Sett (IO/PZ),17,37,0.45945945945946
Akshan/Lee Sin (IO/SH),Braum/Vladimir (FR/NX),17,37,0.45945945945946
Sett (IO/PZ),Ashe/LeBlanc (FR/NX),20,37,0.540540540540541
Braum/Vladimir (FR/NX),Akshan/Lee Sin (IO/SH),20,37,0.540540540540541
Aphelios/Viktor (MT/PZ),Gnar/Nidalee (BC/SH),1,3,0.333333333333333
Lillia/Sett (IO/MT),Morgana/Udyr (DE/FR),1,3,0.333333333333333
Ryze (IO/RU),Ashe (FR/PZ),1,3,0.333333333333333
Darius/Gnar (FR/NX),Lillia/Sett (IO/MT),1,3,0.333333333333333
Akshan/Varus (SH/RU),Lillia/Sett (IO/MT),1,3,0.333333333333333
Aphelios/Viktor (MT/PZ),Poppy/Taric (DE/MT),1,3,0.333333333333333
Ashe/Senna (FR/SI),Gangplank/Sejuani (BW/FR),1,3,0.333333333333333
Aatrox/Morgana (RU/DE),Ashe (FR/PZ),1,3,0.333333333333333
Lillia/Sett (IO/MT),Aatrox/Morgana (RU/DE),1,3,0.333333333333333
Gnar/Nidalee (BC/SH),Ashe/Tahm Kench (BW/FR),1,3,0.333333333333333
Leona/Yasuo (IO/MT),Morgana/Udyr (DE/FR),1,3,0.333333333333333
Gwen/Kalista (NX/SI),Galio/Morgana (DE/FR),1,3,0.333333333333333
Ashe (FR/PZ),Leona/Yasuo (IO/MT),1,3,0.333333333333333
Lillia/Sett (BC/IO),Rumble/Sion (BC/NX),1,3,0.333333333333333
Ashe/LeBlanc (FR/NX),Braum/Tahm Kench (BW/FR),1,3,0.333333333333333
Garen/Morgana (DE/SI),Lee Sin/Viktor (IO/PZ),1,3,0.333333333333333
Gnar/Neeko (FR/RU),Sett (IO/PZ),1,3,0.333333333333333
Janna (PZ/SI),Lee Sin/Viktor (IO/PZ),1,3,0.333333333333333
Garen/Shyvana (DE/MT),Senna/Veigar (BC/SI),1,3,0.333333333333333
Aatrox/Morgana (RU/DE),Maokai (BW/SI),1,3,0.333333333333333
Poppy/Tristana (BC/SI),Senna/Veigar (BC/SI),1,3,0.333333333333333
Riven/Viktor (NX/PZ),Illaoi/Swain (BW/NX),1,3,0.333333333333333
Neeko/Poppy (DE/RU),Nasus/Renekton (SH),1,3,0.333333333333333
Senna (PZ/SI),Morgana/Udyr (FR/MT),1,3,0.333333333333333
Lillia/Ryze (IO/RU),Ashe/LeBlanc (FR/NX),1,3,0.333333333333333
Poppy/Riven (BC/NX),Kalista (SI),1,3,0.333333333333333
Nasus/Thresh (SI/SH),Rumble/Vayne (DE/NX),1,3,0.333333333333333
Darius (FR/NX),Kayle/Morgana (DE/MT),1,3,0.333333333333333
Kayle/Morgana (DE/MT),Championless (SI),1,3,0.333333333333333
Gwen/Kalista (NX/SI),Aatrox/Kayn (RU/RU),1,3,0.333333333333333
Garen/Morgana (DE/SI),Jayce/Lux (DE/PZ),1,3,0.333333333333333
Braum/Kayle (FR/MT),Braum/Vladimir (FR/NX),1,3,0.333333333333333
Senna (PZ/SI),Championless (MT/SI),1,3,0.333333333333333
Gnar/Neeko (FR/RU),Aphelios/Viktor (MT/PZ),1,3,0.333333333333333
Tristana (BC/FR),Akshan/Lee Sin (IO/SH),1,3,0.333333333333333
Janna/Lee Sin/Viktor (IO/PZ),Akshan/Lee Sin (IO/SH),1,3,0.333333333333333
Janna (BW/PZ),Ashe/LeBlanc (FR/NX),1,3,0.333333333333333
Aatrox/Kayn (RU/RU),Poppy/Riven (BC/NX),1,3,0.333333333333333
Akshan/Lee Sin (IO/SH),Morgana/Taric (DE/MT),1,3,0.333333333333333
Akshan/Lee Sin (IO/SH),Gangplank (BW/NX),1,3,0.333333333333333
Kayle/Morgana (DE/MT),Aatrox/Kayn (RU/RU),1,3,0.333333333333333
Championless (SI),Neeko/Nidalee (RU/SH),1,3,0.333333333333333
Lillia/Ryze (IO/RU),Akshan/Varus (SH/RU),1,3,0.333333333333333
Nasus (SI/SH),Akshan/Varus (SH/RU),1,3,0.333333333333333
Poppy/Taric (DE/MT),Lee Sin/Viktor (IO/PZ),1,3,0.333333333333333
Lee Sin/Viktor (IO/PZ),Malphite/Yasuo (IO/MT),1,3,0.333333333333333
Aphelios/Viktor (MT/PZ),Malphite/Yasuo (IO/MT),1,3,0.333333333333333
Nidalee (BC/SH),Championless (SI/SH),1,3,0.333333333333333
Nidalee (BC/SH),Malphite/Yasuo (IO/MT),1,3,0.333333333333333
Poppy/Tristana (BC/SI),Darius/Gnar/LeBlanc (FR/NX),1,3,0.333333333333333
Senna/Veigar (BC/SI),Garen/Kayle (DE/MT),1,3,0.333333333333333
Kayle (BW/MT),Kalista/LeBlanc (NX/SI),1,3,0.333333333333333
Akshan/Morgana (MT/SH),Lee Sin/Viktor (IO/PZ),1,3,0.333333333333333
Kalista (NX/SI),Ashe/LeBlanc (FR/NX),1,3,0.333333333333333
Lee Sin/Viktor (IO/PZ),Morgana/Taric (DE/MT),1,3,0.333333333333333
Illaoi/Swain (BW/NX),Akshan/Varus (SH/RU),1,3,0.333333333333333
Lillia/Sett (IO/SH),Championless (SI),1,3,0.333333333333333
Championless (SI),Kalista (NX/SI),1,3,0.333333333333333
Nasus/Renekton (SH),Aatrox/Kayn (RU/RU),1,3,0.333333333333333
Janna/Lee Sin/Viktor (IO/PZ),Jayce/Lux (DE/PZ),1,3,0.333333333333333
Jack/Sett (BW/IO),Braum/Udyr (FR/MT),1,3,0.333333333333333
Braum/Vladimir (FR/NX),Darius/Gnar/LeBlanc (FR/NX),1,3,0.333333333333333
Garen (DE),Akshan/Lee Sin (IO/SH),1,3,0.333333333333333
Senna/Veigar (BC/SI),Kalista/LeBlanc (NX/SI),1,3,0.333333333333333
Akshan/Lee Sin (IO/SH),Lillia/Ryze (IO/RU),1,3,0.333333333333333
LeBlanc/Rumble/Sion (IO/NX),Akshan/Lee Sin (IO/SH),1,3,0.333333333333333
Nasus/Thresh (SI/SH),LeBlanc (FR/NX),1,3,0.333333333333333
Neeko/Poppy (DE/RU),Gwen/Vayne (DE/SI),1,3,0.333333333333333
Kayle (BW/MT),Gwen/Kalista (FR/SI),1,3,0.333333333333333
Braum/Galio (DE/FR),Sivir/Vi (PZ/SH),1,3,0.333333333333333
Ryze (IO/RU),Akshan/Lee Sin (IO/SH),1,3,0.333333333333333
Senna/Veigar (BC/SI),Kayle (FR/MT),1,3,0.333333333333333
Maokai/Nautilus (BW/SI),Janna (BW/PZ),1,3,0.333333333333333
Akshan/Udyr (FR/SH),Morgana/Udyr (DE/FR),1,3,0.333333333333333
Varus/Viktor (PZ/RU),Rumble/Sion (BC/NX),1,3,0.333333333333333
Aatrox/Morgana/Vayne (RU/DE),Akshan/Lee Sin (IO/SH),1,3,0.333333333333333
Swain/Udyr (FR/NX),Morgana/Udyr (DE/FR),1,3,0.333333333333333
LeBlanc/Udyr (FR/NX),Kayle (BW/MT),1,3,0.333333333333333
Kalista (SI),LeBlanc (FR/NX),1,3,0.333333333333333
Aphelios/Yasuo (IO/MT),Akshan/Lee Sin (IO/SH),1,3,0.333333333333333
Akshan/Varus (SH/RU),Garen/Poppy (BW/DE),1,3,0.333333333333333
Akshan/Nasus (SI/SH),Aatrox/Kayn (RU/RU),1,3,0.333333333333333
Swain/Vladimir (BW/NX),Akshan/Nasus (SI/SH),1,3,0.333333333333333
Illaoi/Swain (BW/NX),Sett (IO/PZ),1,3,0.333333333333333
Braum/Kayle (FR/MT),Nasus/Thresh (SI/SH),1,3,0.333333333333333
Senna/Veigar (BC/SI),Akshan/Nasus (SI/SH),1,3,0.333333333333333
Kayle (BW/MT),Akshan/Udyr (FR/SH),1,3,0.333333333333333
Neeko/Poppy (BC/RU),Championless (PZ/SI),1,3,0.333333333333333
Neeko/Poppy (BC/RU),Darius/Gnar (FR/NX),1,3,0.333333333333333
Championless (SI),Janna/Lillia (IO/PZ),1,3,0.333333333333333
Nasus/Renekton (SH),Braum/Kayle (FR/MT),1,3,0.333333333333333
Aphelios/Lee Sin (IO/MT),Morgana/Udyr (DE/FR),1,3,0.333333333333333
Garen/Taric (DE/MT),Jayce/Lux (DE/PZ),1,3,0.333333333333333
Aatrox/Vayne (RU/DE),Braum/Vladimir (FR/NX),1,3,0.333333333333333
Maokai/Nautilus (BW/SI),Sett (IO/SH),1,3,0.333333333333333
Akshan/Nidalee/Sivir (DE/SH),Darius/Gnar (FR/NX),1,3,0.333333333333333
Maokai/Nautilus (BW/SI),Gangplank (BW/NX),1,3,0.333333333333333
Rumble/Sion (BC/NX),LeBlanc/Udyr (FR/NX),1,3,0.333333333333333
Championless (SI/SH),Darius/Gnar (FR/NX),1,3,0.333333333333333
Ashe (FR/PZ),Gnar/Sejuani (FR/PZ),1,3,0.333333333333333
Kalista (SI),Akshan/Nidalee (DE/SH),1,3,0.333333333333333
Swain/Vladimir (BW/NX),Neeko/Poppy (DE/RU),1,3,0.333333333333333
Darius (FR/NX),Rumble/Sion (BC/NX),1,3,0.333333333333333
Rumble/Sion (BC/NX),Rumble/Vayne (DE/NX),1,3,0.333333333333333
Lillia/Ryze (IO/RU),Darius/Gnar (FR/NX),1,3,0.333333333333333
Leona/Malphite (IO/MT),Gnar/Sejuani (FR/PZ),1,3,0.333333333333333
Darius/Gnar (FR/NX),Lulu/Neeko (IO/RU),1,3,0.333333333333333
Ryze (IO/RU),Championless (PZ/SI),1,3,0.333333333333333
Jayce/Lux (DE/PZ),Neeko/Renekton (RU/SH),1,3,0.333333333333333
Ashe/LeBlanc (FR/NX),Lulu/Poppy (DE/IO),1,3,0.333333333333333
Akshan/Lee Sin (IO/SH),Lee Sin/Riven (IO/NX),1,3,0.333333333333333
Morgana/Udyr (DE/FR),Garen (DE/SH),1,3,0.333333333333333
Leona (MT/SH),Akshan/Varus (SH/RU),1,3,0.333333333333333
LeBlanc/Rumble (NX/SI),Senna/Veigar (BC/SI),1,3,0.333333333333333
Gnar/Swain (BC/NX),Maokai/Nautilus (BW/SI),1,3,0.333333333333333
Leona (MT/SH),Senna/Veigar (BC/SI),1,3,0.333333333333333
Shyvana/Taric (DE/MT),Sett (IO/PZ),1,3,0.333333333333333
Senna/Veigar (BC/SI),Lillia/Lulu (DE/IO),1,3,0.333333333333333
Ashe (FR/PZ),Braum/Galio (DE/FR),1,3,0.333333333333333
Maokai (BW/SI),Gwen/Vayne (DE/SI),1,3,0.333333333333333
Darius/Gnar (FR/NX),Aphelios/Lee Sin (IO/MT),1,3,0.333333333333333
Senna/Veigar (BC/SI),Braum/Udyr/Vladimir (FR/NX),1,3,0.333333333333333
Darius/Gnar (FR/NX),Darius/LeBlanc (FR/NX),1,3,0.333333333333333
Morgana/Shyvana (DE/MT),Maokai/Nautilus (BW/SI),1,3,0.333333333333333
Shyvana/Taric (DE/MT),Lee Sin/Viktor (IO/PZ),1,3,0.333333333333333
Leona (MT/SH),Poppy/Shen (DE/IO),1,3,0.333333333333333
Morgana/Udyr (DE/FR),Leona (MT/SH),1,3,0.333333333333333
Swain/Vladimir (BW/NX),Rumble/Sion (BC/NX),1,3,0.333333333333333
Sett (IO/PZ),Jayce/Senna (PZ/SI),1,3,0.333333333333333
Ashe/LeBlanc (FR/NX),Jayce (PZ/SI),1,3,0.333333333333333
Braum/Vladimir (FR/NX),Aphelios/Yasuo (IO/MT),1,3,0.333333333333333
Akshan/Lee Sin (IO/SH),Neeko/Poppy (BC/RU),1,3,0.333333333333333
Riven/Rumble (BC/NX),Kayle (BW/MT),1,3,0.333333333333333
Akshan/Lee Sin (IO/SH),Lillia/Sett (BC/IO),1,3,0.333333333333333
Akshan/Morgana (DE/SH),LeBlanc/Sivir (NX/SH),1,3,0.333333333333333
Jayce/Lux (DE/PZ),Akshan/Morgana (DE/SH),1,3,0.333333333333333
Jayce/Lux (DE/PZ),Jayce (PZ/SI),1,3,0.333333333333333
Shyvana (DE/MT),Aatrox/Kayn (RU/RU),1,3,0.333333333333333
Darius/Gnar (FR/NX),Kalista/LeBlanc (NX/SI),1,3,0.333333333333333
Janna/Morgana (MT/PZ),Championless (SI),1,3,0.333333333333333
Shyvana (DE/MT),LeBlanc/Leona (MT/NX),1,3,0.333333333333333
Nidalee (BC/SH),Lee Sin/Udyr (FR/IO),1,3,0.333333333333333
Akshan/Nidalee (BC/SH),Ashe/LeBlanc (FR/NX),1,3,0.333333333333333
Lulu/Poppy (DE/IO),Akshan/Lee Sin (IO/SH),1,3,0.333333333333333
Darius/Gwen (NX/SI),Rumble/Sion (BC/NX),1,3,0.333333333333333
Kalista/Morgana (DE/SI),Maokai/Nautilus (BW/SI),1,3,0.333333333333333
Akshan/Lee Sin (IO/SH),Ashe/Braum (FR/PZ),1,3,0.333333333333333
Kalista/Morgana (DE/SI),Ashe/LeBlanc (FR/NX),1,3,0.333333333333333
Garen (DE/SH),Lee Sin/Viktor (IO/PZ),1,3,0.333333333333333
Darius/Gnar (FR/NX),Kayle/Morgana (DE/MT),1,3,0.333333333333333
Aatrox/Kayn (RU/RU),Galio/Udyr (DE/FR),1,3,0.333333333333333
Aatrox/Kayn (RU/RU),Ashe/Caitlyn (FR/PZ),1,3,0.333333333333333
Ashe/LeBlanc (FR/NX),Galio/Garen (DE/MT),1,3,0.333333333333333
Gnar/Nidalee (BC/SH),Akshan/Nasus (SI/SH),1,3,0.333333333333333
Akshan/Varus (SH/RU),Aatrox/Illaoi (RU/BW),1,3,0.333333333333333
Nasus/Thresh (SI/SH),Gnar/Illaoi (BW/FR),1,3,0.333333333333333
Poppy/Taric (DE/MT),Jax/Ornn (FR/RU),1,3,0.333333333333333
Lee Sin/Viktor (IO/PZ),Ashe/Caitlyn (FR/PZ),1,3,0.333333333333333
Jax/Ornn (FR/RU),Nasus/Senna (SI/SH),1,3,0.333333333333333
Janna/Sett (IO/PZ),Akshan/Morgana (DE/SH),1,3,0.333333333333333
Jax/Ornn (FR/RU),Akshan/Nasus (SI/SH),1,3,0.333333333333333
Galio/Morgana (DE/MT),Braum/Lillia (FR/IO),1,3,0.333333333333333
Gwen/Vi (PZ/SI),Braum/Lillia (FR/IO),1,3,0.333333333333333
Gwen/Vi (PZ/SI),Senna/Veigar (BC/SI),1,3,0.333333333333333
Akshan/Lee Sin (IO/SH),Akshan/Sivir (NX/SH),1,3,0.333333333333333
Darius (FR/NX),Akshan/Sivir (NX/SH),1,3,0.333333333333333
Akshan/Varus (SH/RU),Gwen/Vi (PZ/SI),1,3,0.333333333333333
Gwen/Vi (PZ/SI),Darius/Gnar (FR/NX),1,3,0.333333333333333
Akshan/Braum (FR/SH),Akshan/Varus (SH/RU),1,3,0.333333333333333
Kayle/Lillia (IO/MT),Braum/Lillia (FR/IO),1,3,0.333333333333333
Akshan/Renekton (FR/SH),Lillia/Udyr (FR/IO),1,3,0.333333333333333
Morgana/Udyr (DE/FR),Akshan/Renekton (SH),1,3,0.333333333333333
Kayle (BW/MT),Akshan/Renekton (SH),1,3,0.333333333333333
Rumble/Sion (BC/NX),Jack/Sett (BW/IO),1,3,0.333333333333333
Akshan/Lee Sin (IO/SH),Akshan/Renekton (SH),1,3,0.333333333333333
Akshan/Nasus (SI/SH),Jack/Sett (BW/IO),1,3,0.333333333333333
Championless (FR/SI),Jack/Sett (BW/IO),1,3,0.333333333333333
Lulu/Poppy (DE/IO),Senna/Veigar (BC/SI),1,3,0.333333333333333
Akshan/Lee Sin (IO/SH),Gwen/Riven (NX/SI),1,3,0.333333333333333
Gnar/Sejuani (BC/FR),Galio/Morgana (DE/MT),1,3,0.333333333333333
Championless (SI),Akshan/Nidalee (BC/SH),1,3,0.333333333333333
Illaoi (BW/NX),Morgana/Udyr (DE/FR),1,3,0.333333333333333
Ashe/LeBlanc (FR/NX),Neeko/Poppy (BC/RU),1,3,0.333333333333333
Darius/Gnar (FR/NX),Riven/Rumble (BC/NX),1,3,0.333333333333333
Darius/Gwen (NX/SI),Morgana/Udyr/Vayne (DE/FR),1,3,0.333333333333333
Lee Sin/Udyr (FR/IO),Braum/Vladimir (FR/NX),1,3,0.333333333333333
Aphelios/Viktor (MT/PZ),Illaoi/Swain (BW/NX),1,3,0.333333333333333
Akshan/Varus (SH/RU),Sett/Viktor (IO/PZ),1,3,0.333333333333333
Janna/Sett/Viktor (IO/PZ),Lee Sin/Viktor (IO/PZ),1,3,0.333333333333333
Kayle (BW/MT),Janna/Viktor (IO/PZ),1,3,0.333333333333333
Darius/Gnar (FR/NX),Ashe/Sejuani (FR/NX),1,3,0.333333333333333
Udyr/Vayne (DE/FR),Senna/Veigar (BC/SI),1,3,0.333333333333333
Neeko/Poppy (BC/RU),Nasus/Thresh (SI/SH),1,3,0.333333333333333
Caitlyn/Swain (NX/PZ),Morgana/Udyr (DE/FR),1,3,0.333333333333333
Nasus/Thresh (SI/SH),Leona/Sivir (MT/SH),1,3,0.333333333333333
Akshan/Varus (SH/RU),Varus/Viktor (PZ/RU),1,3,0.333333333333333
Jax/Tristana (BC/RU),Braum/Vladimir (FR/NX),1,3,0.333333333333333
Akshan/Nasus (SI/SH),Riven/Viktor (NX/PZ),1,3,0.333333333333333
Janna/Viktor (IO/PZ),Akshan/Varus (SH/RU),1,3,0.333333333333333
Braum/Lillia (FR/IO),Aatrox (RU/BW),1,3,0.333333333333333
Gwen/Vayne (DE/SI),Shen/Sivir (IO/SH),1,3,0.333333333333333
Jayce (PZ/SI),Braum/Lillia (FR/IO),1,3,0.333333333333333
Akshan/Sivir (NX/SH),LeBlanc/Udyr (FR/NX),1,3,0.333333333333333
Janna/Viktor (IO/PZ),Senna/Veigar (BC/SI),1,3,0.333333333333333
Leona/Yasuo (IO/MT),Braum/Lillia (FR/IO),1,3,0.333333333333333
Nasus/Thresh (SI/SH),Darius (FR/NX),1,3,0.333333333333333
Kayle (BW/MT),Gnar (BC/BW),1,3,0.333333333333333
Aphelios/Viktor (MT/PZ),Darius/Lulu (IO/NX),1,3,0.333333333333333
Darius/Lulu (IO/NX),Gnar/Sejuani (BC/FR),1,3,0.333333333333333
Illaoi/Swain (BW/NX),Akshan/Nasus (SI/SH),1,3,0.333333333333333
Janna/Sett (IO/PZ),Darius/Lulu (IO/NX),1,3,0.333333333333333
Ashe/Janna (FR/PZ),Senna (PZ/SI),1,3,0.333333333333333
Braum/Vladimir (FR/NX),Gnar/Tristana (BC/NX),1,3,0.333333333333333
Gwen (NX/SI),Janna/Sett (IO/PZ),1,3,0.333333333333333
Braum/Vladimir (FR/NX),Akshan/Renekton (SH),1,3,0.333333333333333
Braum/Lillia (FR/IO),Kalista (BC/SI),1,3,0.333333333333333
Nasus/Senna (SI/SH),Maokai (BW/SI),1,3,0.333333333333333
Swain/Yasuo (IO/NX),Braum/Vladimir (FR/NX),1,3,0.333333333333333
Aphelios/Sett (IO/MT),Gwen/Vayne (DE/SI),1,3,0.333333333333333
Jayce/Lux (DE/PZ),Aphelios/Sett (IO/MT),1,3,0.333333333333333
Jax/Ornn (FR/RU),Kalista (MT/SI),1,3,0.333333333333333
Lillia/Malphite (IO/MT),Gwen/Vayne (DE/SI),1,3,0.333333333333333
Maokai/Nautilus (BW/SI),Lillia/Malphite (IO/MT),1,3,0.333333333333333
Akshan/Varus (SH/RU),Kalista (MT/SI),1,3,0.333333333333333
Kayle (BW/MT),Taric/Udyr (FR/MT),1,3,0.333333333333333
Gangplank/Swain (BW/NX),Ashe/LeBlanc (FR/NX),1,3,0.333333333333333
Jack/Sett (BW/IO),Yasuo (IO/NX),1,3,0.333333333333333
Jayce/Lux (DE/PZ),Braum/Kayle (FR/MT),1,3,0.333333333333333
Renekton/Sejuani (FR/SH),Championless (SI),1,3,0.333333333333333
Gangplank/Swain (BW/NX),Akshan/Varus (SH/RU),1,3,0.333333333333333
Neeko/Poppy (DE/RU),Akshan/Sivir (NX/SH),1,3,0.333333333333333
Galio/Morgana/Udyr (DE/FR),Championless (SI),1,3,0.333333333333333
Yasuo (IO/NX),Braum/Vladimir (FR/NX),1,3,0.333333333333333
Ashe/Caitlyn (FR/PZ),Braum/Vladimir (FR/NX),1,3,0.333333333333333
Shen/Sivir (IO/SH),Nasus/Renekton (SH),1,3,0.333333333333333
Jax/Ornn (FR/RU),Aatrox/Kayn (RU/RU),1,3,0.333333333333333
Championless (SI),Braum/Vi (FR/PZ),1,3,0.333333333333333
Akshan/Nasus/Renekton (SH),Ashe/LeBlanc (FR/NX),1,3,0.333333333333333
Akshan/Udyr (FR/SH),Braum/Vladimir (FR/NX),1,3,0.333333333333333
Nidalee (BC/SH),Poppy/Taric (DE/MT),1,3,0.333333333333333
Akshan/Udyr (FR/SH),Ashe (FR/PZ),1,3,0.333333333333333
Ashe/LeBlanc (FR/NX),Kalista (BC/SI),1,3,0.333333333333333
Kalista (MT/SI),Akshan/Lee Sin (IO/SH),1,3,0.333333333333333
Janna/Lillia (IO/PZ),Darius/Gnar (FR/NX),1,3,0.333333333333333
Championless (SI),Ashe (FR/SI),1,3,0.333333333333333
LeBlanc (FR/NX),Janna/Sett (IO/PZ),1,3,0.333333333333333
Lee Sin/Sett/Udyr (FR/IO),Janna/Sett (IO/PZ),1,3,0.333333333333333
Lillia (FR/IO),Senna/Veigar (BC/SI),1,3,0.333333333333333
Kayle/Lillia (IO/MT),LeBlanc/Sivir (NX/SH),1,3,0.333333333333333
Lee Sin/Viktor (IO/PZ),Caitlyn/Swain (NX/PZ),1,3,0.333333333333333
Gnar/Swain (BC/NX),Nasus/Renekton (SH),1,3,0.333333333333333
Janna (PZ/SI),Nidalee (BC/SH),1,3,0.333333333333333
Nidalee (BC/SH),Kai'Sa/Sivir (DE/SH),1,3,0.333333333333333
Akshan/Varus (SH/RU),Kai'Sa/Sivir (DE/SH),1,3,0.333333333333333
Janna (PZ/SI),Ashe (FR/PZ),1,3,0.333333333333333
Janna (PZ/SI),Akshan/Varus (SH/RU),1,3,0.333333333333333
Kayle (BW/MT),Riven/Taric (MT/NX),1,3,0.333333333333333
Ashe/Caitlyn (FR/PZ),Gwen/LeBlanc (NX/SI),1,3,0.333333333333333
Kalista (SI),Illaoi/Swain (BW/NX),1,3,0.333333333333333
Galio/Udyr (DE/FR),Taric/Udyr (FR/MT),1,3,0.333333333333333
Akshan/Senna (SI/SH),Lee Sin/Viktor (IO/PZ),1,3,0.333333333333333
Senna/Veigar (BC/SI),Akshan/Senna (SI/SH),1,3,0.333333333333333
Kalista (MT/SI),Jayce/Lux (DE/PZ),1,3,0.333333333333333
Sejuani/Swain (FR/NX),Kalista (SI),1,3,0.333333333333333
Kalista/Senna (BW/SI),Maokai/Nautilus (BW/SI),1,3,0.333333333333333
Senna (PZ/SI),Championless (PZ/SI),1,3,0.333333333333333
Neeko/Poppy (DE/RU),Garen/Poppy (DE),1,3,0.333333333333333
Ashe (FR/PZ),Akshan/Sivir (NX/SH),1,3,0.333333333333333
Maokai/Nautilus (BW/SI),Swain/Vladimir (BW/NX),1,3,0.333333333333333
Malphite/Yasuo (IO/MT),Rumble/Sion (BC/NX),1,3,0.333333333333333
Senna (PZ/SI),Nasus/Senna (SI/SH),1,3,0.333333333333333
Darius/Gnar (FR/NX),Akshan/Taric (MT/SH),1,3,0.333333333333333
Caitlyn/Viktor (BC/PZ),Braum/Vladimir (FR/NX),1,3,0.333333333333333
Senna/Veigar (BC/SI),Akshan/Taric (MT/SH),1,3,0.333333333333333
Senna/Veigar (BC/SI),Rumble/Viktor (BC/PZ),1,3,0.333333333333333
Aatrox (RU/BW),Braum/Vladimir (FR/NX),1,3,0.333333333333333
Taric/Udyr (FR/MT),Senna/Veigar (BC/SI),1,3,0.333333333333333
Gwen/LeBlanc (NX/SI),Rumble/Sion (BC/NX),1,3,0.333333333333333
Rumble/Sion (BC/NX),Nasus/Senna (SI/SH),1,3,0.333333333333333
Jayce/Lux (DE/PZ),Swain/Yasuo (IO/NX),1,3,0.333333333333333
Championless (SI),Akshan/Taric (MT/SH),1,3,0.333333333333333
LeBlanc/Sivir (NX/SH),Shen/Sivir (IO/SH),1,3,0.333333333333333
Shen/Sivir (IO/SH),Lee Sin/Sett (IO/PZ),1,3,0.333333333333333
Lillia (FR/IO),Janna/Sett (IO/PZ),1,3,0.333333333333333
Lulu/Taric (IO/MT),Gangplank/Sejuani (BW/FR),1,3,0.333333333333333
Janna/Sett (IO/PZ),Akshan/Renekton (SH),1,3,0.333333333333333
Renekton/Sejuani (FR/SH),Jayce/Lux (DE/PZ),1,3,0.333333333333333
Ashe (FR/PZ),Kai'Sa/Viktor (PZ/SH),1,3,0.333333333333333
Nasus/Thresh (SI/SH),Aatrox (RU/BW),1,3,0.333333333333333
LeBlanc/Udyr (FR/NX),Nasus/Renekton (SH),1,3,0.333333333333333
Morgana/Udyr (DE/FR),Sett/Viktor (IO/PZ),1,3,0.333333333333333
Lux/Morgana (DE/MT),Ashe/LeBlanc (FR/NX),1,3,0.333333333333333
Darius/Gwen (NX/SI),Braum/Vladimir (FR/NX),1,3,0.333333333333333
Garen (DE/SH),Shyvana (DE/MT),1,3,0.333333333333333
Janna/Sett (IO/PZ),Akshan/Sivir (NX/SH),1,3,0.333333333333333
Lillia/Malphite (IO/MT),Ashe/LeBlanc (FR/NX),1,3,0.333333333333333
Lillia/Sett (IO/PZ),Senna/Veigar (BC/SI),1,3,0.333333333333333
Akshan/Udyr (FR/SH),Nidalee (BC/SH),1,3,0.333333333333333
Championless (MT/SI),Ashe (FR/PZ),1,3,0.333333333333333
Senna (PZ/SI),Gnar/Nidalee (BC/SH),1,3,0.333333333333333
Gangplank/Sejuani (BW/FR),Lillia (FR/IO),1,3,0.333333333333333
Gwen/Kalista (NX/SI),Senna/Veigar (BC/SI),1,3,0.333333333333333
Akshan/Jack (BW/SH),Maokai (BW/SI),1,3,0.333333333333333
Tahm Kench/Udyr (BW/FR),Braum/Lillia (FR/IO),1,3,0.333333333333333
Akshan/Varus (SH/RU),Shyvana (DE/MT),1,3,0.333333333333333
Poppy/Tristana (BC/SH),Gwen/Vayne (DE/SI),1,3,0.333333333333333
Gwen/Vayne (DE/SI),Championless (MT/SI),1,3,0.333333333333333
Janna/Sett (IO/PZ),Caitlyn/Swain (NX/PZ),1,3,0.333333333333333
Darius/Gnar (FR/NX),Akshan/Jack (BW/SH),1,3,0.333333333333333
Ashe/Janna (FR/PZ),Braum/Vladimir (FR/NX),1,3,0.333333333333333
Darius/Gnar (FR/NX),Lillia (IO/MT),1,3,0.333333333333333
Lee Sin/Viktor (IO/PZ),Sett/Viktor (IO/PZ),1,3,0.333333333333333
Kayle (BW/MT),Sett/Viktor (IO/PZ),1,3,0.333333333333333
Akshan/Morgana (MT/SH),Aphelios/Viktor (MT/PZ),1,3,0.333333333333333
Senna (PZ/SI),Galio/Udyr (DE/FR),1,3,0.333333333333333
Akshan/Morgana (MT/SH),Maokai/Nautilus (BW/SI),1,3,0.333333333333333
Akshan/Morgana (MT/SH),Ashe (FR/PZ),1,3,0.333333333333333
Senna/Veigar (BC/SI),Akshan/Kayn (RU/SH),1,3,0.333333333333333
Braum/Vladimir (FR/NX),Lillia/Malphite (IO/MT),1,3,0.333333333333333
Jayce/Lux (DE/PZ),Gnar/Riven (FR/NX),1,3,0.333333333333333
Championless (MT/SI),Nidalee (BC/SH),1,3,0.333333333333333
Akshan/Varus (SH/RU),Akshan/Riven (NX/SH),1,3,0.333333333333333
Sett (IO/PZ),Lillia/Sett (BC/IO),1,3,0.333333333333333
Maokai/Nautilus (BW/SI),Akshan/Riven (NX/SH),1,3,0.333333333333333
Kayle (BW/MT),Akshan/Riven (NX/SH),1,3,0.333333333333333
Braum/Swain (FR/NX),Championless (SI),1,3,0.333333333333333
Darius/Riven (FR/NX),Ashe/LeBlanc (FR/NX),1,3,0.333333333333333
Darius/Gwen (NX/SI),Nasus/Thresh (SI/SH),1,3,0.333333333333333
Gwen/Riven (NX/SI),Ashe (FR/PZ),1,3,0.333333333333333
Kayle/Lillia (IO/MT),Darius/Gnar (FR/NX),1,3,0.333333333333333
Aphelios/Viktor (MT/PZ),Galio/Morgana (DE/FR),1,3,0.333333333333333
Ashe/Caitlyn (FR/PZ),Gnar/Sejuani (FR/PZ),1,3,0.333333333333333
Ashe (FR/PZ),Sion (NX/SI),1,3,0.333333333333333
Shen/Sivir (IO/SH),Neeko/Poppy (DE/RU),1,3,0.333333333333333
Senna/Veigar (BC/SI),Sion (NX/SI),1,3,0.333333333333333
Garen/Shyvana (DE/MT),Championless (SI),1,3,0.333333333333333
Senna/Veigar (BC/SI),Gwen/Swain (NX/SI),1,3,0.333333333333333
Lillia/Udyr (FR/IO),Akshan/Senna (SI/SH),1,3,0.333333333333333
Janna/Sett (IO/PZ),Illaoi/Vayne (BW/DE),1,3,0.333333333333333
Aphelios/Viktor (MT/PZ),Lillia/Sett (BC/IO),1,3,0.333333333333333
Renekton/Vayne (DE/SH),Senna/Veigar (PZ/SI),1,3,0.333333333333333
Braum/Gwen (FR/SI),Championless (SI),1,3,0.333333333333333
Shyvana (DE/MT),Neeko/Poppy (DE/RU),1,3,0.333333333333333
Jack/Sett (BW/IO),Caitlyn/Swain (NX/PZ),1,3,0.333333333333333
Riven/Viktor (NX/PZ),Gwen/Riven (NX/SI),1,3,0.333333333333333
Gnar/Renekton (FR/SH),Aphelios/Viktor (MT/PZ),1,3,0.333333333333333
Darius/Gnar (FR/NX),Jayce (PZ/SI),1,3,0.333333333333333
Championless (BC/IO),Championless (SI),1,3,0.333333333333333
Jayce/Lux (DE/PZ),Leona/Sett (IO/MT),1,3,0.333333333333333
Braum (FR/MT),Braum/Lillia (FR/IO),1,3,0.333333333333333
Lillia/Sett (BC/IO),Senna/Veigar (PZ/SI),1,3,0.333333333333333
Akshan/Nidalee/Sivir (DE/SH),Braum/Vladimir (FR/NX),1,3,0.333333333333333
Morgana/Viktor (MT/PZ),Darius/Gnar (FR/NX),1,3,0.333333333333333
Gnar/Renekton (FR/SH),Aatrox/Kayn (RU/RU),1,3,0.333333333333333
Jayce/Lux (DE/PZ),Kayle (BC/MT),1,3,0.333333333333333
Maokai (PZ/SI),Championless (SI),1,3,0.333333333333333
Jayce/Lux (DE/PZ),Poppy (DE/FR),1,3,0.333333333333333
Braum (FR/MT),Ashe (FR/PZ),1,3,0.333333333333333
Janna/Senna (PZ/SI),Rumble/Sion (BC/NX),1,3,0.333333333333333
Garen/Kayle/Shyvana (DE/MT),Championless (SI),1,3,0.333333333333333
Shyvana (DE/MT),Senna/Veigar (PZ/SI),1,3,0.333333333333333
Rumble/Sion (BC/NX),Akshan/Riven (NX/SH),1,3,0.333333333333333
Shyvana (DE/MT),Kayle (BW/MT),1,3,0.333333333333333
Ashe (FR/PZ),Neeko/Tristana (BC/RU),1,3,0.333333333333333
Garen/Shen (DE/IO),Championless (SI),1,3,0.333333333333333
Janna/Viktor (BC/PZ),Senna/Veigar (BC/SI),1,3,0.333333333333333
Janna/Viktor (BC/PZ),Kayle (BW/MT),1,3,0.333333333333333
Akshan/Nidalee/Sivir (DE/SH),Nasus (SI/SH),1,3,0.333333333333333
Senna/Veigar (PZ/SI),Braum/Kayle (FR/MT),1,3,0.333333333333333
Lillia/Sett (IO/PZ),Championless (SI),1,3,0.333333333333333
Janna (PZ/SH),Championless (SI),1,3,0.333333333333333
Jack/Lillia (BW/IO),Darius/Gnar (FR/NX),1,3,0.333333333333333
Ashe/Janna (FR/PZ),Kayle (BW/MT),1,3,0.333333333333333
Gnar/Nidalee/Renekton (FR/SH),Akshan/Nidalee (BC/SH),1,3,0.333333333333333
Kayle (BW/MT),Vayne/Vi (DE/PZ),1,3,0.333333333333333
Senna/Veigar (PZ/SI),Janna/Sett (IO/PZ),1,3,0.333333333333333
Braum/Udyr/Vladimir (FR/NX),LeBlanc/Sivir (NX/SH),1,3,0.333333333333333
Akshan/Riven (NX/SH),LeBlanc/Sivir (NX/SH),1,3,0.333333333333333
Neeko/Poppy (DE/RU),Gangplank/Nidalee (BW/SH),1,3,0.333333333333333
Akshan/Varus (SH/RU),Vayne/Vi (DE/PZ),1,3,0.333333333333333
Rumble/Sion (NX/SH),Ashe/LeBlanc (FR/NX),1,3,0.333333333333333
Lulu/Shen (IO/MT),Nasus/Senna (SI/SH),1,3,0.333333333333333
Jax/Tristana (BC/RU),Gwen/LeBlanc (NX/SI),1,3,0.333333333333333
Ashe/LeBlanc (FR/NX),Gangplank/Nidalee (BW/SH),1,3,0.333333333333333
Darius/Gnar (FR/NX),Gangplank/Nidalee (BW/SH),1,3,0.333333333333333
Ashe (FR/PZ),Braum/Garen/Udyr (DE/FR),1,3,0.333333333333333
Nasus (SI/SH),Jax/Ornn (FR/RU),1,3,0.333333333333333
Gwen/Sejuani (FR/SI),Jayce/Lux (DE/PZ),1,3,0.333333333333333
Leona/Sett (IO/MT),Ashe/LeBlanc (FR/NX),1,3,0.333333333333333
Riven/Varus (NX/RU),Maokai/Nautilus (BW/SI),1,3,0.333333333333333
Lulu/Shen (IO/MT),Gangplank/Sejuani (BW/FR),1,3,0.333333333333333
Riven/Vladimir (NX/SI),Maokai/Nautilus (BW/SI),1,3,0.333333333333333
Nasus (SI/SH),Kalista (SI),1,3,0.333333333333333
Neeko/Poppy (DE/RU),Caitlyn (FR/PZ),1,3,0.333333333333333
Lulu/Taric (IO/MT),Aatrox/Kayn (RU/RU),1,3,0.333333333333333
Neeko/Tristana (BC/RU),Championless (SI),1,3,0.333333333333333
Championless (BC/BW),Jayce/Lux (DE/PZ),1,3,0.333333333333333
Braum/Sejuani/Udyr (FR/PZ),Ashe/LeBlanc (FR/NX),1,3,0.333333333333333
Braum/Sejuani/Udyr (FR/PZ),Championless (SI),1,3,0.333333333333333
Janna/Veigar (BC/PZ),Lulu/Poppy (DE/IO),1,3,0.333333333333333
Maokai/Nautilus (BW/SI),Galio/Morgana/Shyvana (DE/MT),1,3,0.333333333333333
Shen/Sivir (IO/SH),Gwen/LeBlanc (NX/SI),1,3,0.333333333333333
Ashe (FR/PZ),Nidalee/Sivir (BC/SH),1,3,0.333333333333333
Nidalee/Sivir (BC/SH),Morgana/Udyr (DE/FR),1,3,0.333333333333333
Kayle (BW/MT),Akshan/Nidalee (FR/SH),1,3,0.333333333333333
Jax/Ornn (FR/RU),Jax/Vayne (DE/RU),1,3,0.333333333333333
Neeko/Poppy (DE/RU),Darius/LeBlanc/Riven (BW/NX),1,3,0.333333333333333
Lulu/Shen (DE/IO),Kalista (SI),1,3,0.333333333333333
Akshan/Lee Sin (IO/SH),Akshan/Sivir (IO/SH),1,3,0.333333333333333
Jax/Ornn (FR/RU),Aatrox/Varus (RU/RU),1,3,0.333333333333333
Akshan/Sivir (IO/SH),Ashe/LeBlanc (FR/NX),1,3,0.333333333333333
Sion (BC/NX),LeBlanc/Sivir (NX/SH),1,3,0.333333333333333
Sett/Veigar (BC/IO),Jayce/Lux (DE/PZ),1,3,0.333333333333333
Jack/Morgana (BW/DE),LeBlanc/Sivir (NX/SH),1,3,0.333333333333333
Janna (PZ/SI),Akshan/Nidalee (FR/SH),1,3,0.333333333333333
Kalista (SI),Sett/Veigar (BC/IO),1,3,0.333333333333333
Jack/Sett (BW/IO),Janna (PZ/SI),1,3,0.333333333333333
Akshan/Nidalee (FR/SH),LeBlanc/Sivir (NX/SH),1,3,0.333333333333333
Viktor (IO/PZ),Nasus/Thresh (SI/SH),1,3,0.333333333333333
Neeko/Poppy (BC/RU),LeBlanc/Sivir (NX/SH),1,3,0.333333333333333
Neeko/Poppy (BC/RU),Kalista (SI),1,3,0.333333333333333
Ornn/Varus (FR/RU),Championless (SI),1,3,0.333333333333333
Jax/Ornn (FR/RU),Nidalee/Sivir (BC/SH),1,3,0.333333333333333
Braum/Garen (DE/FR),Championless (SI),1,3,0.333333333333333
Ornn/Varus (FR/RU),Kalista (SI),1,3,0.333333333333333
Nidalee/Sivir (BC/SH),Ashe/LeBlanc (FR/NX),1,3,0.333333333333333
Ornn/Varus (FR/RU),Akshan/Lee Sin (IO/SH),1,3,0.333333333333333
Ashe/LeBlanc (FR/NX),Ornn/Varus (FR/RU),1,3,0.333333333333333
Gwen/Kalista (SI),Morgana/Udyr (DE/FR),1,3,0.333333333333333
LeBlanc/Leona (MT/NX),LeBlanc/Sivir (NX/SH),1,3,0.333333333333333
Braum/Lillia (FR/IO),Championless (FR/SI),1,3,0.333333333333333
Shyvana/Taric (DE/MT),LeBlanc/Sivir (NX/SH),1,3,0.333333333333333
Sion/Thresh (NX/SI),Ashe/LeBlanc (FR/NX),1,3,0.333333333333333
Gnar/Nidalee (BC/SH),Aphelios/Viktor (MT/PZ),2,3,0.666666666666667
Morgana/Udyr (DE/FR),Lillia/Sett (IO/MT),2,3,0.666666666666667
Ashe (FR/PZ),Ryze (IO/RU),2,3,0.666666666666667
Lillia/Sett (IO/MT),Darius/Gnar (FR/NX),2,3,0.666666666666667
Lillia/Sett (IO/MT),Akshan/Varus (SH/RU),2,3,0.666666666666667
Poppy/Taric (DE/MT),Aphelios/Viktor (MT/PZ),2,3,0.666666666666667
Gangplank/Sejuani (BW/FR),Ashe/Senna (FR/SI),2,3,0.666666666666667
Ashe (FR/PZ),Aatrox/Morgana (RU/DE),2,3,0.666666666666667
Aatrox/Morgana (RU/DE),Lillia/Sett (IO/MT),2,3,0.666666666666667
Ashe/Tahm Kench (BW/FR),Gnar/Nidalee (BC/SH),2,3,0.666666666666667
Morgana/Udyr (DE/FR),Leona/Yasuo (IO/MT),2,3,0.666666666666667
Galio/Morgana (DE/FR),Gwen/Kalista (NX/SI),2,3,0.666666666666667
Leona/Yasuo (IO/MT),Ashe (FR/PZ),2,3,0.666666666666667
Rumble/Sion (BC/NX),Lillia/Sett (BC/IO),2,3,0.666666666666667
Braum/Tahm Kench (BW/FR),Ashe/LeBlanc (FR/NX),2,3,0.666666666666667
Lee Sin/Viktor (IO/PZ),Garen/Morgana (DE/SI),2,3,0.666666666666667
Sett (IO/PZ),Gnar/Neeko (FR/RU),2,3,0.666666666666667
Lee Sin/Viktor (IO/PZ),Janna (PZ/SI),2,3,0.666666666666667
Senna/Veigar (BC/SI),Garen/Shyvana (DE/MT),2,3,0.666666666666667
Maokai (BW/SI),Aatrox/Morgana (RU/DE),2,3,0.666666666666667
Senna/Veigar (BC/SI),Poppy/Tristana (BC/SI),2,3,0.666666666666667
Illaoi/Swain (BW/NX),Riven/Viktor (NX/PZ),2,3,0.666666666666667
Nasus/Renekton (SH),Neeko/Poppy (DE/RU),2,3,0.666666666666667
Morgana/Udyr (FR/MT),Senna (PZ/SI),2,3,0.666666666666667
Ashe/LeBlanc (FR/NX),Lillia/Ryze (IO/RU),2,3,0.666666666666667
Kalista (SI),Poppy/Riven (BC/NX),2,3,0.666666666666667
Rumble/Vayne (DE/NX),Nasus/Thresh (SI/SH),2,3,0.666666666666667
Kayle/Morgana (DE/MT),Darius (FR/NX),2,3,0.666666666666667
Championless (SI),Kayle/Morgana (DE/MT),2,3,0.666666666666667
Aatrox/Kayn (RU/RU),Gwen/Kalista (NX/SI),2,3,0.666666666666667
Jayce/Lux (DE/PZ),Garen/Morgana (DE/SI),2,3,0.666666666666667
Braum/Vladimir (FR/NX),Braum/Kayle (FR/MT),2,3,0.666666666666667
Championless (MT/SI),Senna (PZ/SI),2,3,0.666666666666667
Aphelios/Viktor (MT/PZ),Gnar/Neeko (FR/RU),2,3,0.666666666666667
Akshan/Lee Sin (IO/SH),Tristana (BC/FR),2,3,0.666666666666667
Akshan/Lee Sin (IO/SH),Janna/Lee Sin/Viktor (IO/PZ),2,3,0.666666666666667
Ashe/LeBlanc (FR/NX),Janna (BW/PZ),2,3,0.666666666666667
Poppy/Riven (BC/NX),Aatrox/Kayn (RU/RU),2,3,0.666666666666667
Morgana/Taric (DE/MT),Akshan/Lee Sin (IO/SH),2,3,0.666666666666667
Gangplank (BW/NX),Akshan/Lee Sin (IO/SH),2,3,0.666666666666667
Aatrox/Kayn (RU/RU),Kayle/Morgana (DE/MT),2,3,0.666666666666667
Neeko/Nidalee (RU/SH),Championless (SI),2,3,0.666666666666667
Akshan/Varus (SH/RU),Lillia/Ryze (IO/RU),2,3,0.666666666666667
Akshan/Varus (SH/RU),Nasus (SI/SH),2,3,0.666666666666667
Lee Sin/Viktor (IO/PZ),Poppy/Taric (DE/MT),2,3,0.666666666666667
Malphite/Yasuo (IO/MT),Lee Sin/Viktor (IO/PZ),2,3,0.666666666666667
Malphite/Yasuo (IO/MT),Aphelios/Viktor (MT/PZ),2,3,0.666666666666667
Championless (SI/SH),Nidalee (BC/SH),2,3,0.666666666666667
Malphite/Yasuo (IO/MT),Nidalee (BC/SH),2,3,0.666666666666667
Darius/Gnar/LeBlanc (FR/NX),Poppy/Tristana (BC/SI),2,3,0.666666666666667
Garen/Kayle (DE/MT),Senna/Veigar (BC/SI),2,3,0.666666666666667
Kalista/LeBlanc (NX/SI),Kayle (BW/MT),2,3,0.666666666666667
Lee Sin/Viktor (IO/PZ),Akshan/Morgana (MT/SH),2,3,0.666666666666667
Ashe/LeBlanc (FR/NX),Kalista (NX/SI),2,3,0.666666666666667
Morgana/Taric (DE/MT),Lee Sin/Viktor (IO/PZ),2,3,0.666666666666667
Akshan/Varus (SH/RU),Illaoi/Swain (BW/NX),2,3,0.666666666666667
Championless (SI),Lillia/Sett (IO/SH),2,3,0.666666666666667
Kalista (NX/SI),Championless (SI),2,3,0.666666666666667
Aatrox/Kayn (RU/RU),Nasus/Renekton (SH),2,3,0.666666666666667
Jayce/Lux (DE/PZ),Janna/Lee Sin/Viktor (IO/PZ),2,3,0.666666666666667
Braum/Udyr (FR/MT),Jack/Sett (BW/IO),2,3,0.666666666666667
Darius/Gnar/LeBlanc (FR/NX),Braum/Vladimir (FR/NX),2,3,0.666666666666667
Akshan/Lee Sin (IO/SH),Garen (DE),2,3,0.666666666666667
Kalista/LeBlanc (NX/SI),Senna/Veigar (BC/SI),2,3,0.666666666666667
Lillia/Ryze (IO/RU),Akshan/Lee Sin (IO/SH),2,3,0.666666666666667
Akshan/Lee Sin (IO/SH),LeBlanc/Rumble/Sion (IO/NX),2,3,0.666666666666667
LeBlanc (FR/NX),Nasus/Thresh (SI/SH),2,3,0.666666666666667
Gwen/Vayne (DE/SI),Neeko/Poppy (DE/RU),2,3,0.666666666666667
Gwen/Kalista (FR/SI),Kayle (BW/MT),2,3,0.666666666666667
Sivir/Vi (PZ/SH),Braum/Galio (DE/FR),2,3,0.666666666666667
Akshan/Lee Sin (IO/SH),Ryze (IO/RU),2,3,0.666666666666667
Kayle (FR/MT),Senna/Veigar (BC/SI),2,3,0.666666666666667
Janna (BW/PZ),Maokai/Nautilus (BW/SI),2,3,0.666666666666667
Morgana/Udyr (DE/FR),Akshan/Udyr (FR/SH),2,3,0.666666666666667
Rumble/Sion (BC/NX),Varus/Viktor (PZ/RU),2,3,0.666666666666667
Akshan/Lee Sin (IO/SH),Aatrox/Morgana/Vayne (RU/DE),2,3,0.666666666666667
Morgana/Udyr (DE/FR),Swain/Udyr (FR/NX),2,3,0.666666666666667
Kayle (BW/MT),LeBlanc/Udyr (FR/NX),2,3,0.666666666666667
LeBlanc (FR/NX),Kalista (SI),2,3,0.666666666666667
Akshan/Lee Sin (IO/SH),Aphelios/Yasuo (IO/MT),2,3,0.666666666666667
Garen/Poppy (BW/DE),Akshan/Varus (SH/RU),2,3,0.666666666666667
Aatrox/Kayn (RU/RU),Akshan/Nasus (SI/SH),2,3,0.666666666666667
Akshan/Nasus (SI/SH),Swain/Vladimir (BW/NX),2,3,0.666666666666667
Sett (IO/PZ),Illaoi/Swain (BW/NX),2,3,0.666666666666667
Nasus/Thresh (SI/SH),Braum/Kayle (FR/MT),2,3,0.666666666666667
Akshan/Nasus (SI/SH),Senna/Veigar (BC/SI),2,3,0.666666666666667
Akshan/Udyr (FR/SH),Kayle (BW/MT),2,3,0.666666666666667
Championless (PZ/SI),Neeko/Poppy (BC/RU),2,3,0.666666666666667
Darius/Gnar (FR/NX),Neeko/Poppy (BC/RU),2,3,0.666666666666667
Janna/Lillia (IO/PZ),Championless (SI),2,3,0.666666666666667
Braum/Kayle (FR/MT),Nasus/Renekton (SH),2,3,0.666666666666667
Morgana/Udyr (DE/FR),Aphelios/Lee Sin (IO/MT),2,3,0.666666666666667
Jayce/Lux (DE/PZ),Garen/Taric (DE/MT),2,3,0.666666666666667
Braum/Vladimir (FR/NX),Aatrox/Vayne (RU/DE),2,3,0.666666666666667
Sett (IO/SH),Maokai/Nautilus (BW/SI),2,3,0.666666666666667
Darius/Gnar (FR/NX),Akshan/Nidalee/Sivir (DE/SH),2,3,0.666666666666667
Gangplank (BW/NX),Maokai/Nautilus (BW/SI),2,3,0.666666666666667
LeBlanc/Udyr (FR/NX),Rumble/Sion (BC/NX),2,3,0.666666666666667
Darius/Gnar (FR/NX),Championless (SI/SH),2,3,0.666666666666667
Gnar/Sejuani (FR/PZ),Ashe (FR/PZ),2,3,0.666666666666667
Akshan/Nidalee (DE/SH),Kalista (SI),2,3,0.666666666666667
Neeko/Poppy (DE/RU),Swain/Vladimir (BW/NX),2,3,0.666666666666667
Rumble/Sion (BC/NX),Darius (FR/NX),2,3,0.666666666666667
Rumble/Vayne (DE/NX),Rumble/Sion (BC/NX),2,3,0.666666666666667
Darius/Gnar (FR/NX),Lillia/Ryze (IO/RU),2,3,0.666666666666667
Gnar/Sejuani (FR/PZ),Leona/Malphite (IO/MT),2,3,0.666666666666667
Lulu/Neeko (IO/RU),Darius/Gnar (FR/NX),2,3,0.666666666666667
Championless (PZ/SI),Ryze (IO/RU),2,3,0.666666666666667
Neeko/Renekton (RU/SH),Jayce/Lux (DE/PZ),2,3,0.666666666666667
Lulu/Poppy (DE/IO),Ashe/LeBlanc (FR/NX),2,3,0.666666666666667
Lee Sin/Riven (IO/NX),Akshan/Lee Sin (IO/SH),2,3,0.666666666666667
Garen (DE/SH),Morgana/Udyr (DE/FR),2,3,0.666666666666667
Akshan/Varus (SH/RU),Leona (MT/SH),2,3,0.666666666666667
Senna/Veigar (BC/SI),LeBlanc/Rumble (NX/SI),2,3,0.666666666666667
Maokai/Nautilus (BW/SI),Gnar/Swain (BC/NX),2,3,0.666666666666667
Senna/Veigar (BC/SI),Leona (MT/SH),2,3,0.666666666666667
Sett (IO/PZ),Shyvana/Taric (DE/MT),2,3,0.666666666666667
Lillia/Lulu (DE/IO),Senna/Veigar (BC/SI),2,3,0.666666666666667
Braum/Galio (DE/FR),Ashe (FR/PZ),2,3,0.666666666666667
Gwen/Vayne (DE/SI),Maokai (BW/SI),2,3,0.666666666666667
Aphelios/Lee Sin (IO/MT),Darius/Gnar (FR/NX),2,3,0.666666666666667
Braum/Udyr/Vladimir (FR/NX),Senna/Veigar (BC/SI),2,3,0.666666666666667
Darius/LeBlanc (FR/NX),Darius/Gnar (FR/NX),2,3,0.666666666666667
Maokai/Nautilus (BW/SI),Morgana/Shyvana (DE/MT),2,3,0.666666666666667
Lee Sin/Viktor (IO/PZ),Shyvana/Taric (DE/MT),2,3,0.666666666666667
Poppy/Shen (DE/IO),Leona (MT/SH),2,3,0.666666666666667
Leona (MT/SH),Morgana/Udyr (DE/FR),2,3,0.666666666666667
Rumble/Sion (BC/NX),Swain/Vladimir (BW/NX),2,3,0.666666666666667
Jayce/Senna (PZ/SI),Sett (IO/PZ),2,3,0.666666666666667
Jayce (PZ/SI),Ashe/LeBlanc (FR/NX),2,3,0.666666666666667
Aphelios/Yasuo (IO/MT),Braum/Vladimir (FR/NX),2,3,0.666666666666667
Neeko/Poppy (BC/RU),Akshan/Lee Sin (IO/SH),2,3,0.666666666666667
Kayle (BW/MT),Riven/Rumble (BC/NX),2,3,0.666666666666667
Lillia/Sett (BC/IO),Akshan/Lee Sin (IO/SH),2,3,0.666666666666667
LeBlanc/Sivir (NX/SH),Akshan/Morgana (DE/SH),2,3,0.666666666666667
Akshan/Morgana (DE/SH),Jayce/Lux (DE/PZ),2,3,0.666666666666667
Jayce (PZ/SI),Jayce/Lux (DE/PZ),2,3,0.666666666666667
Aatrox/Kayn (RU/RU),Shyvana (DE/MT),2,3,0.666666666666667
Kalista/LeBlanc (NX/SI),Darius/Gnar (FR/NX),2,3,0.666666666666667
Championless (SI),Janna/Morgana (MT/PZ),2,3,0.666666666666667
LeBlanc/Leona (MT/NX),Shyvana (DE/MT),2,3,0.666666666666667
Lee Sin/Udyr (FR/IO),Nidalee (BC/SH),2,3,0.666666666666667
Ashe/LeBlanc (FR/NX),Akshan/Nidalee (BC/SH),2,3,0.666666666666667
Akshan/Lee Sin (IO/SH),Lulu/Poppy (DE/IO),2,3,0.666666666666667
Rumble/Sion (BC/NX),Darius/Gwen (NX/SI),2,3,0.666666666666667
Maokai/Nautilus (BW/SI),Kalista/Morgana (DE/SI),2,3,0.666666666666667
Ashe/Braum (FR/PZ),Akshan/Lee Sin (IO/SH),2,3,0.666666666666667
Ashe/LeBlanc (FR/NX),Kalista/Morgana (DE/SI),2,3,0.666666666666667
Lee Sin/Viktor (IO/PZ),Garen (DE/SH),2,3,0.666666666666667
Kayle/Morgana (DE/MT),Darius/Gnar (FR/NX),2,3,0.666666666666667
Galio/Udyr (DE/FR),Aatrox/Kayn (RU/RU),2,3,0.666666666666667
Ashe/Caitlyn (FR/PZ),Aatrox/Kayn (RU/RU),2,3,0.666666666666667
Galio/Garen (DE/MT),Ashe/LeBlanc (FR/NX),2,3,0.666666666666667
Akshan/Nasus (SI/SH),Gnar/Nidalee (BC/SH),2,3,0.666666666666667
Aatrox/Illaoi (RU/BW),Akshan/Varus (SH/RU),2,3,0.666666666666667
Gnar/Illaoi (BW/FR),Nasus/Thresh (SI/SH),2,3,0.666666666666667
Jax/Ornn (FR/RU),Poppy/Taric (DE/MT),2,3,0.666666666666667
Ashe/Caitlyn (FR/PZ),Lee Sin/Viktor (IO/PZ),2,3,0.666666666666667
Nasus/Senna (SI/SH),Jax/Ornn (FR/RU),2,3,0.666666666666667
Akshan/Morgana (DE/SH),Janna/Sett (IO/PZ),2,3,0.666666666666667
Akshan/Nasus (SI/SH),Jax/Ornn (FR/RU),2,3,0.666666666666667
Braum/Lillia (FR/IO),Galio/Morgana (DE/MT),2,3,0.666666666666667
Braum/Lillia (FR/IO),Gwen/Vi (PZ/SI),2,3,0.666666666666667
Senna/Veigar (BC/SI),Gwen/Vi (PZ/SI),2,3,0.666666666666667
Akshan/Sivir (NX/SH),Akshan/Lee Sin (IO/SH),2,3,0.666666666666667
Akshan/Sivir (NX/SH),Darius (FR/NX),2,3,0.666666666666667
Gwen/Vi (PZ/SI),Akshan/Varus (SH/RU),2,3,0.666666666666667
Darius/Gnar (FR/NX),Gwen/Vi (PZ/SI),2,3,0.666666666666667
Akshan/Varus (SH/RU),Akshan/Braum (FR/SH),2,3,0.666666666666667
Braum/Lillia (FR/IO),Kayle/Lillia (IO/MT),2,3,0.666666666666667
Lillia/Udyr (FR/IO),Akshan/Renekton (FR/SH),2,3,0.666666666666667
Akshan/Renekton (SH),Morgana/Udyr (DE/FR),2,3,0.666666666666667
Akshan/Renekton (SH),Kayle (BW/MT),2,3,0.666666666666667
Jack/Sett (BW/IO),Rumble/Sion (BC/NX),2,3,0.666666666666667
Akshan/Renekton (SH),Akshan/Lee Sin (IO/SH),2,3,0.666666666666667
Jack/Sett (BW/IO),Akshan/Nasus (SI/SH),2,3,0.666666666666667
Jack/Sett (BW/IO),Championless (FR/SI),2,3,0.666666666666667
Senna/Veigar (BC/SI),Lulu/Poppy (DE/IO),2,3,0.666666666666667
Gwen/Riven (NX/SI),Akshan/Lee Sin (IO/SH),2,3,0.666666666666667
Galio/Morgana (DE/MT),Gnar/Sejuani (BC/FR),2,3,0.666666666666667
Akshan/Nidalee (BC/SH),Championless (SI),2,3,0.666666666666667
Morgana/Udyr (DE/FR),Illaoi (BW/NX),2,3,0.666666666666667
Neeko/Poppy (BC/RU),Ashe/LeBlanc (FR/NX),2,3,0.666666666666667
Riven/Rumble (BC/NX),Darius/Gnar (FR/NX),2,3,0.666666666666667
Morgana/Udyr/Vayne (DE/FR),Darius/Gwen (NX/SI),2,3,0.666666666666667
Braum/Vladimir (FR/NX),Lee Sin/Udyr (FR/IO),2,3,0.666666666666667
Illaoi/Swain (BW/NX),Aphelios/Viktor (MT/PZ),2,3,0.666666666666667
Sett/Viktor (IO/PZ),Akshan/Varus (SH/RU),2,3,0.666666666666667
Lee Sin/Viktor (IO/PZ),Janna/Sett/Viktor (IO/PZ),2,3,0.666666666666667
Janna/Viktor (IO/PZ),Kayle (BW/MT),2,3,0.666666666666667
Ashe/Sejuani (FR/NX),Darius/Gnar (FR/NX),2,3,0.666666666666667
Senna/Veigar (BC/SI),Udyr/Vayne (DE/FR),2,3,0.666666666666667
Nasus/Thresh (SI/SH),Neeko/Poppy (BC/RU),2,3,0.666666666666667
Morgana/Udyr (DE/FR),Caitlyn/Swain (NX/PZ),2,3,0.666666666666667
Leona/Sivir (MT/SH),Nasus/Thresh (SI/SH),2,3,0.666666666666667
Varus/Viktor (PZ/RU),Akshan/Varus (SH/RU),2,3,0.666666666666667
Braum/Vladimir (FR/NX),Jax/Tristana (BC/RU),2,3,0.666666666666667
Riven/Viktor (NX/PZ),Akshan/Nasus (SI/SH),2,3,0.666666666666667
Akshan/Varus (SH/RU),Janna/Viktor (IO/PZ),2,3,0.666666666666667
Aatrox (RU/BW),Braum/Lillia (FR/IO),2,3,0.666666666666667
Shen/Sivir (IO/SH),Gwen/Vayne (DE/SI),2,3,0.666666666666667
Braum/Lillia (FR/IO),Jayce (PZ/SI),2,3,0.666666666666667
LeBlanc/Udyr (FR/NX),Akshan/Sivir (NX/SH),2,3,0.666666666666667
Senna/Veigar (BC/SI),Janna/Viktor (IO/PZ),2,3,0.666666666666667
Braum/Lillia (FR/IO),Leona/Yasuo (IO/MT),2,3,0.666666666666667
Darius (FR/NX),Nasus/Thresh (SI/SH),2,3,0.666666666666667
Gnar (BC/BW),Kayle (BW/MT),2,3,0.666666666666667
Darius/Lulu (IO/NX),Aphelios/Viktor (MT/PZ),2,3,0.666666666666667
Gnar/Sejuani (BC/FR),Darius/Lulu (IO/NX),2,3,0.666666666666667
Akshan/Nasus (SI/SH),Illaoi/Swain (BW/NX),2,3,0.666666666666667
Darius/Lulu (IO/NX),Janna/Sett (IO/PZ),2,3,0.666666666666667
Senna (PZ/SI),Ashe/Janna (FR/PZ),2,3,0.666666666666667
Gnar/Tristana (BC/NX),Braum/Vladimir (FR/NX),2,3,0.666666666666667
Janna/Sett (IO/PZ),Gwen (NX/SI),2,3,0.666666666666667
Akshan/Renekton (SH),Braum/Vladimir (FR/NX),2,3,0.666666666666667
Kalista (BC/SI),Braum/Lillia (FR/IO),2,3,0.666666666666667
Maokai (BW/SI),Nasus/Senna (SI/SH),2,3,0.666666666666667
Braum/Vladimir (FR/NX),Swain/Yasuo (IO/NX),2,3,0.666666666666667
Gwen/Vayne (DE/SI),Aphelios/Sett (IO/MT),2,3,0.666666666666667
Aphelios/Sett (IO/MT),Jayce/Lux (DE/PZ),2,3,0.666666666666667
Kalista (MT/SI),Jax/Ornn (FR/RU),2,3,0.666666666666667
Gwen/Vayne (DE/SI),Lillia/Malphite (IO/MT),2,3,0.666666666666667
Lillia/Malphite (IO/MT),Maokai/Nautilus (BW/SI),2,3,0.666666666666667
Kalista (MT/SI),Akshan/Varus (SH/RU),2,3,0.666666666666667
Taric/Udyr (FR/MT),Kayle (BW/MT),2,3,0.666666666666667
Ashe/LeBlanc (FR/NX),Gangplank/Swain (BW/NX),2,3,0.666666666666667
Yasuo (IO/NX),Jack/Sett (BW/IO),2,3,0.666666666666667
Braum/Kayle (FR/MT),Jayce/Lux (DE/PZ),2,3,0.666666666666667
Championless (SI),Renekton/Sejuani (FR/SH),2,3,0.666666666666667
Akshan/Varus (SH/RU),Gangplank/Swain (BW/NX),2,3,0.666666666666667
Akshan/Sivir (NX/SH),Neeko/Poppy (DE/RU),2,3,0.666666666666667
Championless (SI),Galio/Morgana/Udyr (DE/FR),2,3,0.666666666666667
Braum/Vladimir (FR/NX),Yasuo (IO/NX),2,3,0.666666666666667
Braum/Vladimir (FR/NX),Ashe/Caitlyn (FR/PZ),2,3,0.666666666666667
Nasus/Renekton (SH),Shen/Sivir (IO/SH),2,3,0.666666666666667
Aatrox/Kayn (RU/RU),Jax/Ornn (FR/RU),2,3,0.666666666666667
Braum/Vi (FR/PZ),Championless (SI),2,3,0.666666666666667
Ashe/LeBlanc (FR/NX),Akshan/Nasus/Renekton (SH),2,3,0.666666666666667
Braum/Vladimir (FR/NX),Akshan/Udyr (FR/SH),2,3,0.666666666666667
Poppy/Taric (DE/MT),Nidalee (BC/SH),2,3,0.666666666666667
Ashe (FR/PZ),Akshan/Udyr (FR/SH),2,3,0.666666666666667
Kalista (BC/SI),Ashe/LeBlanc (FR/NX),2,3,0.666666666666667
Akshan/Lee Sin (IO/SH),Kalista (MT/SI),2,3,0.666666666666667
Darius/Gnar (FR/NX),Janna/Lillia (IO/PZ),2,3,0.666666666666667
Ashe (FR/SI),Championless (SI),2,3,0.666666666666667
Janna/Sett (IO/PZ),LeBlanc (FR/NX),2,3,0.666666666666667
Janna/Sett (IO/PZ),Lee Sin/Sett/Udyr (FR/IO),2,3,0.666666666666667
Senna/Veigar (BC/SI),Lillia (FR/IO),2,3,0.666666666666667
LeBlanc/Sivir (NX/SH),Kayle/Lillia (IO/MT),2,3,0.666666666666667
Caitlyn/Swain (NX/PZ),Lee Sin/Viktor (IO/PZ),2,3,0.666666666666667
Nasus/Renekton (SH),Gnar/Swain (BC/NX),2,3,0.666666666666667
Nidalee (BC/SH),Janna (PZ/SI),2,3,0.666666666666667
Kai'Sa/Sivir (DE/SH),Nidalee (BC/SH),2,3,0.666666666666667
Kai'Sa/Sivir (DE/SH),Akshan/Varus (SH/RU),2,3,0.666666666666667
Ashe (FR/PZ),Janna (PZ/SI),2,3,0.666666666666667
Akshan/Varus (SH/RU),Janna (PZ/SI),2,3,0.666666666666667
Riven/Taric (MT/NX),Kayle (BW/MT),2,3,0.666666666666667
Gwen/LeBlanc (NX/SI),Ashe/Caitlyn (FR/PZ),2,3,0.666666666666667
Illaoi/Swain (BW/NX),Kalista (SI),2,3,0.666666666666667
Taric/Udyr (FR/MT),Galio/Udyr (DE/FR),2,3,0.666666666666667
Lee Sin/Viktor (IO/PZ),Akshan/Senna (SI/SH),2,3,0.666666666666667
Akshan/Senna (SI/SH),Senna/Veigar (BC/SI),2,3,0.666666666666667
Jayce/Lux (DE/PZ),Kalista (MT/SI),2,3,0.666666666666667
Kalista (SI),Sejuani/Swain (FR/NX),2,3,0.666666666666667
Maokai/Nautilus (BW/SI),Kalista/Senna (BW/SI),2,3,0.666666666666667
Championless (PZ/SI),Senna (PZ/SI),2,3,0.666666666666667
Garen/Poppy (DE),Neeko/Poppy (DE/RU),2,3,0.666666666666667
Akshan/Sivir (NX/SH),Ashe (FR/PZ),2,3,0.666666666666667
Swain/Vladimir (BW/NX),Maokai/Nautilus (BW/SI),2,3,0.666666666666667
Rumble/Sion (BC/NX),Malphite/Yasuo (IO/MT),2,3,0.666666666666667
Nasus/Senna (SI/SH),Senna (PZ/SI),2,3,0.666666666666667
Akshan/Taric (MT/SH),Darius/Gnar (FR/NX),2,3,0.666666666666667
Braum/Vladimir (FR/NX),Caitlyn/Viktor (BC/PZ),2,3,0.666666666666667
Akshan/Taric (MT/SH),Senna/Veigar (BC/SI),2,3,0.666666666666667
Rumble/Viktor (BC/PZ),Senna/Veigar (BC/SI),2,3,0.666666666666667
Braum/Vladimir (FR/NX),Aatrox (RU/BW),2,3,0.666666666666667
Senna/Veigar (BC/SI),Taric/Udyr (FR/MT),2,3,0.666666666666667
Rumble/Sion (BC/NX),Gwen/LeBlanc (NX/SI),2,3,0.666666666666667
Nasus/Senna (SI/SH),Rumble/Sion (BC/NX),2,3,0.666666666666667
Swain/Yasuo (IO/NX),Jayce/Lux (DE/PZ),2,3,0.666666666666667
Akshan/Taric (MT/SH),Championless (SI),2,3,0.666666666666667
Shen/Sivir (IO/SH),LeBlanc/Sivir (NX/SH),2,3,0.666666666666667
Lee Sin/Sett (IO/PZ),Shen/Sivir (IO/SH),2,3,0.666666666666667
Janna/Sett (IO/PZ),Lillia (FR/IO),2,3,0.666666666666667
Gangplank/Sejuani (BW/FR),Lulu/Taric (IO/MT),2,3,0.666666666666667
Akshan/Renekton (SH),Janna/Sett (IO/PZ),2,3,0.666666666666667
Jayce/Lux (DE/PZ),Renekton/Sejuani (FR/SH),2,3,0.666666666666667
Kai'Sa/Viktor (PZ/SH),Ashe (FR/PZ),2,3,0.666666666666667
Aatrox (RU/BW),Nasus/Thresh (SI/SH),2,3,0.666666666666667
Nasus/Renekton (SH),LeBlanc/Udyr (FR/NX),2,3,0.666666666666667
Sett/Viktor (IO/PZ),Morgana/Udyr (DE/FR),2,3,0.666666666666667
Ashe/LeBlanc (FR/NX),Lux/Morgana (DE/MT),2,3,0.666666666666667
Braum/Vladimir (FR/NX),Darius/Gwen (NX/SI),2,3,0.666666666666667
Shyvana (DE/MT),Garen (DE/SH),2,3,0.666666666666667
Akshan/Sivir (NX/SH),Janna/Sett (IO/PZ),2,3,0.666666666666667
Ashe/LeBlanc (FR/NX),Lillia/Malphite (IO/MT),2,3,0.666666666666667
Senna/Veigar (BC/SI),Lillia/Sett (IO/PZ),2,3,0.666666666666667
Nidalee (BC/SH),Akshan/Udyr (FR/SH),2,3,0.666666666666667
Ashe (FR/PZ),Championless (MT/SI),2,3,0.666666666666667
Gnar/Nidalee (BC/SH),Senna (PZ/SI),2,3,0.666666666666667
Lillia (FR/IO),Gangplank/Sejuani (BW/FR),2,3,0.666666666666667
Senna/Veigar (BC/SI),Gwen/Kalista (NX/SI),2,3,0.666666666666667
Maokai (BW/SI),Akshan/Jack (BW/SH),2,3,0.666666666666667
Braum/Lillia (FR/IO),Tahm Kench/Udyr (BW/FR),2,3,0.666666666666667
Shyvana (DE/MT),Akshan/Varus (SH/RU),2,3,0.666666666666667
Gwen/Vayne (DE/SI),Poppy/Tristana (BC/SH),2,3,0.666666666666667
Championless (MT/SI),Gwen/Vayne (DE/SI),2,3,0.666666666666667
Caitlyn/Swain (NX/PZ),Janna/Sett (IO/PZ),2,3,0.666666666666667
Akshan/Jack (BW/SH),Darius/Gnar (FR/NX),2,3,0.666666666666667
Braum/Vladimir (FR/NX),Ashe/Janna (FR/PZ),2,3,0.666666666666667
Lillia (IO/MT),Darius/Gnar (FR/NX),2,3,0.666666666666667
Sett/Viktor (IO/PZ),Lee Sin/Viktor (IO/PZ),2,3,0.666666666666667
Sett/Viktor (IO/PZ),Kayle (BW/MT),2,3,0.666666666666667
Aphelios/Viktor (MT/PZ),Akshan/Morgana (MT/SH),2,3,0.666666666666667
Galio/Udyr (DE/FR),Senna (PZ/SI),2,3,0.666666666666667
Maokai/Nautilus (BW/SI),Akshan/Morgana (MT/SH),2,3,0.666666666666667
Ashe (FR/PZ),Akshan/Morgana (MT/SH),2,3,0.666666666666667
Akshan/Kayn (RU/SH),Senna/Veigar (BC/SI),2,3,0.666666666666667
Lillia/Malphite (IO/MT),Braum/Vladimir (FR/NX),2,3,0.666666666666667
Gnar/Riven (FR/NX),Jayce/Lux (DE/PZ),2,3,0.666666666666667
Nidalee (BC/SH),Championless (MT/SI),2,3,0.666666666666667
Akshan/Riven (NX/SH),Akshan/Varus (SH/RU),2,3,0.666666666666667
Lillia/Sett (BC/IO),Sett (IO/PZ),2,3,0.666666666666667
Akshan/Riven (NX/SH),Maokai/Nautilus (BW/SI),2,3,0.666666666666667
Akshan/Riven (NX/SH),Kayle (BW/MT),2,3,0.666666666666667
Championless (SI),Braum/Swain (FR/NX),2,3,0.666666666666667
Ashe/LeBlanc (FR/NX),Darius/Riven (FR/NX),2,3,0.666666666666667
Nasus/Thresh (SI/SH),Darius/Gwen (NX/SI),2,3,0.666666666666667
Ashe (FR/PZ),Gwen/Riven (NX/SI),2,3,0.666666666666667
Darius/Gnar (FR/NX),Kayle/Lillia (IO/MT),2,3,0.666666666666667
Galio/Morgana (DE/FR),Aphelios/Viktor (MT/PZ),2,3,0.666666666666667
Gnar/Sejuani (FR/PZ),Ashe/Caitlyn (FR/PZ),2,3,0.666666666666667
Sion (NX/SI),Ashe (FR/PZ),2,3,0.666666666666667
Neeko/Poppy (DE/RU),Shen/Sivir (IO/SH),2,3,0.666666666666667
Sion (NX/SI),Senna/Veigar (BC/SI),2,3,0.666666666666667
Championless (SI),Garen/Shyvana (DE/MT),2,3,0.666666666666667
Gwen/Swain (NX/SI),Senna/Veigar (BC/SI),2,3,0.666666666666667
Akshan/Senna (SI/SH),Lillia/Udyr (FR/IO),2,3,0.666666666666667
Illaoi/Vayne (BW/DE),Janna/Sett (IO/PZ),2,3,0.666666666666667
Lillia/Sett (BC/IO),Aphelios/Viktor (MT/PZ),2,3,0.666666666666667
Senna/Veigar (PZ/SI),Renekton/Vayne (DE/SH),2,3,0.666666666666667
Championless (SI),Braum/Gwen (FR/SI),2,3,0.666666666666667
Neeko/Poppy (DE/RU),Shyvana (DE/MT),2,3,0.666666666666667
Caitlyn/Swain (NX/PZ),Jack/Sett (BW/IO),2,3,0.666666666666667
Gwen/Riven (NX/SI),Riven/Viktor (NX/PZ),2,3,0.666666666666667
Aphelios/Viktor (MT/PZ),Gnar/Renekton (FR/SH),2,3,0.666666666666667
Jayce (PZ/SI),Darius/Gnar (FR/NX),2,3,0.666666666666667
Championless (SI),Championless (BC/IO),2,3,0.666666666666667
Leona/Sett (IO/MT),Jayce/Lux (DE/PZ),2,3,0.666666666666667
Braum/Lillia (FR/IO),Braum (FR/MT),2,3,0.666666666666667
Senna/Veigar (PZ/SI),Lillia/Sett (BC/IO),2,3,0.666666666666667
Braum/Vladimir (FR/NX),Akshan/Nidalee/Sivir (DE/SH),2,3,0.666666666666667
Darius/Gnar (FR/NX),Morgana/Viktor (MT/PZ),2,3,0.666666666666667
Aatrox/Kayn (RU/RU),Gnar/Renekton (FR/SH),2,3,0.666666666666667
Kayle (BC/MT),Jayce/Lux (DE/PZ),2,3,0.666666666666667
Championless (SI),Maokai (PZ/SI),2,3,0.666666666666667
Poppy (DE/FR),Jayce/Lux (DE/PZ),2,3,0.666666666666667
Ashe (FR/PZ),Braum (FR/MT),2,3,0.666666666666667
Rumble/Sion (BC/NX),Janna/Senna (PZ/SI),2,3,0.666666666666667
Championless (SI),Garen/Kayle/Shyvana (DE/MT),2,3,0.666666666666667
Senna/Veigar (PZ/SI),Shyvana (DE/MT),2,3,0.666666666666667
Akshan/Riven (NX/SH),Rumble/Sion (BC/NX),2,3,0.666666666666667
Kayle (BW/MT),Shyvana (DE/MT),2,3,0.666666666666667
Neeko/Tristana (BC/RU),Ashe (FR/PZ),2,3,0.666666666666667
Championless (SI),Garen/Shen (DE/IO),2,3,0.666666666666667
Senna/Veigar (BC/SI),Janna/Viktor (BC/PZ),2,3,0.666666666666667
Kayle (BW/MT),Janna/Viktor (BC/PZ),2,3,0.666666666666667
Nasus (SI/SH),Akshan/Nidalee/Sivir (DE/SH),2,3,0.666666666666667
Braum/Kayle (FR/MT),Senna/Veigar (PZ/SI),2,3,0.666666666666667
Championless (SI),Lillia/Sett (IO/PZ),2,3,0.666666666666667
Championless (SI),Janna (PZ/SH),2,3,0.666666666666667
Darius/Gnar (FR/NX),Jack/Lillia (BW/IO),2,3,0.666666666666667
Kayle (BW/MT),Ashe/Janna (FR/PZ),2,3,0.666666666666667
Akshan/Nidalee (BC/SH),Gnar/Nidalee/Renekton (FR/SH),2,3,0.666666666666667
Vayne/Vi (DE/PZ),Kayle (BW/MT),2,3,0.666666666666667
Janna/Sett (IO/PZ),Senna/Veigar (PZ/SI),2,3,0.666666666666667
LeBlanc/Sivir (NX/SH),Braum/Udyr/Vladimir (FR/NX),2,3,0.666666666666667
LeBlanc/Sivir (NX/SH),Akshan/Riven (NX/SH),2,3,0.666666666666667
Gangplank/Nidalee (BW/SH),Neeko/Poppy (DE/RU),2,3,0.666666666666667
Vayne/Vi (DE/PZ),Akshan/Varus (SH/RU),2,3,0.666666666666667
Ashe/LeBlanc (FR/NX),Rumble/Sion (NX/SH),2,3,0.666666666666667
Nasus/Senna (SI/SH),Lulu/Shen (IO/MT),2,3,0.666666666666667
Gwen/LeBlanc (NX/SI),Jax/Tristana (BC/RU),2,3,0.666666666666667
Gangplank/Nidalee (BW/SH),Ashe/LeBlanc (FR/NX),2,3,0.666666666666667
Gangplank/Nidalee (BW/SH),Darius/Gnar (FR/NX),2,3,0.666666666666667
Braum/Garen/Udyr (DE/FR),Ashe (FR/PZ),2,3,0.666666666666667
Jax/Ornn (FR/RU),Nasus (SI/SH),2,3,0.666666666666667
Jayce/Lux (DE/PZ),Gwen/Sejuani (FR/SI),2,3,0.666666666666667
Ashe/LeBlanc (FR/NX),Leona/Sett (IO/MT),2,3,0.666666666666667
Maokai/Nautilus (BW/SI),Riven/Varus (NX/RU),2,3,0.666666666666667
Gangplank/Sejuani (BW/FR),Lulu/Shen (IO/MT),2,3,0.666666666666667
Maokai/Nautilus (BW/SI),Riven/Vladimir (NX/SI),2,3,0.666666666666667
Kalista (SI),Nasus (SI/SH),2,3,0.666666666666667
Caitlyn (FR/PZ),Neeko/Poppy (DE/RU),2,3,0.666666666666667
Aatrox/Kayn (RU/RU),Lulu/Taric (IO/MT),2,3,0.666666666666667
Championless (SI),Neeko/Tristana (BC/RU),2,3,0.666666666666667
Jayce/Lux (DE/PZ),Championless (BC/BW),2,3,0.666666666666667
Ashe/LeBlanc (FR/NX),Braum/Sejuani/Udyr (FR/PZ),2,3,0.666666666666667
Championless (SI),Braum/Sejuani/Udyr (FR/PZ),2,3,0.666666666666667
Lulu/Poppy (DE/IO),Janna/Veigar (BC/PZ),2,3,0.666666666666667
Galio/Morgana/Shyvana (DE/MT),Maokai/Nautilus (BW/SI),2,3,0.666666666666667
Gwen/LeBlanc (NX/SI),Shen/Sivir (IO/SH),2,3,0.666666666666667
Nidalee/Sivir (BC/SH),Ashe (FR/PZ),2,3,0.666666666666667
Morgana/Udyr (DE/FR),Nidalee/Sivir (BC/SH),2,3,0.666666666666667
Akshan/Nidalee (FR/SH),Kayle (BW/MT),2,3,0.666666666666667
Jax/Vayne (DE/RU),Jax/Ornn (FR/RU),2,3,0.666666666666667
Darius/LeBlanc/Riven (BW/NX),Neeko/Poppy (DE/RU),2,3,0.666666666666667
Kalista (SI),Lulu/Shen (DE/IO),2,3,0.666666666666667
Akshan/Sivir (IO/SH),Akshan/Lee Sin (IO/SH),2,3,0.666666666666667
Aatrox/Varus (RU/RU),Jax/Ornn (FR/RU),2,3,0.666666666666667
Ashe/LeBlanc (FR/NX),Akshan/Sivir (IO/SH),2,3,0.666666666666667
LeBlanc/Sivir (NX/SH),Sion (BC/NX),2,3,0.666666666666667
Jayce/Lux (DE/PZ),Sett/Veigar (BC/IO),2,3,0.666666666666667
LeBlanc/Sivir (NX/SH),Jack/Morgana (BW/DE),2,3,0.666666666666667
Akshan/Nidalee (FR/SH),Janna (PZ/SI),2,3,0.666666666666667
Sett/Veigar (BC/IO),Kalista (SI),2,3,0.666666666666667
Janna (PZ/SI),Jack/Sett (BW/IO),2,3,0.666666666666667
LeBlanc/Sivir (NX/SH),Akshan/Nidalee (FR/SH),2,3,0.666666666666667
Nasus/Thresh (SI/SH),Viktor (IO/PZ),2,3,0.666666666666667
LeBlanc/Sivir (NX/SH),Neeko/Poppy (BC/RU),2,3,0.666666666666667
Kalista (SI),Neeko/Poppy (BC/RU),2,3,0.666666666666667
Championless (SI),Ornn/Varus (FR/RU),2,3,0.666666666666667
Nidalee/Sivir (BC/SH),Jax/Ornn (FR/RU),2,3,0.666666666666667
Championless (SI),Braum/Garen (DE/FR),2,3,0.666666666666667
Kalista (SI),Ornn/Varus (FR/RU),2,3,0.666666666666667
Ashe/LeBlanc (FR/NX),Nidalee/Sivir (BC/SH),2,3,0.666666666666667
Akshan/Lee Sin (IO/SH),Ornn/Varus (FR/RU),2,3,0.666666666666667
Ornn/Varus (FR/RU),Ashe/LeBlanc (FR/NX),2,3,0.666666666666667
Morgana/Udyr (DE/FR),Gwen/Kalista (SI),2,3,0.666666666666667
LeBlanc/Sivir (NX/SH),LeBlanc/Leona (MT/NX),2,3,0.666666666666667
Championless (FR/SI),Braum/Lillia (FR/IO),2,3,0.666666666666667
LeBlanc/Sivir (NX/SH),Shyvana/Taric (DE/MT),2,3,0.666666666666667
Ashe/LeBlanc (FR/NX),Sion/Thresh (NX/SI),2,3,0.666666666666667
Senna/Veigar (BC/SI),Championless (SI),58,196,0.295918367346939
Championless (SI),Senna/Veigar (BC/SI),138,196,0.704081632653061
Championless (SI),Ashe/LeBlanc (FR/NX),144,268,0.537313432835821
Ashe/LeBlanc (FR/NX),Championless (SI),124,268,0.462686567164179
Championless (SI),Akshan/Varus (SH/RU),96,216,0.444444444444444
Akshan/Varus (SH/RU),Championless (SI),120,216,0.555555555555556
Championless (SI),Darius (FR/NX),9,28,0.321428571428571
Gwen/Vayne (DE/SI),Ashe/LeBlanc (FR/NX),9,28,0.321428571428571
Darius (FR/NX),Championless (SI),19,28,0.678571428571429
Ashe/LeBlanc (FR/NX),Gwen/Vayne (DE/SI),19,28,0.678571428571429
Ashe/LeBlanc (FR/NX),Darius/Gnar (FR/NX),49,95,0.515789473684211
Darius/Gnar (FR/NX),Ashe/LeBlanc (FR/NX),46,95,0.48421052631579
Kalista (SI),Gnar/Neeko (FR/RU),5,5,1
Rumble/Sion (BC/NX),Gangplank/Sejuani (BW/FR),5,5,1
Senna/Veigar (BC/SI),Leona/Yasuo (IO/MT),5,5,1
Maokai/Nautilus (BW/SI),Lillia/Ryze (IO/RU),5,5,1
Poppy/Riven (BC/NX),Jayce/Lux (DE/PZ),5,5,1
Senna/Veigar (BC/SI),Poppy/Tristana (BC/NX),5,5,1
Jayce/Lux (DE/PZ),Shyvana/Taric (DE/MT),5,5,1
Jayce/Lux (DE/PZ),Aphelios/Yasuo (IO/MT),5,5,1
Championless (PZ/SI),Maokai (BW/SI),5,5,1
Galio/Garen (DE/MT),Jayce/Lux (DE/PZ),5,5,1
Galio/Morgana (DE/MT),Jack/Sett (BW/IO),5,5,1
Aatrox (RU/BW),Morgana/Udyr (DE/FR),5,5,1
Akshan/Lee Sin (IO/SH),Akshan/Nasus (SI/SH),5,5,1
LeBlanc/Udyr (FR/NX),Riven/Viktor (NX/PZ),5,5,1
Akshan/Udyr (FR/SH),Jayce/Lux (DE/PZ),5,5,1
Championless (SI),Lux/Morgana (DE/MT),5,5,1
Gnar/Sejuani (BC/FR),Ashe/LeBlanc (FR/NX),5,5,1
LeBlanc/Sivir (NX/SH),Championless (IO/SI),5,5,1
Sion/Thresh (NX/SI),Championless (SI),5,5,1
Gnar/Neeko (FR/RU),Kalista (SI),0,5,0
Gangplank/Sejuani (BW/FR),Rumble/Sion (BC/NX),0,5,0
Leona/Yasuo (IO/MT),Senna/Veigar (BC/SI),0,5,0
Lillia/Ryze (IO/RU),Maokai/Nautilus (BW/SI),0,5,0
Jayce/Lux (DE/PZ),Poppy/Riven (BC/NX),0,5,0
Poppy/Tristana (BC/NX),Senna/Veigar (BC/SI),0,5,0
Shyvana/Taric (DE/MT),Jayce/Lux (DE/PZ),0,5,0
Aphelios/Yasuo (IO/MT),Jayce/Lux (DE/PZ),0,5,0
Maokai (BW/SI),Championless (PZ/SI),0,5,0
Jayce/Lux (DE/PZ),Galio/Garen (DE/MT),0,5,0
Jack/Sett (BW/IO),Galio/Morgana (DE/MT),0,5,0
Morgana/Udyr (DE/FR),Aatrox (RU/BW),0,5,0
Akshan/Nasus (SI/SH),Akshan/Lee Sin (IO/SH),0,5,0
Riven/Viktor (NX/PZ),LeBlanc/Udyr (FR/NX),0,5,0
Jayce/Lux (DE/PZ),Akshan/Udyr (FR/SH),0,5,0
Lux/Morgana (DE/MT),Championless (SI),0,5,0
Ashe/LeBlanc (FR/NX),Gnar/Sejuani (BC/FR),0,5,0
Championless (IO/SI),LeBlanc/Sivir (NX/SH),0,5,0
Championless (SI),Sion/Thresh (NX/SI),0,5,0
Gnar/Neeko (FR/RU),Maokai (BW/SI),3,4,0.75
Braum/Vladimir (FR/NX),Poppy/Riven (BC/NX),3,4,0.75
Jayce/Lux (DE/PZ),Lillia/Malphite (IO/MT),3,4,0.75
Garen/Morgana (DE/SI),Morgana/Udyr (DE/FR),3,4,0.75
Aatrox/Morgana (RU/DE),Kalista (SI),3,4,0.75
Ashe (FR/PZ),Gnar/Neeko (FR/RU),3,4,0.75
Janna (PZ/SI),LeBlanc/Sivir (NX/SH),3,4,0.75
Championless (SI),Braum/Udyr (FR/IO),3,4,0.75
Maokai/Nautilus (BW/SI),Aatrox/Morgana (RU/DE),3,4,0.75
Nasus/Senna (SI/SH),Lillia/Sett (BC/IO),3,4,0.75
Akshan/Morgana (DE/SH),Akshan/Lee Sin (IO/SH),3,4,0.75
Maokai/Nautilus (BW/SI),Leona/Yasuo (IO/MT),3,4,0.75
Jayce (PZ/SI),Akshan/Varus (SH/RU),3,4,0.75
Rumble/Sion (BC/NX),Aphelios/Viktor (MT/PZ),3,4,0.75
Gangplank/Gnar (BC/BW),Ashe/LeBlanc (FR/NX),3,4,0.75
LeBlanc/Rumble/Sion (IO/NX),Senna/Veigar (BC/SI),3,4,0.75
Jack/Sett (BW/IO),Sejuani/Swain (FR/NX),3,4,0.75
Senna/Veigar (BC/SI),Galio/Poppy (DE/FR),3,4,0.75
Aatrox (RU/BW),Jayce/Lux (DE/PZ),3,4,0.75
Morgana/Udyr (DE/FR),Leona/Malphite (IO/MT),3,4,0.75
Kalista (SI),Janna (BW/PZ),3,4,0.75
Aphelios/Viktor (MT/PZ),Championless (MT/SI),3,4,0.75
Gwen/Kalista (FR/SI),Championless (PZ/SI),3,4,0.75
Ashe (FR/PZ),Poppy/Riven (BC/NX),3,4,0.75
Jayce/Lux (DE/PZ),Gangplank/Gnar (BC/BW),3,4,0.75
Championless (SI),Poppy/Tristana (BC/SI),3,4,0.75
Kayle (BW/MT),Tahm Kench/Udyr (BW/FR),3,4,0.75
Darius/Gnar/LeBlanc (FR/NX),Senna/Veigar (BC/SI),3,4,0.75
Akshan/Lee Sin (IO/SH),Poppy/Taric (DE/MT),3,4,0.75
Championless (SI),Darius/Gnar/LeBlanc (FR/NX),3,4,0.75
Jayce/Lux (DE/PZ),Illaoi/Udyr (BW/FR),3,4,0.75
Gnar/Swain (BC/NX),Akshan/Varus (SH/RU),3,4,0.75
Lillia/Sett (BC/IO),Kalista (SI),3,4,0.75
Lee Sin/Viktor (IO/PZ),Senna (PZ/SI),3,4,0.75
Kalista/LeBlanc (NX/SI),Akshan/Lee Sin (IO/SH),3,4,0.75
Jayce/Lux (DE/PZ),Morgana/Taric (DE/MT),3,4,0.75
Championless (PZ/SI),Gnar/Nidalee (BC/SH),3,4,0.75
Morgana/Udyr (DE/FR),Morgana/Taric (DE/MT),3,4,0.75
Maokai (BW/SI),Gnar/Nidalee (BC/SH),3,4,0.75
Ashe/LeBlanc (FR/NX),Braum/Kayle (FR/MT),3,4,0.75
Ashe/Tahm Kench (BW/FR),Darius/Gnar (FR/NX),3,4,0.75
Senna/Veigar (BC/SI),Braum/Galio (DE/FR),3,4,0.75
Championless (SI/SH),Kayle (BW/MT),3,4,0.75
Championless (PZ/SI),Aphelios/Viktor (MT/PZ),3,4,0.75
Jayce/Lux (DE/PZ),Lillia/Udyr (FR/IO),3,4,0.75
Nasus/Thresh (SI/SH),Aphelios/Yasuo (IO/MT),3,4,0.75
Nasus/Thresh (SI/SH),Galio/Morgana (DE/MT),3,4,0.75
Akshan/Varus (SH/RU),Yasuo (IO/NX),3,4,0.75
Leona/Malphite (IO/MT),Championless (SI/SH),3,4,0.75
Poppy/Taric (DE/MT),Aatrox/Kayn (RU/RU),3,4,0.75
Lee Sin/Viktor (IO/PZ),Nasus/Senna (SI/SH),3,4,0.75
Gnar/Sejuani (FR/PZ),Nasus/Thresh (SI/SH),3,4,0.75
Gnar/Neeko (FR/RU),Rumble/Sion (BC/NX),3,4,0.75
Braum/Galio (DE/FR),Janna/Sett (IO/PZ),3,4,0.75
Ashe/Tahm Kench (BW/FR),Braum/Lillia (FR/IO),3,4,0.75
Championless (BC/SI),Braum/Vladimir (FR/NX),3,4,0.75
Garen (DE/SH),Maokai/Nautilus (BW/SI),3,4,0.75
Galio/Udyr (DE/FR),Leona (MT/SH),3,4,0.75
Akshan/Lee Sin (IO/SH),Akshan/Morgana (MT/SH),3,4,0.75
Ashe/Tahm Kench (BW/FR),Ashe (FR/PZ),3,4,0.75
Nidalee (BC/SH),Aphelios/Yasuo (IO/MT),3,4,0.75
Sett (IO/PZ),Akshan/Morgana (DE/SH),3,4,0.75
Lee Sin/Viktor (IO/PZ),Aphelios/Lee Sin (IO/MT),3,4,0.75
Jax/Ornn (FR/RU),Aphelios/Viktor (MT/PZ),3,4,0.75
Rumble/Sion (BC/NX),Poppy/Tristana (BC/DE),3,4,0.75
Shyvana (DE/MT),Janna/Sett (IO/PZ),3,4,0.75
Darius (FR/NX),Maokai/Nautilus (BW/SI),3,4,0.75
LeBlanc/Sivir (NX/SH),Gnar/Neeko (FR/RU),3,4,0.75
Kalista (SI),Gwen/Vayne (DE/SI),3,4,0.75
Darius/Gnar (FR/NX),Maokai (BW/SI),3,4,0.75
Akshan/Sivir (NX/SH),Senna (PZ/SI),3,4,0.75
Ashe/Caitlyn (FR/PZ),LeBlanc/Sivir (NX/SH),3,4,0.75
Gnar/Nidalee (BC/SH),Gwen/Vi (PZ/SI),3,4,0.75
Braum/Lillia (FR/IO),Akshan/Morgana (DE/SH),3,4,0.75
Aphelios/Lee Sin (IO/MT),Jax/Ornn (FR/RU),3,4,0.75
Championless (SI),Gnar (DE/FR),3,4,0.75
Kayle/Leona (MT/NX),Braum/Lillia (FR/IO),3,4,0.75
Nidalee (BC/SH),Kalista (MT/SI),3,4,0.75
Janna/Sett (IO/PZ),Akshan/Nasus (SI/SH),3,4,0.75
Gwen (NX/SI),Kayle (BW/MT),3,4,0.75
Akshan/Varus (SH/RU),Akshan/Renekton (SH),3,4,0.75
Braum/Vladimir (FR/NX),Akshan/Riven (NX/SH),3,4,0.75
Kalista (MT/SI),Lee Sin/Viktor (IO/PZ),3,4,0.75
Akshan/Varus (SH/RU),Gnar/Sejuani (BC/FR),3,4,0.75
Galio/Morgana (DE/MT),Braum/Vladimir (FR/NX),3,4,0.75
Gnar/Sejuani (BC/FR),Gwen/Vayne (DE/SI),3,4,0.75
Senna/Veigar (BC/SI),Caitlyn/Swain (NX/PZ),3,4,0.75
Aphelios/Viktor (MT/PZ),Lillia/Udyr (FR/IO),3,4,0.75
Ashe/LeBlanc (FR/NX),Riven/Rumble (BC/NX),3,4,0.75
Riven/Rumble (BC/NX),Akshan/Varus (SH/RU),3,4,0.75
Darius/Gnar (FR/NX),Gnar/Tristana (BC/NX),3,4,0.75
Aphelios/Viktor (MT/PZ),Galio/Morgana (DE/MT),3,4,0.75
Kayle/Lillia (IO/MT),Senna/Veigar (BC/SI),3,4,0.75
Lee Sin/Udyr (FR/IO),Darius/Gnar (FR/NX),3,4,0.75
Championless (SI),Sett/Udyr (FR/IO),3,4,0.75
Championless (SI),Lulu/Taric (IO/MT),3,4,0.75
Gangplank/Sejuani (BW/FR),Caitlyn/Swain (NX/PZ),3,4,0.75
LeBlanc/Riven (FR/NX),Jayce/Lux (DE/PZ),3,4,0.75
Championless (SI),LeBlanc/Riven (FR/NX),3,4,0.75
Senna/Veigar (BC/SI),Darius/Gwen (NX/SI),3,4,0.75
Janna/Senna (PZ/SI),Nasus/Thresh (SI/SH),3,4,0.75
Ashe/LeBlanc (FR/NX),Leona/Sivir (MT/SH),3,4,0.75
Kayle (BW/MT),Gwen/Kayle (MT/SI),3,4,0.75
LeBlanc/Sivir (NX/SH),Sett (IO/PZ),3,4,0.75
Senna/Veigar (BC/SI),Aatrox (RU/BW),3,4,0.75
Aatrox/Kayn (RU/RU),Kayle/Lillia (IO/MT),3,4,0.75
Gangplank/Swain (BW/NX),Kayle (BW/MT),3,4,0.75
Lillia (FR/IO),Lee Sin/Viktor (IO/PZ),3,4,0.75
Championless (SI),Aphelios/Sett (IO/MT),3,4,0.75
Caitlyn/Swain (NX/PZ),Aphelios/Viktor (MT/PZ),3,4,0.75
Senna/Veigar (BC/SI),Lillia/Malphite (IO/MT),3,4,0.75
Riven/Viktor (NX/PZ),Gwen/Vayne (DE/SI),3,4,0.75
Championless (PZ/SI),Championless (MT/SI),3,4,0.75
Ashe (FR/PZ),Kayle/Leona (MT/NX),3,4,0.75
Ashe/LeBlanc (FR/NX),Garen (DE/SH),3,4,0.75
Kayle (BW/MT),Gangplank/Nidalee (BW/SH),3,4,0.75
Sejuani/Swain (FR/NX),Jayce/Lux (DE/PZ),3,4,0.75
Akshan/Varus (SH/RU),Poppy/Taric (DE/MT),3,4,0.75
Riven/Viktor (NX/PZ),Ryze (IO/RU),3,4,0.75
Janna/Sett (IO/PZ),Senna (PZ/SI),3,4,0.75
Rumble/Sion (BC/NX),Senna (PZ/SI),3,4,0.75
Riven/Viktor (NX/PZ),Akshan/Udyr (FR/SH),3,4,0.75
Morgana/Udyr (DE/FR),Lillia (FR/IO),3,4,0.75
LeBlanc/Sivir (NX/SH),Janna/Sett (IO/PZ),3,4,0.75
Akshan/Varus (SH/RU),Caitlyn/Swain (NX/PZ),3,4,0.75
Rumble/Sion (BC/NX),Jax/Ornn (FR/RU),3,4,0.75
Darius/Gnar (FR/NX),Lee Sin/Riven (IO/NX),3,4,0.75
Ashe/LeBlanc (FR/NX),Gwen (NX/SI),3,4,0.75
LeBlanc/Sivir (NX/SH),Gwen/Vayne (DE/SI),3,4,0.75
Lillia/Sett (BC/IO),Nasus/Renekton (SH),3,4,0.75
Senna/Veigar (BC/SI),Akshan/Nidalee (FR/SH),3,4,0.75
Braum/Vladimir (FR/NX),Akshan/Morgana (MT/SH),3,4,0.75
Janna/Sett (IO/PZ),Akshan/Morgana (MT/SH),3,4,0.75
Kalista (MT/SI),Morgana/Udyr (DE/FR),3,4,0.75
Gangplank/Sejuani (BW/FR),Gwen/LeBlanc (NX/SI),3,4,0.75
Sett/Viktor (IO/PZ),Ashe/LeBlanc (FR/NX),3,4,0.75
Maokai/Nautilus (BW/SI),Kayn/Ornn (FR/RU),3,4,0.75
Lillia/Sett (BC/IO),Braum/Vladimir (FR/NX),3,4,0.75
Senna (PZ/SI),Shyvana (DE/MT),3,4,0.75
Illaoi/Vayne (BW/DE),Jayce/Lux (DE/PZ),3,4,0.75
Ashe (FR/PZ),Shen/Sivir (IO/SH),3,4,0.75
Garen/Poppy (DE),Championless (SI),3,4,0.75
Akshan/Varus (SH/RU),Akshan/Sivir (DE/SH),3,4,0.75
Jack/Sett (BW/IO),Aphelios/Viktor (MT/PZ),3,4,0.75
Neeko/Poppy (DE/RU),Lillia/Sett (BC/IO),3,4,0.75
Championless (SI),Leona/Yasuo (IO/MT),3,4,0.75
Championless (SI),Illaoi/Vayne (BW/DE),3,4,0.75
Nasus (SI/SH),Lillia/Sett (BC/IO),3,4,0.75
Ashe (FR/PZ),Lee Sin/Riven (IO/NX),3,4,0.75
Senna/Veigar (PZ/SI),Garen/Shen (DE/IO),3,4,0.75
Kai'Sa/Viktor (PZ/SH),Akshan/Varus (SH/RU),3,4,0.75
Kalista (SI),Janna/Senna (PZ/SI),3,4,0.75
Ashe (FR/PZ),Caitlyn (FR/PZ),3,4,0.75
Akshan/Nidalee (BC/SH),Senna/Veigar (BC/SI),3,4,0.75
Akshan/Nidalee (BC/SH),Darius/Gnar (FR/NX),3,4,0.75
Maokai/Nautilus (BW/SI),Akshan/Nidalee (BC/SH),3,4,0.75
Championless (SI),Vayne/Vi (DE/PZ),3,4,0.75
Garen (DE/SH),LeBlanc/Sivir (NX/SH),3,4,0.75
Riven/Viktor (NX/PZ),Morgana/Riven (MT/NX),3,4,0.75
Nasus/Senna (SI/SH),Garen/Shyvana (DE/MT),3,4,0.75
Gwen/Sejuani (FR/SI),Nidalee (BC/SH),3,4,0.75
Nasus/Senna (SI/SH),Akshan/Lee Sin (IO/SH),3,4,0.75
Neeko/Poppy (DE/RU),Riven/Viktor (NX/PZ),3,4,0.75
Championless (SI),Braum/Kayle/Morgana (FR/MT),3,4,0.75
Nasus/Thresh (SI/SH),Senna/Veigar (PZ/SI),3,4,0.75
Akshan/Nasus/Renekton (SH),Senna/Veigar (BC/SI),3,4,0.75
Akshan/Nidalee/Sivir (DE/SH),Janna/Senna (PZ/SI),3,4,0.75
Ashe/LeBlanc (FR/NX),Akshan/Nidalee (FR/SH),3,4,0.75
Maokai/Nautilus (BW/SI),Akshan/Nidalee (FR/SH),3,4,0.75
Gwen/Kalista (SI),Braum/Lillia (FR/IO),3,4,0.75
Gwen/Kalista (SI),Championless (SI),3,4,0.75
Maokai/Nautilus (BW/SI),Darius/Gnar/LeBlanc (FR/NX),3,4,0.75
Darius/Gnar (FR/NX),Janna/Viktor (PZ/SI),3,4,0.75
Maokai (BW/SI),Gnar/Neeko (FR/RU),1,4,0.25
Poppy/Riven (BC/NX),Braum/Vladimir (FR/NX),1,4,0.25
Lillia/Malphite (IO/MT),Jayce/Lux (DE/PZ),1,4,0.25
Morgana/Udyr (DE/FR),Garen/Morgana (DE/SI),1,4,0.25
Kalista (SI),Aatrox/Morgana (RU/DE),1,4,0.25
Gnar/Neeko (FR/RU),Ashe (FR/PZ),1,4,0.25
LeBlanc/Sivir (NX/SH),Janna (PZ/SI),1,4,0.25
Braum/Udyr (FR/IO),Championless (SI),1,4,0.25
Aatrox/Morgana (RU/DE),Maokai/Nautilus (BW/SI),1,4,0.25
Lillia/Sett (BC/IO),Nasus/Senna (SI/SH),1,4,0.25
Akshan/Lee Sin (IO/SH),Akshan/Morgana (DE/SH),1,4,0.25
Leona/Yasuo (IO/MT),Maokai/Nautilus (BW/SI),1,4,0.25
Akshan/Varus (SH/RU),Jayce (PZ/SI),1,4,0.25
Aphelios/Viktor (MT/PZ),Rumble/Sion (BC/NX),1,4,0.25
Ashe/LeBlanc (FR/NX),Gangplank/Gnar (BC/BW),1,4,0.25
Senna/Veigar (BC/SI),LeBlanc/Rumble/Sion (IO/NX),1,4,0.25
Sejuani/Swain (FR/NX),Jack/Sett (BW/IO),1,4,0.25
Galio/Poppy (DE/FR),Senna/Veigar (BC/SI),1,4,0.25
Jayce/Lux (DE/PZ),Aatrox (RU/BW),1,4,0.25
Leona/Malphite (IO/MT),Morgana/Udyr (DE/FR),1,4,0.25
Janna (BW/PZ),Kalista (SI),1,4,0.25
Championless (MT/SI),Aphelios/Viktor (MT/PZ),1,4,0.25
Championless (PZ/SI),Gwen/Kalista (FR/SI),1,4,0.25
Poppy/Riven (BC/NX),Ashe (FR/PZ),1,4,0.25
Gangplank/Gnar (BC/BW),Jayce/Lux (DE/PZ),1,4,0.25
Poppy/Tristana (BC/SI),Championless (SI),1,4,0.25
Tahm Kench/Udyr (BW/FR),Kayle (BW/MT),1,4,0.25
Senna/Veigar (BC/SI),Darius/Gnar/LeBlanc (FR/NX),1,4,0.25
Poppy/Taric (DE/MT),Akshan/Lee Sin (IO/SH),1,4,0.25
Darius/Gnar/LeBlanc (FR/NX),Championless (SI),1,4,0.25
Illaoi/Udyr (BW/FR),Jayce/Lux (DE/PZ),1,4,0.25
Akshan/Varus (SH/RU),Gnar/Swain (BC/NX),1,4,0.25
Kalista (SI),Lillia/Sett (BC/IO),1,4,0.25
Senna (PZ/SI),Lee Sin/Viktor (IO/PZ),1,4,0.25
Akshan/Lee Sin (IO/SH),Kalista/LeBlanc (NX/SI),1,4,0.25
Morgana/Taric (DE/MT),Jayce/Lux (DE/PZ),1,4,0.25
Gnar/Nidalee (BC/SH),Championless (PZ/SI),1,4,0.25
Morgana/Taric (DE/MT),Morgana/Udyr (DE/FR),1,4,0.25
Gnar/Nidalee (BC/SH),Maokai (BW/SI),1,4,0.25
Braum/Kayle (FR/MT),Ashe/LeBlanc (FR/NX),1,4,0.25
Darius/Gnar (FR/NX),Ashe/Tahm Kench (BW/FR),1,4,0.25
Braum/Galio (DE/FR),Senna/Veigar (BC/SI),1,4,0.25
Kayle (BW/MT),Championless (SI/SH),1,4,0.25
Aphelios/Viktor (MT/PZ),Championless (PZ/SI),1,4,0.25
Lillia/Udyr (FR/IO),Jayce/Lux (DE/PZ),1,4,0.25
Aphelios/Yasuo (IO/MT),Nasus/Thresh (SI/SH),1,4,0.25
Galio/Morgana (DE/MT),Nasus/Thresh (SI/SH),1,4,0.25
Yasuo (IO/NX),Akshan/Varus (SH/RU),1,4,0.25
Championless (SI/SH),Leona/Malphite (IO/MT),1,4,0.25
Aatrox/Kayn (RU/RU),Poppy/Taric (DE/MT),1,4,0.25
Nasus/Senna (SI/SH),Lee Sin/Viktor (IO/PZ),1,4,0.25
Nasus/Thresh (SI/SH),Gnar/Sejuani (FR/PZ),1,4,0.25
Rumble/Sion (BC/NX),Gnar/Neeko (FR/RU),1,4,0.25
Janna/Sett (IO/PZ),Braum/Galio (DE/FR),1,4,0.25
Braum/Lillia (FR/IO),Ashe/Tahm Kench (BW/FR),1,4,0.25
Braum/Vladimir (FR/NX),Championless (BC/SI),1,4,0.25
Maokai/Nautilus (BW/SI),Garen (DE/SH),1,4,0.25
Leona (MT/SH),Galio/Udyr (DE/FR),1,4,0.25
Akshan/Morgana (MT/SH),Akshan/Lee Sin (IO/SH),1,4,0.25
Ashe (FR/PZ),Ashe/Tahm Kench (BW/FR),1,4,0.25
Aphelios/Yasuo (IO/MT),Nidalee (BC/SH),1,4,0.25
Akshan/Morgana (DE/SH),Sett (IO/PZ),1,4,0.25
Aphelios/Lee Sin (IO/MT),Lee Sin/Viktor (IO/PZ),1,4,0.25
Aphelios/Viktor (MT/PZ),Jax/Ornn (FR/RU),1,4,0.25
Poppy/Tristana (BC/DE),Rumble/Sion (BC/NX),1,4,0.25
Janna/Sett (IO/PZ),Shyvana (DE/MT),1,4,0.25
Maokai/Nautilus (BW/SI),Darius (FR/NX),1,4,0.25
Gnar/Neeko (FR/RU),LeBlanc/Sivir (NX/SH),1,4,0.25
Gwen/Vayne (DE/SI),Kalista (SI),1,4,0.25
Maokai (BW/SI),Darius/Gnar (FR/NX),1,4,0.25
Senna (PZ/SI),Akshan/Sivir (NX/SH),1,4,0.25
LeBlanc/Sivir (NX/SH),Ashe/Caitlyn (FR/PZ),1,4,0.25
Gwen/Vi (PZ/SI),Gnar/Nidalee (BC/SH),1,4,0.25
Akshan/Morgana (DE/SH),Braum/Lillia (FR/IO),1,4,0.25
Jax/Ornn (FR/RU),Aphelios/Lee Sin (IO/MT),1,4,0.25
Gnar (DE/FR),Championless (SI),1,4,0.25
Braum/Lillia (FR/IO),Kayle/Leona (MT/NX),1,4,0.25
Kalista (MT/SI),Nidalee (BC/SH),1,4,0.25
Akshan/Nasus (SI/SH),Janna/Sett (IO/PZ),1,4,0.25
Kayle (BW/MT),Gwen (NX/SI),1,4,0.25
Akshan/Renekton (SH),Akshan/Varus (SH/RU),1,4,0.25
Akshan/Riven (NX/SH),Braum/Vladimir (FR/NX),1,4,0.25
Lee Sin/Viktor (IO/PZ),Kalista (MT/SI),1,4,0.25
Gnar/Sejuani (BC/FR),Akshan/Varus (SH/RU),1,4,0.25
Braum/Vladimir (FR/NX),Galio/Morgana (DE/MT),1,4,0.25
Gwen/Vayne (DE/SI),Gnar/Sejuani (BC/FR),1,4,0.25
Caitlyn/Swain (NX/PZ),Senna/Veigar (BC/SI),1,4,0.25
Lillia/Udyr (FR/IO),Aphelios/Viktor (MT/PZ),1,4,0.25
Riven/Rumble (BC/NX),Ashe/LeBlanc (FR/NX),1,4,0.25
Akshan/Varus (SH/RU),Riven/Rumble (BC/NX),1,4,0.25
Gnar/Tristana (BC/NX),Darius/Gnar (FR/NX),1,4,0.25
Galio/Morgana (DE/MT),Aphelios/Viktor (MT/PZ),1,4,0.25
Senna/Veigar (BC/SI),Kayle/Lillia (IO/MT),1,4,0.25
Darius/Gnar (FR/NX),Lee Sin/Udyr (FR/IO),1,4,0.25
Sett/Udyr (FR/IO),Championless (SI),1,4,0.25
Lulu/Taric (IO/MT),Championless (SI),1,4,0.25
Caitlyn/Swain (NX/PZ),Gangplank/Sejuani (BW/FR),1,4,0.25
Jayce/Lux (DE/PZ),LeBlanc/Riven (FR/NX),1,4,0.25
LeBlanc/Riven (FR/NX),Championless (SI),1,4,0.25
Darius/Gwen (NX/SI),Senna/Veigar (BC/SI),1,4,0.25
Nasus/Thresh (SI/SH),Janna/Senna (PZ/SI),1,4,0.25
Leona/Sivir (MT/SH),Ashe/LeBlanc (FR/NX),1,4,0.25
Gwen/Kayle (MT/SI),Kayle (BW/MT),1,4,0.25
Sett (IO/PZ),LeBlanc/Sivir (NX/SH),1,4,0.25
Aatrox (RU/BW),Senna/Veigar (BC/SI),1,4,0.25
Kayle/Lillia (IO/MT),Aatrox/Kayn (RU/RU),1,4,0.25
Kayle (BW/MT),Gangplank/Swain (BW/NX),1,4,0.25
Lee Sin/Viktor (IO/PZ),Lillia (FR/IO),1,4,0.25
Aphelios/Sett (IO/MT),Championless (SI),1,4,0.25
Aphelios/Viktor (MT/PZ),Caitlyn/Swain (NX/PZ),1,4,0.25
Lillia/Malphite (IO/MT),Senna/Veigar (BC/SI),1,4,0.25
Gwen/Vayne (DE/SI),Riven/Viktor (NX/PZ),1,4,0.25
Championless (MT/SI),Championless (PZ/SI),1,4,0.25
Kayle/Leona (MT/NX),Ashe (FR/PZ),1,4,0.25
Garen (DE/SH),Ashe/LeBlanc (FR/NX),1,4,0.25
Gangplank/Nidalee (BW/SH),Kayle (BW/MT),1,4,0.25
Jayce/Lux (DE/PZ),Sejuani/Swain (FR/NX),1,4,0.25
Poppy/Taric (DE/MT),Akshan/Varus (SH/RU),1,4,0.25
Ryze (IO/RU),Riven/Viktor (NX/PZ),1,4,0.25
Senna (PZ/SI),Janna/Sett (IO/PZ),1,4,0.25
Senna (PZ/SI),Rumble/Sion (BC/NX),1,4,0.25
Akshan/Udyr (FR/SH),Riven/Viktor (NX/PZ),1,4,0.25
Lillia (FR/IO),Morgana/Udyr (DE/FR),1,4,0.25
Janna/Sett (IO/PZ),LeBlanc/Sivir (NX/SH),1,4,0.25
Caitlyn/Swain (NX/PZ),Akshan/Varus (SH/RU),1,4,0.25
Jax/Ornn (FR/RU),Rumble/Sion (BC/NX),1,4,0.25
Lee Sin/Riven (IO/NX),Darius/Gnar (FR/NX),1,4,0.25
Gwen (NX/SI),Ashe/LeBlanc (FR/NX),1,4,0.25
Gwen/Vayne (DE/SI),LeBlanc/Sivir (NX/SH),1,4,0.25
Nasus/Renekton (SH),Lillia/Sett (BC/IO),1,4,0.25
Akshan/Nidalee (FR/SH),Senna/Veigar (BC/SI),1,4,0.25
Akshan/Morgana (MT/SH),Braum/Vladimir (FR/NX),1,4,0.25
Akshan/Morgana (MT/SH),Janna/Sett (IO/PZ),1,4,0.25
Morgana/Udyr (DE/FR),Kalista (MT/SI),1,4,0.25
Gwen/LeBlanc (NX/SI),Gangplank/Sejuani (BW/FR),1,4,0.25
Ashe/LeBlanc (FR/NX),Sett/Viktor (IO/PZ),1,4,0.25
Kayn/Ornn (FR/RU),Maokai/Nautilus (BW/SI),1,4,0.25
Braum/Vladimir (FR/NX),Lillia/Sett (BC/IO),1,4,0.25
Shyvana (DE/MT),Senna (PZ/SI),1,4,0.25
Jayce/Lux (DE/PZ),Illaoi/Vayne (BW/DE),1,4,0.25
Shen/Sivir (IO/SH),Ashe (FR/PZ),1,4,0.25
Championless (SI),Garen/Poppy (DE),1,4,0.25
Akshan/Sivir (DE/SH),Akshan/Varus (SH/RU),1,4,0.25
Aphelios/Viktor (MT/PZ),Jack/Sett (BW/IO),1,4,0.25
Lillia/Sett (BC/IO),Neeko/Poppy (DE/RU),1,4,0.25
Leona/Yasuo (IO/MT),Championless (SI),1,4,0.25
Illaoi/Vayne (BW/DE),Championless (SI),1,4,0.25
Lillia/Sett (BC/IO),Nasus (SI/SH),1,4,0.25
Lee Sin/Riven (IO/NX),Ashe (FR/PZ),1,4,0.25
Garen/Shen (DE/IO),Senna/Veigar (PZ/SI),1,4,0.25
Akshan/Varus (SH/RU),Kai'Sa/Viktor (PZ/SH),1,4,0.25
Janna/Senna (PZ/SI),Kalista (SI),1,4,0.25
Caitlyn (FR/PZ),Ashe (FR/PZ),1,4,0.25
Senna/Veigar (BC/SI),Akshan/Nidalee (BC/SH),1,4,0.25
Darius/Gnar (FR/NX),Akshan/Nidalee (BC/SH),1,4,0.25
Akshan/Nidalee (BC/SH),Maokai/Nautilus (BW/SI),1,4,0.25
Vayne/Vi (DE/PZ),Championless (SI),1,4,0.25
LeBlanc/Sivir (NX/SH),Garen (DE/SH),1,4,0.25
Morgana/Riven (MT/NX),Riven/Viktor (NX/PZ),1,4,0.25
Garen/Shyvana (DE/MT),Nasus/Senna (SI/SH),1,4,0.25
Nidalee (BC/SH),Gwen/Sejuani (FR/SI),1,4,0.25
Akshan/Lee Sin (IO/SH),Nasus/Senna (SI/SH),1,4,0.25
Riven/Viktor (NX/PZ),Neeko/Poppy (DE/RU),1,4,0.25
Braum/Kayle/Morgana (FR/MT),Championless (SI),1,4,0.25
Senna/Veigar (PZ/SI),Nasus/Thresh (SI/SH),1,4,0.25
Senna/Veigar (BC/SI),Akshan/Nasus/Renekton (SH),1,4,0.25
Janna/Senna (PZ/SI),Akshan/Nidalee/Sivir (DE/SH),1,4,0.25
Akshan/Nidalee (FR/SH),Ashe/LeBlanc (FR/NX),1,4,0.25
Akshan/Nidalee (FR/SH),Maokai/Nautilus (BW/SI),1,4,0.25
Braum/Lillia (FR/IO),Gwen/Kalista (SI),1,4,0.25
Championless (SI),Gwen/Kalista (SI),1,4,0.25
Darius/Gnar/LeBlanc (FR/NX),Maokai/Nautilus (BW/SI),1,4,0.25
Janna/Viktor (PZ/SI),Darius/Gnar (FR/NX),1,4,0.25
Kayle (BW/MT),Gnar/Neeko (FR/RU),4,10,0.4
Gnar/Nidalee (BC/SH),Riven/Viktor (NX/PZ),4,10,0.4
Championless (SI/SH),Ashe/LeBlanc (FR/NX),4,10,0.4
Lee Sin/Viktor (IO/PZ),Nasus/Renekton (SH),4,10,0.4
Morgana/Udyr (DE/FR),Championless (PZ/SI),4,10,0.4
Kai'Sa/Viktor (PZ/SH),Championless (SI),4,10,0.4
Championless (PZ/SI),LeBlanc/Sivir (NX/SH),4,10,0.4
Shen/Sivir (IO/SH),Lee Sin/Viktor (IO/PZ),4,10,0.4
Braum/Vladimir (FR/NX),Gnar/Nidalee (BC/SH),4,10,0.4
Lee Sin/Viktor (IO/PZ),Gangplank/Sejuani (BW/FR),4,10,0.4
Lillia/Sett (BC/IO),Senna/Veigar (BC/SI),4,10,0.4
Jack/Sett (BW/IO),Galio/Udyr (DE/FR),4,10,0.4
Championless (SI),Akshan/Riven (NX/SH),4,10,0.4
Riven/Rumble (BC/NX),Championless (SI),4,10,0.4
Janna/Sett (IO/PZ),Championless (MT/SI),4,10,0.4
Illaoi/Swain (BW/NX),Maokai/Nautilus (BW/SI),4,10,0.4
Rumble/Sion (BC/NX),LeBlanc/Sivir (NX/SH),4,10,0.4
LeBlanc/Sivir (NX/SH),Senna/Veigar (PZ/SI),4,10,0.4
Gnar/Neeko (FR/RU),Kayle (BW/MT),6,10,0.6
Riven/Viktor (NX/PZ),Gnar/Nidalee (BC/SH),6,10,0.6
Ashe/LeBlanc (FR/NX),Championless (SI/SH),6,10,0.6
Nasus/Renekton (SH),Lee Sin/Viktor (IO/PZ),6,10,0.6
Championless (PZ/SI),Morgana/Udyr (DE/FR),6,10,0.6
Championless (SI),Kai'Sa/Viktor (PZ/SH),6,10,0.6
LeBlanc/Sivir (NX/SH),Championless (PZ/SI),6,10,0.6
Lee Sin/Viktor (IO/PZ),Shen/Sivir (IO/SH),6,10,0.6
Gnar/Nidalee (BC/SH),Braum/Vladimir (FR/NX),6,10,0.6
Gangplank/Sejuani (BW/FR),Lee Sin/Viktor (IO/PZ),6,10,0.6
Senna/Veigar (BC/SI),Lillia/Sett (BC/IO),6,10,0.6
Galio/Udyr (DE/FR),Jack/Sett (BW/IO),6,10,0.6
Akshan/Riven (NX/SH),Championless (SI),6,10,0.6
Championless (SI),Riven/Rumble (BC/NX),6,10,0.6
Championless (MT/SI),Janna/Sett (IO/PZ),6,10,0.6
Maokai/Nautilus (BW/SI),Illaoi/Swain (BW/NX),6,10,0.6
LeBlanc/Sivir (NX/SH),Rumble/Sion (BC/NX),6,10,0.6
Senna/Veigar (PZ/SI),LeBlanc/Sivir (NX/SH),6,10,0.6
Gnar/Neeko (FR/RU),Morgana/Udyr (DE/FR),4,5,0.8
Gnar/Neeko (FR/RU),Lee Sin/Viktor (IO/PZ),4,5,0.8
Kai'Sa/Sivir (DE/SH),Senna/Veigar (BC/SI),4,5,0.8
Morgana/Udyr (DE/FR),Kai'Sa/Sivir (DE/SH),4,5,0.8
Braum/Vladimir (FR/NX),Darius/LeBlanc (FR/NX),4,5,0.8
Aphelios/Lee Sin (IO/MT),Akshan/Lee Sin (IO/SH),4,5,0.8
Senna/Veigar (BC/SI),Kayle/Morgana (DE/MT),4,5,0.8
Morgana/Udyr (DE/FR),Gwen/Kalista (NX/SI),4,5,0.8
Akshan/Lee Sin (IO/SH),Rumble/Vayne (DE/NX),4,5,0.8
Poppy/Taric (DE/MT),Braum/Lillia (FR/IO),4,5,0.8
Akshan/Lee Sin (IO/SH),Gwen/Kalista (FR/SI),4,5,0.8
Ashe/LeBlanc (FR/NX),Tahm Kench/Udyr (BW/FR),4,5,0.8
Morgana/Udyr (DE/FR),Janna (PZ/SI),4,5,0.8
Championless (SI),Gnar/Swain (BC/NX),4,5,0.8
Kalista/LeBlanc (NX/SI),Ashe/LeBlanc (FR/NX),4,5,0.8
Championless (SI),Tahm Kench/Udyr (BW/FR),4,5,0.8
Darius (FR/NX),Morgana/Taric (DE/MT),4,5,0.8
Jayce/Lux (DE/PZ),LeBlanc (FR/NX),4,5,0.8
Nasus/Thresh (SI/SH),Ashe/Tahm Kench (BW/FR),4,5,0.8
Darius/LeBlanc (FR/NX),Aatrox/Kayn (RU/RU),4,5,0.8
Neeko/Poppy (BC/RU),Senna/Veigar (BC/SI),4,5,0.8
Swain/Vladimir (BW/NX),Ashe/LeBlanc (FR/NX),4,5,0.8
Maokai/Nautilus (BW/SI),Ryze (IO/RU),4,5,0.8
Kayle (BW/MT),Leona/Yasuo (IO/MT),4,5,0.8
Gnar/Sejuani (FR/PZ),Jayce/Lux (DE/PZ),4,5,0.8
Kalista (SI),Gnar/Sejuani (FR/PZ),4,5,0.8
Aatrox/Varus (RU/RU),Nasus/Thresh (SI/SH),4,5,0.8
Akshan/Lee Sin (IO/SH),Sett (IO/SI),4,5,0.8
Neeko/Poppy (BC/RU),Maokai/Nautilus (BW/SI),4,5,0.8
Akshan/Morgana (DE/SH),Kayle (BW/MT),4,5,0.8
Nidalee (BC/SH),Shyvana (DE/MT),4,5,0.8
Jack/Sett (BW/IO),Gnar/Nidalee (BC/SH),4,5,0.8
Championless (SI),Poppy/Tristana (BC/NX),4,5,0.8
Janna/Sett (IO/PZ),Jax/Ornn (FR/RU),4,5,0.8
Akshan/Shyvana (DE/SH),Championless (SI),4,5,0.8
Aphelios/Lee Sin (IO/MT),Maokai/Nautilus (BW/SI),4,5,0.8
Poppy/Taric (DE/MT),Senna/Veigar (BC/SI),4,5,0.8
Championless (MT/SI),Jack/Sett (BW/IO),4,5,0.8
Kayle (BW/MT),Lillia (FR/IO),4,5,0.8
Riven/Viktor (NX/PZ),Senna (PZ/SI),4,5,0.8
Sett (IO/PZ),Gwen/Vayne (DE/SI),4,5,0.8
Akshan/Varus (SH/RU),Udyr/Vayne (DE/FR),4,5,0.8
Darius/Lulu (IO/NX),Kayle (BW/MT),4,5,0.8
Janna/Sett (IO/PZ),Aphelios/Viktor (MT/PZ),4,5,0.8
Ashe/LeBlanc (FR/NX),Ryze (IO/RU),4,5,0.8
Gwen/Riven (NX/SI),Senna/Veigar (BC/SI),4,5,0.8
Braum/Lillia (FR/IO),Janna/Senna (PZ/SI),4,5,0.8
Braum/Lillia (FR/IO),Nasus/Senna (SI/SH),4,5,0.8
Neeko/Poppy (DE/RU),Janna/Sett (IO/PZ),4,5,0.8
Gwen/Vayne (DE/SI),Illaoi/Swain (BW/NX),4,5,0.8
Ashe (FR/PZ),Malphite/Yasuo (IO/MT),4,5,0.8
Braum/Lillia (FR/IO),Caitlyn/Swain (NX/PZ),4,5,0.8
Maokai/Nautilus (BW/SI),Lillia (FR/IO),4,5,0.8
Lillia/Sett (BC/IO),Riven/Viktor (NX/PZ),4,5,0.8
Braum/Lillia (FR/IO),Janna (PZ/SI),4,5,0.8
Janna/Senna (PZ/SI),Maokai/Nautilus (BW/SI),4,5,0.8
Gnar/Sejuani (BC/FR),Jayce/Lux (DE/PZ),4,5,0.8
LeBlanc/Udyr (FR/NX),Braum/Lillia (FR/IO),4,5,0.8
Galio/Morgana (DE/FR),Janna/Sett (IO/PZ),4,5,0.8
Janna/Sett (IO/PZ),LeBlanc/Udyr (FR/NX),4,5,0.8
Championless (MT/SI),Braum/Lillia (FR/IO),4,5,0.8
LeBlanc/Sivir (NX/SH),Nasus (SI/SH),4,5,0.8
Akshan/Nidalee (FR/SH),Championless (SI),4,5,0.8
Neeko/Poppy (BC/RU),Riven/Viktor (NX/PZ),4,5,0.8
Championless (SI),Janna/Viktor (IO/PZ),4,5,0.8
Senna/Veigar (BC/SI),Galio/Morgana (DE/FR),4,5,0.8
Rumble/Sion (BC/NX),Senna/Veigar (PZ/SI),4,5,0.8
Championless (SI),Janna/Malphite (MT/PZ),4,5,0.8
Kayle (BW/MT),Lulu/Shen (IO/MT),4,5,0.8
Jayce/Lux (DE/PZ),Caitlyn (FR/PZ),4,5,0.8
Ashe (FR/PZ),Janna (PZ/SH),4,5,0.8
Championless (SI),Braum/Swain/Udyr (FR/NX),4,5,0.8
Neeko/Poppy (DE/RU),Akshan/Nidalee (FR/SH),4,5,0.8
Championless (SI),Swain/Udyr (FR/NX),4,5,0.8
Morgana/Udyr (DE/FR),Gnar/Neeko (FR/RU),1,5,0.2
Lee Sin/Viktor (IO/PZ),Gnar/Neeko (FR/RU),1,5,0.2
Senna/Veigar (BC/SI),Kai'Sa/Sivir (DE/SH),1,5,0.2
Kai'Sa/Sivir (DE/SH),Morgana/Udyr (DE/FR),1,5,0.2
Darius/LeBlanc (FR/NX),Braum/Vladimir (FR/NX),1,5,0.2
Akshan/Lee Sin (IO/SH),Aphelios/Lee Sin (IO/MT),1,5,0.2
Kayle/Morgana (DE/MT),Senna/Veigar (BC/SI),1,5,0.2
Gwen/Kalista (NX/SI),Morgana/Udyr (DE/FR),1,5,0.2
Rumble/Vayne (DE/NX),Akshan/Lee Sin (IO/SH),1,5,0.2
Braum/Lillia (FR/IO),Poppy/Taric (DE/MT),1,5,0.2
Gwen/Kalista (FR/SI),Akshan/Lee Sin (IO/SH),1,5,0.2
Tahm Kench/Udyr (BW/FR),Ashe/LeBlanc (FR/NX),1,5,0.2
Janna (PZ/SI),Morgana/Udyr (DE/FR),1,5,0.2
Gnar/Swain (BC/NX),Championless (SI),1,5,0.2
Ashe/LeBlanc (FR/NX),Kalista/LeBlanc (NX/SI),1,5,0.2
Tahm Kench/Udyr (BW/FR),Championless (SI),1,5,0.2
Morgana/Taric (DE/MT),Darius (FR/NX),1,5,0.2
LeBlanc (FR/NX),Jayce/Lux (DE/PZ),1,5,0.2
Ashe/Tahm Kench (BW/FR),Nasus/Thresh (SI/SH),1,5,0.2
Aatrox/Kayn (RU/RU),Darius/LeBlanc (FR/NX),1,5,0.2
Senna/Veigar (BC/SI),Neeko/Poppy (BC/RU),1,5,0.2
Ashe/LeBlanc (FR/NX),Swain/Vladimir (BW/NX),1,5,0.2
Ryze (IO/RU),Maokai/Nautilus (BW/SI),1,5,0.2
Leona/Yasuo (IO/MT),Kayle (BW/MT),1,5,0.2
Jayce/Lux (DE/PZ),Gnar/Sejuani (FR/PZ),1,5,0.2
Gnar/Sejuani (FR/PZ),Kalista (SI),1,5,0.2
Nasus/Thresh (SI/SH),Aatrox/Varus (RU/RU),1,5,0.2
Sett (IO/SI),Akshan/Lee Sin (IO/SH),1,5,0.2
Maokai/Nautilus (BW/SI),Neeko/Poppy (BC/RU),1,5,0.2
Kayle (BW/MT),Akshan/Morgana (DE/SH),1,5,0.2
Shyvana (DE/MT),Nidalee (BC/SH),1,5,0.2
Gnar/Nidalee (BC/SH),Jack/Sett (BW/IO),1,5,0.2
Poppy/Tristana (BC/NX),Championless (SI),1,5,0.2
Jax/Ornn (FR/RU),Janna/Sett (IO/PZ),1,5,0.2
Championless (SI),Akshan/Shyvana (DE/SH),1,5,0.2
Maokai/Nautilus (BW/SI),Aphelios/Lee Sin (IO/MT),1,5,0.2
Senna/Veigar (BC/SI),Poppy/Taric (DE/MT),1,5,0.2
Jack/Sett (BW/IO),Championless (MT/SI),1,5,0.2
Lillia (FR/IO),Kayle (BW/MT),1,5,0.2
Senna (PZ/SI),Riven/Viktor (NX/PZ),1,5,0.2
Gwen/Vayne (DE/SI),Sett (IO/PZ),1,5,0.2
Udyr/Vayne (DE/FR),Akshan/Varus (SH/RU),1,5,0.2
Kayle (BW/MT),Darius/Lulu (IO/NX),1,5,0.2
Aphelios/Viktor (MT/PZ),Janna/Sett (IO/PZ),1,5,0.2
Ryze (IO/RU),Ashe/LeBlanc (FR/NX),1,5,0.2
Senna/Veigar (BC/SI),Gwen/Riven (NX/SI),1,5,0.2
Janna/Senna (PZ/SI),Braum/Lillia (FR/IO),1,5,0.2
Nasus/Senna (SI/SH),Braum/Lillia (FR/IO),1,5,0.2
Janna/Sett (IO/PZ),Neeko/Poppy (DE/RU),1,5,0.2
Illaoi/Swain (BW/NX),Gwen/Vayne (DE/SI),1,5,0.2
Malphite/Yasuo (IO/MT),Ashe (FR/PZ),1,5,0.2
Caitlyn/Swain (NX/PZ),Braum/Lillia (FR/IO),1,5,0.2
Lillia (FR/IO),Maokai/Nautilus (BW/SI),1,5,0.2
Riven/Viktor (NX/PZ),Lillia/Sett (BC/IO),1,5,0.2
Janna (PZ/SI),Braum/Lillia (FR/IO),1,5,0.2
Maokai/Nautilus (BW/SI),Janna/Senna (PZ/SI),1,5,0.2
Jayce/Lux (DE/PZ),Gnar/Sejuani (BC/FR),1,5,0.2
Braum/Lillia (FR/IO),LeBlanc/Udyr (FR/NX),1,5,0.2
Janna/Sett (IO/PZ),Galio/Morgana (DE/FR),1,5,0.2
LeBlanc/Udyr (FR/NX),Janna/Sett (IO/PZ),1,5,0.2
Braum/Lillia (FR/IO),Championless (MT/SI),1,5,0.2
Nasus (SI/SH),LeBlanc/Sivir (NX/SH),1,5,0.2
Championless (SI),Akshan/Nidalee (FR/SH),1,5,0.2
Riven/Viktor (NX/PZ),Neeko/Poppy (BC/RU),1,5,0.2
Janna/Viktor (IO/PZ),Championless (SI),1,5,0.2
Galio/Morgana (DE/FR),Senna/Veigar (BC/SI),1,5,0.2
Senna/Veigar (PZ/SI),Rumble/Sion (BC/NX),1,5,0.2
Janna/Malphite (MT/PZ),Championless (SI),1,5,0.2
Lulu/Shen (IO/MT),Kayle (BW/MT),1,5,0.2
Caitlyn (FR/PZ),Jayce/Lux (DE/PZ),1,5,0.2
Janna (PZ/SH),Ashe (FR/PZ),1,5,0.2
Braum/Swain/Udyr (FR/NX),Championless (SI),1,5,0.2
Akshan/Nidalee (FR/SH),Neeko/Poppy (DE/RU),1,5,0.2
Swain/Udyr (FR/NX),Championless (SI),1,5,0.2
Gnar/Neeko (FR/RU),Championless (SI),11,22,0.5
Championless (SI),Gnar/Neeko (FR/RU),11,22,0.5
Kayle (BW/MT),Aphelios/Viktor (MT/PZ),11,22,0.5
Aphelios/Viktor (MT/PZ),Kayle (BW/MT),11,22,0.5
Senna/Veigar (BC/SI),Gnar/Nidalee (BC/SH),9,19,0.473684210526316
Lee Sin/Viktor (IO/PZ),Janna/Sett (IO/PZ),9,19,0.473684210526316
Gnar/Nidalee (BC/SH),Senna/Veigar (BC/SI),10,19,0.526315789473684
Janna/Sett (IO/PZ),Lee Sin/Viktor (IO/PZ),10,19,0.526315789473684
Ashe/LeBlanc (FR/NX),Poppy/Riven (BC/NX),4,8,0.5
Poppy/Riven (BC/NX),Ashe/LeBlanc (FR/NX),4,8,0.5
Darius (FR/NX),Morgana/Udyr (DE/FR),4,8,0.5
Morgana/Udyr (DE/FR),Darius (FR/NX),4,8,0.5
Nasus/Thresh (SI/SH),Riven/Viktor (NX/PZ),4,8,0.5
Riven/Viktor (NX/PZ),Nasus/Thresh (SI/SH),4,8,0.5
Galio/Udyr (DE/FR),Nasus/Renekton (SH),4,8,0.5
Nasus/Renekton (SH),Galio/Udyr (DE/FR),4,8,0.5
Morgana/Udyr (DE/FR),Nasus (SI/SH),4,8,0.5
Nasus (SI/SH),Morgana/Udyr (DE/FR),4,8,0.5
Maokai/Nautilus (BW/SI),Caitlyn/Swain (NX/PZ),4,8,0.5
Caitlyn/Swain (NX/PZ),Maokai/Nautilus (BW/SI),4,8,0.5
Nasus/Thresh (SI/SH),Rumble/Sion (BC/NX),4,8,0.5
Rumble/Sion (BC/NX),Nasus/Thresh (SI/SH),4,8,0.5
Nasus/Thresh (SI/SH),Nasus/Thresh (SI/SH),4,8,0.5
Gwen/LeBlanc (NX/SI),Galio/Udyr (DE/FR),4,8,0.5
Galio/Udyr (DE/FR),Gwen/LeBlanc (NX/SI),4,8,0.5
Championless (PZ/SI),Ashe (FR/PZ),4,8,0.5
Ashe (FR/PZ),Championless (PZ/SI),4,8,0.5
Galio/Udyr (DE/FR),Galio/Udyr (DE/FR),4,8,0.5
Akshan/Morgana (DE/SH),Akshan/Varus (SH/RU),4,8,0.5
Akshan/Varus (SH/RU),Akshan/Morgana (DE/SH),4,8,0.5
Ashe/Caitlyn (FR/PZ),Kayle (BW/MT),4,8,0.5
Kayle (BW/MT),Ashe/Caitlyn (FR/PZ),4,8,0.5
Senna/Veigar (BC/SI),Akshan/Sivir (NX/SH),4,8,0.5
Akshan/Sivir (NX/SH),Senna/Veigar (BC/SI),4,8,0.5
Senna (PZ/SI),Braum/Lillia (FR/IO),4,8,0.5
Braum/Lillia (FR/IO),Senna (PZ/SI),4,8,0.5
Akshan/Lee Sin (IO/SH),Gwen/Vayne (DE/SI),4,8,0.5
Gwen/Vayne (DE/SI),Akshan/Lee Sin (IO/SH),4,8,0.5
Gwen/Vayne (DE/SI),Gwen/Vayne (DE/SI),4,8,0.5
Gangplank/Sejuani (BW/FR),Braum/Lillia (FR/IO),4,8,0.5
Braum/Lillia (FR/IO),Gangplank/Sejuani (BW/FR),4,8,0.5
Jayce/Lux (DE/PZ),Akshan/Varus (SH/RU),39,89,0.438202247191011
Akshan/Varus (SH/RU),Jayce/Lux (DE/PZ),50,89,0.561797752808989
Kayle (BW/MT),Morgana/Udyr (DE/FR),40,78,0.512820512820513
Morgana/Udyr (DE/FR),Kayle (BW/MT),38,78,0.487179487179487
Gnar/Nidalee (BC/SH),Akshan/Varus (SH/RU),15,29,0.517241379310345
Maokai/Nautilus (BW/SI),Rumble/Sion (BC/NX),15,29,0.517241379310345
Akshan/Varus (SH/RU),Gnar/Nidalee (BC/SH),14,29,0.482758620689655
Rumble/Sion (BC/NX),Maokai/Nautilus (BW/SI),14,29,0.482758620689655
Gnar/Nidalee (BC/SH),Jayce/Lux (DE/PZ),10,23,0.434782608695652
Jayce/Lux (DE/PZ),Gangplank/Sejuani (BW/FR),10,23,0.434782608695652
Gangplank/Sejuani (BW/FR),Senna/Veigar (BC/SI),10,23,0.434782608695652
Jayce/Lux (DE/PZ),Gnar/Nidalee (BC/SH),13,23,0.565217391304348
Gangplank/Sejuani (BW/FR),Jayce/Lux (DE/PZ),13,23,0.565217391304348
Senna/Veigar (BC/SI),Gangplank/Sejuani (BW/FR),13,23,0.565217391304348
Poppy/Riven (BC/NX),Kayle (BW/MT),2,6,0.333333333333333
Ashe (FR/PZ),Darius (FR/NX),2,6,0.333333333333333
Maokai/Nautilus (BW/SI),Gwen/Kalista (NX/SI),2,6,0.333333333333333
Championless (MT/SI),Darius/Gnar (FR/NX),2,6,0.333333333333333
Ashe/LeBlanc (FR/NX),Championless (BC/SI),2,6,0.333333333333333
Rumble/Vayne (DE/NX),Akshan/Varus (SH/RU),2,6,0.333333333333333
Malphite/Yasuo (IO/MT),Darius/Gnar (FR/NX),2,6,0.333333333333333
Sett (IO/PZ),Riven/Viktor (NX/PZ),2,6,0.333333333333333
Gnar/Neeko (FR/RU),Akshan/Varus (SH/RU),2,6,0.333333333333333
Janna/Sett (IO/PZ),Jack/Sett (BW/IO),2,6,0.333333333333333
Neeko/Poppy (DE/RU),Championless (PZ/SI),2,6,0.333333333333333
Galio/Morgana (DE/MT),Senna/Veigar (BC/SI),2,6,0.333333333333333
Malphite/Yasuo (IO/MT),Maokai/Nautilus (BW/SI),2,6,0.333333333333333
LeBlanc/Sion (NX/SI),Championless (SI),2,6,0.333333333333333
Akshan/Varus (SH/RU),Sejuani/Swain (FR/NX),2,6,0.333333333333333
LeBlanc/Udyr (FR/NX),Darius/Gnar (FR/NX),2,6,0.333333333333333
Aphelios/Lee Sin (IO/MT),Senna/Veigar (BC/SI),2,6,0.333333333333333
Jax/Ornn (FR/RU),Riven/Viktor (NX/PZ),2,6,0.333333333333333
Ashe (FR/PZ),Akshan/Nasus (SI/SH),2,6,0.333333333333333
Championless (SI),Jayce (PZ/SI),2,6,0.333333333333333
Sett (IO/PZ),Aphelios/Viktor (MT/PZ),2,6,0.333333333333333
Nasus (SI/SH),Darius/Gnar (FR/NX),2,6,0.333333333333333
Championless (SI),Lulu/Poppy (DE/IO),2,6,0.333333333333333
Gwen/LeBlanc (NX/SI),LeBlanc/Sivir (NX/SH),2,6,0.333333333333333
Braum/Vladimir (FR/NX),Akshan/Morgana (DE/SH),2,6,0.333333333333333
Maokai/Nautilus (BW/SI),Akshan/Nasus (SI/SH),2,6,0.333333333333333
Nidalee (BC/SH),Aphelios/Viktor (MT/PZ),2,6,0.333333333333333
Lillia/Udyr (FR/IO),Ashe/LeBlanc (FR/NX),2,6,0.333333333333333
Akshan/Kayn (RU/SH),Championless (SI),2,6,0.333333333333333
Darius/Lulu (IO/NX),Morgana/Udyr (DE/FR),2,6,0.333333333333333
Kayle (BW/MT),Lee Sin/Udyr (FR/IO),2,6,0.333333333333333
Nasus/Thresh (SI/SH),Gwen/Vayne (DE/SI),2,6,0.333333333333333
Sett/Viktor (IO/PZ),Championless (SI),2,6,0.333333333333333
Nasus/Thresh (SI/SH),Janna/Sett (IO/PZ),2,6,0.333333333333333
Darius/Gwen (NX/SI),Jayce/Lux (DE/PZ),2,6,0.333333333333333
Ashe/LeBlanc (FR/NX),Lillia (FR/IO),2,6,0.333333333333333
Kalista (MT/SI),Ashe/LeBlanc (FR/NX),2,6,0.333333333333333
Jayce/Lux (DE/PZ),Gangplank/Nidalee (BW/SH),2,6,0.333333333333333
Jayce/Lux (DE/PZ),Galio/Morgana (DE/FR),2,6,0.333333333333333
Akshan/Morgana (MT/SH),Ashe/LeBlanc (FR/NX),2,6,0.333333333333333
Morgana (MT/SI),Gwen/Vayne (DE/SI),2,6,0.333333333333333
Nasus (SI/SH),Aatrox/Kayn (RU/RU),2,6,0.333333333333333
Akshan/Nidalee/Sivir (DE/SH),Ashe (FR/PZ),2,6,0.333333333333333
Darius/Gnar (FR/NX),Swain/Yasuo (IO/NX),2,6,0.333333333333333
Championless (SI),Jack/Lillia (BW/IO),2,6,0.333333333333333
LeBlanc/Sivir (NX/SH),Gangplank/Nidalee (BW/SH),2,6,0.333333333333333
Kayle (BW/MT),Poppy/Riven (BC/NX),4,6,0.666666666666667
Darius (FR/NX),Ashe (FR/PZ),4,6,0.666666666666667
Gwen/Kalista (NX/SI),Maokai/Nautilus (BW/SI),4,6,0.666666666666667
Darius/Gnar (FR/NX),Championless (MT/SI),4,6,0.666666666666667
Championless (BC/SI),Ashe/LeBlanc (FR/NX),4,6,0.666666666666667
Akshan/Varus (SH/RU),Rumble/Vayne (DE/NX),4,6,0.666666666666667
Darius/Gnar (FR/NX),Malphite/Yasuo (IO/MT),4,6,0.666666666666667
Riven/Viktor (NX/PZ),Sett (IO/PZ),4,6,0.666666666666667
Akshan/Varus (SH/RU),Gnar/Neeko (FR/RU),4,6,0.666666666666667
Jack/Sett (BW/IO),Janna/Sett (IO/PZ),4,6,0.666666666666667
Championless (PZ/SI),Neeko/Poppy (DE/RU),4,6,0.666666666666667
Senna/Veigar (BC/SI),Galio/Morgana (DE/MT),4,6,0.666666666666667
Maokai/Nautilus (BW/SI),Malphite/Yasuo (IO/MT),4,6,0.666666666666667
Championless (SI),LeBlanc/Sion (NX/SI),4,6,0.666666666666667
Sejuani/Swain (FR/NX),Akshan/Varus (SH/RU),4,6,0.666666666666667
Darius/Gnar (FR/NX),LeBlanc/Udyr (FR/NX),4,6,0.666666666666667
Senna/Veigar (BC/SI),Aphelios/Lee Sin (IO/MT),4,6,0.666666666666667
Riven/Viktor (NX/PZ),Jax/Ornn (FR/RU),4,6,0.666666666666667
Akshan/Nasus (SI/SH),Ashe (FR/PZ),4,6,0.666666666666667
Jayce (PZ/SI),Championless (SI),4,6,0.666666666666667
Aphelios/Viktor (MT/PZ),Sett (IO/PZ),4,6,0.666666666666667
Darius/Gnar (FR/NX),Nasus (SI/SH),4,6,0.666666666666667
Lulu/Poppy (DE/IO),Championless (SI),4,6,0.666666666666667
LeBlanc/Sivir (NX/SH),Gwen/LeBlanc (NX/SI),4,6,0.666666666666667
Akshan/Morgana (DE/SH),Braum/Vladimir (FR/NX),4,6,0.666666666666667
Akshan/Nasus (SI/SH),Maokai/Nautilus (BW/SI),4,6,0.666666666666667
Aphelios/Viktor (MT/PZ),Nidalee (BC/SH),4,6,0.666666666666667
Ashe/LeBlanc (FR/NX),Lillia/Udyr (FR/IO),4,6,0.666666666666667
Championless (SI),Akshan/Kayn (RU/SH),4,6,0.666666666666667
Morgana/Udyr (DE/FR),Darius/Lulu (IO/NX),4,6,0.666666666666667
Lee Sin/Udyr (FR/IO),Kayle (BW/MT),4,6,0.666666666666667
Gwen/Vayne (DE/SI),Nasus/Thresh (SI/SH),4,6,0.666666666666667
Championless (SI),Sett/Viktor (IO/PZ),4,6,0.666666666666667
Janna/Sett (IO/PZ),Nasus/Thresh (SI/SH),4,6,0.666666666666667
Jayce/Lux (DE/PZ),Darius/Gwen (NX/SI),4,6,0.666666666666667
Lillia (FR/IO),Ashe/LeBlanc (FR/NX),4,6,0.666666666666667
Ashe/LeBlanc (FR/NX),Kalista (MT/SI),4,6,0.666666666666667
Gangplank/Nidalee (BW/SH),Jayce/Lux (DE/PZ),4,6,0.666666666666667
Galio/Morgana (DE/FR),Jayce/Lux (DE/PZ),4,6,0.666666666666667
Ashe/LeBlanc (FR/NX),Akshan/Morgana (MT/SH),4,6,0.666666666666667
Gwen/Vayne (DE/SI),Morgana (MT/SI),4,6,0.666666666666667
Aatrox/Kayn (RU/RU),Nasus (SI/SH),4,6,0.666666666666667
Ashe (FR/PZ),Akshan/Nidalee/Sivir (DE/SH),4,6,0.666666666666667
Swain/Yasuo (IO/NX),Darius/Gnar (FR/NX),4,6,0.666666666666667
Jack/Lillia (BW/IO),Championless (SI),4,6,0.666666666666667
Gangplank/Nidalee (BW/SH),LeBlanc/Sivir (NX/SH),4,6,0.666666666666667
Senna/Veigar (BC/SI),Jayce/Lux (DE/PZ),41,84,0.488095238095238
Jayce/Lux (DE/PZ),Senna/Veigar (BC/SI),43,84,0.511904761904762
Jayce/Lux (DE/PZ),Maokai/Nautilus (BW/SI),42,87,0.482758620689655
Maokai/Nautilus (BW/SI),Jayce/Lux (DE/PZ),45,87,0.517241379310345
Kayle (BW/MT),Championless (PZ/SI),15,25,0.6
Riven/Viktor (NX/PZ),Ashe (FR/PZ),15,25,0.6
Nidalee (BC/SH),Senna/Veigar (BC/SI),15,25,0.6
Championless (PZ/SI),Kayle (BW/MT),10,25,0.4
Ashe (FR/PZ),Riven/Viktor (NX/PZ),10,25,0.4
Senna/Veigar (BC/SI),Nidalee (BC/SH),10,25,0.4
Ashe/LeBlanc (FR/NX),Darius (FR/NX),10,21,0.476190476190476
Maokai/Nautilus (BW/SI),Sett (IO/PZ),10,21,0.476190476190476
Darius/Gnar (FR/NX),Sett (IO/PZ),10,21,0.476190476190476
Janna/Sett (IO/PZ),Braum/Lillia (FR/IO),10,21,0.476190476190476
Darius (FR/NX),Ashe/LeBlanc (FR/NX),11,21,0.523809523809524
Sett (IO/PZ),Maokai/Nautilus (BW/SI),11,21,0.523809523809524
Sett (IO/PZ),Darius/Gnar (FR/NX),11,21,0.523809523809524
Braum/Lillia (FR/IO),Janna/Sett (IO/PZ),11,21,0.523809523809524
Lee Sin/Viktor (IO/PZ),Morgana/Udyr (DE/FR),12,34,0.352941176470588
Morgana/Udyr (DE/FR),Lee Sin/Viktor (IO/PZ),22,34,0.647058823529412
Akshan/Varus (SH/RU),Morgana/Udyr (DE/FR),33,81,0.407407407407407
Morgana/Udyr (DE/FR),Akshan/Varus (SH/RU),48,81,0.592592592592593
Akshan/Varus (SH/RU),Akshan/Varus (SH/RU),56,112,0.5
Championless (SI),Aatrox/Kayn (RU/RU),57,93,0.612903225806452
Aatrox/Kayn (RU/RU),Championless (SI),36,93,0.387096774193548
Ashe (FR/PZ),Akshan/Varus (SH/RU),37,60,0.616666666666667
Akshan/Varus (SH/RU),Ashe (FR/PZ),23,60,0.383333333333333
Kalista (SI),Kayle (BW/MT),11,40,0.275
Kayle (BW/MT),Kalista (SI),29,40,0.725
Lee Sin/Viktor (IO/PZ),Kayle (BW/MT),28,46,0.608695652173913
Kayle (BW/MT),Lee Sin/Viktor (IO/PZ),18,46,0.391304347826087
Kayle (BW/MT),Championless (SI),129,203,0.635467980295567
Championless (SI),Kayle (BW/MT),74,203,0.364532019704434
Kayle (BW/MT),Darius/Gnar (FR/NX),22,71,0.309859154929577
Darius/Gnar (FR/NX),Kayle (BW/MT),49,71,0.690140845070423
Kayle (BW/MT),Senna/Veigar (BC/SI),36,72,0.5
Senna/Veigar (BC/SI),Kayle (BW/MT),36,72,0.5
Darius (FR/NX),Darius/Gnar (FR/NX),7,27,0.259259259259259
Darius/Gnar (FR/NX),Darius (FR/NX),20,27,0.740740740740741
Kayle (BW/MT),Akshan/Varus (SH/RU),44,80,0.55
Akshan/Varus (SH/RU),Kayle (BW/MT),36,80,0.45
Akshan/Varus (SH/RU),Ashe/LeBlanc (FR/NX),69,151,0.456953642384106
Ashe/LeBlanc (FR/NX),Akshan/Varus (SH/RU),82,151,0.543046357615894
Kayle (BW/MT),Darius (FR/NX),5,12,0.416666666666667
Shyvana (DE/MT),Championless (SI),5,12,0.416666666666667
Darius/Gnar (FR/NX),Lillia/Sett (BC/IO),5,12,0.416666666666667
Nasus/Renekton (SH),Senna/Veigar (BC/SI),5,12,0.416666666666667
Nasus/Renekton (SH),Maokai/Nautilus (BW/SI),5,12,0.416666666666667
Gangplank/Sejuani (BW/FR),Akshan/Lee Sin (IO/SH),5,12,0.416666666666667
Braum/Lillia (FR/IO),Aatrox/Kayn (RU/RU),5,12,0.416666666666667
Gwen/Vayne (DE/SI),Lee Sin/Viktor (IO/PZ),5,12,0.416666666666667
Maokai/Nautilus (BW/SI),LeBlanc/Udyr (FR/NX),5,12,0.416666666666667
Championless (PZ/SI),Nasus/Thresh (SI/SH),5,12,0.416666666666667
Morgana/Udyr (DE/FR),Galio/Udyr (DE/FR),5,12,0.416666666666667
Akshan/Nasus/Renekton (SH),Championless (SI),5,12,0.416666666666667
LeBlanc/Sivir (NX/SH),Lillia/Sett (BC/IO),5,12,0.416666666666667
Darius (FR/NX),Kayle (BW/MT),7,12,0.583333333333333
Championless (SI),Shyvana (DE/MT),7,12,0.583333333333333
Lillia/Sett (BC/IO),Darius/Gnar (FR/NX),7,12,0.583333333333333
Senna/Veigar (BC/SI),Nasus/Renekton (SH),7,12,0.583333333333333
Maokai/Nautilus (BW/SI),Nasus/Renekton (SH),7,12,0.583333333333333
Akshan/Lee Sin (IO/SH),Gangplank/Sejuani (BW/FR),7,12,0.583333333333333
Aatrox/Kayn (RU/RU),Braum/Lillia (FR/IO),7,12,0.583333333333333
Lee Sin/Viktor (IO/PZ),Gwen/Vayne (DE/SI),7,12,0.583333333333333
LeBlanc/Udyr (FR/NX),Maokai/Nautilus (BW/SI),7,12,0.583333333333333
Nasus/Thresh (SI/SH),Championless (PZ/SI),7,12,0.583333333333333
Galio/Udyr (DE/FR),Morgana/Udyr (DE/FR),7,12,0.583333333333333
Championless (SI),Akshan/Nasus/Renekton (SH),7,12,0.583333333333333
Lillia/Sett (BC/IO),LeBlanc/Sivir (NX/SH),7,12,0.583333333333333
Lee Sin/Viktor (IO/PZ),Braum/Vladimir (FR/NX),14,22,0.636363636363636
Nidalee (BC/SH),Akshan/Lee Sin (IO/SH),14,22,0.636363636363636
Braum/Vladimir (FR/NX),Lee Sin/Viktor (IO/PZ),8,22,0.363636363636364
Akshan/Lee Sin (IO/SH),Nidalee (BC/SH),8,22,0.363636363636364
Lee Sin/Viktor (IO/PZ),Darius/Gnar (FR/NX),17,35,0.485714285714286
Darius/Gnar (FR/NX),Lee Sin/Viktor (IO/PZ),18,35,0.514285714285714
Lee Sin/Viktor (IO/PZ),Darius (FR/NX),0,3,0
Jax/Ornn (FR/RU),Lillia/Sett (BC/IO),0,3,0
Lulu/Shen (DE/IO),Championless (SI),0,3,0
Riven/Viktor (NX/PZ),Leona/Yasuo (IO/MT),0,3,0
Neeko/Poppy (DE/RU),Illaoi/Swain (BW/NX),0,3,0
Garen (DE),Senna/Veigar (BC/SI),0,3,0
Riven/Viktor (NX/PZ),Nasus/Senna (SI/SH),0,3,0
Galio (DE/MT),Senna/Veigar (BC/SI),0,3,0
Garen/Morgana (DE/SI),Aatrox/Kayn (RU/RU),0,3,0
Darius/Gnar (FR/NX),Gwen/Kalista (NX/SI),0,3,0
Braum/Tahm Kench (BW/FR),Poppy/Riven (BC/NX),0,3,0
Illaoi/Udyr (BW/FR),Akshan/Lee Sin (IO/SH),0,3,0
Neeko/Renekton (RU/SH),Morgana/Udyr (DE/FR),0,3,0
Braum/Tahm Kench (BW/FR),Jayce/Lux (DE/PZ),0,3,0
Janna/Lee Sin/Viktor (IO/PZ),Championless (SI),0,3,0
Aatrox/Kayn (RU/RU),Morgana/Taric (DE/MT),0,3,0
Galio/Poppy (DE/FR),Akshan/Lee Sin (IO/SH),0,3,0
Kai'Sa/Viktor (PZ/SH),Akshan/Lee Sin (IO/SH),0,3,0
Morgana/Udyr (DE/FR),Galio/Poppy (DE/FR),0,3,0
Sett (IO/PZ),Caitlyn/Swain (NX/PZ),0,3,0
Malphite/Yasuo (IO/MT),Jack/Sett (BW/IO),0,3,0
Aatrox/Kayn (RU/RU),Ashe/Tahm Kench (BW/FR),0,3,0
Janna (PZ/SI),Kalista (SI),0,3,0
Malphite/Yasuo (IO/MT),Championless (PZ/SI),0,3,0
Jayce/Lux (DE/PZ),Gnar/Tristana (BC/BW),0,3,0
Leona/Malphite (IO/MT),LeBlanc/Sivir (NX/SH),0,3,0
Maokai (BW/SI),Darius (FR/NX),0,3,0
Aatrox/Kayn (RU/RU),Gnar/Neeko (FR/RU),0,3,0
Lillia/Ryze (IO/RU),Jayce/Lux (DE/PZ),0,3,0
Championless (MT/SI),Nasus/Thresh (SI/SH),0,3,0
Rumble/Vayne (DE/NX),LeBlanc/Sivir (NX/SH),0,3,0
Maokai/Nautilus (BW/SI),Rumble/Vayne (DE/NX),0,3,0
Veigar (BC/SI),Jayce/Lux (DE/PZ),0,3,0
Leona/Malphite (IO/MT),Jayce/Lux (DE/PZ),0,3,0
Akshan/Riven (NX/SH),Jayce/Lux (DE/PZ),0,3,0
Braum/Galio (DE/FR),Galio/Udyr (DE/FR),0,3,0
Kayle (BW/MT),Garen/Shen (DE/IO),0,3,0
LeBlanc/Udyr (FR/NX),Ashe (FR/PZ),0,3,0
Aatrox/Kayn (RU/RU),Braum/Galio (DE/FR),0,3,0
Championless (PZ/SI),Aatrox/Kayn (RU/RU),0,3,0
Maokai/Nautilus (BW/SI),Championless (SI/SH),0,3,0
Akshan/Jack (BW/SH),Akshan/Varus (SH/RU),0,3,0
Ashe (FR/SI),Maokai/Nautilus (BW/SI),0,3,0
Nasus/Renekton (SH),Aphelios/Jack (BW/MT),0,3,0
Galio/Udyr (DE/FR),Aatrox/Morgana (RU/DE),0,3,0
Ashe/Tahm Kench (BW/FR),Kalista (SI),0,3,0
Galio/Morgana (DE/MT),LeBlanc/Sivir (NX/SH),0,3,0
Gwen/Kalista (NX/SI),Ashe/LeBlanc (FR/NX),0,3,0
Garen/Shen (DE/IO),Kalista (SI),0,3,0
Sett (IO/PZ),Gnar/Tristana (BC/NX),0,3,0
Leona/Malphite (IO/MT),Maokai/Nautilus (BW/SI),0,3,0
Akshan/Lee Sin (IO/SH),Leona/Malphite (IO/MT),0,3,0
Ryze (IO/RU),Championless (SI),0,3,0
Lulu/Neeko (IO/RU),Morgana/Udyr (DE/FR),0,3,0
Darius/Gnar (FR/NX),Sett (IO/SH),0,3,0
Rumble/Vayne (DE/NX),Gnar/Neeko (FR/RU),0,3,0
Yasuo (IO/NX),Kayle (BW/MT),0,3,0
Aphelios/Yasuo (IO/MT),Senna/Veigar (BC/SI),0,3,0
Jack/Sett (BW/IO),Gnar/Sejuani (FR/PZ),0,3,0
Lillia/Lulu (DE/IO),Darius/Gnar (FR/NX),0,3,0
Akshan/Lee Sin (IO/SH),Championless (BC/SI),0,3,0
Gwen/LeBlanc (NX/SI),Lee Sin/Viktor (IO/PZ),0,3,0
Lillia/Lulu (DE/IO),Aphelios/Viktor (MT/PZ),0,3,0
Lee Sin/Riven (IO/NX),Aphelios/Viktor (MT/PZ),0,3,0
Garen (DE/SH),Darius/Gnar (FR/NX),0,3,0
Kayle (BW/MT),Maokai (PZ/SI),0,3,0
Shyvana/Taric (DE/MT),Ashe/LeBlanc (FR/NX),0,3,0
LeBlanc (FR/NX),Ashe/Tahm Kench (BW/FR),0,3,0
Ashe (FR/PZ),Garen (DE/SH),0,3,0
Braum/Lillia (FR/IO),Gnar/Sejuani (FR/PZ),0,3,0
Leona (MT/SH),Ashe/LeBlanc (FR/NX),0,3,0
Swain/Yasuo (IO/NX),Akshan/Lee Sin (IO/SH),0,3,0
Garen (DE/SH),Kayle (FR/MT),0,3,0
Leona (MT/SH),Jayce/Lux (DE/PZ),0,3,0
Lee Sin/Riven (IO/NX),Morgana/Udyr (DE/FR),0,3,0
Lee Sin/Riven (IO/NX),Senna/Veigar (BC/SI),0,3,0
Shen/Sivir (IO/SH),Aatrox/Kayn (RU/RU),0,3,0
Gwen (NX/SI),Akshan/Lee Sin (IO/SH),0,3,0
Janna/Malphite (MT/PZ),Akshan/Varus (SH/RU),0,3,0
Sett (IO/PZ),Gnar/Sejuani (FR/PZ),0,3,0
Lillia/Sett (BC/IO),Galio/Udyr (DE/FR),0,3,0
Gnar/Neeko (FR/RU),Darius (FR/NX),0,3,0
Gwen/Kalista (SI),Kalista (SI),0,3,0
Riven/Vi (NX/PZ),Senna/Veigar (BC/SI),0,3,0
Kalista/Morgana (DE/SI),Kayle (BW/MT),0,3,0
Jax/Ornn (FR/RU),Sett (IO/PZ),0,3,0
Jax/Ornn (FR/RU),LeBlanc/Udyr (FR/NX),0,3,0
Akshan/Gwen (SI/SH),Ashe/LeBlanc (FR/NX),0,3,0
Jax/Ornn (FR/RU),Akshan/Nasus/Udyr (FR/SH),0,3,0
Gwen/Vi (PZ/SI),Maokai/Nautilus (BW/SI),0,3,0
Galio/Morgana (DE/MT),Kayle (BW/MT),0,3,0
Jack/Sett (BW/IO),Neeko/Poppy (BC/RU),0,3,0
Lillia (FR/IO),Braum/Vladimir (FR/NX),0,3,0
LeBlanc/Udyr (FR/NX),Gwen/Vi (PZ/SI),0,3,0
Neeko/Poppy (DE/RU),Gangplank/Sejuani (BW/FR),0,3,0
Galio/Morgana (DE/MT),Lee Sin/Viktor (IO/PZ),0,3,0
Sett/Udyr (FR/IO),Nidalee (BC/SH),0,3,0
Kayle (BW/MT),Aatrox/Illaoi (RU/BW),0,3,0
Ashe/LeBlanc (FR/NX),Akshan/Taric (MT/SH),0,3,0
Darius/Gwen (NX/SI),Morgana/Udyr (DE/FR),0,3,0
Senna/Veigar (BC/SI),Janna/Senna (PZ/SI),0,3,0
Aphelios/Viktor (MT/PZ),Gwen/Vayne (DE/SI),0,3,0
Akshan/Nasus (SI/SH),Aphelios/Viktor (MT/PZ),0,3,0
Janna/Sett/Viktor (IO/PZ),Riven/Viktor (NX/PZ),0,3,0
Akshan/Varus (SH/RU),Akshan/Sivir (NX/SH),0,3,0
Nidalee (BC/SH),Gnar/Sejuani (BC/FR),0,3,0
Galio/Garen (DE/MT),Darius/Gnar (FR/NX),0,3,0
Leona/Yasuo (IO/MT),Shen/Sivir (IO/SH),0,3,0
Braum/Lillia (FR/IO),Kai'Sa/Viktor (PZ/SH),0,3,0
Rumble/Sion (BC/NX),Shen/Sivir (IO/SH),0,3,0
Nasus/Senna (SI/SH),Shen/Sivir (IO/SH),0,3,0
Akshan/Morgana (DE/SH),Akshan/Nasus (SI/SH),0,3,0
Gnar/Swain (BC/NX),Senna/Veigar (BC/SI),0,3,0
Aphelios/Viktor (MT/PZ),Gnar/Sejuani (BC/FR),0,3,0
Kayle (BW/MT),Braum/Kayle (FR/MT),0,3,0
Garen/Poppy (DE/SH),Ashe/LeBlanc (FR/NX),0,3,0
Kalista (SI),Kayle/Lillia (IO/MT),0,3,0
Gnar/Renekton (FR/SH),Kayle (BW/MT),0,3,0
Tahm Kench/Udyr (BW/FR),Akshan/Lee Sin (IO/SH),0,3,0
Darius/Gnar (FR/NX),Ornn/Vayne (DE/FR),0,3,0
Championless (PZ/SI),Akshan/Nasus (SI/SH),0,3,0
Nasus/Renekton (SH),Aatrox (RU/BW),0,3,0
Yasuo (IO/NX),Lillia/Sett (BC/IO),0,3,0
Gangplank/Sejuani (BW/FR),Lillia/Sett (BC/IO),0,3,0
Ryze (RU/SI),Ashe/LeBlanc (FR/NX),0,3,0
Caitlyn/Swain (NX/PZ),Nidalee (BC/SH),0,3,0
Poppy/Taric (DE/MT),LeBlanc/Udyr (FR/NX),0,3,0
Senna/Veigar (BC/SI),Gangplank/Nidalee (BW/SH),0,3,0
Ashe/Caitlyn (FR/PZ),Rumble/Sion (BC/NX),0,3,0
Ornn/Vayne (DE/FR),Championless (SI),0,3,0
Gangplank/Nidalee (BW/SH),Janna/Sett (IO/PZ),0,3,0
Lillia (FR/IO),Rumble/Sion (BC/NX),0,3,0
Neeko/Poppy (DE/RU),Ashe/Caitlyn (FR/PZ),0,3,0
Akshan/Renekton (SH),Riven/Viktor (NX/PZ),0,3,0
Gwen/Vayne (DE/SI),Kalista/Senna (BW/SI),0,3,0
Janna/Sett (IO/PZ),Darius/Gwen (NX/SI),0,3,0
Riven/Viktor (NX/PZ),Gangplank/Nidalee (BW/SH),0,3,0
Tahm Kench/Udyr (BW/FR),Lillia/Sett (BC/IO),0,3,0
Swain/Vladimir (BW/NX),Ashe (FR/PZ),0,3,0
Janna (PZ/SI),Sett (IO/PZ),0,3,0
Aatrox/Kayn (RU/RU),Aatrox (RU/BW),0,3,0
Darius/Gnar (FR/NX),Shyvana (DE/MT),0,3,0
Darius/Gwen (NX/SI),Lee Sin/Viktor (IO/PZ),0,3,0
Gwen/Vayne (DE/SI),Championless (PZ/SI),0,3,0
Braum/Lillia (FR/IO),Ashe/Caitlyn (FR/PZ),0,3,0
Akshan/Taric (MT/SH),Morgana/Udyr (DE/FR),0,3,0
Braum/Vladimir (FR/NX),Kayle/Leona (MT/NX),0,3,0
Championless (BC/BW),Ashe/LeBlanc (FR/NX),0,3,0
Gwen/LeBlanc (NX/SI),Akshan/Nidalee (FR/SH),0,3,0
Maokai/Nautilus (BW/SI),Championpile (FR/SH),0,3,0
Akshan/Morgana (MT/SH),Akshan/Varus (SH/RU),0,3,0
Sejuani/Swain (FR/NX),Lee Sin/Viktor (IO/PZ),0,3,0
Gwen (NX/SI),Lillia/Sett (BC/IO),0,3,0
Championpile (FR/SH),Jayce/Lux (DE/PZ),0,3,0
Senna/Veigar (BC/SI),Akshan/Morgana (MT/SH),0,3,0
Galio (DE/FR),Championless (SI),0,3,0
Poppy/Taric (DE/MT),Maokai (BW/SI),0,3,0
Championless (PZ/SI),Janna/Viktor (IO/PZ),0,3,0
LeBlanc/Rumble (BC/NX),Ashe/LeBlanc (FR/NX),0,3,0
LeBlanc/Udyr (FR/NX),Lee Sin/Viktor (IO/PZ),0,3,0
Gwen/LeBlanc (NX/SI),Ornn/Varus (FR/RU),0,3,0
Kalista (IO/SI),Championless (SI),0,3,0
Ashe/Tahm Kench (BW/FR),Senna/Veigar (PZ/SI),0,3,0
Gnar/Renekton (FR/SH),Akshan/Nidalee/Sivir (DE/SH),0,3,0
Caitlyn/Swain (NX/PZ),Senna/Veigar (PZ/SI),0,3,0
Gwen (FR/SI),Braum/Lillia (FR/IO),0,3,0
Gangplank/Sejuani (BW/FR),Jax/Ornn (FR/RU),0,3,0
Akshan/Varus (SH/RU),LeBlanc/Leona (MT/NX),0,3,0
Neeko/Poppy (DE/RU),Senna/Veigar (PZ/SI),0,3,0
Gwen (FR/SI),Darius/Gnar (FR/NX),0,3,0
Nasus/Senna (SI/SH),Janna/Sett (IO/PZ),0,3,0
Braum/Morgana (DE/FR),Kayle (BW/MT),0,3,0
Championless (SI),Lee Sin/Riven (IO/NX),0,3,0
Kayle (BW/MT),Lee Sin/Riven (IO/NX),0,3,0
Vayne/Vi (DE/PZ),Braum/Lillia (FR/IO),0,3,0
Vayne/Vi (DE/PZ),Morgana/Udyr (DE/FR),0,3,0
Sejuani/Swain (FR/NX),Akshan/Lee Sin (IO/SH),0,3,0
Lulu/Shen (IO/MT),Ashe/LeBlanc (FR/NX),0,3,0
Garen/Udyr (DE/FR),Ashe/LeBlanc (FR/NX),0,3,0
Nasus/Senna (SI/SH),Leona/Sett (IO/MT),0,3,0
Janna (PZ/SI),Neeko/Poppy (DE/RU),0,3,0
Jayce/Lux (DE/PZ),Morgana/Riven (MT/NX),0,3,0
Gangplank/Nidalee (BW/SH),Senna (PZ/SI),0,3,0
Garen/Shen (DE/IO),Akshan/Varus (SH/RU),0,3,0
Braum/Garen/Udyr (DE/FR),Lillia/Sett (BC/IO),0,3,0
Championless (SI),Darius/LeBlanc/Riven (BW/NX),0,3,0
Braum/Lillia (FR/IO),Gwen/Kalista (NX/SI),0,3,0
Nasus/Thresh (SI/SH),Garen/Poppy (DE),0,3,0
Lillia/Udyr (FR/IO),Swain (BW/NX),0,3,0
Jayce/Lux (DE/PZ),Akshan/Nidalee (FR/SH),0,3,0
LeBlanc/Sivir (NX/SH),Poppy/Riven (BC/NX),0,3,0
Nasus/Thresh (SI/SH),Akshan/Sivir (DE/SH),0,3,0
Gwen (FR/SI),Poppy/Tristana (BC/NX),0,3,0
Garen/Poppy (DE/PZ),Aatrox/Kayn (RU/RU),0,3,0
Braum/Udyr (FR),Riven/Viktor (NX/PZ),0,3,0
Darius (FR/NX),Lee Sin/Viktor (IO/PZ),3,3,1
Lillia/Sett (BC/IO),Jax/Ornn (FR/RU),3,3,1
Championless (SI),Lulu/Shen (DE/IO),3,3,1
Leona/Yasuo (IO/MT),Riven/Viktor (NX/PZ),3,3,1
Illaoi/Swain (BW/NX),Neeko/Poppy (DE/RU),3,3,1
Senna/Veigar (BC/SI),Garen (DE),3,3,1
Nasus/Senna (SI/SH),Riven/Viktor (NX/PZ),3,3,1
Senna/Veigar (BC/SI),Galio (DE/MT),3,3,1
Aatrox/Kayn (RU/RU),Garen/Morgana (DE/SI),3,3,1
Gwen/Kalista (NX/SI),Darius/Gnar (FR/NX),3,3,1
Poppy/Riven (BC/NX),Braum/Tahm Kench (BW/FR),3,3,1
Akshan/Lee Sin (IO/SH),Illaoi/Udyr (BW/FR),3,3,1
Morgana/Udyr (DE/FR),Neeko/Renekton (RU/SH),3,3,1
Jayce/Lux (DE/PZ),Braum/Tahm Kench (BW/FR),3,3,1
Championless (SI),Janna/Lee Sin/Viktor (IO/PZ),3,3,1
Morgana/Taric (DE/MT),Aatrox/Kayn (RU/RU),3,3,1
Akshan/Lee Sin (IO/SH),Galio/Poppy (DE/FR),3,3,1
Akshan/Lee Sin (IO/SH),Kai'Sa/Viktor (PZ/SH),3,3,1
Galio/Poppy (DE/FR),Morgana/Udyr (DE/FR),3,3,1
Caitlyn/Swain (NX/PZ),Sett (IO/PZ),3,3,1
Jack/Sett (BW/IO),Malphite/Yasuo (IO/MT),3,3,1
Ashe/Tahm Kench (BW/FR),Aatrox/Kayn (RU/RU),3,3,1
Kalista (SI),Janna (PZ/SI),3,3,1
Championless (PZ/SI),Malphite/Yasuo (IO/MT),3,3,1
Gnar/Tristana (BC/BW),Jayce/Lux (DE/PZ),3,3,1
LeBlanc/Sivir (NX/SH),Leona/Malphite (IO/MT),3,3,1
Darius (FR/NX),Maokai (BW/SI),3,3,1
Gnar/Neeko (FR/RU),Aatrox/Kayn (RU/RU),3,3,1
Jayce/Lux (DE/PZ),Lillia/Ryze (IO/RU),3,3,1
Nasus/Thresh (SI/SH),Championless (MT/SI),3,3,1
LeBlanc/Sivir (NX/SH),Rumble/Vayne (DE/NX),3,3,1
Rumble/Vayne (DE/NX),Maokai/Nautilus (BW/SI),3,3,1
Jayce/Lux (DE/PZ),Veigar (BC/SI),3,3,1
Jayce/Lux (DE/PZ),Leona/Malphite (IO/MT),3,3,1
Jayce/Lux (DE/PZ),Akshan/Riven (NX/SH),3,3,1
Galio/Udyr (DE/FR),Braum/Galio (DE/FR),3,3,1
Garen/Shen (DE/IO),Kayle (BW/MT),3,3,1
Ashe (FR/PZ),LeBlanc/Udyr (FR/NX),3,3,1
Braum/Galio (DE/FR),Aatrox/Kayn (RU/RU),3,3,1
Aatrox/Kayn (RU/RU),Championless (PZ/SI),3,3,1
Championless (SI/SH),Maokai/Nautilus (BW/SI),3,3,1
Akshan/Varus (SH/RU),Akshan/Jack (BW/SH),3,3,1
Maokai/Nautilus (BW/SI),Ashe (FR/SI),3,3,1
Aphelios/Jack (BW/MT),Nasus/Renekton (SH),3,3,1
Aatrox/Morgana (RU/DE),Galio/Udyr (DE/FR),3,3,1
Kalista (SI),Ashe/Tahm Kench (BW/FR),3,3,1
LeBlanc/Sivir (NX/SH),Galio/Morgana (DE/MT),3,3,1
Ashe/LeBlanc (FR/NX),Gwen/Kalista (NX/SI),3,3,1
Kalista (SI),Garen/Shen (DE/IO),3,3,1
Gnar/Tristana (BC/NX),Sett (IO/PZ),3,3,1
Maokai/Nautilus (BW/SI),Leona/Malphite (IO/MT),3,3,1
Leona/Malphite (IO/MT),Akshan/Lee Sin (IO/SH),3,3,1
Championless (SI),Ryze (IO/RU),3,3,1
Morgana/Udyr (DE/FR),Lulu/Neeko (IO/RU),3,3,1
Sett (IO/SH),Darius/Gnar (FR/NX),3,3,1
Gnar/Neeko (FR/RU),Rumble/Vayne (DE/NX),3,3,1
Kayle (BW/MT),Yasuo (IO/NX),3,3,1
Senna/Veigar (BC/SI),Aphelios/Yasuo (IO/MT),3,3,1
Gnar/Sejuani (FR/PZ),Jack/Sett (BW/IO),3,3,1
Darius/Gnar (FR/NX),Lillia/Lulu (DE/IO),3,3,1
Championless (BC/SI),Akshan/Lee Sin (IO/SH),3,3,1
Lee Sin/Viktor (IO/PZ),Gwen/LeBlanc (NX/SI),3,3,1
Aphelios/Viktor (MT/PZ),Lillia/Lulu (DE/IO),3,3,1
Aphelios/Viktor (MT/PZ),Lee Sin/Riven (IO/NX),3,3,1
Darius/Gnar (FR/NX),Garen (DE/SH),3,3,1
Maokai (PZ/SI),Kayle (BW/MT),3,3,1
Ashe/LeBlanc (FR/NX),Shyvana/Taric (DE/MT),3,3,1
Ashe/Tahm Kench (BW/FR),LeBlanc (FR/NX),3,3,1
Garen (DE/SH),Ashe (FR/PZ),3,3,1
Gnar/Sejuani (FR/PZ),Braum/Lillia (FR/IO),3,3,1
Ashe/LeBlanc (FR/NX),Leona (MT/SH),3,3,1
Akshan/Lee Sin (IO/SH),Swain/Yasuo (IO/NX),3,3,1
Kayle (FR/MT),Garen (DE/SH),3,3,1
Jayce/Lux (DE/PZ),Leona (MT/SH),3,3,1
Morgana/Udyr (DE/FR),Lee Sin/Riven (IO/NX),3,3,1
Senna/Veigar (BC/SI),Lee Sin/Riven (IO/NX),3,3,1
Aatrox/Kayn (RU/RU),Shen/Sivir (IO/SH),3,3,1
Akshan/Lee Sin (IO/SH),Gwen (NX/SI),3,3,1
Akshan/Varus (SH/RU),Janna/Malphite (MT/PZ),3,3,1
Gnar/Sejuani (FR/PZ),Sett (IO/PZ),3,3,1
Galio/Udyr (DE/FR),Lillia/Sett (BC/IO),3,3,1
Darius (FR/NX),Gnar/Neeko (FR/RU),3,3,1
Kalista (SI),Gwen/Kalista (SI),3,3,1
Senna/Veigar (BC/SI),Riven/Vi (NX/PZ),3,3,1
Kayle (BW/MT),Kalista/Morgana (DE/SI),3,3,1
Sett (IO/PZ),Jax/Ornn (FR/RU),3,3,1
LeBlanc/Udyr (FR/NX),Jax/Ornn (FR/RU),3,3,1
Ashe/LeBlanc (FR/NX),Akshan/Gwen (SI/SH),3,3,1
Akshan/Nasus/Udyr (FR/SH),Jax/Ornn (FR/RU),3,3,1
Maokai/Nautilus (BW/SI),Gwen/Vi (PZ/SI),3,3,1
Kayle (BW/MT),Galio/Morgana (DE/MT),3,3,1
Neeko/Poppy (BC/RU),Jack/Sett (BW/IO),3,3,1
Braum/Vladimir (FR/NX),Lillia (FR/IO),3,3,1
Gwen/Vi (PZ/SI),LeBlanc/Udyr (FR/NX),3,3,1
Gangplank/Sejuani (BW/FR),Neeko/Poppy (DE/RU),3,3,1
Lee Sin/Viktor (IO/PZ),Galio/Morgana (DE/MT),3,3,1
Nidalee (BC/SH),Sett/Udyr (FR/IO),3,3,1
Aatrox/Illaoi (RU/BW),Kayle (BW/MT),3,3,1
Akshan/Taric (MT/SH),Ashe/LeBlanc (FR/NX),3,3,1
Morgana/Udyr (DE/FR),Darius/Gwen (NX/SI),3,3,1
Janna/Senna (PZ/SI),Senna/Veigar (BC/SI),3,3,1
Gwen/Vayne (DE/SI),Aphelios/Viktor (MT/PZ),3,3,1
Aphelios/Viktor (MT/PZ),Akshan/Nasus (SI/SH),3,3,1
Riven/Viktor (NX/PZ),Janna/Sett/Viktor (IO/PZ),3,3,1
Akshan/Sivir (NX/SH),Akshan/Varus (SH/RU),3,3,1
Gnar/Sejuani (BC/FR),Nidalee (BC/SH),3,3,1
Darius/Gnar (FR/NX),Galio/Garen (DE/MT),3,3,1
Shen/Sivir (IO/SH),Leona/Yasuo (IO/MT),3,3,1
Kai'Sa/Viktor (PZ/SH),Braum/Lillia (FR/IO),3,3,1
Shen/Sivir (IO/SH),Rumble/Sion (BC/NX),3,3,1
Shen/Sivir (IO/SH),Nasus/Senna (SI/SH),3,3,1
Akshan/Nasus (SI/SH),Akshan/Morgana (DE/SH),3,3,1
Senna/Veigar (BC/SI),Gnar/Swain (BC/NX),3,3,1
Gnar/Sejuani (BC/FR),Aphelios/Viktor (MT/PZ),3,3,1
Braum/Kayle (FR/MT),Kayle (BW/MT),3,3,1
Ashe/LeBlanc (FR/NX),Garen/Poppy (DE/SH),3,3,1
Kayle/Lillia (IO/MT),Kalista (SI),3,3,1
Kayle (BW/MT),Gnar/Renekton (FR/SH),3,3,1
Akshan/Lee Sin (IO/SH),Tahm Kench/Udyr (BW/FR),3,3,1
Ornn/Vayne (DE/FR),Darius/Gnar (FR/NX),3,3,1
Akshan/Nasus (SI/SH),Championless (PZ/SI),3,3,1
Aatrox (RU/BW),Nasus/Renekton (SH),3,3,1
Lillia/Sett (BC/IO),Yasuo (IO/NX),3,3,1
Lillia/Sett (BC/IO),Gangplank/Sejuani (BW/FR),3,3,1
Ashe/LeBlanc (FR/NX),Ryze (RU/SI),3,3,1
Nidalee (BC/SH),Caitlyn/Swain (NX/PZ),3,3,1
LeBlanc/Udyr (FR/NX),Poppy/Taric (DE/MT),3,3,1
Gangplank/Nidalee (BW/SH),Senna/Veigar (BC/SI),3,3,1
Rumble/Sion (BC/NX),Ashe/Caitlyn (FR/PZ),3,3,1
Championless (SI),Ornn/Vayne (DE/FR),3,3,1
Janna/Sett (IO/PZ),Gangplank/Nidalee (BW/SH),3,3,1
Rumble/Sion (BC/NX),Lillia (FR/IO),3,3,1
Ashe/Caitlyn (FR/PZ),Neeko/Poppy (DE/RU),3,3,1
Riven/Viktor (NX/PZ),Akshan/Renekton (SH),3,3,1
Kalista/Senna (BW/SI),Gwen/Vayne (DE/SI),3,3,1
Darius/Gwen (NX/SI),Janna/Sett (IO/PZ),3,3,1
Gangplank/Nidalee (BW/SH),Riven/Viktor (NX/PZ),3,3,1
Lillia/Sett (BC/IO),Tahm Kench/Udyr (BW/FR),3,3,1
Ashe (FR/PZ),Swain/Vladimir (BW/NX),3,3,1
Sett (IO/PZ),Janna (PZ/SI),3,3,1
Aatrox (RU/BW),Aatrox/Kayn (RU/RU),3,3,1
Shyvana (DE/MT),Darius/Gnar (FR/NX),3,3,1
Lee Sin/Viktor (IO/PZ),Darius/Gwen (NX/SI),3,3,1
Championless (PZ/SI),Gwen/Vayne (DE/SI),3,3,1
Ashe/Caitlyn (FR/PZ),Braum/Lillia (FR/IO),3,3,1
Morgana/Udyr (DE/FR),Akshan/Taric (MT/SH),3,3,1
Kayle/Leona (MT/NX),Braum/Vladimir (FR/NX),3,3,1
Ashe/LeBlanc (FR/NX),Championless (BC/BW),3,3,1
Akshan/Nidalee (FR/SH),Gwen/LeBlanc (NX/SI),3,3,1
Championpile (FR/SH),Maokai/Nautilus (BW/SI),3,3,1
Akshan/Varus (SH/RU),Akshan/Morgana (MT/SH),3,3,1
Lee Sin/Viktor (IO/PZ),Sejuani/Swain (FR/NX),3,3,1
Lillia/Sett (BC/IO),Gwen (NX/SI),3,3,1
Jayce/Lux (DE/PZ),Championpile (FR/SH),3,3,1
Akshan/Morgana (MT/SH),Senna/Veigar (BC/SI),3,3,1
Championless (SI),Galio (DE/FR),3,3,1
Maokai (BW/SI),Poppy/Taric (DE/MT),3,3,1
Janna/Viktor (IO/PZ),Championless (PZ/SI),3,3,1
Ashe/LeBlanc (FR/NX),LeBlanc/Rumble (BC/NX),3,3,1
Lee Sin/Viktor (IO/PZ),LeBlanc/Udyr (FR/NX),3,3,1
Ornn/Varus (FR/RU),Gwen/LeBlanc (NX/SI),3,3,1
Championless (SI),Kalista (IO/SI),3,3,1
Senna/Veigar (PZ/SI),Ashe/Tahm Kench (BW/FR),3,3,1
Akshan/Nidalee/Sivir (DE/SH),Gnar/Renekton (FR/SH),3,3,1
Senna/Veigar (PZ/SI),Caitlyn/Swain (NX/PZ),3,3,1
Braum/Lillia (FR/IO),Gwen (FR/SI),3,3,1
Jax/Ornn (FR/RU),Gangplank/Sejuani (BW/FR),3,3,1
LeBlanc/Leona (MT/NX),Akshan/Varus (SH/RU),3,3,1
Senna/Veigar (PZ/SI),Neeko/Poppy (DE/RU),3,3,1
Darius/Gnar (FR/NX),Gwen (FR/SI),3,3,1
Janna/Sett (IO/PZ),Nasus/Senna (SI/SH),3,3,1
Kayle (BW/MT),Braum/Morgana (DE/FR),3,3,1
Lee Sin/Riven (IO/NX),Championless (SI),3,3,1
Lee Sin/Riven (IO/NX),Kayle (BW/MT),3,3,1
Braum/Lillia (FR/IO),Vayne/Vi (DE/PZ),3,3,1
Morgana/Udyr (DE/FR),Vayne/Vi (DE/PZ),3,3,1
Akshan/Lee Sin (IO/SH),Sejuani/Swain (FR/NX),3,3,1
Ashe/LeBlanc (FR/NX),Lulu/Shen (IO/MT),3,3,1
Ashe/LeBlanc (FR/NX),Garen/Udyr (DE/FR),3,3,1
Leona/Sett (IO/MT),Nasus/Senna (SI/SH),3,3,1
Neeko/Poppy (DE/RU),Janna (PZ/SI),3,3,1
Morgana/Riven (MT/NX),Jayce/Lux (DE/PZ),3,3,1
Senna (PZ/SI),Gangplank/Nidalee (BW/SH),3,3,1
Akshan/Varus (SH/RU),Garen/Shen (DE/IO),3,3,1
Lillia/Sett (BC/IO),Braum/Garen/Udyr (DE/FR),3,3,1
Darius/LeBlanc/Riven (BW/NX),Championless (SI),3,3,1
Gwen/Kalista (NX/SI),Braum/Lillia (FR/IO),3,3,1
Garen/Poppy (DE),Nasus/Thresh (SI/SH),3,3,1
Swain (BW/NX),Lillia/Udyr (FR/IO),3,3,1
Akshan/Nidalee (FR/SH),Jayce/Lux (DE/PZ),3,3,1
Poppy/Riven (BC/NX),LeBlanc/Sivir (NX/SH),3,3,1
Akshan/Sivir (DE/SH),Nasus/Thresh (SI/SH),3,3,1
Poppy/Tristana (BC/NX),Gwen (FR/SI),3,3,1
Aatrox/Kayn (RU/RU),Garen/Poppy (DE/PZ),3,3,1
Riven/Viktor (NX/PZ),Braum/Udyr (FR),3,3,1
Morgana/Udyr (DE/FR),Darius/Gnar (FR/NX),38,62,0.612903225806452
Darius/Gnar (FR/NX),Morgana/Udyr (DE/FR),24,62,0.387096774193548
Sett (IO/PZ),Lee Sin/Viktor (IO/PZ),6,14,0.428571428571429
Braum/Vladimir (FR/NX),Neeko/Poppy (DE/RU),6,14,0.428571428571429
Aphelios/Lee Sin (IO/MT),Jayce/Lux (DE/PZ),6,14,0.428571428571429
Shyvana (DE/MT),Ashe/LeBlanc (FR/NX),6,14,0.428571428571429
Galio/Udyr (DE/FR),Braum/Vladimir (FR/NX),6,14,0.428571428571429
Kalista (SI),Nasus/Thresh (SI/SH),6,14,0.428571428571429
Nasus/Thresh (SI/SH),Nidalee (BC/SH),6,14,0.428571428571429
Shen/Sivir (IO/SH),Maokai/Nautilus (BW/SI),6,14,0.428571428571429
Lee Sin/Viktor (IO/PZ),Sett (IO/PZ),8,14,0.571428571428571
Neeko/Poppy (DE/RU),Braum/Vladimir (FR/NX),8,14,0.571428571428571
Jayce/Lux (DE/PZ),Aphelios/Lee Sin (IO/MT),8,14,0.571428571428571
Ashe/LeBlanc (FR/NX),Shyvana (DE/MT),8,14,0.571428571428571
Braum/Vladimir (FR/NX),Galio/Udyr (DE/FR),8,14,0.571428571428571
Nasus/Thresh (SI/SH),Kalista (SI),8,14,0.571428571428571
Nidalee (BC/SH),Nasus/Thresh (SI/SH),8,14,0.571428571428571
Maokai/Nautilus (BW/SI),Shen/Sivir (IO/SH),8,14,0.571428571428571
Morgana/Udyr (DE/FR),Janna/Sett (IO/PZ),7,24,0.291666666666667
Janna/Sett (IO/PZ),Morgana/Udyr (DE/FR),17,24,0.708333333333333
Ashe/LeBlanc (FR/NX),Morgana/Udyr (DE/FR),35,96,0.364583333333333
Morgana/Udyr (DE/FR),Ashe/LeBlanc (FR/NX),61,96,0.635416666666667
Galio/Udyr (DE/FR),Darius (FR/NX),6,7,0.857142857142857
Akshan/Varus (SH/RU),Ryze (IO/RU),6,7,0.857142857142857
Ashe/LeBlanc (FR/NX),Ashe/Janna (FR/PZ),6,7,0.857142857142857
Riven/Viktor (NX/PZ),Rumble/Sion (BC/NX),6,7,0.857142857142857
Senna/Veigar (BC/SI),Sejuani/Swain (FR/NX),6,7,0.857142857142857
Ashe/LeBlanc (FR/NX),LeBlanc (FR/NX),6,7,0.857142857142857
Neeko/Poppy (BC/RU),Jayce/Lux (DE/PZ),6,7,0.857142857142857
Akshan/Varus (SH/RU),Nasus/Senna (SI/SH),6,7,0.857142857142857
Championless (SI),Aphelios/Yasuo (IO/MT),6,7,0.857142857142857
Kalista (SI),Neeko/Poppy (DE/RU),6,7,0.857142857142857
Janna/Sett/Viktor (IO/PZ),Championless (SI),6,7,0.857142857142857
Gwen/Vayne (DE/SI),Nidalee (BC/SH),6,7,0.857142857142857
Nidalee (BC/SH),Gnar/Neeko (FR/RU),6,7,0.857142857142857
Riven/Viktor (NX/PZ),Championless (PZ/SI),6,7,0.857142857142857
Galio/Udyr (DE/FR),Gwen/Vayne (DE/SI),6,7,0.857142857142857
Akshan/Morgana (MT/SH),Kayle (BW/MT),6,7,0.857142857142857
Gwen/LeBlanc (NX/SI),Nasus/Thresh (SI/SH),6,7,0.857142857142857
Nidalee (BC/SH),Senna/Veigar (PZ/SI),6,7,0.857142857142857
Darius (FR/NX),Galio/Udyr (DE/FR),1,7,0.142857142857143
Ryze (IO/RU),Akshan/Varus (SH/RU),1,7,0.142857142857143
Ashe/Janna (FR/PZ),Ashe/LeBlanc (FR/NX),1,7,0.142857142857143
Rumble/Sion (BC/NX),Riven/Viktor (NX/PZ),1,7,0.142857142857143
Sejuani/Swain (FR/NX),Senna/Veigar (BC/SI),1,7,0.142857142857143
LeBlanc (FR/NX),Ashe/LeBlanc (FR/NX),1,7,0.142857142857143
Jayce/Lux (DE/PZ),Neeko/Poppy (BC/RU),1,7,0.142857142857143
Nasus/Senna (SI/SH),Akshan/Varus (SH/RU),1,7,0.142857142857143
Aphelios/Yasuo (IO/MT),Championless (SI),1,7,0.142857142857143
Neeko/Poppy (DE/RU),Kalista (SI),1,7,0.142857142857143
Championless (SI),Janna/Sett/Viktor (IO/PZ),1,7,0.142857142857143
Nidalee (BC/SH),Gwen/Vayne (DE/SI),1,7,0.142857142857143
Gnar/Neeko (FR/RU),Nidalee (BC/SH),1,7,0.142857142857143
Championless (PZ/SI),Riven/Viktor (NX/PZ),1,7,0.142857142857143
Gwen/Vayne (DE/SI),Galio/Udyr (DE/FR),1,7,0.142857142857143
Kayle (BW/MT),Akshan/Morgana (MT/SH),1,7,0.142857142857143
Nasus/Thresh (SI/SH),Gwen/LeBlanc (NX/SI),1,7,0.142857142857143
Senna/Veigar (PZ/SI),Nidalee (BC/SH),1,7,0.142857142857143
Morgana/Udyr (DE/FR),Senna/Veigar (BC/SI),55,97,0.567010309278351
Senna/Veigar (BC/SI),Morgana/Udyr (DE/FR),42,97,0.43298969072165
Jayce/Lux (DE/PZ),Darius/Gnar (FR/NX),28,68,0.411764705882353
Darius/Gnar (FR/NX),Jayce/Lux (DE/PZ),40,68,0.588235294117647
Jayce/Lux (DE/PZ),Ashe/LeBlanc (FR/NX),62,107,0.579439252336449
Ashe/LeBlanc (FR/NX),Jayce/Lux (DE/PZ),45,107,0.420560747663551
Neeko/Poppy (DE/RU),Jayce/Lux (DE/PZ),5,23,0.217391304347826
Jayce/Lux (DE/PZ),Neeko/Poppy (DE/RU),18,23,0.782608695652174
Maokai/Nautilus (BW/SI),Darius/Gnar (FR/NX),20,68,0.294117647058824
Darius/Gnar (FR/NX),Maokai/Nautilus (BW/SI),48,68,0.705882352941177
Senna/Veigar (BC/SI),Darius/Gnar (FR/NX),36,78,0.461538461538462
Darius/Gnar (FR/NX),Senna/Veigar (BC/SI),42,78,0.538461538461538
LeBlanc/Sivir (NX/SH),Akshan/Varus (SH/RU),19,32,0.59375
Ashe/LeBlanc (FR/NX),Neeko/Poppy (DE/RU),19,32,0.59375
Akshan/Varus (SH/RU),LeBlanc/Sivir (NX/SH),13,32,0.40625
Neeko/Poppy (DE/RU),Ashe/LeBlanc (FR/NX),13,32,0.40625
Darius/Gnar (FR/NX),Darius/Gnar (FR/NX),34,68,0.5
Gangplank/Sejuani (BW/FR),Aphelios/Viktor (MT/PZ),2,8,0.25
Leona/Malphite (IO/MT),Championless (SI),2,8,0.25
Illaoi/Swain (BW/NX),Morgana/Udyr (DE/FR),2,8,0.25
Aphelios/Lee Sin (IO/MT),Ashe (FR/PZ),2,8,0.25
Malphite/Yasuo (IO/MT),Akshan/Lee Sin (IO/SH),2,8,0.25
Garen (DE/SH),Jayce/Lux (DE/PZ),2,8,0.25
Nasus/Renekton (SH),Ashe (FR/PZ),2,8,0.25
Gnar/Sejuani (BC/FR),Senna/Veigar (BC/SI),2,8,0.25
Lillia/Sett (BC/IO),Janna/Sett (IO/PZ),2,8,0.25
Neeko/Poppy (DE/RU),Nasus/Thresh (SI/SH),2,8,0.25
Akshan/Morgana (DE/SH),Championless (SI),2,8,0.25
Aphelios/Viktor (MT/PZ),Gwen/LeBlanc (NX/SI),2,8,0.25
Gwen/Vayne (DE/SI),Aatrox/Kayn (RU/RU),2,8,0.25
Sett (IO/PZ),Shen/Sivir (IO/SH),2,8,0.25
Ashe (FR/PZ),Maokai (BW/SI),2,8,0.25
Jax/Ornn (FR/RU),LeBlanc/Sivir (NX/SH),2,8,0.25
Aphelios/Viktor (MT/PZ),Gangplank/Sejuani (BW/FR),6,8,0.75
Championless (SI),Leona/Malphite (IO/MT),6,8,0.75
Morgana/Udyr (DE/FR),Illaoi/Swain (BW/NX),6,8,0.75
Ashe (FR/PZ),Aphelios/Lee Sin (IO/MT),6,8,0.75
Akshan/Lee Sin (IO/SH),Malphite/Yasuo (IO/MT),6,8,0.75
Jayce/Lux (DE/PZ),Garen (DE/SH),6,8,0.75
Ashe (FR/PZ),Nasus/Renekton (SH),6,8,0.75
Senna/Veigar (BC/SI),Gnar/Sejuani (BC/FR),6,8,0.75
Janna/Sett (IO/PZ),Lillia/Sett (BC/IO),6,8,0.75
Nasus/Thresh (SI/SH),Neeko/Poppy (DE/RU),6,8,0.75
Championless (SI),Akshan/Morgana (DE/SH),6,8,0.75
Gwen/LeBlanc (NX/SI),Aphelios/Viktor (MT/PZ),6,8,0.75
Aatrox/Kayn (RU/RU),Gwen/Vayne (DE/SI),6,8,0.75
Shen/Sivir (IO/SH),Sett (IO/PZ),6,8,0.75
Maokai (BW/SI),Ashe (FR/PZ),6,8,0.75
LeBlanc/Sivir (NX/SH),Jax/Ornn (FR/RU),6,8,0.75
Jayce/Lux (DE/PZ),Rumble/Sion (BC/NX),16,29,0.551724137931035
Kalista (SI),LeBlanc/Sivir (NX/SH),16,29,0.551724137931035
Kayle (BW/MT),Aatrox/Kayn (RU/RU),16,29,0.551724137931035
Championless (SI),Senna (PZ/SI),16,29,0.551724137931035
Rumble/Sion (BC/NX),Jayce/Lux (DE/PZ),13,29,0.448275862068966
LeBlanc/Sivir (NX/SH),Kalista (SI),13,29,0.448275862068966
Aatrox/Kayn (RU/RU),Kayle (BW/MT),13,29,0.448275862068966
Senna (PZ/SI),Championless (SI),13,29,0.448275862068966
Championless (SI),Aatrox/Morgana (RU/DE),10,15,0.666666666666667
Morgana/Udyr (DE/FR),Gnar/Nidalee (BC/SH),10,15,0.666666666666667
Ashe/LeBlanc (FR/NX),Nasus/Renekton (SH),10,15,0.666666666666667
Maokai/Nautilus (BW/SI),Nasus/Senna (SI/SH),10,15,0.666666666666667
Gnar/Sejuani (BC/FR),Kayle (BW/MT),10,15,0.666666666666667
Maokai/Nautilus (BW/SI),Gwen/Vayne (DE/SI),10,15,0.666666666666667
Akshan/Varus (SH/RU),Championless (MT/SI),10,15,0.666666666666667
Aatrox/Morgana (RU/DE),Championless (SI),5,15,0.333333333333333
Gnar/Nidalee (BC/SH),Morgana/Udyr (DE/FR),5,15,0.333333333333333
Nasus/Renekton (SH),Ashe/LeBlanc (FR/NX),5,15,0.333333333333333
Nasus/Senna (SI/SH),Maokai/Nautilus (BW/SI),5,15,0.333333333333333
Kayle (BW/MT),Gnar/Sejuani (BC/FR),5,15,0.333333333333333
Gwen/Vayne (DE/SI),Maokai/Nautilus (BW/SI),5,15,0.333333333333333
Championless (MT/SI),Akshan/Varus (SH/RU),5,15,0.333333333333333
Ashe/LeBlanc (FR/NX),Rumble/Sion (BC/NX),22,37,0.594594594594595
Rumble/Sion (BC/NX),Ashe/LeBlanc (FR/NX),15,37,0.405405405405405
Gnar/Swain (BC/NX),Ashe/LeBlanc (FR/NX),5,7,0.714285714285714
Kalista (SI),Nasus/Renekton (SH),5,7,0.714285714285714
Ashe/LeBlanc (FR/NX),Morgana/Taric (DE/MT),5,7,0.714285714285714
Ashe/LeBlanc (FR/NX),Rumble/Vayne (DE/NX),5,7,0.714285714285714
Akshan/Lee Sin (IO/SH),Gwen/Kalista (NX/SI),5,7,0.714285714285714
Braum/Vladimir (FR/NX),Leona/Yasuo (IO/MT),5,7,0.714285714285714
Jayce/Lux (DE/PZ),Championless (IO/SI),5,7,0.714285714285714
Championless (MT/SI),Lee Sin/Viktor (IO/PZ),5,7,0.714285714285714
Sett (IO/PZ),Championless (PZ/SI),5,7,0.714285714285714
Akshan/Lee Sin (IO/SH),LeBlanc/Sivir (NX/SH),5,7,0.714285714285714
Swain/Vladimir (BW/NX),Jayce/Lux (DE/PZ),5,7,0.714285714285714
Braum/Galio (DE/FR),Jayce/Lux (DE/PZ),5,7,0.714285714285714
Kayle (BW/MT),Garen/Udyr (DE/FR),5,7,0.714285714285714
Maokai/Nautilus (BW/SI),Braum/Galio (DE/FR),5,7,0.714285714285714
Galio/Morgana (DE/MT),Akshan/Lee Sin (IO/SH),5,7,0.714285714285714
Gangplank/Sejuani (BW/FR),Championless (PZ/SI),5,7,0.714285714285714
Shyvana (DE/MT),Jayce/Lux (DE/PZ),5,7,0.714285714285714
Akshan/Nidalee/Sivir (DE/SH),Ashe/LeBlanc (FR/NX),5,7,0.714285714285714
Nasus (SI/SH),Senna/Veigar (BC/SI),5,7,0.714285714285714
LeBlanc/Udyr (FR/NX),Aatrox/Kayn (RU/RU),5,7,0.714285714285714
Galio/Udyr (DE/FR),Gangplank/Sejuani (BW/FR),5,7,0.714285714285714
Akshan/Sivir (NX/SH),Championless (SI),5,7,0.714285714285714
Nidalee (BC/SH),Shen/Sivir (IO/SH),5,7,0.714285714285714
Morgana/Udyr (DE/FR),Gwen/Vayne (DE/SI),5,7,0.714285714285714
Akshan/Sivir (NX/SH),Braum/Vladimir (FR/NX),5,7,0.714285714285714
Akshan/Sivir (NX/SH),Maokai/Nautilus (BW/SI),5,7,0.714285714285714
Braum/Vladimir (FR/NX),Gnar/Sejuani (BC/FR),5,7,0.714285714285714
Darius/Lulu (IO/NX),Aatrox/Kayn (RU/RU),5,7,0.714285714285714
Maokai/Nautilus (BW/SI),Kalista (MT/SI),5,7,0.714285714285714
Championless (SI),Gangplank/Swain (BW/NX),5,7,0.714285714285714
Shen/Sivir (IO/SH),Kalista (SI),5,7,0.714285714285714
Neeko/Poppy (DE/RU),Senna (PZ/SI),5,7,0.714285714285714
Akshan/Varus (SH/RU),Senna/Veigar (PZ/SI),5,7,0.714285714285714
Ashe/LeBlanc (FR/NX),Gnar/Swain (BC/NX),2,7,0.285714285714286
Nasus/Renekton (SH),Kalista (SI),2,7,0.285714285714286
Morgana/Taric (DE/MT),Ashe/LeBlanc (FR/NX),2,7,0.285714285714286
Rumble/Vayne (DE/NX),Ashe/LeBlanc (FR/NX),2,7,0.285714285714286
Gwen/Kalista (NX/SI),Akshan/Lee Sin (IO/SH),2,7,0.285714285714286
Leona/Yasuo (IO/MT),Braum/Vladimir (FR/NX),2,7,0.285714285714286
Championless (IO/SI),Jayce/Lux (DE/PZ),2,7,0.285714285714286
Lee Sin/Viktor (IO/PZ),Championless (MT/SI),2,7,0.285714285714286
Championless (PZ/SI),Sett (IO/PZ),2,7,0.285714285714286
LeBlanc/Sivir (NX/SH),Akshan/Lee Sin (IO/SH),2,7,0.285714285714286
Jayce/Lux (DE/PZ),Swain/Vladimir (BW/NX),2,7,0.285714285714286
Jayce/Lux (DE/PZ),Braum/Galio (DE/FR),2,7,0.285714285714286
Garen/Udyr (DE/FR),Kayle (BW/MT),2,7,0.285714285714286
Braum/Galio (DE/FR),Maokai/Nautilus (BW/SI),2,7,0.285714285714286
Akshan/Lee Sin (IO/SH),Galio/Morgana (DE/MT),2,7,0.285714285714286
Championless (PZ/SI),Gangplank/Sejuani (BW/FR),2,7,0.285714285714286
Jayce/Lux (DE/PZ),Shyvana (DE/MT),2,7,0.285714285714286
Ashe/LeBlanc (FR/NX),Akshan/Nidalee/Sivir (DE/SH),2,7,0.285714285714286
Senna/Veigar (BC/SI),Nasus (SI/SH),2,7,0.285714285714286
Aatrox/Kayn (RU/RU),LeBlanc/Udyr (FR/NX),2,7,0.285714285714286
Gangplank/Sejuani (BW/FR),Galio/Udyr (DE/FR),2,7,0.285714285714286
Championless (SI),Akshan/Sivir (NX/SH),2,7,0.285714285714286
Shen/Sivir (IO/SH),Nidalee (BC/SH),2,7,0.285714285714286
Gwen/Vayne (DE/SI),Morgana/Udyr (DE/FR),2,7,0.285714285714286
Braum/Vladimir (FR/NX),Akshan/Sivir (NX/SH),2,7,0.285714285714286
Maokai/Nautilus (BW/SI),Akshan/Sivir (NX/SH),2,7,0.285714285714286
Gnar/Sejuani (BC/FR),Braum/Vladimir (FR/NX),2,7,0.285714285714286
Aatrox/Kayn (RU/RU),Darius/Lulu (IO/NX),2,7,0.285714285714286
Kalista (MT/SI),Maokai/Nautilus (BW/SI),2,7,0.285714285714286
Gangplank/Swain (BW/NX),Championless (SI),2,7,0.285714285714286
Kalista (SI),Shen/Sivir (IO/SH),2,7,0.285714285714286
Senna (PZ/SI),Neeko/Poppy (DE/RU),2,7,0.285714285714286
Senna/Veigar (PZ/SI),Akshan/Varus (SH/RU),2,7,0.285714285714286
Morgana/Udyr (DE/FR),Kalista (SI),17,31,0.548387096774194
Kalista (SI),Morgana/Udyr (DE/FR),14,31,0.451612903225806
Gangplank/Sejuani (BW/FR),Morgana/Udyr (DE/FR),2,17,0.117647058823529
Morgana/Udyr (DE/FR),Gangplank/Sejuani (BW/FR),15,17,0.882352941176471
Kalista (SI),Gangplank/Sejuani (BW/FR),7,11,0.636363636363636
Sett (IO/PZ),Nidalee (BC/SH),7,11,0.636363636363636
Championless (MT/SI),Braum/Vladimir (FR/NX),7,11,0.636363636363636
Championless (SI),Aphelios/Lee Sin (IO/MT),7,11,0.636363636363636
Riven/Viktor (NX/PZ),Jack/Sett (BW/IO),7,11,0.636363636363636
Riven/Viktor (NX/PZ),LeBlanc/Sivir (NX/SH),7,11,0.636363636363636
Maokai (BW/SI),Braum/Vladimir (FR/NX),7,11,0.636363636363636
Championless (SI),Yasuo (IO/NX),7,11,0.636363636363636
Rumble/Sion (BC/NX),Nasus/Renekton (SH),7,11,0.636363636363636
Nasus/Thresh (SI/SH),Galio/Udyr (DE/FR),7,11,0.636363636363636
Nidalee (BC/SH),Nasus/Senna (SI/SH),7,11,0.636363636363636
Janna/Sett (IO/PZ),Rumble/Sion (BC/NX),7,11,0.636363636363636
Championless (SI),Lillia (FR/IO),7,11,0.636363636363636
Gangplank/Sejuani (BW/FR),Janna/Sett (IO/PZ),7,11,0.636363636363636
Akshan/Nidalee/Sivir (DE/SH),Championless (SI),7,11,0.636363636363636
Gangplank/Sejuani (BW/FR),Kalista (SI),4,11,0.363636363636364
Nidalee (BC/SH),Sett (IO/PZ),4,11,0.363636363636364
Braum/Vladimir (FR/NX),Championless (MT/SI),4,11,0.363636363636364
Aphelios/Lee Sin (IO/MT),Championless (SI),4,11,0.363636363636364
Jack/Sett (BW/IO),Riven/Viktor (NX/PZ),4,11,0.363636363636364
LeBlanc/Sivir (NX/SH),Riven/Viktor (NX/PZ),4,11,0.363636363636364
Braum/Vladimir (FR/NX),Maokai (BW/SI),4,11,0.363636363636364
Yasuo (IO/NX),Championless (SI),4,11,0.363636363636364
Nasus/Renekton (SH),Rumble/Sion (BC/NX),4,11,0.363636363636364
Galio/Udyr (DE/FR),Nasus/Thresh (SI/SH),4,11,0.363636363636364
Nasus/Senna (SI/SH),Nidalee (BC/SH),4,11,0.363636363636364
Rumble/Sion (BC/NX),Janna/Sett (IO/PZ),4,11,0.363636363636364
Lillia (FR/IO),Championless (SI),4,11,0.363636363636364
Janna/Sett (IO/PZ),Gangplank/Sejuani (BW/FR),4,11,0.363636363636364
Championless (SI),Akshan/Nidalee/Sivir (DE/SH),4,11,0.363636363636364
Akshan/Lee Sin (IO/SH),Ashe/LeBlanc (FR/NX),42,102,0.411764705882353
Ashe/LeBlanc (FR/NX),Akshan/Lee Sin (IO/SH),60,102,0.588235294117647
Ashe/LeBlanc (FR/NX),Ashe/LeBlanc (FR/NX),71,142,0.5
Darius/Gnar (FR/NX),Gangplank/Sejuani (BW/FR),15,20,0.75
Gangplank/Sejuani (BW/FR),Darius/Gnar (FR/NX),5,20,0.25
Ashe/LeBlanc (FR/NX),Kalista (SI),17,50,0.34
Kalista (SI),Ashe/LeBlanc (FR/NX),33,50,0.66
Akshan/Lee Sin (IO/SH),Morgana/Udyr (DE/FR),29,55,0.527272727272727
Morgana/Udyr (DE/FR),Akshan/Lee Sin (IO/SH),26,55,0.472727272727273
Akshan/Lee Sin (IO/SH),Neeko/Poppy (DE/RU),11,18,0.611111111111111
Braum/Vladimir (FR/NX),Sett (IO/PZ),11,18,0.611111111111111
Neeko/Poppy (DE/RU),Akshan/Lee Sin (IO/SH),7,18,0.388888888888889
Sett (IO/PZ),Braum/Vladimir (FR/NX),7,18,0.388888888888889
Aatrox/Kayn (RU/RU),Maokai (BW/SI),2,4,0.5
Maokai (BW/SI),Aatrox/Kayn (RU/RU),2,4,0.5
Leona/Yasuo (IO/MT),Darius/Gnar (FR/NX),2,4,0.5
Darius/Gnar (FR/NX),Leona/Yasuo (IO/MT),2,4,0.5
Ashe (FR/PZ),Garen/Shyvana (DE/MT),2,4,0.5
Garen/Shyvana (DE/MT),Ashe (FR/PZ),2,4,0.5
Nasus/Senna (SI/SH),Nasus/Senna (SI/SH),2,4,0.5
Riven/Viktor (NX/PZ),Morgana/Udyr (FR/MT),2,4,0.5
Morgana/Udyr (FR/MT),Riven/Viktor (NX/PZ),2,4,0.5
Lillia/Ryze (IO/RU),Championless (SI),2,4,0.5
Championless (SI),Lillia/Ryze (IO/RU),2,4,0.5
Nasus/Renekton (SH),Riven/Viktor (NX/PZ),2,4,0.5
Riven/Viktor (NX/PZ),Nasus/Renekton (SH),2,4,0.5
Kayle/Morgana (DE/MT),Jayce/Lux (DE/PZ),2,4,0.5
Jayce/Lux (DE/PZ),Kayle/Morgana (DE/MT),2,4,0.5
Gangplank/Sejuani (BW/FR),Gangplank/Sejuani (BW/FR),2,4,0.5
Gangplank/Gnar (BC/BW),Gangplank/Sejuani (BW/FR),2,4,0.5
Gangplank/Sejuani (BW/FR),Gangplank/Gnar (BC/BW),2,4,0.5
Malphite/Yasuo (IO/MT),Malphite/Yasuo (IO/MT),2,4,0.5
Senna/Veigar (BC/SI),Lillia/Ryze (IO/RU),2,4,0.5
Lillia/Ryze (IO/RU),Senna/Veigar (BC/SI),2,4,0.5
Malphite/Yasuo (IO/MT),Aatrox/Kayn (RU/RU),2,4,0.5
Aatrox/Kayn (RU/RU),Malphite/Yasuo (IO/MT),2,4,0.5
Senna/Veigar (BC/SI),Leona/Malphite (IO/MT),2,4,0.5
Leona/Malphite (IO/MT),Senna/Veigar (BC/SI),2,4,0.5
Jack/Sett (BW/IO),LeBlanc (FR/NX),2,4,0.5
LeBlanc (FR/NX),Jack/Sett (BW/IO),2,4,0.5
Senna/Veigar (BC/SI),Gwen/Kalista (FR/SI),2,4,0.5
Gwen/Kalista (FR/SI),Senna/Veigar (BC/SI),2,4,0.5
Kalista/Sion (NX/SI),Championless (SI),2,4,0.5
Championless (SI),Kalista/Sion (NX/SI),2,4,0.5
Lee Sin/Viktor (IO/PZ),Rumble/Vayne (DE/NX),2,4,0.5
Rumble/Vayne (DE/NX),Lee Sin/Viktor (IO/PZ),2,4,0.5
Gwen/Kalista (FR/SI),Championless (SI),2,4,0.5
Championless (SI),Gwen/Kalista (FR/SI),2,4,0.5
Nidalee (BC/SH),Poppy/Tristana (BC/MT),2,4,0.5
Poppy/Tristana (BC/MT),Nidalee (BC/SH),2,4,0.5
Ashe/LeBlanc (FR/NX),Championless (IO/SI),2,4,0.5
Championless (IO/SI),Ashe/LeBlanc (FR/NX),2,4,0.5
Darius/Gnar/LeBlanc (FR/NX),Championless (MT/SI),2,4,0.5
Championless (MT/SI),Darius/Gnar/LeBlanc (FR/NX),2,4,0.5
Kalista (SI),Championless (MT/SI),2,4,0.5
Championless (MT/SI),Kalista (SI),2,4,0.5
Aatrox/Kayn (RU/RU),Darius (FR/NX),2,4,0.5
Darius (FR/NX),Aatrox/Kayn (RU/RU),2,4,0.5
Ashe/LeBlanc (FR/NX),Leona/Malphite (IO/MT),2,4,0.5
Leona/Malphite (IO/MT),Ashe/LeBlanc (FR/NX),2,4,0.5
Rumble/Vayne (DE/NX),Garen/Taric (DE/MT),2,4,0.5
Garen/Taric (DE/MT),Rumble/Vayne (DE/NX),2,4,0.5
Darius/LeBlanc (FR/NX),Akshan/Lee Sin (IO/SH),2,4,0.5
Akshan/Lee Sin (IO/SH),Darius/LeBlanc (FR/NX),2,4,0.5
Morgana/Taric (DE/MT),Sett (IO/PZ),2,4,0.5
Sett (IO/PZ),Morgana/Taric (DE/MT),2,4,0.5
Rumble/Vayne (DE/NX),Senna/Veigar (BC/SI),2,4,0.5
Senna/Veigar (BC/SI),Rumble/Vayne (DE/NX),2,4,0.5
Sett (IO/PZ),Sett (IO/PZ),2,4,0.5
Aatrox/Kayn (RU/RU),Akshan/Sivir (NX/SH),2,4,0.5
Akshan/Sivir (NX/SH),Aatrox/Kayn (RU/RU),2,4,0.5
LeBlanc/Rumble/Sion (IO/NX),Jayce/Lux (DE/PZ),2,4,0.5
Jayce/Lux (DE/PZ),LeBlanc/Rumble/Sion (IO/NX),2,4,0.5
Yasuo (IO/NX),Akshan/Lee Sin (IO/SH),2,4,0.5
Akshan/Lee Sin (IO/SH),Yasuo (IO/NX),2,4,0.5
Braum/Sejuani (FR/IO),LeBlanc (FR/NX),2,4,0.5
LeBlanc (FR/NX),Braum/Sejuani (FR/IO),2,4,0.5
Kayle (BW/MT),Kayle/Morgana (DE/MT),2,4,0.5
Kayle/Morgana (DE/MT),Kayle (BW/MT),2,4,0.5
Gnar/Nidalee (BC/SH),LeBlanc/Sivir (NX/SH),2,4,0.5
LeBlanc/Sivir (NX/SH),Gnar/Nidalee (BC/SH),2,4,0.5
Jack/Sett (BW/IO),Sett (IO/PZ),2,4,0.5
Sett (IO/PZ),Jack/Sett (BW/IO),2,4,0.5
Janna (PZ/SI),Akshan/Lee Sin (IO/SH),2,4,0.5
Akshan/Lee Sin (IO/SH),Janna (PZ/SI),2,4,0.5
Ashe (FR/SI),Darius/Gnar (FR/NX),2,4,0.5
Darius/Gnar (FR/NX),Ashe (FR/SI),2,4,0.5
Nasus/Senna (SI/SH),Nasus/Thresh (SI/SH),2,4,0.5
Nasus/Thresh (SI/SH),Nasus/Senna (SI/SH),2,4,0.5
Lillia/Udyr (FR/IO),Akshan/Lee Sin (IO/SH),2,4,0.5
Akshan/Lee Sin (IO/SH),Lillia/Udyr (FR/IO),2,4,0.5
Gwen/LeBlanc (NX/SI),Gwen/LeBlanc (NX/SI),2,4,0.5
Leona/Malphite (IO/MT),Ashe (FR/PZ),2,4,0.5
Ashe (FR/PZ),Leona/Malphite (IO/MT),2,4,0.5
Gwen/Riven (NX/SI),Kalista (SI),2,4,0.5
Kalista (SI),Gwen/Riven (NX/SI),2,4,0.5
Championless (BC/SI),Championless (SI),2,4,0.5
Championless (SI),Championless (BC/SI),2,4,0.5
Kayle (BW/MT),Ashe/Tahm Kench (BW/FR),2,4,0.5
Ashe/Tahm Kench (BW/FR),Kayle (BW/MT),2,4,0.5
Leona (MT/SH),Kayle (BW/MT),2,4,0.5
Kayle (BW/MT),Leona (MT/SH),2,4,0.5
Akshan/Nasus (SI/SH),Nasus/Senna (SI/SH),2,4,0.5
Nasus/Senna (SI/SH),Akshan/Nasus (SI/SH),2,4,0.5
Braum/Galio (DE/FR),Braum/Galio (DE/FR),2,4,0.5
Lee Sin/Viktor (IO/PZ),Galio/Morgana (DE/FR),2,4,0.5
Galio/Morgana (DE/FR),Lee Sin/Viktor (IO/PZ),2,4,0.5
Lee Sin/Viktor (IO/PZ),Gnar/Swain (BC/NX),2,4,0.5
Gnar/Swain (BC/NX),Lee Sin/Viktor (IO/PZ),2,4,0.5
LeBlanc/Udyr (FR/NX),Jayce/Lux (DE/PZ),2,4,0.5
Jayce/Lux (DE/PZ),LeBlanc/Udyr (FR/NX),2,4,0.5
Akshan/Lee Sin (IO/SH),Akshan/Nidalee/Sivir (DE/SH),2,4,0.5
Akshan/Nidalee/Sivir (DE/SH),Akshan/Lee Sin (IO/SH),2,4,0.5
LeBlanc (FR/NX),Braum/Vladimir (FR/NX),2,4,0.5
Braum/Vladimir (FR/NX),LeBlanc (FR/NX),2,4,0.5
Aphelios/Lee Sin (IO/MT),Aphelios/Lee Sin (IO/MT),2,4,0.5
Shyvana (DE/MT),Nasus (SI/SH),2,4,0.5
Nasus (SI/SH),Shyvana (DE/MT),2,4,0.5
Ashe/LeBlanc (FR/NX),Garen/Taric (DE/MT),2,4,0.5
Garen/Taric (DE/MT),Ashe/LeBlanc (FR/NX),2,4,0.5
Darius (FR/NX),Shyvana (DE/MT),2,4,0.5
Shyvana (DE/MT),Darius (FR/NX),2,4,0.5
Maokai/Nautilus (BW/SI),Yasuo (IO/NX),2,4,0.5
Yasuo (IO/NX),Maokai/Nautilus (BW/SI),2,4,0.5
Maokai/Nautilus (BW/SI),Akshan/Morgana (DE/SH),2,4,0.5
Akshan/Morgana (DE/SH),Maokai/Nautilus (BW/SI),2,4,0.5
Kayle (BW/MT),Morgana/Riven (MT/NX),2,4,0.5
Morgana/Riven (MT/NX),Kayle (BW/MT),2,4,0.5
Senna/Veigar (BC/SI),Galio/Garen (DE/MT),2,4,0.5
Galio/Garen (DE/MT),Senna/Veigar (BC/SI),2,4,0.5
Akshan/Sivir (NX/SH),Jax/Ornn (FR/RU),2,4,0.5
Jax/Ornn (FR/RU),Akshan/Sivir (NX/SH),2,4,0.5
Senna/Veigar (BC/SI),Akshan/Braum (FR/SH),2,4,0.5
Akshan/Braum (FR/SH),Senna/Veigar (BC/SI),2,4,0.5
Akshan/Sivir (NX/SH),Darius/Gnar (FR/NX),2,4,0.5
Darius/Gnar (FR/NX),Akshan/Sivir (NX/SH),2,4,0.5
Akshan/Sivir (NX/SH),Galio/Udyr (DE/FR),2,4,0.5
Galio/Udyr (DE/FR),Akshan/Sivir (NX/SH),2,4,0.5
Akshan/Sivir (NX/SH),Akshan/Sivir (NX/SH),2,4,0.5
Nidalee (BC/SH),Jax/Ornn (FR/RU),2,4,0.5
Jax/Ornn (FR/RU),Nidalee (BC/SH),2,4,0.5
Gnar/Sejuani (BC/FR),Akshan/Nasus (SI/SH),2,4,0.5
Akshan/Nasus (SI/SH),Gnar/Sejuani (BC/FR),2,4,0.5
Morgana/Udyr (DE/FR),Riven/Rumble (BC/NX),2,4,0.5
Riven/Rumble (BC/NX),Morgana/Udyr (DE/FR),2,4,0.5
Leona/Yasuo (IO/MT),Leona/Yasuo (IO/MT),2,4,0.5
Senna/Veigar (BC/SI),Lillia/Udyr (FR/IO),2,4,0.5
Lillia/Udyr (FR/IO),Senna/Veigar (BC/SI),2,4,0.5
Kalista (MT/SI),Championless (SI),2,4,0.5
Championless (SI),Kalista (MT/SI),2,4,0.5
Gnar/Tristana (BC/NX),Morgana/Udyr (DE/FR),2,4,0.5
Morgana/Udyr (DE/FR),Gnar/Tristana (BC/NX),2,4,0.5
Illaoi/Swain (BW/NX),Nidalee (BC/SH),2,4,0.5
Nidalee (BC/SH),Illaoi/Swain (BW/NX),2,4,0.5
Sett/Viktor (IO/PZ),Shen/Sivir (IO/SH),2,4,0.5
Shen/Sivir (IO/SH),Sett/Viktor (IO/PZ),2,4,0.5
Akshan/Sivir (NX/SH),Braum/Lillia (FR/IO),2,4,0.5
Braum/Lillia (FR/IO),Akshan/Sivir (NX/SH),2,4,0.5
Darius/Gnar (FR/NX),Akshan/Sivir (DE/SH),2,4,0.5
Akshan/Sivir (DE/SH),Darius/Gnar (FR/NX),2,4,0.5
Aatrox (RU/BW),Aatrox (RU/BW),2,4,0.5
Jayce/Lux (DE/PZ),Lillia (FR/IO),2,4,0.5
Lillia (FR/IO),Jayce/Lux (DE/PZ),2,4,0.5
Gwen (NX/SI),Maokai/Nautilus (BW/SI),2,4,0.5
Maokai/Nautilus (BW/SI),Gwen (NX/SI),2,4,0.5
Championless (SI),Darius/Lulu (IO/NX),2,4,0.5
Darius/Lulu (IO/NX),Championless (SI),2,4,0.5
Senna (PZ/SI),Darius/Gwen (NX/SI),2,4,0.5
Darius/Gwen (NX/SI),Senna (PZ/SI),2,4,0.5
Nasus/Thresh (SI/SH),Yasuo (IO/NX),2,4,0.5
Yasuo (IO/NX),Nasus/Thresh (SI/SH),2,4,0.5
Aphelios/Sett (IO/MT),Ashe/LeBlanc (FR/NX),2,4,0.5
Ashe/LeBlanc (FR/NX),Aphelios/Sett (IO/MT),2,4,0.5
Championless (SI),Championless (MT/NX),2,4,0.5
Championless (MT/NX),Championless (SI),2,4,0.5
Gwen/Riven (NX/SI),Kayle (BW/MT),2,4,0.5
Kayle (BW/MT),Gwen/Riven (NX/SI),2,4,0.5
Aphelios/Sett (IO/MT),Darius/Gnar (FR/NX),2,4,0.5
Darius/Gnar (FR/NX),Aphelios/Sett (IO/MT),2,4,0.5
Gwen/Vayne (DE/SI),Nasus/Renekton (SH),2,4,0.5
Nasus/Renekton (SH),Gwen/Vayne (DE/SI),2,4,0.5
Gwen/LeBlanc (NX/SI),Braum/Vladimir (FR/NX),2,4,0.5
Braum/Vladimir (FR/NX),Gwen/LeBlanc (NX/SI),2,4,0.5
Braum/Gnar (BC/FR),Darius/Gnar (FR/NX),2,4,0.5
Darius/Gnar (FR/NX),Braum/Gnar (BC/FR),2,4,0.5
Braum/Lillia (FR/IO),Shen/Sivir (IO/SH),2,4,0.5
Shen/Sivir (IO/SH),Braum/Lillia (FR/IO),2,4,0.5
Riven/Viktor (NX/PZ),Lillia (FR/IO),2,4,0.5
Lillia (FR/IO),Riven/Viktor (NX/PZ),2,4,0.5
Sejuani/Swain (FR/NX),Aatrox/Kayn (RU/RU),2,4,0.5
Aatrox/Kayn (RU/RU),Sejuani/Swain (FR/NX),2,4,0.5
Nasus/Thresh (SI/SH),Maokai (BW/SI),2,4,0.5
Maokai (BW/SI),Nasus/Thresh (SI/SH),2,4,0.5
Kayle (BW/MT),Illaoi/Swain (BW/NX),2,4,0.5
Illaoi/Swain (BW/NX),Kayle (BW/MT),2,4,0.5
Caitlyn/Swain (NX/PZ),Darius/Gnar (FR/NX),2,4,0.5
Darius/Gnar (FR/NX),Caitlyn/Swain (NX/PZ),2,4,0.5
Darius/Gwen (NX/SI),Kayle (BW/MT),2,4,0.5
Kayle (BW/MT),Darius/Gwen (NX/SI),2,4,0.5
Senna/Veigar (BC/SI),Ashe/Caitlyn (FR/PZ),2,4,0.5
Ashe/Caitlyn (FR/PZ),Senna/Veigar (BC/SI),2,4,0.5
Kayle/Leona (MT/NX),Sett (IO/PZ),2,4,0.5
Sett (IO/PZ),Kayle/Leona (MT/NX),2,4,0.5
Ashe/Caitlyn (FR/PZ),Lillia (FR/IO),2,4,0.5
Lillia (FR/IO),Ashe/Caitlyn (FR/PZ),2,4,0.5
Ashe/Caitlyn (FR/PZ),Morgana/Udyr (DE/FR),2,4,0.5
Morgana/Udyr (DE/FR),Ashe/Caitlyn (FR/PZ),2,4,0.5
Braum/Lillia (FR/IO),Swain/Vladimir (BW/NX),2,4,0.5
Swain/Vladimir (BW/NX),Braum/Lillia (FR/IO),2,4,0.5
Sett (IO/PZ),Gangplank/Sejuani (BW/FR),2,4,0.5
Gangplank/Sejuani (BW/FR),Sett (IO/PZ),2,4,0.5
Braum/Lillia (FR/IO),Rumble/Viktor (BC/PZ),2,4,0.5
Rumble/Viktor (BC/PZ),Braum/Lillia (FR/IO),2,4,0.5
Kayle/Leona (MT/NX),Janna/Sett (IO/PZ),2,4,0.5
Janna/Sett (IO/PZ),Kayle/Leona (MT/NX),2,4,0.5
Championless (MT/SI),Lillia/Sett (BC/IO),2,4,0.5
Lillia/Sett (BC/IO),Championless (MT/SI),2,4,0.5
Lillia/Sett (BC/IO),Neeko/Poppy (BC/RU),2,4,0.5
Neeko/Poppy (BC/RU),Lillia/Sett (BC/IO),2,4,0.5
Caitlyn/Swain (NX/PZ),Caitlyn/Swain (NX/PZ),2,4,0.5
Darius/Gnar (FR/NX),Jax/Ornn (FR/RU),2,4,0.5
Jax/Ornn (FR/RU),Darius/Gnar (FR/NX),2,4,0.5
Akshan/Taric (MT/SH),Akshan/Varus (SH/RU),2,4,0.5
Akshan/Varus (SH/RU),Akshan/Taric (MT/SH),2,4,0.5
Nidalee (BC/SH),Gangplank/Sejuani (BW/FR),2,4,0.5
Gangplank/Sejuani (BW/FR),Nidalee (BC/SH),2,4,0.5
Kayle (BW/MT),LeBlanc/Rumble (BC/NX),2,4,0.5
LeBlanc/Rumble (BC/NX),Kayle (BW/MT),2,4,0.5
Nasus/Thresh (SI/SH),Sett/Viktor (IO/PZ),2,4,0.5
Sett/Viktor (IO/PZ),Nasus/Thresh (SI/SH),2,4,0.5
Ashe/Caitlyn (FR/PZ),Ashe/Caitlyn (FR/PZ),2,4,0.5
Ashe (FR/PZ),Akshan/Riven (NX/SH),2,4,0.5
Akshan/Riven (NX/SH),Ashe (FR/PZ),2,4,0.5
Sion (NX/SI),Championless (SI),2,4,0.5
Championless (SI),Sion (NX/SI),2,4,0.5
Shen/Sivir (IO/SH),Galio/Udyr (DE/FR),2,4,0.5
Galio/Udyr (DE/FR),Shen/Sivir (IO/SH),2,4,0.5
Neeko/Poppy (DE/RU),Nasus/Senna (SI/SH),2,4,0.5
Nasus/Senna (SI/SH),Neeko/Poppy (DE/RU),2,4,0.5
Jayce/Lux (DE/PZ),Lee Sin/Riven (IO/NX),2,4,0.5
Lee Sin/Riven (IO/NX),Jayce/Lux (DE/PZ),2,4,0.5
Shyvana (DE/MT),Riven/Viktor (NX/PZ),2,4,0.5
Riven/Viktor (NX/PZ),Shyvana (DE/MT),2,4,0.5
Lillia/Sett (BC/IO),Senna (PZ/SI),2,4,0.5
Senna (PZ/SI),Lillia/Sett (BC/IO),2,4,0.5
Morgana/Riven (MT/NX),Ashe/LeBlanc (FR/NX),2,4,0.5
Ashe/LeBlanc (FR/NX),Morgana/Riven (MT/NX),2,4,0.5
Akshan/Nasus/Renekton (SH),Jayce/Lux (DE/PZ),2,4,0.5
Jayce/Lux (DE/PZ),Akshan/Nasus/Renekton (SH),2,4,0.5
Aphelios/Tahm Kench (BW/MT),Championless (SI),2,4,0.5
Championless (SI),Aphelios/Tahm Kench (BW/MT),2,4,0.5
Janna/Senna (PZ/SI),Nidalee (BC/SH),2,4,0.5
Nidalee (BC/SH),Janna/Senna (PZ/SI),2,4,0.5
Akshan/Udyr (FR/SH),LeBlanc/Sivir (NX/SH),2,4,0.5
LeBlanc/Sivir (NX/SH),Akshan/Udyr (FR/SH),2,4,0.5
Championless (MT/SI),Championless (MT/SI),2,4,0.5
Championless (FR/IO),Championless (SI),2,4,0.5
Championless (SI),Championless (FR/IO),2,4,0.5
Braum/Vladimir (FR/NX),Nidalee/Sivir (BC/SH),2,4,0.5
Nidalee/Sivir (BC/SH),Braum/Vladimir (FR/NX),2,4,0.5
Nidalee/Sivir (BC/SH),Nidalee/Sivir (BC/SH),2,4,0.5
Nidalee/Sivir (BC/SH),Akshan/Lee Sin (IO/SH),2,4,0.5
Akshan/Lee Sin (IO/SH),Nidalee/Sivir (BC/SH),2,4,0.5
Morgana/Udyr (DE/FR),Akshan/Nidalee (FR/SH),2,4,0.5
Akshan/Nidalee (FR/SH),Morgana/Udyr (DE/FR),2,4,0.5
Kalista (SI),Nidalee/Sivir (BC/SH),2,4,0.5
Nidalee/Sivir (BC/SH),Kalista (SI),2,4,0.5
Kayle/Lillia (IO/MT),Nasus/Thresh (SI/SH),2,4,0.5
Nasus/Thresh (SI/SH),Kayle/Lillia (IO/MT),2,4,0.5
Aatrox/Kayn (RU/RU),Jayce (PZ/SI),2,4,0.5
Jayce (PZ/SI),Aatrox/Kayn (RU/RU),2,4,0.5
Morgana/Udyr (DE/FR),Aatrox/Morgana (RU/DE),4,12,0.333333333333333
Jack/Sett (BW/IO),Lee Sin/Viktor (IO/PZ),4,12,0.333333333333333
Maokai (BW/SI),Akshan/Lee Sin (IO/SH),4,12,0.333333333333333
Shen/Sivir (IO/SH),Akshan/Lee Sin (IO/SH),4,12,0.333333333333333
Braum/Vladimir (FR/NX),Nasus/Thresh (SI/SH),4,12,0.333333333333333
Nasus/Senna (SI/SH),Kayle (BW/MT),4,12,0.333333333333333
Galio/Udyr (DE/FR),Akshan/Varus (SH/RU),4,12,0.333333333333333
Rumble/Sion (BC/NX),Aatrox/Kayn (RU/RU),4,12,0.333333333333333
Gnar/Sejuani (BC/FR),Championless (SI),4,12,0.333333333333333
Maokai/Nautilus (BW/SI),Senna (PZ/SI),4,12,0.333333333333333
Gwen/Vayne (DE/SI),Darius/Gnar (FR/NX),4,12,0.333333333333333
Senna/Veigar (PZ/SI),Kayle (BW/MT),4,12,0.333333333333333
Aatrox/Morgana (RU/DE),Morgana/Udyr (DE/FR),8,12,0.666666666666667
Lee Sin/Viktor (IO/PZ),Jack/Sett (BW/IO),8,12,0.666666666666667
Akshan/Lee Sin (IO/SH),Maokai (BW/SI),8,12,0.666666666666667
Akshan/Lee Sin (IO/SH),Shen/Sivir (IO/SH),8,12,0.666666666666667
Nasus/Thresh (SI/SH),Braum/Vladimir (FR/NX),8,12,0.666666666666667
Kayle (BW/MT),Nasus/Senna (SI/SH),8,12,0.666666666666667
Akshan/Varus (SH/RU),Galio/Udyr (DE/FR),8,12,0.666666666666667
Aatrox/Kayn (RU/RU),Rumble/Sion (BC/NX),8,12,0.666666666666667
Championless (SI),Gnar/Sejuani (BC/FR),8,12,0.666666666666667
Senna (PZ/SI),Maokai/Nautilus (BW/SI),8,12,0.666666666666667
Darius/Gnar (FR/NX),Gwen/Vayne (DE/SI),8,12,0.666666666666667
Kayle (BW/MT),Senna/Veigar (PZ/SI),8,12,0.666666666666667
Jayce/Lux (DE/PZ),Morgana/Udyr (DE/FR),29,72,0.402777777777778
Morgana/Udyr (DE/FR),Jayce/Lux (DE/PZ),43,72,0.597222222222222
Sett (IO/PZ),Championless (SI),26,44,0.590909090909091
Championless (SI),Sett (IO/PZ),18,44,0.409090909090909
Kayle (BW/MT),Jack/Sett (BW/IO),10,22,0.454545454545455
Senna/Veigar (BC/SI),Rumble/Sion (BC/NX),10,22,0.454545454545455
Ashe (FR/PZ),Nidalee (BC/SH),10,22,0.454545454545455
Jayce/Lux (DE/PZ),Riven/Viktor (NX/PZ),10,22,0.454545454545455
Jack/Sett (BW/IO),Kayle (BW/MT),12,22,0.545454545454545
Rumble/Sion (BC/NX),Senna/Veigar (BC/SI),12,22,0.545454545454545
Nidalee (BC/SH),Ashe (FR/PZ),12,22,0.545454545454545
Riven/Viktor (NX/PZ),Jayce/Lux (DE/PZ),12,22,0.545454545454545
Maokai/Nautilus (BW/SI),Morgana/Udyr (DE/FR),25,61,0.409836065573771
Morgana/Udyr (DE/FR),Maokai/Nautilus (BW/SI),36,61,0.59016393442623
Morgana/Udyr (DE/FR),Championless (SI),63,162,0.388888888888889
Championless (SI),Morgana/Udyr (DE/FR),99,162,0.611111111111111
LeBlanc/Sivir (NX/SH),Morgana/Udyr (DE/FR),14,25,0.56
Galio/Udyr (DE/FR),Senna/Veigar (BC/SI),14,25,0.56
Morgana/Udyr (DE/FR),Rumble/Sion (BC/NX),14,25,0.56
Morgana/Udyr (DE/FR),LeBlanc/Sivir (NX/SH),11,25,0.44
Senna/Veigar (BC/SI),Galio/Udyr (DE/FR),11,25,0.44
Rumble/Sion (BC/NX),Morgana/Udyr (DE/FR),11,25,0.44
Championless (SI),Championless (SI),254,508,0.5
Gnar/Neeko (FR/RU),Maokai/Nautilus (BW/SI),4,14,0.285714285714286
LeBlanc/Sivir (NX/SH),Braum/Vladimir (FR/NX),4,14,0.285714285714286
Ashe/LeBlanc (FR/NX),Ashe/Tahm Kench (BW/FR),4,14,0.285714285714286
Galio/Udyr (DE/FR),Kalista (SI),4,14,0.285714285714286
LeBlanc/Udyr (FR/NX),Championless (SI),4,14,0.285714285714286
Maokai/Nautilus (BW/SI),Gnar/Neeko (FR/RU),10,14,0.714285714285714
Braum/Vladimir (FR/NX),LeBlanc/Sivir (NX/SH),10,14,0.714285714285714
Ashe/Tahm Kench (BW/FR),Ashe/LeBlanc (FR/NX),10,14,0.714285714285714
Kalista (SI),Galio/Udyr (DE/FR),10,14,0.714285714285714
Championless (SI),LeBlanc/Udyr (FR/NX),10,14,0.714285714285714
Gwen/Kalista (NX/SI),Akshan/Varus (SH/RU),0,6,0
Senna/Veigar (BC/SI),Championless (IO/SI),0,6,0
Jack/Sett (BW/IO),Neeko/Poppy (DE/RU),0,6,0
Swain/Yasuo (IO/NX),Senna/Veigar (BC/SI),0,6,0
Nasus (SI/SH),Kayle (BW/MT),0,6,0
Jayce/Lux (DE/PZ),Darius/Gnar/LeBlanc (FR/NX),0,6,0
Braum/Galio (DE/FR),Championless (SI),0,6,0
Janna (PZ/SI),Kayle (BW/MT),0,6,0
Ashe (FR/PZ),Galio/Garen (DE/MT),0,6,0
Illaoi/Swain (BW/NX),Nasus/Thresh (SI/SH),0,6,0
Akshan/Renekton (SH),Ashe/LeBlanc (FR/NX),0,6,0
Braum/Kayle (FR/MT),Championless (SI),0,6,0
Kayle (BW/MT),Neeko/Renekton (RU/SH),0,6,0
Riven/Viktor (NX/PZ),Senna/Veigar (PZ/SI),0,6,0
Akshan/Varus (SH/RU),Gwen/Kalista (NX/SI),6,6,1
Championless (IO/SI),Senna/Veigar (BC/SI),6,6,1
Neeko/Poppy (DE/RU),Jack/Sett (BW/IO),6,6,1
Senna/Veigar (BC/SI),Swain/Yasuo (IO/NX),6,6,1
Kayle (BW/MT),Nasus (SI/SH),6,6,1
Darius/Gnar/LeBlanc (FR/NX),Jayce/Lux (DE/PZ),6,6,1
Championless (SI),Braum/Galio (DE/FR),6,6,1
Kayle (BW/MT),Janna (PZ/SI),6,6,1
Galio/Garen (DE/MT),Ashe (FR/PZ),6,6,1
Nasus/Thresh (SI/SH),Illaoi/Swain (BW/NX),6,6,1
Ashe/LeBlanc (FR/NX),Akshan/Renekton (SH),6,6,1
Championless (SI),Braum/Kayle (FR/MT),6,6,1
Neeko/Renekton (RU/SH),Kayle (BW/MT),6,6,1
Senna/Veigar (PZ/SI),Riven/Viktor (NX/PZ),6,6,1
Kalista (SI),Akshan/Varus (SH/RU),18,34,0.529411764705882
Darius/Gnar (FR/NX),Braum/Vladimir (FR/NX),18,34,0.529411764705882
Championless (MT/SI),Championless (SI),18,34,0.529411764705882
Akshan/Varus (SH/RU),Kalista (SI),16,34,0.470588235294118
Braum/Vladimir (FR/NX),Darius/Gnar (FR/NX),16,34,0.470588235294118
Championless (SI),Championless (MT/SI),16,34,0.470588235294118
Ashe (FR/PZ),Akshan/Lee Sin (IO/SH),20,35,0.571428571428571
Akshan/Varus (SH/RU),Janna/Sett (IO/PZ),20,35,0.571428571428571
Akshan/Lee Sin (IO/SH),Ashe (FR/PZ),15,35,0.428571428571429
Janna/Sett (IO/PZ),Akshan/Varus (SH/RU),15,35,0.428571428571429
Lillia/Sett (BC/IO),Ashe/LeBlanc (FR/NX),6,16,0.375
Sett (IO/PZ),Ashe (FR/PZ),6,16,0.375
Nasus/Thresh (SI/SH),Lee Sin/Viktor (IO/PZ),6,16,0.375
Championless (MT/SI),Kayle (BW/MT),6,16,0.375
Maokai (BW/SI),Kayle (BW/MT),6,16,0.375
Kayle (BW/MT),Jax/Ornn (FR/RU),6,16,0.375
Ashe/LeBlanc (FR/NX),Lillia/Sett (BC/IO),10,16,0.625
Ashe (FR/PZ),Sett (IO/PZ),10,16,0.625
Lee Sin/Viktor (IO/PZ),Nasus/Thresh (SI/SH),10,16,0.625
Kayle (BW/MT),Championless (MT/SI),10,16,0.625
Kayle (BW/MT),Maokai (BW/SI),10,16,0.625
Jax/Ornn (FR/RU),Kayle (BW/MT),10,16,0.625
Ashe (FR/PZ),Jack/Sett (BW/IO),11,20,0.55
Braum/Vladimir (FR/NX),Riven/Viktor (NX/PZ),11,20,0.55
Sett (IO/PZ),Morgana/Udyr (DE/FR),11,20,0.55
Ashe (FR/PZ),Aphelios/Viktor (MT/PZ),11,20,0.55
Championless (SI),Akshan/Nasus (SI/SH),11,20,0.55
Jack/Sett (BW/IO),Ashe (FR/PZ),9,20,0.45
Riven/Viktor (NX/PZ),Braum/Vladimir (FR/NX),9,20,0.45
Morgana/Udyr (DE/FR),Sett (IO/PZ),9,20,0.45
Aphelios/Viktor (MT/PZ),Ashe (FR/PZ),9,20,0.45
Akshan/Nasus (SI/SH),Championless (SI),9,20,0.45
Senna/Veigar (BC/SI),Ashe (FR/PZ),39,63,0.619047619047619
Ashe (FR/PZ),Senna/Veigar (BC/SI),24,63,0.380952380952381
Lee Sin/Viktor (IO/PZ),Ashe (FR/PZ),15,27,0.555555555555556
Akshan/Varus (SH/RU),Aphelios/Viktor (MT/PZ),15,27,0.555555555555556
Ashe (FR/PZ),Lee Sin/Viktor (IO/PZ),12,27,0.444444444444444
Aphelios/Viktor (MT/PZ),Akshan/Varus (SH/RU),12,27,0.444444444444444
Kalista (SI),Braum/Vladimir (FR/NX),6,15,0.4
Gnar/Neeko (FR/RU),Ashe/LeBlanc (FR/NX),6,15,0.4
Aatrox/Morgana (RU/DE),Senna/Veigar (BC/SI),6,15,0.4
Braum/Lillia (FR/IO),Riven/Viktor (NX/PZ),6,15,0.4
Aatrox/Morgana (RU/DE),Ashe/LeBlanc (FR/NX),6,15,0.4
Lee Sin/Viktor (IO/PZ),Neeko/Poppy (DE/RU),6,15,0.4
Braum/Vladimir (FR/NX),Championless (PZ/SI),6,15,0.4
Ashe (FR/PZ),Lillia/Sett (BC/IO),6,15,0.4
Championless (MT/SI),Jayce/Lux (DE/PZ),6,15,0.4
Braum/Lillia (FR/IO),Aphelios/Viktor (MT/PZ),6,15,0.4
Braum/Vladimir (FR/NX),Kalista (SI),9,15,0.6
Ashe/LeBlanc (FR/NX),Gnar/Neeko (FR/RU),9,15,0.6
Senna/Veigar (BC/SI),Aatrox/Morgana (RU/DE),9,15,0.6
Riven/Viktor (NX/PZ),Braum/Lillia (FR/IO),9,15,0.6
Ashe/LeBlanc (FR/NX),Aatrox/Morgana (RU/DE),9,15,0.6
Neeko/Poppy (DE/RU),Lee Sin/Viktor (IO/PZ),9,15,0.6
Championless (PZ/SI),Braum/Vladimir (FR/NX),9,15,0.6
Lillia/Sett (BC/IO),Ashe (FR/PZ),9,15,0.6
Jayce/Lux (DE/PZ),Championless (MT/SI),9,15,0.6
Aphelios/Viktor (MT/PZ),Braum/Lillia (FR/IO),9,15,0.6
Kalista (SI),Aphelios/Viktor (MT/PZ),7,10,0.7
Akshan/Varus (SH/RU),Swain/Vladimir (BW/NX),7,10,0.7
Aatrox/Kayn (RU/RU),Gangplank/Sejuani (BW/FR),7,10,0.7
Rumble/Sion (BC/NX),Lee Sin/Viktor (IO/PZ),7,10,0.7
Championless (SI),LeBlanc (FR/NX),7,10,0.7
LeBlanc/Sivir (NX/SH),Aatrox/Kayn (RU/RU),7,10,0.7
LeBlanc/Udyr (FR/NX),Akshan/Lee Sin (IO/SH),7,10,0.7
Jayce/Lux (DE/PZ),Gwen/LeBlanc (NX/SI),7,10,0.7
Aphelios/Lee Sin (IO/MT),Ashe/LeBlanc (FR/NX),7,10,0.7
Nidalee (BC/SH),Janna/Sett (IO/PZ),7,10,0.7
Nidalee (BC/SH),Gwen/LeBlanc (NX/SI),7,10,0.7
Ashe/Caitlyn (FR/PZ),Ashe/LeBlanc (FR/NX),7,10,0.7
Championless (SI),Garen (DE/SH),7,10,0.7
LeBlanc/Sivir (NX/SH),Aphelios/Viktor (MT/PZ),7,10,0.7
Aphelios/Viktor (MT/PZ),Kalista (SI),3,10,0.3
Swain/Vladimir (BW/NX),Akshan/Varus (SH/RU),3,10,0.3
Gangplank/Sejuani (BW/FR),Aatrox/Kayn (RU/RU),3,10,0.3
Lee Sin/Viktor (IO/PZ),Rumble/Sion (BC/NX),3,10,0.3
LeBlanc (FR/NX),Championless (SI),3,10,0.3
Aatrox/Kayn (RU/RU),LeBlanc/Sivir (NX/SH),3,10,0.3
Akshan/Lee Sin (IO/SH),LeBlanc/Udyr (FR/NX),3,10,0.3
Gwen/LeBlanc (NX/SI),Jayce/Lux (DE/PZ),3,10,0.3
Ashe/LeBlanc (FR/NX),Aphelios/Lee Sin (IO/MT),3,10,0.3
Janna/Sett (IO/PZ),Nidalee (BC/SH),3,10,0.3
Gwen/LeBlanc (NX/SI),Nidalee (BC/SH),3,10,0.3
Ashe/LeBlanc (FR/NX),Ashe/Caitlyn (FR/PZ),3,10,0.3
Garen (DE/SH),Championless (SI),3,10,0.3
Aphelios/Viktor (MT/PZ),LeBlanc/Sivir (NX/SH),3,10,0.3
Senna/Veigar (BC/SI),Akshan/Lee Sin (IO/SH),27,70,0.385714285714286
Akshan/Lee Sin (IO/SH),Senna/Veigar (BC/SI),43,70,0.614285714285714
Championless (MT/SI),Senna/Veigar (BC/SI),13,13,1
Senna/Veigar (BC/SI),Championless (MT/SI),0,13,0
Ashe (FR/PZ),Ashe/LeBlanc (FR/NX),51,73,0.698630136986301
Ashe/LeBlanc (FR/NX),Ashe (FR/PZ),22,73,0.301369863013699
Akshan/Lee Sin (IO/SH),Darius/Gnar (FR/NX),20,47,0.425531914893617
Darius/Gnar (FR/NX),Akshan/Lee Sin (IO/SH),27,47,0.574468085106383
Jack/Sett (BW/IO),Ashe/LeBlanc (FR/NX),13,36,0.361111111111111
Ashe/LeBlanc (FR/NX),Jack/Sett (BW/IO),23,36,0.638888888888889
Lee Sin/Viktor (IO/PZ),Senna/Veigar (BC/SI),30,55,0.545454545454545
Senna/Veigar (BC/SI),Lee Sin/Viktor (IO/PZ),25,55,0.454545454545455
Senna/Veigar (BC/SI),Braum/Vladimir (FR/NX),42,59,0.711864406779661
Braum/Vladimir (FR/NX),Senna/Veigar (BC/SI),17,59,0.288135593220339
Senna (PZ/SI),Senna/Veigar (BC/SI),5,13,0.384615384615385
Malphite/Yasuo (IO/MT),Ashe/LeBlanc (FR/NX),5,13,0.384615384615385
Jack/Sett (BW/IO),Kalista (SI),5,13,0.384615384615385
Ashe/LeBlanc (FR/NX),Gwen/LeBlanc (NX/SI),5,13,0.384615384615385
Senna/Veigar (BC/SI),Janna (PZ/SI),5,13,0.384615384615385
Jax/Ornn (FR/RU),Ashe (FR/PZ),5,13,0.384615384615385
Senna/Veigar (BC/SI),Senna (PZ/SI),8,13,0.615384615384615
Ashe/LeBlanc (FR/NX),Malphite/Yasuo (IO/MT),8,13,0.615384615384615
Kalista (SI),Jack/Sett (BW/IO),8,13,0.615384615384615
Gwen/LeBlanc (NX/SI),Ashe/LeBlanc (FR/NX),8,13,0.615384615384615
Janna (PZ/SI),Senna/Veigar (BC/SI),8,13,0.615384615384615
Ashe (FR/PZ),Jax/Ornn (FR/RU),8,13,0.615384615384615
Ashe (FR/PZ),Braum/Vladimir (FR/NX),11,28,0.392857142857143
Jayce/Lux (DE/PZ),Nasus/Thresh (SI/SH),11,28,0.392857142857143
Braum/Vladimir (FR/NX),Ashe (FR/PZ),17,28,0.607142857142857
Nasus/Thresh (SI/SH),Jayce/Lux (DE/PZ),17,28,0.607142857142857
Lulu/Taric (IO/MT),Senna/Veigar (BC/SI),0,4,0
Malphite/Yasuo (IO/MT),Riven/Viktor (NX/PZ),0,4,0
Braum/Kayle (FR/MT),Morgana/Udyr (DE/FR),0,4,0
Gwen/Kalista (NX/SI),Championless (SI),0,4,0
Sejuani/Swain (FR/NX),Morgana/Udyr (DE/FR),0,4,0
Kai'Sa/Viktor (PZ/SH),Ashe/LeBlanc (FR/NX),0,4,0
Kai'Sa/Sivir/Vi (PZ/SH),Jayce/Lux (DE/PZ),0,4,0
Jayce/Lux (DE/PZ),Malphite (BW/MT),0,4,0
Lillia/Ryze (IO/RU),Riven/Viktor (NX/PZ),0,4,0
Championless (PZ/SI),Aatrox/Morgana (RU/DE),0,4,0
Gwen/Kalista (FR/SI),Jack/Sett (BW/IO),0,4,0
Nasus/Renekton (SH),Sett (IO/PZ),0,4,0
Akshan/Varus (SH/RU),Darius/Gnar/LeBlanc (FR/NX),0,4,0
Rumble/Sion (BC/NX),Neeko/Renekton (RU/SH),0,4,0
Championless (SI),Kalista/Nasus (SI/SH),0,4,0
Yasuo (IO/NX),Ashe (FR/PZ),0,4,0
Senna/Veigar (BC/SI),Darius/LeBlanc (FR/NX),0,4,0
Lillia/Lulu (DE/IO),Championless (SI),0,4,0
Janna (IO/PZ),Jayce/Lux (DE/PZ),0,4,0
Ashe/Tahm Kench (BW/FR),Braum/Vladimir (FR/NX),0,4,0
Sett (IO/SH),Jayce/Lux (DE/PZ),0,4,0
Ashe/LeBlanc (FR/NX),Lee Sin/Riven (IO/NX),0,4,0
Gwen (NX/SI),Senna/Veigar (BC/SI),0,4,0
Sett (IO/PZ),Neeko/Poppy (DE/RU),0,4,0
Nidalee (BC/SH),Maokai (BW/SI),0,4,0
Shyvana (DE/MT),Akshan/Lee Sin (IO/SH),0,4,0
Garen (DE/SH),Neeko/Poppy (DE/RU),0,4,0
Akshan/Udyr (FR/SH),Akshan/Lee Sin (IO/SH),0,4,0
Ashe/Caitlyn (FR/PZ),Jayce/Lux (DE/PZ),0,4,0
Neeko/Poppy (BC/RU),Janna/Sett (IO/PZ),0,4,0
Lillia/Udyr (FR/IO),Darius/Gnar (FR/NX),0,4,0
Lillia (FR/IO),Darius/Gnar (FR/NX),0,4,0
Galio/Udyr (DE/FR),Gnar/Nidalee (BC/SH),0,4,0
Ryze (RU/SI),Lee Sin/Viktor (IO/PZ),0,4,0
Darius/Lulu (IO/NX),Braum/Vladimir (FR/NX),0,4,0
Tahm Kench/Udyr (BW/FR),Maokai/Nautilus (BW/SI),0,4,0
Taric/Udyr (FR/MT),Akshan/Varus (SH/RU),0,4,0
Ryze (RU/SI),LeBlanc/Udyr (FR/NX),0,4,0
Gangplank/Nidalee (BW/SH),Nidalee (BC/SH),0,4,0
Illaoi/Swain (BW/NX),Ashe (FR/PZ),0,4,0
Nasus/Thresh (SI/SH),Akshan/Sivir (NX/SH),0,4,0
Championless (BC/BW),Braum/Lillia (FR/IO),0,4,0
Morgana/Udyr (DE/FR),Galio/Morgana (DE/FR),0,4,0
Caitlyn/Swain (NX/PZ),Braum/Vladimir (FR/NX),0,4,0
Morgana/Taric (DE/MT),Maokai/Nautilus (BW/SI),0,4,0
Jax/Ornn (FR/RU),Nasus/Thresh (SI/SH),0,4,0
Darius/Gnar/Sejuani (FR/NX),Ashe (FR/PZ),0,4,0
Akshan/Viktor (PZ/SH),Maokai/Nautilus (BW/SI),0,4,0
Akshan/Viktor (PZ/SH),Ashe/LeBlanc (FR/NX),0,4,0
Nasus (SI/SH),Jack/Sett (BW/IO),0,4,0
Gnar/Renekton (FR/SH),Jayce/Lux (DE/PZ),0,4,0
Maokai/Nautilus (BW/SI),Kalista (IO/SI),0,4,0
Caitlyn (FR/PZ),Maokai/Nautilus (BW/SI),0,4,0
Ashe/Nasus (FR/SH),Kayle (BW/MT),0,4,0
Caitlyn (FR/PZ),Championless (SI),0,4,0
Nasus/Senna (SI/SH),LeBlanc/Sivir (NX/SH),0,4,0
Ashe (FR/SI),Senna/Veigar (BC/SI),0,4,0
Nasus/Senna (SI/SH),Braum/Vladimir (FR/NX),0,4,0
Galio/Garen (DE/IO),Championless (SI),0,4,0
Morgana/Udyr (DE/FR),Akshan/Nidalee/Sivir (DE/SH),0,4,0
Akshan/Nidalee (FR/SH),Ashe (FR/PZ),0,4,0
Akshan/Nidalee (FR/SH),Jack/Morgana (BW/DE),0,4,0
Ashe/LeBlanc (FR/NX),Sett/Veigar (BC/IO),0,4,0
Aphelios/Viktor (MT/PZ),Gwen/Riven (NX/SI),0,4,0
Senna/Veigar (BC/SI),Lulu/Taric (IO/MT),4,4,1
Riven/Viktor (NX/PZ),Malphite/Yasuo (IO/MT),4,4,1
Morgana/Udyr (DE/FR),Braum/Kayle (FR/MT),4,4,1
Championless (SI),Gwen/Kalista (NX/SI),4,4,1
Morgana/Udyr (DE/FR),Sejuani/Swain (FR/NX),4,4,1
Ashe/LeBlanc (FR/NX),Kai'Sa/Viktor (PZ/SH),4,4,1
Jayce/Lux (DE/PZ),Kai'Sa/Sivir/Vi (PZ/SH),4,4,1
Malphite (BW/MT),Jayce/Lux (DE/PZ),4,4,1
Riven/Viktor (NX/PZ),Lillia/Ryze (IO/RU),4,4,1
Aatrox/Morgana (RU/DE),Championless (PZ/SI),4,4,1
Jack/Sett (BW/IO),Gwen/Kalista (FR/SI),4,4,1
Sett (IO/PZ),Nasus/Renekton (SH),4,4,1
Darius/Gnar/LeBlanc (FR/NX),Akshan/Varus (SH/RU),4,4,1
Neeko/Renekton (RU/SH),Rumble/Sion (BC/NX),4,4,1
Kalista/Nasus (SI/SH),Championless (SI),4,4,1
Ashe (FR/PZ),Yasuo (IO/NX),4,4,1
Darius/LeBlanc (FR/NX),Senna/Veigar (BC/SI),4,4,1
Championless (SI),Lillia/Lulu (DE/IO),4,4,1
Jayce/Lux (DE/PZ),Janna (IO/PZ),4,4,1
Braum/Vladimir (FR/NX),Ashe/Tahm Kench (BW/FR),4,4,1
Jayce/Lux (DE/PZ),Sett (IO/SH),4,4,1
Lee Sin/Riven (IO/NX),Ashe/LeBlanc (FR/NX),4,4,1
Senna/Veigar (BC/SI),Gwen (NX/SI),4,4,1
Neeko/Poppy (DE/RU),Sett (IO/PZ),4,4,1
Maokai (BW/SI),Nidalee (BC/SH),4,4,1
Akshan/Lee Sin (IO/SH),Shyvana (DE/MT),4,4,1
Neeko/Poppy (DE/RU),Garen (DE/SH),4,4,1
Akshan/Lee Sin (IO/SH),Akshan/Udyr (FR/SH),4,4,1
Jayce/Lux (DE/PZ),Ashe/Caitlyn (FR/PZ),4,4,1
Janna/Sett (IO/PZ),Neeko/Poppy (BC/RU),4,4,1
Darius/Gnar (FR/NX),Lillia/Udyr (FR/IO),4,4,1
Darius/Gnar (FR/NX),Lillia (FR/IO),4,4,1
Gnar/Nidalee (BC/SH),Galio/Udyr (DE/FR),4,4,1
Lee Sin/Viktor (IO/PZ),Ryze (RU/SI),4,4,1
Braum/Vladimir (FR/NX),Darius/Lulu (IO/NX),4,4,1
Maokai/Nautilus (BW/SI),Tahm Kench/Udyr (BW/FR),4,4,1
Akshan/Varus (SH/RU),Taric/Udyr (FR/MT),4,4,1
LeBlanc/Udyr (FR/NX),Ryze (RU/SI),4,4,1
Nidalee (BC/SH),Gangplank/Nidalee (BW/SH),4,4,1
Ashe (FR/PZ),Illaoi/Swain (BW/NX),4,4,1
Akshan/Sivir (NX/SH),Nasus/Thresh (SI/SH),4,4,1
Braum/Lillia (FR/IO),Championless (BC/BW),4,4,1
Galio/Morgana (DE/FR),Morgana/Udyr (DE/FR),4,4,1
Braum/Vladimir (FR/NX),Caitlyn/Swain (NX/PZ),4,4,1
Maokai/Nautilus (BW/SI),Morgana/Taric (DE/MT),4,4,1
Nasus/Thresh (SI/SH),Jax/Ornn (FR/RU),4,4,1
Ashe (FR/PZ),Darius/Gnar/Sejuani (FR/NX),4,4,1
Maokai/Nautilus (BW/SI),Akshan/Viktor (PZ/SH),4,4,1
Ashe/LeBlanc (FR/NX),Akshan/Viktor (PZ/SH),4,4,1
Jack/Sett (BW/IO),Nasus (SI/SH),4,4,1
Jayce/Lux (DE/PZ),Gnar/Renekton (FR/SH),4,4,1
Kalista (IO/SI),Maokai/Nautilus (BW/SI),4,4,1
Maokai/Nautilus (BW/SI),Caitlyn (FR/PZ),4,4,1
Kayle (BW/MT),Ashe/Nasus (FR/SH),4,4,1
Championless (SI),Caitlyn (FR/PZ),4,4,1
LeBlanc/Sivir (NX/SH),Nasus/Senna (SI/SH),4,4,1
Senna/Veigar (BC/SI),Ashe (FR/SI),4,4,1
Braum/Vladimir (FR/NX),Nasus/Senna (SI/SH),4,4,1
Championless (SI),Galio/Garen (DE/IO),4,4,1
Akshan/Nidalee/Sivir (DE/SH),Morgana/Udyr (DE/FR),4,4,1
Ashe (FR/PZ),Akshan/Nidalee (FR/SH),4,4,1
Jack/Morgana (BW/DE),Akshan/Nidalee (FR/SH),4,4,1
Sett/Veigar (BC/IO),Ashe/LeBlanc (FR/NX),4,4,1
Gwen/Riven (NX/SI),Aphelios/Viktor (MT/PZ),4,4,1
Akshan/Lee Sin (IO/SH),Braum/Lillia (FR/IO),12,29,0.413793103448276
Braum/Vladimir (FR/NX),Braum/Lillia (FR/IO),12,29,0.413793103448276
Braum/Lillia (FR/IO),Akshan/Lee Sin (IO/SH),17,29,0.586206896551724
Braum/Lillia (FR/IO),Braum/Vladimir (FR/NX),17,29,0.586206896551724
Championless (PZ/SI),Lee Sin/Viktor (IO/PZ),2,9,0.222222222222222
Ashe/LeBlanc (FR/NX),Leona/Yasuo (IO/MT),2,9,0.222222222222222
Championless (PZ/SI),Nidalee (BC/SH),2,9,0.222222222222222
Senna (PZ/SI),Darius/Gnar (FR/NX),2,9,0.222222222222222
Gwen/Vayne (DE/SI),Ashe (FR/PZ),2,9,0.222222222222222
Nidalee (BC/SH),Galio/Udyr (DE/FR),2,9,0.222222222222222
Illaoi/Swain (BW/NX),Darius/Gnar (FR/NX),2,9,0.222222222222222
Senna/Veigar (PZ/SI),Braum/Lillia (FR/IO),2,9,0.222222222222222
Lee Sin/Viktor (IO/PZ),Championless (PZ/SI),7,9,0.777777777777778
Leona/Yasuo (IO/MT),Ashe/LeBlanc (FR/NX),7,9,0.777777777777778
Nidalee (BC/SH),Championless (PZ/SI),7,9,0.777777777777778
Darius/Gnar (FR/NX),Senna (PZ/SI),7,9,0.777777777777778
Ashe (FR/PZ),Gwen/Vayne (DE/SI),7,9,0.777777777777778
Galio/Udyr (DE/FR),Nidalee (BC/SH),7,9,0.777777777777778
Darius/Gnar (FR/NX),Illaoi/Swain (BW/NX),7,9,0.777777777777778
Braum/Lillia (FR/IO),Senna/Veigar (PZ/SI),7,9,0.777777777777778
Braum/Vladimir (FR/NX),Ashe/LeBlanc (FR/NX),43,66,0.651515151515152
Ashe/LeBlanc (FR/NX),Braum/Vladimir (FR/NX),23,66,0.348484848484849
Ashe/LeBlanc (FR/NX),Braum/Lillia (FR/IO),37,73,0.506849315068493
Braum/Lillia (FR/IO),Ashe/LeBlanc (FR/NX),36,73,0.493150684931507
Championless (SI),Nidalee (BC/SH),43,76,0.565789473684211
Nidalee (BC/SH),Championless (SI),33,76,0.434210526315789
Lee Sin/Viktor (IO/PZ),Championless (SI),36,108,0.333333333333333
Championless (SI),Lee Sin/Viktor (IO/PZ),72,108,0.666666666666667
Lee Sin/Viktor (IO/PZ),Ashe/LeBlanc (FR/NX),31,53,0.584905660377359
Ashe/LeBlanc (FR/NX),Lee Sin/Viktor (IO/PZ),22,53,0.415094339622642
Ashe (FR/PZ),Morgana/Udyr (DE/FR),20,45,0.444444444444444
Morgana/Udyr (DE/FR),Ashe (FR/PZ),25,45,0.555555555555556
Nidalee (BC/SH),Morgana/Udyr (DE/FR),12,23,0.521739130434783
Jack/Sett (BW/IO),Jayce/Lux (DE/PZ),12,23,0.521739130434783
Akshan/Lee Sin (IO/SH),Rumble/Sion (BC/NX),12,23,0.521739130434783
Kalista (SI),Darius/Gnar (FR/NX),12,23,0.521739130434783
Morgana/Udyr (DE/FR),Nidalee (BC/SH),11,23,0.478260869565217
Jayce/Lux (DE/PZ),Jack/Sett (BW/IO),11,23,0.478260869565217
Rumble/Sion (BC/NX),Akshan/Lee Sin (IO/SH),11,23,0.478260869565217
Darius/Gnar (FR/NX),Kalista (SI),11,23,0.478260869565217
Maokai (BW/SI),Morgana/Udyr (DE/FR),1,8,0.125
Galio/Poppy (DE/FR),Championless (SI),1,8,0.125
Malphite/Yasuo (IO/MT),Morgana/Udyr (DE/FR),1,8,0.125
Neeko/Renekton (RU/SH),Championless (SI),1,8,0.125
Gwen (NX/SI),Akshan/Varus (SH/RU),1,8,0.125
Gwen/Vayne (DE/SI),Braum/Lillia (FR/IO),1,8,0.125
Gwen/Vayne (DE/SI),Lillia/Sett (BC/IO),1,8,0.125
Akshan/Varus (SH/RU),Darius/Lulu (IO/NX),1,8,0.125
Championless (PZ/SI),Rumble/Sion (BC/NX),1,8,0.125
Sejuani/Swain (FR/NX),Championless (SI),1,8,0.125
Championless (SI),Akshan/Senna (SI/SH),1,8,0.125
Lillia/Sett (BC/IO),Braum/Lillia (FR/IO),1,8,0.125
Senna/Veigar (PZ/SI),Jayce/Lux (DE/PZ),1,8,0.125
Morgana/Udyr (DE/FR),Maokai (BW/SI),7,8,0.875
Championless (SI),Galio/Poppy (DE/FR),7,8,0.875
Morgana/Udyr (DE/FR),Malphite/Yasuo (IO/MT),7,8,0.875
Championless (SI),Neeko/Renekton (RU/SH),7,8,0.875
Akshan/Varus (SH/RU),Gwen (NX/SI),7,8,0.875
Braum/Lillia (FR/IO),Gwen/Vayne (DE/SI),7,8,0.875
Lillia/Sett (BC/IO),Gwen/Vayne (DE/SI),7,8,0.875
Darius/Lulu (IO/NX),Akshan/Varus (SH/RU),7,8,0.875
Rumble/Sion (BC/NX),Championless (PZ/SI),7,8,0.875
Championless (SI),Sejuani/Swain (FR/NX),7,8,0.875
Akshan/Senna (SI/SH),Championless (SI),7,8,0.875
Braum/Lillia (FR/IO),Lillia/Sett (BC/IO),7,8,0.875
Jayce/Lux (DE/PZ),Senna/Veigar (PZ/SI),7,8,0.875
Rumble/Sion (BC/NX),Championless (SI),20,49,0.408163265306122
Championless (SI),Rumble/Sion (BC/NX),29,49,0.591836734693878
Ashe (FR/PZ),Rumble/Sion (BC/NX),18,31,0.580645161290323
Nasus/Thresh (SI/SH),Senna/Veigar (BC/SI),18,31,0.580645161290323
Rumble/Sion (BC/NX),Ashe (FR/PZ),13,31,0.419354838709677
Senna/Veigar (BC/SI),Nasus/Thresh (SI/SH),13,31,0.419354838709677
Championless (PZ/SI),Ashe/LeBlanc (FR/NX),8,27,0.296296296296296
Ashe/LeBlanc (FR/NX),Championless (PZ/SI),19,27,0.703703703703704
Lee Sin/Viktor (IO/PZ),Lee Sin/Viktor (IO/PZ),12,24,0.5
Braum/Vladimir (FR/NX),Braum/Vladimir (FR/NX),12,24,0.5
Neeko/Poppy (DE/RU),Neeko/Poppy (DE/RU),12,24,0.5
Lee Sin/Viktor (IO/PZ),Nidalee (BC/SH),8,18,0.444444444444444
Ashe/LeBlanc (FR/NX),Championless (MT/SI),8,18,0.444444444444444
Kalista (SI),Braum/Lillia (FR/IO),8,18,0.444444444444444
Morgana/Udyr (DE/FR),Nasus/Thresh (SI/SH),8,18,0.444444444444444
Akshan/Nasus (SI/SH),Ashe/LeBlanc (FR/NX),8,18,0.444444444444444
Lee Sin/Viktor (IO/PZ),Braum/Lillia (FR/IO),8,18,0.444444444444444
Kayle (BW/MT),Shen/Sivir (IO/SH),8,18,0.444444444444444
Nidalee (BC/SH),Lee Sin/Viktor (IO/PZ),10,18,0.555555555555556
Championless (MT/SI),Ashe/LeBlanc (FR/NX),10,18,0.555555555555556
Braum/Lillia (FR/IO),Kalista (SI),10,18,0.555555555555556
Nasus/Thresh (SI/SH),Morgana/Udyr (DE/FR),10,18,0.555555555555556
Ashe/LeBlanc (FR/NX),Akshan/Nasus (SI/SH),10,18,0.555555555555556
Braum/Lillia (FR/IO),Lee Sin/Viktor (IO/PZ),10,18,0.555555555555556
Shen/Sivir (IO/SH),Kayle (BW/MT),10,18,0.555555555555556
Aatrox/Kayn (RU/RU),Morgana/Udyr (DE/FR),8,23,0.347826086956522
Nasus/Thresh (SI/SH),Akshan/Varus (SH/RU),8,23,0.347826086956522
Ashe (FR/PZ),Janna/Sett (IO/PZ),8,23,0.347826086956522
Morgana/Udyr (DE/FR),Aatrox/Kayn (RU/RU),15,23,0.652173913043478
Akshan/Varus (SH/RU),Nasus/Thresh (SI/SH),15,23,0.652173913043478
Janna/Sett (IO/PZ),Ashe (FR/PZ),15,23,0.652173913043478
Riven/Viktor (NX/PZ),Ashe/LeBlanc (FR/NX),21,46,0.456521739130435
Ashe/LeBlanc (FR/NX),Riven/Viktor (NX/PZ),25,46,0.543478260869565
Maokai/Nautilus (BW/SI),Riven/Viktor (NX/PZ),5,21,0.238095238095238
Championless (PZ/SI),Jayce/Lux (DE/PZ),5,21,0.238095238095238
Riven/Viktor (NX/PZ),Maokai/Nautilus (BW/SI),16,21,0.761904761904762
Jayce/Lux (DE/PZ),Championless (PZ/SI),16,21,0.761904761904762
LeBlanc/Sivir (NX/SH),Ashe/LeBlanc (FR/NX),22,42,0.523809523809524
Ashe/LeBlanc (FR/NX),LeBlanc/Sivir (NX/SH),20,42,0.476190476190476
Akshan/Lee Sin (IO/SH),Lee Sin/Viktor (IO/PZ),19,43,0.441860465116279
Lee Sin/Viktor (IO/PZ),Akshan/Lee Sin (IO/SH),24,43,0.558139534883721
Darius/Gnar (FR/NX),Championless (SI),103,186,0.553763440860215
Championless (SI),Darius/Gnar (FR/NX),83,186,0.446236559139785
Championless (SI),Maokai/Nautilus (BW/SI),110,168,0.654761904761905
Maokai/Nautilus (BW/SI),Championless (SI),58,168,0.345238095238095
Darius/Gnar (FR/NX),Gnar/Neeko (FR/RU),3,9,0.333333333333333
Nasus/Renekton (SH),Akshan/Lee Sin (IO/SH),3,9,0.333333333333333
Janna (PZ/SI),Jayce/Lux (DE/PZ),3,9,0.333333333333333
Nasus/Renekton (SH),Darius/Gnar (FR/NX),3,9,0.333333333333333
Illaoi/Swain (BW/NX),Senna/Veigar (BC/SI),3,9,0.333333333333333
Jax/Ornn (FR/RU),Akshan/Lee Sin (IO/SH),3,9,0.333333333333333
Gnar/Neeko (FR/RU),Akshan/Lee Sin (IO/SH),3,9,0.333333333333333
Nasus/Thresh (SI/SH),Nasus/Renekton (SH),3,9,0.333333333333333
Janna/Sett (IO/PZ),Kalista (SI),3,9,0.333333333333333
Darius/Gnar (FR/NX),Braum/Galio (DE/FR),3,9,0.333333333333333
Senna/Veigar (BC/SI),Gwen/LeBlanc (NX/SI),3,9,0.333333333333333
Ashe/LeBlanc (FR/NX),Aphelios/Yasuo (IO/MT),3,9,0.333333333333333
Championless (PZ/SI),Galio/Udyr (DE/FR),3,9,0.333333333333333
Neeko/Poppy (DE/RU),Championless (MT/SI),3,9,0.333333333333333
Lillia (FR/IO),Braum/Lillia (FR/IO),3,9,0.333333333333333
Championless (MT/SI),Akshan/Lee Sin (IO/SH),3,9,0.333333333333333
Senna/Veigar (BC/SI),Aphelios/Sett (IO/MT),3,9,0.333333333333333
Championless (SI),Lillia/Malphite (IO/MT),3,9,0.333333333333333
Maokai (BW/SI),Lillia/Sett (BC/IO),3,9,0.333333333333333
Gnar/Neeko (FR/RU),Darius/Gnar (FR/NX),6,9,0.666666666666667
Akshan/Lee Sin (IO/SH),Nasus/Renekton (SH),6,9,0.666666666666667
Jayce/Lux (DE/PZ),Janna (PZ/SI),6,9,0.666666666666667
Darius/Gnar (FR/NX),Nasus/Renekton (SH),6,9,0.666666666666667
Senna/Veigar (BC/SI),Illaoi/Swain (BW/NX),6,9,0.666666666666667
Akshan/Lee Sin (IO/SH),Jax/Ornn (FR/RU),6,9,0.666666666666667
Akshan/Lee Sin (IO/SH),Gnar/Neeko (FR/RU),6,9,0.666666666666667
Nasus/Renekton (SH),Nasus/Thresh (SI/SH),6,9,0.666666666666667
Kalista (SI),Janna/Sett (IO/PZ),6,9,0.666666666666667
Braum/Galio (DE/FR),Darius/Gnar (FR/NX),6,9,0.666666666666667
Gwen/LeBlanc (NX/SI),Senna/Veigar (BC/SI),6,9,0.666666666666667
Aphelios/Yasuo (IO/MT),Ashe/LeBlanc (FR/NX),6,9,0.666666666666667
Galio/Udyr (DE/FR),Championless (PZ/SI),6,9,0.666666666666667
Championless (MT/SI),Neeko/Poppy (DE/RU),6,9,0.666666666666667
Braum/Lillia (FR/IO),Lillia (FR/IO),6,9,0.666666666666667
Akshan/Lee Sin (IO/SH),Championless (MT/SI),6,9,0.666666666666667
Aphelios/Sett (IO/MT),Senna/Veigar (BC/SI),6,9,0.666666666666667
Lillia/Malphite (IO/MT),Championless (SI),6,9,0.666666666666667
Lillia/Sett (BC/IO),Maokai (BW/SI),6,9,0.666666666666667
Darius/Gnar (FR/NX),Ashe (FR/PZ),27,57,0.473684210526316
Ashe (FR/PZ),Darius/Gnar (FR/NX),30,57,0.526315789473684
Ashe (FR/PZ),LeBlanc/Sivir (NX/SH),17,36,0.472222222222222
LeBlanc/Sivir (NX/SH),Ashe (FR/PZ),19,36,0.527777777777778
Championless (SI),Riven/Viktor (NX/PZ),22,67,0.328358208955224
Riven/Viktor (NX/PZ),Championless (SI),45,67,0.671641791044776
Senna/Veigar (BC/SI),Braum/Lillia (FR/IO),24,44,0.545454545454545
Braum/Lillia (FR/IO),Senna/Veigar (BC/SI),20,44,0.454545454545455
Ashe (FR/PZ),Maokai/Nautilus (BW/SI),17,47,0.361702127659575
Maokai/Nautilus (BW/SI),Ashe (FR/PZ),30,47,0.638297872340426
Jayce/Lux (DE/PZ),Championless (SI),123,254,0.484251968503937
Championless (SI),Jayce/Lux (DE/PZ),131,254,0.515748031496063
Riven/Viktor (NX/PZ),Akshan/Varus (SH/RU),22,33,0.666666666666667
Akshan/Varus (SH/RU),Riven/Viktor (NX/PZ),11,33,0.333333333333333
Braum/Vladimir (FR/NX),Championless (SI),25,96,0.260416666666667
Championless (SI),Braum/Vladimir (FR/NX),71,96,0.739583333333333
Maokai/Nautilus (BW/SI),Maokai/Nautilus (BW/SI),30,60,0.5
Nidalee (BC/SH),Ashe/LeBlanc (FR/NX),23,49,0.469387755102041
Ashe/LeBlanc (FR/NX),Nidalee (BC/SH),26,49,0.530612244897959
Braum/Lillia (FR/IO),Sett (IO/PZ),9,12,0.75
Nasus/Senna (SI/SH),Senna/Veigar (BC/SI),9,12,0.75
Braum/Lillia (FR/IO),Nasus/Renekton (SH),9,12,0.75
Jayce/Lux (DE/PZ),Senna (PZ/SI),9,12,0.75
Akshan/Lee Sin (IO/SH),Aphelios/Viktor (MT/PZ),9,12,0.75
Gnar/Nidalee (BC/SH),Kayle (BW/MT),9,12,0.75
Riven/Viktor (NX/PZ),Shen/Sivir (IO/SH),9,12,0.75
Sett (IO/PZ),Braum/Lillia (FR/IO),3,12,0.25
Senna/Veigar (BC/SI),Nasus/Senna (SI/SH),3,12,0.25
Nasus/Renekton (SH),Braum/Lillia (FR/IO),3,12,0.25
Senna (PZ/SI),Jayce/Lux (DE/PZ),3,12,0.25
Aphelios/Viktor (MT/PZ),Akshan/Lee Sin (IO/SH),3,12,0.25
Kayle (BW/MT),Gnar/Nidalee (BC/SH),3,12,0.25
Shen/Sivir (IO/SH),Riven/Viktor (NX/PZ),3,12,0.25
Morgana/Udyr (DE/FR),Riven/Viktor (NX/PZ),17,34,0.5
Riven/Viktor (NX/PZ),Morgana/Udyr (DE/FR),17,34,0.5
Ashe (FR/PZ),Ashe (FR/PZ),17,34,0.5
Kayle (BW/MT),Riven/Viktor (NX/PZ),10,26,0.384615384615385
Jack/Sett (BW/IO),Senna/Veigar (BC/SI),10,26,0.384615384615385
Riven/Viktor (NX/PZ),Kayle (BW/MT),16,26,0.615384615384615
Senna/Veigar (BC/SI),Jack/Sett (BW/IO),16,26,0.615384615384615
Senna/Veigar (BC/SI),Neeko/Poppy (DE/RU),13,25,0.52
Neeko/Poppy (DE/RU),Senna/Veigar (BC/SI),12,25,0.48
Akshan/Lee Sin (IO/SH),Akshan/Lee Sin (IO/SH),31,62,0.5
Championless (SI),Jack/Sett (BW/IO),33,52,0.634615384615385
Jack/Sett (BW/IO),Championless (SI),19,52,0.365384615384615
Senna/Veigar (BC/SI),Akshan/Varus (SH/RU),35,98,0.357142857142857
Akshan/Varus (SH/RU),Senna/Veigar (BC/SI),63,98,0.642857142857143
Riven/Viktor (NX/PZ),Senna/Veigar (BC/SI),10,27,0.37037037037037
Senna/Veigar (BC/SI),Riven/Viktor (NX/PZ),17,27,0.62962962962963
Aatrox/Morgana (RU/DE),Jayce/Lux (DE/PZ),4,7,0.571428571428571
Aatrox/Kayn (RU/RU),Lillia/Sett (BC/IO),4,7,0.571428571428571
Ashe/LeBlanc (FR/NX),Poppy/Taric (DE/MT),4,7,0.571428571428571
Sejuani/Swain (FR/NX),Kayle (BW/MT),4,7,0.571428571428571
Akshan/Lee Sin (IO/SH),Darius (FR/NX),4,7,0.571428571428571
Nasus/Thresh (SI/SH),Sett (IO/PZ),4,7,0.571428571428571
Illaoi/Swain (BW/NX),Akshan/Lee Sin (IO/SH),4,7,0.571428571428571
LeBlanc (FR/NX),Senna/Veigar (BC/SI),4,7,0.571428571428571
Morgana/Udyr (DE/FR),Swain/Vladimir (BW/NX),4,7,0.571428571428571
Kayle (BW/MT),Darius/LeBlanc (FR/NX),4,7,0.571428571428571
Morgana/Udyr (DE/FR),Akshan/Sivir (NX/SH),4,7,0.571428571428571
Galio/Udyr (DE/FR),Riven/Viktor (NX/PZ),4,7,0.571428571428571
Championless (PZ/SI),Janna/Sett (IO/PZ),4,7,0.571428571428571
Gwen/LeBlanc (NX/SI),Ashe (FR/PZ),4,7,0.571428571428571
Morgana/Udyr (DE/FR),Akshan/Nasus (SI/SH),4,7,0.571428571428571
Morgana/Udyr (DE/FR),LeBlanc/Udyr (FR/NX),4,7,0.571428571428571
Akshan/Varus (SH/RU),Garen (DE/SH),4,7,0.571428571428571
Galio/Udyr (DE/FR),Rumble/Sion (BC/NX),4,7,0.571428571428571
Galio/Udyr (DE/FR),Championless (MT/SI),4,7,0.571428571428571
Neeko/Poppy (BC/RU),Kayle (BW/MT),4,7,0.571428571428571
Maokai/Nautilus (BW/SI),Poppy/Taric (DE/MT),4,7,0.571428571428571
Shen/Sivir (IO/SH),Morgana/Udyr (DE/FR),4,7,0.571428571428571
Gnar/Sejuani (BC/FR),Darius/Gnar (FR/NX),4,7,0.571428571428571
Braum/Lillia (FR/IO),Gnar/Nidalee (BC/SH),4,7,0.571428571428571
Maokai/Nautilus (BW/SI),Ashe/Caitlyn (FR/PZ),4,7,0.571428571428571
Jax/Ornn (FR/RU),Jack/Sett (BW/IO),4,7,0.571428571428571
Lee Sin/Viktor (IO/PZ),Akshan/Nasus (SI/SH),4,7,0.571428571428571
Galio/Morgana (DE/MT),Aatrox/Kayn (RU/RU),4,7,0.571428571428571
Maokai/Nautilus (BW/SI),Akshan/Renekton (SH),4,7,0.571428571428571
Braum/Vladimir (FR/NX),Gwen/Vayne (DE/SI),4,7,0.571428571428571
Nasus/Thresh (SI/SH),Gnar/Nidalee (BC/SH),4,7,0.571428571428571
Gnar/Sejuani (BC/FR),Maokai/Nautilus (BW/SI),4,7,0.571428571428571
Caitlyn/Swain (NX/PZ),Akshan/Lee Sin (IO/SH),4,7,0.571428571428571
Nasus/Senna (SI/SH),Darius/Gnar (FR/NX),4,7,0.571428571428571
LeBlanc/Udyr (FR/NX),Braum/Vladimir (FR/NX),4,7,0.571428571428571
Poppy/Taric (DE/MT),Jayce/Lux (DE/PZ),4,7,0.571428571428571
Darius/Gnar (FR/NX),Yasuo (IO/NX),4,7,0.571428571428571
Ashe/Caitlyn (FR/PZ),Darius/Gnar (FR/NX),4,7,0.571428571428571
LeBlanc/Sivir (NX/SH),Sejuani/Swain (FR/NX),4,7,0.571428571428571
Galio/Morgana (DE/FR),Darius/Gnar (FR/NX),4,7,0.571428571428571
Championless (SI),Lulu/Shen (IO/MT),4,7,0.571428571428571
Championless (SI),Varus/Viktor (PZ/RU),4,7,0.571428571428571
Ashe/LeBlanc (FR/NX),Jax/Tristana (BC/RU),4,7,0.571428571428571
Janna/Senna (PZ/SI),Akshan/Varus (SH/RU),4,7,0.571428571428571
Jayce/Lux (DE/PZ),Aatrox/Morgana (RU/DE),3,7,0.428571428571429
Lillia/Sett (BC/IO),Aatrox/Kayn (RU/RU),3,7,0.428571428571429
Poppy/Taric (DE/MT),Ashe/LeBlanc (FR/NX),3,7,0.428571428571429
Kayle (BW/MT),Sejuani/Swain (FR/NX),3,7,0.428571428571429
Darius (FR/NX),Akshan/Lee Sin (IO/SH),3,7,0.428571428571429
Sett (IO/PZ),Nasus/Thresh (SI/SH),3,7,0.428571428571429
Akshan/Lee Sin (IO/SH),Illaoi/Swain (BW/NX),3,7,0.428571428571429
Senna/Veigar (BC/SI),LeBlanc (FR/NX),3,7,0.428571428571429
Swain/Vladimir (BW/NX),Morgana/Udyr (DE/FR),3,7,0.428571428571429
Darius/LeBlanc (FR/NX),Kayle (BW/MT),3,7,0.428571428571429
Akshan/Sivir (NX/SH),Morgana/Udyr (DE/FR),3,7,0.428571428571429
Riven/Viktor (NX/PZ),Galio/Udyr (DE/FR),3,7,0.428571428571429
Janna/Sett (IO/PZ),Championless (PZ/SI),3,7,0.428571428571429
Ashe (FR/PZ),Gwen/LeBlanc (NX/SI),3,7,0.428571428571429
Akshan/Nasus (SI/SH),Morgana/Udyr (DE/FR),3,7,0.428571428571429
LeBlanc/Udyr (FR/NX),Morgana/Udyr (DE/FR),3,7,0.428571428571429
Garen (DE/SH),Akshan/Varus (SH/RU),3,7,0.428571428571429
Rumble/Sion (BC/NX),Galio/Udyr (DE/FR),3,7,0.428571428571429
Championless (MT/SI),Galio/Udyr (DE/FR),3,7,0.428571428571429
Kayle (BW/MT),Neeko/Poppy (BC/RU),3,7,0.428571428571429
Poppy/Taric (DE/MT),Maokai/Nautilus (BW/SI),3,7,0.428571428571429
Morgana/Udyr (DE/FR),Shen/Sivir (IO/SH),3,7,0.428571428571429
Darius/Gnar (FR/NX),Gnar/Sejuani (BC/FR),3,7,0.428571428571429
Gnar/Nidalee (BC/SH),Braum/Lillia (FR/IO),3,7,0.428571428571429
Ashe/Caitlyn (FR/PZ),Maokai/Nautilus (BW/SI),3,7,0.428571428571429
Jack/Sett (BW/IO),Jax/Ornn (FR/RU),3,7,0.428571428571429
Akshan/Nasus (SI/SH),Lee Sin/Viktor (IO/PZ),3,7,0.428571428571429
Aatrox/Kayn (RU/RU),Galio/Morgana (DE/MT),3,7,0.428571428571429
Akshan/Renekton (SH),Maokai/Nautilus (BW/SI),3,7,0.428571428571429
Gwen/Vayne (DE/SI),Braum/Vladimir (FR/NX),3,7,0.428571428571429
Gnar/Nidalee (BC/SH),Nasus/Thresh (SI/SH),3,7,0.428571428571429
Maokai/Nautilus (BW/SI),Gnar/Sejuani (BC/FR),3,7,0.428571428571429
Akshan/Lee Sin (IO/SH),Caitlyn/Swain (NX/PZ),3,7,0.428571428571429
Darius/Gnar (FR/NX),Nasus/Senna (SI/SH),3,7,0.428571428571429
Braum/Vladimir (FR/NX),LeBlanc/Udyr (FR/NX),3,7,0.428571428571429
Jayce/Lux (DE/PZ),Poppy/Taric (DE/MT),3,7,0.428571428571429
Yasuo (IO/NX),Darius/Gnar (FR/NX),3,7,0.428571428571429
Darius/Gnar (FR/NX),Ashe/Caitlyn (FR/PZ),3,7,0.428571428571429
Sejuani/Swain (FR/NX),LeBlanc/Sivir (NX/SH),3,7,0.428571428571429
Darius/Gnar (FR/NX),Galio/Morgana (DE/FR),3,7,0.428571428571429
Lulu/Shen (IO/MT),Championless (SI),3,7,0.428571428571429
Varus/Viktor (PZ/RU),Championless (SI),3,7,0.428571428571429
Jax/Tristana (BC/RU),Ashe/LeBlanc (FR/NX),3,7,0.428571428571429
Akshan/Varus (SH/RU),Janna/Senna (PZ/SI),3,7,0.428571428571429
Jayce/Lux (DE/PZ),Ashe (FR/PZ),46,63,0.73015873015873
Ashe (FR/PZ),Jayce/Lux (DE/PZ),17,63,0.26984126984127
Swain/Yasuo (IO/NX),Championless (SI),2,10,0.2
Braum/Galio (DE/FR),Akshan/Lee Sin (IO/SH),2,10,0.2
Morgana/Taric (DE/MT),Championless (SI),2,10,0.2
Braum/Lillia (FR/IO),Gwen/LeBlanc (NX/SI),2,10,0.2
Championless (SI),Swain/Yasuo (IO/NX),8,10,0.8
Akshan/Lee Sin (IO/SH),Braum/Galio (DE/FR),8,10,0.8
Championless (SI),Morgana/Taric (DE/MT),8,10,0.8
Gwen/LeBlanc (NX/SI),Braum/Lillia (FR/IO),8,10,0.8
Akshan/Lee Sin (IO/SH),Jack/Sett (BW/IO),8,24,0.333333333333333
Jack/Sett (BW/IO),Akshan/Lee Sin (IO/SH),16,24,0.666666666666667
Championless (SI),Darius/LeBlanc (FR/NX),3,11,0.272727272727273
Malphite/Yasuo (IO/MT),Jayce/Lux (DE/PZ),3,11,0.272727272727273
Gwen/LeBlanc (NX/SI),Akshan/Lee Sin (IO/SH),3,11,0.272727272727273
Nasus/Thresh (SI/SH),Aatrox/Kayn (RU/RU),3,11,0.272727272727273
Jayce/Lux (DE/PZ),Jax/Ornn (FR/RU),3,11,0.272727272727273
Janna/Sett (IO/PZ),Galio/Udyr (DE/FR),3,11,0.272727272727273
Akshan/Nasus (SI/SH),Kayle (BW/MT),3,11,0.272727272727273
Galio/Morgana (DE/MT),Championless (SI),3,11,0.272727272727273
Nidalee (BC/SH),Aatrox/Kayn (RU/RU),3,11,0.272727272727273
Championless (SI),Aatrox (RU/BW),3,11,0.272727272727273
Riven/Vi (NX/PZ),Championless (SI),3,11,0.272727272727273
Maokai/Nautilus (BW/SI),Kai'Sa/Viktor (PZ/SH),3,11,0.272727272727273
Darius/LeBlanc (FR/NX),Championless (SI),8,11,0.727272727272727
Jayce/Lux (DE/PZ),Malphite/Yasuo (IO/MT),8,11,0.727272727272727
Akshan/Lee Sin (IO/SH),Gwen/LeBlanc (NX/SI),8,11,0.727272727272727
Aatrox/Kayn (RU/RU),Nasus/Thresh (SI/SH),8,11,0.727272727272727
Jax/Ornn (FR/RU),Jayce/Lux (DE/PZ),8,11,0.727272727272727
Galio/Udyr (DE/FR),Janna/Sett (IO/PZ),8,11,0.727272727272727
Kayle (BW/MT),Akshan/Nasus (SI/SH),8,11,0.727272727272727
Championless (SI),Galio/Morgana (DE/MT),8,11,0.727272727272727
Aatrox/Kayn (RU/RU),Nidalee (BC/SH),8,11,0.727272727272727
Aatrox (RU/BW),Championless (SI),8,11,0.727272727272727
Championless (SI),Riven/Vi (NX/PZ),8,11,0.727272727272727
Kai'Sa/Viktor (PZ/SH),Maokai/Nautilus (BW/SI),8,11,0.727272727272727
LeBlanc/Sivir (NX/SH),Senna/Veigar (BC/SI),19,31,0.612903225806452
Senna/Veigar (BC/SI),LeBlanc/Sivir (NX/SH),12,31,0.387096774193548
Ashe (FR/PZ),Championless (SI),66,139,0.474820143884892
Championless (SI),Ashe (FR/PZ),73,139,0.525179856115108
Jayce/Lux (DE/PZ),Sett (IO/PZ),24,28,0.857142857142857
Sett (IO/PZ),Jayce/Lux (DE/PZ),4,28,0.142857142857143
Morgana/Udyr (DE/FR),Braum/Vladimir (FR/NX),20,36,0.555555555555556
Braum/Vladimir (FR/NX),Morgana/Udyr (DE/FR),16,36,0.444444444444444
Championless (SI),Illaoi/Swain (BW/NX),10,12,0.833333333333333
Jayce/Lux (DE/PZ),Janna/Senna (PZ/SI),10,12,0.833333333333333
Morgana/Udyr (DE/FR),Gwen/LeBlanc (NX/SI),10,12,0.833333333333333
Championless (SI),Ashe/Tahm Kench (BW/FR),10,12,0.833333333333333
Braum/Lillia (FR/IO),Championless (PZ/SI),10,12,0.833333333333333
Illaoi/Swain (BW/NX),Championless (SI),2,12,0.166666666666667
Janna/Senna (PZ/SI),Jayce/Lux (DE/PZ),2,12,0.166666666666667
Gwen/LeBlanc (NX/SI),Morgana/Udyr (DE/FR),2,12,0.166666666666667
Ashe/Tahm Kench (BW/FR),Championless (SI),2,12,0.166666666666667
Championless (PZ/SI),Braum/Lillia (FR/IO),2,12,0.166666666666667
Senna/Veigar (BC/SI),Senna/Veigar (BC/SI),61,122,0.5
Lee Sin/Viktor (IO/PZ),Riven/Viktor (NX/PZ),6,12,0.5
Riven/Viktor (NX/PZ),Lee Sin/Viktor (IO/PZ),6,12,0.5
Malphite/Yasuo (IO/MT),Kayle (BW/MT),6,12,0.5
Kayle (BW/MT),Malphite/Yasuo (IO/MT),6,12,0.5
Kalista (SI),Kalista (SI),6,12,0.5
Rumble/Sion (BC/NX),Rumble/Sion (BC/NX),6,12,0.5
Championless (PZ/SI),Championless (PZ/SI),6,12,0.5
Jax/Ornn (FR/RU),Morgana/Udyr (DE/FR),6,12,0.5
Morgana/Udyr (DE/FR),Jax/Ornn (FR/RU),6,12,0.5
Braum/Vladimir (FR/NX),Gangplank/Sejuani (BW/FR),6,12,0.5
Gangplank/Sejuani (BW/FR),Braum/Vladimir (FR/NX),6,12,0.5
Nidalee (BC/SH),Nidalee (BC/SH),6,12,0.5
Jack/Sett (BW/IO),Nidalee (BC/SH),6,12,0.5
Nidalee (BC/SH),Jack/Sett (BW/IO),6,12,0.5
Lillia/Udyr (FR/IO),Championless (SI),6,12,0.5
Championless (SI),Lillia/Udyr (FR/IO),6,12,0.5
Senna (PZ/SI),Ashe (FR/PZ),6,12,0.5
Ashe (FR/PZ),Senna (PZ/SI),6,12,0.5
Maokai/Nautilus (BW/SI),Braum/Vladimir (FR/NX),31,54,0.574074074074074
Braum/Vladimir (FR/NX),Maokai/Nautilus (BW/SI),23,54,0.425925925925926
Braum/Vladimir (FR/NX),Jayce/Lux (DE/PZ),41,62,0.661290322580645
Jayce/Lux (DE/PZ),Braum/Vladimir (FR/NX),21,62,0.338709677419355
Braum/Lillia (FR/IO),Morgana/Udyr (DE/FR),14,38,0.368421052631579
Morgana/Udyr (DE/FR),Braum/Lillia (FR/IO),24,38,0.631578947368421
Senna/Veigar (BC/SI),Maokai/Nautilus (BW/SI),50,110,0.454545454545455
Maokai/Nautilus (BW/SI),Senna/Veigar (BC/SI),60,110,0.545454545454545
Jayce/Lux (DE/PZ),Lee Sin/Viktor (IO/PZ),22,51,0.431372549019608
Lee Sin/Viktor (IO/PZ),Jayce/Lux (DE/PZ),29,51,0.568627450980392
Maokai/Nautilus (BW/SI),Maokai (BW/SI),5,19,0.263157894736842
Championless (PZ/SI),Akshan/Lee Sin (IO/SH),5,19,0.263157894736842
Maokai (BW/SI),Maokai/Nautilus (BW/SI),14,19,0.736842105263158
Akshan/Lee Sin (IO/SH),Championless (PZ/SI),14,19,0.736842105263158
Braum/Vladimir (FR/NX),Aatrox/Kayn (RU/RU),11,24,0.458333333333333
Maokai (BW/SI),Ashe/LeBlanc (FR/NX),11,24,0.458333333333333
Aatrox/Kayn (RU/RU),Braum/Vladimir (FR/NX),13,24,0.541666666666667
Ashe/LeBlanc (FR/NX),Maokai (BW/SI),13,24,0.541666666666667
Akshan/Lee Sin (IO/SH),Championless (SI),66,149,0.442953020134228
Championless (SI),Akshan/Lee Sin (IO/SH),83,149,0.557046979865772
Jayce/Lux (DE/PZ),Akshan/Lee Sin (IO/SH),32,71,0.450704225352113
Akshan/Lee Sin (IO/SH),Jayce/Lux (DE/PZ),39,71,0.549295774647887
Riven/Viktor (NX/PZ),Aatrox/Kayn (RU/RU),5,11,0.454545454545455
Malphite/Yasuo (IO/MT),Senna/Veigar (BC/SI),5,11,0.454545454545455
Championless (PZ/SI),Kalista (SI),5,11,0.454545454545455
Jayce/Lux (DE/PZ),Nasus (SI/SH),5,11,0.454545454545455
Akshan/Morgana (MT/SH),Jayce/Lux (DE/PZ),5,11,0.454545454545455
Jayce/Lux (DE/PZ),Nasus/Renekton (SH),5,11,0.454545454545455
Senna (PZ/SI),Braum/Vladimir (FR/NX),5,11,0.454545454545455
Gwen/Riven (NX/SI),Championless (SI),5,11,0.454545454545455
Maokai (BW/SI),Janna/Sett (IO/PZ),5,11,0.454545454545455
Darius/Gnar (FR/NX),Shen/Sivir (IO/SH),5,11,0.454545454545455
Braum/Lillia (FR/IO),Galio/Udyr (DE/FR),5,11,0.454545454545455
Jax/Ornn (FR/RU),Braum/Lillia (FR/IO),5,11,0.454545454545455
Ashe/Caitlyn (FR/PZ),Akshan/Varus (SH/RU),5,11,0.454545454545455
Nasus/Thresh (SI/SH),Braum/Lillia (FR/IO),5,11,0.454545454545455
Galio/Morgana (DE/FR),Maokai/Nautilus (BW/SI),5,11,0.454545454545455
Aatrox/Kayn (RU/RU),Riven/Viktor (NX/PZ),6,11,0.545454545454545
Senna/Veigar (BC/SI),Malphite/Yasuo (IO/MT),6,11,0.545454545454545
Kalista (SI),Championless (PZ/SI),6,11,0.545454545454545
Nasus (SI/SH),Jayce/Lux (DE/PZ),6,11,0.545454545454545
Jayce/Lux (DE/PZ),Akshan/Morgana (MT/SH),6,11,0.545454545454545
Nasus/Renekton (SH),Jayce/Lux (DE/PZ),6,11,0.545454545454545
Braum/Vladimir (FR/NX),Senna (PZ/SI),6,11,0.545454545454545
Championless (SI),Gwen/Riven (NX/SI),6,11,0.545454545454545
Janna/Sett (IO/PZ),Maokai (BW/SI),6,11,0.545454545454545
Shen/Sivir (IO/SH),Darius/Gnar (FR/NX),6,11,0.545454545454545
Galio/Udyr (DE/FR),Braum/Lillia (FR/IO),6,11,0.545454545454545
Braum/Lillia (FR/IO),Jax/Ornn (FR/RU),6,11,0.545454545454545
Akshan/Varus (SH/RU),Ashe/Caitlyn (FR/PZ),6,11,0.545454545454545
Braum/Lillia (FR/IO),Nasus/Thresh (SI/SH),6,11,0.545454545454545
Maokai/Nautilus (BW/SI),Galio/Morgana (DE/FR),6,11,0.545454545454545
Akshan/Lee Sin (IO/SH),Riven/Viktor (NX/PZ),7,17,0.411764705882353
Lee Sin/Viktor (IO/PZ),Gnar/Nidalee (BC/SH),7,17,0.411764705882353
Gwen/Vayne (DE/SI),Senna/Veigar (BC/SI),7,17,0.411764705882353
Nasus/Thresh (SI/SH),Aphelios/Viktor (MT/PZ),7,17,0.411764705882353
Riven/Viktor (NX/PZ),Akshan/Lee Sin (IO/SH),10,17,0.588235294117647
Gnar/Nidalee (BC/SH),Lee Sin/Viktor (IO/PZ),10,17,0.588235294117647
Senna/Veigar (BC/SI),Gwen/Vayne (DE/SI),10,17,0.588235294117647
Aphelios/Viktor (MT/PZ),Nasus/Thresh (SI/SH),10,17,0.588235294117647
Akshan/Varus (SH/RU),Lee Sin/Viktor (IO/PZ),30,46,0.652173913043478
Lee Sin/Viktor (IO/PZ),Akshan/Varus (SH/RU),16,46,0.347826086956522
Morgana/Udyr (DE/FR),Jack/Sett (BW/IO),13,20,0.65
Gwen/LeBlanc (NX/SI),Kayle (BW/MT),13,20,0.65
Nasus (SI/SH),Championless (SI),13,20,0.65
Jack/Sett (BW/IO),Morgana/Udyr (DE/FR),7,20,0.35
Kayle (BW/MT),Gwen/LeBlanc (NX/SI),7,20,0.35
Championless (SI),Nasus (SI/SH),7,20,0.35
Aatrox/Kayn (RU/RU),Ashe (FR/PZ),8,30,0.266666666666667
Ashe (FR/PZ),Aatrox/Kayn (RU/RU),22,30,0.733333333333333
Ashe/LeBlanc (FR/NX),Aatrox/Kayn (RU/RU),35,48,0.729166666666667
Aatrox/Kayn (RU/RU),Ashe/LeBlanc (FR/NX),13,48,0.270833333333333
Akshan/Lee Sin (IO/SH),Aatrox/Kayn (RU/RU),15,26,0.576923076923077
Akshan/Varus (SH/RU),Sett (IO/PZ),15,26,0.576923076923077
Aatrox/Kayn (RU/RU),Akshan/Lee Sin (IO/SH),11,26,0.423076923076923
Sett (IO/PZ),Akshan/Varus (SH/RU),11,26,0.423076923076923
Morgana/Udyr (DE/FR),Championless (MT/SI),4,13,0.307692307692308
Rumble/Vayne (DE/NX),Championless (SI),4,13,0.307692307692308
Ashe/Tahm Kench (BW/FR),Jayce/Lux (DE/PZ),4,13,0.307692307692308
Jack/Sett (BW/IO),Braum/Vladimir (FR/NX),4,13,0.307692307692308
Janna/Sett (IO/PZ),Aatrox/Kayn (RU/RU),4,13,0.307692307692308
Senna/Veigar (BC/SI),Gnar/Neeko (FR/RU),4,13,0.307692307692308
Akshan/Morgana (MT/SH),Championless (SI),4,13,0.307692307692308
Neeko/Poppy (DE/RU),Nidalee (BC/SH),4,13,0.307692307692308
Kayle (BW/MT),Gwen/Vayne (DE/SI),4,13,0.307692307692308
Championless (MT/SI),Morgana/Udyr (DE/FR),9,13,0.692307692307692
Championless (SI),Rumble/Vayne (DE/NX),9,13,0.692307692307692
Jayce/Lux (DE/PZ),Ashe/Tahm Kench (BW/FR),9,13,0.692307692307692
Braum/Vladimir (FR/NX),Jack/Sett (BW/IO),9,13,0.692307692307692
Aatrox/Kayn (RU/RU),Janna/Sett (IO/PZ),9,13,0.692307692307692
Gnar/Neeko (FR/RU),Senna/Veigar (BC/SI),9,13,0.692307692307692
Championless (SI),Akshan/Morgana (MT/SH),9,13,0.692307692307692
Nidalee (BC/SH),Neeko/Poppy (DE/RU),9,13,0.692307692307692
Gwen/Vayne (DE/SI),Kayle (BW/MT),9,13,0.692307692307692
Akshan/Lee Sin (IO/SH),Maokai/Nautilus (BW/SI),43,63,0.682539682539683
Maokai/Nautilus (BW/SI),Akshan/Lee Sin (IO/SH),20,63,0.317460317460317
Kayle (BW/MT),Akshan/Lee Sin (IO/SH),22,61,0.360655737704918
Akshan/Lee Sin (IO/SH),Kayle (BW/MT),39,61,0.639344262295082
Jayce/Lux (DE/PZ),Jayce/Lux (DE/PZ),52,104,0.5
Maokai/Nautilus (BW/SI),Ashe/LeBlanc (FR/NX),65,124,0.524193548387097
Ashe/LeBlanc (FR/NX),Maokai/Nautilus (BW/SI),59,124,0.475806451612903
Gangplank/Sejuani (BW/FR),Championless (SI),25,49,0.510204081632653
Championless (SI),Gangplank/Sejuani (BW/FR),24,49,0.489795918367347
Ashe (FR/PZ),Gangplank/Sejuani (BW/FR),7,16,0.4375
Braum/Vladimir (FR/NX),Aphelios/Viktor (MT/PZ),7,16,0.4375
Riven/Viktor (NX/PZ),Kalista (SI),7,16,0.4375
Jayce/Lux (DE/PZ),Akshan/Nasus (SI/SH),7,16,0.4375
Nasus/Senna (SI/SH),Championless (SI),7,16,0.4375
Gangplank/Sejuani (BW/FR),Ashe (FR/PZ),9,16,0.5625
Aphelios/Viktor (MT/PZ),Braum/Vladimir (FR/NX),9,16,0.5625
Kalista (SI),Riven/Viktor (NX/PZ),9,16,0.5625
Akshan/Nasus (SI/SH),Jayce/Lux (DE/PZ),9,16,0.5625
Championless (SI),Nasus/Senna (SI/SH),9,16,0.5625
Lillia/Sett (BC/IO),Championless (SI),19,42,0.452380952380952
Rumble/Sion (BC/NX),Kayle (BW/MT),19,42,0.452380952380952
Championless (SI),Lillia/Sett (BC/IO),23,42,0.547619047619048
Kayle (BW/MT),Rumble/Sion (BC/NX),23,42,0.547619047619048
Ashe/LeBlanc (FR/NX),Gangplank/Sejuani (BW/FR),15,30,0.5
Gangplank/Sejuani (BW/FR),Ashe/LeBlanc (FR/NX),15,30,0.5
Braum/Lillia (FR/IO),Braum/Lillia (FR/IO),15,30,0.5
LeBlanc/Sivir (NX/SH),Gangplank/Sejuani (BW/FR),6,19,0.315789473684211
Kayle (BW/MT),Lillia/Sett (BC/IO),6,19,0.315789473684211
Senna (PZ/SI),Kayle (BW/MT),6,19,0.315789473684211
Gangplank/Sejuani (BW/FR),LeBlanc/Sivir (NX/SH),13,19,0.68421052631579
Lillia/Sett (BC/IO),Kayle (BW/MT),13,19,0.68421052631579
Kayle (BW/MT),Senna (PZ/SI),13,19,0.68421052631579
Maokai/Nautilus (BW/SI),Aatrox/Kayn (RU/RU),20,25,0.8
Jayce/Lux (DE/PZ),Aphelios/Viktor (MT/PZ),20,25,0.8
Aatrox/Kayn (RU/RU),Maokai/Nautilus (BW/SI),5,25,0.2
Aphelios/Viktor (MT/PZ),Jayce/Lux (DE/PZ),5,25,0.2
Morgana/Udyr (DE/FR),Morgana/Udyr (DE/FR),23,46,0.5
Akshan/Varus (SH/RU),Akshan/Lee Sin (IO/SH),40,76,0.526315789473684
Akshan/Lee Sin (IO/SH),Akshan/Varus (SH/RU),36,76,0.473684210526316
Aatrox/Kayn (RU/RU),Akshan/Varus (SH/RU),21,36,0.583333333333333
Akshan/Varus (SH/RU),Aatrox/Kayn (RU/RU),15,36,0.416666666666667
Nasus/Renekton (SH),Akshan/Varus (SH/RU),5,16,0.3125
Nasus/Thresh (SI/SH),Akshan/Lee Sin (IO/SH),5,16,0.3125
Akshan/Varus (SH/RU),Shen/Sivir (IO/SH),5,16,0.3125
Ashe (FR/PZ),Nasus/Senna (SI/SH),5,16,0.3125
Akshan/Varus (SH/RU),Nasus/Renekton (SH),11,16,0.6875
Akshan/Lee Sin (IO/SH),Nasus/Thresh (SI/SH),11,16,0.6875
Shen/Sivir (IO/SH),Akshan/Varus (SH/RU),11,16,0.6875
Nasus/Senna (SI/SH),Ashe (FR/PZ),11,16,0.6875
Maokai/Nautilus (BW/SI),Gangplank/Sejuani (BW/FR),13,27,0.481481481481482
Sett (IO/PZ),Kayle (BW/MT),13,27,0.481481481481482
Jack/Sett (BW/IO),Darius/Gnar (FR/NX),13,27,0.481481481481482
Akshan/Varus (SH/RU),Nidalee (BC/SH),13,27,0.481481481481482
Gangplank/Sejuani (BW/FR),Maokai/Nautilus (BW/SI),14,27,0.518518518518519
Kayle (BW/MT),Sett (IO/PZ),14,27,0.518518518518519
Darius/Gnar (FR/NX),Jack/Sett (BW/IO),14,27,0.518518518518519
Nidalee (BC/SH),Akshan/Varus (SH/RU),14,27,0.518518518518519
Braum/Vladimir (FR/NX),Akshan/Varus (SH/RU),23,44,0.522727272727273
Akshan/Varus (SH/RU),Braum/Vladimir (FR/NX),21,44,0.477272727272727
Lee Sin/Viktor (IO/PZ),Maokai/Nautilus (BW/SI),20,34,0.588235294117647
Galio/Udyr (DE/FR),Ashe/LeBlanc (FR/NX),20,34,0.588235294117647
Maokai/Nautilus (BW/SI),Lee Sin/Viktor (IO/PZ),14,34,0.411764705882353
Ashe/LeBlanc (FR/NX),Galio/Udyr (DE/FR),14,34,0.411764705882353
Maokai/Nautilus (BW/SI),Akshan/Varus (SH/RU),21,73,0.287671232876712
Akshan/Varus (SH/RU),Maokai/Nautilus (BW/SI),52,73,0.712328767123288
Akshan/Lee Sin (IO/SH),Gnar/Nidalee (BC/SH),3,14,0.214285714285714
Sett (IO/PZ),Gnar/Nidalee (BC/SH),3,14,0.214285714285714
Braum/Lillia (FR/IO),Neeko/Poppy (DE/RU),3,14,0.214285714285714
Galio/Morgana (DE/FR),Championless (SI),3,14,0.214285714285714
Gnar/Nidalee (BC/SH),Akshan/Lee Sin (IO/SH),11,14,0.785714285714286
Gnar/Nidalee (BC/SH),Sett (IO/PZ),11,14,0.785714285714286
Neeko/Poppy (DE/RU),Braum/Lillia (FR/IO),11,14,0.785714285714286
Championless (SI),Galio/Morgana (DE/FR),11,14,0.785714285714286
Nasus/Renekton (SH),Championless (SI),9,27,0.333333333333333
Championless (SI),Nasus/Renekton (SH),18,27,0.666666666666667
Aatrox/Kayn (RU/RU),Jayce/Lux (DE/PZ),19,33,0.575757575757576
Ashe (FR/PZ),Kalista (SI),19,33,0.575757575757576
Jayce/Lux (DE/PZ),Aatrox/Kayn (RU/RU),14,33,0.424242424242424
Kalista (SI),Ashe (FR/PZ),14,33,0.424242424242424
Senna (PZ/SI),LeBlanc/Sivir (NX/SH),1,6,0.166666666666667
Garen/Taric (DE/MT),Championless (SI),1,6,0.166666666666667
Poppy/Taric (DE/MT),Morgana/Udyr (DE/FR),1,6,0.166666666666667
Morgana/Udyr (DE/FR),Nasus/Renekton (SH),1,6,0.166666666666667
Darius/LeBlanc (FR/NX),Ashe/LeBlanc (FR/NX),1,6,0.166666666666667
Aatrox/Morgana/Vayne (RU/DE),Ashe (FR/PZ),1,6,0.166666666666667
Braum/Galio (DE/FR),Akshan/Varus (SH/RU),1,6,0.166666666666667
Sett (IO/PZ),Rumble/Sion (BC/NX),1,6,0.166666666666667
Aatrox/Vayne (RU/DE),Championless (SI),1,6,0.166666666666667
Braum/Galio (DE/FR),Kayle (BW/MT),1,6,0.166666666666667
Akshan/Varus (SH/RU),Galio/Morgana (DE/MT),1,6,0.166666666666667
Sett (IO/PZ),LeBlanc (FR/NX),1,6,0.166666666666667
Nasus/Thresh (SI/SH),Swain/Vladimir (BW/NX),1,6,0.166666666666667
Ashe/Tahm Kench (BW/FR),Akshan/Varus (SH/RU),1,6,0.166666666666667
Ashe/Tahm Kench (BW/FR),Senna/Veigar (BC/SI),1,6,0.166666666666667
Championless (PZ/SI),Gwen/LeBlanc (NX/SI),1,6,0.166666666666667
Championless (SI),Gnar/Sejuani (FR/PZ),1,6,0.166666666666667
Swain/Yasuo (IO/NX),Ashe/LeBlanc (FR/NX),1,6,0.166666666666667
Maokai (BW/SI),Gwen/LeBlanc (NX/SI),1,6,0.166666666666667
Akshan/Lee Sin (IO/SH),Leona (MT/SH),1,6,0.166666666666667
Nasus/Renekton (SH),Braum/Vladimir (FR/NX),1,6,0.166666666666667
Kayle/Lillia (IO/MT),Jayce/Lux (DE/PZ),1,6,0.166666666666667
Lillia/Udyr (FR/IO),Maokai/Nautilus (BW/SI),1,6,0.166666666666667
Akshan/Nasus (SI/SH),Braum/Lillia (FR/IO),1,6,0.166666666666667
Janna/Sett/Viktor (IO/PZ),Ashe/LeBlanc (FR/NX),1,6,0.166666666666667
Akshan/Udyr (FR/SH),Braum/Lillia (FR/IO),1,6,0.166666666666667
Gwen (NX/SI),Morgana/Udyr (DE/FR),1,6,0.166666666666667
Neeko/Poppy (BC/RU),Championless (SI),1,6,0.166666666666667
Taric/Udyr (FR/MT),Championless (SI),1,6,0.166666666666667
Sett/Viktor (IO/PZ),Braum/Vladimir (FR/NX),1,6,0.166666666666667
Senna/Veigar (BC/SI),Kalista/Nasus/Thresh (SI/SH),1,6,0.166666666666667
Nasus/Thresh (SI/SH),Lillia/Sett (BC/IO),1,6,0.166666666666667
Braum/Lillia (FR/IO),Galio/Morgana (DE/FR),1,6,0.166666666666667
Ashe/LeBlanc (FR/NX),Galio/Morgana (DE/FR),1,6,0.166666666666667
Nasus (SI/SH),Rumble/Sion (BC/NX),1,6,0.166666666666667
Nasus (SI/SH),Maokai/Nautilus (BW/SI),1,6,0.166666666666667
Shyvana (DE/MT),Ashe (FR/PZ),1,6,0.166666666666667
Senna/Veigar (PZ/SI),Maokai/Nautilus (BW/SI),1,6,0.166666666666667
Kayn/Ornn (FR/RU),Morgana/Udyr (DE/FR),1,6,0.166666666666667
Akshan/Sivir (IO/SH),Championless (SI),1,6,0.166666666666667
LeBlanc/Sivir (NX/SH),Senna (PZ/SI),5,6,0.833333333333333
Championless (SI),Garen/Taric (DE/MT),5,6,0.833333333333333
Morgana/Udyr (DE/FR),Poppy/Taric (DE/MT),5,6,0.833333333333333
Nasus/Renekton (SH),Morgana/Udyr (DE/FR),5,6,0.833333333333333
Ashe/LeBlanc (FR/NX),Darius/LeBlanc (FR/NX),5,6,0.833333333333333
Ashe (FR/PZ),Aatrox/Morgana/Vayne (RU/DE),5,6,0.833333333333333
Akshan/Varus (SH/RU),Braum/Galio (DE/FR),5,6,0.833333333333333
Rumble/Sion (BC/NX),Sett (IO/PZ),5,6,0.833333333333333
Championless (SI),Aatrox/Vayne (RU/DE),5,6,0.833333333333333
Kayle (BW/MT),Braum/Galio (DE/FR),5,6,0.833333333333333
Galio/Morgana (DE/MT),Akshan/Varus (SH/RU),5,6,0.833333333333333
LeBlanc (FR/NX),Sett (IO/PZ),5,6,0.833333333333333
Swain/Vladimir (BW/NX),Nasus/Thresh (SI/SH),5,6,0.833333333333333
Akshan/Varus (SH/RU),Ashe/Tahm Kench (BW/FR),5,6,0.833333333333333
Senna/Veigar (BC/SI),Ashe/Tahm Kench (BW/FR),5,6,0.833333333333333
Gwen/LeBlanc (NX/SI),Championless (PZ/SI),5,6,0.833333333333333
Gnar/Sejuani (FR/PZ),Championless (SI),5,6,0.833333333333333
Ashe/LeBlanc (FR/NX),Swain/Yasuo (IO/NX),5,6,0.833333333333333
Gwen/LeBlanc (NX/SI),Maokai (BW/SI),5,6,0.833333333333333
Leona (MT/SH),Akshan/Lee Sin (IO/SH),5,6,0.833333333333333
Braum/Vladimir (FR/NX),Nasus/Renekton (SH),5,6,0.833333333333333
Jayce/Lux (DE/PZ),Kayle/Lillia (IO/MT),5,6,0.833333333333333
Maokai/Nautilus (BW/SI),Lillia/Udyr (FR/IO),5,6,0.833333333333333
Braum/Lillia (FR/IO),Akshan/Nasus (SI/SH),5,6,0.833333333333333
Ashe/LeBlanc (FR/NX),Janna/Sett/Viktor (IO/PZ),5,6,0.833333333333333
Braum/Lillia (FR/IO),Akshan/Udyr (FR/SH),5,6,0.833333333333333
Morgana/Udyr (DE/FR),Gwen (NX/SI),5,6,0.833333333333333
Championless (SI),Neeko/Poppy (BC/RU),5,6,0.833333333333333
Championless (SI),Taric/Udyr (FR/MT),5,6,0.833333333333333
Braum/Vladimir (FR/NX),Sett/Viktor (IO/PZ),5,6,0.833333333333333
Kalista/Nasus/Thresh (SI/SH),Senna/Veigar (BC/SI),5,6,0.833333333333333
Lillia/Sett (BC/IO),Nasus/Thresh (SI/SH),5,6,0.833333333333333
Galio/Morgana (DE/FR),Braum/Lillia (FR/IO),5,6,0.833333333333333
Galio/Morgana (DE/FR),Ashe/LeBlanc (FR/NX),5,6,0.833333333333333
Rumble/Sion (BC/NX),Nasus (SI/SH),5,6,0.833333333333333
Maokai/Nautilus (BW/SI),Nasus (SI/SH),5,6,0.833333333333333
Ashe (FR/PZ),Shyvana (DE/MT),5,6,0.833333333333333
Maokai/Nautilus (BW/SI),Senna/Veigar (PZ/SI),5,6,0.833333333333333
Morgana/Udyr (DE/FR),Kayn/Ornn (FR/RU),5,6,0.833333333333333
Championless (SI),Akshan/Sivir (IO/SH),5,6,0.833333333333333
Senna/Veigar (BC/SI),Kalista (SI),12,32,0.375
Kalista (SI),Senna/Veigar (BC/SI),20,32,0.625
Darius/Gnar (FR/NX),Akshan/Varus (SH/RU),38,67,0.567164179104478
Akshan/Varus (SH/RU),Darius/Gnar (FR/NX),29,67,0.432835820895522
Nasus/Thresh (SI/SH),Championless (SI),29,70,0.414285714285714
Championless (SI),Nasus/Thresh (SI/SH),41,70,0.585714285714286
Darius/Gnar (FR/NX),Janna (PZ/SI),8,9,0.888888888888889
Senna/Veigar (BC/SI),Shyvana (DE/MT),8,9,0.888888888888889
Championless (SI),Caitlyn/Swain (NX/PZ),8,9,0.888888888888889
Janna (PZ/SI),Darius/Gnar (FR/NX),1,9,0.111111111111111
Shyvana (DE/MT),Senna/Veigar (BC/SI),1,9,0.111111111111111
Caitlyn/Swain (NX/PZ),Championless (SI),1,9,0.111111111111111
Braum/Lillia (FR/IO),Jayce/Lux (DE/PZ),11,37,0.297297297297297
Jayce/Lux (DE/PZ),Braum/Lillia (FR/IO),26,37,0.702702702702703
Jayce/Lux (DE/PZ),Janna/Sett (IO/PZ),23,33,0.696969696969697
Janna/Sett (IO/PZ),Jayce/Lux (DE/PZ),10,33,0.303030303030303
Championless (SI),Malphite/Yasuo (IO/MT),16,23,0.695652173913044
Malphite/Yasuo (IO/MT),Championless (SI),7,23,0.304347826086957
Akshan/Lee Sin (IO/SH),Kalista (SI),5,24,0.208333333333333
Kalista (SI),Akshan/Lee Sin (IO/SH),19,24,0.791666666666667
Akshan/Lee Sin (IO/SH),Sett (IO/PZ),7,21,0.333333333333333
Senna/Veigar (BC/SI),Championless (PZ/SI),7,21,0.333333333333333
Jack/Sett (BW/IO),Akshan/Varus (SH/RU),7,21,0.333333333333333
Gwen/Vayne (DE/SI),Akshan/Varus (SH/RU),7,21,0.333333333333333
Sett (IO/PZ),Akshan/Lee Sin (IO/SH),14,21,0.666666666666667
Championless (PZ/SI),Senna/Veigar (BC/SI),14,21,0.666666666666667
Akshan/Varus (SH/RU),Jack/Sett (BW/IO),14,21,0.666666666666667
Akshan/Varus (SH/RU),Gwen/Vayne (DE/SI),14,21,0.666666666666667
Aphelios/Viktor (MT/PZ),Championless (SI),14,56,0.25
Championless (SI),Aphelios/Viktor (MT/PZ),42,56,0.75
Kalista (SI),Aatrox/Kayn (RU/RU),11,17,0.647058823529412
Lee Sin/Viktor (IO/PZ),Jax/Ornn (FR/RU),11,17,0.647058823529412
Jack/Sett (BW/IO),Braum/Lillia (FR/IO),11,17,0.647058823529412
Aatrox/Kayn (RU/RU),Kalista (SI),6,17,0.352941176470588
Jax/Ornn (FR/RU),Lee Sin/Viktor (IO/PZ),6,17,0.352941176470588
Braum/Lillia (FR/IO),Jack/Sett (BW/IO),6,17,0.352941176470588
Braum/Vladimir (FR/NX),Nidalee (BC/SH),4,17,0.235294117647059
Nidalee (BC/SH),Braum/Vladimir (FR/NX),13,17,0.764705882352941
Jayce/Lux (DE/PZ),Kalista (SI),18,37,0.486486486486487
Kalista (SI),Jayce/Lux (DE/PZ),19,37,0.513513513513514
Neeko/Poppy (DE/RU),Championless (SI),23,58,0.396551724137931
Championless (SI),Neeko/Poppy (DE/RU),35,58,0.603448275862069
Maokai/Nautilus (BW/SI),Kayle (BW/MT),34,79,0.430379746835443
Kayle (BW/MT),Maokai/Nautilus (BW/SI),45,79,0.569620253164557
Senna/Veigar (BC/SI),Aatrox/Kayn (RU/RU),9,25,0.36
Nidalee (BC/SH),Jayce/Lux (DE/PZ),9,25,0.36
Aatrox/Kayn (RU/RU),Senna/Veigar (BC/SI),16,25,0.64
Jayce/Lux (DE/PZ),Nidalee (BC/SH),16,25,0.64
Maokai (BW/SI),Championless (SI),9,37,0.243243243243243
Championless (SI),Maokai (BW/SI),28,37,0.756756756756757
Senna/Veigar (BC/SI),Aphelios/Viktor (MT/PZ),17,22,0.772727272727273
Aphelios/Viktor (MT/PZ),Senna/Veigar (BC/SI),5,22,0.227272727272727
Championless (PZ/SI),Darius/Gnar (FR/NX),8,16,0.5
Darius/Gnar (FR/NX),Championless (PZ/SI),8,16,0.5
Jayce/Lux (DE/PZ),Maokai (BW/SI),8,16,0.5
Maokai (BW/SI),Jayce/Lux (DE/PZ),8,16,0.5
Championless (SI),Gangplank/Nidalee (BW/SH),8,16,0.5
Gangplank/Nidalee (BW/SH),Championless (SI),8,16,0.5
Aatrox/Kayn (RU/RU),Darius/Gnar (FR/NX),18,28,0.642857142857143
Darius/Gnar (FR/NX),Aatrox/Kayn (RU/RU),10,28,0.357142857142857
Jayce/Lux (DE/PZ),Nasus/Senna (SI/SH),9,11,0.818181818181818
Championless (SI),Poppy/Taric (DE/MT),9,11,0.818181818181818
Jayce/Lux (DE/PZ),Shen/Sivir (IO/SH),9,11,0.818181818181818
Senna (PZ/SI),Nasus/Thresh (SI/SH),9,11,0.818181818181818
Darius/Gnar (FR/NX),Senna/Veigar (PZ/SI),9,11,0.818181818181818
Nasus/Senna (SI/SH),Jayce/Lux (DE/PZ),2,11,0.181818181818182
Poppy/Taric (DE/MT),Championless (SI),2,11,0.181818181818182
Shen/Sivir (IO/SH),Jayce/Lux (DE/PZ),2,11,0.181818181818182
Nasus/Thresh (SI/SH),Senna (PZ/SI),2,11,0.181818181818182
Senna/Veigar (PZ/SI),Darius/Gnar (FR/NX),2,11,0.181818181818182
Gnar/Nidalee (BC/SH),Maokai/Nautilus (BW/SI),11,15,0.733333333333333
Ashe/LeBlanc (FR/NX),Janna (PZ/SI),11,15,0.733333333333333
Nidalee (BC/SH),Kalista (SI),11,15,0.733333333333333
Braum/Vladimir (FR/NX),Rumble/Sion (BC/NX),11,15,0.733333333333333
Darius/Gnar (FR/NX),Rumble/Sion (BC/NX),11,15,0.733333333333333
Championless (SI),Akshan/Udyr (FR/SH),11,15,0.733333333333333
Akshan/Varus (SH/RU),Akshan/Nasus (SI/SH),11,15,0.733333333333333
Ashe/Caitlyn (FR/PZ),Championless (SI),11,15,0.733333333333333
Maokai/Nautilus (BW/SI),Gnar/Nidalee (BC/SH),4,15,0.266666666666667
Janna (PZ/SI),Ashe/LeBlanc (FR/NX),4,15,0.266666666666667
Kalista (SI),Nidalee (BC/SH),4,15,0.266666666666667
Rumble/Sion (BC/NX),Braum/Vladimir (FR/NX),4,15,0.266666666666667
Rumble/Sion (BC/NX),Darius/Gnar (FR/NX),4,15,0.266666666666667
Akshan/Udyr (FR/SH),Championless (SI),4,15,0.266666666666667
Akshan/Nasus (SI/SH),Akshan/Varus (SH/RU),4,15,0.266666666666667
Championless (SI),Ashe/Caitlyn (FR/PZ),4,15,0.266666666666667
Championless (SI),Janna/Senna (PZ/SI),13,16,0.8125
Janna/Senna (PZ/SI),Championless (SI),3,16,0.1875
Akshan/Varus (SH/RU),Maokai (BW/SI),12,18,0.666666666666667
Maokai (BW/SI),Senna/Veigar (BC/SI),12,18,0.666666666666667
Maokai (BW/SI),Akshan/Varus (SH/RU),6,18,0.333333333333333
Senna/Veigar (BC/SI),Maokai (BW/SI),6,18,0.333333333333333
Championless (SI),Championless (PZ/SI),20,31,0.645161290322581
Championless (PZ/SI),Championless (SI),11,31,0.354838709677419
Jax/Ornn (FR/RU),Senna/Veigar (BC/SI),9,14,0.642857142857143
Senna/Veigar (BC/SI),Jax/Ornn (FR/RU),5,14,0.357142857142857
Morgana/Udyr (DE/FR),Neeko/Poppy (DE/RU),10,13,0.769230769230769
Senna/Veigar (BC/SI),Shen/Sivir (IO/SH),10,13,0.769230769230769
Neeko/Poppy (DE/RU),Morgana/Udyr (DE/FR),3,13,0.230769230769231
Shen/Sivir (IO/SH),Senna/Veigar (BC/SI),3,13,0.230769230769231
Championless (SI),Gwen/Vayne (DE/SI),25,39,0.641025641025641
Gwen/Vayne (DE/SI),Championless (SI),14,39,0.358974358974359
Janna (PZ/SI),Championless (SI),3,18,0.166666666666667
Maokai/Nautilus (BW/SI),Championless (PZ/SI),3,18,0.166666666666667
Championless (SI),Janna (PZ/SI),15,18,0.833333333333333
Championless (PZ/SI),Maokai/Nautilus (BW/SI),15,18,0.833333333333333
Nasus/Thresh (SI/SH),Maokai/Nautilus (BW/SI),10,24,0.416666666666667
Maokai/Nautilus (BW/SI),Jack/Sett (BW/IO),10,24,0.416666666666667
Maokai/Nautilus (BW/SI),Nasus/Thresh (SI/SH),14,24,0.583333333333333
Jack/Sett (BW/IO),Maokai/Nautilus (BW/SI),14,24,0.583333333333333
Nasus/Renekton (SH),Kayle (BW/MT),9,17,0.529411764705882
Jax/Ornn (FR/RU),Maokai/Nautilus (BW/SI),9,17,0.529411764705882
Neeko/Poppy (DE/RU),Ashe (FR/PZ),9,17,0.529411764705882
Nidalee (BC/SH),LeBlanc/Sivir (NX/SH),9,17,0.529411764705882
Kayle (BW/MT),Nasus/Renekton (SH),8,17,0.470588235294118
Maokai/Nautilus (BW/SI),Jax/Ornn (FR/RU),8,17,0.470588235294118
Ashe (FR/PZ),Neeko/Poppy (DE/RU),8,17,0.470588235294118
LeBlanc/Sivir (NX/SH),Nidalee (BC/SH),8,17,0.470588235294118
Jayce/Lux (DE/PZ),Kayle (BW/MT),36,85,0.423529411764706
Kayle (BW/MT),Jayce/Lux (DE/PZ),49,85,0.576470588235294
Akshan/Varus (SH/RU),Lillia (FR/IO),9,10,0.9
Braum/Vladimir (FR/NX),Jax/Ornn (FR/RU),9,10,0.9
Lillia (FR/IO),Akshan/Varus (SH/RU),1,10,0.1
Jax/Ornn (FR/RU),Braum/Vladimir (FR/NX),1,10,0.1
Akshan/Lee Sin (IO/SH),Galio/Udyr (DE/FR),20,29,0.689655172413793
Galio/Udyr (DE/FR),Akshan/Lee Sin (IO/SH),9,29,0.310344827586207
LeBlanc/Sivir (NX/SH),Championless (SI),44,71,0.619718309859155
Championless (SI),LeBlanc/Sivir (NX/SH),27,71,0.380281690140845
Neeko/Poppy (DE/RU),Akshan/Varus (SH/RU),4,16,0.25
Akshan/Varus (SH/RU),Neeko/Poppy (DE/RU),12,16,0.75
Akshan/Varus (SH/RU),Rumble/Sion (BC/NX),21,37,0.567567567567568
Nasus/Thresh (SI/SH),Darius/Gnar (FR/NX),21,37,0.567567567567568
Darius/Gnar (FR/NX),Braum/Lillia (FR/IO),21,37,0.567567567567568
Rumble/Sion (BC/NX),Akshan/Varus (SH/RU),16,37,0.432432432432432
Darius/Gnar (FR/NX),Nasus/Thresh (SI/SH),16,37,0.432432432432432
Braum/Lillia (FR/IO),Darius/Gnar (FR/NX),16,37,0.432432432432432
Aphelios/Viktor (MT/PZ),Morgana/Udyr (DE/FR),6,13,0.461538461538462
Aatrox/Kayn (RU/RU),Neeko/Poppy (DE/RU),6,13,0.461538461538462
Riven/Viktor (NX/PZ),Aphelios/Viktor (MT/PZ),6,13,0.461538461538462
Kayle/Lillia (IO/MT),Championless (SI),6,13,0.461538461538462
Akshan/Sivir (NX/SH),Jayce/Lux (DE/PZ),6,13,0.461538461538462
Morgana/Udyr (DE/FR),Aphelios/Viktor (MT/PZ),7,13,0.538461538461538
Neeko/Poppy (DE/RU),Aatrox/Kayn (RU/RU),7,13,0.538461538461538
Aphelios/Viktor (MT/PZ),Riven/Viktor (NX/PZ),7,13,0.538461538461538
Championless (SI),Kayle/Lillia (IO/MT),7,13,0.538461538461538
Jayce/Lux (DE/PZ),Akshan/Sivir (NX/SH),7,13,0.538461538461538
LeBlanc/Sivir (NX/SH),Maokai/Nautilus (BW/SI),19,40,0.475
Maokai/Nautilus (BW/SI),LeBlanc/Sivir (NX/SH),21,40,0.525
Jayce/Lux (DE/PZ),LeBlanc/Sivir (NX/SH),20,28,0.714285714285714
LeBlanc/Sivir (NX/SH),Jayce/Lux (DE/PZ),8,28,0.285714285714286
Janna/Sett (IO/PZ),Akshan/Lee Sin (IO/SH),13,21,0.619047619047619
Akshan/Lee Sin (IO/SH),Janna/Sett (IO/PZ),8,21,0.380952380952381
Nasus/Thresh (SI/SH),Ashe/LeBlanc (FR/NX),22,46,0.478260869565217
Ashe/LeBlanc (FR/NX),Nasus/Thresh (SI/SH),24,46,0.521739130434783
Janna/Sett (IO/PZ),Darius/Gnar (FR/NX),9,23,0.391304347826087
Darius/Gnar (FR/NX),Janna/Sett (IO/PZ),14,23,0.608695652173913
Maokai/Nautilus (BW/SI),Galio/Udyr (DE/FR),12,19,0.631578947368421
Galio/Udyr (DE/FR),Maokai/Nautilus (BW/SI),7,19,0.368421052631579
Maokai/Nautilus (BW/SI),Neeko/Poppy (DE/RU),7,15,0.466666666666667
Darius/Gnar (FR/NX),Aphelios/Viktor (MT/PZ),7,15,0.466666666666667
Ashe/LeBlanc (FR/NX),Nasus (SI/SH),7,15,0.466666666666667
Riven/Viktor (NX/PZ),Janna/Sett (IO/PZ),7,15,0.466666666666667
Lee Sin/Viktor (IO/PZ),LeBlanc/Sivir (NX/SH),7,15,0.466666666666667
Shen/Sivir (IO/SH),Ashe/LeBlanc (FR/NX),7,15,0.466666666666667
LeBlanc/Sivir (NX/SH),Nasus/Thresh (SI/SH),7,15,0.466666666666667
Neeko/Poppy (DE/RU),Maokai/Nautilus (BW/SI),8,15,0.533333333333333
Aphelios/Viktor (MT/PZ),Darius/Gnar (FR/NX),8,15,0.533333333333333
Nasus (SI/SH),Ashe/LeBlanc (FR/NX),8,15,0.533333333333333
Janna/Sett (IO/PZ),Riven/Viktor (NX/PZ),8,15,0.533333333333333
LeBlanc/Sivir (NX/SH),Lee Sin/Viktor (IO/PZ),8,15,0.533333333333333
Ashe/LeBlanc (FR/NX),Shen/Sivir (IO/SH),8,15,0.533333333333333
Nasus/Thresh (SI/SH),LeBlanc/Sivir (NX/SH),8,15,0.533333333333333
Championless (SI),Shen/Sivir (IO/SH),19,30,0.633333333333333
Gwen/LeBlanc (NX/SI),Championless (SI),19,30,0.633333333333333
Shen/Sivir (IO/SH),Championless (SI),11,30,0.366666666666667
Championless (SI),Gwen/LeBlanc (NX/SI),11,30,0.366666666666667
Braum/Vladimir (FR/NX),Kayle (BW/MT),37,75,0.493333333333333
Kayle (BW/MT),Braum/Vladimir (FR/NX),38,75,0.506666666666667
Braum/Lillia (FR/IO),Kayle (BW/MT),33,64,0.515625
Kayle (BW/MT),Braum/Lillia (FR/IO),31,64,0.484375
LeBlanc/Sivir (NX/SH),Darius/Gnar (FR/NX),17,30,0.566666666666667
Darius/Gnar (FR/NX),LeBlanc/Sivir (NX/SH),13,30,0.433333333333333
Kayle (BW/MT),Ashe (FR/PZ),24,51,0.470588235294118
Ashe (FR/PZ),Kayle (BW/MT),27,51,0.529411764705882
Championless (SI),Swain/Vladimir (BW/NX),7,14,0.5
Swain/Vladimir (BW/NX),Championless (SI),7,14,0.5
Janna/Sett (IO/PZ),Janna/Sett (IO/PZ),7,14,0.5
Aatrox/Kayn (RU/RU),Aatrox/Kayn (RU/RU),7,14,0.5
LeBlanc/Sivir (NX/SH),Neeko/Poppy (DE/RU),7,14,0.5
Neeko/Poppy (DE/RU),LeBlanc/Sivir (NX/SH),7,14,0.5
Janna/Sett (IO/PZ),Senna/Veigar (BC/SI),16,31,0.516129032258065
Senna/Veigar (BC/SI),Janna/Sett (IO/PZ),15,31,0.483870967741936
Nasus/Thresh (SI/SH),Ashe (FR/PZ),19,25,0.76
Ashe (FR/PZ),Nasus/Thresh (SI/SH),6,25,0.24
Kayle (BW/MT),Kayle (BW/MT),42,84,0.5
Galio/Udyr (DE/FR),LeBlanc/Sivir (NX/SH),0,7,0
Jack/Sett (BW/IO),LeBlanc/Sivir (NX/SH),0,7,0
Udyr/Vayne (DE/FR),Lee Sin/Viktor (IO/PZ),0,7,0
LeBlanc/Sivir (NX/SH),Galio/Udyr (DE/FR),7,7,1
LeBlanc/Sivir (NX/SH),Jack/Sett (BW/IO),7,7,1
Lee Sin/Viktor (IO/PZ),Udyr/Vayne (DE/FR),7,7,1
Kayle (BW/MT),LeBlanc/Sivir (NX/SH),18,30,0.6
LeBlanc/Sivir (NX/SH),Kayle (BW/MT),12,30,0.4
Nidalee (BC/SH),Kayle (BW/MT),27,35,0.771428571428571
Kayle (BW/MT),Nidalee (BC/SH),8,35,0.228571428571429
Darius/Gnar (FR/NX),Neeko/Poppy (DE/RU),12,21,0.571428571428571
Maokai/Nautilus (BW/SI),Lillia/Sett (BC/IO),12,21,0.571428571428571
Neeko/Poppy (DE/RU),Darius/Gnar (FR/NX),9,21,0.428571428571429
Lillia/Sett (BC/IO),Maokai/Nautilus (BW/SI),9,21,0.428571428571429
Braum/Lillia (FR/IO),Rumble/Sion (BC/NX),8,19,0.421052631578947
Senna (PZ/SI),Ashe/LeBlanc (FR/NX),8,19,0.421052631578947
Rumble/Sion (BC/NX),Braum/Lillia (FR/IO),11,19,0.578947368421053
Ashe/LeBlanc (FR/NX),Senna (PZ/SI),11,19,0.578947368421053
Gwen/LeBlanc (NX/SI),Maokai/Nautilus (BW/SI),12,20,0.6
Jayce/Lux (DE/PZ),Gwen/Vayne (DE/SI),12,20,0.6
Maokai/Nautilus (BW/SI),Gwen/LeBlanc (NX/SI),8,20,0.4
Gwen/Vayne (DE/SI),Jayce/Lux (DE/PZ),8,20,0.4
Nasus/Thresh (SI/SH),Kayle (BW/MT),16,33,0.484848484848485
Kayle (BW/MT),Nasus/Thresh (SI/SH),17,33,0.515151515151515
Janna/Sett (IO/PZ),Sett (IO/PZ),8,8,1
Sett (IO/PZ),Janna/Sett (IO/PZ),0,8,0
Championless (SI),Janna/Sett (IO/PZ),45,80,0.5625
Janna/Sett (IO/PZ),Championless (SI),35,80,0.4375
Maokai/Nautilus (BW/SI),Aphelios/Viktor (MT/PZ),4,18,0.222222222222222
Aphelios/Viktor (MT/PZ),Maokai/Nautilus (BW/SI),14,18,0.777777777777778
Kayle (BW/MT),Janna/Sett (IO/PZ),14,28,0.5
Janna/Sett (IO/PZ),Kayle (BW/MT),14,28,0.5
Akshan/Varus (SH/RU),Championless (PZ/SI),15,19,0.789473684210526
Championless (PZ/SI),Akshan/Varus (SH/RU),4,19,0.210526315789474
Championless (SI),Jax/Ornn (FR/RU),23,37,0.621621621621622
Jax/Ornn (FR/RU),Championless (SI),14,37,0.378378378378378
Maokai/Nautilus (BW/SI),Championless (MT/SI),2,14,0.142857142857143
Jax/Ornn (FR/RU),Ashe/LeBlanc (FR/NX),2,14,0.142857142857143
Championless (MT/SI),Maokai/Nautilus (BW/SI),12,14,0.857142857142857
Ashe/LeBlanc (FR/NX),Jax/Ornn (FR/RU),12,14,0.857142857142857
Kayle (BW/MT),Galio/Udyr (DE/FR),12,17,0.705882352941177
Galio/Udyr (DE/FR),Kayle (BW/MT),5,17,0.294117647058824
Championless (SI),Braum/Lillia (FR/IO),64,117,0.547008547008547
Braum/Lillia (FR/IO),Championless (SI),53,117,0.452991452991453
Maokai/Nautilus (BW/SI),Nidalee (BC/SH),10,30,0.333333333333333
Nidalee (BC/SH),Maokai/Nautilus (BW/SI),20,30,0.666666666666667
Darius/Gnar (FR/NX),Nidalee (BC/SH),13,22,0.590909090909091
Nidalee (BC/SH),Darius/Gnar (FR/NX),9,22,0.409090909090909
Ashe/LeBlanc (FR/NX),Janna/Sett (IO/PZ),10,34,0.294117647058824
Janna/Sett (IO/PZ),Ashe/LeBlanc (FR/NX),24,34,0.705882352941177
Braum/Lillia (FR/IO),Maokai/Nautilus (BW/SI),22,56,0.392857142857143
Maokai/Nautilus (BW/SI),Braum/Lillia (FR/IO),34,56,0.607142857142857
Akshan/Varus (SH/RU),Braum/Lillia (FR/IO),31,51,0.607843137254902
Braum/Lillia (FR/IO),Akshan/Varus (SH/RU),20,51,0.392156862745098
Ashe (FR/PZ),Braum/Lillia (FR/IO),34,46,0.739130434782609
Braum/Lillia (FR/IO),Ashe (FR/PZ),12,46,0.260869565217391
Braum/Lillia (FR/IO),Maokai (BW/SI),0,11,0
Maokai (BW/SI),Braum/Lillia (FR/IO),11,11,1
Nidalee (BC/SH),Braum/Lillia (FR/IO),18,25,0.72
Braum/Lillia (FR/IO),Nidalee (BC/SH),7,25,0.28
Kayle (BW/MT),Gangplank/Sejuani (BW/FR),13,26,0.5
Gangplank/Sejuani (BW/FR),Kayle (BW/MT),13,26,0.5
Ashe/LeBlanc (FR/NX),Aphelios/Viktor (MT/PZ),20,39,0.512820512820513
Aphelios/Viktor (MT/PZ),Ashe/LeBlanc (FR/NX),19,39,0.487179487179487
Kayle (BW/MT),Neeko/Poppy (DE/RU),8,25,0.32
Neeko/Poppy (DE/RU),Kayle (BW/MT),17,25,0.68
LeBlanc/Sivir (NX/SH),LeBlanc/Sivir (NX/SH),10,20,0.5
LeBlanc/Sivir (NX/SH),Braum/Lillia (FR/IO),17,21,0.80952380952381
Braum/Lillia (FR/IO),LeBlanc/Sivir (NX/SH),4,21,0.19047619047619
Senna/Veigar (PZ/SI),Championless (SI),26,33,0.787878787878788
Championless (SI),Senna/Veigar (PZ/SI),7,33,0.212121212121212
