archetype_1,archetype_2,mu_win,mu_n,mu_wr
Master Yi/Zilean (IO/SH),Nasus/Xerath (SH),1,1,1
Master Yi/Zilean (IO/SH),Rumble/Sion (BC/NX),1,1,1
Master Yi/Zilean (IO/SH),Karma (FR/IO),1,1,1
Master Yi/Zilean (IO/SH),Taliyah/Zilean (IO/SH),1,1,1
Taliyah/Zilean (IO/SH),Zed (IO/MT),1,1,1
Taliyah/Zilean (IO/SH),Fizz/Yuumi (BC/MT),1,1,1
Taliyah/Zilean (IO/SH),Braum/Galio (DE/FR),1,1,1
Taliyah/Zilean (IO/SH),Katarina/Yasuo (IO/NX),1,1,1
Lee Sin/Viktor (IO/PZ),Ashe/LeBlanc (FR/NX),1,1,1
Lee Sin/Viktor (IO/PZ),Gnar/Gwen (FR/SI),1,1,1
Jax/Tristana (BC/RU),Lee Sin/Viktor (IO/PZ),1,1,1
Morgana/Udyr (DE/FR),Aatrox/Kayn (RU/RU),1,1,1
Elder Dragon/Galio/Morgana (RU/DE),Ryze (IO/RU),1,1,1
Elder Dragon/Galio/Morgana (RU/DE),Gnar/Teemo (BC/PZ),1,1,1
Elder Dragon/Galio/Morgana (RU/DE),Braum/Yuumi/Zoe (FR/MT),1,1,1
Jayce/Lux (DE/PZ),Gnar/Gwen (FR/SI),1,1,1
Kayle/Morgana (DE/MT),Akshan/Lee Sin (IO/SH),1,1,1
Akshan/Lee Sin (IO/SH),Nidalee (BC/SH),1,1,1
Akshan/Lee Sin (IO/SH),Ashe/LeBlanc (FR/NX),1,1,1
Jinx/Kennen (BC/PZ),Garen/Udyr (DE/FR),1,1,1
Norra (BC/PZ),Braum/Yasuo (FR/IO),1,1,1
Norra (BC/PZ),Taric/Varus (MT/RU),1,1,1
Annie/Jhin (RU/NX),Janna/Karma/Seraphine (IO/PZ),1,1,1
Janna/Karma/Seraphine (IO/PZ),Aurelion Sol/Shyvana (DE/MT),1,1,1
Janna/Karma/Seraphine (IO/PZ),Aphelios/Seraphine (MT/PZ),1,1,1
Janna/Karma/Seraphine (IO/PZ),Elder Dragon/Volibear (RU/FR),1,1,1
Evelynn (RU/FR),Norra (BC/PZ),1,1,1
Kayle (BW/MT),Championpile/Elder Dragon (RU/FR),1,1,1
Azir/Xerath (SH),Norra (BC/PZ),1,1,1
Norra (BC/PZ),Miss Fortune/Sejuani (BW/FR),1,1,1
Norra (BC/PZ),Elise (NX/SI),1,1,1
Master Yi/Samira (IO/NX),Viktor/Zoe (MT/PZ),1,1,1
Elder Dragon/Volibear (RU/FR),Master Yi/Samira (IO/NX),1,1,1
Master Yi/Samira (IO/NX),Elder Dragon/Trundle/Volibear (RU/FR),1,1,1
Ashe/LeBlanc (FR/NX),Master Yi/Samira (IO/NX),1,1,1
Draven/Kayle (MT/NX),Mordekaiser/Norra (BC/SI),1,1,1
Master Yi/Samira (IO/NX),Kalista/Nasus (SI/SH),1,1,1
Jayce/Katarina (NX/PZ),Master Yi/Samira (IO/NX),1,1,1
Master Yi/Samira (IO/NX),Braum/Yuumi/Zoe (FR/MT),1,1,1
Elder Dragon/Galio/Morgana (RU/DE),Master Yi/Samira (IO/NX),1,1,1
Master Yi/Samira (IO/NX),Norra (BC/PZ),1,1,1
Master Yi/Samira (IO/NX),Ahri/Akshan (IO/SH),1,1,1
Master Yi/Samira (IO/NX),Championless (NX/PZ),1,1,1
Gwen/Kindred (BW/SI),Azir/Irelia (IO/SH),1,1,1
Gwen/Kindred (BW/SI),Championless (DE/SI),1,1,1
Gwen/Kindred (BW/SI),Viego (NX/SI),1,1,1
Gwen/Kindred (BW/SI),Nasus/Thresh (SI/SH),1,1,1
Gwen/Kindred (BW/SI),Championpile/Elder Dragon (RU/FR),1,1,1
Aurelion Sol/Volibear (FR/MT),Karma/Sett (IO/PZ),1,1,1
Elder Dragon/Volibear (RU/FR),Aurelion Sol/Volibear (FR/MT),1,1,1
Aurelion Sol/Volibear (FR/MT),Trundle/Tryndamere (FR/SI),1,1,1
Aurelion Sol/Volibear (FR/MT),Ezreal/Seraphine (BC/PZ),1,1,1
Lux: Illuminated/Shen (DE/IO),Aurelion Sol/Volibear (FR/MT),1,1,1
Jinx/Lulu (BC/PZ),Aurelion Sol/Volibear (FR/MT),1,1,1
Nilah/Varus (BW/RU),Elder Dragon/Norra (RU/BC),1,1,1
Nilah/Varus (BW/RU),Norra (BC/BW),1,1,1
Nilah/Varus (BW/RU),Poppy/Ziggs (BC/NX),1,1,1
Nilah/Varus (BW/RU),Ryze (IO/RU),1,1,1
Ezreal/Jhin (RU/PZ),Nilah/Varus (BW/RU),1,1,1
Gwen/Kindred (BW/SI),Akshan/Pantheon (MT/SH),1,1,1
Poppy/Ziggs (BC/NX),Teemo (BC/PZ),1,1,1
The Poro King (MT/RU),Poppy/Ziggs (BC/NX),1,1,1
Poppy/Ziggs (BC/NX),Ezreal/Seraphine (BC/PZ),1,1,1
Taric/Udyr (FR/MT),Aphelios/Viktor (MT/PZ),1,1,1
Elder Dragon/Mordekaiser/Viego (RU/SI),Elise (NX/SI),1,1,1
Elise (NX/SI),Gwen/Zed (IO/SI),1,1,1
Azir/Xerath (SH),Ezreal/Seraphine (BC/PZ),1,1,1
Azir/Xerath (SH),Championless (BC/SH),1,1,1
Elise (NX/SI),Jinx/Lulu (BC/PZ),1,1,1
Poppy/Ziggs (BC/NX),Elise (NX/SI),1,1,1
Elise (NX/SI),Garen/Lissandra (DE/FR),1,1,1
Elise (NX/SI),Annie/Twisted Fate (BW/NX),1,1,1
Ezreal/Seraphine (BC/PZ),Hecarim/Lucian (DE/SI),1,1,1
Azir (MT/SH),Elise (NX/SI),1,1,1
Caitlyn/Teemo (FR/PZ),Katarina (NX/SI),1,1,1
Mordekaiser/Sion (BC/NX),Senna/Veigar (BC/SI),1,1,1
Senna/Veigar (BC/SI),Katarina/Yasuo (IO/NX),1,1,1
Galio/Udyr (DE/FR),Caitlyn/Teemo (FR/PZ),1,1,1
Caitlyn/Teemo (FR/PZ),Lux: Illuminated/Shen (DE/IO),1,1,1
The Poro King (RU/SH),Braum/Zoe (FR/MT),1,1,1
Norra/Viego (BC/SI),Lissandra/Mordekaiser (FR/SI),1,1,1
Galio/Jarvan IV (DE),Jayce/Lux (DE/PZ),1,1,1
Caitlyn/Teemo (FR/PZ),Kindred/Nasus (SI/SH),1,1,1
Kindred/Nasus (SI/SH),Akshan/Jack (BW/SH),1,1,1
Poppy (DE),Ezreal/Nilah (BW/PZ),1,1,1
Norra/Viego (BC/SI),Evelynn/Kai'Sa/Renekton (RU/SH),1,1,1
Kindred/Nasus (SI/SH),Elise (FR/SI),1,1,1
Akshan/Taliyah (IO/SH),Aphelios/Viktor (MT/PZ),1,1,1
Ezreal/Nilah (BW/PZ),Janna/Viktor (BW/PZ),1,1,1
Kindred/Nasus (SI/SH),Akshan/Mordekaiser (SI/SH),1,1,1
Championless (FR/SI),Akshan/Taric (MT/SH),1,1,1
Aatrox/Vayne (RU/DE),Poppy (DE),1,1,1
Ashe/LeBlanc (FR/NX),Akshan/Morgana/Taliyah (DE/SH),1,1,1
Akshan/Morgana/Taliyah (DE/SH),Tryndamere (FR/SI),1,1,1
Poppy (DE),Akshan/Morgana/Taliyah (DE/SH),1,1,1
Poppy (DE),Kindred/Nasus (SI/SH),1,1,1
Mordekaiser/Nasus (SI/SH),Kindred/Nasus (SI/SH),1,1,1
Kindred/Nasus (SI/SH),Caitlyn/Teemo (BC/PZ),1,1,1
Ekko/Zilean (PZ/SH),Karma (IO/SI),1,1,1
Ezreal/Seraphine (BC/PZ),Ekko/Zilean (PZ/SH),1,1,1
Kayle (BW/MT),Swain/Vladimir (BW/NX),1,1,1
Jinx/Teemo (BW/PZ),Galio (DE/IO),1,1,1
Elise/Nocturne (SI/SH),Morgana/Poppy (DE/MT),1,1,1
Ezreal/Karma/Seraphine (IO/PZ),Karma/Sett (IO/PZ),1,1,1
Elder Dragon/Norra (RU/BC),Ezreal/Karma/Seraphine (IO/PZ),1,1,1
Ezreal/Karma/Seraphine (IO/PZ),Elder Dragon/Morgana/Shyvana (RU/DE),1,1,1
Caitlyn/Teemo (FR/PZ),Ezreal/Karma/Seraphine (IO/PZ),1,1,1
Azir (IO/SH),Ezreal/Karma/Seraphine (IO/PZ),1,1,1
Ezreal/Karma/Seraphine (IO/PZ),Aurelion Sol/Zoe (BC/MT),1,1,1
Ezreal/Karma/Seraphine (IO/PZ),Taliyah/Zilean (IO/SH),1,1,1
Ezreal/Karma/Seraphine (IO/PZ),Azir/Xerath (SH),1,1,1
Ezreal/Karma/Seraphine (IO/PZ),Kayle/Ornn (FR/MT),1,1,1
Ezreal/Karma/Seraphine (IO/PZ),Elder Dragon/Morgana (RU/DE),1,1,1
Ezreal/Karma/Seraphine (IO/PZ),Rumble/Sion (BC/NX),1,1,1
Nilah/Twisted Fate (BW/PZ),Aurelion Sol/Elder Dragon (RU/MT),1,1,1
Draven/Jinx (NX/PZ),Aphelios/Zoe (IO/MT),1,1,1
Miss Fortune/Twisted Fate (BW/NX),Aphelios/Zoe (IO/MT),1,1,1
Aphelios/Zoe (IO/MT),Maokai/Nautilus (BW/SI),1,1,1
Aphelios/Zoe (IO/MT),Master Yi/Zilean (IO/SH),1,1,1
Zilean (BC/SH),Yuumi/Zoe (FR/MT),1,1,1
Zilean (BC/SH),Akshan/Lee Sin (IO/SH),1,1,1
Senna/Veigar (BC/SI),Championless (BC/SH),1,1,1
Championless (BC/SH),Fizz/Norra (BC/BW),1,1,1
Fizz/Norra (BC/BW),Ekko/Zilean (PZ/SH),1,1,1
Fizz/Norra (BC/BW),Championless (SI),1,1,1
Fizz/Norra (BC/BW),Katarina/Yasuo (IO/NX),1,1,1
Galio/Poppy (DE),Fizz/Norra (BC/BW),1,1,1
Fizz/Norra (BC/BW),Nasus/Thresh (SI/SH),1,1,1
Fizz/Norra (BC/BW),Kennen/Lee Sin (IO/PZ),1,1,1
Taliyah/Zilean (BC/SH),Fizz/Yuumi (BC/BW),1,1,1
Aurelion Sol/Trundle (FR/MT),Karma/Sett (FR/IO),1,1,1
Karma/Sett (FR/IO),Jax/Norra (BC/RU),1,1,1
Hecarim/Sion (NX/SI),Karma/Sett (IO/PZ),1,1,1
Rumble/Sion (BC/NX),Karma/Sett (IO/PZ),1,1,1
Miss Fortune/Twisted Fate (BW/NX),Poppy/Ziggs (BC/NX),1,1,1
Soraka/Tahm Kench (BW/MT),Elise/Norra (BC/SI),1,1,1
Elise/Norra (BC/SI),Pyke/Rek'Sai (BW/SH),1,1,1
Elise/Norra (BC/SI),Ezreal/Karma (IO/PZ),1,1,1
Elise/Norra (BC/SI),Akshan/Jack (BW/SH),1,1,1
Elise/Norra (BC/SI),Championless (SI),1,1,1
Mordekaiser/Viego (SI/SH),Ezreal/Nilah (BW/PZ),1,1,1
Yuumi/Zoe (FR/MT),Darius/Miss Fortune (BW/NX),1,1,1
Yuumi/Zoe (FR/MT),Anivia/Mordekaiser/Vex (FR/SI),1,1,1
Yuumi/Zoe (FR/MT),Soraka/Tahm Kench (BW/MT),1,1,1
Pyke/Rek'Sai (BW/SH),Yuumi/Zoe (FR/MT),1,1,1
Yuumi/Zoe (FR/MT),Ezreal/Seraphine (BC/PZ),1,1,1
Yuumi/Zoe (FR/MT),Aurelion Sol/Elder Dragon (RU/MT),1,1,1
Hecarim/Zed (IO/SI),Jax (FR/RU),1,1,1
Championless (SI),Jax/Tristana (BC/RU),1,1,1
Darius/Riven (NX/SH),Nasus/Thresh (SI/SH),1,1,1
Braum/Morgana (FR/MT),Morgana/Udyr (DE/FR),1,1,1
Elder Dragon/Morgana/Shyvana (RU/DE),Pyke/Rek'Sai (BW/SH),1,1,1
Elder Dragon/Morgana/Shyvana (RU/DE),Evelynn/Maokai (RU/SI),1,1,1
Jinx/Lulu (BC/PZ),Evelynn (RU/SH),1,1,1
Karma/Sett (FR/IO),Championpile (MT/PZ),1,1,1
Trundle/Tryndamere (FR/SI),Karma/Sett (FR/IO),1,1,1
Karma/Sett (FR/IO),Championless (FR/SI),1,1,1
Karma/Sett (FR/IO),Teemo (BC/PZ),1,1,1
Karma/Sett (FR/IO),Norra (BC/BW),1,1,1
Lee Sin/Viktor (IO/PZ),Jack/Sett (BW/IO),1,1,1
Lee Sin/Viktor (IO/PZ),Kai'Sa/Lillia (IO/SH),1,1,1
Azir/Irelia (IO/SH),Nasus (SI/SH),1,1,1
Darius/Elise (NX/SI),Azir/Irelia (IO/SH),1,1,1
Lillia/Taliyah (IO/SH),Aphelios/Vi (MT/PZ),1,1,1
The Poro King (MT/RU),Galio (DE),1,1,1
Kindred/Nasus (SI/SH),Vi/Volibear (FR/PZ),1,1,1
Ryze (IO/RU),Kayle (BW/MT),1,1,1
Elder Dragon/Morgana (RU/DE),Braum (FR/PZ),1,1,1
Elder Dragon/Morgana (RU/DE),Maokai/Nautilus (BW/SI),1,1,1
Azir/Hecarim (SI/SH),Elder Dragon/Morgana (RU/DE),1,1,1
Elder Dragon/Morgana (RU/DE),Katarina/Yasuo (IO/NX),1,1,1
Norra/Teemo (BC/IO),Elder Dragon/Morgana (RU/DE),1,1,1
Anivia (FR/SI),Senna (PZ/SI),1,1,1
Anivia (FR/SI),Garen/Udyr (DE/FR),1,1,1
Senna (PZ/SI),Maokai/Nautilus (BW/SI),1,1,1
Azir/Renekton (SH),Karma/Sett (IO/PZ),1,1,1
Heimerdinger/Jayce (PZ/SI),Karma/Sett (IO/PZ),1,1,1
Braum (FR/SI),Karma/Sett (IO/PZ),1,1,1
Morgana/Poppy (DE/MT),Miss Fortune/Vayne (BW/DE),1,1,1
Riven/Viktor (NX/PZ),Aatrox/Kayn (RU/RU),1,1,1
Janna/Twisted Fate (BW/PZ),Taliyah/Zilean (IO/SH),1,1,1
Taliyah/Zilean (IO/SH),Shyvana (DE/MT),1,1,1
Elder Dragon/Volibear (RU/FR),Master Yi/Taliyah/Zilean (IO/SH),1,1,1
Poppy/Ziggs (BC/NX),Miss Fortune/Vayne (BW/DE),1,1,1
Garen (DE),Miss Fortune/Vayne (BW/DE),1,1,1
Miss Fortune/Vayne (BW/DE),Championless (NX/PZ),1,1,1
Miss Fortune/Vayne (BW/DE),Janna/Nilah (BW/PZ),1,1,1
Taric/Udyr (FR/MT),Morgana/Udyr (DE/FR),1,1,1
Riven/Taric (MT/NX),Senna/Veigar (BC/SI),1,1,1
Poppy/Ziggs (BC/NX),Ryze (RU/SH),1,1,1
Elder Dragon/Garen/Jarvan IV (RU/DE),Heimerdinger/Jayce (PZ/SI),1,1,1
Rumble/Vayne (DE/NX),Elder Dragon/Morgana (RU/DE),1,1,1
Braum/Galio (DE/FR),Akshan (FR/SH),1,1,1
Akshan (FR/SH),Janna/Nilah (BW/PZ),1,1,1
Akshan (FR/SH),Pyke/Rek'Sai (BW/SH),1,1,1
Elder Dragon/Mordekaiser/Viego (RU/SI),Azir/Elder Dragon (RU/SH),1,1,1
Heimerdinger/Jayce (PZ/SI),Ashe (FR/PZ),1,1,1
Elder Dragon/Mordekaiser/Viego (RU/SI),Heimerdinger/Kindred (PZ/SI),1,1,1
Elder Dragon/Mordekaiser/Viego (RU/SI),Poppy/Ziggs (BC/NX),1,1,1
Azir/Irelia (IO/SH),Galio/Poppy (DE),1,1,1
Jayce/Katarina (NX/PZ),Azir/Irelia (IO/SH),1,1,1
Elder Dragon/Volibear (RU/FR),Braum/Morgana (FR/MT),1,1,1
Braum/Morgana (FR/MT),Aurelion Sol/Shyvana (DE/MT),1,1,1
Darius/Miss Fortune (BW/NX),Braum/Morgana (FR/MT),1,1,1
Braum/Morgana (FR/MT),Annie/Jhin (RU/NX),1,1,1
Braum/Morgana (FR/MT),Elise/Nocturne (NX/SI),1,1,1
Braum/Morgana (FR/MT),Aatrox/Morgana (RU/DE),1,1,1
Braum/Morgana (FR/MT),Darius/Sejuani (FR/NX),1,1,1
Zoe (MT/PZ),Miss Fortune (BW/NX),1,1,1
Gnar/Jhin (BC/RU),Zoe (MT/PZ),1,1,1
Jinx (BC/PZ),Annie/Jhin (RU/NX),1,1,1
Ryze (IO/RU),Jinx (BC/PZ),1,1,1
Azir/Xerath (SH),Jinx (BC/PZ),1,1,1
Taliyah/Zilean (IO/SH),Jinx (BC/PZ),1,1,1
Jinx (BC/PZ),Poppy (DE),1,1,1
Jinx (BC/PZ),Jinx/Katarina (NX/PZ),1,1,1
Jinx (BC/PZ),Nidalee (BC/SH),1,1,1
Jinx (BC/PZ),Janna/Norra (BC/PZ),1,1,1
Jinx (BC/PZ),Senna/Viego (PZ/SI),1,1,1
Jinx (BC/PZ),Seraphine/Viktor (BC/PZ),1,1,1
Kalista/Nasus (SI/SH),Jinx (BC/PZ),1,1,1
Jinx (BC/PZ),Braum/Galio (DE/FR),1,1,1
Jinx (BC/PZ),Hecarim/Zed (IO/SI),1,1,1
Illaoi (BW/MT),Viego (SI),1,1,1
Riven/Viktor (NX/PZ),Braum (FR/SI),1,1,1
Braum (FR/MT),Riven/Viktor (NX/PZ),1,1,1
Riven/Viktor (NX/PZ),Gnar/Gwen (FR/SI),1,1,1
Elise (FR/SI),Fizz/Zoe (BW/MT),1,1,1
Elder Dragon/Volibear (RU/FR),Ezreal (FR/PZ),1,1,1
Poppy/Zed (DE/IO),Elder Dragon/Volibear (RU/FR),1,1,1
Elder Dragon/Volibear (RU/FR),Championless (FR/SI),1,1,1
Elder Dragon/Volibear (RU/FR),Ziggs (BC/SH),1,1,1
Elder Dragon/Volibear (RU/FR),Ezreal (BW/PZ),1,1,1
Championpile/Elder Dragon (RU/DE),Evelynn/Kai'Sa (RU/SH),1,1,1
Master Yi/Zilean (IO/SH),Poppy/Zed (DE/IO),1,1,1
Master Yi/Zilean (IO/SH),Championpile (DE/FR),1,1,1
Master Yi/Zilean (IO/SH),Championpile (FR/SH),1,1,1
Master Yi/Zilean (IO/SH),Master Yi/Nami (BW/IO),1,1,1
Master Yi/Zilean (IO/SH),Gwen (BW/SI),1,1,1
Master Yi/Zilean (IO/SH),Anivia (FR/SI),1,1,1
Master Yi/Zilean (IO/SH),Karma/Seraphine/Sett (IO/PZ),1,1,1
Master Yi/Zilean (IO/SH),Master Yi/Yasuo (IO/MT),1,1,1
Master Yi/Zilean (IO/SH),Ezreal/Lux (DE/PZ),1,1,1
Master Yi/Zilean (IO/SH),Braum/Zoe (FR/MT),1,1,1
Lulu/Neeko (BC/RU),Aatrox/Vayne (RU/DE),1,1,1
Azir/Irelia (IO/SH),Riven/Samira (IO/NX),1,1,1
Gangplank/Thresh (BW/SI),Annie/Jhin (RU/NX),1,1,1
Annie/Jhin (RU/NX),Poppy/Taric (DE/MT),1,1,1
Annie/Jhin (RU/NX),Neeko/Poppy (DE/RU),1,1,1
Trundle/Vi (FR/PZ),Annie/Jhin (RU/NX),1,1,1
Annie/Jhin (RU/NX),Twisted Fate (BW/PZ),1,1,1
Annie/Jhin (RU/NX),Hecarim/Lucian (DE/SI),1,1,1
Kayle/Morgana (DE/MT),Championless (SI),1,1,1
Gangplank/Gnar/Miss Fortune (BC/BW),Elder Dragon/Volibear (RU/FR),1,1,1
Annie/Gwen (NX/SI),Sejuani/Swain (FR/NX),1,1,1
Annie/Gwen (NX/SI),Jinx/Lulu (BC/PZ),1,1,1
Lucian/Zed (DE/IO),Senna/Veigar (BC/SI),1,1,1
Kayle/Morgana (DE/MT),Ashe (FR/PZ),1,1,1
Kayle/Morgana (DE/MT),Rumble/Sion (BC/NX),1,1,1
Nidalee (BC/SH),Kayle/Morgana (DE/MT),1,1,1
Kayle/Morgana (DE/MT),Kayle (BW/MT),1,1,1
Riven/Taric (MT/NX),Udyr (FR/IO),1,1,1
Darius/Riven (NX/SH),Udyr (FR/IO),1,1,1
Udyr (FR/IO),Kayle (BW/MT),1,1,1
Aatrox/Kayn (RU/RU),Senna/Veigar (BC/SI),1,1,1
Caitlyn/Teemo (BW/PZ),Anivia/Volibear (BW/FR),1,1,1
Caitlyn/Teemo (BW/PZ),Ezreal/Seraphine (IO/PZ),1,1,1
Akshan/Samira (NX/SH),Caitlyn/Teemo (BW/PZ),1,1,1
Heimerdinger/Viktor (IO/PZ),Caitlyn/Teemo (BW/PZ),1,1,1
Ryze (IO/RU),Caitlyn/Teemo (BW/PZ),1,1,1
Elise/Samira (NX/SI),Caitlyn/Teemo (BW/PZ),1,1,1
Caitlyn/Teemo (BW/PZ),Hecarim/Zed (IO/SI),1,1,1
Lee Sin/Viktor (IO/PZ),Maokai (BW/SI),1,1,1
Elder Dragon/Neeko (RU/RU),Evelynn/Kai'Sa/Renekton (RU/SH),1,1,1
Ezreal/Seraphine (IO/PZ),Elder Dragon/Neeko (RU/RU),1,1,1
Mordekaiser/Norra (BC/SI),Elder Dragon/Norra (RU/BC),1,1,1
Elder Dragon/Morgana (RU/DE),Akshan/Mordekaiser (SI/SH),1,1,1
Akshan/Zoe (MT/SH),Morgana/Udyr (DE/FR),1,1,1
Akshan/Zoe (MT/SH),Championless (FR/SI),1,1,1
Illaoi (BW/IO),Rumble/Sion (BC/NX),1,1,1
Ashe/Elise (FR/SI),Championless (BC/PZ),1,1,1
Championless (BC/PZ),Rumble/Sion (BC/NX),1,1,1
Aatrox/Quinn/Vayne (RU/DE),Gwen (DE/SI),1,1,1
Aatrox/Quinn/Vayne (RU/DE),Jayce/Lux (DE/PZ),1,1,1
LeBlanc/Vladimir (FR/NX),Aatrox/Vayne (RU/DE),1,1,1
Ashe/LeBlanc (FR/NX),LeBlanc/Vladimir (FR/NX),1,1,1
Riven/Viktor (NX/PZ),Akshan/Nidalee (BC/SH),1,1,1
Akshan/Nidalee (BC/SH),Jack/Kayn (BW/RU),1,1,1
Garen/Morgana/Udyr (DE/FR),Aphelios/Viktor (MT/PZ),1,1,1
Jayce/Lux (DE/PZ),Akshan/Gwen/Kai'Sa (SI/SH),1,1,1
Caitlyn/Swain (NX/PZ),Braum/Lillia (FR/IO),1,1,1
Aphelios/Viktor (MT/PZ),Riven/Taric (MT/NX),1,1,1
Darius/Gnar/LeBlanc (FR/NX),Senna/Veigar (BC/SI),1,1,1
Leona/Yasuo (IO/MT),Braum/Lillia (FR/IO),1,1,1
Darius/Gnar/LeBlanc (FR/NX),Braum/Lillia (FR/IO),1,1,1
Azir/Xerath (SH),The Poro King (FR/RU),1,1,1
Poppy/Zed (DE/IO),Azir/Xerath (SH),1,1,1
Azir/Xerath (SH),Garen/Jarvan IV (DE),1,1,1
Azir/Xerath (SH),Riven/Viktor (NX/PZ),1,1,1
Azir/Xerath (SH),Ekko/Zilean (PZ/SH),1,1,1
Mordekaiser/Norra (BC/SI),Ezreal/Kennen (IO/PZ),1,1,1
Gangplank/Gnar (BC/BW),Hecarim/Zed (IO/SI),1,1,1
Fizz/Samira (BW/NX),Elder Dragon/Norra (RU/BC),1,1,1
Elder Dragon/Norra (RU/BC),Teemo (FR/PZ),1,1,1
Kindred/Shyvana (DE/SI),Gwen/Irelia/Zed (IO/SI),1,1,1
Kindred/Shyvana (DE/SI),Gangplank/Miss Fortune (BW/NX),1,1,1
Kindred/Shyvana (DE/SI),Annie/Jhin (RU/NX),1,1,1
Janna (PZ/SI),Kindred/Shyvana (DE/SI),1,1,1
Kindred/Shyvana (DE/SI),Norra/Poppy (BC),1,1,1
Evelynn/Kai'Sa/Renekton (RU/SH),Kindred/Shyvana (DE/SI),1,1,1
Maokai/Nautilus (BW/SI),Kindred/Shyvana (DE/SI),1,1,1
Kindred/Shyvana (DE/SI),Taliyah/Zilean (IO/SH),1,1,1
Garen/Poppy (DE),Kindred/Shyvana (DE/SI),1,1,1
Kindred/Shyvana (DE/SI),Akshan/Lee Sin (IO/SH),1,1,1
Kindred/Shyvana (DE/SI),Elise (FR/SI),1,1,1
Kindred/Shyvana (DE/SI),Braum/Yuumi/Zoe (FR/MT),1,1,1
Morgana/Udyr (DE/FR),Kindred/Shyvana (DE/SI),1,1,1
Draven/Rumble (NX/PZ),Kindred/Shyvana (DE/SI),1,1,1
Elder Dragon/Volibear (RU/FR),Kindred/Shyvana (DE/SI),1,1,1
Caitlyn/Teemo (BC/PZ),Kindred/Shyvana (DE/SI),1,1,1
Darius/Sejuani (FR/NX),Kindred/Shyvana (DE/SI),1,1,1
Kindred/Shyvana (DE/SI),Jack/Sett (BW/IO),1,1,1
Draven/Katarina (NX/SI),Swain/Yasuo (IO/NX),1,1,1
Heimerdinger/Jayce (PZ/SI),Draven/Katarina (NX/SI),1,1,1
Sett (IO/PZ),Karma/Sett (IO/PZ),1,1,1
Sett (IO/PZ),Elder Dragon (RU/FR),1,1,1
Azir/Xerath (SH),Anivia (DE/FR),1,1,1
Miss Fortune/Twisted Fate (BW/NX),Azir/Xerath (SH),1,1,1
Elder Dragon/Garen (RU/DE),Jinx/Sion (NX/PZ),1,1,1
Aurelion Sol/Zoe (FR/MT),Nilah/Twisted Fate (BW/PZ),1,1,1
Elder Dragon/Garen (RU/DE),Aurelion Sol/Shyvana (DE/MT),1,1,1
Elder Dragon/Garen (RU/DE),Bard/Norra (BC/RU),1,1,1
Nilah/Twisted Fate (BW/PZ),Hecarim (IO/SI),1,1,1
Braum/Lillia (FR/IO),Kalista (SI),1,1,1
Elder Dragon/Volibear (RU/FR),Lux: Illuminated/Shen (DE/IO),1,1,1
Galio/Jarvan IV/Udyr (DE/FR),Elder Dragon/Norra (RU/BC),1,1,1
Galio/Jarvan IV/Udyr (DE/FR),Aphelios/Zoe (MT),1,1,1
Galio/Jarvan IV/Udyr (DE/FR),Championpile (FR/SH),1,1,1
Galio/Jarvan IV/Udyr (DE/FR),Caitlyn/Teemo (FR/PZ),1,1,1
Galio/Jarvan IV/Udyr (DE/FR),Darius (FR/NX),1,1,1
Galio/Jarvan IV/Udyr (DE/FR),Ashe/Tahm Kench (BW/FR),1,1,1
Darius/Gnar (FR/NX),Championless (PZ/SI),1,1,1
Championless (PZ/SI),Braum/The Poro King (FR/RU),1,1,1
Championless (PZ/SI),Championpile (MT/PZ),1,1,1
Championless (PZ/SI),Championpile (DE/FR),1,1,1
Kayle/Lux: Illuminated (DE/MT),Championless (BC/SH),1,1,1
Championless (BC/SH),Teemo (BW/PZ),1,1,1
Garen/Poppy (DE),Championless (BC/SH),1,1,1
Aatrox/Morgana (RU/DE),Championless (BC/SH),1,1,1
Championless (BC/SH),Jax/Ornn (FR/RU),1,1,1
Elder Dragon/Volibear (RU/FR),Norra/Yuumi (BC/FR),1,1,1
Azir/Irelia (IO/SH),Norra/Yuumi (BC/FR),1,1,1
Norra/Yuumi (BC/FR),Elder Dragon (RU/FR),1,1,1
Norra/Yuumi (BC/FR),Miss Fortune/Quinn (BW/DE),1,1,1
Norra/Yuumi (BC/FR),Lissandra/Mordekaiser (FR/SI),1,1,1
Norra/Yuumi (BC/FR),Kalista (PZ/SI),1,1,1
Riven/Viktor (NX/PZ),Jax/Tristana (BC/RU),1,1,1
Viktor/Zoe (MT/PZ),Janna (PZ/SI),1,1,1
Janna (PZ/SI),Elise (NX/SI),1,1,1
Janna (PZ/SI),Mordekaiser (BC/SI),1,1,1
Samira/Zoe (MT/NX),Kalista (PZ/SI),1,1,1
Championless (PZ/SI),Zoe (MT),1,1,1
Samira/Zoe (MT/NX),Aurelion Sol/Shyvana (DE/MT),1,1,1
Yuumi/Zoe (FR/MT),Samira/Zoe (MT/NX),1,1,1
Karma/Sett (IO/PZ),Teemo (BC/PZ),1,1,1
Azir/Irelia (IO/SH),Braum/Yuumi/Zoe (FR/MT),1,1,1
Teemo/Tristana (BC/NX),Mordekaiser/Norra (BC/SI),1,1,1
Akshan/Varus (SH/RU),Master Yi/Nami (BW/IO),1,1,1
Nilah/Twisted Fate (BW/PZ),Master Yi/Nami/Twisted Fate (BW/IO),1,1,1
Viktor/Zoe (MT/PZ),Elise/Nocturne (NX/SI),1,1,1
Braum/Galio (DE/FR),Viktor/Zoe (MT/PZ),1,1,1
Taliyah/Zilean (IO/SH),Braum/Poppy (DE/FR),1,1,1
Taliyah/Zilean (IO/SH),Garen/Poppy (DE),1,1,1
Taliyah/Zilean (IO/SH),Garen/Neeko/Quinn (DE/RU),1,1,1
Azir/Irelia (IO/SH),Kayle/Lux: Illuminated (DE/MT),1,1,1
Taliyah/Zilean (IO/SH),Ekko/Jinx (PZ/SH),1,1,1
Kalista (SI),Taliyah/Zilean (IO/SH),1,1,1
Janna/Mordekaiser (PZ/SI),Championless (SI),1,1,1
Championless (SI),Ryze (IO/RU),1,1,1
Championless (SI),Garen/Udyr (DE/FR),1,1,1
Championless (SI),Viktor/Zoe (MT/PZ),1,1,1
Gangplank/Thresh (BW/SI),Elder Dragon/Lissandra (RU/FR),1,1,1
Annie/Jhin (RU/NX),Elder Dragon/Lissandra (RU/FR),1,1,1
Karma/Sett (FR/IO),Mordekaiser/Senna (SI/SH),1,1,1
Karma/Sett (FR/IO),Braum (DE/FR),1,1,1
Miss Fortune/Quinn (BW/DE),Elder Dragon/Lissandra (RU/FR),1,1,1
Gnar/Nidalee (BC/SH),Karma/Sett (FR/IO),1,1,1
Gnar/Nidalee (BC/SH),Elder Dragon/Lissandra (RU/FR),1,1,1
Elder Dragon/Lissandra (RU/FR),Ezreal/Seraphine (BC/PZ),1,1,1
Elder Dragon/Lissandra (RU/FR),Master Yi/Yasuo (IO/MT),1,1,1
Rumble/Sion (BC/NX),Elder Dragon/Lissandra (RU/FR),1,1,1
Gnar/Gwen (FR/SI),Senna/Veigar (BC/SI),1,1,1
Gnar/Gwen (FR/SI),Aphelios/Lee Sin (IO/MT),1,1,1
Kayle (BW/MT),Gnar/Gwen (FR/SI),1,1,1
Darius/Riven (NX/SH),Gnar/Gwen (FR/SI),1,1,1
Janna/Sett (IO/PZ),Gnar/Gwen (FR/SI),1,1,1
Elder Dragon/Garen (RU/DE),Ezreal/Karma/Seraphine (IO/PZ),1,1,1
Draven/Jinx (NX/PZ),Elder Dragon/Shyvana (RU/DE),1,1,1
Taliyah/Zilean (IO/SH),Galio/Udyr (DE/FR),1,1,1
Elder Dragon/Seraphine/Viktor (RU/PZ),Taliyah/Zilean (IO/SH),1,1,1
Taliyah/Zilean (IO/SH),Elder Dragon/Mordekaiser/Viego (RU/SI),1,1,1
Taliyah/Zilean (IO/SH),Kayle (DE/MT),1,1,1
Garen/Jarvan IV (DE/MT),Taliyah/Zilean (IO/SH),1,1,1
Renekton (BW/SH),Akshan/Morgana (DE/SH),1,1,1
Ezreal/Seraphine (BC/PZ),Aurelion Sol/Tryndamere (FR/MT),1,1,1
Lissandra/Tryndamere (FR/SI),Ezreal/Seraphine (BC/PZ),1,1,1
Championless (SI),LeBlanc/Mordekaiser (FR/NX),1,1,1
Miss Fortune/Twisted Fate (BW/NX),Championless (SI),1,1,1
Championless (SI),Elder Dragon (RU/FR),1,1,1
Championless (SI),Nasus (SI/SH),1,1,1
Championless (SI),Janna/Nilah (BW/PZ),1,1,1
Championless (SI),Rek'Sai (SH),1,1,1
Championless (SI),Akshan/Morgana/Taliyah (DE/SH),1,1,1
Kalista (SI),Gangplank/Sejuani (BW/FR),1,1,1
Aatrox/Kayn (RU/RU),Miss Fortune/Poppy (BW/DE),1,1,1
Ezreal/Kennen (IO/PZ),Aurelion Sol/Shyvana (DE/MT),1,1,1
Gnar/Teemo (BC/PZ),Ezreal/Kennen (IO/PZ),1,1,1
Azir (MT/SH),Ezreal/Kennen (IO/PZ),1,1,1
Irelia/Miss Fortune (BW/IO),Twisted Fate (BW/PZ),1,1,1
Elder Dragon/Norra (RU/BC),Malphite/Yasuo (IO/MT),1,1,1
Elder Dragon/Norra (RU/BC),Leona/Yasuo (IO/MT),1,1,1
Draven/Rumble (DE/NX),Elder Dragon/Norra (RU/BC),1,1,1
Elder Dragon/Morgana/Shyvana (RU/DE),Irelia/Miss Fortune (BW/IO),1,1,1
Elder Dragon/Volibear (RU/FR),Irelia/Miss Fortune (BW/IO),1,1,1
Volibear (DE/FR),Irelia/Miss Fortune (BW/IO),1,1,1
Irelia/Miss Fortune (BW/IO),Master Yi/Riven (IO/NX),1,1,1
Caitlyn (BC/PZ),Irelia/Miss Fortune (BW/IO),1,1,1
Shyvana (DE/MT),Maokai/Nautilus (BW/SI),1,1,1
Ahri/Kennen (BC/IO),Braum (FR/NX),1,1,1
Akshan/Udyr (FR/SH),Ahri (IO/SH),1,1,1
Jinx/Lulu (BC/PZ),Ahri (IO/SH),1,1,1
Ashe/Braum (FR/SI),Ahri/Kennen (BC/IO),1,1,1
Elder Dragon/Galio/Morgana (RU/DE),Karma/Sett (FR/IO),1,1,1
Aphelios/Viktor (MT/PZ),Mordekaiser/Norra (BC/SI),1,1,1
Mordekaiser/Norra (BC/SI),Lux: Illuminated/Taric (DE/MT),1,1,1
Karma/Sett (FR/IO),Kalista (SI),1,1,1
Karma/Sett (FR/IO),Fizz/Lulu (BC/PZ),1,1,1
Mordekaiser/Norra (BC/SI),Braum/Poppy (DE/FR),1,1,1
Akshan/Lee Sin (IO/SH),Galio/Soraka (DE/MT),1,1,1
Braum/Vladimir (FR/NX),Akshan/Lee Sin (IO/SH),1,1,1
Elder Dragon/Mordekaiser/Viego (RU/SI),Darius (FR/NX),1,1,1
Darius (FR/NX),Elder Dragon/Volibear (RU/FR),1,1,1
Bard/Norra (BC/RU),Kayle/Zed (IO/MT),1,1,1
Senna/Veigar (BC/SI),Norra/Teemo (BC/BW),1,1,1
Swain/Twisted Fate (BW/NX),Norra/Teemo (BC/BW),1,1,1
Bard/Norra (BC/RU),Lissandra (FR/SI),1,1,1
Elder Dragon/Shyvana (RU/DE),Bard/Norra (BC/RU),1,1,1
Elder Dragon/Lissandra/Trundle (RU/FR),Bard/Norra (BC/RU),1,1,1
Bard/Norra (BC/RU),Kalista/Nasus (SI/SH),1,1,1
Poppy/Ziggs (BC/NX),Nocturne/Vex (SI),1,1,1
Ashe/Vex (BC/FR),Annie/Jhin (RU/NX),1,1,1
Ashe/Vex (BC/FR),Karma/Sett (FR/IO),1,1,1
Ashe (FR/NX),Ashe/Vex (BC/FR),1,1,1
Ashe/Vex (BC/FR),Jack/Sett (BW/IO),1,1,1
Azir/Hecarim (SI/SH),Ezreal/Jhin (RU/PZ),1,1,1
Ezreal/Jhin (RU/PZ),Bard/Mordekaiser (RU/SI),1,1,1
Fiora (DE/FR),Ezreal/Jhin (RU/PZ),1,1,1
Ezreal/Jhin (RU/PZ),Gangplank/Sejuani (BW/FR),1,1,1
Pyke/Rek'Sai (BW/SH),Ezreal/Jhin (RU/PZ),1,1,1
Ezreal/Jhin (RU/PZ),Caitlyn/Teemo (BC/PZ),1,1,1
Ezreal/Jhin (RU/PZ),Akshan/Taliyah/Zilean (IO/SH),1,1,1
Akshan/Master Yi (IO/SH),Kalista (MT/SI),1,1,1
Akshan/Master Yi (IO/SH),Fizz/Nautilus/Twisted Fate (BW/IO),1,1,1
Anivia (FR/SI),Akshan/Master Yi (IO/SH),1,1,1
Braum/Elder Dragon (RU/FR),Akshan/Master Yi (IO/SH),1,1,1
Miss Fortune/Twisted Fate (BW/NX),Akshan/Master Yi (IO/SH),1,1,1
Gnar/Gwen (FR/SI),Swain/Vladimir (BW/NX),1,1,1
Ezreal (PZ/SI),Fiora (DE/FR),1,1,1
Ezreal (PZ/SI),Lux: Illuminated/Shen (DE/IO),1,1,1
Championless (PZ/SI),Kayle (FR/MT),1,1,1
Championless (PZ/SI),Fiora/Tahm Kench (BW/DE),1,1,1
Championless (PZ/SI),Akshan/Elder Dragon (RU/SH),1,1,1
Braum/Galio (DE/FR),Azir/Irelia (IO/SH),1,1,1
Morgana/Udyr (DE/FR),Lillia (IO/MT),1,1,1
Ashe/LeBlanc (FR/NX),Galio/Poppy (DE/IO),1,1,1
Annie/Jhin (RU/NX),Maokai (BW/SI),1,1,1
Maokai (BW/SI),Karma (IO/SI),1,1,1
Maokai (BW/SI),Mordekaiser/Viego (NX/SI),1,1,1
Hecarim/Zed (IO/SI),Maokai (BW/SI),1,1,1
Maokai (BW/SI),Kalista/Nasus (SI/SH),1,1,1
Poppy/Zed (DE/IO),Maokai (BW/SI),1,1,1
Maokai (BW/SI),Norra/Swain (BC/NX),1,1,1
Maokai (BW/SI),Kalista (PZ/SI),1,1,1
Maokai (BW/SI),Kayle/Zed (IO/MT),1,1,1
Janna/Mordekaiser (PZ/SI),Maokai (BW/SI),1,1,1
Senna (SI/SH),Championpile (DE/FR),1,1,1
Championpile (DE/FR),Garen/Poppy (DE/SH),1,1,1
Championpile (DE/FR),Lux: Illuminated/Taric (DE/MT),1,1,1
Hecarim (IO/SI),Championpile (DE/FR),1,1,1
Taliyah/Zilean (IO/SH),Viktor/Zoe (MT/PZ),1,1,1
Taliyah/Zilean (IO/SH),Elise (FR/SI),1,1,1
Taliyah/Zilean (IO/SH),Championless (BC/PZ),1,1,1
Taliyah/Zilean (IO/SH),Galio/Jarvan IV (DE),1,1,1
Taliyah/Zilean (IO/SH),Ashe/Braum (FR),1,1,1
Taliyah/Zilean (IO/SH),Ezreal/Karma (IO/PZ),1,1,1
Taliyah/Zilean (IO/SH),Zilean (PZ/SH),1,1,1
Nidalee/Taliyah (BC/SH),Taliyah/Zilean (IO/SH),1,1,1
Elder Dragon/Norra (RU/BC),Azir/Nasus/Renekton (SH),1,1,1
Aatrox/Kayn (RU/RU),Championless (PZ/SI),1,1,1
Championless (PZ/SI),Bard/Mordekaiser (RU/SI),1,1,1
Championless (PZ/SI),Nidalee/Taliyah (BC/SH),1,1,1
Championless (PZ/SI),Bard/Norra (BC/RU),1,1,1
Lissandra/Yuumi (BC/FR),Championless (PZ/SI),1,1,1
The Poro King (PZ/RU),Championless (PZ/SI),1,1,1
Championless (PZ/SI),Braum/Karma (FR/IO),1,1,1
Lulu/Poppy/Ziggs (BC/NX),Hecarim/Zed (IO/SI),1,1,1
Lulu/Poppy/Ziggs (BC/NX),Heimerdinger/Jayce (PZ/SI),1,1,1
Lulu/Poppy/Ziggs (BC/NX),Elder Dragon/Volibear (RU/FR),1,1,1
Ziggs (BC/SH),Jinx (BC/PZ),1,1,1
Ziggs (BC/SH),Janna/Seraphine/Twisted Fate (BW/PZ),1,1,1
Fizz/Zoe (BW/MT),Azir/Irelia (IO/SH),1,1,1
Fizz/Zoe (BW/MT),Elder Dragon/Morgana/Shyvana (RU/DE),1,1,1
Ezreal/Seraphine (BC/PZ),Senna/Veigar (BC/SI),1,1,1
Senna/Veigar (BC/SI),Caitlyn/Teemo (FR/PZ),1,1,1
Vayne/Zed (DE/IO),Senna/Veigar (BC/SI),1,1,1
Garen (DE/SI),Senna/Veigar (BC/SI),1,1,1
Senna/Veigar (BC/SI),Jinx/Lulu (IO/PZ),1,1,1
Senna/Veigar (BC/SI),Gnar (FR/NX),1,1,1
Jayce/Swain (NX/PZ),Garen/Lucian (DE),1,1,1
Nasus/Thresh (SI/SH),Braum (FR/MT),1,1,1
Braum (FR/MT),Morgana/Udyr (DE/FR),1,1,1
Braum (FR/MT),Neeko/Poppy (DE/RU),1,1,1
Neeko/Poppy (DE/RU),Aphelios/Viktor (MT/PZ),1,1,1
Aphelios/Viktor (MT/PZ),Gnar/Nidalee (BC/SH),1,1,1
Lee Sin/Viktor (IO/PZ),Shyvana (DE/MT),1,1,1
Aphelios/Viktor (MT/PZ),Kai'Sa/Lillia (IO/SH),1,1,1
Aphelios/Viktor (MT/PZ),Kai'Sa/Shen (IO/SH),1,1,1
Shen/Sivir (IO/SH),Aphelios/Viktor (MT/PZ),1,1,1
Master Yi/Zilean (IO/SH),Ezreal/Seraphine (BC/PZ),1,1,1
Master Yi/Zilean (IO/SH),Championless (BC/SH),1,1,1
Master Yi/Zilean (IO/SH),Bard/Mordekaiser (RU/SI),1,1,1
Swain/Vladimir (BW/NX),Lulu/Neeko (BC/RU),1,1,1
Nasus/Thresh (SI/SH),Senna (PZ/SI),1,1,1
Senna (PZ/SI),Morgana/Udyr (DE/FR),1,1,1
Nidalee (BC/SH),Pyke (BW/SH),1,1,1
Nidalee (BC/SH),Hecarim/Lucian (DE/SI),1,1,1
Elder Dragon/Volibear (RU/FR),Elise/Kindred (PZ/SI),1,1,1
Jinx (BC/PZ),Elise/Kindred (PZ/SI),1,1,1
Elise/Kindred (PZ/SI),Senna (PZ/SI),1,1,1
Aphelios/Viktor (MT/PZ),Nasus/Thresh (SI/SH),1,1,1
Hecarim/Lucian (DE/SI),Braum/Vladimir (FR/NX),1,1,1
Caitlyn/Teemo (FR/PZ),Darius/LeBlanc (FR/NX),1,1,1
Kindred/Nasus (SI/SH),Jack/Nami (BW/PZ),1,1,1
Illaoi/Swain (BW/NX),Kindred/Nasus (SI/SH),1,1,1
Hecarim/Zed (IO/SI),Kindred/Nasus (SI/SH),1,1,1
Elder Dragon/Mordekaiser/Viego (RU/SI),Ashe/LeBlanc (FR/NX),1,1,1
Poppy (DE),Anivia (FR/SI),1,1,1
Darius/Garen (DE/NX),Anivia (FR/SI),1,1,1
Elder Dragon/Trundle/Volibear (RU/FR),Anivia (FR/SI),1,1,1
Anivia (FR/SI),Aphelios/Viktor/Zoe (MT/PZ),1,1,1
Elise/Nocturne (SI/SH),Pyke/Rek'Sai (BW/SH),1,1,1
Elder Dragon/Volibear (RU/FR),Gwen (IO/SI),1,1,1
Neeko/Poppy (BC/RU),Master Yi/Seraphine (IO/PZ),1,1,1
Ezreal/Karma/Seraphine (IO/PZ),Lulu/Poppy/Zed (DE/IO),1,1,1
Ezreal/Karma/Seraphine (IO/PZ),Jinx (BC/PZ),1,1,1
Ezreal/Karma/Seraphine (IO/PZ),Ezreal/Seraphine (BC/PZ),1,1,1
Ezreal/Karma/Seraphine (IO/PZ),Akshan/Morgana (DE/SH),1,1,1
Hecarim/Zed (IO/SI),Ezreal/Seraphine (PZ/SI),1,1,1
Ezreal/Karma/Master Yi (IO/PZ),Zilean (BC/SH),1,1,1
Renekton (BW/SH),Zilean (BC/SH),1,1,1
Championless (BW/MT),Zilean (BC/SH),1,1,1
Zilean (BC/SH),Darius/Miss Fortune (BW/NX),1,1,1
Karma/Sett (FR/IO),Akshan/Morgana (DE/SH),1,1,1
Karma/Sett (FR/IO),Kayle (BW/MT),1,1,1
Braum/Udyr (FR/IO),Aphelios/Lee Sin (IO/MT),1,1,1
Braum/Udyr (FR/IO),Rumble/Sion (BC/NX),1,1,1
Maokai/Nautilus (BW/SI),Kalista/Nasus (SI/SH),1,1,1
Heimerdinger/Viktor (PZ/SI),Maokai/Nautilus (BW/SI),1,1,1
Aurelion Sol/Shyvana (DE/MT),Maokai/Nautilus (BW/SI),1,1,1
Maokai/Nautilus (BW/SI),Ashe/Gwen (FR/SI),1,1,1
Maokai/Nautilus (BW/SI),Shyvana/Zed (DE/IO),1,1,1
Ashe/LeBlanc (FR/NX),Elder Dragon/Morgana (RU/DE),1,1,1
Lee Sin/Zoe (IO/MT),Akshan/Morgana (DE/SH),1,1,1
Poppy/Soraka (DE/MT),LeBlanc/Mordekaiser (FR/NX),1,1,1
Senna/Veigar (BC/SI),Darius/Shen (IO/NX),1,1,1
Poppy/Ziggs (BC/NX),Lee Sin/Viktor (IO/PZ),1,1,1
Mordekaiser/Norra (BC/SI),Morgana/Taliyah (DE/SH),1,1,1
Elder Dragon/Mordekaiser/Viego (RU/SI),Championless (SI),1,1,1
Morgana/Udyr (DE/FR),Jinx (BC/PZ),1,1,1
Jinx (BC/PZ),Pyke/Rek'Sai (BW/SH),1,1,1
Jinx (BC/PZ),Renekton (SH),1,1,1
Elder Dragon/Norra (RU/BC),Jinx (BC/PZ),1,1,1
Katarina (NX/PZ),Elder Dragon/Volibear (RU/FR),1,1,1
Elder Dragon/Volibear (RU/FR),Teemo/Tristana (BC/NX),1,1,1
Akshan/Mordekaiser (SI/SH),Master Yi/Zilean (IO/SH),1,1,1
Karma/Sett (FR/IO),Master Yi/Zilean (IO/SH),1,1,1
Master Yi/Zilean (IO/SH),Galio (DE/IO),1,1,1
Lulu/Neeko (BC/RU),Morgana/Udyr (DE/FR),1,1,1
Annie/Jhin (RU/NX),Aatrox (RU/FR),1,1,1
Kayle/Morgana (DE/MT),Darius/Shen (IO/NX),1,1,1
Malphite/Yasuo (IO/MT),Morgana/Udyr (DE/FR),1,1,1
Jax/Ornn (FR/RU),Elder Dragon/Norra (RU/BC),1,1,1
Elder Dragon/Norra (RU/BC),Elise (FR/SI),1,1,1
Master Yi/Viktor (IO/PZ),Elder Dragon/Norra (RU/BC),1,1,1
Draven/Jinx (NX/PZ),Elder Dragon/Norra (RU/BC),1,1,1
Elder Dragon/Norra (RU/BC),Norra/Swain (BC/NX),1,1,1
Elder Dragon/Norra (RU/BC),Janna (PZ/SI),1,1,1
Elder Dragon/Norra (RU/BC),Heimerdinger/Jayce (PZ/SI),1,1,1
Poppy/Ziggs (BC/NX),Poppy (DE),1,1,1
Gangplank/Gnar/Miss Fortune (BC/BW),Nilah/Twisted Fate (BW/PZ),1,1,1
Nilah/Twisted Fate (BW/PZ),Nami/Seraphine (BW/PZ),1,1,1
Nilah/Twisted Fate (BW/PZ),Elise/Twisted Fate (BW/SI),1,1,1
Karma/Seraphine/Sett (IO/PZ),Galio/Jarvan IV/Udyr (DE/FR),1,1,1
Azir/Irelia (IO/SH),Karma (FR/IO),1,1,1
Azir/Hecarim (SI/SH),Karma/Sett (FR/IO),1,1,1
Bard/Norra (BC/RU),Ezreal/Karma/Seraphine (IO/PZ),1,1,1
Annie/Gwen (NX/SI),Lulu/Poppy (BC/NX),1,1,1
Annie/Gwen (NX/SI),Gnar/Poppy (BC/NX),1,1,1
Maokai/Nautilus (BW/SI),Annie/Gwen (NX/SI),1,1,1
Rumble/Sion (BC/NX),Illaoi/Swain (BW/NX),1,1,1
Ashe/Vex (BC/FR),Elder Dragon/Lissandra/Trundle (RU/FR),1,1,1
Ashe/Vex (BC/FR),Thresh/Viego (SI),1,1,1
Ashe/Vex (BC/FR),Jayce/Morgana (MT/PZ),1,1,1
Ashe/Vex (BC/FR),Elise/Thresh (FR/SI),1,1,1
Bard/Norra (BC/RU),Senna/Veigar (BC/SI),1,1,1
Senna/Veigar (BC/SI),Akshan/Sivir (DE/SH),1,1,1
Evelynn/Kai'Sa (RU/SH),Karma/Udyr (FR/IO),1,1,1
Janna/Seraphine/Twisted Fate (BW/PZ),Azir/Irelia (IO/SH),1,1,1
Morgana/Udyr (FR/MT),Anivia (FR/SI),1,1,1
Anivia (FR/SI),Zoe (MT/SH),1,1,1
Anivia (FR/SI),Aurelion Sol/Braum (FR/MT),1,1,1
Trundle/Vi (FR/PZ),Anivia (FR/SI),1,1,1
Elder Dragon/Volibear (RU/FR),Ezreal/Seraphine (PZ/SI),1,1,1
Ezreal/Seraphine (PZ/SI),Swain/Vi (NX/PZ),1,1,1
Darius/Miss Fortune (BW/NX),Elder Dragon/Volibear (RU/FR),1,1,1
Aatrox/Quinn/Vayne (RU/DE),Galio/Soraka (DE/MT),1,1,1
Aatrox/Quinn/Vayne (RU/DE),Braum/Vladimir (FR/NX),1,1,1
Fiora (DE/FR),Aatrox/Quinn/Vayne (RU/DE),1,1,1
Aatrox/Quinn/Vayne (RU/DE),Norra/Zoe (BC/MT),1,1,1
Aatrox/Quinn/Vayne (RU/DE),Championpile/Elder Dragon (RU/FR),1,1,1
Norra/Teemo (BC/PZ),Kindred/Nasus (SI/SH),1,1,1
Elder Dragon/Morgana (RU/DE),Aphelios/Viktor (MT/PZ),1,1,1
Elder Dragon/Morgana (RU/DE),Jinx/Lulu (BC/PZ),1,1,1
Karma/Sett (IO/PZ),Soraka/Tahm Kench (BW/MT),1,1,1
Master Yi/Viktor (IO/PZ),Norra/Zoe (BC/MT),1,1,1
Jinx/Lulu (BC/PZ),Master Yi/Viktor (IO/PZ),1,1,1
Akshan/Sivir (DE/SH),Jinx/Lulu (BC/PZ),1,1,1
Karma/Sett (FR/IO),Gnar/Neeko (FR/RU),1,1,1
Karma/Sett (FR/IO),Elise (FR/SI),1,1,1
Mordekaiser/Norra (BC/SI),Karma/Seraphine/Sett (IO/PZ),1,1,1
Karma/Seraphine/Sett (IO/PZ),Ezreal/Seraphine (BC/PZ),1,1,1
Karma/Seraphine/Sett (IO/PZ),Azir/Hecarim (SI/SH),1,1,1
Aurelion Sol/Elder Dragon/Morgana (RU/MT),Bard/Norra (BC/RU),1,1,1
Akshan/Karma (IO/SH),Karma/Sett (FR/IO),1,1,1
Hecarim/Lucian (DE/SI),Karma/Sett (FR/IO),1,1,1
Taliyah/Zilean (IO/SH),Xerath/Zilean (BC/SH),1,1,1
Anivia (FR/SI),Norra (BC/IO),1,1,1
Maokai (BW/SI),Anivia (FR/SI),1,1,1
Gwen (NX/SI),Anivia (FR/SI),1,1,1
Anivia (FR/SI),Ornn/Vayne (DE/FR),1,1,1
Anivia (FR/SI),Lee Sin/Master Yi (DE/IO),1,1,1
Ezreal/Karma/Seraphine (IO/PZ),Elder Dragon/Mordekaiser/Viego (RU/SI),1,1,1
Ezreal/Karma/Seraphine (IO/PZ),Aurelion Sol/Fiora (DE/MT),1,1,1
Ezreal/Karma/Seraphine (IO/PZ),Anivia (FR/SI),1,1,1
Ezreal/Karma/Seraphine (IO/PZ),The Poro King (PZ/RU),1,1,1
Ezreal/Karma/Seraphine (IO/PZ),Maokai/Nautilus (BW/SI),1,1,1
Ezreal/Karma/Seraphine (IO/PZ),Pyke/Rek'Sai (BW/SH),1,1,1
Ezreal/Karma/Seraphine (IO/PZ),Trundle/Tryndamere (FR/SI),1,1,1
Elder Dragon/Morgana/Shyvana (RU/DE),Akshan/Ekko (PZ/SH),1,1,1
Elder Dragon/Morgana/Shyvana (RU/DE),Fiora/Udyr (DE/FR),1,1,1
Ezreal/Seraphine (NX/PZ),Ashe/Vex (FR/SI),1,1,1
Illaoi/Swain (BW/NX),Elder Dragon/Mordekaiser/Viego (RU/SI),1,1,1
Elder Dragon/Mordekaiser/Viego (RU/SI),Heimerdinger/Lux (DE/PZ),1,1,1
Maokai/Nautilus (BW/SI),Elder Dragon/Mordekaiser/Viego (RU/SI),1,1,1
Heimerdinger/Lux (DE/PZ),Aurelion Sol/Shyvana (DE/MT),1,1,1
Taliyah/Zilean (IO/SH),Draven/Sion (NX/PZ),1,1,1
Annie/Jhin (RU/NX),Pantheon/Yuumi (DE/MT),1,1,1
Norra/Teemo (BC/PZ),Aurelion Sol/Shyvana (DE/MT),1,1,1
Zoe (MT/PZ),Elder Dragon/Garen (RU/DE),1,1,1
Elder Dragon/Garen (RU/DE),Taliyah/Udyr (FR/SH),1,1,1
Elder Dragon/Garen (RU/DE),Karma/Sett (FR/IO),1,1,1
Taliyah/Zilean (IO/SH),Akshan/Sivir (DE/SH),1,1,1
Taliyah/Zilean (IO/SH),Heimerdinger/Lux (DE/PZ),1,1,1
Taliyah/Zilean (IO/SH),Evelynn/Viego (RU/SI),1,1,1
Azir/Irelia (IO/SH),Katarina/Master Yi (IO/NX),1,1,1
Katarina/Master Yi (IO/NX),Elise (NX/SI),1,1,1
Bard/Janna (RU/PZ),Pantheon/Yuumi (DE/MT),1,1,1
Aatrox/Morgana (RU/DE),Caitlyn/Teemo (BC/PZ),1,1,1
Aatrox/Morgana (RU/DE),Jinx/Lulu (BC/PZ),1,1,1
Yasuo (IO/NX),Bard/Norra (BC/RU),1,1,1
Maokai (BW/SI),Gwen/Quinn (DE/SI),1,1,1
Aatrox/Kayn (RU/RU),Miss Fortune/Quinn (BW/DE),1,1,1
Ezreal/Karma/Seraphine (IO/PZ),Aatrox/Kayn (RU/RU),1,1,1
Elder Dragon/Lissandra (RU/FR),Bard/Mordekaiser (RU/SI),1,1,1
Ezreal/Karma/Seraphine (IO/PZ),Nasus/Viego (SI/SH),1,1,1
Ezreal/Karma/Seraphine (IO/PZ),Akshan/Pantheon (MT/SH),1,1,1
Ezreal/Karma/Seraphine (IO/PZ),Championpile (NX/PZ),1,1,1
Elder Dragon/Volibear (RU/FR),Ezreal/Karma/Seraphine (IO/PZ),1,1,1
Ezreal/Karma/Seraphine (IO/PZ),Senna/Veigar (BC/SI),1,1,1
Elder Dragon/Morgana/Shyvana (RU/DE),Leona/Soraka (DE/MT),1,1,1
Elder Dragon/Morgana/Shyvana (RU/DE),Azir/Xerath (SH),1,1,1
Ezreal/Seraphine (NX/PZ),Ezreal/Kennen (IO/PZ),1,1,1
Ornn/Pantheon (FR/MT),Aurelion Sol/Elder Dragon/Morgana (RU/MT),1,1,1
Azir/Xerath (SH),Kai'Sa/Sivir (DE/SH),1,1,1
Championpile/Elder Dragon (RU/FR),Bard/Norra (BC/RU),1,1,1
Bard/Norra (BC/RU),Ezreal/Karma (IO/PZ),1,1,1
Nocturne/Vex (SI),Jinx/Lulu (BC/PZ),1,1,1
Braum/Zoe (FR/MT),Gwen/Quinn/Vayne (DE/SI),1,1,1
Elise/Norra (BC/SI),Bard/Tahm Kench (RU/BW),1,1,1
Elise/Norra (BC/SI),Ezreal/Seraphine (BC/PZ),1,1,1
Elise/Norra (BC/SI),Akshan/Morgana/Taliyah (DE/SH),1,1,1
Norra (BC/PZ),Akshan/Morgana/Taliyah (DE/SH),1,1,1
Norra (BC/PZ),Zoe (MT),1,1,1
Tahm Kench (BC/BW),Illaoi/Swain (BW/NX),1,1,1
Tahm Kench (BC/BW),Pyke/Rek'Sai (BW/SH),1,1,1
Taliyah/Zilean (IO/SH),Taliyah (IO/SH),1,1,1
Akshan/Morgana/Taliyah (DE/SH),Elder Dragon/Mordekaiser/Viego (RU/SI),1,1,1
Annie/Gwen (NX/SI),Gwen/Quinn/Vayne (DE/SI),1,1,1
Gwen/Quinn/Vayne (DE/SI),Irelia/Miss Fortune (BW/IO),1,1,1
Draven/Jinx (NX/PZ),Samira/Zoe (MT/NX),1,1,1
Fiora/Shen (DE/IO),Janna (PZ/SI),1,1,1
Nidalee (BC/SH),Elder Dragon/Lissandra (RU/FR),1,1,1
Draven/Jinx (NX/PZ),Elder Dragon/Lissandra (RU/FR),1,1,1
Elder Dragon/Lissandra (RU/FR),Braum/Vladimir (FR/NX),1,1,1
Aatrox/Morgana (RU/DE),Draven/Jinx (NX/PZ),1,1,1
Master Yi/Zilean (IO/SH),Jinx/Nautilus (BW/PZ),1,1,1
Nilah/Twisted Fate (BW/PZ),Jinx/Kennen (BC/PZ),1,1,1
Jinx/Kennen (BC/PZ),Pyke/Rek'Sai (BW/SH),1,1,1
The Poro King (MT/RU),Lillia/Lux: Illuminated (DE/IO),1,1,1
Elder Dragon/Seraphine/Viktor (RU/PZ),Norra (BC/PZ),1,1,1
Norra (BC/PZ),Gangplank/Sejuani (BW/FR),1,1,1
Norra (BC/PZ),Mordekaiser (BC/SI),1,1,1
Norra (BC/PZ),Draven/Jinx (NX/PZ),1,1,1
Garen/Shyvana/Udyr (DE/FR),Norra (BC/PZ),1,1,1
Viktor/Zoe (MT/PZ),Bard/Kalista (RU/SI),1,1,1
Viktor/Zoe (MT/PZ),Ezreal/Seraphine (BC/PZ),1,1,1
Viktor/Zoe (MT/PZ),Lissandra (DE/FR),1,1,1
Annie/Jhin (RU/NX),Neeko/Norra (BC/RU),1,1,1
Gwen/Nidalee (SI/SH),Pyke/Rek'Sai (BW/SH),1,1,1
Gwen/Nidalee (SI/SH),Gwen/Quinn/Vayne (DE/SI),1,1,1
Gwen/Nidalee (SI/SH),Gnar/Nidalee (BC/SH),1,1,1
The Poro King (RU),Kalista/Lucian (DE/SI),1,1,1
Garen/Jarvan IV (DE),Elder Dragon/Volibear (RU/FR),1,1,1
Ezreal/Seraphine (IO/PZ),Elder Dragon/Seraphine/Viktor (RU/PZ),1,1,1
Azir/Xerath (SH),Maokai (BW/SI),1,1,1
Elder Dragon/Norra (RU/BC),Aurelion Sol/Zoe (FR/MT),1,1,1
Nilah/Twisted Fate (BW/PZ),Mordekaiser/Viego (SI/SH),1,1,1
Nilah/Twisted Fate (BW/PZ),Akshan/Zilean (PZ/SH),1,1,1
Kalista/Lucian (DE/SI),Annie/Miss Fortune (BW/NX),1,1,1
Zoe (MT),Mordekaiser (BC/SI),1,1,1
Kai'Sa/Zoe (MT/SH),Pyke/Rek'Sai (BW/SH),1,1,1
Elise/Vex (SI),Aatrox/Kayn (RU/RU),1,1,1
Elise/Vex (SI),Elder Dragon/Volibear (RU/FR),1,1,1
Elder Dragon/Volibear (RU/FR),Ezreal/Seraphine (NX/PZ),1,1,1
Evelynn/Kai'Sa (RU/SH),Bard/Norra (BC/RU),1,1,1
Teemo (BC/PZ),Master Yi/Zilean (IO/SH),1,1,1
Master Yi/Zilean (IO/SH),Braum/Yuumi/Zoe (FR/MT),1,1,1
Master Yi/Zilean (IO/SH),Leona/Yasuo (IO/MT),1,1,1
Draven/Jinx (NX/PZ),Evelynn/Kai'Sa (RU/SH),1,1,1
Nilah/Twisted Fate (BW/PZ),Akshan/Nilah (BW/SH),1,1,1
Bard (BC/RU),The Poro King (PZ/RU),1,1,1
Akshan/Nilah (BW/SH),Nidalee (BC/SH),1,1,1
Nidalee (BC/SH),The Poro King (PZ/RU),1,1,1
The Poro King (PZ/RU),Caitlyn/Teemo (BC/PZ),1,1,1
Norra/Viego (BC/SI),Ornn/Volibear (DE/FR),1,1,1
Anivia (FR/SI),Kindred/Senna (PZ/SI),1,1,1
Anivia (FR/SI),Kayle/Morgana (DE/MT),1,1,1
Nidalee (BC/SH),Ekko (PZ/SH),1,1,1
Rumble/Sion (BC/NX),Jinx/Teemo (NX/PZ),1,1,1
Elise/Norra (BC/SI),Elise (FR/SI),1,1,1
Azir/Irelia (IO/SH),Elise/Norra (BC/SI),1,1,1
The Poro King (PZ/RU),Ezreal/Nilah (BW/PZ),1,1,1
Annie/Jhin (RU/NX),Akshan/Nilah (BW/SH),1,1,1
Akshan/Nilah (BW/SH),Ezreal/Seraphine (NX/PZ),1,1,1
Ezreal/Seraphine (NX/PZ),Annie/Jhin (RU/NX),1,1,1
Tahm Kench (BC/BW),Anivia (FR/SI),1,1,1
Tahm Kench (BC/BW),Azir/Irelia (IO/SH),1,1,1
Tahm Kench (BC/BW),Azir (IO/SH),1,1,1
Tahm Kench (BC/BW),Mordekaiser/Morgana (DE/SI),1,1,1
Evelynn/Lucian (DE/RU),Elise (NX/SI),1,1,1
Pyke/Rek'Sai (BW/SH),The Poro King (PZ/RU),1,1,1
Ezreal/Seraphine (IO/PZ),Kennen/Lissandra (FR/IO),1,1,1
Annie/Jhin (RU/NX),Kalista/Lucian (DE/SI),1,1,1
Kalista/Lucian (DE/SI),Ekko (PZ/SH),1,1,1
Bard/Norra (BC/RU),Irelia/Vayne (DE/IO),1,1,1
Gangplank/Sejuani (BW/FR),Championless (BC/SH),1,1,1
Trundle/Tryndamere (FR/SI),Championless (BC/SH),1,1,1
Hecarim/Zed (IO/SI),Championless (BC/SH),1,1,1
Master Yi/Viktor (IO/PZ),Kayle (BW/MT),1,1,1
Annie/Gwen (NX/SI),Viktor/Zoe (MT/PZ),1,1,1
Akshan/Morgana/Taliyah (DE/SH),Annie/Gwen (NX/SI),1,1,1
Caitlyn/Teemo (BC/PZ),Maokai (BW/SI),1,1,1
Maokai (BW/SI),Braum/Vladimir (FR/NX),1,1,1
Karma/Seraphine (IO/PZ),Maokai (BW/SI),1,1,1
Bard/Kayle/Yuumi (RU/MT),Maokai (BW/SI),1,1,1
Maokai (BW/SI),Rumble/Sion (BC/NX),1,1,1
Nami/Zoe (BW/MT),Elder Dragon/Volibear (RU/FR),1,1,1
Poppy/Ziggs (BC/NX),Akshan/Sivir (FR/SH),1,1,1
Jhin/Yasuo (IO/RU),Darius/Gnar (FR/NX),1,1,1
Jhin/Yasuo (IO/RU),Fizz/Samira (BW/NX),1,1,1
Darius/Gnar (FR/NX),Caitlyn/Teemo (FR/PZ),1,1,1
Evelynn/Kai'Sa (RU/SH),Bard (BC/RU),1,1,1
Hecarim/Lucian (DE/SI),Tahm Kench (BC/BW),1,1,1
Elder Dragon/Volibear (RU/FR),Malphite/Yasuo (IO/MT),1,1,1
Norra/Viego (BC/SI),Soraka/Tryndamere (FR/MT),1,1,1
Taliyah/Zilean (IO/SH),Aurelion Sol/Volibear (FR/MT),1,1,1
Championless (NX/PZ),Anivia (FR/SI),1,1,1
Anivia (FR/SI),Bard/Mordekaiser (RU/SI),1,1,1
Anivia (FR/SI),Akshan/Mordekaiser (SI/SH),1,1,1
Anivia (FR/SI),Gwen/Zed (IO/SI),1,1,1
Anivia/Karma (FR/IO),Anivia (FR/SI),1,1,1
Norra (BC/PZ),Janna/Seraphine (IO/PZ),1,1,1
Norra (BC/PZ),Gwen/Irelia/Zed (IO/SI),1,1,1
Norra (BC/PZ),Kindred/Nasus/Viego (SI/SH),1,1,1
Norra (BC/PZ),Zed (IO/SI),1,1,1
The Poro King (MT/RU),Ezreal/Seraphine (NX/PZ),1,1,1
Ezreal/Seraphine (NX/PZ),Evelynn/Kai'Sa (RU/SH),1,1,1
Ezreal/Seraphine (IO/PZ),Darius/Miss Fortune (BW/NX),1,1,1
Ezreal/Seraphine (IO/PZ),Elder Dragon (RU/FR),1,1,1
Annie/Gwen (NX/SI),Elder Dragon/Viego (RU/SI),1,1,1
Tahm Kench (BC/BW),Bard (RU/SI),1,1,1
Gangplank/Gnar (BC/BW),Ashe (FR/PZ),1,1,1
Fiora/Udyr (DE/FR),Gwen/Nidalee (SI/SH),1,1,1
Fiora/Udyr (DE/FR),The Poro King (MT/RU),1,1,1
Ezreal/Seraphine (NX/PZ),Norra/Zoe (BC/MT),1,1,1
Norra/Zoe (BC/MT),Ekko (PZ/SH),1,1,1
Master Yi/Zilean (IO/SH),Jack/Sett (BW/IO),1,1,1
Jinx/Lulu (BC/PZ),Master Yi/Zilean (IO/SH),1,1,1
Darius/Gnar (FR/NX),Gwen/Nidalee (SI/SH),1,1,1
Jhin/Yasuo (IO/RU),Tristana (BC/MT),1,1,1
Aphelios/Zoe (MT/PZ),Galio/Morgana (DE/MT),1,1,1
Aphelios/Zoe (MT/PZ),Anivia/Braum (FR/SI),1,1,1
The Poro King (MT/RU),Irelia/Master Yi (FR/IO),1,1,1
Illaoi/Jax (BW/RU),Championless (BC/SH),1,1,1
Hecarim/Zed (IO/SI),Master Yi/Viktor (IO/PZ),1,1,1
Irelia/Miss Fortune (BW/IO),Elder Dragon/Norra (RU/BC),1,1,1
Maokai (BW/SI),Nilah/Twisted Fate (BW/PZ),1,1,1
Fiora/Garen (DE/FR),Elder Dragon/Volibear (RU/FR),1,1,1
Aphelios/Master Yi (IO/MT),Elder Dragon/Volibear (RU/FR),1,1,1
Gwen/Irelia (IO/SI),Jhin/Norra (BC/RU),1,1,1
Caitlyn/Teemo (FR/PZ),Gwen/LeBlanc (NX/SI),1,1,1
Fizz/Samira (BW/NX),The Poro King (MT/RU),1,1,1
Aphelios/Norra (BC/MT),Jhin/Yasuo (IO/RU),1,1,1
Anivia (FR/SI),Jinx (NX/PZ),1,1,1
Anivia (FR/SI),Jax/Ornn/Udyr (FR/RU),1,1,1
Jinx/Teemo (BW/PZ),Azir/Irelia (IO/SH),1,1,1
Kennen/Seraphine (IO/PZ),Anivia (FR/SI),1,1,1
Championless (PZ/SI),Ryze (IO/RU),1,1,1
Lee Sin/Viktor (IO/PZ),Miss Fortune/Vayne (BW/DE),1,1,1
Akshan/Samira (NX/SH),Elder Dragon/Viego (RU/SI),1,1,1
Elder Dragon/Volibear (RU/FR),Evelynn/Lucian (DE/RU),1,1,1
Master Yi/Samira (IO/NX),Master Yi/Zilean (IO/SH),1,1,1
Master Yi/Zilean (IO/SH),Garen/Jarvan IV (DE),1,1,1
Gwen/Irelia (IO/SI),Fizz/Samira (BW/NX),1,1,1
Gwen/Irelia (IO/SI),Ashe/Braum/Udyr (FR/IO),1,1,1
Ekko/Jinx (PZ/SH),Master Yi/Viktor (IO/PZ),1,1,1
Twisted Fate (BW/PZ),Master Yi/Taliyah/Zilean (IO/SH),1,1,1
Jack/Sett (BW/IO),Twisted Fate (BW/PZ),1,1,1
Galio/Udyr (DE/FR),Ezreal/Kennen (IO/PZ),1,1,1
Elder Dragon/Norra (RU/BC),Heimerdinger/Viktor (PZ/SH),1,1,1
Elder Dragon/Morgana (RU/DE),Annie/Gwen (NX/SI),1,1,1
Ezreal (PZ/SI),Swain/Yasuo (IO/NX),1,1,1
Azir/Irelia (IO/SH),Akshan/Viktor (PZ/SH),1,1,1
Draven (MT/NX),Jayce/Swain (NX/PZ),1,1,1
Aphelios/Seraphine (MT/PZ),Akshan/Morgana/Taliyah (DE/SH),1,1,1
Master Yi/Zilean (IO/SH),Ryze (RU/SH),1,1,1
Hecarim (SI/SH),Bard/Norra (BC/RU),1,1,1
Ashe/LeBlanc (FR/NX),Bard (BC/RU),1,1,1
Jinx/Lulu (BC/PZ),Senna/Veigar (BC/SI),1,1,1
Senna/Veigar (BC/SI),Viego (NX/SI),1,1,1
Senna/Veigar (BC/SI),Elder Dragon/Norra (RU/BC),1,1,1
Anivia (FR/SI),Heimerdinger/Lux (DE/PZ),1,1,1
Anivia (FR/SI),Viego/Yuumi (MT/SI),1,1,1
Anivia (FR/SI),Akshan/Morgana (MT/SH),1,1,1
Bard/Norra (BC/RU),Anivia (FR/SI),1,1,1
Aphelios/Seraphine (MT/PZ),Ashe/LeBlanc (FR/NX),1,1,1
Fiora/Udyr (DE/FR),Pyke/Rek'Sai (BW/SH),1,1,1
Elder Dragon/Morgana/Shyvana (RU/DE),Aurelion Sol/Shyvana (DE/MT),1,1,1
Ezreal/Karma (IO/PZ),Caitlyn/Teemo (FR/PZ),1,1,1
Morgana/Udyr (DE/FR),Galio/Morgana (DE/FR),1,1,1
Mordekaiser/Norra (BC/SI),Jinx (BC/PZ),1,1,1
Elder Dragon/Volibear (RU/FR),Gangplank/Teemo (BW/PZ),1,1,1
Nilah/Twisted Fate (BW/PZ),Master Yi/Samira (IO/NX),1,1,1
Nilah/Twisted Fate (BW/PZ),Akshan/Varus (SH/RU),1,1,1
Master Yi/Nami (BW/IO),Championless (BC/SH),1,1,1
Master Yi/Nami (BW/IO),Karma (IO/PZ),1,1,1
Kalista (DE/SI),Hecarim/Zed (IO/SI),1,1,1
Ashe/LeBlanc (FR/NX),Annie (NX/SI),1,1,1
Master Yi/Viktor (IO/PZ),Jax/Teemo (BC/RU),1,1,1
Master Yi/Viktor (IO/PZ),Ahri/Kennen (IO/SI),1,1,1
Fizz/Samira (BW/NX),Elise (NX/SI),1,1,1
Braum (FR/SI),Diana/Nocturne (MT/SI),1,1,1
Ezreal/Kennen (IO/PZ),Evelynn/Zoe (RU/MT),1,1,1
Ezreal/Kennen (IO/PZ),Akshan/Taliyah/Xerath (MT/SH),1,1,1
Ezreal/Kennen (IO/PZ),Karma/Miss Fortune/Zed (BW/IO),1,1,1
Fizz/Nidalee (BC/SH),Annie/Ashe (FR/NX),1,1,1
Braum (FR/SI),Pyke/Rek'Sai (BW/SH),1,1,1
Mordekaiser/Norra (BC/SI),Ezreal (PZ/SI),1,1,1
Norra/Zed (BC/IO),Jinx/Teemo (BC/PZ),1,1,1
Elder Dragon/Lissandra (RU/FR),Norra/Zed (BC/IO),1,1,1
Ezreal/Seraphine (IO/PZ),Elise (NX/SI),1,1,1
Nidalee (BC/SH),Elder Dragon (RU/FR),1,1,1
Fizz/Samira (BW/NX),Nami/Samira (BW/NX),1,1,1
Fiora/Udyr (DE/FR),Draven/Katarina (IO/NX),1,1,1
Draven/Katarina (IO/NX),Kalista/Lucian (DE/SI),1,1,1
Pyke/Rek'Sai (BW/SH),Draven/Katarina (IO/NX),1,1,1
Pyke/Rek'Sai (BW/SH),Elise (NX/SI),1,1,1
Senna/Veigar (BC/SI),Ryze (IO/RU),1,1,1
Norra/Yuumi (BC/FR),Anivia (FR/SI),1,1,1
Gnar/Jhin (BC/RU),Neeko/Poppy (BC/RU),1,1,1
Katarina/Yasuo (IO/NX),Championless (FR/IO),1,1,1
Elder Dragon/Mordekaiser/Viego (RU/SI),Elder Dragon/Morgana/Shyvana (RU/DE),1,1,1
Elder Dragon/Volibear (RU/FR),Morgana/Riven (MT/NX),1,1,1
Akshan/Ekko (PZ/SH),Lux: Illuminated/Shen (DE/IO),1,1,1
Hecarim/Zed (IO/SI),Lux: Illuminated/Shen (DE/IO),1,1,1
Annie/Jhin (RU/NX),Elder Dragon/Garen/Jarvan IV (RU/DE),1,1,1
Aurelion Sol/Shyvana (DE/MT),Braum/Soraka (FR/MT),1,1,1
Caitlyn/Teemo (FR/PZ),Norra/Zoe (BC/MT),1,1,1
Elder Dragon/Mordekaiser/Viego (RU/SI),Elder Dragon/Volibear (RU/FR),1,1,1
Azir/Irelia (IO/SH),Championpile/Elder Dragon (RU/DE),1,1,1
Elder Dragon/Galio/Morgana (RU/DE),Championpile/Elder Dragon (RU/DE),1,1,1
Elder Dragon/Volibear (RU/FR),Karma/Lux (DE/IO),1,1,1
Fizz/Nidalee (BC/SH),Ekko/Seraphine (PZ/SI),1,1,1
Elise/Nocturne (NX/SI),Kalista/Lucian (DE/SI),1,1,1
Championless (BC/SH),Darius/Draven/Sion (NX),1,1,1
Championless (BC/SH),Fiora (DE/FR),1,1,1
Ashe/Caitlyn (FR/PZ),Championless (FR/IO),1,1,1
Elise/Nocturne (NX/SI),Hecarim/Zed (IO/SI),1,1,1
Fizz/Nidalee (BC/SH),Kalista (DE/SI),1,1,1
Jinx (BC/PZ),Gwen/Quinn (DE/SI),1,1,1
Fizz/Nidalee (BC/SH),Braum (FR/SI),1,1,1
Fizz/Nidalee (BC/SH),Hecarim/Zed (IO/SI),1,1,1
Fizz/Nidalee (BC/SH),Evelynn/Kai'Sa (RU/SH),1,1,1
Elder Dragon/Garen (RU/DE),Ezreal/Seraphine (IO/PZ),1,1,1
Elder Dragon/Trundle/Volibear (RU/FR),Ezreal/Seraphine (IO/PZ),1,1,1
Ezreal/Seraphine (IO/PZ),Championless (IO/PZ),1,1,1
Ezreal/Seraphine (IO/PZ),Championless (NX/PZ),1,1,1
Norra/Swain (BC/NX),Braum (FR/SI),1,1,1
Norra/Swain (BC/NX),Bard/Braum/Gnar/Sejuani (RU/FR),1,1,1
Seraphine/Teemo (BC/PZ),Caitlyn/Teemo (FR/PZ),1,1,1
Annie/Jhin (RU/NX),Annie/Ashe (FR/NX),1,1,1
Braum/Zoe (FR/MT),Draven/Katarina (IO/NX),1,1,1
Draven/Katarina (IO/NX),Bard/Norra (BC/RU),1,1,1
Braum/Zoe (FR/MT),Fizz/Samira (BW/NX),1,1,1
Fizz/Samira (BW/NX),Norra (BC/PZ),1,1,1
Braum (FR/SI),Braum/Zoe (FR/MT),1,1,1
Akshan/Katarina (NX/SH),Braum/Zoe (FR/MT),1,1,1
Braum/Zoe (FR/MT),Annie/Twisted Fate (BW/NX),1,1,1
Jayce/Lux (DE/PZ),Darius (FR/NX),1,1,1
Annie/Elise (NX/SI),Ashe/LeBlanc (FR/NX),1,1,1
Anivia (FR/SI),The Poro King (FR/RU),1,1,1
Annie/Katarina (BC/NX),Anivia (FR/SI),1,1,1
Caitlyn/Teemo (BC/PZ),Zilean (BC/SH),1,1,1
Pyke/Rek'Sai (BW/SH),Miss Fortune (BW/PZ),1,1,1
Caitlyn/Teemo (BC/PZ),Braum (FR/SI),1,1,1
Akshan/Katarina (NX/SH),Katarina/Yasuo (IO/NX),1,1,1
Elder Dragon/Trundle/Volibear (RU/FR),Elder Dragon/Morgana/Shyvana (RU/DE),1,1,1
Annie/Elise (NX/SI),Elder Dragon/Morgana/Shyvana (RU/DE),1,1,1
Elder Dragon/Morgana/Shyvana (RU/DE),Evelynn/Lucian (DE/RU),1,1,1
Annie/Jhin (RU/NX),Bard/Braum/Gnar/Sejuani (RU/FR),1,1,1
Annie/Jhin (RU/NX),Caitlyn/Seraphine/Teemo (BC/PZ),1,1,1
Norra (BC/PZ),Evelynn/Lucian (DE/RU),1,1,1
Draven/Ezreal (NX/PZ),Azir/Irelia (IO/SH),1,1,1
Poppy/Zed (DE/IO),Azir/Irelia (IO/SH),1,1,1
Annie/Jhin (RU/NX),Fiora/Garen (DE/FR),1,1,1
Championpile/Elder Dragon (RU/DE),Jhin/Viktor (RU/PZ),1,1,1
Championpile/Elder Dragon (RU/DE),Aurelion Sol/Leona (MT/SH),1,1,1
Championpile/Elder Dragon (RU/DE),Anivia (FR/SI),1,1,1
Darius/Draven (NX/SI),Elder Dragon/Volibear (RU/FR),1,1,1
Norra/Zoe (BC/MT),Miss Fortune/Quinn (BW/DE),1,1,1
Norra/Zoe (BC/MT),Caitlyn/Seraphine/Teemo (BC/PZ),1,1,1
Elder Dragon/Garen (RU/DE),Ashe/LeBlanc (FR/NX),1,1,1
Elder Dragon/Garen (RU/DE),Teemo (BC/PZ),1,1,1
Elder Dragon/Garen (RU/DE),Ryze (IO/RU),1,1,1
Elder Dragon/Garen (RU/DE),Caitlyn/Teemo (BC/PZ),1,1,1
Elder Dragon/Garen (RU/DE),Jack/Soraka (BW/MT),1,1,1
Elder Dragon/Garen (RU/DE),Poppy/Ziggs (BC/NX),1,1,1
Shyvana/Viego (DE/SI),Elder Dragon/Garen (RU/DE),1,1,1
Elder Dragon/Garen (RU/DE),Morgana/Vex (BC/MT),1,1,1
Elder Dragon/Garen (RU/DE),Kayle/Shyvana (DE/MT),1,1,1
Evelynn/Kai'Sa (RU/SH),Evelynn/Lucian (DE/RU),1,1,1
Katarina/Miss Fortune (BW/NX),Bard/Norra (BC/RU),1,1,1
Fizz/Nidalee (BC/SH),Ezreal/Teemo (NX/PZ),1,1,1
Azir/Irelia (IO/SH),Caitlyn/Teemo (PZ/SI),1,1,1
Azir/Irelia (IO/SH),Diana/Nocturne (MT/SI),1,1,1
Braum/Zoe (FR/MT),Fiora (DE/SH),1,1,1
Senna/Veigar (BC/SI),Championless (MT/SI),1,1,1
Lee Sin/Zoe (IO/MT),Aurelion Sol/Shyvana (DE/MT),1,1,1
Poppy/Soraka (DE/MT),Jayce/Lux (DE/PZ),1,1,1
Jayce/Lux (DE/PZ),Norra/Zoe (BC/MT),1,1,1
Heimerdinger/Norra (BC/SI),Jayce/Lux (DE/PZ),1,1,1
Aurelion Sol/Shyvana (DE/MT),Kindred/Nasus (SI/SH),1,1,1
Anivia (FR/SI),Fiora/Galio (DE/NX),1,1,1
Norra/Swain (BC/NX),Fiora (DE/SH),1,1,1
Braum/Vladimir (FR/NX),Jinx/Teemo (BW/PZ),1,1,1
Elise/Nocturne (SI/SH),Elder Dragon/Mordekaiser/Viego (RU/SI),1,1,1
Elder Dragon/Volibear (RU/FR),Kai'Sa/Pantheon (MT/SH),1,1,1
Gangplank/Sejuani (BW/FR),Kai'Sa/Pantheon (MT/SH),1,1,1
Kai'Sa/Pantheon (MT/SH),Mordekaiser/Viego (NX/SI),1,1,1
Poppy/Soraka (DE/MT),Mordekaiser/Viego (NX/SI),1,1,1
Mordekaiser/Viego (NX/SI),Janna/Norra (BC/PZ),1,1,1
Elder Dragon/Galio/Morgana (RU/DE),Nidalee/Taliyah (BC/SH),1,1,1
Norra (BC/PZ),Fizz/Nidalee (BC/SH),1,1,1
Ezreal/Seraphine (IO/PZ),Kai'Sa/Pantheon (MT/SH),1,1,1
Taliyah/Ziggs (BC/SH),Elder Dragon/Norra (RU/BC),1,1,1
Soraka (BW/MT),Miss Fortune/Vayne (BW/DE),1,1,1
Azir/Irelia (IO/SH),Aurelion Sol/Volibear (FR/MT),1,1,1
Azir/Irelia (IO/SH),Gangplank/Gnar (BC/BW),1,1,1
Hecarim/Zed (IO/SI),Elder Dragon/Mordekaiser/Viego (RU/SI),1,1,1
Ashe/LeBlanc (FR/NX),Fiora/Udyr (DE/FR),1,1,1
Bard/Braum/Gnar/Sejuani (RU/FR),Fiora/Udyr (DE/FR),1,1,1
Master Yi/Zilean (IO/SH),Caitlyn/Teemo (FR/PZ),1,1,1
Caitlyn/Teemo (BW/PZ),Anivia (FR/SI),1,1,1
Ashe/LeBlanc (FR/NX),Fiora (DE/SH),1,1,1
Ashe/LeBlanc (FR/NX),Ekko (PZ/SH),1,1,1
Fizz/Nidalee (BC/SH),Seraphine/Teemo (BC/PZ),1,1,1
Ashe/Gnar (FR),Seraphine/Teemo (BC/PZ),1,1,1
Taliyah/Zilean (IO/SH),Mordekaiser/Morgana (DE/SI),1,1,1
Braum/Norra (BC/FR),Jinx/Lulu (BC/PZ),1,1,1
Championless (PZ/SI),Akshan/Sivir (DE/SH),1,1,1
Annie/Jhin (RU/NX),Heimerdinger/Jayce (IO/PZ),1,1,1
Pyke/Rek'Sai (BW/SH),Heimerdinger/Jayce (IO/PZ),1,1,1
Ashe/Sejuani (FR),Bard/Norra (BC/RU),1,1,1
Fizz/Nidalee (BC/SH),Bard/Braum/Gnar/Sejuani (RU/FR),1,1,1
Elise/Nocturne (NX/SI),Norra (BC/PZ),1,1,1
Akshan/Lee Sin (IO/SH),Akshan/Morgana (DE/SH),1,1,1
Akshan/Lee Sin (IO/SH),Karma/Sett (FR/IO),1,1,1
Akshan/Lee Sin (IO/SH),Azir/Hecarim (SI/SH),1,1,1
Rumble/Vayne (DE/NX),Bard/Norra (BC/RU),1,1,1
Fiora (DE/SH),Braum (FR/SI),1,1,1
Aphelios/Zoe (BC/MT),Braum (FR/SI),1,1,1
Senna/Veigar (BC/SI),Maokai (BW/SI),1,1,1
Ezreal/Seraphine (IO/PZ),Ashe/LeBlanc (FR/NX),1,1,1
Draven/Katarina (IO/NX),Miss Fortune/Quinn (BW/DE),1,1,1
Kayle (BW/MT),Jinx/Teemo (BC/PZ),1,1,1
Gangplank/Sejuani (BW/FR),Aatrox/Kayn (RU/RU),1,1,1
Aatrox/Kayn (RU/RU),Master Yi/Yasuo (IO/MT),1,1,1
Kai'Sa/Pantheon (MT/SH),Azir/Irelia (IO/SH),1,1,1
Kai'Sa/Pantheon (MT/SH),Aurelion Sol/Shyvana (DE/MT),1,1,1
Nilah/Twisted Fate (BW/PZ),Championless (BC/PZ),1,1,1
Elder Dragon/Morgana/Shyvana (RU/DE),Bard/Norra (BC/RU),1,1,1
Elder Dragon/Morgana/Shyvana (RU/DE),Caitlyn/Teemo (BC/PZ),1,1,1
Ezreal/Seraphine (NX/PZ),Kalista (DE/SI),1,1,1
Ezreal/Seraphine (NX/PZ),Ezreal (BC/PZ),1,1,1
Mordekaiser/Norra (BC/SI),Ezreal/Seraphine (IO/PZ),1,1,1
Ezreal/Seraphine (IO/PZ),Braum (FR/PZ),1,1,1
Jack/Sett (BW/IO),Ezreal/Seraphine (IO/PZ),1,1,1
Fiora/Udyr (DE/FR),Miss Fortune/Quinn (BW/DE),1,1,1
Irelia/Kennen (IO),Gwen/Zed (IO/SI),1,1,1
Ekko (PZ/SH),Ezreal (BC/PZ),1,1,1
Fizz/Nidalee (BC/SH),Championless (BC/PZ),1,1,1
Elise/Nocturne (NX/SI),Championless (BC/PZ),1,1,1
Karma/Sett (FR/IO),Aphelios/Viktor (MT/PZ),1,1,1
Heimerdinger/Jayce (IO/PZ),Aurelion Sol/Zoe (FR/MT),1,1,1
Miss Fortune/Quinn (BW/DE),Fizz/Miss Fortune/Sejuani (BW/FR),1,1,1
Miss Fortune/Quinn (BW/DE),Miss Fortune/Sejuani/Twisted Fate (BW/FR),1,1,1
Miss Fortune/Quinn (BW/DE),Ashe/Gnar (FR),1,1,1
Miss Fortune/Quinn (BW/DE),Braum (FR/SI),1,1,1
Rumble/Vayne (DE/NX),Karma/Sett (FR/IO),1,1,1
Heimerdinger/Jayce (PZ/SI),Caitlyn/Teemo (BC/PZ),1,1,1
Garen/Jarvan IV (DE),Senna/Veigar (BC/SI),1,1,1
Senna/Veigar (BC/SI),Zilean (PZ/SH),1,1,1
Elder Dragon/Shyvana (RU/DE),Ezreal/Seraphine (IO/PZ),1,1,1
Ezreal/Seraphine (IO/PZ),Mordekaiser (NX/SI),1,1,1
Ezreal/Seraphine (IO/PZ),Master Yi/Miss Fortune (BW/IO),1,1,1
Aatrox/Morgana (RU/DE),Illaoi (BW/IO),1,1,1
Morgana/Zoe (MT),Aatrox/Morgana (RU/DE),1,1,1
Neeko (FR/RU),Bard/Norra (BC/RU),1,1,1
Yuumi/Zoe (FR/MT),Ezreal (PZ/SI),1,1,1
Poppy/Ziggs (BC/NX),Ezreal (PZ/SI),1,1,1
Braum/Zoe (FR/MT),Fizz/Miss Fortune/Sejuani (BW/FR),1,1,1
Hecarim/Kalista (IO/SI),Garen/Lucian (DE),1,1,1
Ashe/LeBlanc (FR/NX),Hecarim/Kalista (IO/SI),1,1,1
Norra/Swain (BC/NX),Ezreal/Kennen (IO/PZ),1,1,1
Norra/Swain (BC/NX),Garen/Lucian (DE),1,1,1
Fizz/Samira (BW/NX),Garen/Vayne (DE/SH),1,1,1
Championless (SI/SH),Norra/Swain (BC/NX),1,1,1
Fizz/Samira (BW/NX),Elise/Nocturne (NX/SI),1,1,1
Norra/Swain (BC/NX),Elise/Nocturne (NX/SI),1,1,1
Norra/Swain (BC/NX),Garen (DE),1,1,1
Fiora/Udyr (DE/FR),Fizz/Samira (BW/NX),1,1,1
Anivia (FR/SI),Elder Dragon/Lissandra (RU/FR),1,1,1
Jinx/Samira (NX/PZ),Anivia (FR/SI),1,1,1
Akshan/Seraphine (PZ/SH),Anivia (FR/SI),1,1,1
Anivia (FR/SI),Championless (MT/SI),1,1,1
Anivia (FR/SI),Illaoi/Swain (BW/NX),1,1,1
Norra/Teemo (BC/PZ),Ezreal/Seraphine (BC/PZ),1,1,1
Norra/Teemo (BC/PZ),Heimerdinger/Jayce (PZ/SI),1,1,1
Nilah/Twisted Fate (BW/PZ),Lux: Illuminated/Shen (DE/IO),1,1,1
Bard/Norra (BC/RU),Lux: Illuminated/Shen (DE/IO),1,1,1
Aurelion Sol/Elder Dragon/Morgana (RU/MT),Elise (FR/SI),1,1,1
Ashe (FR/PZ),Ashe/Udyr (DE/FR),1,1,1
Aatrox/Kayn (RU/RU),Elise/Kalista (FR/SI),1,1,1
Anivia (FR/SI),Taliyah/Xerath/Ziggs (BC/SH),1,1,1
Karma/Seraphine/Sett (IO/PZ),Elder Dragon/Morgana/Shyvana (RU/DE),1,1,1
Elder Dragon/Morgana/Shyvana (RU/DE),Lee Sin/Viktor (IO/PZ),1,1,1
Taliyah/Zilean (IO/SH),Lucian (DE/IO),1,1,1
Azir/Xerath (SH),Anivia/Elder Dragon/Volibear (RU/FR),1,1,1
Shyvana (DE/MT),Azir/Xerath (SH),1,1,1
Bard/Norra (BC/RU),Nami/Samira (BW/NX),1,1,1
Akshan/Nilah (BW/SH),Bard/Norra (BC/RU),1,1,1
Elise (NX/SI),Katarina/Yasuo (IO/NX),1,1,1
Kayn/Vayne (DE/RU),Azir/Xerath (SH),1,1,1
Braum/Zoe (FR/MT),Akshan/Nilah (BW/SH),1,1,1
Evelynn/Quinn (DE/RU),Akshan/Nilah (BW/SH),1,1,1
Viktor/Zoe (MT/PZ),Kai'Sa/Sivir (DE/SH),1,1,1
Kai'Sa/Sivir (DE/SH),Seraphine/Viktor (BC/PZ),1,1,1
Aatrox/Vayne (RU/DE),Seraphine/Viktor (BC/PZ),1,1,1
Ezreal/Nilah (BW/PZ),Elder Dragon/Viego (RU/SI),1,1,1
Braum/Zoe (FR/MT),Evelynn/Quinn (DE/RU),1,1,1
Ezreal/Karma (IO/PZ),Viktor/Zoe (MT/PZ),1,1,1
Ezreal/Karma (IO/PZ),Championless (FR/SI),1,1,1
Fizz/Nidalee (BC/SH),Nilah/Twisted Fate (BW/PZ),1,1,1
Norra/Swain (BC/NX),Fizz/Samira (BW/NX),1,1,1
Annie/Jhin (RU/NX),Ezreal/Seraphine (PZ),1,1,1
Annie/Jhin (RU/NX),Kalista (DE/SI),1,1,1
Annie/Jhin (RU/NX),Garen/Sivir (DE/SH),1,1,1
Norra/Swain (BC/NX),Fizz/Nidalee (BC/SH),1,1,1
Elise (NX/SI),Ezreal (PZ/SI),1,1,1
Elise (NX/SI),Ekko/Ezreal/Twisted Fate (BW/PZ),1,1,1
Master Yi/Nami (BW/IO),Fizz (BC/FR),1,1,1
Elder Dragon/Volibear (RU/FR),Fizz (BC/FR),1,1,1
Fizz (BC/FR),Elise (NX/SI),1,1,1
Ashe/LeBlanc (FR/NX),Championless (FR/NX),1,1,1
Caitlyn/Teemo (BC/PZ),Annie/Miss Fortune (BW/NX),1,1,1
Elise/Vex (SI),Ezreal/Heimerdinger/Seraphine (BW/PZ),1,1,1
Annie/Jhin (RU/NX),Nami/Zoe (BW/MT),1,1,1
Garen/Sivir (DE/SH),Gwen/Irelia (IO/SI),1,1,1
Championless (FR/MT),Azir/Irelia (IO/SH),1,1,1
Master Yi/Zilean (IO/SH),Maokai (BW/SI),1,1,1
Master Yi/Zilean (IO/SH),Ryze (IO/RU),1,1,1
Lulu/Zed (DE/IO),Fizz/Samira (BW/NX),1,1,1
Katarina/Yasuo (IO/NX),Kindred/Nasus (SI/SH),1,1,1
Akshan/Lee Sin (IO/SH),Kindred/Nasus (SI/SH),1,1,1
Norra/Viego (BC/SI),Azir/Irelia (IO/SH),1,1,1
Anivia (FR/SI),Aurelion Sol/Tryndamere (FR/MT),1,1,1
Norra/Swain (BC/NX),Kai'Sa (DE/SH),1,1,1
Jack/Sett (BW/IO),Mordekaiser/Viego (NX/SI),1,1,1
Fizz/Nidalee (BC/SH),Ashe (FR/PZ),1,1,1
Fizz/Nidalee (BC/SH),Braum/Gwen (FR/SI),1,1,1
Draven/Rumble (BC/NX),Zilean (PZ/SH),1,1,1
Fiora/Udyr (DE/FR),Evelynn/Kai'Sa (RU/SH),1,1,1
Championpile/Elder Dragon (RU/DE),Ashe/LeBlanc (FR/NX),1,1,1
Braum/Gwen (FR/SI),Evelynn/Kai'Sa (RU/SH),1,1,1
Annie/Gwen (NX/SI),Fizz/Nidalee (BC/SH),1,1,1
Ekko (PZ/SH),Kalista/Lux: Illuminated (DE/SI),1,1,1
Caitlyn/Teemo (FR/PZ),Kalista/Lux: Illuminated (DE/SI),1,1,1
Championless (BC/SH),Kalista (PZ/SI),1,1,1
Neeko/Quinn (DE/RU),Miss Fortune (BW/PZ),1,1,1
Neeko/Quinn (DE/RU),Lulu/Zed (DE/IO),1,1,1
Lulu/Taric (IO/MT),Janna/Sett (IO/PZ),1,1,1
Miss Fortune/Quinn (BW/DE),Championless (SI/SH),1,1,1
Ashe (FR/PZ),Championless (SI/SH),1,1,1
Caitlyn/Teemo (FR/PZ),Miss Fortune/Quinn (BW/DE),1,1,1
Ashe (FR/PZ),Caitlyn/Teemo (FR/PZ),1,1,1
Azir/Xerath (SH),Hecarim/Kalista (IO/SI),1,1,1
Azir/Xerath (SH),Gwen/Zed (IO/SI),1,1,1
Gwen/Irelia (IO/SI),Azir/Xerath (SH),1,1,1
Azir/Xerath (SH),Master Yi/Miss Fortune (BW/IO),1,1,1
Akshan/Master Yi (IO/SH),Championless (DE/MT),1,1,1
Garen/Gnar/Udyr (DE/FR),Ezreal/Nilah (BW/PZ),1,1,1
Maokai (BW/SI),Kayle/Udyr (FR/MT),1,1,1
Annie/Jhin (RU/NX),Kai'Sa (DE/SH),1,1,1
Azir/Irelia (IO/SH),Ekko/Jinx (PZ/SH),1,1,1
Master Yi/Zilean (IO/SH),Ezreal/Teemo (FR/PZ),1,1,1
Jinx/Lulu (BC/PZ),Aphelios/Viktor (MT/PZ),1,1,1
Norra/Zoe (BC/MT),Shen/Sivir (IO/SH),1,1,1
Elder Dragon/Galio/Morgana (RU/DE),Heimerdinger/Jayce (PZ/SI),1,1,1
Ezreal/Seraphine (IO/PZ),Twisted Fate (BW/PZ),1,1,1
Braum/Zoe (FR/MT),Championless (SI/SH),1,1,1
Anivia (FR/SI),Morgana/Vex (BC/MT),1,1,1
Anivia (FR/SI),Akshan/Zilean (BC/SH),1,1,1
Anivia (FR/SI),Akshan/Morgana/Taliyah (DE/SH),1,1,1
Lillia (IO/MT),Anivia (FR/SI),1,1,1
Ezreal/Seraphine (NX/PZ),Caitlyn/Teemo (BC/PZ),1,1,1
Darius/Gnar (FR/NX),Elder Dragon/Volibear (RU/FR),1,1,1
Nidalee/Sivir (SI/SH),Elder Dragon/Volibear (RU/FR),1,1,1
Norra/Zoe (BC/MT),Kalista (FR/SI),1,1,1
Katarina/Yasuo (IO/NX),Caitlyn/Teemo (BW/PZ),1,1,1
Norra/Teemo (BC/MT),Evelynn/Nidalee (RU/SH),1,1,1
Evelynn/Nidalee (RU/SH),Elise (NX/SI),1,1,1
Sejuani/Swain (FR/NX),Evelynn/Nidalee (RU/SH),1,1,1
Norra (BC/NX),Kayle/Zed (IO/MT),1,1,1
Annie/Jhin (RU/NX),Norra (BC/NX),1,1,1
Norra (BC/NX),Darius/Miss Fortune (BW/NX),1,1,1
Norra (BC/NX),Fiora (DE/FR),1,1,1
Elder Dragon/Seraphine/Viktor (RU/PZ),Norra (BC/NX),1,1,1
Norra (BC/NX),Azir (MT/SH),1,1,1
Norra (BC/NX),Jayce/Viktor (FR/PZ),1,1,1
Aurelion Sol/Shyvana (DE/MT),Norra (BC/NX),1,1,1
Darius/Gnar (FR/NX),Azir/Irelia (IO/SH),1,1,1
Kalista (DE/SI),Miss Fortune/Quinn (BW/DE),1,1,1
Kalista (DE/SI),Master Yi/Udyr (FR/IO),1,1,1
Kalista (DE/SI),Kai'Sa (DE/SH),1,1,1
Pyke/Rek'Sai (BW/SH),Championless (SI/SH),1,1,1
Sejuani/Swain (FR/NX),Braum (FR/SI),1,1,1
Janna/Nilah (BW/PZ),Azir/Xerath (SH),1,1,1
Elder Dragon/Norra/Yuumi (RU/BC),Azir/Xerath (SH),1,1,1
Azir/Xerath (SH),Championless (PZ/SI),1,1,1
The Poro King (PZ/RU),Azir/Xerath (SH),1,1,1
Azir/Xerath (SH),Norra/Teemo (BC/BW),1,1,1
Akshan/Varus (SH/RU),Bard/Norra (BC/RU),1,1,1
Elise/Nocturne/Vex (SI),Gangplank/Gnar (BC/BW),1,1,1
Caitlyn/Teemo (BC/PZ),Elise/Nocturne/Vex (BC/SI),1,1,1
Darius/Riven (FR/NX),Elise/Vex (BC/SI),1,1,1
Maokai (BW/SI),Nasus/Xerath (SH),1,1,1
Twisted Fate (BW/PZ),Maokai (BW/SI),1,1,1
Norra/Teemo (BC/MT),Ezreal/Seraphine (IO/PZ),1,1,1
Annie/Jhin (RU/NX),Braum/Master Yi (FR/IO),1,1,1
Jax/Ornn (FR/RU),Draven/Jinx (NX/PZ),1,1,1
Jax/Ornn (FR/RU),Fiora (DE/SH),1,1,1
Jax/Ornn (FR/RU),Diana/Nocturne (MT/SI),1,1,1
Irelia/Miss Fortune (BW/IO),Viktor/Zoe (MT/PZ),1,1,1
Jayce (NX/PZ),Norra (BC/IO),1,1,1
Quinn/Vayne (DE/FR),Norra (BC/IO),1,1,1
Aphelios/Seraphine (MT/PZ),Akshan/Ekko (PZ/SH),1,1,1
Jinx/Kennen (BC/PZ),Darius/Elise (NX/SI),1,1,1
Taliyah/Zilean (IO/SH),Jinx/Kennen (BC/PZ),1,1,1
Jinx/Kennen (BC/PZ),Poppy/Ziggs (BC/NX),1,1,1
Jinx/Kennen (BC/PZ),Karma/Sett (FR/IO),1,1,1
Ekko (PZ/SH),Jinx/Kennen (BC/PZ),1,1,1
Nidalee (BC/SH),Lissandra/Trundle (FR/SI),1,1,1
Nidalee (BC/SH),Lux: Illuminated/Vex (BC/DE),1,1,1
Poppy/Ziggs (BC/NX),Akshan/Morgana/Taliyah (DE/SH),1,1,1
Fizz/Samira (BW/NX),Norra/Teemo (BC/MT),1,1,1
Anivia (FR/SI),Aatrox/Kayn (RU/RU),1,1,1
Norra/Viego (BC/SI),Anivia (FR/SI),1,1,1
Anivia (FR/SI),Akshan/Lee Sin (IO/SH),1,1,1
Kalista (DE/SI),Katarina/Yasuo (IO/NX),1,1,1
Norra/Teemo (BC/MT),Swain/Twisted Fate (BW/NX),1,1,1
Janna/Nilah (BW/PZ),Elise/Nocturne (NX/SI),1,1,1
Garen/Udyr (DE/FR),Norra/Zoe (BC/MT),1,1,1
Norra/Zoe (BC/MT),Akshan/Master Yi (IO/SH),1,1,1
Norra/Teemo (BC/MT),Nami/Samira (BW/NX),1,1,1
Evelynn/Nidalee (RU/SH),Nilah/Twisted Fate (BW/PZ),1,1,1
Evelynn/Nidalee (RU/SH),Ashe/Gnar (FR),1,1,1
Nilah/Twisted Fate (BW/PZ),Jinx (NX/PZ),1,1,1
Kalista (SI),Ezreal/Karma (IO/PZ),1,1,1
Caitlyn/Teemo (BC/PZ),Evelynn/Fiora (DE/RU),1,1,1
Evelynn/Fiora (DE/RU),Garen/Udyr (DE/FR),1,1,1
Evelynn/Vayne (DE/RU),Evelynn/Kai'Sa (RU/SH),1,1,1
Akshan/Master Yi (IO/SH),Kalista/Vayne (DE/SI),1,1,1
Fizz/Miss Fortune/Sejuani (BW/FR),Kalista (DE/SI),1,1,1
Braum/Galio (DE/FR),Ryze (IO/RU),1,1,1
Ryze (IO/RU),Morgana/Zoe (BC/MT),1,1,1
Karma/Viktor (IO/PZ),Morgana/Zoe (BC/MT),1,1,1
Jinx/Lulu (BC/PZ),Senna (PZ/SI),1,1,1
Zed (IO/SI),Gnar/Nidalee/Renekton (FR/SH),1,1,1
Evelynn/Kai'Sa (RU/SH),Fizz/Miss Fortune/Sejuani (BW/FR),1,1,1
Elder Dragon/Volibear (RU/FR),Lissandra/Trundle (FR/SI),1,1,1
Darius/Elise (NX/SI),Championless (PZ/SI),1,1,1
Elder Dragon (RU/DE),Championless (PZ/SI),1,1,1
Teemo (BC/PZ),Ezreal (PZ/SI),1,1,1
Kindred (PZ/SI),Ashe/LeBlanc (FR/NX),1,1,1
Jax/Ornn (FR/RU),Bard/Galio (RU/DE),1,1,1
Jayce/Lux (DE/PZ),Jax/Ornn (FR/RU),1,1,1
Akshan/Morgana/Taliyah (DE/SH),Master Yi/Zilean (IO/SH),1,1,1
Master Yi/Zilean (IO/SH),Ashe/Tahm Kench (BW/FR),1,1,1
Ashe/LeBlanc (FR/NX),Nidalee (BC/SH),1,1,1
Elder Dragon/Galio/Morgana (RU/DE),Aurelion Sol/Elder Dragon (RU/MT),1,1,1
Azir/Irelia (IO/SH),Aurelion Sol (DE/MT),1,1,1
Mordekaiser/Norra (BC/SI),Lissandra/Trundle (FR/SI),1,1,1
Darius/Elise (NX/SI),Lissandra/Trundle (FR/SI),1,1,1
Lissandra/Trundle (FR/SI),LeBlanc/Samira (FR/NX),1,1,1
Janna/Seraphine (BC/PZ),Annie/Ziggs (BC/NX),1,1,1
Annie/Ziggs (BC/NX),Maokai/Nautilus (BW/SI),1,1,1
Akshan/Master Yi (IO/SH),Elder Dragon/Shyvana (RU/DE),1,1,1
Ashe/Gnar (FR),Bard/Norra (BC/RU),1,1,1
Anivia (FR/SI),Heimerdinger/Jayce (BC/PZ),1,1,1
Anivia (FR/SI),Kalista/Kindred/Nasus (SI/SH),1,1,1
Akshan/Varus (SH/RU),Anivia (FR/SI),1,1,1
Anivia (FR/SI),Ekko/Nasus (PZ/SH),1,1,1
Anivia (FR/SI),Anivia/Mordekaiser (FR/SI),1,1,1
Anivia (FR/SI),Swain/Yasuo (IO/NX),1,1,1
Fiora/Shen (DE/IO),Draven/Samira (NX/PZ),1,1,1
Draven/Samira (NX/PZ),Ashe/Gnar (FR),1,1,1
Draven/Samira (NX/PZ),Teemo (BC/PZ),1,1,1
Draven/Samira (NX/PZ),Elise/Nocturne (NX/SI),1,1,1
Jinx/Teemo (NX/PZ),Elder Dragon/Volibear (RU/FR),1,1,1
Norra (BC/PZ),Jinx/Teemo (BW/PZ),1,1,1
Akshan/Nilah (BW/SH),Gnar/Master Yi (FR/IO),1,1,1
Azir/Irelia (IO/SH),Miss Fortune/Quinn (BW/DE),1,1,1
Fiora/Shen (DE/IO),Fiora/Udyr (DE/FR),1,1,1
Braum/Master Yi (FR/IO),Nilah/Twisted Fate (BW/PZ),1,1,1
Elder Dragon/Volibear (RU/FR),Swain/Twisted Fate (BW/NX),1,1,1
Caitlyn/Teemo (FR/PZ),Seraphine (IO/PZ),1,1,1
Elise (NX/SI),Caitlyn/Teemo (FR/PZ),1,1,1
Caitlyn/Teemo (BW/PZ),Evelynn/Kai'Sa (RU/SH),1,1,1
Elder Dragon/Norra (RU/BC),Caitlyn/Teemo (BW/PZ),1,1,1
Draven/Jinx (NX/PZ),Caitlyn/Teemo (BW/PZ),1,1,1
Caitlyn/Teemo (BW/PZ),Championless (PZ/SI),1,1,1
Evelynn/Nidalee (RU/SH),Braum/Master Yi (FR/IO),1,1,1
Evelynn/Nidalee (RU/SH),Championless (SI/SH),1,1,1
Poppy/Ziggs (BC/NX),Aphelios/Master Yi (IO/MT),1,1,1
Maokai (BW/SI),Poppy/Ziggs (BC/NX),1,1,1
Poppy/Ziggs (BC/NX),Garen/Jarvan IV (DE/NX),1,1,1
Ashe/Gnar (FR),Kalista/Vayne (DE/SI),1,1,1
Pyke/Rek'Sai (BW/SH),Evelynn/Fiora (DE/RU),1,1,1
Evelynn/Kai'Sa (RU/SH),Akshan/Lissandra (FR/SH),1,1,1
Lissandra (FR/SH),Akshan/Lissandra (FR/SH),1,1,1
Pyke/Rek'Sai (BW/SH),Lulu/Lux: Illuminated (DE/IO),1,1,1
Samira/Sejuani (FR/NX),Pyke/Rek'Sai (BW/SH),1,1,1
Ashe/Gnar (FR),Annie/Jhin (RU/NX),1,1,1
Garen/Sivir (DE/SH),Lissandra (FR/SH),1,1,1
Teemo (BC/PZ),Lissandra (FR/SH),1,1,1
Caitlyn/Teemo (BC/PZ),Braum/Lissandra (FR/SH),1,1,1
Fiora/Udyr (DE/FR),Garen (DE/SH),1,1,1
Fiora/Udyr (DE/FR),Elise/Nocturne (NX/SI),1,1,1
Championless (SI),Championpile (MT/PZ),1,1,1
Championless (SI),Azir/Renekton (SH),1,1,1
Championless (SI),Aurelion Sol/Shyvana (DE/MT),1,1,1
Bard/Norra (BC/RU),Janna/Seraphine (BC/PZ),1,1,1
Bard/Norra (BC/RU),Aurelion Sol (DE/MT),1,1,1
Bard/Norra (BC/RU),Ashe/Udyr (DE/FR),1,1,1
Teemo (BC/PZ),Ashe/Braum (FR/SI),1,1,1
Teemo (BC/PZ),Ashe/LeBlanc (FR/NX),1,1,1
Senna/Veigar (BC/SI),Lissandra/Trundle (FR/SI),1,1,1
Maokai (BW/SI),Bard/Norra (BC/RU),1,1,1
Fizz (BW/SH),Championless (PZ/SI),1,1,1
Master Yi/Zilean (IO/SH),Akshan/Sivir (FR/SH),1,1,1
Nidalee (BC/SH),Braum/Galio (DE/FR),1,1,1
Nidalee (BC/SH),Annie/Swain (BC/NX),1,1,1
Braum/Zoe (FR/MT),Ashe/Gnar (FR),1,1,1
Maokai/Nautilus (BW/SI),Fizz (BC/FR),1,1,1
Pyke/Rek'Sai (BW/SH),Ezreal/Karma/Master Yi (IO/PZ),1,1,1
Karma/Sett (FR/IO),Akshan/Taliyah (IO/SH),1,1,1
Norra/Viego (BC/SI),Ashe/LeBlanc (FR/NX),1,1,1
Anivia (FR/SI),Lissandra/Taliyah/Volibear (FR/SH),1,1,1
Anivia (FR/SI),Akshan/Morgana (DE/SH),1,1,1
Anivia (FR/SI),Aphelios (FR/MT),1,1,1
Miss Fortune/Quinn (BW/DE),Nidalee (BC/SH),1,1,1
Hecarim/Zed (IO/SI),Nidalee (BC/SH),1,1,1
Caitlyn/Teemo (BC/PZ),Norra/Teemo (BC/MT),1,1,1
Norra (BC/PZ),Ashe/Gnar (FR),1,1,1
Caitlyn/Teemo (FR/PZ),Pyke/Rek'Sai (BW/SH),1,1,1
Ezreal/Seraphine (IO/PZ),Akshan/Samira (NX/SH),1,1,1
Darius/Elise (NX/SI),Ezreal/Seraphine (IO/PZ),1,1,1
Janna/Nilah (BW/PZ),Fiora/Shen (DE/IO),1,1,1
Braum/Zoe (FR/MT),LeBlanc/Udyr (FR/NX),1,1,1
Elder Dragon/Volibear (RU/FR),Elder Dragon/Udyr (RU/FR),1,1,1
Braum/Zoe (FR/MT),Annie/Nami (BW/NX),1,1,1
Annie/Katarina (BW/NX),Nami/Nilah (BW/PZ),1,1,1
Nami/Samira (BW/NX),Annie/Katarina (BW/NX),1,1,1
Pyke/Rek'Sai (BW/SH),Master Yi/Samira (IO/NX),1,1,1
Master Yi/Yasuo (IO/MT),Nocturne/Vex (PZ/SI),1,1,1
Nocturne/Vex (PZ/SI),Braum/The Poro King (FR/RU),1,1,1
Ezreal/Karma/Seraphine (IO/PZ),Mordekaiser/Norra (BC/SI),1,1,1
Annie/Katarina (BW/NX),Pyke/Rek'Sai (BW/SH),1,1,1
Annie/Nami (BW/NX),Hecarim/Zed (IO/SI),1,1,1
The Poro King (FR/RU),Annie/Nami (BW/NX),1,1,1
Janna/Nilah (BW/PZ),Annie/Nami (BW/NX),1,1,1
Azir/Xerath (SH),Elder Dragon/Garen (RU/DE),1,1,1
Aphelios/Zoe (MT/PZ),Sejuani/Teemo (BC/FR),1,1,1
Aphelios/Zoe (MT/PZ),Mordekaiser/Norra (BC/SI),1,1,1
Aphelios/Zoe (MT/PZ),Championless (SI),1,1,1
Akshan/Morgana/Taliyah (DE/SH),Elder Dragon/Garen (RU/DE),1,1,1
Jinx/Lulu (BC/PZ),Nilah/Twisted Fate (BW/PZ),1,1,1
Akshan/Morgana/Taliyah (DE/SH),Nilah/Twisted Fate (BW/PZ),1,1,1
Ezreal/Karma (IO/PZ),Nilah/Twisted Fate (BW/PZ),1,1,1
Kalista (SI),Jarvan IV/Lux: Illuminated (DE),1,1,1
Akshan/Lissandra (FR/SH),Garen/Sivir (DE/SH),1,1,1
Ashe/Gnar (FR),Akshan/Master Yi (IO/SH),1,1,1
Ashe/Gnar (FR),Lissandra (FR/SH),1,1,1
Lux: Illuminated/Zed (DE/IO),Annie/Miss Fortune (BW/NX),1,1,1
Annie/Jhin (RU/NX),The Poro King (BC/RU),1,1,1
Evelynn/Kai'Sa (RU/SH),Fiora/Shen (DE/IO),1,1,1
Maokai (BW/SI),Garen/Gnar/Udyr (DE/FR),1,1,1
Maokai (BW/SI),Elder Dragon/Mordekaiser/Viego (RU/SI),1,1,1
Maokai (BW/SI),Bard/Mordekaiser (RU/SI),1,1,1
Maokai (BW/SI),Fiora (DE/SH),1,1,1
Master Yi/Samira (IO/NX),Maokai (BW/SI),1,1,1
Akshan/Pantheon (MT/SH),Braum/The Poro King (FR/RU),1,1,1
Nasus/Thresh (SI/SH),Akshan/Morgana/Taliyah (DE/SH),1,1,1
Nasus/Thresh (SI/SH),Jinx/Lulu (BC/PZ),1,1,1
Lux/The Poro King (DE/RU),Gwen/Katarina (NX/SI),1,1,1
Kindred/Lucian (DE/SI),Lux/The Poro King (DE/RU),1,1,1
Lux/The Poro King (DE/RU),Maokai/Nautilus (BW/SI),1,1,1
Lux/The Poro King (DE/RU),Elder Dragon/Seraphine/Viktor (RU/PZ),1,1,1
Mordekaiser/Morgana (MT/SI),Lux/The Poro King (DE/RU),1,1,1
Senna/Veigar (BC/SI),Lux/The Poro King (DE/RU),1,1,1
Fizz/Yuumi (BC/FR),Lux/The Poro King (DE/RU),1,1,1
Lux/The Poro King (DE/RU),Rumble/Vayne (BC/DE),1,1,1
Lux/The Poro King (DE/RU),Hecarim/Zed (IO/SI),1,1,1
Lux/The Poro King (DE/RU),Sett/Trundle (FR/IO),1,1,1
Lux/The Poro King (DE/RU),Gwen/Zed (IO/SI),1,1,1
Lux/The Poro King (DE/RU),Anivia/Mordekaiser (FR/SI),1,1,1
Lux/The Poro King (DE/RU),Elder Dragon (RU/FR),1,1,1
Mordekaiser/Norra (BC/SI),Lux/The Poro King (DE/RU),1,1,1
Maokai/Nautilus (BW/SI),Sett (IO/SI),1,1,1
Maokai/Nautilus (BW/SI),Hecarim/Kalista (IO/SI),1,1,1
Maokai/Nautilus (BW/SI),Aurelion Sol (BC/MT),1,1,1
Maokai/Nautilus (BW/SI),Evelynn (RU/MT),1,1,1
Ryze (IO/RU),Maokai/Nautilus (BW/SI),1,1,1
Akshan/Varus (SH/RU),Caitlyn (NX/PZ),1,1,1
Swain/Yasuo (IO/NX),Akshan/Varus (SH/RU),1,1,1
Swain/Yasuo (IO/NX),Kayle (BW/MT),1,1,1
Swain/Yasuo (IO/NX),Aurelion Sol/Shyvana (DE/MT),1,1,1
Maokai/Nautilus (BW/SI),Darius/Gwen (NX/SI),1,1,1
Kayle (BW/MT),Championless (PZ/SI),1,1,1
Janna/Sett (IO/PZ),Gwen/Kalista (NX/SI),1,1,1
Miss Fortune/Twisted Fate (BW/NX),Azir/Kayle (MT/SH),1,1,1
Akshan/Udyr (FR/SH),Norra (BC/NX),1,1,1
Teemo (NX/PZ),Elder Dragon/Morgana (RU/DE),1,1,1
Elder Dragon/Volibear (RU/FR),Norra (BC/NX),1,1,1
Mordekaiser/Norra (BC/SI),Championless (SI),1,1,1
Mordekaiser/Norra (BC/SI),Aurelion Sol/Elder Dragon (RU/MT),1,1,1
Kindred/Nasus (SI/SH),Jhin/Kennen (IO/RU),1,1,1
Mordekaiser/Norra (BC/SI),Elder Dragon/Nidalee/Sivir (RU/SH),1,1,1
Mordekaiser/Norra (BC/SI),Bard/Norra (BC/RU),1,1,1
Mordekaiser/Norra (BC/SI),Teemo (BC/PZ),1,1,1
Mordekaiser/Norra (BC/SI),Jinx/Lulu (BC/PZ),1,1,1
Karma/Seraphine (IO/PZ),Mordekaiser/Norra (BC/SI),1,1,1
Mordekaiser/Norra (BC/SI),Norra/Zoe (BC/MT),1,1,1
Akshan/Varus (SH/RU),Mordekaiser/Norra (BC/SI),1,1,1
Jinx/Lulu (BC/PZ),Championless (SI),1,1,1
Karma/Sett (FR/IO),Jinx/Lulu (BC/PZ),1,1,1
Jarvan IV/Udyr (DE/FR),Jinx/Lulu (BC/PZ),1,1,1
Elder Dragon/Seraphine/Viktor (RU/PZ),Maokai/Nautilus (BW/SI),1,1,1
Elder Dragon/Seraphine/Viktor (RU/PZ),Miss Fortune/Quinn (BW/DE),1,1,1
Annie/Jhin (RU/NX),Ahri/Zoe (IO/MT),1,1,1
Ezreal/Seraphine (IO/PZ),Aurelion Sol (DE/MT),1,1,1
Nasus/Thresh (SI/SH),Ezreal/Seraphine (IO/PZ),1,1,1
Elder Dragon/Seraphine/Viktor (RU/PZ),Kennen/Poppy (BC/DE),1,1,1
Championless (SI),Elder Dragon/Seraphine/Viktor (RU/PZ),1,1,1
Jinx/Sion (NX/PZ),Championless (SI),1,1,1
Darius/Gnar (FR/NX),Gnar/Viktor (BC/PZ),1,1,1
Gnar/Viktor (BC/PZ),Neeko/Poppy (BC/RU),1,1,1
Gnar/Viktor (BC/PZ),Malphite/Yasuo (IO/MT),1,1,1
Gnar/Viktor (BC/PZ),Senna/Veigar (BC/SI),1,1,1
Gnar/Viktor (BC/PZ),Championless (SI),1,1,1
Elder Dragon/Mordekaiser/Viego (RU/SI),Caitlyn/Teemo (BC/PZ),1,1,1
Elder Dragon (RU/FR),Nilah/Twisted Fate (BW/PZ),1,1,1
Janna/Twisted Fate (BW/PZ),Nilah/Twisted Fate (BW/PZ),1,1,1
Nilah/Twisted Fate (BW/PZ),Norra/Viego (BC/SI),1,1,1
Poppy/Ziggs (BC/NX),Ekko (NX/PZ),1,1,1
Annie/Ezreal (NX/PZ),Aurelion Sol/Shyvana (DE/MT),1,1,1
Ryze (IO/RU),Caitlyn/Teemo (FR/PZ),1,1,1
Master Yi/Riven (IO/NX),Azir/Irelia (IO/SH),1,1,1
Akshan/Varus (SH/RU),Nasus/Senna (SI/SH),1,1,1
Akshan/Varus (SH/RU),Janna/Sett (IO/PZ),1,1,1
Maokai/Nautilus (BW/SI),Ashe/Tahm Kench (BW/FR),1,1,1
Senna/Veigar (BC/SI),Braum/Udyr (FR/MT),1,1,1
Janna/Sett (IO/PZ),Ashe/Tahm Kench (BW/FR),1,1,1
Draven/Jinx (NX/PZ),Hecarim/Thresh (IO/SI),1,1,1
Draven/Jinx (NX/PZ),Evelynn/Kayle (RU/MT),1,1,1
Gangplank/Thresh (BW/SI),Draven/Jinx (NX/PZ),1,1,1
Riven/Viktor (NX/PZ),Garen (DE/SH),1,1,1
Darius/Gnar (FR/NX),Riven/Viktor (NX/PZ),1,1,1
Annie/Gwen (NX/SI),Bard/Mordekaiser (RU/SI),1,1,1
Annie/Gwen (NX/SI),Elise (PZ/SI),1,1,1
Annie/Gwen (NX/SI),Gnar/Teemo (BC/PZ),1,1,1
Gwen/Teemo (PZ/SI),Annie/Jhin (RU/NX),1,1,1
Mordekaiser/Norra (BC/SI),Norra/Vex (BC/SI),1,1,1
Elder Dragon/Norra (RU/BC),Teemo/Yuumi (BC/MT),1,1,1
Teemo/Yuumi (BC/MT),Aatrox/Vayne (RU/DE),1,1,1
Teemo/Yuumi (BC/MT),Elder Dragon/Elise (RU/SI),1,1,1
Teemo/Yuumi (BC/MT),Bard/Mordekaiser (RU/SI),1,1,1
Teemo/Yuumi (BC/MT),Kalista/Maokai (BW/SI),1,1,1
Teemo/Yuumi (BC/MT),Braum/Garen (DE/FR),1,1,1
Teemo/Yuumi (BC/MT),Ashe (DE/FR),1,1,1
Annie/Jhin (RU/NX),The Poro King (RU/SI),1,1,1
Kindred/Viego (IO/SI),Annie/Jhin (RU/NX),1,1,1
Annie/Jhin (RU/NX),Riven/Viktor (NX/PZ),1,1,1
Riven/Viktor (NX/PZ),Elder Dragon/Volibear (RU/FR),1,1,1
Senna/Veigar (BC/SI),Poppy/Ziggs (BC/NX),1,1,1
Poppy/Ziggs (BC/NX),Kindred/Mordekaiser (SI),1,1,1
Poppy/Ziggs (BC/NX),Ashe/LeBlanc (FR/NX),1,1,1
Nocturne/Vex (PZ/SI),Lillia/Lux: Illuminated (DE/IO),1,1,1
Championless (NX/SI),Nocturne/Vex (PZ/SI),1,1,1
Nocturne/Vex (PZ/SI),Sejuani/Teemo (BC/FR),1,1,1
Teemo (NX/PZ),Nocturne/Vex (PZ/SI),1,1,1
Nocturne/Vex (PZ/SI),Caitlyn/Teemo (BC/PZ),1,1,1
Nocturne/Vex (PZ/SI),Ekko/Zilean (PZ/SH),1,1,1
Nocturne/Vex (PZ/SI),Braum/Kayle (FR/MT),1,1,1
Nocturne/Vex (PZ/SI),Annie/Gwen (NX/SI),1,1,1
Kindred/Nasus (SI/SH),Nocturne/Vex (PZ/SI),1,1,1
Maokai/Nautilus (BW/SI),Garen/Jarvan IV (DE/SH),1,1,1
Maokai/Nautilus (BW/SI),Bard/Mordekaiser (RU/SI),1,1,1
Pyke/Rek'Sai (BW/SH),Ashe/Jhin (FR/RU),1,1,1
Pyke/Rek'Sai (BW/SH),Aurelion Sol/Lissandra (FR/MT),1,1,1
Poppy/Ziggs (BC/NX),Aphelios/Seraphine (MT/PZ),1,1,1
Maokai/Nautilus (BW/SI),Championpile (FR/MT),1,1,1
Teemo/Zoe (MT/PZ),Pyke/Rek'Sai (BW/SH),1,1,1
Elder Dragon/Seraphine/Viktor (RU/PZ),Championless (FR/SI),1,1,1
Lux (DE/PZ),Championless (FR/SI),1,1,1
Championless (FR/SI),Braum/Elise (FR/SI),1,1,1
Championless (FR/SI),Championpile/Elder Dragon (RU/NX),1,1,1
Gangplank/Sejuani (BW/FR),Swain/Vi (NX/PZ),1,1,1
Gangplank/Sejuani (BW/FR),Karma/Sett (IO/PZ),1,1,1
Gangplank/Sejuani (BW/FR),Soraka/Tahm Kench (BW/MT),1,1,1
Gangplank/Sejuani (BW/FR),Akshan/Pantheon (MT/SH),1,1,1
Gangplank/Sejuani (BW/FR),Morgana/Udyr (DE/FR),1,1,1
Gangplank/Sejuani (BW/FR),Hecarim/Zed (IO/SI),1,1,1
Gangplank/Sejuani (BW/FR),Kalista/Nasus (SI/SH),1,1,1
Gangplank/Sejuani (BW/FR),Rumble/Sion (BC/NX),1,1,1
Darius/Gnar (FR/NX),Gangplank/Sejuani (BW/FR),1,1,1
Gangplank/Sejuani (BW/FR),Azir/Lucian (DE/SH),1,1,1
Gangplank/Sejuani (BW/FR),Elise/Nocturne (NX/SI),1,1,1
Gangplank/Sejuani (BW/FR),Elder Dragon/Mordekaiser/Viego (RU/SI),1,1,1
Jack/Sett (BW/IO),Ashe (FR/PZ),1,1,1
Elder Dragon/Norra (RU/BC),Volibear (FR/SI),1,1,1
Volibear (FR/SI),Pyke/Rek'Sai (BW/SH),1,1,1
Soraka/Tahm Kench (BW/MT),Lillia/Lux: Illuminated (DE/IO),1,1,1
Caitlyn/Teemo (BC/PZ),Nasus/Thresh (SI/SH),1,1,1
Nasus/Thresh (SI/SH),Braum/Kayle (FR/MT),1,1,1
Akshan/Nasus (SI/SH),Kayle (BW/MT),1,1,1
Janna/Sett (IO/PZ),Akshan/Nasus (SI/SH),1,1,1
Akshan/Nasus (SI/SH),Maokai/Nautilus (BW/SI),1,1,1
Akshan/Morgana (DE/SH),Jax/Vayne (DE/RU),1,1,1
Jax/Vayne (DE/RU),Championless (BC/SI),1,1,1
Maokai/Nautilus (BW/SI),Janna/Lillia (IO/PZ),1,1,1
Janna/Lillia (IO/PZ),Championless (PZ/SI),1,1,1
Jax/Vayne (DE/RU),Braum/Lillia (FR/IO),1,1,1
Jax/Vayne (DE/RU),Kayle (FR/MT),1,1,1
Jax/Vayne (DE/RU),Jayce/Lux (DE/PZ),1,1,1
Maokai/Nautilus (BW/SI),Janna/Vi (IO/PZ),1,1,1
Akshan/Sivir (FR/SH),Aphelios/Fizz (BC/MT),1,1,1
Aatrox (RU/BW),Nasus/Thresh (SI/SH),1,1,1
Aatrox (RU/BW),Kayle (BW/MT),1,1,1
Gwen/Kalista (NX/SI),Akshan/Varus (SH/RU),1,1,1
Championless (SI),Akshan/Morgana (MT/SH),1,1,1
Janna/Sett (IO/PZ),Championless (SI),1,1,1
Maokai (BW/SI),Ashe/LeBlanc (FR/NX),1,1,1
Gangplank/Sejuani (BW/FR),Ryze (RU/SH),1,1,1
Gangplank/Sejuani (BW/FR),Lux: Illuminated/Vex (BC/DE),1,1,1
Evelynn/Kayle (RU/MT),Gangplank/Sejuani (BW/FR),1,1,1
Gangplank/Sejuani (BW/FR),Garen/Lucian (DE/IO),1,1,1
Gangplank/Sejuani (BW/FR),Fiora (DE/SH),1,1,1
Gangplank/Sejuani (BW/FR),Katarina/Yasuo (IO/NX),1,1,1
Gangplank/Sejuani (BW/FR),Ezreal/Nilah (BW/PZ),1,1,1
Championless (NX/SH),Annie/Jhin (RU/NX),1,1,1
Annie/Jhin (RU/NX),Mordekaiser (BW/SI),1,1,1
Xerath/Ziggs (BC/SH),Annie/Jhin (RU/NX),1,1,1
Malphite/Yasuo (IO/MT),Kai'Sa/Sivir (DE/SH),1,1,1
Rumble/Sion (BC/NX),Jack/Sett (BW/IO),1,1,1
Malphite/Yasuo (IO/MT),Morgana/Taric (MT/PZ),1,1,1
Ashe/Janna (FR/PZ),Malphite/Yasuo (IO/MT),1,1,1
Janna (FR/PZ),Malphite/Yasuo (IO/MT),1,1,1
Malphite/Yasuo (IO/MT),Championless (PZ/SI),1,1,1
Kalista/Nasus (SI/SH),Malphite/Yasuo (IO/MT),1,1,1
Akshan/Varus (SH/RU),Galio/Poppy (DE/MT),1,1,1
LeBlanc/Sion (NX/SI),Akshan/Varus (SH/RU),1,1,1
Maokai/Nautilus (BW/SI),Championpile (FR/SH),1,1,1
Championless (BW/FR),Senna/Veigar (BC/SI),1,1,1
Fizz/Yuumi (BC/FR),Galio/Soraka (DE/MT),1,1,1
Fizz/Yuumi (BC/FR),Soraka/Tahm Kench (BW/MT),1,1,1
Fizz/Yuumi (BC/FR),Gnar/Zed (FR/IO),1,1,1
Trundle (FR/PZ),Fizz/Yuumi (BC/FR),1,1,1
Fizz/Yuumi (BC/FR),Akshan/Mordekaiser (SI/SH),1,1,1
Fizz/Yuumi (BC/FR),Darius/Jinx (NX/PZ),1,1,1
Fizz/Yuumi (BC/FR),Aurelion Sol/Zoe (FR/MT),1,1,1
Fizz/Yuumi (BC/FR),Garen/Jarvan IV (DE),1,1,1
Fizz/Yuumi (BC/FR),Nami/Samira (BW/NX),1,1,1
Ezreal/Karma (IO/PZ),Karma/Sett (FR/IO),1,1,1
Bard/Illaoi (RU/BW),Mordekaiser/Norra (BC/SI),1,1,1
Mordekaiser/Norra (BC/SI),Kayle/Lux: Illuminated (DE/MT),1,1,1
Fizz/Lee Sin (BC/IO),Braum/The Poro King (FR/RU),1,1,1
Fizz/Lee Sin (BC/IO),Norra/Yuumi (BC/IO),1,1,1
Trundle/Volibear (DE/FR),Ezreal/Karma (IO/PZ),1,1,1
Ezreal/Karma (IO/PZ),Swain (FR/NX),1,1,1
Akshan/Morgana (MT/SH),Akshan/Varus (SH/RU),1,1,1
Jayce/Lux (DE/PZ),Jayce/Viktor (BC/PZ),1,1,1
Elder Dragon/Lissandra/Volibear (RU/FR),Azir/Irelia (IO/SH),1,1,1
Azir/Irelia (IO/SH),Zed (DE/IO),1,1,1
Poppy/Ziggs (BC/NX),Aurelion Sol/Bard (RU/MT),1,1,1
Poppy/Ziggs (BC/NX),Kalista (BW/SI),1,1,1
Gnar/Sejuani (FR/PZ),Aurelion Sol/Shyvana (DE/MT),1,1,1
Gnar/Sejuani (FR/PZ),Kayle (BW/MT),1,1,1
Caitlyn/Jack (BW/PZ),Akshan/Varus (SH/RU),1,1,1
Maokai/Nautilus (BW/SI),Gwen/Illaoi (BW/SI),1,1,1
Maokai/Nautilus (BW/SI),Gnar/Sejuani (FR/PZ),1,1,1
Gnar/Sejuani (FR/PZ),Gangplank/Sejuani (BW/FR),1,1,1
Gnar/Sejuani (FR/PZ),Azir/Xerath (SH),1,1,1
Renekton (DE/SH),Gangplank/Twisted Fate (BW/NX),1,1,1
Gangplank/Twisted Fate (BW/NX),Janna/Seraphine (MT/PZ),1,1,1
Gangplank/Twisted Fate (BW/NX),Championless (SI),1,1,1
Gangplank/Twisted Fate (BW/NX),Ashe (FR),1,1,1
Gangplank/Twisted Fate (BW/NX),Kindred/Nasus (SI/SH),1,1,1
Championless (DE/FR),Gangplank/Twisted Fate (BW/NX),1,1,1
Gangplank/Twisted Fate (BW/NX),Championless (FR/SI),1,1,1
Vex (SI),Gangplank/Twisted Fate (BW/NX),1,1,1
Samira/Twisted Fate (BW/NX),Gangplank/Twisted Fate (BW/NX),1,1,1
Gangplank/Twisted Fate (BW/NX),Viktor/Zoe (MT/PZ),1,1,1
Gangplank/Twisted Fate (BW/NX),Galio/Volibear (DE/FR),1,1,1
Annie/Jhin (RU/NX),Gangplank/Twisted Fate (BW/NX),1,1,1
Kayle (BW/MT),Jax/Vayne (DE/RU),1,1,1
Darius/Gnar (FR/NX),Galio/Garen (DE/IO),1,1,1
Elder Dragon/Tryndamere/Volibear (RU/FR),Karma/Sett (FR/IO),1,1,1
Karma/Sett (FR/IO),Gnar/Teemo (BC/PZ),1,1,1
Poppy (BC/NX),Karma/Sett (FR/IO),1,1,1
Karma/Sett (FR/IO),The Poro King/Yuumi (MT/RU),1,1,1
Karma/Sett (FR/IO),Renekton/Xerath (SH),1,1,1
Karma/Sett (FR/IO),Jayce/Lux (DE/PZ),1,1,1
Nami/Samira (BW/NX),Karma/Sett (FR/IO),1,1,1
Gwen/Hecarim (IO/SI),Karma/Sett (FR/IO),1,1,1
Braum/Trundle (FR/SI),Caitlyn/Teemo (FR/PZ),1,1,1
Heimerdinger/Viktor (IO/PZ),Teemo (BC/PZ),1,1,1
Elder Dragon/Morgana/Shyvana (RU/DE),Hecarim/Zed (IO/SI),1,1,1
Bard/Mordekaiser (RU/SI),Heimerdinger/Viktor (IO/PZ),1,1,1
Zilean (BW/SH),Hecarim/Zed (IO/SI),1,1,1
Teemo (BC/SH),Rumble/Sion (BC/NX),1,1,1
Ryze (IO/RU),Akshan/Fiora (DE/SH),1,1,1
Elder Dragon/Lissandra (RU/FR),Akshan/Fiora (DE/SH),1,1,1
Akshan/Fiora (DE/SH),Mordekaiser/Norra (BC/SI),1,1,1
Akshan/Fiora (DE/SH),Pyke/Rek'Sai (BW/SH),1,1,1
Akshan/Fiora (DE/SH),Elder Dragon/Galio/Morgana (RU/DE),1,1,1
Annie/Jhin (RU/NX),Akshan/Fiora (DE/SH),1,1,1
Akshan/Sivir (FR/SH),Akshan/Fiora (DE/SH),1,1,1
Akshan/Fiora (DE/SH),Draven (NX/PZ),1,1,1
Elder Dragon/Norra/Vex (RU/BC),Championless (BW/SI),1,1,1
Elder Dragon/Norra/Vex (RU/BC),Elder Dragon/Volibear (RU/FR),1,1,1
Elder Dragon/Norra (RU/BC),Elder Dragon/Norra/Vex (RU/BC),1,1,1
Elder Dragon/Norra/Vex (RU/BC),Bard/Janna (RU/PZ),1,1,1
Taliyah/Zilean (IO/SH),Elder Dragon/Norra/Vex (RU/BC),1,1,1
Samira/Zoe (MT/NX),Elder Dragon/Norra/Vex (RU/BC),1,1,1
Senna (PZ/SI),Akshan/Lee Sin (IO/SH),1,1,1
Morgana/Riven (MT/NX),Akshan/Lee Sin (IO/SH),1,1,1
Illaoi/Ornn (BW/FR),Akshan/Varus (SH/RU),1,1,1
Akshan/Varus (SH/RU),Shen/Sivir (IO/SH),1,1,1
Azir/Xerath (SH),Aurelion Sol/Shyvana (DE/MT),1,1,1
Azir/Xerath (SH),Fizz/Nami (BW/SI),1,1,1
Azir/Xerath (SH),Elder Dragon/Galio/Morgana (RU/DE),1,1,1
Ezreal/Seraphine (IO/PZ),Heimerdinger/Viktor (IO/PZ),1,1,1
Ezreal/Seraphine (IO/PZ),Vayne (BW/DE),1,1,1
Teemo/Zoe (MT/PZ),Kai'Sa/Viktor (PZ/SH),1,1,1
Maokai/Nautilus (BW/SI),Aatrox (RU/BW),1,1,1
Janna/Karma (IO/PZ),Master Yi/Zilean (IO/SH),1,1,1
Azir/Irelia (IO/SH),Azir/Nasus/Xerath (SH),1,1,1
Championless (SI),Jack/Lillia (BW/IO),1,1,1
Braum/Lillia (FR/IO),Aatrox/Kayn (RU/RU),1,1,1
Morgana/Riven (MT/NX),Galio/Udyr (DE/FR),1,1,1
Ashe (FR/PZ),Morgana/Riven (MT/NX),1,1,1
Morgana/Riven (MT/NX),Jack/Sett (BW/IO),1,1,1
Garen (DE/SH),Morgana/Riven (MT/NX),1,1,1
Caitlyn/Teemo (BC/PZ),Braum/Yuumi/Zoe (FR/MT),1,1,1
Pyke/Rek'Sai (BW/SH),Darius/Miss Fortune (BW/NX),1,1,1
Caitlyn/Teemo (BC/PZ),Akshan/Sivir (FR/SH),1,1,1
Janna/Sett (IO/PZ),Championless (PZ/SI),1,1,1
Darius/Gnar (FR/NX),Morgana/Taric (MT/PZ),1,1,1
Akshan/Varus (SH/RU),Ashe/Tahm Kench (BW/FR),1,1,1
Jinx/Sion (NX/PZ),Norra/Teemo (BC/PZ),1,1,1
Kayle (FR/MT),Norra/Teemo (BC/PZ),1,1,1
Ezreal/Fizz (BC/PZ),Norra/Teemo (BC/PZ),1,1,1
Malphite/Yasuo (IO/MT),Gnar/Neeko (FR/RU),1,1,1
Malphite/Yasuo (IO/MT),Ashe/Tahm Kench (BW/FR),1,1,1
Malphite/Yasuo (IO/MT),Braum/Lillia (FR/IO),1,1,1
Azir/Irelia (IO/SH),Gwen/Zed (IO/SI),1,1,1
Elder Dragon/Galio/Morgana (RU/DE),Norra/Zoe (BC/MT),1,1,1
Ezreal/Nilah (BW/PZ),Elder Dragon/Galio/Morgana (RU/DE),1,1,1
Elder Dragon/Galio/Morgana (RU/DE),Zoe (FR/MT),1,1,1
Elder Dragon/Galio/Morgana (RU/DE),Bard/Norra (BC/RU),1,1,1
Elder Dragon/Galio/Morgana (RU/DE),Kalista/Nasus (SI/SH),1,1,1
Senna/Veigar (BC/SI),Nasus/Thresh (SI/SH),1,1,1
Aatrox (RU/BW),Gangplank/Sejuani (BW/FR),1,1,1
Seraphine/Viktor (BW/PZ),Sejuani/Teemo (FR/PZ),1,1,1
Ashe/Tahm Kench (BW/FR),Garen (DE/SH),1,1,1
Ashe/Caitlyn (FR/PZ),Jax/Tristana (BC/RU),1,1,1
Championless (SI),Sett/Yasuo (IO),1,1,1
Udyr/Vayne (DE/FR),Braum/Lillia (FR/IO),1,1,1
Kayle (BW/MT),Championless (BC/SI),1,1,1
Championless (BC/SI),Senna/Veigar (PZ/SI),1,1,1
Ryze (RU/SH),Caitlyn/Teemo (BC/PZ),1,1,1
Hecarim/Zed (IO/SI),Ryze (RU/SH),1,1,1
Ryze (RU/SH),Fizz/Twisted Fate (BW/PZ),1,1,1
Karma/Sett (FR/IO),Aurelion Sol/Zoe (FR/MT),1,1,1
Mordekaiser/Senna (SI/SH),Mordekaiser/Norra (BC/SI),1,1,1
Taliyah/Zilean (IO/SH),Viego (IO/SI),1,1,1
Taliyah/Ziggs (BC/SH),Taliyah/Zilean (IO/SH),1,1,1
Taliyah/Zilean (IO/SH),Nocturne/Vex (PZ/SI),1,1,1
Lux: Illuminated/Vex (BC/DE),Taliyah/Zilean (IO/SH),1,1,1
Taliyah/Zilean (IO/SH),Akshan/Karma (IO/SH),1,1,1
Vayne/Zed (DE/IO),Elder Dragon/Volibear (RU/FR),1,1,1
Annie/Jhin (RU/NX),Kindred/Viego (SI/SH),1,1,1
Elder Dragon/Volibear (RU/FR),Ryze (RU/SI),1,1,1
Elder Dragon/Volibear (RU/FR),Draven (NX/PZ),1,1,1
Elder Dragon/Elise (RU/SI),Braum (DE/FR),1,1,1
Braum (DE/FR),Elder Dragon/Volibear (RU/FR),1,1,1
Braum (DE/FR),Pyke/Rek'Sai (BW/SH),1,1,1
Nasus (SI/SH),Anivia (FR/SI),1,1,1
Anivia (FR/SI),Braum (DE/FR),1,1,1
Karma/Lux (DE/IO),Braum (DE/FR),1,1,1
Braum (DE/FR),Aurelion Sol/Zoe (MT/PZ),1,1,1
Braum (DE/FR),Soraka/Tahm Kench (BW/MT),1,1,1
Ashe (FR/IO),Braum (DE/FR),1,1,1
Annie/Jhin (RU/NX),Braum (DE/FR),1,1,1
Braum (DE/FR),Championless (PZ/SI),1,1,1
Hecarim (IO/SI),Karma/Seraphine/Sett (IO/PZ),1,1,1
Rumble/Sion (BC/NX),Hecarim (IO/SI),1,1,1
Hecarim (IO/SI),Ezreal/Karma (IO/PZ),1,1,1
Ezreal/Karma (IO/PZ),Aatrox/Kayn (RU/RU),1,1,1
Jhin/Yasuo (IO/RU),Ezreal/Karma (IO/PZ),1,1,1
Ezreal/Karma (IO/PZ),Ashe/Nasus (FR/SH),1,1,1
Teemo (NX/PZ),Ezreal/Karma (IO/PZ),1,1,1
Ezreal/Karma (IO/PZ),Kindred/Viego (SI/SH),1,1,1
Akshan (PZ/SH),Aurelion Sol/Shyvana (DE/MT),1,1,1
Akshan/Teemo (BC/SH),The Poro King (FR/RU),1,1,1
Gnar/Neeko (FR/RU),Ezreal/Karma (IO/PZ),1,1,1
Fiora/Shen (DE/IO),Ezreal/Karma (IO/PZ),1,1,1
Ezreal/Karma (IO/PZ),Zilean (PZ/SH),1,1,1
Jack/Vi (BW/PZ),Ezreal/Karma (IO/PZ),1,1,1
Riven/Viktor (NX/PZ),Taliyah/Zilean (IO/SH),1,1,1
Akshan/Taric (MT/SH),Aphelios/Viktor (MT/PZ),1,1,1
Darius/Gwen (NX/SI),Riven/Viktor (NX/PZ),1,1,1
Akshan/Varus (SH/RU),Riven/Viktor (NX/PZ),1,1,1
Rumble/Sion (BC/NX),Jack/Lillia (BW/IO),1,1,1
Kayle (BW/MT),Rumble/Sion (BC/NX),1,1,1
Hecarim (IO/SI),Sett/Trundle (FR/IO),1,1,1
Maokai/Nautilus (BW/SI),Sett/Trundle (FR/IO),1,1,1
Sett/Trundle (FR/IO),Ashe/Garen (DE/FR),1,1,1
Sett/Trundle (FR/IO),Evelynn/Viego (RU/SI),1,1,1
Sett/Trundle (FR/IO),Lissandra/Trundle (FR/SI),1,1,1
Sett/Trundle (FR/IO),Aphelios/Viktor (MT/PZ),1,1,1
Sett/Trundle (FR/IO),Mordekaiser/Viego (FR/SI),1,1,1
Evelynn/Nidalee (RU/SH),Sett/Trundle (FR/IO),1,1,1
Sett/Trundle (FR/IO),Malphite/Taliyah (MT/SH),1,1,1
Sett/Trundle (FR/IO),Evelynn/Kai'Sa (RU/SH),1,1,1
Sett/Trundle (FR/IO),Jinx/Lulu (BC/PZ),1,1,1
Sett/Trundle (FR/IO),Karma/Master Yi/Seraphine (IO/PZ),1,1,1
Sett/Trundle (FR/IO),Tryndamere (FR/SI),1,1,1
Sett/Trundle (FR/IO),Hecarim/Kalista (IO/SI),1,1,1
Sett/Trundle (FR/IO),Taliyah/Zilean (IO/SH),1,1,1
Ornn/Sejuani (FR),Rumble/Sion (BC/NX),1,1,1
Jack/Sett (BW/IO),Jayce/Viktor (BC/PZ),1,1,1
Elder Dragon/Mordekaiser/Viego (RU/SI),Gnar/Teemo (BC/PZ),1,1,1
Akshan/Varus (SH/RU),Gwen/Mordekaiser (SI/SH),1,1,1
Teemo (BC/PZ),Braum/Lillia (FR/IO),1,1,1
Aatrox (RU/BW),LeBlanc/Udyr (FR/NX),1,1,1
Gangplank/Swain (BW/NX),Elder Dragon/Volibear (RU/FR),1,1,1
Elder Dragon/Volibear (RU/FR),Gnar/Nidalee (BC/SH),1,1,1
Elder Dragon/Volibear (RU/FR),Ornn/Vayne (DE/FR),1,1,1
Teemo/Zoe (MT/PZ),Bard/Mordekaiser (RU/SI),1,1,1
Teemo/Zoe (MT/PZ),Vex (BC/SI),1,1,1
Garen/Udyr (DE/FR),Teemo/Zoe (MT/PZ),1,1,1
Morgana/Udyr (DE/FR),Teemo/Zoe (MT/PZ),1,1,1
Teemo/Zoe (MT/PZ),Jayce/Lux (DE/PZ),1,1,1
Gnar/Teemo (BC/PZ),Teemo/Zoe (MT/PZ),1,1,1
Teemo/Zoe (MT/PZ),Ashe/Jhin (FR/RU),1,1,1
Teemo/Zoe (MT/PZ),Maokai/Nautilus (BW/SI),1,1,1
Teemo/Zoe (MT/PZ),Rumble/Sion (BC/NX),1,1,1
Ashe/LeBlanc (FR/NX),Teemo/Zoe (MT/PZ),1,1,1
Poppy/Ziggs (BC/NX),Teemo/Zoe (MT/PZ),1,1,1
Katarina/Yasuo (IO/NX),Teemo/Zoe (MT/PZ),1,1,1
Yasuo (IO/NX),Darius/Gnar (FR/NX),1,1,1
Elder Dragon/Seraphine/Viktor (RU/PZ),Gangplank/Miss Fortune (BW/NX),1,1,1
Gwen/Vayne (DE/SI),Senna/Veigar (BC/SI),1,1,1
Ashe/LeBlanc (FR/NX),Aphelios/Jack (BW/MT),1,1,1
Caitlyn/Teemo (BC/PZ),Kalista (SI),1,1,1
Caitlyn/Teemo (BC/PZ),Gangplank/Swain (BW/NX),1,1,1
Caitlyn/Teemo (BC/PZ),Lillia/Lux: Illuminated (DE/IO),1,1,1
Akshan/Udyr (FR/SH),Elise (FR/SI),1,1,1
Elise (FR/SI),Nami/Samira (BW/NX),1,1,1
Elise (FR/SI),Karma/Sett (IO/MT),1,1,1
Jinx/Lulu (BC/PZ),Zed (IO/SI),1,1,1
Azir/Irelia (IO/SH),Evelynn/Kai'Sa (RU/SH),1,1,1
Evelynn/Kai'Sa (RU/SH),Azir/Renekton (SH),1,1,1
Bard/Illaoi (RU/BW),Anivia/Tryndamere (FR/SI),1,1,1
Elder Dragon/Volibear (RU/FR),Jax/Ornn (FR/RU),1,1,1
Mordekaiser/Viego (IO/SI),Master Yi (FR/IO),1,1,1
Mordekaiser/Viego (IO/SI),Darius/Jinx (NX/PZ),1,1,1
Ekko/Jinx (PZ/SH),LeBlanc/Mordekaiser (FR/NX),1,1,1
Elder Dragon (RU/FR),LeBlanc/Mordekaiser (FR/NX),1,1,1
LeBlanc/Mordekaiser (FR/NX),Azir/Irelia (IO/SH),1,1,1
Renekton (BW/SH),Rek'Sai (NX/SH),1,1,1
Rek'Sai (NX/SH),Caitlyn/Teemo (BC/PZ),1,1,1
Azir/Irelia (IO/SH),Kayle/Zoe (BW/MT),1,1,1
Rek'Sai (NX/SH),Ekko/Zilean (PZ/SH),1,1,1
Nasus (SI/SH),Maokai/Nautilus (BW/SI),1,1,1
Janna/Sett (IO/PZ),Akshan/Lee Sin (IO/SH),1,1,1
Championless (MT/SI),Akshan/Lee Sin (IO/SH),1,1,1
Elder Dragon/Volibear (RU/FR),Fizz/Nami (BW/SI),1,1,1
Elder Dragon/Volibear (RU/FR),Evelynn/Kindred (RU/SI),1,1,1
Elder Dragon/Volibear (RU/FR),Braum/Poppy (DE/FR),1,1,1
Elder Dragon/Volibear (RU/FR),Shyvana (DE/MT),1,1,1
Akshan/Varus (SH/RU),Elder Dragon/Volibear (RU/FR),1,1,1
Akshan/Varus (SH/RU),Tryndamere (FR),1,1,1
Neeko/Poppy (DE/RU),Ashe (FR/PZ),1,1,1
Sett (IO/PZ),Championless (SI),1,1,1
Galio/Poppy (DE/MT),Akshan/Lee Sin (IO/SH),1,1,1
Braum/Lillia (FR/IO),Jack/Lillia (BW/IO),1,1,1
Senna/Veigar (PZ/SI),Galio/Garen (DE/IO),1,1,1
Karma/Sett (FR/IO),Gwen/Katarina (NX/SI),1,1,1
Heimerdinger/Viktor (BC/PZ),Draven/Jinx (NX/PZ),1,1,1
Anivia (FR/SI),Kayle/Lux: Illuminated (DE/MT),1,1,1
Ashe/Braum (FR/SI),Shyvana/Vayne (DE/MT),1,1,1
Heimerdinger/Jayce (PZ/SI),Shyvana/Vayne (DE/MT),1,1,1
Shyvana/Vayne (DE/MT),Gnar (BC/NX),1,1,1
Azir/Irelia (IO/SH),Shyvana/Vayne (DE/MT),1,1,1
Elder Dragon/Mordekaiser/Viego (RU/SI),Shyvana/Vayne (DE/MT),1,1,1
Annie/Miss Fortune (BW/NX),Teemo (BC/PZ),1,1,1
Caitlyn/Teemo (BC/PZ),Nautilus (BW/SI),1,1,1
Seraphine (BC/PZ),Ashe/Ezreal (FR/PZ),1,1,1
Malphite/Yasuo (IO/MT),Jack/Sett (BW/IO),1,1,1
Ashe/LeBlanc (FR/NX),Lulu/Tahm Kench (BW/IO),1,1,1
Garen (DE/SH),Kayle (BW/MT),1,1,1
Riven/Viktor (NX/PZ),Ashe/Janna (FR/PZ),1,1,1
Gnar/Swain (BC/NX),Akshan/Varus (SH/RU),1,1,1
Akshan/Riven (NX/SH),Gnar/Swain (BC/NX),1,1,1
Aurelion Sol/Shyvana (DE/MT),Heimerdinger/Zoe (MT/PZ),1,1,1
Heimerdinger/Viktor (IO/PZ),Mordekaiser/Viego (SI),1,1,1
Heimerdinger/Viktor (IO/PZ),Kalista/Lissandra/Udyr (FR/SI),1,1,1
Heimerdinger/Viktor (IO/PZ),Pyke/Rek'Sai (BW/SH),1,1,1
Heimerdinger/Viktor (IO/PZ),Bard/Ornn (RU/FR),1,1,1
Elder Dragon/Morgana (RU/DE),Karma/Lux (DE/IO),1,1,1
Elder Dragon/Morgana (RU/DE),Aphelios/Seraphine (MT/PZ),1,1,1
Elder Dragon/Morgana (RU/DE),Teemo (BC/PZ),1,1,1
Elder Dragon/Morgana (RU/DE),Elder Dragon/Morgana/Shyvana (RU/DE),1,1,1
Elder Dragon/Morgana (RU/DE),Bard (RU/IO),1,1,1
Elder Dragon/Morgana (RU/DE),Malphite/Taliyah (MT/SH),1,1,1
Norra/Zoe (BC/MT),Poppy/Ziggs (BC/NX),1,1,1
Nasus/Thresh (SI/SH),Braum/Yuumi/Zoe (FR/MT),1,1,1
Elder Dragon/Morgana (RU/DE),Championless (SI),1,1,1
Elder Dragon/Norra/Vex (RU/BC),Fizz/Nami (BW/SI),1,1,1
Lulu/Zed (BC/IO),Janna/Sett (IO/PZ),1,1,1
Azir/Irelia (IO/SH),Lulu/Zed (BC/IO),1,1,1
Lulu/Zed (BC/IO),Senna (BC/SI),1,1,1
Braum (FR),Lulu/Zed (BC/IO),1,1,1
Lulu/Zed (BC/IO),Championpile (MT/PZ),1,1,1
Gangplank/Swain (BW/NX),Gangplank/Miss Fortune/Sejuani (BW/FR),1,1,1
Jack (BW/IO),Gangplank/Swain (BW/NX),1,1,1
Championless (SI),Aphelios/Yasuo (IO/MT),1,1,1
Maokai/Nautilus (BW/SI),Akshan/Lee Sin (IO/SH),1,1,1
Lulu/Shen (DE/IO),Jack/Sett (BW/IO),1,1,1
Darius/Gnar (FR/NX),Jayce/Lux (DE/PZ),1,1,1
Elder Dragon/Norra (RU/BC),Morgana (DE/SI),1,1,1
Garen/Udyr (DE/FR),Elder Dragon/Norra (RU/BC),1,1,1
Elder Dragon/Norra (RU/BC),Elder Dragon/Elise (RU/SI),1,1,1
Elder Dragon/Norra (RU/BC),Jinx (PZ/SH),1,1,1
Elder Dragon/Norra (RU/BC),Hecarim/Sion (NX/SI),1,1,1
Championless (SI),Elder Dragon/Norra (RU/BC),1,1,1
Elder Dragon/Norra (RU/BC),Janna/Teemo (BC/PZ),1,1,1
Gangplank/Sejuani (BW/FR),Braum (FR),1,1,1
Gangplank/Sejuani (BW/FR),Karma/Master Yi/Nami (BW/IO),1,1,1
Elder Dragon/Shyvana (RU/DE),Gangplank/Sejuani (BW/FR),1,1,1
Caitlyn/Teemo (FR/PZ),Gangplank/Sejuani (BW/FR),1,1,1
Leona/Ryze (MT/RU),Gangplank/Sejuani (BW/FR),1,1,1
LeBlanc/Sivir (NX/SH),Gangplank/Sejuani (BW/FR),1,1,1
Azir (MT/SH),Gangplank/Sejuani (BW/FR),1,1,1
Pantheon/Varus (MT/RU),Gangplank/Sejuani (BW/FR),1,1,1
Gangplank/Sejuani (BW/FR),Fiora/Shen (DE/IO),1,1,1
Gangplank/Sejuani (BW/FR),Draven/Jinx (NX/PZ),1,1,1
Elder Dragon/Galio/Morgana (RU/DE),Akshan/Master Yi (IO/SH),1,1,1
Akshan/Master Yi (IO/SH),Elder Dragon/Morgana (RU/DE),1,1,1
Championless (SI/SH),Maokai/Nautilus (BW/SI),1,1,1
Championless (SI/SH),Aatrox/Morgana/Vayne (RU/DE),1,1,1
Nasus/Thresh (SI/SH),Ashe/LeBlanc (FR/NX),1,1,1
Maokai/Nautilus (BW/SI),Rumble/Sion (BC/NX),1,1,1
Gwen/Kalista (NX/SI),Maokai/Nautilus (BW/SI),1,1,1
Kayle (BW/MT),Lux/Sivir (DE/SH),1,1,1
Galio/Udyr (DE/FR),Garen (DE/SH),1,1,1
Galio/Garen (DE/FR),Maokai/Nautilus (BW/SI),1,1,1
Ashe (FR/PZ),Morgana/Taric (MT/PZ),1,1,1
Ashe (FR/PZ),Akshan/Illaoi (BW/SH),1,1,1
Annie/Jhin (RU/NX),Ryze (MT/RU),1,1,1
Heimerdinger/Viktor (IO/PZ),Mordekaiser/Viego (MT/SI),1,1,1
Rumble/Sion (BC/NX),Mordekaiser/Viego (MT/SI),1,1,1
Mordekaiser/Viego (MT/SI),Pyke/Rek'Sai (BW/SH),1,1,1
Mordekaiser/Viego (MT/SI),Kalista/Viego (IO/SI),1,1,1
Mordekaiser/Viego (MT/SI),Azir/Irelia (IO/SH),1,1,1
Championless (BC/SH),Caitlyn/Teemo (FR/PZ),1,1,1
Seraphine/Sett (IO/PZ),Caitlyn/Teemo (FR/PZ),1,1,1
Championless (SI),Akshan/Morgana (DE/SH),1,1,1
Sett/Viktor (IO/PZ),Championless (SI),1,1,1
Championless (BC/SH),Jack/Sett (BW/IO),1,1,1
Evelynn/Mordekaiser (RU/SI),Jack/Sett (BW/IO),1,1,1
Jack/Sett (BW/IO),Elise (NX/SI),1,1,1
Elder Dragon/Lissandra/Trundle/Volibear (RU/FR),Jack/Sett (BW/IO),1,1,1
Jack/Sett (BW/IO),Tryndamere (DE/FR),1,1,1
Ashe/Caitlyn (FR/PZ),Maokai/Nautilus (BW/SI),1,1,1
Norra/Zoe (BC/MT),Bard/Mordekaiser (RU/SI),1,1,1
Bard/Mordekaiser (RU/SI),Gnar/Teemo (BC/PZ),1,1,1
Bard/Mordekaiser (RU/SI),Teemo (BC/PZ),1,1,1
Senna/Veigar (BC/SI),Bard/Mordekaiser (RU/SI),1,1,1
Trundle/Tryndamere (FR/IO),Bard/Mordekaiser (RU/SI),1,1,1
Kayle (BW/MT),Bard/Mordekaiser (RU/SI),1,1,1
Bard/Mordekaiser (RU/SI),Championless (BC/PZ),1,1,1
Caitlyn/Teemo (FR/PZ),Bard/Mordekaiser (RU/SI),1,1,1
Bard/Mordekaiser (RU/SI),Diana/Leona (MT/SI),1,1,1
Neeko (RU/NX),Fiora/Lux: Illuminated (DE/MT),1,1,1
Viktor/Zoe (MT/PZ),Senna/Veigar (BC/SI),1,1,1
Viktor/Zoe (MT/PZ),Elder Dragon (RU/FR),1,1,1
Viktor/Zoe (MT/PZ),Caitlyn/Teemo (FR/PZ),1,1,1
Aphelios/Master Yi (IO/MT),Championless (BC/PZ),1,1,1
Viktor/Zoe (MT/PZ),Elder Dragon/Elise (RU/SI),1,1,1
Annie/Jhin (RU/NX),Aphelios/Master Yi (IO/MT),1,1,1
Aphelios/Master Yi (IO/MT),Pyke (BW/SH),1,1,1
Aatrox/Kayn (RU/RU),Janna/Mordekaiser (PZ/SI),1,1,1
Janna/Mordekaiser (PZ/SI),Nautilus (BW/SI),1,1,1
Janna/Mordekaiser (PZ/SI),Akshan/Riven (NX/SH),1,1,1
Janna/Mordekaiser (PZ/SI),Championless (FR/SI),1,1,1
Championless (FR/IO),Janna/Mordekaiser (PZ/SI),1,1,1
Janna/Mordekaiser (PZ/SI),Fiora/Zilean (DE/SH),1,1,1
Azir/Xerath (SH),Janna/Mordekaiser (PZ/SI),1,1,1
Championless (IO/PZ),Janna/Mordekaiser (PZ/SI),1,1,1
Janna/Mordekaiser (PZ/SI),Elder Dragon/Volibear (RU/FR),1,1,1
Elder Dragon/Galio/Morgana (RU/DE),Janna/Mordekaiser (PZ/SI),1,1,1
Janna/Mordekaiser (PZ/SI),Norra/Zoe (BC/MT),1,1,1
Caitlyn/Teemo (FR/PZ),Janna/Mordekaiser (PZ/SI),1,1,1
Senna/Veigar (BC/SI),Janna/Mordekaiser (PZ/SI),1,1,1
Janna/Mordekaiser (PZ/SI),Jarvan IV/Shen (DE/IO),1,1,1
Pyke/Rek'Sai (BW/SH),Bard/Mordekaiser (RU/SI),1,1,1
Pyke/Rek'Sai (BW/SH),Poppy/Tristana (BC/FR),1,1,1
Pyke/Rek'Sai (BW/SH),Norra (BC/MT),1,1,1
Ezreal/Fizz (BC/PZ),Pyke/Rek'Sai (BW/SH),1,1,1
Akshan/Riven (NX/SH),Kayle (BW/MT),1,1,1
Ekko/Jinx (PZ/SH),Elder Dragon/Seraphine/Viktor (RU/PZ),1,1,1
Lux: Illuminated/Vex (BC/DE),Nami/Samira (BW/NX),1,1,1
Nami/Samira (BW/NX),Akshan/Varus (SH/RU),1,1,1
Elder Dragon/Seraphine/Viktor (RU/PZ),Ezreal (NX/PZ),1,1,1
Lux: Illuminated/Vex (BC/DE),Elder Dragon/Norra (RU/BC),1,1,1
Elder Dragon/Seraphine/Viktor (RU/PZ),Darius/Teemo (NX/PZ),1,1,1
Azir/Irelia (IO/SH),Sett/Taliyah (IO/SH),1,1,1
Aurelion Sol/Zoe (IO/MT),Azir/Irelia (IO/SH),1,1,1
Morgana/Udyr (DE/FR),Azir/Irelia (IO/SH),1,1,1
Azir/Irelia (IO/SH),Kennen/Poppy (BC/DE),1,1,1
Senna/Viktor (PZ/SI),Azir/Irelia (IO/SH),1,1,1
Heimerdinger/Norra (BC/IO),Azir/Irelia (IO/SH),1,1,1
Azir/Irelia (IO/SH),Garen (DE/SI),1,1,1
Elder Dragon/Elise/Mordekaiser (RU/SI),Azir/Irelia (IO/SH),1,1,1
Akshan/Fiora (DE/SH),Azir/Irelia (IO/SH),1,1,1
Galio (DE/FR),Ashe/Caitlyn (FR/PZ),1,1,1
Ashe/Caitlyn (FR/PZ),Poppy/Taric (DE/MT),1,1,1
Akshan/Varus (SH/RU),Morgana/Shyvana (DE/SH),1,1,1
Akshan/Pantheon (MT/SH),Annie/Jhin (RU/NX),1,1,1
Annie/Jhin (RU/NX),Anivia/Udyr (DE/FR),1,1,1
Jack/Lillia (BW/IO),Janna/Sett (IO/PZ),1,1,1
Swain/Vladimir (FR/NX),Galio/Udyr (DE/FR),1,1,1
Galio/Udyr (DE/FR),Jack/Sett (BW/IO),1,1,1
Jayce/Lux (DE/PZ),Maokai/Nautilus (BW/SI),1,1,1
Aurelion Sol/Zoe (IO/MT),Caitlyn/Teemo (BC/PZ),1,1,1
Caitlyn/Teemo (BC/PZ),Akshan/Varus (SH/RU),1,1,1
Caitlyn/Teemo (BC/PZ),Leona/Yasuo (IO/MT),1,1,1
Ashe/LeBlanc (FR/NX),Janna/Twisted Fate (BW/PZ),1,1,1
The Poro King (MT/RU),Akshan/Sivir (FR/SH),1,1,1
The Poro King (MT/RU),Janna/Sion (NX/PZ),1,1,1
The Poro King (MT/RU),Azir/Irelia (IO/SH),1,1,1
The Poro King (FR/RU),Akshan/Sivir (DE/SH),1,1,1
Pyke/Rek'Sai (BW/SH),Akshan/Sivir (DE/SH),1,1,1
Caitlyn/Teemo (BC/PZ),Renekton/Xerath (SH),1,1,1
Ashe/LeBlanc (FR/NX),Gnar/Nidalee (BC/SH),1,1,1
Caitlyn/Teemo (BC/PZ),Janna/Twisted Fate (BW/PZ),1,1,1
Bard/Zed (RU/IO),Kayle/Leona (MT/NX),1,1,1
Ashe/LeBlanc (FR/NX),Janna/Viktor (IO/PZ),1,1,1
Ashe (FR/PZ),Galio/Garen (DE/FR),1,1,1
Galio/Garen (DE/FR),Ashe/LeBlanc (FR/NX),1,1,1
Ashe/LeBlanc (FR/NX),Garen/Lux (DE/SI),1,1,1
Ornn/Vayne (DE/FR),Kindred/Norra (BC/SI),1,1,1
Kindred/Norra (BC/SI),Azir/Xerath (SH),1,1,1
Kindred/Norra (BC/SI),Fizz/Samira (BW/NX),1,1,1
Elise (PZ/SI),Evelynn/Kai'Sa (RU/SH),1,1,1
Elise (PZ/SI),Teemo (BC/PZ),1,1,1
Elder Dragon/Elise (RU/SI),Championless (SI),1,1,1
Elder Dragon/Elise (RU/SI),Akshan/Pantheon (MT/SH),1,1,1
Elder Dragon/Elise (RU/SI),Akshan/Sivir (FR/SH),1,1,1
Elder Dragon/Elise (RU/SI),Garen/Jarvan IV (DE/SH),1,1,1
Elder Dragon/Elise (RU/SI),Tryndamere (FR/SI),1,1,1
Elder Dragon/Elise (RU/SI),Draven (NX/PZ),1,1,1
Elder Dragon/Elise (RU/SI),Elder Dragon/Galio/Morgana (RU/DE),1,1,1
Braum/Garen (DE/FR),Elder Dragon/Norra/Vex (RU/BC),1,1,1
Jinx/Lulu (BC/PZ),Elder Dragon/Norra/Vex (RU/BC),1,1,1
Elder Dragon/Norra/Vex (RU/BC),Soraka/Tahm Kench (BW/MT),1,1,1
Sion (NX/SI),Gwen/Hecarim (IO/SI),1,1,1
Sion (NX/SI),Elder Dragon/Mordekaiser/Viego (RU/SI),1,1,1
Gangplank/Swain (BW/NX),Sion (NX/SI),1,1,1
Hecarim/Kalista (IO/SI),Elder Dragon/Volibear (RU/FR),1,1,1
Elder Dragon/Volibear (RU/FR),Soraka/Vladimir (MT/NX),1,1,1
Elder Dragon/Volibear (RU/FR),Lulu/Poppy/Tristana (BC),1,1,1
Elder Dragon/Volibear (RU/FR),Vayne (DE/NX),1,1,1
Elder Dragon/Volibear (RU/FR),Braum/Nami (BW/FR),1,1,1
Jax/Varus (RU/RU),Championless (SI),1,1,1
Morgana/Udyr (DE/FR),Darius/Gwen (NX/SI),1,1,1
Janna (FR/PZ),Maokai/Nautilus (BW/SI),1,1,1
Janna (FR/PZ),Aatrox/Kayn (RU/RU),1,1,1
Kayle (BW/MT),Galio (DE/FR),1,1,1
Kayle (BW/MT),Braum (BC/FR),1,1,1
Janna/Sett (IO/PZ),Senna/Veigar (BC/SI),1,1,1
Akshan/Varus (SH/RU),Janna (FR/PZ),1,1,1
Jack/Udyr (BW/FR),Gwen/Riven (NX/SI),1,1,1
Bard/Teemo (RU/PZ),Aurelion Sol/Lux (DE/MT),1,1,1
Akshan/Varus (SH/RU),Morgana/Taric (MT/PZ),1,1,1
Jax/Ornn (FR/RU),Akshan/Varus (SH/RU),1,1,1
Akshan/Varus (SH/RU),Jack/Lillia (BW/IO),1,1,1
Akshan/Varus (SH/RU),Galio/Garen (DE/IO),1,1,1
Elder Dragon/Seraphine/Viktor (RU/PZ),Aphelios/Viktor (MT/PZ),1,1,1
Taliyah/Zilean (IO/SH),Zoe (MT),1,1,1
Aphelios/Viktor (MT/PZ),Teemo (BC/FR),1,1,1
Elder Dragon/Elise/Kalista (RU/SI),Karma/Sett (FR/IO),1,1,1
Aphelios/Viktor (MT/PZ),Azir/Renekton (SH),1,1,1
Elder Dragon/Volibear (RU/FR),Heimerdinger/Jayce/Vi (PZ/SI),1,1,1
Elder Dragon/Volibear (RU/FR),Championless (FR/IO),1,1,1
Nasus/Renekton (SH),Lux: Illuminated/Vex (BC/DE),1,1,1
Lux: Illuminated/Vex (BC/DE),Morgana/Yuumi (DE/MT),1,1,1
Elder Dragon (RU/FR),Lissandra/Mordekaiser (FR/SI),1,1,1
Draven/Katarina (FR/NX),Lissandra/Mordekaiser (FR/SI),1,1,1
Gnar/Neeko (FR/RU),Lissandra/Mordekaiser (FR/SI),1,1,1
Gwen/Irelia (IO/SI),Lissandra/Mordekaiser (FR/SI),1,1,1
Lissandra/Mordekaiser (FR/SI),Azir/Xerath (SH),1,1,1
Aurelion Sol/Elder Dragon (RU/MT),Lissandra/Mordekaiser (FR/SI),1,1,1
Elder Dragon/Volibear (RU/FR),The Poro King/Viktor (PZ/RU),1,1,1
Pyke/Rek'Sai (BW/SH),Pantheon/Yuumi (DE/MT),1,1,1
Pyke/Rek'Sai (BW/SH),Gwen/Hecarim (NX/SI),1,1,1
Braum/Vladimir (FR/NX),Rumble/Sion (BC/NX),1,1,1
Rumble/Sion (BC/NX),Championless (SI),1,1,1
Azir/Irelia (IO/SH),Aurelion Sol/Morgana (FR/MT),1,1,1
Aatrox/Kayn (RU/RU),Ashe/Lillia (FR/IO),1,1,1
Braum/Lillia (FR/IO),Rumble/Sion (BC/NX),1,1,1
Maokai/Nautilus (BW/SI),Gnar/Kalista (FR/SI),1,1,1
Braum/Lillia (FR/IO),Akshan/Lee Sin (IO/SH),1,1,1
Kalista (SI),Nasus/Renekton (SH),1,1,1
Braum/Lillia (FR/IO),Championless (BW/FR),1,1,1
Elder Dragon/Trundle/Volibear (RU/FR),Pyke/Rek'Sai (BW/SH),1,1,1
Annie/Jhin (RU/NX),Elder Dragon/Trundle/Volibear (RU/FR),1,1,1
Fizz (BW/MT),Championpile (SH),1,1,1
Draven (NX/PZ),Fizz/Samira (BW/NX),1,1,1
LeBlanc/Sivir (NX/SH),Ashe/Jhin (FR/RU),1,1,1
LeBlanc/Sivir (NX/SH),The Poro King (RU/SI),1,1,1
Elder Dragon/Trundle/Volibear (RU/FR),Diana/Nocturne (MT/SI),1,1,1
Aphelios/Viktor (MT/PZ),Rumble/Tristana (BC/NX),1,1,1
Aphelios/Viktor (MT/PZ),Riven/Vi (NX/PZ),1,1,1
Jax/Vayne (DE/RU),Akshan/Gwen (SI/SH),1,1,1
Darius/Gnar (FR/NX),Ashe/Tahm Kench (BW/FR),1,1,1
Darius/Gnar (FR/NX),Gnar/Kayle (FR/MT),1,1,1
Azir/Irelia (IO/SH),Kalista/Nasus (SI/SH),1,1,1
Braum/Trundle (FR/SI),Hecarim/Zed (IO/SI),1,1,1
Hecarim/Zed (IO/SI),Championpile (BW/PZ),1,1,1
Aatrox/Pantheon (RU/MT),Hecarim/Zed (IO/SI),1,1,1
Ezreal/Fizz (BC/PZ),Hecarim/Zed (IO/SI),1,1,1
Draven/Ezreal (NX/PZ),Hecarim/Zed (IO/SI),1,1,1
Hecarim/Zed (IO/SI),Teemo (BC/PZ),1,1,1
Darius (FR/NX),Hecarim/Zed (IO/SI),1,1,1
Vladimir (FR/NX),Hecarim/Zed (IO/SI),1,1,1
Akshan/Master Yi (IO/SH),Hecarim/Zed (IO/SI),1,1,1
Hecarim/Zed (IO/SI),Azir/Nasus/Xerath (SH),1,1,1
Pantheon/Sivir (MT/SH),Hecarim/Zed (IO/SI),1,1,1
Jayce/Lux (DE/PZ),Hecarim/Zed (IO/SI),1,1,1
Elder Dragon/Lissandra (RU/FR),Hecarim/Zed (IO/SI),1,1,1
Hecarim/Zed (IO/SI),Fiora (DE/FR),1,1,1
Janna/Volibear (FR/PZ),Hecarim/Zed (IO/SI),1,1,1
Neeko/Poppy (DE/RU),Nidalee (BC/SH),1,1,1
Taliyah/Zilean (IO/SH),Ashe (BW/FR),1,1,1
Janna/Master Yi (IO/PZ),Aphelios/Zoe (MT/PZ),1,1,1
Lee Sin/Viktor (IO/PZ),Aphelios/Zoe (MT/PZ),1,1,1
The Poro King (RU/SH),Aphelios/Zoe (MT/PZ),1,1,1
Aphelios/Zoe (MT/PZ),Elder Dragon/Mordekaiser/Viego (RU/SI),1,1,1
Senna/Veigar (BC/SI),Aphelios/Zoe (MT/PZ),1,1,1
Ezreal/Seraphine (BC/PZ),Gangplank/Sejuani (BW/FR),1,1,1
Gwen/Hecarim (IO/SI),Elder Dragon/Norra (RU/BC),1,1,1
Hecarim/Kalista/Zed (IO/SI),Tryndamere (FR),1,1,1
Tryndamere (FR),Championpile (DE/FR),1,1,1
Tryndamere (FR),Illaoi/Vayne (BW/DE),1,1,1
Tryndamere (FR),Bard/Mordekaiser (RU/SI),1,1,1
Nilah/Twisted Fate (BW/PZ),Tryndamere (FR),1,1,1
Tryndamere (FR),Tryndamere (DE/FR),1,1,1
Tryndamere (FR),Fizz/Samira (BW/NX),1,1,1
Akshan/Morgana (MT/SH),Morgana/Taric (MT/PZ),1,1,1
Akshan/Morgana (MT/SH),Braum/Vladimir (FR/NX),1,1,1
Akshan/Vayne (DE/SH),Lulu/Tahm Kench (BW/IO),1,1,1
Morgana/Riven (MT/NX),Akshan/Vayne (DE/SH),1,1,1
Akshan/Varus (SH/RU),Akshan/Riven (NX/SH),1,1,1
Bard/Kalista (RU/SI),Elder Dragon/Shyvana (RU/DE),1,1,1
Morgana/Udyr (DE/FR),Bard/Kalista (RU/SI),1,1,1
Taliyah/Zilean (IO/SH),Championless (BC/SI),1,1,1
Azir/Renekton (SH),Illaoi/Jarvan IV (BW/DE),1,1,1
Azir/Renekton (SH),Fizz/Samira (BW/NX),1,1,1
Azir/Renekton (SH),Ryze (IO/RU),1,1,1
Azir/Renekton (SH),Leona/Yasuo (IO/MT),1,1,1
Azir/Renekton (SH),Hecarim/Zed (IO/SI),1,1,1
Azir/Renekton (SH),Aurelion Sol/Shyvana (DE/MT),1,1,1
Kalista/Nasus (SI/SH),Azir/Renekton (SH),1,1,1
Azir/Renekton (SH),Kalista/Mordekaiser (NX/SI),1,1,1
Azir/Renekton (SH),Twisted Fate (BW/PZ),1,1,1
Teemo (BC/PZ),Azir/Renekton (SH),1,1,1
Braum/Karma/Sett (FR/IO),Azir/Renekton (SH),1,1,1
Nasus/Renekton (NX/SH),Gwen/Hecarim/Zed (IO/SI),1,1,1
Norra/Zoe (BC/MT),Braum/Soraka (FR/MT),1,1,1
Senna/Veigar (BC/SI),Braum/Soraka (FR/MT),1,1,1
Braum/Soraka (FR/MT),Maokai/Nautilus (BW/SI),1,1,1
Taliyah (BC/SH),Kindred/Lucian (DE/SI),1,1,1
Elder Dragon/Elise/Kalista (RU/SI),Annie/Jinx (NX/PZ),1,1,1
Azir/Xerath (SH),Illaoi (BW/MT),1,1,1
Azir/Irelia (IO/SH),Ahri/Elder Dragon/Kennen (RU/IO),1,1,1
Annie/Jhin (RU/NX),Taliyah/Ziggs (BC/SH),1,1,1
Yuumi/Zoe (FR/MT),Ezreal/Karma (IO/PZ),1,1,1
Elder Dragon/Morgana (RU/DE),Mordekaiser/Norra (BC/SI),1,1,1
Mordekaiser/Norra (BC/SI),Darius/Miss Fortune (BW/NX),1,1,1
Akshan/Sivir (FR/SH),Nilah/Twisted Fate (BW/PZ),1,1,1
Nilah/Twisted Fate (BW/PZ),Aurelion Sol/Elder Dragon/Morgana (RU/MT),1,1,1
Braum/The Poro King (FR/RU),Elder Dragon/Lissandra/Volibear (RU/FR),1,1,1
Karma/Sett (FR/IO),Elder Dragon/Seraphine/Viktor (RU/PZ),1,1,1
Akshan/Varus (SH/RU),Elder Dragon/Seraphine/Viktor (RU/PZ),1,1,1
Pyke/Rek'Sai (BW/SH),Nasus/Thresh (SI/SH),1,1,1
Braum/The Poro King (FR/RU),Teemo/Zoe (MT/PZ),1,1,1
Braum/Kayle (FR/MT),Jinx/Lulu (BC/PZ),1,1,1
Jinx/Lulu (BC/PZ),Jhin/Kennen (IO/RU),1,1,1
Jinx/Lulu (BC/PZ),Elder Dragon/Elise (RU/SI),1,1,1
Jayce/Lux (DE/PZ),Aatrox/Kayn (RU/RU),1,1,1
Aatrox/Kayn (RU/RU),Gnar/Lillia (FR/IO),1,1,1
Senna/Veigar (BC/SI),Galio/Poppy (DE/MT),1,1,1
Galio/Poppy (DE/MT),Sett (IO/PZ),1,1,1
Galio/Poppy (DE/MT),Ashe/Tahm Kench (BW/FR),1,1,1
Ahri/Zoe (IO/MT),Jax/Ornn (FR/RU),1,1,1
Jax/Ornn (FR/RU),Ezreal/Seraphine (IO/PZ),1,1,1
Jax/Ornn (FR/RU),Braum (DE/FR),1,1,1
Ryze (RU/SH),Jayce/Lux (DE/PZ),1,1,1
Jayce/Lux (DE/PZ),Evelynn/Lucian (DE/RU),1,1,1
Poppy/Ziggs (BC/NX),Lux: Illuminated/Vex (BC/DE),1,1,1
Poppy/Ziggs (BC/NX),Lissandra/Taliyah (FR/SH),1,1,1
Poppy/Ziggs (BC/NX),Hecarim/Zed (IO/SI),1,1,1
Poppy/Ziggs (BC/NX),Shen/Taric (IO/MT),1,1,1
Elder Dragon/Morgana (RU/DE),Ekko/Jinx (PZ/SH),1,1,1
Ekko/Jinx (PZ/SH),Azir/Renekton (SH),1,1,1
Azir/Xerath (SH),Ekko/Jinx (PZ/SH),1,1,1
Trundle/Volibear (DE/FR),Taliyah/Zilean (IO/SH),1,1,1
Elise/Samira (NX/SI),Taliyah/Zilean (IO/SH),1,1,1
Taliyah/Zilean (IO/SH),Jinx/Teemo (PZ/SH),1,1,1
Akshan/Pantheon (MT/SH),Taliyah/Zilean (IO/SH),1,1,1
Taliyah/Zilean (IO/SH),Akshan/Master Yi (IO/SH),1,1,1
Norra/Swain (BC/NX),Samira/Seraphine (NX/PZ),1,1,1
Norra/Swain (BC/NX),Ryze (RU/SH),1,1,1
Ezreal/Seraphine (BC/PZ),Elder Dragon/Elise (RU/SI),1,1,1
Senna/Veigar (BC/SI),Lulu/Tahm Kench (BW/IO),1,1,1
Ashe (FR/PZ),Lulu/Tahm Kench (BW/IO),1,1,1
Gwen/LeBlanc (NX/SI),Lulu/Tahm Kench (BW/IO),1,1,1
Gwen/Riven (NX/SI),Lulu/Tahm Kench (BW/IO),1,1,1
Ekko/Jinx (PZ/SH),Aurelion Sol/Norra/Zoe (BC/MT),1,1,1
Miss Fortune/Twisted Fate (BW/NX),Braum/Vladimir (FR/NX),1,1,1
Aphelios/Zoe (MT/PZ),Miss Fortune/Twisted Fate (BW/NX),1,1,1
Miss Fortune/Twisted Fate (BW/NX),Pyke/Rek'Sai (BW/SH),1,1,1
Ezreal/Seraphine (IO/PZ),Illaoi/Vayne (BW/DE),1,1,1
Zoe (MT),Akshan/Karma/Master Yi (IO/SH),1,1,1
Akshan/Karma/Master Yi (IO/SH),Galio/Lux/Shyvana (DE),1,1,1
Akshan/Karma/Master Yi (IO/SH),Galio/Udyr (DE/FR),1,1,1
Akshan/Karma/Master Yi (IO/SH),Heimerdinger/Jayce (PZ/SI),1,1,1
Hecarim/Kalista (IO/SI),Akshan/Karma/Master Yi (IO/SH),1,1,1
Pyke/Rek'Sai (BW/SH),Championless (FR/SI),1,1,1
Pyke/Rek'Sai (BW/SH),Yasuo (IO/MT),1,1,1
Pyke/Rek'Sai (BW/SH),Championpile (DE/FR),1,1,1
Braum/Vladimir (FR/NX),Nasus/Senna (SI/SH),1,1,1
Gwen/Hecarim (IO/SI),Ryze (IO/RU),1,1,1
Pyke/Rek'Sai (BW/SH),Gwen/Hecarim (IO/SI),1,1,1
Gwen/Hecarim (IO/SI),Aatrox/Kayn (RU/RU),1,1,1
Gwen/Hecarim (IO/SI),Jhin/Kennen (IO/RU),1,1,1
Gwen/Hecarim (IO/SI),Hecarim (IO/SI),1,1,1
Hecarim (IO/SI),Taliyah/Xerath/Zilean (SH),1,1,1
Hecarim (IO/SI),Draven/Katarina (FR/NX),1,1,1
Rek'Sai (BW/SH),Hecarim (IO/SI),1,1,1
Hecarim (IO/SI),Mordekaiser/Viego (FR/SI),1,1,1
Hecarim (IO/SI),Nami/Samira (BW/NX),1,1,1
Hecarim (IO/SI),Azir/Xerath (SH),1,1,1
Janna/Twisted Fate (BW/PZ),Lucian/Miss Fortune (BW/DE),1,1,1
Lucian/Miss Fortune (BW/DE),Annie/Jhin (RU/NX),1,1,1
Lux/Shen (DE/IO),Annie/Jhin (RU/NX),1,1,1
Jhin/Kennen (IO/RU),Aurelion Sol/Shyvana (DE/MT),1,1,1
Jhin/Kennen (IO/RU),Bard/Janna (RU/PZ),1,1,1
Trundle/Udyr (DE/FR),Jhin/Kennen (IO/RU),1,1,1
Jhin/Kennen (IO/RU),Jinx/Teemo (BC/PZ),1,1,1
Jhin/Kennen (IO/RU),Elder Dragon/Elise/Kalista (RU/SI),1,1,1
Jhin/Kennen (IO/RU),Ezreal/Fizz (BC/PZ),1,1,1
Jhin/Kennen (IO/RU),Gnar/Neeko (BC/RU),1,1,1
Jhin/Kennen (IO/RU),Ryze (IO/RU),1,1,1
Jhin/Kennen (IO/RU),Pyke/Rek'Sai (BW/SH),1,1,1
Jhin/Kennen (IO/RU),Master Yi/Nami (BW/IO),1,1,1
Jhin/Kennen (IO/RU),Janna/Twisted Fate (BW/PZ),1,1,1
Jhin/Kennen (IO/RU),Hecarim/Zed (IO/SI),1,1,1
Tryndamere (FR),Jhin/Kennen (IO/RU),1,1,1
Jhin/Kennen (IO/RU),Taliyah/Zilean (IO/SH),1,1,1
Ashe (FR/PZ),Jax/Vayne (DE/RU),1,1,1
Nasus/Renekton (SH),Championless (PZ/SI),1,1,1
The Poro King (RU/SI),Kayle (BW/MT),1,1,1
Ashe/LeBlanc (FR/NX),Braum/Yuumi/Zoe (FR/MT),1,1,1
Akshan/Fiora (DE/SH),Ashe/LeBlanc (FR/NX),1,1,1
Ashe/LeBlanc (FR/NX),Kalista/Lissandra/Udyr (FR/SI),1,1,1
The Poro King (MT/RU),Gangplank/Sejuani (BW/FR),1,1,1
The Poro King (MT/RU),Heimerdinger/Viktor (IO/PZ),1,1,1
The Poro King (MT/RU),Sejuani (FR/NX),1,1,1
The Poro King (MT/RU),Norra/Yuumi (BC/IO),1,1,1
The Poro King (MT/RU),Fizz/Nami (BW/FR),1,1,1
Maokai/Nautilus (BW/SI),Championless (DE/SI),1,1,1
Gwen/Zed (IO/SI),Nilah/Twisted Fate (BW/PZ),1,1,1
Sett (IO/PZ),Janna/Viktor (BC/PZ),1,1,1
Sett (IO/PZ),Akshan/Varus (SH/RU),1,1,1
Braum/Vladimir (FR/NX),Sett (IO/PZ),1,1,1
Championless (BC/SI),Braum/Vladimir (FR/NX),1,1,1
Championless (BC/SI),Ashe/Tahm Kench (BW/FR),1,1,1
Fiora (DE/FR),Aurelion Sol/Elder Dragon/Morgana (RU/MT),1,1,1
Fiora (DE/FR),Soraka/Tahm Kench (BW/MT),1,1,1
Nidalee (BC/SH),Aurelion Sol/Shyvana (DE/MT),1,1,1
Akshan/Varus (SH/RU),Nidalee (BC/SH),1,1,1
Nidalee (BC/SH),Aatrox/Kayn (RU/RU),1,1,1
Maokai/Nautilus (BW/SI),Swain/Yasuo (IO/NX),1,1,1
Nocturne/Vex (PZ/SI),Malphite/Yasuo (IO/MT),1,1,1
Nocturne/Vex (PZ/SI),Taliyah/Ziggs (BC/SH),1,1,1
Nocturne/Vex (PZ/SI),Ashe (BW/FR),1,1,1
Fizz/Yuumi (BC/FR),Thresh/Viego (SI),1,1,1
Draven/Jinx (NX/PZ),Karma/Sett (FR/IO),1,1,1
Karma/Sett (FR/IO),Darius/Rek'Sai (NX/SH),1,1,1
Fizz/Twisted Fate (BW/DE),Karma/Sett (FR/IO),1,1,1
Seraphine/Zoe (MT/PZ),Norra (BC/PZ),1,1,1
Seraphine/Zoe (MT/PZ),Taliyah/Zilean (IO/SH),1,1,1
Katarina/Norra (BC/NX),Akshan/Fiora (DE/SH),1,1,1
Pyke/Rek'Sai (BW/SH),Kayle/Zed (IO/MT),1,1,1
Elder Dragon/Seraphine/Viktor (RU/PZ),Mordekaiser/Senna (SI/SH),1,1,1
Katarina/Norra (BC/NX),Draven/Jinx (NX/PZ),1,1,1
Katarina/Norra (BC/NX),Akshan/Sivir (FR/SH),1,1,1
Katarina/Norra (BC/NX),Elder Dragon/Morgana (RU/DE),1,1,1
Katarina/Norra (BC/NX),Teemo (BC/PZ),1,1,1
Bard/Kayle (RU/MT),Darius/Gnar (FR/NX),1,1,1
Jax/Ornn (FR/RU),Elise/Kalista (FR/SI),1,1,1
Jax/Ornn (FR/RU),Norra (BC/IO),1,1,1
Norra (BC/IO),Mordekaiser/Viego (IO/SI),1,1,1
Elder Dragon/Trundle/Volibear (RU/FR),Lulu/Zed (BC/IO),1,1,1
Lulu/Zed (BC/IO),Janna/Twisted Fate (BW/PZ),1,1,1
Lulu/Zed (BC/IO),Ryze (RU/SH),1,1,1
Championless (FR/NX),Lulu/Zed (BC/IO),1,1,1
Lulu/Zed (BC/IO),Ezreal/Seraphine (BC/PZ),1,1,1
Lulu/Zed (BC/IO),Udyr (DE/FR),1,1,1
Senna/Veigar (BC/SI),Azir/Nasus/Renekton (SH),1,1,1
Elder Dragon/Galio/Morgana (RU/DE),Bard/Mordekaiser (RU/SI),1,1,1
Viktor/Zoe (MT/PZ),Aatrox/Kayn (RU/RU),1,1,1
Miss Fortune (BW/NX),Elder Dragon/Volibear (RU/FR),1,1,1
Maokai/Nautilus (BW/SI),Galio/Poppy (DE/MT),1,1,1
Azir/Irelia (IO/SH),Senna (BC/SI),1,1,1
Azir/Irelia (IO/SH),Mordekaiser/Nocturne (SI),1,1,1
Azir/Zed (IO/SH),Taliyah/Zilean (IO/SH),1,1,1
Fiora/Taric (DE/MT),Taliyah/Zilean (IO/SH),1,1,1
Azir/Xerath (SH),Aurelion Sol (FR/MT),1,1,1
Nasus/Thresh (SI/SH),Galio/Poppy (DE/MT),1,1,1
Kindred/Viego (NX/SI),Braum/LeBlanc (FR/NX),1,1,1
Azir/Irelia (IO/SH),Ezreal/Karma/Sett (IO/PZ),1,1,1
Azir/Irelia (IO/SH),Karma/Master Yi/Seraphine (IO/PZ),1,1,1
Akshan/Pantheon (MT/SH),Evelynn/Lucian (DE/RU),1,1,1
Gwen/Hecarim (IO/SI),Lee Sin/Zoe (IO/MT),1,1,1
Gwen/Hecarim (IO/SI),Fiora (DE/SH),1,1,1
Gwen/Hecarim (IO/SI),Vex (BC/SI),1,1,1
Ahri/Kennen (IO/SI),Aatrox/Kayn (RU/RU),1,1,1
Anivia/Lissandra (DE/FR),Akshan/Master Yi (IO/SH),1,1,1
Kindred/Viego (NX/SI),Fiora (DE/FR),1,1,1
Jinx/Lulu (BC/PZ),Katarina/Zed (IO/NX),1,1,1
Championless (SI),Evelynn/Kayle (RU/MT),1,1,1
Nocturne/Vex (PZ/SI),Master Yi/Riven (IO/NX),1,1,1
Senna/Veigar (BC/SI),Darius/Rek'Sai (NX/SH),1,1,1
Lillia/Lux: Illuminated (DE/IO),Fizz/Yuumi (BC/FR),1,1,1
Fizz/Yuumi (BC/FR),Draven/Jack (BW/NX),1,1,1
Azir/Irelia (IO/SH),Anivia/Mordekaiser (FR/SI),1,1,1
Karma/Sett (FR/IO),Garen (DE/MT),1,1,1
Mordekaiser/Senna (SI/SH),Hecarim/Zed (IO/SI),1,1,1
Elder Dragon/Tryndamere/Volibear (RU/FR),Trundle/Volibear (FR/NX),1,1,1
Trundle/Volibear (FR/NX),Hecarim/Zed (IO/SI),1,1,1
Trundle/Volibear (FR/NX),Jhin/Norra (BC/RU),1,1,1
Seraphine/Zoe (MT/PZ),Pyke/Rek'Sai (BW/SH),1,1,1
Seraphine/Zoe (MT/PZ),Jayce/Vex (PZ/SI),1,1,1
Lillia/Lux: Illuminated (DE/IO),Seraphine/Zoe (MT/PZ),1,1,1
Seraphine/Zoe (MT/PZ),Nami/Samira (BW/NX),1,1,1
Championless (PZ/SI),Maokai/Nautilus (BW/SI),1,1,1
Championless (PZ/SI),Lux: Illuminated/Vex (BC/DE),1,1,1
Norra/Teemo (BC/PZ),Fiora/Garen (DE/MT),1,1,1
Mordekaiser/Norra (BC/SI),Norra/Teemo (BC/PZ),1,1,1
Braum/Elder Dragon/Gnar (RU/FR),Braum (FR),1,1,1
Darius/Gnar (FR/NX),Gangplank/Miss Fortune (BW/NX),1,1,1
Hecarim/Zed (IO/SI),Leona (MT),1,1,1
Leona (MT),Annie/Jhin (RU/NX),1,1,1
Lulu/Zed (BC/IO),Teemo (BC/PZ),1,1,1
Lulu/Zed (BC/IO),Annie/Jhin (RU/NX),1,1,1
Soraka/Tahm Kench (BW/MT),Lulu/Zed (BC/IO),1,1,1
Lulu/Zed (BC/IO),Pyke/Rek'Sai (BW/SH),1,1,1
Ashe/Volibear (FR/NX),Lulu/Zed (BC/IO),1,1,1
Vex (BC/SI),Lulu/Zed (BC/IO),1,1,1
Akshan/Master Yi (IO/SH),Yasuo (IO/MT),1,1,1
Ezreal/Janna (BW/PZ),Janna/Mordekaiser (PZ/SI),1,1,1
Caitlyn/Teemo (BC/PZ),Janna/Mordekaiser (PZ/SI),1,1,1
Caitlyn/Teemo (FR/PZ),Ashe/Caitlyn (FR/PZ),1,1,1
Sion (NX/SI),Master Yi/Nami (BW/IO),1,1,1
Sion (NX/SI),Azir (MT/SH),1,1,1
Jhin/Yasuo (IO/RU),Caitlyn/Teemo (BC/PZ),1,1,1
Norra/Zoe (BC/MT),Draven/Zoe (MT/NX),1,1,1
Elder Dragon/Seraphine/Viktor (RU/PZ),Teemo/Zoe (BC/MT),1,1,1
Norra/Zoe (BC/MT),Jhin/Kennen (IO/RU),1,1,1
Karma/Seraphine (IO/PZ),Jhin/Kennen (IO/RU),1,1,1
Jhin/Kennen (IO/RU),Draven/Vayne (DE/NX),1,1,1
Caitlyn/Teemo (BC/PZ),Pantheon/Yuumi (BC/MT),1,1,1
Hecarim (IO/SI),Nilah/Twisted Fate (BW/SI),1,1,1
Draven/Ezreal (NX/PZ),Darius/Katarina (FR/NX),1,1,1
Darius/Katarina (FR/NX),Sejuani/Twisted Fate (BW/FR),1,1,1
Annie/Jhin (RU/NX),Draven/Ezreal (NX/PZ),1,1,1
Kayle/Morgana (DE/MT),Gangplank/Sejuani (BW/FR),1,1,1
Caitlyn/Teemo (BC/PZ),Draven/Zoe (MT/NX),1,1,1
Championless (SI),Kindred/Nasus (SI/SH),1,1,1
Lissandra/Zilean (FR/SH),Championless (SI),1,1,1
Bard/Teemo (BC/RU),Caitlyn/Teemo (BC/PZ),1,1,1
Ashe (FR/PZ),Bard/Braum (RU/FR),1,1,1
Darius/Draven/Gnar (FR/NX),Norra/Zoe (BC/MT),1,1,1
Darius/Draven/Gnar (FR/NX),Fizz/Riven (BC/NX),1,1,1
Karma/Seraphine (IO/PZ),Championless (SI),1,1,1
Jhin/Yasuo (IO/RU),Karma/Sett (FR/IO),1,1,1
Nilah/Twisted Fate (BW/SI),Ashe/LeBlanc (FR/NX),1,1,1
Akshan/Fiora (DE/SH),Shyvana (DE/SI),1,1,1
Akshan/Fiora (DE/SH),Galio/Udyr (DE/FR),1,1,1
Jax/Ornn (FR/RU),Seraphine/Zoe (MT/PZ),1,1,1
Elder Dragon/Norra/Vex (RU/BC),Akshan/Lee Sin (IO/SH),1,1,1
Elder Dragon/Norra/Vex (RU/BC),Akshan/Sivir (FR/SH),1,1,1
Championless (PZ/SI),Nilah/Twisted Fate (BW/PZ),1,1,1
Mordekaiser/Norra (BC/SI),Aatrox (RU/SH),1,1,1
Miss Fortune/Twisted Fate (BW/NX),Seraphine/Sett (IO/PZ),1,1,1
Miss Fortune/Twisted Fate (BW/NX),Jayce/Lux (DE/PZ),1,1,1
Fiora (DE/FR),Norra/Zoe (BC/MT),1,1,1
Elder Dragon/Morgana (RU/DE),Ezreal/Karma (IO/PZ),1,1,1
Ezreal/Nilah (BW/PZ),Sejuani/Swain (FR/NX),1,1,1
Aphelios/Seraphine (MT/PZ),Sejuani/Swain (FR/NX),1,1,1
Elder Dragon/Norra (RU/BC),Heimerdinger/Master Yi (IO/PZ),1,1,1
Gangplank/Swain (BW/NX),Jinx/Vi (NX/PZ),1,1,1
Bard/Mordekaiser (RU/SI),Leona (MT),1,1,1
Renekton (BW/SH),Ezreal/Nilah (BW/PZ),1,1,1
Ezreal/Nilah (BW/PZ),The Poro King (RU/SH),1,1,1
Ezreal/Nilah (BW/PZ),Kai'Sa/Sivir (DE/SH),1,1,1
Katarina/Leona (MT/NX),Renekton (BW/SH),1,1,1
Poppy/Zed (DE/IO),Sion (NX/SI),1,1,1
Kayle (BW/MT),Sion (NX/SI),1,1,1
Sion (NX/SI),Trundle/Volibear (DE/FR),1,1,1
Karma/Sett (FR/IO),Nami/Viktor (BW/PZ),1,1,1
Draven/Jinx (NX/PZ),Bard/Braum (RU/FR),1,1,1
Elder Dragon/Morgana (RU/DE),Fiora/Shen (DE/IO),1,1,1
Pyke/Rek'Sai (BW/SH),Nami/Twisted Fate (BW/PZ),1,1,1
Aatrox/Kayn (RU/RU),Galio/Udyr (DE/FR),1,1,1
Braum/Yuumi/Zoe (FR/MT),Elder Dragon/Lissandra/Volibear (RU/FR),1,1,1
Janna/Teemo (BC/PZ),Azir/Xerath (SH),1,1,1
Ezreal/Nilah (BW/PZ),Draven/Zoe (MT/NX),1,1,1
Norra/Swain (BC/NX),Gnar/Renekton (FR/SH),1,1,1
Nidalee (BC/SH),Norra/Zoe (BC/MT),1,1,1
Annie/Jhin (RU/NX),Teemo (IO/PZ),1,1,1
Galio/Udyr (DE/FR),Karma/Sett (FR/IO),1,1,1
Annie/Elder Dragon/Katarina (RU/NX),Championpile (DE/FR),1,1,1
Azir/Irelia (IO/SH),Soraka/Tahm Kench (BW/MT),1,1,1
Azir/Irelia (IO/SH),Braum/Kayle (FR/MT),1,1,1
Norra/Zoe (BC/MT),Pantheon/Yuumi (BC/MT),1,1,1
Draven/Jinx (NX/PZ),Ashe (FR/PZ),1,1,1
Aphelios/Seraphine (MT/PZ),Darius/Katarina (FR/NX),1,1,1
Trundle/Volibear (FR/SI),Poppy/Zed (DE/IO),1,1,1
Akshan/Sivir (FR/SH),Trundle/Volibear (FR/SI),1,1,1
Ashe (FR/PZ),Jhin/Norra (BC/RU),1,1,1
Seraphine/Zoe (MT/PZ),Ekko/Jinx (PZ/SH),1,1,1
Championless (NX/SH),Annie/Samira (NX/PZ),1,1,1
Pyke/Rek'Sai (BW/SH),Renekton (BW/SH),1,1,1
Renekton (BW/SH),Draven/Zoe (MT/NX),1,1,1
Caitlyn/Teemo (DE/PZ),Elise (FR/SI),1,1,1
Evelynn/Kai'Sa (RU/SH),Ezreal/Nilah (BW/PZ),1,1,1
Seraphine/Zoe (MT/PZ),Ezreal/Nilah (BW/PZ),1,1,1
Fiora/Udyr (DE/FR),Caitlyn/Teemo (DE/PZ),1,1,1
Caitlyn/Teemo (DE/PZ),Janna/Nilah (BW/PZ),1,1,1
Braum/Norra (BC/FR),Jax/Ornn (FR/RU),1,1,1
Braum/Norra (BC/FR),Senna (PZ/SI),1,1,1
Braum/Norra (BC/FR),Hecarim/Kalista (IO/SI),1,1,1
Braum/Norra (BC/FR),Fizz/Teemo (BC/PZ),1,1,1
Seraphine/Zoe (MT/PZ),Braum/Zoe (FR/MT),1,1,1
Seraphine/Zoe (MT/PZ),Janna/Nilah (BW/PZ),1,1,1
Mordekaiser/Norra (BC/SI),Kayle (BW/MT),1,1,1
Caitlyn/Teemo (BC/PZ),Kindred (DE/SI),1,1,1
Garen (DE/SH),Annie/Samira (NX/PZ),1,1,1
Braum (DE/FR),Braum/The Poro King (FR/RU),1,1,1
Aurelion Sol/Braum (FR/MT),Bard/Norra (BC/RU),1,1,1
Elder Dragon/Tryndamere/Volibear (RU/FR),Aurelion Sol/Braum (FR/MT),1,1,1
Aurelion Sol/Braum (FR/MT),Aurelion Sol/Elder Dragon/Morgana (RU/MT),1,1,1
Aurelion Sol/Braum (FR/MT),Aurelion Sol/Shyvana (DE/MT),1,1,1
Ezreal/Karma (IO/PZ),Aatrox/Morgana/Vayne (RU/DE),1,1,1
The Poro King (FR/RU),Ezreal/Karma (IO/PZ),1,1,1
Mordekaiser/Norra (BC/SI),Elder Dragon/Seraphine/Viktor (RU/PZ),1,1,1
Mordekaiser/Norra (BC/SI),Gwen/Katarina (NX/SI),1,1,1
Kindred/Nasus (SI/SH),Elise (NX/SI),1,1,1
Elise (NX/SI),Braum/Tryndamere (FR),1,1,1
Elise (NX/SI),Maokai/Nautilus (BW/SI),1,1,1
Elise (NX/SI),Miss Fortune/Sejuani (BW/FR),1,1,1
Taliyah/Xerath (SH),Elise (NX/SI),1,1,1
Elise (NX/SI),Elder Dragon/Shyvana (RU/DE),1,1,1
Elise (NX/SI),Ezreal/Teemo (FR/PZ),1,1,1
Elise (NX/SI),Kindred/Nasus/Thresh (SI/SH),1,1,1
Elise (NX/SI),Ashe (FR),1,1,1
Ezreal/Seraphine (BC/PZ),Renekton (BW/SH),1,1,1
Evelynn/Lucian (DE/RU),Pyke/Rek'Sai (BW/SH),1,1,1
Kalista/Viego (DE/SI),Poppy/Ziggs (BC/NX),1,1,1
Caitlyn/Teemo (BC/PZ),Ornn/Udyr/Volibear (FR/PZ),1,1,1
Sion (NX/SI),Mordekaiser (SI),1,1,1
Sion (NX/SI),Annie/Jhin (RU/NX),1,1,1
Sion (NX/SI),Elder Dragon/Elise (RU/SI),1,1,1
Sion (NX/SI),Master Yi/Zoe (IO/MT),1,1,1
Jayce/Lux (DE/PZ),Sion (NX/SI),1,1,1
Elder Dragon (RU/FR),Sion (NX/SI),1,1,1
Norra (BC/PZ),Hecarim/Zed (IO/SI),1,1,1
Elise (FR/SI),Janna/Nilah (BW/PZ),1,1,1
Nocturne (NX/SI),Janna/Nilah (BW/PZ),1,1,1
Norra/Zoe (BC/MT),Ashe (FR/SI),1,1,1
Gangplank/Sejuani (BW/FR),Norra/Zoe (BC/MT),1,1,1
Poppy/Ziggs (BC/NX),Pantheon/Shen (IO/MT),1,1,1
Poppy/Ziggs (BC/NX),LeBlanc (FR/NX),1,1,1
Poppy/Ziggs (BC/NX),LeBlanc/Sivir (NX/SH),1,1,1
Karma/Sett (FR/IO),Norra/Swain (BC/NX),1,1,1
Norra/Swain (BC/NX),Sejuani (FR/NX),1,1,1
Karma/Sett (FR/IO),Jhin/Kennen (IO/RU),1,1,1
Gnar/Neeko (FR/RU),Annie/Elder Dragon/Katarina (RU/NX),1,1,1
Janna/Nilah (BW/PZ),Garen (DE/SH),1,1,1
Hecarim (IO/SI),Fiora/Udyr (DE/FR),1,1,1
Fiora/Udyr (DE/FR),Lux: Illuminated/Vex (BC/DE),1,1,1
Championless (SI),Jarvan IV/Shen (DE/IO),1,1,1
Akshan/Fiora (DE/SH),Championless (SI),1,1,1
The Poro King (MT/RU),Leona/Yasuo (IO/MT),1,1,1
The Poro King (MT/RU),Hecarim (IO/SI),1,1,1
Elder Dragon/Lissandra (RU/FR),The Poro King (MT/RU),1,1,1
The Poro King (MT/RU),Elder Dragon/Shyvana (RU/DE),1,1,1
Nocturne (NX/SI),Caitlyn/Teemo (DE/PZ),1,1,1
Caitlyn/Teemo (DE/PZ),Braum/Gnar (FR/MT),1,1,1
Annie/Samira (NX/PZ),Caitlyn/Teemo (DE/PZ),1,1,1
Seraphine/Zoe (MT/PZ),Jhin (RU/PZ),1,1,1
Jayce/Lux (DE/PZ),Vayne/Zed (DE/IO),1,1,1
Aurelion Sol/Zoe (MT),Pyke/Rek'Sai (BW/SH),1,1,1
Aurelion Sol/Zoe (MT),The Poro King (RU/SH),1,1,1
Aurelion Sol/Zoe (MT),Braum/The Poro King (FR/RU),1,1,1
Norra/Vex (BC/SI),Bard/Mordekaiser (RU/SI),1,1,1
Viego (NX/SI),Kindred (DE/SI),1,1,1
Aatrox/Kayn (RU/RU),Gangplank/Twisted Fate (BW/NX),1,1,1
Gangplank/Twisted Fate (BW/NX),Senna/Veigar (BC/SI),1,1,1
Gangplank/Twisted Fate (BW/NX),Bard/Mordekaiser (RU/SI),1,1,1
Annie/Jhin (RU/NX),Braum (FR),1,1,1
Norra/Teemo (BC/PZ),Championless (BC/SH),1,1,1
Nidalee (BC/SH),Jhin (RU/PZ),1,1,1
Draven/Jinx (NX/PZ),Jhin (RU/PZ),1,1,1
Ezreal/Nilah (BW/PZ),Jhin (RU/PZ),1,1,1
Aurelion Sol/Braum (FR/MT),Teemo (BC/PZ),1,1,1
Aurelion Sol/Braum (FR/MT),LeBlanc/Sion (FR/NX),1,1,1
Aurelion Sol/Braum (FR/MT),Azir/Xerath (SH),1,1,1
Aurelion Sol/Braum (FR/MT),Karma/Sett (FR/IO),1,1,1
Vayne/Zed (DE/IO),Championless (BC/IO),1,1,1
Azir/Irelia (IO/SH),Vayne/Zed (DE/IO),1,1,1
Caitlyn/Norra (BC/PZ),Teemo/Zoe (MT/PZ),1,1,1
Teemo/Zoe (MT/PZ),Azir/Irelia (IO/SH),1,1,1
Teemo/Zoe (MT/PZ),Championless (BC/DE),1,1,1
Mordekaiser (SI),Teemo/Zoe (MT/PZ),1,1,1
Elder Dragon/Morgana (RU/DE),Yuumi/Zoe (BC/MT),1,1,1
Elder Dragon/Morgana (RU/DE),Ezreal/Seraphine (IO/PZ),1,1,1
Azir/Irelia (IO/SH),Akshan/Pantheon (MT/SH),1,1,1
Azir/Irelia (IO/SH),Elder Dragon/Yuumi (RU/MT),1,1,1
Azir/Irelia (IO/SH),The Poro King (RU/SH),1,1,1
Nocturne (SI),Azir/Irelia (IO/SH),1,1,1
Elise (PZ/SI),Hecarim/Kalista/Zed (IO/SI),1,1,1
Elise (PZ/SI),Hecarim/Zed (IO/SI),1,1,1
Elise (PZ/SI),Aphelios/Morgana (DE/MT),1,1,1
Braum/Gnar (FR/MT),Ezreal/Nilah (BW/PZ),1,1,1
Norra/Zoe (BC/MT),Karma/Yasuo (BC/IO),1,1,1
Katarina/Leona (MT/NX),Pyke/Rek'Sai (BW/SH),1,1,1
Gnar/Sejuani (FR/NX),Caitlyn/Teemo (BC/PZ),1,1,1
Caitlyn/Teemo (BC/PZ),Garen (DE/SH),1,1,1
Ezreal/Seraphine (BC/PZ),Annie/Samira (NX/PZ),1,1,1
Nasus/Thresh (SI/SH),Bard/Mordekaiser (RU/SI),1,1,1
Nasus/Thresh (SI/SH),Fiora/Shen (DE/IO),1,1,1
Hecarim/Kalista (IO/SI),Nasus/Thresh (SI/SH),1,1,1
Nasus/Thresh (SI/SH),Braum (DE/FR),1,1,1
Braum/Gnar (FR/MT),Evelynn/Lucian (DE/RU),1,1,1
Elder Dragon/Volibear (RU/FR),Master Yi/Riven (IO/NX),1,1,1
Braum/Gnar (FR/MT),Nilah/Twisted Fate (BW/PZ),1,1,1
LeBlanc (FR/NX),Nidalee (BC/SH),1,1,1
Janna/Nilah (BW/PZ),LeBlanc (FR/NX),1,1,1
Anivia (FR/SI),Ezreal/Thresh (PZ/SI),1,1,1
Anivia (FR/SI),Elder Dragon/Morgana (RU/MT),1,1,1
Elder Dragon/Morgana (RU/DE),Draven/Jinx (NX/PZ),1,1,1
Draven/Jinx (NX/PZ),Darius/Swain (NX/SI),1,1,1
Sett (IO/SH),Vayne/Zed (DE/IO),1,1,1
Elder Dragon/Morgana (RU/DE),Bard/Mordekaiser (RU/SI),1,1,1
Championless (FR/MT),Caitlyn/Teemo (FR/PZ),1,1,1
Gwen/Hecarim (IO/SI),Elise/Zed (IO/SI),1,1,1
Katarina/Yasuo (IO/NX),Morgana/Udyr (DE/FR),1,1,1
Hecarim/Zed (IO/SI),Braum/Gnar (FR/MT),1,1,1
Teemo (PZ/SI),Draven/Jinx (NX/PZ),1,1,1
Bard/Norra (BC/RU),Aurelion Sol/Zoe (MT),1,1,1
Kindred (DE/SI),Annie/Jhin (RU/NX),1,1,1
Norra/Vex (BC/SI),Miss Fortune/Quinn (BW/DE),1,1,1
Norra/Vex (BC/SI),Karma/Sett (FR/IO),1,1,1
Norra/Vex (BC/SI),Seraphine/Sett (IO/PZ),1,1,1
Aurelion Sol/Zoe (MT),Akshan/Lee Sin (IO/SH),1,1,1
Akshan/Lee Sin (IO/SH),Kindred (DE/SI),1,1,1
Swain/Yasuo (IO/NX),The Poro King (RU),1,1,1
Nilah/Twisted Fate (BW/PZ),The Poro King (RU),1,1,1
Pyke/Rek'Sai (BW/SH),Norra/Zoe (BC/MT),1,1,1
Elise (NX/SI),Elder Dragon/Garen (RU/DE),1,1,1
Gangplank/Sejuani (BW/FR),Elder Dragon/Norra/Vex (RU/BC),1,1,1
Garen/Lucian (DE/PZ),Janna (FR/PZ),1,1,1
Garen/Lucian (DE/PZ),LeBlanc/Sivir (NX/SH),1,1,1
Ashe (FR/PZ),Teemo/Zoe (MT/PZ),1,1,1
Norra/Swain (BC/NX),Udyr (DE/FR),1,1,1
Annie/Jhin (RU/NX),Mordekaiser/Viego (SI),1,1,1
Jinx/Lulu (BC/PZ),Bard/Mordekaiser (RU/SI),1,1,1
Kindred/Senna (PZ/SI),Zoe (FR/MT),1,1,1
Championless (FR/SI),Hecarim/Thresh (IO/SI),1,1,1
Morgana/Riven (MT/NX),Hecarim/Thresh (IO/SI),1,1,1
Hecarim/Thresh (IO/SI),Aatrox/Kayn (RU/RU),1,1,1
Hecarim/Thresh (IO/SI),Gwen/Hecarim (IO/SI),1,1,1
Azir/Irelia (IO/SH),Gwen/Hecarim (IO/SI),1,1,1
Gwen/Hecarim (IO/SI),Jinx/Lulu (BC/PZ),1,1,1
Gwen/Hecarim (IO/SI),Braum/Zoe (FR/MT),1,1,1
Hecarim/Zed (IO/SI),Maokai/Nautilus (BW/SI),1,1,1
Renekton/Vayne (DE/SH),Maokai/Nautilus (BW/SI),1,1,1
Evelynn/Kai'Sa (RU/SH),Ezreal/Seraphine (IO/PZ),1,1,1
Ashe/LeBlanc (FR/NX),Draven/Ezreal (NX/PZ),1,1,1
Ezreal/Nilah (BW/PZ),Caitlyn/Lissandra (FR/PZ),1,1,1
Ezreal/Nilah (BW/PZ),Draven/Ezreal (NX/PZ),1,1,1
Ashe (BW/FR),Evelynn/Kai'Sa (RU/SH),1,1,1
Annie/Gwen (NX/SI),Jhin/Yasuo (IO/RU),1,1,1
Karma/Sett/Volibear (FR/IO),Braum/Kayle (FR/MT),1,1,1
Braum/Kayle (FR/MT),Janna/Twisted Fate (BW/PZ),1,1,1
Jack/Sett (BW/IO),Jinx/Zed (IO/PZ),1,1,1
Jack/Sett (BW/IO),Galio (DE),1,1,1
Jack/Sett (BW/IO),Lucian/Viego (DE/SI),1,1,1
Akshan/Sivir (DE/SH),Garen/Lucian (DE/PZ),1,1,1
Gangplank/Twisted Fate (BW/NX),Maokai/Nautilus (BW/SI),1,1,1
Gangplank/Twisted Fate (BW/NX),Xerath/Ziggs (BC/SH),1,1,1
Jarvan IV/Shen (DE/IO),Gangplank/Twisted Fate (BW/NX),1,1,1
Anivia/Elder Dragon (RU/FR),Gangplank/Twisted Fate (BW/NX),1,1,1
Ashe (BW/FR),Annie/Jhin (RU/NX),1,1,1
Ashe (BW/FR),Lissandra/Master Yi (FR/IO),1,1,1
Hecarim/Zed (IO/SI),Ashe (BW/FR),1,1,1
LeBlanc/Udyr (FR/NX),Pyke/Rek'Sai (BW/SH),1,1,1
LeBlanc/Udyr (FR/NX),Annie/Gwen (NX/SI),1,1,1
Elder Dragon/Volibear (RU/FR),Jhin/Yasuo (IO/RU),1,1,1
Elder Dragon/Volibear (RU/FR),Akshan/Samira (NX/SH),1,1,1
Elder Dragon/Volibear (RU/FR),Lulu/Taric (IO/MT),1,1,1
Elder Dragon/Volibear (RU/FR),Gnar/Sejuani/Teemo (BC/FR),1,1,1
Norra/Swain (BC/NX),Akshan/Samira (NX/SH),1,1,1
Draven/Jinx (NX/PZ),Teemo (BC/PZ),1,1,1
Aurelion Sol/Elder Dragon/Morgana (RU/MT),Darius/Elise (NX/SI),1,1,1
Darius/Elise (NX/SI),Aphelios/Leona (MT/NX),1,1,1
Viktor/Zoe (MT/PZ),Darius/Elise (NX/SI),1,1,1
Championless (SI),Darius/Elise (NX/SI),1,1,1
Aurelion Sol/Shyvana (DE/MT),Darius/Elise (NX/SI),1,1,1
Mordekaiser/Sion (NX/SI),Elise (NX/SI),1,1,1
Gnar/Nidalee (BC/SH),Gwen/Katarina (NX/SI),1,1,1
Caitlyn/Teemo (FR/PZ),Evelynn/Kalista (RU/SI),1,1,1
Ashe (FR/PZ),Caitlyn/Lissandra (FR/PZ),1,1,1
Viktor/Zoe (MT/PZ),Caitlyn/Teemo (BC/PZ),1,1,1
Taliyah/Xerath (DE/SH),Karma/Sett (FR/IO),1,1,1
Caitlyn/Teemo (FR/PZ),Fizz/Samira (BW/NX),1,1,1
Garen/Udyr (DE/FR),Annie/Gwen (NX/SI),1,1,1
Annie/Jhin (RU/NX),Gwen (NX/SI),1,1,1
Gwen/LeBlanc (NX/SI),Nidalee (BC/SH),1,1,1
Azir/Renekton (SH),Miss Fortune/Sejuani (BW/FR),1,1,1
Darius/Miss Fortune (BW/NX),Azir/Renekton (SH),1,1,1
Azir/Renekton (SH),Ezreal/Seraphine (BW/PZ),1,1,1
Zoe (FR/MT),Caitlyn/Teemo (BC/PZ),1,1,1
Zoe (FR/MT),Teemo (FR/PZ),1,1,1
Zoe (FR/MT),Aatrox/Nidalee (RU/SH),1,1,1
Zoe (FR/MT),Xerath/Ziggs (BC/SH),1,1,1
Lux: Illuminated/Vex (BC/DE),Zoe (FR/MT),1,1,1
Zoe (FR/MT),Nilah/Twisted Fate (BW/PZ),1,1,1
Zoe (FR/MT),Jack/Sett (BW/IO),1,1,1
Miss Fortune/Quinn (BW/DE),Caitlyn/Lissandra (FR/PZ),1,1,1
Nilah/Twisted Fate (BW/PZ),Gwen (NX/SI),1,1,1
Darius/Katarina (FR/NX),Bard/Norra (BC/RU),1,1,1
Nilah/Twisted Fate (BW/PZ),Trundle/Tryndamere (FR/SI),1,1,1
Championless (SI),Lee Sin/Riven (IO/NX),1,1,1
Pyke/Rek'Sai (BW/SH),Jhin/Katarina (RU/NX),1,1,1
Janna/Nilah (BW/PZ),Fiora/Udyr (DE/FR),1,1,1
Janna/Nilah (BW/PZ),LeBlanc/Udyr (FR/NX),1,1,1
Gwen/Zed (IO/SI),Gangplank/Sejuani (BW/FR),1,1,1
Azir/Irelia (IO/SH),Morgana/Vex (BC/MT),1,1,1
Janna/Seraphine (IO/PZ),Ahri/Kennen (IO/SH),1,1,1
Caitlyn/Teemo (FR/PZ),Ahri/Kennen (IO/SH),1,1,1
Azir/Irelia (IO/SH),Ezreal/Teemo (FR/PZ),1,1,1
Karma/Seraphine/Sett (IO/PZ),Nilah/Twisted Fate (BW/PZ),1,1,1
Karma/Seraphine/Sett (IO/PZ),Maokai/Nautilus (BW/SI),1,1,1
LeBlanc/Udyr (FR/NX),Caitlyn/Teemo (FR/PZ),1,1,1
Ezreal/Kennen (IO/PZ),Akshan/Master Yi (IO/SH),1,1,1
Ezreal/Kennen (IO/PZ),Jhin/Yasuo (IO/RU),1,1,1
Caitlyn/Norra (BC/PZ),Ezreal/Karma (IO/PZ),1,1,1
Caitlyn/Norra (BC/PZ),The Poro King (RU/SH),1,1,1
Caitlyn/Norra (BC/PZ),Annie/Jhin (RU/NX),1,1,1
Caitlyn/Norra (BC/PZ),Gnar/Nidalee (BC/SH),1,1,1
Championpile/Elder Dragon (RU/DE),Caitlyn/Norra (BC/PZ),1,1,1
Caitlyn/Norra (BC/PZ),Darius/Miss Fortune (BW/NX),1,1,1
LeBlanc/Udyr (FR/NX),Ezreal/Nilah (BW/PZ),1,1,1
Mordekaiser/Viego (IO/SI),Aurelion Sol/Shyvana (DE/MT),1,1,1
Elder Dragon/Volibear (RU/FR),Thresh/Viego (SI),1,1,1
Annie/Jhin (RU/NX),Braum/Tryndamere (DE/FR),1,1,1
Elder Dragon/Mordekaiser/Viego (RU/SI),Lee Sin/Riven (IO/NX),1,1,1
Akshan/Master Yi (IO/SH),Evelynn/Kai'Sa (RU/SH),1,1,1
Elder Dragon/Volibear (RU/FR),Diana/Morgana/Varus (MT/RU),1,1,1
Elder Dragon/Volibear (RU/FR),Kai'Sa/Rumble (NX/SH),1,1,1
Akshan/Varus (SH/RU),Zoe (FR/MT),1,1,1
Akshan/Varus (SH/RU),Aurelion Sol/Shyvana (DE/MT),1,1,1
Swain/Vi (NX/PZ),Caitlyn/Teemo (BC/PZ),1,1,1
Rumble/Sion (BC/NX),Shyvana/Vayne (DE/MT),1,1,1
Aatrox/Quinn/Vayne (RU/DE),Shyvana/Vayne (DE/MT),1,1,1
Akshan/Elder Dragon/Sivir (RU/SH),Shyvana/Vayne (DE/MT),1,1,1
Shyvana/Vayne (DE/MT),Bard/Kindred (RU/SI),1,1,1
Shyvana/Vayne (DE/MT),LeBlanc (NX/SI),1,1,1
Draven/Jinx (NX/PZ),Norra/Yuumi (BC),1,1,1
Nilah/Twisted Fate (BW/PZ),Evelynn/Lucian (DE/RU),1,1,1
Teemo (BC/PZ),Caitlyn/Teemo (FR/PZ),1,1,1
Janna/Twisted Fate (BW/PZ),Azir/Irelia (IO/SH),1,1,1
Gwen/Kalista (NX/SI),Annie/Jhin (RU/NX),1,1,1
Annie/Jhin (RU/NX),Gwen/LeBlanc (NX/SI),1,1,1
Azir/Renekton (SH),Trundle/Volibear (FR/MT),1,1,1
Zoe (FR/MT),Jax/Ornn (FR/RU),1,1,1
Braum/Zoe (FR/MT),Zoe (FR/MT),1,1,1
Renekton (BW/SH),Zoe (FR/MT),1,1,1
Zoe (FR/MT),Gwen/Katarina (NX/SI),1,1,1
Zoe (FR/MT),Gwen/Ornn (FR/SI),1,1,1
Miss Fortune/Twisted Fate (BW/NX),Udyr/Zed (FR/IO),1,1,1
Mordekaiser/Norra (BC/SI),Elder Dragon/Lissandra/Volibear (RU/FR),1,1,1
Teemo/Yuumi (BC/MT),Elder Dragon (RU/FR),1,1,1
The Poro King (MT/RU),Heimerdinger/Norra (BC/SI),1,1,1
Mordekaiser/Norra (BC/SI),Darius/Draven/Gnar (FR/NX),1,1,1
Kindred/Senna (NX/SI),Championless (FR/SI),1,1,1
Janna/Nilah (BW/PZ),Irelia/Quinn (DE/IO),1,1,1
Seraphine/Zoe (MT/PZ),Diana/Samira (MT/NX),1,1,1
Ashe (FR/PZ),Seraphine/Zoe (MT/PZ),1,1,1
Nilah/Twisted Fate (BW/PZ),Katarina/Yasuo (IO/NX),1,1,1
Nidalee (BC/SH),Miss Fortune/Swain (BW/NX),1,1,1
Janna/Samira (NX/PZ),Miss Fortune/Swain (BW/NX),1,1,1
Miss Fortune/Swain (BW/NX),Irelia/Quinn (DE/IO),1,1,1
Ahri/Kennen (IO/SH),Mordekaiser/Viego (NX/SI),1,1,1
Caitlyn/Norra/Teemo (BC/PZ),Ahri/Kennen (IO/SH),1,1,1
Ahri/Kennen (IO/SH),Kindred/Nasus (SI/SH),1,1,1
Annie/Jhin (RU/NX),Janna/Samira (NX/PZ),1,1,1
Nilah/Twisted Fate (BW/PZ),Janna/Samira (NX/PZ),1,1,1
Elder Dragon/Galio/Morgana (RU/DE),Caitlyn/Teemo (FR/PZ),1,1,1
Braum/Norra (BC/FR),LeBlanc/Sivir (NX/SH),1,1,1
Karma/Seraphine/Sett (IO/PZ),Annie/Senna (NX/SI),1,1,1
Annie/Jhin (RU/NX),Elise/Nocturne (SI),1,1,1
Karma/Seraphine/Sett (IO/PZ),Ahri/Kennen (IO/SH),1,1,1
Teemo (BC/PZ),Ezreal/Kennen (IO/PZ),1,1,1
Ezreal/Kennen (IO/PZ),Swain/Yasuo (IO/NX),1,1,1
Nasus/Thresh (SI/SH),Caitlyn/Norra (BC/PZ),1,1,1
Yasuo (IO/NX),Elder Dragon/Galio/Morgana (RU/DE),1,1,1
Hecarim (IO/SI),Elder Dragon/Galio/Morgana (RU/DE),1,1,1
Mordekaiser/Viego (IO/SI),Swain/Vladimir (FR/NX),1,1,1
Mordekaiser/Viego (IO/SI),Norra/Teemo (BC/PZ),1,1,1
Elder Dragon/Volibear (RU/FR),Annie/Swain (BW/NX),1,1,1
Darius/Katarina (BW/NX),Elder Dragon/Volibear (RU/FR),1,1,1
Gnar/Sejuani (FR/NX),Nilah/Twisted Fate (BW/PZ),1,1,1
Braum (DE/FR),Kayle/Zed (IO/MT),1,1,1
Caitlyn/Teemo (BC/PZ),Evelynn/Lucian (DE/RU),1,1,1
Elder Dragon/Seraphine/Viktor (RU/PZ),Kindred/Senna (NX/SI),1,1,1
Norra/Swain (BC/NX),Jinx (FR/PZ),1,1,1
Fizz/Samira (BW/NX),Championless (SI),1,1,1
Fizz/Samira (BW/NX),Elder Dragon/Neeko (RU/RU),1,1,1
Janna/Seraphine (IO/PZ),Evelynn/Kai'Sa (RU/SH),1,1,1
Braum/Yuumi/Zoe (FR/MT),Morgana/Udyr (DE/FR),1,1,1
Morgana/Udyr (DE/FR),Braum/Kayle (FR/MT),1,1,1
Norra (BC/PZ),Poppy/Zed (DE/IO),1,1,1
Braum/Kayle (FR/MT),Norra (BC/PZ),1,1,1
Bard (BC/RU),Caitlyn/Teemo (BC/PZ),1,1,1
Elder Dragon/Morgana (RU/DE),Bard/Norra (BC/RU),1,1,1
Elder Dragon/Morgana (RU/DE),Braum (FR),1,1,1
Azir/Irelia (IO/SH),Kindred/Norra (BC/SI),1,1,1
Sion (NX/SI),Aurelion Sol/Zoe (MT),1,1,1
Draven/Jinx (NX/PZ),Sion (NX/SI),1,1,1
Annie/Teemo (NX/PZ),Taliyah/Zilean (IO/SH),1,1,1
Elder Dragon/Volibear (RU/FR),Draven/Rumble (BC/NX),1,1,1
Karma/Sett (FR/IO),Fizz/Master Yi (BC/IO),1,1,1
Annie/Teemo (NX/PZ),Karma/Sett (FR/IO),1,1,1
Akshan/Master Yi (IO/SH),Ashe/LeBlanc (FR/NX),1,1,1
Elder Dragon (RU/FR),Taliyah/Zilean (IO/SH),1,1,1
Bard/Mordekaiser (RU/SI),Azir/Renekton (SH),1,1,1
Morgana (DE/SI),Azir/Renekton (SH),1,1,1
Mordekaiser/Viego (NX/SI),Azir/Renekton (SH),1,1,1
Azir/Renekton (SH),Ahri/Kennen (IO/SH),1,1,1
Norra/Zoe (BC/MT),Ashe (FR/PZ),1,1,1
Karma/Sett (FR/IO),Karma/Zoe (IO/MT),1,1,1
Karma/Sett (FR/IO),Soraka (IO/MT),1,1,1
Mordekaiser/Viego (SI),Bard/Gnar (RU/FR),1,1,1
Viktor/Zoe (MT/PZ),Bard/Gnar (RU/FR),1,1,1
Bard/Gnar (RU/FR),Aphelios/Seraphine (MT/PZ),1,1,1
Bard/Gnar (RU/FR),Elder Dragon/Volibear (RU/FR),1,1,1
Morgana/Udyr (DE/FR),Riven/Taric (MT/NX),1,1,1
Janna/Master Yi (IO/PZ),Maokai/Nautilus (BW/SI),1,1,1
Janna/Master Yi (IO/PZ),Championless (SI),1,1,1
Janna/Master Yi (IO/PZ),Bard/Ekko (RU/PZ),1,1,1
Nilah/Twisted Fate (BW/PZ),Teemo (PZ/SI),1,1,1
Irelia/Quinn (DE/IO),Braum/Udyr (DE/FR),1,1,1
Irelia/Quinn (DE/IO),Elise (NX/SI),1,1,1
Irelia/Quinn (DE/IO),Nidalee (BC/SH),1,1,1
Karma/Sett (FR/IO),Trundle/Tryndamere (FR/IO),1,1,1
Elder Dragon/Seraphine/Viktor (RU/PZ),Braum/The Poro King (FR/RU),1,1,1
Teemo/Yuumi (BC/MT),Championpile (FR/SH),1,1,1
Teemo/Yuumi (BC/MT),Akshan/Azir (MT/SH),1,1,1
Teemo/Yuumi (BC/MT),Bard/Norra/Yuumi (BC/RU),1,1,1
Teemo/Yuumi (BC/MT),Lulu/Poppy (BC/DE),1,1,1
Teemo/Yuumi (BC/MT),Caitlyn/Teemo (BC/PZ),1,1,1
Darius/Draven/Gnar (FR/NX),Evelynn/Kai'Sa (RU/SH),1,1,1
Zoe (MT),Championless (SI),1,1,1
Championless (SI),Jack/Sett (BW/IO),1,1,1
Jhin (RU/SI),Janna/Nilah (BW/PZ),1,1,1
Janna/Nilah (BW/PZ),Hecarim/Zed (IO/SI),1,1,1
Kindred/Mordekaiser (BC/SI),Ezreal/Nilah (BW/PZ),1,1,1
Kindred/Mordekaiser (BC/SI),Heimerdinger/Jayce (PZ/SI),1,1,1
Kindred/Mordekaiser (BC/SI),Anivia (FR/SI),1,1,1
Darius/Draven (FR/NX),Irelia/Quinn (DE/IO),1,1,1
Karma/Sett (FR/IO),Janna/Twisted Fate (BW/PZ),1,1,1
Janna/Samira (NX/PZ),Ashe (FR/PZ),1,1,1
Elise (NX/SI),Hecarim/Zed (IO/SI),1,1,1
Gwen/Sejuani (FR/SI),Heimerdinger/Viktor (IO/PZ),1,1,1
Heimerdinger/Viktor (IO/PZ),Azir/Nasus/Renekton (SH),1,1,1
Norra/Zoe (BC/MT),Janna (BC/PZ),1,1,1
Caitlyn/Ezreal (NX/PZ),Norra/Zoe (BC/MT),1,1,1
Elder Dragon/Lissandra/Volibear (RU/FR),Championless (PZ/SI),1,1,1
Caitlyn/Norra (BC/PZ),Akshan/Braum (FR/SH),1,1,1
Malphite/Taliyah (MT/SH),Caitlyn/Norra (BC/PZ),1,1,1
Poppy/Ziggs (BC/NX),Teemo (PZ/SI),1,1,1
Teemo (PZ/SI),Braum (BC/FR),1,1,1
Teemo (PZ/SI),Azir/Xerath (SH),1,1,1
Teemo (PZ/SI),Ezreal/Janna (BW/PZ),1,1,1
Master Yi/Varus (IO/RU),Caitlyn/Teemo (BC/PZ),1,1,1
Caitlyn/Teemo (BC/PZ),Darius/Miss Fortune (BW/NX),1,1,1
Neeko (RU/NX),Caitlyn/Teemo (BC/PZ),1,1,1
Braum/Udyr (DE/FR),Annie/Samira (NX/PZ),1,1,1
Norra/Swain (BC/NX),Annie/Samira (NX/PZ),1,1,1
Annie/Samira (NX/PZ),Kennen/Lux: Illuminated (DE/IO),1,1,1
Jhin (RU/PZ),Bard/Janna (RU/PZ),1,1,1
Jhin (RU/PZ),Hecarim/Norra (BC/SI),1,1,1
Braum (DE/FR),Malphite/Taliyah (MT/SH),1,1,1
Taliyah/Zilean (IO/SH),Elder Dragon/Trundle (RU/FR),1,1,1
Elder Dragon/Seraphine/Viktor (RU/PZ),Braum/Vladimir (FR/NX),1,1,1
Elder Dragon/Seraphine/Viktor (RU/PZ),Darius/Elise (NX/SI),1,1,1
Jhin (RU/SI),Nami/Twisted Fate (BW/SI),1,1,1
Jinx (FR/PZ),Akshan/Master Yi (IO/SH),1,1,1
Darius/Katarina (FR/NX),Akshan/Master Yi (IO/SH),1,1,1
Ashe (FR/PZ),Akshan/Master Yi (IO/SH),1,1,1
Caitlyn/Teemo (BC/PZ),Annie/Yasuo (IO/NX),1,1,1
Fizz/Samira (BW/NX),Akshan/Azir (MT/SH),1,1,1
Elise/Norra (BC/SI),Aphelios/Viktor (MT/PZ),1,1,1
Norra/Swain (BC/NX),Evelynn/Kai'Sa (RU/SH),1,1,1
Elder Dragon/Volibear (RU/FR),The Poro King (RU/SH),1,1,1
Elder Dragon/Fizz (RU/BC),Morgana/Udyr (DE/FR),1,1,1
Galio/Soraka (DE/MT),Morgana/Udyr (DE/FR),1,1,1
Morgana/Udyr (DE/FR),Hecarim/Kalista (IO/SI),1,1,1
Morgana/Udyr (DE/FR),Azir/Xerath (SH),1,1,1
Hecarim (IO/SI),Elder Dragon/Morgana (RU/DE),1,1,1
Poppy/Ziggs (BC/NX),Janna/Master Yi (IO/PZ),1,1,1
Janna/Master Yi (IO/PZ),Evelynn/Viego (RU/SI),1,1,1
Janna/Master Yi (IO/PZ),Seraphine/Viktor (PZ/SI),1,1,1
Janna/Master Yi (IO/PZ),Sejuani/Trundle (FR/SI),1,1,1
Sejuani/Trundle (FR/SI),Janna/Seraphine (IO/PZ),1,1,1
Janna/Master Yi (IO/PZ),Caitlyn/Teemo (BC/PZ),1,1,1
Viktor/Zoe (MT/PZ),Samira/Twisted Fate (BW/NX),1,1,1
Pyke/Rek'Sai (BW/SH),Kennen/Lux: Illuminated (DE/IO),1,1,1
Kennen/Lux: Illuminated (DE/IO),Irelia/Quinn (DE/IO),1,1,1
Lulu/Shen (DE/IO),Annie/Jhin (RU/NX),1,1,1
Annie/Jhin (RU/NX),Annie/Yasuo (IO/NX),1,1,1
Irelia/Quinn (DE/IO),Braum/Zoe (FR/MT),1,1,1
Sion (NX/SI),Janna/Norra/Teemo (BC/PZ),1,1,1
Elder Dragon/Volibear (RU/FR),Janna/Twisted Fate (BW/PZ),1,1,1
Elder Dragon/Volibear (RU/FR),Anivia/Kindred/Mordekaiser (FR/SI),1,1,1
Elder Dragon/Volibear (RU/FR),Heimerdinger (PZ/SI),1,1,1
Norra/Swain (BC/NX),Jhin (RU/SI),1,1,1
Bard/Janna (RU/PZ),Ezreal/Nilah (BW/PZ),1,1,1
Elise (NX/SI),Darius/Katarina (FR/NX),1,1,1
Azir/Renekton (SH),Gangplank/Jinx (BW/PZ),1,1,1
Draven/Rumble (BC/NX),Azir/Renekton (SH),1,1,1
Annie/Katarina (BC/NX),Azir/Xerath (SH),1,1,1
Annie/Katarina (BC/NX),Jack/Sett (BW/IO),1,1,1
Annie/Katarina (BC/NX),Anivia/Kindred/Mordekaiser (FR/SI),1,1,1
Vex (BC/SI),Jinx/Lulu (BC/PZ),1,1,1
Poppy/Ziggs (BC/NX),Braum/Lillia (FR/IO),1,1,1
Braum/Yuumi/Zoe (FR/MT),Nasus/Viego (SI/SH),1,1,1
Braum/Yuumi/Zoe (FR/MT),Jack/Nami (BW/IO),1,1,1
Ezreal/Nilah (BW/PZ),Braum/Yuumi/Zoe (FR/MT),1,1,1
Elder Dragon/Morgana/Shyvana (RU/DE),Braum/Yuumi/Zoe (FR/MT),1,1,1
Gnar/Neeko (FR/RU),Master Yi/Norra (BC/IO),1,1,1
Master Yi/Norra (BC/IO),Gnar/Teemo (BC/PZ),1,1,1
Azir/Irelia (IO/SH),Master Yi/Norra (BC/IO),1,1,1
Jinx (FR/PZ),Caitlyn/Teemo (BC/PZ),1,1,1
Jhin (RU/SI),Nilah/Twisted Fate (BW/PZ),1,1,1
Mordekaiser/Norra (BC/SI),Akshan/Taliyah (BC/SH),1,1,1
Elder Dragon/Mordekaiser/Viego (RU/SI),Teemo/Zoe (MT/PZ),1,1,1
Nilah/Twisted Fate (BW/PZ),Ornn/Sejuani/Udyr (DE/FR),1,1,1
Diana (BC/MT),Braum/The Poro King (FR/RU),1,1,1
Hecarim/Lucian (DE/SI),Janna/Nilah (BW/PZ),1,1,1
Jinx/Nilah (BW/PZ),Pyke/Rek'Sai (BW/SH),1,1,1
Elder Dragon/Morgana (RU/DE),Lillia/Xerath (IO/SH),1,1,1
Elder Dragon/Morgana (RU/DE),Nami/Varus (BW/RU),1,1,1
Elder Dragon/Morgana (RU/DE),Malphite/Yasuo (IO/MT),1,1,1
Gnar/Udyr (DE/FR),Caitlyn/Teemo (BC/PZ),1,1,1
Azir/Irelia (IO/SH),Lissandra/Trundle (FR/SI),1,1,1
Azir/Irelia (IO/SH),Lee Sin/Zed (IO/MT),1,1,1
Gangplank/Sejuani (BW/FR),Lee Sin/Zed (IO/MT),1,1,1
Gangplank/Sejuani (BW/FR),Norra (BC/MT),1,1,1
Braum/Gnar (FR/MT),Nidalee (BC/SH),1,1,1
Seraphine/Zoe (MT/PZ),Braum/Gnar (FR/MT),1,1,1
Jack/Sett (BW/IO),Caitlyn/Gnar/Teemo (BC/PZ),1,1,1
Elder Dragon/Norra/Vex (RU/BC),Ashe (DE/FR),1,1,1
Elder Dragon/Norra/Vex (RU/BC),Jhin/Vex (BC/RU),1,1,1
Elder Dragon/Norra/Vex (RU/BC),Aphelios/LeBlanc (MT/NX),1,1,1
Elder Dragon/Norra/Vex (RU/BC),Norra/Zoe (BC/MT),1,1,1
Elder Dragon/Norra/Vex (RU/BC),Gwen/Katarina (NX/SI),1,1,1
Elder Dragon/Norra/Vex (RU/BC),Hecarim/Zed (IO/SI),1,1,1
Elder Dragon/Norra/Vex (RU/BC),Lux: Illuminated/Shen (DE/IO),1,1,1
Gangplank/Twisted Fate (BW/NX),Caitlyn/Teemo (BC/PZ),1,1,1
Elder Dragon/Tryndamere/Volibear (RU/FR),Trundle/Volibear (FR/SI),1,1,1
Karma/Sett (FR/IO),Ornn/Zoe (FR/MT),1,1,1
Evelynn/Kai'Sa (RU/SH),Nidalee (BC/SH),1,1,1
Karma/Seraphine/Sett (IO/PZ),Elise/Gwen (FR/SI),1,1,1
Karma/Seraphine/Sett (IO/PZ),Elder Dragon/Elise (RU/SI),1,1,1
Caitlyn/Norra (BC/PZ),Illaoi/Yuumi (BW/MT),1,1,1
Norra/Swain (BC/NX),Caitlyn/Teemo (FR/PZ),1,1,1
Evelynn/Kai'Sa (RU/SH),Caitlyn/Teemo (FR/PZ),1,1,1
Miss Fortune (BW/NX),Akshan/Pyke (BW/SH),1,1,1
Akshan/Pyke (BW/SH),Gnar/Udyr (DE/FR),1,1,1
Janna/Nilah (BW/PZ),Championless (DE/SI),1,1,1
LeBlanc (FR/NX),Shen (DE/IO),1,1,1
Jinx/Nilah (BW/PZ),LeBlanc (FR/NX),1,1,1
Norra/Zoe (BC/MT),Norra/Swain (BC/NX),1,1,1
Darius/Miss Fortune (BW/NX),Evelynn/Lucian (DE/RU),1,1,1
Evelynn/Lucian (DE/RU),Annie/Miss Fortune (BW/NX),1,1,1
Teemo (BC/PZ),Braum/The Poro King (FR/RU),1,1,1
Jinx/Nilah (BW/PZ),Evelynn/Kai'Sa (RU/SH),1,1,1
Ashe/Ezreal (FR/PZ),Elise/Zed (IO/SI),1,1,1
Jayce/Lux (DE/PZ),Norra (BC/PZ),1,1,1
Elder Dragon/Morgana (RU/DE),Galio/Udyr (DE/FR),1,1,1
Elder Dragon/Morgana (RU/DE),Aurelion Sol/Shyvana (DE/MT),1,1,1
Morgana/Taliyah (DE/SH),Karma/Sett (FR/IO),1,1,1
Aphelios/Ezreal (MT/PZ),Master Yi (IO/PZ),1,1,1
Taliyah/Zilean (IO/SH),Master Yi (IO/PZ),1,1,1
Ekko/Jinx (PZ/SH),Janna/Master Yi (IO/PZ),1,1,1
Draven/Katarina (FR/NX),Elder Dragon/Norra (RU/BC),1,1,1
Elder Dragon/Norra (RU/BC),Nilah/Twisted Fate (BW/PZ),1,1,1
Ornn (DE/FR),Jack/Sett (BW/IO),1,1,1
Pyke/Rek'Sai (BW/SH),The Poro King (RU/SH),1,1,1
Jinx/Nilah (BW/PZ),Janna/Master Yi/Seraphine (IO/PZ),1,1,1
Caitlyn/Teemo (MT/PZ),Jinx/Nilah (BW/PZ),1,1,1
Jinx/Nilah (BW/PZ),Caitlyn/Teemo (FR/PZ),1,1,1
Nilah/Twisted Fate (BW/PZ),Kennen/Lux: Illuminated (DE/IO),1,1,1
Elise (PZ/SI),Akshan/Taliyah (FR/SH),1,1,1
Elder Dragon/Volibear (RU/FR),Ahri/Kennen (IO/SI),1,1,1
Garen/Lucian (DE/PZ),Elise/Lucian (DE/SI),1,1,1
Darius/Gnar (FR/NX),Championless (DE/SI),1,1,1
Annie (BW/NX),Master Yi/Udyr (FR/IO),1,1,1
Master Yi/Udyr (FR/IO),Hecarim (IO/SI),1,1,1
Fizz/Samira (BW/NX),Evelynn/Kai'Sa (RU/SH),1,1,1
Janna/Nilah (BW/PZ),Gnar/Udyr (DE/FR),1,1,1
Evelynn/Kayle (RU/MT),Elder Dragon/Norra (RU/BC),1,1,1
Elder Dragon/Volibear (RU/FR),Jhin/Kennen (IO/RU),1,1,1
Draven (NX/PZ),Jhin/Kennen (IO/RU),1,1,1
LeBlanc/Sivir (NX/SH),Annie/Samira (IO/NX),1,1,1
LeBlanc/Sivir (NX/SH),Azir/Xerath (SH),1,1,1
Hecarim/Norra (BC/SI),Ezreal/Kennen (IO/PZ),1,1,1
The Poro King (RU/SH),Braum/The Poro King (FR/RU),1,1,1
Elder Dragon/Norra/Vex (RU/BC),Mordekaiser/Norra (BC/SI),1,1,1
Braum/The Poro King (FR/RU),Gwen/Hecarim (FR/SI),1,1,1
Nilah/Twisted Fate (BW/PZ),Akshan/Ekko (PZ/SH),1,1,1
Nilah/Twisted Fate (BW/PZ),Garen/Lucian (DE/PZ),1,1,1
Annie/Jhin (RU/NX),Ekko/Janna (PZ/SI),1,1,1
Ashe (FR/PZ),Kalista/Seraphine (PZ/SI),1,1,1
Ashe (FR/PZ),Hecarim (IO/SI),1,1,1
Caitlyn/Teemo (DE/PZ),Nilah/Twisted Fate (BW/PZ),1,1,1
Annie/Swain (NX/SI),Caitlyn/Teemo (DE/PZ),1,1,1
Rumble/Sion (BC/NX),Senna/Veigar (BC/SI),1,1,1
Ezreal/Nilah (BW/PZ),Annie/Swain (NX/SI),1,1,1
Jack/Sett (BW/IO),Ahri/Zed (FR/IO),1,1,1
Jack/Sett (BW/IO),Ashe (FR),1,1,1
Nidalee (BC/SH),Ekko/Janna (PZ/SI),1,1,1
Ashe/LeBlanc (FR/NX),Kalista/Seraphine (PZ/SI),1,1,1
Nilah/Twisted Fate (BW/PZ),Championless (FR/MT),1,1,1
Ezreal/Seraphine (BW/PZ),Norra/Zoe (BC/MT),1,1,1
Gangplank/Twisted Fate (BW/NX),Taliyah/Zilean (IO/SH),1,1,1
Aurelion Sol/Shyvana (DE/MT),Ahri/Kennen (BC/IO),1,1,1
Taliyah/Ziggs (BC/SH),Caitlyn/Teemo (FR/PZ),1,1,1
Jhin/LeBlanc (RU/NX),Nilah/Twisted Fate (BW/SI),1,1,1
Elder Dragon/Volibear (RU/FR),Nilah/Twisted Fate (BW/SI),1,1,1
Annie/Teemo (NX/PZ),Annie/Jhin (RU/NX),1,1,1
Annie/Jhin (RU/NX),Jhin/Norra (BC/RU),1,1,1
Karma/Seraphine/Sett (IO/PZ),Championpile (DE/NX),1,1,1
Renekton (BW/SH),Nilah/Twisted Fate (BW/PZ),1,1,1
Kalista/Seraphine (PZ/SI),Ezreal/Kennen (IO/PZ),1,1,1
Jinx/Nilah (BW/PZ),Ezreal/Kennen (IO/PZ),1,1,1
Poppy/Tristana (BC/DE),Caitlyn/Norra (BC/PZ),1,1,1
Hecarim (IO/SI),Ekko/Janna (PZ/SI),1,1,1
Ashe/Janna (FR/PZ),Annie/Jhin (RU/NX),1,1,1
Jhin/Norra (BC/RU),Maokai (BW/SI),1,1,1
Elder Dragon/Volibear (RU/FR),Trundle/Tryndamere (DE/FR),1,1,1
Elder Dragon/Volibear (RU/FR),Azir/Nasus (SH),1,1,1
Elder Dragon/Volibear (RU/FR),Lee Sin/Taric (IO/MT),1,1,1
Elder Dragon/Volibear (RU/FR),Evelynn/Kai'Sa (RU/SH),1,1,1
Elder Dragon/Volibear (RU/FR),Norra/Teemo (BC/SH),1,1,1
Kalista/Seraphine (PZ/SI),Renekton (BW/SH),1,1,1
Annie/Gwen (NX/SI),Braum/Vladimir (FR/NX),1,1,1
Annie/Gwen (NX/SI),Caitlyn/Norra/Teemo (BC/PZ),1,1,1
Elise/Kalista (FR/SI),Norra/Samira/Swain (BC/NX),1,1,1
Norra/Swain (BC/NX),Ezreal/Twisted Fate (BW/PZ),1,1,1
Norra/Swain (BC/NX),LeBlanc (FR/NX),1,1,1
Gnar/Udyr (DE/FR),Akshan/Master Yi (IO/SH),1,1,1
Lucian/Lux: Illuminated (DE/IO),Kalista/Seraphine (PZ/SI),1,1,1
Kalista/Seraphine (PZ/SI),Lucian/Lux: Illuminated (DE),1,1,1
Aphelios/Viktor (MT/PZ),Akshan/Samira (NX/SH),1,1,1
Aphelios/Viktor (MT/PZ),Darius/Elise (NX/SI),1,1,1
Ashe (FR/PZ),Ezreal/Seraphine (IO/PZ),1,1,1
Heimerdinger/Viktor (IO/PZ),Jayce/Morgana (MT/PZ),1,1,1
Aurelion Sol/Zoe (IO/MT),Heimerdinger/Viktor (IO/PZ),1,1,1
Morgana (DE/SI),Heimerdinger/Viktor (IO/PZ),1,1,1
Ezreal/Nilah (BW/PZ),Ekko/Janna (PZ/SH),1,1,1
Ezreal/Nilah (BW/PZ),Garen/Lucian (DE/PZ),1,1,1
Elder Dragon/Norra (RU/BC),Darius/Garen (DE/NX),1,1,1
Akshan/Master Yi (IO/SH),Rumble/Vayne (DE/NX),1,1,1
Mordekaiser/Thresh (NX/SI),Senna/Veigar (BC/SI),1,1,1
Senna/Veigar (BC/SI),Aatrox/Garen (RU/DE),1,1,1
Nilah (BW/PZ),Ekko/Janna (PZ/SI),1,1,1
Ekko/Janna (PZ/SH),Gwen/Hecarim (FR/SI),1,1,1
Sion (NX/SI),Annie/Gwen (NX/SI),1,1,1
Sion (NX/SI),Garen/Udyr (DE/FR),1,1,1
Teemo (BC/SH),Taliyah/Zilean (IO/SH),1,1,1
Braum/Swain (FR/NX),Taliyah/Zilean (IO/SH),1,1,1
Rumble/Vayne (DE/NX),Taliyah/Zilean (IO/SH),1,1,1
Karma/Sett (FR/IO),Mordekaiser/Vex (BC/SI),1,1,1
Lucian/Lux: Illuminated (DE/IO),Norra/Swain (BC/NX),1,1,1
Braum/Zoe (FR/MT),Lucian/Lux: Illuminated (DE/IO),1,1,1
Nilah (BW/PZ),Garen/Lucian (DE/PZ),1,1,1
Ashe (FR/PZ),Garen/Lucian (DE/PZ),1,1,1
Norra/Swain (BC/NX),Nilah (BW/PZ),1,1,1
Lux: Illuminated/Shen (DE/IO),Irelia/Quinn (DE/IO),1,1,1
Annie/Gwen (NX/SI),Hecarim/Nilah (BW/SI),1,1,1
Jarvan IV/Shen (DE/IO),Hecarim (IO/SI),1,1,1
Ezreal/Seraphine (BC/PZ),Annie/Jhin (RU/NX),1,1,1
Mordekaiser/Norra (BC/SI),Kayle/Morgana (FR/MT),1,1,1
Championless (SI),Championpile (DE/SH),1,1,1
Nilah/Twisted Fate (BW/PZ),Annie (BW/NX),1,1,1
Nilah/Twisted Fate (BW/PZ),Ashe/Tryndamere (DE/FR),1,1,1
Aphelios/Viktor (MT/PZ),Nilah/Twisted Fate (BW/PZ),1,1,1
Trundle/Tryndamere (DE/FR),Nilah/Twisted Fate (BW/PZ),1,1,1
Caitlyn/Teemo (DE/PZ),Kalista/Seraphine (PZ/SI),1,1,1
Championless (SI),Azir/Xerath (SH),1,1,1
Caitlyn/Teemo (FR/PZ),Gwen/Hecarim (FR/SI),1,1,1
Caitlyn/Teemo (BC/PZ),Diana/Nocturne (MT/SI),1,1,1
Caitlyn/Teemo (BC/PZ),Garen/Lulu (DE/IO),1,1,1
Caitlyn/Teemo (BC/PZ),Sejuani/Teemo (FR/PZ),1,1,1
Akshan/Master Yi (IO/SH),Sejuani/Teemo (FR/PZ),1,1,1
Ezreal/Nilah (BW/PZ),Sejuani/Teemo (FR/PZ),1,1,1
Garen/Neeko (DE/RU),Nidalee (BC/SH),1,1,1
Ashe/LeBlanc (FR/NX),Ekko/Seraphine (PZ/SI),1,1,1
Braum/Gnar (FR/MT),Pyke/Rek'Sai (BW/SH),1,1,1
Norra/Poppy (BC/DE),Mordekaiser (SI),1,1,1
Azir/Irelia (IO/SH),Norra/Poppy (BC/DE),1,1,1
Norra/Poppy (BC/DE),Heimerdinger/Zoe (MT/PZ),1,1,1
Heimerdinger/Jayce (NX/PZ),Braum/Zoe (FR/MT),1,1,1
Viego (NX/SI),Hecarim (IO/SI),1,1,1
Hecarim (IO/SI),Kai'Sa/Pantheon (MT/SH),1,1,1
Hecarim (IO/SI),Elise/Nocturne (SI),1,1,1
Lucian/Senna (DE/SI),Heimerdinger/Viktor (IO/PZ),1,1,1
Heimerdinger/Viktor (IO/PZ),Fizz/Nami/Seraphine (BW/PZ),1,1,1
Elder Dragon/Morgana (RU/DE),Karma/Seraphine/Sett (IO/PZ),1,1,1
Karma/Seraphine/Sett (IO/PZ),Elder Dragon/Evelynn (RU/RU),1,1,1
Elder Dragon/Galio/Morgana (RU/DE),Karma/Seraphine/Sett (IO/PZ),1,1,1
Karma/Seraphine/Sett (IO/PZ),Gnar/Jax (FR/RU),1,1,1
Garen/Neeko (DE/RU),Kalista/Seraphine (PZ/SI),1,1,1
Jayce/Lux (DE/PZ),Anivia/Mordekaiser (FR/SI),1,1,1
Ashe/LeBlanc (FR/NX),Jhin (RU/PZ),1,1,1
Darius/Katarina (FR/NX),Jhin (RU/PZ),1,1,1
Caitlyn/Teemo (BC/PZ),Jhin (RU/PZ),1,1,1
Elise/Lucian (DE/SI),Ezreal/Nilah (BW/PZ),1,1,1
Renekton (BW/SH),Diana/Nocturne (MT/SI),1,1,1
Renekton (BW/SH),Norra/Teemo (BC/PZ),1,1,1
Draven/Katarina (FR/NX),Braum (DE/FR),1,1,1
The Poro King (DE/RU),Braum (DE/FR),1,1,1
Evelynn/Lucian (DE/RU),Akshan/Master Yi (IO/SH),1,1,1
Ryze (IO/RU),Elder Dragon/Mordekaiser/Viego (RU/SI),1,1,1
Braum/Vladimir (FR/NX),Elder Dragon/Mordekaiser/Viego (RU/SI),1,1,1
Seraphine (PZ/SI),Kalista/Seraphine (PZ/SI),1,1,1
Kalista/Seraphine (PZ/SI),Ekko/Janna (PZ/SI),1,1,1
Caitlyn/Teemo (FR/PZ),Ezreal/Seraphine (IO/PZ),1,1,1
Morgana/Taliyah (DE/SH),Taliyah/Zilean (IO/SH),1,1,1
Morgana/Taliyah (DE/SH),Janna/Viktor/Zoe (MT/PZ),1,1,1
Jinx (PZ/SH),Morgana/Taliyah (DE/SH),1,1,1
Master Yi (IO/PZ),Caitlyn/Teemo (BC/PZ),1,1,1
Ezreal/Twisted Fate (BW/PZ),Gangplank/Sejuani (BW/FR),1,1,1
Gnar/Neeko (FR/RU),Kalista (PZ/SI),1,1,1
Elise/Kalista (DE/SI),Braum/Yuumi/Zoe (FR/MT),1,1,1
Ashe (FR/PZ),Garen/Lulu (DE/IO),1,1,1
Senna/Veigar (BC/SI),Caitlyn/Teemo (BC/PZ),1,1,1
Teemo (PZ/SI),Ashe/Caitlyn (FR/PZ),1,1,1
Braum/Gnar (FR/MT),Teemo (PZ/SI),1,1,1
Teemo (PZ/SI),Ashe (FR/PZ),1,1,1
Sejuani/Teemo (FR/PZ),Seraphine (PZ/SI),1,1,1
Pyke/Rek'Sai (BW/SH),Mordekaiser (SI),1,1,1
Pyke/Rek'Sai (BW/SH),Braum/Vladimir (FR/NX),1,1,1
Pyke/Rek'Sai (BW/SH),Aphelios/Lee Sin (IO/MT),1,1,1
Mordekaiser (SI),Karma/Sett (FR/IO),1,1,1
Caitlyn/Teemo (BC/PZ),Caitlyn/Lissandra (FR/PZ),1,1,1
Ezreal/Nilah (BW/PZ),Caitlyn/Swain (NX/PZ),1,1,1
Hecarim (IO/SI),Azir/Nasus (SH),1,1,1
Morgana/Udyr (DE/FR),Master Yi (DE/IO),1,1,1
Morgana/Udyr (DE/FR),Aurelion Sol/Elder Dragon (RU/MT),1,1,1
Morgana/Udyr (DE/FR),Nami/Teemo (BW/PZ),1,1,1
Janna (PZ/SI),Darius/Katarina (FR/NX),1,1,1
Ashe (FR/PZ),Gwen/Hecarim (FR/SI),1,1,1
Draven/Jinx (NX/PZ),Irelia/Quinn (DE/IO),1,1,1
Championless (SI),Akshan/Sivir (FR/SH),1,1,1
Nilah/Twisted Fate (BW/PZ),Darius/Tryndamere (FR/NX),1,1,1
Nilah/Twisted Fate (BW/PZ),Gwen/Ornn (FR/SI),1,1,1
Miss Fortune (BW/NX),Nilah/Twisted Fate (BW/PZ),1,1,1
Nilah/Twisted Fate (BW/PZ),Ashe/Zoe (FR/MT),1,1,1
Nilah/Twisted Fate (BW/PZ),Elise/Gwen (NX/SI),1,1,1
Nilah/Twisted Fate (BW/PZ),Lux: Illuminated/Vex (BC/DE),1,1,1
Caitlyn/Teemo (DE/PZ),Azir/Irelia (IO/SH),1,1,1
Ezreal/Nilah (BW/PZ),Ezreal/Kennen (IO/PZ),1,1,1
Teemo/Yuumi (BC/MT),Elder Dragon/Morgana/Shyvana (RU/DE),1,1,1
Caitlyn/Teemo (FR/PZ),Kai'Sa/Nidalee (DE/SH),1,1,1
Norra (BC/FR),Annie/Master Yi (IO/NX),1,1,1
Elder Dragon/Norra/Vex (RU/BC),Norra (BC/FR),1,1,1
Senna/Veigar (BC/SI),Aphelios/Taric (MT/PZ),1,1,1
Elise/Norra (BC/SI),Seraphine/Zoe (MT/PZ),1,1,1
Diana/Zoe (MT/SI),Lulu/Shen (DE/IO),1,1,1
Karma/Sett (FR/IO),Kindred (DE/SI),1,1,1
Elder Dragon/Morgana (RU/DE),Aurelion Sol/Zoe (MT),1,1,1
The Poro King (FR/RU),Aurelion Sol/Zoe (MT),1,1,1
Elise/Norra (BC/SI),Irelia/Quinn (DE/IO),1,1,1
Ashe/LeBlanc (FR/NX),Ezreal/Teemo (PZ/SI),1,1,1
Janna/Nilah (BW/PZ),Elise/Norra (BC/SI),1,1,1
Karma/Sett (FR/IO),Aurelion Sol/Kayle/Shyvana (DE/MT),1,1,1
Nidalee (BC/SH),Championless (BW/PZ),1,1,1
Darius/Katarina (FR/NX),Nidalee (BC/SH),1,1,1
Caitlyn/Teemo (DE/PZ),Aphelios/Seraphine (MT/PZ),1,1,1
Kindred/Senna (PZ/SI),Caitlyn/Teemo (BC/PZ),1,1,1
Aurelion Sol/Kayle/Shyvana (DE/MT),Caitlyn/Norra (BC/PZ),1,1,1
Caitlyn/Teemo (FR/PZ),Championless (BW/PZ),1,1,1
Azir/Irelia (IO/SH),Hecarim/Thresh (IO/SI),1,1,1
Azir/Irelia (IO/SH),Teemo (PZ/SI),1,1,1
Azir/Irelia (IO/SH),Ezreal/Miss Fortune (BW/PZ),1,1,1
Braum (DE/FR),Jayce/Norra (BC/PZ),1,1,1
Aurelion Sol/Braum (FR/MT),Morgana/Yuumi (DE/MT),1,1,1
Aurelion Sol/Braum (FR/MT),Gnar/Lillia (FR/IO),1,1,1
Annie/Gwen (NX/SI),Heimerdinger (FR/PZ),1,1,1
Darius/Gnar (FR/NX),Darius/Katarina (FR/NX),1,1,1
Elder Dragon/Seraphine/Viktor (RU/PZ),Aatrox/Kayn (RU/RU),1,1,1
Poppy/Ziggs (BC/NX),Annie/Miss Fortune (BW/NX),1,1,1
Caitlyn/Teemo (BC/PZ),Elise/Kalista (FR/SI),1,1,1
Elder Dragon/Morgana (RU/DE),Aurelion Sol/Elder Dragon (RU/MT),1,1,1
Elder Dragon/Norra (RU/BC),Elder Dragon/Galio/Morgana (RU/DE),1,1,1
Elder Dragon/Norra (RU/BC),Annie/Teemo (NX/PZ),1,1,1
Nasus (SI/SH),Caitlyn/Teemo (FR/PZ),1,1,1
Nasus (SI/SH),Ekko/Zilean (PZ/SH),1,1,1
Caitlyn/Teemo (BC/PZ),Nasus (SI/SH),1,1,1
Nasus (SI/SH),Fiora (DE/SH),1,1,1
Elder Dragon/Tryndamere (RU/FR),Fiora (DE/SH),1,1,1
Janna/Nilah (BW/PZ),Senna/Veigar (BC/SI),1,1,1
Azir/Irelia (IO/SH),Mordekaiser/Viego (SI),1,1,1
Evelynn/Kai'Sa (RU/SH),Nasus/Thresh (SI/SH),1,1,1
Nasus/Thresh (SI/SH),Master Yi/Taric (IO/MT),1,1,1
Annie/Jhin (RU/NX),Master Yi/Taric (IO/MT),1,1,1
Hecarim/Thresh (IO/SI),Lissandra/Mordekaiser (FR/SI),1,1,1
Lissandra/Mordekaiser (FR/SI),Ashe (FR/PZ),1,1,1
Senna (PZ/SI),Lux: Illuminated/Vex (BC/DE),1,1,1
Poppy/Taric (DE/MT),Elder Dragon/Volibear (RU/FR),1,1,1
Elder Dragon/Volibear (RU/FR),Caitlyn/Teemo (DE/PZ),1,1,1
Nilah/Twisted Fate (BW/PZ),Championless (BW/PZ),1,1,1
Championless (BW/PZ),Ezreal/Kennen (IO/PZ),1,1,1
Aatrox/Kayn (RU/RU),LeBlanc/Sivir (NX/SH),1,1,1
Master Yi/Riven (IO/NX),Lee Sin/Teemo (BC/IO),1,1,1
Neeko/Poppy (BC/RU),Hecarim/Zed (IO/SI),1,1,1
Championless (BC/IO),Garen (DE/SH),1,1,1
Pyke/Rek'Sai (BW/SH),Fiora/Katarina/Lux: Illuminated (DE/NX),1,1,1
Pyke/Rek'Sai (BW/SH),Darius/Sion (NX),1,1,1
Pyke/Rek'Sai (BW/SH),Karma/Master Yi (FR/IO),1,1,1
Tahm Kench/Udyr (BW/FR),Pyke/Rek'Sai (BW/SH),1,1,1
Ashe/LeBlanc (FR/NX),Teemo (PZ/SI),1,1,1
Ashe/LeBlanc (FR/NX),Darius/Katarina (FR/NX),1,1,1
Elise/Kalista (FR/SI),Darius/Katarina (FR/NX),1,1,1
Nidalee (BC/SH),The Poro King (RU/SH),1,1,1
Annie/Gwen (NX/SI),Irelia/Quinn (DE/IO),1,1,1
Irelia/Quinn (DE/IO),Ashe/LeBlanc (FR/NX),1,1,1
Caitlyn/Teemo (DE/PZ),Bard/Caitlyn (RU/PZ),1,1,1
Nilah/Twisted Fate (BW/PZ),Ekko/Nilah (BW/PZ),1,1,1
Nilah/Twisted Fate (BW/PZ),Kalista (SI),1,1,1
Nilah/Twisted Fate (BW/PZ),Azir/Renekton (SH),1,1,1
Darius/Katarina (FR/NX),Braum/Udyr (FR/MT),1,1,1
Caitlyn/Teemo (FR/PZ),Nidalee (BC/SH),1,1,1
Annie/Swain (NX/SI),Nilah/Twisted Fate (BW/NX),1,1,1
Jack/Sett (BW/IO),Gangplank/Miss Fortune (BW/PZ),1,1,1
Jack/Sett (BW/IO),Mordekaiser/Norra (BC/SI),1,1,1
Jack/Sett (BW/IO),The Poro King (DE/RU),1,1,1
Jack/Sett (BW/IO),Fiora/Jarvan IV/Shen (DE/IO),1,1,1
Elder Dragon/Trundle (RU/FR),Aurelion Sol/Zoe (MT),1,1,1
Maokai/Nautilus (BW/SI),Aurelion Sol/Zoe (MT),1,1,1
Aurelion Sol/Braum (FR/MT),Norra/Vex (BC/SI),1,1,1
Janna/Ryze (PZ/RU),Kindred (DE/SI),1,1,1
Nilah/Twisted Fate (BW/PZ),Garen/Udyr (DE/FR),1,1,1
Evelynn/Lucian (DE/RU),Ashe (FR/PZ),1,1,1
Elder Dragon/Lissandra/Volibear (RU/FR),Caitlyn/Teemo (FR/PZ),1,1,1
Swain/Udyr (FR/NX),Caitlyn/Teemo (BC/PZ),1,1,1
Elise (FR/SI),Nami/Nilah (BW/SI),1,1,1
Azir/Irelia (IO/SH),Trundle/Volibear (DE/FR),1,1,1
Aurelion Sol/Braum (FR/MT),Championpile (DE/SH),1,1,1
Norra/Zoe (BC/MT),Aurelion Sol/Braum (FR/MT),1,1,1
Aurelion Sol/Braum (FR/MT),Senna/Veigar (BC/SI),1,1,1
Aurelion Sol/Braum (FR/MT),Jax/Ornn (FR/RU),1,1,1
Aurelion Sol/Braum (FR/MT),Aatrox/Morgana/Vayne (RU/DE),1,1,1
Elder Dragon/Morgana (RU/DE),Elder Dragon/Seraphine/Viktor (RU/PZ),1,1,1
Elder Dragon/Seraphine/Viktor (RU/PZ),Evelynn/Kai'Sa (RU/SH),1,1,1
Caitlyn/Teemo (FR/PZ),Diana/Nocturne (MT/SI),1,1,1
Elder Dragon/Volibear (RU/FR),Galio/Garen/Jarvan IV (DE),1,1,1
Gnar/Nidalee (BC/SH),Caitlyn/Teemo (BC/PZ),1,1,1
Elder Dragon/Trundle (RU/FR),Mordekaiser/Norra (BC/SI),1,1,1
Gnar/Nidalee (BC/SH),Hecarim/Nilah (BW/SI),1,1,1
Akshan/Sivir (FR/SH),Akshan/Master Yi (IO/SH),1,1,1
Elder Dragon/Mordekaiser/Viego (RU/SI),Evelynn/Kindred (RU/SI),1,1,1
Elder Dragon/Mordekaiser/Viego (RU/SI),Darius (IO/NX),1,1,1
Kindred (PZ/SI),Nasus (SI/SH),1,1,1
Nasus (SI/SH),LeBlanc/Sion (FR/NX),1,1,1
Nasus (SI/SH),Janna/Lulu (IO/PZ),1,1,1
Nasus (SI/SH),Azir/Hecarim (SI/SH),1,1,1
Nasus/Thresh (SI/SH),Fizz/Nami (BW/SI),1,1,1
Nasus/Thresh (SI/SH),Samira (BW/NX),1,1,1
Nasus/Thresh (SI/SH),LeBlanc (BW/NX),1,1,1
Nasus/Thresh (SI/SH),Karma/Sett (FR/IO),1,1,1
Nasus/Thresh (SI/SH),Kalista/Mordekaiser (SI),1,1,1
Nasus/Thresh (SI/SH),Draven/Jinx (NX/PZ),1,1,1
Elder Dragon/Lissandra/Trundle/Volibear (RU/FR),Nasus/Thresh (SI/SH),1,1,1
Nasus/Thresh (SI/SH),Aurelion Sol/Elder Dragon (RU/MT),1,1,1
Nasus/Thresh (SI/SH),Elder Dragon (RU/FR),1,1,1
Aphelios/LeBlanc (MT/NX),Nasus/Thresh (SI/SH),1,1,1
Nasus/Thresh (SI/SH),Lissandra (FR/NX),1,1,1
Nasus/Thresh (SI/SH),Morgana/Poppy (BC/DE),1,1,1
Annie/Jhin (RU/NX),Caitlyn/Jayce (PZ/SI),1,1,1
Kayle (BW/MT),Aurelion Sol/Malphite (MT),1,1,1
Championless (BC/IO),Akshan/Fiora (DE/SH),1,1,1
Lulu/Zed (DE/IO),Nilah/Twisted Fate (BW/PZ),1,1,1
Pyke/Rek'Sai (BW/SH),Championpile (DE/SH),1,1,1
Janna/Nilah (BW/PZ),Gwen/LeBlanc (NX/SI),1,1,1
Ezreal/Seraphine (BC/PZ),Ezreal/Seraphine (PZ/SI),1,1,1
Annie/Katarina (BC/NX),Championpile (DE/SH),1,1,1
Elder Dragon/Morgana (RU/DE),Fizz/Nami (BC/BW),1,1,1
Akshan/Master Yi (IO/SH),LeBlanc/Sivir (NX/SH),1,1,1
The Poro King (MT/RU),Lissandra/Volibear (BW/FR),1,1,1
The Poro King (MT/RU),Sejuani/Teemo (FR/PZ),1,1,1
Championless (SI),Hecarim (IO/SI),1,1,1
Championless (SI),Ezreal/Janna/Karma (IO/PZ),1,1,1
Draven/Jinx (NX/PZ),Janna/Lissandra (FR/PZ),1,1,1
Ashe/LeBlanc (FR/NX),Lissandra/Master Yi (FR/IO),1,1,1
Elise (FR/SI),Evelynn/Kai'Sa (RU/SH),1,1,1
Elise (FR/SI),Caitlyn/Teemo (FR/PZ),1,1,1
Thresh/Viego (SI),Norra/Vex (BC/SI),1,1,1
Hecarim (IO/SI),Aurelion Sol/Zoe (MT),1,1,1
Aurelion Sol/Zoe (MT),Teemo/Zoe (MT/PZ),1,1,1
Heimerdinger/Viktor (IO/PZ),Gangplank/Twisted Fate (BW/NX),1,1,1
The Poro King (MT/RU),Gangplank/Twisted Fate (BW/NX),1,1,1
Nami/Nilah (BW/SI),Annie/Gwen (NX/SI),1,1,1
Teemo/Tristana (BC/SI),Maokai (BW/SI),1,1,1
Championless (SI),Evelynn (RU/FR),1,1,1
Annie/Gwen (NX/SI),Evelynn (RU/FR),1,1,1
Ezreal/Seraphine (NX/PZ),Norra/Swain (BC/NX),1,1,1
Kayle/Lux: Illuminated (DE/MT),Gwen/Kalista (NX/SI),1,1,1
Aphelios/Draven (MT/NX),Gwen/Kalista (NX/SI),1,1,1
Gwen/Kalista (NX/SI),Aphelios/Viktor (MT/PZ),1,1,1
Mordekaiser/Norra (BC/SI),LeBlanc/Sivir (NX/SH),1,1,1
Elder Dragon/Morgana (RU/DE),Gnar/Jinx (BC/PZ),1,1,1
Ezreal/Seraphine (BC/PZ),Ezreal/Seraphine (NX/PZ),1,1,1
Nasus/Thresh (SI/SH),Katarina/Yasuo (IO/NX),1,1,1
Nasus/Thresh (SI/SH),Jax/Kai'Sa/Rek'Sai (RU/SH),1,1,1
Elder Dragon (RU/SI),Nasus/Thresh (SI/SH),1,1,1
Nasus/Thresh (SI/SH),The Poro King (DE/RU),1,1,1
Nasus/Thresh (SI/SH),Galio/Soraka (DE/MT),1,1,1
Elise (PZ/SI),Maokai (BW/SI),1,1,1
Ashe/LeBlanc (FR/NX),Elise (FR/SI),1,1,1
Lulu/Poppy (BC/DE),Azir/Irelia (IO/SH),1,1,1
Ahri/Kennen (IO/SI),Elder Dragon/Norra/Vex (RU/BC),1,1,1
Elder Dragon (RU/MT),Aurelion Sol/Zoe (MT),1,1,1
Caitlyn/Norra (BC/PZ),Yasuo/Zed (IO/MT),1,1,1
Bard/Sion (RU/NX),Ryze (RU/SI),1,1,1
Elder Dragon/Volibear (RU/FR),Bard/Sion (RU/NX),1,1,1
Nasus/Thresh (SI/SH),Tryndamere (FR),1,1,1
Ezreal/Karma/Viktor (IO/PZ),Nasus/Thresh (SI/SH),1,1,1
Nasus/Thresh (SI/SH),Elise/Senna (FR/SI),1,1,1
Aurelion Sol/Tryndamere (FR/MT),Nasus/Thresh (SI/SH),1,1,1
Ekko/Jinx (PZ/SH),Nasus/Thresh (SI/SH),1,1,1
Ziggs (BC/SH),Nasus/Thresh (SI/SH),1,1,1
Nasus/Thresh (SI/SH),Soraka/Tahm Kench (BW/MT),1,1,1
Nasus/Thresh (SI/SH),Xerath/Zilean (BC/SH),1,1,1
Elise (PZ/SI),Aurelion Sol/Elder Dragon/Soraka (RU/MT),1,1,1
Elder Dragon/Trundle/Volibear (RU/FR),Miss Fortune/Twisted Fate (BW/NX),1,1,1
Hecarim (IO/SI),Twisted Fate (BW/PZ),1,1,1
Hecarim (IO/SI),Karma/Sett (IO/PZ),1,1,1
Hecarim (IO/SI),Fiora (DE/SH),1,1,1
Hecarim (IO/SI),Katarina/Yasuo (IO/NX),1,1,1
Maokai/Nautilus (BW/SI),Vex (BC/SI),1,1,1
Zed (IO/SI),Master Yi/Zilean (IO/SH),1,1,1
Jarvan IV/Tryndamere/Volibear (DE/FR),Maokai/Nautilus (BW/SI),1,1,1
Norra/Vex (BC/SI),Norra (BC/PZ),1,1,1
Akshan/Pantheon (MT/SH),Kindred (DE/SI),1,1,1
Evelynn/Lucian (DE/RU),Garen/Udyr (DE/FR),1,1,1
Garen/Udyr (DE/FR),Annie/Jhin/Katarina (RU/NX),1,1,1
Evelynn/Lucian (DE/RU),Nidalee (BC/SH),1,1,1
Gwen/Kalista (NX/SI),Kalista (PZ/SI),1,1,1
Kalista/Seraphine (PZ/SI),LeBlanc/Udyr (FR/NX),1,1,1
LeBlanc/Udyr (FR/NX),Bard/Norra (BC/RU),1,1,1
Teemo/Zoe (BC/MT),Elder Dragon/Volibear (RU/FR),1,1,1
Akshan/Lee Sin (IO/SH),Bard/Mordekaiser (RU/SI),1,1,1
Ezreal/Seraphine (BC/PZ),Bard/Mordekaiser (RU/SI),1,1,1
Nilah/Twisted Fate (BW/PZ),Darius/Miss Fortune (BW/NX),1,1,1
Nilah/Twisted Fate (BW/PZ),Karma/Sett (IO/PZ),1,1,1
Nilah/Twisted Fate (BW/PZ),Braum (FR/NX),1,1,1
Braum/Yuumi/Zoe (FR/MT),Championless (IO/SI),1,1,1
Darius/Gnar (FR/NX),Braum/Yuumi/Zoe (FR/MT),1,1,1
Braum/Yuumi/Zoe (FR/MT),Lux: Illuminated/Vex (BC/DE),1,1,1
Braum/Yuumi/Zoe (FR/MT),Championpile (DE/FR),1,1,1
Akshan/Pyke (BW/SH),Bard/Norra (BC/RU),1,1,1
Tryndamere (FR),Hecarim (IO/SI),1,1,1
Hecarim (IO/SI),Karma/Shen/Zed (IO),1,1,1
Hecarim (IO/SI),Braum/Soraka (FR/MT),1,1,1
Maokai/Nautilus (BW/SI),Elder Dragon/Evelynn (RU/RU),1,1,1
Maokai/Nautilus (BW/SI),Aatrox/Kayn (RU/RU),1,1,1
Maokai/Nautilus (BW/SI),Galio/Garen/Jarvan IV (DE/MT),1,1,1
Mordekaiser/Norra (BC/SI),Teemo/Vi (BC/PZ),1,1,1
Mordekaiser/Norra (BC/SI),Elise/Senna (FR/SI),1,1,1
Elder Dragon/Seraphine/Viktor (RU/PZ),Kayle/Yuumi (IO/MT),1,1,1
Master Yi/Zilean (IO/SH),Soraka/Tahm Kench (BW/MT),1,1,1
Master Yi/Zilean (IO/SH),Elder Dragon (RU/FR),1,1,1
Master Yi/Zilean (IO/SH),Katarina/Mordekaiser/Sion (NX/SI),1,1,1
Nidalee (BC/SH),Gwen/Kalista (NX/SI),1,1,1
Gwen/Kalista (NX/SI),Draven/Jinx (NX/PZ),1,1,1
Fiora/Udyr (DE/FR),Bard/Norra (BC/RU),1,1,1
Fiora/Udyr (DE/FR),Ezreal/Kennen (IO/PZ),1,1,1
Karma/Master Yi/Seraphine (IO/PZ),Darius/Draven/Gnar (FR/NX),1,1,1
Ryze (IO/RU),Annie/Jhin (RU/NX),1,1,1
Pyke/Rek'Sai (BW/SH),Kai'Sa/Rumble (NX/SH),1,1,1
Poppy/Ziggs (BC/NX),Nocturne/Vex (PZ/SI),1,1,1
Swain/Yasuo (IO/NX),Pyke/Rek'Sai (BW/SH),1,1,1
Braum/Kayle (FR/MT),Akshan/Elder Dragon/Sivir (RU/SH),1,1,1
Draven/Jinx (NX/PZ),Ezreal/Kennen (IO/PZ),1,1,1
Elder Dragon/Seraphine/Viktor (RU/PZ),Caitlyn/Teemo (FR/PZ),1,1,1
Pyke/Rek'Sai (BW/SH),Hecarim (IO/SI),1,1,1
Hecarim (IO/SI),Twisted Fate (BW/SI),1,1,1
Karma/Seraphine/Sett (IO/PZ),Championless (BW/SI),1,1,1
Karma/Seraphine/Sett (IO/PZ),Gangplank/Miss Fortune (BW/DE),1,1,1
Caitlyn/Teemo (BC/PZ),Karma/Seraphine/Sett (IO/PZ),1,1,1
Ashe/Sejuani (FR/PZ),Ezreal/Kennen (IO/PZ),1,1,1
Bard/Ekko (RU/PZ),Ezreal/Kennen (IO/PZ),1,1,1
Azir/Irelia (IO/SH),Ashe/Garen (DE/FR),1,1,1
Garen/Lulu (DE/IO),Bard/Ekko (RU/PZ),1,1,1
Bard/Ekko (RU/PZ),Ezreal/Nilah (BW/PZ),1,1,1
Lucian/Lux: Illuminated (DE/IO),Evelynn/Lucian (DE/RU),1,1,1
Soraka/Tahm Kench (BW/MT),Kayle/Zoe (MT/SI),1,1,1
Elder Dragon/Norra (RU/BC),Master Yi (IO/PZ),1,1,1
The Poro King (FR/RU),Akshan/Lee Sin (IO/SH),1,1,1
Galio/Garen/Jarvan IV (DE/MT),Caitlyn/Teemo (FR/PZ),1,1,1
Elder Dragon/Elise/Kalista (RU/SI),Yasuo (IO/NX),1,1,1
Rumble/Vayne (DE/NX),Mordekaiser/Viego (NX/SI),1,1,1
Elder Dragon/Gnar/Norra (RU/BC),Azir/Irelia (IO/SH),1,1,1
Ezreal/Nilah (BW/PZ),Akshan/Sivir (DE/SH),1,1,1
Annie/Gwen (NX/SI),Akshan/Sivir (DE/SH),1,1,1
Braum/Norra (BC/FR),Nilah/Twisted Fate (BW/PZ),1,1,1
Ezreal/Nilah (BW/PZ),Ashe/Janna (FR/PZ),1,1,1
Ezreal/Nilah (BW/PZ),Aphelios/Diana (MT/SI),1,1,1
Maokai/Nautilus (BW/SI),Hecarim (IO/SI),1,1,1
Aurelion Sol/Zoe (FR/MT),Maokai/Nautilus (BW/SI),1,1,1
Championless (SI),Soraka/Taric (BW/MT),1,1,1
Ezreal/Nilah (BW/PZ),Braum/Zoe (FR/MT),1,1,1
Ezreal/Nilah (BW/PZ),Lulu/Zed (DE/IO),1,1,1
Mordekaiser/Norra (BC/SI),Galio/Udyr (DE/FR),1,1,1
Galio/Udyr (DE/FR),Jarvan IV/Renekton (DE/SH),1,1,1
Braum/Zoe (FR/MT),Seraphine (BW/PZ),1,1,1
Braum/Zoe (FR/MT),Sejuani/Zoe (FR/MT),1,1,1
Nocturne/Vex (PZ/SI),Braum/Vladimir (FR/NX),1,1,1
Ezreal/Seraphine (BC/PZ),Aphelios/Zoe (BC/MT),1,1,1
Braum/The Poro King (FR/RU),Aphelios/Zoe (BC/MT),1,1,1
Aphelios/Zoe (BC/MT),Nilah/Twisted Fate (BW/PZ),1,1,1
Aphelios/Zoe (BC/MT),Kalista/Seraphine (PZ/SI),1,1,1
Elder Dragon/Volibear (RU/FR),Braum/Kayle (FR/MT),1,1,1
Braum/Kayle (FR/MT),Aurelion Sol/Zoe (FR/MT),1,1,1
Malphite/Yasuo (IO/MT),Braum/Kayle (FR/MT),1,1,1
Janna/Norra (BC/PZ),Kalista/Seraphine (PZ/SI),1,1,1
Gwen/LeBlanc (NX/SI),Norra (BC/PZ),1,1,1
Caitlyn/Teemo (BC/PZ),Janna/Norra (BC/PZ),1,1,1
Soraka/Taric (BW/MT),Gangplank/Twisted Fate (BW/NX),1,1,1
Gangplank/Twisted Fate (BW/NX),Elder Dragon/Shyvana (RU/DE),1,1,1
Norra/Tristana (BC/IO),Gangplank/Twisted Fate (BW/NX),1,1,1
Gangplank/Twisted Fate (BW/NX),Fizz/Miss Fortune (BC/BW),1,1,1
Ashe/LeBlanc (FR/NX),Gwen/Katarina (NX/SI),1,1,1
Nidalee (BC/SH),Braum/The Poro King (FR/RU),1,1,1
Gnar/Taliyah (FR/SH),Azir/Irelia (IO/SH),1,1,1
Azir/Irelia (IO/SH),Kindred/Viego (SI/SH),1,1,1
Heimerdinger/Viktor (IO/PZ),Ryze (IO/RU),1,1,1
Rumble/Vayne (DE/NX),Hecarim (IO/SI),1,1,1
Hecarim (IO/SI),Ashe/Fiora (DE/FR),1,1,1
Sejuani/Teemo (FR/PZ),Draven/Jinx (NX/PZ),1,1,1
Karma/Seraphine/Sett (IO/PZ),Soraka/Tahm Kench (BW/MT),1,1,1
Karma/Seraphine/Sett (IO/PZ),Jax/Ornn (FR/RU),1,1,1
Karma/Seraphine/Sett (IO/PZ),Darius/Miss Fortune (BW/NX),1,1,1
Karma/Seraphine/Sett (IO/PZ),Poppy/Taric (DE/MT),1,1,1
Karma/Seraphine/Sett (IO/PZ),Akshan/Pantheon (MT/SH),1,1,1
Norra (BC/SI),Ezreal/Kennen (IO/PZ),1,1,1
Ezreal/Kennen (IO/PZ),Annie/Gwen (NX/SI),1,1,1
Evelynn (RU/FR),Elder Dragon/Lissandra/Trundle (RU/FR),1,1,1
Elder Dragon/Seraphine/Viktor (RU/PZ),Championpile (DE/IO),1,1,1
Norra/Swain (BC/NX),Katarina/Yasuo (IO/NX),1,1,1
LeBlanc/Udyr (FR/NX),Akshan/Master Yi (IO/SH),1,1,1
Nami/Seraphine (BW/PZ),Katarina/Yasuo (IO/NX),1,1,1
Nami/Seraphine (BW/PZ),Nami/Nilah (BW/PZ),1,1,1
Annie/Jhin (RU/NX),Soraka/Tahm Kench (BW/MT),1,1,1
Soraka/Tahm Kench (BW/MT),Bard/Janna (RU/PZ),1,1,1
Soraka/Tahm Kench (BW/MT),Aatrox/Kayn (RU/RU),1,1,1
Soraka/Tahm Kench (BW/MT),Azir/Elder Dragon (RU/SH),1,1,1
Teemo/Zoe (MT/PZ),Caitlyn/Teemo (BC/PZ),1,1,1
Master Yi (IO/PZ),Caitlyn/Norra (BC/PZ),1,1,1
Nami/Samira (BW/NX),Teemo (BC/PZ),1,1,1
Braum/Norra (BC/FR),Norra/Zoe (BC/MT),1,1,1
Gwen/Katarina (NX/SI),Braum/The Poro King (FR/RU),1,1,1
Braum/The Poro King (FR/RU),Janna (PZ/SI),1,1,1
Azir/Irelia (IO/SH),Thresh/Viego (SI),1,1,1
Janna/Nilah (BW/PZ),Draven/Katarina (FR/NX),1,1,1
Garen/Udyr (DE/FR),Fizz/Nami/Seraphine (BW/PZ),1,1,1
Garen/Udyr (DE/FR),Norra (BC/PZ),1,1,1
Janna/Nilah (BW/PZ),Garen/Lucian (DE/PZ),1,1,1
Garen/Lucian (DE/PZ),Neeko/Norra (BC/RU),1,1,1
Elder Dragon/Volibear (RU/FR),Vex (BC/SI),1,1,1
Fiora/Shen (DE/IO),Lissandra/Mordekaiser (FR/SI),1,1,1
Morgana/Seraphine (MT/PZ),Aatrox/Kayn (RU/RU),1,1,1
Ezreal/Seraphine (IO/PZ),Master Yi/Riven (IO/NX),1,1,1
Master Yi/Riven (IO/NX),Evelynn/Kindred (RU/SI),1,1,1
Master Yi/Riven (IO/NX),Aatrox/Kayn (RU/RU),1,1,1
Master Yi/Udyr (FR/IO),Bard/Norra (BC/RU),1,1,1
Ezreal/Seraphine (BC/PZ),Championless (BC/IO),1,1,1
Heimerdinger/Viktor (IO/PZ),Nasus/Thresh (SI/SH),1,1,1
Heimerdinger/Viktor (IO/PZ),Elder Dragon/Trundle (RU/FR),1,1,1
Gwen/Katarina (NX/SI),Caitlyn/Lissandra (FR/PZ),1,1,1
Pyke/Rek'Sai (BW/SH),Ashe (FR/SI),1,1,1
Pyke/Rek'Sai (BW/SH),Irelia/Miss Fortune (BW/IO),1,1,1
Championless (PZ/SI),Jinx/Lulu (BC/PZ),1,1,1
Caitlyn/Teemo (BC/PZ),LeBlanc/Udyr (FR/NX),1,1,1
Championless (SI),Aurelion Sol/Zoe (MT),1,1,1
Heimerdinger/Jayce (PZ/SI),Championless (SI),1,1,1
Elder Dragon (RU/FR),Maokai/Nautilus (BW/SI),1,1,1
Elder Dragon/Norra (RU/BC),Akshan/Lee Sin (IO/SH),1,1,1
Janna/Nilah (BW/PZ),Braum/The Poro King (FR/RU),1,1,1
Janna/Nilah (BW/PZ),Evelynn/Lucian (DE/RU),1,1,1
Ezreal/Seraphine (PZ/SI),Nilah (BW/PZ),1,1,1
Elder Dragon/Seraphine/Viktor (RU/PZ),Elder Dragon/Viktor (RU/PZ),1,1,1
Elder Dragon/Seraphine/Viktor (RU/PZ),Gnar (FR/NX),1,1,1
Azir/Irelia (IO/SH),Azir/Xerath/Zilean (SH),1,1,1
Ezreal/Seraphine (PZ/SI),Ezreal/Nilah (BW/PZ),1,1,1
Evelynn/Kai'Sa (RU/SH),Ezreal/Seraphine (PZ/SI),1,1,1
Annie/Gwen (NX/SI),Braum/Udyr (DE/FR),1,1,1
Jinx/Nilah (BW/PZ),Janna/Nilah (BW/PZ),1,1,1
Braum/Zoe (FR/MT),Jinx/Nilah (BW/PZ),1,1,1
Nilah/Twisted Fate (BW/PZ),Fiora/Udyr (DE/FR),1,1,1
Fiora/Udyr (DE/FR),Fizz/Teemo (BC/PZ),1,1,1
Fiora/Udyr (DE/FR),Nidalee (BC/SH),1,1,1
Evelynn/Lucian (DE/RU),Ezreal/Nilah (BW/PZ),1,1,1
Ezreal/Nilah (BW/PZ),Gwen/Katarina (NX/SI),1,1,1
Championless (SI),Braum/Zoe (FR/MT),1,1,1
Master Yi/Taric (IO/MT),Championless (SI),1,1,1
Pyke/Rek'Sai (BW/SH),Lissandra/Taliyah (FR/SH),1,1,1
Ezreal/Seraphine (BC/PZ),Ashe/LeBlanc (FR/NX),1,1,1
Annie/Gwen (NX/SI),Teemo (BC/PZ),1,1,1
Championless (BC/IO),Aurelion Sol/Elder Dragon (RU/MT),1,1,1
Championless (BC/IO),Braum/Kayle (FR/MT),1,1,1
Nidalee (BC/SH),Garen/Udyr (DE/FR),1,1,1
Elder Dragon/Volibear (RU/FR),Norra/Poppy (BC/DE),1,1,1
Norra/Poppy (BC/DE),Hecarim (IO/SI),1,1,1
Karma/Seraphine/Sett (IO/PZ),Shyvana (DE/MT),1,1,1
Karma/Seraphine/Sett (IO/PZ),Gangplank/Swain (BW/NX),1,1,1
Karma/Seraphine/Sett (IO/PZ),Akshan/Lee Sin (IO/SH),1,1,1
Gwen/Katarina (NX/SI),Karma/Seraphine/Sett (IO/PZ),1,1,1
Karma/Seraphine/Sett (IO/PZ),Ahri/Yasuo (BC/IO),1,1,1
Karma/Seraphine/Sett (IO/PZ),Jarvan IV/Shen (DE/IO),1,1,1
Ezreal/Kennen (IO/PZ),Caitlyn/Teemo (FR/PZ),1,1,1
Ezreal/Kennen (IO/PZ),Braum/The Poro King (FR/RU),1,1,1
Ezreal/Kennen (IO/PZ),Teemo (PZ/SI),1,1,1
The Poro King (MT/RU),Ezreal/Kennen (IO/PZ),1,1,1
Swain/Yasuo (IO/NX),The Poro King (MT/RU),1,1,1
Caitlyn/Norra (BC/PZ),Championless (SI),1,1,1
Fiora (DE/SH),Caitlyn/Norra (BC/PZ),1,1,1
Miss Fortune (BW/NX),Caitlyn/Norra (BC/PZ),1,1,1
Caitlyn/Norra (BC/PZ),Heimerdinger/Viktor (IO/PZ),1,1,1
Evelynn/Lucian (DE/RU),Ezreal/Seraphine (BC/PZ),1,1,1
Ezreal/Kennen (IO/PZ),Darius/Gnar (FR/NX),1,1,1
Pyke/Rek'Sai (BW/SH),Kalista/Nasus (SI/SH),1,1,1
Pyke/Rek'Sai (BW/SH),Janna/Twisted Fate (BW/PZ),1,1,1
Draven/Seraphine (NX/PZ),Fiora (DE/FR),1,1,1
Elder Dragon/Norra (RU/BC),Evelynn/Viego (RU/SI),1,1,1
Bard/Sion (RU/NX),Leona/Yasuo (IO/MT),1,1,1
Gwen/Vayne (DE/SI),Bard/Sion (RU/NX),1,1,1
Nami/Samira (BW/NX),Ezreal/Seraphine (IO/PZ),1,1,1
Teemo (BC/PZ),Ezreal/Seraphine (IO/PZ),1,1,1
Braum/Zoe (FR/MT),Ezreal/Seraphine (IO/PZ),1,1,1
Lux: Illuminated/Shen (DE/IO),Ezreal/Seraphine (IO/PZ),1,1,1
Ezreal/Seraphine (BC/PZ),Aurelion Sol/Shyvana (DE/MT),1,1,1
Kindred/Mordekaiser (NX/SI),Ezreal/Seraphine (BC/PZ),1,1,1
Caitlyn/Teemo (BC/PZ),Evelynn/LeBlanc (RU/NX),1,1,1
Kindred (DE/SI),Swain/Vladimir (IO/NX),1,1,1
Elder Dragon/Morgana (RU/DE),Neeko (RU/NX),1,1,1
Zilean (BW/SH),Elder Dragon/Morgana (RU/DE),1,1,1
Elder Dragon/Morgana (RU/DE),Senna/Veigar (BC/SI),1,1,1
Master Yi (IO/PZ),Draven/Jinx (NX/PZ),1,1,1
Nami/Twisted Fate (BW/SI),Elder Dragon/Norra (RU/BC),1,1,1
Elder Dragon/Norra (RU/BC),Ashe/Fiora (DE/FR),1,1,1
Gnar/Jhin (BC/RU),Braum/The Poro King (FR/RU),1,1,1
Teemo (PZ/SI),Braum/The Poro King (FR/RU),1,1,1
Hecarim (IO/SI),Teemo (PZ/SI),1,1,1
Teemo (PZ/SI),Pyke/Rek'Sai (BW/SH),1,1,1
Janna/Mordekaiser (PZ/SI),Braum/The Poro King (FR/RU),1,1,1
Braum/Zoe (FR/MT),Fiora (DE/FR),1,1,1
Braum/Zoe (FR/MT),Ezreal/Janna (IO/PZ),1,1,1
Championpile (SH),Caitlyn/Teemo (BC/PZ),1,1,1
Sion (NX/SI),Yasuo (IO/NX),1,1,1
Azir/Xerath (SH),Sion (NX/SI),1,1,1
Elder Dragon/Lissandra (RU/FR),Elder Dragon/Volibear (RU/FR),1,1,1
Annie/Ezreal (NX/PZ),Annie/Yasuo (IO/NX),1,1,1
Elder Dragon/Volibear (RU/FR),Garen/Udyr (DE/FR),1,1,1
Azir/Irelia (IO/SH),Hecarim/Mordekaiser/Viego (FR/SI),1,1,1
Galio/Soraka (DE/MT),Hecarim/Zed (IO/SI),1,1,1
Braum/Udyr (DE/FR),Norra (BC/SI),1,1,1
Norra (BC/SI),Annie/Ezreal (NX/PZ),1,1,1
Championless (BC/SH),Pyke/Rek'Sai (BW/SH),1,1,1
Pyke/Rek'Sai (BW/SH),Azir (MT/SH),1,1,1
LeBlanc/Udyr (FR/NX),Lux: Illuminated/Shen (DE/IO),1,1,1
Darius/Katarina (FR/NX),Rek'Sai (BW/SH),1,1,1
Ziggs/Zilean (BC/SH),Nilah/Twisted Fate (BW/PZ),1,1,1
Nilah/Twisted Fate (BW/PZ),Elder Dragon/Sion (RU/NX),1,1,1
Nilah/Twisted Fate (BW/PZ),Gwen/Hecarim/Zed (IO/SI),1,1,1
Nilah/Twisted Fate (BW/PZ),Renekton (DE/SH),1,1,1
Nilah/Twisted Fate (BW/PZ),Lillia (BC/IO),1,1,1
Nilah/Twisted Fate (BW/PZ),Anivia/Braum (FR/SI),1,1,1
Nilah/Twisted Fate (BW/PZ),Janna (PZ/SH),1,1,1
Mordekaiser/Viego (SI/SH),Karma/Sett (FR/IO),1,1,1
Norra/Swain (BC/NX),Mordekaiser/Norra (BC/SI),1,1,1
Karma/Sett (FR/IO),Ezreal/Seraphine (BC/PZ),1,1,1
Elder Dragon/Morgana (RU/DE),Norra/Swain (BC/NX),1,1,1
Karma/Sett (FR/IO),Yasuo (IO/NX),1,1,1
Norra/Swain (BC/NX),Elder Dragon/Soraka (RU/MT),1,1,1
Norra/Swain (BC/NX),Jarvan IV/Kayn (DE/RU),1,1,1
Karma/Sett (FR/IO),Master Yi/Samira (IO/NX),1,1,1
Championless (SI),Norra/Swain (BC/NX),1,1,1
Norra/Swain (BC/NX),Akshan/Varus (SH/RU),1,1,1
Norra/Teemo (BC/SI),Norra/Swain (BC/NX),1,1,1
Akshan/Elder Dragon (RU/SH),Karma/Sett (FR/IO),1,1,1
Aphelios/Zoe (MT/PZ),Neeko/Poppy (DE/RU),1,1,1
Aphelios/Zoe (MT/PZ),Maokai (IO/SI),1,1,1
Aphelios/Zoe (MT/PZ),Poppy (BC/NX),1,1,1
Aphelios/Zoe (MT/PZ),Norra/Zoe (BC/MT),1,1,1
Aphelios/Zoe (MT/PZ),Akshan/Renekton (SH),1,1,1
Aphelios/Zoe (MT/PZ),Fiora (DE/FR),1,1,1
Aphelios/Zoe (MT/PZ),Annie/Jhin (RU/NX),1,1,1
Draven/Sion (NX/PZ),Teemo (BC/PZ),1,1,1
Draven/Sion (NX/PZ),Azir/Irelia (IO/SH),1,1,1
Draven/Sion (NX/PZ),Jinx/Lulu (BC/PZ),1,1,1
Draven/Sion (NX/PZ),Elder Dragon/Galio/Morgana (RU/DE),1,1,1
Akshan/Varus (SH/RU),Yasuo (IO/NX),1,1,1
Elder Dragon/Lissandra/Trundle (RU/FR),Aphelios/Zoe (MT),1,1,1
Seraphine (IO/PZ),Aphelios/Zoe (MT),1,1,1
Jinx/Lulu (BC/PZ),Gnar/Kai'Sa (BC/SH),1,1,1
Taliyah/Ziggs (BC/SH),Elder Dragon/Tryndamere (RU/FR),1,1,1
Azir/Irelia (IO/SH),Elder Dragon/Tryndamere (RU/FR),1,1,1
Elder Dragon/Tryndamere (RU/FR),Elder Dragon/Mordekaiser/Viego (RU/SI),1,1,1
Elder Dragon/Galio/Morgana (RU/DE),Lee Sin/Viktor (IO/PZ),1,1,1
Fiora/Shen (DE/IO),Akshan/Sivir (BC/SH),1,1,1
Evelynn/Riven (RU/NX),Akshan/Sivir (BC/SH),1,1,1
Miss Fortune/Quinn (BW/DE),Ahri (BC/IO),1,1,1
Miss Fortune/Quinn (BW/DE),Mordekaiser/Nasus (SI/SH),1,1,1
Miss Fortune/Quinn (BW/DE),Aurelion Sol/Zoe (FR/MT),1,1,1
Miss Fortune/Quinn (BW/DE),Ashe/Volibear (FR/NX),1,1,1
Darius/LeBlanc/Riven (BW/NX),Nasus (SI/SH),1,1,1
Darius/LeBlanc/Riven (BW/NX),Galio/Udyr (DE/FR),1,1,1
Malphite/Yasuo (IO/MT),Darius/LeBlanc/Riven (BW/NX),1,1,1
Lee Sin/Viktor (IO/PZ),Darius/LeBlanc/Riven (BW/NX),1,1,1
Darius/LeBlanc/Riven (BW/NX),Shyvana (DE/MT),1,1,1
Rumble (BC/PZ),Lissandra/Sejuani (FR/NX),1,1,1
Rumble (BC/PZ),Garen/Gnar/Udyr (DE/FR),1,1,1
Elder Dragon/Mordekaiser/Viego (RU/SI),Rumble (BC/PZ),1,1,1
Shen/Sivir (IO/SH),Rumble (BC/PZ),1,1,1
Rumble (BC/PZ),Ryze/Viktor (PZ/RU),1,1,1
Braum/Zoe (FR/MT),Rumble (BC/PZ),1,1,1
Kindred/Viego (BC/SI),Rumble (BC/PZ),1,1,1
Rumble (BC/PZ),Shen/Zed (DE/IO),1,1,1
Azir/Renekton (SH),Rumble (BC/PZ),1,1,1
Rumble (BC/PZ),Jax/Vayne (DE/RU),1,1,1
Hecarim/Zed (IO/SI),Rumble (BC/PZ),1,1,1
Taliyah/Zilean (IO/SH),Rumble (BC/PZ),1,1,1
Seraphine/Sett (IO/PZ),Rumble (BC/PZ),1,1,1
Rumble (BC/PZ),Evelynn/Lucian (DE/RU),1,1,1
The Poro King (BW/RU),Braum/Morgana/Udyr (DE/FR),1,1,1
The Poro King (NX/RU),Lillia/Seraphine (IO/PZ),1,1,1
Braum/Vladimir (FR/NX),Lillia/Seraphine (IO/PZ),1,1,1
Azir/Irelia (IO/SH),Jayce/Viktor (BW/PZ),1,1,1
Jayce/Viktor (BW/PZ),Caitlyn/Teemo (BC/PZ),1,1,1
Jayce/Viktor (BW/PZ),Ashe/Braum/Garen (DE/FR),1,1,1
Jayce/Viktor (BW/PZ),Fiora/Garen (DE/SH),1,1,1
Senna/Veigar (BC/SI),Jayce/Viktor (BW/PZ),1,1,1
Jayce/Viktor (BW/PZ),Taliyah/Zilean (IO/SH),1,1,1
Jayce/Viktor (BW/PZ),Elder Dragon/Volibear (RU/FR),1,1,1
Jayce/Viktor (BW/PZ),Ryze (IO/RU),1,1,1
Nilah/Twisted Fate (BW/PZ),Jayce/Viktor (BW/PZ),1,1,1
Jayce/Viktor (BW/PZ),Jinx/Twisted Fate (BW/PZ),1,1,1
Elder Dragon/Volibear (RU/FR),Galio/Vayne (DE/IO),1,1,1
Lillia (BC/IO),Lillia/Norra (BC/IO),1,1,1
Maokai/Nautilus (BW/SI),Akshan/Ziggs (IO/SH),1,1,1
Xerath/Ziggs (IO/SH),Braum/Vladimir (FR/NX),1,1,1
Kayle/Teemo (BC/MT),Caitlyn/Teemo (IO/PZ),1,1,1
Lulu/Shen (BC/IO),Nasus/Renekton (SH),1,1,1
Lulu/Shen (BC/IO),Taric (DE/MT),1,1,1
Maokai (SI),Lulu/Shen (BC/IO),1,1,1
Lulu/Shen (BC/IO),Akshan/Lee Sin (IO/SH),1,1,1
Poppy/Ziggs (BC/NX),Kindred/Nasus/Senna (SI/SH),1,1,1
Poppy/Ziggs (BC/NX),Fiora (DE/FR),1,1,1
Poppy/Ziggs (BC/NX),Taliyah (BC/SH),1,1,1
Elder Dragon/Sion (RU/NX),Aatrox/Kayn (RU/RU),1,1,1
Championpile/Elder Dragon (RU/FR),Jax/Ornn (FR/RU),1,1,1
Lillia/Lux: Illuminated (DE/IO),Hecarim/Zed (IO/SI),1,1,1
Mordekaiser (NX/SI),Anivia/Mordekaiser (FR/SI),1,1,1
Zoe (MT/PZ),Anivia (FR/SI),1,1,1
Morgana/Taliyah (DE/SH),Poppy/Taric (DE/MT),1,1,1
Poppy/Taric (DE/MT),Elise/Teemo (PZ/SI),1,1,1
Poppy/Taric (DE/MT),Heimerdinger/Norra (BC/SI),1,1,1
Poppy/Taric (DE/MT),Rumble/Sion (BC/NX),1,1,1
Elder Dragon/Seraphine/Viktor (RU/PZ),Karma/Seraphine (IO/PZ),1,1,1
Elder Dragon/Seraphine/Viktor (RU/PZ),Elder Dragon (RU/FR),1,1,1
Gwen/Zed (IO/SI),Elder Dragon/Seraphine/Viktor (RU/PZ),1,1,1
Maokai/Morgana (DE/SI),Taliyah/Zilean (IO/SH),1,1,1
Elder Dragon/Volibear (RU/FR),Leona (MT),1,1,1
Elder Dragon/Volibear (RU/FR),Championless (NX/PZ),1,1,1
Ashe (FR/PZ),Bard/Kayle (RU/MT),1,1,1
Championless (FR/PZ),Ashe (FR/PZ),1,1,1
Ashe (FR/PZ),Aurelion Sol/Shyvana (DE/MT),1,1,1
Seraphine/Zoe (MT/PZ),Heimerdinger/Viktor (IO/PZ),1,1,1
Lillia/Sett (BC/IO),Aphelios/Viktor (MT/PZ),1,1,1
Lillia/Sett (BC/IO),Championless (PZ/SI),1,1,1
Lillia/Sett (BC/IO),Ryze (IO/RU),1,1,1
Lillia/Sett (BC/IO),Poppy/Vayne (BC/DE),1,1,1
Jayce (PZ/SI),Ashe (FR/PZ),1,1,1
Maokai (SI),Ashe (FR/PZ),1,1,1
Kayle (BW/MT),Championless (NX/SI),1,1,1
Illaoi (BW/IO),Ezreal/Nilah (BW/PZ),1,1,1
Annie/Gwen (NX/SI),Mordekaiser/Viego (IO/SI),1,1,1
Mordekaiser/Viego (IO/SI),Gwen/Irelia (IO/SI),1,1,1
Seraphine (MT/PZ),Mordekaiser/Viego (IO/SI),1,1,1
Mordekaiser/Viego (IO/SI),Kalista/Nasus (SI/SH),1,1,1
Mordekaiser/Viego (IO/SI),Kalista/Lucian (DE/SI),1,1,1
Mordekaiser/Viego (IO/SI),Shen/Vi (IO/PZ),1,1,1
Mordekaiser/Viego (IO/SI),Jarvan IV/Kalista (DE/SI),1,1,1
Anivia (FR/SI),Mordekaiser/Viego (IO/SI),1,1,1
Mordekaiser/Viego (IO/SI),Azir/Irelia (IO/SH),1,1,1
Mordekaiser/Viego (IO/SI),Darius/LeBlanc (FR/NX),1,1,1
Mordekaiser/Viego (IO/SI),Norra/Poppy (BC/NX),1,1,1
Mordekaiser/Viego (IO/SI),Nami/Samira (BW/NX),1,1,1
Evelynn/Viego (RU/SI),Janna/Yuumi (BC/PZ),1,1,1
Evelynn/Viego (RU/SI),Azir/Nasus/Renekton (SH),1,1,1
Elder Dragon/Elise (RU/SI),Irelia/Master Yi (DE/IO),1,1,1
Aurelion Sol/Kayle (FR/MT),Elder Dragon/Elise (RU/SI),1,1,1
Aatrox (RU/BW),Shyvana/Taric (DE/MT),1,1,1
Aatrox (RU/BW),Yasuo (IO/NX),1,1,1
Aatrox (RU/BW),Aphelios/Viktor (MT/PZ),1,1,1
Aatrox (RU/BW),Championless (SI),1,1,1
Aatrox (RU/BW),LeBlanc/Sivir (NX/SH),1,1,1
Championless (SI),LeBlanc/Sion (NX/SI),1,1,1
Galio (DE/FR),LeBlanc/Sivir (NX/SH),1,1,1
Maokai (SI),Championpile (DE/SH),1,1,1
Bard/Lillia (RU/IO),Braum/Yuumi (FR/MT),1,1,1
Elder Dragon/Volibear (RU/FR),Bard/Lillia (RU/IO),1,1,1
Evelynn (RU/SI),Bard/Lillia (RU/IO),1,1,1
Ryze (RU/SH),Bard/Lillia (RU/IO),1,1,1
Bard/Lillia (RU/IO),Leona/Yasuo (IO/MT),1,1,1
Bard/Lillia (RU/IO),Galio/Jarvan IV/Karma (DE/IO),1,1,1
Bard/Lillia (RU/IO),Aphelios/Zoe (MT),1,1,1
Bard/Lillia (RU/IO),Braum/Mordekaiser (FR/SI),1,1,1
Caitlyn/Teemo (BC/PZ),Bard/Lillia (RU/IO),1,1,1
Bard/Lillia (RU/IO),Braum/Mordekaiser/Viego (FR/SI),1,1,1
Azir/Nasus/Renekton (SH),Bard/Lillia (RU/IO),1,1,1
Fizz/Nami (BW/PZ),Bard/Lillia (RU/IO),1,1,1
Akshan/Ornn (FR/SH),Malphite (MT/SH),1,1,1
Elder Dragon/Volibear (RU/FR),Akshan/Ornn (FR/SH),1,1,1
Akshan/Ornn (FR/SH),Akshan/Aphelios (MT/SH),1,1,1
Mordekaiser/Viego (MT/SI),Ornn/Taliyah (FR/SH),1,1,1
Akshan/Ornn (FR/SH),Garen/Udyr (DE/FR),1,1,1
Ashe/Tahm Kench (BW/FR),Akshan/Ornn (FR/SH),1,1,1
Annie/Jhin (RU/NX),Karma/Sett (IO/PZ),1,1,1
Annie/Jhin (RU/NX),Azir/Hecarim (SI/SH),1,1,1
Annie/Jhin (RU/NX),Xerath/Zilean (MT/SH),1,1,1
Annie/Jhin (RU/NX),Fiora/Shyvana (DE/FR),1,1,1
Annie/Jhin (RU/NX),Azir/Kayle (MT/SH),1,1,1
Annie/Jhin (RU/NX),Nocturne (SI),1,1,1
Annie/Jhin (RU/NX),Jarvan IV/Kayn (DE/RU),1,1,1
Elder Dragon/Lissandra/Trundle (RU/FR),Jayce (NX/PZ),1,1,1
Jayce (NX/PZ),Championless (PZ/SI),1,1,1
Zoe (IO/MT),Anivia (FR/SI),1,1,1
Illaoi (BW/IO),Aurelion Sol/Trundle/Zoe (FR/MT),1,1,1
Azir/Xerath (SH),Championpile/Elder Dragon (RU/FR),1,1,1
Ezreal/Swain (NX/PZ),Taliyah/Zilean (IO/SH),1,1,1
Taliyah/Zilean (IO/SH),Evelynn/Gwen (RU/SI),1,1,1
Azir/Lucian (DE/SH),Karma/Lux (DE/IO),1,1,1
Azir/Lucian (DE/SH),Senna/Veigar (BC/SI),1,1,1
Aphelios/Jack (BW/MT),Lee Sin/Viktor (IO/PZ),1,1,1
Leona/Sett (IO/MT),Championless (SI),1,1,1
Braum/Morgana (FR/MT),Ashe/LeBlanc (FR/NX),1,1,1
Nasus (SI/SH),Tahm Kench/Taric (BW/MT),1,1,1
Elise (PZ/SI),Gnar (BC/BW),1,1,1
Evelynn/Kai'Sa (RU/SH),Ashe/Braum (FR),1,1,1
Championless (SI),Aurelion Sol/Zoe (IO/MT),1,1,1
Swain/Vladimir (BW/NX),Maokai/Nautilus (BW/SI),1,1,1
Aphelios/Viktor (MT/PZ),Janna (BC/PZ),1,1,1
Aurelion Sol/Elder Dragon (RU/MT),Kayle/Lillia (IO/MT),1,1,1
Aurelion Sol/Elder Dragon (RU/MT),Janna (NX/PZ),1,1,1
Galio/Udyr (DE/FR),Akshan/Lee Sin (IO/SH),1,1,1
Annie/Jhin (RU/NX),Elder Dragon/Garen (RU/DE),1,1,1
Annie/Jhin (RU/NX),Akshan/Yuumi (MT/SH),1,1,1
Annie/Jhin (RU/NX),Gangplank/Illaoi (BW/SI),1,1,1
Annie/Jhin (RU/NX),Janna/Norra (BC/PZ),1,1,1
Annie/Jhin (RU/NX),Aurelion Sol/Zoe (FR/MT),1,1,1
Annie/Jhin (RU/NX),Akshan/Taliyah (IO/SH),1,1,1
Ezreal/Seraphine (IO/PZ),Gwen/Hecarim/Zed (IO/SI),1,1,1
Garen (DE/IO),Galio/Morgana (DE/FR),1,1,1
Galio/Morgana (DE/FR),Akshan/Lee Sin (IO/SH),1,1,1
Swain/Vladimir (BW/NX),Galio/Morgana (DE/FR),1,1,1
Galio/Morgana (DE/FR),Braum/Lillia (FR/IO),1,1,1
Galio/Morgana (DE/FR),Gangplank/Sejuani (BW/FR),1,1,1
Galio/Morgana (DE/FR),Taric (DE/MT),1,1,1
Lee Sin/Viktor (IO/PZ),Galio/Morgana (DE/FR),1,1,1
Udyr/Vladimir (FR/NX),Galio/Morgana (DE/FR),1,1,1
Neeko/Poppy (DE/RU),Braum/Vladimir (FR/NX),1,1,1
LeBlanc/Lillia (IO/NX),Galio/Morgana (DE/FR),1,1,1
Norra (BC/SI),Aphelios/Zoe (MT/PZ),1,1,1
Aphelios/Zoe (MT/PZ),Jhin/Vex (BC/RU),1,1,1
Bard (RU/IO),Norra/Swain (BC/NX),1,1,1
Neeko/Poppy (BC/RU),Poppy/Ziggs (BC/NX),1,1,1
Elder Dragon/Mordekaiser/Viego (RU/SI),Aphelios/Zoe (MT),1,1,1
Elder Dragon/Mordekaiser/Viego (RU/SI),Lucian/Senna (DE/SI),1,1,1
Elder Dragon/Mordekaiser/Viego (RU/SI),Ziggs/Zilean (BC/SH),1,1,1
Elder Dragon/Mordekaiser/Viego (RU/SI),Mordekaiser/Viego (SI),1,1,1
Vladimir (FR/NX),Elder Dragon/Mordekaiser/Viego (RU/SI),1,1,1
LeBlanc/Sivir (NX/SH),Darius (FR/NX),1,1,1
Nasus/Renekton (SH),LeBlanc/Sivir (NX/SH),1,1,1
Kayle (BW/MT),Nasus (SI/SH),1,1,1
Gnar/Swain (BC/NX),Nasus/Thresh (SI/SH),1,1,1
Nasus/Thresh (SI/SH),Gnar/Tristana (BC/BW),1,1,1
Nasus/Thresh (SI/SH),Akshan/Sivir (NX/SH),1,1,1
Darius/Gnar (FR/NX),Aphelios/Viktor (MT/PZ),1,1,1
Jayce/Lux (DE/PZ),Maokai (SI),1,1,1
Aurelion Sol (FR/MT),Aurelion Sol/Shyvana (DE/MT),1,1,1
Aurelion Sol/Shyvana (DE/MT),Norra/Teemo (BC/MT),1,1,1
Annie/Gwen (NX/SI),Aurelion Sol/Shyvana (DE/MT),1,1,1
Aurelion Sol/Shyvana (DE/MT),Karma/Ryze (IO/RU),1,1,1
Aurelion Sol/Shyvana (DE/MT),Darius/Gwen (NX/SI),1,1,1
Aurelion Sol/Shyvana (DE/MT),Elder Dragon/Galio/Morgana (RU/DE),1,1,1
Aurelion Sol/Shyvana (DE/MT),Championless (PZ/SI),1,1,1
Aurelion Sol/Shyvana (DE/MT),Norra (BC/SI),1,1,1
Aurelion Sol/Shyvana (DE/MT),Aphelios/Viktor (MT/PZ),1,1,1
Elder Dragon/Volibear (RU/FR),Caitlyn/Swain (NX/PZ),1,1,1
Gnar/Teemo (BC/PZ),Galio/Garen (DE/IO),1,1,1
Gnar/Teemo (BC/PZ),Hecarim/Zed (IO/SI),1,1,1
Gnar/Teemo (BC/PZ),Aurelion Sol/Shyvana (DE/MT),1,1,1
Karma/Sett (FR/IO),Darius/Gnar (FR/NX),1,1,1
Caitlyn/Teemo (FR/PZ),Lillia (IO/SH),1,1,1
Akshan/Elder Dragon (RU/SH),Samira/Twisted Fate (BW/NX),1,1,1
Ezreal/Karma (IO/PZ),Ashe/LeBlanc (FR/NX),1,1,1
Elder Dragon/Lissandra (RU/FR),Kayle (BW/MT),1,1,1
Nasus/Renekton (SH),Senna/Veigar (BC/SI),1,1,1
Kayle (BW/MT),Gwen/Mordekaiser (NX/SI),1,1,1
Kayle (BW/MT),Gwen/Zed (IO/SI),1,1,1
Gnar/Zed (FR/IO),Elder Dragon/Volibear (RU/FR),1,1,1
Taliyah/Zilean (IO/SH),Ekko/Zilean (PZ/SH),1,1,1
Championless (BC/SH),Taliyah (IO/SH),1,1,1
Taliyah (IO/SH),Jhin/Kennen (IO/RU),1,1,1
Taliyah (IO/SH),Taric/Yasuo (IO/MT),1,1,1
Taliyah (IO/SH),Gwen/Quinn (DE/SI),1,1,1
Norra/Teemo (BC/SI),Championless (SI),1,1,1
Norra/Teemo (BC/SI),Kayle/Lux: Illuminated (DE/MT),1,1,1
Zoe (MT/PZ),Ezreal/Seraphine (BC/PZ),1,1,1
Gangplank/Sejuani (BW/FR),Taliyah (IO/SH),1,1,1
Taliyah (IO/SH),Jayce/Lux (DE/PZ),1,1,1
Taliyah (BC/SH),Norra/Teemo (BC/SI),1,1,1
Norra/Teemo (BC/SI),Ashe/Tahm Kench (BW/FR),1,1,1
Elder Dragon/Volibear (RU/FR),Zoe (MT/PZ),1,1,1
Senna/Veigar (BC/SI),Gnar/Swain (BC/NX),1,1,1
Azir/Xerath (SH),Janna/Seraphine (NX/PZ),1,1,1
Lissandra/Trundle (DE/FR),Karma/Seraphine/Sett (IO/PZ),1,1,1
Elder Dragon/Trundle (RU/FR),Akshan/Udyr (FR/SH),1,1,1
Poppy/Ziggs (BC/NX),Ahri/Akshan (IO/SH),1,1,1
Ezreal/Seraphine (BC/PZ),Jax/Ornn (FR/RU),1,1,1
Ekko/Jinx (PZ/SH),Nasus (SI/SH),1,1,1
Azir/Irelia (IO/SH),Heimerdinger (PZ/SI),1,1,1
Elder Dragon/Mordekaiser/Viego (RU/SI),Poppy/Vayne (DE/MT),1,1,1
Championless (DE/PZ),Elder Dragon/Mordekaiser/Viego (RU/SI),1,1,1
Elder Dragon/Mordekaiser/Viego (RU/SI),Bard (BC/RU),1,1,1
Elder Dragon/Mordekaiser/Viego (RU/SI),Kalista/Zed (IO/SI),1,1,1
Kindred/Mordekaiser (NX/SI),Caitlyn/Teemo (FR/PZ),1,1,1
Kindred/Mordekaiser (NX/SI),Kayn/Kindred/Thresh (RU/SI),1,1,1
Katarina/Taliyah (NX/SH),Evelynn/Lucian (DE/RU),1,1,1
Evelynn/Lucian (DE/RU),Braum/Vladimir (FR/NX),1,1,1
Evelynn/Lucian (DE/RU),Azir/Kayle (MT/SH),1,1,1
Evelynn/Lucian (DE/RU),Akshan/Renekton (SH),1,1,1
Evelynn/Lucian (DE/RU),Teemo/Twisted Fate (BC/BW),1,1,1
Fizz/Twisted Fate (BW/PZ),Kindred/Mordekaiser (NX/SI),1,1,1
Garen (DE/FR),Kindred/Mordekaiser (NX/SI),1,1,1
Pyke/Rek'Sai (BW/SH),Kindred/Mordekaiser (IO/SI),1,1,1
Kindred/Mordekaiser (IO/SI),Aurelion Sol/Shyvana (DE/MT),1,1,1
Akshan/Master Yi (IO/SH),Kindred/Viego (IO/SI),1,1,1
Ashe/LeBlanc (FR/NX),Aurelion Sol/Zoe (FR/MT),1,1,1
Kindred/Mordekaiser (BC/SI),Poppy/Ziggs (BC/NX),1,1,1
Poppy/Ziggs (BC/NX),Lux: Illuminated/Shen (DE/IO),1,1,1
Lee Sin/Viktor (IO/PZ),Championless (PZ/SI),1,1,1
Pyke/Rek'Sai (BW/SH),Gnar/Neeko (FR/RU),1,1,1
Pyke/Rek'Sai (BW/SH),Janna (BC/PZ),1,1,1
Elder Dragon (RU/FR),Sett/Yasuo (IO/MT),1,1,1
Sett/Yasuo (IO/MT),Garen (DE/IO),1,1,1
Kalista/Sion (NX/SI),Braum/Vladimir (FR/NX),1,1,1
Braum/Vladimir (FR/NX),Aatrox/Ornn (RU/FR),1,1,1
Lillia/Sett (BC/IO),Championless (SI),1,1,1
Championless (SI),Shyvana (DE/MT),1,1,1
Jinx/Lulu (BC/PZ),Azir/Renekton (SH),1,1,1
Janna/Master Yi/Seraphine (IO/PZ),Mordekaiser/Norra (BC/SI),1,1,1
Mordekaiser/Norra (BC/SI),Championless (PZ/SI),1,1,1
Bard/Twisted Fate (RU/BW),Mordekaiser/Norra (BC/SI),1,1,1
Azir/Renekton (SH),Neeko/Norra (BC/RU),1,1,1
Jack/Sett (BW/IO),Azir/Renekton (SH),1,1,1
Kindred/Nasus (SI/SH),Viktor/Zoe (MT/PZ),1,1,1
Kindred/Nasus (SI/SH),Hecarim/Thresh/Zed (IO/SI),1,1,1
Kindred/Nasus (SI/SH),Championpile/Elder Dragon (RU/FR),1,1,1
Kindred/Nasus (SI/SH),LeBlanc/Lux (DE/NX),1,1,1
Kindred/Nasus (SI/SH),The Poro King (RU/SI),1,1,1
Championless (PZ/SI),Karma/Seraphine/Sett (IO/PZ),1,1,1
Elder Dragon/Lissandra (RU/FR),Karma/Seraphine/Sett (IO/PZ),1,1,1
Elder Dragon/Morgana/Shyvana (RU/DE),Nilah/Twisted Fate (BW/PZ),1,1,1
Akshan (BC/SH),Annie/Jhin (RU/NX),1,1,1
Katarina/Lucian (DE/NX),Akshan (BC/SH),1,1,1
Shen/Vi (IO/PZ),Akshan (BC/SH),1,1,1
Karma/Seraphine/Sett (IO/PZ),Taliyah/Zilean (IO/SH),1,1,1
Karma/Seraphine/Sett (IO/PZ),Bard/Kayle (RU/MT),1,1,1
Karma/Seraphine/Sett (IO/PZ),Katarina/Lucian (DE/NX),1,1,1
Katarina/Lucian (DE/NX),Karma/Sett (FR/IO),1,1,1
Akshan/Jack (BW/SH),Championless (FR/IO),1,1,1
Aphelios/Viktor (MT/PZ),Championless (FR/IO),1,1,1
Championless (FR/IO),Jayce (PZ/SI),1,1,1
Jayce/Lux (DE/PZ),Championless (FR/IO),1,1,1
Lillia/Sett (BC/IO),Taliyah/Zilean (IO/SH),1,1,1
Taliyah/Zilean (IO/SH),Ezreal (PZ/SI),1,1,1
Taliyah/Zilean (IO/SH),Elise/Viego (NX/SI),1,1,1
Taliyah (BC/SH),Ezreal/Seraphine (BC/PZ),1,1,1
Azir/Irelia (IO/SH),Aphelios/Pantheon (MT),1,1,1
Elder Dragon (RU/FR),Tryndamere (FR),1,1,1
Elder Dragon/Norra (RU/BC),Elder Dragon/Viego (RU/SI),1,1,1
Evelynn (RU/FR),Azir/Xerath (SH),1,1,1
Elder Dragon/Viego (RU/SI),Bard/Zilean (RU/SH),1,1,1
Elder Dragon/Viego (RU/SI),Akshan/Master Yi (IO/SH),1,1,1
Elder Dragon/Viego (RU/SI),Aurelion Sol/Zoe (FR/MT),1,1,1
Elder Dragon/Viego (RU/SI),Zoe (MT/PZ),1,1,1
Pyke/Rek'Sai (BW/SH),Elder Dragon/Viego (RU/SI),1,1,1
Ezreal/Seraphine (PZ/SI),Azir/Xerath (SH),1,1,1
Azir/Xerath (SH),Fizz/Nami (BW/MT),1,1,1
Maokai/Nautilus (BW/SI),Elder Dragon/Viego (RU/SI),1,1,1
Janna/Karma/Sett (IO/PZ),Elder Dragon/Viego (RU/SI),1,1,1
Lee Sin/Shen (IO/SI),Lee Sin/Riven (IO/NX),1,1,1
Anivia (FR/SI),Lee Sin/Shen (IO/SI),1,1,1
Norra/Teemo (BC/PZ),Norra/Zoe (BC/MT),1,1,1
Norra/Teemo (BC/PZ),Garen/Shyvana (DE/MT),1,1,1
Norra/Teemo (BC/PZ),Janna/Norra (BC/PZ),1,1,1
Ryze (IO/RU),Norra/Teemo (BC/PZ),1,1,1
Azir/Irelia (IO/SH),Aatrox (RU/BW),1,1,1
Draven/Katarina (FR/NX),Azir/Irelia (IO/SH),1,1,1
Azir/Irelia (IO/SH),Illaoi/Thresh (BW/SI),1,1,1
Ashe (FR/PZ),Veigar (BC/SI),1,1,1
Ashe (FR/PZ),Rumble/Sion (BC/NX),1,1,1
Ashe (FR/PZ),Nasus (SI/SH),1,1,1
Elder Dragon/Volibear (RU/FR),Seraphine/Viktor (PZ),1,1,1
Elder Dragon/Volibear (RU/FR),Elise/Hecarim (NX/SI),1,1,1
Elder Dragon/Volibear (RU/FR),Jax/Tristana (BC/RU),1,1,1
Viktor/Zoe (MT/PZ),Senna (PZ/SI),1,1,1
Viktor/Zoe (MT/PZ),Ashe/LeBlanc (FR/NX),1,1,1
Viktor/Zoe (MT/PZ),Braum/Morgana/Udyr (DE/FR),1,1,1
Draven/Jinx (NX/PZ),Ryze (FR/RU),1,1,1
Draven/Jinx (NX/PZ),Championless (SI),1,1,1
Draven/Jinx (NX/PZ),Maokai/Nautilus (BW/SI),1,1,1
Draven/Jinx (NX/PZ),Championless (NX/PZ),1,1,1
Ekko (PZ/SH),Draven/Jinx (NX/PZ),1,1,1
Draven/Jinx (NX/PZ),Ezreal/Seraphine (NX/PZ),1,1,1
Akshan/Master Yi (IO/SH),Draven/Jinx (NX/PZ),1,1,1
Draven/Jinx (NX/PZ),Karma/Sett (IO/PZ),1,1,1
Azir/Xerath (SH),Draven/Jinx (NX/PZ),1,1,1
Draven/Jinx (NX/PZ),Akshan/Elder Dragon (RU/SH),1,1,1
Draven/Jinx (NX/PZ),Akshan (FR/SH),1,1,1
Aatrox/Kayn (RU/RU),Akshan/Aphelios (MT/SH),1,1,1
Akshan/Aphelios (MT/SH),Kayle (BW/MT),1,1,1
Akshan/Sivir (NX/SH),Lee Sin/Viktor (IO/PZ),1,1,1
The Poro King (FR/RU),Azir/Renekton (SH),1,1,1
The Poro King (FR/RU),Elise (FR/SI),1,1,1
Lux: Illuminated/Vex (BC/DE),Braum/The Poro King (FR/RU),1,1,1
Elder Dragon/Lissandra/Trundle (RU/FR),Braum/The Poro King (FR/RU),1,1,1
Braum/The Poro King (FR/RU),Akshan/Renekton (BW/SH),1,1,1
Ahri/Kennen (IO/NX),Braum/The Poro King (FR/RU),1,1,1
Braum/The Poro King (FR/RU),Taric/Volibear (FR/MT),1,1,1
Elise/Norra (BC/SI),Braum/The Poro King (FR/RU),1,1,1
Braum/The Poro King (FR/RU),Samira/Twisted Fate (BW/NX),1,1,1
Braum/The Poro King (FR/RU),Lee Sin/Riven (IO/NX),1,1,1
Karma/Sett (FR/IO),Seraphine/Viktor (FR/PZ),1,1,1
Seraphine/Viktor (FR/PZ),Championless (BC/SH),1,1,1
Championpile/Elder Dragon (RU/FR),Caitlyn/Teemo (BC/PZ),1,1,1
Azir/Irelia (IO/SH),Seraphine/Viktor (FR/PZ),1,1,1
Seraphine/Viktor (FR/PZ),Taliyah/Zilean (IO/SH),1,1,1
Seraphine/Viktor (FR/PZ),Gwen/Zed (IO/SI),1,1,1
Elder Dragon/Morgana/Shyvana (RU/DE),Seraphine/Viktor (FR/PZ),1,1,1
The Poro King (DE/RU),Heimerdinger/Jayce (PZ/SI),1,1,1
Fiora/Shyvana/Udyr (DE/FR),Norra/Trundle (BC/FR),1,1,1
Norra/Trundle (BC/FR),Nami/Zoe (BW/MT),1,1,1
Senna (PZ/SI),Ezreal (PZ/SI),1,1,1
Seraphine (MT/PZ),Ezreal (PZ/SI),1,1,1
Fizz/Yuumi (BC/FR),Katarina (NX/SI),1,1,1
Fizz/Yuumi (BC/FR),Maokai/Nautilus (BW/SI),1,1,1
Ezreal/Nilah (BW/PZ),Fizz/Yuumi (BC/FR),1,1,1
Fizz/Yuumi (BC/FR),Gwen/Katarina (NX/SI),1,1,1
Azir/Fizz (BW/SH),Karma/Sett (FR/IO),1,1,1
Gnar (BC/PZ),Evelynn/Lillia (RU/IO),1,1,1
Evelynn/Lillia (RU/IO),Elder Dragon/Volibear (RU/FR),1,1,1
Lissandra/Taliyah (FR/SH),Elder Dragon/Mordekaiser/Viego (RU/SI),1,1,1
Hecarim/Zed (IO/SI),Hecarim/Lee Sin/Yasuo (IO/SI),1,1,1
Senna/Veigar (BC/SI),Poppy/Taric (DE/MT),1,1,1
Poppy/Taric (DE/MT),Caitlyn (DE/PZ),1,1,1
Poppy/Taric (DE/MT),Annie/Sejuani (FR/NX),1,1,1
Elder Dragon/Morgana (RU/MT),Poppy/Zed (DE/IO),1,1,1
Poppy/Zed (DE/IO),Akshan/LeBlanc (NX/SH),1,1,1
Poppy/Zed (DE/IO),Braum/The Poro King (FR/RU),1,1,1
Championpile/Elder Dragon (RU/FR),Gangplank/Sejuani (BW/FR),1,1,1
Mordekaiser/Viego (DE/SI),Malphite/Taliyah (MT/SH),1,1,1
Malphite/Taliyah (MT/SH),Sivir/Zoe (MT/SH),1,1,1
Malphite/Taliyah (MT/SH),Elder Dragon/Ornn/Tryndamere/Volibear (RU/FR),1,1,1
Ashe/LeBlanc (FR/NX),Championless (FR/PZ),1,1,1
Ashe/LeBlanc (FR/NX),Championpile (DE/FR),1,1,1
Rumble/Sion (BC/NX),Draven/Jinx (NX/PZ),1,1,1
Jayce/Morgana (MT/PZ),Azir/Irelia (IO/SH),1,1,1
Azir/Irelia (IO/SH),Gwen/Hecarim/Zed (IO/SI),1,1,1
Azir/Irelia (IO/SH),Janna/Norra (BC/PZ),1,1,1
Kalista/Maokai (FR/SI),Azir/Irelia (IO/SH),1,1,1
Galio/Poppy/Soraka (DE/MT),Azir/Irelia (IO/SH),1,1,1
The Poro King (BW/RU),Aurelion Sol/Shyvana (DE/MT),1,1,1
Senna/Veigar (BC/SI),Norra (BC/SI),1,1,1
Senna/Veigar (BC/SI),Akshan/Zoe (MT/SH),1,1,1
Senna/Veigar (BC/SI),Zoe (MT/PZ),1,1,1
Senna/Veigar (BC/SI),Ahri/Katarina (IO/NX),1,1,1
Senna/Veigar (BC/SI),Yuumi/Zoe (MT),1,1,1
The Poro King (NX/RU),Senna/Veigar (BC/SI),1,1,1
Senna/Veigar (BC/SI),Janna/Jinx (BW/PZ),1,1,1
Senna/Veigar (BC/SI),Aurelion Sol/Zoe (MT/PZ),1,1,1
Nocturne/Vex (PZ/SI),Senna/Veigar (BC/SI),1,1,1
Elder Dragon/Galio/Morgana (RU/DE),Norra/Teemo/Zoe (BC/MT),1,1,1
Elder Dragon/Galio/Morgana (RU/DE),Hecarim/Zed (IO/SI),1,1,1
Elder Dragon/Galio/Morgana (RU/DE),Ezreal/Twisted Fate (BW/PZ),1,1,1
Elder Dragon/Galio/Morgana (RU/DE),Viego (FR/SI),1,1,1
Shen/Sivir (IO/SH),Lee Sin/Viktor (IO/PZ),1,1,1
Teemo/Viktor (FR/PZ),Norra/Teemo (BC/MT),1,1,1
Teemo/Viktor (FR/PZ),Sejuani (BC/FR),1,1,1
Teemo/Viktor (FR/PZ),Fizz/Nidalee (BC/SH),1,1,1
Teemo/Viktor (FR/PZ),Ezreal/Seraphine (IO/PZ),1,1,1
Galio/Morgana (DE/FR),Janna (PZ/SI),1,1,1
Aphelios/Viktor (MT/PZ),Rumble (BC/MT),1,1,1
Sivir (BW/SH),Lee Sin/Viktor (IO/PZ),1,1,1
Sivir (BW/SH),Aphelios/Viktor (MT/PZ),1,1,1
Sivir (BW/SH),Jax/Ornn (FR/RU),1,1,1
Janna (PZ/SI),Lillia/Sett (BC/IO),1,1,1
Morgana/Udyr (DE/FR),Braum/Gwen (FR/SI),1,1,1
Braum/Gwen (FR/SI),Taric (DE/MT),1,1,1
Braum/Gwen (FR/SI),Lee Sin/Viktor (IO/PZ),1,1,1
Braum/Gwen (FR/SI),Ashe/Tahm Kench (BW/FR),1,1,1
Braum/Gwen (FR/SI),Shyvana/Vayne (DE/MT),1,1,1
Sett/Viktor (IO/PZ),Azir/Irelia (IO/SH),1,1,1
Azir/Irelia (IO/SH),Heimerdinger/Jayce (PZ/SI),1,1,1
Gwen/Katarina (NX/SI),Azir/Irelia (IO/SH),1,1,1
Azir/Irelia (IO/SH),Volibear (FR/IO),1,1,1
Azir/Irelia (IO/SH),Fizz/Samira (BC/NX),1,1,1
Elder Dragon/Volibear (RU/FR),Elder Dragon/Garen/Jarvan IV (RU/DE),1,1,1
Championless (BC/SH),Maokai/Nautilus (BW/SI),1,1,1
Championless (BC/SH),Morgana/Udyr (DE/FR),1,1,1
Morgana/Udyr (DE/FR),Nami/Seraphine (BW/PZ),1,1,1
Morgana/Udyr (DE/FR),Braum/Ornn/Udyr (FR),1,1,1
Taric/Yuumi (IO/MT),Morgana/Udyr (DE/FR),1,1,1
Yasuo (FR/IO),Morgana/Udyr (DE/FR),1,1,1
Morgana/Udyr (DE/FR),Poppy/Zed (DE/IO),1,1,1
Morgana/Udyr (DE/FR),Gangplank/Miss Fortune (BW/NX),1,1,1
Elder Dragon/Ornn/Tryndamere/Volibear (RU/FR),Morgana/Udyr (DE/FR),1,1,1
Morgana/Udyr (DE/FR),Illaoi/Miss Fortune (BW),1,1,1
Kindred/Norra (BC/SI),Morgana/Udyr (DE/FR),1,1,1
Caitlyn/Teemo (BC/PZ),Akshan/Seraphine (PZ/SH),1,1,1
Annie/Jhin (RU/NX),Akshan/Seraphine (PZ/SH),1,1,1
Ezreal/Seraphine (IO/PZ),Akshan/Seraphine (PZ/SH),1,1,1
Akshan/Seraphine (PZ/SH),Gwen/Illaoi (BW/SI),1,1,1
Malphite/Yasuo (IO/MT),Akshan/Seraphine (PZ/SH),1,1,1
Jayce/Lux (DE/PZ),Akshan/Seraphine (PZ/SH),1,1,1
Akshan/Seraphine (PZ/SH),Teemo (BC/PZ),1,1,1
Championless (SI),Katarina/Lucian (DE/NX),1,1,1
Akshan/Varus (SH/RU),Jayce/Lux (DE/PZ),1,1,1
Akshan/Varus (SH/RU),Maokai (SI),1,1,1
Caitlyn/Teemo (BC/PZ),Anivia/Volibear (BW/FR),1,1,1
Master Yi/Taric (IO/MT),Ziggs/Zilean (BC/SH),1,1,1
Lissandra/Trundle (FR/SI),Ziggs/Zilean (BC/SH),1,1,1
Ziggs/Zilean (BC/SH),Yasuo/Yuumi (IO/MT),1,1,1
Ziggs/Zilean (BC/SH),LeBlanc/Mordekaiser (IO/NX),1,1,1
Draven/Pantheon (MT/NX),Evelynn/Kai'Sa (RU/SH),1,1,1
Evelynn/Kai'Sa (RU/SH),Karma/Lux (DE/IO),1,1,1
Ezreal/Seraphine (BC/PZ),Lucian/Zed (DE/IO),1,1,1
Lucian/Zed (DE/IO),Gangplank/Sejuani (BW/FR),1,1,1
Gangplank/Teemo (BW/PZ),Ashe/Volibear (FR/NX),1,1,1
Annie/Jhin (RU/NX),Gangplank/Teemo (BW/PZ),1,1,1
Braum/Norra (BC/FR),Gwen/Irelia (IO/SI),1,1,1
Elder Dragon/Shyvana (RU/DE),Gnar (FR/SI),1,1,1
Shen/Sivir (IO/SH),Annie/Gwen (NX/SI),1,1,1
Annie/Jhin (RU/NX),Seraphine (MT/PZ),1,1,1
Annie/Jhin (RU/NX),Kayle/The Poro King (MT/RU),1,1,1
Gwen/Katarina (NX/SI),Annie/Jhin (RU/NX),1,1,1
Garen/Jarvan IV (DE),Annie/Jhin (RU/NX),1,1,1
Soraka/Tahm Kench (BW/MT),Aatrox (RU/BW),1,1,1
Annie/Jhin (RU/NX),Championpile (MT/NX),1,1,1
Annie/Jhin (RU/NX),Akshan/Garen (DE/SH),1,1,1
Akshan/Udyr (FR/SH),Heimerdinger/Viktor (IO/PZ),1,1,1
Heimerdinger/Viktor (IO/PZ),Fizz/Yuumi (BC/FR),1,1,1
Karma/Seraphine/Sett (IO/PZ),Teemo (BC/PZ),1,1,1
Annie/Jhin/Swain (RU/NX),Karma/Seraphine/Sett (IO/PZ),1,1,1
Karma/Seraphine/Sett (IO/PZ),Braum/Zoe (FR/MT),1,1,1
Miss Fortune/Quinn (BW/DE),Karma/Seraphine/Sett (IO/PZ),1,1,1
Karma/Seraphine/Sett (IO/PZ),Championless (BC/FR),1,1,1
Karma/Seraphine/Sett (IO/PZ),Nocturne (SI),1,1,1
Karma/Seraphine/Sett (IO/PZ),Fiora (DE/FR),1,1,1
Championless (BC/SH),Annie/Taliyah (NX/SH),1,1,1
Aurelion Sol/Elder Dragon (RU/MT),Teemo/Twisted Fate (BC/BW),1,1,1
Elder Dragon/Volibear (RU/FR),Teemo/Twisted Fate (BC/BW),1,1,1
Elder Dragon/Garen/Jarvan IV (RU/DE),Teemo/Twisted Fate (BC/BW),1,1,1
Azir/Xerath (SH),Teemo/Twisted Fate (BC/BW),1,1,1
Championless (IO/NX),Teemo/Twisted Fate (BC/BW),1,1,1
Nasus/Renekton (SH),LeBlanc/Udyr (FR/NX),1,1,1
Nasus/Renekton (SH),Akshan/Lee Sin (IO/SH),1,1,1
Malphite/Yasuo (IO/MT),Nasus/Renekton (SH),1,1,1
Gnar/Swain (BC/NX),Nasus/Renekton (SH),1,1,1
Senna/Swain (NX/SI),Nasus/Renekton (SH),1,1,1
Norra (BC/NX),Anivia (FR/SI),1,1,1
Anivia (FR/SI),Elder Dragon/Ornn/Volibear (RU/FR),1,1,1
Anivia (FR/SI),Elder Dragon/Garen (RU/DE),1,1,1
Anivia (FR/SI),Championless (SI),1,1,1
Elder Dragon/Volibear (RU/FR),Elise/Hecarim (BW/SI),1,1,1
Senna (PZ/SI),Aatrox/Kayn (RU/RU),1,1,1
Darius/Zed (IO/NX),Senna (PZ/SI),1,1,1
Senna (PZ/SI),Aphelios/Gnar (FR/MT),1,1,1
Elise (FR/SI),Senna (PZ/SI),1,1,1
Nilah/Twisted Fate (BW/PZ),Senna (PZ/SI),1,1,1
Karma/Sett (FR/IO),Braum/Karma (FR/IO),1,1,1
Annie/Gwen (NX/SI),Aurelion Sol/Elder Dragon (RU/MT),1,1,1
Aurelion Sol/Elder Dragon (RU/MT),Ashe/LeBlanc (FR/NX),1,1,1
Karma/Sett (FR/IO),Norra/Poppy (BC/NX),1,1,1
Aatrox (RU/BW),Aurelion Sol/Elder Dragon (RU/MT),1,1,1
Zoe (MT/PZ),Aurelion Sol/Elder Dragon (RU/MT),1,1,1
Aphelios/Zoe (IO/MT),Kindred/Viego (IO/SI),1,1,1
Aphelios/Zoe (IO/MT),Braum/Yuumi (FR/MT),1,1,1
Aphelios/Zoe (IO/MT),Akshan (FR/SH),1,1,1
Aphelios/Zoe (IO/MT),Senna/Veigar (BC/SI),1,1,1
Aphelios/Zoe (IO/MT),Hecarim/Lucian (DE/SI),1,1,1
Katarina/Thresh (NX/SI),Aphelios/Zoe (IO/MT),1,1,1
Aphelios/Zoe (IO/MT),Anivia/Mordekaiser (FR/SI),1,1,1
Aphelios/Zoe (IO/MT),Garen/Quinn (DE/MT),1,1,1
Pyke/Rek'Sai (BW/SH),Aphelios/Zoe (IO/MT),1,1,1
Aphelios/Zoe (IO/MT),Karma/Sett (FR/IO),1,1,1
Ashe/Tahm Kench (BW/FR),Aphelios/Zoe (IO/MT),1,1,1
Karma/Master Yi (IO/SH),Aphelios/Zoe (IO/MT),1,1,1
Aphelios/Zoe (IO/MT),Akshan/Kai'Sa (IO/SH),1,1,1
Aphelios/Zoe (IO/MT),Lee Sin/Viktor (IO/PZ),1,1,1
Lillia/Lux: Illuminated (DE/IO),Aphelios/Zoe (IO/MT),1,1,1
Elder Dragon/Volibear (RU/FR),Karma/Master Yi (IO/SH),1,1,1
Elder Dragon/Volibear (RU/FR),Mordekaiser (NX/SI),1,1,1
Elder Dragon/Volibear (RU/FR),Aurelion Sol/Lissandra/Trundle (FR/MT),1,1,1
LeBlanc/Mordekaiser (FR/NX),Elder Dragon/Volibear (RU/FR),1,1,1
Elder Dragon/Volibear (RU/FR),Aphelios/Sett (IO/MT),1,1,1
Elder Dragon/Volibear (RU/FR),Aurelion Sol/Elder Dragon/Zoe (RU/MT),1,1,1
Elder Dragon/Volibear (RU/FR),Norra/Viego (BC/SI),1,1,1
Elder Dragon/Volibear (RU/FR),Udyr (FR/MT),1,1,1
Elder Dragon/Volibear (RU/FR),Gwen/Viego (IO/SI),1,1,1
Kayle/Yuumi (FR/MT),Master Yi/Taric (IO/MT),1,1,1
Master Yi/Taric (IO/MT),Master Yi/Vayne (DE/IO),1,1,1
Master Yi/Taric (IO/MT),Senna/Veigar (BC/SI),1,1,1
Kalista/Viego/Zed (IO/SI),Master Yi/Taric (IO/MT),1,1,1
Master Yi/Taric (IO/MT),Lux/Nami (BW/DE),1,1,1
Ezreal/Seraphine (IO/PZ),Yasuo (IO/NX),1,1,1
Ezreal/Seraphine (IO/PZ),Pantheon/Taric (DE/MT),1,1,1
Pyke/Rek'Sai (BW/SH),Aurelion Sol/Mordekaiser (MT/SI),1,1,1
LeBlanc (FR/NX),Annie/Jhin (RU/NX),1,1,1
Hecarim/Irelia (IO/SI),Caitlyn/Teemo (BC/PZ),1,1,1
Kalista/Maokai (FR/SI),Kalista/Sion (NX/SI),1,1,1
Kalista/Sion (NX/SI),Darius/Gnar (FR/NX),1,1,1
Championless (SI),Kalista/Sion (NX/SI),1,1,1
Nasus/Thresh (SI/SH),Kalista/Sion (NX/SI),1,1,1
LeBlanc/Lillia (IO/NX),Swain/Yasuo (IO/NX),1,1,1
Annie/Jhin (RU/NX),Karma/The Poro King (IO/RU),1,1,1
Karma/The Poro King (IO/RU),Aphelios/Zoe (MT),1,1,1
Braum/Viego (FR/SI),Fiora/Shen (DE/IO),1,1,1
Braum/Viego (FR/SI),Kayle/The Poro King (MT/RU),1,1,1
Braum/Viego (FR/SI),Karma/Sett (FR/IO),1,1,1
Annie/Jhin (RU/NX),Braum/Viego (FR/SI),1,1,1
Braum/Viego (FR/SI),Senna/Veigar (BC/SI),1,1,1
Aphelios/Viktor (MT/PZ),Jax/Ornn (FR/RU),1,1,1
Aphelios/Viktor (MT/PZ),Jax/Vayne (DE/RU),1,1,1
Aphelios/Viktor (MT/PZ),Gnar/Renekton (FR/SH),1,1,1
Braum/The Poro King (FR/RU),Hecarim/Zed (IO/SI),1,1,1
Morgana/Vex (BC/DE),Hecarim/Zed (IO/SI),1,1,1
Azir/Irelia (IO/SH),Neeko/Poppy (DE/RU),1,1,1
Azir/Irelia (IO/SH),Elise/Viego (NX/SI),1,1,1
Karma/Sett (IO/PZ),Viktor (BC/PZ),1,1,1
Karma/Sett (IO/PZ),Teemo (BC/FR),1,1,1
Ezreal/Swain (NX/PZ),Viego (IO/SI),1,1,1
Draven/Jinx (NX/PZ),Viego (IO/SI),1,1,1
Hecarim/Zed (IO/SI),Ryze (IO/RU),1,1,1
Karma/Sett (IO/PZ),Caitlyn/Swain (NX/PZ),1,1,1
Xerath/Zilean (PZ/SH),Karma/Sett (IO/PZ),1,1,1
Elder Dragon/Lissandra/Ornn (RU/FR),Karma/Sett (IO/PZ),1,1,1
Katarina/Norra (BC/NX),Karma/Sett (IO/PZ),1,1,1
Braum/Zoe (FR/MT),Akshan/Master Yi (IO/SH),1,1,1
Braum/Zoe (FR/MT),Karma (DE/IO),1,1,1
Braum/Zoe (FR/MT),Maokai (BW/SI),1,1,1
Braum/Zoe (FR/MT),Ezreal/Swain (NX/PZ),1,1,1
Maokai/Nautilus (BW/SI),Braum/Zoe (FR/MT),1,1,1
Annie/Gwen (NX/SI),Akshan/Kayn (RU/SH),1,1,1
Hecarim/Zed (IO/SI),Annie/Gwen (NX/SI),1,1,1
Annie/Gwen (NX/SI),Elder Dragon/Garen/Jarvan IV (RU/DE),1,1,1
Annie/Gwen (NX/SI),Braum/The Poro King (FR/RU),1,1,1
Annie/Gwen (NX/SI),Viego (IO/SI),1,1,1
Annie/Gwen (NX/SI),Lux: Illuminated/Vex (BC/DE),1,1,1
Taliyah/Zilean (IO/SH),Annie/Gwen (NX/SI),1,1,1
Taliyah/Zilean (IO/SH),Akshan/Renekton (SH),1,1,1
Gangplank/Sejuani (BW/FR),Mordekaiser/Viego (SI),1,1,1
Miss Fortune/Twisted Fate (BW/NX),Jack/Sett (BW/IO),1,1,1
Maokai/Nautilus (BW/SI),Akshan/Renekton (SH),1,1,1
Akshan/Renekton (SH),Lulu/Zed (BC/IO),1,1,1
Akshan/Renekton (SH),Kindred/Miss Fortune (BW/SI),1,1,1
Maokai/Nautilus (BW/SI),Kalista (SI),1,1,1
Elder Dragon/Shyvana (RU/DE),Kayle/Norra (BC/MT),1,1,1
Draven/Sion (NX/PZ),Elder Dragon/Shyvana (RU/DE),1,1,1
Gwen/Katarina/Mordekaiser (NX/SI),Elder Dragon/Shyvana (RU/DE),1,1,1
Braum/Lillia (FR/IO),Ezreal/Nilah (BW/PZ),1,1,1
Zoe (MT/PZ),Championless (FR/NX),1,1,1
Fiora (DE/FR),Zoe (MT/PZ),1,1,1
Zoe (MT/PZ),Championless (SI),1,1,1
Pyke/Rek'Sai (BW/SH),Zoe (MT/PZ),1,1,1
Akshan/Master Yi (IO/SH),Zoe (MT/PZ),1,1,1
Annie/Jhin (RU/NX),Akshan/Zilean (FR/SH),1,1,1
Kalista (SI),Rumble/Vayne (DE/NX),1,1,1
Kalista (SI),Akshan/Jack (BW/SH),1,1,1
Kindred/Mordekaiser (BC/SI),Ashe/Fiora (DE/FR),1,1,1
Kindred/Mordekaiser (BC/SI),Pyke/Rek'Sai (BW/SH),1,1,1
Kindred/Mordekaiser (BC/SI),Elder Dragon/Morgana (RU/DE),1,1,1
Kindred/Mordekaiser (BC/SI),Miss Fortune/Quinn (BW/DE),1,1,1
Kindred/Mordekaiser (BC/SI),Heimerdinger/Viktor (IO/PZ),1,1,1
Kindred/Mordekaiser (BC/SI),Yasuo (IO/NX),1,1,1
Kindred/Mordekaiser (BC/SI),Maokai/Nautilus (BW/SI),1,1,1
Kindred/Mordekaiser (BC/SI),Gangplank/Sejuani (BW/FR),1,1,1
Janna/Karma/Sett (IO/PZ),Kindred/Mordekaiser (BC/SI),1,1,1
Kindred/Mordekaiser (BC/SI),Udyr (DE/FR),1,1,1
Kindred/Mordekaiser (BC/SI),Elder Dragon (RU/FR),1,1,1
Elder Dragon/Fiora/Morgana (RU/DE),LeBlanc (FR/NX),1,1,1
Master Yi/Vayne (DE/IO),Elder Dragon/Volibear (RU/FR),1,1,1
Elder Dragon/Morgana/Shyvana (RU/DE),Elise/Norra (BC/SI),1,1,1
Norra (BC/SI),Seraphine/Sett (IO/PZ),1,1,1
Seraphine/Sett (IO/PZ),Annie/Gwen (NX/SI),1,1,1
Gwen/Katarina (NX/SI),Lux: Illuminated/Vex (BC/DE),1,1,1
Elder Dragon/Volibear (RU/FR),Fizz/Seraphine (BC/PZ),1,1,1
Poppy/Ziggs (BC/NX),Akshan/Seraphine (PZ/SH),1,1,1
Galio/Udyr (DE/FR),Shen/Sivir (IO/SH),1,1,1
Ezreal/Seraphine (BC/PZ),Galio/Garen (DE/IO),1,1,1
Galio/Garen (DE/IO),Elder Dragon/Shyvana (RU/DE),1,1,1
Galio/Garen (DE/IO),Championless (SI),1,1,1
Galio/Garen (DE/IO),Mordekaiser/Viego (MT/SI),1,1,1
Aphelios/Zoe (MT),Galio/Garen (DE/IO),1,1,1
Galio/Garen (DE/IO),Aurelion Sol/Shyvana (DE/MT),1,1,1
Galio/Garen (DE/IO),Braum/Vladimir (FR/NX),1,1,1
Galio/Garen (DE/IO),Anivia (FR/SI),1,1,1
Katarina/Lucian (DE/NX),Galio/Garen (DE/IO),1,1,1
Galio/Garen (DE/IO),Garen/Miss Fortune/Quinn (BW/DE),1,1,1
Galio/Garen (DE/IO),Hecarim/Lucian (DE/SI),1,1,1
Galio/Garen (DE/IO),Illaoi (BW/IO),1,1,1
Caitlyn/Ezreal (NX/PZ),Master Yi/Samira (IO/NX),1,1,1
Gnar/Norra (BC/NX),Ezreal/Senna (PZ/SI),1,1,1
Elder Dragon/Volibear (RU/FR),Elise/Norra (BC/SI),1,1,1
Azir/Irelia (IO/SH),Championless (FR/PZ),1,1,1
Braum/Vladimir (FR/NX),Master Yi/Samira (IO/NX),1,1,1
Teemo (NX/PZ),Braum/Vladimir (FR/NX),1,1,1
Master Yi/Samira (IO/NX),Garen/Udyr (DE/FR),1,1,1
Teemo (NX/PZ),Maokai/Nautilus (BW/SI),1,1,1
Elder Dragon/Mordekaiser/Viego (RU/SI),Teemo (NX/PZ),1,1,1
Championpile (MT/PZ),Master Yi/Samira (IO/NX),1,1,1
Master Yi/Samira (IO/NX),Ekko/Zilean (PZ/SH),1,1,1
Akshan/Sivir (DE/SH),Master Yi/Samira (IO/NX),1,1,1
Teemo (NX/PZ),Azir/Hecarim (SI/SH),1,1,1
Hecarim/Thresh (SI),Karma/Seraphine (IO/PZ),1,1,1
Lux: Illuminated/Vex (BC/DE),Karma/Seraphine (IO/PZ),1,1,1
Miss Fortune/Twisted Fate (BW/NX),Nocturne (MT/SI),1,1,1
Nocturne (MT/SI),Championless (SI),1,1,1
Karma/Sett (FR/IO),Karma/Seraphine (IO/PZ),1,1,1
Mordekaiser/Norra (BC/SI),Braum/Soraka (FR/MT),1,1,1
Mordekaiser/Norra (BC/SI),Mordekaiser/Viego (SI/SH),1,1,1
Mordekaiser/Norra (BC/SI),Mordekaiser/Nasus/Thresh (SI/SH),1,1,1
Championless (SI),Illaoi/Renekton (BW/SH),1,1,1
Championless (SI),Janna/Viktor (BC/PZ),1,1,1
Senna (PZ/SI),Elder Dragon/Mordekaiser/Viego (RU/SI),1,1,1
Ezreal/Seraphine (BC/PZ),Morgana/Pantheon (MT/SH),1,1,1
Ezreal/Seraphine (BC/PZ),Karma/Sett (IO/PZ),1,1,1
Ezreal/Seraphine (BC/PZ),Championless (SI/SH),1,1,1
Maokai/Nautilus (BW/SI),Leona/Yasuo (IO/MT),1,1,1
Nasus/Senna (SI/SH),Ashe (FR/PZ),1,1,1
Maokai/Nautilus (BW/SI),Akshan/Nasus/Renekton (SH),1,1,1
Maokai/Nautilus (BW/SI),Gnar/Swain (BC/NX),1,1,1
Elder Dragon/Ornn/Volibear (RU/FR),Elder Dragon/Seraphine/Viktor (RU/PZ),1,1,1
Aphelios/Viktor (MT/PZ),Championless (FR/PZ),1,1,1
Evelynn/Viego (RU/SI),Aphelios/Viktor (MT/PZ),1,1,1
Braum/Zoe (FR/MT),Norra/Teemo (BC/SI),1,1,1
Lissandra/Trundle (FR/SI),Braum/Zoe (FR/MT),1,1,1
Braum/Zoe (FR/MT),Azir (MT/SH),1,1,1
Nilah/Twisted Fate (BW/MT),Braum/Zoe (FR/MT),1,1,1
Championless (BC/SH),Braum/Zoe (FR/MT),1,1,1
Pantheon/Shyvana (DE/MT),Braum/Zoe (FR/MT),1,1,1
Braum/Zoe (FR/MT),Caitlyn/Norra/Teemo (BC/PZ),1,1,1
Ashe (FR/SI),Braum/Zoe (FR/MT),1,1,1
Katarina/Lucian (DE/NX),Braum/Zoe (FR/MT),1,1,1
Braum/Zoe (FR/MT),Poppy/Ziggs (BC/NX),1,1,1
Elder Dragon/Volibear (RU/FR),Annie/Gwen (NX/SI),1,1,1
Master Yi/Nami (BW/IO),Championless (PZ/SI),1,1,1
Master Yi/Nami (BW/IO),Pantheon/Riven (MT/NX),1,1,1
Elise (FR/SI),Elder Dragon/Seraphine/Viktor (RU/PZ),1,1,1
Championless (IO/PZ),Elise (FR/SI),1,1,1
Elise (FR/SI),Shen/Sivir (IO/SH),1,1,1
Fizz (BW/FR),Elise (FR/SI),1,1,1
Caitlyn/Teemo (BC/PZ),Shyvana/Soraka (DE/MT),1,1,1
Fiora (DE/SH),Caitlyn/Teemo (BC/PZ),1,1,1
Ryze (RU/SH),Jhin/Kennen (IO/RU),1,1,1
Championpile (DE),Jhin/Kennen (IO/RU),1,1,1
Jhin/Kennen (IO/RU),Janna/Mordekaiser (PZ/SI),1,1,1
Jinx/Lulu (BC/PZ),Elder Dragon/Lissandra/Trundle (RU/FR),1,1,1
Jinx/Lulu (BC/PZ),Hecarim/Zed (IO/SI),1,1,1
Evelynn/Viego (RU/SI),Jinx/Lulu (BC/PZ),1,1,1
Poppy (BC/NX),Ezreal/Swain (NX/PZ),1,1,1
Poppy (BC/NX),Evelynn/Kalista (RU/SI),1,1,1
Poppy (BC/NX),Miss Fortune/Twisted Fate (BW/NX),1,1,1
Poppy (BC/NX),Jax/Ornn (FR/RU),1,1,1
Norra/Teemo (BC/PZ),Jinx/Zed (IO/PZ),1,1,1
Norra/Teemo (BC/PZ),Championless (NX/SI),1,1,1
Norra/Teemo (BC/PZ),Elder Dragon/Morgana/Shyvana (RU/DE),1,1,1
Udyr/Vladimir (FR/NX),Championless (BW/SI),1,1,1
Irelia/Miss Fortune (BW/IO),Kai'Sa/Mordekaiser (SI/SH),1,1,1
Irelia/Miss Fortune (BW/IO),Miss Fortune/Swain (BW/NX),1,1,1
Pyke/Rek'Sai (BW/SH),Fiora/Sivir (DE/SH),1,1,1
Irelia/Miss Fortune (BW/IO),Swain/Yasuo (IO/NX),1,1,1
Karma/Sett (FR/IO),Mordekaiser/Norra (BC/SI),1,1,1
Ezreal/Senna (PZ/SI),Karma/Sett (FR/IO),1,1,1
Karma/Sett (FR/IO),LeBlanc (FR/NX),1,1,1
Heimerdinger (PZ/SI),Karma/Sett (FR/IO),1,1,1
Karma/Sett (FR/IO),Elise/Zed (IO/SI),1,1,1
Elder Dragon/Mordekaiser/Viego (RU/SI),Karma/Sett (FR/IO),1,1,1
Karma/Sett (FR/IO),Lillia (BC/IO),1,1,1
Karma/Sett (FR/IO),Ezreal/Kennen (IO/PZ),1,1,1
Miss Fortune/Twisted Fate (BW/NX),Trundle/Volibear (FR/IO),1,1,1
Azir/Irelia (IO/SH),Trundle/Volibear (FR/IO),1,1,1
Trundle/Volibear (FR/IO),Rumble/Vayne (DE/NX),1,1,1
Trundle/Volibear (FR/IO),Jack/Sett (BW/IO),1,1,1
Nilah/Twisted Fate (BW/PZ),Bard/Teemo (RU/PZ),1,1,1
Lee Sin/Viktor (IO/PZ),Trundle/Volibear (FR/IO),1,1,1
Trundle/Volibear (FR/IO),Viktor/Zilean (PZ/SH),1,1,1
Galio/Garen (DE/IO),Trundle/Volibear (FR/IO),1,1,1
Aurelion Sol/Elder Dragon (RU/MT),Trundle/Volibear (FR/IO),1,1,1
Trundle/Volibear (FR/IO),Xerath/Ziggs (BC/SH),1,1,1
Trundle/Volibear (FR/IO),Lux: Illuminated/Shen (DE/IO),1,1,1
Trundle/Volibear (FR/IO),Fizz (BW/SH),1,1,1
Trundle/Volibear (FR/IO),Aurelion Sol/Zoe (MT),1,1,1
Trundle/Volibear (FR/IO),Jinx/Sion (NX/PZ),1,1,1
Trundle/Volibear (FR/IO),Kindred/Mordekaiser (BC/SI),1,1,1
Trundle/Volibear (FR/IO),Championpile (DE/FR),1,1,1
Yasuo (IO/NX),The Poro King (RU/SI),1,1,1
Zed (IO/NX),Karma/Ryze (IO/RU),1,1,1
Championless (PZ/SI),Aurelion Sol/Zoe (MT),1,1,1
Championless (PZ/SI),Akshan (FR/SH),1,1,1
Championless (PZ/SI),Gwen/Kennen (IO/SI),1,1,1
Malphite/Taliyah (MT/SH),Championless (FR),1,1,1
Championless (FR),Azir/Irelia (IO/SH),1,1,1
Jhin/Kennen (IO/RU),Teemo (BC/PZ),1,1,1
Elder Dragon/Trundle (RU/FR),Twisted Fate (BW/PZ),1,1,1
Elder Dragon/Trundle (RU/FR),Pyke/Rek'Sai (BW/SH),1,1,1
Lux: Illuminated/Vex (BC/DE),Elder Dragon/Trundle (RU/FR),1,1,1
Elder Dragon/Trundle (RU/FR),Championless (PZ/SI),1,1,1
Shyvana/Taric (DE/MT),Championless (PZ/SI),1,1,1
Norra/Swain (BC/NX),Udyr (FR),1,1,1
Norra/Swain (BC/NX),Illaoi (BW/IO),1,1,1
Mordekaiser/Viego (SI/SH),Norra/Swain (BC/NX),1,1,1
Norra/Swain (BC/NX),Morgana/Vex (BC/DE),1,1,1
Norra/Swain (BC/NX),Gnar/Teemo (BC/PZ),1,1,1
Norra/Swain (BC/NX),Akshan/Taliyah/Zilean (IO/SH),1,1,1
Norra/Swain (BC/NX),Annie/Jhin/Swain (RU/NX),1,1,1
Norra/Swain (BC/NX),Aurelion Sol/Tryndamere (FR/MT),1,1,1
Norra/Swain (BC/NX),Elder Dragon/Norra/Vex (RU/BC),1,1,1
Nilah/Twisted Fate (BW/PZ),Championless (IO/SI),1,1,1
Lee Sin/Viktor (IO/PZ),Mordekaiser/Senna (DE/SI),1,1,1
Lee Sin/Viktor (IO/PZ),Norra (BC/MT),1,1,1
Lee Sin/Viktor (IO/PZ),Ekko (BC/PZ),1,1,1
Viego (IO/SI),Swain/Vladimir (FR/NX),1,1,1
Lee Sin/Viktor (IO/PZ),Karma/Sett (FR/IO),1,1,1
Aatrox (RU/BW),Lee Sin/Viktor (IO/PZ),1,1,1
Braum/Vladimir (FR/NX),Rumble (BC/MT),1,1,1
Rumble (BC/MT),Kayle (BW/MT),1,1,1
Rumble (BC/MT),Lee Sin/Viktor (IO/PZ),1,1,1
Jax/Ornn (FR/RU),Galio/Udyr (DE/FR),1,1,1
Janna/Sett (IO/PZ),Galio/Udyr (DE/FR),1,1,1
Norra (BC/FR),Kindred/Viego (SI),1,1,1
Trundle/Volibear (DE/FR),Norra (BC/FR),1,1,1
Sejuani/Teemo (BC/FR),Norra (BC/FR),1,1,1
Norra (BC/FR),Hecarim/Lucian (DE/SI),1,1,1
Elder Dragon (RU/FR),Norra (BC/FR),1,1,1
Norra (BC/FR),Aurelion Sol (FR/MT),1,1,1
Norra (BC/FR),Ashe/LeBlanc (FR/NX),1,1,1
Norra (BC/FR),Azir/Irelia (IO/SH),1,1,1
Zoe (IO/MT),Norra (BC/FR),1,1,1
Aurelion Sol/Zoe (MT),Taliyah/Zilean (IO/SH),1,1,1
Heimerdinger/Viktor (BC/PZ),Taliyah/Zilean (IO/SH),1,1,1
Nasus/Renekton (SH),Galio/Udyr (DE/FR),1,1,1
Jayce/Lux (DE/PZ),Yasuo (IO/NX),1,1,1
Yasuo (IO/NX),Shyvana (DE/MT),1,1,1
Yasuo (IO/NX),Braum/Lillia (FR/IO),1,1,1
Yasuo (IO/NX),Aatrox/Morgana/Vayne (RU/DE),1,1,1
Darius/Elise (NX/SI),Akshan/Master Yi (IO/SH),1,1,1
Annie/Jhin/Swain (RU/NX),Akshan/Master Yi (IO/SH),1,1,1
Annie/Jhin (RU/NX),Akshan/Lillia (IO/SH),1,1,1
Akshan/Lillia (IO/SH),Azir/Irelia (IO/SH),1,1,1
Championless (SI),Lillia/Viktor (IO/PZ),1,1,1
Elder Dragon/Elise (RU/SI),Karma/Tryndamere (FR/IO),1,1,1
Samira (BW/NX),Master Yi/Ornn (FR/IO),1,1,1
Elder Dragon/Elise (RU/SI),Aurelion Sol (FR/MT),1,1,1
Poppy/Ziggs (BC/NX),Elder Dragon (RU/FR),1,1,1
Poppy/Ziggs (BC/NX),Annie/Zed (IO/NX),1,1,1
Poppy/Ziggs (BC/NX),Jax/Ornn (FR/RU),1,1,1
Poppy/Ziggs (BC/NX),Soraka/Vladimir (MT/NX),1,1,1
Poppy/Ziggs (BC/NX),Maokai/Nautilus (BW/SI),1,1,1
Poppy/Ziggs (BC/NX),Caitlyn/Swain (NX/PZ),1,1,1
Poppy/Ziggs (BC/NX),Akshan/Elder Dragon (RU/SH),1,1,1
Elder Dragon/Volibear (RU/FR),Elder Dragon/Fiora/Morgana (RU/DE),1,1,1
Elder Dragon/Fiora/Morgana (RU/DE),Taliyah/Ziggs (BC/SH),1,1,1
Elder Dragon/Fiora/Morgana (RU/DE),Akshan (FR/SH),1,1,1
Elder Dragon/Fiora/Morgana (RU/DE),Pyke/Rek'Sai (BW/SH),1,1,1
Poppy/Taric (DE/MT),Gwen/Kalista (SI),1,1,1
Poppy/Taric (DE/MT),Jack/Sett (BW/IO),1,1,1
Ashe/LeBlanc (FR/NX),Braum/Vladimir (FR/NX),1,1,1
Braum/Vladimir (FR/NX),Caitlyn (BC/PZ),1,1,1
Braum/Vladimir (FR/NX),Riven/Viktor (NX/PZ),1,1,1
Jayce (PZ/SI),Senna/Veigar (BC/SI),1,1,1
Annie/Jhin (RU/NX),Kayle (BW/MT),1,1,1
Viktor (BW/PZ),Annie/Jhin (RU/NX),1,1,1
Lee Sin/Viktor (IO/PZ),Gwen/Nidalee (SI/SH),1,1,1
Nasus (SI/SH),Gwen/Nidalee (SI/SH),1,1,1
Gwen/Nidalee (SI/SH),LeBlanc/Lillia (IO/NX),1,1,1
Azir/Xerath (SH),Evelynn/Kai'Sa (RU/SH),1,1,1
Evelynn/Kai'Sa (RU/SH),Jack/Samira (BW/NX),1,1,1
Evelynn/Kai'Sa (RU/SH),Maokai/Nautilus (BW/SI),1,1,1
Mordekaiser/Viego (IO/SI),Evelynn/Kai'Sa (RU/SH),1,1,1
Miss Fortune/Twisted Fate (BW/NX),Pantheon/Yuumi (BC/MT),1,1,1
Zed (IO/MT),Miss Fortune/Twisted Fate (BW/NX),1,1,1
Miss Fortune/Twisted Fate (BW/NX),Irelia/Master Yi (DE/IO),1,1,1
Miss Fortune/Twisted Fate (BW/NX),Aurelion Sol/Garen (DE/MT),1,1,1
Miss Fortune/Twisted Fate (BW/NX),Aatrox/Morgana/Vayne (RU/DE),1,1,1
Mordekaiser/Viego (IO/SI),Championless (DE/PZ),1,1,1
Championless (DE/PZ),Caitlyn/Teemo (BC/PZ),1,1,1
Lux: Illuminated/Shen (DE/IO),Championless (DE/PZ),1,1,1
Championless (DE/PZ),Bard/Norra (BC/RU),1,1,1
Kindred/Viego (BC/SI),Championless (DE/PZ),1,1,1
Championless (DE/PZ),Ziggs (BC/SI),1,1,1
Championless (DE/PZ),Aphelios/Lux (DE/MT),1,1,1
Lillia/Sett (BC/IO),Championless (BC/SI),1,1,1
Elder Dragon/Volibear (RU/FR),Akshan/Udyr (FR/SH),1,1,1
Azir/Irelia (IO/SH),Lux: Illuminated/Rumble/Vex (BC/DE),1,1,1
Azir/Xerath (SH),Jhin/Kennen (IO/RU),1,1,1
Jhin/Kennen (IO/RU),Elder Dragon/Ornn/Tryndamere/Volibear (RU/FR),1,1,1
Jhin/Kennen (IO/RU),Gwen/Master Yi (IO/SI),1,1,1
Jhin/Kennen (IO/RU),Jarvan IV/Shen (DE/IO),1,1,1
Jhin/Kennen (IO/RU),Bard/Evelynn (RU/RU),1,1,1
Jhin/Kennen (IO/RU),Akshan/Udyr (FR/SH),1,1,1
Ryze (IO/RU),Akshan/Lee Sin (IO/SH),1,1,1
Akshan/Lee Sin (IO/SH),Norra/Zoe (BC/MT),1,1,1
Garen (DE/IO),Poppy/Taric (DE/MT),1,1,1
Garen (DE/IO),Championpile (DE/MT),1,1,1
Ashe/Jayce (FR/PZ),Championpile (DE/MT),1,1,1
LeBlanc/Udyr (FR/NX),Ashe/Jayce (FR/PZ),1,1,1
Lillia/Viktor (IO/PZ),Ashe/Jayce (FR/PZ),1,1,1
Tahm Kench/Taric (BW/MT),Gangplank (BW/FR),1,1,1
Norra/Trundle (BC/FR),Elder Dragon/Volibear (RU/FR),1,1,1
Azir/Lucian (DE/SH),Norra/Trundle (BC/FR),1,1,1
Gnar/Kai'Sa (BC/SH),Norra/Trundle (BC/FR),1,1,1
Norra/Teemo (BC/SI),Gangplank/Twisted Fate (BW/SI),1,1,1
Braum/Zoe (FR/MT),Azir/Xerath (SH),1,1,1
Braum/Zoe (FR/MT),Shyvana/Taric (DE/MT),1,1,1
Braum/Zoe (FR/MT),Kalista/Maokai (PZ/SI),1,1,1
Braum/Zoe (FR/MT),Championless (FR/PZ),1,1,1
Braum/Zoe (FR/MT),Katarina/Taliyah (NX/SH),1,1,1
Braum/Zoe (FR/MT),Aatrox/Vayne (RU/DE),1,1,1
Aatrox/Kayn (RU/RU),Akshan/Sivir (FR/SH),1,1,1
Akshan/Sivir (FR/SH),Ornn/Pantheon (FR/MT),1,1,1
Akshan/Sivir (FR/SH),Janna/Samira (NX/PZ),1,1,1
Akshan/Sivir (FR/SH),Bard/Twisted Fate (RU/BW),1,1,1
Akshan/Sivir (FR/SH),Aatrox/Vayne (RU/DE),1,1,1
Trundle/Volibear (DE/FR),Akshan/Sivir (FR/SH),1,1,1
Taliyah/Zilean (IO/SH),Akshan/Sivir (FR/SH),1,1,1
Akshan/Sivir (FR/SH),Hecarim/Zed (IO/SI),1,1,1
Aphelios/Zoe (MT),Akshan/Sivir (FR/SH),1,1,1
Akshan/Sivir (FR/SH),Gangplank/Gnar (BC/BW),1,1,1
Taliyah/Zilean (IO/SH),Taric/Yasuo (IO/MT),1,1,1
Pyke/Rek'Sai (BW/SH),Evelynn/Kalista (RU/SI),1,1,1
Pyke/Rek'Sai (BW/SH),Aurelion Sol/Zoe (MT/PZ),1,1,1
Pyke/Rek'Sai (BW/SH),The Poro King (BW/RU),1,1,1
Jayce (MT/PZ),Caitlyn/Teemo (BC/PZ),1,1,1
Elder Dragon/Volibear (RU/FR),Jhin/Vex (BC/RU),1,1,1
Nilah/Twisted Fate (BW/PZ),The Poro King (FR/RU),1,1,1
Nilah/Twisted Fate (BW/PZ),Aurelion Sol/Shyvana/Zoe (DE/MT),1,1,1
Nilah/Twisted Fate (BW/PZ),The Poro King (NX/RU),1,1,1
Zoe (MT/PZ),Leona/Yasuo (IO/MT),1,1,1
Maokai/Nautilus (BW/SI),Jayce (PZ/SI),1,1,1
Elder Dragon (RU/FR),Braum/The Poro King (FR/RU),1,1,1
Braum/The Poro King (FR/RU),Poppy/Ziggs (BC/NX),1,1,1
Braum/The Poro King (FR/RU),Hecarim/Irelia (IO/SI),1,1,1
Braum/The Poro King (FR/RU),Championless (SI),1,1,1
The Poro King (RU/SI),Azir/Irelia (IO/SH),1,1,1
Draven/Jinx (NX/PZ),Mordekaiser/Viego (SI/SH),1,1,1
Senna/Veigar (BC/SI),Draven/Rumble (BC/NX),1,1,1
Draven/Jinx (NX/PZ),Draven/Viktor (NX/PZ),1,1,1
Azir/Irelia (IO/SH),Akshan (FR/SH),1,1,1
Azir/Irelia (IO/SH),Ashe (FR/SI),1,1,1
Elder Dragon/Volibear (RU/FR),Bard (RU/IO),1,1,1
Azir/Irelia (IO/SH),Akshan/Renekton (SH),1,1,1
Azir/Irelia (IO/SH),Akshan/Garen (DE/SH),1,1,1
Miss Fortune/Quinn (BW/DE),Elder Dragon/Volibear (RU/FR),1,1,1
Norra/Poppy (BC/NX),Pyke/Rek'Sai (BW/SH),1,1,1
Karma/Sett (IO/PZ),Bard (RU/NX),1,1,1
Karma/Seraphine/Sett (IO/PZ),Bard (RU/IO),1,1,1
Gnar (BC/PZ),Darius/LeBlanc (FR/NX),1,1,1
Norra/Zoe (BC/MT),Bard (RU/PZ),1,1,1
Norra (BC/PZ),Mordekaiser/Norra (BC/SI),1,1,1
Elder Dragon (RU/FR),Bard (RU/NX),1,1,1
Bard (RU/NX),Darius/Miss Fortune (BW/NX),1,1,1
Aphelios/Seraphine/Zoe (MT/PZ),Bard (RU/PZ),1,1,1
Yasuo/Zed (IO/NX),Bard (RU/PZ),1,1,1
Bard (RU/PZ),Yasuo (IO/MT),1,1,1
Katarina (FR/NX),Bard/Caitlyn (RU/PZ),1,1,1
Bard/Caitlyn (RU/PZ),Fiora/Shen (DE/IO),1,1,1
Elder Dragon/Volibear (RU/FR),Bard/Caitlyn (RU/PZ),1,1,1
Bard/Caitlyn (RU/PZ),Janna/Karma (IO/PZ),1,1,1
Jax/Ornn (FR/RU),Jack/Sett (BW/IO),1,1,1
Jack/Sett (BW/IO),Mordekaiser/Thresh (NX/SI),1,1,1
Heimerdinger/Jayce (PZ/SI),Jack/Sett (BW/IO),1,1,1
Lux: Illuminated/Vex (BC/DE),Jack/Sett (BW/IO),1,1,1
Jayce/Lux (DE/PZ),Jack/Sett (BW/IO),1,1,1
Jack/Sett (BW/IO),Aurelion Sol/Trundle (FR/MT),1,1,1
Jack/Sett (BW/IO),Ezreal/Seraphine (BC/PZ),1,1,1
Miss Fortune/Twisted Fate (BW/NX),Nasus/Renekton (SH),1,1,1
Aatrox/Kayn (RU/RU),Miss Fortune/Twisted Fate (BW/NX),1,1,1
Miss Fortune/Twisted Fate (BW/NX),Hecarim/Zed (IO/SI),1,1,1
Miss Fortune/Twisted Fate (BW/NX),Kindred/Mordekaiser/Viego (IO/SI),1,1,1
Karma/Sett (FR/IO),Teemo/Tristana (BC/SI),1,1,1
Championless (SI),Teemo/Tristana (BC/SI),1,1,1
Teemo/Tristana (BC/SI),Miss Fortune/Twisted Fate (BW/NX),1,1,1
Teemo/Tristana (BC/SI),Master Yi/Zoe (IO/MT),1,1,1
Teemo/Tristana (BC/SI),Championless (NX/SI),1,1,1
Teemo/Tristana (BC/SI),The Poro King (BW/RU),1,1,1
Jinx/Teemo (BW/PZ),Azir/Hecarim (SI/SH),1,1,1
Azir/Hecarim (SI/SH),Katarina/Thresh (NX/SI),1,1,1
Shen/Zed (DE/IO),Azir/Hecarim (SI/SH),1,1,1
Azir/Hecarim (SI/SH),Braum/Elise (FR/SI),1,1,1
Aurelion Sol/Volibear (FR/MT),Azir/Hecarim (SI/SH),1,1,1
Azir/Hecarim (SI/SH),Viktor (BC/PZ),1,1,1
Azir/Hecarim (SI/SH),Braum/Karma (FR/IO),1,1,1
Azir/Hecarim (SI/SH),Championless (PZ/SI),1,1,1
Azir/Hecarim (SI/SH),Trundle/Volibear (DE/FR),1,1,1
Fiora (DE/FR),Azir/Hecarim (SI/SH),1,1,1
Aurelion Sol/Thresh (MT/SI),Azir/Hecarim (SI/SH),1,1,1
Azir/Hecarim (SI/SH),Evelynn/Lucian (DE/RU),1,1,1
Master Yi/Morgana (DE/IO),Fiora (DE/SH),1,1,1
Zoe (MT/PZ),Ziggs (BC/SH),1,1,1
Jax/Vi (RU/PZ),Viktor/Zilean (PZ/SH),1,1,1
Jax/Vi (RU/PZ),Janna/Nami/Nilah (BW/PZ),1,1,1
Lillia (BC/IO),Jax/Vi (RU/PZ),1,1,1
Hecarim/Zed (IO/SI),Jax/Vi (RU/PZ),1,1,1
Jax/Vi (RU/PZ),Zoe (IO/MT),1,1,1
Azir/Fizz (BW/SH),Jinx/Lulu (BC/PZ),1,1,1
Jax/Vi (RU/PZ),Fiora (DE/SH),1,1,1
Ashe/LeBlanc (FR/NX),Udyr/Vladimir (FR/NX),1,1,1
Gwen/Katarina (NX/SI),Norra (BC/SI),1,1,1
Gwen/Katarina (NX/SI),Braum/Lillia (FR/IO),1,1,1
Gwen/Katarina (NX/SI),Taliyah/Zilean (IO/SH),1,1,1
Gwen/Katarina (NX/SI),Nasus/Viego (SI/SH),1,1,1
Gangplank/Sejuani (BW/FR),Gwen/Katarina (NX/SI),1,1,1
Poppy/Ziggs (BC/NX),Norra/Swain (BC/NX),1,1,1
Jax/Ornn (FR/RU),Annie/Jhin/Swain (RU/NX),1,1,1
Annie/Jhin/Swain (RU/NX),Aurelion Sol/Tryndamere (FR/MT),1,1,1
Annie/Jhin/Swain (RU/NX),Teemo/Tristana (BC/NX),1,1,1
Elise/Kalista (NX/SI),Teemo/Tristana (BC/NX),1,1,1
Teemo/Tristana (BC/NX),Championless (FR/PZ),1,1,1
Kayle (BW/MT),Jax/Ornn (FR/RU),1,1,1
Maokai/Nautilus (BW/SI),Jax/Ornn (FR/RU),1,1,1
Jax/Ornn (FR/RU),Janna/Ryze (PZ/RU),1,1,1
Ashe (FR/NX),Jax/Ornn (FR/RU),1,1,1
Championless (SI),Galio/Udyr (DE/FR),1,1,1
Evelynn/The Poro King (RU/RU),Ezreal/Seraphine (BC/PZ),1,1,1
Evelynn (BW/RU),Norra/Zoe (BC/MT),1,1,1
Elder Dragon/Elise (RU/SI),Ezreal (PZ/SI),1,1,1
Nilah/Twisted Fate (BW/PZ),Illaoi/Jarvan IV (BW/DE),1,1,1
Norra/Zoe (BC/MT),Ryze (RU/SH),1,1,1
Braum/Lillia (FR/IO),Heimerdinger/Seraphine/Viktor (IO/PZ),1,1,1
Heimerdinger/Seraphine/Viktor (IO/PZ),Fiora (DE/SH),1,1,1
Azir/Irelia (IO/SH),Heimerdinger/Seraphine/Viktor (IO/PZ),1,1,1
Janna (NX/PZ),Heimerdinger/Seraphine/Viktor (IO/PZ),1,1,1
Heimerdinger/Seraphine/Viktor (IO/PZ),Aphelios/Yasuo (IO/MT),1,1,1
Norra/Teemo (BC/PZ),Akshan/Master Yi (IO/SH),1,1,1
Pyke/Rek'Sai (BW/SH),Ekko (BC/PZ),1,1,1
Annie/Gwen (NX/SI),Ekko (BC/PZ),1,1,1
Elder Dragon/Volibear (RU/FR),Ekko (BC/PZ),1,1,1
Kai'Sa/Lux: Illuminated (DE/SH),Elder Dragon/Volibear (RU/FR),1,1,1
Elder Dragon/Volibear (RU/FR),Irelia/Zed (IO/NX),1,1,1
Fizz/Samira (BW/NX),Elder Dragon/Volibear (RU/FR),1,1,1
Caitlyn/Teemo (BC/PZ),Fizz/Samira (BC/NX),1,1,1
Heimerdinger/Jayce (PZ/SI),Fiora (DE/FR),1,1,1
Caitlyn/Teemo (BC/PZ),Taliyah/Ziggs (BC/SH),1,1,1
Caitlyn/Teemo (BC/PZ),Elder Dragon/Norra/Vex (RU/BC),1,1,1
Samira (BW/NX),Jarvan IV/Vex (BC/DE),1,1,1
Morgana/Riven (MT/NX),Hecarim/Zed (IO/SI),1,1,1
Hecarim/Zed (IO/SI),Akshan (FR/SH),1,1,1
Hecarim/Zed (IO/SI),Jinx/Zed (IO/PZ),1,1,1
Hecarim/Zed (IO/SI),Mordekaiser/Norra (BC/SI),1,1,1
Elise/Kalista (NX/SI),Hecarim/Zed (IO/SI),1,1,1
Soraka/Tahm Kench (BW/MT),Hecarim/Zed (IO/SI),1,1,1
Hecarim/Zed (IO/SI),Annie/Ezreal (NX/PZ),1,1,1
Hecarim/Zed (IO/SI),Elder Dragon (RU/FR),1,1,1
Hecarim/Zed (IO/SI),Championless (PZ/SI),1,1,1
Bard/Norra (BC/RU),Hecarim/Zed (IO/SI),1,1,1
Hecarim/Zed (IO/SI),Ezreal/Janna (PZ/SI),1,1,1
Braum/Udyr (DE/FR),Hecarim/Zed (IO/SI),1,1,1
Hecarim/Zed (IO/SI),Katarina (NX/SI),1,1,1
Janna/Sejuani (FR/PZ),Ekko/Zilean (PZ/SH),1,1,1
Neeko/Poppy (DE/RU),Soraka/Tahm Kench (BW/MT),1,1,1
Azir/Irelia (IO/SH),Gnar/Neeko (FR/RU),1,1,1
Azir/Irelia (IO/SH),Thresh/Viego (IO/SI),1,1,1
Azir/Irelia (IO/SH),Braum/Elder Dragon/Gnar (RU/FR),1,1,1
Caitlyn/Trundle (FR/PZ),Caitlyn (BC/PZ),1,1,1
Caitlyn/Trundle (FR/PZ),Yuumi/Zoe (FR/MT),1,1,1
Caitlyn/Trundle (FR/PZ),Caitlyn/Teemo (BC/PZ),1,1,1
Fiora (DE/FR),Caitlyn/Trundle (FR/PZ),1,1,1
Caitlyn/Trundle (FR/PZ),Norra/Teemo (BC/MT),1,1,1
Aurelion Sol/Zoe (MT),Lissandra/Trundle (FR/SI),1,1,1
Rumble/Sion (BC/NX),Jax/Ornn (FR/RU),1,1,1
Jhin/Norra (BC/RU),Malphite/Taliyah (MT/SH),1,1,1
Aphelios/Viktor (MT/PZ),Tahm Kench/Taric (BW/MT),1,1,1
Taric (DE/MT),Rumble/Sion (BC/NX),1,1,1
Rumble/Sion (BC/NX),Janna (PZ/SH),1,1,1
Shyvana (DE/MT),Aphelios/Viktor (MT/PZ),1,1,1
Aatrox/Kayn (RU/RU),Taric (DE/MT),1,1,1
Jhin/Norra (BC/RU),Garen/Tryndamere (DE/FR),1,1,1
Aatrox/Kayn (RU/RU),Janna/Senna (PZ/SI),1,1,1
Jayce/Lux (DE/PZ),Veigar (BC/SI),1,1,1
Garen (DE/FR),Veigar (BC/SI),1,1,1
Poppy/Taric (DE/MT),Ashe/LeBlanc (FR/NX),1,1,1
Jayce (PZ/SI),Ashe/LeBlanc (FR/NX),1,1,1
Maokai/Nautilus (BW/SI),Norra (BC),1,1,1
Annie/Jhin (RU/NX),Lee Sin/Viktor (IO/PZ),1,1,1
Lux: Illuminated/Vex (BC/DE),Jarvan IV (DE),1,1,1
Lux: Illuminated/Vex (BC/DE),Braum/Lillia (FR/IO),1,1,1
Gnar/Nidalee (BC/SH),Lux: Illuminated/Vex (BC/DE),1,1,1
Kalista/Nocturne (NX/SI),Lux: Illuminated/Vex (BC/DE),1,1,1
Lux: Illuminated/Vex (BC/DE),Taliyah/Zilean (SH),1,1,1
Lux: Illuminated/Vex (BC/DE),Miss Fortune (BW/FR),1,1,1
Lux: Illuminated/Vex (BC/DE),Aurelion Sol/Trundle (FR/MT),1,1,1
Lux: Illuminated/Vex (BC/DE),Championpile (SH),1,1,1
Lux: Illuminated/Vex (BC/DE),Aphelios/Lee Sin (IO/MT),1,1,1
Katarina/Yasuo (IO/NX),Lux: Illuminated/Vex (BC/DE),1,1,1
Lux: Illuminated/Vex (BC/DE),Darius/Garen/LeBlanc (DE/NX),1,1,1
Heimerdinger/Viktor (IO/PZ),Lux: Illuminated/Vex (BC/DE),1,1,1
Lux: Illuminated/Vex (BC/DE),Teemo/Zoe (MT/PZ),1,1,1
Lux: Illuminated/Vex (BC/DE),Malphite (MT/SH),1,1,1
Annie/Taliyah (NX/SH),Swain/Yasuo (IO/NX),1,1,1
Viego (NX/SI),Annie/Taliyah (NX/SH),1,1,1
Ekko/Janna (BC/PZ),Annie/Taliyah (NX/SH),1,1,1
Annie/Taliyah (NX/SH),Teemo/Zed (IO/PZ),1,1,1
Annie/Taliyah (NX/SH),Evelynn/Kai'Sa (RU/SH),1,1,1
Annie/Taliyah (NX/SH),Hecarim (SI),1,1,1
Annie/Taliyah (NX/SH),Renekton/Xerath/Zilean (SH),1,1,1
Yasuo/Yuumi (BC/IO),Annie/Taliyah (NX/SH),1,1,1
Aurelion Sol/Thresh (MT/SI),Annie/Taliyah (NX/SH),1,1,1
Fiora/Shen (DE/IO),Annie/Taliyah (NX/SH),1,1,1
Annie/Taliyah (NX/SH),Ashe/Zed (FR/IO),1,1,1
Annie/Taliyah (NX/SH),Ekko (PZ/SH),1,1,1
Swain/Yasuo (IO/NX),Evelynn (RU/SI),1,1,1
Elise (FR/SI),Teemo (BC/PZ),1,1,1
Teemo/Zoe (MT/PZ),Elise (FR/SI),1,1,1
Gnar/Nidalee (BC/SH),Norra (BC/BW),1,1,1
Lee Sin/Viktor (IO/PZ),Sion (NX/SI),1,1,1
Aphelios/Udyr (FR/MT),Sion (NX/SI),1,1,1
Sion (NX/SI),Braum/Vladimir (FR/NX),1,1,1
Nasus/Renekton (SH),Caitlyn/Teemo (BC/PZ),1,1,1
Nasus/Renekton (SH),Maokai/Morgana (DE/SI),1,1,1
Nasus/Renekton (SH),Heimerdinger/Norra (BC/SI),1,1,1
Gangplank/Sejuani (BW/FR),Championless (IO/SI),1,1,1
Kalista/Kindred/Nasus (SI/SH),Gangplank/Swain (BW/NX),1,1,1
Gangplank/Sejuani (BW/FR),Rumble/Vayne (DE/NX),1,1,1
Maokai/Nautilus (BW/SI),LeBlanc/Udyr (FR/NX),1,1,1
Jax/Vayne (DE/RU),Azir/Irelia (IO/SH),1,1,1
Janna (PZ/SI),Karma/Seraphine (IO/PZ),1,1,1
Karma/Seraphine (IO/PZ),Azir/Nasus/Renekton (SH),1,1,1
Nasus (SI/SH),Karma/Seraphine (IO/PZ),1,1,1
Karma/Seraphine (IO/PZ),Kalista/Kindred (SI/SH),1,1,1
Aurelion Sol (FR/MT),Gnar/Teemo (BC/PZ),1,1,1
Aurelion Sol (FR/MT),Darius/Draven (NX/SH),1,1,1
Aurelion Sol (FR/MT),Caitlyn/Teemo (BC/PZ),1,1,1
Aurelion Sol (FR/MT),Tahm Kench/Taric (BW/MT),1,1,1
Aurelion Sol (FR/MT),Tryndamere/Udyr/Volibear (DE/FR),1,1,1
Ezreal/Nilah (BW/PZ),Bard/Zoe (RU/MT),1,1,1
Ezreal/Nilah (BW/PZ),Karma/Nami (BW/IO),1,1,1
Aurelion Sol (FR/MT),LeBlanc/Sion (FR/NX),1,1,1
Aurelion Sol (FR/MT),Aphelios/Janna (MT/PZ),1,1,1
Nilah/Twisted Fate (BW/PZ),Pantheon/Taric (DE/MT),1,1,1
Nilah/Twisted Fate (BW/PZ),Azir/Nasus (SH),1,1,1
Teemo/Zoe (MT/PZ),Azir/Xerath (SH),1,1,1
Master Yi/Riven (IO/NX),Pyke/Rek'Sai (BW/SH),1,1,1
Azir/Xerath (SH),Seraphine (IO/PZ),1,1,1
Anivia (FR/SI),Fizz/Twisted Fate (BW/FR),1,1,1
Anivia (FR/SI),Aphelios/Seraphine/Viktor (MT/PZ),1,1,1
Akshan/Renekton (SH),Anivia (FR/SI),1,1,1
Anivia (FR/SI),Soraka/Tahm Kench (BW/MT),1,1,1
Anivia (FR/SI),Championpile (MT/PZ),1,1,1
Jarvan IV/Shen (DE/IO),Anivia (FR/SI),1,1,1
Anivia (FR/SI),Akshan (FR/SH),1,1,1
Master Yi/Udyr (FR/IO),Soraka/Tahm Kench (BW/MT),1,1,1
Miss Fortune/Twisted Fate (BW/NX),Taliyah/Zilean (IO/SH),1,1,1
Akshan/Sivir (FR/SH),Ornn/Varus (FR/RU),1,1,1
Akshan/Sivir (FR/SH),Vex (BC/SI),1,1,1
Akshan/Sivir (FR/SH),Janna/Norra/Teemo (BC/PZ),1,1,1
Azir/Irelia (IO/SH),Evelynn/Kindred (RU/SI),1,1,1
Teemo (BC/PZ),Jax/Norra (BC/RU),1,1,1
Master Yi/Vayne (DE/IO),Braum/Lillia (FR/IO),1,1,1
Braum/Lillia (FR/IO),Azir/Hecarim (SI/SH),1,1,1
Braum/Lillia (FR/IO),Caitlyn/Norra/Teemo (BC/PZ),1,1,1
Aphelios/Zoe (MT/PZ),Norra (BC/NX),1,1,1
Aphelios/Zoe (MT/PZ),Bard/Norra (BC/RU),1,1,1
Kayle/Lillia (IO/MT),Morgana/Soraka (DE/MT),1,1,1
Ahri (IO/NX),Ryze (IO/RU),1,1,1
Ahri (IO/NX),Lillia/Lux: Illuminated (DE/IO),1,1,1
Ahri (IO/NX),Maokai/Nautilus (BW/SI),1,1,1
Ahri (IO/NX),Championless (NX/PZ),1,1,1
Annie (BW/NX),Ahri (IO/NX),1,1,1
Caitlyn/Teemo (BC/PZ),Ahri (IO/NX),1,1,1
Yasuo (IO/NX),Evelynn (RU/MT),1,1,1
Caitlyn (NX/PZ),Yasuo (IO/NX),1,1,1
Anivia/Braum (FR/SI),Yasuo (IO/NX),1,1,1
Yasuo (IO/NX),Mordekaiser/Nocturne (NX/SI),1,1,1
Yasuo (IO/NX),Poppy/Ziggs (BC/NX),1,1,1
Yasuo (IO/NX),Pantheon/Riven (MT/NX),1,1,1
Kayle/Lillia (IO/MT),Lucian (DE/SI),1,1,1
Taliyah/Zilean (DE/SH),Akshan (FR/SH),1,1,1
Akshan (FR/SH),Kindred/Mordekaiser (NX/SI),1,1,1
Aphelios/Gnar (FR/MT),LeBlanc/Lillia (IO/NX),1,1,1
Championless (SI),LeBlanc/Lillia (IO/NX),1,1,1
Kai'Sa/Pantheon (MT/SH),Caitlyn/Teemo (BC/PZ),1,1,1
Caitlyn/Teemo (BC/PZ),Braum/Lillia (FR/IO),1,1,1
Janna/Nilah (BW/PZ),Fizz/Samira (BC/NX),1,1,1
Championless (SI),Akshan/Master Yi (IO/SH),1,1,1
Elder Dragon/Volibear (RU/FR),Akshan/Master Yi/Taliyah (IO/SH),1,1,1
Elder Dragon/Trundle/Volibear (RU/FR),Akshan/Taliyah (IO/SH),1,1,1
Akshan/Taliyah (IO/SH),LeBlanc (FR/NX),1,1,1
Akshan/Taliyah (IO/SH),Championless (FR/SI),1,1,1
Shyvana (DE/MT),Nilah/Twisted Fate (BW/PZ),1,1,1
Nilah/Twisted Fate (BW/PZ),Aurelion Sol/Zoe (MT),1,1,1
Poppy/Ziggs (BC/NX),Gwen/Hecarim/Zed (IO/SI),1,1,1
Maokai/Nautilus (BW/SI),Gwen/Hecarim/Zed (IO/SI),1,1,1
Gwen/Hecarim/Zed (IO/SI),Karma/Twisted Fate (BW/IO),1,1,1
Jinx/Lulu (BC/PZ),Gwen/Hecarim/Zed (IO/SI),1,1,1
Karma/Sett (FR/IO),Leona/Yasuo (IO/MT),1,1,1
Akshan/Samira (NX/SH),Karma/Sett (FR/IO),1,1,1
Illaoi (BW/IO),Karma/Sett (FR/IO),1,1,1
Karma/Sett (FR/IO),Shyvana/Soraka (DE/MT),1,1,1
Karma/Sett (FR/IO),Karma/Morgana (IO/MT),1,1,1
Mordekaiser/Viego (SI/SH),Akshan/Sivir (FR/SH),1,1,1
Neeko/Poppy (DE/RU),Championless (PZ/SI),1,1,1
Neeko/Poppy (DE/RU),Braum/Udyr (DE/FR),1,1,1
Neeko/Poppy (DE/RU),Aphelios/Gnar (FR/MT),1,1,1
Gnar/Neeko (FR/RU),Caitlyn/Teemo (BC/PZ),1,1,1
Pyke/Rek'Sai (BW/SH),Gwen/Illaoi (BW/SI),1,1,1
Ryze (IO/RU),Galio/Tahm Kench (BW/DE),1,1,1
Taliyah/Zilean (IO/SH),Elder Dragon/Garen (RU/DE),1,1,1
Elder Dragon/Garen (RU/DE),Aurelion Sol/Trundle (FR/MT),1,1,1
Akshan/Renekton (BW/SH),Caitlyn/Teemo (BC/PZ),1,1,1
Gwen (SI),Caitlyn/Teemo (BC/PZ),1,1,1
Ziggs/Zilean (BC/SH),Miss Fortune/Vayne (BW/DE),1,1,1
Azir/Xerath (SH),Azir (FR/SH),1,1,1
Katarina/Taliyah (NX/SH),Senna/Veigar (BC/SI),1,1,1
Elder Dragon/Morgana (RU/MT),Championless (PZ/SI),1,1,1
Elder Dragon/Morgana (RU/MT),Poppy/Ziggs (BC/NX),1,1,1
Ezreal/Janna/Seraphine (NX/PZ),Championless (FR/NX),1,1,1
Gnar/Lux: Illuminated (BC/DE),Illaoi (BW/IO),1,1,1
Azir/Irelia (IO/SH),Gnar/Jhin (BC/RU),1,1,1
Azir/Irelia (IO/SH),Elder Dragon (RU/FR),1,1,1
Braum/The Poro King (FR/RU),Elder Dragon/Lissandra (RU/FR),1,1,1
Aphelios/Nami (BW/MT),Mordekaiser/Norra (BC/SI),1,1,1
Poppy/Ziggs (BC/NX),Aphelios/Nami (BW/MT),1,1,1
Norra/Poppy (BC/NX),Lux: Illuminated/Vex (BC/DE),1,1,1
Janna/Morgana (MT/PZ),Elder Dragon/Volibear (RU/FR),1,1,1
Aphelios/Nami (BW/MT),Miss Fortune/Twisted Fate (BW/NX),1,1,1
Akshan (FR/SH),Aphelios/Nami (BW/MT),1,1,1
The Poro King/Zoe (MT/RU),Annie/Jhin (RU/NX),1,1,1
Braum/Soraka (FR/MT),Pyke/Rek'Sai (BW/SH),1,1,1
Elder Dragon/Volibear (RU/FR),Braum/Soraka (FR/MT),1,1,1
Braum/Soraka (FR/MT),Mordekaiser/Nasus/Thresh (SI/SH),1,1,1
Braum/Soraka (FR/MT),Anivia (FR/SI),1,1,1
Annie/Jhin (RU/NX),Braum/Soraka (FR/MT),1,1,1
Neeko/Poppy (DE/RU),Maokai/Nautilus (BW/SI),1,1,1
Darius/LeBlanc (NX),Aatrox/Kayn (RU/RU),1,1,1
Ahri/Kennen (BC/IO),Mordekaiser/Viego (NX/SI),1,1,1
Elder Dragon/Seraphine/Viktor (RU/PZ),Aatrox/Vayne (RU/DE),1,1,1
Jax/Ornn (FR/RU),Jhin/Yasuo (IO/RU),1,1,1
Jax/Ornn (FR/RU),Bard/Norra (BC/RU),1,1,1
Morgana/Soraka (DE/MT),Jax/Ornn (FR/RU),1,1,1
Mordekaiser/Norra (BC/SI),Jax/Ornn (FR/RU),1,1,1
Katarina/Kennen (IO/NX),Malphite/Yasuo (IO/MT),1,1,1
Rumble/Vayne (DE/NX),Janna/Morgana (MT/PZ),1,1,1
Gnar/Nidalee (BC/SH),Akshan/Katarina (NX/SH),1,1,1
Azir/Irelia (IO/SH),Akshan/Katarina (NX/SH),1,1,1
Elder Dragon/Volibear (RU/FR),Akshan/Katarina (NX/SH),1,1,1
Akshan/Katarina (NX/SH),Xerath/Ziggs (BC/SH),1,1,1
Akshan/Katarina (NX/SH),Anivia (FR/SI),1,1,1
Norra/Teemo (BC/PZ),Akshan/Katarina (NX/SH),1,1,1
Hecarim (IO/SI),Akshan/Katarina (NX/SH),1,1,1
Fiora (DE/FR),Akshan/Katarina (NX/SH),1,1,1
Championpile (DE/FR),Akshan/Katarina (NX/SH),1,1,1
Elder Dragon/Elise (RU/SI),Akshan/Katarina (NX/SH),1,1,1
Jinx/Lulu (BC/PZ),Gwen/Katarina/Mordekaiser (NX/SI),1,1,1
Gwen/Katarina (NX/SI),Gwen/Katarina/Mordekaiser (NX/SI),1,1,1
Gwen/Katarina/Mordekaiser (NX/SI),Bard/Norra (BC/RU),1,1,1
Gwen/Katarina/Mordekaiser (NX/SI),Kayle/Zed (IO/MT),1,1,1
Azir/Irelia (IO/SH),Elder Dragon (RU/MT),1,1,1
Elder Dragon/Norra/Veigar (RU/BC),Elder Dragon (RU/MT),1,1,1
Elder Dragon (RU/FR),Elder Dragon (RU/MT),1,1,1
Elder Dragon (RU/MT),Gnar/Vex (BC/SI),1,1,1
Aurelion Sol/Norra (BC/MT),Championpile (MT/PZ),1,1,1
Ryze (IO/RU),Championpile (MT/PZ),1,1,1
Ryze (IO/RU),Zoe (MT/PZ),1,1,1
Caitlyn/Teemo (BC/PZ),Ryze (IO/RU),1,1,1
Ezreal/Seraphine (MT/PZ),Annie/Jhin (RU/NX),1,1,1
Ryze (IO/RU),Elder Dragon/Norra (RU/BC),1,1,1
Katarina/Lucian (DE/NX),Seraphine (MT/PZ),1,1,1
Seraphine/Sett (IO/PZ),Janna/Senna (PZ/SI),1,1,1
Caitlyn/Teemo (BC/PZ),Seraphine/Sett (IO/PZ),1,1,1
Aatrox/Vayne (RU/DE),Fiora/Shen/Zed (DE/IO),1,1,1
Taliyah/Zilean (IO/SH),Championpile (MT/PZ),1,1,1
Morgana/Yasuo (IO/MT),Elder Dragon/Norra/Vex (RU/BC),1,1,1
Senna/Veigar (BC/SI),Gangplank/Swain (BW/NX),1,1,1
Pyke/Udyr (BW/FR),Senna/Veigar (BC/SI),1,1,1
Senna/Veigar (BC/SI),Teemo/Zoe (MT/PZ),1,1,1
Karma/Sett (IO/PZ),Shyvana (DE/MT),1,1,1
Karma/Sett (IO/PZ),Akshan/Lee Sin (IO/SH),1,1,1
Heimerdinger/Lee Sin/Viktor (IO/PZ),Senna/Veigar (BC/SI),1,1,1
Taliyah/Zilean (IO/SH),Senna/Veigar (BC/SI),1,1,1
Illaoi/Thresh (BW/SI),Poppy/Ziggs (BC/NX),1,1,1
Elder Dragon/Trundle/Volibear (RU/FR),Maokai/Mordekaiser (BW/SI),1,1,1
Karma/Lee Sin/Norra (BC/IO),Ezreal (BW/PZ),1,1,1
Fizz (BW/SH),Ezreal (BW/PZ),1,1,1
Aatrox/Kayn (RU/RU),Caitlyn/Teemo (BC/PZ),1,1,1
Senna/Veigar (BC/SI),LeBlanc/Sivir (NX/SH),1,1,1
Jax/Vi (RU/PZ),Caitlyn/Teemo (FR/PZ),1,1,1
Jax/Vi (RU/PZ),Ezreal/Swain (NX/PZ),1,1,1
Jarvan IV/Shen (DE/IO),Jax/Vi (RU/PZ),1,1,1
Elder Dragon/Volibear (RU/FR),Jax/Vi (RU/PZ),1,1,1
Championless (SI),Lux/Udyr (DE/FR),1,1,1
Championless (SI),Akshan/Nasus/Renekton (SH),1,1,1
Taric (DE/MT),Championless (SI),1,1,1
Ashe/Jayce (FR/PZ),Championless (SI),1,1,1
Elder Dragon/Volibear (RU/FR),Sion/Viktor (NX/PZ),1,1,1
Lux/Udyr (DE/FR),Darius/Vi (NX/PZ),1,1,1
Aphelios/Viktor (MT/PZ),Karma/Sett (IO/PZ),1,1,1
Azir/Renekton (SH),Aurelion Sol/Elder Dragon/Morgana (RU/MT),1,1,1
Azir/Irelia (IO/SH),Azir/Renekton (SH),1,1,1
Elder Dragon/Lissandra/Trundle (RU/FR),Hecarim/Zed (IO/SI),1,1,1
Master Yi/Viktor (IO/PZ),Maokai/Nautilus (BW/SI),1,1,1
Ashe/LeBlanc (FR/NX),Janna/Karma (IO/PZ),1,1,1
Ashe/LeBlanc (FR/NX),Azir/Xerath (SH),1,1,1
Elder Dragon/Volibear (RU/FR),Annie/Ezreal (NX/PZ),1,1,1
Elder Dragon/Volibear (RU/FR),Kalista (SI/SH),1,1,1
Gnar/Swain (BC/NX),Janna/Sett (IO/PZ),1,1,1
Lee Sin/Viktor (IO/PZ),Aatrox/Ornn (RU/FR),1,1,1
Janna/Senna (PZ/SI),Lee Sin/Viktor (IO/PZ),1,1,1
Jax/Ornn (FR/RU),Lee Sin/Viktor (IO/PZ),1,1,1
Jayce/Lux (DE/PZ),Championless (PZ/SI),1,1,1
Championless (BC/SI),Aatrox/Morgana/Vayne (RU/DE),1,1,1
Azir/Irelia (IO/SH),Lucian/Yuumi/Zoe (DE/MT),1,1,1
Azir/Irelia (IO/SH),Janna/Sejuani (FR/PZ),1,1,1
Lee Sin/Viktor (IO/PZ),Shyvana/Taric (DE/MT),1,1,1
Ashe/LeBlanc (FR/NX),Janna/Viktor (BC/PZ),1,1,1
Heimerdinger/Viktor (IO/PZ),Azir/Renekton (SH),1,1,1
Heimerdinger/Viktor (IO/PZ),Elder Dragon (RU/FR),1,1,1
Lillia/Seraphine (IO/PZ),Jayce (MT/PZ),1,1,1
Caitlyn/Teemo (BC/PZ),Jax/Ornn (FR/RU),1,1,1
Caitlyn/Teemo (BC/PZ),Janna/Seraphine (IO/PZ),1,1,1
Caitlyn/Teemo (BC/PZ),Morgana/Taliyah (DE/SH),1,1,1
Caitlyn/Teemo (BC/PZ),Elder Dragon/Norra (RU/BC),1,1,1
Aurelion Sol/Shyvana (DE/MT),Braum/Yuumi/Zoe (FR/MT),1,1,1
Karma/Sett (FR/IO),Seraphine (PZ),1,1,1
Riven/Viktor (NX/PZ),Aphelios/Gnar (FR/MT),1,1,1
Braum/Sett (FR/IO),Akshan/Sivir (FR/SH),1,1,1
Akshan/Sivir (FR/SH),Heimerdinger/Norra (BC/SI),1,1,1
Aurelion Sol/Elder Dragon (RU/MT),Taric/Udyr (FR/MT),1,1,1
Aurelion Sol/Elder Dragon (RU/MT),Draven/Jinx (NX/PZ),1,1,1
Aurelion Sol/Elder Dragon (RU/MT),Senna/Veigar (BC/SI),1,1,1
Azir/Irelia (IO/SH),Garen/Miss Fortune/Quinn (BW/DE),1,1,1
Garen/Soraka (DE/MT),Azir/Irelia (IO/SH),1,1,1
Azir/Irelia (IO/SH),Elise/Kalista (DE/SI),1,1,1
Kayle (BW/MT),Lillia/Sett (BC/IO),1,1,1
Tahm Kench/Udyr (BW/FR),Nasus/Senna (SI/SH),1,1,1
Nasus/Senna (SI/SH),Championless (SI),1,1,1
Aphelios/Viktor (MT/PZ),Pyke/Rek'Sai (BW/SH),1,1,1
Pyke/Rek'Sai (BW/SH),Kalista (SI),1,1,1
Pyke/Rek'Sai (BW/SH),Caitlyn/Swain (NX/PZ),1,1,1
Illaoi (BW/IO),Nocturne (NX/SI),1,1,1
Illaoi (BW/IO),Elder Dragon/Volibear (RU/FR),1,1,1
Illaoi (BW/IO),Evelynn/Nidalee (RU/SH),1,1,1
Illaoi (BW/IO),Nami/Seraphine (BW/PZ),1,1,1
Illaoi (BW/IO),Taliyah/Zilean (SI/SH),1,1,1
Illaoi (BW/IO),Gnar/Teemo (BC/PZ),1,1,1
Illaoi (BW/IO),Jarvan IV/Kalista (DE/SI),1,1,1
Illaoi (BW/IO),Ekko/Sejuani (FR/PZ),1,1,1
Garen/Udyr (DE/FR),Illaoi (BW/IO),1,1,1
Illaoi (BW/IO),Lux: Illuminated/Vex (BC/DE),1,1,1
Norra (BC/SI),Illaoi (BW/IO),1,1,1
Illaoi (BW/IO),Ezreal/Seraphine/Twisted Fate (BW/PZ),1,1,1
Ryze (IO/RU),Illaoi (BW/IO),1,1,1
Kindred/Nasus (SI/SH),Illaoi (BW/IO),1,1,1
Darius/Gwen (NX/SI),Illaoi (BW/IO),1,1,1
Illaoi (BW/IO),Xerath/Zilean (MT/SH),1,1,1
Championless (SI),Kindred/Viego (BC/SI),1,1,1
Aurelion Sol/Trundle (FR/MT),Championless (SI),1,1,1
Mordekaiser/Viego (SI/SH),Championless (SI),1,1,1
Championless (SI),Ezreal/Sejuani/Viktor (FR/PZ),1,1,1
Championless (SI),Aurelion Sol/Zoe (MT/PZ),1,1,1
Championless (SI),Bard/Viego (RU/SI),1,1,1
Championless (SI),Lee Sin/Shen (DE/IO),1,1,1
Kayle (BW/MT),Lux/Morgana (DE/MT),1,1,1
Gnar/Renekton (FR/SH),Kayle (BW/MT),1,1,1
Elder Dragon/Lissandra/Volibear (RU/FR),Ekko (FR/PZ),1,1,1
Championpile (SI/SH),Elder Dragon/Lissandra/Volibear (RU/FR),1,1,1
Elder Dragon/Lissandra/Volibear (RU/FR),Senna/Veigar (BC/SI),1,1,1
Ashe/Tahm Kench (BW/FR),Evelynn/Kai'Sa (RU/SH),1,1,1
Hecarim/Kayle (MT/SI),Katarina/Lucian (DE/NX),1,1,1
Jinx/Sion (NX/PZ),Katarina/Lucian (DE/NX),1,1,1
Aatrox/Kayn (RU/RU),Master Yi/Samira (IO/NX),1,1,1
Elise/Gwen/Katarina (NX/SI),Gwen/Zed (IO/SI),1,1,1
Elise/Gwen/Katarina (NX/SI),Zoe (MT/PZ),1,1,1
Elise/Gwen/Katarina (NX/SI),Quinn (DE/FR),1,1,1
Gwen/Senna/Veigar (BC/SI),Caitlyn/Norra (BC/PZ),1,1,1
Braum/Vladimir (FR/NX),Caitlyn/Norra (BC/PZ),1,1,1
Caitlyn/Norra (BC/PZ),Championless (FR/NX),1,1,1
Elder Dragon/Garen (RU/DE),Bard/Mordekaiser (RU/SI),1,1,1
Akshan/Renekton (BW/SH),Bard/Mordekaiser (RU/SI),1,1,1
Hecarim/Zed (IO/SI),Ekko/Zilean (PZ/SH),1,1,1
LeBlanc/Udyr (FR/NX),Lillia/Viktor (IO/PZ),1,1,1
Kayle (BW/MT),LeBlanc/Udyr (FR/NX),1,1,1
Braum/Lillia (FR/IO),Morgana/Udyr (DE/FR),1,1,1
Morgana/Udyr (DE/FR),Garen/Vladimir (DE/NX),1,1,1
Ryze (IO/RU),Aurelion Sol/Zoe (FR/MT),1,1,1
Seraphine/Sett (IO/PZ),Lux: Illuminated/Vex (BC/DE),1,1,1
Seraphine/Sett (IO/PZ),Annie/Miss Fortune (BW/NX),1,1,1
Seraphine/Sett (IO/PZ),Poppy/Ziggs (BC/NX),1,1,1
Seraphine/Sett (IO/PZ),Draven/Jinx (NX/PZ),1,1,1
Seraphine/Sett (IO/PZ),Darius/Elise (NX/SI),1,1,1
Seraphine/Sett (IO/PZ),Braum/The Poro King (FR/RU),1,1,1
Shyvana/Taric (DE/MT),Akshan/Sivir (FR/SH),1,1,1
Shyvana/Taric (DE/MT),Ashe/LeBlanc (FR/NX),1,1,1
Gnar/Tristana (BC/DE),Shyvana/Taric (DE/MT),1,1,1
Ashe (FR/PZ),Taric (DE/MT),1,1,1
Maokai/Nautilus (BW/SI),Taric (DE/MT),1,1,1
Senna (PZ/SI),Fiora/Shen (DE/IO),1,1,1
Annie/Katarina (BC/NX),Senna (PZ/SI),1,1,1
Poppy/Ziggs (BC/NX),Senna (PZ/SI),1,1,1
Karma/Sett (FR/IO),Senna (PZ/SI),1,1,1
Aphelios/Viktor (MT/PZ),Lee Sin/Nidalee (IO/SH),1,1,1
Aphelios/Viktor (MT/PZ),Nasus/Renekton (SH),1,1,1
Lee Sin/Viktor (IO/PZ),Lux/Udyr (DE/FR),1,1,1
Lux/Morgana (DE/MT),Lee Sin/Viktor (IO/PZ),1,1,1
Malphite/Yasuo (IO/MT),Aphelios/Viktor (MT/PZ),1,1,1
Malphite/Yasuo (IO/MT),Gangplank/Sejuani (BW/FR),1,1,1
Anivia (FR/SI),Ezreal/Nilah (BW/PZ),1,1,1
Ezreal/Nilah (BW/PZ),Karma/Lee Sin/Seraphine (IO/PZ),1,1,1
Ezreal/Nilah (BW/PZ),Braum/Elder Dragon/Gnar (RU/FR),1,1,1
Ezreal/Nilah (BW/PZ),Diana/Zoe (MT/SI),1,1,1
Elder Dragon/Shyvana (RU/DE),Rumble (BC/PZ),1,1,1
Elise/Nocturne/Vex (SI/SH),Rumble (BC/PZ),1,1,1
Kindred/Nasus (SI/SH),Akshan/Renekton (SH),1,1,1
Kindred/Nasus (SI/SH),Ahri/Kennen (BC/IO),1,1,1
Elder Dragon/Tryndamere/Volibear (RU/FR),Galio/Sivir (DE/SH),1,1,1
Galio/Sivir (DE/SH),Aurelion Sol/Zoe (MT),1,1,1
Aurelion Sol/Trundle (FR/MT),Akshan/Elder Dragon/Sivir (RU/SH),1,1,1
Akshan/Elder Dragon/Sivir (RU/SH),Aurelion Sol/Elder Dragon (RU/MT),1,1,1
Akshan/Elder Dragon/Sivir (RU/SH),Trundle/Volibear (FR/SI),1,1,1
Pyke/Rek'Sai (BW/SH),Miss Fortune/Vayne (BW/DE),1,1,1
Morgana/Poppy (DE/MT),Bard/Lillia (RU/IO),1,1,1
Viktor/Zilean (PZ/SH),Bard/Lillia (RU/IO),1,1,1
Annie/Jhin (RU/NX),Caitlyn (BC/PZ),1,1,1
Gwen/Irelia (IO/SI),Shen/Sivir (IO/SH),1,1,1
Caitlyn/Teemo (BC/PZ),Gnar/Teemo (BC/PZ),1,1,1
Taliyah/Zilean (IO/SH),Annie/Katarina (BC/NX),1,1,1
Annie/Katarina (BC/NX),Caitlyn/Swain (NX/PZ),1,1,1
Azir/Irelia (IO/SH),Sion/Viego (NX/SI),1,1,1
Fiora (DE/SH),Janna/Nilah (BW/PZ),1,1,1
Janna/Nilah (BW/PZ),Aphelios/Zoe (IO/MT),1,1,1
Darius/Gwen (NX/SI),Garen (DE/PZ),1,1,1
Darius/Gwen (NX/SI),Annie/Gwen (NX/SI),1,1,1
Caitlyn/Teemo (BC/PZ),Jhin/Nami (BW/RU),1,1,1
Jhin/Nami (BW/RU),Jinx/The Poro King (PZ/RU),1,1,1
Nidalee (BC/SH),Galio/Garen (DE/IO),1,1,1
Azir/Irelia (IO/SH),Teemo/Vex (BC/SI),1,1,1
Aurelion Sol/Leona (MT),Draven/Jinx (NX/PZ),1,1,1
Draven/Jinx (NX/PZ),Akshan/Nasus (SH),1,1,1
Draven/Jinx (NX/PZ),Aurelion Sol/Shyvana (DE/MT),1,1,1
Aphelios/Zoe (IO/MT),Nami/Zoe (BW/MT),1,1,1
Ezreal (PZ/SI),Poppy/Taric (DE/MT),1,1,1
Championless (BC/SH),Akshan/Zilean (FR/SH),1,1,1
Championless (BC/SH),Fiora (DE/SH),1,1,1
Aurelion Sol/Zoe (MT/SH),Championless (BC/SH),1,1,1
Gangplank/Teemo (BW/PZ),Karma/Sett (FR/IO),1,1,1
Neeko/Poppy (DE/RU),Gangplank/Teemo (BW/PZ),1,1,1
Norra/Teemo (BC/SI),Gangplank/Teemo (BW/PZ),1,1,1
Riven/Zed (IO/NX),Janna/Master Yi (IO/PZ),1,1,1
Annie/Jhin (RU/NX),Aurelion Sol/Trundle (FR/MT),1,1,1
Janna (PZ/SI),Annie/Jhin (RU/NX),1,1,1
Heimerdinger/Viktor (IO/PZ),Master Yi/Ryze (IO/RU),1,1,1
Heimerdinger/Viktor (IO/PZ),Elder Dragon/Lissandra/Trundle (RU/FR),1,1,1
Heimerdinger/Viktor (IO/PZ),Taliyah/Ziggs (BC/SH),1,1,1
Aphelios/Norra (BC/MT),Samira/Sejuani (FR/NX),1,1,1
Evelynn/Fizz (BW/RU),Elise/Miss Fortune (BW/SI),1,1,1
Evelynn/Fizz (BW/RU),Elise/Nami (BW/SI),1,1,1
Elise/Nami (BW/SI),Janna/Seraphine (MT/PZ),1,1,1
Elise/Nami (BW/SI),Aphelios/Zoe (IO/MT),1,1,1
Jhin/Nami (BW/RU),Nami/Samira (BW/NX),1,1,1
Jhin/Nami (BW/RU),Draven/Jinx (NX/PZ),1,1,1
Elder Dragon/Volibear (RU/FR),Akshan/Zilean (PZ/SH),1,1,1
Elder Dragon/Volibear (RU/FR),Lee Sin/Viktor (IO/PZ),1,1,1
Elder Dragon/Volibear (RU/FR),Akshan/Karma/Lee Sin (IO/SH),1,1,1
Elder Dragon/Volibear (RU/FR),Trundle/Volibear (DE/FR),1,1,1
Nilah/Twisted Fate (BW/PZ),Elise/Norra (BC/SI),1,1,1
Karma/Sett (IO/PZ),Karma/Sett/Zilean (IO/SH),1,1,1
Annie/Gwen (NX/SI),Yasuo (IO/NX),1,1,1
The Poro King (MT/RU),Braum/Lillia (FR/IO),1,1,1
Kindred/Mordekaiser (BC/SI),Elder Dragon/Norra (RU/BC),1,1,1
Kindred/Mordekaiser (BC/SI),Aurelion Sol/Shyvana (DE/MT),1,1,1
Ezreal/Janna (IO/PZ),Kindred/Mordekaiser (BC/SI),1,1,1
Irelia (IO/SI),Kindred/Mordekaiser (BC/SI),1,1,1
Pyke/Rek'Sai (BW/SH),Caitlyn/Ezreal (NX/PZ),1,1,1
Galio/Garen (DE/IO),Elder Dragon (RU/FR),1,1,1
Championless (BW/SI),Galio/Garen (DE/IO),1,1,1
Championless (BC/SH),Galio/Garen (DE/IO),1,1,1
Katarina/Yasuo (IO/NX),Galio/Garen (DE/IO),1,1,1
Galio/Garen (DE/IO),Championless (PZ/SI),1,1,1
Neeko/Poppy (DE/RU),Galio/Garen (DE/IO),1,1,1
Galio/Garen (DE/IO),Gwen/Zed (IO/SI),1,1,1
Galio/Garen (DE/IO),Nilah/Teemo (BW/PZ),1,1,1
Nami/Samira (BW/NX),Hecarim/Zed (IO/SI),1,1,1
Ezreal/Nilah (BW/PZ),Elise/Norra (BC/SI),1,1,1
Championless (SH),Aurelion Sol/Trundle (FR/MT),1,1,1
Aurelion Sol/Trundle (FR/MT),Azir/Xerath (SH),1,1,1
Galio/Udyr (DE/FR),Azir/Xerath (SH),1,1,1
Elder Dragon/Mordekaiser/Viego (RU/SI),Jinx/Lulu (BC/PZ),1,1,1
Elder Dragon/Volibear (RU/FR),Ashe/Tahm Kench (BW/FR),1,1,1
Elder Dragon/Elise (RU/SI),Elder Dragon/Garen (RU/DE),1,1,1
Braum/Zoe (FR/MT),Elder Dragon/Elise (RU/SI),1,1,1
Elder Dragon/Elise (RU/SI),Illaoi (BW/IO),1,1,1
Elder Dragon/Elise (RU/SI),Elder Dragon/Fiora/Morgana (RU/DE),1,1,1
Hecarim/Kalista/Zed (IO/SI),Karma/Sett (FR/IO),1,1,1
Ryze (RU/SI),Anivia (FR/SI),1,1,1
Karma/Seraphine (IO/PZ),Yasuo (IO/NX),1,1,1
Yasuo (IO/NX),Kalista/Nasus (SI/SH),1,1,1
Yasuo (IO/NX),Elder Dragon (RU/FR),1,1,1
Yasuo (IO/NX),Master Yi/Zoe (IO/MT),1,1,1
Heimerdinger/Jayce (PZ/SI),Taric/Vladimir (MT/NX),1,1,1
Aatrox/Jax (RU/RU),Elder Dragon/Volibear (RU/FR),1,1,1
Lissandra (FR/SH),Akshan/Vladimir (NX/SH),1,1,1
Taliyah/Zilean (IO/SH),Taric/Vladimir (MT/NX),1,1,1
Norra/Teemo (BC/SI),Aatrox/Jax (RU/RU),1,1,1
Aatrox/Jax (RU/RU),Nilah/Twisted Fate (BW/PZ),1,1,1
Aatrox/Jax (RU/RU),Ezreal/Swain (NX/PZ),1,1,1
Aurelion Sol/Trundle (FR/MT),Aatrox/Jax (RU/RU),1,1,1
Taric/Vladimir (MT/NX),Aurelion Sol/Shyvana (DE/MT),1,1,1
Akshan/Vladimir (NX/SH),Caitlyn/Teemo (FR/PZ),1,1,1
Taliyah/Zilean (IO/SH),Bard/Shyvana (RU/DE),1,1,1
Soraka/Tahm Kench (BW/MT),Bard/Shyvana (RU/DE),1,1,1
Shen (DE/IO),Bard/Shyvana (RU/DE),1,1,1
Bard/Shyvana (RU/DE),Jinx/Lulu (BC/PZ),1,1,1
Ezreal/Nilah (BW/PZ),Bard/Shyvana (RU/DE),1,1,1
Championless (SI),Championless (DE/PZ),1,1,1
Gwen/Vayne (DE/SI),Ashe (FR/PZ),1,1,1
Gwen/Vayne (DE/SI),Miss Fortune/Twisted Fate (BW/NX),1,1,1
Miss Fortune/Twisted Fate (BW/NX),Aatrox (RU/BW),1,1,1
Elder Dragon/Volibear (RU/FR),Aurelion Sol/Zoe (FR/MT),1,1,1
Elder Dragon/Volibear (RU/FR),Seraphine (MT/PZ),1,1,1
Norra (BC/PZ),Aurelion Sol/Elder Dragon (RU/MT),1,1,1
Norra/Swain (BC/NX),Aurelion Sol/Elder Dragon (RU/MT),1,1,1
Aurelion Sol/Elder Dragon (RU/MT),Azir (SH),1,1,1
Gwen/Hecarim (IO/SI),Aurelion Sol/Elder Dragon (RU/MT),1,1,1
Azir/Irelia (IO/SH),Karma/Lee Sin/Norra (BC/IO),1,1,1
Azir/Irelia (IO/SH),Mordekaiser/Viego (NX/SI),1,1,1
Azir/Irelia (IO/SH),Ezreal/Swain (NX/PZ),1,1,1
Kindred/Viego (BC/SI),Azir/Hecarim (SI/SH),1,1,1
Azir/Hecarim (SI/SH),Akshan/Pantheon (MT/SH),1,1,1
Azir/Hecarim (SI/SH),Braum/Yuumi (FR/MT),1,1,1
Azir/Hecarim (SI/SH),Hecarim/Zed (IO/SI),1,1,1
Illaoi/Thresh (BW/SI),Kindred/Nasus (SI/SH),1,1,1
Kindred/Nasus (SI/SH),Zoe (MT/PZ),1,1,1
Sejuani/Swain (FR/NX),Elder Dragon/Volibear (RU/FR),1,1,1
Ezreal (PZ/SI),Hecarim/Zed (IO/SI),1,1,1
Hecarim/Zed (IO/SI),Ezreal/Seraphine (NX/PZ),1,1,1
Hecarim/Zed (IO/SI),Sett/Viego (IO/SI),1,1,1
Ezreal/Swain (NX/PZ),Hecarim/Zed (IO/SI),1,1,1
Caitlyn/Trundle (FR/PZ),Ezreal (PZ/SI),1,1,1
Fizz/Yuumi (BC/FR),Caitlyn/Trundle (FR/PZ),1,1,1
Braum/Lillia (FR/IO),Caitlyn/Trundle (FR/PZ),1,1,1
Evelynn/Kai'Sa (RU/SH),Karma/Seraphine (IO/PZ),1,1,1
Braum/Zoe (FR/MT),Kalista/Zed (IO/SI),1,1,1
Janna/Morgana (MT/PZ),Elder Dragon/Trundle (RU/FR),1,1,1
Poppy/Ziggs (BC/NX),Janna/Morgana (MT/PZ),1,1,1
Caitlyn/Teemo (BC/PZ),Janna/Morgana (MT/PZ),1,1,1
Elder Dragon/Volibear (RU/FR),Gwen/Zed (IO/SI),1,1,1
Azir/Xerath (SH),Lillia/Norra (BC/IO),1,1,1
Caitlyn/Teemo (BC/PZ),Mordekaiser/Viego (NX/SI),1,1,1
Elder Dragon/Norra (RU/BC),Mordekaiser/Viego (NX/SI),1,1,1
Ezreal (PZ/SI),Katarina/Kennen (IO/NX),1,1,1
Caitlyn/Teemo (BC/PZ),Katarina/Kennen (IO/NX),1,1,1
Senna/Veigar (BC/SI),Senna (PZ/SI),1,1,1
Elder Dragon/Lissandra/Trundle (RU/FR),Ezreal/Nilah (BW/PZ),1,1,1
Azir/Nasus/Renekton (SH),Maokai/Nautilus (BW/SI),1,1,1
Janna/Nilah (BW/PZ),Janna/Seraphine (MT/PZ),1,1,1
Ezreal/Swain (NX/PZ),Master Yi/Ryze (IO/RU),1,1,1
Aurelion Sol/Shyvana (DE/MT),Karma/Master Yi (FR/IO),1,1,1
Ziggs/Zilean (BC/SH),Championpile/Jax (BC/RU),1,1,1
Illaoi (BW/IO),Caitlyn/Teemo (BC/PZ),1,1,1
Sion/Viego (NX/SI),Zoe (MT),1,1,1
Zoe (MT),Morgana/Soraka (DE/MT),1,1,1
Championless (SI),Pantheon/Taric/Yuumi (DE/MT),1,1,1
Kalista (MT/SI),Elder Dragon/Volibear (RU/FR),1,1,1
Braum/Zoe (FR/MT),Morgana/Taric (DE/MT),1,1,1
Elise/Gwen/Katarina (NX/SI),Bard/Gwen (RU/SI),1,1,1
Katarina/Lucian (DE/NX),Aurelion Sol/Elder Dragon (RU/MT),1,1,1
Elise (SI),Aphelios/Zoe (IO/MT),1,1,1
Garen (DE/PZ),Caitlyn/Teemo (BC/PZ),1,1,1
Braum/Lillia (FR/IO),Senna (PZ/SI),1,1,1
Elder Dragon/Shyvana (RU/DE),Senna (PZ/SI),1,1,1
Aurelion Sol/Braum (FR/MT),Senna (PZ/SI),1,1,1
Senna (PZ/SI),Championless (MT/PZ),1,1,1
Elder Dragon (RU/FR),Senna (PZ/SI),1,1,1
Ziggs/Zilean (BC/SH),Senna (PZ/SI),1,1,1
Aphelios/Norra (BC/MT),Ekko (FR/PZ),1,1,1
Ezreal/Nilah (BW/PZ),Ashe/Ornn (FR/NX),1,1,1
Ezreal/Nilah (BW/PZ),Evelynn/Kai'Sa/Sivir (RU/SH),1,1,1
Karma/Sett (FR/IO),Draven/Viktor (NX/PZ),1,1,1
Fizz/Nami (BC/BW),Annie/Jhin (RU/NX),1,1,1
Lucian (DE/SI),Mordekaiser/Viego (IO/SI),1,1,1
Miss Fortune/Vayne (BW/DE),Jhin/Yasuo (IO/RU),1,1,1
Viktor/Zilean (PZ/SH),Miss Fortune/Vayne (BW/DE),1,1,1
Miss Fortune/Vayne (BW/DE),Braum/Vladimir (FR/NX),1,1,1
Miss Fortune/Vayne (BW/DE),Gwen/Irelia (IO/SI),1,1,1
Miss Fortune/Vayne (BW/DE),Caitlyn (BC/PZ),1,1,1
Elder Dragon/Volibear (RU/FR),Miss Fortune/Vayne (BW/DE),1,1,1
Miss Fortune/Vayne (BW/DE),Annie/Jhin (RU/NX),1,1,1
Pyke/Rek'Sai (BW/SH),Evelynn/Fizz (BW/RU),1,1,1
Fizz (BW/NX),Pyke/Rek'Sai (BW/SH),1,1,1
Gwen/Rek'Sai (SI/SH),Ezreal/Seraphine (IO/PZ),1,1,1
Ezreal/Seraphine (IO/PZ),Samira/Sejuani (FR/NX),1,1,1
Fizz/Samira (BW/NX),Bard/Janna (RU/PZ),1,1,1
Fizz/Nami (BC/BW),Gwen/Irelia (IO/SI),1,1,1
Fizz/Nami (BC/BW),Ashe (FR/PZ),1,1,1
Ashe (FR/PZ),Elise/Nocturne (MT/SI),1,1,1
Ezreal/Senna (PZ/SI),Gnar/Teemo (BC/PZ),1,1,1
Elise/Nocturne (MT/SI),Caitlyn/Teemo (BC/PZ),1,1,1
Elder Dragon/Volibear (RU/FR),Championpile (BW/PZ),1,1,1
Fiora/Shen (DE/IO),Elder Dragon/Viego (RU/SI),1,1,1
Jinx/Lulu (BC/PZ),Norra/Teemo (BC/PZ),1,1,1
Norra/Teemo (BC/PZ),Bard/Mordekaiser (RU/SI),1,1,1
Darius/Elise (NX/SI),Norra/Teemo (BC/PZ),1,1,1
The Poro King (MT/RU),Norra/Teemo (BC/PZ),1,1,1
Norra/Teemo (BC/PZ),Braum/Zoe (FR/MT),1,1,1
Braum/Lillia (FR/IO),Norra/Teemo (BC/PZ),1,1,1
Morgana/Udyr (DE/FR),Viktor/Zoe (MT/PZ),1,1,1
Samira (MT/NX),Draven/Jinx (NX/PZ),1,1,1
Akshan/Samira (NX/SH),The Poro King (FR/RU),1,1,1
Caitlyn/Trundle (FR/PZ),The Poro King (FR/RU),1,1,1
Braum/Zoe (FR/MT),Fizz/Nami (BC/BW),1,1,1
Fizz/Nami (BC/BW),Gnar (BC/PZ),1,1,1
Annie/Gwen (NX/SI),Jinx (NX/PZ),1,1,1
Annie/Sejuani/Swain (FR/NX),Jinx (NX/PZ),1,1,1
Annie/Jhin (RU/NX),Jinx (NX/PZ),1,1,1
Ezreal (PZ/SI),Ahri/Kennen (BC/IO),1,1,1
Pyke/Rek'Sai (BW/SH),Ezreal (PZ/SI),1,1,1
Hecarim/Zed (IO/SI),Aatrox/Evelynn (RU/RU),1,1,1
Aatrox/Evelynn (RU/RU),Aphelios/Sett (IO/MT),1,1,1
Pantheon/Taric (IO/MT),Garen/Jarvan IV (DE),1,1,1
Pyke/Rek'Sai (BW/SH),Nami/Zoe (BW/MT),1,1,1
Nami/Zoe (BW/MT),Lissandra/Volibear (BW/FR),1,1,1
Anivia (FR/SI),Elder Dragon/Lissandra/Trundle (RU/FR),1,1,1
Anivia (FR/SI),Katarina/Taliyah (NX/SH),1,1,1
Aphelios/Janna (MT/PZ),Samira/Sejuani (FR/NX),1,1,1
Gangplank/Sejuani (BW/FR),Nidalee/Sivir (SH),1,1,1
Janna/Twisted Fate (BW/PZ),Galio/Garen (DE/IO),1,1,1
Elder Dragon/Morgana (RU/DE),Galio/Garen (DE/IO),1,1,1
Zoe (MT),Galio/Garen (DE/IO),1,1,1
Annie/Jhin (RU/NX),Galio/Garen (DE/IO),1,1,1
Teemo/Vex (BC/SI),Galio/Garen (DE/IO),1,1,1
Karma/Sett (FR/IO),Samira/Seraphine (NX/PZ),1,1,1
Morgana/Udyr (DE/FR),Karma/Sett (FR/IO),1,1,1
Yasuo (IO/NX),Norra/Swain (BC/NX),1,1,1
Caitlyn/Teemo (FR/PZ),Taric/Vladimir (MT/NX),1,1,1
Nilah/Twisted Fate (BW/PZ),Aphelios/Norra (BC/MT),1,1,1
Lux: Illuminated/Poppy (DE/MT),Azir/Irelia (IO/SH),1,1,1
Akshan/Renekton (BW/SH),Elder Dragon/Volibear (RU/FR),1,1,1
Aurelion Sol/Tryndamere (FR/MT),Aurelion Sol/Elder Dragon (RU/MT),1,1,1
Braum/Vladimir (FR/NX),Aurelion Sol/Elder Dragon (RU/MT),1,1,1
Karma/Master Yi (IO/SH),Aurelion Sol/Elder Dragon (RU/MT),1,1,1
Illaoi/Viego (BW/SI),Aurelion Sol/Elder Dragon (RU/MT),1,1,1
Aurelion Sol/Elder Dragon (RU/MT),Championless (PZ/SI),1,1,1
Elder Dragon/Shyvana (RU/DE),Aurelion Sol/Elder Dragon (RU/MT),1,1,1
Braum/Zoe (FR/MT),Aurelion Sol/Elder Dragon (RU/MT),1,1,1
Gwen/Zed (IO/SI),Pyke/Rek'Sai (BW/SH),1,1,1
Braum/The Poro King (FR/RU),Evelynn/Fizz (BW/RU),1,1,1
Elise (FR/SI),Braum/The Poro King (FR/RU),1,1,1
Azir/Irelia (IO/SH),Karma/Ryze (IO/RU),1,1,1
Nasus/Renekton (SH),Pyke/Rek'Sai (BW/SH),1,1,1
Aurelion Sol/Elder Dragon (RU/MT),The Poro King (BW/RU),1,1,1
Elise/Viego (NX/SI),Ekko/Zilean (PZ/SH),1,1,1
Caitlyn/Trundle (FR/PZ),Ekko (PZ/SH),1,1,1
Elder Dragon/Volibear (RU/FR),Ekko (PZ/SH),1,1,1
Caitlyn/Teemo (FR/PZ),Ezreal/Swain (NX/PZ),1,1,1
Elder Dragon/Shyvana (RU/DE),Caitlyn/Teemo (FR/PZ),1,1,1
Janna/Twisted Fate (BW/PZ),Championless (SI),1,1,1
Braum/The Poro King (FR/RU),Caitlyn/Trundle (FR/PZ),1,1,1
Caitlyn/Trundle (FR/PZ),Akshan/Kayn (RU/SH),1,1,1
Elder Dragon/Shyvana (RU/DE),Caitlyn/Trundle (FR/PZ),1,1,1
Caitlyn/Teemo (FR/PZ),Caitlyn/Trundle (FR/PZ),1,1,1
Caitlyn/Trundle (FR/PZ),Akshan/Master Yi (IO/SH),1,1,1
Karma/Sett (FR/IO),Bard/Kalista (RU/SI),1,1,1
Senna/Veigar (BC/SI),Yuumi/Zoe (FR/MT),1,1,1
Fiora (DE/SH),Braum/The Poro King (FR/RU),1,1,1
Braum/The Poro King (FR/RU),Braum/Lillia (FR/IO),1,1,1
Fiora (DE/SH),Ekko/Zilean (PZ/SH),1,1,1
Fiora (DE/SH),Lissandra/Volibear (DE/FR),1,1,1
Neeko/Poppy (BC/RU),Rumble/Vayne (DE/NX),1,1,1
Caitlyn (BC/PZ),Rumble/Vayne (DE/NX),1,1,1
Akshan/Zilean (BC/SH),Katarina/Kennen (IO/NX),1,1,1
Akshan/Udyr (FR/SH),Katarina/Kennen (IO/NX),1,1,1
Senna/Veigar (BC/SI),Ashe (DE/FR),1,1,1
Senna/Veigar (BC/SI),Morgana/Zoe (FR/MT),1,1,1
Senna/Veigar (BC/SI),Yasuo (IO/NX),1,1,1
Elder Dragon/Lissandra/Trundle (RU/FR),Akshan/Renekton (BW/SH),1,1,1
Miss Fortune (BW/NX),Malphite/Yasuo (IO/MT),1,1,1
Braum/Zoe (FR/MT),Akshan/Pantheon (MT/SH),1,1,1
Braum/Zoe (FR/MT),Caitlyn (BC/PZ),1,1,1
Elise (NX/SI),Morgana/Udyr (DE/FR),1,1,1
Morgana/Udyr (DE/FR),Gwen/Quinn (DE/SI),1,1,1
Elise (FR/SI),Aphelios/Norra (BC/MT),1,1,1
Aphelios/Norra (BC/MT),Akshan/Pantheon (MT/SH),1,1,1
Akshan/Pantheon (MT/SH),Fizz/Samira (BW/NX),1,1,1
Kayle (BW/MT),Senna (PZ/SI),1,1,1
Master Yi/Pantheon (IO/MT),Senna (PZ/SI),1,1,1
Senna (PZ/SI),Evelynn/Kai'Sa (RU/SH),1,1,1
Senna (PZ/SI),Ezreal/Senna (PZ/SI),1,1,1
Fiora/Pantheon (DE/MT),Bard/Janna (RU/PZ),1,1,1
Evelynn/Fizz (BW/RU),Aphelios/Norra (BC/MT),1,1,1
Fiora/Pantheon (DE/MT),Kalista/Lucian (DE/SI),1,1,1
Ezreal/Nilah (BW/PZ),Aurelion Sol/Zoe (MT/PZ),1,1,1
Leona (IO/MT),Kalista/Lucian (DE/SI),1,1,1
Annie/Ezreal (NX/PZ),Draven/Seraphine (NX/PZ),1,1,1
Draven/Seraphine (NX/PZ),Janna/Nilah (BW/PZ),1,1,1
Draven/Seraphine (NX/PZ),Norra/Zoe (BC/MT),1,1,1
Janna/Nilah (BW/PZ),Annie/Ezreal (NX/PZ),1,1,1
Miss Fortune/Vayne (BW/DE),Evelynn/Janna (RU/PZ),1,1,1
Miss Fortune/Vayne (BW/DE),Sejuani/Teemo (FR/PZ),1,1,1
Miss Fortune/Vayne (BW/DE),Pantheon/Udyr (FR/MT),1,1,1
Miss Fortune/Vayne (BW/DE),Lissandra (FR/MT),1,1,1
Miss Fortune/Vayne (BW/DE),Aurelion Sol/Elder Dragon (RU/MT),1,1,1
Ezreal/Swain (NX/PZ),Miss Fortune/Vayne (BW/DE),1,1,1
Miss Fortune/Vayne (BW/DE),Aphelios/Zoe (MT),1,1,1
Miss Fortune/Vayne (BW/DE),Hecarim (MT/SI),1,1,1
Aurelion Sol/Shyvana (DE/MT),Morgana/Udyr (DE/FR),1,1,1
Aurelion Sol/Shyvana (DE/MT),Caitlyn/Teemo (FR/PZ),1,1,1
Aurelion Sol/Shyvana (DE/MT),Pyke/Rek'Sai (BW/SH),1,1,1
Zoe (DE/MT),Janna/Nilah (BW/PZ),1,1,1
Elder Dragon/Volibear (RU/FR),Championpile (FR/NX),1,1,1
Braum/Vladimir (FR/NX),Ashe (FR/SH),1,1,1
Ziggs/Zilean (BC/SH),Caitlyn/Teemo (BC/PZ),1,1,1
The Poro King (FR/RU),Championless (BC/SH),1,1,1
Udyr (DE/FR),Fizz/Nami (BC/BW),1,1,1
Poppy/Ziggs (BC/NX),Lissandra (FR/SI),1,1,1
Heimerdinger/Jayce (PZ/SI),Annie/Jhin (RU/NX),1,1,1
Anivia/Tryndamere (FR/SI),Braum/Lillia (FR/IO),1,1,1
Elder Dragon/Elise (RU/SI),Gwen/Vayne (DE/SI),1,1,1
Elder Dragon/Elise (RU/SI),Azir/Nasus/Renekton (SH),1,1,1
Elder Dragon/Elise (RU/SI),Xerath/Ziggs (BC/SH),1,1,1
Elder Dragon/Elise (RU/SI),Caitlyn/Teemo (FR/PZ),1,1,1
Heimerdinger/Viktor (IO/PZ),Anivia/Ashe (FR/IO),1,1,1
Elder Dragon/Norra/Vex (RU/BC),Bard/Maokai (RU/SI),1,1,1
Mordekaiser/Viego (FR/SI),Jinx/Lulu (BC/PZ),1,1,1
Poppy (BC/NX),Aurelion Sol/Zoe (MT/PZ),1,1,1
The Poro King (RU/SH),Ashe/Lissandra (FR),1,1,1
Zoe (MT/PZ),Norra/Swain (BC/NX),1,1,1
Norra/Swain (BC/NX),Elder Dragon (RU/FR),1,1,1
Jax/Ornn (FR/RU),Miss Fortune/Twisted Fate (BW/NX),1,1,1
Miss Fortune/Twisted Fate (BW/NX),Mordekaiser/Norra (BC/SI),1,1,1
Miss Fortune/Twisted Fate (BW/NX),Azir/Nasus (SH),1,1,1
Miss Fortune/Twisted Fate (BW/NX),Braum/The Poro King (FR/RU),1,1,1
Aurelion Sol/Elder Dragon (RU/MT),Pantheon/Taric (IO/MT),1,1,1
Aurelion Sol/Elder Dragon (RU/MT),Evelynn/Kai'Sa (RU/SH),1,1,1
Norra/Teemo (BC/SI),Aurelion Sol/Elder Dragon (RU/MT),1,1,1
Aurelion Sol/Elder Dragon (RU/MT),Elise (FR/SI),1,1,1
Vi (BC/PZ),Aurelion Sol/Elder Dragon (RU/MT),1,1,1
Aurelion Sol/Elder Dragon (RU/MT),Gangplank/Sejuani (BW/FR),1,1,1
Aurelion Sol/Elder Dragon (RU/MT),Morgana/Yasuo (IO/MT),1,1,1
Heimerdinger/Jayce (PZ/SI),Aurelion Sol/Elder Dragon (RU/MT),1,1,1
Aurelion Sol/Elder Dragon (RU/MT),Thresh/Viego (SI),1,1,1
Aurelion Sol/Elder Dragon (RU/MT),Ekko (PZ/SH),1,1,1
Fiora/Pantheon (DE/MT),Caitlyn/Teemo (BC/PZ),1,1,1
Azir/Hecarim (SI/SH),Gnar/Poppy (BC/NX),1,1,1
Gwen/Katarina (NX/SI),Hecarim/Zed (IO/SI),1,1,1
Gwen/Katarina (NX/SI),Rumble/Sion (BC/NX),1,1,1
Ezreal/Seraphine (NX/PZ),Pyke/Rek'Sai (BW/SH),1,1,1
Ezreal/Seraphine (IO/PZ),Karma/Seraphine (IO/PZ),1,1,1
Ashe (FR),Nilah/Twisted Fate (BW/PZ),1,1,1
Ahri/Kennen (BC/IO),Yuumi/Zoe (FR/MT),1,1,1
Ezreal/Janna/Seraphine (NX/PZ),Lissandra/Teemo (FR/PZ),1,1,1
Akshan (FR/SH),Elder Dragon/Lissandra/Volibear (RU/FR),1,1,1
Elder Dragon/Lissandra/Volibear (RU/FR),Norra/Teemo (BC/SI),1,1,1
Elder Dragon/Lissandra (RU/FR),Pantheon/Taric (DE/MT),1,1,1
Karma/Sett (IO/PZ),Caitlyn/Norra (BC/PZ),1,1,1
Ezreal/Swain (NX/PZ),Karma/Sett (IO/PZ),1,1,1
Championless (IO/NX),Swain/Yasuo (IO/NX),1,1,1
Aphelios/Gnar (FR/MT),Ashe/Lissandra (FR/SH),1,1,1
Ezreal/Seraphine (BC/PZ),Ashe/Lissandra (FR/SH),1,1,1
Championless (BC/SH),Heimerdinger/Viktor (IO/PZ),1,1,1
Hecarim/Zed (IO/SI),Akshan/Morgana (MT/SH),1,1,1
Azir/Xerath (SH),Ezreal/Senna (PZ/SI),1,1,1
Udyr (DE/FR),Ashe/Lissandra (FR/SH),1,1,1
Kayle (BW/MT),Pantheon/Taric (IO/MT),1,1,1
Diana/Nocturne (MT/SI),Pyke/Rek'Sai (BW/SH),1,1,1
Aatrox/Kayn (RU/RU),Diana/Nocturne (MT/SI),1,1,1
Diana/Nocturne (MT/SI),Mordekaiser/Sion (NX/SI),1,1,1
Yasuo (IO/NX),Quinn (DE/MT),1,1,1
Quinn (DE/MT),Fizz/Samira (BW/NX),1,1,1
Miss Fortune/Vayne (BW/DE),Akshan/Renekton (SH),1,1,1
Shyvana (DE/MT),Miss Fortune/Vayne (BW/DE),1,1,1
Master Yi/Zed (IO/SH),Karma/Sett (FR/IO),1,1,1
Karma/Sett (FR/IO),Samira/Varus (NX/RU),1,1,1
Morgana (MT/PZ),Anivia (FR/SI),1,1,1
Akshan/Udyr (FR/SH),Lissandra (FR/SH),1,1,1
Bard/Garen (RU/DE),Akshan/Udyr (FR/SH),1,1,1
Akshan/Seraphine (PZ/SH),LeBlanc/Sivir (NX/SH),1,1,1
LeBlanc/Sivir (NX/SH),Pantheon/Udyr (FR/MT),1,1,1
Gnar/Norra (BC/FR),LeBlanc/Sivir (NX/SH),1,1,1
Ashe (FR/PZ),Darius/Gwen (NX/SI),1,1,1
Elder Dragon/Lissandra/Volibear (RU/FR),Gangplank/Sejuani (BW/FR),1,1,1
Jax/Ornn (FR/RU),Elder Dragon/Lissandra/Volibear (RU/FR),1,1,1
Akshan/Sivir (NX/SH),Azir/Xerath (SH),1,1,1
Akshan/Sivir (NX/SH),Twisted Fate (BC/BW),1,1,1
Lissandra/Taliyah (FR/SH),Akshan/Sivir (NX/SH),1,1,1
The Poro King (FR/RU),Kai'Sa/Viktor (PZ/SH),1,1,1
Kayle/Teemo (BC/MT),The Poro King (FR/RU),1,1,1
Braum/Lillia (FR/IO),The Poro King (RU/SI),1,1,1
Pyke/Rek'Sai (BW/SH),Pantheon/Riven (MT/NX),1,1,1
Draven/Katarina (FR/NX),Azir/Xerath (SH),1,1,1
Azir/Xerath (SH),Norra/Teemo (BC/PZ),1,1,1
Azir/Xerath (SH),Lissandra/Taliyah (FR/SH),1,1,1
Senna/Veigar (BC/SI),Nami/The Poro King (BW/RU),1,1,1
Heimerdinger/Jayce (PZ/SI),The Poro King (FR/RU),1,1,1
Irelia/Sivir (IO/SH),Pyke/Rek'Sai (BW/SH),1,1,1
Pyke/Rek'Sai (BW/SH),Zoe (DE/MT),1,1,1
Pyke/Rek'Sai (BW/SH),Ashe/Lissandra (FR/SH),1,1,1
Aphelios/Norra (BC/MT),Jhin/Nami (BW/RU),1,1,1
Evelynn/Fizz (BW/RU),Samira/Sejuani (FR/NX),1,1,1
Ashe (FR/PZ),Bard/Garen (RU/DE),1,1,1
Gangplank/Sejuani (BW/FR),Norra/Teemo/Zoe (BC/MT),1,1,1
Gangplank/Sejuani (BW/FR),Azir/Xerath (SH),1,1,1
Janna (FR/PZ),Evelynn/Fizz (BW/RU),1,1,1
Nidalee (BC/SH),Annie/Gwen (NX/SI),1,1,1
Ezreal/Seraphine (BC/PZ),Akshan/Seraphine (PZ/SH),1,1,1
Pantheon/Shyvana (DE/MT),Jack/Sett (BW/IO),1,1,1
Aphelios/Viktor (MT/PZ),Hecarim/Mordekaiser/Viego (SI/SH),1,1,1
Aatrox/Jax (RU/RU),Aphelios/Viktor (MT/PZ),1,1,1
Aphelios/Viktor (MT/PZ),Elder Dragon/Kalista/Mordekaiser (RU/SI),1,1,1
Elder Dragon/Elise (RU/SI),Draven/Rumble (NX/PZ),1,1,1
Elder Dragon/Elise (RU/SI),Gwen/Zed (IO/SI),1,1,1
Elder Dragon/Elise (RU/SI),Azir/Renekton (SH),1,1,1
Elder Dragon/Elise (RU/SI),Lissandra/Taliyah (FR/SH),1,1,1
Fiora/Shen (DE/IO),Elder Dragon/Elise (RU/SI),1,1,1
The Poro King (FR/RU),Norra/Teemo (BC/PZ),1,1,1
Janna (FR/PZ),Caitlyn/Teemo (BC/PZ),1,1,1
Aurelion Sol/Shyvana/Zoe (DE/MT),Norra/Swain (BC/NX),1,1,1
Norra/Swain (BC/NX),Bard/Kayle (RU/MT),1,1,1
Kai'Sa/Pantheon (MT/SH),Taric/Vladimir (MT/NX),1,1,1
Akshan/Sivir (DE/SH),Lee Sin/Viktor (IO/PZ),1,1,1
Taric/Vladimir (MT/NX),The Poro King (RU/SI),1,1,1
Taliyah/Zilean (DE/SH),Aatrox/Jax (RU/RU),1,1,1
Lee Sin/Viktor (IO/PZ),Lissandra (FR/SH),1,1,1
Akshan/Vladimir (NX/SH),Ekko/Zilean (PZ/SH),1,1,1
Elder Dragon/Volibear (RU/FR),Gwen/Kennen (IO/SI),1,1,1
Norra/Trundle (BC/FR),Jarvan IV/Shen (DE/IO),1,1,1
Neeko/Poppy (DE/RU),Aurelion Sol/Elder Dragon (RU/MT),1,1,1
Azir/Irelia (IO/SH),Zilean (PZ/SH),1,1,1
Pyke/Rek'Sai (BW/SH),Morgana/Udyr (DE/FR),1,1,1
Lissandra/Trundle (DE/FR),Pyke/Rek'Sai (BW/SH),1,1,1
Zoe (DE/MT),Fiora/Pantheon (DE/MT),1,1,1
Pyke/Rek'Sai (BW/SH),Bard (RU/IO),1,1,1
Lillia (BC/IO),Bard (RU/IO),1,1,1
Bard (RU/IO),Fizz/Master Yi (BC/IO),1,1,1
Bard (RU/IO),Bard/Mordekaiser (RU/SI),1,1,1
Azir/Xerath (SH),Bard (RU/IO),1,1,1
Championless (SI),Ziggs (BC/SH),1,1,1
Aatrox/Kayn (RU/RU),Fiora (DE/FR),1,1,1
Yuumi/Zoe (FR/MT),Nilah/Twisted Fate (BW/PZ),1,1,1
Karma/Seraphine (IO/PZ),Nilah/Twisted Fate (BW/PZ),1,1,1
Zoe (DE/MT),Evelynn/Fizz (BW/RU),1,1,1
Ezreal/Janna/Seraphine (NX/PZ),Annie/Jhin/Katarina/Samira (RU/NX),1,1,1
Bard/Kayle (RU/MT),Heimerdinger/Karma (IO/PZ),1,1,1
Heimerdinger/Karma (IO/PZ),Kayle/Lillia (IO/MT),1,1,1
Morgana (MT/PZ),Heimerdinger/Karma (IO/PZ),1,1,1
Lissandra/Trundle (FR/SI),Rumble/Vayne (DE/NX),1,1,1
Ezreal/Seraphine (BC/PZ),Gwen/Irelia (IO/SI),1,1,1
Ezreal/Seraphine (BC/PZ),Evelynn/Fizz (BW/RU),1,1,1
Seraphine (MT/PZ),Poppy/Ziggs (BC/NX),1,1,1
Anivia/Mordekaiser (FR/SI),Zoe (MT),1,1,1
Galio/Sivir (DE/SH),Zoe (MT),1,1,1
Irelia/Sivir (IO/SH),Ashe/Lissandra (FR/SH),1,1,1
Ashe/Lissandra (FR/SH),Ashe/LeBlanc (FR/NX),1,1,1
Senna/Veigar (BC/SI),Aurelion Sol/Taric (DE/MT),1,1,1
Aurelion Sol/Taric (DE/MT),Aurelion Sol/Garen (DE/MT),1,1,1
Aurelion Sol/Taric (DE/MT),Rumble/Sion (BC/NX),1,1,1
Gangplank/Miss Fortune/Twisted Fate (BW),Aurelion Sol/Taric (DE/MT),1,1,1
Ashe/LeBlanc (FR/NX),Garen (DE/MT),1,1,1
Seraphine/Zoe (MT/PZ),Evelynn/Fizz (BW/RU),1,1,1
Evelynn/Fizz (BW/RU),Braum (FR/SH),1,1,1
Nilah/Twisted Fate (BW/PZ),Bard/Janna (RU/PZ),1,1,1
Irelia/Miss Fortune (BW/IO),Evelynn/Fizz (BW/RU),1,1,1
Elder Dragon/Volibear (RU/FR),Elder Dragon/Elise/Maokai (RU/SI),1,1,1
Elder Dragon (RU/FR),Jhin/Yasuo (IO/RU),1,1,1
Azir/Hecarim (SI/SH),Elder Dragon (RU/FR),1,1,1
Senna/Veigar (BC/SI),Elder Dragon (RU/FR),1,1,1
Gangplank/Sejuani (BW/FR),Taliyah/Ziggs (BC/SH),1,1,1
Gangplank/Sejuani (BW/FR),Yasuo (IO/MT),1,1,1
Gangplank/Sejuani (BW/FR),Bard/Mordekaiser (RU/SI),1,1,1
Mordekaiser/Viego (IO/SI),Akshan/Sivir (IO/SH),1,1,1
Mordekaiser/Viego (IO/SI),Akshan (PZ/SH),1,1,1
Norra/Zoe (BC/MT),Sejuani/Udyr (DE/FR),1,1,1
Elder Dragon/Volibear (RU/FR),Elder Dragon/Viego (RU/SI),1,1,1
Gnar/Neeko (FR/RU),Azir/Xerath (SH),1,1,1
Azir/Xerath (SH),Akshan/Master Yi (IO/SH),1,1,1
Lissandra/Trundle (FR/SI),Azir/Xerath (SH),1,1,1
Kai'Sa/Pantheon (MT/SH),Azir/Xerath (SH),1,1,1
Azir/Xerath (SH),Jarvan IV/Vi (DE/PZ),1,1,1
Senna/Veigar (BC/SI),Kalista/Zed (IO/SI),1,1,1
Maokai (BW/SI),Morgana/Udyr (DE/FR),1,1,1
Katarina/Yasuo (IO/NX),Leona/Soraka/Yasuo (IO/MT),1,1,1
Evelynn/Kennen (RU/IO),Aphelios/Gnar (FR/MT),1,1,1
Darius (FR/NX),Gwen/Master Yi (IO/SI),1,1,1
Gwen/Master Yi (IO/SI),Annie/Jhin (RU/NX),1,1,1
Braum/Zoe (FR/MT),Aphelios/Zoe (MT),1,1,1
Aphelios/Norra (BC/MT),Janna/Nilah (BW/PZ),1,1,1
Galio/Garen (DE/IO),Garen/Jarvan IV (DE/FR),1,1,1
Nilah/Twisted Fate (BW/PZ),Galio/Garen (DE/IO),1,1,1
Fiora (DE/FR),Galio/Garen (DE/IO),1,1,1
Galio/Garen (DE/IO),Ahri/Yasuo (IO/MT),1,1,1
Nidalee (BC/SH),Janna/Seraphine (BW/PZ),1,1,1
Draven/Jinx (NX/PZ),Ezreal/Nilah (BW/PZ),1,1,1
LeBlanc/Sivir (NX/SH),Caitlyn/Teemo (BC/PZ),1,1,1
Norra/Swain (BC/NX),Championless (IO/SI),1,1,1
Viktor/Zoe (MT/PZ),Norra/Swain (BC/NX),1,1,1
Annie/Jhin (RU/NX),Elise/Kalista (FR/SI),1,1,1
Annie/Jhin (RU/NX),Championless (BC/SH),1,1,1
Gwen/Riven (NX/SI),Annie/Jhin (RU/NX),1,1,1
Azir/Irelia (IO/SH),Kalista/Zed (IO/SI),1,1,1
Annie/Ezreal (NX/PZ),Ashe (FR/PZ),1,1,1
Ashe (FR/PZ),Ashe/Lissandra (FR/SH),1,1,1
Aphelios/Norra (BC/MT),Ashe/LeBlanc (FR/NX),1,1,1
Nilah/Twisted Fate (BW/PZ),Taliyah (IO/SH),1,1,1
Nilah/Twisted Fate (BW/PZ),Diana/Nocturne (MT/SI),1,1,1
Riven/Viktor (NX/PZ),Nilah/Twisted Fate (BW/PZ),1,1,1
Gwen/Katarina (NX/SI),Aphelios/Gnar (FR/MT),1,1,1
Gwen/Katarina (NX/SI),Aphelios/Norra (BC/MT),1,1,1
Yasuo (FR/IO),Fiora (DE/SH),1,1,1
Championless (SI),Katarina/Kennen (IO/NX),1,1,1
Elder Dragon/Volibear (RU/FR),Elder Dragon (RU/MT),1,1,1
Elder Dragon (RU/MT),Twisted Fate (BW/PZ),1,1,1
Elder Dragon (RU/MT),Janna (BC/PZ),1,1,1
Aphelios/Norra (BC/MT),Shen/Sivir (IO/SH),1,1,1
Braum/Zoe (FR/MT),Yasuo (IO/MT),1,1,1
Championless (SI),Evelynn/Kai'Sa (RU/SH),1,1,1
Championless (SI),Ekko/Zilean (PZ/SH),1,1,1
Aurelion Sol/Taric (DE/MT),Aurelion Sol/Shyvana (DE/MT),1,1,1
Sejuani/Vladimir (FR/NX),Aurelion Sol/Taric (DE/MT),1,1,1
Akshan/Samira (NX/SH),Aurelion Sol/Taric (DE/MT),1,1,1
Elder Dragon/Norra (RU/BC),Aurelion Sol/Taric (DE/MT),1,1,1
Aurelion Sol/Taric (DE/MT),Kalista (DE/SI),1,1,1
Ahri/Akshan (IO/SH),Aurelion Sol/Taric (DE/MT),1,1,1
Senna (PZ/SI),Ashe/Kindred (FR/SI),1,1,1
Akshan/Morgana (DE/SH),Senna (PZ/SI),1,1,1
Evelynn/Fizz (BW/RU),Leona/Yasuo (IO/MT),1,1,1
Norra/Swain (BC/NX),Championless (BW/SH),1,1,1
Jinx/Lulu (BC/PZ),Caitlyn (BC/PZ),1,1,1
Ahri/Kennen (BC/IO),Braum/Zoe (FR/MT),1,1,1
Braum/Zoe (FR/MT),Ekko/Nidalee (PZ/SH),1,1,1
Akshan/Samira (NX/SH),Annie/Elise (NX/SI),1,1,1
Annie/Elise (NX/SI),Ahri/Kennen (BC/IO),1,1,1
Aphelios/Gnar (FR/MT),Elise/Nocturne (MT/SI),1,1,1
Draven/Katarina (NX/SI),Teemo/Zoe (MT/PZ),1,1,1
Draven/Katarina (NX/SI),Elder Dragon/Janna (RU/PZ),1,1,1
Fiora/Garen (DE),Lee Sin/Shen (IO/SI),1,1,1
Kindred/Nasus (SI/SH),Lee Sin/Shen (IO/SI),1,1,1
Elise/Kalista (FR/SI),Lee Sin/Shen (IO/SI),1,1,1
Lee Sin/Shen (IO/SI),Azir/Irelia (IO/SH),1,1,1
Katarina/Lucian (DE/NX),Lee Sin/Shen (IO/SI),1,1,1
Nami/Zoe (BW/MT),Lillia/Norra (BC/IO),1,1,1
Nami/Zoe (BW/MT),Annie/Gwen (NX/SI),1,1,1
Nami/Zoe (BW/MT),Master Yi/Ryze (IO/RU),1,1,1
Nami/Zoe (BW/MT),Karma/Nami (BW/IO),1,1,1
Norra/Teemo (BC/SI),Azir/Xerath (SH),1,1,1
Shen/Zed (DE/IO),Azir/Xerath (SH),1,1,1
Garen/Jarvan IV (DE),Azir/Irelia (IO/SH),1,1,1
Azir/Irelia (IO/SH),Aatrox/Varus (RU/RU),1,1,1
Ezreal/Janna/Seraphine (NX/PZ),Janna/Nilah (BW/PZ),1,1,1
Aurelion Sol/Volibear (FR/MT),Kindred/Mordekaiser (BC/SI),1,1,1
Braum/The Poro King (FR/RU),Kindred/Mordekaiser (BC/SI),1,1,1
Kindred/Mordekaiser (BC/SI),Elder Dragon/Soraka (RU/MT),1,1,1
Kindred/Mordekaiser (BC/SI),Championless (PZ/SI),1,1,1
Aurelion Sol/Zoe (MT),Azir/Irelia (IO/SH),1,1,1
Norra/Swain (BC/NX),Teemo/Zoe (MT/PZ),1,1,1
Norra/Swain (BC/NX),Swain (BW/NX),1,1,1
Norra/Swain (BC/NX),Akshan/Udyr (FR/SH),1,1,1
Norra/Swain (BC/NX),Lux: Illuminated/Vex (BC/DE),1,1,1
Ekko/Karma (IO/PZ),Annie/Jhin (RU/NX),1,1,1
Elder Dragon/Volibear (RU/FR),Gwen (SI),1,1,1
Elder Dragon/Volibear (RU/FR),Maokai (SI/SH),1,1,1
Jinx/Lulu (BC/PZ),Championless (BC/SH),1,1,1
Evelynn/Kai'Sa (RU/SH),Bard/Zed (RU/IO),1,1,1
Ashe (FR/PZ),Zoe (DE/MT),1,1,1
Nilah/Twisted Fate (BW/PZ),Annie/Jarvan IV (DE/NX),1,1,1
The Poro King (RU/SI),Nilah/Twisted Fate (BW/PZ),1,1,1
Nilah/Twisted Fate (BW/PZ),Ekko/Karma (IO/PZ),1,1,1
Karma/Sett (FR/IO),Braum/Fiora (DE/FR),1,1,1
Karma/Sett (FR/IO),Elder Dragon/Soraka (RU/MT),1,1,1
Taliyah/Ziggs (BC/SH),Fiora (DE/SH),1,1,1
Annie/Jhin (RU/NX),Fiora (DE/SH),1,1,1
Fiora (DE/SH),Maokai/Nautilus (BW/SI),1,1,1
Nami/Nilah (BW/SI),Annie/Elise (NX/SI),1,1,1
Annie/Elise (NX/SI),Championpile (BW/NX),1,1,1
Annie/Elise (NX/SI),Caitlyn/Teemo (BC/PZ),1,1,1
Ashe/Lissandra (FR/SH),Lissandra (FR/SI),1,1,1
The Poro King (FR/RU),Ashe/Lissandra (FR/SH),1,1,1
Aurelion Sol (DE/MT),Miss Fortune/Nilah/Zoe (BW/MT),1,1,1
Rumble/Viktor (BC/PZ),Aurelion Sol (DE/MT),1,1,1
Janna/Nilah/Twisted Fate (BW/PZ),Aurelion Sol/Taric (DE/MT),1,1,1
Katarina/Yasuo (IO/NX),Aurelion Sol/Taric (DE/MT),1,1,1
Jarvan IV/Kalista (DE/SI),Senna (PZ/SI),1,1,1
Ekko/Jinx (PZ/SH),Senna (PZ/SI),1,1,1
Sejuani/Teemo (BC/FR),Senna (PZ/SI),1,1,1
Senna (PZ/SI),Jarvan IV/Shyvana (DE/SH),1,1,1
Senna (PZ/SI),Mordekaiser/Morgana (DE/SI),1,1,1
Senna (PZ/SI),Fizz/Twisted Fate (BW/PZ),1,1,1
Elder Dragon/Galio/Morgana (RU/DE),Senna (PZ/SI),1,1,1
Caitlyn/Teemo (BC/PZ),Nami/Nilah (BW/SI),1,1,1
Nami/Nilah (BW/SI),Ahri/Jhin/Kennen (IO/RU),1,1,1
Nami/Nilah (BW/SI),Janna (PZ/SI),1,1,1
Aphelios/Norra (BC/MT),Kalista/Norra (BC/SI),1,1,1
Seraphine/Zoe (MT/PZ),Kayle/The Poro King (MT/RU),1,1,1
Hecarim/Kayle (MT/SI),Seraphine/Zoe (MT/PZ),1,1,1
Azir/Irelia (IO/SH),Seraphine/Zoe (MT/PZ),1,1,1
Evelynn/Viego (RU/SI),Ekko/Zilean (PZ/SH),1,1,1
Championpile (FR/PZ),Evelynn/Viego (RU/SI),1,1,1
Annie/Jhin (RU/NX),Bard/Zed (RU/IO),1,1,1
Ezreal/Seraphine (BC/PZ),Jhin (RU/SI),1,1,1
Jhin (RU/SI),Aphelios/Gnar (FR/MT),1,1,1
Elder Dragon/Viego (RU/SI),Viego (PZ/SI),1,1,1
Elder Dragon/Viego (RU/SI),Katarina/Yasuo (IO/NX),1,1,1
Nami/Zoe (BW/MT),Galio/Soraka (DE/MT),1,1,1
Karma/Sett (FR/IO),Kindred/Viego (PZ/SI),1,1,1
Karma/Sett (IO/PZ),Aphelios/Zoe (IO/MT),1,1,1
Aphelios/Zoe (IO/MT),Akshan/Udyr (FR/SH),1,1,1
LeBlanc/Vi (NX/PZ),Aphelios/Zoe (IO/MT),1,1,1
Poppy/Ziggs (BC/NX),Aphelios/Zoe (IO/MT),1,1,1
Kindred/Mordekaiser (BC/SI),Galio/Soraka (DE/MT),1,1,1
Zoe (MT/PZ),Kindred/Mordekaiser (BC/SI),1,1,1
Kindred/Mordekaiser (BC/SI),Morgana (DE/MT),1,1,1
Akshan/Master Yi (IO/SH),Morgana/Vayne (DE/NX),1,1,1
Morgana/Vayne (DE/NX),Championpile/Elder Dragon (RU/SH),1,1,1
Morgana/Vayne (DE/NX),Mordekaiser/Viego (NX/SI),1,1,1
Ahri/Kennen (FR/IO),Azir/Nasus/Renekton (SH),1,1,1
Azir/Nasus/Renekton (SH),Seraphine/Viktor (FR/PZ),1,1,1
Gnar/Teemo (BC/PZ),Taliyah/Zilean (IO/SH),1,1,1
Taliyah/Zilean (IO/SH),Aurelion Sol/Zoe (MT/PZ),1,1,1
Taliyah/Zilean (IO/SH),Viktor (PZ/SI),1,1,1
Annie/Jhin (RU/NX),Morgana/Vayne (DE/MT),1,1,1
Azir/Irelia (IO/SH),Heimerdinger (BC/SI),1,1,1
Azir/Irelia (IO/SH),Gangplank/Mordekaiser (BW/SI),1,1,1
Gwen/Riven (NX/SI),Elder Dragon/Volibear (RU/FR),1,1,1
Ezreal/Seraphine (PZ/SI),Azir/Irelia (IO/SH),1,1,1
Fiora/Shyvana (DE/MT),Azir/Irelia (IO/SH),1,1,1
Azir/Irelia (IO/SH),Jarvan IV/Kalista (DE/SI),1,1,1
Braum/Zoe (FR/MT),Bard/Zed (RU/IO),1,1,1
Elder Dragon/Volibear (RU/FR),LeBlanc/Sion (FR/NX),1,1,1
LeBlanc/Sion (FR/NX),Evelynn/Yasuo (RU/IO),1,1,1
Aatrox/Vayne (RU/DE),Sejuani/Vladimir (FR/NX),1,1,1
Bard/Gwen (RU/SI),Lissandra (FR/SH),1,1,1
Braum/Evelynn (RU/FR),Lissandra (FR/SH),1,1,1
Poppy/Ziggs (BC/NX),Norra/Yuumi (BC/SI),1,1,1
Poppy/Ziggs (BC/NX),Elder Dragon/Lissandra/Trundle (RU/FR),1,1,1
Poppy/Ziggs (BC/NX),Evelynn/Heimerdinger (RU/PZ),1,1,1
Poppy/Ziggs (BC/NX),Championpile (MT/PZ),1,1,1
Poppy/Ziggs (BC/NX),Norra/Teemo/Zoe (BC/MT),1,1,1
Poppy/Ziggs (BC/NX),Taliyah (IO/SH),1,1,1
Senna (PZ/SI),Draven/Jinx (NX/PZ),1,1,1
Elder Dragon/Elise (RU/SI),Lucian (DE/SI),1,1,1
The Poro King (MT/RU),Ashe (FR/PZ),1,1,1
Elise/Teemo (PZ/SI),Aurelion Sol/Leona (DE/MT),1,1,1
Akshan/Pantheon (MT/SH),Ekko/Gwen (PZ/SI),1,1,1
Akshan/Pantheon (MT/SH),Aphelios/Gnar (FR/MT),1,1,1
Kalista/Norra (BC/SI),Gwen/Irelia (IO/SI),1,1,1
Kalista/Norra (BC/SI),Ekko/Gwen (PZ/SI),1,1,1
Ezreal/Nilah (BW/PZ),Ekko/Gwen (PZ/SI),1,1,1
The Poro King (MT/RU),Ekko/Gwen (PZ/SI),1,1,1
Lux: Illuminated/Pantheon/Zoe (DE/MT),Ekko/Gwen (PZ/SI),1,1,1
Ekko/Janna (IO/PZ),Ezreal/Seraphine (BC/PZ),1,1,1
Ekko/Janna (IO/PZ),Aphelios/Gnar (FR/MT),1,1,1
Jack/Sett (BW/IO),Evelynn/Yasuo (RU/IO),1,1,1
Trundle/Volibear (FR/IO),Ashe/Tahm Kench (BW/FR),1,1,1
Aphelios/Viktor (MT/PZ),Norra (BC/FR),1,1,1
Azir/Irelia (IO/SH),Akshan/Aphelios (MT/SH),1,1,1
Elder Dragon (RU/DE),Azir/Irelia (IO/SH),1,1,1
Championpile (MT/PZ),Elder Dragon/Volibear (RU/FR),1,1,1
Katarina/Yasuo (IO/NX),Azir/Irelia (IO/SH),1,1,1
Azir/Irelia (IO/SH),Elise/Ezreal/Senna (PZ/SI),1,1,1
Elder Dragon/Volibear (RU/FR),Lux: Illuminated/Zoe (DE/MT),1,1,1
Gwen/Katarina (NX/SI),Fizz/Samira (BW/NX),1,1,1
Gwen/Katarina (NX/SI),Karma/The Poro King (IO/RU),1,1,1
The Poro King (BW/RU),Elder Dragon/Norra (RU/BC),1,1,1
Ezreal/Seraphine (PZ/SI),Elder Dragon/Seraphine/Viktor (RU/PZ),1,1,1
Elder Dragon/Seraphine/Viktor (RU/PZ),Teemo (BC/PZ),1,1,1
Annie/Taliyah (NX/SH),Lux (DE/PZ),1,1,1
The Poro King (MT/RU),Braum/Garen (DE/FR),1,1,1
The Poro King (MT/RU),Lux: Illuminated/Pantheon/Zoe (DE/MT),1,1,1
The Poro King (MT/RU),Ezreal/Janna/Seraphine (NX/PZ),1,1,1
Aphelios/Viktor (MT/PZ),Jinx/Zed (IO/PZ),1,1,1
Poppy/Ziggs (BC/NX),Ezreal/Yasuo (IO/PZ),1,1,1
Poppy/Ziggs (BC/NX),Darius/Gnar (FR/NX),1,1,1
Poppy/Ziggs (BC/NX),Janna (PZ/SI),1,1,1
Katarina/Yasuo (IO/NX),Poppy/Ziggs (BC/NX),1,1,1
Poppy/Ziggs (BC/NX),Quinn/Vayne (DE/SI),1,1,1
Garen/Udyr (DE/FR),Nami/Zoe (BW/MT),1,1,1
Mordekaiser/Norra (BC/SI),Maokai/Nautilus (BW/SI),1,1,1
Annie/Jhin (RU/NX),Fiora (DE/MT),1,1,1
Mordekaiser/Viego (IO/SI),Ryze (IO/RU),1,1,1
Mordekaiser/Viego (IO/SI),Janna (PZ/SI),1,1,1
Mordekaiser/Viego (IO/SI),Braum/Swain/Vladimir (FR/NX),1,1,1
Mordekaiser/Viego (IO/SI),Senna/Veigar (MT/SI),1,1,1
Mordekaiser/Viego (IO/SI),Karma/Ryze (IO/RU),1,1,1
Ezreal/Karma/Seraphine (IO/PZ),Elder Dragon/Elise (RU/SI),1,1,1
Gnar/Nidalee (BC/SH),Ekko/Janna (IO/PZ),1,1,1
The Poro King (PZ/RU),Ekko/Janna (IO/PZ),1,1,1
Kalista/Norra (BC/SI),Bard/Teemo (BC/RU),1,1,1
Miss Fortune/Quinn (BW/DE),Elder Dragon/Gangplank (RU/BW),1,1,1
Miss Fortune/Quinn (BW/DE),Katarina/Yasuo (IO/NX),1,1,1
Aurelion Sol/Elder Dragon/Morgana (RU/MT),Miss Fortune/Quinn (BW/DE),1,1,1
Akshan/Sivir (NX/SH),Morgana/Norra/Vex (BC/MT),1,1,1
Karma/Lee Sin/Norra (BC/IO),Akshan/Sivir (NX/SH),1,1,1
Akshan/Sivir (NX/SH),Janna/Volibear (FR/PZ),1,1,1
Evelynn/Kai'Sa (RU/SH),Ekko/Janna (IO/PZ),1,1,1
Ekko (BC/PZ),Azir/Xerath (SH),1,1,1
Nami/Zoe (BW/MT),Janna/Karma (IO/PZ),1,1,1
Nami/Zoe (BW/MT),Draven/Gwen (NX/SI),1,1,1
Nami/Zoe (BW/MT),Akshan/Varus (SH/RU),1,1,1
Ahri (IO/NX),Ekko/Janna (IO/PZ),1,1,1
Aphelios/Norra (BC/MT),Gwen/Irelia (IO/SI),1,1,1
Azir (SI/SH),Elder Dragon/Volibear (RU/FR),1,1,1
Jack/Sett (BW/IO),Yasuo (IO/MT),1,1,1
Jack/Sett (BW/IO),Janna/Volibear (FR/PZ),1,1,1
Trundle/Volibear (FR/IO),Zoe (MT/PZ),1,1,1
Trundle/Volibear (FR/IO),Kalista/Viego (SI),1,1,1
Trundle/Volibear (FR/IO),Caitlyn/Teemo (BC/PZ),1,1,1
Trundle/Volibear (FR/IO),Annie/Swain (BW/NX),1,1,1
Pyke/Rek'Sai (BW/SH),Elder Dragon/Shyvana (RU/DE),1,1,1
Norra/Yuumi (BC),Gnar/Trundle (FR/PZ),1,1,1
Gnar/Trundle (FR/PZ),Zoe (MT/PZ),1,1,1
Kayle (FR/MT),Trundle (FR/PZ),1,1,1
Pyke/Rek'Sai (BW/SH),Trundle (FR/PZ),1,1,1
Gangplank/Gnar (BC/BW),Trundle (FR/PZ),1,1,1
Norra (BC/PZ),Miss Fortune/Twisted Fate (BW/NX),1,1,1
Miss Fortune/Twisted Fate (BW/NX),Darius/Swain/Yasuo (IO/NX),1,1,1
Miss Fortune/Twisted Fate (BW/NX),Lissandra/Volibear (FR/PZ),1,1,1
Miss Fortune/Twisted Fate (BW/NX),Azir (BW/SH),1,1,1
Annie/Jhin (RU/NX),Jhin/Vex (BC/RU),1,1,1
Annie/Jhin (RU/NX),Championless (BC/PZ),1,1,1
Fizz/Twisted Fate (BW/PZ),Annie/Jhin (RU/NX),1,1,1
Annie/Jhin (RU/NX),Aurelion Sol/Zoe (MT/PZ),1,1,1
Annie/Jhin (RU/NX),Elder Dragon/Gangplank (RU/BW),1,1,1
Nasus (SI/SH),Annie/Jhin (RU/NX),1,1,1
Karma/Sett (FR/IO),Azir/Nasus/Xerath (SH),1,1,1
Trundle (FR/PZ),Azir/Hecarim (SI/SH),1,1,1
Janna/Seraphine (MT/PZ),Diana/Nocturne (MT/SI),1,1,1
Kindred/Viego (SI/SH),The Poro King (BW/RU),1,1,1
Braum/Elder Dragon/Gnar (RU/FR),The Poro King (BW/RU),1,1,1
The Poro King (BW/RU),Jack/Sett (BW/IO),1,1,1
Gangplank/Gnar (BC/BW),The Poro King (BW/RU),1,1,1
Samira/Zoe (MT/NX),Nilah/Twisted Fate (BW/PZ),1,1,1
Akshan/Pantheon (MT/SH),Janna/Zilean (PZ/SH),1,1,1
Braum/Galio (DE/FR),Janna/Zilean (PZ/SH),1,1,1
Janna/Zilean (PZ/SH),Heimerdinger/Norra (BC/SI),1,1,1
Bard/Heimerdinger (RU/PZ),Janna/Zilean (PZ/SH),1,1,1
Janna/Zilean (PZ/SH),Garen (DE/FR),1,1,1
Janna/Zilean (PZ/SH),Aatrox/Championpile (RU/SH),1,1,1
Hecarim/Zed (IO/SI),Janna/Zilean (PZ/SH),1,1,1
Nilah/Twisted Fate (BW/PZ),Samira/Twisted Fate (BW/NX),1,1,1
Kayle (BW/MT),Elder Dragon/Norra (RU/BC),1,1,1
Kayle (BW/MT),Yuumi/Zoe (BC/MT),1,1,1
Bard/Heimerdinger (RU/PZ),Karma/Sett (FR/IO),1,1,1
The Poro King (RU/SI),Karma/Sett (FR/IO),1,1,1
Karma/Sett (FR/IO),Championless (BC/PZ),1,1,1
Janna/Nilah (BW/PZ),Taliyah/Zilean (IO/SH),1,1,1
Braum/Irelia/Udyr (FR/IO),Ezreal/Nilah (BW/PZ),1,1,1
Ezreal/Nilah (BW/PZ),Akshan/Master Yi (IO/SH),1,1,1
Nilah/Twisted Fate (BW/PZ),Bard/Senna (RU/SI),1,1,1
Kai'Sa/Pantheon (MT/SH),Nilah/Twisted Fate (BW/PZ),1,1,1
Seraphine/Zoe (MT/PZ),Fiora/Morgana (DE/SH),1,1,1
Nilah/Twisted Fate (BW/PZ),Fizz/Samira (BW/NX),1,1,1
Aphelios/Yasuo (IO/MT),Braum/Udyr (FR/SH),1,1,1
Evelynn/Kai'Sa (RU/SH),Fizz/Nami (BC/BW),1,1,1
Gwen/Irelia (IO/SI),Ekko/Janna (IO/PZ),1,1,1
Ekko/Janna (IO/PZ),Ekko (PZ/SH),1,1,1
Nidalee (BC/SH),Aphelios/Norra (BC/MT),1,1,1
Fizz/Samira (BW/NX),Braum (FR/MT),1,1,1
Bard/Mordekaiser (RU/SI),Caitlyn/Teemo (BC/PZ),1,1,1
Galio/Udyr (DE/FR),Master Yi/Taric (IO/MT),1,1,1
Galio/Udyr (DE/FR),Lux: Illuminated/Taric (DE/MT),1,1,1
Caitlyn/Teemo (BC/PZ),Samira/Zoe (MT/NX),1,1,1
Norra/Teemo (BC/PZ),Norra/Poppy (BC/NX),1,1,1
Elise (NX/SI),Ezreal/Senna (PZ/SI),1,1,1
Elder Dragon/Morgana/Shyvana (RU/DE),Elise (NX/SI),1,1,1
Braum/Vladimir (FR/NX),Hecarim (IO/SI),1,1,1
Braum/Jax/Ornn (FR/RU),Akshan/Sivir (NX/SH),1,1,1
Akshan/Sivir (NX/SH),Kai'Sa/Pantheon (MT/SH),1,1,1
Seraphine/Viktor (FR/PZ),Aphelios/Braum (FR/MT),1,1,1
Zed (FR/IO),Ekko/Janna (FR/PZ),1,1,1
Zed (FR/IO),Ekko/Janna (IO/PZ),1,1,1
Garen/Udyr (DE/FR),Jinx/Lulu (BC/PZ),1,1,1
Fizz/Samira (BW/NX),Caitlyn/Teemo (BC/PZ),1,1,1
Fizz/Samira (BW/NX),Bard/Zed (RU/IO),1,1,1
Fizz/Samira (BW/NX),Aphelios/Zoe (FR/MT),1,1,1
Lux: Illuminated/Pantheon/Zoe (DE/MT),Evelynn/Kai'Sa (RU/SH),1,1,1
Karma/Sett (FR/IO),Fizz/Yuumi (BC/FR),1,1,1
Miss Fortune/Twisted Fate (BW/NX),Fizz/Yuumi (BC/FR),1,1,1
Azir (SH),Fizz/Yuumi (BC/FR),1,1,1
Poppy/Ziggs (BC/NX),Trundle/Volibear (FR/IO),1,1,1
Evelynn/Kai'Sa (RU/SH),Lissandra (FR/SH),1,1,1
Kennen (BC/IO),Ekko/Gwen (PZ/SI),1,1,1
Ekko/Janna (IO/PZ),Nilah/Twisted Fate (BW/PZ),1,1,1
Ekko/Janna (IO/PZ),Ashe/LeBlanc (FR/NX),1,1,1
Nidalee (BC/SH),Ekko/Janna (IO/PZ),1,1,1
Aphelios/Zoe (FR/MT),Ekko/Janna (IO/PZ),1,1,1
Ekko/Janna (IO/PZ),Braum/Irelia/Udyr (FR/IO),1,1,1
Swain/Yasuo (IO/NX),Nidalee (BC/SH),1,1,1
Annie/Jhin (RU/NX),Leona/Yasuo (IO/MT),1,1,1
Annie/Jhin (RU/NX),Lux: Illuminated/Pantheon/Zoe (DE/MT),1,1,1
Ashe/LeBlanc (FR/NX),Anivia (FR/SI),1,1,1
Evelynn/Lucian (DE/RU),Gwen/Master Yi (IO/SI),1,1,1
Aphelios/Zoe (MT/PZ),Janna/Nilah (BW/PZ),1,1,1
Jack/Sett (BW/IO),Braum/The Poro King (FR/RU),1,1,1
Maokai (BW/SI),Jack/Sett (BW/IO),1,1,1
Jack/Sett (BW/IO),Ryze (RU/SI),1,1,1
Braum/Zoe (FR/MT),Seraphine/Viktor (BC/PZ),1,1,1
Braum/Zoe (FR/MT),Master Yi/Taric (IO/MT),1,1,1
Braum/Zoe (FR/MT),Akshan/Seraphine (PZ/SH),1,1,1
Braum/Zoe (FR/MT),Championless (NX/SI),1,1,1
Galio/Poppy (DE/SH),Akshan/Lux: Illuminated (DE/SH),1,1,1
Elder Dragon/Elise (RU/SI),Caitlyn/Teemo (BC/PZ),1,1,1
Elder Dragon/Elise (RU/SI),Jack/Sett (BW/IO),1,1,1
Elder Dragon/Elise (RU/SI),Pyke/Rek'Sai (BW/SH),1,1,1
Norra/Teemo (BC/PZ),Elder Dragon/Lissandra/Trundle (RU/FR),1,1,1
Norra/Teemo (BC/PZ),Kai'Sa/Pantheon (MT/SH),1,1,1
Norra/Teemo (BC/PZ),Elder Dragon/Mordekaiser/Viego (RU/SI),1,1,1
Karma (FR/IO),Norra/Teemo (BC/PZ),1,1,1
Draven/Jinx (NX/PZ),Nami/Zoe (BW/MT),1,1,1
Trundle/Volibear (FR/IO),Illaoi/Soraka (BW/MT),1,1,1
Trundle/Volibear (FR/IO),Soraka/Tahm Kench (BW/MT),1,1,1
Trundle/Volibear (FR/IO),Championless (BW/SH),1,1,1
Trundle/Volibear (FR/IO),Braum/Zoe (FR/MT),1,1,1
Maokai/Nautilus (BW/SI),Trundle/Volibear (FR/IO),1,1,1
Akshan/Samira (NX/SH),Ryze (RU/SI),1,1,1
Norra/Teemo (BC/SI),Pyke/Rek'Sai (BW/SH),1,1,1
Norra/Teemo (BC/SI),Yasuo (IO/NX),1,1,1
Norra (BC/SI),Ezreal/Senna (PZ/SI),1,1,1
Jhin/Yasuo (IO/RU),Norra (BC/SI),1,1,1
Norra (BC/SI),Mordekaiser/Norra (BC/SI),1,1,1
Gnar/Trundle (FR/PZ),Ezreal/Twisted Fate (BW/PZ),1,1,1
Gnar/Trundle (FR/PZ),Master Yi/Taric (IO/MT),1,1,1
Gnar/Trundle (FR/PZ),Ekko/Zilean (PZ/SH),1,1,1
Gnar/Trundle (FR/PZ),Azir/Renekton (SH),1,1,1
Gnar/Trundle (FR/PZ),Taric/Zoe (FR/MT),1,1,1
Samira (BW/NX),Nasus (SH),1,1,1
Samira (BW/NX),Anivia/Volibear (BW/FR),1,1,1
Kindred/Nasus (SI/SH),Norra/Trundle (BC/FR),1,1,1
Lillia/Taliyah (IO/SH),Ezreal/Senna (PZ/SI),1,1,1
Lillia/Taliyah (IO/SH),Rumble/Tristana (BC/NX),1,1,1
Illaoi (BW/DE),Lillia/Taliyah (IO/SH),1,1,1
Karma/Lux (DE/IO),Lillia/Taliyah (IO/SH),1,1,1
Norra/Teemo (BC/PZ),Lillia/Taliyah (IO/SH),1,1,1
Samira/Zoe (MT/NX),Caitlyn/Norra (BC/PZ),1,1,1
Leona/Yasuo (IO/MT),Caitlyn/Norra (BC/PZ),1,1,1
Ezreal/Nilah (BW/PZ),Caitlyn/Norra (BC/PZ),1,1,1
Lissandra (FR/SH),Diana/Nocturne (MT/SI),1,1,1
Diana/Nocturne (MT/SI),Braum/Irelia/Udyr (FR/IO),1,1,1
Janna/Seraphine (BW/PZ),Leona/Yasuo (IO/MT),1,1,1
Gangplank (BW/SI),Elder Dragon (RU/MT),1,1,1
Bard/Norra (BC/RU),Gangplank (BW/SI),1,1,1
Braum/Zed (FR/IO),Janna/Nilah (BW/PZ),1,1,1
Master Yi/Taric (IO/MT),Gwen/Quinn (DE/SI),1,1,1
Udyr/Vladimir (FR/NX),Master Yi/Taric (IO/MT),1,1,1
Evelynn/Fizz (BW/RU),Ekko/Janna (FR/PZ),1,1,1
Nilah/Twisted Fate (BW/PZ),Aphelios/Zoe (MT/PZ),1,1,1
Master Yi (IO/PZ),Kayle (BW/MT),1,1,1
Kayle (BW/MT),Bard/Kayle (RU/MT),1,1,1
Kayle (BW/MT),Elder Dragon (RU/MT),1,1,1
Kayle (BW/MT),Kalista/Viego (SI),1,1,1
Miss Fortune/Twisted Fate (BW/NX),Yuumi/Zoe (FR/MT),1,1,1
Taliyah/Zilean (IO/SH),Elise/Janna (PZ/SI),1,1,1
Karma/Sett (FR/IO),Gangplank/Miss Fortune (BW/NX),1,1,1
Karma/Sett (FR/IO),Championless (BW/SH),1,1,1
Ezreal/Seraphine (BW/PZ),Aphelios/Gnar (FR/MT),1,1,1
Lux: Illuminated/Pantheon/Zoe (DE/MT),Braum/The Poro King (FR/RU),1,1,1
Nami/Nilah (BW/SI),Nilah/Twisted Fate (BW/PZ),1,1,1
Garen/Udyr (DE/FR),Ezreal/Nilah (BW/PZ),1,1,1
Evelynn/Fizz (BW/RU),Ashe/LeBlanc (FR/NX),1,1,1
Jhin/Yasuo (IO/RU),Annie/Jhin/Swain (RU/NX),1,1,1
Gnar/Neeko (FR/RU),Jhin/Yasuo (IO/RU),1,1,1
Heimerdinger/Viktor (IO/PZ),Jhin/Yasuo (IO/RU),1,1,1
Nilah/Twisted Fate (BW/PZ),Jhin/Yasuo (IO/RU),1,1,1
Jhin/Yasuo (IO/RU),Elder Dragon/Norra (RU/BC),1,1,1
Elder Dragon/Trundle/Volibear (RU/FR),Kindred/Nasus (SI/SH),1,1,1
Gwen/Vayne (DE/SI),Elder Dragon/Seraphine/Viktor (RU/PZ),1,1,1
Seraphine/Zoe (MT/PZ),Jayce/Lux (DE/PZ),1,1,1
Mordekaiser/Viego (IO/SI),Yasuo (IO/NX),1,1,1
Mordekaiser/Viego (IO/SI),Braum/Vladimir (FR/NX),1,1,1
Mordekaiser/Viego (IO/SI),Caitlyn/Teemo (FR/PZ),1,1,1
Azir/Irelia (IO/SH),Fiora/Zoe (DE/MT),1,1,1
Nilah/Twisted Fate (BW/PZ),Kennen (BC/IO),1,1,1
Annie/Gwen (NX/SI),Elder Dragon/Norra (RU/BC),1,1,1
Caitlyn/Teemo (BC/PZ),Aphelios/Yasuo (IO/MT),1,1,1
Gwen/Irelia (IO/SI),Swain (BW/NX),1,1,1
Bard/Norra (BC/RU),Caitlyn/Swain (NX/PZ),1,1,1
Janna/Miss Fortune (BW/PZ),Samira/Twisted Fate (BW/NX),1,1,1
Elder Dragon (RU/FR),Taliyah (IO/SH),1,1,1
Taliyah (IO/SH),Kindred/Mordekaiser (DE/SI),1,1,1
Pantheon/Zoe (FR/MT),Bard/Norra (BC/RU),1,1,1
Nami/Zoe (BW/MT),Elise/Nocturne (MT/SI),1,1,1
Elder Dragon/Lissandra/Trundle (RU/FR),Darius (FR/NX),1,1,1
Darius (FR/NX),Garen (DE),1,1,1
Taliyah/Zilean (IO/SH),Darius (FR/NX),1,1,1
Ezreal/Seraphine (BC/PZ),Kindred/Mordekaiser (DE/SI),1,1,1
Championless (IO/SI),Ezreal/Seraphine (BC/PZ),1,1,1
Illaoi (BW/IO),Ezreal/Seraphine (BC/PZ),1,1,1
Ezreal/Seraphine (BC/PZ),Gangplank/Twisted Fate (BW/PZ),1,1,1
Norra/Teemo (BC/PZ),Karma/Sett (FR/IO),1,1,1
Aphelios/Zoe (MT),Norra/Teemo (BC/PZ),1,1,1
Ashe (FR/PZ),Samira/Sejuani (FR/NX),1,1,1
Viktor/Zoe (MT/PZ),Aurelion Sol/Volibear (FR/MT),1,1,1
Nasus/Veigar (SI/SH),Braum/Vladimir (FR/NX),1,1,1
Miss Fortune/Twisted Fate (BW/NX),Norra/Zoe (BC/MT),1,1,1
Akshan/Varus (SH/RU),Anivia/Braum (FR/SI),1,1,1
Akshan/Sivir (NX/SH),Yuumi/Zoe (FR/MT),1,1,1
Teemo (BC/PZ),Akshan/Sivir (NX/SH),1,1,1
Elder Dragon/Volibear (RU/FR),Seraphine/Viktor (FR/PZ),1,1,1
Aphelios/Viktor (MT/PZ),Norra/Teemo (BC/SI),1,1,1
Aphelios/Viktor (MT/PZ),Lillia (DE/IO),1,1,1
Aphelios/Viktor (MT/PZ),Gnar/Teemo (BC/PZ),1,1,1
Yasuo (IO/PZ),Leona/Yasuo (IO/MT),1,1,1
Nilah/Twisted Fate (BW/PZ),Yasuo (IO/PZ),1,1,1
Evelynn/Fizz (BW/RU),Elise (FR/SI),1,1,1
Janna/Seraphine (MT/PZ),Elise (FR/SI),1,1,1
Ezreal/Nilah (BW/PZ),Nami/Samira (BW/NX),1,1,1
Ashe (FR/PZ),Nidalee (BC/SH),1,1,1
Nilah/Twisted Fate (BW/PZ),Udyr/Vladimir (FR/NX),1,1,1
Elder Dragon/Lissandra/Trundle (RU/FR),Ekko/Zilean (PZ/SH),1,1,1
Ezreal/Nilah (BW/PZ),Senna/Veigar (BC/SI),1,1,1
Katarina/Swain (NX/PZ),Lux: Illuminated/Shen (DE/IO),1,1,1
Katarina/Swain (NX/PZ),Janna/Zoe (MT/PZ),1,1,1
Annie/Jhin (RU/NX),Katarina/Swain (NX/PZ),1,1,1
Aphelios/Gnar (FR/MT),Katarina/Swain (NX/PZ),1,1,1
Katarina/Swain (NX/PZ),Ahri/Kennen (FR/IO),1,1,1
Teemo (BC/PZ),Ekko/Gwen (PZ/SI),1,1,1
Ekko/Gwen (PZ/SI),Nilah/Teemo (BW/PZ),1,1,1
Ekko/Gwen (PZ/SI),Fizz/Nami/Sivir (BW/SH),1,1,1
Caitlyn/Teemo (BC/PZ),Janna/Seraphine (MT/PZ),1,1,1
Braum/Zoe (FR/MT),Samira/Sejuani (FR/NX),1,1,1
Samira/Sejuani (FR/NX),Hecarim/Zed (IO/SI),1,1,1
Samira/Sejuani (FR/NX),Norra/Swain (BC/NX),1,1,1
Annie/Jhin (RU/NX),Samira/Sejuani (FR/NX),1,1,1
Samira/Sejuani (FR/NX),Ezreal/Nami (BW/PZ),1,1,1
Karma/Ryze (IO/RU),Elder Dragon/Volibear (RU/FR),1,1,1
Braum/Zoe (FR/MT),Galio/Garen (DE/IO),1,1,1
Braum/Zoe (FR/MT),Illaoi (BW/DE),1,1,1
Braum/Zoe (FR/MT),Vladimir (FR/NX),1,1,1
Braum/Zoe (FR/MT),Elder Dragon/Lissandra (RU/FR),1,1,1
Gnar (FR/NX),Braum/Zoe (FR/MT),1,1,1
Braum/Zoe (FR/MT),Elder Dragon (RU/FR),1,1,1
Bard/Lux: Illuminated (RU/DE),Ahri/Yasuo (IO/NX),1,1,1
Janna/Twisted Fate (BW/PZ),Ahri/Yasuo (IO/NX),1,1,1
Janna/Nilah (BW/PZ),Yasuo (IO/NX),1,1,1
Karma/Sett (FR/IO),Championless (FR/SH),1,1,1
Elder Dragon/Galio/Morgana (RU/DE),Gangplank/Sejuani (BW/FR),1,1,1
Jinx/Norra (BC/PZ),Braum/Zoe (FR/MT),1,1,1
Norra/Teemo (BC/PZ),Azir (SH),1,1,1
Norra/Teemo (BC/PZ),Kayle/Leona (MT/NX),1,1,1
Norra/Teemo (BC/PZ),Aphelios/Viktor/Zoe (MT/PZ),1,1,1
Janna/Nilah (BW/PZ),The Poro King (RU/SH),1,1,1
Kalista/Zed (IO/SI),Norra (BC/FR),1,1,1
Anivia/Mordekaiser (FR/SI),Norra (BC/FR),1,1,1
Taliyah/Zilean (IO/SH),Morgana/Udyr (DE/FR),1,1,1
Elder Dragon/Norra (RU/BC),Jinx/Lulu (BC/PZ),1,1,1
Katarina (FR/NX),Elder Dragon/Norra (RU/BC),1,1,1
Elder Dragon/Norra (RU/BC),Ezreal/Swain (NX/PZ),1,1,1
Elder Dragon/Norra (RU/BC),Norra/Zoe (BC/MT),1,1,1
Nami/Nilah (BW/SI),Elise/Kalista (NX/SI),1,1,1
Janna/Nilah (BW/PZ),Ezreal/Seraphine (BC/PZ),1,1,1
Ahri/Kennen (IO/SH),Janna/Nilah (BW/PZ),1,1,1
Jhin (RU/SI),Ashe (FR/PZ),1,1,1
Ashe (FR/PZ),The Poro King (BW/RU),1,1,1
Gnar/Trundle (FR/PZ),Kindred/Mordekaiser (DE/SI),1,1,1
Gnar/Trundle (FR/PZ),Elder Dragon/Trundle/Volibear (RU/FR),1,1,1
Gnar/Trundle (FR/PZ),Garen (DE),1,1,1
Gnar/Trundle (FR/PZ),Anivia/Elise (FR/SI),1,1,1
Gnar/Trundle (FR/PZ),Gwen/Quinn (DE/SI),1,1,1
Hecarim/Zed (IO/SI),Jhin (RU/SI),1,1,1
Samira (BW/NX),Fiora/Shen (DE/IO),1,1,1
Samira (BW/NX),Teemo (BC/PZ),1,1,1
Lillia/Taliyah (IO/SH),Bard/Norra (BC/RU),1,1,1
Braum/Vladimir (FR/NX),Lillia/Taliyah (IO/SH),1,1,1
Lillia/Taliyah (IO/SH),Anivia (FR/SI),1,1,1
Soraka/Tahm Kench (BW/MT),Lillia/Taliyah (IO/SH),1,1,1
Lillia/Taliyah (IO/SH),Aurelion Sol (DE/MT),1,1,1
Azir/Irelia (IO/SH),Lillia/Taliyah (IO/SH),1,1,1
Lillia/Taliyah (IO/SH),Senna/Veigar (BC/SI),1,1,1
Lillia/Taliyah (IO/SH),Lillia (IO/SH),1,1,1
Hecarim/Zed (IO/SI),Lillia/Taliyah (IO/SH),1,1,1
Malphite/Yasuo (IO/MT),Lillia/Taliyah (IO/SH),1,1,1
Morgana/Vex (BC/DE),Lillia/Taliyah (IO/SH),1,1,1
Karma/Sett (FR/IO),Taliyah/Ziggs (BC/SH),1,1,1
Azir/Hecarim (SI/SH),Katarina/Yasuo (IO/NX),1,1,1
Fizz/Nidalee (BC/SH),Seraphine/Zoe (MT/PZ),1,1,1
Ziggs (BC/SH),Jayce/Lux (DE/PZ),1,1,1
Garen/Udyr (DE/FR),Braum/The Poro King (FR/RU),1,1,1
Braum/The Poro King (FR/RU),Elise/Samira (NX/SI),1,1,1
Fiora (DE/FR),Pyke/Rek'Sai (BW/SH),1,1,1
Evelynn/Fizz (BW/RU),Lissandra (FR/SH),1,1,1
Nami/Nilah (BW/SI),Evelynn/Fizz (BW/RU),1,1,1
Fizz/Samira (BW/NX),Evelynn/Fizz (BW/RU),1,1,1
Caitlyn/Swain (NX/PZ),Leona/Yasuo (IO/MT),1,1,1
Leona/Yasuo (IO/MT),Fiora/Lucian (DE/SH),1,1,1
Nami (BW/PZ),Annie/Jhin (RU/NX),1,1,1
Leona/Yasuo (IO/MT),Fiora/Shen (DE/IO),1,1,1
Yasuo (IO/NX),Leona/Yasuo (IO/MT),1,1,1
Ezreal (BW/PZ),Leona/Yasuo (IO/MT),1,1,1
Ezreal (BW/PZ),Swain/Yasuo (IO/NX),1,1,1
Caitlyn/Trundle (FR/PZ),Kennen (IO/NX),1,1,1
Jack/Samira (BW/NX),Elder Dragon/Volibear (RU/FR),1,1,1
Lux: Illuminated/Vex (BC/DE),The Poro King (FR/RU),1,1,1
Gangplank (BW/SI),Aurelion Sol (DE/MT),1,1,1
Morgana/Vex (BC/MT),Gangplank (BW/SI),1,1,1
Elise/Kalista (NX/SI),Braum/Zoe (FR/MT),1,1,1
Braum/Irelia/Udyr (FR/IO),Nami (BW/PZ),1,1,1
The Poro King (BC/RU),Ezreal (BW/PZ),1,1,1
Akshan/Samira (NX/SH),Nilah/Twisted Fate (BW/PZ),1,1,1
Nilah/Twisted Fate (BW/PZ),Akshan/Udyr (FR/SH),1,1,1
Elder Dragon/Volibear (RU/FR),Master Yi/Taric (IO/MT),1,1,1
Pantheon/Zoe (FR/MT),Lux: Illuminated (DE/MT),1,1,1
Nami/Nilah (BW/SI),Braum/Zed (FR/IO),1,1,1
Norra/Teemo (BC/PZ),Janna/Nilah (BW/PZ),1,1,1
Fiora/Samira (DE/NX),Norra/Teemo (BC/PZ),1,1,1
Zed (IO/SI),Karma/Sett (FR/IO),1,1,1
Ekko/Jinx (PZ/SH),Braum/The Poro King (FR/RU),1,1,1
Seraphine/Viktor (BW/PZ),Braum/The Poro King (FR/RU),1,1,1
Braum/The Poro King (FR/RU),Bard/Norra (BC/RU),1,1,1
Aphelios/Gnar (FR/MT),Bard/Teemo (BC/RU),1,1,1
Zoe (MT/PZ),Trundle/Volibear (FR/SI),1,1,1
Sejuani/Teemo (FR/PZ),Elise (FR/SI),1,1,1
Braum/Zoe (FR/MT),Katarina/Miss Fortune (BW/NX),1,1,1
Azir/Xerath (SH),Heimerdinger/Viktor (IO/PZ),1,1,1
Aurelion Sol/Shyvana (DE/MT),Seraphine (MT/PZ),1,1,1
Yasuo (IO/NX),Seraphine (MT/PZ),1,1,1
Fiora/Shen (DE/IO),Bard/Norra (BC/RU),1,1,1
Zoe (MT),Kennen (IO/NX),1,1,1
Gwen/Irelia (IO/SI),Lissandra (FR/SH),1,1,1
Lissandra (FR/SH),Norra/Teemo (BC/PZ),1,1,1
Gwen/Irelia (IO/SI),Bard/Norra (BC/RU),1,1,1
Bard/Norra (BC/RU),Ezreal/Seraphine (BC/PZ),1,1,1
Ezreal/Seraphine (BC/PZ),Braum/Evelynn (RU/FR),1,1,1
Braum/Zoe (FR/MT),Nami/Zoe (BW/MT),1,1,1
Nami/Nilah (BW/SI),Janna/Seraphine (MT/PZ),1,1,1
Nami/Nilah (BW/SI),Garen/Udyr (DE/FR),1,1,1
Kalista/Norra (BC/SI),Hecarim/Zed (IO/SI),1,1,1
Darius/Gwen (NX/SI),Nilah/Twisted Fate (BW/PZ),1,1,1
Kalista/Norra (BC/SI),Nilah/Twisted Fate (BW/PZ),1,1,1
Braum/Zoe (FR/MT),Nidalee (BC/SH),1,1,1
Braum/Zoe (FR/MT),The Poro King (BW/RU),1,1,1
Jhin/Yasuo (IO/RU),Ezreal (PZ/SI),1,1,1
Kindred/Nasus (SI/SH),Galio/Garen (DE/IO),1,1,1
Nami/Zoe (BW/MT),Fizz/Samira (BW/NX),1,1,1
Nilah/Twisted Fate (BW/PZ),Fizz/Norra (BC/PZ),1,1,1
Ezreal/Seraphine (BC/PZ),Ahri (IO/NX),1,1,1
Annie/Twisted Fate (BW/NX),Ekko/Jinx (PZ),1,1,1
Annie/Jhin (RU/NX),Ahri/Zed (IO/NX),1,1,1
Pantheon/Zoe (FR/MT),Annie/Jhin (RU/NX),1,1,1
Taliyah/Zilean (IO/SH),Jack/Ornn (BW/FR),1,1,1
Nami/Samira (BW/NX),Taliyah/Zilean (IO/SH),1,1,1
Gnar/Teemo (BC/PZ),Elise (NX/SI),1,1,1
Senna (PZ/SI),Gwen (IO/SI),1,1,1
Elise/Nocturne (MT/SI),Pantheon/Zoe (FR/MT),1,1,1
Janna/Nilah (BW/PZ),Pantheon/Zoe (FR/MT),1,1,1
Pantheon/Zoe (FR/MT),Caitlyn/Teemo (BC/PZ),1,1,1
Teemo (BC/PZ),Kalista/Norra (BC/SI),1,1,1
Nilah/Twisted Fate (BW/PZ),Bard/Gwen (RU/SI),1,1,1
Bard/Gwen (RU/SI),Garen/Udyr (DE/FR),1,1,1
Elise/Nocturne (MT/SI),Jinx (DE/PZ),1,1,1
Elise/Nocturne (MT/SI),Ekko/Janna (FR/PZ),1,1,1
Elise/Nocturne (MT/SI),Ekko/Jinx (PZ),1,1,1
Ashe (FR/PZ),Hecarim/Lucian (DE/SI),1,1,1
Ashe (FR/PZ),Lissandra (FR/SH),1,1,1
The Poro King (FR/RU),Ekko/Zilean (PZ/SH),1,1,1
Seraphine/Viktor (FR/PZ),Hecarim/Kalista (IO/SI),1,1,1
Bard/Norra (BC/RU),Elise/Kalista (FR/SI),1,1,1
Nami/Nilah (BW/SI),Bard/Norra (BC/RU),1,1,1
Sejuani/Teemo (FR/PZ),Bard/Norra (BC/RU),1,1,1
Poppy/Taric (DE/MT),Fizz/Viktor (BC/PZ),1,1,1
Kalista/Lucian (DE/SI),Aurelion Sol/Elder Dragon (RU/MT),1,1,1
Mordekaiser/Norra (BC/SI),Elise/Kalista (NX/SI),1,1,1
Mordekaiser/Norra (BC/SI),Akshan/Samira (NX/SH),1,1,1
Udyr/Vladimir (FR/NX),Mordekaiser/Norra (BC/SI),1,1,1
Mordekaiser/Norra (BC/SI),Kalista/Nocturne (SI),1,1,1
Katarina/Swain (NX/PZ),Ekko/Janna (FR/PZ),1,1,1
Caitlyn/Teemo (BC/PZ),Katarina/Swain (NX/PZ),1,1,1
Hecarim/Lucian (DE/SI),The Poro King (PZ/RU),1,1,1
The Poro King (PZ/RU),Janna/Nilah (BW/PZ),1,1,1
Samira/Sejuani (FR/NX),Teemo (BC/PZ),1,1,1
Elder Dragon/Volibear (RU/FR),Garen/Jarvan IV (DE/MT),1,1,1
Ahri/Zed (IO/NX),Ashe (FR/PZ),1,1,1
Ahri/Zed (IO/NX),Pyke/Rek'Sai (BW/SH),1,1,1
Ahri/Zed (IO/NX),Elise/Gwen/Katarina (NX/SI),1,1,1
Garen/Udyr (DE/FR),Ahri (IO/NX),1,1,1
Fiora/Shen (DE/IO),Ahri/Yasuo (IO/NX),1,1,1
Darius/Gwen (NX/SI),Ahri/Yasuo (IO/NX),1,1,1
Ahri/Yasuo (IO/NX),Lulu/Shen (IO),1,1,1
Ahri/Yasuo (IO/NX),Caitlyn/Teemo (BC/PZ),1,1,1
Janna/Miss Fortune (BW/PZ),Janna/Nilah (BW/PZ),1,1,1
Janna/Nilah (BW/PZ),Janna/Norra (BC/PZ),1,1,1
Janna/Nilah (BW/PZ),Ekko/Jinx (DE/PZ),1,1,1
Janna/Nilah (BW/PZ),Darius/Gwen (NX/SI),1,1,1
Gnar/Swain (BC/NX),Garen/Udyr (DE/FR),1,1,1
Aurelion Sol/Zoe (MT),Hecarim/Zed (IO/SI),1,1,1
Elder Dragon/Mordekaiser/Viego (RU/SI),Ekko/Jinx (PZ/SH),1,1,1
Ezreal/Swain (NX/PZ),Ezreal/Seraphine (BC/PZ),1,1,1
Norra/Teemo (BC/SI),Elder Dragon/Elise (RU/SI),1,1,1
Ezreal/Nilah (BW/PZ),Elise (FR/SI),1,1,1
Poppy (BC/NX),Draven (NX/SH),1,1,1
Caitlyn/Swain (NX/PZ),Azir/Xerath (SH),1,1,1
Elise (NX/SI),Azir/Xerath (SH),1,1,1
Viego (FR/SI),Azir/Xerath (SH),1,1,1
Janna/Nilah (BW/PZ),Jinx/Lulu (BC/PZ),1,1,1
Poppy (BC/NX),Galio/Udyr (DE/FR),1,1,1
Fiora/Shen (DE/IO),Norra/Teemo (BC/PZ),1,1,1
Senna (SI),Norra/Teemo (BC/PZ),1,1,1
Norra/Teemo (BC/PZ),Akshan/Pantheon (MT/SH),1,1,1
Seraphine (BW/PZ),Norra/Teemo (BC/PZ),1,1,1
Gwen/Sejuani (FR/SI),Norra/Teemo (BC/PZ),1,1,1
Norra/Teemo (BC/PZ),Fiora (DE/FR),1,1,1
Nami/Nilah (BW/SI),Ekko/Jinx (PZ),1,1,1
Elise/Kalista (FR/SI),Nami/Nilah (BW/SI),1,1,1
Hecarim/Zed (IO/SI),Nami/Nilah (BW/SI),1,1,1
Hecarim/Zed (IO/SI),Ekko/Jinx (PZ),1,1,1
Annie/Jhin (RU/NX),Mordekaiser/Viego (DE/SI),1,1,1
Garen/Jarvan IV (DE/MT),Annie/Jhin (RU/NX),1,1,1
Caitlyn/Teemo (BC/PZ),Kalista/Norra (BC/SI),1,1,1
Akshan/Master Yi (IO/SH),Samira (BW/NX),1,1,1
Ezreal/Swain (NX/PZ),Akshan/Karma (IO/SH),1,1,1
Gwen/Irelia (IO/SI),Lillia/Taliyah (IO/SH),1,1,1
Lillia/Taliyah (IO/SH),Lucian/Quinn (DE),1,1,1
Lillia/Taliyah (IO/SH),Teemo (BC/PZ),1,1,1
Caitlyn/Teemo (BC/PZ),Ekko (PZ/SH),1,1,1
Fiora (DE/FR),Senna/Veigar (BC/SI),1,1,1
Fiora (DE/FR),Championpile/Elder Dragon (RU/FR),1,1,1
Yasuo (IO/NX),Fiora (DE/FR),1,1,1
Hecarim/Lucian (DE/SI),Evelynn/Fizz (BW/RU),1,1,1
Lux: Illuminated/Pantheon (DE/MT),Leona/Yasuo (IO/MT),1,1,1
Elder Dragon/Volibear (RU/FR),Bard (RU/PZ),1,1,1
Annie/Taliyah (NX/SH),Braum/Kayle/Udyr (FR/MT),1,1,1
Annie/Taliyah (NX/SH),Riven/Zed (IO/NX),1,1,1
Lux: Illuminated/Vex (BC/DE),Annie/Taliyah (NX/SH),1,1,1
Championpile/Elder Dragon (RU/FR),Annie/Taliyah (NX/SH),1,1,1
Annie/Taliyah (NX/SH),Kalista (BW/SI),1,1,1
Aurelion Sol/Elder Dragon (RU/MT),Annie/Taliyah (NX/SH),1,1,1
Annie/Taliyah (NX/SH),Lucian/Udyr (DE/FR),1,1,1
Annie/Taliyah (NX/SH),Ashe/Sejuani (BW/FR),1,1,1
Pyke/Rek'Sai (BW/SH),Fiora/Shen (DE/IO),1,1,1
Gangplank/Swain (BW/NX),Ryze (IO/RU),1,1,1
Nilah/Twisted Fate (BW/PZ),Neeko/Poppy (DE/RU),1,1,1
Ekko/Janna (PZ/SH),Pyke/Rek'Sai (BW/SH),1,1,1
Garen/Udyr (DE/FR),Ekko/Janna (PZ/SH),1,1,1
Ekko/Janna (PZ/SH),Udyr (DE/FR),1,1,1
Fiora/Shen (DE/IO),Lux: Illuminated/Zed (DE/IO),1,1,1
Annie/Katarina/Samira (FR/NX),Lux: Illuminated/Zed (DE/IO),1,1,1
Championless (IO/SI),Akshan/Sivir (FR/SH),1,1,1
Karma/Sett (FR/IO),Ezreal/Seraphine (NX/PZ),1,1,1
Senna/Veigar (BC/SI),Norra/Teemo (BC/SI),1,1,1
Senna/Veigar (BC/SI),Aphelios/Zoe (MT),1,1,1
Bard (RU/IO),Kindred/Morgana (DE/SI),1,1,1
Norra (BC/IO),Championless (FR/PZ),1,1,1
Kalista/Nocturne (SI),Norra (BC/IO),1,1,1
Championpile/Elder Dragon (RU/FR),Norra (BC/IO),1,1,1
Azir/Irelia (IO/SH),Akshan/Samira (NX/SH),1,1,1
Championless (SI),Sivir/Vi (PZ/SH),1,1,1
Heimerdinger/Viktor (IO/PZ),Draven/Sion (NX/PZ),1,1,1
Heimerdinger/Viktor (IO/PZ),Janna (PZ/SI),1,1,1
Heimerdinger/Viktor (IO/PZ),Miss Fortune/Vayne (BW/DE),1,1,1
Heimerdinger/Viktor (IO/PZ),Miss Fortune/Quinn (BW/DE),1,1,1
Nami/Zoe (BW/MT),Lissandra (FR/SH),1,1,1
Gwen/Irelia (IO/SI),Renekton (BW/SH),1,1,1
Jack/Samira (BW/NX),The Poro King (NX/RU),1,1,1
Pyke/Rek'Sai (BW/SH),The Poro King (NX/RU),1,1,1
Garen/Udyr (DE/FR),Gwen/Rek'Sai (SI/SH),1,1,1
Garen/Udyr (DE/FR),The Poro King (BW/RU),1,1,1
Aurelion Sol/Zoe (MT/PZ),Seraphine/Viktor (BC/PZ),1,1,1
Seraphine/Viktor (BC/PZ),Volibear (FR/IO),1,1,1
Seraphine/Viktor (BC/PZ),Darius/Miss Fortune (BW/NX),1,1,1
Norra/Swain (BC/NX),Jinx/Lulu (BC/PZ),1,1,1
Annie/Ziggs (NX/SH),Azir/Irelia (IO/SH),1,1,1
Miss Fortune (BW/NX),Elder Dragon/Galio/Morgana (RU/DE),1,1,1
Nilah/Twisted Fate (BW/PZ),Ahri/Katarina (IO/NX),1,1,1
Aurelion Sol/Zoe (FR/MT),Elise/Senna (NX/SI),1,1,1
Norra/Teemo (BC/SI),Azir/Nasus/Renekton (SH),1,1,1
Leona/Yasuo (IO/MT),Norra/Teemo (BC/SI),1,1,1
Championless (FR/SI),Elise/Nocturne (NX/SI),1,1,1
Gnar/Lux: Illuminated (BC/DE),Elise/Nocturne (NX/SI),1,1,1
Ashe (FR/PZ),Elise/Nocturne (NX/SI),1,1,1
Elder Dragon/Mordekaiser/Viego (RU/SI),Evelynn (BW/RU),1,1,1
Elder Dragon/Mordekaiser/Viego (RU/SI),Senna (FR/SI),1,1,1
Azir/Irelia (IO/SH),Anivia/Volibear (BW/FR),1,1,1
Elder Dragon/Viego (RU/SI),Janna/Nilah (BW/PZ),1,1,1
Taliyah/Ziggs (IO/SH),Akshan/Varus (SH/RU),1,1,1
Seraphine/Viktor (FR/PZ),Rumble/Sion (BC/NX),1,1,1
Bard/Norra (BC/RU),Ekko/Janna (FR/PZ),1,1,1
Katarina/Swain (NX/PZ),Akshan/Samira (NX/SH),1,1,1
Ekko/Janna (IO/PZ),Lissandra (FR/SH),1,1,1
Katarina/Swain (NX/PZ),Lucian/Lux: Illuminated (DE/IO),1,1,1
Evelynn/Lucian (DE/RU),Katarina/Swain (NX/PZ),1,1,1
Anivia (FR/SI),Kindred/Viego (IO/SI),1,1,1
Ezreal/Swain (NX/PZ),Lee Sin/Viktor (IO/PZ),1,1,1
Lux: Illuminated/Pantheon/Zoe (DE/MT),Samira/Sejuani (FR/NX),1,1,1
Samira/Sejuani (FR/NX),Fiora/Shen (DE/IO),1,1,1
Janna/Jhin (RU/PZ),Ahri/Katarina (IO/NX),1,1,1
Ahri/Katarina (IO/NX),Gnar/Lux: Illuminated (BC/DE),1,1,1
Ahri/Lissandra (FR/IO),Ahri/Katarina (IO/NX),1,1,1
Ahri/Katarina (IO/NX),Teemo (BC/PZ),1,1,1
Janna/Nilah (BW/PZ),Ahri/Zed (IO/NX),1,1,1
Janna/Nilah (BW/PZ),Janna/Seraphine (PZ),1,1,1
Aurelion Sol/Zoe (MT),Bard/Kayle (RU/MT),1,1,1
Caitlyn/Teemo (BC/PZ),Ashe/Tahm Kench (BW/FR),1,1,1
Caitlyn/Teemo (BC/PZ),Yasuo (IO/NX),1,1,1
Jhin/Vex (BC/RU),Caitlyn/Teemo (BC/PZ),1,1,1
Caitlyn/Teemo (BC/PZ),Malphite/Yasuo (IO/MT),1,1,1
Caitlyn/Teemo (BC/PZ),Norra/Teemo (BC/SI),1,1,1
Katarina/Yasuo (IO/NX),Norra/Teemo (BC/PZ),1,1,1
Norra/Teemo (BC/PZ),Anivia/Trundle (FR),1,1,1
Ekko/Viktor (PZ/SH),Norra/Teemo (BC/PZ),1,1,1
Norra/Teemo (BC/PZ),Braum/Yuumi (BC/FR),1,1,1
Norra/Teemo (BC/PZ),Championless (PZ/SI),1,1,1
Norra/Teemo (BC/PZ),Aatrox/Kayn (RU/RU),1,1,1
Karma/Sett (FR/IO),Championless (SH),1,1,1
Galio/Poppy (DE/NX),Karma/Sett (FR/IO),1,1,1
Akshan/Zoe (MT/SH),Elder Dragon/Norra (RU/BC),1,1,1
Elder Dragon/Norra (RU/BC),Braum/Soraka (FR/MT),1,1,1
Elder Dragon/Norra (RU/BC),Yasuo (IO/NX),1,1,1
Elder Dragon/Norra (RU/BC),Lillia/Taliyah (IO/SH),1,1,1
Elder Dragon/Norra (RU/BC),Karma/Seraphine (IO/PZ),1,1,1
The Poro King (MT/RU),Mordekaiser/Norra (BC/SI),1,1,1
Teemo/Zoe (MT/PZ),Evelynn/Kai'Sa (RU/SH),1,1,1
Gnar/Trundle (FR/PZ),Gwen/Kalista (NX/SI),1,1,1
Gnar/Trundle (FR/PZ),Nilah/Twisted Fate (BW/MT),1,1,1
Gnar/Trundle (FR/PZ),Seraphine (PZ),1,1,1
Elder Dragon/Garen (RU/DE),Gnar/Trundle (FR/PZ),1,1,1
Senna/Veigar (BC/SI),Gnar/Trundle (FR/PZ),1,1,1
Gnar/Trundle (FR/PZ),Maokai/Nautilus (BW/SI),1,1,1
Aatrox/Kayn (RU/RU),Gnar/Trundle (FR/PZ),1,1,1
Gnar/Trundle (FR/PZ),Elise (FR/SI),1,1,1
Swain/Yasuo (IO/NX),Azir/Irelia (IO/SH),1,1,1
Annie/Jhin (RU/NX),Aphelios/Zoe (IO/MT),1,1,1
Lissandra (FR/SH),Caitlyn/Teemo (BC/PZ),1,1,1
Illaoi/Soraka (BW/MT),Akshan/Karma (IO/SH),1,1,1
Akshan/Karma (IO/SH),Lucian/Quinn (DE),1,1,1
Elder Dragon/Elise (RU/SI),Akshan/Karma (IO/SH),1,1,1
Seraphine/Viktor (IO/PZ),Akshan/Karma (IO/SH),1,1,1
Malphite/Yasuo (IO/MT),Akshan/Karma (IO/SH),1,1,1
Akshan/Karma (IO/SH),Ahri/Bard (RU/IO),1,1,1
Ezreal/Seraphine/Viktor (PZ/SI),Akshan/Karma (IO/SH),1,1,1
Ekko/Jinx (PZ/SH),Akshan/Karma (IO/SH),1,1,1
Ekko/Janna (PZ/SH),Fiora/Pantheon (DE/MT),1,1,1
Ashe/Thresh (FR/SI),Illaoi/Viego (BW/SI),1,1,1
Ziggs (BC/SH),Pantheon/Taric (DE/MT),1,1,1
Elise/Nocturne (NX/SI),Sejuani/Teemo (FR/PZ),1,1,1
Lux: Illuminated/Shen (DE/IO),Caitlyn/Teemo (BC/PZ),1,1,1
Braum/Zoe (FR/MT),Ekko/Janna (PZ/SH),1,1,1
Evelynn/Fizz (BW/RU),Janna/Miss Fortune (BW/PZ),1,1,1
Evelynn/Fizz (BW/RU),Bard/Pantheon (RU/MT),1,1,1
Elder Dragon/Volibear (RU/FR),Evelynn (RU/MT),1,1,1
Samira (NX/PZ),Elder Dragon/Volibear (RU/FR),1,1,1
Karma/Sett (FR/IO),Annie/Taliyah (NX/SH),1,1,1
Braum/Zoe (FR/MT),Diana/Leona (MT/SH),1,1,1
Nasus/Thresh (SI/SH),Elise (FR/SI),1,1,1
Elder Dragon/Galio/Morgana (RU/DE),Elise (FR/SI),1,1,1
Evelynn/Lucian (DE/RU),Lux: Illuminated/Zed (DE/IO),1,1,1
Braum/Zed (FR/IO),Ekko/Janna (PZ/SH),1,1,1
Karma/Sett (FR/IO),Fiora (DE/FR),1,1,1
Sejuani/Swain (FR/NX),Elder Dragon/Garen (RU/DE),1,1,1
Senna/Veigar (BC/SI),Karma/Master Yi (FR/IO),1,1,1
Gnar/Lux: Illuminated (BC/DE),Janna/Jhin (RU/PZ),1,1,1
Janna/Miss Fortune (BW/PZ),Gnar/Lux: Illuminated (BC/DE),1,1,1
Lux: Illuminated/Pantheon/Zoe (DE/MT),Pantheon (DE/MT),1,1,1
Janna (PZ/SI),Fizz/Sejuani (BW/FR),1,1,1
Fizz/Sejuani (BW/FR),Yasuo (IO/NX),1,1,1
Seraphine/Viktor (IO/PZ),Azir/Xerath (SH),1,1,1
Championless (BW/DE),Azir/Xerath (SH),1,1,1
Azir/Xerath (SH),Braum/The Poro King (FR/RU),1,1,1
Azir/Xerath (SH),Katarina/Yasuo (IO/NX),1,1,1
Azir/Xerath (SH),LeBlanc/Sion (FR/NX),1,1,1
Karma/Master Yi (FR/IO),Azir/Xerath (SH),1,1,1
Championpile/Elder Dragon (RU/FR),Kai'Sa/The Poro King (RU/SH),1,1,1
Ahri/Zed (IO/NX),Lissandra (FR/SH),1,1,1
Lissandra (FR/SH),Fiora/Shen (DE/IO),1,1,1
Janna/Nilah (BW/PZ),Ashe/Lissandra (FR/SH),1,1,1
Darius/Gnar (FR/NX),Ahri/Kennen (BC/IO),1,1,1
Poppy/Ziggs (BC/NX),Thresh/Veigar (BC/SI),1,1,1
Katarina/Taliyah (NX/SH),Poppy/Ziggs (BC/NX),1,1,1
Poppy/Ziggs (BC/NX),Akshan/Master Yi (IO/SH),1,1,1
Poppy/Ziggs (BC/NX),Garen/Jarvan IV (DE/MT),1,1,1
Braum/Zoe (FR/MT),Ahri/Zoe (IO/MT),1,1,1
Ekko/Zilean (PZ/SH),Darius/Miss Fortune (BW/NX),1,1,1
Norra/Swain (BC/NX),Azir/Hecarim (SI/SH),1,1,1
Karma/Sett (FR/IO),Kindred/Nasus (SI/SH),1,1,1
Karma/Sett (FR/IO),Irelia (DE/IO),1,1,1
Aphelios/Zoe (MT/PZ),Ryze (IO/RU),1,1,1
Jinx/Lulu (BC/PZ),Kayle/Ornn/Pantheon (FR/MT),1,1,1
Draven/Seraphine (NX/PZ),Draven/Zoe (MT/NX),1,1,1
Jinx/Zed (IO/PZ),Evelynn/Viego (RU/SI),1,1,1
Elise (NX/SI),Nilah/Twisted Fate (BW/PZ),1,1,1
Annie/Jhin (RU/NX),Akshan/Samira (NX/SH),1,1,1
Ahri/Kennen (BC/IO),Norra (BC/PZ),1,1,1
Azir/Irelia (IO/SH),Ezreal/Twisted Fate (BW/PZ),1,1,1
Azir/Irelia (IO/SH),Ahri/Lux: Illuminated (DE/IO),1,1,1
Braum/Zoe (FR/MT),Gwen/Nidalee (SI/SH),1,1,1
Elder Dragon/Volibear (RU/FR),Ezreal/Jinx (DE/PZ),1,1,1
The Poro King (MT/RU),Bard/Zoe (RU/MT),1,1,1
Aurelion Sol/Shyvana (DE/MT),The Poro King (RU/SH),1,1,1
Poppy/Ziggs (BC/NX),Teemo (IO/PZ),1,1,1
Swain/Yasuo (IO/NX),Evelynn/Fizz (BW/RU),1,1,1
Draven/Rumble (BC/NX),Norra/Teemo (BC/SI),1,1,1
LeBlanc/Sivir (NX/SH),Braum (BC/FR),1,1,1
Braum (BC/FR),Kalista/Nocturne (NX/SI),1,1,1
Braum (BC/FR),Lillia/Sett/Sivir (IO/SH),1,1,1
Annie/Nilah (BW/NX),Zoe (MT/PZ),1,1,1
Maokai/Nautilus (BW/SI),Norra/Teemo (BC/SI),1,1,1
Norra/Teemo (BC/SI),Katarina (NX/SI),1,1,1
Ashe/Darius (FR/NX),Senna (PZ/SI),1,1,1
Bard/Gwen (RU/SI),Draven/Jinx (NX/PZ),1,1,1
Elise/Nocturne (NX/SI),Katarina/Swain (NX/PZ),1,1,1
Elise/Nocturne (NX/SI),Braum/The Poro King (FR/RU),1,1,1
Lee Sin/Viktor (IO/PZ),Evelynn/The Poro King (RU/RU),1,1,1
Elder Dragon (RU/FR),Elder Dragon/Viego (RU/SI),1,1,1
Akshan/Varus (SH/RU),Soraka/Vladimir (MT/NX),1,1,1
Shyvana (DE/MT),Akshan/Varus (SH/RU),1,1,1
Gnar/Neeko (FR/RU),Akshan/Varus (SH/RU),1,1,1
The Poro King (MT/RU),Zed (FR/IO),1,1,1
Zed (FR/IO),Nidalee (BC/SH),1,1,1
Zed (FR/IO),Evelynn/Fizz (BW/RU),1,1,1
Azir/Xerath (SH),Riven/Zed (IO/NX),1,1,1
Riven/Zed (IO/NX),Malphite/Taliyah (MT/SH),1,1,1
Elder Dragon/Neeko (RU/RU),Zoe (MT/PZ),1,1,1
Elder Dragon/Neeko (RU/RU),Elder Dragon/Volibear (RU/FR),1,1,1
Poppy/Ziggs (BC/NX),Karma/Yasuo/Zed (IO/SI),1,1,1
Ashe (FR/PZ),Miss Fortune/Quinn (BW/DE),1,1,1
Zoe (DE/MT),Katarina/Swain (NX/PZ),1,1,1
Katarina/Swain (NX/PZ),Evelynn/Fizz (BW/RU),1,1,1
Morgana/Udyr (DE/FR),Anivia (FR/SI),1,1,1
Jinx/Rumble (NX/PZ),Aphelios/Zoe (IO/MT),1,1,1
Lee Sin/Zoe (IO/MT),Aphelios/Zoe (IO/MT),1,1,1
Braum/Zoe (FR/MT),Janna/Seraphine (BW/PZ),1,1,1
Elder Dragon (RU/FR),Ezreal/Kennen (IO/PZ),1,1,1
Gangplank/Sejuani (BW/FR),Morgana/Vex (BC/MT),1,1,1
Gangplank/Sejuani (BW/FR),Aurelion Sol/Elder Dragon/Zoe (RU/MT),1,1,1
LeBlanc/Sivir (NX/SH),Teemo (BC/PZ),1,1,1
Championless (PZ/SH),Swain/Vladimir (BW/NX),1,1,1
Zoe (MT),Swain/Vladimir (BW/NX),1,1,1
Ekko/Zilean (PZ/SH),Azir/Elise (SI/SH),1,1,1
Azir/Elise (SI/SH),Caitlyn/Teemo (BC/PZ),1,1,1
Azir/Elise (SI/SH),Senna/Veigar (BC/SI),1,1,1
Karma/Sett (FR/IO),LeBlanc/Udyr (FR/NX),1,1,1
Akshan/Karma (IO/SH),Elder Dragon/Norra (RU/BC),1,1,1
Elder Dragon/Norra (RU/BC),Elise/Kalista (FR/SI),1,1,1
Championless (FR/SI),Elder Dragon/Norra (RU/BC),1,1,1
Elder Dragon/Norra (RU/BC),Neeko/Poppy (DE/RU),1,1,1
Elder Dragon/Norra (RU/BC),Maokai/Nautilus (BW/SI),1,1,1
Ryze (IO/RU),Gnar/Trundle (FR/PZ),1,1,1
Nasus (SI/SH),Gnar/Trundle (FR/PZ),1,1,1
Gnar/Trundle (FR/PZ),Mordekaiser/Norra (BC/SI),1,1,1
Elder Dragon (RU/FR),Gnar/Trundle (FR/PZ),1,1,1
Gnar/Trundle (FR/PZ),Jinx (NX/PZ),1,1,1
Aphelios/Fizz (BC/MT),LeBlanc/Sivir (NX/SH),1,1,1
Mordekaiser/Viego (FR/SI),LeBlanc/Sivir (NX/SH),1,1,1
Kayle (BW/MT),LeBlanc/Sivir (NX/SH),1,1,1
LeBlanc/Sivir (NX/SH),Yasuo (IO/NX),1,1,1
Janna/Nilah (BW/PZ),Jack/Sett (BW/IO),1,1,1
Karma/Sett (IO/PZ),Jinx/Rumble (NX/PZ),1,1,1
Annie/Jhin (RU/NX),Elder Dragon/Lissandra/Trundle (RU/FR),1,1,1
Fizz/Samira (BW/NX),Miss Fortune/Quinn (BW/DE),1,1,1
Akshan/Karma (IO/SH),Annie/Volibear (FR/NX),1,1,1
Mordekaiser/Viego (NX/SI),Akshan/Karma (IO/SH),1,1,1
Akshan/Karma (IO/SH),Quinn (DE),1,1,1
Ziggs (BC/SH),Championless (IO/SI),1,1,1
Braum/The Poro King (FR/RU),Ekko/Janna (BW/PZ),1,1,1
Evelynn/Lucian (DE/RU),Sejuani/Teemo (FR/PZ),1,1,1
Taliyah (BC/SH),Hecarim/Zed (IO/SI),1,1,1
Evelynn/Fizz (BW/RU),Norra/Zoe (BC/MT),1,1,1
Evelynn/Fizz (BW/RU),Caitlyn (BC/PZ),1,1,1
Evelynn/Fizz (BW/RU),Janna (PZ/SI),1,1,1
Evelynn/Fizz (BW/RU),Annie/Jhin (RU/NX),1,1,1
Elder Dragon/Volibear (RU/FR),LeBlanc/Udyr (FR/NX),1,1,1
Elder Dragon/Volibear (RU/FR),Shyvana (DE/IO),1,1,1
Elder Dragon/Volibear (RU/FR),Fizz (BW/FR),1,1,1
Braum/Darius (FR/NX),Braum/Zoe (FR/MT),1,1,1
Draven/Jinx (NX/PZ),Katarina/Swain (NX/PZ),1,1,1
Aurelion Sol/Karma/Zoe (IO/MT),Janna/Viktor (BW/PZ),1,1,1
Sejuani/Swain (FR/NX),Championless (PZ/SI),1,1,1
Swain/Teemo (BC/NX),Championless (PZ/SI),1,1,1
Elise/Nasus (SI/SH),Championless (PZ/SI),1,1,1
Norra/Teemo (BC/SI),Janna/Seraphine (BW/PZ),1,1,1
Gwen/Vayne (DE/SI),Norra/Teemo (BC/SI),1,1,1
Elder Dragon/Morgana/Shyvana (RU/DE),Norra/Teemo (BC/SI),1,1,1
Leona/Yasuo (IO/MT),Garen/Lux: Illuminated (DE/IO),1,1,1
Miss Fortune/Twisted Fate (BW/NX),Caitlyn/Teemo (BC/PZ),1,1,1
Poppy/Ziggs (BC/NX),Janna/Nilah (BW/PZ),1,1,1
Nilah/Twisted Fate (BW/PZ),Zoe (DE/MT),1,1,1
Zoe (DE/MT),The Poro King (MT/RU),1,1,1
Elder Dragon/Volibear (RU/FR),Ashe/Sejuani (BW/FR),1,1,1
Elise/Kalista (FR/SI),Azir/Irelia (IO/SH),1,1,1
Caitlyn/Teemo (BC/PZ),Aatrox/Vayne (RU/DE),1,1,1
Rumble/Vayne (DE/NX),Nocturne/Vex (BC/SI),1,1,1
Fiora (DE/SH),Janna/Seraphine (BW/PZ),1,1,1
Bard (RU/IO),Teemo/Viktor (FR/PZ),1,1,1
Aurelion Sol/Elder Dragon (RU/MT),Ekko/Jinx (PZ/SH),1,1,1
Aurelion Sol/Elder Dragon (RU/MT),Poppy/Ziggs (BC/NX),1,1,1
Aurelion Sol/Elder Dragon (RU/MT),Ezreal/Seraphine (IO/PZ),1,1,1
Lux: Illuminated/Zoe (DE/MT),Lissandra (FR/SH),1,1,1
Darius (FR/NX),Aurelion Sol (DE/MT),1,1,1
Poppy (BC/NX),Katarina/Yasuo (IO/NX),1,1,1
Poppy (BC/NX),Caitlyn/Teemo (BC/PZ),1,1,1
Poppy (BC/NX),Anivia (FR/SI),1,1,1
Poppy (BC/NX),Azir/Xerath (SH),1,1,1
Poppy (BC/NX),Evelynn/Kai'Sa (RU/SH),1,1,1
Aatrox/Kayn (RU/RU),Poppy (BC/NX),1,1,1
Poppy/Ziggs (BC/NX),Heimerdinger/Norra (BC/SI),1,1,1
Poppy/Ziggs (BC/NX),Malphite/Taliyah (MT/SH),1,1,1
Darius/Gwen (NX/SI),Ezreal/Seraphine (BC/PZ),1,1,1
Braum/Darius (FR/NX),Caitlyn/Teemo (BC/PZ),1,1,1
Braum/Darius (FR/NX),Annie/Jhin (RU/NX),1,1,1
Ashe (FR/PZ),Akshan/Samira (NX/SH),1,1,1
Draven/Seraphine (NX/PZ),Darius/Gnar (FR/NX),1,1,1
Ezreal/Seraphine (IO/PZ),Mordekaiser/Viego (IO/SI),1,1,1
Braum/Zoe (FR/MT),Lux: Illuminated/Pantheon (DE/MT),1,1,1
Braum/Zoe (FR/MT),Draven/Seraphine (NX/PZ),1,1,1
LeBlanc/Sivir (NX/SH),Katarina (FR/NX),1,1,1
Katarina (FR/NX),Irelia/Sivir (IO/SH),1,1,1
Katarina (FR/NX),Pyke/Rek'Sai (BW/SH),1,1,1
Katarina (FR/NX),Caitlyn/Teemo (BC/PZ),1,1,1
Miss Fortune/Vayne (BW/DE),Mordekaiser/Thresh (NX/SI),1,1,1
Miss Fortune/Vayne (BW/DE),Lucian/Zed (DE/IO),1,1,1
Lux: Illuminated/Vex (BC/DE),Miss Fortune/Vayne (BW/DE),1,1,1
Illaoi/Viego (BW/SI),Diana/Nocturne (MT/SI),1,1,1
Ezreal/Seraphine/Vi (BC/PZ),Annie/Gwen (NX/SI),1,1,1
LeBlanc/Sivir (NX/SH),Norra (BC/IO),1,1,1
Darius (FR/NX),Pyke/Rek'Sai (BW/SH),1,1,1
Bard/Zoe (RU/MT),Lux: Illuminated/Zoe (DE/MT),1,1,1
Ashe (FR/PZ),Darius/Gnar (FR/NX),1,1,1
Gwen/Irelia (IO/SI),Akshan/Pantheon (MT/SH),1,1,1
Gwen/Irelia (IO/SI),Ashe (FR/PZ),1,1,1
Norra (BC/IO),Annie/Jhin (RU/NX),1,1,1
Taliyah/Zilean (IO/SH),Samira/Twisted Fate (BW/NX),1,1,1
Braum/Tryndamere (FR),Senna (PZ/SI),1,1,1
Senna (PZ/SI),Kayn/Viego (RU/SI),1,1,1
Azir/Xerath (SH),Fiora (DE/SH),1,1,1
Viego/Yuumi (MT/SI),Aatrox/Varus (RU/RU),1,1,1
Yasuo/Zoe (IO/MT),Swain (BW/NX),1,1,1
Elder Dragon/Viego (RU/SI),Braum/Yuumi (FR/MT),1,1,1
Janna (PZ/SI),Akshan/Pantheon (MT/SH),1,1,1
Draven/Katarina (NX/SI),Katarina/Taliyah (NX/SH),1,1,1
Draven/Katarina (NX/SI),Elise/Jayce (PZ/SI),1,1,1
The Poro King (FR/RU),Azir/Lucian (DE/SH),1,1,1
Azir/Irelia (IO/SH),Hecarim/Lucian (DE/SI),1,1,1
Aurelion Sol/Shyvana (DE/MT),Nami/Zoe (BW/MT),1,1,1
Nami/Zoe (BW/MT),Gwen/Vayne (DE/SI),1,1,1
Aatrox/Kayn (RU/RU),Kayle/The Poro King (MT/RU),1,1,1
Aatrox/Kayn (RU/RU),Garen/Jarvan IV (DE),1,1,1
Illaoi (BW/IO),Poppy/Ziggs (BC/NX),1,1,1
Norra/Zoe (BC/MT),Katarina/Swain (NX/PZ),1,1,1
Katarina/Swain (NX/PZ),Gnar (BC/PZ),1,1,1
Katarina/Swain (NX/PZ),Ezreal/Nilah (BW/PZ),1,1,1
Katarina/Swain (NX/PZ),Pyke/Rek'Sai (BW/SH),1,1,1
Janna/Norra (BC/PZ),Katarina/Swain (NX/PZ),1,1,1
Hecarim/Zed (IO/SI),Katarina/Swain (NX/PZ),1,1,1
Ahri (IO/NX),Katarina/Swain (NX/PZ),1,1,1
Morgana/Udyr (DE/FR),Fiora/Shen (DE/IO),1,1,1
Aurelion Sol/Shyvana/Zoe (DE/MT),Annie/Gnar (BC/NX),1,1,1
Annie/Gwen (NX/SI),Karma/Sett (FR/IO),1,1,1
Akshan/Taliyah (BC/SH),Kalista/Kennen (BC/SI),1,1,1
Evelynn/Lucian (DE/RU),Norra/Swain (BC/NX),1,1,1
Ezreal/Twisted Fate (BW/PZ),Ahri (IO/NX),1,1,1
Braum/Lillia (FR/IO),Poppy (BC/NX),1,1,1
Braum/Lillia (FR/IO),Annie/Swain (BW/NX),1,1,1
Malphite/Taliyah (MT/SH),Braum/Lillia (FR/IO),1,1,1
Braum/Lillia (FR/IO),Bard/Mordekaiser (RU/SI),1,1,1
Gangplank/Sejuani (BW/FR),Kindred/Yasuo (IO/SI),1,1,1
Gangplank/Sejuani (BW/FR),Morgana/Swain (MT/NX),1,1,1
Fizz/Twisted Fate (BW/FR),Jack/Sett (BW/IO),1,1,1
Karma/Sett (IO/PZ),LeBlanc/Mordekaiser (NX/SI),1,1,1
Aatrox/Kayn (RU/RU),Draven/Sion (NX/PZ),1,1,1
Annie/Ornn (FR/NX),Aurelion Sol/Elder Dragon (RU/MT),1,1,1
Kindred (FR/SI),Aurelion Sol/Elder Dragon (RU/MT),1,1,1
Aurelion Sol/Elder Dragon (RU/MT),Braum/Swain (FR/NX),1,1,1
Aurelion Sol/Elder Dragon/Zoe (RU/MT),Azir/Irelia (IO/SH),1,1,1
Annie/Jhin (RU/NX),Azir/Elise (SI/SH),1,1,1
Azir/Elise (SI/SH),Poppy (BC/NX),1,1,1
Norra (BC/SI),Gnar/Trundle (FR/PZ),1,1,1
Gnar/Trundle (FR/PZ),Draven/Jinx (NX/PZ),1,1,1
LeBlanc/Sivir (NX/SH),Fizz/Nautilus/Twisted Fate (BW),1,1,1
Mordekaiser/Viego (SI/SH),Karma/Sett (IO/PZ),1,1,1
Karma/Sett (IO/PZ),Gwen/Hecarim (IO/SI),1,1,1
Diana/Nocturne (MT/SI),Hecarim/Zed (IO/SI),1,1,1
Championless (IO/NX),Annie/Jhin (RU/NX),1,1,1
Annie/Jhin (RU/NX),Bard/Norra/Yuumi (BC/RU),1,1,1
Illaoi/Swain (BW/NX),Annie/Jhin (RU/NX),1,1,1
Caitlyn (BC/PZ),Lulu/Shen (BC/IO),1,1,1
Lulu/Shen (BC/IO),Pyke/Rek'Sai (BW/SH),1,1,1
Annie/Jhin (RU/NX),Lulu/Shen (BC/IO),1,1,1
Norra/Zoe (BC/MT),Miss Fortune/Pyke (BW/SH),1,1,1
Draven/Seraphine (NX/PZ),Garen/Udyr (DE/FR),1,1,1
Aurelion Sol/Elder Dragon (RU/MT),Akshan/Karma (IO/SH),1,1,1
Hecarim/Zed (IO/SI),Aurelion Sol/Tryndamere (FR/MT),1,1,1
Hecarim/Zed (IO/SI),Lissandra/Mordekaiser (FR/SI),1,1,1
Katarina/Taliyah (NX/SH),Hecarim/Zed (IO/SI),1,1,1
Evelynn/Fizz (BW/RU),Ahri (IO/NX),1,1,1
Ashe (FR/PZ),Evelynn/Fizz (BW/RU),1,1,1
Pyke/Rek'Sai (BW/SH),Darius/Gwen/Hecarim (NX/SI),1,1,1
Morgana/Swain (MT/NX),Azir/Irelia (IO/SH),1,1,1
Bard/Caitlyn (RU/PZ),Ashe (FR/PZ),1,1,1
Garen/Neeko (DE/RU),Ashe (FR/PZ),1,1,1
Elder Dragon/Volibear (RU/FR),Galio/Udyr (DE/FR),1,1,1
Fizz/Janna (BC/PZ),Elder Dragon/Volibear (RU/FR),1,1,1
Elder Dragon/Volibear (RU/FR),Championless (BW/SI),1,1,1
Elder Dragon/Volibear (RU/FR),Udyr/Zed (FR/IO),1,1,1
Elder Dragon/Volibear (RU/FR),Anivia/Elder Dragon/Sejuani (RU/FR),1,1,1
Caitlyn/Teemo (FR/PZ),Braum/Evelynn (RU/FR),1,1,1
Darius/Gwen (NX/SI),Caitlyn/Teemo (FR/PZ),1,1,1
Darius (FR/NX),Annie/Jhin (RU/NX),1,1,1
Gangplank/Sejuani (BW/FR),Teemo (IO/PZ),1,1,1
Ekko/Zilean (PZ/SH),Kayle (BW/MT),1,1,1
Katarina/Swain (NX/PZ),Braum/Zoe (FR/MT),1,1,1
Darius/Gwen (NX/SI),Ekko/Janna (FR/PZ),1,1,1
Akshan/Pantheon (MT/SH),Lux: Illuminated/Zoe (DE/MT),1,1,1
Lux: Illuminated/Zoe (DE/MT),Annie/Jhin (RU/NX),1,1,1
Nilah/Twisted Fate (BW/PZ),Braum/Lux: Illuminated (DE/FR),1,1,1
Braum/Lux: Illuminated (DE/FR),Caitlyn/Teemo (BC/PZ),1,1,1
Kennen/Samira (IO/NX),Trundle/Volibear (DE/FR),1,1,1
Trundle/Volibear (DE/FR),Lux/Morgana (DE/FR),1,1,1
Norra/Poppy (BC/NX),Karma/Lee Sin (IO/PZ),1,1,1
Anivia/Volibear (BW/FR),Bard (RU/IO),1,1,1
Bard (RU/IO),Rumble/Sion (BC/NX),1,1,1
Championpile/Elder Dragon (RU/DE),Bard (RU/IO),1,1,1
Yasuo (IO/NX),Bard (RU/IO),1,1,1
Aphelios/Gnar (FR/MT),Norra (BC/IO),1,1,1
Norra (BC/FR),The Poro King (MT/RU),1,1,1
Pyke/Rek'Sai (BW/SH),Garen/Neeko (DE/RU),1,1,1
Ezreal/Nilah (BW/PZ),Garen/Neeko (DE/RU),1,1,1
Norra (BC/FR),Ezreal/Nilah (BW/PZ),1,1,1
Nami/Zoe (BW/MT),Ezreal/Nilah (BW/PZ),1,1,1
Heimerdinger/Viktor (IO/PZ),Championless (BC/DE),1,1,1
Heimerdinger/Viktor (IO/PZ),Poppy (BC/NX),1,1,1
Katarina/Taliyah (NX/SH),Aurelion Sol/Elder Dragon (RU/MT),1,1,1
Aurelion Sol/Elder Dragon (RU/MT),Fizz (BW/SH),1,1,1
Master Yi/Seraphine (IO/PZ),Braum/Zoe (FR/MT),1,1,1
Lissandra (FR/SH),Caitlyn (BC/PZ),1,1,1
Lulu/Zed (DE/IO),Lissandra (FR/SH),1,1,1
Hecarim/Zed (IO/SI),Kalista (BC/SI),1,1,1
Poppy (BC/NX),Kai'Sa/Viktor (PZ/SH),1,1,1
Poppy (BC/NX),Braum/Norra (BC/FR),1,1,1
Poppy (BC/NX),Elder Dragon/Galio/Morgana (RU/DE),1,1,1
Janna (PZ/SI),Poppy (BC/NX),1,1,1
Poppy (BC/NX),Norra (BC/SI),1,1,1
Evelynn/Udyr (RU/FR),Irelia/Sivir (IO/SH),1,1,1
Hecarim/Zed (IO/SI),LeBlanc/Sivir (NX/SH),1,1,1
Elder Dragon/Norra (RU/BC),Draven/Gwen (NX/SI),1,1,1
Nilah/Twisted Fate (BW/PZ),Jarvan IV/Udyr (DE/FR),1,1,1
Lulu/Zed (DE/IO),Draven/Jinx (NX/PZ),1,1,1
Akshan/Aphelios (MT/SH),Draven/Jinx (NX/PZ),1,1,1
Caitlyn/Teemo (FR/PZ),Draven/Seraphine (NX/PZ),1,1,1
Janna (PZ/SH),Aphelios/Gnar (FR/MT),1,1,1
Mordekaiser/Viego (IO/SI),Ziggs/Zilean (BC/SH),1,1,1
Braum/Zoe (FR/MT),Ekko/Janna (FR/PZ),1,1,1
Elder Dragon/Elise (RU/SI),Garen/Heimerdinger/Jayce (DE/PZ),1,1,1
Quinn (DE/MT),Trundle/Volibear (DE/FR),1,1,1
Jax/Ornn (FR/RU),Kalista/Nasus (SI/SH),1,1,1
Jax/Ornn (FR/RU),Ezreal/Karma (IO/PZ),1,1,1
Jax/Ornn (FR/RU),Aatrox/Kayn (RU/RU),1,1,1
Pyke/Rek'Sai (BW/SH),Jax/Ornn (FR/RU),1,1,1
Jax/Ornn (FR/RU),Azir/Nasus/Xerath (SH),1,1,1
Jack/Samira (BW/NX),Norra/Teemo (BC/PZ),1,1,1
Teemo/Vex (PZ/SI),Elder Dragon/Shyvana (RU/DE),1,1,1
Fiora/Shen (DE/IO),Elder Dragon/Shyvana (RU/DE),1,1,1
Elder Dragon/Shyvana (RU/DE),Norra/Poppy (BC/NX),1,1,1
Akshan/Pantheon (MT/SH),Lissandra/Teemo (FR/PZ),1,1,1
Championless (SI),Akshan/Udyr (FR/SH),1,1,1
LeBlanc/Sivir (NX/SH),Akshan/Aphelios (MT/SH),1,1,1
Gnar/Nidalee (BC/SH),Annie/Jhin (RU/NX),1,1,1
Annie/Jhin (RU/NX),The Poro King (FR/RU),1,1,1
Bard/Zoe (RU/MT),Evelynn/Fizz (BW/RU),1,1,1
Taliyah/Zilean (IO/SH),Gwen/Zed (IO/SI),1,1,1
Gnar/Nidalee (BC/SH),Taliyah/Zilean (IO/SH),1,1,1
Caitlyn/Teemo (BC/PZ),Katarina/Samira (FR/NX),1,1,1
Draven/Jinx (NX/PZ),Renekton (BW/SH),1,1,1
Jack/Sett (BW/IO),Elder Dragon/Viego (RU/SI),1,1,1
Elder Dragon/Viego (RU/SI),Braum/Udyr/Vladimir (FR/NX),1,1,1
Braum/The Poro King (FR/RU),Irelia/Miss Fortune (BW/IO),1,1,1
Gwen/Vayne (DE/SI),The Poro King (FR/RU),1,1,1
Yasuo (IO/NX),The Poro King (FR/RU),1,1,1
Caitlyn/Ekko (PZ/SH),The Poro King (FR/RU),1,1,1
Jack/Sett (BW/IO),The Poro King (FR/RU),1,1,1
The Poro King (FR/RU),Leona/Yasuo (IO/MT),1,1,1
Sejuani/Teemo (FR/PZ),The Poro King (FR/RU),1,1,1
Azir/Irelia (IO/SH),Pantheon/Riven (MT/NX),1,1,1
Azir/Irelia (IO/SH),Leona/Yasuo (IO/MT),1,1,1
Annie/Jhin (RU/NX),Diana/Nocturne (MT/SI),1,1,1
Akshan/Aphelios (MT/SH),Pyke/Rek'Sai (BW/SH),1,1,1
Katarina/Swain (NX/PZ),Gwen (SI/SH),1,1,1
Karma/Sett (FR/IO),Rumble/Sion (BC/NX),1,1,1
Braum/Lillia (FR/IO),Akshan/Kai'Sa (IO/SH),1,1,1
Aphelios/Zoe (IO/MT),Lissandra (FR/SH),1,1,1
Aphelios/Zoe (IO/MT),Gnar/Lux: Illuminated (BC/DE),1,1,1
Braum/Zoe (FR/MT),Aurelion Sol/Taric (FR/MT),1,1,1
Elder Dragon/Trundle (RU/FR),Braum/Zoe (FR/MT),1,1,1
Taliyah/Zilean (IO/SH),Braum/Zoe (FR/MT),1,1,1
Aphelios/Zoe (MT),Braum/Lillia (FR/IO),1,1,1
Evelynn/Fizz (BW/RU),Gwen/Irelia (IO/SI),1,1,1
Hecarim/Zed (IO/SI),Gwen/Irelia (IO/SI),1,1,1
Aphelios/Norra (BC/MT),Lulu/Zed (DE/IO),1,1,1
Lulu/Zed (DE/IO),Janna/Nilah (BW/PZ),1,1,1
Jack/Sett (BW/IO),Hecarim/Zed (IO/SI),1,1,1
Ahri (IO/SI),Jack/Sett (BW/IO),1,1,1
Ziggs/Zilean (BC/SH),Jack/Sett (BW/IO),1,1,1
Kayle/Teemo (BC/MT),Jack/Sett (BW/IO),1,1,1
Jack/Sett (BW/IO),Norra (BC),1,1,1
Jack/Sett (BW/IO),Ahri/Kennen (IO),1,1,1
Jack/Sett (BW/IO),Karma/Lux (DE/IO),1,1,1
Elder Dragon/Elise (RU/SI),Braum/Lillia (FR/IO),1,1,1
Annie/Jhin (RU/NX),Elder Dragon/Tryndamere/Volibear (RU/FR),1,1,1
Master Yi/Taric (IO/MT),Elder Dragon/Tryndamere/Volibear (RU/FR),1,1,1
Yuumi/Zoe (FR/MT),Elder Dragon/Tryndamere/Volibear (RU/FR),1,1,1
Elder Dragon/Trundle (RU/FR),Aurelion Sol/Elder Dragon (RU/MT),1,1,1
Karma/Sett (IO/MT),Elder Dragon/Elise (RU/SI),1,1,1
Draven/Jinx (NX/PZ),Braum/Zed (FR/IO),1,1,1
Pyke/Rek'Sai (BW/SH),Akshan/Renekton (SH),1,1,1
Nidalee (BC/SH),Aphelios/Seraphine (MT/PZ),1,1,1
Norra (BC/FR),Illaoi/Soraka (BW/MT),1,1,1
Evelynn/Fizz (BW/RU),Evelynn/Lucian (DE/RU),1,1,1
Ryze (IO/RU),Akshan/Sivir (FR/SH),1,1,1
Ryze (IO/RU),Akshan/Master Yi (IO/SH),1,1,1
Ryze (IO/RU),Irelia (IO/MT),1,1,1
Ryze (IO/RU),Championless (NX/PZ),1,1,1
Gnar/Trundle (FR/PZ),Garen/Udyr (DE/FR),1,1,1
Gnar/Trundle (FR/PZ),Championless (SI),1,1,1
Mordekaiser/Viego (MT/SI),Gnar/Trundle (FR/PZ),1,1,1
Norra (BC/SI),Annie/Jhin (RU/NX),1,1,1
Pantheon/Taric (DE/MT),Samira (BW/NX),1,1,1
Samira (BW/NX),Norra/Viego (BC/SI),1,1,1
Samira (BW/NX),Kennen/Yasuo/Zed (BC/IO),1,1,1
Nilah/Twisted Fate (BW/PZ),Samira (BW/NX),1,1,1
Taliyah/Zilean (IO/SH),Kalista/Katarina (NX/SI),1,1,1
Rumble/Vayne (DE/NX),Aphelios/Zoe (MT),1,1,1
Akshan/Udyr (FR/SH),Aphelios/Zoe (MT),1,1,1
Fizz/Janna (BC/PZ),Hecarim/Zed (IO/SI),1,1,1
Caitlyn/Trundle (FR/PZ),Aurelion Sol/Norra (BC/MT),1,1,1
Katarina/Taliyah (NX/SH),Caitlyn/Trundle (FR/PZ),1,1,1
Caitlyn/Trundle (FR/PZ),Kalista/Zed (IO/SI),1,1,1
Braum/Zoe (FR/MT),Braum/Janna/Seraphine (FR/PZ),1,1,1
Nilah/Twisted Fate (BW/PZ),Fiora (DE/SH),1,1,1
Nilah/Twisted Fate (BW/PZ),Annie (NX/PZ),1,1,1
Nilah/Twisted Fate (BW/PZ),Pyke (BW/DE),1,1,1
Anivia (FR/SI),Kindred/Nasus (SI/SH),1,1,1
Anivia (FR/SI),Yuumi/Zoe (FR/MT),1,1,1
Anivia (FR/SI),Ezreal/Seraphine (NX/PZ),1,1,1
Anivia (FR/SI),Yasuo (IO/NX),1,1,1
Lissandra (FR/SH),Braum/Zed (FR/IO),1,1,1
Braum/Zed (FR/IO),Braum/Irelia/Udyr (FR/IO),1,1,1
Kennen (BC/IO),Ekko/Janna (FR/PZ),1,1,1
Yuumi/Zoe (FR/MT),Championless (IO/NX),1,1,1
Yuumi/Zoe (FR/MT),Akshan/Udyr (FR/SH),1,1,1
Yuumi/Zoe (FR/MT),The Poro King (NX/RU),1,1,1
Yuumi/Zoe (FR/MT),Hecarim/Zed (IO/SI),1,1,1
Yuumi/Zoe (FR/MT),Kayle/Teemo (BC/MT),1,1,1
Yuumi/Zoe (FR/MT),Annie/Gwen (NX/SI),1,1,1
Norra/Teemo (BC/PZ),Senna/Veigar (BC/SI),1,1,1
Elder Dragon (RU/FR),Championless (IO/NX),1,1,1
Championless (IO/NX),Azir/Xerath (SH),1,1,1
Aphelios/Gnar (FR/MT),Norra/Zoe (BC/MT),1,1,1
Aphelios/Gnar (FR/MT),Janna (PZ/SI),1,1,1
Elise (NX/SI),Diana/Nocturne (MT/SI),1,1,1
Lissandra (FR/SH),Gnar/Lux: Illuminated (BC/DE),1,1,1
Braum/Zoe (FR/MT),Norra (BC/FR),1,1,1
Norra (BC/FR),Caitlyn/Teemo (BC/PZ),1,1,1
Annie/Jhin (RU/NX),Aphelios/Seraphine (MT/PZ),1,1,1
Lissandra (FR/SH),Ezreal/Nilah (BW/PZ),1,1,1
Ezreal/Nilah (BW/PZ),Katarina/Samira (FR/NX),1,1,1
Pyke/Rek'Sai (BW/SH),Xerath (SH),1,1,1
Zoe (MT),Garen/Morgana (BC/DE),1,1,1
Caitlyn/Teemo (BC/PZ),Zoe (MT),1,1,1
Braum/Evelynn (RU/FR),Katarina/Swain (NX/PZ),1,1,1
Draven/Seraphine (NX/PZ),Lulu/Zed (DE/IO),1,1,1
Annie/Jhin (RU/NX),Lulu/Zed (DE/IO),1,1,1
Aphelios/Zoe (FR/MT),Lulu/Zed (DE/IO),1,1,1
Championless (SI),Lulu/Zed (DE/IO),1,1,1
Nasus/Thresh (SI/SH),Poppy (BC/NX),1,1,1
Poppy (BC/NX),Anivia/Mordekaiser (FR/SI),1,1,1
Poppy (BC/NX),Elise/Kalista (FR/SI),1,1,1
Nilah/Twisted Fate (BW/PZ),Janna (PZ/SI),1,1,1
Championless (SI),Udyr (DE/FR),1,1,1
Aphelios/Norra (BC/MT),The Poro King (MT/RU),1,1,1
Garen/Udyr (DE/FR),Elise (NX/SI),1,1,1
Norra/Swain (BC/NX),Taliyah/Zilean (IO/SH),1,1,1
Karma/Sett (FR/IO),Karma (IO),1,1,1
Karma/Sett (FR/IO),Gnar/Kayle (FR/MT),1,1,1
Elise/Nocturne (FR/SI),Draven/Seraphine (NX/PZ),1,1,1
Kindred/Nasus (SI/SH),Janna/Nilah (BW/PZ),1,1,1
Kindred/Nasus (SI/SH),Nasus/Thresh (SI/SH),1,1,1
Kindred/Nasus (SI/SH),Darius (FR/NX),1,1,1
Kindred/Nasus (SI/SH),Janna/Karma/Sett (IO/PZ),1,1,1
The Poro King (MT/RU),Fiora (DE/FR),1,1,1
Elder Dragon/Elise (RU/SI),Draven/Jinx (NX/PZ),1,1,1
Karma/Sett (FR/IO),Mordekaiser/Viego (IO/SI),1,1,1
Elise/Nocturne (FR/SI),Gwen/Irelia (IO/SI),1,1,1
Elise/Nocturne (FR/SI),Fiora/Pantheon (DE/MT),1,1,1
Kai'Sa/Viktor (PZ/SH),Quinn (DE/MT),1,1,1
Janna/Viktor (PZ/SI),Quinn/Yuumi (DE/MT),1,1,1
Quinn/Yuumi (DE/MT),Elise/Nocturne (NX/SI),1,1,1
Pyke/Rek'Sai (BW/SH),Quinn/Yuumi (DE/MT),1,1,1
Elder Dragon (RU/FR),Quinn/Yuumi (DE/MT),1,1,1
Azir/Irelia (IO/SH),Quinn/Yuumi (DE/MT),1,1,1
Maokai/Nautilus (BW/SI),Quinn (DE/MT),1,1,1
Quinn (DE/MT),Championless (SI),1,1,1
Quinn (DE/MT),Zilean (BC/SH),1,1,1
Azir/Irelia (IO/SH),Darius/Garen (DE/NX),1,1,1
Kindred/Viego (SI/SH),Lux: Illuminated/Vex (BC/DE),1,1,1
Akshan/Sivir (FR/SH),Ezreal/Nilah (BW/PZ),1,1,1
Gnar/Nidalee (BC/SH),Lux: Illuminated/Pantheon (DE/MT),1,1,1
Gnar/Nidalee (BC/SH),Akshan/Pantheon (MT/SH),1,1,1
Gnar/Nidalee (BC/SH),Zoe (DE/MT),1,1,1
Gnar/Nidalee (BC/SH),Aphelios/Seraphine (MT/PZ),1,1,1
Evelynn/Fizz (BW/RU),Ezreal/Nilah (BW/PZ),1,1,1
Garen/Udyr (DE/FR),Fizz/Samira (BW/NX),1,1,1
Bard/Gnar (RU/FR),Garen/Udyr (DE/FR),1,1,1
Elder Dragon/Seraphine/Viktor (RU/PZ),Norra/Teemo (BC/PZ),1,1,1
Championpile/Elder Dragon (RU/FR),Norra/Teemo (BC/PZ),1,1,1
Nasus/Thresh (SI/SH),Norra/Teemo (BC/PZ),1,1,1
Norra/Teemo (BC/PZ),Norra (BC/PZ),1,1,1
Ashe (FR/PZ),Yasuo/Zed (IO/NX),1,1,1
Bard/Gnar (RU/FR),Nilah/Twisted Fate (BW/PZ),1,1,1
Ashe (FR/PZ),Bard/Gnar (RU/FR),1,1,1
Bard/Gnar (RU/FR),Pyke/Rek'Sai (BW/SH),1,1,1
The Poro King (BW/RU),Bard/Illaoi (RU/BW),1,1,1
Master Yi/Mordekaiser (IO/SI),Aurelion Sol/Yuumi (DE/MT),1,1,1
Irelia/Miss Fortune (BW/IO),Elder Dragon (RU/FR),1,1,1
Taliyah/Zilean (IO/SH),Braum/Volibear (DE/FR),1,1,1
Nilah/Twisted Fate (BW/PZ),Aphelios/Zoe (IO/MT),1,1,1
Kennen/Samira (IO/NX),Braum/Zoe (FR/MT),1,1,1
Braum/Zoe (FR/MT),Lissandra/Volibear (BW/FR),1,1,1
Gwen/LeBlanc (NX/SI),Elder Dragon/Volibear (RU/FR),1,1,1
Elder Dragon/Volibear (RU/FR),Lissandra (FR/MT),1,1,1
Elder Dragon/Volibear (RU/FR),Gwen/Vayne (DE/SI),1,1,1
Elder Dragon/Volibear (RU/FR),Aphelios/Fizz (BC/MT),1,1,1
Elder Dragon/Volibear (RU/FR),Ashe (DE/FR),1,1,1
Championless (PZ/SI),Quinn (DE/FR),1,1,1
Quinn (DE/FR),Caitlyn/Teemo (BC/PZ),1,1,1
Quinn (DE/FR),Lissandra/Trundle (FR/SI),1,1,1
Galio/Garen (DE/IO),Caitlyn/Teemo (BC/PZ),1,1,1
Aphelios/Norra (BC/MT),Draven/Jinx (NX/PZ),1,1,1
Draven/Jinx (NX/PZ),Darius/Yasuo (IO/NX),1,1,1
Caitlyn/Teemo (BC/PZ),Teemo (BC/PZ),1,1,1
Akshan/Master Yi (IO/SH),Jack/Sett (BW/IO),1,1,1
Illaoi/Mordekaiser (BW/SI),Braum/Lillia (FR/IO),1,1,1
Lux: Illuminated/Vex (BC/DE),Lee Sin/Viktor (IO/PZ),1,1,1
Evelynn/Vi (RU/PZ),Azir/Irelia (IO/SH),1,1,1
Aphelios/Gnar (FR/MT),Nidalee (BC/SH),1,1,1
Kindred (DE/SI),Pyke/Rek'Sai (BW/SH),1,1,1
Pyke/Rek'Sai (BW/SH),Karma (IO/PZ),1,1,1
Rumble/Vayne (DE/NX),Diana/Leona (MT/SI),1,1,1
Lux/Zed (DE/IO),Annie/Jhin (RU/NX),1,1,1
Annie/Jhin (RU/NX),Caitlyn/Trundle (FR/PZ),1,1,1
Fiora/Zoe (DE/MT),Pyke/Rek'Sai (BW/SH),1,1,1
Fiora/Pantheon (DE/MT),Fizz/Samira (BW/NX),1,1,1
Taliyah/Zilean (IO/SH),Lissandra/Taliyah (FR/SH),1,1,1
The Poro King (NX/RU),Taliyah/Zilean (IO/SH),1,1,1
Bard (RU/NX),Soraka/Tahm Kench (BW/MT),1,1,1
Elder Dragon/Volibear (RU/FR),Master Yi/Ryze (IO/RU),1,1,1
Caitlyn/Trundle (FR/PZ),Nasus/Thresh (SI/SH),1,1,1
Braum/Galio/Poppy (DE/FR),Caitlyn/Trundle (FR/PZ),1,1,1
Fiora (DE/SH),Ashe (FR/PZ),1,1,1
Karma/Seraphine (IO/PZ),Braum/Lillia (FR/IO),1,1,1
Karma/Seraphine (IO/PZ),Gwen/Mordekaiser (NX/SI),1,1,1
Karma/Seraphine (IO/PZ),Kindred (FR/SI),1,1,1
Nilah/Twisted Fate (BW/PZ),Anivia/Elder Dragon/Sejuani (RU/FR),1,1,1
Anivia (FR/SI),Sejuani/Vladimir (FR/NX),1,1,1
Anivia (FR/SI),Viktor (BC/PZ),1,1,1
Anivia (FR/SI),Elder Dragon/Shyvana (RU/DE),1,1,1
Fiora (DE/FR),Anivia (FR/SI),1,1,1
Anivia (FR/SI),Evelynn/Kai'Sa (RU/SH),1,1,1
Lux: Illuminated/Pantheon (DE/MT),Caitlyn/Teemo (BC/PZ),1,1,1
Nilah/Twisted Fate (BW/PZ),Braum/Zed (FR/IO),1,1,1
Yuumi/Zoe (FR/MT),Karma/Sett (FR/IO),1,1,1
Elder Dragon/Yasuo (RU/IO),Yuumi/Zoe (FR/MT),1,1,1
Elder Dragon/Lissandra/Trundle (RU/FR),Yuumi/Zoe (FR/MT),1,1,1
Yuumi/Zoe (FR/MT),Veigar (BC/SI),1,1,1
Yuumi/Zoe (FR/MT),Janna/Mordekaiser (PZ/SI),1,1,1
Yuumi/Zoe (FR/MT),Aurelion Sol/Zoe (MT/PZ),1,1,1
Draven/Seraphine (NX/PZ),Lissandra (FR/SH),1,1,1
Veigar (BC/SI),Rumble/Vayne (DE/NX),1,1,1
Aphelios/Seraphine (MT/PZ),Fizz/Samira (BW/NX),1,1,1
Ezreal (BC/PZ),Fizz/Samira (BW/NX),1,1,1
Braum/Darius (FR/NX),Fiora (DE/SH),1,1,1
Norra/Zoe (BC/MT),Elise (NX/SI),1,1,1
Kindred/Nasus (SI/SH),Aurelion Sol (DE/MT),1,1,1
Teemo (BC/PZ),Aurelion Sol (DE/MT),1,1,1
Veigar (BC/SI),Aurelion Sol (DE/MT),1,1,1
Morgana/Swain (MT/NX),Elder Dragon/Lissandra (RU/FR),1,1,1
Evelynn/Vi (RU/PZ),Karma/Seraphine (IO/PZ),1,1,1
Fizz (BW/SH),Karma/Seraphine (IO/PZ),1,1,1
Aurelion Sol/Shyvana (DE/MT),Elder Dragon/Mordekaiser/Viego (RU/SI),1,1,1
Draven/Seraphine (NX/PZ),Annie/Elise (NX/SI),1,1,1
Anivia/Quinn (DE/FR),Fiora (DE/SH),1,1,1
Anivia/Quinn (DE/FR),Evelynn/Kai'Sa (RU/SH),1,1,1
Teemo (NX/PZ),Anivia/Quinn (DE/FR),1,1,1
Anivia/Quinn (DE/FR),Aurelion Sol/Zoe (FR/MT),1,1,1
Swain/Yasuo (IO/NX),Anivia/Quinn (DE/FR),1,1,1
Anivia/Quinn (DE/FR),Gangplank (BW/NX),1,1,1
Anivia/Quinn (DE/FR),Karma/Sett (FR/IO),1,1,1
Azir/Irelia (IO/SH),Anivia/Quinn (DE/FR),1,1,1
Anivia/Quinn (DE/FR),Pyke/Rek'Sai (BW/SH),1,1,1
Anivia/Quinn (DE/FR),Evelynn/Viego (RU/SI),1,1,1
Garen/Udyr (DE/FR),Quinn/Yuumi (DE/MT),1,1,1
Yasuo/Zed (IO/NX),Quinn/Yuumi (DE/MT),1,1,1
Quinn/Yuumi (DE/MT),Elder Dragon/Mordekaiser/Viego (RU/SI),1,1,1
Maokai (BW/SI),Master Yi (IO/PZ),1,1,1
Maokai (BW/SI),Karma/Seraphine/Viktor (IO/PZ),1,1,1
Annie/Elise (NX/SI),Caitlyn/Swain (NX/PZ),1,1,1
Sejuani/Teemo (FR/PZ),Swain (BW/NX),1,1,1
Bard/Mordekaiser (RU/SI),Azir/Xerath (SH),1,1,1
Ashe (FR/PZ),Nami/Nilah (BW/SI),1,1,1
Aphelios/Seraphine (MT/PZ),The Poro King (RU/SH),1,1,1
The Poro King (RU/SH),The Poro King (FR/RU),1,1,1
Azir/Irelia (IO/SH),Kindred/Mordekaiser (PZ/SI),1,1,1
Aphelios/Viktor/Zoe (MT/PZ),Morgana/Udyr (DE/FR),1,1,1
Morgana/Udyr (DE/FR),Teemo (IO/PZ),1,1,1
Morgana/Udyr (DE/FR),Akshan/Zilean (FR/SH),1,1,1
Taliyah/Zilean (IO/SH),Master Yi/Mordekaiser (IO/SI),1,1,1
Ashe/Tahm Kench (BW/FR),Braum/Lillia (FR/IO),1,1,1
Braum/Lillia (FR/IO),Pyke/Rek'Sai (BW/SH),1,1,1
Evelynn/Fizz (BW/RU),Ezreal/Swain (NX/PZ),1,1,1
Ezreal/Swain (NX/PZ),Annie/Elise (NX/SI),1,1,1
Ezreal/Swain (NX/PZ),Aphelios/Zoe (MT/PZ),1,1,1
Ezreal/Swain (NX/PZ),Nami/Nilah (BW/SI),1,1,1
Gwen/Ziggs (BC/SI),Elder Dragon/Volibear (RU/FR),1,1,1
Nilah/Twisted Fate (BW/PZ),Aurelion Sol/Volibear (FR/MT),1,1,1
Annie/Jhin (RU/NX),Lillia/Taliyah (IO/SH),1,1,1
Annie/Jhin (RU/NX),Azir/Nasus (SH),1,1,1
Karma (IO/PZ),Seraphine/Viktor (MT/PZ),1,1,1
Championless (FR/SI),Senna/Veigar/Viktor (PZ/SI),1,1,1
Aatrox/Kayn (RU/RU),Championless (FR/SI),1,1,1
Bard (RU/NX),Aatrox/Vayne (RU/DE),1,1,1
Evelynn/Fizz (BW/RU),Annie/Elise (NX/SI),1,1,1
Evelynn/Fizz (BW/RU),The Poro King (FR/RU),1,1,1
Karma/Sett (FR/IO),Caitlyn (NX/PZ),1,1,1
Caitlyn (NX/PZ),Evelynn/Viego (RU/SI),1,1,1
Caitlyn (NX/PZ),Lillia/Taliyah (IO/SH),1,1,1
Caitlyn (NX/PZ),Ezreal/Janna (BW/PZ),1,1,1
Caitlyn (NX/PZ),Gwen/Viego (NX/SI),1,1,1
Braum/Norra (BC/FR),Caitlyn (NX/PZ),1,1,1
Sett/Tryndamere (FR/IO),Caitlyn (NX/PZ),1,1,1
Renekton/Shen (IO/SH),Draven/Seraphine (NX/PZ),1,1,1
Gwen/Katarina (NX/SI),Draven/Seraphine (NX/PZ),1,1,1
Kennen/Veigar (IO/SI),Soraka/Tahm Kench (BW/MT),1,1,1
Bard/Norra (BC/RU),Kennen/Veigar (IO/SI),1,1,1
Garen/Jarvan IV (DE/SH),Kennen/Veigar (IO/SI),1,1,1
The Poro King (FR/RU),Aphelios/Seraphine (MT/PZ),1,1,1
Azir/Irelia (IO/SH),Akshan/Taliyah (BC/SH),1,1,1
Azir/Xerath (SH),Evelynn (RU/MT),1,1,1
Evelynn (RU/MT),Draven/Jinx (NX/PZ),1,1,1
Kayle (BW/MT),The Poro King (BW/RU),1,1,1
Kayle (BW/MT),Swain/Vi (NX/PZ),1,1,1
Kayle (BW/MT),Pyke/Rek'Sai (BW/SH),1,1,1
Lillia/Malphite (IO/MT),Garen/Udyr (DE/FR),1,1,1
Nocturne/Renekton (SI/SH),Lillia/Malphite (IO/MT),1,1,1
Lillia/Malphite (IO/MT),Sett/Tryndamere (FR/IO),1,1,1
The Poro King (MT/RU),Caitlyn/Janna (PZ/SI),1,1,1
Janna/Senna (PZ/SI),Elise (NX/SI),1,1,1
Janna/Senna (PZ/SI),Akshan/Aphelios/Kai'Sa (MT/SH),1,1,1
Jarvan IV/Lulu/Shen (DE/IO),Janna/Senna (PZ/SI),1,1,1
Karma/Senna (IO/SI),Norra/Teemo (BC/PZ),1,1,1
Elder Dragon/Volibear (RU/FR),Anivia/Karma (FR/IO),1,1,1
Elder Dragon/Volibear (RU/FR),Braum/Master Yi (FR/IO),1,1,1
Hecarim/Viego (IO/SI),Elder Dragon/Volibear (RU/FR),1,1,1
Maokai/Vi (PZ/SI),Pyke/Rek'Sai (BW/SH),1,1,1
Kai'Sa/Pantheon (MT/SH),Irelia/Miss Fortune (BW/IO),1,1,1
Irelia/Miss Fortune (BW/IO),Annie/Jhin (RU/NX),1,1,1
Fizz/Samira (BC/NX),The Poro King (RU/SH),1,1,1
Fizz/Samira (BC/NX),Leona/Yasuo (IO/MT),1,1,1
Fizz/Samira (BC/NX),Irelia/Kennen (IO/SI),1,1,1
Evelynn/Lucian (DE/RU),Fizz/Samira (BC/NX),1,1,1
The Poro King (RU/SH),Jinx/Lulu (BC/PZ),1,1,1
The Poro King (RU/SH),Renekton/Shen (IO/SH),1,1,1
The Poro King (RU),The Poro King (RU/SH),1,1,1
Gnar/Nidalee (BC/SH),The Poro King (RU/SH),1,1,1
Azir/Irelia (IO/SH),Viego (PZ/SI),1,1,1
Azir/Irelia (IO/SH),Championpile (NX),1,1,1
Azir/Irelia (IO/SH),Nilah/Samira (BW/NX),1,1,1
Aphelios/Viktor/Zoe (MT/PZ),Swain/Yasuo (IO/NX),1,1,1
Teemo (BC/PZ),Aphelios/Viktor/Zoe (MT/PZ),1,1,1
Aphelios/Viktor/Zoe (MT/PZ),Akshan (FR/SH),1,1,1
Kai'Sa/Pantheon (MT/SH),Quinn (DE/FR),1,1,1
Quinn (DE/FR),Bard/Norra (BC/RU),1,1,1
Rumble/Sion (BC/NX),Aurelion Sol/Volibear (FR/MT),1,1,1
Mordekaiser/The Poro King (RU/SI),Nidalee (BC/SH),1,1,1
Pyke/Rek'Sai (BW/SH),Galio/Udyr (DE/FR),1,1,1
Annie/Jhin (RU/NX),Lulu/Poppy/Tristana (BC/DE),1,1,1
Annie/Jhin (RU/NX),Nasus/Renekton (SH),1,1,1
Elder Dragon/Norra (RU/BC),Janna/Zilean (PZ/SH),1,1,1
Annie/Elise (NX/SI),The Poro King (MT/RU),1,1,1
Renekton/Shen (IO/SH),Annie/Elise (NX/SI),1,1,1
The Poro King (RU/SH),Akshan (FR/SH),1,1,1
Illaoi/Udyr (BW/FR),Jayce (MT/PZ),1,1,1
Illaoi/LeBlanc (BW/NX),Jayce (MT/PZ),1,1,1
Elder Dragon/Seraphine/Viktor (RU/PZ),Kayle/Pantheon (MT/NX),1,1,1
Evelynn/Kai'Sa (RU/SH),Caitlyn/Janna (PZ/SI),1,1,1
Illaoi/Jarvan IV (BW/DE),Braum/Kindred/Mordekaiser (FR/SI),1,1,1
Braum/Kindred/Mordekaiser (FR/SI),Caitlyn/Teemo (FR/PZ),1,1,1
Samira/Seraphine (NX/PZ),Elise (NX/SI),1,1,1
Elise (NX/SI),Diana/Leona (MT),1,1,1
Janna (PZ/SI),Evelynn/Kai'Sa (RU/SH),1,1,1
Aphelios/Yasuo (IO/MT),Bard/Lux: Illuminated (RU/DE),1,1,1
Seraphine/Swain (NX/PZ),Annie/Jhin (RU/NX),1,1,1
The Poro King (MT/RU),Garen/Udyr (DE/FR),1,1,1
Akshan/Udyr (FR/SH),Braum/Janna/Seraphine (FR/PZ),1,1,1
Azir/Xerath (SH),Elder Dragon/Norra (RU/BC),1,1,1
Fiora (DE/SH),Fiora (DE/FR),1,1,1
Fiora (DE/SH),Garen/Udyr (DE/FR),1,1,1
Fiora (DE/SH),Karma (FR/IO),1,1,1
Azir/Irelia (IO/SH),Norra/Yuumi (BC/SI),1,1,1
Azir/Irelia (IO/SH),Teemo/Zoe (BC/MT),1,1,1
Azir/Irelia (IO/SH),Akshan/Taliyah (IO/SH),1,1,1
Nidalee (BC/SH),Lux: Illuminated/Poppy (DE/MT),1,1,1
Lux: Illuminated/Poppy (DE/MT),Akshan/Nasus (SI/SH),1,1,1
Lux: Illuminated/Vex (BC/DE),Fiora (DE/SH),1,1,1
Gnar/Trundle (FR/PZ),Braum/Zoe (FR/MT),1,1,1
Janna (PZ/SI),Maokai/Vi (PZ/SI),1,1,1
Gnar/Trundle (FR/PZ),Master Yi/Udyr (FR/IO),1,1,1
Gnar/Trundle (FR/PZ),Ashe/LeBlanc (FR/NX),1,1,1
Hecarim/Zed (IO/SI),Gnar/Trundle (FR/PZ),1,1,1
Gnar/Trundle (FR/PZ),Kindred (FR/SI),1,1,1
Gnar/Trundle (FR/PZ),Norra/Teemo (BC/PZ),1,1,1
Miss Fortune/Yasuo (BW/IO),Annie/Jhin (RU/NX),1,1,1
Championpile (MT/PZ),Annie/Jhin (RU/NX),1,1,1
Janna (PZ/SI),Ezreal/Nilah (BW/PZ),1,1,1
Azir/Irelia (IO/SH),Azir/Hecarim/Kalista (SI/SH),1,1,1
Norra/Swain (BC/NX),Lulu/Zed (DE/IO),1,1,1
Diana/Nocturne (MT/SI),Evelynn/Kai'Sa (RU/SH),1,1,1
Diana/Nocturne (MT/SI),Darius/LeBlanc (FR/NX),1,1,1
Samira/Sejuani (FR/NX),Diana/Leona (MT),1,1,1
Aphelios/Gnar (FR/MT),Leona/Yasuo (IO/MT),1,1,1
Annie/Jhin (RU/NX),Draven/Sion (NX/PZ),1,1,1
Annie/Jhin (RU/NX),Heimerdinger/Norra (BC/SI),1,1,1
Elder Dragon/Volibear (RU/FR),Gangplank (BW/SI),1,1,1
Gangplank (BW/SI),Bard/Kalista (RU/SI),1,1,1
Kayle/Yuumi (DE/MT),Gangplank (BW/SI),1,1,1
Annie/Jhin (RU/NX),Gangplank (BW/SI),1,1,1
Norra/Teemo (BC/PZ),Malphite/Taliyah (MT/SH),1,1,1
Ekko/Jinx (PZ/SH),Sion/Sivir (NX/SH),1,1,1
Ezreal/Seraphine (BC/PZ),Ekko/Jinx (PZ/SH),1,1,1
Braum/Zoe (FR/MT),Janna (BC/PZ),1,1,1
The Poro King (MT/RU),Bard/Udyr (RU/FR),1,1,1
The Poro King (MT/RU),The Poro King (RU),1,1,1
Lulu/Zed (DE/IO),The Poro King (RU),1,1,1
Nasus/Xerath (SH),Master Yi/Zilean (IO/SH),0,1,0
Rumble/Sion (BC/NX),Master Yi/Zilean (IO/SH),0,1,0
Karma (FR/IO),Master Yi/Zilean (IO/SH),0,1,0
Taliyah/Zilean (IO/SH),Master Yi/Zilean (IO/SH),0,1,0
Zed (IO/MT),Taliyah/Zilean (IO/SH),0,1,0
Fizz/Yuumi (BC/MT),Taliyah/Zilean (IO/SH),0,1,0
Braum/Galio (DE/FR),Taliyah/Zilean (IO/SH),0,1,0
Katarina/Yasuo (IO/NX),Taliyah/Zilean (IO/SH),0,1,0
Ashe/LeBlanc (FR/NX),Lee Sin/Viktor (IO/PZ),0,1,0
Gnar/Gwen (FR/SI),Lee Sin/Viktor (IO/PZ),0,1,0
Lee Sin/Viktor (IO/PZ),Jax/Tristana (BC/RU),0,1,0
Aatrox/Kayn (RU/RU),Morgana/Udyr (DE/FR),0,1,0
Ryze (IO/RU),Elder Dragon/Galio/Morgana (RU/DE),0,1,0
Gnar/Teemo (BC/PZ),Elder Dragon/Galio/Morgana (RU/DE),0,1,0
Braum/Yuumi/Zoe (FR/MT),Elder Dragon/Galio/Morgana (RU/DE),0,1,0
Gnar/Gwen (FR/SI),Jayce/Lux (DE/PZ),0,1,0
Akshan/Lee Sin (IO/SH),Kayle/Morgana (DE/MT),0,1,0
Nidalee (BC/SH),Akshan/Lee Sin (IO/SH),0,1,0
Ashe/LeBlanc (FR/NX),Akshan/Lee Sin (IO/SH),0,1,0
Garen/Udyr (DE/FR),Jinx/Kennen (BC/PZ),0,1,0
Braum/Yasuo (FR/IO),Norra (BC/PZ),0,1,0
Taric/Varus (MT/RU),Norra (BC/PZ),0,1,0
Janna/Karma/Seraphine (IO/PZ),Annie/Jhin (RU/NX),0,1,0
Aurelion Sol/Shyvana (DE/MT),Janna/Karma/Seraphine (IO/PZ),0,1,0
Aphelios/Seraphine (MT/PZ),Janna/Karma/Seraphine (IO/PZ),0,1,0
Elder Dragon/Volibear (RU/FR),Janna/Karma/Seraphine (IO/PZ),0,1,0
Norra (BC/PZ),Evelynn (RU/FR),0,1,0
Championpile/Elder Dragon (RU/FR),Kayle (BW/MT),0,1,0
Norra (BC/PZ),Azir/Xerath (SH),0,1,0
Miss Fortune/Sejuani (BW/FR),Norra (BC/PZ),0,1,0
Elise (NX/SI),Norra (BC/PZ),0,1,0
Viktor/Zoe (MT/PZ),Master Yi/Samira (IO/NX),0,1,0
Master Yi/Samira (IO/NX),Elder Dragon/Volibear (RU/FR),0,1,0
Elder Dragon/Trundle/Volibear (RU/FR),Master Yi/Samira (IO/NX),0,1,0
Master Yi/Samira (IO/NX),Ashe/LeBlanc (FR/NX),0,1,0
Mordekaiser/Norra (BC/SI),Draven/Kayle (MT/NX),0,1,0
Kalista/Nasus (SI/SH),Master Yi/Samira (IO/NX),0,1,0
Master Yi/Samira (IO/NX),Jayce/Katarina (NX/PZ),0,1,0
Braum/Yuumi/Zoe (FR/MT),Master Yi/Samira (IO/NX),0,1,0
Master Yi/Samira (IO/NX),Elder Dragon/Galio/Morgana (RU/DE),0,1,0
Norra (BC/PZ),Master Yi/Samira (IO/NX),0,1,0
Ahri/Akshan (IO/SH),Master Yi/Samira (IO/NX),0,1,0
Championless (NX/PZ),Master Yi/Samira (IO/NX),0,1,0
Azir/Irelia (IO/SH),Gwen/Kindred (BW/SI),0,1,0
Championless (DE/SI),Gwen/Kindred (BW/SI),0,1,0
Viego (NX/SI),Gwen/Kindred (BW/SI),0,1,0
Nasus/Thresh (SI/SH),Gwen/Kindred (BW/SI),0,1,0
Championpile/Elder Dragon (RU/FR),Gwen/Kindred (BW/SI),0,1,0
Karma/Sett (IO/PZ),Aurelion Sol/Volibear (FR/MT),0,1,0
Aurelion Sol/Volibear (FR/MT),Elder Dragon/Volibear (RU/FR),0,1,0
Trundle/Tryndamere (FR/SI),Aurelion Sol/Volibear (FR/MT),0,1,0
Ezreal/Seraphine (BC/PZ),Aurelion Sol/Volibear (FR/MT),0,1,0
Aurelion Sol/Volibear (FR/MT),Lux: Illuminated/Shen (DE/IO),0,1,0
Aurelion Sol/Volibear (FR/MT),Jinx/Lulu (BC/PZ),0,1,0
Elder Dragon/Norra (RU/BC),Nilah/Varus (BW/RU),0,1,0
Norra (BC/BW),Nilah/Varus (BW/RU),0,1,0
Poppy/Ziggs (BC/NX),Nilah/Varus (BW/RU),0,1,0
Ryze (IO/RU),Nilah/Varus (BW/RU),0,1,0
Nilah/Varus (BW/RU),Ezreal/Jhin (RU/PZ),0,1,0
Akshan/Pantheon (MT/SH),Gwen/Kindred (BW/SI),0,1,0
Teemo (BC/PZ),Poppy/Ziggs (BC/NX),0,1,0
Poppy/Ziggs (BC/NX),The Poro King (MT/RU),0,1,0
Ezreal/Seraphine (BC/PZ),Poppy/Ziggs (BC/NX),0,1,0
Aphelios/Viktor (MT/PZ),Taric/Udyr (FR/MT),0,1,0
Elise (NX/SI),Elder Dragon/Mordekaiser/Viego (RU/SI),0,1,0
Gwen/Zed (IO/SI),Elise (NX/SI),0,1,0
Ezreal/Seraphine (BC/PZ),Azir/Xerath (SH),0,1,0
Championless (BC/SH),Azir/Xerath (SH),0,1,0
Jinx/Lulu (BC/PZ),Elise (NX/SI),0,1,0
Elise (NX/SI),Poppy/Ziggs (BC/NX),0,1,0
Garen/Lissandra (DE/FR),Elise (NX/SI),0,1,0
Annie/Twisted Fate (BW/NX),Elise (NX/SI),0,1,0
Hecarim/Lucian (DE/SI),Ezreal/Seraphine (BC/PZ),0,1,0
Elise (NX/SI),Azir (MT/SH),0,1,0
Katarina (NX/SI),Caitlyn/Teemo (FR/PZ),0,1,0
Senna/Veigar (BC/SI),Mordekaiser/Sion (BC/NX),0,1,0
Katarina/Yasuo (IO/NX),Senna/Veigar (BC/SI),0,1,0
Caitlyn/Teemo (FR/PZ),Galio/Udyr (DE/FR),0,1,0
Lux: Illuminated/Shen (DE/IO),Caitlyn/Teemo (FR/PZ),0,1,0
Braum/Zoe (FR/MT),The Poro King (RU/SH),0,1,0
Lissandra/Mordekaiser (FR/SI),Norra/Viego (BC/SI),0,1,0
Jayce/Lux (DE/PZ),Galio/Jarvan IV (DE),0,1,0
Kindred/Nasus (SI/SH),Caitlyn/Teemo (FR/PZ),0,1,0
Akshan/Jack (BW/SH),Kindred/Nasus (SI/SH),0,1,0
Ezreal/Nilah (BW/PZ),Poppy (DE),0,1,0
Evelynn/Kai'Sa/Renekton (RU/SH),Norra/Viego (BC/SI),0,1,0
Elise (FR/SI),Kindred/Nasus (SI/SH),0,1,0
Aphelios/Viktor (MT/PZ),Akshan/Taliyah (IO/SH),0,1,0
Janna/Viktor (BW/PZ),Ezreal/Nilah (BW/PZ),0,1,0
Akshan/Mordekaiser (SI/SH),Kindred/Nasus (SI/SH),0,1,0
Akshan/Taric (MT/SH),Championless (FR/SI),0,1,0
Poppy (DE),Aatrox/Vayne (RU/DE),0,1,0
Akshan/Morgana/Taliyah (DE/SH),Ashe/LeBlanc (FR/NX),0,1,0
Tryndamere (FR/SI),Akshan/Morgana/Taliyah (DE/SH),0,1,0
Akshan/Morgana/Taliyah (DE/SH),Poppy (DE),0,1,0
Kindred/Nasus (SI/SH),Poppy (DE),0,1,0
Kindred/Nasus (SI/SH),Mordekaiser/Nasus (SI/SH),0,1,0
Caitlyn/Teemo (BC/PZ),Kindred/Nasus (SI/SH),0,1,0
Karma (IO/SI),Ekko/Zilean (PZ/SH),0,1,0
Ekko/Zilean (PZ/SH),Ezreal/Seraphine (BC/PZ),0,1,0
Swain/Vladimir (BW/NX),Kayle (BW/MT),0,1,0
Galio (DE/IO),Jinx/Teemo (BW/PZ),0,1,0
Morgana/Poppy (DE/MT),Elise/Nocturne (SI/SH),0,1,0
Karma/Sett (IO/PZ),Ezreal/Karma/Seraphine (IO/PZ),0,1,0
Ezreal/Karma/Seraphine (IO/PZ),Elder Dragon/Norra (RU/BC),0,1,0
Elder Dragon/Morgana/Shyvana (RU/DE),Ezreal/Karma/Seraphine (IO/PZ),0,1,0
Ezreal/Karma/Seraphine (IO/PZ),Caitlyn/Teemo (FR/PZ),0,1,0
Ezreal/Karma/Seraphine (IO/PZ),Azir (IO/SH),0,1,0
Aurelion Sol/Zoe (BC/MT),Ezreal/Karma/Seraphine (IO/PZ),0,1,0
Taliyah/Zilean (IO/SH),Ezreal/Karma/Seraphine (IO/PZ),0,1,0
Azir/Xerath (SH),Ezreal/Karma/Seraphine (IO/PZ),0,1,0
Kayle/Ornn (FR/MT),Ezreal/Karma/Seraphine (IO/PZ),0,1,0
Elder Dragon/Morgana (RU/DE),Ezreal/Karma/Seraphine (IO/PZ),0,1,0
Rumble/Sion (BC/NX),Ezreal/Karma/Seraphine (IO/PZ),0,1,0
Aurelion Sol/Elder Dragon (RU/MT),Nilah/Twisted Fate (BW/PZ),0,1,0
Aphelios/Zoe (IO/MT),Draven/Jinx (NX/PZ),0,1,0
Aphelios/Zoe (IO/MT),Miss Fortune/Twisted Fate (BW/NX),0,1,0
Maokai/Nautilus (BW/SI),Aphelios/Zoe (IO/MT),0,1,0
Master Yi/Zilean (IO/SH),Aphelios/Zoe (IO/MT),0,1,0
Yuumi/Zoe (FR/MT),Zilean (BC/SH),0,1,0
Akshan/Lee Sin (IO/SH),Zilean (BC/SH),0,1,0
Championless (BC/SH),Senna/Veigar (BC/SI),0,1,0
Fizz/Norra (BC/BW),Championless (BC/SH),0,1,0
Ekko/Zilean (PZ/SH),Fizz/Norra (BC/BW),0,1,0
Championless (SI),Fizz/Norra (BC/BW),0,1,0
Katarina/Yasuo (IO/NX),Fizz/Norra (BC/BW),0,1,0
Fizz/Norra (BC/BW),Galio/Poppy (DE),0,1,0
Nasus/Thresh (SI/SH),Fizz/Norra (BC/BW),0,1,0
Kennen/Lee Sin (IO/PZ),Fizz/Norra (BC/BW),0,1,0
Fizz/Yuumi (BC/BW),Taliyah/Zilean (BC/SH),0,1,0
Karma/Sett (FR/IO),Aurelion Sol/Trundle (FR/MT),0,1,0
Jax/Norra (BC/RU),Karma/Sett (FR/IO),0,1,0
Karma/Sett (IO/PZ),Hecarim/Sion (NX/SI),0,1,0
Karma/Sett (IO/PZ),Rumble/Sion (BC/NX),0,1,0
Poppy/Ziggs (BC/NX),Miss Fortune/Twisted Fate (BW/NX),0,1,0
Elise/Norra (BC/SI),Soraka/Tahm Kench (BW/MT),0,1,0
Pyke/Rek'Sai (BW/SH),Elise/Norra (BC/SI),0,1,0
Ezreal/Karma (IO/PZ),Elise/Norra (BC/SI),0,1,0
Akshan/Jack (BW/SH),Elise/Norra (BC/SI),0,1,0
Championless (SI),Elise/Norra (BC/SI),0,1,0
Ezreal/Nilah (BW/PZ),Mordekaiser/Viego (SI/SH),0,1,0
Darius/Miss Fortune (BW/NX),Yuumi/Zoe (FR/MT),0,1,0
Anivia/Mordekaiser/Vex (FR/SI),Yuumi/Zoe (FR/MT),0,1,0
Soraka/Tahm Kench (BW/MT),Yuumi/Zoe (FR/MT),0,1,0
Yuumi/Zoe (FR/MT),Pyke/Rek'Sai (BW/SH),0,1,0
Ezreal/Seraphine (BC/PZ),Yuumi/Zoe (FR/MT),0,1,0
Aurelion Sol/Elder Dragon (RU/MT),Yuumi/Zoe (FR/MT),0,1,0
Jax (FR/RU),Hecarim/Zed (IO/SI),0,1,0
Jax/Tristana (BC/RU),Championless (SI),0,1,0
Nasus/Thresh (SI/SH),Darius/Riven (NX/SH),0,1,0
Morgana/Udyr (DE/FR),Braum/Morgana (FR/MT),0,1,0
Pyke/Rek'Sai (BW/SH),Elder Dragon/Morgana/Shyvana (RU/DE),0,1,0
Evelynn/Maokai (RU/SI),Elder Dragon/Morgana/Shyvana (RU/DE),0,1,0
Evelynn (RU/SH),Jinx/Lulu (BC/PZ),0,1,0
Championpile (MT/PZ),Karma/Sett (FR/IO),0,1,0
Karma/Sett (FR/IO),Trundle/Tryndamere (FR/SI),0,1,0
Championless (FR/SI),Karma/Sett (FR/IO),0,1,0
Teemo (BC/PZ),Karma/Sett (FR/IO),0,1,0
Norra (BC/BW),Karma/Sett (FR/IO),0,1,0
Jack/Sett (BW/IO),Lee Sin/Viktor (IO/PZ),0,1,0
Kai'Sa/Lillia (IO/SH),Lee Sin/Viktor (IO/PZ),0,1,0
Nasus (SI/SH),Azir/Irelia (IO/SH),0,1,0
Azir/Irelia (IO/SH),Darius/Elise (NX/SI),0,1,0
Aphelios/Vi (MT/PZ),Lillia/Taliyah (IO/SH),0,1,0
Galio (DE),The Poro King (MT/RU),0,1,0
Vi/Volibear (FR/PZ),Kindred/Nasus (SI/SH),0,1,0
Kayle (BW/MT),Ryze (IO/RU),0,1,0
Braum (FR/PZ),Elder Dragon/Morgana (RU/DE),0,1,0
Maokai/Nautilus (BW/SI),Elder Dragon/Morgana (RU/DE),0,1,0
Elder Dragon/Morgana (RU/DE),Azir/Hecarim (SI/SH),0,1,0
Katarina/Yasuo (IO/NX),Elder Dragon/Morgana (RU/DE),0,1,0
Elder Dragon/Morgana (RU/DE),Norra/Teemo (BC/IO),0,1,0
Senna (PZ/SI),Anivia (FR/SI),0,1,0
Garen/Udyr (DE/FR),Anivia (FR/SI),0,1,0
Maokai/Nautilus (BW/SI),Senna (PZ/SI),0,1,0
Karma/Sett (IO/PZ),Azir/Renekton (SH),0,1,0
Karma/Sett (IO/PZ),Heimerdinger/Jayce (PZ/SI),0,1,0
Karma/Sett (IO/PZ),Braum (FR/SI),0,1,0
Miss Fortune/Vayne (BW/DE),Morgana/Poppy (DE/MT),0,1,0
Aatrox/Kayn (RU/RU),Riven/Viktor (NX/PZ),0,1,0
Taliyah/Zilean (IO/SH),Janna/Twisted Fate (BW/PZ),0,1,0
Shyvana (DE/MT),Taliyah/Zilean (IO/SH),0,1,0
Master Yi/Taliyah/Zilean (IO/SH),Elder Dragon/Volibear (RU/FR),0,1,0
Miss Fortune/Vayne (BW/DE),Poppy/Ziggs (BC/NX),0,1,0
Miss Fortune/Vayne (BW/DE),Garen (DE),0,1,0
Championless (NX/PZ),Miss Fortune/Vayne (BW/DE),0,1,0
Janna/Nilah (BW/PZ),Miss Fortune/Vayne (BW/DE),0,1,0
Morgana/Udyr (DE/FR),Taric/Udyr (FR/MT),0,1,0
Senna/Veigar (BC/SI),Riven/Taric (MT/NX),0,1,0
Ryze (RU/SH),Poppy/Ziggs (BC/NX),0,1,0
Heimerdinger/Jayce (PZ/SI),Elder Dragon/Garen/Jarvan IV (RU/DE),0,1,0
Elder Dragon/Morgana (RU/DE),Rumble/Vayne (DE/NX),0,1,0
Akshan (FR/SH),Braum/Galio (DE/FR),0,1,0
Janna/Nilah (BW/PZ),Akshan (FR/SH),0,1,0
Pyke/Rek'Sai (BW/SH),Akshan (FR/SH),0,1,0
Azir/Elder Dragon (RU/SH),Elder Dragon/Mordekaiser/Viego (RU/SI),0,1,0
Ashe (FR/PZ),Heimerdinger/Jayce (PZ/SI),0,1,0
Heimerdinger/Kindred (PZ/SI),Elder Dragon/Mordekaiser/Viego (RU/SI),0,1,0
Poppy/Ziggs (BC/NX),Elder Dragon/Mordekaiser/Viego (RU/SI),0,1,0
Galio/Poppy (DE),Azir/Irelia (IO/SH),0,1,0
Azir/Irelia (IO/SH),Jayce/Katarina (NX/PZ),0,1,0
Braum/Morgana (FR/MT),Elder Dragon/Volibear (RU/FR),0,1,0
Aurelion Sol/Shyvana (DE/MT),Braum/Morgana (FR/MT),0,1,0
Braum/Morgana (FR/MT),Darius/Miss Fortune (BW/NX),0,1,0
Annie/Jhin (RU/NX),Braum/Morgana (FR/MT),0,1,0
Elise/Nocturne (NX/SI),Braum/Morgana (FR/MT),0,1,0
Aatrox/Morgana (RU/DE),Braum/Morgana (FR/MT),0,1,0
Darius/Sejuani (FR/NX),Braum/Morgana (FR/MT),0,1,0
Miss Fortune (BW/NX),Zoe (MT/PZ),0,1,0
Zoe (MT/PZ),Gnar/Jhin (BC/RU),0,1,0
Annie/Jhin (RU/NX),Jinx (BC/PZ),0,1,0
Jinx (BC/PZ),Ryze (IO/RU),0,1,0
Jinx (BC/PZ),Azir/Xerath (SH),0,1,0
Jinx (BC/PZ),Taliyah/Zilean (IO/SH),0,1,0
Poppy (DE),Jinx (BC/PZ),0,1,0
Jinx/Katarina (NX/PZ),Jinx (BC/PZ),0,1,0
Nidalee (BC/SH),Jinx (BC/PZ),0,1,0
Janna/Norra (BC/PZ),Jinx (BC/PZ),0,1,0
Senna/Viego (PZ/SI),Jinx (BC/PZ),0,1,0
Seraphine/Viktor (BC/PZ),Jinx (BC/PZ),0,1,0
Jinx (BC/PZ),Kalista/Nasus (SI/SH),0,1,0
Braum/Galio (DE/FR),Jinx (BC/PZ),0,1,0
Hecarim/Zed (IO/SI),Jinx (BC/PZ),0,1,0
Viego (SI),Illaoi (BW/MT),0,1,0
Braum (FR/SI),Riven/Viktor (NX/PZ),0,1,0
Riven/Viktor (NX/PZ),Braum (FR/MT),0,1,0
Gnar/Gwen (FR/SI),Riven/Viktor (NX/PZ),0,1,0
Fizz/Zoe (BW/MT),Elise (FR/SI),0,1,0
Ezreal (FR/PZ),Elder Dragon/Volibear (RU/FR),0,1,0
Elder Dragon/Volibear (RU/FR),Poppy/Zed (DE/IO),0,1,0
Championless (FR/SI),Elder Dragon/Volibear (RU/FR),0,1,0
Ziggs (BC/SH),Elder Dragon/Volibear (RU/FR),0,1,0
Ezreal (BW/PZ),Elder Dragon/Volibear (RU/FR),0,1,0
Evelynn/Kai'Sa (RU/SH),Championpile/Elder Dragon (RU/DE),0,1,0
Poppy/Zed (DE/IO),Master Yi/Zilean (IO/SH),0,1,0
Championpile (DE/FR),Master Yi/Zilean (IO/SH),0,1,0
Championpile (FR/SH),Master Yi/Zilean (IO/SH),0,1,0
Master Yi/Nami (BW/IO),Master Yi/Zilean (IO/SH),0,1,0
Gwen (BW/SI),Master Yi/Zilean (IO/SH),0,1,0
Anivia (FR/SI),Master Yi/Zilean (IO/SH),0,1,0
Karma/Seraphine/Sett (IO/PZ),Master Yi/Zilean (IO/SH),0,1,0
Master Yi/Yasuo (IO/MT),Master Yi/Zilean (IO/SH),0,1,0
Ezreal/Lux (DE/PZ),Master Yi/Zilean (IO/SH),0,1,0
Braum/Zoe (FR/MT),Master Yi/Zilean (IO/SH),0,1,0
Aatrox/Vayne (RU/DE),Lulu/Neeko (BC/RU),0,1,0
Riven/Samira (IO/NX),Azir/Irelia (IO/SH),0,1,0
Annie/Jhin (RU/NX),Gangplank/Thresh (BW/SI),0,1,0
Poppy/Taric (DE/MT),Annie/Jhin (RU/NX),0,1,0
Neeko/Poppy (DE/RU),Annie/Jhin (RU/NX),0,1,0
Annie/Jhin (RU/NX),Trundle/Vi (FR/PZ),0,1,0
Twisted Fate (BW/PZ),Annie/Jhin (RU/NX),0,1,0
Hecarim/Lucian (DE/SI),Annie/Jhin (RU/NX),0,1,0
Championless (SI),Kayle/Morgana (DE/MT),0,1,0
Elder Dragon/Volibear (RU/FR),Gangplank/Gnar/Miss Fortune (BC/BW),0,1,0
Sejuani/Swain (FR/NX),Annie/Gwen (NX/SI),0,1,0
Jinx/Lulu (BC/PZ),Annie/Gwen (NX/SI),0,1,0
Senna/Veigar (BC/SI),Lucian/Zed (DE/IO),0,1,0
Ashe (FR/PZ),Kayle/Morgana (DE/MT),0,1,0
Rumble/Sion (BC/NX),Kayle/Morgana (DE/MT),0,1,0
Kayle/Morgana (DE/MT),Nidalee (BC/SH),0,1,0
Kayle (BW/MT),Kayle/Morgana (DE/MT),0,1,0
Udyr (FR/IO),Riven/Taric (MT/NX),0,1,0
Udyr (FR/IO),Darius/Riven (NX/SH),0,1,0
Kayle (BW/MT),Udyr (FR/IO),0,1,0
Senna/Veigar (BC/SI),Aatrox/Kayn (RU/RU),0,1,0
Anivia/Volibear (BW/FR),Caitlyn/Teemo (BW/PZ),0,1,0
Ezreal/Seraphine (IO/PZ),Caitlyn/Teemo (BW/PZ),0,1,0
Caitlyn/Teemo (BW/PZ),Akshan/Samira (NX/SH),0,1,0
Caitlyn/Teemo (BW/PZ),Heimerdinger/Viktor (IO/PZ),0,1,0
Caitlyn/Teemo (BW/PZ),Ryze (IO/RU),0,1,0
Caitlyn/Teemo (BW/PZ),Elise/Samira (NX/SI),0,1,0
Hecarim/Zed (IO/SI),Caitlyn/Teemo (BW/PZ),0,1,0
Maokai (BW/SI),Lee Sin/Viktor (IO/PZ),0,1,0
Evelynn/Kai'Sa/Renekton (RU/SH),Elder Dragon/Neeko (RU/RU),0,1,0
Elder Dragon/Neeko (RU/RU),Ezreal/Seraphine (IO/PZ),0,1,0
Elder Dragon/Norra (RU/BC),Mordekaiser/Norra (BC/SI),0,1,0
Akshan/Mordekaiser (SI/SH),Elder Dragon/Morgana (RU/DE),0,1,0
Morgana/Udyr (DE/FR),Akshan/Zoe (MT/SH),0,1,0
Championless (FR/SI),Akshan/Zoe (MT/SH),0,1,0
Rumble/Sion (BC/NX),Illaoi (BW/IO),0,1,0
Championless (BC/PZ),Ashe/Elise (FR/SI),0,1,0
Rumble/Sion (BC/NX),Championless (BC/PZ),0,1,0
Gwen (DE/SI),Aatrox/Quinn/Vayne (RU/DE),0,1,0
Jayce/Lux (DE/PZ),Aatrox/Quinn/Vayne (RU/DE),0,1,0
Aatrox/Vayne (RU/DE),LeBlanc/Vladimir (FR/NX),0,1,0
LeBlanc/Vladimir (FR/NX),Ashe/LeBlanc (FR/NX),0,1,0
Akshan/Nidalee (BC/SH),Riven/Viktor (NX/PZ),0,1,0
Jack/Kayn (BW/RU),Akshan/Nidalee (BC/SH),0,1,0
Aphelios/Viktor (MT/PZ),Garen/Morgana/Udyr (DE/FR),0,1,0
Akshan/Gwen/Kai'Sa (SI/SH),Jayce/Lux (DE/PZ),0,1,0
Braum/Lillia (FR/IO),Caitlyn/Swain (NX/PZ),0,1,0
Riven/Taric (MT/NX),Aphelios/Viktor (MT/PZ),0,1,0
Senna/Veigar (BC/SI),Darius/Gnar/LeBlanc (FR/NX),0,1,0
Braum/Lillia (FR/IO),Leona/Yasuo (IO/MT),0,1,0
Braum/Lillia (FR/IO),Darius/Gnar/LeBlanc (FR/NX),0,1,0
The Poro King (FR/RU),Azir/Xerath (SH),0,1,0
Azir/Xerath (SH),Poppy/Zed (DE/IO),0,1,0
Garen/Jarvan IV (DE),Azir/Xerath (SH),0,1,0
Riven/Viktor (NX/PZ),Azir/Xerath (SH),0,1,0
Ekko/Zilean (PZ/SH),Azir/Xerath (SH),0,1,0
Ezreal/Kennen (IO/PZ),Mordekaiser/Norra (BC/SI),0,1,0
Hecarim/Zed (IO/SI),Gangplank/Gnar (BC/BW),0,1,0
Elder Dragon/Norra (RU/BC),Fizz/Samira (BW/NX),0,1,0
Teemo (FR/PZ),Elder Dragon/Norra (RU/BC),0,1,0
Gwen/Irelia/Zed (IO/SI),Kindred/Shyvana (DE/SI),0,1,0
Gangplank/Miss Fortune (BW/NX),Kindred/Shyvana (DE/SI),0,1,0
Annie/Jhin (RU/NX),Kindred/Shyvana (DE/SI),0,1,0
Kindred/Shyvana (DE/SI),Janna (PZ/SI),0,1,0
Norra/Poppy (BC),Kindred/Shyvana (DE/SI),0,1,0
Kindred/Shyvana (DE/SI),Evelynn/Kai'Sa/Renekton (RU/SH),0,1,0
Kindred/Shyvana (DE/SI),Maokai/Nautilus (BW/SI),0,1,0
Taliyah/Zilean (IO/SH),Kindred/Shyvana (DE/SI),0,1,0
Kindred/Shyvana (DE/SI),Garen/Poppy (DE),0,1,0
Akshan/Lee Sin (IO/SH),Kindred/Shyvana (DE/SI),0,1,0
Elise (FR/SI),Kindred/Shyvana (DE/SI),0,1,0
Braum/Yuumi/Zoe (FR/MT),Kindred/Shyvana (DE/SI),0,1,0
Kindred/Shyvana (DE/SI),Morgana/Udyr (DE/FR),0,1,0
Kindred/Shyvana (DE/SI),Draven/Rumble (NX/PZ),0,1,0
Kindred/Shyvana (DE/SI),Elder Dragon/Volibear (RU/FR),0,1,0
Kindred/Shyvana (DE/SI),Caitlyn/Teemo (BC/PZ),0,1,0
Kindred/Shyvana (DE/SI),Darius/Sejuani (FR/NX),0,1,0
Jack/Sett (BW/IO),Kindred/Shyvana (DE/SI),0,1,0
Swain/Yasuo (IO/NX),Draven/Katarina (NX/SI),0,1,0
Draven/Katarina (NX/SI),Heimerdinger/Jayce (PZ/SI),0,1,0
Karma/Sett (IO/PZ),Sett (IO/PZ),0,1,0
Elder Dragon (RU/FR),Sett (IO/PZ),0,1,0
Anivia (DE/FR),Azir/Xerath (SH),0,1,0
Azir/Xerath (SH),Miss Fortune/Twisted Fate (BW/NX),0,1,0
Jinx/Sion (NX/PZ),Elder Dragon/Garen (RU/DE),0,1,0
Nilah/Twisted Fate (BW/PZ),Aurelion Sol/Zoe (FR/MT),0,1,0
Aurelion Sol/Shyvana (DE/MT),Elder Dragon/Garen (RU/DE),0,1,0
Bard/Norra (BC/RU),Elder Dragon/Garen (RU/DE),0,1,0
Hecarim (IO/SI),Nilah/Twisted Fate (BW/PZ),0,1,0
Kalista (SI),Braum/Lillia (FR/IO),0,1,0
Lux: Illuminated/Shen (DE/IO),Elder Dragon/Volibear (RU/FR),0,1,0
Elder Dragon/Norra (RU/BC),Galio/Jarvan IV/Udyr (DE/FR),0,1,0
Aphelios/Zoe (MT),Galio/Jarvan IV/Udyr (DE/FR),0,1,0
Championpile (FR/SH),Galio/Jarvan IV/Udyr (DE/FR),0,1,0
Caitlyn/Teemo (FR/PZ),Galio/Jarvan IV/Udyr (DE/FR),0,1,0
Darius (FR/NX),Galio/Jarvan IV/Udyr (DE/FR),0,1,0
Ashe/Tahm Kench (BW/FR),Galio/Jarvan IV/Udyr (DE/FR),0,1,0
Championless (PZ/SI),Darius/Gnar (FR/NX),0,1,0
Braum/The Poro King (FR/RU),Championless (PZ/SI),0,1,0
Championpile (MT/PZ),Championless (PZ/SI),0,1,0
Championpile (DE/FR),Championless (PZ/SI),0,1,0
Championless (BC/SH),Kayle/Lux: Illuminated (DE/MT),0,1,0
Teemo (BW/PZ),Championless (BC/SH),0,1,0
Championless (BC/SH),Garen/Poppy (DE),0,1,0
Championless (BC/SH),Aatrox/Morgana (RU/DE),0,1,0
Jax/Ornn (FR/RU),Championless (BC/SH),0,1,0
Norra/Yuumi (BC/FR),Elder Dragon/Volibear (RU/FR),0,1,0
Norra/Yuumi (BC/FR),Azir/Irelia (IO/SH),0,1,0
Elder Dragon (RU/FR),Norra/Yuumi (BC/FR),0,1,0
Miss Fortune/Quinn (BW/DE),Norra/Yuumi (BC/FR),0,1,0
Lissandra/Mordekaiser (FR/SI),Norra/Yuumi (BC/FR),0,1,0
Kalista (PZ/SI),Norra/Yuumi (BC/FR),0,1,0
Jax/Tristana (BC/RU),Riven/Viktor (NX/PZ),0,1,0
Janna (PZ/SI),Viktor/Zoe (MT/PZ),0,1,0
Elise (NX/SI),Janna (PZ/SI),0,1,0
Mordekaiser (BC/SI),Janna (PZ/SI),0,1,0
Kalista (PZ/SI),Samira/Zoe (MT/NX),0,1,0
Zoe (MT),Championless (PZ/SI),0,1,0
Aurelion Sol/Shyvana (DE/MT),Samira/Zoe (MT/NX),0,1,0
Samira/Zoe (MT/NX),Yuumi/Zoe (FR/MT),0,1,0
Teemo (BC/PZ),Karma/Sett (IO/PZ),0,1,0
Braum/Yuumi/Zoe (FR/MT),Azir/Irelia (IO/SH),0,1,0
Mordekaiser/Norra (BC/SI),Teemo/Tristana (BC/NX),0,1,0
Master Yi/Nami (BW/IO),Akshan/Varus (SH/RU),0,1,0
Master Yi/Nami/Twisted Fate (BW/IO),Nilah/Twisted Fate (BW/PZ),0,1,0
Elise/Nocturne (NX/SI),Viktor/Zoe (MT/PZ),0,1,0
Viktor/Zoe (MT/PZ),Braum/Galio (DE/FR),0,1,0
Braum/Poppy (DE/FR),Taliyah/Zilean (IO/SH),0,1,0
Garen/Poppy (DE),Taliyah/Zilean (IO/SH),0,1,0
Garen/Neeko/Quinn (DE/RU),Taliyah/Zilean (IO/SH),0,1,0
Kayle/Lux: Illuminated (DE/MT),Azir/Irelia (IO/SH),0,1,0
Ekko/Jinx (PZ/SH),Taliyah/Zilean (IO/SH),0,1,0
Taliyah/Zilean (IO/SH),Kalista (SI),0,1,0
Championless (SI),Janna/Mordekaiser (PZ/SI),0,1,0
Ryze (IO/RU),Championless (SI),0,1,0
Garen/Udyr (DE/FR),Championless (SI),0,1,0
Viktor/Zoe (MT/PZ),Championless (SI),0,1,0
Elder Dragon/Lissandra (RU/FR),Gangplank/Thresh (BW/SI),0,1,0
Elder Dragon/Lissandra (RU/FR),Annie/Jhin (RU/NX),0,1,0
Mordekaiser/Senna (SI/SH),Karma/Sett (FR/IO),0,1,0
Braum (DE/FR),Karma/Sett (FR/IO),0,1,0
Elder Dragon/Lissandra (RU/FR),Miss Fortune/Quinn (BW/DE),0,1,0
Karma/Sett (FR/IO),Gnar/Nidalee (BC/SH),0,1,0
Elder Dragon/Lissandra (RU/FR),Gnar/Nidalee (BC/SH),0,1,0
Ezreal/Seraphine (BC/PZ),Elder Dragon/Lissandra (RU/FR),0,1,0
Master Yi/Yasuo (IO/MT),Elder Dragon/Lissandra (RU/FR),0,1,0
Elder Dragon/Lissandra (RU/FR),Rumble/Sion (BC/NX),0,1,0
Senna/Veigar (BC/SI),Gnar/Gwen (FR/SI),0,1,0
Aphelios/Lee Sin (IO/MT),Gnar/Gwen (FR/SI),0,1,0
Gnar/Gwen (FR/SI),Kayle (BW/MT),0,1,0
Gnar/Gwen (FR/SI),Darius/Riven (NX/SH),0,1,0
Gnar/Gwen (FR/SI),Janna/Sett (IO/PZ),0,1,0
Ezreal/Karma/Seraphine (IO/PZ),Elder Dragon/Garen (RU/DE),0,1,0
Elder Dragon/Shyvana (RU/DE),Draven/Jinx (NX/PZ),0,1,0
Galio/Udyr (DE/FR),Taliyah/Zilean (IO/SH),0,1,0
Taliyah/Zilean (IO/SH),Elder Dragon/Seraphine/Viktor (RU/PZ),0,1,0
Elder Dragon/Mordekaiser/Viego (RU/SI),Taliyah/Zilean (IO/SH),0,1,0
Kayle (DE/MT),Taliyah/Zilean (IO/SH),0,1,0
Taliyah/Zilean (IO/SH),Garen/Jarvan IV (DE/MT),0,1,0
Akshan/Morgana (DE/SH),Renekton (BW/SH),0,1,0
Aurelion Sol/Tryndamere (FR/MT),Ezreal/Seraphine (BC/PZ),0,1,0
Ezreal/Seraphine (BC/PZ),Lissandra/Tryndamere (FR/SI),0,1,0
LeBlanc/Mordekaiser (FR/NX),Championless (SI),0,1,0
Championless (SI),Miss Fortune/Twisted Fate (BW/NX),0,1,0
Elder Dragon (RU/FR),Championless (SI),0,1,0
Nasus (SI/SH),Championless (SI),0,1,0
Janna/Nilah (BW/PZ),Championless (SI),0,1,0
Rek'Sai (SH),Championless (SI),0,1,0
Akshan/Morgana/Taliyah (DE/SH),Championless (SI),0,1,0
Gangplank/Sejuani (BW/FR),Kalista (SI),0,1,0
Miss Fortune/Poppy (BW/DE),Aatrox/Kayn (RU/RU),0,1,0
Aurelion Sol/Shyvana (DE/MT),Ezreal/Kennen (IO/PZ),0,1,0
Ezreal/Kennen (IO/PZ),Gnar/Teemo (BC/PZ),0,1,0
Ezreal/Kennen (IO/PZ),Azir (MT/SH),0,1,0
Twisted Fate (BW/PZ),Irelia/Miss Fortune (BW/IO),0,1,0
Malphite/Yasuo (IO/MT),Elder Dragon/Norra (RU/BC),0,1,0
Leona/Yasuo (IO/MT),Elder Dragon/Norra (RU/BC),0,1,0
Elder Dragon/Norra (RU/BC),Draven/Rumble (DE/NX),0,1,0
Irelia/Miss Fortune (BW/IO),Elder Dragon/Morgana/Shyvana (RU/DE),0,1,0
Irelia/Miss Fortune (BW/IO),Elder Dragon/Volibear (RU/FR),0,1,0
Irelia/Miss Fortune (BW/IO),Volibear (DE/FR),0,1,0
Master Yi/Riven (IO/NX),Irelia/Miss Fortune (BW/IO),0,1,0
Irelia/Miss Fortune (BW/IO),Caitlyn (BC/PZ),0,1,0
Maokai/Nautilus (BW/SI),Shyvana (DE/MT),0,1,0
Braum (FR/NX),Ahri/Kennen (BC/IO),0,1,0
Ahri (IO/SH),Akshan/Udyr (FR/SH),0,1,0
Ahri (IO/SH),Jinx/Lulu (BC/PZ),0,1,0
Ahri/Kennen (BC/IO),Ashe/Braum (FR/SI),0,1,0
Karma/Sett (FR/IO),Elder Dragon/Galio/Morgana (RU/DE),0,1,0
Mordekaiser/Norra (BC/SI),Aphelios/Viktor (MT/PZ),0,1,0
Lux: Illuminated/Taric (DE/MT),Mordekaiser/Norra (BC/SI),0,1,0
Kalista (SI),Karma/Sett (FR/IO),0,1,0
Fizz/Lulu (BC/PZ),Karma/Sett (FR/IO),0,1,0
Braum/Poppy (DE/FR),Mordekaiser/Norra (BC/SI),0,1,0
Galio/Soraka (DE/MT),Akshan/Lee Sin (IO/SH),0,1,0
Akshan/Lee Sin (IO/SH),Braum/Vladimir (FR/NX),0,1,0
Darius (FR/NX),Elder Dragon/Mordekaiser/Viego (RU/SI),0,1,0
Elder Dragon/Volibear (RU/FR),Darius (FR/NX),0,1,0
Kayle/Zed (IO/MT),Bard/Norra (BC/RU),0,1,0
Norra/Teemo (BC/BW),Senna/Veigar (BC/SI),0,1,0
Norra/Teemo (BC/BW),Swain/Twisted Fate (BW/NX),0,1,0
Lissandra (FR/SI),Bard/Norra (BC/RU),0,1,0
Bard/Norra (BC/RU),Elder Dragon/Shyvana (RU/DE),0,1,0
Bard/Norra (BC/RU),Elder Dragon/Lissandra/Trundle (RU/FR),0,1,0
Kalista/Nasus (SI/SH),Bard/Norra (BC/RU),0,1,0
Nocturne/Vex (SI),Poppy/Ziggs (BC/NX),0,1,0
Annie/Jhin (RU/NX),Ashe/Vex (BC/FR),0,1,0
Karma/Sett (FR/IO),Ashe/Vex (BC/FR),0,1,0
Ashe/Vex (BC/FR),Ashe (FR/NX),0,1,0
Jack/Sett (BW/IO),Ashe/Vex (BC/FR),0,1,0
Ezreal/Jhin (RU/PZ),Azir/Hecarim (SI/SH),0,1,0
Bard/Mordekaiser (RU/SI),Ezreal/Jhin (RU/PZ),0,1,0
Ezreal/Jhin (RU/PZ),Fiora (DE/FR),0,1,0
Gangplank/Sejuani (BW/FR),Ezreal/Jhin (RU/PZ),0,1,0
Ezreal/Jhin (RU/PZ),Pyke/Rek'Sai (BW/SH),0,1,0
Caitlyn/Teemo (BC/PZ),Ezreal/Jhin (RU/PZ),0,1,0
Akshan/Taliyah/Zilean (IO/SH),Ezreal/Jhin (RU/PZ),0,1,0
Kalista (MT/SI),Akshan/Master Yi (IO/SH),0,1,0
Fizz/Nautilus/Twisted Fate (BW/IO),Akshan/Master Yi (IO/SH),0,1,0
Akshan/Master Yi (IO/SH),Anivia (FR/SI),0,1,0
Akshan/Master Yi (IO/SH),Braum/Elder Dragon (RU/FR),0,1,0
Akshan/Master Yi (IO/SH),Miss Fortune/Twisted Fate (BW/NX),0,1,0
Swain/Vladimir (BW/NX),Gnar/Gwen (FR/SI),0,1,0
Fiora (DE/FR),Ezreal (PZ/SI),0,1,0
Lux: Illuminated/Shen (DE/IO),Ezreal (PZ/SI),0,1,0
Kayle (FR/MT),Championless (PZ/SI),0,1,0
Fiora/Tahm Kench (BW/DE),Championless (PZ/SI),0,1,0
Akshan/Elder Dragon (RU/SH),Championless (PZ/SI),0,1,0
Azir/Irelia (IO/SH),Braum/Galio (DE/FR),0,1,0
Lillia (IO/MT),Morgana/Udyr (DE/FR),0,1,0
Galio/Poppy (DE/IO),Ashe/LeBlanc (FR/NX),0,1,0
Maokai (BW/SI),Annie/Jhin (RU/NX),0,1,0
Karma (IO/SI),Maokai (BW/SI),0,1,0
Mordekaiser/Viego (NX/SI),Maokai (BW/SI),0,1,0
Maokai (BW/SI),Hecarim/Zed (IO/SI),0,1,0
Kalista/Nasus (SI/SH),Maokai (BW/SI),0,1,0
Maokai (BW/SI),Poppy/Zed (DE/IO),0,1,0
Norra/Swain (BC/NX),Maokai (BW/SI),0,1,0
Kalista (PZ/SI),Maokai (BW/SI),0,1,0
Kayle/Zed (IO/MT),Maokai (BW/SI),0,1,0
Maokai (BW/SI),Janna/Mordekaiser (PZ/SI),0,1,0
Championpile (DE/FR),Senna (SI/SH),0,1,0
Garen/Poppy (DE/SH),Championpile (DE/FR),0,1,0
Lux: Illuminated/Taric (DE/MT),Championpile (DE/FR),0,1,0
Championpile (DE/FR),Hecarim (IO/SI),0,1,0
Viktor/Zoe (MT/PZ),Taliyah/Zilean (IO/SH),0,1,0
Elise (FR/SI),Taliyah/Zilean (IO/SH),0,1,0
Championless (BC/PZ),Taliyah/Zilean (IO/SH),0,1,0
Galio/Jarvan IV (DE),Taliyah/Zilean (IO/SH),0,1,0
Ashe/Braum (FR),Taliyah/Zilean (IO/SH),0,1,0
Ezreal/Karma (IO/PZ),Taliyah/Zilean (IO/SH),0,1,0
Zilean (PZ/SH),Taliyah/Zilean (IO/SH),0,1,0
Taliyah/Zilean (IO/SH),Nidalee/Taliyah (BC/SH),0,1,0
Azir/Nasus/Renekton (SH),Elder Dragon/Norra (RU/BC),0,1,0
Championless (PZ/SI),Aatrox/Kayn (RU/RU),0,1,0
Bard/Mordekaiser (RU/SI),Championless (PZ/SI),0,1,0
Nidalee/Taliyah (BC/SH),Championless (PZ/SI),0,1,0
Bard/Norra (BC/RU),Championless (PZ/SI),0,1,0
Championless (PZ/SI),Lissandra/Yuumi (BC/FR),0,1,0
Championless (PZ/SI),The Poro King (PZ/RU),0,1,0
Braum/Karma (FR/IO),Championless (PZ/SI),0,1,0
Hecarim/Zed (IO/SI),Lulu/Poppy/Ziggs (BC/NX),0,1,0
Heimerdinger/Jayce (PZ/SI),Lulu/Poppy/Ziggs (BC/NX),0,1,0
Elder Dragon/Volibear (RU/FR),Lulu/Poppy/Ziggs (BC/NX),0,1,0
Jinx (BC/PZ),Ziggs (BC/SH),0,1,0
Janna/Seraphine/Twisted Fate (BW/PZ),Ziggs (BC/SH),0,1,0
Azir/Irelia (IO/SH),Fizz/Zoe (BW/MT),0,1,0
Elder Dragon/Morgana/Shyvana (RU/DE),Fizz/Zoe (BW/MT),0,1,0
Senna/Veigar (BC/SI),Ezreal/Seraphine (BC/PZ),0,1,0
Caitlyn/Teemo (FR/PZ),Senna/Veigar (BC/SI),0,1,0
Senna/Veigar (BC/SI),Vayne/Zed (DE/IO),0,1,0
Senna/Veigar (BC/SI),Garen (DE/SI),0,1,0
Jinx/Lulu (IO/PZ),Senna/Veigar (BC/SI),0,1,0
Gnar (FR/NX),Senna/Veigar (BC/SI),0,1,0
Garen/Lucian (DE),Jayce/Swain (NX/PZ),0,1,0
Braum (FR/MT),Nasus/Thresh (SI/SH),0,1,0
Morgana/Udyr (DE/FR),Braum (FR/MT),0,1,0
Neeko/Poppy (DE/RU),Braum (FR/MT),0,1,0
Aphelios/Viktor (MT/PZ),Neeko/Poppy (DE/RU),0,1,0
Gnar/Nidalee (BC/SH),Aphelios/Viktor (MT/PZ),0,1,0
Shyvana (DE/MT),Lee Sin/Viktor (IO/PZ),0,1,0
Kai'Sa/Lillia (IO/SH),Aphelios/Viktor (MT/PZ),0,1,0
Kai'Sa/Shen (IO/SH),Aphelios/Viktor (MT/PZ),0,1,0
Aphelios/Viktor (MT/PZ),Shen/Sivir (IO/SH),0,1,0
Ezreal/Seraphine (BC/PZ),Master Yi/Zilean (IO/SH),0,1,0
Championless (BC/SH),Master Yi/Zilean (IO/SH),0,1,0
Bard/Mordekaiser (RU/SI),Master Yi/Zilean (IO/SH),0,1,0
Lulu/Neeko (BC/RU),Swain/Vladimir (BW/NX),0,1,0
Senna (PZ/SI),Nasus/Thresh (SI/SH),0,1,0
Morgana/Udyr (DE/FR),Senna (PZ/SI),0,1,0
Pyke (BW/SH),Nidalee (BC/SH),0,1,0
Hecarim/Lucian (DE/SI),Nidalee (BC/SH),0,1,0
Elise/Kindred (PZ/SI),Elder Dragon/Volibear (RU/FR),0,1,0
Elise/Kindred (PZ/SI),Jinx (BC/PZ),0,1,0
Senna (PZ/SI),Elise/Kindred (PZ/SI),0,1,0
Nasus/Thresh (SI/SH),Aphelios/Viktor (MT/PZ),0,1,0
Braum/Vladimir (FR/NX),Hecarim/Lucian (DE/SI),0,1,0
Darius/LeBlanc (FR/NX),Caitlyn/Teemo (FR/PZ),0,1,0
Jack/Nami (BW/PZ),Kindred/Nasus (SI/SH),0,1,0
Kindred/Nasus (SI/SH),Illaoi/Swain (BW/NX),0,1,0
Kindred/Nasus (SI/SH),Hecarim/Zed (IO/SI),0,1,0
Ashe/LeBlanc (FR/NX),Elder Dragon/Mordekaiser/Viego (RU/SI),0,1,0
Anivia (FR/SI),Poppy (DE),0,1,0
Anivia (FR/SI),Darius/Garen (DE/NX),0,1,0
Anivia (FR/SI),Elder Dragon/Trundle/Volibear (RU/FR),0,1,0
Aphelios/Viktor/Zoe (MT/PZ),Anivia (FR/SI),0,1,0
Pyke/Rek'Sai (BW/SH),Elise/Nocturne (SI/SH),0,1,0
Gwen (IO/SI),Elder Dragon/Volibear (RU/FR),0,1,0
Master Yi/Seraphine (IO/PZ),Neeko/Poppy (BC/RU),0,1,0
Lulu/Poppy/Zed (DE/IO),Ezreal/Karma/Seraphine (IO/PZ),0,1,0
Jinx (BC/PZ),Ezreal/Karma/Seraphine (IO/PZ),0,1,0
Ezreal/Seraphine (BC/PZ),Ezreal/Karma/Seraphine (IO/PZ),0,1,0
Akshan/Morgana (DE/SH),Ezreal/Karma/Seraphine (IO/PZ),0,1,0
Ezreal/Seraphine (PZ/SI),Hecarim/Zed (IO/SI),0,1,0
Zilean (BC/SH),Ezreal/Karma/Master Yi (IO/PZ),0,1,0
Zilean (BC/SH),Renekton (BW/SH),0,1,0
Zilean (BC/SH),Championless (BW/MT),0,1,0
Darius/Miss Fortune (BW/NX),Zilean (BC/SH),0,1,0
Akshan/Morgana (DE/SH),Karma/Sett (FR/IO),0,1,0
Kayle (BW/MT),Karma/Sett (FR/IO),0,1,0
Aphelios/Lee Sin (IO/MT),Braum/Udyr (FR/IO),0,1,0
Rumble/Sion (BC/NX),Braum/Udyr (FR/IO),0,1,0
Kalista/Nasus (SI/SH),Maokai/Nautilus (BW/SI),0,1,0
Maokai/Nautilus (BW/SI),Heimerdinger/Viktor (PZ/SI),0,1,0
Maokai/Nautilus (BW/SI),Aurelion Sol/Shyvana (DE/MT),0,1,0
Ashe/Gwen (FR/SI),Maokai/Nautilus (BW/SI),0,1,0
Shyvana/Zed (DE/IO),Maokai/Nautilus (BW/SI),0,1,0
Elder Dragon/Morgana (RU/DE),Ashe/LeBlanc (FR/NX),0,1,0
Akshan/Morgana (DE/SH),Lee Sin/Zoe (IO/MT),0,1,0
LeBlanc/Mordekaiser (FR/NX),Poppy/Soraka (DE/MT),0,1,0
Darius/Shen (IO/NX),Senna/Veigar (BC/SI),0,1,0
Lee Sin/Viktor (IO/PZ),Poppy/Ziggs (BC/NX),0,1,0
Morgana/Taliyah (DE/SH),Mordekaiser/Norra (BC/SI),0,1,0
Championless (SI),Elder Dragon/Mordekaiser/Viego (RU/SI),0,1,0
Jinx (BC/PZ),Morgana/Udyr (DE/FR),0,1,0
Pyke/Rek'Sai (BW/SH),Jinx (BC/PZ),0,1,0
Renekton (SH),Jinx (BC/PZ),0,1,0
Jinx (BC/PZ),Elder Dragon/Norra (RU/BC),0,1,0
Elder Dragon/Volibear (RU/FR),Katarina (NX/PZ),0,1,0
Teemo/Tristana (BC/NX),Elder Dragon/Volibear (RU/FR),0,1,0
Master Yi/Zilean (IO/SH),Akshan/Mordekaiser (SI/SH),0,1,0
Master Yi/Zilean (IO/SH),Karma/Sett (FR/IO),0,1,0
Galio (DE/IO),Master Yi/Zilean (IO/SH),0,1,0
Morgana/Udyr (DE/FR),Lulu/Neeko (BC/RU),0,1,0
Aatrox (RU/FR),Annie/Jhin (RU/NX),0,1,0
Darius/Shen (IO/NX),Kayle/Morgana (DE/MT),0,1,0
Morgana/Udyr (DE/FR),Malphite/Yasuo (IO/MT),0,1,0
Elder Dragon/Norra (RU/BC),Jax/Ornn (FR/RU),0,1,0
Elise (FR/SI),Elder Dragon/Norra (RU/BC),0,1,0
Elder Dragon/Norra (RU/BC),Master Yi/Viktor (IO/PZ),0,1,0
Elder Dragon/Norra (RU/BC),Draven/Jinx (NX/PZ),0,1,0
Norra/Swain (BC/NX),Elder Dragon/Norra (RU/BC),0,1,0
Janna (PZ/SI),Elder Dragon/Norra (RU/BC),0,1,0
Heimerdinger/Jayce (PZ/SI),Elder Dragon/Norra (RU/BC),0,1,0
Poppy (DE),Poppy/Ziggs (BC/NX),0,1,0
Nilah/Twisted Fate (BW/PZ),Gangplank/Gnar/Miss Fortune (BC/BW),0,1,0
Nami/Seraphine (BW/PZ),Nilah/Twisted Fate (BW/PZ),0,1,0
Elise/Twisted Fate (BW/SI),Nilah/Twisted Fate (BW/PZ),0,1,0
Galio/Jarvan IV/Udyr (DE/FR),Karma/Seraphine/Sett (IO/PZ),0,1,0
Karma (FR/IO),Azir/Irelia (IO/SH),0,1,0
Karma/Sett (FR/IO),Azir/Hecarim (SI/SH),0,1,0
Ezreal/Karma/Seraphine (IO/PZ),Bard/Norra (BC/RU),0,1,0
Lulu/Poppy (BC/NX),Annie/Gwen (NX/SI),0,1,0
Gnar/Poppy (BC/NX),Annie/Gwen (NX/SI),0,1,0
Annie/Gwen (NX/SI),Maokai/Nautilus (BW/SI),0,1,0
Illaoi/Swain (BW/NX),Rumble/Sion (BC/NX),0,1,0
Elder Dragon/Lissandra/Trundle (RU/FR),Ashe/Vex (BC/FR),0,1,0
Thresh/Viego (SI),Ashe/Vex (BC/FR),0,1,0
Jayce/Morgana (MT/PZ),Ashe/Vex (BC/FR),0,1,0
Elise/Thresh (FR/SI),Ashe/Vex (BC/FR),0,1,0
Senna/Veigar (BC/SI),Bard/Norra (BC/RU),0,1,0
Akshan/Sivir (DE/SH),Senna/Veigar (BC/SI),0,1,0
Karma/Udyr (FR/IO),Evelynn/Kai'Sa (RU/SH),0,1,0
Azir/Irelia (IO/SH),Janna/Seraphine/Twisted Fate (BW/PZ),0,1,0
Anivia (FR/SI),Morgana/Udyr (FR/MT),0,1,0
Zoe (MT/SH),Anivia (FR/SI),0,1,0
Aurelion Sol/Braum (FR/MT),Anivia (FR/SI),0,1,0
Anivia (FR/SI),Trundle/Vi (FR/PZ),0,1,0
Ezreal/Seraphine (PZ/SI),Elder Dragon/Volibear (RU/FR),0,1,0
Swain/Vi (NX/PZ),Ezreal/Seraphine (PZ/SI),0,1,0
Elder Dragon/Volibear (RU/FR),Darius/Miss Fortune (BW/NX),0,1,0
Galio/Soraka (DE/MT),Aatrox/Quinn/Vayne (RU/DE),0,1,0
Braum/Vladimir (FR/NX),Aatrox/Quinn/Vayne (RU/DE),0,1,0
Aatrox/Quinn/Vayne (RU/DE),Fiora (DE/FR),0,1,0
Norra/Zoe (BC/MT),Aatrox/Quinn/Vayne (RU/DE),0,1,0
Championpile/Elder Dragon (RU/FR),Aatrox/Quinn/Vayne (RU/DE),0,1,0
Kindred/Nasus (SI/SH),Norra/Teemo (BC/PZ),0,1,0
Aphelios/Viktor (MT/PZ),Elder Dragon/Morgana (RU/DE),0,1,0
Jinx/Lulu (BC/PZ),Elder Dragon/Morgana (RU/DE),0,1,0
Soraka/Tahm Kench (BW/MT),Karma/Sett (IO/PZ),0,1,0
Norra/Zoe (BC/MT),Master Yi/Viktor (IO/PZ),0,1,0
Master Yi/Viktor (IO/PZ),Jinx/Lulu (BC/PZ),0,1,0
Jinx/Lulu (BC/PZ),Akshan/Sivir (DE/SH),0,1,0
Gnar/Neeko (FR/RU),Karma/Sett (FR/IO),0,1,0
Elise (FR/SI),Karma/Sett (FR/IO),0,1,0
Karma/Seraphine/Sett (IO/PZ),Mordekaiser/Norra (BC/SI),0,1,0
Ezreal/Seraphine (BC/PZ),Karma/Seraphine/Sett (IO/PZ),0,1,0
Azir/Hecarim (SI/SH),Karma/Seraphine/Sett (IO/PZ),0,1,0
Bard/Norra (BC/RU),Aurelion Sol/Elder Dragon/Morgana (RU/MT),0,1,0
Karma/Sett (FR/IO),Akshan/Karma (IO/SH),0,1,0
Karma/Sett (FR/IO),Hecarim/Lucian (DE/SI),0,1,0
Xerath/Zilean (BC/SH),Taliyah/Zilean (IO/SH),0,1,0
Norra (BC/IO),Anivia (FR/SI),0,1,0
Anivia (FR/SI),Maokai (BW/SI),0,1,0
Anivia (FR/SI),Gwen (NX/SI),0,1,0
Ornn/Vayne (DE/FR),Anivia (FR/SI),0,1,0
Lee Sin/Master Yi (DE/IO),Anivia (FR/SI),0,1,0
Elder Dragon/Mordekaiser/Viego (RU/SI),Ezreal/Karma/Seraphine (IO/PZ),0,1,0
Aurelion Sol/Fiora (DE/MT),Ezreal/Karma/Seraphine (IO/PZ),0,1,0
Anivia (FR/SI),Ezreal/Karma/Seraphine (IO/PZ),0,1,0
The Poro King (PZ/RU),Ezreal/Karma/Seraphine (IO/PZ),0,1,0
Maokai/Nautilus (BW/SI),Ezreal/Karma/Seraphine (IO/PZ),0,1,0
Pyke/Rek'Sai (BW/SH),Ezreal/Karma/Seraphine (IO/PZ),0,1,0
Trundle/Tryndamere (FR/SI),Ezreal/Karma/Seraphine (IO/PZ),0,1,0
Akshan/Ekko (PZ/SH),Elder Dragon/Morgana/Shyvana (RU/DE),0,1,0
Fiora/Udyr (DE/FR),Elder Dragon/Morgana/Shyvana (RU/DE),0,1,0
Ashe/Vex (FR/SI),Ezreal/Seraphine (NX/PZ),0,1,0
Elder Dragon/Mordekaiser/Viego (RU/SI),Illaoi/Swain (BW/NX),0,1,0
Heimerdinger/Lux (DE/PZ),Elder Dragon/Mordekaiser/Viego (RU/SI),0,1,0
Elder Dragon/Mordekaiser/Viego (RU/SI),Maokai/Nautilus (BW/SI),0,1,0
Aurelion Sol/Shyvana (DE/MT),Heimerdinger/Lux (DE/PZ),0,1,0
Draven/Sion (NX/PZ),Taliyah/Zilean (IO/SH),0,1,0
Pantheon/Yuumi (DE/MT),Annie/Jhin (RU/NX),0,1,0
Aurelion Sol/Shyvana (DE/MT),Norra/Teemo (BC/PZ),0,1,0
Elder Dragon/Garen (RU/DE),Zoe (MT/PZ),0,1,0
Taliyah/Udyr (FR/SH),Elder Dragon/Garen (RU/DE),0,1,0
Karma/Sett (FR/IO),Elder Dragon/Garen (RU/DE),0,1,0
Akshan/Sivir (DE/SH),Taliyah/Zilean (IO/SH),0,1,0
Heimerdinger/Lux (DE/PZ),Taliyah/Zilean (IO/SH),0,1,0
Evelynn/Viego (RU/SI),Taliyah/Zilean (IO/SH),0,1,0
Katarina/Master Yi (IO/NX),Azir/Irelia (IO/SH),0,1,0
Elise (NX/SI),Katarina/Master Yi (IO/NX),0,1,0
Pantheon/Yuumi (DE/MT),Bard/Janna (RU/PZ),0,1,0
Caitlyn/Teemo (BC/PZ),Aatrox/Morgana (RU/DE),0,1,0
Jinx/Lulu (BC/PZ),Aatrox/Morgana (RU/DE),0,1,0
Bard/Norra (BC/RU),Yasuo (IO/NX),0,1,0
Gwen/Quinn (DE/SI),Maokai (BW/SI),0,1,0
Miss Fortune/Quinn (BW/DE),Aatrox/Kayn (RU/RU),0,1,0
Aatrox/Kayn (RU/RU),Ezreal/Karma/Seraphine (IO/PZ),0,1,0
Bard/Mordekaiser (RU/SI),Elder Dragon/Lissandra (RU/FR),0,1,0
Nasus/Viego (SI/SH),Ezreal/Karma/Seraphine (IO/PZ),0,1,0
Akshan/Pantheon (MT/SH),Ezreal/Karma/Seraphine (IO/PZ),0,1,0
Championpile (NX/PZ),Ezreal/Karma/Seraphine (IO/PZ),0,1,0
Ezreal/Karma/Seraphine (IO/PZ),Elder Dragon/Volibear (RU/FR),0,1,0
Senna/Veigar (BC/SI),Ezreal/Karma/Seraphine (IO/PZ),0,1,0
Leona/Soraka (DE/MT),Elder Dragon/Morgana/Shyvana (RU/DE),0,1,0
Azir/Xerath (SH),Elder Dragon/Morgana/Shyvana (RU/DE),0,1,0
Ezreal/Kennen (IO/PZ),Ezreal/Seraphine (NX/PZ),0,1,0
Aurelion Sol/Elder Dragon/Morgana (RU/MT),Ornn/Pantheon (FR/MT),0,1,0
Kai'Sa/Sivir (DE/SH),Azir/Xerath (SH),0,1,0
Bard/Norra (BC/RU),Championpile/Elder Dragon (RU/FR),0,1,0
Ezreal/Karma (IO/PZ),Bard/Norra (BC/RU),0,1,0
Jinx/Lulu (BC/PZ),Nocturne/Vex (SI),0,1,0
Gwen/Quinn/Vayne (DE/SI),Braum/Zoe (FR/MT),0,1,0
Bard/Tahm Kench (RU/BW),Elise/Norra (BC/SI),0,1,0
Ezreal/Seraphine (BC/PZ),Elise/Norra (BC/SI),0,1,0
Akshan/Morgana/Taliyah (DE/SH),Elise/Norra (BC/SI),0,1,0
Akshan/Morgana/Taliyah (DE/SH),Norra (BC/PZ),0,1,0
Zoe (MT),Norra (BC/PZ),0,1,0
Illaoi/Swain (BW/NX),Tahm Kench (BC/BW),0,1,0
Pyke/Rek'Sai (BW/SH),Tahm Kench (BC/BW),0,1,0
Taliyah (IO/SH),Taliyah/Zilean (IO/SH),0,1,0
Elder Dragon/Mordekaiser/Viego (RU/SI),Akshan/Morgana/Taliyah (DE/SH),0,1,0
Gwen/Quinn/Vayne (DE/SI),Annie/Gwen (NX/SI),0,1,0
Irelia/Miss Fortune (BW/IO),Gwen/Quinn/Vayne (DE/SI),0,1,0
Samira/Zoe (MT/NX),Draven/Jinx (NX/PZ),0,1,0
Janna (PZ/SI),Fiora/Shen (DE/IO),0,1,0
Elder Dragon/Lissandra (RU/FR),Nidalee (BC/SH),0,1,0
Elder Dragon/Lissandra (RU/FR),Draven/Jinx (NX/PZ),0,1,0
Braum/Vladimir (FR/NX),Elder Dragon/Lissandra (RU/FR),0,1,0
Draven/Jinx (NX/PZ),Aatrox/Morgana (RU/DE),0,1,0
Jinx/Nautilus (BW/PZ),Master Yi/Zilean (IO/SH),0,1,0
Jinx/Kennen (BC/PZ),Nilah/Twisted Fate (BW/PZ),0,1,0
Pyke/Rek'Sai (BW/SH),Jinx/Kennen (BC/PZ),0,1,0
Lillia/Lux: Illuminated (DE/IO),The Poro King (MT/RU),0,1,0
Norra (BC/PZ),Elder Dragon/Seraphine/Viktor (RU/PZ),0,1,0
Gangplank/Sejuani (BW/FR),Norra (BC/PZ),0,1,0
Mordekaiser (BC/SI),Norra (BC/PZ),0,1,0
Draven/Jinx (NX/PZ),Norra (BC/PZ),0,1,0
Norra (BC/PZ),Garen/Shyvana/Udyr (DE/FR),0,1,0
Bard/Kalista (RU/SI),Viktor/Zoe (MT/PZ),0,1,0
Ezreal/Seraphine (BC/PZ),Viktor/Zoe (MT/PZ),0,1,0
Lissandra (DE/FR),Viktor/Zoe (MT/PZ),0,1,0
Neeko/Norra (BC/RU),Annie/Jhin (RU/NX),0,1,0
Pyke/Rek'Sai (BW/SH),Gwen/Nidalee (SI/SH),0,1,0
Gwen/Quinn/Vayne (DE/SI),Gwen/Nidalee (SI/SH),0,1,0
Gnar/Nidalee (BC/SH),Gwen/Nidalee (SI/SH),0,1,0
Kalista/Lucian (DE/SI),The Poro King (RU),0,1,0
Elder Dragon/Volibear (RU/FR),Garen/Jarvan IV (DE),0,1,0
Elder Dragon/Seraphine/Viktor (RU/PZ),Ezreal/Seraphine (IO/PZ),0,1,0
Maokai (BW/SI),Azir/Xerath (SH),0,1,0
Aurelion Sol/Zoe (FR/MT),Elder Dragon/Norra (RU/BC),0,1,0
Mordekaiser/Viego (SI/SH),Nilah/Twisted Fate (BW/PZ),0,1,0
Akshan/Zilean (PZ/SH),Nilah/Twisted Fate (BW/PZ),0,1,0
Annie/Miss Fortune (BW/NX),Kalista/Lucian (DE/SI),0,1,0
Mordekaiser (BC/SI),Zoe (MT),0,1,0
Pyke/Rek'Sai (BW/SH),Kai'Sa/Zoe (MT/SH),0,1,0
Aatrox/Kayn (RU/RU),Elise/Vex (SI),0,1,0
Elder Dragon/Volibear (RU/FR),Elise/Vex (SI),0,1,0
Ezreal/Seraphine (NX/PZ),Elder Dragon/Volibear (RU/FR),0,1,0
Bard/Norra (BC/RU),Evelynn/Kai'Sa (RU/SH),0,1,0
Master Yi/Zilean (IO/SH),Teemo (BC/PZ),0,1,0
Braum/Yuumi/Zoe (FR/MT),Master Yi/Zilean (IO/SH),0,1,0
Leona/Yasuo (IO/MT),Master Yi/Zilean (IO/SH),0,1,0
Evelynn/Kai'Sa (RU/SH),Draven/Jinx (NX/PZ),0,1,0
Akshan/Nilah (BW/SH),Nilah/Twisted Fate (BW/PZ),0,1,0
The Poro King (PZ/RU),Bard (BC/RU),0,1,0
Nidalee (BC/SH),Akshan/Nilah (BW/SH),0,1,0
The Poro King (PZ/RU),Nidalee (BC/SH),0,1,0
Caitlyn/Teemo (BC/PZ),The Poro King (PZ/RU),0,1,0
Ornn/Volibear (DE/FR),Norra/Viego (BC/SI),0,1,0
Kindred/Senna (PZ/SI),Anivia (FR/SI),0,1,0
Kayle/Morgana (DE/MT),Anivia (FR/SI),0,1,0
Ekko (PZ/SH),Nidalee (BC/SH),0,1,0
Jinx/Teemo (NX/PZ),Rumble/Sion (BC/NX),0,1,0
Elise (FR/SI),Elise/Norra (BC/SI),0,1,0
Elise/Norra (BC/SI),Azir/Irelia (IO/SH),0,1,0
Ezreal/Nilah (BW/PZ),The Poro King (PZ/RU),0,1,0
Akshan/Nilah (BW/SH),Annie/Jhin (RU/NX),0,1,0
Ezreal/Seraphine (NX/PZ),Akshan/Nilah (BW/SH),0,1,0
Annie/Jhin (RU/NX),Ezreal/Seraphine (NX/PZ),0,1,0
Anivia (FR/SI),Tahm Kench (BC/BW),0,1,0
Azir/Irelia (IO/SH),Tahm Kench (BC/BW),0,1,0
Azir (IO/SH),Tahm Kench (BC/BW),0,1,0
Mordekaiser/Morgana (DE/SI),Tahm Kench (BC/BW),0,1,0
Elise (NX/SI),Evelynn/Lucian (DE/RU),0,1,0
The Poro King (PZ/RU),Pyke/Rek'Sai (BW/SH),0,1,0
Kennen/Lissandra (FR/IO),Ezreal/Seraphine (IO/PZ),0,1,0
Kalista/Lucian (DE/SI),Annie/Jhin (RU/NX),0,1,0
Ekko (PZ/SH),Kalista/Lucian (DE/SI),0,1,0
Irelia/Vayne (DE/IO),Bard/Norra (BC/RU),0,1,0
Championless (BC/SH),Gangplank/Sejuani (BW/FR),0,1,0
Championless (BC/SH),Trundle/Tryndamere (FR/SI),0,1,0
Championless (BC/SH),Hecarim/Zed (IO/SI),0,1,0
Kayle (BW/MT),Master Yi/Viktor (IO/PZ),0,1,0
Viktor/Zoe (MT/PZ),Annie/Gwen (NX/SI),0,1,0
Annie/Gwen (NX/SI),Akshan/Morgana/Taliyah (DE/SH),0,1,0
Maokai (BW/SI),Caitlyn/Teemo (BC/PZ),0,1,0
Braum/Vladimir (FR/NX),Maokai (BW/SI),0,1,0
Maokai (BW/SI),Karma/Seraphine (IO/PZ),0,1,0
Maokai (BW/SI),Bard/Kayle/Yuumi (RU/MT),0,1,0
Rumble/Sion (BC/NX),Maokai (BW/SI),0,1,0
Elder Dragon/Volibear (RU/FR),Nami/Zoe (BW/MT),0,1,0
Akshan/Sivir (FR/SH),Poppy/Ziggs (BC/NX),0,1,0
Darius/Gnar (FR/NX),Jhin/Yasuo (IO/RU),0,1,0
Fizz/Samira (BW/NX),Jhin/Yasuo (IO/RU),0,1,0
Caitlyn/Teemo (FR/PZ),Darius/Gnar (FR/NX),0,1,0
Bard (BC/RU),Evelynn/Kai'Sa (RU/SH),0,1,0
Tahm Kench (BC/BW),Hecarim/Lucian (DE/SI),0,1,0
Malphite/Yasuo (IO/MT),Elder Dragon/Volibear (RU/FR),0,1,0
Soraka/Tryndamere (FR/MT),Norra/Viego (BC/SI),0,1,0
Aurelion Sol/Volibear (FR/MT),Taliyah/Zilean (IO/SH),0,1,0
Anivia (FR/SI),Championless (NX/PZ),0,1,0
Bard/Mordekaiser (RU/SI),Anivia (FR/SI),0,1,0
Akshan/Mordekaiser (SI/SH),Anivia (FR/SI),0,1,0
Gwen/Zed (IO/SI),Anivia (FR/SI),0,1,0
Anivia (FR/SI),Anivia/Karma (FR/IO),0,1,0
Janna/Seraphine (IO/PZ),Norra (BC/PZ),0,1,0
Gwen/Irelia/Zed (IO/SI),Norra (BC/PZ),0,1,0
Kindred/Nasus/Viego (SI/SH),Norra (BC/PZ),0,1,0
Zed (IO/SI),Norra (BC/PZ),0,1,0
Ezreal/Seraphine (NX/PZ),The Poro King (MT/RU),0,1,0
Evelynn/Kai'Sa (RU/SH),Ezreal/Seraphine (NX/PZ),0,1,0
Darius/Miss Fortune (BW/NX),Ezreal/Seraphine (IO/PZ),0,1,0
Elder Dragon (RU/FR),Ezreal/Seraphine (IO/PZ),0,1,0
Elder Dragon/Viego (RU/SI),Annie/Gwen (NX/SI),0,1,0
Bard (RU/SI),Tahm Kench (BC/BW),0,1,0
Ashe (FR/PZ),Gangplank/Gnar (BC/BW),0,1,0
Gwen/Nidalee (SI/SH),Fiora/Udyr (DE/FR),0,1,0
The Poro King (MT/RU),Fiora/Udyr (DE/FR),0,1,0
Norra/Zoe (BC/MT),Ezreal/Seraphine (NX/PZ),0,1,0
Ekko (PZ/SH),Norra/Zoe (BC/MT),0,1,0
Jack/Sett (BW/IO),Master Yi/Zilean (IO/SH),0,1,0
Master Yi/Zilean (IO/SH),Jinx/Lulu (BC/PZ),0,1,0
Gwen/Nidalee (SI/SH),Darius/Gnar (FR/NX),0,1,0
Tristana (BC/MT),Jhin/Yasuo (IO/RU),0,1,0
Galio/Morgana (DE/MT),Aphelios/Zoe (MT/PZ),0,1,0
Anivia/Braum (FR/SI),Aphelios/Zoe (MT/PZ),0,1,0
Irelia/Master Yi (FR/IO),The Poro King (MT/RU),0,1,0
Championless (BC/SH),Illaoi/Jax (BW/RU),0,1,0
Master Yi/Viktor (IO/PZ),Hecarim/Zed (IO/SI),0,1,0
Elder Dragon/Norra (RU/BC),Irelia/Miss Fortune (BW/IO),0,1,0
Nilah/Twisted Fate (BW/PZ),Maokai (BW/SI),0,1,0
Elder Dragon/Volibear (RU/FR),Fiora/Garen (DE/FR),0,1,0
Elder Dragon/Volibear (RU/FR),Aphelios/Master Yi (IO/MT),0,1,0
Jhin/Norra (BC/RU),Gwen/Irelia (IO/SI),0,1,0
Gwen/LeBlanc (NX/SI),Caitlyn/Teemo (FR/PZ),0,1,0
The Poro King (MT/RU),Fizz/Samira (BW/NX),0,1,0
Jhin/Yasuo (IO/RU),Aphelios/Norra (BC/MT),0,1,0
Jinx (NX/PZ),Anivia (FR/SI),0,1,0
Jax/Ornn/Udyr (FR/RU),Anivia (FR/SI),0,1,0
Azir/Irelia (IO/SH),Jinx/Teemo (BW/PZ),0,1,0
Anivia (FR/SI),Kennen/Seraphine (IO/PZ),0,1,0
Ryze (IO/RU),Championless (PZ/SI),0,1,0
Miss Fortune/Vayne (BW/DE),Lee Sin/Viktor (IO/PZ),0,1,0
Elder Dragon/Viego (RU/SI),Akshan/Samira (NX/SH),0,1,0
Evelynn/Lucian (DE/RU),Elder Dragon/Volibear (RU/FR),0,1,0
Master Yi/Zilean (IO/SH),Master Yi/Samira (IO/NX),0,1,0
Garen/Jarvan IV (DE),Master Yi/Zilean (IO/SH),0,1,0
Fizz/Samira (BW/NX),Gwen/Irelia (IO/SI),0,1,0
Ashe/Braum/Udyr (FR/IO),Gwen/Irelia (IO/SI),0,1,0
Master Yi/Viktor (IO/PZ),Ekko/Jinx (PZ/SH),0,1,0
Master Yi/Taliyah/Zilean (IO/SH),Twisted Fate (BW/PZ),0,1,0
Twisted Fate (BW/PZ),Jack/Sett (BW/IO),0,1,0
Ezreal/Kennen (IO/PZ),Galio/Udyr (DE/FR),0,1,0
Heimerdinger/Viktor (PZ/SH),Elder Dragon/Norra (RU/BC),0,1,0
Annie/Gwen (NX/SI),Elder Dragon/Morgana (RU/DE),0,1,0
Swain/Yasuo (IO/NX),Ezreal (PZ/SI),0,1,0
Akshan/Viktor (PZ/SH),Azir/Irelia (IO/SH),0,1,0
Jayce/Swain (NX/PZ),Draven (MT/NX),0,1,0
Akshan/Morgana/Taliyah (DE/SH),Aphelios/Seraphine (MT/PZ),0,1,0
Ryze (RU/SH),Master Yi/Zilean (IO/SH),0,1,0
Bard/Norra (BC/RU),Hecarim (SI/SH),0,1,0
Bard (BC/RU),Ashe/LeBlanc (FR/NX),0,1,0
Senna/Veigar (BC/SI),Jinx/Lulu (BC/PZ),0,1,0
Viego (NX/SI),Senna/Veigar (BC/SI),0,1,0
Elder Dragon/Norra (RU/BC),Senna/Veigar (BC/SI),0,1,0
Heimerdinger/Lux (DE/PZ),Anivia (FR/SI),0,1,0
Viego/Yuumi (MT/SI),Anivia (FR/SI),0,1,0
Akshan/Morgana (MT/SH),Anivia (FR/SI),0,1,0
Anivia (FR/SI),Bard/Norra (BC/RU),0,1,0
Ashe/LeBlanc (FR/NX),Aphelios/Seraphine (MT/PZ),0,1,0
Pyke/Rek'Sai (BW/SH),Fiora/Udyr (DE/FR),0,1,0
Aurelion Sol/Shyvana (DE/MT),Elder Dragon/Morgana/Shyvana (RU/DE),0,1,0
Caitlyn/Teemo (FR/PZ),Ezreal/Karma (IO/PZ),0,1,0
Galio/Morgana (DE/FR),Morgana/Udyr (DE/FR),0,1,0
Jinx (BC/PZ),Mordekaiser/Norra (BC/SI),0,1,0
Gangplank/Teemo (BW/PZ),Elder Dragon/Volibear (RU/FR),0,1,0
Master Yi/Samira (IO/NX),Nilah/Twisted Fate (BW/PZ),0,1,0
Akshan/Varus (SH/RU),Nilah/Twisted Fate (BW/PZ),0,1,0
Championless (BC/SH),Master Yi/Nami (BW/IO),0,1,0
Karma (IO/PZ),Master Yi/Nami (BW/IO),0,1,0
Hecarim/Zed (IO/SI),Kalista (DE/SI),0,1,0
Annie (NX/SI),Ashe/LeBlanc (FR/NX),0,1,0
Jax/Teemo (BC/RU),Master Yi/Viktor (IO/PZ),0,1,0
Ahri/Kennen (IO/SI),Master Yi/Viktor (IO/PZ),0,1,0
Elise (NX/SI),Fizz/Samira (BW/NX),0,1,0
Diana/Nocturne (MT/SI),Braum (FR/SI),0,1,0
Evelynn/Zoe (RU/MT),Ezreal/Kennen (IO/PZ),0,1,0
Akshan/Taliyah/Xerath (MT/SH),Ezreal/Kennen (IO/PZ),0,1,0
Karma/Miss Fortune/Zed (BW/IO),Ezreal/Kennen (IO/PZ),0,1,0
Annie/Ashe (FR/NX),Fizz/Nidalee (BC/SH),0,1,0
Pyke/Rek'Sai (BW/SH),Braum (FR/SI),0,1,0
Ezreal (PZ/SI),Mordekaiser/Norra (BC/SI),0,1,0
Jinx/Teemo (BC/PZ),Norra/Zed (BC/IO),0,1,0
Norra/Zed (BC/IO),Elder Dragon/Lissandra (RU/FR),0,1,0
Elise (NX/SI),Ezreal/Seraphine (IO/PZ),0,1,0
Elder Dragon (RU/FR),Nidalee (BC/SH),0,1,0
Nami/Samira (BW/NX),Fizz/Samira (BW/NX),0,1,0
Draven/Katarina (IO/NX),Fiora/Udyr (DE/FR),0,1,0
Kalista/Lucian (DE/SI),Draven/Katarina (IO/NX),0,1,0
Draven/Katarina (IO/NX),Pyke/Rek'Sai (BW/SH),0,1,0
Elise (NX/SI),Pyke/Rek'Sai (BW/SH),0,1,0
Ryze (IO/RU),Senna/Veigar (BC/SI),0,1,0
Anivia (FR/SI),Norra/Yuumi (BC/FR),0,1,0
Neeko/Poppy (BC/RU),Gnar/Jhin (BC/RU),0,1,0
Championless (FR/IO),Katarina/Yasuo (IO/NX),0,1,0
Elder Dragon/Morgana/Shyvana (RU/DE),Elder Dragon/Mordekaiser/Viego (RU/SI),0,1,0
Morgana/Riven (MT/NX),Elder Dragon/Volibear (RU/FR),0,1,0
Lux: Illuminated/Shen (DE/IO),Akshan/Ekko (PZ/SH),0,1,0
Lux: Illuminated/Shen (DE/IO),Hecarim/Zed (IO/SI),0,1,0
Elder Dragon/Garen/Jarvan IV (RU/DE),Annie/Jhin (RU/NX),0,1,0
Braum/Soraka (FR/MT),Aurelion Sol/Shyvana (DE/MT),0,1,0
Norra/Zoe (BC/MT),Caitlyn/Teemo (FR/PZ),0,1,0
Elder Dragon/Volibear (RU/FR),Elder Dragon/Mordekaiser/Viego (RU/SI),0,1,0
Championpile/Elder Dragon (RU/DE),Azir/Irelia (IO/SH),0,1,0
Championpile/Elder Dragon (RU/DE),Elder Dragon/Galio/Morgana (RU/DE),0,1,0
Karma/Lux (DE/IO),Elder Dragon/Volibear (RU/FR),0,1,0
Ekko/Seraphine (PZ/SI),Fizz/Nidalee (BC/SH),0,1,0
Kalista/Lucian (DE/SI),Elise/Nocturne (NX/SI),0,1,0
Darius/Draven/Sion (NX),Championless (BC/SH),0,1,0
Fiora (DE/FR),Championless (BC/SH),0,1,0
Championless (FR/IO),Ashe/Caitlyn (FR/PZ),0,1,0
Hecarim/Zed (IO/SI),Elise/Nocturne (NX/SI),0,1,0
Kalista (DE/SI),Fizz/Nidalee (BC/SH),0,1,0
Gwen/Quinn (DE/SI),Jinx (BC/PZ),0,1,0
Braum (FR/SI),Fizz/Nidalee (BC/SH),0,1,0
Hecarim/Zed (IO/SI),Fizz/Nidalee (BC/SH),0,1,0
Evelynn/Kai'Sa (RU/SH),Fizz/Nidalee (BC/SH),0,1,0
Ezreal/Seraphine (IO/PZ),Elder Dragon/Garen (RU/DE),0,1,0
Ezreal/Seraphine (IO/PZ),Elder Dragon/Trundle/Volibear (RU/FR),0,1,0
Championless (IO/PZ),Ezreal/Seraphine (IO/PZ),0,1,0
Championless (NX/PZ),Ezreal/Seraphine (IO/PZ),0,1,0
Braum (FR/SI),Norra/Swain (BC/NX),0,1,0
Bard/Braum/Gnar/Sejuani (RU/FR),Norra/Swain (BC/NX),0,1,0
Caitlyn/Teemo (FR/PZ),Seraphine/Teemo (BC/PZ),0,1,0
Annie/Ashe (FR/NX),Annie/Jhin (RU/NX),0,1,0
Draven/Katarina (IO/NX),Braum/Zoe (FR/MT),0,1,0
Bard/Norra (BC/RU),Draven/Katarina (IO/NX),0,1,0
Fizz/Samira (BW/NX),Braum/Zoe (FR/MT),0,1,0
Norra (BC/PZ),Fizz/Samira (BW/NX),0,1,0
Braum/Zoe (FR/MT),Braum (FR/SI),0,1,0
Braum/Zoe (FR/MT),Akshan/Katarina (NX/SH),0,1,0
Annie/Twisted Fate (BW/NX),Braum/Zoe (FR/MT),0,1,0
Darius (FR/NX),Jayce/Lux (DE/PZ),0,1,0
Ashe/LeBlanc (FR/NX),Annie/Elise (NX/SI),0,1,0
The Poro King (FR/RU),Anivia (FR/SI),0,1,0
Anivia (FR/SI),Annie/Katarina (BC/NX),0,1,0
Zilean (BC/SH),Caitlyn/Teemo (BC/PZ),0,1,0
Miss Fortune (BW/PZ),Pyke/Rek'Sai (BW/SH),0,1,0
Braum (FR/SI),Caitlyn/Teemo (BC/PZ),0,1,0
Katarina/Yasuo (IO/NX),Akshan/Katarina (NX/SH),0,1,0
Elder Dragon/Morgana/Shyvana (RU/DE),Elder Dragon/Trundle/Volibear (RU/FR),0,1,0
Elder Dragon/Morgana/Shyvana (RU/DE),Annie/Elise (NX/SI),0,1,0
Evelynn/Lucian (DE/RU),Elder Dragon/Morgana/Shyvana (RU/DE),0,1,0
Bard/Braum/Gnar/Sejuani (RU/FR),Annie/Jhin (RU/NX),0,1,0
Caitlyn/Seraphine/Teemo (BC/PZ),Annie/Jhin (RU/NX),0,1,0
Evelynn/Lucian (DE/RU),Norra (BC/PZ),0,1,0
Azir/Irelia (IO/SH),Draven/Ezreal (NX/PZ),0,1,0
Azir/Irelia (IO/SH),Poppy/Zed (DE/IO),0,1,0
Fiora/Garen (DE/FR),Annie/Jhin (RU/NX),0,1,0
Jhin/Viktor (RU/PZ),Championpile/Elder Dragon (RU/DE),0,1,0
Aurelion Sol/Leona (MT/SH),Championpile/Elder Dragon (RU/DE),0,1,0
Anivia (FR/SI),Championpile/Elder Dragon (RU/DE),0,1,0
Elder Dragon/Volibear (RU/FR),Darius/Draven (NX/SI),0,1,0
Miss Fortune/Quinn (BW/DE),Norra/Zoe (BC/MT),0,1,0
Caitlyn/Seraphine/Teemo (BC/PZ),Norra/Zoe (BC/MT),0,1,0
Ashe/LeBlanc (FR/NX),Elder Dragon/Garen (RU/DE),0,1,0
Teemo (BC/PZ),Elder Dragon/Garen (RU/DE),0,1,0
Ryze (IO/RU),Elder Dragon/Garen (RU/DE),0,1,0
Caitlyn/Teemo (BC/PZ),Elder Dragon/Garen (RU/DE),0,1,0
Jack/Soraka (BW/MT),Elder Dragon/Garen (RU/DE),0,1,0
Poppy/Ziggs (BC/NX),Elder Dragon/Garen (RU/DE),0,1,0
Elder Dragon/Garen (RU/DE),Shyvana/Viego (DE/SI),0,1,0
Morgana/Vex (BC/MT),Elder Dragon/Garen (RU/DE),0,1,0
Kayle/Shyvana (DE/MT),Elder Dragon/Garen (RU/DE),0,1,0
Evelynn/Lucian (DE/RU),Evelynn/Kai'Sa (RU/SH),0,1,0
Bard/Norra (BC/RU),Katarina/Miss Fortune (BW/NX),0,1,0
Ezreal/Teemo (NX/PZ),Fizz/Nidalee (BC/SH),0,1,0
Caitlyn/Teemo (PZ/SI),Azir/Irelia (IO/SH),0,1,0
Diana/Nocturne (MT/SI),Azir/Irelia (IO/SH),0,1,0
Fiora (DE/SH),Braum/Zoe (FR/MT),0,1,0
Championless (MT/SI),Senna/Veigar (BC/SI),0,1,0
Aurelion Sol/Shyvana (DE/MT),Lee Sin/Zoe (IO/MT),0,1,0
Jayce/Lux (DE/PZ),Poppy/Soraka (DE/MT),0,1,0
Norra/Zoe (BC/MT),Jayce/Lux (DE/PZ),0,1,0
Jayce/Lux (DE/PZ),Heimerdinger/Norra (BC/SI),0,1,0
Kindred/Nasus (SI/SH),Aurelion Sol/Shyvana (DE/MT),0,1,0
Fiora/Galio (DE/NX),Anivia (FR/SI),0,1,0
Fiora (DE/SH),Norra/Swain (BC/NX),0,1,0
Jinx/Teemo (BW/PZ),Braum/Vladimir (FR/NX),0,1,0
Elder Dragon/Mordekaiser/Viego (RU/SI),Elise/Nocturne (SI/SH),0,1,0
Kai'Sa/Pantheon (MT/SH),Elder Dragon/Volibear (RU/FR),0,1,0
Kai'Sa/Pantheon (MT/SH),Gangplank/Sejuani (BW/FR),0,1,0
Mordekaiser/Viego (NX/SI),Kai'Sa/Pantheon (MT/SH),0,1,0
Mordekaiser/Viego (NX/SI),Poppy/Soraka (DE/MT),0,1,0
Janna/Norra (BC/PZ),Mordekaiser/Viego (NX/SI),0,1,0
Nidalee/Taliyah (BC/SH),Elder Dragon/Galio/Morgana (RU/DE),0,1,0
Fizz/Nidalee (BC/SH),Norra (BC/PZ),0,1,0
Kai'Sa/Pantheon (MT/SH),Ezreal/Seraphine (IO/PZ),0,1,0
Elder Dragon/Norra (RU/BC),Taliyah/Ziggs (BC/SH),0,1,0
Miss Fortune/Vayne (BW/DE),Soraka (BW/MT),0,1,0
Aurelion Sol/Volibear (FR/MT),Azir/Irelia (IO/SH),0,1,0
Gangplank/Gnar (BC/BW),Azir/Irelia (IO/SH),0,1,0
Elder Dragon/Mordekaiser/Viego (RU/SI),Hecarim/Zed (IO/SI),0,1,0
Fiora/Udyr (DE/FR),Ashe/LeBlanc (FR/NX),0,1,0
Fiora/Udyr (DE/FR),Bard/Braum/Gnar/Sejuani (RU/FR),0,1,0
Caitlyn/Teemo (FR/PZ),Master Yi/Zilean (IO/SH),0,1,0
Anivia (FR/SI),Caitlyn/Teemo (BW/PZ),0,1,0
Fiora (DE/SH),Ashe/LeBlanc (FR/NX),0,1,0
Ekko (PZ/SH),Ashe/LeBlanc (FR/NX),0,1,0
Seraphine/Teemo (BC/PZ),Fizz/Nidalee (BC/SH),0,1,0
Seraphine/Teemo (BC/PZ),Ashe/Gnar (FR),0,1,0
Mordekaiser/Morgana (DE/SI),Taliyah/Zilean (IO/SH),0,1,0
Jinx/Lulu (BC/PZ),Braum/Norra (BC/FR),0,1,0
Akshan/Sivir (DE/SH),Championless (PZ/SI),0,1,0
Heimerdinger/Jayce (IO/PZ),Annie/Jhin (RU/NX),0,1,0
Heimerdinger/Jayce (IO/PZ),Pyke/Rek'Sai (BW/SH),0,1,0
Bard/Norra (BC/RU),Ashe/Sejuani (FR),0,1,0
Bard/Braum/Gnar/Sejuani (RU/FR),Fizz/Nidalee (BC/SH),0,1,0
Norra (BC/PZ),Elise/Nocturne (NX/SI),0,1,0
Akshan/Morgana (DE/SH),Akshan/Lee Sin (IO/SH),0,1,0
Karma/Sett (FR/IO),Akshan/Lee Sin (IO/SH),0,1,0
Azir/Hecarim (SI/SH),Akshan/Lee Sin (IO/SH),0,1,0
Bard/Norra (BC/RU),Rumble/Vayne (DE/NX),0,1,0
Braum (FR/SI),Fiora (DE/SH),0,1,0
Braum (FR/SI),Aphelios/Zoe (BC/MT),0,1,0
Maokai (BW/SI),Senna/Veigar (BC/SI),0,1,0
Ashe/LeBlanc (FR/NX),Ezreal/Seraphine (IO/PZ),0,1,0
Miss Fortune/Quinn (BW/DE),Draven/Katarina (IO/NX),0,1,0
Jinx/Teemo (BC/PZ),Kayle (BW/MT),0,1,0
Aatrox/Kayn (RU/RU),Gangplank/Sejuani (BW/FR),0,1,0
Master Yi/Yasuo (IO/MT),Aatrox/Kayn (RU/RU),0,1,0
Azir/Irelia (IO/SH),Kai'Sa/Pantheon (MT/SH),0,1,0
Aurelion Sol/Shyvana (DE/MT),Kai'Sa/Pantheon (MT/SH),0,1,0
Championless (BC/PZ),Nilah/Twisted Fate (BW/PZ),0,1,0
Bard/Norra (BC/RU),Elder Dragon/Morgana/Shyvana (RU/DE),0,1,0
Caitlyn/Teemo (BC/PZ),Elder Dragon/Morgana/Shyvana (RU/DE),0,1,0
Kalista (DE/SI),Ezreal/Seraphine (NX/PZ),0,1,0
Ezreal (BC/PZ),Ezreal/Seraphine (NX/PZ),0,1,0
Ezreal/Seraphine (IO/PZ),Mordekaiser/Norra (BC/SI),0,1,0
Braum (FR/PZ),Ezreal/Seraphine (IO/PZ),0,1,0
Ezreal/Seraphine (IO/PZ),Jack/Sett (BW/IO),0,1,0
Miss Fortune/Quinn (BW/DE),Fiora/Udyr (DE/FR),0,1,0
Gwen/Zed (IO/SI),Irelia/Kennen (IO),0,1,0
Ezreal (BC/PZ),Ekko (PZ/SH),0,1,0
Championless (BC/PZ),Fizz/Nidalee (BC/SH),0,1,0
Championless (BC/PZ),Elise/Nocturne (NX/SI),0,1,0
Aphelios/Viktor (MT/PZ),Karma/Sett (FR/IO),0,1,0
Aurelion Sol/Zoe (FR/MT),Heimerdinger/Jayce (IO/PZ),0,1,0
Fizz/Miss Fortune/Sejuani (BW/FR),Miss Fortune/Quinn (BW/DE),0,1,0
Miss Fortune/Sejuani/Twisted Fate (BW/FR),Miss Fortune/Quinn (BW/DE),0,1,0
Ashe/Gnar (FR),Miss Fortune/Quinn (BW/DE),0,1,0
Braum (FR/SI),Miss Fortune/Quinn (BW/DE),0,1,0
Karma/Sett (FR/IO),Rumble/Vayne (DE/NX),0,1,0
Caitlyn/Teemo (BC/PZ),Heimerdinger/Jayce (PZ/SI),0,1,0
Senna/Veigar (BC/SI),Garen/Jarvan IV (DE),0,1,0
Zilean (PZ/SH),Senna/Veigar (BC/SI),0,1,0
Ezreal/Seraphine (IO/PZ),Elder Dragon/Shyvana (RU/DE),0,1,0
Mordekaiser (NX/SI),Ezreal/Seraphine (IO/PZ),0,1,0
Master Yi/Miss Fortune (BW/IO),Ezreal/Seraphine (IO/PZ),0,1,0
Illaoi (BW/IO),Aatrox/Morgana (RU/DE),0,1,0
Aatrox/Morgana (RU/DE),Morgana/Zoe (MT),0,1,0
Bard/Norra (BC/RU),Neeko (FR/RU),0,1,0
Ezreal (PZ/SI),Yuumi/Zoe (FR/MT),0,1,0
Ezreal (PZ/SI),Poppy/Ziggs (BC/NX),0,1,0
Fizz/Miss Fortune/Sejuani (BW/FR),Braum/Zoe (FR/MT),0,1,0
Garen/Lucian (DE),Hecarim/Kalista (IO/SI),0,1,0
Hecarim/Kalista (IO/SI),Ashe/LeBlanc (FR/NX),0,1,0
Ezreal/Kennen (IO/PZ),Norra/Swain (BC/NX),0,1,0
Garen/Lucian (DE),Norra/Swain (BC/NX),0,1,0
Garen/Vayne (DE/SH),Fizz/Samira (BW/NX),0,1,0
Norra/Swain (BC/NX),Championless (SI/SH),0,1,0
Elise/Nocturne (NX/SI),Fizz/Samira (BW/NX),0,1,0
Elise/Nocturne (NX/SI),Norra/Swain (BC/NX),0,1,0
Garen (DE),Norra/Swain (BC/NX),0,1,0
Fizz/Samira (BW/NX),Fiora/Udyr (DE/FR),0,1,0
Elder Dragon/Lissandra (RU/FR),Anivia (FR/SI),0,1,0
Anivia (FR/SI),Jinx/Samira (NX/PZ),0,1,0
Anivia (FR/SI),Akshan/Seraphine (PZ/SH),0,1,0
Championless (MT/SI),Anivia (FR/SI),0,1,0
Illaoi/Swain (BW/NX),Anivia (FR/SI),0,1,0
Ezreal/Seraphine (BC/PZ),Norra/Teemo (BC/PZ),0,1,0
Heimerdinger/Jayce (PZ/SI),Norra/Teemo (BC/PZ),0,1,0
Lux: Illuminated/Shen (DE/IO),Nilah/Twisted Fate (BW/PZ),0,1,0
Lux: Illuminated/Shen (DE/IO),Bard/Norra (BC/RU),0,1,0
Elise (FR/SI),Aurelion Sol/Elder Dragon/Morgana (RU/MT),0,1,0
Ashe/Udyr (DE/FR),Ashe (FR/PZ),0,1,0
Elise/Kalista (FR/SI),Aatrox/Kayn (RU/RU),0,1,0
Taliyah/Xerath/Ziggs (BC/SH),Anivia (FR/SI),0,1,0
Elder Dragon/Morgana/Shyvana (RU/DE),Karma/Seraphine/Sett (IO/PZ),0,1,0
Lee Sin/Viktor (IO/PZ),Elder Dragon/Morgana/Shyvana (RU/DE),0,1,0
Lucian (DE/IO),Taliyah/Zilean (IO/SH),0,1,0
Anivia/Elder Dragon/Volibear (RU/FR),Azir/Xerath (SH),0,1,0
Azir/Xerath (SH),Shyvana (DE/MT),0,1,0
Nami/Samira (BW/NX),Bard/Norra (BC/RU),0,1,0
Bard/Norra (BC/RU),Akshan/Nilah (BW/SH),0,1,0
Katarina/Yasuo (IO/NX),Elise (NX/SI),0,1,0
Azir/Xerath (SH),Kayn/Vayne (DE/RU),0,1,0
Akshan/Nilah (BW/SH),Braum/Zoe (FR/MT),0,1,0
Akshan/Nilah (BW/SH),Evelynn/Quinn (DE/RU),0,1,0
Kai'Sa/Sivir (DE/SH),Viktor/Zoe (MT/PZ),0,1,0
Seraphine/Viktor (BC/PZ),Kai'Sa/Sivir (DE/SH),0,1,0
Seraphine/Viktor (BC/PZ),Aatrox/Vayne (RU/DE),0,1,0
Elder Dragon/Viego (RU/SI),Ezreal/Nilah (BW/PZ),0,1,0
Evelynn/Quinn (DE/RU),Braum/Zoe (FR/MT),0,1,0
Viktor/Zoe (MT/PZ),Ezreal/Karma (IO/PZ),0,1,0
Championless (FR/SI),Ezreal/Karma (IO/PZ),0,1,0
Nilah/Twisted Fate (BW/PZ),Fizz/Nidalee (BC/SH),0,1,0
Fizz/Samira (BW/NX),Norra/Swain (BC/NX),0,1,0
Ezreal/Seraphine (PZ),Annie/Jhin (RU/NX),0,1,0
Kalista (DE/SI),Annie/Jhin (RU/NX),0,1,0
Garen/Sivir (DE/SH),Annie/Jhin (RU/NX),0,1,0
Fizz/Nidalee (BC/SH),Norra/Swain (BC/NX),0,1,0
Ezreal (PZ/SI),Elise (NX/SI),0,1,0
Ekko/Ezreal/Twisted Fate (BW/PZ),Elise (NX/SI),0,1,0
Fizz (BC/FR),Master Yi/Nami (BW/IO),0,1,0
Fizz (BC/FR),Elder Dragon/Volibear (RU/FR),0,1,0
Elise (NX/SI),Fizz (BC/FR),0,1,0
Championless (FR/NX),Ashe/LeBlanc (FR/NX),0,1,0
Annie/Miss Fortune (BW/NX),Caitlyn/Teemo (BC/PZ),0,1,0
Ezreal/Heimerdinger/Seraphine (BW/PZ),Elise/Vex (SI),0,1,0
Nami/Zoe (BW/MT),Annie/Jhin (RU/NX),0,1,0
Gwen/Irelia (IO/SI),Garen/Sivir (DE/SH),0,1,0
Azir/Irelia (IO/SH),Championless (FR/MT),0,1,0
Maokai (BW/SI),Master Yi/Zilean (IO/SH),0,1,0
Ryze (IO/RU),Master Yi/Zilean (IO/SH),0,1,0
Fizz/Samira (BW/NX),Lulu/Zed (DE/IO),0,1,0
Kindred/Nasus (SI/SH),Katarina/Yasuo (IO/NX),0,1,0
Kindred/Nasus (SI/SH),Akshan/Lee Sin (IO/SH),0,1,0
Azir/Irelia (IO/SH),Norra/Viego (BC/SI),0,1,0
Aurelion Sol/Tryndamere (FR/MT),Anivia (FR/SI),0,1,0
Kai'Sa (DE/SH),Norra/Swain (BC/NX),0,1,0
Mordekaiser/Viego (NX/SI),Jack/Sett (BW/IO),0,1,0
Ashe (FR/PZ),Fizz/Nidalee (BC/SH),0,1,0
Braum/Gwen (FR/SI),Fizz/Nidalee (BC/SH),0,1,0
Zilean (PZ/SH),Draven/Rumble (BC/NX),0,1,0
Evelynn/Kai'Sa (RU/SH),Fiora/Udyr (DE/FR),0,1,0
Ashe/LeBlanc (FR/NX),Championpile/Elder Dragon (RU/DE),0,1,0
Evelynn/Kai'Sa (RU/SH),Braum/Gwen (FR/SI),0,1,0
Fizz/Nidalee (BC/SH),Annie/Gwen (NX/SI),0,1,0
Kalista/Lux: Illuminated (DE/SI),Ekko (PZ/SH),0,1,0
Kalista/Lux: Illuminated (DE/SI),Caitlyn/Teemo (FR/PZ),0,1,0
Kalista (PZ/SI),Championless (BC/SH),0,1,0
Miss Fortune (BW/PZ),Neeko/Quinn (DE/RU),0,1,0
Lulu/Zed (DE/IO),Neeko/Quinn (DE/RU),0,1,0
Janna/Sett (IO/PZ),Lulu/Taric (IO/MT),0,1,0
Championless (SI/SH),Miss Fortune/Quinn (BW/DE),0,1,0
Championless (SI/SH),Ashe (FR/PZ),0,1,0
Miss Fortune/Quinn (BW/DE),Caitlyn/Teemo (FR/PZ),0,1,0
Caitlyn/Teemo (FR/PZ),Ashe (FR/PZ),0,1,0
Hecarim/Kalista (IO/SI),Azir/Xerath (SH),0,1,0
Gwen/Zed (IO/SI),Azir/Xerath (SH),0,1,0
Azir/Xerath (SH),Gwen/Irelia (IO/SI),0,1,0
Master Yi/Miss Fortune (BW/IO),Azir/Xerath (SH),0,1,0
Championless (DE/MT),Akshan/Master Yi (IO/SH),0,1,0
Ezreal/Nilah (BW/PZ),Garen/Gnar/Udyr (DE/FR),0,1,0
Kayle/Udyr (FR/MT),Maokai (BW/SI),0,1,0
Kai'Sa (DE/SH),Annie/Jhin (RU/NX),0,1,0
Ekko/Jinx (PZ/SH),Azir/Irelia (IO/SH),0,1,0
Ezreal/Teemo (FR/PZ),Master Yi/Zilean (IO/SH),0,1,0
Aphelios/Viktor (MT/PZ),Jinx/Lulu (BC/PZ),0,1,0
Shen/Sivir (IO/SH),Norra/Zoe (BC/MT),0,1,0
Heimerdinger/Jayce (PZ/SI),Elder Dragon/Galio/Morgana (RU/DE),0,1,0
Twisted Fate (BW/PZ),Ezreal/Seraphine (IO/PZ),0,1,0
Championless (SI/SH),Braum/Zoe (FR/MT),0,1,0
Morgana/Vex (BC/MT),Anivia (FR/SI),0,1,0
Akshan/Zilean (BC/SH),Anivia (FR/SI),0,1,0
Akshan/Morgana/Taliyah (DE/SH),Anivia (FR/SI),0,1,0
Anivia (FR/SI),Lillia (IO/MT),0,1,0
Caitlyn/Teemo (BC/PZ),Ezreal/Seraphine (NX/PZ),0,1,0
Elder Dragon/Volibear (RU/FR),Darius/Gnar (FR/NX),0,1,0
Elder Dragon/Volibear (RU/FR),Nidalee/Sivir (SI/SH),0,1,0
Kalista (FR/SI),Norra/Zoe (BC/MT),0,1,0
Caitlyn/Teemo (BW/PZ),Katarina/Yasuo (IO/NX),0,1,0
Evelynn/Nidalee (RU/SH),Norra/Teemo (BC/MT),0,1,0
Elise (NX/SI),Evelynn/Nidalee (RU/SH),0,1,0
Evelynn/Nidalee (RU/SH),Sejuani/Swain (FR/NX),0,1,0
Kayle/Zed (IO/MT),Norra (BC/NX),0,1,0
Norra (BC/NX),Annie/Jhin (RU/NX),0,1,0
Darius/Miss Fortune (BW/NX),Norra (BC/NX),0,1,0
Fiora (DE/FR),Norra (BC/NX),0,1,0
Norra (BC/NX),Elder Dragon/Seraphine/Viktor (RU/PZ),0,1,0
Azir (MT/SH),Norra (BC/NX),0,1,0
Jayce/Viktor (FR/PZ),Norra (BC/NX),0,1,0
Norra (BC/NX),Aurelion Sol/Shyvana (DE/MT),0,1,0
Azir/Irelia (IO/SH),Darius/Gnar (FR/NX),0,1,0
Miss Fortune/Quinn (BW/DE),Kalista (DE/SI),0,1,0
Master Yi/Udyr (FR/IO),Kalista (DE/SI),0,1,0
Kai'Sa (DE/SH),Kalista (DE/SI),0,1,0
Championless (SI/SH),Pyke/Rek'Sai (BW/SH),0,1,0
Braum (FR/SI),Sejuani/Swain (FR/NX),0,1,0
Azir/Xerath (SH),Janna/Nilah (BW/PZ),0,1,0
Azir/Xerath (SH),Elder Dragon/Norra/Yuumi (RU/BC),0,1,0
Championless (PZ/SI),Azir/Xerath (SH),0,1,0
Azir/Xerath (SH),The Poro King (PZ/RU),0,1,0
Norra/Teemo (BC/BW),Azir/Xerath (SH),0,1,0
Bard/Norra (BC/RU),Akshan/Varus (SH/RU),0,1,0
Gangplank/Gnar (BC/BW),Elise/Nocturne/Vex (SI),0,1,0
Elise/Nocturne/Vex (BC/SI),Caitlyn/Teemo (BC/PZ),0,1,0
Elise/Vex (BC/SI),Darius/Riven (FR/NX),0,1,0
Nasus/Xerath (SH),Maokai (BW/SI),0,1,0
Maokai (BW/SI),Twisted Fate (BW/PZ),0,1,0
Ezreal/Seraphine (IO/PZ),Norra/Teemo (BC/MT),0,1,0
Braum/Master Yi (FR/IO),Annie/Jhin (RU/NX),0,1,0
Draven/Jinx (NX/PZ),Jax/Ornn (FR/RU),0,1,0
Fiora (DE/SH),Jax/Ornn (FR/RU),0,1,0
Diana/Nocturne (MT/SI),Jax/Ornn (FR/RU),0,1,0
Viktor/Zoe (MT/PZ),Irelia/Miss Fortune (BW/IO),0,1,0
Norra (BC/IO),Jayce (NX/PZ),0,1,0
Norra (BC/IO),Quinn/Vayne (DE/FR),0,1,0
Akshan/Ekko (PZ/SH),Aphelios/Seraphine (MT/PZ),0,1,0
Darius/Elise (NX/SI),Jinx/Kennen (BC/PZ),0,1,0
Jinx/Kennen (BC/PZ),Taliyah/Zilean (IO/SH),0,1,0
Poppy/Ziggs (BC/NX),Jinx/Kennen (BC/PZ),0,1,0
Karma/Sett (FR/IO),Jinx/Kennen (BC/PZ),0,1,0
Jinx/Kennen (BC/PZ),Ekko (PZ/SH),0,1,0
Lissandra/Trundle (FR/SI),Nidalee (BC/SH),0,1,0
Lux: Illuminated/Vex (BC/DE),Nidalee (BC/SH),0,1,0
Akshan/Morgana/Taliyah (DE/SH),Poppy/Ziggs (BC/NX),0,1,0
Norra/Teemo (BC/MT),Fizz/Samira (BW/NX),0,1,0
Aatrox/Kayn (RU/RU),Anivia (FR/SI),0,1,0
Anivia (FR/SI),Norra/Viego (BC/SI),0,1,0
Akshan/Lee Sin (IO/SH),Anivia (FR/SI),0,1,0
Katarina/Yasuo (IO/NX),Kalista (DE/SI),0,1,0
Swain/Twisted Fate (BW/NX),Norra/Teemo (BC/MT),0,1,0
Elise/Nocturne (NX/SI),Janna/Nilah (BW/PZ),0,1,0
Norra/Zoe (BC/MT),Garen/Udyr (DE/FR),0,1,0
Akshan/Master Yi (IO/SH),Norra/Zoe (BC/MT),0,1,0
Nami/Samira (BW/NX),Norra/Teemo (BC/MT),0,1,0
Nilah/Twisted Fate (BW/PZ),Evelynn/Nidalee (RU/SH),0,1,0
Ashe/Gnar (FR),Evelynn/Nidalee (RU/SH),0,1,0
Jinx (NX/PZ),Nilah/Twisted Fate (BW/PZ),0,1,0
Ezreal/Karma (IO/PZ),Kalista (SI),0,1,0
Evelynn/Fiora (DE/RU),Caitlyn/Teemo (BC/PZ),0,1,0
Garen/Udyr (DE/FR),Evelynn/Fiora (DE/RU),0,1,0
Evelynn/Kai'Sa (RU/SH),Evelynn/Vayne (DE/RU),0,1,0
Kalista/Vayne (DE/SI),Akshan/Master Yi (IO/SH),0,1,0
Kalista (DE/SI),Fizz/Miss Fortune/Sejuani (BW/FR),0,1,0
Ryze (IO/RU),Braum/Galio (DE/FR),0,1,0
Morgana/Zoe (BC/MT),Ryze (IO/RU),0,1,0
Morgana/Zoe (BC/MT),Karma/Viktor (IO/PZ),0,1,0
Senna (PZ/SI),Jinx/Lulu (BC/PZ),0,1,0
Gnar/Nidalee/Renekton (FR/SH),Zed (IO/SI),0,1,0
Fizz/Miss Fortune/Sejuani (BW/FR),Evelynn/Kai'Sa (RU/SH),0,1,0
Lissandra/Trundle (FR/SI),Elder Dragon/Volibear (RU/FR),0,1,0
Championless (PZ/SI),Darius/Elise (NX/SI),0,1,0
Championless (PZ/SI),Elder Dragon (RU/DE),0,1,0
Ezreal (PZ/SI),Teemo (BC/PZ),0,1,0
Ashe/LeBlanc (FR/NX),Kindred (PZ/SI),0,1,0
Bard/Galio (RU/DE),Jax/Ornn (FR/RU),0,1,0
Jax/Ornn (FR/RU),Jayce/Lux (DE/PZ),0,1,0
Master Yi/Zilean (IO/SH),Akshan/Morgana/Taliyah (DE/SH),0,1,0
Ashe/Tahm Kench (BW/FR),Master Yi/Zilean (IO/SH),0,1,0
Nidalee (BC/SH),Ashe/LeBlanc (FR/NX),0,1,0
Aurelion Sol/Elder Dragon (RU/MT),Elder Dragon/Galio/Morgana (RU/DE),0,1,0
Aurelion Sol (DE/MT),Azir/Irelia (IO/SH),0,1,0
Lissandra/Trundle (FR/SI),Mordekaiser/Norra (BC/SI),0,1,0
Lissandra/Trundle (FR/SI),Darius/Elise (NX/SI),0,1,0
LeBlanc/Samira (FR/NX),Lissandra/Trundle (FR/SI),0,1,0
Annie/Ziggs (BC/NX),Janna/Seraphine (BC/PZ),0,1,0
Maokai/Nautilus (BW/SI),Annie/Ziggs (BC/NX),0,1,0
Elder Dragon/Shyvana (RU/DE),Akshan/Master Yi (IO/SH),0,1,0
Bard/Norra (BC/RU),Ashe/Gnar (FR),0,1,0
Heimerdinger/Jayce (BC/PZ),Anivia (FR/SI),0,1,0
Kalista/Kindred/Nasus (SI/SH),Anivia (FR/SI),0,1,0
Anivia (FR/SI),Akshan/Varus (SH/RU),0,1,0
Ekko/Nasus (PZ/SH),Anivia (FR/SI),0,1,0
Anivia/Mordekaiser (FR/SI),Anivia (FR/SI),0,1,0
Swain/Yasuo (IO/NX),Anivia (FR/SI),0,1,0
Draven/Samira (NX/PZ),Fiora/Shen (DE/IO),0,1,0
Ashe/Gnar (FR),Draven/Samira (NX/PZ),0,1,0
Teemo (BC/PZ),Draven/Samira (NX/PZ),0,1,0
Elise/Nocturne (NX/SI),Draven/Samira (NX/PZ),0,1,0
Elder Dragon/Volibear (RU/FR),Jinx/Teemo (NX/PZ),0,1,0
Jinx/Teemo (BW/PZ),Norra (BC/PZ),0,1,0
Gnar/Master Yi (FR/IO),Akshan/Nilah (BW/SH),0,1,0
Miss Fortune/Quinn (BW/DE),Azir/Irelia (IO/SH),0,1,0
Fiora/Udyr (DE/FR),Fiora/Shen (DE/IO),0,1,0
Nilah/Twisted Fate (BW/PZ),Braum/Master Yi (FR/IO),0,1,0
Swain/Twisted Fate (BW/NX),Elder Dragon/Volibear (RU/FR),0,1,0
Seraphine (IO/PZ),Caitlyn/Teemo (FR/PZ),0,1,0
Caitlyn/Teemo (FR/PZ),Elise (NX/SI),0,1,0
Evelynn/Kai'Sa (RU/SH),Caitlyn/Teemo (BW/PZ),0,1,0
Caitlyn/Teemo (BW/PZ),Elder Dragon/Norra (RU/BC),0,1,0
Caitlyn/Teemo (BW/PZ),Draven/Jinx (NX/PZ),0,1,0
Championless (PZ/SI),Caitlyn/Teemo (BW/PZ),0,1,0
Braum/Master Yi (FR/IO),Evelynn/Nidalee (RU/SH),0,1,0
Championless (SI/SH),Evelynn/Nidalee (RU/SH),0,1,0
Aphelios/Master Yi (IO/MT),Poppy/Ziggs (BC/NX),0,1,0
Poppy/Ziggs (BC/NX),Maokai (BW/SI),0,1,0
Garen/Jarvan IV (DE/NX),Poppy/Ziggs (BC/NX),0,1,0
Kalista/Vayne (DE/SI),Ashe/Gnar (FR),0,1,0
Evelynn/Fiora (DE/RU),Pyke/Rek'Sai (BW/SH),0,1,0
Akshan/Lissandra (FR/SH),Evelynn/Kai'Sa (RU/SH),0,1,0
Akshan/Lissandra (FR/SH),Lissandra (FR/SH),0,1,0
Lulu/Lux: Illuminated (DE/IO),Pyke/Rek'Sai (BW/SH),0,1,0
Pyke/Rek'Sai (BW/SH),Samira/Sejuani (FR/NX),0,1,0
Annie/Jhin (RU/NX),Ashe/Gnar (FR),0,1,0
Lissandra (FR/SH),Garen/Sivir (DE/SH),0,1,0
Lissandra (FR/SH),Teemo (BC/PZ),0,1,0
Braum/Lissandra (FR/SH),Caitlyn/Teemo (BC/PZ),0,1,0
Garen (DE/SH),Fiora/Udyr (DE/FR),0,1,0
Elise/Nocturne (NX/SI),Fiora/Udyr (DE/FR),0,1,0
Championpile (MT/PZ),Championless (SI),0,1,0
Azir/Renekton (SH),Championless (SI),0,1,0
Aurelion Sol/Shyvana (DE/MT),Championless (SI),0,1,0
Janna/Seraphine (BC/PZ),Bard/Norra (BC/RU),0,1,0
Aurelion Sol (DE/MT),Bard/Norra (BC/RU),0,1,0
Ashe/Udyr (DE/FR),Bard/Norra (BC/RU),0,1,0
Ashe/Braum (FR/SI),Teemo (BC/PZ),0,1,0
Ashe/LeBlanc (FR/NX),Teemo (BC/PZ),0,1,0
Lissandra/Trundle (FR/SI),Senna/Veigar (BC/SI),0,1,0
Bard/Norra (BC/RU),Maokai (BW/SI),0,1,0
Championless (PZ/SI),Fizz (BW/SH),0,1,0
Akshan/Sivir (FR/SH),Master Yi/Zilean (IO/SH),0,1,0
Braum/Galio (DE/FR),Nidalee (BC/SH),0,1,0
Annie/Swain (BC/NX),Nidalee (BC/SH),0,1,0
Ashe/Gnar (FR),Braum/Zoe (FR/MT),0,1,0
Fizz (BC/FR),Maokai/Nautilus (BW/SI),0,1,0
Ezreal/Karma/Master Yi (IO/PZ),Pyke/Rek'Sai (BW/SH),0,1,0
Akshan/Taliyah (IO/SH),Karma/Sett (FR/IO),0,1,0
Ashe/LeBlanc (FR/NX),Norra/Viego (BC/SI),0,1,0
Lissandra/Taliyah/Volibear (FR/SH),Anivia (FR/SI),0,1,0
Akshan/Morgana (DE/SH),Anivia (FR/SI),0,1,0
Aphelios (FR/MT),Anivia (FR/SI),0,1,0
Nidalee (BC/SH),Miss Fortune/Quinn (BW/DE),0,1,0
Nidalee (BC/SH),Hecarim/Zed (IO/SI),0,1,0
Norra/Teemo (BC/MT),Caitlyn/Teemo (BC/PZ),0,1,0
Ashe/Gnar (FR),Norra (BC/PZ),0,1,0
Pyke/Rek'Sai (BW/SH),Caitlyn/Teemo (FR/PZ),0,1,0
Akshan/Samira (NX/SH),Ezreal/Seraphine (IO/PZ),0,1,0
Ezreal/Seraphine (IO/PZ),Darius/Elise (NX/SI),0,1,0
Fiora/Shen (DE/IO),Janna/Nilah (BW/PZ),0,1,0
LeBlanc/Udyr (FR/NX),Braum/Zoe (FR/MT),0,1,0
Elder Dragon/Udyr (RU/FR),Elder Dragon/Volibear (RU/FR),0,1,0
Annie/Nami (BW/NX),Braum/Zoe (FR/MT),0,1,0
Nami/Nilah (BW/PZ),Annie/Katarina (BW/NX),0,1,0
Annie/Katarina (BW/NX),Nami/Samira (BW/NX),0,1,0
Master Yi/Samira (IO/NX),Pyke/Rek'Sai (BW/SH),0,1,0
Nocturne/Vex (PZ/SI),Master Yi/Yasuo (IO/MT),0,1,0
Braum/The Poro King (FR/RU),Nocturne/Vex (PZ/SI),0,1,0
Mordekaiser/Norra (BC/SI),Ezreal/Karma/Seraphine (IO/PZ),0,1,0
Pyke/Rek'Sai (BW/SH),Annie/Katarina (BW/NX),0,1,0
Hecarim/Zed (IO/SI),Annie/Nami (BW/NX),0,1,0
Annie/Nami (BW/NX),The Poro King (FR/RU),0,1,0
Annie/Nami (BW/NX),Janna/Nilah (BW/PZ),0,1,0
Elder Dragon/Garen (RU/DE),Azir/Xerath (SH),0,1,0
Sejuani/Teemo (BC/FR),Aphelios/Zoe (MT/PZ),0,1,0
Mordekaiser/Norra (BC/SI),Aphelios/Zoe (MT/PZ),0,1,0
Championless (SI),Aphelios/Zoe (MT/PZ),0,1,0
Elder Dragon/Garen (RU/DE),Akshan/Morgana/Taliyah (DE/SH),0,1,0
Nilah/Twisted Fate (BW/PZ),Jinx/Lulu (BC/PZ),0,1,0
Nilah/Twisted Fate (BW/PZ),Akshan/Morgana/Taliyah (DE/SH),0,1,0
Nilah/Twisted Fate (BW/PZ),Ezreal/Karma (IO/PZ),0,1,0
Jarvan IV/Lux: Illuminated (DE),Kalista (SI),0,1,0
Garen/Sivir (DE/SH),Akshan/Lissandra (FR/SH),0,1,0
Akshan/Master Yi (IO/SH),Ashe/Gnar (FR),0,1,0
Lissandra (FR/SH),Ashe/Gnar (FR),0,1,0
Annie/Miss Fortune (BW/NX),Lux: Illuminated/Zed (DE/IO),0,1,0
The Poro King (BC/RU),Annie/Jhin (RU/NX),0,1,0
Fiora/Shen (DE/IO),Evelynn/Kai'Sa (RU/SH),0,1,0
Garen/Gnar/Udyr (DE/FR),Maokai (BW/SI),0,1,0
Elder Dragon/Mordekaiser/Viego (RU/SI),Maokai (BW/SI),0,1,0
Bard/Mordekaiser (RU/SI),Maokai (BW/SI),0,1,0
Fiora (DE/SH),Maokai (BW/SI),0,1,0
Maokai (BW/SI),Master Yi/Samira (IO/NX),0,1,0
Braum/The Poro King (FR/RU),Akshan/Pantheon (MT/SH),0,1,0
Akshan/Morgana/Taliyah (DE/SH),Nasus/Thresh (SI/SH),0,1,0
Jinx/Lulu (BC/PZ),Nasus/Thresh (SI/SH),0,1,0
Gwen/Katarina (NX/SI),Lux/The Poro King (DE/RU),0,1,0
Lux/The Poro King (DE/RU),Kindred/Lucian (DE/SI),0,1,0
Maokai/Nautilus (BW/SI),Lux/The Poro King (DE/RU),0,1,0
Elder Dragon/Seraphine/Viktor (RU/PZ),Lux/The Poro King (DE/RU),0,1,0
Lux/The Poro King (DE/RU),Mordekaiser/Morgana (MT/SI),0,1,0
Lux/The Poro King (DE/RU),Senna/Veigar (BC/SI),0,1,0
Lux/The Poro King (DE/RU),Fizz/Yuumi (BC/FR),0,1,0
Rumble/Vayne (BC/DE),Lux/The Poro King (DE/RU),0,1,0
Hecarim/Zed (IO/SI),Lux/The Poro King (DE/RU),0,1,0
Sett/Trundle (FR/IO),Lux/The Poro King (DE/RU),0,1,0
Gwen/Zed (IO/SI),Lux/The Poro King (DE/RU),0,1,0
Anivia/Mordekaiser (FR/SI),Lux/The Poro King (DE/RU),0,1,0
Elder Dragon (RU/FR),Lux/The Poro King (DE/RU),0,1,0
Lux/The Poro King (DE/RU),Mordekaiser/Norra (BC/SI),0,1,0
Sett (IO/SI),Maokai/Nautilus (BW/SI),0,1,0
Hecarim/Kalista (IO/SI),Maokai/Nautilus (BW/SI),0,1,0
Aurelion Sol (BC/MT),Maokai/Nautilus (BW/SI),0,1,0
Evelynn (RU/MT),Maokai/Nautilus (BW/SI),0,1,0
Maokai/Nautilus (BW/SI),Ryze (IO/RU),0,1,0
Caitlyn (NX/PZ),Akshan/Varus (SH/RU),0,1,0
Akshan/Varus (SH/RU),Swain/Yasuo (IO/NX),0,1,0
Kayle (BW/MT),Swain/Yasuo (IO/NX),0,1,0
Aurelion Sol/Shyvana (DE/MT),Swain/Yasuo (IO/NX),0,1,0
Darius/Gwen (NX/SI),Maokai/Nautilus (BW/SI),0,1,0
Championless (PZ/SI),Kayle (BW/MT),0,1,0
Gwen/Kalista (NX/SI),Janna/Sett (IO/PZ),0,1,0
Azir/Kayle (MT/SH),Miss Fortune/Twisted Fate (BW/NX),0,1,0
Norra (BC/NX),Akshan/Udyr (FR/SH),0,1,0
Elder Dragon/Morgana (RU/DE),Teemo (NX/PZ),0,1,0
Norra (BC/NX),Elder Dragon/Volibear (RU/FR),0,1,0
Championless (SI),Mordekaiser/Norra (BC/SI),0,1,0
Aurelion Sol/Elder Dragon (RU/MT),Mordekaiser/Norra (BC/SI),0,1,0
Jhin/Kennen (IO/RU),Kindred/Nasus (SI/SH),0,1,0
Elder Dragon/Nidalee/Sivir (RU/SH),Mordekaiser/Norra (BC/SI),0,1,0
Bard/Norra (BC/RU),Mordekaiser/Norra (BC/SI),0,1,0
Teemo (BC/PZ),Mordekaiser/Norra (BC/SI),0,1,0
Jinx/Lulu (BC/PZ),Mordekaiser/Norra (BC/SI),0,1,0
Mordekaiser/Norra (BC/SI),Karma/Seraphine (IO/PZ),0,1,0
Norra/Zoe (BC/MT),Mordekaiser/Norra (BC/SI),0,1,0
Mordekaiser/Norra (BC/SI),Akshan/Varus (SH/RU),0,1,0
Championless (SI),Jinx/Lulu (BC/PZ),0,1,0
Jinx/Lulu (BC/PZ),Karma/Sett (FR/IO),0,1,0
Jinx/Lulu (BC/PZ),Jarvan IV/Udyr (DE/FR),0,1,0
Maokai/Nautilus (BW/SI),Elder Dragon/Seraphine/Viktor (RU/PZ),0,1,0
Miss Fortune/Quinn (BW/DE),Elder Dragon/Seraphine/Viktor (RU/PZ),0,1,0
Ahri/Zoe (IO/MT),Annie/Jhin (RU/NX),0,1,0
Aurelion Sol (DE/MT),Ezreal/Seraphine (IO/PZ),0,1,0
Ezreal/Seraphine (IO/PZ),Nasus/Thresh (SI/SH),0,1,0
Kennen/Poppy (BC/DE),Elder Dragon/Seraphine/Viktor (RU/PZ),0,1,0
Elder Dragon/Seraphine/Viktor (RU/PZ),Championless (SI),0,1,0
Championless (SI),Jinx/Sion (NX/PZ),0,1,0
Gnar/Viktor (BC/PZ),Darius/Gnar (FR/NX),0,1,0
Neeko/Poppy (BC/RU),Gnar/Viktor (BC/PZ),0,1,0
Malphite/Yasuo (IO/MT),Gnar/Viktor (BC/PZ),0,1,0
Senna/Veigar (BC/SI),Gnar/Viktor (BC/PZ),0,1,0
Championless (SI),Gnar/Viktor (BC/PZ),0,1,0
Caitlyn/Teemo (BC/PZ),Elder Dragon/Mordekaiser/Viego (RU/SI),0,1,0
Nilah/Twisted Fate (BW/PZ),Elder Dragon (RU/FR),0,1,0
Nilah/Twisted Fate (BW/PZ),Janna/Twisted Fate (BW/PZ),0,1,0
Norra/Viego (BC/SI),Nilah/Twisted Fate (BW/PZ),0,1,0
Ekko (NX/PZ),Poppy/Ziggs (BC/NX),0,1,0
Aurelion Sol/Shyvana (DE/MT),Annie/Ezreal (NX/PZ),0,1,0
Caitlyn/Teemo (FR/PZ),Ryze (IO/RU),0,1,0
Azir/Irelia (IO/SH),Master Yi/Riven (IO/NX),0,1,0
Nasus/Senna (SI/SH),Akshan/Varus (SH/RU),0,1,0
Janna/Sett (IO/PZ),Akshan/Varus (SH/RU),0,1,0
Ashe/Tahm Kench (BW/FR),Maokai/Nautilus (BW/SI),0,1,0
Braum/Udyr (FR/MT),Senna/Veigar (BC/SI),0,1,0
Ashe/Tahm Kench (BW/FR),Janna/Sett (IO/PZ),0,1,0
Hecarim/Thresh (IO/SI),Draven/Jinx (NX/PZ),0,1,0
Evelynn/Kayle (RU/MT),Draven/Jinx (NX/PZ),0,1,0
Draven/Jinx (NX/PZ),Gangplank/Thresh (BW/SI),0,1,0
Garen (DE/SH),Riven/Viktor (NX/PZ),0,1,0
Riven/Viktor (NX/PZ),Darius/Gnar (FR/NX),0,1,0
Bard/Mordekaiser (RU/SI),Annie/Gwen (NX/SI),0,1,0
Elise (PZ/SI),Annie/Gwen (NX/SI),0,1,0
Gnar/Teemo (BC/PZ),Annie/Gwen (NX/SI),0,1,0
Annie/Jhin (RU/NX),Gwen/Teemo (PZ/SI),0,1,0
Norra/Vex (BC/SI),Mordekaiser/Norra (BC/SI),0,1,0
Teemo/Yuumi (BC/MT),Elder Dragon/Norra (RU/BC),0,1,0
Aatrox/Vayne (RU/DE),Teemo/Yuumi (BC/MT),0,1,0
Elder Dragon/Elise (RU/SI),Teemo/Yuumi (BC/MT),0,1,0
Bard/Mordekaiser (RU/SI),Teemo/Yuumi (BC/MT),0,1,0
Kalista/Maokai (BW/SI),Teemo/Yuumi (BC/MT),0,1,0
Braum/Garen (DE/FR),Teemo/Yuumi (BC/MT),0,1,0
Ashe (DE/FR),Teemo/Yuumi (BC/MT),0,1,0
The Poro King (RU/SI),Annie/Jhin (RU/NX),0,1,0
Annie/Jhin (RU/NX),Kindred/Viego (IO/SI),0,1,0
Riven/Viktor (NX/PZ),Annie/Jhin (RU/NX),0,1,0
Elder Dragon/Volibear (RU/FR),Riven/Viktor (NX/PZ),0,1,0
Poppy/Ziggs (BC/NX),Senna/Veigar (BC/SI),0,1,0
Kindred/Mordekaiser (SI),Poppy/Ziggs (BC/NX),0,1,0
Ashe/LeBlanc (FR/NX),Poppy/Ziggs (BC/NX),0,1,0
Lillia/Lux: Illuminated (DE/IO),Nocturne/Vex (PZ/SI),0,1,0
Nocturne/Vex (PZ/SI),Championless (NX/SI),0,1,0
Sejuani/Teemo (BC/FR),Nocturne/Vex (PZ/SI),0,1,0
Nocturne/Vex (PZ/SI),Teemo (NX/PZ),0,1,0
Caitlyn/Teemo (BC/PZ),Nocturne/Vex (PZ/SI),0,1,0
Ekko/Zilean (PZ/SH),Nocturne/Vex (PZ/SI),0,1,0
Braum/Kayle (FR/MT),Nocturne/Vex (PZ/SI),0,1,0
Annie/Gwen (NX/SI),Nocturne/Vex (PZ/SI),0,1,0
Nocturne/Vex (PZ/SI),Kindred/Nasus (SI/SH),0,1,0
Garen/Jarvan IV (DE/SH),Maokai/Nautilus (BW/SI),0,1,0
Bard/Mordekaiser (RU/SI),Maokai/Nautilus (BW/SI),0,1,0
Ashe/Jhin (FR/RU),Pyke/Rek'Sai (BW/SH),0,1,0
Aurelion Sol/Lissandra (FR/MT),Pyke/Rek'Sai (BW/SH),0,1,0
Aphelios/Seraphine (MT/PZ),Poppy/Ziggs (BC/NX),0,1,0
Championpile (FR/MT),Maokai/Nautilus (BW/SI),0,1,0
Pyke/Rek'Sai (BW/SH),Teemo/Zoe (MT/PZ),0,1,0
Championless (FR/SI),Elder Dragon/Seraphine/Viktor (RU/PZ),0,1,0
Championless (FR/SI),Lux (DE/PZ),0,1,0
Braum/Elise (FR/SI),Championless (FR/SI),0,1,0
Championpile/Elder Dragon (RU/NX),Championless (FR/SI),0,1,0
Swain/Vi (NX/PZ),Gangplank/Sejuani (BW/FR),0,1,0
Karma/Sett (IO/PZ),Gangplank/Sejuani (BW/FR),0,1,0
Soraka/Tahm Kench (BW/MT),Gangplank/Sejuani (BW/FR),0,1,0
Akshan/Pantheon (MT/SH),Gangplank/Sejuani (BW/FR),0,1,0
Morgana/Udyr (DE/FR),Gangplank/Sejuani (BW/FR),0,1,0
Hecarim/Zed (IO/SI),Gangplank/Sejuani (BW/FR),0,1,0
Kalista/Nasus (SI/SH),Gangplank/Sejuani (BW/FR),0,1,0
Rumble/Sion (BC/NX),Gangplank/Sejuani (BW/FR),0,1,0
Gangplank/Sejuani (BW/FR),Darius/Gnar (FR/NX),0,1,0
Azir/Lucian (DE/SH),Gangplank/Sejuani (BW/FR),0,1,0
Elise/Nocturne (NX/SI),Gangplank/Sejuani (BW/FR),0,1,0
Elder Dragon/Mordekaiser/Viego (RU/SI),Gangplank/Sejuani (BW/FR),0,1,0
Ashe (FR/PZ),Jack/Sett (BW/IO),0,1,0
Volibear (FR/SI),Elder Dragon/Norra (RU/BC),0,1,0
Pyke/Rek'Sai (BW/SH),Volibear (FR/SI),0,1,0
Lillia/Lux: Illuminated (DE/IO),Soraka/Tahm Kench (BW/MT),0,1,0
Nasus/Thresh (SI/SH),Caitlyn/Teemo (BC/PZ),0,1,0
Braum/Kayle (FR/MT),Nasus/Thresh (SI/SH),0,1,0
Kayle (BW/MT),Akshan/Nasus (SI/SH),0,1,0
Akshan/Nasus (SI/SH),Janna/Sett (IO/PZ),0,1,0
Maokai/Nautilus (BW/SI),Akshan/Nasus (SI/SH),0,1,0
Jax/Vayne (DE/RU),Akshan/Morgana (DE/SH),0,1,0
Championless (BC/SI),Jax/Vayne (DE/RU),0,1,0
Janna/Lillia (IO/PZ),Maokai/Nautilus (BW/SI),0,1,0
Championless (PZ/SI),Janna/Lillia (IO/PZ),0,1,0
Braum/Lillia (FR/IO),Jax/Vayne (DE/RU),0,1,0
Kayle (FR/MT),Jax/Vayne (DE/RU),0,1,0
Jayce/Lux (DE/PZ),Jax/Vayne (DE/RU),0,1,0
Janna/Vi (IO/PZ),Maokai/Nautilus (BW/SI),0,1,0
Aphelios/Fizz (BC/MT),Akshan/Sivir (FR/SH),0,1,0
Nasus/Thresh (SI/SH),Aatrox (RU/BW),0,1,0
Kayle (BW/MT),Aatrox (RU/BW),0,1,0
Akshan/Varus (SH/RU),Gwen/Kalista (NX/SI),0,1,0
Akshan/Morgana (MT/SH),Championless (SI),0,1,0
Championless (SI),Janna/Sett (IO/PZ),0,1,0
Ashe/LeBlanc (FR/NX),Maokai (BW/SI),0,1,0
Ryze (RU/SH),Gangplank/Sejuani (BW/FR),0,1,0
Lux: Illuminated/Vex (BC/DE),Gangplank/Sejuani (BW/FR),0,1,0
Gangplank/Sejuani (BW/FR),Evelynn/Kayle (RU/MT),0,1,0
Garen/Lucian (DE/IO),Gangplank/Sejuani (BW/FR),0,1,0
Fiora (DE/SH),Gangplank/Sejuani (BW/FR),0,1,0
Katarina/Yasuo (IO/NX),Gangplank/Sejuani (BW/FR),0,1,0
Ezreal/Nilah (BW/PZ),Gangplank/Sejuani (BW/FR),0,1,0
Annie/Jhin (RU/NX),Championless (NX/SH),0,1,0
Mordekaiser (BW/SI),Annie/Jhin (RU/NX),0,1,0
Annie/Jhin (RU/NX),Xerath/Ziggs (BC/SH),0,1,0
Kai'Sa/Sivir (DE/SH),Malphite/Yasuo (IO/MT),0,1,0
Jack/Sett (BW/IO),Rumble/Sion (BC/NX),0,1,0
Morgana/Taric (MT/PZ),Malphite/Yasuo (IO/MT),0,1,0
Malphite/Yasuo (IO/MT),Ashe/Janna (FR/PZ),0,1,0
Malphite/Yasuo (IO/MT),Janna (FR/PZ),0,1,0
Championless (PZ/SI),Malphite/Yasuo (IO/MT),0,1,0
Malphite/Yasuo (IO/MT),Kalista/Nasus (SI/SH),0,1,0
Galio/Poppy (DE/MT),Akshan/Varus (SH/RU),0,1,0
Akshan/Varus (SH/RU),LeBlanc/Sion (NX/SI),0,1,0
Championpile (FR/SH),Maokai/Nautilus (BW/SI),0,1,0
Senna/Veigar (BC/SI),Championless (BW/FR),0,1,0
Galio/Soraka (DE/MT),Fizz/Yuumi (BC/FR),0,1,0
Soraka/Tahm Kench (BW/MT),Fizz/Yuumi (BC/FR),0,1,0
Gnar/Zed (FR/IO),Fizz/Yuumi (BC/FR),0,1,0
Fizz/Yuumi (BC/FR),Trundle (FR/PZ),0,1,0
Akshan/Mordekaiser (SI/SH),Fizz/Yuumi (BC/FR),0,1,0
Darius/Jinx (NX/PZ),Fizz/Yuumi (BC/FR),0,1,0
Aurelion Sol/Zoe (FR/MT),Fizz/Yuumi (BC/FR),0,1,0
Garen/Jarvan IV (DE),Fizz/Yuumi (BC/FR),0,1,0
Nami/Samira (BW/NX),Fizz/Yuumi (BC/FR),0,1,0
Karma/Sett (FR/IO),Ezreal/Karma (IO/PZ),0,1,0
Mordekaiser/Norra (BC/SI),Bard/Illaoi (RU/BW),0,1,0
Kayle/Lux: Illuminated (DE/MT),Mordekaiser/Norra (BC/SI),0,1,0
Braum/The Poro King (FR/RU),Fizz/Lee Sin (BC/IO),0,1,0
Norra/Yuumi (BC/IO),Fizz/Lee Sin (BC/IO),0,1,0
Ezreal/Karma (IO/PZ),Trundle/Volibear (DE/FR),0,1,0
Swain (FR/NX),Ezreal/Karma (IO/PZ),0,1,0
Akshan/Varus (SH/RU),Akshan/Morgana (MT/SH),0,1,0
Jayce/Viktor (BC/PZ),Jayce/Lux (DE/PZ),0,1,0
Azir/Irelia (IO/SH),Elder Dragon/Lissandra/Volibear (RU/FR),0,1,0
Zed (DE/IO),Azir/Irelia (IO/SH),0,1,0
Aurelion Sol/Bard (RU/MT),Poppy/Ziggs (BC/NX),0,1,0
Kalista (BW/SI),Poppy/Ziggs (BC/NX),0,1,0
Aurelion Sol/Shyvana (DE/MT),Gnar/Sejuani (FR/PZ),0,1,0
Kayle (BW/MT),Gnar/Sejuani (FR/PZ),0,1,0
Akshan/Varus (SH/RU),Caitlyn/Jack (BW/PZ),0,1,0
Gwen/Illaoi (BW/SI),Maokai/Nautilus (BW/SI),0,1,0
Gnar/Sejuani (FR/PZ),Maokai/Nautilus (BW/SI),0,1,0
Gangplank/Sejuani (BW/FR),Gnar/Sejuani (FR/PZ),0,1,0
Azir/Xerath (SH),Gnar/Sejuani (FR/PZ),0,1,0
Gangplank/Twisted Fate (BW/NX),Renekton (DE/SH),0,1,0
Janna/Seraphine (MT/PZ),Gangplank/Twisted Fate (BW/NX),0,1,0
Championless (SI),Gangplank/Twisted Fate (BW/NX),0,1,0
Ashe (FR),Gangplank/Twisted Fate (BW/NX),0,1,0
Kindred/Nasus (SI/SH),Gangplank/Twisted Fate (BW/NX),0,1,0
Gangplank/Twisted Fate (BW/NX),Championless (DE/FR),0,1,0
Championless (FR/SI),Gangplank/Twisted Fate (BW/NX),0,1,0
Gangplank/Twisted Fate (BW/NX),Vex (SI),0,1,0
Gangplank/Twisted Fate (BW/NX),Samira/Twisted Fate (BW/NX),0,1,0
Viktor/Zoe (MT/PZ),Gangplank/Twisted Fate (BW/NX),0,1,0
Galio/Volibear (DE/FR),Gangplank/Twisted Fate (BW/NX),0,1,0
Gangplank/Twisted Fate (BW/NX),Annie/Jhin (RU/NX),0,1,0
Jax/Vayne (DE/RU),Kayle (BW/MT),0,1,0
Galio/Garen (DE/IO),Darius/Gnar (FR/NX),0,1,0
Karma/Sett (FR/IO),Elder Dragon/Tryndamere/Volibear (RU/FR),0,1,0
Gnar/Teemo (BC/PZ),Karma/Sett (FR/IO),0,1,0
Karma/Sett (FR/IO),Poppy (BC/NX),0,1,0
The Poro King/Yuumi (MT/RU),Karma/Sett (FR/IO),0,1,0
Renekton/Xerath (SH),Karma/Sett (FR/IO),0,1,0
Jayce/Lux (DE/PZ),Karma/Sett (FR/IO),0,1,0
Karma/Sett (FR/IO),Nami/Samira (BW/NX),0,1,0
Karma/Sett (FR/IO),Gwen/Hecarim (IO/SI),0,1,0
Caitlyn/Teemo (FR/PZ),Braum/Trundle (FR/SI),0,1,0
Teemo (BC/PZ),Heimerdinger/Viktor (IO/PZ),0,1,0
Hecarim/Zed (IO/SI),Elder Dragon/Morgana/Shyvana (RU/DE),0,1,0
Heimerdinger/Viktor (IO/PZ),Bard/Mordekaiser (RU/SI),0,1,0
Hecarim/Zed (IO/SI),Zilean (BW/SH),0,1,0
Rumble/Sion (BC/NX),Teemo (BC/SH),0,1,0
Akshan/Fiora (DE/SH),Ryze (IO/RU),0,1,0
Akshan/Fiora (DE/SH),Elder Dragon/Lissandra (RU/FR),0,1,0
Mordekaiser/Norra (BC/SI),Akshan/Fiora (DE/SH),0,1,0
Pyke/Rek'Sai (BW/SH),Akshan/Fiora (DE/SH),0,1,0
Elder Dragon/Galio/Morgana (RU/DE),Akshan/Fiora (DE/SH),0,1,0
Akshan/Fiora (DE/SH),Annie/Jhin (RU/NX),0,1,0
Akshan/Fiora (DE/SH),Akshan/Sivir (FR/SH),0,1,0
Draven (NX/PZ),Akshan/Fiora (DE/SH),0,1,0
Championless (BW/SI),Elder Dragon/Norra/Vex (RU/BC),0,1,0
Elder Dragon/Volibear (RU/FR),Elder Dragon/Norra/Vex (RU/BC),0,1,0
Elder Dragon/Norra/Vex (RU/BC),Elder Dragon/Norra (RU/BC),0,1,0
Bard/Janna (RU/PZ),Elder Dragon/Norra/Vex (RU/BC),0,1,0
Elder Dragon/Norra/Vex (RU/BC),Taliyah/Zilean (IO/SH),0,1,0
Elder Dragon/Norra/Vex (RU/BC),Samira/Zoe (MT/NX),0,1,0
Akshan/Lee Sin (IO/SH),Senna (PZ/SI),0,1,0
Akshan/Lee Sin (IO/SH),Morgana/Riven (MT/NX),0,1,0
Akshan/Varus (SH/RU),Illaoi/Ornn (BW/FR),0,1,0
Shen/Sivir (IO/SH),Akshan/Varus (SH/RU),0,1,0
Aurelion Sol/Shyvana (DE/MT),Azir/Xerath (SH),0,1,0
Fizz/Nami (BW/SI),Azir/Xerath (SH),0,1,0
Elder Dragon/Galio/Morgana (RU/DE),Azir/Xerath (SH),0,1,0
Heimerdinger/Viktor (IO/PZ),Ezreal/Seraphine (IO/PZ),0,1,0
Vayne (BW/DE),Ezreal/Seraphine (IO/PZ),0,1,0
Kai'Sa/Viktor (PZ/SH),Teemo/Zoe (MT/PZ),0,1,0
Aatrox (RU/BW),Maokai/Nautilus (BW/SI),0,1,0
Master Yi/Zilean (IO/SH),Janna/Karma (IO/PZ),0,1,0
Azir/Nasus/Xerath (SH),Azir/Irelia (IO/SH),0,1,0
Jack/Lillia (BW/IO),Championless (SI),0,1,0
Aatrox/Kayn (RU/RU),Braum/Lillia (FR/IO),0,1,0
Galio/Udyr (DE/FR),Morgana/Riven (MT/NX),0,1,0
Morgana/Riven (MT/NX),Ashe (FR/PZ),0,1,0
Jack/Sett (BW/IO),Morgana/Riven (MT/NX),0,1,0
Morgana/Riven (MT/NX),Garen (DE/SH),0,1,0
Braum/Yuumi/Zoe (FR/MT),Caitlyn/Teemo (BC/PZ),0,1,0
Darius/Miss Fortune (BW/NX),Pyke/Rek'Sai (BW/SH),0,1,0
Akshan/Sivir (FR/SH),Caitlyn/Teemo (BC/PZ),0,1,0
Championless (PZ/SI),Janna/Sett (IO/PZ),0,1,0
Morgana/Taric (MT/PZ),Darius/Gnar (FR/NX),0,1,0
Ashe/Tahm Kench (BW/FR),Akshan/Varus (SH/RU),0,1,0
Norra/Teemo (BC/PZ),Jinx/Sion (NX/PZ),0,1,0
Norra/Teemo (BC/PZ),Kayle (FR/MT),0,1,0
Norra/Teemo (BC/PZ),Ezreal/Fizz (BC/PZ),0,1,0
Gnar/Neeko (FR/RU),Malphite/Yasuo (IO/MT),0,1,0
Ashe/Tahm Kench (BW/FR),Malphite/Yasuo (IO/MT),0,1,0
Braum/Lillia (FR/IO),Malphite/Yasuo (IO/MT),0,1,0
Gwen/Zed (IO/SI),Azir/Irelia (IO/SH),0,1,0
Norra/Zoe (BC/MT),Elder Dragon/Galio/Morgana (RU/DE),0,1,0
Elder Dragon/Galio/Morgana (RU/DE),Ezreal/Nilah (BW/PZ),0,1,0
Zoe (FR/MT),Elder Dragon/Galio/Morgana (RU/DE),0,1,0
Bard/Norra (BC/RU),Elder Dragon/Galio/Morgana (RU/DE),0,1,0
Kalista/Nasus (SI/SH),Elder Dragon/Galio/Morgana (RU/DE),0,1,0
Nasus/Thresh (SI/SH),Senna/Veigar (BC/SI),0,1,0
Gangplank/Sejuani (BW/FR),Aatrox (RU/BW),0,1,0
Sejuani/Teemo (FR/PZ),Seraphine/Viktor (BW/PZ),0,1,0
Garen (DE/SH),Ashe/Tahm Kench (BW/FR),0,1,0
Jax/Tristana (BC/RU),Ashe/Caitlyn (FR/PZ),0,1,0
Sett/Yasuo (IO),Championless (SI),0,1,0
Braum/Lillia (FR/IO),Udyr/Vayne (DE/FR),0,1,0
Championless (BC/SI),Kayle (BW/MT),0,1,0
Senna/Veigar (PZ/SI),Championless (BC/SI),0,1,0
Caitlyn/Teemo (BC/PZ),Ryze (RU/SH),0,1,0
Ryze (RU/SH),Hecarim/Zed (IO/SI),0,1,0
Fizz/Twisted Fate (BW/PZ),Ryze (RU/SH),0,1,0
Aurelion Sol/Zoe (FR/MT),Karma/Sett (FR/IO),0,1,0
Mordekaiser/Norra (BC/SI),Mordekaiser/Senna (SI/SH),0,1,0
Viego (IO/SI),Taliyah/Zilean (IO/SH),0,1,0
Taliyah/Zilean (IO/SH),Taliyah/Ziggs (BC/SH),0,1,0
Nocturne/Vex (PZ/SI),Taliyah/Zilean (IO/SH),0,1,0
Taliyah/Zilean (IO/SH),Lux: Illuminated/Vex (BC/DE),0,1,0
Akshan/Karma (IO/SH),Taliyah/Zilean (IO/SH),0,1,0
Elder Dragon/Volibear (RU/FR),Vayne/Zed (DE/IO),0,1,0
Kindred/Viego (SI/SH),Annie/Jhin (RU/NX),0,1,0
Ryze (RU/SI),Elder Dragon/Volibear (RU/FR),0,1,0
Draven (NX/PZ),Elder Dragon/Volibear (RU/FR),0,1,0
Braum (DE/FR),Elder Dragon/Elise (RU/SI),0,1,0
Elder Dragon/Volibear (RU/FR),Braum (DE/FR),0,1,0
Pyke/Rek'Sai (BW/SH),Braum (DE/FR),0,1,0
Anivia (FR/SI),Nasus (SI/SH),0,1,0
Braum (DE/FR),Anivia (FR/SI),0,1,0
Braum (DE/FR),Karma/Lux (DE/IO),0,1,0
Aurelion Sol/Zoe (MT/PZ),Braum (DE/FR),0,1,0
Soraka/Tahm Kench (BW/MT),Braum (DE/FR),0,1,0
Braum (DE/FR),Ashe (FR/IO),0,1,0
Braum (DE/FR),Annie/Jhin (RU/NX),0,1,0
Championless (PZ/SI),Braum (DE/FR),0,1,0
Karma/Seraphine/Sett (IO/PZ),Hecarim (IO/SI),0,1,0
Hecarim (IO/SI),Rumble/Sion (BC/NX),0,1,0
Ezreal/Karma (IO/PZ),Hecarim (IO/SI),0,1,0
Aatrox/Kayn (RU/RU),Ezreal/Karma (IO/PZ),0,1,0
Ezreal/Karma (IO/PZ),Jhin/Yasuo (IO/RU),0,1,0
Ashe/Nasus (FR/SH),Ezreal/Karma (IO/PZ),0,1,0
Ezreal/Karma (IO/PZ),Teemo (NX/PZ),0,1,0
Kindred/Viego (SI/SH),Ezreal/Karma (IO/PZ),0,1,0
Aurelion Sol/Shyvana (DE/MT),Akshan (PZ/SH),0,1,0
The Poro King (FR/RU),Akshan/Teemo (BC/SH),0,1,0
Ezreal/Karma (IO/PZ),Gnar/Neeko (FR/RU),0,1,0
Ezreal/Karma (IO/PZ),Fiora/Shen (DE/IO),0,1,0
Zilean (PZ/SH),Ezreal/Karma (IO/PZ),0,1,0
Ezreal/Karma (IO/PZ),Jack/Vi (BW/PZ),0,1,0
Taliyah/Zilean (IO/SH),Riven/Viktor (NX/PZ),0,1,0
Aphelios/Viktor (MT/PZ),Akshan/Taric (MT/SH),0,1,0
Riven/Viktor (NX/PZ),Darius/Gwen (NX/SI),0,1,0
Riven/Viktor (NX/PZ),Akshan/Varus (SH/RU),0,1,0
Jack/Lillia (BW/IO),Rumble/Sion (BC/NX),0,1,0
Rumble/Sion (BC/NX),Kayle (BW/MT),0,1,0
Sett/Trundle (FR/IO),Hecarim (IO/SI),0,1,0
Sett/Trundle (FR/IO),Maokai/Nautilus (BW/SI),0,1,0
Ashe/Garen (DE/FR),Sett/Trundle (FR/IO),0,1,0
Evelynn/Viego (RU/SI),Sett/Trundle (FR/IO),0,1,0
Lissandra/Trundle (FR/SI),Sett/Trundle (FR/IO),0,1,0
Aphelios/Viktor (MT/PZ),Sett/Trundle (FR/IO),0,1,0
Mordekaiser/Viego (FR/SI),Sett/Trundle (FR/IO),0,1,0
Sett/Trundle (FR/IO),Evelynn/Nidalee (RU/SH),0,1,0
Malphite/Taliyah (MT/SH),Sett/Trundle (FR/IO),0,1,0
Evelynn/Kai'Sa (RU/SH),Sett/Trundle (FR/IO),0,1,0
Jinx/Lulu (BC/PZ),Sett/Trundle (FR/IO),0,1,0
Karma/Master Yi/Seraphine (IO/PZ),Sett/Trundle (FR/IO),0,1,0
Tryndamere (FR/SI),Sett/Trundle (FR/IO),0,1,0
Hecarim/Kalista (IO/SI),Sett/Trundle (FR/IO),0,1,0
Taliyah/Zilean (IO/SH),Sett/Trundle (FR/IO),0,1,0
Rumble/Sion (BC/NX),Ornn/Sejuani (FR),0,1,0
Jayce/Viktor (BC/PZ),Jack/Sett (BW/IO),0,1,0
Gnar/Teemo (BC/PZ),Elder Dragon/Mordekaiser/Viego (RU/SI),0,1,0
Gwen/Mordekaiser (SI/SH),Akshan/Varus (SH/RU),0,1,0
Braum/Lillia (FR/IO),Teemo (BC/PZ),0,1,0
LeBlanc/Udyr (FR/NX),Aatrox (RU/BW),0,1,0
Elder Dragon/Volibear (RU/FR),Gangplank/Swain (BW/NX),0,1,0
Gnar/Nidalee (BC/SH),Elder Dragon/Volibear (RU/FR),0,1,0
Ornn/Vayne (DE/FR),Elder Dragon/Volibear (RU/FR),0,1,0
Bard/Mordekaiser (RU/SI),Teemo/Zoe (MT/PZ),0,1,0
Vex (BC/SI),Teemo/Zoe (MT/PZ),0,1,0
Teemo/Zoe (MT/PZ),Garen/Udyr (DE/FR),0,1,0
Teemo/Zoe (MT/PZ),Morgana/Udyr (DE/FR),0,1,0
Jayce/Lux (DE/PZ),Teemo/Zoe (MT/PZ),0,1,0
Teemo/Zoe (MT/PZ),Gnar/Teemo (BC/PZ),0,1,0
Ashe/Jhin (FR/RU),Teemo/Zoe (MT/PZ),0,1,0
Maokai/Nautilus (BW/SI),Teemo/Zoe (MT/PZ),0,1,0
Rumble/Sion (BC/NX),Teemo/Zoe (MT/PZ),0,1,0
Teemo/Zoe (MT/PZ),Ashe/LeBlanc (FR/NX),0,1,0
Teemo/Zoe (MT/PZ),Poppy/Ziggs (BC/NX),0,1,0
Teemo/Zoe (MT/PZ),Katarina/Yasuo (IO/NX),0,1,0
Darius/Gnar (FR/NX),Yasuo (IO/NX),0,1,0
Gangplank/Miss Fortune (BW/NX),Elder Dragon/Seraphine/Viktor (RU/PZ),0,1,0
Senna/Veigar (BC/SI),Gwen/Vayne (DE/SI),0,1,0
Aphelios/Jack (BW/MT),Ashe/LeBlanc (FR/NX),0,1,0
Kalista (SI),Caitlyn/Teemo (BC/PZ),0,1,0
Gangplank/Swain (BW/NX),Caitlyn/Teemo (BC/PZ),0,1,0
Lillia/Lux: Illuminated (DE/IO),Caitlyn/Teemo (BC/PZ),0,1,0
Elise (FR/SI),Akshan/Udyr (FR/SH),0,1,0
Nami/Samira (BW/NX),Elise (FR/SI),0,1,0
Karma/Sett (IO/MT),Elise (FR/SI),0,1,0
Zed (IO/SI),Jinx/Lulu (BC/PZ),0,1,0
Evelynn/Kai'Sa (RU/SH),Azir/Irelia (IO/SH),0,1,0
Azir/Renekton (SH),Evelynn/Kai'Sa (RU/SH),0,1,0
Anivia/Tryndamere (FR/SI),Bard/Illaoi (RU/BW),0,1,0
Jax/Ornn (FR/RU),Elder Dragon/Volibear (RU/FR),0,1,0
Master Yi (FR/IO),Mordekaiser/Viego (IO/SI),0,1,0
Darius/Jinx (NX/PZ),Mordekaiser/Viego (IO/SI),0,1,0
LeBlanc/Mordekaiser (FR/NX),Ekko/Jinx (PZ/SH),0,1,0
LeBlanc/Mordekaiser (FR/NX),Elder Dragon (RU/FR),0,1,0
Azir/Irelia (IO/SH),LeBlanc/Mordekaiser (FR/NX),0,1,0
Rek'Sai (NX/SH),Renekton (BW/SH),0,1,0
Caitlyn/Teemo (BC/PZ),Rek'Sai (NX/SH),0,1,0
Kayle/Zoe (BW/MT),Azir/Irelia (IO/SH),0,1,0
Ekko/Zilean (PZ/SH),Rek'Sai (NX/SH),0,1,0
Maokai/Nautilus (BW/SI),Nasus (SI/SH),0,1,0
Akshan/Lee Sin (IO/SH),Janna/Sett (IO/PZ),0,1,0
Akshan/Lee Sin (IO/SH),Championless (MT/SI),0,1,0
Fizz/Nami (BW/SI),Elder Dragon/Volibear (RU/FR),0,1,0
Evelynn/Kindred (RU/SI),Elder Dragon/Volibear (RU/FR),0,1,0
Braum/Poppy (DE/FR),Elder Dragon/Volibear (RU/FR),0,1,0
Shyvana (DE/MT),Elder Dragon/Volibear (RU/FR),0,1,0
Elder Dragon/Volibear (RU/FR),Akshan/Varus (SH/RU),0,1,0
Tryndamere (FR),Akshan/Varus (SH/RU),0,1,0
Ashe (FR/PZ),Neeko/Poppy (DE/RU),0,1,0
Championless (SI),Sett (IO/PZ),0,1,0
Akshan/Lee Sin (IO/SH),Galio/Poppy (DE/MT),0,1,0
Jack/Lillia (BW/IO),Braum/Lillia (FR/IO),0,1,0
Galio/Garen (DE/IO),Senna/Veigar (PZ/SI),0,1,0
Gwen/Katarina (NX/SI),Karma/Sett (FR/IO),0,1,0
Draven/Jinx (NX/PZ),Heimerdinger/Viktor (BC/PZ),0,1,0
Kayle/Lux: Illuminated (DE/MT),Anivia (FR/SI),0,1,0
Shyvana/Vayne (DE/MT),Ashe/Braum (FR/SI),0,1,0
Shyvana/Vayne (DE/MT),Heimerdinger/Jayce (PZ/SI),0,1,0
Gnar (BC/NX),Shyvana/Vayne (DE/MT),0,1,0
Shyvana/Vayne (DE/MT),Azir/Irelia (IO/SH),0,1,0
Shyvana/Vayne (DE/MT),Elder Dragon/Mordekaiser/Viego (RU/SI),0,1,0
Teemo (BC/PZ),Annie/Miss Fortune (BW/NX),0,1,0
Nautilus (BW/SI),Caitlyn/Teemo (BC/PZ),0,1,0
Ashe/Ezreal (FR/PZ),Seraphine (BC/PZ),0,1,0
Jack/Sett (BW/IO),Malphite/Yasuo (IO/MT),0,1,0
Lulu/Tahm Kench (BW/IO),Ashe/LeBlanc (FR/NX),0,1,0
Kayle (BW/MT),Garen (DE/SH),0,1,0
Ashe/Janna (FR/PZ),Riven/Viktor (NX/PZ),0,1,0
Akshan/Varus (SH/RU),Gnar/Swain (BC/NX),0,1,0
Gnar/Swain (BC/NX),Akshan/Riven (NX/SH),0,1,0
Heimerdinger/Zoe (MT/PZ),Aurelion Sol/Shyvana (DE/MT),0,1,0
Mordekaiser/Viego (SI),Heimerdinger/Viktor (IO/PZ),0,1,0
Kalista/Lissandra/Udyr (FR/SI),Heimerdinger/Viktor (IO/PZ),0,1,0
Pyke/Rek'Sai (BW/SH),Heimerdinger/Viktor (IO/PZ),0,1,0
Bard/Ornn (RU/FR),Heimerdinger/Viktor (IO/PZ),0,1,0
Karma/Lux (DE/IO),Elder Dragon/Morgana (RU/DE),0,1,0
Aphelios/Seraphine (MT/PZ),Elder Dragon/Morgana (RU/DE),0,1,0
Teemo (BC/PZ),Elder Dragon/Morgana (RU/DE),0,1,0
Elder Dragon/Morgana/Shyvana (RU/DE),Elder Dragon/Morgana (RU/DE),0,1,0
Bard (RU/IO),Elder Dragon/Morgana (RU/DE),0,1,0
Malphite/Taliyah (MT/SH),Elder Dragon/Morgana (RU/DE),0,1,0
Poppy/Ziggs (BC/NX),Norra/Zoe (BC/MT),0,1,0
Braum/Yuumi/Zoe (FR/MT),Nasus/Thresh (SI/SH),0,1,0
Championless (SI),Elder Dragon/Morgana (RU/DE),0,1,0
Fizz/Nami (BW/SI),Elder Dragon/Norra/Vex (RU/BC),0,1,0
Janna/Sett (IO/PZ),Lulu/Zed (BC/IO),0,1,0
Lulu/Zed (BC/IO),Azir/Irelia (IO/SH),0,1,0
Senna (BC/SI),Lulu/Zed (BC/IO),0,1,0
Lulu/Zed (BC/IO),Braum (FR),0,1,0
Championpile (MT/PZ),Lulu/Zed (BC/IO),0,1,0
Gangplank/Miss Fortune/Sejuani (BW/FR),Gangplank/Swain (BW/NX),0,1,0
Gangplank/Swain (BW/NX),Jack (BW/IO),0,1,0
Aphelios/Yasuo (IO/MT),Championless (SI),0,1,0
Akshan/Lee Sin (IO/SH),Maokai/Nautilus (BW/SI),0,1,0
Jack/Sett (BW/IO),Lulu/Shen (DE/IO),0,1,0
Jayce/Lux (DE/PZ),Darius/Gnar (FR/NX),0,1,0
Morgana (DE/SI),Elder Dragon/Norra (RU/BC),0,1,0
Elder Dragon/Norra (RU/BC),Garen/Udyr (DE/FR),0,1,0
Elder Dragon/Elise (RU/SI),Elder Dragon/Norra (RU/BC),0,1,0
Jinx (PZ/SH),Elder Dragon/Norra (RU/BC),0,1,0
Hecarim/Sion (NX/SI),Elder Dragon/Norra (RU/BC),0,1,0
Elder Dragon/Norra (RU/BC),Championless (SI),0,1,0
Janna/Teemo (BC/PZ),Elder Dragon/Norra (RU/BC),0,1,0
Braum (FR),Gangplank/Sejuani (BW/FR),0,1,0
Karma/Master Yi/Nami (BW/IO),Gangplank/Sejuani (BW/FR),0,1,0
Gangplank/Sejuani (BW/FR),Elder Dragon/Shyvana (RU/DE),0,1,0
Gangplank/Sejuani (BW/FR),Caitlyn/Teemo (FR/PZ),0,1,0
Gangplank/Sejuani (BW/FR),Leona/Ryze (MT/RU),0,1,0
Gangplank/Sejuani (BW/FR),LeBlanc/Sivir (NX/SH),0,1,0
Gangplank/Sejuani (BW/FR),Azir (MT/SH),0,1,0
Gangplank/Sejuani (BW/FR),Pantheon/Varus (MT/RU),0,1,0
Fiora/Shen (DE/IO),Gangplank/Sejuani (BW/FR),0,1,0
Draven/Jinx (NX/PZ),Gangplank/Sejuani (BW/FR),0,1,0
Akshan/Master Yi (IO/SH),Elder Dragon/Galio/Morgana (RU/DE),0,1,0
Elder Dragon/Morgana (RU/DE),Akshan/Master Yi (IO/SH),0,1,0
Maokai/Nautilus (BW/SI),Championless (SI/SH),0,1,0
Aatrox/Morgana/Vayne (RU/DE),Championless (SI/SH),0,1,0
Ashe/LeBlanc (FR/NX),Nasus/Thresh (SI/SH),0,1,0
Rumble/Sion (BC/NX),Maokai/Nautilus (BW/SI),0,1,0
Maokai/Nautilus (BW/SI),Gwen/Kalista (NX/SI),0,1,0
Lux/Sivir (DE/SH),Kayle (BW/MT),0,1,0
Garen (DE/SH),Galio/Udyr (DE/FR),0,1,0
Maokai/Nautilus (BW/SI),Galio/Garen (DE/FR),0,1,0
Morgana/Taric (MT/PZ),Ashe (FR/PZ),0,1,0
Akshan/Illaoi (BW/SH),Ashe (FR/PZ),0,1,0
Ryze (MT/RU),Annie/Jhin (RU/NX),0,1,0
Mordekaiser/Viego (MT/SI),Heimerdinger/Viktor (IO/PZ),0,1,0
Mordekaiser/Viego (MT/SI),Rumble/Sion (BC/NX),0,1,0
Pyke/Rek'Sai (BW/SH),Mordekaiser/Viego (MT/SI),0,1,0
Kalista/Viego (IO/SI),Mordekaiser/Viego (MT/SI),0,1,0
Azir/Irelia (IO/SH),Mordekaiser/Viego (MT/SI),0,1,0
Caitlyn/Teemo (FR/PZ),Championless (BC/SH),0,1,0
Caitlyn/Teemo (FR/PZ),Seraphine/Sett (IO/PZ),0,1,0
Akshan/Morgana (DE/SH),Championless (SI),0,1,0
Championless (SI),Sett/Viktor (IO/PZ),0,1,0
Jack/Sett (BW/IO),Championless (BC/SH),0,1,0
Jack/Sett (BW/IO),Evelynn/Mordekaiser (RU/SI),0,1,0
Elise (NX/SI),Jack/Sett (BW/IO),0,1,0
Jack/Sett (BW/IO),Elder Dragon/Lissandra/Trundle/Volibear (RU/FR),0,1,0
Tryndamere (DE/FR),Jack/Sett (BW/IO),0,1,0
Maokai/Nautilus (BW/SI),Ashe/Caitlyn (FR/PZ),0,1,0
Bard/Mordekaiser (RU/SI),Norra/Zoe (BC/MT),0,1,0
Gnar/Teemo (BC/PZ),Bard/Mordekaiser (RU/SI),0,1,0
Teemo (BC/PZ),Bard/Mordekaiser (RU/SI),0,1,0
Bard/Mordekaiser (RU/SI),Senna/Veigar (BC/SI),0,1,0
Bard/Mordekaiser (RU/SI),Trundle/Tryndamere (FR/IO),0,1,0
Bard/Mordekaiser (RU/SI),Kayle (BW/MT),0,1,0
Championless (BC/PZ),Bard/Mordekaiser (RU/SI),0,1,0
Bard/Mordekaiser (RU/SI),Caitlyn/Teemo (FR/PZ),0,1,0
Diana/Leona (MT/SI),Bard/Mordekaiser (RU/SI),0,1,0
Fiora/Lux: Illuminated (DE/MT),Neeko (RU/NX),0,1,0
Senna/Veigar (BC/SI),Viktor/Zoe (MT/PZ),0,1,0
Elder Dragon (RU/FR),Viktor/Zoe (MT/PZ),0,1,0
Caitlyn/Teemo (FR/PZ),Viktor/Zoe (MT/PZ),0,1,0
Championless (BC/PZ),Aphelios/Master Yi (IO/MT),0,1,0
Elder Dragon/Elise (RU/SI),Viktor/Zoe (MT/PZ),0,1,0
Aphelios/Master Yi (IO/MT),Annie/Jhin (RU/NX),0,1,0
Pyke (BW/SH),Aphelios/Master Yi (IO/MT),0,1,0
Janna/Mordekaiser (PZ/SI),Aatrox/Kayn (RU/RU),0,1,0
Nautilus (BW/SI),Janna/Mordekaiser (PZ/SI),0,1,0
Akshan/Riven (NX/SH),Janna/Mordekaiser (PZ/SI),0,1,0
Championless (FR/SI),Janna/Mordekaiser (PZ/SI),0,1,0
Janna/Mordekaiser (PZ/SI),Championless (FR/IO),0,1,0
Fiora/Zilean (DE/SH),Janna/Mordekaiser (PZ/SI),0,1,0
Janna/Mordekaiser (PZ/SI),Azir/Xerath (SH),0,1,0
Janna/Mordekaiser (PZ/SI),Championless (IO/PZ),0,1,0
Elder Dragon/Volibear (RU/FR),Janna/Mordekaiser (PZ/SI),0,1,0
Janna/Mordekaiser (PZ/SI),Elder Dragon/Galio/Morgana (RU/DE),0,1,0
Norra/Zoe (BC/MT),Janna/Mordekaiser (PZ/SI),0,1,0
Janna/Mordekaiser (PZ/SI),Caitlyn/Teemo (FR/PZ),0,1,0
Janna/Mordekaiser (PZ/SI),Senna/Veigar (BC/SI),0,1,0
Jarvan IV/Shen (DE/IO),Janna/Mordekaiser (PZ/SI),0,1,0
Bard/Mordekaiser (RU/SI),Pyke/Rek'Sai (BW/SH),0,1,0
Poppy/Tristana (BC/FR),Pyke/Rek'Sai (BW/SH),0,1,0
Norra (BC/MT),Pyke/Rek'Sai (BW/SH),0,1,0
Pyke/Rek'Sai (BW/SH),Ezreal/Fizz (BC/PZ),0,1,0
Kayle (BW/MT),Akshan/Riven (NX/SH),0,1,0
Elder Dragon/Seraphine/Viktor (RU/PZ),Ekko/Jinx (PZ/SH),0,1,0
Nami/Samira (BW/NX),Lux: Illuminated/Vex (BC/DE),0,1,0
Akshan/Varus (SH/RU),Nami/Samira (BW/NX),0,1,0
Ezreal (NX/PZ),Elder Dragon/Seraphine/Viktor (RU/PZ),0,1,0
Elder Dragon/Norra (RU/BC),Lux: Illuminated/Vex (BC/DE),0,1,0
Darius/Teemo (NX/PZ),Elder Dragon/Seraphine/Viktor (RU/PZ),0,1,0
Sett/Taliyah (IO/SH),Azir/Irelia (IO/SH),0,1,0
Azir/Irelia (IO/SH),Aurelion Sol/Zoe (IO/MT),0,1,0
Azir/Irelia (IO/SH),Morgana/Udyr (DE/FR),0,1,0
Kennen/Poppy (BC/DE),Azir/Irelia (IO/SH),0,1,0
Azir/Irelia (IO/SH),Senna/Viktor (PZ/SI),0,1,0
Azir/Irelia (IO/SH),Heimerdinger/Norra (BC/IO),0,1,0
Garen (DE/SI),Azir/Irelia (IO/SH),0,1,0
Azir/Irelia (IO/SH),Elder Dragon/Elise/Mordekaiser (RU/SI),0,1,0
Azir/Irelia (IO/SH),Akshan/Fiora (DE/SH),0,1,0
Ashe/Caitlyn (FR/PZ),Galio (DE/FR),0,1,0
Poppy/Taric (DE/MT),Ashe/Caitlyn (FR/PZ),0,1,0
Morgana/Shyvana (DE/SH),Akshan/Varus (SH/RU),0,1,0
Annie/Jhin (RU/NX),Akshan/Pantheon (MT/SH),0,1,0
Anivia/Udyr (DE/FR),Annie/Jhin (RU/NX),0,1,0
Janna/Sett (IO/PZ),Jack/Lillia (BW/IO),0,1,0
Galio/Udyr (DE/FR),Swain/Vladimir (FR/NX),0,1,0
Jack/Sett (BW/IO),Galio/Udyr (DE/FR),0,1,0
Maokai/Nautilus (BW/SI),Jayce/Lux (DE/PZ),0,1,0
Caitlyn/Teemo (BC/PZ),Aurelion Sol/Zoe (IO/MT),0,1,0
Akshan/Varus (SH/RU),Caitlyn/Teemo (BC/PZ),0,1,0
Leona/Yasuo (IO/MT),Caitlyn/Teemo (BC/PZ),0,1,0
Janna/Twisted Fate (BW/PZ),Ashe/LeBlanc (FR/NX),0,1,0
Akshan/Sivir (FR/SH),The Poro King (MT/RU),0,1,0
Janna/Sion (NX/PZ),The Poro King (MT/RU),0,1,0
Azir/Irelia (IO/SH),The Poro King (MT/RU),0,1,0
Akshan/Sivir (DE/SH),The Poro King (FR/RU),0,1,0
Akshan/Sivir (DE/SH),Pyke/Rek'Sai (BW/SH),0,1,0
Renekton/Xerath (SH),Caitlyn/Teemo (BC/PZ),0,1,0
Gnar/Nidalee (BC/SH),Ashe/LeBlanc (FR/NX),0,1,0
Janna/Twisted Fate (BW/PZ),Caitlyn/Teemo (BC/PZ),0,1,0
Kayle/Leona (MT/NX),Bard/Zed (RU/IO),0,1,0
Janna/Viktor (IO/PZ),Ashe/LeBlanc (FR/NX),0,1,0
Galio/Garen (DE/FR),Ashe (FR/PZ),0,1,0
Ashe/LeBlanc (FR/NX),Galio/Garen (DE/FR),0,1,0
Garen/Lux (DE/SI),Ashe/LeBlanc (FR/NX),0,1,0
Kindred/Norra (BC/SI),Ornn/Vayne (DE/FR),0,1,0
Azir/Xerath (SH),Kindred/Norra (BC/SI),0,1,0
Fizz/Samira (BW/NX),Kindred/Norra (BC/SI),0,1,0
Evelynn/Kai'Sa (RU/SH),Elise (PZ/SI),0,1,0
Teemo (BC/PZ),Elise (PZ/SI),0,1,0
Championless (SI),Elder Dragon/Elise (RU/SI),0,1,0
Akshan/Pantheon (MT/SH),Elder Dragon/Elise (RU/SI),0,1,0
Akshan/Sivir (FR/SH),Elder Dragon/Elise (RU/SI),0,1,0
Garen/Jarvan IV (DE/SH),Elder Dragon/Elise (RU/SI),0,1,0
Tryndamere (FR/SI),Elder Dragon/Elise (RU/SI),0,1,0
Draven (NX/PZ),Elder Dragon/Elise (RU/SI),0,1,0
Elder Dragon/Galio/Morgana (RU/DE),Elder Dragon/Elise (RU/SI),0,1,0
Elder Dragon/Norra/Vex (RU/BC),Braum/Garen (DE/FR),0,1,0
Elder Dragon/Norra/Vex (RU/BC),Jinx/Lulu (BC/PZ),0,1,0
Soraka/Tahm Kench (BW/MT),Elder Dragon/Norra/Vex (RU/BC),0,1,0
Gwen/Hecarim (IO/SI),Sion (NX/SI),0,1,0
Elder Dragon/Mordekaiser/Viego (RU/SI),Sion (NX/SI),0,1,0
Sion (NX/SI),Gangplank/Swain (BW/NX),0,1,0
Elder Dragon/Volibear (RU/FR),Hecarim/Kalista (IO/SI),0,1,0
Soraka/Vladimir (MT/NX),Elder Dragon/Volibear (RU/FR),0,1,0
Lulu/Poppy/Tristana (BC),Elder Dragon/Volibear (RU/FR),0,1,0
Vayne (DE/NX),Elder Dragon/Volibear (RU/FR),0,1,0
Braum/Nami (BW/FR),Elder Dragon/Volibear (RU/FR),0,1,0
Championless (SI),Jax/Varus (RU/RU),0,1,0
Darius/Gwen (NX/SI),Morgana/Udyr (DE/FR),0,1,0
Maokai/Nautilus (BW/SI),Janna (FR/PZ),0,1,0
Aatrox/Kayn (RU/RU),Janna (FR/PZ),0,1,0
Galio (DE/FR),Kayle (BW/MT),0,1,0
Braum (BC/FR),Kayle (BW/MT),0,1,0
Senna/Veigar (BC/SI),Janna/Sett (IO/PZ),0,1,0
Janna (FR/PZ),Akshan/Varus (SH/RU),0,1,0
Gwen/Riven (NX/SI),Jack/Udyr (BW/FR),0,1,0
Aurelion Sol/Lux (DE/MT),Bard/Teemo (RU/PZ),0,1,0
Morgana/Taric (MT/PZ),Akshan/Varus (SH/RU),0,1,0
Akshan/Varus (SH/RU),Jax/Ornn (FR/RU),0,1,0
Jack/Lillia (BW/IO),Akshan/Varus (SH/RU),0,1,0
Galio/Garen (DE/IO),Akshan/Varus (SH/RU),0,1,0
Aphelios/Viktor (MT/PZ),Elder Dragon/Seraphine/Viktor (RU/PZ),0,1,0
Zoe (MT),Taliyah/Zilean (IO/SH),0,1,0
Teemo (BC/FR),Aphelios/Viktor (MT/PZ),0,1,0
Karma/Sett (FR/IO),Elder Dragon/Elise/Kalista (RU/SI),0,1,0
Azir/Renekton (SH),Aphelios/Viktor (MT/PZ),0,1,0
Heimerdinger/Jayce/Vi (PZ/SI),Elder Dragon/Volibear (RU/FR),0,1,0
Championless (FR/IO),Elder Dragon/Volibear (RU/FR),0,1,0
Lux: Illuminated/Vex (BC/DE),Nasus/Renekton (SH),0,1,0
Morgana/Yuumi (DE/MT),Lux: Illuminated/Vex (BC/DE),0,1,0
Lissandra/Mordekaiser (FR/SI),Elder Dragon (RU/FR),0,1,0
Lissandra/Mordekaiser (FR/SI),Draven/Katarina (FR/NX),0,1,0
Lissandra/Mordekaiser (FR/SI),Gnar/Neeko (FR/RU),0,1,0
Lissandra/Mordekaiser (FR/SI),Gwen/Irelia (IO/SI),0,1,0
Azir/Xerath (SH),Lissandra/Mordekaiser (FR/SI),0,1,0
Lissandra/Mordekaiser (FR/SI),Aurelion Sol/Elder Dragon (RU/MT),0,1,0
The Poro King/Viktor (PZ/RU),Elder Dragon/Volibear (RU/FR),0,1,0
Pantheon/Yuumi (DE/MT),Pyke/Rek'Sai (BW/SH),0,1,0
Gwen/Hecarim (NX/SI),Pyke/Rek'Sai (BW/SH),0,1,0
Rumble/Sion (BC/NX),Braum/Vladimir (FR/NX),0,1,0
Championless (SI),Rumble/Sion (BC/NX),0,1,0
Aurelion Sol/Morgana (FR/MT),Azir/Irelia (IO/SH),0,1,0
Ashe/Lillia (FR/IO),Aatrox/Kayn (RU/RU),0,1,0
Rumble/Sion (BC/NX),Braum/Lillia (FR/IO),0,1,0
Gnar/Kalista (FR/SI),Maokai/Nautilus (BW/SI),0,1,0
Akshan/Lee Sin (IO/SH),Braum/Lillia (FR/IO),0,1,0
Nasus/Renekton (SH),Kalista (SI),0,1,0
Championless (BW/FR),Braum/Lillia (FR/IO),0,1,0
Pyke/Rek'Sai (BW/SH),Elder Dragon/Trundle/Volibear (RU/FR),0,1,0
Elder Dragon/Trundle/Volibear (RU/FR),Annie/Jhin (RU/NX),0,1,0
Championpile (SH),Fizz (BW/MT),0,1,0
Fizz/Samira (BW/NX),Draven (NX/PZ),0,1,0
Ashe/Jhin (FR/RU),LeBlanc/Sivir (NX/SH),0,1,0
The Poro King (RU/SI),LeBlanc/Sivir (NX/SH),0,1,0
Diana/Nocturne (MT/SI),Elder Dragon/Trundle/Volibear (RU/FR),0,1,0
Rumble/Tristana (BC/NX),Aphelios/Viktor (MT/PZ),0,1,0
Riven/Vi (NX/PZ),Aphelios/Viktor (MT/PZ),0,1,0
Akshan/Gwen (SI/SH),Jax/Vayne (DE/RU),0,1,0
Ashe/Tahm Kench (BW/FR),Darius/Gnar (FR/NX),0,1,0
Gnar/Kayle (FR/MT),Darius/Gnar (FR/NX),0,1,0
Kalista/Nasus (SI/SH),Azir/Irelia (IO/SH),0,1,0
Hecarim/Zed (IO/SI),Braum/Trundle (FR/SI),0,1,0
Championpile (BW/PZ),Hecarim/Zed (IO/SI),0,1,0
Hecarim/Zed (IO/SI),Aatrox/Pantheon (RU/MT),0,1,0
Hecarim/Zed (IO/SI),Ezreal/Fizz (BC/PZ),0,1,0
Hecarim/Zed (IO/SI),Draven/Ezreal (NX/PZ),0,1,0
Teemo (BC/PZ),Hecarim/Zed (IO/SI),0,1,0
Hecarim/Zed (IO/SI),Darius (FR/NX),0,1,0
Hecarim/Zed (IO/SI),Vladimir (FR/NX),0,1,0
Hecarim/Zed (IO/SI),Akshan/Master Yi (IO/SH),0,1,0
Azir/Nasus/Xerath (SH),Hecarim/Zed (IO/SI),0,1,0
Hecarim/Zed (IO/SI),Pantheon/Sivir (MT/SH),0,1,0
Hecarim/Zed (IO/SI),Jayce/Lux (DE/PZ),0,1,0
Hecarim/Zed (IO/SI),Elder Dragon/Lissandra (RU/FR),0,1,0
Fiora (DE/FR),Hecarim/Zed (IO/SI),0,1,0
Hecarim/Zed (IO/SI),Janna/Volibear (FR/PZ),0,1,0
Nidalee (BC/SH),Neeko/Poppy (DE/RU),0,1,0
Ashe (BW/FR),Taliyah/Zilean (IO/SH),0,1,0
Aphelios/Zoe (MT/PZ),Janna/Master Yi (IO/PZ),0,1,0
Aphelios/Zoe (MT/PZ),Lee Sin/Viktor (IO/PZ),0,1,0
Aphelios/Zoe (MT/PZ),The Poro King (RU/SH),0,1,0
Elder Dragon/Mordekaiser/Viego (RU/SI),Aphelios/Zoe (MT/PZ),0,1,0
Aphelios/Zoe (MT/PZ),Senna/Veigar (BC/SI),0,1,0
Gangplank/Sejuani (BW/FR),Ezreal/Seraphine (BC/PZ),0,1,0
Elder Dragon/Norra (RU/BC),Gwen/Hecarim (IO/SI),0,1,0
Tryndamere (FR),Hecarim/Kalista/Zed (IO/SI),0,1,0
Championpile (DE/FR),Tryndamere (FR),0,1,0
Illaoi/Vayne (BW/DE),Tryndamere (FR),0,1,0
Bard/Mordekaiser (RU/SI),Tryndamere (FR),0,1,0
Tryndamere (FR),Nilah/Twisted Fate (BW/PZ),0,1,0
Tryndamere (DE/FR),Tryndamere (FR),0,1,0
Fizz/Samira (BW/NX),Tryndamere (FR),0,1,0
Morgana/Taric (MT/PZ),Akshan/Morgana (MT/SH),0,1,0
Braum/Vladimir (FR/NX),Akshan/Morgana (MT/SH),0,1,0
Lulu/Tahm Kench (BW/IO),Akshan/Vayne (DE/SH),0,1,0
Akshan/Vayne (DE/SH),Morgana/Riven (MT/NX),0,1,0
Akshan/Riven (NX/SH),Akshan/Varus (SH/RU),0,1,0
Elder Dragon/Shyvana (RU/DE),Bard/Kalista (RU/SI),0,1,0
Bard/Kalista (RU/SI),Morgana/Udyr (DE/FR),0,1,0
Championless (BC/SI),Taliyah/Zilean (IO/SH),0,1,0
Illaoi/Jarvan IV (BW/DE),Azir/Renekton (SH),0,1,0
Fizz/Samira (BW/NX),Azir/Renekton (SH),0,1,0
Ryze (IO/RU),Azir/Renekton (SH),0,1,0
Leona/Yasuo (IO/MT),Azir/Renekton (SH),0,1,0
Hecarim/Zed (IO/SI),Azir/Renekton (SH),0,1,0
Aurelion Sol/Shyvana (DE/MT),Azir/Renekton (SH),0,1,0
Azir/Renekton (SH),Kalista/Nasus (SI/SH),0,1,0
Kalista/Mordekaiser (NX/SI),Azir/Renekton (SH),0,1,0
Twisted Fate (BW/PZ),Azir/Renekton (SH),0,1,0
Azir/Renekton (SH),Teemo (BC/PZ),0,1,0
Azir/Renekton (SH),Braum/Karma/Sett (FR/IO),0,1,0
Gwen/Hecarim/Zed (IO/SI),Nasus/Renekton (NX/SH),0,1,0
Braum/Soraka (FR/MT),Norra/Zoe (BC/MT),0,1,0
Braum/Soraka (FR/MT),Senna/Veigar (BC/SI),0,1,0
Maokai/Nautilus (BW/SI),Braum/Soraka (FR/MT),0,1,0
Kindred/Lucian (DE/SI),Taliyah (BC/SH),0,1,0
Annie/Jinx (NX/PZ),Elder Dragon/Elise/Kalista (RU/SI),0,1,0
Illaoi (BW/MT),Azir/Xerath (SH),0,1,0
Ahri/Elder Dragon/Kennen (RU/IO),Azir/Irelia (IO/SH),0,1,0
Taliyah/Ziggs (BC/SH),Annie/Jhin (RU/NX),0,1,0
Ezreal/Karma (IO/PZ),Yuumi/Zoe (FR/MT),0,1,0
Mordekaiser/Norra (BC/SI),Elder Dragon/Morgana (RU/DE),0,1,0
Darius/Miss Fortune (BW/NX),Mordekaiser/Norra (BC/SI),0,1,0
Nilah/Twisted Fate (BW/PZ),Akshan/Sivir (FR/SH),0,1,0
Aurelion Sol/Elder Dragon/Morgana (RU/MT),Nilah/Twisted Fate (BW/PZ),0,1,0
Elder Dragon/Lissandra/Volibear (RU/FR),Braum/The Poro King (FR/RU),0,1,0
Elder Dragon/Seraphine/Viktor (RU/PZ),Karma/Sett (FR/IO),0,1,0
Elder Dragon/Seraphine/Viktor (RU/PZ),Akshan/Varus (SH/RU),0,1,0
Nasus/Thresh (SI/SH),Pyke/Rek'Sai (BW/SH),0,1,0
Teemo/Zoe (MT/PZ),Braum/The Poro King (FR/RU),0,1,0
Jinx/Lulu (BC/PZ),Braum/Kayle (FR/MT),0,1,0
Jhin/Kennen (IO/RU),Jinx/Lulu (BC/PZ),0,1,0
Elder Dragon/Elise (RU/SI),Jinx/Lulu (BC/PZ),0,1,0
Aatrox/Kayn (RU/RU),Jayce/Lux (DE/PZ),0,1,0
Gnar/Lillia (FR/IO),Aatrox/Kayn (RU/RU),0,1,0
Galio/Poppy (DE/MT),Senna/Veigar (BC/SI),0,1,0
Sett (IO/PZ),Galio/Poppy (DE/MT),0,1,0
Ashe/Tahm Kench (BW/FR),Galio/Poppy (DE/MT),0,1,0
Jax/Ornn (FR/RU),Ahri/Zoe (IO/MT),0,1,0
Ezreal/Seraphine (IO/PZ),Jax/Ornn (FR/RU),0,1,0
Braum (DE/FR),Jax/Ornn (FR/RU),0,1,0
Jayce/Lux (DE/PZ),Ryze (RU/SH),0,1,0
Evelynn/Lucian (DE/RU),Jayce/Lux (DE/PZ),0,1,0
Lux: Illuminated/Vex (BC/DE),Poppy/Ziggs (BC/NX),0,1,0
Lissandra/Taliyah (FR/SH),Poppy/Ziggs (BC/NX),0,1,0
Hecarim/Zed (IO/SI),Poppy/Ziggs (BC/NX),0,1,0
Shen/Taric (IO/MT),Poppy/Ziggs (BC/NX),0,1,0
Ekko/Jinx (PZ/SH),Elder Dragon/Morgana (RU/DE),0,1,0
Azir/Renekton (SH),Ekko/Jinx (PZ/SH),0,1,0
Ekko/Jinx (PZ/SH),Azir/Xerath (SH),0,1,0
Taliyah/Zilean (IO/SH),Trundle/Volibear (DE/FR),0,1,0
Taliyah/Zilean (IO/SH),Elise/Samira (NX/SI),0,1,0
Jinx/Teemo (PZ/SH),Taliyah/Zilean (IO/SH),0,1,0
Taliyah/Zilean (IO/SH),Akshan/Pantheon (MT/SH),0,1,0
Akshan/Master Yi (IO/SH),Taliyah/Zilean (IO/SH),0,1,0
Samira/Seraphine (NX/PZ),Norra/Swain (BC/NX),0,1,0
Ryze (RU/SH),Norra/Swain (BC/NX),0,1,0
Elder Dragon/Elise (RU/SI),Ezreal/Seraphine (BC/PZ),0,1,0
Lulu/Tahm Kench (BW/IO),Senna/Veigar (BC/SI),0,1,0
Lulu/Tahm Kench (BW/IO),Ashe (FR/PZ),0,1,0
Lulu/Tahm Kench (BW/IO),Gwen/LeBlanc (NX/SI),0,1,0
Lulu/Tahm Kench (BW/IO),Gwen/Riven (NX/SI),0,1,0
Aurelion Sol/Norra/Zoe (BC/MT),Ekko/Jinx (PZ/SH),0,1,0
Braum/Vladimir (FR/NX),Miss Fortune/Twisted Fate (BW/NX),0,1,0
Miss Fortune/Twisted Fate (BW/NX),Aphelios/Zoe (MT/PZ),0,1,0
Pyke/Rek'Sai (BW/SH),Miss Fortune/Twisted Fate (BW/NX),0,1,0
Illaoi/Vayne (BW/DE),Ezreal/Seraphine (IO/PZ),0,1,0
Akshan/Karma/Master Yi (IO/SH),Zoe (MT),0,1,0
Galio/Lux/Shyvana (DE),Akshan/Karma/Master Yi (IO/SH),0,1,0
Galio/Udyr (DE/FR),Akshan/Karma/Master Yi (IO/SH),0,1,0
Heimerdinger/Jayce (PZ/SI),Akshan/Karma/Master Yi (IO/SH),0,1,0
Akshan/Karma/Master Yi (IO/SH),Hecarim/Kalista (IO/SI),0,1,0
Championless (FR/SI),Pyke/Rek'Sai (BW/SH),0,1,0
Yasuo (IO/MT),Pyke/Rek'Sai (BW/SH),0,1,0
Championpile (DE/FR),Pyke/Rek'Sai (BW/SH),0,1,0
Nasus/Senna (SI/SH),Braum/Vladimir (FR/NX),0,1,0
Ryze (IO/RU),Gwen/Hecarim (IO/SI),0,1,0
Gwen/Hecarim (IO/SI),Pyke/Rek'Sai (BW/SH),0,1,0
Aatrox/Kayn (RU/RU),Gwen/Hecarim (IO/SI),0,1,0
Jhin/Kennen (IO/RU),Gwen/Hecarim (IO/SI),0,1,0
Hecarim (IO/SI),Gwen/Hecarim (IO/SI),0,1,0
Taliyah/Xerath/Zilean (SH),Hecarim (IO/SI),0,1,0
Draven/Katarina (FR/NX),Hecarim (IO/SI),0,1,0
Hecarim (IO/SI),Rek'Sai (BW/SH),0,1,0
Mordekaiser/Viego (FR/SI),Hecarim (IO/SI),0,1,0
Nami/Samira (BW/NX),Hecarim (IO/SI),0,1,0
Azir/Xerath (SH),Hecarim (IO/SI),0,1,0
Lucian/Miss Fortune (BW/DE),Janna/Twisted Fate (BW/PZ),0,1,0
Annie/Jhin (RU/NX),Lucian/Miss Fortune (BW/DE),0,1,0
Annie/Jhin (RU/NX),Lux/Shen (DE/IO),0,1,0
Aurelion Sol/Shyvana (DE/MT),Jhin/Kennen (IO/RU),0,1,0
Bard/Janna (RU/PZ),Jhin/Kennen (IO/RU),0,1,0
Jhin/Kennen (IO/RU),Trundle/Udyr (DE/FR),0,1,0
Jinx/Teemo (BC/PZ),Jhin/Kennen (IO/RU),0,1,0
Elder Dragon/Elise/Kalista (RU/SI),Jhin/Kennen (IO/RU),0,1,0
Ezreal/Fizz (BC/PZ),Jhin/Kennen (IO/RU),0,1,0
Gnar/Neeko (BC/RU),Jhin/Kennen (IO/RU),0,1,0
Ryze (IO/RU),Jhin/Kennen (IO/RU),0,1,0
Pyke/Rek'Sai (BW/SH),Jhin/Kennen (IO/RU),0,1,0
Master Yi/Nami (BW/IO),Jhin/Kennen (IO/RU),0,1,0
Janna/Twisted Fate (BW/PZ),Jhin/Kennen (IO/RU),0,1,0
Hecarim/Zed (IO/SI),Jhin/Kennen (IO/RU),0,1,0
Jhin/Kennen (IO/RU),Tryndamere (FR),0,1,0
Taliyah/Zilean (IO/SH),Jhin/Kennen (IO/RU),0,1,0
Jax/Vayne (DE/RU),Ashe (FR/PZ),0,1,0
Championless (PZ/SI),Nasus/Renekton (SH),0,1,0
Kayle (BW/MT),The Poro King (RU/SI),0,1,0
Braum/Yuumi/Zoe (FR/MT),Ashe/LeBlanc (FR/NX),0,1,0
Ashe/LeBlanc (FR/NX),Akshan/Fiora (DE/SH),0,1,0
Kalista/Lissandra/Udyr (FR/SI),Ashe/LeBlanc (FR/NX),0,1,0
Gangplank/Sejuani (BW/FR),The Poro King (MT/RU),0,1,0
Heimerdinger/Viktor (IO/PZ),The Poro King (MT/RU),0,1,0
Sejuani (FR/NX),The Poro King (MT/RU),0,1,0
Norra/Yuumi (BC/IO),The Poro King (MT/RU),0,1,0
Fizz/Nami (BW/FR),The Poro King (MT/RU),0,1,0
Championless (DE/SI),Maokai/Nautilus (BW/SI),0,1,0
Nilah/Twisted Fate (BW/PZ),Gwen/Zed (IO/SI),0,1,0
Janna/Viktor (BC/PZ),Sett (IO/PZ),0,1,0
Akshan/Varus (SH/RU),Sett (IO/PZ),0,1,0
Sett (IO/PZ),Braum/Vladimir (FR/NX),0,1,0
Braum/Vladimir (FR/NX),Championless (BC/SI),0,1,0
Ashe/Tahm Kench (BW/FR),Championless (BC/SI),0,1,0
Aurelion Sol/Elder Dragon/Morgana (RU/MT),Fiora (DE/FR),0,1,0
Soraka/Tahm Kench (BW/MT),Fiora (DE/FR),0,1,0
Aurelion Sol/Shyvana (DE/MT),Nidalee (BC/SH),0,1,0
Nidalee (BC/SH),Akshan/Varus (SH/RU),0,1,0
Aatrox/Kayn (RU/RU),Nidalee (BC/SH),0,1,0
Swain/Yasuo (IO/NX),Maokai/Nautilus (BW/SI),0,1,0
Malphite/Yasuo (IO/MT),Nocturne/Vex (PZ/SI),0,1,0
Taliyah/Ziggs (BC/SH),Nocturne/Vex (PZ/SI),0,1,0
Ashe (BW/FR),Nocturne/Vex (PZ/SI),0,1,0
Thresh/Viego (SI),Fizz/Yuumi (BC/FR),0,1,0
Karma/Sett (FR/IO),Draven/Jinx (NX/PZ),0,1,0
Darius/Rek'Sai (NX/SH),Karma/Sett (FR/IO),0,1,0
Karma/Sett (FR/IO),Fizz/Twisted Fate (BW/DE),0,1,0
Norra (BC/PZ),Seraphine/Zoe (MT/PZ),0,1,0
Taliyah/Zilean (IO/SH),Seraphine/Zoe (MT/PZ),0,1,0
Akshan/Fiora (DE/SH),Katarina/Norra (BC/NX),0,1,0
Kayle/Zed (IO/MT),Pyke/Rek'Sai (BW/SH),0,1,0
Mordekaiser/Senna (SI/SH),Elder Dragon/Seraphine/Viktor (RU/PZ),0,1,0
Draven/Jinx (NX/PZ),Katarina/Norra (BC/NX),0,1,0
Akshan/Sivir (FR/SH),Katarina/Norra (BC/NX),0,1,0
Elder Dragon/Morgana (RU/DE),Katarina/Norra (BC/NX),0,1,0
Teemo (BC/PZ),Katarina/Norra (BC/NX),0,1,0
Darius/Gnar (FR/NX),Bard/Kayle (RU/MT),0,1,0
Elise/Kalista (FR/SI),Jax/Ornn (FR/RU),0,1,0
Norra (BC/IO),Jax/Ornn (FR/RU),0,1,0
Mordekaiser/Viego (IO/SI),Norra (BC/IO),0,1,0
Lulu/Zed (BC/IO),Elder Dragon/Trundle/Volibear (RU/FR),0,1,0
Janna/Twisted Fate (BW/PZ),Lulu/Zed (BC/IO),0,1,0
Ryze (RU/SH),Lulu/Zed (BC/IO),0,1,0
Lulu/Zed (BC/IO),Championless (FR/NX),0,1,0
Ezreal/Seraphine (BC/PZ),Lulu/Zed (BC/IO),0,1,0
Udyr (DE/FR),Lulu/Zed (BC/IO),0,1,0
Azir/Nasus/Renekton (SH),Senna/Veigar (BC/SI),0,1,0
Bard/Mordekaiser (RU/SI),Elder Dragon/Galio/Morgana (RU/DE),0,1,0
Aatrox/Kayn (RU/RU),Viktor/Zoe (MT/PZ),0,1,0
Elder Dragon/Volibear (RU/FR),Miss Fortune (BW/NX),0,1,0
Galio/Poppy (DE/MT),Maokai/Nautilus (BW/SI),0,1,0
Senna (BC/SI),Azir/Irelia (IO/SH),0,1,0
Mordekaiser/Nocturne (SI),Azir/Irelia (IO/SH),0,1,0
Taliyah/Zilean (IO/SH),Azir/Zed (IO/SH),0,1,0
Taliyah/Zilean (IO/SH),Fiora/Taric (DE/MT),0,1,0
Aurelion Sol (FR/MT),Azir/Xerath (SH),0,1,0
Galio/Poppy (DE/MT),Nasus/Thresh (SI/SH),0,1,0
Braum/LeBlanc (FR/NX),Kindred/Viego (NX/SI),0,1,0
Ezreal/Karma/Sett (IO/PZ),Azir/Irelia (IO/SH),0,1,0
Karma/Master Yi/Seraphine (IO/PZ),Azir/Irelia (IO/SH),0,1,0
Evelynn/Lucian (DE/RU),Akshan/Pantheon (MT/SH),0,1,0
Lee Sin/Zoe (IO/MT),Gwen/Hecarim (IO/SI),0,1,0
Fiora (DE/SH),Gwen/Hecarim (IO/SI),0,1,0
Vex (BC/SI),Gwen/Hecarim (IO/SI),0,1,0
Aatrox/Kayn (RU/RU),Ahri/Kennen (IO/SI),0,1,0
Akshan/Master Yi (IO/SH),Anivia/Lissandra (DE/FR),0,1,0
Fiora (DE/FR),Kindred/Viego (NX/SI),0,1,0
Katarina/Zed (IO/NX),Jinx/Lulu (BC/PZ),0,1,0
Evelynn/Kayle (RU/MT),Championless (SI),0,1,0
Master Yi/Riven (IO/NX),Nocturne/Vex (PZ/SI),0,1,0
Darius/Rek'Sai (NX/SH),Senna/Veigar (BC/SI),0,1,0
Fizz/Yuumi (BC/FR),Lillia/Lux: Illuminated (DE/IO),0,1,0
Draven/Jack (BW/NX),Fizz/Yuumi (BC/FR),0,1,0
Anivia/Mordekaiser (FR/SI),Azir/Irelia (IO/SH),0,1,0
Garen (DE/MT),Karma/Sett (FR/IO),0,1,0
Hecarim/Zed (IO/SI),Mordekaiser/Senna (SI/SH),0,1,0
Trundle/Volibear (FR/NX),Elder Dragon/Tryndamere/Volibear (RU/FR),0,1,0
Hecarim/Zed (IO/SI),Trundle/Volibear (FR/NX),0,1,0
Jhin/Norra (BC/RU),Trundle/Volibear (FR/NX),0,1,0
Pyke/Rek'Sai (BW/SH),Seraphine/Zoe (MT/PZ),0,1,0
Jayce/Vex (PZ/SI),Seraphine/Zoe (MT/PZ),0,1,0
Seraphine/Zoe (MT/PZ),Lillia/Lux: Illuminated (DE/IO),0,1,0
Nami/Samira (BW/NX),Seraphine/Zoe (MT/PZ),0,1,0
Maokai/Nautilus (BW/SI),Championless (PZ/SI),0,1,0
Lux: Illuminated/Vex (BC/DE),Championless (PZ/SI),0,1,0
Fiora/Garen (DE/MT),Norra/Teemo (BC/PZ),0,1,0
Norra/Teemo (BC/PZ),Mordekaiser/Norra (BC/SI),0,1,0
Braum (FR),Braum/Elder Dragon/Gnar (RU/FR),0,1,0
Gangplank/Miss Fortune (BW/NX),Darius/Gnar (FR/NX),0,1,0
Leona (MT),Hecarim/Zed (IO/SI),0,1,0
Annie/Jhin (RU/NX),Leona (MT),0,1,0
Teemo (BC/PZ),Lulu/Zed (BC/IO),0,1,0
Annie/Jhin (RU/NX),Lulu/Zed (BC/IO),0,1,0
Lulu/Zed (BC/IO),Soraka/Tahm Kench (BW/MT),0,1,0
Pyke/Rek'Sai (BW/SH),Lulu/Zed (BC/IO),0,1,0
Lulu/Zed (BC/IO),Ashe/Volibear (FR/NX),0,1,0
Lulu/Zed (BC/IO),Vex (BC/SI),0,1,0
Yasuo (IO/MT),Akshan/Master Yi (IO/SH),0,1,0
Janna/Mordekaiser (PZ/SI),Ezreal/Janna (BW/PZ),0,1,0
Janna/Mordekaiser (PZ/SI),Caitlyn/Teemo (BC/PZ),0,1,0
Ashe/Caitlyn (FR/PZ),Caitlyn/Teemo (FR/PZ),0,1,0
Master Yi/Nami (BW/IO),Sion (NX/SI),0,1,0
Azir (MT/SH),Sion (NX/SI),0,1,0
Caitlyn/Teemo (BC/PZ),Jhin/Yasuo (IO/RU),0,1,0
Draven/Zoe (MT/NX),Norra/Zoe (BC/MT),0,1,0
Teemo/Zoe (BC/MT),Elder Dragon/Seraphine/Viktor (RU/PZ),0,1,0
Jhin/Kennen (IO/RU),Norra/Zoe (BC/MT),0,1,0
Jhin/Kennen (IO/RU),Karma/Seraphine (IO/PZ),0,1,0
Draven/Vayne (DE/NX),Jhin/Kennen (IO/RU),0,1,0
Pantheon/Yuumi (BC/MT),Caitlyn/Teemo (BC/PZ),0,1,0
Nilah/Twisted Fate (BW/SI),Hecarim (IO/SI),0,1,0
Darius/Katarina (FR/NX),Draven/Ezreal (NX/PZ),0,1,0
Sejuani/Twisted Fate (BW/FR),Darius/Katarina (FR/NX),0,1,0
Draven/Ezreal (NX/PZ),Annie/Jhin (RU/NX),0,1,0
Gangplank/Sejuani (BW/FR),Kayle/Morgana (DE/MT),0,1,0
Draven/Zoe (MT/NX),Caitlyn/Teemo (BC/PZ),0,1,0
Kindred/Nasus (SI/SH),Championless (SI),0,1,0
Championless (SI),Lissandra/Zilean (FR/SH),0,1,0
Caitlyn/Teemo (BC/PZ),Bard/Teemo (BC/RU),0,1,0
Bard/Braum (RU/FR),Ashe (FR/PZ),0,1,0
Norra/Zoe (BC/MT),Darius/Draven/Gnar (FR/NX),0,1,0
Fizz/Riven (BC/NX),Darius/Draven/Gnar (FR/NX),0,1,0
Championless (SI),Karma/Seraphine (IO/PZ),0,1,0
Karma/Sett (FR/IO),Jhin/Yasuo (IO/RU),0,1,0
Ashe/LeBlanc (FR/NX),Nilah/Twisted Fate (BW/SI),0,1,0
Shyvana (DE/SI),Akshan/Fiora (DE/SH),0,1,0
Galio/Udyr (DE/FR),Akshan/Fiora (DE/SH),0,1,0
Seraphine/Zoe (MT/PZ),Jax/Ornn (FR/RU),0,1,0
Akshan/Lee Sin (IO/SH),Elder Dragon/Norra/Vex (RU/BC),0,1,0
Akshan/Sivir (FR/SH),Elder Dragon/Norra/Vex (RU/BC),0,1,0
Nilah/Twisted Fate (BW/PZ),Championless (PZ/SI),0,1,0
Aatrox (RU/SH),Mordekaiser/Norra (BC/SI),0,1,0
Seraphine/Sett (IO/PZ),Miss Fortune/Twisted Fate (BW/NX),0,1,0
Jayce/Lux (DE/PZ),Miss Fortune/Twisted Fate (BW/NX),0,1,0
Norra/Zoe (BC/MT),Fiora (DE/FR),0,1,0
Ezreal/Karma (IO/PZ),Elder Dragon/Morgana (RU/DE),0,1,0
Sejuani/Swain (FR/NX),Ezreal/Nilah (BW/PZ),0,1,0
Sejuani/Swain (FR/NX),Aphelios/Seraphine (MT/PZ),0,1,0
Heimerdinger/Master Yi (IO/PZ),Elder Dragon/Norra (RU/BC),0,1,0
Jinx/Vi (NX/PZ),Gangplank/Swain (BW/NX),0,1,0
Leona (MT),Bard/Mordekaiser (RU/SI),0,1,0
Ezreal/Nilah (BW/PZ),Renekton (BW/SH),0,1,0
The Poro King (RU/SH),Ezreal/Nilah (BW/PZ),0,1,0
Kai'Sa/Sivir (DE/SH),Ezreal/Nilah (BW/PZ),0,1,0
Renekton (BW/SH),Katarina/Leona (MT/NX),0,1,0
Sion (NX/SI),Poppy/Zed (DE/IO),0,1,0
Sion (NX/SI),Kayle (BW/MT),0,1,0
Trundle/Volibear (DE/FR),Sion (NX/SI),0,1,0
Nami/Viktor (BW/PZ),Karma/Sett (FR/IO),0,1,0
Bard/Braum (RU/FR),Draven/Jinx (NX/PZ),0,1,0
Fiora/Shen (DE/IO),Elder Dragon/Morgana (RU/DE),0,1,0
Nami/Twisted Fate (BW/PZ),Pyke/Rek'Sai (BW/SH),0,1,0
Galio/Udyr (DE/FR),Aatrox/Kayn (RU/RU),0,1,0
Elder Dragon/Lissandra/Volibear (RU/FR),Braum/Yuumi/Zoe (FR/MT),0,1,0
Azir/Xerath (SH),Janna/Teemo (BC/PZ),0,1,0
Draven/Zoe (MT/NX),Ezreal/Nilah (BW/PZ),0,1,0
Gnar/Renekton (FR/SH),Norra/Swain (BC/NX),0,1,0
Norra/Zoe (BC/MT),Nidalee (BC/SH),0,1,0
Teemo (IO/PZ),Annie/Jhin (RU/NX),0,1,0
Karma/Sett (FR/IO),Galio/Udyr (DE/FR),0,1,0
Championpile (DE/FR),Annie/Elder Dragon/Katarina (RU/NX),0,1,0
Soraka/Tahm Kench (BW/MT),Azir/Irelia (IO/SH),0,1,0
Braum/Kayle (FR/MT),Azir/Irelia (IO/SH),0,1,0
Pantheon/Yuumi (BC/MT),Norra/Zoe (BC/MT),0,1,0
Ashe (FR/PZ),Draven/Jinx (NX/PZ),0,1,0
Darius/Katarina (FR/NX),Aphelios/Seraphine (MT/PZ),0,1,0
Poppy/Zed (DE/IO),Trundle/Volibear (FR/SI),0,1,0
Trundle/Volibear (FR/SI),Akshan/Sivir (FR/SH),0,1,0
Jhin/Norra (BC/RU),Ashe (FR/PZ),0,1,0
Ekko/Jinx (PZ/SH),Seraphine/Zoe (MT/PZ),0,1,0
Annie/Samira (NX/PZ),Championless (NX/SH),0,1,0
Renekton (BW/SH),Pyke/Rek'Sai (BW/SH),0,1,0
Draven/Zoe (MT/NX),Renekton (BW/SH),0,1,0
Elise (FR/SI),Caitlyn/Teemo (DE/PZ),0,1,0
Ezreal/Nilah (BW/PZ),Evelynn/Kai'Sa (RU/SH),0,1,0
Ezreal/Nilah (BW/PZ),Seraphine/Zoe (MT/PZ),0,1,0
Caitlyn/Teemo (DE/PZ),Fiora/Udyr (DE/FR),0,1,0
Janna/Nilah (BW/PZ),Caitlyn/Teemo (DE/PZ),0,1,0
Jax/Ornn (FR/RU),Braum/Norra (BC/FR),0,1,0
Senna (PZ/SI),Braum/Norra (BC/FR),0,1,0
Hecarim/Kalista (IO/SI),Braum/Norra (BC/FR),0,1,0
Fizz/Teemo (BC/PZ),Braum/Norra (BC/FR),0,1,0
Braum/Zoe (FR/MT),Seraphine/Zoe (MT/PZ),0,1,0
Janna/Nilah (BW/PZ),Seraphine/Zoe (MT/PZ),0,1,0
Kayle (BW/MT),Mordekaiser/Norra (BC/SI),0,1,0
Kindred (DE/SI),Caitlyn/Teemo (BC/PZ),0,1,0
Annie/Samira (NX/PZ),Garen (DE/SH),0,1,0
Braum/The Poro King (FR/RU),Braum (DE/FR),0,1,0
Bard/Norra (BC/RU),Aurelion Sol/Braum (FR/MT),0,1,0
Aurelion Sol/Braum (FR/MT),Elder Dragon/Tryndamere/Volibear (RU/FR),0,1,0
Aurelion Sol/Elder Dragon/Morgana (RU/MT),Aurelion Sol/Braum (FR/MT),0,1,0
Aurelion Sol/Shyvana (DE/MT),Aurelion Sol/Braum (FR/MT),0,1,0
Aatrox/Morgana/Vayne (RU/DE),Ezreal/Karma (IO/PZ),0,1,0
Ezreal/Karma (IO/PZ),The Poro King (FR/RU),0,1,0
Elder Dragon/Seraphine/Viktor (RU/PZ),Mordekaiser/Norra (BC/SI),0,1,0
Gwen/Katarina (NX/SI),Mordekaiser/Norra (BC/SI),0,1,0
Elise (NX/SI),Kindred/Nasus (SI/SH),0,1,0
Braum/Tryndamere (FR),Elise (NX/SI),0,1,0
Maokai/Nautilus (BW/SI),Elise (NX/SI),0,1,0
Miss Fortune/Sejuani (BW/FR),Elise (NX/SI),0,1,0
Elise (NX/SI),Taliyah/Xerath (SH),0,1,0
Elder Dragon/Shyvana (RU/DE),Elise (NX/SI),0,1,0
Ezreal/Teemo (FR/PZ),Elise (NX/SI),0,1,0
Kindred/Nasus/Thresh (SI/SH),Elise (NX/SI),0,1,0
Ashe (FR),Elise (NX/SI),0,1,0
Renekton (BW/SH),Ezreal/Seraphine (BC/PZ),0,1,0
Pyke/Rek'Sai (BW/SH),Evelynn/Lucian (DE/RU),0,1,0
Poppy/Ziggs (BC/NX),Kalista/Viego (DE/SI),0,1,0
Ornn/Udyr/Volibear (FR/PZ),Caitlyn/Teemo (BC/PZ),0,1,0
Mordekaiser (SI),Sion (NX/SI),0,1,0
Annie/Jhin (RU/NX),Sion (NX/SI),0,1,0
Elder Dragon/Elise (RU/SI),Sion (NX/SI),0,1,0
Master Yi/Zoe (IO/MT),Sion (NX/SI),0,1,0
Sion (NX/SI),Jayce/Lux (DE/PZ),0,1,0
Sion (NX/SI),Elder Dragon (RU/FR),0,1,0
Hecarim/Zed (IO/SI),Norra (BC/PZ),0,1,0
Janna/Nilah (BW/PZ),Elise (FR/SI),0,1,0
Janna/Nilah (BW/PZ),Nocturne (NX/SI),0,1,0
Ashe (FR/SI),Norra/Zoe (BC/MT),0,1,0
Norra/Zoe (BC/MT),Gangplank/Sejuani (BW/FR),0,1,0
Pantheon/Shen (IO/MT),Poppy/Ziggs (BC/NX),0,1,0
LeBlanc (FR/NX),Poppy/Ziggs (BC/NX),0,1,0
LeBlanc/Sivir (NX/SH),Poppy/Ziggs (BC/NX),0,1,0
Norra/Swain (BC/NX),Karma/Sett (FR/IO),0,1,0
Sejuani (FR/NX),Norra/Swain (BC/NX),0,1,0
Jhin/Kennen (IO/RU),Karma/Sett (FR/IO),0,1,0
Annie/Elder Dragon/Katarina (RU/NX),Gnar/Neeko (FR/RU),0,1,0
Garen (DE/SH),Janna/Nilah (BW/PZ),0,1,0
Fiora/Udyr (DE/FR),Hecarim (IO/SI),0,1,0
Lux: Illuminated/Vex (BC/DE),Fiora/Udyr (DE/FR),0,1,0
Jarvan IV/Shen (DE/IO),Championless (SI),0,1,0
Championless (SI),Akshan/Fiora (DE/SH),0,1,0
Leona/Yasuo (IO/MT),The Poro King (MT/RU),0,1,0
Hecarim (IO/SI),The Poro King (MT/RU),0,1,0
The Poro King (MT/RU),Elder Dragon/Lissandra (RU/FR),0,1,0
Elder Dragon/Shyvana (RU/DE),The Poro King (MT/RU),0,1,0
Caitlyn/Teemo (DE/PZ),Nocturne (NX/SI),0,1,0
Braum/Gnar (FR/MT),Caitlyn/Teemo (DE/PZ),0,1,0
Caitlyn/Teemo (DE/PZ),Annie/Samira (NX/PZ),0,1,0
Jhin (RU/PZ),Seraphine/Zoe (MT/PZ),0,1,0
Vayne/Zed (DE/IO),Jayce/Lux (DE/PZ),0,1,0
Pyke/Rek'Sai (BW/SH),Aurelion Sol/Zoe (MT),0,1,0
The Poro King (RU/SH),Aurelion Sol/Zoe (MT),0,1,0
Braum/The Poro King (FR/RU),Aurelion Sol/Zoe (MT),0,1,0
Bard/Mordekaiser (RU/SI),Norra/Vex (BC/SI),0,1,0
Kindred (DE/SI),Viego (NX/SI),0,1,0
Gangplank/Twisted Fate (BW/NX),Aatrox/Kayn (RU/RU),0,1,0
Senna/Veigar (BC/SI),Gangplank/Twisted Fate (BW/NX),0,1,0
Bard/Mordekaiser (RU/SI),Gangplank/Twisted Fate (BW/NX),0,1,0
Braum (FR),Annie/Jhin (RU/NX),0,1,0
Championless (BC/SH),Norra/Teemo (BC/PZ),0,1,0
Jhin (RU/PZ),Nidalee (BC/SH),0,1,0
Jhin (RU/PZ),Draven/Jinx (NX/PZ),0,1,0
Jhin (RU/PZ),Ezreal/Nilah (BW/PZ),0,1,0
Teemo (BC/PZ),Aurelion Sol/Braum (FR/MT),0,1,0
LeBlanc/Sion (FR/NX),Aurelion Sol/Braum (FR/MT),0,1,0
Azir/Xerath (SH),Aurelion Sol/Braum (FR/MT),0,1,0
Karma/Sett (FR/IO),Aurelion Sol/Braum (FR/MT),0,1,0
Championless (BC/IO),Vayne/Zed (DE/IO),0,1,0
Vayne/Zed (DE/IO),Azir/Irelia (IO/SH),0,1,0
Teemo/Zoe (MT/PZ),Caitlyn/Norra (BC/PZ),0,1,0
Azir/Irelia (IO/SH),Teemo/Zoe (MT/PZ),0,1,0
Championless (BC/DE),Teemo/Zoe (MT/PZ),0,1,0
Teemo/Zoe (MT/PZ),Mordekaiser (SI),0,1,0
Yuumi/Zoe (BC/MT),Elder Dragon/Morgana (RU/DE),0,1,0
Ezreal/Seraphine (IO/PZ),Elder Dragon/Morgana (RU/DE),0,1,0
Akshan/Pantheon (MT/SH),Azir/Irelia (IO/SH),0,1,0
Elder Dragon/Yuumi (RU/MT),Azir/Irelia (IO/SH),0,1,0
The Poro King (RU/SH),Azir/Irelia (IO/SH),0,1,0
Azir/Irelia (IO/SH),Nocturne (SI),0,1,0
Hecarim/Kalista/Zed (IO/SI),Elise (PZ/SI),0,1,0
Hecarim/Zed (IO/SI),Elise (PZ/SI),0,1,0
Aphelios/Morgana (DE/MT),Elise (PZ/SI),0,1,0
Ezreal/Nilah (BW/PZ),Braum/Gnar (FR/MT),0,1,0
Karma/Yasuo (BC/IO),Norra/Zoe (BC/MT),0,1,0
Pyke/Rek'Sai (BW/SH),Katarina/Leona (MT/NX),0,1,0
Caitlyn/Teemo (BC/PZ),Gnar/Sejuani (FR/NX),0,1,0
Garen (DE/SH),Caitlyn/Teemo (BC/PZ),0,1,0
Annie/Samira (NX/PZ),Ezreal/Seraphine (BC/PZ),0,1,0
Bard/Mordekaiser (RU/SI),Nasus/Thresh (SI/SH),0,1,0
Fiora/Shen (DE/IO),Nasus/Thresh (SI/SH),0,1,0
Nasus/Thresh (SI/SH),Hecarim/Kalista (IO/SI),0,1,0
Braum (DE/FR),Nasus/Thresh (SI/SH),0,1,0
Evelynn/Lucian (DE/RU),Braum/Gnar (FR/MT),0,1,0
Master Yi/Riven (IO/NX),Elder Dragon/Volibear (RU/FR),0,1,0
Nilah/Twisted Fate (BW/PZ),Braum/Gnar (FR/MT),0,1,0
Nidalee (BC/SH),LeBlanc (FR/NX),0,1,0
LeBlanc (FR/NX),Janna/Nilah (BW/PZ),0,1,0
Ezreal/Thresh (PZ/SI),Anivia (FR/SI),0,1,0
Elder Dragon/Morgana (RU/MT),Anivia (FR/SI),0,1,0
Draven/Jinx (NX/PZ),Elder Dragon/Morgana (RU/DE),0,1,0
Darius/Swain (NX/SI),Draven/Jinx (NX/PZ),0,1,0
Vayne/Zed (DE/IO),Sett (IO/SH),0,1,0
Bard/Mordekaiser (RU/SI),Elder Dragon/Morgana (RU/DE),0,1,0
Caitlyn/Teemo (FR/PZ),Championless (FR/MT),0,1,0
Elise/Zed (IO/SI),Gwen/Hecarim (IO/SI),0,1,0
Morgana/Udyr (DE/FR),Katarina/Yasuo (IO/NX),0,1,0
Braum/Gnar (FR/MT),Hecarim/Zed (IO/SI),0,1,0
Draven/Jinx (NX/PZ),Teemo (PZ/SI),0,1,0
Aurelion Sol/Zoe (MT),Bard/Norra (BC/RU),0,1,0
Annie/Jhin (RU/NX),Kindred (DE/SI),0,1,0
Miss Fortune/Quinn (BW/DE),Norra/Vex (BC/SI),0,1,0
Karma/Sett (FR/IO),Norra/Vex (BC/SI),0,1,0
Seraphine/Sett (IO/PZ),Norra/Vex (BC/SI),0,1,0
Akshan/Lee Sin (IO/SH),Aurelion Sol/Zoe (MT),0,1,0
Kindred (DE/SI),Akshan/Lee Sin (IO/SH),0,1,0
The Poro King (RU),Swain/Yasuo (IO/NX),0,1,0
The Poro King (RU),Nilah/Twisted Fate (BW/PZ),0,1,0
Norra/Zoe (BC/MT),Pyke/Rek'Sai (BW/SH),0,1,0
Elder Dragon/Garen (RU/DE),Elise (NX/SI),0,1,0
Elder Dragon/Norra/Vex (RU/BC),Gangplank/Sejuani (BW/FR),0,1,0
Janna (FR/PZ),Garen/Lucian (DE/PZ),0,1,0
LeBlanc/Sivir (NX/SH),Garen/Lucian (DE/PZ),0,1,0
Teemo/Zoe (MT/PZ),Ashe (FR/PZ),0,1,0
Udyr (DE/FR),Norra/Swain (BC/NX),0,1,0
Mordekaiser/Viego (SI),Annie/Jhin (RU/NX),0,1,0
Bard/Mordekaiser (RU/SI),Jinx/Lulu (BC/PZ),0,1,0
Zoe (FR/MT),Kindred/Senna (PZ/SI),0,1,0
Hecarim/Thresh (IO/SI),Championless (FR/SI),0,1,0
Hecarim/Thresh (IO/SI),Morgana/Riven (MT/NX),0,1,0
Aatrox/Kayn (RU/RU),Hecarim/Thresh (IO/SI),0,1,0
Gwen/Hecarim (IO/SI),Hecarim/Thresh (IO/SI),0,1,0
Gwen/Hecarim (IO/SI),Azir/Irelia (IO/SH),0,1,0
Jinx/Lulu (BC/PZ),Gwen/Hecarim (IO/SI),0,1,0
Braum/Zoe (FR/MT),Gwen/Hecarim (IO/SI),0,1,0
Maokai/Nautilus (BW/SI),Hecarim/Zed (IO/SI),0,1,0
Maokai/Nautilus (BW/SI),Renekton/Vayne (DE/SH),0,1,0
Ezreal/Seraphine (IO/PZ),Evelynn/Kai'Sa (RU/SH),0,1,0
Draven/Ezreal (NX/PZ),Ashe/LeBlanc (FR/NX),0,1,0
Caitlyn/Lissandra (FR/PZ),Ezreal/Nilah (BW/PZ),0,1,0
Draven/Ezreal (NX/PZ),Ezreal/Nilah (BW/PZ),0,1,0
Evelynn/Kai'Sa (RU/SH),Ashe (BW/FR),0,1,0
Jhin/Yasuo (IO/RU),Annie/Gwen (NX/SI),0,1,0
Braum/Kayle (FR/MT),Karma/Sett/Volibear (FR/IO),0,1,0
Janna/Twisted Fate (BW/PZ),Braum/Kayle (FR/MT),0,1,0
Jinx/Zed (IO/PZ),Jack/Sett (BW/IO),0,1,0
Galio (DE),Jack/Sett (BW/IO),0,1,0
Lucian/Viego (DE/SI),Jack/Sett (BW/IO),0,1,0
Garen/Lucian (DE/PZ),Akshan/Sivir (DE/SH),0,1,0
Maokai/Nautilus (BW/SI),Gangplank/Twisted Fate (BW/NX),0,1,0
Xerath/Ziggs (BC/SH),Gangplank/Twisted Fate (BW/NX),0,1,0
Gangplank/Twisted Fate (BW/NX),Jarvan IV/Shen (DE/IO),0,1,0
Gangplank/Twisted Fate (BW/NX),Anivia/Elder Dragon (RU/FR),0,1,0
Annie/Jhin (RU/NX),Ashe (BW/FR),0,1,0
Lissandra/Master Yi (FR/IO),Ashe (BW/FR),0,1,0
Ashe (BW/FR),Hecarim/Zed (IO/SI),0,1,0
Pyke/Rek'Sai (BW/SH),LeBlanc/Udyr (FR/NX),0,1,0
Annie/Gwen (NX/SI),LeBlanc/Udyr (FR/NX),0,1,0
Jhin/Yasuo (IO/RU),Elder Dragon/Volibear (RU/FR),0,1,0
Akshan/Samira (NX/SH),Elder Dragon/Volibear (RU/FR),0,1,0
Lulu/Taric (IO/MT),Elder Dragon/Volibear (RU/FR),0,1,0
Gnar/Sejuani/Teemo (BC/FR),Elder Dragon/Volibear (RU/FR),0,1,0
Akshan/Samira (NX/SH),Norra/Swain (BC/NX),0,1,0
Teemo (BC/PZ),Draven/Jinx (NX/PZ),0,1,0
Darius/Elise (NX/SI),Aurelion Sol/Elder Dragon/Morgana (RU/MT),0,1,0
Aphelios/Leona (MT/NX),Darius/Elise (NX/SI),0,1,0
Darius/Elise (NX/SI),Viktor/Zoe (MT/PZ),0,1,0
Darius/Elise (NX/SI),Championless (SI),0,1,0
Darius/Elise (NX/SI),Aurelion Sol/Shyvana (DE/MT),0,1,0
Elise (NX/SI),Mordekaiser/Sion (NX/SI),0,1,0
Gwen/Katarina (NX/SI),Gnar/Nidalee (BC/SH),0,1,0
Evelynn/Kalista (RU/SI),Caitlyn/Teemo (FR/PZ),0,1,0
Caitlyn/Lissandra (FR/PZ),Ashe (FR/PZ),0,1,0
Caitlyn/Teemo (BC/PZ),Viktor/Zoe (MT/PZ),0,1,0
Karma/Sett (FR/IO),Taliyah/Xerath (DE/SH),0,1,0
Fizz/Samira (BW/NX),Caitlyn/Teemo (FR/PZ),0,1,0
Annie/Gwen (NX/SI),Garen/Udyr (DE/FR),0,1,0
Gwen (NX/SI),Annie/Jhin (RU/NX),0,1,0
Nidalee (BC/SH),Gwen/LeBlanc (NX/SI),0,1,0
Miss Fortune/Sejuani (BW/FR),Azir/Renekton (SH),0,1,0
Azir/Renekton (SH),Darius/Miss Fortune (BW/NX),0,1,0
Ezreal/Seraphine (BW/PZ),Azir/Renekton (SH),0,1,0
Caitlyn/Teemo (BC/PZ),Zoe (FR/MT),0,1,0
Teemo (FR/PZ),Zoe (FR/MT),0,1,0
Aatrox/Nidalee (RU/SH),Zoe (FR/MT),0,1,0
Xerath/Ziggs (BC/SH),Zoe (FR/MT),0,1,0
Zoe (FR/MT),Lux: Illuminated/Vex (BC/DE),0,1,0
Nilah/Twisted Fate (BW/PZ),Zoe (FR/MT),0,1,0
Jack/Sett (BW/IO),Zoe (FR/MT),0,1,0
Caitlyn/Lissandra (FR/PZ),Miss Fortune/Quinn (BW/DE),0,1,0
Gwen (NX/SI),Nilah/Twisted Fate (BW/PZ),0,1,0
Bard/Norra (BC/RU),Darius/Katarina (FR/NX),0,1,0
Trundle/Tryndamere (FR/SI),Nilah/Twisted Fate (BW/PZ),0,1,0
Lee Sin/Riven (IO/NX),Championless (SI),0,1,0
Jhin/Katarina (RU/NX),Pyke/Rek'Sai (BW/SH),0,1,0
Fiora/Udyr (DE/FR),Janna/Nilah (BW/PZ),0,1,0
LeBlanc/Udyr (FR/NX),Janna/Nilah (BW/PZ),0,1,0
Gangplank/Sejuani (BW/FR),Gwen/Zed (IO/SI),0,1,0
Morgana/Vex (BC/MT),Azir/Irelia (IO/SH),0,1,0
Ahri/Kennen (IO/SH),Janna/Seraphine (IO/PZ),0,1,0
Ahri/Kennen (IO/SH),Caitlyn/Teemo (FR/PZ),0,1,0
Ezreal/Teemo (FR/PZ),Azir/Irelia (IO/SH),0,1,0
Nilah/Twisted Fate (BW/PZ),Karma/Seraphine/Sett (IO/PZ),0,1,0
Maokai/Nautilus (BW/SI),Karma/Seraphine/Sett (IO/PZ),0,1,0
Caitlyn/Teemo (FR/PZ),LeBlanc/Udyr (FR/NX),0,1,0
Akshan/Master Yi (IO/SH),Ezreal/Kennen (IO/PZ),0,1,0
Jhin/Yasuo (IO/RU),Ezreal/Kennen (IO/PZ),0,1,0
Ezreal/Karma (IO/PZ),Caitlyn/Norra (BC/PZ),0,1,0
The Poro King (RU/SH),Caitlyn/Norra (BC/PZ),0,1,0
Annie/Jhin (RU/NX),Caitlyn/Norra (BC/PZ),0,1,0
Gnar/Nidalee (BC/SH),Caitlyn/Norra (BC/PZ),0,1,0
Caitlyn/Norra (BC/PZ),Championpile/Elder Dragon (RU/DE),0,1,0
Darius/Miss Fortune (BW/NX),Caitlyn/Norra (BC/PZ),0,1,0
Ezreal/Nilah (BW/PZ),LeBlanc/Udyr (FR/NX),0,1,0
Aurelion Sol/Shyvana (DE/MT),Mordekaiser/Viego (IO/SI),0,1,0
Thresh/Viego (SI),Elder Dragon/Volibear (RU/FR),0,1,0
Braum/Tryndamere (DE/FR),Annie/Jhin (RU/NX),0,1,0
Lee Sin/Riven (IO/NX),Elder Dragon/Mordekaiser/Viego (RU/SI),0,1,0
Evelynn/Kai'Sa (RU/SH),Akshan/Master Yi (IO/SH),0,1,0
Diana/Morgana/Varus (MT/RU),Elder Dragon/Volibear (RU/FR),0,1,0
Kai'Sa/Rumble (NX/SH),Elder Dragon/Volibear (RU/FR),0,1,0
Zoe (FR/MT),Akshan/Varus (SH/RU),0,1,0
Aurelion Sol/Shyvana (DE/MT),Akshan/Varus (SH/RU),0,1,0
Caitlyn/Teemo (BC/PZ),Swain/Vi (NX/PZ),0,1,0
Shyvana/Vayne (DE/MT),Rumble/Sion (BC/NX),0,1,0
Shyvana/Vayne (DE/MT),Aatrox/Quinn/Vayne (RU/DE),0,1,0
Shyvana/Vayne (DE/MT),Akshan/Elder Dragon/Sivir (RU/SH),0,1,0
Bard/Kindred (RU/SI),Shyvana/Vayne (DE/MT),0,1,0
LeBlanc (NX/SI),Shyvana/Vayne (DE/MT),0,1,0
Norra/Yuumi (BC),Draven/Jinx (NX/PZ),0,1,0
Evelynn/Lucian (DE/RU),Nilah/Twisted Fate (BW/PZ),0,1,0
Caitlyn/Teemo (FR/PZ),Teemo (BC/PZ),0,1,0
Azir/Irelia (IO/SH),Janna/Twisted Fate (BW/PZ),0,1,0
Annie/Jhin (RU/NX),Gwen/Kalista (NX/SI),0,1,0
Gwen/LeBlanc (NX/SI),Annie/Jhin (RU/NX),0,1,0
Trundle/Volibear (FR/MT),Azir/Renekton (SH),0,1,0
Jax/Ornn (FR/RU),Zoe (FR/MT),0,1,0
Zoe (FR/MT),Braum/Zoe (FR/MT),0,1,0
Zoe (FR/MT),Renekton (BW/SH),0,1,0
Gwen/Katarina (NX/SI),Zoe (FR/MT),0,1,0
Gwen/Ornn (FR/SI),Zoe (FR/MT),0,1,0
Udyr/Zed (FR/IO),Miss Fortune/Twisted Fate (BW/NX),0,1,0
Elder Dragon/Lissandra/Volibear (RU/FR),Mordekaiser/Norra (BC/SI),0,1,0
Elder Dragon (RU/FR),Teemo/Yuumi (BC/MT),0,1,0
Heimerdinger/Norra (BC/SI),The Poro King (MT/RU),0,1,0
Darius/Draven/Gnar (FR/NX),Mordekaiser/Norra (BC/SI),0,1,0
Championless (FR/SI),Kindred/Senna (NX/SI),0,1,0
Irelia/Quinn (DE/IO),Janna/Nilah (BW/PZ),0,1,0
Diana/Samira (MT/NX),Seraphine/Zoe (MT/PZ),0,1,0
Seraphine/Zoe (MT/PZ),Ashe (FR/PZ),0,1,0
Katarina/Yasuo (IO/NX),Nilah/Twisted Fate (BW/PZ),0,1,0
Miss Fortune/Swain (BW/NX),Nidalee (BC/SH),0,1,0
Miss Fortune/Swain (BW/NX),Janna/Samira (NX/PZ),0,1,0
Irelia/Quinn (DE/IO),Miss Fortune/Swain (BW/NX),0,1,0
Mordekaiser/Viego (NX/SI),Ahri/Kennen (IO/SH),0,1,0
Ahri/Kennen (IO/SH),Caitlyn/Norra/Teemo (BC/PZ),0,1,0
Kindred/Nasus (SI/SH),Ahri/Kennen (IO/SH),0,1,0
Janna/Samira (NX/PZ),Annie/Jhin (RU/NX),0,1,0
Janna/Samira (NX/PZ),Nilah/Twisted Fate (BW/PZ),0,1,0
Caitlyn/Teemo (FR/PZ),Elder Dragon/Galio/Morgana (RU/DE),0,1,0
LeBlanc/Sivir (NX/SH),Braum/Norra (BC/FR),0,1,0
Annie/Senna (NX/SI),Karma/Seraphine/Sett (IO/PZ),0,1,0
Elise/Nocturne (SI),Annie/Jhin (RU/NX),0,1,0
Ahri/Kennen (IO/SH),Karma/Seraphine/Sett (IO/PZ),0,1,0
Ezreal/Kennen (IO/PZ),Teemo (BC/PZ),0,1,0
Swain/Yasuo (IO/NX),Ezreal/Kennen (IO/PZ),0,1,0
Caitlyn/Norra (BC/PZ),Nasus/Thresh (SI/SH),0,1,0
Elder Dragon/Galio/Morgana (RU/DE),Yasuo (IO/NX),0,1,0
Elder Dragon/Galio/Morgana (RU/DE),Hecarim (IO/SI),0,1,0
Swain/Vladimir (FR/NX),Mordekaiser/Viego (IO/SI),0,1,0
Norra/Teemo (BC/PZ),Mordekaiser/Viego (IO/SI),0,1,0
Annie/Swain (BW/NX),Elder Dragon/Volibear (RU/FR),0,1,0
Elder Dragon/Volibear (RU/FR),Darius/Katarina (BW/NX),0,1,0
Nilah/Twisted Fate (BW/PZ),Gnar/Sejuani (FR/NX),0,1,0
Kayle/Zed (IO/MT),Braum (DE/FR),0,1,0
Evelynn/Lucian (DE/RU),Caitlyn/Teemo (BC/PZ),0,1,0
Kindred/Senna (NX/SI),Elder Dragon/Seraphine/Viktor (RU/PZ),0,1,0
Jinx (FR/PZ),Norra/Swain (BC/NX),0,1,0
Championless (SI),Fizz/Samira (BW/NX),0,1,0
Elder Dragon/Neeko (RU/RU),Fizz/Samira (BW/NX),0,1,0
Evelynn/Kai'Sa (RU/SH),Janna/Seraphine (IO/PZ),0,1,0
Morgana/Udyr (DE/FR),Braum/Yuumi/Zoe (FR/MT),0,1,0
Braum/Kayle (FR/MT),Morgana/Udyr (DE/FR),0,1,0
Poppy/Zed (DE/IO),Norra (BC/PZ),0,1,0
Norra (BC/PZ),Braum/Kayle (FR/MT),0,1,0
Caitlyn/Teemo (BC/PZ),Bard (BC/RU),0,1,0
Bard/Norra (BC/RU),Elder Dragon/Morgana (RU/DE),0,1,0
Braum (FR),Elder Dragon/Morgana (RU/DE),0,1,0
Kindred/Norra (BC/SI),Azir/Irelia (IO/SH),0,1,0
Aurelion Sol/Zoe (MT),Sion (NX/SI),0,1,0
Sion (NX/SI),Draven/Jinx (NX/PZ),0,1,0
Taliyah/Zilean (IO/SH),Annie/Teemo (NX/PZ),0,1,0
Draven/Rumble (BC/NX),Elder Dragon/Volibear (RU/FR),0,1,0
Fizz/Master Yi (BC/IO),Karma/Sett (FR/IO),0,1,0
Karma/Sett (FR/IO),Annie/Teemo (NX/PZ),0,1,0
Ashe/LeBlanc (FR/NX),Akshan/Master Yi (IO/SH),0,1,0
Taliyah/Zilean (IO/SH),Elder Dragon (RU/FR),0,1,0
Azir/Renekton (SH),Bard/Mordekaiser (RU/SI),0,1,0
Azir/Renekton (SH),Morgana (DE/SI),0,1,0
Azir/Renekton (SH),Mordekaiser/Viego (NX/SI),0,1,0
Ahri/Kennen (IO/SH),Azir/Renekton (SH),0,1,0
Ashe (FR/PZ),Norra/Zoe (BC/MT),0,1,0
Karma/Zoe (IO/MT),Karma/Sett (FR/IO),0,1,0
Soraka (IO/MT),Karma/Sett (FR/IO),0,1,0
Bard/Gnar (RU/FR),Mordekaiser/Viego (SI),0,1,0
Bard/Gnar (RU/FR),Viktor/Zoe (MT/PZ),0,1,0
Aphelios/Seraphine (MT/PZ),Bard/Gnar (RU/FR),0,1,0
Elder Dragon/Volibear (RU/FR),Bard/Gnar (RU/FR),0,1,0
Riven/Taric (MT/NX),Morgana/Udyr (DE/FR),0,1,0
Maokai/Nautilus (BW/SI),Janna/Master Yi (IO/PZ),0,1,0
Championless (SI),Janna/Master Yi (IO/PZ),0,1,0
Bard/Ekko (RU/PZ),Janna/Master Yi (IO/PZ),0,1,0
Teemo (PZ/SI),Nilah/Twisted Fate (BW/PZ),0,1,0
Braum/Udyr (DE/FR),Irelia/Quinn (DE/IO),0,1,0
Elise (NX/SI),Irelia/Quinn (DE/IO),0,1,0
Nidalee (BC/SH),Irelia/Quinn (DE/IO),0,1,0
Trundle/Tryndamere (FR/IO),Karma/Sett (FR/IO),0,1,0
Braum/The Poro King (FR/RU),Elder Dragon/Seraphine/Viktor (RU/PZ),0,1,0
Championpile (FR/SH),Teemo/Yuumi (BC/MT),0,1,0
Akshan/Azir (MT/SH),Teemo/Yuumi (BC/MT),0,1,0
Bard/Norra/Yuumi (BC/RU),Teemo/Yuumi (BC/MT),0,1,0
Lulu/Poppy (BC/DE),Teemo/Yuumi (BC/MT),0,1,0
Caitlyn/Teemo (BC/PZ),Teemo/Yuumi (BC/MT),0,1,0
Evelynn/Kai'Sa (RU/SH),Darius/Draven/Gnar (FR/NX),0,1,0
Championless (SI),Zoe (MT),0,1,0
Jack/Sett (BW/IO),Championless (SI),0,1,0
Janna/Nilah (BW/PZ),Jhin (RU/SI),0,1,0
Hecarim/Zed (IO/SI),Janna/Nilah (BW/PZ),0,1,0
Ezreal/Nilah (BW/PZ),Kindred/Mordekaiser (BC/SI),0,1,0
Heimerdinger/Jayce (PZ/SI),Kindred/Mordekaiser (BC/SI),0,1,0
Anivia (FR/SI),Kindred/Mordekaiser (BC/SI),0,1,0
Irelia/Quinn (DE/IO),Darius/Draven (FR/NX),0,1,0
Janna/Twisted Fate (BW/PZ),Karma/Sett (FR/IO),0,1,0
Ashe (FR/PZ),Janna/Samira (NX/PZ),0,1,0
Hecarim/Zed (IO/SI),Elise (NX/SI),0,1,0
Heimerdinger/Viktor (IO/PZ),Gwen/Sejuani (FR/SI),0,1,0
Azir/Nasus/Renekton (SH),Heimerdinger/Viktor (IO/PZ),0,1,0
Janna (BC/PZ),Norra/Zoe (BC/MT),0,1,0
Norra/Zoe (BC/MT),Caitlyn/Ezreal (NX/PZ),0,1,0
Championless (PZ/SI),Elder Dragon/Lissandra/Volibear (RU/FR),0,1,0
Akshan/Braum (FR/SH),Caitlyn/Norra (BC/PZ),0,1,0
Caitlyn/Norra (BC/PZ),Malphite/Taliyah (MT/SH),0,1,0
Teemo (PZ/SI),Poppy/Ziggs (BC/NX),0,1,0
Braum (BC/FR),Teemo (PZ/SI),0,1,0
Azir/Xerath (SH),Teemo (PZ/SI),0,1,0
Ezreal/Janna (BW/PZ),Teemo (PZ/SI),0,1,0
Caitlyn/Teemo (BC/PZ),Master Yi/Varus (IO/RU),0,1,0
Darius/Miss Fortune (BW/NX),Caitlyn/Teemo (BC/PZ),0,1,0
Caitlyn/Teemo (BC/PZ),Neeko (RU/NX),0,1,0
Annie/Samira (NX/PZ),Braum/Udyr (DE/FR),0,1,0
Annie/Samira (NX/PZ),Norra/Swain (BC/NX),0,1,0
Kennen/Lux: Illuminated (DE/IO),Annie/Samira (NX/PZ),0,1,0
Bard/Janna (RU/PZ),Jhin (RU/PZ),0,1,0
Hecarim/Norra (BC/SI),Jhin (RU/PZ),0,1,0
Malphite/Taliyah (MT/SH),Braum (DE/FR),0,1,0
Elder Dragon/Trundle (RU/FR),Taliyah/Zilean (IO/SH),0,1,0
Braum/Vladimir (FR/NX),Elder Dragon/Seraphine/Viktor (RU/PZ),0,1,0
Darius/Elise (NX/SI),Elder Dragon/Seraphine/Viktor (RU/PZ),0,1,0
Nami/Twisted Fate (BW/SI),Jhin (RU/SI),0,1,0
Akshan/Master Yi (IO/SH),Jinx (FR/PZ),0,1,0
Akshan/Master Yi (IO/SH),Darius/Katarina (FR/NX),0,1,0
Akshan/Master Yi (IO/SH),Ashe (FR/PZ),0,1,0
Annie/Yasuo (IO/NX),Caitlyn/Teemo (BC/PZ),0,1,0
Akshan/Azir (MT/SH),Fizz/Samira (BW/NX),0,1,0
Aphelios/Viktor (MT/PZ),Elise/Norra (BC/SI),0,1,0
Evelynn/Kai'Sa (RU/SH),Norra/Swain (BC/NX),0,1,0
The Poro King (RU/SH),Elder Dragon/Volibear (RU/FR),0,1,0
Morgana/Udyr (DE/FR),Elder Dragon/Fizz (RU/BC),0,1,0
Morgana/Udyr (DE/FR),Galio/Soraka (DE/MT),0,1,0
Hecarim/Kalista (IO/SI),Morgana/Udyr (DE/FR),0,1,0
Azir/Xerath (SH),Morgana/Udyr (DE/FR),0,1,0
Elder Dragon/Morgana (RU/DE),Hecarim (IO/SI),0,1,0
Janna/Master Yi (IO/PZ),Poppy/Ziggs (BC/NX),0,1,0
Evelynn/Viego (RU/SI),Janna/Master Yi (IO/PZ),0,1,0
Seraphine/Viktor (PZ/SI),Janna/Master Yi (IO/PZ),0,1,0
Sejuani/Trundle (FR/SI),Janna/Master Yi (IO/PZ),0,1,0
Janna/Seraphine (IO/PZ),Sejuani/Trundle (FR/SI),0,1,0
Caitlyn/Teemo (BC/PZ),Janna/Master Yi (IO/PZ),0,1,0
Samira/Twisted Fate (BW/NX),Viktor/Zoe (MT/PZ),0,1,0
Kennen/Lux: Illuminated (DE/IO),Pyke/Rek'Sai (BW/SH),0,1,0
Irelia/Quinn (DE/IO),Kennen/Lux: Illuminated (DE/IO),0,1,0
Annie/Jhin (RU/NX),Lulu/Shen (DE/IO),0,1,0
Annie/Yasuo (IO/NX),Annie/Jhin (RU/NX),0,1,0
Braum/Zoe (FR/MT),Irelia/Quinn (DE/IO),0,1,0
Janna/Norra/Teemo (BC/PZ),Sion (NX/SI),0,1,0
Janna/Twisted Fate (BW/PZ),Elder Dragon/Volibear (RU/FR),0,1,0
Anivia/Kindred/Mordekaiser (FR/SI),Elder Dragon/Volibear (RU/FR),0,1,0
Heimerdinger (PZ/SI),Elder Dragon/Volibear (RU/FR),0,1,0
Jhin (RU/SI),Norra/Swain (BC/NX),0,1,0
Ezreal/Nilah (BW/PZ),Bard/Janna (RU/PZ),0,1,0
Darius/Katarina (FR/NX),Elise (NX/SI),0,1,0
Gangplank/Jinx (BW/PZ),Azir/Renekton (SH),0,1,0
Azir/Renekton (SH),Draven/Rumble (BC/NX),0,1,0
Azir/Xerath (SH),Annie/Katarina (BC/NX),0,1,0
Jack/Sett (BW/IO),Annie/Katarina (BC/NX),0,1,0
Anivia/Kindred/Mordekaiser (FR/SI),Annie/Katarina (BC/NX),0,1,0
Jinx/Lulu (BC/PZ),Vex (BC/SI),0,1,0
Braum/Lillia (FR/IO),Poppy/Ziggs (BC/NX),0,1,0
Nasus/Viego (SI/SH),Braum/Yuumi/Zoe (FR/MT),0,1,0
Jack/Nami (BW/IO),Braum/Yuumi/Zoe (FR/MT),0,1,0
Braum/Yuumi/Zoe (FR/MT),Ezreal/Nilah (BW/PZ),0,1,0
Braum/Yuumi/Zoe (FR/MT),Elder Dragon/Morgana/Shyvana (RU/DE),0,1,0
Master Yi/Norra (BC/IO),Gnar/Neeko (FR/RU),0,1,0
Gnar/Teemo (BC/PZ),Master Yi/Norra (BC/IO),0,1,0
Master Yi/Norra (BC/IO),Azir/Irelia (IO/SH),0,1,0
Caitlyn/Teemo (BC/PZ),Jinx (FR/PZ),0,1,0
Nilah/Twisted Fate (BW/PZ),Jhin (RU/SI),0,1,0
Akshan/Taliyah (BC/SH),Mordekaiser/Norra (BC/SI),0,1,0
Teemo/Zoe (MT/PZ),Elder Dragon/Mordekaiser/Viego (RU/SI),0,1,0
Ornn/Sejuani/Udyr (DE/FR),Nilah/Twisted Fate (BW/PZ),0,1,0
Braum/The Poro King (FR/RU),Diana (BC/MT),0,1,0
Janna/Nilah (BW/PZ),Hecarim/Lucian (DE/SI),0,1,0
Pyke/Rek'Sai (BW/SH),Jinx/Nilah (BW/PZ),0,1,0
Lillia/Xerath (IO/SH),Elder Dragon/Morgana (RU/DE),0,1,0
Nami/Varus (BW/RU),Elder Dragon/Morgana (RU/DE),0,1,0
Malphite/Yasuo (IO/MT),Elder Dragon/Morgana (RU/DE),0,1,0
Caitlyn/Teemo (BC/PZ),Gnar/Udyr (DE/FR),0,1,0
Lissandra/Trundle (FR/SI),Azir/Irelia (IO/SH),0,1,0
Lee Sin/Zed (IO/MT),Azir/Irelia (IO/SH),0,1,0
Lee Sin/Zed (IO/MT),Gangplank/Sejuani (BW/FR),0,1,0
Norra (BC/MT),Gangplank/Sejuani (BW/FR),0,1,0
Nidalee (BC/SH),Braum/Gnar (FR/MT),0,1,0
Braum/Gnar (FR/MT),Seraphine/Zoe (MT/PZ),0,1,0
Caitlyn/Gnar/Teemo (BC/PZ),Jack/Sett (BW/IO),0,1,0
Ashe (DE/FR),Elder Dragon/Norra/Vex (RU/BC),0,1,0
Jhin/Vex (BC/RU),Elder Dragon/Norra/Vex (RU/BC),0,1,0
Aphelios/LeBlanc (MT/NX),Elder Dragon/Norra/Vex (RU/BC),0,1,0
Norra/Zoe (BC/MT),Elder Dragon/Norra/Vex (RU/BC),0,1,0
Gwen/Katarina (NX/SI),Elder Dragon/Norra/Vex (RU/BC),0,1,0
Hecarim/Zed (IO/SI),Elder Dragon/Norra/Vex (RU/BC),0,1,0
Lux: Illuminated/Shen (DE/IO),Elder Dragon/Norra/Vex (RU/BC),0,1,0
Caitlyn/Teemo (BC/PZ),Gangplank/Twisted Fate (BW/NX),0,1,0
Trundle/Volibear (FR/SI),Elder Dragon/Tryndamere/Volibear (RU/FR),0,1,0
Ornn/Zoe (FR/MT),Karma/Sett (FR/IO),0,1,0
Nidalee (BC/SH),Evelynn/Kai'Sa (RU/SH),0,1,0
Elise/Gwen (FR/SI),Karma/Seraphine/Sett (IO/PZ),0,1,0
Elder Dragon/Elise (RU/SI),Karma/Seraphine/Sett (IO/PZ),0,1,0
Illaoi/Yuumi (BW/MT),Caitlyn/Norra (BC/PZ),0,1,0
Caitlyn/Teemo (FR/PZ),Norra/Swain (BC/NX),0,1,0
Caitlyn/Teemo (FR/PZ),Evelynn/Kai'Sa (RU/SH),0,1,0
Akshan/Pyke (BW/SH),Miss Fortune (BW/NX),0,1,0
Gnar/Udyr (DE/FR),Akshan/Pyke (BW/SH),0,1,0
Championless (DE/SI),Janna/Nilah (BW/PZ),0,1,0
Shen (DE/IO),LeBlanc (FR/NX),0,1,0
LeBlanc (FR/NX),Jinx/Nilah (BW/PZ),0,1,0
Norra/Swain (BC/NX),Norra/Zoe (BC/MT),0,1,0
Evelynn/Lucian (DE/RU),Darius/Miss Fortune (BW/NX),0,1,0
Annie/Miss Fortune (BW/NX),Evelynn/Lucian (DE/RU),0,1,0
Braum/The Poro King (FR/RU),Teemo (BC/PZ),0,1,0
Evelynn/Kai'Sa (RU/SH),Jinx/Nilah (BW/PZ),0,1,0
Elise/Zed (IO/SI),Ashe/Ezreal (FR/PZ),0,1,0
Norra (BC/PZ),Jayce/Lux (DE/PZ),0,1,0
Galio/Udyr (DE/FR),Elder Dragon/Morgana (RU/DE),0,1,0
Aurelion Sol/Shyvana (DE/MT),Elder Dragon/Morgana (RU/DE),0,1,0
Karma/Sett (FR/IO),Morgana/Taliyah (DE/SH),0,1,0
Master Yi (IO/PZ),Aphelios/Ezreal (MT/PZ),0,1,0
Master Yi (IO/PZ),Taliyah/Zilean (IO/SH),0,1,0
Janna/Master Yi (IO/PZ),Ekko/Jinx (PZ/SH),0,1,0
Elder Dragon/Norra (RU/BC),Draven/Katarina (FR/NX),0,1,0
Nilah/Twisted Fate (BW/PZ),Elder Dragon/Norra (RU/BC),0,1,0
Jack/Sett (BW/IO),Ornn (DE/FR),0,1,0
The Poro King (RU/SH),Pyke/Rek'Sai (BW/SH),0,1,0
Janna/Master Yi/Seraphine (IO/PZ),Jinx/Nilah (BW/PZ),0,1,0
Jinx/Nilah (BW/PZ),Caitlyn/Teemo (MT/PZ),0,1,0
Caitlyn/Teemo (FR/PZ),Jinx/Nilah (BW/PZ),0,1,0
Kennen/Lux: Illuminated (DE/IO),Nilah/Twisted Fate (BW/PZ),0,1,0
Akshan/Taliyah (FR/SH),Elise (PZ/SI),0,1,0
Ahri/Kennen (IO/SI),Elder Dragon/Volibear (RU/FR),0,1,0
Elise/Lucian (DE/SI),Garen/Lucian (DE/PZ),0,1,0
Championless (DE/SI),Darius/Gnar (FR/NX),0,1,0
Master Yi/Udyr (FR/IO),Annie (BW/NX),0,1,0
Hecarim (IO/SI),Master Yi/Udyr (FR/IO),0,1,0
Evelynn/Kai'Sa (RU/SH),Fizz/Samira (BW/NX),0,1,0
Gnar/Udyr (DE/FR),Janna/Nilah (BW/PZ),0,1,0
Elder Dragon/Norra (RU/BC),Evelynn/Kayle (RU/MT),0,1,0
Jhin/Kennen (IO/RU),Elder Dragon/Volibear (RU/FR),0,1,0
Jhin/Kennen (IO/RU),Draven (NX/PZ),0,1,0
Annie/Samira (IO/NX),LeBlanc/Sivir (NX/SH),0,1,0
Azir/Xerath (SH),LeBlanc/Sivir (NX/SH),0,1,0
Ezreal/Kennen (IO/PZ),Hecarim/Norra (BC/SI),0,1,0
Braum/The Poro King (FR/RU),The Poro King (RU/SH),0,1,0
Mordekaiser/Norra (BC/SI),Elder Dragon/Norra/Vex (RU/BC),0,1,0
Gwen/Hecarim (FR/SI),Braum/The Poro King (FR/RU),0,1,0
Akshan/Ekko (PZ/SH),Nilah/Twisted Fate (BW/PZ),0,1,0
Garen/Lucian (DE/PZ),Nilah/Twisted Fate (BW/PZ),0,1,0
Ekko/Janna (PZ/SI),Annie/Jhin (RU/NX),0,1,0
Kalista/Seraphine (PZ/SI),Ashe (FR/PZ),0,1,0
Hecarim (IO/SI),Ashe (FR/PZ),0,1,0
Nilah/Twisted Fate (BW/PZ),Caitlyn/Teemo (DE/PZ),0,1,0
Caitlyn/Teemo (DE/PZ),Annie/Swain (NX/SI),0,1,0
Senna/Veigar (BC/SI),Rumble/Sion (BC/NX),0,1,0
Annie/Swain (NX/SI),Ezreal/Nilah (BW/PZ),0,1,0
Ahri/Zed (FR/IO),Jack/Sett (BW/IO),0,1,0
Ashe (FR),Jack/Sett (BW/IO),0,1,0
Ekko/Janna (PZ/SI),Nidalee (BC/SH),0,1,0
Kalista/Seraphine (PZ/SI),Ashe/LeBlanc (FR/NX),0,1,0
Championless (FR/MT),Nilah/Twisted Fate (BW/PZ),0,1,0
Norra/Zoe (BC/MT),Ezreal/Seraphine (BW/PZ),0,1,0
Taliyah/Zilean (IO/SH),Gangplank/Twisted Fate (BW/NX),0,1,0
Ahri/Kennen (BC/IO),Aurelion Sol/Shyvana (DE/MT),0,1,0
Caitlyn/Teemo (FR/PZ),Taliyah/Ziggs (BC/SH),0,1,0
Nilah/Twisted Fate (BW/SI),Jhin/LeBlanc (RU/NX),0,1,0
Nilah/Twisted Fate (BW/SI),Elder Dragon/Volibear (RU/FR),0,1,0
Annie/Jhin (RU/NX),Annie/Teemo (NX/PZ),0,1,0
Jhin/Norra (BC/RU),Annie/Jhin (RU/NX),0,1,0
Championpile (DE/NX),Karma/Seraphine/Sett (IO/PZ),0,1,0
Nilah/Twisted Fate (BW/PZ),Renekton (BW/SH),0,1,0
Ezreal/Kennen (IO/PZ),Kalista/Seraphine (PZ/SI),0,1,0
Ezreal/Kennen (IO/PZ),Jinx/Nilah (BW/PZ),0,1,0
Caitlyn/Norra (BC/PZ),Poppy/Tristana (BC/DE),0,1,0
Ekko/Janna (PZ/SI),Hecarim (IO/SI),0,1,0
Annie/Jhin (RU/NX),Ashe/Janna (FR/PZ),0,1,0
Maokai (BW/SI),Jhin/Norra (BC/RU),0,1,0
Trundle/Tryndamere (DE/FR),Elder Dragon/Volibear (RU/FR),0,1,0
Azir/Nasus (SH),Elder Dragon/Volibear (RU/FR),0,1,0
Lee Sin/Taric (IO/MT),Elder Dragon/Volibear (RU/FR),0,1,0
Evelynn/Kai'Sa (RU/SH),Elder Dragon/Volibear (RU/FR),0,1,0
Norra/Teemo (BC/SH),Elder Dragon/Volibear (RU/FR),0,1,0
Renekton (BW/SH),Kalista/Seraphine (PZ/SI),0,1,0
Braum/Vladimir (FR/NX),Annie/Gwen (NX/SI),0,1,0
Caitlyn/Norra/Teemo (BC/PZ),Annie/Gwen (NX/SI),0,1,0
Norra/Samira/Swain (BC/NX),Elise/Kalista (FR/SI),0,1,0
Ezreal/Twisted Fate (BW/PZ),Norra/Swain (BC/NX),0,1,0
LeBlanc (FR/NX),Norra/Swain (BC/NX),0,1,0
Akshan/Master Yi (IO/SH),Gnar/Udyr (DE/FR),0,1,0
Kalista/Seraphine (PZ/SI),Lucian/Lux: Illuminated (DE/IO),0,1,0
Lucian/Lux: Illuminated (DE),Kalista/Seraphine (PZ/SI),0,1,0
Akshan/Samira (NX/SH),Aphelios/Viktor (MT/PZ),0,1,0
Darius/Elise (NX/SI),Aphelios/Viktor (MT/PZ),0,1,0
Ezreal/Seraphine (IO/PZ),Ashe (FR/PZ),0,1,0
Jayce/Morgana (MT/PZ),Heimerdinger/Viktor (IO/PZ),0,1,0
Heimerdinger/Viktor (IO/PZ),Aurelion Sol/Zoe (IO/MT),0,1,0
Heimerdinger/Viktor (IO/PZ),Morgana (DE/SI),0,1,0
Ekko/Janna (PZ/SH),Ezreal/Nilah (BW/PZ),0,1,0
Garen/Lucian (DE/PZ),Ezreal/Nilah (BW/PZ),0,1,0
Darius/Garen (DE/NX),Elder Dragon/Norra (RU/BC),0,1,0
Rumble/Vayne (DE/NX),Akshan/Master Yi (IO/SH),0,1,0
Senna/Veigar (BC/SI),Mordekaiser/Thresh (NX/SI),0,1,0
Aatrox/Garen (RU/DE),Senna/Veigar (BC/SI),0,1,0
Ekko/Janna (PZ/SI),Nilah (BW/PZ),0,1,0
Gwen/Hecarim (FR/SI),Ekko/Janna (PZ/SH),0,1,0
Annie/Gwen (NX/SI),Sion (NX/SI),0,1,0
Garen/Udyr (DE/FR),Sion (NX/SI),0,1,0
Taliyah/Zilean (IO/SH),Teemo (BC/SH),0,1,0
Taliyah/Zilean (IO/SH),Braum/Swain (FR/NX),0,1,0
Taliyah/Zilean (IO/SH),Rumble/Vayne (DE/NX),0,1,0
Mordekaiser/Vex (BC/SI),Karma/Sett (FR/IO),0,1,0
Norra/Swain (BC/NX),Lucian/Lux: Illuminated (DE/IO),0,1,0
Lucian/Lux: Illuminated (DE/IO),Braum/Zoe (FR/MT),0,1,0
Garen/Lucian (DE/PZ),Nilah (BW/PZ),0,1,0
Garen/Lucian (DE/PZ),Ashe (FR/PZ),0,1,0
Nilah (BW/PZ),Norra/Swain (BC/NX),0,1,0
Irelia/Quinn (DE/IO),Lux: Illuminated/Shen (DE/IO),0,1,0
Hecarim/Nilah (BW/SI),Annie/Gwen (NX/SI),0,1,0
Hecarim (IO/SI),Jarvan IV/Shen (DE/IO),0,1,0
Annie/Jhin (RU/NX),Ezreal/Seraphine (BC/PZ),0,1,0
Kayle/Morgana (FR/MT),Mordekaiser/Norra (BC/SI),0,1,0
Championpile (DE/SH),Championless (SI),0,1,0
Annie (BW/NX),Nilah/Twisted Fate (BW/PZ),0,1,0
Ashe/Tryndamere (DE/FR),Nilah/Twisted Fate (BW/PZ),0,1,0
Nilah/Twisted Fate (BW/PZ),Aphelios/Viktor (MT/PZ),0,1,0
Nilah/Twisted Fate (BW/PZ),Trundle/Tryndamere (DE/FR),0,1,0
Kalista/Seraphine (PZ/SI),Caitlyn/Teemo (DE/PZ),0,1,0
Azir/Xerath (SH),Championless (SI),0,1,0
Gwen/Hecarim (FR/SI),Caitlyn/Teemo (FR/PZ),0,1,0
Diana/Nocturne (MT/SI),Caitlyn/Teemo (BC/PZ),0,1,0
Garen/Lulu (DE/IO),Caitlyn/Teemo (BC/PZ),0,1,0
Sejuani/Teemo (FR/PZ),Caitlyn/Teemo (BC/PZ),0,1,0
Sejuani/Teemo (FR/PZ),Akshan/Master Yi (IO/SH),0,1,0
Sejuani/Teemo (FR/PZ),Ezreal/Nilah (BW/PZ),0,1,0
Nidalee (BC/SH),Garen/Neeko (DE/RU),0,1,0
Ekko/Seraphine (PZ/SI),Ashe/LeBlanc (FR/NX),0,1,0
Pyke/Rek'Sai (BW/SH),Braum/Gnar (FR/MT),0,1,0
Mordekaiser (SI),Norra/Poppy (BC/DE),0,1,0
Norra/Poppy (BC/DE),Azir/Irelia (IO/SH),0,1,0
Heimerdinger/Zoe (MT/PZ),Norra/Poppy (BC/DE),0,1,0
Braum/Zoe (FR/MT),Heimerdinger/Jayce (NX/PZ),0,1,0
Hecarim (IO/SI),Viego (NX/SI),0,1,0
Kai'Sa/Pantheon (MT/SH),Hecarim (IO/SI),0,1,0
Elise/Nocturne (SI),Hecarim (IO/SI),0,1,0
Heimerdinger/Viktor (IO/PZ),Lucian/Senna (DE/SI),0,1,0
Fizz/Nami/Seraphine (BW/PZ),Heimerdinger/Viktor (IO/PZ),0,1,0
Karma/Seraphine/Sett (IO/PZ),Elder Dragon/Morgana (RU/DE),0,1,0
Elder Dragon/Evelynn (RU/RU),Karma/Seraphine/Sett (IO/PZ),0,1,0
Karma/Seraphine/Sett (IO/PZ),Elder Dragon/Galio/Morgana (RU/DE),0,1,0
Gnar/Jax (FR/RU),Karma/Seraphine/Sett (IO/PZ),0,1,0
Kalista/Seraphine (PZ/SI),Garen/Neeko (DE/RU),0,1,0
Anivia/Mordekaiser (FR/SI),Jayce/Lux (DE/PZ),0,1,0
Jhin (RU/PZ),Ashe/LeBlanc (FR/NX),0,1,0
Jhin (RU/PZ),Darius/Katarina (FR/NX),0,1,0
Jhin (RU/PZ),Caitlyn/Teemo (BC/PZ),0,1,0
Ezreal/Nilah (BW/PZ),Elise/Lucian (DE/SI),0,1,0
Diana/Nocturne (MT/SI),Renekton (BW/SH),0,1,0
Norra/Teemo (BC/PZ),Renekton (BW/SH),0,1,0
Braum (DE/FR),Draven/Katarina (FR/NX),0,1,0
Braum (DE/FR),The Poro King (DE/RU),0,1,0
Akshan/Master Yi (IO/SH),Evelynn/Lucian (DE/RU),0,1,0
Elder Dragon/Mordekaiser/Viego (RU/SI),Ryze (IO/RU),0,1,0
Elder Dragon/Mordekaiser/Viego (RU/SI),Braum/Vladimir (FR/NX),0,1,0
Kalista/Seraphine (PZ/SI),Seraphine (PZ/SI),0,1,0
Ekko/Janna (PZ/SI),Kalista/Seraphine (PZ/SI),0,1,0
Ezreal/Seraphine (IO/PZ),Caitlyn/Teemo (FR/PZ),0,1,0
Taliyah/Zilean (IO/SH),Morgana/Taliyah (DE/SH),0,1,0
Janna/Viktor/Zoe (MT/PZ),Morgana/Taliyah (DE/SH),0,1,0
Morgana/Taliyah (DE/SH),Jinx (PZ/SH),0,1,0
Caitlyn/Teemo (BC/PZ),Master Yi (IO/PZ),0,1,0
Gangplank/Sejuani (BW/FR),Ezreal/Twisted Fate (BW/PZ),0,1,0
Kalista (PZ/SI),Gnar/Neeko (FR/RU),0,1,0
Braum/Yuumi/Zoe (FR/MT),Elise/Kalista (DE/SI),0,1,0
Garen/Lulu (DE/IO),Ashe (FR/PZ),0,1,0
Caitlyn/Teemo (BC/PZ),Senna/Veigar (BC/SI),0,1,0
Ashe/Caitlyn (FR/PZ),Teemo (PZ/SI),0,1,0
Teemo (PZ/SI),Braum/Gnar (FR/MT),0,1,0
Ashe (FR/PZ),Teemo (PZ/SI),0,1,0
Seraphine (PZ/SI),Sejuani/Teemo (FR/PZ),0,1,0
Mordekaiser (SI),Pyke/Rek'Sai (BW/SH),0,1,0
Braum/Vladimir (FR/NX),Pyke/Rek'Sai (BW/SH),0,1,0
Aphelios/Lee Sin (IO/MT),Pyke/Rek'Sai (BW/SH),0,1,0
Karma/Sett (FR/IO),Mordekaiser (SI),0,1,0
Caitlyn/Lissandra (FR/PZ),Caitlyn/Teemo (BC/PZ),0,1,0
Caitlyn/Swain (NX/PZ),Ezreal/Nilah (BW/PZ),0,1,0
Azir/Nasus (SH),Hecarim (IO/SI),0,1,0
Master Yi (DE/IO),Morgana/Udyr (DE/FR),0,1,0
Aurelion Sol/Elder Dragon (RU/MT),Morgana/Udyr (DE/FR),0,1,0
Nami/Teemo (BW/PZ),Morgana/Udyr (DE/FR),0,1,0
Darius/Katarina (FR/NX),Janna (PZ/SI),0,1,0
Gwen/Hecarim (FR/SI),Ashe (FR/PZ),0,1,0
Irelia/Quinn (DE/IO),Draven/Jinx (NX/PZ),0,1,0
Akshan/Sivir (FR/SH),Championless (SI),0,1,0
Darius/Tryndamere (FR/NX),Nilah/Twisted Fate (BW/PZ),0,1,0
Gwen/Ornn (FR/SI),Nilah/Twisted Fate (BW/PZ),0,1,0
Nilah/Twisted Fate (BW/PZ),Miss Fortune (BW/NX),0,1,0
Ashe/Zoe (FR/MT),Nilah/Twisted Fate (BW/PZ),0,1,0
Elise/Gwen (NX/SI),Nilah/Twisted Fate (BW/PZ),0,1,0
Lux: Illuminated/Vex (BC/DE),Nilah/Twisted Fate (BW/PZ),0,1,0
Azir/Irelia (IO/SH),Caitlyn/Teemo (DE/PZ),0,1,0
Ezreal/Kennen (IO/PZ),Ezreal/Nilah (BW/PZ),0,1,0
Elder Dragon/Morgana/Shyvana (RU/DE),Teemo/Yuumi (BC/MT),0,1,0
Kai'Sa/Nidalee (DE/SH),Caitlyn/Teemo (FR/PZ),0,1,0
Annie/Master Yi (IO/NX),Norra (BC/FR),0,1,0
Norra (BC/FR),Elder Dragon/Norra/Vex (RU/BC),0,1,0
Aphelios/Taric (MT/PZ),Senna/Veigar (BC/SI),0,1,0
Seraphine/Zoe (MT/PZ),Elise/Norra (BC/SI),0,1,0
Lulu/Shen (DE/IO),Diana/Zoe (MT/SI),0,1,0
Kindred (DE/SI),Karma/Sett (FR/IO),0,1,0
Aurelion Sol/Zoe (MT),Elder Dragon/Morgana (RU/DE),0,1,0
Aurelion Sol/Zoe (MT),The Poro King (FR/RU),0,1,0
Irelia/Quinn (DE/IO),Elise/Norra (BC/SI),0,1,0
Ezreal/Teemo (PZ/SI),Ashe/LeBlanc (FR/NX),0,1,0
Elise/Norra (BC/SI),Janna/Nilah (BW/PZ),0,1,0
Aurelion Sol/Kayle/Shyvana (DE/MT),Karma/Sett (FR/IO),0,1,0
Championless (BW/PZ),Nidalee (BC/SH),0,1,0
Nidalee (BC/SH),Darius/Katarina (FR/NX),0,1,0
Aphelios/Seraphine (MT/PZ),Caitlyn/Teemo (DE/PZ),0,1,0
Caitlyn/Teemo (BC/PZ),Kindred/Senna (PZ/SI),0,1,0
Caitlyn/Norra (BC/PZ),Aurelion Sol/Kayle/Shyvana (DE/MT),0,1,0
Championless (BW/PZ),Caitlyn/Teemo (FR/PZ),0,1,0
Hecarim/Thresh (IO/SI),Azir/Irelia (IO/SH),0,1,0
Teemo (PZ/SI),Azir/Irelia (IO/SH),0,1,0
Ezreal/Miss Fortune (BW/PZ),Azir/Irelia (IO/SH),0,1,0
Jayce/Norra (BC/PZ),Braum (DE/FR),0,1,0
Morgana/Yuumi (DE/MT),Aurelion Sol/Braum (FR/MT),0,1,0
Gnar/Lillia (FR/IO),Aurelion Sol/Braum (FR/MT),0,1,0
Heimerdinger (FR/PZ),Annie/Gwen (NX/SI),0,1,0
Darius/Katarina (FR/NX),Darius/Gnar (FR/NX),0,1,0
Aatrox/Kayn (RU/RU),Elder Dragon/Seraphine/Viktor (RU/PZ),0,1,0
Annie/Miss Fortune (BW/NX),Poppy/Ziggs (BC/NX),0,1,0
Elise/Kalista (FR/SI),Caitlyn/Teemo (BC/PZ),0,1,0
Aurelion Sol/Elder Dragon (RU/MT),Elder Dragon/Morgana (RU/DE),0,1,0
Elder Dragon/Galio/Morgana (RU/DE),Elder Dragon/Norra (RU/BC),0,1,0
Annie/Teemo (NX/PZ),Elder Dragon/Norra (RU/BC),0,1,0
Caitlyn/Teemo (FR/PZ),Nasus (SI/SH),0,1,0
Ekko/Zilean (PZ/SH),Nasus (SI/SH),0,1,0
Nasus (SI/SH),Caitlyn/Teemo (BC/PZ),0,1,0
Fiora (DE/SH),Nasus (SI/SH),0,1,0
Fiora (DE/SH),Elder Dragon/Tryndamere (RU/FR),0,1,0
Senna/Veigar (BC/SI),Janna/Nilah (BW/PZ),0,1,0
Mordekaiser/Viego (SI),Azir/Irelia (IO/SH),0,1,0
Nasus/Thresh (SI/SH),Evelynn/Kai'Sa (RU/SH),0,1,0
Master Yi/Taric (IO/MT),Nasus/Thresh (SI/SH),0,1,0
Master Yi/Taric (IO/MT),Annie/Jhin (RU/NX),0,1,0
Lissandra/Mordekaiser (FR/SI),Hecarim/Thresh (IO/SI),0,1,0
Ashe (FR/PZ),Lissandra/Mordekaiser (FR/SI),0,1,0
Lux: Illuminated/Vex (BC/DE),Senna (PZ/SI),0,1,0
Elder Dragon/Volibear (RU/FR),Poppy/Taric (DE/MT),0,1,0
Caitlyn/Teemo (DE/PZ),Elder Dragon/Volibear (RU/FR),0,1,0
Championless (BW/PZ),Nilah/Twisted Fate (BW/PZ),0,1,0
Ezreal/Kennen (IO/PZ),Championless (BW/PZ),0,1,0
LeBlanc/Sivir (NX/SH),Aatrox/Kayn (RU/RU),0,1,0
Lee Sin/Teemo (BC/IO),Master Yi/Riven (IO/NX),0,1,0
Hecarim/Zed (IO/SI),Neeko/Poppy (BC/RU),0,1,0
Garen (DE/SH),Championless (BC/IO),0,1,0
Fiora/Katarina/Lux: Illuminated (DE/NX),Pyke/Rek'Sai (BW/SH),0,1,0
Darius/Sion (NX),Pyke/Rek'Sai (BW/SH),0,1,0
Karma/Master Yi (FR/IO),Pyke/Rek'Sai (BW/SH),0,1,0
Pyke/Rek'Sai (BW/SH),Tahm Kench/Udyr (BW/FR),0,1,0
Teemo (PZ/SI),Ashe/LeBlanc (FR/NX),0,1,0
Darius/Katarina (FR/NX),Ashe/LeBlanc (FR/NX),0,1,0
Darius/Katarina (FR/NX),Elise/Kalista (FR/SI),0,1,0
The Poro King (RU/SH),Nidalee (BC/SH),0,1,0
Irelia/Quinn (DE/IO),Annie/Gwen (NX/SI),0,1,0
Ashe/LeBlanc (FR/NX),Irelia/Quinn (DE/IO),0,1,0
Bard/Caitlyn (RU/PZ),Caitlyn/Teemo (DE/PZ),0,1,0
Ekko/Nilah (BW/PZ),Nilah/Twisted Fate (BW/PZ),0,1,0
Kalista (SI),Nilah/Twisted Fate (BW/PZ),0,1,0
Azir/Renekton (SH),Nilah/Twisted Fate (BW/PZ),0,1,0
Braum/Udyr (FR/MT),Darius/Katarina (FR/NX),0,1,0
Nidalee (BC/SH),Caitlyn/Teemo (FR/PZ),0,1,0
Nilah/Twisted Fate (BW/NX),Annie/Swain (NX/SI),0,1,0
Gangplank/Miss Fortune (BW/PZ),Jack/Sett (BW/IO),0,1,0
Mordekaiser/Norra (BC/SI),Jack/Sett (BW/IO),0,1,0
The Poro King (DE/RU),Jack/Sett (BW/IO),0,1,0
Fiora/Jarvan IV/Shen (DE/IO),Jack/Sett (BW/IO),0,1,0
Aurelion Sol/Zoe (MT),Elder Dragon/Trundle (RU/FR),0,1,0
Aurelion Sol/Zoe (MT),Maokai/Nautilus (BW/SI),0,1,0
Norra/Vex (BC/SI),Aurelion Sol/Braum (FR/MT),0,1,0
Kindred (DE/SI),Janna/Ryze (PZ/RU),0,1,0
Garen/Udyr (DE/FR),Nilah/Twisted Fate (BW/PZ),0,1,0
Ashe (FR/PZ),Evelynn/Lucian (DE/RU),0,1,0
Caitlyn/Teemo (FR/PZ),Elder Dragon/Lissandra/Volibear (RU/FR),0,1,0
Caitlyn/Teemo (BC/PZ),Swain/Udyr (FR/NX),0,1,0
Nami/Nilah (BW/SI),Elise (FR/SI),0,1,0
Trundle/Volibear (DE/FR),Azir/Irelia (IO/SH),0,1,0
Championpile (DE/SH),Aurelion Sol/Braum (FR/MT),0,1,0
Aurelion Sol/Braum (FR/MT),Norra/Zoe (BC/MT),0,1,0
Senna/Veigar (BC/SI),Aurelion Sol/Braum (FR/MT),0,1,0
Jax/Ornn (FR/RU),Aurelion Sol/Braum (FR/MT),0,1,0
Aatrox/Morgana/Vayne (RU/DE),Aurelion Sol/Braum (FR/MT),0,1,0
Elder Dragon/Seraphine/Viktor (RU/PZ),Elder Dragon/Morgana (RU/DE),0,1,0
Evelynn/Kai'Sa (RU/SH),Elder Dragon/Seraphine/Viktor (RU/PZ),0,1,0
Diana/Nocturne (MT/SI),Caitlyn/Teemo (FR/PZ),0,1,0
Galio/Garen/Jarvan IV (DE),Elder Dragon/Volibear (RU/FR),0,1,0
Caitlyn/Teemo (BC/PZ),Gnar/Nidalee (BC/SH),0,1,0
Mordekaiser/Norra (BC/SI),Elder Dragon/Trundle (RU/FR),0,1,0
Hecarim/Nilah (BW/SI),Gnar/Nidalee (BC/SH),0,1,0
Akshan/Master Yi (IO/SH),Akshan/Sivir (FR/SH),0,1,0
Evelynn/Kindred (RU/SI),Elder Dragon/Mordekaiser/Viego (RU/SI),0,1,0
Darius (IO/NX),Elder Dragon/Mordekaiser/Viego (RU/SI),0,1,0
Nasus (SI/SH),Kindred (PZ/SI),0,1,0
LeBlanc/Sion (FR/NX),Nasus (SI/SH),0,1,0
Janna/Lulu (IO/PZ),Nasus (SI/SH),0,1,0
Azir/Hecarim (SI/SH),Nasus (SI/SH),0,1,0
Fizz/Nami (BW/SI),Nasus/Thresh (SI/SH),0,1,0
Samira (BW/NX),Nasus/Thresh (SI/SH),0,1,0
LeBlanc (BW/NX),Nasus/Thresh (SI/SH),0,1,0
Karma/Sett (FR/IO),Nasus/Thresh (SI/SH),0,1,0
Kalista/Mordekaiser (SI),Nasus/Thresh (SI/SH),0,1,0
Draven/Jinx (NX/PZ),Nasus/Thresh (SI/SH),0,1,0
Nasus/Thresh (SI/SH),Elder Dragon/Lissandra/Trundle/Volibear (RU/FR),0,1,0
Aurelion Sol/Elder Dragon (RU/MT),Nasus/Thresh (SI/SH),0,1,0
Elder Dragon (RU/FR),Nasus/Thresh (SI/SH),0,1,0
Nasus/Thresh (SI/SH),Aphelios/LeBlanc (MT/NX),0,1,0
Lissandra (FR/NX),Nasus/Thresh (SI/SH),0,1,0
Morgana/Poppy (BC/DE),Nasus/Thresh (SI/SH),0,1,0
Caitlyn/Jayce (PZ/SI),Annie/Jhin (RU/NX),0,1,0
Aurelion Sol/Malphite (MT),Kayle (BW/MT),0,1,0
Akshan/Fiora (DE/SH),Championless (BC/IO),0,1,0
Nilah/Twisted Fate (BW/PZ),Lulu/Zed (DE/IO),0,1,0
Championpile (DE/SH),Pyke/Rek'Sai (BW/SH),0,1,0
Gwen/LeBlanc (NX/SI),Janna/Nilah (BW/PZ),0,1,0
Ezreal/Seraphine (PZ/SI),Ezreal/Seraphine (BC/PZ),0,1,0
Championpile (DE/SH),Annie/Katarina (BC/NX),0,1,0
Fizz/Nami (BC/BW),Elder Dragon/Morgana (RU/DE),0,1,0
LeBlanc/Sivir (NX/SH),Akshan/Master Yi (IO/SH),0,1,0
Lissandra/Volibear (BW/FR),The Poro King (MT/RU),0,1,0
Sejuani/Teemo (FR/PZ),The Poro King (MT/RU),0,1,0
Hecarim (IO/SI),Championless (SI),0,1,0
Ezreal/Janna/Karma (IO/PZ),Championless (SI),0,1,0
Janna/Lissandra (FR/PZ),Draven/Jinx (NX/PZ),0,1,0
Lissandra/Master Yi (FR/IO),Ashe/LeBlanc (FR/NX),0,1,0
Evelynn/Kai'Sa (RU/SH),Elise (FR/SI),0,1,0
Caitlyn/Teemo (FR/PZ),Elise (FR/SI),0,1,0
Norra/Vex (BC/SI),Thresh/Viego (SI),0,1,0
Aurelion Sol/Zoe (MT),Hecarim (IO/SI),0,1,0
Teemo/Zoe (MT/PZ),Aurelion Sol/Zoe (MT),0,1,0
Gangplank/Twisted Fate (BW/NX),Heimerdinger/Viktor (IO/PZ),0,1,0
Gangplank/Twisted Fate (BW/NX),The Poro King (MT/RU),0,1,0
Annie/Gwen (NX/SI),Nami/Nilah (BW/SI),0,1,0
Maokai (BW/SI),Teemo/Tristana (BC/SI),0,1,0
Evelynn (RU/FR),Championless (SI),0,1,0
Evelynn (RU/FR),Annie/Gwen (NX/SI),0,1,0
Norra/Swain (BC/NX),Ezreal/Seraphine (NX/PZ),0,1,0
Gwen/Kalista (NX/SI),Kayle/Lux: Illuminated (DE/MT),0,1,0
Gwen/Kalista (NX/SI),Aphelios/Draven (MT/NX),0,1,0
Aphelios/Viktor (MT/PZ),Gwen/Kalista (NX/SI),0,1,0
LeBlanc/Sivir (NX/SH),Mordekaiser/Norra (BC/SI),0,1,0
Gnar/Jinx (BC/PZ),Elder Dragon/Morgana (RU/DE),0,1,0
Ezreal/Seraphine (NX/PZ),Ezreal/Seraphine (BC/PZ),0,1,0
Katarina/Yasuo (IO/NX),Nasus/Thresh (SI/SH),0,1,0
Jax/Kai'Sa/Rek'Sai (RU/SH),Nasus/Thresh (SI/SH),0,1,0
Nasus/Thresh (SI/SH),Elder Dragon (RU/SI),0,1,0
The Poro King (DE/RU),Nasus/Thresh (SI/SH),0,1,0
Galio/Soraka (DE/MT),Nasus/Thresh (SI/SH),0,1,0
Maokai (BW/SI),Elise (PZ/SI),0,1,0
Elise (FR/SI),Ashe/LeBlanc (FR/NX),0,1,0
Azir/Irelia (IO/SH),Lulu/Poppy (BC/DE),0,1,0
Elder Dragon/Norra/Vex (RU/BC),Ahri/Kennen (IO/SI),0,1,0
Aurelion Sol/Zoe (MT),Elder Dragon (RU/MT),0,1,0
Yasuo/Zed (IO/MT),Caitlyn/Norra (BC/PZ),0,1,0
Ryze (RU/SI),Bard/Sion (RU/NX),0,1,0
Bard/Sion (RU/NX),Elder Dragon/Volibear (RU/FR),0,1,0
Tryndamere (FR),Nasus/Thresh (SI/SH),0,1,0
Nasus/Thresh (SI/SH),Ezreal/Karma/Viktor (IO/PZ),0,1,0
Elise/Senna (FR/SI),Nasus/Thresh (SI/SH),0,1,0
Nasus/Thresh (SI/SH),Aurelion Sol/Tryndamere (FR/MT),0,1,0
Nasus/Thresh (SI/SH),Ekko/Jinx (PZ/SH),0,1,0
Nasus/Thresh (SI/SH),Ziggs (BC/SH),0,1,0
Soraka/Tahm Kench (BW/MT),Nasus/Thresh (SI/SH),0,1,0
Xerath/Zilean (BC/SH),Nasus/Thresh (SI/SH),0,1,0
Aurelion Sol/Elder Dragon/Soraka (RU/MT),Elise (PZ/SI),0,1,0
Miss Fortune/Twisted Fate (BW/NX),Elder Dragon/Trundle/Volibear (RU/FR),0,1,0
Twisted Fate (BW/PZ),Hecarim (IO/SI),0,1,0
Karma/Sett (IO/PZ),Hecarim (IO/SI),0,1,0
Fiora (DE/SH),Hecarim (IO/SI),0,1,0
Katarina/Yasuo (IO/NX),Hecarim (IO/SI),0,1,0
Vex (BC/SI),Maokai/Nautilus (BW/SI),0,1,0
Master Yi/Zilean (IO/SH),Zed (IO/SI),0,1,0
Maokai/Nautilus (BW/SI),Jarvan IV/Tryndamere/Volibear (DE/FR),0,1,0
Norra (BC/PZ),Norra/Vex (BC/SI),0,1,0
Kindred (DE/SI),Akshan/Pantheon (MT/SH),0,1,0
Garen/Udyr (DE/FR),Evelynn/Lucian (DE/RU),0,1,0
Annie/Jhin/Katarina (RU/NX),Garen/Udyr (DE/FR),0,1,0
Nidalee (BC/SH),Evelynn/Lucian (DE/RU),0,1,0
Kalista (PZ/SI),Gwen/Kalista (NX/SI),0,1,0
LeBlanc/Udyr (FR/NX),Kalista/Seraphine (PZ/SI),0,1,0
Bard/Norra (BC/RU),LeBlanc/Udyr (FR/NX),0,1,0
Elder Dragon/Volibear (RU/FR),Teemo/Zoe (BC/MT),0,1,0
Bard/Mordekaiser (RU/SI),Akshan/Lee Sin (IO/SH),0,1,0
Bard/Mordekaiser (RU/SI),Ezreal/Seraphine (BC/PZ),0,1,0
Darius/Miss Fortune (BW/NX),Nilah/Twisted Fate (BW/PZ),0,1,0
Karma/Sett (IO/PZ),Nilah/Twisted Fate (BW/PZ),0,1,0
Braum (FR/NX),Nilah/Twisted Fate (BW/PZ),0,1,0
Championless (IO/SI),Braum/Yuumi/Zoe (FR/MT),0,1,0
Braum/Yuumi/Zoe (FR/MT),Darius/Gnar (FR/NX),0,1,0
Lux: Illuminated/Vex (BC/DE),Braum/Yuumi/Zoe (FR/MT),0,1,0
Championpile (DE/FR),Braum/Yuumi/Zoe (FR/MT),0,1,0
Bard/Norra (BC/RU),Akshan/Pyke (BW/SH),0,1,0
Hecarim (IO/SI),Tryndamere (FR),0,1,0
Karma/Shen/Zed (IO),Hecarim (IO/SI),0,1,0
Braum/Soraka (FR/MT),Hecarim (IO/SI),0,1,0
Elder Dragon/Evelynn (RU/RU),Maokai/Nautilus (BW/SI),0,1,0
Aatrox/Kayn (RU/RU),Maokai/Nautilus (BW/SI),0,1,0
Galio/Garen/Jarvan IV (DE/MT),Maokai/Nautilus (BW/SI),0,1,0
Teemo/Vi (BC/PZ),Mordekaiser/Norra (BC/SI),0,1,0
Elise/Senna (FR/SI),Mordekaiser/Norra (BC/SI),0,1,0
Kayle/Yuumi (IO/MT),Elder Dragon/Seraphine/Viktor (RU/PZ),0,1,0
Soraka/Tahm Kench (BW/MT),Master Yi/Zilean (IO/SH),0,1,0
Elder Dragon (RU/FR),Master Yi/Zilean (IO/SH),0,1,0
Katarina/Mordekaiser/Sion (NX/SI),Master Yi/Zilean (IO/SH),0,1,0
Gwen/Kalista (NX/SI),Nidalee (BC/SH),0,1,0
Draven/Jinx (NX/PZ),Gwen/Kalista (NX/SI),0,1,0
Bard/Norra (BC/RU),Fiora/Udyr (DE/FR),0,1,0
Ezreal/Kennen (IO/PZ),Fiora/Udyr (DE/FR),0,1,0
Darius/Draven/Gnar (FR/NX),Karma/Master Yi/Seraphine (IO/PZ),0,1,0
Annie/Jhin (RU/NX),Ryze (IO/RU),0,1,0
Kai'Sa/Rumble (NX/SH),Pyke/Rek'Sai (BW/SH),0,1,0
Nocturne/Vex (PZ/SI),Poppy/Ziggs (BC/NX),0,1,0
Pyke/Rek'Sai (BW/SH),Swain/Yasuo (IO/NX),0,1,0
Akshan/Elder Dragon/Sivir (RU/SH),Braum/Kayle (FR/MT),0,1,0
Ezreal/Kennen (IO/PZ),Draven/Jinx (NX/PZ),0,1,0
Caitlyn/Teemo (FR/PZ),Elder Dragon/Seraphine/Viktor (RU/PZ),0,1,0
Hecarim (IO/SI),Pyke/Rek'Sai (BW/SH),0,1,0
Twisted Fate (BW/SI),Hecarim (IO/SI),0,1,0
Championless (BW/SI),Karma/Seraphine/Sett (IO/PZ),0,1,0
Gangplank/Miss Fortune (BW/DE),Karma/Seraphine/Sett (IO/PZ),0,1,0
Karma/Seraphine/Sett (IO/PZ),Caitlyn/Teemo (BC/PZ),0,1,0
Ezreal/Kennen (IO/PZ),Ashe/Sejuani (FR/PZ),0,1,0
Ezreal/Kennen (IO/PZ),Bard/Ekko (RU/PZ),0,1,0
Ashe/Garen (DE/FR),Azir/Irelia (IO/SH),0,1,0
Bard/Ekko (RU/PZ),Garen/Lulu (DE/IO),0,1,0
Ezreal/Nilah (BW/PZ),Bard/Ekko (RU/PZ),0,1,0
Evelynn/Lucian (DE/RU),Lucian/Lux: Illuminated (DE/IO),0,1,0
Kayle/Zoe (MT/SI),Soraka/Tahm Kench (BW/MT),0,1,0
Master Yi (IO/PZ),Elder Dragon/Norra (RU/BC),0,1,0
Akshan/Lee Sin (IO/SH),The Poro King (FR/RU),0,1,0
Caitlyn/Teemo (FR/PZ),Galio/Garen/Jarvan IV (DE/MT),0,1,0
Yasuo (IO/NX),Elder Dragon/Elise/Kalista (RU/SI),0,1,0
Mordekaiser/Viego (NX/SI),Rumble/Vayne (DE/NX),0,1,0
Azir/Irelia (IO/SH),Elder Dragon/Gnar/Norra (RU/BC),0,1,0
Akshan/Sivir (DE/SH),Ezreal/Nilah (BW/PZ),0,1,0
Akshan/Sivir (DE/SH),Annie/Gwen (NX/SI),0,1,0
Nilah/Twisted Fate (BW/PZ),Braum/Norra (BC/FR),0,1,0
Ashe/Janna (FR/PZ),Ezreal/Nilah (BW/PZ),0,1,0
Aphelios/Diana (MT/SI),Ezreal/Nilah (BW/PZ),0,1,0
Hecarim (IO/SI),Maokai/Nautilus (BW/SI),0,1,0
Maokai/Nautilus (BW/SI),Aurelion Sol/Zoe (FR/MT),0,1,0
Soraka/Taric (BW/MT),Championless (SI),0,1,0
Braum/Zoe (FR/MT),Ezreal/Nilah (BW/PZ),0,1,0
Lulu/Zed (DE/IO),Ezreal/Nilah (BW/PZ),0,1,0
Galio/Udyr (DE/FR),Mordekaiser/Norra (BC/SI),0,1,0
Jarvan IV/Renekton (DE/SH),Galio/Udyr (DE/FR),0,1,0
Seraphine (BW/PZ),Braum/Zoe (FR/MT),0,1,0
Sejuani/Zoe (FR/MT),Braum/Zoe (FR/MT),0,1,0
Braum/Vladimir (FR/NX),Nocturne/Vex (PZ/SI),0,1,0
Aphelios/Zoe (BC/MT),Ezreal/Seraphine (BC/PZ),0,1,0
Aphelios/Zoe (BC/MT),Braum/The Poro King (FR/RU),0,1,0
Nilah/Twisted Fate (BW/PZ),Aphelios/Zoe (BC/MT),0,1,0
Kalista/Seraphine (PZ/SI),Aphelios/Zoe (BC/MT),0,1,0
Braum/Kayle (FR/MT),Elder Dragon/Volibear (RU/FR),0,1,0
Aurelion Sol/Zoe (FR/MT),Braum/Kayle (FR/MT),0,1,0
Braum/Kayle (FR/MT),Malphite/Yasuo (IO/MT),0,1,0
Kalista/Seraphine (PZ/SI),Janna/Norra (BC/PZ),0,1,0
Norra (BC/PZ),Gwen/LeBlanc (NX/SI),0,1,0
Janna/Norra (BC/PZ),Caitlyn/Teemo (BC/PZ),0,1,0
Gangplank/Twisted Fate (BW/NX),Soraka/Taric (BW/MT),0,1,0
Elder Dragon/Shyvana (RU/DE),Gangplank/Twisted Fate (BW/NX),0,1,0
Gangplank/Twisted Fate (BW/NX),Norra/Tristana (BC/IO),0,1,0
Fizz/Miss Fortune (BC/BW),Gangplank/Twisted Fate (BW/NX),0,1,0
Gwen/Katarina (NX/SI),Ashe/LeBlanc (FR/NX),0,1,0
Braum/The Poro King (FR/RU),Nidalee (BC/SH),0,1,0
Azir/Irelia (IO/SH),Gnar/Taliyah (FR/SH),0,1,0
Kindred/Viego (SI/SH),Azir/Irelia (IO/SH),0,1,0
Ryze (IO/RU),Heimerdinger/Viktor (IO/PZ),0,1,0
Hecarim (IO/SI),Rumble/Vayne (DE/NX),0,1,0
Ashe/Fiora (DE/FR),Hecarim (IO/SI),0,1,0
Draven/Jinx (NX/PZ),Sejuani/Teemo (FR/PZ),0,1,0
Soraka/Tahm Kench (BW/MT),Karma/Seraphine/Sett (IO/PZ),0,1,0
Jax/Ornn (FR/RU),Karma/Seraphine/Sett (IO/PZ),0,1,0
Darius/Miss Fortune (BW/NX),Karma/Seraphine/Sett (IO/PZ),0,1,0
Poppy/Taric (DE/MT),Karma/Seraphine/Sett (IO/PZ),0,1,0
Akshan/Pantheon (MT/SH),Karma/Seraphine/Sett (IO/PZ),0,1,0
Ezreal/Kennen (IO/PZ),Norra (BC/SI),0,1,0
Annie/Gwen (NX/SI),Ezreal/Kennen (IO/PZ),0,1,0
Elder Dragon/Lissandra/Trundle (RU/FR),Evelynn (RU/FR),0,1,0
Championpile (DE/IO),Elder Dragon/Seraphine/Viktor (RU/PZ),0,1,0
Katarina/Yasuo (IO/NX),Norra/Swain (BC/NX),0,1,0
Akshan/Master Yi (IO/SH),LeBlanc/Udyr (FR/NX),0,1,0
Katarina/Yasuo (IO/NX),Nami/Seraphine (BW/PZ),0,1,0
Nami/Nilah (BW/PZ),Nami/Seraphine (BW/PZ),0,1,0
Soraka/Tahm Kench (BW/MT),Annie/Jhin (RU/NX),0,1,0
Bard/Janna (RU/PZ),Soraka/Tahm Kench (BW/MT),0,1,0
Aatrox/Kayn (RU/RU),Soraka/Tahm Kench (BW/MT),0,1,0
Azir/Elder Dragon (RU/SH),Soraka/Tahm Kench (BW/MT),0,1,0
Caitlyn/Teemo (BC/PZ),Teemo/Zoe (MT/PZ),0,1,0
Caitlyn/Norra (BC/PZ),Master Yi (IO/PZ),0,1,0
Teemo (BC/PZ),Nami/Samira (BW/NX),0,1,0
Norra/Zoe (BC/MT),Braum/Norra (BC/FR),0,1,0
Braum/The Poro King (FR/RU),Gwen/Katarina (NX/SI),0,1,0
Janna (PZ/SI),Braum/The Poro King (FR/RU),0,1,0
Thresh/Viego (SI),Azir/Irelia (IO/SH),0,1,0
Draven/Katarina (FR/NX),Janna/Nilah (BW/PZ),0,1,0
Fizz/Nami/Seraphine (BW/PZ),Garen/Udyr (DE/FR),0,1,0
Norra (BC/PZ),Garen/Udyr (DE/FR),0,1,0
Garen/Lucian (DE/PZ),Janna/Nilah (BW/PZ),0,1,0
Neeko/Norra (BC/RU),Garen/Lucian (DE/PZ),0,1,0
Vex (BC/SI),Elder Dragon/Volibear (RU/FR),0,1,0
Lissandra/Mordekaiser (FR/SI),Fiora/Shen (DE/IO),0,1,0
Aatrox/Kayn (RU/RU),Morgana/Seraphine (MT/PZ),0,1,0
Master Yi/Riven (IO/NX),Ezreal/Seraphine (IO/PZ),0,1,0
Evelynn/Kindred (RU/SI),Master Yi/Riven (IO/NX),0,1,0
Aatrox/Kayn (RU/RU),Master Yi/Riven (IO/NX),0,1,0
Bard/Norra (BC/RU),Master Yi/Udyr (FR/IO),0,1,0
Championless (BC/IO),Ezreal/Seraphine (BC/PZ),0,1,0
Nasus/Thresh (SI/SH),Heimerdinger/Viktor (IO/PZ),0,1,0
Elder Dragon/Trundle (RU/FR),Heimerdinger/Viktor (IO/PZ),0,1,0
Caitlyn/Lissandra (FR/PZ),Gwen/Katarina (NX/SI),0,1,0
Ashe (FR/SI),Pyke/Rek'Sai (BW/SH),0,1,0
Irelia/Miss Fortune (BW/IO),Pyke/Rek'Sai (BW/SH),0,1,0
Jinx/Lulu (BC/PZ),Championless (PZ/SI),0,1,0
LeBlanc/Udyr (FR/NX),Caitlyn/Teemo (BC/PZ),0,1,0
Aurelion Sol/Zoe (MT),Championless (SI),0,1,0
Championless (SI),Heimerdinger/Jayce (PZ/SI),0,1,0
Maokai/Nautilus (BW/SI),Elder Dragon (RU/FR),0,1,0
Akshan/Lee Sin (IO/SH),Elder Dragon/Norra (RU/BC),0,1,0
Braum/The Poro King (FR/RU),Janna/Nilah (BW/PZ),0,1,0
Evelynn/Lucian (DE/RU),Janna/Nilah (BW/PZ),0,1,0
Nilah (BW/PZ),Ezreal/Seraphine (PZ/SI),0,1,0
Elder Dragon/Viktor (RU/PZ),Elder Dragon/Seraphine/Viktor (RU/PZ),0,1,0
Gnar (FR/NX),Elder Dragon/Seraphine/Viktor (RU/PZ),0,1,0
Azir/Xerath/Zilean (SH),Azir/Irelia (IO/SH),0,1,0
Ezreal/Nilah (BW/PZ),Ezreal/Seraphine (PZ/SI),0,1,0
Ezreal/Seraphine (PZ/SI),Evelynn/Kai'Sa (RU/SH),0,1,0
Braum/Udyr (DE/FR),Annie/Gwen (NX/SI),0,1,0
Janna/Nilah (BW/PZ),Jinx/Nilah (BW/PZ),0,1,0
Jinx/Nilah (BW/PZ),Braum/Zoe (FR/MT),0,1,0
Fiora/Udyr (DE/FR),Nilah/Twisted Fate (BW/PZ),0,1,0
Fizz/Teemo (BC/PZ),Fiora/Udyr (DE/FR),0,1,0
Nidalee (BC/SH),Fiora/Udyr (DE/FR),0,1,0
Ezreal/Nilah (BW/PZ),Evelynn/Lucian (DE/RU),0,1,0
Gwen/Katarina (NX/SI),Ezreal/Nilah (BW/PZ),0,1,0
Braum/Zoe (FR/MT),Championless (SI),0,1,0
Championless (SI),Master Yi/Taric (IO/MT),0,1,0
Lissandra/Taliyah (FR/SH),Pyke/Rek'Sai (BW/SH),0,1,0
Ashe/LeBlanc (FR/NX),Ezreal/Seraphine (BC/PZ),0,1,0
Teemo (BC/PZ),Annie/Gwen (NX/SI),0,1,0
Aurelion Sol/Elder Dragon (RU/MT),Championless (BC/IO),0,1,0
Braum/Kayle (FR/MT),Championless (BC/IO),0,1,0
Garen/Udyr (DE/FR),Nidalee (BC/SH),0,1,0
Norra/Poppy (BC/DE),Elder Dragon/Volibear (RU/FR),0,1,0
Hecarim (IO/SI),Norra/Poppy (BC/DE),0,1,0
Shyvana (DE/MT),Karma/Seraphine/Sett (IO/PZ),0,1,0
Gangplank/Swain (BW/NX),Karma/Seraphine/Sett (IO/PZ),0,1,0
Akshan/Lee Sin (IO/SH),Karma/Seraphine/Sett (IO/PZ),0,1,0
Karma/Seraphine/Sett (IO/PZ),Gwen/Katarina (NX/SI),0,1,0
Ahri/Yasuo (BC/IO),Karma/Seraphine/Sett (IO/PZ),0,1,0
Jarvan IV/Shen (DE/IO),Karma/Seraphine/Sett (IO/PZ),0,1,0
Caitlyn/Teemo (FR/PZ),Ezreal/Kennen (IO/PZ),0,1,0
Braum/The Poro King (FR/RU),Ezreal/Kennen (IO/PZ),0,1,0
Teemo (PZ/SI),Ezreal/Kennen (IO/PZ),0,1,0
Ezreal/Kennen (IO/PZ),The Poro King (MT/RU),0,1,0
The Poro King (MT/RU),Swain/Yasuo (IO/NX),0,1,0
Championless (SI),Caitlyn/Norra (BC/PZ),0,1,0
Caitlyn/Norra (BC/PZ),Fiora (DE/SH),0,1,0
Caitlyn/Norra (BC/PZ),Miss Fortune (BW/NX),0,1,0
Heimerdinger/Viktor (IO/PZ),Caitlyn/Norra (BC/PZ),0,1,0
Ezreal/Seraphine (BC/PZ),Evelynn/Lucian (DE/RU),0,1,0
Darius/Gnar (FR/NX),Ezreal/Kennen (IO/PZ),0,1,0
Kalista/Nasus (SI/SH),Pyke/Rek'Sai (BW/SH),0,1,0
Janna/Twisted Fate (BW/PZ),Pyke/Rek'Sai (BW/SH),0,1,0
Fiora (DE/FR),Draven/Seraphine (NX/PZ),0,1,0
Evelynn/Viego (RU/SI),Elder Dragon/Norra (RU/BC),0,1,0
Leona/Yasuo (IO/MT),Bard/Sion (RU/NX),0,1,0
Bard/Sion (RU/NX),Gwen/Vayne (DE/SI),0,1,0
Ezreal/Seraphine (IO/PZ),Nami/Samira (BW/NX),0,1,0
Ezreal/Seraphine (IO/PZ),Teemo (BC/PZ),0,1,0
Ezreal/Seraphine (IO/PZ),Braum/Zoe (FR/MT),0,1,0
Ezreal/Seraphine (IO/PZ),Lux: Illuminated/Shen (DE/IO),0,1,0
Aurelion Sol/Shyvana (DE/MT),Ezreal/Seraphine (BC/PZ),0,1,0
Ezreal/Seraphine (BC/PZ),Kindred/Mordekaiser (NX/SI),0,1,0
Evelynn/LeBlanc (RU/NX),Caitlyn/Teemo (BC/PZ),0,1,0
Swain/Vladimir (IO/NX),Kindred (DE/SI),0,1,0
Neeko (RU/NX),Elder Dragon/Morgana (RU/DE),0,1,0
Elder Dragon/Morgana (RU/DE),Zilean (BW/SH),0,1,0
Senna/Veigar (BC/SI),Elder Dragon/Morgana (RU/DE),0,1,0
Draven/Jinx (NX/PZ),Master Yi (IO/PZ),0,1,0
Elder Dragon/Norra (RU/BC),Nami/Twisted Fate (BW/SI),0,1,0
Ashe/Fiora (DE/FR),Elder Dragon/Norra (RU/BC),0,1,0
Braum/The Poro King (FR/RU),Gnar/Jhin (BC/RU),0,1,0
Braum/The Poro King (FR/RU),Teemo (PZ/SI),0,1,0
Teemo (PZ/SI),Hecarim (IO/SI),0,1,0
Pyke/Rek'Sai (BW/SH),Teemo (PZ/SI),0,1,0
Braum/The Poro King (FR/RU),Janna/Mordekaiser (PZ/SI),0,1,0
Fiora (DE/FR),Braum/Zoe (FR/MT),0,1,0
Ezreal/Janna (IO/PZ),Braum/Zoe (FR/MT),0,1,0
Caitlyn/Teemo (BC/PZ),Championpile (SH),0,1,0
Yasuo (IO/NX),Sion (NX/SI),0,1,0
Sion (NX/SI),Azir/Xerath (SH),0,1,0
Elder Dragon/Volibear (RU/FR),Elder Dragon/Lissandra (RU/FR),0,1,0
Annie/Yasuo (IO/NX),Annie/Ezreal (NX/PZ),0,1,0
Garen/Udyr (DE/FR),Elder Dragon/Volibear (RU/FR),0,1,0
Hecarim/Mordekaiser/Viego (FR/SI),Azir/Irelia (IO/SH),0,1,0
Hecarim/Zed (IO/SI),Galio/Soraka (DE/MT),0,1,0
Norra (BC/SI),Braum/Udyr (DE/FR),0,1,0
Annie/Ezreal (NX/PZ),Norra (BC/SI),0,1,0
Pyke/Rek'Sai (BW/SH),Championless (BC/SH),0,1,0
Azir (MT/SH),Pyke/Rek'Sai (BW/SH),0,1,0
Lux: Illuminated/Shen (DE/IO),LeBlanc/Udyr (FR/NX),0,1,0
Rek'Sai (BW/SH),Darius/Katarina (FR/NX),0,1,0
Nilah/Twisted Fate (BW/PZ),Ziggs/Zilean (BC/SH),0,1,0
Elder Dragon/Sion (RU/NX),Nilah/Twisted Fate (BW/PZ),0,1,0
Gwen/Hecarim/Zed (IO/SI),Nilah/Twisted Fate (BW/PZ),0,1,0
Renekton (DE/SH),Nilah/Twisted Fate (BW/PZ),0,1,0
Lillia (BC/IO),Nilah/Twisted Fate (BW/PZ),0,1,0
Anivia/Braum (FR/SI),Nilah/Twisted Fate (BW/PZ),0,1,0
Janna (PZ/SH),Nilah/Twisted Fate (BW/PZ),0,1,0
Karma/Sett (FR/IO),Mordekaiser/Viego (SI/SH),0,1,0
Mordekaiser/Norra (BC/SI),Norra/Swain (BC/NX),0,1,0
Ezreal/Seraphine (BC/PZ),Karma/Sett (FR/IO),0,1,0
Norra/Swain (BC/NX),Elder Dragon/Morgana (RU/DE),0,1,0
Yasuo (IO/NX),Karma/Sett (FR/IO),0,1,0
Elder Dragon/Soraka (RU/MT),Norra/Swain (BC/NX),0,1,0
Jarvan IV/Kayn (DE/RU),Norra/Swain (BC/NX),0,1,0
Master Yi/Samira (IO/NX),Karma/Sett (FR/IO),0,1,0
Norra/Swain (BC/NX),Championless (SI),0,1,0
Akshan/Varus (SH/RU),Norra/Swain (BC/NX),0,1,0
Norra/Swain (BC/NX),Norra/Teemo (BC/SI),0,1,0
Karma/Sett (FR/IO),Akshan/Elder Dragon (RU/SH),0,1,0
Neeko/Poppy (DE/RU),Aphelios/Zoe (MT/PZ),0,1,0
Maokai (IO/SI),Aphelios/Zoe (MT/PZ),0,1,0
Poppy (BC/NX),Aphelios/Zoe (MT/PZ),0,1,0
Norra/Zoe (BC/MT),Aphelios/Zoe (MT/PZ),0,1,0
Akshan/Renekton (SH),Aphelios/Zoe (MT/PZ),0,1,0
Fiora (DE/FR),Aphelios/Zoe (MT/PZ),0,1,0
Annie/Jhin (RU/NX),Aphelios/Zoe (MT/PZ),0,1,0
Teemo (BC/PZ),Draven/Sion (NX/PZ),0,1,0
Azir/Irelia (IO/SH),Draven/Sion (NX/PZ),0,1,0
Jinx/Lulu (BC/PZ),Draven/Sion (NX/PZ),0,1,0
Elder Dragon/Galio/Morgana (RU/DE),Draven/Sion (NX/PZ),0,1,0
Yasuo (IO/NX),Akshan/Varus (SH/RU),0,1,0
Aphelios/Zoe (MT),Elder Dragon/Lissandra/Trundle (RU/FR),0,1,0
Aphelios/Zoe (MT),Seraphine (IO/PZ),0,1,0
Gnar/Kai'Sa (BC/SH),Jinx/Lulu (BC/PZ),0,1,0
Elder Dragon/Tryndamere (RU/FR),Taliyah/Ziggs (BC/SH),0,1,0
Elder Dragon/Tryndamere (RU/FR),Azir/Irelia (IO/SH),0,1,0
Elder Dragon/Mordekaiser/Viego (RU/SI),Elder Dragon/Tryndamere (RU/FR),0,1,0
Lee Sin/Viktor (IO/PZ),Elder Dragon/Galio/Morgana (RU/DE),0,1,0
Akshan/Sivir (BC/SH),Fiora/Shen (DE/IO),0,1,0
Akshan/Sivir (BC/SH),Evelynn/Riven (RU/NX),0,1,0
Ahri (BC/IO),Miss Fortune/Quinn (BW/DE),0,1,0
Mordekaiser/Nasus (SI/SH),Miss Fortune/Quinn (BW/DE),0,1,0
Aurelion Sol/Zoe (FR/MT),Miss Fortune/Quinn (BW/DE),0,1,0
Ashe/Volibear (FR/NX),Miss Fortune/Quinn (BW/DE),0,1,0
Nasus (SI/SH),Darius/LeBlanc/Riven (BW/NX),0,1,0
Galio/Udyr (DE/FR),Darius/LeBlanc/Riven (BW/NX),0,1,0
Darius/LeBlanc/Riven (BW/NX),Malphite/Yasuo (IO/MT),0,1,0
Darius/LeBlanc/Riven (BW/NX),Lee Sin/Viktor (IO/PZ),0,1,0
Shyvana (DE/MT),Darius/LeBlanc/Riven (BW/NX),0,1,0
Lissandra/Sejuani (FR/NX),Rumble (BC/PZ),0,1,0
Garen/Gnar/Udyr (DE/FR),Rumble (BC/PZ),0,1,0
Rumble (BC/PZ),Elder Dragon/Mordekaiser/Viego (RU/SI),0,1,0
Rumble (BC/PZ),Shen/Sivir (IO/SH),0,1,0
Ryze/Viktor (PZ/RU),Rumble (BC/PZ),0,1,0
Rumble (BC/PZ),Braum/Zoe (FR/MT),0,1,0
Rumble (BC/PZ),Kindred/Viego (BC/SI),0,1,0
Shen/Zed (DE/IO),Rumble (BC/PZ),0,1,0
Rumble (BC/PZ),Azir/Renekton (SH),0,1,0
Jax/Vayne (DE/RU),Rumble (BC/PZ),0,1,0
Rumble (BC/PZ),Hecarim/Zed (IO/SI),0,1,0
Rumble (BC/PZ),Taliyah/Zilean (IO/SH),0,1,0
Rumble (BC/PZ),Seraphine/Sett (IO/PZ),0,1,0
Evelynn/Lucian (DE/RU),Rumble (BC/PZ),0,1,0
Braum/Morgana/Udyr (DE/FR),The Poro King (BW/RU),0,1,0
Lillia/Seraphine (IO/PZ),The Poro King (NX/RU),0,1,0
Lillia/Seraphine (IO/PZ),Braum/Vladimir (FR/NX),0,1,0
Jayce/Viktor (BW/PZ),Azir/Irelia (IO/SH),0,1,0
Caitlyn/Teemo (BC/PZ),Jayce/Viktor (BW/PZ),0,1,0
Ashe/Braum/Garen (DE/FR),Jayce/Viktor (BW/PZ),0,1,0
Fiora/Garen (DE/SH),Jayce/Viktor (BW/PZ),0,1,0
Jayce/Viktor (BW/PZ),Senna/Veigar (BC/SI),0,1,0
Taliyah/Zilean (IO/SH),Jayce/Viktor (BW/PZ),0,1,0
Elder Dragon/Volibear (RU/FR),Jayce/Viktor (BW/PZ),0,1,0
Ryze (IO/RU),Jayce/Viktor (BW/PZ),0,1,0
Jayce/Viktor (BW/PZ),Nilah/Twisted Fate (BW/PZ),0,1,0
Jinx/Twisted Fate (BW/PZ),Jayce/Viktor (BW/PZ),0,1,0
Galio/Vayne (DE/IO),Elder Dragon/Volibear (RU/FR),0,1,0
Lillia/Norra (BC/IO),Lillia (BC/IO),0,1,0
Akshan/Ziggs (IO/SH),Maokai/Nautilus (BW/SI),0,1,0
Braum/Vladimir (FR/NX),Xerath/Ziggs (IO/SH),0,1,0
Caitlyn/Teemo (IO/PZ),Kayle/Teemo (BC/MT),0,1,0
Nasus/Renekton (SH),Lulu/Shen (BC/IO),0,1,0
Taric (DE/MT),Lulu/Shen (BC/IO),0,1,0
Lulu/Shen (BC/IO),Maokai (SI),0,1,0
Akshan/Lee Sin (IO/SH),Lulu/Shen (BC/IO),0,1,0
Kindred/Nasus/Senna (SI/SH),Poppy/Ziggs (BC/NX),0,1,0
Fiora (DE/FR),Poppy/Ziggs (BC/NX),0,1,0
Taliyah (BC/SH),Poppy/Ziggs (BC/NX),0,1,0
Aatrox/Kayn (RU/RU),Elder Dragon/Sion (RU/NX),0,1,0
Jax/Ornn (FR/RU),Championpile/Elder Dragon (RU/FR),0,1,0
Hecarim/Zed (IO/SI),Lillia/Lux: Illuminated (DE/IO),0,1,0
Anivia/Mordekaiser (FR/SI),Mordekaiser (NX/SI),0,1,0
Anivia (FR/SI),Zoe (MT/PZ),0,1,0
Poppy/Taric (DE/MT),Morgana/Taliyah (DE/SH),0,1,0
Elise/Teemo (PZ/SI),Poppy/Taric (DE/MT),0,1,0
Heimerdinger/Norra (BC/SI),Poppy/Taric (DE/MT),0,1,0
Rumble/Sion (BC/NX),Poppy/Taric (DE/MT),0,1,0
Karma/Seraphine (IO/PZ),Elder Dragon/Seraphine/Viktor (RU/PZ),0,1,0
Elder Dragon (RU/FR),Elder Dragon/Seraphine/Viktor (RU/PZ),0,1,0
Elder Dragon/Seraphine/Viktor (RU/PZ),Gwen/Zed (IO/SI),0,1,0
Taliyah/Zilean (IO/SH),Maokai/Morgana (DE/SI),0,1,0
Leona (MT),Elder Dragon/Volibear (RU/FR),0,1,0
Championless (NX/PZ),Elder Dragon/Volibear (RU/FR),0,1,0
Bard/Kayle (RU/MT),Ashe (FR/PZ),0,1,0
Ashe (FR/PZ),Championless (FR/PZ),0,1,0
Aurelion Sol/Shyvana (DE/MT),Ashe (FR/PZ),0,1,0
Heimerdinger/Viktor (IO/PZ),Seraphine/Zoe (MT/PZ),0,1,0
Aphelios/Viktor (MT/PZ),Lillia/Sett (BC/IO),0,1,0
Championless (PZ/SI),Lillia/Sett (BC/IO),0,1,0
Ryze (IO/RU),Lillia/Sett (BC/IO),0,1,0
Poppy/Vayne (BC/DE),Lillia/Sett (BC/IO),0,1,0
Ashe (FR/PZ),Jayce (PZ/SI),0,1,0
Ashe (FR/PZ),Maokai (SI),0,1,0
Championless (NX/SI),Kayle (BW/MT),0,1,0
Ezreal/Nilah (BW/PZ),Illaoi (BW/IO),0,1,0
Mordekaiser/Viego (IO/SI),Annie/Gwen (NX/SI),0,1,0
Gwen/Irelia (IO/SI),Mordekaiser/Viego (IO/SI),0,1,0
Mordekaiser/Viego (IO/SI),Seraphine (MT/PZ),0,1,0
Kalista/Nasus (SI/SH),Mordekaiser/Viego (IO/SI),0,1,0
Kalista/Lucian (DE/SI),Mordekaiser/Viego (IO/SI),0,1,0
Shen/Vi (IO/PZ),Mordekaiser/Viego (IO/SI),0,1,0
Jarvan IV/Kalista (DE/SI),Mordekaiser/Viego (IO/SI),0,1,0
Mordekaiser/Viego (IO/SI),Anivia (FR/SI),0,1,0
Azir/Irelia (IO/SH),Mordekaiser/Viego (IO/SI),0,1,0
Darius/LeBlanc (FR/NX),Mordekaiser/Viego (IO/SI),0,1,0
Norra/Poppy (BC/NX),Mordekaiser/Viego (IO/SI),0,1,0
Nami/Samira (BW/NX),Mordekaiser/Viego (IO/SI),0,1,0
Janna/Yuumi (BC/PZ),Evelynn/Viego (RU/SI),0,1,0
Azir/Nasus/Renekton (SH),Evelynn/Viego (RU/SI),0,1,0
Irelia/Master Yi (DE/IO),Elder Dragon/Elise (RU/SI),0,1,0
Elder Dragon/Elise (RU/SI),Aurelion Sol/Kayle (FR/MT),0,1,0
Shyvana/Taric (DE/MT),Aatrox (RU/BW),0,1,0
Yasuo (IO/NX),Aatrox (RU/BW),0,1,0
Aphelios/Viktor (MT/PZ),Aatrox (RU/BW),0,1,0
Championless (SI),Aatrox (RU/BW),0,1,0
LeBlanc/Sivir (NX/SH),Aatrox (RU/BW),0,1,0
LeBlanc/Sion (NX/SI),Championless (SI),0,1,0
LeBlanc/Sivir (NX/SH),Galio (DE/FR),0,1,0
Championpile (DE/SH),Maokai (SI),0,1,0
Braum/Yuumi (FR/MT),Bard/Lillia (RU/IO),0,1,0
Bard/Lillia (RU/IO),Elder Dragon/Volibear (RU/FR),0,1,0
Bard/Lillia (RU/IO),Evelynn (RU/SI),0,1,0
Bard/Lillia (RU/IO),Ryze (RU/SH),0,1,0
Leona/Yasuo (IO/MT),Bard/Lillia (RU/IO),0,1,0
Galio/Jarvan IV/Karma (DE/IO),Bard/Lillia (RU/IO),0,1,0
Aphelios/Zoe (MT),Bard/Lillia (RU/IO),0,1,0
Braum/Mordekaiser (FR/SI),Bard/Lillia (RU/IO),0,1,0
Bard/Lillia (RU/IO),Caitlyn/Teemo (BC/PZ),0,1,0
Braum/Mordekaiser/Viego (FR/SI),Bard/Lillia (RU/IO),0,1,0
Bard/Lillia (RU/IO),Azir/Nasus/Renekton (SH),0,1,0
Bard/Lillia (RU/IO),Fizz/Nami (BW/PZ),0,1,0
Malphite (MT/SH),Akshan/Ornn (FR/SH),0,1,0
Akshan/Ornn (FR/SH),Elder Dragon/Volibear (RU/FR),0,1,0
Akshan/Aphelios (MT/SH),Akshan/Ornn (FR/SH),0,1,0
Ornn/Taliyah (FR/SH),Mordekaiser/Viego (MT/SI),0,1,0
Garen/Udyr (DE/FR),Akshan/Ornn (FR/SH),0,1,0
Akshan/Ornn (FR/SH),Ashe/Tahm Kench (BW/FR),0,1,0
Karma/Sett (IO/PZ),Annie/Jhin (RU/NX),0,1,0
Azir/Hecarim (SI/SH),Annie/Jhin (RU/NX),0,1,0
Xerath/Zilean (MT/SH),Annie/Jhin (RU/NX),0,1,0
Fiora/Shyvana (DE/FR),Annie/Jhin (RU/NX),0,1,0
Azir/Kayle (MT/SH),Annie/Jhin (RU/NX),0,1,0
Nocturne (SI),Annie/Jhin (RU/NX),0,1,0
Jarvan IV/Kayn (DE/RU),Annie/Jhin (RU/NX),0,1,0
Jayce (NX/PZ),Elder Dragon/Lissandra/Trundle (RU/FR),0,1,0
Championless (PZ/SI),Jayce (NX/PZ),0,1,0
Anivia (FR/SI),Zoe (IO/MT),0,1,0
Aurelion Sol/Trundle/Zoe (FR/MT),Illaoi (BW/IO),0,1,0
Championpile/Elder Dragon (RU/FR),Azir/Xerath (SH),0,1,0
Taliyah/Zilean (IO/SH),Ezreal/Swain (NX/PZ),0,1,0
Evelynn/Gwen (RU/SI),Taliyah/Zilean (IO/SH),0,1,0
Karma/Lux (DE/IO),Azir/Lucian (DE/SH),0,1,0
Senna/Veigar (BC/SI),Azir/Lucian (DE/SH),0,1,0
Lee Sin/Viktor (IO/PZ),Aphelios/Jack (BW/MT),0,1,0
Championless (SI),Leona/Sett (IO/MT),0,1,0
Ashe/LeBlanc (FR/NX),Braum/Morgana (FR/MT),0,1,0
Tahm Kench/Taric (BW/MT),Nasus (SI/SH),0,1,0
Gnar (BC/BW),Elise (PZ/SI),0,1,0
Ashe/Braum (FR),Evelynn/Kai'Sa (RU/SH),0,1,0
Aurelion Sol/Zoe (IO/MT),Championless (SI),0,1,0
Maokai/Nautilus (BW/SI),Swain/Vladimir (BW/NX),0,1,0
Janna (BC/PZ),Aphelios/Viktor (MT/PZ),0,1,0
Kayle/Lillia (IO/MT),Aurelion Sol/Elder Dragon (RU/MT),0,1,0
Janna (NX/PZ),Aurelion Sol/Elder Dragon (RU/MT),0,1,0
Akshan/Lee Sin (IO/SH),Galio/Udyr (DE/FR),0,1,0
Elder Dragon/Garen (RU/DE),Annie/Jhin (RU/NX),0,1,0
Akshan/Yuumi (MT/SH),Annie/Jhin (RU/NX),0,1,0
Gangplank/Illaoi (BW/SI),Annie/Jhin (RU/NX),0,1,0
Janna/Norra (BC/PZ),Annie/Jhin (RU/NX),0,1,0
Aurelion Sol/Zoe (FR/MT),Annie/Jhin (RU/NX),0,1,0
Akshan/Taliyah (IO/SH),Annie/Jhin (RU/NX),0,1,0
Gwen/Hecarim/Zed (IO/SI),Ezreal/Seraphine (IO/PZ),0,1,0
Galio/Morgana (DE/FR),Garen (DE/IO),0,1,0
Akshan/Lee Sin (IO/SH),Galio/Morgana (DE/FR),0,1,0
Galio/Morgana (DE/FR),Swain/Vladimir (BW/NX),0,1,0
Braum/Lillia (FR/IO),Galio/Morgana (DE/FR),0,1,0
Gangplank/Sejuani (BW/FR),Galio/Morgana (DE/FR),0,1,0
Taric (DE/MT),Galio/Morgana (DE/FR),0,1,0
Galio/Morgana (DE/FR),Lee Sin/Viktor (IO/PZ),0,1,0
Galio/Morgana (DE/FR),Udyr/Vladimir (FR/NX),0,1,0
Braum/Vladimir (FR/NX),Neeko/Poppy (DE/RU),0,1,0
Galio/Morgana (DE/FR),LeBlanc/Lillia (IO/NX),0,1,0
Aphelios/Zoe (MT/PZ),Norra (BC/SI),0,1,0
Jhin/Vex (BC/RU),Aphelios/Zoe (MT/PZ),0,1,0
Norra/Swain (BC/NX),Bard (RU/IO),0,1,0
Poppy/Ziggs (BC/NX),Neeko/Poppy (BC/RU),0,1,0
Aphelios/Zoe (MT),Elder Dragon/Mordekaiser/Viego (RU/SI),0,1,0
Lucian/Senna (DE/SI),Elder Dragon/Mordekaiser/Viego (RU/SI),0,1,0
Ziggs/Zilean (BC/SH),Elder Dragon/Mordekaiser/Viego (RU/SI),0,1,0
Mordekaiser/Viego (SI),Elder Dragon/Mordekaiser/Viego (RU/SI),0,1,0
Elder Dragon/Mordekaiser/Viego (RU/SI),Vladimir (FR/NX),0,1,0
Darius (FR/NX),LeBlanc/Sivir (NX/SH),0,1,0
LeBlanc/Sivir (NX/SH),Nasus/Renekton (SH),0,1,0
Nasus (SI/SH),Kayle (BW/MT),0,1,0
Nasus/Thresh (SI/SH),Gnar/Swain (BC/NX),0,1,0
Gnar/Tristana (BC/BW),Nasus/Thresh (SI/SH),0,1,0
Akshan/Sivir (NX/SH),Nasus/Thresh (SI/SH),0,1,0
Aphelios/Viktor (MT/PZ),Darius/Gnar (FR/NX),0,1,0
Maokai (SI),Jayce/Lux (DE/PZ),0,1,0
Aurelion Sol/Shyvana (DE/MT),Aurelion Sol (FR/MT),0,1,0
Norra/Teemo (BC/MT),Aurelion Sol/Shyvana (DE/MT),0,1,0
Aurelion Sol/Shyvana (DE/MT),Annie/Gwen (NX/SI),0,1,0
Karma/Ryze (IO/RU),Aurelion Sol/Shyvana (DE/MT),0,1,0
Darius/Gwen (NX/SI),Aurelion Sol/Shyvana (DE/MT),0,1,0
Elder Dragon/Galio/Morgana (RU/DE),Aurelion Sol/Shyvana (DE/MT),0,1,0
Championless (PZ/SI),Aurelion Sol/Shyvana (DE/MT),0,1,0
Norra (BC/SI),Aurelion Sol/Shyvana (DE/MT),0,1,0
Aphelios/Viktor (MT/PZ),Aurelion Sol/Shyvana (DE/MT),0,1,0
Caitlyn/Swain (NX/PZ),Elder Dragon/Volibear (RU/FR),0,1,0
Galio/Garen (DE/IO),Gnar/Teemo (BC/PZ),0,1,0
Hecarim/Zed (IO/SI),Gnar/Teemo (BC/PZ),0,1,0
Aurelion Sol/Shyvana (DE/MT),Gnar/Teemo (BC/PZ),0,1,0
Darius/Gnar (FR/NX),Karma/Sett (FR/IO),0,1,0
Lillia (IO/SH),Caitlyn/Teemo (FR/PZ),0,1,0
Samira/Twisted Fate (BW/NX),Akshan/Elder Dragon (RU/SH),0,1,0
Ashe/LeBlanc (FR/NX),Ezreal/Karma (IO/PZ),0,1,0
Kayle (BW/MT),Elder Dragon/Lissandra (RU/FR),0,1,0
Senna/Veigar (BC/SI),Nasus/Renekton (SH),0,1,0
Gwen/Mordekaiser (NX/SI),Kayle (BW/MT),0,1,0
Gwen/Zed (IO/SI),Kayle (BW/MT),0,1,0
Elder Dragon/Volibear (RU/FR),Gnar/Zed (FR/IO),0,1,0
Ekko/Zilean (PZ/SH),Taliyah/Zilean (IO/SH),0,1,0
Taliyah (IO/SH),Championless (BC/SH),0,1,0
Jhin/Kennen (IO/RU),Taliyah (IO/SH),0,1,0
Taric/Yasuo (IO/MT),Taliyah (IO/SH),0,1,0
Gwen/Quinn (DE/SI),Taliyah (IO/SH),0,1,0
Championless (SI),Norra/Teemo (BC/SI),0,1,0
Kayle/Lux: Illuminated (DE/MT),Norra/Teemo (BC/SI),0,1,0
Ezreal/Seraphine (BC/PZ),Zoe (MT/PZ),0,1,0
Taliyah (IO/SH),Gangplank/Sejuani (BW/FR),0,1,0
Jayce/Lux (DE/PZ),Taliyah (IO/SH),0,1,0
Norra/Teemo (BC/SI),Taliyah (BC/SH),0,1,0
Ashe/Tahm Kench (BW/FR),Norra/Teemo (BC/SI),0,1,0
Zoe (MT/PZ),Elder Dragon/Volibear (RU/FR),0,1,0
Gnar/Swain (BC/NX),Senna/Veigar (BC/SI),0,1,0
Janna/Seraphine (NX/PZ),Azir/Xerath (SH),0,1,0
Karma/Seraphine/Sett (IO/PZ),Lissandra/Trundle (DE/FR),0,1,0
Akshan/Udyr (FR/SH),Elder Dragon/Trundle (RU/FR),0,1,0
Ahri/Akshan (IO/SH),Poppy/Ziggs (BC/NX),0,1,0
Jax/Ornn (FR/RU),Ezreal/Seraphine (BC/PZ),0,1,0
Nasus (SI/SH),Ekko/Jinx (PZ/SH),0,1,0
Heimerdinger (PZ/SI),Azir/Irelia (IO/SH),0,1,0
Poppy/Vayne (DE/MT),Elder Dragon/Mordekaiser/Viego (RU/SI),0,1,0
Elder Dragon/Mordekaiser/Viego (RU/SI),Championless (DE/PZ),0,1,0
Bard (BC/RU),Elder Dragon/Mordekaiser/Viego (RU/SI),0,1,0
Kalista/Zed (IO/SI),Elder Dragon/Mordekaiser/Viego (RU/SI),0,1,0
Caitlyn/Teemo (FR/PZ),Kindred/Mordekaiser (NX/SI),0,1,0
Kayn/Kindred/Thresh (RU/SI),Kindred/Mordekaiser (NX/SI),0,1,0
Evelynn/Lucian (DE/RU),Katarina/Taliyah (NX/SH),0,1,0
Braum/Vladimir (FR/NX),Evelynn/Lucian (DE/RU),0,1,0
Azir/Kayle (MT/SH),Evelynn/Lucian (DE/RU),0,1,0
Akshan/Renekton (SH),Evelynn/Lucian (DE/RU),0,1,0
Teemo/Twisted Fate (BC/BW),Evelynn/Lucian (DE/RU),0,1,0
Kindred/Mordekaiser (NX/SI),Fizz/Twisted Fate (BW/PZ),0,1,0
Kindred/Mordekaiser (NX/SI),Garen (DE/FR),0,1,0
Kindred/Mordekaiser (IO/SI),Pyke/Rek'Sai (BW/SH),0,1,0
Aurelion Sol/Shyvana (DE/MT),Kindred/Mordekaiser (IO/SI),0,1,0
Kindred/Viego (IO/SI),Akshan/Master Yi (IO/SH),0,1,0
Aurelion Sol/Zoe (FR/MT),Ashe/LeBlanc (FR/NX),0,1,0
Poppy/Ziggs (BC/NX),Kindred/Mordekaiser (BC/SI),0,1,0
Lux: Illuminated/Shen (DE/IO),Poppy/Ziggs (BC/NX),0,1,0
Championless (PZ/SI),Lee Sin/Viktor (IO/PZ),0,1,0
Gnar/Neeko (FR/RU),Pyke/Rek'Sai (BW/SH),0,1,0
Janna (BC/PZ),Pyke/Rek'Sai (BW/SH),0,1,0
Sett/Yasuo (IO/MT),Elder Dragon (RU/FR),0,1,0
Garen (DE/IO),Sett/Yasuo (IO/MT),0,1,0
Braum/Vladimir (FR/NX),Kalista/Sion (NX/SI),0,1,0
Aatrox/Ornn (RU/FR),Braum/Vladimir (FR/NX),0,1,0
Championless (SI),Lillia/Sett (BC/IO),0,1,0
Shyvana (DE/MT),Championless (SI),0,1,0
Azir/Renekton (SH),Jinx/Lulu (BC/PZ),0,1,0
Mordekaiser/Norra (BC/SI),Janna/Master Yi/Seraphine (IO/PZ),0,1,0
Championless (PZ/SI),Mordekaiser/Norra (BC/SI),0,1,0
Mordekaiser/Norra (BC/SI),Bard/Twisted Fate (RU/BW),0,1,0
Neeko/Norra (BC/RU),Azir/Renekton (SH),0,1,0
Azir/Renekton (SH),Jack/Sett (BW/IO),0,1,0
Viktor/Zoe (MT/PZ),Kindred/Nasus (SI/SH),0,1,0
Hecarim/Thresh/Zed (IO/SI),Kindred/Nasus (SI/SH),0,1,0
Championpile/Elder Dragon (RU/FR),Kindred/Nasus (SI/SH),0,1,0
LeBlanc/Lux (DE/NX),Kindred/Nasus (SI/SH),0,1,0
The Poro King (RU/SI),Kindred/Nasus (SI/SH),0,1,0
Karma/Seraphine/Sett (IO/PZ),Championless (PZ/SI),0,1,0
Karma/Seraphine/Sett (IO/PZ),Elder Dragon/Lissandra (RU/FR),0,1,0
Nilah/Twisted Fate (BW/PZ),Elder Dragon/Morgana/Shyvana (RU/DE),0,1,0
Annie/Jhin (RU/NX),Akshan (BC/SH),0,1,0
Akshan (BC/SH),Katarina/Lucian (DE/NX),0,1,0
Akshan (BC/SH),Shen/Vi (IO/PZ),0,1,0
Taliyah/Zilean (IO/SH),Karma/Seraphine/Sett (IO/PZ),0,1,0
Bard/Kayle (RU/MT),Karma/Seraphine/Sett (IO/PZ),0,1,0
Katarina/Lucian (DE/NX),Karma/Seraphine/Sett (IO/PZ),0,1,0
Karma/Sett (FR/IO),Katarina/Lucian (DE/NX),0,1,0
Championless (FR/IO),Akshan/Jack (BW/SH),0,1,0
Championless (FR/IO),Aphelios/Viktor (MT/PZ),0,1,0
Jayce (PZ/SI),Championless (FR/IO),0,1,0
Championless (FR/IO),Jayce/Lux (DE/PZ),0,1,0
Taliyah/Zilean (IO/SH),Lillia/Sett (BC/IO),0,1,0
Ezreal (PZ/SI),Taliyah/Zilean (IO/SH),0,1,0
Elise/Viego (NX/SI),Taliyah/Zilean (IO/SH),0,1,0
Ezreal/Seraphine (BC/PZ),Taliyah (BC/SH),0,1,0
Aphelios/Pantheon (MT),Azir/Irelia (IO/SH),0,1,0
Tryndamere (FR),Elder Dragon (RU/FR),0,1,0
Elder Dragon/Viego (RU/SI),Elder Dragon/Norra (RU/BC),0,1,0
Azir/Xerath (SH),Evelynn (RU/FR),0,1,0
Bard/Zilean (RU/SH),Elder Dragon/Viego (RU/SI),0,1,0
Akshan/Master Yi (IO/SH),Elder Dragon/Viego (RU/SI),0,1,0
Aurelion Sol/Zoe (FR/MT),Elder Dragon/Viego (RU/SI),0,1,0
Zoe (MT/PZ),Elder Dragon/Viego (RU/SI),0,1,0
Elder Dragon/Viego (RU/SI),Pyke/Rek'Sai (BW/SH),0,1,0
Azir/Xerath (SH),Ezreal/Seraphine (PZ/SI),0,1,0
Fizz/Nami (BW/MT),Azir/Xerath (SH),0,1,0
Elder Dragon/Viego (RU/SI),Maokai/Nautilus (BW/SI),0,1,0
Elder Dragon/Viego (RU/SI),Janna/Karma/Sett (IO/PZ),0,1,0
Lee Sin/Riven (IO/NX),Lee Sin/Shen (IO/SI),0,1,0
Lee Sin/Shen (IO/SI),Anivia (FR/SI),0,1,0
Norra/Zoe (BC/MT),Norra/Teemo (BC/PZ),0,1,0
Garen/Shyvana (DE/MT),Norra/Teemo (BC/PZ),0,1,0
Janna/Norra (BC/PZ),Norra/Teemo (BC/PZ),0,1,0
Norra/Teemo (BC/PZ),Ryze (IO/RU),0,1,0
Aatrox (RU/BW),Azir/Irelia (IO/SH),0,1,0
Azir/Irelia (IO/SH),Draven/Katarina (FR/NX),0,1,0
Illaoi/Thresh (BW/SI),Azir/Irelia (IO/SH),0,1,0
Veigar (BC/SI),Ashe (FR/PZ),0,1,0
Rumble/Sion (BC/NX),Ashe (FR/PZ),0,1,0
Nasus (SI/SH),Ashe (FR/PZ),0,1,0
Seraphine/Viktor (PZ),Elder Dragon/Volibear (RU/FR),0,1,0
Elise/Hecarim (NX/SI),Elder Dragon/Volibear (RU/FR),0,1,0
Jax/Tristana (BC/RU),Elder Dragon/Volibear (RU/FR),0,1,0
Senna (PZ/SI),Viktor/Zoe (MT/PZ),0,1,0
Ashe/LeBlanc (FR/NX),Viktor/Zoe (MT/PZ),0,1,0
Braum/Morgana/Udyr (DE/FR),Viktor/Zoe (MT/PZ),0,1,0
Ryze (FR/RU),Draven/Jinx (NX/PZ),0,1,0
Championless (SI),Draven/Jinx (NX/PZ),0,1,0
Maokai/Nautilus (BW/SI),Draven/Jinx (NX/PZ),0,1,0
Championless (NX/PZ),Draven/Jinx (NX/PZ),0,1,0
Draven/Jinx (NX/PZ),Ekko (PZ/SH),0,1,0
Ezreal/Seraphine (NX/PZ),Draven/Jinx (NX/PZ),0,1,0
Draven/Jinx (NX/PZ),Akshan/Master Yi (IO/SH),0,1,0
Karma/Sett (IO/PZ),Draven/Jinx (NX/PZ),0,1,0
Draven/Jinx (NX/PZ),Azir/Xerath (SH),0,1,0
Akshan/Elder Dragon (RU/SH),Draven/Jinx (NX/PZ),0,1,0
Akshan (FR/SH),Draven/Jinx (NX/PZ),0,1,0
Akshan/Aphelios (MT/SH),Aatrox/Kayn (RU/RU),0,1,0
Kayle (BW/MT),Akshan/Aphelios (MT/SH),0,1,0
Lee Sin/Viktor (IO/PZ),Akshan/Sivir (NX/SH),0,1,0
Azir/Renekton (SH),The Poro King (FR/RU),0,1,0
Elise (FR/SI),The Poro King (FR/RU),0,1,0
Braum/The Poro King (FR/RU),Lux: Illuminated/Vex (BC/DE),0,1,0
Braum/The Poro King (FR/RU),Elder Dragon/Lissandra/Trundle (RU/FR),0,1,0
Akshan/Renekton (BW/SH),Braum/The Poro King (FR/RU),0,1,0
Braum/The Poro King (FR/RU),Ahri/Kennen (IO/NX),0,1,0
Taric/Volibear (FR/MT),Braum/The Poro King (FR/RU),0,1,0
Braum/The Poro King (FR/RU),Elise/Norra (BC/SI),0,1,0
Samira/Twisted Fate (BW/NX),Braum/The Poro King (FR/RU),0,1,0
Lee Sin/Riven (IO/NX),Braum/The Poro King (FR/RU),0,1,0
Seraphine/Viktor (FR/PZ),Karma/Sett (FR/IO),0,1,0
Championless (BC/SH),Seraphine/Viktor (FR/PZ),0,1,0
Caitlyn/Teemo (BC/PZ),Championpile/Elder Dragon (RU/FR),0,1,0
Seraphine/Viktor (FR/PZ),Azir/Irelia (IO/SH),0,1,0
Taliyah/Zilean (IO/SH),Seraphine/Viktor (FR/PZ),0,1,0
Gwen/Zed (IO/SI),Seraphine/Viktor (FR/PZ),0,1,0
Seraphine/Viktor (FR/PZ),Elder Dragon/Morgana/Shyvana (RU/DE),0,1,0
Heimerdinger/Jayce (PZ/SI),The Poro King (DE/RU),0,1,0
Norra/Trundle (BC/FR),Fiora/Shyvana/Udyr (DE/FR),0,1,0
Nami/Zoe (BW/MT),Norra/Trundle (BC/FR),0,1,0
Ezreal (PZ/SI),Senna (PZ/SI),0,1,0
Ezreal (PZ/SI),Seraphine (MT/PZ),0,1,0
Katarina (NX/SI),Fizz/Yuumi (BC/FR),0,1,0
Maokai/Nautilus (BW/SI),Fizz/Yuumi (BC/FR),0,1,0
Fizz/Yuumi (BC/FR),Ezreal/Nilah (BW/PZ),0,1,0
Gwen/Katarina (NX/SI),Fizz/Yuumi (BC/FR),0,1,0
Karma/Sett (FR/IO),Azir/Fizz (BW/SH),0,1,0
Evelynn/Lillia (RU/IO),Gnar (BC/PZ),0,1,0
Elder Dragon/Volibear (RU/FR),Evelynn/Lillia (RU/IO),0,1,0
Elder Dragon/Mordekaiser/Viego (RU/SI),Lissandra/Taliyah (FR/SH),0,1,0
Hecarim/Lee Sin/Yasuo (IO/SI),Hecarim/Zed (IO/SI),0,1,0
Poppy/Taric (DE/MT),Senna/Veigar (BC/SI),0,1,0
Caitlyn (DE/PZ),Poppy/Taric (DE/MT),0,1,0
Annie/Sejuani (FR/NX),Poppy/Taric (DE/MT),0,1,0
Poppy/Zed (DE/IO),Elder Dragon/Morgana (RU/MT),0,1,0
Akshan/LeBlanc (NX/SH),Poppy/Zed (DE/IO),0,1,0
Braum/The Poro King (FR/RU),Poppy/Zed (DE/IO),0,1,0
Gangplank/Sejuani (BW/FR),Championpile/Elder Dragon (RU/FR),0,1,0
Malphite/Taliyah (MT/SH),Mordekaiser/Viego (DE/SI),0,1,0
Sivir/Zoe (MT/SH),Malphite/Taliyah (MT/SH),0,1,0
Elder Dragon/Ornn/Tryndamere/Volibear (RU/FR),Malphite/Taliyah (MT/SH),0,1,0
Championless (FR/PZ),Ashe/LeBlanc (FR/NX),0,1,0
Championpile (DE/FR),Ashe/LeBlanc (FR/NX),0,1,0
Draven/Jinx (NX/PZ),Rumble/Sion (BC/NX),0,1,0
Azir/Irelia (IO/SH),Jayce/Morgana (MT/PZ),0,1,0
Gwen/Hecarim/Zed (IO/SI),Azir/Irelia (IO/SH),0,1,0
Janna/Norra (BC/PZ),Azir/Irelia (IO/SH),0,1,0
Azir/Irelia (IO/SH),Kalista/Maokai (FR/SI),0,1,0
Azir/Irelia (IO/SH),Galio/Poppy/Soraka (DE/MT),0,1,0
Aurelion Sol/Shyvana (DE/MT),The Poro King (BW/RU),0,1,0
Norra (BC/SI),Senna/Veigar (BC/SI),0,1,0
Akshan/Zoe (MT/SH),Senna/Veigar (BC/SI),0,1,0
Zoe (MT/PZ),Senna/Veigar (BC/SI),0,1,0
Ahri/Katarina (IO/NX),Senna/Veigar (BC/SI),0,1,0
Yuumi/Zoe (MT),Senna/Veigar (BC/SI),0,1,0
Senna/Veigar (BC/SI),The Poro King (NX/RU),0,1,0
Janna/Jinx (BW/PZ),Senna/Veigar (BC/SI),0,1,0
Aurelion Sol/Zoe (MT/PZ),Senna/Veigar (BC/SI),0,1,0
Senna/Veigar (BC/SI),Nocturne/Vex (PZ/SI),0,1,0
Norra/Teemo/Zoe (BC/MT),Elder Dragon/Galio/Morgana (RU/DE),0,1,0
Hecarim/Zed (IO/SI),Elder Dragon/Galio/Morgana (RU/DE),0,1,0
Ezreal/Twisted Fate (BW/PZ),Elder Dragon/Galio/Morgana (RU/DE),0,1,0
Viego (FR/SI),Elder Dragon/Galio/Morgana (RU/DE),0,1,0
Lee Sin/Viktor (IO/PZ),Shen/Sivir (IO/SH),0,1,0
Norra/Teemo (BC/MT),Teemo/Viktor (FR/PZ),0,1,0
Sejuani (BC/FR),Teemo/Viktor (FR/PZ),0,1,0
Fizz/Nidalee (BC/SH),Teemo/Viktor (FR/PZ),0,1,0
Ezreal/Seraphine (IO/PZ),Teemo/Viktor (FR/PZ),0,1,0
Janna (PZ/SI),Galio/Morgana (DE/FR),0,1,0
Rumble (BC/MT),Aphelios/Viktor (MT/PZ),0,1,0
Lee Sin/Viktor (IO/PZ),Sivir (BW/SH),0,1,0
Aphelios/Viktor (MT/PZ),Sivir (BW/SH),0,1,0
Jax/Ornn (FR/RU),Sivir (BW/SH),0,1,0
Lillia/Sett (BC/IO),Janna (PZ/SI),0,1,0
Braum/Gwen (FR/SI),Morgana/Udyr (DE/FR),0,1,0
Taric (DE/MT),Braum/Gwen (FR/SI),0,1,0
Lee Sin/Viktor (IO/PZ),Braum/Gwen (FR/SI),0,1,0
Ashe/Tahm Kench (BW/FR),Braum/Gwen (FR/SI),0,1,0
Shyvana/Vayne (DE/MT),Braum/Gwen (FR/SI),0,1,0
Azir/Irelia (IO/SH),Sett/Viktor (IO/PZ),0,1,0
Heimerdinger/Jayce (PZ/SI),Azir/Irelia (IO/SH),0,1,0
Azir/Irelia (IO/SH),Gwen/Katarina (NX/SI),0,1,0
Volibear (FR/IO),Azir/Irelia (IO/SH),0,1,0
Fizz/Samira (BC/NX),Azir/Irelia (IO/SH),0,1,0
Elder Dragon/Garen/Jarvan IV (RU/DE),Elder Dragon/Volibear (RU/FR),0,1,0
Maokai/Nautilus (BW/SI),Championless (BC/SH),0,1,0
Morgana/Udyr (DE/FR),Championless (BC/SH),0,1,0
Nami/Seraphine (BW/PZ),Morgana/Udyr (DE/FR),0,1,0
Braum/Ornn/Udyr (FR),Morgana/Udyr (DE/FR),0,1,0
Morgana/Udyr (DE/FR),Taric/Yuumi (IO/MT),0,1,0
Morgana/Udyr (DE/FR),Yasuo (FR/IO),0,1,0
Poppy/Zed (DE/IO),Morgana/Udyr (DE/FR),0,1,0
Gangplank/Miss Fortune (BW/NX),Morgana/Udyr (DE/FR),0,1,0
Morgana/Udyr (DE/FR),Elder Dragon/Ornn/Tryndamere/Volibear (RU/FR),0,1,0
Illaoi/Miss Fortune (BW),Morgana/Udyr (DE/FR),0,1,0
Morgana/Udyr (DE/FR),Kindred/Norra (BC/SI),0,1,0
Akshan/Seraphine (PZ/SH),Caitlyn/Teemo (BC/PZ),0,1,0
Akshan/Seraphine (PZ/SH),Annie/Jhin (RU/NX),0,1,0
Akshan/Seraphine (PZ/SH),Ezreal/Seraphine (IO/PZ),0,1,0
Gwen/Illaoi (BW/SI),Akshan/Seraphine (PZ/SH),0,1,0
Akshan/Seraphine (PZ/SH),Malphite/Yasuo (IO/MT),0,1,0
Akshan/Seraphine (PZ/SH),Jayce/Lux (DE/PZ),0,1,0
Teemo (BC/PZ),Akshan/Seraphine (PZ/SH),0,1,0
Katarina/Lucian (DE/NX),Championless (SI),0,1,0
Jayce/Lux (DE/PZ),Akshan/Varus (SH/RU),0,1,0
Maokai (SI),Akshan/Varus (SH/RU),0,1,0
Anivia/Volibear (BW/FR),Caitlyn/Teemo (BC/PZ),0,1,0
Ziggs/Zilean (BC/SH),Master Yi/Taric (IO/MT),0,1,0
Ziggs/Zilean (BC/SH),Lissandra/Trundle (FR/SI),0,1,0
Yasuo/Yuumi (IO/MT),Ziggs/Zilean (BC/SH),0,1,0
LeBlanc/Mordekaiser (IO/NX),Ziggs/Zilean (BC/SH),0,1,0
Evelynn/Kai'Sa (RU/SH),Draven/Pantheon (MT/NX),0,1,0
Karma/Lux (DE/IO),Evelynn/Kai'Sa (RU/SH),0,1,0
Lucian/Zed (DE/IO),Ezreal/Seraphine (BC/PZ),0,1,0
Gangplank/Sejuani (BW/FR),Lucian/Zed (DE/IO),0,1,0
Ashe/Volibear (FR/NX),Gangplank/Teemo (BW/PZ),0,1,0
Gangplank/Teemo (BW/PZ),Annie/Jhin (RU/NX),0,1,0
Gwen/Irelia (IO/SI),Braum/Norra (BC/FR),0,1,0
Gnar (FR/SI),Elder Dragon/Shyvana (RU/DE),0,1,0
Annie/Gwen (NX/SI),Shen/Sivir (IO/SH),0,1,0
Seraphine (MT/PZ),Annie/Jhin (RU/NX),0,1,0
Kayle/The Poro King (MT/RU),Annie/Jhin (RU/NX),0,1,0
Annie/Jhin (RU/NX),Gwen/Katarina (NX/SI),0,1,0
Annie/Jhin (RU/NX),Garen/Jarvan IV (DE),0,1,0
Aatrox (RU/BW),Soraka/Tahm Kench (BW/MT),0,1,0
Championpile (MT/NX),Annie/Jhin (RU/NX),0,1,0
Akshan/Garen (DE/SH),Annie/Jhin (RU/NX),0,1,0
Heimerdinger/Viktor (IO/PZ),Akshan/Udyr (FR/SH),0,1,0
Fizz/Yuumi (BC/FR),Heimerdinger/Viktor (IO/PZ),0,1,0
Teemo (BC/PZ),Karma/Seraphine/Sett (IO/PZ),0,1,0
Karma/Seraphine/Sett (IO/PZ),Annie/Jhin/Swain (RU/NX),0,1,0
Braum/Zoe (FR/MT),Karma/Seraphine/Sett (IO/PZ),0,1,0
Karma/Seraphine/Sett (IO/PZ),Miss Fortune/Quinn (BW/DE),0,1,0
Championless (BC/FR),Karma/Seraphine/Sett (IO/PZ),0,1,0
Nocturne (SI),Karma/Seraphine/Sett (IO/PZ),0,1,0
Fiora (DE/FR),Karma/Seraphine/Sett (IO/PZ),0,1,0
Annie/Taliyah (NX/SH),Championless (BC/SH),0,1,0
Teemo/Twisted Fate (BC/BW),Aurelion Sol/Elder Dragon (RU/MT),0,1,0
Teemo/Twisted Fate (BC/BW),Elder Dragon/Volibear (RU/FR),0,1,0
Teemo/Twisted Fate (BC/BW),Elder Dragon/Garen/Jarvan IV (RU/DE),0,1,0
Teemo/Twisted Fate (BC/BW),Azir/Xerath (SH),0,1,0
Teemo/Twisted Fate (BC/BW),Championless (IO/NX),0,1,0
LeBlanc/Udyr (FR/NX),Nasus/Renekton (SH),0,1,0
Akshan/Lee Sin (IO/SH),Nasus/Renekton (SH),0,1,0
Nasus/Renekton (SH),Malphite/Yasuo (IO/MT),0,1,0
Nasus/Renekton (SH),Gnar/Swain (BC/NX),0,1,0
Nasus/Renekton (SH),Senna/Swain (NX/SI),0,1,0
Anivia (FR/SI),Norra (BC/NX),0,1,0
Elder Dragon/Ornn/Volibear (RU/FR),Anivia (FR/SI),0,1,0
Elder Dragon/Garen (RU/DE),Anivia (FR/SI),0,1,0
Championless (SI),Anivia (FR/SI),0,1,0
Elise/Hecarim (BW/SI),Elder Dragon/Volibear (RU/FR),0,1,0
Aatrox/Kayn (RU/RU),Senna (PZ/SI),0,1,0
Senna (PZ/SI),Darius/Zed (IO/NX),0,1,0
Aphelios/Gnar (FR/MT),Senna (PZ/SI),0,1,0
Senna (PZ/SI),Elise (FR/SI),0,1,0
Senna (PZ/SI),Nilah/Twisted Fate (BW/PZ),0,1,0
Braum/Karma (FR/IO),Karma/Sett (FR/IO),0,1,0
Aurelion Sol/Elder Dragon (RU/MT),Annie/Gwen (NX/SI),0,1,0
Ashe/LeBlanc (FR/NX),Aurelion Sol/Elder Dragon (RU/MT),0,1,0
Norra/Poppy (BC/NX),Karma/Sett (FR/IO),0,1,0
Aurelion Sol/Elder Dragon (RU/MT),Aatrox (RU/BW),0,1,0
Aurelion Sol/Elder Dragon (RU/MT),Zoe (MT/PZ),0,1,0
Kindred/Viego (IO/SI),Aphelios/Zoe (IO/MT),0,1,0
Braum/Yuumi (FR/MT),Aphelios/Zoe (IO/MT),0,1,0
Akshan (FR/SH),Aphelios/Zoe (IO/MT),0,1,0
Senna/Veigar (BC/SI),Aphelios/Zoe (IO/MT),0,1,0
Hecarim/Lucian (DE/SI),Aphelios/Zoe (IO/MT),0,1,0
Aphelios/Zoe (IO/MT),Katarina/Thresh (NX/SI),0,1,0
Anivia/Mordekaiser (FR/SI),Aphelios/Zoe (IO/MT),0,1,0
Garen/Quinn (DE/MT),Aphelios/Zoe (IO/MT),0,1,0
Aphelios/Zoe (IO/MT),Pyke/Rek'Sai (BW/SH),0,1,0
Karma/Sett (FR/IO),Aphelios/Zoe (IO/MT),0,1,0
Aphelios/Zoe (IO/MT),Ashe/Tahm Kench (BW/FR),0,1,0
Aphelios/Zoe (IO/MT),Karma/Master Yi (IO/SH),0,1,0
Akshan/Kai'Sa (IO/SH),Aphelios/Zoe (IO/MT),0,1,0
Lee Sin/Viktor (IO/PZ),Aphelios/Zoe (IO/MT),0,1,0
Aphelios/Zoe (IO/MT),Lillia/Lux: Illuminated (DE/IO),0,1,0
Karma/Master Yi (IO/SH),Elder Dragon/Volibear (RU/FR),0,1,0
Mordekaiser (NX/SI),Elder Dragon/Volibear (RU/FR),0,1,0
Aurelion Sol/Lissandra/Trundle (FR/MT),Elder Dragon/Volibear (RU/FR),0,1,0
Elder Dragon/Volibear (RU/FR),LeBlanc/Mordekaiser (FR/NX),0,1,0
Aphelios/Sett (IO/MT),Elder Dragon/Volibear (RU/FR),0,1,0
Aurelion Sol/Elder Dragon/Zoe (RU/MT),Elder Dragon/Volibear (RU/FR),0,1,0
Norra/Viego (BC/SI),Elder Dragon/Volibear (RU/FR),0,1,0
Udyr (FR/MT),Elder Dragon/Volibear (RU/FR),0,1,0
Gwen/Viego (IO/SI),Elder Dragon/Volibear (RU/FR),0,1,0
Master Yi/Taric (IO/MT),Kayle/Yuumi (FR/MT),0,1,0
Master Yi/Vayne (DE/IO),Master Yi/Taric (IO/MT),0,1,0
Senna/Veigar (BC/SI),Master Yi/Taric (IO/MT),0,1,0
Master Yi/Taric (IO/MT),Kalista/Viego/Zed (IO/SI),0,1,0
Lux/Nami (BW/DE),Master Yi/Taric (IO/MT),0,1,0
Yasuo (IO/NX),Ezreal/Seraphine (IO/PZ),0,1,0
Pantheon/Taric (DE/MT),Ezreal/Seraphine (IO/PZ),0,1,0
Aurelion Sol/Mordekaiser (MT/SI),Pyke/Rek'Sai (BW/SH),0,1,0
Annie/Jhin (RU/NX),LeBlanc (FR/NX),0,1,0
Caitlyn/Teemo (BC/PZ),Hecarim/Irelia (IO/SI),0,1,0
Kalista/Sion (NX/SI),Kalista/Maokai (FR/SI),0,1,0
Darius/Gnar (FR/NX),Kalista/Sion (NX/SI),0,1,0
Kalista/Sion (NX/SI),Championless (SI),0,1,0
Kalista/Sion (NX/SI),Nasus/Thresh (SI/SH),0,1,0
Swain/Yasuo (IO/NX),LeBlanc/Lillia (IO/NX),0,1,0
Karma/The Poro King (IO/RU),Annie/Jhin (RU/NX),0,1,0
Aphelios/Zoe (MT),Karma/The Poro King (IO/RU),0,1,0
Fiora/Shen (DE/IO),Braum/Viego (FR/SI),0,1,0
Kayle/The Poro King (MT/RU),Braum/Viego (FR/SI),0,1,0
Karma/Sett (FR/IO),Braum/Viego (FR/SI),0,1,0
Braum/Viego (FR/SI),Annie/Jhin (RU/NX),0,1,0
Senna/Veigar (BC/SI),Braum/Viego (FR/SI),0,1,0
Jax/Ornn (FR/RU),Aphelios/Viktor (MT/PZ),0,1,0
Jax/Vayne (DE/RU),Aphelios/Viktor (MT/PZ),0,1,0
Gnar/Renekton (FR/SH),Aphelios/Viktor (MT/PZ),0,1,0
Hecarim/Zed (IO/SI),Braum/The Poro King (FR/RU),0,1,0
Hecarim/Zed (IO/SI),Morgana/Vex (BC/DE),0,1,0
Neeko/Poppy (DE/RU),Azir/Irelia (IO/SH),0,1,0
Elise/Viego (NX/SI),Azir/Irelia (IO/SH),0,1,0
Viktor (BC/PZ),Karma/Sett (IO/PZ),0,1,0
Teemo (BC/FR),Karma/Sett (IO/PZ),0,1,0
Viego (IO/SI),Ezreal/Swain (NX/PZ),0,1,0
Viego (IO/SI),Draven/Jinx (NX/PZ),0,1,0
Ryze (IO/RU),Hecarim/Zed (IO/SI),0,1,0
Caitlyn/Swain (NX/PZ),Karma/Sett (IO/PZ),0,1,0
Karma/Sett (IO/PZ),Xerath/Zilean (PZ/SH),0,1,0
Karma/Sett (IO/PZ),Elder Dragon/Lissandra/Ornn (RU/FR),0,1,0
Karma/Sett (IO/PZ),Katarina/Norra (BC/NX),0,1,0
Akshan/Master Yi (IO/SH),Braum/Zoe (FR/MT),0,1,0
Karma (DE/IO),Braum/Zoe (FR/MT),0,1,0
Maokai (BW/SI),Braum/Zoe (FR/MT),0,1,0
Ezreal/Swain (NX/PZ),Braum/Zoe (FR/MT),0,1,0
Braum/Zoe (FR/MT),Maokai/Nautilus (BW/SI),0,1,0
Akshan/Kayn (RU/SH),Annie/Gwen (NX/SI),0,1,0
Annie/Gwen (NX/SI),Hecarim/Zed (IO/SI),0,1,0
Elder Dragon/Garen/Jarvan IV (RU/DE),Annie/Gwen (NX/SI),0,1,0
Braum/The Poro King (FR/RU),Annie/Gwen (NX/SI),0,1,0
Viego (IO/SI),Annie/Gwen (NX/SI),0,1,0
Lux: Illuminated/Vex (BC/DE),Annie/Gwen (NX/SI),0,1,0
Annie/Gwen (NX/SI),Taliyah/Zilean (IO/SH),0,1,0
Akshan/Renekton (SH),Taliyah/Zilean (IO/SH),0,1,0
Mordekaiser/Viego (SI),Gangplank/Sejuani (BW/FR),0,1,0
Jack/Sett (BW/IO),Miss Fortune/Twisted Fate (BW/NX),0,1,0
Akshan/Renekton (SH),Maokai/Nautilus (BW/SI),0,1,0
Lulu/Zed (BC/IO),Akshan/Renekton (SH),0,1,0
Kindred/Miss Fortune (BW/SI),Akshan/Renekton (SH),0,1,0
Kalista (SI),Maokai/Nautilus (BW/SI),0,1,0
Kayle/Norra (BC/MT),Elder Dragon/Shyvana (RU/DE),0,1,0
Elder Dragon/Shyvana (RU/DE),Draven/Sion (NX/PZ),0,1,0
Elder Dragon/Shyvana (RU/DE),Gwen/Katarina/Mordekaiser (NX/SI),0,1,0
Ezreal/Nilah (BW/PZ),Braum/Lillia (FR/IO),0,1,0
Championless (FR/NX),Zoe (MT/PZ),0,1,0
Zoe (MT/PZ),Fiora (DE/FR),0,1,0
Championless (SI),Zoe (MT/PZ),0,1,0
Zoe (MT/PZ),Pyke/Rek'Sai (BW/SH),0,1,0
Zoe (MT/PZ),Akshan/Master Yi (IO/SH),0,1,0
Akshan/Zilean (FR/SH),Annie/Jhin (RU/NX),0,1,0
Rumble/Vayne (DE/NX),Kalista (SI),0,1,0
Akshan/Jack (BW/SH),Kalista (SI),0,1,0
Ashe/Fiora (DE/FR),Kindred/Mordekaiser (BC/SI),0,1,0
Pyke/Rek'Sai (BW/SH),Kindred/Mordekaiser (BC/SI),0,1,0
Elder Dragon/Morgana (RU/DE),Kindred/Mordekaiser (BC/SI),0,1,0
Miss Fortune/Quinn (BW/DE),Kindred/Mordekaiser (BC/SI),0,1,0
Heimerdinger/Viktor (IO/PZ),Kindred/Mordekaiser (BC/SI),0,1,0
Yasuo (IO/NX),Kindred/Mordekaiser (BC/SI),0,1,0
Maokai/Nautilus (BW/SI),Kindred/Mordekaiser (BC/SI),0,1,0
Gangplank/Sejuani (BW/FR),Kindred/Mordekaiser (BC/SI),0,1,0
Kindred/Mordekaiser (BC/SI),Janna/Karma/Sett (IO/PZ),0,1,0
Udyr (DE/FR),Kindred/Mordekaiser (BC/SI),0,1,0
Elder Dragon (RU/FR),Kindred/Mordekaiser (BC/SI),0,1,0
LeBlanc (FR/NX),Elder Dragon/Fiora/Morgana (RU/DE),0,1,0
Elder Dragon/Volibear (RU/FR),Master Yi/Vayne (DE/IO),0,1,0
Elise/Norra (BC/SI),Elder Dragon/Morgana/Shyvana (RU/DE),0,1,0
Seraphine/Sett (IO/PZ),Norra (BC/SI),0,1,0
Annie/Gwen (NX/SI),Seraphine/Sett (IO/PZ),0,1,0
Lux: Illuminated/Vex (BC/DE),Gwen/Katarina (NX/SI),0,1,0
Fizz/Seraphine (BC/PZ),Elder Dragon/Volibear (RU/FR),0,1,0
Akshan/Seraphine (PZ/SH),Poppy/Ziggs (BC/NX),0,1,0
Shen/Sivir (IO/SH),Galio/Udyr (DE/FR),0,1,0
Galio/Garen (DE/IO),Ezreal/Seraphine (BC/PZ),0,1,0
Elder Dragon/Shyvana (RU/DE),Galio/Garen (DE/IO),0,1,0
Championless (SI),Galio/Garen (DE/IO),0,1,0
Mordekaiser/Viego (MT/SI),Galio/Garen (DE/IO),0,1,0
Galio/Garen (DE/IO),Aphelios/Zoe (MT),0,1,0
Aurelion Sol/Shyvana (DE/MT),Galio/Garen (DE/IO),0,1,0
Braum/Vladimir (FR/NX),Galio/Garen (DE/IO),0,1,0
Anivia (FR/SI),Galio/Garen (DE/IO),0,1,0
Galio/Garen (DE/IO),Katarina/Lucian (DE/NX),0,1,0
Garen/Miss Fortune/Quinn (BW/DE),Galio/Garen (DE/IO),0,1,0
Hecarim/Lucian (DE/SI),Galio/Garen (DE/IO),0,1,0
Illaoi (BW/IO),Galio/Garen (DE/IO),0,1,0
Master Yi/Samira (IO/NX),Caitlyn/Ezreal (NX/PZ),0,1,0
Ezreal/Senna (PZ/SI),Gnar/Norra (BC/NX),0,1,0
Elise/Norra (BC/SI),Elder Dragon/Volibear (RU/FR),0,1,0
Championless (FR/PZ),Azir/Irelia (IO/SH),0,1,0
Master Yi/Samira (IO/NX),Braum/Vladimir (FR/NX),0,1,0
Braum/Vladimir (FR/NX),Teemo (NX/PZ),0,1,0
Garen/Udyr (DE/FR),Master Yi/Samira (IO/NX),0,1,0
Maokai/Nautilus (BW/SI),Teemo (NX/PZ),0,1,0
Teemo (NX/PZ),Elder Dragon/Mordekaiser/Viego (RU/SI),0,1,0
Master Yi/Samira (IO/NX),Championpile (MT/PZ),0,1,0
Ekko/Zilean (PZ/SH),Master Yi/Samira (IO/NX),0,1,0
Master Yi/Samira (IO/NX),Akshan/Sivir (DE/SH),0,1,0
Azir/Hecarim (SI/SH),Teemo (NX/PZ),0,1,0
Karma/Seraphine (IO/PZ),Hecarim/Thresh (SI),0,1,0
Karma/Seraphine (IO/PZ),Lux: Illuminated/Vex (BC/DE),0,1,0
Nocturne (MT/SI),Miss Fortune/Twisted Fate (BW/NX),0,1,0
Championless (SI),Nocturne (MT/SI),0,1,0
Karma/Seraphine (IO/PZ),Karma/Sett (FR/IO),0,1,0
Braum/Soraka (FR/MT),Mordekaiser/Norra (BC/SI),0,1,0
Mordekaiser/Viego (SI/SH),Mordekaiser/Norra (BC/SI),0,1,0
Mordekaiser/Nasus/Thresh (SI/SH),Mordekaiser/Norra (BC/SI),0,1,0
Illaoi/Renekton (BW/SH),Championless (SI),0,1,0
Janna/Viktor (BC/PZ),Championless (SI),0,1,0
Elder Dragon/Mordekaiser/Viego (RU/SI),Senna (PZ/SI),0,1,0
Morgana/Pantheon (MT/SH),Ezreal/Seraphine (BC/PZ),0,1,0
Karma/Sett (IO/PZ),Ezreal/Seraphine (BC/PZ),0,1,0
Championless (SI/SH),Ezreal/Seraphine (BC/PZ),0,1,0
Leona/Yasuo (IO/MT),Maokai/Nautilus (BW/SI),0,1,0
Ashe (FR/PZ),Nasus/Senna (SI/SH),0,1,0
Akshan/Nasus/Renekton (SH),Maokai/Nautilus (BW/SI),0,1,0
Gnar/Swain (BC/NX),Maokai/Nautilus (BW/SI),0,1,0
Elder Dragon/Seraphine/Viktor (RU/PZ),Elder Dragon/Ornn/Volibear (RU/FR),0,1,0
Championless (FR/PZ),Aphelios/Viktor (MT/PZ),0,1,0
Aphelios/Viktor (MT/PZ),Evelynn/Viego (RU/SI),0,1,0
Norra/Teemo (BC/SI),Braum/Zoe (FR/MT),0,1,0
Braum/Zoe (FR/MT),Lissandra/Trundle (FR/SI),0,1,0
Azir (MT/SH),Braum/Zoe (FR/MT),0,1,0
Braum/Zoe (FR/MT),Nilah/Twisted Fate (BW/MT),0,1,0
Braum/Zoe (FR/MT),Championless (BC/SH),0,1,0
Braum/Zoe (FR/MT),Pantheon/Shyvana (DE/MT),0,1,0
Caitlyn/Norra/Teemo (BC/PZ),Braum/Zoe (FR/MT),0,1,0
Braum/Zoe (FR/MT),Ashe (FR/SI),0,1,0
Braum/Zoe (FR/MT),Katarina/Lucian (DE/NX),0,1,0
Poppy/Ziggs (BC/NX),Braum/Zoe (FR/MT),0,1,0
Annie/Gwen (NX/SI),Elder Dragon/Volibear (RU/FR),0,1,0
Championless (PZ/SI),Master Yi/Nami (BW/IO),0,1,0
Pantheon/Riven (MT/NX),Master Yi/Nami (BW/IO),0,1,0
Elder Dragon/Seraphine/Viktor (RU/PZ),Elise (FR/SI),0,1,0
Elise (FR/SI),Championless (IO/PZ),0,1,0
Shen/Sivir (IO/SH),Elise (FR/SI),0,1,0
Elise (FR/SI),Fizz (BW/FR),0,1,0
Shyvana/Soraka (DE/MT),Caitlyn/Teemo (BC/PZ),0,1,0
Caitlyn/Teemo (BC/PZ),Fiora (DE/SH),0,1,0
Jhin/Kennen (IO/RU),Ryze (RU/SH),0,1,0
Jhin/Kennen (IO/RU),Championpile (DE),0,1,0
Janna/Mordekaiser (PZ/SI),Jhin/Kennen (IO/RU),0,1,0
Elder Dragon/Lissandra/Trundle (RU/FR),Jinx/Lulu (BC/PZ),0,1,0
Hecarim/Zed (IO/SI),Jinx/Lulu (BC/PZ),0,1,0
Jinx/Lulu (BC/PZ),Evelynn/Viego (RU/SI),0,1,0
Ezreal/Swain (NX/PZ),Poppy (BC/NX),0,1,0
Evelynn/Kalista (RU/SI),Poppy (BC/NX),0,1,0
Miss Fortune/Twisted Fate (BW/NX),Poppy (BC/NX),0,1,0
Jax/Ornn (FR/RU),Poppy (BC/NX),0,1,0
Jinx/Zed (IO/PZ),Norra/Teemo (BC/PZ),0,1,0
Championless (NX/SI),Norra/Teemo (BC/PZ),0,1,0
Elder Dragon/Morgana/Shyvana (RU/DE),Norra/Teemo (BC/PZ),0,1,0
Championless (BW/SI),Udyr/Vladimir (FR/NX),0,1,0
Kai'Sa/Mordekaiser (SI/SH),Irelia/Miss Fortune (BW/IO),0,1,0
Miss Fortune/Swain (BW/NX),Irelia/Miss Fortune (BW/IO),0,1,0
Fiora/Sivir (DE/SH),Pyke/Rek'Sai (BW/SH),0,1,0
Swain/Yasuo (IO/NX),Irelia/Miss Fortune (BW/IO),0,1,0
Mordekaiser/Norra (BC/SI),Karma/Sett (FR/IO),0,1,0
Karma/Sett (FR/IO),Ezreal/Senna (PZ/SI),0,1,0
LeBlanc (FR/NX),Karma/Sett (FR/IO),0,1,0
Karma/Sett (FR/IO),Heimerdinger (PZ/SI),0,1,0
Elise/Zed (IO/SI),Karma/Sett (FR/IO),0,1,0
Karma/Sett (FR/IO),Elder Dragon/Mordekaiser/Viego (RU/SI),0,1,0
Lillia (BC/IO),Karma/Sett (FR/IO),0,1,0
Ezreal/Kennen (IO/PZ),Karma/Sett (FR/IO),0,1,0
Trundle/Volibear (FR/IO),Miss Fortune/Twisted Fate (BW/NX),0,1,0
Trundle/Volibear (FR/IO),Azir/Irelia (IO/SH),0,1,0
Rumble/Vayne (DE/NX),Trundle/Volibear (FR/IO),0,1,0
Jack/Sett (BW/IO),Trundle/Volibear (FR/IO),0,1,0
Bard/Teemo (RU/PZ),Nilah/Twisted Fate (BW/PZ),0,1,0
Trundle/Volibear (FR/IO),Lee Sin/Viktor (IO/PZ),0,1,0
Viktor/Zilean (PZ/SH),Trundle/Volibear (FR/IO),0,1,0
Trundle/Volibear (FR/IO),Galio/Garen (DE/IO),0,1,0
Trundle/Volibear (FR/IO),Aurelion Sol/Elder Dragon (RU/MT),0,1,0
Xerath/Ziggs (BC/SH),Trundle/Volibear (FR/IO),0,1,0
Lux: Illuminated/Shen (DE/IO),Trundle/Volibear (FR/IO),0,1,0
Fizz (BW/SH),Trundle/Volibear (FR/IO),0,1,0
Aurelion Sol/Zoe (MT),Trundle/Volibear (FR/IO),0,1,0
Jinx/Sion (NX/PZ),Trundle/Volibear (FR/IO),0,1,0
Kindred/Mordekaiser (BC/SI),Trundle/Volibear (FR/IO),0,1,0
Championpile (DE/FR),Trundle/Volibear (FR/IO),0,1,0
The Poro King (RU/SI),Yasuo (IO/NX),0,1,0
Karma/Ryze (IO/RU),Zed (IO/NX),0,1,0
Aurelion Sol/Zoe (MT),Championless (PZ/SI),0,1,0
Akshan (FR/SH),Championless (PZ/SI),0,1,0
Gwen/Kennen (IO/SI),Championless (PZ/SI),0,1,0
Championless (FR),Malphite/Taliyah (MT/SH),0,1,0
Azir/Irelia (IO/SH),Championless (FR),0,1,0
Teemo (BC/PZ),Jhin/Kennen (IO/RU),0,1,0
Twisted Fate (BW/PZ),Elder Dragon/Trundle (RU/FR),0,1,0
Pyke/Rek'Sai (BW/SH),Elder Dragon/Trundle (RU/FR),0,1,0
Elder Dragon/Trundle (RU/FR),Lux: Illuminated/Vex (BC/DE),0,1,0
Championless (PZ/SI),Elder Dragon/Trundle (RU/FR),0,1,0
Championless (PZ/SI),Shyvana/Taric (DE/MT),0,1,0
Udyr (FR),Norra/Swain (BC/NX),0,1,0
Illaoi (BW/IO),Norra/Swain (BC/NX),0,1,0
Norra/Swain (BC/NX),Mordekaiser/Viego (SI/SH),0,1,0
Morgana/Vex (BC/DE),Norra/Swain (BC/NX),0,1,0
Gnar/Teemo (BC/PZ),Norra/Swain (BC/NX),0,1,0
Akshan/Taliyah/Zilean (IO/SH),Norra/Swain (BC/NX),0,1,0
Annie/Jhin/Swain (RU/NX),Norra/Swain (BC/NX),0,1,0
Aurelion Sol/Tryndamere (FR/MT),Norra/Swain (BC/NX),0,1,0
Elder Dragon/Norra/Vex (RU/BC),Norra/Swain (BC/NX),0,1,0
Championless (IO/SI),Nilah/Twisted Fate (BW/PZ),0,1,0
Mordekaiser/Senna (DE/SI),Lee Sin/Viktor (IO/PZ),0,1,0
Norra (BC/MT),Lee Sin/Viktor (IO/PZ),0,1,0
Ekko (BC/PZ),Lee Sin/Viktor (IO/PZ),0,1,0
Swain/Vladimir (FR/NX),Viego (IO/SI),0,1,0
Karma/Sett (FR/IO),Lee Sin/Viktor (IO/PZ),0,1,0
Lee Sin/Viktor (IO/PZ),Aatrox (RU/BW),0,1,0
Rumble (BC/MT),Braum/Vladimir (FR/NX),0,1,0
Kayle (BW/MT),Rumble (BC/MT),0,1,0
Lee Sin/Viktor (IO/PZ),Rumble (BC/MT),0,1,0
Galio/Udyr (DE/FR),Jax/Ornn (FR/RU),0,1,0
Galio/Udyr (DE/FR),Janna/Sett (IO/PZ),0,1,0
Kindred/Viego (SI),Norra (BC/FR),0,1,0
Norra (BC/FR),Trundle/Volibear (DE/FR),0,1,0
Norra (BC/FR),Sejuani/Teemo (BC/FR),0,1,0
Hecarim/Lucian (DE/SI),Norra (BC/FR),0,1,0
Norra (BC/FR),Elder Dragon (RU/FR),0,1,0
Aurelion Sol (FR/MT),Norra (BC/FR),0,1,0
Ashe/LeBlanc (FR/NX),Norra (BC/FR),0,1,0
Azir/Irelia (IO/SH),Norra (BC/FR),0,1,0
Norra (BC/FR),Zoe (IO/MT),0,1,0
Taliyah/Zilean (IO/SH),Aurelion Sol/Zoe (MT),0,1,0
Taliyah/Zilean (IO/SH),Heimerdinger/Viktor (BC/PZ),0,1,0
Galio/Udyr (DE/FR),Nasus/Renekton (SH),0,1,0
Yasuo (IO/NX),Jayce/Lux (DE/PZ),0,1,0
Shyvana (DE/MT),Yasuo (IO/NX),0,1,0
Braum/Lillia (FR/IO),Yasuo (IO/NX),0,1,0
Aatrox/Morgana/Vayne (RU/DE),Yasuo (IO/NX),0,1,0
Akshan/Master Yi (IO/SH),Darius/Elise (NX/SI),0,1,0
Akshan/Master Yi (IO/SH),Annie/Jhin/Swain (RU/NX),0,1,0
Akshan/Lillia (IO/SH),Annie/Jhin (RU/NX),0,1,0
Azir/Irelia (IO/SH),Akshan/Lillia (IO/SH),0,1,0
Lillia/Viktor (IO/PZ),Championless (SI),0,1,0
Karma/Tryndamere (FR/IO),Elder Dragon/Elise (RU/SI),0,1,0
Master Yi/Ornn (FR/IO),Samira (BW/NX),0,1,0
Aurelion Sol (FR/MT),Elder Dragon/Elise (RU/SI),0,1,0
Elder Dragon (RU/FR),Poppy/Ziggs (BC/NX),0,1,0
Annie/Zed (IO/NX),Poppy/Ziggs (BC/NX),0,1,0
Jax/Ornn (FR/RU),Poppy/Ziggs (BC/NX),0,1,0
Soraka/Vladimir (MT/NX),Poppy/Ziggs (BC/NX),0,1,0
Maokai/Nautilus (BW/SI),Poppy/Ziggs (BC/NX),0,1,0
Caitlyn/Swain (NX/PZ),Poppy/Ziggs (BC/NX),0,1,0
Akshan/Elder Dragon (RU/SH),Poppy/Ziggs (BC/NX),0,1,0
Elder Dragon/Fiora/Morgana (RU/DE),Elder Dragon/Volibear (RU/FR),0,1,0
Taliyah/Ziggs (BC/SH),Elder Dragon/Fiora/Morgana (RU/DE),0,1,0
Akshan (FR/SH),Elder Dragon/Fiora/Morgana (RU/DE),0,1,0
Pyke/Rek'Sai (BW/SH),Elder Dragon/Fiora/Morgana (RU/DE),0,1,0
Gwen/Kalista (SI),Poppy/Taric (DE/MT),0,1,0
Jack/Sett (BW/IO),Poppy/Taric (DE/MT),0,1,0
Braum/Vladimir (FR/NX),Ashe/LeBlanc (FR/NX),0,1,0
Caitlyn (BC/PZ),Braum/Vladimir (FR/NX),0,1,0
Riven/Viktor (NX/PZ),Braum/Vladimir (FR/NX),0,1,0
Senna/Veigar (BC/SI),Jayce (PZ/SI),0,1,0
Kayle (BW/MT),Annie/Jhin (RU/NX),0,1,0
Annie/Jhin (RU/NX),Viktor (BW/PZ),0,1,0
Gwen/Nidalee (SI/SH),Lee Sin/Viktor (IO/PZ),0,1,0
Gwen/Nidalee (SI/SH),Nasus (SI/SH),0,1,0
LeBlanc/Lillia (IO/NX),Gwen/Nidalee (SI/SH),0,1,0
Evelynn/Kai'Sa (RU/SH),Azir/Xerath (SH),0,1,0
Jack/Samira (BW/NX),Evelynn/Kai'Sa (RU/SH),0,1,0
Maokai/Nautilus (BW/SI),Evelynn/Kai'Sa (RU/SH),0,1,0
Evelynn/Kai'Sa (RU/SH),Mordekaiser/Viego (IO/SI),0,1,0
Pantheon/Yuumi (BC/MT),Miss Fortune/Twisted Fate (BW/NX),0,1,0
Miss Fortune/Twisted Fate (BW/NX),Zed (IO/MT),0,1,0
Irelia/Master Yi (DE/IO),Miss Fortune/Twisted Fate (BW/NX),0,1,0
Aurelion Sol/Garen (DE/MT),Miss Fortune/Twisted Fate (BW/NX),0,1,0
Aatrox/Morgana/Vayne (RU/DE),Miss Fortune/Twisted Fate (BW/NX),0,1,0
Championless (DE/PZ),Mordekaiser/Viego (IO/SI),0,1,0
Caitlyn/Teemo (BC/PZ),Championless (DE/PZ),0,1,0
Championless (DE/PZ),Lux: Illuminated/Shen (DE/IO),0,1,0
Bard/Norra (BC/RU),Championless (DE/PZ),0,1,0
Championless (DE/PZ),Kindred/Viego (BC/SI),0,1,0
Ziggs (BC/SI),Championless (DE/PZ),0,1,0
Aphelios/Lux (DE/MT),Championless (DE/PZ),0,1,0
Championless (BC/SI),Lillia/Sett (BC/IO),0,1,0
Akshan/Udyr (FR/SH),Elder Dragon/Volibear (RU/FR),0,1,0
Lux: Illuminated/Rumble/Vex (BC/DE),Azir/Irelia (IO/SH),0,1,0
Jhin/Kennen (IO/RU),Azir/Xerath (SH),0,1,0
Elder Dragon/Ornn/Tryndamere/Volibear (RU/FR),Jhin/Kennen (IO/RU),0,1,0
Gwen/Master Yi (IO/SI),Jhin/Kennen (IO/RU),0,1,0
Jarvan IV/Shen (DE/IO),Jhin/Kennen (IO/RU),0,1,0
Bard/Evelynn (RU/RU),Jhin/Kennen (IO/RU),0,1,0
Akshan/Udyr (FR/SH),Jhin/Kennen (IO/RU),0,1,0
Akshan/Lee Sin (IO/SH),Ryze (IO/RU),0,1,0
Norra/Zoe (BC/MT),Akshan/Lee Sin (IO/SH),0,1,0
Poppy/Taric (DE/MT),Garen (DE/IO),0,1,0
Championpile (DE/MT),Garen (DE/IO),0,1,0
Championpile (DE/MT),Ashe/Jayce (FR/PZ),0,1,0
Ashe/Jayce (FR/PZ),LeBlanc/Udyr (FR/NX),0,1,0
Ashe/Jayce (FR/PZ),Lillia/Viktor (IO/PZ),0,1,0
Gangplank (BW/FR),Tahm Kench/Taric (BW/MT),0,1,0
Elder Dragon/Volibear (RU/FR),Norra/Trundle (BC/FR),0,1,0
Norra/Trundle (BC/FR),Azir/Lucian (DE/SH),0,1,0
Norra/Trundle (BC/FR),Gnar/Kai'Sa (BC/SH),0,1,0
Gangplank/Twisted Fate (BW/SI),Norra/Teemo (BC/SI),0,1,0
Azir/Xerath (SH),Braum/Zoe (FR/MT),0,1,0
Shyvana/Taric (DE/MT),Braum/Zoe (FR/MT),0,1,0
Kalista/Maokai (PZ/SI),Braum/Zoe (FR/MT),0,1,0
Championless (FR/PZ),Braum/Zoe (FR/MT),0,1,0
Katarina/Taliyah (NX/SH),Braum/Zoe (FR/MT),0,1,0
Aatrox/Vayne (RU/DE),Braum/Zoe (FR/MT),0,1,0
Akshan/Sivir (FR/SH),Aatrox/Kayn (RU/RU),0,1,0
Ornn/Pantheon (FR/MT),Akshan/Sivir (FR/SH),0,1,0
Janna/Samira (NX/PZ),Akshan/Sivir (FR/SH),0,1,0
Bard/Twisted Fate (RU/BW),Akshan/Sivir (FR/SH),0,1,0
Aatrox/Vayne (RU/DE),Akshan/Sivir (FR/SH),0,1,0
Akshan/Sivir (FR/SH),Trundle/Volibear (DE/FR),0,1,0
Akshan/Sivir (FR/SH),Taliyah/Zilean (IO/SH),0,1,0
Hecarim/Zed (IO/SI),Akshan/Sivir (FR/SH),0,1,0
Akshan/Sivir (FR/SH),Aphelios/Zoe (MT),0,1,0
Gangplank/Gnar (BC/BW),Akshan/Sivir (FR/SH),0,1,0
Taric/Yasuo (IO/MT),Taliyah/Zilean (IO/SH),0,1,0
Evelynn/Kalista (RU/SI),Pyke/Rek'Sai (BW/SH),0,1,0
Aurelion Sol/Zoe (MT/PZ),Pyke/Rek'Sai (BW/SH),0,1,0
The Poro King (BW/RU),Pyke/Rek'Sai (BW/SH),0,1,0
Caitlyn/Teemo (BC/PZ),Jayce (MT/PZ),0,1,0
Jhin/Vex (BC/RU),Elder Dragon/Volibear (RU/FR),0,1,0
The Poro King (FR/RU),Nilah/Twisted Fate (BW/PZ),0,1,0
Aurelion Sol/Shyvana/Zoe (DE/MT),Nilah/Twisted Fate (BW/PZ),0,1,0
The Poro King (NX/RU),Nilah/Twisted Fate (BW/PZ),0,1,0
Leona/Yasuo (IO/MT),Zoe (MT/PZ),0,1,0
Jayce (PZ/SI),Maokai/Nautilus (BW/SI),0,1,0
Braum/The Poro King (FR/RU),Elder Dragon (RU/FR),0,1,0
Poppy/Ziggs (BC/NX),Braum/The Poro King (FR/RU),0,1,0
Hecarim/Irelia (IO/SI),Braum/The Poro King (FR/RU),0,1,0
Championless (SI),Braum/The Poro King (FR/RU),0,1,0
Azir/Irelia (IO/SH),The Poro King (RU/SI),0,1,0
Mordekaiser/Viego (SI/SH),Draven/Jinx (NX/PZ),0,1,0
Draven/Rumble (BC/NX),Senna/Veigar (BC/SI),0,1,0
Draven/Viktor (NX/PZ),Draven/Jinx (NX/PZ),0,1,0
Akshan (FR/SH),Azir/Irelia (IO/SH),0,1,0
Ashe (FR/SI),Azir/Irelia (IO/SH),0,1,0
Bard (RU/IO),Elder Dragon/Volibear (RU/FR),0,1,0
Akshan/Renekton (SH),Azir/Irelia (IO/SH),0,1,0
Akshan/Garen (DE/SH),Azir/Irelia (IO/SH),0,1,0
Elder Dragon/Volibear (RU/FR),Miss Fortune/Quinn (BW/DE),0,1,0
Pyke/Rek'Sai (BW/SH),Norra/Poppy (BC/NX),0,1,0
Bard (RU/NX),Karma/Sett (IO/PZ),0,1,0
Bard (RU/IO),Karma/Seraphine/Sett (IO/PZ),0,1,0
Darius/LeBlanc (FR/NX),Gnar (BC/PZ),0,1,0
Bard (RU/PZ),Norra/Zoe (BC/MT),0,1,0
Mordekaiser/Norra (BC/SI),Norra (BC/PZ),0,1,0
Bard (RU/NX),Elder Dragon (RU/FR),0,1,0
Darius/Miss Fortune (BW/NX),Bard (RU/NX),0,1,0
Bard (RU/PZ),Aphelios/Seraphine/Zoe (MT/PZ),0,1,0
Bard (RU/PZ),Yasuo/Zed (IO/NX),0,1,0
Yasuo (IO/MT),Bard (RU/PZ),0,1,0
Bard/Caitlyn (RU/PZ),Katarina (FR/NX),0,1,0
Fiora/Shen (DE/IO),Bard/Caitlyn (RU/PZ),0,1,0
Bard/Caitlyn (RU/PZ),Elder Dragon/Volibear (RU/FR),0,1,0
Janna/Karma (IO/PZ),Bard/Caitlyn (RU/PZ),0,1,0
Jack/Sett (BW/IO),Jax/Ornn (FR/RU),0,1,0
Mordekaiser/Thresh (NX/SI),Jack/Sett (BW/IO),0,1,0
Jack/Sett (BW/IO),Heimerdinger/Jayce (PZ/SI),0,1,0
Jack/Sett (BW/IO),Lux: Illuminated/Vex (BC/DE),0,1,0
Jack/Sett (BW/IO),Jayce/Lux (DE/PZ),0,1,0
Aurelion Sol/Trundle (FR/MT),Jack/Sett (BW/IO),0,1,0
Ezreal/Seraphine (BC/PZ),Jack/Sett (BW/IO),0,1,0
Nasus/Renekton (SH),Miss Fortune/Twisted Fate (BW/NX),0,1,0
Miss Fortune/Twisted Fate (BW/NX),Aatrox/Kayn (RU/RU),0,1,0
Hecarim/Zed (IO/SI),Miss Fortune/Twisted Fate (BW/NX),0,1,0
Kindred/Mordekaiser/Viego (IO/SI),Miss Fortune/Twisted Fate (BW/NX),0,1,0
Teemo/Tristana (BC/SI),Karma/Sett (FR/IO),0,1,0
Teemo/Tristana (BC/SI),Championless (SI),0,1,0
Miss Fortune/Twisted Fate (BW/NX),Teemo/Tristana (BC/SI),0,1,0
Master Yi/Zoe (IO/MT),Teemo/Tristana (BC/SI),0,1,0
Championless (NX/SI),Teemo/Tristana (BC/SI),0,1,0
The Poro King (BW/RU),Teemo/Tristana (BC/SI),0,1,0
Azir/Hecarim (SI/SH),Jinx/Teemo (BW/PZ),0,1,0
Katarina/Thresh (NX/SI),Azir/Hecarim (SI/SH),0,1,0
Azir/Hecarim (SI/SH),Shen/Zed (DE/IO),0,1,0
Braum/Elise (FR/SI),Azir/Hecarim (SI/SH),0,1,0
Azir/Hecarim (SI/SH),Aurelion Sol/Volibear (FR/MT),0,1,0
Viktor (BC/PZ),Azir/Hecarim (SI/SH),0,1,0
Braum/Karma (FR/IO),Azir/Hecarim (SI/SH),0,1,0
Championless (PZ/SI),Azir/Hecarim (SI/SH),0,1,0
Trundle/Volibear (DE/FR),Azir/Hecarim (SI/SH),0,1,0
Azir/Hecarim (SI/SH),Fiora (DE/FR),0,1,0
Azir/Hecarim (SI/SH),Aurelion Sol/Thresh (MT/SI),0,1,0
Evelynn/Lucian (DE/RU),Azir/Hecarim (SI/SH),0,1,0
Fiora (DE/SH),Master Yi/Morgana (DE/IO),0,1,0
Ziggs (BC/SH),Zoe (MT/PZ),0,1,0
Viktor/Zilean (PZ/SH),Jax/Vi (RU/PZ),0,1,0
Janna/Nami/Nilah (BW/PZ),Jax/Vi (RU/PZ),0,1,0
Jax/Vi (RU/PZ),Lillia (BC/IO),0,1,0
Jax/Vi (RU/PZ),Hecarim/Zed (IO/SI),0,1,0
Zoe (IO/MT),Jax/Vi (RU/PZ),0,1,0
Jinx/Lulu (BC/PZ),Azir/Fizz (BW/SH),0,1,0
Fiora (DE/SH),Jax/Vi (RU/PZ),0,1,0
Udyr/Vladimir (FR/NX),Ashe/LeBlanc (FR/NX),0,1,0
Norra (BC/SI),Gwen/Katarina (NX/SI),0,1,0
Braum/Lillia (FR/IO),Gwen/Katarina (NX/SI),0,1,0
Taliyah/Zilean (IO/SH),Gwen/Katarina (NX/SI),0,1,0
Nasus/Viego (SI/SH),Gwen/Katarina (NX/SI),0,1,0
Gwen/Katarina (NX/SI),Gangplank/Sejuani (BW/FR),0,1,0
Norra/Swain (BC/NX),Poppy/Ziggs (BC/NX),0,1,0
Annie/Jhin/Swain (RU/NX),Jax/Ornn (FR/RU),0,1,0
Aurelion Sol/Tryndamere (FR/MT),Annie/Jhin/Swain (RU/NX),0,1,0
Teemo/Tristana (BC/NX),Annie/Jhin/Swain (RU/NX),0,1,0
Teemo/Tristana (BC/NX),Elise/Kalista (NX/SI),0,1,0
Championless (FR/PZ),Teemo/Tristana (BC/NX),0,1,0
Jax/Ornn (FR/RU),Kayle (BW/MT),0,1,0
Jax/Ornn (FR/RU),Maokai/Nautilus (BW/SI),0,1,0
Janna/Ryze (PZ/RU),Jax/Ornn (FR/RU),0,1,0
Jax/Ornn (FR/RU),Ashe (FR/NX),0,1,0
Galio/Udyr (DE/FR),Championless (SI),0,1,0
Ezreal/Seraphine (BC/PZ),Evelynn/The Poro King (RU/RU),0,1,0
Norra/Zoe (BC/MT),Evelynn (BW/RU),0,1,0
Ezreal (PZ/SI),Elder Dragon/Elise (RU/SI),0,1,0
Illaoi/Jarvan IV (BW/DE),Nilah/Twisted Fate (BW/PZ),0,1,0
Ryze (RU/SH),Norra/Zoe (BC/MT),0,1,0
Heimerdinger/Seraphine/Viktor (IO/PZ),Braum/Lillia (FR/IO),0,1,0
Fiora (DE/SH),Heimerdinger/Seraphine/Viktor (IO/PZ),0,1,0
Heimerdinger/Seraphine/Viktor (IO/PZ),Azir/Irelia (IO/SH),0,1,0
Heimerdinger/Seraphine/Viktor (IO/PZ),Janna (NX/PZ),0,1,0
Aphelios/Yasuo (IO/MT),Heimerdinger/Seraphine/Viktor (IO/PZ),0,1,0
Akshan/Master Yi (IO/SH),Norra/Teemo (BC/PZ),0,1,0
Ekko (BC/PZ),Pyke/Rek'Sai (BW/SH),0,1,0
Ekko (BC/PZ),Annie/Gwen (NX/SI),0,1,0
Ekko (BC/PZ),Elder Dragon/Volibear (RU/FR),0,1,0
Elder Dragon/Volibear (RU/FR),Kai'Sa/Lux: Illuminated (DE/SH),0,1,0
Irelia/Zed (IO/NX),Elder Dragon/Volibear (RU/FR),0,1,0
Elder Dragon/Volibear (RU/FR),Fizz/Samira (BW/NX),0,1,0
Fizz/Samira (BC/NX),Caitlyn/Teemo (BC/PZ),0,1,0
Fiora (DE/FR),Heimerdinger/Jayce (PZ/SI),0,1,0
Taliyah/Ziggs (BC/SH),Caitlyn/Teemo (BC/PZ),0,1,0
Elder Dragon/Norra/Vex (RU/BC),Caitlyn/Teemo (BC/PZ),0,1,0
Jarvan IV/Vex (BC/DE),Samira (BW/NX),0,1,0
Hecarim/Zed (IO/SI),Morgana/Riven (MT/NX),0,1,0
Akshan (FR/SH),Hecarim/Zed (IO/SI),0,1,0
Jinx/Zed (IO/PZ),Hecarim/Zed (IO/SI),0,1,0
Mordekaiser/Norra (BC/SI),Hecarim/Zed (IO/SI),0,1,0
Hecarim/Zed (IO/SI),Elise/Kalista (NX/SI),0,1,0
Hecarim/Zed (IO/SI),Soraka/Tahm Kench (BW/MT),0,1,0
Annie/Ezreal (NX/PZ),Hecarim/Zed (IO/SI),0,1,0
Elder Dragon (RU/FR),Hecarim/Zed (IO/SI),0,1,0
Championless (PZ/SI),Hecarim/Zed (IO/SI),0,1,0
Hecarim/Zed (IO/SI),Bard/Norra (BC/RU),0,1,0
Ezreal/Janna (PZ/SI),Hecarim/Zed (IO/SI),0,1,0
Hecarim/Zed (IO/SI),Braum/Udyr (DE/FR),0,1,0
Katarina (NX/SI),Hecarim/Zed (IO/SI),0,1,0
Ekko/Zilean (PZ/SH),Janna/Sejuani (FR/PZ),0,1,0
Soraka/Tahm Kench (BW/MT),Neeko/Poppy (DE/RU),0,1,0
Gnar/Neeko (FR/RU),Azir/Irelia (IO/SH),0,1,0
Thresh/Viego (IO/SI),Azir/Irelia (IO/SH),0,1,0
Braum/Elder Dragon/Gnar (RU/FR),Azir/Irelia (IO/SH),0,1,0
Caitlyn (BC/PZ),Caitlyn/Trundle (FR/PZ),0,1,0
Yuumi/Zoe (FR/MT),Caitlyn/Trundle (FR/PZ),0,1,0
Caitlyn/Teemo (BC/PZ),Caitlyn/Trundle (FR/PZ),0,1,0
Caitlyn/Trundle (FR/PZ),Fiora (DE/FR),0,1,0
Norra/Teemo (BC/MT),Caitlyn/Trundle (FR/PZ),0,1,0
Lissandra/Trundle (FR/SI),Aurelion Sol/Zoe (MT),0,1,0
Jax/Ornn (FR/RU),Rumble/Sion (BC/NX),0,1,0
Malphite/Taliyah (MT/SH),Jhin/Norra (BC/RU),0,1,0
Tahm Kench/Taric (BW/MT),Aphelios/Viktor (MT/PZ),0,1,0
Rumble/Sion (BC/NX),Taric (DE/MT),0,1,0
Janna (PZ/SH),Rumble/Sion (BC/NX),0,1,0
Aphelios/Viktor (MT/PZ),Shyvana (DE/MT),0,1,0
Taric (DE/MT),Aatrox/Kayn (RU/RU),0,1,0
Garen/Tryndamere (DE/FR),Jhin/Norra (BC/RU),0,1,0
Janna/Senna (PZ/SI),Aatrox/Kayn (RU/RU),0,1,0
Veigar (BC/SI),Jayce/Lux (DE/PZ),0,1,0
Veigar (BC/SI),Garen (DE/FR),0,1,0
Ashe/LeBlanc (FR/NX),Poppy/Taric (DE/MT),0,1,0
Ashe/LeBlanc (FR/NX),Jayce (PZ/SI),0,1,0
Norra (BC),Maokai/Nautilus (BW/SI),0,1,0
Lee Sin/Viktor (IO/PZ),Annie/Jhin (RU/NX),0,1,0
Jarvan IV (DE),Lux: Illuminated/Vex (BC/DE),0,1,0
Braum/Lillia (FR/IO),Lux: Illuminated/Vex (BC/DE),0,1,0
Lux: Illuminated/Vex (BC/DE),Gnar/Nidalee (BC/SH),0,1,0
Lux: Illuminated/Vex (BC/DE),Kalista/Nocturne (NX/SI),0,1,0
Taliyah/Zilean (SH),Lux: Illuminated/Vex (BC/DE),0,1,0
Miss Fortune (BW/FR),Lux: Illuminated/Vex (BC/DE),0,1,0
Aurelion Sol/Trundle (FR/MT),Lux: Illuminated/Vex (BC/DE),0,1,0
Championpile (SH),Lux: Illuminated/Vex (BC/DE),0,1,0
Aphelios/Lee Sin (IO/MT),Lux: Illuminated/Vex (BC/DE),0,1,0
Lux: Illuminated/Vex (BC/DE),Katarina/Yasuo (IO/NX),0,1,0
Darius/Garen/LeBlanc (DE/NX),Lux: Illuminated/Vex (BC/DE),0,1,0
Lux: Illuminated/Vex (BC/DE),Heimerdinger/Viktor (IO/PZ),0,1,0
Teemo/Zoe (MT/PZ),Lux: Illuminated/Vex (BC/DE),0,1,0
Malphite (MT/SH),Lux: Illuminated/Vex (BC/DE),0,1,0
Swain/Yasuo (IO/NX),Annie/Taliyah (NX/SH),0,1,0
Annie/Taliyah (NX/SH),Viego (NX/SI),0,1,0
Annie/Taliyah (NX/SH),Ekko/Janna (BC/PZ),0,1,0
Teemo/Zed (IO/PZ),Annie/Taliyah (NX/SH),0,1,0
Evelynn/Kai'Sa (RU/SH),Annie/Taliyah (NX/SH),0,1,0
Hecarim (SI),Annie/Taliyah (NX/SH),0,1,0
Renekton/Xerath/Zilean (SH),Annie/Taliyah (NX/SH),0,1,0
Annie/Taliyah (NX/SH),Yasuo/Yuumi (BC/IO),0,1,0
Annie/Taliyah (NX/SH),Aurelion Sol/Thresh (MT/SI),0,1,0
Annie/Taliyah (NX/SH),Fiora/Shen (DE/IO),0,1,0
Ashe/Zed (FR/IO),Annie/Taliyah (NX/SH),0,1,0
Ekko (PZ/SH),Annie/Taliyah (NX/SH),0,1,0
Evelynn (RU/SI),Swain/Yasuo (IO/NX),0,1,0
Teemo (BC/PZ),Elise (FR/SI),0,1,0
Elise (FR/SI),Teemo/Zoe (MT/PZ),0,1,0
Norra (BC/BW),Gnar/Nidalee (BC/SH),0,1,0
Sion (NX/SI),Lee Sin/Viktor (IO/PZ),0,1,0
Sion (NX/SI),Aphelios/Udyr (FR/MT),0,1,0
Braum/Vladimir (FR/NX),Sion (NX/SI),0,1,0
Caitlyn/Teemo (BC/PZ),Nasus/Renekton (SH),0,1,0
Maokai/Morgana (DE/SI),Nasus/Renekton (SH),0,1,0
Heimerdinger/Norra (BC/SI),Nasus/Renekton (SH),0,1,0
Championless (IO/SI),Gangplank/Sejuani (BW/FR),0,1,0
Gangplank/Swain (BW/NX),Kalista/Kindred/Nasus (SI/SH),0,1,0
Rumble/Vayne (DE/NX),Gangplank/Sejuani (BW/FR),0,1,0
LeBlanc/Udyr (FR/NX),Maokai/Nautilus (BW/SI),0,1,0
Azir/Irelia (IO/SH),Jax/Vayne (DE/RU),0,1,0
Karma/Seraphine (IO/PZ),Janna (PZ/SI),0,1,0
Azir/Nasus/Renekton (SH),Karma/Seraphine (IO/PZ),0,1,0
Karma/Seraphine (IO/PZ),Nasus (SI/SH),0,1,0
Kalista/Kindred (SI/SH),Karma/Seraphine (IO/PZ),0,1,0
Gnar/Teemo (BC/PZ),Aurelion Sol (FR/MT),0,1,0
Darius/Draven (NX/SH),Aurelion Sol (FR/MT),0,1,0
Caitlyn/Teemo (BC/PZ),Aurelion Sol (FR/MT),0,1,0
Tahm Kench/Taric (BW/MT),Aurelion Sol (FR/MT),0,1,0
Tryndamere/Udyr/Volibear (DE/FR),Aurelion Sol (FR/MT),0,1,0
Bard/Zoe (RU/MT),Ezreal/Nilah (BW/PZ),0,1,0
Karma/Nami (BW/IO),Ezreal/Nilah (BW/PZ),0,1,0
LeBlanc/Sion (FR/NX),Aurelion Sol (FR/MT),0,1,0
Aphelios/Janna (MT/PZ),Aurelion Sol (FR/MT),0,1,0
Pantheon/Taric (DE/MT),Nilah/Twisted Fate (BW/PZ),0,1,0
Azir/Nasus (SH),Nilah/Twisted Fate (BW/PZ),0,1,0
Azir/Xerath (SH),Teemo/Zoe (MT/PZ),0,1,0
Pyke/Rek'Sai (BW/SH),Master Yi/Riven (IO/NX),0,1,0
Seraphine (IO/PZ),Azir/Xerath (SH),0,1,0
Fizz/Twisted Fate (BW/FR),Anivia (FR/SI),0,1,0
Aphelios/Seraphine/Viktor (MT/PZ),Anivia (FR/SI),0,1,0
Anivia (FR/SI),Akshan/Renekton (SH),0,1,0
Soraka/Tahm Kench (BW/MT),Anivia (FR/SI),0,1,0
Championpile (MT/PZ),Anivia (FR/SI),0,1,0
Anivia (FR/SI),Jarvan IV/Shen (DE/IO),0,1,0
Akshan (FR/SH),Anivia (FR/SI),0,1,0
Soraka/Tahm Kench (BW/MT),Master Yi/Udyr (FR/IO),0,1,0
Taliyah/Zilean (IO/SH),Miss Fortune/Twisted Fate (BW/NX),0,1,0
Ornn/Varus (FR/RU),Akshan/Sivir (FR/SH),0,1,0
Vex (BC/SI),Akshan/Sivir (FR/SH),0,1,0
Janna/Norra/Teemo (BC/PZ),Akshan/Sivir (FR/SH),0,1,0
Evelynn/Kindred (RU/SI),Azir/Irelia (IO/SH),0,1,0
Jax/Norra (BC/RU),Teemo (BC/PZ),0,1,0
Braum/Lillia (FR/IO),Master Yi/Vayne (DE/IO),0,1,0
Azir/Hecarim (SI/SH),Braum/Lillia (FR/IO),0,1,0
Caitlyn/Norra/Teemo (BC/PZ),Braum/Lillia (FR/IO),0,1,0
Norra (BC/NX),Aphelios/Zoe (MT/PZ),0,1,0
Bard/Norra (BC/RU),Aphelios/Zoe (MT/PZ),0,1,0
Morgana/Soraka (DE/MT),Kayle/Lillia (IO/MT),0,1,0
Ryze (IO/RU),Ahri (IO/NX),0,1,0
Lillia/Lux: Illuminated (DE/IO),Ahri (IO/NX),0,1,0
Maokai/Nautilus (BW/SI),Ahri (IO/NX),0,1,0
Championless (NX/PZ),Ahri (IO/NX),0,1,0
Ahri (IO/NX),Annie (BW/NX),0,1,0
Ahri (IO/NX),Caitlyn/Teemo (BC/PZ),0,1,0
Evelynn (RU/MT),Yasuo (IO/NX),0,1,0
Yasuo (IO/NX),Caitlyn (NX/PZ),0,1,0
Yasuo (IO/NX),Anivia/Braum (FR/SI),0,1,0
Mordekaiser/Nocturne (NX/SI),Yasuo (IO/NX),0,1,0
Poppy/Ziggs (BC/NX),Yasuo (IO/NX),0,1,0
Pantheon/Riven (MT/NX),Yasuo (IO/NX),0,1,0
Lucian (DE/SI),Kayle/Lillia (IO/MT),0,1,0
Akshan (FR/SH),Taliyah/Zilean (DE/SH),0,1,0
Kindred/Mordekaiser (NX/SI),Akshan (FR/SH),0,1,0
LeBlanc/Lillia (IO/NX),Aphelios/Gnar (FR/MT),0,1,0
LeBlanc/Lillia (IO/NX),Championless (SI),0,1,0
Caitlyn/Teemo (BC/PZ),Kai'Sa/Pantheon (MT/SH),0,1,0
Braum/Lillia (FR/IO),Caitlyn/Teemo (BC/PZ),0,1,0
Fizz/Samira (BC/NX),Janna/Nilah (BW/PZ),0,1,0
Akshan/Master Yi (IO/SH),Championless (SI),0,1,0
Akshan/Master Yi/Taliyah (IO/SH),Elder Dragon/Volibear (RU/FR),0,1,0
Akshan/Taliyah (IO/SH),Elder Dragon/Trundle/Volibear (RU/FR),0,1,0
LeBlanc (FR/NX),Akshan/Taliyah (IO/SH),0,1,0
Championless (FR/SI),Akshan/Taliyah (IO/SH),0,1,0
Nilah/Twisted Fate (BW/PZ),Shyvana (DE/MT),0,1,0
Aurelion Sol/Zoe (MT),Nilah/Twisted Fate (BW/PZ),0,1,0
Gwen/Hecarim/Zed (IO/SI),Poppy/Ziggs (BC/NX),0,1,0
Gwen/Hecarim/Zed (IO/SI),Maokai/Nautilus (BW/SI),0,1,0
Karma/Twisted Fate (BW/IO),Gwen/Hecarim/Zed (IO/SI),0,1,0
Gwen/Hecarim/Zed (IO/SI),Jinx/Lulu (BC/PZ),0,1,0
Leona/Yasuo (IO/MT),Karma/Sett (FR/IO),0,1,0
Karma/Sett (FR/IO),Akshan/Samira (NX/SH),0,1,0
Karma/Sett (FR/IO),Illaoi (BW/IO),0,1,0
Shyvana/Soraka (DE/MT),Karma/Sett (FR/IO),0,1,0
Karma/Morgana (IO/MT),Karma/Sett (FR/IO),0,1,0
Akshan/Sivir (FR/SH),Mordekaiser/Viego (SI/SH),0,1,0
Championless (PZ/SI),Neeko/Poppy (DE/RU),0,1,0
Braum/Udyr (DE/FR),Neeko/Poppy (DE/RU),0,1,0
Aphelios/Gnar (FR/MT),Neeko/Poppy (DE/RU),0,1,0
Caitlyn/Teemo (BC/PZ),Gnar/Neeko (FR/RU),0,1,0
Gwen/Illaoi (BW/SI),Pyke/Rek'Sai (BW/SH),0,1,0
Galio/Tahm Kench (BW/DE),Ryze (IO/RU),0,1,0
Elder Dragon/Garen (RU/DE),Taliyah/Zilean (IO/SH),0,1,0
Aurelion Sol/Trundle (FR/MT),Elder Dragon/Garen (RU/DE),0,1,0
Caitlyn/Teemo (BC/PZ),Akshan/Renekton (BW/SH),0,1,0
Caitlyn/Teemo (BC/PZ),Gwen (SI),0,1,0
Miss Fortune/Vayne (BW/DE),Ziggs/Zilean (BC/SH),0,1,0
Azir (FR/SH),Azir/Xerath (SH),0,1,0
Senna/Veigar (BC/SI),Katarina/Taliyah (NX/SH),0,1,0
Championless (PZ/SI),Elder Dragon/Morgana (RU/MT),0,1,0
Poppy/Ziggs (BC/NX),Elder Dragon/Morgana (RU/MT),0,1,0
Championless (FR/NX),Ezreal/Janna/Seraphine (NX/PZ),0,1,0
Illaoi (BW/IO),Gnar/Lux: Illuminated (BC/DE),0,1,0
Gnar/Jhin (BC/RU),Azir/Irelia (IO/SH),0,1,0
Elder Dragon (RU/FR),Azir/Irelia (IO/SH),0,1,0
Elder Dragon/Lissandra (RU/FR),Braum/The Poro King (FR/RU),0,1,0
Mordekaiser/Norra (BC/SI),Aphelios/Nami (BW/MT),0,1,0
Aphelios/Nami (BW/MT),Poppy/Ziggs (BC/NX),0,1,0
Lux: Illuminated/Vex (BC/DE),Norra/Poppy (BC/NX),0,1,0
Elder Dragon/Volibear (RU/FR),Janna/Morgana (MT/PZ),0,1,0
Miss Fortune/Twisted Fate (BW/NX),Aphelios/Nami (BW/MT),0,1,0
Aphelios/Nami (BW/MT),Akshan (FR/SH),0,1,0
Annie/Jhin (RU/NX),The Poro King/Zoe (MT/RU),0,1,0
Pyke/Rek'Sai (BW/SH),Braum/Soraka (FR/MT),0,1,0
Braum/Soraka (FR/MT),Elder Dragon/Volibear (RU/FR),0,1,0
Mordekaiser/Nasus/Thresh (SI/SH),Braum/Soraka (FR/MT),0,1,0
Anivia (FR/SI),Braum/Soraka (FR/MT),0,1,0
Braum/Soraka (FR/MT),Annie/Jhin (RU/NX),0,1,0
Maokai/Nautilus (BW/SI),Neeko/Poppy (DE/RU),0,1,0
Aatrox/Kayn (RU/RU),Darius/LeBlanc (NX),0,1,0
Mordekaiser/Viego (NX/SI),Ahri/Kennen (BC/IO),0,1,0
Aatrox/Vayne (RU/DE),Elder Dragon/Seraphine/Viktor (RU/PZ),0,1,0
Jhin/Yasuo (IO/RU),Jax/Ornn (FR/RU),0,1,0
Bard/Norra (BC/RU),Jax/Ornn (FR/RU),0,1,0
Jax/Ornn (FR/RU),Morgana/Soraka (DE/MT),0,1,0
Jax/Ornn (FR/RU),Mordekaiser/Norra (BC/SI),0,1,0
Malphite/Yasuo (IO/MT),Katarina/Kennen (IO/NX),0,1,0
Janna/Morgana (MT/PZ),Rumble/Vayne (DE/NX),0,1,0
Akshan/Katarina (NX/SH),Gnar/Nidalee (BC/SH),0,1,0
Akshan/Katarina (NX/SH),Azir/Irelia (IO/SH),0,1,0
Akshan/Katarina (NX/SH),Elder Dragon/Volibear (RU/FR),0,1,0
Xerath/Ziggs (BC/SH),Akshan/Katarina (NX/SH),0,1,0
Anivia (FR/SI),Akshan/Katarina (NX/SH),0,1,0
Akshan/Katarina (NX/SH),Norra/Teemo (BC/PZ),0,1,0
Akshan/Katarina (NX/SH),Hecarim (IO/SI),0,1,0
Akshan/Katarina (NX/SH),Fiora (DE/FR),0,1,0
Akshan/Katarina (NX/SH),Championpile (DE/FR),0,1,0
Akshan/Katarina (NX/SH),Elder Dragon/Elise (RU/SI),0,1,0
Gwen/Katarina/Mordekaiser (NX/SI),Jinx/Lulu (BC/PZ),0,1,0
Gwen/Katarina/Mordekaiser (NX/SI),Gwen/Katarina (NX/SI),0,1,0
Bard/Norra (BC/RU),Gwen/Katarina/Mordekaiser (NX/SI),0,1,0
Kayle/Zed (IO/MT),Gwen/Katarina/Mordekaiser (NX/SI),0,1,0
Elder Dragon (RU/MT),Azir/Irelia (IO/SH),0,1,0
Elder Dragon (RU/MT),Elder Dragon/Norra/Veigar (RU/BC),0,1,0
Elder Dragon (RU/MT),Elder Dragon (RU/FR),0,1,0
Gnar/Vex (BC/SI),Elder Dragon (RU/MT),0,1,0
Championpile (MT/PZ),Aurelion Sol/Norra (BC/MT),0,1,0
Championpile (MT/PZ),Ryze (IO/RU),0,1,0
Zoe (MT/PZ),Ryze (IO/RU),0,1,0
Ryze (IO/RU),Caitlyn/Teemo (BC/PZ),0,1,0
Annie/Jhin (RU/NX),Ezreal/Seraphine (MT/PZ),0,1,0
Elder Dragon/Norra (RU/BC),Ryze (IO/RU),0,1,0
Seraphine (MT/PZ),Katarina/Lucian (DE/NX),0,1,0
Janna/Senna (PZ/SI),Seraphine/Sett (IO/PZ),0,1,0
Seraphine/Sett (IO/PZ),Caitlyn/Teemo (BC/PZ),0,1,0
Fiora/Shen/Zed (DE/IO),Aatrox/Vayne (RU/DE),0,1,0
Championpile (MT/PZ),Taliyah/Zilean (IO/SH),0,1,0
Elder Dragon/Norra/Vex (RU/BC),Morgana/Yasuo (IO/MT),0,1,0
Gangplank/Swain (BW/NX),Senna/Veigar (BC/SI),0,1,0
Senna/Veigar (BC/SI),Pyke/Udyr (BW/FR),0,1,0
Teemo/Zoe (MT/PZ),Senna/Veigar (BC/SI),0,1,0
Shyvana (DE/MT),Karma/Sett (IO/PZ),0,1,0
Akshan/Lee Sin (IO/SH),Karma/Sett (IO/PZ),0,1,0
Senna/Veigar (BC/SI),Heimerdinger/Lee Sin/Viktor (IO/PZ),0,1,0
Senna/Veigar (BC/SI),Taliyah/Zilean (IO/SH),0,1,0
Poppy/Ziggs (BC/NX),Illaoi/Thresh (BW/SI),0,1,0
Maokai/Mordekaiser (BW/SI),Elder Dragon/Trundle/Volibear (RU/FR),0,1,0
Ezreal (BW/PZ),Karma/Lee Sin/Norra (BC/IO),0,1,0
Ezreal (BW/PZ),Fizz (BW/SH),0,1,0
Caitlyn/Teemo (BC/PZ),Aatrox/Kayn (RU/RU),0,1,0
LeBlanc/Sivir (NX/SH),Senna/Veigar (BC/SI),0,1,0
Caitlyn/Teemo (FR/PZ),Jax/Vi (RU/PZ),0,1,0
Ezreal/Swain (NX/PZ),Jax/Vi (RU/PZ),0,1,0
Jax/Vi (RU/PZ),Jarvan IV/Shen (DE/IO),0,1,0
Jax/Vi (RU/PZ),Elder Dragon/Volibear (RU/FR),0,1,0
Lux/Udyr (DE/FR),Championless (SI),0,1,0
Akshan/Nasus/Renekton (SH),Championless (SI),0,1,0
Championless (SI),Taric (DE/MT),0,1,0
Championless (SI),Ashe/Jayce (FR/PZ),0,1,0
Sion/Viktor (NX/PZ),Elder Dragon/Volibear (RU/FR),0,1,0
Darius/Vi (NX/PZ),Lux/Udyr (DE/FR),0,1,0
Karma/Sett (IO/PZ),Aphelios/Viktor (MT/PZ),0,1,0
Aurelion Sol/Elder Dragon/Morgana (RU/MT),Azir/Renekton (SH),0,1,0
Azir/Renekton (SH),Azir/Irelia (IO/SH),0,1,0
Hecarim/Zed (IO/SI),Elder Dragon/Lissandra/Trundle (RU/FR),0,1,0
Maokai/Nautilus (BW/SI),Master Yi/Viktor (IO/PZ),0,1,0
Janna/Karma (IO/PZ),Ashe/LeBlanc (FR/NX),0,1,0
Azir/Xerath (SH),Ashe/LeBlanc (FR/NX),0,1,0
Annie/Ezreal (NX/PZ),Elder Dragon/Volibear (RU/FR),0,1,0
Kalista (SI/SH),Elder Dragon/Volibear (RU/FR),0,1,0
Janna/Sett (IO/PZ),Gnar/Swain (BC/NX),0,1,0
Aatrox/Ornn (RU/FR),Lee Sin/Viktor (IO/PZ),0,1,0
Lee Sin/Viktor (IO/PZ),Janna/Senna (PZ/SI),0,1,0
Lee Sin/Viktor (IO/PZ),Jax/Ornn (FR/RU),0,1,0
Championless (PZ/SI),Jayce/Lux (DE/PZ),0,1,0
Aatrox/Morgana/Vayne (RU/DE),Championless (BC/SI),0,1,0
Lucian/Yuumi/Zoe (DE/MT),Azir/Irelia (IO/SH),0,1,0
Janna/Sejuani (FR/PZ),Azir/Irelia (IO/SH),0,1,0
Shyvana/Taric (DE/MT),Lee Sin/Viktor (IO/PZ),0,1,0
Janna/Viktor (BC/PZ),Ashe/LeBlanc (FR/NX),0,1,0
Azir/Renekton (SH),Heimerdinger/Viktor (IO/PZ),0,1,0
Elder Dragon (RU/FR),Heimerdinger/Viktor (IO/PZ),0,1,0
Jayce (MT/PZ),Lillia/Seraphine (IO/PZ),0,1,0
Jax/Ornn (FR/RU),Caitlyn/Teemo (BC/PZ),0,1,0
Janna/Seraphine (IO/PZ),Caitlyn/Teemo (BC/PZ),0,1,0
Morgana/Taliyah (DE/SH),Caitlyn/Teemo (BC/PZ),0,1,0
Elder Dragon/Norra (RU/BC),Caitlyn/Teemo (BC/PZ),0,1,0
Braum/Yuumi/Zoe (FR/MT),Aurelion Sol/Shyvana (DE/MT),0,1,0
Seraphine (PZ),Karma/Sett (FR/IO),0,1,0
Aphelios/Gnar (FR/MT),Riven/Viktor (NX/PZ),0,1,0
Akshan/Sivir (FR/SH),Braum/Sett (FR/IO),0,1,0
Heimerdinger/Norra (BC/SI),Akshan/Sivir (FR/SH),0,1,0
Taric/Udyr (FR/MT),Aurelion Sol/Elder Dragon (RU/MT),0,1,0
Draven/Jinx (NX/PZ),Aurelion Sol/Elder Dragon (RU/MT),0,1,0
Senna/Veigar (BC/SI),Aurelion Sol/Elder Dragon (RU/MT),0,1,0
Garen/Miss Fortune/Quinn (BW/DE),Azir/Irelia (IO/SH),0,1,0
Azir/Irelia (IO/SH),Garen/Soraka (DE/MT),0,1,0
Elise/Kalista (DE/SI),Azir/Irelia (IO/SH),0,1,0
Lillia/Sett (BC/IO),Kayle (BW/MT),0,1,0
Nasus/Senna (SI/SH),Tahm Kench/Udyr (BW/FR),0,1,0
Championless (SI),Nasus/Senna (SI/SH),0,1,0
Pyke/Rek'Sai (BW/SH),Aphelios/Viktor (MT/PZ),0,1,0
Kalista (SI),Pyke/Rek'Sai (BW/SH),0,1,0
Caitlyn/Swain (NX/PZ),Pyke/Rek'Sai (BW/SH),0,1,0
Nocturne (NX/SI),Illaoi (BW/IO),0,1,0
Elder Dragon/Volibear (RU/FR),Illaoi (BW/IO),0,1,0
Evelynn/Nidalee (RU/SH),Illaoi (BW/IO),0,1,0
Nami/Seraphine (BW/PZ),Illaoi (BW/IO),0,1,0
Taliyah/Zilean (SI/SH),Illaoi (BW/IO),0,1,0
Gnar/Teemo (BC/PZ),Illaoi (BW/IO),0,1,0
Jarvan IV/Kalista (DE/SI),Illaoi (BW/IO),0,1,0
Ekko/Sejuani (FR/PZ),Illaoi (BW/IO),0,1,0
Illaoi (BW/IO),Garen/Udyr (DE/FR),0,1,0
Lux: Illuminated/Vex (BC/DE),Illaoi (BW/IO),0,1,0
Illaoi (BW/IO),Norra (BC/SI),0,1,0
Ezreal/Seraphine/Twisted Fate (BW/PZ),Illaoi (BW/IO),0,1,0
Illaoi (BW/IO),Ryze (IO/RU),0,1,0
Illaoi (BW/IO),Kindred/Nasus (SI/SH),0,1,0
Illaoi (BW/IO),Darius/Gwen (NX/SI),0,1,0
Xerath/Zilean (MT/SH),Illaoi (BW/IO),0,1,0
Kindred/Viego (BC/SI),Championless (SI),0,1,0
Championless (SI),Aurelion Sol/Trundle (FR/MT),0,1,0
Championless (SI),Mordekaiser/Viego (SI/SH),0,1,0
Ezreal/Sejuani/Viktor (FR/PZ),Championless (SI),0,1,0
Aurelion Sol/Zoe (MT/PZ),Championless (SI),0,1,0
Bard/Viego (RU/SI),Championless (SI),0,1,0
Lee Sin/Shen (DE/IO),Championless (SI),0,1,0
Lux/Morgana (DE/MT),Kayle (BW/MT),0,1,0
Kayle (BW/MT),Gnar/Renekton (FR/SH),0,1,0
Ekko (FR/PZ),Elder Dragon/Lissandra/Volibear (RU/FR),0,1,0
Elder Dragon/Lissandra/Volibear (RU/FR),Championpile (SI/SH),0,1,0
Senna/Veigar (BC/SI),Elder Dragon/Lissandra/Volibear (RU/FR),0,1,0
Evelynn/Kai'Sa (RU/SH),Ashe/Tahm Kench (BW/FR),0,1,0
Katarina/Lucian (DE/NX),Hecarim/Kayle (MT/SI),0,1,0
Katarina/Lucian (DE/NX),Jinx/Sion (NX/PZ),0,1,0
Master Yi/Samira (IO/NX),Aatrox/Kayn (RU/RU),0,1,0
Gwen/Zed (IO/SI),Elise/Gwen/Katarina (NX/SI),0,1,0
Zoe (MT/PZ),Elise/Gwen/Katarina (NX/SI),0,1,0
Quinn (DE/FR),Elise/Gwen/Katarina (NX/SI),0,1,0
Caitlyn/Norra (BC/PZ),Gwen/Senna/Veigar (BC/SI),0,1,0
Caitlyn/Norra (BC/PZ),Braum/Vladimir (FR/NX),0,1,0
Championless (FR/NX),Caitlyn/Norra (BC/PZ),0,1,0
Bard/Mordekaiser (RU/SI),Elder Dragon/Garen (RU/DE),0,1,0
Bard/Mordekaiser (RU/SI),Akshan/Renekton (BW/SH),0,1,0
Ekko/Zilean (PZ/SH),Hecarim/Zed (IO/SI),0,1,0
Lillia/Viktor (IO/PZ),LeBlanc/Udyr (FR/NX),0,1,0
LeBlanc/Udyr (FR/NX),Kayle (BW/MT),0,1,0
Morgana/Udyr (DE/FR),Braum/Lillia (FR/IO),0,1,0
Garen/Vladimir (DE/NX),Morgana/Udyr (DE/FR),0,1,0
Aurelion Sol/Zoe (FR/MT),Ryze (IO/RU),0,1,0
Lux: Illuminated/Vex (BC/DE),Seraphine/Sett (IO/PZ),0,1,0
Annie/Miss Fortune (BW/NX),Seraphine/Sett (IO/PZ),0,1,0
Poppy/Ziggs (BC/NX),Seraphine/Sett (IO/PZ),0,1,0
Draven/Jinx (NX/PZ),Seraphine/Sett (IO/PZ),0,1,0
Darius/Elise (NX/SI),Seraphine/Sett (IO/PZ),0,1,0
Braum/The Poro King (FR/RU),Seraphine/Sett (IO/PZ),0,1,0
Akshan/Sivir (FR/SH),Shyvana/Taric (DE/MT),0,1,0
Ashe/LeBlanc (FR/NX),Shyvana/Taric (DE/MT),0,1,0
Shyvana/Taric (DE/MT),Gnar/Tristana (BC/DE),0,1,0
Taric (DE/MT),Ashe (FR/PZ),0,1,0
Taric (DE/MT),Maokai/Nautilus (BW/SI),0,1,0
Fiora/Shen (DE/IO),Senna (PZ/SI),0,1,0
Senna (PZ/SI),Annie/Katarina (BC/NX),0,1,0
Senna (PZ/SI),Poppy/Ziggs (BC/NX),0,1,0
Senna (PZ/SI),Karma/Sett (FR/IO),0,1,0
Lee Sin/Nidalee (IO/SH),Aphelios/Viktor (MT/PZ),0,1,0
Nasus/Renekton (SH),Aphelios/Viktor (MT/PZ),0,1,0
Lux/Udyr (DE/FR),Lee Sin/Viktor (IO/PZ),0,1,0
Lee Sin/Viktor (IO/PZ),Lux/Morgana (DE/MT),0,1,0
Aphelios/Viktor (MT/PZ),Malphite/Yasuo (IO/MT),0,1,0
Gangplank/Sejuani (BW/FR),Malphite/Yasuo (IO/MT),0,1,0
Ezreal/Nilah (BW/PZ),Anivia (FR/SI),0,1,0
Karma/Lee Sin/Seraphine (IO/PZ),Ezreal/Nilah (BW/PZ),0,1,0
Braum/Elder Dragon/Gnar (RU/FR),Ezreal/Nilah (BW/PZ),0,1,0
Diana/Zoe (MT/SI),Ezreal/Nilah (BW/PZ),0,1,0
Rumble (BC/PZ),Elder Dragon/Shyvana (RU/DE),0,1,0
Rumble (BC/PZ),Elise/Nocturne/Vex (SI/SH),0,1,0
Akshan/Renekton (SH),Kindred/Nasus (SI/SH),0,1,0
Ahri/Kennen (BC/IO),Kindred/Nasus (SI/SH),0,1,0
Galio/Sivir (DE/SH),Elder Dragon/Tryndamere/Volibear (RU/FR),0,1,0
Aurelion Sol/Zoe (MT),Galio/Sivir (DE/SH),0,1,0
Akshan/Elder Dragon/Sivir (RU/SH),Aurelion Sol/Trundle (FR/MT),0,1,0
Aurelion Sol/Elder Dragon (RU/MT),Akshan/Elder Dragon/Sivir (RU/SH),0,1,0
Trundle/Volibear (FR/SI),Akshan/Elder Dragon/Sivir (RU/SH),0,1,0
Miss Fortune/Vayne (BW/DE),Pyke/Rek'Sai (BW/SH),0,1,0
Bard/Lillia (RU/IO),Morgana/Poppy (DE/MT),0,1,0
Bard/Lillia (RU/IO),Viktor/Zilean (PZ/SH),0,1,0
Caitlyn (BC/PZ),Annie/Jhin (RU/NX),0,1,0
Shen/Sivir (IO/SH),Gwen/Irelia (IO/SI),0,1,0
Gnar/Teemo (BC/PZ),Caitlyn/Teemo (BC/PZ),0,1,0
Annie/Katarina (BC/NX),Taliyah/Zilean (IO/SH),0,1,0
Caitlyn/Swain (NX/PZ),Annie/Katarina (BC/NX),0,1,0
Sion/Viego (NX/SI),Azir/Irelia (IO/SH),0,1,0
Janna/Nilah (BW/PZ),Fiora (DE/SH),0,1,0
Aphelios/Zoe (IO/MT),Janna/Nilah (BW/PZ),0,1,0
Garen (DE/PZ),Darius/Gwen (NX/SI),0,1,0
Annie/Gwen (NX/SI),Darius/Gwen (NX/SI),0,1,0
Jhin/Nami (BW/RU),Caitlyn/Teemo (BC/PZ),0,1,0
Jinx/The Poro King (PZ/RU),Jhin/Nami (BW/RU),0,1,0
Galio/Garen (DE/IO),Nidalee (BC/SH),0,1,0
Teemo/Vex (BC/SI),Azir/Irelia (IO/SH),0,1,0
Draven/Jinx (NX/PZ),Aurelion Sol/Leona (MT),0,1,0
Akshan/Nasus (SH),Draven/Jinx (NX/PZ),0,1,0
Aurelion Sol/Shyvana (DE/MT),Draven/Jinx (NX/PZ),0,1,0
Nami/Zoe (BW/MT),Aphelios/Zoe (IO/MT),0,1,0
Poppy/Taric (DE/MT),Ezreal (PZ/SI),0,1,0
Akshan/Zilean (FR/SH),Championless (BC/SH),0,1,0
Fiora (DE/SH),Championless (BC/SH),0,1,0
Championless (BC/SH),Aurelion Sol/Zoe (MT/SH),0,1,0
Karma/Sett (FR/IO),Gangplank/Teemo (BW/PZ),0,1,0
Gangplank/Teemo (BW/PZ),Neeko/Poppy (DE/RU),0,1,0
Gangplank/Teemo (BW/PZ),Norra/Teemo (BC/SI),0,1,0
Janna/Master Yi (IO/PZ),Riven/Zed (IO/NX),0,1,0
Aurelion Sol/Trundle (FR/MT),Annie/Jhin (RU/NX),0,1,0
Annie/Jhin (RU/NX),Janna (PZ/SI),0,1,0
Master Yi/Ryze (IO/RU),Heimerdinger/Viktor (IO/PZ),0,1,0
Elder Dragon/Lissandra/Trundle (RU/FR),Heimerdinger/Viktor (IO/PZ),0,1,0
Taliyah/Ziggs (BC/SH),Heimerdinger/Viktor (IO/PZ),0,1,0
Samira/Sejuani (FR/NX),Aphelios/Norra (BC/MT),0,1,0
Elise/Miss Fortune (BW/SI),Evelynn/Fizz (BW/RU),0,1,0
Elise/Nami (BW/SI),Evelynn/Fizz (BW/RU),0,1,0
Janna/Seraphine (MT/PZ),Elise/Nami (BW/SI),0,1,0
Aphelios/Zoe (IO/MT),Elise/Nami (BW/SI),0,1,0
Nami/Samira (BW/NX),Jhin/Nami (BW/RU),0,1,0
Draven/Jinx (NX/PZ),Jhin/Nami (BW/RU),0,1,0
Akshan/Zilean (PZ/SH),Elder Dragon/Volibear (RU/FR),0,1,0
Lee Sin/Viktor (IO/PZ),Elder Dragon/Volibear (RU/FR),0,1,0
Akshan/Karma/Lee Sin (IO/SH),Elder Dragon/Volibear (RU/FR),0,1,0
Trundle/Volibear (DE/FR),Elder Dragon/Volibear (RU/FR),0,1,0
Elise/Norra (BC/SI),Nilah/Twisted Fate (BW/PZ),0,1,0
Karma/Sett/Zilean (IO/SH),Karma/Sett (IO/PZ),0,1,0
Yasuo (IO/NX),Annie/Gwen (NX/SI),0,1,0
Braum/Lillia (FR/IO),The Poro King (MT/RU),0,1,0
Elder Dragon/Norra (RU/BC),Kindred/Mordekaiser (BC/SI),0,1,0
Aurelion Sol/Shyvana (DE/MT),Kindred/Mordekaiser (BC/SI),0,1,0
Kindred/Mordekaiser (BC/SI),Ezreal/Janna (IO/PZ),0,1,0
Kindred/Mordekaiser (BC/SI),Irelia (IO/SI),0,1,0
Caitlyn/Ezreal (NX/PZ),Pyke/Rek'Sai (BW/SH),0,1,0
Elder Dragon (RU/FR),Galio/Garen (DE/IO),0,1,0
Galio/Garen (DE/IO),Championless (BW/SI),0,1,0
Galio/Garen (DE/IO),Championless (BC/SH),0,1,0
Galio/Garen (DE/IO),Katarina/Yasuo (IO/NX),0,1,0
Championless (PZ/SI),Galio/Garen (DE/IO),0,1,0
Galio/Garen (DE/IO),Neeko/Poppy (DE/RU),0,1,0
Gwen/Zed (IO/SI),Galio/Garen (DE/IO),0,1,0
Nilah/Teemo (BW/PZ),Galio/Garen (DE/IO),0,1,0
Hecarim/Zed (IO/SI),Nami/Samira (BW/NX),0,1,0
Elise/Norra (BC/SI),Ezreal/Nilah (BW/PZ),0,1,0
Aurelion Sol/Trundle (FR/MT),Championless (SH),0,1,0
Azir/Xerath (SH),Aurelion Sol/Trundle (FR/MT),0,1,0
Azir/Xerath (SH),Galio/Udyr (DE/FR),0,1,0
Jinx/Lulu (BC/PZ),Elder Dragon/Mordekaiser/Viego (RU/SI),0,1,0
Ashe/Tahm Kench (BW/FR),Elder Dragon/Volibear (RU/FR),0,1,0
Elder Dragon/Garen (RU/DE),Elder Dragon/Elise (RU/SI),0,1,0
Elder Dragon/Elise (RU/SI),Braum/Zoe (FR/MT),0,1,0
Illaoi (BW/IO),Elder Dragon/Elise (RU/SI),0,1,0
Elder Dragon/Fiora/Morgana (RU/DE),Elder Dragon/Elise (RU/SI),0,1,0
Karma/Sett (FR/IO),Hecarim/Kalista/Zed (IO/SI),0,1,0
Anivia (FR/SI),Ryze (RU/SI),0,1,0
Yasuo (IO/NX),Karma/Seraphine (IO/PZ),0,1,0
Kalista/Nasus (SI/SH),Yasuo (IO/NX),0,1,0
Elder Dragon (RU/FR),Yasuo (IO/NX),0,1,0
Master Yi/Zoe (IO/MT),Yasuo (IO/NX),0,1,0
Taric/Vladimir (MT/NX),Heimerdinger/Jayce (PZ/SI),0,1,0
Elder Dragon/Volibear (RU/FR),Aatrox/Jax (RU/RU),0,1,0
Akshan/Vladimir (NX/SH),Lissandra (FR/SH),0,1,0
Taric/Vladimir (MT/NX),Taliyah/Zilean (IO/SH),0,1,0
Aatrox/Jax (RU/RU),Norra/Teemo (BC/SI),0,1,0
Nilah/Twisted Fate (BW/PZ),Aatrox/Jax (RU/RU),0,1,0
Ezreal/Swain (NX/PZ),Aatrox/Jax (RU/RU),0,1,0
Aatrox/Jax (RU/RU),Aurelion Sol/Trundle (FR/MT),0,1,0
Aurelion Sol/Shyvana (DE/MT),Taric/Vladimir (MT/NX),0,1,0
Caitlyn/Teemo (FR/PZ),Akshan/Vladimir (NX/SH),0,1,0
Bard/Shyvana (RU/DE),Taliyah/Zilean (IO/SH),0,1,0
Bard/Shyvana (RU/DE),Soraka/Tahm Kench (BW/MT),0,1,0
Bard/Shyvana (RU/DE),Shen (DE/IO),0,1,0
Jinx/Lulu (BC/PZ),Bard/Shyvana (RU/DE),0,1,0
Bard/Shyvana (RU/DE),Ezreal/Nilah (BW/PZ),0,1,0
Championless (DE/PZ),Championless (SI),0,1,0
Ashe (FR/PZ),Gwen/Vayne (DE/SI),0,1,0
Miss Fortune/Twisted Fate (BW/NX),Gwen/Vayne (DE/SI),0,1,0
Aatrox (RU/BW),Miss Fortune/Twisted Fate (BW/NX),0,1,0
Aurelion Sol/Zoe (FR/MT),Elder Dragon/Volibear (RU/FR),0,1,0
Seraphine (MT/PZ),Elder Dragon/Volibear (RU/FR),0,1,0
Aurelion Sol/Elder Dragon (RU/MT),Norra (BC/PZ),0,1,0
Aurelion Sol/Elder Dragon (RU/MT),Norra/Swain (BC/NX),0,1,0
Azir (SH),Aurelion Sol/Elder Dragon (RU/MT),0,1,0
Aurelion Sol/Elder Dragon (RU/MT),Gwen/Hecarim (IO/SI),0,1,0
Karma/Lee Sin/Norra (BC/IO),Azir/Irelia (IO/SH),0,1,0
Mordekaiser/Viego (NX/SI),Azir/Irelia (IO/SH),0,1,0
Ezreal/Swain (NX/PZ),Azir/Irelia (IO/SH),0,1,0
Azir/Hecarim (SI/SH),Kindred/Viego (BC/SI),0,1,0
Akshan/Pantheon (MT/SH),Azir/Hecarim (SI/SH),0,1,0
Braum/Yuumi (FR/MT),Azir/Hecarim (SI/SH),0,1,0
Hecarim/Zed (IO/SI),Azir/Hecarim (SI/SH),0,1,0
Kindred/Nasus (SI/SH),Illaoi/Thresh (BW/SI),0,1,0
Zoe (MT/PZ),Kindred/Nasus (SI/SH),0,1,0
Elder Dragon/Volibear (RU/FR),Sejuani/Swain (FR/NX),0,1,0
Hecarim/Zed (IO/SI),Ezreal (PZ/SI),0,1,0
Ezreal/Seraphine (NX/PZ),Hecarim/Zed (IO/SI),0,1,0
Sett/Viego (IO/SI),Hecarim/Zed (IO/SI),0,1,0
Hecarim/Zed (IO/SI),Ezreal/Swain (NX/PZ),0,1,0
Ezreal (PZ/SI),Caitlyn/Trundle (FR/PZ),0,1,0
Caitlyn/Trundle (FR/PZ),Fizz/Yuumi (BC/FR),0,1,0
Caitlyn/Trundle (FR/PZ),Braum/Lillia (FR/IO),0,1,0
Karma/Seraphine (IO/PZ),Evelynn/Kai'Sa (RU/SH),0,1,0
Kalista/Zed (IO/SI),Braum/Zoe (FR/MT),0,1,0
Elder Dragon/Trundle (RU/FR),Janna/Morgana (MT/PZ),0,1,0
Janna/Morgana (MT/PZ),Poppy/Ziggs (BC/NX),0,1,0
Janna/Morgana (MT/PZ),Caitlyn/Teemo (BC/PZ),0,1,0
Gwen/Zed (IO/SI),Elder Dragon/Volibear (RU/FR),0,1,0
Lillia/Norra (BC/IO),Azir/Xerath (SH),0,1,0
Mordekaiser/Viego (NX/SI),Caitlyn/Teemo (BC/PZ),0,1,0
Mordekaiser/Viego (NX/SI),Elder Dragon/Norra (RU/BC),0,1,0
Katarina/Kennen (IO/NX),Ezreal (PZ/SI),0,1,0
Katarina/Kennen (IO/NX),Caitlyn/Teemo (BC/PZ),0,1,0
Senna (PZ/SI),Senna/Veigar (BC/SI),0,1,0
Ezreal/Nilah (BW/PZ),Elder Dragon/Lissandra/Trundle (RU/FR),0,1,0
Maokai/Nautilus (BW/SI),Azir/Nasus/Renekton (SH),0,1,0
Janna/Seraphine (MT/PZ),Janna/Nilah (BW/PZ),0,1,0
Master Yi/Ryze (IO/RU),Ezreal/Swain (NX/PZ),0,1,0
Karma/Master Yi (FR/IO),Aurelion Sol/Shyvana (DE/MT),0,1,0
Championpile/Jax (BC/RU),Ziggs/Zilean (BC/SH),0,1,0
Caitlyn/Teemo (BC/PZ),Illaoi (BW/IO),0,1,0
Zoe (MT),Sion/Viego (NX/SI),0,1,0
Morgana/Soraka (DE/MT),Zoe (MT),0,1,0
Pantheon/Taric/Yuumi (DE/MT),Championless (SI),0,1,0
Elder Dragon/Volibear (RU/FR),Kalista (MT/SI),0,1,0
Morgana/Taric (DE/MT),Braum/Zoe (FR/MT),0,1,0
Bard/Gwen (RU/SI),Elise/Gwen/Katarina (NX/SI),0,1,0
Aurelion Sol/Elder Dragon (RU/MT),Katarina/Lucian (DE/NX),0,1,0
Aphelios/Zoe (IO/MT),Elise (SI),0,1,0
Caitlyn/Teemo (BC/PZ),Garen (DE/PZ),0,1,0
Senna (PZ/SI),Braum/Lillia (FR/IO),0,1,0
Senna (PZ/SI),Elder Dragon/Shyvana (RU/DE),0,1,0
Senna (PZ/SI),Aurelion Sol/Braum (FR/MT),0,1,0
Championless (MT/PZ),Senna (PZ/SI),0,1,0
Senna (PZ/SI),Elder Dragon (RU/FR),0,1,0
Senna (PZ/SI),Ziggs/Zilean (BC/SH),0,1,0
Ekko (FR/PZ),Aphelios/Norra (BC/MT),0,1,0
Ashe/Ornn (FR/NX),Ezreal/Nilah (BW/PZ),0,1,0
Evelynn/Kai'Sa/Sivir (RU/SH),Ezreal/Nilah (BW/PZ),0,1,0
Draven/Viktor (NX/PZ),Karma/Sett (FR/IO),0,1,0
Annie/Jhin (RU/NX),Fizz/Nami (BC/BW),0,1,0
Mordekaiser/Viego (IO/SI),Lucian (DE/SI),0,1,0
Jhin/Yasuo (IO/RU),Miss Fortune/Vayne (BW/DE),0,1,0
Miss Fortune/Vayne (BW/DE),Viktor/Zilean (PZ/SH),0,1,0
Braum/Vladimir (FR/NX),Miss Fortune/Vayne (BW/DE),0,1,0
Gwen/Irelia (IO/SI),Miss Fortune/Vayne (BW/DE),0,1,0
Caitlyn (BC/PZ),Miss Fortune/Vayne (BW/DE),0,1,0
Miss Fortune/Vayne (BW/DE),Elder Dragon/Volibear (RU/FR),0,1,0
Annie/Jhin (RU/NX),Miss Fortune/Vayne (BW/DE),0,1,0
Evelynn/Fizz (BW/RU),Pyke/Rek'Sai (BW/SH),0,1,0
Pyke/Rek'Sai (BW/SH),Fizz (BW/NX),0,1,0
Ezreal/Seraphine (IO/PZ),Gwen/Rek'Sai (SI/SH),0,1,0
Samira/Sejuani (FR/NX),Ezreal/Seraphine (IO/PZ),0,1,0
Bard/Janna (RU/PZ),Fizz/Samira (BW/NX),0,1,0
Gwen/Irelia (IO/SI),Fizz/Nami (BC/BW),0,1,0
Ashe (FR/PZ),Fizz/Nami (BC/BW),0,1,0
Elise/Nocturne (MT/SI),Ashe (FR/PZ),0,1,0
Gnar/Teemo (BC/PZ),Ezreal/Senna (PZ/SI),0,1,0
Caitlyn/Teemo (BC/PZ),Elise/Nocturne (MT/SI),0,1,0
Championpile (BW/PZ),Elder Dragon/Volibear (RU/FR),0,1,0
Elder Dragon/Viego (RU/SI),Fiora/Shen (DE/IO),0,1,0
Norra/Teemo (BC/PZ),Jinx/Lulu (BC/PZ),0,1,0
Bard/Mordekaiser (RU/SI),Norra/Teemo (BC/PZ),0,1,0
Norra/Teemo (BC/PZ),Darius/Elise (NX/SI),0,1,0
Norra/Teemo (BC/PZ),The Poro King (MT/RU),0,1,0
Braum/Zoe (FR/MT),Norra/Teemo (BC/PZ),0,1,0
Norra/Teemo (BC/PZ),Braum/Lillia (FR/IO),0,1,0
Viktor/Zoe (MT/PZ),Morgana/Udyr (DE/FR),0,1,0
Draven/Jinx (NX/PZ),Samira (MT/NX),0,1,0
The Poro King (FR/RU),Akshan/Samira (NX/SH),0,1,0
The Poro King (FR/RU),Caitlyn/Trundle (FR/PZ),0,1,0
Fizz/Nami (BC/BW),Braum/Zoe (FR/MT),0,1,0
Gnar (BC/PZ),Fizz/Nami (BC/BW),0,1,0
Jinx (NX/PZ),Annie/Gwen (NX/SI),0,1,0
Jinx (NX/PZ),Annie/Sejuani/Swain (FR/NX),0,1,0
Jinx (NX/PZ),Annie/Jhin (RU/NX),0,1,0
Ahri/Kennen (BC/IO),Ezreal (PZ/SI),0,1,0
Ezreal (PZ/SI),Pyke/Rek'Sai (BW/SH),0,1,0
Aatrox/Evelynn (RU/RU),Hecarim/Zed (IO/SI),0,1,0
Aphelios/Sett (IO/MT),Aatrox/Evelynn (RU/RU),0,1,0
Garen/Jarvan IV (DE),Pantheon/Taric (IO/MT),0,1,0
Nami/Zoe (BW/MT),Pyke/Rek'Sai (BW/SH),0,1,0
Lissandra/Volibear (BW/FR),Nami/Zoe (BW/MT),0,1,0
Elder Dragon/Lissandra/Trundle (RU/FR),Anivia (FR/SI),0,1,0
Katarina/Taliyah (NX/SH),Anivia (FR/SI),0,1,0
Samira/Sejuani (FR/NX),Aphelios/Janna (MT/PZ),0,1,0
Nidalee/Sivir (SH),Gangplank/Sejuani (BW/FR),0,1,0
Galio/Garen (DE/IO),Janna/Twisted Fate (BW/PZ),0,1,0
Galio/Garen (DE/IO),Elder Dragon/Morgana (RU/DE),0,1,0
Galio/Garen (DE/IO),Zoe (MT),0,1,0
Galio/Garen (DE/IO),Annie/Jhin (RU/NX),0,1,0
Galio/Garen (DE/IO),Teemo/Vex (BC/SI),0,1,0
Samira/Seraphine (NX/PZ),Karma/Sett (FR/IO),0,1,0
Karma/Sett (FR/IO),Morgana/Udyr (DE/FR),0,1,0
Norra/Swain (BC/NX),Yasuo (IO/NX),0,1,0
Taric/Vladimir (MT/NX),Caitlyn/Teemo (FR/PZ),0,1,0
Aphelios/Norra (BC/MT),Nilah/Twisted Fate (BW/PZ),0,1,0
Azir/Irelia (IO/SH),Lux: Illuminated/Poppy (DE/MT),0,1,0
Elder Dragon/Volibear (RU/FR),Akshan/Renekton (BW/SH),0,1,0
Aurelion Sol/Elder Dragon (RU/MT),Aurelion Sol/Tryndamere (FR/MT),0,1,0
Aurelion Sol/Elder Dragon (RU/MT),Braum/Vladimir (FR/NX),0,1,0
Aurelion Sol/Elder Dragon (RU/MT),Karma/Master Yi (IO/SH),0,1,0
Aurelion Sol/Elder Dragon (RU/MT),Illaoi/Viego (BW/SI),0,1,0
Championless (PZ/SI),Aurelion Sol/Elder Dragon (RU/MT),0,1,0
Aurelion Sol/Elder Dragon (RU/MT),Elder Dragon/Shyvana (RU/DE),0,1,0
Aurelion Sol/Elder Dragon (RU/MT),Braum/Zoe (FR/MT),0,1,0
Pyke/Rek'Sai (BW/SH),Gwen/Zed (IO/SI),0,1,0
Evelynn/Fizz (BW/RU),Braum/The Poro King (FR/RU),0,1,0
Braum/The Poro King (FR/RU),Elise (FR/SI),0,1,0
Karma/Ryze (IO/RU),Azir/Irelia (IO/SH),0,1,0
Pyke/Rek'Sai (BW/SH),Nasus/Renekton (SH),0,1,0
The Poro King (BW/RU),Aurelion Sol/Elder Dragon (RU/MT),0,1,0
Ekko/Zilean (PZ/SH),Elise/Viego (NX/SI),0,1,0
Ekko (PZ/SH),Caitlyn/Trundle (FR/PZ),0,1,0
Ekko (PZ/SH),Elder Dragon/Volibear (RU/FR),0,1,0
Ezreal/Swain (NX/PZ),Caitlyn/Teemo (FR/PZ),0,1,0
Caitlyn/Teemo (FR/PZ),Elder Dragon/Shyvana (RU/DE),0,1,0
Championless (SI),Janna/Twisted Fate (BW/PZ),0,1,0
Caitlyn/Trundle (FR/PZ),Braum/The Poro King (FR/RU),0,1,0
Akshan/Kayn (RU/SH),Caitlyn/Trundle (FR/PZ),0,1,0
Caitlyn/Trundle (FR/PZ),Elder Dragon/Shyvana (RU/DE),0,1,0
Caitlyn/Trundle (FR/PZ),Caitlyn/Teemo (FR/PZ),0,1,0
Akshan/Master Yi (IO/SH),Caitlyn/Trundle (FR/PZ),0,1,0
Bard/Kalista (RU/SI),Karma/Sett (FR/IO),0,1,0
Yuumi/Zoe (FR/MT),Senna/Veigar (BC/SI),0,1,0
Braum/The Poro King (FR/RU),Fiora (DE/SH),0,1,0
Braum/Lillia (FR/IO),Braum/The Poro King (FR/RU),0,1,0
Ekko/Zilean (PZ/SH),Fiora (DE/SH),0,1,0
Lissandra/Volibear (DE/FR),Fiora (DE/SH),0,1,0
Rumble/Vayne (DE/NX),Neeko/Poppy (BC/RU),0,1,0
Rumble/Vayne (DE/NX),Caitlyn (BC/PZ),0,1,0
Katarina/Kennen (IO/NX),Akshan/Zilean (BC/SH),0,1,0
Katarina/Kennen (IO/NX),Akshan/Udyr (FR/SH),0,1,0
Ashe (DE/FR),Senna/Veigar (BC/SI),0,1,0
Morgana/Zoe (FR/MT),Senna/Veigar (BC/SI),0,1,0
Yasuo (IO/NX),Senna/Veigar (BC/SI),0,1,0
Akshan/Renekton (BW/SH),Elder Dragon/Lissandra/Trundle (RU/FR),0,1,0
Malphite/Yasuo (IO/MT),Miss Fortune (BW/NX),0,1,0
Akshan/Pantheon (MT/SH),Braum/Zoe (FR/MT),0,1,0
Caitlyn (BC/PZ),Braum/Zoe (FR/MT),0,1,0
Morgana/Udyr (DE/FR),Elise (NX/SI),0,1,0
Gwen/Quinn (DE/SI),Morgana/Udyr (DE/FR),0,1,0
Aphelios/Norra (BC/MT),Elise (FR/SI),0,1,0
Akshan/Pantheon (MT/SH),Aphelios/Norra (BC/MT),0,1,0
Fizz/Samira (BW/NX),Akshan/Pantheon (MT/SH),0,1,0
Senna (PZ/SI),Kayle (BW/MT),0,1,0
Senna (PZ/SI),Master Yi/Pantheon (IO/MT),0,1,0
Evelynn/Kai'Sa (RU/SH),Senna (PZ/SI),0,1,0
Ezreal/Senna (PZ/SI),Senna (PZ/SI),0,1,0
Bard/Janna (RU/PZ),Fiora/Pantheon (DE/MT),0,1,0
Aphelios/Norra (BC/MT),Evelynn/Fizz (BW/RU),0,1,0
Kalista/Lucian (DE/SI),Fiora/Pantheon (DE/MT),0,1,0
Aurelion Sol/Zoe (MT/PZ),Ezreal/Nilah (BW/PZ),0,1,0
Kalista/Lucian (DE/SI),Leona (IO/MT),0,1,0
Draven/Seraphine (NX/PZ),Annie/Ezreal (NX/PZ),0,1,0
Janna/Nilah (BW/PZ),Draven/Seraphine (NX/PZ),0,1,0
Norra/Zoe (BC/MT),Draven/Seraphine (NX/PZ),0,1,0
Annie/Ezreal (NX/PZ),Janna/Nilah (BW/PZ),0,1,0
Evelynn/Janna (RU/PZ),Miss Fortune/Vayne (BW/DE),0,1,0
Sejuani/Teemo (FR/PZ),Miss Fortune/Vayne (BW/DE),0,1,0
Pantheon/Udyr (FR/MT),Miss Fortune/Vayne (BW/DE),0,1,0
Lissandra (FR/MT),Miss Fortune/Vayne (BW/DE),0,1,0
Aurelion Sol/Elder Dragon (RU/MT),Miss Fortune/Vayne (BW/DE),0,1,0
Miss Fortune/Vayne (BW/DE),Ezreal/Swain (NX/PZ),0,1,0
Aphelios/Zoe (MT),Miss Fortune/Vayne (BW/DE),0,1,0
Hecarim (MT/SI),Miss Fortune/Vayne (BW/DE),0,1,0
Morgana/Udyr (DE/FR),Aurelion Sol/Shyvana (DE/MT),0,1,0
Caitlyn/Teemo (FR/PZ),Aurelion Sol/Shyvana (DE/MT),0,1,0
Pyke/Rek'Sai (BW/SH),Aurelion Sol/Shyvana (DE/MT),0,1,0
Janna/Nilah (BW/PZ),Zoe (DE/MT),0,1,0
Championpile (FR/NX),Elder Dragon/Volibear (RU/FR),0,1,0
Ashe (FR/SH),Braum/Vladimir (FR/NX),0,1,0
Caitlyn/Teemo (BC/PZ),Ziggs/Zilean (BC/SH),0,1,0
Championless (BC/SH),The Poro King (FR/RU),0,1,0
Fizz/Nami (BC/BW),Udyr (DE/FR),0,1,0
Lissandra (FR/SI),Poppy/Ziggs (BC/NX),0,1,0
Annie/Jhin (RU/NX),Heimerdinger/Jayce (PZ/SI),0,1,0
Braum/Lillia (FR/IO),Anivia/Tryndamere (FR/SI),0,1,0
Gwen/Vayne (DE/SI),Elder Dragon/Elise (RU/SI),0,1,0
Azir/Nasus/Renekton (SH),Elder Dragon/Elise (RU/SI),0,1,0
Xerath/Ziggs (BC/SH),Elder Dragon/Elise (RU/SI),0,1,0
Caitlyn/Teemo (FR/PZ),Elder Dragon/Elise (RU/SI),0,1,0
Anivia/Ashe (FR/IO),Heimerdinger/Viktor (IO/PZ),0,1,0
Bard/Maokai (RU/SI),Elder Dragon/Norra/Vex (RU/BC),0,1,0
Jinx/Lulu (BC/PZ),Mordekaiser/Viego (FR/SI),0,1,0
Aurelion Sol/Zoe (MT/PZ),Poppy (BC/NX),0,1,0
Ashe/Lissandra (FR),The Poro King (RU/SH),0,1,0
Norra/Swain (BC/NX),Zoe (MT/PZ),0,1,0
Elder Dragon (RU/FR),Norra/Swain (BC/NX),0,1,0
Miss Fortune/Twisted Fate (BW/NX),Jax/Ornn (FR/RU),0,1,0
Mordekaiser/Norra (BC/SI),Miss Fortune/Twisted Fate (BW/NX),0,1,0
Azir/Nasus (SH),Miss Fortune/Twisted Fate (BW/NX),0,1,0
Braum/The Poro King (FR/RU),Miss Fortune/Twisted Fate (BW/NX),0,1,0
Pantheon/Taric (IO/MT),Aurelion Sol/Elder Dragon (RU/MT),0,1,0
Evelynn/Kai'Sa (RU/SH),Aurelion Sol/Elder Dragon (RU/MT),0,1,0
Aurelion Sol/Elder Dragon (RU/MT),Norra/Teemo (BC/SI),0,1,0
Elise (FR/SI),Aurelion Sol/Elder Dragon (RU/MT),0,1,0
Aurelion Sol/Elder Dragon (RU/MT),Vi (BC/PZ),0,1,0
Gangplank/Sejuani (BW/FR),Aurelion Sol/Elder Dragon (RU/MT),0,1,0
Morgana/Yasuo (IO/MT),Aurelion Sol/Elder Dragon (RU/MT),0,1,0
Aurelion Sol/Elder Dragon (RU/MT),Heimerdinger/Jayce (PZ/SI),0,1,0
Thresh/Viego (SI),Aurelion Sol/Elder Dragon (RU/MT),0,1,0
Ekko (PZ/SH),Aurelion Sol/Elder Dragon (RU/MT),0,1,0
Caitlyn/Teemo (BC/PZ),Fiora/Pantheon (DE/MT),0,1,0
Gnar/Poppy (BC/NX),Azir/Hecarim (SI/SH),0,1,0
Hecarim/Zed (IO/SI),Gwen/Katarina (NX/SI),0,1,0
Rumble/Sion (BC/NX),Gwen/Katarina (NX/SI),0,1,0
Pyke/Rek'Sai (BW/SH),Ezreal/Seraphine (NX/PZ),0,1,0
Karma/Seraphine (IO/PZ),Ezreal/Seraphine (IO/PZ),0,1,0
Nilah/Twisted Fate (BW/PZ),Ashe (FR),0,1,0
Yuumi/Zoe (FR/MT),Ahri/Kennen (BC/IO),0,1,0
Lissandra/Teemo (FR/PZ),Ezreal/Janna/Seraphine (NX/PZ),0,1,0
Elder Dragon/Lissandra/Volibear (RU/FR),Akshan (FR/SH),0,1,0
Norra/Teemo (BC/SI),Elder Dragon/Lissandra/Volibear (RU/FR),0,1,0
Pantheon/Taric (DE/MT),Elder Dragon/Lissandra (RU/FR),0,1,0
Caitlyn/Norra (BC/PZ),Karma/Sett (IO/PZ),0,1,0
Karma/Sett (IO/PZ),Ezreal/Swain (NX/PZ),0,1,0
Swain/Yasuo (IO/NX),Championless (IO/NX),0,1,0
Ashe/Lissandra (FR/SH),Aphelios/Gnar (FR/MT),0,1,0
Ashe/Lissandra (FR/SH),Ezreal/Seraphine (BC/PZ),0,1,0
Heimerdinger/Viktor (IO/PZ),Championless (BC/SH),0,1,0
Akshan/Morgana (MT/SH),Hecarim/Zed (IO/SI),0,1,0
Ezreal/Senna (PZ/SI),Azir/Xerath (SH),0,1,0
Ashe/Lissandra (FR/SH),Udyr (DE/FR),0,1,0
Pantheon/Taric (IO/MT),Kayle (BW/MT),0,1,0
Pyke/Rek'Sai (BW/SH),Diana/Nocturne (MT/SI),0,1,0
Diana/Nocturne (MT/SI),Aatrox/Kayn (RU/RU),0,1,0
Mordekaiser/Sion (NX/SI),Diana/Nocturne (MT/SI),0,1,0
Quinn (DE/MT),Yasuo (IO/NX),0,1,0
Fizz/Samira (BW/NX),Quinn (DE/MT),0,1,0
Akshan/Renekton (SH),Miss Fortune/Vayne (BW/DE),0,1,0
Miss Fortune/Vayne (BW/DE),Shyvana (DE/MT),0,1,0
Karma/Sett (FR/IO),Master Yi/Zed (IO/SH),0,1,0
Samira/Varus (NX/RU),Karma/Sett (FR/IO),0,1,0
Anivia (FR/SI),Morgana (MT/PZ),0,1,0
Lissandra (FR/SH),Akshan/Udyr (FR/SH),0,1,0
Akshan/Udyr (FR/SH),Bard/Garen (RU/DE),0,1,0
LeBlanc/Sivir (NX/SH),Akshan/Seraphine (PZ/SH),0,1,0
Pantheon/Udyr (FR/MT),LeBlanc/Sivir (NX/SH),0,1,0
LeBlanc/Sivir (NX/SH),Gnar/Norra (BC/FR),0,1,0
Darius/Gwen (NX/SI),Ashe (FR/PZ),0,1,0
Gangplank/Sejuani (BW/FR),Elder Dragon/Lissandra/Volibear (RU/FR),0,1,0
Elder Dragon/Lissandra/Volibear (RU/FR),Jax/Ornn (FR/RU),0,1,0
Azir/Xerath (SH),Akshan/Sivir (NX/SH),0,1,0
Twisted Fate (BC/BW),Akshan/Sivir (NX/SH),0,1,0
Akshan/Sivir (NX/SH),Lissandra/Taliyah (FR/SH),0,1,0
Kai'Sa/Viktor (PZ/SH),The Poro King (FR/RU),0,1,0
The Poro King (FR/RU),Kayle/Teemo (BC/MT),0,1,0
The Poro King (RU/SI),Braum/Lillia (FR/IO),0,1,0
Pantheon/Riven (MT/NX),Pyke/Rek'Sai (BW/SH),0,1,0
Azir/Xerath (SH),Draven/Katarina (FR/NX),0,1,0
Norra/Teemo (BC/PZ),Azir/Xerath (SH),0,1,0
Lissandra/Taliyah (FR/SH),Azir/Xerath (SH),0,1,0
Nami/The Poro King (BW/RU),Senna/Veigar (BC/SI),0,1,0
The Poro King (FR/RU),Heimerdinger/Jayce (PZ/SI),0,1,0
Pyke/Rek'Sai (BW/SH),Irelia/Sivir (IO/SH),0,1,0
Zoe (DE/MT),Pyke/Rek'Sai (BW/SH),0,1,0
Ashe/Lissandra (FR/SH),Pyke/Rek'Sai (BW/SH),0,1,0
Jhin/Nami (BW/RU),Aphelios/Norra (BC/MT),0,1,0
Samira/Sejuani (FR/NX),Evelynn/Fizz (BW/RU),0,1,0
Bard/Garen (RU/DE),Ashe (FR/PZ),0,1,0
Norra/Teemo/Zoe (BC/MT),Gangplank/Sejuani (BW/FR),0,1,0
Azir/Xerath (SH),Gangplank/Sejuani (BW/FR),0,1,0
Evelynn/Fizz (BW/RU),Janna (FR/PZ),0,1,0
Annie/Gwen (NX/SI),Nidalee (BC/SH),0,1,0
Akshan/Seraphine (PZ/SH),Ezreal/Seraphine (BC/PZ),0,1,0
Jack/Sett (BW/IO),Pantheon/Shyvana (DE/MT),0,1,0
Hecarim/Mordekaiser/Viego (SI/SH),Aphelios/Viktor (MT/PZ),0,1,0
Aphelios/Viktor (MT/PZ),Aatrox/Jax (RU/RU),0,1,0
Elder Dragon/Kalista/Mordekaiser (RU/SI),Aphelios/Viktor (MT/PZ),0,1,0
Draven/Rumble (NX/PZ),Elder Dragon/Elise (RU/SI),0,1,0
Gwen/Zed (IO/SI),Elder Dragon/Elise (RU/SI),0,1,0
Azir/Renekton (SH),Elder Dragon/Elise (RU/SI),0,1,0
Lissandra/Taliyah (FR/SH),Elder Dragon/Elise (RU/SI),0,1,0
Elder Dragon/Elise (RU/SI),Fiora/Shen (DE/IO),0,1,0
Norra/Teemo (BC/PZ),The Poro King (FR/RU),0,1,0
Caitlyn/Teemo (BC/PZ),Janna (FR/PZ),0,1,0
Norra/Swain (BC/NX),Aurelion Sol/Shyvana/Zoe (DE/MT),0,1,0
Bard/Kayle (RU/MT),Norra/Swain (BC/NX),0,1,0
Taric/Vladimir (MT/NX),Kai'Sa/Pantheon (MT/SH),0,1,0
Lee Sin/Viktor (IO/PZ),Akshan/Sivir (DE/SH),0,1,0
The Poro King (RU/SI),Taric/Vladimir (MT/NX),0,1,0
Aatrox/Jax (RU/RU),Taliyah/Zilean (DE/SH),0,1,0
Lissandra (FR/SH),Lee Sin/Viktor (IO/PZ),0,1,0
Ekko/Zilean (PZ/SH),Akshan/Vladimir (NX/SH),0,1,0
Gwen/Kennen (IO/SI),Elder Dragon/Volibear (RU/FR),0,1,0
Jarvan IV/Shen (DE/IO),Norra/Trundle (BC/FR),0,1,0
Aurelion Sol/Elder Dragon (RU/MT),Neeko/Poppy (DE/RU),0,1,0
Zilean (PZ/SH),Azir/Irelia (IO/SH),0,1,0
Morgana/Udyr (DE/FR),Pyke/Rek'Sai (BW/SH),0,1,0
Pyke/Rek'Sai (BW/SH),Lissandra/Trundle (DE/FR),0,1,0
Fiora/Pantheon (DE/MT),Zoe (DE/MT),0,1,0
Bard (RU/IO),Pyke/Rek'Sai (BW/SH),0,1,0
Bard (RU/IO),Lillia (BC/IO),0,1,0
Fizz/Master Yi (BC/IO),Bard (RU/IO),0,1,0
Bard/Mordekaiser (RU/SI),Bard (RU/IO),0,1,0
Bard (RU/IO),Azir/Xerath (SH),0,1,0
Ziggs (BC/SH),Championless (SI),0,1,0
Fiora (DE/FR),Aatrox/Kayn (RU/RU),0,1,0
Nilah/Twisted Fate (BW/PZ),Yuumi/Zoe (FR/MT),0,1,0
Nilah/Twisted Fate (BW/PZ),Karma/Seraphine (IO/PZ),0,1,0
Evelynn/Fizz (BW/RU),Zoe (DE/MT),0,1,0
Annie/Jhin/Katarina/Samira (RU/NX),Ezreal/Janna/Seraphine (NX/PZ),0,1,0
Heimerdinger/Karma (IO/PZ),Bard/Kayle (RU/MT),0,1,0
Kayle/Lillia (IO/MT),Heimerdinger/Karma (IO/PZ),0,1,0
Heimerdinger/Karma (IO/PZ),Morgana (MT/PZ),0,1,0
Rumble/Vayne (DE/NX),Lissandra/Trundle (FR/SI),0,1,0
Gwen/Irelia (IO/SI),Ezreal/Seraphine (BC/PZ),0,1,0
Evelynn/Fizz (BW/RU),Ezreal/Seraphine (BC/PZ),0,1,0
Poppy/Ziggs (BC/NX),Seraphine (MT/PZ),0,1,0
Zoe (MT),Anivia/Mordekaiser (FR/SI),0,1,0
Zoe (MT),Galio/Sivir (DE/SH),0,1,0
Ashe/Lissandra (FR/SH),Irelia/Sivir (IO/SH),0,1,0
Ashe/LeBlanc (FR/NX),Ashe/Lissandra (FR/SH),0,1,0
Aurelion Sol/Taric (DE/MT),Senna/Veigar (BC/SI),0,1,0
Aurelion Sol/Garen (DE/MT),Aurelion Sol/Taric (DE/MT),0,1,0
Rumble/Sion (BC/NX),Aurelion Sol/Taric (DE/MT),0,1,0
Aurelion Sol/Taric (DE/MT),Gangplank/Miss Fortune/Twisted Fate (BW),0,1,0
Garen (DE/MT),Ashe/LeBlanc (FR/NX),0,1,0
Evelynn/Fizz (BW/RU),Seraphine/Zoe (MT/PZ),0,1,0
Braum (FR/SH),Evelynn/Fizz (BW/RU),0,1,0
Bard/Janna (RU/PZ),Nilah/Twisted Fate (BW/PZ),0,1,0
Evelynn/Fizz (BW/RU),Irelia/Miss Fortune (BW/IO),0,1,0
Elder Dragon/Elise/Maokai (RU/SI),Elder Dragon/Volibear (RU/FR),0,1,0
Jhin/Yasuo (IO/RU),Elder Dragon (RU/FR),0,1,0
Elder Dragon (RU/FR),Azir/Hecarim (SI/SH),0,1,0
Elder Dragon (RU/FR),Senna/Veigar (BC/SI),0,1,0
Taliyah/Ziggs (BC/SH),Gangplank/Sejuani (BW/FR),0,1,0
Yasuo (IO/MT),Gangplank/Sejuani (BW/FR),0,1,0
Bard/Mordekaiser (RU/SI),Gangplank/Sejuani (BW/FR),0,1,0
Akshan/Sivir (IO/SH),Mordekaiser/Viego (IO/SI),0,1,0
Akshan (PZ/SH),Mordekaiser/Viego (IO/SI),0,1,0
Sejuani/Udyr (DE/FR),Norra/Zoe (BC/MT),0,1,0
Elder Dragon/Viego (RU/SI),Elder Dragon/Volibear (RU/FR),0,1,0
Azir/Xerath (SH),Gnar/Neeko (FR/RU),0,1,0
Akshan/Master Yi (IO/SH),Azir/Xerath (SH),0,1,0
Azir/Xerath (SH),Lissandra/Trundle (FR/SI),0,1,0
Azir/Xerath (SH),Kai'Sa/Pantheon (MT/SH),0,1,0
Jarvan IV/Vi (DE/PZ),Azir/Xerath (SH),0,1,0
Kalista/Zed (IO/SI),Senna/Veigar (BC/SI),0,1,0
Morgana/Udyr (DE/FR),Maokai (BW/SI),0,1,0
Leona/Soraka/Yasuo (IO/MT),Katarina/Yasuo (IO/NX),0,1,0
Aphelios/Gnar (FR/MT),Evelynn/Kennen (RU/IO),0,1,0
Gwen/Master Yi (IO/SI),Darius (FR/NX),0,1,0
Annie/Jhin (RU/NX),Gwen/Master Yi (IO/SI),0,1,0
Aphelios/Zoe (MT),Braum/Zoe (FR/MT),0,1,0
Janna/Nilah (BW/PZ),Aphelios/Norra (BC/MT),0,1,0
Garen/Jarvan IV (DE/FR),Galio/Garen (DE/IO),0,1,0
Galio/Garen (DE/IO),Nilah/Twisted Fate (BW/PZ),0,1,0
Galio/Garen (DE/IO),Fiora (DE/FR),0,1,0
Ahri/Yasuo (IO/MT),Galio/Garen (DE/IO),0,1,0
Janna/Seraphine (BW/PZ),Nidalee (BC/SH),0,1,0
Ezreal/Nilah (BW/PZ),Draven/Jinx (NX/PZ),0,1,0
Caitlyn/Teemo (BC/PZ),LeBlanc/Sivir (NX/SH),0,1,0
Championless (IO/SI),Norra/Swain (BC/NX),0,1,0
Norra/Swain (BC/NX),Viktor/Zoe (MT/PZ),0,1,0
Elise/Kalista (FR/SI),Annie/Jhin (RU/NX),0,1,0
Championless (BC/SH),Annie/Jhin (RU/NX),0,1,0
Annie/Jhin (RU/NX),Gwen/Riven (NX/SI),0,1,0
Kalista/Zed (IO/SI),Azir/Irelia (IO/SH),0,1,0
Ashe (FR/PZ),Annie/Ezreal (NX/PZ),0,1,0
Ashe/Lissandra (FR/SH),Ashe (FR/PZ),0,1,0
Ashe/LeBlanc (FR/NX),Aphelios/Norra (BC/MT),0,1,0
Taliyah (IO/SH),Nilah/Twisted Fate (BW/PZ),0,1,0
Diana/Nocturne (MT/SI),Nilah/Twisted Fate (BW/PZ),0,1,0
Nilah/Twisted Fate (BW/PZ),Riven/Viktor (NX/PZ),0,1,0
Aphelios/Gnar (FR/MT),Gwen/Katarina (NX/SI),0,1,0
Aphelios/Norra (BC/MT),Gwen/Katarina (NX/SI),0,1,0
Fiora (DE/SH),Yasuo (FR/IO),0,1,0
Katarina/Kennen (IO/NX),Championless (SI),0,1,0
Elder Dragon (RU/MT),Elder Dragon/Volibear (RU/FR),0,1,0
Twisted Fate (BW/PZ),Elder Dragon (RU/MT),0,1,0
Janna (BC/PZ),Elder Dragon (RU/MT),0,1,0
Shen/Sivir (IO/SH),Aphelios/Norra (BC/MT),0,1,0
Yasuo (IO/MT),Braum/Zoe (FR/MT),0,1,0
Evelynn/Kai'Sa (RU/SH),Championless (SI),0,1,0
Ekko/Zilean (PZ/SH),Championless (SI),0,1,0
Aurelion Sol/Shyvana (DE/MT),Aurelion Sol/Taric (DE/MT),0,1,0
Aurelion Sol/Taric (DE/MT),Sejuani/Vladimir (FR/NX),0,1,0
Aurelion Sol/Taric (DE/MT),Akshan/Samira (NX/SH),0,1,0
Aurelion Sol/Taric (DE/MT),Elder Dragon/Norra (RU/BC),0,1,0
Kalista (DE/SI),Aurelion Sol/Taric (DE/MT),0,1,0
Aurelion Sol/Taric (DE/MT),Ahri/Akshan (IO/SH),0,1,0
Ashe/Kindred (FR/SI),Senna (PZ/SI),0,1,0
Senna (PZ/SI),Akshan/Morgana (DE/SH),0,1,0
Leona/Yasuo (IO/MT),Evelynn/Fizz (BW/RU),0,1,0
Championless (BW/SH),Norra/Swain (BC/NX),0,1,0
Caitlyn (BC/PZ),Jinx/Lulu (BC/PZ),0,1,0
Braum/Zoe (FR/MT),Ahri/Kennen (BC/IO),0,1,0
Ekko/Nidalee (PZ/SH),Braum/Zoe (FR/MT),0,1,0
Annie/Elise (NX/SI),Akshan/Samira (NX/SH),0,1,0
Ahri/Kennen (BC/IO),Annie/Elise (NX/SI),0,1,0
Elise/Nocturne (MT/SI),Aphelios/Gnar (FR/MT),0,1,0
Teemo/Zoe (MT/PZ),Draven/Katarina (NX/SI),0,1,0
Elder Dragon/Janna (RU/PZ),Draven/Katarina (NX/SI),0,1,0
Lee Sin/Shen (IO/SI),Fiora/Garen (DE),0,1,0
Lee Sin/Shen (IO/SI),Kindred/Nasus (SI/SH),0,1,0
Lee Sin/Shen (IO/SI),Elise/Kalista (FR/SI),0,1,0
Azir/Irelia (IO/SH),Lee Sin/Shen (IO/SI),0,1,0
Lee Sin/Shen (IO/SI),Katarina/Lucian (DE/NX),0,1,0
Lillia/Norra (BC/IO),Nami/Zoe (BW/MT),0,1,0
Annie/Gwen (NX/SI),Nami/Zoe (BW/MT),0,1,0
Master Yi/Ryze (IO/RU),Nami/Zoe (BW/MT),0,1,0
Karma/Nami (BW/IO),Nami/Zoe (BW/MT),0,1,0
Azir/Xerath (SH),Norra/Teemo (BC/SI),0,1,0
Azir/Xerath (SH),Shen/Zed (DE/IO),0,1,0
Azir/Irelia (IO/SH),Garen/Jarvan IV (DE),0,1,0
Aatrox/Varus (RU/RU),Azir/Irelia (IO/SH),0,1,0
Janna/Nilah (BW/PZ),Ezreal/Janna/Seraphine (NX/PZ),0,1,0
Kindred/Mordekaiser (BC/SI),Aurelion Sol/Volibear (FR/MT),0,1,0
Kindred/Mordekaiser (BC/SI),Braum/The Poro King (FR/RU),0,1,0
Elder Dragon/Soraka (RU/MT),Kindred/Mordekaiser (BC/SI),0,1,0
Championless (PZ/SI),Kindred/Mordekaiser (BC/SI),0,1,0
Azir/Irelia (IO/SH),Aurelion Sol/Zoe (MT),0,1,0
Teemo/Zoe (MT/PZ),Norra/Swain (BC/NX),0,1,0
Swain (BW/NX),Norra/Swain (BC/NX),0,1,0
Akshan/Udyr (FR/SH),Norra/Swain (BC/NX),0,1,0
Lux: Illuminated/Vex (BC/DE),Norra/Swain (BC/NX),0,1,0
Annie/Jhin (RU/NX),Ekko/Karma (IO/PZ),0,1,0
Gwen (SI),Elder Dragon/Volibear (RU/FR),0,1,0
Maokai (SI/SH),Elder Dragon/Volibear (RU/FR),0,1,0
Championless (BC/SH),Jinx/Lulu (BC/PZ),0,1,0
Bard/Zed (RU/IO),Evelynn/Kai'Sa (RU/SH),0,1,0
Zoe (DE/MT),Ashe (FR/PZ),0,1,0
Annie/Jarvan IV (DE/NX),Nilah/Twisted Fate (BW/PZ),0,1,0
Nilah/Twisted Fate (BW/PZ),The Poro King (RU/SI),0,1,0
Ekko/Karma (IO/PZ),Nilah/Twisted Fate (BW/PZ),0,1,0
Braum/Fiora (DE/FR),Karma/Sett (FR/IO),0,1,0
Elder Dragon/Soraka (RU/MT),Karma/Sett (FR/IO),0,1,0
Fiora (DE/SH),Taliyah/Ziggs (BC/SH),0,1,0
Fiora (DE/SH),Annie/Jhin (RU/NX),0,1,0
Maokai/Nautilus (BW/SI),Fiora (DE/SH),0,1,0
Annie/Elise (NX/SI),Nami/Nilah (BW/SI),0,1,0
Championpile (BW/NX),Annie/Elise (NX/SI),0,1,0
Caitlyn/Teemo (BC/PZ),Annie/Elise (NX/SI),0,1,0
Lissandra (FR/SI),Ashe/Lissandra (FR/SH),0,1,0
Ashe/Lissandra (FR/SH),The Poro King (FR/RU),0,1,0
Miss Fortune/Nilah/Zoe (BW/MT),Aurelion Sol (DE/MT),0,1,0
Aurelion Sol (DE/MT),Rumble/Viktor (BC/PZ),0,1,0
Aurelion Sol/Taric (DE/MT),Janna/Nilah/Twisted Fate (BW/PZ),0,1,0
Aurelion Sol/Taric (DE/MT),Katarina/Yasuo (IO/NX),0,1,0
Senna (PZ/SI),Jarvan IV/Kalista (DE/SI),0,1,0
Senna (PZ/SI),Ekko/Jinx (PZ/SH),0,1,0
Senna (PZ/SI),Sejuani/Teemo (BC/FR),0,1,0
Jarvan IV/Shyvana (DE/SH),Senna (PZ/SI),0,1,0
Mordekaiser/Morgana (DE/SI),Senna (PZ/SI),0,1,0
Fizz/Twisted Fate (BW/PZ),Senna (PZ/SI),0,1,0
Senna (PZ/SI),Elder Dragon/Galio/Morgana (RU/DE),0,1,0
Nami/Nilah (BW/SI),Caitlyn/Teemo (BC/PZ),0,1,0
Ahri/Jhin/Kennen (IO/RU),Nami/Nilah (BW/SI),0,1,0
Janna (PZ/SI),Nami/Nilah (BW/SI),0,1,0
Kalista/Norra (BC/SI),Aphelios/Norra (BC/MT),0,1,0
Kayle/The Poro King (MT/RU),Seraphine/Zoe (MT/PZ),0,1,0
Seraphine/Zoe (MT/PZ),Hecarim/Kayle (MT/SI),0,1,0
Seraphine/Zoe (MT/PZ),Azir/Irelia (IO/SH),0,1,0
Ekko/Zilean (PZ/SH),Evelynn/Viego (RU/SI),0,1,0
Evelynn/Viego (RU/SI),Championpile (FR/PZ),0,1,0
Bard/Zed (RU/IO),Annie/Jhin (RU/NX),0,1,0
Jhin (RU/SI),Ezreal/Seraphine (BC/PZ),0,1,0
Aphelios/Gnar (FR/MT),Jhin (RU/SI),0,1,0
Viego (PZ/SI),Elder Dragon/Viego (RU/SI),0,1,0
Katarina/Yasuo (IO/NX),Elder Dragon/Viego (RU/SI),0,1,0
Galio/Soraka (DE/MT),Nami/Zoe (BW/MT),0,1,0
Kindred/Viego (PZ/SI),Karma/Sett (FR/IO),0,1,0
Aphelios/Zoe (IO/MT),Karma/Sett (IO/PZ),0,1,0
Akshan/Udyr (FR/SH),Aphelios/Zoe (IO/MT),0,1,0
Aphelios/Zoe (IO/MT),LeBlanc/Vi (NX/PZ),0,1,0
Aphelios/Zoe (IO/MT),Poppy/Ziggs (BC/NX),0,1,0
Galio/Soraka (DE/MT),Kindred/Mordekaiser (BC/SI),0,1,0
Kindred/Mordekaiser (BC/SI),Zoe (MT/PZ),0,1,0
Morgana (DE/MT),Kindred/Mordekaiser (BC/SI),0,1,0
Morgana/Vayne (DE/NX),Akshan/Master Yi (IO/SH),0,1,0
Championpile/Elder Dragon (RU/SH),Morgana/Vayne (DE/NX),0,1,0
Mordekaiser/Viego (NX/SI),Morgana/Vayne (DE/NX),0,1,0
Azir/Nasus/Renekton (SH),Ahri/Kennen (FR/IO),0,1,0
Seraphine/Viktor (FR/PZ),Azir/Nasus/Renekton (SH),0,1,0
Taliyah/Zilean (IO/SH),Gnar/Teemo (BC/PZ),0,1,0
Aurelion Sol/Zoe (MT/PZ),Taliyah/Zilean (IO/SH),0,1,0
Viktor (PZ/SI),Taliyah/Zilean (IO/SH),0,1,0
Morgana/Vayne (DE/MT),Annie/Jhin (RU/NX),0,1,0
Heimerdinger (BC/SI),Azir/Irelia (IO/SH),0,1,0
Gangplank/Mordekaiser (BW/SI),Azir/Irelia (IO/SH),0,1,0
Elder Dragon/Volibear (RU/FR),Gwen/Riven (NX/SI),0,1,0
Azir/Irelia (IO/SH),Ezreal/Seraphine (PZ/SI),0,1,0
Azir/Irelia (IO/SH),Fiora/Shyvana (DE/MT),0,1,0
Jarvan IV/Kalista (DE/SI),Azir/Irelia (IO/SH),0,1,0
Bard/Zed (RU/IO),Braum/Zoe (FR/MT),0,1,0
LeBlanc/Sion (FR/NX),Elder Dragon/Volibear (RU/FR),0,1,0
Evelynn/Yasuo (RU/IO),LeBlanc/Sion (FR/NX),0,1,0
Sejuani/Vladimir (FR/NX),Aatrox/Vayne (RU/DE),0,1,0
Lissandra (FR/SH),Bard/Gwen (RU/SI),0,1,0
Lissandra (FR/SH),Braum/Evelynn (RU/FR),0,1,0
Norra/Yuumi (BC/SI),Poppy/Ziggs (BC/NX),0,1,0
Elder Dragon/Lissandra/Trundle (RU/FR),Poppy/Ziggs (BC/NX),0,1,0
Evelynn/Heimerdinger (RU/PZ),Poppy/Ziggs (BC/NX),0,1,0
Championpile (MT/PZ),Poppy/Ziggs (BC/NX),0,1,0
Norra/Teemo/Zoe (BC/MT),Poppy/Ziggs (BC/NX),0,1,0
Taliyah (IO/SH),Poppy/Ziggs (BC/NX),0,1,0
Draven/Jinx (NX/PZ),Senna (PZ/SI),0,1,0
Lucian (DE/SI),Elder Dragon/Elise (RU/SI),0,1,0
Ashe (FR/PZ),The Poro King (MT/RU),0,1,0
Aurelion Sol/Leona (DE/MT),Elise/Teemo (PZ/SI),0,1,0
Ekko/Gwen (PZ/SI),Akshan/Pantheon (MT/SH),0,1,0
Aphelios/Gnar (FR/MT),Akshan/Pantheon (MT/SH),0,1,0
Gwen/Irelia (IO/SI),Kalista/Norra (BC/SI),0,1,0
Ekko/Gwen (PZ/SI),Kalista/Norra (BC/SI),0,1,0
Ekko/Gwen (PZ/SI),Ezreal/Nilah (BW/PZ),0,1,0
Ekko/Gwen (PZ/SI),The Poro King (MT/RU),0,1,0
Ekko/Gwen (PZ/SI),Lux: Illuminated/Pantheon/Zoe (DE/MT),0,1,0
Ezreal/Seraphine (BC/PZ),Ekko/Janna (IO/PZ),0,1,0
Aphelios/Gnar (FR/MT),Ekko/Janna (IO/PZ),0,1,0
Evelynn/Yasuo (RU/IO),Jack/Sett (BW/IO),0,1,0
Ashe/Tahm Kench (BW/FR),Trundle/Volibear (FR/IO),0,1,0
Norra (BC/FR),Aphelios/Viktor (MT/PZ),0,1,0
Akshan/Aphelios (MT/SH),Azir/Irelia (IO/SH),0,1,0
Azir/Irelia (IO/SH),Elder Dragon (RU/DE),0,1,0
Elder Dragon/Volibear (RU/FR),Championpile (MT/PZ),0,1,0
Azir/Irelia (IO/SH),Katarina/Yasuo (IO/NX),0,1,0
Elise/Ezreal/Senna (PZ/SI),Azir/Irelia (IO/SH),0,1,0
Lux: Illuminated/Zoe (DE/MT),Elder Dragon/Volibear (RU/FR),0,1,0
Fizz/Samira (BW/NX),Gwen/Katarina (NX/SI),0,1,0
Karma/The Poro King (IO/RU),Gwen/Katarina (NX/SI),0,1,0
Elder Dragon/Norra (RU/BC),The Poro King (BW/RU),0,1,0
Elder Dragon/Seraphine/Viktor (RU/PZ),Ezreal/Seraphine (PZ/SI),0,1,0
Teemo (BC/PZ),Elder Dragon/Seraphine/Viktor (RU/PZ),0,1,0
Lux (DE/PZ),Annie/Taliyah (NX/SH),0,1,0
Braum/Garen (DE/FR),The Poro King (MT/RU),0,1,0
Lux: Illuminated/Pantheon/Zoe (DE/MT),The Poro King (MT/RU),0,1,0
Ezreal/Janna/Seraphine (NX/PZ),The Poro King (MT/RU),0,1,0
Jinx/Zed (IO/PZ),Aphelios/Viktor (MT/PZ),0,1,0
Ezreal/Yasuo (IO/PZ),Poppy/Ziggs (BC/NX),0,1,0
Darius/Gnar (FR/NX),Poppy/Ziggs (BC/NX),0,1,0
Janna (PZ/SI),Poppy/Ziggs (BC/NX),0,1,0
Poppy/Ziggs (BC/NX),Katarina/Yasuo (IO/NX),0,1,0
Quinn/Vayne (DE/SI),Poppy/Ziggs (BC/NX),0,1,0
Nami/Zoe (BW/MT),Garen/Udyr (DE/FR),0,1,0
Maokai/Nautilus (BW/SI),Mordekaiser/Norra (BC/SI),0,1,0
Fiora (DE/MT),Annie/Jhin (RU/NX),0,1,0
Ryze (IO/RU),Mordekaiser/Viego (IO/SI),0,1,0
Janna (PZ/SI),Mordekaiser/Viego (IO/SI),0,1,0
Braum/Swain/Vladimir (FR/NX),Mordekaiser/Viego (IO/SI),0,1,0
Senna/Veigar (MT/SI),Mordekaiser/Viego (IO/SI),0,1,0
Karma/Ryze (IO/RU),Mordekaiser/Viego (IO/SI),0,1,0
Elder Dragon/Elise (RU/SI),Ezreal/Karma/Seraphine (IO/PZ),0,1,0
Ekko/Janna (IO/PZ),Gnar/Nidalee (BC/SH),0,1,0
Ekko/Janna (IO/PZ),The Poro King (PZ/RU),0,1,0
Bard/Teemo (BC/RU),Kalista/Norra (BC/SI),0,1,0
Elder Dragon/Gangplank (RU/BW),Miss Fortune/Quinn (BW/DE),0,1,0
Katarina/Yasuo (IO/NX),Miss Fortune/Quinn (BW/DE),0,1,0
Miss Fortune/Quinn (BW/DE),Aurelion Sol/Elder Dragon/Morgana (RU/MT),0,1,0
Morgana/Norra/Vex (BC/MT),Akshan/Sivir (NX/SH),0,1,0
Akshan/Sivir (NX/SH),Karma/Lee Sin/Norra (BC/IO),0,1,0
Janna/Volibear (FR/PZ),Akshan/Sivir (NX/SH),0,1,0
Ekko/Janna (IO/PZ),Evelynn/Kai'Sa (RU/SH),0,1,0
Azir/Xerath (SH),Ekko (BC/PZ),0,1,0
Janna/Karma (IO/PZ),Nami/Zoe (BW/MT),0,1,0
Draven/Gwen (NX/SI),Nami/Zoe (BW/MT),0,1,0
Akshan/Varus (SH/RU),Nami/Zoe (BW/MT),0,1,0
Ekko/Janna (IO/PZ),Ahri (IO/NX),0,1,0
Gwen/Irelia (IO/SI),Aphelios/Norra (BC/MT),0,1,0
Elder Dragon/Volibear (RU/FR),Azir (SI/SH),0,1,0
Yasuo (IO/MT),Jack/Sett (BW/IO),0,1,0
Janna/Volibear (FR/PZ),Jack/Sett (BW/IO),0,1,0
Zoe (MT/PZ),Trundle/Volibear (FR/IO),0,1,0
Kalista/Viego (SI),Trundle/Volibear (FR/IO),0,1,0
Caitlyn/Teemo (BC/PZ),Trundle/Volibear (FR/IO),0,1,0
Annie/Swain (BW/NX),Trundle/Volibear (FR/IO),0,1,0
Elder Dragon/Shyvana (RU/DE),Pyke/Rek'Sai (BW/SH),0,1,0
Gnar/Trundle (FR/PZ),Norra/Yuumi (BC),0,1,0
Zoe (MT/PZ),Gnar/Trundle (FR/PZ),0,1,0
Trundle (FR/PZ),Kayle (FR/MT),0,1,0
Trundle (FR/PZ),Pyke/Rek'Sai (BW/SH),0,1,0
Trundle (FR/PZ),Gangplank/Gnar (BC/BW),0,1,0
Miss Fortune/Twisted Fate (BW/NX),Norra (BC/PZ),0,1,0
Darius/Swain/Yasuo (IO/NX),Miss Fortune/Twisted Fate (BW/NX),0,1,0
Lissandra/Volibear (FR/PZ),Miss Fortune/Twisted Fate (BW/NX),0,1,0
Azir (BW/SH),Miss Fortune/Twisted Fate (BW/NX),0,1,0
Jhin/Vex (BC/RU),Annie/Jhin (RU/NX),0,1,0
Championless (BC/PZ),Annie/Jhin (RU/NX),0,1,0
Annie/Jhin (RU/NX),Fizz/Twisted Fate (BW/PZ),0,1,0
Aurelion Sol/Zoe (MT/PZ),Annie/Jhin (RU/NX),0,1,0
Elder Dragon/Gangplank (RU/BW),Annie/Jhin (RU/NX),0,1,0
Annie/Jhin (RU/NX),Nasus (SI/SH),0,1,0
Azir/Nasus/Xerath (SH),Karma/Sett (FR/IO),0,1,0
Azir/Hecarim (SI/SH),Trundle (FR/PZ),0,1,0
Diana/Nocturne (MT/SI),Janna/Seraphine (MT/PZ),0,1,0
The Poro King (BW/RU),Kindred/Viego (SI/SH),0,1,0
The Poro King (BW/RU),Braum/Elder Dragon/Gnar (RU/FR),0,1,0
Jack/Sett (BW/IO),The Poro King (BW/RU),0,1,0
The Poro King (BW/RU),Gangplank/Gnar (BC/BW),0,1,0
Nilah/Twisted Fate (BW/PZ),Samira/Zoe (MT/NX),0,1,0
Janna/Zilean (PZ/SH),Akshan/Pantheon (MT/SH),0,1,0
Janna/Zilean (PZ/SH),Braum/Galio (DE/FR),0,1,0
Heimerdinger/Norra (BC/SI),Janna/Zilean (PZ/SH),0,1,0
Janna/Zilean (PZ/SH),Bard/Heimerdinger (RU/PZ),0,1,0
Garen (DE/FR),Janna/Zilean (PZ/SH),0,1,0
Aatrox/Championpile (RU/SH),Janna/Zilean (PZ/SH),0,1,0
Janna/Zilean (PZ/SH),Hecarim/Zed (IO/SI),0,1,0
Samira/Twisted Fate (BW/NX),Nilah/Twisted Fate (BW/PZ),0,1,0
Elder Dragon/Norra (RU/BC),Kayle (BW/MT),0,1,0
Yuumi/Zoe (BC/MT),Kayle (BW/MT),0,1,0
Karma/Sett (FR/IO),Bard/Heimerdinger (RU/PZ),0,1,0
Karma/Sett (FR/IO),The Poro King (RU/SI),0,1,0
Championless (BC/PZ),Karma/Sett (FR/IO),0,1,0
Taliyah/Zilean (IO/SH),Janna/Nilah (BW/PZ),0,1,0
Ezreal/Nilah (BW/PZ),Braum/Irelia/Udyr (FR/IO),0,1,0
Akshan/Master Yi (IO/SH),Ezreal/Nilah (BW/PZ),0,1,0
Bard/Senna (RU/SI),Nilah/Twisted Fate (BW/PZ),0,1,0
Nilah/Twisted Fate (BW/PZ),Kai'Sa/Pantheon (MT/SH),0,1,0
Fiora/Morgana (DE/SH),Seraphine/Zoe (MT/PZ),0,1,0
Fizz/Samira (BW/NX),Nilah/Twisted Fate (BW/PZ),0,1,0
Braum/Udyr (FR/SH),Aphelios/Yasuo (IO/MT),0,1,0
Fizz/Nami (BC/BW),Evelynn/Kai'Sa (RU/SH),0,1,0
Ekko/Janna (IO/PZ),Gwen/Irelia (IO/SI),0,1,0
Ekko (PZ/SH),Ekko/Janna (IO/PZ),0,1,0
Aphelios/Norra (BC/MT),Nidalee (BC/SH),0,1,0
Braum (FR/MT),Fizz/Samira (BW/NX),0,1,0
Caitlyn/Teemo (BC/PZ),Bard/Mordekaiser (RU/SI),0,1,0
Master Yi/Taric (IO/MT),Galio/Udyr (DE/FR),0,1,0
Lux: Illuminated/Taric (DE/MT),Galio/Udyr (DE/FR),0,1,0
Samira/Zoe (MT/NX),Caitlyn/Teemo (BC/PZ),0,1,0
Norra/Poppy (BC/NX),Norra/Teemo (BC/PZ),0,1,0
Ezreal/Senna (PZ/SI),Elise (NX/SI),0,1,0
Elise (NX/SI),Elder Dragon/Morgana/Shyvana (RU/DE),0,1,0
Hecarim (IO/SI),Braum/Vladimir (FR/NX),0,1,0
Akshan/Sivir (NX/SH),Braum/Jax/Ornn (FR/RU),0,1,0
Kai'Sa/Pantheon (MT/SH),Akshan/Sivir (NX/SH),0,1,0
Aphelios/Braum (FR/MT),Seraphine/Viktor (FR/PZ),0,1,0
Ekko/Janna (FR/PZ),Zed (FR/IO),0,1,0
Ekko/Janna (IO/PZ),Zed (FR/IO),0,1,0
Jinx/Lulu (BC/PZ),Garen/Udyr (DE/FR),0,1,0
Caitlyn/Teemo (BC/PZ),Fizz/Samira (BW/NX),0,1,0
Bard/Zed (RU/IO),Fizz/Samira (BW/NX),0,1,0
Aphelios/Zoe (FR/MT),Fizz/Samira (BW/NX),0,1,0
Evelynn/Kai'Sa (RU/SH),Lux: Illuminated/Pantheon/Zoe (DE/MT),0,1,0
Fizz/Yuumi (BC/FR),Karma/Sett (FR/IO),0,1,0
Fizz/Yuumi (BC/FR),Miss Fortune/Twisted Fate (BW/NX),0,1,0
Fizz/Yuumi (BC/FR),Azir (SH),0,1,0
Trundle/Volibear (FR/IO),Poppy/Ziggs (BC/NX),0,1,0
Lissandra (FR/SH),Evelynn/Kai'Sa (RU/SH),0,1,0
Ekko/Gwen (PZ/SI),Kennen (BC/IO),0,1,0
Nilah/Twisted Fate (BW/PZ),Ekko/Janna (IO/PZ),0,1,0
Ashe/LeBlanc (FR/NX),Ekko/Janna (IO/PZ),0,1,0
Ekko/Janna (IO/PZ),Nidalee (BC/SH),0,1,0
Ekko/Janna (IO/PZ),Aphelios/Zoe (FR/MT),0,1,0
Braum/Irelia/Udyr (FR/IO),Ekko/Janna (IO/PZ),0,1,0
Nidalee (BC/SH),Swain/Yasuo (IO/NX),0,1,0
Leona/Yasuo (IO/MT),Annie/Jhin (RU/NX),0,1,0
Lux: Illuminated/Pantheon/Zoe (DE/MT),Annie/Jhin (RU/NX),0,1,0
Anivia (FR/SI),Ashe/LeBlanc (FR/NX),0,1,0
Gwen/Master Yi (IO/SI),Evelynn/Lucian (DE/RU),0,1,0
Janna/Nilah (BW/PZ),Aphelios/Zoe (MT/PZ),0,1,0
Braum/The Poro King (FR/RU),Jack/Sett (BW/IO),0,1,0
Jack/Sett (BW/IO),Maokai (BW/SI),0,1,0
Ryze (RU/SI),Jack/Sett (BW/IO),0,1,0
Seraphine/Viktor (BC/PZ),Braum/Zoe (FR/MT),0,1,0
Master Yi/Taric (IO/MT),Braum/Zoe (FR/MT),0,1,0
Akshan/Seraphine (PZ/SH),Braum/Zoe (FR/MT),0,1,0
Championless (NX/SI),Braum/Zoe (FR/MT),0,1,0
Akshan/Lux: Illuminated (DE/SH),Galio/Poppy (DE/SH),0,1,0
Caitlyn/Teemo (BC/PZ),Elder Dragon/Elise (RU/SI),0,1,0
Jack/Sett (BW/IO),Elder Dragon/Elise (RU/SI),0,1,0
Pyke/Rek'Sai (BW/SH),Elder Dragon/Elise (RU/SI),0,1,0
Elder Dragon/Lissandra/Trundle (RU/FR),Norra/Teemo (BC/PZ),0,1,0
Kai'Sa/Pantheon (MT/SH),Norra/Teemo (BC/PZ),0,1,0
Elder Dragon/Mordekaiser/Viego (RU/SI),Norra/Teemo (BC/PZ),0,1,0
Norra/Teemo (BC/PZ),Karma (FR/IO),0,1,0
Nami/Zoe (BW/MT),Draven/Jinx (NX/PZ),0,1,0
Illaoi/Soraka (BW/MT),Trundle/Volibear (FR/IO),0,1,0
Soraka/Tahm Kench (BW/MT),Trundle/Volibear (FR/IO),0,1,0
Championless (BW/SH),Trundle/Volibear (FR/IO),0,1,0
Braum/Zoe (FR/MT),Trundle/Volibear (FR/IO),0,1,0
Trundle/Volibear (FR/IO),Maokai/Nautilus (BW/SI),0,1,0
Ryze (RU/SI),Akshan/Samira (NX/SH),0,1,0
Pyke/Rek'Sai (BW/SH),Norra/Teemo (BC/SI),0,1,0
Yasuo (IO/NX),Norra/Teemo (BC/SI),0,1,0
Ezreal/Senna (PZ/SI),Norra (BC/SI),0,1,0
Norra (BC/SI),Jhin/Yasuo (IO/RU),0,1,0
Mordekaiser/Norra (BC/SI),Norra (BC/SI),0,1,0
Ezreal/Twisted Fate (BW/PZ),Gnar/Trundle (FR/PZ),0,1,0
Master Yi/Taric (IO/MT),Gnar/Trundle (FR/PZ),0,1,0
Ekko/Zilean (PZ/SH),Gnar/Trundle (FR/PZ),0,1,0
Azir/Renekton (SH),Gnar/Trundle (FR/PZ),0,1,0
Taric/Zoe (FR/MT),Gnar/Trundle (FR/PZ),0,1,0
Nasus (SH),Samira (BW/NX),0,1,0
Anivia/Volibear (BW/FR),Samira (BW/NX),0,1,0
Norra/Trundle (BC/FR),Kindred/Nasus (SI/SH),0,1,0
Ezreal/Senna (PZ/SI),Lillia/Taliyah (IO/SH),0,1,0
Rumble/Tristana (BC/NX),Lillia/Taliyah (IO/SH),0,1,0
Lillia/Taliyah (IO/SH),Illaoi (BW/DE),0,1,0
Lillia/Taliyah (IO/SH),Karma/Lux (DE/IO),0,1,0
Lillia/Taliyah (IO/SH),Norra/Teemo (BC/PZ),0,1,0
Caitlyn/Norra (BC/PZ),Samira/Zoe (MT/NX),0,1,0
Caitlyn/Norra (BC/PZ),Leona/Yasuo (IO/MT),0,1,0
Caitlyn/Norra (BC/PZ),Ezreal/Nilah (BW/PZ),0,1,0
Diana/Nocturne (MT/SI),Lissandra (FR/SH),0,1,0
Braum/Irelia/Udyr (FR/IO),Diana/Nocturne (MT/SI),0,1,0
Leona/Yasuo (IO/MT),Janna/Seraphine (BW/PZ),0,1,0
Elder Dragon (RU/MT),Gangplank (BW/SI),0,1,0
Gangplank (BW/SI),Bard/Norra (BC/RU),0,1,0
Janna/Nilah (BW/PZ),Braum/Zed (FR/IO),0,1,0
Gwen/Quinn (DE/SI),Master Yi/Taric (IO/MT),0,1,0
Master Yi/Taric (IO/MT),Udyr/Vladimir (FR/NX),0,1,0
Ekko/Janna (FR/PZ),Evelynn/Fizz (BW/RU),0,1,0
Aphelios/Zoe (MT/PZ),Nilah/Twisted Fate (BW/PZ),0,1,0
Kayle (BW/MT),Master Yi (IO/PZ),0,1,0
Bard/Kayle (RU/MT),Kayle (BW/MT),0,1,0
Elder Dragon (RU/MT),Kayle (BW/MT),0,1,0
Kalista/Viego (SI),Kayle (BW/MT),0,1,0
Yuumi/Zoe (FR/MT),Miss Fortune/Twisted Fate (BW/NX),0,1,0
Elise/Janna (PZ/SI),Taliyah/Zilean (IO/SH),0,1,0
Gangplank/Miss Fortune (BW/NX),Karma/Sett (FR/IO),0,1,0
Championless (BW/SH),Karma/Sett (FR/IO),0,1,0
Aphelios/Gnar (FR/MT),Ezreal/Seraphine (BW/PZ),0,1,0
Braum/The Poro King (FR/RU),Lux: Illuminated/Pantheon/Zoe (DE/MT),0,1,0
Nilah/Twisted Fate (BW/PZ),Nami/Nilah (BW/SI),0,1,0
Ezreal/Nilah (BW/PZ),Garen/Udyr (DE/FR),0,1,0
Ashe/LeBlanc (FR/NX),Evelynn/Fizz (BW/RU),0,1,0
Annie/Jhin/Swain (RU/NX),Jhin/Yasuo (IO/RU),0,1,0
Jhin/Yasuo (IO/RU),Gnar/Neeko (FR/RU),0,1,0
Jhin/Yasuo (IO/RU),Heimerdinger/Viktor (IO/PZ),0,1,0
Jhin/Yasuo (IO/RU),Nilah/Twisted Fate (BW/PZ),0,1,0
Elder Dragon/Norra (RU/BC),Jhin/Yasuo (IO/RU),0,1,0
Kindred/Nasus (SI/SH),Elder Dragon/Trundle/Volibear (RU/FR),0,1,0
Elder Dragon/Seraphine/Viktor (RU/PZ),Gwen/Vayne (DE/SI),0,1,0
Jayce/Lux (DE/PZ),Seraphine/Zoe (MT/PZ),0,1,0
Yasuo (IO/NX),Mordekaiser/Viego (IO/SI),0,1,0
Braum/Vladimir (FR/NX),Mordekaiser/Viego (IO/SI),0,1,0
Caitlyn/Teemo (FR/PZ),Mordekaiser/Viego (IO/SI),0,1,0
Fiora/Zoe (DE/MT),Azir/Irelia (IO/SH),0,1,0
Kennen (BC/IO),Nilah/Twisted Fate (BW/PZ),0,1,0
Elder Dragon/Norra (RU/BC),Annie/Gwen (NX/SI),0,1,0
Aphelios/Yasuo (IO/MT),Caitlyn/Teemo (BC/PZ),0,1,0
Swain (BW/NX),Gwen/Irelia (IO/SI),0,1,0
Caitlyn/Swain (NX/PZ),Bard/Norra (BC/RU),0,1,0
Samira/Twisted Fate (BW/NX),Janna/Miss Fortune (BW/PZ),0,1,0
Taliyah (IO/SH),Elder Dragon (RU/FR),0,1,0
Kindred/Mordekaiser (DE/SI),Taliyah (IO/SH),0,1,0
Bard/Norra (BC/RU),Pantheon/Zoe (FR/MT),0,1,0
Elise/Nocturne (MT/SI),Nami/Zoe (BW/MT),0,1,0
Darius (FR/NX),Elder Dragon/Lissandra/Trundle (RU/FR),0,1,0
Garen (DE),Darius (FR/NX),0,1,0
Darius (FR/NX),Taliyah/Zilean (IO/SH),0,1,0
Kindred/Mordekaiser (DE/SI),Ezreal/Seraphine (BC/PZ),0,1,0
Ezreal/Seraphine (BC/PZ),Championless (IO/SI),0,1,0
Ezreal/Seraphine (BC/PZ),Illaoi (BW/IO),0,1,0
Gangplank/Twisted Fate (BW/PZ),Ezreal/Seraphine (BC/PZ),0,1,0
Karma/Sett (FR/IO),Norra/Teemo (BC/PZ),0,1,0
Norra/Teemo (BC/PZ),Aphelios/Zoe (MT),0,1,0
Samira/Sejuani (FR/NX),Ashe (FR/PZ),0,1,0
Aurelion Sol/Volibear (FR/MT),Viktor/Zoe (MT/PZ),0,1,0
Braum/Vladimir (FR/NX),Nasus/Veigar (SI/SH),0,1,0
Norra/Zoe (BC/MT),Miss Fortune/Twisted Fate (BW/NX),0,1,0
Anivia/Braum (FR/SI),Akshan/Varus (SH/RU),0,1,0
Yuumi/Zoe (FR/MT),Akshan/Sivir (NX/SH),0,1,0
Akshan/Sivir (NX/SH),Teemo (BC/PZ),0,1,0
Seraphine/Viktor (FR/PZ),Elder Dragon/Volibear (RU/FR),0,1,0
Norra/Teemo (BC/SI),Aphelios/Viktor (MT/PZ),0,1,0
Lillia (DE/IO),Aphelios/Viktor (MT/PZ),0,1,0
Gnar/Teemo (BC/PZ),Aphelios/Viktor (MT/PZ),0,1,0
Leona/Yasuo (IO/MT),Yasuo (IO/PZ),0,1,0
Yasuo (IO/PZ),Nilah/Twisted Fate (BW/PZ),0,1,0
Elise (FR/SI),Evelynn/Fizz (BW/RU),0,1,0
Elise (FR/SI),Janna/Seraphine (MT/PZ),0,1,0
Nami/Samira (BW/NX),Ezreal/Nilah (BW/PZ),0,1,0
Nidalee (BC/SH),Ashe (FR/PZ),0,1,0
Udyr/Vladimir (FR/NX),Nilah/Twisted Fate (BW/PZ),0,1,0
Ekko/Zilean (PZ/SH),Elder Dragon/Lissandra/Trundle (RU/FR),0,1,0
Senna/Veigar (BC/SI),Ezreal/Nilah (BW/PZ),0,1,0
Lux: Illuminated/Shen (DE/IO),Katarina/Swain (NX/PZ),0,1,0
Janna/Zoe (MT/PZ),Katarina/Swain (NX/PZ),0,1,0
Katarina/Swain (NX/PZ),Annie/Jhin (RU/NX),0,1,0
Katarina/Swain (NX/PZ),Aphelios/Gnar (FR/MT),0,1,0
Ahri/Kennen (FR/IO),Katarina/Swain (NX/PZ),0,1,0
Ekko/Gwen (PZ/SI),Teemo (BC/PZ),0,1,0
Nilah/Teemo (BW/PZ),Ekko/Gwen (PZ/SI),0,1,0
Fizz/Nami/Sivir (BW/SH),Ekko/Gwen (PZ/SI),0,1,0
Janna/Seraphine (MT/PZ),Caitlyn/Teemo (BC/PZ),0,1,0
Samira/Sejuani (FR/NX),Braum/Zoe (FR/MT),0,1,0
Hecarim/Zed (IO/SI),Samira/Sejuani (FR/NX),0,1,0
Norra/Swain (BC/NX),Samira/Sejuani (FR/NX),0,1,0
Samira/Sejuani (FR/NX),Annie/Jhin (RU/NX),0,1,0
Ezreal/Nami (BW/PZ),Samira/Sejuani (FR/NX),0,1,0
Elder Dragon/Volibear (RU/FR),Karma/Ryze (IO/RU),0,1,0
Galio/Garen (DE/IO),Braum/Zoe (FR/MT),0,1,0
Illaoi (BW/DE),Braum/Zoe (FR/MT),0,1,0
Vladimir (FR/NX),Braum/Zoe (FR/MT),0,1,0
Elder Dragon/Lissandra (RU/FR),Braum/Zoe (FR/MT),0,1,0
Braum/Zoe (FR/MT),Gnar (FR/NX),0,1,0
Elder Dragon (RU/FR),Braum/Zoe (FR/MT),0,1,0
Ahri/Yasuo (IO/NX),Bard/Lux: Illuminated (RU/DE),0,1,0
Ahri/Yasuo (IO/NX),Janna/Twisted Fate (BW/PZ),0,1,0
Yasuo (IO/NX),Janna/Nilah (BW/PZ),0,1,0
Championless (FR/SH),Karma/Sett (FR/IO),0,1,0
Gangplank/Sejuani (BW/FR),Elder Dragon/Galio/Morgana (RU/DE),0,1,0
Braum/Zoe (FR/MT),Jinx/Norra (BC/PZ),0,1,0
Azir (SH),Norra/Teemo (BC/PZ),0,1,0
Kayle/Leona (MT/NX),Norra/Teemo (BC/PZ),0,1,0
Aphelios/Viktor/Zoe (MT/PZ),Norra/Teemo (BC/PZ),0,1,0
The Poro King (RU/SH),Janna/Nilah (BW/PZ),0,1,0
Norra (BC/FR),Kalista/Zed (IO/SI),0,1,0
Norra (BC/FR),Anivia/Mordekaiser (FR/SI),0,1,0
Morgana/Udyr (DE/FR),Taliyah/Zilean (IO/SH),0,1,0
Jinx/Lulu (BC/PZ),Elder Dragon/Norra (RU/BC),0,1,0
Elder Dragon/Norra (RU/BC),Katarina (FR/NX),0,1,0
Ezreal/Swain (NX/PZ),Elder Dragon/Norra (RU/BC),0,1,0
Norra/Zoe (BC/MT),Elder Dragon/Norra (RU/BC),0,1,0
Elise/Kalista (NX/SI),Nami/Nilah (BW/SI),0,1,0
Ezreal/Seraphine (BC/PZ),Janna/Nilah (BW/PZ),0,1,0
Janna/Nilah (BW/PZ),Ahri/Kennen (IO/SH),0,1,0
Ashe (FR/PZ),Jhin (RU/SI),0,1,0
The Poro King (BW/RU),Ashe (FR/PZ),0,1,0
Kindred/Mordekaiser (DE/SI),Gnar/Trundle (FR/PZ),0,1,0
Elder Dragon/Trundle/Volibear (RU/FR),Gnar/Trundle (FR/PZ),0,1,0
Garen (DE),Gnar/Trundle (FR/PZ),0,1,0
Anivia/Elise (FR/SI),Gnar/Trundle (FR/PZ),0,1,0
Gwen/Quinn (DE/SI),Gnar/Trundle (FR/PZ),0,1,0
Jhin (RU/SI),Hecarim/Zed (IO/SI),0,1,0
Fiora/Shen (DE/IO),Samira (BW/NX),0,1,0
Teemo (BC/PZ),Samira (BW/NX),0,1,0
Bard/Norra (BC/RU),Lillia/Taliyah (IO/SH),0,1,0
Lillia/Taliyah (IO/SH),Braum/Vladimir (FR/NX),0,1,0
Anivia (FR/SI),Lillia/Taliyah (IO/SH),0,1,0
Lillia/Taliyah (IO/SH),Soraka/Tahm Kench (BW/MT),0,1,0
Aurelion Sol (DE/MT),Lillia/Taliyah (IO/SH),0,1,0
Lillia/Taliyah (IO/SH),Azir/Irelia (IO/SH),0,1,0
Senna/Veigar (BC/SI),Lillia/Taliyah (IO/SH),0,1,0
Lillia (IO/SH),Lillia/Taliyah (IO/SH),0,1,0
Lillia/Taliyah (IO/SH),Hecarim/Zed (IO/SI),0,1,0
Lillia/Taliyah (IO/SH),Malphite/Yasuo (IO/MT),0,1,0
Lillia/Taliyah (IO/SH),Morgana/Vex (BC/DE),0,1,0
Taliyah/Ziggs (BC/SH),Karma/Sett (FR/IO),0,1,0
Katarina/Yasuo (IO/NX),Azir/Hecarim (SI/SH),0,1,0
Seraphine/Zoe (MT/PZ),Fizz/Nidalee (BC/SH),0,1,0
Jayce/Lux (DE/PZ),Ziggs (BC/SH),0,1,0
Braum/The Poro King (FR/RU),Garen/Udyr (DE/FR),0,1,0
Elise/Samira (NX/SI),Braum/The Poro King (FR/RU),0,1,0
Pyke/Rek'Sai (BW/SH),Fiora (DE/FR),0,1,0
Lissandra (FR/SH),Evelynn/Fizz (BW/RU),0,1,0
Evelynn/Fizz (BW/RU),Nami/Nilah (BW/SI),0,1,0
Evelynn/Fizz (BW/RU),Fizz/Samira (BW/NX),0,1,0
Leona/Yasuo (IO/MT),Caitlyn/Swain (NX/PZ),0,1,0
Fiora/Lucian (DE/SH),Leona/Yasuo (IO/MT),0,1,0
Annie/Jhin (RU/NX),Nami (BW/PZ),0,1,0
Fiora/Shen (DE/IO),Leona/Yasuo (IO/MT),0,1,0
Leona/Yasuo (IO/MT),Yasuo (IO/NX),0,1,0
Leona/Yasuo (IO/MT),Ezreal (BW/PZ),0,1,0
Swain/Yasuo (IO/NX),Ezreal (BW/PZ),0,1,0
Kennen (IO/NX),Caitlyn/Trundle (FR/PZ),0,1,0
Elder Dragon/Volibear (RU/FR),Jack/Samira (BW/NX),0,1,0
The Poro King (FR/RU),Lux: Illuminated/Vex (BC/DE),0,1,0
Aurelion Sol (DE/MT),Gangplank (BW/SI),0,1,0
Gangplank (BW/SI),Morgana/Vex (BC/MT),0,1,0
Braum/Zoe (FR/MT),Elise/Kalista (NX/SI),0,1,0
Nami (BW/PZ),Braum/Irelia/Udyr (FR/IO),0,1,0
Ezreal (BW/PZ),The Poro King (BC/RU),0,1,0
Nilah/Twisted Fate (BW/PZ),Akshan/Samira (NX/SH),0,1,0
Akshan/Udyr (FR/SH),Nilah/Twisted Fate (BW/PZ),0,1,0
Master Yi/Taric (IO/MT),Elder Dragon/Volibear (RU/FR),0,1,0
Lux: Illuminated (DE/MT),Pantheon/Zoe (FR/MT),0,1,0
Braum/Zed (FR/IO),Nami/Nilah (BW/SI),0,1,0
Janna/Nilah (BW/PZ),Norra/Teemo (BC/PZ),0,1,0
Norra/Teemo (BC/PZ),Fiora/Samira (DE/NX),0,1,0
Karma/Sett (FR/IO),Zed (IO/SI),0,1,0
Braum/The Poro King (FR/RU),Ekko/Jinx (PZ/SH),0,1,0
Braum/The Poro King (FR/RU),Seraphine/Viktor (BW/PZ),0,1,0
Bard/Norra (BC/RU),Braum/The Poro King (FR/RU),0,1,0
Bard/Teemo (BC/RU),Aphelios/Gnar (FR/MT),0,1,0
Trundle/Volibear (FR/SI),Zoe (MT/PZ),0,1,0
Elise (FR/SI),Sejuani/Teemo (FR/PZ),0,1,0
Katarina/Miss Fortune (BW/NX),Braum/Zoe (FR/MT),0,1,0
Heimerdinger/Viktor (IO/PZ),Azir/Xerath (SH),0,1,0
Seraphine (MT/PZ),Aurelion Sol/Shyvana (DE/MT),0,1,0
Seraphine (MT/PZ),Yasuo (IO/NX),0,1,0
Bard/Norra (BC/RU),Fiora/Shen (DE/IO),0,1,0
Kennen (IO/NX),Zoe (MT),0,1,0
Lissandra (FR/SH),Gwen/Irelia (IO/SI),0,1,0
Norra/Teemo (BC/PZ),Lissandra (FR/SH),0,1,0
Bard/Norra (BC/RU),Gwen/Irelia (IO/SI),0,1,0
Ezreal/Seraphine (BC/PZ),Bard/Norra (BC/RU),0,1,0
Braum/Evelynn (RU/FR),Ezreal/Seraphine (BC/PZ),0,1,0
Nami/Zoe (BW/MT),Braum/Zoe (FR/MT),0,1,0
Janna/Seraphine (MT/PZ),Nami/Nilah (BW/SI),0,1,0
Garen/Udyr (DE/FR),Nami/Nilah (BW/SI),0,1,0
Hecarim/Zed (IO/SI),Kalista/Norra (BC/SI),0,1,0
Nilah/Twisted Fate (BW/PZ),Darius/Gwen (NX/SI),0,1,0
Nilah/Twisted Fate (BW/PZ),Kalista/Norra (BC/SI),0,1,0
Nidalee (BC/SH),Braum/Zoe (FR/MT),0,1,0
The Poro King (BW/RU),Braum/Zoe (FR/MT),0,1,0
Ezreal (PZ/SI),Jhin/Yasuo (IO/RU),0,1,0
Galio/Garen (DE/IO),Kindred/Nasus (SI/SH),0,1,0
Fizz/Samira (BW/NX),Nami/Zoe (BW/MT),0,1,0
Fizz/Norra (BC/PZ),Nilah/Twisted Fate (BW/PZ),0,1,0
Ahri (IO/NX),Ezreal/Seraphine (BC/PZ),0,1,0
Ekko/Jinx (PZ),Annie/Twisted Fate (BW/NX),0,1,0
Ahri/Zed (IO/NX),Annie/Jhin (RU/NX),0,1,0
Annie/Jhin (RU/NX),Pantheon/Zoe (FR/MT),0,1,0
Jack/Ornn (BW/FR),Taliyah/Zilean (IO/SH),0,1,0
Taliyah/Zilean (IO/SH),Nami/Samira (BW/NX),0,1,0
Elise (NX/SI),Gnar/Teemo (BC/PZ),0,1,0
Gwen (IO/SI),Senna (PZ/SI),0,1,0
Pantheon/Zoe (FR/MT),Elise/Nocturne (MT/SI),0,1,0
Pantheon/Zoe (FR/MT),Janna/Nilah (BW/PZ),0,1,0
Caitlyn/Teemo (BC/PZ),Pantheon/Zoe (FR/MT),0,1,0
Kalista/Norra (BC/SI),Teemo (BC/PZ),0,1,0
Bard/Gwen (RU/SI),Nilah/Twisted Fate (BW/PZ),0,1,0
Garen/Udyr (DE/FR),Bard/Gwen (RU/SI),0,1,0
Jinx (DE/PZ),Elise/Nocturne (MT/SI),0,1,0
Ekko/Janna (FR/PZ),Elise/Nocturne (MT/SI),0,1,0
Ekko/Jinx (PZ),Elise/Nocturne (MT/SI),0,1,0
Hecarim/Lucian (DE/SI),Ashe (FR/PZ),0,1,0
Lissandra (FR/SH),Ashe (FR/PZ),0,1,0
Ekko/Zilean (PZ/SH),The Poro King (FR/RU),0,1,0
Hecarim/Kalista (IO/SI),Seraphine/Viktor (FR/PZ),0,1,0
Elise/Kalista (FR/SI),Bard/Norra (BC/RU),0,1,0
Bard/Norra (BC/RU),Nami/Nilah (BW/SI),0,1,0
Bard/Norra (BC/RU),Sejuani/Teemo (FR/PZ),0,1,0
Fizz/Viktor (BC/PZ),Poppy/Taric (DE/MT),0,1,0
Aurelion Sol/Elder Dragon (RU/MT),Kalista/Lucian (DE/SI),0,1,0
Elise/Kalista (NX/SI),Mordekaiser/Norra (BC/SI),0,1,0
Akshan/Samira (NX/SH),Mordekaiser/Norra (BC/SI),0,1,0
Mordekaiser/Norra (BC/SI),Udyr/Vladimir (FR/NX),0,1,0
Kalista/Nocturne (SI),Mordekaiser/Norra (BC/SI),0,1,0
Ekko/Janna (FR/PZ),Katarina/Swain (NX/PZ),0,1,0
Katarina/Swain (NX/PZ),Caitlyn/Teemo (BC/PZ),0,1,0
The Poro King (PZ/RU),Hecarim/Lucian (DE/SI),0,1,0
Janna/Nilah (BW/PZ),The Poro King (PZ/RU),0,1,0
Teemo (BC/PZ),Samira/Sejuani (FR/NX),0,1,0
Garen/Jarvan IV (DE/MT),Elder Dragon/Volibear (RU/FR),0,1,0
Ashe (FR/PZ),Ahri/Zed (IO/NX),0,1,0
Pyke/Rek'Sai (BW/SH),Ahri/Zed (IO/NX),0,1,0
Elise/Gwen/Katarina (NX/SI),Ahri/Zed (IO/NX),0,1,0
Ahri (IO/NX),Garen/Udyr (DE/FR),0,1,0
Ahri/Yasuo (IO/NX),Fiora/Shen (DE/IO),0,1,0
Ahri/Yasuo (IO/NX),Darius/Gwen (NX/SI),0,1,0
Lulu/Shen (IO),Ahri/Yasuo (IO/NX),0,1,0
Caitlyn/Teemo (BC/PZ),Ahri/Yasuo (IO/NX),0,1,0
Janna/Nilah (BW/PZ),Janna/Miss Fortune (BW/PZ),0,1,0
Janna/Norra (BC/PZ),Janna/Nilah (BW/PZ),0,1,0
Ekko/Jinx (DE/PZ),Janna/Nilah (BW/PZ),0,1,0
Darius/Gwen (NX/SI),Janna/Nilah (BW/PZ),0,1,0
Garen/Udyr (DE/FR),Gnar/Swain (BC/NX),0,1,0
Hecarim/Zed (IO/SI),Aurelion Sol/Zoe (MT),0,1,0
Ekko/Jinx (PZ/SH),Elder Dragon/Mordekaiser/Viego (RU/SI),0,1,0
Ezreal/Seraphine (BC/PZ),Ezreal/Swain (NX/PZ),0,1,0
Elder Dragon/Elise (RU/SI),Norra/Teemo (BC/SI),0,1,0
Elise (FR/SI),Ezreal/Nilah (BW/PZ),0,1,0
Draven (NX/SH),Poppy (BC/NX),0,1,0
Azir/Xerath (SH),Caitlyn/Swain (NX/PZ),0,1,0
Azir/Xerath (SH),Elise (NX/SI),0,1,0
Azir/Xerath (SH),Viego (FR/SI),0,1,0
Jinx/Lulu (BC/PZ),Janna/Nilah (BW/PZ),0,1,0
Galio/Udyr (DE/FR),Poppy (BC/NX),0,1,0
Norra/Teemo (BC/PZ),Fiora/Shen (DE/IO),0,1,0
Norra/Teemo (BC/PZ),Senna (SI),0,1,0
Akshan/Pantheon (MT/SH),Norra/Teemo (BC/PZ),0,1,0
Norra/Teemo (BC/PZ),Seraphine (BW/PZ),0,1,0
Norra/Teemo (BC/PZ),Gwen/Sejuani (FR/SI),0,1,0
Fiora (DE/FR),Norra/Teemo (BC/PZ),0,1,0
Ekko/Jinx (PZ),Nami/Nilah (BW/SI),0,1,0
Nami/Nilah (BW/SI),Elise/Kalista (FR/SI),0,1,0
Nami/Nilah (BW/SI),Hecarim/Zed (IO/SI),0,1,0
Ekko/Jinx (PZ),Hecarim/Zed (IO/SI),0,1,0
Mordekaiser/Viego (DE/SI),Annie/Jhin (RU/NX),0,1,0
Annie/Jhin (RU/NX),Garen/Jarvan IV (DE/MT),0,1,0
Kalista/Norra (BC/SI),Caitlyn/Teemo (BC/PZ),0,1,0
Samira (BW/NX),Akshan/Master Yi (IO/SH),0,1,0
Akshan/Karma (IO/SH),Ezreal/Swain (NX/PZ),0,1,0
Lillia/Taliyah (IO/SH),Gwen/Irelia (IO/SI),0,1,0
Lucian/Quinn (DE),Lillia/Taliyah (IO/SH),0,1,0
Teemo (BC/PZ),Lillia/Taliyah (IO/SH),0,1,0
Ekko (PZ/SH),Caitlyn/Teemo (BC/PZ),0,1,0
Senna/Veigar (BC/SI),Fiora (DE/FR),0,1,0
Championpile/Elder Dragon (RU/FR),Fiora (DE/FR),0,1,0
Fiora (DE/FR),Yasuo (IO/NX),0,1,0
Evelynn/Fizz (BW/RU),Hecarim/Lucian (DE/SI),0,1,0
Leona/Yasuo (IO/MT),Lux: Illuminated/Pantheon (DE/MT),0,1,0
Bard (RU/PZ),Elder Dragon/Volibear (RU/FR),0,1,0
Braum/Kayle/Udyr (FR/MT),Annie/Taliyah (NX/SH),0,1,0
Riven/Zed (IO/NX),Annie/Taliyah (NX/SH),0,1,0
Annie/Taliyah (NX/SH),Lux: Illuminated/Vex (BC/DE),0,1,0
Annie/Taliyah (NX/SH),Championpile/Elder Dragon (RU/FR),0,1,0
Kalista (BW/SI),Annie/Taliyah (NX/SH),0,1,0
Annie/Taliyah (NX/SH),Aurelion Sol/Elder Dragon (RU/MT),0,1,0
Lucian/Udyr (DE/FR),Annie/Taliyah (NX/SH),0,1,0
Ashe/Sejuani (BW/FR),Annie/Taliyah (NX/SH),0,1,0
Fiora/Shen (DE/IO),Pyke/Rek'Sai (BW/SH),0,1,0
Ryze (IO/RU),Gangplank/Swain (BW/NX),0,1,0
Neeko/Poppy (DE/RU),Nilah/Twisted Fate (BW/PZ),0,1,0
Pyke/Rek'Sai (BW/SH),Ekko/Janna (PZ/SH),0,1,0
Ekko/Janna (PZ/SH),Garen/Udyr (DE/FR),0,1,0
Udyr (DE/FR),Ekko/Janna (PZ/SH),0,1,0
Lux: Illuminated/Zed (DE/IO),Fiora/Shen (DE/IO),0,1,0
Lux: Illuminated/Zed (DE/IO),Annie/Katarina/Samira (FR/NX),0,1,0
Akshan/Sivir (FR/SH),Championless (IO/SI),0,1,0
Ezreal/Seraphine (NX/PZ),Karma/Sett (FR/IO),0,1,0
Norra/Teemo (BC/SI),Senna/Veigar (BC/SI),0,1,0
Aphelios/Zoe (MT),Senna/Veigar (BC/SI),0,1,0
Kindred/Morgana (DE/SI),Bard (RU/IO),0,1,0
Championless (FR/PZ),Norra (BC/IO),0,1,0
Norra (BC/IO),Kalista/Nocturne (SI),0,1,0
Norra (BC/IO),Championpile/Elder Dragon (RU/FR),0,1,0
Akshan/Samira (NX/SH),Azir/Irelia (IO/SH),0,1,0
Sivir/Vi (PZ/SH),Championless (SI),0,1,0
Draven/Sion (NX/PZ),Heimerdinger/Viktor (IO/PZ),0,1,0
Janna (PZ/SI),Heimerdinger/Viktor (IO/PZ),0,1,0
Miss Fortune/Vayne (BW/DE),Heimerdinger/Viktor (IO/PZ),0,1,0
Miss Fortune/Quinn (BW/DE),Heimerdinger/Viktor (IO/PZ),0,1,0
Lissandra (FR/SH),Nami/Zoe (BW/MT),0,1,0
Renekton (BW/SH),Gwen/Irelia (IO/SI),0,1,0
The Poro King (NX/RU),Jack/Samira (BW/NX),0,1,0
The Poro King (NX/RU),Pyke/Rek'Sai (BW/SH),0,1,0
Gwen/Rek'Sai (SI/SH),Garen/Udyr (DE/FR),0,1,0
The Poro King (BW/RU),Garen/Udyr (DE/FR),0,1,0
Seraphine/Viktor (BC/PZ),Aurelion Sol/Zoe (MT/PZ),0,1,0
Volibear (FR/IO),Seraphine/Viktor (BC/PZ),0,1,0
Darius/Miss Fortune (BW/NX),Seraphine/Viktor (BC/PZ),0,1,0
Jinx/Lulu (BC/PZ),Norra/Swain (BC/NX),0,1,0
Azir/Irelia (IO/SH),Annie/Ziggs (NX/SH),0,1,0
Elder Dragon/Galio/Morgana (RU/DE),Miss Fortune (BW/NX),0,1,0
Ahri/Katarina (IO/NX),Nilah/Twisted Fate (BW/PZ),0,1,0
Elise/Senna (NX/SI),Aurelion Sol/Zoe (FR/MT),0,1,0
Azir/Nasus/Renekton (SH),Norra/Teemo (BC/SI),0,1,0
Norra/Teemo (BC/SI),Leona/Yasuo (IO/MT),0,1,0
Elise/Nocturne (NX/SI),Championless (FR/SI),0,1,0
Elise/Nocturne (NX/SI),Gnar/Lux: Illuminated (BC/DE),0,1,0
Elise/Nocturne (NX/SI),Ashe (FR/PZ),0,1,0
Evelynn (BW/RU),Elder Dragon/Mordekaiser/Viego (RU/SI),0,1,0
Senna (FR/SI),Elder Dragon/Mordekaiser/Viego (RU/SI),0,1,0
Anivia/Volibear (BW/FR),Azir/Irelia (IO/SH),0,1,0
Janna/Nilah (BW/PZ),Elder Dragon/Viego (RU/SI),0,1,0
Akshan/Varus (SH/RU),Taliyah/Ziggs (IO/SH),0,1,0
Rumble/Sion (BC/NX),Seraphine/Viktor (FR/PZ),0,1,0
Ekko/Janna (FR/PZ),Bard/Norra (BC/RU),0,1,0
Akshan/Samira (NX/SH),Katarina/Swain (NX/PZ),0,1,0
Lissandra (FR/SH),Ekko/Janna (IO/PZ),0,1,0
Lucian/Lux: Illuminated (DE/IO),Katarina/Swain (NX/PZ),0,1,0
Katarina/Swain (NX/PZ),Evelynn/Lucian (DE/RU),0,1,0
Kindred/Viego (IO/SI),Anivia (FR/SI),0,1,0
Lee Sin/Viktor (IO/PZ),Ezreal/Swain (NX/PZ),0,1,0
Samira/Sejuani (FR/NX),Lux: Illuminated/Pantheon/Zoe (DE/MT),0,1,0
Fiora/Shen (DE/IO),Samira/Sejuani (FR/NX),0,1,0
Ahri/Katarina (IO/NX),Janna/Jhin (RU/PZ),0,1,0
Gnar/Lux: Illuminated (BC/DE),Ahri/Katarina (IO/NX),0,1,0
Ahri/Katarina (IO/NX),Ahri/Lissandra (FR/IO),0,1,0
Teemo (BC/PZ),Ahri/Katarina (IO/NX),0,1,0
Ahri/Zed (IO/NX),Janna/Nilah (BW/PZ),0,1,0
Janna/Seraphine (PZ),Janna/Nilah (BW/PZ),0,1,0
Bard/Kayle (RU/MT),Aurelion Sol/Zoe (MT),0,1,0
Ashe/Tahm Kench (BW/FR),Caitlyn/Teemo (BC/PZ),0,1,0
Yasuo (IO/NX),Caitlyn/Teemo (BC/PZ),0,1,0
Caitlyn/Teemo (BC/PZ),Jhin/Vex (BC/RU),0,1,0
Malphite/Yasuo (IO/MT),Caitlyn/Teemo (BC/PZ),0,1,0
Norra/Teemo (BC/SI),Caitlyn/Teemo (BC/PZ),0,1,0
Norra/Teemo (BC/PZ),Katarina/Yasuo (IO/NX),0,1,0
Anivia/Trundle (FR),Norra/Teemo (BC/PZ),0,1,0
Norra/Teemo (BC/PZ),Ekko/Viktor (PZ/SH),0,1,0
Braum/Yuumi (BC/FR),Norra/Teemo (BC/PZ),0,1,0
Championless (PZ/SI),Norra/Teemo (BC/PZ),0,1,0
Aatrox/Kayn (RU/RU),Norra/Teemo (BC/PZ),0,1,0
Championless (SH),Karma/Sett (FR/IO),0,1,0
Karma/Sett (FR/IO),Galio/Poppy (DE/NX),0,1,0
Elder Dragon/Norra (RU/BC),Akshan/Zoe (MT/SH),0,1,0
Braum/Soraka (FR/MT),Elder Dragon/Norra (RU/BC),0,1,0
Yasuo (IO/NX),Elder Dragon/Norra (RU/BC),0,1,0
Lillia/Taliyah (IO/SH),Elder Dragon/Norra (RU/BC),0,1,0
Karma/Seraphine (IO/PZ),Elder Dragon/Norra (RU/BC),0,1,0
Mordekaiser/Norra (BC/SI),The Poro King (MT/RU),0,1,0
Evelynn/Kai'Sa (RU/SH),Teemo/Zoe (MT/PZ),0,1,0
Gwen/Kalista (NX/SI),Gnar/Trundle (FR/PZ),0,1,0
Nilah/Twisted Fate (BW/MT),Gnar/Trundle (FR/PZ),0,1,0
Seraphine (PZ),Gnar/Trundle (FR/PZ),0,1,0
Gnar/Trundle (FR/PZ),Elder Dragon/Garen (RU/DE),0,1,0
Gnar/Trundle (FR/PZ),Senna/Veigar (BC/SI),0,1,0
Maokai/Nautilus (BW/SI),Gnar/Trundle (FR/PZ),0,1,0
Gnar/Trundle (FR/PZ),Aatrox/Kayn (RU/RU),0,1,0
Elise (FR/SI),Gnar/Trundle (FR/PZ),0,1,0
Azir/Irelia (IO/SH),Swain/Yasuo (IO/NX),0,1,0
Aphelios/Zoe (IO/MT),Annie/Jhin (RU/NX),0,1,0
Caitlyn/Teemo (BC/PZ),Lissandra (FR/SH),0,1,0
Akshan/Karma (IO/SH),Illaoi/Soraka (BW/MT),0,1,0
Lucian/Quinn (DE),Akshan/Karma (IO/SH),0,1,0
Akshan/Karma (IO/SH),Elder Dragon/Elise (RU/SI),0,1,0
Akshan/Karma (IO/SH),Seraphine/Viktor (IO/PZ),0,1,0
Akshan/Karma (IO/SH),Malphite/Yasuo (IO/MT),0,1,0
Ahri/Bard (RU/IO),Akshan/Karma (IO/SH),0,1,0
Akshan/Karma (IO/SH),Ezreal/Seraphine/Viktor (PZ/SI),0,1,0
Akshan/Karma (IO/SH),Ekko/Jinx (PZ/SH),0,1,0
Fiora/Pantheon (DE/MT),Ekko/Janna (PZ/SH),0,1,0
Illaoi/Viego (BW/SI),Ashe/Thresh (FR/SI),0,1,0
Pantheon/Taric (DE/MT),Ziggs (BC/SH),0,1,0
Sejuani/Teemo (FR/PZ),Elise/Nocturne (NX/SI),0,1,0
Caitlyn/Teemo (BC/PZ),Lux: Illuminated/Shen (DE/IO),0,1,0
Ekko/Janna (PZ/SH),Braum/Zoe (FR/MT),0,1,0
Janna/Miss Fortune (BW/PZ),Evelynn/Fizz (BW/RU),0,1,0
Bard/Pantheon (RU/MT),Evelynn/Fizz (BW/RU),0,1,0
Evelynn (RU/MT),Elder Dragon/Volibear (RU/FR),0,1,0
Elder Dragon/Volibear (RU/FR),Samira (NX/PZ),0,1,0
Annie/Taliyah (NX/SH),Karma/Sett (FR/IO),0,1,0
Diana/Leona (MT/SH),Braum/Zoe (FR/MT),0,1,0
Elise (FR/SI),Nasus/Thresh (SI/SH),0,1,0
Elise (FR/SI),Elder Dragon/Galio/Morgana (RU/DE),0,1,0
Lux: Illuminated/Zed (DE/IO),Evelynn/Lucian (DE/RU),0,1,0
Ekko/Janna (PZ/SH),Braum/Zed (FR/IO),0,1,0
Fiora (DE/FR),Karma/Sett (FR/IO),0,1,0
Elder Dragon/Garen (RU/DE),Sejuani/Swain (FR/NX),0,1,0
Karma/Master Yi (FR/IO),Senna/Veigar (BC/SI),0,1,0
Janna/Jhin (RU/PZ),Gnar/Lux: Illuminated (BC/DE),0,1,0
Gnar/Lux: Illuminated (BC/DE),Janna/Miss Fortune (BW/PZ),0,1,0
Pantheon (DE/MT),Lux: Illuminated/Pantheon/Zoe (DE/MT),0,1,0
Fizz/Sejuani (BW/FR),Janna (PZ/SI),0,1,0
Yasuo (IO/NX),Fizz/Sejuani (BW/FR),0,1,0
Azir/Xerath (SH),Seraphine/Viktor (IO/PZ),0,1,0
Azir/Xerath (SH),Championless (BW/DE),0,1,0
Braum/The Poro King (FR/RU),Azir/Xerath (SH),0,1,0
Katarina/Yasuo (IO/NX),Azir/Xerath (SH),0,1,0
LeBlanc/Sion (FR/NX),Azir/Xerath (SH),0,1,0
Azir/Xerath (SH),Karma/Master Yi (FR/IO),0,1,0
Kai'Sa/The Poro King (RU/SH),Championpile/Elder Dragon (RU/FR),0,1,0
Lissandra (FR/SH),Ahri/Zed (IO/NX),0,1,0
Fiora/Shen (DE/IO),Lissandra (FR/SH),0,1,0
Ashe/Lissandra (FR/SH),Janna/Nilah (BW/PZ),0,1,0
Ahri/Kennen (BC/IO),Darius/Gnar (FR/NX),0,1,0
Thresh/Veigar (BC/SI),Poppy/Ziggs (BC/NX),0,1,0
Poppy/Ziggs (BC/NX),Katarina/Taliyah (NX/SH),0,1,0
Akshan/Master Yi (IO/SH),Poppy/Ziggs (BC/NX),0,1,0
Garen/Jarvan IV (DE/MT),Poppy/Ziggs (BC/NX),0,1,0
Ahri/Zoe (IO/MT),Braum/Zoe (FR/MT),0,1,0
Darius/Miss Fortune (BW/NX),Ekko/Zilean (PZ/SH),0,1,0
Azir/Hecarim (SI/SH),Norra/Swain (BC/NX),0,1,0
Kindred/Nasus (SI/SH),Karma/Sett (FR/IO),0,1,0
Irelia (DE/IO),Karma/Sett (FR/IO),0,1,0
Ryze (IO/RU),Aphelios/Zoe (MT/PZ),0,1,0
Kayle/Ornn/Pantheon (FR/MT),Jinx/Lulu (BC/PZ),0,1,0
Draven/Zoe (MT/NX),Draven/Seraphine (NX/PZ),0,1,0
Evelynn/Viego (RU/SI),Jinx/Zed (IO/PZ),0,1,0
Nilah/Twisted Fate (BW/PZ),Elise (NX/SI),0,1,0
Akshan/Samira (NX/SH),Annie/Jhin (RU/NX),0,1,0
Norra (BC/PZ),Ahri/Kennen (BC/IO),0,1,0
Ezreal/Twisted Fate (BW/PZ),Azir/Irelia (IO/SH),0,1,0
Ahri/Lux: Illuminated (DE/IO),Azir/Irelia (IO/SH),0,1,0
Gwen/Nidalee (SI/SH),Braum/Zoe (FR/MT),0,1,0
Ezreal/Jinx (DE/PZ),Elder Dragon/Volibear (RU/FR),0,1,0
Bard/Zoe (RU/MT),The Poro King (MT/RU),0,1,0
The Poro King (RU/SH),Aurelion Sol/Shyvana (DE/MT),0,1,0
Teemo (IO/PZ),Poppy/Ziggs (BC/NX),0,1,0
Evelynn/Fizz (BW/RU),Swain/Yasuo (IO/NX),0,1,0
Norra/Teemo (BC/SI),Draven/Rumble (BC/NX),0,1,0
Braum (BC/FR),LeBlanc/Sivir (NX/SH),0,1,0
Kalista/Nocturne (NX/SI),Braum (BC/FR),0,1,0
Lillia/Sett/Sivir (IO/SH),Braum (BC/FR),0,1,0
Zoe (MT/PZ),Annie/Nilah (BW/NX),0,1,0
Norra/Teemo (BC/SI),Maokai/Nautilus (BW/SI),0,1,0
Katarina (NX/SI),Norra/Teemo (BC/SI),0,1,0
Senna (PZ/SI),Ashe/Darius (FR/NX),0,1,0
Draven/Jinx (NX/PZ),Bard/Gwen (RU/SI),0,1,0
Katarina/Swain (NX/PZ),Elise/Nocturne (NX/SI),0,1,0
Braum/The Poro King (FR/RU),Elise/Nocturne (NX/SI),0,1,0
Evelynn/The Poro King (RU/RU),Lee Sin/Viktor (IO/PZ),0,1,0
Elder Dragon/Viego (RU/SI),Elder Dragon (RU/FR),0,1,0
Soraka/Vladimir (MT/NX),Akshan/Varus (SH/RU),0,1,0
Akshan/Varus (SH/RU),Shyvana (DE/MT),0,1,0
Akshan/Varus (SH/RU),Gnar/Neeko (FR/RU),0,1,0
Zed (FR/IO),The Poro King (MT/RU),0,1,0
Nidalee (BC/SH),Zed (FR/IO),0,1,0
Evelynn/Fizz (BW/RU),Zed (FR/IO),0,1,0
Riven/Zed (IO/NX),Azir/Xerath (SH),0,1,0
Malphite/Taliyah (MT/SH),Riven/Zed (IO/NX),0,1,0
Zoe (MT/PZ),Elder Dragon/Neeko (RU/RU),0,1,0
Elder Dragon/Volibear (RU/FR),Elder Dragon/Neeko (RU/RU),0,1,0
Karma/Yasuo/Zed (IO/SI),Poppy/Ziggs (BC/NX),0,1,0
Miss Fortune/Quinn (BW/DE),Ashe (FR/PZ),0,1,0
Katarina/Swain (NX/PZ),Zoe (DE/MT),0,1,0
Evelynn/Fizz (BW/RU),Katarina/Swain (NX/PZ),0,1,0
Anivia (FR/SI),Morgana/Udyr (DE/FR),0,1,0
Aphelios/Zoe (IO/MT),Jinx/Rumble (NX/PZ),0,1,0
Aphelios/Zoe (IO/MT),Lee Sin/Zoe (IO/MT),0,1,0
Janna/Seraphine (BW/PZ),Braum/Zoe (FR/MT),0,1,0
Ezreal/Kennen (IO/PZ),Elder Dragon (RU/FR),0,1,0
Morgana/Vex (BC/MT),Gangplank/Sejuani (BW/FR),0,1,0
Aurelion Sol/Elder Dragon/Zoe (RU/MT),Gangplank/Sejuani (BW/FR),0,1,0
Teemo (BC/PZ),LeBlanc/Sivir (NX/SH),0,1,0
Swain/Vladimir (BW/NX),Championless (PZ/SH),0,1,0
Swain/Vladimir (BW/NX),Zoe (MT),0,1,0
Azir/Elise (SI/SH),Ekko/Zilean (PZ/SH),0,1,0
Caitlyn/Teemo (BC/PZ),Azir/Elise (SI/SH),0,1,0
Senna/Veigar (BC/SI),Azir/Elise (SI/SH),0,1,0
LeBlanc/Udyr (FR/NX),Karma/Sett (FR/IO),0,1,0
Elder Dragon/Norra (RU/BC),Akshan/Karma (IO/SH),0,1,0
Elise/Kalista (FR/SI),Elder Dragon/Norra (RU/BC),0,1,0
Elder Dragon/Norra (RU/BC),Championless (FR/SI),0,1,0
Neeko/Poppy (DE/RU),Elder Dragon/Norra (RU/BC),0,1,0
Maokai/Nautilus (BW/SI),Elder Dragon/Norra (RU/BC),0,1,0
Gnar/Trundle (FR/PZ),Ryze (IO/RU),0,1,0
Gnar/Trundle (FR/PZ),Nasus (SI/SH),0,1,0
Mordekaiser/Norra (BC/SI),Gnar/Trundle (FR/PZ),0,1,0
Gnar/Trundle (FR/PZ),Elder Dragon (RU/FR),0,1,0
Jinx (NX/PZ),Gnar/Trundle (FR/PZ),0,1,0
LeBlanc/Sivir (NX/SH),Aphelios/Fizz (BC/MT),0,1,0
LeBlanc/Sivir (NX/SH),Mordekaiser/Viego (FR/SI),0,1,0
LeBlanc/Sivir (NX/SH),Kayle (BW/MT),0,1,0
Yasuo (IO/NX),LeBlanc/Sivir (NX/SH),0,1,0
Jack/Sett (BW/IO),Janna/Nilah (BW/PZ),0,1,0
Jinx/Rumble (NX/PZ),Karma/Sett (IO/PZ),0,1,0
Elder Dragon/Lissandra/Trundle (RU/FR),Annie/Jhin (RU/NX),0,1,0
Miss Fortune/Quinn (BW/DE),Fizz/Samira (BW/NX),0,1,0
Annie/Volibear (FR/NX),Akshan/Karma (IO/SH),0,1,0
Akshan/Karma (IO/SH),Mordekaiser/Viego (NX/SI),0,1,0
Quinn (DE),Akshan/Karma (IO/SH),0,1,0
Championless (IO/SI),Ziggs (BC/SH),0,1,0
Ekko/Janna (BW/PZ),Braum/The Poro King (FR/RU),0,1,0
Sejuani/Teemo (FR/PZ),Evelynn/Lucian (DE/RU),0,1,0
Hecarim/Zed (IO/SI),Taliyah (BC/SH),0,1,0
Norra/Zoe (BC/MT),Evelynn/Fizz (BW/RU),0,1,0
Caitlyn (BC/PZ),Evelynn/Fizz (BW/RU),0,1,0
Janna (PZ/SI),Evelynn/Fizz (BW/RU),0,1,0
Annie/Jhin (RU/NX),Evelynn/Fizz (BW/RU),0,1,0
LeBlanc/Udyr (FR/NX),Elder Dragon/Volibear (RU/FR),0,1,0
Shyvana (DE/IO),Elder Dragon/Volibear (RU/FR),0,1,0
Fizz (BW/FR),Elder Dragon/Volibear (RU/FR),0,1,0
Braum/Zoe (FR/MT),Braum/Darius (FR/NX),0,1,0
Katarina/Swain (NX/PZ),Draven/Jinx (NX/PZ),0,1,0
Janna/Viktor (BW/PZ),Aurelion Sol/Karma/Zoe (IO/MT),0,1,0
Championless (PZ/SI),Sejuani/Swain (FR/NX),0,1,0
Championless (PZ/SI),Swain/Teemo (BC/NX),0,1,0
Championless (PZ/SI),Elise/Nasus (SI/SH),0,1,0
Janna/Seraphine (BW/PZ),Norra/Teemo (BC/SI),0,1,0
Norra/Teemo (BC/SI),Gwen/Vayne (DE/SI),0,1,0
Norra/Teemo (BC/SI),Elder Dragon/Morgana/Shyvana (RU/DE),0,1,0
Garen/Lux: Illuminated (DE/IO),Leona/Yasuo (IO/MT),0,1,0
Caitlyn/Teemo (BC/PZ),Miss Fortune/Twisted Fate (BW/NX),0,1,0
Janna/Nilah (BW/PZ),Poppy/Ziggs (BC/NX),0,1,0
Zoe (DE/MT),Nilah/Twisted Fate (BW/PZ),0,1,0
The Poro King (MT/RU),Zoe (DE/MT),0,1,0
Ashe/Sejuani (BW/FR),Elder Dragon/Volibear (RU/FR),0,1,0
Azir/Irelia (IO/SH),Elise/Kalista (FR/SI),0,1,0
Aatrox/Vayne (RU/DE),Caitlyn/Teemo (BC/PZ),0,1,0
Nocturne/Vex (BC/SI),Rumble/Vayne (DE/NX),0,1,0
Janna/Seraphine (BW/PZ),Fiora (DE/SH),0,1,0
Teemo/Viktor (FR/PZ),Bard (RU/IO),0,1,0
Ekko/Jinx (PZ/SH),Aurelion Sol/Elder Dragon (RU/MT),0,1,0
Poppy/Ziggs (BC/NX),Aurelion Sol/Elder Dragon (RU/MT),0,1,0
Ezreal/Seraphine (IO/PZ),Aurelion Sol/Elder Dragon (RU/MT),0,1,0
Lissandra (FR/SH),Lux: Illuminated/Zoe (DE/MT),0,1,0
Aurelion Sol (DE/MT),Darius (FR/NX),0,1,0
Katarina/Yasuo (IO/NX),Poppy (BC/NX),0,1,0
Caitlyn/Teemo (BC/PZ),Poppy (BC/NX),0,1,0
Anivia (FR/SI),Poppy (BC/NX),0,1,0
Azir/Xerath (SH),Poppy (BC/NX),0,1,0
Evelynn/Kai'Sa (RU/SH),Poppy (BC/NX),0,1,0
Poppy (BC/NX),Aatrox/Kayn (RU/RU),0,1,0
Heimerdinger/Norra (BC/SI),Poppy/Ziggs (BC/NX),0,1,0
Malphite/Taliyah (MT/SH),Poppy/Ziggs (BC/NX),0,1,0
Ezreal/Seraphine (BC/PZ),Darius/Gwen (NX/SI),0,1,0
Caitlyn/Teemo (BC/PZ),Braum/Darius (FR/NX),0,1,0
Annie/Jhin (RU/NX),Braum/Darius (FR/NX),0,1,0
Akshan/Samira (NX/SH),Ashe (FR/PZ),0,1,0
Darius/Gnar (FR/NX),Draven/Seraphine (NX/PZ),0,1,0
Mordekaiser/Viego (IO/SI),Ezreal/Seraphine (IO/PZ),0,1,0
Lux: Illuminated/Pantheon (DE/MT),Braum/Zoe (FR/MT),0,1,0
Draven/Seraphine (NX/PZ),Braum/Zoe (FR/MT),0,1,0
Katarina (FR/NX),LeBlanc/Sivir (NX/SH),0,1,0
Irelia/Sivir (IO/SH),Katarina (FR/NX),0,1,0
Pyke/Rek'Sai (BW/SH),Katarina (FR/NX),0,1,0
Caitlyn/Teemo (BC/PZ),Katarina (FR/NX),0,1,0
Mordekaiser/Thresh (NX/SI),Miss Fortune/Vayne (BW/DE),0,1,0
Lucian/Zed (DE/IO),Miss Fortune/Vayne (BW/DE),0,1,0
Miss Fortune/Vayne (BW/DE),Lux: Illuminated/Vex (BC/DE),0,1,0
Diana/Nocturne (MT/SI),Illaoi/Viego (BW/SI),0,1,0
Annie/Gwen (NX/SI),Ezreal/Seraphine/Vi (BC/PZ),0,1,0
Norra (BC/IO),LeBlanc/Sivir (NX/SH),0,1,0
Pyke/Rek'Sai (BW/SH),Darius (FR/NX),0,1,0
Lux: Illuminated/Zoe (DE/MT),Bard/Zoe (RU/MT),0,1,0
Darius/Gnar (FR/NX),Ashe (FR/PZ),0,1,0
Akshan/Pantheon (MT/SH),Gwen/Irelia (IO/SI),0,1,0
Ashe (FR/PZ),Gwen/Irelia (IO/SI),0,1,0
Annie/Jhin (RU/NX),Norra (BC/IO),0,1,0
Samira/Twisted Fate (BW/NX),Taliyah/Zilean (IO/SH),0,1,0
Senna (PZ/SI),Braum/Tryndamere (FR),0,1,0
Kayn/Viego (RU/SI),Senna (PZ/SI),0,1,0
Fiora (DE/SH),Azir/Xerath (SH),0,1,0
Aatrox/Varus (RU/RU),Viego/Yuumi (MT/SI),0,1,0
Swain (BW/NX),Yasuo/Zoe (IO/MT),0,1,0
Braum/Yuumi (FR/MT),Elder Dragon/Viego (RU/SI),0,1,0
Akshan/Pantheon (MT/SH),Janna (PZ/SI),0,1,0
Katarina/Taliyah (NX/SH),Draven/Katarina (NX/SI),0,1,0
Elise/Jayce (PZ/SI),Draven/Katarina (NX/SI),0,1,0
Azir/Lucian (DE/SH),The Poro King (FR/RU),0,1,0
Hecarim/Lucian (DE/SI),Azir/Irelia (IO/SH),0,1,0
Nami/Zoe (BW/MT),Aurelion Sol/Shyvana (DE/MT),0,1,0
Gwen/Vayne (DE/SI),Nami/Zoe (BW/MT),0,1,0
Kayle/The Poro King (MT/RU),Aatrox/Kayn (RU/RU),0,1,0
Garen/Jarvan IV (DE),Aatrox/Kayn (RU/RU),0,1,0
Poppy/Ziggs (BC/NX),Illaoi (BW/IO),0,1,0
Katarina/Swain (NX/PZ),Norra/Zoe (BC/MT),0,1,0
Gnar (BC/PZ),Katarina/Swain (NX/PZ),0,1,0
Ezreal/Nilah (BW/PZ),Katarina/Swain (NX/PZ),0,1,0
Pyke/Rek'Sai (BW/SH),Katarina/Swain (NX/PZ),0,1,0
Katarina/Swain (NX/PZ),Janna/Norra (BC/PZ),0,1,0
Katarina/Swain (NX/PZ),Hecarim/Zed (IO/SI),0,1,0
Katarina/Swain (NX/PZ),Ahri (IO/NX),0,1,0
Fiora/Shen (DE/IO),Morgana/Udyr (DE/FR),0,1,0
Annie/Gnar (BC/NX),Aurelion Sol/Shyvana/Zoe (DE/MT),0,1,0
Karma/Sett (FR/IO),Annie/Gwen (NX/SI),0,1,0
Kalista/Kennen (BC/SI),Akshan/Taliyah (BC/SH),0,1,0
Norra/Swain (BC/NX),Evelynn/Lucian (DE/RU),0,1,0
Ahri (IO/NX),Ezreal/Twisted Fate (BW/PZ),0,1,0
Poppy (BC/NX),Braum/Lillia (FR/IO),0,1,0
Annie/Swain (BW/NX),Braum/Lillia (FR/IO),0,1,0
Braum/Lillia (FR/IO),Malphite/Taliyah (MT/SH),0,1,0
Bard/Mordekaiser (RU/SI),Braum/Lillia (FR/IO),0,1,0
Kindred/Yasuo (IO/SI),Gangplank/Sejuani (BW/FR),0,1,0
Morgana/Swain (MT/NX),Gangplank/Sejuani (BW/FR),0,1,0
Jack/Sett (BW/IO),Fizz/Twisted Fate (BW/FR),0,1,0
LeBlanc/Mordekaiser (NX/SI),Karma/Sett (IO/PZ),0,1,0
Draven/Sion (NX/PZ),Aatrox/Kayn (RU/RU),0,1,0
Aurelion Sol/Elder Dragon (RU/MT),Annie/Ornn (FR/NX),0,1,0
Aurelion Sol/Elder Dragon (RU/MT),Kindred (FR/SI),0,1,0
Braum/Swain (FR/NX),Aurelion Sol/Elder Dragon (RU/MT),0,1,0
Azir/Irelia (IO/SH),Aurelion Sol/Elder Dragon/Zoe (RU/MT),0,1,0
Azir/Elise (SI/SH),Annie/Jhin (RU/NX),0,1,0
Poppy (BC/NX),Azir/Elise (SI/SH),0,1,0
Gnar/Trundle (FR/PZ),Norra (BC/SI),0,1,0
Draven/Jinx (NX/PZ),Gnar/Trundle (FR/PZ),0,1,0
Fizz/Nautilus/Twisted Fate (BW),LeBlanc/Sivir (NX/SH),0,1,0
Karma/Sett (IO/PZ),Mordekaiser/Viego (SI/SH),0,1,0
Gwen/Hecarim (IO/SI),Karma/Sett (IO/PZ),0,1,0
Hecarim/Zed (IO/SI),Diana/Nocturne (MT/SI),0,1,0
Annie/Jhin (RU/NX),Championless (IO/NX),0,1,0
Bard/Norra/Yuumi (BC/RU),Annie/Jhin (RU/NX),0,1,0
Annie/Jhin (RU/NX),Illaoi/Swain (BW/NX),0,1,0
Lulu/Shen (BC/IO),Caitlyn (BC/PZ),0,1,0
Pyke/Rek'Sai (BW/SH),Lulu/Shen (BC/IO),0,1,0
Lulu/Shen (BC/IO),Annie/Jhin (RU/NX),0,1,0
Miss Fortune/Pyke (BW/SH),Norra/Zoe (BC/MT),0,1,0
Garen/Udyr (DE/FR),Draven/Seraphine (NX/PZ),0,1,0
Akshan/Karma (IO/SH),Aurelion Sol/Elder Dragon (RU/MT),0,1,0
Aurelion Sol/Tryndamere (FR/MT),Hecarim/Zed (IO/SI),0,1,0
Lissandra/Mordekaiser (FR/SI),Hecarim/Zed (IO/SI),0,1,0
Hecarim/Zed (IO/SI),Katarina/Taliyah (NX/SH),0,1,0
Ahri (IO/NX),Evelynn/Fizz (BW/RU),0,1,0
Evelynn/Fizz (BW/RU),Ashe (FR/PZ),0,1,0
Darius/Gwen/Hecarim (NX/SI),Pyke/Rek'Sai (BW/SH),0,1,0
Azir/Irelia (IO/SH),Morgana/Swain (MT/NX),0,1,0
Ashe (FR/PZ),Bard/Caitlyn (RU/PZ),0,1,0
Ashe (FR/PZ),Garen/Neeko (DE/RU),0,1,0
Galio/Udyr (DE/FR),Elder Dragon/Volibear (RU/FR),0,1,0
Elder Dragon/Volibear (RU/FR),Fizz/Janna (BC/PZ),0,1,0
Championless (BW/SI),Elder Dragon/Volibear (RU/FR),0,1,0
Udyr/Zed (FR/IO),Elder Dragon/Volibear (RU/FR),0,1,0
Anivia/Elder Dragon/Sejuani (RU/FR),Elder Dragon/Volibear (RU/FR),0,1,0
Braum/Evelynn (RU/FR),Caitlyn/Teemo (FR/PZ),0,1,0
Caitlyn/Teemo (FR/PZ),Darius/Gwen (NX/SI),0,1,0
Annie/Jhin (RU/NX),Darius (FR/NX),0,1,0
Teemo (IO/PZ),Gangplank/Sejuani (BW/FR),0,1,0
Kayle (BW/MT),Ekko/Zilean (PZ/SH),0,1,0
Braum/Zoe (FR/MT),Katarina/Swain (NX/PZ),0,1,0
Ekko/Janna (FR/PZ),Darius/Gwen (NX/SI),0,1,0
Lux: Illuminated/Zoe (DE/MT),Akshan/Pantheon (MT/SH),0,1,0
Annie/Jhin (RU/NX),Lux: Illuminated/Zoe (DE/MT),0,1,0
Braum/Lux: Illuminated (DE/FR),Nilah/Twisted Fate (BW/PZ),0,1,0
Caitlyn/Teemo (BC/PZ),Braum/Lux: Illuminated (DE/FR),0,1,0
Trundle/Volibear (DE/FR),Kennen/Samira (IO/NX),0,1,0
Lux/Morgana (DE/FR),Trundle/Volibear (DE/FR),0,1,0
Karma/Lee Sin (IO/PZ),Norra/Poppy (BC/NX),0,1,0
Bard (RU/IO),Anivia/Volibear (BW/FR),0,1,0
Rumble/Sion (BC/NX),Bard (RU/IO),0,1,0
Bard (RU/IO),Championpile/Elder Dragon (RU/DE),0,1,0
Bard (RU/IO),Yasuo (IO/NX),0,1,0
Norra (BC/IO),Aphelios/Gnar (FR/MT),0,1,0
The Poro King (MT/RU),Norra (BC/FR),0,1,0
Garen/Neeko (DE/RU),Pyke/Rek'Sai (BW/SH),0,1,0
Garen/Neeko (DE/RU),Ezreal/Nilah (BW/PZ),0,1,0
Ezreal/Nilah (BW/PZ),Norra (BC/FR),0,1,0
Ezreal/Nilah (BW/PZ),Nami/Zoe (BW/MT),0,1,0
Championless (BC/DE),Heimerdinger/Viktor (IO/PZ),0,1,0
Poppy (BC/NX),Heimerdinger/Viktor (IO/PZ),0,1,0
Aurelion Sol/Elder Dragon (RU/MT),Katarina/Taliyah (NX/SH),0,1,0
Fizz (BW/SH),Aurelion Sol/Elder Dragon (RU/MT),0,1,0
Braum/Zoe (FR/MT),Master Yi/Seraphine (IO/PZ),0,1,0
Caitlyn (BC/PZ),Lissandra (FR/SH),0,1,0
Lissandra (FR/SH),Lulu/Zed (DE/IO),0,1,0
Kalista (BC/SI),Hecarim/Zed (IO/SI),0,1,0
Kai'Sa/Viktor (PZ/SH),Poppy (BC/NX),0,1,0
Braum/Norra (BC/FR),Poppy (BC/NX),0,1,0
Elder Dragon/Galio/Morgana (RU/DE),Poppy (BC/NX),0,1,0
Poppy (BC/NX),Janna (PZ/SI),0,1,0
Norra (BC/SI),Poppy (BC/NX),0,1,0
Irelia/Sivir (IO/SH),Evelynn/Udyr (RU/FR),0,1,0
LeBlanc/Sivir (NX/SH),Hecarim/Zed (IO/SI),0,1,0
Draven/Gwen (NX/SI),Elder Dragon/Norra (RU/BC),0,1,0
Jarvan IV/Udyr (DE/FR),Nilah/Twisted Fate (BW/PZ),0,1,0
Draven/Jinx (NX/PZ),Lulu/Zed (DE/IO),0,1,0
Draven/Jinx (NX/PZ),Akshan/Aphelios (MT/SH),0,1,0
Draven/Seraphine (NX/PZ),Caitlyn/Teemo (FR/PZ),0,1,0
Aphelios/Gnar (FR/MT),Janna (PZ/SH),0,1,0
Ziggs/Zilean (BC/SH),Mordekaiser/Viego (IO/SI),0,1,0
Ekko/Janna (FR/PZ),Braum/Zoe (FR/MT),0,1,0
Garen/Heimerdinger/Jayce (DE/PZ),Elder Dragon/Elise (RU/SI),0,1,0
Trundle/Volibear (DE/FR),Quinn (DE/MT),0,1,0
Kalista/Nasus (SI/SH),Jax/Ornn (FR/RU),0,1,0
Ezreal/Karma (IO/PZ),Jax/Ornn (FR/RU),0,1,0
Aatrox/Kayn (RU/RU),Jax/Ornn (FR/RU),0,1,0
Jax/Ornn (FR/RU),Pyke/Rek'Sai (BW/SH),0,1,0
Azir/Nasus/Xerath (SH),Jax/Ornn (FR/RU),0,1,0
Norra/Teemo (BC/PZ),Jack/Samira (BW/NX),0,1,0
Elder Dragon/Shyvana (RU/DE),Teemo/Vex (PZ/SI),0,1,0
Elder Dragon/Shyvana (RU/DE),Fiora/Shen (DE/IO),0,1,0
Norra/Poppy (BC/NX),Elder Dragon/Shyvana (RU/DE),0,1,0
Lissandra/Teemo (FR/PZ),Akshan/Pantheon (MT/SH),0,1,0
Akshan/Udyr (FR/SH),Championless (SI),0,1,0
Akshan/Aphelios (MT/SH),LeBlanc/Sivir (NX/SH),0,1,0
Annie/Jhin (RU/NX),Gnar/Nidalee (BC/SH),0,1,0
The Poro King (FR/RU),Annie/Jhin (RU/NX),0,1,0
Evelynn/Fizz (BW/RU),Bard/Zoe (RU/MT),0,1,0
Gwen/Zed (IO/SI),Taliyah/Zilean (IO/SH),0,1,0
Taliyah/Zilean (IO/SH),Gnar/Nidalee (BC/SH),0,1,0
Katarina/Samira (FR/NX),Caitlyn/Teemo (BC/PZ),0,1,0
Renekton (BW/SH),Draven/Jinx (NX/PZ),0,1,0
Elder Dragon/Viego (RU/SI),Jack/Sett (BW/IO),0,1,0
Braum/Udyr/Vladimir (FR/NX),Elder Dragon/Viego (RU/SI),0,1,0
Irelia/Miss Fortune (BW/IO),Braum/The Poro King (FR/RU),0,1,0
The Poro King (FR/RU),Gwen/Vayne (DE/SI),0,1,0
The Poro King (FR/RU),Yasuo (IO/NX),0,1,0
The Poro King (FR/RU),Caitlyn/Ekko (PZ/SH),0,1,0
The Poro King (FR/RU),Jack/Sett (BW/IO),0,1,0
Leona/Yasuo (IO/MT),The Poro King (FR/RU),0,1,0
The Poro King (FR/RU),Sejuani/Teemo (FR/PZ),0,1,0
Pantheon/Riven (MT/NX),Azir/Irelia (IO/SH),0,1,0
Leona/Yasuo (IO/MT),Azir/Irelia (IO/SH),0,1,0
Diana/Nocturne (MT/SI),Annie/Jhin (RU/NX),0,1,0
Pyke/Rek'Sai (BW/SH),Akshan/Aphelios (MT/SH),0,1,0
Gwen (SI/SH),Katarina/Swain (NX/PZ),0,1,0
Rumble/Sion (BC/NX),Karma/Sett (FR/IO),0,1,0
Akshan/Kai'Sa (IO/SH),Braum/Lillia (FR/IO),0,1,0
Lissandra (FR/SH),Aphelios/Zoe (IO/MT),0,1,0
Gnar/Lux: Illuminated (BC/DE),Aphelios/Zoe (IO/MT),0,1,0
Aurelion Sol/Taric (FR/MT),Braum/Zoe (FR/MT),0,1,0
Braum/Zoe (FR/MT),Elder Dragon/Trundle (RU/FR),0,1,0
Braum/Zoe (FR/MT),Taliyah/Zilean (IO/SH),0,1,0
Braum/Lillia (FR/IO),Aphelios/Zoe (MT),0,1,0
Gwen/Irelia (IO/SI),Evelynn/Fizz (BW/RU),0,1,0
Gwen/Irelia (IO/SI),Hecarim/Zed (IO/SI),0,1,0
Lulu/Zed (DE/IO),Aphelios/Norra (BC/MT),0,1,0
Janna/Nilah (BW/PZ),Lulu/Zed (DE/IO),0,1,0
Hecarim/Zed (IO/SI),Jack/Sett (BW/IO),0,1,0
Jack/Sett (BW/IO),Ahri (IO/SI),0,1,0
Jack/Sett (BW/IO),Ziggs/Zilean (BC/SH),0,1,0
Jack/Sett (BW/IO),Kayle/Teemo (BC/MT),0,1,0
Norra (BC),Jack/Sett (BW/IO),0,1,0
Ahri/Kennen (IO),Jack/Sett (BW/IO),0,1,0
Karma/Lux (DE/IO),Jack/Sett (BW/IO),0,1,0
Braum/Lillia (FR/IO),Elder Dragon/Elise (RU/SI),0,1,0
Elder Dragon/Tryndamere/Volibear (RU/FR),Annie/Jhin (RU/NX),0,1,0
Elder Dragon/Tryndamere/Volibear (RU/FR),Master Yi/Taric (IO/MT),0,1,0
Elder Dragon/Tryndamere/Volibear (RU/FR),Yuumi/Zoe (FR/MT),0,1,0
Aurelion Sol/Elder Dragon (RU/MT),Elder Dragon/Trundle (RU/FR),0,1,0
Elder Dragon/Elise (RU/SI),Karma/Sett (IO/MT),0,1,0
Braum/Zed (FR/IO),Draven/Jinx (NX/PZ),0,1,0
Akshan/Renekton (SH),Pyke/Rek'Sai (BW/SH),0,1,0
Aphelios/Seraphine (MT/PZ),Nidalee (BC/SH),0,1,0
Illaoi/Soraka (BW/MT),Norra (BC/FR),0,1,0
Evelynn/Lucian (DE/RU),Evelynn/Fizz (BW/RU),0,1,0
Akshan/Sivir (FR/SH),Ryze (IO/RU),0,1,0
Akshan/Master Yi (IO/SH),Ryze (IO/RU),0,1,0
Irelia (IO/MT),Ryze (IO/RU),0,1,0
Championless (NX/PZ),Ryze (IO/RU),0,1,0
Garen/Udyr (DE/FR),Gnar/Trundle (FR/PZ),0,1,0
Championless (SI),Gnar/Trundle (FR/PZ),0,1,0
Gnar/Trundle (FR/PZ),Mordekaiser/Viego (MT/SI),0,1,0
Annie/Jhin (RU/NX),Norra (BC/SI),0,1,0
Samira (BW/NX),Pantheon/Taric (DE/MT),0,1,0
Norra/Viego (BC/SI),Samira (BW/NX),0,1,0
Kennen/Yasuo/Zed (BC/IO),Samira (BW/NX),0,1,0
Samira (BW/NX),Nilah/Twisted Fate (BW/PZ),0,1,0
Kalista/Katarina (NX/SI),Taliyah/Zilean (IO/SH),0,1,0
Aphelios/Zoe (MT),Rumble/Vayne (DE/NX),0,1,0
Aphelios/Zoe (MT),Akshan/Udyr (FR/SH),0,1,0
Hecarim/Zed (IO/SI),Fizz/Janna (BC/PZ),0,1,0
Aurelion Sol/Norra (BC/MT),Caitlyn/Trundle (FR/PZ),0,1,0
Caitlyn/Trundle (FR/PZ),Katarina/Taliyah (NX/SH),0,1,0
Kalista/Zed (IO/SI),Caitlyn/Trundle (FR/PZ),0,1,0
Braum/Janna/Seraphine (FR/PZ),Braum/Zoe (FR/MT),0,1,0
Fiora (DE/SH),Nilah/Twisted Fate (BW/PZ),0,1,0
Annie (NX/PZ),Nilah/Twisted Fate (BW/PZ),0,1,0
Pyke (BW/DE),Nilah/Twisted Fate (BW/PZ),0,1,0
Kindred/Nasus (SI/SH),Anivia (FR/SI),0,1,0
Yuumi/Zoe (FR/MT),Anivia (FR/SI),0,1,0
Ezreal/Seraphine (NX/PZ),Anivia (FR/SI),0,1,0
Yasuo (IO/NX),Anivia (FR/SI),0,1,0
Braum/Zed (FR/IO),Lissandra (FR/SH),0,1,0
Braum/Irelia/Udyr (FR/IO),Braum/Zed (FR/IO),0,1,0
Ekko/Janna (FR/PZ),Kennen (BC/IO),0,1,0
Championless (IO/NX),Yuumi/Zoe (FR/MT),0,1,0
Akshan/Udyr (FR/SH),Yuumi/Zoe (FR/MT),0,1,0
The Poro King (NX/RU),Yuumi/Zoe (FR/MT),0,1,0
Hecarim/Zed (IO/SI),Yuumi/Zoe (FR/MT),0,1,0
Kayle/Teemo (BC/MT),Yuumi/Zoe (FR/MT),0,1,0
Annie/Gwen (NX/SI),Yuumi/Zoe (FR/MT),0,1,0
Senna/Veigar (BC/SI),Norra/Teemo (BC/PZ),0,1,0
Championless (IO/NX),Elder Dragon (RU/FR),0,1,0
Azir/Xerath (SH),Championless (IO/NX),0,1,0
Norra/Zoe (BC/MT),Aphelios/Gnar (FR/MT),0,1,0
Janna (PZ/SI),Aphelios/Gnar (FR/MT),0,1,0
Diana/Nocturne (MT/SI),Elise (NX/SI),0,1,0
Gnar/Lux: Illuminated (BC/DE),Lissandra (FR/SH),0,1,0
Norra (BC/FR),Braum/Zoe (FR/MT),0,1,0
Caitlyn/Teemo (BC/PZ),Norra (BC/FR),0,1,0
Aphelios/Seraphine (MT/PZ),Annie/Jhin (RU/NX),0,1,0
Ezreal/Nilah (BW/PZ),Lissandra (FR/SH),0,1,0
Katarina/Samira (FR/NX),Ezreal/Nilah (BW/PZ),0,1,0
Xerath (SH),Pyke/Rek'Sai (BW/SH),0,1,0
Garen/Morgana (BC/DE),Zoe (MT),0,1,0
Zoe (MT),Caitlyn/Teemo (BC/PZ),0,1,0
Katarina/Swain (NX/PZ),Braum/Evelynn (RU/FR),0,1,0
Lulu/Zed (DE/IO),Draven/Seraphine (NX/PZ),0,1,0
Lulu/Zed (DE/IO),Annie/Jhin (RU/NX),0,1,0
Lulu/Zed (DE/IO),Aphelios/Zoe (FR/MT),0,1,0
Lulu/Zed (DE/IO),Championless (SI),0,1,0
Poppy (BC/NX),Nasus/Thresh (SI/SH),0,1,0
Anivia/Mordekaiser (FR/SI),Poppy (BC/NX),0,1,0
Elise/Kalista (FR/SI),Poppy (BC/NX),0,1,0
Janna (PZ/SI),Nilah/Twisted Fate (BW/PZ),0,1,0
Udyr (DE/FR),Championless (SI),0,1,0
The Poro King (MT/RU),Aphelios/Norra (BC/MT),0,1,0
Elise (NX/SI),Garen/Udyr (DE/FR),0,1,0
Taliyah/Zilean (IO/SH),Norra/Swain (BC/NX),0,1,0
Karma (IO),Karma/Sett (FR/IO),0,1,0
Gnar/Kayle (FR/MT),Karma/Sett (FR/IO),0,1,0
Draven/Seraphine (NX/PZ),Elise/Nocturne (FR/SI),0,1,0
Janna/Nilah (BW/PZ),Kindred/Nasus (SI/SH),0,1,0
Nasus/Thresh (SI/SH),Kindred/Nasus (SI/SH),0,1,0
Darius (FR/NX),Kindred/Nasus (SI/SH),0,1,0
Janna/Karma/Sett (IO/PZ),Kindred/Nasus (SI/SH),0,1,0
Fiora (DE/FR),The Poro King (MT/RU),0,1,0
Draven/Jinx (NX/PZ),Elder Dragon/Elise (RU/SI),0,1,0
Mordekaiser/Viego (IO/SI),Karma/Sett (FR/IO),0,1,0
Gwen/Irelia (IO/SI),Elise/Nocturne (FR/SI),0,1,0
Fiora/Pantheon (DE/MT),Elise/Nocturne (FR/SI),0,1,0
Quinn (DE/MT),Kai'Sa/Viktor (PZ/SH),0,1,0
Quinn/Yuumi (DE/MT),Janna/Viktor (PZ/SI),0,1,0
Elise/Nocturne (NX/SI),Quinn/Yuumi (DE/MT),0,1,0
Quinn/Yuumi (DE/MT),Pyke/Rek'Sai (BW/SH),0,1,0
Quinn/Yuumi (DE/MT),Elder Dragon (RU/FR),0,1,0
Quinn/Yuumi (DE/MT),Azir/Irelia (IO/SH),0,1,0
Quinn (DE/MT),Maokai/Nautilus (BW/SI),0,1,0
Championless (SI),Quinn (DE/MT),0,1,0
Zilean (BC/SH),Quinn (DE/MT),0,1,0
Darius/Garen (DE/NX),Azir/Irelia (IO/SH),0,1,0
Lux: Illuminated/Vex (BC/DE),Kindred/Viego (SI/SH),0,1,0
Ezreal/Nilah (BW/PZ),Akshan/Sivir (FR/SH),0,1,0
Lux: Illuminated/Pantheon (DE/MT),Gnar/Nidalee (BC/SH),0,1,0
Akshan/Pantheon (MT/SH),Gnar/Nidalee (BC/SH),0,1,0
Zoe (DE/MT),Gnar/Nidalee (BC/SH),0,1,0
Aphelios/Seraphine (MT/PZ),Gnar/Nidalee (BC/SH),0,1,0
Ezreal/Nilah (BW/PZ),Evelynn/Fizz (BW/RU),0,1,0
Fizz/Samira (BW/NX),Garen/Udyr (DE/FR),0,1,0
Garen/Udyr (DE/FR),Bard/Gnar (RU/FR),0,1,0
Norra/Teemo (BC/PZ),Elder Dragon/Seraphine/Viktor (RU/PZ),0,1,0
Norra/Teemo (BC/PZ),Championpile/Elder Dragon (RU/FR),0,1,0
Norra/Teemo (BC/PZ),Nasus/Thresh (SI/SH),0,1,0
Norra (BC/PZ),Norra/Teemo (BC/PZ),0,1,0
Yasuo/Zed (IO/NX),Ashe (FR/PZ),0,1,0
Nilah/Twisted Fate (BW/PZ),Bard/Gnar (RU/FR),0,1,0
Bard/Gnar (RU/FR),Ashe (FR/PZ),0,1,0
Pyke/Rek'Sai (BW/SH),Bard/Gnar (RU/FR),0,1,0
Bard/Illaoi (RU/BW),The Poro King (BW/RU),0,1,0
Aurelion Sol/Yuumi (DE/MT),Master Yi/Mordekaiser (IO/SI),0,1,0
Elder Dragon (RU/FR),Irelia/Miss Fortune (BW/IO),0,1,0
Braum/Volibear (DE/FR),Taliyah/Zilean (IO/SH),0,1,0
Aphelios/Zoe (IO/MT),Nilah/Twisted Fate (BW/PZ),0,1,0
Braum/Zoe (FR/MT),Kennen/Samira (IO/NX),0,1,0
Lissandra/Volibear (BW/FR),Braum/Zoe (FR/MT),0,1,0
Elder Dragon/Volibear (RU/FR),Gwen/LeBlanc (NX/SI),0,1,0
Lissandra (FR/MT),Elder Dragon/Volibear (RU/FR),0,1,0
Gwen/Vayne (DE/SI),Elder Dragon/Volibear (RU/FR),0,1,0
Aphelios/Fizz (BC/MT),Elder Dragon/Volibear (RU/FR),0,1,0
Ashe (DE/FR),Elder Dragon/Volibear (RU/FR),0,1,0
Quinn (DE/FR),Championless (PZ/SI),0,1,0
Caitlyn/Teemo (BC/PZ),Quinn (DE/FR),0,1,0
Lissandra/Trundle (FR/SI),Quinn (DE/FR),0,1,0
Caitlyn/Teemo (BC/PZ),Galio/Garen (DE/IO),0,1,0
Draven/Jinx (NX/PZ),Aphelios/Norra (BC/MT),0,1,0
Darius/Yasuo (IO/NX),Draven/Jinx (NX/PZ),0,1,0
Teemo (BC/PZ),Caitlyn/Teemo (BC/PZ),0,1,0
Jack/Sett (BW/IO),Akshan/Master Yi (IO/SH),0,1,0
Braum/Lillia (FR/IO),Illaoi/Mordekaiser (BW/SI),0,1,0
Lee Sin/Viktor (IO/PZ),Lux: Illuminated/Vex (BC/DE),0,1,0
Azir/Irelia (IO/SH),Evelynn/Vi (RU/PZ),0,1,0
Nidalee (BC/SH),Aphelios/Gnar (FR/MT),0,1,0
Pyke/Rek'Sai (BW/SH),Kindred (DE/SI),0,1,0
Karma (IO/PZ),Pyke/Rek'Sai (BW/SH),0,1,0
Diana/Leona (MT/SI),Rumble/Vayne (DE/NX),0,1,0
Annie/Jhin (RU/NX),Lux/Zed (DE/IO),0,1,0
Caitlyn/Trundle (FR/PZ),Annie/Jhin (RU/NX),0,1,0
Pyke/Rek'Sai (BW/SH),Fiora/Zoe (DE/MT),0,1,0
Fizz/Samira (BW/NX),Fiora/Pantheon (DE/MT),0,1,0
Lissandra/Taliyah (FR/SH),Taliyah/Zilean (IO/SH),0,1,0
Taliyah/Zilean (IO/SH),The Poro King (NX/RU),0,1,0
Soraka/Tahm Kench (BW/MT),Bard (RU/NX),0,1,0
Master Yi/Ryze (IO/RU),Elder Dragon/Volibear (RU/FR),0,1,0
Nasus/Thresh (SI/SH),Caitlyn/Trundle (FR/PZ),0,1,0
Caitlyn/Trundle (FR/PZ),Braum/Galio/Poppy (DE/FR),0,1,0
Ashe (FR/PZ),Fiora (DE/SH),0,1,0
Braum/Lillia (FR/IO),Karma/Seraphine (IO/PZ),0,1,0
Gwen/Mordekaiser (NX/SI),Karma/Seraphine (IO/PZ),0,1,0
Kindred (FR/SI),Karma/Seraphine (IO/PZ),0,1,0
Anivia/Elder Dragon/Sejuani (RU/FR),Nilah/Twisted Fate (BW/PZ),0,1,0
Sejuani/Vladimir (FR/NX),Anivia (FR/SI),0,1,0
Viktor (BC/PZ),Anivia (FR/SI),0,1,0
Elder Dragon/Shyvana (RU/DE),Anivia (FR/SI),0,1,0
Anivia (FR/SI),Fiora (DE/FR),0,1,0
Evelynn/Kai'Sa (RU/SH),Anivia (FR/SI),0,1,0
Caitlyn/Teemo (BC/PZ),Lux: Illuminated/Pantheon (DE/MT),0,1,0
Braum/Zed (FR/IO),Nilah/Twisted Fate (BW/PZ),0,1,0
Karma/Sett (FR/IO),Yuumi/Zoe (FR/MT),0,1,0
Yuumi/Zoe (FR/MT),Elder Dragon/Yasuo (RU/IO),0,1,0
Yuumi/Zoe (FR/MT),Elder Dragon/Lissandra/Trundle (RU/FR),0,1,0
Veigar (BC/SI),Yuumi/Zoe (FR/MT),0,1,0
Janna/Mordekaiser (PZ/SI),Yuumi/Zoe (FR/MT),0,1,0
Aurelion Sol/Zoe (MT/PZ),Yuumi/Zoe (FR/MT),0,1,0
Lissandra (FR/SH),Draven/Seraphine (NX/PZ),0,1,0
Rumble/Vayne (DE/NX),Veigar (BC/SI),0,1,0
Fizz/Samira (BW/NX),Aphelios/Seraphine (MT/PZ),0,1,0
Fizz/Samira (BW/NX),Ezreal (BC/PZ),0,1,0
Fiora (DE/SH),Braum/Darius (FR/NX),0,1,0
Elise (NX/SI),Norra/Zoe (BC/MT),0,1,0
Aurelion Sol (DE/MT),Kindred/Nasus (SI/SH),0,1,0
Aurelion Sol (DE/MT),Teemo (BC/PZ),0,1,0
Aurelion Sol (DE/MT),Veigar (BC/SI),0,1,0
Elder Dragon/Lissandra (RU/FR),Morgana/Swain (MT/NX),0,1,0
Karma/Seraphine (IO/PZ),Evelynn/Vi (RU/PZ),0,1,0
Karma/Seraphine (IO/PZ),Fizz (BW/SH),0,1,0
Elder Dragon/Mordekaiser/Viego (RU/SI),Aurelion Sol/Shyvana (DE/MT),0,1,0
Annie/Elise (NX/SI),Draven/Seraphine (NX/PZ),0,1,0
Fiora (DE/SH),Anivia/Quinn (DE/FR),0,1,0
Evelynn/Kai'Sa (RU/SH),Anivia/Quinn (DE/FR),0,1,0
Anivia/Quinn (DE/FR),Teemo (NX/PZ),0,1,0
Aurelion Sol/Zoe (FR/MT),Anivia/Quinn (DE/FR),0,1,0
Anivia/Quinn (DE/FR),Swain/Yasuo (IO/NX),0,1,0
Gangplank (BW/NX),Anivia/Quinn (DE/FR),0,1,0
Karma/Sett (FR/IO),Anivia/Quinn (DE/FR),0,1,0
Anivia/Quinn (DE/FR),Azir/Irelia (IO/SH),0,1,0
Pyke/Rek'Sai (BW/SH),Anivia/Quinn (DE/FR),0,1,0
Evelynn/Viego (RU/SI),Anivia/Quinn (DE/FR),0,1,0
Quinn/Yuumi (DE/MT),Garen/Udyr (DE/FR),0,1,0
Quinn/Yuumi (DE/MT),Yasuo/Zed (IO/NX),0,1,0
Elder Dragon/Mordekaiser/Viego (RU/SI),Quinn/Yuumi (DE/MT),0,1,0
Master Yi (IO/PZ),Maokai (BW/SI),0,1,0
Karma/Seraphine/Viktor (IO/PZ),Maokai (BW/SI),0,1,0
Caitlyn/Swain (NX/PZ),Annie/Elise (NX/SI),0,1,0
Swain (BW/NX),Sejuani/Teemo (FR/PZ),0,1,0
Azir/Xerath (SH),Bard/Mordekaiser (RU/SI),0,1,0
Nami/Nilah (BW/SI),Ashe (FR/PZ),0,1,0
The Poro King (RU/SH),Aphelios/Seraphine (MT/PZ),0,1,0
The Poro King (FR/RU),The Poro King (RU/SH),0,1,0
Kindred/Mordekaiser (PZ/SI),Azir/Irelia (IO/SH),0,1,0
Morgana/Udyr (DE/FR),Aphelios/Viktor/Zoe (MT/PZ),0,1,0
Teemo (IO/PZ),Morgana/Udyr (DE/FR),0,1,0
Akshan/Zilean (FR/SH),Morgana/Udyr (DE/FR),0,1,0
Master Yi/Mordekaiser (IO/SI),Taliyah/Zilean (IO/SH),0,1,0
Braum/Lillia (FR/IO),Ashe/Tahm Kench (BW/FR),0,1,0
Pyke/Rek'Sai (BW/SH),Braum/Lillia (FR/IO),0,1,0
Ezreal/Swain (NX/PZ),Evelynn/Fizz (BW/RU),0,1,0
Annie/Elise (NX/SI),Ezreal/Swain (NX/PZ),0,1,0
Aphelios/Zoe (MT/PZ),Ezreal/Swain (NX/PZ),0,1,0
Nami/Nilah (BW/SI),Ezreal/Swain (NX/PZ),0,1,0
Elder Dragon/Volibear (RU/FR),Gwen/Ziggs (BC/SI),0,1,0
Aurelion Sol/Volibear (FR/MT),Nilah/Twisted Fate (BW/PZ),0,1,0
Lillia/Taliyah (IO/SH),Annie/Jhin (RU/NX),0,1,0
Azir/Nasus (SH),Annie/Jhin (RU/NX),0,1,0
Seraphine/Viktor (MT/PZ),Karma (IO/PZ),0,1,0
Senna/Veigar/Viktor (PZ/SI),Championless (FR/SI),0,1,0
Championless (FR/SI),Aatrox/Kayn (RU/RU),0,1,0
Aatrox/Vayne (RU/DE),Bard (RU/NX),0,1,0
Annie/Elise (NX/SI),Evelynn/Fizz (BW/RU),0,1,0
The Poro King (FR/RU),Evelynn/Fizz (BW/RU),0,1,0
Caitlyn (NX/PZ),Karma/Sett (FR/IO),0,1,0
Evelynn/Viego (RU/SI),Caitlyn (NX/PZ),0,1,0
Lillia/Taliyah (IO/SH),Caitlyn (NX/PZ),0,1,0
Ezreal/Janna (BW/PZ),Caitlyn (NX/PZ),0,1,0
Gwen/Viego (NX/SI),Caitlyn (NX/PZ),0,1,0
Caitlyn (NX/PZ),Braum/Norra (BC/FR),0,1,0
Caitlyn (NX/PZ),Sett/Tryndamere (FR/IO),0,1,0
Draven/Seraphine (NX/PZ),Renekton/Shen (IO/SH),0,1,0
Draven/Seraphine (NX/PZ),Gwen/Katarina (NX/SI),0,1,0
Soraka/Tahm Kench (BW/MT),Kennen/Veigar (IO/SI),0,1,0
Kennen/Veigar (IO/SI),Bard/Norra (BC/RU),0,1,0
Kennen/Veigar (IO/SI),Garen/Jarvan IV (DE/SH),0,1,0
Aphelios/Seraphine (MT/PZ),The Poro King (FR/RU),0,1,0
Akshan/Taliyah (BC/SH),Azir/Irelia (IO/SH),0,1,0
Evelynn (RU/MT),Azir/Xerath (SH),0,1,0
Draven/Jinx (NX/PZ),Evelynn (RU/MT),0,1,0
The Poro King (BW/RU),Kayle (BW/MT),0,1,0
Swain/Vi (NX/PZ),Kayle (BW/MT),0,1,0
Pyke/Rek'Sai (BW/SH),Kayle (BW/MT),0,1,0
Garen/Udyr (DE/FR),Lillia/Malphite (IO/MT),0,1,0
Lillia/Malphite (IO/MT),Nocturne/Renekton (SI/SH),0,1,0
Sett/Tryndamere (FR/IO),Lillia/Malphite (IO/MT),0,1,0
Caitlyn/Janna (PZ/SI),The Poro King (MT/RU),0,1,0
Elise (NX/SI),Janna/Senna (PZ/SI),0,1,0
Akshan/Aphelios/Kai'Sa (MT/SH),Janna/Senna (PZ/SI),0,1,0
Janna/Senna (PZ/SI),Jarvan IV/Lulu/Shen (DE/IO),0,1,0
Norra/Teemo (BC/PZ),Karma/Senna (IO/SI),0,1,0
Anivia/Karma (FR/IO),Elder Dragon/Volibear (RU/FR),0,1,0
Braum/Master Yi (FR/IO),Elder Dragon/Volibear (RU/FR),0,1,0
Elder Dragon/Volibear (RU/FR),Hecarim/Viego (IO/SI),0,1,0
Pyke/Rek'Sai (BW/SH),Maokai/Vi (PZ/SI),0,1,0
Irelia/Miss Fortune (BW/IO),Kai'Sa/Pantheon (MT/SH),0,1,0
Annie/Jhin (RU/NX),Irelia/Miss Fortune (BW/IO),0,1,0
The Poro King (RU/SH),Fizz/Samira (BC/NX),0,1,0
Leona/Yasuo (IO/MT),Fizz/Samira (BC/NX),0,1,0
Irelia/Kennen (IO/SI),Fizz/Samira (BC/NX),0,1,0
Fizz/Samira (BC/NX),Evelynn/Lucian (DE/RU),0,1,0
Jinx/Lulu (BC/PZ),The Poro King (RU/SH),0,1,0
Renekton/Shen (IO/SH),The Poro King (RU/SH),0,1,0
The Poro King (RU/SH),The Poro King (RU),0,1,0
The Poro King (RU/SH),Gnar/Nidalee (BC/SH),0,1,0
Viego (PZ/SI),Azir/Irelia (IO/SH),0,1,0
Championpile (NX),Azir/Irelia (IO/SH),0,1,0
Nilah/Samira (BW/NX),Azir/Irelia (IO/SH),0,1,0
Swain/Yasuo (IO/NX),Aphelios/Viktor/Zoe (MT/PZ),0,1,0
Aphelios/Viktor/Zoe (MT/PZ),Teemo (BC/PZ),0,1,0
Akshan (FR/SH),Aphelios/Viktor/Zoe (MT/PZ),0,1,0
Quinn (DE/FR),Kai'Sa/Pantheon (MT/SH),0,1,0
Bard/Norra (BC/RU),Quinn (DE/FR),0,1,0
Aurelion Sol/Volibear (FR/MT),Rumble/Sion (BC/NX),0,1,0
Nidalee (BC/SH),Mordekaiser/The Poro King (RU/SI),0,1,0
Galio/Udyr (DE/FR),Pyke/Rek'Sai (BW/SH),0,1,0
Lulu/Poppy/Tristana (BC/DE),Annie/Jhin (RU/NX),0,1,0
Nasus/Renekton (SH),Annie/Jhin (RU/NX),0,1,0
Janna/Zilean (PZ/SH),Elder Dragon/Norra (RU/BC),0,1,0
The Poro King (MT/RU),Annie/Elise (NX/SI),0,1,0
Annie/Elise (NX/SI),Renekton/Shen (IO/SH),0,1,0
Akshan (FR/SH),The Poro King (RU/SH),0,1,0
Jayce (MT/PZ),Illaoi/Udyr (BW/FR),0,1,0
Jayce (MT/PZ),Illaoi/LeBlanc (BW/NX),0,1,0
Kayle/Pantheon (MT/NX),Elder Dragon/Seraphine/Viktor (RU/PZ),0,1,0
Caitlyn/Janna (PZ/SI),Evelynn/Kai'Sa (RU/SH),0,1,0
Braum/Kindred/Mordekaiser (FR/SI),Illaoi/Jarvan IV (BW/DE),0,1,0
Caitlyn/Teemo (FR/PZ),Braum/Kindred/Mordekaiser (FR/SI),0,1,0
Elise (NX/SI),Samira/Seraphine (NX/PZ),0,1,0
Diana/Leona (MT),Elise (NX/SI),0,1,0
Evelynn/Kai'Sa (RU/SH),Janna (PZ/SI),0,1,0
Bard/Lux: Illuminated (RU/DE),Aphelios/Yasuo (IO/MT),0,1,0
Annie/Jhin (RU/NX),Seraphine/Swain (NX/PZ),0,1,0
Garen/Udyr (DE/FR),The Poro King (MT/RU),0,1,0
Braum/Janna/Seraphine (FR/PZ),Akshan/Udyr (FR/SH),0,1,0
Elder Dragon/Norra (RU/BC),Azir/Xerath (SH),0,1,0
Fiora (DE/FR),Fiora (DE/SH),0,1,0
Garen/Udyr (DE/FR),Fiora (DE/SH),0,1,0
Karma (FR/IO),Fiora (DE/SH),0,1,0
Norra/Yuumi (BC/SI),Azir/Irelia (IO/SH),0,1,0
Teemo/Zoe (BC/MT),Azir/Irelia (IO/SH),0,1,0
Akshan/Taliyah (IO/SH),Azir/Irelia (IO/SH),0,1,0
Lux: Illuminated/Poppy (DE/MT),Nidalee (BC/SH),0,1,0
Akshan/Nasus (SI/SH),Lux: Illuminated/Poppy (DE/MT),0,1,0
Fiora (DE/SH),Lux: Illuminated/Vex (BC/DE),0,1,0
Braum/Zoe (FR/MT),Gnar/Trundle (FR/PZ),0,1,0
Maokai/Vi (PZ/SI),Janna (PZ/SI),0,1,0
Master Yi/Udyr (FR/IO),Gnar/Trundle (FR/PZ),0,1,0
Ashe/LeBlanc (FR/NX),Gnar/Trundle (FR/PZ),0,1,0
Gnar/Trundle (FR/PZ),Hecarim/Zed (IO/SI),0,1,0
Kindred (FR/SI),Gnar/Trundle (FR/PZ),0,1,0
Norra/Teemo (BC/PZ),Gnar/Trundle (FR/PZ),0,1,0
Annie/Jhin (RU/NX),Miss Fortune/Yasuo (BW/IO),0,1,0
Annie/Jhin (RU/NX),Championpile (MT/PZ),0,1,0
Ezreal/Nilah (BW/PZ),Janna (PZ/SI),0,1,0
Azir/Hecarim/Kalista (SI/SH),Azir/Irelia (IO/SH),0,1,0
Lulu/Zed (DE/IO),Norra/Swain (BC/NX),0,1,0
Evelynn/Kai'Sa (RU/SH),Diana/Nocturne (MT/SI),0,1,0
Darius/LeBlanc (FR/NX),Diana/Nocturne (MT/SI),0,1,0
Diana/Leona (MT),Samira/Sejuani (FR/NX),0,1,0
Leona/Yasuo (IO/MT),Aphelios/Gnar (FR/MT),0,1,0
Draven/Sion (NX/PZ),Annie/Jhin (RU/NX),0,1,0
Heimerdinger/Norra (BC/SI),Annie/Jhin (RU/NX),0,1,0
Gangplank (BW/SI),Elder Dragon/Volibear (RU/FR),0,1,0
Bard/Kalista (RU/SI),Gangplank (BW/SI),0,1,0
Gangplank (BW/SI),Kayle/Yuumi (DE/MT),0,1,0
Gangplank (BW/SI),Annie/Jhin (RU/NX),0,1,0
Malphite/Taliyah (MT/SH),Norra/Teemo (BC/PZ),0,1,0
Sion/Sivir (NX/SH),Ekko/Jinx (PZ/SH),0,1,0
Ekko/Jinx (PZ/SH),Ezreal/Seraphine (BC/PZ),0,1,0
Janna (BC/PZ),Braum/Zoe (FR/MT),0,1,0
Bard/Udyr (RU/FR),The Poro King (MT/RU),0,1,0
The Poro King (RU),The Poro King (MT/RU),0,1,0
The Poro King (RU),Lulu/Zed (DE/IO),0,1,0
Azir/Xerath (SH),Master Yi/Zilean (IO/SH),1,2,0.5
Master Yi/Zilean (IO/SH),Azir/Xerath (SH),1,2,0.5
Jayce/Lux (DE/PZ),Kalista (SI),1,2,0.5
Kalista (SI),Jayce/Lux (DE/PZ),1,2,0.5
Ashe/LeBlanc (FR/NX),Norra (BC/PZ),1,2,0.5
Norra (BC/PZ),Ashe/LeBlanc (FR/NX),1,2,0.5
Evelynn (RU/FR),Elder Dragon/Volibear (RU/FR),1,2,0.5
Elder Dragon/Volibear (RU/FR),Evelynn (RU/FR),1,2,0.5
Elise (NX/SI),Nidalee (BC/SH),1,2,0.5
Nidalee (BC/SH),Elise (NX/SI),1,2,0.5
Aphelios/Viktor (MT/PZ),Kalista (SI),1,2,0.5
Kalista (SI),Aphelios/Viktor (MT/PZ),1,2,0.5
Elise (NX/SI),Ezreal/Seraphine (BC/PZ),1,2,0.5
Ezreal/Seraphine (BC/PZ),Elise (NX/SI),1,2,0.5
Lulu/Poppy (BC/NX),Senna/Veigar (BC/SI),1,2,0.5
Senna/Veigar (BC/SI),Lulu/Poppy (BC/NX),1,2,0.5
Azir/Irelia (IO/SH),Zoe (MT),1,2,0.5
Zoe (MT),Azir/Irelia (IO/SH),1,2,0.5
Aatrox/Morgana (RU/DE),Akshan/Morgana/Taliyah (DE/SH),1,2,0.5
Akshan/Morgana/Taliyah (DE/SH),Aatrox/Morgana (RU/DE),1,2,0.5
Akshan/Varus (SH/RU),Nasus/Thresh (SI/SH),1,2,0.5
Nasus/Thresh (SI/SH),Akshan/Varus (SH/RU),1,2,0.5
Nasus/Thresh (SI/SH),Nasus/Thresh (SI/SH),1,2,0.5
Nasus/Thresh (SI/SH),Nasus/Senna (SI/SH),1,2,0.5
Nasus/Senna (SI/SH),Nasus/Thresh (SI/SH),1,2,0.5
Elise (NX/SI),Yuumi/Zoe (FR/MT),1,2,0.5
Yuumi/Zoe (FR/MT),Elise (NX/SI),1,2,0.5
Elder Dragon (RU/MT),Hecarim/Zed (IO/SI),1,2,0.5
Hecarim/Zed (IO/SI),Elder Dragon (RU/MT),1,2,0.5
Gnar/Gwen (FR/SI),Nasus/Thresh (SI/SH),1,2,0.5
Nasus/Thresh (SI/SH),Gnar/Gwen (FR/SI),1,2,0.5
Braum/Zoe (FR/MT),Elder Dragon/Galio/Morgana (RU/DE),1,2,0.5
Elder Dragon/Galio/Morgana (RU/DE),Braum/Zoe (FR/MT),1,2,0.5
Morgana/Udyr (DE/FR),Kayle/Morgana (DE/MT),1,2,0.5
Kayle/Morgana (DE/MT),Morgana/Udyr (DE/FR),1,2,0.5
Elise (NX/SI),Braum/Zoe (FR/MT),1,2,0.5
Braum/Zoe (FR/MT),Elise (NX/SI),1,2,0.5
Ashe (FR/PZ),Tahm Kench/Udyr (BW/FR),1,2,0.5
Tahm Kench/Udyr (BW/FR),Ashe (FR/PZ),1,2,0.5
Taliyah/Zilean (IO/SH),Championless (NX/PZ),1,2,0.5
Championless (NX/PZ),Taliyah/Zilean (IO/SH),1,2,0.5
Azir/Irelia (IO/SH),Viktor/Zoe (MT/PZ),1,2,0.5
Viktor/Zoe (MT/PZ),Azir/Irelia (IO/SH),1,2,0.5
Azir/Irelia (IO/SH),Rumble/Sion (BC/NX),1,2,0.5
Rumble/Sion (BC/NX),Azir/Irelia (IO/SH),1,2,0.5
Morgana/Udyr (DE/FR),Zoe (MT/PZ),1,2,0.5
Zoe (MT/PZ),Morgana/Udyr (DE/FR),1,2,0.5
Jinx (BC/PZ),Janna/Nilah (BW/PZ),1,2,0.5
Janna/Nilah (BW/PZ),Jinx (BC/PZ),1,2,0.5
Teemo (BC/PZ),Elder Dragon/Volibear (RU/FR),1,2,0.5
Elder Dragon/Volibear (RU/FR),Teemo (BC/PZ),1,2,0.5
Master Yi/Zilean (IO/SH),Braum/Vladimir (FR/NX),1,2,0.5
Braum/Vladimir (FR/NX),Master Yi/Zilean (IO/SH),1,2,0.5
Annie/Jhin (RU/NX),Mordekaiser/Viego (SI/SH),1,2,0.5
Mordekaiser/Viego (SI/SH),Annie/Jhin (RU/NX),1,2,0.5
Kayle/Morgana (DE/MT),Aphelios/Viktor (MT/PZ),1,2,0.5
Aphelios/Viktor (MT/PZ),Kayle/Morgana (DE/MT),1,2,0.5
Annie/Jhin (RU/NX),Caitlyn/Teemo (BW/PZ),1,2,0.5
Caitlyn/Teemo (BW/PZ),Annie/Jhin (RU/NX),1,2,0.5
Elder Dragon/Norra (RU/BC),Elder Dragon/Morgana (RU/DE),1,2,0.5
Elder Dragon/Morgana (RU/DE),Elder Dragon/Norra (RU/BC),1,2,0.5
Gnar/Gwen (FR/SI),Garen/Morgana/Udyr (DE/FR),1,2,0.5
Garen/Morgana/Udyr (DE/FR),Gnar/Gwen (FR/SI),1,2,0.5
Azir/Irelia (IO/SH),Ezreal/Kennen (IO/PZ),1,2,0.5
Ezreal/Kennen (IO/PZ),Azir/Irelia (IO/SH),1,2,0.5
Elder Dragon/Volibear (RU/FR),Elder Dragon/Garen (RU/DE),1,2,0.5
Elder Dragon/Garen (RU/DE),Elder Dragon/Volibear (RU/FR),1,2,0.5
Galio/Jarvan IV/Udyr (DE/FR),Lux: Illuminated/Vex (BC/DE),1,2,0.5
Lux: Illuminated/Vex (BC/DE),Galio/Jarvan IV/Udyr (DE/FR),1,2,0.5
Lee Sin/Viktor (IO/PZ),Jayce/Lux (DE/PZ),1,2,0.5
Jayce/Lux (DE/PZ),Lee Sin/Viktor (IO/PZ),1,2,0.5
Ashe (FR/PZ),Aatrox/Kayn (RU/RU),1,2,0.5
Aatrox/Kayn (RU/RU),Ashe (FR/PZ),1,2,0.5
Karma/Sett (IO/PZ),Karma/Sett (IO/PZ),1,2,0.5
Karma/Sett (IO/PZ),Darius/Miss Fortune (BW/NX),1,2,0.5
Darius/Miss Fortune (BW/NX),Karma/Sett (IO/PZ),1,2,0.5
Akshan/Sivir (DE/SH),Nilah/Twisted Fate (BW/PZ),1,2,0.5
Nilah/Twisted Fate (BW/PZ),Akshan/Sivir (DE/SH),1,2,0.5
Karma/Sett (FR/IO),Darius/Miss Fortune (BW/NX),1,2,0.5
Darius/Miss Fortune (BW/NX),Karma/Sett (FR/IO),1,2,0.5
Taliyah/Zilean (IO/SH),Ezreal/Seraphine (IO/PZ),1,2,0.5
Ezreal/Seraphine (IO/PZ),Taliyah/Zilean (IO/SH),1,2,0.5
Ezreal/Seraphine (BC/PZ),Akshan/Master Yi (IO/SH),1,2,0.5
Akshan/Master Yi (IO/SH),Ezreal/Seraphine (BC/PZ),1,2,0.5
Azir/Irelia (IO/SH),Irelia/Miss Fortune (BW/IO),1,2,0.5
Irelia/Miss Fortune (BW/IO),Azir/Irelia (IO/SH),1,2,0.5
Annie/Jhin (RU/NX),Akshan/Lee Sin (IO/SH),1,2,0.5
Akshan/Lee Sin (IO/SH),Annie/Jhin (RU/NX),1,2,0.5
Bard/Norra (BC/RU),Azir/Xerath (SH),1,2,0.5
Azir/Xerath (SH),Bard/Norra (BC/RU),1,2,0.5
Akshan/Master Yi (IO/SH),Akshan/Samira (NX/SH),1,2,0.5
Akshan/Samira (NX/SH),Akshan/Master Yi (IO/SH),1,2,0.5
Senna/Veigar (BC/SI),Ezreal (PZ/SI),1,2,0.5
Ezreal (PZ/SI),Senna/Veigar (BC/SI),1,2,0.5
Maokai (BW/SI),Evelynn/Kai'Sa (RU/SH),1,2,0.5
Evelynn/Kai'Sa (RU/SH),Maokai (BW/SI),1,2,0.5
Maokai (BW/SI),Poppy/Soraka (DE/MT),1,2,0.5
Poppy/Soraka (DE/MT),Maokai (BW/SI),1,2,0.5
Maokai (BW/SI),Pyke/Rek'Sai (BW/SH),1,2,0.5
Pyke/Rek'Sai (BW/SH),Maokai (BW/SI),1,2,0.5
Championless (PZ/SI),Elder Dragon/Mordekaiser/Viego (RU/SI),1,2,0.5
Elder Dragon/Mordekaiser/Viego (RU/SI),Championless (PZ/SI),1,2,0.5
Championless (PZ/SI),Annie/Jhin (RU/NX),1,2,0.5
Annie/Jhin (RU/NX),Championless (PZ/SI),1,2,0.5
Fizz/Zoe (BW/MT),Elder Dragon/Volibear (RU/FR),1,2,0.5
Elder Dragon/Volibear (RU/FR),Fizz/Zoe (BW/MT),1,2,0.5
Azir/Irelia (IO/SH),Braum (FR/PZ),1,2,0.5
Braum (FR/PZ),Azir/Irelia (IO/SH),1,2,0.5
Senna/Veigar (BC/SI),Championless (BC/SI),1,2,0.5
Championless (BC/SI),Senna/Veigar (BC/SI),1,2,0.5
Akshan/Morgana/Taliyah (DE/SH),Senna/Veigar (BC/SI),1,2,0.5
Senna/Veigar (BC/SI),Akshan/Morgana/Taliyah (DE/SH),1,2,0.5
Mordekaiser/Norra (BC/SI),Master Yi/Zilean (IO/SH),1,2,0.5
Master Yi/Zilean (IO/SH),Mordekaiser/Norra (BC/SI),1,2,0.5
Mordekaiser/Viego (SI/SH),Anivia (FR/SI),1,2,0.5
Anivia (FR/SI),Mordekaiser/Viego (SI/SH),1,2,0.5
Anivia (FR/SI),Garen/Jarvan IV (DE),1,2,0.5
Garen/Jarvan IV (DE),Anivia (FR/SI),1,2,0.5
Zilean (BC/SH),Gangplank/Miss Fortune (BW/NX),1,2,0.5
Gangplank/Miss Fortune (BW/NX),Zilean (BC/SH),1,2,0.5
LeBlanc/Mordekaiser (FR/NX),Pyke/Rek'Sai (BW/SH),1,2,0.5
Pyke/Rek'Sai (BW/SH),LeBlanc/Mordekaiser (FR/NX),1,2,0.5
Braum/Vladimir (FR/NX),Annie/Jhin (RU/NX),1,2,0.5
Annie/Jhin (RU/NX),Braum/Vladimir (FR/NX),1,2,0.5
Braum/Vladimir (FR/NX),Elder Dragon/Norra (RU/BC),1,2,0.5
Elder Dragon/Norra (RU/BC),Braum/Vladimir (FR/NX),1,2,0.5
Jayce/Lux (DE/PZ),Neeko/Poppy (BC/RU),1,2,0.5
Neeko/Poppy (BC/RU),Jayce/Lux (DE/PZ),1,2,0.5
Galio/Jarvan IV/Udyr (DE/FR),Anivia/Karma (FR/IO),1,2,0.5
Anivia/Karma (FR/IO),Galio/Jarvan IV/Udyr (DE/FR),1,2,0.5
Elder Dragon/Morgana/Shyvana (RU/DE),Anivia (FR/SI),1,2,0.5
Anivia (FR/SI),Elder Dragon/Morgana/Shyvana (RU/DE),1,2,0.5
Taliyah/Zilean (IO/SH),Norra/Teemo (BC/PZ),1,2,0.5
Norra/Teemo (BC/PZ),Taliyah/Zilean (IO/SH),1,2,0.5
Master Yi/Viktor (IO/PZ),Elder Dragon/Mordekaiser/Viego (RU/SI),1,2,0.5
Elder Dragon/Mordekaiser/Viego (RU/SI),Master Yi/Viktor (IO/PZ),1,2,0.5
Poppy/Ziggs (BC/NX),Master Yi/Viktor (IO/PZ),1,2,0.5
Master Yi/Viktor (IO/PZ),Poppy/Ziggs (BC/NX),1,2,0.5
Elder Dragon/Mordekaiser/Viego (RU/SI),Ezreal/Seraphine (NX/PZ),1,2,0.5
Ezreal/Seraphine (NX/PZ),Elder Dragon/Mordekaiser/Viego (RU/SI),1,2,0.5
Aatrox/Morgana (RU/DE),Azir/Irelia (IO/SH),1,2,0.5
Azir/Irelia (IO/SH),Aatrox/Morgana (RU/DE),1,2,0.5
Karma/Sett (FR/IO),Elise/Norra (BC/SI),1,2,0.5
Elise/Norra (BC/SI),Karma/Sett (FR/IO),1,2,0.5
Maokai (BW/SI),Taliyah/Zilean (IO/SH),1,2,0.5
Taliyah/Zilean (IO/SH),Maokai (BW/SI),1,2,0.5
Annie/Jhin (RU/NX),Gwen/Nidalee (SI/SH),1,2,0.5
Gwen/Nidalee (SI/SH),Annie/Jhin (RU/NX),1,2,0.5
Lillia/Lux: Illuminated (DE/IO),Aatrox (RU/BW),1,2,0.5
Aatrox (RU/BW),Lillia/Lux: Illuminated (DE/IO),1,2,0.5
Elder Dragon (RU/FR),Norra (BC/PZ),1,2,0.5
Norra (BC/PZ),Elder Dragon (RU/FR),1,2,0.5
Azir/Irelia (IO/SH),Ashe (FR/PZ),1,2,0.5
Ashe (FR/PZ),Azir/Irelia (IO/SH),1,2,0.5
The Poro King (PZ/RU),Gwen/Nidalee (SI/SH),1,2,0.5
Gwen/Nidalee (SI/SH),The Poro King (PZ/RU),1,2,0.5
Annie/Gwen (NX/SI),Janna/Nilah (BW/PZ),1,2,0.5
Janna/Nilah (BW/PZ),Annie/Gwen (NX/SI),1,2,0.5
Aphelios/Norra (BC/MT),Pyke/Rek'Sai (BW/SH),1,2,0.5
Pyke/Rek'Sai (BW/SH),Aphelios/Norra (BC/MT),1,2,0.5
Samira/Twisted Fate (BW/NX),Elder Dragon/Volibear (RU/FR),1,2,0.5
Elder Dragon/Volibear (RU/FR),Samira/Twisted Fate (BW/NX),1,2,0.5
Zoe (MT),Elder Dragon/Volibear (RU/FR),1,2,0.5
Elder Dragon/Volibear (RU/FR),Zoe (MT),1,2,0.5
Akshan/Lee Sin (IO/SH),Elder Dragon/Volibear (RU/FR),1,2,0.5
Elder Dragon/Volibear (RU/FR),Akshan/Lee Sin (IO/SH),1,2,0.5
Nidalee (BC/SH),Draven/Jinx (NX/PZ),1,2,0.5
Draven/Jinx (NX/PZ),Nidalee (BC/SH),1,2,0.5
Nidalee (BC/SH),Poppy/Ziggs (BC/NX),1,2,0.5
Poppy/Ziggs (BC/NX),Nidalee (BC/SH),1,2,0.5
Caitlyn/Teemo (BC/PZ),Fiora/Shen (DE/IO),1,2,0.5
Fiora/Shen (DE/IO),Caitlyn/Teemo (BC/PZ),1,2,0.5
The Poro King (PZ/RU),Ashe (FR/PZ),1,2,0.5
Ashe (FR/PZ),The Poro King (PZ/RU),1,2,0.5
The Poro King (PZ/RU),Nilah/Twisted Fate (BW/PZ),1,2,0.5
Nilah/Twisted Fate (BW/PZ),The Poro King (PZ/RU),1,2,0.5
Anivia (FR/SI),Karma/Sett (FR/IO),1,2,0.5
Karma/Sett (FR/IO),Anivia (FR/SI),1,2,0.5
Karma/Seraphine (IO/PZ),Master Yi/Zilean (IO/SH),1,2,0.5
Master Yi/Zilean (IO/SH),Karma/Seraphine (IO/PZ),1,2,0.5
Pyke/Rek'Sai (BW/SH),Elise (FR/SI),1,2,0.5
Elise (FR/SI),Pyke/Rek'Sai (BW/SH),1,2,0.5
Elder Dragon/Trundle (RU/FR),Elder Dragon/Volibear (RU/FR),1,2,0.5
Elder Dragon/Volibear (RU/FR),Elder Dragon/Trundle (RU/FR),1,2,0.5
LeBlanc/Sivir (NX/SH),Elder Dragon/Volibear (RU/FR),1,2,0.5
Elder Dragon/Volibear (RU/FR),LeBlanc/Sivir (NX/SH),1,2,0.5
Gwen/Irelia (IO/SI),Pyke/Rek'Sai (BW/SH),1,2,0.5
Pyke/Rek'Sai (BW/SH),Gwen/Irelia (IO/SI),1,2,0.5
Yasuo (IO/NX),Gwen/Irelia (IO/SI),1,2,0.5
Gwen/Irelia (IO/SI),Yasuo (IO/NX),1,2,0.5
Ezreal/Kennen (IO/PZ),Anivia (FR/SI),1,2,0.5
Anivia (FR/SI),Ezreal/Kennen (IO/PZ),1,2,0.5
Elise (FR/SI),Senna/Veigar (BC/SI),1,2,0.5
Senna/Veigar (BC/SI),Elise (FR/SI),1,2,0.5
Senna/Veigar (BC/SI),Master Yi/Zilean (IO/SH),1,2,0.5
Master Yi/Zilean (IO/SH),Senna/Veigar (BC/SI),1,2,0.5
Senna/Veigar (BC/SI),Evelynn (RU/FR),1,2,0.5
Evelynn (RU/FR),Senna/Veigar (BC/SI),1,2,0.5
Jack/Sett (BW/IO),Nilah/Twisted Fate (BW/PZ),1,2,0.5
Nilah/Twisted Fate (BW/PZ),Jack/Sett (BW/IO),1,2,0.5
Nilah/Twisted Fate (BW/PZ),Maokai/Nautilus (BW/SI),1,2,0.5
Maokai/Nautilus (BW/SI),Nilah/Twisted Fate (BW/PZ),1,2,0.5
Hecarim/Zed (IO/SI),Fizz/Samira (BW/NX),1,2,0.5
Fizz/Samira (BW/NX),Hecarim/Zed (IO/SI),1,2,0.5
Fizz/Samira (BW/NX),Fizz/Samira (BW/NX),1,2,0.5
Aurelion Sol/Elder Dragon (RU/MT),Anivia (FR/SI),1,2,0.5
Anivia (FR/SI),Aurelion Sol/Elder Dragon (RU/MT),1,2,0.5
Caitlyn/Teemo (BC/PZ),Championless (BC/SH),1,2,0.5
Championless (BC/SH),Caitlyn/Teemo (BC/PZ),1,2,0.5
Norra/Zoe (BC/MT),Braum/Zoe (FR/MT),1,2,0.5
Braum/Zoe (FR/MT),Norra/Zoe (BC/MT),1,2,0.5
Braum/Zoe (FR/MT),Aphelios/Zoe (MT/PZ),1,2,0.5
Aphelios/Zoe (MT/PZ),Braum/Zoe (FR/MT),1,2,0.5
Elder Dragon/Trundle (RU/FR),Elder Dragon/Galio/Morgana (RU/DE),1,2,0.5
Elder Dragon/Galio/Morgana (RU/DE),Elder Dragon/Trundle (RU/FR),1,2,0.5
Ashe/Gnar (FR),Fiora/Udyr (DE/FR),1,2,0.5
Fiora/Udyr (DE/FR),Ashe/Gnar (FR),1,2,0.5
Bard/Norra (BC/RU),Miss Fortune/Quinn (BW/DE),1,2,0.5
Miss Fortune/Quinn (BW/DE),Bard/Norra (BC/RU),1,2,0.5
Miss Fortune/Quinn (BW/DE),Ezreal/Seraphine (NX/PZ),1,2,0.5
Ezreal/Seraphine (NX/PZ),Miss Fortune/Quinn (BW/DE),1,2,0.5
Diana/Nocturne (MT/SI),Senna/Veigar (BC/SI),1,2,0.5
Senna/Veigar (BC/SI),Diana/Nocturne (MT/SI),1,2,0.5
Norra/Swain (BC/NX),Ashe/LeBlanc (FR/NX),1,2,0.5
Ashe/LeBlanc (FR/NX),Norra/Swain (BC/NX),1,2,0.5
Braum/Vladimir (FR/NX),Azir/Xerath (SH),1,2,0.5
Azir/Xerath (SH),Braum/Vladimir (FR/NX),1,2,0.5
Akshan/Nilah (BW/SH),Evelynn/Lucian (DE/RU),1,2,0.5
Evelynn/Lucian (DE/RU),Akshan/Nilah (BW/SH),1,2,0.5
Master Yi/Samira (IO/NX),Akshan/Nilah (BW/SH),1,2,0.5
Akshan/Nilah (BW/SH),Master Yi/Samira (IO/NX),1,2,0.5
Ezreal/Seraphine (IO/PZ),Karma/Sett (FR/IO),1,2,0.5
Karma/Sett (FR/IO),Ezreal/Seraphine (IO/PZ),1,2,0.5
Caitlyn/Teemo (FR/PZ),Draven/Jinx (NX/PZ),1,2,0.5
Draven/Jinx (NX/PZ),Caitlyn/Teemo (FR/PZ),1,2,0.5
Evelynn/Kai'Sa (RU/SH),Evelynn/Kai'Sa (RU/SH),1,2,0.5
Ezreal (PZ/SI),Nidalee/Norra (BC/SH),1,2,0.5
Nidalee/Norra (BC/SH),Ezreal (PZ/SI),1,2,0.5
Bard/Norra (BC/RU),Annie/Jhin (RU/NX),1,2,0.5
Annie/Jhin (RU/NX),Bard/Norra (BC/RU),1,2,0.5
Senna/Veigar (BC/SI),Anivia (FR/SI),1,2,0.5
Anivia (FR/SI),Senna/Veigar (BC/SI),1,2,0.5
Elise (FR/SI),Poppy/Ziggs (BC/NX),1,2,0.5
Poppy/Ziggs (BC/NX),Elise (FR/SI),1,2,0.5
Hecarim/Zed (IO/SI),Annie/Elise (NX/SI),1,2,0.5
Annie/Elise (NX/SI),Hecarim/Zed (IO/SI),1,2,0.5
Annie/Gwen (NX/SI),Ezreal/Seraphine (IO/PZ),1,2,0.5
Ezreal/Seraphine (IO/PZ),Annie/Gwen (NX/SI),1,2,0.5
Azir/Nasus/Renekton (SH),Azir/Irelia (IO/SH),1,2,0.5
Azir/Irelia (IO/SH),Azir/Nasus/Renekton (SH),1,2,0.5
Karma/Seraphine/Sett (IO/PZ),Elder Dragon/Volibear (RU/FR),1,2,0.5
Elder Dragon/Volibear (RU/FR),Karma/Seraphine/Sett (IO/PZ),1,2,0.5
Elder Dragon/Volibear (RU/FR),Azir (MT/SH),1,2,0.5
Azir (MT/SH),Elder Dragon/Volibear (RU/FR),1,2,0.5
Evelynn/Nidalee (RU/SH),Pyke/Rek'Sai (BW/SH),1,2,0.5
Pyke/Rek'Sai (BW/SH),Evelynn/Nidalee (RU/SH),1,2,0.5
Maokai/Nautilus (BW/SI),Master Yi/Zilean (IO/SH),1,2,0.5
Master Yi/Zilean (IO/SH),Maokai/Nautilus (BW/SI),1,2,0.5
Nidalee (BC/SH),Darius/Elise (NX/SI),1,2,0.5
Darius/Elise (NX/SI),Nidalee (BC/SH),1,2,0.5
Anivia (FR/SI),Championpile/Elder Dragon (RU/FR),1,2,0.5
Championpile/Elder Dragon (RU/FR),Anivia (FR/SI),1,2,0.5
Anivia (FR/SI),Jack/Sett (BW/IO),1,2,0.5
Jack/Sett (BW/IO),Anivia (FR/SI),1,2,0.5
Norra/Zoe (BC/MT),Swain/Twisted Fate (BW/NX),1,2,0.5
Swain/Twisted Fate (BW/NX),Norra/Zoe (BC/MT),1,2,0.5
Elder Dragon/Norra (RU/BC),Ezreal/Seraphine (IO/PZ),1,2,0.5
Ezreal/Seraphine (IO/PZ),Elder Dragon/Norra (RU/BC),1,2,0.5
Hecarim/Zed (IO/SI),Norra/Zoe (BC/MT),1,2,0.5
Norra/Zoe (BC/MT),Hecarim/Zed (IO/SI),1,2,0.5
Evelynn/Fiora (DE/RU),Evelynn/Kai'Sa (RU/SH),1,2,0.5
Evelynn/Kai'Sa (RU/SH),Evelynn/Fiora (DE/RU),1,2,0.5
Azir/Irelia (IO/SH),Morgana/Zoe (BC/MT),1,2,0.5
Morgana/Zoe (BC/MT),Azir/Irelia (IO/SH),1,2,0.5
Sion (NX/SI),Elder Dragon/Galio/Morgana (RU/DE),1,2,0.5
Elder Dragon/Galio/Morgana (RU/DE),Sion (NX/SI),1,2,0.5
Braum/Vladimir (FR/NX),Poppy/Ziggs (BC/NX),1,2,0.5
Poppy/Ziggs (BC/NX),Braum/Vladimir (FR/NX),1,2,0.5
Poppy/Ziggs (BC/NX),The Poro King (RU/SI),1,2,0.5
The Poro King (RU/SI),Poppy/Ziggs (BC/NX),1,2,0.5
Ashe/Gnar (FR),Hecarim/Zed (IO/SI),1,2,0.5
Hecarim/Zed (IO/SI),Ashe/Gnar (FR),1,2,0.5
Ahri/Kennen (IO/NX),Championless (SI),1,2,0.5
Championless (SI),Ahri/Kennen (IO/NX),1,2,0.5
Teemo (BC/PZ),Teemo (BC/PZ),1,2,0.5
Akshan/Seraphine (PZ/SH),Pyke/Rek'Sai (BW/SH),1,2,0.5
Pyke/Rek'Sai (BW/SH),Akshan/Seraphine (PZ/SH),1,2,0.5
Anivia (FR/SI),Gangplank/Sejuani (BW/FR),1,2,0.5
Gangplank/Sejuani (BW/FR),Anivia (FR/SI),1,2,0.5
Pyke/Rek'Sai (BW/SH),Viktor/Zoe (MT/PZ),1,2,0.5
Viktor/Zoe (MT/PZ),Pyke/Rek'Sai (BW/SH),1,2,0.5
Pyke/Rek'Sai (BW/SH),Katarina/Yasuo (IO/NX),1,2,0.5
Katarina/Yasuo (IO/NX),Pyke/Rek'Sai (BW/SH),1,2,0.5
Poppy/Ziggs (BC/NX),Viktor/Zoe (MT/PZ),1,2,0.5
Viktor/Zoe (MT/PZ),Poppy/Ziggs (BC/NX),1,2,0.5
Swain/Yasuo (IO/NX),Elder Dragon/Shyvana (RU/DE),1,2,0.5
Elder Dragon/Shyvana (RU/DE),Swain/Yasuo (IO/NX),1,2,0.5
Maokai/Nautilus (BW/SI),Maokai/Nautilus (BW/SI),1,2,0.5
Miss Fortune/Twisted Fate (BW/NX),Draven/Jinx (NX/PZ),1,2,0.5
Draven/Jinx (NX/PZ),Miss Fortune/Twisted Fate (BW/NX),1,2,0.5
Mordekaiser/Norra (BC/SI),Heimerdinger/Viktor (IO/PZ),1,2,0.5
Heimerdinger/Viktor (IO/PZ),Mordekaiser/Norra (BC/SI),1,2,0.5
Jinx/Lulu (BC/PZ),Jinx/Lulu (BC/PZ),1,2,0.5
Elder Dragon/Mordekaiser/Viego (RU/SI),Elder Dragon/Morgana (RU/DE),1,2,0.5
Elder Dragon/Morgana (RU/DE),Elder Dragon/Mordekaiser/Viego (RU/SI),1,2,0.5
Braum/Lillia (FR/IO),Janna/Sett (IO/PZ),1,2,0.5
Janna/Sett (IO/PZ),Braum/Lillia (FR/IO),1,2,0.5
Senna/Veigar (BC/SI),Annie/Gwen (NX/SI),1,2,0.5
Annie/Gwen (NX/SI),Senna/Veigar (BC/SI),1,2,0.5
Elder Dragon/Volibear (RU/FR),Ekko/Jinx (PZ/SH),1,2,0.5
Ekko/Jinx (PZ/SH),Elder Dragon/Volibear (RU/FR),1,2,0.5
Gangplank/Sejuani (BW/FR),Yuumi/Zoe (FR/MT),1,2,0.5
Yuumi/Zoe (FR/MT),Gangplank/Sejuani (BW/FR),1,2,0.5
Gangplank/Sejuani (BW/FR),Fizz/Samira (BW/NX),1,2,0.5
Fizz/Samira (BW/NX),Gangplank/Sejuani (BW/FR),1,2,0.5
Akshan/Nasus (SI/SH),Galio/Udyr (DE/FR),1,2,0.5
Galio/Udyr (DE/FR),Akshan/Nasus (SI/SH),1,2,0.5
Championless (SI),Nasus/Thresh (SI/SH),1,2,0.5
Nasus/Thresh (SI/SH),Championless (SI),1,2,0.5
Teemo/Zoe (MT/PZ),Gangplank/Sejuani (BW/FR),1,2,0.5
Gangplank/Sejuani (BW/FR),Teemo/Zoe (MT/PZ),1,2,0.5
Maokai/Nautilus (BW/SI),Malphite/Yasuo (IO/MT),1,2,0.5
Malphite/Yasuo (IO/MT),Maokai/Nautilus (BW/SI),1,2,0.5
Akshan/Nidalee (BC/SH),Akshan/Varus (SH/RU),1,2,0.5
Akshan/Varus (SH/RU),Akshan/Nidalee (BC/SH),1,2,0.5
Akshan/Varus (SH/RU),Lulu/Tahm Kench (BW/IO),1,2,0.5
Lulu/Tahm Kench (BW/IO),Akshan/Varus (SH/RU),1,2,0.5
Fizz/Yuumi (BC/FR),Annie/Jhin (RU/NX),1,2,0.5
Annie/Jhin (RU/NX),Fizz/Yuumi (BC/FR),1,2,0.5
Pyke/Rek'Sai (BW/SH),Ezreal/Karma (IO/PZ),1,2,0.5
Ezreal/Karma (IO/PZ),Pyke/Rek'Sai (BW/SH),1,2,0.5
Caitlyn/Jack (BW/PZ),Caitlyn/Jack (BW/PZ),1,2,0.5
Malphite/Yasuo (IO/MT),Galio/Garen (DE/FR),1,2,0.5
Galio/Garen (DE/FR),Malphite/Yasuo (IO/MT),1,2,0.5
Gangplank/Twisted Fate (BW/NX),Pyke/Rek'Sai (BW/SH),1,2,0.5
Pyke/Rek'Sai (BW/SH),Gangplank/Twisted Fate (BW/NX),1,2,0.5
Elder Dragon/Volibear (RU/FR),Akshan/Fiora (DE/SH),1,2,0.5
Akshan/Fiora (DE/SH),Elder Dragon/Volibear (RU/FR),1,2,0.5
Teemo/Zoe (MT/PZ),Teemo/Zoe (MT/PZ),1,2,0.5
Senna/Veigar (BC/SI),Akshan/Nidalee (BC/SH),1,2,0.5
Akshan/Nidalee (BC/SH),Senna/Veigar (BC/SI),1,2,0.5
Sett/Trundle (FR/IO),Pyke/Rek'Sai (BW/SH),1,2,0.5
Pyke/Rek'Sai (BW/SH),Sett/Trundle (FR/IO),1,2,0.5
Caitlyn/Teemo (BC/PZ),Elise/Nocturne (NX/SI),1,2,0.5
Elise/Nocturne (NX/SI),Caitlyn/Teemo (BC/PZ),1,2,0.5
Jhin/Kennen (IO/RU),Elder Dragon/Galio/Morgana (RU/DE),1,2,0.5
Elder Dragon/Galio/Morgana (RU/DE),Jhin/Kennen (IO/RU),1,2,0.5
Elder Dragon/Galio/Morgana (RU/DE),Draven/Jinx (NX/PZ),1,2,0.5
Draven/Jinx (NX/PZ),Elder Dragon/Galio/Morgana (RU/DE),1,2,0.5
Norra (BC/FR),Seraphine/Viktor (BW/PZ),1,2,0.5
Seraphine/Viktor (BW/PZ),Norra (BC/FR),1,2,0.5
Nasus/Thresh (SI/SH),Championless (BC/SI),1,2,0.5
Championless (BC/SI),Nasus/Thresh (SI/SH),1,2,0.5
Elder Dragon/Volibear (RU/FR),Ryze (RU/SH),1,2,0.5
Ryze (RU/SH),Elder Dragon/Volibear (RU/FR),1,2,0.5
Bard/Mordekaiser (RU/SI),Azir/Irelia (IO/SH),1,2,0.5
Azir/Irelia (IO/SH),Bard/Mordekaiser (RU/SI),1,2,0.5
Jax/Zed (IO/RU),Taliyah/Zilean (IO/SH),1,2,0.5
Taliyah/Zilean (IO/SH),Jax/Zed (IO/RU),1,2,0.5
Draven (NX/PZ),Pyke/Rek'Sai (BW/SH),1,2,0.5
Pyke/Rek'Sai (BW/SH),Draven (NX/PZ),1,2,0.5
Elder Dragon/Volibear (RU/FR),Karma/Master Yi/Seraphine (IO/PZ),1,2,0.5
Karma/Master Yi/Seraphine (IO/PZ),Elder Dragon/Volibear (RU/FR),1,2,0.5
Norra/Zoe (BC/MT),Norra/Zoe (BC/MT),1,2,0.5
Akshan (PZ/SH),Azir/Irelia (IO/SH),1,2,0.5
Azir/Irelia (IO/SH),Akshan (PZ/SH),1,2,0.5
Jack/Sett (BW/IO),Akshan/Varus (SH/RU),1,2,0.5
Akshan/Varus (SH/RU),Jack/Sett (BW/IO),1,2,0.5
Annie/Jhin (RU/NX),Gangplank/Miss Fortune (BW/NX),1,2,0.5
Gangplank/Miss Fortune (BW/NX),Annie/Jhin (RU/NX),1,2,0.5
Swain/Yasuo (IO/NX),Caitlyn/Teemo (BC/PZ),1,2,0.5
Caitlyn/Teemo (BC/PZ),Swain/Yasuo (IO/NX),1,2,0.5
Akshan/Kayn (RU/SH),Akshan/Varus (SH/RU),1,2,0.5
Akshan/Varus (SH/RU),Akshan/Kayn (RU/SH),1,2,0.5
Braum/Elder Dragon/Volibear (RU/FR),Gangplank/Swain (BW/NX),1,2,0.5
Gangplank/Swain (BW/NX),Braum/Elder Dragon/Volibear (RU/FR),1,2,0.5
Championless (SI),Swain/Vladimir (BW/NX),1,2,0.5
Swain/Vladimir (BW/NX),Championless (SI),1,2,0.5
Elder Dragon/Norra (RU/BC),Hecarim/Zed (IO/SI),1,2,0.5
Hecarim/Zed (IO/SI),Elder Dragon/Norra (RU/BC),1,2,0.5
Kindred/Nasus (SI/SH),Elder Dragon/Norra (RU/BC),1,2,0.5
Elder Dragon/Norra (RU/BC),Kindred/Nasus (SI/SH),1,2,0.5
Braum/Vladimir (FR/NX),Braum/Vladimir (FR/NX),1,2,0.5
Jack/Sett (BW/IO),Elder Dragon/Seraphine/Viktor (RU/PZ),1,2,0.5
Elder Dragon/Seraphine/Viktor (RU/PZ),Jack/Sett (BW/IO),1,2,0.5
Bard/Mordekaiser (RU/SI),Morgana/Udyr (DE/FR),1,2,0.5
Morgana/Udyr (DE/FR),Bard/Mordekaiser (RU/SI),1,2,0.5
Viktor/Zoe (MT/PZ),Viktor/Zoe (MT/PZ),1,2,0.5
Elder Dragon/Seraphine/Viktor (RU/PZ),Draven/Jinx (NX/PZ),1,2,0.5
Draven/Jinx (NX/PZ),Elder Dragon/Seraphine/Viktor (RU/PZ),1,2,0.5
Azir/Irelia (IO/SH),Ekko/Zilean (PZ/SH),1,2,0.5
Ekko/Zilean (PZ/SH),Azir/Irelia (IO/SH),1,2,0.5
Aphelios/Zoe (MT),Azir/Irelia (IO/SH),1,2,0.5
Azir/Irelia (IO/SH),Aphelios/Zoe (MT),1,2,0.5
Azir/Irelia (IO/SH),Championpile/Elder Dragon (RU/FR),1,2,0.5
Championpile/Elder Dragon (RU/FR),Azir/Irelia (IO/SH),1,2,0.5
Caitlyn/Teemo (BC/PZ),Darius/Elise (NX/SI),1,2,0.5
Darius/Elise (NX/SI),Caitlyn/Teemo (BC/PZ),1,2,0.5
Galio/Garen (DE/FR),Galio/Garen (DE/FR),1,2,0.5
Elise (PZ/SI),Elder Dragon/Volibear (RU/FR),1,2,0.5
Elder Dragon/Volibear (RU/FR),Elise (PZ/SI),1,2,0.5
Jack/Sett (BW/IO),Jack/Sett (BW/IO),1,2,0.5
Elder Dragon/Elise (RU/SI),Nilah/Twisted Fate (BW/PZ),1,2,0.5
Nilah/Twisted Fate (BW/PZ),Elder Dragon/Elise (RU/SI),1,2,0.5
Sion (NX/SI),Caitlyn/Teemo (BC/PZ),1,2,0.5
Caitlyn/Teemo (BC/PZ),Sion (NX/SI),1,2,0.5
Kayle (BW/MT),Jayce/Lux (DE/PZ),1,2,0.5
Jayce/Lux (DE/PZ),Kayle (BW/MT),1,2,0.5
Elder Dragon/Volibear (RU/FR),Lissandra/Mordekaiser (FR/SI),1,2,0.5
Lissandra/Mordekaiser (FR/SI),Elder Dragon/Volibear (RU/FR),1,2,0.5
Azir/Katarina (NX/SH),Elder Dragon/Volibear (RU/FR),1,2,0.5
Elder Dragon/Volibear (RU/FR),Azir/Katarina (NX/SH),1,2,0.5
Elder Dragon/Volibear (RU/FR),Gwen/Hecarim/Zed (IO/SI),1,2,0.5
Gwen/Hecarim/Zed (IO/SI),Elder Dragon/Volibear (RU/FR),1,2,0.5
Aphelios/Viktor (MT/PZ),Maokai/Nautilus (BW/SI),1,2,0.5
Maokai/Nautilus (BW/SI),Aphelios/Viktor (MT/PZ),1,2,0.5
Jax/Ornn (FR/RU),Ashe (FR/PZ),1,2,0.5
Ashe (FR/PZ),Jax/Ornn (FR/RU),1,2,0.5
Ashe/LeBlanc (FR/NX),Jax/Ornn (FR/RU),1,2,0.5
Jax/Ornn (FR/RU),Ashe/LeBlanc (FR/NX),1,2,0.5
Taliyah/Zilean (IO/SH),Taliyah/Zilean (IO/SH),1,2,0.5
Ahri/Elder Dragon/Kennen (RU/IO),Elder Dragon/Volibear (RU/FR),1,2,0.5
Elder Dragon/Volibear (RU/FR),Ahri/Elder Dragon/Kennen (RU/IO),1,2,0.5
Kayle (BW/MT),Galio/Udyr (DE/FR),1,2,0.5
Galio/Udyr (DE/FR),Kayle (BW/MT),1,2,0.5
Darius/Miss Fortune (BW/NX),Poppy/Ziggs (BC/NX),1,2,0.5
Poppy/Ziggs (BC/NX),Darius/Miss Fortune (BW/NX),1,2,0.5
Senna/Veigar (BC/SI),Neeko/Poppy (BC/RU),1,2,0.5
Neeko/Poppy (BC/RU),Senna/Veigar (BC/SI),1,2,0.5
Janna/Sett (IO/PZ),Lulu/Shen (DE/IO),1,2,0.5
Lulu/Shen (DE/IO),Janna/Sett (IO/PZ),1,2,0.5
Akshan/Karma/Master Yi (IO/SH),Senna/Veigar (BC/SI),1,2,0.5
Senna/Veigar (BC/SI),Akshan/Karma/Master Yi (IO/SH),1,2,0.5
Gwen/Hecarim (IO/SI),Elder Dragon/Volibear (RU/FR),1,2,0.5
Elder Dragon/Volibear (RU/FR),Gwen/Hecarim (IO/SI),1,2,0.5
Hecarim (IO/SI),Bard/Mordekaiser (RU/SI),1,2,0.5
Bard/Mordekaiser (RU/SI),Hecarim (IO/SI),1,2,0.5
Fiora (DE/FR),Azir/Irelia (IO/SH),1,2,0.5
Azir/Irelia (IO/SH),Fiora (DE/FR),1,2,0.5
Bard/Kayle (RU/MT),Karma/Sett (FR/IO),1,2,0.5
Karma/Sett (FR/IO),Bard/Kayle (RU/MT),1,2,0.5
Norra/Teemo (BC/PZ),Azir/Irelia (IO/SH),1,2,0.5
Azir/Irelia (IO/SH),Norra/Teemo (BC/PZ),1,2,0.5
Caitlyn/Teemo (BC/PZ),Miss Fortune/Quinn (BW/DE),1,2,0.5
Miss Fortune/Quinn (BW/DE),Caitlyn/Teemo (BC/PZ),1,2,0.5
Pyke/Rek'Sai (BW/SH),Elder Dragon/Norra/Vex (RU/BC),1,2,0.5
Elder Dragon/Norra/Vex (RU/BC),Pyke/Rek'Sai (BW/SH),1,2,0.5
Braum/Vladimir (FR/NX),Championless (PZ/SI),1,2,0.5
Championless (PZ/SI),Braum/Vladimir (FR/NX),1,2,0.5
Braum/Elder Dragon/Gnar (RU/FR),Senna/Veigar (BC/SI),1,2,0.5
Senna/Veigar (BC/SI),Braum/Elder Dragon/Gnar (RU/FR),1,2,0.5
Bard/Mordekaiser (RU/SI),Elder Dragon/Volibear (RU/FR),1,2,0.5
Elder Dragon/Volibear (RU/FR),Bard/Mordekaiser (RU/SI),1,2,0.5
Senna/Veigar (BC/SI),Lulu/Zed (BC/IO),1,2,0.5
Lulu/Zed (BC/IO),Senna/Veigar (BC/SI),1,2,0.5
Elder Dragon/Morgana (RU/DE),Viktor/Zoe (MT/PZ),1,2,0.5
Viktor/Zoe (MT/PZ),Elder Dragon/Morgana (RU/DE),1,2,0.5
Caitlyn/Teemo (BC/PZ),Draven/Ezreal (NX/PZ),1,2,0.5
Draven/Ezreal (NX/PZ),Caitlyn/Teemo (BC/PZ),1,2,0.5
Teemo (PZ/SI),Hecarim/Norra (BC/SI),1,2,0.5
Hecarim/Norra (BC/SI),Teemo (PZ/SI),1,2,0.5
Braum (DE/FR),Azir/Irelia (IO/SH),1,2,0.5
Azir/Irelia (IO/SH),Braum (DE/FR),1,2,0.5
Ezreal/Seraphine (BC/PZ),Draven/Jinx (NX/PZ),1,2,0.5
Draven/Jinx (NX/PZ),Ezreal/Seraphine (BC/PZ),1,2,0.5
The Poro King (FR/RU),Janna/Nilah (BW/PZ),1,2,0.5
Janna/Nilah (BW/PZ),The Poro King (FR/RU),1,2,0.5
Caitlyn/Teemo (DE/PZ),Evelynn/Kai'Sa (RU/SH),1,2,0.5
Evelynn/Kai'Sa (RU/SH),Caitlyn/Teemo (DE/PZ),1,2,0.5
Nasus/Senna (SI/SH),Hecarim (IO/SI),1,2,0.5
Hecarim (IO/SI),Nasus/Senna (SI/SH),1,2,0.5
Elise (FR/SI),Caitlyn/Teemo (BC/PZ),1,2,0.5
Caitlyn/Teemo (BC/PZ),Elise (FR/SI),1,2,0.5
Caitlyn/Teemo (BC/PZ),Fiora/Udyr (DE/FR),1,2,0.5
Fiora/Udyr (DE/FR),Caitlyn/Teemo (BC/PZ),1,2,0.5
Annie/Samira (NX/PZ),Evelynn/Kai'Sa (RU/SH),1,2,0.5
Evelynn/Kai'Sa (RU/SH),Annie/Samira (NX/PZ),1,2,0.5
LeBlanc/Sivir (NX/SH),Akshan/Udyr (FR/SH),1,2,0.5
Akshan/Udyr (FR/SH),LeBlanc/Sivir (NX/SH),1,2,0.5
Elder Dragon/Norra (RU/BC),Aurelion Sol/Zoe (MT),1,2,0.5
Aurelion Sol/Zoe (MT),Elder Dragon/Norra (RU/BC),1,2,0.5
Ornn/Pantheon (FR/MT),Elder Dragon/Morgana (RU/DE),1,2,0.5
Elder Dragon/Morgana (RU/DE),Ornn/Pantheon (FR/MT),1,2,0.5
Azir/Irelia (IO/SH),Darius/Jinx (NX/PZ),1,2,0.5
Darius/Jinx (NX/PZ),Azir/Irelia (IO/SH),1,2,0.5
Hecarim (IO/SI),LeBlanc (FR/NX),1,2,0.5
LeBlanc (FR/NX),Hecarim (IO/SI),1,2,0.5
LeBlanc (FR/NX),Ezreal/Seraphine (BC/PZ),1,2,0.5
Ezreal/Seraphine (BC/PZ),LeBlanc (FR/NX),1,2,0.5
Aphelios/Viktor (MT/PZ),Anivia (FR/SI),1,2,0.5
Anivia (FR/SI),Aphelios/Viktor (MT/PZ),1,2,0.5
Elise (NX/SI),Aatrox/Kayn (RU/RU),1,2,0.5
Aatrox/Kayn (RU/RU),Elise (NX/SI),1,2,0.5
Jinx/Lulu (BC/PZ),Elder Dragon/Seraphine/Viktor (RU/PZ),1,2,0.5
Elder Dragon/Seraphine/Viktor (RU/PZ),Jinx/Lulu (BC/PZ),1,2,0.5
Bard/Norra (BC/RU),Janna/Nilah (BW/PZ),1,2,0.5
Janna/Nilah (BW/PZ),Bard/Norra (BC/RU),1,2,0.5
Norra/Swain (BC/NX),Ezreal/Nilah (BW/PZ),1,2,0.5
Ezreal/Nilah (BW/PZ),Norra/Swain (BC/NX),1,2,0.5
Annie/Jhin (RU/NX),Caitlyn/Teemo (FR/PZ),1,2,0.5
Caitlyn/Teemo (FR/PZ),Annie/Jhin (RU/NX),1,2,0.5
Poppy/Ziggs (BC/NX),Gangplank/Sejuani (BW/FR),1,2,0.5
Gangplank/Sejuani (BW/FR),Poppy/Ziggs (BC/NX),1,2,0.5
Ezreal/Kennen (IO/PZ),Ezreal/Kennen (IO/PZ),1,2,0.5
Ezreal/Kennen (IO/PZ),Pyke/Rek'Sai (BW/SH),1,2,0.5
Pyke/Rek'Sai (BW/SH),Ezreal/Kennen (IO/PZ),1,2,0.5
Nilah/Twisted Fate (BW/PZ),Ezreal/Kennen (IO/PZ),1,2,0.5
Ezreal/Kennen (IO/PZ),Nilah/Twisted Fate (BW/PZ),1,2,0.5
Master Yi/Nami (BW/IO),LeBlanc/Udyr (FR/NX),1,2,0.5
LeBlanc/Udyr (FR/NX),Master Yi/Nami (BW/IO),1,2,0.5
Akshan/Sivir (FR/SH),Elder Dragon/Galio/Morgana (RU/DE),1,2,0.5
Elder Dragon/Galio/Morgana (RU/DE),Akshan/Sivir (FR/SH),1,2,0.5
Elder Dragon/Seraphine/Viktor (RU/PZ),Braum/Zoe (FR/MT),1,2,0.5
Braum/Zoe (FR/MT),Elder Dragon/Seraphine/Viktor (RU/PZ),1,2,0.5
Morgana/Udyr (DE/FR),Kindred/Mordekaiser (BC/SI),1,2,0.5
Kindred/Mordekaiser (BC/SI),Morgana/Udyr (DE/FR),1,2,0.5
Jhin/Norra (BC/RU),Norra (BC/PZ),1,2,0.5
Norra (BC/PZ),Jhin/Norra (BC/RU),1,2,0.5
Norra/Zoe (BC/MT),Hecarim/Norra (BC/SI),1,2,0.5
Hecarim/Norra (BC/SI),Norra/Zoe (BC/MT),1,2,0.5
Trundle/Volibear (FR/SI),Elder Dragon/Volibear (RU/FR),1,2,0.5
Elder Dragon/Volibear (RU/FR),Trundle/Volibear (FR/SI),1,2,0.5
Norra/Zoe (BC/MT),Jhin (RU/PZ),1,2,0.5
Jhin (RU/PZ),Norra/Zoe (BC/MT),1,2,0.5
Ezreal/Kennen (IO/PZ),Annie/Jhin (RU/NX),1,2,0.5
Annie/Jhin (RU/NX),Ezreal/Kennen (IO/PZ),1,2,0.5
Azir/Xerath (SH),Mordekaiser/Viego (IO/SI),1,2,0.5
Mordekaiser/Viego (IO/SI),Azir/Xerath (SH),1,2,0.5
Pyke/Rek'Sai (BW/SH),Janna/Nilah (BW/PZ),1,2,0.5
Janna/Nilah (BW/PZ),Pyke/Rek'Sai (BW/SH),1,2,0.5
Braum/Vladimir (FR/NX),Braum (DE/FR),1,2,0.5
Braum (DE/FR),Braum/Vladimir (FR/NX),1,2,0.5
Bard/Norra (BC/RU),Ezreal/Nilah (BW/PZ),1,2,0.5
Ezreal/Nilah (BW/PZ),Bard/Norra (BC/RU),1,2,0.5
Senna/Veigar (BC/SI),Jack/Sett (BW/IO),1,2,0.5
Jack/Sett (BW/IO),Senna/Veigar (BC/SI),1,2,0.5
Swain/Yasuo (IO/NX),Nilah/Twisted Fate (BW/PZ),1,2,0.5
Nilah/Twisted Fate (BW/PZ),Swain/Yasuo (IO/NX),1,2,0.5
Pyke/Rek'Sai (BW/SH),Irelia/Quinn (DE/IO),1,2,0.5
Irelia/Quinn (DE/IO),Pyke/Rek'Sai (BW/SH),1,2,0.5
Caitlyn/Teemo (FR/PZ),Janna/Nilah (BW/PZ),1,2,0.5
Janna/Nilah (BW/PZ),Caitlyn/Teemo (FR/PZ),1,2,0.5
Jack/Sett (BW/IO),Elder Dragon/Norra (RU/BC),1,2,0.5
Elder Dragon/Norra (RU/BC),Jack/Sett (BW/IO),1,2,0.5
Jinx/Nilah (BW/PZ),Caitlyn/Teemo (BC/PZ),1,2,0.5
Caitlyn/Teemo (BC/PZ),Jinx/Nilah (BW/PZ),1,2,0.5
Aphelios/Viktor (MT/PZ),Elder Dragon/Galio/Morgana (RU/DE),1,2,0.5
Elder Dragon/Galio/Morgana (RU/DE),Aphelios/Viktor (MT/PZ),1,2,0.5
Heimerdinger/Viktor (IO/PZ),Braum/Zoe (FR/MT),1,2,0.5
Braum/Zoe (FR/MT),Heimerdinger/Viktor (IO/PZ),1,2,0.5
Ezreal/Seraphine (BC/PZ),Annie/Gwen (NX/SI),1,2,0.5
Annie/Gwen (NX/SI),Ezreal/Seraphine (BC/PZ),1,2,0.5
Caitlyn/Teemo (FR/PZ),Caitlyn/Teemo (DE/PZ),1,2,0.5
Caitlyn/Teemo (DE/PZ),Caitlyn/Teemo (FR/PZ),1,2,0.5
Teemo (PZ/SI),Lulu/Shen (DE/IO),1,2,0.5
Lulu/Shen (DE/IO),Teemo (PZ/SI),1,2,0.5
Elise (NX/SI),Caitlyn/Teemo (BC/PZ),1,2,0.5
Caitlyn/Teemo (BC/PZ),Elise (NX/SI),1,2,0.5
Caitlyn/Teemo (FR/PZ),Caitlyn/Teemo (FR/PZ),1,2,0.5
Darius/Katarina (FR/NX),Teemo (PZ/SI),1,2,0.5
Teemo (PZ/SI),Darius/Katarina (FR/NX),1,2,0.5
Annie/Gwen (NX/SI),Caitlyn/Teemo (FR/PZ),1,2,0.5
Caitlyn/Teemo (FR/PZ),Annie/Gwen (NX/SI),1,2,0.5
Janna/Nilah (BW/PZ),Swain/Yasuo (IO/NX),1,2,0.5
Swain/Yasuo (IO/NX),Janna/Nilah (BW/PZ),1,2,0.5
Senna/Veigar (BC/SI),Ezreal/Seraphine (IO/PZ),1,2,0.5
Ezreal/Seraphine (IO/PZ),Senna/Veigar (BC/SI),1,2,0.5
Karma/Sett (FR/IO),Ryze (RU/SH),1,2,0.5
Ryze (RU/SH),Karma/Sett (FR/IO),1,2,0.5
Teemo (PZ/SI),Nidalee (BC/SH),1,2,0.5
Nidalee (BC/SH),Teemo (PZ/SI),1,2,0.5
Elder Dragon/Seraphine/Viktor (RU/PZ),Norra/Zoe (BC/MT),1,2,0.5
Norra/Zoe (BC/MT),Elder Dragon/Seraphine/Viktor (RU/PZ),1,2,0.5
Elder Dragon/Morgana (RU/DE),Elder Dragon/Morgana (RU/DE),1,2,0.5
Senna/Veigar (BC/SI),Ekko/Zilean (PZ/SH),1,2,0.5
Ekko/Zilean (PZ/SH),Senna/Veigar (BC/SI),1,2,0.5
Caitlyn/Teemo (BC/PZ),Lissandra/Mordekaiser (FR/SI),1,2,0.5
Lissandra/Mordekaiser (FR/SI),Caitlyn/Teemo (BC/PZ),1,2,0.5
Aurelion Sol/Braum (FR/MT),Teemo/Zoe (MT/PZ),1,2,0.5
Teemo/Zoe (MT/PZ),Aurelion Sol/Braum (FR/MT),1,2,0.5
Elder Dragon/Norra (RU/BC),Aurelion Sol/Elder Dragon (RU/MT),1,2,0.5
Aurelion Sol/Elder Dragon (RU/MT),Elder Dragon/Norra (RU/BC),1,2,0.5
Pyke/Rek'Sai (BW/SH),Azir/Renekton (SH),1,2,0.5
Azir/Renekton (SH),Pyke/Rek'Sai (BW/SH),1,2,0.5
The Poro King/Yuumi (MT/RU),Pyke/Rek'Sai (BW/SH),1,2,0.5
Pyke/Rek'Sai (BW/SH),The Poro King/Yuumi (MT/RU),1,2,0.5
Lux: Illuminated/Vex (BC/DE),Nasus/Thresh (SI/SH),1,2,0.5
Nasus/Thresh (SI/SH),Lux: Illuminated/Vex (BC/DE),1,2,0.5
Elder Dragon/Volibear (RU/FR),Championless (IO/SI),1,2,0.5
Championless (IO/SI),Elder Dragon/Volibear (RU/FR),1,2,0.5
Nidalee (BC/SH),Nidalee (BC/SH),1,2,0.5
Aphelios/Zoe (MT/PZ),Azir/Irelia (IO/SH),1,2,0.5
Azir/Irelia (IO/SH),Aphelios/Zoe (MT/PZ),1,2,0.5
Yasuo (IO/NX),Braum/Zoe (FR/MT),1,2,0.5
Braum/Zoe (FR/MT),Yasuo (IO/NX),1,2,0.5
Gangplank/Miss Fortune (BW/NX),Karma/Seraphine/Sett (IO/PZ),1,2,0.5
Karma/Seraphine/Sett (IO/PZ),Gangplank/Miss Fortune (BW/NX),1,2,0.5
Aurelion Sol/Elder Dragon (RU/MT),Karma/Seraphine/Sett (IO/PZ),1,2,0.5
Karma/Seraphine/Sett (IO/PZ),Aurelion Sol/Elder Dragon (RU/MT),1,2,0.5
Heimerdinger/Norra (BC/SI),Pyke/Rek'Sai (BW/SH),1,2,0.5
Pyke/Rek'Sai (BW/SH),Heimerdinger/Norra (BC/SI),1,2,0.5
Norra/Swain (BC/NX),Caitlyn/Teemo (BC/PZ),1,2,0.5
Caitlyn/Teemo (BC/PZ),Norra/Swain (BC/NX),1,2,0.5
Bard/Ekko (RU/PZ),Ezreal/Seraphine (BC/PZ),1,2,0.5
Ezreal/Seraphine (BC/PZ),Bard/Ekko (RU/PZ),1,2,0.5
Karma/Seraphine/Sett (IO/PZ),Gangplank/Sejuani (BW/FR),1,2,0.5
Gangplank/Sejuani (BW/FR),Karma/Seraphine/Sett (IO/PZ),1,2,0.5
Evelynn/Kai'Sa (RU/SH),Fizz (BC/FR),1,2,0.5
Fizz (BC/FR),Evelynn/Kai'Sa (RU/SH),1,2,0.5
Elder Dragon/Lissandra (RU/FR),Yasuo (IO/NX),1,2,0.5
Yasuo (IO/NX),Elder Dragon/Lissandra (RU/FR),1,2,0.5
LeBlanc/Sivir (NX/SH),Lillia/Sett (BC/IO),1,2,0.5
Lillia/Sett (BC/IO),LeBlanc/Sivir (NX/SH),1,2,0.5
Taric (DE/MT),Lillia/Sett (BC/IO),1,2,0.5
Lillia/Sett (BC/IO),Taric (DE/MT),1,2,0.5
Lux: Illuminated/Vex (BC/DE),Annie/Jhin (RU/NX),1,2,0.5
Annie/Jhin (RU/NX),Lux: Illuminated/Vex (BC/DE),1,2,0.5
Azir/Irelia (IO/SH),Ezreal/Nilah (BW/PZ),1,2,0.5
Ezreal/Nilah (BW/PZ),Azir/Irelia (IO/SH),1,2,0.5
Evelynn/Viego (RU/SI),Norra/Teemo (BC/PZ),1,2,0.5
Norra/Teemo (BC/PZ),Evelynn/Viego (RU/SI),1,2,0.5
Elder Dragon/Elise (RU/SI),Aphelios/Viktor (MT/PZ),1,2,0.5
Aphelios/Viktor (MT/PZ),Elder Dragon/Elise (RU/SI),1,2,0.5
LeBlanc/Sion (NX/SI),Akshan/Jack (BW/SH),1,2,0.5
Akshan/Jack (BW/SH),LeBlanc/Sion (NX/SI),1,2,0.5
Azir/Irelia (IO/SH),Fiora/Shen (DE/IO),1,2,0.5
Fiora/Shen (DE/IO),Azir/Irelia (IO/SH),1,2,0.5
Hecarim/Zed (IO/SI),Aurelion Sol/Elder Dragon (RU/MT),1,2,0.5
Aurelion Sol/Elder Dragon (RU/MT),Hecarim/Zed (IO/SI),1,2,0.5
Galio/Udyr (DE/FR),Darius/Gnar (FR/NX),1,2,0.5
Darius/Gnar (FR/NX),Galio/Udyr (DE/FR),1,2,0.5
Gnar/Kayle (FR/MT),Aurelion Sol/Shyvana (DE/MT),1,2,0.5
Aurelion Sol/Shyvana (DE/MT),Gnar/Kayle (FR/MT),1,2,0.5
Aurelion Sol/Shyvana (DE/MT),Mordekaiser/Viego (MT/SI),1,2,0.5
Mordekaiser/Viego (MT/SI),Aurelion Sol/Shyvana (DE/MT),1,2,0.5
Ashe/LeBlanc (FR/NX),Taliyah/Zilean (IO/SH),1,2,0.5
Taliyah/Zilean (IO/SH),Ashe/LeBlanc (FR/NX),1,2,0.5
Caitlyn/Swain (NX/PZ),Pantheon/Shyvana (DE/MT),1,2,0.5
Pantheon/Shyvana (DE/MT),Caitlyn/Swain (NX/PZ),1,2,0.5
Zoe (MT/PZ),Elder Dragon/Elise (RU/SI),1,2,0.5
Elder Dragon/Elise (RU/SI),Zoe (MT/PZ),1,2,0.5
Karma/Seraphine/Sett (IO/PZ),Ashe/LeBlanc (FR/NX),1,2,0.5
Ashe/LeBlanc (FR/NX),Karma/Seraphine/Sett (IO/PZ),1,2,0.5
Akshan/Jack (BW/SH),Braum/Vladimir (FR/NX),1,2,0.5
Braum/Vladimir (FR/NX),Akshan/Jack (BW/SH),1,2,0.5
Pyke/Rek'Sai (BW/SH),Kindred/Nasus (SI/SH),1,2,0.5
Kindred/Nasus (SI/SH),Pyke/Rek'Sai (BW/SH),1,2,0.5
Norra/Teemo (BC/PZ),Gwen/Quinn (DE/SI),1,2,0.5
Gwen/Quinn (DE/SI),Norra/Teemo (BC/PZ),1,2,0.5
Mordekaiser/Morgana (DE/SI),Azir/Irelia (IO/SH),1,2,0.5
Azir/Irelia (IO/SH),Mordekaiser/Morgana (DE/SI),1,2,0.5
Pyke/Rek'Sai (BW/SH),Fizz/Yuumi (BC/FR),1,2,0.5
Fizz/Yuumi (BC/FR),Pyke/Rek'Sai (BW/SH),1,2,0.5
Norra/Zoe (BC/MT),Ezreal/Nilah (BW/PZ),1,2,0.5
Ezreal/Nilah (BW/PZ),Norra/Zoe (BC/MT),1,2,0.5
Aurelion Sol/Zoe (MT),Morgana/Udyr (DE/FR),1,2,0.5
Morgana/Udyr (DE/FR),Aurelion Sol/Zoe (MT),1,2,0.5
Nilah/Twisted Fate (BW/PZ),Akshan/Seraphine (PZ/SH),1,2,0.5
Akshan/Seraphine (PZ/SH),Nilah/Twisted Fate (BW/PZ),1,2,0.5
Heimerdinger/Viktor (IO/PZ),Poppy/Ziggs (BC/NX),1,2,0.5
Poppy/Ziggs (BC/NX),Heimerdinger/Viktor (IO/PZ),1,2,0.5
Hecarim/Zed (IO/SI),Senna (PZ/SI),1,2,0.5
Senna (PZ/SI),Hecarim/Zed (IO/SI),1,2,0.5
Mordekaiser (PZ/SI),Aphelios/Zoe (IO/MT),1,2,0.5
Aphelios/Zoe (IO/MT),Mordekaiser (PZ/SI),1,2,0.5
Ezreal/Swain (NX/PZ),Annie/Gwen (NX/SI),1,2,0.5
Annie/Gwen (NX/SI),Ezreal/Swain (NX/PZ),1,2,0.5
Poppy/Ziggs (BC/NX),Elder Dragon/Shyvana (RU/DE),1,2,0.5
Elder Dragon/Shyvana (RU/DE),Poppy/Ziggs (BC/NX),1,2,0.5
Karma/Seraphine (IO/PZ),Elder Dragon/Volibear (RU/FR),1,2,0.5
Elder Dragon/Volibear (RU/FR),Karma/Seraphine (IO/PZ),1,2,0.5
Maokai/Nautilus (BW/SI),Gwen/LeBlanc (NX/SI),1,2,0.5
Gwen/LeBlanc (NX/SI),Maokai/Nautilus (BW/SI),1,2,0.5
Aphelios/Viktor (MT/PZ),Aphelios/Viktor (MT/PZ),1,2,0.5
Swain/Yasuo (IO/NX),Braum/Zoe (FR/MT),1,2,0.5
Braum/Zoe (FR/MT),Swain/Yasuo (IO/NX),1,2,0.5
Annie/Jhin (RU/NX),Elise (FR/SI),1,2,0.5
Elise (FR/SI),Annie/Jhin (RU/NX),1,2,0.5
Elder Dragon/Volibear (RU/FR),Trundle/Volibear (FR/IO),1,2,0.5
Trundle/Volibear (FR/IO),Elder Dragon/Volibear (RU/FR),1,2,0.5
Jax/Ornn (FR/RU),Norra/Swain (BC/NX),1,2,0.5
Norra/Swain (BC/NX),Jax/Ornn (FR/RU),1,2,0.5
Poppy (BC/NX),Norra/Swain (BC/NX),1,2,0.5
Norra/Swain (BC/NX),Poppy (BC/NX),1,2,0.5
Yasuo (IO/NX),Kayle (BW/MT),1,2,0.5
Kayle (BW/MT),Yasuo (IO/NX),1,2,0.5
Nasus/Renekton (SH),Yasuo (IO/NX),1,2,0.5
Yasuo (IO/NX),Nasus/Renekton (SH),1,2,0.5
Karma/Sett (IO/PZ),Poppy/Ziggs (BC/NX),1,2,0.5
Poppy/Ziggs (BC/NX),Karma/Sett (IO/PZ),1,2,0.5
Jayce (PZ/SI),Braum/Vladimir (FR/NX),1,2,0.5
Braum/Vladimir (FR/NX),Jayce (PZ/SI),1,2,0.5
Championless (DE/PZ),Karma/Sett (FR/IO),1,2,0.5
Karma/Sett (FR/IO),Championless (DE/PZ),1,2,0.5
Katarina/Taliyah (NX/SH),Azir/Irelia (IO/SH),1,2,0.5
Azir/Irelia (IO/SH),Katarina/Taliyah (NX/SH),1,2,0.5
Pyke/Rek'Sai (BW/SH),Annie/Jhin/Swain (RU/NX),1,2,0.5
Annie/Jhin/Swain (RU/NX),Pyke/Rek'Sai (BW/SH),1,2,0.5
Braum/Vladimir (FR/NX),Azir/Irelia (IO/SH),1,2,0.5
Azir/Irelia (IO/SH),Braum/Vladimir (FR/NX),1,2,0.5
Annie/Gwen (NX/SI),Jack/Sett (BW/IO),1,2,0.5
Jack/Sett (BW/IO),Annie/Gwen (NX/SI),1,2,0.5
Teemo/Tristana (BC/SI),Draven/Jinx (NX/PZ),1,2,0.5
Draven/Jinx (NX/PZ),Teemo/Tristana (BC/SI),1,2,0.5
Aurelion Sol/Elder Dragon (RU/MT),Azir/Hecarim (SI/SH),1,2,0.5
Azir/Hecarim (SI/SH),Aurelion Sol/Elder Dragon (RU/MT),1,2,0.5
Ashe/LeBlanc (FR/NX),Nasus/Renekton (SH),1,2,0.5
Nasus/Renekton (SH),Ashe/LeBlanc (FR/NX),1,2,0.5
Teemo (NX/PZ),Annie/Jhin/Swain (RU/NX),1,2,0.5
Annie/Jhin/Swain (RU/NX),Teemo (NX/PZ),1,2,0.5
Elder Dragon/Volibear (RU/FR),Akshan/Master Yi (IO/SH),1,2,0.5
Akshan/Master Yi (IO/SH),Elder Dragon/Volibear (RU/FR),1,2,0.5
Ahri/Kennen (BC/IO),Elder Dragon/Volibear (RU/FR),1,2,0.5
Elder Dragon/Volibear (RU/FR),Ahri/Kennen (BC/IO),1,2,0.5
Ashe/LeBlanc (FR/NX),Lee Sin/Nidalee (IO/SH),1,2,0.5
Lee Sin/Nidalee (IO/SH),Ashe/LeBlanc (FR/NX),1,2,0.5
Jax/Ornn (FR/RU),Championless (SI),1,2,0.5
Championless (SI),Jax/Ornn (FR/RU),1,2,0.5
Sion (NX/SI),Championless (SI),1,2,0.5
Championless (SI),Sion (NX/SI),1,2,0.5
Azir/Irelia (IO/SH),Janna/Zoe (MT/PZ),1,2,0.5
Janna/Zoe (MT/PZ),Azir/Irelia (IO/SH),1,2,0.5
Azir/Xerath (SH),Elder Dragon/Mordekaiser/Viego (RU/SI),1,2,0.5
Elder Dragon/Mordekaiser/Viego (RU/SI),Azir/Xerath (SH),1,2,0.5
Braum/Soraka (FR/MT),Braum/Soraka (FR/MT),1,2,0.5
Lissandra (FR/SH),Elder Dragon (RU/MT),1,2,0.5
Elder Dragon (RU/MT),Lissandra (FR/SH),1,2,0.5
Maokai (SI),Maokai/Nautilus (BW/SI),1,2,0.5
Maokai/Nautilus (BW/SI),Maokai (SI),1,2,0.5
Championless (SI),Morgana/Udyr (DE/FR),1,2,0.5
Morgana/Udyr (DE/FR),Championless (SI),1,2,0.5
Darius/Vi (NX/PZ),Galio/Shyvana (DE/MT),1,2,0.5
Galio/Shyvana (DE/MT),Darius/Vi (NX/PZ),1,2,0.5
Elder Dragon/Volibear (RU/FR),Elder Dragon/Lissandra/Trundle (RU/FR),1,2,0.5
Elder Dragon/Lissandra/Trundle (RU/FR),Elder Dragon/Volibear (RU/FR),1,2,0.5
Elder Dragon/Lissandra/Trundle (RU/FR),Nasus/Thresh (SI/SH),1,2,0.5
Nasus/Thresh (SI/SH),Elder Dragon/Lissandra/Trundle (RU/FR),1,2,0.5
Braum/Lillia (FR/IO),Azir/Irelia (IO/SH),1,2,0.5
Azir/Irelia (IO/SH),Braum/Lillia (FR/IO),1,2,0.5
Aurelion Sol/Elder Dragon (RU/MT),Pyke/Rek'Sai (BW/SH),1,2,0.5
Pyke/Rek'Sai (BW/SH),Aurelion Sol/Elder Dragon (RU/MT),1,2,0.5
Jayce/Lux (DE/PZ),Jayce/Lux (DE/PZ),1,2,0.5
Championless (SI),Pyke/Rek'Sai (BW/SH),1,2,0.5
Pyke/Rek'Sai (BW/SH),Championless (SI),1,2,0.5
Shyvana/Taric (DE/MT),Nasus/Renekton (SH),1,2,0.5
Nasus/Renekton (SH),Shyvana/Taric (DE/MT),1,2,0.5
Shyvana/Taric (DE/MT),Braum (FR/SH),1,2,0.5
Braum (FR/SH),Shyvana/Taric (DE/MT),1,2,0.5
Braum/The Poro King (FR/RU),Senna (PZ/SI),1,2,0.5
Senna (PZ/SI),Braum/The Poro King (FR/RU),1,2,0.5
Ezreal/Nilah (BW/PZ),Hecarim/Zed (IO/SI),1,2,0.5
Hecarim/Zed (IO/SI),Ezreal/Nilah (BW/PZ),1,2,0.5
Caitlyn/Teemo (BC/PZ),Ezreal/Seraphine (IO/PZ),1,2,0.5
Ezreal/Seraphine (IO/PZ),Caitlyn/Teemo (BC/PZ),1,2,0.5
Nilah/Twisted Fate (BW/PZ),Garen (DE/PZ),1,2,0.5
Garen (DE/PZ),Nilah/Twisted Fate (BW/PZ),1,2,0.5
Annie/Gwen (NX/SI),Fizz/Samira (BW/NX),1,2,0.5
Fizz/Samira (BW/NX),Annie/Gwen (NX/SI),1,2,0.5
Kindred/Mordekaiser (BC/SI),Neeko/Poppy (DE/RU),1,2,0.5
Neeko/Poppy (DE/RU),Kindred/Mordekaiser (BC/SI),1,2,0.5
Trundle/Volibear (FR/IO),Annie/Jhin (RU/NX),1,2,0.5
Annie/Jhin (RU/NX),Trundle/Volibear (FR/IO),1,2,0.5
Yasuo (IO/NX),Hecarim/Zed (IO/SI),1,2,0.5
Hecarim/Zed (IO/SI),Yasuo (IO/NX),1,2,0.5
Kayle/Zed (IO/MT),Aurelion Sol/Elder Dragon (RU/MT),1,2,0.5
Aurelion Sol/Elder Dragon (RU/MT),Kayle/Zed (IO/MT),1,2,0.5
Elder Dragon/Lissandra/Trundle (RU/FR),Kindred/Nasus (SI/SH),1,2,0.5
Kindred/Nasus (SI/SH),Elder Dragon/Lissandra/Trundle (RU/FR),1,2,0.5
Maokai/Nautilus (BW/SI),Caitlyn/Trundle (FR/PZ),1,2,0.5
Caitlyn/Trundle (FR/PZ),Maokai/Nautilus (BW/SI),1,2,0.5
Azir/Irelia (IO/SH),Taliyah/Ziggs (BC/SH),1,2,0.5
Taliyah/Ziggs (BC/SH),Azir/Irelia (IO/SH),1,2,0.5
Elder Dragon (RU/FR),Azir/Xerath (SH),1,2,0.5
Azir/Xerath (SH),Elder Dragon (RU/FR),1,2,0.5
Championless (SI),Norra/Poppy (BC/NX),1,2,0.5
Norra/Poppy (BC/NX),Championless (SI),1,2,0.5
Fizz (BW/NX),Caitlyn/Teemo (BC/PZ),1,2,0.5
Caitlyn/Teemo (BC/PZ),Fizz (BW/NX),1,2,0.5
Aurelion Sol/Elder Dragon (RU/MT),Caitlyn/Teemo (BC/PZ),1,2,0.5
Caitlyn/Teemo (BC/PZ),Aurelion Sol/Elder Dragon (RU/MT),1,2,0.5
Karma/Viktor (IO/PZ),Aurelion Sol/Elder Dragon (RU/MT),1,2,0.5
Aurelion Sol/Elder Dragon (RU/MT),Karma/Viktor (IO/PZ),1,2,0.5
Azir/Irelia (IO/SH),Braum/The Poro King (FR/RU),1,2,0.5
Braum/The Poro King (FR/RU),Azir/Irelia (IO/SH),1,2,0.5
Ezreal/Kennen (IO/PZ),Elder Dragon/Volibear (RU/FR),1,2,0.5
Elder Dragon/Volibear (RU/FR),Ezreal/Kennen (IO/PZ),1,2,0.5
Ezreal/Nilah (BW/PZ),Aphelios/Norra (BC/MT),1,2,0.5
Aphelios/Norra (BC/MT),Ezreal/Nilah (BW/PZ),1,2,0.5
Braum/Zoe (FR/MT),Garen/Udyr (DE/FR),1,2,0.5
Garen/Udyr (DE/FR),Braum/Zoe (FR/MT),1,2,0.5
Braum/Zoe (FR/MT),Braum/Zed (FR/IO),1,2,0.5
Braum/Zed (FR/IO),Braum/Zoe (FR/MT),1,2,0.5
Ekko/Zilean (PZ/SH),Aurelion Sol/Shyvana (DE/MT),1,2,0.5
Aurelion Sol/Shyvana (DE/MT),Ekko/Zilean (PZ/SH),1,2,0.5
Poppy/Ziggs (BC/NX),Elder Dragon/Elise (RU/SI),1,2,0.5
Elder Dragon/Elise (RU/SI),Poppy/Ziggs (BC/NX),1,2,0.5
Braum/Zoe (FR/MT),Gwen/Katarina (NX/SI),1,2,0.5
Gwen/Katarina (NX/SI),Braum/Zoe (FR/MT),1,2,0.5
Azir/Irelia (IO/SH),Janna/Nilah (BW/PZ),1,2,0.5
Janna/Nilah (BW/PZ),Azir/Irelia (IO/SH),1,2,0.5
Championless (IO/NX),Championless (IO/NX),1,2,0.5
Akshan/Seraphine (PZ/SH),Draven/Seraphine (NX/PZ),1,2,0.5
Draven/Seraphine (NX/PZ),Akshan/Seraphine (PZ/SH),1,2,0.5
Annie/Gwen (NX/SI),Azir/Xerath (SH),1,2,0.5
Azir/Xerath (SH),Annie/Gwen (NX/SI),1,2,0.5
Bard/Garen (RU/DE),Nidalee (BC/SH),1,2,0.5
Nidalee (BC/SH),Bard/Garen (RU/DE),1,2,0.5
Norra/Trundle (BC/FR),Elder Dragon/Morgana/Shyvana (RU/DE),1,2,0.5
Elder Dragon/Morgana/Shyvana (RU/DE),Norra/Trundle (BC/FR),1,2,0.5
Aatrox/Kayn (RU/RU),Darius (FR/NX),1,2,0.5
Darius (FR/NX),Aatrox/Kayn (RU/RU),1,2,0.5
Caitlyn/Teemo (BC/PZ),Seraphine (MT/PZ),1,2,0.5
Seraphine (MT/PZ),Caitlyn/Teemo (BC/PZ),1,2,0.5
Akshan/Master Yi (IO/SH),Senna/Veigar (BC/SI),1,2,0.5
Senna/Veigar (BC/SI),Akshan/Master Yi (IO/SH),1,2,0.5
Annie/Jhin (RU/NX),LeBlanc/Sivir (NX/SH),1,2,0.5
LeBlanc/Sivir (NX/SH),Annie/Jhin (RU/NX),1,2,0.5
Akshan/Master Yi (IO/SH),Karma/Sett (FR/IO),1,2,0.5
Karma/Sett (FR/IO),Akshan/Master Yi (IO/SH),1,2,0.5
Braum/Zoe (FR/MT),Annie/Ezreal (NX/PZ),1,2,0.5
Annie/Ezreal (NX/PZ),Braum/Zoe (FR/MT),1,2,0.5
Aphelios/Gnar (FR/MT),Akshan/Samira (NX/SH),1,2,0.5
Akshan/Samira (NX/SH),Aphelios/Gnar (FR/MT),1,2,0.5
Braum/Zoe (FR/MT),Zoe (DE/MT),1,2,0.5
Zoe (DE/MT),Braum/Zoe (FR/MT),1,2,0.5
Caitlyn/Teemo (BC/PZ),Aphelios/Zoe (IO/MT),1,2,0.5
Aphelios/Zoe (IO/MT),Caitlyn/Teemo (BC/PZ),1,2,0.5
Annie/Jhin (RU/NX),Jarvan IV/Kalista (DE/SI),1,2,0.5
Jarvan IV/Kalista (DE/SI),Annie/Jhin (RU/NX),1,2,0.5
Aphelios/Gnar (FR/MT),Ezreal/Seraphine (BC/PZ),1,2,0.5
Ezreal/Seraphine (BC/PZ),Aphelios/Gnar (FR/MT),1,2,0.5
Ezreal/Seraphine (BC/PZ),Ezreal/Seraphine (BC/PZ),1,2,0.5
Lulu/Zed (DE/IO),Aphelios/Gnar (FR/MT),1,2,0.5
Aphelios/Gnar (FR/MT),Lulu/Zed (DE/IO),1,2,0.5
Heimerdinger/Viktor (IO/PZ),Championless (SI),1,2,0.5
Championless (SI),Heimerdinger/Viktor (IO/PZ),1,2,0.5
Evelynn/Kai'Sa (RU/SH),Zed (FR/IO),1,2,0.5
Zed (FR/IO),Evelynn/Kai'Sa (RU/SH),1,2,0.5
Swain/Yasuo (IO/NX),Fizz/Nami (BC/BW),1,2,0.5
Fizz/Nami (BC/BW),Swain/Yasuo (IO/NX),1,2,0.5
Fiora/Shen (DE/IO),Aphelios/Yasuo (IO/MT),1,2,0.5
Aphelios/Yasuo (IO/MT),Fiora/Shen (DE/IO),1,2,0.5
Azir/Irelia (IO/SH),Azir/Hecarim (SI/SH),1,2,0.5
Azir/Hecarim (SI/SH),Azir/Irelia (IO/SH),1,2,0.5
Kalista/Mordekaiser (PZ/SI),Elder Dragon/Volibear (RU/FR),1,2,0.5
Elder Dragon/Volibear (RU/FR),Kalista/Mordekaiser (PZ/SI),1,2,0.5
Draven/Rumble (NX/PZ),Kayle (BW/MT),1,2,0.5
Kayle (BW/MT),Draven/Rumble (NX/PZ),1,2,0.5
Karma/Sett (FR/IO),Elder Dragon/Elise (RU/SI),1,2,0.5
Elder Dragon/Elise (RU/SI),Karma/Sett (FR/IO),1,2,0.5
Nilah/Twisted Fate (BW/PZ),Samira/Sejuani (FR/NX),1,2,0.5
Samira/Sejuani (FR/NX),Nilah/Twisted Fate (BW/PZ),1,2,0.5
Elder Dragon/Shyvana (RU/DE),Akshan/Sivir (NX/SH),1,2,0.5
Akshan/Sivir (NX/SH),Elder Dragon/Shyvana (RU/DE),1,2,0.5
Garen/Udyr (DE/FR),Katarina/Swain (NX/PZ),1,2,0.5
Katarina/Swain (NX/PZ),Garen/Udyr (DE/FR),1,2,0.5
Lillia/Taliyah (IO/SH),Elder Dragon (RU/MT),1,2,0.5
Elder Dragon (RU/MT),Lillia/Taliyah (IO/SH),1,2,0.5
Aphelios/Zoe (IO/MT),Caitlyn/Trundle (FR/PZ),1,2,0.5
Caitlyn/Trundle (FR/PZ),Aphelios/Zoe (IO/MT),1,2,0.5
Ashe/LeBlanc (FR/NX),Caitlyn/Trundle (FR/PZ),1,2,0.5
Caitlyn/Trundle (FR/PZ),Ashe/LeBlanc (FR/NX),1,2,0.5
Ezreal/Seraphine (BC/PZ),Hecarim/Zed (IO/SI),1,2,0.5
Hecarim/Zed (IO/SI),Ezreal/Seraphine (BC/PZ),1,2,0.5
Elder Dragon/Volibear (RU/FR),Caitlyn/Norra/Teemo (BC/PZ),1,2,0.5
Caitlyn/Norra/Teemo (BC/PZ),Elder Dragon/Volibear (RU/FR),1,2,0.5
Poppy (BC/NX),Championless (SI),1,2,0.5
Championless (SI),Poppy (BC/NX),1,2,0.5
Elder Dragon/Morgana/Shyvana (RU/DE),Fiora (DE/FR),1,2,0.5
Fiora (DE/FR),Elder Dragon/Morgana/Shyvana (RU/DE),1,2,0.5
Lissandra (FR/SH),Darius/Gwen (NX/SI),1,2,0.5
Darius/Gwen (NX/SI),Lissandra (FR/SH),1,2,0.5
Janna/Miss Fortune (BW/PZ),Caitlyn/Teemo (BC/PZ),1,2,0.5
Caitlyn/Teemo (BC/PZ),Janna/Miss Fortune (BW/PZ),1,2,0.5
Evelynn/Fizz (BW/RU),Akshan/Samira (NX/SH),1,2,0.5
Akshan/Samira (NX/SH),Evelynn/Fizz (BW/RU),1,2,0.5
Gnar/Lux: Illuminated (BC/DE),Nilah/Twisted Fate (BW/PZ),1,2,0.5
Nilah/Twisted Fate (BW/PZ),Gnar/Lux: Illuminated (BC/DE),1,2,0.5
Karma/Sett (IO/PZ),Elder Dragon (RU/FR),1,2,0.5
Elder Dragon (RU/FR),Karma/Sett (IO/PZ),1,2,0.5
Draven/Seraphine (NX/PZ),Pyke/Rek'Sai (BW/SH),1,2,0.5
Pyke/Rek'Sai (BW/SH),Draven/Seraphine (NX/PZ),1,2,0.5
Anivia (FR/SI),Anivia (FR/SI),1,2,0.5
Katarina/Swain (NX/PZ),Nilah/Twisted Fate (BW/PZ),1,2,0.5
Nilah/Twisted Fate (BW/PZ),Katarina/Swain (NX/PZ),1,2,0.5
LeBlanc/Sivir (NX/SH),Azir/Irelia (IO/SH),1,2,0.5
Azir/Irelia (IO/SH),LeBlanc/Sivir (NX/SH),1,2,0.5
Heimerdinger/Jayce (FR/PZ),Trundle/Volibear (DE/FR),1,2,0.5
Trundle/Volibear (DE/FR),Heimerdinger/Jayce (FR/PZ),1,2,0.5
Bard (RU/IO),Shen/Zed (DE/IO),1,2,0.5
Shen/Zed (DE/IO),Bard (RU/IO),1,2,0.5
Poppy (BC/NX),Katarina/Taliyah (NX/SH),1,2,0.5
Katarina/Taliyah (NX/SH),Poppy (BC/NX),1,2,0.5
Norra (BC/PZ),Poppy (BC/NX),1,2,0.5
Poppy (BC/NX),Norra (BC/PZ),1,2,0.5
Nilah/Twisted Fate (BW/PZ),Gnar/Zed (FR/IO),1,2,0.5
Gnar/Zed (FR/IO),Nilah/Twisted Fate (BW/PZ),1,2,0.5
Akshan/Aphelios (MT/SH),Championless (SI),1,2,0.5
Championless (SI),Akshan/Aphelios (MT/SH),1,2,0.5
Draven/Jinx (NX/PZ),Gnar/Lux: Illuminated (BC/DE),1,2,0.5
Gnar/Lux: Illuminated (BC/DE),Draven/Jinx (NX/PZ),1,2,0.5
Braum/Zed (FR/IO),Gwen/Hecarim (SI),1,2,0.5
Gwen/Hecarim (SI),Braum/Zed (FR/IO),1,2,0.5
Akshan/Sivir (FR/SH),Senna/Veigar (BC/SI),1,2,0.5
Senna/Veigar (BC/SI),Akshan/Sivir (FR/SH),1,2,0.5
Aphelios/Norra (BC/MT),Aphelios/Norra (BC/MT),1,2,0.5
Poppy (BC/NX),Azir/Irelia (IO/SH),1,2,0.5
Azir/Irelia (IO/SH),Poppy (BC/NX),1,2,0.5
Aphelios/Seraphine (MT/PZ),Draven/Seraphine (NX/PZ),1,2,0.5
Draven/Seraphine (NX/PZ),Aphelios/Seraphine (MT/PZ),1,2,0.5
Anivia/Quinn (DE/FR),Elder Dragon/Volibear (RU/FR),1,2,0.5
Elder Dragon/Volibear (RU/FR),Anivia/Quinn (DE/FR),1,2,0.5
Elder Dragon/Volibear (RU/FR),Caitlyn (NX/PZ),1,2,0.5
Caitlyn (NX/PZ),Elder Dragon/Volibear (RU/FR),1,2,0.5
The Poro King (MT/RU),Udyr (FR/PZ),1,2,0.5
Udyr (FR/PZ),The Poro King (MT/RU),1,2,0.5
Annie/Elise (NX/SI),Ezreal/Nilah (BW/PZ),1,2,0.5
Ezreal/Nilah (BW/PZ),Annie/Elise (NX/SI),1,2,0.5
Janna/Norra (BC/PZ),Elise (NX/SI),1,2,0.5
Elise (NX/SI),Janna/Norra (BC/PZ),1,2,0.5
Master Yi/Zilean (IO/SH),Nilah/Twisted Fate (BW/PZ),2,3,0.666666666666667
Akshan/Varus (SH/RU),Morgana/Udyr (DE/FR),2,3,0.666666666666667
Gnar/Gwen (FR/SI),Akshan/Lee Sin (IO/SH),2,3,0.666666666666667
Azir/Irelia (IO/SH),Master Yi/Samira (IO/NX),2,3,0.666666666666667
Aphelios/Viktor (MT/PZ),Senna/Veigar (BC/SI),2,3,0.666666666666667
Pyke/Rek'Sai (BW/SH),Nasus/Senna (SI/SH),2,3,0.666666666666667
Ezreal/Karma/Seraphine (IO/PZ),Poppy/Ziggs (BC/NX),2,3,0.666666666666667
Karma/Sett (IO/PZ),Azir/Xerath (SH),2,3,0.666666666666667
Karma/Sett (IO/PZ),Braum/Zoe (FR/MT),2,3,0.666666666666667
Lee Sin/Viktor (IO/PZ),Kayle (BW/MT),2,3,0.666666666666667
Nocturne/Vex (SI),Azir/Irelia (IO/SH),2,3,0.666666666666667
Elder Dragon (RU/FR),Anivia (FR/SI),2,3,0.666666666666667
Elder Dragon/Volibear (RU/FR),Ezreal/Karma (IO/PZ),2,3,0.666666666666667
Poppy/Ziggs (BC/NX),Master Yi/Zilean (IO/SH),2,3,0.666666666666667
Heimerdinger/Jayce (PZ/SI),Elder Dragon/Volibear (RU/FR),2,3,0.666666666666667
Elder Dragon/Volibear (RU/FR),Championless (PZ/SI),2,3,0.666666666666667
Jinx/Lulu (BC/PZ),Ashe/LeBlanc (FR/NX),2,3,0.666666666666667
Pyke/Rek'Sai (BW/SH),Lucian/Zed (DE/IO),2,3,0.666666666666667
Kayle/Morgana (DE/MT),Akshan/Varus (SH/RU),2,3,0.666666666666667
Aatrox/Quinn/Vayne (RU/DE),Karma/Sett (FR/IO),2,3,0.666666666666667
Morgana/Udyr (DE/FR),Akshan/Lee Sin (IO/SH),2,3,0.666666666666667
Malphite/Yasuo (IO/MT),Akshan/Varus (SH/RU),2,3,0.666666666666667
Janna/Nilah (BW/PZ),Darius/Gnar (FR/NX),2,3,0.666666666666667
Poppy/Ziggs (BC/NX),Championless (PZ/SI),2,3,0.666666666666667
Master Yi/Nami (BW/IO),Nilah/Twisted Fate (BW/PZ),2,3,0.666666666666667
Braum/Zoe (FR/MT),Mordekaiser/Norra (BC/SI),2,3,0.666666666666667
Karma/Sett (FR/IO),Bard/Norra (BC/RU),2,3,0.666666666666667
Pyke/Rek'Sai (BW/SH),Championless (PZ/SI),2,3,0.666666666666667
Azir/Irelia (IO/SH),Maokai (BW/SI),2,3,0.666666666666667
Miss Fortune/Twisted Fate (BW/NX),Lulu/Poppy/Ziggs (BC/NX),2,3,0.666666666666667
Fizz/Yuumi (BC/FR),Senna/Veigar (BC/SI),2,3,0.666666666666667
Senna/Veigar (BC/SI),Ashe (FR/PZ),2,3,0.666666666666667
Master Yi/Zilean (IO/SH),Annie/Jhin (RU/NX),2,3,0.666666666666667
Nidalee (BC/SH),Pyke/Rek'Sai (BW/SH),2,3,0.666666666666667
Kayle/Morgana (DE/MT),Braum (FR/SI),2,3,0.666666666666667
Ezreal/Seraphine (BC/PZ),Anivia (FR/SI),2,3,0.666666666666667
Braum/Vladimir (FR/NX),Anivia (FR/SI),2,3,0.666666666666667
Elder Dragon/Morgana (RU/DE),Azir/Xerath (SH),2,3,0.666666666666667
Azir/Xerath (SH),Senna/Veigar (BC/SI),2,3,0.666666666666667
Norra (BC/PZ),Hecarim (IO/SI),2,3,0.666666666666667
Pyke/Rek'Sai (BW/SH),Jhin/Yasuo (IO/RU),2,3,0.666666666666667
Ezreal/Seraphine (NX/PZ),Ashe/LeBlanc (FR/NX),2,3,0.666666666666667
Viktor/Zoe (MT/PZ),Annie/Jhin (RU/NX),2,3,0.666666666666667
Caitlyn/Teemo (BC/PZ),The Poro King (MT/RU),2,3,0.666666666666667
Championless (SI),Maokai (BW/SI),2,3,0.666666666666667
Ryze (IO/RU),Anivia (FR/SI),2,3,0.666666666666667
Tahm Kench (BC/BW),Lissandra (FR/SI),2,3,0.666666666666667
Ashe/LeBlanc (FR/NX),Fiora/Shen (DE/IO),2,3,0.666666666666667
Elder Dragon/Galio/Morgana (RU/DE),Elder Dragon/Mordekaiser/Viego (RU/SI),2,3,0.666666666666667
Fizz/Samira (BW/NX),Ashe/LeBlanc (FR/NX),2,3,0.666666666666667
Annie/Jhin (RU/NX),Gwen/Hecarim (IO/SI),2,3,0.666666666666667
Leona/Yasuo (IO/MT),Pyke/Rek'Sai (BW/SH),2,3,0.666666666666667
Caitlyn/Teemo (BC/PZ),Gwen/Irelia (IO/SI),2,3,0.666666666666667
Bard/Norra (BC/RU),Elise/Nocturne (NX/SI),2,3,0.666666666666667
Senna/Veigar (BC/SI),Gangplank/Gnar (BC/BW),2,3,0.666666666666667
Anivia (FR/SI),Karma/Sett (IO/PZ),2,3,0.666666666666667
Norra/Zoe (BC/MT),Ashe/LeBlanc (FR/NX),2,3,0.666666666666667
Braum (FR/SI),Bard/Norra (BC/RU),2,3,0.666666666666667
Annie/Jhin (RU/NX),Maokai/Nautilus (BW/SI),2,3,0.666666666666667
Miss Fortune/Twisted Fate (BW/NX),Elder Dragon/Volibear (RU/FR),2,3,0.666666666666667
Norra/Zoe (BC/MT),Fizz/Nidalee (BC/SH),2,3,0.666666666666667
Evelynn/Kai'Sa (RU/SH),Ashe/LeBlanc (FR/NX),2,3,0.666666666666667
Ezreal/Seraphine (IO/PZ),Pyke/Rek'Sai (BW/SH),2,3,0.666666666666667
Elder Dragon/Volibear (RU/FR),Ezreal/Seraphine (IO/PZ),2,3,0.666666666666667
Braum/Zoe (FR/MT),Miss Fortune/Quinn (BW/DE),2,3,0.666666666666667
Miss Fortune/Quinn (BW/DE),Annie/Jhin (RU/NX),2,3,0.666666666666667
Annie/Jhin (RU/NX),Aatrox/Kayn (RU/RU),2,3,0.666666666666667
Ekko/Jinx (PZ/SH),Annie/Jhin (RU/NX),2,3,0.666666666666667
The Poro King (FR/RU),Pyke/Rek'Sai (BW/SH),2,3,0.666666666666667
Braum/Zoe (FR/MT),Fiora/Udyr (DE/FR),2,3,0.666666666666667
Pyke/Rek'Sai (BW/SH),Ashe/Gnar (FR),2,3,0.666666666666667
Elder Dragon/Volibear (RU/FR),Taliyah/Ziggs (BC/SH),2,3,0.666666666666667
Elise/Nocturne (NX/SI),Ashe/LeBlanc (FR/NX),2,3,0.666666666666667
Bard/Norra (BC/RU),Fiora (DE/SH),2,3,0.666666666666667
Elise/Nocturne (NX/SI),Braum/Zoe (FR/MT),2,3,0.666666666666667
Elise/Nocturne (NX/SI),Pyke/Rek'Sai (BW/SH),2,3,0.666666666666667
Azir/Irelia (IO/SH),Caitlyn/Teemo (FR/PZ),2,3,0.666666666666667
Rumble (BC/NX),Azir/Xerath (SH),2,3,0.666666666666667
Garen/Udyr (DE/FR),Norra/Swain (BC/NX),2,3,0.666666666666667
Poppy/Ziggs (BC/NX),Elder Dragon/Galio/Morgana (RU/DE),2,3,0.666666666666667
Sejuani/Swain (FR/NX),Braum/Zoe (FR/MT),2,3,0.666666666666667
Norra/Zoe (BC/MT),Fiora/Shen (DE/IO),2,3,0.666666666666667
Elise/Nocturne (NX/SI),Nilah/Twisted Fate (BW/PZ),2,3,0.666666666666667
Nilah/Twisted Fate (BW/PZ),Bard/Norra (BC/RU),2,3,0.666666666666667
Karma/Sett (FR/IO),Caitlyn/Teemo (FR/PZ),2,3,0.666666666666667
Pyke/Rek'Sai (BW/SH),Akshan/Lissandra (FR/SH),2,3,0.666666666666667
Pyke/Rek'Sai (BW/SH),Lissandra (FR/SH),2,3,0.666666666666667
Annie/Jhin (RU/NX),Fiora/Shen (DE/IO),2,3,0.666666666666667
Fiora/Shen (DE/IO),Teemo (BC/PZ),2,3,0.666666666666667
Swain/Yasuo (IO/NX),Sett/Trundle (FR/IO),2,3,0.666666666666667
Miss Fortune/Quinn (BW/DE),Nilah/Twisted Fate (BW/PZ),2,3,0.666666666666667
Elder Dragon/Seraphine/Viktor (RU/PZ),Elder Dragon/Norra (RU/BC),2,3,0.666666666666667
Akshan/Varus (SH/RU),Gnar/Viktor (BC/PZ),2,3,0.666666666666667
Nilah/Twisted Fate (BW/PZ),Aurelion Sol/Shyvana (DE/MT),2,3,0.666666666666667
Yuumi/Zoe (FR/MT),Mordekaiser/Norra (BC/SI),2,3,0.666666666666667
Elder Dragon/Volibear (RU/FR),Nasus/Thresh (SI/SH),2,3,0.666666666666667
Championless (SI),Jax/Vayne (DE/RU),2,3,0.666666666666667
Nasus/Thresh (SI/SH),Malphite/Yasuo (IO/MT),2,3,0.666666666666667
Darius/Gnar (FR/NX),Akshan/Varus (SH/RU),2,3,0.666666666666667
Championless (PZ/SI),Akshan/Fiora (DE/SH),2,3,0.666666666666667
Akshan/Varus (SH/RU),Akshan/Lee Sin (IO/SH),2,3,0.666666666666667
Elder Dragon/Volibear (RU/FR),Teemo/Zoe (MT/PZ),2,3,0.666666666666667
Akshan/Varus (SH/RU),Morgana/Riven (MT/NX),2,3,0.666666666666667
Elder Dragon/Galio/Morgana (RU/DE),Senna/Veigar (BC/SI),2,3,0.666666666666667
Karma/Sett (FR/IO),Taliyah/Zilean (IO/SH),2,3,0.666666666666667
Azir/Irelia (IO/SH),Akshan/Varus (SH/RU),2,3,0.666666666666667
Elder Dragon/Volibear (RU/FR),Azir/Hecarim (SI/SH),2,3,0.666666666666667
Teemo/Zoe (MT/PZ),Annie/Jhin (RU/NX),2,3,0.666666666666667
Galio/Garen (DE/FR),Kalista (SI),2,3,0.666666666666667
Heimerdinger/Viktor (IO/PZ),Caitlyn/Teemo (BC/PZ),2,3,0.666666666666667
Heimerdinger/Viktor (IO/PZ),Elder Dragon/Elise (RU/SI),2,3,0.666666666666667
Pyke/Rek'Sai (BW/SH),Gangplank/Swain (BW/NX),2,3,0.666666666666667
Ashe (FR/PZ),Janna/Sett (IO/PZ),2,3,0.666666666666667
Ekko/Jinx (PZ/SH),Elder Dragon/Norra (RU/BC),2,3,0.666666666666667
Azir/Irelia (IO/SH),Jack/Sett (BW/IO),2,3,0.666666666666667
Nilah/Twisted Fate (BW/PZ),Viktor/Zoe (MT/PZ),2,3,0.666666666666667
Jayce/Lux (DE/PZ),Ashe/LeBlanc (FR/NX),2,3,0.666666666666667
Elder Dragon/Elise (RU/SI),Illaoi/Vayne (BW/DE),2,3,0.666666666666667
Sion (NX/SI),Azir/Irelia (IO/SH),2,3,0.666666666666667
Maokai/Nautilus (BW/SI),Nasus/Thresh (SI/SH),2,3,0.666666666666667
Azir/Renekton (SH),Caitlyn/Teemo (BC/PZ),2,3,0.666666666666667
Azir/Renekton (SH),Lux: Illuminated/Vex (BC/DE),2,3,0.666666666666667
Azir/Irelia (IO/SH),Taliyah (BC/SH),2,3,0.666666666666667
Pyke/Rek'Sai (BW/SH),Darius/Elise (NX/SI),2,3,0.666666666666667
Gwen/Hecarim (IO/SI),Championless (SI),2,3,0.666666666666667
Darius/Gnar (FR/NX),Galio/Garen (DE/FR),2,3,0.666666666666667
Azir/Irelia (IO/SH),Ashe/LeBlanc (FR/NX),2,3,0.666666666666667
Pyke/Rek'Sai (BW/SH),Norra/Teemo (BC/PZ),2,3,0.666666666666667
Mordekaiser/Norra (BC/SI),Aatrox/Kayn (RU/RU),2,3,0.666666666666667
Karma/Sett (FR/IO),Annie/Elder Dragon/Katarina (RU/NX),2,3,0.666666666666667
Annie/Gwen (NX/SI),Ezreal/Nilah (BW/PZ),2,3,0.666666666666667
Caitlyn/Teemo (BC/PZ),Bard/Kayle (RU/MT),2,3,0.666666666666667
Norra/Teemo (BC/PZ),Elise (FR/SI),2,3,0.666666666666667
Pyke/Rek'Sai (BW/SH),Elder Dragon/Morgana (RU/DE),2,3,0.666666666666667
Ezreal/Nilah (BW/PZ),Fiora/Shen (DE/IO),2,3,0.666666666666667
Nilah/Twisted Fate (BW/PZ),Norra/Zoe (BC/MT),2,3,0.666666666666667
Braum/Zoe (FR/MT),Caitlyn/Teemo (FR/PZ),2,3,0.666666666666667
Morgana/Vex (BC/MT),Poppy/Ziggs (BC/NX),2,3,0.666666666666667
Janna/Nilah (BW/PZ),Ashe/LeBlanc (FR/NX),2,3,0.666666666666667
Caitlyn/Teemo (BC/PZ),Ezreal/Kennen (IO/PZ),2,3,0.666666666666667
Ezreal/Kennen (IO/PZ),Evelynn/Kai'Sa (RU/SH),2,3,0.666666666666667
Akshan/Master Yi (IO/SH),Caitlyn/Teemo (BC/PZ),2,3,0.666666666666667
Mordekaiser/Viego (IO/SI),Nilah/Twisted Fate (BW/PZ),2,3,0.666666666666667
Elder Dragon (RU/FR),Mordekaiser/Viego (IO/SI),2,3,0.666666666666667
Ezreal/Kennen (IO/PZ),Bard/Norra (BC/RU),2,3,0.666666666666667
The Poro King (RU/SH),Caitlyn/Teemo (BC/PZ),2,3,0.666666666666667
Nilah/Twisted Fate (BW/PZ),Jinx/Nilah (BW/PZ),2,3,0.666666666666667
Elise (PZ/SI),Annie/Jhin (RU/NX),2,3,0.666666666666667
Lucian/Lux: Illuminated (DE),Caitlyn/Teemo (DE/PZ),2,3,0.666666666666667
Ezreal/Nilah (BW/PZ),Ashe/LeBlanc (FR/NX),2,3,0.666666666666667
Mordekaiser/Norra (BC/SI),Annie/Gwen (NX/SI),2,3,0.666666666666667
Senna/Veigar (BC/SI),Rumble/Vayne (DE/NX),2,3,0.666666666666667
Norra/Swain (BC/NX),Ekko/Janna (PZ/SI),2,3,0.666666666666667
Karma/Seraphine/Sett (IO/PZ),Pyke/Rek'Sai (BW/SH),2,3,0.666666666666667
Azir/Irelia (IO/SH),Aurelion Sol/Zoe (MT/PZ),2,3,0.666666666666667
Ezreal/Seraphine (BC/PZ),Caitlyn/Teemo (DE/PZ),2,3,0.666666666666667
Caitlyn/Teemo (DE/PZ),Norra/Swain (BC/NX),2,3,0.666666666666667
Yasuo (IO/NX),Pyke/Rek'Sai (BW/SH),2,3,0.666666666666667
Teemo (PZ/SI),Caitlyn/Teemo (BC/PZ),2,3,0.666666666666667
Elder Dragon/Volibear (RU/FR),The Poro King (FR/RU),2,3,0.666666666666667
Draven/Jinx (NX/PZ),Caitlyn/Teemo (BC/PZ),2,3,0.666666666666667
Draven/Jinx (NX/PZ),Ashe/LeBlanc (FR/NX),2,3,0.666666666666667
Draven/Jinx (NX/PZ),Norra/Swain (BC/NX),2,3,0.666666666666667
Draven/Jinx (NX/PZ),Norra/Zoe (BC/MT),2,3,0.666666666666667
Braum/Yuumi/Zoe (FR/MT),Hecarim (IO/SI),2,3,0.666666666666667
Garen/Udyr (DE/FR),Bard/Norra (BC/RU),2,3,0.666666666666667
Norra/Swain (BC/NX),Ezreal/Seraphine (BC/PZ),2,3,0.666666666666667
Yasuo (IO/NX),Azir/Hecarim (SI/SH),2,3,0.666666666666667
Yasuo (IO/NX),Annie/Jhin (RU/NX),2,3,0.666666666666667
Kayle (BW/MT),Draven/Jinx (NX/PZ),2,3,0.666666666666667
Kindred/Nasus (SI/SH),Elder Dragon (RU/FR),2,3,0.666666666666667
Aurelion Sol/Elder Dragon (RU/MT),Miss Fortune/Twisted Fate (BW/NX),2,3,0.666666666666667
Gnar/Teemo (BC/PZ),Pyke/Rek'Sai (BW/SH),2,3,0.666666666666667
Elder Dragon/Volibear (RU/FR),Lissandra (FR/SH),2,3,0.666666666666667
Taliyah (IO/SH),Azir/Irelia (IO/SH),2,3,0.666666666666667
Senna/Veigar (BC/SI),Jayce/Lux (DE/PZ),2,3,0.666666666666667
Championless (SI),Akshan/Jack (BW/SH),2,3,0.666666666666667
Morgana/Udyr (DE/FR),Jayce/Lux (DE/PZ),2,3,0.666666666666667
Seraphine/Sett (IO/PZ),Elder Dragon/Volibear (RU/FR),2,3,0.666666666666667
Gwen/Mordekaiser (NX/SI),Akshan/Seraphine (PZ/SH),2,3,0.666666666666667
Azir/Hecarim (SI/SH),Pyke/Rek'Sai (BW/SH),2,3,0.666666666666667
Azir/Irelia (IO/SH),Elder Dragon/Shyvana (RU/DE),2,3,0.666666666666667
Zoe (MT/PZ),Annie/Jhin (RU/NX),2,3,0.666666666666667
Azir/Irelia (IO/SH),Illaoi (BW/IO),2,3,0.666666666666667
Elder Dragon/Volibear (RU/FR),Kindred/Mordekaiser (BC/SI),2,3,0.666666666666667
Championless (SI),Shyvana/Taric (DE/MT),2,3,0.666666666666667
Fiora (DE/SH),Galio/Garen (DE/IO),2,3,0.666666666666667
Maokai/Nautilus (BW/SI),Poppy/Vayne (BC/DE),2,3,0.666666666666667
Ashe/LeBlanc (FR/NX),Braum/Zoe (FR/MT),2,3,0.666666666666667
Poppy (BC/NX),Annie/Jhin (RU/NX),2,3,0.666666666666667
Poppy (BC/NX),Pyke/Rek'Sai (BW/SH),2,3,0.666666666666667
Nilah/Twisted Fate (BW/PZ),Yasuo (IO/NX),2,3,0.666666666666667
Taric (DE/MT),Championless (PZ/SI),2,3,0.666666666666667
Yasuo (IO/NX),Lee Sin/Viktor (IO/PZ),2,3,0.666666666666667
Karma/Sett (IO/PZ),Miss Fortune/Twisted Fate (BW/NX),2,3,0.666666666666667
Azir/Irelia (IO/SH),Teemo/Tristana (BC/SI),2,3,0.666666666666667
Gwen/Katarina (NX/SI),Elder Dragon/Volibear (RU/FR),2,3,0.666666666666667
Caitlyn/Trundle (FR/PZ),Hecarim/Zed (IO/SI),2,3,0.666666666666667
Championless (SI),Veigar (BC/SI),2,3,0.666666666666667
Azir/Xerath (SH),Annie/Jhin (RU/NX),2,3,0.666666666666667
Taliyah/Zilean (IO/SH),Teemo (BC/PZ),2,3,0.666666666666667
Elder Dragon/Volibear (RU/FR),Rumble/Vayne (DE/NX),2,3,0.666666666666667
Jax/Vi (RU/PZ),Elise/Kalista (NX/SI),2,3,0.666666666666667
Elder Dragon/Lissandra/Trundle (RU/FR),Nilah/Twisted Fate (BW/PZ),2,3,0.666666666666667
Azir/Irelia (IO/SH),Galio/Garen (DE/IO),2,3,0.666666666666667
Samira/Sejuani (FR/NX),Caitlyn/Teemo (BC/PZ),2,3,0.666666666666667
LeBlanc/Sivir (NX/SH),Braum/Zoe (FR/MT),2,3,0.666666666666667
Annie/Jhin (RU/NX),Braum/The Poro King (FR/RU),2,3,0.666666666666667
Evelynn/Fizz (BW/RU),Caitlyn/Teemo (BC/PZ),2,3,0.666666666666667
Bard/Mordekaiser (RU/SI),Aurelion Sol/Elder Dragon (RU/MT),2,3,0.666666666666667
Evelynn/Fizz (BW/RU),Braum/Zoe (FR/MT),2,3,0.666666666666667
Caitlyn/Teemo (BC/PZ),Ashe/Lissandra (FR),2,3,0.666666666666667
Nami/Zoe (BW/MT),Garen (DE/MT),2,3,0.666666666666667
Aphelios/Gnar (FR/MT),Janna/Nilah (BW/PZ),2,3,0.666666666666667
The Poro King (FR/RU),Aphelios/Norra (BC/MT),2,3,0.666666666666667
Poppy/Ziggs (BC/NX),Azir (MT/SH),2,3,0.666666666666667
Nilah/Twisted Fate (BW/PZ),Bard/Zoe (RU/MT),2,3,0.666666666666667
Ekko/Janna (IO/PZ),Yasuo (IO/NX),2,3,0.666666666666667
Draven/Jinx (NX/PZ),Janna/Nilah (BW/PZ),2,3,0.666666666666667
Norra/Teemo (BC/PZ),Championless (SI),2,3,0.666666666666667
Samira/Sejuani (FR/NX),Bard/Norra (BC/RU),2,3,0.666666666666667
Pyke/Rek'Sai (BW/SH),Gnar/Trundle (FR/PZ),2,3,0.666666666666667
Aurelion Sol/Elder Dragon (RU/MT),Poppy (BC/NX),2,3,0.666666666666667
Bard/Norra (BC/RU),Katarina/Swain (NX/PZ),2,3,0.666666666666667
Pyke/Rek'Sai (BW/SH),Gnar/Lux: Illuminated (BC/DE),2,3,0.666666666666667
Katarina/Taliyah (NX/SH),Annie/Jhin (RU/NX),2,3,0.666666666666667
Fiora (DE/SH),Karma/Sett (FR/IO),2,3,0.666666666666667
Poppy (BC/NX),Poppy/Ziggs (BC/NX),2,3,0.666666666666667
Nilah/Twisted Fate (BW/PZ),Draven/Seraphine (NX/PZ),2,3,0.666666666666667
Draven/Seraphine (NX/PZ),Evelynn/Fizz (BW/RU),2,3,0.666666666666667
Kindred/Nasus (SI/SH),Katarina/Taliyah (NX/SH),2,3,0.666666666666667
Nilah/Twisted Fate (BW/PZ),Master Yi/Zilean (IO/SH),1,3,0.333333333333333
Morgana/Udyr (DE/FR),Akshan/Varus (SH/RU),1,3,0.333333333333333
Akshan/Lee Sin (IO/SH),Gnar/Gwen (FR/SI),1,3,0.333333333333333
Master Yi/Samira (IO/NX),Azir/Irelia (IO/SH),1,3,0.333333333333333
Senna/Veigar (BC/SI),Aphelios/Viktor (MT/PZ),1,3,0.333333333333333
Nasus/Senna (SI/SH),Pyke/Rek'Sai (BW/SH),1,3,0.333333333333333
Poppy/Ziggs (BC/NX),Ezreal/Karma/Seraphine (IO/PZ),1,3,0.333333333333333
Azir/Xerath (SH),Karma/Sett (IO/PZ),1,3,0.333333333333333
Braum/Zoe (FR/MT),Karma/Sett (IO/PZ),1,3,0.333333333333333
Kayle (BW/MT),Lee Sin/Viktor (IO/PZ),1,3,0.333333333333333
Azir/Irelia (IO/SH),Nocturne/Vex (SI),1,3,0.333333333333333
Anivia (FR/SI),Elder Dragon (RU/FR),1,3,0.333333333333333
Ezreal/Karma (IO/PZ),Elder Dragon/Volibear (RU/FR),1,3,0.333333333333333
Master Yi/Zilean (IO/SH),Poppy/Ziggs (BC/NX),1,3,0.333333333333333
Elder Dragon/Volibear (RU/FR),Heimerdinger/Jayce (PZ/SI),1,3,0.333333333333333
Championless (PZ/SI),Elder Dragon/Volibear (RU/FR),1,3,0.333333333333333
Ashe/LeBlanc (FR/NX),Jinx/Lulu (BC/PZ),1,3,0.333333333333333
Lucian/Zed (DE/IO),Pyke/Rek'Sai (BW/SH),1,3,0.333333333333333
Akshan/Varus (SH/RU),Kayle/Morgana (DE/MT),1,3,0.333333333333333
Karma/Sett (FR/IO),Aatrox/Quinn/Vayne (RU/DE),1,3,0.333333333333333
Akshan/Lee Sin (IO/SH),Morgana/Udyr (DE/FR),1,3,0.333333333333333
Akshan/Varus (SH/RU),Malphite/Yasuo (IO/MT),1,3,0.333333333333333
Darius/Gnar (FR/NX),Janna/Nilah (BW/PZ),1,3,0.333333333333333
Championless (PZ/SI),Poppy/Ziggs (BC/NX),1,3,0.333333333333333
Nilah/Twisted Fate (BW/PZ),Master Yi/Nami (BW/IO),1,3,0.333333333333333
Mordekaiser/Norra (BC/SI),Braum/Zoe (FR/MT),1,3,0.333333333333333
Bard/Norra (BC/RU),Karma/Sett (FR/IO),1,3,0.333333333333333
Championless (PZ/SI),Pyke/Rek'Sai (BW/SH),1,3,0.333333333333333
Maokai (BW/SI),Azir/Irelia (IO/SH),1,3,0.333333333333333
Lulu/Poppy/Ziggs (BC/NX),Miss Fortune/Twisted Fate (BW/NX),1,3,0.333333333333333
Senna/Veigar (BC/SI),Fizz/Yuumi (BC/FR),1,3,0.333333333333333
Ashe (FR/PZ),Senna/Veigar (BC/SI),1,3,0.333333333333333
Annie/Jhin (RU/NX),Master Yi/Zilean (IO/SH),1,3,0.333333333333333
Pyke/Rek'Sai (BW/SH),Nidalee (BC/SH),1,3,0.333333333333333
Braum (FR/SI),Kayle/Morgana (DE/MT),1,3,0.333333333333333
Anivia (FR/SI),Ezreal/Seraphine (BC/PZ),1,3,0.333333333333333
Anivia (FR/SI),Braum/Vladimir (FR/NX),1,3,0.333333333333333
Azir/Xerath (SH),Elder Dragon/Morgana (RU/DE),1,3,0.333333333333333
Senna/Veigar (BC/SI),Azir/Xerath (SH),1,3,0.333333333333333
Hecarim (IO/SI),Norra (BC/PZ),1,3,0.333333333333333
Jhin/Yasuo (IO/RU),Pyke/Rek'Sai (BW/SH),1,3,0.333333333333333
Ashe/LeBlanc (FR/NX),Ezreal/Seraphine (NX/PZ),1,3,0.333333333333333
Annie/Jhin (RU/NX),Viktor/Zoe (MT/PZ),1,3,0.333333333333333
The Poro King (MT/RU),Caitlyn/Teemo (BC/PZ),1,3,0.333333333333333
Maokai (BW/SI),Championless (SI),1,3,0.333333333333333
Anivia (FR/SI),Ryze (IO/RU),1,3,0.333333333333333
Lissandra (FR/SI),Tahm Kench (BC/BW),1,3,0.333333333333333
Fiora/Shen (DE/IO),Ashe/LeBlanc (FR/NX),1,3,0.333333333333333
Elder Dragon/Mordekaiser/Viego (RU/SI),Elder Dragon/Galio/Morgana (RU/DE),1,3,0.333333333333333
Ashe/LeBlanc (FR/NX),Fizz/Samira (BW/NX),1,3,0.333333333333333
Gwen/Hecarim (IO/SI),Annie/Jhin (RU/NX),1,3,0.333333333333333
Pyke/Rek'Sai (BW/SH),Leona/Yasuo (IO/MT),1,3,0.333333333333333
Gwen/Irelia (IO/SI),Caitlyn/Teemo (BC/PZ),1,3,0.333333333333333
Elise/Nocturne (NX/SI),Bard/Norra (BC/RU),1,3,0.333333333333333
Gangplank/Gnar (BC/BW),Senna/Veigar (BC/SI),1,3,0.333333333333333
Karma/Sett (IO/PZ),Anivia (FR/SI),1,3,0.333333333333333
Ashe/LeBlanc (FR/NX),Norra/Zoe (BC/MT),1,3,0.333333333333333
Bard/Norra (BC/RU),Braum (FR/SI),1,3,0.333333333333333
Maokai/Nautilus (BW/SI),Annie/Jhin (RU/NX),1,3,0.333333333333333
Elder Dragon/Volibear (RU/FR),Miss Fortune/Twisted Fate (BW/NX),1,3,0.333333333333333
Fizz/Nidalee (BC/SH),Norra/Zoe (BC/MT),1,3,0.333333333333333
Ashe/LeBlanc (FR/NX),Evelynn/Kai'Sa (RU/SH),1,3,0.333333333333333
Pyke/Rek'Sai (BW/SH),Ezreal/Seraphine (IO/PZ),1,3,0.333333333333333
Ezreal/Seraphine (IO/PZ),Elder Dragon/Volibear (RU/FR),1,3,0.333333333333333
Miss Fortune/Quinn (BW/DE),Braum/Zoe (FR/MT),1,3,0.333333333333333
Annie/Jhin (RU/NX),Miss Fortune/Quinn (BW/DE),1,3,0.333333333333333
Aatrox/Kayn (RU/RU),Annie/Jhin (RU/NX),1,3,0.333333333333333
Annie/Jhin (RU/NX),Ekko/Jinx (PZ/SH),1,3,0.333333333333333
Pyke/Rek'Sai (BW/SH),The Poro King (FR/RU),1,3,0.333333333333333
Fiora/Udyr (DE/FR),Braum/Zoe (FR/MT),1,3,0.333333333333333
Ashe/Gnar (FR),Pyke/Rek'Sai (BW/SH),1,3,0.333333333333333
Taliyah/Ziggs (BC/SH),Elder Dragon/Volibear (RU/FR),1,3,0.333333333333333
Ashe/LeBlanc (FR/NX),Elise/Nocturne (NX/SI),1,3,0.333333333333333
Fiora (DE/SH),Bard/Norra (BC/RU),1,3,0.333333333333333
Braum/Zoe (FR/MT),Elise/Nocturne (NX/SI),1,3,0.333333333333333
Pyke/Rek'Sai (BW/SH),Elise/Nocturne (NX/SI),1,3,0.333333333333333
Caitlyn/Teemo (FR/PZ),Azir/Irelia (IO/SH),1,3,0.333333333333333
Azir/Xerath (SH),Rumble (BC/NX),1,3,0.333333333333333
Norra/Swain (BC/NX),Garen/Udyr (DE/FR),1,3,0.333333333333333
Elder Dragon/Galio/Morgana (RU/DE),Poppy/Ziggs (BC/NX),1,3,0.333333333333333
Braum/Zoe (FR/MT),Sejuani/Swain (FR/NX),1,3,0.333333333333333
Fiora/Shen (DE/IO),Norra/Zoe (BC/MT),1,3,0.333333333333333
Nilah/Twisted Fate (BW/PZ),Elise/Nocturne (NX/SI),1,3,0.333333333333333
Bard/Norra (BC/RU),Nilah/Twisted Fate (BW/PZ),1,3,0.333333333333333
Caitlyn/Teemo (FR/PZ),Karma/Sett (FR/IO),1,3,0.333333333333333
Akshan/Lissandra (FR/SH),Pyke/Rek'Sai (BW/SH),1,3,0.333333333333333
Lissandra (FR/SH),Pyke/Rek'Sai (BW/SH),1,3,0.333333333333333
Fiora/Shen (DE/IO),Annie/Jhin (RU/NX),1,3,0.333333333333333
Teemo (BC/PZ),Fiora/Shen (DE/IO),1,3,0.333333333333333
Sett/Trundle (FR/IO),Swain/Yasuo (IO/NX),1,3,0.333333333333333
Nilah/Twisted Fate (BW/PZ),Miss Fortune/Quinn (BW/DE),1,3,0.333333333333333
Elder Dragon/Norra (RU/BC),Elder Dragon/Seraphine/Viktor (RU/PZ),1,3,0.333333333333333
Gnar/Viktor (BC/PZ),Akshan/Varus (SH/RU),1,3,0.333333333333333
Aurelion Sol/Shyvana (DE/MT),Nilah/Twisted Fate (BW/PZ),1,3,0.333333333333333
Mordekaiser/Norra (BC/SI),Yuumi/Zoe (FR/MT),1,3,0.333333333333333
Nasus/Thresh (SI/SH),Elder Dragon/Volibear (RU/FR),1,3,0.333333333333333
Jax/Vayne (DE/RU),Championless (SI),1,3,0.333333333333333
Malphite/Yasuo (IO/MT),Nasus/Thresh (SI/SH),1,3,0.333333333333333
Akshan/Varus (SH/RU),Darius/Gnar (FR/NX),1,3,0.333333333333333
Akshan/Fiora (DE/SH),Championless (PZ/SI),1,3,0.333333333333333
Akshan/Lee Sin (IO/SH),Akshan/Varus (SH/RU),1,3,0.333333333333333
Teemo/Zoe (MT/PZ),Elder Dragon/Volibear (RU/FR),1,3,0.333333333333333
Morgana/Riven (MT/NX),Akshan/Varus (SH/RU),1,3,0.333333333333333
Senna/Veigar (BC/SI),Elder Dragon/Galio/Morgana (RU/DE),1,3,0.333333333333333
Taliyah/Zilean (IO/SH),Karma/Sett (FR/IO),1,3,0.333333333333333
Akshan/Varus (SH/RU),Azir/Irelia (IO/SH),1,3,0.333333333333333
Azir/Hecarim (SI/SH),Elder Dragon/Volibear (RU/FR),1,3,0.333333333333333
Annie/Jhin (RU/NX),Teemo/Zoe (MT/PZ),1,3,0.333333333333333
Kalista (SI),Galio/Garen (DE/FR),1,3,0.333333333333333
Caitlyn/Teemo (BC/PZ),Heimerdinger/Viktor (IO/PZ),1,3,0.333333333333333
Elder Dragon/Elise (RU/SI),Heimerdinger/Viktor (IO/PZ),1,3,0.333333333333333
Gangplank/Swain (BW/NX),Pyke/Rek'Sai (BW/SH),1,3,0.333333333333333
Janna/Sett (IO/PZ),Ashe (FR/PZ),1,3,0.333333333333333
Elder Dragon/Norra (RU/BC),Ekko/Jinx (PZ/SH),1,3,0.333333333333333
Jack/Sett (BW/IO),Azir/Irelia (IO/SH),1,3,0.333333333333333
Viktor/Zoe (MT/PZ),Nilah/Twisted Fate (BW/PZ),1,3,0.333333333333333
Ashe/LeBlanc (FR/NX),Jayce/Lux (DE/PZ),1,3,0.333333333333333
Illaoi/Vayne (BW/DE),Elder Dragon/Elise (RU/SI),1,3,0.333333333333333
Azir/Irelia (IO/SH),Sion (NX/SI),1,3,0.333333333333333
Nasus/Thresh (SI/SH),Maokai/Nautilus (BW/SI),1,3,0.333333333333333
Caitlyn/Teemo (BC/PZ),Azir/Renekton (SH),1,3,0.333333333333333
Lux: Illuminated/Vex (BC/DE),Azir/Renekton (SH),1,3,0.333333333333333
Taliyah (BC/SH),Azir/Irelia (IO/SH),1,3,0.333333333333333
Darius/Elise (NX/SI),Pyke/Rek'Sai (BW/SH),1,3,0.333333333333333
Championless (SI),Gwen/Hecarim (IO/SI),1,3,0.333333333333333
Galio/Garen (DE/FR),Darius/Gnar (FR/NX),1,3,0.333333333333333
Ashe/LeBlanc (FR/NX),Azir/Irelia (IO/SH),1,3,0.333333333333333
Norra/Teemo (BC/PZ),Pyke/Rek'Sai (BW/SH),1,3,0.333333333333333
Aatrox/Kayn (RU/RU),Mordekaiser/Norra (BC/SI),1,3,0.333333333333333
Annie/Elder Dragon/Katarina (RU/NX),Karma/Sett (FR/IO),1,3,0.333333333333333
Ezreal/Nilah (BW/PZ),Annie/Gwen (NX/SI),1,3,0.333333333333333
Bard/Kayle (RU/MT),Caitlyn/Teemo (BC/PZ),1,3,0.333333333333333
Elise (FR/SI),Norra/Teemo (BC/PZ),1,3,0.333333333333333
Elder Dragon/Morgana (RU/DE),Pyke/Rek'Sai (BW/SH),1,3,0.333333333333333
Fiora/Shen (DE/IO),Ezreal/Nilah (BW/PZ),1,3,0.333333333333333
Norra/Zoe (BC/MT),Nilah/Twisted Fate (BW/PZ),1,3,0.333333333333333
Caitlyn/Teemo (FR/PZ),Braum/Zoe (FR/MT),1,3,0.333333333333333
Poppy/Ziggs (BC/NX),Morgana/Vex (BC/MT),1,3,0.333333333333333
Ashe/LeBlanc (FR/NX),Janna/Nilah (BW/PZ),1,3,0.333333333333333
Ezreal/Kennen (IO/PZ),Caitlyn/Teemo (BC/PZ),1,3,0.333333333333333
Evelynn/Kai'Sa (RU/SH),Ezreal/Kennen (IO/PZ),1,3,0.333333333333333
Caitlyn/Teemo (BC/PZ),Akshan/Master Yi (IO/SH),1,3,0.333333333333333
Nilah/Twisted Fate (BW/PZ),Mordekaiser/Viego (IO/SI),1,3,0.333333333333333
Mordekaiser/Viego (IO/SI),Elder Dragon (RU/FR),1,3,0.333333333333333
Bard/Norra (BC/RU),Ezreal/Kennen (IO/PZ),1,3,0.333333333333333
Caitlyn/Teemo (BC/PZ),The Poro King (RU/SH),1,3,0.333333333333333
Jinx/Nilah (BW/PZ),Nilah/Twisted Fate (BW/PZ),1,3,0.333333333333333
Annie/Jhin (RU/NX),Elise (PZ/SI),1,3,0.333333333333333
Caitlyn/Teemo (DE/PZ),Lucian/Lux: Illuminated (DE),1,3,0.333333333333333
Ashe/LeBlanc (FR/NX),Ezreal/Nilah (BW/PZ),1,3,0.333333333333333
Annie/Gwen (NX/SI),Mordekaiser/Norra (BC/SI),1,3,0.333333333333333
Rumble/Vayne (DE/NX),Senna/Veigar (BC/SI),1,3,0.333333333333333
Ekko/Janna (PZ/SI),Norra/Swain (BC/NX),1,3,0.333333333333333
Pyke/Rek'Sai (BW/SH),Karma/Seraphine/Sett (IO/PZ),1,3,0.333333333333333
Aurelion Sol/Zoe (MT/PZ),Azir/Irelia (IO/SH),1,3,0.333333333333333
Caitlyn/Teemo (DE/PZ),Ezreal/Seraphine (BC/PZ),1,3,0.333333333333333
Norra/Swain (BC/NX),Caitlyn/Teemo (DE/PZ),1,3,0.333333333333333
Pyke/Rek'Sai (BW/SH),Yasuo (IO/NX),1,3,0.333333333333333
Caitlyn/Teemo (BC/PZ),Teemo (PZ/SI),1,3,0.333333333333333
The Poro King (FR/RU),Elder Dragon/Volibear (RU/FR),1,3,0.333333333333333
Caitlyn/Teemo (BC/PZ),Draven/Jinx (NX/PZ),1,3,0.333333333333333
Ashe/LeBlanc (FR/NX),Draven/Jinx (NX/PZ),1,3,0.333333333333333
Norra/Swain (BC/NX),Draven/Jinx (NX/PZ),1,3,0.333333333333333
Norra/Zoe (BC/MT),Draven/Jinx (NX/PZ),1,3,0.333333333333333
Hecarim (IO/SI),Braum/Yuumi/Zoe (FR/MT),1,3,0.333333333333333
Bard/Norra (BC/RU),Garen/Udyr (DE/FR),1,3,0.333333333333333
Ezreal/Seraphine (BC/PZ),Norra/Swain (BC/NX),1,3,0.333333333333333
Azir/Hecarim (SI/SH),Yasuo (IO/NX),1,3,0.333333333333333
Annie/Jhin (RU/NX),Yasuo (IO/NX),1,3,0.333333333333333
Draven/Jinx (NX/PZ),Kayle (BW/MT),1,3,0.333333333333333
Elder Dragon (RU/FR),Kindred/Nasus (SI/SH),1,3,0.333333333333333
Miss Fortune/Twisted Fate (BW/NX),Aurelion Sol/Elder Dragon (RU/MT),1,3,0.333333333333333
Pyke/Rek'Sai (BW/SH),Gnar/Teemo (BC/PZ),1,3,0.333333333333333
Lissandra (FR/SH),Elder Dragon/Volibear (RU/FR),1,3,0.333333333333333
Azir/Irelia (IO/SH),Taliyah (IO/SH),1,3,0.333333333333333
Jayce/Lux (DE/PZ),Senna/Veigar (BC/SI),1,3,0.333333333333333
Akshan/Jack (BW/SH),Championless (SI),1,3,0.333333333333333
Jayce/Lux (DE/PZ),Morgana/Udyr (DE/FR),1,3,0.333333333333333
Elder Dragon/Volibear (RU/FR),Seraphine/Sett (IO/PZ),1,3,0.333333333333333
Akshan/Seraphine (PZ/SH),Gwen/Mordekaiser (NX/SI),1,3,0.333333333333333
Pyke/Rek'Sai (BW/SH),Azir/Hecarim (SI/SH),1,3,0.333333333333333
Elder Dragon/Shyvana (RU/DE),Azir/Irelia (IO/SH),1,3,0.333333333333333
Annie/Jhin (RU/NX),Zoe (MT/PZ),1,3,0.333333333333333
Illaoi (BW/IO),Azir/Irelia (IO/SH),1,3,0.333333333333333
Kindred/Mordekaiser (BC/SI),Elder Dragon/Volibear (RU/FR),1,3,0.333333333333333
Shyvana/Taric (DE/MT),Championless (SI),1,3,0.333333333333333
Galio/Garen (DE/IO),Fiora (DE/SH),1,3,0.333333333333333
Poppy/Vayne (BC/DE),Maokai/Nautilus (BW/SI),1,3,0.333333333333333
Braum/Zoe (FR/MT),Ashe/LeBlanc (FR/NX),1,3,0.333333333333333
Annie/Jhin (RU/NX),Poppy (BC/NX),1,3,0.333333333333333
Pyke/Rek'Sai (BW/SH),Poppy (BC/NX),1,3,0.333333333333333
Yasuo (IO/NX),Nilah/Twisted Fate (BW/PZ),1,3,0.333333333333333
Championless (PZ/SI),Taric (DE/MT),1,3,0.333333333333333
Lee Sin/Viktor (IO/PZ),Yasuo (IO/NX),1,3,0.333333333333333
Miss Fortune/Twisted Fate (BW/NX),Karma/Sett (IO/PZ),1,3,0.333333333333333
Teemo/Tristana (BC/SI),Azir/Irelia (IO/SH),1,3,0.333333333333333
Elder Dragon/Volibear (RU/FR),Gwen/Katarina (NX/SI),1,3,0.333333333333333
Hecarim/Zed (IO/SI),Caitlyn/Trundle (FR/PZ),1,3,0.333333333333333
Veigar (BC/SI),Championless (SI),1,3,0.333333333333333
Annie/Jhin (RU/NX),Azir/Xerath (SH),1,3,0.333333333333333
Teemo (BC/PZ),Taliyah/Zilean (IO/SH),1,3,0.333333333333333
Rumble/Vayne (DE/NX),Elder Dragon/Volibear (RU/FR),1,3,0.333333333333333
Elise/Kalista (NX/SI),Jax/Vi (RU/PZ),1,3,0.333333333333333
Nilah/Twisted Fate (BW/PZ),Elder Dragon/Lissandra/Trundle (RU/FR),1,3,0.333333333333333
Galio/Garen (DE/IO),Azir/Irelia (IO/SH),1,3,0.333333333333333
Caitlyn/Teemo (BC/PZ),Samira/Sejuani (FR/NX),1,3,0.333333333333333
Braum/Zoe (FR/MT),LeBlanc/Sivir (NX/SH),1,3,0.333333333333333
Braum/The Poro King (FR/RU),Annie/Jhin (RU/NX),1,3,0.333333333333333
Caitlyn/Teemo (BC/PZ),Evelynn/Fizz (BW/RU),1,3,0.333333333333333
Aurelion Sol/Elder Dragon (RU/MT),Bard/Mordekaiser (RU/SI),1,3,0.333333333333333
Braum/Zoe (FR/MT),Evelynn/Fizz (BW/RU),1,3,0.333333333333333
Ashe/Lissandra (FR),Caitlyn/Teemo (BC/PZ),1,3,0.333333333333333
Garen (DE/MT),Nami/Zoe (BW/MT),1,3,0.333333333333333
Janna/Nilah (BW/PZ),Aphelios/Gnar (FR/MT),1,3,0.333333333333333
Aphelios/Norra (BC/MT),The Poro King (FR/RU),1,3,0.333333333333333
Azir (MT/SH),Poppy/Ziggs (BC/NX),1,3,0.333333333333333
Bard/Zoe (RU/MT),Nilah/Twisted Fate (BW/PZ),1,3,0.333333333333333
Yasuo (IO/NX),Ekko/Janna (IO/PZ),1,3,0.333333333333333
Janna/Nilah (BW/PZ),Draven/Jinx (NX/PZ),1,3,0.333333333333333
Championless (SI),Norra/Teemo (BC/PZ),1,3,0.333333333333333
Bard/Norra (BC/RU),Samira/Sejuani (FR/NX),1,3,0.333333333333333
Gnar/Trundle (FR/PZ),Pyke/Rek'Sai (BW/SH),1,3,0.333333333333333
Poppy (BC/NX),Aurelion Sol/Elder Dragon (RU/MT),1,3,0.333333333333333
Katarina/Swain (NX/PZ),Bard/Norra (BC/RU),1,3,0.333333333333333
Gnar/Lux: Illuminated (BC/DE),Pyke/Rek'Sai (BW/SH),1,3,0.333333333333333
Annie/Jhin (RU/NX),Katarina/Taliyah (NX/SH),1,3,0.333333333333333
Karma/Sett (FR/IO),Fiora (DE/SH),1,3,0.333333333333333
Poppy/Ziggs (BC/NX),Poppy (BC/NX),1,3,0.333333333333333
Draven/Seraphine (NX/PZ),Nilah/Twisted Fate (BW/PZ),1,3,0.333333333333333
Evelynn/Fizz (BW/RU),Draven/Seraphine (NX/PZ),1,3,0.333333333333333
Katarina/Taliyah (NX/SH),Kindred/Nasus (SI/SH),1,3,0.333333333333333
Hecarim/Zed (IO/SI),Taliyah/Zilean (IO/SH),0,5,0
Mordekaiser/Norra (BC/SI),Taliyah/Zilean (IO/SH),0,5,0
Elise (FR/SI),Anivia (FR/SI),0,5,0
Ryze (IO/RU),Poppy/Ziggs (BC/NX),0,5,0
Malphite/Yasuo (IO/MT),Championless (SI),0,5,0
Championless (SI),Karma/Sett (FR/IO),0,5,0
Lux: Illuminated/Vex (BC/DE),Elder Dragon/Volibear (RU/FR),0,5,0
Kindred/Mordekaiser (BC/SI),Azir/Irelia (IO/SH),0,5,0
Azir/Irelia (IO/SH),Senna (PZ/SI),0,5,0
Taliyah/Zilean (IO/SH),Hecarim/Zed (IO/SI),5,5,1
Taliyah/Zilean (IO/SH),Mordekaiser/Norra (BC/SI),5,5,1
Anivia (FR/SI),Elise (FR/SI),5,5,1
Poppy/Ziggs (BC/NX),Ryze (IO/RU),5,5,1
Championless (SI),Malphite/Yasuo (IO/MT),5,5,1
Karma/Sett (FR/IO),Championless (SI),5,5,1
Elder Dragon/Volibear (RU/FR),Lux: Illuminated/Vex (BC/DE),5,5,1
Azir/Irelia (IO/SH),Kindred/Mordekaiser (BC/SI),5,5,1
Senna (PZ/SI),Azir/Irelia (IO/SH),5,5,1
Taliyah/Zilean (IO/SH),Maokai/Nautilus (BW/SI),4,4,1
Elder Dragon/Galio/Morgana (RU/DE),Taliyah/Zilean (IO/SH),4,4,1
Elder Dragon/Volibear (RU/FR),Norra/Zoe (BC/MT),4,4,1
Nidalee (BC/SH),Nilah/Twisted Fate (BW/PZ),4,4,1
Annie/Jhin (RU/NX),The Poro King (MT/RU),4,4,1
Braum/Zoe (FR/MT),Norra/Swain (BC/NX),4,4,1
Ashe (FR/PZ),Bard/Norra (BC/RU),4,4,1
Elder Dragon/Volibear (RU/FR),Aphelios/Viktor (MT/PZ),4,4,1
Annie/Gwen (NX/SI),Ashe/LeBlanc (FR/NX),4,4,1
Miss Fortune/Quinn (BW/DE),Pyke/Rek'Sai (BW/SH),4,4,1
Maokai/Nautilus (BW/SI),Nasus/Senna (SI/SH),4,4,1
Gangplank/Twisted Fate (BW/NX),Azir/Irelia (IO/SH),4,4,1
Annie/Jhin (RU/NX),Swain/Yasuo (IO/NX),4,4,1
Championless (SI),Hecarim/Zed (IO/SI),4,4,1
Pyke/Rek'Sai (BW/SH),Teemo (BC/PZ),4,4,1
Azir/Irelia (IO/SH),Jarvan IV/Shen (DE/IO),4,4,1
Karma/Sett (FR/IO),Maokai/Nautilus (BW/SI),4,4,1
Yasuo (IO/NX),Azir/Irelia (IO/SH),4,4,1
Aurelion Sol/Elder Dragon (RU/MT),Azir/Xerath (SH),4,4,1
Elder Dragon/Volibear (RU/FR),Elder Dragon/Shyvana (RU/DE),4,4,1
Poppy (BC/NX),Nilah/Twisted Fate (BW/PZ),4,4,1
Poppy (BC/NX),Elder Dragon/Volibear (RU/FR),4,4,1
Draven/Seraphine (NX/PZ),Aphelios/Gnar (FR/MT),4,4,1
Maokai/Nautilus (BW/SI),Taliyah/Zilean (IO/SH),0,4,0
Taliyah/Zilean (IO/SH),Elder Dragon/Galio/Morgana (RU/DE),0,4,0
Norra/Zoe (BC/MT),Elder Dragon/Volibear (RU/FR),0,4,0
Nilah/Twisted Fate (BW/PZ),Nidalee (BC/SH),0,4,0
The Poro King (MT/RU),Annie/Jhin (RU/NX),0,4,0
Norra/Swain (BC/NX),Braum/Zoe (FR/MT),0,4,0
Bard/Norra (BC/RU),Ashe (FR/PZ),0,4,0
Aphelios/Viktor (MT/PZ),Elder Dragon/Volibear (RU/FR),0,4,0
Ashe/LeBlanc (FR/NX),Annie/Gwen (NX/SI),0,4,0
Pyke/Rek'Sai (BW/SH),Miss Fortune/Quinn (BW/DE),0,4,0
Nasus/Senna (SI/SH),Maokai/Nautilus (BW/SI),0,4,0
Azir/Irelia (IO/SH),Gangplank/Twisted Fate (BW/NX),0,4,0
Swain/Yasuo (IO/NX),Annie/Jhin (RU/NX),0,4,0
Hecarim/Zed (IO/SI),Championless (SI),0,4,0
Teemo (BC/PZ),Pyke/Rek'Sai (BW/SH),0,4,0
Jarvan IV/Shen (DE/IO),Azir/Irelia (IO/SH),0,4,0
Maokai/Nautilus (BW/SI),Karma/Sett (FR/IO),0,4,0
Azir/Irelia (IO/SH),Yasuo (IO/NX),0,4,0
Azir/Xerath (SH),Aurelion Sol/Elder Dragon (RU/MT),0,4,0
Elder Dragon/Shyvana (RU/DE),Elder Dragon/Volibear (RU/FR),0,4,0
Nilah/Twisted Fate (BW/PZ),Poppy (BC/NX),0,4,0
Elder Dragon/Volibear (RU/FR),Poppy (BC/NX),0,4,0
Aphelios/Gnar (FR/MT),Draven/Seraphine (NX/PZ),0,4,0
Azir/Irelia (IO/SH),Taliyah/Zilean (IO/SH),14,20,0.7
Elder Dragon/Volibear (RU/FR),Nilah/Twisted Fate (BW/PZ),14,20,0.7
Taliyah/Zilean (IO/SH),Azir/Irelia (IO/SH),6,20,0.3
Nilah/Twisted Fate (BW/PZ),Elder Dragon/Volibear (RU/FR),6,20,0.3
Braum/Vladimir (FR/NX),Taliyah/Zilean (IO/SH),0,3,0
Morgana/Udyr (DE/FR),Lee Sin/Viktor (IO/PZ),0,3,0
Nasus/Thresh (SI/SH),Akshan/Lee Sin (IO/SH),0,3,0
Akshan/Varus (SH/RU),Aphelios/Viktor (MT/PZ),0,3,0
Nasus/Thresh (SI/SH),Kayle (BW/MT),0,3,0
Kayle (BW/MT),Senna/Veigar (BC/SI),0,3,0
Gwen/Zed (IO/SI),Master Yi/Zilean (IO/SH),0,3,0
Jack/Sett (BW/IO),Elder Dragon/Volibear (RU/FR),0,3,0
Elder Dragon/Volibear (RU/FR),Rek'Sai (BW/SH),0,3,0
Akshan/Varus (SH/RU),Jax/Vayne (DE/RU),0,3,0
Braum/Galio (DE/FR),Nilah/Twisted Fate (BW/PZ),0,3,0
Elder Dragon/Volibear (RU/FR),Galio/Jarvan IV/Udyr (DE/FR),0,3,0
Elder Dragon/Lissandra/Trundle (RU/FR),Championless (SI),0,3,0
Maokai/Nautilus (BW/SI),Azir/Xerath (SH),0,3,0
Bard/Norra (BC/RU),Azir/Irelia (IO/SH),0,3,0
Azir/Irelia (IO/SH),Ashe/Vex (BC/FR),0,3,0
Elder Dragon/Norra (RU/BC),Master Yi/Zilean (IO/SH),0,3,0
Elder Dragon/Volibear (RU/FR),Master Yi/Zilean (IO/SH),0,3,0
Annie/Jhin (RU/NX),Nidalee (BC/SH),0,3,0
Taliyah/Zilean (IO/SH),Pyke/Rek'Sai (BW/SH),0,3,0
Draven/Jinx (NX/PZ),Aatrox/Kayn (RU/RU),0,3,0
Evelynn/Kai'Sa (RU/SH),Pyke/Rek'Sai (BW/SH),0,3,0
Caitlyn/Teemo (BC/PZ),Championless (SI),0,3,0
Jack/Sett (BW/IO),Poppy/Ziggs (BC/NX),0,3,0
Bard/Norra (BC/RU),The Poro King (MT/RU),0,3,0
Fiora (DE/FR),Elder Dragon/Volibear (RU/FR),0,3,0
Mordekaiser/Norra (BC/SI),Elder Dragon/Morgana/Shyvana (RU/DE),0,3,0
Bard/Norra (BC/RU),Fizz/Nidalee (BC/SH),0,3,0
Elder Dragon/Volibear (RU/FR),Nidalee (BC/SH),0,3,0
The Poro King (FR/RU),Elise (NX/SI),0,3,0
Annie/Miss Fortune (BW/NX),Nilah/Twisted Fate (BW/PZ),0,3,0
Ashe (FR/PZ),Fizz/Samira (BW/NX),0,3,0
Miss Fortune/Quinn (BW/DE),Norra/Swain (BC/NX),0,3,0
Braum/Master Yi (FR/IO),Pyke/Rek'Sai (BW/SH),0,3,0
Teemo (BC/PZ),Nidalee (BC/SH),0,3,0
Lux: Illuminated/Zed (DE/IO),Ashe/Gnar (FR),0,3,0
Maokai/Nautilus (BW/SI),Lux: Illuminated/Vex (BC/DE),0,3,0
Poppy/Ziggs (BC/NX),Draven/Jinx (NX/PZ),0,3,0
Pyke/Rek'Sai (BW/SH),Gangplank/Sejuani (BW/FR),0,3,0
Championless (SI),Gangplank/Sejuani (BW/FR),0,3,0
Malphite/Yasuo (IO/MT),Ashe (FR/PZ),0,3,0
Gwen/LeBlanc (NX/SI),Akshan/Varus (SH/RU),0,3,0
Braum/Vladimir (FR/NX),Akshan/Varus (SH/RU),0,3,0
Caitlyn/Teemo (BC/PZ),Elder Dragon/Galio/Morgana (RU/DE),0,3,0
Ezreal/Seraphine (BC/PZ),Teemo/Zoe (MT/PZ),0,3,0
Teemo/Zoe (MT/PZ),Karma/Sett (FR/IO),0,3,0
Malphite/Taliyah (MT/SH),Annie/Jhin (RU/NX),0,3,0
Elder Dragon/Norra/Vex (RU/BC),Championless (SI),0,3,0
Aatrox/Kayn (RU/RU),Championless (SI),0,3,0
Ashe/Caitlyn (FR/PZ),Kayle (BW/MT),0,3,0
Caitlyn/Teemo (BC/PZ),Gwen/Katarina (NX/SI),0,3,0
Caitlyn/Teemo (BC/PZ),Lux: Illuminated/Vex (BC/DE),0,3,0
Hecarim/Zed (IO/SI),Aphelios/Zoe (MT/PZ),0,3,0
Taliyah (BC/SH),Annie/Jhin (RU/NX),0,3,0
Ezreal/Nilah (BW/PZ),Elder Dragon/Morgana (RU/DE),0,3,0
Kayle (BW/MT),Braum/Vladimir (FR/NX),0,3,0
Braum/Vladimir (FR/NX),Braum/Lillia (FR/IO),0,3,0
Akshan/Varus (SH/RU),Annie/Jhin (RU/NX),0,3,0
Seraphine/Zoe (MT/PZ),Caitlyn/Teemo (BC/PZ),0,3,0
Ashe (FR/PZ),Ezreal/Seraphine (BC/PZ),0,3,0
Bard/Mordekaiser (RU/SI),Elise (NX/SI),0,3,0
Teemo (BC/PZ),Azir/Irelia (IO/SH),0,3,0
Swain/Yasuo (IO/NX),Norra/Zoe (BC/MT),0,3,0
Akshan/Lee Sin (IO/SH),Mordekaiser/Viego (IO/SI),0,3,0
Caitlyn/Teemo (BC/PZ),Braum/The Poro King (FR/RU),0,3,0
Jax/Ornn (FR/RU),Azir/Irelia (IO/SH),0,3,0
Soraka/Tahm Kench (BW/MT),Elder Dragon/Volibear (RU/FR),0,3,0
Hecarim (IO/SI),Braum/Zoe (FR/MT),0,3,0
Ashe/LeBlanc (FR/NX),Nilah/Twisted Fate (BW/PZ),0,3,0
Aurelion Sol/Elder Dragon (RU/MT),Championless (SI),0,3,0
Ryze (IO/RU),Nilah/Twisted Fate (BW/PZ),0,3,0
Championless (BW/PZ),Caitlyn/Teemo (BC/PZ),0,3,0
Mordekaiser/Norra (BC/SI),Ryze (IO/RU),0,3,0
Ezreal/Seraphine (PZ/SI),Caitlyn/Teemo (BC/PZ),0,3,0
Azir/Xerath (SH),Karma/Sett (FR/IO),0,3,0
Norra (BC/SI),Karma/Sett (FR/IO),0,3,0
Aatrox/Kayn (RU/RU),Poppy/Ziggs (BC/NX),0,3,0
Azir/Renekton (SH),Poppy/Ziggs (BC/NX),0,3,0
LeBlanc/Sion (NX/SI),Kayle (BW/MT),0,3,0
Norra/Teemo (BC/SI),Elder Dragon/Volibear (RU/FR),0,3,0
Braum/Lillia (FR/IO),Senna/Veigar (BC/SI),0,3,0
Lee Sin/Shen (IO/SI),Draven/Jinx (NX/PZ),0,3,0
Kindred/Mordekaiser (BC/SI),Championless (SI),0,3,0
Karma/Seraphine (IO/PZ),Nasus/Thresh (SI/SH),0,3,0
Aurelion Sol/Trundle (FR/MT),Azir/Irelia (IO/SH),0,3,0
Championless (DE/PZ),Jack/Sett (BW/IO),0,3,0
Annie/Jhin (RU/NX),Miss Fortune/Twisted Fate (BW/NX),0,3,0
Morgana (MT/PZ),Caitlyn/Trundle (FR/PZ),0,3,0
Gnar/Neeko (FR/RU),Elder Dragon/Viego (RU/SI),0,3,0
Caitlyn/Trundle (FR/PZ),Elder Dragon/Volibear (RU/FR),0,3,0
Ashe (FR/PZ),Aphelios/Norra (BC/MT),0,3,0
Zoe (DE/MT),Draven/Seraphine (NX/PZ),0,3,0
Elise (FR/SI),Braum/Zoe (FR/MT),0,3,0
Azir/Irelia (IO/SH),Fiora (DE/SH),0,3,0
Bard/Norra (BC/RU),Evelynn/Fizz (BW/RU),0,3,0
Gnar/Trundle (FR/PZ),Elder Dragon/Volibear (RU/FR),0,3,0
Samira (BW/NX),Pyke/Rek'Sai (BW/SH),0,3,0
Nilah/Twisted Fate (BW/PZ),Aphelios/Seraphine (MT/PZ),0,3,0
Taliyah/Zilean (IO/SH),Braum/Vladimir (FR/NX),3,3,1
Lee Sin/Viktor (IO/PZ),Morgana/Udyr (DE/FR),3,3,1
Akshan/Lee Sin (IO/SH),Nasus/Thresh (SI/SH),3,3,1
Aphelios/Viktor (MT/PZ),Akshan/Varus (SH/RU),3,3,1
Kayle (BW/MT),Nasus/Thresh (SI/SH),3,3,1
Senna/Veigar (BC/SI),Kayle (BW/MT),3,3,1
Master Yi/Zilean (IO/SH),Gwen/Zed (IO/SI),3,3,1
Elder Dragon/Volibear (RU/FR),Jack/Sett (BW/IO),3,3,1
Rek'Sai (BW/SH),Elder Dragon/Volibear (RU/FR),3,3,1
Jax/Vayne (DE/RU),Akshan/Varus (SH/RU),3,3,1
Nilah/Twisted Fate (BW/PZ),Braum/Galio (DE/FR),3,3,1
Galio/Jarvan IV/Udyr (DE/FR),Elder Dragon/Volibear (RU/FR),3,3,1
Championless (SI),Elder Dragon/Lissandra/Trundle (RU/FR),3,3,1
Azir/Xerath (SH),Maokai/Nautilus (BW/SI),3,3,1
Azir/Irelia (IO/SH),Bard/Norra (BC/RU),3,3,1
Ashe/Vex (BC/FR),Azir/Irelia (IO/SH),3,3,1
Master Yi/Zilean (IO/SH),Elder Dragon/Norra (RU/BC),3,3,1
Master Yi/Zilean (IO/SH),Elder Dragon/Volibear (RU/FR),3,3,1
Nidalee (BC/SH),Annie/Jhin (RU/NX),3,3,1
Pyke/Rek'Sai (BW/SH),Taliyah/Zilean (IO/SH),3,3,1
Aatrox/Kayn (RU/RU),Draven/Jinx (NX/PZ),3,3,1
Pyke/Rek'Sai (BW/SH),Evelynn/Kai'Sa (RU/SH),3,3,1
Championless (SI),Caitlyn/Teemo (BC/PZ),3,3,1
Poppy/Ziggs (BC/NX),Jack/Sett (BW/IO),3,3,1
The Poro King (MT/RU),Bard/Norra (BC/RU),3,3,1
Elder Dragon/Volibear (RU/FR),Fiora (DE/FR),3,3,1
Elder Dragon/Morgana/Shyvana (RU/DE),Mordekaiser/Norra (BC/SI),3,3,1
Fizz/Nidalee (BC/SH),Bard/Norra (BC/RU),3,3,1
Nidalee (BC/SH),Elder Dragon/Volibear (RU/FR),3,3,1
Elise (NX/SI),The Poro King (FR/RU),3,3,1
Nilah/Twisted Fate (BW/PZ),Annie/Miss Fortune (BW/NX),3,3,1
Fizz/Samira (BW/NX),Ashe (FR/PZ),3,3,1
Norra/Swain (BC/NX),Miss Fortune/Quinn (BW/DE),3,3,1
Pyke/Rek'Sai (BW/SH),Braum/Master Yi (FR/IO),3,3,1
Nidalee (BC/SH),Teemo (BC/PZ),3,3,1
Ashe/Gnar (FR),Lux: Illuminated/Zed (DE/IO),3,3,1
Lux: Illuminated/Vex (BC/DE),Maokai/Nautilus (BW/SI),3,3,1
Draven/Jinx (NX/PZ),Poppy/Ziggs (BC/NX),3,3,1
Gangplank/Sejuani (BW/FR),Pyke/Rek'Sai (BW/SH),3,3,1
Gangplank/Sejuani (BW/FR),Championless (SI),3,3,1
Ashe (FR/PZ),Malphite/Yasuo (IO/MT),3,3,1
Akshan/Varus (SH/RU),Gwen/LeBlanc (NX/SI),3,3,1
Akshan/Varus (SH/RU),Braum/Vladimir (FR/NX),3,3,1
Elder Dragon/Galio/Morgana (RU/DE),Caitlyn/Teemo (BC/PZ),3,3,1
Teemo/Zoe (MT/PZ),Ezreal/Seraphine (BC/PZ),3,3,1
Karma/Sett (FR/IO),Teemo/Zoe (MT/PZ),3,3,1
Annie/Jhin (RU/NX),Malphite/Taliyah (MT/SH),3,3,1
Championless (SI),Elder Dragon/Norra/Vex (RU/BC),3,3,1
Championless (SI),Aatrox/Kayn (RU/RU),3,3,1
Kayle (BW/MT),Ashe/Caitlyn (FR/PZ),3,3,1
Gwen/Katarina (NX/SI),Caitlyn/Teemo (BC/PZ),3,3,1
Lux: Illuminated/Vex (BC/DE),Caitlyn/Teemo (BC/PZ),3,3,1
Aphelios/Zoe (MT/PZ),Hecarim/Zed (IO/SI),3,3,1
Annie/Jhin (RU/NX),Taliyah (BC/SH),3,3,1
Elder Dragon/Morgana (RU/DE),Ezreal/Nilah (BW/PZ),3,3,1
Braum/Vladimir (FR/NX),Kayle (BW/MT),3,3,1
Braum/Lillia (FR/IO),Braum/Vladimir (FR/NX),3,3,1
Annie/Jhin (RU/NX),Akshan/Varus (SH/RU),3,3,1
Caitlyn/Teemo (BC/PZ),Seraphine/Zoe (MT/PZ),3,3,1
Ezreal/Seraphine (BC/PZ),Ashe (FR/PZ),3,3,1
Elise (NX/SI),Bard/Mordekaiser (RU/SI),3,3,1
Azir/Irelia (IO/SH),Teemo (BC/PZ),3,3,1
Norra/Zoe (BC/MT),Swain/Yasuo (IO/NX),3,3,1
Mordekaiser/Viego (IO/SI),Akshan/Lee Sin (IO/SH),3,3,1
Braum/The Poro King (FR/RU),Caitlyn/Teemo (BC/PZ),3,3,1
Azir/Irelia (IO/SH),Jax/Ornn (FR/RU),3,3,1
Elder Dragon/Volibear (RU/FR),Soraka/Tahm Kench (BW/MT),3,3,1
Braum/Zoe (FR/MT),Hecarim (IO/SI),3,3,1
Nilah/Twisted Fate (BW/PZ),Ashe/LeBlanc (FR/NX),3,3,1
Championless (SI),Aurelion Sol/Elder Dragon (RU/MT),3,3,1
Nilah/Twisted Fate (BW/PZ),Ryze (IO/RU),3,3,1
Caitlyn/Teemo (BC/PZ),Championless (BW/PZ),3,3,1
Ryze (IO/RU),Mordekaiser/Norra (BC/SI),3,3,1
Caitlyn/Teemo (BC/PZ),Ezreal/Seraphine (PZ/SI),3,3,1
Karma/Sett (FR/IO),Azir/Xerath (SH),3,3,1
Karma/Sett (FR/IO),Norra (BC/SI),3,3,1
Poppy/Ziggs (BC/NX),Aatrox/Kayn (RU/RU),3,3,1
Poppy/Ziggs (BC/NX),Azir/Renekton (SH),3,3,1
Kayle (BW/MT),LeBlanc/Sion (NX/SI),3,3,1
Elder Dragon/Volibear (RU/FR),Norra/Teemo (BC/SI),3,3,1
Senna/Veigar (BC/SI),Braum/Lillia (FR/IO),3,3,1
Draven/Jinx (NX/PZ),Lee Sin/Shen (IO/SI),3,3,1
Championless (SI),Kindred/Mordekaiser (BC/SI),3,3,1
Nasus/Thresh (SI/SH),Karma/Seraphine (IO/PZ),3,3,1
Azir/Irelia (IO/SH),Aurelion Sol/Trundle (FR/MT),3,3,1
Jack/Sett (BW/IO),Championless (DE/PZ),3,3,1
Miss Fortune/Twisted Fate (BW/NX),Annie/Jhin (RU/NX),3,3,1
Caitlyn/Trundle (FR/PZ),Morgana (MT/PZ),3,3,1
Elder Dragon/Viego (RU/SI),Gnar/Neeko (FR/RU),3,3,1
Elder Dragon/Volibear (RU/FR),Caitlyn/Trundle (FR/PZ),3,3,1
Aphelios/Norra (BC/MT),Ashe (FR/PZ),3,3,1
Draven/Seraphine (NX/PZ),Zoe (DE/MT),3,3,1
Braum/Zoe (FR/MT),Elise (FR/SI),3,3,1
Fiora (DE/SH),Azir/Irelia (IO/SH),3,3,1
Evelynn/Fizz (BW/RU),Bard/Norra (BC/RU),3,3,1
Elder Dragon/Volibear (RU/FR),Gnar/Trundle (FR/PZ),3,3,1
Pyke/Rek'Sai (BW/SH),Samira (BW/NX),3,3,1
Aphelios/Seraphine (MT/PZ),Nilah/Twisted Fate (BW/PZ),3,3,1
Taliyah/Zilean (IO/SH),Poppy/Ziggs (BC/NX),1,6,0.166666666666667
Maokai/Nautilus (BW/SI),Caitlyn/Teemo (BC/PZ),1,6,0.166666666666667
Karma/Sett (FR/IO),Nilah/Twisted Fate (BW/PZ),1,6,0.166666666666667
Pyke/Rek'Sai (BW/SH),Elder Dragon/Norra (RU/BC),1,6,0.166666666666667
Caitlyn/Teemo (BC/PZ),Caitlyn/Teemo (FR/PZ),1,6,0.166666666666667
Azir/Irelia (IO/SH),Annie/Gwen (NX/SI),1,6,0.166666666666667
Azir/Xerath (SH),Nilah/Twisted Fate (BW/PZ),1,6,0.166666666666667
Nilah/Twisted Fate (BW/PZ),The Poro King (MT/RU),1,6,0.166666666666667
Azir/Irelia (IO/SH),Norra/Swain (BC/NX),1,6,0.166666666666667
Championless (SI),Akshan/Lee Sin (IO/SH),1,6,0.166666666666667
Annie/Jhin (RU/NX),Senna (PZ/SI),1,6,0.166666666666667
Poppy/Ziggs (BC/NX),Taliyah/Zilean (IO/SH),5,6,0.833333333333333
Caitlyn/Teemo (BC/PZ),Maokai/Nautilus (BW/SI),5,6,0.833333333333333
Nilah/Twisted Fate (BW/PZ),Karma/Sett (FR/IO),5,6,0.833333333333333
Elder Dragon/Norra (RU/BC),Pyke/Rek'Sai (BW/SH),5,6,0.833333333333333
Caitlyn/Teemo (FR/PZ),Caitlyn/Teemo (BC/PZ),5,6,0.833333333333333
Annie/Gwen (NX/SI),Azir/Irelia (IO/SH),5,6,0.833333333333333
Nilah/Twisted Fate (BW/PZ),Azir/Xerath (SH),5,6,0.833333333333333
The Poro King (MT/RU),Nilah/Twisted Fate (BW/PZ),5,6,0.833333333333333
Norra/Swain (BC/NX),Azir/Irelia (IO/SH),5,6,0.833333333333333
Akshan/Lee Sin (IO/SH),Championless (SI),5,6,0.833333333333333
Senna (PZ/SI),Annie/Jhin (RU/NX),5,6,0.833333333333333
Taliyah/Zilean (IO/SH),Annie/Jhin (RU/NX),4,8,0.5
Annie/Jhin (RU/NX),Taliyah/Zilean (IO/SH),4,8,0.5
Maokai/Nautilus (BW/SI),Elder Dragon/Volibear (RU/FR),4,8,0.5
Elder Dragon/Volibear (RU/FR),Maokai/Nautilus (BW/SI),4,8,0.5
Karma/Sett (FR/IO),Karma/Sett (FR/IO),4,8,0.5
Fizz/Samira (BW/NX),Annie/Jhin (RU/NX),4,8,0.5
Annie/Jhin (RU/NX),Fizz/Samira (BW/NX),4,8,0.5
Malphite/Yasuo (IO/MT),Malphite/Yasuo (IO/MT),4,8,0.5
Kayle (BW/MT),Kayle (BW/MT),4,8,0.5
Elder Dragon/Volibear (RU/FR),Azir/Renekton (SH),4,8,0.5
Azir/Renekton (SH),Elder Dragon/Volibear (RU/FR),4,8,0.5
Elder Dragon/Volibear (RU/FR),Yasuo (IO/NX),4,8,0.5
Yasuo (IO/NX),Elder Dragon/Volibear (RU/FR),4,8,0.5
Elder Dragon/Volibear (RU/FR),Braum/The Poro King (FR/RU),4,8,0.5
Braum/The Poro King (FR/RU),Elder Dragon/Volibear (RU/FR),4,8,0.5
Elder Dragon/Volibear (RU/FR),Galio/Garen (DE/IO),4,8,0.5
Galio/Garen (DE/IO),Elder Dragon/Volibear (RU/FR),4,8,0.5
Elder Dragon/Volibear (RU/FR),Taliyah/Zilean (IO/SH),10,15,0.666666666666667
Taliyah/Zilean (IO/SH),Elder Dragon/Volibear (RU/FR),5,15,0.333333333333333
Akshan/Varus (SH/RU),Lee Sin/Viktor (IO/PZ),1,4,0.25
Annie/Jhin (RU/NX),Elise (NX/SI),1,4,0.25
Elise (NX/SI),Azir/Irelia (IO/SH),1,4,0.25
Anivia (FR/SI),Caitlyn/Teemo (FR/PZ),1,4,0.25
Ezreal/Seraphine (BC/PZ),Pyke/Rek'Sai (BW/SH),1,4,0.25
Taliyah/Zilean (IO/SH),Nilah/Twisted Fate (BW/PZ),1,4,0.25
Hecarim/Zed (IO/SI),Braum/Zoe (FR/MT),1,4,0.25
Taliyah/Zilean (IO/SH),Elder Dragon/Norra (RU/BC),1,4,0.25
Karma/Sett (IO/PZ),Elder Dragon/Volibear (RU/FR),1,4,0.25
Nasus/Renekton (SH),Elder Dragon/Volibear (RU/FR),1,4,0.25
Elder Dragon/Volibear (RU/FR),Gangplank/Sejuani (BW/FR),1,4,0.25
Elder Dragon/Norra (RU/BC),Akshan/Morgana/Taliyah (DE/SH),1,4,0.25
Gnar/Gwen (FR/SI),Aphelios/Viktor (MT/PZ),1,4,0.25
Championless (SI),Elise (NX/SI),1,4,0.25
Taliyah/Zilean (IO/SH),Azir/Xerath (SH),1,4,0.25
Gangplank/Gnar/Miss Fortune (BC/BW),Nidalee (BC/SH),1,4,0.25
Caitlyn/Teemo (BC/PZ),Azir/Hecarim (SI/SH),1,4,0.25
Maokai/Nautilus (BW/SI),Maokai (BW/SI),1,4,0.25
Aatrox/Kayn (RU/RU),Elder Dragon/Volibear (RU/FR),1,4,0.25
Lux: Illuminated/Zed (DE/IO),Braum/Zoe (FR/MT),1,4,0.25
Norra (BC/PZ),Evelynn/Kai'Sa (RU/SH),1,4,0.25
Norra (BC/PZ),Pyke/Rek'Sai (BW/SH),1,4,0.25
Bard/Norra (BC/RU),Norra/Zoe (BC/MT),1,4,0.25
Gwen/Irelia (IO/SI),Braum/Zoe (FR/MT),1,4,0.25
Annie/Jhin (RU/NX),Ashe/LeBlanc (FR/NX),1,4,0.25
Ashe/LeBlanc (FR/NX),Bard/Norra (BC/RU),1,4,0.25
Norra/Zoe (BC/MT),Azir/Irelia (IO/SH),1,4,0.25
Akshan/Ekko (PZ/SH),Fizz/Samira (BW/NX),1,4,0.25
Ashe/LeBlanc (FR/NX),Hecarim/Zed (IO/SI),1,4,0.25
Poppy/Ziggs (BC/NX),Heimerdinger/Jayce (PZ/SI),1,4,0.25
Caitlyn/Teemo (FR/PZ),Ashe/LeBlanc (FR/NX),1,4,0.25
Braum/Zoe (FR/MT),Fiora/Shen (DE/IO),1,4,0.25
Gwen/Irelia (IO/SI),Annie/Jhin (RU/NX),1,4,0.25
Hecarim/Zed (IO/SI),Nilah/Twisted Fate (BW/PZ),1,4,0.25
Elder Dragon/Morgana (RU/DE),Annie/Jhin (RU/NX),1,4,0.25
Championless (SI),Braum/Lillia (FR/IO),1,4,0.25
Championless (SI),Aphelios/Viktor (MT/PZ),1,4,0.25
Malphite/Yasuo (IO/MT),Ashe/LeBlanc (FR/NX),1,4,0.25
Maokai/Nautilus (BW/SI),Lee Sin/Viktor (IO/PZ),1,4,0.25
Elder Dragon/Volibear (RU/FR),Rumble/Sion (BC/NX),1,4,0.25
Bard/Mordekaiser (RU/SI),Annie/Jhin (RU/NX),1,4,0.25
Jack/Sett (BW/IO),Pyke/Rek'Sai (BW/SH),1,4,0.25
Elder Dragon/Volibear (RU/FR),Kayle (BW/MT),1,4,0.25
Elder Dragon/Lissandra/Volibear (RU/FR),Pyke/Rek'Sai (BW/SH),1,4,0.25
Janna/Nilah (BW/PZ),Evelynn/Kai'Sa (RU/SH),1,4,0.25
Evelynn/Kai'Sa (RU/SH),The Poro King (RU/SH),1,4,0.25
Championless (SI),Zoe (FR/MT),1,4,0.25
Ashe (FR/PZ),Ezreal/Nilah (BW/PZ),1,4,0.25
Caitlyn/Teemo (BC/PZ),Irelia/Quinn (DE/IO),1,4,0.25
Braum/Zoe (FR/MT),Elder Dragon/Norra (RU/BC),1,4,0.25
Nilah/Twisted Fate (BW/PZ),Norra/Teemo (BC/PZ),1,4,0.25
Caitlyn/Teemo (BC/PZ),Garen/Udyr (DE/FR),1,4,0.25
Senna/Veigar (BC/SI),Heimerdinger/Viktor (IO/PZ),1,4,0.25
Elder Dragon/Norra (RU/BC),Poppy/Ziggs (BC/NX),1,4,0.25
Aphelios/Gnar (FR/MT),Annie/Jhin (RU/NX),1,4,0.25
Norra/Teemo (BC/PZ),Elder Dragon/Volibear (RU/FR),1,4,0.25
Aurelion Sol/Elder Dragon (RU/MT),Annie/Jhin (RU/NX),1,4,0.25
Shyvana/Taric (DE/MT),Kayle (BW/MT),1,4,0.25
Senna (PZ/SI),Pyke/Rek'Sai (BW/SH),1,4,0.25
Pyke/Rek'Sai (BW/SH),Ezreal/Swain (NX/PZ),1,4,0.25
Elder Dragon/Lissandra/Trundle (RU/FR),Azir/Irelia (IO/SH),1,4,0.25
Ezreal/Seraphine (BC/PZ),Senna (PZ/SI),1,4,0.25
Elise (FR/SI),Elder Dragon/Volibear (RU/FR),1,4,0.25
Mordekaiser/Viego (SI/SH),Azir/Irelia (IO/SH),1,4,0.25
Annie/Jhin/Swain (RU/NX),Azir/Irelia (IO/SH),1,4,0.25
Azir/Irelia (IO/SH),Norra/Teemo (BC/SI),1,4,0.25
Jax/Vi (RU/PZ),Draven/Jinx (NX/PZ),1,4,0.25
Katarina/Lucian (DE/NX),Azir/Irelia (IO/SH),1,4,0.25
Ezreal/Swain (NX/PZ),Senna (PZ/SI),1,4,0.25
Caitlyn/Trundle (FR/PZ),Azir/Irelia (IO/SH),1,4,0.25
Senna/Veigar (BC/SI),Ezreal/Senna (PZ/SI),1,4,0.25
Lee Sin/Viktor (IO/PZ),Akshan/Varus (SH/RU),3,4,0.75
Elise (NX/SI),Annie/Jhin (RU/NX),3,4,0.75
Azir/Irelia (IO/SH),Elise (NX/SI),3,4,0.75
Caitlyn/Teemo (FR/PZ),Anivia (FR/SI),3,4,0.75
Pyke/Rek'Sai (BW/SH),Ezreal/Seraphine (BC/PZ),3,4,0.75
Nilah/Twisted Fate (BW/PZ),Taliyah/Zilean (IO/SH),3,4,0.75
Braum/Zoe (FR/MT),Hecarim/Zed (IO/SI),3,4,0.75
Elder Dragon/Norra (RU/BC),Taliyah/Zilean (IO/SH),3,4,0.75
Elder Dragon/Volibear (RU/FR),Karma/Sett (IO/PZ),3,4,0.75
Elder Dragon/Volibear (RU/FR),Nasus/Renekton (SH),3,4,0.75
Gangplank/Sejuani (BW/FR),Elder Dragon/Volibear (RU/FR),3,4,0.75
Akshan/Morgana/Taliyah (DE/SH),Elder Dragon/Norra (RU/BC),3,4,0.75
Aphelios/Viktor (MT/PZ),Gnar/Gwen (FR/SI),3,4,0.75
Elise (NX/SI),Championless (SI),3,4,0.75
Azir/Xerath (SH),Taliyah/Zilean (IO/SH),3,4,0.75
Nidalee (BC/SH),Gangplank/Gnar/Miss Fortune (BC/BW),3,4,0.75
Azir/Hecarim (SI/SH),Caitlyn/Teemo (BC/PZ),3,4,0.75
Maokai (BW/SI),Maokai/Nautilus (BW/SI),3,4,0.75
Elder Dragon/Volibear (RU/FR),Aatrox/Kayn (RU/RU),3,4,0.75
Braum/Zoe (FR/MT),Lux: Illuminated/Zed (DE/IO),3,4,0.75
Evelynn/Kai'Sa (RU/SH),Norra (BC/PZ),3,4,0.75
Pyke/Rek'Sai (BW/SH),Norra (BC/PZ),3,4,0.75
Norra/Zoe (BC/MT),Bard/Norra (BC/RU),3,4,0.75
Braum/Zoe (FR/MT),Gwen/Irelia (IO/SI),3,4,0.75
Ashe/LeBlanc (FR/NX),Annie/Jhin (RU/NX),3,4,0.75
Bard/Norra (BC/RU),Ashe/LeBlanc (FR/NX),3,4,0.75
Azir/Irelia (IO/SH),Norra/Zoe (BC/MT),3,4,0.75
Fizz/Samira (BW/NX),Akshan/Ekko (PZ/SH),3,4,0.75
Hecarim/Zed (IO/SI),Ashe/LeBlanc (FR/NX),3,4,0.75
Heimerdinger/Jayce (PZ/SI),Poppy/Ziggs (BC/NX),3,4,0.75
Ashe/LeBlanc (FR/NX),Caitlyn/Teemo (FR/PZ),3,4,0.75
Fiora/Shen (DE/IO),Braum/Zoe (FR/MT),3,4,0.75
Annie/Jhin (RU/NX),Gwen/Irelia (IO/SI),3,4,0.75
Nilah/Twisted Fate (BW/PZ),Hecarim/Zed (IO/SI),3,4,0.75
Annie/Jhin (RU/NX),Elder Dragon/Morgana (RU/DE),3,4,0.75
Braum/Lillia (FR/IO),Championless (SI),3,4,0.75
Aphelios/Viktor (MT/PZ),Championless (SI),3,4,0.75
Ashe/LeBlanc (FR/NX),Malphite/Yasuo (IO/MT),3,4,0.75
Lee Sin/Viktor (IO/PZ),Maokai/Nautilus (BW/SI),3,4,0.75
Rumble/Sion (BC/NX),Elder Dragon/Volibear (RU/FR),3,4,0.75
Annie/Jhin (RU/NX),Bard/Mordekaiser (RU/SI),3,4,0.75
Pyke/Rek'Sai (BW/SH),Jack/Sett (BW/IO),3,4,0.75
Kayle (BW/MT),Elder Dragon/Volibear (RU/FR),3,4,0.75
Pyke/Rek'Sai (BW/SH),Elder Dragon/Lissandra/Volibear (RU/FR),3,4,0.75
Evelynn/Kai'Sa (RU/SH),Janna/Nilah (BW/PZ),3,4,0.75
The Poro King (RU/SH),Evelynn/Kai'Sa (RU/SH),3,4,0.75
Zoe (FR/MT),Championless (SI),3,4,0.75
Ezreal/Nilah (BW/PZ),Ashe (FR/PZ),3,4,0.75
Irelia/Quinn (DE/IO),Caitlyn/Teemo (BC/PZ),3,4,0.75
Elder Dragon/Norra (RU/BC),Braum/Zoe (FR/MT),3,4,0.75
Norra/Teemo (BC/PZ),Nilah/Twisted Fate (BW/PZ),3,4,0.75
Garen/Udyr (DE/FR),Caitlyn/Teemo (BC/PZ),3,4,0.75
Heimerdinger/Viktor (IO/PZ),Senna/Veigar (BC/SI),3,4,0.75
Poppy/Ziggs (BC/NX),Elder Dragon/Norra (RU/BC),3,4,0.75
Annie/Jhin (RU/NX),Aphelios/Gnar (FR/MT),3,4,0.75
Elder Dragon/Volibear (RU/FR),Norra/Teemo (BC/PZ),3,4,0.75
Annie/Jhin (RU/NX),Aurelion Sol/Elder Dragon (RU/MT),3,4,0.75
Kayle (BW/MT),Shyvana/Taric (DE/MT),3,4,0.75
Pyke/Rek'Sai (BW/SH),Senna (PZ/SI),3,4,0.75
Ezreal/Swain (NX/PZ),Pyke/Rek'Sai (BW/SH),3,4,0.75
Azir/Irelia (IO/SH),Elder Dragon/Lissandra/Trundle (RU/FR),3,4,0.75
Senna (PZ/SI),Ezreal/Seraphine (BC/PZ),3,4,0.75
Elder Dragon/Volibear (RU/FR),Elise (FR/SI),3,4,0.75
Azir/Irelia (IO/SH),Mordekaiser/Viego (SI/SH),3,4,0.75
Azir/Irelia (IO/SH),Annie/Jhin/Swain (RU/NX),3,4,0.75
Norra/Teemo (BC/SI),Azir/Irelia (IO/SH),3,4,0.75
Draven/Jinx (NX/PZ),Jax/Vi (RU/PZ),3,4,0.75
Azir/Irelia (IO/SH),Katarina/Lucian (DE/NX),3,4,0.75
Senna (PZ/SI),Ezreal/Swain (NX/PZ),3,4,0.75
Azir/Irelia (IO/SH),Caitlyn/Trundle (FR/PZ),3,4,0.75
Ezreal/Senna (PZ/SI),Senna/Veigar (BC/SI),3,4,0.75
Morgana/Udyr (DE/FR),Ashe/LeBlanc (FR/NX),2,2,1
Katarina/Poppy (BC/NX),Ezreal/Seraphine (IO/PZ),2,2,1
Riven/Viktor (NX/PZ),Akshan/Lee Sin (IO/SH),2,2,1
Braum/Lillia (FR/IO),Aphelios/Viktor (MT/PZ),2,2,1
Aphelios/Viktor (MT/PZ),Riven/Viktor (NX/PZ),2,2,1
Taliyah/Zilean (IO/SH),Elise (NX/SI),2,2,1
Elise (NX/SI),Draven/Jinx (NX/PZ),2,2,1
Caitlyn/Teemo (FR/PZ),Karma/Seraphine/Sett (IO/PZ),2,2,1
Katarina/Yasuo (IO/NX),Caitlyn/Teemo (FR/PZ),2,2,1
Caitlyn/Teemo (BC/PZ),Norra/Viego (BC/SI),2,2,1
The Poro King (MT/RU),Championless (FR/SI),2,2,1
Ashe/LeBlanc (FR/NX),Ekko/Zilean (PZ/SH),2,2,1
Elise/Norra (BC/SI),Ashe/LeBlanc (FR/NX),2,2,1
Taliyah/Zilean (IO/SH),Yuumi/Zoe (FR/MT),2,2,1
Yuumi/Zoe (FR/MT),Championless (SI),2,2,1
Yuumi/Zoe (FR/MT),Akshan/Master Yi (IO/SH),2,2,1
Jinx/Kennen (BC/PZ),Annie/Jhin (RU/NX),2,2,1
Lee Sin/Viktor (IO/PZ),Nasus/Thresh (SI/SH),2,2,1
Elder Dragon/Morgana/Shyvana (RU/DE),Taliyah/Zilean (IO/SH),2,2,1
Karma/Sett (FR/IO),Ekko/Nidalee (PZ/SH),2,2,1
Karma/Sett (FR/IO),Kayle (FR/MT),2,2,1
Kalista (SI),Annie/Jhin (RU/NX),2,2,1
Ashe (FR/PZ),Morgana/Udyr (DE/FR),2,2,1
Ezreal/Seraphine (IO/PZ),Hecarim/Zed (IO/SI),2,2,1
Elder Dragon/Mordekaiser/Viego (RU/SI),Ezreal/Seraphine (BC/PZ),2,2,1
Jinx (BC/PZ),Maokai/Nautilus (BW/SI),2,2,1
Azir/Irelia (IO/SH),Jayce/Lux (DE/PZ),2,2,1
Master Yi/Zilean (IO/SH),Gnar/Teemo (BC/PZ),2,2,1
Annie/Jhin (RU/NX),Illaoi (BW/IO),2,2,1
Lucian/Zed (DE/IO),Elder Dragon/Volibear (RU/FR),2,2,1
Kayle/Morgana (DE/MT),Caitlyn/Swain (NX/PZ),2,2,1
Ashe (FR/PZ),Akshan/Lee Sin (IO/SH),2,2,1
Elder Dragon/Neeko (RU/RU),Ezreal/Seraphine (BC/PZ),2,2,1
Elder Dragon/Neeko (RU/RU),Championless (NX/PZ),2,2,1
Akshan/Master Yi (IO/SH),Nasus/Thresh (SI/SH),2,2,1
Neeko/Poppy (BC/RU),LeBlanc/Vladimir (FR/NX),2,2,1
Ashe (FR/PZ),Braum/Lillia (FR/IO),2,2,1
Mordekaiser/Norra (BC/SI),Azir/Xerath (SH),2,2,1
Kindred/Shyvana (DE/SI),Sion (NX/SI),2,2,1
Senna/Veigar (BC/SI),Championless (PZ/SI),2,2,1
Elder Dragon/Norra (RU/BC),Soraka/Tahm Kench (BW/MT),2,2,1
Pyke/Rek'Sai (BW/SH),Karma/Sett (IO/PZ),2,2,1
Master Yi/Nami (BW/IO),Aatrox/Kayn (RU/RU),2,2,1
Karma/Sett (FR/IO),Norra (BC/SH),2,2,1
Ezreal/Karma/Seraphine (IO/PZ),Draven/Jinx (NX/PZ),2,2,1
Taliyah/Zilean (IO/SH),Karma/Sett (IO/PZ),2,2,1
Taliyah/Zilean (IO/SH),Ezreal/Seraphine (BC/PZ),2,2,1
Championless (SI),Kayle/Zed (IO/MT),2,2,1
Irelia/Miss Fortune (BW/IO),Karma/Sett (FR/IO),2,2,1
Jack/Sett (BW/IO),Karma/Seraphine/Sett (IO/PZ),2,2,1
Ezreal/Jhin (RU/PZ),Senna/Veigar (BC/SI),2,2,1
Elder Dragon/Norra (RU/BC),Championpile (DE/FR),2,2,1
Lulu/Poppy/Ziggs (BC/NX),Annie/Elise (NX/SI),2,2,1
Azir/Irelia (IO/SH),Viego (NX/SI),2,2,1
Aurelion Sol/Zoe (FR/MT),Senna/Veigar (BC/SI),2,2,1
Senna/Veigar (BC/SI),Hecarim/Lucian (DE/SI),2,2,1
Senna/Veigar (BC/SI),Leona/Yasuo (IO/MT),2,2,1
Senna/Veigar (BC/SI),Braum/Vladimir (FR/NX),2,2,1
Azir/Irelia (IO/SH),Nidalee (BC/SH),2,2,1
Master Yi/Zilean (IO/SH),Ezreal/Karma/Seraphine (IO/PZ),2,2,1
Master Yi/Zilean (IO/SH),Elise (NX/SI),2,2,1
Swain/Vladimir (BW/NX),Lee Sin/Viktor (IO/PZ),2,2,1
Akshan/Morgana/Taliyah (DE/SH),Azir/Xerath (SH),2,2,1
Karma (FR/IO),Anivia (FR/SI),2,2,1
Pyke/Rek'Sai (BW/SH),Gwen (IO/SI),2,2,1
Ezreal/Seraphine (PZ/SI),Elder Dragon/Udyr (RU/FR),2,2,1
Morgana/Udyr (DE/FR),Maokai/Nautilus (BW/SI),2,2,1
Morgana/Udyr (DE/FR),Braum/Udyr (FR/IO),2,2,1
Annie/Jhin (RU/NX),Akshan/Morgana/Taliyah (DE/SH),2,2,1
Jinx/Lulu (BC/PZ),Azir/Hecarim (SI/SH),2,2,1
Azir/Irelia (IO/SH),Master Yi/Nami (BW/IO),2,2,1
Yasuo (IO/NX),Akshan/Lee Sin (IO/SH),2,2,1
Elder Dragon/Galio/Morgana (RU/DE),Aatrox/Kayn (RU/RU),2,2,1
Anivia (FR/SI),Darius/Miss Fortune (BW/NX),2,2,1
Karma/Sett (FR/IO),Janna (IO/PZ),2,2,1
Karma/Sett (FR/IO),Braum/Vladimir (FR/NX),2,2,1
Anivia (FR/SI),Elise (NX/SI),2,2,1
Ezreal/Karma/Seraphine (IO/PZ),Nilah/Twisted Fate (BW/PZ),2,2,1
Ezreal/Seraphine (NX/PZ),Aurelion Sol/Shyvana (DE/MT),2,2,1
Nilah/Twisted Fate (BW/PZ),Ezreal/Seraphine (NX/PZ),2,2,1
Jinx/Kennen (BC/PZ),Nidalee (BC/SH),2,2,1
Elder Dragon/Seraphine/Viktor (RU/PZ),Nilah/Twisted Fate (BW/PZ),2,2,1
Master Yi/Zilean (IO/SH),Draven/Jinx (NX/PZ),2,2,1
Elder Dragon/Volibear (RU/FR),Elise/Nocturne (SI/SH),2,2,1
Elder Dragon/Volibear (RU/FR),Akshan/Sivir (DE/SH),2,2,1
Akshan/Nilah (BW/SH),Caitlyn/Teemo (BC/PZ),2,2,1
The Poro King (PZ/RU),Hecarim/Zed (IO/SI),2,2,1
Kalista/Lucian (DE/SI),Pyke/Rek'Sai (BW/SH),2,2,1
Azir/Irelia (IO/SH),Championless (BC/SH),2,2,1
Ashe/LeBlanc (FR/NX),Caitlyn/Teemo (BC/PZ),2,2,1
Ezreal/Nilah (BW/PZ),Karma/Sett (IO/PZ),2,2,1
Braum/Vladimir (FR/NX),Norra (BC/PZ),2,2,1
Ezreal/Seraphine (IO/PZ),Elder Dragon/Mordekaiser/Viego (RU/SI),2,2,1
Nasus/Thresh (SI/SH),Ashe (FR/PZ),2,2,1
Gwen/Nidalee (SI/SH),The Poro King (MT/RU),2,2,1
Elder Dragon/Volibear (RU/FR),Katarina/Yasuo (IO/NX),2,2,1
Fizz/Samira (BW/NX),Yasuo (IO/NX),2,2,1
Annie/Jhin (RU/NX),Norra/Zoe (BC/MT),2,2,1
Azir/Irelia (IO/SH),The Poro King (DE/RU),2,2,1
Ashe/LeBlanc (FR/NX),Diana/Nocturne (MT/SI),2,2,1
Evelynn/Kai'Sa (RU/SH),Darius/Gnar (FR/NX),2,2,1
Master Yi/Zilean (IO/SH),Nidalee (BC/SH),2,2,1
Elder Dragon/Morgana/Shyvana (RU/DE),Braum/Zoe (FR/MT),2,2,1
Pyke/Rek'Sai (BW/SH),Kalista (DE/SI),2,2,1
Ezreal/Seraphine (IO/PZ),Championless (PZ/SI),2,2,1
Fizz/Samira (BW/NX),Bard/Norra (BC/RU),2,2,1
Senna/Veigar (BC/SI),Elder Dragon/Mordekaiser/Viego (RU/SI),2,2,1
Elder Dragon/Mordekaiser/Viego (RU/SI),Annie/Jhin (RU/NX),2,2,1
Elder Dragon/Volibear (RU/FR),Mordekaiser/Viego (SI),2,2,1
Ezreal/Nilah (BW/PZ),Fizz/Samira (BW/NX),2,2,1
Elder Dragon/Volibear (RU/FR),Bard/Norra (BC/RU),2,2,1
Akshan/Morgana/Taliyah (DE/SH),Elder Dragon/Volibear (RU/FR),2,2,1
Norra/Swain (BC/NX),Bard/Norra (BC/RU),2,2,1
Annie/Gwen (NX/SI),Braum/Zoe (FR/MT),2,2,1
Nasus (SI/SH),Ashe/LeBlanc (FR/NX),2,2,1
Elder Dragon/Volibear (RU/FR),Annie/Elise (NX/SI),2,2,1
Evelynn/Kai'Sa (RU/SH),Norra/Zoe (BC/MT),2,2,1
Evelynn/Kai'Sa (RU/SH),Ekko/Sivir (PZ/SH),2,2,1
Azir/Irelia (IO/SH),Azir (MT/SH),2,2,1
Teemo (BC/PZ),Anivia (FR/SI),2,2,1
Pyke/Rek'Sai (BW/SH),The Poro King (MT/RU),2,2,1
Elise (NX/SI),Akshan/Lee Sin (IO/SH),2,2,1
Maokai (BW/SI),Braum/Norra (BC/FR),2,2,1
Master Yi/Zilean (IO/SH),Akshan/Samira (NX/SH),2,2,1
Annie/Gwen (NX/SI),Braum (FR/SI),2,2,1
Elise/Nocturne (NX/SI),Annie/Jhin (RU/NX),2,2,1
Senna/Veigar (BC/SI),Darius/Gnar (FR/NX),2,2,1
Azir/Irelia (IO/SH),Gnar/Teemo (BC/PZ),2,2,1
Azir/Xerath (SH),Ezreal/Seraphine (IO/PZ),2,2,1
Pyke/Rek'Sai (BW/SH),Elder Dragon (RU/FR),2,2,1
Nilah/Twisted Fate (BW/PZ),Nami/Samira (BW/NX),2,2,1
Caitlyn/Teemo (FR/PZ),Nilah/Twisted Fate (BW/PZ),2,2,1
Garen/Sivir (DE/SH),Evelynn/Kai'Sa (RU/SH),2,2,1
Caitlyn/Teemo (FR/PZ),Bard/Norra (BC/RU),2,2,1
Annie/Jhin (RU/NX),Garen/Udyr (DE/FR),2,2,1
Annie/Elise (NX/SI),Norra/Poppy (BC/NX),2,2,1
Evelynn/Kai'Sa (RU/SH),Garen/Udyr (DE/FR),2,2,1
Anivia (FR/SI),Lissandra/Taliyah (FR/SH),2,2,1
Norra (BC/NX),Azir/Irelia (IO/SH),2,2,1
Pyke/Rek'Sai (BW/SH),Akshan/Ekko (PZ/SH),2,2,1
Poppy/Ziggs (BC/NX),Anivia (FR/SI),2,2,1
Jax/Ornn (FR/RU),Malphite/Yasuo (IO/MT),2,2,1
Draven/Samira (NX/PZ),Fiora/Udyr (DE/FR),2,2,1
Annie/Jhin (RU/NX),Galio/Udyr (DE/FR),2,2,1
Annie/Jhin (RU/NX),Heimerdinger/Viktor (IO/PZ),2,2,1
Poppy/Ziggs (BC/NX),Darius (FR/NX),2,2,1
Ezreal/Nilah (BW/PZ),Pyke/Rek'Sai (BW/SH),2,2,1
Braum/Zoe (FR/MT),Akshan/Lissandra (FR/SH),2,2,1
Anivia (FR/SI),Braum/Zoe (FR/MT),2,2,1
Anivia (FR/SI),Annie/Gwen (NX/SI),2,2,1
LeBlanc/Udyr (FR/NX),Lux: Illuminated/Zed (DE/IO),2,2,1
Aurelion Sol/Zoe (FR/MT),Taliyah/Zilean (IO/SH),2,2,1
Pyke/Rek'Sai (BW/SH),Lux/The Poro King (DE/RU),2,2,1
Braum/Vladimir (FR/NX),Lux/The Poro King (DE/RU),2,2,1
Lux/The Poro King (DE/RU),Ashe/LeBlanc (FR/NX),2,2,1
Akshan/Varus (SH/RU),Senna/Veigar (BC/SI),2,2,1
Jinx/Lulu (BC/PZ),Braum/Zoe (FR/MT),2,2,1
Jinx/Lulu (BC/PZ),Draven/Jinx (NX/PZ),2,2,1
Jinx/Lulu (BC/PZ),Kindred/Nasus (SI/SH),2,2,1
Braum/Yuumi/Zoe (FR/MT),Annie/Jhin (RU/NX),2,2,1
Elder Dragon/Galio/Morgana (RU/DE),Ezreal/Seraphine (IO/PZ),2,2,1
Nilah/Twisted Fate (BW/PZ),Bard/Mordekaiser (RU/SI),2,2,1
Mordekaiser/Norra (BC/SI),Nilah/Twisted Fate (BW/PZ),2,2,1
Teemo/Yuumi (BC/MT),Elder Dragon/Volibear (RU/FR),2,2,1
Pyke/Rek'Sai (BW/SH),Ryze (RU/SH),2,2,1
Akshan/Sivir (FR/SH),Pyke/Rek'Sai (BW/SH),2,2,1
Pyke/Rek'Sai (BW/SH),Rumble/Sion (BC/NX),2,2,1
Elder Dragon/Morgana (RU/DE),Gangplank/Sejuani (BW/FR),2,2,1
Gangplank/Sejuani (BW/FR),Caitlyn/Teemo (BC/PZ),2,2,1
Nami/Samira (BW/NX),Azir/Irelia (IO/SH),2,2,1
Gwen/Kalista (NX/SI),Akshan/Nasus (SI/SH),2,2,1
Elder Dragon/Seraphine/Viktor (RU/PZ),Akshan/Sivir (FR/SH),2,2,1
Championless (SI),Lulu/Tahm Kench (BW/IO),2,2,1
Malphite/Yasuo (IO/MT),Kayle (BW/MT),2,2,1
Malphite/Yasuo (IO/MT),Rumble/Sion (BC/NX),2,2,1
Lulu/Shen (DE/IO),Malphite/Yasuo (IO/MT),2,2,1
Kayle/Lillia (IO/MT),Aatrox/Kayn (RU/RU),2,2,1
Mordekaiser/Norra (BC/SI),Elder Dragon/Shyvana (RU/DE),2,2,1
Caitlyn/Teemo (BC/PZ),Ezreal/Karma (IO/PZ),2,2,1
Ezreal/Karma (IO/PZ),Kalista (NX/SI),2,2,1
Caitlyn/Jack (BW/PZ),Galio/Garen (DE/FR),2,2,1
Gangplank/Twisted Fate (BW/NX),Elder Dragon/Volibear (RU/FR),2,2,1
Aurelion Sol/Shyvana (DE/MT),Karma/Sett (FR/IO),2,2,1
Elder Dragon/Galio/Morgana (RU/DE),Championless (PZ/SI),2,2,1
Ashe/LeBlanc (FR/NX),Senna (PZ/SI),2,2,1
Morgana/Riven (MT/NX),Akshan/Morgana (MT/SH),2,2,1
Caitlyn/Teemo (BC/PZ),Senna (PZ/SI),2,2,1
Rumble/Sion (BC/NX),Akshan/Varus (SH/RU),2,2,1
Norra/Teemo (BC/PZ),Caitlyn/Teemo (BC/PZ),2,2,1
Elder Dragon/Galio/Morgana (RU/DE),Teemo (BC/PZ),2,2,1
Elder Dragon/Galio/Morgana (RU/DE),Lux: Illuminated/Vex (BC/DE),2,2,1
Jinx/Lulu (BC/PZ),Elder Dragon/Galio/Morgana (RU/DE),2,2,1
Ryze (RU/SH),Fiora (DE/SH),2,2,1
Braum (DE/FR),Senna/Veigar (BC/SI),2,2,1
Norra/Zoe (BC/MT),Fizz/Samira (BW/NX),2,2,1
Norra/Zoe (BC/MT),Gwen/Hecarim (SI),2,2,1
Hecarim (IO/SI),Senna (PZ/SI),2,2,1
Maokai/Nautilus (BW/SI),Ezreal/Karma (IO/PZ),2,2,1
Taliyah/Zilean (IO/SH),Annie/Twisted Fate (BW/NX),2,2,1
Jayce/Lux (DE/PZ),Janna/Sett (IO/PZ),2,2,1
Elder Dragon/Volibear (RU/FR),Sett/Trundle (FR/IO),2,2,1
Annie/Jhin (RU/NX),Sett/Trundle (FR/IO),2,2,1
Elder Dragon/Mordekaiser/Viego (RU/SI),Nilah/Twisted Fate (BW/PZ),2,2,1
Elder Dragon/Volibear (RU/FR),Championless (BC/SH),2,2,1
Elder Dragon/Galio/Morgana (RU/DE),Teemo/Zoe (MT/PZ),2,2,1
Aatrox/Kayn (RU/RU),Ashe/LeBlanc (FR/NX),2,2,1
Caitlyn/Teemo (BC/PZ),The Poro King (RU/SI),2,2,1
Hecarim (IO/SI),Evelynn/Kai'Sa (RU/SH),2,2,1
Senna/Veigar (BC/SI),Nasus (SI/SH),2,2,1
Poppy/Taric (DE/MT),Akshan/Lee Sin (IO/SH),2,2,1
Championless (SI),Senna/Veigar (PZ/SI),2,2,1
Karma/Sett (IO/PZ),Kindred (DE/SI),2,2,1
Elder Dragon/Galio/Morgana (RU/DE),Elder Dragon/Morgana (RU/DE),2,2,1
Gangplank/Swain (BW/NX),Gwen/Jax (RU/SI),2,2,1
Lulu/Shen (DE/IO),Aphelios/Viktor (MT/PZ),2,2,1
Janna/Twisted Fate (BW/PZ),Gangplank/Sejuani (BW/FR),2,2,1
Malphite/Yasuo (IO/MT),Galio/Udyr (DE/FR),2,2,1
Ashe (FR/PZ),Braum/Vladimir (FR/NX),2,2,1
Azir/Xerath (SH),Caitlyn/Teemo (FR/PZ),2,2,1
Jack/Sett (BW/IO),Heimerdinger/Viktor (IO/PZ),2,2,1
Jack/Sett (BW/IO),Norra/Teemo (BC/PZ),2,2,1
Bard/Mordekaiser (RU/SI),Championless (SI),2,2,1
Bard/Mordekaiser (RU/SI),Swain/Yasuo (IO/NX),2,2,1
Taliyah/Zilean (IO/SH),Bard/Mordekaiser (RU/SI),2,2,1
Janna/Mordekaiser (PZ/SI),Azir/Irelia (IO/SH),2,2,1
Kayle (BW/MT),Akshan/Vayne (DE/SH),2,2,1
Braum/Vladimir (FR/NX),Galio/Udyr (DE/FR),2,2,1
Akshan/Varus (SH/RU),Aatrox/Kayn (RU/RU),2,2,1
Kayle/Lillia (IO/MT),Swain/Vladimir (FR/NX),2,2,1
Maokai/Nautilus (BW/SI),Gwen/Riven (NX/SI),2,2,1
Darius/Gwen (NX/SI),Jack/Sett (BW/IO),2,2,1
Elder Dragon/Elise (RU/SI),Akshan/Varus (SH/RU),2,2,1
Elder Dragon/Volibear (RU/FR),Gnar/Teemo (BC/PZ),2,2,1
Elder Dragon/Volibear (RU/FR),Ekko/Zilean (PZ/SH),2,2,1
Jack/Sett (BW/IO),Aatrox/Kayn (RU/RU),2,2,1
Janna/Twisted Fate (BW/PZ),Lissandra/Mordekaiser (FR/SI),2,2,1
Evelynn (RU/FR),Braum/Soraka (FR/MT),2,2,1
Azir/Irelia (IO/SH),Nautilus (BW/SI),2,2,1
Annie/Jhin (RU/NX),Elder Dragon/Morgana/Shyvana (RU/DE),2,2,1
Hecarim (IO/SI),Championless (FR/SI),2,2,1
Jhin/Kennen (IO/RU),Lux: Illuminated/Vex (BC/DE),2,2,1
Azir/Irelia (IO/SH),Jhin/Kennen (IO/RU),2,2,1
Mordekaiser/Viego (IO/SI),Ashe/LeBlanc (FR/NX),2,2,1
Gangplank/Sejuani (BW/FR),Ashe/LeBlanc (FR/NX),2,2,1
Anivia (FR/SI),The Poro King (MT/RU),2,2,1
Nocturne/Vex (PZ/SI),Annie/Jhin (RU/NX),2,2,1
Elder Dragon/Morgana (RU/DE),Caitlyn/Teemo (BC/PZ),2,2,1
Viktor/Zoe (MT/PZ),Draven/Jinx (NX/PZ),2,2,1
Elder Dragon/Lissandra/Volibear (RU/FR),Azir/Xerath (SH),2,2,1
Annie/Jhin (RU/NX),Hecarim (IO/SI),2,2,1
Gnar/Neeko (FR/RU),Gwen/Hecarim (IO/SI),2,2,1
Ezreal/Seraphine (IO/PZ),Kindred/Viego (NX/SI),2,2,1
Karma/Sett (FR/IO),Elder Dragon (RU/FR),2,2,1
Trundle/Volibear (FR/NX),Senna/Veigar (BC/SI),2,2,1
Elder Dragon/Morgana (RU/DE),Taliyah/Zilean (IO/SH),2,2,1
Lulu/Zed (BC/IO),Elder Dragon/Mordekaiser/Viego (RU/SI),2,2,1
Ekko (PZ/SH),Janna/Mordekaiser (PZ/SI),2,2,1
Azir/Xerath (SH),Caitlyn/Teemo (BC/PZ),2,2,1
Poppy/Ziggs (BC/NX),Elder Dragon/Morgana (RU/DE),2,2,1
Azir/Irelia (IO/SH),Kayle/Lillia (IO/MT),2,2,1
Miss Fortune/Twisted Fate (BW/NX),Nocturne/Vex (PZ/SI),2,2,1
Katarina/Yasuo (IO/NX),Norra/Zoe (BC/MT),2,2,1
Ashe (FR/PZ),Diana/Nocturne (MT/SI),2,2,1
Janna/Nilah (BW/PZ),Jhin/Yasuo (IO/RU),2,2,1
Katarina/Leona (MT/NX),Braum/Zoe (FR/MT),2,2,1
Ashe (FR/PZ),Darius/Katarina (FR/NX),2,2,1
Caitlyn/Teemo (DE/PZ),Ashe (FR/PZ),2,2,1
Evelynn/Kai'Sa (RU/SH),Ezreal/Seraphine (BC/PZ),2,2,1
Hecarim/Zed (IO/SI),Braum (FR),2,2,1
Ekko/Jinx (PZ/SH),Poppy/Ziggs (BC/NX),2,2,1
Jhin (RU/PZ),Caitlyn/Teemo (DE/PZ),2,2,1
Annie/Jhin (RU/NX),Caitlyn/Teemo (DE/PZ),2,2,1
Annie/Jhin (RU/NX),Aurelion Sol/Zoe (MT),2,2,1
Nidalee (BC/SH),Janna/Nilah (BW/PZ),2,2,1
Elder Dragon/Morgana (RU/DE),Lux: Illuminated/Vex (BC/DE),2,2,1
Elder Dragon/Morgana (RU/DE),Akshan/Udyr (FR/SH),2,2,1
Azir/Irelia (IO/SH),Norra/Trundle (BC/FR),2,2,1
Azir/Irelia (IO/SH),Samira/Twisted Fate (BW/NX),2,2,1
Azir/Irelia (IO/SH),Janna/Master Yi (IO/PZ),2,2,1
Azir/Irelia (IO/SH),Hecarim (IO/SI),2,2,1
Gnar/Sejuani (FR/NX),Pyke/Rek'Sai (BW/SH),2,2,1
Elder Dragon/Volibear (RU/FR),Ezreal/Janna (BW/PZ),2,2,1
LeBlanc (FR/NX),Caitlyn/Teemo (BC/PZ),2,2,1
Anivia (FR/SI),Fiora (DE/SH),2,2,1
Elder Dragon/Volibear (RU/FR),Braum/Norra (BC/FR),2,2,1
Annie/Gwen (NX/SI),Ekko/Jinx (PZ/SH),2,2,1
Janna/Nilah (BW/PZ),Norra/Swain (BC/NX),2,2,1
LeBlanc/Udyr (FR/NX),Ezreal/Kennen (IO/PZ),2,2,1
Elder Dragon/Volibear (RU/FR),Anivia/Elder Dragon/Volibear (RU/FR),2,2,1
Elise (NX/SI),Nami/Nilah (BW/PZ),2,2,1
Elise (NX/SI),Hecarim (IO/SI),2,2,1
Elise (NX/SI),Championless (FR/SI),2,2,1
Nilah/Twisted Fate (BW/PZ),Fiora/Shen (DE/IO),2,2,1
Elder Dragon/Volibear (RU/FR),Zoe (FR/MT),2,2,1
Akshan/Master Yi (IO/SH),Ahri/Kennen (BC/IO),2,2,1
LeBlanc/Udyr (FR/NX),Ezreal/Seraphine (BC/PZ),2,2,1
Seraphine/Zoe (MT/PZ),Ezreal/Seraphine (BC/PZ),2,2,1
Evelynn/Kai'Sa (RU/SH),Gwen/Irelia (IO/SI),2,2,1
Diana (BC/MT),Ezreal/Kennen (IO/PZ),2,2,1
Gwen/Kalista (NX/SI),Caitlyn/Teemo (BC/PZ),2,2,1
Aphelios/Zoe (MT/PZ),Caitlyn/Teemo (BC/PZ),2,2,1
Seraphine/Zoe (MT/PZ),Fizz/Samira (BW/NX),2,2,1
Annie/Jhin (RU/NX),Lux: Illuminated/Shen (DE/IO),2,2,1
Miss Fortune/Swain (BW/NX),Annie/Gwen (NX/SI),2,2,1
Senna/Veigar (BC/SI),Caitlyn/Norra (BC/PZ),2,2,1
Mordekaiser/Viego (IO/SI),Elder Dragon/Norra/Vex (RU/BC),2,2,1
Ezreal/Seraphine (BC/PZ),Mordekaiser/Viego (IO/SI),2,2,1
Master Yi/Riven (IO/NX),Karma/Sett (FR/IO),2,2,1
Janna/Seraphine (IO/PZ),Annie/Jhin (RU/NX),2,2,1
Janna/Nilah (BW/PZ),Fizz/Samira (BW/NX),2,2,1
Ezreal/Kennen (IO/PZ),Jhin (RU/PZ),2,2,1
Annie/Jhin (RU/NX),Kennen/Lux: Illuminated (DE/IO),2,2,1
Elder Dragon/Morgana (RU/DE),Sion (NX/SI),2,2,1
Pyke/Rek'Sai (BW/SH),Bard/Janna (RU/PZ),2,2,1
The Poro King (RU/SH),Nilah/Twisted Fate (BW/PZ),2,2,1
Janna/Nilah (BW/PZ),Akshan/Master Yi (IO/SH),2,2,1
Vex (BC/SI),Gangplank/Sejuani (BW/FR),2,2,1
Seraphine/Zoe (MT/PZ),Nilah/Twisted Fate (BW/PZ),2,2,1
Jack/Sett (BW/IO),Elder Dragon/Norra/Vex (RU/BC),2,2,1
Karma/Sett (FR/IO),Ryze (RU/SI),2,2,1
Caitlyn/Teemo (FR/PZ),Irelia/Quinn (DE/IO),2,2,1
Ashe (FR/PZ),Norra/Swain (BC/NX),2,2,1
Caitlyn/Teemo (FR/PZ),Renekton (BW/SH),2,2,1
Pyke/Rek'Sai (BW/SH),Ezreal/Seraphine (BW/PZ),2,2,1
Ezreal/Seraphine (BC/PZ),Draven/Seraphine (NX/PZ),2,2,1
Elder Dragon/Galio/Morgana (RU/DE),Heimerdinger/Viktor (IO/PZ),2,2,1
Ezreal/Nilah (BW/PZ),Lux: Illuminated/Shen (DE/IO),2,2,1
Ryze (IO/RU),Taliyah/Zilean (IO/SH),2,2,1
Annie/Jhin (RU/NX),Teemo (BC/PZ),2,2,1
Braum/Zoe (FR/MT),Seraphine (PZ/SI),2,2,1
Pyke/Rek'Sai (BW/SH),Malphite/Yasuo (IO/MT),2,2,1
Garen/Lulu (DE/IO),Norra/Swain (BC/NX),2,2,1
Ezreal/Nilah (BW/PZ),Ezreal/Teemo (PZ/SI),2,2,1
Draven/Jinx (NX/PZ),Evelynn/Lucian (DE/RU),2,2,1
Elise/Norra (BC/SI),Ashe (FR/PZ),2,2,1
Teemo (PZ/SI),Caitlyn/Teemo (FR/PZ),2,2,1
Pyke/Rek'Sai (BW/SH),Elder Dragon/Seraphine/Viktor (RU/PZ),2,2,1
Ezreal/Karma (IO/PZ),Azir/Irelia (IO/SH),2,2,1
Pyke/Rek'Sai (BW/SH),Ryze (IO/RU),2,2,1
Pyke/Rek'Sai (BW/SH),Jinx/Zed (IO/PZ),2,2,1
Darius/Katarina (FR/NX),Caitlyn/Teemo (BC/PZ),2,2,1
Nilah/Twisted Fate (BW/PZ),Norra/Teemo (BC/SI),2,2,1
Elder Dragon/Trundle (RU/FR),Jayce/Lux (DE/PZ),2,2,1
Gnar/Nidalee (BC/SH),Braum/The Poro King (FR/RU),2,2,1
Nasus/Thresh (SI/SH),Illaoi (BW/FR),2,2,1
Morgana/Poppy (BC/DE),Annie/Jhin (RU/NX),2,2,1
Norra/Zoe (BC/MT),Master Yi/Nami (BW/IO),2,2,1
Gangplank/Twisted Fate (BW/NX),Darius/Elise (NX/SI),2,2,1
Elder Dragon/Morgana (RU/DE),Heimerdinger/Viktor (BC/PZ),2,2,1
Nasus/Thresh (SI/SH),Teemo (BC/PZ),2,2,1
Malphite/Taliyah (MT/SH),Nasus/Thresh (SI/SH),2,2,1
Nasus/Thresh (SI/SH),Ashe/Udyr (FR/MT),2,2,1
Bard/Norra (BC/RU),Kalista/Seraphine (PZ/SI),2,2,1
Kalista/Seraphine (PZ/SI),Braum/Lissandra (FR/SH),2,2,1
Taliyah/Zilean (IO/SH),Gangplank/Sejuani (BW/FR),2,2,1
Braum/Yuumi/Zoe (FR/MT),Kindred/Viego (SI/SH),2,2,1
Maokai/Nautilus (BW/SI),Elise (FR/SI),2,2,1
Draven/Jinx (NX/PZ),Annie/Gwen (NX/SI),2,2,1
Caitlyn/Lissandra (FR/PZ),Ezreal/Kennen (IO/PZ),2,2,1
Bard/Ekko (RU/PZ),Swain/Yasuo (IO/NX),2,2,1
Azir/Irelia (IO/SH),Ezreal/Seraphine (BC/PZ),2,2,1
Caitlyn/Teemo (BC/PZ),Lucian/Lux: Illuminated (DE/IO),2,2,1
Bard/Norra (BC/RU),Caitlyn/Lissandra (FR/PZ),2,2,1
Ezreal/Nilah (BW/PZ),Braum/The Poro King (FR/RU),2,2,1
Gwen/Katarina (NX/SI),Caitlyn/Teemo (DE/PZ),2,2,1
Gwen/Katarina (NX/SI),Janna/Norra (BC/PZ),2,2,1
Karma/Seraphine/Sett (IO/PZ),Poppy/Ziggs (BC/NX),2,2,1
Taliyah/Zilean (IO/SH),Galio/Soraka (DE/MT),2,2,1
Ashe (FR/PZ),Evelynn/Kai'Sa (RU/SH),2,2,1
Vex (BC/SI),Elder Dragon/Norra (RU/BC),2,2,1
Braum/The Poro King (FR/RU),Ashe (FR/PZ),2,2,1
Azir/Irelia (IO/SH),Gangplank/Miss Fortune/Swain (BW/NX),2,2,1
Nidalee (BC/SH),Ezreal/Seraphine (BC/PZ),2,2,1
Ezreal/Seraphine (BC/PZ),Ezreal/Kennen (IO/PZ),2,2,1
Teemo (PZ/SI),Evelynn/Kai'Sa (RU/SH),2,2,1
Pyke/Rek'Sai (BW/SH),Garen/Udyr (DE/FR),2,2,1
Nilah/Twisted Fate (BW/PZ),Braum/Vladimir (FR/NX),2,2,1
Nilah/Twisted Fate (BW/PZ),Elder Dragon/Norra/Vex (RU/BC),2,2,1
Darius/LeBlanc/Riven (BW/NX),Ashe (FR/PZ),2,2,1
Jayce/Viktor (BW/PZ),Maokai/Nautilus (BW/SI),2,2,1
Poppy/Ziggs (BC/NX),Championless (BW/NX),2,2,1
Miss Fortune/Twisted Fate (BW/NX),Ashe (FR/PZ),2,2,1
Heimerdinger/Viktor (IO/PZ),Mordekaiser/Viego (IO/SI),2,2,1
Akshan/Ornn (FR/SH),Poppy (BC/NX),2,2,1
Ezreal/Seraphine (IO/PZ),Poppy/Ziggs (BC/NX),2,2,1
Hecarim/Zed (IO/SI),Azir/Xerath (SH),2,2,1
Fizz/Samira (BW/NX),Aurelion Sol/Elder Dragon (RU/MT),2,2,1
Annie/Jhin (RU/NX),Kindred/Mordekaiser (BC/SI),2,2,1
Galio/Morgana (DE/FR),Maokai/Nautilus (BW/SI),2,2,1
Galio/Morgana (DE/FR),Braum/Udyr/Vladimir (FR/NX),2,2,1
The Poro King (FR/RU),Aurelion Sol/Shyvana (DE/MT),2,2,1
Elder Dragon (RU/FR),Elder Dragon/Mordekaiser/Viego (RU/SI),2,2,1
Miss Fortune/Twisted Fate (BW/NX),Aurelion Sol/Shyvana (DE/MT),2,2,1
Aurelion Sol/Shyvana (DE/MT),Azir/Irelia (IO/SH),2,2,1
Elder Dragon/Volibear (RU/FR),Aurelion Sol/Shyvana (DE/MT),2,2,1
Gnar/Kayle (FR/MT),Zoe (MT/PZ),2,2,1
Evelynn/Lucian (DE/RU),Ekko/Zilean (PZ/SH),2,2,1
Lee Sin/Viktor (IO/PZ),Taric (DE/MT),2,2,1
Azir/Renekton (SH),Trundle/Volibear (DE/FR),2,2,1
Elder Dragon/Lissandra/Volibear (RU/FR),Maokai/Nautilus (BW/SI),2,2,1
Championless (SI),Elder Dragon/Lissandra/Volibear (RU/FR),2,2,1
Championless (SI),Illaoi (BW/IO),2,2,1
Norra/Teemo (BC/PZ),Annie/Gwen (NX/SI),2,2,1
Draven/Jinx (NX/PZ),Gwen/Zed (IO/SI),2,2,1
Draven/Jinx (NX/PZ),Bard/Norra (BC/RU),2,2,1
Miss Fortune/Twisted Fate (BW/NX),Ashe/LeBlanc (FR/NX),2,2,1
Azir/Irelia (IO/SH),Darius/Miss Fortune (BW/NX),2,2,1
Azir/Irelia (IO/SH),Gnar/Nidalee (BC/SH),2,2,1
Azir/Irelia (IO/SH),Aphelios/Yasuo (IO/MT),2,2,1
Azir/Irelia (IO/SH),Akshan/Sivir (DE/SH),2,2,1
Tahm Kench/Udyr (BW/FR),Jayce/Lux (DE/PZ),2,2,1
Gwen/Katarina (NX/SI),Elder Dragon/Lissandra/Trundle (RU/FR),2,2,1
Elder Dragon/Volibear (RU/FR),Norra (BC/SI),2,2,1
Anivia (FR/SI),Akshan/Samira (NX/SH),2,2,1
Azir/Irelia (IO/SH),Elder Dragon/Norra/Vex (RU/BC),2,2,1
Jack/Sett (BW/IO),Azir/Xerath (SH),2,2,1
Elder Dragon/Volibear (RU/FR),Anivia/Mordekaiser (FR/SI),2,2,1
Elder Dragon/Volibear (RU/FR),Janna/Nilah (BW/PZ),2,2,1
Ezreal/Seraphine (IO/PZ),Jarvan IV/Kayn (DE/RU),2,2,1
Annie/Jhin (RU/NX),Trundle/Volibear (DE/FR),2,2,1
Lux: Illuminated/Vex (BC/DE),Miss Fortune/Quinn (BW/DE),2,2,1
Aphelios/Viktor (MT/PZ),Yasuo (IO/NX),2,2,1
Championless (BC/SI),Aphelios/Viktor (MT/PZ),2,2,1
Morgana/Taliyah (DE/SH),Braum/Zoe (FR/MT),2,2,1
Braum/Zoe (FR/MT),Jayce/Lux (DE/PZ),2,2,1
Elder Dragon/Lissandra/Trundle (RU/FR),Annie/Gwen (NX/SI),2,2,1
Annie/Gwen (NX/SI),Nami/Samira (BW/NX),2,2,1
Championless (SI),Tahm Kench/Taric (BW/MT),2,2,1
Elise (FR/SI),Karma/Seraphine (IO/PZ),2,2,1
Taliyah/Zilean (IO/SH),Akshan/Udyr (FR/SH),2,2,1
Elise (FR/SI),Miss Fortune/Vayne (BW/DE),2,2,1
Nasus/Thresh (SI/SH),Jayce/Lux (DE/PZ),2,2,1
Jayce/Lux (DE/PZ),Braum/Lillia (FR/IO),2,2,1
Trundle/Volibear (FR/IO),Mordekaiser/Viego (MT/SI),2,2,1
Norra/Swain (BC/NX),Hecarim/Zed (IO/SI),2,2,1
Nasus/Thresh (SI/SH),Ashe/Jayce (FR/PZ),2,2,1
Elder Dragon/Elise (RU/SI),Aphelios/Zoe (MT),2,2,1
Mordekaiser/Norra (BC/SI),Evelynn/Kai'Sa (RU/SH),2,2,1
Miss Fortune/Twisted Fate (BW/NX),Annie/Gwen (NX/SI),2,2,1
Senna/Veigar (BC/SI),Draven/Jinx (NX/PZ),2,2,1
Jayce/Lux (DE/PZ),Annie/Jhin (RU/NX),2,2,1
Taliyah/Zilean (IO/SH),Azir/Hecarim (SI/SH),2,2,1
Azir/Hecarim (SI/SH),Elder Dragon/Mordekaiser/Viego (RU/SI),2,2,1
Azir/Irelia (IO/SH),Jax/Vi (RU/PZ),2,2,1
Gwen/Katarina (NX/SI),Jinx/Lulu (BC/PZ),2,2,1
Senna/Veigar (BC/SI),Jax/Ornn (FR/RU),2,2,1
Hecarim/Zed (IO/SI),Karma/Sett (FR/IO),2,2,1
Norra/Poppy (BC/NX),Azir/Irelia (IO/SH),2,2,1
Ashe/LeBlanc (FR/NX),Lux/Morgana (DE/MT),2,2,1
Elder Dragon/Volibear (RU/FR),Evelynn (RU/SI),2,2,1
Rumble/Sion (BC/NX),Aurelion Sol (FR/MT),2,2,1
Jack/Sett (BW/IO),Ashe/LeBlanc (FR/NX),2,2,1
Azir/Irelia (IO/SH),Lee Sin/Viktor (IO/PZ),2,2,1
Janna/Nilah (BW/PZ),Championpile (MT/PZ),2,2,1
Nilah/Twisted Fate (BW/PZ),Azir/Hecarim (SI/SH),2,2,1
LeBlanc (FR/NX),Akshan/Sivir (FR/SH),2,2,1
Poppy/Ziggs (BC/NX),Ezreal/Janna/Seraphine (NX/PZ),2,2,1
Elder Dragon/Volibear (RU/FR),Ezreal/Seraphine (MT/PZ),2,2,1
Poppy/Ziggs (BC/NX),Soraka/Tahm Kench (BW/MT),2,2,1
Jax/Vi (RU/PZ),Championless (SI),2,2,1
Elder Dragon (RU/FR),Jayce (MT/PZ),2,2,1
Heimerdinger/Viktor (IO/PZ),Fiora (DE/SH),2,2,1
Championless (SI),Championpile/Elder Dragon (RU/FR),2,2,1
Katarina/Lucian (DE/NX),Caitlyn/Teemo (BC/PZ),2,2,1
LeBlanc/Udyr (FR/NX),Shyvana/Taric (DE/MT),2,2,1
Ashe (FR/PZ),Shyvana/Taric (DE/MT),2,2,1
Championless (MT/SI),Jack/Sett (BW/IO),2,2,1
Azir/Irelia (IO/SH),Akshan/Karma (IO/SH),2,2,1
Jhin/Nami (BW/RU),Hecarim/Zed (IO/SI),2,2,1
Aphelios/Zoe (IO/MT),Ashe (FR/PZ),2,2,1
Galio/Garen (DE/IO),Janna/Morgana (MT/PZ),2,2,1
Elder Dragon/Volibear (RU/FR),Ezreal (PZ/SI),2,2,1
Karma/Seraphine (IO/PZ),Azir/Irelia (IO/SH),2,2,1
Akshan/Samira (NX/SH),Braum/Zoe (FR/MT),2,2,1
Braum/Vladimir (FR/NX),Senna (PZ/SI),2,2,1
Braum/Zoe (FR/MT),Leona/Yasuo (IO/MT),2,2,1
Braum/Zoe (FR/MT),Janna (PZ/SI),2,2,1
Gangplank/Sejuani (BW/FR),Norra/Swain (BC/NX),2,2,1
Norra/Teemo (BC/PZ),Zoe (MT/PZ),2,2,1
Norra/Swain (BC/NX),Elise (NX/SI),2,2,1
Elise (NX/SI),Caitlyn/Trundle (FR/PZ),2,2,1
Rumble/Vayne (DE/NX),Caitlyn/Teemo (BC/PZ),2,2,1
Fiora/Pantheon (DE/MT),Evelynn/Fizz (BW/RU),2,2,1
Draven/Seraphine (NX/PZ),Samira/Sejuani (FR/NX),2,2,1
Draven/Seraphine (NX/PZ),Ashe (FR/PZ),2,2,1
Draven/Seraphine (NX/PZ),Fizz/Samira (BW/NX),2,2,1
Braum/Vladimir (FR/NX),Hecarim/Zed (IO/SI),2,2,1
Annie/Jhin (RU/NX),Kindred/Nasus (SI/SH),2,2,1
Akshan/Sivir (NX/SH),Annie/Gwen (NX/SI),2,2,1
Poppy/Ziggs (BC/NX),Caitlyn/Teemo (FR/PZ),2,2,1
Miss Fortune/Twisted Fate (BW/NX),Heimerdinger/Viktor (IO/PZ),2,2,1
Ashe (FR/PZ),Karma/Sett (FR/IO),2,2,1
Ezreal/Nilah (BW/PZ),Fiora/Pantheon (DE/MT),2,2,1
Draven/Seraphine (NX/PZ),Annie/Jhin (RU/NX),2,2,1
Diana/Nocturne (MT/SI),Elder Dragon/Volibear (RU/FR),2,2,1
Elder Dragon/Volibear (RU/FR),Akshan/Sivir (NX/SH),2,2,1
Seraphine (MT/PZ),Senna/Veigar (BC/SI),2,2,1
Nidalee (BC/SH),Championless (BC/PZ),2,2,1
Jack/Sett (BW/IO),Taliyah/Zilean (DE/SH),2,2,1
Pyke/Rek'Sai (BW/SH),Aatrox/Kayn (RU/RU),2,2,1
Aphelios/Gnar (FR/MT),Zoe (DE/MT),2,2,1
Seraphine (MT/PZ),Ahri/Kennen (BC/IO),2,2,1
Draven/Jinx (NX/PZ),LeBlanc/Sivir (NX/SH),2,2,1
Azir/Xerath (SH),Katarina/Kennen (IO/NX),2,2,1
Fiora (DE/SH),Garen/Jarvan IV (DE),2,2,1
Akshan/Pantheon (MT/SH),Annie/Ezreal (NX/PZ),2,2,1
Evelynn/Kai'Sa (RU/SH),Elise/Nocturne (MT/SI),2,2,1
Bard/Zed (RU/IO),Lissandra (FR/SH),2,2,1
The Poro King (FR/RU),Lissandra (FR/SH),2,2,1
Senna (PZ/SI),Akshan/Master Yi (IO/SH),2,2,1
Nami/Nilah (BW/SI),Annie/Jhin (RU/NX),2,2,1
Annie/Jhin (RU/NX),Trundle (FR/PZ),2,2,1
Nami/Zoe (BW/MT),Bard/Norra (BC/RU),2,2,1
The Poro King (MT/RU),The Poro King (PZ/RU),2,2,1
Garen/Udyr (DE/FR),Ekko/Janna (IO/PZ),2,2,1
Azir/Irelia (IO/SH),Lissandra (FR/SI),2,2,1
Ashe (FR/PZ),Ekko/Janna (IO/PZ),2,2,1
Evelynn/Fizz (BW/RU),Janna/Nilah (BW/PZ),2,2,1
Pyke/Rek'Sai (BW/SH),Braum/The Poro King (FR/RU),2,2,1
Janna/Nilah (BW/PZ),Diana/Nocturne (MT/SI),2,2,1
Bard/Norra (BC/RU),Leona/Yasuo (IO/MT),2,2,1
Senna/Veigar (BC/SI),Elder Dragon/Elise (RU/SI),2,2,1
Katarina/Swain (NX/PZ),Lissandra (FR/SH),2,2,1
Samira/Sejuani (FR/NX),Janna/Nilah (BW/PZ),2,2,1
Janna/Nilah (BW/PZ),Lux: Illuminated/Shen (DE/IO),2,2,1
Braum/Zoe (FR/MT),Diana/Nocturne (MT/SI),2,2,1
Braum/Zoe (FR/MT),Bard/Norra (BC/RU),2,2,1
Ashe (FR/PZ),Jinx (DE/PZ),2,2,1
Elder Dragon/Volibear (RU/FR),Fiora (DE/SH),2,2,1
Azir/Irelia (IO/SH),The Poro King (FR/RU),2,2,1
Elder Dragon/Volibear (RU/FR),Kalista/Lucian (DE/SI),2,2,1
Nami/Nilah (BW/SI),Kalista/Norra (BC/SI),2,2,1
Elder Dragon/Mordekaiser/Viego (RU/SI),Gnar/Trundle (FR/PZ),2,2,1
Caitlyn/Teemo (BC/PZ),Gwen (NX/SI),2,2,1
Caitlyn/Teemo (BC/PZ),Ekko/Janna (PZ/SH),2,2,1
Pyke/Rek'Sai (BW/SH),Norra (BC/IO),2,2,1
Garen/Udyr (DE/FR),Diana/Gwen (MT/SI),2,2,1
Ahri/Zed (IO/NX),Caitlyn/Teemo (BC/PZ),2,2,1
Annie/Jhin (RU/NX),Katarina/Yasuo (IO/NX),2,2,1
Gnar/Lux: Illuminated (BC/DE),Sejuani/Teemo (FR/PZ),2,2,1
Karma/Sett (IO/PZ),Yasuo (IO/NX),2,2,1
Elder Dragon/Neeko (RU/RU),Poppy/Ziggs (BC/NX),2,2,1
Azir/Elise (SI/SH),Elder Dragon/Volibear (RU/FR),2,2,1
Azir/Elise (SI/SH),Shen/Sivir (IO/SH),2,2,1
Yasuo (IO/NX),Jack/Sett (BW/IO),2,2,1
Braum/Zoe (FR/MT),The Poro King (MT/RU),2,2,1
Irelia/Zed (IO/NX),Rumble/Vayne (DE/NX),2,2,1
Poppy (BC/NX),Miss Fortune/Swain (BW/NX),2,2,1
Championless (SI),The Poro King (FR/RU),2,2,1
Azir/Elise (SI/SH),Pyke/Rek'Sai (BW/SH),2,2,1
Nilah/Twisted Fate (BW/PZ),LeBlanc/Sivir (NX/SH),2,2,1
Elise/Kalista (FR/SI),Karma/Sett (IO/PZ),2,2,1
Braum/Lillia (FR/IO),Illaoi/Viego (BW/SI),2,2,1
Bard/Mordekaiser (RU/SI),Galio/Garen (DE/IO),2,2,1
Nilah/Twisted Fate (BW/PZ),Gnar/Norra (BC/FR),2,2,1
Nilah/Twisted Fate (BW/PZ),Aphelios/Gnar (FR/MT),2,2,1
Janna/Nilah (BW/PZ),Elise (NX/SI),2,2,1
The Poro King (MT/RU),Aphelios/Gnar (FR/MT),2,2,1
Quinn/Yuumi (DE/MT),Caitlyn/Teemo (BC/PZ),2,2,1
Annie/Jhin (RU/NX),Akshan/Zoe (MT/SH),2,2,1
Anivia/Elder Dragon/Lissandra/Volibear (RU/FR),Caitlyn/Trundle (FR/PZ),2,2,1
Evelynn/Fizz (BW/RU),Caitlyn/Swain (NX/PZ),2,2,1
Braum (FR/MT),Janna/Zilean (PZ/SH),2,2,1
Braum/Zoe (FR/MT),Samira/Seraphine (NX/PZ),2,2,1
Lulu/Zed (DE/IO),Braum/Zoe (FR/MT),2,2,1
Ashe/LeBlanc (FR/NX),Morgana/Udyr (DE/FR),0,2,0
Ezreal/Seraphine (IO/PZ),Katarina/Poppy (BC/NX),0,2,0
Akshan/Lee Sin (IO/SH),Riven/Viktor (NX/PZ),0,2,0
Aphelios/Viktor (MT/PZ),Braum/Lillia (FR/IO),0,2,0
Riven/Viktor (NX/PZ),Aphelios/Viktor (MT/PZ),0,2,0
Elise (NX/SI),Taliyah/Zilean (IO/SH),0,2,0
Draven/Jinx (NX/PZ),Elise (NX/SI),0,2,0
Karma/Seraphine/Sett (IO/PZ),Caitlyn/Teemo (FR/PZ),0,2,0
Caitlyn/Teemo (FR/PZ),Katarina/Yasuo (IO/NX),0,2,0
Norra/Viego (BC/SI),Caitlyn/Teemo (BC/PZ),0,2,0
Championless (FR/SI),The Poro King (MT/RU),0,2,0
Ekko/Zilean (PZ/SH),Ashe/LeBlanc (FR/NX),0,2,0
Ashe/LeBlanc (FR/NX),Elise/Norra (BC/SI),0,2,0
Yuumi/Zoe (FR/MT),Taliyah/Zilean (IO/SH),0,2,0
Championless (SI),Yuumi/Zoe (FR/MT),0,2,0
Akshan/Master Yi (IO/SH),Yuumi/Zoe (FR/MT),0,2,0
Annie/Jhin (RU/NX),Jinx/Kennen (BC/PZ),0,2,0
Nasus/Thresh (SI/SH),Lee Sin/Viktor (IO/PZ),0,2,0
Taliyah/Zilean (IO/SH),Elder Dragon/Morgana/Shyvana (RU/DE),0,2,0
Ekko/Nidalee (PZ/SH),Karma/Sett (FR/IO),0,2,0
Kayle (FR/MT),Karma/Sett (FR/IO),0,2,0
Annie/Jhin (RU/NX),Kalista (SI),0,2,0
Morgana/Udyr (DE/FR),Ashe (FR/PZ),0,2,0
Hecarim/Zed (IO/SI),Ezreal/Seraphine (IO/PZ),0,2,0
Ezreal/Seraphine (BC/PZ),Elder Dragon/Mordekaiser/Viego (RU/SI),0,2,0
Maokai/Nautilus (BW/SI),Jinx (BC/PZ),0,2,0
Jayce/Lux (DE/PZ),Azir/Irelia (IO/SH),0,2,0
Gnar/Teemo (BC/PZ),Master Yi/Zilean (IO/SH),0,2,0
Illaoi (BW/IO),Annie/Jhin (RU/NX),0,2,0
Elder Dragon/Volibear (RU/FR),Lucian/Zed (DE/IO),0,2,0
Caitlyn/Swain (NX/PZ),Kayle/Morgana (DE/MT),0,2,0
Akshan/Lee Sin (IO/SH),Ashe (FR/PZ),0,2,0
Ezreal/Seraphine (BC/PZ),Elder Dragon/Neeko (RU/RU),0,2,0
Championless (NX/PZ),Elder Dragon/Neeko (RU/RU),0,2,0
Nasus/Thresh (SI/SH),Akshan/Master Yi (IO/SH),0,2,0
LeBlanc/Vladimir (FR/NX),Neeko/Poppy (BC/RU),0,2,0
Braum/Lillia (FR/IO),Ashe (FR/PZ),0,2,0
Azir/Xerath (SH),Mordekaiser/Norra (BC/SI),0,2,0
Sion (NX/SI),Kindred/Shyvana (DE/SI),0,2,0
Championless (PZ/SI),Senna/Veigar (BC/SI),0,2,0
Soraka/Tahm Kench (BW/MT),Elder Dragon/Norra (RU/BC),0,2,0
Karma/Sett (IO/PZ),Pyke/Rek'Sai (BW/SH),0,2,0
Aatrox/Kayn (RU/RU),Master Yi/Nami (BW/IO),0,2,0
Norra (BC/SH),Karma/Sett (FR/IO),0,2,0
Draven/Jinx (NX/PZ),Ezreal/Karma/Seraphine (IO/PZ),0,2,0
Karma/Sett (IO/PZ),Taliyah/Zilean (IO/SH),0,2,0
Ezreal/Seraphine (BC/PZ),Taliyah/Zilean (IO/SH),0,2,0
Kayle/Zed (IO/MT),Championless (SI),0,2,0
Karma/Sett (FR/IO),Irelia/Miss Fortune (BW/IO),0,2,0
Karma/Seraphine/Sett (IO/PZ),Jack/Sett (BW/IO),0,2,0
Senna/Veigar (BC/SI),Ezreal/Jhin (RU/PZ),0,2,0
Championpile (DE/FR),Elder Dragon/Norra (RU/BC),0,2,0
Annie/Elise (NX/SI),Lulu/Poppy/Ziggs (BC/NX),0,2,0
Viego (NX/SI),Azir/Irelia (IO/SH),0,2,0
Senna/Veigar (BC/SI),Aurelion Sol/Zoe (FR/MT),0,2,0
Hecarim/Lucian (DE/SI),Senna/Veigar (BC/SI),0,2,0
Leona/Yasuo (IO/MT),Senna/Veigar (BC/SI),0,2,0
Braum/Vladimir (FR/NX),Senna/Veigar (BC/SI),0,2,0
Nidalee (BC/SH),Azir/Irelia (IO/SH),0,2,0
Ezreal/Karma/Seraphine (IO/PZ),Master Yi/Zilean (IO/SH),0,2,0
Elise (NX/SI),Master Yi/Zilean (IO/SH),0,2,0
Lee Sin/Viktor (IO/PZ),Swain/Vladimir (BW/NX),0,2,0
Azir/Xerath (SH),Akshan/Morgana/Taliyah (DE/SH),0,2,0
Anivia (FR/SI),Karma (FR/IO),0,2,0
Gwen (IO/SI),Pyke/Rek'Sai (BW/SH),0,2,0
Elder Dragon/Udyr (RU/FR),Ezreal/Seraphine (PZ/SI),0,2,0
Maokai/Nautilus (BW/SI),Morgana/Udyr (DE/FR),0,2,0
Braum/Udyr (FR/IO),Morgana/Udyr (DE/FR),0,2,0
Akshan/Morgana/Taliyah (DE/SH),Annie/Jhin (RU/NX),0,2,0
Azir/Hecarim (SI/SH),Jinx/Lulu (BC/PZ),0,2,0
Master Yi/Nami (BW/IO),Azir/Irelia (IO/SH),0,2,0
Akshan/Lee Sin (IO/SH),Yasuo (IO/NX),0,2,0
Aatrox/Kayn (RU/RU),Elder Dragon/Galio/Morgana (RU/DE),0,2,0
Darius/Miss Fortune (BW/NX),Anivia (FR/SI),0,2,0
Janna (IO/PZ),Karma/Sett (FR/IO),0,2,0
Braum/Vladimir (FR/NX),Karma/Sett (FR/IO),0,2,0
Elise (NX/SI),Anivia (FR/SI),0,2,0
Nilah/Twisted Fate (BW/PZ),Ezreal/Karma/Seraphine (IO/PZ),0,2,0
Aurelion Sol/Shyvana (DE/MT),Ezreal/Seraphine (NX/PZ),0,2,0
Ezreal/Seraphine (NX/PZ),Nilah/Twisted Fate (BW/PZ),0,2,0
Nidalee (BC/SH),Jinx/Kennen (BC/PZ),0,2,0
Nilah/Twisted Fate (BW/PZ),Elder Dragon/Seraphine/Viktor (RU/PZ),0,2,0
Draven/Jinx (NX/PZ),Master Yi/Zilean (IO/SH),0,2,0
Elise/Nocturne (SI/SH),Elder Dragon/Volibear (RU/FR),0,2,0
Akshan/Sivir (DE/SH),Elder Dragon/Volibear (RU/FR),0,2,0
Caitlyn/Teemo (BC/PZ),Akshan/Nilah (BW/SH),0,2,0
Hecarim/Zed (IO/SI),The Poro King (PZ/RU),0,2,0
Pyke/Rek'Sai (BW/SH),Kalista/Lucian (DE/SI),0,2,0
Championless (BC/SH),Azir/Irelia (IO/SH),0,2,0
Caitlyn/Teemo (BC/PZ),Ashe/LeBlanc (FR/NX),0,2,0
Karma/Sett (IO/PZ),Ezreal/Nilah (BW/PZ),0,2,0
Norra (BC/PZ),Braum/Vladimir (FR/NX),0,2,0
Elder Dragon/Mordekaiser/Viego (RU/SI),Ezreal/Seraphine (IO/PZ),0,2,0
Ashe (FR/PZ),Nasus/Thresh (SI/SH),0,2,0
The Poro King (MT/RU),Gwen/Nidalee (SI/SH),0,2,0
Katarina/Yasuo (IO/NX),Elder Dragon/Volibear (RU/FR),0,2,0
Yasuo (IO/NX),Fizz/Samira (BW/NX),0,2,0
Norra/Zoe (BC/MT),Annie/Jhin (RU/NX),0,2,0
The Poro King (DE/RU),Azir/Irelia (IO/SH),0,2,0
Diana/Nocturne (MT/SI),Ashe/LeBlanc (FR/NX),0,2,0
Darius/Gnar (FR/NX),Evelynn/Kai'Sa (RU/SH),0,2,0
Nidalee (BC/SH),Master Yi/Zilean (IO/SH),0,2,0
Braum/Zoe (FR/MT),Elder Dragon/Morgana/Shyvana (RU/DE),0,2,0
Kalista (DE/SI),Pyke/Rek'Sai (BW/SH),0,2,0
Championless (PZ/SI),Ezreal/Seraphine (IO/PZ),0,2,0
Bard/Norra (BC/RU),Fizz/Samira (BW/NX),0,2,0
Elder Dragon/Mordekaiser/Viego (RU/SI),Senna/Veigar (BC/SI),0,2,0
Annie/Jhin (RU/NX),Elder Dragon/Mordekaiser/Viego (RU/SI),0,2,0
Mordekaiser/Viego (SI),Elder Dragon/Volibear (RU/FR),0,2,0
Fizz/Samira (BW/NX),Ezreal/Nilah (BW/PZ),0,2,0
Bard/Norra (BC/RU),Elder Dragon/Volibear (RU/FR),0,2,0
Elder Dragon/Volibear (RU/FR),Akshan/Morgana/Taliyah (DE/SH),0,2,0
Bard/Norra (BC/RU),Norra/Swain (BC/NX),0,2,0
Braum/Zoe (FR/MT),Annie/Gwen (NX/SI),0,2,0
Ashe/LeBlanc (FR/NX),Nasus (SI/SH),0,2,0
Annie/Elise (NX/SI),Elder Dragon/Volibear (RU/FR),0,2,0
Norra/Zoe (BC/MT),Evelynn/Kai'Sa (RU/SH),0,2,0
Ekko/Sivir (PZ/SH),Evelynn/Kai'Sa (RU/SH),0,2,0
Azir (MT/SH),Azir/Irelia (IO/SH),0,2,0
Anivia (FR/SI),Teemo (BC/PZ),0,2,0
The Poro King (MT/RU),Pyke/Rek'Sai (BW/SH),0,2,0
Akshan/Lee Sin (IO/SH),Elise (NX/SI),0,2,0
Braum/Norra (BC/FR),Maokai (BW/SI),0,2,0
Akshan/Samira (NX/SH),Master Yi/Zilean (IO/SH),0,2,0
Braum (FR/SI),Annie/Gwen (NX/SI),0,2,0
Annie/Jhin (RU/NX),Elise/Nocturne (NX/SI),0,2,0
Darius/Gnar (FR/NX),Senna/Veigar (BC/SI),0,2,0
Gnar/Teemo (BC/PZ),Azir/Irelia (IO/SH),0,2,0
Ezreal/Seraphine (IO/PZ),Azir/Xerath (SH),0,2,0
Elder Dragon (RU/FR),Pyke/Rek'Sai (BW/SH),0,2,0
Nami/Samira (BW/NX),Nilah/Twisted Fate (BW/PZ),0,2,0
Nilah/Twisted Fate (BW/PZ),Caitlyn/Teemo (FR/PZ),0,2,0
Evelynn/Kai'Sa (RU/SH),Garen/Sivir (DE/SH),0,2,0
Bard/Norra (BC/RU),Caitlyn/Teemo (FR/PZ),0,2,0
Garen/Udyr (DE/FR),Annie/Jhin (RU/NX),0,2,0
Norra/Poppy (BC/NX),Annie/Elise (NX/SI),0,2,0
Garen/Udyr (DE/FR),Evelynn/Kai'Sa (RU/SH),0,2,0
Lissandra/Taliyah (FR/SH),Anivia (FR/SI),0,2,0
Azir/Irelia (IO/SH),Norra (BC/NX),0,2,0
Akshan/Ekko (PZ/SH),Pyke/Rek'Sai (BW/SH),0,2,0
Anivia (FR/SI),Poppy/Ziggs (BC/NX),0,2,0
Malphite/Yasuo (IO/MT),Jax/Ornn (FR/RU),0,2,0
Fiora/Udyr (DE/FR),Draven/Samira (NX/PZ),0,2,0
Galio/Udyr (DE/FR),Annie/Jhin (RU/NX),0,2,0
Heimerdinger/Viktor (IO/PZ),Annie/Jhin (RU/NX),0,2,0
Darius (FR/NX),Poppy/Ziggs (BC/NX),0,2,0
Pyke/Rek'Sai (BW/SH),Ezreal/Nilah (BW/PZ),0,2,0
Akshan/Lissandra (FR/SH),Braum/Zoe (FR/MT),0,2,0
Braum/Zoe (FR/MT),Anivia (FR/SI),0,2,0
Annie/Gwen (NX/SI),Anivia (FR/SI),0,2,0
Lux: Illuminated/Zed (DE/IO),LeBlanc/Udyr (FR/NX),0,2,0
Taliyah/Zilean (IO/SH),Aurelion Sol/Zoe (FR/MT),0,2,0
Lux/The Poro King (DE/RU),Pyke/Rek'Sai (BW/SH),0,2,0
Lux/The Poro King (DE/RU),Braum/Vladimir (FR/NX),0,2,0
Ashe/LeBlanc (FR/NX),Lux/The Poro King (DE/RU),0,2,0
Senna/Veigar (BC/SI),Akshan/Varus (SH/RU),0,2,0
Braum/Zoe (FR/MT),Jinx/Lulu (BC/PZ),0,2,0
Draven/Jinx (NX/PZ),Jinx/Lulu (BC/PZ),0,2,0
Kindred/Nasus (SI/SH),Jinx/Lulu (BC/PZ),0,2,0
Annie/Jhin (RU/NX),Braum/Yuumi/Zoe (FR/MT),0,2,0
Ezreal/Seraphine (IO/PZ),Elder Dragon/Galio/Morgana (RU/DE),0,2,0
Bard/Mordekaiser (RU/SI),Nilah/Twisted Fate (BW/PZ),0,2,0
Nilah/Twisted Fate (BW/PZ),Mordekaiser/Norra (BC/SI),0,2,0
Elder Dragon/Volibear (RU/FR),Teemo/Yuumi (BC/MT),0,2,0
Ryze (RU/SH),Pyke/Rek'Sai (BW/SH),0,2,0
Pyke/Rek'Sai (BW/SH),Akshan/Sivir (FR/SH),0,2,0
Rumble/Sion (BC/NX),Pyke/Rek'Sai (BW/SH),0,2,0
Gangplank/Sejuani (BW/FR),Elder Dragon/Morgana (RU/DE),0,2,0
Caitlyn/Teemo (BC/PZ),Gangplank/Sejuani (BW/FR),0,2,0
Azir/Irelia (IO/SH),Nami/Samira (BW/NX),0,2,0
Akshan/Nasus (SI/SH),Gwen/Kalista (NX/SI),0,2,0
Akshan/Sivir (FR/SH),Elder Dragon/Seraphine/Viktor (RU/PZ),0,2,0
Lulu/Tahm Kench (BW/IO),Championless (SI),0,2,0
Kayle (BW/MT),Malphite/Yasuo (IO/MT),0,2,0
Rumble/Sion (BC/NX),Malphite/Yasuo (IO/MT),0,2,0
Malphite/Yasuo (IO/MT),Lulu/Shen (DE/IO),0,2,0
Aatrox/Kayn (RU/RU),Kayle/Lillia (IO/MT),0,2,0
Elder Dragon/Shyvana (RU/DE),Mordekaiser/Norra (BC/SI),0,2,0
Ezreal/Karma (IO/PZ),Caitlyn/Teemo (BC/PZ),0,2,0
Kalista (NX/SI),Ezreal/Karma (IO/PZ),0,2,0
Galio/Garen (DE/FR),Caitlyn/Jack (BW/PZ),0,2,0
Elder Dragon/Volibear (RU/FR),Gangplank/Twisted Fate (BW/NX),0,2,0
Karma/Sett (FR/IO),Aurelion Sol/Shyvana (DE/MT),0,2,0
Championless (PZ/SI),Elder Dragon/Galio/Morgana (RU/DE),0,2,0
Senna (PZ/SI),Ashe/LeBlanc (FR/NX),0,2,0
Akshan/Morgana (MT/SH),Morgana/Riven (MT/NX),0,2,0
Senna (PZ/SI),Caitlyn/Teemo (BC/PZ),0,2,0
Akshan/Varus (SH/RU),Rumble/Sion (BC/NX),0,2,0
Caitlyn/Teemo (BC/PZ),Norra/Teemo (BC/PZ),0,2,0
Teemo (BC/PZ),Elder Dragon/Galio/Morgana (RU/DE),0,2,0
Lux: Illuminated/Vex (BC/DE),Elder Dragon/Galio/Morgana (RU/DE),0,2,0
Elder Dragon/Galio/Morgana (RU/DE),Jinx/Lulu (BC/PZ),0,2,0
Fiora (DE/SH),Ryze (RU/SH),0,2,0
Senna/Veigar (BC/SI),Braum (DE/FR),0,2,0
Fizz/Samira (BW/NX),Norra/Zoe (BC/MT),0,2,0
Gwen/Hecarim (SI),Norra/Zoe (BC/MT),0,2,0
Senna (PZ/SI),Hecarim (IO/SI),0,2,0
Ezreal/Karma (IO/PZ),Maokai/Nautilus (BW/SI),0,2,0
Annie/Twisted Fate (BW/NX),Taliyah/Zilean (IO/SH),0,2,0
Janna/Sett (IO/PZ),Jayce/Lux (DE/PZ),0,2,0
Sett/Trundle (FR/IO),Elder Dragon/Volibear (RU/FR),0,2,0
Sett/Trundle (FR/IO),Annie/Jhin (RU/NX),0,2,0
Nilah/Twisted Fate (BW/PZ),Elder Dragon/Mordekaiser/Viego (RU/SI),0,2,0
Championless (BC/SH),Elder Dragon/Volibear (RU/FR),0,2,0
Teemo/Zoe (MT/PZ),Elder Dragon/Galio/Morgana (RU/DE),0,2,0
Ashe/LeBlanc (FR/NX),Aatrox/Kayn (RU/RU),0,2,0
The Poro King (RU/SI),Caitlyn/Teemo (BC/PZ),0,2,0
Evelynn/Kai'Sa (RU/SH),Hecarim (IO/SI),0,2,0
Nasus (SI/SH),Senna/Veigar (BC/SI),0,2,0
Akshan/Lee Sin (IO/SH),Poppy/Taric (DE/MT),0,2,0
Senna/Veigar (PZ/SI),Championless (SI),0,2,0
Kindred (DE/SI),Karma/Sett (IO/PZ),0,2,0
Elder Dragon/Morgana (RU/DE),Elder Dragon/Galio/Morgana (RU/DE),0,2,0
Gwen/Jax (RU/SI),Gangplank/Swain (BW/NX),0,2,0
Aphelios/Viktor (MT/PZ),Lulu/Shen (DE/IO),0,2,0
Gangplank/Sejuani (BW/FR),Janna/Twisted Fate (BW/PZ),0,2,0
Galio/Udyr (DE/FR),Malphite/Yasuo (IO/MT),0,2,0
Braum/Vladimir (FR/NX),Ashe (FR/PZ),0,2,0
Caitlyn/Teemo (FR/PZ),Azir/Xerath (SH),0,2,0
Heimerdinger/Viktor (IO/PZ),Jack/Sett (BW/IO),0,2,0
Norra/Teemo (BC/PZ),Jack/Sett (BW/IO),0,2,0
Championless (SI),Bard/Mordekaiser (RU/SI),0,2,0
Swain/Yasuo (IO/NX),Bard/Mordekaiser (RU/SI),0,2,0
Bard/Mordekaiser (RU/SI),Taliyah/Zilean (IO/SH),0,2,0
Azir/Irelia (IO/SH),Janna/Mordekaiser (PZ/SI),0,2,0
Akshan/Vayne (DE/SH),Kayle (BW/MT),0,2,0
Galio/Udyr (DE/FR),Braum/Vladimir (FR/NX),0,2,0
Aatrox/Kayn (RU/RU),Akshan/Varus (SH/RU),0,2,0
Swain/Vladimir (FR/NX),Kayle/Lillia (IO/MT),0,2,0
Gwen/Riven (NX/SI),Maokai/Nautilus (BW/SI),0,2,0
Jack/Sett (BW/IO),Darius/Gwen (NX/SI),0,2,0
Akshan/Varus (SH/RU),Elder Dragon/Elise (RU/SI),0,2,0
Gnar/Teemo (BC/PZ),Elder Dragon/Volibear (RU/FR),0,2,0
Ekko/Zilean (PZ/SH),Elder Dragon/Volibear (RU/FR),0,2,0
Aatrox/Kayn (RU/RU),Jack/Sett (BW/IO),0,2,0
Lissandra/Mordekaiser (FR/SI),Janna/Twisted Fate (BW/PZ),0,2,0
Braum/Soraka (FR/MT),Evelynn (RU/FR),0,2,0
Nautilus (BW/SI),Azir/Irelia (IO/SH),0,2,0
Elder Dragon/Morgana/Shyvana (RU/DE),Annie/Jhin (RU/NX),0,2,0
Championless (FR/SI),Hecarim (IO/SI),0,2,0
Lux: Illuminated/Vex (BC/DE),Jhin/Kennen (IO/RU),0,2,0
Jhin/Kennen (IO/RU),Azir/Irelia (IO/SH),0,2,0
Ashe/LeBlanc (FR/NX),Mordekaiser/Viego (IO/SI),0,2,0
Ashe/LeBlanc (FR/NX),Gangplank/Sejuani (BW/FR),0,2,0
The Poro King (MT/RU),Anivia (FR/SI),0,2,0
Annie/Jhin (RU/NX),Nocturne/Vex (PZ/SI),0,2,0
Caitlyn/Teemo (BC/PZ),Elder Dragon/Morgana (RU/DE),0,2,0
Draven/Jinx (NX/PZ),Viktor/Zoe (MT/PZ),0,2,0
Azir/Xerath (SH),Elder Dragon/Lissandra/Volibear (RU/FR),0,2,0
Hecarim (IO/SI),Annie/Jhin (RU/NX),0,2,0
Gwen/Hecarim (IO/SI),Gnar/Neeko (FR/RU),0,2,0
Kindred/Viego (NX/SI),Ezreal/Seraphine (IO/PZ),0,2,0
Elder Dragon (RU/FR),Karma/Sett (FR/IO),0,2,0
Senna/Veigar (BC/SI),Trundle/Volibear (FR/NX),0,2,0
Taliyah/Zilean (IO/SH),Elder Dragon/Morgana (RU/DE),0,2,0
Elder Dragon/Mordekaiser/Viego (RU/SI),Lulu/Zed (BC/IO),0,2,0
Janna/Mordekaiser (PZ/SI),Ekko (PZ/SH),0,2,0
Caitlyn/Teemo (BC/PZ),Azir/Xerath (SH),0,2,0
Elder Dragon/Morgana (RU/DE),Poppy/Ziggs (BC/NX),0,2,0
Kayle/Lillia (IO/MT),Azir/Irelia (IO/SH),0,2,0
Nocturne/Vex (PZ/SI),Miss Fortune/Twisted Fate (BW/NX),0,2,0
Norra/Zoe (BC/MT),Katarina/Yasuo (IO/NX),0,2,0
Diana/Nocturne (MT/SI),Ashe (FR/PZ),0,2,0
Jhin/Yasuo (IO/RU),Janna/Nilah (BW/PZ),0,2,0
Braum/Zoe (FR/MT),Katarina/Leona (MT/NX),0,2,0
Darius/Katarina (FR/NX),Ashe (FR/PZ),0,2,0
Ashe (FR/PZ),Caitlyn/Teemo (DE/PZ),0,2,0
Ezreal/Seraphine (BC/PZ),Evelynn/Kai'Sa (RU/SH),0,2,0
Braum (FR),Hecarim/Zed (IO/SI),0,2,0
Poppy/Ziggs (BC/NX),Ekko/Jinx (PZ/SH),0,2,0
Caitlyn/Teemo (DE/PZ),Jhin (RU/PZ),0,2,0
Caitlyn/Teemo (DE/PZ),Annie/Jhin (RU/NX),0,2,0
Aurelion Sol/Zoe (MT),Annie/Jhin (RU/NX),0,2,0
Janna/Nilah (BW/PZ),Nidalee (BC/SH),0,2,0
Lux: Illuminated/Vex (BC/DE),Elder Dragon/Morgana (RU/DE),0,2,0
Akshan/Udyr (FR/SH),Elder Dragon/Morgana (RU/DE),0,2,0
Norra/Trundle (BC/FR),Azir/Irelia (IO/SH),0,2,0
Samira/Twisted Fate (BW/NX),Azir/Irelia (IO/SH),0,2,0
Janna/Master Yi (IO/PZ),Azir/Irelia (IO/SH),0,2,0
Hecarim (IO/SI),Azir/Irelia (IO/SH),0,2,0
Pyke/Rek'Sai (BW/SH),Gnar/Sejuani (FR/NX),0,2,0
Ezreal/Janna (BW/PZ),Elder Dragon/Volibear (RU/FR),0,2,0
Caitlyn/Teemo (BC/PZ),LeBlanc (FR/NX),0,2,0
Fiora (DE/SH),Anivia (FR/SI),0,2,0
Braum/Norra (BC/FR),Elder Dragon/Volibear (RU/FR),0,2,0
Ekko/Jinx (PZ/SH),Annie/Gwen (NX/SI),0,2,0
Norra/Swain (BC/NX),Janna/Nilah (BW/PZ),0,2,0
Ezreal/Kennen (IO/PZ),LeBlanc/Udyr (FR/NX),0,2,0
Anivia/Elder Dragon/Volibear (RU/FR),Elder Dragon/Volibear (RU/FR),0,2,0
Nami/Nilah (BW/PZ),Elise (NX/SI),0,2,0
Hecarim (IO/SI),Elise (NX/SI),0,2,0
Championless (FR/SI),Elise (NX/SI),0,2,0
Fiora/Shen (DE/IO),Nilah/Twisted Fate (BW/PZ),0,2,0
Zoe (FR/MT),Elder Dragon/Volibear (RU/FR),0,2,0
Ahri/Kennen (BC/IO),Akshan/Master Yi (IO/SH),0,2,0
Ezreal/Seraphine (BC/PZ),LeBlanc/Udyr (FR/NX),0,2,0
Ezreal/Seraphine (BC/PZ),Seraphine/Zoe (MT/PZ),0,2,0
Gwen/Irelia (IO/SI),Evelynn/Kai'Sa (RU/SH),0,2,0
Ezreal/Kennen (IO/PZ),Diana (BC/MT),0,2,0
Caitlyn/Teemo (BC/PZ),Gwen/Kalista (NX/SI),0,2,0
Caitlyn/Teemo (BC/PZ),Aphelios/Zoe (MT/PZ),0,2,0
Fizz/Samira (BW/NX),Seraphine/Zoe (MT/PZ),0,2,0
Lux: Illuminated/Shen (DE/IO),Annie/Jhin (RU/NX),0,2,0
Annie/Gwen (NX/SI),Miss Fortune/Swain (BW/NX),0,2,0
Caitlyn/Norra (BC/PZ),Senna/Veigar (BC/SI),0,2,0
Elder Dragon/Norra/Vex (RU/BC),Mordekaiser/Viego (IO/SI),0,2,0
Mordekaiser/Viego (IO/SI),Ezreal/Seraphine (BC/PZ),0,2,0
Karma/Sett (FR/IO),Master Yi/Riven (IO/NX),0,2,0
Annie/Jhin (RU/NX),Janna/Seraphine (IO/PZ),0,2,0
Fizz/Samira (BW/NX),Janna/Nilah (BW/PZ),0,2,0
Jhin (RU/PZ),Ezreal/Kennen (IO/PZ),0,2,0
Kennen/Lux: Illuminated (DE/IO),Annie/Jhin (RU/NX),0,2,0
Sion (NX/SI),Elder Dragon/Morgana (RU/DE),0,2,0
Bard/Janna (RU/PZ),Pyke/Rek'Sai (BW/SH),0,2,0
Nilah/Twisted Fate (BW/PZ),The Poro King (RU/SH),0,2,0
Akshan/Master Yi (IO/SH),Janna/Nilah (BW/PZ),0,2,0
Gangplank/Sejuani (BW/FR),Vex (BC/SI),0,2,0
Nilah/Twisted Fate (BW/PZ),Seraphine/Zoe (MT/PZ),0,2,0
Elder Dragon/Norra/Vex (RU/BC),Jack/Sett (BW/IO),0,2,0
Ryze (RU/SI),Karma/Sett (FR/IO),0,2,0
Irelia/Quinn (DE/IO),Caitlyn/Teemo (FR/PZ),0,2,0
Norra/Swain (BC/NX),Ashe (FR/PZ),0,2,0
Renekton (BW/SH),Caitlyn/Teemo (FR/PZ),0,2,0
Ezreal/Seraphine (BW/PZ),Pyke/Rek'Sai (BW/SH),0,2,0
Draven/Seraphine (NX/PZ),Ezreal/Seraphine (BC/PZ),0,2,0
Heimerdinger/Viktor (IO/PZ),Elder Dragon/Galio/Morgana (RU/DE),0,2,0
Lux: Illuminated/Shen (DE/IO),Ezreal/Nilah (BW/PZ),0,2,0
Taliyah/Zilean (IO/SH),Ryze (IO/RU),0,2,0
Teemo (BC/PZ),Annie/Jhin (RU/NX),0,2,0
Seraphine (PZ/SI),Braum/Zoe (FR/MT),0,2,0
Malphite/Yasuo (IO/MT),Pyke/Rek'Sai (BW/SH),0,2,0
Norra/Swain (BC/NX),Garen/Lulu (DE/IO),0,2,0
Ezreal/Teemo (PZ/SI),Ezreal/Nilah (BW/PZ),0,2,0
Evelynn/Lucian (DE/RU),Draven/Jinx (NX/PZ),0,2,0
Ashe (FR/PZ),Elise/Norra (BC/SI),0,2,0
Caitlyn/Teemo (FR/PZ),Teemo (PZ/SI),0,2,0
Elder Dragon/Seraphine/Viktor (RU/PZ),Pyke/Rek'Sai (BW/SH),0,2,0
Azir/Irelia (IO/SH),Ezreal/Karma (IO/PZ),0,2,0
Ryze (IO/RU),Pyke/Rek'Sai (BW/SH),0,2,0
Jinx/Zed (IO/PZ),Pyke/Rek'Sai (BW/SH),0,2,0
Caitlyn/Teemo (BC/PZ),Darius/Katarina (FR/NX),0,2,0
Norra/Teemo (BC/SI),Nilah/Twisted Fate (BW/PZ),0,2,0
Jayce/Lux (DE/PZ),Elder Dragon/Trundle (RU/FR),0,2,0
Braum/The Poro King (FR/RU),Gnar/Nidalee (BC/SH),0,2,0
Illaoi (BW/FR),Nasus/Thresh (SI/SH),0,2,0
Annie/Jhin (RU/NX),Morgana/Poppy (BC/DE),0,2,0
Master Yi/Nami (BW/IO),Norra/Zoe (BC/MT),0,2,0
Darius/Elise (NX/SI),Gangplank/Twisted Fate (BW/NX),0,2,0
Heimerdinger/Viktor (BC/PZ),Elder Dragon/Morgana (RU/DE),0,2,0
Teemo (BC/PZ),Nasus/Thresh (SI/SH),0,2,0
Nasus/Thresh (SI/SH),Malphite/Taliyah (MT/SH),0,2,0
Ashe/Udyr (FR/MT),Nasus/Thresh (SI/SH),0,2,0
Kalista/Seraphine (PZ/SI),Bard/Norra (BC/RU),0,2,0
Braum/Lissandra (FR/SH),Kalista/Seraphine (PZ/SI),0,2,0
Gangplank/Sejuani (BW/FR),Taliyah/Zilean (IO/SH),0,2,0
Kindred/Viego (SI/SH),Braum/Yuumi/Zoe (FR/MT),0,2,0
Elise (FR/SI),Maokai/Nautilus (BW/SI),0,2,0
Annie/Gwen (NX/SI),Draven/Jinx (NX/PZ),0,2,0
Ezreal/Kennen (IO/PZ),Caitlyn/Lissandra (FR/PZ),0,2,0
Swain/Yasuo (IO/NX),Bard/Ekko (RU/PZ),0,2,0
Ezreal/Seraphine (BC/PZ),Azir/Irelia (IO/SH),0,2,0
Lucian/Lux: Illuminated (DE/IO),Caitlyn/Teemo (BC/PZ),0,2,0
Caitlyn/Lissandra (FR/PZ),Bard/Norra (BC/RU),0,2,0
Braum/The Poro King (FR/RU),Ezreal/Nilah (BW/PZ),0,2,0
Caitlyn/Teemo (DE/PZ),Gwen/Katarina (NX/SI),0,2,0
Janna/Norra (BC/PZ),Gwen/Katarina (NX/SI),0,2,0
Poppy/Ziggs (BC/NX),Karma/Seraphine/Sett (IO/PZ),0,2,0
Galio/Soraka (DE/MT),Taliyah/Zilean (IO/SH),0,2,0
Evelynn/Kai'Sa (RU/SH),Ashe (FR/PZ),0,2,0
Elder Dragon/Norra (RU/BC),Vex (BC/SI),0,2,0
Ashe (FR/PZ),Braum/The Poro King (FR/RU),0,2,0
Gangplank/Miss Fortune/Swain (BW/NX),Azir/Irelia (IO/SH),0,2,0
Ezreal/Seraphine (BC/PZ),Nidalee (BC/SH),0,2,0
Ezreal/Kennen (IO/PZ),Ezreal/Seraphine (BC/PZ),0,2,0
Evelynn/Kai'Sa (RU/SH),Teemo (PZ/SI),0,2,0
Garen/Udyr (DE/FR),Pyke/Rek'Sai (BW/SH),0,2,0
Braum/Vladimir (FR/NX),Nilah/Twisted Fate (BW/PZ),0,2,0
Elder Dragon/Norra/Vex (RU/BC),Nilah/Twisted Fate (BW/PZ),0,2,0
Ashe (FR/PZ),Darius/LeBlanc/Riven (BW/NX),0,2,0
Maokai/Nautilus (BW/SI),Jayce/Viktor (BW/PZ),0,2,0
Championless (BW/NX),Poppy/Ziggs (BC/NX),0,2,0
Ashe (FR/PZ),Miss Fortune/Twisted Fate (BW/NX),0,2,0
Mordekaiser/Viego (IO/SI),Heimerdinger/Viktor (IO/PZ),0,2,0
Poppy (BC/NX),Akshan/Ornn (FR/SH),0,2,0
Poppy/Ziggs (BC/NX),Ezreal/Seraphine (IO/PZ),0,2,0
Azir/Xerath (SH),Hecarim/Zed (IO/SI),0,2,0
Aurelion Sol/Elder Dragon (RU/MT),Fizz/Samira (BW/NX),0,2,0
Kindred/Mordekaiser (BC/SI),Annie/Jhin (RU/NX),0,2,0
Maokai/Nautilus (BW/SI),Galio/Morgana (DE/FR),0,2,0
Braum/Udyr/Vladimir (FR/NX),Galio/Morgana (DE/FR),0,2,0
Aurelion Sol/Shyvana (DE/MT),The Poro King (FR/RU),0,2,0
Elder Dragon/Mordekaiser/Viego (RU/SI),Elder Dragon (RU/FR),0,2,0
Aurelion Sol/Shyvana (DE/MT),Miss Fortune/Twisted Fate (BW/NX),0,2,0
Azir/Irelia (IO/SH),Aurelion Sol/Shyvana (DE/MT),0,2,0
Aurelion Sol/Shyvana (DE/MT),Elder Dragon/Volibear (RU/FR),0,2,0
Zoe (MT/PZ),Gnar/Kayle (FR/MT),0,2,0
Ekko/Zilean (PZ/SH),Evelynn/Lucian (DE/RU),0,2,0
Taric (DE/MT),Lee Sin/Viktor (IO/PZ),0,2,0
Trundle/Volibear (DE/FR),Azir/Renekton (SH),0,2,0
Maokai/Nautilus (BW/SI),Elder Dragon/Lissandra/Volibear (RU/FR),0,2,0
Elder Dragon/Lissandra/Volibear (RU/FR),Championless (SI),0,2,0
Illaoi (BW/IO),Championless (SI),0,2,0
Annie/Gwen (NX/SI),Norra/Teemo (BC/PZ),0,2,0
Gwen/Zed (IO/SI),Draven/Jinx (NX/PZ),0,2,0
Bard/Norra (BC/RU),Draven/Jinx (NX/PZ),0,2,0
Ashe/LeBlanc (FR/NX),Miss Fortune/Twisted Fate (BW/NX),0,2,0
Darius/Miss Fortune (BW/NX),Azir/Irelia (IO/SH),0,2,0
Gnar/Nidalee (BC/SH),Azir/Irelia (IO/SH),0,2,0
Aphelios/Yasuo (IO/MT),Azir/Irelia (IO/SH),0,2,0
Akshan/Sivir (DE/SH),Azir/Irelia (IO/SH),0,2,0
Jayce/Lux (DE/PZ),Tahm Kench/Udyr (BW/FR),0,2,0
Elder Dragon/Lissandra/Trundle (RU/FR),Gwen/Katarina (NX/SI),0,2,0
Norra (BC/SI),Elder Dragon/Volibear (RU/FR),0,2,0
Akshan/Samira (NX/SH),Anivia (FR/SI),0,2,0
Elder Dragon/Norra/Vex (RU/BC),Azir/Irelia (IO/SH),0,2,0
Azir/Xerath (SH),Jack/Sett (BW/IO),0,2,0
Anivia/Mordekaiser (FR/SI),Elder Dragon/Volibear (RU/FR),0,2,0
Janna/Nilah (BW/PZ),Elder Dragon/Volibear (RU/FR),0,2,0
Jarvan IV/Kayn (DE/RU),Ezreal/Seraphine (IO/PZ),0,2,0
Trundle/Volibear (DE/FR),Annie/Jhin (RU/NX),0,2,0
Miss Fortune/Quinn (BW/DE),Lux: Illuminated/Vex (BC/DE),0,2,0
Yasuo (IO/NX),Aphelios/Viktor (MT/PZ),0,2,0
Aphelios/Viktor (MT/PZ),Championless (BC/SI),0,2,0
Braum/Zoe (FR/MT),Morgana/Taliyah (DE/SH),0,2,0
Jayce/Lux (DE/PZ),Braum/Zoe (FR/MT),0,2,0
Annie/Gwen (NX/SI),Elder Dragon/Lissandra/Trundle (RU/FR),0,2,0
Nami/Samira (BW/NX),Annie/Gwen (NX/SI),0,2,0
Tahm Kench/Taric (BW/MT),Championless (SI),0,2,0
Karma/Seraphine (IO/PZ),Elise (FR/SI),0,2,0
Akshan/Udyr (FR/SH),Taliyah/Zilean (IO/SH),0,2,0
Miss Fortune/Vayne (BW/DE),Elise (FR/SI),0,2,0
Jayce/Lux (DE/PZ),Nasus/Thresh (SI/SH),0,2,0
Braum/Lillia (FR/IO),Jayce/Lux (DE/PZ),0,2,0
Mordekaiser/Viego (MT/SI),Trundle/Volibear (FR/IO),0,2,0
Hecarim/Zed (IO/SI),Norra/Swain (BC/NX),0,2,0
Ashe/Jayce (FR/PZ),Nasus/Thresh (SI/SH),0,2,0
Aphelios/Zoe (MT),Elder Dragon/Elise (RU/SI),0,2,0
Evelynn/Kai'Sa (RU/SH),Mordekaiser/Norra (BC/SI),0,2,0
Annie/Gwen (NX/SI),Miss Fortune/Twisted Fate (BW/NX),0,2,0
Draven/Jinx (NX/PZ),Senna/Veigar (BC/SI),0,2,0
Annie/Jhin (RU/NX),Jayce/Lux (DE/PZ),0,2,0
Azir/Hecarim (SI/SH),Taliyah/Zilean (IO/SH),0,2,0
Elder Dragon/Mordekaiser/Viego (RU/SI),Azir/Hecarim (SI/SH),0,2,0
Jax/Vi (RU/PZ),Azir/Irelia (IO/SH),0,2,0
Jinx/Lulu (BC/PZ),Gwen/Katarina (NX/SI),0,2,0
Jax/Ornn (FR/RU),Senna/Veigar (BC/SI),0,2,0
Karma/Sett (FR/IO),Hecarim/Zed (IO/SI),0,2,0
Azir/Irelia (IO/SH),Norra/Poppy (BC/NX),0,2,0
Lux/Morgana (DE/MT),Ashe/LeBlanc (FR/NX),0,2,0
Evelynn (RU/SI),Elder Dragon/Volibear (RU/FR),0,2,0
Aurelion Sol (FR/MT),Rumble/Sion (BC/NX),0,2,0
Ashe/LeBlanc (FR/NX),Jack/Sett (BW/IO),0,2,0
Lee Sin/Viktor (IO/PZ),Azir/Irelia (IO/SH),0,2,0
Championpile (MT/PZ),Janna/Nilah (BW/PZ),0,2,0
Azir/Hecarim (SI/SH),Nilah/Twisted Fate (BW/PZ),0,2,0
Akshan/Sivir (FR/SH),LeBlanc (FR/NX),0,2,0
Ezreal/Janna/Seraphine (NX/PZ),Poppy/Ziggs (BC/NX),0,2,0
Ezreal/Seraphine (MT/PZ),Elder Dragon/Volibear (RU/FR),0,2,0
Soraka/Tahm Kench (BW/MT),Poppy/Ziggs (BC/NX),0,2,0
Championless (SI),Jax/Vi (RU/PZ),0,2,0
Jayce (MT/PZ),Elder Dragon (RU/FR),0,2,0
Fiora (DE/SH),Heimerdinger/Viktor (IO/PZ),0,2,0
Championpile/Elder Dragon (RU/FR),Championless (SI),0,2,0
Caitlyn/Teemo (BC/PZ),Katarina/Lucian (DE/NX),0,2,0
Shyvana/Taric (DE/MT),LeBlanc/Udyr (FR/NX),0,2,0
Shyvana/Taric (DE/MT),Ashe (FR/PZ),0,2,0
Jack/Sett (BW/IO),Championless (MT/SI),0,2,0
Akshan/Karma (IO/SH),Azir/Irelia (IO/SH),0,2,0
Hecarim/Zed (IO/SI),Jhin/Nami (BW/RU),0,2,0
Ashe (FR/PZ),Aphelios/Zoe (IO/MT),0,2,0
Janna/Morgana (MT/PZ),Galio/Garen (DE/IO),0,2,0
Ezreal (PZ/SI),Elder Dragon/Volibear (RU/FR),0,2,0
Azir/Irelia (IO/SH),Karma/Seraphine (IO/PZ),0,2,0
Braum/Zoe (FR/MT),Akshan/Samira (NX/SH),0,2,0
Senna (PZ/SI),Braum/Vladimir (FR/NX),0,2,0
Leona/Yasuo (IO/MT),Braum/Zoe (FR/MT),0,2,0
Janna (PZ/SI),Braum/Zoe (FR/MT),0,2,0
Norra/Swain (BC/NX),Gangplank/Sejuani (BW/FR),0,2,0
Zoe (MT/PZ),Norra/Teemo (BC/PZ),0,2,0
Elise (NX/SI),Norra/Swain (BC/NX),0,2,0
Caitlyn/Trundle (FR/PZ),Elise (NX/SI),0,2,0
Caitlyn/Teemo (BC/PZ),Rumble/Vayne (DE/NX),0,2,0
Evelynn/Fizz (BW/RU),Fiora/Pantheon (DE/MT),0,2,0
Samira/Sejuani (FR/NX),Draven/Seraphine (NX/PZ),0,2,0
Ashe (FR/PZ),Draven/Seraphine (NX/PZ),0,2,0
Fizz/Samira (BW/NX),Draven/Seraphine (NX/PZ),0,2,0
Hecarim/Zed (IO/SI),Braum/Vladimir (FR/NX),0,2,0
Kindred/Nasus (SI/SH),Annie/Jhin (RU/NX),0,2,0
Annie/Gwen (NX/SI),Akshan/Sivir (NX/SH),0,2,0
Caitlyn/Teemo (FR/PZ),Poppy/Ziggs (BC/NX),0,2,0
Heimerdinger/Viktor (IO/PZ),Miss Fortune/Twisted Fate (BW/NX),0,2,0
Karma/Sett (FR/IO),Ashe (FR/PZ),0,2,0
Fiora/Pantheon (DE/MT),Ezreal/Nilah (BW/PZ),0,2,0
Annie/Jhin (RU/NX),Draven/Seraphine (NX/PZ),0,2,0
Elder Dragon/Volibear (RU/FR),Diana/Nocturne (MT/SI),0,2,0
Akshan/Sivir (NX/SH),Elder Dragon/Volibear (RU/FR),0,2,0
Senna/Veigar (BC/SI),Seraphine (MT/PZ),0,2,0
Championless (BC/PZ),Nidalee (BC/SH),0,2,0
Taliyah/Zilean (DE/SH),Jack/Sett (BW/IO),0,2,0
Aatrox/Kayn (RU/RU),Pyke/Rek'Sai (BW/SH),0,2,0
Zoe (DE/MT),Aphelios/Gnar (FR/MT),0,2,0
Ahri/Kennen (BC/IO),Seraphine (MT/PZ),0,2,0
LeBlanc/Sivir (NX/SH),Draven/Jinx (NX/PZ),0,2,0
Katarina/Kennen (IO/NX),Azir/Xerath (SH),0,2,0
Garen/Jarvan IV (DE),Fiora (DE/SH),0,2,0
Annie/Ezreal (NX/PZ),Akshan/Pantheon (MT/SH),0,2,0
Elise/Nocturne (MT/SI),Evelynn/Kai'Sa (RU/SH),0,2,0
Lissandra (FR/SH),Bard/Zed (RU/IO),0,2,0
Lissandra (FR/SH),The Poro King (FR/RU),0,2,0
Akshan/Master Yi (IO/SH),Senna (PZ/SI),0,2,0
Annie/Jhin (RU/NX),Nami/Nilah (BW/SI),0,2,0
Trundle (FR/PZ),Annie/Jhin (RU/NX),0,2,0
Bard/Norra (BC/RU),Nami/Zoe (BW/MT),0,2,0
The Poro King (PZ/RU),The Poro King (MT/RU),0,2,0
Ekko/Janna (IO/PZ),Garen/Udyr (DE/FR),0,2,0
Lissandra (FR/SI),Azir/Irelia (IO/SH),0,2,0
Ekko/Janna (IO/PZ),Ashe (FR/PZ),0,2,0
Janna/Nilah (BW/PZ),Evelynn/Fizz (BW/RU),0,2,0
Braum/The Poro King (FR/RU),Pyke/Rek'Sai (BW/SH),0,2,0
Diana/Nocturne (MT/SI),Janna/Nilah (BW/PZ),0,2,0
Leona/Yasuo (IO/MT),Bard/Norra (BC/RU),0,2,0
Elder Dragon/Elise (RU/SI),Senna/Veigar (BC/SI),0,2,0
Lissandra (FR/SH),Katarina/Swain (NX/PZ),0,2,0
Janna/Nilah (BW/PZ),Samira/Sejuani (FR/NX),0,2,0
Lux: Illuminated/Shen (DE/IO),Janna/Nilah (BW/PZ),0,2,0
Diana/Nocturne (MT/SI),Braum/Zoe (FR/MT),0,2,0
Bard/Norra (BC/RU),Braum/Zoe (FR/MT),0,2,0
Jinx (DE/PZ),Ashe (FR/PZ),0,2,0
Fiora (DE/SH),Elder Dragon/Volibear (RU/FR),0,2,0
The Poro King (FR/RU),Azir/Irelia (IO/SH),0,2,0
Kalista/Lucian (DE/SI),Elder Dragon/Volibear (RU/FR),0,2,0
Kalista/Norra (BC/SI),Nami/Nilah (BW/SI),0,2,0
Gnar/Trundle (FR/PZ),Elder Dragon/Mordekaiser/Viego (RU/SI),0,2,0
Gwen (NX/SI),Caitlyn/Teemo (BC/PZ),0,2,0
Ekko/Janna (PZ/SH),Caitlyn/Teemo (BC/PZ),0,2,0
Norra (BC/IO),Pyke/Rek'Sai (BW/SH),0,2,0
Diana/Gwen (MT/SI),Garen/Udyr (DE/FR),0,2,0
Caitlyn/Teemo (BC/PZ),Ahri/Zed (IO/NX),0,2,0
Katarina/Yasuo (IO/NX),Annie/Jhin (RU/NX),0,2,0
Sejuani/Teemo (FR/PZ),Gnar/Lux: Illuminated (BC/DE),0,2,0
Yasuo (IO/NX),Karma/Sett (IO/PZ),0,2,0
Poppy/Ziggs (BC/NX),Elder Dragon/Neeko (RU/RU),0,2,0
Elder Dragon/Volibear (RU/FR),Azir/Elise (SI/SH),0,2,0
Shen/Sivir (IO/SH),Azir/Elise (SI/SH),0,2,0
Jack/Sett (BW/IO),Yasuo (IO/NX),0,2,0
The Poro King (MT/RU),Braum/Zoe (FR/MT),0,2,0
Rumble/Vayne (DE/NX),Irelia/Zed (IO/NX),0,2,0
Miss Fortune/Swain (BW/NX),Poppy (BC/NX),0,2,0
The Poro King (FR/RU),Championless (SI),0,2,0
Pyke/Rek'Sai (BW/SH),Azir/Elise (SI/SH),0,2,0
LeBlanc/Sivir (NX/SH),Nilah/Twisted Fate (BW/PZ),0,2,0
Karma/Sett (IO/PZ),Elise/Kalista (FR/SI),0,2,0
Illaoi/Viego (BW/SI),Braum/Lillia (FR/IO),0,2,0
Galio/Garen (DE/IO),Bard/Mordekaiser (RU/SI),0,2,0
Gnar/Norra (BC/FR),Nilah/Twisted Fate (BW/PZ),0,2,0
Aphelios/Gnar (FR/MT),Nilah/Twisted Fate (BW/PZ),0,2,0
Elise (NX/SI),Janna/Nilah (BW/PZ),0,2,0
Aphelios/Gnar (FR/MT),The Poro King (MT/RU),0,2,0
Caitlyn/Teemo (BC/PZ),Quinn/Yuumi (DE/MT),0,2,0
Akshan/Zoe (MT/SH),Annie/Jhin (RU/NX),0,2,0
Caitlyn/Trundle (FR/PZ),Anivia/Elder Dragon/Lissandra/Volibear (RU/FR),0,2,0
Caitlyn/Swain (NX/PZ),Evelynn/Fizz (BW/RU),0,2,0
Janna/Zilean (PZ/SH),Braum (FR/MT),0,2,0
Samira/Seraphine (NX/PZ),Braum/Zoe (FR/MT),0,2,0
Braum/Zoe (FR/MT),Lulu/Zed (DE/IO),0,2,0
Annie/Jhin (RU/NX),Elder Dragon/Galio/Morgana (RU/DE),2,4,0.5
Elder Dragon/Galio/Morgana (RU/DE),Annie/Jhin (RU/NX),2,4,0.5
Ezreal/Karma/Seraphine (IO/PZ),Azir/Irelia (IO/SH),2,4,0.5
Azir/Irelia (IO/SH),Ezreal/Karma/Seraphine (IO/PZ),2,4,0.5
Gnar/Gwen (FR/SI),Morgana/Udyr (DE/FR),2,4,0.5
Morgana/Udyr (DE/FR),Gnar/Gwen (FR/SI),2,4,0.5
Karma/Sett (FR/IO),Senna/Veigar (BC/SI),2,4,0.5
Senna/Veigar (BC/SI),Karma/Sett (FR/IO),2,4,0.5
Karma/Sett (IO/PZ),Senna/Veigar (BC/SI),2,4,0.5
Senna/Veigar (BC/SI),Karma/Sett (IO/PZ),2,4,0.5
Miss Fortune/Vayne (BW/DE),Caitlyn/Teemo (BC/PZ),2,4,0.5
Caitlyn/Teemo (BC/PZ),Miss Fortune/Vayne (BW/DE),2,4,0.5
Azir/Xerath (SH),Azir/Xerath (SH),2,4,0.5
Aphelios/Viktor (MT/PZ),Ashe/LeBlanc (FR/NX),2,4,0.5
Ashe/LeBlanc (FR/NX),Aphelios/Viktor (MT/PZ),2,4,0.5
Morgana/Udyr (DE/FR),Morgana/Udyr (DE/FR),2,4,0.5
Caitlyn/Teemo (BC/PZ),Janna/Nilah (BW/PZ),2,4,0.5
Janna/Nilah (BW/PZ),Caitlyn/Teemo (BC/PZ),2,4,0.5
Akshan/Master Yi (IO/SH),Azir/Irelia (IO/SH),2,4,0.5
Azir/Irelia (IO/SH),Akshan/Master Yi (IO/SH),2,4,0.5
Elder Dragon/Mordekaiser/Viego (RU/SI),Azir/Irelia (IO/SH),2,4,0.5
Azir/Irelia (IO/SH),Elder Dragon/Mordekaiser/Viego (RU/SI),2,4,0.5
Elder Dragon/Volibear (RU/FR),Kindred/Nasus (SI/SH),2,4,0.5
Kindred/Nasus (SI/SH),Elder Dragon/Volibear (RU/FR),2,4,0.5
Azir/Xerath (SH),Anivia (FR/SI),2,4,0.5
Anivia (FR/SI),Azir/Xerath (SH),2,4,0.5
Elder Dragon/Mordekaiser/Viego (RU/SI),Anivia (FR/SI),2,4,0.5
Anivia (FR/SI),Elder Dragon/Mordekaiser/Viego (RU/SI),2,4,0.5
Anivia (FR/SI),Annie/Jhin (RU/NX),2,4,0.5
Annie/Jhin (RU/NX),Anivia (FR/SI),2,4,0.5
Poppy/Ziggs (BC/NX),Ekko/Zilean (PZ/SH),2,4,0.5
Ekko/Zilean (PZ/SH),Poppy/Ziggs (BC/NX),2,4,0.5
Lissandra/Trundle (FR/SI),Anivia (FR/SI),2,4,0.5
Anivia (FR/SI),Lissandra/Trundle (FR/SI),2,4,0.5
Elder Dragon/Morgana/Shyvana (RU/DE),Poppy/Ziggs (BC/NX),2,4,0.5
Poppy/Ziggs (BC/NX),Elder Dragon/Morgana/Shyvana (RU/DE),2,4,0.5
Annie/Jhin (RU/NX),Annie/Gwen (NX/SI),2,4,0.5
Annie/Gwen (NX/SI),Annie/Jhin (RU/NX),2,4,0.5
Pyke/Rek'Sai (BW/SH),Master Yi/Zilean (IO/SH),2,4,0.5
Master Yi/Zilean (IO/SH),Pyke/Rek'Sai (BW/SH),2,4,0.5
Ashe/LeBlanc (FR/NX),Leona/Yasuo (IO/MT),2,4,0.5
Leona/Yasuo (IO/MT),Ashe/LeBlanc (FR/NX),2,4,0.5
Darius/Gnar (FR/NX),Pyke/Rek'Sai (BW/SH),2,4,0.5
Pyke/Rek'Sai (BW/SH),Darius/Gnar (FR/NX),2,4,0.5
Elise (NX/SI),Elder Dragon/Volibear (RU/FR),2,4,0.5
Elder Dragon/Volibear (RU/FR),Elise (NX/SI),2,4,0.5
Braum/Zoe (FR/MT),Norra (BC/PZ),2,4,0.5
Norra (BC/PZ),Braum/Zoe (FR/MT),2,4,0.5
Caitlyn/Teemo (BC/PZ),Anivia (FR/SI),2,4,0.5
Anivia (FR/SI),Caitlyn/Teemo (BC/PZ),2,4,0.5
Pyke/Rek'Sai (BW/SH),Nami/Samira (BW/NX),2,4,0.5
Nami/Samira (BW/NX),Pyke/Rek'Sai (BW/SH),2,4,0.5
Nilah/Twisted Fate (BW/PZ),Gangplank/Sejuani (BW/FR),2,4,0.5
Gangplank/Sejuani (BW/FR),Nilah/Twisted Fate (BW/PZ),2,4,0.5
Caitlyn/Teemo (BC/PZ),Mordekaiser/Norra (BC/SI),2,4,0.5
Mordekaiser/Norra (BC/SI),Caitlyn/Teemo (BC/PZ),2,4,0.5
Annie/Jhin (RU/NX),Ezreal/Seraphine (IO/PZ),2,4,0.5
Ezreal/Seraphine (IO/PZ),Annie/Jhin (RU/NX),2,4,0.5
Braum/Lillia (FR/IO),Maokai/Nautilus (BW/SI),2,4,0.5
Maokai/Nautilus (BW/SI),Braum/Lillia (FR/IO),2,4,0.5
Draven/Jinx (NX/PZ),Draven/Jinx (NX/PZ),2,4,0.5
Lux: Illuminated/Vex (BC/DE),Karma/Sett (FR/IO),2,4,0.5
Karma/Sett (FR/IO),Lux: Illuminated/Vex (BC/DE),2,4,0.5
Braum/Vladimir (FR/NX),Darius/Gnar (FR/NX),2,4,0.5
Darius/Gnar (FR/NX),Braum/Vladimir (FR/NX),2,4,0.5
Karma/Sett (FR/IO),Hecarim (IO/SI),2,4,0.5
Hecarim (IO/SI),Karma/Sett (FR/IO),2,4,0.5
Braum/Lillia (FR/IO),Braum/Lillia (FR/IO),2,4,0.5
Braum (DE/FR),Caitlyn/Teemo (BC/PZ),2,4,0.5
Caitlyn/Teemo (BC/PZ),Braum (DE/FR),2,4,0.5
Annie/Jhin (RU/NX),Mordekaiser/Viego (IO/SI),2,4,0.5
Mordekaiser/Viego (IO/SI),Annie/Jhin (RU/NX),2,4,0.5
Kayle (BW/MT),Ashe/LeBlanc (FR/NX),2,4,0.5
Ashe/LeBlanc (FR/NX),Kayle (BW/MT),2,4,0.5
Maokai/Nautilus (BW/SI),Darius/Gnar (FR/NX),2,4,0.5
Darius/Gnar (FR/NX),Maokai/Nautilus (BW/SI),2,4,0.5
Elder Dragon/Volibear (RU/FR),Hecarim (IO/SI),2,4,0.5
Hecarim (IO/SI),Elder Dragon/Volibear (RU/FR),2,4,0.5
Ezreal/Nilah (BW/PZ),Ezreal/Nilah (BW/PZ),2,4,0.5
Elder Dragon/Volibear (RU/FR),Mordekaiser/Norra (BC/SI),2,4,0.5
Mordekaiser/Norra (BC/SI),Elder Dragon/Volibear (RU/FR),2,4,0.5
Karma/Sett (FR/IO),Miss Fortune/Twisted Fate (BW/NX),2,4,0.5
Miss Fortune/Twisted Fate (BW/NX),Karma/Sett (FR/IO),2,4,0.5
Elder Dragon/Volibear (RU/FR),Gnar/Neeko (FR/RU),2,4,0.5
Gnar/Neeko (FR/RU),Elder Dragon/Volibear (RU/FR),2,4,0.5
Ezreal/Nilah (BW/PZ),Janna/Nilah (BW/PZ),2,4,0.5
Janna/Nilah (BW/PZ),Ezreal/Nilah (BW/PZ),2,4,0.5
Caitlyn/Teemo (DE/PZ),Caitlyn/Teemo (BC/PZ),2,4,0.5
Caitlyn/Teemo (BC/PZ),Caitlyn/Teemo (DE/PZ),2,4,0.5
Pyke/Rek'Sai (BW/SH),Ashe (FR/PZ),2,4,0.5
Ashe (FR/PZ),Pyke/Rek'Sai (BW/SH),2,4,0.5
LeBlanc/Udyr (FR/NX),Annie/Jhin (RU/NX),2,4,0.5
Annie/Jhin (RU/NX),LeBlanc/Udyr (FR/NX),2,4,0.5
Annie/Jhin (RU/NX),Evelynn/Lucian (DE/RU),2,4,0.5
Evelynn/Lucian (DE/RU),Annie/Jhin (RU/NX),2,4,0.5
Ashe (FR/PZ),Janna/Nilah (BW/PZ),2,4,0.5
Janna/Nilah (BW/PZ),Ashe (FR/PZ),2,4,0.5
Irelia/Quinn (DE/IO),Annie/Jhin (RU/NX),2,4,0.5
Annie/Jhin (RU/NX),Irelia/Quinn (DE/IO),2,4,0.5
Braum/The Poro King (FR/RU),Nilah/Twisted Fate (BW/PZ),2,4,0.5
Nilah/Twisted Fate (BW/PZ),Braum/The Poro King (FR/RU),2,4,0.5
Ezreal/Nilah (BW/PZ),Caitlyn/Teemo (FR/PZ),2,4,0.5
Caitlyn/Teemo (FR/PZ),Ezreal/Nilah (BW/PZ),2,4,0.5
Annie/Jhin (RU/NX),Nasus/Thresh (SI/SH),2,4,0.5
Nasus/Thresh (SI/SH),Annie/Jhin (RU/NX),2,4,0.5
Mordekaiser/Norra (BC/SI),Mordekaiser/Norra (BC/SI),2,4,0.5
Norra/Poppy (BC/NX),Nilah/Twisted Fate (BW/PZ),2,4,0.5
Nilah/Twisted Fate (BW/PZ),Norra/Poppy (BC/NX),2,4,0.5
Elder Dragon/Volibear (RU/FR),Mordekaiser/Viego (IO/SI),2,4,0.5
Mordekaiser/Viego (IO/SI),Elder Dragon/Volibear (RU/FR),2,4,0.5
Galio/Garen (DE/IO),Pyke/Rek'Sai (BW/SH),2,4,0.5
Pyke/Rek'Sai (BW/SH),Galio/Garen (DE/IO),2,4,0.5
Elder Dragon/Elise (RU/SI),Elder Dragon/Elise (RU/SI),2,4,0.5
Aphelios/Gnar (FR/MT),Evelynn/Fizz (BW/RU),2,4,0.5
Evelynn/Fizz (BW/RU),Aphelios/Gnar (FR/MT),2,4,0.5
Annie/Jhin (RU/NX),Gnar/Trundle (FR/PZ),2,4,0.5
Gnar/Trundle (FR/PZ),Annie/Jhin (RU/NX),2,4,0.5
Azir/Xerath (SH),Gnar/Trundle (FR/PZ),2,4,0.5
Gnar/Trundle (FR/PZ),Azir/Xerath (SH),2,4,0.5
Katarina/Swain (NX/PZ),Katarina/Swain (NX/PZ),2,4,0.5
Akshan/Pantheon (MT/SH),The Poro King (MT/RU),2,4,0.5
The Poro King (MT/RU),Akshan/Pantheon (MT/SH),2,4,0.5
Azir/Irelia (IO/SH),Elder Dragon/Galio/Morgana (RU/DE),8,14,0.571428571428571
Caitlyn/Teemo (BC/PZ),Nilah/Twisted Fate (BW/PZ),8,14,0.571428571428571
Elder Dragon/Galio/Morgana (RU/DE),Azir/Irelia (IO/SH),6,14,0.428571428571429
Nilah/Twisted Fate (BW/PZ),Caitlyn/Teemo (BC/PZ),6,14,0.428571428571429
Lee Sin/Viktor (IO/PZ),Akshan/Lee Sin (IO/SH),2,5,0.4
Akshan/Lee Sin (IO/SH),Senna/Veigar (BC/SI),2,5,0.4
Aphelios/Viktor (MT/PZ),Morgana/Udyr (DE/FR),2,5,0.4
Ashe (FR/PZ),Kayle (BW/MT),2,5,0.4
Jayce/Lux (DE/PZ),Championless (SI),2,5,0.4
Kayle (BW/MT),Morgana/Udyr (DE/FR),2,5,0.4
Elder Dragon/Volibear (RU/FR),Fiora/Shen (DE/IO),2,5,0.4
Mordekaiser/Norra (BC/SI),Annie/Jhin (RU/NX),2,5,0.4
Annie/Gwen (NX/SI),Pyke/Rek'Sai (BW/SH),2,5,0.4
Lee Sin/Viktor (IO/PZ),Aphelios/Viktor (MT/PZ),2,5,0.4
Azir/Irelia (IO/SH),Championless (PZ/SI),2,5,0.4
Taliyah/Zilean (IO/SH),Jinx/Lulu (BC/PZ),2,5,0.4
Akshan/Master Yi (IO/SH),Annie/Jhin (RU/NX),2,5,0.4
Ashe/LeBlanc (FR/NX),Senna/Veigar (BC/SI),2,5,0.4
Anivia (FR/SI),Taliyah/Zilean (IO/SH),2,5,0.4
Aurelion Sol/Shyvana (DE/MT),Anivia (FR/SI),2,5,0.4
Hecarim/Zed (IO/SI),Anivia (FR/SI),2,5,0.4
Norra/Zoe (BC/MT),Caitlyn/Teemo (BC/PZ),2,5,0.4
Azir/Irelia (IO/SH),Championpile (MT/PZ),2,5,0.4
Jayce/Lux (DE/PZ),Elder Dragon/Volibear (RU/FR),2,5,0.4
Annie/Jhin (RU/NX),Aphelios/Viktor (MT/PZ),2,5,0.4
Nilah/Twisted Fate (BW/PZ),Evelynn/Kai'Sa (RU/SH),2,5,0.4
Mordekaiser/Norra (BC/SI),Anivia (FR/SI),2,5,0.4
Pyke/Rek'Sai (BW/SH),Mordekaiser/Norra (BC/SI),2,5,0.4
Jinx/Lulu (BC/PZ),Annie/Jhin (RU/NX),2,5,0.4
Nilah/Twisted Fate (BW/PZ),Poppy/Ziggs (BC/NX),2,5,0.4
Lux: Illuminated/Vex (BC/DE),Championless (SI),2,5,0.4
Taliyah/Zilean (IO/SH),Aurelion Sol/Shyvana (DE/MT),2,5,0.4
Lee Sin/Viktor (IO/PZ),Ashe (FR/PZ),2,5,0.4
Aphelios/Viktor (MT/PZ),Jack/Sett (BW/IO),2,5,0.4
Akshan/Sivir (FR/SH),Elder Dragon/Volibear (RU/FR),2,5,0.4
Senna/Veigar (BC/SI),Gangplank/Sejuani (BW/FR),2,5,0.4
Elder Dragon/Elise (RU/SI),Azir/Irelia (IO/SH),2,5,0.4
Pyke/Rek'Sai (BW/SH),Draven/Jinx (NX/PZ),2,5,0.4
Norra/Swain (BC/NX),Elder Dragon/Volibear (RU/FR),2,5,0.4
Caitlyn/Teemo (FR/PZ),Ezreal/Seraphine (BC/PZ),2,5,0.4
Karma/Sett (FR/IO),Gangplank/Sejuani (BW/FR),2,5,0.4
Elder Dragon (RU/FR),Annie/Jhin (RU/NX),2,5,0.4
Braum/Yuumi/Zoe (FR/MT),Elder Dragon (RU/FR),2,5,0.4
Aphelios/Zoe (MT),Annie/Jhin (RU/NX),2,5,0.4
Lee Sin/Shen (IO/SI),Annie/Jhin (RU/NX),2,5,0.4
Hecarim/Zed (IO/SI),Elder Dragon/Volibear (RU/FR),2,5,0.4
Braum/Zoe (FR/MT),Karma/Sett (FR/IO),2,5,0.4
Azir/Irelia (IO/SH),Gnar/Trundle (FR/PZ),2,5,0.4
Akshan/Lee Sin (IO/SH),Lee Sin/Viktor (IO/PZ),3,5,0.6
Senna/Veigar (BC/SI),Akshan/Lee Sin (IO/SH),3,5,0.6
Morgana/Udyr (DE/FR),Aphelios/Viktor (MT/PZ),3,5,0.6
Kayle (BW/MT),Ashe (FR/PZ),3,5,0.6
Championless (SI),Jayce/Lux (DE/PZ),3,5,0.6
Morgana/Udyr (DE/FR),Kayle (BW/MT),3,5,0.6
Fiora/Shen (DE/IO),Elder Dragon/Volibear (RU/FR),3,5,0.6
Annie/Jhin (RU/NX),Mordekaiser/Norra (BC/SI),3,5,0.6
Pyke/Rek'Sai (BW/SH),Annie/Gwen (NX/SI),3,5,0.6
Aphelios/Viktor (MT/PZ),Lee Sin/Viktor (IO/PZ),3,5,0.6
Championless (PZ/SI),Azir/Irelia (IO/SH),3,5,0.6
Jinx/Lulu (BC/PZ),Taliyah/Zilean (IO/SH),3,5,0.6
Annie/Jhin (RU/NX),Akshan/Master Yi (IO/SH),3,5,0.6
Senna/Veigar (BC/SI),Ashe/LeBlanc (FR/NX),3,5,0.6
Taliyah/Zilean (IO/SH),Anivia (FR/SI),3,5,0.6
Anivia (FR/SI),Aurelion Sol/Shyvana (DE/MT),3,5,0.6
Anivia (FR/SI),Hecarim/Zed (IO/SI),3,5,0.6
Caitlyn/Teemo (BC/PZ),Norra/Zoe (BC/MT),3,5,0.6
Championpile (MT/PZ),Azir/Irelia (IO/SH),3,5,0.6
Elder Dragon/Volibear (RU/FR),Jayce/Lux (DE/PZ),3,5,0.6
Aphelios/Viktor (MT/PZ),Annie/Jhin (RU/NX),3,5,0.6
Evelynn/Kai'Sa (RU/SH),Nilah/Twisted Fate (BW/PZ),3,5,0.6
Anivia (FR/SI),Mordekaiser/Norra (BC/SI),3,5,0.6
Mordekaiser/Norra (BC/SI),Pyke/Rek'Sai (BW/SH),3,5,0.6
Annie/Jhin (RU/NX),Jinx/Lulu (BC/PZ),3,5,0.6
Poppy/Ziggs (BC/NX),Nilah/Twisted Fate (BW/PZ),3,5,0.6
Championless (SI),Lux: Illuminated/Vex (BC/DE),3,5,0.6
Aurelion Sol/Shyvana (DE/MT),Taliyah/Zilean (IO/SH),3,5,0.6
Ashe (FR/PZ),Lee Sin/Viktor (IO/PZ),3,5,0.6
Jack/Sett (BW/IO),Aphelios/Viktor (MT/PZ),3,5,0.6
Elder Dragon/Volibear (RU/FR),Akshan/Sivir (FR/SH),3,5,0.6
Gangplank/Sejuani (BW/FR),Senna/Veigar (BC/SI),3,5,0.6
Azir/Irelia (IO/SH),Elder Dragon/Elise (RU/SI),3,5,0.6
Draven/Jinx (NX/PZ),Pyke/Rek'Sai (BW/SH),3,5,0.6
Elder Dragon/Volibear (RU/FR),Norra/Swain (BC/NX),3,5,0.6
Ezreal/Seraphine (BC/PZ),Caitlyn/Teemo (FR/PZ),3,5,0.6
Gangplank/Sejuani (BW/FR),Karma/Sett (FR/IO),3,5,0.6
Annie/Jhin (RU/NX),Elder Dragon (RU/FR),3,5,0.6
Elder Dragon (RU/FR),Braum/Yuumi/Zoe (FR/MT),3,5,0.6
Annie/Jhin (RU/NX),Aphelios/Zoe (MT),3,5,0.6
Annie/Jhin (RU/NX),Lee Sin/Shen (IO/SI),3,5,0.6
Elder Dragon/Volibear (RU/FR),Hecarim/Zed (IO/SI),3,5,0.6
Karma/Sett (FR/IO),Braum/Zoe (FR/MT),3,5,0.6
Gnar/Trundle (FR/PZ),Azir/Irelia (IO/SH),3,5,0.6
Norra (BC/PZ),Elder Dragon/Volibear (RU/FR),4,6,0.666666666666667
Aphelios/Viktor (MT/PZ),Ashe (FR/PZ),4,6,0.666666666666667
Kayle (BW/MT),Janna/Sett (IO/PZ),4,6,0.666666666666667
Viktor/Zoe (MT/PZ),Elder Dragon/Volibear (RU/FR),4,6,0.666666666666667
Elder Dragon/Volibear (RU/FR),Ezreal/Seraphine (BC/PZ),4,6,0.666666666666667
Nilah/Twisted Fate (BW/PZ),Championless (SI),4,6,0.666666666666667
Caitlyn/Teemo (BC/PZ),Hecarim/Zed (IO/SI),4,6,0.666666666666667
Jinx/Lulu (BC/PZ),Pyke/Rek'Sai (BW/SH),4,6,0.666666666666667
Nilah/Twisted Fate (BW/PZ),Draven/Jinx (NX/PZ),4,6,0.666666666666667
Azir/Irelia (IO/SH),Nasus/Thresh (SI/SH),4,6,0.666666666666667
Poppy/Ziggs (BC/NX),Championless (SI),4,6,0.666666666666667
Kayle (BW/MT),Darius/Gnar (FR/NX),4,6,0.666666666666667
Maokai/Nautilus (BW/SI),Kayle (BW/MT),4,6,0.666666666666667
Morgana/Udyr (DE/FR),Elder Dragon/Volibear (RU/FR),4,6,0.666666666666667
Hecarim/Zed (IO/SI),Evelynn/Fizz (BW/RU),4,6,0.666666666666667
The Poro King (RU/SH),Aphelios/Gnar (FR/MT),4,6,0.666666666666667
Elder Dragon/Volibear (RU/FR),Norra (BC/PZ),2,6,0.333333333333333
Ashe (FR/PZ),Aphelios/Viktor (MT/PZ),2,6,0.333333333333333
Janna/Sett (IO/PZ),Kayle (BW/MT),2,6,0.333333333333333
Elder Dragon/Volibear (RU/FR),Viktor/Zoe (MT/PZ),2,6,0.333333333333333
Ezreal/Seraphine (BC/PZ),Elder Dragon/Volibear (RU/FR),2,6,0.333333333333333
Championless (SI),Nilah/Twisted Fate (BW/PZ),2,6,0.333333333333333
Hecarim/Zed (IO/SI),Caitlyn/Teemo (BC/PZ),2,6,0.333333333333333
Pyke/Rek'Sai (BW/SH),Jinx/Lulu (BC/PZ),2,6,0.333333333333333
Draven/Jinx (NX/PZ),Nilah/Twisted Fate (BW/PZ),2,6,0.333333333333333
Nasus/Thresh (SI/SH),Azir/Irelia (IO/SH),2,6,0.333333333333333
Championless (SI),Poppy/Ziggs (BC/NX),2,6,0.333333333333333
Darius/Gnar (FR/NX),Kayle (BW/MT),2,6,0.333333333333333
Kayle (BW/MT),Maokai/Nautilus (BW/SI),2,6,0.333333333333333
Elder Dragon/Volibear (RU/FR),Morgana/Udyr (DE/FR),2,6,0.333333333333333
Evelynn/Fizz (BW/RU),Hecarim/Zed (IO/SI),2,6,0.333333333333333
Aphelios/Gnar (FR/MT),The Poro King (RU/SH),2,6,0.333333333333333
Annie/Jhin (RU/NX),Norra (BC/PZ),4,5,0.8
Taliyah/Zilean (IO/SH),Championless (SI),4,5,0.8
Aphelios/Zoe (IO/MT),Azir/Irelia (IO/SH),4,5,0.8
Elder Dragon/Morgana (RU/DE),Elder Dragon/Volibear (RU/FR),4,5,0.8
Ashe/LeBlanc (FR/NX),Akshan/Varus (SH/RU),4,5,0.8
Elder Dragon/Volibear (RU/FR),Championless (SI),4,5,0.8
Aphelios/Viktor (MT/PZ),Jayce/Lux (DE/PZ),4,5,0.8
Pyke/Rek'Sai (BW/SH),Anivia (FR/SI),4,5,0.8
Taliyah/Zilean (IO/SH),Evelynn/Kai'Sa (RU/SH),4,5,0.8
Elder Dragon/Volibear (RU/FR),Yuumi/Zoe (FR/MT),4,5,0.8
Nilah/Twisted Fate (BW/PZ),Senna/Veigar (BC/SI),4,5,0.8
Azir/Irelia (IO/SH),Ezreal (PZ/SI),4,5,0.8
Braum/Zoe (FR/MT),Evelynn/Kai'Sa (RU/SH),4,5,0.8
Nilah/Twisted Fate (BW/PZ),Ashe (FR/PZ),4,5,0.8
Norra/Swain (BC/NX),Pyke/Rek'Sai (BW/SH),4,5,0.8
Elder Dragon/Seraphine/Viktor (RU/PZ),Annie/Jhin (RU/NX),4,5,0.8
Poppy/Ziggs (BC/NX),Azir/Xerath (SH),4,5,0.8
Ashe/LeBlanc (FR/NX),Braum/Lillia (FR/IO),4,5,0.8
Elder Dragon/Elise (RU/SI),Elder Dragon/Volibear (RU/FR),4,5,0.8
Annie/Jhin (RU/NX),Karma/Seraphine/Sett (IO/PZ),4,5,0.8
Azir/Irelia (IO/SH),Karma/Seraphine/Sett (IO/PZ),4,5,0.8
Heimerdinger/Viktor (IO/PZ),Elder Dragon/Volibear (RU/FR),4,5,0.8
Teemo (PZ/SI),Ezreal/Nilah (BW/PZ),4,5,0.8
Braum/Zoe (FR/MT),Braum/The Poro King (FR/RU),4,5,0.8
Gwen/Katarina (NX/SI),Nilah/Twisted Fate (BW/PZ),4,5,0.8
Norra (BC/PZ),Annie/Jhin (RU/NX),1,5,0.2
Championless (SI),Taliyah/Zilean (IO/SH),1,5,0.2
Azir/Irelia (IO/SH),Aphelios/Zoe (IO/MT),1,5,0.2
Elder Dragon/Volibear (RU/FR),Elder Dragon/Morgana (RU/DE),1,5,0.2
Akshan/Varus (SH/RU),Ashe/LeBlanc (FR/NX),1,5,0.2
Championless (SI),Elder Dragon/Volibear (RU/FR),1,5,0.2
Jayce/Lux (DE/PZ),Aphelios/Viktor (MT/PZ),1,5,0.2
Anivia (FR/SI),Pyke/Rek'Sai (BW/SH),1,5,0.2
Evelynn/Kai'Sa (RU/SH),Taliyah/Zilean (IO/SH),1,5,0.2
Yuumi/Zoe (FR/MT),Elder Dragon/Volibear (RU/FR),1,5,0.2
Senna/Veigar (BC/SI),Nilah/Twisted Fate (BW/PZ),1,5,0.2
Ezreal (PZ/SI),Azir/Irelia (IO/SH),1,5,0.2
Evelynn/Kai'Sa (RU/SH),Braum/Zoe (FR/MT),1,5,0.2
Ashe (FR/PZ),Nilah/Twisted Fate (BW/PZ),1,5,0.2
Pyke/Rek'Sai (BW/SH),Norra/Swain (BC/NX),1,5,0.2
Annie/Jhin (RU/NX),Elder Dragon/Seraphine/Viktor (RU/PZ),1,5,0.2
Azir/Xerath (SH),Poppy/Ziggs (BC/NX),1,5,0.2
Braum/Lillia (FR/IO),Ashe/LeBlanc (FR/NX),1,5,0.2
Elder Dragon/Volibear (RU/FR),Elder Dragon/Elise (RU/SI),1,5,0.2
Karma/Seraphine/Sett (IO/PZ),Annie/Jhin (RU/NX),1,5,0.2
Karma/Seraphine/Sett (IO/PZ),Azir/Irelia (IO/SH),1,5,0.2
Elder Dragon/Volibear (RU/FR),Heimerdinger/Viktor (IO/PZ),1,5,0.2
Ezreal/Nilah (BW/PZ),Teemo (PZ/SI),1,5,0.2
Braum/The Poro King (FR/RU),Braum/Zoe (FR/MT),1,5,0.2
Nilah/Twisted Fate (BW/PZ),Gwen/Katarina (NX/SI),1,5,0.2
Karma/Sett (FR/IO),Poppy/Ziggs (BC/NX),1,9,0.111111111111111
Lee Sin/Viktor (IO/PZ),Senna/Veigar (BC/SI),1,9,0.111111111111111
Nilah/Twisted Fate (BW/PZ),Ezreal/Nilah (BW/PZ),1,9,0.111111111111111
Poppy/Ziggs (BC/NX),Karma/Sett (FR/IO),8,9,0.888888888888889
Senna/Veigar (BC/SI),Lee Sin/Viktor (IO/PZ),8,9,0.888888888888889
Ezreal/Nilah (BW/PZ),Nilah/Twisted Fate (BW/PZ),8,9,0.888888888888889
Aphelios/Viktor (MT/PZ),Kayle (BW/MT),5,8,0.625
Yuumi/Zoe (FR/MT),Azir/Irelia (IO/SH),5,8,0.625
Elder Dragon/Volibear (RU/FR),Draven/Jinx (NX/PZ),5,8,0.625
Elder Dragon/Volibear (RU/FR),Caitlyn/Teemo (FR/PZ),5,8,0.625
Ashe/LeBlanc (FR/NX),Maokai/Nautilus (BW/SI),5,8,0.625
Evelynn/Fizz (BW/RU),Nilah/Twisted Fate (BW/PZ),5,8,0.625
Kayle (BW/MT),Aphelios/Viktor (MT/PZ),3,8,0.375
Azir/Irelia (IO/SH),Yuumi/Zoe (FR/MT),3,8,0.375
Draven/Jinx (NX/PZ),Elder Dragon/Volibear (RU/FR),3,8,0.375
Caitlyn/Teemo (FR/PZ),Elder Dragon/Volibear (RU/FR),3,8,0.375
Maokai/Nautilus (BW/SI),Ashe/LeBlanc (FR/NX),3,8,0.375
Nilah/Twisted Fate (BW/PZ),Evelynn/Fizz (BW/RU),3,8,0.375
Akshan/Lee Sin (IO/SH),Aphelios/Viktor (MT/PZ),3,6,0.5
Aphelios/Viktor (MT/PZ),Akshan/Lee Sin (IO/SH),3,6,0.5
Ryze (IO/RU),Elder Dragon/Volibear (RU/FR),3,6,0.5
Elder Dragon/Volibear (RU/FR),Ryze (IO/RU),3,6,0.5
Elder Dragon/Volibear (RU/FR),The Poro King (MT/RU),3,6,0.5
The Poro King (MT/RU),Elder Dragon/Volibear (RU/FR),3,6,0.5
Braum/Lillia (FR/IO),Akshan/Varus (SH/RU),3,6,0.5
Akshan/Varus (SH/RU),Braum/Lillia (FR/IO),3,6,0.5
Maokai (BW/SI),Elder Dragon/Volibear (RU/FR),3,6,0.5
Elder Dragon/Volibear (RU/FR),Maokai (BW/SI),3,6,0.5
Elder Dragon/Galio/Morgana (RU/DE),Pyke/Rek'Sai (BW/SH),3,6,0.5
Pyke/Rek'Sai (BW/SH),Elder Dragon/Galio/Morgana (RU/DE),3,6,0.5
Maokai/Nautilus (BW/SI),Pyke/Rek'Sai (BW/SH),3,6,0.5
Pyke/Rek'Sai (BW/SH),Maokai/Nautilus (BW/SI),3,6,0.5
Anivia (FR/SI),Nilah/Twisted Fate (BW/PZ),3,6,0.5
Nilah/Twisted Fate (BW/PZ),Anivia (FR/SI),3,6,0.5
Ezreal/Nilah (BW/PZ),Elder Dragon/Volibear (RU/FR),3,6,0.5
Elder Dragon/Volibear (RU/FR),Ezreal/Nilah (BW/PZ),3,6,0.5
Senna/Veigar (BC/SI),Senna/Veigar (BC/SI),3,6,0.5
Kayle/Morgana (DE/MT),Kayle/Morgana (DE/MT),3,6,0.5
Elder Dragon/Mordekaiser/Viego (RU/SI),Pyke/Rek'Sai (BW/SH),3,6,0.5
Pyke/Rek'Sai (BW/SH),Elder Dragon/Mordekaiser/Viego (RU/SI),3,6,0.5
Gangplank/Sejuani (BW/FR),Azir/Irelia (IO/SH),3,6,0.5
Azir/Irelia (IO/SH),Gangplank/Sejuani (BW/FR),3,6,0.5
Jack/Sett (BW/IO),Maokai/Nautilus (BW/SI),3,6,0.5
Maokai/Nautilus (BW/SI),Jack/Sett (BW/IO),3,6,0.5
Nilah/Twisted Fate (BW/PZ),Akshan/Master Yi (IO/SH),3,6,0.5
Akshan/Master Yi (IO/SH),Nilah/Twisted Fate (BW/PZ),3,6,0.5
Caitlyn/Teemo (BC/PZ),Ezreal/Seraphine (BC/PZ),3,6,0.5
Ezreal/Seraphine (BC/PZ),Caitlyn/Teemo (BC/PZ),3,6,0.5
Gangplank/Sejuani (BW/FR),Maokai/Nautilus (BW/SI),3,6,0.5
Maokai/Nautilus (BW/SI),Gangplank/Sejuani (BW/FR),3,6,0.5
Ezreal/Seraphine (BC/PZ),Nilah/Twisted Fate (BW/PZ),3,6,0.5
Nilah/Twisted Fate (BW/PZ),Ezreal/Seraphine (BC/PZ),3,6,0.5
Teemo (BC/PZ),Nilah/Twisted Fate (BW/PZ),3,6,0.5
Nilah/Twisted Fate (BW/PZ),Teemo (BC/PZ),3,6,0.5
Draven/Seraphine (NX/PZ),Caitlyn/Teemo (BC/PZ),3,6,0.5
Caitlyn/Teemo (BC/PZ),Draven/Seraphine (NX/PZ),3,6,0.5
Azir/Irelia (IO/SH),Azir/Xerath (SH),13,16,0.8125
Azir/Xerath (SH),Azir/Irelia (IO/SH),3,16,0.1875
Elder Dragon/Volibear (RU/FR),Senna/Veigar (BC/SI),11,16,0.6875
Senna/Veigar (BC/SI),Elder Dragon/Volibear (RU/FR),5,16,0.3125
Nilah/Twisted Fate (BW/PZ),Pyke/Rek'Sai (BW/SH),10,21,0.476190476190476
Pyke/Rek'Sai (BW/SH),Nilah/Twisted Fate (BW/PZ),11,21,0.523809523809524
Caitlyn/Teemo (BC/PZ),Caitlyn/Teemo (BC/PZ),11,22,0.5
Elder Dragon/Volibear (RU/FR),Karma/Sett (FR/IO),15,25,0.6
Karma/Sett (FR/IO),Elder Dragon/Volibear (RU/FR),10,25,0.4
Azir/Irelia (IO/SH),Pyke/Rek'Sai (BW/SH),10,18,0.555555555555556
Pyke/Rek'Sai (BW/SH),Azir/Irelia (IO/SH),8,18,0.444444444444444
Azir/Xerath (SH),Pyke/Rek'Sai (BW/SH),5,7,0.714285714285714
Kalista (SI),Lee Sin/Viktor (IO/PZ),5,7,0.714285714285714
Maokai/Nautilus (BW/SI),Senna/Veigar (BC/SI),5,7,0.714285714285714
Pyke/Rek'Sai (BW/SH),Poppy/Ziggs (BC/NX),5,7,0.714285714285714
Elder Dragon/Volibear (RU/FR),Ashe/LeBlanc (FR/NX),5,7,0.714285714285714
Jinx/Lulu (BC/PZ),Poppy/Ziggs (BC/NX),5,7,0.714285714285714
Annie/Jhin (RU/NX),Elder Dragon/Norra (RU/BC),5,7,0.714285714285714
Pyke/Rek'Sai (BW/SH),Ashe/LeBlanc (FR/NX),5,7,0.714285714285714
Annie/Jhin (RU/NX),Ezreal/Karma (IO/PZ),5,7,0.714285714285714
Nilah/Twisted Fate (BW/PZ),Norra/Swain (BC/NX),5,7,0.714285714285714
Ashe (FR/PZ),Akshan/Varus (SH/RU),5,7,0.714285714285714
Elder Dragon/Volibear (RU/FR),Braum/Zoe (FR/MT),5,7,0.714285714285714
Elder Dragon/Volibear (RU/FR),Fizz/Yuumi (BC/FR),5,7,0.714285714285714
Caitlyn/Teemo (DE/PZ),Ezreal/Nilah (BW/PZ),5,7,0.714285714285714
Evelynn/Kai'Sa (RU/SH),Caitlyn/Teemo (BC/PZ),5,7,0.714285714285714
Braum/Zoe (FR/MT),Ezreal/Seraphine (BC/PZ),5,7,0.714285714285714
Pyke/Rek'Sai (BW/SH),Azir/Xerath (SH),2,7,0.285714285714286
Lee Sin/Viktor (IO/PZ),Kalista (SI),2,7,0.285714285714286
Senna/Veigar (BC/SI),Maokai/Nautilus (BW/SI),2,7,0.285714285714286
Poppy/Ziggs (BC/NX),Pyke/Rek'Sai (BW/SH),2,7,0.285714285714286
Ashe/LeBlanc (FR/NX),Elder Dragon/Volibear (RU/FR),2,7,0.285714285714286
Poppy/Ziggs (BC/NX),Jinx/Lulu (BC/PZ),2,7,0.285714285714286
Elder Dragon/Norra (RU/BC),Annie/Jhin (RU/NX),2,7,0.285714285714286
Ashe/LeBlanc (FR/NX),Pyke/Rek'Sai (BW/SH),2,7,0.285714285714286
Ezreal/Karma (IO/PZ),Annie/Jhin (RU/NX),2,7,0.285714285714286
Norra/Swain (BC/NX),Nilah/Twisted Fate (BW/PZ),2,7,0.285714285714286
Akshan/Varus (SH/RU),Ashe (FR/PZ),2,7,0.285714285714286
Braum/Zoe (FR/MT),Elder Dragon/Volibear (RU/FR),2,7,0.285714285714286
Fizz/Yuumi (BC/FR),Elder Dragon/Volibear (RU/FR),2,7,0.285714285714286
Ezreal/Nilah (BW/PZ),Caitlyn/Teemo (DE/PZ),2,7,0.285714285714286
Caitlyn/Teemo (BC/PZ),Evelynn/Kai'Sa (RU/SH),2,7,0.285714285714286
Ezreal/Seraphine (BC/PZ),Braum/Zoe (FR/MT),2,7,0.285714285714286
Caitlyn/Teemo (BC/PZ),Elder Dragon/Volibear (RU/FR),6,12,0.5
Elder Dragon/Volibear (RU/FR),Caitlyn/Teemo (BC/PZ),6,12,0.5
Annie/Jhin (RU/NX),Janna/Nilah (BW/PZ),6,12,0.5
Janna/Nilah (BW/PZ),Annie/Jhin (RU/NX),6,12,0.5
Pyke/Rek'Sai (BW/SH),Pyke/Rek'Sai (BW/SH),6,12,0.5
Bard/Norra (BC/RU),Bard/Norra (BC/RU),6,12,0.5
Azir/Irelia (IO/SH),Elder Dragon/Volibear (RU/FR),63,80,0.7875
Elder Dragon/Volibear (RU/FR),Azir/Irelia (IO/SH),17,80,0.2125
Kayle (BW/MT),Championless (SI),6,9,0.666666666666667
Taliyah/Zilean (IO/SH),Caitlyn/Teemo (BC/PZ),6,9,0.666666666666667
Elder Dragon/Volibear (RU/FR),Senna (PZ/SI),6,9,0.666666666666667
Championless (SI),Braum/Vladimir (FR/NX),6,9,0.666666666666667
Annie/Jhin (RU/NX),Gangplank/Sejuani (BW/FR),6,9,0.666666666666667
Ashe (FR/PZ),Braum/Zoe (FR/MT),6,9,0.666666666666667
Braum/Zoe (FR/MT),Azir/Irelia (IO/SH),6,9,0.666666666666667
Championless (SI),Kayle (BW/MT),3,9,0.333333333333333
Caitlyn/Teemo (BC/PZ),Taliyah/Zilean (IO/SH),3,9,0.333333333333333
Senna (PZ/SI),Elder Dragon/Volibear (RU/FR),3,9,0.333333333333333
Braum/Vladimir (FR/NX),Championless (SI),3,9,0.333333333333333
Gangplank/Sejuani (BW/FR),Annie/Jhin (RU/NX),3,9,0.333333333333333
Braum/Zoe (FR/MT),Ashe (FR/PZ),3,9,0.333333333333333
Azir/Irelia (IO/SH),Braum/Zoe (FR/MT),3,9,0.333333333333333
Azir/Irelia (IO/SH),Annie/Jhin (RU/NX),11,34,0.323529411764706
Annie/Jhin (RU/NX),Azir/Irelia (IO/SH),23,34,0.676470588235294
Elder Dragon/Morgana/Shyvana (RU/DE),Azir/Irelia (IO/SH),4,7,0.571428571428571
Maokai/Nautilus (BW/SI),Anivia (FR/SI),4,7,0.571428571428571
Maokai/Nautilus (BW/SI),Azir/Irelia (IO/SH),4,7,0.571428571428571
Norra (BC/PZ),Azir/Irelia (IO/SH),4,7,0.571428571428571
Senna/Veigar (BC/SI),Pyke/Rek'Sai (BW/SH),4,7,0.571428571428571
Fizz/Nidalee (BC/SH),Pyke/Rek'Sai (BW/SH),4,7,0.571428571428571
Norra/Swain (BC/NX),Annie/Jhin (RU/NX),4,7,0.571428571428571
Ashe (FR/PZ),Annie/Jhin (RU/NX),4,7,0.571428571428571
Azir/Irelia (IO/SH),Elder Dragon/Seraphine/Viktor (RU/PZ),4,7,0.571428571428571
Elder Dragon/Galio/Morgana (RU/DE),Nilah/Twisted Fate (BW/PZ),4,7,0.571428571428571
Azir/Irelia (IO/SH),Elder Dragon/Morgana (RU/DE),4,7,0.571428571428571
Azir/Irelia (IO/SH),Hecarim/Zed (IO/SI),4,7,0.571428571428571
Elder Dragon/Volibear (RU/FR),Jinx/Lulu (BC/PZ),4,7,0.571428571428571
Heimerdinger/Viktor (IO/PZ),Azir/Irelia (IO/SH),4,7,0.571428571428571
Braum/Zoe (FR/MT),Janna/Nilah (BW/PZ),4,7,0.571428571428571
Azir/Irelia (IO/SH),Elder Dragon/Morgana/Shyvana (RU/DE),3,7,0.428571428571429
Anivia (FR/SI),Maokai/Nautilus (BW/SI),3,7,0.428571428571429
Azir/Irelia (IO/SH),Maokai/Nautilus (BW/SI),3,7,0.428571428571429
Azir/Irelia (IO/SH),Norra (BC/PZ),3,7,0.428571428571429
Pyke/Rek'Sai (BW/SH),Senna/Veigar (BC/SI),3,7,0.428571428571429
Pyke/Rek'Sai (BW/SH),Fizz/Nidalee (BC/SH),3,7,0.428571428571429
Annie/Jhin (RU/NX),Norra/Swain (BC/NX),3,7,0.428571428571429
Annie/Jhin (RU/NX),Ashe (FR/PZ),3,7,0.428571428571429
Elder Dragon/Seraphine/Viktor (RU/PZ),Azir/Irelia (IO/SH),3,7,0.428571428571429
Nilah/Twisted Fate (BW/PZ),Elder Dragon/Galio/Morgana (RU/DE),3,7,0.428571428571429
Elder Dragon/Morgana (RU/DE),Azir/Irelia (IO/SH),3,7,0.428571428571429
Hecarim/Zed (IO/SI),Azir/Irelia (IO/SH),3,7,0.428571428571429
Jinx/Lulu (BC/PZ),Elder Dragon/Volibear (RU/FR),3,7,0.428571428571429
Azir/Irelia (IO/SH),Heimerdinger/Viktor (IO/PZ),3,7,0.428571428571429
Janna/Nilah (BW/PZ),Braum/Zoe (FR/MT),3,7,0.428571428571429
Pyke/Rek'Sai (BW/SH),Karma/Sett (FR/IO),14,15,0.933333333333333
Karma/Sett (FR/IO),Pyke/Rek'Sai (BW/SH),1,15,0.0666666666666667
Azir/Irelia (IO/SH),Karma/Sett (FR/IO),16,18,0.888888888888889
Karma/Sett (FR/IO),Azir/Irelia (IO/SH),2,18,0.111111111111111
Karma/Sett (IO/PZ),Azir/Irelia (IO/SH),4,12,0.333333333333333
Azir/Irelia (IO/SH),Poppy/Ziggs (BC/NX),4,12,0.333333333333333
Elder Dragon/Norra (RU/BC),Azir/Irelia (IO/SH),4,12,0.333333333333333
Azir/Irelia (IO/SH),Karma/Sett (IO/PZ),8,12,0.666666666666667
Poppy/Ziggs (BC/NX),Azir/Irelia (IO/SH),8,12,0.666666666666667
Azir/Irelia (IO/SH),Elder Dragon/Norra (RU/BC),8,12,0.666666666666667
Elder Dragon/Volibear (RU/FR),Annie/Jhin (RU/NX),7,46,0.152173913043478
Annie/Jhin (RU/NX),Elder Dragon/Volibear (RU/FR),39,46,0.847826086956522
Annie/Jhin (RU/NX),Poppy/Ziggs (BC/NX),2,11,0.181818181818182
Poppy/Ziggs (BC/NX),Annie/Jhin (RU/NX),9,11,0.818181818181818
Pyke/Rek'Sai (BW/SH),Hecarim/Zed (IO/SI),2,9,0.222222222222222
Bard/Norra (BC/RU),Pyke/Rek'Sai (BW/SH),2,9,0.222222222222222
Azir/Irelia (IO/SH),Jinx/Lulu (BC/PZ),2,9,0.222222222222222
Lee Sin/Viktor (IO/PZ),Championless (SI),2,9,0.222222222222222
Aurelion Sol/Elder Dragon (RU/MT),Elder Dragon/Volibear (RU/FR),2,9,0.222222222222222
Hecarim/Zed (IO/SI),Pyke/Rek'Sai (BW/SH),7,9,0.777777777777778
Pyke/Rek'Sai (BW/SH),Bard/Norra (BC/RU),7,9,0.777777777777778
Jinx/Lulu (BC/PZ),Azir/Irelia (IO/SH),7,9,0.777777777777778
Championless (SI),Lee Sin/Viktor (IO/PZ),7,9,0.777777777777778
Elder Dragon/Volibear (RU/FR),Aurelion Sol/Elder Dragon (RU/MT),7,9,0.777777777777778
Azir/Irelia (IO/SH),Master Yi/Zilean (IO/SH),2,8,0.25
Caitlyn/Teemo (BC/PZ),Annie/Gwen (NX/SI),2,8,0.25
Kindred/Nasus (SI/SH),Azir/Irelia (IO/SH),2,8,0.25
Maokai/Nautilus (BW/SI),Ashe (FR/PZ),2,8,0.25
Senna/Veigar (BC/SI),Championless (SI),2,8,0.25
Master Yi/Zilean (IO/SH),Azir/Irelia (IO/SH),6,8,0.75
Annie/Gwen (NX/SI),Caitlyn/Teemo (BC/PZ),6,8,0.75
Azir/Irelia (IO/SH),Kindred/Nasus (SI/SH),6,8,0.75
Ashe (FR/PZ),Maokai/Nautilus (BW/SI),6,8,0.75
Championless (SI),Senna/Veigar (BC/SI),6,8,0.75
Azir/Irelia (IO/SH),Miss Fortune/Twisted Fate (BW/NX),6,7,0.857142857142857
Elder Dragon/Volibear (RU/FR),Braum/Vladimir (FR/NX),6,7,0.857142857142857
Annie/Jhin (RU/NX),Evelynn/Kai'Sa (RU/SH),6,7,0.857142857142857
Azir/Irelia (IO/SH),Anivia (FR/SI),6,7,0.857142857142857
Azir/Irelia (IO/SH),Aurelion Sol/Elder Dragon (RU/MT),6,7,0.857142857142857
Elder Dragon/Volibear (RU/FR),Elder Dragon/Galio/Morgana (RU/DE),6,7,0.857142857142857
Jayce/Lux (DE/PZ),Ashe (FR/PZ),6,7,0.857142857142857
Miss Fortune/Twisted Fate (BW/NX),Azir/Irelia (IO/SH),1,7,0.142857142857143
Braum/Vladimir (FR/NX),Elder Dragon/Volibear (RU/FR),1,7,0.142857142857143
Evelynn/Kai'Sa (RU/SH),Annie/Jhin (RU/NX),1,7,0.142857142857143
Anivia (FR/SI),Azir/Irelia (IO/SH),1,7,0.142857142857143
Aurelion Sol/Elder Dragon (RU/MT),Azir/Irelia (IO/SH),1,7,0.142857142857143
Elder Dragon/Galio/Morgana (RU/DE),Elder Dragon/Volibear (RU/FR),1,7,0.142857142857143
Ashe (FR/PZ),Jayce/Lux (DE/PZ),1,7,0.142857142857143
Championless (SI),Azir/Irelia (IO/SH),5,14,0.357142857142857
Elder Dragon/Norra (RU/BC),Elder Dragon/Volibear (RU/FR),5,14,0.357142857142857
Annie/Jhin (RU/NX),Braum/Zoe (FR/MT),5,14,0.357142857142857
Azir/Irelia (IO/SH),Championless (SI),9,14,0.642857142857143
Elder Dragon/Volibear (RU/FR),Elder Dragon/Norra (RU/BC),9,14,0.642857142857143
Braum/Zoe (FR/MT),Annie/Jhin (RU/NX),9,14,0.642857142857143
Senna/Veigar (BC/SI),Azir/Irelia (IO/SH),8,21,0.380952380952381
Azir/Irelia (IO/SH),Senna/Veigar (BC/SI),13,21,0.619047619047619
Elder Dragon/Volibear (RU/FR),Azir/Xerath (SH),11,13,0.846153846153846
Azir/Xerath (SH),Elder Dragon/Volibear (RU/FR),2,13,0.153846153846154
Annie/Jhin (RU/NX),Annie/Jhin (RU/NX),13,26,0.5
Annie/Jhin (RU/NX),Hecarim/Zed (IO/SI),10,17,0.588235294117647
Hecarim/Zed (IO/SI),Annie/Jhin (RU/NX),7,17,0.411764705882353
Caitlyn/Teemo (BC/PZ),Annie/Jhin (RU/NX),9,27,0.333333333333333
Annie/Jhin (RU/NX),Caitlyn/Teemo (BC/PZ),18,27,0.666666666666667
Elder Dragon/Volibear (RU/FR),Elder Dragon/Volibear (RU/FR),37,74,0.5
Azir/Irelia (IO/SH),Azir/Irelia (IO/SH),37,74,0.5
Pyke/Rek'Sai (BW/SH),Elder Dragon/Volibear (RU/FR),12,27,0.444444444444444
Elder Dragon/Volibear (RU/FR),Pyke/Rek'Sai (BW/SH),15,27,0.555555555555556
Mordekaiser/Norra (BC/SI),Azir/Irelia (IO/SH),8,13,0.615384615384615
Elder Dragon/Volibear (RU/FR),Elder Dragon/Seraphine/Viktor (RU/PZ),8,13,0.615384615384615
Azir/Irelia (IO/SH),Mordekaiser/Norra (BC/SI),5,13,0.384615384615385
Elder Dragon/Seraphine/Viktor (RU/PZ),Elder Dragon/Volibear (RU/FR),5,13,0.384615384615385
Karma/Sett (FR/IO),Annie/Jhin (RU/NX),3,15,0.2
Annie/Jhin (RU/NX),Karma/Sett (FR/IO),12,15,0.8
Karma/Sett (FR/IO),Caitlyn/Teemo (BC/PZ),0,7,0
Annie/Jhin (RU/NX),Senna/Veigar (BC/SI),0,7,0
Annie/Jhin (RU/NX),Ezreal/Nilah (BW/PZ),0,7,0
Caitlyn/Teemo (BC/PZ),Karma/Sett (FR/IO),7,7,1
Senna/Veigar (BC/SI),Annie/Jhin (RU/NX),7,7,1
Ezreal/Nilah (BW/PZ),Annie/Jhin (RU/NX),7,7,1
Annie/Jhin (RU/NX),Championless (SI),4,10,0.4
Azir/Irelia (IO/SH),Elise (FR/SI),4,10,0.4
Caitlyn/Teemo (BC/PZ),Ashe (FR/PZ),4,10,0.4
Caitlyn/Teemo (BC/PZ),Ezreal/Nilah (BW/PZ),4,10,0.4
Ezreal/Nilah (BW/PZ),Ezreal/Seraphine (BC/PZ),4,10,0.4
Championless (SI),Annie/Jhin (RU/NX),6,10,0.6
Elise (FR/SI),Azir/Irelia (IO/SH),6,10,0.6
Ashe (FR/PZ),Caitlyn/Teemo (BC/PZ),6,10,0.6
Ezreal/Nilah (BW/PZ),Caitlyn/Teemo (BC/PZ),6,10,0.6
Ezreal/Seraphine (BC/PZ),Ezreal/Nilah (BW/PZ),6,10,0.6
Caitlyn/Teemo (BC/PZ),Pyke/Rek'Sai (BW/SH),5,17,0.294117647058824
Annie/Jhin (RU/NX),Nilah/Twisted Fate (BW/PZ),5,17,0.294117647058824
Pyke/Rek'Sai (BW/SH),Caitlyn/Teemo (BC/PZ),12,17,0.705882352941177
Nilah/Twisted Fate (BW/PZ),Annie/Jhin (RU/NX),12,17,0.705882352941177
Bard/Norra (BC/RU),Caitlyn/Teemo (BC/PZ),0,6,0
Aatrox/Kayn (RU/RU),Azir/Irelia (IO/SH),0,6,0
Nilah/Twisted Fate (BW/PZ),Annie/Gwen (NX/SI),0,6,0
Caitlyn/Teemo (BC/PZ),Bard/Norra (BC/RU),6,6,1
Azir/Irelia (IO/SH),Aatrox/Kayn (RU/RU),6,6,1
Annie/Gwen (NX/SI),Nilah/Twisted Fate (BW/PZ),6,6,1
Lux: Illuminated/Vex (BC/DE),Azir/Irelia (IO/SH),4,11,0.363636363636364
Akshan/Varus (SH/RU),Maokai/Nautilus (BW/SI),4,11,0.363636363636364
Azir/Irelia (IO/SH),Lux: Illuminated/Vex (BC/DE),7,11,0.636363636363636
Maokai/Nautilus (BW/SI),Akshan/Varus (SH/RU),7,11,0.636363636363636
Anivia (FR/SI),Elder Dragon/Volibear (RU/FR),11,24,0.458333333333333
Elder Dragon/Volibear (RU/FR),Anivia (FR/SI),13,24,0.541666666666667
Poppy/Ziggs (BC/NX),Elder Dragon/Volibear (RU/FR),8,10,0.8
Elder Dragon/Volibear (RU/FR),Poppy/Ziggs (BC/NX),2,10,0.2
Nilah/Twisted Fate (BW/PZ),Nilah/Twisted Fate (BW/PZ),14,28,0.5
Annie/Jhin (RU/NX),Pyke/Rek'Sai (BW/SH),16,31,0.516129032258065
Pyke/Rek'Sai (BW/SH),Annie/Jhin (RU/NX),15,31,0.483870967741936
Nidalee (BC/SH),Caitlyn/Teemo (BC/PZ),7,8,0.875
Azir/Irelia (IO/SH),Ezreal/Seraphine (IO/PZ),7,8,0.875
Kayle (BW/MT),Akshan/Varus (SH/RU),7,8,0.875
Annie/Gwen (NX/SI),Poppy/Ziggs (BC/NX),7,8,0.875
Caitlyn/Teemo (BC/PZ),Nidalee (BC/SH),1,8,0.125
Ezreal/Seraphine (IO/PZ),Azir/Irelia (IO/SH),1,8,0.125
Akshan/Varus (SH/RU),Kayle (BW/MT),1,8,0.125
Poppy/Ziggs (BC/NX),Annie/Gwen (NX/SI),1,8,0.125
Pyke/Rek'Sai (BW/SH),Fizz/Samira (BW/NX),4,9,0.444444444444444
Fizz/Samira (BW/NX),Pyke/Rek'Sai (BW/SH),5,9,0.555555555555556
Pyke/Rek'Sai (BW/SH),Braum/Zoe (FR/MT),8,11,0.727272727272727
Nilah/Twisted Fate (BW/PZ),Janna/Nilah (BW/PZ),8,11,0.727272727272727
Braum/Zoe (FR/MT),Pyke/Rek'Sai (BW/SH),3,11,0.272727272727273
Janna/Nilah (BW/PZ),Nilah/Twisted Fate (BW/PZ),3,11,0.272727272727273
Azir/Irelia (IO/SH),Caitlyn/Teemo (BC/PZ),13,17,0.764705882352941
Caitlyn/Teemo (BC/PZ),Azir/Irelia (IO/SH),4,17,0.235294117647059
Braum/Zoe (FR/MT),Nilah/Twisted Fate (BW/PZ),11,18,0.611111111111111
Nilah/Twisted Fate (BW/PZ),Braum/Zoe (FR/MT),7,18,0.388888888888889
Caitlyn/Teemo (BC/PZ),Braum/Zoe (FR/MT),5,11,0.454545454545455
Championless (SI),Akshan/Varus (SH/RU),5,11,0.454545454545455
Azir/Irelia (IO/SH),Draven/Jinx (NX/PZ),5,11,0.454545454545455
Braum/Zoe (FR/MT),Caitlyn/Teemo (BC/PZ),6,11,0.545454545454545
Akshan/Varus (SH/RU),Championless (SI),6,11,0.545454545454545
Draven/Jinx (NX/PZ),Azir/Irelia (IO/SH),6,11,0.545454545454545
Draven/Jinx (NX/PZ),Annie/Jhin (RU/NX),10,13,0.769230769230769
Annie/Jhin (RU/NX),Draven/Jinx (NX/PZ),3,13,0.230769230769231
Azir/Irelia (IO/SH),Nilah/Twisted Fate (BW/PZ),7,16,0.4375
Nilah/Twisted Fate (BW/PZ),Azir/Irelia (IO/SH),9,16,0.5625
Ryze (IO/RU),Azir/Irelia (IO/SH),1,13,0.0769230769230769
Azir/Irelia (IO/SH),Ryze (IO/RU),12,13,0.923076923076923
Maokai/Nautilus (BW/SI),Championless (SI),5,18,0.277777777777778
Championless (SI),Maokai/Nautilus (BW/SI),13,18,0.722222222222222
Akshan/Varus (SH/RU),Akshan/Varus (SH/RU),7,14,0.5
Maokai/Nautilus (BW/SI),Braum/Vladimir (FR/NX),0,8,0
Braum/Vladimir (FR/NX),Maokai/Nautilus (BW/SI),8,8,1
Elder Dragon (RU/FR),Elder Dragon/Volibear (RU/FR),3,10,0.3
Elder Dragon/Volibear (RU/FR),Elder Dragon (RU/FR),7,10,0.7
Braum/Zoe (FR/MT),Braum/Zoe (FR/MT),5,10,0.5
