archetype_1,archetype_2,mu_win,mu_n,mu_wr
Malphite/Yasuo (IO/MT),Azir/Irelia (IO/SH),0,1,0
The Poro King (BW/RU),Azir/Irelia (IO/SH),0,1,0
Jhin/Udyr (FR/RU),Azir/Irelia (IO/SH),0,1,0
LeBlanc/Sivir (NX/SH),Azir/Irelia (IO/SH),0,1,0
Azir/Irelia (IO/SH),Miss Fortune/Poppy (BW/DE),0,1,0
Irelia/Miss Fortune (BW/IO),Azir/Irelia (IO/SH),0,1,0
Illaoi (BW/IO),Azir/Irelia (IO/SH),0,1,0
Ryze (RU/SI),Azir/Irelia (IO/SH),0,1,0
Jinx/Lulu (BC/PZ),Akshan/Mordekaiser (SI/SH),0,1,0
Akshan/Zilean (BC/SH),Azir/Irelia (IO/SH),0,1,0
Braum/The Poro King (FR/RU),Azir/Irelia (IO/SH),0,1,0
Ezreal/Kennen (IO/PZ),Senna/Viktor (PZ/SI),0,1,0
Lux: Illuminated/Zoe (DE/MT),Senna/Viktor (PZ/SI),0,1,0
Elise (FR/SI),Azir/Irelia (IO/SH),0,1,0
Azir/Irelia (IO/SH),Fizz/Yuumi (BC/PZ),0,1,0
Evelynn/Kayle (RU/MT),Azir/Irelia (IO/SH),0,1,0
Championless (MT/SI),Azir/Irelia (IO/SH),0,1,0
Gwen/Kindred (NX/SI),Senna/Viktor (PZ/SI),0,1,0
Senna/Viktor (PZ/SI),Vayne/Zed (DE/IO),0,1,0
Senna/Viktor (PZ/SI),Samira/Seraphine (NX/PZ),0,1,0
Karma/Sett (IO/SI),Elder Dragon/Morgana (RU/DE),0,1,0
Aurelion Sol/Shyvana (DE/MT),Senna/Viktor (PZ/SI),0,1,0
Azir/Irelia (IO/SH),Jarvan IV/Lux (DE/PZ),0,1,0
Azir/Irelia (IO/SH),Sion (NX/PZ),0,1,0
Elder Dragon/Ornn/Sejuani/Volibear (RU/FR),Azir/Irelia (IO/SH),0,1,0
Azir/Irelia (IO/SH),Senna/Viktor (PZ/SI),0,1,0
Ashe/Elise (FR/SI),Karma/Sett (IO/SI),0,1,0
Elder Dragon/Galio/Morgana (RU/DE),Ashe/Elise (FR/SI),0,1,0
Nidalee/Norra (BC/SH),Elder Dragon/Galio/Morgana (RU/DE),0,1,0
Jarvan IV/Shen (DE/IO),Nidalee/Norra (BC/SH),0,1,0
Nidalee/Norra (BC/SH),Poppy/Ziggs (BC/NX),0,1,0
Senna/Viktor (PZ/SI),Caitlyn/Teemo (FR/PZ),0,1,0
Elder Dragon/Galio/Morgana (RU/DE),Senna/Viktor (PZ/SI),0,1,0
Kalista/Viego (SI),Senna/Viktor (PZ/SI),0,1,0
Pyke/Rek'Sai (BW/SH),Karma/Sett (IO/SI),0,1,0
Fiora (DE/FR),Karma/Sett (IO/SI),0,1,0
Draven/Sivir (NX/SH),Senna/Viktor (PZ/SI),0,1,0
Taliyah/Zilean (IO/SH),Karma/Sett (IO/SI),0,1,0
Senna/Viktor (PZ/SI),Nilah/Twisted Fate (BW/PZ),0,1,0
Senna/Viktor (PZ/SI),Anivia (FR/SI),0,1,0
Nilah/Twisted Fate (BW/PZ),Elder Dragon/Galio/Morgana (RU/DE),0,1,0
Karma/Sett (IO/SI),Nilah/Twisted Fate (BW/PZ),0,1,0
Elder Dragon (RU/FR),Senna/Viktor (PZ/SI),0,1,0
Aphelios/Viktor (MT/PZ),Elder Dragon/Galio/Morgana (RU/DE),0,1,0
Gwen (PZ/SI),Elder Dragon/Galio/Morgana (RU/DE),0,1,0
Ashe (FR/IO),Elder Dragon/Galio/Morgana (RU/DE),0,1,0
Elder Dragon/Galio/Morgana (RU/DE),Championpile/Elder Dragon (RU/FR),0,1,0
Elder Dragon/Morgana (RU/DE),Elder Dragon/Galio/Morgana (RU/DE),0,1,0
Trundle/Tryndamere (FR/SI),Azir/Irelia (IO/SH),0,1,0
Aphelios/Zoe (MT/PZ),Trundle/Tryndamere (FR/SI),0,1,0
Trundle/Tryndamere (FR/SI),Katarina/Yasuo (IO/NX),0,1,0
Karma/Sett (IO/PZ),Trundle/Tryndamere (FR/SI),0,1,0
Elder Dragon/Galio/Morgana (RU/DE),Trundle/Tryndamere (FR/SI),0,1,0
Aatrox/Azir (RU/SH),Elder Dragon/Galio/Morgana (RU/DE),0,1,0
Elise/Nocturne (NX/SI),Elder Dragon/Morgana (RU/DE),0,1,0
Senna/Veigar (BC/SI),Elder Dragon/Morgana (RU/DE),0,1,0
Senna/Veigar (BC/SI),Elder Dragon/Galio/Morgana (RU/DE),0,1,0
The Poro King/Yuumi (MT/RU),Elder Dragon/Galio/Morgana (RU/DE),0,1,0
Braum/Lillia (FR/IO),Elder Dragon/Galio/Morgana (RU/DE),0,1,0
Elder Dragon/Galio/Morgana (RU/DE),Poppy/Teemo (BC/MT),0,1,0
Teemo/Zoe (BC/MT),Senna/Viktor (PZ/SI),0,1,0
Lissandra/Mordekaiser (FR/SI),Elder Dragon/Galio/Morgana (RU/DE),0,1,0
Ekko/Zilean (PZ/SH),Elder Dragon/Galio/Morgana (RU/DE),0,1,0
Ahri/Katarina (IO/NX),Elder Dragon/Galio/Morgana (RU/DE),0,1,0
Trundle/Tryndamere (DE/FR),Elder Dragon/Galio/Morgana (RU/DE),0,1,0
Norra (BC/FR),Elder Dragon/Galio/Morgana (RU/DE),0,1,0
Senna (PZ/SI),Elder Dragon/Galio/Morgana (RU/DE),0,1,0
Elder Dragon/Galio/Morgana (RU/DE),Gwen/Mordekaiser (BC/SI),0,1,0
Gnar/Kayle/Udyr (FR/MT),Elder Dragon/Galio/Morgana (RU/DE),0,1,0
Aurelion Sol/Karma (IO/MT),Elder Dragon/Galio/Morgana (RU/DE),0,1,0
Trundle/Tryndamere (FR/SI),Viktor/Zoe (MT/PZ),0,1,0
Elder Dragon/Galio/Morgana (RU/DE),Gwen/Katarina (NX/SI),0,1,0
Lulu/Quinn (BC/DE),Elder Dragon/Galio/Morgana (RU/DE),0,1,0
Elder Dragon/Galio/Morgana (RU/DE),Kindred/Nasus (SI/SH),0,1,0
Viktor/Zoe (MT/PZ),Elder Dragon/Galio/Morgana (RU/DE),0,1,0
Jax/Ornn (FR/RU),Elder Dragon/Galio/Morgana (RU/DE),0,1,0
Swain/Yasuo (IO/NX),Elder Dragon/Galio/Morgana (RU/DE),0,1,0
Jarvan IV/Shen (DE/IO),Elder Dragon/Galio/Morgana (RU/DE),0,1,0
Azir/Renekton (SH),Elder Dragon/Galio/Morgana (RU/DE),0,1,0
Darius (FR/NX),Elder Dragon/Galio/Morgana (RU/DE),0,1,0
Lillia (FR/IO),Elder Dragon/Norra (RU/BC),0,1,0
Kalista (NX/SI),Elder Dragon/Norra (RU/BC),0,1,0
Azir/Irelia (IO/SH),Aphelios/Morgana (MT/SI),0,1,0
Aphelios/Zoe (IO/MT),Elder Dragon/Galio/Morgana (RU/DE),0,1,0
Elder Dragon (RU/FR),Bard/Mordekaiser (RU/SI),0,1,0
Elder Dragon (RU/FR),Aatrox/Kayn (RU/RU),0,1,0
Heimerdinger/Norra (BC/SI),Elder Dragon (RU/FR),0,1,0
Elder Dragon/Garen (RU/DE),Aurelion Sol/Shyvana (DE/MT),0,1,0
Ekko/Zilean (PZ/SH),Elder Dragon/Garen (RU/DE),0,1,0
Azir/Xerath (SH),Elder Dragon/Garen (RU/DE),0,1,0
Elder Dragon/Garen (RU/DE),Rumble/Vayne (DE/NX),0,1,0
Ashe/LeBlanc (FR/NX),Elder Dragon (RU/FR),0,1,0
Lucian/Zed (DE/IO),Elder Dragon (RU/FR),0,1,0
Elder Dragon (RU/FR),Jinx/Lulu (BC/PZ),0,1,0
Aatrox/Quinn/Vayne (RU/DE),Elder Dragon/Garen (RU/DE),0,1,0
Elder Dragon/Norra (RU/BC),Elder Dragon/Garen (RU/DE),0,1,0
Elder Dragon (RU/FR),Elder Dragon/Garen (RU/DE),0,1,0
Elder Dragon/Volibear (RU/FR),Elder Dragon/Garen (RU/DE),0,1,0
Elise/Nocturne (NX/SI),Elder Dragon/Garen (RU/DE),0,1,0
Neeko/Poppy (DE/RU),Poppy/Ziggs (BC/NX),0,1,0
Rek'Sai (SH),Poppy/Ziggs (BC/NX),0,1,0
Championless (SI),Draven/Rumble (BC/NX),0,1,0
Draven/Sion (FR/NX),Elder Dragon (RU/FR),0,1,0
Kalista/Nasus (SI/SH),Elder Dragon (RU/FR),0,1,0
Janna/Senna (PZ/SI),Katarina/Twisted Fate (BW/NX),0,1,0
Poppy/Ziggs (BC/NX),Nilah/Twisted Fate (BW/PZ),0,1,0
Janna/Senna (PZ/SI),Aatrox/Kayn (RU/RU),0,1,0
Elder Dragon/Garen (RU/DE),Norra (BC/SH),0,1,0
Elder Dragon/Garen (RU/DE),Taliyah (BC/SH),0,1,0
Caitlyn/Teemo (BC/PZ),Elder Dragon/Garen (RU/DE),0,1,0
Elder Dragon/Galio/Morgana (RU/DE),Karma/Seraphine (IO/PZ),0,1,0
Teemo (BC/SH),Poppy/Ziggs (BC/NX),0,1,0
Anivia/Tryndamere (FR/SI),Elder Dragon/Norra (RU/BC),0,1,0
Ezreal/Seraphine (BC/PZ),Janna/Senna (PZ/SI),0,1,0
Championless (SI),Janna/Senna (PZ/SI),0,1,0
Ryze (IO/RU),Championless (SI),0,1,0
Ryze (IO/RU),Akshan/Sivir (FR/SH),0,1,0
Ryze (IO/RU),Championpile/Elder Dragon (RU/FR),0,1,0
Nasus/Thresh (SI/SH),Poppy/Ziggs (BC/NX),0,1,0
Karma/Sett (IO/SI),Elder Dragon/Galio/Morgana (RU/DE),0,1,0
Gwen/Vayne (DE/SI),Elder Dragon/Galio/Morgana (RU/DE),0,1,0
Swain/Twisted Fate (BW/NX),Elder Dragon/Norra (RU/BC),0,1,0
Anivia/Elder Dragon/Volibear (RU/FR),Elder Dragon/Garen (RU/DE),0,1,0
Elder Dragon/Galio/Morgana (RU/DE),Elder Dragon/Garen (RU/DE),0,1,0
Maokai/Nautilus (BW/SI),Elder Dragon/Garen (RU/DE),0,1,0
Championless (BC/IO),Elder Dragon/Garen (RU/DE),0,1,0
Heimerdinger/Viktor (IO/PZ),Aatrox/Kayn (RU/RU),0,1,0
Draven/Rumble (BC/NX),Janna/Senna (PZ/SI),0,1,0
Poppy/Ziggs (BC/NX),Janna/Senna (PZ/SI),0,1,0
Hecarim (IO/SI),Heimerdinger/Viktor (IO/PZ),0,1,0
Heimerdinger/Viktor (IO/PZ),Swain/Yasuo (IO/NX),0,1,0
Heimerdinger/Jayce (PZ/SI),Heimerdinger/Viktor (IO/PZ),0,1,0
Elder Dragon/Volibear (RU/FR),Heimerdinger/Viktor (IO/PZ),0,1,0
Malphite/Yasuo (IO/MT),Heimerdinger/Viktor (IO/PZ),0,1,0
Nilah/Twisted Fate (BW/PZ),Heimerdinger/Viktor (IO/PZ),0,1,0
Azir/Lucian (DE/SH),Nilah/Twisted Fate (BW/PZ),0,1,0
Elder Dragon/Garen (RU/DE),Renekton (BW/SH),0,1,0
Braum/Yuumi/Zoe (FR/MT),Annie/Jhin (RU/NX),0,1,0
Championless (BC/IO),Annie/Jhin (RU/NX),0,1,0
Teemo (BC/PZ),Annie/Jhin (RU/NX),0,1,0
Akshan/Ekko (PZ/SH),Annie/Jhin (RU/NX),0,1,0
Anivia/Kalista (FR/SI),Nilah/Twisted Fate (BW/PZ),0,1,0
Pyke/Rek'Sai (BW/SH),Heimerdinger/Viktor (IO/PZ),0,1,0
Teemo (BC/PZ),Heimerdinger/Viktor (IO/PZ),0,1,0
Jhin/Yasuo (IO/RU),Elder Dragon/Norra (RU/BC),0,1,0
Championless (BC/SI),Elder Dragon/Norra (RU/BC),0,1,0
Ezreal/Seraphine (MT/PZ),Heimerdinger/Viktor (IO/PZ),0,1,0
Poppy/Ziggs (BC/NX),Heimerdinger/Viktor (IO/PZ),0,1,0
Heimerdinger/Viktor (IO/PZ),Bard/Garen (RU/DE),0,1,0
Heimerdinger/Viktor (IO/PZ),Lux: Illuminated/Vex (BC/DE),0,1,0
Heimerdinger/Viktor (IO/PZ),Elder Dragon/Trundle/Volibear (RU/FR),0,1,0
Heimerdinger/Viktor (IO/PZ),Norra (BC/SI),0,1,0
Aatrox/Illaoi (RU/BW),Akshan/Fiora (DE/SH),0,1,0
Darius/Miss Fortune (BW/NX),Janna/Senna (PZ/SI),0,1,0
Aatrox/Vayne (RU/DE),Janna/Senna (PZ/SI),0,1,0
Janna/Senna (PZ/SI),Pyke/Rek'Sai (BW/SH),0,1,0
Elder Dragon/Morgana (RU/DE),Elder Dragon (RU/FR),0,1,0
Renekton/Xerath (SH),Norra (BC/SH),0,1,0
Renekton/Xerath (SH),Garen/Lucian/Lux: Illuminated (DE/IO),0,1,0
Azir/Xerath (SH),Elise/Nocturne (NX/SI),0,1,0
Akshan/Udyr (FR/SH),Janna/Senna (PZ/SI),0,1,0
Viktor (BC/PZ),Evelynn/Kindred/Viego (RU/SI),0,1,0
Elder Dragon (RU/FR),Hecarim/Zed (IO/SI),0,1,0
Caitlyn/Teemo (FR/PZ),Poppy/Tristana (BC/SH),0,1,0
Poppy/Tristana (BC/SH),Elder Dragon/Morgana (RU/MT),0,1,0
Elder Dragon/Volibear (RU/FR),Poppy/Tristana (BC/SH),0,1,0
Kalista/Nocturne (NX/SI),Poppy/Tristana (BC/SH),0,1,0
Jack/Nilah (BW/MT),Ezreal/Seraphine (BC/PZ),0,1,0
Ezreal/Seraphine (BC/PZ),Braum/Norra (BC/FR),0,1,0
Taliyah/Ziggs (BC/SH),Karma/Sett (FR/IO),0,1,0
Elder Dragon/Morgana (RU/DE),Samira/Zoe (MT/NX),0,1,0
Karma/Seraphine (IO/PZ),Galio/Jarvan IV/Riven (DE/NX),0,1,0
Elder Dragon/Galio/Morgana (RU/DE),Fiora (DE/FR),0,1,0
Ezreal/Seraphine (BC/PZ),Karma/Sett (FR/IO),0,1,0
Miss Fortune/Quinn (BW/DE),Karma/Sett (FR/IO),0,1,0
Galio/Morgana (DE/MT),Karma/Sett (FR/IO),0,1,0
The Poro King (RU/SH),Poppy/Tristana (BC/SH),0,1,0
Pyke/Rek'Sai (BW/SH),Poppy/Tristana (BC/SH),0,1,0
Fizz/Samira (BW/NX),Poppy/Tristana (BC/SH),0,1,0
Poppy/Tristana (BC/SH),Elise (FR/SI),0,1,0
Poppy/Tristana (BC/SH),Aurelion Sol/Shyvana (DE/MT),0,1,0
Jinx/Rumble (BC/PZ),Poppy/Tristana (BC/SH),0,1,0
Ezreal/Senna (PZ/SI),Elder Dragon/Norra (RU/BC),0,1,0
Norra (BC/SI),Elder Dragon/Norra (RU/BC),0,1,0
Ezreal/Seraphine (BC/PZ),Elder Dragon (RU/FR),0,1,0
Senna (PZ/SI),Elder Dragon (RU/FR),0,1,0
Braum/Vladimir (FR/NX),Elder Dragon (RU/FR),0,1,0
Poppy/Tristana (BC/SH),Braum/Zoe (FR/MT),0,1,0
Taliyah/Ziggs (BC/SH),Elder Dragon/Norra (RU/BC),0,1,0
Miss Fortune (BW/IO),Elder Dragon/Norra (RU/BC),0,1,0
Annie/Jhin (RU/NX),Karma/Seraphine/Sett (IO/PZ),0,1,0
Elder Dragon/Morgana (RU/DE),Karma/Seraphine/Sett (IO/PZ),0,1,0
Elise/Nocturne (NX/SI),Mordekaiser/Norra (BC/SI),0,1,0
Kayle/Zed (IO/MT),Akshan/Mordekaiser (SI/SH),0,1,0
Akshan/Mordekaiser (SI/SH),Poppy/Ziggs (BC/NX),0,1,0
Fiora/Lux: Illuminated (DE/MT),Elder Dragon/Lissandra/Volibear (RU/FR),0,1,0
Malphite/Volibear (FR/MT),Elder Dragon/Lissandra/Volibear (RU/FR),0,1,0
Senna (BW/SI),Elder Dragon/Lissandra/Volibear (RU/FR),0,1,0
Kayle/Zed (IO/MT),Elder Dragon/Lissandra/Volibear (RU/FR),0,1,0
Jack/Nilah (BW/MT),Elder Dragon/Lissandra/Volibear (RU/FR),0,1,0
Azir/Xerath (SH),Elder Dragon/Lissandra/Volibear (RU/FR),0,1,0
Elder Dragon/Lissandra/Volibear (RU/FR),Sett/Viego (IO/SI),0,1,0
Zed (DE/IO),Ashe/LeBlanc (FR/NX),0,1,0
Rek'Sai (BW/SH),Ashe/LeBlanc (FR/NX),0,1,0
Akshan/Mordekaiser (SI/SH),Ashe/LeBlanc (FR/NX),0,1,0
Sejuani (BC/FR),Annie (FR/NX),0,1,0
Jayce/Lux (DE/PZ),Karma/Sett (FR/IO),0,1,0
Karma/Sett (FR/IO),Gwen/Hecarim/Zed (IO/SI),0,1,0
Mordekaiser/Norra (BC/SI),Braum/Yuumi/Zoe (FR/MT),0,1,0
Akshan (BC/SH),Mordekaiser/Norra (BC/SI),0,1,0
Jarvan IV/Poppy (BC/DE),Ashe/LeBlanc (FR/NX),0,1,0
Ashe/LeBlanc (FR/NX),Annie/Gwen (NX/SI),0,1,0
Elder Dragon/Galio/Shyvana (RU/DE),Ashe/LeBlanc (FR/NX),0,1,0
Pyke/Rek'Sai (BW/SH),Maokai/Nautilus (BW/SI),0,1,0
Elder Dragon/Fizz/Norra (RU/BC),Maokai/Nautilus (BW/SI),0,1,0
Maokai/Nautilus (BW/SI),Teemo/Zoe (BC/MT),0,1,0
Ezreal/Seraphine (NX/PZ),Karma/Sett (FR/IO),0,1,0
Karma/Sett (FR/IO),Braum/Galio (DE/FR),0,1,0
Jack/Ornn (BW/FR),Ashe/LeBlanc (FR/NX),0,1,0
Ashe/Volibear (FR/NX),Elder Dragon (RU/FR),0,1,0
Elder Dragon (RU/FR),Garen/Jarvan IV (DE),0,1,0
Azir/Irelia (IO/SH),Caitlyn/Twisted Fate (BW/PZ),0,1,0
Ryze (IO/RU),Mordekaiser/Norra (BC/SI),0,1,0
Mordekaiser/Norra (BC/SI),Swain/Viktor (NX/PZ),0,1,0
Mordekaiser/Morgana (DE/SI),Poppy/Ziggs (BC/NX),0,1,0
Kalista/Viego (SI),Karma/Sett (FR/IO),0,1,0
Miss Fortune (BW/NX),Fiora (DE/FR),0,1,0
Darius/Gnar (FR/NX),Fiora (DE/FR),0,1,0
Miss Fortune (BW/NX),Karma/Sett (FR/IO),0,1,0
Irelia/Morgana (DE/IO),Aphelios/Fizz (BC/MT),0,1,0
Aphelios/Fizz (BC/MT),Annie/Jhin (RU/NX),0,1,0
Elder Dragon/Mordekaiser/Viego (RU/SI),Championless (SI),0,1,0
Diana/Nocturne (MT/SI),Ezreal/Seraphine (NX/PZ),0,1,0
Elder Dragon (RU/FR),Diana/Nocturne (MT/SI),0,1,0
Riven/Viktor (NX/PZ),Diana/Nocturne (MT/SI),0,1,0
Braum (FR/MT),Diana/Nocturne (MT/SI),0,1,0
Nasus/Xerath (SH),Diana/Nocturne (MT/SI),0,1,0
Xerath/Zilean (BC/SH),Diana/Nocturne (MT/SI),0,1,0
Diana/Nocturne (MT/SI),Elise (SI),0,1,0
Aphelios/Fizz (BC/MT),Azir/Irelia (IO/SH),0,1,0
Jayce/Norra (BC/PZ),Aphelios/Fizz (BC/MT),0,1,0
Aphelios/Fizz (BC/MT),Gangplank/Sejuani (BW/FR),0,1,0
Mordekaiser/Morgana (DE/SI),Aphelios/Fizz (BC/MT),0,1,0
Jinx/Lulu (BC/PZ),Aphelios/Fizz (BC/MT),0,1,0
Leona (MT/SH),Aphelios/Fizz (BC/MT),0,1,0
Diana/Nocturne (MT/SI),Azir/Xerath (SH),0,1,0
Diana/Nocturne (MT/SI),Championpile/Elder Dragon (RU/FR),0,1,0
Karma/Seraphine (IO/PZ),Diana/Nocturne (MT/SI),0,1,0
Fiora (DE/FR),Diana/Nocturne (MT/SI),0,1,0
Heimerdinger/Norra (BC/SI),Norra/Teemo (BC/PZ),0,1,0
Fizz (BC/SH),Fiora (DE/FR),0,1,0
Nocturne/Vex (SI/SH),Fiora (DE/FR),0,1,0
Caitlyn/Teemo (BC/PZ),Championless (FR/NX),0,1,0
Fiora/Shen (DE/IO),Championless (FR/NX),0,1,0
Elder Dragon/Lissandra/Volibear (RU/FR),Poppy/Tristana (BC/SH),0,1,0
Draven/Jinx (NX/PZ),Poppy/Tristana (BC/SH),0,1,0
Poppy/Tristana (BC/SH),Nocturne/Vex (SI/SH),0,1,0
Elder Dragon/Kalista (RU/SI),Poppy/Tristana (BC/SH),0,1,0
Poppy/Tristana (BC/SH),Gwen/Zed (IO/SI),0,1,0
Elder Dragon/Norra (RU/BC),Aurelion Sol/Shyvana (DE/MT),0,1,0
Ekko/Jinx (PZ/SH),Ryze (IO/RU),0,1,0
Kayle/Lillia (IO/MT),Ekko/Jinx (PZ/SH),0,1,0
Draven/Katarina (NX/SI),Ekko/Jinx (PZ/SH),0,1,0
Master Yi/Taliyah/Zilean (IO/SH),Ekko/Jinx (PZ/SH),0,1,0
Ekko/Jinx (PZ/SH),Lucian/Zed (DE/IO),0,1,0
Jinx/Lulu (BC/PZ),Ekko/Jinx (PZ/SH),0,1,0
Diana/Nocturne (MT/SI),Championless (PZ/SH),0,1,0
Championless (FR/NX),Karma/Sett (FR/IO),0,1,0
Lulu/Taric (IO/MT),Championless (FR/NX),0,1,0
Poppy/Tristana (BC/SH),Elder Dragon/Galio/Morgana (RU/DE),0,1,0
Kindred/Nasus/Senna (SI/SH),Poppy/Tristana (BC/SH),0,1,0
Elder Dragon/Lissandra/Trundle (RU/FR),Poppy/Tristana (BC/SH),0,1,0
Poppy/Tristana (BC/SH),Ryze (IO/RU),0,1,0
Nilah/Twisted Fate (BW/PZ),Poppy/Tristana (BC/SH),0,1,0
Poppy/Tristana (BC/SH),Galio/Garen/Poppy (DE/FR),0,1,0
Poppy/Tristana (BC/SH),Janna/Jinx (BW/PZ),0,1,0
Ezreal/Seraphine (BC/PZ),Poppy/Tristana (BC/SH),0,1,0
Azir/Xerath (SH),Poppy/Tristana (BC/SH),0,1,0
Seraphine/Viktor (BW/PZ),Galio/Garen/Poppy (DE/FR),0,1,0
Fizz/Nami (BC/BW),Elder Dragon/Garen/Jarvan IV (RU/DE),0,1,0
Braum/Zoe (FR/MT),Fizz/Nami (BC/BW),0,1,0
Aatrox/Kayn (RU/RU),Elder Dragon/Lissandra/Volibear (RU/FR),0,1,0
Azir (IO/SH),Jinx/Katarina (NX/PZ),0,1,0
Elder Dragon/Volibear (RU/FR),Jinx/Katarina (NX/PZ),0,1,0
Championless (FR/NX),Elder Dragon/Morgana (RU/DE),0,1,0
Championless (FR/NX),Elder Dragon/Volibear (RU/FR),0,1,0
Elder Dragon/Trundle/Volibear (RU/FR),Championless (FR/NX),0,1,0
Jack/Nilah (BW/MT),Championless (FR/NX),0,1,0
Morgana/Udyr (DE/FR),Championless (FR/NX),0,1,0
Taliyah/Ziggs (BC/SH),Championless (FR/NX),0,1,0
Mordekaiser/Senna (NX/SI),Championless (FR/NX),0,1,0
Annie/Jhin (RU/NX),Janna/Senna (PZ/SI),0,1,0
Poppy/Tristana (BC/SH),Taliyah/Zilean (IO/SH),0,1,0
Azir/Xerath (SH),Aphelios/Viktor (MT/PZ),0,1,0
Yuumi/Zoe (FR/MT),Aphelios/Viktor (MT/PZ),0,1,0
Anivia (FR/SI),Aphelios/Viktor (MT/PZ),0,1,0
Mordekaiser/Norra (BC/SI),Elise/Gnar (FR/SI),0,1,0
Diana/Nocturne (MT/SI),Akshan/Varus (SH/RU),0,1,0
Diana/Nocturne (MT/SI),Kayle/Zed (IO/MT),0,1,0
Fiora/Miss Fortune/Quinn (BW/DE),Mordekaiser/Norra (BC/SI),0,1,0
Ashe/LeBlanc (FR/NX),Karma/Sett (IO/PZ),0,1,0
Kayle/Zed (IO/MT),Ashe/LeBlanc (FR/NX),0,1,0
Braum/Vladimir (FR/NX),Ashe/LeBlanc (FR/NX),0,1,0
Darius (FR/NX),Aurelion Sol/Shyvana (DE/MT),0,1,0
Elder Dragon/Lissandra (RU/FR),Darius (FR/NX),0,1,0
Elder Dragon/Mordekaiser/Viego (RU/SI),Darius/Gnar (FR/NX),0,1,0
Championless (FR/NX),Karma/Sett (IO/PZ),0,1,0
Championless (FR/NX),Azir/Nasus/Renekton (SH),0,1,0
Championless (FR/NX),Teemo (BC/PZ),0,1,0
Akshan (BC/SH),Akshan/Master Yi/Taliyah (IO/SH),0,1,0
Braum/Soraka (FR/MT),Azir/Irelia (IO/SH),0,1,0
Akshan/Master Yi (IO/SH),Poppy/Ziggs (BC/NX),0,1,0
Championless (FR/NX),Mordekaiser (BC/SI),0,1,0
Ezreal/Kennen (IO/PZ),Championless (FR/NX),0,1,0
Ashe (FR/PZ),Azir/Irelia (IO/SH),0,1,0
Mordekaiser/Norra (BC/SI),Karma/Sett (IO/SI),0,1,0
Mordekaiser/Norra (BC/SI),Jarvan IV/Shen (DE/IO),0,1,0
Lissandra/Trundle (FR/IO),Gwen/Sejuani (FR/SI),0,1,0
Braum/Lucian (DE/FR),Aphelios/Viktor (MT/PZ),0,1,0
Pyke/Rek'Sai (BW/SH),Aphelios/Viktor (MT/PZ),0,1,0
Elder Dragon/Volibear (RU/FR),Aphelios/Viktor (MT/PZ),0,1,0
Ezreal/Seraphine (BC/PZ),Miss Fortune/Quinn (BW/DE),0,1,0
Jayce/Norra (BC/PZ),Jinx/Lulu (BC/PZ),0,1,0
Nilah/Twisted Fate (BW/MT),Jinx/Katarina (NX/PZ),0,1,0
Jinx/Katarina (NX/PZ),Miss Fortune/Quinn (BW/DE),0,1,0
Championless (FR/NX),Annie (NX/PZ),0,1,0
Aurelion Sol/Pantheon (MT/SI),Championless (FR/NX),0,1,0
Nocturne/Vex (SI),Azir/Irelia (IO/SH),0,1,0
Taliyah/Ziggs (BC/SH),Caitlyn/Teemo (FR/PZ),0,1,0
Jayce/Lux (DE/PZ),Annie/Jhin (RU/NX),0,1,0
Annie (FR/NX),Annie/Jhin (RU/NX),0,1,0
Elder Dragon/The Poro King (RU/RU),Mordekaiser/Norra (BC/SI),0,1,0
Annie/Jhin (RU/NX),Ashe/Tahm Kench (BW/FR),0,1,0
Akshan/Sivir (FR/SH),Karma/Sett (FR/IO),0,1,0
Malphite/Yasuo (IO/MT),Karma/Sett (FR/IO),0,1,0
Gwen/Zed (IO/SI),Karma/Sett (FR/IO),0,1,0
Ornn/Soraka (FR/MT),Karma/Sett (FR/IO),0,1,0
Aurelion Sol/Elder Dragon (RU/MT),Poppy/Ziggs (BC/NX),0,1,0
Karma/Master Yi (IO/SI),Karma/Sett (FR/IO),0,1,0
Karma/Sett (FR/IO),Nami/Twisted Fate (BW/SI),0,1,0
Azir/Xerath (SH),Poppy/Ziggs (BC/NX),0,1,0
Ezreal/Kennen (IO/PZ),Ezreal/Karma/Seraphine (IO/PZ),0,1,0
Ezreal/Karma/Seraphine (IO/PZ),Karma/Sett (FR/IO),0,1,0
Karma/Sett (IO/SI),Championless (FR/NX),0,1,0
Jack/Samira (BW/NX),Championless (FR/NX),0,1,0
Kayle/Lillia (IO/MT),Aphelios/Viktor (MT/PZ),0,1,0
Poppy/Ziggs (BC/NX),Gwen/Sejuani (FR/SI),0,1,0
Viego (SI),Elise/Gnar (FR/SI),0,1,0
Diana/Nocturne (MT/SI),The Poro King (PZ/RU),0,1,0
Ashe (FR/SI),Diana/Nocturne (MT/SI),0,1,0
Janna (BW/PZ),Diana/Nocturne (MT/SI),0,1,0
Swain/Yasuo (IO/NX),Championless (FR/NX),0,1,0
Kindred (FR/SI),Azir/Irelia (IO/SH),0,1,0
Akshan/Morgana/Taliyah (DE/SH),Jinx/Lulu (BC/PZ),0,1,0
Nasus/Renekton (SH),Akshan/Morgana/Taliyah (DE/SH),0,1,0
Viktor/Zoe (MT/PZ),Aphelios/Viktor (MT/PZ),0,1,0
Championless (FR/NX),Jinx/Norra (BC/PZ),0,1,0
Hecarim/Zed (IO/SI),Championless (FR/NX),0,1,0
Akshan/Udyr (FR/SH),Championless (FR/NX),0,1,0
Championless (FR/NX),Senna/Veigar (BC/SI),0,1,0
Akshan/Morgana/Taliyah (DE/SH),Norra (BC/BW),0,1,0
Akshan/Morgana/Taliyah (DE/SH),Karma/Sett (IO/PZ),0,1,0
Galio/Udyr (DE/FR),Akshan/Morgana/Taliyah (DE/SH),0,1,0
Ashe/Elise (FR/SI),Akshan/Morgana/Taliyah (DE/SH),0,1,0
Senna/Veigar (BC/SI),Akshan/Morgana/Taliyah (DE/SH),0,1,0
Caitlyn/Teemo (BC/PZ),Akshan/Morgana/Taliyah (DE/SH),0,1,0
Akshan/Morgana/Taliyah (DE/SH),Mordekaiser/Norra (BC/SI),0,1,0
Elder Dragon/Norra (RU/BC),Annie (NX/PZ),0,1,0
Akshan/Pantheon (MT/SH),Elder Dragon/Norra (RU/BC),0,1,0
Annie/Swain (NX/SI),Elder Dragon/Norra (RU/BC),0,1,0
Elder Dragon/Norra (RU/BC),Draven/Rumble (BC/NX),0,1,0
Jack/Sett (BW/IO),Championless (FR/NX),0,1,0
Norra (BC/SH),Championless (FR/NX),0,1,0
Championless (PZ/SI),Championless (FR/NX),0,1,0
Ashe/LeBlanc (FR/NX),Akshan/Morgana/Taliyah (DE/SH),0,1,0
Elder Dragon/Volibear (RU/FR),Akshan/Morgana/Taliyah (DE/SH),0,1,0
Sejuani/Sivir (FR/SH),Mordekaiser/Norra (BC/SI),0,1,0
Annie (NX/PZ),Mordekaiser/Norra (BC/SI),0,1,0
Nidalee/Norra (BC/SH),Caitlyn/Teemo (FR/PZ),0,1,0
Ezreal/Karma/Seraphine (IO/PZ),The Poro King (MT/RU),0,1,0
Nami/Viktor (BW/PZ),Ezreal/Karma/Seraphine (IO/PZ),0,1,0
Elder Dragon/Galio/Shyvana (RU/DE),Ezreal/Karma/Seraphine (IO/PZ),0,1,0
Championless (FR/NX),Annie/Jhin (RU/NX),0,1,0
Championless (FR/NX),Ezreal/Seraphine (BC/PZ),0,1,0
Anivia (FR/SI),Championless (FR/NX),0,1,0
Lulu/Teemo (BC/IO),Championless (FR/NX),0,1,0
Braum/Soraka (FR/MT),Championless (FR/NX),0,1,0
Elder Dragon/Galio/Morgana (RU/DE),Championless (FR/NX),0,1,0
Azir/Irelia (IO/SH),Galio/Morgana (DE/FR),0,1,0
Azir/Nasus/Renekton (SH),Aphelios/Viktor (MT/PZ),0,1,0
Galio/Morgana (DE/FR),Mordekaiser/Norra (BC/SI),0,1,0
Championless (SI),Mordekaiser/Norra (BC/SI),0,1,0
Ashe/LeBlanc (FR/NX),Mordekaiser/Norra (BC/SI),0,1,0
Seraphine/Sett (IO/PZ),Poppy/Ziggs (BC/NX),0,1,0
Championless (FR/NX),Ekko/Jinx (PZ/SH),0,1,0
Annie/Darius/Miss Fortune (BW/NX),Azir/Irelia (IO/SH),0,1,0
Azir/Irelia (IO/SH),Kayle/Yuumi (FR/MT),0,1,0
Elder Dragon/Norra (RU/BC),Karma/Seraphine/Sett (IO/PZ),0,1,0
Mordekaiser/Norra (BC/SI),Karma/Seraphine (IO/PZ),0,1,0
Nidalee (PZ/SH),Karma/Sett (FR/IO),0,1,0
Annie/Jhin (RU/NX),Kayle/Lillia (IO/MT),0,1,0
Viktor/Zoe (MT/PZ),Annie/Jhin (RU/NX),0,1,0
Swain/Viktor (NX/PZ),Elder Dragon/Morgana (RU/DE),0,1,0
Ezreal/Karma (IO/PZ),Elder Dragon/Morgana (RU/DE),0,1,0
Nilah/Twisted Fate (BW/MT),Elder Dragon/Morgana (RU/DE),0,1,0
Teemo (BC/PZ),Elder Dragon/Morgana (RU/DE),0,1,0
Elder Dragon/Morgana/Shyvana (RU/DE),Elder Dragon/Galio/Morgana (RU/DE),0,1,0
Sejuani/Zed (FR/IO),Elder Dragon/Morgana/Shyvana (RU/DE),0,1,0
Elder Dragon/Morgana (RU/DE),Poppy/Vex (BC/SI),0,1,0
Championless (BC/SH),Elder Dragon/Morgana (RU/DE),0,1,0
Jax/Ornn (FR/RU),Elder Dragon/Morgana (RU/DE),0,1,0
Elder Dragon/Morgana/Shyvana (RU/DE),Aurelion Sol/Zoe (FR/MT),0,1,0
Hecarim/Kalista/Kindred (DE/SI),Azir/Irelia (IO/SH),0,1,0
Ahri (FR/IO),Miss Fortune/Twisted Fate (BW/NX),0,1,0
Pyke/Rek'Sai (BW/SH),Seraphine/Sett (IO/PZ),0,1,0
Championless (BW/FR),Azir/Irelia (IO/SH),0,1,0
Karma/Lee Sin/Lulu (IO),Azir/Irelia (IO/SH),0,1,0
Lucian/Zed (DE/IO),Elder Dragon/Morgana (RU/DE),0,1,0
Akshan/Lee Sin (IO/SH),Elder Dragon/Morgana (RU/DE),0,1,0
Championpile/Elder Dragon (RU/FR),Fizz (BW/SH),0,1,0
Aatrox/Kayn (RU/RU),Elder Dragon/Galio/Morgana (RU/DE),0,1,0
Senna/Veigar (BC/SI),Miss Fortune/Twisted Fate (BW/NX),0,1,0
Ahri/Elder Dragon/Kennen (RU/IO),Fizz/Yuumi (BC/FR),0,1,0
Elder Dragon/Mordekaiser/Viego (RU/SI),Ahri/Elder Dragon/Kennen (RU/IO),0,1,0
Ahri/Elder Dragon/Kennen (RU/IO),Taliyah/Ziggs (BC/SH),0,1,0
Ezreal/Kennen (IO/PZ),Azir/Irelia (IO/SH),0,1,0
Championpile/Elder Dragon (RU/FR),Mordekaiser/Norra (BC/SI),0,1,0
Lulu (FR/IO),Mordekaiser/Norra (BC/SI),0,1,0
Ashe/Elise (FR/SI),Mordekaiser/Norra (BC/SI),0,1,0
Aurelion Sol/Zoe (FR/MT),Championless (FR/NX),0,1,0
Championless (FR/NX),Fizz/Yuumi (BC/FR),0,1,0
Braum/Pantheon (FR/MT),Annie/Jhin (RU/NX),0,1,0
Evelynn/Norra (BC/RU),Akshan/Morgana/Taliyah (DE/SH),0,1,0
Nilah/Twisted Fate (BW/PZ),Ezreal/Karma/Seraphine (IO/PZ),0,1,0
Braum/Galio (DE/FR),Ezreal/Karma/Seraphine (IO/PZ),0,1,0
Ezreal/Karma/Seraphine (IO/PZ),Akshan/Morgana/Taliyah (DE/SH),0,1,0
Zoe (BC/MT),Akshan/Morgana/Taliyah (DE/SH),0,1,0
Championless (FR/SI),Akshan/Morgana/Taliyah (DE/SH),0,1,0
Akshan/Morgana/Taliyah (DE/SH),Taliyah/Zilean (IO/SH),0,1,0
Braum/Galio (DE/FR),Akshan/Morgana/Taliyah (DE/SH),0,1,0
Ashe/Elise (FR/SI),Fizz (BW/SH),0,1,0
Viego (IO/SI),Fizz (BW/SH),0,1,0
Annie/Jhin (RU/NX),Fizz (BW/SH),0,1,0
Jinx/Ziggs (BC/PZ),Fizz (BW/SH),0,1,0
Ahri/Elder Dragon/Kennen (RU/IO),Championpile/Elder Dragon (RU/FR),0,1,0
Championless (FR/NX),Gangplank/Miss Fortune (BW/NX),0,1,0
Championless (FR/NX),Galio/Trundle (DE/FR),0,1,0
Ezreal/Seraphine (BC/PZ),Elder Dragon/Neeko (RU/RU),0,1,0
Mordekaiser (NX/SI),Ezreal/Seraphine (BC/PZ),0,1,0
Nidalee (BC/SH),Senna/Veigar (BC/SI),0,1,0
Taliyah/Zilean (IO/SH),Galio/Taliyah (DE/SH),0,1,0
Elder Dragon/Norra (RU/BC),Heimerdinger/Jayce (PZ/SI),0,1,0
Elise (NX/SI),Yuumi/Zoe (FR/MT),0,1,0
Lux (DE/MT),Yuumi/Zoe (FR/MT),0,1,0
Yuumi/Zoe (FR/MT),Elder Dragon/Galio/Morgana (RU/DE),0,1,0
Akshan/Samira (NX/SH),Pyke/Rek'Sai (BW/SH),0,1,0
Ahri/Elder Dragon/Kennen (RU/IO),Azir/Xerath (SH),0,1,0
Akshan/Morgana/Taliyah (DE/SH),Mordekaiser/Sion (NX/SI),0,1,0
Akshan/Morgana (DE/SH),Akshan/Morgana/Taliyah (DE/SH),0,1,0
Ezreal/Senna (PZ/SI),Akshan/Morgana/Taliyah (DE/SH),0,1,0
Annie/Jhin (RU/NX),Akshan/Morgana/Taliyah (DE/SH),0,1,0
Nilah/Twisted Fate (BC/BW),Elder Dragon/Norra (RU/BC),0,1,0
Elder Dragon/Norra (RU/BC),Braum/Elder Dragon/Volibear (RU/FR),0,1,0
Hecarim (IO/SI),Elder Dragon/Norra (RU/BC),0,1,0
Ashe/Elise (FR/SI),Elder Dragon/Norra (RU/BC),0,1,0
Draven/Elise (NX/SI),Elder Dragon/Norra (RU/BC),0,1,0
Zilean (PZ/SH),Elder Dragon/Mordekaiser/Viego (RU/SI),0,1,0
Aurelion Sol/Shyvana (DE/MT),Elder Dragon/Mordekaiser/Viego (RU/SI),0,1,0
Nilah/Twisted Fate (BW/PZ),Garen/Kai'Sa (DE/SH),0,1,0
Miss Fortune/Quinn (BW/DE),Nilah/Twisted Fate (BW/PZ),0,1,0
Anivia/Volibear (FR/SI),Elder Dragon/Volibear (RU/FR),0,1,0
Elder Dragon/Volibear (RU/FR),Akshan/Pantheon (MT/SH),0,1,0
Viego (SI),Elder Dragon/Volibear (RU/FR),0,1,0
Elder Dragon/Volibear (RU/FR),Karma (FR/IO),0,1,0
Mordekaiser/Viego (SI),Elder Dragon/Norra (RU/BC),0,1,0
Yuumi/Zoe (FR/MT),Jack/Nilah (BW/MT),0,1,0
Aurelion Sol/Elder Dragon (RU/MT),Yuumi/Zoe (FR/MT),0,1,0
Norra/Twisted Fate (BC/BW),Pyke/Rek'Sai (BW/SH),0,1,0
Ashe/LeBlanc (FR/NX),Pyke/Rek'Sai (BW/SH),0,1,0
Annie/Janna (NX/PZ),Pyke/Rek'Sai (BW/SH),0,1,0
Caitlyn/Teemo (BC/PZ),Pyke/Rek'Sai (BW/SH),0,1,0
Azir/Irelia (IO/SH),Aatrox/Morgana (RU/DE),0,1,0
Elder Dragon/Trundle/Tryndamere/Volibear (RU/FR),Elder Dragon/Norra (RU/BC),0,1,0
Sejuani (FR),Elder Dragon/Mordekaiser/Viego (RU/SI),0,1,0
Kalista/Katarina (NX/SI),Elder Dragon/Mordekaiser/Viego (RU/SI),0,1,0
Rumble/Sion (BC/NX),Elder Dragon/Mordekaiser/Viego (RU/SI),0,1,0
Elder Dragon/Norra (RU/BC),Elder Dragon/Mordekaiser/Viego (RU/SI),0,1,0
Taliyah/Zilean (IO/SH),Yuumi/Zoe (FR/MT),0,1,0
Hecarim (IO/SI),Elder Dragon/Lissandra (RU/FR),0,1,0
Anivia (FR/SI),Karma/Sett (IO/SI),0,1,0
Championpile/Elder Dragon (RU/FR),Pyke/Rek'Sai (BW/SH),0,1,0
Evelynn/Kai'Sa (RU/SH),Pyke/Rek'Sai (BW/SH),0,1,0
Kalista (DE/SI),Azir/Irelia (IO/SH),0,1,0
Karma/Master Yi (IO/PZ),Azir/Irelia (IO/SH),0,1,0
Darius/Miss Fortune (BW/NX),Poppy/Ziggs (BC/NX),0,1,0
Vi/Viktor (IO/PZ),Aphelios/Viktor (MT/PZ),0,1,0
Norra (BC/SH),Poppy/Ziggs (BC/NX),0,1,0
Lucian/Zed (DE/IO),Poppy/Ziggs (BC/NX),0,1,0
Braum/Soraka (FR/MT),Poppy/Ziggs (BC/NX),0,1,0
Nidalee (BC/SH),Kayle/Zoe (BW/MT),0,1,0
Darius/Elder Dragon/LeBlanc (RU/NX),Nidalee (BC/SH),0,1,0
Gnar/Nidalee (BC/SH),Kindred/Norra (BC/SI),0,1,0
Nidalee (BC/SH),Elder Dragon/Shyvana (RU/DE),0,1,0
Riven/Vi (NX/PZ),Poppy/Ziggs (BC/NX),0,1,0
Fizz (BW/SH),Morgana/Zoe (FR/MT),0,1,0
Braum/Udyr (FR/NX),Yuumi/Zoe (FR/MT),0,1,0
Ezreal/Karma/Seraphine (IO/PZ),Ashe/Elise (FR/SI),0,1,0
Pyke/Rek'Sai (BW/SH),Ezreal/Karma/Seraphine (IO/PZ),0,1,0
Ezreal/Karma/Seraphine (IO/PZ),Akshan/Lee Sin (IO/SH),0,1,0
Garen/Udyr (DE/FR),Elise/Twisted Fate (BW/SI),0,1,0
Norra (BC/PZ),Elise/Twisted Fate (BW/SI),0,1,0
Darius/Gnar (FR/NX),Ekko/Jinx (PZ/SH),0,1,0
Aurelion Sol/Shyvana (DE/MT),Mordekaiser/Norra (BC/SI),0,1,0
Fizz (BW/NX),Mordekaiser/Norra (BC/SI),0,1,0
Azir/Neeko (RU/SH),Annie/Jhin (RU/NX),0,1,0
Caitlyn/Teemo (FR/PZ),Elder Dragon (RU/FR),0,1,0
Karma/Sett (IO/SI),Gnar/Nidalee (BC/SH),0,1,0
Kalista (FR/SI),Gnar/Nidalee (BC/SH),0,1,0
Fizz (BW/NX),Gnar/Nidalee (BC/SH),0,1,0
Nidalee (BC/SH),Norra (BC/SH),0,1,0
Nocturne/Vex (SI/SH),Nidalee (BC/SH),0,1,0
Mordekaiser/Norra (BC/SI),Nidalee (BC/SH),0,1,0
Annie/Jhin (RU/NX),Nidalee (BC/SH),0,1,0
Nidalee (BC/SH),Swain/Viktor (NX/PZ),0,1,0
Nidalee (BC/SH),Draven/Jinx (NX/PZ),0,1,0
Nidalee (BC/SH),Taliyah/Zilean (IO/SH),0,1,0
Championless (FR/MT),Nidalee (BC/SH),0,1,0
Ryze (IO/RU),Nidalee (BC/SH),0,1,0
Kayn/Sivir (RU/SH),Nilah/Twisted Fate (BW/PZ),0,1,0
Kalista (FR/SI),Nilah/Twisted Fate (BW/PZ),0,1,0
Viego (FR/SI),Ekko/Jinx (PZ/SH),0,1,0
Elder Dragon/Norra (RU/BC),Elder Dragon/Seraphine/Viktor (RU/PZ),0,1,0
Yuumi/Zoe (FR/MT),Teemo (BC/SH),0,1,0
Elder Dragon (RU/FR),Annie/Jhin (RU/NX),0,1,0
Elder Dragon/Fizz/Norra (RU/BC),Annie/Jhin (RU/NX),0,1,0
Diana/Lee Sin (IO/MT),Azir/Irelia (IO/SH),0,1,0
Championless (PZ/SI),Gnar/Nidalee (BC/SH),0,1,0
Gnar/Nidalee (BC/SH),Championpile/Elder Dragon (RU/FR),0,1,0
Senna/Veigar (BC/SI),Gnar/Nidalee (BC/SH),0,1,0
Norra (BC/IO),Gnar/Nidalee (BC/SH),0,1,0
Fiora/Shen (DE/IO),Gnar/Nidalee (BC/SH),0,1,0
Akshan/Pantheon (MT/SH),Gnar/Nidalee (BC/SH),0,1,0
Trundle/Udyr (FR/SI),Gnar/Nidalee (BC/SH),0,1,0
Braum (FR/IO),Gnar/Nidalee (BC/SH),0,1,0
Aurelion Sol/Kayle/Zed (IO/MT),Gnar/Nidalee (BC/SH),0,1,0
Garen/Udyr (DE/FR),Gnar/Nidalee (BC/SH),0,1,0
Xerath/Ziggs (BC/SH),Gnar/Nidalee (BC/SH),0,1,0
Elder Dragon/Elise (RU/SI),Elder Dragon/Seraphine/Viktor (RU/PZ),0,1,0
Hecarim/Zed (IO/SI),Ekko/Jinx (PZ/SH),0,1,0
Gangplank/Swain (BW/NX),Karma/Sett (FR/IO),0,1,0
Galio/Taliyah (DE/SH),Annie/Jhin (RU/NX),0,1,0
Galio/Taliyah (DE/SH),Braum/Kayle (FR/MT),0,1,0
Braum/Vladimir (FR/NX),Annie/Jhin (RU/NX),0,1,0
Maokai/Nautilus (BW/SI),Annie/Jhin (RU/NX),0,1,0
Annie (FR/NX),Elder Dragon/Sejuani/Volibear (RU/FR),0,1,0
Mordekaiser/Norra (BC/SI),Elder Dragon/Sejuani/Volibear (RU/FR),0,1,0
Yuumi/Zoe (FR/MT),Draven/Jinx (NX/PZ),0,1,0
Yuumi/Zoe (FR/MT),Lulu/Shen (BC/IO),0,1,0
Elise (NX/SI),Akshan/Morgana/Taliyah (DE/SH),0,1,0
Senna/Veigar (BC/SI),Mordekaiser/Norra (BC/SI),0,1,0
Swain/Yasuo (IO/NX),Mordekaiser/Norra (BC/SI),0,1,0
Akshan (FR/SH),Mordekaiser/Norra (BC/SI),0,1,0
Karma/Seraphine/Sett (IO/PZ),Pyke/Rek'Sai (BW/SH),0,1,0
Hecarim/Thresh (IO/SI),Yuumi/Zoe (FR/MT),0,1,0
Seraphine/Sett (IO/PZ),Elise/Norra (BC/SI),0,1,0
Akshan/Master Yi (IO/SH),Elise/Norra (BC/SI),0,1,0
Galio/Soraka (DE/MT),Elise/Norra (BC/SI),0,1,0
Akshan/Morgana/Taliyah (DE/SH),Ryze (IO/RU),0,1,0
Yuumi/Zoe (FR/MT),Braum/Elder Dragon/Trundle/Udyr (RU/FR),0,1,0
Karma/Sett (FR/IO),Ashe/Elise (FR/SI),0,1,0
Jax/Ornn (FR/RU),Nasus/Thresh (SI/SH),0,1,0
Senna/Veigar (BC/SI),Nasus/Thresh (SI/SH),0,1,0
Miss Fortune/Quinn (BW/DE),Elise/Twisted Fate (BW/SI),0,1,0
Caitlyn/Teemo (FR/PZ),Gnar/Nidalee (BC/SH),0,1,0
Mordekaiser/Pantheon (MT/SI),Miss Fortune/Twisted Fate (BW/NX),0,1,0
Fizz (BW/SH),Sion (FR/NX),0,1,0
Elise/Viego (NX/SI),Kindred/Nasus (SI/SH),0,1,0
Azir/Irelia (IO/SH),Elise/Viego (NX/SI),0,1,0
Garen/Jarvan IV (DE),Elise/Twisted Fate (BW/SI),0,1,0
Teemo/Zoe (BC/MT),Elise/Twisted Fate (BW/SI),0,1,0
Hecarim/Thresh (IO/SI),Elise/Twisted Fate (BW/SI),0,1,0
Elder Dragon/Norra (RU/BC),Galio/Jarvan IV (DE/FR),0,1,0
Gnar (BC/NX),Elder Dragon/Norra (RU/BC),0,1,0
Jhin/Norra (BC/RU),Elder Dragon/Norra (RU/BC),0,1,0
Mordekaiser/Norra (BC/SI),Norra (BC/DE),0,1,0
Seraphine (MT/PZ),Elise/Twisted Fate (BW/SI),0,1,0
Elise/Twisted Fate (BW/SI),Jayce/Norra (BC/PZ),0,1,0
Seraphine/Viktor (BW/PZ),Azir/Irelia (IO/SH),0,1,0
Seraphine/Viktor (BW/PZ),Elder Dragon/Volibear (RU/FR),0,1,0
Senna/Veigar (BC/SI),Seraphine/Viktor (BW/PZ),0,1,0
Master Yi/Taliyah (IO/SH),Seraphine/Viktor (BW/PZ),0,1,0
Elder Dragon/Norra (RU/BC),Nocturne/Vex (SI/SH),0,1,0
Elise/Twisted Fate (BW/SI),Karma/Sett (FR/IO),0,1,0
Elise/Twisted Fate (BW/SI),Elder Dragon/Volibear (RU/FR),0,1,0
Morgana/Udyr (DE/FR),Akshan/Morgana/Taliyah (DE/SH),0,1,0
Anivia/Braum (FR/SI),Akshan/Morgana/Taliyah (DE/SH),0,1,0
Gnar/Nidalee (BC/SH),Elder Dragon/Galio/Morgana (RU/DE),0,1,0
Darius/Gnar (FR/NX),Fizz/Lee Sin (BC/IO),0,1,0
The Poro King/Yuumi (MT/RU),Sejuani/Twisted Fate (BW/FR),0,1,0
Karma/Sett (IO/PZ),Sejuani/Twisted Fate (BW/FR),0,1,0
Sejuani/Twisted Fate (BW/FR),Aurelion Sol/Elder Dragon (RU/MT),0,1,0
Azir/Irelia (IO/SH),Samira/Seraphine (NX/PZ),0,1,0
Azir/Irelia (IO/SH),Aurelion Sol/Volibear (FR/MT),0,1,0
Malphite/Taliyah (MT/SH),Akshan/Morgana/Taliyah (DE/SH),0,1,0
Mordekaiser/Norra (BC/SI),Akshan/Varus (SH/RU),0,1,0
Elise/Twisted Fate (BW/SI),Mordekaiser/Norra (BC/SI),0,1,0
Elise/Twisted Fate (BW/SI),Elder Dragon/Morgana (RU/DE),0,1,0
Soraka/Tahm Kench (BW/MT),Azir/Irelia (IO/SH),0,1,0
Ahri/Elder Dragon/Kennen (RU/IO),Azir/Irelia (IO/SH),0,1,0
Azir/Nasus/Xerath (SH),Mordekaiser/Norra (BC/SI),0,1,0
Mordekaiser/Norra (BC/SI),Kayle/Zoe (BW/MT),0,1,0
Lux: Illuminated/Zed (DE/IO),Mordekaiser/Norra (BC/SI),0,1,0
Jayce (PZ/SI),Mordekaiser/Norra (BC/SI),0,1,0
Mordekaiser/Norra (BC/SI),Norra (BC/SH),0,1,0
The Poro King (RU),Azir/Irelia (IO/SH),0,1,0
Teemo/Zoe (BC/MT),Azir/Irelia (IO/SH),0,1,0
Championless (NX/SI),Azir/Irelia (IO/SH),0,1,0
Taliyah (BW/SH),Mordekaiser/Norra (BC/SI),0,1,0
Nidalee (BC/SH),Elder Dragon/Galio/Morgana (RU/DE),0,1,0
Elder Dragon/Morgana/Shyvana (RU/DE),Azir (MT/SH),0,1,0
Jinx/Lulu (BC/PZ),Elder Dragon/Morgana/Shyvana (RU/DE),0,1,0
Elder Dragon/Morgana/Shyvana (RU/DE),The Poro King (MT/RU),0,1,0
Lux: Illuminated/Vex (BC/DE),Elder Dragon/Morgana/Shyvana (RU/DE),0,1,0
Akshan/Master Yi (IO/SH),Pyke/Rek'Sai (BW/SH),0,1,0
Senna/Veigar (BC/SI),Lucian/Zed (DE/IO),0,1,0
Azir/Xerath (SH),Elder Dragon/Morgana/Shyvana (RU/DE),0,1,0
Norra (BC/SH),Lucian/Zed (DE/IO),0,1,0
Norra (BC/SH),Elder Dragon/Morgana/Shyvana (RU/DE),0,1,0
Kayn/Vayne (DE/RU),Azir/Irelia (IO/SH),0,1,0
The Poro King (MT/RU),Annie/Jhin (RU/NX),0,1,0
Pyke/Rek'Sai (BW/SH),Elder Dragon/Mordekaiser/Viego (RU/SI),0,1,0
Ezreal/Twisted Fate (BW/PZ),Elder Dragon/Mordekaiser/Viego (RU/SI),0,1,0
Lissandra/Trundle (FR/SI),Elder Dragon/Mordekaiser/Viego (RU/SI),0,1,0
Championpile (FR/MT),Annie/Jhin (RU/NX),0,1,0
Elder Dragon/Mordekaiser/Viego (RU/SI),Jayce/Norra (BC/PZ),0,1,0
Gnar/Nidalee (BC/SH),Championless (SI),0,1,0
Norra/Poppy (BC/DE),Ezreal/Seraphine (BC/PZ),0,1,0
Teemo (BC/PZ),Elder Dragon/Seraphine/Viktor (RU/PZ),0,1,0
Akshan/Sivir (FR/SH),Elder Dragon/Morgana/Shyvana (RU/DE),0,1,0
Gwen/Viego (IO/SI),Elder Dragon/Morgana/Shyvana (RU/DE),0,1,0
Mordekaiser/Viego (SI/SH),Miss Fortune/Twisted Fate (BW/NX),0,1,0
Ezreal/Karma/Seraphine (IO/PZ),Lulu/Norra (BC/PZ),0,1,0
Akshan (FR/SH),Ezreal/Karma/Seraphine (IO/PZ),0,1,0
Nasus/Thresh (SI/SH),Ezreal/Karma (IO/PZ),0,1,0
Annie/Jhin (RU/NX),Elise/Twisted Fate (BW/SI),0,1,0
Azir/Irelia (IO/SH),Yasuo (IO/NX),0,1,0
Illaoi (BW/FR),Azir/Irelia (IO/SH),0,1,0
Heimerdinger/Norra (BC/SI),Mordekaiser/Norra (BC/SI),0,1,0
Hecarim (IO/SI),Mordekaiser/Norra (BC/SI),0,1,0
Lulu/Norra (BC/PZ),Mordekaiser/Norra (BC/SI),0,1,0
Championpile (MT/NX),Mordekaiser/Norra (BC/SI),0,1,0
Elder Dragon/Elise/Mordekaiser (RU/SI),Azir/Irelia (IO/SH),0,1,0
Lillia/Morgana (DE/IO),Azir/Irelia (IO/SH),0,1,0
Karma/Sett (FR/IO),Miss Fortune/Twisted Fate (BW/NX),0,1,0
Nidalee/Norra (BC/SH),Yuumi/Zoe (FR/MT),0,1,0
Viktor/Zoe (MT/PZ),Ezreal/Karma/Seraphine (IO/PZ),0,1,0
Teemo (PZ/SI),Gnar/Nidalee (BC/SH),0,1,0
Elder Dragon/Norra (RU/BC),Gnar/Nidalee (BC/SH),0,1,0
Championless (FR/NX),Gnar/Nidalee (BC/SH),0,1,0
Norra/Teemo (BC/PZ),Miss Fortune/Twisted Fate (BW/NX),0,1,0
Aatrox/Kayn (RU/RU),Miss Fortune/Twisted Fate (BW/NX),0,1,0
Miss Fortune/Twisted Fate (BW/NX),Akshan/Udyr (FR/SH),0,1,0
Miss Fortune/Twisted Fate (BW/NX),Elder Dragon/Volibear (RU/FR),0,1,0
Yuumi/Zoe (FR/MT),LeBlanc/Udyr (FR/NX),0,1,0
Azir (SH),Championless (FR/NX),0,1,0
Mordekaiser/Sion/Viego (NX/SI),Elise/Twisted Fate (BW/SI),0,1,0
Kalista/Vex/Viego (SI),Elder Dragon/Norra (RU/BC),0,1,0
Azir/Xerath (SH),Elder Dragon/Mordekaiser/Viego (RU/SI),0,1,0
Katarina/Yasuo (IO/NX),Elder Dragon/Mordekaiser/Viego (RU/SI),0,1,0
Aurelion Sol/Shyvana (DE/MT),Aatrox/Kayn (RU/RU),0,1,0
Aatrox/Kayn (RU/RU),Braum/Vladimir (FR/NX),0,1,0
Jack/Sett (BW/IO),Aatrox/Kayn (RU/RU),0,1,0
Caitlyn/Teemo (BC/PZ),Aatrox/Kayn (RU/RU),0,1,0
Aatrox/Kayn (RU/RU),Pyke/Rek'Sai (BW/SH),0,1,0
Elder Dragon/Trundle/Volibear (RU/FR),Fizz/Lee Sin (BC/IO),0,1,0
Championless (FR/NX),Maokai/Nautilus (BW/SI),0,1,0
Championpile (DE/FR),Elder Dragon/Lissandra/Volibear (RU/FR),0,1,0
Anivia (FR/SI),Elder Dragon/Lissandra/Volibear (RU/FR),0,1,0
Akshan (BC/SH),Elder Dragon/Lissandra/Volibear (RU/FR),0,1,0
Braum/Vladimir (FR/NX),Elder Dragon/Lissandra/Volibear (RU/FR),0,1,0
Janna (PZ/SI),Elder Dragon/Lissandra/Volibear (RU/FR),0,1,0
Elder Dragon/Lissandra/Volibear (RU/FR),Jack/Sett (BW/IO),0,1,0
Kayle/Udyr (FR/MT),Elder Dragon/Mordekaiser/Viego (RU/SI),0,1,0
Braum (FR/IO),Elder Dragon/Mordekaiser/Viego (RU/SI),0,1,0
Elder Dragon/Mordekaiser/Viego (RU/SI),Akshan/Pantheon (MT/SH),0,1,0
Elder Dragon/Mordekaiser/Viego (RU/SI),Elise (NX/SI),0,1,0
Poppy/Ziggs (BC/NX),Elder Dragon/Mordekaiser/Viego (RU/SI),0,1,0
Mordekaiser (PZ/SI),Aatrox/Kayn (RU/RU),0,1,0
Samira (BW/NX),Ezreal/Seraphine (BC/PZ),0,1,0
Miss Fortune (BW/NX),Ezreal/Seraphine (BC/PZ),0,1,0
Elder Dragon/Morgana (RU/DE),Yuumi/Zoe (FR/MT),0,1,0
Malphite/Yasuo (IO/MT),Elise/Viego (NX/SI),0,1,0
Azir/Irelia (IO/SH),Annie/Ezreal (NX/PZ),0,1,0
Lissandra/Trundle (FR/SI),Azir/Irelia (IO/SH),0,1,0
Janna/Senna (PZ/SI),Fizz/Yuumi (BC/FR),0,1,0
Elder Dragon/Lissandra/Volibear (RU/FR),Karma/Sett (FR/IO),0,1,0
Nilah/Twisted Fate (BW/PZ),Elder Dragon/Lissandra/Volibear (RU/FR),0,1,0
Elise/Katarina (NX/SI),Elder Dragon/Lissandra/Volibear (RU/FR),0,1,0
Lucian/Riven (DE/NX),Elder Dragon/Lissandra/Volibear (RU/FR),0,1,0
Elder Dragon/Lissandra/Volibear (RU/FR),Akshan/Lee Sin (IO/SH),0,1,0
Elder Dragon/Lissandra/Volibear (RU/FR),Aurelion Sol/Zoe (MT/PZ),0,1,0
Kayle/Zed (IO/MT),Annie/Jhin (RU/NX),0,1,0
Viego (MT/SI),Annie/Jhin (RU/NX),0,1,0
Aphelios/Morgana (DE/MT),Mordekaiser/Norra (BC/SI),0,1,0
Ezreal/Kennen (IO/PZ),Yuumi/Zoe (FR/MT),0,1,0
Garen/Jarvan IV (DE),Aatrox/Kayn (RU/RU),0,1,0
Hecarim (IO/SI),Aatrox/Kayn (RU/RU),0,1,0
Aatrox/Kayn (RU/RU),Braum (FR/MT),0,1,0
Aatrox/Kayn (RU/RU),Bard/Mordekaiser (RU/SI),0,1,0
Yuumi/Zoe (FR/MT),Kindred/Viego (IO/SI),0,1,0
Teemo (BC/PZ),Yuumi/Zoe (FR/MT),0,1,0
Gwen/Hecarim/Zed (IO/SI),Poppy/Ziggs (BC/NX),0,1,0
Karma/Master Yi (IO/PZ),Poppy/Ziggs (BC/NX),0,1,0
Viktor/Zoe (MT/PZ),Mordekaiser/Norra (BC/SI),0,1,0
Yuumi/Zoe (BC/MT),Aatrox/Kayn (RU/RU),0,1,0
Jax/Ornn (FR/RU),Aatrox/Kayn (RU/RU),0,1,0
Aatrox/Kayn (RU/RU),Elder Dragon/Volibear (RU/FR),0,1,0
Anivia (FR/SI),Elder Dragon/Morgana/Shyvana (RU/DE),0,1,0
Ashe/Vex (BC/FR),Aatrox/Kayn (RU/RU),0,1,0
Sejuani/Twisted Fate (BW/FR),Elder Dragon/Galio/Morgana (RU/DE),0,1,0
Sejuani/Twisted Fate (BW/FR),Taliyah/Zilean (IO/SH),0,1,0
Gangplank/Sejuani (BW/FR),Pyke/Rek'Sai (BW/SH),0,1,0
Sejuani (BW/FR),Azir/Irelia (IO/SH),0,1,0
Illaoi (BW/MT),Azir/Irelia (IO/SH),0,1,0
Nami/Samira (BW/NX),Taliyah/Zilean (IO/SH),0,1,0
Elder Dragon/Norra/Vex (RU/BC),Nami/Samira (BW/NX),0,1,0
Karma/Lee Sin (IO/MT),Annie/Jhin (RU/NX),0,1,0
Kai'Sa (DE/SH),Caitlyn/Teemo (FR/PZ),0,1,0
Pyke/Rek'Sai (BW/SH),LeBlanc/Udyr (FR/NX),0,1,0
Elder Dragon/Morgana/Shyvana (RU/DE),Caitlyn/Teemo (FR/PZ),0,1,0
Akshan/Sivir (FR/SH),Caitlyn/Teemo (FR/PZ),0,1,0
Shyvana (DE/FR),Caitlyn/Teemo (FR/PZ),0,1,0
The Poro King (RU),Caitlyn/Teemo (FR/PZ),0,1,0
Caitlyn/Teemo (FR/PZ),Elise/Nocturne (NX/SI),0,1,0
Nilah/Twisted Fate (BW/PZ),Caitlyn/Teemo (FR/PZ),0,1,0
Caitlyn/Teemo (FR/PZ),Aurelion Sol/Shyvana (DE/MT),0,1,0
Championpile/Elder Dragon (RU/DE),Caitlyn/Teemo (FR/PZ),0,1,0
Caitlyn/Teemo (FR/PZ),Gwen/Zed (IO/SI),0,1,0
Kayle (IO/MT),Caitlyn/Teemo (FR/PZ),0,1,0
Rumble/Vayne (DE/NX),Caitlyn/Teemo (FR/PZ),0,1,0
Caitlyn/Teemo (FR/PZ),Annie/Jhin (RU/NX),0,1,0
Ezreal/Seraphine (FR/PZ),Caitlyn/Teemo (FR/PZ),0,1,0
Poppy/Ziggs (BC/NX),Karma/Sett (IO/PZ),0,1,0
Karma/Sett (IO/PZ),Elder Dragon/Morgana (RU/DE),0,1,0
Morgana (DE/MT),Ezreal/Karma/Seraphine (IO/PZ),0,1,0
Poppy/Ziggs (BC/NX),Jax/Vi (RU/PZ),0,1,0
Senna/Veigar (BC/SI),Jax/Vi (RU/PZ),0,1,0
Jax/Ornn (FR/RU),Jax/Vi (RU/PZ),0,1,0
Janna/Nilah (BW/PZ),Jax/Vi (RU/PZ),0,1,0
Jinx/Teemo (BC/PZ),Jax/Vi (RU/PZ),0,1,0
Azir/Renekton (SH),Jax/Vi (RU/PZ),0,1,0
Ryze (IO/RU),Seraphine/Sett (IO/PZ),0,1,0
Draven/Riven (FR/NX),Seraphine/Sett (IO/PZ),0,1,0
Janna/Nilah (BW/PZ),Elder Dragon/Volibear (RU/FR),0,1,0
Kayle/Zed (IO/MT),Caitlyn/Teemo (FR/PZ),0,1,0
Karma/Sett (FR/IO),Seraphine/Sett (IO/PZ),0,1,0
Jax/Vi (RU/PZ),Pyke/Rek'Sai (BW/SH),0,1,0
Braum/Elder Dragon (RU/FR),Nilah/Twisted Fate (BW/PZ),0,1,0
Darius/Sion (NX),Nilah/Twisted Fate (BW/PZ),0,1,0
Lux: Illuminated/Vex (BC/DE),Nilah/Twisted Fate (BW/PZ),0,1,0
Championless (FR/SH),Elder Dragon/Norra (RU/BC),0,1,0
Leona/Yasuo (IO/MT),Elder Dragon/Norra (RU/BC),0,1,0
Caitlyn/Teemo (FR/PZ),Jax/Vi (RU/PZ),0,1,0
Championless (FR/SH),Caitlyn/Teemo (FR/PZ),0,1,0
Irelia/Miss Fortune (BW/IO),Elder Dragon/Norra (RU/BC),0,1,0
Shyvana/Viego (DE/SI),Elder Dragon/Norra (RU/BC),0,1,0
Braum/Udyr (DE/FR),Elder Dragon/Norra (RU/BC),0,1,0
Pyke/Rek'Sai (BW/SH),Fiora (DE/FR),0,1,0
Ezreal/Seraphine (BC/PZ),Elder Dragon/Galio/Morgana (RU/DE),0,1,0
Katarina/Yasuo (IO/NX),Elder Dragon/Norra (RU/BC),0,1,0
Elder Dragon/Norra (RU/BC),Aurelion Sol/Elder Dragon/Morgana (RU/MT),0,1,0
Senna/Veigar (BC/SI),Janna/Norra (BC/PZ),0,1,0
Senna/Veigar (BC/SI),Miss Fortune/Swain (BW/NX),0,1,0
Fiora (DE/FR),Elder Dragon/Volibear (RU/FR),0,1,0
Fiora (DE/FR),Jayce/Lux (DE/PZ),0,1,0
Lee Sin/Sett (IO/SH),Ezreal/Seraphine (BC/PZ),0,1,0
Ashe/LeBlanc (FR/NX),Nocturne/Vex (PZ/SI),0,1,0
Draven/Katarina (FR/NX),Ashe/LeBlanc (FR/NX),0,1,0
Draven/Katarina (FR/NX),Nocturne (SI),0,1,0
Jinx/Lulu (BC/PZ),Kayle/Poppy (DE/MT),0,1,0
Lucian/Miss Fortune (BW/DE),Jinx/Lulu (BC/PZ),0,1,0
Jinx/Lulu (BC/PZ),Karma/Sett (IO/PZ),0,1,0
Nocturne (SI),Jinx/Lulu (BC/PZ),0,1,0
Elise/Nocturne (NX/SI),Jinx/Lulu (BC/PZ),0,1,0
Elder Dragon/Morgana (RU/MT),Jinx/Lulu (BC/PZ),0,1,0
Udyr/Zed (FR/IO),Azir/Irelia (IO/SH),0,1,0
Ashe (FR),Azir/Irelia (IO/SH),0,1,0
Azir/Irelia (IO/SH),Rumble/Vayne (DE/NX),0,1,0
Nocturne/Vex (PZ/SI),Pyke/Rek'Sai (BW/SH),0,1,0
Nocturne/Vex (PZ/SI),Seraphine/Sett (IO/PZ),0,1,0
Mordekaiser/Viego (NX/SI),Nocturne/Vex (PZ/SI),0,1,0
Ashe/Katarina/LeBlanc (FR/NX),Azir/Irelia (IO/SH),0,1,0
Master Yi/Taliyah (IO/SH),Azir/Irelia (IO/SH),0,1,0
Bard/Illaoi (RU/BW),Azir/Irelia (IO/SH),0,1,0
Championless (PZ/SI),Azir/Irelia (IO/SH),0,1,0
Galio/Udyr (DE/FR),Azir/Irelia (IO/SH),0,1,0
Ezreal/Seraphine (PZ/SI),Azir/Irelia (IO/SH),0,1,0
Kindred/Senna (NX/SI),Elder Dragon/Seraphine/Viktor (RU/PZ),0,1,0
Elder Dragon/Seraphine/Viktor (RU/PZ),Kalista/Nocturne (SI),0,1,0
Elder Dragon/Lissandra/Volibear (RU/FR),Caitlyn/Teemo (FR/PZ),0,1,0
Ezreal/Seraphine (BC/PZ),Kindred/Morgana (DE/SI),0,1,0
Elder Dragon/Volibear (RU/FR),Ezreal/Seraphine (BC/PZ),0,1,0
Pyke/Rek'Sai (BW/SH),Ezreal/Seraphine (BC/PZ),0,1,0
Aurelion Sol/Seraphine/Viktor (MT/PZ),Ezreal/Seraphine (BC/PZ),0,1,0
Yasuo (IO/NX),Ezreal/Seraphine (BC/PZ),0,1,0
Aurelion Sol/Malphite (FR/MT),Ezreal/Seraphine (BC/PZ),0,1,0
Hecarim/Zed (IO/SI),Ezreal/Seraphine (BC/PZ),0,1,0
Garen/Jarvan IV (DE/FR),Azir/Irelia (IO/SH),0,1,0
Evelynn/Kai'Sa (RU/SH),Karma/Sett (IO/PZ),0,1,0
Karma/Sett (IO/PZ),Hecarim/Thresh (DE/SI),0,1,0
Karma/Sett (IO/PZ),Azir/Xerath (SH),0,1,0
Elder Dragon/Galio/Morgana (RU/DE),Karma/Sett (IO/PZ),0,1,0
Akshan/Fiora (DE/SH),Azir/Irelia (IO/SH),0,1,0
Aurelion Sol/Elder Dragon (RU/MT),Annie/Jhin (RU/NX),0,1,0
Tryndamere/Volibear (FR/SI),Annie/Jhin (RU/NX),0,1,0
Akshan/Samira (NX/SH),Annie/Jhin (RU/NX),0,1,0
Vayne/Zoe (DE/MT),Annie/Jhin (RU/NX),0,1,0
Gnar/Neeko (FR/RU),Annie/Jhin (RU/NX),0,1,0
The Poro King (MT/RU),Norra/Poppy (BC/FR),0,1,0
Caitlyn/Teemo (FR/PZ),The Poro King (MT/RU),0,1,0
Braum/Vladimir (FR/NX),Elder Dragon/Seraphine/Viktor (RU/PZ),0,1,0
Elder Dragon/Seraphine/Viktor (RU/PZ),Elder Dragon/Galio/Morgana (RU/DE),0,1,0
Kai'Sa (SI/SH),Fiora (DE/FR),0,1,0
Elise/Nocturne (NX/SI),Fiora (DE/FR),0,1,0
Ekko/Jinx (PZ/SH),Nocturne (SI),0,1,0
Nocturne (SI),Karma/Sett (FR/IO),0,1,0
Draven/Jinx (NX/PZ),Karma/Sett (IO/PZ),0,1,0
Akshan/Aphelios (MT/SH),Karma/Sett (IO/PZ),0,1,0
Elder Dragon (RU/FR),Fiora/Shen (DE/IO),0,1,0
Annie/Jhin (RU/NX),Senna (NX/SI),0,1,0
Caitlyn/Teemo (BC/PZ),Annie/Jhin (RU/NX),0,1,0
Teemo/Zed (IO/PZ),Annie/Jhin (RU/NX),0,1,0
Annie/Jhin (RU/NX),Nocturne (SI),0,1,0
Azir/Irelia (IO/SH),Rumble (DE/NX),0,1,0
Nocturne (SI),Poppy/Ziggs (BC/NX),0,1,0
Ezreal/Senna/Veigar (PZ/SI),Nocturne (SI),0,1,0
Heimerdinger/Zoe (MT/PZ),Nocturne (SI),0,1,0
Heimerdinger/Norra (BC/SI),Azir/Irelia (IO/SH),0,1,0
LeBlanc/Udyr (FR/NX),Elder Dragon/Seraphine/Viktor (RU/PZ),0,1,0
Aphelios/Diana (MT/SI),Annie/Jhin (RU/NX),0,1,0
Elder Dragon/Seraphine/Viktor (RU/PZ),Kindred/Senna (PZ/SI),0,1,0
Azir/Xerath (SH),Elder Dragon/Morgana (RU/DE),0,1,0
Jhin/Ziggs (BC/RU),Elder Dragon/Morgana (RU/DE),0,1,0
Elder Dragon/Morgana (RU/DE),Braum/Vladimir (FR/NX),0,1,0
Nidalee (BC/SH),Elder Dragon/Morgana (RU/DE),0,1,0
Championless (SI),Elder Dragon/Morgana (RU/DE),0,1,0
The Poro King (MT/RU),Elder Dragon/Seraphine/Viktor (RU/PZ),0,1,0
Elder Dragon/Trundle (RU/FR),Annie/Jhin (RU/NX),0,1,0
Annie/Jhin (RU/NX),Elise/Nocturne (SI),0,1,0
LeBlanc/Mordekaiser/Viego (NX/SI),Annie/Jhin (RU/NX),0,1,0
Ahri/Kennen (IO/SH),Azir/Irelia (IO/SH),0,1,0
Riven/Viktor (NX/PZ),Annie/Jhin (RU/NX),0,1,0
Akshan (BC/SH),Annie/Jhin (RU/NX),0,1,0
Rumble/Swain (BC/NX),Annie/Jhin (RU/NX),0,1,0
Aurelion Sol/Braum (FR/MT),Annie/Jhin (RU/NX),0,1,0
Hecarim/Lucian/Maokai (DE/SI),Annie/Jhin (RU/NX),0,1,0
Anivia (FR/SI),Annie/Jhin (RU/NX),0,1,0
Lucian/Senna (DE/SI),Annie/Jhin (RU/NX),0,1,0
Kayle/Poppy (BC/MT),Annie/Jhin (RU/NX),0,1,0
Master Yi (IO/MT),Annie/Jhin (RU/NX),0,1,0
Nasus/Viego (SI/SH),Annie/Jhin (RU/NX),0,1,0
Annie/Jhin (RU/NX),Maokai (BW/SI),0,1,0
Zoe (MT/PZ),Nilah/Twisted Fate (BW/PZ),0,1,0
Akshan/Taliyah (BC/SH),Nilah/Twisted Fate (BW/PZ),0,1,0
Karma/Zoe (IO/MT),Elder Dragon/Morgana (RU/DE),0,1,0
Braum/Kayle/Yuumi (FR/MT),Annie/Jhin (RU/NX),0,1,0
Annie/Jhin (RU/NX),Annie/Jhin/Katarina (RU/NX),0,1,0
Ezreal/Seraphine (IO/PZ),Annie/Jhin (RU/NX),0,1,0
Annie/Jhin (RU/NX),Ornn/Vayne (DE/FR),0,1,0
Bard (RU/PZ),Azir/Irelia (IO/SH),0,1,0
Aurelion Sol/Elder Dragon/Zoe (RU/MT),Caitlyn/Teemo (FR/PZ),0,1,0
Aurelion Sol/Braum (FR/MT),Nilah/Twisted Fate (BW/PZ),0,1,0
Gangplank/Sejuani (BW/FR),Nocturne/Vex (PZ/SI),0,1,0
Jinx (PZ/SH),Nocturne/Vex (PZ/SI),0,1,0
Jack/Karma (BW/IO),Annie/Jhin (RU/NX),0,1,0
Draven/Katarina (NX/PZ),Annie/Jhin (RU/NX),0,1,0
Akshan/Varus (SH/RU),Annie/Jhin (RU/NX),0,1,0
Aatrox/Vayne (RU/DE),Annie/Jhin (RU/NX),0,1,0
Kindred (SI/SH),Annie/Jhin (RU/NX),0,1,0
Ekko/Zilean (PZ/SH),Annie/Jhin (RU/NX),0,1,0
Nautilus (BW/SI),Azir/Irelia (IO/SH),0,1,0
Ashe/Fiora (DE/FR),Azir/Irelia (IO/SH),0,1,0
Poppy/Ziggs (BC/NX),Nocturne/Vex (PZ/SI),0,1,0
Shyvana/Vayne (DE/MT),Nocturne/Vex (PZ/SI),0,1,0
Elder Dragon/Morgana (RU/DE),Nocturne/Vex (PZ/SI),0,1,0
Teemo/Tristana (BC/NX),Nocturne/Vex (PZ/SI),0,1,0
Draven/Sion (NX/PZ),Elder Dragon/Morgana (RU/DE),0,1,0
Janna/Nilah (BW/PZ),Nocturne/Vex (PZ/SI),0,1,0
Annie/Jhin (RU/NX),Seraphine/Sett (IO/PZ),0,1,0
Hecarim/Lucian (DE/SI),Ezreal/Seraphine (BC/PZ),0,1,0
Janna/Nilah/Twisted Fate (BW/PZ),Elder Dragon/Mordekaiser/Viego (RU/SI),0,1,0
Swain/Vi (NX/PZ),Janna/Nilah/Twisted Fate (BW/PZ),0,1,0
Hecarim (IO/SI),Elder Dragon/Morgana (RU/DE),0,1,0
Lee Sin/Viktor (IO/PZ),Elder Dragon/Morgana (RU/DE),0,1,0
Garen (DE),Jax/Vi (RU/PZ),0,1,0
Hecarim/Zed (IO/SI),Nocturne/Vex (PZ/SI),0,1,0
Aurelion Sol/Braum (FR/MT),Nocturne/Vex (PZ/SI),0,1,0
Galio/Soraka (DE/MT),Nocturne/Vex (PZ/SI),0,1,0
Nasus/Thresh (SI/SH),Nocturne/Vex (PZ/SI),0,1,0
Nocturne/Vex (PZ/SI),Akshan/Sivir (FR/SH),0,1,0
Fiora/Tahm Kench (BW/DE),Azir/Irelia (IO/SH),0,1,0
Azir/Irelia (IO/SH),Kindred/Viego (IO/SI),0,1,0
Draven/Jinx (NX/PZ),Senna/Veigar (BC/SI),0,1,0
Jinx (PZ/SH),Azir/Irelia (IO/SH),0,1,0
Aurelion Sol/Zoe (MT/SI),Azir/Irelia (IO/SH),0,1,0
Karma/Sett (FR/IO),Draven/Jinx (NX/PZ),0,1,0
Ryze (IO/RU),Draven/Jinx (NX/PZ),0,1,0
Braum/Elder Dragon/Volibear (RU/FR),Azir/Irelia (IO/SH),0,1,0
Akshan/Lee Sin (IO/SH),Janna/Nilah/Twisted Fate (BW/PZ),0,1,0
Braum/Vladimir (FR/NX),Akshan/Master Yi (IO/SH),0,1,0
Swain/Vladimir (BW/NX),Ezreal/Seraphine (BC/PZ),0,1,0
Braum/Udyr (FR),Azir/Irelia (IO/SH),0,1,0
Elder Dragon/Volibear (RU/FR),Draven/Jinx (NX/PZ),0,1,0
The Poro King (IO/RU),Draven/Jinx (NX/PZ),0,1,0
Draven/Jinx (NX/PZ),Elder Dragon/Morgana/Shyvana (RU/DE),0,1,0
Kindred/Nasus (SI/SH),Azir/Irelia (IO/SH),0,1,0
Azir/Irelia (IO/SH),Kayle (DE/MT),0,1,0
Hecarim/Kalista (SI),Azir/Irelia (IO/SH),0,1,0
Teemo/Vi (BC/PZ),Annie/Jhin (RU/NX),0,1,0
The Poro King (IO/RU),Annie/Jhin (RU/NX),0,1,0
Ekko/Jinx (PZ/SH),The Poro King (IO/RU),0,1,0
Azir/Irelia (IO/SH),Morgana/Taric (MT/PZ),0,1,0
Anivia/LeBlanc (FR/NX),Azir/Irelia (IO/SH),0,1,0
The Poro King (RU/SI),Azir/Irelia (IO/SH),0,1,0
Lucian/Maokai (DE/SI),Azir/Irelia (IO/SH),0,1,0
Darius/LeBlanc (FR/NX),Azir/Irelia (IO/SH),0,1,0
Azir/Irelia (IO/SH),Caitlyn/Draven (NX/PZ),0,1,0
Annie/Jhin (RU/NX),Miss Fortune/Swain (BW/NX),0,1,0
Elder Dragon/Volibear (RU/FR),Garen/Taric (DE/MT),0,1,0
Championless (SI),Taliyah/Zilean (IO/SH),0,1,0
Ahri/Kennen (FR/IO),Azir/Irelia (IO/SH),0,1,0
Nasus/Senna (SI/SH),Azir/Irelia (IO/SH),0,1,0
Evelynn/Norra (BC/RU),Azir/Irelia (IO/SH),0,1,0
Teemo (BC/PZ),Azir/Irelia (IO/SH),0,1,0
Janna/Nilah/Twisted Fate (BW/PZ),Seraphine/Sett (IO/PZ),0,1,0
Viktor (PZ),Janna/Nilah/Twisted Fate (BW/PZ),0,1,0
Azir/Nasus (SH),Garen/Taric (DE/MT),0,1,0
Poppy/Tristana/Yuumi (BC/DE),Garen/Taric (DE/MT),0,1,0
Miss Fortune/Swain (BW/NX),Taliyah/Zilean (BC/SH),0,1,0
Miss Fortune/Swain (BW/NX),Garen/Jarvan IV (DE/SH),0,1,0
Mordekaiser/Norra (BC/SI),Kindred/Viego (IO/SI),0,1,0
Nasus/Thresh (SI/SH),Aurelion Sol/Shyvana (DE/MT),0,1,0
Poppy/Ziggs (BC/NX),Miss Fortune/Swain (BW/NX),0,1,0
Lulu/Zed (DE/IO),Miss Fortune/Swain (BW/NX),0,1,0
Draven/Katarina (FR/NX),Miss Fortune/Swain (BW/NX),0,1,0
Azir/Xerath (SH),Miss Fortune/Swain (BW/NX),0,1,0
Volibear (FR/MT),Miss Fortune/Swain (BW/NX),0,1,0
Kindred/Mordekaiser (BC/SI),Garen/Taric (DE/MT),0,1,0
Kalista (SI),Garen/Taric (DE/MT),0,1,0
Taliyah/Ziggs (BC/SH),Garen/Taric (DE/MT),0,1,0
Championless (FR/IO),Azir/Irelia (IO/SH),0,1,0
Jinx/Teemo (NX/PZ),Azir/Irelia (IO/SH),0,1,0
Azir/Irelia (IO/SH),Azir/Kayle (MT/SH),0,1,0
Annie/Teemo (NX/PZ),Elder Dragon/Garen/Jarvan IV (RU/DE),0,1,0
Senna (PZ/SI),Elder Dragon/Garen/Jarvan IV (RU/DE),0,1,0
Braum/Vladimir (FR/NX),Elder Dragon/Garen/Jarvan IV (RU/DE),0,1,0
Heimerdinger/Karma (IO/PZ),Elder Dragon/Garen/Jarvan IV (RU/DE),0,1,0
Darius/LeBlanc (FR/NX),Elder Dragon/Garen/Jarvan IV (RU/DE),0,1,0
Miss Fortune/Swain (BW/NX),Pyke/Rek'Sai (BW/SH),0,1,0
Riven/Viktor (NX/PZ),Miss Fortune/Swain (BW/NX),0,1,0
Ezreal/Seraphine (BC/PZ),Miss Fortune/Swain (BW/NX),0,1,0
Miss Fortune/Swain (BW/NX),Nasus/Thresh (SI/SH),0,1,0
Braum/The Poro King (FR/RU),Miss Fortune/Swain (BW/NX),0,1,0
Ezreal/Fizz (BC/PZ),Miss Fortune/Swain (BW/NX),0,1,0
Jinx/Lulu (BC/PZ),Miss Fortune/Swain (BW/NX),0,1,0
Akshan/Lee Sin (IO/SH),Miss Fortune/Swain (BW/NX),0,1,0
Aphelios/Viktor (MT/PZ),Janna/Nilah/Twisted Fate (BW/PZ),0,1,0
Norra (BC/PZ),Janna/Nilah/Twisted Fate (BW/PZ),0,1,0
Katarina/Zed (IO/NX),Janna/Nilah/Twisted Fate (BW/PZ),0,1,0
Elder Dragon/Shyvana (RU/DE),Azir/Irelia (IO/SH),0,1,0
Teemo/Yuumi (BC/PZ),Nocturne/Vex (PZ/SI),0,1,0
Elise/Nocturne (NX/SI),Nocturne/Vex (PZ/SI),0,1,0
Annie/Jhin (RU/NX),Nocturne/Vex (PZ/SI),0,1,0
Jax/Ornn (FR/RU),Nocturne/Vex (PZ/SI),0,1,0
Poppy/Ziggs (BC/PZ),Nocturne/Vex (PZ/SI),0,1,0
Darius/Gnar (FR/NX),Azir/Irelia (IO/SH),0,1,0
Elder Dragon/Garen/Jarvan IV (RU/DE),Elder Dragon/Galio/Morgana (RU/DE),0,1,0
Elder Dragon (RU/FR),Elder Dragon/Garen/Jarvan IV (RU/DE),0,1,0
Pyke/Rek'Sai (BW/SH),Elder Dragon/Garen/Jarvan IV (RU/DE),0,1,0
Hecarim (SI),Elder Dragon/Garen/Jarvan IV (RU/DE),0,1,0
Ahri/Kennen (IO/SH),Elder Dragon/Garen/Jarvan IV (RU/DE),0,1,0
Annie/Jhin (RU/NX),Elder Dragon/Garen/Jarvan IV (RU/DE),0,1,0
Bard/Norra (BC/RU),Elder Dragon/Garen/Jarvan IV (RU/DE),0,1,0
Akshan/Udyr (FR/SH),Elder Dragon/Garen/Jarvan IV (RU/DE),0,1,0
Teemo (BC/PZ),Elder Dragon/Garen/Jarvan IV (RU/DE),0,1,0
Janna/Teemo (BC/PZ),Elder Dragon/Garen/Jarvan IV (RU/DE),0,1,0
Ryze (RU/SH),Elder Dragon/Garen/Jarvan IV (RU/DE),0,1,0
Mordekaiser/Viego (NX/SI),Elder Dragon/Garen/Jarvan IV (RU/DE),0,1,0
Hecarim (IO/SI),Championless (SI),0,1,0
Championless (SI),Annie/Jhin (RU/NX),0,1,0
Kindred/Nasus (SI/SH),Championless (SI),0,1,0
Fizz/Gwen (BW/SI),Elder Dragon (RU/FR),0,1,0
Elder Dragon/Garen/Jarvan IV (RU/DE),Diana/Nocturne (MT/SI),0,1,0
Elder Dragon/Garen/Jarvan IV (RU/DE),Aurelion Sol/Shyvana (DE/MT),0,1,0
Hecarim (IO/SI),Annie/Jhin (RU/NX),0,1,0
Elder Dragon/Trundle (RU/FR),Janna/Nilah/Twisted Fate (BW/PZ),0,1,0
Fizz/Gwen (BW/SI),Janna/Nilah/Twisted Fate (BW/PZ),0,1,0
Lee Sin/Viktor (IO/PZ),Janna/Nilah/Twisted Fate (BW/PZ),0,1,0
Ezreal/Nilah (BW/PZ),Janna/Nilah/Twisted Fate (BW/PZ),0,1,0
Jack/Karma/Sett (BW/IO),Janna/Nilah/Twisted Fate (BW/PZ),0,1,0
Aurelion Sol/Elder Dragon (RU/MT),Garen/Taric (DE/MT),0,1,0
Janna/Nilah/Twisted Fate (BW/PZ),Garen/Taric (DE/MT),0,1,0
Elise (NX/SI),Garen/Taric (DE/MT),0,1,0
Elder Dragon/Garen/Jarvan IV (RU/DE),Garen/Taric (DE/MT),0,1,0
Miss Fortune/Swain (BW/NX),Karma/Sett (IO/PZ),0,1,0
Diana/Nocturne (MT/SI),Garen/Taric (DE/MT),0,1,0
Yuumi/Zoe (FR/MT),Nasus/Thresh (SI/SH),0,1,0
Elder Dragon/Garen/Jarvan IV (RU/DE),Hecarim/Norra (BC/SI),0,1,0
Darius/Elise (NX/SI),Elder Dragon/Garen/Jarvan IV (RU/DE),0,1,0
Janna/Nilah/Twisted Fate (BW/PZ),Karma/Sett (IO/PZ),0,1,0
Janna/Nilah/Twisted Fate (BW/PZ),Gwen/Zed (IO/SI),0,1,0
Nocturne/Vex (PZ/SI),Janna/Nilah/Twisted Fate (BW/PZ),0,1,0
Evelynn/Kai'Sa (RU/SH),Janna/Nilah/Twisted Fate (BW/PZ),0,1,0
Garen/Taric (DE/MT),Kindred (SI/SH),0,1,0
Janna/Nilah/Twisted Fate (BW/PZ),Elder Dragon/Norra (RU/BC),0,1,0
Janna/Nilah/Twisted Fate (BW/PZ),Elder Dragon/Teemo (RU/PZ),0,1,0
Draven (FR/NX),Janna/Nilah/Twisted Fate (BW/PZ),0,1,0
Janna/Norra (BC/PZ),Azir/Irelia (IO/SH),0,1,0
Azir/Irelia (IO/SH),Neeko/Poppy (DE/RU),0,1,0
Azir/Irelia (IO/SH),Twisted Fate (BW/MT),0,1,0
Norra/Veigar (BC/SI),Janna/Nilah/Twisted Fate (BW/PZ),0,1,0
Janna/Nilah/Twisted Fate (BW/PZ),Nilah/Twisted Fate (BW/PZ),0,1,0
Janna/Nilah/Twisted Fate (BW/PZ),Sejuani/Teemo (FR/PZ),0,1,0
The Poro King (IO/RU),Azir/Irelia (IO/SH),0,1,0
Fizz/Nami (BC/BW),Azir/Irelia (IO/SH),0,1,0
The Poro King (DE/RU),Azir/Irelia (IO/SH),0,1,0
Azir/Irelia (IO/SH),Taliyah/Zilean (BC/SH),0,1,0
Caitlyn/Teemo (BC/PZ),Aurelion Sol/Lissandra/Volibear (FR/MT),0,1,0
Azir/Nasus/Renekton (SH),Aurelion Sol/Lissandra/Volibear (FR/MT),0,1,0
Heimerdinger/Norra (BC/SI),Elder Dragon/Volibear (RU/FR),0,1,0
Braum/Tryndamere (FR/SI),Elder Dragon/Volibear (RU/FR),0,1,0
Taliyah/Zilean (IO/SH),Lulu/Zed (DE/IO),0,1,0
Gwen/Zed (IO/SI),Taliyah/Zilean (IO/SH),0,1,0
Norra (BC/PZ),Bard/Norra (BC/RU),0,1,0
Kai'Sa/Pantheon (MT/SH),Norra (BC/PZ),0,1,0
Janna/Nilah/Twisted Fate (BW/PZ),Elder Dragon/Morgana/Shyvana (RU/DE),0,1,0
Janna/Nilah/Twisted Fate (BW/PZ),Elise/Nocturne (NX/SI),0,1,0
Yuumi/Zoe (FR/MT),Janna/Nilah/Twisted Fate (BW/PZ),0,1,0
Janna/Nilah/Twisted Fate (BW/PZ),Taliyah/Zilean (BC/SH),0,1,0
Lillia/Norra (BC/IO),Azir/Irelia (IO/SH),0,1,0
Seraphine/Teemo (BC/PZ),Braum/Vladimir (FR/NX),0,1,0
Seraphine/Teemo (BC/PZ),Viego (SI),0,1,0
Seraphine/Teemo (BC/PZ),Lux: Illuminated/Vex (BC/DE),0,1,0
Pantheon/Poppy (DE/MT),Seraphine/Teemo (BC/PZ),0,1,0
Seraphine/Viktor (BW/PZ),Seraphine/Teemo (BC/PZ),0,1,0
Akshan/Taliyah (BC/SH),Draven/Jinx (NX/PZ),0,1,0
Draven/Jinx (NX/PZ),Garen/Udyr (DE/FR),0,1,0
Trundle/Volibear (FR/SI),Aurelion Sol/Lissandra/Volibear (FR/MT),0,1,0
Aurelion Sol/Elder Dragon/Zoe (RU/MT),Azir/Irelia (IO/SH),0,1,0
Karma/Zed (IO/SI),Azir/Irelia (IO/SH),0,1,0
Norra (BC/PZ),Azir/Irelia (IO/SH),0,1,0
Aurelion Sol/Lissandra/Volibear (FR/MT),Karma/Sett/Zed (IO/NX),0,1,0
Aurelion Sol/Shyvana (DE/MT),Aurelion Sol/Lissandra/Volibear (FR/MT),0,1,0
Aurelion Sol/Lissandra/Volibear (FR/MT),Azir/Irelia (IO/SH),0,1,0
Kindred/Viego (FR/SI),Taliyah/Zilean (IO/SH),0,1,0
Janna/Nilah/Twisted Fate (BW/PZ),Lee Sin/Zoe (IO/MT),0,1,0
Ryze (IO/RU),Janna/Nilah/Twisted Fate (BW/PZ),0,1,0
Kindred/Senna (NX/SI),Janna/Nilah/Twisted Fate (BW/PZ),0,1,0
Teemo (BC/PZ),Janna/Nilah/Twisted Fate (BW/PZ),0,1,0
Janna/Nilah/Twisted Fate (BW/PZ),Draven/Katarina (NX/PZ),0,1,0
Kayle/Yuumi (FR/MT),Janna/Nilah/Twisted Fate (BW/PZ),0,1,0
Volibear (FR/PZ),Janna/Nilah/Twisted Fate (BW/PZ),0,1,0
Janna/Nilah/Twisted Fate (BW/PZ),Braum/Norra (BC/FR),0,1,0
Janna/Nilah/Twisted Fate (BW/PZ),Caitlyn/Teemo (FR/PZ),0,1,0
Rumble/Sion (BC/NX),Janna/Nilah/Twisted Fate (BW/PZ),0,1,0
Lissandra/Mordekaiser (FR/SI),Janna/Nilah/Twisted Fate (BW/PZ),0,1,0
LeBlanc (FR/NX),Janna/Nilah/Twisted Fate (BW/PZ),0,1,0
Elder Dragon/Neeko (RU/RU),Elder Dragon (RU/FR),0,1,0
Hecarim/Viego (SI),Azir/Irelia (IO/SH),0,1,0
Championless (NX/PZ),Azir/Irelia (IO/SH),0,1,0
Ezreal (NX/PZ),Azir/Irelia (IO/SH),0,1,0
Ezreal (NX/PZ),Draven/Jinx (NX/PZ),0,1,0
Braum/Zoe (FR/MT),Draven/Jinx (NX/PZ),0,1,0
Draven/Jinx (NX/PZ),Jarvan IV/Quinn/Taric (DE/MT),0,1,0
Draven/Jinx (NX/PZ),Senna (PZ/SI),0,1,0
Draven/Jinx (NX/PZ),Azir/Nasus/Renekton (SH),0,1,0
Hecarim (IO/SI),Draven/Jinx (NX/PZ),0,1,0
Morgana/Udyr (DE/FR),Draven/Jinx (NX/PZ),0,1,0
Azir/Irelia (IO/SH),Norra/Poppy (BC/NX),0,1,0
Jayce/Lux (DE/PZ),Elder Dragon/Neeko (RU/RU),0,1,0
Norra (BC/PZ),Elder Dragon/Neeko (RU/RU),0,1,0
Karma/Morgana (IO/MT),Elder Dragon/Neeko (RU/RU),0,1,0
Fiora/Shen (DE/IO),Elder Dragon/Neeko (RU/RU),0,1,0
Ashe/LeBlanc (FR/NX),Elder Dragon/Neeko (RU/RU),0,1,0
Gnar/Gwen (FR/SI),Jax/Ornn (FR/RU),0,1,0
Gnar/Gwen (FR/SI),Azir/Xerath (SH),0,1,0
Darius/LeBlanc (FR/NX),Gnar/Gwen (FR/SI),0,1,0
Mordekaiser/Morgana (MT/SI),Gnar/Gwen (FR/SI),0,1,0
Gwen/Vayne (DE/SI),Gnar/Gwen (FR/SI),0,1,0
Heimerdinger/Vi (MT/PZ),Elder Dragon/Neeko (RU/RU),0,1,0
Akshan/Elder Dragon/Nidalee (RU/SH),Fiora (DE/SH),0,1,0
Ezreal/Kennen (IO/PZ),Akshan/Elder Dragon/Nidalee (RU/SH),0,1,0
Elder Dragon/Norra (RU/BC),Akshan/Elder Dragon/Nidalee (RU/SH),0,1,0
Garen/Udyr (DE/FR),Akshan/Elder Dragon/Nidalee (RU/SH),0,1,0
Elder Dragon/Trundle (RU/FR),Azir/Irelia (IO/SH),0,1,0
Braum/Vladimir (FR/NX),Braum/Norra (BC/FR),0,1,0
Annie/Miss Fortune (BW/NX),Braum/Norra (BC/FR),0,1,0
Nilah/Twisted Fate (BW/PZ),Braum/Norra (BC/FR),0,1,0
Pyke/Rek'Sai (BW/SH),Braum/Norra (BC/FR),0,1,0
Championpile (DE/SH),Elder Dragon/Galio/Morgana (RU/DE),0,1,0
Akshan/Elder Dragon/Nidalee (RU/SH),Darius/Elise (NX/SI),0,1,0
Seraphine/Zoe (MT/PZ),Akshan/Elder Dragon/Nidalee (RU/SH),0,1,0
Championless (SI),Akshan/Elder Dragon/Nidalee (RU/SH),0,1,0
Poppy/Ziggs (BC/NX),Rumble/Vayne (DE/NX),0,1,0
Kindred/Nasus (SI/SH),Poppy/Ziggs (BC/NX),0,1,0
Gwen/Katarina (NX/SI),Poppy/Ziggs (BC/NX),0,1,0
Poppy/Ziggs (BC/NX),Elder Dragon/Morgana (RU/DE),0,1,0
Maokai/Nautilus (BW/SI),Poppy/Ziggs (BC/NX),0,1,0
Ashe/Garen (DE/FR),Poppy/Ziggs (BC/NX),0,1,0
Kalista/Mordekaiser (FR/SI),Taliyah/Zilean (IO/SH),0,1,0
Championpile (FR/SH),The Poro King (MT/RU),0,1,0
The Poro King (FR/RU),Elder Dragon/Morgana (RU/DE),0,1,0
Poppy/Ziggs (BC/NX),Elise/Nocturne (NX/SI),0,1,0
Elder Dragon/Volibear (RU/FR),Elise/Nocturne (NX/SI),0,1,0
Bard/Mordekaiser (RU/SI),Elise/Nocturne (NX/SI),0,1,0
Nilah/Twisted Fate (BW/IO),Elise/Nocturne (NX/SI),0,1,0
Jack (BW/PZ),Elise/Nocturne (NX/SI),0,1,0
Elise/Nocturne (NX/SI),Aurelion Sol/Zoe (MT/PZ),0,1,0
Caitlyn/Teemo (BC/PZ),Elise/Nocturne (NX/SI),0,1,0
Janna/Seraphine (BC/PZ),Jayce/Norra (BC/PZ),0,1,0
Lux: Illuminated/Vex (BC/DE),Jayce/Norra (BC/PZ),0,1,0
Lulu/The Poro King (IO/RU),Jayce/Norra (BC/PZ),0,1,0
Braum/Elder Dragon (RU/FR),Jayce/Norra (BC/PZ),0,1,0
Karma/Sett (IO/PZ),Jayce/Norra (BC/PZ),0,1,0
Ashe/Garen (DE/FR),Jayce/Norra (BC/PZ),0,1,0
Azir/Renekton (SH),Azir/Irelia (IO/SH),0,1,0
Lulu/The Poro King (IO/RU),Azir/Irelia (IO/SH),0,1,0
Riven/Viktor (NX/PZ),Azir/Irelia (IO/SH),0,1,0
Miss Fortune/Quinn (BW/DE),Azir/Irelia (IO/SH),0,1,0
Championless (PZ/SI),Jayce/Norra (BC/PZ),0,1,0
Jayce/Norra (BC/PZ),Elder Dragon/Norra (RU/BC),0,1,0
Nilah/Twisted Fate (BW/PZ),Jayce/Norra (BC/PZ),0,1,0
Azir/Renekton (SH),Jayce/Norra (BC/PZ),0,1,0
Renekton (SH),Jayce/Norra (BC/PZ),0,1,0
Jayce/Norra (BC/PZ),Zilean (PZ/SH),0,1,0
Elder Dragon/Volibear (RU/FR),Jayce/Norra (BC/PZ),0,1,0
Teemo/Vi (BC/PZ),Jayce/Norra (BC/PZ),0,1,0
Nautilus (BW/SI),Jayce/Norra (BC/PZ),0,1,0
Aatrox/Kayn (RU/RU),Jayce/Norra (BC/PZ),0,1,0
Janna/Lillia (IO/PZ),Jayce/Norra (BC/PZ),0,1,0
Jayce/Norra (BC/PZ),Azir/Darius (NX/SH),0,1,0
Senna/Veigar (BC/SI),Jayce/Norra (BC/PZ),0,1,0
Draven/Jinx (NX/PZ),Jayce/Norra (BC/PZ),0,1,0
Aatrox/Evelynn (RU/RU),Taliyah/Zilean (IO/SH),0,1,0
Akshan/Kayn (RU/SH),Taliyah/Zilean (IO/SH),0,1,0
Bard/Illaoi (RU/BW),Taliyah/Zilean (IO/SH),0,1,0
Kindred/Senna (NX/SI),Taliyah/Zilean (IO/SH),0,1,0
Kindred/Senna (PZ/SI),Azir/Irelia (IO/SH),0,1,0
Janna/Seraphine (IO/PZ),Azir/Irelia (IO/SH),0,1,0
Azir/Irelia (IO/SH),Janna/Nilah (BW/PZ),0,1,0
Lillia/Ziggs (BC/IO),Azir/Irelia (IO/SH),0,1,0
Akshan/Elder Dragon/Nidalee (RU/SH),Elder Dragon/Volibear (RU/FR),0,1,0
Akshan/Elder Dragon/Nidalee (RU/SH),Elder Dragon/Galio/Morgana (RU/DE),0,1,0
Akshan/Elder Dragon/Nidalee (RU/SH),Elder Dragon/Trundle/Volibear (RU/FR),0,1,0
Jarvan IV/Shyvana (DE/MT),Akshan/Elder Dragon/Nidalee (RU/SH),0,1,0
Elise/Kindred (NX/SI),Akshan/Elder Dragon/Nidalee (RU/SH),0,1,0
Sejuani/Udyr (FR/SH),Azir/Irelia (IO/SH),0,1,0
Jax (FR/RU),Pyke/Rek'Sai (BW/SH),0,1,0
Championpile/Elder Dragon (RU/FR),Azir/Irelia (IO/SH),0,1,0
Azir/Irelia (IO/SH),Zoe (MT/PZ),0,1,0
Elise/Thresh (NX/SI),Azir/Irelia (IO/SH),0,1,0
Janna/Seraphine (BW/PZ),Gnar/Gwen (FR/SI),0,1,0
Gwen/Zed (IO/SI),Gnar/Gwen (FR/SI),0,1,0
Karma (FR/IO),Gnar/Gwen (FR/SI),0,1,0
Jax (FR/RU),Braum (FR/NX),0,1,0
Morgana/Udyr (DE/FR),Taliyah/Zilean (IO/SH),0,1,0
Darius/Elise (NX/SI),Gnar/Gwen (FR/SI),0,1,0
Gnar/Gwen (FR/SI),Poppy/Ziggs (BC/NX),0,1,0
Championless (PZ/SI),Taliyah/Zilean (IO/SH),0,1,0
Taliyah/Zilean (IO/SH),Akshan/Udyr (FR/SH),0,1,0
Janna/Sett (IO/PZ),Draven/Jinx (NX/PZ),0,1,0
Fiora/Shen (DE/IO),Draven/Jinx (NX/PZ),0,1,0
Jax/Ornn (FR/RU),Draven/Jinx (NX/PZ),0,1,0
Draven/Jinx (NX/PZ),Kalista/Norra (BC/SI),0,1,0
Azir/Renekton/Xerath (SH),Galio/Mordekaiser (DE/SI),0,1,0
Azir/Renekton (SH),Elder Dragon/Volibear (RU/FR),0,1,0
Azir/Xerath (SH),Taliyah/Zilean (IO/SH),0,1,0
Norra (BC/PZ),Karma/Sett (FR/IO),0,1,0
Karma/Sett (FR/IO),Miss Fortune/Samira (BW/NX),0,1,0
Elder Dragon/Morgana/Shyvana (RU/DE),Elder Dragon/Volibear (RU/FR),0,1,0
Azir/Xerath (SH),Akshan (FR/SH),0,1,0
Ezreal (PZ/SI),Azir/Xerath (SH),0,1,0
Aurelion Sol/Soraka/Viego (MT/SI),Azir/Xerath (SH),0,1,0
Kayle/Zed (IO/MT),Azir/Xerath (SH),0,1,0
Caitlyn/Gwen (PZ/SI),Azir/Xerath (SH),0,1,0
Azir/Xerath (SH),Gangplank/Sejuani (BW/FR),0,1,0
Aurelion Sol/Elder Dragon/Morgana (RU/MT),Taliyah/Zilean (IO/SH),0,1,0
Senna (PZ/SI),Taliyah/Zilean (IO/SH),0,1,0
Aurelion Sol/Shyvana (DE/MT),Taliyah/Zilean (IO/SH),0,1,0
Ashe/Volibear (FR/NX),Taliyah/Zilean (IO/SH),0,1,0
Taliyah/Zilean (IO/SH),Azir/Nasus/Renekton (SH),0,1,0
Taliyah/Zilean (IO/SH),Caitlyn/Teemo (BC/PZ),0,1,0
Hecarim (IO/SI),Taliyah/Zilean (IO/SH),0,1,0
Taliyah/Xerath/Ziggs (BC/SH),Azir/Irelia (IO/SH),0,1,0
Championless (DE/PZ),Azir/Irelia (IO/SH),0,1,0
Lissandra/Volibear (DE/FR),Lux: Illuminated/Vex (BC/DE),0,1,0
Karma/Sett (FR/IO),Soraka/Tahm Kench (BW/MT),0,1,0
Pyke/Rek'Sai (BW/SH),Elder Dragon/Jarvan IV (RU/DE),0,1,0
Elder Dragon/Volibear (RU/FR),Pyke/Rek'Sai (BW/SH),0,1,0
LeBlanc/Viego (NX/SI),Kindred/Nasus (SI/SH),0,1,0
Elder Dragon/Norra/Vex (RU/BC),Kindred/Mordekaiser (SI),0,1,0
Caitlyn/Draven (NX/PZ),Elder Dragon/Norra/Vex (RU/BC),0,1,0
Kindred/Viego (SI/SH),Elder Dragon/Norra/Vex (RU/BC),0,1,0
Aurelion Sol/Trundle (FR/MT),Elder Dragon/Norra/Vex (RU/BC),0,1,0
Elder Dragon/Norra/Vex (RU/BC),Kayle/Zoe (FR/MT),0,1,0
Championless (SI),Viktor/Zoe (MT/PZ),0,1,0
Akshan/Sivir (NX/SH),Azir/Irelia (IO/SH),0,1,0
Rumble/Vayne (DE/NX),Jax (FR/RU),0,1,0
Hecarim/Lucian (DE/SI),Jax (FR/RU),0,1,0
Norra/Swain (BC/NX),Jax (FR/RU),0,1,0
Braum/Lillia (FR/IO),Jax (FR/RU),0,1,0
Seraphine/Sett (IO/PZ),Jax (FR/RU),0,1,0
Norra/Zoe (BC/MT),Jax (FR/RU),0,1,0
Azir/Xerath (SH),Jax (FR/RU),0,1,0
Norra (BC/SH),Ryze (IO/RU),0,1,0
Championless (FR/MT),Zoe (MT/PZ),0,1,0
Braum/Galio (DE/FR),Azir/Irelia (IO/SH),0,1,0
Elder Dragon/Morgana (RU/MT),Annie/Jhin (RU/NX),0,1,0
Aphelios/Master Yi (IO/MT),Azir/Irelia (IO/SH),0,1,0
Aphelios/Master Yi (IO/MT),Janna/Sett (IO/PZ),0,1,0
Jinx/Lulu (BC/PZ),Poppy/Ziggs (BC/NX),0,1,0
Ashe (FR),Kindred/Nasus (SI/SH),0,1,0
Kindred/Nasus (SI/SH),Karma/Sett (FR/IO),0,1,0
Morgana/Vex (BC/MT),Senna (PZ/SI),0,1,0
Braum/Lillia (FR/IO),Annie/Jhin (RU/NX),0,1,0
Janna/Zilean (PZ/SH),Annie/Gwen (NX/SI),0,1,0
Lux: Illuminated/Vex (BC/DE),Annie/Gwen (NX/SI),0,1,0
Braum (FR/NX),Darius/Draven (FR/NX),0,1,0
Diana/Nocturne (MT/SI),Darius/Draven (FR/NX),0,1,0
Gnar/Nidalee (BC/SH),Darius/Draven (FR/NX),0,1,0
Elder Dragon/Seraphine/Viktor (RU/PZ),Darius/Draven (FR/NX),0,1,0
LeBlanc (FR/NX),LeBlanc/Viego (NX/SI),0,1,0
Gnar/Gwen (FR/SI),Nasus/Thresh (SI/SH),0,1,0
Akshan/Sivir (NX/SH),Nasus/Thresh (SI/SH),0,1,0
Draven/Sion (NX/PZ),Elder Dragon (RU/FR),0,1,0
Nasus/Thresh (SI/SH),Bard/Kayle (RU/MT),0,1,0
Jinx/Lulu (BC/PZ),Nasus/Thresh (SI/SH),0,1,0
Azir/Kayle (MT/SH),Nasus/Thresh (SI/SH),0,1,0
Nasus/Thresh (SI/SH),Aatrox/Kayn (RU/RU),0,1,0
Maokai/Nautilus (BW/SI),Nasus/Thresh (SI/SH),0,1,0
Ornn/Vayne (DE/FR),Azir/Irelia (IO/SH),0,1,0
Garen (DE),Gwen/Jhin (RU/SI),0,1,0
Caitlyn/Teemo (BC/PZ),Gwen/Jhin (RU/SI),0,1,0
The Poro King (FR/RU),Gwen/Jhin (RU/SI),0,1,0
Ashe/LeBlanc (FR/NX),Gwen/Jhin (RU/SI),0,1,0
Ashe/Tahm Kench (BW/FR),Championpile (DE/SH),0,1,0
Azir/Xerath (SH),Aphelios/Master Yi (IO/MT),0,1,0
Aurelion Sol/Volibear (FR/MT),Aphelios/Master Yi (IO/MT),0,1,0
Aurelion Sol/Elder Dragon/Zoe (RU/MT),Fiora (DE/FR),0,1,0
Poppy/Ziggs (BC/NX),Akshan/Sivir (FR/SH),0,1,0
Annie/Gwen (NX/SI),Evelynn/Viego (RU/SI),0,1,0
Jayce/Lux (DE/PZ),Annie/Gwen (NX/SI),0,1,0
Elder Dragon/Volibear (RU/FR),Lux: Illuminated/Vex (BC/DE),0,1,0
Azir/Irelia (IO/SH),Darius/Draven (FR/NX),0,1,0
Elder Dragon/Seraphine/Viktor (RU/PZ),Nocturne/Vex (PZ/SI),0,1,0
Azir/Irelia (IO/SH),Lulu/Zed (DE/IO),0,1,0
Nami/Seraphine (BW/PZ),Elder Dragon/Garen/Jarvan IV (RU/DE),0,1,0
Aatrox/Kayn (RU/RU),Elder Dragon/Garen/Jarvan IV (RU/DE),0,1,0
Gangplank/Swain (BW/NX),Elder Dragon/Garen/Jarvan IV (RU/DE),0,1,0
Elder Dragon/Volibear (RU/FR),Elder Dragon/Garen/Jarvan IV (RU/DE),0,1,0
Nasus/Thresh (SI/SH),Aurelion Sol/Braum (FR/MT),0,1,0
Soraka/Tahm Kench (BW/MT),Nasus/Thresh (SI/SH),0,1,0
Elder Dragon/Galio/Morgana (RU/DE),Nasus/Thresh (SI/SH),0,1,0
Nasus/Thresh (SI/SH),Jack/Soraka/Yuumi (BW/MT),0,1,0
Mordekaiser/Viego (SI),Nasus/Thresh (SI/SH),0,1,0
Garen (DE),Azir/Irelia (IO/SH),0,1,0
Lux/Zoe (DE/MT),Kindred/Nasus (SI/SH),0,1,0
Braum/Vladimir (FR/NX),Kindred/Nasus (SI/SH),0,1,0
Katarina/Yasuo (IO/NX),Nocturne/Vex (PZ/SI),0,1,0
Teemo (BC/PZ),Nocturne/Vex (PZ/SI),0,1,0
Nocturne/Vex (PZ/SI),Elder Dragon (RU/FR),0,1,0
Garen/Taric (DE/MT),Elder Dragon/Galio/Morgana (RU/DE),0,1,0
Miss Fortune/Swain (BW/NX),Nilah/Twisted Fate (BW/PZ),0,1,0
Kindred/Nasus (SI/SH),Miss Fortune/Swain (BW/NX),0,1,0
Elder Dragon/Garen/Jarvan IV (RU/DE),Elder Dragon/Seraphine/Viktor (RU/PZ),0,1,0
Braum/Lillia (FR/IO),Gnar/Sejuani (BC/FR),0,1,0
Norra/Teemo (BC/PZ),Braum/Lillia (FR/IO),0,1,0
Elder Dragon/Galio/Morgana (RU/DE),Draven/Jinx (NX/PZ),0,1,0
Championless (FR/SI),Draven/Jinx (NX/PZ),0,1,0
Draven/Jinx (NX/PZ),Miss Fortune/Samira (BW/NX),0,1,0
Bard/Kayle (RU/MT),Kindred/Nasus (SI/SH),0,1,0
Braum/Lillia (FR/IO),Kalista (MT/SI),0,1,0
Jinx/Zed (IO/PZ),Gwen (FR/SI),0,1,0
Lux: Illuminated/Vex (BC/DE),Gwen (FR/SI),0,1,0
Kindred/Lux (DE/SI),Nocturne/Vex (PZ/SI),0,1,0
Braum/Norra (BC/FR),Nocturne/Vex (PZ/SI),0,1,0
Aurelion Sol/Elder Dragon (RU/MT),Mordekaiser/Norra (BC/SI),0,1,0
Soraka/Tahm Kench (BW/MT),Mordekaiser/Norra (BC/SI),0,1,0
Karma/Yasuo (IO/MT),Mordekaiser/Norra (BC/SI),0,1,0
Braum/The Poro King (FR/RU),Nocturne/Vex (PZ/SI),0,1,0
Caitlyn/Teemo (BC/PZ),Nocturne/Vex (PZ/SI),0,1,0
Nilah/Twisted Fate (BW/PZ),Nocturne/Vex (PZ/SI),0,1,0
Nocturne/Vex (PZ/SI),Ezreal/Viego (PZ/SI),0,1,0
Nilah/Samira (BW/NX),Azir/Irelia (IO/SH),0,1,0
Azir/Renekton (SH),Nocturne/Vex (PZ/SI),0,1,0
Maokai/Nautilus (BW/SI),Taliyah/Zilean (IO/SH),0,1,0
LeBlanc/Sivir (NX/SH),Taliyah/Zilean (IO/SH),0,1,0
Darius/LeBlanc (FR/NX),Taliyah/Zilean (IO/SH),0,1,0
Ekko/Jinx (PZ/SH),Nidalee (BC/SH),0,1,0
Elder Dragon/Norra/Vex (RU/BC),Aphelios/Rumble (MT/NX),0,1,0
Aphelios/Master Yi (IO/MT),Nilah/Twisted Fate (BW/PZ),0,1,0
Aphelios/Master Yi (IO/MT),Aatrox/Vayne (RU/DE),0,1,0
Aphelios/Master Yi (IO/MT),Elder Dragon/Volibear (RU/FR),0,1,0
Bard/Mordekaiser (RU/SI),Mordekaiser/Norra (BC/SI),0,1,0
Gwen (FR/SI),Nilah/Twisted Fate (BW/PZ),0,1,0
Malphite/Yasuo (IO/MT),Nasus/Thresh (SI/SH),0,1,0
Senna (PZ/SI),Nasus/Thresh (SI/SH),0,1,0
Poppy/Taric (DE/MT),Mordekaiser/Norra (BC/SI),0,1,0
Mordekaiser/Norra (BC/SI),Championless (PZ/SI),0,1,0
Annie/Twisted Fate (BW/NX),Mordekaiser/Norra (BC/SI),0,1,0
Mordekaiser/Norra (BC/SI),Caitlyn/Swain (NX/PZ),0,1,0
Mordekaiser/Norra (BC/SI),Ezreal/Seraphine (IO/PZ),0,1,0
Bard/Kayle (RU/MT),Mordekaiser/Norra (BC/SI),0,1,0
Mordekaiser/Teemo (PZ/SI),Elder Dragon/Lissandra (RU/FR),0,1,0
Kindred/Nasus (SI/SH),Ryze (IO/RU),0,1,0
Fiora (DE/FR),Aurelion Sol/Tryndamere (FR/MT),0,1,0
Fiora (DE/FR),Braum/Garen (DE/FR),0,1,0
Fiora (DE/FR),Bard/Teemo (RU/PZ),0,1,0
Karma/Sett (IO/PZ),Seraphine/Viktor (IO/PZ),0,1,0
Jinx/Rumble/Samira (NX/PZ),Seraphine/Viktor (IO/PZ),0,1,0
Azir/Irelia/Kennen (IO/SH),Braum/Zoe (FR/MT),0,1,0
Lillia/Veigar (BC/IO),Neeko/Poppy (DE/RU),0,1,0
Nami/Zoe (BW/MT),Lillia/Veigar (BC/IO),0,1,0
Garen/Jarvan IV (DE),Lillia/Veigar (BC/IO),0,1,0
Akshan/Ekko (PZ/SH),Gnar/Swain (BC/NX),0,1,0
Akshan/Ekko (PZ/SH),Braum/Vladimir (FR/NX),0,1,0
Akshan/Ekko (PZ/SH),Ekko/Jinx (PZ/SH),0,1,0
Caitlyn/Norra (BC/PZ),Akshan/Seraphine (PZ/SH),0,1,0
Katarina/Yasuo (IO/NX),Lillia/Veigar (BC/IO),0,1,0
Elder Dragon/Janna/Seraphine (RU/PZ),Lillia/Veigar (BC/IO),0,1,0
Mordekaiser/Viego (BC/SI),Elder Dragon/Volibear (RU/FR),0,1,0
Janna/Senna (PZ/SI),Akshan/Ekko (PZ/SH),0,1,0
Master Yi/Yasuo (IO/MT),Akshan/Ekko (PZ/SH),0,1,0
Elder Dragon/Viego (RU/SI),Azir/Irelia (IO/SH),0,1,0
Anivia/Mordekaiser (FR/SI),Azir/Irelia (IO/SH),0,1,0
Lillia/Veigar (BC/IO),Draven/Jinx (NX/PZ),0,1,0
Akshan/LeBlanc (NX/SH),Lillia/Veigar (BC/IO),0,1,0
Azir/Xerath (SH),Elder Dragon/Volibear (RU/FR),0,1,0
Elder Dragon/Volibear (RU/FR),Elder Dragon/Lissandra/Trundle (RU/FR),0,1,0
Draven/Ezreal (NX/PZ),Elder Dragon/Volibear (RU/FR),0,1,0
Volibear (FR/NX),Azir/Irelia (IO/SH),0,1,0
Aphelios/Zoe (IO/MT),Azir/Irelia (IO/SH),0,1,0
Elder Dragon/Volibear (RU/FR),Janna (PZ/SI),0,1,0
Sion (NX/SI),Azir/Irelia (IO/SH),0,1,0
Ryze (IO/RU),Akshan/Seraphine (PZ/SH),0,1,0
Lillia/Veigar (BC/IO),Ezreal/Nilah (BW/PZ),0,1,0
Lillia/Veigar (BC/IO),Sett/Viktor (IO/PZ),0,1,0
Lillia/Veigar (BC/IO),Teemo/Udyr (FR/PZ),0,1,0
Azir/Irelia (IO/SH),Gwen/Ziggs (BC/SI),0,1,0
Nasus (SI/SH),Azir/Irelia (IO/SH),0,1,0
Kindred/Nasus (SI/SH),Morgana/Taliyah (DE/SH),0,1,0
Braum/Zoe (FR/MT),Championpile/Elder Dragon (RU/FR),0,1,0
Sion (NX/SI),Braum/Zoe (FR/MT),0,1,0
Ezreal/Janna (PZ/SI),Braum/Zoe (FR/MT),0,1,0
Fiora (DE/FR),Braum/Zoe (FR/MT),0,1,0
Braum/Zoe (FR/MT),Seraphine (MT/PZ),0,1,0
Garen/Jarvan IV (DE),Braum/Zoe (FR/MT),0,1,0
Nilah/Twisted Fate (BW/PZ),Karma/Sett (FR/IO),0,1,0
Senna (PZ/SI),Karma/Sett (FR/IO),0,1,0
Fiora/Shen (DE/IO),Karma/Sett (FR/IO),0,1,0
Mordekaiser/Viego (SI/SH),Elder Dragon/Galio (RU/DE),0,1,0
Garen/Shyvana (DE/MT),Elder Dragon/Galio (RU/DE),0,1,0
Braum/Elder Dragon/Volibear (RU/FR),Braum/Zoe (FR/MT),0,1,0
Seraphine (BW/PZ),Annie/Jhin (RU/NX),0,1,0
Karma/Sett (FR/IO),Seraphine (BW/PZ),0,1,0
Seraphine/Viktor (IO/PZ),Elder Dragon (RU/FR),0,1,0
Annie/Jhin (RU/NX),Seraphine/Viktor (IO/PZ),0,1,0
Morgana/Taliyah (DE/SH),Norra (BC/SI),0,1,0
Morgana/Taliyah (DE/SH),Braum/Zoe (FR/MT),0,1,0
Braum/Lillia (FR/IO),Braum/Zoe (FR/MT),0,1,0
Braum/Soraka/Yuumi (FR/MT),Braum/Zoe (FR/MT),0,1,0
Norra/Teemo (BC/MT),Azir (MT/SH),0,1,0
Azir/Irelia (IO/SH),Maokai/Norra (BC/SI),0,1,0
Kayle (BW/MT),Azir/Irelia (IO/SH),0,1,0
Seraphine (MT/PZ),Zoe (FR/MT),0,1,0
Mordekaiser/Vex (BC/SI),Elder Dragon/Norra (RU/BC),0,1,0
Samira/Seraphine (NX/PZ),Elder Dragon/Norra (RU/BC),0,1,0
Master Yi/Seraphine (IO/PZ),Elder Dragon/Norra (RU/BC),0,1,0
Draven/Ezreal (NX/PZ),Azir/Irelia (IO/SH),0,1,0
Janna/Lee Sin (IO/PZ),Elder Dragon/Norra (RU/BC),0,1,0
Pyke/Rek'Sai (BW/SH),Elder Dragon/Seraphine/Viktor (RU/PZ),0,1,0
Seraphine/Zoe (MT/PZ),Elder Dragon/Elise (RU/SI),0,1,0
Lissandra/Mordekaiser (FR/SI),Seraphine/Zoe (MT/PZ),0,1,0
Zoe (FR/MT),Lissandra/Mordekaiser (FR/SI),0,1,0
Norra (BC/FR),Elder Dragon/Seraphine/Viktor (RU/PZ),0,1,0
Ezreal/Seraphine (BC/PZ),Seraphine/Zoe (MT/PZ),0,1,0
Jax/Ornn (FR/RU),Seraphine/Zoe (MT/PZ),0,1,0
Mordekaiser/Sion (NX/SI),Azir/Irelia (IO/SH),0,1,0
Gangplank (BW),Taliyah/Zilean (IO/SH),0,1,0
Lee Sin (DE/IO),Taliyah/Zilean (IO/SH),0,1,0
Nilah/Twisted Fate (BW/PZ),Master Yi/Nami (BW/IO),0,1,0
Seraphine/Viktor (BC/PZ),Nilah/Twisted Fate (BW/PZ),0,1,0
Nilah/Twisted Fate (BW/PZ),Elder Dragon/Volibear (RU/FR),0,1,0
Elder Dragon/Volibear (RU/FR),Yuumi (BC/IO),0,1,0
Elise/Teemo (PZ/SI),Elder Dragon/Lissandra/Volibear (RU/FR),0,1,0
Seraphine/Zoe (MT/PZ),Elder Dragon/Morgana/Shyvana (RU/DE),0,1,0
Championless (NX/PZ),Seraphine/Zoe (MT/PZ),0,1,0
Taliyah/Zilean (IO/SH),Seraphine/Zoe (MT/PZ),0,1,0
Norra/Viego (BC/SI),Azir/Irelia (IO/SH),0,1,0
Championpile (DE/FR),Elder Dragon/Norra (RU/BC),0,1,0
Azir/Irelia (IO/SH),Evelynn/Nidalee (RU/SH),0,1,0
Garen/Teemo (BC/DE),Azir/Irelia (IO/SH),0,1,0
Shyvana/Taric (DE/MT),Azir/Irelia (IO/SH),0,1,0
Taliyah/Zilean (IO/SH),Azir/Kayle (MT/SH),0,1,0
Taliyah/Zilean (IO/SH),Norra (BC/MT),0,1,0
Katarina/LeBlanc (NX/SH),Taliyah/Zilean (IO/SH),0,1,0
Taliyah/Zilean (IO/SH),Bard/Norra (BC/RU),0,1,0
Lucian/Senna (DE/SI),Mordekaiser (PZ/SI),0,1,0
Jax/Ornn (FR/RU),Azir/Irelia (IO/SH),0,1,0
Azir/Irelia (IO/SH),Zoe (IO/MT),0,1,0
Braum/Zoe (FR/MT),Akshan/Udyr (FR/SH),0,1,0
Kayle (DE/MT),Taliyah/Zilean (IO/SH),0,1,0
Championless (BC/PZ),The Poro King (PZ/RU),0,1,0
Taliyah/Zilean (IO/SH),Championless (BC/PZ),0,1,0
Senna/Veigar (BC/SI),Championless (BC/PZ),0,1,0
Norra/Poppy (BC),Elder Dragon/Norra (RU/BC),0,1,0
Garen/Kayle (DE/MT),Elder Dragon/Norra (RU/BC),0,1,0
Azir/Irelia (IO/SH),Vex (SI/SH),0,1,0
Aurelion Sol/Yuumi (FR/MT),Aphelios/Seraphine (MT/PZ),0,1,0
Draven/Rumble (BC/NX),Fiora (DE/SH),0,1,0
Lulu/Poppy (BC/DE),Taliyah/Zilean (IO/SH),0,1,0
Lucian/Miss Fortune (BW/DE),Taliyah/Zilean (IO/SH),0,1,0
Elder Dragon/Thresh/Viego (RU/SI),Taliyah/Zilean (IO/SH),0,1,0
Pantheon/Yuumi (BC/MT),Championless (BC/PZ),0,1,0
Senna/Veigar (BC/SI),Elder Dragon (RU/FR),0,1,0
Senna/Veigar (BC/SI),Jinx/Rumble (BC/PZ),0,1,0
Teemo/Vi (BC/PZ),Azir/Irelia (IO/SH),0,1,0
Seraphine/Viktor (IO/PZ),LeBlanc (FR/NX),0,1,0
Bard/Soraka/Yuumi/Zoe (RU/MT),Braum/Zoe (FR/MT),0,1,0
Lulu (IO/PZ),Braum/Zoe (FR/MT),0,1,0
Seraphine/Viktor (IO/PZ),Lulu (IO/PZ),0,1,0
Ezreal/Seraphine (BC/PZ),Aphelios/Seraphine (MT/PZ),0,1,0
Akshan (FR/SH),Ryze (IO/RU),0,1,0
Norra/Teemo (BC/MT),Taliyah/Zilean (IO/SH),0,1,0
Bard/Norra (BC/RU),Senna/Veigar (BC/SI),0,1,0
Elder Dragon/Norra/Vex (RU/BC),Senna/Veigar (BC/SI),0,1,0
Gnar/Teemo (FR/PZ),Senna/Veigar (BC/SI),0,1,0
Rumble/Sion (BC/NX),Mordekaiser (PZ/SI),0,1,0
Aurelion Sol/Shyvana (DE/MT),Mordekaiser (PZ/SI),0,1,0
Mordekaiser (PZ/SI),Galio/Poppy (DE/MT),0,1,0
Braum/Zoe (FR/MT),Nilah/Twisted Fate (BW/PZ),0,1,0
Caitlyn/Morgana (DE/PZ),Akshan (FR/SH),0,1,0
Braum/Zoe (FR/MT),Elder Dragon/Trundle/Volibear (RU/FR),0,1,0
Aatrox/Kayn (RU/RU),Braum/Zoe (FR/MT),0,1,0
Championless (BC/PZ),Elder Dragon/Lissandra (RU/FR),0,1,0
Miss Fortune/Twisted Fate (BW/NX),Championless (BC/PZ),0,1,0
Championless (BC/PZ),Karma/Sett (FR/IO),0,1,0
Karma/Sett (FR/IO),Aphelios/Zoe (IO/MT),0,1,0
Kindred/Mordekaiser (BC/SI),Karma/Sett (FR/IO),0,1,0
Elder Dragon/Seraphine/Viktor (RU/PZ),Jhin (BC/RU),0,1,0
Norra/Teemo (BC/SI),Championless (BC/PZ),0,1,0
Katarina/Vladimir (MT/NX),Championless (BC/PZ),0,1,0
Poppy/Ziggs (BC/NX),Championless (BC/PZ),0,1,0
Azir/Zed (IO/SH),Championless (BC/PZ),0,1,0
Championless (BC/PZ),Elise/Kalista (NX/SI),0,1,0
Aurelion Sol/Zoe (MT),Championless (BC/PZ),0,1,0
Elder Dragon/Norra (RU/BC),Katarina/Vladimir (MT/NX),0,1,0
Norra (BC/MT),Elder Dragon/Norra (RU/BC),0,1,0
Azir/Irelia (IO/SH),Taliyah (BC/SH),0,1,0
The Poro King (PZ/RU),Elder Dragon/Norra (RU/BC),0,1,0
Akshan/Sivir (DE/SH),Seraphine/Viktor (IO/PZ),0,1,0
Draven/Jinx (NX/PZ),Caitlyn/Teemo (FR/PZ),0,1,0
Annie/Jhin (RU/NX),Katarina/Vladimir (MT/NX),0,1,0
Aurelion Sol/Shyvana/Zoe (DE/MT),Annie/Jhin (RU/NX),0,1,0
The Poro King (MT/RU),Jinx/Lulu (BC/PZ),0,1,0
The Poro King (RU/SH),Jinx/Lulu (BC/PZ),0,1,0
Jinx/Lulu (BC/PZ),Katarina/Vladimir (MT/NX),0,1,0
Fiora (DE/SH),Elder Dragon/Lissandra/Volibear (RU/FR),0,1,0
The Poro King (MT/RU),Fiora (DE/SH),0,1,0
Illaoi/Swain (BW/NX),The Poro King (MT/RU),0,1,0
Elder Dragon/Mordekaiser/Viego (RU/SI),The Poro King (MT/RU),0,1,0
Bard/Mordekaiser (RU/SI),The Poro King (MT/RU),0,1,0
Azir/Irelia (IO/SH),Nami/Viktor (BW/PZ),0,1,0
Mordekaiser (PZ/SI),Fiora (DE/SH),0,1,0
Ashe/LeBlanc (FR/NX),Championless (BC/PZ),0,1,0
Jinx/Karma (IO/PZ),Azir/Irelia (IO/SH),0,1,0
Akshan/Karma/Master Yi (IO/SH),Azir/Irelia (IO/SH),0,1,0
Elder Dragon/Norra (RU/BC),Kalista/Nocturne (NX/SI),0,1,0
Elder Dragon/Norra/Vex (RU/BC),Jinx/Lulu (BC/PZ),0,1,0
Taliyah/Zilean (IO/SH),Zoe (IO/MT),0,1,0
Elder Dragon/Lissandra/Volibear (RU/FR),Annie/Jhin (RU/NX),0,1,0
Elder Dragon/Lissandra/Volibear (RU/FR),Kayle (BW/MT),0,1,0
Mordekaiser/Norra (BC/SI),Elder Dragon/Lissandra/Volibear (RU/FR),0,1,0
Gnar/Teemo (BC/PZ),Elder Dragon/Lissandra/Volibear (RU/FR),0,1,0
Jayce/Lux (DE/PZ),Elder Dragon/Lissandra/Volibear (RU/FR),0,1,0
Championless (BC/PZ),Bard/Mordekaiser (RU/SI),0,1,0
Ezreal/Seraphine (BC/PZ),Championless (BC/PZ),0,1,0
Championless (BC/PZ),Ashe/Volibear (FR/NX),0,1,0
Xerath/Zilean (PZ/SH),Championless (BC/PZ),0,1,0
Championless (BC/PZ),Riven/Vayne (DE/NX),0,1,0
Elder Dragon/Norra (RU/BC),Kindred/Mordekaiser (BC/SI),0,1,0
Braum/Soraka (FR/MT),Elder Dragon/Norra (RU/BC),0,1,0
Braum/Norra (BC/FR),Elder Dragon/Norra (RU/BC),0,1,0
LeBlanc/Sivir (NX/SH),Elder Dragon/Norra (RU/BC),0,1,0
Bard/Norra (BC/RU),Annie/Jhin (RU/NX),0,1,0
Draven/Jinx (NX/PZ),Rumble/Vayne (DE/NX),0,1,0
Riven/Vayne (DE/NX),Jinx/Lulu (BC/PZ),0,1,0
Pyke/Rek'Sai (BW/SH),Jinx/Lulu (BC/PZ),0,1,0
Ekko/Jinx (PZ/SH),Taliyah/Zilean (IO/SH),0,1,0
Renekton (BW/SH),Championless (BC/PZ),0,1,0
Kindred/Viego (IO/SI),Akshan (FR/SH),0,1,0
Akshan (FR/SH),Nasus/Thresh (SI/SH),0,1,0
Taliyah/Zilean (IO/SH),Gnar/Neeko (FR/RU),0,1,0
Viego (SI),Taliyah/Zilean (IO/SH),0,1,0
Galio/Soraka (DE/MT),Taliyah/Zilean (IO/SH),0,1,0
Elder Dragon/Morgana/Shyvana (RU/DE),Taliyah/Zilean (IO/SH),0,1,0
Elder Dragon/Seraphine/Viktor (RU/PZ),Taliyah/Zilean (IO/SH),0,1,0
Draven/Sion (NX/PZ),Mordekaiser (PZ/SI),0,1,0
Nocturne (SI),Taliyah/Zilean (IO/SH),0,1,0
Elder Dragon/Lissandra (RU/FR),Taliyah/Zilean (IO/SH),0,1,0
Poppy/Taric (DE/MT),Taliyah/Zilean (IO/SH),0,1,0
Elder Dragon (RU/FR),Elder Dragon/Seraphine/Viktor (RU/PZ),0,1,0
Janna/Viktor (FR/PZ),Elder Dragon/Norra (RU/BC),0,1,0
Viego (SI),Elder Dragon/Norra (RU/BC),0,1,0
Nilah/Twisted Fate (BW/PZ),Ezreal/Seraphine (IO/PZ),0,1,0
Jax/Ornn (FR/RU),Nilah/Twisted Fate (BW/PZ),0,1,0
Akshan/Elder Dragon/Sivir (RU/SH),Nilah/Twisted Fate (BW/PZ),0,1,0
Heimerdinger/Jayce (PZ/SI),Nocturne/Vex (PZ/SI),0,1,0
Aphelios/Zoe (MT/PZ),Nocturne/Vex (BC/SI),0,1,0
Darius/Vayne (DE/NX),Akshan (FR/SH),0,1,0
Taliyah/Zilean (IO/SH),Braum/Yuumi/Zoe (FR/MT),0,1,0
Heimerdinger/Jayce (PZ/SI),Taliyah/Zilean (IO/SH),0,1,0
Ezreal/Kennen (IO/PZ),Taliyah/Zilean (IO/SH),0,1,0
Bard/Kayle (RU/MT),Taliyah/Zilean (IO/SH),0,1,0
Norra/Swain (BC/NX),Taliyah/Zilean (IO/SH),0,1,0
Miss Fortune/Twisted Fate (BW/NX),Taliyah/Zilean (IO/SH),0,1,0
Braum/Vladimir (FR/NX),Taliyah/Zilean (IO/SH),0,1,0
Norra/Veigar (BC/SI),Taliyah/Zilean (IO/SH),0,1,0
Soraka/Udyr (FR/MT),Taliyah/Zilean (IO/SH),0,1,0
Braum/Soraka/Yuumi (FR/MT),Taliyah/Zilean (IO/SH),0,1,0
Azir (MT/SH),Taliyah/Zilean (IO/SH),0,1,0
Braum (FR/SH),Taliyah/Zilean (IO/SH),0,1,0
Morgana/Taliyah (DE/SH),Taliyah/Zilean (IO/SH),0,1,0
Akshan/Lee Sin (IO/SH),Morgana/Taliyah (DE/SH),0,1,0
Aurelion Sol/Trundle (FR/MT),Braum/Zoe (FR/MT),0,1,0
Ryze (PZ/RU),Akshan/Elder Dragon/Sivir (RU/SH),0,1,0
Akshan (FR/SH),Draven/Kalista (NX/SI),0,1,0
Karma/Sett (IO/PZ),Elder Dragon/Galio (RU/DE),0,1,0
Braum/Zoe (FR/MT),Karma/Sett (IO/PZ),0,1,0
Rumble/Vayne (DE/NX),Karma/Sett (IO/PZ),0,1,0
The Poro King (MT/RU),Braum/Zoe (FR/MT),0,1,0
Lillia (IO/MT),Braum/Zoe (FR/MT),0,1,0
Lillia (IO/MT),Azir/Renekton (SH),0,1,0
Janna (PZ/SI),Elder Dragon/Galio (RU/DE),0,1,0
Elise/Teemo (PZ/SI),Braum/Zoe (FR/MT),0,1,0
Pantheon/Zoe (FR/MT),Braum/Zoe (FR/MT),0,1,0
Garen/Jarvan IV/Lux: Illuminated (DE),Braum/Zoe (FR/MT),0,1,0
Elder Dragon/Garen/Jarvan IV (RU/DE),Braum/Zoe (FR/MT),0,1,0
Braum/Zoe (FR/MT),Pyke/Rek'Sai (BW/SH),0,1,0
Championless (BC/IO),Heimerdinger/Viktor (IO/PZ),0,1,0
Elder Dragon/Viktor (RU/PZ),Akshan/Elder Dragon/Sivir (RU/SH),0,1,0
Caitlyn/Teemo (BC/PZ),Akshan/Elder Dragon/Sivir (RU/SH),0,1,0
The Poro King (MT/RU),Elder Dragon/Norra (RU/BC),0,1,0
Zoe (DE/MT),Elder Dragon/Norra (RU/BC),0,1,0
Nami/Seraphine (BW/PZ),Nilah/Twisted Fate (BW/PZ),0,1,0
Garen/Volibear (DE/FR),Nilah/Twisted Fate (BW/PZ),0,1,0
Aurelion Sol/Zoe (FR/MT),Nilah/Twisted Fate (BW/PZ),0,1,0
Caitlyn/Norra/Teemo (BC/PZ),Seraphine/Viktor (IO/PZ),0,1,0
Braum/Zoe (FR/MT),Championless (FR/SI),0,1,0
Karma/Sett (FR/IO),Jinx/Lulu (BC/PZ),0,1,0
Azir/Irelia (IO/SH),Mordekaiser/Viego (BC/SI),0,1,0
Ezreal/Seraphine (PZ/SI),Elder Dragon/Norra (RU/BC),0,1,0
Elder Dragon/Norra (RU/BC),Trundle/Volibear (DE/FR),0,1,0
Heimerdinger/Viktor (IO/PZ),Braum/Zoe (FR/MT),0,1,0
Garen/Jarvan IV (DE),Seraphine/Sett (IO/PZ),0,1,0
Caitlyn/Teemo (BC/PZ),Garen/Jarvan IV (DE),0,1,0
Fizz (BW/SH),Elder Dragon/Norra/Vex (RU/BC),0,1,0
Gangplank/Sejuani (BW/FR),Fizz (BW/SH),0,1,0
Hecarim (IO/SI),Braum/Zoe (FR/MT),0,1,0
Swain/Yasuo (IO/NX),Elder Dragon/Trundle/Volibear (RU/FR),0,1,0
Swain/Yasuo (IO/NX),Senna/Veigar (BC/SI),0,1,0
Swain/Yasuo (IO/NX),Morgana/Vex (BC/DE),0,1,0
Taliyah (BC/SH),Swain/Yasuo (IO/NX),0,1,0
Mordekaiser/Sion (NX/SI),Swain/Yasuo (IO/NX),0,1,0
Seraphine/Viktor (PZ/SI),Swain/Yasuo (IO/NX),0,1,0
Swain/Yasuo (IO/NX),Lux: Illuminated/Poppy (DE/IO),0,1,0
Evelynn/Nidalee (RU/SH),Elder Dragon/Norra (RU/BC),0,1,0
Aphelios/Seraphine/Viktor (MT/PZ),Elder Dragon/Norra (RU/BC),0,1,0
Azir/Irelia (IO/SH),Aphelios/Seraphine/Viktor (MT/PZ),0,1,0
Ezreal/Lux (DE/PZ),Azir/Irelia (IO/SH),0,1,0
Mordekaiser (BC/SI),Akshan (FR/SH),0,1,0
Norra/Poppy (BC),Mordekaiser/Norra (BC/SI),0,1,0
Lillia/Sett (BC/IO),Seraphine/Viktor (IO/PZ),0,1,0
Ezreal/Seraphine (BC/PZ),Seraphine/Viktor (IO/PZ),0,1,0
Elder Dragon/Norra (RU/BC),Swain/Yasuo (IO/NX),0,1,0
Azir/Irelia (IO/SH),Swain/Yasuo (IO/NX),0,1,0
Nasus/Thresh (SI/SH),Swain/Yasuo (IO/NX),0,1,0
Swain/Yasuo (IO/NX),Katarina/Vladimir (MT/NX),0,1,0
Swain/Yasuo (IO/NX),Elder Dragon/Lissandra (RU/FR),0,1,0
Swain/Yasuo (IO/NX),Trundle/Volibear (DE/FR),0,1,0
Elder Dragon/Seraphine/Viktor (RU/PZ),Championpile/Elder Dragon (RU/FR),0,1,0
Elder Dragon/Seraphine/Viktor (RU/PZ),Akshan/Lee Sin (IO/SH),0,1,0
Draven/Rumble (IO/NX),Azir/Irelia (IO/SH),0,1,0
Morgana/Taliyah (DE/SH),Elder Dragon/Norra (RU/BC),0,1,0
Heimerdinger/Viktor (IO/PZ),Elder Dragon/Norra/Vex (RU/BC),0,1,0
Draven/Sion (NX/PZ),Elder Dragon/Norra/Vex (RU/BC),0,1,0
Bard/Illaoi (RU/BW),Pyke/Rek'Sai (BW/SH),0,1,0
Diana/Nocturne (MT/SI),Braum/Zoe (FR/MT),0,1,0
Swain/Yasuo (IO/NX),Diana/Nocturne (MT/SI),0,1,0
Gangplank/Sejuani (BW/FR),Poppy/Taric (DE/MT),0,1,0
Karma/Sett (IO/PZ),Poppy/Taric (DE/MT),0,1,0
Braum/Ornn (FR/NX),Poppy/Taric (DE/MT),0,1,0
Nilah/Twisted Fate (BW/PZ),Aphelios/Seraphine/Viktor (MT/PZ),0,1,0
Ryze (IO/RU),Nilah/Twisted Fate (BW/PZ),0,1,0
Ashe/Volibear (FR/NX),Elder Dragon/Norra (RU/BC),0,1,0
Lillia/Norra (BC/IO),Elder Dragon/Norra (RU/BC),0,1,0
Nilah/Twisted Fate (BW/PZ),Lee Sin/Viktor (IO/PZ),0,1,0
Elder Dragon/Volibear (RU/FR),Lee Sin/Viktor (IO/PZ),0,1,0
Elder Dragon/Volibear (RU/FR),Seraphine/Viktor (IO/PZ),0,1,0
Seraphine/Viktor (IO/PZ),Elder Dragon/Norra (RU/BC),0,1,0
Gangplank/Sejuani (BW/FR),Norra/Swain (BC/NX),0,1,0
Taliyah/Zilean (IO/SH),Gwen/Lucian (DE/SI),0,1,0
Azir/Lucian (DE/SH),Taliyah/Zilean (IO/SH),0,1,0
Hecarim/Lucian (DE/SI),Zoe (FR/MT),0,1,0
Gangplank/Twisted Fate (BW),Zoe (FR/MT),0,1,0
Heimerdinger (IO/PZ),Zoe (FR/MT),0,1,0
Aatrox/Kayn (RU/RU),Aatrox/Quinn/Vayne (RU/DE),0,1,0
Championpile (DE/FR),Jax/Ornn (FR/RU),0,1,0
Ashe/LeBlanc (FR/NX),Taliyah/Zilean (IO/SH),0,1,0
Elder Dragon/Norra (RU/BC),Trundle/Volibear (FR/IO),0,1,0
Poppy/Taric (DE/MT),Teemo/Vi (BC/PZ),0,1,0
Poppy/Taric (DE/MT),Pyke/Rek'Sai (BW/SH),0,1,0
Lulu/Zoe (IO/MT),Poppy/Taric (DE/MT),0,1,0
Miss Fortune/Twisted Fate (BW/NX),Poppy/Taric (DE/MT),0,1,0
Gwen/Vayne (DE/SI),Poppy/Taric (DE/MT),0,1,0
Azir/Irelia (IO/SH),Poppy/Taric (DE/MT),0,1,0
Seraphine/Zoe (MT/PZ),Elder Dragon/Galio/Morgana (RU/DE),0,1,0
Jinx/Lulu (BC/PZ),Zoe (FR/MT),0,1,0
Zoe (FR/MT),Braum/Zoe (FR/MT),0,1,0
The Poro King (FR/RU),Azir/Irelia (IO/SH),0,1,0
The Poro King (RU/SH),Elder Dragon/Norra (RU/BC),0,1,0
Lulu/Zoe (IO/MT),Jinx/Lulu (BC/PZ),0,1,0
Teemo/Yuumi (BC/PZ),Jinx/Lulu (BC/PZ),0,1,0
Nilah/Twisted Fate (BW/PZ),Elder Dragon/Norra/Vex (RU/BC),0,1,0
Azir/Hecarim (SI/SH),Aatrox/Kayn (RU/RU),0,1,0
Azir/Taliyah (BW/SH),Senna/Veigar (BC/SI),0,1,0
Akshan/Sivir (FR/SH),Illaoi/Swain (BW/NX),0,1,0
Azir/Renekton (SH),Braum/Zoe (FR/MT),0,1,0
Akshan/Lee Sin (IO/SH),Akshan/Elder Dragon/Sivir (RU/SH),0,1,0
Akshan/Elder Dragon/Sivir (RU/SH),Elder Dragon/Trundle (RU/FR),0,1,0
Aatrox (RU/BW),Fizz (BW/MT),0,1,0
Mordekaiser/Viego (BC/SI),Ezreal/Seraphine (BC/PZ),0,1,0
Akshan/Elder Dragon/Sivir (RU/SH),Taliyah/Zilean (IO/SH),0,1,0
Akshan/Elder Dragon/Sivir (RU/SH),Elder Dragon/Volibear (RU/FR),0,1,0
Poppy/Taric (DE/MT),Ashe/LeBlanc (FR/NX),0,1,0
Karma/Sett (IO/PZ),Elder Dragon/Shyvana (RU/DE),0,1,0
Aurelion Sol/Shyvana (DE/MT),Karma/Sett (IO/PZ),0,1,0
Ekko/Jinx (PZ/SH),Karma/Sett (IO/PZ),0,1,0
Lux: Illuminated/Vex (BC/DE),Karma/Sett (IO/PZ),0,1,0
Karma/Sett (FR/IO),Ashe/LeBlanc (FR/NX),0,1,0
Fiora (DE/SH),Leona/Yasuo (IO/MT),0,1,0
Elder Dragon (RU/FR),Fiora (DE/SH),0,1,0
Lulu/Zed (DE/IO),Fiora (DE/SH),0,1,0
Elise/Lucian (DE/SI),Aphelios/Seraphine (MT/PZ),0,1,0
Yasuo (IO/MT),Elder Dragon/Norra/Vex (RU/BC),0,1,0
Sett/Viktor (IO/PZ),Elder Dragon/Norra/Vex (RU/BC),0,1,0
Kai'Sa/Pantheon (MT/SH),Aatrox/Vayne (RU/DE),0,1,0
Elder Dragon/Shyvana (RU/DE),Aatrox/Vayne (RU/DE),0,1,0
Elder Dragon/Morgana (RU/DE),Kayle (BW/MT),0,1,0
Morgana/Seraphine (MT/PZ),Elder Dragon/Morgana (RU/DE),0,1,0
Draven/Rumble (IO/NX),Elder Dragon/Morgana (RU/DE),0,1,0
Caitlyn/Swain (NX/PZ),Elder Dragon/Morgana (RU/DE),0,1,0
Elder Dragon/Morgana (RU/MT),Ryze (IO/RU),0,1,0
Anivia/Aurelion Sol (FR/MT),Ryze (IO/RU),0,1,0
Illaoi/Swain (BW/NX),Seraphine (MT/PZ),0,1,0
Aphelios/Norra (BC/MT),Seraphine/Sett (IO/PZ),0,1,0
Elder Dragon/Norra/Vex (RU/BC),Aurelion Sol/Elder Dragon (RU/MT),0,1,0
Nasus/Thresh (SI/SH),Seraphine/Viktor (IO/PZ),0,1,0
Morgana/Taliyah (DE/SH),Aphelios/Seraphine (MT/PZ),0,1,0
Darius/Miss Fortune (BW/NX),Aatrox/Vayne (RU/DE),0,1,0
Draven/Rumble (BC/NX),Aatrox/Vayne (RU/DE),0,1,0
Poppy/Ziggs (BC/NX),Aatrox/Vayne (RU/DE),0,1,0
Aurelion Sol/Elder Dragon (RU/MT),Aatrox/Vayne (RU/DE),0,1,0
Senna/Veigar (BC/SI),Aatrox/Vayne (RU/DE),0,1,0
Seraphine/Sett (IO/PZ),Seraphine/Viktor (BW/PZ),0,1,0
Elise (NX/SI),Seraphine/Viktor (IO/PZ),0,1,0
Katarina/Yasuo (IO/NX),Norra/Swain (BC/NX),0,1,0
Seraphine/Sett (IO/PZ),Maokai/Nautilus (BW/SI),0,1,0
Elder Dragon/Norra/Vex (RU/BC),Karma/Sett (IO/PZ),0,1,0
Jarvan IV (DE/FR),Elder Dragon/Norra/Vex (RU/BC),0,1,0
Seraphine/Sett (IO/PZ),Azir/Lucian (DE/SH),0,1,0
Aurelion Sol/Zoe (FR/MT),Yuumi/Zoe (FR/MT),0,1,0
Azir/Lucian (DE/SH),Caitlyn/Teemo (FR/PZ),0,1,0
Azir/Lucian (DE/SH),Pyke/Rek'Sai (BW/SH),0,1,0
Annie/Ezreal/Katarina (NX/PZ),Zoe (MT),0,1,0
Championless (FR/SI),Zoe (MT),0,1,0
Elder Dragon/Lissandra (RU/FR),Zoe (MT),0,1,0
Yuumi/Zoe (FR/MT),The Poro King (RU/SH),0,1,0
Championless (BC/PZ),Bard/Norra (BC/RU),0,1,0
Pantheon/Zoe (FR/MT),Elder Dragon/Norra (RU/BC),0,1,0
Maokai/Nautilus (BW/SI),Zoe (MT),0,1,0
Championpile/Elder Dragon (RU/DE),Championless (SI),0,1,0
Championless (BC/SH),Championpile/Elder Dragon (RU/DE),0,1,0
Aurelion Sol/Shyvana (DE/MT),Championpile/Elder Dragon (RU/DE),0,1,0
Championpile/Elder Dragon (RU/DE),Fizz (BW/SH),0,1,0
Azir/Renekton (SH),Akshan/Seraphine (PZ/SH),0,1,0
Championless (BC/PZ),Kindred/Nasus (SI/SH),0,1,0
Championless (BC/PZ),Illaoi (BW/NX),0,1,0
Illaoi (BW/SI),Elder Dragon/Norra/Vex (RU/BC),0,1,0
Karma/Sett (FR/IO),Elder Dragon/Norra/Vex (RU/BC),0,1,0
Ezreal/Seraphine (IO/PZ),Elder Dragon/Norra/Vex (RU/BC),0,1,0
Yasuo (FR/IO),Elder Dragon/Norra/Vex (RU/BC),0,1,0
Darius/Jinx (NX/PZ),Elder Dragon/Norra (RU/BC),0,1,0
Elder Dragon/Lissandra/Volibear (RU/FR),Elder Dragon/Norra/Vex (RU/BC),0,1,0
Elise/Teemo (PZ/SI),Elder Dragon/Norra (RU/BC),0,1,0
Nilah/Seraphine (BW/PZ),Seraphine/Sett (IO/PZ),0,1,0
Elder Dragon/Norra/Vex (RU/BC),Aurelion Sol/Braum (FR/MT),0,1,0
Ashe/LeBlanc (FR/NX),Elder Dragon/Seraphine/Viktor (RU/PZ),0,1,0
Zoe (MT),Nilah/Twisted Fate (BW/PZ),0,1,0
Mordekaiser/Viego (SI/SH),Elder Dragon/Norra (RU/BC),0,1,0
Elder Dragon/Norra (RU/BC),Elder Dragon (RU/FR),0,1,0
Kayle (BW/MT),Elder Dragon/Norra (RU/BC),0,1,0
Elder Dragon/Norra/Vex (RU/BC),Championless (SI),0,1,0
Elder Dragon/Norra/Vex (RU/BC),Jax/Jinx (RU/PZ),0,1,0
Elder Dragon/Garen/Jarvan IV (RU/DE),Elder Dragon/Norra (RU/BC),0,1,0
Sett (IO/SH),Elder Dragon/Norra (RU/BC),0,1,0
Elder Dragon/Norra (RU/BC),Aurelion Sol/Elder Dragon (RU/MT),0,1,0
Bard/Illaoi (RU/BW),Elder Dragon/Norra (RU/BC),0,1,0
Elder Dragon/Norra/Vex (RU/BC),Elder Dragon/Seraphine/Viktor (RU/PZ),0,1,0
Jayce/Lux (DE/PZ),Championpile/Elder Dragon (RU/DE),0,1,0
Karma/Sett (IO/PZ),Championpile/Elder Dragon (RU/DE),0,1,0
Gwen/Vayne (DE/SI),Championpile/Elder Dragon (RU/DE),0,1,0
Gangplank/Swain (BW/NX),Championpile/Elder Dragon (RU/DE),0,1,0
Braum/Zoe (FR/MT),Championpile/Elder Dragon (RU/DE),0,1,0
Nilah/Twisted Fate (BW/PZ),Championpile/Elder Dragon (RU/DE),0,1,0
Championpile/Elder Dragon (RU/DE),Akshan/Lee Sin (IO/SH),0,1,0
Pyke/Rek'Sai (BW/SH),Championpile/Elder Dragon (RU/DE),0,1,0
Draven/Jinx (NX/PZ),Championpile/Elder Dragon (RU/DE),0,1,0
Kalista (BW/SI),Elder Dragon/Norra (RU/BC),0,1,0
Caitlyn/Teemo (BC/PZ),Championpile/Elder Dragon (RU/DE),0,1,0
Championpile/Elder Dragon (RU/DE),Aatrox/Vayne (RU/DE),0,1,0
Elder Dragon/Volibear (RU/FR),Championpile/Elder Dragon (RU/DE),0,1,0
Aatrox/Jarvan IV (RU/DE),Senna/Veigar (BC/SI),0,1,0
Senna/Veigar (BC/SI),Lulu/Lux: Illuminated/Shen (DE/IO),0,1,0
Kindred/Norra (BC/SI),Elder Dragon/Norra (RU/BC),0,1,0
The Poro King (RU),Aatrox/Vayne (RU/DE),0,1,0
Aatrox/Vayne (RU/DE),Viktor/Zoe (MT/PZ),0,1,0
Braum/Zoe (FR/MT),Aatrox/Vayne (RU/DE),0,1,0
Aatrox/Vayne (RU/DE),Elder Dragon/Norra/Vex (RU/BC),0,1,0
Galio/Soraka (DE/MT),Senna/Veigar (BC/SI),0,1,0
Pyke/Rek'Sai (BW/SH),Senna/Veigar (BC/SI),0,1,0
Nocturne/Vex (BC/SI),Senna/Veigar (BC/SI),0,1,0
Championpile (SH),Senna/Veigar (BC/SI),0,1,0
Aatrox/Illaoi/Tahm Kench (RU/BW),Annie/Jhin (RU/NX),0,1,0
Gangplank/Twisted Fate (BC/BW),Annie/Jhin (RU/NX),0,1,0
Mordekaiser/Viego (SI/SH),Gangplank/Sejuani (BW/FR),0,1,0
Gangplank/Sejuani (BW/FR),Elder Dragon/Morgana (RU/DE),0,1,0
Elder Dragon/Morgana (RU/DE),Mordekaiser/Viego (SI/SH),0,1,0
Aatrox/Vayne (RU/DE),Mordekaiser/Viego (SI/SH),0,1,0
Aatrox/Vayne (RU/DE),Anivia/Elder Dragon/Volibear (RU/FR),0,1,0
Jinx/Lulu (BC/PZ),Trundle/Volibear (FR/SI),0,1,0
Trundle/Volibear (FR/SI),Caitlyn/Teemo (BC/PZ),0,1,0
Lux: Illuminated/Vex (BC/DE),Trundle/Volibear (FR/SI),0,1,0
Senna/Veigar/Yuumi (BC/SI),Annie/Jhin (RU/NX),0,1,0
Elder Dragon/Volibear (RU/FR),Gangplank/Sejuani (BW/FR),0,1,0
Jarvan IV/Shen (DE/IO),Norra/Swain (BC/NX),0,1,0
Norra/Swain (BC/NX),Elder Dragon/Galio/Morgana (RU/DE),0,1,0
Braum/Soraka (FR/MT),Senna/Veigar (BC/SI),0,1,0
Aatrox/Kayn (RU/RU),Senna/Veigar (BC/SI),0,1,0
Aatrox/Ornn (RU/FR),Senna/Veigar (BC/SI),0,1,0
Seraphine/Viktor (NX/PZ),Championless (SI),0,1,0
Elder Dragon/Norra/Vex (RU/BC),Azir/Nasus/Xerath (SH),0,1,0
Seraphine/Sett (IO/PZ),Norra/Teemo (BC/PZ),0,1,0
Kayle/Zed (IO/MT),Lee Sin/Viktor (IO/PZ),0,1,0
Elder Dragon (RU/FR),Viktor/Zoe (MT/PZ),0,1,0
Karma/Sett (FR/IO),Akshan (BC/SH),0,1,0
Seraphine/Viktor (IO/PZ),Mordekaiser/Viego (SI/SH),0,1,0
Taliyah (BC/SH),Elder Dragon/Volibear (RU/FR),0,1,0
Elder Dragon/Volibear (RU/FR),Ryze (IO/RU),0,1,0
Elise/Kalista (NX/SI),Norra/Swain (BC/NX),0,1,0
Jax/Jinx (RU/PZ),Elder Dragon/Seraphine/Viktor (RU/PZ),0,1,0
Braum/Elder Dragon/Trundle (RU/FR),Zoe (MT),0,1,0
Ezreal/Kennen (IO/PZ),Zoe (MT),0,1,0
Zoe (MT),Elder Dragon/LeBlanc/Mordekaiser (RU/NX),0,1,0
Elder Dragon (RU/FR),Nilah/Samira (BW/NX),0,1,0
Garen/Lux (DE/SI),Elder Dragon (RU/FR),0,1,0
Elder Dragon (RU/FR),Caitlyn/Teemo (NX/PZ),0,1,0
Kalista (SI),Hecarim/Zed (IO/SI),0,1,0
Elder Dragon/Volibear (RU/FR),Norra/Teemo (BC/SI),0,1,0
Elder Dragon/Volibear (RU/FR),Caitlyn/Teemo (BC/PZ),0,1,0
Samira/Seraphine (NX/PZ),Elder Dragon/Seraphine/Viktor (RU/PZ),0,1,0
Zoe (MT),Maokai (BW/SI),0,1,0
Ezreal/Seraphine (NX/PZ),Lillia/Veigar (BC/IO),0,1,0
Zoe (IO/MT),Senna/Veigar (BC/SI),0,1,0
Senna/Veigar (BC/SI),Evelynn/Nidalee (RU/SH),0,1,0
Braum/Norra (BC/FR),Zoe (MT),0,1,0
Senna/Veigar (BC/SI),Zoe (MT),0,1,0
Aurelion Sol/Trundle (FR/MT),Azir/Irelia (IO/SH),0,1,0
Mordekaiser/Viego (NX/SI),Elder Dragon/Norra (RU/BC),0,1,0
Ashe (FR/SI),Pyke/Rek'Sai (BW/SH),0,1,0
Kalista/Viego (SI),Zoe (MT),0,1,0
Miss Fortune/Senna/Veigar (BW/SI),Zoe (MT),0,1,0
Zoe (MT),Elder Dragon/Garen (RU/DE),0,1,0
Aurelion Sol/Leona (MT),Azir/Irelia (IO/SH),0,1,0
Darius/Gnar/Udyr (FR/NX),Azir/Irelia (IO/SH),0,1,0
Seraphine/Sett (IO/PZ),Anivia (FR/SI),0,1,0
Lulu/Zoe (IO/MT),Elder Dragon/Norra (RU/BC),0,1,0
Soraka/Tahm Kench (BW/MT),Elder Dragon/Norra (RU/BC),0,1,0
Akshan/Samira (NX/SH),Elder Dragon/Norra (RU/BC),0,1,0
Shen/Sivir (IO/SH),Elder Dragon/Trundle/Volibear (RU/FR),0,1,0
Akshan/Lee Sin (IO/SH),Elder Dragon/Trundle/Volibear (RU/FR),0,1,0
Mordekaiser/Viego (SI/SH),Elder Dragon/Trundle/Volibear (RU/FR),0,1,0
Hecarim/Zed (IO/SI),Elder Dragon/Trundle/Volibear (RU/FR),0,1,0
Diana/Nocturne (MT/SI),Zoe (MT),0,1,0
Leona (MT/NX),Elder Dragon/Norra (RU/BC),0,1,0
Leona/Shen (IO/MT),Elder Dragon/Norra (RU/BC),0,1,0
Elder Dragon/Norra (RU/BC),Kindred/Nasus (SI/SH),0,1,0
The Poro King/Zoe (MT/RU),Azir/Irelia (IO/SH),0,1,0
Kayle/Zed (IO/MT),Draven/Rumble (IO/NX),0,1,0
Draven/Rumble (IO/NX),Viktor/Zoe (MT/PZ),0,1,0
Anivia/Ashe (FR/SI),Draven/Rumble (IO/NX),0,1,0
Malphite/Yasuo (IO/MT),Draven/Rumble (IO/NX),0,1,0
Gnar/Teemo (BC/PZ),Annie/Jhin (RU/NX),0,1,0
Fizz (BW/SH),Elder Dragon/Trundle/Volibear (RU/FR),0,1,0
Morgana/Udyr (DE/FR),Elder Dragon/Trundle/Volibear (RU/FR),0,1,0
Aphelios/Zoe (MT/PZ),Elder Dragon/Norra (RU/BC),0,1,0
Maokai/Mordekaiser (NX/SI),Elder Dragon/Norra (RU/BC),0,1,0
Annie/Janna (NX/PZ),Seraphine/Sett (IO/PZ),0,1,0
Viego (SI/SH),Draven/Rumble (IO/NX),0,1,0
Draven/Rumble (IO/NX),Fizz (BW/SH),0,1,0
Braum/Zoe (FR/MT),Zoe (MT),0,1,0
Soraka/Vladimir (MT/NX),Zoe (MT),0,1,0
Diana/Nocturne (MT/SI),Seraphine/Sett (IO/PZ),0,1,0
Seraphine/Sett (IO/PZ),Kindred/Nasus (SI/SH),0,1,0
Braum/Yuumi/Zoe (FR/MT),Seraphine/Sett (IO/PZ),0,1,0
Elder Dragon/Viego (RU/SI),Seraphine/Sett (IO/PZ),0,1,0
Fizz (BW/SH),Fiora (DE/FR),0,1,0
Kindred/Mordekaiser (BC/SI),Lillia (IO/MT),0,1,0
Ekko/Jinx (PZ/SH),Lillia (IO/MT),0,1,0
Championless (PZ/SI),Lillia (IO/MT),0,1,0
The Poro King (IO/RU),Akshan/Elder Dragon/Sivir (RU/SH),0,1,0
Hecarim/Maokai (IO/SI),Lee Sin/Viktor (IO/PZ),0,1,0
Yuumi/Zoe (FR/MT),Lee Sin/Viktor (IO/PZ),0,1,0
Taliyah/Zilean (IO/SH),Seraphine/Sett (IO/PZ),0,1,0
Championless (FR/PZ),Karma/Sett (FR/IO),0,1,0
Teemo (BC/PZ),Seraphine (IO/PZ),0,1,0
Ezreal/Seraphine (IO/PZ),Seraphine (BW/PZ),0,1,0
Master Yi/Yasuo (IO/PZ),Ezreal/Seraphine (IO/PZ),0,1,0
Illaoi/Swain (BW/NX),Elder Dragon/Norra/Vex (RU/BC),0,1,0
Lissandra (FR/SI),Seraphine/Sett (IO/PZ),0,1,0
Neeko/Poppy (DE/RU),Elder Dragon/Seraphine/Viktor (RU/PZ),0,1,0
Elder Dragon/Seraphine/Viktor (RU/PZ),Kindred/Nasus (SI/SH),0,1,0
Thresh (MT/SI),Elder Dragon/Seraphine/Viktor (RU/PZ),0,1,0
Aurelion Sol/Thresh (MT/SI),Karma/Sett (FR/IO),0,1,0
Fizz/Jack/Nilah (BW/IO),Elder Dragon/Trundle/Volibear (RU/FR),0,1,0
Elder Dragon/Lissandra (RU/FR),Elder Dragon/Trundle/Volibear (RU/FR),0,1,0
Elder Dragon/Trundle/Volibear (RU/FR),Trundle/Volibear (DE/FR),0,1,0
Championless (SI),Elder Dragon/Trundle/Volibear (RU/FR),0,1,0
Braum/Morgana (FR/MT),Elder Dragon/Trundle/Volibear (RU/FR),0,1,0
Karma/Viktor (IO/PZ),Zoe (MT),0,1,0
Ashe/LeBlanc (FR/NX),Zoe (MT),0,1,0
Aurelion Sol/Zoe (MT),Zoe (MT),0,1,0
Kindred/Mordekaiser (BC/SI),Senna/Veigar (BC/SI),0,1,0
Gwen/Katarina (NX/SI),Lulu/Shen (IO/MT),0,1,0
Ashe/LeBlanc (FR/NX),Gwen/Katarina (NX/SI),0,1,0
Gwen/Katarina (NX/SI),Irelia/Miss Fortune (BW/IO),0,1,0
Gwen/Katarina (NX/SI),Azir/Irelia (IO/SH),0,1,0
Azir/Irelia (IO/SH),Kalista (FR/SI),0,1,0
Jayce/Lux (DE/PZ),Ezreal/Seraphine (IO/PZ),0,1,0
Ezreal/Seraphine (IO/PZ),Heimerdinger (PZ/SI),0,1,0
Aurelion Sol/Janna (MT/PZ),Elder Dragon/Galio/Morgana (RU/DE),0,1,0
Elder Dragon/Trundle/Volibear (RU/FR),Galio/Jarvan IV (DE/FR),0,1,0
Elder Dragon/Trundle/Volibear (RU/FR),Seraphine/Sett (IO/PZ),0,1,0
Kennen/Lillia (IO/SI),Kalista (SI),0,1,0
The Poro King (FR/RU),Kalista (SI),0,1,0
Senna/Veigar (BC/SI),Kalista (SI),0,1,0
Kalista (SI),Bard/Norra (BC/RU),0,1,0
Pyke/Rek'Sai (BW/SH),Kalista (SI),0,1,0
Galio/Poppy (DE/IO),Kalista (SI),0,1,0
Kalista (SI),Elder Dragon/Norra (RU/BC),0,1,0
Akshan (FR/SH),Azir/Irelia (IO/SH),0,1,0
Jhin/Katarina (RU/NX),Elder Dragon/Norra (RU/BC),0,1,0
Azir (SH),Elder Dragon/Norra (RU/BC),0,1,0
Kalista (SI),Elder Dragon/Trundle/Volibear (RU/FR),0,1,0
Aphelios/Seraphine (MT/PZ),Elder Dragon/Trundle/Volibear (RU/FR),0,1,0
Elder Dragon/Trundle/Volibear (RU/FR),Ashe/LeBlanc (FR/NX),0,1,0
Bard/Norra (BC/RU),Elder Dragon/Trundle/Volibear (RU/FR),0,1,0
Zoe (MT),Elder Dragon/Galio/Morgana (RU/DE),0,1,0
Poppy/Taric (DE/MT),Zoe (MT),0,1,0
Akshan/Varus (SH/RU),Zoe (MT),0,1,0
Azir/Xerath (SH),Akshan/Varus (SH/RU),0,1,0
Pyke/Rek'Sai (BW/SH),Akshan/Varus (SH/RU),0,1,0
Elise/Kalista (NX/SI),Seraphine/Zoe (MT/PZ),0,1,0
Championpile (DE/FR),Seraphine/Zoe (MT/PZ),0,1,0
Lillia/Veigar (BC/IO),Azir/Xerath (SH),0,1,0
Gwen/Vayne (DE/SI),Lillia/Veigar (BC/IO),0,1,0
Elder Dragon/Norra (RU/BC),Lillia/Veigar (BC/IO),0,1,0
Morgana/Udyr (DE/FR),Kalista (SI),0,1,0
Akshan/Master Yi (IO/SH),Jinx/Lulu (BC/PZ),0,1,0
Jinx/Lulu (BC/PZ),Evelynn/Nidalee (RU/SH),0,1,0
Jinx/Lulu (BC/PZ),Garen/Poppy (DE/FR),0,1,0
Nidalee (BC/SH),Jinx/Lulu (BC/PZ),0,1,0
Lee Sin/Riven (IO/NX),Jinx/Lulu (BC/PZ),0,1,0
Senna/Veigar (BC/SI),Jinx/Lulu (BC/PZ),0,1,0
Heimerdinger/Zoe (MT/PZ),Jinx/Lulu (BC/PZ),0,1,0
Jinx/Lulu (BC/PZ),Elder Dragon/Neeko (RU/RU),0,1,0
Teemo/Vi (BC/PZ),Elder Dragon/Norra/Vex (RU/BC),0,1,0
Gwen/Vayne (DE/SI),Elder Dragon/Norra/Vex (RU/BC),0,1,0
Seraphine/Sett (IO/PZ),Ashe/LeBlanc (FR/NX),0,1,0
Jhin/Sett (IO/RU),Hecarim/Zed (IO/SI),0,1,0
Championpile/Elder Dragon (RU/FR),Elder Dragon/Trundle/Volibear (RU/FR),0,1,0
Elder Dragon/Trundle/Volibear (RU/FR),Karma/Sett (IO/PZ),0,1,0
Elder Dragon/Morgana/Shyvana (RU/DE),Elder Dragon/Seraphine/Viktor (RU/PZ),0,1,0
Janna/Nilah (BW/PZ),Zoe (MT),0,1,0
Ryze (IO/RU),Zoe (MT),0,1,0
Jhin/Kennen (IO/RU),Zoe (MT),0,1,0
Akshan/Varus (SH/RU),Azir/Irelia (IO/SH),0,1,0
Elder Dragon/Norra (RU/BC),Seraphine/Zoe (MT/PZ),0,1,0
Jinx/Lulu (BC/PZ),Seraphine/Zoe (MT/PZ),0,1,0
Irelia/Nidalee (IO/SH),Jhin/Kennen (IO/RU),0,1,0
Jax/Ornn (FR/RU),Jhin/Kennen (IO/RU),0,1,0
Aurelion Sol/Zoe (MT/PZ),Jhin/Kennen (IO/RU),0,1,0
Draven/Rumble (BC/NX),Akshan/Lee Sin (IO/SH),0,1,0
Jhin/Vex (BC/RU),Championpile/Elder Dragon (RU/FR),0,1,0
Azir/Irelia (IO/SH),Lillia/Veigar (BC/IO),0,1,0
Senna/Veigar (BC/SI),Mordekaiser/Morgana (DE/SI),0,1,0
Mordekaiser/Morgana (DE/SI),Elder Dragon/Norra (RU/BC),0,1,0
Riven/Viktor (NX/PZ),Mordekaiser/Morgana (DE/SI),0,1,0
Vex (BC/SI),Kalista (SI),0,1,0
Kalista (SI),Poppy/Ziggs (BC/NX),0,1,0
Kalista (SI),Nilah/Twisted Fate (BW/PZ),0,1,0
Gwen/Zed (IO/SI),Kalista (SI),0,1,0
Elder Dragon/Volibear (RU/FR),Kalista (MT/SI),0,1,0
Kalista (MT/SI),Elder Dragon/Seraphine/Viktor (RU/PZ),0,1,0
Taliyah (BC/SH),Elder Dragon/Norra (RU/BC),0,1,0
Annie/Janna (NX/PZ),Jinx/Lulu (BC/PZ),0,1,0
Hecarim (IO/SI),Jinx/Lulu (BC/PZ),0,1,0
LeBlanc/Sivir (NX/SH),Akshan/Kai'Sa (DE/SH),0,1,0
Annie/Twisted Fate (BW/NX),Azir/Irelia (IO/SH),0,1,0
Taliyah (BC/SH),Annie/Twisted Fate (BW/NX),0,1,0
Rumble/Sion (BC/NX),Hecarim/Zed (IO/SI),0,1,0
Hecarim/Zed (IO/SI),Caitlyn/Teemo (BC/PZ),0,1,0
Hecarim/Zed (IO/SI),Jarvan IV/Shen (DE/IO),0,1,0
Hecarim/Zed (IO/SI),Zoe (MT),0,1,0
Taliyah/Zilean (IO/SH),Lucian/Zed (DE/IO),0,1,0
Hecarim/Kalista (FR/SI),Zoe (MT),0,1,0
Hecarim/Zed (IO/SI),Akshan/Varus (SH/RU),0,1,0
Lissandra/Taliyah (FR/SH),Akshan/Varus (SH/RU),0,1,0
Akshan/Varus (SH/RU),Akshan (FR/SH),0,1,0
Akshan/Varus (SH/RU),Championless (DE),0,1,0
Akshan/Braum (FR/SH),Akshan/Varus (SH/RU),0,1,0
Akshan/Varus (SH/RU),Caitlyn/Teemo (FR/PZ),0,1,0
Akshan/Varus (SH/RU),Braum/Zoe (FR/MT),0,1,0
Garen/Gnar/Udyr (DE/FR),Azir/Irelia (IO/SH),0,1,0
Akshan/Braum (FR/SH),Azir/Irelia (IO/SH),0,1,0
Elder Dragon/Norra (RU/BC),Elise (FR/SI),0,1,0
Jinx/Lulu (BC/PZ),Akshan (FR/SH),0,1,0
Bard/Norra (BC/RU),Jinx/Lulu (BC/PZ),0,1,0
Maokai/Nautilus (BW/SI),Jinx/Lulu (BC/PZ),0,1,0
Jinx/Lulu (BC/PZ),Norra (BC/SI),0,1,0
Nasus/Thresh (SI/SH),Taliyah/Zilean (IO/SH),0,1,0
Mordekaiser/Viego (SI/SH),Taliyah/Zilean (IO/SH),0,1,0
Annie/Jhin/Katarina (RU/NX),Taliyah/Zilean (IO/SH),0,1,0
Seraphine/Zoe (MT/PZ),Zoe (MT),0,1,0
Zoe (MT),Gwen/Vayne (DE/SI),0,1,0
Akshan/Varus (SH/RU),Norra (BC/FR),0,1,0
Akshan/Varus (SH/RU),Karma/Sett (FR/IO),0,1,0
Fiora/Shen (DE/IO),Elder Dragon/Volibear (RU/FR),0,1,0
Seraphine/Zoe (MT/PZ),Braum/The Poro King (FR/RU),0,1,0
Pyke/Rek'Sai (BW/SH),Seraphine/Zoe (MT/PZ),0,1,0
Seraphine/Zoe (MT/PZ),Jayce/Lux (DE/PZ),0,1,0
Championless (SI),Seraphine/Zoe (MT/PZ),0,1,0
Mordekaiser/Morgana (DE/SI),Elder Dragon (RU/FR),0,1,0
Ezreal/Nilah (BW/PZ),Mordekaiser/Morgana (DE/SI),0,1,0
Mordekaiser/Morgana (DE/SI),Gangplank/Sejuani (BW/FR),0,1,0
Mordekaiser/Morgana (DE/SI),Miss Fortune/Twisted Fate (BW/NX),0,1,0
Mordekaiser/Morgana (DE/SI),Elder Dragon/Norra/Vex (RU/BC),0,1,0
Nilah/Twisted Fate (BW/PZ),Mordekaiser/Morgana (DE/SI),0,1,0
Katarina/Yasuo (IO/NX),Mordekaiser/Morgana (DE/SI),0,1,0
Mordekaiser/Morgana (DE/SI),Ezreal/Seraphine (IO/PZ),0,1,0
Mordekaiser/Morgana (DE/SI),Norra/Teemo (BC/SI),0,1,0
Miss Fortune (BW/IO),Elder Dragon/Norra/Vex (RU/BC),0,1,0
Gwen/Irelia (IO/SI),Ezreal/Seraphine (IO/PZ),0,1,0
Poppy/Ziggs (BC/NX),Ezreal/Seraphine (IO/PZ),0,1,0
Mordekaiser/Viego (SI/SH),Zoe (MT),0,1,0
Jax/Tristana (BC/RU),Zoe (MT),0,1,0
Elder Dragon (RU/FR),Akshan/Varus (SH/RU),0,1,0
Azir (MT/SH),Senna/Veigar (BC/SI),0,1,0
Azir (MT/SH),Elder Dragon/Lissandra/Volibear (RU/FR),0,1,0
Elder Dragon/Volibear (RU/FR),Azir (MT/SH),0,1,0
Anivia/Volibear (FR/PZ),Azir (MT/SH),0,1,0
Azir (MT/SH),Bard/Norra (BC/RU),0,1,0
Championless (SI/SH),Azir (MT/SH),0,1,0
Akshan/Morgana (DE/SH),Azir (MT/SH),0,1,0
Mordekaiser/Morgana (DE/SI),Taliyah/Zilean (IO/SH),0,1,0
Mordekaiser/Morgana (DE/SI),Azir (SI/SH),0,1,0
Bard/Norra (BC/RU),Mordekaiser/Morgana (DE/SI),0,1,0
Braum/Zed (FR/IO),Elder Dragon/Norra (RU/BC),0,1,0
Poppy/Ziggs (BC/NX),Swain/Twisted Fate (BW/NX),0,1,0
Seraphine/Sett (IO/PZ),Elder Dragon/Norra/Vex (RU/BC),0,1,0
Mordekaiser (PZ/SI),Hecarim/Zed (IO/SI),0,1,0
Jhin/Norra (BC/RU),Zoe (MT),0,1,0
Karma/Master Yi (IO/PZ),Zoe (MT),0,1,0
Ashe/Tahm Kench (BW/FR),Zoe (MT),0,1,0
Akshan/Varus (SH/RU),Senna/Veigar (BC/SI),0,1,0
Championless (FR/SI),Azir (MT/SH),0,1,0
Azir (MT/SH),Nasus/Thresh (SI/SH),0,1,0
Karma (FR/IO),Kalista (SI),0,1,0
Kalista (SI),Leona/Yasuo (IO/MT),0,1,0
Kalista (SI),Lulu/Lux: Illuminated/Shen (DE/IO),0,1,0
Kalista (SI),Kindred (FR/SI),0,1,0
Kalista (SI),Janna/Senna (PZ/SI),0,1,0
The Poro King (FR/RU),Elder Dragon/Volibear (RU/FR),0,1,0
Gwen/Katarina (NX/SI),Katarina/Yasuo (IO/NX),0,1,0
Gwen/Katarina (NX/SI),Akshan/Braum (FR/SH),0,1,0
Gwen/Katarina (NX/SI),Elise/Kalista (NX/SI),0,1,0
Elder Dragon (RU/FR),Gwen/Katarina (NX/SI),0,1,0
Championless (NX/SI),Gwen/Katarina (NX/SI),0,1,0
Azir (MT/SH),Azir/Irelia (IO/SH),0,1,0
Darius (FR/NX),Elder Dragon/Norra (RU/BC),0,1,0
Elder Dragon/Morgana/Shyvana (RU/DE),Elder Dragon/Norra (RU/BC),0,1,0
Kayle/Zed (IO/MT),Seraphine/Sett (IO/PZ),0,1,0
Seraphine/Sett (IO/PZ),Lulu/Shen (IO/MT),0,1,0
Caitlyn/Teemo (FR/PZ),Taliyah/Zilean (IO/SH),0,1,0
Darius/Miss Fortune (BW/NX),Zoe (MT),0,1,0
Xerath/Zilean (BC/SH),Azir (MT/SH),0,1,0
Pantheon/Yuumi (DE/MT),Seraphine/Sett (IO/PZ),0,1,0
Elder Dragon/Seraphine/Viktor (RU/PZ),Seraphine (IO/PZ),0,1,0
Elder Dragon/Volibear (RU/FR),Seraphine (IO/PZ),0,1,0
Championless (FR/SI),Seraphine (IO/PZ),0,1,0
Championless (FR/SI),Seraphine/Sett (IO/PZ),0,1,0
Fiora (DE/IO),Seraphine/Sett (IO/PZ),0,1,0
Soraka/Tahm Kench (BW/MT),Elder Dragon/Seraphine/Viktor (RU/PZ),0,1,0
Anivia/Vladimir (FR/NX),Elder Dragon/Seraphine/Viktor (RU/PZ),0,1,0
Lissandra/Trundle (FR/SI),Elder Dragon/Seraphine/Viktor (RU/PZ),0,1,0
Elder Dragon/Norra (RU/BC),Aurelion Sol/Elder Dragon/Zoe (RU/MT),0,1,0
Azir/Irelia (IO/SH),Akshan/Kai'Sa (DE/SH),0,1,0
Evelynn/Kai'Sa (RU/SH),Championless (SI),0,1,0
Elder Dragon/Galio/Morgana (RU/DE),Braum/Vladimir (FR/NX),0,1,0
Hecarim (IO/SI),Elder Dragon/Galio/Morgana (RU/DE),0,1,0
Elder Dragon/Seraphine/Viktor (RU/PZ),Championless (MT/SI),0,1,0
Elder Dragon/Seraphine/Viktor (RU/PZ),Draven/Sion (NX/PZ),0,1,0
Elder Dragon/Seraphine/Viktor (RU/PZ),Seraphine/Twisted Fate (BW/PZ),0,1,0
Mordekaiser/Viego (IO/SI),Elder Dragon/Seraphine/Viktor (RU/PZ),0,1,0
Katarina/Miss Fortune (BW/NX),Nocturne (SI),0,1,0
Championless (SI),Kalista (SI),0,1,0
Gwen/Mordekaiser (BC/SI),Annie/Jhin (RU/NX),0,1,0
Elder Dragon/Volibear (RU/FR),Seraphine/Sett (IO/PZ),0,1,0
Akshan/Kai'Sa (DE/SH),Ashe (FR/PZ),0,1,0
Kalista/Viego (SI),Seraphine (IO/PZ),0,1,0
Elder Dragon/Galio/Morgana (RU/DE),Maokai/Nautilus (BW/SI),0,1,0
Teemo (BC/PZ),Elder Dragon/Galio/Morgana (RU/DE),0,1,0
Zoe (MT),Jhin/Katarina (RU/NX),0,1,0
Elder Dragon/Volibear (RU/FR),Norra (BC/SI),0,1,0
Elder Dragon/Volibear (RU/FR),Jhin/Kennen (IO/RU),0,1,0
Nocturne (SI),Jarvan IV/Shen (DE/IO),0,1,0
Aurelion Sol/Morgana (FR/MT),Nocturne (SI),0,1,0
Aphelios/Morgana (DE/MT),Elder Dragon/Norra (RU/BC),0,1,0
Akshan/Braum (FR/SH),Braum/Zoe (FR/MT),0,1,0
Elder Dragon/Neeko (RU/RU),Braum/Zoe (FR/MT),0,1,0
Elder Dragon/Norra (RU/BC),Nidalee (BC/SH),0,1,0
Championless (SI),Lissandra/Taliyah (FR/SH),0,1,0
Aatrox (RU/BW),Championless (SI),0,1,0
Caitlyn/Teemo (BC/PZ),Championless (SI),0,1,0
Jarvan IV/Shen (DE/IO),Annie/Jhin (RU/NX),0,1,0
Seraphine/Sett (IO/PZ),Ezreal/Seraphine (IO/PZ),0,1,0
Kayle/Lux: Illuminated (DE/MT),Elder Dragon/Norra/Vex (RU/BC),0,1,0
Elder Dragon/Galio/Morgana (RU/DE),Jinx/Lulu (BC/PZ),0,1,0
Mordekaiser/Norra (BC/SI),Elder Dragon/Seraphine/Viktor (RU/PZ),0,1,0
Elder Dragon/Seraphine/Viktor (RU/PZ),Annie/Ziggs (NX/SH),0,1,0
Elder Dragon/Norra (RU/BC),Mordekaiser/Viego (FR/SI),0,1,0
The Poro King/Viktor (PZ/RU),Elder Dragon/Norra (RU/BC),0,1,0
Pyke/Rek'Sai (BW/SH),The Poro King (MT/RU),0,1,0
Taliyah/Zilean (IO/SH),Zoe (FR/MT),0,1,0
Zoe (FR/MT),Akshan (FR/SH),0,1,0
Aphelios/Nami (BW/MT),Azir/Renekton (SH),0,1,0
Master Yi/Nami (BW/IO),Jhin/Kennen (IO/RU),0,1,0
Jhin/Vex (BC/RU),Elder Dragon/Norra (RU/BC),0,1,0
Taliyah/Zilean (IO/SH),Akshan/Kai'Sa (DE/SH),0,1,0
Elder Dragon/Lissandra (RU/FR),Annie/Jhin (RU/NX),0,1,0
Azir/Irelia (IO/SH),Draven/Rumble (NX/PZ),0,1,0
Elder Dragon/Galio/Morgana (RU/DE),Caitlyn/Teemo (BC/PZ),0,1,0
Ashe (DE/FR),Zoe (MT),0,1,0
Master Yi/Yuumi (BC/IO),Zoe (MT),0,1,0
Gnar/Swain (BC/NX),Zoe (MT),0,1,0
Sejuani/Swain/Udyr (FR/NX),Zoe (MT),0,1,0
Anivia/Volibear (FR/PZ),Zoe (MT),0,1,0
Aatrox/Kayn (RU/RU),Zoe (MT),0,1,0
Master Yi/Nami (BW/IO),Zoe (MT),0,1,0
Bard/Norra (BC/RU),Elder Dragon/Norra (RU/BC),0,1,0
Elder Dragon/Norra (RU/BC),Championpile/Elder Dragon (RU/MT),0,1,0
Braum/Zoe (FR/MT),Elder Dragon/Morgana (RU/DE),0,1,0
Katarina/Yasuo (IO/NX),Elder Dragon/Norra/Vex (RU/BC),0,1,0
Leona/Yasuo (IO/MT),Elder Dragon/Galio/Morgana (RU/DE),0,1,0
Darius/Ezreal (NX/PZ),Elder Dragon/Galio/Morgana (RU/DE),0,1,0
Kai'Sa (DE/SH),Elder Dragon/Galio/Morgana (RU/DE),0,1,0
Ahri/Kennen/Master Yi (IO),Elder Dragon/Galio/Morgana (RU/DE),0,1,0
Jarvan IV/Shen (DE/IO),Azir/Irelia (IO/SH),0,1,0
Bard/Mordekaiser (RU/SI),Elder Dragon/Volibear (RU/FR),0,1,0
The Poro King (MT/RU),Elder Dragon/Volibear (RU/FR),0,1,0
Annie/Jhin (RU/NX),Elder Dragon/Mordekaiser/Viego (RU/SI),0,1,0
Lissandra/Taliyah (FR/SH),Azir/Irelia (IO/SH),0,1,0
Lee Sin (IO/MT),Azir/Irelia (IO/SH),0,1,0
Viktor/Zoe (MT/PZ),Elder Dragon/Norra (RU/BC),0,1,0
Janna/Senna (PZ/SI),Elder Dragon/Norra/Vex (RU/BC),0,1,0
Draven/Jinx (NX/PZ),Elder Dragon/Norra/Vex (RU/BC),0,1,0
Championless (BC/SH),Elder Dragon/Norra/Vex (RU/BC),0,1,0
Annie/Miss Fortune (BW/NX),Elder Dragon/Norra/Vex (RU/BC),0,1,0
Fizz/Samira (BW/NX),Elder Dragon/Norra/Vex (RU/BC),0,1,0
Norra/Trundle (BC/FR),Elder Dragon/Norra/Vex (RU/BC),0,1,0
Kindred/Nasus (SI/SH),Elder Dragon/Norra/Vex (RU/BC),0,1,0
Janna/Norra (BC/PZ),Elder Dragon/Norra/Vex (RU/BC),0,1,0
Taliyah/Zilean (IO/SH),Elder Dragon/Norra/Vex (RU/BC),0,1,0
Elder Dragon/Norra/Vex (RU/BC),Elder Dragon/Morgana/Shyvana (RU/DE),0,1,0
Annie/Ezreal (NX/PZ),Elder Dragon/Norra/Vex (RU/BC),0,1,0
Ahri/Akshan (IO/SH),Elder Dragon/Norra/Vex (RU/BC),0,1,0
Nautilus (BW/SI),Zoe (MT),0,1,0
Akshan/Varus (SH/RU),Elder Dragon/Norra (RU/BC),0,1,0
Akshan/Nasus/Renekton (SH),Elder Dragon/Norra (RU/BC),0,1,0
Norra/Teemo (BC/PZ),Elder Dragon/Norra (RU/BC),0,1,0
Kayle/Zed (IO/MT),Elder Dragon/Norra/Vex (RU/BC),0,1,0
Morgana/Zoe (FR/MT),Elder Dragon/Norra/Vex (RU/BC),0,1,0
Elder Dragon/Morgana/Shyvana (RU/DE),Seraphine/Sett (IO/PZ),0,1,0
Seraphine/Sett (IO/PZ),Championless (SI),0,1,0
Azir/Ziggs (NX/SH),Hecarim/Zed (IO/SI),0,1,0
Jhin/Katarina (RU/NX),Hecarim/Zed (IO/SI),0,1,0
Aurelion Sol/Shyvana (DE/MT),Hecarim/Zed (IO/SI),0,1,0
Jax/Vi (RU/PZ),Hecarim/Zed (IO/SI),0,1,0
Hecarim/Zed (IO/SI),Braum/Soraka/Yuumi (FR/MT),0,1,0
Hecarim/Zed (IO/SI),Samira/Viktor (NX/PZ),0,1,0
Zoe (MT),Seraphine/Sett (IO/PZ),0,1,0
Jinx/Teemo (BC/PZ),Zoe (MT),0,1,0
Championless (SI),Nocturne (SI),0,1,0
Nocturne (SI),Gwen/Katarina (NX/SI),0,1,0
The Poro King (RU/SH),Nocturne (SI),0,1,0
Fizz/Samira (BW/NX),Elder Dragon/Seraphine/Viktor (RU/PZ),0,1,0
Lulu/Yuumi (BC/IO),Ezreal/Seraphine (BC/PZ),0,1,0
Akshan (FR/SH),Ezreal/Seraphine (BC/PZ),0,1,0
Fiora (DE/SH),Ezreal/Seraphine (BC/PZ),0,1,0
Championless (BC/SH),Elder Dragon/Seraphine/Viktor (RU/PZ),0,1,0
Illaoi (BW),Annie/Jhin (RU/NX),0,1,0
Seraphine (MT/PZ),Hecarim/Kindred (SI),0,1,0
Seraphine (MT/PZ),Poppy/Ziggs (BC/NX),0,1,0
Ornn/Trundle/Volibear (FR/MT),Seraphine (MT/PZ),0,1,0
Annie/Jhin (RU/NX),Seraphine (MT/PZ),0,1,0
Samira/Zilean (NX/SH),Seraphine (MT/PZ),0,1,0
Ashe/Fiora (DE/FR),Seraphine (MT/PZ),0,1,0
Ezreal/Seraphine (BC/PZ),Azir/Hecarim (SI/SH),0,1,0
Ezreal/Seraphine (BC/PZ),Taliyah (BC/SH),0,1,0
Kindred/Twisted Fate (BW/SI),Elder Dragon/Norra/Vex (RU/BC),0,1,0
Taliyah (BC/SH),Nilah/Twisted Fate (BW/PZ),0,1,0
Nilah/Twisted Fate (BW/PZ),Braum/Udyr/Vladimir (FR/NX),0,1,0
Azir/Irelia (IO/SH),Malphite/Yasuo (IO/MT),1,1,1
Azir/Irelia (IO/SH),The Poro King (BW/RU),1,1,1
Azir/Irelia (IO/SH),Jhin/Udyr (FR/RU),1,1,1
Azir/Irelia (IO/SH),LeBlanc/Sivir (NX/SH),1,1,1
Miss Fortune/Poppy (BW/DE),Azir/Irelia (IO/SH),1,1,1
Azir/Irelia (IO/SH),Irelia/Miss Fortune (BW/IO),1,1,1
Azir/Irelia (IO/SH),Illaoi (BW/IO),1,1,1
Azir/Irelia (IO/SH),Ryze (RU/SI),1,1,1
Akshan/Mordekaiser (SI/SH),Jinx/Lulu (BC/PZ),1,1,1
Azir/Irelia (IO/SH),Akshan/Zilean (BC/SH),1,1,1
Azir/Irelia (IO/SH),Braum/The Poro King (FR/RU),1,1,1
Senna/Viktor (PZ/SI),Ezreal/Kennen (IO/PZ),1,1,1
Senna/Viktor (PZ/SI),Lux: Illuminated/Zoe (DE/MT),1,1,1
Azir/Irelia (IO/SH),Elise (FR/SI),1,1,1
Fizz/Yuumi (BC/PZ),Azir/Irelia (IO/SH),1,1,1
Azir/Irelia (IO/SH),Evelynn/Kayle (RU/MT),1,1,1
Azir/Irelia (IO/SH),Championless (MT/SI),1,1,1
Senna/Viktor (PZ/SI),Gwen/Kindred (NX/SI),1,1,1
Vayne/Zed (DE/IO),Senna/Viktor (PZ/SI),1,1,1
Samira/Seraphine (NX/PZ),Senna/Viktor (PZ/SI),1,1,1
Elder Dragon/Morgana (RU/DE),Karma/Sett (IO/SI),1,1,1
Senna/Viktor (PZ/SI),Aurelion Sol/Shyvana (DE/MT),1,1,1
Jarvan IV/Lux (DE/PZ),Azir/Irelia (IO/SH),1,1,1
Sion (NX/PZ),Azir/Irelia (IO/SH),1,1,1
Azir/Irelia (IO/SH),Elder Dragon/Ornn/Sejuani/Volibear (RU/FR),1,1,1
Senna/Viktor (PZ/SI),Azir/Irelia (IO/SH),1,1,1
Karma/Sett (IO/SI),Ashe/Elise (FR/SI),1,1,1
Ashe/Elise (FR/SI),Elder Dragon/Galio/Morgana (RU/DE),1,1,1
Elder Dragon/Galio/Morgana (RU/DE),Nidalee/Norra (BC/SH),1,1,1
Nidalee/Norra (BC/SH),Jarvan IV/Shen (DE/IO),1,1,1
Poppy/Ziggs (BC/NX),Nidalee/Norra (BC/SH),1,1,1
Caitlyn/Teemo (FR/PZ),Senna/Viktor (PZ/SI),1,1,1
Senna/Viktor (PZ/SI),Elder Dragon/Galio/Morgana (RU/DE),1,1,1
Senna/Viktor (PZ/SI),Kalista/Viego (SI),1,1,1
Karma/Sett (IO/SI),Pyke/Rek'Sai (BW/SH),1,1,1
Karma/Sett (IO/SI),Fiora (DE/FR),1,1,1
Senna/Viktor (PZ/SI),Draven/Sivir (NX/SH),1,1,1
Karma/Sett (IO/SI),Taliyah/Zilean (IO/SH),1,1,1
Nilah/Twisted Fate (BW/PZ),Senna/Viktor (PZ/SI),1,1,1
Anivia (FR/SI),Senna/Viktor (PZ/SI),1,1,1
Elder Dragon/Galio/Morgana (RU/DE),Nilah/Twisted Fate (BW/PZ),1,1,1
Nilah/Twisted Fate (BW/PZ),Karma/Sett (IO/SI),1,1,1
Senna/Viktor (PZ/SI),Elder Dragon (RU/FR),1,1,1
Elder Dragon/Galio/Morgana (RU/DE),Aphelios/Viktor (MT/PZ),1,1,1
Elder Dragon/Galio/Morgana (RU/DE),Gwen (PZ/SI),1,1,1
Elder Dragon/Galio/Morgana (RU/DE),Ashe (FR/IO),1,1,1
Championpile/Elder Dragon (RU/FR),Elder Dragon/Galio/Morgana (RU/DE),1,1,1
Elder Dragon/Galio/Morgana (RU/DE),Elder Dragon/Morgana (RU/DE),1,1,1
Azir/Irelia (IO/SH),Trundle/Tryndamere (FR/SI),1,1,1
Trundle/Tryndamere (FR/SI),Aphelios/Zoe (MT/PZ),1,1,1
Katarina/Yasuo (IO/NX),Trundle/Tryndamere (FR/SI),1,1,1
Trundle/Tryndamere (FR/SI),Karma/Sett (IO/PZ),1,1,1
Trundle/Tryndamere (FR/SI),Elder Dragon/Galio/Morgana (RU/DE),1,1,1
Elder Dragon/Galio/Morgana (RU/DE),Aatrox/Azir (RU/SH),1,1,1
Elder Dragon/Morgana (RU/DE),Elise/Nocturne (NX/SI),1,1,1
Elder Dragon/Morgana (RU/DE),Senna/Veigar (BC/SI),1,1,1
Elder Dragon/Galio/Morgana (RU/DE),Senna/Veigar (BC/SI),1,1,1
Elder Dragon/Galio/Morgana (RU/DE),The Poro King/Yuumi (MT/RU),1,1,1
Elder Dragon/Galio/Morgana (RU/DE),Braum/Lillia (FR/IO),1,1,1
Poppy/Teemo (BC/MT),Elder Dragon/Galio/Morgana (RU/DE),1,1,1
Senna/Viktor (PZ/SI),Teemo/Zoe (BC/MT),1,1,1
Elder Dragon/Galio/Morgana (RU/DE),Lissandra/Mordekaiser (FR/SI),1,1,1
Elder Dragon/Galio/Morgana (RU/DE),Ekko/Zilean (PZ/SH),1,1,1
Elder Dragon/Galio/Morgana (RU/DE),Ahri/Katarina (IO/NX),1,1,1
Elder Dragon/Galio/Morgana (RU/DE),Trundle/Tryndamere (DE/FR),1,1,1
Elder Dragon/Galio/Morgana (RU/DE),Norra (BC/FR),1,1,1
Elder Dragon/Galio/Morgana (RU/DE),Senna (PZ/SI),1,1,1
Gwen/Mordekaiser (BC/SI),Elder Dragon/Galio/Morgana (RU/DE),1,1,1
Elder Dragon/Galio/Morgana (RU/DE),Gnar/Kayle/Udyr (FR/MT),1,1,1
Elder Dragon/Galio/Morgana (RU/DE),Aurelion Sol/Karma (IO/MT),1,1,1
Viktor/Zoe (MT/PZ),Trundle/Tryndamere (FR/SI),1,1,1
Gwen/Katarina (NX/SI),Elder Dragon/Galio/Morgana (RU/DE),1,1,1
Elder Dragon/Galio/Morgana (RU/DE),Lulu/Quinn (BC/DE),1,1,1
Kindred/Nasus (SI/SH),Elder Dragon/Galio/Morgana (RU/DE),1,1,1
Elder Dragon/Galio/Morgana (RU/DE),Viktor/Zoe (MT/PZ),1,1,1
Elder Dragon/Galio/Morgana (RU/DE),Jax/Ornn (FR/RU),1,1,1
Elder Dragon/Galio/Morgana (RU/DE),Swain/Yasuo (IO/NX),1,1,1
Elder Dragon/Galio/Morgana (RU/DE),Jarvan IV/Shen (DE/IO),1,1,1
Elder Dragon/Galio/Morgana (RU/DE),Azir/Renekton (SH),1,1,1
Elder Dragon/Galio/Morgana (RU/DE),Darius (FR/NX),1,1,1
Elder Dragon/Norra (RU/BC),Lillia (FR/IO),1,1,1
Elder Dragon/Norra (RU/BC),Kalista (NX/SI),1,1,1
Aphelios/Morgana (MT/SI),Azir/Irelia (IO/SH),1,1,1
Elder Dragon/Galio/Morgana (RU/DE),Aphelios/Zoe (IO/MT),1,1,1
Bard/Mordekaiser (RU/SI),Elder Dragon (RU/FR),1,1,1
Aatrox/Kayn (RU/RU),Elder Dragon (RU/FR),1,1,1
Elder Dragon (RU/FR),Heimerdinger/Norra (BC/SI),1,1,1
Aurelion Sol/Shyvana (DE/MT),Elder Dragon/Garen (RU/DE),1,1,1
Elder Dragon/Garen (RU/DE),Ekko/Zilean (PZ/SH),1,1,1
Elder Dragon/Garen (RU/DE),Azir/Xerath (SH),1,1,1
Rumble/Vayne (DE/NX),Elder Dragon/Garen (RU/DE),1,1,1
Elder Dragon (RU/FR),Ashe/LeBlanc (FR/NX),1,1,1
Elder Dragon (RU/FR),Lucian/Zed (DE/IO),1,1,1
Jinx/Lulu (BC/PZ),Elder Dragon (RU/FR),1,1,1
Elder Dragon/Garen (RU/DE),Aatrox/Quinn/Vayne (RU/DE),1,1,1
Elder Dragon/Garen (RU/DE),Elder Dragon/Norra (RU/BC),1,1,1
Elder Dragon/Garen (RU/DE),Elder Dragon (RU/FR),1,1,1
Elder Dragon/Garen (RU/DE),Elder Dragon/Volibear (RU/FR),1,1,1
Elder Dragon/Garen (RU/DE),Elise/Nocturne (NX/SI),1,1,1
Poppy/Ziggs (BC/NX),Neeko/Poppy (DE/RU),1,1,1
Poppy/Ziggs (BC/NX),Rek'Sai (SH),1,1,1
Draven/Rumble (BC/NX),Championless (SI),1,1,1
Elder Dragon (RU/FR),Draven/Sion (FR/NX),1,1,1
Elder Dragon (RU/FR),Kalista/Nasus (SI/SH),1,1,1
Katarina/Twisted Fate (BW/NX),Janna/Senna (PZ/SI),1,1,1
Nilah/Twisted Fate (BW/PZ),Poppy/Ziggs (BC/NX),1,1,1
Aatrox/Kayn (RU/RU),Janna/Senna (PZ/SI),1,1,1
Norra (BC/SH),Elder Dragon/Garen (RU/DE),1,1,1
Taliyah (BC/SH),Elder Dragon/Garen (RU/DE),1,1,1
Elder Dragon/Garen (RU/DE),Caitlyn/Teemo (BC/PZ),1,1,1
Karma/Seraphine (IO/PZ),Elder Dragon/Galio/Morgana (RU/DE),1,1,1
Poppy/Ziggs (BC/NX),Teemo (BC/SH),1,1,1
Elder Dragon/Norra (RU/BC),Anivia/Tryndamere (FR/SI),1,1,1
Janna/Senna (PZ/SI),Ezreal/Seraphine (BC/PZ),1,1,1
Janna/Senna (PZ/SI),Championless (SI),1,1,1
Championless (SI),Ryze (IO/RU),1,1,1
Akshan/Sivir (FR/SH),Ryze (IO/RU),1,1,1
Championpile/Elder Dragon (RU/FR),Ryze (IO/RU),1,1,1
Poppy/Ziggs (BC/NX),Nasus/Thresh (SI/SH),1,1,1
Elder Dragon/Galio/Morgana (RU/DE),Karma/Sett (IO/SI),1,1,1
Elder Dragon/Galio/Morgana (RU/DE),Gwen/Vayne (DE/SI),1,1,1
Elder Dragon/Norra (RU/BC),Swain/Twisted Fate (BW/NX),1,1,1
Elder Dragon/Garen (RU/DE),Anivia/Elder Dragon/Volibear (RU/FR),1,1,1
Elder Dragon/Garen (RU/DE),Elder Dragon/Galio/Morgana (RU/DE),1,1,1
Elder Dragon/Garen (RU/DE),Maokai/Nautilus (BW/SI),1,1,1
Elder Dragon/Garen (RU/DE),Championless (BC/IO),1,1,1
Aatrox/Kayn (RU/RU),Heimerdinger/Viktor (IO/PZ),1,1,1
Janna/Senna (PZ/SI),Draven/Rumble (BC/NX),1,1,1
Janna/Senna (PZ/SI),Poppy/Ziggs (BC/NX),1,1,1
Heimerdinger/Viktor (IO/PZ),Hecarim (IO/SI),1,1,1
Swain/Yasuo (IO/NX),Heimerdinger/Viktor (IO/PZ),1,1,1
Heimerdinger/Viktor (IO/PZ),Heimerdinger/Jayce (PZ/SI),1,1,1
Heimerdinger/Viktor (IO/PZ),Elder Dragon/Volibear (RU/FR),1,1,1
Heimerdinger/Viktor (IO/PZ),Malphite/Yasuo (IO/MT),1,1,1
Heimerdinger/Viktor (IO/PZ),Nilah/Twisted Fate (BW/PZ),1,1,1
Nilah/Twisted Fate (BW/PZ),Azir/Lucian (DE/SH),1,1,1
Renekton (BW/SH),Elder Dragon/Garen (RU/DE),1,1,1
Annie/Jhin (RU/NX),Braum/Yuumi/Zoe (FR/MT),1,1,1
Annie/Jhin (RU/NX),Championless (BC/IO),1,1,1
Annie/Jhin (RU/NX),Teemo (BC/PZ),1,1,1
Annie/Jhin (RU/NX),Akshan/Ekko (PZ/SH),1,1,1
Nilah/Twisted Fate (BW/PZ),Anivia/Kalista (FR/SI),1,1,1
Heimerdinger/Viktor (IO/PZ),Pyke/Rek'Sai (BW/SH),1,1,1
Heimerdinger/Viktor (IO/PZ),Teemo (BC/PZ),1,1,1
Elder Dragon/Norra (RU/BC),Jhin/Yasuo (IO/RU),1,1,1
Elder Dragon/Norra (RU/BC),Championless (BC/SI),1,1,1
Heimerdinger/Viktor (IO/PZ),Ezreal/Seraphine (MT/PZ),1,1,1
Heimerdinger/Viktor (IO/PZ),Poppy/Ziggs (BC/NX),1,1,1
Bard/Garen (RU/DE),Heimerdinger/Viktor (IO/PZ),1,1,1
Lux: Illuminated/Vex (BC/DE),Heimerdinger/Viktor (IO/PZ),1,1,1
Elder Dragon/Trundle/Volibear (RU/FR),Heimerdinger/Viktor (IO/PZ),1,1,1
Norra (BC/SI),Heimerdinger/Viktor (IO/PZ),1,1,1
Akshan/Fiora (DE/SH),Aatrox/Illaoi (RU/BW),1,1,1
Janna/Senna (PZ/SI),Darius/Miss Fortune (BW/NX),1,1,1
Janna/Senna (PZ/SI),Aatrox/Vayne (RU/DE),1,1,1
Pyke/Rek'Sai (BW/SH),Janna/Senna (PZ/SI),1,1,1
Elder Dragon (RU/FR),Elder Dragon/Morgana (RU/DE),1,1,1
Norra (BC/SH),Renekton/Xerath (SH),1,1,1
Garen/Lucian/Lux: Illuminated (DE/IO),Renekton/Xerath (SH),1,1,1
Elise/Nocturne (NX/SI),Azir/Xerath (SH),1,1,1
Janna/Senna (PZ/SI),Akshan/Udyr (FR/SH),1,1,1
Evelynn/Kindred/Viego (RU/SI),Viktor (BC/PZ),1,1,1
Hecarim/Zed (IO/SI),Elder Dragon (RU/FR),1,1,1
Poppy/Tristana (BC/SH),Caitlyn/Teemo (FR/PZ),1,1,1
Elder Dragon/Morgana (RU/MT),Poppy/Tristana (BC/SH),1,1,1
Poppy/Tristana (BC/SH),Elder Dragon/Volibear (RU/FR),1,1,1
Poppy/Tristana (BC/SH),Kalista/Nocturne (NX/SI),1,1,1
Ezreal/Seraphine (BC/PZ),Jack/Nilah (BW/MT),1,1,1
Braum/Norra (BC/FR),Ezreal/Seraphine (BC/PZ),1,1,1
Karma/Sett (FR/IO),Taliyah/Ziggs (BC/SH),1,1,1
Samira/Zoe (MT/NX),Elder Dragon/Morgana (RU/DE),1,1,1
Galio/Jarvan IV/Riven (DE/NX),Karma/Seraphine (IO/PZ),1,1,1
Fiora (DE/FR),Elder Dragon/Galio/Morgana (RU/DE),1,1,1
Karma/Sett (FR/IO),Ezreal/Seraphine (BC/PZ),1,1,1
Karma/Sett (FR/IO),Miss Fortune/Quinn (BW/DE),1,1,1
Karma/Sett (FR/IO),Galio/Morgana (DE/MT),1,1,1
Poppy/Tristana (BC/SH),The Poro King (RU/SH),1,1,1
Poppy/Tristana (BC/SH),Pyke/Rek'Sai (BW/SH),1,1,1
Poppy/Tristana (BC/SH),Fizz/Samira (BW/NX),1,1,1
Elise (FR/SI),Poppy/Tristana (BC/SH),1,1,1
Aurelion Sol/Shyvana (DE/MT),Poppy/Tristana (BC/SH),1,1,1
Poppy/Tristana (BC/SH),Jinx/Rumble (BC/PZ),1,1,1
Elder Dragon/Norra (RU/BC),Ezreal/Senna (PZ/SI),1,1,1
Elder Dragon/Norra (RU/BC),Norra (BC/SI),1,1,1
Elder Dragon (RU/FR),Ezreal/Seraphine (BC/PZ),1,1,1
Elder Dragon (RU/FR),Senna (PZ/SI),1,1,1
Elder Dragon (RU/FR),Braum/Vladimir (FR/NX),1,1,1
Braum/Zoe (FR/MT),Poppy/Tristana (BC/SH),1,1,1
Elder Dragon/Norra (RU/BC),Taliyah/Ziggs (BC/SH),1,1,1
Elder Dragon/Norra (RU/BC),Miss Fortune (BW/IO),1,1,1
Karma/Seraphine/Sett (IO/PZ),Annie/Jhin (RU/NX),1,1,1
Karma/Seraphine/Sett (IO/PZ),Elder Dragon/Morgana (RU/DE),1,1,1
Mordekaiser/Norra (BC/SI),Elise/Nocturne (NX/SI),1,1,1
Akshan/Mordekaiser (SI/SH),Kayle/Zed (IO/MT),1,1,1
Poppy/Ziggs (BC/NX),Akshan/Mordekaiser (SI/SH),1,1,1
Elder Dragon/Lissandra/Volibear (RU/FR),Fiora/Lux: Illuminated (DE/MT),1,1,1
Elder Dragon/Lissandra/Volibear (RU/FR),Malphite/Volibear (FR/MT),1,1,1
Elder Dragon/Lissandra/Volibear (RU/FR),Senna (BW/SI),1,1,1
Elder Dragon/Lissandra/Volibear (RU/FR),Kayle/Zed (IO/MT),1,1,1
Elder Dragon/Lissandra/Volibear (RU/FR),Jack/Nilah (BW/MT),1,1,1
Elder Dragon/Lissandra/Volibear (RU/FR),Azir/Xerath (SH),1,1,1
Sett/Viego (IO/SI),Elder Dragon/Lissandra/Volibear (RU/FR),1,1,1
Ashe/LeBlanc (FR/NX),Zed (DE/IO),1,1,1
Ashe/LeBlanc (FR/NX),Rek'Sai (BW/SH),1,1,1
Ashe/LeBlanc (FR/NX),Akshan/Mordekaiser (SI/SH),1,1,1
Annie (FR/NX),Sejuani (BC/FR),1,1,1
Karma/Sett (FR/IO),Jayce/Lux (DE/PZ),1,1,1
Gwen/Hecarim/Zed (IO/SI),Karma/Sett (FR/IO),1,1,1
Braum/Yuumi/Zoe (FR/MT),Mordekaiser/Norra (BC/SI),1,1,1
Mordekaiser/Norra (BC/SI),Akshan (BC/SH),1,1,1
Ashe/LeBlanc (FR/NX),Jarvan IV/Poppy (BC/DE),1,1,1
Annie/Gwen (NX/SI),Ashe/LeBlanc (FR/NX),1,1,1
Ashe/LeBlanc (FR/NX),Elder Dragon/Galio/Shyvana (RU/DE),1,1,1
Maokai/Nautilus (BW/SI),Pyke/Rek'Sai (BW/SH),1,1,1
Maokai/Nautilus (BW/SI),Elder Dragon/Fizz/Norra (RU/BC),1,1,1
Teemo/Zoe (BC/MT),Maokai/Nautilus (BW/SI),1,1,1
Karma/Sett (FR/IO),Ezreal/Seraphine (NX/PZ),1,1,1
Braum/Galio (DE/FR),Karma/Sett (FR/IO),1,1,1
Ashe/LeBlanc (FR/NX),Jack/Ornn (BW/FR),1,1,1
Elder Dragon (RU/FR),Ashe/Volibear (FR/NX),1,1,1
Garen/Jarvan IV (DE),Elder Dragon (RU/FR),1,1,1
Caitlyn/Twisted Fate (BW/PZ),Azir/Irelia (IO/SH),1,1,1
Mordekaiser/Norra (BC/SI),Ryze (IO/RU),1,1,1
Swain/Viktor (NX/PZ),Mordekaiser/Norra (BC/SI),1,1,1
Poppy/Ziggs (BC/NX),Mordekaiser/Morgana (DE/SI),1,1,1
Karma/Sett (FR/IO),Kalista/Viego (SI),1,1,1
Fiora (DE/FR),Miss Fortune (BW/NX),1,1,1
Fiora (DE/FR),Darius/Gnar (FR/NX),1,1,1
Karma/Sett (FR/IO),Miss Fortune (BW/NX),1,1,1
Aphelios/Fizz (BC/MT),Irelia/Morgana (DE/IO),1,1,1
Annie/Jhin (RU/NX),Aphelios/Fizz (BC/MT),1,1,1
Championless (SI),Elder Dragon/Mordekaiser/Viego (RU/SI),1,1,1
Ezreal/Seraphine (NX/PZ),Diana/Nocturne (MT/SI),1,1,1
Diana/Nocturne (MT/SI),Elder Dragon (RU/FR),1,1,1
Diana/Nocturne (MT/SI),Riven/Viktor (NX/PZ),1,1,1
Diana/Nocturne (MT/SI),Braum (FR/MT),1,1,1
Diana/Nocturne (MT/SI),Nasus/Xerath (SH),1,1,1
Diana/Nocturne (MT/SI),Xerath/Zilean (BC/SH),1,1,1
Elise (SI),Diana/Nocturne (MT/SI),1,1,1
Azir/Irelia (IO/SH),Aphelios/Fizz (BC/MT),1,1,1
Aphelios/Fizz (BC/MT),Jayce/Norra (BC/PZ),1,1,1
Gangplank/Sejuani (BW/FR),Aphelios/Fizz (BC/MT),1,1,1
Aphelios/Fizz (BC/MT),Mordekaiser/Morgana (DE/SI),1,1,1
Aphelios/Fizz (BC/MT),Jinx/Lulu (BC/PZ),1,1,1
Aphelios/Fizz (BC/MT),Leona (MT/SH),1,1,1
Azir/Xerath (SH),Diana/Nocturne (MT/SI),1,1,1
Championpile/Elder Dragon (RU/FR),Diana/Nocturne (MT/SI),1,1,1
Diana/Nocturne (MT/SI),Karma/Seraphine (IO/PZ),1,1,1
Diana/Nocturne (MT/SI),Fiora (DE/FR),1,1,1
Norra/Teemo (BC/PZ),Heimerdinger/Norra (BC/SI),1,1,1
Fiora (DE/FR),Fizz (BC/SH),1,1,1
Fiora (DE/FR),Nocturne/Vex (SI/SH),1,1,1
Championless (FR/NX),Caitlyn/Teemo (BC/PZ),1,1,1
Championless (FR/NX),Fiora/Shen (DE/IO),1,1,1
Poppy/Tristana (BC/SH),Elder Dragon/Lissandra/Volibear (RU/FR),1,1,1
Poppy/Tristana (BC/SH),Draven/Jinx (NX/PZ),1,1,1
Nocturne/Vex (SI/SH),Poppy/Tristana (BC/SH),1,1,1
Poppy/Tristana (BC/SH),Elder Dragon/Kalista (RU/SI),1,1,1
Gwen/Zed (IO/SI),Poppy/Tristana (BC/SH),1,1,1
Aurelion Sol/Shyvana (DE/MT),Elder Dragon/Norra (RU/BC),1,1,1
Ryze (IO/RU),Ekko/Jinx (PZ/SH),1,1,1
Ekko/Jinx (PZ/SH),Kayle/Lillia (IO/MT),1,1,1
Ekko/Jinx (PZ/SH),Draven/Katarina (NX/SI),1,1,1
Ekko/Jinx (PZ/SH),Master Yi/Taliyah/Zilean (IO/SH),1,1,1
Lucian/Zed (DE/IO),Ekko/Jinx (PZ/SH),1,1,1
Ekko/Jinx (PZ/SH),Jinx/Lulu (BC/PZ),1,1,1
Championless (PZ/SH),Diana/Nocturne (MT/SI),1,1,1
Karma/Sett (FR/IO),Championless (FR/NX),1,1,1
Championless (FR/NX),Lulu/Taric (IO/MT),1,1,1
Elder Dragon/Galio/Morgana (RU/DE),Poppy/Tristana (BC/SH),1,1,1
Poppy/Tristana (BC/SH),Kindred/Nasus/Senna (SI/SH),1,1,1
Poppy/Tristana (BC/SH),Elder Dragon/Lissandra/Trundle (RU/FR),1,1,1
Ryze (IO/RU),Poppy/Tristana (BC/SH),1,1,1
Poppy/Tristana (BC/SH),Nilah/Twisted Fate (BW/PZ),1,1,1
Galio/Garen/Poppy (DE/FR),Poppy/Tristana (BC/SH),1,1,1
Janna/Jinx (BW/PZ),Poppy/Tristana (BC/SH),1,1,1
Poppy/Tristana (BC/SH),Ezreal/Seraphine (BC/PZ),1,1,1
Poppy/Tristana (BC/SH),Azir/Xerath (SH),1,1,1
Galio/Garen/Poppy (DE/FR),Seraphine/Viktor (BW/PZ),1,1,1
Elder Dragon/Garen/Jarvan IV (RU/DE),Fizz/Nami (BC/BW),1,1,1
Fizz/Nami (BC/BW),Braum/Zoe (FR/MT),1,1,1
Elder Dragon/Lissandra/Volibear (RU/FR),Aatrox/Kayn (RU/RU),1,1,1
Jinx/Katarina (NX/PZ),Azir (IO/SH),1,1,1
Jinx/Katarina (NX/PZ),Elder Dragon/Volibear (RU/FR),1,1,1
Elder Dragon/Morgana (RU/DE),Championless (FR/NX),1,1,1
Elder Dragon/Volibear (RU/FR),Championless (FR/NX),1,1,1
Championless (FR/NX),Elder Dragon/Trundle/Volibear (RU/FR),1,1,1
Championless (FR/NX),Jack/Nilah (BW/MT),1,1,1
Championless (FR/NX),Morgana/Udyr (DE/FR),1,1,1
Championless (FR/NX),Taliyah/Ziggs (BC/SH),1,1,1
Championless (FR/NX),Mordekaiser/Senna (NX/SI),1,1,1
Janna/Senna (PZ/SI),Annie/Jhin (RU/NX),1,1,1
Taliyah/Zilean (IO/SH),Poppy/Tristana (BC/SH),1,1,1
Aphelios/Viktor (MT/PZ),Azir/Xerath (SH),1,1,1
Aphelios/Viktor (MT/PZ),Yuumi/Zoe (FR/MT),1,1,1
Aphelios/Viktor (MT/PZ),Anivia (FR/SI),1,1,1
Elise/Gnar (FR/SI),Mordekaiser/Norra (BC/SI),1,1,1
Akshan/Varus (SH/RU),Diana/Nocturne (MT/SI),1,1,1
Kayle/Zed (IO/MT),Diana/Nocturne (MT/SI),1,1,1
Mordekaiser/Norra (BC/SI),Fiora/Miss Fortune/Quinn (BW/DE),1,1,1
Karma/Sett (IO/PZ),Ashe/LeBlanc (FR/NX),1,1,1
Ashe/LeBlanc (FR/NX),Kayle/Zed (IO/MT),1,1,1
Ashe/LeBlanc (FR/NX),Braum/Vladimir (FR/NX),1,1,1
Aurelion Sol/Shyvana (DE/MT),Darius (FR/NX),1,1,1
Darius (FR/NX),Elder Dragon/Lissandra (RU/FR),1,1,1
Darius/Gnar (FR/NX),Elder Dragon/Mordekaiser/Viego (RU/SI),1,1,1
Karma/Sett (IO/PZ),Championless (FR/NX),1,1,1
Azir/Nasus/Renekton (SH),Championless (FR/NX),1,1,1
Teemo (BC/PZ),Championless (FR/NX),1,1,1
Akshan/Master Yi/Taliyah (IO/SH),Akshan (BC/SH),1,1,1
Azir/Irelia (IO/SH),Braum/Soraka (FR/MT),1,1,1
Poppy/Ziggs (BC/NX),Akshan/Master Yi (IO/SH),1,1,1
Mordekaiser (BC/SI),Championless (FR/NX),1,1,1
Championless (FR/NX),Ezreal/Kennen (IO/PZ),1,1,1
Azir/Irelia (IO/SH),Ashe (FR/PZ),1,1,1
Karma/Sett (IO/SI),Mordekaiser/Norra (BC/SI),1,1,1
Jarvan IV/Shen (DE/IO),Mordekaiser/Norra (BC/SI),1,1,1
Gwen/Sejuani (FR/SI),Lissandra/Trundle (FR/IO),1,1,1
Aphelios/Viktor (MT/PZ),Braum/Lucian (DE/FR),1,1,1
Aphelios/Viktor (MT/PZ),Pyke/Rek'Sai (BW/SH),1,1,1
Aphelios/Viktor (MT/PZ),Elder Dragon/Volibear (RU/FR),1,1,1
Miss Fortune/Quinn (BW/DE),Ezreal/Seraphine (BC/PZ),1,1,1
Jinx/Lulu (BC/PZ),Jayce/Norra (BC/PZ),1,1,1
Jinx/Katarina (NX/PZ),Nilah/Twisted Fate (BW/MT),1,1,1
Miss Fortune/Quinn (BW/DE),Jinx/Katarina (NX/PZ),1,1,1
Annie (NX/PZ),Championless (FR/NX),1,1,1
Championless (FR/NX),Aurelion Sol/Pantheon (MT/SI),1,1,1
Azir/Irelia (IO/SH),Nocturne/Vex (SI),1,1,1
Caitlyn/Teemo (FR/PZ),Taliyah/Ziggs (BC/SH),1,1,1
Annie/Jhin (RU/NX),Jayce/Lux (DE/PZ),1,1,1
Annie/Jhin (RU/NX),Annie (FR/NX),1,1,1
Mordekaiser/Norra (BC/SI),Elder Dragon/The Poro King (RU/RU),1,1,1
Ashe/Tahm Kench (BW/FR),Annie/Jhin (RU/NX),1,1,1
Karma/Sett (FR/IO),Akshan/Sivir (FR/SH),1,1,1
Karma/Sett (FR/IO),Malphite/Yasuo (IO/MT),1,1,1
Karma/Sett (FR/IO),Gwen/Zed (IO/SI),1,1,1
Karma/Sett (FR/IO),Ornn/Soraka (FR/MT),1,1,1
Poppy/Ziggs (BC/NX),Aurelion Sol/Elder Dragon (RU/MT),1,1,1
Karma/Sett (FR/IO),Karma/Master Yi (IO/SI),1,1,1
Nami/Twisted Fate (BW/SI),Karma/Sett (FR/IO),1,1,1
Poppy/Ziggs (BC/NX),Azir/Xerath (SH),1,1,1
Ezreal/Karma/Seraphine (IO/PZ),Ezreal/Kennen (IO/PZ),1,1,1
Karma/Sett (FR/IO),Ezreal/Karma/Seraphine (IO/PZ),1,1,1
Championless (FR/NX),Karma/Sett (IO/SI),1,1,1
Championless (FR/NX),Jack/Samira (BW/NX),1,1,1
Aphelios/Viktor (MT/PZ),Kayle/Lillia (IO/MT),1,1,1
Gwen/Sejuani (FR/SI),Poppy/Ziggs (BC/NX),1,1,1
Elise/Gnar (FR/SI),Viego (SI),1,1,1
The Poro King (PZ/RU),Diana/Nocturne (MT/SI),1,1,1
Diana/Nocturne (MT/SI),Ashe (FR/SI),1,1,1
Diana/Nocturne (MT/SI),Janna (BW/PZ),1,1,1
Championless (FR/NX),Swain/Yasuo (IO/NX),1,1,1
Azir/Irelia (IO/SH),Kindred (FR/SI),1,1,1
Jinx/Lulu (BC/PZ),Akshan/Morgana/Taliyah (DE/SH),1,1,1
Akshan/Morgana/Taliyah (DE/SH),Nasus/Renekton (SH),1,1,1
Aphelios/Viktor (MT/PZ),Viktor/Zoe (MT/PZ),1,1,1
Jinx/Norra (BC/PZ),Championless (FR/NX),1,1,1
Championless (FR/NX),Hecarim/Zed (IO/SI),1,1,1
Championless (FR/NX),Akshan/Udyr (FR/SH),1,1,1
Senna/Veigar (BC/SI),Championless (FR/NX),1,1,1
Norra (BC/BW),Akshan/Morgana/Taliyah (DE/SH),1,1,1
Karma/Sett (IO/PZ),Akshan/Morgana/Taliyah (DE/SH),1,1,1
Akshan/Morgana/Taliyah (DE/SH),Galio/Udyr (DE/FR),1,1,1
Akshan/Morgana/Taliyah (DE/SH),Ashe/Elise (FR/SI),1,1,1
Akshan/Morgana/Taliyah (DE/SH),Senna/Veigar (BC/SI),1,1,1
Akshan/Morgana/Taliyah (DE/SH),Caitlyn/Teemo (BC/PZ),1,1,1
Mordekaiser/Norra (BC/SI),Akshan/Morgana/Taliyah (DE/SH),1,1,1
Annie (NX/PZ),Elder Dragon/Norra (RU/BC),1,1,1
Elder Dragon/Norra (RU/BC),Akshan/Pantheon (MT/SH),1,1,1
Elder Dragon/Norra (RU/BC),Annie/Swain (NX/SI),1,1,1
Draven/Rumble (BC/NX),Elder Dragon/Norra (RU/BC),1,1,1
Championless (FR/NX),Jack/Sett (BW/IO),1,1,1
Championless (FR/NX),Norra (BC/SH),1,1,1
Championless (FR/NX),Championless (PZ/SI),1,1,1
Akshan/Morgana/Taliyah (DE/SH),Ashe/LeBlanc (FR/NX),1,1,1
Akshan/Morgana/Taliyah (DE/SH),Elder Dragon/Volibear (RU/FR),1,1,1
Mordekaiser/Norra (BC/SI),Sejuani/Sivir (FR/SH),1,1,1
Mordekaiser/Norra (BC/SI),Annie (NX/PZ),1,1,1
Caitlyn/Teemo (FR/PZ),Nidalee/Norra (BC/SH),1,1,1
The Poro King (MT/RU),Ezreal/Karma/Seraphine (IO/PZ),1,1,1
Ezreal/Karma/Seraphine (IO/PZ),Nami/Viktor (BW/PZ),1,1,1
Ezreal/Karma/Seraphine (IO/PZ),Elder Dragon/Galio/Shyvana (RU/DE),1,1,1
Annie/Jhin (RU/NX),Championless (FR/NX),1,1,1
Ezreal/Seraphine (BC/PZ),Championless (FR/NX),1,1,1
Championless (FR/NX),Anivia (FR/SI),1,1,1
Championless (FR/NX),Lulu/Teemo (BC/IO),1,1,1
Championless (FR/NX),Braum/Soraka (FR/MT),1,1,1
Championless (FR/NX),Elder Dragon/Galio/Morgana (RU/DE),1,1,1
Galio/Morgana (DE/FR),Azir/Irelia (IO/SH),1,1,1
Aphelios/Viktor (MT/PZ),Azir/Nasus/Renekton (SH),1,1,1
Mordekaiser/Norra (BC/SI),Galio/Morgana (DE/FR),1,1,1
Mordekaiser/Norra (BC/SI),Championless (SI),1,1,1
Mordekaiser/Norra (BC/SI),Ashe/LeBlanc (FR/NX),1,1,1
Poppy/Ziggs (BC/NX),Seraphine/Sett (IO/PZ),1,1,1
Ekko/Jinx (PZ/SH),Championless (FR/NX),1,1,1
Azir/Irelia (IO/SH),Annie/Darius/Miss Fortune (BW/NX),1,1,1
Kayle/Yuumi (FR/MT),Azir/Irelia (IO/SH),1,1,1
Karma/Seraphine/Sett (IO/PZ),Elder Dragon/Norra (RU/BC),1,1,1
Karma/Seraphine (IO/PZ),Mordekaiser/Norra (BC/SI),1,1,1
Karma/Sett (FR/IO),Nidalee (PZ/SH),1,1,1
Kayle/Lillia (IO/MT),Annie/Jhin (RU/NX),1,1,1
Annie/Jhin (RU/NX),Viktor/Zoe (MT/PZ),1,1,1
Elder Dragon/Morgana (RU/DE),Swain/Viktor (NX/PZ),1,1,1
Elder Dragon/Morgana (RU/DE),Ezreal/Karma (IO/PZ),1,1,1
Elder Dragon/Morgana (RU/DE),Nilah/Twisted Fate (BW/MT),1,1,1
Elder Dragon/Morgana (RU/DE),Teemo (BC/PZ),1,1,1
Elder Dragon/Galio/Morgana (RU/DE),Elder Dragon/Morgana/Shyvana (RU/DE),1,1,1
Elder Dragon/Morgana/Shyvana (RU/DE),Sejuani/Zed (FR/IO),1,1,1
Poppy/Vex (BC/SI),Elder Dragon/Morgana (RU/DE),1,1,1
Elder Dragon/Morgana (RU/DE),Championless (BC/SH),1,1,1
Elder Dragon/Morgana (RU/DE),Jax/Ornn (FR/RU),1,1,1
Aurelion Sol/Zoe (FR/MT),Elder Dragon/Morgana/Shyvana (RU/DE),1,1,1
Azir/Irelia (IO/SH),Hecarim/Kalista/Kindred (DE/SI),1,1,1
Miss Fortune/Twisted Fate (BW/NX),Ahri (FR/IO),1,1,1
Seraphine/Sett (IO/PZ),Pyke/Rek'Sai (BW/SH),1,1,1
Azir/Irelia (IO/SH),Championless (BW/FR),1,1,1
Azir/Irelia (IO/SH),Karma/Lee Sin/Lulu (IO),1,1,1
Elder Dragon/Morgana (RU/DE),Lucian/Zed (DE/IO),1,1,1
Elder Dragon/Morgana (RU/DE),Akshan/Lee Sin (IO/SH),1,1,1
Fizz (BW/SH),Championpile/Elder Dragon (RU/FR),1,1,1
Elder Dragon/Galio/Morgana (RU/DE),Aatrox/Kayn (RU/RU),1,1,1
Miss Fortune/Twisted Fate (BW/NX),Senna/Veigar (BC/SI),1,1,1
Fizz/Yuumi (BC/FR),Ahri/Elder Dragon/Kennen (RU/IO),1,1,1
Ahri/Elder Dragon/Kennen (RU/IO),Elder Dragon/Mordekaiser/Viego (RU/SI),1,1,1
Taliyah/Ziggs (BC/SH),Ahri/Elder Dragon/Kennen (RU/IO),1,1,1
Azir/Irelia (IO/SH),Ezreal/Kennen (IO/PZ),1,1,1
Mordekaiser/Norra (BC/SI),Championpile/Elder Dragon (RU/FR),1,1,1
Mordekaiser/Norra (BC/SI),Lulu (FR/IO),1,1,1
Mordekaiser/Norra (BC/SI),Ashe/Elise (FR/SI),1,1,1
Championless (FR/NX),Aurelion Sol/Zoe (FR/MT),1,1,1
Fizz/Yuumi (BC/FR),Championless (FR/NX),1,1,1
Annie/Jhin (RU/NX),Braum/Pantheon (FR/MT),1,1,1
Akshan/Morgana/Taliyah (DE/SH),Evelynn/Norra (BC/RU),1,1,1
Ezreal/Karma/Seraphine (IO/PZ),Nilah/Twisted Fate (BW/PZ),1,1,1
Ezreal/Karma/Seraphine (IO/PZ),Braum/Galio (DE/FR),1,1,1
Akshan/Morgana/Taliyah (DE/SH),Ezreal/Karma/Seraphine (IO/PZ),1,1,1
Akshan/Morgana/Taliyah (DE/SH),Zoe (BC/MT),1,1,1
Akshan/Morgana/Taliyah (DE/SH),Championless (FR/SI),1,1,1
Taliyah/Zilean (IO/SH),Akshan/Morgana/Taliyah (DE/SH),1,1,1
Akshan/Morgana/Taliyah (DE/SH),Braum/Galio (DE/FR),1,1,1
Fizz (BW/SH),Ashe/Elise (FR/SI),1,1,1
Fizz (BW/SH),Viego (IO/SI),1,1,1
Fizz (BW/SH),Annie/Jhin (RU/NX),1,1,1
Fizz (BW/SH),Jinx/Ziggs (BC/PZ),1,1,1
Championpile/Elder Dragon (RU/FR),Ahri/Elder Dragon/Kennen (RU/IO),1,1,1
Gangplank/Miss Fortune (BW/NX),Championless (FR/NX),1,1,1
Galio/Trundle (DE/FR),Championless (FR/NX),1,1,1
Elder Dragon/Neeko (RU/RU),Ezreal/Seraphine (BC/PZ),1,1,1
Ezreal/Seraphine (BC/PZ),Mordekaiser (NX/SI),1,1,1
Senna/Veigar (BC/SI),Nidalee (BC/SH),1,1,1
Galio/Taliyah (DE/SH),Taliyah/Zilean (IO/SH),1,1,1
Heimerdinger/Jayce (PZ/SI),Elder Dragon/Norra (RU/BC),1,1,1
Yuumi/Zoe (FR/MT),Elise (NX/SI),1,1,1
Yuumi/Zoe (FR/MT),Lux (DE/MT),1,1,1
Elder Dragon/Galio/Morgana (RU/DE),Yuumi/Zoe (FR/MT),1,1,1
Pyke/Rek'Sai (BW/SH),Akshan/Samira (NX/SH),1,1,1
Azir/Xerath (SH),Ahri/Elder Dragon/Kennen (RU/IO),1,1,1
Mordekaiser/Sion (NX/SI),Akshan/Morgana/Taliyah (DE/SH),1,1,1
Akshan/Morgana/Taliyah (DE/SH),Akshan/Morgana (DE/SH),1,1,1
Akshan/Morgana/Taliyah (DE/SH),Ezreal/Senna (PZ/SI),1,1,1
Akshan/Morgana/Taliyah (DE/SH),Annie/Jhin (RU/NX),1,1,1
Elder Dragon/Norra (RU/BC),Nilah/Twisted Fate (BC/BW),1,1,1
Braum/Elder Dragon/Volibear (RU/FR),Elder Dragon/Norra (RU/BC),1,1,1
Elder Dragon/Norra (RU/BC),Hecarim (IO/SI),1,1,1
Elder Dragon/Norra (RU/BC),Ashe/Elise (FR/SI),1,1,1
Elder Dragon/Norra (RU/BC),Draven/Elise (NX/SI),1,1,1
Elder Dragon/Mordekaiser/Viego (RU/SI),Zilean (PZ/SH),1,1,1
Elder Dragon/Mordekaiser/Viego (RU/SI),Aurelion Sol/Shyvana (DE/MT),1,1,1
Garen/Kai'Sa (DE/SH),Nilah/Twisted Fate (BW/PZ),1,1,1
Nilah/Twisted Fate (BW/PZ),Miss Fortune/Quinn (BW/DE),1,1,1
Elder Dragon/Volibear (RU/FR),Anivia/Volibear (FR/SI),1,1,1
Akshan/Pantheon (MT/SH),Elder Dragon/Volibear (RU/FR),1,1,1
Elder Dragon/Volibear (RU/FR),Viego (SI),1,1,1
Karma (FR/IO),Elder Dragon/Volibear (RU/FR),1,1,1
Elder Dragon/Norra (RU/BC),Mordekaiser/Viego (SI),1,1,1
Jack/Nilah (BW/MT),Yuumi/Zoe (FR/MT),1,1,1
Yuumi/Zoe (FR/MT),Aurelion Sol/Elder Dragon (RU/MT),1,1,1
Pyke/Rek'Sai (BW/SH),Norra/Twisted Fate (BC/BW),1,1,1
Pyke/Rek'Sai (BW/SH),Ashe/LeBlanc (FR/NX),1,1,1
Pyke/Rek'Sai (BW/SH),Annie/Janna (NX/PZ),1,1,1
Pyke/Rek'Sai (BW/SH),Caitlyn/Teemo (BC/PZ),1,1,1
Aatrox/Morgana (RU/DE),Azir/Irelia (IO/SH),1,1,1
Elder Dragon/Norra (RU/BC),Elder Dragon/Trundle/Tryndamere/Volibear (RU/FR),1,1,1
Elder Dragon/Mordekaiser/Viego (RU/SI),Sejuani (FR),1,1,1
Elder Dragon/Mordekaiser/Viego (RU/SI),Kalista/Katarina (NX/SI),1,1,1
Elder Dragon/Mordekaiser/Viego (RU/SI),Rumble/Sion (BC/NX),1,1,1
Elder Dragon/Mordekaiser/Viego (RU/SI),Elder Dragon/Norra (RU/BC),1,1,1
Yuumi/Zoe (FR/MT),Taliyah/Zilean (IO/SH),1,1,1
Elder Dragon/Lissandra (RU/FR),Hecarim (IO/SI),1,1,1
Karma/Sett (IO/SI),Anivia (FR/SI),1,1,1
Pyke/Rek'Sai (BW/SH),Championpile/Elder Dragon (RU/FR),1,1,1
Pyke/Rek'Sai (BW/SH),Evelynn/Kai'Sa (RU/SH),1,1,1
Azir/Irelia (IO/SH),Kalista (DE/SI),1,1,1
Azir/Irelia (IO/SH),Karma/Master Yi (IO/PZ),1,1,1
Poppy/Ziggs (BC/NX),Darius/Miss Fortune (BW/NX),1,1,1
Aphelios/Viktor (MT/PZ),Vi/Viktor (IO/PZ),1,1,1
Poppy/Ziggs (BC/NX),Norra (BC/SH),1,1,1
Poppy/Ziggs (BC/NX),Lucian/Zed (DE/IO),1,1,1
Poppy/Ziggs (BC/NX),Braum/Soraka (FR/MT),1,1,1
Kayle/Zoe (BW/MT),Nidalee (BC/SH),1,1,1
Nidalee (BC/SH),Darius/Elder Dragon/LeBlanc (RU/NX),1,1,1
Kindred/Norra (BC/SI),Gnar/Nidalee (BC/SH),1,1,1
Elder Dragon/Shyvana (RU/DE),Nidalee (BC/SH),1,1,1
Poppy/Ziggs (BC/NX),Riven/Vi (NX/PZ),1,1,1
Morgana/Zoe (FR/MT),Fizz (BW/SH),1,1,1
Yuumi/Zoe (FR/MT),Braum/Udyr (FR/NX),1,1,1
Ashe/Elise (FR/SI),Ezreal/Karma/Seraphine (IO/PZ),1,1,1
Ezreal/Karma/Seraphine (IO/PZ),Pyke/Rek'Sai (BW/SH),1,1,1
Akshan/Lee Sin (IO/SH),Ezreal/Karma/Seraphine (IO/PZ),1,1,1
Elise/Twisted Fate (BW/SI),Garen/Udyr (DE/FR),1,1,1
Elise/Twisted Fate (BW/SI),Norra (BC/PZ),1,1,1
Ekko/Jinx (PZ/SH),Darius/Gnar (FR/NX),1,1,1
Mordekaiser/Norra (BC/SI),Aurelion Sol/Shyvana (DE/MT),1,1,1
Mordekaiser/Norra (BC/SI),Fizz (BW/NX),1,1,1
Annie/Jhin (RU/NX),Azir/Neeko (RU/SH),1,1,1
Elder Dragon (RU/FR),Caitlyn/Teemo (FR/PZ),1,1,1
Gnar/Nidalee (BC/SH),Karma/Sett (IO/SI),1,1,1
Gnar/Nidalee (BC/SH),Kalista (FR/SI),1,1,1
Gnar/Nidalee (BC/SH),Fizz (BW/NX),1,1,1
Norra (BC/SH),Nidalee (BC/SH),1,1,1
Nidalee (BC/SH),Nocturne/Vex (SI/SH),1,1,1
Nidalee (BC/SH),Mordekaiser/Norra (BC/SI),1,1,1
Nidalee (BC/SH),Annie/Jhin (RU/NX),1,1,1
Swain/Viktor (NX/PZ),Nidalee (BC/SH),1,1,1
Draven/Jinx (NX/PZ),Nidalee (BC/SH),1,1,1
Taliyah/Zilean (IO/SH),Nidalee (BC/SH),1,1,1
Nidalee (BC/SH),Championless (FR/MT),1,1,1
Nidalee (BC/SH),Ryze (IO/RU),1,1,1
Nilah/Twisted Fate (BW/PZ),Kayn/Sivir (RU/SH),1,1,1
Nilah/Twisted Fate (BW/PZ),Kalista (FR/SI),1,1,1
Ekko/Jinx (PZ/SH),Viego (FR/SI),1,1,1
Elder Dragon/Seraphine/Viktor (RU/PZ),Elder Dragon/Norra (RU/BC),1,1,1
Teemo (BC/SH),Yuumi/Zoe (FR/MT),1,1,1
Annie/Jhin (RU/NX),Elder Dragon (RU/FR),1,1,1
Annie/Jhin (RU/NX),Elder Dragon/Fizz/Norra (RU/BC),1,1,1
Azir/Irelia (IO/SH),Diana/Lee Sin (IO/MT),1,1,1
Gnar/Nidalee (BC/SH),Championless (PZ/SI),1,1,1
Championpile/Elder Dragon (RU/FR),Gnar/Nidalee (BC/SH),1,1,1
Gnar/Nidalee (BC/SH),Senna/Veigar (BC/SI),1,1,1
Gnar/Nidalee (BC/SH),Norra (BC/IO),1,1,1
Gnar/Nidalee (BC/SH),Fiora/Shen (DE/IO),1,1,1
Gnar/Nidalee (BC/SH),Akshan/Pantheon (MT/SH),1,1,1
Gnar/Nidalee (BC/SH),Trundle/Udyr (FR/SI),1,1,1
Gnar/Nidalee (BC/SH),Braum (FR/IO),1,1,1
Gnar/Nidalee (BC/SH),Aurelion Sol/Kayle/Zed (IO/MT),1,1,1
Gnar/Nidalee (BC/SH),Garen/Udyr (DE/FR),1,1,1
Gnar/Nidalee (BC/SH),Xerath/Ziggs (BC/SH),1,1,1
Elder Dragon/Seraphine/Viktor (RU/PZ),Elder Dragon/Elise (RU/SI),1,1,1
Ekko/Jinx (PZ/SH),Hecarim/Zed (IO/SI),1,1,1
Karma/Sett (FR/IO),Gangplank/Swain (BW/NX),1,1,1
Annie/Jhin (RU/NX),Galio/Taliyah (DE/SH),1,1,1
Braum/Kayle (FR/MT),Galio/Taliyah (DE/SH),1,1,1
Annie/Jhin (RU/NX),Braum/Vladimir (FR/NX),1,1,1
Annie/Jhin (RU/NX),Maokai/Nautilus (BW/SI),1,1,1
Elder Dragon/Sejuani/Volibear (RU/FR),Annie (FR/NX),1,1,1
Elder Dragon/Sejuani/Volibear (RU/FR),Mordekaiser/Norra (BC/SI),1,1,1
Draven/Jinx (NX/PZ),Yuumi/Zoe (FR/MT),1,1,1
Lulu/Shen (BC/IO),Yuumi/Zoe (FR/MT),1,1,1
Akshan/Morgana/Taliyah (DE/SH),Elise (NX/SI),1,1,1
Mordekaiser/Norra (BC/SI),Senna/Veigar (BC/SI),1,1,1
Mordekaiser/Norra (BC/SI),Swain/Yasuo (IO/NX),1,1,1
Mordekaiser/Norra (BC/SI),Akshan (FR/SH),1,1,1
Pyke/Rek'Sai (BW/SH),Karma/Seraphine/Sett (IO/PZ),1,1,1
Yuumi/Zoe (FR/MT),Hecarim/Thresh (IO/SI),1,1,1
Elise/Norra (BC/SI),Seraphine/Sett (IO/PZ),1,1,1
Elise/Norra (BC/SI),Akshan/Master Yi (IO/SH),1,1,1
Elise/Norra (BC/SI),Galio/Soraka (DE/MT),1,1,1
Ryze (IO/RU),Akshan/Morgana/Taliyah (DE/SH),1,1,1
Braum/Elder Dragon/Trundle/Udyr (RU/FR),Yuumi/Zoe (FR/MT),1,1,1
Ashe/Elise (FR/SI),Karma/Sett (FR/IO),1,1,1
Nasus/Thresh (SI/SH),Jax/Ornn (FR/RU),1,1,1
Nasus/Thresh (SI/SH),Senna/Veigar (BC/SI),1,1,1
Elise/Twisted Fate (BW/SI),Miss Fortune/Quinn (BW/DE),1,1,1
Gnar/Nidalee (BC/SH),Caitlyn/Teemo (FR/PZ),1,1,1
Miss Fortune/Twisted Fate (BW/NX),Mordekaiser/Pantheon (MT/SI),1,1,1
Sion (FR/NX),Fizz (BW/SH),1,1,1
Kindred/Nasus (SI/SH),Elise/Viego (NX/SI),1,1,1
Elise/Viego (NX/SI),Azir/Irelia (IO/SH),1,1,1
Elise/Twisted Fate (BW/SI),Garen/Jarvan IV (DE),1,1,1
Elise/Twisted Fate (BW/SI),Teemo/Zoe (BC/MT),1,1,1
Elise/Twisted Fate (BW/SI),Hecarim/Thresh (IO/SI),1,1,1
Galio/Jarvan IV (DE/FR),Elder Dragon/Norra (RU/BC),1,1,1
Elder Dragon/Norra (RU/BC),Gnar (BC/NX),1,1,1
Elder Dragon/Norra (RU/BC),Jhin/Norra (BC/RU),1,1,1
Norra (BC/DE),Mordekaiser/Norra (BC/SI),1,1,1
Elise/Twisted Fate (BW/SI),Seraphine (MT/PZ),1,1,1
Jayce/Norra (BC/PZ),Elise/Twisted Fate (BW/SI),1,1,1
Azir/Irelia (IO/SH),Seraphine/Viktor (BW/PZ),1,1,1
Elder Dragon/Volibear (RU/FR),Seraphine/Viktor (BW/PZ),1,1,1
Seraphine/Viktor (BW/PZ),Senna/Veigar (BC/SI),1,1,1
Seraphine/Viktor (BW/PZ),Master Yi/Taliyah (IO/SH),1,1,1
Nocturne/Vex (SI/SH),Elder Dragon/Norra (RU/BC),1,1,1
Karma/Sett (FR/IO),Elise/Twisted Fate (BW/SI),1,1,1
Elder Dragon/Volibear (RU/FR),Elise/Twisted Fate (BW/SI),1,1,1
Akshan/Morgana/Taliyah (DE/SH),Morgana/Udyr (DE/FR),1,1,1
Akshan/Morgana/Taliyah (DE/SH),Anivia/Braum (FR/SI),1,1,1
Elder Dragon/Galio/Morgana (RU/DE),Gnar/Nidalee (BC/SH),1,1,1
Fizz/Lee Sin (BC/IO),Darius/Gnar (FR/NX),1,1,1
Sejuani/Twisted Fate (BW/FR),The Poro King/Yuumi (MT/RU),1,1,1
Sejuani/Twisted Fate (BW/FR),Karma/Sett (IO/PZ),1,1,1
Aurelion Sol/Elder Dragon (RU/MT),Sejuani/Twisted Fate (BW/FR),1,1,1
Samira/Seraphine (NX/PZ),Azir/Irelia (IO/SH),1,1,1
Aurelion Sol/Volibear (FR/MT),Azir/Irelia (IO/SH),1,1,1
Akshan/Morgana/Taliyah (DE/SH),Malphite/Taliyah (MT/SH),1,1,1
Akshan/Varus (SH/RU),Mordekaiser/Norra (BC/SI),1,1,1
Mordekaiser/Norra (BC/SI),Elise/Twisted Fate (BW/SI),1,1,1
Elder Dragon/Morgana (RU/DE),Elise/Twisted Fate (BW/SI),1,1,1
Azir/Irelia (IO/SH),Soraka/Tahm Kench (BW/MT),1,1,1
Azir/Irelia (IO/SH),Ahri/Elder Dragon/Kennen (RU/IO),1,1,1
Mordekaiser/Norra (BC/SI),Azir/Nasus/Xerath (SH),1,1,1
Kayle/Zoe (BW/MT),Mordekaiser/Norra (BC/SI),1,1,1
Mordekaiser/Norra (BC/SI),Lux: Illuminated/Zed (DE/IO),1,1,1
Mordekaiser/Norra (BC/SI),Jayce (PZ/SI),1,1,1
Norra (BC/SH),Mordekaiser/Norra (BC/SI),1,1,1
Azir/Irelia (IO/SH),The Poro King (RU),1,1,1
Azir/Irelia (IO/SH),Teemo/Zoe (BC/MT),1,1,1
Azir/Irelia (IO/SH),Championless (NX/SI),1,1,1
Mordekaiser/Norra (BC/SI),Taliyah (BW/SH),1,1,1
Elder Dragon/Galio/Morgana (RU/DE),Nidalee (BC/SH),1,1,1
Azir (MT/SH),Elder Dragon/Morgana/Shyvana (RU/DE),1,1,1
Elder Dragon/Morgana/Shyvana (RU/DE),Jinx/Lulu (BC/PZ),1,1,1
The Poro King (MT/RU),Elder Dragon/Morgana/Shyvana (RU/DE),1,1,1
Elder Dragon/Morgana/Shyvana (RU/DE),Lux: Illuminated/Vex (BC/DE),1,1,1
Pyke/Rek'Sai (BW/SH),Akshan/Master Yi (IO/SH),1,1,1
Lucian/Zed (DE/IO),Senna/Veigar (BC/SI),1,1,1
Elder Dragon/Morgana/Shyvana (RU/DE),Azir/Xerath (SH),1,1,1
Lucian/Zed (DE/IO),Norra (BC/SH),1,1,1
Elder Dragon/Morgana/Shyvana (RU/DE),Norra (BC/SH),1,1,1
Azir/Irelia (IO/SH),Kayn/Vayne (DE/RU),1,1,1
Annie/Jhin (RU/NX),The Poro King (MT/RU),1,1,1
Elder Dragon/Mordekaiser/Viego (RU/SI),Pyke/Rek'Sai (BW/SH),1,1,1
Elder Dragon/Mordekaiser/Viego (RU/SI),Ezreal/Twisted Fate (BW/PZ),1,1,1
Elder Dragon/Mordekaiser/Viego (RU/SI),Lissandra/Trundle (FR/SI),1,1,1
Annie/Jhin (RU/NX),Championpile (FR/MT),1,1,1
Jayce/Norra (BC/PZ),Elder Dragon/Mordekaiser/Viego (RU/SI),1,1,1
Championless (SI),Gnar/Nidalee (BC/SH),1,1,1
Ezreal/Seraphine (BC/PZ),Norra/Poppy (BC/DE),1,1,1
Elder Dragon/Seraphine/Viktor (RU/PZ),Teemo (BC/PZ),1,1,1
Elder Dragon/Morgana/Shyvana (RU/DE),Akshan/Sivir (FR/SH),1,1,1
Elder Dragon/Morgana/Shyvana (RU/DE),Gwen/Viego (IO/SI),1,1,1
Miss Fortune/Twisted Fate (BW/NX),Mordekaiser/Viego (SI/SH),1,1,1
Lulu/Norra (BC/PZ),Ezreal/Karma/Seraphine (IO/PZ),1,1,1
Ezreal/Karma/Seraphine (IO/PZ),Akshan (FR/SH),1,1,1
Ezreal/Karma (IO/PZ),Nasus/Thresh (SI/SH),1,1,1
Elise/Twisted Fate (BW/SI),Annie/Jhin (RU/NX),1,1,1
Yasuo (IO/NX),Azir/Irelia (IO/SH),1,1,1
Azir/Irelia (IO/SH),Illaoi (BW/FR),1,1,1
Mordekaiser/Norra (BC/SI),Heimerdinger/Norra (BC/SI),1,1,1
Mordekaiser/Norra (BC/SI),Hecarim (IO/SI),1,1,1
Mordekaiser/Norra (BC/SI),Lulu/Norra (BC/PZ),1,1,1
Mordekaiser/Norra (BC/SI),Championpile (MT/NX),1,1,1
Azir/Irelia (IO/SH),Elder Dragon/Elise/Mordekaiser (RU/SI),1,1,1
Azir/Irelia (IO/SH),Lillia/Morgana (DE/IO),1,1,1
Miss Fortune/Twisted Fate (BW/NX),Karma/Sett (FR/IO),1,1,1
Yuumi/Zoe (FR/MT),Nidalee/Norra (BC/SH),1,1,1
Ezreal/Karma/Seraphine (IO/PZ),Viktor/Zoe (MT/PZ),1,1,1
Gnar/Nidalee (BC/SH),Teemo (PZ/SI),1,1,1
Gnar/Nidalee (BC/SH),Elder Dragon/Norra (RU/BC),1,1,1
Gnar/Nidalee (BC/SH),Championless (FR/NX),1,1,1
Miss Fortune/Twisted Fate (BW/NX),Norra/Teemo (BC/PZ),1,1,1
Miss Fortune/Twisted Fate (BW/NX),Aatrox/Kayn (RU/RU),1,1,1
Akshan/Udyr (FR/SH),Miss Fortune/Twisted Fate (BW/NX),1,1,1
Elder Dragon/Volibear (RU/FR),Miss Fortune/Twisted Fate (BW/NX),1,1,1
LeBlanc/Udyr (FR/NX),Yuumi/Zoe (FR/MT),1,1,1
Championless (FR/NX),Azir (SH),1,1,1
Elise/Twisted Fate (BW/SI),Mordekaiser/Sion/Viego (NX/SI),1,1,1
Elder Dragon/Norra (RU/BC),Kalista/Vex/Viego (SI),1,1,1
Elder Dragon/Mordekaiser/Viego (RU/SI),Azir/Xerath (SH),1,1,1
Elder Dragon/Mordekaiser/Viego (RU/SI),Katarina/Yasuo (IO/NX),1,1,1
Aatrox/Kayn (RU/RU),Aurelion Sol/Shyvana (DE/MT),1,1,1
Braum/Vladimir (FR/NX),Aatrox/Kayn (RU/RU),1,1,1
Aatrox/Kayn (RU/RU),Jack/Sett (BW/IO),1,1,1
Aatrox/Kayn (RU/RU),Caitlyn/Teemo (BC/PZ),1,1,1
Pyke/Rek'Sai (BW/SH),Aatrox/Kayn (RU/RU),1,1,1
Fizz/Lee Sin (BC/IO),Elder Dragon/Trundle/Volibear (RU/FR),1,1,1
Maokai/Nautilus (BW/SI),Championless (FR/NX),1,1,1
Elder Dragon/Lissandra/Volibear (RU/FR),Championpile (DE/FR),1,1,1
Elder Dragon/Lissandra/Volibear (RU/FR),Anivia (FR/SI),1,1,1
Elder Dragon/Lissandra/Volibear (RU/FR),Akshan (BC/SH),1,1,1
Elder Dragon/Lissandra/Volibear (RU/FR),Braum/Vladimir (FR/NX),1,1,1
Elder Dragon/Lissandra/Volibear (RU/FR),Janna (PZ/SI),1,1,1
Jack/Sett (BW/IO),Elder Dragon/Lissandra/Volibear (RU/FR),1,1,1
Elder Dragon/Mordekaiser/Viego (RU/SI),Kayle/Udyr (FR/MT),1,1,1
Elder Dragon/Mordekaiser/Viego (RU/SI),Braum (FR/IO),1,1,1
Akshan/Pantheon (MT/SH),Elder Dragon/Mordekaiser/Viego (RU/SI),1,1,1
Elise (NX/SI),Elder Dragon/Mordekaiser/Viego (RU/SI),1,1,1
Elder Dragon/Mordekaiser/Viego (RU/SI),Poppy/Ziggs (BC/NX),1,1,1
Aatrox/Kayn (RU/RU),Mordekaiser (PZ/SI),1,1,1
Ezreal/Seraphine (BC/PZ),Samira (BW/NX),1,1,1
Ezreal/Seraphine (BC/PZ),Miss Fortune (BW/NX),1,1,1
Yuumi/Zoe (FR/MT),Elder Dragon/Morgana (RU/DE),1,1,1
Elise/Viego (NX/SI),Malphite/Yasuo (IO/MT),1,1,1
Annie/Ezreal (NX/PZ),Azir/Irelia (IO/SH),1,1,1
Azir/Irelia (IO/SH),Lissandra/Trundle (FR/SI),1,1,1
Fizz/Yuumi (BC/FR),Janna/Senna (PZ/SI),1,1,1
Karma/Sett (FR/IO),Elder Dragon/Lissandra/Volibear (RU/FR),1,1,1
Elder Dragon/Lissandra/Volibear (RU/FR),Nilah/Twisted Fate (BW/PZ),1,1,1
Elder Dragon/Lissandra/Volibear (RU/FR),Elise/Katarina (NX/SI),1,1,1
Elder Dragon/Lissandra/Volibear (RU/FR),Lucian/Riven (DE/NX),1,1,1
Akshan/Lee Sin (IO/SH),Elder Dragon/Lissandra/Volibear (RU/FR),1,1,1
Aurelion Sol/Zoe (MT/PZ),Elder Dragon/Lissandra/Volibear (RU/FR),1,1,1
Annie/Jhin (RU/NX),Kayle/Zed (IO/MT),1,1,1
Annie/Jhin (RU/NX),Viego (MT/SI),1,1,1
Mordekaiser/Norra (BC/SI),Aphelios/Morgana (DE/MT),1,1,1
Yuumi/Zoe (FR/MT),Ezreal/Kennen (IO/PZ),1,1,1
Aatrox/Kayn (RU/RU),Garen/Jarvan IV (DE),1,1,1
Aatrox/Kayn (RU/RU),Hecarim (IO/SI),1,1,1
Braum (FR/MT),Aatrox/Kayn (RU/RU),1,1,1
Bard/Mordekaiser (RU/SI),Aatrox/Kayn (RU/RU),1,1,1
Kindred/Viego (IO/SI),Yuumi/Zoe (FR/MT),1,1,1
Yuumi/Zoe (FR/MT),Teemo (BC/PZ),1,1,1
Poppy/Ziggs (BC/NX),Gwen/Hecarim/Zed (IO/SI),1,1,1
Poppy/Ziggs (BC/NX),Karma/Master Yi (IO/PZ),1,1,1
Mordekaiser/Norra (BC/SI),Viktor/Zoe (MT/PZ),1,1,1
Aatrox/Kayn (RU/RU),Yuumi/Zoe (BC/MT),1,1,1
Aatrox/Kayn (RU/RU),Jax/Ornn (FR/RU),1,1,1
Elder Dragon/Volibear (RU/FR),Aatrox/Kayn (RU/RU),1,1,1
Elder Dragon/Morgana/Shyvana (RU/DE),Anivia (FR/SI),1,1,1
Aatrox/Kayn (RU/RU),Ashe/Vex (BC/FR),1,1,1
Elder Dragon/Galio/Morgana (RU/DE),Sejuani/Twisted Fate (BW/FR),1,1,1
Taliyah/Zilean (IO/SH),Sejuani/Twisted Fate (BW/FR),1,1,1
Pyke/Rek'Sai (BW/SH),Gangplank/Sejuani (BW/FR),1,1,1
Azir/Irelia (IO/SH),Sejuani (BW/FR),1,1,1
Azir/Irelia (IO/SH),Illaoi (BW/MT),1,1,1
Taliyah/Zilean (IO/SH),Nami/Samira (BW/NX),1,1,1
Nami/Samira (BW/NX),Elder Dragon/Norra/Vex (RU/BC),1,1,1
Annie/Jhin (RU/NX),Karma/Lee Sin (IO/MT),1,1,1
Caitlyn/Teemo (FR/PZ),Kai'Sa (DE/SH),1,1,1
LeBlanc/Udyr (FR/NX),Pyke/Rek'Sai (BW/SH),1,1,1
Caitlyn/Teemo (FR/PZ),Elder Dragon/Morgana/Shyvana (RU/DE),1,1,1
Caitlyn/Teemo (FR/PZ),Akshan/Sivir (FR/SH),1,1,1
Caitlyn/Teemo (FR/PZ),Shyvana (DE/FR),1,1,1
Caitlyn/Teemo (FR/PZ),The Poro King (RU),1,1,1
Elise/Nocturne (NX/SI),Caitlyn/Teemo (FR/PZ),1,1,1
Caitlyn/Teemo (FR/PZ),Nilah/Twisted Fate (BW/PZ),1,1,1
Aurelion Sol/Shyvana (DE/MT),Caitlyn/Teemo (FR/PZ),1,1,1
Caitlyn/Teemo (FR/PZ),Championpile/Elder Dragon (RU/DE),1,1,1
Gwen/Zed (IO/SI),Caitlyn/Teemo (FR/PZ),1,1,1
Caitlyn/Teemo (FR/PZ),Kayle (IO/MT),1,1,1
Caitlyn/Teemo (FR/PZ),Rumble/Vayne (DE/NX),1,1,1
Annie/Jhin (RU/NX),Caitlyn/Teemo (FR/PZ),1,1,1
Caitlyn/Teemo (FR/PZ),Ezreal/Seraphine (FR/PZ),1,1,1
Karma/Sett (IO/PZ),Poppy/Ziggs (BC/NX),1,1,1
Elder Dragon/Morgana (RU/DE),Karma/Sett (IO/PZ),1,1,1
Ezreal/Karma/Seraphine (IO/PZ),Morgana (DE/MT),1,1,1
Jax/Vi (RU/PZ),Poppy/Ziggs (BC/NX),1,1,1
Jax/Vi (RU/PZ),Senna/Veigar (BC/SI),1,1,1
Jax/Vi (RU/PZ),Jax/Ornn (FR/RU),1,1,1
Jax/Vi (RU/PZ),Janna/Nilah (BW/PZ),1,1,1
Jax/Vi (RU/PZ),Jinx/Teemo (BC/PZ),1,1,1
Jax/Vi (RU/PZ),Azir/Renekton (SH),1,1,1
Seraphine/Sett (IO/PZ),Ryze (IO/RU),1,1,1
Seraphine/Sett (IO/PZ),Draven/Riven (FR/NX),1,1,1
Elder Dragon/Volibear (RU/FR),Janna/Nilah (BW/PZ),1,1,1
Caitlyn/Teemo (FR/PZ),Kayle/Zed (IO/MT),1,1,1
Seraphine/Sett (IO/PZ),Karma/Sett (FR/IO),1,1,1
Pyke/Rek'Sai (BW/SH),Jax/Vi (RU/PZ),1,1,1
Nilah/Twisted Fate (BW/PZ),Braum/Elder Dragon (RU/FR),1,1,1
Nilah/Twisted Fate (BW/PZ),Darius/Sion (NX),1,1,1
Nilah/Twisted Fate (BW/PZ),Lux: Illuminated/Vex (BC/DE),1,1,1
Elder Dragon/Norra (RU/BC),Championless (FR/SH),1,1,1
Elder Dragon/Norra (RU/BC),Leona/Yasuo (IO/MT),1,1,1
Jax/Vi (RU/PZ),Caitlyn/Teemo (FR/PZ),1,1,1
Caitlyn/Teemo (FR/PZ),Championless (FR/SH),1,1,1
Elder Dragon/Norra (RU/BC),Irelia/Miss Fortune (BW/IO),1,1,1
Elder Dragon/Norra (RU/BC),Shyvana/Viego (DE/SI),1,1,1
Elder Dragon/Norra (RU/BC),Braum/Udyr (DE/FR),1,1,1
Fiora (DE/FR),Pyke/Rek'Sai (BW/SH),1,1,1
Elder Dragon/Galio/Morgana (RU/DE),Ezreal/Seraphine (BC/PZ),1,1,1
Elder Dragon/Norra (RU/BC),Katarina/Yasuo (IO/NX),1,1,1
Aurelion Sol/Elder Dragon/Morgana (RU/MT),Elder Dragon/Norra (RU/BC),1,1,1
Janna/Norra (BC/PZ),Senna/Veigar (BC/SI),1,1,1
Miss Fortune/Swain (BW/NX),Senna/Veigar (BC/SI),1,1,1
Elder Dragon/Volibear (RU/FR),Fiora (DE/FR),1,1,1
Jayce/Lux (DE/PZ),Fiora (DE/FR),1,1,1
Ezreal/Seraphine (BC/PZ),Lee Sin/Sett (IO/SH),1,1,1
Nocturne/Vex (PZ/SI),Ashe/LeBlanc (FR/NX),1,1,1
Ashe/LeBlanc (FR/NX),Draven/Katarina (FR/NX),1,1,1
Nocturne (SI),Draven/Katarina (FR/NX),1,1,1
Kayle/Poppy (DE/MT),Jinx/Lulu (BC/PZ),1,1,1
Jinx/Lulu (BC/PZ),Lucian/Miss Fortune (BW/DE),1,1,1
Karma/Sett (IO/PZ),Jinx/Lulu (BC/PZ),1,1,1
Jinx/Lulu (BC/PZ),Nocturne (SI),1,1,1
Jinx/Lulu (BC/PZ),Elise/Nocturne (NX/SI),1,1,1
Jinx/Lulu (BC/PZ),Elder Dragon/Morgana (RU/MT),1,1,1
Azir/Irelia (IO/SH),Udyr/Zed (FR/IO),1,1,1
Azir/Irelia (IO/SH),Ashe (FR),1,1,1
Rumble/Vayne (DE/NX),Azir/Irelia (IO/SH),1,1,1
Pyke/Rek'Sai (BW/SH),Nocturne/Vex (PZ/SI),1,1,1
Seraphine/Sett (IO/PZ),Nocturne/Vex (PZ/SI),1,1,1
Nocturne/Vex (PZ/SI),Mordekaiser/Viego (NX/SI),1,1,1
Azir/Irelia (IO/SH),Ashe/Katarina/LeBlanc (FR/NX),1,1,1
Azir/Irelia (IO/SH),Master Yi/Taliyah (IO/SH),1,1,1
Azir/Irelia (IO/SH),Bard/Illaoi (RU/BW),1,1,1
Azir/Irelia (IO/SH),Championless (PZ/SI),1,1,1
Azir/Irelia (IO/SH),Galio/Udyr (DE/FR),1,1,1
Azir/Irelia (IO/SH),Ezreal/Seraphine (PZ/SI),1,1,1
Elder Dragon/Seraphine/Viktor (RU/PZ),Kindred/Senna (NX/SI),1,1,1
Kalista/Nocturne (SI),Elder Dragon/Seraphine/Viktor (RU/PZ),1,1,1
Caitlyn/Teemo (FR/PZ),Elder Dragon/Lissandra/Volibear (RU/FR),1,1,1
Kindred/Morgana (DE/SI),Ezreal/Seraphine (BC/PZ),1,1,1
Ezreal/Seraphine (BC/PZ),Elder Dragon/Volibear (RU/FR),1,1,1
Ezreal/Seraphine (BC/PZ),Pyke/Rek'Sai (BW/SH),1,1,1
Ezreal/Seraphine (BC/PZ),Aurelion Sol/Seraphine/Viktor (MT/PZ),1,1,1
Ezreal/Seraphine (BC/PZ),Yasuo (IO/NX),1,1,1
Ezreal/Seraphine (BC/PZ),Aurelion Sol/Malphite (FR/MT),1,1,1
Ezreal/Seraphine (BC/PZ),Hecarim/Zed (IO/SI),1,1,1
Azir/Irelia (IO/SH),Garen/Jarvan IV (DE/FR),1,1,1
Karma/Sett (IO/PZ),Evelynn/Kai'Sa (RU/SH),1,1,1
Hecarim/Thresh (DE/SI),Karma/Sett (IO/PZ),1,1,1
Azir/Xerath (SH),Karma/Sett (IO/PZ),1,1,1
Karma/Sett (IO/PZ),Elder Dragon/Galio/Morgana (RU/DE),1,1,1
Azir/Irelia (IO/SH),Akshan/Fiora (DE/SH),1,1,1
Annie/Jhin (RU/NX),Aurelion Sol/Elder Dragon (RU/MT),1,1,1
Annie/Jhin (RU/NX),Tryndamere/Volibear (FR/SI),1,1,1
Annie/Jhin (RU/NX),Akshan/Samira (NX/SH),1,1,1
Annie/Jhin (RU/NX),Vayne/Zoe (DE/MT),1,1,1
Annie/Jhin (RU/NX),Gnar/Neeko (FR/RU),1,1,1
Norra/Poppy (BC/FR),The Poro King (MT/RU),1,1,1
The Poro King (MT/RU),Caitlyn/Teemo (FR/PZ),1,1,1
Elder Dragon/Seraphine/Viktor (RU/PZ),Braum/Vladimir (FR/NX),1,1,1
Elder Dragon/Galio/Morgana (RU/DE),Elder Dragon/Seraphine/Viktor (RU/PZ),1,1,1
Fiora (DE/FR),Kai'Sa (SI/SH),1,1,1
Fiora (DE/FR),Elise/Nocturne (NX/SI),1,1,1
Nocturne (SI),Ekko/Jinx (PZ/SH),1,1,1
Karma/Sett (FR/IO),Nocturne (SI),1,1,1
Karma/Sett (IO/PZ),Draven/Jinx (NX/PZ),1,1,1
Karma/Sett (IO/PZ),Akshan/Aphelios (MT/SH),1,1,1
Fiora/Shen (DE/IO),Elder Dragon (RU/FR),1,1,1
Senna (NX/SI),Annie/Jhin (RU/NX),1,1,1
Annie/Jhin (RU/NX),Caitlyn/Teemo (BC/PZ),1,1,1
Annie/Jhin (RU/NX),Teemo/Zed (IO/PZ),1,1,1
Nocturne (SI),Annie/Jhin (RU/NX),1,1,1
Rumble (DE/NX),Azir/Irelia (IO/SH),1,1,1
Poppy/Ziggs (BC/NX),Nocturne (SI),1,1,1
Nocturne (SI),Ezreal/Senna/Veigar (PZ/SI),1,1,1
Nocturne (SI),Heimerdinger/Zoe (MT/PZ),1,1,1
Azir/Irelia (IO/SH),Heimerdinger/Norra (BC/SI),1,1,1
Elder Dragon/Seraphine/Viktor (RU/PZ),LeBlanc/Udyr (FR/NX),1,1,1
Annie/Jhin (RU/NX),Aphelios/Diana (MT/SI),1,1,1
Kindred/Senna (PZ/SI),Elder Dragon/Seraphine/Viktor (RU/PZ),1,1,1
Elder Dragon/Morgana (RU/DE),Azir/Xerath (SH),1,1,1
Elder Dragon/Morgana (RU/DE),Jhin/Ziggs (BC/RU),1,1,1
Braum/Vladimir (FR/NX),Elder Dragon/Morgana (RU/DE),1,1,1
Elder Dragon/Morgana (RU/DE),Nidalee (BC/SH),1,1,1
Elder Dragon/Morgana (RU/DE),Championless (SI),1,1,1
Elder Dragon/Seraphine/Viktor (RU/PZ),The Poro King (MT/RU),1,1,1
Annie/Jhin (RU/NX),Elder Dragon/Trundle (RU/FR),1,1,1
Elise/Nocturne (SI),Annie/Jhin (RU/NX),1,1,1
Annie/Jhin (RU/NX),LeBlanc/Mordekaiser/Viego (NX/SI),1,1,1
Azir/Irelia (IO/SH),Ahri/Kennen (IO/SH),1,1,1
Annie/Jhin (RU/NX),Riven/Viktor (NX/PZ),1,1,1
Annie/Jhin (RU/NX),Akshan (BC/SH),1,1,1
Annie/Jhin (RU/NX),Rumble/Swain (BC/NX),1,1,1
Annie/Jhin (RU/NX),Aurelion Sol/Braum (FR/MT),1,1,1
Annie/Jhin (RU/NX),Hecarim/Lucian/Maokai (DE/SI),1,1,1
Annie/Jhin (RU/NX),Anivia (FR/SI),1,1,1
Annie/Jhin (RU/NX),Lucian/Senna (DE/SI),1,1,1
Annie/Jhin (RU/NX),Kayle/Poppy (BC/MT),1,1,1
Annie/Jhin (RU/NX),Master Yi (IO/MT),1,1,1
Annie/Jhin (RU/NX),Nasus/Viego (SI/SH),1,1,1
Maokai (BW/SI),Annie/Jhin (RU/NX),1,1,1
Nilah/Twisted Fate (BW/PZ),Zoe (MT/PZ),1,1,1
Nilah/Twisted Fate (BW/PZ),Akshan/Taliyah (BC/SH),1,1,1
Elder Dragon/Morgana (RU/DE),Karma/Zoe (IO/MT),1,1,1
Annie/Jhin (RU/NX),Braum/Kayle/Yuumi (FR/MT),1,1,1
Annie/Jhin/Katarina (RU/NX),Annie/Jhin (RU/NX),1,1,1
Annie/Jhin (RU/NX),Ezreal/Seraphine (IO/PZ),1,1,1
Ornn/Vayne (DE/FR),Annie/Jhin (RU/NX),1,1,1
Azir/Irelia (IO/SH),Bard (RU/PZ),1,1,1
Caitlyn/Teemo (FR/PZ),Aurelion Sol/Elder Dragon/Zoe (RU/MT),1,1,1
Nilah/Twisted Fate (BW/PZ),Aurelion Sol/Braum (FR/MT),1,1,1
Nocturne/Vex (PZ/SI),Gangplank/Sejuani (BW/FR),1,1,1
Nocturne/Vex (PZ/SI),Jinx (PZ/SH),1,1,1
Annie/Jhin (RU/NX),Jack/Karma (BW/IO),1,1,1
Annie/Jhin (RU/NX),Draven/Katarina (NX/PZ),1,1,1
Annie/Jhin (RU/NX),Akshan/Varus (SH/RU),1,1,1
Annie/Jhin (RU/NX),Aatrox/Vayne (RU/DE),1,1,1
Annie/Jhin (RU/NX),Kindred (SI/SH),1,1,1
Annie/Jhin (RU/NX),Ekko/Zilean (PZ/SH),1,1,1
Azir/Irelia (IO/SH),Nautilus (BW/SI),1,1,1
Azir/Irelia (IO/SH),Ashe/Fiora (DE/FR),1,1,1
Nocturne/Vex (PZ/SI),Poppy/Ziggs (BC/NX),1,1,1
Nocturne/Vex (PZ/SI),Shyvana/Vayne (DE/MT),1,1,1
Nocturne/Vex (PZ/SI),Elder Dragon/Morgana (RU/DE),1,1,1
Nocturne/Vex (PZ/SI),Teemo/Tristana (BC/NX),1,1,1
Elder Dragon/Morgana (RU/DE),Draven/Sion (NX/PZ),1,1,1
Nocturne/Vex (PZ/SI),Janna/Nilah (BW/PZ),1,1,1
Seraphine/Sett (IO/PZ),Annie/Jhin (RU/NX),1,1,1
Ezreal/Seraphine (BC/PZ),Hecarim/Lucian (DE/SI),1,1,1
Elder Dragon/Mordekaiser/Viego (RU/SI),Janna/Nilah/Twisted Fate (BW/PZ),1,1,1
Janna/Nilah/Twisted Fate (BW/PZ),Swain/Vi (NX/PZ),1,1,1
Elder Dragon/Morgana (RU/DE),Hecarim (IO/SI),1,1,1
Elder Dragon/Morgana (RU/DE),Lee Sin/Viktor (IO/PZ),1,1,1
Jax/Vi (RU/PZ),Garen (DE),1,1,1
Nocturne/Vex (PZ/SI),Hecarim/Zed (IO/SI),1,1,1
Nocturne/Vex (PZ/SI),Aurelion Sol/Braum (FR/MT),1,1,1
Nocturne/Vex (PZ/SI),Galio/Soraka (DE/MT),1,1,1
Nocturne/Vex (PZ/SI),Nasus/Thresh (SI/SH),1,1,1
Akshan/Sivir (FR/SH),Nocturne/Vex (PZ/SI),1,1,1
Azir/Irelia (IO/SH),Fiora/Tahm Kench (BW/DE),1,1,1
Kindred/Viego (IO/SI),Azir/Irelia (IO/SH),1,1,1
Senna/Veigar (BC/SI),Draven/Jinx (NX/PZ),1,1,1
Azir/Irelia (IO/SH),Jinx (PZ/SH),1,1,1
Azir/Irelia (IO/SH),Aurelion Sol/Zoe (MT/SI),1,1,1
Draven/Jinx (NX/PZ),Karma/Sett (FR/IO),1,1,1
Draven/Jinx (NX/PZ),Ryze (IO/RU),1,1,1
Azir/Irelia (IO/SH),Braum/Elder Dragon/Volibear (RU/FR),1,1,1
Janna/Nilah/Twisted Fate (BW/PZ),Akshan/Lee Sin (IO/SH),1,1,1
Akshan/Master Yi (IO/SH),Braum/Vladimir (FR/NX),1,1,1
Ezreal/Seraphine (BC/PZ),Swain/Vladimir (BW/NX),1,1,1
Azir/Irelia (IO/SH),Braum/Udyr (FR),1,1,1
Draven/Jinx (NX/PZ),Elder Dragon/Volibear (RU/FR),1,1,1
Draven/Jinx (NX/PZ),The Poro King (IO/RU),1,1,1
Elder Dragon/Morgana/Shyvana (RU/DE),Draven/Jinx (NX/PZ),1,1,1
Azir/Irelia (IO/SH),Kindred/Nasus (SI/SH),1,1,1
Kayle (DE/MT),Azir/Irelia (IO/SH),1,1,1
Azir/Irelia (IO/SH),Hecarim/Kalista (SI),1,1,1
Annie/Jhin (RU/NX),Teemo/Vi (BC/PZ),1,1,1
Annie/Jhin (RU/NX),The Poro King (IO/RU),1,1,1
The Poro King (IO/RU),Ekko/Jinx (PZ/SH),1,1,1
Morgana/Taric (MT/PZ),Azir/Irelia (IO/SH),1,1,1
Azir/Irelia (IO/SH),Anivia/LeBlanc (FR/NX),1,1,1
Azir/Irelia (IO/SH),The Poro King (RU/SI),1,1,1
Azir/Irelia (IO/SH),Lucian/Maokai (DE/SI),1,1,1
Azir/Irelia (IO/SH),Darius/LeBlanc (FR/NX),1,1,1
Caitlyn/Draven (NX/PZ),Azir/Irelia (IO/SH),1,1,1
Miss Fortune/Swain (BW/NX),Annie/Jhin (RU/NX),1,1,1
Garen/Taric (DE/MT),Elder Dragon/Volibear (RU/FR),1,1,1
Taliyah/Zilean (IO/SH),Championless (SI),1,1,1
Azir/Irelia (IO/SH),Ahri/Kennen (FR/IO),1,1,1
Azir/Irelia (IO/SH),Nasus/Senna (SI/SH),1,1,1
Azir/Irelia (IO/SH),Evelynn/Norra (BC/RU),1,1,1
Azir/Irelia (IO/SH),Teemo (BC/PZ),1,1,1
Seraphine/Sett (IO/PZ),Janna/Nilah/Twisted Fate (BW/PZ),1,1,1
Janna/Nilah/Twisted Fate (BW/PZ),Viktor (PZ),1,1,1
Garen/Taric (DE/MT),Azir/Nasus (SH),1,1,1
Garen/Taric (DE/MT),Poppy/Tristana/Yuumi (BC/DE),1,1,1
Taliyah/Zilean (BC/SH),Miss Fortune/Swain (BW/NX),1,1,1
Garen/Jarvan IV (DE/SH),Miss Fortune/Swain (BW/NX),1,1,1
Kindred/Viego (IO/SI),Mordekaiser/Norra (BC/SI),1,1,1
Aurelion Sol/Shyvana (DE/MT),Nasus/Thresh (SI/SH),1,1,1
Miss Fortune/Swain (BW/NX),Poppy/Ziggs (BC/NX),1,1,1
Miss Fortune/Swain (BW/NX),Lulu/Zed (DE/IO),1,1,1
Miss Fortune/Swain (BW/NX),Draven/Katarina (FR/NX),1,1,1
Miss Fortune/Swain (BW/NX),Azir/Xerath (SH),1,1,1
Miss Fortune/Swain (BW/NX),Volibear (FR/MT),1,1,1
Garen/Taric (DE/MT),Kindred/Mordekaiser (BC/SI),1,1,1
Garen/Taric (DE/MT),Kalista (SI),1,1,1
Garen/Taric (DE/MT),Taliyah/Ziggs (BC/SH),1,1,1
Azir/Irelia (IO/SH),Championless (FR/IO),1,1,1
Azir/Irelia (IO/SH),Jinx/Teemo (NX/PZ),1,1,1
Azir/Kayle (MT/SH),Azir/Irelia (IO/SH),1,1,1
Elder Dragon/Garen/Jarvan IV (RU/DE),Annie/Teemo (NX/PZ),1,1,1
Elder Dragon/Garen/Jarvan IV (RU/DE),Senna (PZ/SI),1,1,1
Elder Dragon/Garen/Jarvan IV (RU/DE),Braum/Vladimir (FR/NX),1,1,1
Elder Dragon/Garen/Jarvan IV (RU/DE),Heimerdinger/Karma (IO/PZ),1,1,1
Elder Dragon/Garen/Jarvan IV (RU/DE),Darius/LeBlanc (FR/NX),1,1,1
Pyke/Rek'Sai (BW/SH),Miss Fortune/Swain (BW/NX),1,1,1
Miss Fortune/Swain (BW/NX),Riven/Viktor (NX/PZ),1,1,1
Miss Fortune/Swain (BW/NX),Ezreal/Seraphine (BC/PZ),1,1,1
Nasus/Thresh (SI/SH),Miss Fortune/Swain (BW/NX),1,1,1
Miss Fortune/Swain (BW/NX),Braum/The Poro King (FR/RU),1,1,1
Miss Fortune/Swain (BW/NX),Ezreal/Fizz (BC/PZ),1,1,1
Miss Fortune/Swain (BW/NX),Jinx/Lulu (BC/PZ),1,1,1
Miss Fortune/Swain (BW/NX),Akshan/Lee Sin (IO/SH),1,1,1
Janna/Nilah/Twisted Fate (BW/PZ),Aphelios/Viktor (MT/PZ),1,1,1
Janna/Nilah/Twisted Fate (BW/PZ),Norra (BC/PZ),1,1,1
Janna/Nilah/Twisted Fate (BW/PZ),Katarina/Zed (IO/NX),1,1,1
Azir/Irelia (IO/SH),Elder Dragon/Shyvana (RU/DE),1,1,1
Nocturne/Vex (PZ/SI),Teemo/Yuumi (BC/PZ),1,1,1
Nocturne/Vex (PZ/SI),Elise/Nocturne (NX/SI),1,1,1
Nocturne/Vex (PZ/SI),Annie/Jhin (RU/NX),1,1,1
Nocturne/Vex (PZ/SI),Jax/Ornn (FR/RU),1,1,1
Nocturne/Vex (PZ/SI),Poppy/Ziggs (BC/PZ),1,1,1
Azir/Irelia (IO/SH),Darius/Gnar (FR/NX),1,1,1
Elder Dragon/Galio/Morgana (RU/DE),Elder Dragon/Garen/Jarvan IV (RU/DE),1,1,1
Elder Dragon/Garen/Jarvan IV (RU/DE),Elder Dragon (RU/FR),1,1,1
Elder Dragon/Garen/Jarvan IV (RU/DE),Pyke/Rek'Sai (BW/SH),1,1,1
Elder Dragon/Garen/Jarvan IV (RU/DE),Hecarim (SI),1,1,1
Elder Dragon/Garen/Jarvan IV (RU/DE),Ahri/Kennen (IO/SH),1,1,1
Elder Dragon/Garen/Jarvan IV (RU/DE),Annie/Jhin (RU/NX),1,1,1
Elder Dragon/Garen/Jarvan IV (RU/DE),Bard/Norra (BC/RU),1,1,1
Elder Dragon/Garen/Jarvan IV (RU/DE),Akshan/Udyr (FR/SH),1,1,1
Elder Dragon/Garen/Jarvan IV (RU/DE),Teemo (BC/PZ),1,1,1
Elder Dragon/Garen/Jarvan IV (RU/DE),Janna/Teemo (BC/PZ),1,1,1
Elder Dragon/Garen/Jarvan IV (RU/DE),Ryze (RU/SH),1,1,1
Elder Dragon/Garen/Jarvan IV (RU/DE),Mordekaiser/Viego (NX/SI),1,1,1
Championless (SI),Hecarim (IO/SI),1,1,1
Annie/Jhin (RU/NX),Championless (SI),1,1,1
Championless (SI),Kindred/Nasus (SI/SH),1,1,1
Elder Dragon (RU/FR),Fizz/Gwen (BW/SI),1,1,1
Diana/Nocturne (MT/SI),Elder Dragon/Garen/Jarvan IV (RU/DE),1,1,1
Aurelion Sol/Shyvana (DE/MT),Elder Dragon/Garen/Jarvan IV (RU/DE),1,1,1
Annie/Jhin (RU/NX),Hecarim (IO/SI),1,1,1
Janna/Nilah/Twisted Fate (BW/PZ),Elder Dragon/Trundle (RU/FR),1,1,1
Janna/Nilah/Twisted Fate (BW/PZ),Fizz/Gwen (BW/SI),1,1,1
Janna/Nilah/Twisted Fate (BW/PZ),Lee Sin/Viktor (IO/PZ),1,1,1
Janna/Nilah/Twisted Fate (BW/PZ),Ezreal/Nilah (BW/PZ),1,1,1
Janna/Nilah/Twisted Fate (BW/PZ),Jack/Karma/Sett (BW/IO),1,1,1
Garen/Taric (DE/MT),Aurelion Sol/Elder Dragon (RU/MT),1,1,1
Garen/Taric (DE/MT),Janna/Nilah/Twisted Fate (BW/PZ),1,1,1
Garen/Taric (DE/MT),Elise (NX/SI),1,1,1
Garen/Taric (DE/MT),Elder Dragon/Garen/Jarvan IV (RU/DE),1,1,1
Karma/Sett (IO/PZ),Miss Fortune/Swain (BW/NX),1,1,1
Garen/Taric (DE/MT),Diana/Nocturne (MT/SI),1,1,1
Nasus/Thresh (SI/SH),Yuumi/Zoe (FR/MT),1,1,1
Hecarim/Norra (BC/SI),Elder Dragon/Garen/Jarvan IV (RU/DE),1,1,1
Elder Dragon/Garen/Jarvan IV (RU/DE),Darius/Elise (NX/SI),1,1,1
Karma/Sett (IO/PZ),Janna/Nilah/Twisted Fate (BW/PZ),1,1,1
Gwen/Zed (IO/SI),Janna/Nilah/Twisted Fate (BW/PZ),1,1,1
Janna/Nilah/Twisted Fate (BW/PZ),Nocturne/Vex (PZ/SI),1,1,1
Janna/Nilah/Twisted Fate (BW/PZ),Evelynn/Kai'Sa (RU/SH),1,1,1
Kindred (SI/SH),Garen/Taric (DE/MT),1,1,1
Elder Dragon/Norra (RU/BC),Janna/Nilah/Twisted Fate (BW/PZ),1,1,1
Elder Dragon/Teemo (RU/PZ),Janna/Nilah/Twisted Fate (BW/PZ),1,1,1
Janna/Nilah/Twisted Fate (BW/PZ),Draven (FR/NX),1,1,1
Azir/Irelia (IO/SH),Janna/Norra (BC/PZ),1,1,1
Neeko/Poppy (DE/RU),Azir/Irelia (IO/SH),1,1,1
Twisted Fate (BW/MT),Azir/Irelia (IO/SH),1,1,1
Janna/Nilah/Twisted Fate (BW/PZ),Norra/Veigar (BC/SI),1,1,1
Nilah/Twisted Fate (BW/PZ),Janna/Nilah/Twisted Fate (BW/PZ),1,1,1
Sejuani/Teemo (FR/PZ),Janna/Nilah/Twisted Fate (BW/PZ),1,1,1
Azir/Irelia (IO/SH),The Poro King (IO/RU),1,1,1
Azir/Irelia (IO/SH),Fizz/Nami (BC/BW),1,1,1
Azir/Irelia (IO/SH),The Poro King (DE/RU),1,1,1
Taliyah/Zilean (BC/SH),Azir/Irelia (IO/SH),1,1,1
Aurelion Sol/Lissandra/Volibear (FR/MT),Caitlyn/Teemo (BC/PZ),1,1,1
Aurelion Sol/Lissandra/Volibear (FR/MT),Azir/Nasus/Renekton (SH),1,1,1
Elder Dragon/Volibear (RU/FR),Heimerdinger/Norra (BC/SI),1,1,1
Elder Dragon/Volibear (RU/FR),Braum/Tryndamere (FR/SI),1,1,1
Lulu/Zed (DE/IO),Taliyah/Zilean (IO/SH),1,1,1
Taliyah/Zilean (IO/SH),Gwen/Zed (IO/SI),1,1,1
Bard/Norra (BC/RU),Norra (BC/PZ),1,1,1
Norra (BC/PZ),Kai'Sa/Pantheon (MT/SH),1,1,1
Elder Dragon/Morgana/Shyvana (RU/DE),Janna/Nilah/Twisted Fate (BW/PZ),1,1,1
Elise/Nocturne (NX/SI),Janna/Nilah/Twisted Fate (BW/PZ),1,1,1
Janna/Nilah/Twisted Fate (BW/PZ),Yuumi/Zoe (FR/MT),1,1,1
Taliyah/Zilean (BC/SH),Janna/Nilah/Twisted Fate (BW/PZ),1,1,1
Azir/Irelia (IO/SH),Lillia/Norra (BC/IO),1,1,1
Braum/Vladimir (FR/NX),Seraphine/Teemo (BC/PZ),1,1,1
Viego (SI),Seraphine/Teemo (BC/PZ),1,1,1
Lux: Illuminated/Vex (BC/DE),Seraphine/Teemo (BC/PZ),1,1,1
Seraphine/Teemo (BC/PZ),Pantheon/Poppy (DE/MT),1,1,1
Seraphine/Teemo (BC/PZ),Seraphine/Viktor (BW/PZ),1,1,1
Draven/Jinx (NX/PZ),Akshan/Taliyah (BC/SH),1,1,1
Garen/Udyr (DE/FR),Draven/Jinx (NX/PZ),1,1,1
Aurelion Sol/Lissandra/Volibear (FR/MT),Trundle/Volibear (FR/SI),1,1,1
Azir/Irelia (IO/SH),Aurelion Sol/Elder Dragon/Zoe (RU/MT),1,1,1
Azir/Irelia (IO/SH),Karma/Zed (IO/SI),1,1,1
Azir/Irelia (IO/SH),Norra (BC/PZ),1,1,1
Karma/Sett/Zed (IO/NX),Aurelion Sol/Lissandra/Volibear (FR/MT),1,1,1
Aurelion Sol/Lissandra/Volibear (FR/MT),Aurelion Sol/Shyvana (DE/MT),1,1,1
Azir/Irelia (IO/SH),Aurelion Sol/Lissandra/Volibear (FR/MT),1,1,1
Taliyah/Zilean (IO/SH),Kindred/Viego (FR/SI),1,1,1
Lee Sin/Zoe (IO/MT),Janna/Nilah/Twisted Fate (BW/PZ),1,1,1
Janna/Nilah/Twisted Fate (BW/PZ),Ryze (IO/RU),1,1,1
Janna/Nilah/Twisted Fate (BW/PZ),Kindred/Senna (NX/SI),1,1,1
Janna/Nilah/Twisted Fate (BW/PZ),Teemo (BC/PZ),1,1,1
Draven/Katarina (NX/PZ),Janna/Nilah/Twisted Fate (BW/PZ),1,1,1
Janna/Nilah/Twisted Fate (BW/PZ),Kayle/Yuumi (FR/MT),1,1,1
Janna/Nilah/Twisted Fate (BW/PZ),Volibear (FR/PZ),1,1,1
Braum/Norra (BC/FR),Janna/Nilah/Twisted Fate (BW/PZ),1,1,1
Caitlyn/Teemo (FR/PZ),Janna/Nilah/Twisted Fate (BW/PZ),1,1,1
Janna/Nilah/Twisted Fate (BW/PZ),Rumble/Sion (BC/NX),1,1,1
Janna/Nilah/Twisted Fate (BW/PZ),Lissandra/Mordekaiser (FR/SI),1,1,1
Janna/Nilah/Twisted Fate (BW/PZ),LeBlanc (FR/NX),1,1,1
Elder Dragon (RU/FR),Elder Dragon/Neeko (RU/RU),1,1,1
Azir/Irelia (IO/SH),Hecarim/Viego (SI),1,1,1
Azir/Irelia (IO/SH),Championless (NX/PZ),1,1,1
Azir/Irelia (IO/SH),Ezreal (NX/PZ),1,1,1
Draven/Jinx (NX/PZ),Ezreal (NX/PZ),1,1,1
Draven/Jinx (NX/PZ),Braum/Zoe (FR/MT),1,1,1
Jarvan IV/Quinn/Taric (DE/MT),Draven/Jinx (NX/PZ),1,1,1
Senna (PZ/SI),Draven/Jinx (NX/PZ),1,1,1
Azir/Nasus/Renekton (SH),Draven/Jinx (NX/PZ),1,1,1
Draven/Jinx (NX/PZ),Hecarim (IO/SI),1,1,1
Draven/Jinx (NX/PZ),Morgana/Udyr (DE/FR),1,1,1
Norra/Poppy (BC/NX),Azir/Irelia (IO/SH),1,1,1
Elder Dragon/Neeko (RU/RU),Jayce/Lux (DE/PZ),1,1,1
Elder Dragon/Neeko (RU/RU),Norra (BC/PZ),1,1,1
Elder Dragon/Neeko (RU/RU),Karma/Morgana (IO/MT),1,1,1
Elder Dragon/Neeko (RU/RU),Fiora/Shen (DE/IO),1,1,1
Elder Dragon/Neeko (RU/RU),Ashe/LeBlanc (FR/NX),1,1,1
Jax/Ornn (FR/RU),Gnar/Gwen (FR/SI),1,1,1
Azir/Xerath (SH),Gnar/Gwen (FR/SI),1,1,1
Gnar/Gwen (FR/SI),Darius/LeBlanc (FR/NX),1,1,1
Gnar/Gwen (FR/SI),Mordekaiser/Morgana (MT/SI),1,1,1
Gnar/Gwen (FR/SI),Gwen/Vayne (DE/SI),1,1,1
Elder Dragon/Neeko (RU/RU),Heimerdinger/Vi (MT/PZ),1,1,1
Fiora (DE/SH),Akshan/Elder Dragon/Nidalee (RU/SH),1,1,1
Akshan/Elder Dragon/Nidalee (RU/SH),Ezreal/Kennen (IO/PZ),1,1,1
Akshan/Elder Dragon/Nidalee (RU/SH),Elder Dragon/Norra (RU/BC),1,1,1
Akshan/Elder Dragon/Nidalee (RU/SH),Garen/Udyr (DE/FR),1,1,1
Azir/Irelia (IO/SH),Elder Dragon/Trundle (RU/FR),1,1,1
Braum/Norra (BC/FR),Braum/Vladimir (FR/NX),1,1,1
Braum/Norra (BC/FR),Annie/Miss Fortune (BW/NX),1,1,1
Braum/Norra (BC/FR),Nilah/Twisted Fate (BW/PZ),1,1,1
Braum/Norra (BC/FR),Pyke/Rek'Sai (BW/SH),1,1,1
Elder Dragon/Galio/Morgana (RU/DE),Championpile (DE/SH),1,1,1
Darius/Elise (NX/SI),Akshan/Elder Dragon/Nidalee (RU/SH),1,1,1
Akshan/Elder Dragon/Nidalee (RU/SH),Seraphine/Zoe (MT/PZ),1,1,1
Akshan/Elder Dragon/Nidalee (RU/SH),Championless (SI),1,1,1
Rumble/Vayne (DE/NX),Poppy/Ziggs (BC/NX),1,1,1
Poppy/Ziggs (BC/NX),Kindred/Nasus (SI/SH),1,1,1
Poppy/Ziggs (BC/NX),Gwen/Katarina (NX/SI),1,1,1
Elder Dragon/Morgana (RU/DE),Poppy/Ziggs (BC/NX),1,1,1
Poppy/Ziggs (BC/NX),Maokai/Nautilus (BW/SI),1,1,1
Poppy/Ziggs (BC/NX),Ashe/Garen (DE/FR),1,1,1
Taliyah/Zilean (IO/SH),Kalista/Mordekaiser (FR/SI),1,1,1
The Poro King (MT/RU),Championpile (FR/SH),1,1,1
Elder Dragon/Morgana (RU/DE),The Poro King (FR/RU),1,1,1
Elise/Nocturne (NX/SI),Poppy/Ziggs (BC/NX),1,1,1
Elise/Nocturne (NX/SI),Elder Dragon/Volibear (RU/FR),1,1,1
Elise/Nocturne (NX/SI),Bard/Mordekaiser (RU/SI),1,1,1
Elise/Nocturne (NX/SI),Nilah/Twisted Fate (BW/IO),1,1,1
Elise/Nocturne (NX/SI),Jack (BW/PZ),1,1,1
Aurelion Sol/Zoe (MT/PZ),Elise/Nocturne (NX/SI),1,1,1
Elise/Nocturne (NX/SI),Caitlyn/Teemo (BC/PZ),1,1,1
Jayce/Norra (BC/PZ),Janna/Seraphine (BC/PZ),1,1,1
Jayce/Norra (BC/PZ),Lux: Illuminated/Vex (BC/DE),1,1,1
Jayce/Norra (BC/PZ),Lulu/The Poro King (IO/RU),1,1,1
Jayce/Norra (BC/PZ),Braum/Elder Dragon (RU/FR),1,1,1
Jayce/Norra (BC/PZ),Karma/Sett (IO/PZ),1,1,1
Jayce/Norra (BC/PZ),Ashe/Garen (DE/FR),1,1,1
Azir/Irelia (IO/SH),Azir/Renekton (SH),1,1,1
Azir/Irelia (IO/SH),Lulu/The Poro King (IO/RU),1,1,1
Azir/Irelia (IO/SH),Riven/Viktor (NX/PZ),1,1,1
Azir/Irelia (IO/SH),Miss Fortune/Quinn (BW/DE),1,1,1
Jayce/Norra (BC/PZ),Championless (PZ/SI),1,1,1
Elder Dragon/Norra (RU/BC),Jayce/Norra (BC/PZ),1,1,1
Jayce/Norra (BC/PZ),Nilah/Twisted Fate (BW/PZ),1,1,1
Jayce/Norra (BC/PZ),Azir/Renekton (SH),1,1,1
Jayce/Norra (BC/PZ),Renekton (SH),1,1,1
Zilean (PZ/SH),Jayce/Norra (BC/PZ),1,1,1
Jayce/Norra (BC/PZ),Elder Dragon/Volibear (RU/FR),1,1,1
Jayce/Norra (BC/PZ),Teemo/Vi (BC/PZ),1,1,1
Jayce/Norra (BC/PZ),Nautilus (BW/SI),1,1,1
Jayce/Norra (BC/PZ),Aatrox/Kayn (RU/RU),1,1,1
Jayce/Norra (BC/PZ),Janna/Lillia (IO/PZ),1,1,1
Azir/Darius (NX/SH),Jayce/Norra (BC/PZ),1,1,1
Jayce/Norra (BC/PZ),Senna/Veigar (BC/SI),1,1,1
Jayce/Norra (BC/PZ),Draven/Jinx (NX/PZ),1,1,1
Taliyah/Zilean (IO/SH),Aatrox/Evelynn (RU/RU),1,1,1
Taliyah/Zilean (IO/SH),Akshan/Kayn (RU/SH),1,1,1
Taliyah/Zilean (IO/SH),Bard/Illaoi (RU/BW),1,1,1
Taliyah/Zilean (IO/SH),Kindred/Senna (NX/SI),1,1,1
Azir/Irelia (IO/SH),Kindred/Senna (PZ/SI),1,1,1
Azir/Irelia (IO/SH),Janna/Seraphine (IO/PZ),1,1,1
Janna/Nilah (BW/PZ),Azir/Irelia (IO/SH),1,1,1
Azir/Irelia (IO/SH),Lillia/Ziggs (BC/IO),1,1,1
Elder Dragon/Volibear (RU/FR),Akshan/Elder Dragon/Nidalee (RU/SH),1,1,1
Elder Dragon/Galio/Morgana (RU/DE),Akshan/Elder Dragon/Nidalee (RU/SH),1,1,1
Elder Dragon/Trundle/Volibear (RU/FR),Akshan/Elder Dragon/Nidalee (RU/SH),1,1,1
Akshan/Elder Dragon/Nidalee (RU/SH),Jarvan IV/Shyvana (DE/MT),1,1,1
Akshan/Elder Dragon/Nidalee (RU/SH),Elise/Kindred (NX/SI),1,1,1
Azir/Irelia (IO/SH),Sejuani/Udyr (FR/SH),1,1,1
Pyke/Rek'Sai (BW/SH),Jax (FR/RU),1,1,1
Azir/Irelia (IO/SH),Championpile/Elder Dragon (RU/FR),1,1,1
Zoe (MT/PZ),Azir/Irelia (IO/SH),1,1,1
Azir/Irelia (IO/SH),Elise/Thresh (NX/SI),1,1,1
Gnar/Gwen (FR/SI),Janna/Seraphine (BW/PZ),1,1,1
Gnar/Gwen (FR/SI),Gwen/Zed (IO/SI),1,1,1
Gnar/Gwen (FR/SI),Karma (FR/IO),1,1,1
Braum (FR/NX),Jax (FR/RU),1,1,1
Taliyah/Zilean (IO/SH),Morgana/Udyr (DE/FR),1,1,1
Gnar/Gwen (FR/SI),Darius/Elise (NX/SI),1,1,1
Poppy/Ziggs (BC/NX),Gnar/Gwen (FR/SI),1,1,1
Taliyah/Zilean (IO/SH),Championless (PZ/SI),1,1,1
Akshan/Udyr (FR/SH),Taliyah/Zilean (IO/SH),1,1,1
Draven/Jinx (NX/PZ),Janna/Sett (IO/PZ),1,1,1
Draven/Jinx (NX/PZ),Fiora/Shen (DE/IO),1,1,1
Draven/Jinx (NX/PZ),Jax/Ornn (FR/RU),1,1,1
Kalista/Norra (BC/SI),Draven/Jinx (NX/PZ),1,1,1
Galio/Mordekaiser (DE/SI),Azir/Renekton/Xerath (SH),1,1,1
Elder Dragon/Volibear (RU/FR),Azir/Renekton (SH),1,1,1
Taliyah/Zilean (IO/SH),Azir/Xerath (SH),1,1,1
Karma/Sett (FR/IO),Norra (BC/PZ),1,1,1
Miss Fortune/Samira (BW/NX),Karma/Sett (FR/IO),1,1,1
Elder Dragon/Volibear (RU/FR),Elder Dragon/Morgana/Shyvana (RU/DE),1,1,1
Akshan (FR/SH),Azir/Xerath (SH),1,1,1
Azir/Xerath (SH),Ezreal (PZ/SI),1,1,1
Azir/Xerath (SH),Aurelion Sol/Soraka/Viego (MT/SI),1,1,1
Azir/Xerath (SH),Kayle/Zed (IO/MT),1,1,1
Azir/Xerath (SH),Caitlyn/Gwen (PZ/SI),1,1,1
Gangplank/Sejuani (BW/FR),Azir/Xerath (SH),1,1,1
Taliyah/Zilean (IO/SH),Aurelion Sol/Elder Dragon/Morgana (RU/MT),1,1,1
Taliyah/Zilean (IO/SH),Senna (PZ/SI),1,1,1
Taliyah/Zilean (IO/SH),Aurelion Sol/Shyvana (DE/MT),1,1,1
Taliyah/Zilean (IO/SH),Ashe/Volibear (FR/NX),1,1,1
Azir/Nasus/Renekton (SH),Taliyah/Zilean (IO/SH),1,1,1
Caitlyn/Teemo (BC/PZ),Taliyah/Zilean (IO/SH),1,1,1
Taliyah/Zilean (IO/SH),Hecarim (IO/SI),1,1,1
Azir/Irelia (IO/SH),Taliyah/Xerath/Ziggs (BC/SH),1,1,1
Azir/Irelia (IO/SH),Championless (DE/PZ),1,1,1
Lux: Illuminated/Vex (BC/DE),Lissandra/Volibear (DE/FR),1,1,1
Soraka/Tahm Kench (BW/MT),Karma/Sett (FR/IO),1,1,1
Elder Dragon/Jarvan IV (RU/DE),Pyke/Rek'Sai (BW/SH),1,1,1
Pyke/Rek'Sai (BW/SH),Elder Dragon/Volibear (RU/FR),1,1,1
Kindred/Nasus (SI/SH),LeBlanc/Viego (NX/SI),1,1,1
Kindred/Mordekaiser (SI),Elder Dragon/Norra/Vex (RU/BC),1,1,1
Elder Dragon/Norra/Vex (RU/BC),Caitlyn/Draven (NX/PZ),1,1,1
Elder Dragon/Norra/Vex (RU/BC),Kindred/Viego (SI/SH),1,1,1
Elder Dragon/Norra/Vex (RU/BC),Aurelion Sol/Trundle (FR/MT),1,1,1
Kayle/Zoe (FR/MT),Elder Dragon/Norra/Vex (RU/BC),1,1,1
Viktor/Zoe (MT/PZ),Championless (SI),1,1,1
Azir/Irelia (IO/SH),Akshan/Sivir (NX/SH),1,1,1
Jax (FR/RU),Rumble/Vayne (DE/NX),1,1,1
Jax (FR/RU),Hecarim/Lucian (DE/SI),1,1,1
Jax (FR/RU),Norra/Swain (BC/NX),1,1,1
Jax (FR/RU),Braum/Lillia (FR/IO),1,1,1
Jax (FR/RU),Seraphine/Sett (IO/PZ),1,1,1
Jax (FR/RU),Norra/Zoe (BC/MT),1,1,1
Jax (FR/RU),Azir/Xerath (SH),1,1,1
Ryze (IO/RU),Norra (BC/SH),1,1,1
Zoe (MT/PZ),Championless (FR/MT),1,1,1
Azir/Irelia (IO/SH),Braum/Galio (DE/FR),1,1,1
Annie/Jhin (RU/NX),Elder Dragon/Morgana (RU/MT),1,1,1
Azir/Irelia (IO/SH),Aphelios/Master Yi (IO/MT),1,1,1
Janna/Sett (IO/PZ),Aphelios/Master Yi (IO/MT),1,1,1
Poppy/Ziggs (BC/NX),Jinx/Lulu (BC/PZ),1,1,1
Kindred/Nasus (SI/SH),Ashe (FR),1,1,1
Karma/Sett (FR/IO),Kindred/Nasus (SI/SH),1,1,1
Senna (PZ/SI),Morgana/Vex (BC/MT),1,1,1
Annie/Jhin (RU/NX),Braum/Lillia (FR/IO),1,1,1
Annie/Gwen (NX/SI),Janna/Zilean (PZ/SH),1,1,1
Annie/Gwen (NX/SI),Lux: Illuminated/Vex (BC/DE),1,1,1
Darius/Draven (FR/NX),Braum (FR/NX),1,1,1
Darius/Draven (FR/NX),Diana/Nocturne (MT/SI),1,1,1
Darius/Draven (FR/NX),Gnar/Nidalee (BC/SH),1,1,1
Darius/Draven (FR/NX),Elder Dragon/Seraphine/Viktor (RU/PZ),1,1,1
LeBlanc/Viego (NX/SI),LeBlanc (FR/NX),1,1,1
Nasus/Thresh (SI/SH),Gnar/Gwen (FR/SI),1,1,1
Nasus/Thresh (SI/SH),Akshan/Sivir (NX/SH),1,1,1
Elder Dragon (RU/FR),Draven/Sion (NX/PZ),1,1,1
Bard/Kayle (RU/MT),Nasus/Thresh (SI/SH),1,1,1
Nasus/Thresh (SI/SH),Jinx/Lulu (BC/PZ),1,1,1
Nasus/Thresh (SI/SH),Azir/Kayle (MT/SH),1,1,1
Aatrox/Kayn (RU/RU),Nasus/Thresh (SI/SH),1,1,1
Nasus/Thresh (SI/SH),Maokai/Nautilus (BW/SI),1,1,1
Azir/Irelia (IO/SH),Ornn/Vayne (DE/FR),1,1,1
Gwen/Jhin (RU/SI),Garen (DE),1,1,1
Gwen/Jhin (RU/SI),Caitlyn/Teemo (BC/PZ),1,1,1
Gwen/Jhin (RU/SI),The Poro King (FR/RU),1,1,1
Gwen/Jhin (RU/SI),Ashe/LeBlanc (FR/NX),1,1,1
Championpile (DE/SH),Ashe/Tahm Kench (BW/FR),1,1,1
Aphelios/Master Yi (IO/MT),Azir/Xerath (SH),1,1,1
Aphelios/Master Yi (IO/MT),Aurelion Sol/Volibear (FR/MT),1,1,1
Fiora (DE/FR),Aurelion Sol/Elder Dragon/Zoe (RU/MT),1,1,1
Akshan/Sivir (FR/SH),Poppy/Ziggs (BC/NX),1,1,1
Evelynn/Viego (RU/SI),Annie/Gwen (NX/SI),1,1,1
Annie/Gwen (NX/SI),Jayce/Lux (DE/PZ),1,1,1
Lux: Illuminated/Vex (BC/DE),Elder Dragon/Volibear (RU/FR),1,1,1
Darius/Draven (FR/NX),Azir/Irelia (IO/SH),1,1,1
Nocturne/Vex (PZ/SI),Elder Dragon/Seraphine/Viktor (RU/PZ),1,1,1
Lulu/Zed (DE/IO),Azir/Irelia (IO/SH),1,1,1
Elder Dragon/Garen/Jarvan IV (RU/DE),Nami/Seraphine (BW/PZ),1,1,1
Elder Dragon/Garen/Jarvan IV (RU/DE),Aatrox/Kayn (RU/RU),1,1,1
Elder Dragon/Garen/Jarvan IV (RU/DE),Gangplank/Swain (BW/NX),1,1,1
Elder Dragon/Garen/Jarvan IV (RU/DE),Elder Dragon/Volibear (RU/FR),1,1,1
Aurelion Sol/Braum (FR/MT),Nasus/Thresh (SI/SH),1,1,1
Nasus/Thresh (SI/SH),Soraka/Tahm Kench (BW/MT),1,1,1
Nasus/Thresh (SI/SH),Elder Dragon/Galio/Morgana (RU/DE),1,1,1
Jack/Soraka/Yuumi (BW/MT),Nasus/Thresh (SI/SH),1,1,1
Nasus/Thresh (SI/SH),Mordekaiser/Viego (SI),1,1,1
Azir/Irelia (IO/SH),Garen (DE),1,1,1
Kindred/Nasus (SI/SH),Lux/Zoe (DE/MT),1,1,1
Kindred/Nasus (SI/SH),Braum/Vladimir (FR/NX),1,1,1
Nocturne/Vex (PZ/SI),Katarina/Yasuo (IO/NX),1,1,1
Nocturne/Vex (PZ/SI),Teemo (BC/PZ),1,1,1
Elder Dragon (RU/FR),Nocturne/Vex (PZ/SI),1,1,1
Elder Dragon/Galio/Morgana (RU/DE),Garen/Taric (DE/MT),1,1,1
Nilah/Twisted Fate (BW/PZ),Miss Fortune/Swain (BW/NX),1,1,1
Miss Fortune/Swain (BW/NX),Kindred/Nasus (SI/SH),1,1,1
Elder Dragon/Seraphine/Viktor (RU/PZ),Elder Dragon/Garen/Jarvan IV (RU/DE),1,1,1
Gnar/Sejuani (BC/FR),Braum/Lillia (FR/IO),1,1,1
Braum/Lillia (FR/IO),Norra/Teemo (BC/PZ),1,1,1
Draven/Jinx (NX/PZ),Elder Dragon/Galio/Morgana (RU/DE),1,1,1
Draven/Jinx (NX/PZ),Championless (FR/SI),1,1,1
Miss Fortune/Samira (BW/NX),Draven/Jinx (NX/PZ),1,1,1
Kindred/Nasus (SI/SH),Bard/Kayle (RU/MT),1,1,1
Kalista (MT/SI),Braum/Lillia (FR/IO),1,1,1
Gwen (FR/SI),Jinx/Zed (IO/PZ),1,1,1
Gwen (FR/SI),Lux: Illuminated/Vex (BC/DE),1,1,1
Nocturne/Vex (PZ/SI),Kindred/Lux (DE/SI),1,1,1
Nocturne/Vex (PZ/SI),Braum/Norra (BC/FR),1,1,1
Mordekaiser/Norra (BC/SI),Aurelion Sol/Elder Dragon (RU/MT),1,1,1
Mordekaiser/Norra (BC/SI),Soraka/Tahm Kench (BW/MT),1,1,1
Mordekaiser/Norra (BC/SI),Karma/Yasuo (IO/MT),1,1,1
Nocturne/Vex (PZ/SI),Braum/The Poro King (FR/RU),1,1,1
Nocturne/Vex (PZ/SI),Caitlyn/Teemo (BC/PZ),1,1,1
Nocturne/Vex (PZ/SI),Nilah/Twisted Fate (BW/PZ),1,1,1
Ezreal/Viego (PZ/SI),Nocturne/Vex (PZ/SI),1,1,1
Azir/Irelia (IO/SH),Nilah/Samira (BW/NX),1,1,1
Nocturne/Vex (PZ/SI),Azir/Renekton (SH),1,1,1
Taliyah/Zilean (IO/SH),Maokai/Nautilus (BW/SI),1,1,1
Taliyah/Zilean (IO/SH),LeBlanc/Sivir (NX/SH),1,1,1
Taliyah/Zilean (IO/SH),Darius/LeBlanc (FR/NX),1,1,1
Nidalee (BC/SH),Ekko/Jinx (PZ/SH),1,1,1
Aphelios/Rumble (MT/NX),Elder Dragon/Norra/Vex (RU/BC),1,1,1
Nilah/Twisted Fate (BW/PZ),Aphelios/Master Yi (IO/MT),1,1,1
Aatrox/Vayne (RU/DE),Aphelios/Master Yi (IO/MT),1,1,1
Elder Dragon/Volibear (RU/FR),Aphelios/Master Yi (IO/MT),1,1,1
Mordekaiser/Norra (BC/SI),Bard/Mordekaiser (RU/SI),1,1,1
Nilah/Twisted Fate (BW/PZ),Gwen (FR/SI),1,1,1
Nasus/Thresh (SI/SH),Malphite/Yasuo (IO/MT),1,1,1
Nasus/Thresh (SI/SH),Senna (PZ/SI),1,1,1
Mordekaiser/Norra (BC/SI),Poppy/Taric (DE/MT),1,1,1
Championless (PZ/SI),Mordekaiser/Norra (BC/SI),1,1,1
Mordekaiser/Norra (BC/SI),Annie/Twisted Fate (BW/NX),1,1,1
Caitlyn/Swain (NX/PZ),Mordekaiser/Norra (BC/SI),1,1,1
Ezreal/Seraphine (IO/PZ),Mordekaiser/Norra (BC/SI),1,1,1
Mordekaiser/Norra (BC/SI),Bard/Kayle (RU/MT),1,1,1
Elder Dragon/Lissandra (RU/FR),Mordekaiser/Teemo (PZ/SI),1,1,1
Ryze (IO/RU),Kindred/Nasus (SI/SH),1,1,1
Aurelion Sol/Tryndamere (FR/MT),Fiora (DE/FR),1,1,1
Braum/Garen (DE/FR),Fiora (DE/FR),1,1,1
Bard/Teemo (RU/PZ),Fiora (DE/FR),1,1,1
Seraphine/Viktor (IO/PZ),Karma/Sett (IO/PZ),1,1,1
Seraphine/Viktor (IO/PZ),Jinx/Rumble/Samira (NX/PZ),1,1,1
Braum/Zoe (FR/MT),Azir/Irelia/Kennen (IO/SH),1,1,1
Neeko/Poppy (DE/RU),Lillia/Veigar (BC/IO),1,1,1
Lillia/Veigar (BC/IO),Nami/Zoe (BW/MT),1,1,1
Lillia/Veigar (BC/IO),Garen/Jarvan IV (DE),1,1,1
Gnar/Swain (BC/NX),Akshan/Ekko (PZ/SH),1,1,1
Braum/Vladimir (FR/NX),Akshan/Ekko (PZ/SH),1,1,1
Ekko/Jinx (PZ/SH),Akshan/Ekko (PZ/SH),1,1,1
Akshan/Seraphine (PZ/SH),Caitlyn/Norra (BC/PZ),1,1,1
Lillia/Veigar (BC/IO),Katarina/Yasuo (IO/NX),1,1,1
Lillia/Veigar (BC/IO),Elder Dragon/Janna/Seraphine (RU/PZ),1,1,1
Elder Dragon/Volibear (RU/FR),Mordekaiser/Viego (BC/SI),1,1,1
Akshan/Ekko (PZ/SH),Janna/Senna (PZ/SI),1,1,1
Akshan/Ekko (PZ/SH),Master Yi/Yasuo (IO/MT),1,1,1
Azir/Irelia (IO/SH),Elder Dragon/Viego (RU/SI),1,1,1
Azir/Irelia (IO/SH),Anivia/Mordekaiser (FR/SI),1,1,1
Draven/Jinx (NX/PZ),Lillia/Veigar (BC/IO),1,1,1
Lillia/Veigar (BC/IO),Akshan/LeBlanc (NX/SH),1,1,1
Elder Dragon/Volibear (RU/FR),Azir/Xerath (SH),1,1,1
Elder Dragon/Lissandra/Trundle (RU/FR),Elder Dragon/Volibear (RU/FR),1,1,1
Elder Dragon/Volibear (RU/FR),Draven/Ezreal (NX/PZ),1,1,1
Azir/Irelia (IO/SH),Volibear (FR/NX),1,1,1
Azir/Irelia (IO/SH),Aphelios/Zoe (IO/MT),1,1,1
Janna (PZ/SI),Elder Dragon/Volibear (RU/FR),1,1,1
Azir/Irelia (IO/SH),Sion (NX/SI),1,1,1
Akshan/Seraphine (PZ/SH),Ryze (IO/RU),1,1,1
Ezreal/Nilah (BW/PZ),Lillia/Veigar (BC/IO),1,1,1
Sett/Viktor (IO/PZ),Lillia/Veigar (BC/IO),1,1,1
Teemo/Udyr (FR/PZ),Lillia/Veigar (BC/IO),1,1,1
Gwen/Ziggs (BC/SI),Azir/Irelia (IO/SH),1,1,1
Azir/Irelia (IO/SH),Nasus (SI/SH),1,1,1
Morgana/Taliyah (DE/SH),Kindred/Nasus (SI/SH),1,1,1
Championpile/Elder Dragon (RU/FR),Braum/Zoe (FR/MT),1,1,1
Braum/Zoe (FR/MT),Sion (NX/SI),1,1,1
Braum/Zoe (FR/MT),Ezreal/Janna (PZ/SI),1,1,1
Braum/Zoe (FR/MT),Fiora (DE/FR),1,1,1
Seraphine (MT/PZ),Braum/Zoe (FR/MT),1,1,1
Braum/Zoe (FR/MT),Garen/Jarvan IV (DE),1,1,1
Karma/Sett (FR/IO),Nilah/Twisted Fate (BW/PZ),1,1,1
Karma/Sett (FR/IO),Senna (PZ/SI),1,1,1
Karma/Sett (FR/IO),Fiora/Shen (DE/IO),1,1,1
Elder Dragon/Galio (RU/DE),Mordekaiser/Viego (SI/SH),1,1,1
Elder Dragon/Galio (RU/DE),Garen/Shyvana (DE/MT),1,1,1
Braum/Zoe (FR/MT),Braum/Elder Dragon/Volibear (RU/FR),1,1,1
Annie/Jhin (RU/NX),Seraphine (BW/PZ),1,1,1
Seraphine (BW/PZ),Karma/Sett (FR/IO),1,1,1
Elder Dragon (RU/FR),Seraphine/Viktor (IO/PZ),1,1,1
Seraphine/Viktor (IO/PZ),Annie/Jhin (RU/NX),1,1,1
Norra (BC/SI),Morgana/Taliyah (DE/SH),1,1,1
Braum/Zoe (FR/MT),Morgana/Taliyah (DE/SH),1,1,1
Braum/Zoe (FR/MT),Braum/Lillia (FR/IO),1,1,1
Braum/Zoe (FR/MT),Braum/Soraka/Yuumi (FR/MT),1,1,1
Azir (MT/SH),Norra/Teemo (BC/MT),1,1,1
Maokai/Norra (BC/SI),Azir/Irelia (IO/SH),1,1,1
Azir/Irelia (IO/SH),Kayle (BW/MT),1,1,1
Zoe (FR/MT),Seraphine (MT/PZ),1,1,1
Elder Dragon/Norra (RU/BC),Mordekaiser/Vex (BC/SI),1,1,1
Elder Dragon/Norra (RU/BC),Samira/Seraphine (NX/PZ),1,1,1
Elder Dragon/Norra (RU/BC),Master Yi/Seraphine (IO/PZ),1,1,1
Azir/Irelia (IO/SH),Draven/Ezreal (NX/PZ),1,1,1
Elder Dragon/Norra (RU/BC),Janna/Lee Sin (IO/PZ),1,1,1
Elder Dragon/Seraphine/Viktor (RU/PZ),Pyke/Rek'Sai (BW/SH),1,1,1
Elder Dragon/Elise (RU/SI),Seraphine/Zoe (MT/PZ),1,1,1
Seraphine/Zoe (MT/PZ),Lissandra/Mordekaiser (FR/SI),1,1,1
Lissandra/Mordekaiser (FR/SI),Zoe (FR/MT),1,1,1
Elder Dragon/Seraphine/Viktor (RU/PZ),Norra (BC/FR),1,1,1
Seraphine/Zoe (MT/PZ),Ezreal/Seraphine (BC/PZ),1,1,1
Seraphine/Zoe (MT/PZ),Jax/Ornn (FR/RU),1,1,1
Azir/Irelia (IO/SH),Mordekaiser/Sion (NX/SI),1,1,1
Taliyah/Zilean (IO/SH),Gangplank (BW),1,1,1
Taliyah/Zilean (IO/SH),Lee Sin (DE/IO),1,1,1
Master Yi/Nami (BW/IO),Nilah/Twisted Fate (BW/PZ),1,1,1
Nilah/Twisted Fate (BW/PZ),Seraphine/Viktor (BC/PZ),1,1,1
Elder Dragon/Volibear (RU/FR),Nilah/Twisted Fate (BW/PZ),1,1,1
Yuumi (BC/IO),Elder Dragon/Volibear (RU/FR),1,1,1
Elder Dragon/Lissandra/Volibear (RU/FR),Elise/Teemo (PZ/SI),1,1,1
Elder Dragon/Morgana/Shyvana (RU/DE),Seraphine/Zoe (MT/PZ),1,1,1
Seraphine/Zoe (MT/PZ),Championless (NX/PZ),1,1,1
Seraphine/Zoe (MT/PZ),Taliyah/Zilean (IO/SH),1,1,1
Azir/Irelia (IO/SH),Norra/Viego (BC/SI),1,1,1
Elder Dragon/Norra (RU/BC),Championpile (DE/FR),1,1,1
Evelynn/Nidalee (RU/SH),Azir/Irelia (IO/SH),1,1,1
Azir/Irelia (IO/SH),Garen/Teemo (BC/DE),1,1,1
Azir/Irelia (IO/SH),Shyvana/Taric (DE/MT),1,1,1
Azir/Kayle (MT/SH),Taliyah/Zilean (IO/SH),1,1,1
Norra (BC/MT),Taliyah/Zilean (IO/SH),1,1,1
Taliyah/Zilean (IO/SH),Katarina/LeBlanc (NX/SH),1,1,1
Bard/Norra (BC/RU),Taliyah/Zilean (IO/SH),1,1,1
Mordekaiser (PZ/SI),Lucian/Senna (DE/SI),1,1,1
Azir/Irelia (IO/SH),Jax/Ornn (FR/RU),1,1,1
Zoe (IO/MT),Azir/Irelia (IO/SH),1,1,1
Akshan/Udyr (FR/SH),Braum/Zoe (FR/MT),1,1,1
Taliyah/Zilean (IO/SH),Kayle (DE/MT),1,1,1
The Poro King (PZ/RU),Championless (BC/PZ),1,1,1
Championless (BC/PZ),Taliyah/Zilean (IO/SH),1,1,1
Championless (BC/PZ),Senna/Veigar (BC/SI),1,1,1
Elder Dragon/Norra (RU/BC),Norra/Poppy (BC),1,1,1
Elder Dragon/Norra (RU/BC),Garen/Kayle (DE/MT),1,1,1
Vex (SI/SH),Azir/Irelia (IO/SH),1,1,1
Aphelios/Seraphine (MT/PZ),Aurelion Sol/Yuumi (FR/MT),1,1,1
Fiora (DE/SH),Draven/Rumble (BC/NX),1,1,1
Taliyah/Zilean (IO/SH),Lulu/Poppy (BC/DE),1,1,1
Taliyah/Zilean (IO/SH),Lucian/Miss Fortune (BW/DE),1,1,1
Taliyah/Zilean (IO/SH),Elder Dragon/Thresh/Viego (RU/SI),1,1,1
Championless (BC/PZ),Pantheon/Yuumi (BC/MT),1,1,1
Elder Dragon (RU/FR),Senna/Veigar (BC/SI),1,1,1
Jinx/Rumble (BC/PZ),Senna/Veigar (BC/SI),1,1,1
Azir/Irelia (IO/SH),Teemo/Vi (BC/PZ),1,1,1
LeBlanc (FR/NX),Seraphine/Viktor (IO/PZ),1,1,1
Braum/Zoe (FR/MT),Bard/Soraka/Yuumi/Zoe (RU/MT),1,1,1
Braum/Zoe (FR/MT),Lulu (IO/PZ),1,1,1
Lulu (IO/PZ),Seraphine/Viktor (IO/PZ),1,1,1
Aphelios/Seraphine (MT/PZ),Ezreal/Seraphine (BC/PZ),1,1,1
Ryze (IO/RU),Akshan (FR/SH),1,1,1
Taliyah/Zilean (IO/SH),Norra/Teemo (BC/MT),1,1,1
Senna/Veigar (BC/SI),Bard/Norra (BC/RU),1,1,1
Senna/Veigar (BC/SI),Elder Dragon/Norra/Vex (RU/BC),1,1,1
Senna/Veigar (BC/SI),Gnar/Teemo (FR/PZ),1,1,1
Mordekaiser (PZ/SI),Rumble/Sion (BC/NX),1,1,1
Mordekaiser (PZ/SI),Aurelion Sol/Shyvana (DE/MT),1,1,1
Galio/Poppy (DE/MT),Mordekaiser (PZ/SI),1,1,1
Nilah/Twisted Fate (BW/PZ),Braum/Zoe (FR/MT),1,1,1
Akshan (FR/SH),Caitlyn/Morgana (DE/PZ),1,1,1
Elder Dragon/Trundle/Volibear (RU/FR),Braum/Zoe (FR/MT),1,1,1
Braum/Zoe (FR/MT),Aatrox/Kayn (RU/RU),1,1,1
Elder Dragon/Lissandra (RU/FR),Championless (BC/PZ),1,1,1
Championless (BC/PZ),Miss Fortune/Twisted Fate (BW/NX),1,1,1
Karma/Sett (FR/IO),Championless (BC/PZ),1,1,1
Aphelios/Zoe (IO/MT),Karma/Sett (FR/IO),1,1,1
Karma/Sett (FR/IO),Kindred/Mordekaiser (BC/SI),1,1,1
Jhin (BC/RU),Elder Dragon/Seraphine/Viktor (RU/PZ),1,1,1
Championless (BC/PZ),Norra/Teemo (BC/SI),1,1,1
Championless (BC/PZ),Katarina/Vladimir (MT/NX),1,1,1
Championless (BC/PZ),Poppy/Ziggs (BC/NX),1,1,1
Championless (BC/PZ),Azir/Zed (IO/SH),1,1,1
Elise/Kalista (NX/SI),Championless (BC/PZ),1,1,1
Championless (BC/PZ),Aurelion Sol/Zoe (MT),1,1,1
Katarina/Vladimir (MT/NX),Elder Dragon/Norra (RU/BC),1,1,1
Elder Dragon/Norra (RU/BC),Norra (BC/MT),1,1,1
Taliyah (BC/SH),Azir/Irelia (IO/SH),1,1,1
Elder Dragon/Norra (RU/BC),The Poro King (PZ/RU),1,1,1
Seraphine/Viktor (IO/PZ),Akshan/Sivir (DE/SH),1,1,1
Caitlyn/Teemo (FR/PZ),Draven/Jinx (NX/PZ),1,1,1
Katarina/Vladimir (MT/NX),Annie/Jhin (RU/NX),1,1,1
Annie/Jhin (RU/NX),Aurelion Sol/Shyvana/Zoe (DE/MT),1,1,1
Jinx/Lulu (BC/PZ),The Poro King (MT/RU),1,1,1
Jinx/Lulu (BC/PZ),The Poro King (RU/SH),1,1,1
Katarina/Vladimir (MT/NX),Jinx/Lulu (BC/PZ),1,1,1
Elder Dragon/Lissandra/Volibear (RU/FR),Fiora (DE/SH),1,1,1
Fiora (DE/SH),The Poro King (MT/RU),1,1,1
The Poro King (MT/RU),Illaoi/Swain (BW/NX),1,1,1
The Poro King (MT/RU),Elder Dragon/Mordekaiser/Viego (RU/SI),1,1,1
The Poro King (MT/RU),Bard/Mordekaiser (RU/SI),1,1,1
Nami/Viktor (BW/PZ),Azir/Irelia (IO/SH),1,1,1
Fiora (DE/SH),Mordekaiser (PZ/SI),1,1,1
Championless (BC/PZ),Ashe/LeBlanc (FR/NX),1,1,1
Azir/Irelia (IO/SH),Jinx/Karma (IO/PZ),1,1,1
Azir/Irelia (IO/SH),Akshan/Karma/Master Yi (IO/SH),1,1,1
Kalista/Nocturne (NX/SI),Elder Dragon/Norra (RU/BC),1,1,1
Jinx/Lulu (BC/PZ),Elder Dragon/Norra/Vex (RU/BC),1,1,1
Zoe (IO/MT),Taliyah/Zilean (IO/SH),1,1,1
Annie/Jhin (RU/NX),Elder Dragon/Lissandra/Volibear (RU/FR),1,1,1
Kayle (BW/MT),Elder Dragon/Lissandra/Volibear (RU/FR),1,1,1
Elder Dragon/Lissandra/Volibear (RU/FR),Mordekaiser/Norra (BC/SI),1,1,1
Elder Dragon/Lissandra/Volibear (RU/FR),Gnar/Teemo (BC/PZ),1,1,1
Elder Dragon/Lissandra/Volibear (RU/FR),Jayce/Lux (DE/PZ),1,1,1
Bard/Mordekaiser (RU/SI),Championless (BC/PZ),1,1,1
Championless (BC/PZ),Ezreal/Seraphine (BC/PZ),1,1,1
Ashe/Volibear (FR/NX),Championless (BC/PZ),1,1,1
Championless (BC/PZ),Xerath/Zilean (PZ/SH),1,1,1
Riven/Vayne (DE/NX),Championless (BC/PZ),1,1,1
Kindred/Mordekaiser (BC/SI),Elder Dragon/Norra (RU/BC),1,1,1
Elder Dragon/Norra (RU/BC),Braum/Soraka (FR/MT),1,1,1
Elder Dragon/Norra (RU/BC),Braum/Norra (BC/FR),1,1,1
Elder Dragon/Norra (RU/BC),LeBlanc/Sivir (NX/SH),1,1,1
Annie/Jhin (RU/NX),Bard/Norra (BC/RU),1,1,1
Rumble/Vayne (DE/NX),Draven/Jinx (NX/PZ),1,1,1
Jinx/Lulu (BC/PZ),Riven/Vayne (DE/NX),1,1,1
Jinx/Lulu (BC/PZ),Pyke/Rek'Sai (BW/SH),1,1,1
Taliyah/Zilean (IO/SH),Ekko/Jinx (PZ/SH),1,1,1
Championless (BC/PZ),Renekton (BW/SH),1,1,1
Akshan (FR/SH),Kindred/Viego (IO/SI),1,1,1
Nasus/Thresh (SI/SH),Akshan (FR/SH),1,1,1
Gnar/Neeko (FR/RU),Taliyah/Zilean (IO/SH),1,1,1
Taliyah/Zilean (IO/SH),Viego (SI),1,1,1
Taliyah/Zilean (IO/SH),Galio/Soraka (DE/MT),1,1,1
Taliyah/Zilean (IO/SH),Elder Dragon/Morgana/Shyvana (RU/DE),1,1,1
Taliyah/Zilean (IO/SH),Elder Dragon/Seraphine/Viktor (RU/PZ),1,1,1
Mordekaiser (PZ/SI),Draven/Sion (NX/PZ),1,1,1
Taliyah/Zilean (IO/SH),Nocturne (SI),1,1,1
Taliyah/Zilean (IO/SH),Elder Dragon/Lissandra (RU/FR),1,1,1
Taliyah/Zilean (IO/SH),Poppy/Taric (DE/MT),1,1,1
Elder Dragon/Seraphine/Viktor (RU/PZ),Elder Dragon (RU/FR),1,1,1
Elder Dragon/Norra (RU/BC),Janna/Viktor (FR/PZ),1,1,1
Elder Dragon/Norra (RU/BC),Viego (SI),1,1,1
Ezreal/Seraphine (IO/PZ),Nilah/Twisted Fate (BW/PZ),1,1,1
Nilah/Twisted Fate (BW/PZ),Jax/Ornn (FR/RU),1,1,1
Nilah/Twisted Fate (BW/PZ),Akshan/Elder Dragon/Sivir (RU/SH),1,1,1
Nocturne/Vex (PZ/SI),Heimerdinger/Jayce (PZ/SI),1,1,1
Nocturne/Vex (BC/SI),Aphelios/Zoe (MT/PZ),1,1,1
Akshan (FR/SH),Darius/Vayne (DE/NX),1,1,1
Braum/Yuumi/Zoe (FR/MT),Taliyah/Zilean (IO/SH),1,1,1
Taliyah/Zilean (IO/SH),Heimerdinger/Jayce (PZ/SI),1,1,1
Taliyah/Zilean (IO/SH),Ezreal/Kennen (IO/PZ),1,1,1
Taliyah/Zilean (IO/SH),Bard/Kayle (RU/MT),1,1,1
Taliyah/Zilean (IO/SH),Norra/Swain (BC/NX),1,1,1
Taliyah/Zilean (IO/SH),Miss Fortune/Twisted Fate (BW/NX),1,1,1
Taliyah/Zilean (IO/SH),Braum/Vladimir (FR/NX),1,1,1
Taliyah/Zilean (IO/SH),Norra/Veigar (BC/SI),1,1,1
Taliyah/Zilean (IO/SH),Soraka/Udyr (FR/MT),1,1,1
Taliyah/Zilean (IO/SH),Braum/Soraka/Yuumi (FR/MT),1,1,1
Taliyah/Zilean (IO/SH),Azir (MT/SH),1,1,1
Taliyah/Zilean (IO/SH),Braum (FR/SH),1,1,1
Taliyah/Zilean (IO/SH),Morgana/Taliyah (DE/SH),1,1,1
Morgana/Taliyah (DE/SH),Akshan/Lee Sin (IO/SH),1,1,1
Braum/Zoe (FR/MT),Aurelion Sol/Trundle (FR/MT),1,1,1
Akshan/Elder Dragon/Sivir (RU/SH),Ryze (PZ/RU),1,1,1
Draven/Kalista (NX/SI),Akshan (FR/SH),1,1,1
Elder Dragon/Galio (RU/DE),Karma/Sett (IO/PZ),1,1,1
Karma/Sett (IO/PZ),Braum/Zoe (FR/MT),1,1,1
Karma/Sett (IO/PZ),Rumble/Vayne (DE/NX),1,1,1
Braum/Zoe (FR/MT),The Poro King (MT/RU),1,1,1
Braum/Zoe (FR/MT),Lillia (IO/MT),1,1,1
Azir/Renekton (SH),Lillia (IO/MT),1,1,1
Elder Dragon/Galio (RU/DE),Janna (PZ/SI),1,1,1
Braum/Zoe (FR/MT),Elise/Teemo (PZ/SI),1,1,1
Braum/Zoe (FR/MT),Pantheon/Zoe (FR/MT),1,1,1
Braum/Zoe (FR/MT),Garen/Jarvan IV/Lux: Illuminated (DE),1,1,1
Braum/Zoe (FR/MT),Elder Dragon/Garen/Jarvan IV (RU/DE),1,1,1
Pyke/Rek'Sai (BW/SH),Braum/Zoe (FR/MT),1,1,1
Heimerdinger/Viktor (IO/PZ),Championless (BC/IO),1,1,1
Akshan/Elder Dragon/Sivir (RU/SH),Elder Dragon/Viktor (RU/PZ),1,1,1
Akshan/Elder Dragon/Sivir (RU/SH),Caitlyn/Teemo (BC/PZ),1,1,1
Elder Dragon/Norra (RU/BC),The Poro King (MT/RU),1,1,1
Elder Dragon/Norra (RU/BC),Zoe (DE/MT),1,1,1
Nilah/Twisted Fate (BW/PZ),Nami/Seraphine (BW/PZ),1,1,1
Nilah/Twisted Fate (BW/PZ),Garen/Volibear (DE/FR),1,1,1
Nilah/Twisted Fate (BW/PZ),Aurelion Sol/Zoe (FR/MT),1,1,1
Seraphine/Viktor (IO/PZ),Caitlyn/Norra/Teemo (BC/PZ),1,1,1
Championless (FR/SI),Braum/Zoe (FR/MT),1,1,1
Jinx/Lulu (BC/PZ),Karma/Sett (FR/IO),1,1,1
Mordekaiser/Viego (BC/SI),Azir/Irelia (IO/SH),1,1,1
Elder Dragon/Norra (RU/BC),Ezreal/Seraphine (PZ/SI),1,1,1
Trundle/Volibear (DE/FR),Elder Dragon/Norra (RU/BC),1,1,1
Braum/Zoe (FR/MT),Heimerdinger/Viktor (IO/PZ),1,1,1
Seraphine/Sett (IO/PZ),Garen/Jarvan IV (DE),1,1,1
Garen/Jarvan IV (DE),Caitlyn/Teemo (BC/PZ),1,1,1
Elder Dragon/Norra/Vex (RU/BC),Fizz (BW/SH),1,1,1
Fizz (BW/SH),Gangplank/Sejuani (BW/FR),1,1,1
Braum/Zoe (FR/MT),Hecarim (IO/SI),1,1,1
Elder Dragon/Trundle/Volibear (RU/FR),Swain/Yasuo (IO/NX),1,1,1
Senna/Veigar (BC/SI),Swain/Yasuo (IO/NX),1,1,1
Morgana/Vex (BC/DE),Swain/Yasuo (IO/NX),1,1,1
Swain/Yasuo (IO/NX),Taliyah (BC/SH),1,1,1
Swain/Yasuo (IO/NX),Mordekaiser/Sion (NX/SI),1,1,1
Swain/Yasuo (IO/NX),Seraphine/Viktor (PZ/SI),1,1,1
Lux: Illuminated/Poppy (DE/IO),Swain/Yasuo (IO/NX),1,1,1
Elder Dragon/Norra (RU/BC),Evelynn/Nidalee (RU/SH),1,1,1
Elder Dragon/Norra (RU/BC),Aphelios/Seraphine/Viktor (MT/PZ),1,1,1
Aphelios/Seraphine/Viktor (MT/PZ),Azir/Irelia (IO/SH),1,1,1
Azir/Irelia (IO/SH),Ezreal/Lux (DE/PZ),1,1,1
Akshan (FR/SH),Mordekaiser (BC/SI),1,1,1
Mordekaiser/Norra (BC/SI),Norra/Poppy (BC),1,1,1
Seraphine/Viktor (IO/PZ),Lillia/Sett (BC/IO),1,1,1
Seraphine/Viktor (IO/PZ),Ezreal/Seraphine (BC/PZ),1,1,1
Swain/Yasuo (IO/NX),Elder Dragon/Norra (RU/BC),1,1,1
Swain/Yasuo (IO/NX),Azir/Irelia (IO/SH),1,1,1
Swain/Yasuo (IO/NX),Nasus/Thresh (SI/SH),1,1,1
Katarina/Vladimir (MT/NX),Swain/Yasuo (IO/NX),1,1,1
Elder Dragon/Lissandra (RU/FR),Swain/Yasuo (IO/NX),1,1,1
Trundle/Volibear (DE/FR),Swain/Yasuo (IO/NX),1,1,1
Championpile/Elder Dragon (RU/FR),Elder Dragon/Seraphine/Viktor (RU/PZ),1,1,1
Akshan/Lee Sin (IO/SH),Elder Dragon/Seraphine/Viktor (RU/PZ),1,1,1
Azir/Irelia (IO/SH),Draven/Rumble (IO/NX),1,1,1
Elder Dragon/Norra (RU/BC),Morgana/Taliyah (DE/SH),1,1,1
Elder Dragon/Norra/Vex (RU/BC),Heimerdinger/Viktor (IO/PZ),1,1,1
Elder Dragon/Norra/Vex (RU/BC),Draven/Sion (NX/PZ),1,1,1
Pyke/Rek'Sai (BW/SH),Bard/Illaoi (RU/BW),1,1,1
Braum/Zoe (FR/MT),Diana/Nocturne (MT/SI),1,1,1
Diana/Nocturne (MT/SI),Swain/Yasuo (IO/NX),1,1,1
Poppy/Taric (DE/MT),Gangplank/Sejuani (BW/FR),1,1,1
Poppy/Taric (DE/MT),Karma/Sett (IO/PZ),1,1,1
Poppy/Taric (DE/MT),Braum/Ornn (FR/NX),1,1,1
Aphelios/Seraphine/Viktor (MT/PZ),Nilah/Twisted Fate (BW/PZ),1,1,1
Nilah/Twisted Fate (BW/PZ),Ryze (IO/RU),1,1,1
Elder Dragon/Norra (RU/BC),Ashe/Volibear (FR/NX),1,1,1
Elder Dragon/Norra (RU/BC),Lillia/Norra (BC/IO),1,1,1
Lee Sin/Viktor (IO/PZ),Nilah/Twisted Fate (BW/PZ),1,1,1
Lee Sin/Viktor (IO/PZ),Elder Dragon/Volibear (RU/FR),1,1,1
Seraphine/Viktor (IO/PZ),Elder Dragon/Volibear (RU/FR),1,1,1
Elder Dragon/Norra (RU/BC),Seraphine/Viktor (IO/PZ),1,1,1
Norra/Swain (BC/NX),Gangplank/Sejuani (BW/FR),1,1,1
Gwen/Lucian (DE/SI),Taliyah/Zilean (IO/SH),1,1,1
Taliyah/Zilean (IO/SH),Azir/Lucian (DE/SH),1,1,1
Zoe (FR/MT),Hecarim/Lucian (DE/SI),1,1,1
Zoe (FR/MT),Gangplank/Twisted Fate (BW),1,1,1
Zoe (FR/MT),Heimerdinger (IO/PZ),1,1,1
Aatrox/Quinn/Vayne (RU/DE),Aatrox/Kayn (RU/RU),1,1,1
Jax/Ornn (FR/RU),Championpile (DE/FR),1,1,1
Taliyah/Zilean (IO/SH),Ashe/LeBlanc (FR/NX),1,1,1
Trundle/Volibear (FR/IO),Elder Dragon/Norra (RU/BC),1,1,1
Teemo/Vi (BC/PZ),Poppy/Taric (DE/MT),1,1,1
Pyke/Rek'Sai (BW/SH),Poppy/Taric (DE/MT),1,1,1
Poppy/Taric (DE/MT),Lulu/Zoe (IO/MT),1,1,1
Poppy/Taric (DE/MT),Miss Fortune/Twisted Fate (BW/NX),1,1,1
Poppy/Taric (DE/MT),Gwen/Vayne (DE/SI),1,1,1
Poppy/Taric (DE/MT),Azir/Irelia (IO/SH),1,1,1
Elder Dragon/Galio/Morgana (RU/DE),Seraphine/Zoe (MT/PZ),1,1,1
Zoe (FR/MT),Jinx/Lulu (BC/PZ),1,1,1
Braum/Zoe (FR/MT),Zoe (FR/MT),1,1,1
Azir/Irelia (IO/SH),The Poro King (FR/RU),1,1,1
Elder Dragon/Norra (RU/BC),The Poro King (RU/SH),1,1,1
Jinx/Lulu (BC/PZ),Lulu/Zoe (IO/MT),1,1,1
Jinx/Lulu (BC/PZ),Teemo/Yuumi (BC/PZ),1,1,1
Elder Dragon/Norra/Vex (RU/BC),Nilah/Twisted Fate (BW/PZ),1,1,1
Aatrox/Kayn (RU/RU),Azir/Hecarim (SI/SH),1,1,1
Senna/Veigar (BC/SI),Azir/Taliyah (BW/SH),1,1,1
Illaoi/Swain (BW/NX),Akshan/Sivir (FR/SH),1,1,1
Braum/Zoe (FR/MT),Azir/Renekton (SH),1,1,1
Akshan/Elder Dragon/Sivir (RU/SH),Akshan/Lee Sin (IO/SH),1,1,1
Elder Dragon/Trundle (RU/FR),Akshan/Elder Dragon/Sivir (RU/SH),1,1,1
Fizz (BW/MT),Aatrox (RU/BW),1,1,1
Ezreal/Seraphine (BC/PZ),Mordekaiser/Viego (BC/SI),1,1,1
Taliyah/Zilean (IO/SH),Akshan/Elder Dragon/Sivir (RU/SH),1,1,1
Elder Dragon/Volibear (RU/FR),Akshan/Elder Dragon/Sivir (RU/SH),1,1,1
Ashe/LeBlanc (FR/NX),Poppy/Taric (DE/MT),1,1,1
Elder Dragon/Shyvana (RU/DE),Karma/Sett (IO/PZ),1,1,1
Karma/Sett (IO/PZ),Aurelion Sol/Shyvana (DE/MT),1,1,1
Karma/Sett (IO/PZ),Ekko/Jinx (PZ/SH),1,1,1
Karma/Sett (IO/PZ),Lux: Illuminated/Vex (BC/DE),1,1,1
Ashe/LeBlanc (FR/NX),Karma/Sett (FR/IO),1,1,1
Leona/Yasuo (IO/MT),Fiora (DE/SH),1,1,1
Fiora (DE/SH),Elder Dragon (RU/FR),1,1,1
Fiora (DE/SH),Lulu/Zed (DE/IO),1,1,1
Aphelios/Seraphine (MT/PZ),Elise/Lucian (DE/SI),1,1,1
Elder Dragon/Norra/Vex (RU/BC),Yasuo (IO/MT),1,1,1
Elder Dragon/Norra/Vex (RU/BC),Sett/Viktor (IO/PZ),1,1,1
Aatrox/Vayne (RU/DE),Kai'Sa/Pantheon (MT/SH),1,1,1
Aatrox/Vayne (RU/DE),Elder Dragon/Shyvana (RU/DE),1,1,1
Kayle (BW/MT),Elder Dragon/Morgana (RU/DE),1,1,1
Elder Dragon/Morgana (RU/DE),Morgana/Seraphine (MT/PZ),1,1,1
Elder Dragon/Morgana (RU/DE),Draven/Rumble (IO/NX),1,1,1
Elder Dragon/Morgana (RU/DE),Caitlyn/Swain (NX/PZ),1,1,1
Ryze (IO/RU),Elder Dragon/Morgana (RU/MT),1,1,1
Ryze (IO/RU),Anivia/Aurelion Sol (FR/MT),1,1,1
Seraphine (MT/PZ),Illaoi/Swain (BW/NX),1,1,1
Seraphine/Sett (IO/PZ),Aphelios/Norra (BC/MT),1,1,1
Aurelion Sol/Elder Dragon (RU/MT),Elder Dragon/Norra/Vex (RU/BC),1,1,1
Seraphine/Viktor (IO/PZ),Nasus/Thresh (SI/SH),1,1,1
Aphelios/Seraphine (MT/PZ),Morgana/Taliyah (DE/SH),1,1,1
Aatrox/Vayne (RU/DE),Darius/Miss Fortune (BW/NX),1,1,1
Aatrox/Vayne (RU/DE),Draven/Rumble (BC/NX),1,1,1
Aatrox/Vayne (RU/DE),Poppy/Ziggs (BC/NX),1,1,1
Aatrox/Vayne (RU/DE),Aurelion Sol/Elder Dragon (RU/MT),1,1,1
Aatrox/Vayne (RU/DE),Senna/Veigar (BC/SI),1,1,1
Seraphine/Viktor (BW/PZ),Seraphine/Sett (IO/PZ),1,1,1
Seraphine/Viktor (IO/PZ),Elise (NX/SI),1,1,1
Norra/Swain (BC/NX),Katarina/Yasuo (IO/NX),1,1,1
Maokai/Nautilus (BW/SI),Seraphine/Sett (IO/PZ),1,1,1
Karma/Sett (IO/PZ),Elder Dragon/Norra/Vex (RU/BC),1,1,1
Elder Dragon/Norra/Vex (RU/BC),Jarvan IV (DE/FR),1,1,1
Azir/Lucian (DE/SH),Seraphine/Sett (IO/PZ),1,1,1
Yuumi/Zoe (FR/MT),Aurelion Sol/Zoe (FR/MT),1,1,1
Caitlyn/Teemo (FR/PZ),Azir/Lucian (DE/SH),1,1,1
Pyke/Rek'Sai (BW/SH),Azir/Lucian (DE/SH),1,1,1
Zoe (MT),Annie/Ezreal/Katarina (NX/PZ),1,1,1
Zoe (MT),Championless (FR/SI),1,1,1
Zoe (MT),Elder Dragon/Lissandra (RU/FR),1,1,1
The Poro King (RU/SH),Yuumi/Zoe (FR/MT),1,1,1
Bard/Norra (BC/RU),Championless (BC/PZ),1,1,1
Elder Dragon/Norra (RU/BC),Pantheon/Zoe (FR/MT),1,1,1
Zoe (MT),Maokai/Nautilus (BW/SI),1,1,1
Championless (SI),Championpile/Elder Dragon (RU/DE),1,1,1
Championpile/Elder Dragon (RU/DE),Championless (BC/SH),1,1,1
Championpile/Elder Dragon (RU/DE),Aurelion Sol/Shyvana (DE/MT),1,1,1
Fizz (BW/SH),Championpile/Elder Dragon (RU/DE),1,1,1
Akshan/Seraphine (PZ/SH),Azir/Renekton (SH),1,1,1
Kindred/Nasus (SI/SH),Championless (BC/PZ),1,1,1
Illaoi (BW/NX),Championless (BC/PZ),1,1,1
Elder Dragon/Norra/Vex (RU/BC),Illaoi (BW/SI),1,1,1
Elder Dragon/Norra/Vex (RU/BC),Karma/Sett (FR/IO),1,1,1
Elder Dragon/Norra/Vex (RU/BC),Ezreal/Seraphine (IO/PZ),1,1,1
Elder Dragon/Norra/Vex (RU/BC),Yasuo (FR/IO),1,1,1
Elder Dragon/Norra (RU/BC),Darius/Jinx (NX/PZ),1,1,1
Elder Dragon/Norra/Vex (RU/BC),Elder Dragon/Lissandra/Volibear (RU/FR),1,1,1
Elder Dragon/Norra (RU/BC),Elise/Teemo (PZ/SI),1,1,1
Seraphine/Sett (IO/PZ),Nilah/Seraphine (BW/PZ),1,1,1
Aurelion Sol/Braum (FR/MT),Elder Dragon/Norra/Vex (RU/BC),1,1,1
Elder Dragon/Seraphine/Viktor (RU/PZ),Ashe/LeBlanc (FR/NX),1,1,1
Nilah/Twisted Fate (BW/PZ),Zoe (MT),1,1,1
Elder Dragon/Norra (RU/BC),Mordekaiser/Viego (SI/SH),1,1,1
Elder Dragon (RU/FR),Elder Dragon/Norra (RU/BC),1,1,1
Elder Dragon/Norra (RU/BC),Kayle (BW/MT),1,1,1
Championless (SI),Elder Dragon/Norra/Vex (RU/BC),1,1,1
Jax/Jinx (RU/PZ),Elder Dragon/Norra/Vex (RU/BC),1,1,1
Elder Dragon/Norra (RU/BC),Elder Dragon/Garen/Jarvan IV (RU/DE),1,1,1
Elder Dragon/Norra (RU/BC),Sett (IO/SH),1,1,1
Aurelion Sol/Elder Dragon (RU/MT),Elder Dragon/Norra (RU/BC),1,1,1
Elder Dragon/Norra (RU/BC),Bard/Illaoi (RU/BW),1,1,1
Elder Dragon/Seraphine/Viktor (RU/PZ),Elder Dragon/Norra/Vex (RU/BC),1,1,1
Championpile/Elder Dragon (RU/DE),Jayce/Lux (DE/PZ),1,1,1
Championpile/Elder Dragon (RU/DE),Karma/Sett (IO/PZ),1,1,1
Championpile/Elder Dragon (RU/DE),Gwen/Vayne (DE/SI),1,1,1
Championpile/Elder Dragon (RU/DE),Gangplank/Swain (BW/NX),1,1,1
Championpile/Elder Dragon (RU/DE),Braum/Zoe (FR/MT),1,1,1
Championpile/Elder Dragon (RU/DE),Nilah/Twisted Fate (BW/PZ),1,1,1
Akshan/Lee Sin (IO/SH),Championpile/Elder Dragon (RU/DE),1,1,1
Championpile/Elder Dragon (RU/DE),Pyke/Rek'Sai (BW/SH),1,1,1
Championpile/Elder Dragon (RU/DE),Draven/Jinx (NX/PZ),1,1,1
Elder Dragon/Norra (RU/BC),Kalista (BW/SI),1,1,1
Championpile/Elder Dragon (RU/DE),Caitlyn/Teemo (BC/PZ),1,1,1
Aatrox/Vayne (RU/DE),Championpile/Elder Dragon (RU/DE),1,1,1
Championpile/Elder Dragon (RU/DE),Elder Dragon/Volibear (RU/FR),1,1,1
Senna/Veigar (BC/SI),Aatrox/Jarvan IV (RU/DE),1,1,1
Lulu/Lux: Illuminated/Shen (DE/IO),Senna/Veigar (BC/SI),1,1,1
Elder Dragon/Norra (RU/BC),Kindred/Norra (BC/SI),1,1,1
Aatrox/Vayne (RU/DE),The Poro King (RU),1,1,1
Viktor/Zoe (MT/PZ),Aatrox/Vayne (RU/DE),1,1,1
Aatrox/Vayne (RU/DE),Braum/Zoe (FR/MT),1,1,1
Elder Dragon/Norra/Vex (RU/BC),Aatrox/Vayne (RU/DE),1,1,1
Senna/Veigar (BC/SI),Galio/Soraka (DE/MT),1,1,1
Senna/Veigar (BC/SI),Pyke/Rek'Sai (BW/SH),1,1,1
Senna/Veigar (BC/SI),Nocturne/Vex (BC/SI),1,1,1
Senna/Veigar (BC/SI),Championpile (SH),1,1,1
Annie/Jhin (RU/NX),Aatrox/Illaoi/Tahm Kench (RU/BW),1,1,1
Annie/Jhin (RU/NX),Gangplank/Twisted Fate (BC/BW),1,1,1
Gangplank/Sejuani (BW/FR),Mordekaiser/Viego (SI/SH),1,1,1
Elder Dragon/Morgana (RU/DE),Gangplank/Sejuani (BW/FR),1,1,1
Mordekaiser/Viego (SI/SH),Elder Dragon/Morgana (RU/DE),1,1,1
Mordekaiser/Viego (SI/SH),Aatrox/Vayne (RU/DE),1,1,1
Anivia/Elder Dragon/Volibear (RU/FR),Aatrox/Vayne (RU/DE),1,1,1
Trundle/Volibear (FR/SI),Jinx/Lulu (BC/PZ),1,1,1
Caitlyn/Teemo (BC/PZ),Trundle/Volibear (FR/SI),1,1,1
Trundle/Volibear (FR/SI),Lux: Illuminated/Vex (BC/DE),1,1,1
Annie/Jhin (RU/NX),Senna/Veigar/Yuumi (BC/SI),1,1,1
Gangplank/Sejuani (BW/FR),Elder Dragon/Volibear (RU/FR),1,1,1
Norra/Swain (BC/NX),Jarvan IV/Shen (DE/IO),1,1,1
Elder Dragon/Galio/Morgana (RU/DE),Norra/Swain (BC/NX),1,1,1
Senna/Veigar (BC/SI),Braum/Soraka (FR/MT),1,1,1
Senna/Veigar (BC/SI),Aatrox/Kayn (RU/RU),1,1,1
Senna/Veigar (BC/SI),Aatrox/Ornn (RU/FR),1,1,1
Championless (SI),Seraphine/Viktor (NX/PZ),1,1,1
Azir/Nasus/Xerath (SH),Elder Dragon/Norra/Vex (RU/BC),1,1,1
Norra/Teemo (BC/PZ),Seraphine/Sett (IO/PZ),1,1,1
Lee Sin/Viktor (IO/PZ),Kayle/Zed (IO/MT),1,1,1
Viktor/Zoe (MT/PZ),Elder Dragon (RU/FR),1,1,1
Akshan (BC/SH),Karma/Sett (FR/IO),1,1,1
Mordekaiser/Viego (SI/SH),Seraphine/Viktor (IO/PZ),1,1,1
Elder Dragon/Volibear (RU/FR),Taliyah (BC/SH),1,1,1
Ryze (IO/RU),Elder Dragon/Volibear (RU/FR),1,1,1
Norra/Swain (BC/NX),Elise/Kalista (NX/SI),1,1,1
Elder Dragon/Seraphine/Viktor (RU/PZ),Jax/Jinx (RU/PZ),1,1,1
Zoe (MT),Braum/Elder Dragon/Trundle (RU/FR),1,1,1
Zoe (MT),Ezreal/Kennen (IO/PZ),1,1,1
Elder Dragon/LeBlanc/Mordekaiser (RU/NX),Zoe (MT),1,1,1
Nilah/Samira (BW/NX),Elder Dragon (RU/FR),1,1,1
Elder Dragon (RU/FR),Garen/Lux (DE/SI),1,1,1
Caitlyn/Teemo (NX/PZ),Elder Dragon (RU/FR),1,1,1
Hecarim/Zed (IO/SI),Kalista (SI),1,1,1
Norra/Teemo (BC/SI),Elder Dragon/Volibear (RU/FR),1,1,1
Caitlyn/Teemo (BC/PZ),Elder Dragon/Volibear (RU/FR),1,1,1
Elder Dragon/Seraphine/Viktor (RU/PZ),Samira/Seraphine (NX/PZ),1,1,1
Maokai (BW/SI),Zoe (MT),1,1,1
Lillia/Veigar (BC/IO),Ezreal/Seraphine (NX/PZ),1,1,1
Senna/Veigar (BC/SI),Zoe (IO/MT),1,1,1
Evelynn/Nidalee (RU/SH),Senna/Veigar (BC/SI),1,1,1
Zoe (MT),Braum/Norra (BC/FR),1,1,1
Zoe (MT),Senna/Veigar (BC/SI),1,1,1
Azir/Irelia (IO/SH),Aurelion Sol/Trundle (FR/MT),1,1,1
Elder Dragon/Norra (RU/BC),Mordekaiser/Viego (NX/SI),1,1,1
Pyke/Rek'Sai (BW/SH),Ashe (FR/SI),1,1,1
Zoe (MT),Kalista/Viego (SI),1,1,1
Zoe (MT),Miss Fortune/Senna/Veigar (BW/SI),1,1,1
Elder Dragon/Garen (RU/DE),Zoe (MT),1,1,1
Azir/Irelia (IO/SH),Aurelion Sol/Leona (MT),1,1,1
Azir/Irelia (IO/SH),Darius/Gnar/Udyr (FR/NX),1,1,1
Anivia (FR/SI),Seraphine/Sett (IO/PZ),1,1,1
Elder Dragon/Norra (RU/BC),Lulu/Zoe (IO/MT),1,1,1
Elder Dragon/Norra (RU/BC),Soraka/Tahm Kench (BW/MT),1,1,1
Elder Dragon/Norra (RU/BC),Akshan/Samira (NX/SH),1,1,1
Elder Dragon/Trundle/Volibear (RU/FR),Shen/Sivir (IO/SH),1,1,1
Elder Dragon/Trundle/Volibear (RU/FR),Akshan/Lee Sin (IO/SH),1,1,1
Elder Dragon/Trundle/Volibear (RU/FR),Mordekaiser/Viego (SI/SH),1,1,1
Elder Dragon/Trundle/Volibear (RU/FR),Hecarim/Zed (IO/SI),1,1,1
Zoe (MT),Diana/Nocturne (MT/SI),1,1,1
Elder Dragon/Norra (RU/BC),Leona (MT/NX),1,1,1
Elder Dragon/Norra (RU/BC),Leona/Shen (IO/MT),1,1,1
Kindred/Nasus (SI/SH),Elder Dragon/Norra (RU/BC),1,1,1
Azir/Irelia (IO/SH),The Poro King/Zoe (MT/RU),1,1,1
Draven/Rumble (IO/NX),Kayle/Zed (IO/MT),1,1,1
Viktor/Zoe (MT/PZ),Draven/Rumble (IO/NX),1,1,1
Draven/Rumble (IO/NX),Anivia/Ashe (FR/SI),1,1,1
Draven/Rumble (IO/NX),Malphite/Yasuo (IO/MT),1,1,1
Annie/Jhin (RU/NX),Gnar/Teemo (BC/PZ),1,1,1
Elder Dragon/Trundle/Volibear (RU/FR),Fizz (BW/SH),1,1,1
Elder Dragon/Trundle/Volibear (RU/FR),Morgana/Udyr (DE/FR),1,1,1
Elder Dragon/Norra (RU/BC),Aphelios/Zoe (MT/PZ),1,1,1
Elder Dragon/Norra (RU/BC),Maokai/Mordekaiser (NX/SI),1,1,1
Seraphine/Sett (IO/PZ),Annie/Janna (NX/PZ),1,1,1
Draven/Rumble (IO/NX),Viego (SI/SH),1,1,1
Fizz (BW/SH),Draven/Rumble (IO/NX),1,1,1
Zoe (MT),Braum/Zoe (FR/MT),1,1,1
Zoe (MT),Soraka/Vladimir (MT/NX),1,1,1
Seraphine/Sett (IO/PZ),Diana/Nocturne (MT/SI),1,1,1
Kindred/Nasus (SI/SH),Seraphine/Sett (IO/PZ),1,1,1
Seraphine/Sett (IO/PZ),Braum/Yuumi/Zoe (FR/MT),1,1,1
Seraphine/Sett (IO/PZ),Elder Dragon/Viego (RU/SI),1,1,1
Fiora (DE/FR),Fizz (BW/SH),1,1,1
Lillia (IO/MT),Kindred/Mordekaiser (BC/SI),1,1,1
Lillia (IO/MT),Ekko/Jinx (PZ/SH),1,1,1
Lillia (IO/MT),Championless (PZ/SI),1,1,1
Akshan/Elder Dragon/Sivir (RU/SH),The Poro King (IO/RU),1,1,1
Lee Sin/Viktor (IO/PZ),Hecarim/Maokai (IO/SI),1,1,1
Lee Sin/Viktor (IO/PZ),Yuumi/Zoe (FR/MT),1,1,1
Seraphine/Sett (IO/PZ),Taliyah/Zilean (IO/SH),1,1,1
Karma/Sett (FR/IO),Championless (FR/PZ),1,1,1
Seraphine (IO/PZ),Teemo (BC/PZ),1,1,1
Seraphine (BW/PZ),Ezreal/Seraphine (IO/PZ),1,1,1
Ezreal/Seraphine (IO/PZ),Master Yi/Yasuo (IO/PZ),1,1,1
Elder Dragon/Norra/Vex (RU/BC),Illaoi/Swain (BW/NX),1,1,1
Seraphine/Sett (IO/PZ),Lissandra (FR/SI),1,1,1
Elder Dragon/Seraphine/Viktor (RU/PZ),Neeko/Poppy (DE/RU),1,1,1
Kindred/Nasus (SI/SH),Elder Dragon/Seraphine/Viktor (RU/PZ),1,1,1
Elder Dragon/Seraphine/Viktor (RU/PZ),Thresh (MT/SI),1,1,1
Karma/Sett (FR/IO),Aurelion Sol/Thresh (MT/SI),1,1,1
Elder Dragon/Trundle/Volibear (RU/FR),Fizz/Jack/Nilah (BW/IO),1,1,1
Elder Dragon/Trundle/Volibear (RU/FR),Elder Dragon/Lissandra (RU/FR),1,1,1
Trundle/Volibear (DE/FR),Elder Dragon/Trundle/Volibear (RU/FR),1,1,1
Elder Dragon/Trundle/Volibear (RU/FR),Championless (SI),1,1,1
Elder Dragon/Trundle/Volibear (RU/FR),Braum/Morgana (FR/MT),1,1,1
Zoe (MT),Karma/Viktor (IO/PZ),1,1,1
Zoe (MT),Ashe/LeBlanc (FR/NX),1,1,1
Zoe (MT),Aurelion Sol/Zoe (MT),1,1,1
Senna/Veigar (BC/SI),Kindred/Mordekaiser (BC/SI),1,1,1
Lulu/Shen (IO/MT),Gwen/Katarina (NX/SI),1,1,1
Gwen/Katarina (NX/SI),Ashe/LeBlanc (FR/NX),1,1,1
Irelia/Miss Fortune (BW/IO),Gwen/Katarina (NX/SI),1,1,1
Azir/Irelia (IO/SH),Gwen/Katarina (NX/SI),1,1,1
Kalista (FR/SI),Azir/Irelia (IO/SH),1,1,1
Ezreal/Seraphine (IO/PZ),Jayce/Lux (DE/PZ),1,1,1
Heimerdinger (PZ/SI),Ezreal/Seraphine (IO/PZ),1,1,1
Elder Dragon/Galio/Morgana (RU/DE),Aurelion Sol/Janna (MT/PZ),1,1,1
Galio/Jarvan IV (DE/FR),Elder Dragon/Trundle/Volibear (RU/FR),1,1,1
Seraphine/Sett (IO/PZ),Elder Dragon/Trundle/Volibear (RU/FR),1,1,1
Kalista (SI),Kennen/Lillia (IO/SI),1,1,1
Kalista (SI),The Poro King (FR/RU),1,1,1
Kalista (SI),Senna/Veigar (BC/SI),1,1,1
Bard/Norra (BC/RU),Kalista (SI),1,1,1
Kalista (SI),Pyke/Rek'Sai (BW/SH),1,1,1
Kalista (SI),Galio/Poppy (DE/IO),1,1,1
Elder Dragon/Norra (RU/BC),Kalista (SI),1,1,1
Azir/Irelia (IO/SH),Akshan (FR/SH),1,1,1
Elder Dragon/Norra (RU/BC),Jhin/Katarina (RU/NX),1,1,1
Elder Dragon/Norra (RU/BC),Azir (SH),1,1,1
Elder Dragon/Trundle/Volibear (RU/FR),Kalista (SI),1,1,1
Elder Dragon/Trundle/Volibear (RU/FR),Aphelios/Seraphine (MT/PZ),1,1,1
Ashe/LeBlanc (FR/NX),Elder Dragon/Trundle/Volibear (RU/FR),1,1,1
Elder Dragon/Trundle/Volibear (RU/FR),Bard/Norra (BC/RU),1,1,1
Elder Dragon/Galio/Morgana (RU/DE),Zoe (MT),1,1,1
Zoe (MT),Poppy/Taric (DE/MT),1,1,1
Zoe (MT),Akshan/Varus (SH/RU),1,1,1
Akshan/Varus (SH/RU),Azir/Xerath (SH),1,1,1
Akshan/Varus (SH/RU),Pyke/Rek'Sai (BW/SH),1,1,1
Seraphine/Zoe (MT/PZ),Elise/Kalista (NX/SI),1,1,1
Seraphine/Zoe (MT/PZ),Championpile (DE/FR),1,1,1
Azir/Xerath (SH),Lillia/Veigar (BC/IO),1,1,1
Lillia/Veigar (BC/IO),Gwen/Vayne (DE/SI),1,1,1
Lillia/Veigar (BC/IO),Elder Dragon/Norra (RU/BC),1,1,1
Kalista (SI),Morgana/Udyr (DE/FR),1,1,1
Jinx/Lulu (BC/PZ),Akshan/Master Yi (IO/SH),1,1,1
Evelynn/Nidalee (RU/SH),Jinx/Lulu (BC/PZ),1,1,1
Garen/Poppy (DE/FR),Jinx/Lulu (BC/PZ),1,1,1
Jinx/Lulu (BC/PZ),Nidalee (BC/SH),1,1,1
Jinx/Lulu (BC/PZ),Lee Sin/Riven (IO/NX),1,1,1
Jinx/Lulu (BC/PZ),Senna/Veigar (BC/SI),1,1,1
Jinx/Lulu (BC/PZ),Heimerdinger/Zoe (MT/PZ),1,1,1
Elder Dragon/Neeko (RU/RU),Jinx/Lulu (BC/PZ),1,1,1
Elder Dragon/Norra/Vex (RU/BC),Teemo/Vi (BC/PZ),1,1,1
Elder Dragon/Norra/Vex (RU/BC),Gwen/Vayne (DE/SI),1,1,1
Ashe/LeBlanc (FR/NX),Seraphine/Sett (IO/PZ),1,1,1
Hecarim/Zed (IO/SI),Jhin/Sett (IO/RU),1,1,1
Elder Dragon/Trundle/Volibear (RU/FR),Championpile/Elder Dragon (RU/FR),1,1,1
Karma/Sett (IO/PZ),Elder Dragon/Trundle/Volibear (RU/FR),1,1,1
Elder Dragon/Seraphine/Viktor (RU/PZ),Elder Dragon/Morgana/Shyvana (RU/DE),1,1,1
Zoe (MT),Janna/Nilah (BW/PZ),1,1,1
Zoe (MT),Ryze (IO/RU),1,1,1
Zoe (MT),Jhin/Kennen (IO/RU),1,1,1
Azir/Irelia (IO/SH),Akshan/Varus (SH/RU),1,1,1
Seraphine/Zoe (MT/PZ),Elder Dragon/Norra (RU/BC),1,1,1
Seraphine/Zoe (MT/PZ),Jinx/Lulu (BC/PZ),1,1,1
Jhin/Kennen (IO/RU),Irelia/Nidalee (IO/SH),1,1,1
Jhin/Kennen (IO/RU),Jax/Ornn (FR/RU),1,1,1
Jhin/Kennen (IO/RU),Aurelion Sol/Zoe (MT/PZ),1,1,1
Akshan/Lee Sin (IO/SH),Draven/Rumble (BC/NX),1,1,1
Championpile/Elder Dragon (RU/FR),Jhin/Vex (BC/RU),1,1,1
Lillia/Veigar (BC/IO),Azir/Irelia (IO/SH),1,1,1
Mordekaiser/Morgana (DE/SI),Senna/Veigar (BC/SI),1,1,1
Elder Dragon/Norra (RU/BC),Mordekaiser/Morgana (DE/SI),1,1,1
Mordekaiser/Morgana (DE/SI),Riven/Viktor (NX/PZ),1,1,1
Kalista (SI),Vex (BC/SI),1,1,1
Poppy/Ziggs (BC/NX),Kalista (SI),1,1,1
Nilah/Twisted Fate (BW/PZ),Kalista (SI),1,1,1
Kalista (SI),Gwen/Zed (IO/SI),1,1,1
Kalista (MT/SI),Elder Dragon/Volibear (RU/FR),1,1,1
Elder Dragon/Seraphine/Viktor (RU/PZ),Kalista (MT/SI),1,1,1
Elder Dragon/Norra (RU/BC),Taliyah (BC/SH),1,1,1
Jinx/Lulu (BC/PZ),Annie/Janna (NX/PZ),1,1,1
Jinx/Lulu (BC/PZ),Hecarim (IO/SI),1,1,1
Akshan/Kai'Sa (DE/SH),LeBlanc/Sivir (NX/SH),1,1,1
Azir/Irelia (IO/SH),Annie/Twisted Fate (BW/NX),1,1,1
Annie/Twisted Fate (BW/NX),Taliyah (BC/SH),1,1,1
Hecarim/Zed (IO/SI),Rumble/Sion (BC/NX),1,1,1
Caitlyn/Teemo (BC/PZ),Hecarim/Zed (IO/SI),1,1,1
Jarvan IV/Shen (DE/IO),Hecarim/Zed (IO/SI),1,1,1
Zoe (MT),Hecarim/Zed (IO/SI),1,1,1
Lucian/Zed (DE/IO),Taliyah/Zilean (IO/SH),1,1,1
Zoe (MT),Hecarim/Kalista (FR/SI),1,1,1
Akshan/Varus (SH/RU),Hecarim/Zed (IO/SI),1,1,1
Akshan/Varus (SH/RU),Lissandra/Taliyah (FR/SH),1,1,1
Akshan (FR/SH),Akshan/Varus (SH/RU),1,1,1
Championless (DE),Akshan/Varus (SH/RU),1,1,1
Akshan/Varus (SH/RU),Akshan/Braum (FR/SH),1,1,1
Caitlyn/Teemo (FR/PZ),Akshan/Varus (SH/RU),1,1,1
Braum/Zoe (FR/MT),Akshan/Varus (SH/RU),1,1,1
Azir/Irelia (IO/SH),Garen/Gnar/Udyr (DE/FR),1,1,1
Azir/Irelia (IO/SH),Akshan/Braum (FR/SH),1,1,1
Elise (FR/SI),Elder Dragon/Norra (RU/BC),1,1,1
Akshan (FR/SH),Jinx/Lulu (BC/PZ),1,1,1
Jinx/Lulu (BC/PZ),Bard/Norra (BC/RU),1,1,1
Jinx/Lulu (BC/PZ),Maokai/Nautilus (BW/SI),1,1,1
Norra (BC/SI),Jinx/Lulu (BC/PZ),1,1,1
Taliyah/Zilean (IO/SH),Nasus/Thresh (SI/SH),1,1,1
Taliyah/Zilean (IO/SH),Mordekaiser/Viego (SI/SH),1,1,1
Taliyah/Zilean (IO/SH),Annie/Jhin/Katarina (RU/NX),1,1,1
Zoe (MT),Seraphine/Zoe (MT/PZ),1,1,1
Gwen/Vayne (DE/SI),Zoe (MT),1,1,1
Norra (BC/FR),Akshan/Varus (SH/RU),1,1,1
Karma/Sett (FR/IO),Akshan/Varus (SH/RU),1,1,1
Elder Dragon/Volibear (RU/FR),Fiora/Shen (DE/IO),1,1,1
Braum/The Poro King (FR/RU),Seraphine/Zoe (MT/PZ),1,1,1
Seraphine/Zoe (MT/PZ),Pyke/Rek'Sai (BW/SH),1,1,1
Jayce/Lux (DE/PZ),Seraphine/Zoe (MT/PZ),1,1,1
Seraphine/Zoe (MT/PZ),Championless (SI),1,1,1
Elder Dragon (RU/FR),Mordekaiser/Morgana (DE/SI),1,1,1
Mordekaiser/Morgana (DE/SI),Ezreal/Nilah (BW/PZ),1,1,1
Gangplank/Sejuani (BW/FR),Mordekaiser/Morgana (DE/SI),1,1,1
Miss Fortune/Twisted Fate (BW/NX),Mordekaiser/Morgana (DE/SI),1,1,1
Elder Dragon/Norra/Vex (RU/BC),Mordekaiser/Morgana (DE/SI),1,1,1
Mordekaiser/Morgana (DE/SI),Nilah/Twisted Fate (BW/PZ),1,1,1
Mordekaiser/Morgana (DE/SI),Katarina/Yasuo (IO/NX),1,1,1
Ezreal/Seraphine (IO/PZ),Mordekaiser/Morgana (DE/SI),1,1,1
Norra/Teemo (BC/SI),Mordekaiser/Morgana (DE/SI),1,1,1
Elder Dragon/Norra/Vex (RU/BC),Miss Fortune (BW/IO),1,1,1
Ezreal/Seraphine (IO/PZ),Gwen/Irelia (IO/SI),1,1,1
Ezreal/Seraphine (IO/PZ),Poppy/Ziggs (BC/NX),1,1,1
Zoe (MT),Mordekaiser/Viego (SI/SH),1,1,1
Zoe (MT),Jax/Tristana (BC/RU),1,1,1
Akshan/Varus (SH/RU),Elder Dragon (RU/FR),1,1,1
Senna/Veigar (BC/SI),Azir (MT/SH),1,1,1
Elder Dragon/Lissandra/Volibear (RU/FR),Azir (MT/SH),1,1,1
Azir (MT/SH),Elder Dragon/Volibear (RU/FR),1,1,1
Azir (MT/SH),Anivia/Volibear (FR/PZ),1,1,1
Bard/Norra (BC/RU),Azir (MT/SH),1,1,1
Azir (MT/SH),Championless (SI/SH),1,1,1
Azir (MT/SH),Akshan/Morgana (DE/SH),1,1,1
Taliyah/Zilean (IO/SH),Mordekaiser/Morgana (DE/SI),1,1,1
Azir (SI/SH),Mordekaiser/Morgana (DE/SI),1,1,1
Mordekaiser/Morgana (DE/SI),Bard/Norra (BC/RU),1,1,1
Elder Dragon/Norra (RU/BC),Braum/Zed (FR/IO),1,1,1
Swain/Twisted Fate (BW/NX),Poppy/Ziggs (BC/NX),1,1,1
Elder Dragon/Norra/Vex (RU/BC),Seraphine/Sett (IO/PZ),1,1,1
Hecarim/Zed (IO/SI),Mordekaiser (PZ/SI),1,1,1
Zoe (MT),Jhin/Norra (BC/RU),1,1,1
Zoe (MT),Karma/Master Yi (IO/PZ),1,1,1
Zoe (MT),Ashe/Tahm Kench (BW/FR),1,1,1
Senna/Veigar (BC/SI),Akshan/Varus (SH/RU),1,1,1
Azir (MT/SH),Championless (FR/SI),1,1,1
Nasus/Thresh (SI/SH),Azir (MT/SH),1,1,1
Kalista (SI),Karma (FR/IO),1,1,1
Leona/Yasuo (IO/MT),Kalista (SI),1,1,1
Lulu/Lux: Illuminated/Shen (DE/IO),Kalista (SI),1,1,1
Kindred (FR/SI),Kalista (SI),1,1,1
Janna/Senna (PZ/SI),Kalista (SI),1,1,1
Elder Dragon/Volibear (RU/FR),The Poro King (FR/RU),1,1,1
Katarina/Yasuo (IO/NX),Gwen/Katarina (NX/SI),1,1,1
Akshan/Braum (FR/SH),Gwen/Katarina (NX/SI),1,1,1
Elise/Kalista (NX/SI),Gwen/Katarina (NX/SI),1,1,1
Gwen/Katarina (NX/SI),Elder Dragon (RU/FR),1,1,1
Gwen/Katarina (NX/SI),Championless (NX/SI),1,1,1
Azir/Irelia (IO/SH),Azir (MT/SH),1,1,1
Elder Dragon/Norra (RU/BC),Darius (FR/NX),1,1,1
Elder Dragon/Norra (RU/BC),Elder Dragon/Morgana/Shyvana (RU/DE),1,1,1
Seraphine/Sett (IO/PZ),Kayle/Zed (IO/MT),1,1,1
Lulu/Shen (IO/MT),Seraphine/Sett (IO/PZ),1,1,1
Taliyah/Zilean (IO/SH),Caitlyn/Teemo (FR/PZ),1,1,1
Zoe (MT),Darius/Miss Fortune (BW/NX),1,1,1
Azir (MT/SH),Xerath/Zilean (BC/SH),1,1,1
Seraphine/Sett (IO/PZ),Pantheon/Yuumi (DE/MT),1,1,1
Seraphine (IO/PZ),Elder Dragon/Seraphine/Viktor (RU/PZ),1,1,1
Seraphine (IO/PZ),Elder Dragon/Volibear (RU/FR),1,1,1
Seraphine (IO/PZ),Championless (FR/SI),1,1,1
Seraphine/Sett (IO/PZ),Championless (FR/SI),1,1,1
Seraphine/Sett (IO/PZ),Fiora (DE/IO),1,1,1
Elder Dragon/Seraphine/Viktor (RU/PZ),Soraka/Tahm Kench (BW/MT),1,1,1
Elder Dragon/Seraphine/Viktor (RU/PZ),Anivia/Vladimir (FR/NX),1,1,1
Elder Dragon/Seraphine/Viktor (RU/PZ),Lissandra/Trundle (FR/SI),1,1,1
Aurelion Sol/Elder Dragon/Zoe (RU/MT),Elder Dragon/Norra (RU/BC),1,1,1
Akshan/Kai'Sa (DE/SH),Azir/Irelia (IO/SH),1,1,1
Championless (SI),Evelynn/Kai'Sa (RU/SH),1,1,1
Braum/Vladimir (FR/NX),Elder Dragon/Galio/Morgana (RU/DE),1,1,1
Elder Dragon/Galio/Morgana (RU/DE),Hecarim (IO/SI),1,1,1
Championless (MT/SI),Elder Dragon/Seraphine/Viktor (RU/PZ),1,1,1
Draven/Sion (NX/PZ),Elder Dragon/Seraphine/Viktor (RU/PZ),1,1,1
Seraphine/Twisted Fate (BW/PZ),Elder Dragon/Seraphine/Viktor (RU/PZ),1,1,1
Elder Dragon/Seraphine/Viktor (RU/PZ),Mordekaiser/Viego (IO/SI),1,1,1
Nocturne (SI),Katarina/Miss Fortune (BW/NX),1,1,1
Kalista (SI),Championless (SI),1,1,1
Annie/Jhin (RU/NX),Gwen/Mordekaiser (BC/SI),1,1,1
Seraphine/Sett (IO/PZ),Elder Dragon/Volibear (RU/FR),1,1,1
Ashe (FR/PZ),Akshan/Kai'Sa (DE/SH),1,1,1
Seraphine (IO/PZ),Kalista/Viego (SI),1,1,1
Maokai/Nautilus (BW/SI),Elder Dragon/Galio/Morgana (RU/DE),1,1,1
Elder Dragon/Galio/Morgana (RU/DE),Teemo (BC/PZ),1,1,1
Jhin/Katarina (RU/NX),Zoe (MT),1,1,1
Norra (BC/SI),Elder Dragon/Volibear (RU/FR),1,1,1
Jhin/Kennen (IO/RU),Elder Dragon/Volibear (RU/FR),1,1,1
Jarvan IV/Shen (DE/IO),Nocturne (SI),1,1,1
Nocturne (SI),Aurelion Sol/Morgana (FR/MT),1,1,1
Elder Dragon/Norra (RU/BC),Aphelios/Morgana (DE/MT),1,1,1
Braum/Zoe (FR/MT),Akshan/Braum (FR/SH),1,1,1
Braum/Zoe (FR/MT),Elder Dragon/Neeko (RU/RU),1,1,1
Nidalee (BC/SH),Elder Dragon/Norra (RU/BC),1,1,1
Lissandra/Taliyah (FR/SH),Championless (SI),1,1,1
Championless (SI),Aatrox (RU/BW),1,1,1
Championless (SI),Caitlyn/Teemo (BC/PZ),1,1,1
Annie/Jhin (RU/NX),Jarvan IV/Shen (DE/IO),1,1,1
Ezreal/Seraphine (IO/PZ),Seraphine/Sett (IO/PZ),1,1,1
Elder Dragon/Norra/Vex (RU/BC),Kayle/Lux: Illuminated (DE/MT),1,1,1
Jinx/Lulu (BC/PZ),Elder Dragon/Galio/Morgana (RU/DE),1,1,1
Elder Dragon/Seraphine/Viktor (RU/PZ),Mordekaiser/Norra (BC/SI),1,1,1
Annie/Ziggs (NX/SH),Elder Dragon/Seraphine/Viktor (RU/PZ),1,1,1
Mordekaiser/Viego (FR/SI),Elder Dragon/Norra (RU/BC),1,1,1
Elder Dragon/Norra (RU/BC),The Poro King/Viktor (PZ/RU),1,1,1
The Poro King (MT/RU),Pyke/Rek'Sai (BW/SH),1,1,1
Zoe (FR/MT),Taliyah/Zilean (IO/SH),1,1,1
Akshan (FR/SH),Zoe (FR/MT),1,1,1
Azir/Renekton (SH),Aphelios/Nami (BW/MT),1,1,1
Jhin/Kennen (IO/RU),Master Yi/Nami (BW/IO),1,1,1
Elder Dragon/Norra (RU/BC),Jhin/Vex (BC/RU),1,1,1
Akshan/Kai'Sa (DE/SH),Taliyah/Zilean (IO/SH),1,1,1
Annie/Jhin (RU/NX),Elder Dragon/Lissandra (RU/FR),1,1,1
Draven/Rumble (NX/PZ),Azir/Irelia (IO/SH),1,1,1
Caitlyn/Teemo (BC/PZ),Elder Dragon/Galio/Morgana (RU/DE),1,1,1
Zoe (MT),Ashe (DE/FR),1,1,1
Zoe (MT),Master Yi/Yuumi (BC/IO),1,1,1
Zoe (MT),Gnar/Swain (BC/NX),1,1,1
Zoe (MT),Sejuani/Swain/Udyr (FR/NX),1,1,1
Zoe (MT),Anivia/Volibear (FR/PZ),1,1,1
Zoe (MT),Aatrox/Kayn (RU/RU),1,1,1
Zoe (MT),Master Yi/Nami (BW/IO),1,1,1
Elder Dragon/Norra (RU/BC),Bard/Norra (BC/RU),1,1,1
Championpile/Elder Dragon (RU/MT),Elder Dragon/Norra (RU/BC),1,1,1
Elder Dragon/Morgana (RU/DE),Braum/Zoe (FR/MT),1,1,1
Elder Dragon/Norra/Vex (RU/BC),Katarina/Yasuo (IO/NX),1,1,1
Elder Dragon/Galio/Morgana (RU/DE),Leona/Yasuo (IO/MT),1,1,1
Elder Dragon/Galio/Morgana (RU/DE),Darius/Ezreal (NX/PZ),1,1,1
Elder Dragon/Galio/Morgana (RU/DE),Kai'Sa (DE/SH),1,1,1
Elder Dragon/Galio/Morgana (RU/DE),Ahri/Kennen/Master Yi (IO),1,1,1
Azir/Irelia (IO/SH),Jarvan IV/Shen (DE/IO),1,1,1
Elder Dragon/Volibear (RU/FR),Bard/Mordekaiser (RU/SI),1,1,1
Elder Dragon/Volibear (RU/FR),The Poro King (MT/RU),1,1,1
Elder Dragon/Mordekaiser/Viego (RU/SI),Annie/Jhin (RU/NX),1,1,1
Azir/Irelia (IO/SH),Lissandra/Taliyah (FR/SH),1,1,1
Azir/Irelia (IO/SH),Lee Sin (IO/MT),1,1,1
Elder Dragon/Norra (RU/BC),Viktor/Zoe (MT/PZ),1,1,1
Elder Dragon/Norra/Vex (RU/BC),Janna/Senna (PZ/SI),1,1,1
Elder Dragon/Norra/Vex (RU/BC),Draven/Jinx (NX/PZ),1,1,1
Elder Dragon/Norra/Vex (RU/BC),Championless (BC/SH),1,1,1
Elder Dragon/Norra/Vex (RU/BC),Annie/Miss Fortune (BW/NX),1,1,1
Elder Dragon/Norra/Vex (RU/BC),Fizz/Samira (BW/NX),1,1,1
Elder Dragon/Norra/Vex (RU/BC),Norra/Trundle (BC/FR),1,1,1
Elder Dragon/Norra/Vex (RU/BC),Kindred/Nasus (SI/SH),1,1,1
Elder Dragon/Norra/Vex (RU/BC),Janna/Norra (BC/PZ),1,1,1
Elder Dragon/Norra/Vex (RU/BC),Taliyah/Zilean (IO/SH),1,1,1
Elder Dragon/Morgana/Shyvana (RU/DE),Elder Dragon/Norra/Vex (RU/BC),1,1,1
Elder Dragon/Norra/Vex (RU/BC),Annie/Ezreal (NX/PZ),1,1,1
Elder Dragon/Norra/Vex (RU/BC),Ahri/Akshan (IO/SH),1,1,1
Zoe (MT),Nautilus (BW/SI),1,1,1
Elder Dragon/Norra (RU/BC),Akshan/Varus (SH/RU),1,1,1
Elder Dragon/Norra (RU/BC),Akshan/Nasus/Renekton (SH),1,1,1
Elder Dragon/Norra (RU/BC),Norra/Teemo (BC/PZ),1,1,1
Elder Dragon/Norra/Vex (RU/BC),Kayle/Zed (IO/MT),1,1,1
Elder Dragon/Norra/Vex (RU/BC),Morgana/Zoe (FR/MT),1,1,1
Seraphine/Sett (IO/PZ),Elder Dragon/Morgana/Shyvana (RU/DE),1,1,1
Championless (SI),Seraphine/Sett (IO/PZ),1,1,1
Hecarim/Zed (IO/SI),Azir/Ziggs (NX/SH),1,1,1
Hecarim/Zed (IO/SI),Jhin/Katarina (RU/NX),1,1,1
Hecarim/Zed (IO/SI),Aurelion Sol/Shyvana (DE/MT),1,1,1
Hecarim/Zed (IO/SI),Jax/Vi (RU/PZ),1,1,1
Braum/Soraka/Yuumi (FR/MT),Hecarim/Zed (IO/SI),1,1,1
Samira/Viktor (NX/PZ),Hecarim/Zed (IO/SI),1,1,1
Seraphine/Sett (IO/PZ),Zoe (MT),1,1,1
Zoe (MT),Jinx/Teemo (BC/PZ),1,1,1
Nocturne (SI),Championless (SI),1,1,1
Gwen/Katarina (NX/SI),Nocturne (SI),1,1,1
Nocturne (SI),The Poro King (RU/SH),1,1,1
Elder Dragon/Seraphine/Viktor (RU/PZ),Fizz/Samira (BW/NX),1,1,1
Ezreal/Seraphine (BC/PZ),Lulu/Yuumi (BC/IO),1,1,1
Ezreal/Seraphine (BC/PZ),Akshan (FR/SH),1,1,1
Ezreal/Seraphine (BC/PZ),Fiora (DE/SH),1,1,1
Elder Dragon/Seraphine/Viktor (RU/PZ),Championless (BC/SH),1,1,1
Annie/Jhin (RU/NX),Illaoi (BW),1,1,1
Hecarim/Kindred (SI),Seraphine (MT/PZ),1,1,1
Poppy/Ziggs (BC/NX),Seraphine (MT/PZ),1,1,1
Seraphine (MT/PZ),Ornn/Trundle/Volibear (FR/MT),1,1,1
Seraphine (MT/PZ),Annie/Jhin (RU/NX),1,1,1
Seraphine (MT/PZ),Samira/Zilean (NX/SH),1,1,1
Seraphine (MT/PZ),Ashe/Fiora (DE/FR),1,1,1
Azir/Hecarim (SI/SH),Ezreal/Seraphine (BC/PZ),1,1,1
Taliyah (BC/SH),Ezreal/Seraphine (BC/PZ),1,1,1
Elder Dragon/Norra/Vex (RU/BC),Kindred/Twisted Fate (BW/SI),1,1,1
Nilah/Twisted Fate (BW/PZ),Taliyah (BC/SH),1,1,1
Braum/Udyr/Vladimir (FR/NX),Nilah/Twisted Fate (BW/PZ),1,1,1
Maokai/Nautilus (BW/SI),Azir/Irelia (IO/SH),1,12,0.0833333333333333
Azir/Xerath (SH),Azir/Irelia (IO/SH),1,12,0.0833333333333333
Azir/Irelia (IO/SH),Maokai/Nautilus (BW/SI),11,12,0.916666666666667
Azir/Irelia (IO/SH),Azir/Xerath (SH),11,12,0.916666666666667
Ashe/LeBlanc (FR/NX),Azir/Irelia (IO/SH),4,5,0.8
Elder Dragon/Galio/Morgana (RU/DE),Mordekaiser/Norra (BC/SI),4,5,0.8
Elder Dragon/Galio/Morgana (RU/DE),Nocturne/Vex (PZ/SI),4,5,0.8
Elder Dragon/Norra (RU/BC),Karma/Sett (IO/PZ),4,5,0.8
Nilah/Twisted Fate (BW/PZ),Elder Dragon/Norra (RU/BC),4,5,0.8
Azir/Irelia (IO/SH),Akshan/Lee Sin (IO/SH),4,5,0.8
Poppy/Tristana (BC/SH),Nidalee/Norra (BC/SH),4,5,0.8
Caitlyn/Teemo (FR/PZ),Elder Dragon/Volibear (RU/FR),4,5,0.8
Annie/Jhin (RU/NX),Swain/Yasuo (IO/NX),4,5,0.8
Azir/Irelia (IO/SH),Ashe/LeBlanc (FR/NX),1,5,0.2
Mordekaiser/Norra (BC/SI),Elder Dragon/Galio/Morgana (RU/DE),1,5,0.2
Nocturne/Vex (PZ/SI),Elder Dragon/Galio/Morgana (RU/DE),1,5,0.2
Karma/Sett (IO/PZ),Elder Dragon/Norra (RU/BC),1,5,0.2
Elder Dragon/Norra (RU/BC),Nilah/Twisted Fate (BW/PZ),1,5,0.2
Akshan/Lee Sin (IO/SH),Azir/Irelia (IO/SH),1,5,0.2
Nidalee/Norra (BC/SH),Poppy/Tristana (BC/SH),1,5,0.2
Elder Dragon/Volibear (RU/FR),Caitlyn/Teemo (FR/PZ),1,5,0.2
Swain/Yasuo (IO/NX),Annie/Jhin (RU/NX),1,5,0.2
Azir/Irelia (IO/SH),Garen/Udyr (DE/FR),2,2,1
Azir/Irelia (IO/SH),Fizz/Samira (BW/NX),2,2,1
Azir/Irelia (IO/SH),Morgana/Udyr (DE/FR),2,2,1
Azir/Irelia (IO/SH),Nilah/Twisted Fate (BW/MT),2,2,1
Elder Dragon/Morgana (RU/DE),Mordekaiser/Norra (BC/SI),2,2,1
Azir/Irelia (IO/SH),Ezreal/Karma (IO/PZ),2,2,1
Azir/Irelia (IO/SH),Azir/Nasus/Renekton (SH),2,2,1
Azir/Irelia (IO/SH),Jinx/Samira (NX/PZ),2,2,1
Elder Dragon/Galio/Morgana (RU/DE),Azir/Xerath (SH),2,2,1
Elder Dragon/Galio/Morgana (RU/DE),Akshan/Morgana (DE/SH),2,2,1
Elder Dragon/Galio/Morgana (RU/DE),Akshan/Mordekaiser (SI/SH),2,2,1
Elder Dragon/Galio/Morgana (RU/DE),Janna/Nilah (BW/PZ),2,2,1
Poppy/Ziggs (BC/NX),Elder Dragon (RU/FR),2,2,1
Karma/Sett (IO/PZ),Janna/Senna (PZ/SI),2,2,1
Elder Dragon/Garen (RU/DE),Jinx/Lulu (BC/PZ),2,2,1
Aurelion Sol/Trundle (FR/MT),Elder Dragon/Norra (RU/BC),2,2,1
Janna/Senna (PZ/SI),Draven/Jinx (NX/PZ),2,2,1
Heimerdinger/Viktor (IO/PZ),Elder Dragon/Galio/Morgana (RU/DE),2,2,1
Heimerdinger/Viktor (IO/PZ),Elder Dragon (RU/FR),2,2,1
Elder Dragon/Norra (RU/BC),Lux: Illuminated/Zed (DE/IO),2,2,1
Elder Dragon/Norra (RU/BC),Nocturne/Vex (PZ/SI),2,2,1
Braum/Yuumi/Zoe (FR/MT),Janna/Senna (PZ/SI),2,2,1
Miss Fortune/Quinn (BW/DE),Elder Dragon/Norra (RU/BC),2,2,1
Poppy/Tristana (BC/SH),Poppy/Ziggs (BC/NX),2,2,1
Elder Dragon (RU/FR),Elder Dragon/Lissandra/Volibear (RU/FR),2,2,1
Azir/Irelia (IO/SH),Annie/Gwen (NX/SI),2,2,1
Akshan/Mordekaiser (SI/SH),Poppy/Tristana (BC/SH),2,2,1
Elder Dragon/Lissandra/Volibear (RU/FR),Elder Dragon/Volibear (RU/FR),2,2,1
Ashe/LeBlanc (FR/NX),Karma (FR/IO),2,2,1
Azir/Irelia (IO/SH),Akshan/Sivir (FR/SH),2,2,1
Elder Dragon (RU/FR),Nidalee/Norra (BC/SH),2,2,1
Championless (FR/NX),Elder Dragon (RU/FR),2,2,1
Mordekaiser/Norra (BC/SI),Caitlyn/Twisted Fate (BW/PZ),2,2,1
Elder Dragon/Galio/Morgana (RU/DE),Karma/Sett (FR/IO),2,2,1
Karma/Sett (FR/IO),Bard/Mordekaiser (RU/SI),2,2,1
Ezreal/Kennen (IO/PZ),Fiora (DE/FR),2,2,1
Norra/Teemo (BC/PZ),Aphelios/Fizz (BC/MT),2,2,1
Championless (FR/NX),Aurelion Sol (FR/MT),2,2,1
Poppy/Tristana (BC/SH),Lux: Illuminated/Zed (DE/IO),2,2,1
Elder Dragon/Norra (RU/BC),Akshan/Lee Sin (IO/SH),2,2,1
Championless (FR/NX),Championless (SI),2,2,1
Championless (FR/NX),Janna/Senna (PZ/SI),2,2,1
Poppy/Ziggs (BC/NX),Hecarim/Zed (IO/SI),2,2,1
Jax/Ornn (FR/RU),Elder Dragon/Norra (RU/BC),2,2,1
Karma (IO/PZ),Mordekaiser/Norra (BC/SI),2,2,1
Mordekaiser/Norra (BC/SI),Jinx/Lulu (BC/PZ),2,2,1
Jax/Ornn (FR/RU),Annie/Jhin (RU/NX),2,2,1
Elder Dragon/Galio/Morgana (RU/DE),Thresh (SI/SH),2,2,1
Karma/Sett (FR/IO),Fiora (DE/FR),2,2,1
Poppy/Ziggs (BC/NX),Karma/Sett (FR/IO),2,2,1
Karma/Sett (FR/IO),Championpile/Elder Dragon (RU/FR),2,2,1
Pyke/Rek'Sai (BW/SH),Karma/Sett (FR/IO),2,2,1
Azir/Irelia (IO/SH),Karma (FR/IO),2,2,1
Akshan/Morgana/Taliyah (DE/SH),Poppy/Ziggs (BC/NX),2,2,1
Akshan/Morgana/Taliyah (DE/SH),Gangplank/Swain (BW/NX),2,2,1
Caitlyn/Teemo (FR/PZ),Ezreal/Karma/Seraphine (IO/PZ),2,2,1
Azir/Irelia (IO/SH),Gnar/Teemo (BC/PZ),2,2,1
Azir/Irelia (IO/SH),Aurelion Sol/Elder Dragon (RU/MT),2,2,1
Ezreal/Karma/Seraphine (IO/PZ),Elder Dragon/Volibear (RU/FR),2,2,1
Annie/Jhin (RU/NX),Miss Fortune/Quinn (BW/DE),2,2,1
Mordekaiser/Norra (BC/SI),Championless (BC/SH),2,2,1
Fizz (BW/SH),Elder Dragon/Volibear (RU/FR),2,2,1
Fizz (BW/SH),Azir/Irelia (IO/SH),2,2,1
Nidalee (BC/SH),Draven/Elise (NX/SI),2,2,1
Elder Dragon/Galio/Morgana (RU/DE),Fizz (BW/SH),2,2,1
Akshan/Morgana/Taliyah (DE/SH),Braum/Vladimir (FR/NX),2,2,1
Elder Dragon/Norra (RU/BC),Bard/Mordekaiser (RU/SI),2,2,1
Elder Dragon/Trundle/Volibear (RU/FR),Pyke/Rek'Sai (BW/SH),2,2,1
Elder Dragon/Neeko (RU/RU),Azir/Irelia (IO/SH),2,2,1
Elder Dragon/Galio/Morgana (RU/DE),Elise/Twisted Fate (BW/SI),2,2,1
Azir/Irelia (IO/SH),Fizz (BW/NX),2,2,1
Gnar/Nidalee (BC/SH),Fizz/Yuumi (BC/FR),2,2,1
Hecarim/Zed (IO/SI),Karma/Sett (FR/IO),2,2,1
Norra (BC/SH),Karma/Sett (FR/IO),2,2,1
Jinx/Lulu (BC/PZ),Karma/Seraphine/Sett (IO/PZ),2,2,1
Mordekaiser/Norra (BC/SI),Nasus/Thresh (SI/SH),2,2,1
Mordekaiser/Norra (BC/SI),Teemo (BC/PZ),2,2,1
Mordekaiser/Norra (BC/SI),Aurelion Sol/Braum (FR/MT),2,2,1
Braum/Zoe (FR/MT),Mordekaiser/Norra (BC/SI),2,2,1
Azir/Xerath (SH),Elder Dragon/Seraphine/Viktor (RU/PZ),2,2,1
Azir/Irelia (IO/SH),Bard/Mordekaiser (RU/SI),2,2,1
Aatrox/Kayn (RU/RU),Norra/Teemo (BC/PZ),2,2,1
Pyke/Rek'Sai (BW/SH),Elder Dragon/Lissandra/Volibear (RU/FR),2,2,1
Caitlyn/Teemo (FR/PZ),Jinx/Twisted Fate (BW/PZ),2,2,1
Caitlyn/Teemo (FR/PZ),Caitlyn/Teemo (BC/PZ),2,2,1
Elder Dragon/Norra (RU/BC),Championpile/Elder Dragon (RU/FR),2,2,1
Nilah/Twisted Fate (BW/PZ),Nocturne (SI),2,2,1
Elder Dragon/Norra (RU/BC),Elder Dragon/Shyvana (RU/DE),2,2,1
Elder Dragon/Norra (RU/BC),Championless (BC/PZ),2,2,1
Draven/Katarina (FR/NX),Kayle/Poppy (DE/MT),2,2,1
Azir/Irelia (IO/SH),Ekko/Zilean (PZ/SH),2,2,1
Azir/Irelia (IO/SH),Soraka/Vladimir (MT/NX),2,2,1
Annie/Jhin (RU/NX),Hecarim/Lucian (DE/SI),2,2,1
The Poro King (MT/RU),Ashe/LeBlanc (FR/NX),2,2,1
Elder Dragon/Seraphine/Viktor (RU/PZ),Hecarim/Lucian/Maokai (DE/SI),2,2,1
Aatrox/Morgana/Vayne (RU/DE),Annie/Jhin (RU/NX),2,2,1
Annie/Jhin (RU/NX),Bard/Mordekaiser (RU/SI),2,2,1
Annie/Jhin (RU/NX),Mordekaiser (PZ/SI),2,2,1
Nilah/Twisted Fate (BW/PZ),Ashe/LeBlanc (FR/NX),2,2,1
Annie/Jhin (RU/NX),Azir/Renekton (SH),2,2,1
Annie/Jhin (RU/NX),Norra/Zoe (BC/MT),2,2,1
Norra/Swain (BC/NX),Janna/Nilah/Twisted Fate (BW/PZ),2,2,1
Norra/Swain (BC/NX),Draven/Jinx (NX/PZ),2,2,1
Draven/Jinx (NX/PZ),Annie/Jhin (RU/NX),2,2,1
Seraphine/Sett (IO/PZ),Draven/Jinx (NX/PZ),2,2,1
Draven/Jinx (NX/PZ),Gwen/Vayne (DE/SI),2,2,1
Fiora (DE/SH),Azir/Irelia (IO/SH),2,2,1
Azir/Irelia (IO/SH),LeBlanc/Viego (NX/SI),2,2,1
Janna/Nilah/Twisted Fate (BW/PZ),Aurelion Sol/Shyvana (DE/MT),2,2,1
Miss Fortune/Swain (BW/NX),Taliyah/Zilean (IO/SH),2,2,1
Azir/Irelia (IO/SH),Garen/Taric (DE/MT),2,2,1
Garen/Taric (DE/MT),Aatrox/Kayn (RU/RU),2,2,1
Taliyah/Zilean (IO/SH),Elder Dragon/Garen/Jarvan IV (RU/DE),2,2,1
Diana/Nocturne (MT/SI),Nasus/Thresh (SI/SH),2,2,1
Elder Dragon/Seraphine/Viktor (RU/PZ),Nasus/Thresh (SI/SH),2,2,1
Janna/Nilah/Twisted Fate (BW/PZ),Bard/Gnar (RU/FR),2,2,1
Janna/Nilah/Twisted Fate (BW/PZ),Samira/Seraphine (NX/PZ),2,2,1
Draven/Jinx (NX/PZ),Leona/Yasuo (IO/MT),2,2,1
Azir/Irelia (IO/SH),Janna/Karma (IO/PZ),2,2,1
Elder Dragon/Neeko (RU/RU),Viego (IO/SI),2,2,1
Akshan/Elder Dragon/Nidalee (RU/SH),Pyke/Rek'Sai (BW/SH),2,2,1
Akshan/Elder Dragon/Nidalee (RU/SH),Annie/Jhin (RU/NX),2,2,1
Azir/Irelia (IO/SH),Braum/Norra (BC/FR),2,2,1
Jayce/Norra (BC/PZ),Championless (SI),2,2,1
Elise/Nocturne (NX/SI),Swain/Yasuo (IO/NX),2,2,1
Jayce/Norra (BC/PZ),Kindred (DE/SI),2,2,1
Ezreal/Nilah (BW/PZ),Jayce/Norra (BC/PZ),2,2,1
Jayce/Norra (BC/PZ),Ezreal/Teemo (FR/PZ),2,2,1
Jax (FR/RU),Braum/Vladimir (FR/NX),2,2,1
Taliyah/Zilean (IO/SH),Ekko/Zilean (PZ/SH),2,2,1
Draven/Jinx (NX/PZ),Miss Fortune/Twisted Fate (BW/NX),2,2,1
Elder Dragon/Volibear (RU/FR),Jax (FR/RU),2,2,1
Gwen (FR/SI),Annie/Jhin/Swain (RU/NX),2,2,1
Draven/Jinx (NX/PZ),Ekko (FR/PZ),2,2,1
Draven/Jinx (NX/PZ),Pantheon/Yuumi (MT/PZ),2,2,1
Taliyah/Zilean (IO/SH),Viktor/Zoe (MT/PZ),2,2,1
Fizz/Samira (BW/NX),Seraphine/Viktor (IO/PZ),2,2,1
Azir/Irelia (IO/SH),Aurelion Sol/Zoe (MT),2,2,1
Azir/Irelia (IO/SH),Norra/Teemo (BC/MT),2,2,1
Aphelios/Seraphine (MT/PZ),Karma/Sett (FR/IO),2,2,1
Azir/Irelia (IO/SH),Elder Dragon/Galio (RU/DE),2,2,1
Ryze (IO/RU),Seraphine/Zoe (MT/PZ),2,2,1
Elder Dragon/Volibear (RU/FR),Zoe (FR/MT),2,2,1
Aphelios/Seraphine/Viktor (MT/PZ),Braum/Zoe (FR/MT),2,2,1
Elder Dragon/Seraphine/Viktor (RU/PZ),Elise/Kalista (NX/SI),2,2,1
Seraphine/Zoe (MT/PZ),The Poro King (MT/RU),2,2,1
Azir/Irelia (IO/SH),Championpile (DE/FR),2,2,1
Taliyah/Zilean (IO/SH),Elise (NX/SI),2,2,1
Taliyah/Zilean (IO/SH),Braum/Zoe (FR/MT),2,2,1
Seraphine/Viktor (IO/PZ),Championless (SI),2,2,1
Karma/Sett (FR/IO),Elder Dragon/Illaoi (RU/BW),2,2,1
Braum/Zoe (FR/MT),Akshan/Lee Sin (IO/SH),2,2,1
Elder Dragon/Seraphine/Viktor (RU/PZ),Championless (BC/PZ),2,2,1
Championless (BC/PZ),Fiora (DE/SH),2,2,1
Championless (BC/PZ),Annie/Jhin (RU/NX),2,2,1
Championless (BC/PZ),Azir/Irelia (IO/SH),2,2,1
Nilah/Twisted Fate (BW/PZ),Jinx/Lulu (BC/PZ),2,2,1
Elise (NX/SI),Elder Dragon/Norra (RU/BC),2,2,1
Azir (MT/SH),Ryze (IO/RU),2,2,1
Elder Dragon/Volibear (RU/FR),Senna/Veigar (BC/SI),2,2,1
Elder Dragon/Norra/Vex (RU/BC),Taliyah (BC/SH),2,2,1
Jinx/Lulu (BC/PZ),Zilean (PZ/SH),2,2,1
Elder Dragon/Morgana (RU/DE),Ezreal/Sejuani (FR/PZ),2,2,1
Zoe (MT),Jax/Ornn (FR/RU),2,2,1
Championpile/Elder Dragon (RU/DE),Azir/Irelia (IO/SH),2,2,1
Elder Dragon/Norra (RU/BC),Evelynn/Kai'Sa (RU/SH),2,2,1
Elder Dragon/Norra (RU/BC),Draven/Jinx (NX/PZ),2,2,1
Fizz (BW/SH),Senna/Veigar (BC/SI),2,2,1
Senna/Veigar (BC/SI),Master Yi/Seraphine (IO/PZ),2,2,1
Zoe (MT),Elder Dragon (RU/FR),2,2,1
The Poro King (FR/RU),Elder Dragon/Norra (RU/BC),2,2,1
Elder Dragon/Trundle/Volibear (RU/FR),Senna/Veigar (BC/SI),2,2,1
Zoe (MT),Braum/Vladimir (FR/NX),2,2,1
Championless (SI),Zoe (MT),2,2,1
Elder Dragon/Trundle/Volibear (RU/FR),The Poro King/Zoe (MT/RU),2,2,1
Elder Dragon/Trundle/Volibear (RU/FR),Miss Fortune/Twisted Fate (BW/NX),2,2,1
Zoe (MT),Annie/Jhin (RU/NX),2,2,1
Elder Dragon/Seraphine/Viktor (RU/PZ),Braum/Zoe (FR/MT),2,2,1
Elder Dragon/Trundle/Volibear (RU/FR),Lissandra/Trundle (FR/IO),2,2,1
Jinx/Lulu (BC/PZ),Elder Dragon/Trundle/Volibear (RU/FR),2,2,1
Championpile/Elder Dragon (RU/DE),Jinx/Lulu (BC/PZ),2,2,1
Annie/Jhin (RU/NX),Kalista (SI),2,2,1
Janna/Twisted Fate (BW/PZ),Jinx/Lulu (BC/PZ),2,2,1
Caitlyn/Teemo (BC/PZ),Azir (MT/SH),2,2,1
Elder Dragon/Seraphine/Viktor (RU/PZ),Championless (SI),2,2,1
Elder Dragon/Seraphine/Viktor (RU/PZ),Lux: Illuminated/Vex (BC/DE),2,2,1
Gangplank/Sejuani (BW/FR),Seraphine/Sett (IO/PZ),2,2,1
Viktor/Zoe (MT/PZ),Hecarim/Zed (IO/SI),2,2,1
Hecarim/Zed (IO/SI),Bard/Mordekaiser (RU/SI),2,2,1
Seraphine (MT/PZ),Pyke/Rek'Sai (BW/SH),2,2,1
Garen/Udyr (DE/FR),Azir/Irelia (IO/SH),0,2,0
Fizz/Samira (BW/NX),Azir/Irelia (IO/SH),0,2,0
Morgana/Udyr (DE/FR),Azir/Irelia (IO/SH),0,2,0
Nilah/Twisted Fate (BW/MT),Azir/Irelia (IO/SH),0,2,0
Mordekaiser/Norra (BC/SI),Elder Dragon/Morgana (RU/DE),0,2,0
Ezreal/Karma (IO/PZ),Azir/Irelia (IO/SH),0,2,0
Azir/Nasus/Renekton (SH),Azir/Irelia (IO/SH),0,2,0
Jinx/Samira (NX/PZ),Azir/Irelia (IO/SH),0,2,0
Azir/Xerath (SH),Elder Dragon/Galio/Morgana (RU/DE),0,2,0
Akshan/Morgana (DE/SH),Elder Dragon/Galio/Morgana (RU/DE),0,2,0
Akshan/Mordekaiser (SI/SH),Elder Dragon/Galio/Morgana (RU/DE),0,2,0
Janna/Nilah (BW/PZ),Elder Dragon/Galio/Morgana (RU/DE),0,2,0
Elder Dragon (RU/FR),Poppy/Ziggs (BC/NX),0,2,0
Janna/Senna (PZ/SI),Karma/Sett (IO/PZ),0,2,0
Jinx/Lulu (BC/PZ),Elder Dragon/Garen (RU/DE),0,2,0
Elder Dragon/Norra (RU/BC),Aurelion Sol/Trundle (FR/MT),0,2,0
Draven/Jinx (NX/PZ),Janna/Senna (PZ/SI),0,2,0
Elder Dragon/Galio/Morgana (RU/DE),Heimerdinger/Viktor (IO/PZ),0,2,0
Elder Dragon (RU/FR),Heimerdinger/Viktor (IO/PZ),0,2,0
Lux: Illuminated/Zed (DE/IO),Elder Dragon/Norra (RU/BC),0,2,0
Nocturne/Vex (PZ/SI),Elder Dragon/Norra (RU/BC),0,2,0
Janna/Senna (PZ/SI),Braum/Yuumi/Zoe (FR/MT),0,2,0
Elder Dragon/Norra (RU/BC),Miss Fortune/Quinn (BW/DE),0,2,0
Poppy/Ziggs (BC/NX),Poppy/Tristana (BC/SH),0,2,0
Elder Dragon/Lissandra/Volibear (RU/FR),Elder Dragon (RU/FR),0,2,0
Annie/Gwen (NX/SI),Azir/Irelia (IO/SH),0,2,0
Poppy/Tristana (BC/SH),Akshan/Mordekaiser (SI/SH),0,2,0
Elder Dragon/Volibear (RU/FR),Elder Dragon/Lissandra/Volibear (RU/FR),0,2,0
Karma (FR/IO),Ashe/LeBlanc (FR/NX),0,2,0
Akshan/Sivir (FR/SH),Azir/Irelia (IO/SH),0,2,0
Nidalee/Norra (BC/SH),Elder Dragon (RU/FR),0,2,0
Elder Dragon (RU/FR),Championless (FR/NX),0,2,0
Caitlyn/Twisted Fate (BW/PZ),Mordekaiser/Norra (BC/SI),0,2,0
Karma/Sett (FR/IO),Elder Dragon/Galio/Morgana (RU/DE),0,2,0
Bard/Mordekaiser (RU/SI),Karma/Sett (FR/IO),0,2,0
Fiora (DE/FR),Ezreal/Kennen (IO/PZ),0,2,0
Aphelios/Fizz (BC/MT),Norra/Teemo (BC/PZ),0,2,0
Aurelion Sol (FR/MT),Championless (FR/NX),0,2,0
Lux: Illuminated/Zed (DE/IO),Poppy/Tristana (BC/SH),0,2,0
Akshan/Lee Sin (IO/SH),Elder Dragon/Norra (RU/BC),0,2,0
Championless (SI),Championless (FR/NX),0,2,0
Janna/Senna (PZ/SI),Championless (FR/NX),0,2,0
Hecarim/Zed (IO/SI),Poppy/Ziggs (BC/NX),0,2,0
Elder Dragon/Norra (RU/BC),Jax/Ornn (FR/RU),0,2,0
Mordekaiser/Norra (BC/SI),Karma (IO/PZ),0,2,0
Jinx/Lulu (BC/PZ),Mordekaiser/Norra (BC/SI),0,2,0
Annie/Jhin (RU/NX),Jax/Ornn (FR/RU),0,2,0
Thresh (SI/SH),Elder Dragon/Galio/Morgana (RU/DE),0,2,0
Fiora (DE/FR),Karma/Sett (FR/IO),0,2,0
Karma/Sett (FR/IO),Poppy/Ziggs (BC/NX),0,2,0
Championpile/Elder Dragon (RU/FR),Karma/Sett (FR/IO),0,2,0
Karma/Sett (FR/IO),Pyke/Rek'Sai (BW/SH),0,2,0
Karma (FR/IO),Azir/Irelia (IO/SH),0,2,0
Poppy/Ziggs (BC/NX),Akshan/Morgana/Taliyah (DE/SH),0,2,0
Gangplank/Swain (BW/NX),Akshan/Morgana/Taliyah (DE/SH),0,2,0
Ezreal/Karma/Seraphine (IO/PZ),Caitlyn/Teemo (FR/PZ),0,2,0
Gnar/Teemo (BC/PZ),Azir/Irelia (IO/SH),0,2,0
Aurelion Sol/Elder Dragon (RU/MT),Azir/Irelia (IO/SH),0,2,0
Elder Dragon/Volibear (RU/FR),Ezreal/Karma/Seraphine (IO/PZ),0,2,0
Miss Fortune/Quinn (BW/DE),Annie/Jhin (RU/NX),0,2,0
Championless (BC/SH),Mordekaiser/Norra (BC/SI),0,2,0
Elder Dragon/Volibear (RU/FR),Fizz (BW/SH),0,2,0
Azir/Irelia (IO/SH),Fizz (BW/SH),0,2,0
Draven/Elise (NX/SI),Nidalee (BC/SH),0,2,0
Fizz (BW/SH),Elder Dragon/Galio/Morgana (RU/DE),0,2,0
Braum/Vladimir (FR/NX),Akshan/Morgana/Taliyah (DE/SH),0,2,0
Bard/Mordekaiser (RU/SI),Elder Dragon/Norra (RU/BC),0,2,0
Pyke/Rek'Sai (BW/SH),Elder Dragon/Trundle/Volibear (RU/FR),0,2,0
Azir/Irelia (IO/SH),Elder Dragon/Neeko (RU/RU),0,2,0
Elise/Twisted Fate (BW/SI),Elder Dragon/Galio/Morgana (RU/DE),0,2,0
Fizz (BW/NX),Azir/Irelia (IO/SH),0,2,0
Fizz/Yuumi (BC/FR),Gnar/Nidalee (BC/SH),0,2,0
Karma/Sett (FR/IO),Hecarim/Zed (IO/SI),0,2,0
Karma/Sett (FR/IO),Norra (BC/SH),0,2,0
Karma/Seraphine/Sett (IO/PZ),Jinx/Lulu (BC/PZ),0,2,0
Nasus/Thresh (SI/SH),Mordekaiser/Norra (BC/SI),0,2,0
Teemo (BC/PZ),Mordekaiser/Norra (BC/SI),0,2,0
Aurelion Sol/Braum (FR/MT),Mordekaiser/Norra (BC/SI),0,2,0
Mordekaiser/Norra (BC/SI),Braum/Zoe (FR/MT),0,2,0
Elder Dragon/Seraphine/Viktor (RU/PZ),Azir/Xerath (SH),0,2,0
Bard/Mordekaiser (RU/SI),Azir/Irelia (IO/SH),0,2,0
Norra/Teemo (BC/PZ),Aatrox/Kayn (RU/RU),0,2,0
Elder Dragon/Lissandra/Volibear (RU/FR),Pyke/Rek'Sai (BW/SH),0,2,0
Jinx/Twisted Fate (BW/PZ),Caitlyn/Teemo (FR/PZ),0,2,0
Caitlyn/Teemo (BC/PZ),Caitlyn/Teemo (FR/PZ),0,2,0
Championpile/Elder Dragon (RU/FR),Elder Dragon/Norra (RU/BC),0,2,0
Nocturne (SI),Nilah/Twisted Fate (BW/PZ),0,2,0
Elder Dragon/Shyvana (RU/DE),Elder Dragon/Norra (RU/BC),0,2,0
Championless (BC/PZ),Elder Dragon/Norra (RU/BC),0,2,0
Kayle/Poppy (DE/MT),Draven/Katarina (FR/NX),0,2,0
Ekko/Zilean (PZ/SH),Azir/Irelia (IO/SH),0,2,0
Soraka/Vladimir (MT/NX),Azir/Irelia (IO/SH),0,2,0
Hecarim/Lucian (DE/SI),Annie/Jhin (RU/NX),0,2,0
Ashe/LeBlanc (FR/NX),The Poro King (MT/RU),0,2,0
Hecarim/Lucian/Maokai (DE/SI),Elder Dragon/Seraphine/Viktor (RU/PZ),0,2,0
Annie/Jhin (RU/NX),Aatrox/Morgana/Vayne (RU/DE),0,2,0
Bard/Mordekaiser (RU/SI),Annie/Jhin (RU/NX),0,2,0
Mordekaiser (PZ/SI),Annie/Jhin (RU/NX),0,2,0
Ashe/LeBlanc (FR/NX),Nilah/Twisted Fate (BW/PZ),0,2,0
Azir/Renekton (SH),Annie/Jhin (RU/NX),0,2,0
Norra/Zoe (BC/MT),Annie/Jhin (RU/NX),0,2,0
Janna/Nilah/Twisted Fate (BW/PZ),Norra/Swain (BC/NX),0,2,0
Draven/Jinx (NX/PZ),Norra/Swain (BC/NX),0,2,0
Annie/Jhin (RU/NX),Draven/Jinx (NX/PZ),0,2,0
Draven/Jinx (NX/PZ),Seraphine/Sett (IO/PZ),0,2,0
Gwen/Vayne (DE/SI),Draven/Jinx (NX/PZ),0,2,0
Azir/Irelia (IO/SH),Fiora (DE/SH),0,2,0
LeBlanc/Viego (NX/SI),Azir/Irelia (IO/SH),0,2,0
Aurelion Sol/Shyvana (DE/MT),Janna/Nilah/Twisted Fate (BW/PZ),0,2,0
Taliyah/Zilean (IO/SH),Miss Fortune/Swain (BW/NX),0,2,0
Garen/Taric (DE/MT),Azir/Irelia (IO/SH),0,2,0
Aatrox/Kayn (RU/RU),Garen/Taric (DE/MT),0,2,0
Elder Dragon/Garen/Jarvan IV (RU/DE),Taliyah/Zilean (IO/SH),0,2,0
Nasus/Thresh (SI/SH),Diana/Nocturne (MT/SI),0,2,0
Nasus/Thresh (SI/SH),Elder Dragon/Seraphine/Viktor (RU/PZ),0,2,0
Bard/Gnar (RU/FR),Janna/Nilah/Twisted Fate (BW/PZ),0,2,0
Samira/Seraphine (NX/PZ),Janna/Nilah/Twisted Fate (BW/PZ),0,2,0
Leona/Yasuo (IO/MT),Draven/Jinx (NX/PZ),0,2,0
Janna/Karma (IO/PZ),Azir/Irelia (IO/SH),0,2,0
Viego (IO/SI),Elder Dragon/Neeko (RU/RU),0,2,0
Pyke/Rek'Sai (BW/SH),Akshan/Elder Dragon/Nidalee (RU/SH),0,2,0
Annie/Jhin (RU/NX),Akshan/Elder Dragon/Nidalee (RU/SH),0,2,0
Braum/Norra (BC/FR),Azir/Irelia (IO/SH),0,2,0
Championless (SI),Jayce/Norra (BC/PZ),0,2,0
Swain/Yasuo (IO/NX),Elise/Nocturne (NX/SI),0,2,0
Kindred (DE/SI),Jayce/Norra (BC/PZ),0,2,0
Jayce/Norra (BC/PZ),Ezreal/Nilah (BW/PZ),0,2,0
Ezreal/Teemo (FR/PZ),Jayce/Norra (BC/PZ),0,2,0
Braum/Vladimir (FR/NX),Jax (FR/RU),0,2,0
Ekko/Zilean (PZ/SH),Taliyah/Zilean (IO/SH),0,2,0
Miss Fortune/Twisted Fate (BW/NX),Draven/Jinx (NX/PZ),0,2,0
Jax (FR/RU),Elder Dragon/Volibear (RU/FR),0,2,0
Annie/Jhin/Swain (RU/NX),Gwen (FR/SI),0,2,0
Ekko (FR/PZ),Draven/Jinx (NX/PZ),0,2,0
Pantheon/Yuumi (MT/PZ),Draven/Jinx (NX/PZ),0,2,0
Viktor/Zoe (MT/PZ),Taliyah/Zilean (IO/SH),0,2,0
Seraphine/Viktor (IO/PZ),Fizz/Samira (BW/NX),0,2,0
Aurelion Sol/Zoe (MT),Azir/Irelia (IO/SH),0,2,0
Norra/Teemo (BC/MT),Azir/Irelia (IO/SH),0,2,0
Karma/Sett (FR/IO),Aphelios/Seraphine (MT/PZ),0,2,0
Elder Dragon/Galio (RU/DE),Azir/Irelia (IO/SH),0,2,0
Seraphine/Zoe (MT/PZ),Ryze (IO/RU),0,2,0
Zoe (FR/MT),Elder Dragon/Volibear (RU/FR),0,2,0
Braum/Zoe (FR/MT),Aphelios/Seraphine/Viktor (MT/PZ),0,2,0
Elise/Kalista (NX/SI),Elder Dragon/Seraphine/Viktor (RU/PZ),0,2,0
The Poro King (MT/RU),Seraphine/Zoe (MT/PZ),0,2,0
Championpile (DE/FR),Azir/Irelia (IO/SH),0,2,0
Elise (NX/SI),Taliyah/Zilean (IO/SH),0,2,0
Braum/Zoe (FR/MT),Taliyah/Zilean (IO/SH),0,2,0
Championless (SI),Seraphine/Viktor (IO/PZ),0,2,0
Elder Dragon/Illaoi (RU/BW),Karma/Sett (FR/IO),0,2,0
Akshan/Lee Sin (IO/SH),Braum/Zoe (FR/MT),0,2,0
Championless (BC/PZ),Elder Dragon/Seraphine/Viktor (RU/PZ),0,2,0
Fiora (DE/SH),Championless (BC/PZ),0,2,0
Annie/Jhin (RU/NX),Championless (BC/PZ),0,2,0
Azir/Irelia (IO/SH),Championless (BC/PZ),0,2,0
Jinx/Lulu (BC/PZ),Nilah/Twisted Fate (BW/PZ),0,2,0
Elder Dragon/Norra (RU/BC),Elise (NX/SI),0,2,0
Ryze (IO/RU),Azir (MT/SH),0,2,0
Senna/Veigar (BC/SI),Elder Dragon/Volibear (RU/FR),0,2,0
Taliyah (BC/SH),Elder Dragon/Norra/Vex (RU/BC),0,2,0
Zilean (PZ/SH),Jinx/Lulu (BC/PZ),0,2,0
Ezreal/Sejuani (FR/PZ),Elder Dragon/Morgana (RU/DE),0,2,0
Jax/Ornn (FR/RU),Zoe (MT),0,2,0
Azir/Irelia (IO/SH),Championpile/Elder Dragon (RU/DE),0,2,0
Evelynn/Kai'Sa (RU/SH),Elder Dragon/Norra (RU/BC),0,2,0
Draven/Jinx (NX/PZ),Elder Dragon/Norra (RU/BC),0,2,0
Senna/Veigar (BC/SI),Fizz (BW/SH),0,2,0
Master Yi/Seraphine (IO/PZ),Senna/Veigar (BC/SI),0,2,0
Elder Dragon (RU/FR),Zoe (MT),0,2,0
Elder Dragon/Norra (RU/BC),The Poro King (FR/RU),0,2,0
Senna/Veigar (BC/SI),Elder Dragon/Trundle/Volibear (RU/FR),0,2,0
Braum/Vladimir (FR/NX),Zoe (MT),0,2,0
Zoe (MT),Championless (SI),0,2,0
The Poro King/Zoe (MT/RU),Elder Dragon/Trundle/Volibear (RU/FR),0,2,0
Miss Fortune/Twisted Fate (BW/NX),Elder Dragon/Trundle/Volibear (RU/FR),0,2,0
Annie/Jhin (RU/NX),Zoe (MT),0,2,0
Braum/Zoe (FR/MT),Elder Dragon/Seraphine/Viktor (RU/PZ),0,2,0
Lissandra/Trundle (FR/IO),Elder Dragon/Trundle/Volibear (RU/FR),0,2,0
Elder Dragon/Trundle/Volibear (RU/FR),Jinx/Lulu (BC/PZ),0,2,0
Jinx/Lulu (BC/PZ),Championpile/Elder Dragon (RU/DE),0,2,0
Kalista (SI),Annie/Jhin (RU/NX),0,2,0
Jinx/Lulu (BC/PZ),Janna/Twisted Fate (BW/PZ),0,2,0
Azir (MT/SH),Caitlyn/Teemo (BC/PZ),0,2,0
Championless (SI),Elder Dragon/Seraphine/Viktor (RU/PZ),0,2,0
Lux: Illuminated/Vex (BC/DE),Elder Dragon/Seraphine/Viktor (RU/PZ),0,2,0
Seraphine/Sett (IO/PZ),Gangplank/Sejuani (BW/FR),0,2,0
Hecarim/Zed (IO/SI),Viktor/Zoe (MT/PZ),0,2,0
Bard/Mordekaiser (RU/SI),Hecarim/Zed (IO/SI),0,2,0
Pyke/Rek'Sai (BW/SH),Seraphine (MT/PZ),0,2,0
Annie/Jhin (RU/NX),Azir/Irelia (IO/SH),40,63,0.634920634920635
Azir/Irelia (IO/SH),Annie/Jhin (RU/NX),23,63,0.365079365079365
Caitlyn/Teemo (FR/PZ),Azir/Irelia (IO/SH),0,11,0
Azir/Irelia (IO/SH),Caitlyn/Teemo (FR/PZ),11,11,1
Jinx/Lulu (BC/PZ),Azir/Irelia (IO/SH),4,4,1
Elise/Twisted Fate (BW/SI),Azir/Irelia (IO/SH),4,4,1
Azir/Irelia (IO/SH),Taliyah/Ziggs (BC/SH),4,4,1
Championless (SI),Elder Dragon (RU/FR),4,4,1
Janna/Senna (PZ/SI),Azir/Irelia (IO/SH),4,4,1
Pyke/Rek'Sai (BW/SH),Championless (FR/NX),4,4,1
Elder Dragon/Galio/Morgana (RU/DE),Ezreal/Karma/Seraphine (IO/PZ),4,4,1
Aatrox/Kayn (RU/RU),Miss Fortune (BW/NX),4,4,1
Azir/Irelia (IO/SH),Darius/Miss Fortune (BW/NX),4,4,1
Elder Dragon/Volibear (RU/FR),Championless (BC/PZ),4,4,1
Zoe (MT),Taliyah (BC/SH),4,4,1
Azir/Irelia (IO/SH),Jinx/Lulu (BC/PZ),0,4,0
Azir/Irelia (IO/SH),Elise/Twisted Fate (BW/SI),0,4,0
Taliyah/Ziggs (BC/SH),Azir/Irelia (IO/SH),0,4,0
Elder Dragon (RU/FR),Championless (SI),0,4,0
Azir/Irelia (IO/SH),Janna/Senna (PZ/SI),0,4,0
Championless (FR/NX),Pyke/Rek'Sai (BW/SH),0,4,0
Ezreal/Karma/Seraphine (IO/PZ),Elder Dragon/Galio/Morgana (RU/DE),0,4,0
Miss Fortune (BW/NX),Aatrox/Kayn (RU/RU),0,4,0
Darius/Miss Fortune (BW/NX),Azir/Irelia (IO/SH),0,4,0
Championless (BC/PZ),Elder Dragon/Volibear (RU/FR),0,4,0
Taliyah (BC/SH),Zoe (MT),0,4,0
Caitlyn/Teemo (BC/PZ),Azir/Irelia (IO/SH),1,10,0.1
Ashe/LeBlanc (FR/NX),Annie/Jhin (RU/NX),1,10,0.1
Azir/Irelia (IO/SH),Caitlyn/Teemo (BC/PZ),9,10,0.9
Annie/Jhin (RU/NX),Ashe/LeBlanc (FR/NX),9,10,0.9
Akshan/Master Yi (IO/SH),Azir/Irelia (IO/SH),2,4,0.5
Azir/Irelia (IO/SH),Akshan/Master Yi (IO/SH),2,4,0.5
Aurelion Sol/Shyvana (DE/MT),Azir/Irelia (IO/SH),2,4,0.5
Azir/Irelia (IO/SH),Aurelion Sol/Shyvana (DE/MT),2,4,0.5
Karma/Sett (IO/SI),Azir/Irelia (IO/SH),2,4,0.5
Azir/Irelia (IO/SH),Karma/Sett (IO/SI),2,4,0.5
Galio/Udyr (DE/FR),Elder Dragon/Galio/Morgana (RU/DE),2,4,0.5
Elder Dragon/Galio/Morgana (RU/DE),Galio/Udyr (DE/FR),2,4,0.5
Elder Dragon/Galio/Morgana (RU/DE),Elder Dragon/Galio/Morgana (RU/DE),2,4,0.5
Poppy/Ziggs (BC/NX),Elder Dragon/Galio/Morgana (RU/DE),2,4,0.5
Elder Dragon/Galio/Morgana (RU/DE),Poppy/Ziggs (BC/NX),2,4,0.5
Jayce/Norra (BC/PZ),Poppy/Tristana (BC/SH),2,4,0.5
Poppy/Tristana (BC/SH),Jayce/Norra (BC/PZ),2,4,0.5
Mordekaiser/Norra (BC/SI),Mordekaiser/Norra (BC/SI),2,4,0.5
Karma/Sett (FR/IO),Karma/Sett (FR/IO),2,4,0.5
Pyke/Rek'Sai (BW/SH),Pyke/Rek'Sai (BW/SH),2,4,0.5
Yuumi/Zoe (FR/MT),Elder Dragon/Volibear (RU/FR),2,4,0.5
Elder Dragon/Volibear (RU/FR),Yuumi/Zoe (FR/MT),2,4,0.5
Gangplank/Sejuani (BW/FR),Azir/Irelia (IO/SH),2,4,0.5
Azir/Irelia (IO/SH),Gangplank/Sejuani (BW/FR),2,4,0.5
Fizz (BW/SH),Taliyah/Zilean (IO/SH),2,4,0.5
Taliyah/Zilean (IO/SH),Fizz (BW/SH),2,4,0.5
Azir/Irelia (IO/SH),Jax/Vi (RU/PZ),2,4,0.5
Jax/Vi (RU/PZ),Azir/Irelia (IO/SH),2,4,0.5
Nocturne/Vex (PZ/SI),Elder Dragon/Volibear (RU/FR),2,4,0.5
Elder Dragon/Volibear (RU/FR),Nocturne/Vex (PZ/SI),2,4,0.5
Seraphine/Sett (IO/PZ),Azir/Irelia (IO/SH),2,4,0.5
Azir/Irelia (IO/SH),Seraphine/Sett (IO/PZ),2,4,0.5
Jayce/Lux (DE/PZ),Azir/Irelia (IO/SH),2,4,0.5
Azir/Irelia (IO/SH),Jayce/Lux (DE/PZ),2,4,0.5
Jayce/Norra (BC/PZ),Azir/Irelia (IO/SH),2,4,0.5
Azir/Irelia (IO/SH),Jayce/Norra (BC/PZ),2,4,0.5
Elder Dragon/Volibear (RU/FR),Janna/Nilah/Twisted Fate (BW/PZ),2,4,0.5
Janna/Nilah/Twisted Fate (BW/PZ),Elder Dragon/Volibear (RU/FR),2,4,0.5
Taliyah/Zilean (IO/SH),Taliyah/Zilean (IO/SH),2,4,0.5
Braum/Zoe (FR/MT),Braum/Zoe (FR/MT),2,4,0.5
Braum/Zoe (FR/MT),Ezreal/Seraphine (BC/PZ),2,4,0.5
Ezreal/Seraphine (BC/PZ),Braum/Zoe (FR/MT),2,4,0.5
Fizz (BW/SH),Elder Dragon/Norra (RU/BC),2,4,0.5
Elder Dragon/Norra (RU/BC),Fizz (BW/SH),2,4,0.5
Elder Dragon/Norra (RU/BC),Elder Dragon/Norra (RU/BC),2,4,0.5
Seraphine/Sett (IO/PZ),Caitlyn/Teemo (BC/PZ),2,4,0.5
Caitlyn/Teemo (BC/PZ),Seraphine/Sett (IO/PZ),2,4,0.5
Elder Dragon/Volibear (RU/FR),Mordekaiser/Morgana (DE/SI),2,4,0.5
Mordekaiser/Morgana (DE/SI),Elder Dragon/Volibear (RU/FR),2,4,0.5
Azir/Irelia (IO/SH),Azir/Irelia (IO/SH),95,190,0.5
Elder Dragon (RU/FR),Azir/Irelia (IO/SH),0,5,0
Seraphine (MT/PZ),Azir/Irelia (IO/SH),0,5,0
Mordekaiser/Norra (BC/SI),Elder Dragon/Norra (RU/BC),0,5,0
Ryze (IO/RU),Azir/Irelia (IO/SH),0,5,0
Elder Dragon/Volibear (RU/FR),Miss Fortune/Swain (BW/NX),0,5,0
Annie/Jhin (RU/NX),Nasus/Thresh (SI/SH),0,5,0
Azir/Irelia (IO/SH),Elder Dragon (RU/FR),5,5,1
Azir/Irelia (IO/SH),Seraphine (MT/PZ),5,5,1
Elder Dragon/Norra (RU/BC),Mordekaiser/Norra (BC/SI),5,5,1
Azir/Irelia (IO/SH),Ryze (IO/RU),5,5,1
Miss Fortune/Swain (BW/NX),Elder Dragon/Volibear (RU/FR),5,5,1
Nasus/Thresh (SI/SH),Annie/Jhin (RU/NX),5,5,1
Elder Dragon/Volibear (RU/FR),Azir/Irelia (IO/SH),11,60,0.183333333333333
Azir/Irelia (IO/SH),Elder Dragon/Volibear (RU/FR),49,60,0.816666666666667
Elder Dragon/Morgana (RU/DE),Azir/Irelia (IO/SH),6,18,0.333333333333333
Elder Dragon/Volibear (RU/FR),Elder Dragon/Norra (RU/BC),6,18,0.333333333333333
Azir/Irelia (IO/SH),Elder Dragon/Morgana (RU/DE),12,18,0.666666666666667
Elder Dragon/Norra (RU/BC),Elder Dragon/Volibear (RU/FR),12,18,0.666666666666667
Elder Dragon/Trundle/Volibear (RU/FR),Azir/Irelia (IO/SH),2,12,0.166666666666667
Azir/Irelia (IO/SH),Elder Dragon/Trundle/Volibear (RU/FR),10,12,0.833333333333333
Braum/Yuumi/Zoe (FR/MT),Azir/Irelia (IO/SH),1,4,0.25
Azir/Irelia (IO/SH),Draven/Jinx (NX/PZ),1,4,0.25
Elder Dragon/Galio/Morgana (RU/DE),Annie/Jhin (RU/NX),1,4,0.25
Nilah/Twisted Fate (BW/PZ),Annie/Jhin (RU/NX),1,4,0.25
Championless (SI),Karma/Sett (FR/IO),1,4,0.25
Gangplank/Sejuani (BW/FR),Elder Dragon/Norra (RU/BC),1,4,0.25
Azir/Irelia (IO/SH),Lucian/Zed (DE/IO),1,4,0.25
Ekko/Jinx (PZ/SH),Azir/Irelia (IO/SH),1,4,0.25
Mordekaiser/Norra (BC/SI),Elder Dragon/Volibear (RU/FR),1,4,0.25
Caitlyn/Teemo (FR/PZ),Pyke/Rek'Sai (BW/SH),1,4,0.25
Jinx/Lulu (BC/PZ),Annie/Jhin (RU/NX),1,4,0.25
Championpile/Elder Dragon (RU/FR),Akshan/Morgana/Taliyah (DE/SH),1,4,0.25
Aatrox/Kayn (RU/RU),Azir/Irelia (IO/SH),1,4,0.25
Yuumi/Zoe (FR/MT),Azir/Irelia (IO/SH),1,4,0.25
Elder Dragon/Norra (RU/BC),Ekko/Jinx (PZ/SH),1,4,0.25
Elder Dragon/Galio/Morgana (RU/DE),Taliyah/Zilean (IO/SH),1,4,0.25
Viktor/Zoe (MT/PZ),Azir/Irelia (IO/SH),1,4,0.25
Elder Dragon/Norra/Vex (RU/BC),Annie/Jhin (RU/NX),1,4,0.25
Janna/Nilah/Twisted Fate (BW/PZ),Azir/Irelia (IO/SH),1,4,0.25
Annie/Jhin (RU/NX),Zoe (FR/MT),1,4,0.25
Elder Dragon/Volibear (RU/FR),Swain/Yasuo (IO/NX),1,4,0.25
Gangplank/Sejuani (BW/FR),Zoe (MT),1,4,0.25
Draven/Rumble (IO/NX),Elder Dragon/Volibear (RU/FR),1,4,0.25
Hecarim/Zed (IO/SI),Jinx/Lulu (BC/PZ),1,4,0.25
Azir/Irelia (IO/SH),Braum/Yuumi/Zoe (FR/MT),3,4,0.75
Draven/Jinx (NX/PZ),Azir/Irelia (IO/SH),3,4,0.75
Annie/Jhin (RU/NX),Elder Dragon/Galio/Morgana (RU/DE),3,4,0.75
Annie/Jhin (RU/NX),Nilah/Twisted Fate (BW/PZ),3,4,0.75
Karma/Sett (FR/IO),Championless (SI),3,4,0.75
Elder Dragon/Norra (RU/BC),Gangplank/Sejuani (BW/FR),3,4,0.75
Lucian/Zed (DE/IO),Azir/Irelia (IO/SH),3,4,0.75
Azir/Irelia (IO/SH),Ekko/Jinx (PZ/SH),3,4,0.75
Elder Dragon/Volibear (RU/FR),Mordekaiser/Norra (BC/SI),3,4,0.75
Pyke/Rek'Sai (BW/SH),Caitlyn/Teemo (FR/PZ),3,4,0.75
Annie/Jhin (RU/NX),Jinx/Lulu (BC/PZ),3,4,0.75
Akshan/Morgana/Taliyah (DE/SH),Championpile/Elder Dragon (RU/FR),3,4,0.75
Azir/Irelia (IO/SH),Aatrox/Kayn (RU/RU),3,4,0.75
Azir/Irelia (IO/SH),Yuumi/Zoe (FR/MT),3,4,0.75
Ekko/Jinx (PZ/SH),Elder Dragon/Norra (RU/BC),3,4,0.75
Taliyah/Zilean (IO/SH),Elder Dragon/Galio/Morgana (RU/DE),3,4,0.75
Azir/Irelia (IO/SH),Viktor/Zoe (MT/PZ),3,4,0.75
Annie/Jhin (RU/NX),Elder Dragon/Norra/Vex (RU/BC),3,4,0.75
Azir/Irelia (IO/SH),Janna/Nilah/Twisted Fate (BW/PZ),3,4,0.75
Zoe (FR/MT),Annie/Jhin (RU/NX),3,4,0.75
Swain/Yasuo (IO/NX),Elder Dragon/Volibear (RU/FR),3,4,0.75
Zoe (MT),Gangplank/Sejuani (BW/FR),3,4,0.75
Elder Dragon/Volibear (RU/FR),Draven/Rumble (IO/NX),3,4,0.75
Jinx/Lulu (BC/PZ),Hecarim/Zed (IO/SI),3,4,0.75
Azir/Irelia (IO/SH),Elder Dragon/Garen (RU/DE),1,6,0.166666666666667
Elder Dragon/Volibear (RU/FR),Elder Dragon/Galio/Morgana (RU/DE),1,6,0.166666666666667
Elder Dragon/Norra (RU/BC),Elder Dragon/Galio/Morgana (RU/DE),1,6,0.166666666666667
Karma/Sett (FR/IO),Elder Dragon/Seraphine/Viktor (RU/PZ),1,6,0.166666666666667
Azir/Irelia (IO/SH),Annie/Teemo (NX/PZ),1,6,0.166666666666667
Elder Dragon/Garen (RU/DE),Azir/Irelia (IO/SH),5,6,0.833333333333333
Elder Dragon/Galio/Morgana (RU/DE),Elder Dragon/Volibear (RU/FR),5,6,0.833333333333333
Elder Dragon/Galio/Morgana (RU/DE),Elder Dragon/Norra (RU/BC),5,6,0.833333333333333
Elder Dragon/Seraphine/Viktor (RU/PZ),Karma/Sett (FR/IO),5,6,0.833333333333333
Annie/Teemo (NX/PZ),Azir/Irelia (IO/SH),5,6,0.833333333333333
Azir/Irelia (IO/SH),The Poro King (PZ/RU),1,2,0.5
The Poro King (PZ/RU),Azir/Irelia (IO/SH),1,2,0.5
Katarina/Yasuo (IO/NX),Azir/Irelia (IO/SH),1,2,0.5
Azir/Irelia (IO/SH),Katarina/Yasuo (IO/NX),1,2,0.5
Annie/Jhin (RU/NX),Senna/Viktor (PZ/SI),1,2,0.5
Senna/Viktor (PZ/SI),Annie/Jhin (RU/NX),1,2,0.5
Gangplank/Sejuani (BW/FR),Elder Dragon/Galio/Morgana (RU/DE),1,2,0.5
Elder Dragon/Galio/Morgana (RU/DE),Gangplank/Sejuani (BW/FR),1,2,0.5
Elder Dragon/Galio/Morgana (RU/DE),Ekko/Jinx (PZ/SH),1,2,0.5
Ekko/Jinx (PZ/SH),Elder Dragon/Galio/Morgana (RU/DE),1,2,0.5
Annie/Miss Fortune (BW/NX),Elder Dragon/Galio/Morgana (RU/DE),1,2,0.5
Elder Dragon/Galio/Morgana (RU/DE),Annie/Miss Fortune (BW/NX),1,2,0.5
Poppy/Ziggs (BC/NX),Teemo (BC/PZ),1,2,0.5
Teemo (BC/PZ),Poppy/Ziggs (BC/NX),1,2,0.5
Teemo/Zoe (BC/MT),Elder Dragon/Norra (RU/BC),1,2,0.5
Elder Dragon/Norra (RU/BC),Teemo/Zoe (BC/MT),1,2,0.5
Elder Dragon/Norra (RU/BC),Morgana/Udyr (DE/FR),1,2,0.5
Morgana/Udyr (DE/FR),Elder Dragon/Norra (RU/BC),1,2,0.5
Elder Dragon/Shyvana (RU/DE),Elder Dragon/Galio/Morgana (RU/DE),1,2,0.5
Elder Dragon/Galio/Morgana (RU/DE),Elder Dragon/Shyvana (RU/DE),1,2,0.5
Elder Dragon/Galio/Morgana (RU/DE),Lux: Illuminated/Vex (BC/DE),1,2,0.5
Lux: Illuminated/Vex (BC/DE),Elder Dragon/Galio/Morgana (RU/DE),1,2,0.5
Heimerdinger/Viktor (IO/PZ),Heimerdinger/Viktor (IO/PZ),1,2,0.5
Poppy/Teemo (BC/MT),Heimerdinger/Viktor (IO/PZ),1,2,0.5
Heimerdinger/Viktor (IO/PZ),Poppy/Teemo (BC/MT),1,2,0.5
Poppy/Teemo (BC/MT),Janna/Senna (PZ/SI),1,2,0.5
Janna/Senna (PZ/SI),Poppy/Teemo (BC/MT),1,2,0.5
Maokai/Nautilus (BW/SI),Elder Dragon/Norra (RU/BC),1,2,0.5
Elder Dragon/Norra (RU/BC),Maokai/Nautilus (BW/SI),1,2,0.5
Karma/Seraphine (IO/PZ),Elder Dragon/Norra (RU/BC),1,2,0.5
Elder Dragon/Norra (RU/BC),Karma/Seraphine (IO/PZ),1,2,0.5
Azir/Irelia (IO/SH),Heimerdinger/Viktor (IO/PZ),1,2,0.5
Heimerdinger/Viktor (IO/PZ),Azir/Irelia (IO/SH),1,2,0.5
Elder Dragon/Volibear (RU/FR),Renekton/Xerath (SH),1,2,0.5
Renekton/Xerath (SH),Elder Dragon/Volibear (RU/FR),1,2,0.5
Poppy/Tristana (BC/SH),Championless (SI),1,2,0.5
Championless (SI),Poppy/Tristana (BC/SH),1,2,0.5
Ezreal/Seraphine (BC/PZ),Caitlyn/Teemo (BC/PZ),1,2,0.5
Caitlyn/Teemo (BC/PZ),Ezreal/Seraphine (BC/PZ),1,2,0.5
Ezreal/Seraphine (BC/PZ),Mordekaiser/Norra (BC/SI),1,2,0.5
Mordekaiser/Norra (BC/SI),Ezreal/Seraphine (BC/PZ),1,2,0.5
Karma/Sett (FR/IO),Zed (IO/SI),1,2,0.5
Zed (IO/SI),Karma/Sett (FR/IO),1,2,0.5
Poppy/Tristana (BC/SH),Elder Dragon/Trundle/Volibear (RU/FR),1,2,0.5
Elder Dragon/Trundle/Volibear (RU/FR),Poppy/Tristana (BC/SH),1,2,0.5
Elder Dragon/Norra (RU/BC),Lucian/Zed (DE/IO),1,2,0.5
Lucian/Zed (DE/IO),Elder Dragon/Norra (RU/BC),1,2,0.5
Nilah/Twisted Fate (BW/PZ),Mordekaiser/Norra (BC/SI),1,2,0.5
Mordekaiser/Norra (BC/SI),Nilah/Twisted Fate (BW/PZ),1,2,0.5
Karma/Seraphine/Sett (IO/PZ),Azir/Irelia (IO/SH),1,2,0.5
Azir/Irelia (IO/SH),Karma/Seraphine/Sett (IO/PZ),1,2,0.5
Elder Dragon/Neeko (RU/RU),Elder Dragon/Norra (RU/BC),1,2,0.5
Elder Dragon/Norra (RU/BC),Elder Dragon/Neeko (RU/RU),1,2,0.5
Ashe/LeBlanc (FR/NX),Akshan/Master Yi (IO/SH),1,2,0.5
Akshan/Master Yi (IO/SH),Ashe/LeBlanc (FR/NX),1,2,0.5
Fiora (DE/FR),Azir/Irelia (IO/SH),1,2,0.5
Azir/Irelia (IO/SH),Fiora (DE/FR),1,2,0.5
Poppy/Tristana (BC/SH),Ashe/Elise (FR/SI),1,2,0.5
Ashe/Elise (FR/SI),Poppy/Tristana (BC/SH),1,2,0.5
Karma/Sett (IO/PZ),Poppy/Tristana (BC/SH),1,2,0.5
Poppy/Tristana (BC/SH),Karma/Sett (IO/PZ),1,2,0.5
Elder Dragon/Norra (RU/BC),Anivia (FR/SI),1,2,0.5
Anivia (FR/SI),Elder Dragon/Norra (RU/BC),1,2,0.5
Hecarim/Lucian (DE/SI),Championless (FR/NX),1,2,0.5
Championless (FR/NX),Hecarim/Lucian (DE/SI),1,2,0.5
Championless (FR/NX),Championless (FR/NX),1,2,0.5
Elise/Gnar (FR/SI),Azir/Irelia (IO/SH),1,2,0.5
Azir/Irelia (IO/SH),Elise/Gnar (FR/SI),1,2,0.5
Fizz/Yuumi (BC/FR),Azir/Irelia (IO/SH),1,2,0.5
Azir/Irelia (IO/SH),Fizz/Yuumi (BC/FR),1,2,0.5
Elder Dragon/Volibear (RU/FR),Darius (FR/NX),1,2,0.5
Darius (FR/NX),Elder Dragon/Volibear (RU/FR),1,2,0.5
Karma/Sett (IO/PZ),Elder Dragon (RU/FR),1,2,0.5
Elder Dragon (RU/FR),Karma/Sett (IO/PZ),1,2,0.5
Pyke/Rek'Sai (BW/SH),Annie/Jhin (RU/NX),1,2,0.5
Annie/Jhin (RU/NX),Pyke/Rek'Sai (BW/SH),1,2,0.5
Elise (NX/SI),Annie/Jhin (RU/NX),1,2,0.5
Annie/Jhin (RU/NX),Elise (NX/SI),1,2,0.5
Nocturne/Vex (PZ/SI),Karma/Sett (FR/IO),1,2,0.5
Karma/Sett (FR/IO),Nocturne/Vex (PZ/SI),1,2,0.5
Caitlyn/Teemo (BC/PZ),Mordekaiser/Norra (BC/SI),1,2,0.5
Mordekaiser/Norra (BC/SI),Caitlyn/Teemo (BC/PZ),1,2,0.5
Poppy/Ziggs (BC/NX),Mordekaiser/Norra (BC/SI),1,2,0.5
Mordekaiser/Norra (BC/SI),Poppy/Ziggs (BC/NX),1,2,0.5
Azir/Irelia (IO/SH),Ashe/Elise (FR/SI),1,2,0.5
Ashe/Elise (FR/SI),Azir/Irelia (IO/SH),1,2,0.5
Mordekaiser/Norra (BC/SI),Elder Dragon/Neeko (RU/RU),1,2,0.5
Elder Dragon/Neeko (RU/RU),Mordekaiser/Norra (BC/SI),1,2,0.5
Elder Dragon/Morgana (RU/DE),Ekko/Jinx (PZ/SH),1,2,0.5
Ekko/Jinx (PZ/SH),Elder Dragon/Morgana (RU/DE),1,2,0.5
Elder Dragon/Morgana (RU/DE),Pyke/Rek'Sai (BW/SH),1,2,0.5
Pyke/Rek'Sai (BW/SH),Elder Dragon/Morgana (RU/DE),1,2,0.5
Miss Fortune/Twisted Fate (BW/NX),Miss Fortune/Twisted Fate (BW/NX),1,2,0.5
Annie/Jhin (RU/NX),Ezreal/Karma/Seraphine (IO/PZ),1,2,0.5
Ezreal/Karma/Seraphine (IO/PZ),Annie/Jhin (RU/NX),1,2,0.5
Azir/Irelia (IO/SH),Kalista/Nocturne (NX/SI),1,2,0.5
Kalista/Nocturne (NX/SI),Azir/Irelia (IO/SH),1,2,0.5
Pyke/Rek'Sai (BW/SH),Ahri/Elder Dragon/Kennen (RU/IO),1,2,0.5
Ahri/Elder Dragon/Kennen (RU/IO),Pyke/Rek'Sai (BW/SH),1,2,0.5
Championless (FR/NX),Mordekaiser/Viego (FR/SI),1,2,0.5
Mordekaiser/Viego (FR/SI),Championless (FR/NX),1,2,0.5
Elder Dragon/Norra (RU/BC),Janna/Nilah (BW/PZ),1,2,0.5
Janna/Nilah (BW/PZ),Elder Dragon/Norra (RU/BC),1,2,0.5
Yuumi/Zoe (FR/MT),Elise/Nocturne (NX/SI),1,2,0.5
Elise/Nocturne (NX/SI),Yuumi/Zoe (FR/MT),1,2,0.5
Mordekaiser/Norra (BC/SI),Yuumi/Zoe (FR/MT),1,2,0.5
Yuumi/Zoe (FR/MT),Mordekaiser/Norra (BC/SI),1,2,0.5
Yuumi/Zoe (FR/MT),Braum/Vladimir (FR/NX),1,2,0.5
Braum/Vladimir (FR/NX),Yuumi/Zoe (FR/MT),1,2,0.5
Yuumi/Zoe (FR/MT),Annie/Jhin (RU/NX),1,2,0.5
Annie/Jhin (RU/NX),Yuumi/Zoe (FR/MT),1,2,0.5
Kindred/Viego (IO/SI),Pyke/Rek'Sai (BW/SH),1,2,0.5
Pyke/Rek'Sai (BW/SH),Kindred/Viego (IO/SI),1,2,0.5
Elder Dragon/Trundle/Tryndamere/Volibear (RU/FR),Pyke/Rek'Sai (BW/SH),1,2,0.5
Pyke/Rek'Sai (BW/SH),Elder Dragon/Trundle/Tryndamere/Volibear (RU/FR),1,2,0.5
Annie/Janna (NX/PZ),Elder Dragon/Mordekaiser/Viego (RU/SI),1,2,0.5
Elder Dragon/Mordekaiser/Viego (RU/SI),Annie/Janna (NX/PZ),1,2,0.5
Yuumi/Zoe (FR/MT),Ezreal/Seraphine (BC/PZ),1,2,0.5
Ezreal/Seraphine (BC/PZ),Yuumi/Zoe (FR/MT),1,2,0.5
Elder Dragon/Galio/Morgana (RU/DE),Diana/Nocturne (MT/SI),1,2,0.5
Diana/Nocturne (MT/SI),Elder Dragon/Galio/Morgana (RU/DE),1,2,0.5
Elder Dragon (RU/FR),Karma/Sett (FR/IO),1,2,0.5
Karma/Sett (FR/IO),Elder Dragon (RU/FR),1,2,0.5
Elder Dragon/Trundle/Volibear (RU/FR),Karma/Sett (FR/IO),1,2,0.5
Karma/Sett (FR/IO),Elder Dragon/Trundle/Volibear (RU/FR),1,2,0.5
Karma/Seraphine/Sett (IO/PZ),Caitlyn/Teemo (FR/PZ),1,2,0.5
Caitlyn/Teemo (FR/PZ),Karma/Seraphine/Sett (IO/PZ),1,2,0.5
Azir/Xerath (SH),Akshan/Morgana/Taliyah (DE/SH),1,2,0.5
Akshan/Morgana/Taliyah (DE/SH),Azir/Xerath (SH),1,2,0.5
Azir/Irelia (IO/SH),Azir/Renekton/Xerath (SH),1,2,0.5
Azir/Renekton/Xerath (SH),Azir/Irelia (IO/SH),1,2,0.5
Elder Dragon/Mordekaiser/Viego (RU/SI),Taliyah/Zilean (IO/SH),1,2,0.5
Taliyah/Zilean (IO/SH),Elder Dragon/Mordekaiser/Viego (RU/SI),1,2,0.5
Elder Dragon/Volibear (RU/FR),Elder Dragon/Mordekaiser/Viego (RU/SI),1,2,0.5
Elder Dragon/Mordekaiser/Viego (RU/SI),Elder Dragon/Volibear (RU/FR),1,2,0.5
Annie/Jhin (RU/NX),Senna/Veigar (BC/SI),1,2,0.5
Senna/Veigar (BC/SI),Annie/Jhin (RU/NX),1,2,0.5
Gwen/Vayne (DE/SI),Miss Fortune/Twisted Fate (BW/NX),1,2,0.5
Miss Fortune/Twisted Fate (BW/NX),Gwen/Vayne (DE/SI),1,2,0.5
Gnar (BC/PZ),Gnar/Nidalee (BC/SH),1,2,0.5
Gnar/Nidalee (BC/SH),Gnar (BC/PZ),1,2,0.5
Elise/Twisted Fate (BW/SI),Ryze (IO/RU),1,2,0.5
Ryze (IO/RU),Elise/Twisted Fate (BW/SI),1,2,0.5
Trundle/Tryndamere (FR/SI),Elder Dragon/Norra (RU/BC),1,2,0.5
Elder Dragon/Norra (RU/BC),Trundle/Tryndamere (FR/SI),1,2,0.5
Elder Dragon/Lissandra/Volibear (RU/FR),Ezreal/Seraphine (BC/PZ),1,2,0.5
Ezreal/Seraphine (BC/PZ),Elder Dragon/Lissandra/Volibear (RU/FR),1,2,0.5
Yuumi/Zoe (FR/MT),Ashe/Elise (FR/SI),1,2,0.5
Ashe/Elise (FR/SI),Yuumi/Zoe (FR/MT),1,2,0.5
Poppy/Ziggs (BC/NX),Aatrox/Kayn (RU/RU),1,2,0.5
Aatrox/Kayn (RU/RU),Poppy/Ziggs (BC/NX),1,2,0.5
Caitlyn/Teemo (FR/PZ),Caitlyn/Teemo (FR/PZ),1,2,0.5
Karma/Sett (FR/IO),Jax/Vi (RU/PZ),1,2,0.5
Jax/Vi (RU/PZ),Karma/Sett (FR/IO),1,2,0.5
Janna/Norra (BC/PZ),Seraphine/Sett (IO/PZ),1,2,0.5
Seraphine/Sett (IO/PZ),Janna/Norra (BC/PZ),1,2,0.5
Azir/Irelia (IO/SH),Vayne/Zoe (DE/MT),1,2,0.5
Vayne/Zoe (DE/MT),Azir/Irelia (IO/SH),1,2,0.5
Fiora (DE/FR),Annie/Jhin (RU/NX),1,2,0.5
Annie/Jhin (RU/NX),Fiora (DE/FR),1,2,0.5
Akshan/Sivir (FR/SH),Annie/Jhin (RU/NX),1,2,0.5
Annie/Jhin (RU/NX),Akshan/Sivir (FR/SH),1,2,0.5
Nocturne (SI),Elder Dragon/Janna/Seraphine (RU/PZ),1,2,0.5
Elder Dragon/Janna/Seraphine (RU/PZ),Nocturne (SI),1,2,0.5
Norra (BC/SI),Azir/Irelia (IO/SH),1,2,0.5
Azir/Irelia (IO/SH),Norra (BC/SI),1,2,0.5
Nocturne (SI),Elder Dragon/Morgana (RU/DE),1,2,0.5
Elder Dragon/Morgana (RU/DE),Nocturne (SI),1,2,0.5
Nilah/Twisted Fate (BW/PZ),Pyke/Rek'Sai (BW/SH),1,2,0.5
Pyke/Rek'Sai (BW/SH),Nilah/Twisted Fate (BW/PZ),1,2,0.5
Elder Dragon (RU/FR),Ryze (IO/RU),1,2,0.5
Ryze (IO/RU),Elder Dragon (RU/FR),1,2,0.5
Elder Dragon/Seraphine/Viktor (RU/PZ),Annie/Jhin (RU/NX),1,2,0.5
Annie/Jhin (RU/NX),Elder Dragon/Seraphine/Viktor (RU/PZ),1,2,0.5
Elder Dragon/Morgana (RU/DE),Elder Dragon/Morgana (RU/DE),1,2,0.5
Norra (BC/IO),Azir/Irelia (IO/SH),1,2,0.5
Azir/Irelia (IO/SH),Norra (BC/IO),1,2,0.5
Miss Fortune/Swain (BW/NX),Elise (NX/SI),1,2,0.5
Elise (NX/SI),Miss Fortune/Swain (BW/NX),1,2,0.5
Elder Dragon/Zoe (RU/MT),Azir/Irelia (IO/SH),1,2,0.5
Azir/Irelia (IO/SH),Elder Dragon/Zoe (RU/MT),1,2,0.5
Janna/Nilah/Twisted Fate (BW/PZ),Elder Dragon/Morgana (RU/DE),1,2,0.5
Elder Dragon/Morgana (RU/DE),Janna/Nilah/Twisted Fate (BW/PZ),1,2,0.5
Garen/Taric (DE/MT),Hecarim (IO/SI),1,2,0.5
Hecarim (IO/SI),Garen/Taric (DE/MT),1,2,0.5
Darius/Udyr (FR/NX),Elder Dragon/Garen/Jarvan IV (RU/DE),1,2,0.5
Elder Dragon/Garen/Jarvan IV (RU/DE),Darius/Udyr (FR/NX),1,2,0.5
Championless (SI),Miss Fortune/Swain (BW/NX),1,2,0.5
Miss Fortune/Swain (BW/NX),Championless (SI),1,2,0.5
Miss Fortune/Swain (BW/NX),Elder Dragon/Seraphine/Viktor (RU/PZ),1,2,0.5
Elder Dragon/Seraphine/Viktor (RU/PZ),Miss Fortune/Swain (BW/NX),1,2,0.5
Taliyah/Zilean (IO/SH),Janna/Nilah/Twisted Fate (BW/PZ),1,2,0.5
Janna/Nilah/Twisted Fate (BW/PZ),Taliyah/Zilean (IO/SH),1,2,0.5
Nocturne/Vex (PZ/SI),Nocturne/Vex (PZ/SI),1,2,0.5
Elder Dragon/Garen/Jarvan IV (RU/DE),Elder Dragon/Neeko (RU/RU),1,2,0.5
Elder Dragon/Neeko (RU/RU),Elder Dragon/Garen/Jarvan IV (RU/DE),1,2,0.5
Janna/Nilah/Twisted Fate (BW/PZ),Braum/Zoe (FR/MT),1,2,0.5
Braum/Zoe (FR/MT),Janna/Nilah/Twisted Fate (BW/PZ),1,2,0.5
Championless (SI),Janna/Nilah/Twisted Fate (BW/PZ),1,2,0.5
Janna/Nilah/Twisted Fate (BW/PZ),Championless (SI),1,2,0.5
Taliyah/Zilean (IO/SH),Garen/Poppy/Zed (DE/IO),1,2,0.5
Garen/Poppy/Zed (DE/IO),Taliyah/Zilean (IO/SH),1,2,0.5
Azir/Irelia (IO/SH),Norra/Zoe (BC/MT),1,2,0.5
Norra/Zoe (BC/MT),Azir/Irelia (IO/SH),1,2,0.5
Garen (DE),Janna/Nilah/Twisted Fate (BW/PZ),1,2,0.5
Janna/Nilah/Twisted Fate (BW/PZ),Garen (DE),1,2,0.5
Braum/Norra (BC/FR),Nami/Viktor (BW/PZ),1,2,0.5
Nami/Viktor (BW/PZ),Braum/Norra (BC/FR),1,2,0.5
Nasus/Thresh (SI/SH),Braum/Norra (BC/FR),1,2,0.5
Braum/Norra (BC/FR),Nasus/Thresh (SI/SH),1,2,0.5
Elder Dragon/Volibear (RU/FR),Braum/Norra (BC/FR),1,2,0.5
Braum/Norra (BC/FR),Elder Dragon/Volibear (RU/FR),1,2,0.5
Azir/Irelia (IO/SH),Akshan/Elder Dragon/Nidalee (RU/SH),1,2,0.5
Akshan/Elder Dragon/Nidalee (RU/SH),Azir/Irelia (IO/SH),1,2,0.5
Elder Dragon/Seraphine/Viktor (RU/PZ),Elise/Nocturne (NX/SI),1,2,0.5
Elise/Nocturne (NX/SI),Elder Dragon/Seraphine/Viktor (RU/PZ),1,2,0.5
Elder Dragon/Seraphine/Viktor (RU/PZ),Lillia/Lux: Illuminated (DE/IO),1,2,0.5
Lillia/Lux: Illuminated (DE/IO),Elder Dragon/Seraphine/Viktor (RU/PZ),1,2,0.5
Championpile (DE/FR),Pyke/Rek'Sai (BW/SH),1,2,0.5
Pyke/Rek'Sai (BW/SH),Championpile (DE/FR),1,2,0.5
Elder Dragon/Elise (RU/SI),Ryze (IO/RU),1,2,0.5
Ryze (IO/RU),Elder Dragon/Elise (RU/SI),1,2,0.5
Braum/Elder Dragon/Volibear (RU/FR),Nocturne/Vex (PZ/SI),1,2,0.5
Nocturne/Vex (PZ/SI),Braum/Elder Dragon/Volibear (RU/FR),1,2,0.5
Elder Dragon/Volibear (RU/FR),Nasus/Thresh (SI/SH),1,2,0.5
Nasus/Thresh (SI/SH),Elder Dragon/Volibear (RU/FR),1,2,0.5
Braum/Zoe (FR/MT),Fizz/Samira (BW/NX),1,2,0.5
Fizz/Samira (BW/NX),Braum/Zoe (FR/MT),1,2,0.5
Lillia/Veigar (BC/IO),Aphelios/Seraphine (MT/PZ),1,2,0.5
Aphelios/Seraphine (MT/PZ),Lillia/Veigar (BC/IO),1,2,0.5
Aphelios/Seraphine (MT/PZ),Azir/Irelia (IO/SH),1,2,0.5
Azir/Irelia (IO/SH),Aphelios/Seraphine (MT/PZ),1,2,0.5
Lee Sin/Viktor (IO/PZ),Azir/Irelia (IO/SH),1,2,0.5
Azir/Irelia (IO/SH),Lee Sin/Viktor (IO/PZ),1,2,0.5
Braum/The Poro King (FR/RU),Taliyah/Zilean (IO/SH),1,2,0.5
Taliyah/Zilean (IO/SH),Braum/The Poro King (FR/RU),1,2,0.5
Elder Dragon (RU/FR),Nilah/Twisted Fate (BW/PZ),1,2,0.5
Nilah/Twisted Fate (BW/PZ),Elder Dragon (RU/FR),1,2,0.5
Janna/Twisted Fate (BW/PZ),Azir/Irelia (IO/SH),1,2,0.5
Azir/Irelia (IO/SH),Janna/Twisted Fate (BW/PZ),1,2,0.5
Karma/Sett (FR/IO),Taliyah/Zilean (IO/SH),1,2,0.5
Taliyah/Zilean (IO/SH),Karma/Sett (FR/IO),1,2,0.5
Taliyah/Zilean (IO/SH),Elise/Kalista (NX/SI),1,2,0.5
Elise/Kalista (NX/SI),Taliyah/Zilean (IO/SH),1,2,0.5
Poppy/Ziggs (BC/NX),Braum/Zoe (FR/MT),1,2,0.5
Braum/Zoe (FR/MT),Poppy/Ziggs (BC/NX),1,2,0.5
Braum/Zoe (FR/MT),Lux: Illuminated/Vex (BC/DE),1,2,0.5
Lux: Illuminated/Vex (BC/DE),Braum/Zoe (FR/MT),1,2,0.5
Taliyah/Zilean (IO/SH),Draven/Sion (NX/PZ),1,2,0.5
Draven/Sion (NX/PZ),Taliyah/Zilean (IO/SH),1,2,0.5
Elder Dragon/Norra (RU/BC),Braum/Zoe (FR/MT),1,2,0.5
Braum/Zoe (FR/MT),Elder Dragon/Norra (RU/BC),1,2,0.5
Pyke/Rek'Sai (BW/SH),Azir (MT/SH),1,2,0.5
Azir (MT/SH),Pyke/Rek'Sai (BW/SH),1,2,0.5
Akshan (FR/SH),Zed (FR/IO),1,2,0.5
Zed (FR/IO),Akshan (FR/SH),1,2,0.5
Ezreal/Seraphine (BC/PZ),Swain/Yasuo (IO/NX),1,2,0.5
Swain/Yasuo (IO/NX),Ezreal/Seraphine (BC/PZ),1,2,0.5
Swain/Yasuo (IO/NX),Evelynn/Nidalee (RU/SH),1,2,0.5
Evelynn/Nidalee (RU/SH),Swain/Yasuo (IO/NX),1,2,0.5
Nilah/Twisted Fate (BW/PZ),Elder Dragon/Seraphine/Viktor (RU/PZ),1,2,0.5
Elder Dragon/Seraphine/Viktor (RU/PZ),Nilah/Twisted Fate (BW/PZ),1,2,0.5
Maokai/Nautilus (BW/SI),Elder Dragon/Norra/Vex (RU/BC),1,2,0.5
Elder Dragon/Norra/Vex (RU/BC),Maokai/Nautilus (BW/SI),1,2,0.5
Aatrox/Vayne (RU/DE),Nilah/Twisted Fate (BW/PZ),1,2,0.5
Nilah/Twisted Fate (BW/PZ),Aatrox/Vayne (RU/DE),1,2,0.5
Mordekaiser/Viego (BC/SI),Morgana/Yasuo (IO/MT),1,2,0.5
Morgana/Yasuo (IO/MT),Mordekaiser/Viego (BC/SI),1,2,0.5
Diana/Nocturne (MT/SI),Elder Dragon/Morgana (RU/DE),1,2,0.5
Elder Dragon/Morgana (RU/DE),Diana/Nocturne (MT/SI),1,2,0.5
Bard/Norra (BC/RU),Norra/Swain (BC/NX),1,2,0.5
Norra/Swain (BC/NX),Bard/Norra (BC/RU),1,2,0.5
Norra/Swain (BC/NX),Janna/Seraphine (PZ/SI),1,2,0.5
Janna/Seraphine (PZ/SI),Norra/Swain (BC/NX),1,2,0.5
Seraphine/Sett (IO/PZ),Braum/Zoe (FR/MT),1,2,0.5
Braum/Zoe (FR/MT),Seraphine/Sett (IO/PZ),1,2,0.5
Zoe (MT),Azir/Xerath (SH),1,2,0.5
Azir/Xerath (SH),Zoe (MT),1,2,0.5
Akshan/Master Yi (IO/SH),Elder Dragon/Norra (RU/BC),1,2,0.5
Elder Dragon/Norra (RU/BC),Akshan/Master Yi (IO/SH),1,2,0.5
Taliyah/Zilean (IO/SH),Nocturne/Vex (PZ/SI),1,2,0.5
Nocturne/Vex (PZ/SI),Taliyah/Zilean (IO/SH),1,2,0.5
Karma/Sett (IO/PZ),Zoe (MT),1,2,0.5
Zoe (MT),Karma/Sett (IO/PZ),1,2,0.5
Elder Dragon/Volibear (RU/FR),Kalista (SI),1,2,0.5
Kalista (SI),Elder Dragon/Volibear (RU/FR),1,2,0.5
Seraphine/Sett (IO/PZ),Nilah/Twisted Fate (BW/PZ),1,2,0.5
Nilah/Twisted Fate (BW/PZ),Seraphine/Sett (IO/PZ),1,2,0.5
Elder Dragon/Trundle/Volibear (RU/FR),Jax/Tristana (BC/RU),1,2,0.5
Jax/Tristana (BC/RU),Elder Dragon/Trundle/Volibear (RU/FR),1,2,0.5
Elder Dragon/Trundle/Volibear (RU/FR),Elder Dragon/Norra (RU/BC),1,2,0.5
Elder Dragon/Norra (RU/BC),Elder Dragon/Trundle/Volibear (RU/FR),1,2,0.5
Akshan/Varus (SH/RU),Nilah/Twisted Fate (BW/PZ),1,2,0.5
Nilah/Twisted Fate (BW/PZ),Akshan/Varus (SH/RU),1,2,0.5
Elder Dragon/Trundle/Volibear (RU/FR),Nilah/Twisted Fate (BW/PZ),1,2,0.5
Nilah/Twisted Fate (BW/PZ),Elder Dragon/Trundle/Volibear (RU/FR),1,2,0.5
Elise/Kalista (NX/SI),Elder Dragon/Trundle/Volibear (RU/FR),1,2,0.5
Elder Dragon/Trundle/Volibear (RU/FR),Elise/Kalista (NX/SI),1,2,0.5
Akshan/Varus (SH/RU),Taliyah/Zilean (IO/SH),1,2,0.5
Taliyah/Zilean (IO/SH),Akshan/Varus (SH/RU),1,2,0.5
Garen/Gnar/Udyr (DE/FR),Elder Dragon/Norra (RU/BC),1,2,0.5
Elder Dragon/Norra (RU/BC),Garen/Gnar/Udyr (DE/FR),1,2,0.5
Hecarim/Zed (IO/SI),Championless (SI),1,2,0.5
Championless (SI),Hecarim/Zed (IO/SI),1,2,0.5
Azir/Irelia (IO/SH),Mordekaiser/Morgana (DE/SI),1,2,0.5
Mordekaiser/Morgana (DE/SI),Azir/Irelia (IO/SH),1,2,0.5
Elder Dragon/Volibear (RU/FR),Master Yi (FR/IO),1,2,0.5
Master Yi (FR/IO),Elder Dragon/Volibear (RU/FR),1,2,0.5
Azir (MT/SH),Heimerdinger/Viktor (IO/PZ),1,2,0.5
Heimerdinger/Viktor (IO/PZ),Azir (MT/SH),1,2,0.5
Kalista (SI),Lee Sin/Master Yi/Udyr (FR/IO),1,2,0.5
Lee Sin/Master Yi/Udyr (FR/IO),Kalista (SI),1,2,0.5
Ashe/LeBlanc (FR/NX),Kalista (SI),1,2,0.5
Kalista (SI),Ashe/LeBlanc (FR/NX),1,2,0.5
Jhin/Katarina (RU/NX),Elder Dragon/Galio/Morgana (RU/DE),1,2,0.5
Elder Dragon/Galio/Morgana (RU/DE),Jhin/Katarina (RU/NX),1,2,0.5
Seraphine/Viktor (IO/PZ),Nocturne (SI),1,2,0.5
Nocturne (SI),Seraphine/Viktor (IO/PZ),1,2,0.5
Poppy/Ziggs (BC/NX),Azir/Irelia (IO/SH),9,16,0.5625
Azir/Irelia (IO/SH),Poppy/Ziggs (BC/NX),7,16,0.4375
Azir/Irelia (IO/SH),Aphelios/Viktor (MT/PZ),5,9,0.555555555555556
Championless (SI),Azir/Irelia (IO/SH),5,9,0.555555555555556
Karma/Sett (FR/IO),Elder Dragon/Norra (RU/BC),5,9,0.555555555555556
Aphelios/Viktor (MT/PZ),Azir/Irelia (IO/SH),4,9,0.444444444444444
Azir/Irelia (IO/SH),Championless (SI),4,9,0.444444444444444
Elder Dragon/Norra (RU/BC),Karma/Sett (FR/IO),4,9,0.444444444444444
Azir/Irelia (IO/SH),Kalista (SI),1,3,0.333333333333333
Viktor/Zoe (MT/PZ),Karma/Sett (IO/SI),1,3,0.333333333333333
Elder Dragon/Galio/Morgana (RU/DE),Pyke/Rek'Sai (BW/SH),1,3,0.333333333333333
Championless (SI),Elder Dragon/Galio/Morgana (RU/DE),1,3,0.333333333333333
Elder Dragon/Galio/Morgana (RU/DE),Elder Dragon (RU/FR),1,3,0.333333333333333
Ezreal/Seraphine (BC/PZ),Poppy/Ziggs (BC/NX),1,3,0.333333333333333
Poppy/Ziggs (BC/NX),Taliyah/Zilean (IO/SH),1,3,0.333333333333333
Elise/Nocturne (NX/SI),Elder Dragon/Norra (RU/BC),1,3,0.333333333333333
Hecarim/Zed (IO/SI),Mordekaiser/Norra (BC/SI),1,3,0.333333333333333
Elder Dragon (RU/FR),Mordekaiser/Norra (BC/SI),1,3,0.333333333333333
Teemo (BC/PZ),Elder Dragon/Norra (RU/BC),1,3,0.333333333333333
Elder Dragon/Lissandra/Volibear (RU/FR),Championpile/Elder Dragon (RU/FR),1,3,0.333333333333333
Akshan (BC/SH),Azir/Irelia (IO/SH),1,3,0.333333333333333
Darius (FR/NX),Azir/Irelia (IO/SH),1,3,0.333333333333333
Akshan/Morgana/Taliyah (DE/SH),Elder Dragon/Galio/Morgana (RU/DE),1,3,0.333333333333333
Nidalee/Norra (BC/SH),Akshan/Morgana/Taliyah (DE/SH),1,3,0.333333333333333
Poppy/Ziggs (BC/NX),Ekko/Jinx (PZ/SH),1,3,0.333333333333333
Annie/Jhin (RU/NX),Ezreal/Seraphine (BC/PZ),1,3,0.333333333333333
Anivia (FR/SI),Azir/Irelia (IO/SH),1,3,0.333333333333333
Elise (NX/SI),Elder Dragon/Morgana (RU/DE),1,3,0.333333333333333
Annie/Jhin (RU/NX),Miss Fortune/Twisted Fate (BW/NX),1,3,0.333333333333333
Poppy/Ziggs (BC/NX),Ezreal/Karma/Seraphine (IO/PZ),1,3,0.333333333333333
Ezreal/Karma/Seraphine (IO/PZ),Elder Dragon/Norra (RU/BC),1,3,0.333333333333333
Ezreal/Seraphine (IO/PZ),Azir/Irelia (IO/SH),1,3,0.333333333333333
Fizz (BW/SH),Ezreal/Seraphine (BC/PZ),1,3,0.333333333333333
Elder Dragon/Volibear (RU/FR),Elder Dragon/Seraphine/Viktor (RU/PZ),1,3,0.333333333333333
Nilah/Twisted Fate (BW/PZ),Elise/Twisted Fate (BW/SI),1,3,0.333333333333333
Elder Dragon/Trundle/Volibear (RU/FR),Annie/Jhin (RU/NX),1,3,0.333333333333333
Karma/Sett (FR/IO),Senna/Veigar (BC/SI),1,3,0.333333333333333
Elder Dragon/Norra (RU/BC),Caitlyn/Teemo (FR/PZ),1,3,0.333333333333333
Hecarim/Lucian (DE/SI),Azir/Irelia (IO/SH),1,3,0.333333333333333
Hecarim/Zed (IO/SI),Annie/Jhin (RU/NX),1,3,0.333333333333333
Maokai/Nautilus (BW/SI),Caitlyn/Teemo (FR/PZ),1,3,0.333333333333333
Karma/Sett (IO/PZ),Taliyah/Zilean (IO/SH),1,3,0.333333333333333
Jinx/Lulu (BC/PZ),Taliyah/Zilean (IO/SH),1,3,0.333333333333333
Rumble/Vayne (DE/NX),Nocturne/Vex (PZ/SI),1,3,0.333333333333333
Senna (PZ/SI),Azir/Irelia (IO/SH),1,3,0.333333333333333
Kayle/Zed (IO/MT),Azir/Irelia (IO/SH),1,3,0.333333333333333
Pyke/Rek'Sai (BW/SH),Nocturne (SI),1,3,0.333333333333333
Akshan/Elder Dragon/Sivir (RU/SH),Azir/Irelia (IO/SH),1,3,0.333333333333333
Hecarim/Zed (IO/SI),Azir/Irelia (IO/SH),1,3,0.333333333333333
Annie/Jhin (RU/NX),Elder Dragon/Morgana (RU/DE),1,3,0.333333333333333
Elder Dragon/Zoe (RU/MT),Draven/Jinx (NX/PZ),1,3,0.333333333333333
Azir/Irelia (IO/SH),Bard/Norra (BC/RU),1,3,0.333333333333333
Elise/Nocturne (NX/SI),Garen/Taric (DE/MT),1,3,0.333333333333333
Fiora/Shen (DE/IO),Janna/Nilah/Twisted Fate (BW/PZ),1,3,0.333333333333333
Nilah/Twisted Fate (BW/PZ),Elise/Nocturne (NX/SI),1,3,0.333333333333333
Annie/Jhin (RU/NX),Jayce/Norra (BC/PZ),1,3,0.333333333333333
Taliyah/Zilean (IO/SH),Nilah/Twisted Fate (BW/PZ),1,3,0.333333333333333
Elder Dragon/Volibear (RU/FR),Annie/Gwen (NX/SI),1,3,0.333333333333333
Seraphine/Zoe (MT/PZ),Draven/Jinx (NX/PZ),1,3,0.333333333333333
Diana/Nocturne (MT/SI),Elder Dragon/Norra (RU/BC),1,3,0.333333333333333
Elder Dragon/Seraphine/Viktor (RU/PZ),Draven/Jinx (NX/PZ),1,3,0.333333333333333
Elder Dragon/Volibear (RU/FR),Seraphine/Zoe (MT/PZ),1,3,0.333333333333333
Fiora (DE/SH),Elder Dragon/Norra (RU/BC),1,3,0.333333333333333
Senna/Veigar (BC/SI),Elder Dragon/Neeko (RU/RU),1,3,0.333333333333333
Seraphine/Viktor (IO/PZ),Aphelios/Zoe (IO/MT),1,3,0.333333333333333
Swain/Yasuo (IO/NX),Fizz (BW/SH),1,3,0.333333333333333
Elder Dragon/Volibear (RU/FR),Elder Dragon/Norra/Vex (RU/BC),1,3,0.333333333333333
Swain/Yasuo (IO/NX),Norra/Swain (BC/NX),1,3,0.333333333333333
Elder Dragon/Norra (RU/BC),Elder Dragon/Norra/Vex (RU/BC),1,3,0.333333333333333
Pyke/Rek'Sai (BW/SH),Zoe (MT),1,3,0.333333333333333
Elder Dragon/Norra (RU/BC),Zoe (MT),1,3,0.333333333333333
Azir/Xerath (SH),Elder Dragon/Trundle/Volibear (RU/FR),1,3,0.333333333333333
Taliyah/Zilean (IO/SH),Elder Dragon/Trundle/Volibear (RU/FR),1,3,0.333333333333333
Azir/Irelia (IO/SH),Seraphine/Zoe (MT/PZ),1,3,0.333333333333333
Kalista (SI),Azir/Irelia (IO/SH),2,3,0.666666666666667
Karma/Sett (IO/SI),Viktor/Zoe (MT/PZ),2,3,0.666666666666667
Pyke/Rek'Sai (BW/SH),Elder Dragon/Galio/Morgana (RU/DE),2,3,0.666666666666667
Elder Dragon/Galio/Morgana (RU/DE),Championless (SI),2,3,0.666666666666667
Elder Dragon (RU/FR),Elder Dragon/Galio/Morgana (RU/DE),2,3,0.666666666666667
Poppy/Ziggs (BC/NX),Ezreal/Seraphine (BC/PZ),2,3,0.666666666666667
Taliyah/Zilean (IO/SH),Poppy/Ziggs (BC/NX),2,3,0.666666666666667
Elder Dragon/Norra (RU/BC),Elise/Nocturne (NX/SI),2,3,0.666666666666667
Mordekaiser/Norra (BC/SI),Hecarim/Zed (IO/SI),2,3,0.666666666666667
Mordekaiser/Norra (BC/SI),Elder Dragon (RU/FR),2,3,0.666666666666667
Elder Dragon/Norra (RU/BC),Teemo (BC/PZ),2,3,0.666666666666667
Championpile/Elder Dragon (RU/FR),Elder Dragon/Lissandra/Volibear (RU/FR),2,3,0.666666666666667
Azir/Irelia (IO/SH),Akshan (BC/SH),2,3,0.666666666666667
Azir/Irelia (IO/SH),Darius (FR/NX),2,3,0.666666666666667
Elder Dragon/Galio/Morgana (RU/DE),Akshan/Morgana/Taliyah (DE/SH),2,3,0.666666666666667
Akshan/Morgana/Taliyah (DE/SH),Nidalee/Norra (BC/SH),2,3,0.666666666666667
Ekko/Jinx (PZ/SH),Poppy/Ziggs (BC/NX),2,3,0.666666666666667
Ezreal/Seraphine (BC/PZ),Annie/Jhin (RU/NX),2,3,0.666666666666667
Azir/Irelia (IO/SH),Anivia (FR/SI),2,3,0.666666666666667
Elder Dragon/Morgana (RU/DE),Elise (NX/SI),2,3,0.666666666666667
Miss Fortune/Twisted Fate (BW/NX),Annie/Jhin (RU/NX),2,3,0.666666666666667
Ezreal/Karma/Seraphine (IO/PZ),Poppy/Ziggs (BC/NX),2,3,0.666666666666667
Elder Dragon/Norra (RU/BC),Ezreal/Karma/Seraphine (IO/PZ),2,3,0.666666666666667
Azir/Irelia (IO/SH),Ezreal/Seraphine (IO/PZ),2,3,0.666666666666667
Ezreal/Seraphine (BC/PZ),Fizz (BW/SH),2,3,0.666666666666667
Elder Dragon/Seraphine/Viktor (RU/PZ),Elder Dragon/Volibear (RU/FR),2,3,0.666666666666667
Elise/Twisted Fate (BW/SI),Nilah/Twisted Fate (BW/PZ),2,3,0.666666666666667
Annie/Jhin (RU/NX),Elder Dragon/Trundle/Volibear (RU/FR),2,3,0.666666666666667
Senna/Veigar (BC/SI),Karma/Sett (FR/IO),2,3,0.666666666666667
Caitlyn/Teemo (FR/PZ),Elder Dragon/Norra (RU/BC),2,3,0.666666666666667
Azir/Irelia (IO/SH),Hecarim/Lucian (DE/SI),2,3,0.666666666666667
Annie/Jhin (RU/NX),Hecarim/Zed (IO/SI),2,3,0.666666666666667
Caitlyn/Teemo (FR/PZ),Maokai/Nautilus (BW/SI),2,3,0.666666666666667
Taliyah/Zilean (IO/SH),Karma/Sett (IO/PZ),2,3,0.666666666666667
Taliyah/Zilean (IO/SH),Jinx/Lulu (BC/PZ),2,3,0.666666666666667
Nocturne/Vex (PZ/SI),Rumble/Vayne (DE/NX),2,3,0.666666666666667
Azir/Irelia (IO/SH),Senna (PZ/SI),2,3,0.666666666666667
Azir/Irelia (IO/SH),Kayle/Zed (IO/MT),2,3,0.666666666666667
Nocturne (SI),Pyke/Rek'Sai (BW/SH),2,3,0.666666666666667
Azir/Irelia (IO/SH),Akshan/Elder Dragon/Sivir (RU/SH),2,3,0.666666666666667
Azir/Irelia (IO/SH),Hecarim/Zed (IO/SI),2,3,0.666666666666667
Elder Dragon/Morgana (RU/DE),Annie/Jhin (RU/NX),2,3,0.666666666666667
Draven/Jinx (NX/PZ),Elder Dragon/Zoe (RU/MT),2,3,0.666666666666667
Bard/Norra (BC/RU),Azir/Irelia (IO/SH),2,3,0.666666666666667
Garen/Taric (DE/MT),Elise/Nocturne (NX/SI),2,3,0.666666666666667
Janna/Nilah/Twisted Fate (BW/PZ),Fiora/Shen (DE/IO),2,3,0.666666666666667
Elise/Nocturne (NX/SI),Nilah/Twisted Fate (BW/PZ),2,3,0.666666666666667
Jayce/Norra (BC/PZ),Annie/Jhin (RU/NX),2,3,0.666666666666667
Nilah/Twisted Fate (BW/PZ),Taliyah/Zilean (IO/SH),2,3,0.666666666666667
Annie/Gwen (NX/SI),Elder Dragon/Volibear (RU/FR),2,3,0.666666666666667
Draven/Jinx (NX/PZ),Seraphine/Zoe (MT/PZ),2,3,0.666666666666667
Elder Dragon/Norra (RU/BC),Diana/Nocturne (MT/SI),2,3,0.666666666666667
Draven/Jinx (NX/PZ),Elder Dragon/Seraphine/Viktor (RU/PZ),2,3,0.666666666666667
Seraphine/Zoe (MT/PZ),Elder Dragon/Volibear (RU/FR),2,3,0.666666666666667
Elder Dragon/Norra (RU/BC),Fiora (DE/SH),2,3,0.666666666666667
Elder Dragon/Neeko (RU/RU),Senna/Veigar (BC/SI),2,3,0.666666666666667
Aphelios/Zoe (IO/MT),Seraphine/Viktor (IO/PZ),2,3,0.666666666666667
Fizz (BW/SH),Swain/Yasuo (IO/NX),2,3,0.666666666666667
Elder Dragon/Norra/Vex (RU/BC),Elder Dragon/Volibear (RU/FR),2,3,0.666666666666667
Norra/Swain (BC/NX),Swain/Yasuo (IO/NX),2,3,0.666666666666667
Elder Dragon/Norra/Vex (RU/BC),Elder Dragon/Norra (RU/BC),2,3,0.666666666666667
Zoe (MT),Pyke/Rek'Sai (BW/SH),2,3,0.666666666666667
Zoe (MT),Elder Dragon/Norra (RU/BC),2,3,0.666666666666667
Elder Dragon/Trundle/Volibear (RU/FR),Azir/Xerath (SH),2,3,0.666666666666667
Elder Dragon/Trundle/Volibear (RU/FR),Taliyah/Zilean (IO/SH),2,3,0.666666666666667
Seraphine/Zoe (MT/PZ),Azir/Irelia (IO/SH),2,3,0.666666666666667
Nilah/Twisted Fate (BW/PZ),Azir/Irelia (IO/SH),5,14,0.357142857142857
Azir/Irelia (IO/SH),Mordekaiser/Norra (BC/SI),5,14,0.357142857142857
Azir/Irelia (IO/SH),Nilah/Twisted Fate (BW/PZ),9,14,0.642857142857143
Mordekaiser/Norra (BC/SI),Azir/Irelia (IO/SH),9,14,0.642857142857143
Elder Dragon/Mordekaiser/Viego (RU/SI),Azir/Irelia (IO/SH),0,6,0
Elder Dragon/Lissandra/Volibear (RU/FR),Azir/Irelia (IO/SH),0,6,0
Azir/Irelia (IO/SH),Miss Fortune/Twisted Fate (BW/NX),0,6,0
Azir/Irelia (IO/SH),Braum (FR/NX),0,6,0
Azir/Irelia (IO/SH),Elder Dragon/Mordekaiser/Viego (RU/SI),6,6,1
Azir/Irelia (IO/SH),Elder Dragon/Lissandra/Volibear (RU/FR),6,6,1
Miss Fortune/Twisted Fate (BW/NX),Azir/Irelia (IO/SH),6,6,1
Braum (FR/NX),Azir/Irelia (IO/SH),6,6,1
Elder Dragon/Galio/Morgana (RU/DE),Azir/Irelia (IO/SH),10,21,0.476190476190476
Azir/Irelia (IO/SH),Elder Dragon/Galio/Morgana (RU/DE),11,21,0.523809523809524
Annie/Jhin (RU/NX),Karma/Sett (IO/SI),3,3,1
Elder Dragon/Norra (RU/BC),Akshan/Sivir (FR/SH),3,3,1
Elder Dragon/Norra (RU/BC),Senna/Veigar (BC/SI),3,3,1
Mordekaiser/Norra (BC/SI),Janna/Senna (PZ/SI),3,3,1
Elder Dragon/Trundle/Volibear (RU/FR),Elder Dragon (RU/FR),3,3,1
Azir/Irelia (IO/SH),Akshan/Mordekaiser (SI/SH),3,3,1
Ekko/Jinx (PZ/SH),Elder Dragon/Volibear (RU/FR),3,3,1
Aphelios/Viktor (MT/PZ),Poppy/Tristana (BC/SH),3,3,1
Elder Dragon/Norra (RU/BC),Ryze (IO/RU),3,3,1
Gnar/Nidalee (BC/SH),Annie/Jhin (RU/NX),3,3,1
Jax/Vi (RU/PZ),Nilah/Twisted Fate (BW/PZ),3,3,1
Jinx/Lulu (BC/PZ),Elder Dragon/Volibear (RU/FR),3,3,1
Azir/Irelia (IO/SH),Master Yi/Taric (IO/MT),3,3,1
Azir/Irelia (IO/SH),Lux: Illuminated/Vex (BC/DE),3,3,1
Annie/Jhin (RU/NX),Azir/Xerath (SH),3,3,1
Braum/Zoe (FR/MT),Annie/Jhin (RU/NX),3,3,1
Azir/Irelia (IO/SH),The Poro King (MT/RU),3,3,1
Elder Dragon/Seraphine/Viktor (RU/PZ),Elder Dragon/Trundle/Volibear (RU/FR),3,3,1
Annie/Jhin (RU/NX),Elise/Nocturne (NX/SI),3,3,1
Annie/Jhin (RU/NX),Taliyah/Zilean (IO/SH),3,3,1
Annie/Jhin (RU/NX),Aurelion Sol/Shyvana (DE/MT),3,3,1
Sejuani/Teemo (FR/PZ),Azir/Irelia (IO/SH),3,3,1
Azir/Irelia (IO/SH),Fiora/Shen (DE/IO),3,3,1
Miss Fortune/Swain (BW/NX),Azir/Irelia (IO/SH),3,3,1
Akshan/Elder Dragon/Nidalee (RU/SH),Senna/Veigar (BC/SI),3,3,1
Taliyah/Zilean (IO/SH),Senna/Veigar (BC/SI),3,3,1
Jax (FR/RU),Senna/Veigar (BC/SI),3,3,1
Elder Dragon/Norra/Vex (RU/BC),Pyke/Rek'Sai (BW/SH),3,3,1
Elder Dragon/Volibear (RU/FR),Championless (SI),3,3,1
Elder Dragon/Norra (RU/BC),Ashe/LeBlanc (FR/NX),3,3,1
Fiora (DE/SH),Elder Dragon/Volibear (RU/FR),3,3,1
Championpile/Elder Dragon (RU/DE),Annie/Jhin (RU/NX),3,3,1
Miss Fortune/Twisted Fate (BW/NX),Elder Dragon/Norra (RU/BC),3,3,1
Elder Dragon/Trundle/Volibear (RU/FR),Elder Dragon/Volibear (RU/FR),3,3,1
Elder Dragon/Seraphine/Viktor (RU/PZ),Trundle/Tryndamere (FR/NX),3,3,1
Azir (MT/SH),Karma/Sett (IO/PZ),3,3,1
Karma/Sett (IO/SI),Annie/Jhin (RU/NX),0,3,0
Akshan/Sivir (FR/SH),Elder Dragon/Norra (RU/BC),0,3,0
Senna/Veigar (BC/SI),Elder Dragon/Norra (RU/BC),0,3,0
Janna/Senna (PZ/SI),Mordekaiser/Norra (BC/SI),0,3,0
Elder Dragon (RU/FR),Elder Dragon/Trundle/Volibear (RU/FR),0,3,0
Akshan/Mordekaiser (SI/SH),Azir/Irelia (IO/SH),0,3,0
Elder Dragon/Volibear (RU/FR),Ekko/Jinx (PZ/SH),0,3,0
Poppy/Tristana (BC/SH),Aphelios/Viktor (MT/PZ),0,3,0
Ryze (IO/RU),Elder Dragon/Norra (RU/BC),0,3,0
Annie/Jhin (RU/NX),Gnar/Nidalee (BC/SH),0,3,0
Nilah/Twisted Fate (BW/PZ),Jax/Vi (RU/PZ),0,3,0
Elder Dragon/Volibear (RU/FR),Jinx/Lulu (BC/PZ),0,3,0
Master Yi/Taric (IO/MT),Azir/Irelia (IO/SH),0,3,0
Lux: Illuminated/Vex (BC/DE),Azir/Irelia (IO/SH),0,3,0
Azir/Xerath (SH),Annie/Jhin (RU/NX),0,3,0
Annie/Jhin (RU/NX),Braum/Zoe (FR/MT),0,3,0
The Poro King (MT/RU),Azir/Irelia (IO/SH),0,3,0
Elder Dragon/Trundle/Volibear (RU/FR),Elder Dragon/Seraphine/Viktor (RU/PZ),0,3,0
Elise/Nocturne (NX/SI),Annie/Jhin (RU/NX),0,3,0
Taliyah/Zilean (IO/SH),Annie/Jhin (RU/NX),0,3,0
Aurelion Sol/Shyvana (DE/MT),Annie/Jhin (RU/NX),0,3,0
Azir/Irelia (IO/SH),Sejuani/Teemo (FR/PZ),0,3,0
Fiora/Shen (DE/IO),Azir/Irelia (IO/SH),0,3,0
Azir/Irelia (IO/SH),Miss Fortune/Swain (BW/NX),0,3,0
Senna/Veigar (BC/SI),Akshan/Elder Dragon/Nidalee (RU/SH),0,3,0
Senna/Veigar (BC/SI),Taliyah/Zilean (IO/SH),0,3,0
Senna/Veigar (BC/SI),Jax (FR/RU),0,3,0
Pyke/Rek'Sai (BW/SH),Elder Dragon/Norra/Vex (RU/BC),0,3,0
Championless (SI),Elder Dragon/Volibear (RU/FR),0,3,0
Ashe/LeBlanc (FR/NX),Elder Dragon/Norra (RU/BC),0,3,0
Elder Dragon/Volibear (RU/FR),Fiora (DE/SH),0,3,0
Annie/Jhin (RU/NX),Championpile/Elder Dragon (RU/DE),0,3,0
Elder Dragon/Norra (RU/BC),Miss Fortune/Twisted Fate (BW/NX),0,3,0
Elder Dragon/Volibear (RU/FR),Elder Dragon/Trundle/Volibear (RU/FR),0,3,0
Trundle/Tryndamere (FR/NX),Elder Dragon/Seraphine/Viktor (RU/PZ),0,3,0
Karma/Sett (IO/PZ),Azir (MT/SH),0,3,0
Nidalee/Norra (BC/SH),Azir/Irelia (IO/SH),3,7,0.428571428571429
Elder Dragon/Morgana/Shyvana (RU/DE),Azir/Irelia (IO/SH),3,7,0.428571428571429
Azir/Irelia (IO/SH),Nasus/Thresh (SI/SH),3,7,0.428571428571429
Elder Dragon/Volibear (RU/FR),Taliyah/Zilean (IO/SH),3,7,0.428571428571429
Azir/Irelia (IO/SH),Zoe (MT),3,7,0.428571428571429
Azir/Irelia (IO/SH),Nidalee/Norra (BC/SH),4,7,0.571428571428571
Azir/Irelia (IO/SH),Elder Dragon/Morgana/Shyvana (RU/DE),4,7,0.571428571428571
Nasus/Thresh (SI/SH),Azir/Irelia (IO/SH),4,7,0.571428571428571
Taliyah/Zilean (IO/SH),Elder Dragon/Volibear (RU/FR),4,7,0.571428571428571
Zoe (MT),Azir/Irelia (IO/SH),4,7,0.571428571428571
Karma/Sett (IO/PZ),Azir/Irelia (IO/SH),3,8,0.375
Elder Dragon/Seraphine/Viktor (RU/PZ),Azir/Irelia (IO/SH),3,8,0.375
Elder Dragon/Volibear (RU/FR),Zoe (MT),3,8,0.375
Azir/Irelia (IO/SH),Karma/Sett (IO/PZ),5,8,0.625
Azir/Irelia (IO/SH),Elder Dragon/Seraphine/Viktor (RU/PZ),5,8,0.625
Zoe (MT),Elder Dragon/Volibear (RU/FR),5,8,0.625
Akshan/Morgana/Taliyah (DE/SH),Azir/Irelia (IO/SH),6,7,0.857142857142857
Azir/Irelia (IO/SH),Akshan/Morgana/Taliyah (DE/SH),1,7,0.142857142857143
Azir/Irelia (IO/SH),Elder Dragon/Norra (RU/BC),18,51,0.352941176470588
Elder Dragon/Norra (RU/BC),Azir/Irelia (IO/SH),33,51,0.647058823529412
Poppy/Ziggs (BC/NX),Annie/Jhin (RU/NX),5,10,0.5
Annie/Jhin (RU/NX),Poppy/Ziggs (BC/NX),5,10,0.5
Elder Dragon/Norra (RU/BC),Poppy/Ziggs (BC/NX),3,12,0.25
Poppy/Ziggs (BC/NX),Elder Dragon/Norra (RU/BC),9,12,0.75
Elder Dragon/Norra (RU/BC),Championless (SI),3,10,0.3
Elder Dragon/Norra (RU/BC),Annie/Jhin (RU/NX),3,10,0.3
Championless (SI),Elder Dragon/Norra (RU/BC),7,10,0.7
Annie/Jhin (RU/NX),Elder Dragon/Norra (RU/BC),7,10,0.7
Azir/Xerath (SH),Elder Dragon/Norra (RU/BC),4,8,0.5
Elder Dragon/Norra (RU/BC),Azir/Xerath (SH),4,8,0.5
Azir/Irelia (IO/SH),Poppy/Tristana (BC/SH),4,8,0.5
Poppy/Tristana (BC/SH),Azir/Irelia (IO/SH),4,8,0.5
Azir/Irelia (IO/SH),Elise/Nocturne (NX/SI),4,8,0.5
Elise/Nocturne (NX/SI),Azir/Irelia (IO/SH),4,8,0.5
Pyke/Rek'Sai (BW/SH),Elder Dragon/Norra (RU/BC),3,5,0.6
Pyke/Rek'Sai (BW/SH),Mordekaiser/Norra (BC/SI),3,5,0.6
Annie/Jhin (RU/NX),Karma/Sett (FR/IO),3,5,0.6
Annie/Jhin (RU/NX),Karma/Sett (IO/PZ),3,5,0.6
Azir/Irelia (IO/SH),Ezreal/Karma/Seraphine (IO/PZ),3,5,0.6
Caitlyn/Teemo (FR/PZ),Elise (NX/SI),3,5,0.6
Fizz (BW/SH),Championless (BC/PZ),3,5,0.6
Elder Dragon/Lissandra/Volibear (RU/FR),Elder Dragon/Norra (RU/BC),3,5,0.6
Aatrox/Kayn (RU/RU),Elder Dragon/Norra (RU/BC),3,5,0.6
Elder Dragon/Norra (RU/BC),Caitlyn/Teemo (BC/PZ),3,5,0.6
Nocturne (SI),Azir/Irelia (IO/SH),3,5,0.6
Janna/Nilah/Twisted Fate (BW/PZ),Annie/Jhin (RU/NX),3,5,0.6
Norra/Swain (BC/NX),Azir/Irelia (IO/SH),3,5,0.6
Zoe (FR/MT),Azir/Irelia (IO/SH),3,5,0.6
Elder Dragon/Norra (RU/BC),Pyke/Rek'Sai (BW/SH),2,5,0.4
Mordekaiser/Norra (BC/SI),Pyke/Rek'Sai (BW/SH),2,5,0.4
Karma/Sett (FR/IO),Annie/Jhin (RU/NX),2,5,0.4
Karma/Sett (IO/PZ),Annie/Jhin (RU/NX),2,5,0.4
Ezreal/Karma/Seraphine (IO/PZ),Azir/Irelia (IO/SH),2,5,0.4
Elise (NX/SI),Caitlyn/Teemo (FR/PZ),2,5,0.4
Championless (BC/PZ),Fizz (BW/SH),2,5,0.4
Elder Dragon/Norra (RU/BC),Elder Dragon/Lissandra/Volibear (RU/FR),2,5,0.4
Elder Dragon/Norra (RU/BC),Aatrox/Kayn (RU/RU),2,5,0.4
Caitlyn/Teemo (BC/PZ),Elder Dragon/Norra (RU/BC),2,5,0.4
Azir/Irelia (IO/SH),Nocturne (SI),2,5,0.4
Annie/Jhin (RU/NX),Janna/Nilah/Twisted Fate (BW/PZ),2,5,0.4
Azir/Irelia (IO/SH),Norra/Swain (BC/NX),2,5,0.4
Azir/Irelia (IO/SH),Zoe (FR/MT),2,5,0.4
Annie/Jhin (RU/NX),Elder Dragon/Volibear (RU/FR),9,9,1
Elder Dragon/Volibear (RU/FR),Annie/Jhin (RU/NX),0,9,0
Karma/Sett (FR/IO),Azir/Irelia (IO/SH),5,24,0.208333333333333
Azir/Irelia (IO/SH),Karma/Sett (FR/IO),19,24,0.791666666666667
Senna/Veigar (BC/SI),Azir/Irelia (IO/SH),3,11,0.272727272727273
Azir/Irelia (IO/SH),Senna/Veigar (BC/SI),8,11,0.727272727272727
Azir/Irelia (IO/SH),Pyke/Rek'Sai (BW/SH),14,21,0.666666666666667
Pyke/Rek'Sai (BW/SH),Azir/Irelia (IO/SH),7,21,0.333333333333333
Karma/Sett (FR/IO),Elder Dragon/Volibear (RU/FR),3,6,0.5
Elder Dragon/Volibear (RU/FR),Karma/Sett (FR/IO),3,6,0.5
Annie/Jhin (RU/NX),Mordekaiser/Norra (BC/SI),3,6,0.5
Mordekaiser/Norra (BC/SI),Annie/Jhin (RU/NX),3,6,0.5
Hecarim (IO/SI),Azir/Irelia (IO/SH),3,6,0.5
Azir/Irelia (IO/SH),Hecarim (IO/SI),3,6,0.5
Elder Dragon/Volibear (RU/FR),Elder Dragon/Volibear (RU/FR),3,6,0.5
Diana/Nocturne (MT/SI),Azir/Irelia (IO/SH),6,9,0.666666666666667
Azir/Irelia (IO/SH),Diana/Nocturne (MT/SI),3,9,0.333333333333333
Azir/Irelia (IO/SH),Championless (FR/NX),2,7,0.285714285714286
Gnar/Nidalee (BC/SH),Azir/Irelia (IO/SH),2,7,0.285714285714286
Azir/Irelia (IO/SH),Elder Dragon/Garen/Jarvan IV (RU/DE),2,7,0.285714285714286
Championless (FR/NX),Azir/Irelia (IO/SH),5,7,0.714285714285714
Azir/Irelia (IO/SH),Gnar/Nidalee (BC/SH),5,7,0.714285714285714
Elder Dragon/Garen/Jarvan IV (RU/DE),Azir/Irelia (IO/SH),5,7,0.714285714285714
Azir/Irelia (IO/SH),Elder Dragon/Norra/Vex (RU/BC),4,11,0.363636363636364
Elder Dragon/Norra/Vex (RU/BC),Azir/Irelia (IO/SH),7,11,0.636363636363636
Elder Dragon/Volibear (RU/FR),Poppy/Ziggs (BC/NX),4,6,0.666666666666667
Azir/Irelia (IO/SH),Nidalee (BC/SH),4,6,0.666666666666667
Elder Dragon/Norra (RU/BC),Taliyah/Zilean (IO/SH),4,6,0.666666666666667
Caitlyn/Teemo (FR/PZ),Ezreal/Seraphine (BC/PZ),4,6,0.666666666666667
Azir/Irelia (IO/SH),Braum/Vladimir (FR/NX),4,6,0.666666666666667
Elder Dragon/Volibear (RU/FR),Braum/Zoe (FR/MT),4,6,0.666666666666667
Nilah/Twisted Fate (BW/PZ),Hecarim/Zed (IO/SI),4,6,0.666666666666667
Poppy/Ziggs (BC/NX),Elder Dragon/Volibear (RU/FR),2,6,0.333333333333333
Nidalee (BC/SH),Azir/Irelia (IO/SH),2,6,0.333333333333333
Taliyah/Zilean (IO/SH),Elder Dragon/Norra (RU/BC),2,6,0.333333333333333
Ezreal/Seraphine (BC/PZ),Caitlyn/Teemo (FR/PZ),2,6,0.333333333333333
Braum/Vladimir (FR/NX),Azir/Irelia (IO/SH),2,6,0.333333333333333
Braum/Zoe (FR/MT),Elder Dragon/Volibear (RU/FR),2,6,0.333333333333333
Hecarim/Zed (IO/SI),Nilah/Twisted Fate (BW/PZ),2,6,0.333333333333333
Annie/Jhin (RU/NX),Annie/Jhin (RU/NX),12,24,0.5
Ezreal/Seraphine (BC/PZ),Azir/Irelia (IO/SH),7,12,0.583333333333333
Azir/Irelia (IO/SH),Ezreal/Seraphine (BC/PZ),5,12,0.416666666666667
Taliyah/Zilean (IO/SH),Azir/Irelia (IO/SH),7,19,0.368421052631579
Azir/Irelia (IO/SH),Taliyah/Zilean (IO/SH),12,19,0.631578947368421
Nocturne/Vex (PZ/SI),Azir/Irelia (IO/SH),12,13,0.923076923076923
Azir/Irelia (IO/SH),Nocturne/Vex (PZ/SI),1,13,0.0769230769230769
Braum/Zoe (FR/MT),Azir/Irelia (IO/SH),6,11,0.545454545454545
Azir/Irelia (IO/SH),Braum/Zoe (FR/MT),5,11,0.454545454545455
