time,archetype_1,n,freq
2026-09-20T18:00:00Z,Other,460,0.674486803519062
2026-09-20T18:00:00Z,Ashe/LeBlanc (FR/NX),9,0.0131964809384164
2026-09-20T18:00:00Z,Ezreal/Seraphine (BC/PZ),15,0.0219941348973607
2026-09-20T18:00:00Z,Caitlyn/Teemo (FR/PZ),17,0.0249266862170088
2026-09-20T18:00:00Z,Nilah/Twisted Fate (BW/PZ),21,0.030791788856305
2026-09-20T18:00:00Z,Annie/Gwen (NX/SI),17,0.0249266862170088
2026-09-20T18:00:00Z,Elder Dragon/Volibear (RU/FR),3,0.00439882697947214
2026-09-20T18:00:00Z,Azir/Irelia (IO/SH),13,0.0190615835777126
2026-09-20T18:00:00Z,Pyke/Rek'Sai (BW/SH),20,0.0293255131964809
2026-09-20T18:00:00Z,Annie/Jhin (RU/NX),27,0.0395894428152493
2026-09-20T18:00:00Z,Caitlyn/Teemo (BC/PZ),41,0.0601173020527859
2026-09-20T18:00:00Z,Braum/Zoe (FR/MT),39,0.0571847507331378
2026-09-20T18:00:00Z,Draven/Jinx (NX/PZ),0,0
2026-09-20T19:00:00Z,Other,523,0.665394402035623
2026-09-20T19:00:00Z,Ashe/LeBlanc (FR/NX),3,0.00381679389312977
2026-09-20T19:00:00Z,Ezreal/Seraphine (BC/PZ),12,0.0152671755725191
2026-09-20T19:00:00Z,Caitlyn/Teemo (FR/PZ),15,0.0190839694656489
2026-09-20T19:00:00Z,Nilah/Twisted Fate (BW/PZ),24,0.0305343511450382
2026-09-20T19:00:00Z,Annie/Gwen (NX/SI),30,0.0381679389312977
2026-09-20T19:00:00Z,Elder Dragon/Volibear (RU/FR),11,0.0139949109414758
2026-09-20T19:00:00Z,Azir/Irelia (IO/SH),9,0.0114503816793893
2026-09-20T19:00:00Z,Pyke/Rek'Sai (BW/SH),18,0.0229007633587786
2026-09-20T19:00:00Z,Annie/Jhin (RU/NX),26,0.0330788804071247
2026-09-20T19:00:00Z,Caitlyn/Teemo (BC/PZ),62,0.0788804071246819
2026-09-20T19:00:00Z,Braum/Zoe (FR/MT),45,0.0572519083969466
2026-09-20T19:00:00Z,Draven/Jinx (NX/PZ),8,0.0101781170483461
2026-09-20T20:00:00Z,Other,489,0.688732394366197
2026-09-20T20:00:00Z,Ashe/LeBlanc (FR/NX),8,0.0112676056338028
2026-09-20T20:00:00Z,Ezreal/Seraphine (BC/PZ),14,0.0197183098591549
2026-09-20T20:00:00Z,Caitlyn/Teemo (FR/PZ),13,0.0183098591549296
2026-09-20T20:00:00Z,Nilah/Twisted Fate (BW/PZ),19,0.0267605633802817
2026-09-20T20:00:00Z,Annie/Gwen (NX/SI),22,0.0309859154929577
2026-09-20T20:00:00Z,Elder Dragon/Volibear (RU/FR),10,0.0140845070422535
2026-09-20T20:00:00Z,Azir/Irelia (IO/SH),11,0.0154929577464789
2026-09-20T20:00:00Z,Pyke/Rek'Sai (BW/SH),12,0.0169014084507042
2026-09-20T20:00:00Z,Annie/Jhin (RU/NX),19,0.0267605633802817
2026-09-20T20:00:00Z,Caitlyn/Teemo (BC/PZ),49,0.0690140845070423
2026-09-20T20:00:00Z,Braum/Zoe (FR/MT),34,0.047887323943662
2026-09-20T20:00:00Z,Draven/Jinx (NX/PZ),10,0.0140845070422535
2026-09-20T21:00:00Z,Other,458,0.677514792899408
2026-09-20T21:00:00Z,Ashe/LeBlanc (FR/NX),7,0.0103550295857988
2026-09-20T21:00:00Z,Ezreal/Seraphine (BC/PZ),3,0.00443786982248521
2026-09-20T21:00:00Z,Caitlyn/Teemo (FR/PZ),11,0.0162721893491124
2026-09-20T21:00:00Z,Nilah/Twisted Fate (BW/PZ),14,0.0207100591715976
2026-09-20T21:00:00Z,Annie/Gwen (NX/SI),24,0.0355029585798817
2026-09-20T21:00:00Z,Elder Dragon/Volibear (RU/FR),14,0.0207100591715976
2026-09-20T21:00:00Z,Azir/Irelia (IO/SH),20,0.029585798816568
2026-09-20T21:00:00Z,Pyke/Rek'Sai (BW/SH),16,0.0236686390532544
2026-09-20T21:00:00Z,Annie/Jhin (RU/NX),24,0.0355029585798817
2026-09-20T21:00:00Z,Caitlyn/Teemo (BC/PZ),38,0.0562130177514793
2026-09-20T21:00:00Z,Braum/Zoe (FR/MT),43,0.0636094674556213
2026-09-20T21:00:00Z,Draven/Jinx (NX/PZ),4,0.00591715976331361
2026-09-20T22:00:00Z,Other,436,0.639296187683284
2026-09-20T22:00:00Z,Ashe/LeBlanc (FR/NX),7,0.0102639296187683
2026-09-20T22:00:00Z,Ezreal/Seraphine (BC/PZ),9,0.0131964809384164
2026-09-20T22:00:00Z,Caitlyn/Teemo (FR/PZ),12,0.0175953079178886
2026-09-20T22:00:00Z,Nilah/Twisted Fate (BW/PZ),15,0.0219941348973607
2026-09-20T22:00:00Z,Annie/Gwen (NX/SI),21,0.030791788856305
2026-09-20T22:00:00Z,Elder Dragon/Volibear (RU/FR),25,0.0366568914956012
2026-09-20T22:00:00Z,Azir/Irelia (IO/SH),19,0.0278592375366569
2026-09-20T22:00:00Z,Pyke/Rek'Sai (BW/SH),32,0.0469208211143695
2026-09-20T22:00:00Z,Annie/Jhin (RU/NX),32,0.0469208211143695
2026-09-20T22:00:00Z,Caitlyn/Teemo (BC/PZ),28,0.0410557184750733
2026-09-20T22:00:00Z,Braum/Zoe (FR/MT),34,0.0498533724340176
2026-09-20T22:00:00Z,Draven/Jinx (NX/PZ),12,0.0175953079178886
2026-09-20T23:00:00Z,Other,418,0.665605095541401
2026-09-20T23:00:00Z,Ashe/LeBlanc (FR/NX),7,0.0111464968152866
2026-09-20T23:00:00Z,Ezreal/Seraphine (BC/PZ),4,0.00636942675159236
2026-09-20T23:00:00Z,Caitlyn/Teemo (FR/PZ),16,0.0254777070063694
2026-09-20T23:00:00Z,Nilah/Twisted Fate (BW/PZ),8,0.0127388535031847
2026-09-20T23:00:00Z,Annie/Gwen (NX/SI),22,0.035031847133758
2026-09-20T23:00:00Z,Elder Dragon/Volibear (RU/FR),9,0.0143312101910828
2026-09-20T23:00:00Z,Azir/Irelia (IO/SH),19,0.0302547770700637
2026-09-20T23:00:00Z,Pyke/Rek'Sai (BW/SH),21,0.0334394904458599
2026-09-20T23:00:00Z,Annie/Jhin (RU/NX),21,0.0334394904458599
2026-09-20T23:00:00Z,Caitlyn/Teemo (BC/PZ),26,0.0414012738853503
2026-09-20T23:00:00Z,Braum/Zoe (FR/MT),50,0.0796178343949045
2026-09-20T23:00:00Z,Draven/Jinx (NX/PZ),7,0.0111464968152866
2026-09-21T00:00:00Z,Other,408,0.660194174757282
2026-09-21T00:00:00Z,Ashe/LeBlanc (FR/NX),11,0.0177993527508091
2026-09-21T00:00:00Z,Ezreal/Seraphine (BC/PZ),9,0.0145631067961165
2026-09-21T00:00:00Z,Caitlyn/Teemo (FR/PZ),17,0.0275080906148867
2026-09-21T00:00:00Z,Nilah/Twisted Fate (BW/PZ),12,0.0194174757281553
2026-09-21T00:00:00Z,Annie/Gwen (NX/SI),17,0.0275080906148867
2026-09-21T00:00:00Z,Elder Dragon/Volibear (RU/FR),13,0.0210355987055016
2026-09-21T00:00:00Z,Azir/Irelia (IO/SH),16,0.0258899676375405
2026-09-21T00:00:00Z,Pyke/Rek'Sai (BW/SH),12,0.0194174757281553
2026-09-21T00:00:00Z,Annie/Jhin (RU/NX),22,0.0355987055016181
2026-09-21T00:00:00Z,Caitlyn/Teemo (BC/PZ),34,0.0550161812297735
2026-09-21T00:00:00Z,Braum/Zoe (FR/MT),46,0.0744336569579288
2026-09-21T00:00:00Z,Draven/Jinx (NX/PZ),1,0.00161812297734628
2026-09-21T01:00:00Z,Other,313,0.641393442622951
2026-09-21T01:00:00Z,Ashe/LeBlanc (FR/NX),6,0.0122950819672131
2026-09-21T01:00:00Z,Ezreal/Seraphine (BC/PZ),8,0.0163934426229508
2026-09-21T01:00:00Z,Caitlyn/Teemo (FR/PZ),3,0.00614754098360656
2026-09-21T01:00:00Z,Nilah/Twisted Fate (BW/PZ),18,0.0368852459016393
2026-09-21T01:00:00Z,Annie/Gwen (NX/SI),8,0.0163934426229508
2026-09-21T01:00:00Z,Elder Dragon/Volibear (RU/FR),10,0.0204918032786885
2026-09-21T01:00:00Z,Azir/Irelia (IO/SH),11,0.0225409836065574
2026-09-21T01:00:00Z,Pyke/Rek'Sai (BW/SH),18,0.0368852459016393
2026-09-21T01:00:00Z,Annie/Jhin (RU/NX),21,0.0430327868852459
2026-09-21T01:00:00Z,Caitlyn/Teemo (BC/PZ),20,0.040983606557377
2026-09-21T01:00:00Z,Braum/Zoe (FR/MT),49,0.100409836065574
2026-09-21T01:00:00Z,Draven/Jinx (NX/PZ),3,0.00614754098360656
2026-09-21T02:00:00Z,Other,318,0.613899613899614
2026-09-21T02:00:00Z,Ashe/LeBlanc (FR/NX),10,0.0193050193050193
2026-09-21T02:00:00Z,Ezreal/Seraphine (BC/PZ),8,0.0154440154440154
2026-09-21T02:00:00Z,Caitlyn/Teemo (FR/PZ),1,0.00193050193050193
2026-09-21T02:00:00Z,Nilah/Twisted Fate (BW/PZ),12,0.0231660231660232
2026-09-21T02:00:00Z,Annie/Gwen (NX/SI),13,0.0250965250965251
2026-09-21T02:00:00Z,Elder Dragon/Volibear (RU/FR),18,0.0347490347490348
2026-09-21T02:00:00Z,Azir/Irelia (IO/SH),19,0.0366795366795367
2026-09-21T02:00:00Z,Pyke/Rek'Sai (BW/SH),21,0.0405405405405405
2026-09-21T02:00:00Z,Annie/Jhin (RU/NX),29,0.055984555984556
2026-09-21T02:00:00Z,Caitlyn/Teemo (BC/PZ),23,0.0444015444015444
2026-09-21T02:00:00Z,Braum/Zoe (FR/MT),43,0.083011583011583
2026-09-21T02:00:00Z,Draven/Jinx (NX/PZ),3,0.00579150579150579
2026-09-21T03:00:00Z,Other,380,0.71969696969697
2026-09-21T03:00:00Z,Ashe/LeBlanc (FR/NX),7,0.0132575757575758
2026-09-21T03:00:00Z,Ezreal/Seraphine (BC/PZ),5,0.00946969696969697
2026-09-21T03:00:00Z,Caitlyn/Teemo (FR/PZ),5,0.00946969696969697
2026-09-21T03:00:00Z,Nilah/Twisted Fate (BW/PZ),11,0.0208333333333333
2026-09-21T03:00:00Z,Annie/Gwen (NX/SI),8,0.0151515151515152
2026-09-21T03:00:00Z,Elder Dragon/Volibear (RU/FR),16,0.0303030303030303
2026-09-21T03:00:00Z,Azir/Irelia (IO/SH),7,0.0132575757575758
2026-09-21T03:00:00Z,Pyke/Rek'Sai (BW/SH),29,0.0549242424242424
2026-09-21T03:00:00Z,Annie/Jhin (RU/NX),16,0.0303030303030303
2026-09-21T03:00:00Z,Caitlyn/Teemo (BC/PZ),23,0.0435606060606061
2026-09-21T03:00:00Z,Braum/Zoe (FR/MT),20,0.0378787878787879
2026-09-21T03:00:00Z,Draven/Jinx (NX/PZ),1,0.00189393939393939
2026-09-21T04:00:00Z,Other,338,0.68421052631579
2026-09-21T04:00:00Z,Ashe/LeBlanc (FR/NX),2,0.00404858299595142
2026-09-21T04:00:00Z,Ezreal/Seraphine (BC/PZ),7,0.01417004048583
2026-09-21T04:00:00Z,Caitlyn/Teemo (FR/PZ),8,0.0161943319838057
2026-09-21T04:00:00Z,Nilah/Twisted Fate (BW/PZ),5,0.0101214574898785
2026-09-21T04:00:00Z,Annie/Gwen (NX/SI),8,0.0161943319838057
2026-09-21T04:00:00Z,Elder Dragon/Volibear (RU/FR),12,0.0242914979757085
2026-09-21T04:00:00Z,Azir/Irelia (IO/SH),13,0.0263157894736842
2026-09-21T04:00:00Z,Pyke/Rek'Sai (BW/SH),21,0.0425101214574899
2026-09-21T04:00:00Z,Annie/Jhin (RU/NX),18,0.0364372469635628
2026-09-21T04:00:00Z,Caitlyn/Teemo (BC/PZ),20,0.0404858299595142
2026-09-21T04:00:00Z,Braum/Zoe (FR/MT),37,0.0748987854251012
2026-09-21T04:00:00Z,Draven/Jinx (NX/PZ),5,0.0101214574898785
2026-09-21T05:00:00Z,Other,361,0.752083333333333
2026-09-21T05:00:00Z,Ashe/LeBlanc (FR/NX),9,0.01875
2026-09-21T05:00:00Z,Ezreal/Seraphine (BC/PZ),5,0.0104166666666667
2026-09-21T05:00:00Z,Caitlyn/Teemo (FR/PZ),5,0.0104166666666667
2026-09-21T05:00:00Z,Nilah/Twisted Fate (BW/PZ),3,0.00625
2026-09-21T05:00:00Z,Annie/Gwen (NX/SI),2,0.00416666666666667
2026-09-21T05:00:00Z,Elder Dragon/Volibear (RU/FR),11,0.0229166666666667
2026-09-21T05:00:00Z,Azir/Irelia (IO/SH),5,0.0104166666666667
2026-09-21T05:00:00Z,Pyke/Rek'Sai (BW/SH),17,0.0354166666666667
2026-09-21T05:00:00Z,Annie/Jhin (RU/NX),10,0.0208333333333333
2026-09-21T05:00:00Z,Caitlyn/Teemo (BC/PZ),10,0.0208333333333333
2026-09-21T05:00:00Z,Braum/Zoe (FR/MT),38,0.0791666666666667
2026-09-21T05:00:00Z,Draven/Jinx (NX/PZ),4,0.00833333333333333
2026-09-21T06:00:00Z,Other,369,0.732142857142857
2026-09-21T06:00:00Z,Ashe/LeBlanc (FR/NX),3,0.00595238095238095
2026-09-21T06:00:00Z,Ezreal/Seraphine (BC/PZ),4,0.00793650793650794
2026-09-21T06:00:00Z,Caitlyn/Teemo (FR/PZ),7,0.0138888888888889
2026-09-21T06:00:00Z,Nilah/Twisted Fate (BW/PZ),9,0.0178571428571429
2026-09-21T06:00:00Z,Annie/Gwen (NX/SI),5,0.00992063492063492
2026-09-21T06:00:00Z,Elder Dragon/Volibear (RU/FR),0,0
2026-09-21T06:00:00Z,Azir/Irelia (IO/SH),9,0.0178571428571429
2026-09-21T06:00:00Z,Pyke/Rek'Sai (BW/SH),14,0.0277777777777778
2026-09-21T06:00:00Z,Annie/Jhin (RU/NX),27,0.0535714285714286
2026-09-21T06:00:00Z,Caitlyn/Teemo (BC/PZ),16,0.0317460317460317
2026-09-21T06:00:00Z,Braum/Zoe (FR/MT),35,0.0694444444444445
2026-09-21T06:00:00Z,Draven/Jinx (NX/PZ),6,0.0119047619047619
2026-09-21T07:00:00Z,Other,368,0.744939271255061
2026-09-21T07:00:00Z,Ashe/LeBlanc (FR/NX),0,0
2026-09-21T07:00:00Z,Ezreal/Seraphine (BC/PZ),6,0.0121457489878543
2026-09-21T07:00:00Z,Caitlyn/Teemo (FR/PZ),7,0.01417004048583
2026-09-21T07:00:00Z,Nilah/Twisted Fate (BW/PZ),20,0.0404858299595142
2026-09-21T07:00:00Z,Annie/Gwen (NX/SI),7,0.01417004048583
2026-09-21T07:00:00Z,Elder Dragon/Volibear (RU/FR),2,0.00404858299595142
2026-09-21T07:00:00Z,Azir/Irelia (IO/SH),12,0.0242914979757085
2026-09-21T07:00:00Z,Pyke/Rek'Sai (BW/SH),9,0.0182186234817814
2026-09-21T07:00:00Z,Annie/Jhin (RU/NX),17,0.034412955465587
2026-09-21T07:00:00Z,Caitlyn/Teemo (BC/PZ),11,0.0222672064777328
2026-09-21T07:00:00Z,Braum/Zoe (FR/MT),29,0.0587044534412955
2026-09-21T07:00:00Z,Draven/Jinx (NX/PZ),6,0.0121457489878543
2026-09-21T08:00:00Z,Other,452,0.763513513513514
2026-09-21T08:00:00Z,Ashe/LeBlanc (FR/NX),2,0.00337837837837838
2026-09-21T08:00:00Z,Ezreal/Seraphine (BC/PZ),7,0.0118243243243243
2026-09-21T08:00:00Z,Caitlyn/Teemo (FR/PZ),6,0.0101351351351351
2026-09-21T08:00:00Z,Nilah/Twisted Fate (BW/PZ),25,0.0422297297297297
2026-09-21T08:00:00Z,Annie/Gwen (NX/SI),5,0.00844594594594595
2026-09-21T08:00:00Z,Elder Dragon/Volibear (RU/FR),3,0.00506756756756757
2026-09-21T08:00:00Z,Azir/Irelia (IO/SH),10,0.0168918918918919
2026-09-21T08:00:00Z,Pyke/Rek'Sai (BW/SH),5,0.00844594594594595
2026-09-21T08:00:00Z,Annie/Jhin (RU/NX),12,0.0202702702702703
2026-09-21T08:00:00Z,Caitlyn/Teemo (BC/PZ),19,0.0320945945945946
2026-09-21T08:00:00Z,Braum/Zoe (FR/MT),33,0.0557432432432433
2026-09-21T08:00:00Z,Draven/Jinx (NX/PZ),13,0.0219594594594595
2026-09-21T09:00:00Z,Other,383,0.719924812030075
2026-09-21T09:00:00Z,Ashe/LeBlanc (FR/NX),2,0.0037593984962406
2026-09-21T09:00:00Z,Ezreal/Seraphine (BC/PZ),3,0.0056390977443609
2026-09-21T09:00:00Z,Caitlyn/Teemo (FR/PZ),3,0.0056390977443609
2026-09-21T09:00:00Z,Nilah/Twisted Fate (BW/PZ),23,0.0432330827067669
2026-09-21T09:00:00Z,Annie/Gwen (NX/SI),11,0.0206766917293233
2026-09-21T09:00:00Z,Elder Dragon/Volibear (RU/FR),5,0.0093984962406015
2026-09-21T09:00:00Z,Azir/Irelia (IO/SH),8,0.0150375939849624
2026-09-21T09:00:00Z,Pyke/Rek'Sai (BW/SH),7,0.0131578947368421
2026-09-21T09:00:00Z,Annie/Jhin (RU/NX),10,0.018796992481203
2026-09-21T09:00:00Z,Caitlyn/Teemo (BC/PZ),13,0.0244360902255639
2026-09-21T09:00:00Z,Braum/Zoe (FR/MT),59,0.110902255639098
2026-09-21T09:00:00Z,Draven/Jinx (NX/PZ),5,0.0093984962406015
2026-09-21T10:00:00Z,Other,457,0.692424242424242
2026-09-21T10:00:00Z,Ashe/LeBlanc (FR/NX),3,0.00454545454545455
2026-09-21T10:00:00Z,Ezreal/Seraphine (BC/PZ),15,0.0227272727272727
2026-09-21T10:00:00Z,Caitlyn/Teemo (FR/PZ),7,0.0106060606060606
2026-09-21T10:00:00Z,Nilah/Twisted Fate (BW/PZ),17,0.0257575757575758
2026-09-21T10:00:00Z,Annie/Gwen (NX/SI),4,0.00606060606060606
2026-09-21T10:00:00Z,Elder Dragon/Volibear (RU/FR),11,0.0166666666666667
2026-09-21T10:00:00Z,Azir/Irelia (IO/SH),8,0.0121212121212121
2026-09-21T10:00:00Z,Pyke/Rek'Sai (BW/SH),10,0.0151515151515152
2026-09-21T10:00:00Z,Annie/Jhin (RU/NX),31,0.046969696969697
2026-09-21T10:00:00Z,Caitlyn/Teemo (BC/PZ),19,0.0287878787878788
2026-09-21T10:00:00Z,Braum/Zoe (FR/MT),74,0.112121212121212
2026-09-21T10:00:00Z,Draven/Jinx (NX/PZ),4,0.00606060606060606
2026-09-21T11:00:00Z,Other,442,0.66566265060241
2026-09-21T11:00:00Z,Ashe/LeBlanc (FR/NX),6,0.00903614457831325
2026-09-21T11:00:00Z,Ezreal/Seraphine (BC/PZ),9,0.0135542168674699
2026-09-21T11:00:00Z,Caitlyn/Teemo (FR/PZ),10,0.0150602409638554
2026-09-21T11:00:00Z,Nilah/Twisted Fate (BW/PZ),23,0.0346385542168675
2026-09-21T11:00:00Z,Annie/Gwen (NX/SI),20,0.0301204819277108
2026-09-21T11:00:00Z,Elder Dragon/Volibear (RU/FR),23,0.0346385542168675
2026-09-21T11:00:00Z,Azir/Irelia (IO/SH),11,0.016566265060241
2026-09-21T11:00:00Z,Pyke/Rek'Sai (BW/SH),22,0.0331325301204819
2026-09-21T11:00:00Z,Annie/Jhin (RU/NX),19,0.0286144578313253
2026-09-21T11:00:00Z,Caitlyn/Teemo (BC/PZ),30,0.0451807228915663
2026-09-21T11:00:00Z,Braum/Zoe (FR/MT),43,0.0647590361445783
2026-09-21T11:00:00Z,Draven/Jinx (NX/PZ),6,0.00903614457831325
2026-09-21T12:00:00Z,Other,538,0.660933660933661
2026-09-21T12:00:00Z,Ashe/LeBlanc (FR/NX),9,0.0110565110565111
2026-09-21T12:00:00Z,Ezreal/Seraphine (BC/PZ),13,0.015970515970516
2026-09-21T12:00:00Z,Caitlyn/Teemo (FR/PZ),16,0.0196560196560197
2026-09-21T12:00:00Z,Nilah/Twisted Fate (BW/PZ),9,0.0110565110565111
2026-09-21T12:00:00Z,Annie/Gwen (NX/SI),13,0.015970515970516
2026-09-21T12:00:00Z,Elder Dragon/Volibear (RU/FR),20,0.0245700245700246
2026-09-21T12:00:00Z,Azir/Irelia (IO/SH),22,0.027027027027027
2026-09-21T12:00:00Z,Pyke/Rek'Sai (BW/SH),36,0.0442260442260442
2026-09-21T12:00:00Z,Annie/Jhin (RU/NX),27,0.0331695331695332
2026-09-21T12:00:00Z,Caitlyn/Teemo (BC/PZ),51,0.0626535626535627
2026-09-21T12:00:00Z,Braum/Zoe (FR/MT),59,0.0724815724815725
2026-09-21T12:00:00Z,Draven/Jinx (NX/PZ),1,0.00122850122850123
2026-09-21T13:00:00Z,Other,542,0.689567430025445
2026-09-21T13:00:00Z,Ashe/LeBlanc (FR/NX),13,0.0165394402035623
2026-09-21T13:00:00Z,Ezreal/Seraphine (BC/PZ),4,0.00508905852417303
2026-09-21T13:00:00Z,Caitlyn/Teemo (FR/PZ),22,0.0279898218829517
2026-09-21T13:00:00Z,Nilah/Twisted Fate (BW/PZ),9,0.0114503816793893
2026-09-21T13:00:00Z,Annie/Gwen (NX/SI),7,0.0089058524173028
2026-09-21T13:00:00Z,Elder Dragon/Volibear (RU/FR),19,0.0241730279898219
2026-09-21T13:00:00Z,Azir/Irelia (IO/SH),16,0.0203562340966921
2026-09-21T13:00:00Z,Pyke/Rek'Sai (BW/SH),23,0.0292620865139949
2026-09-21T13:00:00Z,Annie/Jhin (RU/NX),21,0.0267175572519084
2026-09-21T13:00:00Z,Caitlyn/Teemo (BC/PZ),41,0.0521628498727735
2026-09-21T13:00:00Z,Braum/Zoe (FR/MT),58,0.0737913486005089
2026-09-21T13:00:00Z,Draven/Jinx (NX/PZ),11,0.0139949109414758
2026-09-21T14:00:00Z,Other,543,0.658980582524272
2026-09-21T14:00:00Z,Ashe/LeBlanc (FR/NX),15,0.0182038834951456
2026-09-21T14:00:00Z,Ezreal/Seraphine (BC/PZ),21,0.0254854368932039
2026-09-21T14:00:00Z,Caitlyn/Teemo (FR/PZ),21,0.0254854368932039
2026-09-21T14:00:00Z,Nilah/Twisted Fate (BW/PZ),20,0.0242718446601942
2026-09-21T14:00:00Z,Annie/Gwen (NX/SI),8,0.00970873786407767
2026-09-21T14:00:00Z,Elder Dragon/Volibear (RU/FR),11,0.0133495145631068
2026-09-21T14:00:00Z,Azir/Irelia (IO/SH),21,0.0254854368932039
2026-09-21T14:00:00Z,Pyke/Rek'Sai (BW/SH),24,0.029126213592233
2026-09-21T14:00:00Z,Annie/Jhin (RU/NX),26,0.0315533980582524
2026-09-21T14:00:00Z,Caitlyn/Teemo (BC/PZ),33,0.0400485436893204
2026-09-21T14:00:00Z,Braum/Zoe (FR/MT),71,0.0861650485436893
2026-09-21T14:00:00Z,Draven/Jinx (NX/PZ),10,0.0121359223300971
2026-09-21T15:00:00Z,Other,564,0.689486552567237
2026-09-21T15:00:00Z,Ashe/LeBlanc (FR/NX),9,0.0110024449877751
2026-09-21T15:00:00Z,Ezreal/Seraphine (BC/PZ),10,0.0122249388753056
2026-09-21T15:00:00Z,Caitlyn/Teemo (FR/PZ),17,0.0207823960880196
2026-09-21T15:00:00Z,Nilah/Twisted Fate (BW/PZ),12,0.0146699266503667
2026-09-21T15:00:00Z,Annie/Gwen (NX/SI),6,0.00733496332518337
2026-09-21T15:00:00Z,Elder Dragon/Volibear (RU/FR),16,0.019559902200489
2026-09-21T15:00:00Z,Azir/Irelia (IO/SH),24,0.0293398533007335
2026-09-21T15:00:00Z,Pyke/Rek'Sai (BW/SH),23,0.0281173594132029
2026-09-21T15:00:00Z,Annie/Jhin (RU/NX),19,0.0232273838630807
2026-09-21T15:00:00Z,Caitlyn/Teemo (BC/PZ),40,0.0488997555012225
2026-09-21T15:00:00Z,Braum/Zoe (FR/MT),70,0.0855745721271394
2026-09-21T15:00:00Z,Draven/Jinx (NX/PZ),8,0.0097799511002445
2026-09-21T16:00:00Z,Other,553,0.686104218362283
2026-09-21T16:00:00Z,Ashe/LeBlanc (FR/NX),12,0.0148883374689826
2026-09-21T16:00:00Z,Ezreal/Seraphine (BC/PZ),8,0.00992555831265509
2026-09-21T16:00:00Z,Caitlyn/Teemo (FR/PZ),19,0.0235732009925558
2026-09-21T16:00:00Z,Nilah/Twisted Fate (BW/PZ),17,0.0210918114143921
2026-09-21T16:00:00Z,Annie/Gwen (NX/SI),9,0.011166253101737
2026-09-21T16:00:00Z,Elder Dragon/Volibear (RU/FR),18,0.0223325062034739
2026-09-21T16:00:00Z,Azir/Irelia (IO/SH),28,0.0347394540942928
2026-09-21T16:00:00Z,Pyke/Rek'Sai (BW/SH),25,0.0310173697270472
2026-09-21T16:00:00Z,Annie/Jhin (RU/NX),26,0.032258064516129
2026-09-21T16:00:00Z,Caitlyn/Teemo (BC/PZ),44,0.054590570719603
2026-09-21T16:00:00Z,Braum/Zoe (FR/MT),44,0.054590570719603
2026-09-21T16:00:00Z,Draven/Jinx (NX/PZ),3,0.00372208436724566
2026-09-21T17:00:00Z,Other,557,0.714102564102564
2026-09-21T17:00:00Z,Ashe/LeBlanc (FR/NX),13,0.0166666666666667
2026-09-21T17:00:00Z,Ezreal/Seraphine (BC/PZ),6,0.00769230769230769
2026-09-21T17:00:00Z,Caitlyn/Teemo (FR/PZ),18,0.0230769230769231
2026-09-21T17:00:00Z,Nilah/Twisted Fate (BW/PZ),26,0.0333333333333333
2026-09-21T17:00:00Z,Annie/Gwen (NX/SI),8,0.0102564102564103
2026-09-21T17:00:00Z,Elder Dragon/Volibear (RU/FR),6,0.00769230769230769
2026-09-21T17:00:00Z,Azir/Irelia (IO/SH),20,0.0256410256410256
2026-09-21T17:00:00Z,Pyke/Rek'Sai (BW/SH),30,0.0384615384615385
2026-09-21T17:00:00Z,Annie/Jhin (RU/NX),11,0.0141025641025641
2026-09-21T17:00:00Z,Caitlyn/Teemo (BC/PZ),37,0.0474358974358974
2026-09-21T17:00:00Z,Braum/Zoe (FR/MT),42,0.0538461538461539
2026-09-21T17:00:00Z,Draven/Jinx (NX/PZ),6,0.00769230769230769
2026-09-21T18:00:00Z,Other,663,0.767361111111111
2026-09-21T18:00:00Z,Ashe/LeBlanc (FR/NX),10,0.0115740740740741
2026-09-21T18:00:00Z,Ezreal/Seraphine (BC/PZ),6,0.00694444444444444
2026-09-21T18:00:00Z,Caitlyn/Teemo (FR/PZ),13,0.0150462962962963
2026-09-21T18:00:00Z,Nilah/Twisted Fate (BW/PZ),9,0.0104166666666667
2026-09-21T18:00:00Z,Annie/Gwen (NX/SI),3,0.00347222222222222
2026-09-21T18:00:00Z,Elder Dragon/Volibear (RU/FR),10,0.0115740740740741
2026-09-21T18:00:00Z,Azir/Irelia (IO/SH),24,0.0277777777777778
2026-09-21T18:00:00Z,Pyke/Rek'Sai (BW/SH),14,0.0162037037037037
2026-09-21T18:00:00Z,Annie/Jhin (RU/NX),27,0.03125
2026-09-21T18:00:00Z,Caitlyn/Teemo (BC/PZ),28,0.0324074074074074
2026-09-21T18:00:00Z,Braum/Zoe (FR/MT),49,0.056712962962963
2026-09-21T18:00:00Z,Draven/Jinx (NX/PZ),8,0.00925925925925926
2026-09-21T19:00:00Z,Other,571,0.737726098191215
2026-09-21T19:00:00Z,Ashe/LeBlanc (FR/NX),6,0.00775193798449612
2026-09-21T19:00:00Z,Ezreal/Seraphine (BC/PZ),8,0.0103359173126615
2026-09-21T19:00:00Z,Caitlyn/Teemo (FR/PZ),6,0.00775193798449612
2026-09-21T19:00:00Z,Nilah/Twisted Fate (BW/PZ),18,0.0232558139534884
2026-09-21T19:00:00Z,Annie/Gwen (NX/SI),6,0.00775193798449612
2026-09-21T19:00:00Z,Elder Dragon/Volibear (RU/FR),8,0.0103359173126615
2026-09-21T19:00:00Z,Azir/Irelia (IO/SH),21,0.0271317829457364
2026-09-21T19:00:00Z,Pyke/Rek'Sai (BW/SH),14,0.0180878552971576
2026-09-21T19:00:00Z,Annie/Jhin (RU/NX),22,0.0284237726098191
2026-09-21T19:00:00Z,Caitlyn/Teemo (BC/PZ),26,0.0335917312661499
2026-09-21T19:00:00Z,Braum/Zoe (FR/MT),54,0.0697674418604651
2026-09-21T19:00:00Z,Draven/Jinx (NX/PZ),14,0.0180878552971576
2026-09-21T20:00:00Z,Other,516,0.678947368421053
2026-09-21T20:00:00Z,Ashe/LeBlanc (FR/NX),7,0.00921052631578947
2026-09-21T20:00:00Z,Ezreal/Seraphine (BC/PZ),14,0.0184210526315789
2026-09-21T20:00:00Z,Caitlyn/Teemo (FR/PZ),14,0.0184210526315789
2026-09-21T20:00:00Z,Nilah/Twisted Fate (BW/PZ),15,0.0197368421052632
2026-09-21T20:00:00Z,Annie/Gwen (NX/SI),12,0.0157894736842105
2026-09-21T20:00:00Z,Elder Dragon/Volibear (RU/FR),20,0.0263157894736842
2026-09-21T20:00:00Z,Azir/Irelia (IO/SH),18,0.0236842105263158
2026-09-21T20:00:00Z,Pyke/Rek'Sai (BW/SH),16,0.0210526315789474
2026-09-21T20:00:00Z,Annie/Jhin (RU/NX),24,0.0315789473684211
2026-09-21T20:00:00Z,Caitlyn/Teemo (BC/PZ),31,0.0407894736842105
2026-09-21T20:00:00Z,Braum/Zoe (FR/MT),67,0.0881578947368421
2026-09-21T20:00:00Z,Draven/Jinx (NX/PZ),6,0.00789473684210526
2026-09-21T21:00:00Z,Other,587,0.695497630331754
2026-09-21T21:00:00Z,Ashe/LeBlanc (FR/NX),11,0.0130331753554502
2026-09-21T21:00:00Z,Ezreal/Seraphine (BC/PZ),14,0.0165876777251185
2026-09-21T21:00:00Z,Caitlyn/Teemo (FR/PZ),13,0.0154028436018957
2026-09-21T21:00:00Z,Nilah/Twisted Fate (BW/PZ),27,0.0319905213270142
2026-09-21T21:00:00Z,Annie/Gwen (NX/SI),15,0.0177725118483412
2026-09-21T21:00:00Z,Elder Dragon/Volibear (RU/FR),9,0.0106635071090047
2026-09-21T21:00:00Z,Azir/Irelia (IO/SH),31,0.0367298578199052
2026-09-21T21:00:00Z,Pyke/Rek'Sai (BW/SH),19,0.0225118483412322
2026-09-21T21:00:00Z,Annie/Jhin (RU/NX),17,0.0201421800947867
2026-09-21T21:00:00Z,Caitlyn/Teemo (BC/PZ),50,0.0592417061611374
2026-09-21T21:00:00Z,Braum/Zoe (FR/MT),46,0.0545023696682465
2026-09-21T21:00:00Z,Draven/Jinx (NX/PZ),5,0.00592417061611374
2026-09-21T22:00:00Z,Other,498,0.678474114441417
2026-09-21T22:00:00Z,Ashe/LeBlanc (FR/NX),8,0.0108991825613079
2026-09-21T22:00:00Z,Ezreal/Seraphine (BC/PZ),11,0.0149863760217984
2026-09-21T22:00:00Z,Caitlyn/Teemo (FR/PZ),21,0.0286103542234332
2026-09-21T22:00:00Z,Nilah/Twisted Fate (BW/PZ),8,0.0108991825613079
2026-09-21T22:00:00Z,Annie/Gwen (NX/SI),7,0.00953678474114441
2026-09-21T22:00:00Z,Elder Dragon/Volibear (RU/FR),18,0.0245231607629428
2026-09-21T22:00:00Z,Azir/Irelia (IO/SH),22,0.0299727520435967
2026-09-21T22:00:00Z,Pyke/Rek'Sai (BW/SH),25,0.0340599455040872
2026-09-21T22:00:00Z,Annie/Jhin (RU/NX),14,0.0190735694822888
2026-09-21T22:00:00Z,Caitlyn/Teemo (BC/PZ),45,0.061307901907357
2026-09-21T22:00:00Z,Braum/Zoe (FR/MT),50,0.0681198910081744
2026-09-21T22:00:00Z,Draven/Jinx (NX/PZ),7,0.00953678474114441
2026-09-21T23:00:00Z,Other,367,0.637152777777778
2026-09-21T23:00:00Z,Ashe/LeBlanc (FR/NX),8,0.0138888888888889
2026-09-21T23:00:00Z,Ezreal/Seraphine (BC/PZ),3,0.00520833333333333
2026-09-21T23:00:00Z,Caitlyn/Teemo (FR/PZ),6,0.0104166666666667
2026-09-21T23:00:00Z,Nilah/Twisted Fate (BW/PZ),21,0.0364583333333333
2026-09-21T23:00:00Z,Annie/Gwen (NX/SI),12,0.0208333333333333
2026-09-21T23:00:00Z,Elder Dragon/Volibear (RU/FR),13,0.0225694444444444
2026-09-21T23:00:00Z,Azir/Irelia (IO/SH),18,0.03125
2026-09-21T23:00:00Z,Pyke/Rek'Sai (BW/SH),13,0.0225694444444444
2026-09-21T23:00:00Z,Annie/Jhin (RU/NX),31,0.0538194444444445
2026-09-21T23:00:00Z,Caitlyn/Teemo (BC/PZ),42,0.0729166666666667
2026-09-21T23:00:00Z,Braum/Zoe (FR/MT),37,0.0642361111111111
2026-09-21T23:00:00Z,Draven/Jinx (NX/PZ),5,0.00868055555555556
2026-09-22T00:00:00Z,Other,435,0.635964912280702
2026-09-22T00:00:00Z,Ashe/LeBlanc (FR/NX),9,0.0131578947368421
2026-09-22T00:00:00Z,Ezreal/Seraphine (BC/PZ),9,0.0131578947368421
2026-09-22T00:00:00Z,Caitlyn/Teemo (FR/PZ),7,0.010233918128655
2026-09-22T00:00:00Z,Nilah/Twisted Fate (BW/PZ),21,0.0307017543859649
2026-09-22T00:00:00Z,Annie/Gwen (NX/SI),18,0.0263157894736842
2026-09-22T00:00:00Z,Elder Dragon/Volibear (RU/FR),16,0.0233918128654971
2026-09-22T00:00:00Z,Azir/Irelia (IO/SH),16,0.0233918128654971
2026-09-22T00:00:00Z,Pyke/Rek'Sai (BW/SH),19,0.0277777777777778
2026-09-22T00:00:00Z,Annie/Jhin (RU/NX),26,0.0380116959064327
2026-09-22T00:00:00Z,Caitlyn/Teemo (BC/PZ),31,0.0453216374269006
2026-09-22T00:00:00Z,Braum/Zoe (FR/MT),71,0.103801169590643
2026-09-22T00:00:00Z,Draven/Jinx (NX/PZ),6,0.0087719298245614
2026-09-22T01:00:00Z,Other,476,0.693877551020408
2026-09-22T01:00:00Z,Ashe/LeBlanc (FR/NX),5,0.00728862973760933
2026-09-22T01:00:00Z,Ezreal/Seraphine (BC/PZ),6,0.0087463556851312
2026-09-22T01:00:00Z,Caitlyn/Teemo (FR/PZ),3,0.0043731778425656
2026-09-22T01:00:00Z,Nilah/Twisted Fate (BW/PZ),6,0.0087463556851312
2026-09-22T01:00:00Z,Annie/Gwen (NX/SI),6,0.0087463556851312
2026-09-22T01:00:00Z,Elder Dragon/Volibear (RU/FR),20,0.0291545189504373
2026-09-22T01:00:00Z,Azir/Irelia (IO/SH),29,0.0422740524781341
2026-09-22T01:00:00Z,Pyke/Rek'Sai (BW/SH),32,0.0466472303206997
2026-09-22T01:00:00Z,Annie/Jhin (RU/NX),18,0.0262390670553936
2026-09-22T01:00:00Z,Caitlyn/Teemo (BC/PZ),21,0.0306122448979592
2026-09-22T01:00:00Z,Braum/Zoe (FR/MT),54,0.0787172011661808
2026-09-22T01:00:00Z,Draven/Jinx (NX/PZ),10,0.0145772594752187
2026-09-22T02:00:00Z,Other,449,0.662241887905605
2026-09-22T02:00:00Z,Ashe/LeBlanc (FR/NX),4,0.00589970501474926
2026-09-22T02:00:00Z,Ezreal/Seraphine (BC/PZ),8,0.0117994100294985
2026-09-22T02:00:00Z,Caitlyn/Teemo (FR/PZ),5,0.00737463126843658
2026-09-22T02:00:00Z,Nilah/Twisted Fate (BW/PZ),4,0.00589970501474926
2026-09-22T02:00:00Z,Annie/Gwen (NX/SI),16,0.0235988200589971
2026-09-22T02:00:00Z,Elder Dragon/Volibear (RU/FR),14,0.0206489675516224
2026-09-22T02:00:00Z,Azir/Irelia (IO/SH),31,0.0457227138643068
2026-09-22T02:00:00Z,Pyke/Rek'Sai (BW/SH),17,0.0250737463126844
2026-09-22T02:00:00Z,Annie/Jhin (RU/NX),25,0.0368731563421829
2026-09-22T02:00:00Z,Caitlyn/Teemo (BC/PZ),33,0.0486725663716814
2026-09-22T02:00:00Z,Braum/Zoe (FR/MT),64,0.0943952802359882
2026-09-22T02:00:00Z,Draven/Jinx (NX/PZ),8,0.0117994100294985
2026-09-22T03:00:00Z,Other,396,0.697183098591549
2026-09-22T03:00:00Z,Ashe/LeBlanc (FR/NX),9,0.0158450704225352
2026-09-22T03:00:00Z,Ezreal/Seraphine (BC/PZ),4,0.00704225352112676
2026-09-22T03:00:00Z,Caitlyn/Teemo (FR/PZ),5,0.00880281690140845
2026-09-22T03:00:00Z,Nilah/Twisted Fate (BW/PZ),16,0.028169014084507
2026-09-22T03:00:00Z,Annie/Gwen (NX/SI),6,0.0105633802816901
2026-09-22T03:00:00Z,Elder Dragon/Volibear (RU/FR),11,0.0193661971830986
2026-09-22T03:00:00Z,Azir/Irelia (IO/SH),11,0.0193661971830986
2026-09-22T03:00:00Z,Pyke/Rek'Sai (BW/SH),15,0.0264084507042254
2026-09-22T03:00:00Z,Annie/Jhin (RU/NX),19,0.0334507042253521
2026-09-22T03:00:00Z,Caitlyn/Teemo (BC/PZ),13,0.022887323943662
2026-09-22T03:00:00Z,Braum/Zoe (FR/MT),53,0.0933098591549296
2026-09-22T03:00:00Z,Draven/Jinx (NX/PZ),10,0.0176056338028169
2026-09-22T04:00:00Z,Other,364,0.67910447761194
2026-09-22T04:00:00Z,Ashe/LeBlanc (FR/NX),10,0.0186567164179104
2026-09-22T04:00:00Z,Ezreal/Seraphine (BC/PZ),3,0.00559701492537313
2026-09-22T04:00:00Z,Caitlyn/Teemo (FR/PZ),2,0.00373134328358209
2026-09-22T04:00:00Z,Nilah/Twisted Fate (BW/PZ),9,0.0167910447761194
2026-09-22T04:00:00Z,Annie/Gwen (NX/SI),4,0.00746268656716418
2026-09-22T04:00:00Z,Elder Dragon/Volibear (RU/FR),18,0.0335820895522388
2026-09-22T04:00:00Z,Azir/Irelia (IO/SH),12,0.0223880597014925
2026-09-22T04:00:00Z,Pyke/Rek'Sai (BW/SH),29,0.0541044776119403
2026-09-22T04:00:00Z,Annie/Jhin (RU/NX),20,0.0373134328358209
2026-09-22T04:00:00Z,Caitlyn/Teemo (BC/PZ),24,0.0447761194029851
2026-09-22T04:00:00Z,Braum/Zoe (FR/MT),37,0.0690298507462687
2026-09-22T04:00:00Z,Draven/Jinx (NX/PZ),4,0.00746268656716418
2026-09-22T05:00:00Z,Other,312,0.658227848101266
2026-09-22T05:00:00Z,Ashe/LeBlanc (FR/NX),5,0.0105485232067511
2026-09-22T05:00:00Z,Ezreal/Seraphine (BC/PZ),6,0.0126582278481013
2026-09-22T05:00:00Z,Caitlyn/Teemo (FR/PZ),5,0.0105485232067511
2026-09-22T05:00:00Z,Nilah/Twisted Fate (BW/PZ),17,0.0358649789029536
2026-09-22T05:00:00Z,Annie/Gwen (NX/SI),4,0.00843881856540084
2026-09-22T05:00:00Z,Elder Dragon/Volibear (RU/FR),10,0.0210970464135021
2026-09-22T05:00:00Z,Azir/Irelia (IO/SH),9,0.0189873417721519
2026-09-22T05:00:00Z,Pyke/Rek'Sai (BW/SH),19,0.040084388185654
2026-09-22T05:00:00Z,Annie/Jhin (RU/NX),16,0.0337552742616034
2026-09-22T05:00:00Z,Caitlyn/Teemo (BC/PZ),19,0.040084388185654
2026-09-22T05:00:00Z,Braum/Zoe (FR/MT),51,0.107594936708861
2026-09-22T05:00:00Z,Draven/Jinx (NX/PZ),1,0.00210970464135021
2026-09-22T06:00:00Z,Other,372,0.788135593220339
2026-09-22T06:00:00Z,Ashe/LeBlanc (FR/NX),3,0.00635593220338983
2026-09-22T06:00:00Z,Ezreal/Seraphine (BC/PZ),3,0.00635593220338983
2026-09-22T06:00:00Z,Caitlyn/Teemo (FR/PZ),6,0.0127118644067797
2026-09-22T06:00:00Z,Nilah/Twisted Fate (BW/PZ),8,0.0169491525423729
2026-09-22T06:00:00Z,Annie/Gwen (NX/SI),10,0.0211864406779661
2026-09-22T06:00:00Z,Elder Dragon/Volibear (RU/FR),3,0.00635593220338983
2026-09-22T06:00:00Z,Azir/Irelia (IO/SH),11,0.0233050847457627
2026-09-22T06:00:00Z,Pyke/Rek'Sai (BW/SH),7,0.0148305084745763
2026-09-22T06:00:00Z,Annie/Jhin (RU/NX),3,0.00635593220338983
2026-09-22T06:00:00Z,Caitlyn/Teemo (BC/PZ),14,0.0296610169491525
2026-09-22T06:00:00Z,Braum/Zoe (FR/MT),28,0.0593220338983051
2026-09-22T06:00:00Z,Draven/Jinx (NX/PZ),4,0.00847457627118644
2026-09-22T07:00:00Z,Other,398,0.695804195804196
2026-09-22T07:00:00Z,Ashe/LeBlanc (FR/NX),5,0.00874125874125874
2026-09-22T07:00:00Z,Ezreal/Seraphine (BC/PZ),9,0.0157342657342657
2026-09-22T07:00:00Z,Caitlyn/Teemo (FR/PZ),9,0.0157342657342657
2026-09-22T07:00:00Z,Nilah/Twisted Fate (BW/PZ),17,0.0297202797202797
2026-09-22T07:00:00Z,Annie/Gwen (NX/SI),8,0.013986013986014
2026-09-22T07:00:00Z,Elder Dragon/Volibear (RU/FR),10,0.0174825174825175
2026-09-22T07:00:00Z,Azir/Irelia (IO/SH),23,0.0402097902097902
2026-09-22T07:00:00Z,Pyke/Rek'Sai (BW/SH),14,0.0244755244755245
2026-09-22T07:00:00Z,Annie/Jhin (RU/NX),25,0.0437062937062937
2026-09-22T07:00:00Z,Caitlyn/Teemo (BC/PZ),14,0.0244755244755245
2026-09-22T07:00:00Z,Braum/Zoe (FR/MT),38,0.0664335664335664
2026-09-22T07:00:00Z,Draven/Jinx (NX/PZ),2,0.0034965034965035
2026-09-22T08:00:00Z,Other,368,0.645614035087719
2026-09-22T08:00:00Z,Ashe/LeBlanc (FR/NX),7,0.012280701754386
2026-09-22T08:00:00Z,Ezreal/Seraphine (BC/PZ),5,0.0087719298245614
2026-09-22T08:00:00Z,Caitlyn/Teemo (FR/PZ),8,0.0140350877192982
2026-09-22T08:00:00Z,Nilah/Twisted Fate (BW/PZ),18,0.0315789473684211
2026-09-22T08:00:00Z,Annie/Gwen (NX/SI),16,0.0280701754385965
2026-09-22T08:00:00Z,Elder Dragon/Volibear (RU/FR),18,0.0315789473684211
2026-09-22T08:00:00Z,Azir/Irelia (IO/SH),20,0.0350877192982456
2026-09-22T08:00:00Z,Pyke/Rek'Sai (BW/SH),14,0.0245614035087719
2026-09-22T08:00:00Z,Annie/Jhin (RU/NX),12,0.0210526315789474
2026-09-22T08:00:00Z,Caitlyn/Teemo (BC/PZ),29,0.0508771929824561
2026-09-22T08:00:00Z,Braum/Zoe (FR/MT),48,0.0842105263157895
2026-09-22T08:00:00Z,Draven/Jinx (NX/PZ),7,0.012280701754386
2026-09-22T09:00:00Z,Other,405,0.713028169014085
2026-09-22T09:00:00Z,Ashe/LeBlanc (FR/NX),7,0.0123239436619718
2026-09-22T09:00:00Z,Ezreal/Seraphine (BC/PZ),6,0.0105633802816901
2026-09-22T09:00:00Z,Caitlyn/Teemo (FR/PZ),4,0.00704225352112676
2026-09-22T09:00:00Z,Nilah/Twisted Fate (BW/PZ),12,0.0211267605633803
2026-09-22T09:00:00Z,Annie/Gwen (NX/SI),9,0.0158450704225352
2026-09-22T09:00:00Z,Elder Dragon/Volibear (RU/FR),17,0.0299295774647887
2026-09-22T09:00:00Z,Azir/Irelia (IO/SH),19,0.0334507042253521
2026-09-22T09:00:00Z,Pyke/Rek'Sai (BW/SH),11,0.0193661971830986
2026-09-22T09:00:00Z,Annie/Jhin (RU/NX),11,0.0193661971830986
2026-09-22T09:00:00Z,Caitlyn/Teemo (BC/PZ),23,0.0404929577464789
2026-09-22T09:00:00Z,Braum/Zoe (FR/MT),42,0.073943661971831
2026-09-22T09:00:00Z,Draven/Jinx (NX/PZ),2,0.00352112676056338
2026-09-22T10:00:00Z,Other,389,0.670689655172414
2026-09-22T10:00:00Z,Ashe/LeBlanc (FR/NX),1,0.00172413793103448
2026-09-22T10:00:00Z,Ezreal/Seraphine (BC/PZ),3,0.00517241379310345
2026-09-22T10:00:00Z,Caitlyn/Teemo (FR/PZ),12,0.0206896551724138
2026-09-22T10:00:00Z,Nilah/Twisted Fate (BW/PZ),10,0.0172413793103448
2026-09-22T10:00:00Z,Annie/Gwen (NX/SI),1,0.00172413793103448
2026-09-22T10:00:00Z,Elder Dragon/Volibear (RU/FR),3,0.00517241379310345
2026-09-22T10:00:00Z,Azir/Irelia (IO/SH),22,0.0379310344827586
2026-09-22T10:00:00Z,Pyke/Rek'Sai (BW/SH),21,0.0362068965517241
2026-09-22T10:00:00Z,Annie/Jhin (RU/NX),30,0.0517241379310345
2026-09-22T10:00:00Z,Caitlyn/Teemo (BC/PZ),30,0.0517241379310345
2026-09-22T10:00:00Z,Braum/Zoe (FR/MT),56,0.096551724137931
2026-09-22T10:00:00Z,Draven/Jinx (NX/PZ),2,0.00344827586206897
2026-09-22T11:00:00Z,Other,459,0.708333333333333
2026-09-22T11:00:00Z,Ashe/LeBlanc (FR/NX),13,0.0200617283950617
2026-09-22T11:00:00Z,Ezreal/Seraphine (BC/PZ),5,0.00771604938271605
2026-09-22T11:00:00Z,Caitlyn/Teemo (FR/PZ),19,0.029320987654321
2026-09-22T11:00:00Z,Nilah/Twisted Fate (BW/PZ),10,0.0154320987654321
2026-09-22T11:00:00Z,Annie/Gwen (NX/SI),12,0.0185185185185185
2026-09-22T11:00:00Z,Elder Dragon/Volibear (RU/FR),9,0.0138888888888889
2026-09-22T11:00:00Z,Azir/Irelia (IO/SH),22,0.0339506172839506
2026-09-22T11:00:00Z,Pyke/Rek'Sai (BW/SH),12,0.0185185185185185
2026-09-22T11:00:00Z,Annie/Jhin (RU/NX),23,0.0354938271604938
2026-09-22T11:00:00Z,Caitlyn/Teemo (BC/PZ),25,0.0385802469135802
2026-09-22T11:00:00Z,Braum/Zoe (FR/MT),32,0.0493827160493827
2026-09-22T11:00:00Z,Draven/Jinx (NX/PZ),7,0.0108024691358025
2026-09-22T12:00:00Z,Other,548,0.708010335917313
2026-09-22T12:00:00Z,Ashe/LeBlanc (FR/NX),11,0.0142118863049096
2026-09-22T12:00:00Z,Ezreal/Seraphine (BC/PZ),13,0.0167958656330749
2026-09-22T12:00:00Z,Caitlyn/Teemo (FR/PZ),18,0.0232558139534884
2026-09-22T12:00:00Z,Nilah/Twisted Fate (BW/PZ),11,0.0142118863049096
2026-09-22T12:00:00Z,Annie/Gwen (NX/SI),5,0.00645994832041344
2026-09-22T12:00:00Z,Elder Dragon/Volibear (RU/FR),19,0.0245478036175711
2026-09-22T12:00:00Z,Azir/Irelia (IO/SH),21,0.0271317829457364
2026-09-22T12:00:00Z,Pyke/Rek'Sai (BW/SH),27,0.0348837209302326
2026-09-22T12:00:00Z,Annie/Jhin (RU/NX),18,0.0232558139534884
2026-09-22T12:00:00Z,Caitlyn/Teemo (BC/PZ),30,0.0387596899224806
2026-09-22T12:00:00Z,Braum/Zoe (FR/MT),48,0.062015503875969
2026-09-22T12:00:00Z,Draven/Jinx (NX/PZ),5,0.00645994832041344
2026-09-22T13:00:00Z,Other,485,0.646666666666667
2026-09-22T13:00:00Z,Ashe/LeBlanc (FR/NX),10,0.0133333333333333
2026-09-22T13:00:00Z,Ezreal/Seraphine (BC/PZ),14,0.0186666666666667
2026-09-22T13:00:00Z,Caitlyn/Teemo (FR/PZ),11,0.0146666666666667
2026-09-22T13:00:00Z,Nilah/Twisted Fate (BW/PZ),20,0.0266666666666667
2026-09-22T13:00:00Z,Annie/Gwen (NX/SI),9,0.012
2026-09-22T13:00:00Z,Elder Dragon/Volibear (RU/FR),9,0.012
2026-09-22T13:00:00Z,Azir/Irelia (IO/SH),10,0.0133333333333333
2026-09-22T13:00:00Z,Pyke/Rek'Sai (BW/SH),24,0.032
2026-09-22T13:00:00Z,Annie/Jhin (RU/NX),29,0.0386666666666667
2026-09-22T13:00:00Z,Caitlyn/Teemo (BC/PZ),43,0.0573333333333333
2026-09-22T13:00:00Z,Braum/Zoe (FR/MT),79,0.105333333333333
2026-09-22T13:00:00Z,Draven/Jinx (NX/PZ),7,0.00933333333333333
2026-09-22T14:00:00Z,Other,555,0.697236180904523
2026-09-22T14:00:00Z,Ashe/LeBlanc (FR/NX),10,0.0125628140703518
2026-09-22T14:00:00Z,Ezreal/Seraphine (BC/PZ),17,0.021356783919598
2026-09-22T14:00:00Z,Caitlyn/Teemo (FR/PZ),12,0.0150753768844221
2026-09-22T14:00:00Z,Nilah/Twisted Fate (BW/PZ),20,0.0251256281407035
2026-09-22T14:00:00Z,Annie/Gwen (NX/SI),21,0.0263819095477387
2026-09-22T14:00:00Z,Elder Dragon/Volibear (RU/FR),10,0.0125628140703518
2026-09-22T14:00:00Z,Azir/Irelia (IO/SH),15,0.0188442211055276
2026-09-22T14:00:00Z,Pyke/Rek'Sai (BW/SH),9,0.0113065326633166
2026-09-22T14:00:00Z,Annie/Jhin (RU/NX),44,0.0552763819095477
2026-09-22T14:00:00Z,Caitlyn/Teemo (BC/PZ),25,0.0314070351758794
2026-09-22T14:00:00Z,Braum/Zoe (FR/MT),52,0.0653266331658292
2026-09-22T14:00:00Z,Draven/Jinx (NX/PZ),6,0.00753768844221106
2026-09-22T15:00:00Z,Other,589,0.67545871559633
2026-09-22T15:00:00Z,Ashe/LeBlanc (FR/NX),12,0.0137614678899083
2026-09-22T15:00:00Z,Ezreal/Seraphine (BC/PZ),14,0.0160550458715596
2026-09-22T15:00:00Z,Caitlyn/Teemo (FR/PZ),17,0.0194954128440367
2026-09-22T15:00:00Z,Nilah/Twisted Fate (BW/PZ),17,0.0194954128440367
2026-09-22T15:00:00Z,Annie/Gwen (NX/SI),16,0.018348623853211
2026-09-22T15:00:00Z,Elder Dragon/Volibear (RU/FR),12,0.0137614678899083
2026-09-22T15:00:00Z,Azir/Irelia (IO/SH),19,0.0217889908256881
2026-09-22T15:00:00Z,Pyke/Rek'Sai (BW/SH),31,0.0355504587155963
2026-09-22T15:00:00Z,Annie/Jhin (RU/NX),23,0.0263761467889908
2026-09-22T15:00:00Z,Caitlyn/Teemo (BC/PZ),56,0.0642201834862385
2026-09-22T15:00:00Z,Braum/Zoe (FR/MT),59,0.0676605504587156
2026-09-22T15:00:00Z,Draven/Jinx (NX/PZ),7,0.00802752293577982
2026-09-22T16:00:00Z,Other,583,0.674768518518519
2026-09-22T16:00:00Z,Ashe/LeBlanc (FR/NX),9,0.0104166666666667
2026-09-22T16:00:00Z,Ezreal/Seraphine (BC/PZ),21,0.0243055555555556
2026-09-22T16:00:00Z,Caitlyn/Teemo (FR/PZ),19,0.0219907407407407
2026-09-22T16:00:00Z,Nilah/Twisted Fate (BW/PZ),10,0.0115740740740741
2026-09-22T16:00:00Z,Annie/Gwen (NX/SI),7,0.00810185185185185
2026-09-22T16:00:00Z,Elder Dragon/Volibear (RU/FR),23,0.0266203703703704
2026-09-22T16:00:00Z,Azir/Irelia (IO/SH),21,0.0243055555555556
2026-09-22T16:00:00Z,Pyke/Rek'Sai (BW/SH),29,0.0335648148148148
2026-09-22T16:00:00Z,Annie/Jhin (RU/NX),28,0.0324074074074074
2026-09-22T16:00:00Z,Caitlyn/Teemo (BC/PZ),40,0.0462962962962963
2026-09-22T16:00:00Z,Braum/Zoe (FR/MT),70,0.0810185185185185
2026-09-22T16:00:00Z,Draven/Jinx (NX/PZ),4,0.00462962962962963
2026-09-22T17:00:00Z,Other,605,0.689066059225513
2026-09-22T17:00:00Z,Ashe/LeBlanc (FR/NX),3,0.00341685649202734
2026-09-22T17:00:00Z,Ezreal/Seraphine (BC/PZ),23,0.0261958997722096
2026-09-22T17:00:00Z,Caitlyn/Teemo (FR/PZ),17,0.0193621867881549
2026-09-22T17:00:00Z,Nilah/Twisted Fate (BW/PZ),17,0.0193621867881549
2026-09-22T17:00:00Z,Annie/Gwen (NX/SI),4,0.00455580865603645
2026-09-22T17:00:00Z,Elder Dragon/Volibear (RU/FR),10,0.0113895216400911
2026-09-22T17:00:00Z,Azir/Irelia (IO/SH),33,0.0375854214123007
2026-09-22T17:00:00Z,Pyke/Rek'Sai (BW/SH),26,0.0296127562642369
2026-09-22T17:00:00Z,Annie/Jhin (RU/NX),27,0.030751708428246
2026-09-22T17:00:00Z,Caitlyn/Teemo (BC/PZ),37,0.0421412300683371
2026-09-22T17:00:00Z,Braum/Zoe (FR/MT),70,0.0797266514806378
2026-09-22T17:00:00Z,Draven/Jinx (NX/PZ),6,0.00683371298405467
2026-09-22T18:00:00Z,Other,498,0.697478991596639
2026-09-22T18:00:00Z,Ashe/LeBlanc (FR/NX),9,0.0126050420168067
2026-09-22T18:00:00Z,Ezreal/Seraphine (BC/PZ),9,0.0126050420168067
2026-09-22T18:00:00Z,Caitlyn/Teemo (FR/PZ),6,0.00840336134453782
2026-09-22T18:00:00Z,Nilah/Twisted Fate (BW/PZ),14,0.0196078431372549
2026-09-22T18:00:00Z,Annie/Gwen (NX/SI),8,0.0112044817927171
2026-09-22T18:00:00Z,Elder Dragon/Volibear (RU/FR),17,0.0238095238095238
2026-09-22T18:00:00Z,Azir/Irelia (IO/SH),7,0.00980392156862745
2026-09-22T18:00:00Z,Pyke/Rek'Sai (BW/SH),19,0.0266106442577031
2026-09-22T18:00:00Z,Annie/Jhin (RU/NX),28,0.0392156862745098
2026-09-22T18:00:00Z,Caitlyn/Teemo (BC/PZ),30,0.0420168067226891
2026-09-22T18:00:00Z,Braum/Zoe (FR/MT),66,0.092436974789916
2026-09-22T18:00:00Z,Draven/Jinx (NX/PZ),3,0.00420168067226891
2026-09-22T19:00:00Z,Other,490,0.641361256544503
2026-09-22T19:00:00Z,Ashe/LeBlanc (FR/NX),8,0.0104712041884817
2026-09-22T19:00:00Z,Ezreal/Seraphine (BC/PZ),11,0.0143979057591623
2026-09-22T19:00:00Z,Caitlyn/Teemo (FR/PZ),20,0.0261780104712042
2026-09-22T19:00:00Z,Nilah/Twisted Fate (BW/PZ),9,0.0117801047120419
2026-09-22T19:00:00Z,Annie/Gwen (NX/SI),7,0.00916230366492147
2026-09-22T19:00:00Z,Elder Dragon/Volibear (RU/FR),9,0.0117801047120419
2026-09-22T19:00:00Z,Azir/Irelia (IO/SH),22,0.0287958115183246
2026-09-22T19:00:00Z,Pyke/Rek'Sai (BW/SH),20,0.0261780104712042
2026-09-22T19:00:00Z,Annie/Jhin (RU/NX),14,0.0183246073298429
2026-09-22T19:00:00Z,Caitlyn/Teemo (BC/PZ),48,0.0628272251308901
2026-09-22T19:00:00Z,Braum/Zoe (FR/MT),102,0.133507853403141
2026-09-22T19:00:00Z,Draven/Jinx (NX/PZ),4,0.00523560209424084
2026-09-22T20:00:00Z,Other,533,0.697643979057592
2026-09-22T20:00:00Z,Ashe/LeBlanc (FR/NX),6,0.00785340314136126
2026-09-22T20:00:00Z,Ezreal/Seraphine (BC/PZ),8,0.0104712041884817
2026-09-22T20:00:00Z,Caitlyn/Teemo (FR/PZ),13,0.0170157068062827
2026-09-22T20:00:00Z,Nilah/Twisted Fate (BW/PZ),12,0.0157068062827225
2026-09-22T20:00:00Z,Annie/Gwen (NX/SI),25,0.0327225130890052
2026-09-22T20:00:00Z,Elder Dragon/Volibear (RU/FR),24,0.031413612565445
2026-09-22T20:00:00Z,Azir/Irelia (IO/SH),23,0.0301047120418848
2026-09-22T20:00:00Z,Pyke/Rek'Sai (BW/SH),23,0.0301047120418848
2026-09-22T20:00:00Z,Annie/Jhin (RU/NX),23,0.0301047120418848
2026-09-22T20:00:00Z,Caitlyn/Teemo (BC/PZ),24,0.031413612565445
2026-09-22T20:00:00Z,Braum/Zoe (FR/MT),41,0.0536649214659686
2026-09-22T20:00:00Z,Draven/Jinx (NX/PZ),9,0.0117801047120419
2026-09-22T21:00:00Z,Other,520,0.691489361702128
2026-09-22T21:00:00Z,Ashe/LeBlanc (FR/NX),7,0.00930851063829787
2026-09-22T21:00:00Z,Ezreal/Seraphine (BC/PZ),9,0.011968085106383
2026-09-22T21:00:00Z,Caitlyn/Teemo (FR/PZ),6,0.00797872340425532
2026-09-22T21:00:00Z,Nilah/Twisted Fate (BW/PZ),11,0.0146276595744681
2026-09-22T21:00:00Z,Annie/Gwen (NX/SI),17,0.0226063829787234
2026-09-22T21:00:00Z,Elder Dragon/Volibear (RU/FR),22,0.0292553191489362
2026-09-22T21:00:00Z,Azir/Irelia (IO/SH),14,0.0186170212765957
2026-09-22T21:00:00Z,Pyke/Rek'Sai (BW/SH),25,0.0332446808510638
2026-09-22T21:00:00Z,Annie/Jhin (RU/NX),34,0.0452127659574468
2026-09-22T21:00:00Z,Caitlyn/Teemo (BC/PZ),28,0.0372340425531915
2026-09-22T21:00:00Z,Braum/Zoe (FR/MT),56,0.074468085106383
2026-09-22T21:00:00Z,Draven/Jinx (NX/PZ),3,0.00398936170212766
2026-09-22T22:00:00Z,Other,485,0.668044077134986
2026-09-22T22:00:00Z,Ashe/LeBlanc (FR/NX),6,0.00826446280991736
2026-09-22T22:00:00Z,Ezreal/Seraphine (BC/PZ),10,0.0137741046831956
2026-09-22T22:00:00Z,Caitlyn/Teemo (FR/PZ),2,0.00275482093663912
2026-09-22T22:00:00Z,Nilah/Twisted Fate (BW/PZ),10,0.0137741046831956
2026-09-22T22:00:00Z,Annie/Gwen (NX/SI),22,0.0303030303030303
2026-09-22T22:00:00Z,Elder Dragon/Volibear (RU/FR),17,0.0234159779614325
2026-09-22T22:00:00Z,Azir/Irelia (IO/SH),19,0.0261707988980716
2026-09-22T22:00:00Z,Pyke/Rek'Sai (BW/SH),20,0.0275482093663912
2026-09-22T22:00:00Z,Annie/Jhin (RU/NX),31,0.0426997245179063
2026-09-22T22:00:00Z,Caitlyn/Teemo (BC/PZ),24,0.0330578512396694
2026-09-22T22:00:00Z,Braum/Zoe (FR/MT),66,0.0909090909090909
2026-09-22T22:00:00Z,Draven/Jinx (NX/PZ),14,0.0192837465564738
2026-09-22T23:00:00Z,Other,469,0.721538461538462
2026-09-22T23:00:00Z,Ashe/LeBlanc (FR/NX),14,0.0215384615384615
2026-09-22T23:00:00Z,Ezreal/Seraphine (BC/PZ),8,0.0123076923076923
2026-09-22T23:00:00Z,Caitlyn/Teemo (FR/PZ),11,0.0169230769230769
2026-09-22T23:00:00Z,Nilah/Twisted Fate (BW/PZ),9,0.0138461538461538
2026-09-22T23:00:00Z,Annie/Gwen (NX/SI),5,0.00769230769230769
2026-09-22T23:00:00Z,Elder Dragon/Volibear (RU/FR),13,0.02
2026-09-22T23:00:00Z,Azir/Irelia (IO/SH),17,0.0261538461538462
2026-09-22T23:00:00Z,Pyke/Rek'Sai (BW/SH),20,0.0307692307692308
2026-09-22T23:00:00Z,Annie/Jhin (RU/NX),16,0.0246153846153846
2026-09-22T23:00:00Z,Caitlyn/Teemo (BC/PZ),14,0.0215384615384615
2026-09-22T23:00:00Z,Braum/Zoe (FR/MT),48,0.0738461538461539
2026-09-22T23:00:00Z,Draven/Jinx (NX/PZ),6,0.00923076923076923
2026-09-23T00:00:00Z,Other,412,0.662379421221865
2026-09-23T00:00:00Z,Ashe/LeBlanc (FR/NX),11,0.0176848874598071
2026-09-23T00:00:00Z,Ezreal/Seraphine (BC/PZ),4,0.00643086816720257
2026-09-23T00:00:00Z,Caitlyn/Teemo (FR/PZ),7,0.0112540192926045
2026-09-23T00:00:00Z,Nilah/Twisted Fate (BW/PZ),14,0.022508038585209
2026-09-23T00:00:00Z,Annie/Gwen (NX/SI),7,0.0112540192926045
2026-09-23T00:00:00Z,Elder Dragon/Volibear (RU/FR),12,0.0192926045016077
2026-09-23T00:00:00Z,Azir/Irelia (IO/SH),17,0.0273311897106109
2026-09-23T00:00:00Z,Pyke/Rek'Sai (BW/SH),19,0.0305466237942122
2026-09-23T00:00:00Z,Annie/Jhin (RU/NX),12,0.0192926045016077
2026-09-23T00:00:00Z,Caitlyn/Teemo (BC/PZ),24,0.0385852090032154
2026-09-23T00:00:00Z,Braum/Zoe (FR/MT),69,0.110932475884244
2026-09-23T00:00:00Z,Draven/Jinx (NX/PZ),14,0.022508038585209
2026-09-23T01:00:00Z,Other,387,0.647157190635452
2026-09-23T01:00:00Z,Ashe/LeBlanc (FR/NX),9,0.0150501672240803
2026-09-23T01:00:00Z,Ezreal/Seraphine (BC/PZ),14,0.0234113712374582
2026-09-23T01:00:00Z,Caitlyn/Teemo (FR/PZ),15,0.0250836120401338
2026-09-23T01:00:00Z,Nilah/Twisted Fate (BW/PZ),8,0.0133779264214047
2026-09-23T01:00:00Z,Annie/Gwen (NX/SI),8,0.0133779264214047
2026-09-23T01:00:00Z,Elder Dragon/Volibear (RU/FR),11,0.0183946488294314
2026-09-23T01:00:00Z,Azir/Irelia (IO/SH),19,0.0317725752508361
2026-09-23T01:00:00Z,Pyke/Rek'Sai (BW/SH),11,0.0183946488294314
2026-09-23T01:00:00Z,Annie/Jhin (RU/NX),27,0.0451505016722408
2026-09-23T01:00:00Z,Caitlyn/Teemo (BC/PZ),17,0.028428093645485
2026-09-23T01:00:00Z,Braum/Zoe (FR/MT),63,0.105351170568562
2026-09-23T01:00:00Z,Draven/Jinx (NX/PZ),9,0.0150501672240803
2026-09-23T02:00:00Z,Other,385,0.650337837837838
2026-09-23T02:00:00Z,Ashe/LeBlanc (FR/NX),14,0.0236486486486487
2026-09-23T02:00:00Z,Ezreal/Seraphine (BC/PZ),11,0.0185810810810811
2026-09-23T02:00:00Z,Caitlyn/Teemo (FR/PZ),2,0.00337837837837838
2026-09-23T02:00:00Z,Nilah/Twisted Fate (BW/PZ),6,0.0101351351351351
2026-09-23T02:00:00Z,Annie/Gwen (NX/SI),10,0.0168918918918919
2026-09-23T02:00:00Z,Elder Dragon/Volibear (RU/FR),14,0.0236486486486487
2026-09-23T02:00:00Z,Azir/Irelia (IO/SH),11,0.0185810810810811
2026-09-23T02:00:00Z,Pyke/Rek'Sai (BW/SH),18,0.0304054054054054
2026-09-23T02:00:00Z,Annie/Jhin (RU/NX),22,0.0371621621621622
2026-09-23T02:00:00Z,Caitlyn/Teemo (BC/PZ),25,0.0422297297297297
2026-09-23T02:00:00Z,Braum/Zoe (FR/MT),61,0.103040540540541
2026-09-23T02:00:00Z,Draven/Jinx (NX/PZ),13,0.0219594594594595
2026-09-23T03:00:00Z,Other,353,0.678846153846154
2026-09-23T03:00:00Z,Ashe/LeBlanc (FR/NX),5,0.00961538461538462
2026-09-23T03:00:00Z,Ezreal/Seraphine (BC/PZ),12,0.0230769230769231
2026-09-23T03:00:00Z,Caitlyn/Teemo (FR/PZ),7,0.0134615384615385
2026-09-23T03:00:00Z,Nilah/Twisted Fate (BW/PZ),5,0.00961538461538462
2026-09-23T03:00:00Z,Annie/Gwen (NX/SI),11,0.0211538461538462
2026-09-23T03:00:00Z,Elder Dragon/Volibear (RU/FR),5,0.00961538461538462
2026-09-23T03:00:00Z,Azir/Irelia (IO/SH),6,0.0115384615384615
2026-09-23T03:00:00Z,Pyke/Rek'Sai (BW/SH),9,0.0173076923076923
2026-09-23T03:00:00Z,Annie/Jhin (RU/NX),21,0.0403846153846154
2026-09-23T03:00:00Z,Caitlyn/Teemo (BC/PZ),15,0.0288461538461538
2026-09-23T03:00:00Z,Braum/Zoe (FR/MT),66,0.126923076923077
2026-09-23T03:00:00Z,Draven/Jinx (NX/PZ),5,0.00961538461538462
2026-09-23T04:00:00Z,Other,348,0.743589743589744
2026-09-23T04:00:00Z,Ashe/LeBlanc (FR/NX),4,0.00854700854700855
2026-09-23T04:00:00Z,Ezreal/Seraphine (BC/PZ),4,0.00854700854700855
2026-09-23T04:00:00Z,Caitlyn/Teemo (FR/PZ),4,0.00854700854700855
2026-09-23T04:00:00Z,Nilah/Twisted Fate (BW/PZ),8,0.0170940170940171
2026-09-23T04:00:00Z,Annie/Gwen (NX/SI),12,0.0256410256410256
2026-09-23T04:00:00Z,Elder Dragon/Volibear (RU/FR),8,0.0170940170940171
2026-09-23T04:00:00Z,Azir/Irelia (IO/SH),3,0.00641025641025641
2026-09-23T04:00:00Z,Pyke/Rek'Sai (BW/SH),7,0.014957264957265
2026-09-23T04:00:00Z,Annie/Jhin (RU/NX),22,0.047008547008547
2026-09-23T04:00:00Z,Caitlyn/Teemo (BC/PZ),13,0.0277777777777778
2026-09-23T04:00:00Z,Braum/Zoe (FR/MT),31,0.0662393162393162
2026-09-23T04:00:00Z,Draven/Jinx (NX/PZ),4,0.00854700854700855
2026-09-23T05:00:00Z,Other,396,0.673469387755102
2026-09-23T05:00:00Z,Ashe/LeBlanc (FR/NX),7,0.0119047619047619
2026-09-23T05:00:00Z,Ezreal/Seraphine (BC/PZ),2,0.00340136054421769
2026-09-23T05:00:00Z,Caitlyn/Teemo (FR/PZ),8,0.0136054421768707
2026-09-23T05:00:00Z,Nilah/Twisted Fate (BW/PZ),12,0.0204081632653061
2026-09-23T05:00:00Z,Annie/Gwen (NX/SI),24,0.0408163265306122
2026-09-23T05:00:00Z,Elder Dragon/Volibear (RU/FR),14,0.0238095238095238
2026-09-23T05:00:00Z,Azir/Irelia (IO/SH),16,0.0272108843537415
2026-09-23T05:00:00Z,Pyke/Rek'Sai (BW/SH),27,0.0459183673469388
2026-09-23T05:00:00Z,Annie/Jhin (RU/NX),25,0.0425170068027211
2026-09-23T05:00:00Z,Caitlyn/Teemo (BC/PZ),7,0.0119047619047619
2026-09-23T05:00:00Z,Braum/Zoe (FR/MT),41,0.0697278911564626
2026-09-23T05:00:00Z,Draven/Jinx (NX/PZ),9,0.0153061224489796
2026-09-23T06:00:00Z,Other,350,0.648148148148148
2026-09-23T06:00:00Z,Ashe/LeBlanc (FR/NX),7,0.012962962962963
2026-09-23T06:00:00Z,Ezreal/Seraphine (BC/PZ),2,0.0037037037037037
2026-09-23T06:00:00Z,Caitlyn/Teemo (FR/PZ),6,0.0111111111111111
2026-09-23T06:00:00Z,Nilah/Twisted Fate (BW/PZ),19,0.0351851851851852
2026-09-23T06:00:00Z,Annie/Gwen (NX/SI),15,0.0277777777777778
2026-09-23T06:00:00Z,Elder Dragon/Volibear (RU/FR),2,0.0037037037037037
2026-09-23T06:00:00Z,Azir/Irelia (IO/SH),12,0.0222222222222222
2026-09-23T06:00:00Z,Pyke/Rek'Sai (BW/SH),21,0.0388888888888889
2026-09-23T06:00:00Z,Annie/Jhin (RU/NX),14,0.0259259259259259
2026-09-23T06:00:00Z,Caitlyn/Teemo (BC/PZ),16,0.0296296296296296
2026-09-23T06:00:00Z,Braum/Zoe (FR/MT),62,0.114814814814815
2026-09-23T06:00:00Z,Draven/Jinx (NX/PZ),14,0.0259259259259259
2026-09-23T07:00:00Z,Other,383,0.696363636363636
2026-09-23T07:00:00Z,Ashe/LeBlanc (FR/NX),5,0.00909090909090909
2026-09-23T07:00:00Z,Ezreal/Seraphine (BC/PZ),5,0.00909090909090909
2026-09-23T07:00:00Z,Caitlyn/Teemo (FR/PZ),13,0.0236363636363636
2026-09-23T07:00:00Z,Nilah/Twisted Fate (BW/PZ),7,0.0127272727272727
2026-09-23T07:00:00Z,Annie/Gwen (NX/SI),15,0.0272727272727273
2026-09-23T07:00:00Z,Elder Dragon/Volibear (RU/FR),11,0.02
2026-09-23T07:00:00Z,Azir/Irelia (IO/SH),11,0.02
2026-09-23T07:00:00Z,Pyke/Rek'Sai (BW/SH),12,0.0218181818181818
2026-09-23T07:00:00Z,Annie/Jhin (RU/NX),23,0.0418181818181818
2026-09-23T07:00:00Z,Caitlyn/Teemo (BC/PZ),15,0.0272727272727273
2026-09-23T07:00:00Z,Braum/Zoe (FR/MT),47,0.0854545454545455
2026-09-23T07:00:00Z,Draven/Jinx (NX/PZ),3,0.00545454545454546
2026-09-23T08:00:00Z,Other,353,0.717479674796748
2026-09-23T08:00:00Z,Ashe/LeBlanc (FR/NX),1,0.00203252032520325
2026-09-23T08:00:00Z,Ezreal/Seraphine (BC/PZ),7,0.0142276422764228
2026-09-23T08:00:00Z,Caitlyn/Teemo (FR/PZ),13,0.0264227642276423
2026-09-23T08:00:00Z,Nilah/Twisted Fate (BW/PZ),3,0.00609756097560976
2026-09-23T08:00:00Z,Annie/Gwen (NX/SI),15,0.0304878048780488
2026-09-23T08:00:00Z,Elder Dragon/Volibear (RU/FR),4,0.00813008130081301
2026-09-23T08:00:00Z,Azir/Irelia (IO/SH),10,0.0203252032520325
2026-09-23T08:00:00Z,Pyke/Rek'Sai (BW/SH),10,0.0203252032520325
2026-09-23T08:00:00Z,Annie/Jhin (RU/NX),13,0.0264227642276423
2026-09-23T08:00:00Z,Caitlyn/Teemo (BC/PZ),15,0.0304878048780488
2026-09-23T08:00:00Z,Braum/Zoe (FR/MT),41,0.0833333333333333
2026-09-23T08:00:00Z,Draven/Jinx (NX/PZ),7,0.0142276422764228
2026-09-23T09:00:00Z,Other,408,0.705882352941177
2026-09-23T09:00:00Z,Ashe/LeBlanc (FR/NX),9,0.0155709342560554
2026-09-23T09:00:00Z,Ezreal/Seraphine (BC/PZ),3,0.00519031141868512
2026-09-23T09:00:00Z,Caitlyn/Teemo (FR/PZ),13,0.0224913494809689
2026-09-23T09:00:00Z,Nilah/Twisted Fate (BW/PZ),15,0.0259515570934256
2026-09-23T09:00:00Z,Annie/Gwen (NX/SI),9,0.0155709342560554
2026-09-23T09:00:00Z,Elder Dragon/Volibear (RU/FR),13,0.0224913494809689
2026-09-23T09:00:00Z,Azir/Irelia (IO/SH),11,0.0190311418685121
2026-09-23T09:00:00Z,Pyke/Rek'Sai (BW/SH),9,0.0155709342560554
2026-09-23T09:00:00Z,Annie/Jhin (RU/NX),19,0.0328719723183391
2026-09-23T09:00:00Z,Caitlyn/Teemo (BC/PZ),14,0.0242214532871972
2026-09-23T09:00:00Z,Braum/Zoe (FR/MT),50,0.0865051903114187
2026-09-23T09:00:00Z,Draven/Jinx (NX/PZ),5,0.00865051903114187
2026-09-23T10:00:00Z,Other,491,0.667119565217391
2026-09-23T10:00:00Z,Ashe/LeBlanc (FR/NX),10,0.0135869565217391
2026-09-23T10:00:00Z,Ezreal/Seraphine (BC/PZ),2,0.00271739130434783
2026-09-23T10:00:00Z,Caitlyn/Teemo (FR/PZ),15,0.0203804347826087
2026-09-23T10:00:00Z,Nilah/Twisted Fate (BW/PZ),16,0.0217391304347826
2026-09-23T10:00:00Z,Annie/Gwen (NX/SI),18,0.0244565217391304
2026-09-23T10:00:00Z,Elder Dragon/Volibear (RU/FR),31,0.0421195652173913
2026-09-23T10:00:00Z,Azir/Irelia (IO/SH),22,0.0298913043478261
2026-09-23T10:00:00Z,Pyke/Rek'Sai (BW/SH),19,0.0258152173913043
2026-09-23T10:00:00Z,Annie/Jhin (RU/NX),15,0.0203804347826087
2026-09-23T10:00:00Z,Caitlyn/Teemo (BC/PZ),17,0.0230978260869565
2026-09-23T10:00:00Z,Braum/Zoe (FR/MT),73,0.0991847826086956
2026-09-23T10:00:00Z,Draven/Jinx (NX/PZ),7,0.00951086956521739
2026-09-23T11:00:00Z,Other,433,0.644345238095238
2026-09-23T11:00:00Z,Ashe/LeBlanc (FR/NX),10,0.0148809523809524
2026-09-23T11:00:00Z,Ezreal/Seraphine (BC/PZ),13,0.0193452380952381
2026-09-23T11:00:00Z,Caitlyn/Teemo (FR/PZ),12,0.0178571428571429
2026-09-23T11:00:00Z,Nilah/Twisted Fate (BW/PZ),16,0.0238095238095238
2026-09-23T11:00:00Z,Annie/Gwen (NX/SI),11,0.0163690476190476
2026-09-23T11:00:00Z,Elder Dragon/Volibear (RU/FR),26,0.0386904761904762
2026-09-23T11:00:00Z,Azir/Irelia (IO/SH),17,0.025297619047619
2026-09-23T11:00:00Z,Pyke/Rek'Sai (BW/SH),16,0.0238095238095238
2026-09-23T11:00:00Z,Annie/Jhin (RU/NX),18,0.0267857142857143
2026-09-23T11:00:00Z,Caitlyn/Teemo (BC/PZ),28,0.0416666666666667
2026-09-23T11:00:00Z,Braum/Zoe (FR/MT),63,0.09375
2026-09-23T11:00:00Z,Draven/Jinx (NX/PZ),9,0.0133928571428571
2026-09-23T12:00:00Z,Other,563,0.70375
2026-09-23T12:00:00Z,Ashe/LeBlanc (FR/NX),13,0.01625
2026-09-23T12:00:00Z,Ezreal/Seraphine (BC/PZ),4,0.005
2026-09-23T12:00:00Z,Caitlyn/Teemo (FR/PZ),7,0.00875
2026-09-23T12:00:00Z,Nilah/Twisted Fate (BW/PZ),21,0.02625
2026-09-23T12:00:00Z,Annie/Gwen (NX/SI),16,0.02
2026-09-23T12:00:00Z,Elder Dragon/Volibear (RU/FR),10,0.0125
2026-09-23T12:00:00Z,Azir/Irelia (IO/SH),23,0.02875
2026-09-23T12:00:00Z,Pyke/Rek'Sai (BW/SH),26,0.0325
2026-09-23T12:00:00Z,Annie/Jhin (RU/NX),33,0.04125
2026-09-23T12:00:00Z,Caitlyn/Teemo (BC/PZ),12,0.015
2026-09-23T12:00:00Z,Braum/Zoe (FR/MT),60,0.075
2026-09-23T12:00:00Z,Draven/Jinx (NX/PZ),12,0.015
2026-09-23T13:00:00Z,Other,579,0.676401869158879
2026-09-23T13:00:00Z,Ashe/LeBlanc (FR/NX),20,0.0233644859813084
2026-09-23T13:00:00Z,Ezreal/Seraphine (BC/PZ),7,0.00817757009345794
2026-09-23T13:00:00Z,Caitlyn/Teemo (FR/PZ),16,0.0186915887850467
2026-09-23T13:00:00Z,Nilah/Twisted Fate (BW/PZ),9,0.0105140186915888
2026-09-23T13:00:00Z,Annie/Gwen (NX/SI),15,0.0175233644859813
2026-09-23T13:00:00Z,Elder Dragon/Volibear (RU/FR),8,0.00934579439252336
2026-09-23T13:00:00Z,Azir/Irelia (IO/SH),25,0.0292056074766355
2026-09-23T13:00:00Z,Pyke/Rek'Sai (BW/SH),33,0.0385514018691589
2026-09-23T13:00:00Z,Annie/Jhin (RU/NX),28,0.0327102803738318
2026-09-23T13:00:00Z,Caitlyn/Teemo (BC/PZ),27,0.0315420560747664
2026-09-23T13:00:00Z,Braum/Zoe (FR/MT),81,0.0946261682242991
2026-09-23T13:00:00Z,Draven/Jinx (NX/PZ),8,0.00934579439252336
2026-09-23T14:00:00Z,Other,600,0.689655172413793
2026-09-23T14:00:00Z,Ashe/LeBlanc (FR/NX),18,0.0206896551724138
2026-09-23T14:00:00Z,Ezreal/Seraphine (BC/PZ),8,0.00919540229885057
2026-09-23T14:00:00Z,Caitlyn/Teemo (FR/PZ),8,0.00919540229885057
2026-09-23T14:00:00Z,Nilah/Twisted Fate (BW/PZ),12,0.0137931034482759
2026-09-23T14:00:00Z,Annie/Gwen (NX/SI),18,0.0206896551724138
2026-09-23T14:00:00Z,Elder Dragon/Volibear (RU/FR),25,0.028735632183908
2026-09-23T14:00:00Z,Azir/Irelia (IO/SH),30,0.0344827586206897
2026-09-23T14:00:00Z,Pyke/Rek'Sai (BW/SH),34,0.0390804597701149
2026-09-23T14:00:00Z,Annie/Jhin (RU/NX),20,0.0229885057471264
2026-09-23T14:00:00Z,Caitlyn/Teemo (BC/PZ),42,0.0482758620689655
2026-09-23T14:00:00Z,Braum/Zoe (FR/MT),48,0.0551724137931035
2026-09-23T14:00:00Z,Draven/Jinx (NX/PZ),7,0.00804597701149425
2026-09-23T15:00:00Z,Other,613,0.660560344827586
2026-09-23T15:00:00Z,Ashe/LeBlanc (FR/NX),22,0.0237068965517241
2026-09-23T15:00:00Z,Ezreal/Seraphine (BC/PZ),9,0.00969827586206897
2026-09-23T15:00:00Z,Caitlyn/Teemo (FR/PZ),11,0.0118534482758621
2026-09-23T15:00:00Z,Nilah/Twisted Fate (BW/PZ),12,0.0129310344827586
2026-09-23T15:00:00Z,Annie/Gwen (NX/SI),19,0.0204741379310345
2026-09-23T15:00:00Z,Elder Dragon/Volibear (RU/FR),24,0.0258620689655172
2026-09-23T15:00:00Z,Azir/Irelia (IO/SH),33,0.0355603448275862
2026-09-23T15:00:00Z,Pyke/Rek'Sai (BW/SH),31,0.0334051724137931
2026-09-23T15:00:00Z,Annie/Jhin (RU/NX),25,0.0269396551724138
2026-09-23T15:00:00Z,Caitlyn/Teemo (BC/PZ),36,0.0387931034482759
2026-09-23T15:00:00Z,Braum/Zoe (FR/MT),83,0.0894396551724138
2026-09-23T15:00:00Z,Draven/Jinx (NX/PZ),10,0.0107758620689655
2026-09-23T16:00:00Z,Other,647,0.689765458422175
2026-09-23T16:00:00Z,Ashe/LeBlanc (FR/NX),13,0.0138592750533049
2026-09-23T16:00:00Z,Ezreal/Seraphine (BC/PZ),9,0.00959488272921109
2026-09-23T16:00:00Z,Caitlyn/Teemo (FR/PZ),20,0.0213219616204691
2026-09-23T16:00:00Z,Nilah/Twisted Fate (BW/PZ),25,0.0266524520255864
2026-09-23T16:00:00Z,Annie/Gwen (NX/SI),17,0.0181236673773987
2026-09-23T16:00:00Z,Elder Dragon/Volibear (RU/FR),14,0.0149253731343284
2026-09-23T16:00:00Z,Azir/Irelia (IO/SH),11,0.011727078891258
2026-09-23T16:00:00Z,Pyke/Rek'Sai (BW/SH),31,0.0330490405117271
2026-09-23T16:00:00Z,Annie/Jhin (RU/NX),34,0.0362473347547974
2026-09-23T16:00:00Z,Caitlyn/Teemo (BC/PZ),21,0.0223880597014925
2026-09-23T16:00:00Z,Braum/Zoe (FR/MT),78,0.0831556503198294
2026-09-23T16:00:00Z,Draven/Jinx (NX/PZ),18,0.0191897654584222
2026-09-23T17:00:00Z,Other,564,0.679518072289157
2026-09-23T17:00:00Z,Ashe/LeBlanc (FR/NX),6,0.0072289156626506
2026-09-23T17:00:00Z,Ezreal/Seraphine (BC/PZ),6,0.0072289156626506
2026-09-23T17:00:00Z,Caitlyn/Teemo (FR/PZ),9,0.0108433734939759
2026-09-23T17:00:00Z,Nilah/Twisted Fate (BW/PZ),16,0.0192771084337349
2026-09-23T17:00:00Z,Annie/Gwen (NX/SI),11,0.0132530120481928
2026-09-23T17:00:00Z,Elder Dragon/Volibear (RU/FR),10,0.0120481927710843
2026-09-23T17:00:00Z,Azir/Irelia (IO/SH),20,0.0240963855421687
2026-09-23T17:00:00Z,Pyke/Rek'Sai (BW/SH),26,0.0313253012048193
2026-09-23T17:00:00Z,Annie/Jhin (RU/NX),29,0.0349397590361446
2026-09-23T17:00:00Z,Caitlyn/Teemo (BC/PZ),27,0.0325301204819277
2026-09-23T17:00:00Z,Braum/Zoe (FR/MT),102,0.12289156626506
2026-09-23T17:00:00Z,Draven/Jinx (NX/PZ),4,0.00481927710843374
2026-09-23T18:00:00Z,Other,560,0.705289672544081
2026-09-23T18:00:00Z,Ashe/LeBlanc (FR/NX),8,0.0100755667506297
2026-09-23T18:00:00Z,Ezreal/Seraphine (BC/PZ),6,0.00755667506297229
2026-09-23T18:00:00Z,Caitlyn/Teemo (FR/PZ),8,0.0100755667506297
2026-09-23T18:00:00Z,Nilah/Twisted Fate (BW/PZ),20,0.0251889168765743
2026-09-23T18:00:00Z,Annie/Gwen (NX/SI),14,0.017632241813602
2026-09-23T18:00:00Z,Elder Dragon/Volibear (RU/FR),11,0.0138539042821159
2026-09-23T18:00:00Z,Azir/Irelia (IO/SH),20,0.0251889168765743
2026-09-23T18:00:00Z,Pyke/Rek'Sai (BW/SH),26,0.0327455919395466
2026-09-23T18:00:00Z,Annie/Jhin (RU/NX),21,0.026448362720403
2026-09-23T18:00:00Z,Caitlyn/Teemo (BC/PZ),26,0.0327455919395466
2026-09-23T18:00:00Z,Braum/Zoe (FR/MT),69,0.0869017632241814
2026-09-23T18:00:00Z,Draven/Jinx (NX/PZ),5,0.00629722921914358
2026-09-23T19:00:00Z,Other,554,0.664268585131894
2026-09-23T19:00:00Z,Ashe/LeBlanc (FR/NX),8,0.00959232613908873
2026-09-23T19:00:00Z,Ezreal/Seraphine (BC/PZ),4,0.00479616306954436
2026-09-23T19:00:00Z,Caitlyn/Teemo (FR/PZ),15,0.0179856115107914
2026-09-23T19:00:00Z,Nilah/Twisted Fate (BW/PZ),10,0.0119904076738609
2026-09-23T19:00:00Z,Annie/Gwen (NX/SI),22,0.026378896882494
2026-09-23T19:00:00Z,Elder Dragon/Volibear (RU/FR),17,0.0203836930455636
2026-09-23T19:00:00Z,Azir/Irelia (IO/SH),25,0.0299760191846523
2026-09-23T19:00:00Z,Pyke/Rek'Sai (BW/SH),38,0.0455635491606715
2026-09-23T19:00:00Z,Annie/Jhin (RU/NX),24,0.0287769784172662
2026-09-23T19:00:00Z,Caitlyn/Teemo (BC/PZ),31,0.0371702637889688
2026-09-23T19:00:00Z,Braum/Zoe (FR/MT),70,0.0839328537170264
2026-09-23T19:00:00Z,Draven/Jinx (NX/PZ),16,0.0191846522781775
2026-09-23T20:00:00Z,Other,568,0.687651331719128
2026-09-23T20:00:00Z,Ashe/LeBlanc (FR/NX),7,0.00847457627118644
2026-09-23T20:00:00Z,Ezreal/Seraphine (BC/PZ),8,0.00968523002421307
2026-09-23T20:00:00Z,Caitlyn/Teemo (FR/PZ),4,0.00484261501210654
2026-09-23T20:00:00Z,Nilah/Twisted Fate (BW/PZ),15,0.0181598062953995
2026-09-23T20:00:00Z,Annie/Gwen (NX/SI),27,0.0326876513317191
2026-09-23T20:00:00Z,Elder Dragon/Volibear (RU/FR),16,0.0193704600484262
2026-09-23T20:00:00Z,Azir/Irelia (IO/SH),29,0.0351089588377724
2026-09-23T20:00:00Z,Pyke/Rek'Sai (BW/SH),25,0.0302663438256659
2026-09-23T20:00:00Z,Annie/Jhin (RU/NX),31,0.0375302663438257
2026-09-23T20:00:00Z,Caitlyn/Teemo (BC/PZ),42,0.0508474576271187
2026-09-23T20:00:00Z,Braum/Zoe (FR/MT),51,0.0617433414043584
2026-09-23T20:00:00Z,Draven/Jinx (NX/PZ),3,0.0036319612590799
2026-09-23T21:00:00Z,Other,602,0.670378619153675
2026-09-23T21:00:00Z,Ashe/LeBlanc (FR/NX),6,0.0066815144766147
2026-09-23T21:00:00Z,Ezreal/Seraphine (BC/PZ),15,0.0167037861915368
2026-09-23T21:00:00Z,Caitlyn/Teemo (FR/PZ),10,0.0111358574610245
2026-09-23T21:00:00Z,Nilah/Twisted Fate (BW/PZ),26,0.0289532293986637
2026-09-23T21:00:00Z,Annie/Gwen (NX/SI),30,0.0334075723830735
2026-09-23T21:00:00Z,Elder Dragon/Volibear (RU/FR),23,0.0256124721603563
2026-09-23T21:00:00Z,Azir/Irelia (IO/SH),38,0.0423162583518931
2026-09-23T21:00:00Z,Pyke/Rek'Sai (BW/SH),40,0.044543429844098
2026-09-23T21:00:00Z,Annie/Jhin (RU/NX),10,0.0111358574610245
2026-09-23T21:00:00Z,Caitlyn/Teemo (BC/PZ),37,0.0412026726057906
2026-09-23T21:00:00Z,Braum/Zoe (FR/MT),55,0.0612472160356348
2026-09-23T21:00:00Z,Draven/Jinx (NX/PZ),6,0.0066815144766147
2026-09-23T22:00:00Z,Other,511,0.717696629213483
2026-09-23T22:00:00Z,Ashe/LeBlanc (FR/NX),1,0.00140449438202247
2026-09-23T22:00:00Z,Ezreal/Seraphine (BC/PZ),15,0.0210674157303371
2026-09-23T22:00:00Z,Caitlyn/Teemo (FR/PZ),7,0.0098314606741573
2026-09-23T22:00:00Z,Nilah/Twisted Fate (BW/PZ),12,0.0168539325842697
2026-09-23T22:00:00Z,Annie/Gwen (NX/SI),11,0.0154494382022472
2026-09-23T22:00:00Z,Elder Dragon/Volibear (RU/FR),16,0.0224719101123596
2026-09-23T22:00:00Z,Azir/Irelia (IO/SH),11,0.0154494382022472
2026-09-23T22:00:00Z,Pyke/Rek'Sai (BW/SH),20,0.0280898876404494
2026-09-23T22:00:00Z,Annie/Jhin (RU/NX),20,0.0280898876404494
2026-09-23T22:00:00Z,Caitlyn/Teemo (BC/PZ),34,0.047752808988764
2026-09-23T22:00:00Z,Braum/Zoe (FR/MT),51,0.0716292134831461
2026-09-23T22:00:00Z,Draven/Jinx (NX/PZ),3,0.00421348314606742
2026-09-23T23:00:00Z,Other,529,0.709115281501341
2026-09-23T23:00:00Z,Ashe/LeBlanc (FR/NX),3,0.00402144772117962
2026-09-23T23:00:00Z,Ezreal/Seraphine (BC/PZ),14,0.0187667560321716
2026-09-23T23:00:00Z,Caitlyn/Teemo (FR/PZ),1,0.00134048257372654
2026-09-23T23:00:00Z,Nilah/Twisted Fate (BW/PZ),4,0.00536193029490617
2026-09-23T23:00:00Z,Annie/Gwen (NX/SI),8,0.0107238605898123
2026-09-23T23:00:00Z,Elder Dragon/Volibear (RU/FR),39,0.0522788203753351
2026-09-23T23:00:00Z,Azir/Irelia (IO/SH),18,0.0241286863270777
2026-09-23T23:00:00Z,Pyke/Rek'Sai (BW/SH),24,0.032171581769437
2026-09-23T23:00:00Z,Annie/Jhin (RU/NX),21,0.0281501340482574
2026-09-23T23:00:00Z,Caitlyn/Teemo (BC/PZ),26,0.0348525469168901
2026-09-23T23:00:00Z,Braum/Zoe (FR/MT),47,0.0630026809651475
2026-09-23T23:00:00Z,Draven/Jinx (NX/PZ),12,0.0160857908847185
2026-09-24T00:00:00Z,Other,424,0.668769716088328
2026-09-24T00:00:00Z,Ashe/LeBlanc (FR/NX),6,0.00946372239747634
2026-09-24T00:00:00Z,Ezreal/Seraphine (BC/PZ),7,0.0110410094637224
2026-09-24T00:00:00Z,Caitlyn/Teemo (FR/PZ),11,0.0173501577287066
2026-09-24T00:00:00Z,Nilah/Twisted Fate (BW/PZ),20,0.0315457413249211
2026-09-24T00:00:00Z,Annie/Gwen (NX/SI),6,0.00946372239747634
2026-09-24T00:00:00Z,Elder Dragon/Volibear (RU/FR),22,0.0347003154574132
2026-09-24T00:00:00Z,Azir/Irelia (IO/SH),17,0.026813880126183
2026-09-24T00:00:00Z,Pyke/Rek'Sai (BW/SH),15,0.0236593059936909
2026-09-24T00:00:00Z,Annie/Jhin (RU/NX),12,0.0189274447949527
2026-09-24T00:00:00Z,Caitlyn/Teemo (BC/PZ),24,0.0378548895899054
2026-09-24T00:00:00Z,Braum/Zoe (FR/MT),64,0.100946372239748
2026-09-24T00:00:00Z,Draven/Jinx (NX/PZ),6,0.00946372239747634
2026-09-24T01:00:00Z,Other,452,0.684848484848485
2026-09-24T01:00:00Z,Ashe/LeBlanc (FR/NX),4,0.00606060606060606
2026-09-24T01:00:00Z,Ezreal/Seraphine (BC/PZ),11,0.0166666666666667
2026-09-24T01:00:00Z,Caitlyn/Teemo (FR/PZ),4,0.00606060606060606
2026-09-24T01:00:00Z,Nilah/Twisted Fate (BW/PZ),7,0.0106060606060606
2026-09-24T01:00:00Z,Annie/Gwen (NX/SI),6,0.00909090909090909
2026-09-24T01:00:00Z,Elder Dragon/Volibear (RU/FR),30,0.0454545454545455
2026-09-24T01:00:00Z,Azir/Irelia (IO/SH),25,0.0378787878787879
2026-09-24T01:00:00Z,Pyke/Rek'Sai (BW/SH),22,0.0333333333333333
2026-09-24T01:00:00Z,Annie/Jhin (RU/NX),15,0.0227272727272727
2026-09-24T01:00:00Z,Caitlyn/Teemo (BC/PZ),25,0.0378787878787879
2026-09-24T01:00:00Z,Braum/Zoe (FR/MT),57,0.0863636363636364
2026-09-24T01:00:00Z,Draven/Jinx (NX/PZ),2,0.00303030303030303
2026-09-24T02:00:00Z,Other,475,0.678571428571429
2026-09-24T02:00:00Z,Ashe/LeBlanc (FR/NX),12,0.0171428571428571
2026-09-24T02:00:00Z,Ezreal/Seraphine (BC/PZ),2,0.00285714285714286
2026-09-24T02:00:00Z,Caitlyn/Teemo (FR/PZ),2,0.00285714285714286
2026-09-24T02:00:00Z,Nilah/Twisted Fate (BW/PZ),9,0.0128571428571429
2026-09-24T02:00:00Z,Annie/Gwen (NX/SI),10,0.0142857142857143
2026-09-24T02:00:00Z,Elder Dragon/Volibear (RU/FR),19,0.0271428571428571
2026-09-24T02:00:00Z,Azir/Irelia (IO/SH),29,0.0414285714285714
2026-09-24T02:00:00Z,Pyke/Rek'Sai (BW/SH),42,0.06
2026-09-24T02:00:00Z,Annie/Jhin (RU/NX),21,0.03
2026-09-24T02:00:00Z,Caitlyn/Teemo (BC/PZ),30,0.0428571428571429
2026-09-24T02:00:00Z,Braum/Zoe (FR/MT),43,0.0614285714285714
2026-09-24T02:00:00Z,Draven/Jinx (NX/PZ),6,0.00857142857142857
2026-09-24T03:00:00Z,Other,411,0.701365187713311
2026-09-24T03:00:00Z,Ashe/LeBlanc (FR/NX),13,0.0221843003412969
2026-09-24T03:00:00Z,Ezreal/Seraphine (BC/PZ),1,0.00170648464163823
2026-09-24T03:00:00Z,Caitlyn/Teemo (FR/PZ),0,0
2026-09-24T03:00:00Z,Nilah/Twisted Fate (BW/PZ),2,0.00341296928327645
2026-09-24T03:00:00Z,Annie/Gwen (NX/SI),9,0.015358361774744
2026-09-24T03:00:00Z,Elder Dragon/Volibear (RU/FR),17,0.0290102389078498
2026-09-24T03:00:00Z,Azir/Irelia (IO/SH),27,0.0460750853242321
2026-09-24T03:00:00Z,Pyke/Rek'Sai (BW/SH),24,0.0409556313993174
2026-09-24T03:00:00Z,Annie/Jhin (RU/NX),25,0.0426621160409556
2026-09-24T03:00:00Z,Caitlyn/Teemo (BC/PZ),17,0.0290102389078498
2026-09-24T03:00:00Z,Braum/Zoe (FR/MT),34,0.0580204778156997
2026-09-24T03:00:00Z,Draven/Jinx (NX/PZ),6,0.0102389078498294
2026-09-24T04:00:00Z,Other,434,0.671826625386997
2026-09-24T04:00:00Z,Ashe/LeBlanc (FR/NX),10,0.0154798761609907
2026-09-24T04:00:00Z,Ezreal/Seraphine (BC/PZ),4,0.00619195046439629
2026-09-24T04:00:00Z,Caitlyn/Teemo (FR/PZ),10,0.0154798761609907
2026-09-24T04:00:00Z,Nilah/Twisted Fate (BW/PZ),8,0.0123839009287926
2026-09-24T04:00:00Z,Annie/Gwen (NX/SI),3,0.00464396284829721
2026-09-24T04:00:00Z,Elder Dragon/Volibear (RU/FR),20,0.0309597523219814
2026-09-24T04:00:00Z,Azir/Irelia (IO/SH),28,0.043343653250774
2026-09-24T04:00:00Z,Pyke/Rek'Sai (BW/SH),19,0.0294117647058824
2026-09-24T04:00:00Z,Annie/Jhin (RU/NX),24,0.0371517027863777
2026-09-24T04:00:00Z,Caitlyn/Teemo (BC/PZ),21,0.0325077399380805
2026-09-24T04:00:00Z,Braum/Zoe (FR/MT),57,0.0882352941176471
2026-09-24T04:00:00Z,Draven/Jinx (NX/PZ),8,0.0123839009287926
2026-09-24T05:00:00Z,Other,417,0.699664429530201
2026-09-24T05:00:00Z,Ashe/LeBlanc (FR/NX),7,0.011744966442953
2026-09-24T05:00:00Z,Ezreal/Seraphine (BC/PZ),4,0.00671140939597315
2026-09-24T05:00:00Z,Caitlyn/Teemo (FR/PZ),14,0.023489932885906
2026-09-24T05:00:00Z,Nilah/Twisted Fate (BW/PZ),4,0.00671140939597315
2026-09-24T05:00:00Z,Annie/Gwen (NX/SI),12,0.0201342281879195
2026-09-24T05:00:00Z,Elder Dragon/Volibear (RU/FR),15,0.0251677852348993
2026-09-24T05:00:00Z,Azir/Irelia (IO/SH),25,0.0419463087248322
2026-09-24T05:00:00Z,Pyke/Rek'Sai (BW/SH),15,0.0251677852348993
2026-09-24T05:00:00Z,Annie/Jhin (RU/NX),15,0.0251677852348993
2026-09-24T05:00:00Z,Caitlyn/Teemo (BC/PZ),15,0.0251677852348993
2026-09-24T05:00:00Z,Braum/Zoe (FR/MT),46,0.0771812080536913
2026-09-24T05:00:00Z,Draven/Jinx (NX/PZ),7,0.011744966442953
2026-09-24T06:00:00Z,Other,389,0.650501672240803
2026-09-24T06:00:00Z,Ashe/LeBlanc (FR/NX),4,0.00668896321070234
2026-09-24T06:00:00Z,Ezreal/Seraphine (BC/PZ),2,0.00334448160535117
2026-09-24T06:00:00Z,Caitlyn/Teemo (FR/PZ),7,0.0117056856187291
2026-09-24T06:00:00Z,Nilah/Twisted Fate (BW/PZ),10,0.0167224080267559
2026-09-24T06:00:00Z,Annie/Gwen (NX/SI),7,0.0117056856187291
2026-09-24T06:00:00Z,Elder Dragon/Volibear (RU/FR),11,0.0183946488294314
2026-09-24T06:00:00Z,Azir/Irelia (IO/SH),22,0.0367892976588629
2026-09-24T06:00:00Z,Pyke/Rek'Sai (BW/SH),30,0.0501672240802676
2026-09-24T06:00:00Z,Annie/Jhin (RU/NX),17,0.028428093645485
2026-09-24T06:00:00Z,Caitlyn/Teemo (BC/PZ),34,0.0568561872909699
2026-09-24T06:00:00Z,Braum/Zoe (FR/MT),60,0.100334448160535
2026-09-24T06:00:00Z,Draven/Jinx (NX/PZ),5,0.00836120401337793
2026-09-24T07:00:00Z,Other,390,0.663265306122449
2026-09-24T07:00:00Z,Ashe/LeBlanc (FR/NX),8,0.0136054421768707
2026-09-24T07:00:00Z,Ezreal/Seraphine (BC/PZ),9,0.0153061224489796
2026-09-24T07:00:00Z,Caitlyn/Teemo (FR/PZ),20,0.0340136054421769
2026-09-24T07:00:00Z,Nilah/Twisted Fate (BW/PZ),3,0.00510204081632653
2026-09-24T07:00:00Z,Annie/Gwen (NX/SI),2,0.00340136054421769
2026-09-24T07:00:00Z,Elder Dragon/Volibear (RU/FR),5,0.00850340136054422
2026-09-24T07:00:00Z,Azir/Irelia (IO/SH),5,0.00850340136054422
2026-09-24T07:00:00Z,Pyke/Rek'Sai (BW/SH),27,0.0459183673469388
2026-09-24T07:00:00Z,Annie/Jhin (RU/NX),22,0.0374149659863946
2026-09-24T07:00:00Z,Caitlyn/Teemo (BC/PZ),30,0.0510204081632653
2026-09-24T07:00:00Z,Braum/Zoe (FR/MT),64,0.108843537414966
2026-09-24T07:00:00Z,Draven/Jinx (NX/PZ),3,0.00510204081632653
2026-09-24T08:00:00Z,Other,366,0.698473282442748
2026-09-24T08:00:00Z,Ashe/LeBlanc (FR/NX),9,0.017175572519084
2026-09-24T08:00:00Z,Ezreal/Seraphine (BC/PZ),1,0.00190839694656489
2026-09-24T08:00:00Z,Caitlyn/Teemo (FR/PZ),1,0.00190839694656489
2026-09-24T08:00:00Z,Nilah/Twisted Fate (BW/PZ),2,0.00381679389312977
2026-09-24T08:00:00Z,Annie/Gwen (NX/SI),8,0.0152671755725191
2026-09-24T08:00:00Z,Elder Dragon/Volibear (RU/FR),6,0.0114503816793893
2026-09-24T08:00:00Z,Azir/Irelia (IO/SH),27,0.0515267175572519
2026-09-24T08:00:00Z,Pyke/Rek'Sai (BW/SH),15,0.0286259541984733
2026-09-24T08:00:00Z,Annie/Jhin (RU/NX),14,0.0267175572519084
2026-09-24T08:00:00Z,Caitlyn/Teemo (BC/PZ),32,0.0610687022900763
2026-09-24T08:00:00Z,Braum/Zoe (FR/MT),41,0.0782442748091603
2026-09-24T08:00:00Z,Draven/Jinx (NX/PZ),2,0.00381679389312977
2026-09-24T09:00:00Z,Other,353,0.639492753623188
2026-09-24T09:00:00Z,Ashe/LeBlanc (FR/NX),3,0.00543478260869565
2026-09-24T09:00:00Z,Ezreal/Seraphine (BC/PZ),12,0.0217391304347826
2026-09-24T09:00:00Z,Caitlyn/Teemo (FR/PZ),8,0.0144927536231884
2026-09-24T09:00:00Z,Nilah/Twisted Fate (BW/PZ),12,0.0217391304347826
2026-09-24T09:00:00Z,Annie/Gwen (NX/SI),8,0.0144927536231884
2026-09-24T09:00:00Z,Elder Dragon/Volibear (RU/FR),8,0.0144927536231884
2026-09-24T09:00:00Z,Azir/Irelia (IO/SH),8,0.0144927536231884
2026-09-24T09:00:00Z,Pyke/Rek'Sai (BW/SH),20,0.036231884057971
2026-09-24T09:00:00Z,Annie/Jhin (RU/NX),26,0.0471014492753623
2026-09-24T09:00:00Z,Caitlyn/Teemo (BC/PZ),17,0.0307971014492754
2026-09-24T09:00:00Z,Braum/Zoe (FR/MT),67,0.121376811594203
2026-09-24T09:00:00Z,Draven/Jinx (NX/PZ),10,0.0181159420289855
2026-09-24T10:00:00Z,Other,424,0.642424242424243
2026-09-24T10:00:00Z,Ashe/LeBlanc (FR/NX),5,0.00757575757575758
2026-09-24T10:00:00Z,Ezreal/Seraphine (BC/PZ),15,0.0227272727272727
2026-09-24T10:00:00Z,Caitlyn/Teemo (FR/PZ),8,0.0121212121212121
2026-09-24T10:00:00Z,Nilah/Twisted Fate (BW/PZ),10,0.0151515151515152
2026-09-24T10:00:00Z,Annie/Gwen (NX/SI),20,0.0303030303030303
2026-09-24T10:00:00Z,Elder Dragon/Volibear (RU/FR),19,0.0287878787878788
2026-09-24T10:00:00Z,Azir/Irelia (IO/SH),22,0.0333333333333333
2026-09-24T10:00:00Z,Pyke/Rek'Sai (BW/SH),15,0.0227272727272727
2026-09-24T10:00:00Z,Annie/Jhin (RU/NX),29,0.0439393939393939
2026-09-24T10:00:00Z,Caitlyn/Teemo (BC/PZ),24,0.0363636363636364
2026-09-24T10:00:00Z,Braum/Zoe (FR/MT),69,0.104545454545455
2026-09-24T10:00:00Z,Draven/Jinx (NX/PZ),0,0
2026-09-24T11:00:00Z,Other,514,0.717877094972067
2026-09-24T11:00:00Z,Ashe/LeBlanc (FR/NX),10,0.0139664804469274
2026-09-24T11:00:00Z,Ezreal/Seraphine (BC/PZ),4,0.00558659217877095
2026-09-24T11:00:00Z,Caitlyn/Teemo (FR/PZ),3,0.00418994413407821
2026-09-24T11:00:00Z,Nilah/Twisted Fate (BW/PZ),7,0.00977653631284916
2026-09-24T11:00:00Z,Annie/Gwen (NX/SI),15,0.0209497206703911
2026-09-24T11:00:00Z,Elder Dragon/Volibear (RU/FR),10,0.0139664804469274
2026-09-24T11:00:00Z,Azir/Irelia (IO/SH),26,0.0363128491620112
2026-09-24T11:00:00Z,Pyke/Rek'Sai (BW/SH),30,0.0418994413407821
2026-09-24T11:00:00Z,Annie/Jhin (RU/NX),32,0.0446927374301676
2026-09-24T11:00:00Z,Caitlyn/Teemo (BC/PZ),15,0.0209497206703911
2026-09-24T11:00:00Z,Braum/Zoe (FR/MT),41,0.0572625698324022
2026-09-24T11:00:00Z,Draven/Jinx (NX/PZ),9,0.0125698324022346
2026-09-24T12:00:00Z,Other,587,0.642231947483589
2026-09-24T12:00:00Z,Ashe/LeBlanc (FR/NX),14,0.0153172866520788
2026-09-24T12:00:00Z,Ezreal/Seraphine (BC/PZ),18,0.0196936542669584
2026-09-24T12:00:00Z,Caitlyn/Teemo (FR/PZ),12,0.013129102844639
2026-09-24T12:00:00Z,Nilah/Twisted Fate (BW/PZ),15,0.0164113785557987
2026-09-24T12:00:00Z,Annie/Gwen (NX/SI),28,0.0306345733041576
2026-09-24T12:00:00Z,Elder Dragon/Volibear (RU/FR),20,0.0218818380743982
2026-09-24T12:00:00Z,Azir/Irelia (IO/SH),15,0.0164113785557987
2026-09-24T12:00:00Z,Pyke/Rek'Sai (BW/SH),26,0.0284463894967177
2026-09-24T12:00:00Z,Annie/Jhin (RU/NX),39,0.0426695842450766
2026-09-24T12:00:00Z,Caitlyn/Teemo (BC/PZ),39,0.0426695842450766
2026-09-24T12:00:00Z,Braum/Zoe (FR/MT),85,0.0929978118161926
2026-09-24T12:00:00Z,Draven/Jinx (NX/PZ),16,0.0175054704595186
2026-09-24T13:00:00Z,Other,610,0.673289183222958
2026-09-24T13:00:00Z,Ashe/LeBlanc (FR/NX),14,0.0154525386313466
2026-09-24T13:00:00Z,Ezreal/Seraphine (BC/PZ),11,0.0121412803532009
2026-09-24T13:00:00Z,Caitlyn/Teemo (FR/PZ),12,0.0132450331125828
2026-09-24T13:00:00Z,Nilah/Twisted Fate (BW/PZ),12,0.0132450331125828
2026-09-24T13:00:00Z,Annie/Gwen (NX/SI),25,0.0275938189845475
2026-09-24T13:00:00Z,Elder Dragon/Volibear (RU/FR),15,0.0165562913907285
2026-09-24T13:00:00Z,Azir/Irelia (IO/SH),20,0.022075055187638
2026-09-24T13:00:00Z,Pyke/Rek'Sai (BW/SH),29,0.0320088300220751
2026-09-24T13:00:00Z,Annie/Jhin (RU/NX),32,0.0353200883002208
2026-09-24T13:00:00Z,Caitlyn/Teemo (BC/PZ),19,0.0209713024282561
2026-09-24T13:00:00Z,Braum/Zoe (FR/MT),88,0.0971302428256071
2026-09-24T13:00:00Z,Draven/Jinx (NX/PZ),19,0.0209713024282561
2026-09-24T14:00:00Z,Other,587,0.652222222222222
2026-09-24T14:00:00Z,Ashe/LeBlanc (FR/NX),14,0.0155555555555556
2026-09-24T14:00:00Z,Ezreal/Seraphine (BC/PZ),10,0.0111111111111111
2026-09-24T14:00:00Z,Caitlyn/Teemo (FR/PZ),14,0.0155555555555556
2026-09-24T14:00:00Z,Nilah/Twisted Fate (BW/PZ),5,0.00555555555555556
2026-09-24T14:00:00Z,Annie/Gwen (NX/SI),40,0.0444444444444444
2026-09-24T14:00:00Z,Elder Dragon/Volibear (RU/FR),22,0.0244444444444444
2026-09-24T14:00:00Z,Azir/Irelia (IO/SH),19,0.0211111111111111
2026-09-24T14:00:00Z,Pyke/Rek'Sai (BW/SH),17,0.0188888888888889
2026-09-24T14:00:00Z,Annie/Jhin (RU/NX),53,0.0588888888888889
2026-09-24T14:00:00Z,Caitlyn/Teemo (BC/PZ),28,0.0311111111111111
2026-09-24T14:00:00Z,Braum/Zoe (FR/MT),72,0.08
2026-09-24T14:00:00Z,Draven/Jinx (NX/PZ),19,0.0211111111111111
2026-09-24T15:00:00Z,Other,614,0.653191489361702
2026-09-24T15:00:00Z,Ashe/LeBlanc (FR/NX),8,0.00851063829787234
2026-09-24T15:00:00Z,Ezreal/Seraphine (BC/PZ),11,0.0117021276595745
2026-09-24T15:00:00Z,Caitlyn/Teemo (FR/PZ),9,0.00957446808510638
2026-09-24T15:00:00Z,Nilah/Twisted Fate (BW/PZ),23,0.024468085106383
2026-09-24T15:00:00Z,Annie/Gwen (NX/SI),41,0.0436170212765957
2026-09-24T15:00:00Z,Elder Dragon/Volibear (RU/FR),33,0.0351063829787234
2026-09-24T15:00:00Z,Azir/Irelia (IO/SH),37,0.0393617021276596
2026-09-24T15:00:00Z,Pyke/Rek'Sai (BW/SH),19,0.0202127659574468
2026-09-24T15:00:00Z,Annie/Jhin (RU/NX),35,0.0372340425531915
2026-09-24T15:00:00Z,Caitlyn/Teemo (BC/PZ),17,0.0180851063829787
2026-09-24T15:00:00Z,Braum/Zoe (FR/MT),69,0.0734042553191489
2026-09-24T15:00:00Z,Draven/Jinx (NX/PZ),24,0.025531914893617
2026-09-24T16:00:00Z,Other,622,0.694196428571429
2026-09-24T16:00:00Z,Ashe/LeBlanc (FR/NX),5,0.00558035714285714
2026-09-24T16:00:00Z,Ezreal/Seraphine (BC/PZ),4,0.00446428571428571
2026-09-24T16:00:00Z,Caitlyn/Teemo (FR/PZ),8,0.00892857142857143
2026-09-24T16:00:00Z,Nilah/Twisted Fate (BW/PZ),28,0.03125
2026-09-24T16:00:00Z,Annie/Gwen (NX/SI),29,0.0323660714285714
2026-09-24T16:00:00Z,Elder Dragon/Volibear (RU/FR),32,0.0357142857142857
2026-09-24T16:00:00Z,Azir/Irelia (IO/SH),20,0.0223214285714286
2026-09-24T16:00:00Z,Pyke/Rek'Sai (BW/SH),22,0.0245535714285714
2026-09-24T16:00:00Z,Annie/Jhin (RU/NX),23,0.0256696428571429
2026-09-24T16:00:00Z,Caitlyn/Teemo (BC/PZ),24,0.0267857142857143
2026-09-24T16:00:00Z,Braum/Zoe (FR/MT),72,0.0803571428571429
2026-09-24T16:00:00Z,Draven/Jinx (NX/PZ),7,0.0078125
2026-09-24T17:00:00Z,Other,625,0.68082788671024
2026-09-24T17:00:00Z,Ashe/LeBlanc (FR/NX),5,0.00544662309368192
2026-09-24T17:00:00Z,Ezreal/Seraphine (BC/PZ),20,0.0217864923747277
2026-09-24T17:00:00Z,Caitlyn/Teemo (FR/PZ),21,0.0228758169934641
2026-09-24T17:00:00Z,Nilah/Twisted Fate (BW/PZ),26,0.028322440087146
2026-09-24T17:00:00Z,Annie/Gwen (NX/SI),14,0.0152505446623094
2026-09-24T17:00:00Z,Elder Dragon/Volibear (RU/FR),22,0.0239651416122004
2026-09-24T17:00:00Z,Azir/Irelia (IO/SH),39,0.042483660130719
2026-09-24T17:00:00Z,Pyke/Rek'Sai (BW/SH),20,0.0217864923747277
2026-09-24T17:00:00Z,Annie/Jhin (RU/NX),17,0.0185185185185185
2026-09-24T17:00:00Z,Caitlyn/Teemo (BC/PZ),43,0.0468409586056645
2026-09-24T17:00:00Z,Braum/Zoe (FR/MT),47,0.05119825708061
2026-09-24T17:00:00Z,Draven/Jinx (NX/PZ),19,0.0206971677559913
2026-09-24T18:00:00Z,Other,566,0.675417661097852
2026-09-24T18:00:00Z,Ashe/LeBlanc (FR/NX),4,0.00477326968973747
2026-09-24T18:00:00Z,Ezreal/Seraphine (BC/PZ),12,0.0143198090692124
2026-09-24T18:00:00Z,Caitlyn/Teemo (FR/PZ),26,0.0310262529832936
2026-09-24T18:00:00Z,Nilah/Twisted Fate (BW/PZ),26,0.0310262529832936
2026-09-24T18:00:00Z,Annie/Gwen (NX/SI),20,0.0238663484486874
2026-09-24T18:00:00Z,Elder Dragon/Volibear (RU/FR),22,0.0262529832935561
2026-09-24T18:00:00Z,Azir/Irelia (IO/SH),36,0.0429594272076372
2026-09-24T18:00:00Z,Pyke/Rek'Sai (BW/SH),24,0.0286396181384248
2026-09-24T18:00:00Z,Annie/Jhin (RU/NX),13,0.0155131264916468
2026-09-24T18:00:00Z,Caitlyn/Teemo (BC/PZ),35,0.0417661097852029
2026-09-24T18:00:00Z,Braum/Zoe (FR/MT),51,0.0608591885441528
2026-09-24T18:00:00Z,Draven/Jinx (NX/PZ),3,0.0035799522673031
2026-09-24T19:00:00Z,Other,510,0.683646112600536
2026-09-24T19:00:00Z,Ashe/LeBlanc (FR/NX),3,0.00402144772117962
2026-09-24T19:00:00Z,Ezreal/Seraphine (BC/PZ),17,0.0227882037533512
2026-09-24T19:00:00Z,Caitlyn/Teemo (FR/PZ),12,0.0160857908847185
2026-09-24T19:00:00Z,Nilah/Twisted Fate (BW/PZ),14,0.0187667560321716
2026-09-24T19:00:00Z,Annie/Gwen (NX/SI),13,0.017426273458445
2026-09-24T19:00:00Z,Elder Dragon/Volibear (RU/FR),15,0.0201072386058981
2026-09-24T19:00:00Z,Azir/Irelia (IO/SH),25,0.0335120643431635
2026-09-24T19:00:00Z,Pyke/Rek'Sai (BW/SH),20,0.0268096514745308
2026-09-24T19:00:00Z,Annie/Jhin (RU/NX),18,0.0241286863270777
2026-09-24T19:00:00Z,Caitlyn/Teemo (BC/PZ),37,0.049597855227882
2026-09-24T19:00:00Z,Braum/Zoe (FR/MT),56,0.0750670241286863
2026-09-24T19:00:00Z,Draven/Jinx (NX/PZ),6,0.00804289544235925
2026-09-24T20:00:00Z,Other,561,0.704773869346734
2026-09-24T20:00:00Z,Ashe/LeBlanc (FR/NX),3,0.00376884422110553
2026-09-24T20:00:00Z,Ezreal/Seraphine (BC/PZ),14,0.0175879396984925
2026-09-24T20:00:00Z,Caitlyn/Teemo (FR/PZ),11,0.0138190954773869
2026-09-24T20:00:00Z,Nilah/Twisted Fate (BW/PZ),16,0.0201005025125628
2026-09-24T20:00:00Z,Annie/Gwen (NX/SI),14,0.0175879396984925
2026-09-24T20:00:00Z,Elder Dragon/Volibear (RU/FR),7,0.00879396984924623
2026-09-24T20:00:00Z,Azir/Irelia (IO/SH),21,0.0263819095477387
2026-09-24T20:00:00Z,Pyke/Rek'Sai (BW/SH),17,0.021356783919598
2026-09-24T20:00:00Z,Annie/Jhin (RU/NX),20,0.0251256281407035
2026-09-24T20:00:00Z,Caitlyn/Teemo (BC/PZ),27,0.0339195979899498
2026-09-24T20:00:00Z,Braum/Zoe (FR/MT),70,0.0879396984924623
2026-09-24T20:00:00Z,Draven/Jinx (NX/PZ),15,0.0188442211055276
2026-09-24T21:00:00Z,Other,509,0.68230563002681
2026-09-24T21:00:00Z,Ashe/LeBlanc (FR/NX),6,0.00804289544235925
2026-09-24T21:00:00Z,Ezreal/Seraphine (BC/PZ),6,0.00804289544235925
2026-09-24T21:00:00Z,Caitlyn/Teemo (FR/PZ),4,0.00536193029490617
2026-09-24T21:00:00Z,Nilah/Twisted Fate (BW/PZ),20,0.0268096514745308
2026-09-24T21:00:00Z,Annie/Gwen (NX/SI),6,0.00804289544235925
2026-09-24T21:00:00Z,Elder Dragon/Volibear (RU/FR),6,0.00804289544235925
2026-09-24T21:00:00Z,Azir/Irelia (IO/SH),33,0.0442359249329759
2026-09-24T21:00:00Z,Pyke/Rek'Sai (BW/SH),26,0.0348525469168901
2026-09-24T21:00:00Z,Annie/Jhin (RU/NX),28,0.0375335120643432
2026-09-24T21:00:00Z,Caitlyn/Teemo (BC/PZ),23,0.0308310991957105
2026-09-24T21:00:00Z,Braum/Zoe (FR/MT),66,0.0884718498659517
2026-09-24T21:00:00Z,Draven/Jinx (NX/PZ),13,0.017426273458445
2026-09-24T22:00:00Z,Other,516,0.728813559322034
2026-09-24T22:00:00Z,Ashe/LeBlanc (FR/NX),2,0.00282485875706215
2026-09-24T22:00:00Z,Ezreal/Seraphine (BC/PZ),9,0.0127118644067797
2026-09-24T22:00:00Z,Caitlyn/Teemo (FR/PZ),3,0.00423728813559322
2026-09-24T22:00:00Z,Nilah/Twisted Fate (BW/PZ),19,0.0268361581920904
2026-09-24T22:00:00Z,Annie/Gwen (NX/SI),3,0.00423728813559322
2026-09-24T22:00:00Z,Elder Dragon/Volibear (RU/FR),13,0.018361581920904
2026-09-24T22:00:00Z,Azir/Irelia (IO/SH),23,0.0324858757062147
2026-09-24T22:00:00Z,Pyke/Rek'Sai (BW/SH),22,0.0310734463276836
2026-09-24T22:00:00Z,Annie/Jhin (RU/NX),13,0.018361581920904
2026-09-24T22:00:00Z,Caitlyn/Teemo (BC/PZ),25,0.0353107344632768
2026-09-24T22:00:00Z,Braum/Zoe (FR/MT),52,0.0734463276836158
2026-09-24T22:00:00Z,Draven/Jinx (NX/PZ),8,0.0112994350282486
2026-09-24T23:00:00Z,Other,465,0.711009174311927
2026-09-24T23:00:00Z,Ashe/LeBlanc (FR/NX),1,0.00152905198776758
2026-09-24T23:00:00Z,Ezreal/Seraphine (BC/PZ),13,0.0198776758409786
2026-09-24T23:00:00Z,Caitlyn/Teemo (FR/PZ),9,0.0137614678899083
2026-09-24T23:00:00Z,Nilah/Twisted Fate (BW/PZ),6,0.0091743119266055
2026-09-24T23:00:00Z,Annie/Gwen (NX/SI),4,0.00611620795107034
2026-09-24T23:00:00Z,Elder Dragon/Volibear (RU/FR),13,0.0198776758409786
2026-09-24T23:00:00Z,Azir/Irelia (IO/SH),28,0.0428134556574924
2026-09-24T23:00:00Z,Pyke/Rek'Sai (BW/SH),26,0.0397553516819572
2026-09-24T23:00:00Z,Annie/Jhin (RU/NX),18,0.0275229357798165
2026-09-24T23:00:00Z,Caitlyn/Teemo (BC/PZ),16,0.0244648318042813
2026-09-24T23:00:00Z,Braum/Zoe (FR/MT),46,0.0703363914373089
2026-09-24T23:00:00Z,Draven/Jinx (NX/PZ),9,0.0137614678899083
2026-09-25T00:00:00Z,Other,527,0.68979057591623
2026-09-25T00:00:00Z,Ashe/LeBlanc (FR/NX),9,0.0117801047120419
2026-09-25T00:00:00Z,Ezreal/Seraphine (BC/PZ),7,0.00916230366492147
2026-09-25T00:00:00Z,Caitlyn/Teemo (FR/PZ),7,0.00916230366492147
2026-09-25T00:00:00Z,Nilah/Twisted Fate (BW/PZ),10,0.0130890052356021
2026-09-25T00:00:00Z,Annie/Gwen (NX/SI),10,0.0130890052356021
2026-09-25T00:00:00Z,Elder Dragon/Volibear (RU/FR),20,0.0261780104712042
2026-09-25T00:00:00Z,Azir/Irelia (IO/SH),24,0.031413612565445
2026-09-25T00:00:00Z,Pyke/Rek'Sai (BW/SH),26,0.0340314136125654
2026-09-25T00:00:00Z,Annie/Jhin (RU/NX),28,0.0366492146596859
2026-09-25T00:00:00Z,Caitlyn/Teemo (BC/PZ),19,0.024869109947644
2026-09-25T00:00:00Z,Braum/Zoe (FR/MT),53,0.0693717277486911
2026-09-25T00:00:00Z,Draven/Jinx (NX/PZ),24,0.031413612565445
2026-09-25T01:00:00Z,Other,476,0.736842105263158
2026-09-25T01:00:00Z,Ashe/LeBlanc (FR/NX),2,0.00309597523219814
2026-09-25T01:00:00Z,Ezreal/Seraphine (BC/PZ),2,0.00309597523219814
2026-09-25T01:00:00Z,Caitlyn/Teemo (FR/PZ),3,0.00464396284829721
2026-09-25T01:00:00Z,Nilah/Twisted Fate (BW/PZ),12,0.0185758513931889
2026-09-25T01:00:00Z,Annie/Gwen (NX/SI),3,0.00464396284829721
2026-09-25T01:00:00Z,Elder Dragon/Volibear (RU/FR),14,0.021671826625387
2026-09-25T01:00:00Z,Azir/Irelia (IO/SH),23,0.0356037151702786
2026-09-25T01:00:00Z,Pyke/Rek'Sai (BW/SH),7,0.0108359133126935
2026-09-25T01:00:00Z,Annie/Jhin (RU/NX),17,0.0263157894736842
2026-09-25T01:00:00Z,Caitlyn/Teemo (BC/PZ),24,0.0371517027863777
2026-09-25T01:00:00Z,Braum/Zoe (FR/MT),52,0.0804953560371517
2026-09-25T01:00:00Z,Draven/Jinx (NX/PZ),11,0.0170278637770898
2026-09-25T02:00:00Z,Other,373,0.636518771331058
2026-09-25T02:00:00Z,Ashe/LeBlanc (FR/NX),4,0.0068259385665529
2026-09-25T02:00:00Z,Ezreal/Seraphine (BC/PZ),14,0.0238907849829352
2026-09-25T02:00:00Z,Caitlyn/Teemo (FR/PZ),16,0.0273037542662116
2026-09-25T02:00:00Z,Nilah/Twisted Fate (BW/PZ),5,0.00853242320819113
2026-09-25T02:00:00Z,Annie/Gwen (NX/SI),6,0.0102389078498294
2026-09-25T02:00:00Z,Elder Dragon/Volibear (RU/FR),9,0.015358361774744
2026-09-25T02:00:00Z,Azir/Irelia (IO/SH),37,0.0631399317406143
2026-09-25T02:00:00Z,Pyke/Rek'Sai (BW/SH),23,0.0392491467576792
2026-09-25T02:00:00Z,Annie/Jhin (RU/NX),20,0.0341296928327645
2026-09-25T02:00:00Z,Caitlyn/Teemo (BC/PZ),26,0.0443686006825939
2026-09-25T02:00:00Z,Braum/Zoe (FR/MT),45,0.0767918088737201
2026-09-25T02:00:00Z,Draven/Jinx (NX/PZ),8,0.0136518771331058
2026-09-25T03:00:00Z,Other,442,0.708333333333333
2026-09-25T03:00:00Z,Ashe/LeBlanc (FR/NX),7,0.0112179487179487
2026-09-25T03:00:00Z,Ezreal/Seraphine (BC/PZ),11,0.0176282051282051
2026-09-25T03:00:00Z,Caitlyn/Teemo (FR/PZ),7,0.0112179487179487
2026-09-25T03:00:00Z,Nilah/Twisted Fate (BW/PZ),7,0.0112179487179487
2026-09-25T03:00:00Z,Annie/Gwen (NX/SI),11,0.0176282051282051
2026-09-25T03:00:00Z,Elder Dragon/Volibear (RU/FR),10,0.016025641025641
2026-09-25T03:00:00Z,Azir/Irelia (IO/SH),31,0.0496794871794872
2026-09-25T03:00:00Z,Pyke/Rek'Sai (BW/SH),24,0.0384615384615385
2026-09-25T03:00:00Z,Annie/Jhin (RU/NX),9,0.0144230769230769
2026-09-25T03:00:00Z,Caitlyn/Teemo (BC/PZ),12,0.0192307692307692
2026-09-25T03:00:00Z,Braum/Zoe (FR/MT),52,0.0833333333333333
2026-09-25T03:00:00Z,Draven/Jinx (NX/PZ),1,0.0016025641025641
2026-09-25T04:00:00Z,Other,391,0.676470588235294
2026-09-25T04:00:00Z,Ashe/LeBlanc (FR/NX),9,0.0155709342560554
2026-09-25T04:00:00Z,Ezreal/Seraphine (BC/PZ),17,0.0294117647058824
2026-09-25T04:00:00Z,Caitlyn/Teemo (FR/PZ),10,0.0173010380622837
2026-09-25T04:00:00Z,Nilah/Twisted Fate (BW/PZ),4,0.0069204152249135
2026-09-25T04:00:00Z,Annie/Gwen (NX/SI),9,0.0155709342560554
2026-09-25T04:00:00Z,Elder Dragon/Volibear (RU/FR),10,0.0173010380622837
2026-09-25T04:00:00Z,Azir/Irelia (IO/SH),17,0.0294117647058824
2026-09-25T04:00:00Z,Pyke/Rek'Sai (BW/SH),21,0.0363321799307959
2026-09-25T04:00:00Z,Annie/Jhin (RU/NX),11,0.0190311418685121
2026-09-25T04:00:00Z,Caitlyn/Teemo (BC/PZ),21,0.0363321799307959
2026-09-25T04:00:00Z,Braum/Zoe (FR/MT),52,0.0899653979238754
2026-09-25T04:00:00Z,Draven/Jinx (NX/PZ),6,0.0103806228373702
2026-09-25T05:00:00Z,Other,388,0.695340501792115
2026-09-25T05:00:00Z,Ashe/LeBlanc (FR/NX),4,0.00716845878136201
2026-09-25T05:00:00Z,Ezreal/Seraphine (BC/PZ),10,0.017921146953405
2026-09-25T05:00:00Z,Caitlyn/Teemo (FR/PZ),6,0.010752688172043
2026-09-25T05:00:00Z,Nilah/Twisted Fate (BW/PZ),4,0.00716845878136201
2026-09-25T05:00:00Z,Annie/Gwen (NX/SI),9,0.0161290322580645
2026-09-25T05:00:00Z,Elder Dragon/Volibear (RU/FR),23,0.0412186379928315
2026-09-25T05:00:00Z,Azir/Irelia (IO/SH),15,0.0268817204301075
2026-09-25T05:00:00Z,Pyke/Rek'Sai (BW/SH),14,0.025089605734767
2026-09-25T05:00:00Z,Annie/Jhin (RU/NX),8,0.014336917562724
2026-09-25T05:00:00Z,Caitlyn/Teemo (BC/PZ),12,0.021505376344086
2026-09-25T05:00:00Z,Braum/Zoe (FR/MT),59,0.10573476702509
2026-09-25T05:00:00Z,Draven/Jinx (NX/PZ),6,0.010752688172043
2026-09-25T06:00:00Z,Other,357,0.671052631578947
2026-09-25T06:00:00Z,Ashe/LeBlanc (FR/NX),5,0.0093984962406015
2026-09-25T06:00:00Z,Ezreal/Seraphine (BC/PZ),9,0.0169172932330827
2026-09-25T06:00:00Z,Caitlyn/Teemo (FR/PZ),7,0.0131578947368421
2026-09-25T06:00:00Z,Nilah/Twisted Fate (BW/PZ),6,0.0112781954887218
2026-09-25T06:00:00Z,Annie/Gwen (NX/SI),8,0.0150375939849624
2026-09-25T06:00:00Z,Elder Dragon/Volibear (RU/FR),15,0.0281954887218045
2026-09-25T06:00:00Z,Azir/Irelia (IO/SH),7,0.0131578947368421
2026-09-25T06:00:00Z,Pyke/Rek'Sai (BW/SH),17,0.0319548872180451
2026-09-25T06:00:00Z,Annie/Jhin (RU/NX),12,0.0225563909774436
2026-09-25T06:00:00Z,Caitlyn/Teemo (BC/PZ),22,0.0413533834586466
2026-09-25T06:00:00Z,Braum/Zoe (FR/MT),57,0.107142857142857
2026-09-25T06:00:00Z,Draven/Jinx (NX/PZ),10,0.018796992481203
2026-09-25T07:00:00Z,Other,458,0.70679012345679
2026-09-25T07:00:00Z,Ashe/LeBlanc (FR/NX),11,0.0169753086419753
2026-09-25T07:00:00Z,Ezreal/Seraphine (BC/PZ),12,0.0185185185185185
2026-09-25T07:00:00Z,Caitlyn/Teemo (FR/PZ),16,0.0246913580246914
2026-09-25T07:00:00Z,Nilah/Twisted Fate (BW/PZ),6,0.00925925925925926
2026-09-25T07:00:00Z,Annie/Gwen (NX/SI),7,0.0108024691358025
2026-09-25T07:00:00Z,Elder Dragon/Volibear (RU/FR),4,0.00617283950617284
2026-09-25T07:00:00Z,Azir/Irelia (IO/SH),18,0.0277777777777778
2026-09-25T07:00:00Z,Pyke/Rek'Sai (BW/SH),18,0.0277777777777778
2026-09-25T07:00:00Z,Annie/Jhin (RU/NX),23,0.0354938271604938
2026-09-25T07:00:00Z,Caitlyn/Teemo (BC/PZ),21,0.0324074074074074
2026-09-25T07:00:00Z,Braum/Zoe (FR/MT),51,0.0787037037037037
2026-09-25T07:00:00Z,Draven/Jinx (NX/PZ),3,0.00462962962962963
2026-09-25T08:00:00Z,Other,395,0.734200743494424
2026-09-25T08:00:00Z,Ashe/LeBlanc (FR/NX),5,0.00929368029739777
2026-09-25T08:00:00Z,Ezreal/Seraphine (BC/PZ),10,0.0185873605947955
2026-09-25T08:00:00Z,Caitlyn/Teemo (FR/PZ),9,0.016728624535316
2026-09-25T08:00:00Z,Nilah/Twisted Fate (BW/PZ),7,0.0130111524163569
2026-09-25T08:00:00Z,Annie/Gwen (NX/SI),17,0.0315985130111524
2026-09-25T08:00:00Z,Elder Dragon/Volibear (RU/FR),7,0.0130111524163569
2026-09-25T08:00:00Z,Azir/Irelia (IO/SH),16,0.0297397769516729
2026-09-25T08:00:00Z,Pyke/Rek'Sai (BW/SH),11,0.0204460966542751
2026-09-25T08:00:00Z,Annie/Jhin (RU/NX),7,0.0130111524163569
2026-09-25T08:00:00Z,Caitlyn/Teemo (BC/PZ),7,0.0130111524163569
2026-09-25T08:00:00Z,Braum/Zoe (FR/MT),44,0.0817843866171004
2026-09-25T08:00:00Z,Draven/Jinx (NX/PZ),3,0.00557620817843866
2026-09-25T09:00:00Z,Other,417,0.697324414715719
2026-09-25T09:00:00Z,Ashe/LeBlanc (FR/NX),11,0.0183946488294314
2026-09-25T09:00:00Z,Ezreal/Seraphine (BC/PZ),14,0.0234113712374582
2026-09-25T09:00:00Z,Caitlyn/Teemo (FR/PZ),12,0.020066889632107
2026-09-25T09:00:00Z,Nilah/Twisted Fate (BW/PZ),11,0.0183946488294314
2026-09-25T09:00:00Z,Annie/Gwen (NX/SI),14,0.0234113712374582
2026-09-25T09:00:00Z,Elder Dragon/Volibear (RU/FR),9,0.0150501672240803
2026-09-25T09:00:00Z,Azir/Irelia (IO/SH),13,0.0217391304347826
2026-09-25T09:00:00Z,Pyke/Rek'Sai (BW/SH),23,0.0384615384615385
2026-09-25T09:00:00Z,Annie/Jhin (RU/NX),11,0.0183946488294314
2026-09-25T09:00:00Z,Caitlyn/Teemo (BC/PZ),16,0.0267558528428094
2026-09-25T09:00:00Z,Braum/Zoe (FR/MT),38,0.0635451505016722
2026-09-25T09:00:00Z,Draven/Jinx (NX/PZ),9,0.0150501672240803
2026-09-25T10:00:00Z,Other,425,0.674603174603175
2026-09-25T10:00:00Z,Ashe/LeBlanc (FR/NX),4,0.00634920634920635
2026-09-25T10:00:00Z,Ezreal/Seraphine (BC/PZ),2,0.00317460317460317
2026-09-25T10:00:00Z,Caitlyn/Teemo (FR/PZ),10,0.0158730158730159
2026-09-25T10:00:00Z,Nilah/Twisted Fate (BW/PZ),7,0.0111111111111111
2026-09-25T10:00:00Z,Annie/Gwen (NX/SI),15,0.0238095238095238
2026-09-25T10:00:00Z,Elder Dragon/Volibear (RU/FR),18,0.0285714285714286
2026-09-25T10:00:00Z,Azir/Irelia (IO/SH),13,0.0206349206349206
2026-09-25T10:00:00Z,Pyke/Rek'Sai (BW/SH),12,0.0190476190476191
2026-09-25T10:00:00Z,Annie/Jhin (RU/NX),26,0.0412698412698413
2026-09-25T10:00:00Z,Caitlyn/Teemo (BC/PZ),22,0.0349206349206349
2026-09-25T10:00:00Z,Braum/Zoe (FR/MT),74,0.117460317460317
2026-09-25T10:00:00Z,Draven/Jinx (NX/PZ),2,0.00317460317460317
2026-09-25T11:00:00Z,Other,455,0.631944444444445
2026-09-25T11:00:00Z,Ashe/LeBlanc (FR/NX),5,0.00694444444444444
2026-09-25T11:00:00Z,Ezreal/Seraphine (BC/PZ),10,0.0138888888888889
2026-09-25T11:00:00Z,Caitlyn/Teemo (FR/PZ),7,0.00972222222222222
2026-09-25T11:00:00Z,Nilah/Twisted Fate (BW/PZ),16,0.0222222222222222
2026-09-25T11:00:00Z,Annie/Gwen (NX/SI),14,0.0194444444444444
2026-09-25T11:00:00Z,Elder Dragon/Volibear (RU/FR),11,0.0152777777777778
2026-09-25T11:00:00Z,Azir/Irelia (IO/SH),26,0.0361111111111111
2026-09-25T11:00:00Z,Pyke/Rek'Sai (BW/SH),37,0.0513888888888889
2026-09-25T11:00:00Z,Annie/Jhin (RU/NX),34,0.0472222222222222
2026-09-25T11:00:00Z,Caitlyn/Teemo (BC/PZ),18,0.025
2026-09-25T11:00:00Z,Braum/Zoe (FR/MT),80,0.111111111111111
2026-09-25T11:00:00Z,Draven/Jinx (NX/PZ),7,0.00972222222222222
2026-09-25T12:00:00Z,Other,528,0.650246305418719
2026-09-25T12:00:00Z,Ashe/LeBlanc (FR/NX),8,0.00985221674876847
2026-09-25T12:00:00Z,Ezreal/Seraphine (BC/PZ),11,0.0135467980295567
2026-09-25T12:00:00Z,Caitlyn/Teemo (FR/PZ),16,0.0197044334975369
2026-09-25T12:00:00Z,Nilah/Twisted Fate (BW/PZ),16,0.0197044334975369
2026-09-25T12:00:00Z,Annie/Gwen (NX/SI),11,0.0135467980295567
2026-09-25T12:00:00Z,Elder Dragon/Volibear (RU/FR),11,0.0135467980295567
2026-09-25T12:00:00Z,Azir/Irelia (IO/SH),20,0.0246305418719212
2026-09-25T12:00:00Z,Pyke/Rek'Sai (BW/SH),21,0.0258620689655172
2026-09-25T12:00:00Z,Annie/Jhin (RU/NX),44,0.0541871921182266
2026-09-25T12:00:00Z,Caitlyn/Teemo (BC/PZ),25,0.0307881773399015
2026-09-25T12:00:00Z,Braum/Zoe (FR/MT),90,0.110837438423645
2026-09-25T12:00:00Z,Draven/Jinx (NX/PZ),11,0.0135467980295567
2026-09-25T13:00:00Z,Other,624,0.663829787234043
2026-09-25T13:00:00Z,Ashe/LeBlanc (FR/NX),14,0.0148936170212766
2026-09-25T13:00:00Z,Ezreal/Seraphine (BC/PZ),20,0.0212765957446809
2026-09-25T13:00:00Z,Caitlyn/Teemo (FR/PZ),9,0.00957446808510638
2026-09-25T13:00:00Z,Nilah/Twisted Fate (BW/PZ),14,0.0148936170212766
2026-09-25T13:00:00Z,Annie/Gwen (NX/SI),17,0.0180851063829787
2026-09-25T13:00:00Z,Elder Dragon/Volibear (RU/FR),40,0.0425531914893617
2026-09-25T13:00:00Z,Azir/Irelia (IO/SH),35,0.0372340425531915
2026-09-25T13:00:00Z,Pyke/Rek'Sai (BW/SH),17,0.0180851063829787
2026-09-25T13:00:00Z,Annie/Jhin (RU/NX),24,0.025531914893617
2026-09-25T13:00:00Z,Caitlyn/Teemo (BC/PZ),37,0.0393617021276596
2026-09-25T13:00:00Z,Braum/Zoe (FR/MT),79,0.0840425531914894
2026-09-25T13:00:00Z,Draven/Jinx (NX/PZ),10,0.0106382978723404
2026-09-25T14:00:00Z,Other,654,0.698717948717949
2026-09-25T14:00:00Z,Ashe/LeBlanc (FR/NX),7,0.00747863247863248
2026-09-25T14:00:00Z,Ezreal/Seraphine (BC/PZ),19,0.0202991452991453
2026-09-25T14:00:00Z,Caitlyn/Teemo (FR/PZ),8,0.00854700854700855
2026-09-25T14:00:00Z,Nilah/Twisted Fate (BW/PZ),10,0.0106837606837607
2026-09-25T14:00:00Z,Annie/Gwen (NX/SI),15,0.016025641025641
2026-09-25T14:00:00Z,Elder Dragon/Volibear (RU/FR),35,0.0373931623931624
2026-09-25T14:00:00Z,Azir/Irelia (IO/SH),27,0.0288461538461538
2026-09-25T14:00:00Z,Pyke/Rek'Sai (BW/SH),27,0.0288461538461538
2026-09-25T14:00:00Z,Annie/Jhin (RU/NX),17,0.0181623931623932
2026-09-25T14:00:00Z,Caitlyn/Teemo (BC/PZ),21,0.0224358974358974
2026-09-25T14:00:00Z,Braum/Zoe (FR/MT),82,0.0876068376068376
2026-09-25T14:00:00Z,Draven/Jinx (NX/PZ),14,0.014957264957265
2026-09-25T15:00:00Z,Other,659,0.721006564551422
2026-09-25T15:00:00Z,Ashe/LeBlanc (FR/NX),18,0.0196936542669584
2026-09-25T15:00:00Z,Ezreal/Seraphine (BC/PZ),8,0.0087527352297593
2026-09-25T15:00:00Z,Caitlyn/Teemo (FR/PZ),9,0.00984682713347921
2026-09-25T15:00:00Z,Nilah/Twisted Fate (BW/PZ),11,0.012035010940919
2026-09-25T15:00:00Z,Annie/Gwen (NX/SI),12,0.013129102844639
2026-09-25T15:00:00Z,Elder Dragon/Volibear (RU/FR),24,0.0262582056892779
2026-09-25T15:00:00Z,Azir/Irelia (IO/SH),30,0.0328227571115974
2026-09-25T15:00:00Z,Pyke/Rek'Sai (BW/SH),14,0.0153172866520788
2026-09-25T15:00:00Z,Annie/Jhin (RU/NX),18,0.0196936542669584
2026-09-25T15:00:00Z,Caitlyn/Teemo (BC/PZ),17,0.0185995623632385
2026-09-25T15:00:00Z,Braum/Zoe (FR/MT),88,0.0962800875273523
2026-09-25T15:00:00Z,Draven/Jinx (NX/PZ),6,0.00656455142231947
2026-09-25T16:00:00Z,Other,707,0.719959266802444
2026-09-25T16:00:00Z,Ashe/LeBlanc (FR/NX),13,0.0132382892057026
2026-09-25T16:00:00Z,Ezreal/Seraphine (BC/PZ),14,0.0142566191446029
2026-09-25T16:00:00Z,Caitlyn/Teemo (FR/PZ),8,0.00814663951120163
2026-09-25T16:00:00Z,Nilah/Twisted Fate (BW/PZ),16,0.0162932790224033
2026-09-25T16:00:00Z,Annie/Gwen (NX/SI),8,0.00814663951120163
2026-09-25T16:00:00Z,Elder Dragon/Volibear (RU/FR),16,0.0162932790224033
2026-09-25T16:00:00Z,Azir/Irelia (IO/SH),29,0.0295315682281059
2026-09-25T16:00:00Z,Pyke/Rek'Sai (BW/SH),27,0.0274949083503055
2026-09-25T16:00:00Z,Annie/Jhin (RU/NX),18,0.0183299389002037
2026-09-25T16:00:00Z,Caitlyn/Teemo (BC/PZ),28,0.0285132382892057
2026-09-25T16:00:00Z,Braum/Zoe (FR/MT),91,0.0926680244399185
2026-09-25T16:00:00Z,Draven/Jinx (NX/PZ),7,0.00712830957230143
2026-09-25T17:00:00Z,Other,679,0.668307086614173
2026-09-25T17:00:00Z,Ashe/LeBlanc (FR/NX),6,0.00590551181102362
2026-09-25T17:00:00Z,Ezreal/Seraphine (BC/PZ),16,0.015748031496063
2026-09-25T17:00:00Z,Caitlyn/Teemo (FR/PZ),12,0.0118110236220472
2026-09-25T17:00:00Z,Nilah/Twisted Fate (BW/PZ),10,0.00984251968503937
2026-09-25T17:00:00Z,Annie/Gwen (NX/SI),15,0.0147637795275591
2026-09-25T17:00:00Z,Elder Dragon/Volibear (RU/FR),40,0.0393700787401575
2026-09-25T17:00:00Z,Azir/Irelia (IO/SH),49,0.0482283464566929
2026-09-25T17:00:00Z,Pyke/Rek'Sai (BW/SH),23,0.0226377952755906
2026-09-25T17:00:00Z,Annie/Jhin (RU/NX),29,0.0285433070866142
2026-09-25T17:00:00Z,Caitlyn/Teemo (BC/PZ),38,0.0374015748031496
2026-09-25T17:00:00Z,Braum/Zoe (FR/MT),84,0.0826771653543307
2026-09-25T17:00:00Z,Draven/Jinx (NX/PZ),15,0.0147637795275591
2026-09-25T18:00:00Z,Other,549,0.66626213592233
2026-09-25T18:00:00Z,Ashe/LeBlanc (FR/NX),5,0.00606796116504854
2026-09-25T18:00:00Z,Ezreal/Seraphine (BC/PZ),9,0.0109223300970874
2026-09-25T18:00:00Z,Caitlyn/Teemo (FR/PZ),18,0.0218446601941748
2026-09-25T18:00:00Z,Nilah/Twisted Fate (BW/PZ),8,0.00970873786407767
2026-09-25T18:00:00Z,Annie/Gwen (NX/SI),21,0.0254854368932039
2026-09-25T18:00:00Z,Elder Dragon/Volibear (RU/FR),28,0.0339805825242718
2026-09-25T18:00:00Z,Azir/Irelia (IO/SH),34,0.0412621359223301
2026-09-25T18:00:00Z,Pyke/Rek'Sai (BW/SH),6,0.00728155339805825
2026-09-25T18:00:00Z,Annie/Jhin (RU/NX),31,0.037621359223301
2026-09-25T18:00:00Z,Caitlyn/Teemo (BC/PZ),45,0.0546116504854369
2026-09-25T18:00:00Z,Braum/Zoe (FR/MT),62,0.0752427184466019
2026-09-25T18:00:00Z,Draven/Jinx (NX/PZ),8,0.00970873786407767
2026-09-25T19:00:00Z,Other,599,0.714797136038186
2026-09-25T19:00:00Z,Ashe/LeBlanc (FR/NX),6,0.00715990453460621
2026-09-25T19:00:00Z,Ezreal/Seraphine (BC/PZ),11,0.013126491646778
2026-09-25T19:00:00Z,Caitlyn/Teemo (FR/PZ),12,0.0143198090692124
2026-09-25T19:00:00Z,Nilah/Twisted Fate (BW/PZ),12,0.0143198090692124
2026-09-25T19:00:00Z,Annie/Gwen (NX/SI),12,0.0143198090692124
2026-09-25T19:00:00Z,Elder Dragon/Volibear (RU/FR),17,0.0202863961813843
2026-09-25T19:00:00Z,Azir/Irelia (IO/SH),29,0.0346062052505967
2026-09-25T19:00:00Z,Pyke/Rek'Sai (BW/SH),24,0.0286396181384248
2026-09-25T19:00:00Z,Annie/Jhin (RU/NX),17,0.0202863961813843
2026-09-25T19:00:00Z,Caitlyn/Teemo (BC/PZ),33,0.0393794749403341
2026-09-25T19:00:00Z,Braum/Zoe (FR/MT),63,0.0751789976133652
2026-09-25T19:00:00Z,Draven/Jinx (NX/PZ),3,0.0035799522673031
2026-09-25T20:00:00Z,Other,506,0.652061855670103
2026-09-25T20:00:00Z,Ashe/LeBlanc (FR/NX),3,0.0038659793814433
2026-09-25T20:00:00Z,Ezreal/Seraphine (BC/PZ),13,0.0167525773195876
2026-09-25T20:00:00Z,Caitlyn/Teemo (FR/PZ),15,0.0193298969072165
2026-09-25T20:00:00Z,Nilah/Twisted Fate (BW/PZ),18,0.0231958762886598
2026-09-25T20:00:00Z,Annie/Gwen (NX/SI),16,0.0206185567010309
2026-09-25T20:00:00Z,Elder Dragon/Volibear (RU/FR),20,0.0257731958762887
2026-09-25T20:00:00Z,Azir/Irelia (IO/SH),29,0.0373711340206186
2026-09-25T20:00:00Z,Pyke/Rek'Sai (BW/SH),36,0.0463917525773196
2026-09-25T20:00:00Z,Annie/Jhin (RU/NX),24,0.0309278350515464
2026-09-25T20:00:00Z,Caitlyn/Teemo (BC/PZ),35,0.0451030927835052
2026-09-25T20:00:00Z,Braum/Zoe (FR/MT),51,0.0657216494845361
2026-09-25T20:00:00Z,Draven/Jinx (NX/PZ),10,0.0128865979381443
2026-09-25T21:00:00Z,Other,438,0.622159090909091
2026-09-25T21:00:00Z,Ashe/LeBlanc (FR/NX),1,0.00142045454545455
2026-09-25T21:00:00Z,Ezreal/Seraphine (BC/PZ),5,0.00710227272727273
2026-09-25T21:00:00Z,Caitlyn/Teemo (FR/PZ),17,0.0241477272727273
2026-09-25T21:00:00Z,Nilah/Twisted Fate (BW/PZ),17,0.0241477272727273
2026-09-25T21:00:00Z,Annie/Gwen (NX/SI),12,0.0170454545454545
2026-09-25T21:00:00Z,Elder Dragon/Volibear (RU/FR),25,0.0355113636363636
2026-09-25T21:00:00Z,Azir/Irelia (IO/SH),15,0.0213068181818182
2026-09-25T21:00:00Z,Pyke/Rek'Sai (BW/SH),22,0.03125
2026-09-25T21:00:00Z,Annie/Jhin (RU/NX),14,0.0198863636363636
2026-09-25T21:00:00Z,Caitlyn/Teemo (BC/PZ),48,0.0681818181818182
2026-09-25T21:00:00Z,Braum/Zoe (FR/MT),77,0.109375
2026-09-25T21:00:00Z,Draven/Jinx (NX/PZ),13,0.0184659090909091
2026-09-25T22:00:00Z,Other,432,0.660550458715596
2026-09-25T22:00:00Z,Ashe/LeBlanc (FR/NX),3,0.00458715596330275
2026-09-25T22:00:00Z,Ezreal/Seraphine (BC/PZ),10,0.0152905198776758
2026-09-25T22:00:00Z,Caitlyn/Teemo (FR/PZ),15,0.0229357798165138
2026-09-25T22:00:00Z,Nilah/Twisted Fate (BW/PZ),21,0.0321100917431193
2026-09-25T22:00:00Z,Annie/Gwen (NX/SI),13,0.0198776758409786
2026-09-25T22:00:00Z,Elder Dragon/Volibear (RU/FR),17,0.0259938837920489
2026-09-25T22:00:00Z,Azir/Irelia (IO/SH),14,0.0214067278287462
2026-09-25T22:00:00Z,Pyke/Rek'Sai (BW/SH),14,0.0214067278287462
2026-09-25T22:00:00Z,Annie/Jhin (RU/NX),24,0.036697247706422
2026-09-25T22:00:00Z,Caitlyn/Teemo (BC/PZ),29,0.0443425076452599
2026-09-25T22:00:00Z,Braum/Zoe (FR/MT),56,0.0856269113149847
2026-09-25T22:00:00Z,Draven/Jinx (NX/PZ),6,0.0091743119266055
2026-09-25T23:00:00Z,Other,414,0.642857142857143
2026-09-25T23:00:00Z,Ashe/LeBlanc (FR/NX),5,0.0077639751552795
2026-09-25T23:00:00Z,Ezreal/Seraphine (BC/PZ),2,0.0031055900621118
2026-09-25T23:00:00Z,Caitlyn/Teemo (FR/PZ),3,0.0046583850931677
2026-09-25T23:00:00Z,Nilah/Twisted Fate (BW/PZ),17,0.0263975155279503
2026-09-25T23:00:00Z,Annie/Gwen (NX/SI),21,0.0326086956521739
2026-09-25T23:00:00Z,Elder Dragon/Volibear (RU/FR),22,0.0341614906832298
2026-09-25T23:00:00Z,Azir/Irelia (IO/SH),21,0.0326086956521739
2026-09-25T23:00:00Z,Pyke/Rek'Sai (BW/SH),16,0.0248447204968944
2026-09-25T23:00:00Z,Annie/Jhin (RU/NX),21,0.0326086956521739
2026-09-25T23:00:00Z,Caitlyn/Teemo (BC/PZ),32,0.0496894409937888
2026-09-25T23:00:00Z,Braum/Zoe (FR/MT),55,0.0854037267080745
2026-09-25T23:00:00Z,Draven/Jinx (NX/PZ),15,0.0232919254658385
2026-09-26T00:00:00Z,Other,418,0.667731629392971
2026-09-26T00:00:00Z,Ashe/LeBlanc (FR/NX),6,0.00958466453674121
2026-09-26T00:00:00Z,Ezreal/Seraphine (BC/PZ),7,0.0111821086261981
2026-09-26T00:00:00Z,Caitlyn/Teemo (FR/PZ),4,0.00638977635782748
2026-09-26T00:00:00Z,Nilah/Twisted Fate (BW/PZ),8,0.012779552715655
2026-09-26T00:00:00Z,Annie/Gwen (NX/SI),12,0.0191693290734824
2026-09-26T00:00:00Z,Elder Dragon/Volibear (RU/FR),19,0.0303514376996805
2026-09-26T00:00:00Z,Azir/Irelia (IO/SH),22,0.0351437699680511
2026-09-26T00:00:00Z,Pyke/Rek'Sai (BW/SH),25,0.0399361022364217
2026-09-26T00:00:00Z,Annie/Jhin (RU/NX),16,0.0255591054313099
2026-09-26T00:00:00Z,Caitlyn/Teemo (BC/PZ),21,0.0335463258785943
2026-09-26T00:00:00Z,Braum/Zoe (FR/MT),59,0.0942492012779553
2026-09-26T00:00:00Z,Draven/Jinx (NX/PZ),9,0.0143769968051118
2026-09-26T01:00:00Z,Other,408,0.708333333333333
2026-09-26T01:00:00Z,Ashe/LeBlanc (FR/NX),10,0.0173611111111111
2026-09-26T01:00:00Z,Ezreal/Seraphine (BC/PZ),6,0.0104166666666667
2026-09-26T01:00:00Z,Caitlyn/Teemo (FR/PZ),7,0.0121527777777778
2026-09-26T01:00:00Z,Nilah/Twisted Fate (BW/PZ),1,0.00173611111111111
2026-09-26T01:00:00Z,Annie/Gwen (NX/SI),5,0.00868055555555556
2026-09-26T01:00:00Z,Elder Dragon/Volibear (RU/FR),8,0.0138888888888889
2026-09-26T01:00:00Z,Azir/Irelia (IO/SH),8,0.0138888888888889
2026-09-26T01:00:00Z,Pyke/Rek'Sai (BW/SH),25,0.0434027777777778
2026-09-26T01:00:00Z,Annie/Jhin (RU/NX),20,0.0347222222222222
2026-09-26T01:00:00Z,Caitlyn/Teemo (BC/PZ),16,0.0277777777777778
2026-09-26T01:00:00Z,Braum/Zoe (FR/MT),60,0.104166666666667
2026-09-26T01:00:00Z,Draven/Jinx (NX/PZ),2,0.00347222222222222
2026-09-26T02:00:00Z,Other,421,0.733449477351916
2026-09-26T02:00:00Z,Ashe/LeBlanc (FR/NX),6,0.0104529616724739
2026-09-26T02:00:00Z,Ezreal/Seraphine (BC/PZ),5,0.00871080139372822
2026-09-26T02:00:00Z,Caitlyn/Teemo (FR/PZ),4,0.00696864111498258
2026-09-26T02:00:00Z,Nilah/Twisted Fate (BW/PZ),0,0
2026-09-26T02:00:00Z,Annie/Gwen (NX/SI),7,0.0121951219512195
2026-09-26T02:00:00Z,Elder Dragon/Volibear (RU/FR),15,0.0261324041811847
2026-09-26T02:00:00Z,Azir/Irelia (IO/SH),12,0.0209059233449477
2026-09-26T02:00:00Z,Pyke/Rek'Sai (BW/SH),28,0.0487804878048781
2026-09-26T02:00:00Z,Annie/Jhin (RU/NX),5,0.00871080139372822
2026-09-26T02:00:00Z,Caitlyn/Teemo (BC/PZ),21,0.0365853658536585
2026-09-26T02:00:00Z,Braum/Zoe (FR/MT),39,0.0679442508710801
2026-09-26T02:00:00Z,Draven/Jinx (NX/PZ),11,0.0191637630662021
2026-09-26T03:00:00Z,Other,342,0.652671755725191
2026-09-26T03:00:00Z,Ashe/LeBlanc (FR/NX),6,0.0114503816793893
2026-09-26T03:00:00Z,Ezreal/Seraphine (BC/PZ),1,0.00190839694656489
2026-09-26T03:00:00Z,Caitlyn/Teemo (FR/PZ),4,0.00763358778625954
2026-09-26T03:00:00Z,Nilah/Twisted Fate (BW/PZ),13,0.0248091603053435
2026-09-26T03:00:00Z,Annie/Gwen (NX/SI),12,0.0229007633587786
2026-09-26T03:00:00Z,Elder Dragon/Volibear (RU/FR),10,0.0190839694656489
2026-09-26T03:00:00Z,Azir/Irelia (IO/SH),19,0.0362595419847328
2026-09-26T03:00:00Z,Pyke/Rek'Sai (BW/SH),36,0.0687022900763359
2026-09-26T03:00:00Z,Annie/Jhin (RU/NX),15,0.0286259541984733
2026-09-26T03:00:00Z,Caitlyn/Teemo (BC/PZ),25,0.0477099236641221
2026-09-26T03:00:00Z,Braum/Zoe (FR/MT),30,0.0572519083969466
2026-09-26T03:00:00Z,Draven/Jinx (NX/PZ),11,0.0209923664122137
2026-09-26T04:00:00Z,Other,336,0.702928870292887
2026-09-26T04:00:00Z,Ashe/LeBlanc (FR/NX),6,0.0125523012552301
2026-09-26T04:00:00Z,Ezreal/Seraphine (BC/PZ),0,0
2026-09-26T04:00:00Z,Caitlyn/Teemo (FR/PZ),12,0.0251046025104603
2026-09-26T04:00:00Z,Nilah/Twisted Fate (BW/PZ),10,0.0209205020920502
2026-09-26T04:00:00Z,Annie/Gwen (NX/SI),6,0.0125523012552301
2026-09-26T04:00:00Z,Elder Dragon/Volibear (RU/FR),2,0.00418410041841004
2026-09-26T04:00:00Z,Azir/Irelia (IO/SH),15,0.0313807531380753
2026-09-26T04:00:00Z,Pyke/Rek'Sai (BW/SH),21,0.0439330543933054
2026-09-26T04:00:00Z,Annie/Jhin (RU/NX),21,0.0439330543933054
2026-09-26T04:00:00Z,Caitlyn/Teemo (BC/PZ),7,0.0146443514644351
2026-09-26T04:00:00Z,Braum/Zoe (FR/MT),33,0.0690376569037657
2026-09-26T04:00:00Z,Draven/Jinx (NX/PZ),9,0.0188284518828452
2026-09-26T05:00:00Z,Other,338,0.722222222222222
2026-09-26T05:00:00Z,Ashe/LeBlanc (FR/NX),6,0.0128205128205128
2026-09-26T05:00:00Z,Ezreal/Seraphine (BC/PZ),1,0.00213675213675214
2026-09-26T05:00:00Z,Caitlyn/Teemo (FR/PZ),12,0.0256410256410256
2026-09-26T05:00:00Z,Nilah/Twisted Fate (BW/PZ),10,0.0213675213675214
2026-09-26T05:00:00Z,Annie/Gwen (NX/SI),2,0.00427350427350427
2026-09-26T05:00:00Z,Elder Dragon/Volibear (RU/FR),14,0.0299145299145299
2026-09-26T05:00:00Z,Azir/Irelia (IO/SH),20,0.0427350427350427
2026-09-26T05:00:00Z,Pyke/Rek'Sai (BW/SH),19,0.0405982905982906
2026-09-26T05:00:00Z,Annie/Jhin (RU/NX),13,0.0277777777777778
2026-09-26T05:00:00Z,Caitlyn/Teemo (BC/PZ),10,0.0213675213675214
2026-09-26T05:00:00Z,Braum/Zoe (FR/MT),18,0.0384615384615385
2026-09-26T05:00:00Z,Draven/Jinx (NX/PZ),5,0.0106837606837607
2026-09-26T06:00:00Z,Other,367,0.771008403361345
2026-09-26T06:00:00Z,Ashe/LeBlanc (FR/NX),3,0.00630252100840336
2026-09-26T06:00:00Z,Ezreal/Seraphine (BC/PZ),6,0.0126050420168067
2026-09-26T06:00:00Z,Caitlyn/Teemo (FR/PZ),1,0.00210084033613445
2026-09-26T06:00:00Z,Nilah/Twisted Fate (BW/PZ),7,0.0147058823529412
2026-09-26T06:00:00Z,Annie/Gwen (NX/SI),4,0.00840336134453782
2026-09-26T06:00:00Z,Elder Dragon/Volibear (RU/FR),8,0.0168067226890756
2026-09-26T06:00:00Z,Azir/Irelia (IO/SH),15,0.0315126050420168
2026-09-26T06:00:00Z,Pyke/Rek'Sai (BW/SH),12,0.0252100840336134
2026-09-26T06:00:00Z,Annie/Jhin (RU/NX),8,0.0168067226890756
2026-09-26T06:00:00Z,Caitlyn/Teemo (BC/PZ),14,0.0294117647058824
2026-09-26T06:00:00Z,Braum/Zoe (FR/MT),28,0.0588235294117647
2026-09-26T06:00:00Z,Draven/Jinx (NX/PZ),3,0.00630252100840336
2026-09-26T07:00:00Z,Other,367,0.734
2026-09-26T07:00:00Z,Ashe/LeBlanc (FR/NX),6,0.012
2026-09-26T07:00:00Z,Ezreal/Seraphine (BC/PZ),0,0
2026-09-26T07:00:00Z,Caitlyn/Teemo (FR/PZ),6,0.012
2026-09-26T07:00:00Z,Nilah/Twisted Fate (BW/PZ),4,0.008
2026-09-26T07:00:00Z,Annie/Gwen (NX/SI),12,0.024
2026-09-26T07:00:00Z,Elder Dragon/Volibear (RU/FR),7,0.014
2026-09-26T07:00:00Z,Azir/Irelia (IO/SH),4,0.008
2026-09-26T07:00:00Z,Pyke/Rek'Sai (BW/SH),12,0.024
2026-09-26T07:00:00Z,Annie/Jhin (RU/NX),18,0.036
2026-09-26T07:00:00Z,Caitlyn/Teemo (BC/PZ),22,0.044
2026-09-26T07:00:00Z,Braum/Zoe (FR/MT),40,0.08
2026-09-26T07:00:00Z,Draven/Jinx (NX/PZ),2,0.004
2026-09-26T08:00:00Z,Other,357,0.716867469879518
2026-09-26T08:00:00Z,Ashe/LeBlanc (FR/NX),7,0.0140562248995984
2026-09-26T08:00:00Z,Ezreal/Seraphine (BC/PZ),1,0.00200803212851406
2026-09-26T08:00:00Z,Caitlyn/Teemo (FR/PZ),2,0.00401606425702811
2026-09-26T08:00:00Z,Nilah/Twisted Fate (BW/PZ),12,0.0240963855421687
2026-09-26T08:00:00Z,Annie/Gwen (NX/SI),8,0.0160642570281124
2026-09-26T08:00:00Z,Elder Dragon/Volibear (RU/FR),8,0.0160642570281124
2026-09-26T08:00:00Z,Azir/Irelia (IO/SH),8,0.0160642570281124
2026-09-26T08:00:00Z,Pyke/Rek'Sai (BW/SH),9,0.0180722891566265
2026-09-26T08:00:00Z,Annie/Jhin (RU/NX),21,0.0421686746987952
2026-09-26T08:00:00Z,Caitlyn/Teemo (BC/PZ),24,0.0481927710843374
2026-09-26T08:00:00Z,Braum/Zoe (FR/MT),36,0.072289156626506
2026-09-26T08:00:00Z,Draven/Jinx (NX/PZ),5,0.0100401606425703
2026-09-26T09:00:00Z,Other,418,0.708474576271187
2026-09-26T09:00:00Z,Ashe/LeBlanc (FR/NX),2,0.00338983050847458
2026-09-26T09:00:00Z,Ezreal/Seraphine (BC/PZ),4,0.00677966101694915
2026-09-26T09:00:00Z,Caitlyn/Teemo (FR/PZ),5,0.00847457627118644
2026-09-26T09:00:00Z,Nilah/Twisted Fate (BW/PZ),13,0.0220338983050847
2026-09-26T09:00:00Z,Annie/Gwen (NX/SI),16,0.0271186440677966
2026-09-26T09:00:00Z,Elder Dragon/Volibear (RU/FR),11,0.0186440677966102
2026-09-26T09:00:00Z,Azir/Irelia (IO/SH),22,0.0372881355932203
2026-09-26T09:00:00Z,Pyke/Rek'Sai (BW/SH),14,0.023728813559322
2026-09-26T09:00:00Z,Annie/Jhin (RU/NX),20,0.0338983050847458
2026-09-26T09:00:00Z,Caitlyn/Teemo (BC/PZ),22,0.0372881355932203
2026-09-26T09:00:00Z,Braum/Zoe (FR/MT),36,0.0610169491525424
2026-09-26T09:00:00Z,Draven/Jinx (NX/PZ),7,0.011864406779661
2026-09-26T10:00:00Z,Other,435,0.697115384615385
2026-09-26T10:00:00Z,Ashe/LeBlanc (FR/NX),3,0.00480769230769231
2026-09-26T10:00:00Z,Ezreal/Seraphine (BC/PZ),12,0.0192307692307692
2026-09-26T10:00:00Z,Caitlyn/Teemo (FR/PZ),6,0.00961538461538462
2026-09-26T10:00:00Z,Nilah/Twisted Fate (BW/PZ),10,0.016025641025641
2026-09-26T10:00:00Z,Annie/Gwen (NX/SI),19,0.0304487179487179
2026-09-26T10:00:00Z,Elder Dragon/Volibear (RU/FR),17,0.0272435897435897
2026-09-26T10:00:00Z,Azir/Irelia (IO/SH),10,0.016025641025641
2026-09-26T10:00:00Z,Pyke/Rek'Sai (BW/SH),14,0.0224358974358974
2026-09-26T10:00:00Z,Annie/Jhin (RU/NX),20,0.0320512820512821
2026-09-26T10:00:00Z,Caitlyn/Teemo (BC/PZ),17,0.0272435897435897
2026-09-26T10:00:00Z,Braum/Zoe (FR/MT),46,0.0737179487179487
2026-09-26T10:00:00Z,Draven/Jinx (NX/PZ),15,0.0240384615384615
2026-09-26T11:00:00Z,Other,423,0.658878504672897
2026-09-26T11:00:00Z,Ashe/LeBlanc (FR/NX),5,0.00778816199376947
2026-09-26T11:00:00Z,Ezreal/Seraphine (BC/PZ),17,0.0264797507788162
2026-09-26T11:00:00Z,Caitlyn/Teemo (FR/PZ),6,0.00934579439252336
2026-09-26T11:00:00Z,Nilah/Twisted Fate (BW/PZ),6,0.00934579439252336
2026-09-26T11:00:00Z,Annie/Gwen (NX/SI),23,0.0358255451713396
2026-09-26T11:00:00Z,Elder Dragon/Volibear (RU/FR),16,0.0249221183800623
2026-09-26T11:00:00Z,Azir/Irelia (IO/SH),20,0.0311526479750779
2026-09-26T11:00:00Z,Pyke/Rek'Sai (BW/SH),14,0.0218068535825545
2026-09-26T11:00:00Z,Annie/Jhin (RU/NX),29,0.0451713395638629
2026-09-26T11:00:00Z,Caitlyn/Teemo (BC/PZ),19,0.029595015576324
2026-09-26T11:00:00Z,Braum/Zoe (FR/MT),42,0.0654205607476636
2026-09-26T11:00:00Z,Draven/Jinx (NX/PZ),22,0.0342679127725857
2026-09-26T12:00:00Z,Other,548,0.679900744416873
2026-09-26T12:00:00Z,Ashe/LeBlanc (FR/NX),4,0.00496277915632754
2026-09-26T12:00:00Z,Ezreal/Seraphine (BC/PZ),18,0.0223325062034739
2026-09-26T12:00:00Z,Caitlyn/Teemo (FR/PZ),13,0.0161290322580645
2026-09-26T12:00:00Z,Nilah/Twisted Fate (BW/PZ),22,0.0272952853598015
2026-09-26T12:00:00Z,Annie/Gwen (NX/SI),30,0.0372208436724566
2026-09-26T12:00:00Z,Elder Dragon/Volibear (RU/FR),16,0.0198511166253102
2026-09-26T12:00:00Z,Azir/Irelia (IO/SH),11,0.0136476426799007
2026-09-26T12:00:00Z,Pyke/Rek'Sai (BW/SH),18,0.0223325062034739
2026-09-26T12:00:00Z,Annie/Jhin (RU/NX),20,0.0248138957816377
2026-09-26T12:00:00Z,Caitlyn/Teemo (BC/PZ),33,0.0409429280397022
2026-09-26T12:00:00Z,Braum/Zoe (FR/MT),58,0.0719602977667494
2026-09-26T12:00:00Z,Draven/Jinx (NX/PZ),15,0.0186104218362283
2026-09-26T13:00:00Z,Other,496,0.63265306122449
2026-09-26T13:00:00Z,Ashe/LeBlanc (FR/NX),11,0.014030612244898
2026-09-26T13:00:00Z,Ezreal/Seraphine (BC/PZ),11,0.014030612244898
2026-09-26T13:00:00Z,Caitlyn/Teemo (FR/PZ),8,0.0102040816326531
2026-09-26T13:00:00Z,Nilah/Twisted Fate (BW/PZ),10,0.0127551020408163
2026-09-26T13:00:00Z,Annie/Gwen (NX/SI),37,0.0471938775510204
2026-09-26T13:00:00Z,Elder Dragon/Volibear (RU/FR),50,0.0637755102040816
2026-09-26T13:00:00Z,Azir/Irelia (IO/SH),22,0.0280612244897959
2026-09-26T13:00:00Z,Pyke/Rek'Sai (BW/SH),20,0.0255102040816327
2026-09-26T13:00:00Z,Annie/Jhin (RU/NX),21,0.0267857142857143
2026-09-26T13:00:00Z,Caitlyn/Teemo (BC/PZ),33,0.0420918367346939
2026-09-26T13:00:00Z,Braum/Zoe (FR/MT),56,0.0714285714285714
2026-09-26T13:00:00Z,Draven/Jinx (NX/PZ),9,0.0114795918367347
2026-09-26T14:00:00Z,Other,525,0.616197183098592
2026-09-26T14:00:00Z,Ashe/LeBlanc (FR/NX),13,0.0152582159624413
2026-09-26T14:00:00Z,Ezreal/Seraphine (BC/PZ),20,0.0234741784037559
2026-09-26T14:00:00Z,Caitlyn/Teemo (FR/PZ),20,0.0234741784037559
2026-09-26T14:00:00Z,Nilah/Twisted Fate (BW/PZ),26,0.0305164319248826
2026-09-26T14:00:00Z,Annie/Gwen (NX/SI),31,0.0363849765258216
2026-09-26T14:00:00Z,Elder Dragon/Volibear (RU/FR),38,0.0446009389671362
2026-09-26T14:00:00Z,Azir/Irelia (IO/SH),21,0.0246478873239437
2026-09-26T14:00:00Z,Pyke/Rek'Sai (BW/SH),21,0.0246478873239437
2026-09-26T14:00:00Z,Annie/Jhin (RU/NX),31,0.0363849765258216
2026-09-26T14:00:00Z,Caitlyn/Teemo (BC/PZ),29,0.034037558685446
2026-09-26T14:00:00Z,Braum/Zoe (FR/MT),64,0.0751173708920188
2026-09-26T14:00:00Z,Draven/Jinx (NX/PZ),13,0.0152582159624413
2026-09-26T15:00:00Z,Other,537,0.661330049261084
2026-09-26T15:00:00Z,Ashe/LeBlanc (FR/NX),5,0.0061576354679803
2026-09-26T15:00:00Z,Ezreal/Seraphine (BC/PZ),11,0.0135467980295567
2026-09-26T15:00:00Z,Caitlyn/Teemo (FR/PZ),18,0.0221674876847291
2026-09-26T15:00:00Z,Nilah/Twisted Fate (BW/PZ),13,0.0160098522167488
2026-09-26T15:00:00Z,Annie/Gwen (NX/SI),25,0.0307881773399015
2026-09-26T15:00:00Z,Elder Dragon/Volibear (RU/FR),24,0.0295566502463054
2026-09-26T15:00:00Z,Azir/Irelia (IO/SH),21,0.0258620689655172
2026-09-26T15:00:00Z,Pyke/Rek'Sai (BW/SH),17,0.020935960591133
2026-09-26T15:00:00Z,Annie/Jhin (RU/NX),25,0.0307881773399015
2026-09-26T15:00:00Z,Caitlyn/Teemo (BC/PZ),46,0.0566502463054187
2026-09-26T15:00:00Z,Braum/Zoe (FR/MT),56,0.0689655172413793
2026-09-26T15:00:00Z,Draven/Jinx (NX/PZ),14,0.0172413793103448
2026-09-26T16:00:00Z,Other,616,0.673960612691466
2026-09-26T16:00:00Z,Ashe/LeBlanc (FR/NX),18,0.0196936542669584
2026-09-26T16:00:00Z,Ezreal/Seraphine (BC/PZ),6,0.00656455142231947
2026-09-26T16:00:00Z,Caitlyn/Teemo (FR/PZ),7,0.00765864332603939
2026-09-26T16:00:00Z,Nilah/Twisted Fate (BW/PZ),18,0.0196936542669584
2026-09-26T16:00:00Z,Annie/Gwen (NX/SI),24,0.0262582056892779
2026-09-26T16:00:00Z,Elder Dragon/Volibear (RU/FR),37,0.0404814004376368
2026-09-26T16:00:00Z,Azir/Irelia (IO/SH),20,0.0218818380743982
2026-09-26T16:00:00Z,Pyke/Rek'Sai (BW/SH),19,0.0207877461706783
2026-09-26T16:00:00Z,Annie/Jhin (RU/NX),21,0.0229759299781182
2026-09-26T16:00:00Z,Caitlyn/Teemo (BC/PZ),51,0.0557986870897155
2026-09-26T16:00:00Z,Braum/Zoe (FR/MT),62,0.0678336980306346
2026-09-26T16:00:00Z,Draven/Jinx (NX/PZ),15,0.0164113785557987
2026-09-26T17:00:00Z,Other,571,0.659353348729792
2026-09-26T17:00:00Z,Ashe/LeBlanc (FR/NX),0,0
2026-09-26T17:00:00Z,Ezreal/Seraphine (BC/PZ),13,0.0150115473441109
2026-09-26T17:00:00Z,Caitlyn/Teemo (FR/PZ),5,0.00577367205542725
2026-09-26T17:00:00Z,Nilah/Twisted Fate (BW/PZ),33,0.0381062355658199
2026-09-26T17:00:00Z,Annie/Gwen (NX/SI),20,0.023094688221709
2026-09-26T17:00:00Z,Elder Dragon/Volibear (RU/FR),26,0.0300230946882217
2026-09-26T17:00:00Z,Azir/Irelia (IO/SH),31,0.035796766743649
2026-09-26T17:00:00Z,Pyke/Rek'Sai (BW/SH),31,0.035796766743649
2026-09-26T17:00:00Z,Annie/Jhin (RU/NX),22,0.0254041570438799
2026-09-26T17:00:00Z,Caitlyn/Teemo (BC/PZ),20,0.023094688221709
2026-09-26T17:00:00Z,Braum/Zoe (FR/MT),70,0.0808314087759815
2026-09-26T17:00:00Z,Draven/Jinx (NX/PZ),24,0.0277136258660508
2026-09-26T18:00:00Z,Other,642,0.702407002188184
2026-09-26T18:00:00Z,Ashe/LeBlanc (FR/NX),2,0.00218818380743982
2026-09-26T18:00:00Z,Ezreal/Seraphine (BC/PZ),19,0.0207877461706783
2026-09-26T18:00:00Z,Caitlyn/Teemo (FR/PZ),4,0.00437636761487965
2026-09-26T18:00:00Z,Nilah/Twisted Fate (BW/PZ),23,0.025164113785558
2026-09-26T18:00:00Z,Annie/Gwen (NX/SI),25,0.0273522975929978
2026-09-26T18:00:00Z,Elder Dragon/Volibear (RU/FR),20,0.0218818380743982
2026-09-26T18:00:00Z,Azir/Irelia (IO/SH),29,0.0317286652078775
2026-09-26T18:00:00Z,Pyke/Rek'Sai (BW/SH),29,0.0317286652078775
2026-09-26T18:00:00Z,Annie/Jhin (RU/NX),13,0.0142231947483589
2026-09-26T18:00:00Z,Caitlyn/Teemo (BC/PZ),20,0.0218818380743982
2026-09-26T18:00:00Z,Braum/Zoe (FR/MT),67,0.0733041575492341
2026-09-26T18:00:00Z,Draven/Jinx (NX/PZ),21,0.0229759299781182
2026-09-26T19:00:00Z,Other,576,0.662068965517241
2026-09-26T19:00:00Z,Ashe/LeBlanc (FR/NX),5,0.00574712643678161
2026-09-26T19:00:00Z,Ezreal/Seraphine (BC/PZ),8,0.00919540229885057
2026-09-26T19:00:00Z,Caitlyn/Teemo (FR/PZ),8,0.00919540229885057
2026-09-26T19:00:00Z,Nilah/Twisted Fate (BW/PZ),15,0.0172413793103448
2026-09-26T19:00:00Z,Annie/Gwen (NX/SI),33,0.0379310344827586
2026-09-26T19:00:00Z,Elder Dragon/Volibear (RU/FR),31,0.035632183908046
2026-09-26T19:00:00Z,Azir/Irelia (IO/SH),39,0.0448275862068966
2026-09-26T19:00:00Z,Pyke/Rek'Sai (BW/SH),18,0.0206896551724138
2026-09-26T19:00:00Z,Annie/Jhin (RU/NX),25,0.028735632183908
2026-09-26T19:00:00Z,Caitlyn/Teemo (BC/PZ),21,0.0241379310344828
2026-09-26T19:00:00Z,Braum/Zoe (FR/MT),68,0.0781609195402299
2026-09-26T19:00:00Z,Draven/Jinx (NX/PZ),23,0.0264367816091954
2026-09-26T20:00:00Z,Other,527,0.686197916666667
2026-09-26T20:00:00Z,Ashe/LeBlanc (FR/NX),3,0.00390625
2026-09-26T20:00:00Z,Ezreal/Seraphine (BC/PZ),18,0.0234375
2026-09-26T20:00:00Z,Caitlyn/Teemo (FR/PZ),7,0.00911458333333333
2026-09-26T20:00:00Z,Nilah/Twisted Fate (BW/PZ),10,0.0130208333333333
2026-09-26T20:00:00Z,Annie/Gwen (NX/SI),30,0.0390625
2026-09-26T20:00:00Z,Elder Dragon/Volibear (RU/FR),30,0.0390625
2026-09-26T20:00:00Z,Azir/Irelia (IO/SH),27,0.03515625
2026-09-26T20:00:00Z,Pyke/Rek'Sai (BW/SH),19,0.0247395833333333
2026-09-26T20:00:00Z,Annie/Jhin (RU/NX),15,0.01953125
2026-09-26T20:00:00Z,Caitlyn/Teemo (BC/PZ),14,0.0182291666666667
2026-09-26T20:00:00Z,Braum/Zoe (FR/MT),56,0.0729166666666667
2026-09-26T20:00:00Z,Draven/Jinx (NX/PZ),12,0.015625
2026-09-26T21:00:00Z,Other,519,0.692
2026-09-26T21:00:00Z,Ashe/LeBlanc (FR/NX),0,0
2026-09-26T21:00:00Z,Ezreal/Seraphine (BC/PZ),11,0.0146666666666667
2026-09-26T21:00:00Z,Caitlyn/Teemo (FR/PZ),9,0.012
2026-09-26T21:00:00Z,Nilah/Twisted Fate (BW/PZ),16,0.0213333333333333
2026-09-26T21:00:00Z,Annie/Gwen (NX/SI),13,0.0173333333333333
2026-09-26T21:00:00Z,Elder Dragon/Volibear (RU/FR),13,0.0173333333333333
2026-09-26T21:00:00Z,Azir/Irelia (IO/SH),13,0.0173333333333333
2026-09-26T21:00:00Z,Pyke/Rek'Sai (BW/SH),20,0.0266666666666667
2026-09-26T21:00:00Z,Annie/Jhin (RU/NX),25,0.0333333333333333
2026-09-26T21:00:00Z,Caitlyn/Teemo (BC/PZ),24,0.032
2026-09-26T21:00:00Z,Braum/Zoe (FR/MT),73,0.0973333333333333
2026-09-26T21:00:00Z,Draven/Jinx (NX/PZ),14,0.0186666666666667
2026-09-26T22:00:00Z,Other,585,0.718673218673219
2026-09-26T22:00:00Z,Ashe/LeBlanc (FR/NX),6,0.00737100737100737
2026-09-26T22:00:00Z,Ezreal/Seraphine (BC/PZ),11,0.0135135135135135
2026-09-26T22:00:00Z,Caitlyn/Teemo (FR/PZ),1,0.00122850122850123
2026-09-26T22:00:00Z,Nilah/Twisted Fate (BW/PZ),13,0.015970515970516
2026-09-26T22:00:00Z,Annie/Gwen (NX/SI),12,0.0147420147420147
2026-09-26T22:00:00Z,Elder Dragon/Volibear (RU/FR),11,0.0135135135135135
2026-09-26T22:00:00Z,Azir/Irelia (IO/SH),23,0.0282555282555283
2026-09-26T22:00:00Z,Pyke/Rek'Sai (BW/SH),13,0.015970515970516
2026-09-26T22:00:00Z,Annie/Jhin (RU/NX),20,0.0245700245700246
2026-09-26T22:00:00Z,Caitlyn/Teemo (BC/PZ),41,0.0503685503685504
2026-09-26T22:00:00Z,Braum/Zoe (FR/MT),65,0.0798525798525798
2026-09-26T22:00:00Z,Draven/Jinx (NX/PZ),13,0.015970515970516
2026-09-26T23:00:00Z,Other,440,0.761245674740485
2026-09-26T23:00:00Z,Ashe/LeBlanc (FR/NX),1,0.00173010380622837
2026-09-26T23:00:00Z,Ezreal/Seraphine (BC/PZ),4,0.0069204152249135
2026-09-26T23:00:00Z,Caitlyn/Teemo (FR/PZ),4,0.0069204152249135
2026-09-26T23:00:00Z,Nilah/Twisted Fate (BW/PZ),15,0.0259515570934256
2026-09-26T23:00:00Z,Annie/Gwen (NX/SI),7,0.0121107266435986
2026-09-26T23:00:00Z,Elder Dragon/Volibear (RU/FR),7,0.0121107266435986
2026-09-26T23:00:00Z,Azir/Irelia (IO/SH),10,0.0173010380622837
2026-09-26T23:00:00Z,Pyke/Rek'Sai (BW/SH),11,0.0190311418685121
2026-09-26T23:00:00Z,Annie/Jhin (RU/NX),4,0.0069204152249135
2026-09-26T23:00:00Z,Caitlyn/Teemo (BC/PZ),26,0.0449826989619377
2026-09-26T23:00:00Z,Braum/Zoe (FR/MT),36,0.0622837370242215
2026-09-26T23:00:00Z,Draven/Jinx (NX/PZ),13,0.0224913494809689
2026-09-27T00:00:00Z,Other,427,0.697712418300654
2026-09-27T00:00:00Z,Ashe/LeBlanc (FR/NX),1,0.00163398692810458
2026-09-27T00:00:00Z,Ezreal/Seraphine (BC/PZ),8,0.0130718954248366
2026-09-27T00:00:00Z,Caitlyn/Teemo (FR/PZ),7,0.011437908496732
2026-09-27T00:00:00Z,Nilah/Twisted Fate (BW/PZ),17,0.0277777777777778
2026-09-27T00:00:00Z,Annie/Gwen (NX/SI),10,0.0163398692810458
2026-09-27T00:00:00Z,Elder Dragon/Volibear (RU/FR),9,0.0147058823529412
2026-09-27T00:00:00Z,Azir/Irelia (IO/SH),11,0.0179738562091503
2026-09-27T00:00:00Z,Pyke/Rek'Sai (BW/SH),23,0.0375816993464052
2026-09-27T00:00:00Z,Annie/Jhin (RU/NX),26,0.042483660130719
2026-09-27T00:00:00Z,Caitlyn/Teemo (BC/PZ),25,0.0408496732026144
2026-09-27T00:00:00Z,Braum/Zoe (FR/MT),34,0.0555555555555556
2026-09-27T00:00:00Z,Draven/Jinx (NX/PZ),14,0.0228758169934641
2026-09-27T01:00:00Z,Other,435,0.717821782178218
2026-09-27T01:00:00Z,Ashe/LeBlanc (FR/NX),3,0.00495049504950495
2026-09-27T01:00:00Z,Ezreal/Seraphine (BC/PZ),6,0.0099009900990099
2026-09-27T01:00:00Z,Caitlyn/Teemo (FR/PZ),4,0.0066006600660066
2026-09-27T01:00:00Z,Nilah/Twisted Fate (BW/PZ),18,0.0297029702970297
2026-09-27T01:00:00Z,Annie/Gwen (NX/SI),9,0.0148514851485149
2026-09-27T01:00:00Z,Elder Dragon/Volibear (RU/FR),7,0.0115511551155116
2026-09-27T01:00:00Z,Azir/Irelia (IO/SH),13,0.0214521452145215
2026-09-27T01:00:00Z,Pyke/Rek'Sai (BW/SH),14,0.0231023102310231
2026-09-27T01:00:00Z,Annie/Jhin (RU/NX),20,0.033003300330033
2026-09-27T01:00:00Z,Caitlyn/Teemo (BC/PZ),21,0.0346534653465347
2026-09-27T01:00:00Z,Braum/Zoe (FR/MT),37,0.0610561056105611
2026-09-27T01:00:00Z,Draven/Jinx (NX/PZ),19,0.0313531353135314
2026-09-27T02:00:00Z,Other,436,0.70096463022508
2026-09-27T02:00:00Z,Ashe/LeBlanc (FR/NX),4,0.00643086816720257
2026-09-27T02:00:00Z,Ezreal/Seraphine (BC/PZ),2,0.00321543408360129
2026-09-27T02:00:00Z,Caitlyn/Teemo (FR/PZ),5,0.00803858520900321
2026-09-27T02:00:00Z,Nilah/Twisted Fate (BW/PZ),20,0.0321543408360129
2026-09-27T02:00:00Z,Annie/Gwen (NX/SI),15,0.0241157556270096
2026-09-27T02:00:00Z,Elder Dragon/Volibear (RU/FR),7,0.0112540192926045
2026-09-27T02:00:00Z,Azir/Irelia (IO/SH),17,0.0273311897106109
2026-09-27T02:00:00Z,Pyke/Rek'Sai (BW/SH),25,0.0401929260450161
2026-09-27T02:00:00Z,Annie/Jhin (RU/NX),20,0.0321543408360129
2026-09-27T02:00:00Z,Caitlyn/Teemo (BC/PZ),20,0.0321543408360129
2026-09-27T02:00:00Z,Braum/Zoe (FR/MT),29,0.0466237942122187
2026-09-27T02:00:00Z,Draven/Jinx (NX/PZ),22,0.0353697749196142
2026-09-27T03:00:00Z,Other,383,0.739382239382239
2026-09-27T03:00:00Z,Ashe/LeBlanc (FR/NX),5,0.00965250965250965
2026-09-27T03:00:00Z,Ezreal/Seraphine (BC/PZ),0,0
2026-09-27T03:00:00Z,Caitlyn/Teemo (FR/PZ),3,0.00579150579150579
2026-09-27T03:00:00Z,Nilah/Twisted Fate (BW/PZ),7,0.0135135135135135
2026-09-27T03:00:00Z,Annie/Gwen (NX/SI),4,0.00772200772200772
2026-09-27T03:00:00Z,Elder Dragon/Volibear (RU/FR),8,0.0154440154440154
2026-09-27T03:00:00Z,Azir/Irelia (IO/SH),7,0.0135135135135135
2026-09-27T03:00:00Z,Pyke/Rek'Sai (BW/SH),27,0.0521235521235521
2026-09-27T03:00:00Z,Annie/Jhin (RU/NX),15,0.028957528957529
2026-09-27T03:00:00Z,Caitlyn/Teemo (BC/PZ),16,0.0308880308880309
2026-09-27T03:00:00Z,Braum/Zoe (FR/MT),35,0.0675675675675676
2026-09-27T03:00:00Z,Draven/Jinx (NX/PZ),8,0.0154440154440154
2026-09-27T04:00:00Z,Other,227,0.772108843537415
2026-09-27T04:00:00Z,Ashe/LeBlanc (FR/NX),9,0.0306122448979592
2026-09-27T04:00:00Z,Ezreal/Seraphine (BC/PZ),4,0.0136054421768707
2026-09-27T04:00:00Z,Caitlyn/Teemo (FR/PZ),0,0
2026-09-27T04:00:00Z,Nilah/Twisted Fate (BW/PZ),1,0.00340136054421769
2026-09-27T04:00:00Z,Annie/Gwen (NX/SI),0,0
2026-09-27T04:00:00Z,Elder Dragon/Volibear (RU/FR),9,0.0306122448979592
2026-09-27T04:00:00Z,Azir/Irelia (IO/SH),5,0.0170068027210884
2026-09-27T04:00:00Z,Pyke/Rek'Sai (BW/SH),6,0.0204081632653061
2026-09-27T04:00:00Z,Annie/Jhin (RU/NX),3,0.0102040816326531
2026-09-27T04:00:00Z,Caitlyn/Teemo (BC/PZ),10,0.0340136054421769
2026-09-27T04:00:00Z,Braum/Zoe (FR/MT),17,0.0578231292517007
2026-09-27T04:00:00Z,Draven/Jinx (NX/PZ),3,0.0102040816326531
2026-09-27T05:00:00Z,Other,11,0.916666666666667
2026-09-27T05:00:00Z,Ashe/LeBlanc (FR/NX),0,0
2026-09-27T05:00:00Z,Ezreal/Seraphine (BC/PZ),0,0
2026-09-27T05:00:00Z,Caitlyn/Teemo (FR/PZ),0,0
2026-09-27T05:00:00Z,Nilah/Twisted Fate (BW/PZ),0,0
2026-09-27T05:00:00Z,Annie/Gwen (NX/SI),0,0
2026-09-27T05:00:00Z,Elder Dragon/Volibear (RU/FR),0,0
2026-09-27T05:00:00Z,Azir/Irelia (IO/SH),0,0
2026-09-27T05:00:00Z,Pyke/Rek'Sai (BW/SH),1,0.0833333333333333
2026-09-27T05:00:00Z,Annie/Jhin (RU/NX),0,0
2026-09-27T05:00:00Z,Caitlyn/Teemo (BC/PZ),0,0
2026-09-27T05:00:00Z,Braum/Zoe (FR/MT),0,0
2026-09-27T05:00:00Z,Draven/Jinx (NX/PZ),0,0
