archetype_1,archetype_2,mu_win,mu_n,mu_wr
Gnar/Nidalee (BC/SH),Kalista (SI),2,3,0.666666666666667
Gnar/Neeko (FR/RU),Kayle (BW/MT),2,3,0.666666666666667
Gnar/Neeko (FR/RU),Morgana/Udyr (DE/FR),2,3,0.666666666666667
Braum/Vladimir (FR/NX),Poppy/Riven (BC/NX),2,3,0.666666666666667
Lee Sin/Viktor (IO/PZ),Sett (IO/PZ),2,3,0.666666666666667
Lillia/Sett (IO/MT),Darius/Gnar (FR/NX),2,3,0.666666666666667
Lillia/Sett (IO/MT),Akshan/Varus (SH/RU),2,3,0.666666666666667
Poppy/Taric (DE/MT),Aphelios/Viktor (MT/PZ),2,3,0.666666666666667
Gangplank/Sejuani (BW/FR),Ashe/Senna (FR/SI),2,3,0.666666666666667
Aatrox/Morgana (RU/DE),Akshan/Varus (SH/RU),2,3,0.666666666666667
Ashe (FR/PZ),Aatrox/Morgana (RU/DE),2,3,0.666666666666667
Akshan/Lee Sin (IO/SH),Neeko/Poppy (DE/RU),2,3,0.666666666666667
Leona/Yasuo (IO/MT),Darius/Gnar (FR/NX),2,3,0.666666666666667
Aatrox/Morgana (RU/DE),Kayle (BW/MT),2,3,0.666666666666667
Braum/Lillia (FR/IO),Akshan/Lee Sin (IO/SH),2,3,0.666666666666667
Rumble/Sion (BC/NX),Lillia/Sett (BC/IO),2,3,0.666666666666667
Braum/Tahm Kench (BW/FR),Ashe/LeBlanc (FR/NX),2,3,0.666666666666667
Ashe/LeBlanc (FR/NX),Championless (PZ/SI),2,3,0.666666666666667
Ashe/LeBlanc (FR/NX),Championless (MT/SI),2,3,0.666666666666667
LeBlanc/Sivir (NX/SH),Ashe/LeBlanc (FR/NX),2,3,0.666666666666667
Gnar/Neeko (FR/RU),Darius/Gnar (FR/NX),2,3,0.666666666666667
Championless (SI),Shyvana (DE/MT),2,3,0.666666666666667
Riven/Viktor (NX/PZ),Championless (MT/SI),2,3,0.666666666666667
Braum/Lillia (FR/IO),Sett (IO/PZ),2,3,0.666666666666667
Championless (SI),Braum/Udyr (FR/IO),2,3,0.666666666666667
Lee Sin/Viktor (IO/PZ),Riven/Viktor (NX/PZ),2,3,0.666666666666667
Ashe/LeBlanc (FR/NX),Morgana/Taric (DE/MT),2,3,0.666666666666667
Nasus/Senna (SI/SH),Lillia/Sett (BC/IO),2,3,0.666666666666667
Maokai (BW/SI),Maokai/Nautilus (BW/SI),2,3,0.666666666666667
Senna/Veigar (BC/SI),Braum/Kayle (FR/MT),2,3,0.666666666666667
Poppy/Riven (BC/NX),Braum/Lillia (FR/IO),2,3,0.666666666666667
Kayle/Morgana (DE/MT),Jayce/Lux (DE/PZ),2,3,0.666666666666667
Braum/Lillia (FR/IO),Nasus/Renekton (SH),2,3,0.666666666666667
Ashe/LeBlanc (FR/NX),Rumble/Vayne (DE/NX),2,3,0.666666666666667
Darius/Gnar (FR/NX),Nasus/Renekton (SH),2,3,0.666666666666667
Morgana/Udyr (DE/FR),Lillia/Sett (BC/IO),2,3,0.666666666666667
Aatrox/Kayn (RU/RU),Gwen/Kalista (NX/SI),2,3,0.666666666666667
Gwen/Kalista (NX/SI),Akshan/Lee Sin (IO/SH),2,3,0.666666666666667
Gangplank/Sejuani (BW/FR),Gangplank/Gnar (BC/BW),2,3,0.666666666666667
Gnar/Nidalee (BC/SH),Sett (IO/PZ),2,3,0.666666666666667
Rumble/Sion (BC/NX),Akshan/Lee Sin (IO/SH),2,3,0.666666666666667
Malphite/Yasuo (IO/MT),Senna/Veigar (BC/SI),2,3,0.666666666666667
Akshan/Lee Sin (IO/SH),Tristana (BC/FR),2,3,0.666666666666667
Poppy/Riven (BC/NX),Aatrox/Kayn (RU/RU),2,3,0.666666666666667
Championless (SI),Maokai (BW/SI),2,3,0.666666666666667
Championless (SI),Kai'Sa/Viktor (PZ/SH),2,3,0.666666666666667
Akshan/Lee Sin (IO/SH),Gnar/Neeko (FR/RU),2,3,0.666666666666667
Braum/Vladimir (FR/NX),Championless (PZ/SI),2,3,0.666666666666667
Morgana/Taric (DE/MT),Senna/Veigar (BC/SI),2,3,0.666666666666667
Lee Sin/Viktor (IO/PZ),Rumble/Vayne (DE/NX),2,3,0.666666666666667
Championless (SI),Poppy/Tristana (BC/SI),2,3,0.666666666666667
Akshan/Lee Sin (IO/SH),Poppy/Taric (DE/MT),2,3,0.666666666666667
Akshan/Sivir (NX/SH),Senna (PZ/SI),2,3,0.666666666666667
Jack/Sett (BW/IO),Gnar/Nidalee (BC/SH),2,3,0.666666666666667
LeBlanc/Sivir (NX/SH),Aatrox/Kayn (RU/RU),2,3,0.666666666666667
Nidalee (BC/SH),Neeko/Poppy (DE/RU),2,3,0.666666666666667
Ashe/Caitlyn (FR/PZ),Aatrox/Kayn (RU/RU),2,3,0.666666666666667
Aatrox/Kayn (RU/RU),Neeko/Poppy (DE/RU),2,3,0.666666666666667
Ashe/Caitlyn (FR/PZ),LeBlanc/Sivir (NX/SH),2,3,0.666666666666667
Gnar/Illaoi (BW/FR),Nasus/Thresh (SI/SH),2,3,0.666666666666667
Gnar/Nidalee (BC/SH),Braum/Lillia (FR/IO),2,3,0.666666666666667
Akshan/Varus (SH/RU),Jax/Ornn (FR/RU),2,3,0.666666666666667
Braum/Lillia (FR/IO),Gwen/Vi (PZ/SI),2,3,0.666666666666667
Akshan/Sivir (NX/SH),Akshan/Lee Sin (IO/SH),2,3,0.666666666666667
Akshan/Sivir (NX/SH),Championless (SI),2,3,0.666666666666667
Gwen/Vi (PZ/SI),Akshan/Varus (SH/RU),2,3,0.666666666666667
Akshan/Nasus (SI/SH),Morgana/Udyr (DE/FR),2,3,0.666666666666667
Akshan/Varus (SH/RU),Akshan/Braum (FR/SH),2,3,0.666666666666667
Akshan/Varus (SH/RU),Ashe/Caitlyn (FR/PZ),2,3,0.666666666666667
Lillia/Udyr (FR/IO),Akshan/Renekton (FR/SH),2,3,0.666666666666667
Championless (SI),Gnar (DE/FR),2,3,0.666666666666667
Akshan/Nasus (SI/SH),Nasus/Thresh (SI/SH),2,3,0.666666666666667
Akshan/Nasus (SI/SH),Maokai/Nautilus (BW/SI),2,3,0.666666666666667
Braum/Lillia (FR/IO),Akshan/Nasus (SI/SH),2,3,0.666666666666667
Jack/Sett (BW/IO),Rumble/Sion (BC/NX),2,3,0.666666666666667
Jack/Sett (BW/IO),Akshan/Nasus (SI/SH),2,3,0.666666666666667
Akshan/Varus (SH/RU),Akshan/Renekton (SH),2,3,0.666666666666667
Jack/Sett (BW/IO),Championless (FR/SI),2,3,0.666666666666667
Kayle (BW/MT),Sejuani/Swain (FR/NX),2,3,0.666666666666667
Gnar/Sejuani (BC/FR),Akshan/Lee Sin (IO/SH),2,3,0.666666666666667
Ashe/LeBlanc (FR/NX),Janna/Sett/Viktor (IO/PZ),2,3,0.666666666666667
Jayce/Lux (DE/PZ),Akshan/Nasus (SI/SH),2,3,0.666666666666667
Nidalee (BC/SH),Aphelios/Yasuo (IO/MT),2,3,0.666666666666667
Akshan/Nidalee (BC/SH),Championless (SI),2,3,0.666666666666667
Braum/Vladimir (FR/NX),Neeko/Poppy (DE/RU),2,3,0.666666666666667
Morgana/Udyr (DE/FR),Aphelios/Viktor (MT/PZ),2,3,0.666666666666667
Ashe/LeBlanc (FR/NX),Lillia/Udyr (FR/IO),2,3,0.666666666666667
Janna/Sett (IO/PZ),Akshan/Lee Sin (IO/SH),2,3,0.666666666666667
Aphelios/Viktor (MT/PZ),Riven/Viktor (NX/PZ),2,3,0.666666666666667
Morgana/Udyr (DE/FR),Jax/Ornn (FR/RU),2,3,0.666666666666667
Championless (SI),Akshan/Kayn (RU/SH),2,3,0.666666666666667
Championless (MT/SI),Akshan/Varus (SH/RU),2,3,0.666666666666667
Morgana/Udyr (DE/FR),Gnar/Tristana (BC/NX),2,3,0.666666666666667
Aphelios/Viktor (MT/PZ),Lillia/Udyr (FR/IO),2,3,0.666666666666667
Darius/Gnar (FR/NX),Gnar/Tristana (BC/NX),2,3,0.666666666666667
Aphelios/Viktor (MT/PZ),Galio/Morgana (DE/MT),2,3,0.666666666666667
Morgana/Udyr/Vayne (DE/FR),Darius/Gwen (NX/SI),2,3,0.666666666666667
Ashe/Sejuani (FR/NX),Darius/Gnar (FR/NX),2,3,0.666666666666667
Senna/Veigar (BC/SI),Udyr/Vayne (DE/FR),2,3,0.666666666666667
Aphelios/Yasuo (IO/MT),Darius/Gnar (FR/NX),2,3,0.666666666666667
Nasus/Thresh (SI/SH),Ashe (FR/PZ),2,3,0.666666666666667
Ashe (FR/PZ),Nidalee (BC/SH),2,3,0.666666666666667
Gwen/Vayne (DE/SI),Nasus/Thresh (SI/SH),2,3,0.666666666666667
Sett (IO/PZ),Nasus/Thresh (SI/SH),2,3,0.666666666666667
Nidalee (BC/SH),Nasus/Senna (SI/SH),2,3,0.666666666666667
Varus/Viktor (PZ/RU),Akshan/Varus (SH/RU),2,3,0.666666666666667
Aatrox (RU/BW),Ashe/LeBlanc (FR/NX),2,3,0.666666666666667
Gnar/Neeko (FR/RU),Senna/Veigar (BC/SI),2,3,0.666666666666667
Aphelios/Viktor (MT/PZ),Darius/Gnar (FR/NX),2,3,0.666666666666667
Jayce/Lux (DE/PZ),Akshan/Sivir (NX/SH),2,3,0.666666666666667
Akshan/Varus (SH/RU),Udyr/Vayne (DE/FR),2,3,0.666666666666667
Shen/Sivir (IO/SH),Akshan/Varus (SH/RU),2,3,0.666666666666667
Akshan/Lee Sin (IO/SH),Darius (FR/NX),2,3,0.666666666666667
Darius (FR/NX),Maokai/Nautilus (BW/SI),2,3,0.666666666666667
Braum/Lillia (FR/IO),Leona/Yasuo (IO/MT),2,3,0.666666666666667
Shen/Sivir (IO/SH),Darius/Gnar (FR/NX),2,3,0.666666666666667
Senna/Veigar (PZ/SI),Renekton/Vayne (DE/SH),2,3,0.666666666666667
Championless (SI),Janna/Malphite (MT/PZ),2,3,0.666666666666667
Championless (SI),Illaoi/Vayne (BW/DE),2,3,0.666666666666667
Caitlyn/Swain (NX/PZ),Aatrox/Kayn (RU/RU),2,3,0.666666666666667
Darius/Gnar (FR/NX),Jax/Ornn (FR/RU),2,3,0.666666666666667
Ashe/LeBlanc (FR/NX),Poppy/Taric (DE/MT),2,3,0.666666666666667
Senna/Veigar (BC/SI),Senna/Veigar (PZ/SI),2,3,0.666666666666667
Neeko/Poppy (DE/RU),Ashe (FR/PZ),2,3,0.666666666666667
Jayce (PZ/SI),Darius/Gnar (FR/NX),2,3,0.666666666666667
Leona/Sett (IO/MT),Jayce/Lux (DE/PZ),2,3,0.666666666666667
Kayle (BW/MT),Garen (DE/SH),2,3,0.666666666666667
LeBlanc/Sivir (NX/SH),Jayce/Lux (DE/PZ),2,3,0.666666666666667
Aatrox/Kayn (RU/RU),Gnar/Renekton (FR/SH),2,3,0.666666666666667
Lillia/Sett (BC/IO),LeBlanc/Sivir (NX/SH),2,3,0.666666666666667
Championless (SI),Galio/Morgana (DE/FR),2,3,0.666666666666667
Championless (SI),Maokai (PZ/SI),2,3,0.666666666666667
Poppy (DE/FR),Jayce/Lux (DE/PZ),2,3,0.666666666666667
Jack/Sett (BW/IO),Kalista (SI),2,3,0.666666666666667
Kalista (SI),Janna/Senna (PZ/SI),2,3,0.666666666666667
Championless (SI),Garen/Kayle/Shyvana (DE/MT),2,3,0.666666666666667
Kayle (BW/MT),Senna (PZ/SI),2,3,0.666666666666667
Akshan/Nasus/Renekton (SH),Maokai/Nautilus (BW/SI),2,3,0.666666666666667
Braum/Kayle (FR/MT),Senna/Veigar (PZ/SI),2,3,0.666666666666667
Kalista (SI),Senna/Veigar (PZ/SI),2,3,0.666666666666667
Darius/Gnar (FR/NX),Lee Sin/Riven (IO/NX),2,3,0.666666666666667
Akshan/Nidalee (BC/SH),Gnar/Nidalee/Renekton (FR/SH),2,3,0.666666666666667
Kalista (SI),Gnar/Nidalee (BC/SH),1,3,0.333333333333333
Kayle (BW/MT),Gnar/Neeko (FR/RU),1,3,0.333333333333333
Morgana/Udyr (DE/FR),Gnar/Neeko (FR/RU),1,3,0.333333333333333
Poppy/Riven (BC/NX),Braum/Vladimir (FR/NX),1,3,0.333333333333333
Sett (IO/PZ),Lee Sin/Viktor (IO/PZ),1,3,0.333333333333333
Darius/Gnar (FR/NX),Lillia/Sett (IO/MT),1,3,0.333333333333333
Akshan/Varus (SH/RU),Lillia/Sett (IO/MT),1,3,0.333333333333333
Aphelios/Viktor (MT/PZ),Poppy/Taric (DE/MT),1,3,0.333333333333333
Ashe/Senna (FR/SI),Gangplank/Sejuani (BW/FR),1,3,0.333333333333333
Akshan/Varus (SH/RU),Aatrox/Morgana (RU/DE),1,3,0.333333333333333
Aatrox/Morgana (RU/DE),Ashe (FR/PZ),1,3,0.333333333333333
Neeko/Poppy (DE/RU),Akshan/Lee Sin (IO/SH),1,3,0.333333333333333
Darius/Gnar (FR/NX),Leona/Yasuo (IO/MT),1,3,0.333333333333333
Kayle (BW/MT),Aatrox/Morgana (RU/DE),1,3,0.333333333333333
Akshan/Lee Sin (IO/SH),Braum/Lillia (FR/IO),1,3,0.333333333333333
Lillia/Sett (BC/IO),Rumble/Sion (BC/NX),1,3,0.333333333333333
Ashe/LeBlanc (FR/NX),Braum/Tahm Kench (BW/FR),1,3,0.333333333333333
Championless (PZ/SI),Ashe/LeBlanc (FR/NX),1,3,0.333333333333333
Championless (MT/SI),Ashe/LeBlanc (FR/NX),1,3,0.333333333333333
Ashe/LeBlanc (FR/NX),LeBlanc/Sivir (NX/SH),1,3,0.333333333333333
Darius/Gnar (FR/NX),Gnar/Neeko (FR/RU),1,3,0.333333333333333
Shyvana (DE/MT),Championless (SI),1,3,0.333333333333333
Championless (MT/SI),Riven/Viktor (NX/PZ),1,3,0.333333333333333
Sett (IO/PZ),Braum/Lillia (FR/IO),1,3,0.333333333333333
Braum/Udyr (FR/IO),Championless (SI),1,3,0.333333333333333
Riven/Viktor (NX/PZ),Lee Sin/Viktor (IO/PZ),1,3,0.333333333333333
Morgana/Taric (DE/MT),Ashe/LeBlanc (FR/NX),1,3,0.333333333333333
Lillia/Sett (BC/IO),Nasus/Senna (SI/SH),1,3,0.333333333333333
Maokai/Nautilus (BW/SI),Maokai (BW/SI),1,3,0.333333333333333
Braum/Kayle (FR/MT),Senna/Veigar (BC/SI),1,3,0.333333333333333
Braum/Lillia (FR/IO),Poppy/Riven (BC/NX),1,3,0.333333333333333
Jayce/Lux (DE/PZ),Kayle/Morgana (DE/MT),1,3,0.333333333333333
Nasus/Renekton (SH),Braum/Lillia (FR/IO),1,3,0.333333333333333
Rumble/Vayne (DE/NX),Ashe/LeBlanc (FR/NX),1,3,0.333333333333333
Nasus/Renekton (SH),Darius/Gnar (FR/NX),1,3,0.333333333333333
Lillia/Sett (BC/IO),Morgana/Udyr (DE/FR),1,3,0.333333333333333
Gwen/Kalista (NX/SI),Aatrox/Kayn (RU/RU),1,3,0.333333333333333
Akshan/Lee Sin (IO/SH),Gwen/Kalista (NX/SI),1,3,0.333333333333333
Gangplank/Gnar (BC/BW),Gangplank/Sejuani (BW/FR),1,3,0.333333333333333
Sett (IO/PZ),Gnar/Nidalee (BC/SH),1,3,0.333333333333333
Akshan/Lee Sin (IO/SH),Rumble/Sion (BC/NX),1,3,0.333333333333333
Senna/Veigar (BC/SI),Malphite/Yasuo (IO/MT),1,3,0.333333333333333
Tristana (BC/FR),Akshan/Lee Sin (IO/SH),1,3,0.333333333333333
Aatrox/Kayn (RU/RU),Poppy/Riven (BC/NX),1,3,0.333333333333333
Maokai (BW/SI),Championless (SI),1,3,0.333333333333333
Kai'Sa/Viktor (PZ/SH),Championless (SI),1,3,0.333333333333333
Gnar/Neeko (FR/RU),Akshan/Lee Sin (IO/SH),1,3,0.333333333333333
Championless (PZ/SI),Braum/Vladimir (FR/NX),1,3,0.333333333333333
Senna/Veigar (BC/SI),Morgana/Taric (DE/MT),1,3,0.333333333333333
Rumble/Vayne (DE/NX),Lee Sin/Viktor (IO/PZ),1,3,0.333333333333333
Poppy/Tristana (BC/SI),Championless (SI),1,3,0.333333333333333
Poppy/Taric (DE/MT),Akshan/Lee Sin (IO/SH),1,3,0.333333333333333
Senna (PZ/SI),Akshan/Sivir (NX/SH),1,3,0.333333333333333
Gnar/Nidalee (BC/SH),Jack/Sett (BW/IO),1,3,0.333333333333333
Aatrox/Kayn (RU/RU),LeBlanc/Sivir (NX/SH),1,3,0.333333333333333
Neeko/Poppy (DE/RU),Nidalee (BC/SH),1,3,0.333333333333333
Aatrox/Kayn (RU/RU),Ashe/Caitlyn (FR/PZ),1,3,0.333333333333333
Neeko/Poppy (DE/RU),Aatrox/Kayn (RU/RU),1,3,0.333333333333333
LeBlanc/Sivir (NX/SH),Ashe/Caitlyn (FR/PZ),1,3,0.333333333333333
Nasus/Thresh (SI/SH),Gnar/Illaoi (BW/FR),1,3,0.333333333333333
Braum/Lillia (FR/IO),Gnar/Nidalee (BC/SH),1,3,0.333333333333333
Jax/Ornn (FR/RU),Akshan/Varus (SH/RU),1,3,0.333333333333333
Gwen/Vi (PZ/SI),Braum/Lillia (FR/IO),1,3,0.333333333333333
Akshan/Lee Sin (IO/SH),Akshan/Sivir (NX/SH),1,3,0.333333333333333
Championless (SI),Akshan/Sivir (NX/SH),1,3,0.333333333333333
Akshan/Varus (SH/RU),Gwen/Vi (PZ/SI),1,3,0.333333333333333
Morgana/Udyr (DE/FR),Akshan/Nasus (SI/SH),1,3,0.333333333333333
Akshan/Braum (FR/SH),Akshan/Varus (SH/RU),1,3,0.333333333333333
Ashe/Caitlyn (FR/PZ),Akshan/Varus (SH/RU),1,3,0.333333333333333
Akshan/Renekton (FR/SH),Lillia/Udyr (FR/IO),1,3,0.333333333333333
Gnar (DE/FR),Championless (SI),1,3,0.333333333333333
Nasus/Thresh (SI/SH),Akshan/Nasus (SI/SH),1,3,0.333333333333333
Maokai/Nautilus (BW/SI),Akshan/Nasus (SI/SH),1,3,0.333333333333333
Akshan/Nasus (SI/SH),Braum/Lillia (FR/IO),1,3,0.333333333333333
Rumble/Sion (BC/NX),Jack/Sett (BW/IO),1,3,0.333333333333333
Akshan/Nasus (SI/SH),Jack/Sett (BW/IO),1,3,0.333333333333333
Akshan/Renekton (SH),Akshan/Varus (SH/RU),1,3,0.333333333333333
Championless (FR/SI),Jack/Sett (BW/IO),1,3,0.333333333333333
Sejuani/Swain (FR/NX),Kayle (BW/MT),1,3,0.333333333333333
Akshan/Lee Sin (IO/SH),Gnar/Sejuani (BC/FR),1,3,0.333333333333333
Janna/Sett/Viktor (IO/PZ),Ashe/LeBlanc (FR/NX),1,3,0.333333333333333
Akshan/Nasus (SI/SH),Jayce/Lux (DE/PZ),1,3,0.333333333333333
Aphelios/Yasuo (IO/MT),Nidalee (BC/SH),1,3,0.333333333333333
Championless (SI),Akshan/Nidalee (BC/SH),1,3,0.333333333333333
Neeko/Poppy (DE/RU),Braum/Vladimir (FR/NX),1,3,0.333333333333333
Aphelios/Viktor (MT/PZ),Morgana/Udyr (DE/FR),1,3,0.333333333333333
Lillia/Udyr (FR/IO),Ashe/LeBlanc (FR/NX),1,3,0.333333333333333
Akshan/Lee Sin (IO/SH),Janna/Sett (IO/PZ),1,3,0.333333333333333
Riven/Viktor (NX/PZ),Aphelios/Viktor (MT/PZ),1,3,0.333333333333333
Jax/Ornn (FR/RU),Morgana/Udyr (DE/FR),1,3,0.333333333333333
Akshan/Kayn (RU/SH),Championless (SI),1,3,0.333333333333333
Akshan/Varus (SH/RU),Championless (MT/SI),1,3,0.333333333333333
Gnar/Tristana (BC/NX),Morgana/Udyr (DE/FR),1,3,0.333333333333333
Lillia/Udyr (FR/IO),Aphelios/Viktor (MT/PZ),1,3,0.333333333333333
Gnar/Tristana (BC/NX),Darius/Gnar (FR/NX),1,3,0.333333333333333
Galio/Morgana (DE/MT),Aphelios/Viktor (MT/PZ),1,3,0.333333333333333
Darius/Gwen (NX/SI),Morgana/Udyr/Vayne (DE/FR),1,3,0.333333333333333
Darius/Gnar (FR/NX),Ashe/Sejuani (FR/NX),1,3,0.333333333333333
Udyr/Vayne (DE/FR),Senna/Veigar (BC/SI),1,3,0.333333333333333
Darius/Gnar (FR/NX),Aphelios/Yasuo (IO/MT),1,3,0.333333333333333
Ashe (FR/PZ),Nasus/Thresh (SI/SH),1,3,0.333333333333333
Nidalee (BC/SH),Ashe (FR/PZ),1,3,0.333333333333333
Nasus/Thresh (SI/SH),Gwen/Vayne (DE/SI),1,3,0.333333333333333
Nasus/Thresh (SI/SH),Sett (IO/PZ),1,3,0.333333333333333
Nasus/Senna (SI/SH),Nidalee (BC/SH),1,3,0.333333333333333
Akshan/Varus (SH/RU),Varus/Viktor (PZ/RU),1,3,0.333333333333333
Ashe/LeBlanc (FR/NX),Aatrox (RU/BW),1,3,0.333333333333333
Senna/Veigar (BC/SI),Gnar/Neeko (FR/RU),1,3,0.333333333333333
Darius/Gnar (FR/NX),Aphelios/Viktor (MT/PZ),1,3,0.333333333333333
Akshan/Sivir (NX/SH),Jayce/Lux (DE/PZ),1,3,0.333333333333333
Udyr/Vayne (DE/FR),Akshan/Varus (SH/RU),1,3,0.333333333333333
Akshan/Varus (SH/RU),Shen/Sivir (IO/SH),1,3,0.333333333333333
Darius (FR/NX),Akshan/Lee Sin (IO/SH),1,3,0.333333333333333
Maokai/Nautilus (BW/SI),Darius (FR/NX),1,3,0.333333333333333
Leona/Yasuo (IO/MT),Braum/Lillia (FR/IO),1,3,0.333333333333333
Darius/Gnar (FR/NX),Shen/Sivir (IO/SH),1,3,0.333333333333333
Renekton/Vayne (DE/SH),Senna/Veigar (PZ/SI),1,3,0.333333333333333
Janna/Malphite (MT/PZ),Championless (SI),1,3,0.333333333333333
Illaoi/Vayne (BW/DE),Championless (SI),1,3,0.333333333333333
Aatrox/Kayn (RU/RU),Caitlyn/Swain (NX/PZ),1,3,0.333333333333333
Jax/Ornn (FR/RU),Darius/Gnar (FR/NX),1,3,0.333333333333333
Poppy/Taric (DE/MT),Ashe/LeBlanc (FR/NX),1,3,0.333333333333333
Senna/Veigar (PZ/SI),Senna/Veigar (BC/SI),1,3,0.333333333333333
Ashe (FR/PZ),Neeko/Poppy (DE/RU),1,3,0.333333333333333
Darius/Gnar (FR/NX),Jayce (PZ/SI),1,3,0.333333333333333
Jayce/Lux (DE/PZ),Leona/Sett (IO/MT),1,3,0.333333333333333
Garen (DE/SH),Kayle (BW/MT),1,3,0.333333333333333
Jayce/Lux (DE/PZ),LeBlanc/Sivir (NX/SH),1,3,0.333333333333333
Gnar/Renekton (FR/SH),Aatrox/Kayn (RU/RU),1,3,0.333333333333333
LeBlanc/Sivir (NX/SH),Lillia/Sett (BC/IO),1,3,0.333333333333333
Galio/Morgana (DE/FR),Championless (SI),1,3,0.333333333333333
Maokai (PZ/SI),Championless (SI),1,3,0.333333333333333
Jayce/Lux (DE/PZ),Poppy (DE/FR),1,3,0.333333333333333
Kalista (SI),Jack/Sett (BW/IO),1,3,0.333333333333333
Janna/Senna (PZ/SI),Kalista (SI),1,3,0.333333333333333
Garen/Kayle/Shyvana (DE/MT),Championless (SI),1,3,0.333333333333333
Senna (PZ/SI),Kayle (BW/MT),1,3,0.333333333333333
Maokai/Nautilus (BW/SI),Akshan/Nasus/Renekton (SH),1,3,0.333333333333333
Senna/Veigar (PZ/SI),Braum/Kayle (FR/MT),1,3,0.333333333333333
Senna/Veigar (PZ/SI),Kalista (SI),1,3,0.333333333333333
Lee Sin/Riven (IO/NX),Darius/Gnar (FR/NX),1,3,0.333333333333333
Gnar/Nidalee/Renekton (FR/SH),Akshan/Nidalee (BC/SH),1,3,0.333333333333333
Morgana/Udyr (DE/FR),Poppy/Riven (BC/NX),3,6,0.5
Poppy/Riven (BC/NX),Morgana/Udyr (DE/FR),3,6,0.5
Riven/Viktor (NX/PZ),Gnar/Nidalee (BC/SH),3,6,0.5
Gnar/Nidalee (BC/SH),Riven/Viktor (NX/PZ),3,6,0.5
Poppy/Riven (BC/NX),Maokai/Nautilus (BW/SI),3,6,0.5
Maokai/Nautilus (BW/SI),Poppy/Riven (BC/NX),3,6,0.5
Lillia/Sett (BC/IO),Akshan/Varus (SH/RU),3,6,0.5
Akshan/Varus (SH/RU),Lillia/Sett (BC/IO),3,6,0.5
Maokai/Nautilus (BW/SI),Aatrox/Kayn (RU/RU),3,6,0.5
Aatrox/Kayn (RU/RU),Maokai/Nautilus (BW/SI),3,6,0.5
Morgana/Udyr (DE/FR),Morgana/Udyr (DE/FR),3,6,0.5
Championless (SI),Poppy/Riven (BC/NX),3,6,0.5
Poppy/Riven (BC/NX),Championless (SI),3,6,0.5
Championless (SI),Rumble/Vayne (DE/NX),3,6,0.5
Rumble/Vayne (DE/NX),Championless (SI),3,6,0.5
Gnar/Nidalee (BC/SH),Braum/Vladimir (FR/NX),3,6,0.5
Braum/Vladimir (FR/NX),Gnar/Nidalee (BC/SH),3,6,0.5
Kayle (BW/MT),Gnar/Nidalee (BC/SH),3,6,0.5
Gnar/Nidalee (BC/SH),Kayle (BW/MT),3,6,0.5
Kalista (SI),Nidalee (BC/SH),3,6,0.5
Nidalee (BC/SH),Kalista (SI),3,6,0.5
Akshan/Varus (SH/RU),Poppy/Riven (BC/NX),2,4,0.5
Poppy/Riven (BC/NX),Akshan/Varus (SH/RU),2,4,0.5
Akshan/Lee Sin (IO/SH),Poppy/Riven (BC/NX),2,4,0.5
Poppy/Riven (BC/NX),Akshan/Lee Sin (IO/SH),2,4,0.5
Poppy/Riven (BC/NX),Kayle (BW/MT),2,4,0.5
Kayle (BW/MT),Poppy/Riven (BC/NX),2,4,0.5
Kayle (BW/MT),Poppy/Taric (DE/MT),2,4,0.5
Poppy/Taric (DE/MT),Kayle (BW/MT),2,4,0.5
Darius (FR/NX),Jayce/Lux (DE/PZ),2,4,0.5
Jayce/Lux (DE/PZ),Darius (FR/NX),2,4,0.5
Gangplank/Sejuani (BW/FR),Aphelios/Viktor (MT/PZ),2,4,0.5
Aphelios/Viktor (MT/PZ),Gangplank/Sejuani (BW/FR),2,4,0.5
Braum/Vladimir (FR/NX),Braum/Vladimir (FR/NX),2,4,0.5
Riven/Viktor (NX/PZ),Braum/Vladimir (FR/NX),2,4,0.5
Braum/Vladimir (FR/NX),Riven/Viktor (NX/PZ),2,4,0.5
Lee Sin/Viktor (IO/PZ),Neeko/Poppy (DE/RU),2,4,0.5
Neeko/Poppy (DE/RU),Lee Sin/Viktor (IO/PZ),2,4,0.5
Rumble/Sion (BC/NX),Morgana/Udyr (DE/FR),2,4,0.5
Morgana/Udyr (DE/FR),Rumble/Sion (BC/NX),2,4,0.5
Malphite/Yasuo (IO/MT),Malphite/Yasuo (IO/MT),2,4,0.5
Gnar/Nidalee (BC/SH),Morgana/Udyr (DE/FR),2,4,0.5
Morgana/Udyr (DE/FR),Gnar/Nidalee (BC/SH),2,4,0.5
Malphite/Yasuo (IO/MT),Aatrox/Kayn (RU/RU),2,4,0.5
Aatrox/Kayn (RU/RU),Malphite/Yasuo (IO/MT),2,4,0.5
Jayce/Lux (DE/PZ),Galio/Poppy (DE/FR),2,4,0.5
Galio/Poppy (DE/FR),Jayce/Lux (DE/PZ),2,4,0.5
Kalista/Sion (NX/SI),Championless (SI),2,4,0.5
Championless (SI),Kalista/Sion (NX/SI),2,4,0.5
Jax/Ornn (FR/RU),Senna/Veigar (BC/SI),2,4,0.5
Senna/Veigar (BC/SI),Jax/Ornn (FR/RU),2,4,0.5
Jax/Ornn (FR/RU),Maokai/Nautilus (BW/SI),2,4,0.5
Maokai/Nautilus (BW/SI),Jax/Ornn (FR/RU),2,4,0.5
Braum/Vladimir (FR/NX),Akshan/Morgana (DE/SH),2,4,0.5
Akshan/Morgana (DE/SH),Braum/Vladimir (FR/NX),2,4,0.5
Akshan/Sivir (NX/SH),Akshan/Sivir (NX/SH),2,4,0.5
Championless (SI),Akshan/Riven (NX/SH),2,4,0.5
Akshan/Riven (NX/SH),Championless (SI),2,4,0.5
Nasus/Thresh (SI/SH),Morgana/Udyr (DE/FR),2,4,0.5
Morgana/Udyr (DE/FR),Nasus/Thresh (SI/SH),2,4,0.5
Braum/Lillia (FR/IO),Lee Sin/Viktor (IO/PZ),2,4,0.5
Lee Sin/Viktor (IO/PZ),Braum/Lillia (FR/IO),2,4,0.5
Jack/Sett (BW/IO),Jax/Ornn (FR/RU),2,4,0.5
Jax/Ornn (FR/RU),Jack/Sett (BW/IO),2,4,0.5
Jack/Sett (BW/IO),Riven/Viktor (NX/PZ),2,4,0.5
Riven/Viktor (NX/PZ),Jack/Sett (BW/IO),2,4,0.5
Galio/Udyr (DE/FR),Nidalee (BC/SH),2,4,0.5
Nidalee (BC/SH),Galio/Udyr (DE/FR),2,4,0.5
Jack/Sett (BW/IO),Jack/Sett (BW/IO),2,4,0.5
Leona/Yasuo (IO/MT),Leona/Yasuo (IO/MT),2,4,0.5
Championless (SI),Gwen/Vi (PZ/SI),2,4,0.5
Gwen/Vi (PZ/SI),Championless (SI),2,4,0.5
Akshan/Nasus (SI/SH),Lee Sin/Viktor (IO/PZ),2,4,0.5
Lee Sin/Viktor (IO/PZ),Akshan/Nasus (SI/SH),2,4,0.5
Nasus/Thresh (SI/SH),Maokai/Nautilus (BW/SI),2,4,0.5
Maokai/Nautilus (BW/SI),Nasus/Thresh (SI/SH),2,4,0.5
Akshan/Varus (SH/RU),Neeko/Renekton (RU/SH),2,4,0.5
Neeko/Renekton (RU/SH),Akshan/Varus (SH/RU),2,4,0.5
Janna/Sett (IO/PZ),Janna/Sett (IO/PZ),2,4,0.5
Braum/Lillia (FR/IO),Braum/Lillia (FR/IO),2,4,0.5
Ashe/LeBlanc (FR/NX),Senna (PZ/SI),2,4,0.5
Senna (PZ/SI),Ashe/LeBlanc (FR/NX),2,4,0.5
Varus/Viktor (PZ/RU),Championless (SI),2,4,0.5
Championless (SI),Varus/Viktor (PZ/RU),2,4,0.5
Ashe (FR/PZ),Ashe (FR/PZ),2,4,0.5
Jayce/Lux (DE/PZ),Galio/Udyr (DE/FR),0,2,0
Sett (IO/PZ),Darius (FR/NX),0,2,0
Ryze (IO/RU),Akshan/Varus (SH/RU),0,2,0
Gangplank/Sejuani (BW/FR),Aatrox/Morgana (RU/DE),0,2,0
Ashe/Senna (FR/SI),Championless (SI),0,2,0
Kayle/Morgana (DE/MT),Akshan/Lee Sin (IO/SH),0,2,0
LeBlanc/Sivir (NX/SH),Morgana/Udyr (DE/FR),0,2,0
Garen (DE),Lillia/Sett (BC/IO),0,2,0
Nasus/Renekton (SH),Kalista (SI),0,2,0
Senna/Veigar (BC/SI),Senna (PZ/SI),0,2,0
Morgana/Taric (MT/PZ),Gnar/Nidalee (BC/SH),0,2,0
Lulu/Taric (IO/MT),Senna/Veigar (BC/SI),0,2,0
Lillia/Lulu (FR/IO),Ashe/LeBlanc (FR/NX),0,2,0
Jax/Ornn (FR/RU),Lillia/Sett (BC/IO),0,2,0
Galio/Taric (DE/MT),Lee Sin/Viktor (IO/PZ),0,2,0
Janna/Vi (BW/PZ),Ashe/LeBlanc (FR/NX),0,2,0
Garen/Morgana (DE/SI),Lee Sin/Viktor (IO/PZ),0,2,0
Morgana/Tahm Kench (BW/MT),Braum/Lillia (FR/IO),0,2,0
Lulu/Taric (IO/MT),Lulu/Neeko (BC/RU),0,2,0
Neeko/Poppy (DE/RU),Ashe/LeBlanc (FR/NX),0,2,0
Sejuani (BC/FR),Ashe/LeBlanc (FR/NX),0,2,0
Taric/Varus (MT/RU),Ashe/LeBlanc (FR/NX),0,2,0
Ashe/Janna (FR/PZ),Akshan/Lee Sin (IO/SH),0,2,0
Lee Sin/Viktor (IO/PZ),Swain/Yasuo (IO/NX),0,2,0
Swain/Yasuo (IO/NX),Championless (SI),0,2,0
Riven/Viktor (NX/PZ),Aatrox/Morgana (RU/DE),0,2,0
Malphite/Yasuo (IO/MT),Riven/Viktor (NX/PZ),0,2,0
Darius/Gnar (FR/NX),Sion/Vladimir (FR/NX),0,2,0
Garen (DE),Senna/Veigar (BC/SI),0,2,0
Galio (DE/MT),Senna/Veigar (BC/SI),0,2,0
Sejuani/Swain (FR/NX),Senna/Veigar (BC/SI),0,2,0
Lee Sin/Viktor (IO/PZ),Championless (IO/SI),0,2,0
Ashe/Tahm Kench (BW/FR),Poppy/Tristana (BC/DE),0,2,0
Maokai (BW/SI),Sett (IO/PZ),0,2,0
Braum/Lillia/Udyr (FR/IO),Senna/Veigar (BC/SI),0,2,0
Senna (PZ/SI),Morgana/Udyr (FR/MT),0,2,0
Aatrox/Kayn (RU/RU),Aatrox/Morgana (RU/DE),0,2,0
Garen/Taric (DE/MT),Senna/Veigar (BC/SI),0,2,0
Lillia/Sett (BC/IO),Darius/Gnar (FR/NX),0,2,0
Viktor (BC/PZ),Morgana/Udyr (FR/MT),0,2,0
Nasus/Renekton (SH),Riven/Viktor (NX/PZ),0,2,0
Swain/Yasuo (IO/NX),Senna/Veigar (BC/SI),0,2,0
Gnar/Renekton (FR/SH),Morgana/Udyr (DE/FR),0,2,0
Taric/Varus (MT/RU),Jack/Sett (BW/IO),0,2,0
Ryze (IO/RU),Kayle (BW/MT),0,2,0
Gwen/LeBlanc (NX/SI),Akshan/Lee Sin (IO/SH),0,2,0
Illaoi/Udyr (BW/FR),Akshan/Lee Sin (IO/SH),0,2,0
Sion/Vladimir (FR/NX),Akshan/Lee Sin (IO/SH),0,2,0
Gangplank (BW/FR),Morgana/Udyr (DE/FR),0,2,0
Malphite/Yasuo (IO/MT),Janna/Lee Sin/Viktor (IO/PZ),0,2,0
Janna/Lee Sin/Viktor (IO/PZ),Akshan/Lee Sin (IO/SH),0,2,0
Gwen/LeBlanc (NX/SI),Akshan/Varus (SH/RU),0,2,0
Aatrox (RU/BW),Gwen/LeBlanc (NX/SI),0,2,0
Janna (BW/PZ),Ashe/LeBlanc (FR/NX),0,2,0
Akshan/Lee Sin (IO/SH),Morgana/Taric (DE/MT),0,2,0
Galio/Poppy (DE/FR),Akshan/Lee Sin (IO/SH),0,2,0
Gwen/Kalista (NX/SI),Poppy/Riven (BC/NX),0,2,0
Gwen/Kalista (NX/SI),Championless (SI),0,2,0
Kalista (SI),Championless (PZ/SI),0,2,0
Galio/Poppy (DE/FR),Championless (SI),0,2,0
Morgana/Udyr (DE/FR),Galio/Poppy (DE/FR),0,2,0
Championless (SI),Gwen/Jayce (PZ/SI),0,2,0
Nasus/Thresh (SI/SH),Senna/Veigar (BC/SI),0,2,0
Braum/Kayle (FR/MT),Janna/Lee Sin/Viktor (IO/PZ),0,2,0
Braum/Lillia (FR/IO),Poppy/Taric (DE/MT),0,2,0
Braum/Udyr (FR/IO),Senna/Veigar (BC/SI),0,2,0
Senna/Veigar (BC/SI),Gwen/Kalista (FR/SI),0,2,0
Janna/Senna (PZ/SI),Championless (SI),0,2,0
Gangplank/Gnar (BC/BW),Jayce/Lux (DE/PZ),0,2,0
Championless (SI),Poppy/Tristana (BC/MT),0,2,0
Poppy/Taric (DE/MT),Morgana/Udyr (DE/FR),0,2,0
Akshan/Varus (SH/RU),Morgana/Taric (DE/MT),0,2,0
Championless (SI),Gnar (BC/FR),0,2,0
Jayce/Lux (DE/PZ),Gangplank (BW/FR),0,2,0
Gwen/LeBlanc (NX/SI),Kayle (BW/MT),0,2,0
Akshan/Morgana (DE/SH),LeBlanc/Sivir (NX/SH),0,2,0
Jack/Sett (BW/IO),LeBlanc/Sivir (NX/SH),0,2,0
Neeko/Poppy (DE/RU),Championless (MT/SI),0,2,0
Gnar/Nidalee (BC/SH),Maokai (BW/SI),0,2,0
Galio/Poppy (DE/MT),Neeko/Poppy (DE/RU),0,2,0
Gnar/Nidalee (BC/SH),Akshan/Nasus (SI/SH),0,2,0
Akshan/Varus (SH/RU),Aatrox/Illaoi (RU/BW),0,2,0
Darius/Gnar (FR/NX),Gnar/Sejuani (BC/FR),0,2,0
Gnar/Illaoi (BW/FR),Championless (SI),0,2,0
Poppy/Taric (DE/MT),Jax/Ornn (FR/RU),0,2,0
Akshan/Gwen (SI/SH),Championless (SI),0,2,0
Jax/Ornn (FR/RU),LeBlanc/Udyr (FR/NX),0,2,0
Gangplank/Sejuani (BW/FR),Galio/Udyr (DE/FR),0,2,0
Galio/Morgana (DE/MT),Braum/Lillia (FR/IO),0,2,0
Gangplank/Swain (BW/NX),Riven/Viktor (NX/PZ),0,2,0
Darius/Gnar (FR/NX),Galio/Morgana (DE/MT),0,2,0
Morgana/Udyr (DE/FR),Gwen/Vi (PZ/SI),0,2,0
Gwen/Vi (PZ/SI),Senna/Veigar (BC/SI),0,2,0
Ashe (FR/PZ),Galio/Morgana (DE/MT),0,2,0
Galio/Morgana (DE/MT),Nasus/Senna (SI/SH),0,2,0
Akshan/Jack (BW/SH),Jax/Ornn (FR/RU),0,2,0
Kayle (BW/MT),Akshan/Morgana (DE/SH),0,2,0
Gwen/Vi (PZ/SI),Maokai/Nautilus (BW/SI),0,2,0
Jax/Ornn (FR/RU),Akshan/Udyr (FR/SH),0,2,0
Akshan/Udyr (FR/SH),Akshan/Lee Sin (IO/SH),0,2,0
Janna/Sett (IO/PZ),Gwen/Vi (PZ/SI),0,2,0
Akshan/Aphelios/Morgana (MT/SH),Senna/Veigar (BC/SI),0,2,0
Akshan/Varus (SH/RU),Janna/Sett/Viktor (IO/PZ),0,2,0
Gnar/Sejuani (BC/FR),Championless (SI),0,2,0
Illaoi/Swain (BW/NX),Jayce/Lux (DE/PZ),0,2,0
Neeko/Poppy (BC/RU),Janna/Sett (IO/PZ),0,2,0
Kayle/Ornn (FR/MT),Janna/Sett (IO/PZ),0,2,0
Jack/Sett (BW/IO),Neeko/Poppy (BC/RU),0,2,0
Braum/Vladimir (FR/NX),Jack/Sett (BW/IO),0,2,0
Maokai/Nautilus (BW/SI),Championless (PZ/SI),0,2,0
Jack/Sett (BW/IO),Gwen/Vi (PZ/SI),0,2,0
Morgana/Udyr (DE/FR),Akshan/Morgana (DE/SH),0,2,0
Aphelios/Lee Sin (IO/MT),Jayce/Lux (DE/PZ),0,2,0
Gnar/Sejuani (BC/FR),Galio/Morgana (DE/MT),0,2,0
Jack/Sett (BW/IO),LeBlanc/Udyr (FR/NX),0,2,0
Galio/Morgana (DE/MT),Maokai/Nautilus (BW/SI),0,2,0
Lee Sin/Riven (IO/NX),Morgana/Udyr (DE/FR),0,2,0
LeBlanc/Udyr (FR/NX),Gwen/Vi (PZ/SI),0,2,0
Aphelios/Lee Sin (IO/MT),Ashe (FR/PZ),0,2,0
Maokai (BW/SI),Kayle (BW/MT),0,2,0
Senna/Veigar (BC/SI),LeBlanc/Udyr (FR/NX),0,2,0
Lillia/Udyr (FR/IO),Ashe/Caitlyn (FR/PZ),0,2,0
Janna/Sett (IO/PZ),Nidalee (BC/SH),0,2,0
Maokai/Nautilus (BW/SI),Senna (PZ/SI),0,2,0
Neeko/Poppy (DE/RU),Morgana/Udyr (DE/FR),0,2,0
Lillia/Udyr (FR/IO),Galio/Poppy (DE/FR),0,2,0
Riven/Rumble (BC/NX),Ashe/LeBlanc (FR/NX),0,2,0
Darius/Gnar (FR/NX),Akshan/Nasus (SI/SH),0,2,0
Jack/Poppy (BW/DE),Akshan/Nasus (SI/SH),0,2,0
Lee Sin/Viktor (IO/PZ),Gangplank/Sejuani (BW/FR),0,2,0
Nidalee (BC/SH),Illaoi/Swain (BW/NX),0,2,0
Gangplank/Sejuani (BW/FR),Galio/Morgana (DE/MT),0,2,0
Kayle (BW/MT),Aatrox/Illaoi (RU/BW),0,2,0
Neeko/Poppy (BC/RU),Aatrox/Kayn (RU/RU),0,2,0
Kayle (BW/MT),Akshan/Nasus/Renekton (SH),0,2,0
Shen/Sivir (IO/SH),Jayce/Lux (DE/PZ),0,2,0
Kalista/Thresh (SI),Senna/Veigar (BC/SI),0,2,0
Akshan/Sivir (NX/SH),Senna/Veigar (BC/SI),0,2,0
Akshan/Varus (SH/RU),Gnar/Illaoi (BW/FR),0,2,0
Senna (PZ/SI),LeBlanc/Udyr (FR/NX),0,2,0
Akshan/Sivir (NX/SH),Braum/Lillia (FR/IO),0,2,0
Nidalee (BC/SH),Gwen/Vayne (DE/SI),0,2,0
Akshan/Sivir (DE/SH),Darius/Gnar (FR/NX),0,2,0
Nasus/Thresh (SI/SH),Lulu/Taric (IO/MT),0,2,0
Championless (SI),Aatrox (RU/BW),0,2,0
Gwen/Vayne (DE/SI),Aatrox/Kayn (RU/RU),0,2,0
Akshan/Jack (BW/SH),Aphelios/Viktor (MT/PZ),0,2,0
Caitlyn/Swain (NX/PZ),Gangplank/Sejuani (BW/FR),0,2,0
Senna/Veigar (BC/SI),Akshan/Morgana (DE/SH),0,2,0
Gnar/Sejuani (BC/FR),Braum/Vladimir (FR/NX),0,2,0
Aphelios/Viktor (MT/PZ),Janna/Sett/Viktor (IO/PZ),0,2,0
Gwen/Vayne (DE/SI),Kalista (SI),0,2,0
Lillia/Udyr (FR/IO),Darius (FR/NX),0,2,0
Janna/Sett (IO/PZ),Riven/Viktor (NX/PZ),0,2,0
Braum/Lillia (FR/IO),Darius (FR/NX),0,2,0
Sett (IO/PZ),Riven/Viktor (NX/PZ),0,2,0
Shen/Sivir (IO/SH),Riven/Viktor (NX/PZ),0,2,0
Garen/Taric (DE/MT),Championless (SI),0,2,0
Gwen (NX/SI),Senna/Veigar (BC/SI),0,2,0
Nasus/Thresh (SI/SH),Lillia/Sett (BC/IO),0,2,0
Nasus/Thresh (SI/SH),Janna/Sett (IO/PZ),0,2,0
Caitlyn/Janna/Ryze/Viktor (PZ/RU),Championless (SI),0,2,0
Aphelios/Viktor (MT/PZ),Jack/Sett (BW/IO),0,2,0
Lillia/Sett (BC/IO),Neeko/Poppy (DE/RU),0,2,0
Aphelios/Viktor (MT/PZ),Lillia/Sett (BC/IO),0,2,0
Gangplank/Sejuani (BW/FR),Lillia/Sett (BC/IO),0,2,0
Kalista (IO/SI),Championless (SI),0,2,0
Nidalee (BC/SH),Rumble/Sion (BC/NX),0,2,0
Championless (SI),Gwen/LeBlanc (NX/SI),0,2,0
Ashe/LeBlanc (FR/NX),Senna/Veigar (PZ/SI),0,2,0
Gnar/Nidalee (BC/SH),Rumble/Vayne (DE/NX),0,2,0
Akshan/Udyr (FR/SH),Kalista (IO/SI),0,2,0
Braum/Lillia (FR/IO),Aatrox/Kayn (RU/RU),0,2,0
Caitlyn/Swain (NX/PZ),Akshan/Varus (SH/RU),0,2,0
Rumble/Sion (BC/NX),Neeko/Renekton (RU/SH),0,2,0
Senna/Veigar (PZ/SI),Braum/Lillia (FR/IO),0,2,0
Caitlyn/Swain (NX/PZ),Senna/Veigar (PZ/SI),0,2,0
Lee Sin/Riven (IO/NX),Aphelios/Viktor (MT/PZ),0,2,0
Caitlyn/Swain (NX/PZ),Braum/Lillia (FR/IO),0,2,0
Nasus/Thresh (SI/SH),Braum/Gwen (FR/SI),0,2,0
Gnar/Renekton (FR/SH),Aphelios/Viktor (MT/PZ),0,2,0
Janna/Malphite (MT/PZ),Akshan/Varus (SH/RU),0,2,0
Championless (BC/BW),Braum/Lillia (FR/IO),0,2,0
Senna (PZ/SI),Jayce/Lux (DE/PZ),0,2,0
Akshan/Nidalee/Sivir (DE/SH),Braum/Vladimir (FR/NX),0,2,0
Gangplank/Swain (BW/NX),Illaoi (BW/MT),0,2,0
Gangplank/Swain (BW/NX),Akshan/Varus (SH/RU),0,2,0
Gangplank/Swain (BW/NX),Maokai/Nautilus (BW/SI),0,2,0
Morgana/Viktor (MT/PZ),Darius/Gnar (FR/NX),0,2,0
Championless (SI),Gnar/Renekton (FR/SH),0,2,0
LeBlanc/Rumble (BC/NX),Championless (SI),0,2,0
Illaoi/Vayne (BW/DE),Braum/Lillia (FR/IO),0,2,0
Akshan/Varus (SH/RU),LeBlanc/Leona (MT/NX),0,2,0
Nasus/Renekton (SH),Ashe (FR/PZ),0,2,0
Lee Sin/Riven (IO/NX),Ashe (FR/PZ),0,2,0
Senna/Veigar (PZ/SI),Ashe (FR/PZ),0,2,0
Lillia/Sett (BC/IO),Kai'Sa/Viktor (PZ/SH),0,2,0
Senna/Veigar (BC/SI),Viktor (BC/PZ),0,2,0
Morgana (DE/MT),Senna/Veigar (BC/SI),0,2,0
Viktor (BC/PZ),Championless (PZ/SI),0,2,0
Janna/Sett (IO/PZ),Garen/Kayle/Shyvana (DE/MT),0,2,0
Senna (PZ/SI),Lillia/Sett (BC/IO),0,2,0
Gnar/Swain (BC/NX),Jayce/Lux (DE/PZ),0,2,0
Poppy/Taric (DE/MT),Akshan/Varus (SH/RU),0,2,0
Shyvana (DE/MT),Senna/Veigar (PZ/SI),0,2,0
Neeko/Poppy (DE/RU),Senna/Veigar (PZ/SI),0,2,0
Kai'Sa/Sivir (FR/SH),Viktor (BC/PZ),0,2,0
Championless (SI),Kai'Sa/Sivir (FR/SH),0,2,0
Akshan/Varus (SH/RU),Garen/Neeko (DE/RU),0,2,0
Nasus/Senna (SI/SH),Janna/Sett (IO/PZ),0,2,0
Neeko/Tristana (BC/RU),Senna/Veigar (BC/SI),0,2,0
Championless (IO/SI),Darius/Gnar (FR/NX),0,2,0
Lee Sin/Viktor (IO/PZ),Akshan/Nidalee/Sivir (DE/SH),0,2,0
Senna/Veigar (BC/SI),Rumble/Vayne (DE/NX),0,2,0
Kayle (BW/MT),Jack/Swain (BW/NX),0,2,0
Darius/Gnar (FR/NX),Swain/Yasuo (IO/NX),0,2,0
Garen/Neeko (DE/RU),Kalista (SI),0,2,0
Lulu/Shen (IO/MT),Kayle (BW/MT),0,2,0
Kayle (BW/MT),Maokai (PZ/SI),0,2,0
Darius/Gnar (FR/NX),Darius/LeBlanc (FR/NX),0,2,0
Gnar/Nidalee (BC/SH),Nidalee (BC/SH),0,2,0
Senna/Veigar (PZ/SI),Akshan (PZ/SH),0,2,0
Akshan/Lee Sin (IO/SH),Senna/Veigar (PZ/SI),0,2,0
Morgana/Vayne (DE/NX),Akshan/Varus (SH/RU),0,2,0
Jayce/Lux (DE/PZ),Akshan/Nasus/Renekton (SH),0,2,0
Nasus (SI/SH),Rumble/Sion (BC/NX),0,2,0
Akshan/Nasus/Renekton (SH),Kalista (SI),0,2,0
Neeko/Poppy (DE/RU),Rumble/Sion (BC/NX),0,2,0
Janna/Viktor (BC/PZ),Nidalee (BC/SH),0,2,0
Braum/Lillia (FR/IO),LeBlanc/Sivir (NX/SH),0,2,0
Nasus/Senna (SI/SH),Aatrox/Kayn (RU/RU),0,2,0
Morgana/Udyr (DE/FR),Akshan/Nidalee (BC/SH),0,2,0
Nasus (SI/SH),LeBlanc/Sivir (NX/SH),0,2,0
Braum/Lillia (FR/IO),Akshan/Nidalee (BC/SH),0,2,0
Kayle (BW/MT),Vayne/Vi (DE/PZ),0,2,0
Galio/Udyr (DE/FR),Jayce/Lux (DE/PZ),2,2,1
Darius (FR/NX),Sett (IO/PZ),2,2,1
Akshan/Varus (SH/RU),Ryze (IO/RU),2,2,1
Aatrox/Morgana (RU/DE),Gangplank/Sejuani (BW/FR),2,2,1
Championless (SI),Ashe/Senna (FR/SI),2,2,1
Akshan/Lee Sin (IO/SH),Kayle/Morgana (DE/MT),2,2,1
Morgana/Udyr (DE/FR),LeBlanc/Sivir (NX/SH),2,2,1
Lillia/Sett (BC/IO),Garen (DE),2,2,1
Kalista (SI),Nasus/Renekton (SH),2,2,1
Senna (PZ/SI),Senna/Veigar (BC/SI),2,2,1
Gnar/Nidalee (BC/SH),Morgana/Taric (MT/PZ),2,2,1
Senna/Veigar (BC/SI),Lulu/Taric (IO/MT),2,2,1
Ashe/LeBlanc (FR/NX),Lillia/Lulu (FR/IO),2,2,1
Lillia/Sett (BC/IO),Jax/Ornn (FR/RU),2,2,1
Lee Sin/Viktor (IO/PZ),Galio/Taric (DE/MT),2,2,1
Ashe/LeBlanc (FR/NX),Janna/Vi (BW/PZ),2,2,1
Lee Sin/Viktor (IO/PZ),Garen/Morgana (DE/SI),2,2,1
Braum/Lillia (FR/IO),Morgana/Tahm Kench (BW/MT),2,2,1
Lulu/Neeko (BC/RU),Lulu/Taric (IO/MT),2,2,1
Ashe/LeBlanc (FR/NX),Neeko/Poppy (DE/RU),2,2,1
Ashe/LeBlanc (FR/NX),Sejuani (BC/FR),2,2,1
Ashe/LeBlanc (FR/NX),Taric/Varus (MT/RU),2,2,1
Akshan/Lee Sin (IO/SH),Ashe/Janna (FR/PZ),2,2,1
Swain/Yasuo (IO/NX),Lee Sin/Viktor (IO/PZ),2,2,1
Championless (SI),Swain/Yasuo (IO/NX),2,2,1
Aatrox/Morgana (RU/DE),Riven/Viktor (NX/PZ),2,2,1
Riven/Viktor (NX/PZ),Malphite/Yasuo (IO/MT),2,2,1
Sion/Vladimir (FR/NX),Darius/Gnar (FR/NX),2,2,1
Senna/Veigar (BC/SI),Garen (DE),2,2,1
Senna/Veigar (BC/SI),Galio (DE/MT),2,2,1
Senna/Veigar (BC/SI),Sejuani/Swain (FR/NX),2,2,1
Championless (IO/SI),Lee Sin/Viktor (IO/PZ),2,2,1
Poppy/Tristana (BC/DE),Ashe/Tahm Kench (BW/FR),2,2,1
Sett (IO/PZ),Maokai (BW/SI),2,2,1
Senna/Veigar (BC/SI),Braum/Lillia/Udyr (FR/IO),2,2,1
Morgana/Udyr (FR/MT),Senna (PZ/SI),2,2,1
Aatrox/Morgana (RU/DE),Aatrox/Kayn (RU/RU),2,2,1
Senna/Veigar (BC/SI),Garen/Taric (DE/MT),2,2,1
Darius/Gnar (FR/NX),Lillia/Sett (BC/IO),2,2,1
Morgana/Udyr (FR/MT),Viktor (BC/PZ),2,2,1
Riven/Viktor (NX/PZ),Nasus/Renekton (SH),2,2,1
Senna/Veigar (BC/SI),Swain/Yasuo (IO/NX),2,2,1
Morgana/Udyr (DE/FR),Gnar/Renekton (FR/SH),2,2,1
Jack/Sett (BW/IO),Taric/Varus (MT/RU),2,2,1
Kayle (BW/MT),Ryze (IO/RU),2,2,1
Akshan/Lee Sin (IO/SH),Gwen/LeBlanc (NX/SI),2,2,1
Akshan/Lee Sin (IO/SH),Illaoi/Udyr (BW/FR),2,2,1
Akshan/Lee Sin (IO/SH),Sion/Vladimir (FR/NX),2,2,1
Morgana/Udyr (DE/FR),Gangplank (BW/FR),2,2,1
Janna/Lee Sin/Viktor (IO/PZ),Malphite/Yasuo (IO/MT),2,2,1
Akshan/Lee Sin (IO/SH),Janna/Lee Sin/Viktor (IO/PZ),2,2,1
Akshan/Varus (SH/RU),Gwen/LeBlanc (NX/SI),2,2,1
Gwen/LeBlanc (NX/SI),Aatrox (RU/BW),2,2,1
Ashe/LeBlanc (FR/NX),Janna (BW/PZ),2,2,1
Morgana/Taric (DE/MT),Akshan/Lee Sin (IO/SH),2,2,1
Akshan/Lee Sin (IO/SH),Galio/Poppy (DE/FR),2,2,1
Poppy/Riven (BC/NX),Gwen/Kalista (NX/SI),2,2,1
Championless (SI),Gwen/Kalista (NX/SI),2,2,1
Championless (PZ/SI),Kalista (SI),2,2,1
Championless (SI),Galio/Poppy (DE/FR),2,2,1
Galio/Poppy (DE/FR),Morgana/Udyr (DE/FR),2,2,1
Gwen/Jayce (PZ/SI),Championless (SI),2,2,1
Senna/Veigar (BC/SI),Nasus/Thresh (SI/SH),2,2,1
Janna/Lee Sin/Viktor (IO/PZ),Braum/Kayle (FR/MT),2,2,1
Poppy/Taric (DE/MT),Braum/Lillia (FR/IO),2,2,1
Senna/Veigar (BC/SI),Braum/Udyr (FR/IO),2,2,1
Gwen/Kalista (FR/SI),Senna/Veigar (BC/SI),2,2,1
Championless (SI),Janna/Senna (PZ/SI),2,2,1
Jayce/Lux (DE/PZ),Gangplank/Gnar (BC/BW),2,2,1
Poppy/Tristana (BC/MT),Championless (SI),2,2,1
Morgana/Udyr (DE/FR),Poppy/Taric (DE/MT),2,2,1
Morgana/Taric (DE/MT),Akshan/Varus (SH/RU),2,2,1
Gnar (BC/FR),Championless (SI),2,2,1
Gangplank (BW/FR),Jayce/Lux (DE/PZ),2,2,1
Kayle (BW/MT),Gwen/LeBlanc (NX/SI),2,2,1
LeBlanc/Sivir (NX/SH),Akshan/Morgana (DE/SH),2,2,1
LeBlanc/Sivir (NX/SH),Jack/Sett (BW/IO),2,2,1
Championless (MT/SI),Neeko/Poppy (DE/RU),2,2,1
Maokai (BW/SI),Gnar/Nidalee (BC/SH),2,2,1
Neeko/Poppy (DE/RU),Galio/Poppy (DE/MT),2,2,1
Akshan/Nasus (SI/SH),Gnar/Nidalee (BC/SH),2,2,1
Aatrox/Illaoi (RU/BW),Akshan/Varus (SH/RU),2,2,1
Gnar/Sejuani (BC/FR),Darius/Gnar (FR/NX),2,2,1
Championless (SI),Gnar/Illaoi (BW/FR),2,2,1
Jax/Ornn (FR/RU),Poppy/Taric (DE/MT),2,2,1
Championless (SI),Akshan/Gwen (SI/SH),2,2,1
LeBlanc/Udyr (FR/NX),Jax/Ornn (FR/RU),2,2,1
Galio/Udyr (DE/FR),Gangplank/Sejuani (BW/FR),2,2,1
Braum/Lillia (FR/IO),Galio/Morgana (DE/MT),2,2,1
Riven/Viktor (NX/PZ),Gangplank/Swain (BW/NX),2,2,1
Galio/Morgana (DE/MT),Darius/Gnar (FR/NX),2,2,1
Gwen/Vi (PZ/SI),Morgana/Udyr (DE/FR),2,2,1
Senna/Veigar (BC/SI),Gwen/Vi (PZ/SI),2,2,1
Galio/Morgana (DE/MT),Ashe (FR/PZ),2,2,1
Nasus/Senna (SI/SH),Galio/Morgana (DE/MT),2,2,1
Jax/Ornn (FR/RU),Akshan/Jack (BW/SH),2,2,1
Akshan/Morgana (DE/SH),Kayle (BW/MT),2,2,1
Maokai/Nautilus (BW/SI),Gwen/Vi (PZ/SI),2,2,1
Akshan/Udyr (FR/SH),Jax/Ornn (FR/RU),2,2,1
Akshan/Lee Sin (IO/SH),Akshan/Udyr (FR/SH),2,2,1
Gwen/Vi (PZ/SI),Janna/Sett (IO/PZ),2,2,1
Senna/Veigar (BC/SI),Akshan/Aphelios/Morgana (MT/SH),2,2,1
Janna/Sett/Viktor (IO/PZ),Akshan/Varus (SH/RU),2,2,1
Championless (SI),Gnar/Sejuani (BC/FR),2,2,1
Jayce/Lux (DE/PZ),Illaoi/Swain (BW/NX),2,2,1
Janna/Sett (IO/PZ),Neeko/Poppy (BC/RU),2,2,1
Janna/Sett (IO/PZ),Kayle/Ornn (FR/MT),2,2,1
Neeko/Poppy (BC/RU),Jack/Sett (BW/IO),2,2,1
Jack/Sett (BW/IO),Braum/Vladimir (FR/NX),2,2,1
Championless (PZ/SI),Maokai/Nautilus (BW/SI),2,2,1
Gwen/Vi (PZ/SI),Jack/Sett (BW/IO),2,2,1
Akshan/Morgana (DE/SH),Morgana/Udyr (DE/FR),2,2,1
Jayce/Lux (DE/PZ),Aphelios/Lee Sin (IO/MT),2,2,1
Galio/Morgana (DE/MT),Gnar/Sejuani (BC/FR),2,2,1
LeBlanc/Udyr (FR/NX),Jack/Sett (BW/IO),2,2,1
Maokai/Nautilus (BW/SI),Galio/Morgana (DE/MT),2,2,1
Morgana/Udyr (DE/FR),Lee Sin/Riven (IO/NX),2,2,1
Gwen/Vi (PZ/SI),LeBlanc/Udyr (FR/NX),2,2,1
Ashe (FR/PZ),Aphelios/Lee Sin (IO/MT),2,2,1
Kayle (BW/MT),Maokai (BW/SI),2,2,1
LeBlanc/Udyr (FR/NX),Senna/Veigar (BC/SI),2,2,1
Ashe/Caitlyn (FR/PZ),Lillia/Udyr (FR/IO),2,2,1
Nidalee (BC/SH),Janna/Sett (IO/PZ),2,2,1
Senna (PZ/SI),Maokai/Nautilus (BW/SI),2,2,1
Morgana/Udyr (DE/FR),Neeko/Poppy (DE/RU),2,2,1
Galio/Poppy (DE/FR),Lillia/Udyr (FR/IO),2,2,1
Ashe/LeBlanc (FR/NX),Riven/Rumble (BC/NX),2,2,1
Akshan/Nasus (SI/SH),Darius/Gnar (FR/NX),2,2,1
Akshan/Nasus (SI/SH),Jack/Poppy (BW/DE),2,2,1
Gangplank/Sejuani (BW/FR),Lee Sin/Viktor (IO/PZ),2,2,1
Illaoi/Swain (BW/NX),Nidalee (BC/SH),2,2,1
Galio/Morgana (DE/MT),Gangplank/Sejuani (BW/FR),2,2,1
Aatrox/Illaoi (RU/BW),Kayle (BW/MT),2,2,1
Aatrox/Kayn (RU/RU),Neeko/Poppy (BC/RU),2,2,1
Akshan/Nasus/Renekton (SH),Kayle (BW/MT),2,2,1
Jayce/Lux (DE/PZ),Shen/Sivir (IO/SH),2,2,1
Senna/Veigar (BC/SI),Kalista/Thresh (SI),2,2,1
Senna/Veigar (BC/SI),Akshan/Sivir (NX/SH),2,2,1
Gnar/Illaoi (BW/FR),Akshan/Varus (SH/RU),2,2,1
LeBlanc/Udyr (FR/NX),Senna (PZ/SI),2,2,1
Braum/Lillia (FR/IO),Akshan/Sivir (NX/SH),2,2,1
Gwen/Vayne (DE/SI),Nidalee (BC/SH),2,2,1
Darius/Gnar (FR/NX),Akshan/Sivir (DE/SH),2,2,1
Lulu/Taric (IO/MT),Nasus/Thresh (SI/SH),2,2,1
Aatrox (RU/BW),Championless (SI),2,2,1
Aatrox/Kayn (RU/RU),Gwen/Vayne (DE/SI),2,2,1
Aphelios/Viktor (MT/PZ),Akshan/Jack (BW/SH),2,2,1
Gangplank/Sejuani (BW/FR),Caitlyn/Swain (NX/PZ),2,2,1
Akshan/Morgana (DE/SH),Senna/Veigar (BC/SI),2,2,1
Braum/Vladimir (FR/NX),Gnar/Sejuani (BC/FR),2,2,1
Janna/Sett/Viktor (IO/PZ),Aphelios/Viktor (MT/PZ),2,2,1
Kalista (SI),Gwen/Vayne (DE/SI),2,2,1
Darius (FR/NX),Lillia/Udyr (FR/IO),2,2,1
Riven/Viktor (NX/PZ),Janna/Sett (IO/PZ),2,2,1
Darius (FR/NX),Braum/Lillia (FR/IO),2,2,1
Riven/Viktor (NX/PZ),Sett (IO/PZ),2,2,1
Riven/Viktor (NX/PZ),Shen/Sivir (IO/SH),2,2,1
Championless (SI),Garen/Taric (DE/MT),2,2,1
Senna/Veigar (BC/SI),Gwen (NX/SI),2,2,1
Lillia/Sett (BC/IO),Nasus/Thresh (SI/SH),2,2,1
Janna/Sett (IO/PZ),Nasus/Thresh (SI/SH),2,2,1
Championless (SI),Caitlyn/Janna/Ryze/Viktor (PZ/RU),2,2,1
Jack/Sett (BW/IO),Aphelios/Viktor (MT/PZ),2,2,1
Neeko/Poppy (DE/RU),Lillia/Sett (BC/IO),2,2,1
Lillia/Sett (BC/IO),Aphelios/Viktor (MT/PZ),2,2,1
Lillia/Sett (BC/IO),Gangplank/Sejuani (BW/FR),2,2,1
Championless (SI),Kalista (IO/SI),2,2,1
Rumble/Sion (BC/NX),Nidalee (BC/SH),2,2,1
Gwen/LeBlanc (NX/SI),Championless (SI),2,2,1
Senna/Veigar (PZ/SI),Ashe/LeBlanc (FR/NX),2,2,1
Rumble/Vayne (DE/NX),Gnar/Nidalee (BC/SH),2,2,1
Kalista (IO/SI),Akshan/Udyr (FR/SH),2,2,1
Aatrox/Kayn (RU/RU),Braum/Lillia (FR/IO),2,2,1
Akshan/Varus (SH/RU),Caitlyn/Swain (NX/PZ),2,2,1
Neeko/Renekton (RU/SH),Rumble/Sion (BC/NX),2,2,1
Braum/Lillia (FR/IO),Senna/Veigar (PZ/SI),2,2,1
Senna/Veigar (PZ/SI),Caitlyn/Swain (NX/PZ),2,2,1
Aphelios/Viktor (MT/PZ),Lee Sin/Riven (IO/NX),2,2,1
Braum/Lillia (FR/IO),Caitlyn/Swain (NX/PZ),2,2,1
Braum/Gwen (FR/SI),Nasus/Thresh (SI/SH),2,2,1
Aphelios/Viktor (MT/PZ),Gnar/Renekton (FR/SH),2,2,1
Akshan/Varus (SH/RU),Janna/Malphite (MT/PZ),2,2,1
Braum/Lillia (FR/IO),Championless (BC/BW),2,2,1
Jayce/Lux (DE/PZ),Senna (PZ/SI),2,2,1
Braum/Vladimir (FR/NX),Akshan/Nidalee/Sivir (DE/SH),2,2,1
Illaoi (BW/MT),Gangplank/Swain (BW/NX),2,2,1
Akshan/Varus (SH/RU),Gangplank/Swain (BW/NX),2,2,1
Maokai/Nautilus (BW/SI),Gangplank/Swain (BW/NX),2,2,1
Darius/Gnar (FR/NX),Morgana/Viktor (MT/PZ),2,2,1
Gnar/Renekton (FR/SH),Championless (SI),2,2,1
Championless (SI),LeBlanc/Rumble (BC/NX),2,2,1
Braum/Lillia (FR/IO),Illaoi/Vayne (BW/DE),2,2,1
LeBlanc/Leona (MT/NX),Akshan/Varus (SH/RU),2,2,1
Ashe (FR/PZ),Nasus/Renekton (SH),2,2,1
Ashe (FR/PZ),Lee Sin/Riven (IO/NX),2,2,1
Ashe (FR/PZ),Senna/Veigar (PZ/SI),2,2,1
Kai'Sa/Viktor (PZ/SH),Lillia/Sett (BC/IO),2,2,1
Viktor (BC/PZ),Senna/Veigar (BC/SI),2,2,1
Senna/Veigar (BC/SI),Morgana (DE/MT),2,2,1
Championless (PZ/SI),Viktor (BC/PZ),2,2,1
Garen/Kayle/Shyvana (DE/MT),Janna/Sett (IO/PZ),2,2,1
Lillia/Sett (BC/IO),Senna (PZ/SI),2,2,1
Jayce/Lux (DE/PZ),Gnar/Swain (BC/NX),2,2,1
Akshan/Varus (SH/RU),Poppy/Taric (DE/MT),2,2,1
Senna/Veigar (PZ/SI),Shyvana (DE/MT),2,2,1
Senna/Veigar (PZ/SI),Neeko/Poppy (DE/RU),2,2,1
Viktor (BC/PZ),Kai'Sa/Sivir (FR/SH),2,2,1
Kai'Sa/Sivir (FR/SH),Championless (SI),2,2,1
Garen/Neeko (DE/RU),Akshan/Varus (SH/RU),2,2,1
Janna/Sett (IO/PZ),Nasus/Senna (SI/SH),2,2,1
Senna/Veigar (BC/SI),Neeko/Tristana (BC/RU),2,2,1
Darius/Gnar (FR/NX),Championless (IO/SI),2,2,1
Akshan/Nidalee/Sivir (DE/SH),Lee Sin/Viktor (IO/PZ),2,2,1
Rumble/Vayne (DE/NX),Senna/Veigar (BC/SI),2,2,1
Jack/Swain (BW/NX),Kayle (BW/MT),2,2,1
Swain/Yasuo (IO/NX),Darius/Gnar (FR/NX),2,2,1
Kalista (SI),Garen/Neeko (DE/RU),2,2,1
Kayle (BW/MT),Lulu/Shen (IO/MT),2,2,1
Maokai (PZ/SI),Kayle (BW/MT),2,2,1
Darius/LeBlanc (FR/NX),Darius/Gnar (FR/NX),2,2,1
Nidalee (BC/SH),Gnar/Nidalee (BC/SH),2,2,1
Akshan (PZ/SH),Senna/Veigar (PZ/SI),2,2,1
Senna/Veigar (PZ/SI),Akshan/Lee Sin (IO/SH),2,2,1
Akshan/Varus (SH/RU),Morgana/Vayne (DE/NX),2,2,1
Akshan/Nasus/Renekton (SH),Jayce/Lux (DE/PZ),2,2,1
Rumble/Sion (BC/NX),Nasus (SI/SH),2,2,1
Kalista (SI),Akshan/Nasus/Renekton (SH),2,2,1
Rumble/Sion (BC/NX),Neeko/Poppy (DE/RU),2,2,1
Nidalee (BC/SH),Janna/Viktor (BC/PZ),2,2,1
LeBlanc/Sivir (NX/SH),Braum/Lillia (FR/IO),2,2,1
Aatrox/Kayn (RU/RU),Nasus/Senna (SI/SH),2,2,1
Akshan/Nidalee (BC/SH),Morgana/Udyr (DE/FR),2,2,1
LeBlanc/Sivir (NX/SH),Nasus (SI/SH),2,2,1
Akshan/Nidalee (BC/SH),Braum/Lillia (FR/IO),2,2,1
Vayne/Vi (DE/PZ),Kayle (BW/MT),2,2,1
Ashe/LeBlanc (FR/NX),Kayle (BW/MT),15,28,0.535714285714286
Championless (SI),Jack/Sett (BW/IO),15,28,0.535714285714286
Kayle (BW/MT),Ashe/LeBlanc (FR/NX),13,28,0.464285714285714
Jack/Sett (BW/IO),Championless (SI),13,28,0.464285714285714
Senna/Veigar (BC/SI),Ashe/LeBlanc (FR/NX),24,42,0.571428571428571
Ashe/LeBlanc (FR/NX),Senna/Veigar (BC/SI),18,42,0.428571428571429
Sett (IO/PZ),Senna/Veigar (BC/SI),2,7,0.285714285714286
Sett (IO/PZ),Ashe/LeBlanc (FR/NX),2,7,0.285714285714286
Rumble/Sion (BC/NX),Jayce/Lux (DE/PZ),2,7,0.285714285714286
Lillia/Sett (BC/IO),Ashe/LeBlanc (FR/NX),2,7,0.285714285714286
Jayce/Lux (DE/PZ),Jack/Sett (BW/IO),2,7,0.285714285714286
Nasus/Renekton (SH),Championless (SI),2,7,0.285714285714286
Jack/Sett (BW/IO),Lee Sin/Viktor (IO/PZ),2,7,0.285714285714286
Kayle (BW/MT),Malphite/Yasuo (IO/MT),2,7,0.285714285714286
Kayle (BW/MT),Jax/Ornn (FR/RU),2,7,0.285714285714286
Galio/Morgana (DE/MT),Championless (SI),2,7,0.285714285714286
Akshan/Varus (SH/RU),Darius (FR/NX),2,7,0.285714285714286
Aphelios/Viktor (MT/PZ),Aatrox/Kayn (RU/RU),2,7,0.285714285714286
Senna/Veigar (BC/SI),Sett (IO/PZ),5,7,0.714285714285714
Ashe/LeBlanc (FR/NX),Sett (IO/PZ),5,7,0.714285714285714
Jayce/Lux (DE/PZ),Rumble/Sion (BC/NX),5,7,0.714285714285714
Ashe/LeBlanc (FR/NX),Lillia/Sett (BC/IO),5,7,0.714285714285714
Jack/Sett (BW/IO),Jayce/Lux (DE/PZ),5,7,0.714285714285714
Championless (SI),Nasus/Renekton (SH),5,7,0.714285714285714
Lee Sin/Viktor (IO/PZ),Jack/Sett (BW/IO),5,7,0.714285714285714
Malphite/Yasuo (IO/MT),Kayle (BW/MT),5,7,0.714285714285714
Jax/Ornn (FR/RU),Kayle (BW/MT),5,7,0.714285714285714
Championless (SI),Galio/Morgana (DE/MT),5,7,0.714285714285714
Darius (FR/NX),Akshan/Varus (SH/RU),5,7,0.714285714285714
Aatrox/Kayn (RU/RU),Aphelios/Viktor (MT/PZ),5,7,0.714285714285714
Aatrox/Morgana (RU/DE),Gnar/Nidalee (BC/SH),1,1,1
Poppy/Riven (BC/NX),Aatrox/Morgana (RU/DE),1,1,1
Aatrox/Kayn (RU/RU),Darius/Gangplank (BW/NX),1,1,1
Gnar/Neeko (FR/RU),Renekton/Riven (NX/SH),1,1,1
Gnar/Neeko (FR/RU),Caitlyn/Swain (NX/PZ),1,1,1
Sett (IO/PZ),Lillia/Senna/Veigar (IO/SI),1,1,1
Sett (IO/PZ),Championless (IO/PZ),1,1,1
Gnar/Neeko (FR/RU),Nasus/Senna (SI/SH),1,1,1
Gnar/Neeko (FR/RU),Nasus/Thresh (SI/SH),1,1,1
Championless (SI/SH),Gnar/Neeko (FR/RU),1,1,1
Championless (SI/SH),Gnar/Nidalee (BC/SH),1,1,1
Ashe/LeBlanc (FR/NX),Darius/Gangplank (BW/NX),1,1,1
Morgana/Udyr (DE/FR),Darius/Gangplank (BW/NX),1,1,1
Gnar/Nidalee (BC/SH),Ashe/Sejuani (FR/SI),1,1,1
Galio/Udyr (DE/FR),Ashe/Tahm Kench (BW/FR),1,1,1
Garen (DE),Kayle (BW/MT),1,1,1
Jayce/Lux (DE/PZ),Lillia/Malphite (IO/MT),1,1,1
Ashe/Janna (FR/PZ),Gnar/Nidalee (BC/SH),1,1,1
Ashe/LeBlanc (FR/NX),Galio/Taric (DE/MT),1,1,1
Darius (FR/NX),Lee Sin/Viktor (IO/PZ),1,1,1
Gnar/Neeko (FR/RU),Lee Sin/Viktor (IO/PZ),1,1,1
Galio/Udyr (DE/FR),Darius (FR/NX),1,1,1
Ashe (FR/PZ),Ryze (IO/RU),1,1,1
Darius (FR/NX),Aatrox/Morgana (RU/DE),1,1,1
Sett (IO/PZ),Morgana/Udyr (FR/MT),1,1,1
Lillia/Sett (IO/MT),Illaoi/Vayne (BW/DE),1,1,1
Ashe/Lulu (FR/IO),Darius/Gnar (FR/NX),1,1,1
Morgana/Udyr (FR/MT),Poppy/Taric (DE/MT),1,1,1
Lillia/Sett (IO/MT),Jayce/Lux (DE/PZ),1,1,1
Aatrox/Morgana (RU/DE),Rumble/Sion (BC/NX),1,1,1
Aatrox/Morgana (RU/DE),Gwen (NX/SI),1,1,1
Darius/Gangplank (BW/NX),Championless (PZ/SI),1,1,1
Kalista (SI),Kai'Sa/Morgana (DE/SH),1,1,1
Garen (DE),Championless (SI),1,1,1
Leona/Yasuo (IO/MT),Neeko/Poppy (DE/RU),1,1,1
Lee Sin/Viktor (IO/PZ),Maokai (BW/SI),1,1,1
Maokai (BW/SI),Aatrox/Kayn (RU/RU),1,1,1
Aatrox/Morgana (RU/DE),Darius/Gnar (FR/NX),1,1,1
Aatrox/Morgana (RU/DE),Aphelios/Kayle (BW/MT),1,1,1
Sett (IO/PZ),Braum/Udyr (FR/IO),1,1,1
Ashe/LeBlanc (FR/NX),Akshan/Lillia (IO/SH),1,1,1
Ashe/LeBlanc (FR/NX),Caitlyn/Janna (IO/PZ),1,1,1
Aphelios/Poppy (BC/MT),Gangplank (BW/NX),1,1,1
Lillia/Sett (BC/IO),Malphite/Yasuo (IO/MT),1,1,1
Ashe (FR/PZ),Garen/Shyvana (DE/MT),1,1,1
Gnar/Neeko (FR/RU),Ashe (FR/PZ),1,1,1
Gnar/Neeko (FR/RU),Maokai/Nautilus (BW/SI),1,1,1
Maokai/Nautilus (BW/SI),Janna/Malphite (MT/PZ),1,1,1
Ashe/Tahm Kench (BW/FR),Gnar/Nidalee (BC/SH),1,1,1
Neeko/Poppy (DE/RU),Gnar/Nidalee (BC/SH),1,1,1
Gnar/Nidalee (BC/SH),Jayce/Morgana (MT/PZ),1,1,1
Jayce/Morgana (MT/PZ),Ashe/Senna (FR/SI),1,1,1
Ashe/Senna (FR/SI),Akshan/Lee Sin (IO/SH),1,1,1
Garen/Taric (DE/MT),Darius/Gnar (FR/NX),1,1,1
Lillia/Lulu (FR/IO),Lee Sin/Viktor (IO/PZ),1,1,1
Morgana/Udyr (DE/FR),Leona/Yasuo (IO/MT),1,1,1
Akshan/Sivir (DE/SH),Galio/Morgana (DE/FR),1,1,1
Gnar/Neeko (FR/RU),Aphelios/Poppy (BC/MT),1,1,1
Kalista (SI),Aphelios/Viktor (MT/PZ),1,1,1
Nasus/Renekton (SH),Braum/Garen/Udyr (DE/FR),1,1,1
Lillia/Lulu (FR/IO),Akshan/Lee Sin (IO/SH),1,1,1
Jack/Sett (BW/IO),Braum/Udyr (FR/IO),1,1,1
Leona/Yasuo (IO/MT),Ashe (FR/PZ),1,1,1
Sejuani (FR/PZ),Morgana/Taric (MT/PZ),1,1,1
Gwen/Kalista (NX/SI),Maokai/Nautilus (BW/SI),1,1,1
Akshan/Jax (RU/SH),Caitlyn (BC/PZ),1,1,1
Poppy/Taric (DE/MT),Sejuani (FR/PZ),1,1,1
Braum/Vladimir (FR/NX),Sejuani/Swain (FR/NX),1,1,1
LeBlanc/Sivir (NX/SH),Leona/Yasuo (IO/MT),1,1,1
Janna (PZ/SI),LeBlanc/Sivir (NX/SH),1,1,1
Swain/Yasuo (IO/NX),Lillia/Sett (BC/IO),1,1,1
Lillia/Lulu (FR/IO),Jack/Sett (BW/IO),1,1,1
Sejuani (FR/PZ),Jack/Sett (BW/IO),1,1,1
Kai'Sa/Sivir (DE/SH),Braum/Udyr (FR/MT),1,1,1
Braum/Vladimir (FR/NX),Kai'Sa/Sivir (DE/SH),1,1,1
Kai'Sa/Sivir (DE/SH),Nasus/Senna (SI/SH),1,1,1
Janna (PZ/SI),Kai'Sa/Sivir (DE/SH),1,1,1
Morgana/Udyr (DE/FR),Galio/Taric (DE/MT),1,1,1
Leona/Yasuo (IO/MT),Akshan/Lee Sin (IO/SH),1,1,1
Ashe (FR/PZ),Poppy/Tristana (BC/DE),1,1,1
Nidalee (BC/SH),Garen/Shyvana (DE/MT),1,1,1
Akshan/Morgana (MT/SH),Darius/Gnar (FR/NX),1,1,1
Galio/Taric (DE/MT),Braum/Vladimir (FR/NX),1,1,1
Championless (SI),Lulu/Shen (DE/IO),1,1,1
Morgana/Udyr (FR/MT),Darius/Gnar (FR/NX),1,1,1
Morgana/Udyr (DE/FR),Galio/Tahm Kench (BW/DE),1,1,1
Ashe (FR/PZ),Morgana/Tahm Kench (BW/MT),1,1,1
Morgana/Tahm Kench (BW/MT),Gangplank/Sejuani (BW/FR),1,1,1
Morgana/Udyr (FR/MT),Riven/Viktor (NX/PZ),1,1,1
Riven/Viktor (NX/PZ),Illaoi (BW/SI),1,1,1
Championless (BC/IO),Lulu/Taric (IO/MT),1,1,1
Lulu/Taric (IO/MT),Akshan/Renekton (SH),1,1,1
Riven/Viktor (NX/PZ),Garen/Morgana (DE/SI),1,1,1
Maokai/Nautilus (BW/SI),Illaoi (BW/NX),1,1,1
Maokai/Nautilus (BW/SI),Morgana/Udyr (FR/MT),1,1,1
Championless (SI),Garen/Morgana (DE/SI),1,1,1
Lee Sin/Viktor (IO/PZ),Championless (BC/IO),1,1,1
Sett (IO/PZ),Garen/Shyvana (DE/MT),1,1,1
Ashe/LeBlanc (FR/NX),Morgana/Udyr (FR/MT),1,1,1
Championless (MT/SI),Leona/Yasuo (IO/MT),1,1,1
Leona/Yasuo (IO/MT),Braum/Tahm Kench (BW/FR),1,1,1
Sett (IO/PZ),Championless (BC/IO),1,1,1
Riven/Viktor (NX/PZ),Nasus/Thresh (SI/SH),1,1,1
Ashe/LeBlanc (FR/NX),Ashe/Janna (FR/PZ),1,1,1
Ashe/LeBlanc (FR/NX),Garen/Gnar/Shyvana (DE/FR),1,1,1
Galio (DE/MT),Akshan/Lee Sin (IO/SH),1,1,1
Ashe/LeBlanc (FR/NX),Braum/Jayce (FR/PZ),1,1,1
Gnar/Lulu (BC/MT),Akshan/Varus (SH/RU),1,1,1
Riven/Viktor (NX/PZ),Lillia (IO/SI),1,1,1
Aatrox/Morgana (RU/DE),Jayce/Lux (DE/PZ),1,1,1
Aatrox/Morgana (RU/DE),Neeko/Poppy (DE/RU),1,1,1
Championless (FR/PZ),Swain/Yasuo (IO/NX),1,1,1
Riven/Viktor (NX/PZ),Swain/Yasuo (IO/NX),1,1,1
LeBlanc/Sivir (NX/SH),Swain/Yasuo (IO/NX),1,1,1
Championless (SI),Vayne/Yasuo (DE/IO),1,1,1
Vayne/Yasuo (DE/IO),Malphite/Yasuo (IO/MT),1,1,1
Akshan/Morgana (DE/SH),Vayne/Yasuo (DE/IO),1,1,1
Jayce/Lux (DE/PZ),Vayne/Yasuo (DE/IO),1,1,1
Championless (SI/SH),Leona/Yasuo (IO/MT),1,1,1
Championless (FR/IO),Maokai/Nautilus (BW/SI),1,1,1
Sett (IO/PZ),Gnar/Neeko (FR/RU),1,1,1
Ashe/Senna (FR/SI),Nasus/Renekton (SH),1,1,1
Darius/LeBlanc (FR/NX),Championless (SI),1,1,1
Championless (SI),Galio/Poppy (DE/SH),1,1,1
Lee Sin/Viktor (IO/PZ),Janna (PZ/SI),1,1,1
Gnar/Lulu (BC/NX),Sett (IO/PZ),1,1,1
Braum/Vladimir (FR/NX),Darius/LeBlanc (FR/NX),1,1,1
Illaoi/Swain (BW/NX),Neeko/Poppy (DE/RU),1,1,1
Illaoi/Swain (BW/NX),Galio/Udyr (DE/FR),1,1,1
Senna/Veigar (BC/SI),Garen/Shyvana (DE/MT),1,1,1
Riven/Viktor (NX/PZ),Braum/Udyr (FR/IO),1,1,1
Riven/Viktor (NX/PZ),Lillia/Lulu (FR/IO),1,1,1
Darius/Gnar (FR/NX),Galio/Poppy/Udyr (DE/FR),1,1,1
Lee Sin/Viktor (IO/PZ),Akshan/Jax (RU/SH),1,1,1
Senna/Veigar (BC/SI),Sejuani (FR/PZ),1,1,1
Championless (SI),Leona/Malphite (IO/MT),1,1,1
Championless (SI),Kai'Sa/Renekton (FR/SH),1,1,1
Darius/Gnar (FR/NX),Galio/Poppy (DE/SH),1,1,1
Nasus/Senna (SI/SH),Riven/Viktor (NX/PZ),1,1,1
Maokai (BW/SI),Aatrox/Akshan (RU/SH),1,1,1
Maokai (BW/SI),Jayce/Swain (NX/PZ),1,1,1
Senna/Veigar (BC/SI),Poppy/Tristana (BC/SI),1,1,1
Championless (SI/SH),Ashe/LeBlanc (FR/NX),1,1,1
Riven/Viktor (NX/PZ),Jayce/Swain (NX/PZ),1,1,1
Aatrox/Morgana (RU/DE),Nasus/Renekton (SH),1,1,1
Aatrox/Morgana (RU/DE),Poppy/Tristana (BC/DE),1,1,1
Aatrox/Morgana (RU/DE),Garen/Morgana (DE/SI),1,1,1
Aatrox/Kayn (RU/RU),Garen/Gnar (DE/FR),1,1,1
Illaoi/Swain (BW/NX),Tristana/Veigar (BC/SI),1,1,1
Illaoi/Swain (BW/NX),Ashe/Tahm Kench (BW/FR),1,1,1
Championless (SI),Lillia/Ryze (IO/RU),1,1,1
Lee Sin/Viktor (IO/PZ),Ornn (DE/FR),1,1,1
Ornn (DE/FR),Nasus/Renekton (SH),1,1,1
Akshan/Varus (SH/RU),Ornn (DE/FR),1,1,1
Senna/Veigar (BC/SI),Ornn (DE/FR),1,1,1
Galio/Udyr (DE/FR),Garen/Gnar (DE/FR),1,1,1
Illaoi/Udyr (BW/FR),Aatrox/Morgana (RU/DE),1,1,1
Lee Sin/Viktor (IO/PZ),Sion/Vladimir (FR/NX),1,1,1
Nasus/Renekton (SH),Poppy/Tristana (BC/DE),1,1,1
Nasus/Renekton (SH),Neeko/Poppy (DE/RU),1,1,1
Ashe/LeBlanc (FR/NX),Poppy/Tristana (BC/DE),1,1,1
Ashe (FR/PZ),Braum/Gnar (FR/IO),1,1,1
Ashe (FR/PZ),Gwen/Kalista (SI),1,1,1
Braum/Gnar (FR/IO),Lee Sin/Viktor (IO/PZ),1,1,1
Kalista/LeBlanc (NX/SI),Ashe/Senna (FR/SI),1,1,1
Ashe/LeBlanc (FR/NX),Kai'Sa/Renekton (NX/SH),1,1,1
Janna/Sett (IO/PZ),Aatrox/Morgana (RU/DE),1,1,1
Senna/Veigar (BC/SI),Lillia/Lulu (FR/IO),1,1,1
Sett (IO/PZ),Lillia/Lulu (FR/IO),1,1,1
Braum/Vladimir (FR/NX),Kai'Sa/Renekton (FR/SH),1,1,1
Maokai/Nautilus (BW/SI),Lillia/Lulu (FR/IO),1,1,1
Ashe/LeBlanc (FR/NX),Lillia/Ryze (IO/RU),1,1,1
Ashe/LeBlanc (FR/NX),Illaoi/Udyr (BW/FR),1,1,1
Jayce/Lux (DE/PZ),Braum (FR/MT),1,1,1
Aatrox/Kayn (RU/RU),Udyr/Vayne (DE/FR),1,1,1
Aatrox/Kayn (RU/RU),Rumble/Vayne (DE/NX),1,1,1
Udyr/Vayne (DE/FR),Poppy/Riven (BC/NX),1,1,1
Darius/Gnar (FR/NX),Poppy/Riven (BC/NX),1,1,1
Kalista (SI),Poppy/Riven (BC/NX),1,1,1
Poppy/Riven (BC/NX),Swain/Yasuo (IO/NX),1,1,1
Morgana/Udyr (FR/MT),Kalista (SI),1,1,1
Maokai/Nautilus (BW/SI),Janna/Lee Sin/Viktor (IO/PZ),1,1,1
Swain/Yasuo (IO/NX),Morgana/Udyr (FR/MT),1,1,1
Malphite/Yasuo (IO/MT),Garen/Taric (DE/MT),1,1,1
Poppy/Taric (DE/MT),Poppy/Riven (BC/NX),1,1,1
Akshan/Morgana (DE/SH),Akshan/Lee Sin (IO/SH),1,1,1
Taric/Varus (MT/RU),Nasus/Renekton (SH),1,1,1
Kayle/Morgana (DE/MT),Darius (FR/NX),1,1,1
Championless (SI),Kayle/Morgana (DE/MT),1,1,1
Leona/Yasuo (IO/MT),Maokai/Nautilus (BW/SI),1,1,1
Nasus/Renekton (SH),Maokai/Nautilus (BW/SI),1,1,1
Nasus/Senna (SI/SH),Nasus/Renekton (SH),1,1,1
Janna (PZ/SI),Jayce/Lux (DE/PZ),1,1,1
Jayce (PZ/SI),Akshan/Varus (SH/RU),1,1,1
Braum/Gwen (FR/SI),Jayce (PZ/SI),1,1,1
Braum/Gwen (FR/SI),Kayle (BW/MT),1,1,1
Morgana/Udyr (DE/FR),Braum/Jayce (FR/PZ),1,1,1
Morgana/Udyr (DE/FR),Neeko (FR/RU),1,1,1
Kayle (BW/MT),Braum/Jayce (FR/PZ),1,1,1
Akshan/Lee Sin (IO/SH),Garen (DE/NX),1,1,1
Garen/Neeko (DE/RU),Jack/Sett (BW/IO),1,1,1
Darius/Gnar (FR/NX),Janna (BC/PZ),1,1,1
Aatrox/Morgana/Vayne (RU/DE),Senna/Veigar (BC/SI),1,1,1
Akshan/Varus (SH/RU),Swain/Vladimir (BW/NX),1,1,1
Maokai/Nautilus (BW/SI),Sett/Yasuo (IO/MT),1,1,1
Akshan/Varus (SH/RU),Championless (SI/SH),1,1,1
Lillia/Sett (BC/IO),Sett/Yasuo (IO/NX),1,1,1
Jack/Sett (BW/IO),Lillia/Sett (BC/IO),1,1,1
Garen/Sivir (DE/SH),Ashe/Senna (FR/SI),1,1,1
Sett/Yasuo (IO/MT),Gangplank/Sejuani (BW/FR),1,1,1
Sett/Yasuo (IO/MT),Akshan/Lee Sin (IO/SH),1,1,1
Garen/Neeko (DE/RU),Caitlyn/Janna (BC/PZ),1,1,1
Aatrox/Kayn (RU/RU),Gangplank/Gnar (BC/BW),1,1,1
Gwen/Kalista (NX/SI),Braum/Jayce (FR/PZ),1,1,1
Gwen/Kalista (NX/SI),Darius/Gnar (FR/NX),1,1,1
Gwen/Kalista (NX/SI),Lee Sin/Viktor (IO/PZ),1,1,1
Akshan/Varus (SH/RU),Gangplank/Gnar (BC/BW),1,1,1
Janna/Sett (IO/PZ),Gangplank/Gnar (BC/BW),1,1,1
Gangplank/Sejuani (BW/FR),Tristana (BC/FR),1,1,1
Poppy/Riven (BC/NX),Gangplank/Sejuani (BW/FR),1,1,1
Aphelios/Viktor (MT/PZ),Poppy/Riven (BC/NX),1,1,1
Gangplank/Sejuani (BW/FR),Leona/Morgana (DE/MT),1,1,1
Akshan/Varus (SH/RU),Sett/Yasuo (IO/MT),1,1,1
Janna/Lee Sin/Viktor (IO/PZ),Veigar (BC/SI),1,1,1
Nasus/Thresh (SI/SH),Janna/Lee Sin/Viktor (IO/PZ),1,1,1
Morgana/Udyr (DE/FR),Gangplank/Gnar (BC/BW),1,1,1
Akshan/Lee Sin (IO/SH),Gangplank/Gnar (BC/BW),1,1,1
Maokai (BW/SI),Morgana/Taric (DE/MT),1,1,1
Aatrox/Kayn (RU/RU),Poppy/Tristana (BC/SI),1,1,1
Maokai/Nautilus (BW/SI),Ashe/Senna (FR/SI),1,1,1
Janna/Lee Sin/Viktor (IO/PZ),Ashe (FR/PZ),1,1,1
Illaoi/Udyr (BW/FR),Gnar/Nidalee (BC/SH),1,1,1
Braum/Vladimir (FR/NX),Garen/Morgana (DE/SI),1,1,1
Akshan/Lee Sin (IO/SH),Championless (PZ/SI),1,1,1
Malphite/Yasuo (IO/MT),Taric/Varus (MT/RU),1,1,1
Ashe (FR/PZ),Poppy/Tristana (BC/SI),1,1,1
Malphite/Yasuo (IO/MT),Nasus/Renekton (SH),1,1,1
Senna/Veigar (BC/SI),Lillia/Ryze (IO/RU),1,1,1
Senna/Veigar (BC/SI),Kai'Sa/Renekton (NX/SH),1,1,1
Kai'Sa/Renekton (NX/SH),Darius/Gangplank (BW/NX),1,1,1
LeBlanc/Rumble/Sion (IO/NX),LeBlanc/Sivir (NX/SH),1,1,1
LeBlanc/Sivir (NX/SH),Senna (PZ/SI),1,1,1
Kai'Sa/Renekton (NX/SH),Championless (SI),1,1,1
Championless (BC/SI),Jayce/Lux (DE/PZ),1,1,1
Aatrox/Morgana (RU/DE),Akshan/Lee Sin (IO/SH),1,1,1
LeBlanc/Rumble/Sion (IO/NX),Senna/Veigar (BC/SI),1,1,1
LeBlanc/Rumble/Sion (IO/NX),Poppy/Riven (BC/NX),1,1,1
Ashe/LeBlanc (FR/NX),LeBlanc/Rumble/Sion (IO/NX),1,1,1
Ashe/LeBlanc (FR/NX),Jax/Kayn (RU/RU),1,1,1
Braum/Vladimir (FR/NX),Braum/Kayle (FR/MT),1,1,1
Darius/Gnar (FR/NX),Shyvana/Taric (DE/MT),1,1,1
Ashe/Thresh (FR/SI),Riven/Viktor (NX/PZ),1,1,1
Nasus/Renekton (SH),Braum/Jayce (FR/PZ),1,1,1
Sejuani/Swain (FR/NX),Jack/Sett (BW/IO),1,1,1
Akshan/Varus (SH/RU),Gangplank/Gnar (BW/FR),1,1,1
Poppy/Tristana (BC/SI),Braum/Udyr (FR/IO),1,1,1
Jayce/Lux (DE/PZ),Braum/Udyr (FR/IO),1,1,1
Jayce/Lux (DE/PZ),Poppy/Tristana (BC/SI),1,1,1
Maokai (BW/SI),Malphite/Yasuo (IO/MT),1,1,1
Malphite/Yasuo (IO/MT),Nasus (SI/SH),1,1,1
Gangplank (BW/FR),Ashe (FR/PZ),1,1,1
Illaoi/Udyr (BW/FR),Senna (PZ/SI),1,1,1
Gwen/LeBlanc (NX/SI),Poppy/Riven (BC/NX),1,1,1
Poppy/Riven (BC/NX),Darius/Illaoi (BW/NX),1,1,1
Poppy/Riven (BC/NX),Lillia/Lulu (BC/IO),1,1,1
Poppy/Riven (BC/NX),Jayce/Swain (NX/PZ),1,1,1
Maokai/Nautilus (BW/SI),Aphelios/Leona (FR/MT),1,1,1
Nasus/Renekton (SH),Nidalee (BC/SH),1,1,1
Maokai/Nautilus (BW/SI),Lillia/Ryze (IO/RU),1,1,1
Championless (PZ/SI),Tristana/Veigar (BC/SI),1,1,1
Morgana/Udyr (DE/FR),Neeko/Renekton (RU/SH),1,1,1
Kalista (SI),Veigar (BC/SI),1,1,1
Morgana/Udyr (DE/FR),Championless (PZ/SI),1,1,1
Galio/Garen (DE),Kalista (SI),1,1,1
Janna/Lee Sin/Viktor (IO/PZ),Kalista (SI),1,1,1
Tristana/Veigar (BC/SI),Sett (IO/PZ),1,1,1
Senna/Veigar (BC/SI),Illaoi/Swain (BW/NX),1,1,1
Aphelios/Viktor (MT/PZ),Gnar/Neeko (FR/RU),1,1,1
Lillia/Sion (IO/NX),Braum/Lillia (FR/IO),1,1,1
Galio/Poppy (DE/FR),Janna/Lee Sin/Viktor (IO/PZ),1,1,1
Malphite (BW/MT),Akshan/Lee Sin (IO/SH),1,1,1
Gangplank (BW/FR),Akshan/Lee Sin (IO/SH),1,1,1
Tristana/Veigar (BC/SI),Ashe/Janna (FR/PZ),1,1,1
Sion/Vladimir (FR/NX),Udyr (DE/FR),1,1,1
Sion/Vladimir (FR/NX),Maokai/Nautilus (BW/SI),1,1,1
Sion/Vladimir (FR/NX),Malphite/Yasuo (IO/MT),1,1,1
Senna/Veigar (BC/SI),Leona/Malphite (IO/MT),1,1,1
Leona/Malphite (IO/MT),Braum/Janna (FR/PZ),1,1,1
Leona/Malphite (IO/MT),Nasus/Senna (SI/SH),1,1,1
Nasus/Senna (SI/SH),Morgana/Taric (DE/MT),1,1,1
Malphite/Yasuo (IO/MT),Lulu/Shen (IO/MT),1,1,1
Championless (SI),Janna/Lee Sin/Viktor (IO/PZ),1,1,1
Senna/Veigar (BC/SI),Janna/Lee Sin/Viktor (IO/PZ),1,1,1
Akshan/Lee Sin (IO/SH),Braum/Galio (DE/FR),1,1,1
Maokai/Nautilus (BW/SI),Galio/Poppy (DE/FR),1,1,1
Aatrox (RU/BW),Jayce/Lux (DE/PZ),1,1,1
Jayce/Lux (DE/PZ),Gangplank/Janna (BW/PZ),1,1,1
Championless (PZ/SI),Morgana/Taric (DE/MT),1,1,1
Jayce/Lux (DE/PZ),Braum/Tahm Kench (BW/FR),1,1,1
Morgana/Taric (DE/MT),Aatrox/Kayn (RU/RU),1,1,1
Akshan/Lee Sin (IO/SH),Caitlyn/Jack (BW/PZ),1,1,1
Akshan/Lee Sin (IO/SH),Kai'Sa/Viktor (PZ/SH),1,1,1
Gwen/Kalista (NX/SI),Morgana/Taric (DE/MT),1,1,1
Poppy/Riven (BC/NX),Darius (FR/NX),1,1,1
Akshan/Varus (SH/RU),Poppy/Tristana (BC/DE),1,1,1
Akshan/Varus (SH/RU),Gangplank (BW/FR),1,1,1
Akshan/Lee Sin (IO/SH),Darius/Sejuani (FR/NX),1,1,1
Akshan/Lee Sin (IO/SH),Ashe (FR/SI),1,1,1
Lillia/Sion (IO/NX),Senna/Veigar (BC/SI),1,1,1
Ashe/LeBlanc (FR/NX),Galio/Poppy (DE/FR),1,1,1
Galio/Poppy (DE/FR),Gangplank/Sejuani (BW/FR),1,1,1
Morgana/Udyr (DE/FR),Tristana (BC/FR),1,1,1
Gangplank (BW/NX),Akshan/Lee Sin (IO/SH),1,1,1
Akshan/Lee Sin (IO/SH),Senna (BW/SI),1,1,1
Akshan/Lee Sin (IO/SH),Braum/Kayle (FR/MT),1,1,1
Akshan/Lee Sin (IO/SH),Maokai (BW/SI),1,1,1
Jayce/Lux (DE/PZ),Senna (BW/SI),1,1,1
Akshan/Lee Sin (IO/SH),Championless (BW/MT),1,1,1
Morgana/Udyr (DE/FR),Lillia/Sion (IO/NX),1,1,1
Aatrox/Kayn (RU/RU),Lillia/Sion (IO/NX),1,1,1
Sett (IO/PZ),Gnar/Jack (BC/BW),1,1,1
Caitlyn/Swain (NX/PZ),Sett (IO/PZ),1,1,1
Kalista/Sion (NX/SI),Janna/Lee Sin/Viktor (IO/PZ),1,1,1
Braum/Vladimir (FR/NX),Janna/Lee Sin/Viktor (IO/PZ),1,1,1
Neeko/Nidalee (RU/SH),Championless (SI),1,1,1
Akshan/Lee Sin (IO/SH),Garen/Shyvana (DE/MT),1,1,1
Leona/Morgana (DE/MT),Lee Sin/Viktor (IO/PZ),1,1,1
Braum/Galio (DE/FR),Braum/Lillia (FR/IO),1,1,1
Nidalee (BC/SH),Kayle/Morgana (DE/MT),1,1,1
Morgana/Udyr (DE/FR),Leona/Malphite (IO/MT),1,1,1
Leona/Malphite (IO/MT),Akshan/Varus (SH/RU),1,1,1
Akshan/Varus (SH/RU),Lillia/Ryze (IO/RU),1,1,1
Braum/Vladimir (FR/NX),Illaoi/Udyr (BW/FR),1,1,1
Braum/Vladimir (FR/NX),Sion/Vladimir (FR/NX),1,1,1
Senna/Veigar (BC/SI),Jax/Kayn (RU/RU),1,1,1
Sett (IO/PZ),Senna (PZ/SI),1,1,1
Rumble/Vayne (DE/NX),Kayle (BW/MT),1,1,1
Poppy/Riven (BC/NX),Rumble/Vayne (DE/NX),1,1,1
Rumble/Vayne (DE/NX),Senna (PZ/SI),1,1,1
Lee Sin/Viktor (IO/PZ),Kayle/Morgana (DE/MT),1,1,1
Championless (SI),Gwen/Udyr (FR/SI),1,1,1
Lulu/Neeko (BC/RU),Janna/Lee Sin/Viktor (IO/PZ),1,1,1
Morgana/Udyr (DE/FR),Janna/Senna (PZ/SI),1,1,1
Kalista (SI),Janna (BW/PZ),1,1,1
Kalista (SI),Neeko/Nidalee (RU/SH),1,1,1
Akshan/Lee Sin (IO/SH),Gwen/Kalista (FR/SI),1,1,1
Poppy/Tristana (BC/MT),Rumble/Vayne (DE/NX),1,1,1
Tristana (BC/FR),Gnar/Nidalee (BC/SH),1,1,1
Malphite/Yasuo (IO/MT),Gwen/Kalista (FR/SI),1,1,1
Aatrox/Kayn (RU/RU),Gwen/Kalista (FR/SI),1,1,1
Gwen/Kalista (FR/SI),Championless (PZ/SI),1,1,1
Gwen/Kalista (FR/SI),Ashe/LeBlanc (FR/NX),1,1,1
Kalista (SI),Kayle/Viktor (MT/PZ),1,1,1
Nasus/Thresh (SI/SH),Rumble/Vayne (DE/NX),1,1,1
Ashe (FR/PZ),Aatrox/Akshan (RU/SH),1,1,1
LeBlanc/Sivir (NX/SH),Gwen/Kalista (FR/SI),1,1,1
Jax/Ornn (FR/RU),Gwen/Kalista (FR/SI),1,1,1
Lee Sin/Viktor (IO/PZ),Poppy/Taric (DE/MT),1,1,1
Poppy/Tristana (BC/MT),Senna/Veigar (BC/SI),1,1,1
Shyvana/Taric (DE/MT),Senna/Veigar (BC/SI),1,1,1
Gangplank/Gnar (BC/BW),Poppy/Riven (BC/NX),1,1,1
Maokai (BW/SI),Poppy/Tristana (BC/SI),1,1,1
Poppy/Tristana (BC/SI),Ashe/LeBlanc (FR/NX),1,1,1
LeBlanc/Rumble (BC/NX),Jayce/Lux (DE/PZ),1,1,1
Poppy/Tristana (BC/MT),Malphite/Yasuo (IO/MT),1,1,1
Jack/Sett (BW/IO),Malphite/Yasuo (IO/MT),1,1,1
Malphite/Yasuo (IO/MT),Aphelios/Viktor (MT/PZ),1,1,1
Poppy/Tristana (BC/MT),Jack/Sett (BW/IO),1,1,1
Ashe/LeBlanc (FR/NX),Tahm Kench/Udyr (BW/FR),1,1,1
Morgana/Udyr (DE/FR),Nidalee/Rumble (BC/SH),1,1,1
Ashe/Tahm Kench (BW/FR),Aatrox/Kayn (RU/RU),1,1,1
Aatrox/Kayn (RU/RU),Taric/Vayne (DE/MT),1,1,1
Taric/Vayne (DE/MT),Senna/Veigar (BC/SI),1,1,1
Morgana/Udyr (DE/FR),Sejuani/Swain (FR/NX),1,1,1
Morgana/Udyr (DE/FR),Darius/Sejuani (FR/NX),1,1,1
Morgana/Udyr (DE/FR),Jax/Kayn (RU/RU),1,1,1
Morgana/Taric (DE/MT),Tristana (BC/FR),1,1,1
Morgana/Taric (DE/MT),Poppy/Tristana (BC/MT),1,1,1
Janna/Lillia (IO/PZ),Poppy/Tristana (BC/SI),1,1,1
Gnar (BC/FR),Sett (IO/PZ),1,1,1
Gwen/Kalista (NX/SI),Riven/Viktor (NX/PZ),1,1,1
Poppy/Riven (BC/NX),Malphite/Yasuo (IO/MT),1,1,1
Gnar (BC/FR),Championless (PZ/SI),1,1,1
Jayce/Lux (DE/PZ),Ashe/Tahm Kench (BW/FR),1,1,1
Ashe/Tahm Kench (BW/FR),Poppy/Tristana (BC/MT),1,1,1
Senna/Veigar (BC/SI),Senna (BW/SI),1,1,1
Ashe/LeBlanc (FR/NX),Poppy/Tristana (BC/MT),1,1,1
Lee Sin/Viktor (IO/PZ),Tahm Kench/Udyr (BW/FR),1,1,1
Darius/Gnar/LeBlanc (FR/NX),Nidalee (BC/SH),1,1,1
Darius/Gnar/LeBlanc (FR/NX),Senna/Veigar (BC/SI),1,1,1
Aatrox/Kayn (RU/RU),Gwen/Jayce (PZ/SI),1,1,1
Senna/Veigar (BC/SI),Poppy (BC/DE),1,1,1
Poppy/Tristana (BC/SI),Galio/Morgana (DE/MT),1,1,1
Kalista (SI),Gwen/Kalista (NX/SI),1,1,1
Kalista (SI),Janna (PZ/SI),1,1,1
Kayn/Vayne (DE/RU),Kalista (SI),1,1,1
Aatrox/Morgana/Vayne (RU/DE),Championless (SI),1,1,1
Gwen/Vayne (DE/SI),Senna/Veigar (BC/SI),1,1,1
Gwen/Vayne (DE/SI),Championless (SI/SH),1,1,1
Gwen/Jayce (PZ/SI),Jayce/Lux (DE/PZ),1,1,1
Poppy (BC/DE),Jayce/Lux (DE/PZ),1,1,1
Garen (DE),LeBlanc/Sivir (NX/SH),1,1,1
Ashe/LeBlanc (FR/NX),Kai'Sa/Viktor (PZ/SH),1,1,1
Darius/Gnar/LeBlanc (FR/NX),Kai'Sa/Viktor (PZ/SH),1,1,1
Darius/Gnar/LeBlanc (FR/NX),Championless (MT/SI),1,1,1
Gnar/Swain (BC/NX),Akshan/Lee Sin (IO/SH),1,1,1
Morgana/Udyr (DE/FR),Janna (PZ/SI),1,1,1
Aatrox/Morgana/Vayne (RU/DE),Jayce/Lux (DE/PZ),1,1,1
Gnar/Nidalee (BC/SH),Janna/Sett (IO/PZ),1,1,1
Kayle (BW/MT),Gnar/Illaoi (BW/FR),1,1,1
Gnar/Illaoi (BW/FR),Senna/Veigar (BC/SI),1,1,1
Akshan/Sivir (NX/SH),Championless (MT/SI),1,1,1
Ashe/LeBlanc (FR/NX),Aatrox/Morgana/Vayne (RU/DE),1,1,1
Aphelios/Lee Sin (IO/MT),LeBlanc/Sivir (NX/SH),1,1,1
Poppy/Tristana (BC/NX),Championless (SI),1,1,1
Aatrox/Kayn (RU/RU),Akshan/Senna (SI/SH),1,1,1
Poppy/Taric (DE/MT),Aatrox/Kayn (RU/RU),1,1,1
Aatrox/Kayn (RU/RU),Aphelios/Lee Sin (IO/MT),1,1,1
Championless (MT/SI),Swain/Yasuo (IO/NX),1,1,1
Aphelios/Lee Sin (IO/MT),Morgana/Udyr (DE/FR),1,1,1
Aphelios/Lee Sin (IO/MT),Nasus/Senna (SI/SH),1,1,1
LeBlanc/Udyr (FR/NX),Aphelios/Lee Sin (IO/MT),1,1,1
Gangplank/Sejuani (BW/FR),Aphelios/Lee Sin (IO/MT),1,1,1
Senna/Veigar (BC/SI),Galio/Garen (DE/MT),1,1,1
Galio/Garen (DE/MT),Braum/Lillia (FR/IO),1,1,1
Aphelios/Viktor (MT/PZ),Galio/Garen (DE/MT),1,1,1
Gwen/Udyr (FR/SI),Galio/Garen (DE/MT),1,1,1
Galio/Garen (DE/MT),Gwen/Riven (NX/SI),1,1,1
Galio/Garen (DE/MT),Jayce/Lux (DE/PZ),1,1,1
Galio/Garen (DE/MT),Ashe/LeBlanc (FR/NX),1,1,1
Galio/Garen (DE/MT),Sion (NX/SI),1,1,1
Gnar/Nidalee (BC/SH),Gwen/Udyr (FR/SI),1,1,1
Nasus/Thresh (SI/SH),Gangplank/Sejuani (BW/FR),1,1,1
Morgana/Udyr (DE/FR),Lulu/Shen (IO/MT),1,1,1
Aatrox/Morgana/Vayne (RU/DE),Garen/Shyvana (DE/MT),1,1,1
LeBlanc/Sivir (NX/SH),Gwen/LeBlanc (NX/SI),1,1,1
Championless (SI),Lillia/Tristana (BC/IO),1,1,1
Gnar/Nidalee (BC/SH),Gnar/Neeko (FR/RU),1,1,1
Maokai/Nautilus (BW/SI),LeBlanc/Sivir (NX/SH),1,1,1
Gnar/Illaoi (BW/FR),Gwen/Kalista (NX/SI),1,1,1
Gnar/Illaoi (BW/FR),Akshan/Sivir (NX/SH),1,1,1
Akshan/Varus (SH/RU),Braum/Gnar/Sejuani (BC/FR),1,1,1
Akshan/Senna (SI/SH),Nidalee (BC/SH),1,1,1
Ashe/LeBlanc (FR/NX),Darius/LeBlanc (FR/NX),1,1,1
Darius/Gnar (FR/NX),Morgana/Taric (DE/MT),1,1,1
Gnar/Illaoi (BW/FR),Gnar/Sejuani (BC/FR),1,1,1
Poppy/Taric (DE/MT),Darius/Gnar (FR/NX),1,1,1
Darius/Gnar (FR/NX),Darius/Shen (IO/NX),1,1,1
Nidalee (BC/SH),Swain/Yasuo (IO/NX),1,1,1
Poppy/Taric (DE/MT),Maokai/Nautilus (BW/SI),1,1,1
Gwen/Janna (PZ/SI),Gwen/Vayne (DE/SI),1,1,1
Riven/Viktor (NX/PZ),Gwen/Janna (PZ/SI),1,1,1
Jax/Ornn (FR/RU),Caitlyn/Swain (NX/PZ),1,1,1
Jax/Ornn (FR/RU),Gnar/Kayle (FR/MT),1,1,1
Lulu/Poppy (DE/IO),Gnar/Nidalee (BC/SH),1,1,1
Galio/Morgana (DE/MT),Gnar/Illaoi (BW/FR),1,1,1
Akshan/Udyr (FR/SH),Gnar/Illaoi (BW/FR),1,1,1
Ashe/LeBlanc (FR/NX),Gwen (PZ/SI),1,1,1
Kayle (BW/MT),Gwen (PZ/SI),1,1,1
LeBlanc/Udyr (FR/NX),Braum/Gnar/Sejuani (BC/FR),1,1,1
LeBlanc/Sivir (NX/SH),LeBlanc/Udyr (FR/NX),1,1,1
Jax/Ornn (FR/RU),Aphelios/Jack (BW/MT),1,1,1
Nasus/Senna (SI/SH),Braum/Gnar/Sejuani (BC/FR),1,1,1
Braum/Gnar/Sejuani (BC/FR),Sett (IO/PZ),1,1,1
Braum/Gnar/Sejuani (BC/FR),Lillia/Malphite (IO/MT),1,1,1
Morgana/Udyr (DE/FR),Morgana/Taric (DE/MT),1,1,1
Gwen (PZ/SI),Riven/Viktor (NX/PZ),1,1,1
Darius/Gnar (FR/NX),Braum/Gnar/Sejuani (BC/FR),1,1,1
Darius/Gnar (FR/NX),Neeko (FR/RU),1,1,1
Akshan/Sivir (NX/SH),Jax/Ornn (FR/RU),1,1,1
Akshan/Sivir (NX/SH),Gwen/Vayne (DE/SI),1,1,1
Akshan/Morgana (DE/SH),Ashe/Tahm Kench (BW/FR),1,1,1
Akshan/Morgana (DE/SH),Gwen/Vi (PZ/SI),1,1,1
Akshan/Varus (SH/RU),Akshan/Jax (RU/SH),1,1,1
Ashe/LeBlanc (FR/NX),Illaoi/Swain (BW/NX),1,1,1
Nidalee (BC/SH),Gwen/Udyr (FR/SI),1,1,1
Akshan/Gwen (SI/SH),Akshan/Lee Sin (IO/SH),1,1,1
Akshan/Gwen (SI/SH),Morgana/Udyr (DE/FR),1,1,1
Lee Sin/Viktor (IO/PZ),Ashe/Caitlyn (FR/PZ),1,1,1
Sett (IO/PZ),Jax/Ornn (FR/RU),1,1,1
Jax/Ornn (FR/RU),Garen (DE/SH),1,1,1
Ashe/Caitlyn (FR/PZ),Maokai/Nautilus (BW/SI),1,1,1
Senna/Veigar (BC/SI),LeBlanc/Riven (FR/NX),1,1,1
Akshan/Gwen (SI/SH),Senna/Veigar (BC/SI),1,1,1
Riven/Viktor (NX/PZ),Akshan/Gwen (SI/SH),1,1,1
Morgana (BC/MT),Senna/Veigar (BC/SI),1,1,1
Akshan/Gwen (SI/SH),Malphite/Yasuo (IO/MT),1,1,1
Akshan/Gwen (SI/SH),Aatrox/Kayn (RU/RU),1,1,1
Darius/Shen (IO/NX),Akshan/Gwen (SI/SH),1,1,1
Gangplank/Sejuani (BW/FR),Gnar/Swain (BC/NX),1,1,1
Janna/Sett (IO/PZ),Maokai (BW/SI),1,1,1
Akshan/Morgana (DE/SH),Janna/Sett (IO/PZ),1,1,1
Akshan/Morgana (DE/SH),Illaoi (BW/NX),1,1,1
Akshan/Nasus (SI/SH),Jax/Ornn (FR/RU),1,1,1
Jax/Ornn (FR/RU),Gnar/Nidalee (BC/SH),1,1,1
Galio/Morgana (DE/MT),Janna/Sett (IO/PZ),1,1,1
Galio/Morgana (DE/MT),Akshan/Nasus/Udyr (FR/SH),1,1,1
Akshan/Varus (SH/RU),Akshan/Vayne (DE/SH),1,1,1
Morgana (BC/MT),Gwen/Riven (NX/SI),1,1,1
Senna/Veigar (BC/SI),Akshan/Braum (FR/SH),1,1,1
Senna/Veigar (BC/SI),Gwen/Sejuani (FR/SI),1,1,1
Galio/Udyr (DE/FR),Neeko/Poppy (BC/RU),1,1,1
Janna/Sett (IO/PZ),Lillia/Yasuo (FR/IO),1,1,1
Kayle (BW/MT),Nasus/Renekton (SH),1,1,1
Aphelios/Lee Sin (IO/MT),Kai'Sa/Viktor (PZ/SH),1,1,1
Garen (DE/FR),Championless (SI),1,1,1
Morgana/Udyr (DE/FR),Gnar/LeBlanc (FR/NX),1,1,1
Darius (FR/NX),Kalista (PZ/SI),1,1,1
Akshan/Sivir (NX/SH),Darius/Gnar (FR/NX),1,1,1
Akshan/Sivir (NX/SH),Nidalee (BC/SH),1,1,1
Galio/Morgana (DE/MT),Aphelios/Morgana (MT/SI),1,1,1
Lulu/Shen (DE/IO),Kalista (PZ/SI),1,1,1
Galio/Udyr (DE/FR),Akshan/Sivir (NX/SH),1,1,1
Akshan/Sivir (NX/SH),Kayle (BW/MT),1,1,1
Ashe (FR/PZ),Kalista (PZ/SI),1,1,1
Kalista (PZ/SI),Kayle (BW/MT),1,1,1
Akshan/Riven (NX/SH),Kalista (PZ/SI),1,1,1
Morgana/Udyr (DE/FR),Janna (BW/PZ),1,1,1
Aphelios/Lee Sin (IO/MT),Janna/Sett (IO/PZ),1,1,1
Aphelios/Lee Sin (IO/MT),Sett (IO/PZ),1,1,1
Gwen/Vi (PZ/SI),Sett (IO/PZ),1,1,1
Janna/Sett (IO/PZ),Jax/Ornn (FR/RU),1,1,1
Aphelios/Lee Sin (IO/MT),Galio/Udyr (DE/FR),1,1,1
Akshan/Morgana (DE/SH),Galio/Morgana (DE/MT),1,1,1
Galio/Udyr (DE/FR),Poppy/Tristana (BC/NX),1,1,1
Akshan/Morgana (DE/SH),Gnar (DE/FR),1,1,1
Poppy/Tristana (BC/NX),Janna/Sett (IO/PZ),1,1,1
Braum/Vladimir (FR/NX),Akshan/Nasus/Udyr (FR/SH),1,1,1
Gwen/Vi (PZ/SI),Darius/Gnar (FR/NX),1,1,1
Gwen/Vi (PZ/SI),Galio/Udyr (DE/FR),1,1,1
Poppy/Tristana (BC/NX),Akshan/Lee Sin (IO/SH),1,1,1
Gwen/Vi (PZ/SI),Kayle (BW/MT),1,1,1
Jack/Sett (BW/IO),Poppy/Tristana (BC/NX),1,1,1
Lillia/Udyr (FR/IO),Akshan/Udyr (FR/SH),1,1,1
Jax/Ornn (FR/RU),Akshan/Braum (FR/SH),1,1,1
Akshan/Braum (FR/SH),Gwen/Kalista (PZ/SI),1,1,1
Jax/Ornn (FR/RU),Gwen/Kalista (NX/SI),1,1,1
Championless (SI),Championless (FR/MT),1,1,1
Braum/Lillia (FR/IO),Swain/Vladimir (FR/NX),1,1,1
Braum/Lillia (FR/IO),Kayle/Lillia (IO/MT),1,1,1
Nidalee (BC/SH),Aphelios/Lee Sin (IO/MT),1,1,1
Gwen/Vi (PZ/SI),Nidalee (BC/SH),1,1,1
Neeko (RU/SH),Jack/Sett (BW/IO),1,1,1
Championless (PZ/SI),Akshan/Aphelios/Morgana (MT/SH),1,1,1
Gnar (DE/FR),Darius/Gnar (FR/NX),1,1,1
Gnar (DE/FR),Maokai/Nautilus (BW/SI),1,1,1
Gwen/Vi (PZ/SI),Akshan/Lee Sin (IO/SH),1,1,1
Swain (BC/NX),Gwen/Vi (PZ/SI),1,1,1
Gwen/Vi (PZ/SI),Senna (PZ/SI),1,1,1
Gnar/Nidalee (BC/SH),Nasus/Senna (SI/SH),1,1,1
Akshan/Nasus (SI/SH),Kalista (MT/SI),1,1,1
Braum/Vladimir (FR/NX),Akshan/Nasus (SI/SH),1,1,1
Darius/Gnar (FR/NX),Akshan/Aphelios/Morgana (MT/SH),1,1,1
Akshan/Aphelios/Morgana (MT/SH),Braum/Vladimir (FR/NX),1,1,1
Akshan/Nasus (SI/SH),Ashe/Jayce (FR/PZ),1,1,1
Nidalee (BC/SH),Braum (FR/IO),1,1,1
Braum/Morgana (FR/MT),Morgana/Udyr (DE/FR),1,1,1
Braum/Lillia (FR/IO),Lillia/Udyr (FR/IO),1,1,1
Braum/Lillia (FR/IO),Kayle/Leona (MT/NX),1,1,1
Morgana/Udyr (DE/FR),Nasus (SI/SH),1,1,1
Nidalee (BC/SH),Gnar (DE/FR),1,1,1
Jax/Ornn (FR/RU),Akshan/Renekton (SH),1,1,1
Akshan/Nasus (SI/SH),Senna/Veigar (BC/SI),1,1,1
Akshan/Nasus (SI/SH),Galio/Udyr (DE/FR),1,1,1
Udyr/Vayne (DE/FR),Akshan/Nasus (SI/SH),1,1,1
Akshan/Nasus (SI/SH),Lillia/Udyr (FR/IO),1,1,1
Kalista/Nasus (SI/SH),Akshan/Nasus (SI/SH),1,1,1
Championless (SI),Sivir/Udyr (FR/SH),1,1,1
Maokai/Nautilus (BW/SI),Braum/Galio (DE/FR),1,1,1
Lillia/Udyr (FR/IO),Gnar (DE/FR),1,1,1
Kayle (BW/MT),Morgana/Shyvana (DE/MT),1,1,1
Akshan/Varus (SH/RU),Gnar/Kayle (FR/MT),1,1,1
LeBlanc/Sion (BC/NX),Akshan/Varus (SH/RU),1,1,1
Kalista (MT/SI),Nidalee (BC/SH),1,1,1
Aatrox (RU/BW),Morgana/Udyr (DE/FR),1,1,1
Morgana/Udyr (DE/FR),Lillia/Udyr (FR/IO),1,1,1
Kayle (BW/MT),Akshan/Renekton (SH),1,1,1
Leona/Yasuo (IO/MT),Akshan/Nasus (SI/SH),1,1,1
Lee Sin/Viktor (IO/PZ),LeBlanc/Sion (BC/NX),1,1,1
Morgana/Udyr (DE/FR),Garen/Morgana (DE/IO),1,1,1
Jax/Kayn (RU/RU),Nasus/Thresh (SI/SH),1,1,1
Akshan/Nasus (SI/SH),Galio/Morgana (DE/MT),1,1,1
Jax/Ornn (FR/RU),Ashe/Caitlyn (FR/PZ),1,1,1
Ryze (RU/SH),Senna/Veigar (BC/SI),1,1,1
Kai'Sa/Sivir (BW/SH),Gnar/Sejuani (BC/FR),1,1,1
Kalista/Nasus (SI/SH),Gnar (DE/FR),1,1,1
Gnar/Nidalee (BC/SH),Nasus (SI/SH),1,1,1
Gwen (NX/SI),Nidalee (BC/SH),1,1,1
Jayce/Lux (DE/PZ),Ashe/Caitlyn (FR/PZ),1,1,1
Ornn/Sejuani (FR),Jack/Sett (BW/IO),1,1,1
Jack/Sett (BW/IO),Janna/Viktor (PZ/SI),1,1,1
Nidalee (BC/SH),Akshan/Nasus (SI/SH),1,1,1
Akshan/Lee Sin (IO/SH),Akshan/Renekton (SH),1,1,1
Gwen (NX/SI),Kayle (BW/MT),1,1,1
Gwen (NX/SI),Sett (IO/PZ),1,1,1
Akshan/Lee Sin (IO/SH),Gwen (NX/SI),1,1,1
Senna/Veigar (BC/SI),Ornn/Sejuani (FR),1,1,1
Kalista/Nasus (SI/SH),Nasus/Renekton (SH),1,1,1
Jack/Sett (BW/IO),Ryze (RU/SH),1,1,1
Jack/Sett (BW/IO),Neeko (FR/RU),1,1,1
Nasus/Renekton (SH),Jack/Sett (BW/IO),1,1,1
Janna/Sett (IO/PZ),Ryze (RU/SH),1,1,1
Janna/Sett (IO/PZ),Kalista/Nasus (SI/SH),1,1,1
Akshan/Lee Sin (IO/SH),Janna/Morgana/Viktor (MT/PZ),1,1,1
Lulu/Taric (IO/MT),Jack/Sett (BW/IO),1,1,1
Akshan/Sett (IO/SH),Jack/Sett (BW/IO),1,1,1
Jack/Sett (BW/IO),Gangplank/Kalista (BW/SI),1,1,1
Maokai/Nautilus (BW/SI),Kai'Sa/Sivir (DE/SH),1,1,1
Maokai/Nautilus (BW/SI),Malphite/Yasuo (IO/MT),1,1,1
Neeko/Poppy (BC/RU),Senna/Veigar (BC/SI),1,1,1
Gwen/Sivir (SI/SH),Jack/Sett (BW/IO),1,1,1
Kayle (BW/MT),Neeko/Poppy (BC/RU),1,1,1
Neeko/Poppy (BC/RU),Sejuani/Swain (FR/NX),1,1,1
Senna/Veigar (BC/SI),Lulu/Poppy (DE/IO),1,1,1
Akshan/Lee Sin (IO/SH),Nasus (SI/SH),1,1,1
Akshan/Varus (SH/RU),Gwen/Sivir (SI/SH),1,1,1
Rumble/Sion (BC/NX),Neeko/Poppy (BC/RU),1,1,1
Jack/Sett (BW/IO),Jayce (FR/PZ),1,1,1
Jack/Sett (BW/IO),Sett/Udyr (FR/IO),1,1,1
Riven/Viktor (NX/PZ),Galio/Udyr (DE/FR),1,1,1
Morgana/Udyr (DE/FR),Riven/Rumble (BC/NX),1,1,1
Riven/Rumble (BC/NX),Gwen (NX/SI),1,1,1
Renekton/Sivir (SH),Darius/Gnar (FR/NX),1,1,1
Lee Sin/Viktor (IO/PZ),Poppy/Tristana (BC/NX),1,1,1
Lillia/Yasuo (FR/IO),Akshan/Lee Sin (IO/SH),1,1,1
Braum/Lillia (FR/IO),Gnar/Sejuani (BC/FR),1,1,1
Aphelios/Lee Sin (IO/MT),Maokai/Nautilus (BW/SI),1,1,1
Akshan/Nasus (SI/SH),Gangplank/Sejuani (BW/FR),1,1,1
Maokai (BW/SI),Ashe/Caitlyn (FR/PZ),1,1,1
Lillia (FR/IO),Aphelios/Lee Sin (IO/MT),1,1,1
Braum/Vladimir (FR/NX),Sett/Yasuo (FR/IO),1,1,1
Akshan/Lee Sin (IO/SH),Gwen/Riven (NX/SI),1,1,1
Nidalee/Renekton (SH),Akshan/Varus (SH/RU),1,1,1
Janna/Sett/Viktor (IO/PZ),Lillia/Yasuo (FR/IO),1,1,1
Ashe (FR/PZ),Kalista/Thresh (SI),1,1,1
Lee Sin/Viktor (IO/PZ),Poppy (BC/PZ),1,1,1
Gwen/Vi (PZ/SI),Aphelios/Viktor (MT/PZ),1,1,1
Akshan/Riven (NX/SH),Gwen/Vi (PZ/SI),1,1,1
Kalista (MT/SI),Lee Sin/Viktor (IO/PZ),1,1,1
Akshan/Morgana (DE/SH),Lee Sin/Viktor (IO/PZ),1,1,1
Darius/Lulu (IO/NX),Jack/Sett (BW/IO),1,1,1
Akshan/Morgana (DE/SH),Jack/Sett (BW/IO),1,1,1
Ashe (FR/PZ),Akshan/Morgana (DE/SH),1,1,1
Braum/Vladimir (FR/NX),Lillia (FR/IO),1,1,1
Kalista/Sion (NX/SI),Akshan/Varus (SH/RU),1,1,1
Akshan/Nasus (SI/SH),Nautilus/Thresh (BW/SI),1,1,1
Braum/Lillia (FR/IO),Kayle/Ornn (FR/MT),1,1,1
Aphelios/Janna (MT/PZ),Morgana/Udyr (DE/FR),1,1,1
Aatrox/Kayn (RU/RU),Shen/Sivir (IO/SH),1,1,1
Kayle/Ornn (FR/MT),Aatrox/Kayn (RU/RU),1,1,1
Jack/Sett (BW/IO),Ornn/Renekton (FR/SH),1,1,1
Jack/Sett (BW/IO),Aphelios/Lee Sin (IO/MT),1,1,1
Leona/Yasuo (IO/MT),Akshan/Sivir (PZ/SH),1,1,1
Leona/Yasuo (IO/MT),Akshan/Varus (SH/RU),1,1,1
Akshan/Udyr (FR/SH),Gangplank/Sejuani (BW/FR),1,1,1
Braum/Udyr (FR/MT),Akshan/Nasus (SI/SH),1,1,1
Aphelios/Lee Sin (IO/MT),Aatrox/Illaoi (RU/BW),1,1,1
Aphelios/Lee Sin (IO/MT),Darius/Lulu (IO/NX),1,1,1
Aphelios/Lee Sin (IO/MT),Janna (IO/PZ),1,1,1
Lee Sin/Viktor (IO/PZ),Kalista (SI/SH),1,1,1
Aatrox/Illaoi (RU/BW),Akshan/Lee Sin (IO/SH),1,1,1
Braum/Kayle (FR/MT),Akshan/Nasus (SI/SH),1,1,1
Illaoi (BW/NX),Gnar/Neeko (FR/RU),1,1,1
Neeko/Poppy (BC/RU),Braum/Vladimir (FR/NX),1,1,1
Aphelios/Viktor (MT/PZ),Gwen/LeBlanc (NX/SI),1,1,1
Neeko/Poppy (BC/RU),Akshan/Lee Sin (IO/SH),1,1,1
Neeko/Poppy (BC/RU),Darius/Gnar (FR/NX),1,1,1
Rumble/Sion (BC/NX),Galio/Morgana (DE/MT),1,1,1
Aatrox/Kayn (RU/RU),Kalista (MT/SI),1,1,1
Jack/Sett (BW/IO),Kayle (MT/SI),1,1,1
Illaoi (BW/NX),Lillia/Udyr (FR/IO),1,1,1
LeBlanc/Udyr (FR/NX),Galio/Morgana (DE/MT),1,1,1
Poppy/Tristana (BC/NX),Morgana (BC/MT),1,1,1
Leona/Yasuo (IO/MT),Kalista (MT/SI),1,1,1
Gnar/Neeko (FR/RU),Poppy/Tristana (BC/NX),1,1,1
Gnar/Neeko (FR/RU),Aatrox/Kayn (RU/RU),1,1,1
Aatrox/Poppy/Vayne (RU/DE),Braum/Lillia (FR/IO),1,1,1
Udyr/Viktor (FR/PZ),Jack/Sett (BW/IO),1,1,1
Janna/Sett/Viktor (IO/PZ),Championless (DE/SI),1,1,1
Lux/Shen (DE/IO),Senna (PZ/SI),1,1,1
Akshan/Shyvana (DE/SH),Sion (NX/SI),1,1,1
Maokai/Nautilus (BW/SI),Sion (NX/SI),1,1,1
Sion (NX/SI),Jax/Ornn (FR/RU),1,1,1
Braum/Lillia (FR/IO),Sion (NX/SI),1,1,1
Championless (SI),LeBlanc/Udyr (FR/NX),1,1,1
Aatrox/Kayn (RU/RU),Ornn/Sejuani (FR),1,1,1
Illaoi (BW/NX),Nidalee (BC/SH),1,1,1
LeBlanc/Rumble (BC/NX),Lillia (FR/IO),1,1,1
Ashe/LeBlanc (FR/NX),Kalista/Nasus (SI/SH),1,1,1
Ashe/LeBlanc (FR/NX),Nasus/Renekton (SH),1,1,1
Braum/Lillia (FR/IO),Lillia (FR/IO),1,1,1
Nidalee (BC/SH),Kalista/LeBlanc (NX/SI),1,1,1
Nidalee (BC/SH),Ashe/Braum (FR/PZ),1,1,1
Garen/Lux (DE),Championless (MT/SI),1,1,1
Galio/Garen (DE/MT),Senna (PZ/SI),1,1,1
Ashe/LeBlanc (FR/NX),LeBlanc/Udyr (FR/NX),1,1,1
LeBlanc/Udyr (FR/NX),Akshan/Varus (SH/RU),1,1,1
Janna/Sett/Viktor (IO/PZ),Aphelios/Lee Sin (IO/MT),1,1,1
Ashe (FR/PZ),Gwen/Vi (PZ/SI),1,1,1
Akshan/Morgana/Sivir (DE/SH),Jack/Sett (BW/IO),1,1,1
Aatrox/Kayn (RU/RU),Braum (BC/FR),1,1,1
Lee Sin/Viktor (IO/PZ),Caitlyn (BC/PZ),1,1,1
Gnar/Nidalee (BC/SH),Caitlyn (BC/PZ),1,1,1
Gnar/Nidalee (BC/SH),Garen (DE),1,1,1
Nasus/Renekton (SH),Janna/Sett (IO/PZ),1,1,1
Braum/Vladimir (FR/NX),Janna/Sett/Viktor (IO/PZ),1,1,1
Akshan/Shyvana (DE/SH),Championless (MT/SI),1,1,1
Nasus/Renekton (SH),Neeko (FR/RU),1,1,1
Senna/Veigar (BC/SI),Lee Sin/Riven (IO/NX),1,1,1
Senna/Veigar (BC/SI),Garen/Poppy (DE/FR),1,1,1
Gwen/LeBlanc (NX/SI),Senna/Veigar (BC/SI),1,1,1
Viktor (PZ/SI),Championless (PZ/SI),1,1,1
Akshan/Lee Sin (IO/SH),Viktor (IO/PZ),1,1,1
Illaoi (BW/NX),Morgana/Udyr (DE/FR),1,1,1
Akshan/Udyr (FR/SH),Morgana/Udyr (DE/FR),1,1,1
Morgana/Udyr (DE/FR),Gwen (NX/SI),1,1,1
Morgana/Udyr (DE/FR),Garen/Poppy (DE/FR),1,1,1
Maokai (BW/SI),Braum/Lillia (FR/IO),1,1,1
Ornn/Sejuani (FR),Championless (SI),1,1,1
Janna/Sett (IO/PZ),Kayle/Leona (MT/SH),1,1,1
Gwen/Sivir (SI/SH),Championless (SI),1,1,1
Garen/Poppy (DE/FR),Akshan/Varus (SH/RU),1,1,1
Gangplank/Sejuani (BW/FR),Aphelios/Morgana (MT/SI),1,1,1
Gangplank/Sejuani (BW/FR),Championless (MT/SI),1,1,1
Gangplank/Sejuani (BW/FR),Neeko/Poppy (DE/RU),1,1,1
Braum/Lillia (FR/IO),Darius/Vayne (DE/NX),1,1,1
Braum/Lillia (FR/IO),Kalista/Thresh (SI),1,1,1
Championless (MT/SI),Gwen/Vi (PZ/SI),1,1,1
Morgana/Udyr (DE/FR),Taric (BW/MT),1,1,1
Senna/Veigar (BC/SI),Lillia/Udyr (FR/IO),1,1,1
Nasus/Thresh (SI/SH),Aphelios/Morgana (MT/SI),1,1,1
Nasus/Thresh (SI/SH),Ornn/Sejuani (FR),1,1,1
Morgana/Udyr (DE/FR),Akshan/Morgana/Sivir (DE/SH),1,1,1
Riven/Vi (NX/PZ),Rumble/Sion (BC/NX),1,1,1
Neeko/Poppy (DE/RU),Gwen/Sivir (SI/SH),1,1,1
Gangplank/Sejuani (BW/FR),Akshan/Gwen (SI/SH),1,1,1
Gnar/Lillia (FR/IO),Akshan/Lee Sin (IO/SH),1,1,1
Kayle (BW/MT),Kai'Sa/Sivir (SI/SH),1,1,1
Gnar/Sejuani (BC/FR),Darius/Vayne (DE/NX),1,1,1
Neeko/Poppy (BC/RU),Ashe/LeBlanc (FR/NX),1,1,1
Neeko/Poppy (BC/RU),Championless (SI),1,1,1
Neeko/Poppy (BC/RU),Janna/Morgana (MT/PZ),1,1,1
Lee Sin/Viktor (IO/PZ),Gwen/Vi (PZ/SI),1,1,1
Jax/Ornn (FR/RU),Aphelios/Viktor (MT/PZ),1,1,1
Gnar/Sejuani (BC/FR),Nasus/Renekton (SH),1,1,1
Gnar/Nidalee (BC/SH),Lillia/Udyr (FR/IO),1,1,1
Championless (SI),Akshan/Renekton (SH),1,1,1
Jack/Sett (BW/IO),Championless (MT/SI),1,1,1
Gnar/Tristana (BC/NX),Championless (SI),1,1,1
Championless (SI),Kalista (MT/SI),1,1,1
Championless (SI),Udyr (FR/IO),1,1,1
Riven/Rumble (BC/NX),Darius/Gnar (FR/NX),1,1,1
Riven/Rumble (BC/NX),Nasus/Senna (SI/SH),1,1,1
Gangplank/Sejuani (BW/FR),Gnar/Tristana (BC/NX),1,1,1
Poppy/Taric (DE/MT),Championless (MT/SI),1,1,1
Gwen/Vayne (DE/SI),Neeko/Poppy (BC/RU),1,1,1
Gnar/Tristana (BC/NX),Championless (MT/SI),1,1,1
Championless (MT/SI),Rumble/Sion (BC/NX),1,1,1
Galio/Morgana (DE/MT),Morgana/Udyr (DE/FR),1,1,1
Galio/Morgana (DE/MT),Lillia/Udyr (FR/IO),1,1,1
Senna/Veigar (BC/SI),Malphite/Shyvana (DE/MT),1,1,1
Morgana/Udyr (DE/FR),Lillia/Sett (FR/IO),1,1,1
Akshan/Varus (SH/RU),Morgana (BC/MT),1,1,1
Lillia/Sett (FR/IO),Gangplank/Sejuani (BW/FR),1,1,1
Lillia/Udyr (FR/IO),Nasus/Thresh (SI/SH),1,1,1
Akshan/Lee Sin (IO/SH),Riven/Varus (NX/RU),1,1,1
Kayle (BW/MT),Leona/Yasuo (IO/MT),1,1,1
Gnar/Tristana (BC/NX),Gnar/Poppy (BC/BW),1,1,1
Riven/Rumble (BC/NX),Akshan/Varus (SH/RU),1,1,1
Maokai/Nautilus (BW/SI),Riven/Rumble (BC/NX),1,1,1
Akshan/Varus (SH/RU),Garen (DE/FR),1,1,1
Kayle/Lillia (IO/MT),Swain/Yasuo (IO/NX),1,1,1
LeBlanc/Udyr (FR/NX),Morgana/Udyr (DE/FR),1,1,1
Morgana (BC/MT),Morgana/Udyr (DE/FR),1,1,1
Gnar/Tristana (BC/NX),Akshan/Nasus (SI/SH),1,1,1
Lee Sin/Viktor (IO/PZ),Jack/Poppy (BC/BW),1,1,1
Janna/Sett/Viktor (IO/PZ),Morgana/Udyr (DE/FR),1,1,1
Nidalee (BC/SH),Gnar/Yasuo (FR/IO),1,1,1
Shen/Sivir (IO/SH),Akshan/Morgana (DE/SH),1,1,1
Championless (SI),Akshan/Nasus/Udyr (FR/SH),1,1,1
Akshan/Nasus/Udyr (FR/SH),Braum/Lillia (FR/IO),1,1,1
Akshan/Nasus/Udyr (FR/SH),Akshan/Varus (SH/RU),1,1,1
Lee Sin/Viktor (IO/PZ),Galio/Morgana (DE/MT),1,1,1
Braum/Vladimir (FR/NX),Garen/Poppy (DE/FR),1,1,1
Lee Sin/Viktor (IO/PZ),Neeko/Nidalee (RU/SH),1,1,1
Morgana/Udyr/Vayne (DE/FR),Lee Sin/Viktor (IO/PZ),1,1,1
Aatrox/Kayn (RU/RU),Sett (FR/IO),1,1,1
Akshan/Nasus/Udyr (FR/SH),Kayle (BW/MT),1,1,1
Lulu/Shen (DE/IO),Sett/Yasuo (FR/IO),1,1,1
Akshan/Sivir (NX/SH),Sett/Udyr (FR/IO),1,1,1
Sett/Udyr (FR/IO),Neeko (FR/RU),1,1,1
Braum/Lillia (FR/IO),Rumble/Sion (BC/NX),1,1,1
Leona/Yasuo (IO/MT),Gnar/Sejuani (BC/FR),1,1,1
Aphelios/Morgana (MT/SI),Gnar/Sejuani (BC/FR),1,1,1
Nasus/Senna (SI/SH),Morgana/Udyr (DE/FR),1,1,1
Championless (SI),Kayle/Leona (MT/SH),1,1,1
Morgana/Udyr (DE/FR),Akshan/Nasus/Renekton (SH),1,1,1
Aphelios/Morgana (MT/SI),Braum/Vladimir (FR/NX),1,1,1
Ashe/LeBlanc (FR/NX),Lillia/Viktor (IO/PZ),1,1,1
Braum/Vladimir (FR/NX),Morgana/Taric (DE/MT),1,1,1
Aphelios/Morgana (MT/SI),Morgana/Taric (DE/MT),1,1,1
Illaoi/Swain (BW/NX),Morgana/Taric (DE/MT),1,1,1
Championless (SI),Taric/Udyr (FR/MT),1,1,1
Akshan/Nasus (SI/SH),Poppy/Tristana (BC/NX),1,1,1
Janna/Sett/Viktor (IO/PZ),Kayle (BW/MT),1,1,1
Championless (SI),Neeko (RU/NX),1,1,1
Braum/Vladimir (FR/NX),Neeko (RU/NX),1,1,1
Gnar/Yasuo (FR/IO),Aatrox/Kayn (RU/RU),1,1,1
Sett/Viktor (IO/PZ),Galio/Morgana (DE/MT),1,1,1
Garen/Poppy (DE/SH),Braum/Lillia (FR/IO),1,1,1
Akshan/Lee Sin (IO/SH),Lee Sin/Udyr (FR/IO),1,1,1
Morgana (BC/MT),Jayce/Lux (DE/PZ),1,1,1
Lee Sin/Yasuo (FR/IO),Lee Sin/Viktor (IO/PZ),1,1,1
Akshan/Sivir (NX/SH),Udyr/Yasuo (FR/IO),1,1,1
Championless (SI),Udyr/Yasuo (FR/IO),1,1,1
Akshan/Nasus (SI/SH),Lee Sin/Yasuo (FR/IO),1,1,1
Lee Sin/Yasuo (FR/IO),Lulu/Shen (DE/IO),1,1,1
Lee Sin/Yasuo (FR/IO),Riven/Rumble (BC/NX),1,1,1
Lee Sin/Yasuo (FR/IO),Kayle (BW/MT),1,1,1
Aphelios/Viktor (MT/PZ),Illaoi/Swain (BW/NX),1,1,1
Championpile (FR/SH),Championless (SI),1,1,1
Sett/Viktor (IO/PZ),Akshan/Varus (SH/RU),1,1,1
Braum/Vladimir (FR/NX),Galio/Poppy (DE/MT),1,1,1
Championless (SI),Galio/Poppy (DE/MT),1,1,1
Morgana/Udyr (DE/FR),Akshan/Kayn (RU/SH),1,1,1
Riven/Rumble (BC/NX),Akshan/Lee Sin (IO/SH),1,1,1
Braum/Vladimir (FR/NX),Garen/LeBlanc (DE/NX),1,1,1
Lee Sin/Viktor (IO/PZ),Janna/Sett/Viktor (IO/PZ),1,1,1
Galio/Udyr (DE/FR),Maokai (BW/SI),1,1,1
Galio/Poppy (DE/FR),Aphelios/Viktor (MT/PZ),1,1,1
Sett/Viktor (IO/PZ),Braum/Vladimir (FR/NX),1,1,1
Senna/Veigar (BC/SI),Lillia/Yasuo (FR/IO),1,1,1
Aphelios/Taric (FR/MT),Neeko (FR/RU),1,1,1
Galio/Udyr (DE/FR),Championless (PZ/SI),1,1,1
Braum/Vladimir (FR/NX),Janna (BW/PZ),1,1,1
Akshan/Taric (MT/SH),Ashe/LeBlanc (FR/NX),1,1,1
Akshan/Varus (SH/RU),Lillia/Yasuo (FR/IO),1,1,1
Aatrox/Kayn (RU/RU),Championless (PZ/SI),1,1,1
Championless (SI),Aphelios/Taric (FR/MT),1,1,1
Kayle (BW/MT),Aphelios/Taric (FR/MT),1,1,1
Lux/Udyr (DE/FR),Aphelios/Viktor (MT/PZ),1,1,1
Gwen/Vayne (DE/SI),Braum/Vladimir (FR/NX),1,1,1
Aatrox/Kayn (RU/RU),Galio/Poppy (DE/MT),1,1,1
Lee Sin/Udyr (FR/IO),Lee Sin/Viktor (IO/PZ),1,1,1
Lee Sin/Udyr (FR/IO),Championless (SI/SH),1,1,1
Lee Sin/Udyr (FR/IO),Janna (PZ/SI),1,1,1
Ashe/Sejuani (FR/NX),Kayle (BW/MT),1,1,1
LeBlanc (FR/NX),Darius/Gnar (FR/NX),1,1,1
Darius/Gnar (FR/NX),Janna (PZ/SI),1,1,1
Darius/Gnar (FR/NX),Akshan/Jax (RU/SH),1,1,1
Morgana/Udyr (DE/FR),Darius/Gwen (NX/SI),1,1,1
Lux (DE/PZ),Senna/Veigar (BC/SI),1,1,1
Gnar/Nidalee (BC/SH),Leona/Yasuo (IO/MT),1,1,1
Ashe/Sejuani (FR/NX),Ashe/LeBlanc (FR/NX),1,1,1
Gnar/Tristana (BC/NX),Gnar/Nidalee (BC/SH),1,1,1
Akshan/Varus (SH/RU),Ashe/Sejuani (FR/NX),1,1,1
Ashe/LeBlanc/Riven (FR/NX),Braum/Vladimir (FR/NX),1,1,1
Morgana/Udyr (DE/FR),Garen/Taric (DE/MT),1,1,1
Shen/Sivir (IO/SH),Sett/Viktor (IO/PZ),1,1,1
Gwen/Vayne (DE/SI),Gnar/Tristana (BC/NX),1,1,1
Championless (PZ/SI),Aphelios/Viktor (MT/PZ),1,1,1
Kalista (MT/SI),Braum/Vladimir (FR/NX),1,1,1
Jayce/Lux (DE/PZ),Ashe/Sejuani (FR/NX),1,1,1
Ashe/Sejuani (FR/NX),Championless (SI),1,1,1
LeBlanc/Sivir (NX/SH),Galio/Morgana (DE/MT),1,1,1
LeBlanc/Sivir (NX/SH),Aphelios/Yasuo (IO/MT),1,1,1
Lee Sin/Udyr (FR/IO),Braum (BC/FR),1,1,1
Jayce/Lux (DE/PZ),Lux/Udyr (DE/FR),1,1,1
Lux/Udyr (DE/FR),Darius/Gnar (FR/NX),1,1,1
Janna/Senna (PZ/SI),Senna/Veigar (BC/SI),1,1,1
Senna/Veigar (BC/SI),Championpile (FR/SH),1,1,1
Championless (SI),Lux (DE/PZ),1,1,1
Darius/Gnar (FR/NX),Lillia (FR/IO),1,1,1
Darius/Gnar (FR/NX),Lux (DE/PZ),1,1,1
Shen/Sivir (IO/SH),Akshan/Lee Sin (IO/SH),1,1,1
Lee Sin/Udyr (FR/IO),Ashe/Caitlyn (FR/PZ),1,1,1
Lee Sin/Udyr (FR/IO),Akshan/Varus (SH/RU),1,1,1
Kalista (MT/SI),Galio/Morgana (DE/MT),1,1,1
Lillia/Viktor (IO/PZ),Senna (PZ/SI),1,1,1
Braum/Vladimir (FR/NX),Udyr/Vayne (DE/FR),1,1,1
LeBlanc/Udyr (FR/NX),Ornn/Sejuani (FR),1,1,1
Udyr/Vayne (DE/FR),Braum/Lillia (FR/IO),1,1,1
Ashe/Caitlyn (FR/PZ),Senna (PZ/SI),1,1,1
Kayle (BW/MT),Lillia (FR/IO),1,1,1
Kayle/Shyvana (DE/MT),Aphelios/Taric (FR/MT),1,1,1
Galio/Morgana (DE/MT),Lillia/Viktor (IO/PZ),1,1,1
Gnar/Illaoi (BW/FR),Garen (DE),1,1,1
Kalista/Sivir (SI/SH),Kayle (BW/MT),1,1,1
Lillia/Viktor (IO/PZ),Championless (SI),1,1,1
Lee Sin/Viktor (IO/PZ),Championless (IO/PZ),1,1,1
Senna (PZ/SI),Riven/Viktor (NX/PZ),1,1,1
Rumble/Vayne (DE/NX),Riven/Viktor (NX/PZ),1,1,1
Nasus/Senna (SI/SH),Jack/Sett (BW/IO),1,1,1
Jack/Sett (BW/IO),Lillia/Yasuo (FR/IO),1,1,1
Braum/Lillia (FR/IO),Rumble/Vayne (DE/NX),1,1,1
Gnar/Poppy (BC/BW),Braum/Vladimir (FR/NX),1,1,1
Nasus/Thresh (SI/SH),Braum/Vladimir (FR/NX),1,1,1
Aatrox (RU/BW),Ashe/Sejuani (FR/NX),1,1,1
Braum/Vladimir (FR/NX),Kalista (SI/SH),1,1,1
Lillia/Udyr (FR/IO),Akshan/Morgana (DE/SH),1,1,1
Nidalee (BC/SH),Gnar/Illaoi (BW/FR),1,1,1
Akshan/Sivir (NX/SH),Morgana/Udyr (DE/FR),1,1,1
Ashe/LeBlanc (FR/NX),Gnar (DE/FR),1,1,1
Akshan/Varus (SH/RU),Garen (DE),1,1,1
Gnar/Kayle (FR/MT),Sett (IO/PZ),1,1,1
Rumble/Sion (BC/NX),Sett (IO/PZ),1,1,1
Gnar/Nidalee (BC/SH),Galio/Udyr (DE/FR),1,1,1
Nidalee (BC/SH),Lillia/Viktor (IO/PZ),1,1,1
Darius/Gwen (NX/SI),Championless (PZ/SI),1,1,1
Lillia/Viktor (IO/PZ),Kayle (BW/MT),1,1,1
Gwen/Vayne (DE/SI),Caitlyn/Swain (NX/PZ),1,1,1
Morgana/Shyvana (DE/MT),Akshan/Varus (SH/RU),1,1,1
Akshan/Varus (SH/RU),Illaoi/Ornn (BW/FR),1,1,1
Riven/Viktor (NX/PZ),Janna/Viktor (MT/PZ),1,1,1
Riven/Viktor (NX/PZ),Lillia/Yasuo (FR/IO),1,1,1
Kayle (BW/MT),Tahm Kench (BW/MT),1,1,1
Nidalee (BC/SH),Gnar/Gwen (FR/SI),1,1,1
Neeko/Poppy (BC/RU),Janna/Sett/Viktor (IO/PZ),1,1,1
Neeko/Poppy (BC/RU),Gangplank/Sejuani (BW/FR),1,1,1
Darius/Gnar (FR/NX),Lillia/Viktor (IO/PZ),1,1,1
Darius/Gnar (FR/NX),Galio/Taric (DE/MT),1,1,1
Nidalee (BC/SH),Akshan/Renekton (SH),1,1,1
Nasus/Thresh (SI/SH),Championless (PZ/SI),1,1,1
Aphelios/Sett (IO/MT),Morgana/Udyr (DE/FR),1,1,1
Aphelios/Viktor (MT/PZ),Morgana/Udyr/Vayne (DE/FR),1,1,1
Janna/Sett/Viktor (IO/PZ),Senna/Veigar (BC/SI),1,1,1
Senna (PZ/SI),Garen (DE),1,1,1
Maokai/Nautilus (BW/SI),Galio/Garen (DE/MT),1,1,1
Ashe (FR/PZ),Gnar/Gwen (FR/SI),1,1,1
Braum/Lillia (FR/IO),Gwen/Vayne (DE/SI),1,1,1
Aphelios/Yasuo (IO/MT),Gnar/Tristana (BC/BW),1,1,1
Aphelios/Yasuo (IO/MT),Ashe/LeBlanc (FR/NX),1,1,1
Senna (SI),Kayle (BW/MT),1,1,1
Nasus/Renekton (SH),Darius/Gwen (NX/SI),1,1,1
Morgana/Udyr (DE/FR),Shen/Sivir (IO/SH),1,1,1
Aphelios/Viktor (MT/PZ),Lee Sin/Udyr (FR/IO),1,1,1
Lee Sin/Udyr (FR/IO),Rumble/Sion (BC/NX),1,1,1
Kalista/Nasus (SI/SH),Nasus/Thresh (SI/SH),1,1,1
Nasus/Thresh (SI/SH),Senna (SI),1,1,1
Nasus/Thresh (SI/SH),Illaoi/Swain (BW/NX),1,1,1
Sett/Viktor (IO/PZ),Garen/Poppy (DE/MT),1,1,1
Nidalee (BC/SH),Gangplank/Gnar (BC/BW),1,1,1
Morgana/Udyr (DE/FR),Caitlyn/Swain (NX/PZ),1,1,1
Nasus/Thresh (SI/SH),Kalista/Maokai (FR/SI),1,1,1
Nasus/Thresh (SI/SH),Championpile (FR/SH),1,1,1
Akshan/Varus (SH/RU),Kalista/Nasus (SI/SH),1,1,1
Braum/Vladimir (FR/NX),Jax/Tristana (BC/RU),1,1,1
Kayle (BW/MT),Championless (BC/PZ),1,1,1
Rumble/Sion (BC/NX),Aatrox (RU/BW),1,1,1
Aatrox (RU/BW),Poppy/Taric (DE/MT),1,1,1
Sett (IO/PZ),Kalista/Nasus (SI/SH),1,1,1
Nasus/Thresh (SI/SH),Aphelios/Taric (FR/MT),1,1,1
Nasus/Thresh (SI/SH),Renekton/Sivir (SH),1,1,1
Aatrox (RU/BW),Akshan/Varus (SH/RU),1,1,1
Nasus/Thresh (SI/SH),Akshan/Jack (BW/SH),1,1,1
Gwen/Vayne (DE/SI),Aphelios/Viktor (MT/PZ),1,1,1
Akshan/Gwen (SI/SH),Jayce/Lux (DE/PZ),1,1,1
Riven/Rumble (BC/NX),Poppy/Taric (DE/MT),1,1,1
Kayle (BW/MT),Riven/Rumble (BC/NX),1,1,1
Janna/Sett/Viktor (IO/PZ),Yasuo (IO/NX),1,1,1
Gwen/Vayne (DE/SI),Janna/Sett/Viktor (IO/PZ),1,1,1
Gwen/Vayne (DE/SI),Akshan/Sivir (DE/SH),1,1,1
Aphelios/Viktor (MT/PZ),Akshan/Nasus (SI/SH),1,1,1
Kalista/Nasus (SI/SH),Kayle (BW/MT),1,1,1
Nidalee (BC/SH),Kalista/Nasus (SI/SH),1,1,1
Lux/Thresh (DE/SI),Aphelios/Viktor (MT/PZ),1,1,1
LeBlanc/Riven (FR/NX),Aphelios/Viktor (MT/PZ),1,1,1
Sett (IO/PZ),Braum (FR/MT),1,1,1
Rumble/Sion (BC/NX),Lee Sin/Viktor (IO/PZ),1,1,1
Aatrox/Vayne (RU/DE),Morgana/Udyr (DE/FR),1,1,1
Darius/Vayne (DE/NX),Akshan/Nasus (SI/SH),1,1,1
Riven/Viktor (NX/PZ),Akshan/Nasus (SI/SH),1,1,1
Maokai (BW/SI),Akshan/Nasus (SI/SH),1,1,1
Akshan/Nasus (SI/SH),Ashe (FR/PZ),1,1,1
Nasus/Thresh (SI/SH),Gnar/Nidalee (BC/SH),1,1,1
Janna/Sett/Viktor (IO/PZ),Gangplank/Sejuani (BW/FR),1,1,1
Nasus/Thresh (SI/SH),Darius/Lulu (IO/NX),1,1,1
Galio/Udyr (DE/FR),Aphelios/Viktor (MT/PZ),1,1,1
Gnar/Nidalee (BC/SH),Aatrox/Kayn (RU/RU),1,1,1
Riven/Vi (NX/PZ),Championless (SI),1,1,1
Maokai (BW/SI),Braum/Vladimir (FR/NX),1,1,1
Akshan/Nasus (SI/SH),Aatrox (RU/BW),1,1,1
Gwen/LeBlanc (NX/SI),Akshan/Nasus (SI/SH),1,1,1
Akshan/Nasus (SI/SH),Lee Sin/Udyr (FR/IO),1,1,1
Riven/Viktor (NX/PZ),Janna/Sett/Viktor (IO/PZ),1,1,1
Darius/Gnar (FR/NX),Braum/Ornn (FR/PZ),1,1,1
Gnar/Lillia (FR/IO),Aphelios/Viktor (MT/PZ),1,1,1
LeBlanc/Rumble (BC/NX),Morgana/Udyr (DE/FR),1,1,1
Riven/Rumble (BC/NX),Jayce/Lux (DE/PZ),1,1,1
Renekton/Sivir (SH),Gwen/Vayne (DE/SI),1,1,1
Morgana/Udyr (DE/FR),Ashe/Tahm Kench (BW/FR),1,1,1
Sett (IO/PZ),Garen (DE/FR),1,1,1
Sett (IO/PZ),Neeko (FR/RU),1,1,1
Championless (SI),Sett/Viktor (IO/PZ),1,1,1
Lillia/Udyr (FR/IO),Sett (IO/PZ),1,1,1
Sett/Viktor (IO/PZ),Akshan/Nasus (SI/SH),1,1,1
Gnar/Neeko (FR/RU),Janna/Sett/Viktor (IO/PZ),1,1,1
Darius/Gnar (FR/NX),Akshan/Jax/Sivir (RU/SH),1,1,1
Gwen/Vayne (DE/SI),Gnar/Nidalee (BC/SH),1,1,1
Akshan/Sivir (NX/SH),Akshan/Varus (SH/RU),1,1,1
Akshan/Varus (SH/RU),Shyvana/Swain (DE/NX),1,1,1
Gnar/Sejuani (BC/FR),Nidalee (BC/SH),1,1,1
Jayce/Lux (DE/PZ),Akshan/Riven (NX/SH),1,1,1
Janna/Viktor (IO/PZ),Akshan/Varus (SH/RU),1,1,1
Aphelios/Udyr (FR/MT),Shyvana/Swain (DE/NX),1,1,1
Maokai/Nautilus (BW/SI),Aphelios/Udyr (FR/MT),1,1,1
Aphelios/Udyr (FR/MT),Akshan/Varus (SH/RU),1,1,1
Aphelios/Taric (FR/MT),Gnar (BC/BW),1,1,1
Gwen/Kalista (SI),Maokai/Nautilus (BW/SI),1,1,1
Akshan/Sivir (NX/SH),Braum/Vladimir (FR/NX),1,1,1
Akshan/Jax (RU/SH),Aphelios/Viktor (MT/PZ),1,1,1
Kayle/Lillia (IO/MT),Championless (SI),1,1,1
Lee Sin/Viktor (IO/PZ),Morgana/Taric (BC/MT),1,1,1
Aatrox (RU/BW),Braum/Lillia (FR/IO),1,1,1
Leona/Sivir (MT/SH),Aatrox (RU/BW),1,1,1
Sett/Viktor (IO/PZ),Senna (PZ/SI),1,1,1
Braum/Vladimir (FR/NX),Nasus/Renekton (SH),1,1,1
Kayle/Shyvana (DE/MT),Braum/Vladimir (FR/NX),1,1,1
Maokai/Nautilus (BW/SI),Gnar/Sejuani (BC/FR),1,1,1
Aphelios/Lee Sin (IO/MT),Braum/Vladimir (FR/NX),1,1,1
Udyr/Vayne (DE/FR),Jayce/Lux (DE/PZ),1,1,1
Udyr/Vayne (DE/FR),Morgana/Taric (BC/MT),1,1,1
Udyr/Vayne (DE/FR),Janna/Sett (IO/PZ),1,1,1
Morgana/Udyr (DE/FR),Udyr/Vayne (DE/FR),1,1,1
Udyr/Vayne (DE/FR),Gnar/Udyr (BC/FR),1,1,1
Braum/Kayle (FR/MT),Aatrox (RU/BW),1,1,1
Sett (IO/PZ),Riven/Rumble (BC/NX),1,1,1
Senna/Veigar (BC/SI),Kayle/Morgana (FR/MT),1,1,1
Ashe/LeBlanc (FR/NX),Udyr/Vayne (DE/FR),1,1,1
Lee Sin/Viktor (IO/PZ),LeBlanc/Rumble (IO/NX),1,1,1
Championless (MT/SI),Lee Sin/Viktor (IO/PZ),1,1,1
Galio/Udyr (DE/FR),Championless (FR/NX),1,1,1
Darius/Gnar (FR/NX),Galio/Garen (DE/MT),1,1,1
Gnar (BC/BW),Championless (MT/SI),1,1,1
Udyr/Vayne (DE/FR),Championless (MT/SI),1,1,1
Akshan/Varus (SH/RU),Senna (SI),1,1,1
Lux (DE/PZ),Rumble/Sion (BC/NX),1,1,1
Udyr/Vayne (DE/FR),Kayle (BW/MT),1,1,1
Leona/Yasuo (IO/MT),Leona/Sivir (MT/SH),1,1,1
Lee Sin/Udyr (FR/IO),Kalista/Thresh (SI),1,1,1
Lee Sin/Udyr (FR/IO),Senna (SI),1,1,1
Akshan/Sivir (NX/SH),Sett/Shen (IO/PZ),1,1,1
Udyr/Vayne (DE/FR),Maokai/Nautilus (BW/SI),1,1,1
Aphelios/Viktor (MT/PZ),Aatrox/Illaoi (RU/BW),1,1,1
Udyr/Vayne (DE/FR),Gwen/Vayne (DE/SI),1,1,1
Galio/Garen (DE/MT),Aatrox (RU/BW),1,1,1
Gwen/Vayne (DE/SI),Kayle (BW/MT),1,1,1
Kalista (SI),Lillia/Udyr (FR/IO),1,1,1
Sett (IO/PZ),Ryze (IO/RU),1,1,1
Akshan/Sivir (NX/SH),Aphelios/Lee Sin (IO/MT),1,1,1
Darius/Lulu (IO/NX),Gnar/Nidalee (BC/SH),1,1,1
Shen/Sivir (IO/SH),Gnar/Nidalee (BC/SH),1,1,1
Kayle (BW/MT),Garen/Shyvana (DE/MT),1,1,1
Maokai (BW/SI),Senna/Veigar (BC/SI),1,1,1
Maokai/Nautilus (BW/SI),Gwen/Vayne (DE/SI),1,1,1
Gwen/Vayne (DE/SI),Shen/Sivir (IO/SH),1,1,1
Darius (FR/NX),Gwen/Vayne (DE/SI),1,1,1
Darius/Lulu (IO/NX),Kayle (BW/MT),1,1,1
Darius/Lulu (IO/NX),Akshan/Lee Sin (IO/SH),1,1,1
Darius/Lulu (IO/NX),Akshan/Morgana (DE/SH),1,1,1
Sett (IO/PZ),Championless (PZ/SI),1,1,1
Shen/Sivir (IO/SH),Leona/Yasuo (IO/MT),1,1,1
Aphelios/Udyr (FR/MT),Darius/Gnar (FR/NX),1,1,1
Lee Sin/Viktor (IO/PZ),Ashe/Tahm Kench (BW/FR),1,1,1
Kayle (BW/MT),Lulu/Poppy (DE/IO),1,1,1
Akshan/Morgana (DE/SH),Galio/Garen (DE/MT),1,1,1
Kalista (SI),Poppy/Tristana (BC/NX),1,1,1
Poppy/Tristana (BC/NX),Kalista/Nasus (SI/SH),1,1,1
Aphelios/Lee Sin (IO/MT),Darius (FR/NX),1,1,1
Galio/Morgana (DE/MT),Darius (FR/NX),1,1,1
Akshan/Sivir (NX/SH),Championpile (FR/SH),1,1,1
LeBlanc/Udyr (FR/NX),Akshan/Sivir (NX/SH),1,1,1
Senna (PZ/SI),Darius (FR/NX),1,1,1
Darius (FR/NX),Senna/Veigar (BC/SI),1,1,1
Darius (FR/NX),Gnar/Nidalee (BC/SH),1,1,1
Lillia/Yasuo (FR/IO),Gnar/Nidalee (BC/SH),1,1,1
Braum/Vladimir (FR/NX),Lux/Shen (DE/IO),1,1,1
Darius (FR/NX),Championless (PZ/SI),1,1,1
Championless (PZ/SI),Swain/Vladimir (BW/NX),1,1,1
Akshan/Aphelios (MT/SH),Championless (PZ/SI),1,1,1
Senna/Veigar (BC/SI),Ashe/Tahm Kench (BW/FR),1,1,1
Janna/Viktor (IO/PZ),Senna/Veigar (BC/SI),1,1,1
Jayce/Lux (DE/PZ),Lillia (FR/IO),1,1,1
Caitlyn/Swain (NX/PZ),Akshan/Lee Sin (IO/SH),1,1,1
LeBlanc/Riven (FR/NX),Jayce/Lux (DE/PZ),1,1,1
Morgana/Udyr (DE/FR),Caitlyn/Jack (BW/PZ),1,1,1
Braum/Lillia (FR/IO),Championless (DE/SI),1,1,1
Sett (IO/PZ),Ashe/Sejuani (FR/NX),1,1,1
Shen/Sivir (IO/SH),Poppy/Taric (DE/MT),1,1,1
Shen/Sivir (IO/SH),Rumble/Sion (BC/NX),1,1,1
Darius (FR/NX),Aatrox (RU/BW),1,1,1
Rumble/Sion (BC/NX),Darius (FR/NX),1,1,1
Ryze (IO/RU),LeBlanc/Udyr (FR/NX),1,1,1
Morgana/Udyr (DE/FR),Aatrox/Akshan (RU/SH),1,1,1
Maokai/Nautilus (BW/SI),Aatrox/Akshan (RU/SH),1,1,1
Gnar/Illaoi (BW/FR),Akshan/Lee Sin (IO/SH),1,1,1
Braum/Lillia (FR/IO),Lee Sin/Udyr (FR/IO),1,1,1
Jayce/Lux (DE/PZ),Gwen/Vayne (DE/SI),1,1,1
Gnar/Illaoi (BW/FR),Gangplank/LeBlanc (BW/NX),1,1,1
Kalista/Nasus/Thresh (SI/SH),Darius (FR/NX),1,1,1
Darius (FR/NX),Lillia/Viktor (IO/PZ),1,1,1
Sett (IO/PZ),Akshan/Morgana (DE/SH),1,1,1
Kalista/Nasus/Thresh (SI/SH),Morgana/Udyr (DE/FR),1,1,1
Kalista/Nasus/Thresh (SI/SH),Senna/Veigar (BC/SI),1,1,1
Kayle (BW/MT),Kalista/Nasus/Thresh (SI/SH),1,1,1
Aphelios/Lee Sin (IO/MT),Kalista/Nasus/Thresh (SI/SH),1,1,1
Kalista/Nasus/Thresh (SI/SH),Championless (SI),1,1,1
Darius (FR/NX),Janna/Sett/Viktor (IO/PZ),1,1,1
Janna/Sett/Viktor (IO/PZ),Garen/Kai'Sa (DE/SH),1,1,1
Darius/Lulu (IO/NX),Ashe (FR/PZ),1,1,1
Darius/Lulu (IO/NX),Lillia/Viktor (IO/PZ),1,1,1
Championless (SI),Kai'Sa/Sivir (DE/SH),1,1,1
Morgana/Udyr (DE/FR),LeBlanc (FR/NX),1,1,1
Shen/Sivir (IO/SH),Sett (IO/PZ),1,1,1
Shen/Sivir (IO/SH),Lillia/Yasuo (FR/IO),1,1,1
Renekton/Sivir (SH),Akshan/Varus (SH/RU),1,1,1
Lux/Udyr (DE/FR),Rumble/Sion (BC/NX),1,1,1
Aatrox/Akshan (RU/SH),Senna/Veigar (BC/SI),1,1,1
Aatrox/Akshan (RU/SH),Darius (FR/NX),1,1,1
Akshan/Morgana (DE/SH),Maokai/Nautilus (BW/SI),1,1,1
Akshan/Varus (SH/RU),Galio/Taric (DE/MT),1,1,1
Gnar/Nidalee (BC/SH),Gnar/Udyr (FR/MT),1,1,1
Akshan/Aphelios/Morgana (MT/SH),Aatrox/Vayne (RU/DE),1,1,1
Garen/Taric (DE/MT),Akshan/Nasus (SI/SH),1,1,1
Garen/Taric (DE/MT),Shen/Sivir (IO/SH),1,1,1
Senna/Veigar (BC/SI),Darius/Gwen (NX/SI),1,1,1
Janna/Senna (PZ/SI),Jayce/Lux (DE/PZ),1,1,1
Janna/Senna (PZ/SI),Janna (MT/PZ),1,1,1
Janna/Senna (PZ/SI),Aatrox/Morgana (RU/DE),1,1,1
Lee Sin/Viktor (IO/PZ),Janna/Senna (PZ/SI),1,1,1
Lee Sin/Viktor (IO/PZ),Akshan/Riven (NX/SH),1,1,1
Gwen (NX/SI),Maokai/Nautilus (BW/SI),1,1,1
Gwen (NX/SI),Maokai (BW/SI),1,1,1
Gnar/Udyr (FR/MT),Aatrox (RU/BW),1,1,1
Aphelios/Viktor (MT/PZ),Janna/Senna (PZ/SI),1,1,1
Janna/Sett (IO/PZ),Garen/Taric (DE/MT),1,1,1
Championless (SI),Ryze (RU/SH),1,1,1
Lee Sin/Viktor (IO/PZ),Ryze (RU/SH),1,1,1
Garen/Taric (DE/MT),Ryze (RU/SH),1,1,1
Nasus/Thresh (SI/SH),Ryze (RU/SH),1,1,1
Garen/Taric (DE/MT),Gnar/Kayle (FR/MT),1,1,1
Nasus/Thresh (SI/SH),Lee Sin/Udyr (FR/IO),1,1,1
Nasus/Thresh (SI/SH),Darius (FR/NX),1,1,1
Championless (IO/SI),Maokai/Nautilus (BW/SI),1,1,1
Shen/Sivir (IO/SH),Caitlyn/Janna/Ryze/Viktor (PZ/RU),1,1,1
Nidalee (BC/SH),Caitlyn/Janna/Ryze/Viktor (PZ/RU),1,1,1
Jayce/Lux (DE/PZ),Caitlyn/Janna/Ryze/Viktor (PZ/RU),1,1,1
Akshan/Varus (SH/RU),Caitlyn/Janna/Ryze/Viktor (PZ/RU),1,1,1
Maokai/Nautilus (BW/SI),Caitlyn/Janna/Ryze/Viktor (PZ/RU),1,1,1
Lillia/Sett (BC/IO),Shen/Sivir (IO/SH),1,1,1
Nidalee (BC/SH),Gnar/Neeko (FR/RU),1,1,1
Kalista/Nasus (SI/SH),Braum/Vladimir (FR/NX),1,1,1
Aatrox/Morgana (RU/DE),Braum/Vladimir (FR/NX),1,1,1
Aatrox/Kayn (RU/RU),Nasus/Thresh (SI/SH),1,1,1
Galio/Udyr (DE/FR),Ryze (IO/RU),1,1,1
Akshan/Morgana (DE/SH),Ryze (IO/RU),1,1,1
Ashe/LeBlanc (FR/NX),Ryze (IO/RU),1,1,1
Riven/Rumble (BC/NX),Gnar/Sejuani (BC/FR),1,1,1
Gnar/Sejuani (BC/FR),Poppy/Tristana (BC/NX),1,1,1
Renekton/Sivir (SH),Akshan/Morgana (DE/SH),1,1,1
Aatrox/Kayn (RU/RU),Gnar/Sejuani (BC/FR),1,1,1
Gwen/Kayle (MT/SI),Ashe/LeBlanc (FR/NX),1,1,1
Lillia/Sett (BC/IO),Gnar/Janna (BC/PZ),1,1,1
Jack/Sett (BW/IO),Maokai (BW/SI),1,1,1
Jack/Sett (BW/IO),Nidalee (PZ/SH),1,1,1
Jack/Sett (BW/IO),Gnar/Viktor (BC/PZ),1,1,1
Jack/Sett (BW/IO),Viktor (BC/PZ),1,1,1
Jack/Sett (BW/IO),Lillia/Morgana (IO/MT),1,1,1
Jack/Sett (BW/IO),Kalista/Thresh (IO/SI),1,1,1
Caitlyn/Jack (BW/PZ),Senna/Veigar (BC/SI),1,1,1
Akshan/Renekton (FR/SH),Jack (BW/IO),1,1,1
Jack (BW/IO),Senna/Veigar (BC/SI),1,1,1
Championless (SI),Jack (BW/IO),1,1,1
Janna/Viktor (BC/PZ),LeBlanc/Sivir (NX/SH),1,1,1
Lillia/Sett (BC/IO),Aatrox/Morgana (RU/DE),1,1,1
Lillia/Sett (BC/IO),Akshan/Aphelios (MT/SH),1,1,1
Nasus/Renekton (SH),Lillia/Sett (BC/IO),1,1,1
Riven/Viktor (NX/PZ),Lillia/Sett (BC/IO),1,1,1
Illaoi/Swain (BW/NX),Janna/Sett (IO/PZ),1,1,1
Janna/Sett (IO/PZ),Gwen/Kalista (NX/SI),1,1,1
Lillia/Sett (BC/IO),Senna/Veigar (BC/SI),1,1,1
Lillia/Sett (BC/IO),Aatrox/Vayne (RU/DE),1,1,1
Lillia/Sett (BC/IO),Caitlyn (BC/PZ),1,1,1
Rumble/Sion (BC/NX),Gnar/Lillia (FR/IO),1,1,1
Rumble/Sion (BC/NX),Championless (PZ/SI),1,1,1
Rumble/Sion (BC/NX),Championless (BC/BW),1,1,1
Rumble/Sion (BC/NX),Swain/Yasuo (IO/NX),1,1,1
Kalista (IO/SI),Darius/Gnar (FR/NX),1,1,1
Riven/Viktor (NX/PZ),Lillia/Viktor (IO/PZ),1,1,1
Janna/Malphite (MT/PZ),Riven/Viktor (NX/PZ),1,1,1
Riven/Viktor (NX/PZ),Lillia/Udyr (FR/IO),1,1,1
Akshan/Nasus (SI/SH),Rumble/Sivir (NX/SH),1,1,1
Jayce/Lux (DE/PZ),Illaoi/Vayne (BW/DE),1,1,1
Championless (SI),Ryze (RU/SI),1,1,1
Braum/Kayle (FR/MT),Shyvana (DE/MT),1,1,1
Rumble/Sion (BC/NX),Senna/Veigar (PZ/SI),1,1,1
Janna (PZ/SI),Kalista (IO/SI),1,1,1
Championless (SI),Udyr (BW/FR),1,1,1
Senna/Veigar (PZ/SI),Lux/Tahm Kench (BW/DE),1,1,1
Senna/Veigar (PZ/SI),Maokai (BW/SI),1,1,1
Senna/Veigar (PZ/SI),Ashe/Tahm Kench (BW/FR),1,1,1
Senna/Veigar (PZ/SI),Gnar (BC/FR),1,1,1
Senna/Veigar (PZ/SI),Neeko/Nidalee (RU/SH),1,1,1
Senna/Veigar (PZ/SI),Poppy/Taric (DE/MT),1,1,1
Sejuani/Swain (FR/NX),Senna/Veigar (PZ/SI),1,1,1
Senna/Veigar (PZ/SI),Gangplank/Sejuani (BW/FR),1,1,1
Akshan/Varus (SH/RU),Senna/Veigar (PZ/SI),1,1,1
Senna/Veigar (PZ/SI),LeBlanc/Lillia (IO/NX),1,1,1
Championless (SI),Leona/Yasuo (IO/MT),1,1,1
Championless (SI),Gwen (NX/SI),1,1,1
Yasuo (IO/MT),Championless (SI),1,1,1
Kalista (IO/SI),Morgana (DE/MT),1,1,1
Kalista (IO/SI),Kalista (SI),1,1,1
Championless (MT/SI),Braum/Vladimir (FR/NX),1,1,1
Championless (MT/SI),Nasus/Renekton (SH),1,1,1
Championless (MT/SI),Gwen/Kayle (MT/SI),1,1,1
Maokai (PZ/SI),Championless (MT/SI),1,1,1
Senna (SI/SH),Championless (SI),1,1,1
Championless (SI),Braum/Kayle/Udyr (FR/MT),1,1,1
Lee Sin/Viktor (IO/PZ),Kayle/Lillia (IO/MT),1,1,1
Kayle/Lillia (IO/MT),Riven/Viktor (NX/PZ),1,1,1
Leona (IO/MT),Braum/Lillia (FR/IO),1,1,1
Leona (IO/MT),Braum/Vladimir (FR/NX),1,1,1
Maokai/Nautilus (BW/SI),Leona (IO/MT),1,1,1
Janna (IO/PZ),Leona (IO/MT),1,1,1
Kalista (IO/SI),Ashe/Tahm Kench (BW/FR),1,1,1
Ashe/LeBlanc (FR/NX),Aphelios/Jack (BW/MT),1,1,1
Senna/Veigar (BC/SI),Aphelios/Jack (BW/MT),1,1,1
Aatrox/Kayn (RU/RU),Jax/Ornn (FR/RU),1,1,1
Aatrox/Kayn (RU/RU),Gnar/Sett (FR/IO),1,1,1
Gnar/Renekton (FR/SH),Akshan/Morgana (MT/SH),1,1,1
Rumble/Sion (BC/NX),Malphite/Yasuo (IO/MT),1,1,1
Leona (IO/MT),Sett (IO/PZ),1,1,1
Gwen/Morgana (MT/SI),Garen/LeBlanc (DE/NX),1,1,1
Jayce/Lux (DE/PZ),Championless (SI/SH),1,1,1
Jayce/Lux (DE/PZ),Akshan/Kayn (RU/SH),1,1,1
Gnar/Renekton (FR/SH),Neeko/Tristana (BC/RU),1,1,1
Gnar/Renekton (FR/SH),Senna/Veigar (BC/SI),1,1,1
Maokai (BW/SI),Nidalee (BC/SH),1,1,1
Yasuo (IO/NX),Lillia/Udyr (FR/IO),1,1,1
Ashe/LeBlanc (FR/NX),Lux/Senna (DE/SI),1,1,1
Braum/Kayle (FR/MT),Janna/Malphite (MT/PZ),1,1,1
Braum/Kayle (FR/MT),Ashe/LeBlanc (FR/NX),1,1,1
Ashe/LeBlanc (FR/NX),Gnar/Lillia (FR/IO),1,1,1
Gnar/Lillia (FR/IO),Championless (SI),1,1,1
Yasuo (IO/NX),Poppy/Taric (DE/MT),1,1,1
Rumble/Vayne (DE/NX),Poppy/Taric (DE/MT),1,1,1
Rumble/Vayne (DE/NX),Shen (DE/IO),1,1,1
Nidalee (BC/SH),Rumble/Vayne (DE/NX),1,1,1
Gnar/Renekton (FR/SH),Ashe/Tahm Kench (BW/FR),1,1,1
Yasuo (IO/NX),Darius/Gnar (FR/NX),1,1,1
Gangplank/Sejuani (BW/FR),Kalista (IO/SI),1,1,1
Braum/Lillia (FR/IO),Braum/Kayle (FR/MT),1,1,1
Akshan/Nidalee/Sivir (DE/SH),Rumble/Sion (BC/NX),1,1,1
Kayle (BW/MT),Lux/Senna (DE/SI),1,1,1
Akshan/Udyr (FR/SH),Caitlyn/Swain (NX/PZ),1,1,1
Akshan/Nidalee/Sivir (DE/SH),Braum/Lillia (FR/IO),1,1,1
Kalista (SI),Braum/Kayle (FR/MT),1,1,1
Galio (DE/FR),Gangplank/Sejuani (BW/FR),1,1,1
Ashe/LeBlanc (FR/NX),Galio (DE/FR),1,1,1
Neeko/Poppy (DE/RU),Braum/Lillia (FR/IO),1,1,1
Braum/Gwen (FR/SI),Championless (SI),1,1,1
Shyvana (DE/MT),Neeko/Poppy (DE/RU),1,1,1
Neeko/Poppy (DE/RU),Nasus/Senna (SI/SH),1,1,1
Braum/Lillia (FR/IO),Leona/Sivir (MT/SH),1,1,1
Championless (PZ/SI),Galio (DE/FR),1,1,1
Kayle (BW/MT),Yasuo (IO/NX),1,1,1
Yasuo (IO/NX),Aphelios/Yasuo (IO/MT),1,1,1
Aatrox/Kayn (RU/RU),Caitlyn/Janna (PZ/SI),1,1,1
Championless (SI),Lux/Senna (DE/SI),1,1,1
Lux/Senna (DE/SI),Kalista (SI),1,1,1
Nasus/Thresh (SI/SH),Gwen/Kalista (DE/SI),1,1,1
Aatrox/Kayn (RU/RU),LeBlanc (FR/NX),1,1,1
Maokai/Nautilus (BW/SI),Neeko/Renekton (RU/SH),1,1,1
Aatrox/Kayn (RU/RU),Nidalee (SI/SH),1,1,1
Kalista (IO/SI),Jayce/Lux (DE/PZ),1,1,1
Poppy/Taric (DE/MT),Neeko/Poppy (DE/RU),1,1,1
Championless (SI),Udyr/Vladimir (FR/NX),1,1,1
Jax/Neeko (RU/RU),Sett/Udyr (FR/IO),1,1,1
Riven/Viktor (NX/PZ),Leona/Riven (MT/NX),1,1,1
Riven/Viktor (NX/PZ),Championless (BC/BW),1,1,1
Nasus (SI/SH),Lillia/Sett (BC/IO),1,1,1
Nasus (SI/SH),Caitlyn/Swain (NX/PZ),1,1,1
Aatrox/Kayn (RU/RU),Sejuani/Swain (FR/NX),1,1,1
Riven/Viktor (NX/PZ),Caitlyn/Swain (NX/PZ),1,1,1
Poppy/Taric (DE/MT),Janna (PZ/SI),1,1,1
Caitlyn/Swain (NX/PZ),Poppy/Taric (DE/MT),1,1,1
Riven/Viktor (NX/PZ),Neeko/Renekton (RU/SH),1,1,1
Galio/Poppy (BC/DE),Aatrox/Kayn (RU/RU),1,1,1
Caitlyn/Swain (NX/PZ),Jack/Sett (BW/IO),1,1,1
Janna/Viktor (IO/PZ),Riven/Viktor (NX/PZ),1,1,1
Poppy/Taric (DE/MT),Kalista (SI),1,1,1
Akshan/Varus (SH/RU),Akshan/Taric (MT/SH),1,1,1
Ashe/Sejuani (DE/FR),Aatrox/Kayn (RU/RU),1,1,1
Akshan/Varus (SH/RU),Nasus/Senna (SI/SH),1,1,1
Poppy/Taric (DE/MT),Nidalee (BC/SH),1,1,1
Neeko/Renekton (RU/SH),Poppy/Taric (DE/MT),1,1,1
Neeko/Renekton (RU/SH),Ashe/LeBlanc (FR/NX),1,1,1
Neeko/Renekton (RU/SH),Darius/Gnar (FR/NX),1,1,1
Ashe/LeBlanc (FR/NX),Akshan/Morgana (MT/SH),1,1,1
Nidalee (BC/SH),Kalista (IO/SI),1,1,1
Neeko/Renekton (RU/SH),Lulu/Shen (IO/NX),1,1,1
Championless (SI),Akshan/Morgana (MT/SH),1,1,1
Championless (PZ/SI),Nasus (SI/SH),1,1,1
Jack/Sett (BW/IO),Nasus (SI/SH),1,1,1
Kalista (IO/SI),Braum/Vladimir (FR/NX),1,1,1
Gwen/Riven (NX/SI),Riven/Viktor (NX/PZ),1,1,1
Poppy/Taric (DE/MT),Braum/Vladimir (FR/NX),1,1,1
Nidalee (BC/SH),Shyvana (DE/MT),1,1,1
Neeko/Renekton (RU/SH),Jack/Sett (BW/IO),1,1,1
Neeko/Renekton (RU/SH),Kayle (BW/MT),1,1,1
Kalista (IO/SI),Neeko/Renekton (RU/SH),1,1,1
Riven/Vayne (DE/NX),Championless (SI),1,1,1
Braum/Vladimir (FR/NX),Akshan/Morgana (MT/SH),1,1,1
Gnar/Renekton (FR/SH),Akshan/Varus (SH/RU),1,1,1
Kayle (BW/MT),Janna (PZ/SI),1,1,1
Riven/Viktor (NX/PZ),Akshan/Aphelios (MT/SH),1,1,1
Braum/Lillia (FR/IO),Gnar/Swain (BC/NX),1,1,1
Gnar/Swain (BC/NX),Kalista (SI),1,1,1
Aphelios/Viktor (MT/PZ),Lulu/Shen (IO/NX),1,1,1
Lulu/Shen (IO/NX),Maokai (PZ/SI),1,1,1
Gnar/Nidalee (BC/SH),Kayle (BC/MT),1,1,1
Kalista (SI),Leona/Sivir (MT/SH),1,1,1
Akshan/Udyr (FR/SH),Sett (IO/PZ),1,1,1
Championless (SI),Kayle (BC/MT),1,1,1
Caitlyn/Swain (NX/PZ),Aphelios/Viktor (MT/PZ),1,1,1
Caitlyn/Swain (NX/PZ),Braum/Udyr (FR/MT),1,1,1
Illaoi/Vayne (BW/DE),Caitlyn/Swain (NX/PZ),1,1,1
Championless (PZ/SI),Ashe (FR/PZ),1,1,1
Championless (NX/SI),Kalista (IO/SI),1,1,1
Ashe/LeBlanc (FR/NX),Championless (NX/SI),1,1,1
Sejuani/Swain (FR/NX),Ashe/LeBlanc (FR/NX),1,1,1
Championless (SI),Jax/Tristana (BC/RU),1,1,1
Aatrox/Jack (RU/BW),Aphelios/Viktor (MT/PZ),1,1,1
Aatrox/Jack (RU/BW),Championless (SI),1,1,1
Ashe (FR/PZ),Malphite/Yasuo (IO/MT),1,1,1
Akshan/Udyr (FR/SH),Kayle (BW/MT),1,1,1
Championless (IO/SI),Janna/Senna (PZ/SI),1,1,1
Championless (IO/SI),Rumble/Sion (BC/NX),1,1,1
Poppy/Tristana (BC/NX),Jayce/Lux (DE/PZ),1,1,1
Ashe/Sejuani (FR),Nasus (SI/SH),1,1,1
Nasus (SI/SH),Senna/Veigar (BC/SI),1,1,1
Ashe/Tahm Kench (BW/FR),Nidalee (BC/SH),1,1,1
Jayce/Lux (DE/PZ),Lillia/Veigar (BC/IO),1,1,1
Senna/Veigar (BC/SI),Aatrox/Jack (RU/BW),1,1,1
Akshan/Varus (SH/RU),Akshan/Sivir (DE/SH),1,1,1
Poppy/Taric (DE/MT),Championless (PZ/SI),1,1,1
Akshan/Sivir (DE/SH),Ashe (FR/PZ),1,1,1
Ashe (FR/PZ),Championless (BC/IO),1,1,1
Ashe (FR/PZ),Caitlyn/Swain (NX/PZ),1,1,1
Braum/Lillia (FR/IO),Gwen (FR/SI),1,1,1
Sett/Udyr (FR/IO),Gangplank/Thresh (BW/SI),1,1,1
Jayce/Lux (DE/PZ),Janna/Viktor (BC/PZ),1,1,1
Darius/Gnar (FR/NX),Caitlyn/Jack (BW/PZ),1,1,1
Senna/Swain (NX/SI),Championless (SI),1,1,1
Sett/Udyr (FR/IO),Aatrox/Jack (RU/BW),1,1,1
Maokai (BW/SI),Ashe (FR/PZ),1,1,1
Akshan/Aphelios (MT/SH),Aphelios/Viktor (MT/PZ),1,1,1
Championless (SI),Braum (FR/MT),1,1,1
Darius/Gnar (FR/NX),Lux/Morgana (DE/MT),1,1,1
Garen/Neeko (DE/RU),Championless (SI),1,1,1
Riven/Viktor (NX/PZ),Akshan/Kayn (RU/SH),1,1,1
Lillia/Sett (BC/IO),Poppy/Tristana (BC/NX),1,1,1
Janna/Sett (IO/PZ),Rumble/Sion (BC/NX),1,1,1
Aatrox/Kayn (RU/RU),Janna/Malphite (MT/PZ),1,1,1
Leona/Sett (IO/MT),Janna/Viktor (BW/PZ),1,1,1
Championless (SI),Championless (BC/IO),1,1,1
Lee Sin/Viktor (IO/PZ),Leona/Sett (IO/MT),1,1,1
Braum/Sett (FR/IO),Kayle (BW/MT),1,1,1
Ashe/LeBlanc (FR/NX),Akshan/LeBlanc (NX/SH),1,1,1
Jack/Sett (BW/IO),Akshan/Lillia (IO/SH),1,1,1
Jayce (PZ/SI),Rumble/Sion (BC/NX),1,1,1
Akshan/Nidalee/Sivir (DE/SH),Aphelios/Viktor (MT/PZ),1,1,1
Ashe/LeBlanc (FR/NX),Morgana/Viktor (MT/PZ),1,1,1
Akshan/Lillia (IO/SH),Maokai/Nautilus (BW/SI),1,1,1
Gnar/Nidalee (BC/SH),Akshan/Lillia (IO/SH),1,1,1
Akshan/Lillia (IO/SH),Nasus (SI/SH),1,1,1
Gangplank/Sejuani (BW/FR),Nasus (SI/SH),1,1,1
Braum/Sett (FR/IO),Darius/Gnar (FR/NX),1,1,1
Darius/Gnar (FR/NX),Udyr/Viktor (FR/PZ),1,1,1
Akshan/Lillia (IO/SH),Lillia/Viktor (IO/PZ),1,1,1
Gnar/Renekton (FR/SH),Darius/Gnar (FR/NX),1,1,1
Braum/Galio (DE/FR),Darius/Gnar (FR/NX),1,1,1
LeBlanc/Lillia (IO/NX),Aatrox/Kayn (RU/RU),1,1,1
Aatrox/Kayn (RU/RU),Championless (FR/SI),1,1,1
Lulu/Shen (IO/MT),Akshan/Nidalee/Sivir (DE/SH),1,1,1
Garen (DE/SH),Akshan/Nidalee/Sivir (DE/SH),1,1,1
Aphelios/Lee Sin (IO/MT),Lillia/Sett (BC/IO),1,1,1
Braum (FR/MT),Caitlyn/Swain (NX/PZ),1,1,1
Darius/Sion (BW/NX),Morgana/Viktor (MT/PZ),1,1,1
Janna/Malphite (MT/PZ),Darius/Sion (BW/NX),1,1,1
Janna/Malphite (MT/PZ),Poppy/Taric (DE/MT),1,1,1
Darius/Sion (BW/NX),Maokai (BW/SI),1,1,1
Galio (DE/FR),Darius/LeBlanc (NX),1,1,1
Darius/Gnar (FR/NX),Akshan/Udyr (FR/SH),1,1,1
Akshan/Varus (SH/RU),Illaoi/Vayne (BW/DE),1,1,1
Akshan/Nidalee/Sivir (DE/SH),Gangplank/Sejuani (BW/FR),1,1,1
Championless (IO/SI),Renekton (NX/SH),1,1,1
Championless (IO/SI),Illaoi/Vayne (BW/DE),1,1,1
Championless (IO/SI),Senna (PZ/SI),1,1,1
Jayce/Lux (DE/PZ),Aphelios/Lux (DE/MT),1,1,1
Sejuani/Vi (FR/PZ),Garen (DE/SH),1,1,1
Darius/LeBlanc (NX),Malphite/Yasuo (IO/MT),1,1,1
Aatrox/Jack (RU/BW),Ashe/LeBlanc (FR/NX),1,1,1
Rumble/Sion (BC/NX),Janna/Morgana (MT/PZ),1,1,1
Ashe (FR/PZ),Gwen/Riven (NX/SI),1,1,1
Akshan/Nidalee/Sivir (DE/SH),Shen/Sivir (IO/SH),1,1,1
Illaoi/Swain (BW/NX),Kayle (BW/MT),1,1,1
Akshan/Lee Sin (IO/SH),Braum (FR/MT),1,1,1
Illaoi/Vayne (BW/DE),Braum (FR/MT),1,1,1
Caitlyn/Swain (NX/PZ),Maokai (BW/SI),1,1,1
Gwen/Riven (NX/SI),Kayle (BW/MT),1,1,1
Caitlyn/Swain (NX/PZ),LeBlanc/Sivir (NX/SH),1,1,1
Garen (DE/SH),Braum/Vladimir (FR/NX),1,1,1
Darius/Gnar (FR/NX),Senna (PZ/SI),1,1,1
Championless (SI),Galio (DE/FR),1,1,1
Braum/Vladimir (FR/NX),Janna/Morgana (MT/PZ),1,1,1
Riven/Viktor (NX/PZ),Nidalee (BC/SH),1,1,1
Riven/Viktor (NX/PZ),Gwen/LeBlanc (NX/SI),1,1,1
Aatrox/Kayn (RU/RU),Illaoi/Vayne (BW/DE),1,1,1
Nidalee (BC/SH),Rumble/Vayne (BC/DE),1,1,1
Braum/Lillia (FR/IO),Janna/Ryze (PZ/RU),1,1,1
Championless (IO/MT),Braum/Lillia (FR/IO),1,1,1
Gwen/Riven (NX/SI),Leona/Sett (IO/MT),1,1,1
Lillia (FR/IO),Ashe/LeBlanc (FR/NX),1,1,1
Gangplank/Swain (BW/NX),Senna/Veigar (BC/SI),1,1,1
Darius/Gnar (FR/NX),Sejuani/Swain (FR/NX),1,1,1
Ashe (FR/PZ),Nasus (SI/SH),1,1,1
Darius/Gnar (FR/NX),Kayle/Shyvana (DE/MT),1,1,1
Gwen/Riven (NX/SI),Ashe/LeBlanc (FR/NX),1,1,1
Lillia (IO/MT),Braum/Vladimir (FR/NX),1,1,1
Braum/Vladimir (FR/NX),Jax/Ornn (FR/RU),1,1,1
Braum/Vladimir (FR/NX),Janna/Viktor (MT/PZ),1,1,1
Darius/Gnar (FR/NX),Illaoi/Vayne (BW/DE),1,1,1
Leona/Yasuo (IO/MT),Lux/Morgana (DE/MT),1,1,1
Braum/Galio (DE/FR),Ashe (FR/PZ),1,1,1
Braum/Galio (DE/FR),Akshan/Kayn (RU/SH),1,1,1
Braum/Galio (DE/FR),Taric/Udyr (FR/MT),1,1,1
Championless (SI),Lux/Morgana (DE/MT),1,1,1
Braum (FR/MT),Lux/Morgana (DE/MT),1,1,1
Lux/Morgana (DE/MT),Akshan/Kayn (RU/SH),1,1,1
Caitlyn/Swain (NX/PZ),Lux/Morgana (DE/MT),1,1,1
Jack/Sett (BW/IO),Gangplank/Swain (BW/NX),1,1,1
Nasus (SI/SH),Gangplank/Swain (BW/NX),1,1,1
Akshan/Nidalee/Sivir (DE/SH),Sejuani/Swain (FR/NX),1,1,1
Braum (FR/MT),Gnar (FR/PZ),1,1,1
Akshan/Jack (BW/SH),Jayce/Lux (DE/PZ),1,1,1
Darius/Gnar (FR/NX),Janna/Morgana (MT/PZ),1,1,1
Braum/Vladimir (FR/NX),Lee Sin/Riven (IO/NX),1,1,1
Leona/Yasuo (IO/MT),Darius/LeBlanc (NX),1,1,1
Darius/LeBlanc (NX),Rumble/Sion (BC/NX),1,1,1
Maokai/Nautilus (BW/SI),Darius/LeBlanc (NX),1,1,1
Darius/LeBlanc (NX),Riven/Viktor (NX/PZ),1,1,1
Darius/LeBlanc (NX),Janna/Viktor (BC/PZ),1,1,1
Janna/Malphite (MT/PZ),Darius/LeBlanc (NX),1,1,1
Gnar/Renekton (FR/SH),Sett/Viktor (IO/PZ),1,1,1
Gnar/Renekton (FR/SH),Poppy (DE/FR),1,1,1
Gnar/Renekton (FR/SH),Braum/Lillia (FR/IO),1,1,1
Akshan/Lee Sin (IO/SH),Gnar/Renekton (FR/SH),1,1,1
Gnar/Renekton (FR/SH),Jack/Sett (BW/IO),1,1,1
Lee Sin/Viktor (IO/PZ),Lillia/Sett (BC/IO),1,1,1
Lillia/Poppy (BC/IO),Lillia/Sett (BC/IO),1,1,1
Taric/Udyr (FR/MT),Gnar (FR/PZ),1,1,1
Senna/Veigar (BC/SI),Taric/Udyr (FR/MT),1,1,1
Jax/Ornn (FR/RU),Taric/Udyr (FR/MT),1,1,1
Aphelios/Viktor (MT/PZ),Taric/Udyr (FR/MT),1,1,1
Akshan/Nidalee/Sivir (DE/SH),Jack/Sett (BW/IO),1,1,1
Braum (FR/MT),Aatrox/Kayn (RU/RU),1,1,1
Gnar/Nidalee (BC/SH),Braum (FR/MT),1,1,1
Braum (FR/MT),Kayle (BW/MT),1,1,1
Championless (SI),Gnar/Rumble/Tristana (BC/FR),1,1,1
Jax/Ornn (FR/RU),Morgana/Udyr (FR/MT),1,1,1
Janna/Morgana (MT/PZ),Championless (SI),1,1,1
Braum/Lulu/Udyr (FR/IO),Championless (SI),1,1,1
Championless (SI),Tahm Kench/Udyr (BW/FR),1,1,1
Jax/Ornn (FR/RU),Gangplank/Sejuani (BW/FR),1,1,1
Leona/Yasuo (IO/MT),Kalista (SI),1,1,1
LeBlanc/Sivir (NX/SH),Braum (FR/MT),1,1,1
Ashe/Senna (FR/SI),Lillia/Sett (BC/IO),1,1,1
Leona/Yasuo (IO/MT),Kayle (BC/MT),1,1,1
Kayle (BC/MT),Braum/Lillia (FR/IO),1,1,1
Kayle (BC/MT),Jack/Sett (BW/IO),1,1,1
Ashe/Caitlyn (FR/PZ),Ashe (FR/PZ),1,1,1
Riven/Viktor (NX/PZ),Shyvana (DE/MT),1,1,1
Kayle (BW/MT),Championless (NX/SI),1,1,1
Morgana/Taric (DE/MT),Kayle (BW/MT),1,1,1
Aatrox/Kayn (RU/RU),Kalista/Sion (NX/SI),1,1,1
Nasus/Thresh (SI/SH),Gnar/Renekton (FR/SH),1,1,1
Jayce/Lux (DE/PZ),LeBlanc/Leona (MT/NX),1,1,1
Akshan/Varus (SH/RU),Neeko/Poppy (DE/RU),1,1,1
Akshan/Varus (SH/RU),Kayle/Lillia (IO/MT),1,1,1
Kai'Sa/Sivir (FR/SH),Jayce/Lux (DE/PZ),1,1,1
Jayce/Lux (DE/PZ),Darius/LeBlanc (NX/SI),1,1,1
Kalista/Sion (NX/SI),Kalista (SI),1,1,1
Championless (SI),Gwen (FR/SI),1,1,1
Morgana/Shen (DE/IO),Kalista (SI),1,1,1
Braum/Janna (FR/PZ),Aphelios/Viktor (MT/PZ),1,1,1
Taric (MT/PZ),Darius/LeBlanc (BW/NX),1,1,1
Senna/Veigar (BC/SI),Darius/LeBlanc (NX),1,1,1
Darius/LeBlanc (NX),Braum/Udyr (FR/IO),1,1,1
Darius/LeBlanc (NX),Poppy/Taric (DE/MT),1,1,1
Braum/Lillia (FR/IO),Lux/Udyr (DE/FR),1,1,1
Illaoi/Swain (BW/NX),Garen/Tahm Kench (BW/DE),1,1,1
Braum/Lillia (FR/IO),Nasus/Thresh (SI/SH),1,1,1
Jayce/Lux (DE/PZ),Caitlyn/Swain (NX/PZ),1,1,1
Senna/Veigar (BC/SI),Championless (BW/NX),1,1,1
Caitlyn/Swain (NX/PZ),Braum/Janna (FR/PZ),1,1,1
Braum/Lillia (FR/IO),Janna (BC/PZ),1,1,1
Braum/Lillia (FR/IO),Gangplank/Sejuani (BW/FR),1,1,1
Leona/Yasuo (IO/MT),Lee Sin/Viktor (IO/PZ),1,1,1
Lee Sin/Viktor (IO/PZ),Kai'Sa/Viktor (PZ/SH),1,1,1
Jayce/Lux (DE/PZ),Kai'Sa/Viktor (PZ/SH),1,1,1
Udyr (FR/IO),Janna/Lee Sin (IO/PZ),1,1,1
Udyr (FR/IO),Kayle/Poppy (BC/MT),1,1,1
Braum/Udyr (FR/IO),Braum (FR/MT),1,1,1
Jayce/Lux (DE/PZ),Udyr (FR/IO),1,1,1
Gnar/Neeko (FR/RU),Ornn/Sejuani (FR/IO),1,1,1
Ornn/Sejuani (FR/IO),Neeko/Poppy (DE/RU),1,1,1
Ashe/LeBlanc (FR/NX),Udyr (FR/IO),1,1,1
Senna (PZ/SI),Caitlyn/Swain (NX/PZ),1,1,1
Nasus/Renekton (SH),Caitlyn/Swain (NX/PZ),1,1,1
Braum (FR/MT),Gangplank/Sejuani (BW/FR),1,1,1
Galio/Morgana (DE/FR),Darius/Gnar (FR/NX),1,1,1
Lillia/Sett (BC/IO),Gwen/LeBlanc (NX/SI),1,1,1
Gangplank/Swain (BW/NX),Lillia/Sett (BC/IO),1,1,1
Lillia/Sett (BC/IO),Shyvana (DE/MT),1,1,1
Shyvana (DE/MT),Morgana/Udyr (DE/FR),1,1,1
Akshan/Varus (SH/RU),Shyvana (DE/MT),1,1,1
Shyvana (DE/MT),Senna/Veigar (BC/SI),1,1,1
Garen/Kayle/Shyvana (DE/MT),Nasus/Thresh (SI/SH),1,1,1
Garen/Kayle/Shyvana (DE/MT),Jack/Sett (BW/IO),1,1,1
Kayle/Shyvana (DE/MT),Leona/Yasuo (IO/MT),1,1,1
Viktor (BC/PZ),Morgana (DE/MT),1,1,1
Leona/Sett (IO/MT),Aphelios/Lux (DE/MT),1,1,1
Shyvana (DE/MT),Udyr (FR/IO),1,1,1
Akshan/Varus (SH/RU),Kayle/Shyvana (DE/MT),1,1,1
Akshan/Varus (SH/RU),Gnar/Neeko (FR/RU),1,1,1
Lee Sin/Viktor (IO/PZ),Garen/Kayle/Shyvana (DE/MT),1,1,1
Maokai/Nautilus (BW/SI),Kayn/Ornn (FR/RU),1,1,1
Aatrox/Morgana/Vayne (RU/DE),Aatrox/Kayn (RU/RU),1,1,1
Kayle/Shyvana (DE/MT),Senna (PZ/SI),1,1,1
Senna (PZ/SI),Shyvana (DE/MT),1,1,1
Morgana/Riven (MT/NX),Ryze (IO/RU),1,1,1
Kayle/Shyvana (DE/MT),Braum/Lillia (FR/IO),1,1,1
Morgana/Riven (MT/NX),Braum/Sett (FR/IO),1,1,1
Shyvana (DE/MT),Shen/Sivir (IO/SH),1,1,1
Shyvana (DE/MT),Ashe/LeBlanc (FR/NX),1,1,1
Janna/Morgana (MT/PZ),Shyvana (DE/MT),1,1,1
Morgana/Riven (MT/NX),Senna/Veigar (PZ/SI),1,1,1
Kayle/Shyvana (DE/MT),Taric/Udyr (FR/MT),1,1,1
Senna/Veigar (PZ/SI),Garen/Shen (DE/IO),1,1,1
Garen/Shen (DE/IO),Akshan/Lee Sin (IO/SH),1,1,1
Akshan/Lee Sin (IO/SH),Viktor (BC/PZ),1,1,1
Caitlyn/Swain (NX/PZ),Viktor (BC/PZ),1,1,1
Garen/Kayle/Shyvana (DE/MT),Maokai (BW/SI),1,1,1
Garen/Kayle/Shyvana (DE/MT),Caitlyn/Swain (NX/PZ),1,1,1
Caitlyn/Swain (NX/PZ),Morgana (DE/MT),1,1,1
Caitlyn/Swain (NX/PZ),Nasus/Senna (SI/SH),1,1,1
Maokai/Nautilus (BW/SI),Caitlyn (FR/PZ),1,1,1
Garen/Kayle/Shyvana (DE/MT),Maokai/Nautilus (BW/SI),1,1,1
Garen (DE/SH),Maokai/Nautilus (BW/SI),1,1,1
Aatrox/Kayn (RU/RU),Garen/Kayle/Shyvana (DE/MT),1,1,1
Garen/Kayle/Shyvana (DE/MT),Lee Sin/Riven (IO/NX),1,1,1
Garen/Shen (DE/IO),Garen/Kayle/Shyvana (DE/MT),1,1,1
LeBlanc/Rumble (BC/NX),Garen/Kayle/Shyvana (DE/MT),1,1,1
Janna/Viktor (BW/PZ),Garen/Kayle/Shyvana (DE/MT),1,1,1
Aphelios/Viktor (MT/PZ),Garen/Kayle/Shyvana (DE/MT),1,1,1
Ashe (FR/PZ),Braum (FR/MT),1,1,1
Championless (PZ/SI),Senna/Veigar (PZ/SI),1,1,1
Garen (DE/SH),Ashe/Nasus (FR/SH),1,1,1
Garen/Shen (DE/IO),Garen (DE/SH),1,1,1
Neeko/Poppy (DE/RU),Garen (DE/SH),1,1,1
Senna/Veigar (BC/SI),Garen (DE/SH),1,1,1
Senna/Veigar (PZ/SI),Leona/Riven (MT/NX),1,1,1
Akshan/Morgana (MT/SH),Rumble/Vayne (DE/NX),1,1,1
Morgana/Riven (MT/NX),Caitlyn/Swain (NX/PZ),1,1,1
Morgana/Riven (MT/NX),Ashe (FR/SI),1,1,1
Senna/Veigar (PZ/SI),Leona/Yasuo (IO/MT),1,1,1
Akshan/Varus (SH/RU),Morgana/Viktor (MT/PZ),1,1,1
Braum (FR/MT),Akshan/Varus (SH/RU),1,1,1
Ashe (FR/PZ),Kai'Sa/Viktor (PZ/SH),1,1,1
Kai'Sa/Viktor (PZ/SH),Senna/Veigar (BC/SI),1,1,1
Viktor (BC/PZ),Poppy/Riven (BC/NX),1,1,1
Championless (SI),Ashe (BW/FR),1,1,1
Rumble/Sion (BC/NX),Janna/Senna (PZ/SI),1,1,1
Jayce/Lux (DE/PZ),Poppy/Taric (DE/MT),1,1,1
Garen/Kayle/Shyvana (DE/MT),Morgana/Udyr (DE/FR),1,1,1
Ashe (FR/PZ),Varus/Viktor (PZ/RU),1,1,1
Janna/Senna (PZ/SI),Ashe (FR/PZ),1,1,1
Rumble/Vayne (DE/NX),Garen/Kayle/Shyvana (DE/MT),1,1,1
Janna/Sett (IO/PZ),Garen (DE/SH),1,1,1
Ashe/LeBlanc (FR/NX),Garen (DE/SH),1,1,1
Varus/Viktor (PZ/RU),Ashe/LeBlanc (FR/NX),1,1,1
Ashe/Braum/Udyr (FR/NX),Varus/Viktor (PZ/RU),1,1,1
Galio/Udyr (DE/FR),Senna/Veigar (PZ/SI),1,1,1
Darius/Gnar (FR/NX),Viktor (BC/PZ),1,1,1
Viktor (BC/PZ),Maokai/Nautilus (BW/SI),1,1,1
Ashe (FR/PZ),Viktor (BC/PZ),1,1,1
Ashe (FR/PZ),Gnar/Swain (BC/NX),1,1,1
Ashe/LeBlanc (FR/NX),Braum/Swain/Vladimir (FR/NX),1,1,1
Illaoi/Swain (BW/NX),Sett (IO/PZ),1,1,1
Sett (IO/PZ),Lulu/Poppy (DE/IO),1,1,1
Kayle (BW/MT),Akshan/Shyvana (DE/SH),1,1,1
Kai'Sa/Sivir (DE/SH),Akshan/Varus (SH/RU),1,1,1
Kai'Sa/Sivir (FR/SH),Illaoi/Swain (BW/NX),1,1,1
Janna/Morgana (MT/PZ),Ashe (FR/PZ),1,1,1
Ashe (FR/PZ),Taric/Udyr (FR/MT),1,1,1
Ashe (FR/PZ),Shyvana (DE/FR),1,1,1
Jack/Swain (BW/NX),Nasus (SI/SH),1,1,1
Varus/Viktor (PZ/RU),Gnar/Neeko (FR/RU),1,1,1
Kayle (BW/MT),Nasus (SI/SH),1,1,1
Poppy/Riven (BC/NX),LeBlanc (FR/NX),1,1,1
Varus/Viktor (PZ/RU),Senna (PZ/SI),1,1,1
Rumble/Sion (BC/NX),Akshan/Riven (NX/SH),1,1,1
Senna/Veigar (PZ/SI),Akshan/Riven (NX/SH),1,1,1
Caitlyn/Swain (NX/PZ),Braum/Gnar (FR/IO),1,1,1
Ashe/LeBlanc (FR/NX),Caitlyn/Swain (NX/PZ),1,1,1
Caitlyn/Swain (NX/PZ),Maokai/Nautilus (BW/SI),1,1,1
Galio/Udyr (DE/FR),Rumble/Vayne (DE/NX),1,1,1
Akshan/Lee Sin (IO/SH),Lillia/Morgana (IO/MT),1,1,1
Jayce/Lux (DE/PZ),Akshan/Viktor (PZ/SH),1,1,1
Akshan/Viktor (PZ/SH),Akshan/Lee Sin (IO/SH),1,1,1
Kayle (BW/MT),Kai'Sa/Viktor (PZ/SH),1,1,1
Poppy/Riven (BC/NX),Lillia/Sett (BC/IO),1,1,1
Janna/Sett (IO/PZ),Lillia/Sett (BC/IO),1,1,1
Championless (PZ/SI),Lillia/Sett (BC/IO),1,1,1
Illaoi/Kalista (BW/SI),Lillia/Sett (BC/IO),1,1,1
Gnar (BC/NX),Lillia/Sett (BC/IO),1,1,1
Championless (SI),Viktor (BC/PZ),1,1,1
Gwen/LeBlanc (NX/SI),Gnar/Swain (BC/NX),1,1,1
Leona/Sett (IO/MT),Championless (SI),1,1,1
Gnar/Renekton (FR/SH),Shyvana (DE/MT),1,1,1
Gnar/Nidalee (BC/SH),Taric/Udyr (FR/MT),1,1,1
LeBlanc/Sivir (NX/SH),Gnar/Swain (BC/NX),1,1,1
Aatrox/Kayn (RU/RU),Gwen/Lillia (IO/SI),1,1,1
Jack/Swain (BW/NX),Gwen/LeBlanc (NX/SI),1,1,1
Ashe/LeBlanc (FR/NX),Morgana/Riven (MT/NX),1,1,1
Kai'Sa/Sivir (DE/SH),Kai'Sa/Sivir (FR/SH),1,1,1
Ashe (FR/PZ),Kayle/Leona (MT/NX),1,1,1
Gnar/Nidalee (BC/SH),Akshan/Nidalee/Sivir (DE/SH),1,1,1
Jack/Swain (BW/NX),Shyvana (DE/MT),1,1,1
Janna/Vi/Viktor (BC/PZ),Nasus (SI/SH),1,1,1
Akshan/Nasus/Renekton (SH),Jax/Ornn (FR/RU),1,1,1
Kayle (BW/MT),Kai'Sa/Sivir (FR/SH),1,1,1
Neeko/Tristana (BC/RU),Lillia/Veigar (BC/IO),1,1,1
Poppy/Riven (BC/NX),Neeko/Tristana (BC/RU),1,1,1
Darius (NX/PZ),Viktor (BC/PZ),1,1,1
Darius/Gnar (FR/NX),Gwen (FR/SI),1,1,1
Janna/Sett (IO/PZ),Gwen/LeBlanc (NX/SI),1,1,1
Kayle (BW/MT),Shyvana (DE/MT),1,1,1
Poppy/Riven (BC/NX),Gnar/Neeko (FR/RU),1,1,1
Poppy/Riven (BC/NX),Galio/Poppy (BC/DE),1,1,1
Poppy/Riven (BC/NX),Jax/Vayne (DE/RU),1,1,1
Nasus/Thresh (SI/SH),Poppy/Riven (BC/NX),1,1,1
Lillia/Veigar (BC/IO),Darius/Gnar/Sejuani (FR/NX),1,1,1
Janna/Sett (IO/PZ),Caitlyn/Swain (NX/PZ),1,1,1
Kayle/Leona (MT/NX),Illaoi/Swain (BW/NX),1,1,1
Akshan/Kayn (RU/SH),Kayle/Leona (MT/NX),1,1,1
Morgana/Riven (MT/NX),Illaoi (BW/SI),1,1,1
Varus/Viktor (PZ/RU),Nidalee (BC/SH),1,1,1
Varus/Viktor (PZ/RU),Poppy/Taric (DE/MT),1,1,1
Championless (SI),Championless (FR/SI),1,1,1
Braum/Lillia (FR/IO),Darius (BW/NX),1,1,1
Akshan/Lee Sin (IO/SH),Lillia/Sett (BC/IO),1,1,1
Darius/Gnar (FR/NX),Akshan/Ornn (FR/SH),1,1,1
LeBlanc/Sivir (NX/SH),Viktor (MT/PZ),1,1,1
Akshan/Kayn (RU/SH),Darius (NX/PZ),1,1,1
Braum/Gnar (BC/FR),Darius/Gnar (FR/NX),1,1,1
Championless (SI),Akshan/Jax (RU/SH),1,1,1
Kai'Sa/Sivir (DE/SH),Kayle (BW/MT),1,1,1
Lillia/Sett (BC/IO),Riven (NX/PZ),1,1,1
Gnar/Nidalee (BC/SH),Darius (NX/PZ),1,1,1
Garen/Neeko (DE/RU),Braum/Lillia (FR/IO),1,1,1
Janna/Malphite (MT/PZ),Janna/Sett (IO/PZ),1,1,1
Kayle (BW/MT),Championless (IO/SI),1,1,1
Kayle (BW/MT),Championless (FR/SI),1,1,1
Maokai/Nautilus (BW/SI),Neeko/Tristana (BC/RU),1,1,1
Nidalee (BC/SH),Championpile (FR/SH),1,1,1
Ashe (FR/PZ),Shyvana (DE/MT),1,1,1
Ashe/Nasus (FR/SH),Ashe/LeBlanc (FR/NX),1,1,1
Renekton/Sejuani (FR/SH),Championless (SI),1,1,1
Riven/Taric (MT/NX),Championless (PZ/SI),1,1,1
Lulu/Taric (IO/MT),Ashe/Caitlyn (FR/PZ),1,1,1
Jack/Swain (BW/NX),Kayle/Lillia (IO/MT),1,1,1
Neeko/Tristana (BC/RU),Ashe/Nasus (FR/SH),1,1,1
Janna/Sett (IO/PZ),Akshan/Nasus/Renekton (SH),1,1,1
Akshan/Nasus/Renekton (SH),Akshan/Riven (NX/SH),1,1,1
Akshan/Nasus/Renekton (SH),Sivir/Udyr (FR/SH),1,1,1
Shyvana (DE/MT),Janna/Sett (IO/PZ),1,1,1
Akshan/Riven (NX/SH),Poppy/Riven (BC/NX),1,1,1
Nidalee (BC/SH),Tahm Kench/Udyr (BW/FR),1,1,1
Ashe (FR/PZ),Jack/Swain (BW/NX),1,1,1
Championless (SI),Gwen/Kalista (DE/SI),1,1,1
Championless (SI),Aphelios/Janna (MT/PZ),1,1,1
Akshan/Morgana (MT/SH),Senna/Veigar (BC/SI),1,1,1
Rumble/Sion (BC/NX),Sett (BC/IO),1,1,1
Janna/Sett (IO/PZ),Championless (PZ/SI),1,1,1
Akshan/Lee Sin (IO/SH),Braum/Morgana (DE/FR),1,1,1
Championless (SI),Garen/Shen (DE/IO),1,1,1
Ashe/LeBlanc (FR/NX),Braum/Morgana (DE/FR),1,1,1
Braum/Morgana (DE/FR),Lillia/Udyr (FR/IO),1,1,1
Senna/Veigar (BC/SI),Janna/Viktor (BC/PZ),1,1,1
Akshan/Lee Sin (IO/SH),Swain/Yasuo (IO/NX),1,1,1
Lillia/Morgana (IO/MT),Swain/Yasuo (IO/NX),1,1,1
Jack/Sett (BW/IO),Sejuani/Vladimir (FR/NX),1,1,1
Sejuani/Vladimir (FR/NX),Nidalee/Sivir (BC/SH),1,1,1
Braum (FR/MT),Jack/Swain (BW/NX),1,1,1
Janna/Sett (IO/PZ),Jack/Swain (BW/NX),1,1,1
Championless (SI),Jack/Swain (BW/NX),1,1,1
Jax/Ornn (FR/RU),Jack/Swain (BW/NX),1,1,1
Gangplank/Sejuani (BW/FR),Janna/Sett (IO/PZ),1,1,1
Janna/Sett (IO/PZ),Morgana (DE/MT),1,1,1
Lee Sin/Viktor (IO/PZ),Morgana (DE/MT),1,1,1
LeBlanc/Sivir (NX/SH),Morgana (DE/FR),1,1,1
Braum/Morgana (DE/FR),Ashe (FR/PZ),1,1,1
Ashe (FR/PZ),Garen/Kayle/Shyvana (DE/MT),1,1,1
Garen/Kayle/Shyvana (DE/MT),Senna/Veigar (BC/SI),1,1,1
Senna/Veigar (BC/SI),Rumble/Viktor (BC/PZ),1,1,1
Senna/Veigar (BC/SI),Aphelios/Janna (MT/PZ),1,1,1
Riven/Viktor (NX/PZ),Jack/Lillia (BW/IO),1,1,1
Morgana/Senna (MT/SI),Galio/Udyr (DE/FR),1,1,1
Garen/Shen (DE/IO),Kayle (BW/MT),1,1,1
Championless (SI),Gnar (BC/NX),1,1,1
Kayle (BW/MT),Gnar (BC/NX),1,1,1
Akshan/Nidalee/Sivir (DE/SH),Kalista (SI),1,1,1
Ashe (FR/PZ),Ornn/Udyr (FR/IO),1,1,1
Janna/Sett (IO/PZ),Leona/Sett (IO/MT),1,1,1
Aatrox/Kayn (RU/RU),Leona/Sett (IO/MT),1,1,1
Darius/Gnar (FR/NX),Gangplank/Swain (BW/NX),1,1,1
Ashe (FR/PZ),Maokai (PZ/SI),1,1,1
Ashe/LeBlanc (FR/NX),Illaoi (BW/IO),1,1,1
Senna/Veigar (BC/SI),Tristana (BC/FR),1,1,1
Kayle (BW/MT),Sion/Thresh (NX/SI),1,1,1
Senna/Veigar (NX/SI),Senna/Veigar (BC/SI),1,1,1
Garen/Neeko (DE/RU),Poppy/Taric (DE/MT),1,1,1
Galio/Udyr (DE/FR),Janna/Lee Sin (IO/PZ),1,1,1
Galio/Udyr (DE/FR),Darius/Gnar (FR/NX),1,1,1
Kalista (SI),Galio/Udyr (DE/FR),1,1,1
Kayle (BW/MT),Janna/Viktor (BC/PZ),1,1,1
Janna/Lee Sin (IO/PZ),Garen (DE/SH),1,1,1
Maokai/Nautilus (BW/SI),Kalista (SI),1,1,1
Senna/Veigar (PZ/SI),Gwen (FR/SI),1,1,1
Akshan/Lee Sin (IO/SH),Janna/Morgana (MT/PZ),1,1,1
Sejuani/Swain (FR/NX),Kayle/Lillia (IO/MT),1,1,1
Sett/Udyr (FR/IO),Janna/Viktor (IO/PZ),1,1,1
Maokai (PZ/SI),Ornn/Udyr (FR),1,1,1
Ornn/Udyr (FR),Gwen/LeBlanc (NX/SI),1,1,1
Shyvana (DE/MT),Garen/Poppy (DE/MT),1,1,1
Shyvana (DE/MT),Aatrox/Kayn (RU/RU),1,1,1
Championless (SI),Garen/Poppy (DE/MT),1,1,1
Ashe (FR/PZ),Illaoi/Swain (BW/NX),1,1,1
Kalista/Maokai (BW/SI),Ashe (FR/PZ),1,1,1
Neeko/Poppy (DE/RU),Janna/Sett (IO/PZ),1,1,1
Darius/Gnar (FR/NX),Akshan/Kayn (RU/SH),1,1,1
Senna/Veigar (BC/SI),Taric (MT/PZ),1,1,1
Nidalee (PZ/SH),Braum/Lillia (FR/IO),1,1,1
Galio/Morgana (DE/FR),Janna/Sett (IO/PZ),1,1,1
Shyvana (DE/MT),Janna/Viktor (BC/PZ),1,1,1
Darius/Gnar (FR/NX),Janna/Viktor (BC/PZ),1,1,1
Janna/Sett (IO/PZ),Sejuani/Swain (FR/NX),1,1,1
Galio/Garen (DE/FR),Sejuani/Swain (FR/NX),1,1,1
LeBlanc/Sivir (NX/SH),Sejuani/Swain (FR/NX),1,1,1
Sejuani/Swain (FR/NX),Darius (BC/NX),1,1,1
Udyr (FR/IO),Ashe/Sejuani (FR/NX),1,1,1
Shen/Taric (IO/MT),Ornn/Udyr (FR/IO),1,1,1
Ornn/Udyr (FR/IO),Championless (SI),1,1,1
Darius/Gnar (FR/NX),Sett/Udyr (FR/IO),1,1,1
Sett/Udyr (FR/IO),Nasus/Renekton (SH),1,1,1
Braum/Lillia (FR/IO),Gangplank/Swain (BW/NX),1,1,1
Braum/Swain (FR/NX),Braum/Lillia (FR/IO),1,1,1
Shyvana (DE/MT),Gnar/Morgana (BC/MT),1,1,1
Lillia/Veigar (BC/IO),Aphelios/Lux (DE/MT),1,1,1
Aphelios/Viktor (MT/PZ),Lulu/Poppy (DE/IO),1,1,1
Kalista/Sion (NX/SI),Swain/Vladimir (FR/NX),1,1,1
Neeko/Poppy (DE/RU),Swain/Vladimir (FR/NX),1,1,1
Swain/Vladimir (FR/NX),Kayle (BW/MT),1,1,1
Kayle (BW/MT),Kayle/Lillia (IO/MT),1,1,1
Championless (SI),Akshan/Aphelios (MT/SH),1,1,1
Championless (SI),Braum/Swain (FR/NX),1,1,1
Jayce/Lux (DE/PZ),Nidalee (PZ/SH),1,1,1
Rumble/Sion (BC/NX),Jack/Lillia (BW/IO),1,1,1
Nidalee (BC/SH),Udyr (FR/IO),1,1,1
Darius/Gnar (FR/NX),Aatrox (RU/BW),1,1,1
Darius/Gnar (FR/NX),Braum/Sejuani/Udyr (FR/PZ),1,1,1
Senna/Veigar (PZ/SI),Gnar/Swain (BC/NX),1,1,1
Gwen/LeBlanc (NX/SI),Ashe (FR/PZ),1,1,1
Championless (MT/SI),Lulu/Shen (IO/MT),1,1,1
Championless (MT/SI),Morgana/Udyr (DE/FR),1,1,1
Senna/Veigar (PZ/SI),Aatrox (RU/BW),1,1,1
Morgana/Viktor (MT/PZ),Janna/Sett (IO/PZ),1,1,1
Galio/Udyr (DE/FR),Lillia/Sett (BC/IO),1,1,1
Galio/Udyr (DE/FR),Championless (BW/NX),1,1,1
Darius/Gnar (FR/NX),Braum/Kai'Sa (FR/SH),1,1,1
Morgana/Viktor (MT/PZ),Braum/Udyr/Vladimir (FR/NX),1,1,1
Braum/Udyr/Vladimir (FR/NX),Illaoi (BW/MT),1,1,1
Rumble/Vayne (DE/NX),Aatrox (RU/BW),1,1,1
Rumble/Vayne (DE/NX),Ashe/Udyr (DE/FR),1,1,1
Ashe/LeBlanc (FR/NX),LeBlanc (FR/NX),1,1,1
Neeko/Renekton (RU/SH),Akshan/Udyr (FR/SH),1,1,1
Varus/Viktor (PZ/RU),Championless (MT/SI),1,1,1
Akshan/Varus (SH/RU),Lillia/Morgana (IO/MT),1,1,1
Nasus (SI/SH),Akshan/Nidalee/Sivir (DE/SH),1,1,1
Championless (PZ/SI),Championless (MT/SI),1,1,1
Nidalee (BC/SH),Championless (MT/SI),1,1,1
Rumble/Sion (BC/NX),Gwen/LeBlanc (NX/SI),1,1,1
Rumble/Sion (BC/NX),Caitlyn (FR/PZ),1,1,1
Akshan/Varus (SH/RU),Rumble/Vayne (DE/NX),1,1,1
Akshan/Varus (SH/RU),Malphite/Yasuo (IO/MT),1,1,1
Morgana/Viktor (MT/PZ),Ashe/Shyvana (DE/FR),1,1,1
Poppy/Taric (DE/MT),Riven/Viktor (NX/PZ),1,1,1
Akshan/Nasus/Renekton (SH),Nidalee (BC/SH),1,1,1
Varus/Viktor (PZ/RU),Senna/Veigar (PZ/SI),1,1,1
Galio/Udyr (DE/FR),LeBlanc/Sion (BC/NX),1,1,1
Senna/Veigar (PZ/SI),Gwen/Kayle (MT/SI),1,1,1
Akshan/Nasus/Renekton (SH),Championless (SI),1,1,1
Darius/Gnar (FR/NX),Varus (BC/RU),1,1,1
Darius/Gnar (FR/NX),Udyr/Vladimir (FR/NX),1,1,1
Malphite/Yasuo (IO/MT),Darius/Gnar (FR/NX),1,1,1
Jayce/Lux (DE/PZ),Aphelios/Yasuo (IO/MT),1,1,1
Ashe/LeBlanc (FR/NX),Morgana/Vayne (DE/NX),1,1,1
Akshan/Nasus/Renekton (SH),Morgana/Vayne (DE/NX),1,1,1
Gnar/Sejuani (BC/FR),Varus/Viktor (PZ/RU),1,1,1
Ashe/LeBlanc (FR/NX),Morgana/Poppy (BC/MT),1,1,1
Darius/Illaoi (BW/NX),Neeko/Renekton (RU/SH),1,1,1
LeBlanc/Rumble (BC/NX),Nidalee (BC/SH),1,1,1
Kalista (SI),Neeko/Renekton (RU/SH),1,1,1
Neeko/Renekton (RU/SH),LeBlanc/Sivir (NX/SH),1,1,1
Ashe/LeBlanc (FR/NX),Gnar (BC/MT),1,1,1
Lillia/Sett (BC/IO),Ashe (FR/PZ),1,1,1
LeBlanc/Sivir (NX/SH),Aphelios/Viktor (MT/PZ),1,1,1
Gnar/Renekton (FR/SH),Tahm Kench/Udyr (BW/FR),1,1,1
Galio/Udyr (DE/FR),Gnar/Renekton (FR/SH),1,1,1
Janna/Varus (PZ/RU),Riven/Viktor (NX/PZ),1,1,1
Gnar/Renekton (FR/SH),Riven/Viktor (NX/PZ),1,1,1
Senna/Veigar (PZ/SI),Riven/Viktor (NX/PZ),1,1,1
Nidalee (BC/SH),LeBlanc/Sivir (NX/SH),1,1,1
Senna/Veigar (PZ/SI),Kai'Sa/Viktor (PZ/SH),1,1,1
Tahm Kench/Udyr (BW/FR),Senna/Veigar (PZ/SI),1,1,1
Lillia/Sett (IO/PZ),Championless (SI),1,1,1
Senna/Veigar (PZ/SI),LeBlanc/Sivir (NX/SH),1,1,1
Ashe (FR/PZ),Caitlyn (FR/PZ),1,1,1
Gwen/LeBlanc (NX/SI),Ashe/LeBlanc (FR/NX),1,1,1
Lee Sin/Riven (IO/NX),Kayle (BW/MT),1,1,1
Ashe (FR/PZ),Kayle/Shen (IO/MT),1,1,1
Caitlyn (FR/PZ),Jayce/Lux (DE/PZ),1,1,1
Galio/Morgana (DE/FR),Janna/Varus (PZ/RU),1,1,1
Janna/Varus (PZ/RU),Maokai/Nautilus (BW/SI),1,1,1
Janna/Varus (PZ/RU),Rumble/Sion (BC/NX),1,1,1
Jax/Sivir (RU/SH),Janna/Varus (PZ/RU),1,1,1
Lee Sin/Riven (IO/NX),Jayce/Lux (DE/PZ),1,1,1
Jayce/Lux (DE/PZ),Ashe/Morgana (FR/MT),1,1,1
Jayce/Lux (DE/PZ),Gwen/LeBlanc (NX/SI),1,1,1
Varus/Viktor (PZ/RU),Kalista (SI),1,1,1
Varus/Viktor (PZ/RU),Akshan/Nidalee (BC/SH),1,1,1
Akshan/Varus (SH/RU),Gwen/Kayn (RU/SI),1,1,1
Kalista (SI),Maokai (BW/SI),1,1,1
Kalista (SI),Senna (PZ/SI),1,1,1
Swain/Yasuo (IO/NX),Jayce/Lux (DE/PZ),1,1,1
Rumble/Sion (BC/NX),Lillia/Udyr (FR/IO),1,1,1
Gangplank/Sejuani (BW/FR),Udyr (FR/IO),1,1,1
Udyr (FR/IO),Riven/Viktor (NX/PZ),1,1,1
Nasus (SI/SH),Ashe/Janna (FR/PZ),1,1,1
Gangplank/Sejuani (BW/FR),Kai'Sa/Sivir (FR/SH),1,1,1
Vayne/Vi (DE/PZ),Kai'Sa/Sivir (FR/SH),1,1,1
Akshan/Varus (SH/RU),Lulu/Poppy (DE/IO),1,1,1
Neeko/Renekton (RU/SH),Nasus/Thresh (SI/SH),1,1,1
Kayle (BW/MT),Janna/Varus (PZ/RU),1,1,1
Janna/Varus (PZ/RU),Ashe/LeBlanc (FR/NX),1,1,1
Gwen/Riven (NX/SI),Janna/Varus (PZ/RU),1,1,1
Poppy/Riven (BC/NX),Gnar/Swain (BC/NX),1,1,1
Poppy/Riven (BC/NX),Rumble/Sion (BC/NX),1,1,1
Championless (SI),Lux/Udyr (DE/FR),1,1,1
Jax/Ornn (FR/RU),Garen/Neeko (DE/RU),1,1,1
Garen/Neeko (DE/RU),LeBlanc (FR/NX),1,1,1
Swain/Yasuo (IO/NX),Garen/Neeko (DE/RU),1,1,1
Garen/Neeko (DE/RU),Nidalee (BC/SH),1,1,1
Darius/Gnar (FR/NX),Ornn/Varus (FR/RU),1,1,1
Aatrox/Nasus (RU/SH),Darius/Gnar (FR/NX),1,1,1
Darius/Gnar (FR/NX),Darius/Sion (NX/SI),1,1,1
Akshan/Nidalee (BC/SH),Gwen/Kayn (RU/SI),1,1,1
Akshan/Nidalee (BC/SH),Rumble/Sion (BC/NX),1,1,1
Akshan/Nasus/Renekton (SH),Akshan/Nidalee (BC/SH),1,1,1
Jayce/Lux (DE/PZ),Championless (FR/SI),1,1,1
Darius (NX/PZ),Tahm Kench/Vladimir (BW/NX),1,1,1
Jax/Ornn (FR/RU),Senna (PZ/SI),1,1,1
Aatrox/Nasus (RU/SH),Kayle (BW/MT),1,1,1
Neeko/Poppy (DE/RU),Kayle (BW/MT),1,1,1
Aatrox/Kayn (RU/RU),Akshan/Nasus/Renekton (SH),1,1,1
Kayle/Lillia (IO/MT),Ashe/LeBlanc (FR/NX),1,1,1
Ashe/LeBlanc (FR/NX),Akshan/Braum (FR/SH),1,1,1
Ashe/LeBlanc (FR/NX),Jax/Tristana (BC/RU),1,1,1
Rumble/Sion (BC/NX),Gwen/Riven (NX/SI),1,1,1
Akshan/Nasus/Renekton (SH),Morgana/Riven (MT/NX),1,1,1
Akshan/Nasus/Renekton (SH),Illaoi/Swain (BW/NX),1,1,1
Rumble/Sion (BC/NX),Senna (PZ/SI),1,1,1
Gwen/Kayn (RU/SI),Braum/Udyr (FR/IO),1,1,1
Ashe (FR/PZ),Ornn/Vayne (DE/FR),1,1,1
Ashe/LeBlanc (FR/NX),Janna/Senna (PZ/SI),1,1,1
Akshan/Nidalee/Sivir (DE/SH),Rumble/Vayne (DE/NX),1,1,1
Nidalee (BC/SH),Akshan/Nidalee/Sivir (DE/SH),1,1,1
Garen/Neeko (DE/RU),Janna (PZ/SI),1,1,1
Jax/Ornn (FR/RU),Akshan/Morgana (MT/SH),1,1,1
Akshan/Nidalee (BC/SH),Jayce/Lux (DE/PZ),1,1,1
Akshan/Nidalee (BC/SH),Kalista (SI),1,1,1
Championless (SI),Gwen/Kayn (RU/SI),1,1,1
Gwen/Vayne (DE/SI),Lee Sin/Riven (IO/NX),1,1,1
Ashe/Caitlyn (FR/PZ),Gnar (BC/NX),1,1,1
Gnar (BC/NX),Gwen/Vayne (DE/SI),1,1,1
Gnar (BC/NX),Ashe/LeBlanc (FR/NX),1,1,1
Jayce/Lux (DE/PZ),Tahm Kench/Taric (BW/MT),1,1,1
Ashe (FR/NX),Braum/Vladimir (FR/NX),1,1,1
Darius/Gnar (FR/NX),Maokai (BW/SI),1,1,1
Jack/Lillia (BW/IO),Championless (SI),1,1,1
Akshan/Taric (MT/SH),Senna/Veigar (BC/SI),1,1,1
Senna (PZ/SI),Nasus/Senna (SI/SH),1,1,1
Jack/Swain (BW/NX),Nasus/Senna (SI/SH),1,1,1
Kalista (SI),Rumble/Sion (BC/NX),1,1,1
Rumble/Sion (BC/NX),Galio/Garen (DE/FR),1,1,1
Viktor (BC/PZ),Kayle (BW/MT),1,1,1
Darius (NX/PZ),Janna/Sett (IO/PZ),1,1,1
Ashe/Nasus (FR/SH),Janna/Sett (IO/PZ),1,1,1
Gnar/Nidalee (BC/SH),Nautilus (BW/SI),1,1,1
Jax/Ornn (FR/RU),Lillia/Sett (IO/PZ),1,1,1
Akshan/Nidalee/Sivir (DE/SH),Jax/Ornn (FR/RU),1,1,1
Nasus/Senna (SI/SH),Janna/Lee Sin (IO/PZ),1,1,1
Nasus/Senna (SI/SH),Darius/Gnar (FR/NX),1,1,1
LeBlanc/Sivir (NX/SH),Nasus/Senna (SI/SH),1,1,1
Lillia/Sett (IO/PZ),Jayce (PZ/SI),1,1,1
Kayle (BW/MT),Lillia/Sett (IO/PZ),1,1,1
Jayce/Lux (DE/PZ),Viktor (BC/PZ),1,1,1
Lee Sin/Riven (IO/NX),Sion (NX/SI),1,1,1
Ashe/Nasus (FR/SH),Riven/Vayne (DE/NX),1,1,1
Viktor (MT/PZ),Janna/Lillia/Viktor (IO/PZ),1,1,1
Garen (DE/SH),Lulu/Taric (IO/MT),1,1,1
Braum/Udyr (FR/IO),LeBlanc/Sivir (NX/SH),1,1,1
Galio/Udyr (DE/FR),Viktor (BC/PZ),1,1,1
Ashe/LeBlanc (FR/NX),Akshan/Nasus/Renekton (SH),1,1,1
Ashe/LeBlanc (FR/NX),Akshan/Viktor (PZ/SH),1,1,1
Championless (IO/SI),Kalista (SI),1,1,1
Kayle (BW/MT),Ashe/Janna (FR/PZ),1,1,1
Kayle/Shyvana (DE/MT),Akshan/Nasus/Renekton (SH),1,1,1
Akshan/Nasus/Renekton (SH),Garen (DE/SH),1,1,1
Jayce (PZ/SI),Ashe/Caitlyn (FR/PZ),1,1,1
Ashe/Caitlyn (FR/PZ),Gnar/Swain (BC/NX),1,1,1
Ashe/Caitlyn (FR/PZ),Ashe/LeBlanc (FR/NX),1,1,1
Lillia/Viktor (IO/PZ),Nasus/Senna (SI/SH),1,1,1
LeBlanc/Sivir (NX/SH),Riven/Viktor (NX/PZ),1,1,1
LeBlanc/Sivir (NX/SH),Rumble/Vayne (DE/NX),1,1,1
Nasus (SI/SH),Braum/Lillia (FR/IO),1,1,1
Nasus (SI/SH),Jayce/Lux (DE/PZ),1,1,1
Aatrox/Kayn (RU/RU),Kayle/Lillia (IO/MT),1,1,1
Janna/Varus (PZ/RU),Akshan/Varus (SH/RU),1,1,1
Gwen/LeBlanc (NX/SI),Janna/Varus (PZ/RU),1,1,1
Lillia/Viktor (IO/PZ),Morgana/Udyr (DE/FR),1,1,1
Gangplank/Swain (BW/NX),Rumble/Sion (BC/NX),1,1,1
Rumble/Sion (BC/NX),Ashe/Janna (FR/PZ),1,1,1
Caitlyn/Swain (NX/PZ),Darius (NX/PZ),1,1,1
Rumble/Sion (BC/NX),Garen/Udyr (DE/FR),1,1,1
Kayle (FR/MT),Maokai/Nautilus (BW/SI),1,1,1
Garen/Poppy (BW/DE),Aatrox/Kayn (RU/RU),1,1,1
Kalista/Maokai (BW/SI),Ashe/LeBlanc (FR/NX),1,1,1
Championless (SI),Jax/Poppy (DE/RU),1,1,1
Championless (IO/SI),Jayce (PZ/SI),1,1,1
Championless (IO/SI),Gwen/LeBlanc (NX/SI),1,1,1
Darius/Gnar (FR/NX),Kalista/Maokai (BW/SI),1,1,1
Nasus/Senna (SI/SH),Vayne/Vi (DE/PZ),1,1,1
Lillia/Sett (BC/IO),Ashe/Caitlyn (FR/PZ),1,1,1
Braum/Vladimir (FR/NX),Janna/Viktor (BC/PZ),1,1,1
Senna/Veigar (BC/SI),Gnar/Sett (FR/IO),1,1,1
Senna/Veigar (BC/SI),Ashe (FR/NX),1,1,1
Championless (MT/SI),Aatrox/Akshan (RU/SH),1,1,1
Gangplank/Sejuani (BW/FR),Gwen/Vayne (DE/SI),1,1,1
Riven/Viktor (NX/PZ),Nasus (SI/SH),1,1,1
Ashe/LeBlanc (FR/NX),Akshan/Renekton (SH),1,1,1
Ashe/LeBlanc (FR/NX),Morgana/Shyvana (DE/MT),1,1,1
Aatrox/Akshan (RU/SH),Akshan/Nidalee (BC/SH),1,1,1
Jack/Sett (BW/IO),Shyvana (DE/MT),1,1,1
Aatrox/Akshan (RU/SH),Janna/Senna (PZ/SI),1,1,1
LeBlanc/Sivir (NX/SH),Gwen/Vayne (DE/SI),1,1,1
Aatrox/Kayn (RU/RU),Nasus (SI/SH),1,1,1
Neeko/Poppy (DE/RU),Braum/Janna (FR/PZ),1,1,1
Caitlyn/Janna (BC/PZ),Akshan/Varus (SH/RU),1,1,1
Kalista/Sion (NX/SI),Akshan/Lillia (IO/SH),1,1,1
Janna/Morgana (MT/PZ),Akshan (NX/SH),1,1,1
Championless (SI),Swain (FR/NX),1,1,1
Janna/Senna (PZ/SI),Braum/Vladimir (FR/NX),1,1,1
Darius/Gnar/Ornn (FR/NX),Darius/LeBlanc (NX),1,1,1
Championless (SI),Vayne/Vi (DE/PZ),1,1,1
Akshan/Nidalee (BC/SH),Maokai (BW/SI),1,1,1
Rumble/Sion (BC/NX),Gnar/Neeko (FR/RU),1,1,1
Gnar/Neeko (FR/RU),Senna/Veigar (PZ/SI),1,1,1
Senna/Veigar (BC/SI),Aphelios/Braum (FR/MT),1,1,1
Akshan/Nidalee (BC/SH),Vayne/Vi (DE/PZ),1,1,1
Kayle (BW/MT),Aphelios/Braum (FR/MT),1,1,1
Kayle (BW/MT),Morgana/Riven (MT/NX),1,1,1
Rumble/Sion (BC/NX),Yasuo (IO/MT),1,1,1
Rumble/Sion (BC/NX),Aphelios/Yasuo (IO/MT),1,1,1
Darius/Gnar (FR/NX),Vayne/Vi (DE/PZ),1,1,1
Senna/Veigar (PZ/SI),Jack/Lillia (BW/IO),1,1,1
Kayle (BW/MT),Jack/Tristana (BC/BW),1,1,1
Shyvana (DE/MT),Darius/Gnar (FR/NX),1,1,1
Gnar/Nidalee (BC/SH),Aatrox/Morgana (RU/DE),0,1,0
Aatrox/Morgana (RU/DE),Poppy/Riven (BC/NX),0,1,0
Darius/Gangplank (BW/NX),Aatrox/Kayn (RU/RU),0,1,0
Renekton/Riven (NX/SH),Gnar/Neeko (FR/RU),0,1,0
Caitlyn/Swain (NX/PZ),Gnar/Neeko (FR/RU),0,1,0
Lillia/Senna/Veigar (IO/SI),Sett (IO/PZ),0,1,0
Championless (IO/PZ),Sett (IO/PZ),0,1,0
Nasus/Senna (SI/SH),Gnar/Neeko (FR/RU),0,1,0
Nasus/Thresh (SI/SH),Gnar/Neeko (FR/RU),0,1,0
Gnar/Neeko (FR/RU),Championless (SI/SH),0,1,0
Gnar/Nidalee (BC/SH),Championless (SI/SH),0,1,0
Darius/Gangplank (BW/NX),Ashe/LeBlanc (FR/NX),0,1,0
Darius/Gangplank (BW/NX),Morgana/Udyr (DE/FR),0,1,0
Ashe/Sejuani (FR/SI),Gnar/Nidalee (BC/SH),0,1,0
Ashe/Tahm Kench (BW/FR),Galio/Udyr (DE/FR),0,1,0
Kayle (BW/MT),Garen (DE),0,1,0
Lillia/Malphite (IO/MT),Jayce/Lux (DE/PZ),0,1,0
Gnar/Nidalee (BC/SH),Ashe/Janna (FR/PZ),0,1,0
Galio/Taric (DE/MT),Ashe/LeBlanc (FR/NX),0,1,0
Lee Sin/Viktor (IO/PZ),Darius (FR/NX),0,1,0
Lee Sin/Viktor (IO/PZ),Gnar/Neeko (FR/RU),0,1,0
Darius (FR/NX),Galio/Udyr (DE/FR),0,1,0
Ryze (IO/RU),Ashe (FR/PZ),0,1,0
Aatrox/Morgana (RU/DE),Darius (FR/NX),0,1,0
Morgana/Udyr (FR/MT),Sett (IO/PZ),0,1,0
Illaoi/Vayne (BW/DE),Lillia/Sett (IO/MT),0,1,0
Darius/Gnar (FR/NX),Ashe/Lulu (FR/IO),0,1,0
Poppy/Taric (DE/MT),Morgana/Udyr (FR/MT),0,1,0
Jayce/Lux (DE/PZ),Lillia/Sett (IO/MT),0,1,0
Rumble/Sion (BC/NX),Aatrox/Morgana (RU/DE),0,1,0
Gwen (NX/SI),Aatrox/Morgana (RU/DE),0,1,0
Championless (PZ/SI),Darius/Gangplank (BW/NX),0,1,0
Kai'Sa/Morgana (DE/SH),Kalista (SI),0,1,0
Championless (SI),Garen (DE),0,1,0
Neeko/Poppy (DE/RU),Leona/Yasuo (IO/MT),0,1,0
Maokai (BW/SI),Lee Sin/Viktor (IO/PZ),0,1,0
Aatrox/Kayn (RU/RU),Maokai (BW/SI),0,1,0
Darius/Gnar (FR/NX),Aatrox/Morgana (RU/DE),0,1,0
Aphelios/Kayle (BW/MT),Aatrox/Morgana (RU/DE),0,1,0
Braum/Udyr (FR/IO),Sett (IO/PZ),0,1,0
Akshan/Lillia (IO/SH),Ashe/LeBlanc (FR/NX),0,1,0
Caitlyn/Janna (IO/PZ),Ashe/LeBlanc (FR/NX),0,1,0
Gangplank (BW/NX),Aphelios/Poppy (BC/MT),0,1,0
Malphite/Yasuo (IO/MT),Lillia/Sett (BC/IO),0,1,0
Garen/Shyvana (DE/MT),Ashe (FR/PZ),0,1,0
Ashe (FR/PZ),Gnar/Neeko (FR/RU),0,1,0
Maokai/Nautilus (BW/SI),Gnar/Neeko (FR/RU),0,1,0
Janna/Malphite (MT/PZ),Maokai/Nautilus (BW/SI),0,1,0
Gnar/Nidalee (BC/SH),Ashe/Tahm Kench (BW/FR),0,1,0
Gnar/Nidalee (BC/SH),Neeko/Poppy (DE/RU),0,1,0
Jayce/Morgana (MT/PZ),Gnar/Nidalee (BC/SH),0,1,0
Ashe/Senna (FR/SI),Jayce/Morgana (MT/PZ),0,1,0
Akshan/Lee Sin (IO/SH),Ashe/Senna (FR/SI),0,1,0
Darius/Gnar (FR/NX),Garen/Taric (DE/MT),0,1,0
Lee Sin/Viktor (IO/PZ),Lillia/Lulu (FR/IO),0,1,0
Leona/Yasuo (IO/MT),Morgana/Udyr (DE/FR),0,1,0
Galio/Morgana (DE/FR),Akshan/Sivir (DE/SH),0,1,0
Aphelios/Poppy (BC/MT),Gnar/Neeko (FR/RU),0,1,0
Aphelios/Viktor (MT/PZ),Kalista (SI),0,1,0
Braum/Garen/Udyr (DE/FR),Nasus/Renekton (SH),0,1,0
Akshan/Lee Sin (IO/SH),Lillia/Lulu (FR/IO),0,1,0
Braum/Udyr (FR/IO),Jack/Sett (BW/IO),0,1,0
Ashe (FR/PZ),Leona/Yasuo (IO/MT),0,1,0
Morgana/Taric (MT/PZ),Sejuani (FR/PZ),0,1,0
Maokai/Nautilus (BW/SI),Gwen/Kalista (NX/SI),0,1,0
Caitlyn (BC/PZ),Akshan/Jax (RU/SH),0,1,0
Sejuani (FR/PZ),Poppy/Taric (DE/MT),0,1,0
Sejuani/Swain (FR/NX),Braum/Vladimir (FR/NX),0,1,0
Leona/Yasuo (IO/MT),LeBlanc/Sivir (NX/SH),0,1,0
LeBlanc/Sivir (NX/SH),Janna (PZ/SI),0,1,0
Lillia/Sett (BC/IO),Swain/Yasuo (IO/NX),0,1,0
Jack/Sett (BW/IO),Lillia/Lulu (FR/IO),0,1,0
Jack/Sett (BW/IO),Sejuani (FR/PZ),0,1,0
Braum/Udyr (FR/MT),Kai'Sa/Sivir (DE/SH),0,1,0
Kai'Sa/Sivir (DE/SH),Braum/Vladimir (FR/NX),0,1,0
Nasus/Senna (SI/SH),Kai'Sa/Sivir (DE/SH),0,1,0
Kai'Sa/Sivir (DE/SH),Janna (PZ/SI),0,1,0
Galio/Taric (DE/MT),Morgana/Udyr (DE/FR),0,1,0
Akshan/Lee Sin (IO/SH),Leona/Yasuo (IO/MT),0,1,0
Poppy/Tristana (BC/DE),Ashe (FR/PZ),0,1,0
Garen/Shyvana (DE/MT),Nidalee (BC/SH),0,1,0
Darius/Gnar (FR/NX),Akshan/Morgana (MT/SH),0,1,0
Braum/Vladimir (FR/NX),Galio/Taric (DE/MT),0,1,0
Lulu/Shen (DE/IO),Championless (SI),0,1,0
Darius/Gnar (FR/NX),Morgana/Udyr (FR/MT),0,1,0
Galio/Tahm Kench (BW/DE),Morgana/Udyr (DE/FR),0,1,0
Morgana/Tahm Kench (BW/MT),Ashe (FR/PZ),0,1,0
Gangplank/Sejuani (BW/FR),Morgana/Tahm Kench (BW/MT),0,1,0
Riven/Viktor (NX/PZ),Morgana/Udyr (FR/MT),0,1,0
Illaoi (BW/SI),Riven/Viktor (NX/PZ),0,1,0
Lulu/Taric (IO/MT),Championless (BC/IO),0,1,0
Akshan/Renekton (SH),Lulu/Taric (IO/MT),0,1,0
Garen/Morgana (DE/SI),Riven/Viktor (NX/PZ),0,1,0
Illaoi (BW/NX),Maokai/Nautilus (BW/SI),0,1,0
Morgana/Udyr (FR/MT),Maokai/Nautilus (BW/SI),0,1,0
Garen/Morgana (DE/SI),Championless (SI),0,1,0
Championless (BC/IO),Lee Sin/Viktor (IO/PZ),0,1,0
Garen/Shyvana (DE/MT),Sett (IO/PZ),0,1,0
Morgana/Udyr (FR/MT),Ashe/LeBlanc (FR/NX),0,1,0
Leona/Yasuo (IO/MT),Championless (MT/SI),0,1,0
Braum/Tahm Kench (BW/FR),Leona/Yasuo (IO/MT),0,1,0
Championless (BC/IO),Sett (IO/PZ),0,1,0
Nasus/Thresh (SI/SH),Riven/Viktor (NX/PZ),0,1,0
Ashe/Janna (FR/PZ),Ashe/LeBlanc (FR/NX),0,1,0
Garen/Gnar/Shyvana (DE/FR),Ashe/LeBlanc (FR/NX),0,1,0
Akshan/Lee Sin (IO/SH),Galio (DE/MT),0,1,0
Braum/Jayce (FR/PZ),Ashe/LeBlanc (FR/NX),0,1,0
Akshan/Varus (SH/RU),Gnar/Lulu (BC/MT),0,1,0
Lillia (IO/SI),Riven/Viktor (NX/PZ),0,1,0
Jayce/Lux (DE/PZ),Aatrox/Morgana (RU/DE),0,1,0
Neeko/Poppy (DE/RU),Aatrox/Morgana (RU/DE),0,1,0
Swain/Yasuo (IO/NX),Championless (FR/PZ),0,1,0
Swain/Yasuo (IO/NX),Riven/Viktor (NX/PZ),0,1,0
Swain/Yasuo (IO/NX),LeBlanc/Sivir (NX/SH),0,1,0
Vayne/Yasuo (DE/IO),Championless (SI),0,1,0
Malphite/Yasuo (IO/MT),Vayne/Yasuo (DE/IO),0,1,0
Vayne/Yasuo (DE/IO),Akshan/Morgana (DE/SH),0,1,0
Vayne/Yasuo (DE/IO),Jayce/Lux (DE/PZ),0,1,0
Leona/Yasuo (IO/MT),Championless (SI/SH),0,1,0
Maokai/Nautilus (BW/SI),Championless (FR/IO),0,1,0
Gnar/Neeko (FR/RU),Sett (IO/PZ),0,1,0
Nasus/Renekton (SH),Ashe/Senna (FR/SI),0,1,0
Championless (SI),Darius/LeBlanc (FR/NX),0,1,0
Galio/Poppy (DE/SH),Championless (SI),0,1,0
Janna (PZ/SI),Lee Sin/Viktor (IO/PZ),0,1,0
Sett (IO/PZ),Gnar/Lulu (BC/NX),0,1,0
Darius/LeBlanc (FR/NX),Braum/Vladimir (FR/NX),0,1,0
Neeko/Poppy (DE/RU),Illaoi/Swain (BW/NX),0,1,0
Galio/Udyr (DE/FR),Illaoi/Swain (BW/NX),0,1,0
Garen/Shyvana (DE/MT),Senna/Veigar (BC/SI),0,1,0
Braum/Udyr (FR/IO),Riven/Viktor (NX/PZ),0,1,0
Lillia/Lulu (FR/IO),Riven/Viktor (NX/PZ),0,1,0
Galio/Poppy/Udyr (DE/FR),Darius/Gnar (FR/NX),0,1,0
Akshan/Jax (RU/SH),Lee Sin/Viktor (IO/PZ),0,1,0
Sejuani (FR/PZ),Senna/Veigar (BC/SI),0,1,0
Leona/Malphite (IO/MT),Championless (SI),0,1,0
Kai'Sa/Renekton (FR/SH),Championless (SI),0,1,0
Galio/Poppy (DE/SH),Darius/Gnar (FR/NX),0,1,0
Riven/Viktor (NX/PZ),Nasus/Senna (SI/SH),0,1,0
Aatrox/Akshan (RU/SH),Maokai (BW/SI),0,1,0
Jayce/Swain (NX/PZ),Maokai (BW/SI),0,1,0
Poppy/Tristana (BC/SI),Senna/Veigar (BC/SI),0,1,0
Ashe/LeBlanc (FR/NX),Championless (SI/SH),0,1,0
Jayce/Swain (NX/PZ),Riven/Viktor (NX/PZ),0,1,0
Nasus/Renekton (SH),Aatrox/Morgana (RU/DE),0,1,0
Poppy/Tristana (BC/DE),Aatrox/Morgana (RU/DE),0,1,0
Garen/Morgana (DE/SI),Aatrox/Morgana (RU/DE),0,1,0
Garen/Gnar (DE/FR),Aatrox/Kayn (RU/RU),0,1,0
Tristana/Veigar (BC/SI),Illaoi/Swain (BW/NX),0,1,0
Ashe/Tahm Kench (BW/FR),Illaoi/Swain (BW/NX),0,1,0
Lillia/Ryze (IO/RU),Championless (SI),0,1,0
Ornn (DE/FR),Lee Sin/Viktor (IO/PZ),0,1,0
Nasus/Renekton (SH),Ornn (DE/FR),0,1,0
Ornn (DE/FR),Akshan/Varus (SH/RU),0,1,0
Ornn (DE/FR),Senna/Veigar (BC/SI),0,1,0
Garen/Gnar (DE/FR),Galio/Udyr (DE/FR),0,1,0
Aatrox/Morgana (RU/DE),Illaoi/Udyr (BW/FR),0,1,0
Sion/Vladimir (FR/NX),Lee Sin/Viktor (IO/PZ),0,1,0
Poppy/Tristana (BC/DE),Nasus/Renekton (SH),0,1,0
Neeko/Poppy (DE/RU),Nasus/Renekton (SH),0,1,0
Poppy/Tristana (BC/DE),Ashe/LeBlanc (FR/NX),0,1,0
Braum/Gnar (FR/IO),Ashe (FR/PZ),0,1,0
Gwen/Kalista (SI),Ashe (FR/PZ),0,1,0
Lee Sin/Viktor (IO/PZ),Braum/Gnar (FR/IO),0,1,0
Ashe/Senna (FR/SI),Kalista/LeBlanc (NX/SI),0,1,0
Kai'Sa/Renekton (NX/SH),Ashe/LeBlanc (FR/NX),0,1,0
Aatrox/Morgana (RU/DE),Janna/Sett (IO/PZ),0,1,0
Lillia/Lulu (FR/IO),Senna/Veigar (BC/SI),0,1,0
Lillia/Lulu (FR/IO),Sett (IO/PZ),0,1,0
Kai'Sa/Renekton (FR/SH),Braum/Vladimir (FR/NX),0,1,0
Lillia/Lulu (FR/IO),Maokai/Nautilus (BW/SI),0,1,0
Lillia/Ryze (IO/RU),Ashe/LeBlanc (FR/NX),0,1,0
Illaoi/Udyr (BW/FR),Ashe/LeBlanc (FR/NX),0,1,0
Braum (FR/MT),Jayce/Lux (DE/PZ),0,1,0
Udyr/Vayne (DE/FR),Aatrox/Kayn (RU/RU),0,1,0
Rumble/Vayne (DE/NX),Aatrox/Kayn (RU/RU),0,1,0
Poppy/Riven (BC/NX),Udyr/Vayne (DE/FR),0,1,0
Poppy/Riven (BC/NX),Darius/Gnar (FR/NX),0,1,0
Poppy/Riven (BC/NX),Kalista (SI),0,1,0
Swain/Yasuo (IO/NX),Poppy/Riven (BC/NX),0,1,0
Kalista (SI),Morgana/Udyr (FR/MT),0,1,0
Janna/Lee Sin/Viktor (IO/PZ),Maokai/Nautilus (BW/SI),0,1,0
Morgana/Udyr (FR/MT),Swain/Yasuo (IO/NX),0,1,0
Garen/Taric (DE/MT),Malphite/Yasuo (IO/MT),0,1,0
Poppy/Riven (BC/NX),Poppy/Taric (DE/MT),0,1,0
Akshan/Lee Sin (IO/SH),Akshan/Morgana (DE/SH),0,1,0
Nasus/Renekton (SH),Taric/Varus (MT/RU),0,1,0
Darius (FR/NX),Kayle/Morgana (DE/MT),0,1,0
Kayle/Morgana (DE/MT),Championless (SI),0,1,0
Maokai/Nautilus (BW/SI),Leona/Yasuo (IO/MT),0,1,0
Maokai/Nautilus (BW/SI),Nasus/Renekton (SH),0,1,0
Nasus/Renekton (SH),Nasus/Senna (SI/SH),0,1,0
Jayce/Lux (DE/PZ),Janna (PZ/SI),0,1,0
Akshan/Varus (SH/RU),Jayce (PZ/SI),0,1,0
Jayce (PZ/SI),Braum/Gwen (FR/SI),0,1,0
Kayle (BW/MT),Braum/Gwen (FR/SI),0,1,0
Braum/Jayce (FR/PZ),Morgana/Udyr (DE/FR),0,1,0
Neeko (FR/RU),Morgana/Udyr (DE/FR),0,1,0
Braum/Jayce (FR/PZ),Kayle (BW/MT),0,1,0
Garen (DE/NX),Akshan/Lee Sin (IO/SH),0,1,0
Jack/Sett (BW/IO),Garen/Neeko (DE/RU),0,1,0
Janna (BC/PZ),Darius/Gnar (FR/NX),0,1,0
Senna/Veigar (BC/SI),Aatrox/Morgana/Vayne (RU/DE),0,1,0
Swain/Vladimir (BW/NX),Akshan/Varus (SH/RU),0,1,0
Sett/Yasuo (IO/MT),Maokai/Nautilus (BW/SI),0,1,0
Championless (SI/SH),Akshan/Varus (SH/RU),0,1,0
Sett/Yasuo (IO/NX),Lillia/Sett (BC/IO),0,1,0
Lillia/Sett (BC/IO),Jack/Sett (BW/IO),0,1,0
Ashe/Senna (FR/SI),Garen/Sivir (DE/SH),0,1,0
Gangplank/Sejuani (BW/FR),Sett/Yasuo (IO/MT),0,1,0
Akshan/Lee Sin (IO/SH),Sett/Yasuo (IO/MT),0,1,0
Caitlyn/Janna (BC/PZ),Garen/Neeko (DE/RU),0,1,0
Gangplank/Gnar (BC/BW),Aatrox/Kayn (RU/RU),0,1,0
Braum/Jayce (FR/PZ),Gwen/Kalista (NX/SI),0,1,0
Darius/Gnar (FR/NX),Gwen/Kalista (NX/SI),0,1,0
Lee Sin/Viktor (IO/PZ),Gwen/Kalista (NX/SI),0,1,0
Gangplank/Gnar (BC/BW),Akshan/Varus (SH/RU),0,1,0
Gangplank/Gnar (BC/BW),Janna/Sett (IO/PZ),0,1,0
Tristana (BC/FR),Gangplank/Sejuani (BW/FR),0,1,0
Gangplank/Sejuani (BW/FR),Poppy/Riven (BC/NX),0,1,0
Poppy/Riven (BC/NX),Aphelios/Viktor (MT/PZ),0,1,0
Leona/Morgana (DE/MT),Gangplank/Sejuani (BW/FR),0,1,0
Sett/Yasuo (IO/MT),Akshan/Varus (SH/RU),0,1,0
Veigar (BC/SI),Janna/Lee Sin/Viktor (IO/PZ),0,1,0
Janna/Lee Sin/Viktor (IO/PZ),Nasus/Thresh (SI/SH),0,1,0
Gangplank/Gnar (BC/BW),Morgana/Udyr (DE/FR),0,1,0
Gangplank/Gnar (BC/BW),Akshan/Lee Sin (IO/SH),0,1,0
Morgana/Taric (DE/MT),Maokai (BW/SI),0,1,0
Poppy/Tristana (BC/SI),Aatrox/Kayn (RU/RU),0,1,0
Ashe/Senna (FR/SI),Maokai/Nautilus (BW/SI),0,1,0
Ashe (FR/PZ),Janna/Lee Sin/Viktor (IO/PZ),0,1,0
Gnar/Nidalee (BC/SH),Illaoi/Udyr (BW/FR),0,1,0
Garen/Morgana (DE/SI),Braum/Vladimir (FR/NX),0,1,0
Championless (PZ/SI),Akshan/Lee Sin (IO/SH),0,1,0
Taric/Varus (MT/RU),Malphite/Yasuo (IO/MT),0,1,0
Poppy/Tristana (BC/SI),Ashe (FR/PZ),0,1,0
Nasus/Renekton (SH),Malphite/Yasuo (IO/MT),0,1,0
Lillia/Ryze (IO/RU),Senna/Veigar (BC/SI),0,1,0
Kai'Sa/Renekton (NX/SH),Senna/Veigar (BC/SI),0,1,0
Darius/Gangplank (BW/NX),Kai'Sa/Renekton (NX/SH),0,1,0
LeBlanc/Sivir (NX/SH),LeBlanc/Rumble/Sion (IO/NX),0,1,0
Senna (PZ/SI),LeBlanc/Sivir (NX/SH),0,1,0
Championless (SI),Kai'Sa/Renekton (NX/SH),0,1,0
Jayce/Lux (DE/PZ),Championless (BC/SI),0,1,0
Akshan/Lee Sin (IO/SH),Aatrox/Morgana (RU/DE),0,1,0
Senna/Veigar (BC/SI),LeBlanc/Rumble/Sion (IO/NX),0,1,0
Poppy/Riven (BC/NX),LeBlanc/Rumble/Sion (IO/NX),0,1,0
LeBlanc/Rumble/Sion (IO/NX),Ashe/LeBlanc (FR/NX),0,1,0
Jax/Kayn (RU/RU),Ashe/LeBlanc (FR/NX),0,1,0
Braum/Kayle (FR/MT),Braum/Vladimir (FR/NX),0,1,0
Shyvana/Taric (DE/MT),Darius/Gnar (FR/NX),0,1,0
Riven/Viktor (NX/PZ),Ashe/Thresh (FR/SI),0,1,0
Braum/Jayce (FR/PZ),Nasus/Renekton (SH),0,1,0
Jack/Sett (BW/IO),Sejuani/Swain (FR/NX),0,1,0
Gangplank/Gnar (BW/FR),Akshan/Varus (SH/RU),0,1,0
Braum/Udyr (FR/IO),Poppy/Tristana (BC/SI),0,1,0
Braum/Udyr (FR/IO),Jayce/Lux (DE/PZ),0,1,0
Poppy/Tristana (BC/SI),Jayce/Lux (DE/PZ),0,1,0
Malphite/Yasuo (IO/MT),Maokai (BW/SI),0,1,0
Nasus (SI/SH),Malphite/Yasuo (IO/MT),0,1,0
Ashe (FR/PZ),Gangplank (BW/FR),0,1,0
Senna (PZ/SI),Illaoi/Udyr (BW/FR),0,1,0
Poppy/Riven (BC/NX),Gwen/LeBlanc (NX/SI),0,1,0
Darius/Illaoi (BW/NX),Poppy/Riven (BC/NX),0,1,0
Lillia/Lulu (BC/IO),Poppy/Riven (BC/NX),0,1,0
Jayce/Swain (NX/PZ),Poppy/Riven (BC/NX),0,1,0
Aphelios/Leona (FR/MT),Maokai/Nautilus (BW/SI),0,1,0
Nidalee (BC/SH),Nasus/Renekton (SH),0,1,0
Lillia/Ryze (IO/RU),Maokai/Nautilus (BW/SI),0,1,0
Tristana/Veigar (BC/SI),Championless (PZ/SI),0,1,0
Neeko/Renekton (RU/SH),Morgana/Udyr (DE/FR),0,1,0
Veigar (BC/SI),Kalista (SI),0,1,0
Championless (PZ/SI),Morgana/Udyr (DE/FR),0,1,0
Kalista (SI),Galio/Garen (DE),0,1,0
Kalista (SI),Janna/Lee Sin/Viktor (IO/PZ),0,1,0
Sett (IO/PZ),Tristana/Veigar (BC/SI),0,1,0
Illaoi/Swain (BW/NX),Senna/Veigar (BC/SI),0,1,0
Gnar/Neeko (FR/RU),Aphelios/Viktor (MT/PZ),0,1,0
Braum/Lillia (FR/IO),Lillia/Sion (IO/NX),0,1,0
Janna/Lee Sin/Viktor (IO/PZ),Galio/Poppy (DE/FR),0,1,0
Akshan/Lee Sin (IO/SH),Malphite (BW/MT),0,1,0
Akshan/Lee Sin (IO/SH),Gangplank (BW/FR),0,1,0
Ashe/Janna (FR/PZ),Tristana/Veigar (BC/SI),0,1,0
Udyr (DE/FR),Sion/Vladimir (FR/NX),0,1,0
Maokai/Nautilus (BW/SI),Sion/Vladimir (FR/NX),0,1,0
Malphite/Yasuo (IO/MT),Sion/Vladimir (FR/NX),0,1,0
Leona/Malphite (IO/MT),Senna/Veigar (BC/SI),0,1,0
Braum/Janna (FR/PZ),Leona/Malphite (IO/MT),0,1,0
Nasus/Senna (SI/SH),Leona/Malphite (IO/MT),0,1,0
Morgana/Taric (DE/MT),Nasus/Senna (SI/SH),0,1,0
Lulu/Shen (IO/MT),Malphite/Yasuo (IO/MT),0,1,0
Janna/Lee Sin/Viktor (IO/PZ),Championless (SI),0,1,0
Janna/Lee Sin/Viktor (IO/PZ),Senna/Veigar (BC/SI),0,1,0
Braum/Galio (DE/FR),Akshan/Lee Sin (IO/SH),0,1,0
Galio/Poppy (DE/FR),Maokai/Nautilus (BW/SI),0,1,0
Jayce/Lux (DE/PZ),Aatrox (RU/BW),0,1,0
Gangplank/Janna (BW/PZ),Jayce/Lux (DE/PZ),0,1,0
Morgana/Taric (DE/MT),Championless (PZ/SI),0,1,0
Braum/Tahm Kench (BW/FR),Jayce/Lux (DE/PZ),0,1,0
Aatrox/Kayn (RU/RU),Morgana/Taric (DE/MT),0,1,0
Caitlyn/Jack (BW/PZ),Akshan/Lee Sin (IO/SH),0,1,0
Kai'Sa/Viktor (PZ/SH),Akshan/Lee Sin (IO/SH),0,1,0
Morgana/Taric (DE/MT),Gwen/Kalista (NX/SI),0,1,0
Darius (FR/NX),Poppy/Riven (BC/NX),0,1,0
Poppy/Tristana (BC/DE),Akshan/Varus (SH/RU),0,1,0
Gangplank (BW/FR),Akshan/Varus (SH/RU),0,1,0
Darius/Sejuani (FR/NX),Akshan/Lee Sin (IO/SH),0,1,0
Ashe (FR/SI),Akshan/Lee Sin (IO/SH),0,1,0
Senna/Veigar (BC/SI),Lillia/Sion (IO/NX),0,1,0
Galio/Poppy (DE/FR),Ashe/LeBlanc (FR/NX),0,1,0
Gangplank/Sejuani (BW/FR),Galio/Poppy (DE/FR),0,1,0
Tristana (BC/FR),Morgana/Udyr (DE/FR),0,1,0
Akshan/Lee Sin (IO/SH),Gangplank (BW/NX),0,1,0
Senna (BW/SI),Akshan/Lee Sin (IO/SH),0,1,0
Braum/Kayle (FR/MT),Akshan/Lee Sin (IO/SH),0,1,0
Maokai (BW/SI),Akshan/Lee Sin (IO/SH),0,1,0
Senna (BW/SI),Jayce/Lux (DE/PZ),0,1,0
Championless (BW/MT),Akshan/Lee Sin (IO/SH),0,1,0
Lillia/Sion (IO/NX),Morgana/Udyr (DE/FR),0,1,0
Lillia/Sion (IO/NX),Aatrox/Kayn (RU/RU),0,1,0
Gnar/Jack (BC/BW),Sett (IO/PZ),0,1,0
Sett (IO/PZ),Caitlyn/Swain (NX/PZ),0,1,0
Janna/Lee Sin/Viktor (IO/PZ),Kalista/Sion (NX/SI),0,1,0
Janna/Lee Sin/Viktor (IO/PZ),Braum/Vladimir (FR/NX),0,1,0
Championless (SI),Neeko/Nidalee (RU/SH),0,1,0
Garen/Shyvana (DE/MT),Akshan/Lee Sin (IO/SH),0,1,0
Lee Sin/Viktor (IO/PZ),Leona/Morgana (DE/MT),0,1,0
Braum/Lillia (FR/IO),Braum/Galio (DE/FR),0,1,0
Kayle/Morgana (DE/MT),Nidalee (BC/SH),0,1,0
Leona/Malphite (IO/MT),Morgana/Udyr (DE/FR),0,1,0
Akshan/Varus (SH/RU),Leona/Malphite (IO/MT),0,1,0
Lillia/Ryze (IO/RU),Akshan/Varus (SH/RU),0,1,0
Illaoi/Udyr (BW/FR),Braum/Vladimir (FR/NX),0,1,0
Sion/Vladimir (FR/NX),Braum/Vladimir (FR/NX),0,1,0
Jax/Kayn (RU/RU),Senna/Veigar (BC/SI),0,1,0
Senna (PZ/SI),Sett (IO/PZ),0,1,0
Kayle (BW/MT),Rumble/Vayne (DE/NX),0,1,0
Rumble/Vayne (DE/NX),Poppy/Riven (BC/NX),0,1,0
Senna (PZ/SI),Rumble/Vayne (DE/NX),0,1,0
Kayle/Morgana (DE/MT),Lee Sin/Viktor (IO/PZ),0,1,0
Gwen/Udyr (FR/SI),Championless (SI),0,1,0
Janna/Lee Sin/Viktor (IO/PZ),Lulu/Neeko (BC/RU),0,1,0
Janna/Senna (PZ/SI),Morgana/Udyr (DE/FR),0,1,0
Janna (BW/PZ),Kalista (SI),0,1,0
Neeko/Nidalee (RU/SH),Kalista (SI),0,1,0
Gwen/Kalista (FR/SI),Akshan/Lee Sin (IO/SH),0,1,0
Rumble/Vayne (DE/NX),Poppy/Tristana (BC/MT),0,1,0
Gnar/Nidalee (BC/SH),Tristana (BC/FR),0,1,0
Gwen/Kalista (FR/SI),Malphite/Yasuo (IO/MT),0,1,0
Gwen/Kalista (FR/SI),Aatrox/Kayn (RU/RU),0,1,0
Championless (PZ/SI),Gwen/Kalista (FR/SI),0,1,0
Ashe/LeBlanc (FR/NX),Gwen/Kalista (FR/SI),0,1,0
Kayle/Viktor (MT/PZ),Kalista (SI),0,1,0
Rumble/Vayne (DE/NX),Nasus/Thresh (SI/SH),0,1,0
Aatrox/Akshan (RU/SH),Ashe (FR/PZ),0,1,0
Gwen/Kalista (FR/SI),LeBlanc/Sivir (NX/SH),0,1,0
Gwen/Kalista (FR/SI),Jax/Ornn (FR/RU),0,1,0
Poppy/Taric (DE/MT),Lee Sin/Viktor (IO/PZ),0,1,0
Senna/Veigar (BC/SI),Poppy/Tristana (BC/MT),0,1,0
Senna/Veigar (BC/SI),Shyvana/Taric (DE/MT),0,1,0
Poppy/Riven (BC/NX),Gangplank/Gnar (BC/BW),0,1,0
Poppy/Tristana (BC/SI),Maokai (BW/SI),0,1,0
Ashe/LeBlanc (FR/NX),Poppy/Tristana (BC/SI),0,1,0
Jayce/Lux (DE/PZ),LeBlanc/Rumble (BC/NX),0,1,0
Malphite/Yasuo (IO/MT),Poppy/Tristana (BC/MT),0,1,0
Malphite/Yasuo (IO/MT),Jack/Sett (BW/IO),0,1,0
Aphelios/Viktor (MT/PZ),Malphite/Yasuo (IO/MT),0,1,0
Jack/Sett (BW/IO),Poppy/Tristana (BC/MT),0,1,0
Tahm Kench/Udyr (BW/FR),Ashe/LeBlanc (FR/NX),0,1,0
Nidalee/Rumble (BC/SH),Morgana/Udyr (DE/FR),0,1,0
Aatrox/Kayn (RU/RU),Ashe/Tahm Kench (BW/FR),0,1,0
Taric/Vayne (DE/MT),Aatrox/Kayn (RU/RU),0,1,0
Senna/Veigar (BC/SI),Taric/Vayne (DE/MT),0,1,0
Sejuani/Swain (FR/NX),Morgana/Udyr (DE/FR),0,1,0
Darius/Sejuani (FR/NX),Morgana/Udyr (DE/FR),0,1,0
Jax/Kayn (RU/RU),Morgana/Udyr (DE/FR),0,1,0
Tristana (BC/FR),Morgana/Taric (DE/MT),0,1,0
Poppy/Tristana (BC/MT),Morgana/Taric (DE/MT),0,1,0
Poppy/Tristana (BC/SI),Janna/Lillia (IO/PZ),0,1,0
Sett (IO/PZ),Gnar (BC/FR),0,1,0
Riven/Viktor (NX/PZ),Gwen/Kalista (NX/SI),0,1,0
Malphite/Yasuo (IO/MT),Poppy/Riven (BC/NX),0,1,0
Championless (PZ/SI),Gnar (BC/FR),0,1,0
Ashe/Tahm Kench (BW/FR),Jayce/Lux (DE/PZ),0,1,0
Poppy/Tristana (BC/MT),Ashe/Tahm Kench (BW/FR),0,1,0
Senna (BW/SI),Senna/Veigar (BC/SI),0,1,0
Poppy/Tristana (BC/MT),Ashe/LeBlanc (FR/NX),0,1,0
Tahm Kench/Udyr (BW/FR),Lee Sin/Viktor (IO/PZ),0,1,0
Nidalee (BC/SH),Darius/Gnar/LeBlanc (FR/NX),0,1,0
Senna/Veigar (BC/SI),Darius/Gnar/LeBlanc (FR/NX),0,1,0
Gwen/Jayce (PZ/SI),Aatrox/Kayn (RU/RU),0,1,0
Poppy (BC/DE),Senna/Veigar (BC/SI),0,1,0
Galio/Morgana (DE/MT),Poppy/Tristana (BC/SI),0,1,0
Gwen/Kalista (NX/SI),Kalista (SI),0,1,0
Janna (PZ/SI),Kalista (SI),0,1,0
Kalista (SI),Kayn/Vayne (DE/RU),0,1,0
Championless (SI),Aatrox/Morgana/Vayne (RU/DE),0,1,0
Senna/Veigar (BC/SI),Gwen/Vayne (DE/SI),0,1,0
Championless (SI/SH),Gwen/Vayne (DE/SI),0,1,0
Jayce/Lux (DE/PZ),Gwen/Jayce (PZ/SI),0,1,0
Jayce/Lux (DE/PZ),Poppy (BC/DE),0,1,0
LeBlanc/Sivir (NX/SH),Garen (DE),0,1,0
Kai'Sa/Viktor (PZ/SH),Ashe/LeBlanc (FR/NX),0,1,0
Kai'Sa/Viktor (PZ/SH),Darius/Gnar/LeBlanc (FR/NX),0,1,0
Championless (MT/SI),Darius/Gnar/LeBlanc (FR/NX),0,1,0
Akshan/Lee Sin (IO/SH),Gnar/Swain (BC/NX),0,1,0
Janna (PZ/SI),Morgana/Udyr (DE/FR),0,1,0
Jayce/Lux (DE/PZ),Aatrox/Morgana/Vayne (RU/DE),0,1,0
Janna/Sett (IO/PZ),Gnar/Nidalee (BC/SH),0,1,0
Gnar/Illaoi (BW/FR),Kayle (BW/MT),0,1,0
Senna/Veigar (BC/SI),Gnar/Illaoi (BW/FR),0,1,0
Championless (MT/SI),Akshan/Sivir (NX/SH),0,1,0
Aatrox/Morgana/Vayne (RU/DE),Ashe/LeBlanc (FR/NX),0,1,0
LeBlanc/Sivir (NX/SH),Aphelios/Lee Sin (IO/MT),0,1,0
Championless (SI),Poppy/Tristana (BC/NX),0,1,0
Akshan/Senna (SI/SH),Aatrox/Kayn (RU/RU),0,1,0
Aatrox/Kayn (RU/RU),Poppy/Taric (DE/MT),0,1,0
Aphelios/Lee Sin (IO/MT),Aatrox/Kayn (RU/RU),0,1,0
Swain/Yasuo (IO/NX),Championless (MT/SI),0,1,0
Morgana/Udyr (DE/FR),Aphelios/Lee Sin (IO/MT),0,1,0
Nasus/Senna (SI/SH),Aphelios/Lee Sin (IO/MT),0,1,0
Aphelios/Lee Sin (IO/MT),LeBlanc/Udyr (FR/NX),0,1,0
Aphelios/Lee Sin (IO/MT),Gangplank/Sejuani (BW/FR),0,1,0
Galio/Garen (DE/MT),Senna/Veigar (BC/SI),0,1,0
Braum/Lillia (FR/IO),Galio/Garen (DE/MT),0,1,0
Galio/Garen (DE/MT),Aphelios/Viktor (MT/PZ),0,1,0
Galio/Garen (DE/MT),Gwen/Udyr (FR/SI),0,1,0
Gwen/Riven (NX/SI),Galio/Garen (DE/MT),0,1,0
Jayce/Lux (DE/PZ),Galio/Garen (DE/MT),0,1,0
Ashe/LeBlanc (FR/NX),Galio/Garen (DE/MT),0,1,0
Sion (NX/SI),Galio/Garen (DE/MT),0,1,0
Gwen/Udyr (FR/SI),Gnar/Nidalee (BC/SH),0,1,0
Gangplank/Sejuani (BW/FR),Nasus/Thresh (SI/SH),0,1,0
Lulu/Shen (IO/MT),Morgana/Udyr (DE/FR),0,1,0
Garen/Shyvana (DE/MT),Aatrox/Morgana/Vayne (RU/DE),0,1,0
Gwen/LeBlanc (NX/SI),LeBlanc/Sivir (NX/SH),0,1,0
Lillia/Tristana (BC/IO),Championless (SI),0,1,0
Gnar/Neeko (FR/RU),Gnar/Nidalee (BC/SH),0,1,0
LeBlanc/Sivir (NX/SH),Maokai/Nautilus (BW/SI),0,1,0
Gwen/Kalista (NX/SI),Gnar/Illaoi (BW/FR),0,1,0
Akshan/Sivir (NX/SH),Gnar/Illaoi (BW/FR),0,1,0
Braum/Gnar/Sejuani (BC/FR),Akshan/Varus (SH/RU),0,1,0
Nidalee (BC/SH),Akshan/Senna (SI/SH),0,1,0
Darius/LeBlanc (FR/NX),Ashe/LeBlanc (FR/NX),0,1,0
Morgana/Taric (DE/MT),Darius/Gnar (FR/NX),0,1,0
Gnar/Sejuani (BC/FR),Gnar/Illaoi (BW/FR),0,1,0
Darius/Gnar (FR/NX),Poppy/Taric (DE/MT),0,1,0
Darius/Shen (IO/NX),Darius/Gnar (FR/NX),0,1,0
Swain/Yasuo (IO/NX),Nidalee (BC/SH),0,1,0
Maokai/Nautilus (BW/SI),Poppy/Taric (DE/MT),0,1,0
Gwen/Vayne (DE/SI),Gwen/Janna (PZ/SI),0,1,0
Gwen/Janna (PZ/SI),Riven/Viktor (NX/PZ),0,1,0
Caitlyn/Swain (NX/PZ),Jax/Ornn (FR/RU),0,1,0
Gnar/Kayle (FR/MT),Jax/Ornn (FR/RU),0,1,0
Gnar/Nidalee (BC/SH),Lulu/Poppy (DE/IO),0,1,0
Gnar/Illaoi (BW/FR),Galio/Morgana (DE/MT),0,1,0
Gnar/Illaoi (BW/FR),Akshan/Udyr (FR/SH),0,1,0
Gwen (PZ/SI),Ashe/LeBlanc (FR/NX),0,1,0
Gwen (PZ/SI),Kayle (BW/MT),0,1,0
Braum/Gnar/Sejuani (BC/FR),LeBlanc/Udyr (FR/NX),0,1,0
LeBlanc/Udyr (FR/NX),LeBlanc/Sivir (NX/SH),0,1,0
Aphelios/Jack (BW/MT),Jax/Ornn (FR/RU),0,1,0
Braum/Gnar/Sejuani (BC/FR),Nasus/Senna (SI/SH),0,1,0
Sett (IO/PZ),Braum/Gnar/Sejuani (BC/FR),0,1,0
Lillia/Malphite (IO/MT),Braum/Gnar/Sejuani (BC/FR),0,1,0
Morgana/Taric (DE/MT),Morgana/Udyr (DE/FR),0,1,0
Riven/Viktor (NX/PZ),Gwen (PZ/SI),0,1,0
Braum/Gnar/Sejuani (BC/FR),Darius/Gnar (FR/NX),0,1,0
Neeko (FR/RU),Darius/Gnar (FR/NX),0,1,0
Jax/Ornn (FR/RU),Akshan/Sivir (NX/SH),0,1,0
Gwen/Vayne (DE/SI),Akshan/Sivir (NX/SH),0,1,0
Ashe/Tahm Kench (BW/FR),Akshan/Morgana (DE/SH),0,1,0
Gwen/Vi (PZ/SI),Akshan/Morgana (DE/SH),0,1,0
Akshan/Jax (RU/SH),Akshan/Varus (SH/RU),0,1,0
Illaoi/Swain (BW/NX),Ashe/LeBlanc (FR/NX),0,1,0
Gwen/Udyr (FR/SI),Nidalee (BC/SH),0,1,0
Akshan/Lee Sin (IO/SH),Akshan/Gwen (SI/SH),0,1,0
Morgana/Udyr (DE/FR),Akshan/Gwen (SI/SH),0,1,0
Ashe/Caitlyn (FR/PZ),Lee Sin/Viktor (IO/PZ),0,1,0
Jax/Ornn (FR/RU),Sett (IO/PZ),0,1,0
Garen (DE/SH),Jax/Ornn (FR/RU),0,1,0
Maokai/Nautilus (BW/SI),Ashe/Caitlyn (FR/PZ),0,1,0
LeBlanc/Riven (FR/NX),Senna/Veigar (BC/SI),0,1,0
Senna/Veigar (BC/SI),Akshan/Gwen (SI/SH),0,1,0
Akshan/Gwen (SI/SH),Riven/Viktor (NX/PZ),0,1,0
Senna/Veigar (BC/SI),Morgana (BC/MT),0,1,0
Malphite/Yasuo (IO/MT),Akshan/Gwen (SI/SH),0,1,0
Aatrox/Kayn (RU/RU),Akshan/Gwen (SI/SH),0,1,0
Akshan/Gwen (SI/SH),Darius/Shen (IO/NX),0,1,0
Gnar/Swain (BC/NX),Gangplank/Sejuani (BW/FR),0,1,0
Maokai (BW/SI),Janna/Sett (IO/PZ),0,1,0
Janna/Sett (IO/PZ),Akshan/Morgana (DE/SH),0,1,0
Illaoi (BW/NX),Akshan/Morgana (DE/SH),0,1,0
Jax/Ornn (FR/RU),Akshan/Nasus (SI/SH),0,1,0
Gnar/Nidalee (BC/SH),Jax/Ornn (FR/RU),0,1,0
Janna/Sett (IO/PZ),Galio/Morgana (DE/MT),0,1,0
Akshan/Nasus/Udyr (FR/SH),Galio/Morgana (DE/MT),0,1,0
Akshan/Vayne (DE/SH),Akshan/Varus (SH/RU),0,1,0
Gwen/Riven (NX/SI),Morgana (BC/MT),0,1,0
Akshan/Braum (FR/SH),Senna/Veigar (BC/SI),0,1,0
Gwen/Sejuani (FR/SI),Senna/Veigar (BC/SI),0,1,0
Neeko/Poppy (BC/RU),Galio/Udyr (DE/FR),0,1,0
Lillia/Yasuo (FR/IO),Janna/Sett (IO/PZ),0,1,0
Nasus/Renekton (SH),Kayle (BW/MT),0,1,0
Kai'Sa/Viktor (PZ/SH),Aphelios/Lee Sin (IO/MT),0,1,0
Championless (SI),Garen (DE/FR),0,1,0
Gnar/LeBlanc (FR/NX),Morgana/Udyr (DE/FR),0,1,0
Kalista (PZ/SI),Darius (FR/NX),0,1,0
Darius/Gnar (FR/NX),Akshan/Sivir (NX/SH),0,1,0
Nidalee (BC/SH),Akshan/Sivir (NX/SH),0,1,0
Aphelios/Morgana (MT/SI),Galio/Morgana (DE/MT),0,1,0
Kalista (PZ/SI),Lulu/Shen (DE/IO),0,1,0
Akshan/Sivir (NX/SH),Galio/Udyr (DE/FR),0,1,0
Kayle (BW/MT),Akshan/Sivir (NX/SH),0,1,0
Kalista (PZ/SI),Ashe (FR/PZ),0,1,0
Kayle (BW/MT),Kalista (PZ/SI),0,1,0
Kalista (PZ/SI),Akshan/Riven (NX/SH),0,1,0
Janna (BW/PZ),Morgana/Udyr (DE/FR),0,1,0
Janna/Sett (IO/PZ),Aphelios/Lee Sin (IO/MT),0,1,0
Sett (IO/PZ),Aphelios/Lee Sin (IO/MT),0,1,0
Sett (IO/PZ),Gwen/Vi (PZ/SI),0,1,0
Jax/Ornn (FR/RU),Janna/Sett (IO/PZ),0,1,0
Galio/Udyr (DE/FR),Aphelios/Lee Sin (IO/MT),0,1,0
Galio/Morgana (DE/MT),Akshan/Morgana (DE/SH),0,1,0
Poppy/Tristana (BC/NX),Galio/Udyr (DE/FR),0,1,0
Gnar (DE/FR),Akshan/Morgana (DE/SH),0,1,0
Janna/Sett (IO/PZ),Poppy/Tristana (BC/NX),0,1,0
Akshan/Nasus/Udyr (FR/SH),Braum/Vladimir (FR/NX),0,1,0
Darius/Gnar (FR/NX),Gwen/Vi (PZ/SI),0,1,0
Galio/Udyr (DE/FR),Gwen/Vi (PZ/SI),0,1,0
Akshan/Lee Sin (IO/SH),Poppy/Tristana (BC/NX),0,1,0
Kayle (BW/MT),Gwen/Vi (PZ/SI),0,1,0
Poppy/Tristana (BC/NX),Jack/Sett (BW/IO),0,1,0
Akshan/Udyr (FR/SH),Lillia/Udyr (FR/IO),0,1,0
Akshan/Braum (FR/SH),Jax/Ornn (FR/RU),0,1,0
Gwen/Kalista (PZ/SI),Akshan/Braum (FR/SH),0,1,0
Gwen/Kalista (NX/SI),Jax/Ornn (FR/RU),0,1,0
Championless (FR/MT),Championless (SI),0,1,0
Swain/Vladimir (FR/NX),Braum/Lillia (FR/IO),0,1,0
Kayle/Lillia (IO/MT),Braum/Lillia (FR/IO),0,1,0
Aphelios/Lee Sin (IO/MT),Nidalee (BC/SH),0,1,0
Nidalee (BC/SH),Gwen/Vi (PZ/SI),0,1,0
Jack/Sett (BW/IO),Neeko (RU/SH),0,1,0
Akshan/Aphelios/Morgana (MT/SH),Championless (PZ/SI),0,1,0
Darius/Gnar (FR/NX),Gnar (DE/FR),0,1,0
Maokai/Nautilus (BW/SI),Gnar (DE/FR),0,1,0
Akshan/Lee Sin (IO/SH),Gwen/Vi (PZ/SI),0,1,0
Gwen/Vi (PZ/SI),Swain (BC/NX),0,1,0
Senna (PZ/SI),Gwen/Vi (PZ/SI),0,1,0
Nasus/Senna (SI/SH),Gnar/Nidalee (BC/SH),0,1,0
Kalista (MT/SI),Akshan/Nasus (SI/SH),0,1,0
Akshan/Nasus (SI/SH),Braum/Vladimir (FR/NX),0,1,0
Akshan/Aphelios/Morgana (MT/SH),Darius/Gnar (FR/NX),0,1,0
Braum/Vladimir (FR/NX),Akshan/Aphelios/Morgana (MT/SH),0,1,0
Ashe/Jayce (FR/PZ),Akshan/Nasus (SI/SH),0,1,0
Braum (FR/IO),Nidalee (BC/SH),0,1,0
Morgana/Udyr (DE/FR),Braum/Morgana (FR/MT),0,1,0
Lillia/Udyr (FR/IO),Braum/Lillia (FR/IO),0,1,0
Kayle/Leona (MT/NX),Braum/Lillia (FR/IO),0,1,0
Nasus (SI/SH),Morgana/Udyr (DE/FR),0,1,0
Gnar (DE/FR),Nidalee (BC/SH),0,1,0
Akshan/Renekton (SH),Jax/Ornn (FR/RU),0,1,0
Senna/Veigar (BC/SI),Akshan/Nasus (SI/SH),0,1,0
Galio/Udyr (DE/FR),Akshan/Nasus (SI/SH),0,1,0
Akshan/Nasus (SI/SH),Udyr/Vayne (DE/FR),0,1,0
Lillia/Udyr (FR/IO),Akshan/Nasus (SI/SH),0,1,0
Akshan/Nasus (SI/SH),Kalista/Nasus (SI/SH),0,1,0
Sivir/Udyr (FR/SH),Championless (SI),0,1,0
Braum/Galio (DE/FR),Maokai/Nautilus (BW/SI),0,1,0
Gnar (DE/FR),Lillia/Udyr (FR/IO),0,1,0
Morgana/Shyvana (DE/MT),Kayle (BW/MT),0,1,0
Gnar/Kayle (FR/MT),Akshan/Varus (SH/RU),0,1,0
Akshan/Varus (SH/RU),LeBlanc/Sion (BC/NX),0,1,0
Nidalee (BC/SH),Kalista (MT/SI),0,1,0
Morgana/Udyr (DE/FR),Aatrox (RU/BW),0,1,0
Lillia/Udyr (FR/IO),Morgana/Udyr (DE/FR),0,1,0
Akshan/Renekton (SH),Kayle (BW/MT),0,1,0
Akshan/Nasus (SI/SH),Leona/Yasuo (IO/MT),0,1,0
LeBlanc/Sion (BC/NX),Lee Sin/Viktor (IO/PZ),0,1,0
Garen/Morgana (DE/IO),Morgana/Udyr (DE/FR),0,1,0
Nasus/Thresh (SI/SH),Jax/Kayn (RU/RU),0,1,0
Galio/Morgana (DE/MT),Akshan/Nasus (SI/SH),0,1,0
Ashe/Caitlyn (FR/PZ),Jax/Ornn (FR/RU),0,1,0
Senna/Veigar (BC/SI),Ryze (RU/SH),0,1,0
Gnar/Sejuani (BC/FR),Kai'Sa/Sivir (BW/SH),0,1,0
Gnar (DE/FR),Kalista/Nasus (SI/SH),0,1,0
Nasus (SI/SH),Gnar/Nidalee (BC/SH),0,1,0
Nidalee (BC/SH),Gwen (NX/SI),0,1,0
Ashe/Caitlyn (FR/PZ),Jayce/Lux (DE/PZ),0,1,0
Jack/Sett (BW/IO),Ornn/Sejuani (FR),0,1,0
Janna/Viktor (PZ/SI),Jack/Sett (BW/IO),0,1,0
Akshan/Nasus (SI/SH),Nidalee (BC/SH),0,1,0
Akshan/Renekton (SH),Akshan/Lee Sin (IO/SH),0,1,0
Kayle (BW/MT),Gwen (NX/SI),0,1,0
Sett (IO/PZ),Gwen (NX/SI),0,1,0
Gwen (NX/SI),Akshan/Lee Sin (IO/SH),0,1,0
Ornn/Sejuani (FR),Senna/Veigar (BC/SI),0,1,0
Nasus/Renekton (SH),Kalista/Nasus (SI/SH),0,1,0
Ryze (RU/SH),Jack/Sett (BW/IO),0,1,0
Neeko (FR/RU),Jack/Sett (BW/IO),0,1,0
Jack/Sett (BW/IO),Nasus/Renekton (SH),0,1,0
Ryze (RU/SH),Janna/Sett (IO/PZ),0,1,0
Kalista/Nasus (SI/SH),Janna/Sett (IO/PZ),0,1,0
Janna/Morgana/Viktor (MT/PZ),Akshan/Lee Sin (IO/SH),0,1,0
Jack/Sett (BW/IO),Lulu/Taric (IO/MT),0,1,0
Jack/Sett (BW/IO),Akshan/Sett (IO/SH),0,1,0
Gangplank/Kalista (BW/SI),Jack/Sett (BW/IO),0,1,0
Kai'Sa/Sivir (DE/SH),Maokai/Nautilus (BW/SI),0,1,0
Malphite/Yasuo (IO/MT),Maokai/Nautilus (BW/SI),0,1,0
Senna/Veigar (BC/SI),Neeko/Poppy (BC/RU),0,1,0
Jack/Sett (BW/IO),Gwen/Sivir (SI/SH),0,1,0
Neeko/Poppy (BC/RU),Kayle (BW/MT),0,1,0
Sejuani/Swain (FR/NX),Neeko/Poppy (BC/RU),0,1,0
Lulu/Poppy (DE/IO),Senna/Veigar (BC/SI),0,1,0
Nasus (SI/SH),Akshan/Lee Sin (IO/SH),0,1,0
Gwen/Sivir (SI/SH),Akshan/Varus (SH/RU),0,1,0
Neeko/Poppy (BC/RU),Rumble/Sion (BC/NX),0,1,0
Jayce (FR/PZ),Jack/Sett (BW/IO),0,1,0
Sett/Udyr (FR/IO),Jack/Sett (BW/IO),0,1,0
Galio/Udyr (DE/FR),Riven/Viktor (NX/PZ),0,1,0
Riven/Rumble (BC/NX),Morgana/Udyr (DE/FR),0,1,0
Gwen (NX/SI),Riven/Rumble (BC/NX),0,1,0
Darius/Gnar (FR/NX),Renekton/Sivir (SH),0,1,0
Poppy/Tristana (BC/NX),Lee Sin/Viktor (IO/PZ),0,1,0
Akshan/Lee Sin (IO/SH),Lillia/Yasuo (FR/IO),0,1,0
Gnar/Sejuani (BC/FR),Braum/Lillia (FR/IO),0,1,0
Maokai/Nautilus (BW/SI),Aphelios/Lee Sin (IO/MT),0,1,0
Gangplank/Sejuani (BW/FR),Akshan/Nasus (SI/SH),0,1,0
Ashe/Caitlyn (FR/PZ),Maokai (BW/SI),0,1,0
Aphelios/Lee Sin (IO/MT),Lillia (FR/IO),0,1,0
Sett/Yasuo (FR/IO),Braum/Vladimir (FR/NX),0,1,0
Gwen/Riven (NX/SI),Akshan/Lee Sin (IO/SH),0,1,0
Akshan/Varus (SH/RU),Nidalee/Renekton (SH),0,1,0
Lillia/Yasuo (FR/IO),Janna/Sett/Viktor (IO/PZ),0,1,0
Kalista/Thresh (SI),Ashe (FR/PZ),0,1,0
Poppy (BC/PZ),Lee Sin/Viktor (IO/PZ),0,1,0
Aphelios/Viktor (MT/PZ),Gwen/Vi (PZ/SI),0,1,0
Gwen/Vi (PZ/SI),Akshan/Riven (NX/SH),0,1,0
Lee Sin/Viktor (IO/PZ),Kalista (MT/SI),0,1,0
Lee Sin/Viktor (IO/PZ),Akshan/Morgana (DE/SH),0,1,0
Jack/Sett (BW/IO),Darius/Lulu (IO/NX),0,1,0
Jack/Sett (BW/IO),Akshan/Morgana (DE/SH),0,1,0
Akshan/Morgana (DE/SH),Ashe (FR/PZ),0,1,0
Lillia (FR/IO),Braum/Vladimir (FR/NX),0,1,0
Akshan/Varus (SH/RU),Kalista/Sion (NX/SI),0,1,0
Nautilus/Thresh (BW/SI),Akshan/Nasus (SI/SH),0,1,0
Kayle/Ornn (FR/MT),Braum/Lillia (FR/IO),0,1,0
Morgana/Udyr (DE/FR),Aphelios/Janna (MT/PZ),0,1,0
Shen/Sivir (IO/SH),Aatrox/Kayn (RU/RU),0,1,0
Aatrox/Kayn (RU/RU),Kayle/Ornn (FR/MT),0,1,0
Ornn/Renekton (FR/SH),Jack/Sett (BW/IO),0,1,0
Aphelios/Lee Sin (IO/MT),Jack/Sett (BW/IO),0,1,0
Akshan/Sivir (PZ/SH),Leona/Yasuo (IO/MT),0,1,0
Akshan/Varus (SH/RU),Leona/Yasuo (IO/MT),0,1,0
Gangplank/Sejuani (BW/FR),Akshan/Udyr (FR/SH),0,1,0
Akshan/Nasus (SI/SH),Braum/Udyr (FR/MT),0,1,0
Aatrox/Illaoi (RU/BW),Aphelios/Lee Sin (IO/MT),0,1,0
Darius/Lulu (IO/NX),Aphelios/Lee Sin (IO/MT),0,1,0
Janna (IO/PZ),Aphelios/Lee Sin (IO/MT),0,1,0
Kalista (SI/SH),Lee Sin/Viktor (IO/PZ),0,1,0
Akshan/Lee Sin (IO/SH),Aatrox/Illaoi (RU/BW),0,1,0
Akshan/Nasus (SI/SH),Braum/Kayle (FR/MT),0,1,0
Gnar/Neeko (FR/RU),Illaoi (BW/NX),0,1,0
Braum/Vladimir (FR/NX),Neeko/Poppy (BC/RU),0,1,0
Gwen/LeBlanc (NX/SI),Aphelios/Viktor (MT/PZ),0,1,0
Akshan/Lee Sin (IO/SH),Neeko/Poppy (BC/RU),0,1,0
Darius/Gnar (FR/NX),Neeko/Poppy (BC/RU),0,1,0
Galio/Morgana (DE/MT),Rumble/Sion (BC/NX),0,1,0
Kalista (MT/SI),Aatrox/Kayn (RU/RU),0,1,0
Kayle (MT/SI),Jack/Sett (BW/IO),0,1,0
Lillia/Udyr (FR/IO),Illaoi (BW/NX),0,1,0
Galio/Morgana (DE/MT),LeBlanc/Udyr (FR/NX),0,1,0
Morgana (BC/MT),Poppy/Tristana (BC/NX),0,1,0
Kalista (MT/SI),Leona/Yasuo (IO/MT),0,1,0
Poppy/Tristana (BC/NX),Gnar/Neeko (FR/RU),0,1,0
Aatrox/Kayn (RU/RU),Gnar/Neeko (FR/RU),0,1,0
Braum/Lillia (FR/IO),Aatrox/Poppy/Vayne (RU/DE),0,1,0
Jack/Sett (BW/IO),Udyr/Viktor (FR/PZ),0,1,0
Championless (DE/SI),Janna/Sett/Viktor (IO/PZ),0,1,0
Senna (PZ/SI),Lux/Shen (DE/IO),0,1,0
Sion (NX/SI),Akshan/Shyvana (DE/SH),0,1,0
Sion (NX/SI),Maokai/Nautilus (BW/SI),0,1,0
Jax/Ornn (FR/RU),Sion (NX/SI),0,1,0
Sion (NX/SI),Braum/Lillia (FR/IO),0,1,0
LeBlanc/Udyr (FR/NX),Championless (SI),0,1,0
Ornn/Sejuani (FR),Aatrox/Kayn (RU/RU),0,1,0
Nidalee (BC/SH),Illaoi (BW/NX),0,1,0
Lillia (FR/IO),LeBlanc/Rumble (BC/NX),0,1,0
Kalista/Nasus (SI/SH),Ashe/LeBlanc (FR/NX),0,1,0
Nasus/Renekton (SH),Ashe/LeBlanc (FR/NX),0,1,0
Lillia (FR/IO),Braum/Lillia (FR/IO),0,1,0
Kalista/LeBlanc (NX/SI),Nidalee (BC/SH),0,1,0
Ashe/Braum (FR/PZ),Nidalee (BC/SH),0,1,0
Championless (MT/SI),Garen/Lux (DE),0,1,0
Senna (PZ/SI),Galio/Garen (DE/MT),0,1,0
LeBlanc/Udyr (FR/NX),Ashe/LeBlanc (FR/NX),0,1,0
Akshan/Varus (SH/RU),LeBlanc/Udyr (FR/NX),0,1,0
Aphelios/Lee Sin (IO/MT),Janna/Sett/Viktor (IO/PZ),0,1,0
Gwen/Vi (PZ/SI),Ashe (FR/PZ),0,1,0
Jack/Sett (BW/IO),Akshan/Morgana/Sivir (DE/SH),0,1,0
Braum (BC/FR),Aatrox/Kayn (RU/RU),0,1,0
Caitlyn (BC/PZ),Lee Sin/Viktor (IO/PZ),0,1,0
Caitlyn (BC/PZ),Gnar/Nidalee (BC/SH),0,1,0
Garen (DE),Gnar/Nidalee (BC/SH),0,1,0
Janna/Sett (IO/PZ),Nasus/Renekton (SH),0,1,0
Janna/Sett/Viktor (IO/PZ),Braum/Vladimir (FR/NX),0,1,0
Championless (MT/SI),Akshan/Shyvana (DE/SH),0,1,0
Neeko (FR/RU),Nasus/Renekton (SH),0,1,0
Lee Sin/Riven (IO/NX),Senna/Veigar (BC/SI),0,1,0
Garen/Poppy (DE/FR),Senna/Veigar (BC/SI),0,1,0
Senna/Veigar (BC/SI),Gwen/LeBlanc (NX/SI),0,1,0
Championless (PZ/SI),Viktor (PZ/SI),0,1,0
Viktor (IO/PZ),Akshan/Lee Sin (IO/SH),0,1,0
Morgana/Udyr (DE/FR),Illaoi (BW/NX),0,1,0
Morgana/Udyr (DE/FR),Akshan/Udyr (FR/SH),0,1,0
Gwen (NX/SI),Morgana/Udyr (DE/FR),0,1,0
Garen/Poppy (DE/FR),Morgana/Udyr (DE/FR),0,1,0
Braum/Lillia (FR/IO),Maokai (BW/SI),0,1,0
Championless (SI),Ornn/Sejuani (FR),0,1,0
Kayle/Leona (MT/SH),Janna/Sett (IO/PZ),0,1,0
Championless (SI),Gwen/Sivir (SI/SH),0,1,0
Akshan/Varus (SH/RU),Garen/Poppy (DE/FR),0,1,0
Aphelios/Morgana (MT/SI),Gangplank/Sejuani (BW/FR),0,1,0
Championless (MT/SI),Gangplank/Sejuani (BW/FR),0,1,0
Neeko/Poppy (DE/RU),Gangplank/Sejuani (BW/FR),0,1,0
Darius/Vayne (DE/NX),Braum/Lillia (FR/IO),0,1,0
Kalista/Thresh (SI),Braum/Lillia (FR/IO),0,1,0
Gwen/Vi (PZ/SI),Championless (MT/SI),0,1,0
Taric (BW/MT),Morgana/Udyr (DE/FR),0,1,0
Lillia/Udyr (FR/IO),Senna/Veigar (BC/SI),0,1,0
Aphelios/Morgana (MT/SI),Nasus/Thresh (SI/SH),0,1,0
Ornn/Sejuani (FR),Nasus/Thresh (SI/SH),0,1,0
Akshan/Morgana/Sivir (DE/SH),Morgana/Udyr (DE/FR),0,1,0
Rumble/Sion (BC/NX),Riven/Vi (NX/PZ),0,1,0
Gwen/Sivir (SI/SH),Neeko/Poppy (DE/RU),0,1,0
Akshan/Gwen (SI/SH),Gangplank/Sejuani (BW/FR),0,1,0
Akshan/Lee Sin (IO/SH),Gnar/Lillia (FR/IO),0,1,0
Kai'Sa/Sivir (SI/SH),Kayle (BW/MT),0,1,0
Darius/Vayne (DE/NX),Gnar/Sejuani (BC/FR),0,1,0
Ashe/LeBlanc (FR/NX),Neeko/Poppy (BC/RU),0,1,0
Championless (SI),Neeko/Poppy (BC/RU),0,1,0
Janna/Morgana (MT/PZ),Neeko/Poppy (BC/RU),0,1,0
Gwen/Vi (PZ/SI),Lee Sin/Viktor (IO/PZ),0,1,0
Aphelios/Viktor (MT/PZ),Jax/Ornn (FR/RU),0,1,0
Nasus/Renekton (SH),Gnar/Sejuani (BC/FR),0,1,0
Lillia/Udyr (FR/IO),Gnar/Nidalee (BC/SH),0,1,0
Akshan/Renekton (SH),Championless (SI),0,1,0
Championless (MT/SI),Jack/Sett (BW/IO),0,1,0
Championless (SI),Gnar/Tristana (BC/NX),0,1,0
Kalista (MT/SI),Championless (SI),0,1,0
Udyr (FR/IO),Championless (SI),0,1,0
Darius/Gnar (FR/NX),Riven/Rumble (BC/NX),0,1,0
Nasus/Senna (SI/SH),Riven/Rumble (BC/NX),0,1,0
Gnar/Tristana (BC/NX),Gangplank/Sejuani (BW/FR),0,1,0
Championless (MT/SI),Poppy/Taric (DE/MT),0,1,0
Neeko/Poppy (BC/RU),Gwen/Vayne (DE/SI),0,1,0
Championless (MT/SI),Gnar/Tristana (BC/NX),0,1,0
Rumble/Sion (BC/NX),Championless (MT/SI),0,1,0
Morgana/Udyr (DE/FR),Galio/Morgana (DE/MT),0,1,0
Lillia/Udyr (FR/IO),Galio/Morgana (DE/MT),0,1,0
Malphite/Shyvana (DE/MT),Senna/Veigar (BC/SI),0,1,0
Lillia/Sett (FR/IO),Morgana/Udyr (DE/FR),0,1,0
Morgana (BC/MT),Akshan/Varus (SH/RU),0,1,0
Gangplank/Sejuani (BW/FR),Lillia/Sett (FR/IO),0,1,0
Nasus/Thresh (SI/SH),Lillia/Udyr (FR/IO),0,1,0
Riven/Varus (NX/RU),Akshan/Lee Sin (IO/SH),0,1,0
Leona/Yasuo (IO/MT),Kayle (BW/MT),0,1,0
Gnar/Poppy (BC/BW),Gnar/Tristana (BC/NX),0,1,0
Akshan/Varus (SH/RU),Riven/Rumble (BC/NX),0,1,0
Riven/Rumble (BC/NX),Maokai/Nautilus (BW/SI),0,1,0
Garen (DE/FR),Akshan/Varus (SH/RU),0,1,0
Swain/Yasuo (IO/NX),Kayle/Lillia (IO/MT),0,1,0
Morgana/Udyr (DE/FR),LeBlanc/Udyr (FR/NX),0,1,0
Morgana/Udyr (DE/FR),Morgana (BC/MT),0,1,0
Akshan/Nasus (SI/SH),Gnar/Tristana (BC/NX),0,1,0
Jack/Poppy (BC/BW),Lee Sin/Viktor (IO/PZ),0,1,0
Morgana/Udyr (DE/FR),Janna/Sett/Viktor (IO/PZ),0,1,0
Gnar/Yasuo (FR/IO),Nidalee (BC/SH),0,1,0
Akshan/Morgana (DE/SH),Shen/Sivir (IO/SH),0,1,0
Akshan/Nasus/Udyr (FR/SH),Championless (SI),0,1,0
Braum/Lillia (FR/IO),Akshan/Nasus/Udyr (FR/SH),0,1,0
Akshan/Varus (SH/RU),Akshan/Nasus/Udyr (FR/SH),0,1,0
Galio/Morgana (DE/MT),Lee Sin/Viktor (IO/PZ),0,1,0
Garen/Poppy (DE/FR),Braum/Vladimir (FR/NX),0,1,0
Neeko/Nidalee (RU/SH),Lee Sin/Viktor (IO/PZ),0,1,0
Lee Sin/Viktor (IO/PZ),Morgana/Udyr/Vayne (DE/FR),0,1,0
Sett (FR/IO),Aatrox/Kayn (RU/RU),0,1,0
Kayle (BW/MT),Akshan/Nasus/Udyr (FR/SH),0,1,0
Sett/Yasuo (FR/IO),Lulu/Shen (DE/IO),0,1,0
Sett/Udyr (FR/IO),Akshan/Sivir (NX/SH),0,1,0
Neeko (FR/RU),Sett/Udyr (FR/IO),0,1,0
Rumble/Sion (BC/NX),Braum/Lillia (FR/IO),0,1,0
Gnar/Sejuani (BC/FR),Leona/Yasuo (IO/MT),0,1,0
Gnar/Sejuani (BC/FR),Aphelios/Morgana (MT/SI),0,1,0
Morgana/Udyr (DE/FR),Nasus/Senna (SI/SH),0,1,0
Kayle/Leona (MT/SH),Championless (SI),0,1,0
Akshan/Nasus/Renekton (SH),Morgana/Udyr (DE/FR),0,1,0
Braum/Vladimir (FR/NX),Aphelios/Morgana (MT/SI),0,1,0
Lillia/Viktor (IO/PZ),Ashe/LeBlanc (FR/NX),0,1,0
Morgana/Taric (DE/MT),Braum/Vladimir (FR/NX),0,1,0
Morgana/Taric (DE/MT),Aphelios/Morgana (MT/SI),0,1,0
Morgana/Taric (DE/MT),Illaoi/Swain (BW/NX),0,1,0
Taric/Udyr (FR/MT),Championless (SI),0,1,0
Poppy/Tristana (BC/NX),Akshan/Nasus (SI/SH),0,1,0
Kayle (BW/MT),Janna/Sett/Viktor (IO/PZ),0,1,0
Neeko (RU/NX),Championless (SI),0,1,0
Neeko (RU/NX),Braum/Vladimir (FR/NX),0,1,0
Aatrox/Kayn (RU/RU),Gnar/Yasuo (FR/IO),0,1,0
Galio/Morgana (DE/MT),Sett/Viktor (IO/PZ),0,1,0
Braum/Lillia (FR/IO),Garen/Poppy (DE/SH),0,1,0
Lee Sin/Udyr (FR/IO),Akshan/Lee Sin (IO/SH),0,1,0
Jayce/Lux (DE/PZ),Morgana (BC/MT),0,1,0
Lee Sin/Viktor (IO/PZ),Lee Sin/Yasuo (FR/IO),0,1,0
Udyr/Yasuo (FR/IO),Akshan/Sivir (NX/SH),0,1,0
Udyr/Yasuo (FR/IO),Championless (SI),0,1,0
Lee Sin/Yasuo (FR/IO),Akshan/Nasus (SI/SH),0,1,0
Lulu/Shen (DE/IO),Lee Sin/Yasuo (FR/IO),0,1,0
Riven/Rumble (BC/NX),Lee Sin/Yasuo (FR/IO),0,1,0
Kayle (BW/MT),Lee Sin/Yasuo (FR/IO),0,1,0
Illaoi/Swain (BW/NX),Aphelios/Viktor (MT/PZ),0,1,0
Championless (SI),Championpile (FR/SH),0,1,0
Akshan/Varus (SH/RU),Sett/Viktor (IO/PZ),0,1,0
Galio/Poppy (DE/MT),Braum/Vladimir (FR/NX),0,1,0
Galio/Poppy (DE/MT),Championless (SI),0,1,0
Akshan/Kayn (RU/SH),Morgana/Udyr (DE/FR),0,1,0
Akshan/Lee Sin (IO/SH),Riven/Rumble (BC/NX),0,1,0
Garen/LeBlanc (DE/NX),Braum/Vladimir (FR/NX),0,1,0
Janna/Sett/Viktor (IO/PZ),Lee Sin/Viktor (IO/PZ),0,1,0
Maokai (BW/SI),Galio/Udyr (DE/FR),0,1,0
Aphelios/Viktor (MT/PZ),Galio/Poppy (DE/FR),0,1,0
Braum/Vladimir (FR/NX),Sett/Viktor (IO/PZ),0,1,0
Lillia/Yasuo (FR/IO),Senna/Veigar (BC/SI),0,1,0
Neeko (FR/RU),Aphelios/Taric (FR/MT),0,1,0
Championless (PZ/SI),Galio/Udyr (DE/FR),0,1,0
Janna (BW/PZ),Braum/Vladimir (FR/NX),0,1,0
Ashe/LeBlanc (FR/NX),Akshan/Taric (MT/SH),0,1,0
Lillia/Yasuo (FR/IO),Akshan/Varus (SH/RU),0,1,0
Championless (PZ/SI),Aatrox/Kayn (RU/RU),0,1,0
Aphelios/Taric (FR/MT),Championless (SI),0,1,0
Aphelios/Taric (FR/MT),Kayle (BW/MT),0,1,0
Aphelios/Viktor (MT/PZ),Lux/Udyr (DE/FR),0,1,0
Braum/Vladimir (FR/NX),Gwen/Vayne (DE/SI),0,1,0
Galio/Poppy (DE/MT),Aatrox/Kayn (RU/RU),0,1,0
Lee Sin/Viktor (IO/PZ),Lee Sin/Udyr (FR/IO),0,1,0
Championless (SI/SH),Lee Sin/Udyr (FR/IO),0,1,0
Janna (PZ/SI),Lee Sin/Udyr (FR/IO),0,1,0
Kayle (BW/MT),Ashe/Sejuani (FR/NX),0,1,0
Darius/Gnar (FR/NX),LeBlanc (FR/NX),0,1,0
Janna (PZ/SI),Darius/Gnar (FR/NX),0,1,0
Akshan/Jax (RU/SH),Darius/Gnar (FR/NX),0,1,0
Darius/Gwen (NX/SI),Morgana/Udyr (DE/FR),0,1,0
Senna/Veigar (BC/SI),Lux (DE/PZ),0,1,0
Leona/Yasuo (IO/MT),Gnar/Nidalee (BC/SH),0,1,0
Ashe/LeBlanc (FR/NX),Ashe/Sejuani (FR/NX),0,1,0
Gnar/Nidalee (BC/SH),Gnar/Tristana (BC/NX),0,1,0
Ashe/Sejuani (FR/NX),Akshan/Varus (SH/RU),0,1,0
Braum/Vladimir (FR/NX),Ashe/LeBlanc/Riven (FR/NX),0,1,0
Garen/Taric (DE/MT),Morgana/Udyr (DE/FR),0,1,0
Sett/Viktor (IO/PZ),Shen/Sivir (IO/SH),0,1,0
Gnar/Tristana (BC/NX),Gwen/Vayne (DE/SI),0,1,0
Aphelios/Viktor (MT/PZ),Championless (PZ/SI),0,1,0
Braum/Vladimir (FR/NX),Kalista (MT/SI),0,1,0
Ashe/Sejuani (FR/NX),Jayce/Lux (DE/PZ),0,1,0
Championless (SI),Ashe/Sejuani (FR/NX),0,1,0
Galio/Morgana (DE/MT),LeBlanc/Sivir (NX/SH),0,1,0
Aphelios/Yasuo (IO/MT),LeBlanc/Sivir (NX/SH),0,1,0
Braum (BC/FR),Lee Sin/Udyr (FR/IO),0,1,0
Lux/Udyr (DE/FR),Jayce/Lux (DE/PZ),0,1,0
Darius/Gnar (FR/NX),Lux/Udyr (DE/FR),0,1,0
Senna/Veigar (BC/SI),Janna/Senna (PZ/SI),0,1,0
Championpile (FR/SH),Senna/Veigar (BC/SI),0,1,0
Lux (DE/PZ),Championless (SI),0,1,0
Lillia (FR/IO),Darius/Gnar (FR/NX),0,1,0
Lux (DE/PZ),Darius/Gnar (FR/NX),0,1,0
Akshan/Lee Sin (IO/SH),Shen/Sivir (IO/SH),0,1,0
Ashe/Caitlyn (FR/PZ),Lee Sin/Udyr (FR/IO),0,1,0
Akshan/Varus (SH/RU),Lee Sin/Udyr (FR/IO),0,1,0
Galio/Morgana (DE/MT),Kalista (MT/SI),0,1,0
Senna (PZ/SI),Lillia/Viktor (IO/PZ),0,1,0
Udyr/Vayne (DE/FR),Braum/Vladimir (FR/NX),0,1,0
Ornn/Sejuani (FR),LeBlanc/Udyr (FR/NX),0,1,0
Braum/Lillia (FR/IO),Udyr/Vayne (DE/FR),0,1,0
Senna (PZ/SI),Ashe/Caitlyn (FR/PZ),0,1,0
Lillia (FR/IO),Kayle (BW/MT),0,1,0
Aphelios/Taric (FR/MT),Kayle/Shyvana (DE/MT),0,1,0
Lillia/Viktor (IO/PZ),Galio/Morgana (DE/MT),0,1,0
Garen (DE),Gnar/Illaoi (BW/FR),0,1,0
Kayle (BW/MT),Kalista/Sivir (SI/SH),0,1,0
Championless (SI),Lillia/Viktor (IO/PZ),0,1,0
Championless (IO/PZ),Lee Sin/Viktor (IO/PZ),0,1,0
Riven/Viktor (NX/PZ),Senna (PZ/SI),0,1,0
Riven/Viktor (NX/PZ),Rumble/Vayne (DE/NX),0,1,0
Jack/Sett (BW/IO),Nasus/Senna (SI/SH),0,1,0
Lillia/Yasuo (FR/IO),Jack/Sett (BW/IO),0,1,0
Rumble/Vayne (DE/NX),Braum/Lillia (FR/IO),0,1,0
Braum/Vladimir (FR/NX),Gnar/Poppy (BC/BW),0,1,0
Braum/Vladimir (FR/NX),Nasus/Thresh (SI/SH),0,1,0
Ashe/Sejuani (FR/NX),Aatrox (RU/BW),0,1,0
Kalista (SI/SH),Braum/Vladimir (FR/NX),0,1,0
Akshan/Morgana (DE/SH),Lillia/Udyr (FR/IO),0,1,0
Gnar/Illaoi (BW/FR),Nidalee (BC/SH),0,1,0
Morgana/Udyr (DE/FR),Akshan/Sivir (NX/SH),0,1,0
Gnar (DE/FR),Ashe/LeBlanc (FR/NX),0,1,0
Garen (DE),Akshan/Varus (SH/RU),0,1,0
Sett (IO/PZ),Gnar/Kayle (FR/MT),0,1,0
Sett (IO/PZ),Rumble/Sion (BC/NX),0,1,0
Galio/Udyr (DE/FR),Gnar/Nidalee (BC/SH),0,1,0
Lillia/Viktor (IO/PZ),Nidalee (BC/SH),0,1,0
Championless (PZ/SI),Darius/Gwen (NX/SI),0,1,0
Kayle (BW/MT),Lillia/Viktor (IO/PZ),0,1,0
Caitlyn/Swain (NX/PZ),Gwen/Vayne (DE/SI),0,1,0
Akshan/Varus (SH/RU),Morgana/Shyvana (DE/MT),0,1,0
Illaoi/Ornn (BW/FR),Akshan/Varus (SH/RU),0,1,0
Janna/Viktor (MT/PZ),Riven/Viktor (NX/PZ),0,1,0
Lillia/Yasuo (FR/IO),Riven/Viktor (NX/PZ),0,1,0
Tahm Kench (BW/MT),Kayle (BW/MT),0,1,0
Gnar/Gwen (FR/SI),Nidalee (BC/SH),0,1,0
Janna/Sett/Viktor (IO/PZ),Neeko/Poppy (BC/RU),0,1,0
Gangplank/Sejuani (BW/FR),Neeko/Poppy (BC/RU),0,1,0
Lillia/Viktor (IO/PZ),Darius/Gnar (FR/NX),0,1,0
Galio/Taric (DE/MT),Darius/Gnar (FR/NX),0,1,0
Akshan/Renekton (SH),Nidalee (BC/SH),0,1,0
Championless (PZ/SI),Nasus/Thresh (SI/SH),0,1,0
Morgana/Udyr (DE/FR),Aphelios/Sett (IO/MT),0,1,0
Morgana/Udyr/Vayne (DE/FR),Aphelios/Viktor (MT/PZ),0,1,0
Senna/Veigar (BC/SI),Janna/Sett/Viktor (IO/PZ),0,1,0
Garen (DE),Senna (PZ/SI),0,1,0
Galio/Garen (DE/MT),Maokai/Nautilus (BW/SI),0,1,0
Gnar/Gwen (FR/SI),Ashe (FR/PZ),0,1,0
Gwen/Vayne (DE/SI),Braum/Lillia (FR/IO),0,1,0
Gnar/Tristana (BC/BW),Aphelios/Yasuo (IO/MT),0,1,0
Ashe/LeBlanc (FR/NX),Aphelios/Yasuo (IO/MT),0,1,0
Kayle (BW/MT),Senna (SI),0,1,0
Darius/Gwen (NX/SI),Nasus/Renekton (SH),0,1,0
Shen/Sivir (IO/SH),Morgana/Udyr (DE/FR),0,1,0
Lee Sin/Udyr (FR/IO),Aphelios/Viktor (MT/PZ),0,1,0
Rumble/Sion (BC/NX),Lee Sin/Udyr (FR/IO),0,1,0
Nasus/Thresh (SI/SH),Kalista/Nasus (SI/SH),0,1,0
Senna (SI),Nasus/Thresh (SI/SH),0,1,0
Illaoi/Swain (BW/NX),Nasus/Thresh (SI/SH),0,1,0
Garen/Poppy (DE/MT),Sett/Viktor (IO/PZ),0,1,0
Gangplank/Gnar (BC/BW),Nidalee (BC/SH),0,1,0
Caitlyn/Swain (NX/PZ),Morgana/Udyr (DE/FR),0,1,0
Kalista/Maokai (FR/SI),Nasus/Thresh (SI/SH),0,1,0
Championpile (FR/SH),Nasus/Thresh (SI/SH),0,1,0
Kalista/Nasus (SI/SH),Akshan/Varus (SH/RU),0,1,0
Jax/Tristana (BC/RU),Braum/Vladimir (FR/NX),0,1,0
Championless (BC/PZ),Kayle (BW/MT),0,1,0
Aatrox (RU/BW),Rumble/Sion (BC/NX),0,1,0
Poppy/Taric (DE/MT),Aatrox (RU/BW),0,1,0
Kalista/Nasus (SI/SH),Sett (IO/PZ),0,1,0
Aphelios/Taric (FR/MT),Nasus/Thresh (SI/SH),0,1,0
Renekton/Sivir (SH),Nasus/Thresh (SI/SH),0,1,0
Akshan/Varus (SH/RU),Aatrox (RU/BW),0,1,0
Akshan/Jack (BW/SH),Nasus/Thresh (SI/SH),0,1,0
Aphelios/Viktor (MT/PZ),Gwen/Vayne (DE/SI),0,1,0
Jayce/Lux (DE/PZ),Akshan/Gwen (SI/SH),0,1,0
Poppy/Taric (DE/MT),Riven/Rumble (BC/NX),0,1,0
Riven/Rumble (BC/NX),Kayle (BW/MT),0,1,0
Yasuo (IO/NX),Janna/Sett/Viktor (IO/PZ),0,1,0
Janna/Sett/Viktor (IO/PZ),Gwen/Vayne (DE/SI),0,1,0
Akshan/Sivir (DE/SH),Gwen/Vayne (DE/SI),0,1,0
Akshan/Nasus (SI/SH),Aphelios/Viktor (MT/PZ),0,1,0
Kayle (BW/MT),Kalista/Nasus (SI/SH),0,1,0
Kalista/Nasus (SI/SH),Nidalee (BC/SH),0,1,0
Aphelios/Viktor (MT/PZ),Lux/Thresh (DE/SI),0,1,0
Aphelios/Viktor (MT/PZ),LeBlanc/Riven (FR/NX),0,1,0
Braum (FR/MT),Sett (IO/PZ),0,1,0
Lee Sin/Viktor (IO/PZ),Rumble/Sion (BC/NX),0,1,0
Morgana/Udyr (DE/FR),Aatrox/Vayne (RU/DE),0,1,0
Akshan/Nasus (SI/SH),Darius/Vayne (DE/NX),0,1,0
Akshan/Nasus (SI/SH),Riven/Viktor (NX/PZ),0,1,0
Akshan/Nasus (SI/SH),Maokai (BW/SI),0,1,0
Ashe (FR/PZ),Akshan/Nasus (SI/SH),0,1,0
Gnar/Nidalee (BC/SH),Nasus/Thresh (SI/SH),0,1,0
Gangplank/Sejuani (BW/FR),Janna/Sett/Viktor (IO/PZ),0,1,0
Darius/Lulu (IO/NX),Nasus/Thresh (SI/SH),0,1,0
Aphelios/Viktor (MT/PZ),Galio/Udyr (DE/FR),0,1,0
Aatrox/Kayn (RU/RU),Gnar/Nidalee (BC/SH),0,1,0
Championless (SI),Riven/Vi (NX/PZ),0,1,0
Braum/Vladimir (FR/NX),Maokai (BW/SI),0,1,0
Aatrox (RU/BW),Akshan/Nasus (SI/SH),0,1,0
Akshan/Nasus (SI/SH),Gwen/LeBlanc (NX/SI),0,1,0
Lee Sin/Udyr (FR/IO),Akshan/Nasus (SI/SH),0,1,0
Janna/Sett/Viktor (IO/PZ),Riven/Viktor (NX/PZ),0,1,0
Braum/Ornn (FR/PZ),Darius/Gnar (FR/NX),0,1,0
Aphelios/Viktor (MT/PZ),Gnar/Lillia (FR/IO),0,1,0
Morgana/Udyr (DE/FR),LeBlanc/Rumble (BC/NX),0,1,0
Jayce/Lux (DE/PZ),Riven/Rumble (BC/NX),0,1,0
Gwen/Vayne (DE/SI),Renekton/Sivir (SH),0,1,0
Ashe/Tahm Kench (BW/FR),Morgana/Udyr (DE/FR),0,1,0
Garen (DE/FR),Sett (IO/PZ),0,1,0
Neeko (FR/RU),Sett (IO/PZ),0,1,0
Sett/Viktor (IO/PZ),Championless (SI),0,1,0
Sett (IO/PZ),Lillia/Udyr (FR/IO),0,1,0
Akshan/Nasus (SI/SH),Sett/Viktor (IO/PZ),0,1,0
Janna/Sett/Viktor (IO/PZ),Gnar/Neeko (FR/RU),0,1,0
Akshan/Jax/Sivir (RU/SH),Darius/Gnar (FR/NX),0,1,0
Gnar/Nidalee (BC/SH),Gwen/Vayne (DE/SI),0,1,0
Akshan/Varus (SH/RU),Akshan/Sivir (NX/SH),0,1,0
Shyvana/Swain (DE/NX),Akshan/Varus (SH/RU),0,1,0
Nidalee (BC/SH),Gnar/Sejuani (BC/FR),0,1,0
Akshan/Riven (NX/SH),Jayce/Lux (DE/PZ),0,1,0
Akshan/Varus (SH/RU),Janna/Viktor (IO/PZ),0,1,0
Shyvana/Swain (DE/NX),Aphelios/Udyr (FR/MT),0,1,0
Aphelios/Udyr (FR/MT),Maokai/Nautilus (BW/SI),0,1,0
Akshan/Varus (SH/RU),Aphelios/Udyr (FR/MT),0,1,0
Gnar (BC/BW),Aphelios/Taric (FR/MT),0,1,0
Maokai/Nautilus (BW/SI),Gwen/Kalista (SI),0,1,0
Braum/Vladimir (FR/NX),Akshan/Sivir (NX/SH),0,1,0
Aphelios/Viktor (MT/PZ),Akshan/Jax (RU/SH),0,1,0
Championless (SI),Kayle/Lillia (IO/MT),0,1,0
Morgana/Taric (BC/MT),Lee Sin/Viktor (IO/PZ),0,1,0
Braum/Lillia (FR/IO),Aatrox (RU/BW),0,1,0
Aatrox (RU/BW),Leona/Sivir (MT/SH),0,1,0
Senna (PZ/SI),Sett/Viktor (IO/PZ),0,1,0
Nasus/Renekton (SH),Braum/Vladimir (FR/NX),0,1,0
Braum/Vladimir (FR/NX),Kayle/Shyvana (DE/MT),0,1,0
Gnar/Sejuani (BC/FR),Maokai/Nautilus (BW/SI),0,1,0
Braum/Vladimir (FR/NX),Aphelios/Lee Sin (IO/MT),0,1,0
Jayce/Lux (DE/PZ),Udyr/Vayne (DE/FR),0,1,0
Morgana/Taric (BC/MT),Udyr/Vayne (DE/FR),0,1,0
Janna/Sett (IO/PZ),Udyr/Vayne (DE/FR),0,1,0
Udyr/Vayne (DE/FR),Morgana/Udyr (DE/FR),0,1,0
Gnar/Udyr (BC/FR),Udyr/Vayne (DE/FR),0,1,0
Aatrox (RU/BW),Braum/Kayle (FR/MT),0,1,0
Riven/Rumble (BC/NX),Sett (IO/PZ),0,1,0
Kayle/Morgana (FR/MT),Senna/Veigar (BC/SI),0,1,0
Udyr/Vayne (DE/FR),Ashe/LeBlanc (FR/NX),0,1,0
LeBlanc/Rumble (IO/NX),Lee Sin/Viktor (IO/PZ),0,1,0
Lee Sin/Viktor (IO/PZ),Championless (MT/SI),0,1,0
Championless (FR/NX),Galio/Udyr (DE/FR),0,1,0
Galio/Garen (DE/MT),Darius/Gnar (FR/NX),0,1,0
Championless (MT/SI),Gnar (BC/BW),0,1,0
Championless (MT/SI),Udyr/Vayne (DE/FR),0,1,0
Senna (SI),Akshan/Varus (SH/RU),0,1,0
Rumble/Sion (BC/NX),Lux (DE/PZ),0,1,0
Kayle (BW/MT),Udyr/Vayne (DE/FR),0,1,0
Leona/Sivir (MT/SH),Leona/Yasuo (IO/MT),0,1,0
Kalista/Thresh (SI),Lee Sin/Udyr (FR/IO),0,1,0
Senna (SI),Lee Sin/Udyr (FR/IO),0,1,0
Sett/Shen (IO/PZ),Akshan/Sivir (NX/SH),0,1,0
Maokai/Nautilus (BW/SI),Udyr/Vayne (DE/FR),0,1,0
Aatrox/Illaoi (RU/BW),Aphelios/Viktor (MT/PZ),0,1,0
Gwen/Vayne (DE/SI),Udyr/Vayne (DE/FR),0,1,0
Aatrox (RU/BW),Galio/Garen (DE/MT),0,1,0
Kayle (BW/MT),Gwen/Vayne (DE/SI),0,1,0
Lillia/Udyr (FR/IO),Kalista (SI),0,1,0
Ryze (IO/RU),Sett (IO/PZ),0,1,0
Aphelios/Lee Sin (IO/MT),Akshan/Sivir (NX/SH),0,1,0
Gnar/Nidalee (BC/SH),Darius/Lulu (IO/NX),0,1,0
Gnar/Nidalee (BC/SH),Shen/Sivir (IO/SH),0,1,0
Garen/Shyvana (DE/MT),Kayle (BW/MT),0,1,0
Senna/Veigar (BC/SI),Maokai (BW/SI),0,1,0
Gwen/Vayne (DE/SI),Maokai/Nautilus (BW/SI),0,1,0
Shen/Sivir (IO/SH),Gwen/Vayne (DE/SI),0,1,0
Gwen/Vayne (DE/SI),Darius (FR/NX),0,1,0
Kayle (BW/MT),Darius/Lulu (IO/NX),0,1,0
Akshan/Lee Sin (IO/SH),Darius/Lulu (IO/NX),0,1,0
Akshan/Morgana (DE/SH),Darius/Lulu (IO/NX),0,1,0
Championless (PZ/SI),Sett (IO/PZ),0,1,0
Leona/Yasuo (IO/MT),Shen/Sivir (IO/SH),0,1,0
Darius/Gnar (FR/NX),Aphelios/Udyr (FR/MT),0,1,0
Ashe/Tahm Kench (BW/FR),Lee Sin/Viktor (IO/PZ),0,1,0
Lulu/Poppy (DE/IO),Kayle (BW/MT),0,1,0
Galio/Garen (DE/MT),Akshan/Morgana (DE/SH),0,1,0
Poppy/Tristana (BC/NX),Kalista (SI),0,1,0
Kalista/Nasus (SI/SH),Poppy/Tristana (BC/NX),0,1,0
Darius (FR/NX),Aphelios/Lee Sin (IO/MT),0,1,0
Darius (FR/NX),Galio/Morgana (DE/MT),0,1,0
Championpile (FR/SH),Akshan/Sivir (NX/SH),0,1,0
Akshan/Sivir (NX/SH),LeBlanc/Udyr (FR/NX),0,1,0
Darius (FR/NX),Senna (PZ/SI),0,1,0
Senna/Veigar (BC/SI),Darius (FR/NX),0,1,0
Gnar/Nidalee (BC/SH),Darius (FR/NX),0,1,0
Gnar/Nidalee (BC/SH),Lillia/Yasuo (FR/IO),0,1,0
Lux/Shen (DE/IO),Braum/Vladimir (FR/NX),0,1,0
Championless (PZ/SI),Darius (FR/NX),0,1,0
Swain/Vladimir (BW/NX),Championless (PZ/SI),0,1,0
Championless (PZ/SI),Akshan/Aphelios (MT/SH),0,1,0
Ashe/Tahm Kench (BW/FR),Senna/Veigar (BC/SI),0,1,0
Senna/Veigar (BC/SI),Janna/Viktor (IO/PZ),0,1,0
Lillia (FR/IO),Jayce/Lux (DE/PZ),0,1,0
Akshan/Lee Sin (IO/SH),Caitlyn/Swain (NX/PZ),0,1,0
Jayce/Lux (DE/PZ),LeBlanc/Riven (FR/NX),0,1,0
Caitlyn/Jack (BW/PZ),Morgana/Udyr (DE/FR),0,1,0
Championless (DE/SI),Braum/Lillia (FR/IO),0,1,0
Ashe/Sejuani (FR/NX),Sett (IO/PZ),0,1,0
Poppy/Taric (DE/MT),Shen/Sivir (IO/SH),0,1,0
Rumble/Sion (BC/NX),Shen/Sivir (IO/SH),0,1,0
Aatrox (RU/BW),Darius (FR/NX),0,1,0
Darius (FR/NX),Rumble/Sion (BC/NX),0,1,0
LeBlanc/Udyr (FR/NX),Ryze (IO/RU),0,1,0
Aatrox/Akshan (RU/SH),Morgana/Udyr (DE/FR),0,1,0
Aatrox/Akshan (RU/SH),Maokai/Nautilus (BW/SI),0,1,0
Akshan/Lee Sin (IO/SH),Gnar/Illaoi (BW/FR),0,1,0
Lee Sin/Udyr (FR/IO),Braum/Lillia (FR/IO),0,1,0
Gwen/Vayne (DE/SI),Jayce/Lux (DE/PZ),0,1,0
Gangplank/LeBlanc (BW/NX),Gnar/Illaoi (BW/FR),0,1,0
Darius (FR/NX),Kalista/Nasus/Thresh (SI/SH),0,1,0
Lillia/Viktor (IO/PZ),Darius (FR/NX),0,1,0
Akshan/Morgana (DE/SH),Sett (IO/PZ),0,1,0
Morgana/Udyr (DE/FR),Kalista/Nasus/Thresh (SI/SH),0,1,0
Senna/Veigar (BC/SI),Kalista/Nasus/Thresh (SI/SH),0,1,0
Kalista/Nasus/Thresh (SI/SH),Kayle (BW/MT),0,1,0
Kalista/Nasus/Thresh (SI/SH),Aphelios/Lee Sin (IO/MT),0,1,0
Championless (SI),Kalista/Nasus/Thresh (SI/SH),0,1,0
Janna/Sett/Viktor (IO/PZ),Darius (FR/NX),0,1,0
Garen/Kai'Sa (DE/SH),Janna/Sett/Viktor (IO/PZ),0,1,0
Ashe (FR/PZ),Darius/Lulu (IO/NX),0,1,0
Lillia/Viktor (IO/PZ),Darius/Lulu (IO/NX),0,1,0
Kai'Sa/Sivir (DE/SH),Championless (SI),0,1,0
LeBlanc (FR/NX),Morgana/Udyr (DE/FR),0,1,0
Sett (IO/PZ),Shen/Sivir (IO/SH),0,1,0
Lillia/Yasuo (FR/IO),Shen/Sivir (IO/SH),0,1,0
Akshan/Varus (SH/RU),Renekton/Sivir (SH),0,1,0
Rumble/Sion (BC/NX),Lux/Udyr (DE/FR),0,1,0
Senna/Veigar (BC/SI),Aatrox/Akshan (RU/SH),0,1,0
Darius (FR/NX),Aatrox/Akshan (RU/SH),0,1,0
Maokai/Nautilus (BW/SI),Akshan/Morgana (DE/SH),0,1,0
Galio/Taric (DE/MT),Akshan/Varus (SH/RU),0,1,0
Gnar/Udyr (FR/MT),Gnar/Nidalee (BC/SH),0,1,0
Aatrox/Vayne (RU/DE),Akshan/Aphelios/Morgana (MT/SH),0,1,0
Akshan/Nasus (SI/SH),Garen/Taric (DE/MT),0,1,0
Shen/Sivir (IO/SH),Garen/Taric (DE/MT),0,1,0
Darius/Gwen (NX/SI),Senna/Veigar (BC/SI),0,1,0
Jayce/Lux (DE/PZ),Janna/Senna (PZ/SI),0,1,0
Janna (MT/PZ),Janna/Senna (PZ/SI),0,1,0
Aatrox/Morgana (RU/DE),Janna/Senna (PZ/SI),0,1,0
Janna/Senna (PZ/SI),Lee Sin/Viktor (IO/PZ),0,1,0
Akshan/Riven (NX/SH),Lee Sin/Viktor (IO/PZ),0,1,0
Maokai/Nautilus (BW/SI),Gwen (NX/SI),0,1,0
Maokai (BW/SI),Gwen (NX/SI),0,1,0
Aatrox (RU/BW),Gnar/Udyr (FR/MT),0,1,0
Janna/Senna (PZ/SI),Aphelios/Viktor (MT/PZ),0,1,0
Garen/Taric (DE/MT),Janna/Sett (IO/PZ),0,1,0
Ryze (RU/SH),Championless (SI),0,1,0
Ryze (RU/SH),Lee Sin/Viktor (IO/PZ),0,1,0
Ryze (RU/SH),Garen/Taric (DE/MT),0,1,0
Ryze (RU/SH),Nasus/Thresh (SI/SH),0,1,0
Gnar/Kayle (FR/MT),Garen/Taric (DE/MT),0,1,0
Lee Sin/Udyr (FR/IO),Nasus/Thresh (SI/SH),0,1,0
Darius (FR/NX),Nasus/Thresh (SI/SH),0,1,0
Maokai/Nautilus (BW/SI),Championless (IO/SI),0,1,0
Caitlyn/Janna/Ryze/Viktor (PZ/RU),Shen/Sivir (IO/SH),0,1,0
Caitlyn/Janna/Ryze/Viktor (PZ/RU),Nidalee (BC/SH),0,1,0
Caitlyn/Janna/Ryze/Viktor (PZ/RU),Jayce/Lux (DE/PZ),0,1,0
Caitlyn/Janna/Ryze/Viktor (PZ/RU),Akshan/Varus (SH/RU),0,1,0
Caitlyn/Janna/Ryze/Viktor (PZ/RU),Maokai/Nautilus (BW/SI),0,1,0
Shen/Sivir (IO/SH),Lillia/Sett (BC/IO),0,1,0
Gnar/Neeko (FR/RU),Nidalee (BC/SH),0,1,0
Braum/Vladimir (FR/NX),Kalista/Nasus (SI/SH),0,1,0
Braum/Vladimir (FR/NX),Aatrox/Morgana (RU/DE),0,1,0
Nasus/Thresh (SI/SH),Aatrox/Kayn (RU/RU),0,1,0
Ryze (IO/RU),Galio/Udyr (DE/FR),0,1,0
Ryze (IO/RU),Akshan/Morgana (DE/SH),0,1,0
Ryze (IO/RU),Ashe/LeBlanc (FR/NX),0,1,0
Gnar/Sejuani (BC/FR),Riven/Rumble (BC/NX),0,1,0
Poppy/Tristana (BC/NX),Gnar/Sejuani (BC/FR),0,1,0
Akshan/Morgana (DE/SH),Renekton/Sivir (SH),0,1,0
Gnar/Sejuani (BC/FR),Aatrox/Kayn (RU/RU),0,1,0
Ashe/LeBlanc (FR/NX),Gwen/Kayle (MT/SI),0,1,0
Gnar/Janna (BC/PZ),Lillia/Sett (BC/IO),0,1,0
Maokai (BW/SI),Jack/Sett (BW/IO),0,1,0
Nidalee (PZ/SH),Jack/Sett (BW/IO),0,1,0
Gnar/Viktor (BC/PZ),Jack/Sett (BW/IO),0,1,0
Viktor (BC/PZ),Jack/Sett (BW/IO),0,1,0
Lillia/Morgana (IO/MT),Jack/Sett (BW/IO),0,1,0
Kalista/Thresh (IO/SI),Jack/Sett (BW/IO),0,1,0
Senna/Veigar (BC/SI),Caitlyn/Jack (BW/PZ),0,1,0
Jack (BW/IO),Akshan/Renekton (FR/SH),0,1,0
Senna/Veigar (BC/SI),Jack (BW/IO),0,1,0
Jack (BW/IO),Championless (SI),0,1,0
LeBlanc/Sivir (NX/SH),Janna/Viktor (BC/PZ),0,1,0
Aatrox/Morgana (RU/DE),Lillia/Sett (BC/IO),0,1,0
Akshan/Aphelios (MT/SH),Lillia/Sett (BC/IO),0,1,0
Lillia/Sett (BC/IO),Nasus/Renekton (SH),0,1,0
Lillia/Sett (BC/IO),Riven/Viktor (NX/PZ),0,1,0
Janna/Sett (IO/PZ),Illaoi/Swain (BW/NX),0,1,0
Gwen/Kalista (NX/SI),Janna/Sett (IO/PZ),0,1,0
Senna/Veigar (BC/SI),Lillia/Sett (BC/IO),0,1,0
Aatrox/Vayne (RU/DE),Lillia/Sett (BC/IO),0,1,0
Caitlyn (BC/PZ),Lillia/Sett (BC/IO),0,1,0
Gnar/Lillia (FR/IO),Rumble/Sion (BC/NX),0,1,0
Championless (PZ/SI),Rumble/Sion (BC/NX),0,1,0
Championless (BC/BW),Rumble/Sion (BC/NX),0,1,0
Swain/Yasuo (IO/NX),Rumble/Sion (BC/NX),0,1,0
Darius/Gnar (FR/NX),Kalista (IO/SI),0,1,0
Lillia/Viktor (IO/PZ),Riven/Viktor (NX/PZ),0,1,0
Riven/Viktor (NX/PZ),Janna/Malphite (MT/PZ),0,1,0
Lillia/Udyr (FR/IO),Riven/Viktor (NX/PZ),0,1,0
Rumble/Sivir (NX/SH),Akshan/Nasus (SI/SH),0,1,0
Illaoi/Vayne (BW/DE),Jayce/Lux (DE/PZ),0,1,0
Ryze (RU/SI),Championless (SI),0,1,0
Shyvana (DE/MT),Braum/Kayle (FR/MT),0,1,0
Senna/Veigar (PZ/SI),Rumble/Sion (BC/NX),0,1,0
Kalista (IO/SI),Janna (PZ/SI),0,1,0
Udyr (BW/FR),Championless (SI),0,1,0
Lux/Tahm Kench (BW/DE),Senna/Veigar (PZ/SI),0,1,0
Maokai (BW/SI),Senna/Veigar (PZ/SI),0,1,0
Ashe/Tahm Kench (BW/FR),Senna/Veigar (PZ/SI),0,1,0
Gnar (BC/FR),Senna/Veigar (PZ/SI),0,1,0
Neeko/Nidalee (RU/SH),Senna/Veigar (PZ/SI),0,1,0
Poppy/Taric (DE/MT),Senna/Veigar (PZ/SI),0,1,0
Senna/Veigar (PZ/SI),Sejuani/Swain (FR/NX),0,1,0
Gangplank/Sejuani (BW/FR),Senna/Veigar (PZ/SI),0,1,0
Senna/Veigar (PZ/SI),Akshan/Varus (SH/RU),0,1,0
LeBlanc/Lillia (IO/NX),Senna/Veigar (PZ/SI),0,1,0
Leona/Yasuo (IO/MT),Championless (SI),0,1,0
Gwen (NX/SI),Championless (SI),0,1,0
Championless (SI),Yasuo (IO/MT),0,1,0
Morgana (DE/MT),Kalista (IO/SI),0,1,0
Kalista (SI),Kalista (IO/SI),0,1,0
Braum/Vladimir (FR/NX),Championless (MT/SI),0,1,0
Nasus/Renekton (SH),Championless (MT/SI),0,1,0
Gwen/Kayle (MT/SI),Championless (MT/SI),0,1,0
Championless (MT/SI),Maokai (PZ/SI),0,1,0
Championless (SI),Senna (SI/SH),0,1,0
Braum/Kayle/Udyr (FR/MT),Championless (SI),0,1,0
Kayle/Lillia (IO/MT),Lee Sin/Viktor (IO/PZ),0,1,0
Riven/Viktor (NX/PZ),Kayle/Lillia (IO/MT),0,1,0
Braum/Lillia (FR/IO),Leona (IO/MT),0,1,0
Braum/Vladimir (FR/NX),Leona (IO/MT),0,1,0
Leona (IO/MT),Maokai/Nautilus (BW/SI),0,1,0
Leona (IO/MT),Janna (IO/PZ),0,1,0
Ashe/Tahm Kench (BW/FR),Kalista (IO/SI),0,1,0
Aphelios/Jack (BW/MT),Ashe/LeBlanc (FR/NX),0,1,0
Aphelios/Jack (BW/MT),Senna/Veigar (BC/SI),0,1,0
Jax/Ornn (FR/RU),Aatrox/Kayn (RU/RU),0,1,0
Gnar/Sett (FR/IO),Aatrox/Kayn (RU/RU),0,1,0
Akshan/Morgana (MT/SH),Gnar/Renekton (FR/SH),0,1,0
Malphite/Yasuo (IO/MT),Rumble/Sion (BC/NX),0,1,0
Sett (IO/PZ),Leona (IO/MT),0,1,0
Garen/LeBlanc (DE/NX),Gwen/Morgana (MT/SI),0,1,0
Championless (SI/SH),Jayce/Lux (DE/PZ),0,1,0
Akshan/Kayn (RU/SH),Jayce/Lux (DE/PZ),0,1,0
Neeko/Tristana (BC/RU),Gnar/Renekton (FR/SH),0,1,0
Senna/Veigar (BC/SI),Gnar/Renekton (FR/SH),0,1,0
Nidalee (BC/SH),Maokai (BW/SI),0,1,0
Lillia/Udyr (FR/IO),Yasuo (IO/NX),0,1,0
Lux/Senna (DE/SI),Ashe/LeBlanc (FR/NX),0,1,0
Janna/Malphite (MT/PZ),Braum/Kayle (FR/MT),0,1,0
Ashe/LeBlanc (FR/NX),Braum/Kayle (FR/MT),0,1,0
Gnar/Lillia (FR/IO),Ashe/LeBlanc (FR/NX),0,1,0
Championless (SI),Gnar/Lillia (FR/IO),0,1,0
Poppy/Taric (DE/MT),Yasuo (IO/NX),0,1,0
Poppy/Taric (DE/MT),Rumble/Vayne (DE/NX),0,1,0
Shen (DE/IO),Rumble/Vayne (DE/NX),0,1,0
Rumble/Vayne (DE/NX),Nidalee (BC/SH),0,1,0
Ashe/Tahm Kench (BW/FR),Gnar/Renekton (FR/SH),0,1,0
Darius/Gnar (FR/NX),Yasuo (IO/NX),0,1,0
Kalista (IO/SI),Gangplank/Sejuani (BW/FR),0,1,0
Braum/Kayle (FR/MT),Braum/Lillia (FR/IO),0,1,0
Rumble/Sion (BC/NX),Akshan/Nidalee/Sivir (DE/SH),0,1,0
Lux/Senna (DE/SI),Kayle (BW/MT),0,1,0
Caitlyn/Swain (NX/PZ),Akshan/Udyr (FR/SH),0,1,0
Braum/Lillia (FR/IO),Akshan/Nidalee/Sivir (DE/SH),0,1,0
Braum/Kayle (FR/MT),Kalista (SI),0,1,0
Gangplank/Sejuani (BW/FR),Galio (DE/FR),0,1,0
Galio (DE/FR),Ashe/LeBlanc (FR/NX),0,1,0
Braum/Lillia (FR/IO),Neeko/Poppy (DE/RU),0,1,0
Championless (SI),Braum/Gwen (FR/SI),0,1,0
Neeko/Poppy (DE/RU),Shyvana (DE/MT),0,1,0
Nasus/Senna (SI/SH),Neeko/Poppy (DE/RU),0,1,0
Leona/Sivir (MT/SH),Braum/Lillia (FR/IO),0,1,0
Galio (DE/FR),Championless (PZ/SI),0,1,0
Yasuo (IO/NX),Kayle (BW/MT),0,1,0
Aphelios/Yasuo (IO/MT),Yasuo (IO/NX),0,1,0
Caitlyn/Janna (PZ/SI),Aatrox/Kayn (RU/RU),0,1,0
Lux/Senna (DE/SI),Championless (SI),0,1,0
Kalista (SI),Lux/Senna (DE/SI),0,1,0
Gwen/Kalista (DE/SI),Nasus/Thresh (SI/SH),0,1,0
LeBlanc (FR/NX),Aatrox/Kayn (RU/RU),0,1,0
Neeko/Renekton (RU/SH),Maokai/Nautilus (BW/SI),0,1,0
Nidalee (SI/SH),Aatrox/Kayn (RU/RU),0,1,0
Jayce/Lux (DE/PZ),Kalista (IO/SI),0,1,0
Neeko/Poppy (DE/RU),Poppy/Taric (DE/MT),0,1,0
Udyr/Vladimir (FR/NX),Championless (SI),0,1,0
Sett/Udyr (FR/IO),Jax/Neeko (RU/RU),0,1,0
Leona/Riven (MT/NX),Riven/Viktor (NX/PZ),0,1,0
Championless (BC/BW),Riven/Viktor (NX/PZ),0,1,0
Lillia/Sett (BC/IO),Nasus (SI/SH),0,1,0
Caitlyn/Swain (NX/PZ),Nasus (SI/SH),0,1,0
Sejuani/Swain (FR/NX),Aatrox/Kayn (RU/RU),0,1,0
Caitlyn/Swain (NX/PZ),Riven/Viktor (NX/PZ),0,1,0
Janna (PZ/SI),Poppy/Taric (DE/MT),0,1,0
Poppy/Taric (DE/MT),Caitlyn/Swain (NX/PZ),0,1,0
Neeko/Renekton (RU/SH),Riven/Viktor (NX/PZ),0,1,0
Aatrox/Kayn (RU/RU),Galio/Poppy (BC/DE),0,1,0
Jack/Sett (BW/IO),Caitlyn/Swain (NX/PZ),0,1,0
Riven/Viktor (NX/PZ),Janna/Viktor (IO/PZ),0,1,0
Kalista (SI),Poppy/Taric (DE/MT),0,1,0
Akshan/Taric (MT/SH),Akshan/Varus (SH/RU),0,1,0
Aatrox/Kayn (RU/RU),Ashe/Sejuani (DE/FR),0,1,0
Nasus/Senna (SI/SH),Akshan/Varus (SH/RU),0,1,0
Nidalee (BC/SH),Poppy/Taric (DE/MT),0,1,0
Poppy/Taric (DE/MT),Neeko/Renekton (RU/SH),0,1,0
Ashe/LeBlanc (FR/NX),Neeko/Renekton (RU/SH),0,1,0
Darius/Gnar (FR/NX),Neeko/Renekton (RU/SH),0,1,0
Akshan/Morgana (MT/SH),Ashe/LeBlanc (FR/NX),0,1,0
Kalista (IO/SI),Nidalee (BC/SH),0,1,0
Lulu/Shen (IO/NX),Neeko/Renekton (RU/SH),0,1,0
Akshan/Morgana (MT/SH),Championless (SI),0,1,0
Nasus (SI/SH),Championless (PZ/SI),0,1,0
Nasus (SI/SH),Jack/Sett (BW/IO),0,1,0
Braum/Vladimir (FR/NX),Kalista (IO/SI),0,1,0
Riven/Viktor (NX/PZ),Gwen/Riven (NX/SI),0,1,0
Braum/Vladimir (FR/NX),Poppy/Taric (DE/MT),0,1,0
Shyvana (DE/MT),Nidalee (BC/SH),0,1,0
Jack/Sett (BW/IO),Neeko/Renekton (RU/SH),0,1,0
Kayle (BW/MT),Neeko/Renekton (RU/SH),0,1,0
Neeko/Renekton (RU/SH),Kalista (IO/SI),0,1,0
Championless (SI),Riven/Vayne (DE/NX),0,1,0
Akshan/Morgana (MT/SH),Braum/Vladimir (FR/NX),0,1,0
Akshan/Varus (SH/RU),Gnar/Renekton (FR/SH),0,1,0
Janna (PZ/SI),Kayle (BW/MT),0,1,0
Akshan/Aphelios (MT/SH),Riven/Viktor (NX/PZ),0,1,0
Gnar/Swain (BC/NX),Braum/Lillia (FR/IO),0,1,0
Kalista (SI),Gnar/Swain (BC/NX),0,1,0
Lulu/Shen (IO/NX),Aphelios/Viktor (MT/PZ),0,1,0
Maokai (PZ/SI),Lulu/Shen (IO/NX),0,1,0
Kayle (BC/MT),Gnar/Nidalee (BC/SH),0,1,0
Leona/Sivir (MT/SH),Kalista (SI),0,1,0
Sett (IO/PZ),Akshan/Udyr (FR/SH),0,1,0
Kayle (BC/MT),Championless (SI),0,1,0
Aphelios/Viktor (MT/PZ),Caitlyn/Swain (NX/PZ),0,1,0
Braum/Udyr (FR/MT),Caitlyn/Swain (NX/PZ),0,1,0
Caitlyn/Swain (NX/PZ),Illaoi/Vayne (BW/DE),0,1,0
Ashe (FR/PZ),Championless (PZ/SI),0,1,0
Kalista (IO/SI),Championless (NX/SI),0,1,0
Championless (NX/SI),Ashe/LeBlanc (FR/NX),0,1,0
Ashe/LeBlanc (FR/NX),Sejuani/Swain (FR/NX),0,1,0
Jax/Tristana (BC/RU),Championless (SI),0,1,0
Aphelios/Viktor (MT/PZ),Aatrox/Jack (RU/BW),0,1,0
Championless (SI),Aatrox/Jack (RU/BW),0,1,0
Malphite/Yasuo (IO/MT),Ashe (FR/PZ),0,1,0
Kayle (BW/MT),Akshan/Udyr (FR/SH),0,1,0
Janna/Senna (PZ/SI),Championless (IO/SI),0,1,0
Rumble/Sion (BC/NX),Championless (IO/SI),0,1,0
Jayce/Lux (DE/PZ),Poppy/Tristana (BC/NX),0,1,0
Nasus (SI/SH),Ashe/Sejuani (FR),0,1,0
Senna/Veigar (BC/SI),Nasus (SI/SH),0,1,0
Nidalee (BC/SH),Ashe/Tahm Kench (BW/FR),0,1,0
Lillia/Veigar (BC/IO),Jayce/Lux (DE/PZ),0,1,0
Aatrox/Jack (RU/BW),Senna/Veigar (BC/SI),0,1,0
Akshan/Sivir (DE/SH),Akshan/Varus (SH/RU),0,1,0
Championless (PZ/SI),Poppy/Taric (DE/MT),0,1,0
Ashe (FR/PZ),Akshan/Sivir (DE/SH),0,1,0
Championless (BC/IO),Ashe (FR/PZ),0,1,0
Caitlyn/Swain (NX/PZ),Ashe (FR/PZ),0,1,0
Gwen (FR/SI),Braum/Lillia (FR/IO),0,1,0
Gangplank/Thresh (BW/SI),Sett/Udyr (FR/IO),0,1,0
Janna/Viktor (BC/PZ),Jayce/Lux (DE/PZ),0,1,0
Caitlyn/Jack (BW/PZ),Darius/Gnar (FR/NX),0,1,0
Championless (SI),Senna/Swain (NX/SI),0,1,0
Aatrox/Jack (RU/BW),Sett/Udyr (FR/IO),0,1,0
Ashe (FR/PZ),Maokai (BW/SI),0,1,0
Aphelios/Viktor (MT/PZ),Akshan/Aphelios (MT/SH),0,1,0
Braum (FR/MT),Championless (SI),0,1,0
Lux/Morgana (DE/MT),Darius/Gnar (FR/NX),0,1,0
Championless (SI),Garen/Neeko (DE/RU),0,1,0
Akshan/Kayn (RU/SH),Riven/Viktor (NX/PZ),0,1,0
Poppy/Tristana (BC/NX),Lillia/Sett (BC/IO),0,1,0
Rumble/Sion (BC/NX),Janna/Sett (IO/PZ),0,1,0
Janna/Malphite (MT/PZ),Aatrox/Kayn (RU/RU),0,1,0
Janna/Viktor (BW/PZ),Leona/Sett (IO/MT),0,1,0
Championless (BC/IO),Championless (SI),0,1,0
Leona/Sett (IO/MT),Lee Sin/Viktor (IO/PZ),0,1,0
Kayle (BW/MT),Braum/Sett (FR/IO),0,1,0
Akshan/LeBlanc (NX/SH),Ashe/LeBlanc (FR/NX),0,1,0
Akshan/Lillia (IO/SH),Jack/Sett (BW/IO),0,1,0
Rumble/Sion (BC/NX),Jayce (PZ/SI),0,1,0
Aphelios/Viktor (MT/PZ),Akshan/Nidalee/Sivir (DE/SH),0,1,0
Morgana/Viktor (MT/PZ),Ashe/LeBlanc (FR/NX),0,1,0
Maokai/Nautilus (BW/SI),Akshan/Lillia (IO/SH),0,1,0
Akshan/Lillia (IO/SH),Gnar/Nidalee (BC/SH),0,1,0
Nasus (SI/SH),Akshan/Lillia (IO/SH),0,1,0
Nasus (SI/SH),Gangplank/Sejuani (BW/FR),0,1,0
Darius/Gnar (FR/NX),Braum/Sett (FR/IO),0,1,0
Udyr/Viktor (FR/PZ),Darius/Gnar (FR/NX),0,1,0
Lillia/Viktor (IO/PZ),Akshan/Lillia (IO/SH),0,1,0
Darius/Gnar (FR/NX),Gnar/Renekton (FR/SH),0,1,0
Darius/Gnar (FR/NX),Braum/Galio (DE/FR),0,1,0
Aatrox/Kayn (RU/RU),LeBlanc/Lillia (IO/NX),0,1,0
Championless (FR/SI),Aatrox/Kayn (RU/RU),0,1,0
Akshan/Nidalee/Sivir (DE/SH),Lulu/Shen (IO/MT),0,1,0
Akshan/Nidalee/Sivir (DE/SH),Garen (DE/SH),0,1,0
Lillia/Sett (BC/IO),Aphelios/Lee Sin (IO/MT),0,1,0
Caitlyn/Swain (NX/PZ),Braum (FR/MT),0,1,0
Morgana/Viktor (MT/PZ),Darius/Sion (BW/NX),0,1,0
Darius/Sion (BW/NX),Janna/Malphite (MT/PZ),0,1,0
Poppy/Taric (DE/MT),Janna/Malphite (MT/PZ),0,1,0
Maokai (BW/SI),Darius/Sion (BW/NX),0,1,0
Darius/LeBlanc (NX),Galio (DE/FR),0,1,0
Akshan/Udyr (FR/SH),Darius/Gnar (FR/NX),0,1,0
Illaoi/Vayne (BW/DE),Akshan/Varus (SH/RU),0,1,0
Gangplank/Sejuani (BW/FR),Akshan/Nidalee/Sivir (DE/SH),0,1,0
Renekton (NX/SH),Championless (IO/SI),0,1,0
Illaoi/Vayne (BW/DE),Championless (IO/SI),0,1,0
Senna (PZ/SI),Championless (IO/SI),0,1,0
Aphelios/Lux (DE/MT),Jayce/Lux (DE/PZ),0,1,0
Garen (DE/SH),Sejuani/Vi (FR/PZ),0,1,0
Malphite/Yasuo (IO/MT),Darius/LeBlanc (NX),0,1,0
Ashe/LeBlanc (FR/NX),Aatrox/Jack (RU/BW),0,1,0
Janna/Morgana (MT/PZ),Rumble/Sion (BC/NX),0,1,0
Gwen/Riven (NX/SI),Ashe (FR/PZ),0,1,0
Shen/Sivir (IO/SH),Akshan/Nidalee/Sivir (DE/SH),0,1,0
Kayle (BW/MT),Illaoi/Swain (BW/NX),0,1,0
Braum (FR/MT),Akshan/Lee Sin (IO/SH),0,1,0
Braum (FR/MT),Illaoi/Vayne (BW/DE),0,1,0
Maokai (BW/SI),Caitlyn/Swain (NX/PZ),0,1,0
Kayle (BW/MT),Gwen/Riven (NX/SI),0,1,0
LeBlanc/Sivir (NX/SH),Caitlyn/Swain (NX/PZ),0,1,0
Braum/Vladimir (FR/NX),Garen (DE/SH),0,1,0
Senna (PZ/SI),Darius/Gnar (FR/NX),0,1,0
Galio (DE/FR),Championless (SI),0,1,0
Janna/Morgana (MT/PZ),Braum/Vladimir (FR/NX),0,1,0
Nidalee (BC/SH),Riven/Viktor (NX/PZ),0,1,0
Gwen/LeBlanc (NX/SI),Riven/Viktor (NX/PZ),0,1,0
Illaoi/Vayne (BW/DE),Aatrox/Kayn (RU/RU),0,1,0
Rumble/Vayne (BC/DE),Nidalee (BC/SH),0,1,0
Janna/Ryze (PZ/RU),Braum/Lillia (FR/IO),0,1,0
Braum/Lillia (FR/IO),Championless (IO/MT),0,1,0
Leona/Sett (IO/MT),Gwen/Riven (NX/SI),0,1,0
Ashe/LeBlanc (FR/NX),Lillia (FR/IO),0,1,0
Senna/Veigar (BC/SI),Gangplank/Swain (BW/NX),0,1,0
Sejuani/Swain (FR/NX),Darius/Gnar (FR/NX),0,1,0
Nasus (SI/SH),Ashe (FR/PZ),0,1,0
Kayle/Shyvana (DE/MT),Darius/Gnar (FR/NX),0,1,0
Ashe/LeBlanc (FR/NX),Gwen/Riven (NX/SI),0,1,0
Braum/Vladimir (FR/NX),Lillia (IO/MT),0,1,0
Jax/Ornn (FR/RU),Braum/Vladimir (FR/NX),0,1,0
Janna/Viktor (MT/PZ),Braum/Vladimir (FR/NX),0,1,0
Illaoi/Vayne (BW/DE),Darius/Gnar (FR/NX),0,1,0
Lux/Morgana (DE/MT),Leona/Yasuo (IO/MT),0,1,0
Ashe (FR/PZ),Braum/Galio (DE/FR),0,1,0
Akshan/Kayn (RU/SH),Braum/Galio (DE/FR),0,1,0
Taric/Udyr (FR/MT),Braum/Galio (DE/FR),0,1,0
Lux/Morgana (DE/MT),Championless (SI),0,1,0
Lux/Morgana (DE/MT),Braum (FR/MT),0,1,0
Akshan/Kayn (RU/SH),Lux/Morgana (DE/MT),0,1,0
Lux/Morgana (DE/MT),Caitlyn/Swain (NX/PZ),0,1,0
Gangplank/Swain (BW/NX),Jack/Sett (BW/IO),0,1,0
Gangplank/Swain (BW/NX),Nasus (SI/SH),0,1,0
Sejuani/Swain (FR/NX),Akshan/Nidalee/Sivir (DE/SH),0,1,0
Gnar (FR/PZ),Braum (FR/MT),0,1,0
Jayce/Lux (DE/PZ),Akshan/Jack (BW/SH),0,1,0
Janna/Morgana (MT/PZ),Darius/Gnar (FR/NX),0,1,0
Lee Sin/Riven (IO/NX),Braum/Vladimir (FR/NX),0,1,0
Darius/LeBlanc (NX),Leona/Yasuo (IO/MT),0,1,0
Rumble/Sion (BC/NX),Darius/LeBlanc (NX),0,1,0
Darius/LeBlanc (NX),Maokai/Nautilus (BW/SI),0,1,0
Riven/Viktor (NX/PZ),Darius/LeBlanc (NX),0,1,0
Janna/Viktor (BC/PZ),Darius/LeBlanc (NX),0,1,0
Darius/LeBlanc (NX),Janna/Malphite (MT/PZ),0,1,0
Sett/Viktor (IO/PZ),Gnar/Renekton (FR/SH),0,1,0
Poppy (DE/FR),Gnar/Renekton (FR/SH),0,1,0
Braum/Lillia (FR/IO),Gnar/Renekton (FR/SH),0,1,0
Gnar/Renekton (FR/SH),Akshan/Lee Sin (IO/SH),0,1,0
Jack/Sett (BW/IO),Gnar/Renekton (FR/SH),0,1,0
Lillia/Sett (BC/IO),Lee Sin/Viktor (IO/PZ),0,1,0
Lillia/Sett (BC/IO),Lillia/Poppy (BC/IO),0,1,0
Gnar (FR/PZ),Taric/Udyr (FR/MT),0,1,0
Taric/Udyr (FR/MT),Senna/Veigar (BC/SI),0,1,0
Taric/Udyr (FR/MT),Jax/Ornn (FR/RU),0,1,0
Taric/Udyr (FR/MT),Aphelios/Viktor (MT/PZ),0,1,0
Jack/Sett (BW/IO),Akshan/Nidalee/Sivir (DE/SH),0,1,0
Aatrox/Kayn (RU/RU),Braum (FR/MT),0,1,0
Braum (FR/MT),Gnar/Nidalee (BC/SH),0,1,0
Kayle (BW/MT),Braum (FR/MT),0,1,0
Gnar/Rumble/Tristana (BC/FR),Championless (SI),0,1,0
Morgana/Udyr (FR/MT),Jax/Ornn (FR/RU),0,1,0
Championless (SI),Janna/Morgana (MT/PZ),0,1,0
Championless (SI),Braum/Lulu/Udyr (FR/IO),0,1,0
Tahm Kench/Udyr (BW/FR),Championless (SI),0,1,0
Gangplank/Sejuani (BW/FR),Jax/Ornn (FR/RU),0,1,0
Kalista (SI),Leona/Yasuo (IO/MT),0,1,0
Braum (FR/MT),LeBlanc/Sivir (NX/SH),0,1,0
Lillia/Sett (BC/IO),Ashe/Senna (FR/SI),0,1,0
Kayle (BC/MT),Leona/Yasuo (IO/MT),0,1,0
Braum/Lillia (FR/IO),Kayle (BC/MT),0,1,0
Jack/Sett (BW/IO),Kayle (BC/MT),0,1,0
Ashe (FR/PZ),Ashe/Caitlyn (FR/PZ),0,1,0
Shyvana (DE/MT),Riven/Viktor (NX/PZ),0,1,0
Championless (NX/SI),Kayle (BW/MT),0,1,0
Kayle (BW/MT),Morgana/Taric (DE/MT),0,1,0
Kalista/Sion (NX/SI),Aatrox/Kayn (RU/RU),0,1,0
Gnar/Renekton (FR/SH),Nasus/Thresh (SI/SH),0,1,0
LeBlanc/Leona (MT/NX),Jayce/Lux (DE/PZ),0,1,0
Neeko/Poppy (DE/RU),Akshan/Varus (SH/RU),0,1,0
Kayle/Lillia (IO/MT),Akshan/Varus (SH/RU),0,1,0
Jayce/Lux (DE/PZ),Kai'Sa/Sivir (FR/SH),0,1,0
Darius/LeBlanc (NX/SI),Jayce/Lux (DE/PZ),0,1,0
Kalista (SI),Kalista/Sion (NX/SI),0,1,0
Gwen (FR/SI),Championless (SI),0,1,0
Kalista (SI),Morgana/Shen (DE/IO),0,1,0
Aphelios/Viktor (MT/PZ),Braum/Janna (FR/PZ),0,1,0
Darius/LeBlanc (BW/NX),Taric (MT/PZ),0,1,0
Darius/LeBlanc (NX),Senna/Veigar (BC/SI),0,1,0
Braum/Udyr (FR/IO),Darius/LeBlanc (NX),0,1,0
Poppy/Taric (DE/MT),Darius/LeBlanc (NX),0,1,0
Lux/Udyr (DE/FR),Braum/Lillia (FR/IO),0,1,0
Garen/Tahm Kench (BW/DE),Illaoi/Swain (BW/NX),0,1,0
Nasus/Thresh (SI/SH),Braum/Lillia (FR/IO),0,1,0
Caitlyn/Swain (NX/PZ),Jayce/Lux (DE/PZ),0,1,0
Championless (BW/NX),Senna/Veigar (BC/SI),0,1,0
Braum/Janna (FR/PZ),Caitlyn/Swain (NX/PZ),0,1,0
Janna (BC/PZ),Braum/Lillia (FR/IO),0,1,0
Gangplank/Sejuani (BW/FR),Braum/Lillia (FR/IO),0,1,0
Lee Sin/Viktor (IO/PZ),Leona/Yasuo (IO/MT),0,1,0
Kai'Sa/Viktor (PZ/SH),Lee Sin/Viktor (IO/PZ),0,1,0
Kai'Sa/Viktor (PZ/SH),Jayce/Lux (DE/PZ),0,1,0
Janna/Lee Sin (IO/PZ),Udyr (FR/IO),0,1,0
Kayle/Poppy (BC/MT),Udyr (FR/IO),0,1,0
Braum (FR/MT),Braum/Udyr (FR/IO),0,1,0
Udyr (FR/IO),Jayce/Lux (DE/PZ),0,1,0
Ornn/Sejuani (FR/IO),Gnar/Neeko (FR/RU),0,1,0
Neeko/Poppy (DE/RU),Ornn/Sejuani (FR/IO),0,1,0
Udyr (FR/IO),Ashe/LeBlanc (FR/NX),0,1,0
Caitlyn/Swain (NX/PZ),Senna (PZ/SI),0,1,0
Caitlyn/Swain (NX/PZ),Nasus/Renekton (SH),0,1,0
Gangplank/Sejuani (BW/FR),Braum (FR/MT),0,1,0
Darius/Gnar (FR/NX),Galio/Morgana (DE/FR),0,1,0
Gwen/LeBlanc (NX/SI),Lillia/Sett (BC/IO),0,1,0
Lillia/Sett (BC/IO),Gangplank/Swain (BW/NX),0,1,0
Shyvana (DE/MT),Lillia/Sett (BC/IO),0,1,0
Morgana/Udyr (DE/FR),Shyvana (DE/MT),0,1,0
Shyvana (DE/MT),Akshan/Varus (SH/RU),0,1,0
Senna/Veigar (BC/SI),Shyvana (DE/MT),0,1,0
Nasus/Thresh (SI/SH),Garen/Kayle/Shyvana (DE/MT),0,1,0
Jack/Sett (BW/IO),Garen/Kayle/Shyvana (DE/MT),0,1,0
Leona/Yasuo (IO/MT),Kayle/Shyvana (DE/MT),0,1,0
Morgana (DE/MT),Viktor (BC/PZ),0,1,0
Aphelios/Lux (DE/MT),Leona/Sett (IO/MT),0,1,0
Udyr (FR/IO),Shyvana (DE/MT),0,1,0
Kayle/Shyvana (DE/MT),Akshan/Varus (SH/RU),0,1,0
Gnar/Neeko (FR/RU),Akshan/Varus (SH/RU),0,1,0
Garen/Kayle/Shyvana (DE/MT),Lee Sin/Viktor (IO/PZ),0,1,0
Kayn/Ornn (FR/RU),Maokai/Nautilus (BW/SI),0,1,0
Aatrox/Kayn (RU/RU),Aatrox/Morgana/Vayne (RU/DE),0,1,0
Senna (PZ/SI),Kayle/Shyvana (DE/MT),0,1,0
Shyvana (DE/MT),Senna (PZ/SI),0,1,0
Ryze (IO/RU),Morgana/Riven (MT/NX),0,1,0
Braum/Lillia (FR/IO),Kayle/Shyvana (DE/MT),0,1,0
Braum/Sett (FR/IO),Morgana/Riven (MT/NX),0,1,0
Shen/Sivir (IO/SH),Shyvana (DE/MT),0,1,0
Ashe/LeBlanc (FR/NX),Shyvana (DE/MT),0,1,0
Shyvana (DE/MT),Janna/Morgana (MT/PZ),0,1,0
Senna/Veigar (PZ/SI),Morgana/Riven (MT/NX),0,1,0
Taric/Udyr (FR/MT),Kayle/Shyvana (DE/MT),0,1,0
Garen/Shen (DE/IO),Senna/Veigar (PZ/SI),0,1,0
Akshan/Lee Sin (IO/SH),Garen/Shen (DE/IO),0,1,0
Viktor (BC/PZ),Akshan/Lee Sin (IO/SH),0,1,0
Viktor (BC/PZ),Caitlyn/Swain (NX/PZ),0,1,0
Maokai (BW/SI),Garen/Kayle/Shyvana (DE/MT),0,1,0
Caitlyn/Swain (NX/PZ),Garen/Kayle/Shyvana (DE/MT),0,1,0
Morgana (DE/MT),Caitlyn/Swain (NX/PZ),0,1,0
Nasus/Senna (SI/SH),Caitlyn/Swain (NX/PZ),0,1,0
Caitlyn (FR/PZ),Maokai/Nautilus (BW/SI),0,1,0
Maokai/Nautilus (BW/SI),Garen/Kayle/Shyvana (DE/MT),0,1,0
Maokai/Nautilus (BW/SI),Garen (DE/SH),0,1,0
Garen/Kayle/Shyvana (DE/MT),Aatrox/Kayn (RU/RU),0,1,0
Lee Sin/Riven (IO/NX),Garen/Kayle/Shyvana (DE/MT),0,1,0
Garen/Kayle/Shyvana (DE/MT),Garen/Shen (DE/IO),0,1,0
Garen/Kayle/Shyvana (DE/MT),LeBlanc/Rumble (BC/NX),0,1,0
Garen/Kayle/Shyvana (DE/MT),Janna/Viktor (BW/PZ),0,1,0
Garen/Kayle/Shyvana (DE/MT),Aphelios/Viktor (MT/PZ),0,1,0
Braum (FR/MT),Ashe (FR/PZ),0,1,0
Senna/Veigar (PZ/SI),Championless (PZ/SI),0,1,0
Ashe/Nasus (FR/SH),Garen (DE/SH),0,1,0
Garen (DE/SH),Garen/Shen (DE/IO),0,1,0
Garen (DE/SH),Neeko/Poppy (DE/RU),0,1,0
Garen (DE/SH),Senna/Veigar (BC/SI),0,1,0
Leona/Riven (MT/NX),Senna/Veigar (PZ/SI),0,1,0
Rumble/Vayne (DE/NX),Akshan/Morgana (MT/SH),0,1,0
Caitlyn/Swain (NX/PZ),Morgana/Riven (MT/NX),0,1,0
Ashe (FR/SI),Morgana/Riven (MT/NX),0,1,0
Leona/Yasuo (IO/MT),Senna/Veigar (PZ/SI),0,1,0
Morgana/Viktor (MT/PZ),Akshan/Varus (SH/RU),0,1,0
Akshan/Varus (SH/RU),Braum (FR/MT),0,1,0
Kai'Sa/Viktor (PZ/SH),Ashe (FR/PZ),0,1,0
Senna/Veigar (BC/SI),Kai'Sa/Viktor (PZ/SH),0,1,0
Poppy/Riven (BC/NX),Viktor (BC/PZ),0,1,0
Ashe (BW/FR),Championless (SI),0,1,0
Janna/Senna (PZ/SI),Rumble/Sion (BC/NX),0,1,0
Poppy/Taric (DE/MT),Jayce/Lux (DE/PZ),0,1,0
Morgana/Udyr (DE/FR),Garen/Kayle/Shyvana (DE/MT),0,1,0
Varus/Viktor (PZ/RU),Ashe (FR/PZ),0,1,0
Ashe (FR/PZ),Janna/Senna (PZ/SI),0,1,0
Garen/Kayle/Shyvana (DE/MT),Rumble/Vayne (DE/NX),0,1,0
Garen (DE/SH),Janna/Sett (IO/PZ),0,1,0
Garen (DE/SH),Ashe/LeBlanc (FR/NX),0,1,0
Ashe/LeBlanc (FR/NX),Varus/Viktor (PZ/RU),0,1,0
Varus/Viktor (PZ/RU),Ashe/Braum/Udyr (FR/NX),0,1,0
Senna/Veigar (PZ/SI),Galio/Udyr (DE/FR),0,1,0
Viktor (BC/PZ),Darius/Gnar (FR/NX),0,1,0
Maokai/Nautilus (BW/SI),Viktor (BC/PZ),0,1,0
Viktor (BC/PZ),Ashe (FR/PZ),0,1,0
Gnar/Swain (BC/NX),Ashe (FR/PZ),0,1,0
Braum/Swain/Vladimir (FR/NX),Ashe/LeBlanc (FR/NX),0,1,0
Sett (IO/PZ),Illaoi/Swain (BW/NX),0,1,0
Lulu/Poppy (DE/IO),Sett (IO/PZ),0,1,0
Akshan/Shyvana (DE/SH),Kayle (BW/MT),0,1,0
Akshan/Varus (SH/RU),Kai'Sa/Sivir (DE/SH),0,1,0
Illaoi/Swain (BW/NX),Kai'Sa/Sivir (FR/SH),0,1,0
Ashe (FR/PZ),Janna/Morgana (MT/PZ),0,1,0
Taric/Udyr (FR/MT),Ashe (FR/PZ),0,1,0
Shyvana (DE/FR),Ashe (FR/PZ),0,1,0
Nasus (SI/SH),Jack/Swain (BW/NX),0,1,0
Gnar/Neeko (FR/RU),Varus/Viktor (PZ/RU),0,1,0
Nasus (SI/SH),Kayle (BW/MT),0,1,0
LeBlanc (FR/NX),Poppy/Riven (BC/NX),0,1,0
Senna (PZ/SI),Varus/Viktor (PZ/RU),0,1,0
Akshan/Riven (NX/SH),Rumble/Sion (BC/NX),0,1,0
Akshan/Riven (NX/SH),Senna/Veigar (PZ/SI),0,1,0
Braum/Gnar (FR/IO),Caitlyn/Swain (NX/PZ),0,1,0
Caitlyn/Swain (NX/PZ),Ashe/LeBlanc (FR/NX),0,1,0
Maokai/Nautilus (BW/SI),Caitlyn/Swain (NX/PZ),0,1,0
Rumble/Vayne (DE/NX),Galio/Udyr (DE/FR),0,1,0
Lillia/Morgana (IO/MT),Akshan/Lee Sin (IO/SH),0,1,0
Akshan/Viktor (PZ/SH),Jayce/Lux (DE/PZ),0,1,0
Akshan/Lee Sin (IO/SH),Akshan/Viktor (PZ/SH),0,1,0
Kai'Sa/Viktor (PZ/SH),Kayle (BW/MT),0,1,0
Lillia/Sett (BC/IO),Poppy/Riven (BC/NX),0,1,0
Lillia/Sett (BC/IO),Janna/Sett (IO/PZ),0,1,0
Lillia/Sett (BC/IO),Championless (PZ/SI),0,1,0
Lillia/Sett (BC/IO),Illaoi/Kalista (BW/SI),0,1,0
Lillia/Sett (BC/IO),Gnar (BC/NX),0,1,0
Viktor (BC/PZ),Championless (SI),0,1,0
Gnar/Swain (BC/NX),Gwen/LeBlanc (NX/SI),0,1,0
Championless (SI),Leona/Sett (IO/MT),0,1,0
Shyvana (DE/MT),Gnar/Renekton (FR/SH),0,1,0
Taric/Udyr (FR/MT),Gnar/Nidalee (BC/SH),0,1,0
Gnar/Swain (BC/NX),LeBlanc/Sivir (NX/SH),0,1,0
Gwen/Lillia (IO/SI),Aatrox/Kayn (RU/RU),0,1,0
Gwen/LeBlanc (NX/SI),Jack/Swain (BW/NX),0,1,0
Morgana/Riven (MT/NX),Ashe/LeBlanc (FR/NX),0,1,0
Kai'Sa/Sivir (FR/SH),Kai'Sa/Sivir (DE/SH),0,1,0
Kayle/Leona (MT/NX),Ashe (FR/PZ),0,1,0
Akshan/Nidalee/Sivir (DE/SH),Gnar/Nidalee (BC/SH),0,1,0
Shyvana (DE/MT),Jack/Swain (BW/NX),0,1,0
Nasus (SI/SH),Janna/Vi/Viktor (BC/PZ),0,1,0
Jax/Ornn (FR/RU),Akshan/Nasus/Renekton (SH),0,1,0
Kai'Sa/Sivir (FR/SH),Kayle (BW/MT),0,1,0
Lillia/Veigar (BC/IO),Neeko/Tristana (BC/RU),0,1,0
Neeko/Tristana (BC/RU),Poppy/Riven (BC/NX),0,1,0
Viktor (BC/PZ),Darius (NX/PZ),0,1,0
Gwen (FR/SI),Darius/Gnar (FR/NX),0,1,0
Gwen/LeBlanc (NX/SI),Janna/Sett (IO/PZ),0,1,0
Shyvana (DE/MT),Kayle (BW/MT),0,1,0
Gnar/Neeko (FR/RU),Poppy/Riven (BC/NX),0,1,0
Galio/Poppy (BC/DE),Poppy/Riven (BC/NX),0,1,0
Jax/Vayne (DE/RU),Poppy/Riven (BC/NX),0,1,0
Poppy/Riven (BC/NX),Nasus/Thresh (SI/SH),0,1,0
Darius/Gnar/Sejuani (FR/NX),Lillia/Veigar (BC/IO),0,1,0
Caitlyn/Swain (NX/PZ),Janna/Sett (IO/PZ),0,1,0
Illaoi/Swain (BW/NX),Kayle/Leona (MT/NX),0,1,0
Kayle/Leona (MT/NX),Akshan/Kayn (RU/SH),0,1,0
Illaoi (BW/SI),Morgana/Riven (MT/NX),0,1,0
Nidalee (BC/SH),Varus/Viktor (PZ/RU),0,1,0
Poppy/Taric (DE/MT),Varus/Viktor (PZ/RU),0,1,0
Championless (FR/SI),Championless (SI),0,1,0
Darius (BW/NX),Braum/Lillia (FR/IO),0,1,0
Lillia/Sett (BC/IO),Akshan/Lee Sin (IO/SH),0,1,0
Akshan/Ornn (FR/SH),Darius/Gnar (FR/NX),0,1,0
Viktor (MT/PZ),LeBlanc/Sivir (NX/SH),0,1,0
Darius (NX/PZ),Akshan/Kayn (RU/SH),0,1,0
Darius/Gnar (FR/NX),Braum/Gnar (BC/FR),0,1,0
Akshan/Jax (RU/SH),Championless (SI),0,1,0
Kayle (BW/MT),Kai'Sa/Sivir (DE/SH),0,1,0
Riven (NX/PZ),Lillia/Sett (BC/IO),0,1,0
Darius (NX/PZ),Gnar/Nidalee (BC/SH),0,1,0
Braum/Lillia (FR/IO),Garen/Neeko (DE/RU),0,1,0
Janna/Sett (IO/PZ),Janna/Malphite (MT/PZ),0,1,0
Championless (IO/SI),Kayle (BW/MT),0,1,0
Championless (FR/SI),Kayle (BW/MT),0,1,0
Neeko/Tristana (BC/RU),Maokai/Nautilus (BW/SI),0,1,0
Championpile (FR/SH),Nidalee (BC/SH),0,1,0
Shyvana (DE/MT),Ashe (FR/PZ),0,1,0
Ashe/LeBlanc (FR/NX),Ashe/Nasus (FR/SH),0,1,0
Championless (SI),Renekton/Sejuani (FR/SH),0,1,0
Championless (PZ/SI),Riven/Taric (MT/NX),0,1,0
Ashe/Caitlyn (FR/PZ),Lulu/Taric (IO/MT),0,1,0
Kayle/Lillia (IO/MT),Jack/Swain (BW/NX),0,1,0
Ashe/Nasus (FR/SH),Neeko/Tristana (BC/RU),0,1,0
Akshan/Nasus/Renekton (SH),Janna/Sett (IO/PZ),0,1,0
Akshan/Riven (NX/SH),Akshan/Nasus/Renekton (SH),0,1,0
Sivir/Udyr (FR/SH),Akshan/Nasus/Renekton (SH),0,1,0
Janna/Sett (IO/PZ),Shyvana (DE/MT),0,1,0
Poppy/Riven (BC/NX),Akshan/Riven (NX/SH),0,1,0
Tahm Kench/Udyr (BW/FR),Nidalee (BC/SH),0,1,0
Jack/Swain (BW/NX),Ashe (FR/PZ),0,1,0
Gwen/Kalista (DE/SI),Championless (SI),0,1,0
Aphelios/Janna (MT/PZ),Championless (SI),0,1,0
Senna/Veigar (BC/SI),Akshan/Morgana (MT/SH),0,1,0
Sett (BC/IO),Rumble/Sion (BC/NX),0,1,0
Championless (PZ/SI),Janna/Sett (IO/PZ),0,1,0
Braum/Morgana (DE/FR),Akshan/Lee Sin (IO/SH),0,1,0
Garen/Shen (DE/IO),Championless (SI),0,1,0
Braum/Morgana (DE/FR),Ashe/LeBlanc (FR/NX),0,1,0
Lillia/Udyr (FR/IO),Braum/Morgana (DE/FR),0,1,0
Janna/Viktor (BC/PZ),Senna/Veigar (BC/SI),0,1,0
Swain/Yasuo (IO/NX),Akshan/Lee Sin (IO/SH),0,1,0
Swain/Yasuo (IO/NX),Lillia/Morgana (IO/MT),0,1,0
Sejuani/Vladimir (FR/NX),Jack/Sett (BW/IO),0,1,0
Nidalee/Sivir (BC/SH),Sejuani/Vladimir (FR/NX),0,1,0
Jack/Swain (BW/NX),Braum (FR/MT),0,1,0
Jack/Swain (BW/NX),Janna/Sett (IO/PZ),0,1,0
Jack/Swain (BW/NX),Championless (SI),0,1,0
Jack/Swain (BW/NX),Jax/Ornn (FR/RU),0,1,0
Janna/Sett (IO/PZ),Gangplank/Sejuani (BW/FR),0,1,0
Morgana (DE/MT),Janna/Sett (IO/PZ),0,1,0
Morgana (DE/MT),Lee Sin/Viktor (IO/PZ),0,1,0
Morgana (DE/FR),LeBlanc/Sivir (NX/SH),0,1,0
Ashe (FR/PZ),Braum/Morgana (DE/FR),0,1,0
Garen/Kayle/Shyvana (DE/MT),Ashe (FR/PZ),0,1,0
Senna/Veigar (BC/SI),Garen/Kayle/Shyvana (DE/MT),0,1,0
Rumble/Viktor (BC/PZ),Senna/Veigar (BC/SI),0,1,0
Aphelios/Janna (MT/PZ),Senna/Veigar (BC/SI),0,1,0
Jack/Lillia (BW/IO),Riven/Viktor (NX/PZ),0,1,0
Galio/Udyr (DE/FR),Morgana/Senna (MT/SI),0,1,0
Kayle (BW/MT),Garen/Shen (DE/IO),0,1,0
Gnar (BC/NX),Championless (SI),0,1,0
Gnar (BC/NX),Kayle (BW/MT),0,1,0
Kalista (SI),Akshan/Nidalee/Sivir (DE/SH),0,1,0
Ornn/Udyr (FR/IO),Ashe (FR/PZ),0,1,0
Leona/Sett (IO/MT),Janna/Sett (IO/PZ),0,1,0
Leona/Sett (IO/MT),Aatrox/Kayn (RU/RU),0,1,0
Gangplank/Swain (BW/NX),Darius/Gnar (FR/NX),0,1,0
Maokai (PZ/SI),Ashe (FR/PZ),0,1,0
Illaoi (BW/IO),Ashe/LeBlanc (FR/NX),0,1,0
Tristana (BC/FR),Senna/Veigar (BC/SI),0,1,0
Sion/Thresh (NX/SI),Kayle (BW/MT),0,1,0
Senna/Veigar (BC/SI),Senna/Veigar (NX/SI),0,1,0
Poppy/Taric (DE/MT),Garen/Neeko (DE/RU),0,1,0
Janna/Lee Sin (IO/PZ),Galio/Udyr (DE/FR),0,1,0
Darius/Gnar (FR/NX),Galio/Udyr (DE/FR),0,1,0
Galio/Udyr (DE/FR),Kalista (SI),0,1,0
Janna/Viktor (BC/PZ),Kayle (BW/MT),0,1,0
Garen (DE/SH),Janna/Lee Sin (IO/PZ),0,1,0
Kalista (SI),Maokai/Nautilus (BW/SI),0,1,0
Gwen (FR/SI),Senna/Veigar (PZ/SI),0,1,0
Janna/Morgana (MT/PZ),Akshan/Lee Sin (IO/SH),0,1,0
Kayle/Lillia (IO/MT),Sejuani/Swain (FR/NX),0,1,0
Janna/Viktor (IO/PZ),Sett/Udyr (FR/IO),0,1,0
Ornn/Udyr (FR),Maokai (PZ/SI),0,1,0
Gwen/LeBlanc (NX/SI),Ornn/Udyr (FR),0,1,0
Garen/Poppy (DE/MT),Shyvana (DE/MT),0,1,0
Aatrox/Kayn (RU/RU),Shyvana (DE/MT),0,1,0
Garen/Poppy (DE/MT),Championless (SI),0,1,0
Illaoi/Swain (BW/NX),Ashe (FR/PZ),0,1,0
Ashe (FR/PZ),Kalista/Maokai (BW/SI),0,1,0
Janna/Sett (IO/PZ),Neeko/Poppy (DE/RU),0,1,0
Akshan/Kayn (RU/SH),Darius/Gnar (FR/NX),0,1,0
Taric (MT/PZ),Senna/Veigar (BC/SI),0,1,0
Braum/Lillia (FR/IO),Nidalee (PZ/SH),0,1,0
Janna/Sett (IO/PZ),Galio/Morgana (DE/FR),0,1,0
Janna/Viktor (BC/PZ),Shyvana (DE/MT),0,1,0
Janna/Viktor (BC/PZ),Darius/Gnar (FR/NX),0,1,0
Sejuani/Swain (FR/NX),Janna/Sett (IO/PZ),0,1,0
Sejuani/Swain (FR/NX),Galio/Garen (DE/FR),0,1,0
Sejuani/Swain (FR/NX),LeBlanc/Sivir (NX/SH),0,1,0
Darius (BC/NX),Sejuani/Swain (FR/NX),0,1,0
Ashe/Sejuani (FR/NX),Udyr (FR/IO),0,1,0
Ornn/Udyr (FR/IO),Shen/Taric (IO/MT),0,1,0
Championless (SI),Ornn/Udyr (FR/IO),0,1,0
Sett/Udyr (FR/IO),Darius/Gnar (FR/NX),0,1,0
Nasus/Renekton (SH),Sett/Udyr (FR/IO),0,1,0
Gangplank/Swain (BW/NX),Braum/Lillia (FR/IO),0,1,0
Braum/Lillia (FR/IO),Braum/Swain (FR/NX),0,1,0
Gnar/Morgana (BC/MT),Shyvana (DE/MT),0,1,0
Aphelios/Lux (DE/MT),Lillia/Veigar (BC/IO),0,1,0
Lulu/Poppy (DE/IO),Aphelios/Viktor (MT/PZ),0,1,0
Swain/Vladimir (FR/NX),Kalista/Sion (NX/SI),0,1,0
Swain/Vladimir (FR/NX),Neeko/Poppy (DE/RU),0,1,0
Kayle (BW/MT),Swain/Vladimir (FR/NX),0,1,0
Kayle/Lillia (IO/MT),Kayle (BW/MT),0,1,0
Akshan/Aphelios (MT/SH),Championless (SI),0,1,0
Braum/Swain (FR/NX),Championless (SI),0,1,0
Nidalee (PZ/SH),Jayce/Lux (DE/PZ),0,1,0
Jack/Lillia (BW/IO),Rumble/Sion (BC/NX),0,1,0
Udyr (FR/IO),Nidalee (BC/SH),0,1,0
Aatrox (RU/BW),Darius/Gnar (FR/NX),0,1,0
Braum/Sejuani/Udyr (FR/PZ),Darius/Gnar (FR/NX),0,1,0
Gnar/Swain (BC/NX),Senna/Veigar (PZ/SI),0,1,0
Ashe (FR/PZ),Gwen/LeBlanc (NX/SI),0,1,0
Lulu/Shen (IO/MT),Championless (MT/SI),0,1,0
Morgana/Udyr (DE/FR),Championless (MT/SI),0,1,0
Aatrox (RU/BW),Senna/Veigar (PZ/SI),0,1,0
Janna/Sett (IO/PZ),Morgana/Viktor (MT/PZ),0,1,0
Lillia/Sett (BC/IO),Galio/Udyr (DE/FR),0,1,0
Championless (BW/NX),Galio/Udyr (DE/FR),0,1,0
Braum/Kai'Sa (FR/SH),Darius/Gnar (FR/NX),0,1,0
Braum/Udyr/Vladimir (FR/NX),Morgana/Viktor (MT/PZ),0,1,0
Illaoi (BW/MT),Braum/Udyr/Vladimir (FR/NX),0,1,0
Aatrox (RU/BW),Rumble/Vayne (DE/NX),0,1,0
Ashe/Udyr (DE/FR),Rumble/Vayne (DE/NX),0,1,0
LeBlanc (FR/NX),Ashe/LeBlanc (FR/NX),0,1,0
Akshan/Udyr (FR/SH),Neeko/Renekton (RU/SH),0,1,0
Championless (MT/SI),Varus/Viktor (PZ/RU),0,1,0
Lillia/Morgana (IO/MT),Akshan/Varus (SH/RU),0,1,0
Akshan/Nidalee/Sivir (DE/SH),Nasus (SI/SH),0,1,0
Championless (MT/SI),Championless (PZ/SI),0,1,0
Championless (MT/SI),Nidalee (BC/SH),0,1,0
Gwen/LeBlanc (NX/SI),Rumble/Sion (BC/NX),0,1,0
Caitlyn (FR/PZ),Rumble/Sion (BC/NX),0,1,0
Rumble/Vayne (DE/NX),Akshan/Varus (SH/RU),0,1,0
Malphite/Yasuo (IO/MT),Akshan/Varus (SH/RU),0,1,0
Ashe/Shyvana (DE/FR),Morgana/Viktor (MT/PZ),0,1,0
Riven/Viktor (NX/PZ),Poppy/Taric (DE/MT),0,1,0
Nidalee (BC/SH),Akshan/Nasus/Renekton (SH),0,1,0
Senna/Veigar (PZ/SI),Varus/Viktor (PZ/RU),0,1,0
LeBlanc/Sion (BC/NX),Galio/Udyr (DE/FR),0,1,0
Gwen/Kayle (MT/SI),Senna/Veigar (PZ/SI),0,1,0
Championless (SI),Akshan/Nasus/Renekton (SH),0,1,0
Varus (BC/RU),Darius/Gnar (FR/NX),0,1,0
Udyr/Vladimir (FR/NX),Darius/Gnar (FR/NX),0,1,0
Darius/Gnar (FR/NX),Malphite/Yasuo (IO/MT),0,1,0
Aphelios/Yasuo (IO/MT),Jayce/Lux (DE/PZ),0,1,0
Morgana/Vayne (DE/NX),Ashe/LeBlanc (FR/NX),0,1,0
Morgana/Vayne (DE/NX),Akshan/Nasus/Renekton (SH),0,1,0
Varus/Viktor (PZ/RU),Gnar/Sejuani (BC/FR),0,1,0
Morgana/Poppy (BC/MT),Ashe/LeBlanc (FR/NX),0,1,0
Neeko/Renekton (RU/SH),Darius/Illaoi (BW/NX),0,1,0
Nidalee (BC/SH),LeBlanc/Rumble (BC/NX),0,1,0
Neeko/Renekton (RU/SH),Kalista (SI),0,1,0
LeBlanc/Sivir (NX/SH),Neeko/Renekton (RU/SH),0,1,0
Gnar (BC/MT),Ashe/LeBlanc (FR/NX),0,1,0
Ashe (FR/PZ),Lillia/Sett (BC/IO),0,1,0
Aphelios/Viktor (MT/PZ),LeBlanc/Sivir (NX/SH),0,1,0
Tahm Kench/Udyr (BW/FR),Gnar/Renekton (FR/SH),0,1,0
Gnar/Renekton (FR/SH),Galio/Udyr (DE/FR),0,1,0
Riven/Viktor (NX/PZ),Janna/Varus (PZ/RU),0,1,0
Riven/Viktor (NX/PZ),Gnar/Renekton (FR/SH),0,1,0
Riven/Viktor (NX/PZ),Senna/Veigar (PZ/SI),0,1,0
LeBlanc/Sivir (NX/SH),Nidalee (BC/SH),0,1,0
Kai'Sa/Viktor (PZ/SH),Senna/Veigar (PZ/SI),0,1,0
Senna/Veigar (PZ/SI),Tahm Kench/Udyr (BW/FR),0,1,0
Championless (SI),Lillia/Sett (IO/PZ),0,1,0
LeBlanc/Sivir (NX/SH),Senna/Veigar (PZ/SI),0,1,0
Caitlyn (FR/PZ),Ashe (FR/PZ),0,1,0
Ashe/LeBlanc (FR/NX),Gwen/LeBlanc (NX/SI),0,1,0
Kayle (BW/MT),Lee Sin/Riven (IO/NX),0,1,0
Kayle/Shen (IO/MT),Ashe (FR/PZ),0,1,0
Jayce/Lux (DE/PZ),Caitlyn (FR/PZ),0,1,0
Janna/Varus (PZ/RU),Galio/Morgana (DE/FR),0,1,0
Maokai/Nautilus (BW/SI),Janna/Varus (PZ/RU),0,1,0
Rumble/Sion (BC/NX),Janna/Varus (PZ/RU),0,1,0
Janna/Varus (PZ/RU),Jax/Sivir (RU/SH),0,1,0
Jayce/Lux (DE/PZ),Lee Sin/Riven (IO/NX),0,1,0
Ashe/Morgana (FR/MT),Jayce/Lux (DE/PZ),0,1,0
Gwen/LeBlanc (NX/SI),Jayce/Lux (DE/PZ),0,1,0
Kalista (SI),Varus/Viktor (PZ/RU),0,1,0
Akshan/Nidalee (BC/SH),Varus/Viktor (PZ/RU),0,1,0
Gwen/Kayn (RU/SI),Akshan/Varus (SH/RU),0,1,0
Maokai (BW/SI),Kalista (SI),0,1,0
Senna (PZ/SI),Kalista (SI),0,1,0
Jayce/Lux (DE/PZ),Swain/Yasuo (IO/NX),0,1,0
Lillia/Udyr (FR/IO),Rumble/Sion (BC/NX),0,1,0
Udyr (FR/IO),Gangplank/Sejuani (BW/FR),0,1,0
Riven/Viktor (NX/PZ),Udyr (FR/IO),0,1,0
Ashe/Janna (FR/PZ),Nasus (SI/SH),0,1,0
Kai'Sa/Sivir (FR/SH),Gangplank/Sejuani (BW/FR),0,1,0
Kai'Sa/Sivir (FR/SH),Vayne/Vi (DE/PZ),0,1,0
Lulu/Poppy (DE/IO),Akshan/Varus (SH/RU),0,1,0
Nasus/Thresh (SI/SH),Neeko/Renekton (RU/SH),0,1,0
Janna/Varus (PZ/RU),Kayle (BW/MT),0,1,0
Ashe/LeBlanc (FR/NX),Janna/Varus (PZ/RU),0,1,0
Janna/Varus (PZ/RU),Gwen/Riven (NX/SI),0,1,0
Gnar/Swain (BC/NX),Poppy/Riven (BC/NX),0,1,0
Rumble/Sion (BC/NX),Poppy/Riven (BC/NX),0,1,0
Lux/Udyr (DE/FR),Championless (SI),0,1,0
Garen/Neeko (DE/RU),Jax/Ornn (FR/RU),0,1,0
LeBlanc (FR/NX),Garen/Neeko (DE/RU),0,1,0
Garen/Neeko (DE/RU),Swain/Yasuo (IO/NX),0,1,0
Nidalee (BC/SH),Garen/Neeko (DE/RU),0,1,0
Ornn/Varus (FR/RU),Darius/Gnar (FR/NX),0,1,0
Darius/Gnar (FR/NX),Aatrox/Nasus (RU/SH),0,1,0
Darius/Sion (NX/SI),Darius/Gnar (FR/NX),0,1,0
Gwen/Kayn (RU/SI),Akshan/Nidalee (BC/SH),0,1,0
Rumble/Sion (BC/NX),Akshan/Nidalee (BC/SH),0,1,0
Akshan/Nidalee (BC/SH),Akshan/Nasus/Renekton (SH),0,1,0
Championless (FR/SI),Jayce/Lux (DE/PZ),0,1,0
Tahm Kench/Vladimir (BW/NX),Darius (NX/PZ),0,1,0
Senna (PZ/SI),Jax/Ornn (FR/RU),0,1,0
Kayle (BW/MT),Aatrox/Nasus (RU/SH),0,1,0
Kayle (BW/MT),Neeko/Poppy (DE/RU),0,1,0
Akshan/Nasus/Renekton (SH),Aatrox/Kayn (RU/RU),0,1,0
Ashe/LeBlanc (FR/NX),Kayle/Lillia (IO/MT),0,1,0
Akshan/Braum (FR/SH),Ashe/LeBlanc (FR/NX),0,1,0
Jax/Tristana (BC/RU),Ashe/LeBlanc (FR/NX),0,1,0
Gwen/Riven (NX/SI),Rumble/Sion (BC/NX),0,1,0
Morgana/Riven (MT/NX),Akshan/Nasus/Renekton (SH),0,1,0
Illaoi/Swain (BW/NX),Akshan/Nasus/Renekton (SH),0,1,0
Senna (PZ/SI),Rumble/Sion (BC/NX),0,1,0
Braum/Udyr (FR/IO),Gwen/Kayn (RU/SI),0,1,0
Ornn/Vayne (DE/FR),Ashe (FR/PZ),0,1,0
Janna/Senna (PZ/SI),Ashe/LeBlanc (FR/NX),0,1,0
Rumble/Vayne (DE/NX),Akshan/Nidalee/Sivir (DE/SH),0,1,0
Akshan/Nidalee/Sivir (DE/SH),Nidalee (BC/SH),0,1,0
Janna (PZ/SI),Garen/Neeko (DE/RU),0,1,0
Akshan/Morgana (MT/SH),Jax/Ornn (FR/RU),0,1,0
Jayce/Lux (DE/PZ),Akshan/Nidalee (BC/SH),0,1,0
Kalista (SI),Akshan/Nidalee (BC/SH),0,1,0
Gwen/Kayn (RU/SI),Championless (SI),0,1,0
Lee Sin/Riven (IO/NX),Gwen/Vayne (DE/SI),0,1,0
Gnar (BC/NX),Ashe/Caitlyn (FR/PZ),0,1,0
Gwen/Vayne (DE/SI),Gnar (BC/NX),0,1,0
Ashe/LeBlanc (FR/NX),Gnar (BC/NX),0,1,0
Tahm Kench/Taric (BW/MT),Jayce/Lux (DE/PZ),0,1,0
Braum/Vladimir (FR/NX),Ashe (FR/NX),0,1,0
Maokai (BW/SI),Darius/Gnar (FR/NX),0,1,0
Championless (SI),Jack/Lillia (BW/IO),0,1,0
Senna/Veigar (BC/SI),Akshan/Taric (MT/SH),0,1,0
Nasus/Senna (SI/SH),Senna (PZ/SI),0,1,0
Nasus/Senna (SI/SH),Jack/Swain (BW/NX),0,1,0
Rumble/Sion (BC/NX),Kalista (SI),0,1,0
Galio/Garen (DE/FR),Rumble/Sion (BC/NX),0,1,0
Kayle (BW/MT),Viktor (BC/PZ),0,1,0
Janna/Sett (IO/PZ),Darius (NX/PZ),0,1,0
Janna/Sett (IO/PZ),Ashe/Nasus (FR/SH),0,1,0
Nautilus (BW/SI),Gnar/Nidalee (BC/SH),0,1,0
Lillia/Sett (IO/PZ),Jax/Ornn (FR/RU),0,1,0
Jax/Ornn (FR/RU),Akshan/Nidalee/Sivir (DE/SH),0,1,0
Janna/Lee Sin (IO/PZ),Nasus/Senna (SI/SH),0,1,0
Darius/Gnar (FR/NX),Nasus/Senna (SI/SH),0,1,0
Nasus/Senna (SI/SH),LeBlanc/Sivir (NX/SH),0,1,0
Jayce (PZ/SI),Lillia/Sett (IO/PZ),0,1,0
Lillia/Sett (IO/PZ),Kayle (BW/MT),0,1,0
Viktor (BC/PZ),Jayce/Lux (DE/PZ),0,1,0
Sion (NX/SI),Lee Sin/Riven (IO/NX),0,1,0
Riven/Vayne (DE/NX),Ashe/Nasus (FR/SH),0,1,0
Janna/Lillia/Viktor (IO/PZ),Viktor (MT/PZ),0,1,0
Lulu/Taric (IO/MT),Garen (DE/SH),0,1,0
LeBlanc/Sivir (NX/SH),Braum/Udyr (FR/IO),0,1,0
Viktor (BC/PZ),Galio/Udyr (DE/FR),0,1,0
Akshan/Nasus/Renekton (SH),Ashe/LeBlanc (FR/NX),0,1,0
Akshan/Viktor (PZ/SH),Ashe/LeBlanc (FR/NX),0,1,0
Kalista (SI),Championless (IO/SI),0,1,0
Ashe/Janna (FR/PZ),Kayle (BW/MT),0,1,0
Akshan/Nasus/Renekton (SH),Kayle/Shyvana (DE/MT),0,1,0
Garen (DE/SH),Akshan/Nasus/Renekton (SH),0,1,0
Ashe/Caitlyn (FR/PZ),Jayce (PZ/SI),0,1,0
Gnar/Swain (BC/NX),Ashe/Caitlyn (FR/PZ),0,1,0
Ashe/LeBlanc (FR/NX),Ashe/Caitlyn (FR/PZ),0,1,0
Nasus/Senna (SI/SH),Lillia/Viktor (IO/PZ),0,1,0
Riven/Viktor (NX/PZ),LeBlanc/Sivir (NX/SH),0,1,0
Rumble/Vayne (DE/NX),LeBlanc/Sivir (NX/SH),0,1,0
Braum/Lillia (FR/IO),Nasus (SI/SH),0,1,0
Jayce/Lux (DE/PZ),Nasus (SI/SH),0,1,0
Kayle/Lillia (IO/MT),Aatrox/Kayn (RU/RU),0,1,0
Akshan/Varus (SH/RU),Janna/Varus (PZ/RU),0,1,0
Janna/Varus (PZ/RU),Gwen/LeBlanc (NX/SI),0,1,0
Morgana/Udyr (DE/FR),Lillia/Viktor (IO/PZ),0,1,0
Rumble/Sion (BC/NX),Gangplank/Swain (BW/NX),0,1,0
Ashe/Janna (FR/PZ),Rumble/Sion (BC/NX),0,1,0
Darius (NX/PZ),Caitlyn/Swain (NX/PZ),0,1,0
Garen/Udyr (DE/FR),Rumble/Sion (BC/NX),0,1,0
Maokai/Nautilus (BW/SI),Kayle (FR/MT),0,1,0
Aatrox/Kayn (RU/RU),Garen/Poppy (BW/DE),0,1,0
Ashe/LeBlanc (FR/NX),Kalista/Maokai (BW/SI),0,1,0
Jax/Poppy (DE/RU),Championless (SI),0,1,0
Jayce (PZ/SI),Championless (IO/SI),0,1,0
Gwen/LeBlanc (NX/SI),Championless (IO/SI),0,1,0
Kalista/Maokai (BW/SI),Darius/Gnar (FR/NX),0,1,0
Vayne/Vi (DE/PZ),Nasus/Senna (SI/SH),0,1,0
Ashe/Caitlyn (FR/PZ),Lillia/Sett (BC/IO),0,1,0
Janna/Viktor (BC/PZ),Braum/Vladimir (FR/NX),0,1,0
Gnar/Sett (FR/IO),Senna/Veigar (BC/SI),0,1,0
Ashe (FR/NX),Senna/Veigar (BC/SI),0,1,0
Aatrox/Akshan (RU/SH),Championless (MT/SI),0,1,0
Gwen/Vayne (DE/SI),Gangplank/Sejuani (BW/FR),0,1,0
Nasus (SI/SH),Riven/Viktor (NX/PZ),0,1,0
Akshan/Renekton (SH),Ashe/LeBlanc (FR/NX),0,1,0
Morgana/Shyvana (DE/MT),Ashe/LeBlanc (FR/NX),0,1,0
Akshan/Nidalee (BC/SH),Aatrox/Akshan (RU/SH),0,1,0
Shyvana (DE/MT),Jack/Sett (BW/IO),0,1,0
Janna/Senna (PZ/SI),Aatrox/Akshan (RU/SH),0,1,0
Gwen/Vayne (DE/SI),LeBlanc/Sivir (NX/SH),0,1,0
Nasus (SI/SH),Aatrox/Kayn (RU/RU),0,1,0
Braum/Janna (FR/PZ),Neeko/Poppy (DE/RU),0,1,0
Akshan/Varus (SH/RU),Caitlyn/Janna (BC/PZ),0,1,0
Akshan/Lillia (IO/SH),Kalista/Sion (NX/SI),0,1,0
Akshan (NX/SH),Janna/Morgana (MT/PZ),0,1,0
Swain (FR/NX),Championless (SI),0,1,0
Braum/Vladimir (FR/NX),Janna/Senna (PZ/SI),0,1,0
Darius/LeBlanc (NX),Darius/Gnar/Ornn (FR/NX),0,1,0
Vayne/Vi (DE/PZ),Championless (SI),0,1,0
Maokai (BW/SI),Akshan/Nidalee (BC/SH),0,1,0
Gnar/Neeko (FR/RU),Rumble/Sion (BC/NX),0,1,0
Senna/Veigar (PZ/SI),Gnar/Neeko (FR/RU),0,1,0
Aphelios/Braum (FR/MT),Senna/Veigar (BC/SI),0,1,0
Vayne/Vi (DE/PZ),Akshan/Nidalee (BC/SH),0,1,0
Aphelios/Braum (FR/MT),Kayle (BW/MT),0,1,0
Morgana/Riven (MT/NX),Kayle (BW/MT),0,1,0
Yasuo (IO/MT),Rumble/Sion (BC/NX),0,1,0
Aphelios/Yasuo (IO/MT),Rumble/Sion (BC/NX),0,1,0
Vayne/Vi (DE/PZ),Darius/Gnar (FR/NX),0,1,0
Jack/Lillia (BW/IO),Senna/Veigar (PZ/SI),0,1,0
Jack/Tristana (BC/BW),Kayle (BW/MT),0,1,0
Darius/Gnar (FR/NX),Shyvana (DE/MT),0,1,0
Gnar/Nidalee (BC/SH),Ashe/LeBlanc (FR/NX),4,15,0.266666666666667
Ashe/LeBlanc (FR/NX),Gnar/Nidalee (BC/SH),11,15,0.733333333333333
Gnar/Nidalee (BC/SH),Darius/Gnar (FR/NX),2,5,0.4
Ashe (FR/PZ),Gnar/Nidalee (BC/SH),2,5,0.4
Senna/Veigar (BC/SI),Poppy/Riven (BC/NX),2,5,0.4
Darius (FR/NX),Morgana/Udyr (DE/FR),2,5,0.4
Kayle (BW/MT),Darius (FR/NX),2,5,0.4
LeBlanc/Sivir (NX/SH),Akshan/Varus (SH/RU),2,5,0.4
Riven/Viktor (NX/PZ),Aatrox/Kayn (RU/RU),2,5,0.4
Maokai/Nautilus (BW/SI),Gangplank/Sejuani (BW/FR),2,5,0.4
Lee Sin/Viktor (IO/PZ),Maokai/Nautilus (BW/SI),2,5,0.4
Nasus/Thresh (SI/SH),Championless (SI),2,5,0.4
Aatrox/Kayn (RU/RU),Senna/Veigar (BC/SI),2,5,0.4
Championless (IO/SI),Jayce/Lux (DE/PZ),2,5,0.4
Championless (PZ/SI),Senna/Veigar (BC/SI),2,5,0.4
Neeko/Poppy (DE/RU),Darius/Gnar (FR/NX),2,5,0.4
Rumble/Sion (BC/NX),Maokai/Nautilus (BW/SI),2,5,0.4
Braum/Lillia (FR/IO),Galio/Udyr (DE/FR),2,5,0.4
Kayle (BW/MT),Aphelios/Lee Sin (IO/MT),2,5,0.4
Leona/Yasuo (IO/MT),Braum/Vladimir (FR/NX),2,5,0.4
Akshan/Varus (SH/RU),Championless (PZ/SI),2,5,0.4
Nidalee (BC/SH),Aphelios/Viktor (MT/PZ),2,5,0.4
Morgana/Udyr (DE/FR),Sett (IO/PZ),2,5,0.4
Championless (SI),Riven/Rumble (BC/NX),2,5,0.4
Janna/Sett (IO/PZ),Championless (MT/SI),2,5,0.4
Darius/Lulu (IO/NX),Morgana/Udyr (DE/FR),2,5,0.4
Aphelios/Viktor (MT/PZ),Jayce/Lux (DE/PZ),2,5,0.4
Kayle (BW/MT),Lee Sin/Udyr (FR/IO),2,5,0.4
Sett (IO/PZ),Kayle (BW/MT),2,5,0.4
Galio/Udyr (DE/FR),Kayle (BW/MT),2,5,0.4
Kalista (SI),Braum/Lillia (FR/IO),2,5,0.4
Jayce/Lux (DE/PZ),Nasus/Thresh (SI/SH),2,5,0.4
Lillia/Sett (BC/IO),Nidalee (BC/SH),2,5,0.4
Akshan/Nidalee/Sivir (DE/SH),Ashe (FR/PZ),2,5,0.4
Jayce/Lux (DE/PZ),Akshan/Nidalee/Sivir (DE/SH),2,5,0.4
Kayle (BW/MT),Garen/Kayle/Shyvana (DE/MT),2,5,0.4
Akshan/Nidalee (BC/SH),Kayle (BW/MT),2,5,0.4
Darius/Gnar (FR/NX),Gnar/Nidalee (BC/SH),3,5,0.6
Gnar/Nidalee (BC/SH),Ashe (FR/PZ),3,5,0.6
Poppy/Riven (BC/NX),Senna/Veigar (BC/SI),3,5,0.6
Morgana/Udyr (DE/FR),Darius (FR/NX),3,5,0.6
Darius (FR/NX),Kayle (BW/MT),3,5,0.6
Akshan/Varus (SH/RU),LeBlanc/Sivir (NX/SH),3,5,0.6
Aatrox/Kayn (RU/RU),Riven/Viktor (NX/PZ),3,5,0.6
Gangplank/Sejuani (BW/FR),Maokai/Nautilus (BW/SI),3,5,0.6
Maokai/Nautilus (BW/SI),Lee Sin/Viktor (IO/PZ),3,5,0.6
Championless (SI),Nasus/Thresh (SI/SH),3,5,0.6
Senna/Veigar (BC/SI),Aatrox/Kayn (RU/RU),3,5,0.6
Jayce/Lux (DE/PZ),Championless (IO/SI),3,5,0.6
Senna/Veigar (BC/SI),Championless (PZ/SI),3,5,0.6
Darius/Gnar (FR/NX),Neeko/Poppy (DE/RU),3,5,0.6
Maokai/Nautilus (BW/SI),Rumble/Sion (BC/NX),3,5,0.6
Galio/Udyr (DE/FR),Braum/Lillia (FR/IO),3,5,0.6
Aphelios/Lee Sin (IO/MT),Kayle (BW/MT),3,5,0.6
Braum/Vladimir (FR/NX),Leona/Yasuo (IO/MT),3,5,0.6
Championless (PZ/SI),Akshan/Varus (SH/RU),3,5,0.6
Aphelios/Viktor (MT/PZ),Nidalee (BC/SH),3,5,0.6
Sett (IO/PZ),Morgana/Udyr (DE/FR),3,5,0.6
Riven/Rumble (BC/NX),Championless (SI),3,5,0.6
Championless (MT/SI),Janna/Sett (IO/PZ),3,5,0.6
Morgana/Udyr (DE/FR),Darius/Lulu (IO/NX),3,5,0.6
Jayce/Lux (DE/PZ),Aphelios/Viktor (MT/PZ),3,5,0.6
Lee Sin/Udyr (FR/IO),Kayle (BW/MT),3,5,0.6
Kayle (BW/MT),Sett (IO/PZ),3,5,0.6
Kayle (BW/MT),Galio/Udyr (DE/FR),3,5,0.6
Braum/Lillia (FR/IO),Kalista (SI),3,5,0.6
Nasus/Thresh (SI/SH),Jayce/Lux (DE/PZ),3,5,0.6
Nidalee (BC/SH),Lillia/Sett (BC/IO),3,5,0.6
Ashe (FR/PZ),Akshan/Nidalee/Sivir (DE/SH),3,5,0.6
Akshan/Nidalee/Sivir (DE/SH),Jayce/Lux (DE/PZ),3,5,0.6
Garen/Kayle/Shyvana (DE/MT),Kayle (BW/MT),3,5,0.6
Kayle (BW/MT),Akshan/Nidalee (BC/SH),3,5,0.6
Kalista (SI),Championless (SI),20,24,0.833333333333333
Championless (SI),Kalista (SI),4,24,0.166666666666667
Kalista (SI),Sett (IO/PZ),1,2,0.5
Sett (IO/PZ),Kalista (SI),1,2,0.5
Darius/Gangplank (BW/NX),Ashe (FR/PZ),1,2,0.5
Ashe (FR/PZ),Darius/Gangplank (BW/NX),1,2,0.5
Aphelios/Viktor (MT/PZ),Gnar/Nidalee (BC/SH),1,2,0.5
Gnar/Nidalee (BC/SH),Aphelios/Viktor (MT/PZ),1,2,0.5
Morgana/Udyr (DE/FR),Lillia/Sett (IO/MT),1,2,0.5
Lillia/Sett (IO/MT),Morgana/Udyr (DE/FR),1,2,0.5
Rumble/Sion (BC/NX),Gnar/Nidalee (BC/SH),1,2,0.5
Gnar/Nidalee (BC/SH),Rumble/Sion (BC/NX),1,2,0.5
Lee Sin/Viktor (IO/PZ),Janna/Sett (IO/PZ),1,2,0.5
Janna/Sett (IO/PZ),Lee Sin/Viktor (IO/PZ),1,2,0.5
Darius (FR/NX),Ashe (FR/PZ),1,2,0.5
Ashe (FR/PZ),Darius (FR/NX),1,2,0.5
Morgana/Udyr (DE/FR),Garen/Morgana (DE/SI),1,2,0.5
Garen/Morgana (DE/SI),Morgana/Udyr (DE/FR),1,2,0.5
Morgana/Udyr (FR/MT),Kayle (BW/MT),1,2,0.5
Kayle (BW/MT),Morgana/Udyr (FR/MT),1,2,0.5
Darius/Gangplank (BW/NX),Maokai/Nautilus (BW/SI),1,2,0.5
Maokai/Nautilus (BW/SI),Darius/Gangplank (BW/NX),1,2,0.5
Akshan/Varus (SH/RU),Ashe/Senna (FR/SI),1,2,0.5
Ashe/Senna (FR/SI),Akshan/Varus (SH/RU),1,2,0.5
Gnar/Swain (BC/NX),Ashe/LeBlanc (FR/NX),1,2,0.5
Ashe/LeBlanc (FR/NX),Gnar/Swain (BC/NX),1,2,0.5
Aatrox/Morgana (RU/DE),Poppy/Taric (DE/MT),1,2,0.5
Poppy/Taric (DE/MT),Aatrox/Morgana (RU/DE),1,2,0.5
Aatrox/Morgana (RU/DE),Lillia/Sett (IO/MT),1,2,0.5
Lillia/Sett (IO/MT),Aatrox/Morgana (RU/DE),1,2,0.5
Galio/Morgana (DE/FR),Gwen/Kalista (NX/SI),1,2,0.5
Gwen/Kalista (NX/SI),Galio/Morgana (DE/FR),1,2,0.5
Kalista (SI),Braum/Vladimir (FR/NX),1,2,0.5
Braum/Vladimir (FR/NX),Kalista (SI),1,2,0.5
Nasus/Senna (SI/SH),Nasus/Senna (SI/SH),1,2,0.5
LeBlanc/Sivir (NX/SH),Braum/Vladimir (FR/NX),1,2,0.5
Braum/Vladimir (FR/NX),LeBlanc/Sivir (NX/SH),1,2,0.5
Aatrox/Morgana (RU/DE),Lee Sin/Viktor (IO/PZ),1,2,0.5
Lee Sin/Viktor (IO/PZ),Aatrox/Morgana (RU/DE),1,2,0.5
Darius/Gnar (FR/NX),Tristana/Veigar (BC/SI),1,2,0.5
Tristana/Veigar (BC/SI),Darius/Gnar (FR/NX),1,2,0.5
Kalista (SI),Shyvana (DE/MT),1,2,0.5
Shyvana (DE/MT),Kalista (SI),1,2,0.5
Sett (IO/PZ),Nidalee (BC/SH),1,2,0.5
Nidalee (BC/SH),Sett (IO/PZ),1,2,0.5
Ashe (FR/PZ),Sett (IO/PZ),1,2,0.5
Sett (IO/PZ),Ashe (FR/PZ),1,2,0.5
Riven/Viktor (NX/PZ),Morgana/Taric (DE/MT),1,2,0.5
Morgana/Taric (DE/MT),Riven/Viktor (NX/PZ),1,2,0.5
Riven/Viktor (NX/PZ),Rumble/Sion (BC/NX),1,2,0.5
Rumble/Sion (BC/NX),Riven/Viktor (NX/PZ),1,2,0.5
Aatrox/Morgana (RU/DE),Aatrox/Morgana (RU/DE),1,2,0.5
Senna/Veigar (BC/SI),Gwen/Janna (PZ/SI),1,2,0.5
Gwen/Janna (PZ/SI),Senna/Veigar (BC/SI),1,2,0.5
Senna/Veigar (BC/SI),Braum (FR/MT),1,2,0.5
Braum (FR/MT),Senna/Veigar (BC/SI),1,2,0.5
Maokai (BW/SI),Aatrox/Morgana (RU/DE),1,2,0.5
Aatrox/Morgana (RU/DE),Maokai (BW/SI),1,2,0.5
Aatrox/Morgana (RU/DE),Maokai/Nautilus (BW/SI),1,2,0.5
Maokai/Nautilus (BW/SI),Aatrox/Morgana (RU/DE),1,2,0.5
Braum/Lillia (FR/IO),Aatrox/Morgana (RU/DE),1,2,0.5
Aatrox/Morgana (RU/DE),Braum/Lillia (FR/IO),1,2,0.5
Nasus/Renekton (SH),Akshan/Lee Sin (IO/SH),1,2,0.5
Akshan/Lee Sin (IO/SH),Nasus/Renekton (SH),1,2,0.5
Illaoi/Swain (BW/NX),Riven/Viktor (NX/PZ),1,2,0.5
Riven/Viktor (NX/PZ),Illaoi/Swain (BW/NX),1,2,0.5
Senna/Veigar (BC/SI),Nasus/Senna (SI/SH),1,2,0.5
Nasus/Senna (SI/SH),Senna/Veigar (BC/SI),1,2,0.5
Akshan/Lee Sin (IO/SH),Aphelios/Lee Sin (IO/MT),1,2,0.5
Aphelios/Lee Sin (IO/MT),Akshan/Lee Sin (IO/SH),1,2,0.5
Gangplank/Sejuani (BW/FR),Gangplank/Sejuani (BW/FR),1,2,0.5
Rumble/Sion (BC/NX),Aphelios/Viktor (MT/PZ),1,2,0.5
Aphelios/Viktor (MT/PZ),Rumble/Sion (BC/NX),1,2,0.5
Janna/Lee Sin/Viktor (IO/PZ),Ashe/LeBlanc (FR/NX),1,2,0.5
Ashe/LeBlanc (FR/NX),Janna/Lee Sin/Viktor (IO/PZ),1,2,0.5
Morgana/Udyr (DE/FR),Gwen/Kalista (NX/SI),1,2,0.5
Gwen/Kalista (NX/SI),Morgana/Udyr (DE/FR),1,2,0.5
Malphite/Yasuo (IO/MT),Braum/Vladimir (FR/NX),1,2,0.5
Braum/Vladimir (FR/NX),Malphite/Yasuo (IO/MT),1,2,0.5
Kalista (SI),Riven/Viktor (NX/PZ),1,2,0.5
Riven/Viktor (NX/PZ),Kalista (SI),1,2,0.5
Galio/Udyr (DE/FR),Nasus/Renekton (SH),1,2,0.5
Nasus/Renekton (SH),Galio/Udyr (DE/FR),1,2,0.5
Kalista (SI),Kalista (SI),1,2,0.5
Akshan/Lee Sin (IO/SH),Sett (IO/PZ),1,2,0.5
Sett (IO/PZ),Akshan/Lee Sin (IO/SH),1,2,0.5
Galio/Poppy (DE/FR),Aatrox/Kayn (RU/RU),1,2,0.5
Aatrox/Kayn (RU/RU),Galio/Poppy (DE/FR),1,2,0.5
Akshan/Lee Sin (IO/SH),Jax/Ornn (FR/RU),1,2,0.5
Jax/Ornn (FR/RU),Akshan/Lee Sin (IO/SH),1,2,0.5
Senna/Veigar (BC/SI),Galio/Poppy (DE/FR),1,2,0.5
Galio/Poppy (DE/FR),Senna/Veigar (BC/SI),1,2,0.5
Jayce/Lux (DE/PZ),Gnar/Neeko (FR/RU),1,2,0.5
Gnar/Neeko (FR/RU),Jayce/Lux (DE/PZ),1,2,0.5
Lee Sin/Viktor (IO/PZ),Poppy/Riven (BC/NX),1,2,0.5
Poppy/Riven (BC/NX),Lee Sin/Viktor (IO/PZ),1,2,0.5
Jayce/Lux (DE/PZ),Gwen/Kalista (NX/SI),1,2,0.5
Gwen/Kalista (NX/SI),Jayce/Lux (DE/PZ),1,2,0.5
Garen (DE/SH),Jayce/Lux (DE/PZ),1,2,0.5
Jayce/Lux (DE/PZ),Garen (DE/SH),1,2,0.5
Morgana/Taric (DE/MT),Poppy/Riven (BC/NX),1,2,0.5
Poppy/Riven (BC/NX),Morgana/Taric (DE/MT),1,2,0.5
Akshan/Lee Sin (IO/SH),Rumble/Vayne (DE/NX),1,2,0.5
Rumble/Vayne (DE/NX),Akshan/Lee Sin (IO/SH),1,2,0.5
Senna/Veigar (BC/SI),Championless (SI/SH),1,2,0.5
Championless (SI/SH),Senna/Veigar (BC/SI),1,2,0.5
Aatrox/Kayn (RU/RU),Kayle/Morgana (DE/MT),1,2,0.5
Kayle/Morgana (DE/MT),Aatrox/Kayn (RU/RU),1,2,0.5
Akshan/Lee Sin (IO/SH),Nasus/Thresh (SI/SH),1,2,0.5
Nasus/Thresh (SI/SH),Akshan/Lee Sin (IO/SH),1,2,0.5
Jayce/Lux (DE/PZ),Gwen/Kalista (FR/SI),1,2,0.5
Gwen/Kalista (FR/SI),Jayce/Lux (DE/PZ),1,2,0.5
Gwen/Kalista (FR/SI),Championless (SI),1,2,0.5
Championless (SI),Gwen/Kalista (FR/SI),1,2,0.5
Jayce/Lux (DE/PZ),Akshan/Morgana (MT/SH),1,2,0.5
Akshan/Morgana (MT/SH),Jayce/Lux (DE/PZ),1,2,0.5
Lee Sin/Viktor (IO/PZ),Gwen/Vayne (DE/SI),1,2,0.5
Gwen/Vayne (DE/SI),Lee Sin/Viktor (IO/PZ),1,2,0.5
Kalista (SI),Championless (SI/SH),1,2,0.5
Championless (SI/SH),Kalista (SI),1,2,0.5
Janna (PZ/SI),Ashe/LeBlanc (FR/NX),1,2,0.5
Ashe/LeBlanc (FR/NX),Janna (PZ/SI),1,2,0.5
Championless (SI),Morgana/Taric (DE/MT),1,2,0.5
Morgana/Taric (DE/MT),Championless (SI),1,2,0.5
Malphite/Yasuo (IO/MT),Nidalee (BC/SH),1,2,0.5
Nidalee (BC/SH),Malphite/Yasuo (IO/MT),1,2,0.5
Riven/Rumble (BC/NX),Gwen/Vayne (DE/SI),1,2,0.5
Gwen/Vayne (DE/SI),Riven/Rumble (BC/NX),1,2,0.5
Ashe/LeBlanc (FR/NX),Championless (IO/SI),1,2,0.5
Championless (IO/SI),Ashe/LeBlanc (FR/NX),1,2,0.5
Championless (MT/SI),Aatrox/Kayn (RU/RU),1,2,0.5
Aatrox/Kayn (RU/RU),Championless (MT/SI),1,2,0.5
Nasus/Senna (SI/SH),Maokai/Nautilus (BW/SI),1,2,0.5
Maokai/Nautilus (BW/SI),Nasus/Senna (SI/SH),1,2,0.5
Galio/Garen (DE/MT),Gnar/Nidalee (BC/SH),1,2,0.5
Gnar/Nidalee (BC/SH),Galio/Garen (DE/MT),1,2,0.5
Galio/Udyr (DE/FR),Championless (MT/SI),1,2,0.5
Championless (MT/SI),Galio/Udyr (DE/FR),1,2,0.5
Akshan/Nasus (SI/SH),Akshan/Sivir (NX/SH),1,2,0.5
Akshan/Sivir (NX/SH),Akshan/Nasus (SI/SH),1,2,0.5
Poppy/Taric (DE/MT),Poppy/Taric (DE/MT),1,2,0.5
Ashe/LeBlanc (FR/NX),Gwen/Janna (PZ/SI),1,2,0.5
Gwen/Janna (PZ/SI),Ashe/LeBlanc (FR/NX),1,2,0.5
Gnar/Nidalee (BC/SH),Galio/Morgana (DE/MT),1,2,0.5
Galio/Morgana (DE/MT),Gnar/Nidalee (BC/SH),1,2,0.5
Nasus/Senna (SI/SH),Jax/Ornn (FR/RU),1,2,0.5
Jax/Ornn (FR/RU),Nasus/Senna (SI/SH),1,2,0.5
Jax/Ornn (FR/RU),Galio/Udyr (DE/FR),1,2,0.5
Galio/Udyr (DE/FR),Jax/Ornn (FR/RU),1,2,0.5
Jax/Ornn (FR/RU),Jax/Ornn (FR/RU),1,2,0.5
Ashe/LeBlanc (FR/NX),Galio/Morgana (DE/MT),1,2,0.5
Galio/Morgana (DE/MT),Ashe/LeBlanc (FR/NX),1,2,0.5
Gwen/LeBlanc (NX/SI),Morgana/Udyr (DE/FR),1,2,0.5
Morgana/Udyr (DE/FR),Gwen/LeBlanc (NX/SI),1,2,0.5
Rumble/Vayne (DE/NX),Morgana/Udyr (DE/FR),1,2,0.5
Morgana/Udyr (DE/FR),Rumble/Vayne (DE/NX),1,2,0.5
Akshan/Sivir (NX/SH),Darius (FR/NX),1,2,0.5
Darius (FR/NX),Akshan/Sivir (NX/SH),1,2,0.5
Nasus/Thresh (SI/SH),Galio/Udyr (DE/FR),1,2,0.5
Galio/Udyr (DE/FR),Nasus/Thresh (SI/SH),1,2,0.5
Akshan/Nasus (SI/SH),Akshan/Udyr (FR/SH),1,2,0.5
Akshan/Udyr (FR/SH),Akshan/Nasus (SI/SH),1,2,0.5
Gnar/Kayle (FR/MT),Braum/Lillia (FR/IO),1,2,0.5
Braum/Lillia (FR/IO),Gnar/Kayle (FR/MT),1,2,0.5
Aphelios/Lee Sin (IO/MT),Aphelios/Lee Sin (IO/MT),1,2,0.5
Akshan/Aphelios/Morgana (MT/SH),Aphelios/Lee Sin (IO/MT),1,2,0.5
Aphelios/Lee Sin (IO/MT),Akshan/Aphelios/Morgana (MT/SH),1,2,0.5
Nidalee (BC/SH),Jax/Ornn (FR/RU),1,2,0.5
Jax/Ornn (FR/RU),Nidalee (BC/SH),1,2,0.5
Akshan/Aphelios/Morgana (MT/SH),Maokai/Nautilus (BW/SI),1,2,0.5
Maokai/Nautilus (BW/SI),Akshan/Aphelios/Morgana (MT/SH),1,2,0.5
Jax/Ornn (FR/RU),Riven/Viktor (NX/PZ),1,2,0.5
Riven/Viktor (NX/PZ),Jax/Ornn (FR/RU),1,2,0.5
Gnar/Sejuani (BC/FR),Akshan/Nasus (SI/SH),1,2,0.5
Akshan/Nasus (SI/SH),Gnar/Sejuani (BC/FR),1,2,0.5
Galio/Udyr (DE/FR),Morgana/Udyr (DE/FR),1,2,0.5
Morgana/Udyr (DE/FR),Galio/Udyr (DE/FR),1,2,0.5
Morgana/Udyr (DE/FR),Akshan/Renekton (SH),1,2,0.5
Akshan/Renekton (SH),Morgana/Udyr (DE/FR),1,2,0.5
Ashe (FR/PZ),Neeko/Poppy (BC/RU),1,2,0.5
Neeko/Poppy (BC/RU),Ashe (FR/PZ),1,2,0.5
Janna/Sett (IO/PZ),Akshan/Nasus (SI/SH),1,2,0.5
Akshan/Nasus (SI/SH),Janna/Sett (IO/PZ),1,2,0.5
Akshan/Varus (SH/RU),Ryze (RU/SH),1,2,0.5
Ryze (RU/SH),Akshan/Varus (SH/RU),1,2,0.5
Championless (MT/SI),Kayle (BW/MT),1,2,0.5
Kayle (BW/MT),Championless (MT/SI),1,2,0.5
Akshan/Varus (SH/RU),Neeko/Poppy (BC/RU),1,2,0.5
Neeko/Poppy (BC/RU),Akshan/Varus (SH/RU),1,2,0.5
Ashe/LeBlanc (FR/NX),Renekton/Sivir (SH),1,2,0.5
Renekton/Sivir (SH),Ashe/LeBlanc (FR/NX),1,2,0.5
Aphelios/Lee Sin (IO/MT),Championless (SI),1,2,0.5
Championless (SI),Aphelios/Lee Sin (IO/MT),1,2,0.5
Galio/Morgana (DE/MT),Senna/Veigar (BC/SI),1,2,0.5
Senna/Veigar (BC/SI),Galio/Morgana (DE/MT),1,2,0.5
Jack/Sett (BW/IO),Poppy/Taric (DE/MT),1,2,0.5
Poppy/Taric (DE/MT),Jack/Sett (BW/IO),1,2,0.5
Akshan/Riven (NX/SH),Braum/Vladimir (FR/NX),1,2,0.5
Braum/Vladimir (FR/NX),Akshan/Riven (NX/SH),1,2,0.5
Janna/Sett/Viktor (IO/PZ),Galio/Morgana (DE/MT),1,2,0.5
Galio/Morgana (DE/MT),Janna/Sett/Viktor (IO/PZ),1,2,0.5
Aphelios/Janna (MT/PZ),Galio/Morgana (DE/MT),1,2,0.5
Galio/Morgana (DE/MT),Aphelios/Janna (MT/PZ),1,2,0.5
Akshan/Varus (SH/RU),Gnar/Sejuani (BC/FR),1,2,0.5
Gnar/Sejuani (BC/FR),Akshan/Varus (SH/RU),1,2,0.5
Lee Sin/Viktor (IO/PZ),Galio/Udyr (DE/FR),1,2,0.5
Galio/Udyr (DE/FR),Lee Sin/Viktor (IO/PZ),1,2,0.5
Nidalee (BC/SH),Galio/Morgana (DE/MT),1,2,0.5
Galio/Morgana (DE/MT),Nidalee (BC/SH),1,2,0.5
Braum/Vladimir (FR/NX),Galio/Morgana (DE/MT),1,2,0.5
Galio/Morgana (DE/MT),Braum/Vladimir (FR/NX),1,2,0.5
Galio/Morgana (DE/MT),Akshan/Varus (SH/RU),1,2,0.5
Akshan/Varus (SH/RU),Galio/Morgana (DE/MT),1,2,0.5
Lillia/Udyr (FR/IO),Aatrox/Kayn (RU/RU),1,2,0.5
Aatrox/Kayn (RU/RU),Lillia/Udyr (FR/IO),1,2,0.5
Lee Sin/Viktor (IO/PZ),Aatrox/Kayn (RU/RU),1,2,0.5
Aatrox/Kayn (RU/RU),Lee Sin/Viktor (IO/PZ),1,2,0.5
Nidalee (BC/SH),Shen/Sivir (IO/SH),1,2,0.5
Shen/Sivir (IO/SH),Nidalee (BC/SH),1,2,0.5
Illaoi (BW/NX),Lee Sin/Viktor (IO/PZ),1,2,0.5
Lee Sin/Viktor (IO/PZ),Illaoi (BW/NX),1,2,0.5
Ashe/LeBlanc (FR/NX),Gwen/Vi (PZ/SI),1,2,0.5
Gwen/Vi (PZ/SI),Ashe/LeBlanc (FR/NX),1,2,0.5
Aphelios/Lee Sin (IO/MT),Senna/Veigar (BC/SI),1,2,0.5
Senna/Veigar (BC/SI),Aphelios/Lee Sin (IO/MT),1,2,0.5
Poppy/Tristana (BC/NX),Leona/Yasuo (IO/MT),1,2,0.5
Leona/Yasuo (IO/MT),Poppy/Tristana (BC/NX),1,2,0.5
Morgana/Udyr (DE/FR),Gwen/Sivir (SI/SH),1,2,0.5
Gwen/Sivir (SI/SH),Morgana/Udyr (DE/FR),1,2,0.5
Akshan/Lee Sin (IO/SH),Lulu/Taric (IO/MT),1,2,0.5
Lulu/Taric (IO/MT),Akshan/Lee Sin (IO/SH),1,2,0.5
Aphelios/Viktor (MT/PZ),Lee Sin/Viktor (IO/PZ),1,2,0.5
Lee Sin/Viktor (IO/PZ),Aphelios/Viktor (MT/PZ),1,2,0.5
Senna/Veigar (BC/SI),Poppy/Taric (DE/MT),1,2,0.5
Poppy/Taric (DE/MT),Senna/Veigar (BC/SI),1,2,0.5
Senna/Veigar (BC/SI),Caitlyn/Swain (NX/PZ),1,2,0.5
Caitlyn/Swain (NX/PZ),Senna/Veigar (BC/SI),1,2,0.5
Gnar/Nidalee (BC/SH),Gnar/Nidalee (BC/SH),1,2,0.5
Jayce/Lux (DE/PZ),Lillia/Udyr (FR/IO),1,2,0.5
Lillia/Udyr (FR/IO),Jayce/Lux (DE/PZ),1,2,0.5
Illaoi/Swain (BW/NX),Riven/Rumble (BC/NX),1,2,0.5
Riven/Rumble (BC/NX),Illaoi/Swain (BW/NX),1,2,0.5
Akshan/Lee Sin (IO/SH),Sett/Viktor (IO/PZ),1,2,0.5
Sett/Viktor (IO/PZ),Akshan/Lee Sin (IO/SH),1,2,0.5
Akshan/Lee Sin (IO/SH),Galio/Udyr (DE/FR),1,2,0.5
Galio/Udyr (DE/FR),Akshan/Lee Sin (IO/SH),1,2,0.5
Braum/Vladimir (FR/NX),Lee Sin/Udyr (FR/IO),1,2,0.5
Lee Sin/Udyr (FR/IO),Braum/Vladimir (FR/NX),1,2,0.5
Galio/Udyr (DE/FR),Ashe (FR/PZ),1,2,0.5
Ashe (FR/PZ),Galio/Udyr (DE/FR),1,2,0.5
Championless (SI),Shen/Sivir (IO/SH),1,2,0.5
Shen/Sivir (IO/SH),Championless (SI),1,2,0.5
Ashe/LeBlanc (FR/NX),Nasus/Thresh (SI/SH),1,2,0.5
Nasus/Thresh (SI/SH),Ashe/LeBlanc (FR/NX),1,2,0.5
Lee Sin/Viktor (IO/PZ),Shen/Sivir (IO/SH),1,2,0.5
Shen/Sivir (IO/SH),Lee Sin/Viktor (IO/PZ),1,2,0.5
Neeko/Poppy (BC/RU),Nasus/Thresh (SI/SH),1,2,0.5
Nasus/Thresh (SI/SH),Neeko/Poppy (BC/RU),1,2,0.5
Nidalee (BC/SH),Lee Sin/Udyr (FR/IO),1,2,0.5
Lee Sin/Udyr (FR/IO),Nidalee (BC/SH),1,2,0.5
Riven/Sivir (NX/SH),Nasus/Thresh (SI/SH),1,2,0.5
Nasus/Thresh (SI/SH),Riven/Sivir (NX/SH),1,2,0.5
Nasus/Thresh (SI/SH),Leona/Sivir (MT/SH),1,2,0.5
Leona/Sivir (MT/SH),Nasus/Thresh (SI/SH),1,2,0.5
Kalista (SI),Nasus/Thresh (SI/SH),1,2,0.5
Nasus/Thresh (SI/SH),Kalista (SI),1,2,0.5
Sejuani/Swain (FR/NX),Akshan/Varus (SH/RU),1,2,0.5
Akshan/Varus (SH/RU),Sejuani/Swain (FR/NX),1,2,0.5
Nasus/Thresh (SI/SH),Nasus/Thresh (SI/SH),1,2,0.5
Aatrox (RU/BW),Aatrox (RU/BW),1,2,0.5
Gwen/Vayne (DE/SI),Morgana/Udyr (DE/FR),1,2,0.5
Morgana/Udyr (DE/FR),Gwen/Vayne (DE/SI),1,2,0.5
Darius/Lulu (IO/NX),Nidalee (BC/SH),1,2,0.5
Nidalee (BC/SH),Darius/Lulu (IO/NX),1,2,0.5
Gangplank/Sejuani (BW/FR),Championless (PZ/SI),1,2,0.5
Championless (PZ/SI),Gangplank/Sejuani (BW/FR),1,2,0.5
Gnar/Sejuani (BC/FR),Lillia/Udyr (FR/IO),1,2,0.5
Lillia/Udyr (FR/IO),Gnar/Sejuani (BC/FR),1,2,0.5
Akshan/Nasus (SI/SH),Neeko/Renekton (RU/SH),1,2,0.5
Neeko/Renekton (RU/SH),Akshan/Nasus (SI/SH),1,2,0.5
Akshan/Morgana (DE/SH),Jayce/Lux (DE/PZ),1,2,0.5
Jayce/Lux (DE/PZ),Akshan/Morgana (DE/SH),1,2,0.5
Galio/Udyr (DE/FR),Gnar/Sejuani (BC/FR),1,2,0.5
Gnar/Sejuani (BC/FR),Galio/Udyr (DE/FR),1,2,0.5
Akshan/Morgana (DE/SH),Akshan/Sivir (NX/SH),1,2,0.5
Akshan/Sivir (NX/SH),Akshan/Morgana (DE/SH),1,2,0.5
Udyr/Vayne (DE/FR),Darius/Gnar (FR/NX),1,2,0.5
Darius/Gnar (FR/NX),Udyr/Vayne (DE/FR),1,2,0.5
Braum/Lillia (FR/IO),Jayce (PZ/SI),1,2,0.5
Jayce (PZ/SI),Braum/Lillia (FR/IO),1,2,0.5
Darius (FR/NX),Neeko (FR/RU),1,2,0.5
Neeko (FR/RU),Darius (FR/NX),1,2,0.5
Riven/Viktor (NX/PZ),Renekton/Sivir (SH),1,2,0.5
Renekton/Sivir (SH),Riven/Viktor (NX/PZ),1,2,0.5
Championless (PZ/SI),Darius/Gnar (FR/NX),1,2,0.5
Darius/Gnar (FR/NX),Championless (PZ/SI),1,2,0.5
Braum/Lillia (FR/IO),Aphelios/Viktor (MT/PZ),1,2,0.5
Aphelios/Viktor (MT/PZ),Braum/Lillia (FR/IO),1,2,0.5
Shen/Sivir (IO/SH),Shen/Sivir (IO/SH),1,2,0.5
Aatrox (RU/BW),Kayle (BW/MT),1,2,0.5
Kayle (BW/MT),Aatrox (RU/BW),1,2,0.5
Malphite/Yasuo (IO/MT),Ashe/LeBlanc (FR/NX),1,2,0.5
Ashe/LeBlanc (FR/NX),Malphite/Yasuo (IO/MT),1,2,0.5
Jack (BW/IO),Senna/Veigar (PZ/SI),1,2,0.5
Senna/Veigar (PZ/SI),Jack (BW/IO),1,2,0.5
Lillia/Sett (BC/IO),Kayle (BW/MT),1,2,0.5
Kayle (BW/MT),Lillia/Sett (BC/IO),1,2,0.5
Janna/Sett (IO/PZ),Illaoi/Vayne (BW/DE),1,2,0.5
Illaoi/Vayne (BW/DE),Janna/Sett (IO/PZ),1,2,0.5
Championless (MT/SI),Championless (SI),1,2,0.5
Championless (SI),Championless (MT/SI),1,2,0.5
Championless (MT/SI),Braum/Lillia (FR/IO),1,2,0.5
Braum/Lillia (FR/IO),Championless (MT/SI),1,2,0.5
Gnar/Swain (BC/NX),Championless (SI),1,2,0.5
Championless (SI),Gnar/Swain (BC/NX),1,2,0.5
Jax/Ornn (FR/RU),Gnar/Renekton (FR/SH),1,2,0.5
Gnar/Renekton (FR/SH),Jax/Ornn (FR/RU),1,2,0.5
Ashe/LeBlanc (FR/NX),Gnar/Renekton (FR/SH),1,2,0.5
Gnar/Renekton (FR/SH),Ashe/LeBlanc (FR/NX),1,2,0.5
Championless (BC/BW),Championless (SI),1,2,0.5
Championless (SI),Championless (BC/BW),1,2,0.5
Aatrox/Kayn (RU/RU),Neeko/Renekton (RU/SH),1,2,0.5
Neeko/Renekton (RU/SH),Aatrox/Kayn (RU/RU),1,2,0.5
Gwen/Janna (PZ/SI),Championless (SI),1,2,0.5
Championless (SI),Gwen/Janna (PZ/SI),1,2,0.5
Sett/Udyr (FR/IO),Maokai/Nautilus (BW/SI),1,2,0.5
Maokai/Nautilus (BW/SI),Sett/Udyr (FR/IO),1,2,0.5
Garen (DE/SH),Akshan/Varus (SH/RU),1,2,0.5
Akshan/Varus (SH/RU),Garen (DE/SH),1,2,0.5
Ashe (FR/PZ),Neeko/Renekton (RU/SH),1,2,0.5
Neeko/Renekton (RU/SH),Ashe (FR/PZ),1,2,0.5
Aphelios/Viktor (MT/PZ),Neeko/Renekton (RU/SH),1,2,0.5
Neeko/Renekton (RU/SH),Aphelios/Viktor (MT/PZ),1,2,0.5
Senna/Veigar (PZ/SI),Nidalee (BC/SH),1,2,0.5
Nidalee (BC/SH),Senna/Veigar (PZ/SI),1,2,0.5
Kayle (BW/MT),Akshan/Nidalee/Sivir (DE/SH),1,2,0.5
Akshan/Nidalee/Sivir (DE/SH),Kayle (BW/MT),1,2,0.5
Aatrox/Jack (RU/BW),Darius/Gnar (FR/NX),1,2,0.5
Darius/Gnar (FR/NX),Aatrox/Jack (RU/BW),1,2,0.5
Aatrox/Jack (RU/BW),Aatrox/Jack (RU/BW),1,2,0.5
Jayce (PZ/SI),Ashe/LeBlanc (FR/NX),1,2,0.5
Ashe/LeBlanc (FR/NX),Jayce (PZ/SI),1,2,0.5
Akshan/Udyr (FR/SH),Jayce (PZ/SI),1,2,0.5
Jayce (PZ/SI),Akshan/Udyr (FR/SH),1,2,0.5
Akshan/Nidalee/Sivir (DE/SH),Darius/Gnar (FR/NX),1,2,0.5
Darius/Gnar (FR/NX),Akshan/Nidalee/Sivir (DE/SH),1,2,0.5
Braum/Lillia (FR/IO),Braum (FR/MT),1,2,0.5
Braum (FR/MT),Braum/Lillia (FR/IO),1,2,0.5
Lillia/Sett (BC/IO),Senna/Veigar (PZ/SI),1,2,0.5
Senna/Veigar (PZ/SI),Lillia/Sett (BC/IO),1,2,0.5
Ashe/Tahm Kench (BW/FR),Akshan/Varus (SH/RU),1,2,0.5
Akshan/Varus (SH/RU),Ashe/Tahm Kench (BW/FR),1,2,0.5
Championless (SI),Lillia/Malphite (IO/MT),1,2,0.5
Lillia/Malphite (IO/MT),Championless (SI),1,2,0.5
Lulu/Taric (IO/MT),Rumble/Sion (BC/NX),1,2,0.5
Rumble/Sion (BC/NX),Lulu/Taric (IO/MT),1,2,0.5
Championless (SI),Akshan/Jack (BW/SH),1,2,0.5
Akshan/Jack (BW/SH),Championless (SI),1,2,0.5
Jayce/Lux (DE/PZ),Kayle (BC/MT),1,2,0.5
Kayle (BC/MT),Jayce/Lux (DE/PZ),1,2,0.5
Braum/Janna (FR/PZ),Braum/Lillia (FR/IO),1,2,0.5
Braum/Lillia (FR/IO),Braum/Janna (FR/PZ),1,2,0.5
Akshan/Varus (SH/RU),Kai'Sa/Viktor (PZ/SH),1,2,0.5
Kai'Sa/Viktor (PZ/SH),Akshan/Varus (SH/RU),1,2,0.5
Kayle/Shyvana (DE/MT),Viktor (BC/PZ),1,2,0.5
Viktor (BC/PZ),Kayle/Shyvana (DE/MT),1,2,0.5
Akshan/Varus (SH/RU),Morgana (DE/MT),1,2,0.5
Morgana (DE/MT),Akshan/Varus (SH/RU),1,2,0.5
Rumble/Vayne (DE/NX),Rumble/Sion (BC/NX),1,2,0.5
Rumble/Sion (BC/NX),Rumble/Vayne (DE/NX),1,2,0.5
Poppy (DE/FR),Championless (SI),1,2,0.5
Championless (SI),Poppy (DE/FR),1,2,0.5
Darius/Gnar (FR/NX),Garen/Neeko (DE/RU),1,2,0.5
Garen/Neeko (DE/RU),Darius/Gnar (FR/NX),1,2,0.5
Championless (SI),Nasus/Senna (SI/SH),1,2,0.5
Nasus/Senna (SI/SH),Championless (SI),1,2,0.5
Neeko/Poppy (DE/RU),Neeko/Poppy (DE/RU),1,2,0.5
Senna (PZ/SI),Nidalee (BC/SH),1,2,0.5
Nidalee (BC/SH),Senna (PZ/SI),1,2,0.5
Championless (SI),Janna/Varus (PZ/RU),1,2,0.5
Janna/Varus (PZ/RU),Championless (SI),1,2,0.5
Janna/Varus (PZ/RU),Championless (PZ/SI),1,2,0.5
Championless (PZ/SI),Janna/Varus (PZ/RU),1,2,0.5
Ashe/Caitlyn (FR/PZ),Kalista (SI),1,2,0.5
Kalista (SI),Ashe/Caitlyn (FR/PZ),1,2,0.5
Rumble/Sion (BC/NX),Nasus/Senna (SI/SH),1,2,0.5
Nasus/Senna (SI/SH),Rumble/Sion (BC/NX),1,2,0.5
Jack/Lillia (BW/IO),Darius/Gnar (FR/NX),1,2,0.5
Darius/Gnar (FR/NX),Jack/Lillia (BW/IO),1,2,0.5
Maokai/Nautilus (BW/SI),Akshan/Nidalee (BC/SH),1,2,0.5
Akshan/Nidalee (BC/SH),Maokai/Nautilus (BW/SI),1,2,0.5
Nasus (SI/SH),Nasus/Senna (SI/SH),1,2,0.5
Nasus/Senna (SI/SH),Nasus (SI/SH),1,2,0.5
Gnar/Nidalee (BC/SH),Akshan/Nidalee (BC/SH),1,2,0.5
Akshan/Nidalee (BC/SH),Gnar/Nidalee (BC/SH),1,2,0.5
Gnar/Nidalee (BC/SH),Championless (SI),8,16,0.5
Championless (SI),Gnar/Nidalee (BC/SH),8,16,0.5
Maokai/Nautilus (BW/SI),Janna/Sett (IO/PZ),4,4,1
Kayle (BW/MT),Championless (PZ/SI),4,4,1
Akshan/Varus (SH/RU),Gwen/Kalista (NX/SI),4,4,1
Championless (MT/SI),Senna/Veigar (BC/SI),4,4,1
Braum/Vladimir (FR/NX),Akshan/Lee Sin (IO/SH),4,4,1
Senna/Veigar (BC/SI),Kayle/Morgana (DE/MT),4,4,1
LeBlanc/Udyr (FR/NX),Aatrox/Kayn (RU/RU),4,4,1
Championless (SI),Poppy/Taric (DE/MT),4,4,1
Galio/Garen (DE/MT),Ashe (FR/PZ),4,4,1
Galio/Udyr (DE/FR),Ashe/LeBlanc (FR/NX),4,4,1
Akshan/Varus (SH/RU),Gwen (NX/SI),4,4,1
Lee Sin/Viktor (IO/PZ),Udyr/Vayne (DE/FR),4,4,1
Aphelios/Viktor (MT/PZ),Maokai/Nautilus (BW/SI),4,4,1
Shen/Sivir (IO/SH),Kayle (BW/MT),4,4,1
Jayce/Lux (DE/PZ),Gnar/Renekton (FR/SH),4,4,1
Kalista (IO/SI),Maokai/Nautilus (BW/SI),4,4,1
Kayle (BW/MT),LeBlanc/Sivir (NX/SH),4,4,1
Janna/Sett (IO/PZ),Maokai/Nautilus (BW/SI),0,4,0
Championless (PZ/SI),Kayle (BW/MT),0,4,0
Gwen/Kalista (NX/SI),Akshan/Varus (SH/RU),0,4,0
Senna/Veigar (BC/SI),Championless (MT/SI),0,4,0
Akshan/Lee Sin (IO/SH),Braum/Vladimir (FR/NX),0,4,0
Kayle/Morgana (DE/MT),Senna/Veigar (BC/SI),0,4,0
Aatrox/Kayn (RU/RU),LeBlanc/Udyr (FR/NX),0,4,0
Poppy/Taric (DE/MT),Championless (SI),0,4,0
Ashe (FR/PZ),Galio/Garen (DE/MT),0,4,0
Ashe/LeBlanc (FR/NX),Galio/Udyr (DE/FR),0,4,0
Gwen (NX/SI),Akshan/Varus (SH/RU),0,4,0
Udyr/Vayne (DE/FR),Lee Sin/Viktor (IO/PZ),0,4,0
Maokai/Nautilus (BW/SI),Aphelios/Viktor (MT/PZ),0,4,0
Kayle (BW/MT),Shen/Sivir (IO/SH),0,4,0
Gnar/Renekton (FR/SH),Jayce/Lux (DE/PZ),0,4,0
Maokai/Nautilus (BW/SI),Kalista (IO/SI),0,4,0
LeBlanc/Sivir (NX/SH),Kayle (BW/MT),0,4,0
Championless (SI),Galio/Udyr (DE/FR),9,11,0.818181818181818
Akshan/Varus (SH/RU),Akshan/Nasus (SI/SH),9,11,0.818181818181818
Galio/Udyr (DE/FR),Championless (SI),2,11,0.181818181818182
Akshan/Nasus (SI/SH),Akshan/Varus (SH/RU),2,11,0.181818181818182
Senna/Veigar (BC/SI),Championless (SI),17,62,0.274193548387097
Championless (SI),Senna/Veigar (BC/SI),45,62,0.725806451612903
Championless (SI),Ashe/LeBlanc (FR/NX),35,62,0.564516129032258
Ashe/LeBlanc (FR/NX),Championless (SI),27,62,0.435483870967742
Championless (SI),Akshan/Varus (SH/RU),48,93,0.516129032258065
Akshan/Varus (SH/RU),Championless (SI),45,93,0.483870967741936
Championless (SI),Darius (FR/NX),3,12,0.25
Rumble/Sion (BC/NX),Akshan/Varus (SH/RU),3,12,0.25
Darius (FR/NX),Championless (SI),9,12,0.75
Akshan/Varus (SH/RU),Rumble/Sion (BC/NX),9,12,0.75
Ashe/LeBlanc (FR/NX),Darius/Gnar (FR/NX),20,29,0.689655172413793
Darius/Gnar (FR/NX),Ashe/LeBlanc (FR/NX),9,29,0.310344827586207
Kalista (SI),Gnar/Neeko (FR/RU),3,3,1
Gnar/Neeko (FR/RU),Maokai (BW/SI),3,3,1
Lee Sin/Viktor (IO/PZ),Championless (PZ/SI),3,3,1
Morgana/Udyr (DE/FR),Kai'Sa/Sivir (DE/SH),3,3,1
Morgana/Udyr (DE/FR),Maokai (BW/SI),3,3,1
Darius/Gnar (FR/NX),Championless (MT/SI),3,3,1
Leona/Yasuo (IO/MT),Riven/Viktor (NX/PZ),3,3,1
Riven/Viktor (NX/PZ),Braum/Lillia (FR/IO),3,3,1
Championless (IO/SI),Senna/Veigar (BC/SI),3,3,1
Morgana/Udyr (DE/FR),Illaoi/Swain (BW/NX),3,3,1
Aatrox/Kayn (RU/RU),Garen/Morgana (DE/SI),3,3,1
Neeko/Poppy (DE/RU),Jack/Sett (BW/IO),3,3,1
Rumble/Sion (BC/NX),Gangplank/Sejuani (BW/FR),3,3,1
Gangplank/Gnar (BC/BW),Ashe/LeBlanc (FR/NX),3,3,1
Ashe/LeBlanc (FR/NX),Maokai (BW/SI),3,3,1
Senna/Veigar (BC/SI),Leona/Yasuo (IO/MT),3,3,1
Morgana/Udyr (DE/FR),Braum/Kayle (FR/MT),3,3,1
Poppy/Riven (BC/NX),Braum/Tahm Kench (BW/FR),3,3,1
Nasus/Renekton (SH),Morgana/Udyr (DE/FR),3,3,1
Aatrox/Kayn (RU/RU),Rumble/Sion (BC/NX),3,3,1
Championless (SI),Neeko/Renekton (RU/SH),3,3,1
Championless (SI),Akshan/Udyr (FR/SH),3,3,1
Braum/Lillia (FR/IO),Akshan/Morgana (DE/SH),3,3,1
Ashe/LeBlanc (FR/NX),Akshan/Gwen (SI/SH),3,3,1
Championless (FR/SI),Jax/Ornn (FR/RU),3,3,1
Kalista (SI),Jax/Ornn (FR/RU),3,3,1
Akshan/Nasus/Udyr (FR/SH),Jax/Ornn (FR/RU),3,3,1
Galio/Morgana (DE/MT),Akshan/Lee Sin (IO/SH),3,3,1
Aphelios/Lee Sin (IO/MT),Jax/Ornn (FR/RU),3,3,1
Kayle (BW/MT),Galio/Morgana (DE/MT),3,3,1
Akshan/Shyvana (DE/SH),Championless (SI),3,3,1
Akshan/Lee Sin (IO/SH),Akshan/Nasus (SI/SH),3,3,1
Akshan/Varus (SH/RU),Aphelios/Lee Sin (IO/MT),3,3,1
Braum/Lillia (FR/IO),Championless (PZ/SI),3,3,1
Riven/Viktor (NX/PZ),Jayce/Lux (DE/PZ),3,3,1
Janna/Sett/Viktor (IO/PZ),Championless (SI),3,3,1
Gnar/Sejuani (BC/FR),Gwen/Vayne (DE/SI),3,3,1
Darius/Gnar (FR/NX),Lillia/Udyr (FR/IO),3,3,1
Nidalee (BC/SH),Sett/Udyr (FR/IO),3,3,1
Darius/Gnar (FR/NX),Gwen/Vayne (DE/SI),3,3,1
Sett (IO/PZ),Gwen/Vayne (DE/SI),3,3,1
Nidalee (BC/SH),Championless (PZ/SI),3,3,1
Senna/Veigar (BC/SI),Shen/Sivir (IO/SH),3,3,1
Darius/Lulu (IO/NX),Akshan/Varus (SH/RU),3,3,1
Janna/Sett (IO/PZ),Aphelios/Viktor (MT/PZ),3,3,1
Janna/Senna (PZ/SI),Nasus/Thresh (SI/SH),3,3,1
Championless (SI),Senna (PZ/SI),3,3,1
Akshan/Nidalee/Sivir (DE/SH),Gnar/Renekton (FR/SH),3,3,1
Darius/Gnar (FR/NX),Senna/Veigar (PZ/SI),3,3,1
Championless (SI),Janna (PZ/SI),3,3,1
Jayce/Lux (DE/PZ),Senna/Veigar (PZ/SI),3,3,1
Championless (SI),Gangplank/Swain (BW/NX),3,3,1
Kayle (BW/MT),Ashe/Nasus (FR/SH),3,3,1
LeBlanc/Sivir (NX/SH),Jax/Ornn (FR/RU),3,3,1
Riven/Viktor (NX/PZ),Championless (PZ/SI),3,3,1
Kayle (BW/MT),Braum/Morgana (DE/FR),3,3,1
Gnar/Neeko (FR/RU),Kalista (SI),0,3,0
Maokai (BW/SI),Gnar/Neeko (FR/RU),0,3,0
Championless (PZ/SI),Lee Sin/Viktor (IO/PZ),0,3,0
Kai'Sa/Sivir (DE/SH),Morgana/Udyr (DE/FR),0,3,0
Maokai (BW/SI),Morgana/Udyr (DE/FR),0,3,0
Championless (MT/SI),Darius/Gnar (FR/NX),0,3,0
Riven/Viktor (NX/PZ),Leona/Yasuo (IO/MT),0,3,0
Braum/Lillia (FR/IO),Riven/Viktor (NX/PZ),0,3,0
Senna/Veigar (BC/SI),Championless (IO/SI),0,3,0
Illaoi/Swain (BW/NX),Morgana/Udyr (DE/FR),0,3,0
Garen/Morgana (DE/SI),Aatrox/Kayn (RU/RU),0,3,0
Jack/Sett (BW/IO),Neeko/Poppy (DE/RU),0,3,0
Gangplank/Sejuani (BW/FR),Rumble/Sion (BC/NX),0,3,0
Ashe/LeBlanc (FR/NX),Gangplank/Gnar (BC/BW),0,3,0
Maokai (BW/SI),Ashe/LeBlanc (FR/NX),0,3,0
Leona/Yasuo (IO/MT),Senna/Veigar (BC/SI),0,3,0
Braum/Kayle (FR/MT),Morgana/Udyr (DE/FR),0,3,0
Braum/Tahm Kench (BW/FR),Poppy/Riven (BC/NX),0,3,0
Morgana/Udyr (DE/FR),Nasus/Renekton (SH),0,3,0
Rumble/Sion (BC/NX),Aatrox/Kayn (RU/RU),0,3,0
Neeko/Renekton (RU/SH),Championless (SI),0,3,0
Akshan/Udyr (FR/SH),Championless (SI),0,3,0
Akshan/Morgana (DE/SH),Braum/Lillia (FR/IO),0,3,0
Akshan/Gwen (SI/SH),Ashe/LeBlanc (FR/NX),0,3,0
Jax/Ornn (FR/RU),Championless (FR/SI),0,3,0
Jax/Ornn (FR/RU),Kalista (SI),0,3,0
Jax/Ornn (FR/RU),Akshan/Nasus/Udyr (FR/SH),0,3,0
Akshan/Lee Sin (IO/SH),Galio/Morgana (DE/MT),0,3,0
Jax/Ornn (FR/RU),Aphelios/Lee Sin (IO/MT),0,3,0
Galio/Morgana (DE/MT),Kayle (BW/MT),0,3,0
Championless (SI),Akshan/Shyvana (DE/SH),0,3,0
Akshan/Nasus (SI/SH),Akshan/Lee Sin (IO/SH),0,3,0
Aphelios/Lee Sin (IO/MT),Akshan/Varus (SH/RU),0,3,0
Championless (PZ/SI),Braum/Lillia (FR/IO),0,3,0
Jayce/Lux (DE/PZ),Riven/Viktor (NX/PZ),0,3,0
Championless (SI),Janna/Sett/Viktor (IO/PZ),0,3,0
Gwen/Vayne (DE/SI),Gnar/Sejuani (BC/FR),0,3,0
Lillia/Udyr (FR/IO),Darius/Gnar (FR/NX),0,3,0
Sett/Udyr (FR/IO),Nidalee (BC/SH),0,3,0
Gwen/Vayne (DE/SI),Darius/Gnar (FR/NX),0,3,0
Gwen/Vayne (DE/SI),Sett (IO/PZ),0,3,0
Championless (PZ/SI),Nidalee (BC/SH),0,3,0
Shen/Sivir (IO/SH),Senna/Veigar (BC/SI),0,3,0
Akshan/Varus (SH/RU),Darius/Lulu (IO/NX),0,3,0
Aphelios/Viktor (MT/PZ),Janna/Sett (IO/PZ),0,3,0
Nasus/Thresh (SI/SH),Janna/Senna (PZ/SI),0,3,0
Senna (PZ/SI),Championless (SI),0,3,0
Gnar/Renekton (FR/SH),Akshan/Nidalee/Sivir (DE/SH),0,3,0
Senna/Veigar (PZ/SI),Darius/Gnar (FR/NX),0,3,0
Janna (PZ/SI),Championless (SI),0,3,0
Senna/Veigar (PZ/SI),Jayce/Lux (DE/PZ),0,3,0
Gangplank/Swain (BW/NX),Championless (SI),0,3,0
Ashe/Nasus (FR/SH),Kayle (BW/MT),0,3,0
Jax/Ornn (FR/RU),LeBlanc/Sivir (NX/SH),0,3,0
Championless (PZ/SI),Riven/Viktor (NX/PZ),0,3,0
Braum/Morgana (DE/FR),Kayle (BW/MT),0,3,0
Gnar/Neeko (FR/RU),Championless (SI),2,6,0.333333333333333
Ashe/LeBlanc (FR/NX),Darius (FR/NX),2,6,0.333333333333333
Ashe (FR/PZ),Lee Sin/Viktor (IO/PZ),2,6,0.333333333333333
Nidalee (BC/SH),Morgana/Udyr (DE/FR),2,6,0.333333333333333
Rumble/Sion (BC/NX),Ashe (FR/PZ),2,6,0.333333333333333
Lee Sin/Viktor (IO/PZ),Nidalee (BC/SH),2,6,0.333333333333333
Maokai/Nautilus (BW/SI),Riven/Viktor (NX/PZ),2,6,0.333333333333333
Illaoi/Swain (BW/NX),Championless (SI),2,6,0.333333333333333
Akshan/Varus (SH/RU),Akshan/Morgana (DE/SH),2,6,0.333333333333333
Nasus (SI/SH),Ashe/LeBlanc (FR/NX),2,6,0.333333333333333
Ashe/LeBlanc (FR/NX),Akshan/Nidalee/Sivir (DE/SH),2,6,0.333333333333333
Championless (SI),Gnar/Neeko (FR/RU),4,6,0.666666666666667
Darius (FR/NX),Ashe/LeBlanc (FR/NX),4,6,0.666666666666667
Lee Sin/Viktor (IO/PZ),Ashe (FR/PZ),4,6,0.666666666666667
Morgana/Udyr (DE/FR),Nidalee (BC/SH),4,6,0.666666666666667
Ashe (FR/PZ),Rumble/Sion (BC/NX),4,6,0.666666666666667
Nidalee (BC/SH),Lee Sin/Viktor (IO/PZ),4,6,0.666666666666667
Riven/Viktor (NX/PZ),Maokai/Nautilus (BW/SI),4,6,0.666666666666667
Championless (SI),Illaoi/Swain (BW/NX),4,6,0.666666666666667
Akshan/Morgana (DE/SH),Akshan/Varus (SH/RU),4,6,0.666666666666667
Ashe/LeBlanc (FR/NX),Nasus (SI/SH),4,6,0.666666666666667
Akshan/Nidalee/Sivir (DE/SH),Ashe/LeBlanc (FR/NX),4,6,0.666666666666667
Senna/Veigar (BC/SI),Gnar/Nidalee (BC/SH),6,11,0.545454545454545
Morgana/Udyr (DE/FR),Aatrox/Kayn (RU/RU),6,11,0.545454545454545
Lee Sin/Viktor (IO/PZ),Jayce/Lux (DE/PZ),6,11,0.545454545454545
Kayle (BW/MT),Maokai/Nautilus (BW/SI),6,11,0.545454545454545
Gnar/Nidalee (BC/SH),Senna/Veigar (BC/SI),5,11,0.454545454545455
Aatrox/Kayn (RU/RU),Morgana/Udyr (DE/FR),5,11,0.454545454545455
Jayce/Lux (DE/PZ),Lee Sin/Viktor (IO/PZ),5,11,0.454545454545455
Maokai/Nautilus (BW/SI),Kayle (BW/MT),5,11,0.454545454545455
Ashe/LeBlanc (FR/NX),Poppy/Riven (BC/NX),4,7,0.571428571428571
Maokai/Nautilus (BW/SI),Ashe (FR/PZ),4,7,0.571428571428571
Galio/Udyr (DE/FR),Senna/Veigar (BC/SI),4,7,0.571428571428571
Kayle (BW/MT),Akshan/Lee Sin (IO/SH),4,7,0.571428571428571
Gangplank/Sejuani (BW/FR),Senna/Veigar (BC/SI),4,7,0.571428571428571
Janna/Sett (IO/PZ),Ashe (FR/PZ),4,7,0.571428571428571
Nidalee (BC/SH),Akshan/Lee Sin (IO/SH),4,7,0.571428571428571
Nidalee (BC/SH),Jack/Sett (BW/IO),4,7,0.571428571428571
Galio/Morgana (DE/MT),Jayce/Lux (DE/PZ),4,7,0.571428571428571
Lillia/Udyr (FR/IO),Championless (SI),4,7,0.571428571428571
Senna/Veigar (BC/SI),Janna/Sett (IO/PZ),4,7,0.571428571428571
Nidalee (BC/SH),Nasus/Thresh (SI/SH),4,7,0.571428571428571
Maokai/Nautilus (BW/SI),Lillia/Sett (BC/IO),4,7,0.571428571428571
Poppy/Riven (BC/NX),Ashe/LeBlanc (FR/NX),3,7,0.428571428571429
Ashe (FR/PZ),Maokai/Nautilus (BW/SI),3,7,0.428571428571429
Senna/Veigar (BC/SI),Galio/Udyr (DE/FR),3,7,0.428571428571429
Akshan/Lee Sin (IO/SH),Kayle (BW/MT),3,7,0.428571428571429
Senna/Veigar (BC/SI),Gangplank/Sejuani (BW/FR),3,7,0.428571428571429
Ashe (FR/PZ),Janna/Sett (IO/PZ),3,7,0.428571428571429
Akshan/Lee Sin (IO/SH),Nidalee (BC/SH),3,7,0.428571428571429
Jack/Sett (BW/IO),Nidalee (BC/SH),3,7,0.428571428571429
Jayce/Lux (DE/PZ),Galio/Morgana (DE/MT),3,7,0.428571428571429
Championless (SI),Lillia/Udyr (FR/IO),3,7,0.428571428571429
Janna/Sett (IO/PZ),Senna/Veigar (BC/SI),3,7,0.428571428571429
Nasus/Thresh (SI/SH),Nidalee (BC/SH),3,7,0.428571428571429
Lillia/Sett (BC/IO),Maokai/Nautilus (BW/SI),3,7,0.428571428571429
Jayce/Lux (DE/PZ),Akshan/Varus (SH/RU),18,30,0.6
Championless (SI),Nidalee (BC/SH),18,30,0.6
Akshan/Varus (SH/RU),Jayce/Lux (DE/PZ),12,30,0.4
Nidalee (BC/SH),Championless (SI),12,30,0.4
Kayle (BW/MT),Morgana/Udyr (DE/FR),9,16,0.5625
Jayce/Lux (DE/PZ),Maokai/Nautilus (BW/SI),9,16,0.5625
Akshan/Varus (SH/RU),Ashe (FR/PZ),9,16,0.5625
Jayce/Lux (DE/PZ),Akshan/Lee Sin (IO/SH),9,16,0.5625
Morgana/Udyr (DE/FR),Kayle (BW/MT),7,16,0.4375
Maokai/Nautilus (BW/SI),Jayce/Lux (DE/PZ),7,16,0.4375
Ashe (FR/PZ),Akshan/Varus (SH/RU),7,16,0.4375
Akshan/Lee Sin (IO/SH),Jayce/Lux (DE/PZ),7,16,0.4375
Gnar/Nidalee (BC/SH),Akshan/Varus (SH/RU),9,18,0.5
Akshan/Varus (SH/RU),Gnar/Nidalee (BC/SH),9,18,0.5
Akshan/Lee Sin (IO/SH),Akshan/Lee Sin (IO/SH),9,18,0.5
Gnar/Nidalee (BC/SH),Jayce/Lux (DE/PZ),5,8,0.625
Nasus/Renekton (SH),Lee Sin/Viktor (IO/PZ),5,8,0.625
Ashe (FR/PZ),Kalista (SI),5,8,0.625
Nidalee (BC/SH),Braum/Lillia (FR/IO),5,8,0.625
Gwen/Vayne (DE/SI),Akshan/Varus (SH/RU),5,8,0.625
Darius/Gnar (FR/NX),Janna/Sett (IO/PZ),5,8,0.625
Jayce/Lux (DE/PZ),Gnar/Nidalee (BC/SH),3,8,0.375
Lee Sin/Viktor (IO/PZ),Nasus/Renekton (SH),3,8,0.375
Kalista (SI),Ashe (FR/PZ),3,8,0.375
Braum/Lillia (FR/IO),Nidalee (BC/SH),3,8,0.375
Akshan/Varus (SH/RU),Gwen/Vayne (DE/SI),3,8,0.375
Janna/Sett (IO/PZ),Darius/Gnar (FR/NX),3,8,0.375
Senna/Veigar (BC/SI),Jayce/Lux (DE/PZ),8,17,0.470588235294118
Lee Sin/Viktor (IO/PZ),Akshan/Lee Sin (IO/SH),8,17,0.470588235294118
Ashe/LeBlanc (FR/NX),Nidalee (BC/SH),8,17,0.470588235294118
Aphelios/Viktor (MT/PZ),Akshan/Varus (SH/RU),8,17,0.470588235294118
Darius/Gnar (FR/NX),Jack/Sett (BW/IO),8,17,0.470588235294118
Jayce/Lux (DE/PZ),Senna/Veigar (BC/SI),9,17,0.529411764705882
Akshan/Lee Sin (IO/SH),Lee Sin/Viktor (IO/PZ),9,17,0.529411764705882
Nidalee (BC/SH),Ashe/LeBlanc (FR/NX),9,17,0.529411764705882
Akshan/Varus (SH/RU),Aphelios/Viktor (MT/PZ),9,17,0.529411764705882
Jack/Sett (BW/IO),Darius/Gnar (FR/NX),9,17,0.529411764705882
Lee Sin/Viktor (IO/PZ),Morgana/Udyr (DE/FR),6,16,0.375
Morgana/Udyr (DE/FR),Lee Sin/Viktor (IO/PZ),10,16,0.625
Akshan/Varus (SH/RU),Morgana/Udyr (DE/FR),11,23,0.478260869565217
Morgana/Udyr (DE/FR),Akshan/Varus (SH/RU),12,23,0.521739130434783
Akshan/Varus (SH/RU),Akshan/Varus (SH/RU),20,40,0.5
Championless (SI),Aatrox/Kayn (RU/RU),22,34,0.647058823529412
Aatrox/Kayn (RU/RU),Championless (SI),12,34,0.352941176470588
Gangplank/Sejuani (BW/FR),Akshan/Varus (SH/RU),6,9,0.666666666666667
Gangplank/Sejuani (BW/FR),Jayce/Lux (DE/PZ),6,9,0.666666666666667
Ashe (FR/PZ),Jack/Sett (BW/IO),6,9,0.666666666666667
Riven/Viktor (NX/PZ),Morgana/Udyr (DE/FR),6,9,0.666666666666667
Ashe/LeBlanc (FR/NX),Aatrox/Morgana (RU/DE),6,9,0.666666666666667
Akshan/Lee Sin (IO/SH),Maokai/Nautilus (BW/SI),6,9,0.666666666666667
Akshan/Varus (SH/RU),Sett (IO/PZ),6,9,0.666666666666667
Kayle (BW/MT),Nasus/Thresh (SI/SH),6,9,0.666666666666667
Akshan/Varus (SH/RU),Gangplank/Sejuani (BW/FR),3,9,0.333333333333333
Jayce/Lux (DE/PZ),Gangplank/Sejuani (BW/FR),3,9,0.333333333333333
Jack/Sett (BW/IO),Ashe (FR/PZ),3,9,0.333333333333333
Morgana/Udyr (DE/FR),Riven/Viktor (NX/PZ),3,9,0.333333333333333
Aatrox/Morgana (RU/DE),Ashe/LeBlanc (FR/NX),3,9,0.333333333333333
Maokai/Nautilus (BW/SI),Akshan/Lee Sin (IO/SH),3,9,0.333333333333333
Sett (IO/PZ),Akshan/Varus (SH/RU),3,9,0.333333333333333
Nasus/Thresh (SI/SH),Kayle (BW/MT),3,9,0.333333333333333
Kalista (SI),Kayle (BW/MT),1,12,0.0833333333333333
Kayle (BW/MT),Kalista (SI),11,12,0.916666666666667
Lee Sin/Viktor (IO/PZ),Kayle (BW/MT),7,15,0.466666666666667
Lee Sin/Viktor (IO/PZ),Darius/Gnar (FR/NX),7,15,0.466666666666667
Braum/Vladimir (FR/NX),Kayle (BW/MT),7,15,0.466666666666667
Kayle (BW/MT),Lee Sin/Viktor (IO/PZ),8,15,0.533333333333333
Darius/Gnar (FR/NX),Lee Sin/Viktor (IO/PZ),8,15,0.533333333333333
Kayle (BW/MT),Braum/Vladimir (FR/NX),8,15,0.533333333333333
Kayle (BW/MT),Championless (SI),44,71,0.619718309859155
Championless (SI),Kayle (BW/MT),27,71,0.380281690140845
Kayle (BW/MT),Darius/Gnar (FR/NX),12,37,0.324324324324324
Darius/Gnar (FR/NX),Kayle (BW/MT),25,37,0.675675675675676
Kayle (BW/MT),Senna/Veigar (BC/SI),9,19,0.473684210526316
Braum/Lillia (FR/IO),Ashe/LeBlanc (FR/NX),9,19,0.473684210526316
Senna/Veigar (BC/SI),Kayle (BW/MT),10,19,0.526315789473684
Ashe/LeBlanc (FR/NX),Braum/Lillia (FR/IO),10,19,0.526315789473684
Darius (FR/NX),Darius/Gnar (FR/NX),3,15,0.2
Jack/Sett (BW/IO),Senna/Veigar (BC/SI),3,15,0.2
Lee Sin/Viktor (IO/PZ),Akshan/Varus (SH/RU),3,15,0.2
Darius/Gnar (FR/NX),Darius (FR/NX),12,15,0.8
Senna/Veigar (BC/SI),Jack/Sett (BW/IO),12,15,0.8
Akshan/Varus (SH/RU),Lee Sin/Viktor (IO/PZ),12,15,0.8
Kayle (BW/MT),Akshan/Varus (SH/RU),16,27,0.592592592592593
Akshan/Varus (SH/RU),Kayle (BW/MT),11,27,0.407407407407407
Akshan/Varus (SH/RU),Ashe/LeBlanc (FR/NX),18,34,0.529411764705882
Ashe/LeBlanc (FR/NX),Akshan/Varus (SH/RU),16,34,0.470588235294118
Lee Sin/Viktor (IO/PZ),Braum/Vladimir (FR/NX),6,7,0.857142857142857
Gnar/Nidalee (BC/SH),Akshan/Lee Sin (IO/SH),6,7,0.857142857142857
Championless (SI),Neeko/Poppy (DE/RU),6,7,0.857142857142857
Kalista (SI),LeBlanc/Sivir (NX/SH),6,7,0.857142857142857
Braum/Vladimir (FR/NX),Lee Sin/Viktor (IO/PZ),1,7,0.142857142857143
Akshan/Lee Sin (IO/SH),Gnar/Nidalee (BC/SH),1,7,0.142857142857143
Neeko/Poppy (DE/RU),Championless (SI),1,7,0.142857142857143
LeBlanc/Sivir (NX/SH),Kalista (SI),1,7,0.142857142857143
Morgana/Udyr (DE/FR),Darius/Gnar (FR/NX),13,20,0.65
Darius/Gnar (FR/NX),Morgana/Udyr (DE/FR),7,20,0.35
Morgana/Udyr (DE/FR),Janna/Sett (IO/PZ),1,4,0.25
Neeko/Poppy (DE/RU),Jayce/Lux (DE/PZ),1,4,0.25
Kalista (SI),Aatrox/Morgana (RU/DE),1,4,0.25
Kalista (SI),Morgana/Udyr (DE/FR),1,4,0.25
Gwen/Vayne (DE/SI),Ashe/LeBlanc (FR/NX),1,4,0.25
Sett (IO/PZ),Braum/Vladimir (FR/NX),1,4,0.25
Sett (IO/PZ),Maokai/Nautilus (BW/SI),1,4,0.25
Gangplank/Sejuani (BW/FR),Riven/Viktor (NX/PZ),1,4,0.25
Neeko/Poppy (DE/RU),Senna/Veigar (BC/SI),1,4,0.25
Senna/Veigar (BC/SI),LeBlanc/Sivir (NX/SH),1,4,0.25
Malphite/Yasuo (IO/MT),Jayce/Lux (DE/PZ),1,4,0.25
Senna/Veigar (BC/SI),Rumble/Sion (BC/NX),1,4,0.25
Senna/Veigar (BC/SI),Nasus/Renekton (SH),1,4,0.25
Ashe (FR/PZ),Gangplank/Sejuani (BW/FR),1,4,0.25
LeBlanc/Sivir (NX/SH),Gangplank/Sejuani (BW/FR),1,4,0.25
Nasus/Renekton (SH),Akshan/Varus (SH/RU),1,4,0.25
Senna/Veigar (BC/SI),Kalista (SI),1,4,0.25
Malphite/Yasuo (IO/MT),Akshan/Lee Sin (IO/SH),1,4,0.25
Jack/Sett (BW/IO),Aatrox/Kayn (RU/RU),1,4,0.25
Poppy/Riven (BC/NX),Ashe (FR/PZ),1,4,0.25
Maokai (BW/SI),Akshan/Varus (SH/RU),1,4,0.25
Ashe (FR/PZ),Nasus/Senna (SI/SH),1,4,0.25
Ashe/LeBlanc (FR/NX),Aphelios/Lee Sin (IO/MT),1,4,0.25
Gwen/Vi (PZ/SI),Gnar/Nidalee (BC/SH),1,4,0.25
Janna/Sett (IO/PZ),Aatrox/Kayn (RU/RU),1,4,0.25
Ashe/LeBlanc (FR/NX),Janna/Sett (IO/PZ),1,4,0.25
Janna/Sett (IO/PZ),Galio/Udyr (DE/FR),1,4,0.25
Galio/Udyr (DE/FR),Akshan/Varus (SH/RU),1,4,0.25
Jax/Ornn (FR/RU),Braum/Lillia (FR/IO),1,4,0.25
Janna/Sett (IO/PZ),Jack/Sett (BW/IO),1,4,0.25
Aphelios/Viktor (MT/PZ),Akshan/Lee Sin (IO/SH),1,4,0.25
Akshan/Udyr (FR/SH),Braum/Lillia (FR/IO),1,4,0.25
Galio/Morgana (DE/MT),Aatrox/Kayn (RU/RU),1,4,0.25
Maokai/Nautilus (BW/SI),Championless (MT/SI),1,4,0.25
Braum/Vladimir (FR/NX),Aphelios/Viktor (MT/PZ),1,4,0.25
Galio/Udyr (DE/FR),Braum/Vladimir (FR/NX),1,4,0.25
Nidalee (BC/SH),Aatrox/Kayn (RU/RU),1,4,0.25
Darius/Gnar (FR/NX),Lee Sin/Udyr (FR/IO),1,4,0.25
Sett/Udyr (FR/IO),Championless (SI),1,4,0.25
Gwen/Vayne (DE/SI),Lillia/Sett (BC/IO),1,4,0.25
Senna (PZ/SI),Braum/Lillia (FR/IO),1,4,0.25
LeBlanc (FR/NX),Championless (SI),1,4,0.25
Akshan/Varus (SH/RU),Lillia/Udyr (FR/IO),1,4,0.25
LeBlanc/Riven (FR/NX),Championless (SI),1,4,0.25
Jayce/Lux (DE/PZ),Lillia/Sett (BC/IO),1,4,0.25
Lillia/Sett (BC/IO),Braum/Lillia (FR/IO),1,4,0.25
Senna/Veigar (PZ/SI),Kayle (BW/MT),1,4,0.25
Rumble/Sion (BC/NX),Darius/Gnar (FR/NX),1,4,0.25
Caitlyn/Swain (NX/PZ),Championless (SI),1,4,0.25
Garen (DE/SH),Championless (SI),1,4,0.25
Jayce/Lux (DE/PZ),Shyvana (DE/MT),1,4,0.25
Kayle (BW/MT),Nasus/Senna (SI/SH),1,4,0.25
Senna/Veigar (BC/SI),Akshan/Nidalee (BC/SH),1,4,0.25
Darius/Gnar (FR/NX),Akshan/Nidalee (BC/SH),1,4,0.25
Janna/Sett (IO/PZ),Morgana/Udyr (DE/FR),3,4,0.75
Jayce/Lux (DE/PZ),Neeko/Poppy (DE/RU),3,4,0.75
Aatrox/Morgana (RU/DE),Kalista (SI),3,4,0.75
Morgana/Udyr (DE/FR),Kalista (SI),3,4,0.75
Ashe/LeBlanc (FR/NX),Gwen/Vayne (DE/SI),3,4,0.75
Braum/Vladimir (FR/NX),Sett (IO/PZ),3,4,0.75
Maokai/Nautilus (BW/SI),Sett (IO/PZ),3,4,0.75
Riven/Viktor (NX/PZ),Gangplank/Sejuani (BW/FR),3,4,0.75
Senna/Veigar (BC/SI),Neeko/Poppy (DE/RU),3,4,0.75
LeBlanc/Sivir (NX/SH),Senna/Veigar (BC/SI),3,4,0.75
Jayce/Lux (DE/PZ),Malphite/Yasuo (IO/MT),3,4,0.75
Rumble/Sion (BC/NX),Senna/Veigar (BC/SI),3,4,0.75
Nasus/Renekton (SH),Senna/Veigar (BC/SI),3,4,0.75
Gangplank/Sejuani (BW/FR),Ashe (FR/PZ),3,4,0.75
Gangplank/Sejuani (BW/FR),LeBlanc/Sivir (NX/SH),3,4,0.75
Akshan/Varus (SH/RU),Nasus/Renekton (SH),3,4,0.75
Kalista (SI),Senna/Veigar (BC/SI),3,4,0.75
Akshan/Lee Sin (IO/SH),Malphite/Yasuo (IO/MT),3,4,0.75
Aatrox/Kayn (RU/RU),Jack/Sett (BW/IO),3,4,0.75
Ashe (FR/PZ),Poppy/Riven (BC/NX),3,4,0.75
Akshan/Varus (SH/RU),Maokai (BW/SI),3,4,0.75
Nasus/Senna (SI/SH),Ashe (FR/PZ),3,4,0.75
Aphelios/Lee Sin (IO/MT),Ashe/LeBlanc (FR/NX),3,4,0.75
Gnar/Nidalee (BC/SH),Gwen/Vi (PZ/SI),3,4,0.75
Aatrox/Kayn (RU/RU),Janna/Sett (IO/PZ),3,4,0.75
Janna/Sett (IO/PZ),Ashe/LeBlanc (FR/NX),3,4,0.75
Galio/Udyr (DE/FR),Janna/Sett (IO/PZ),3,4,0.75
Akshan/Varus (SH/RU),Galio/Udyr (DE/FR),3,4,0.75
Braum/Lillia (FR/IO),Jax/Ornn (FR/RU),3,4,0.75
Jack/Sett (BW/IO),Janna/Sett (IO/PZ),3,4,0.75
Akshan/Lee Sin (IO/SH),Aphelios/Viktor (MT/PZ),3,4,0.75
Braum/Lillia (FR/IO),Akshan/Udyr (FR/SH),3,4,0.75
Aatrox/Kayn (RU/RU),Galio/Morgana (DE/MT),3,4,0.75
Championless (MT/SI),Maokai/Nautilus (BW/SI),3,4,0.75
Aphelios/Viktor (MT/PZ),Braum/Vladimir (FR/NX),3,4,0.75
Braum/Vladimir (FR/NX),Galio/Udyr (DE/FR),3,4,0.75
Aatrox/Kayn (RU/RU),Nidalee (BC/SH),3,4,0.75
Lee Sin/Udyr (FR/IO),Darius/Gnar (FR/NX),3,4,0.75
Championless (SI),Sett/Udyr (FR/IO),3,4,0.75
Lillia/Sett (BC/IO),Gwen/Vayne (DE/SI),3,4,0.75
Braum/Lillia (FR/IO),Senna (PZ/SI),3,4,0.75
Championless (SI),LeBlanc (FR/NX),3,4,0.75
Lillia/Udyr (FR/IO),Akshan/Varus (SH/RU),3,4,0.75
Championless (SI),LeBlanc/Riven (FR/NX),3,4,0.75
Lillia/Sett (BC/IO),Jayce/Lux (DE/PZ),3,4,0.75
Braum/Lillia (FR/IO),Lillia/Sett (BC/IO),3,4,0.75
Kayle (BW/MT),Senna/Veigar (PZ/SI),3,4,0.75
Darius/Gnar (FR/NX),Rumble/Sion (BC/NX),3,4,0.75
Championless (SI),Caitlyn/Swain (NX/PZ),3,4,0.75
Championless (SI),Garen (DE/SH),3,4,0.75
Shyvana (DE/MT),Jayce/Lux (DE/PZ),3,4,0.75
Nasus/Senna (SI/SH),Kayle (BW/MT),3,4,0.75
Akshan/Nidalee (BC/SH),Senna/Veigar (BC/SI),3,4,0.75
Akshan/Nidalee (BC/SH),Darius/Gnar (FR/NX),3,4,0.75
Ashe/LeBlanc (FR/NX),Morgana/Udyr (DE/FR),9,23,0.391304347826087
Darius/Gnar (FR/NX),Ashe (FR/PZ),9,23,0.391304347826087
Morgana/Udyr (DE/FR),Ashe/LeBlanc (FR/NX),14,23,0.608695652173913
Ashe (FR/PZ),Darius/Gnar (FR/NX),14,23,0.608695652173913
Morgana/Udyr (DE/FR),Senna/Veigar (BC/SI),23,40,0.575
Senna/Veigar (BC/SI),Morgana/Udyr (DE/FR),17,40,0.425
Jayce/Lux (DE/PZ),Darius/Gnar (FR/NX),18,31,0.580645161290323
Darius/Gnar (FR/NX),Jayce/Lux (DE/PZ),13,31,0.419354838709677
Jayce/Lux (DE/PZ),Ashe/LeBlanc (FR/NX),14,26,0.538461538461538
Maokai/Nautilus (BW/SI),Senna/Veigar (BC/SI),14,26,0.538461538461538
Ashe/LeBlanc (FR/NX),Jayce/Lux (DE/PZ),12,26,0.461538461538462
Senna/Veigar (BC/SI),Maokai/Nautilus (BW/SI),12,26,0.461538461538462
Maokai/Nautilus (BW/SI),Darius/Gnar (FR/NX),6,19,0.315789473684211
Akshan/Lee Sin (IO/SH),Darius/Gnar (FR/NX),6,19,0.315789473684211
Darius/Gnar (FR/NX),Maokai/Nautilus (BW/SI),13,19,0.68421052631579
Darius/Gnar (FR/NX),Akshan/Lee Sin (IO/SH),13,19,0.68421052631579
Senna/Veigar (BC/SI),Darius/Gnar (FR/NX),10,24,0.416666666666667
Darius/Gnar (FR/NX),Senna/Veigar (BC/SI),14,24,0.583333333333333
Darius/Gnar (FR/NX),Darius/Gnar (FR/NX),17,34,0.5
Jack/Sett (BW/IO),Gangplank/Sejuani (BW/FR),1,5,0.2
Gangplank/Sejuani (BW/FR),Kalista (SI),1,5,0.2
Senna/Veigar (BC/SI),Kai'Sa/Sivir (DE/SH),1,5,0.2
Lillia/Sett (BC/IO),Aatrox/Kayn (RU/RU),1,5,0.2
Kalista (SI),Aatrox/Kayn (RU/RU),1,5,0.2
Braum/Vladimir (FR/NX),Nidalee (BC/SH),1,5,0.2
Nasus/Senna (SI/SH),Jayce/Lux (DE/PZ),1,5,0.2
Jack/Sett (BW/IO),Galio/Udyr (DE/FR),1,5,0.2
Lillia/Udyr (FR/IO),Maokai/Nautilus (BW/SI),1,5,0.2
Kayle (BW/MT),Gnar/Sejuani (BC/FR),1,5,0.2
Akshan/Morgana (DE/SH),Championless (SI),1,5,0.2
Braum/Lillia (FR/IO),Janna/Sett (IO/PZ),1,5,0.2
Akshan/Nasus (SI/SH),Kayle (BW/MT),1,5,0.2
Gangplank/Sejuani (BW/FR),Jack/Sett (BW/IO),4,5,0.8
Kalista (SI),Gangplank/Sejuani (BW/FR),4,5,0.8
Kai'Sa/Sivir (DE/SH),Senna/Veigar (BC/SI),4,5,0.8
Aatrox/Kayn (RU/RU),Lillia/Sett (BC/IO),4,5,0.8
Aatrox/Kayn (RU/RU),Kalista (SI),4,5,0.8
Nidalee (BC/SH),Braum/Vladimir (FR/NX),4,5,0.8
Jayce/Lux (DE/PZ),Nasus/Senna (SI/SH),4,5,0.8
Galio/Udyr (DE/FR),Jack/Sett (BW/IO),4,5,0.8
Maokai/Nautilus (BW/SI),Lillia/Udyr (FR/IO),4,5,0.8
Gnar/Sejuani (BC/FR),Kayle (BW/MT),4,5,0.8
Championless (SI),Akshan/Morgana (DE/SH),4,5,0.8
Janna/Sett (IO/PZ),Braum/Lillia (FR/IO),4,5,0.8
Kayle (BW/MT),Akshan/Nasus (SI/SH),4,5,0.8
Championless (SI),Aatrox/Morgana (RU/DE),7,9,0.777777777777778
Kalista (SI),Ashe/LeBlanc (FR/NX),7,9,0.777777777777778
Maokai/Nautilus (BW/SI),Morgana/Udyr (DE/FR),7,9,0.777777777777778
Jayce/Lux (DE/PZ),Nidalee (BC/SH),7,9,0.777777777777778
Aatrox/Morgana (RU/DE),Championless (SI),2,9,0.222222222222222
Ashe/LeBlanc (FR/NX),Kalista (SI),2,9,0.222222222222222
Morgana/Udyr (DE/FR),Maokai/Nautilus (BW/SI),2,9,0.222222222222222
Nidalee (BC/SH),Jayce/Lux (DE/PZ),2,9,0.222222222222222
Ashe/LeBlanc (FR/NX),Rumble/Sion (BC/NX),4,8,0.5
Rumble/Sion (BC/NX),Ashe/LeBlanc (FR/NX),4,8,0.5
Akshan/Lee Sin (IO/SH),Riven/Viktor (NX/PZ),4,8,0.5
Riven/Viktor (NX/PZ),Akshan/Lee Sin (IO/SH),4,8,0.5
Aatrox/Kayn (RU/RU),Ashe (FR/PZ),4,8,0.5
Ashe (FR/PZ),Aatrox/Kayn (RU/RU),4,8,0.5
Akshan/Lee Sin (IO/SH),Gangplank/Sejuani (BW/FR),4,8,0.5
Gangplank/Sejuani (BW/FR),Akshan/Lee Sin (IO/SH),4,8,0.5
Championless (IO/SI),Championless (SI),4,8,0.5
Championless (SI),Championless (IO/SI),4,8,0.5
Aatrox/Kayn (RU/RU),Aatrox/Kayn (RU/RU),4,8,0.5
Ashe (FR/PZ),Jax/Ornn (FR/RU),4,8,0.5
Jax/Ornn (FR/RU),Ashe (FR/PZ),4,8,0.5
Braum/Vladimir (FR/NX),Braum/Lillia (FR/IO),4,8,0.5
Braum/Lillia (FR/IO),Braum/Vladimir (FR/NX),4,8,0.5
Nidalee (BC/SH),Nidalee (BC/SH),4,8,0.5
Akshan/Nasus (SI/SH),Ashe/LeBlanc (FR/NX),4,8,0.5
Ashe/LeBlanc (FR/NX),Akshan/Nasus (SI/SH),4,8,0.5
Lillia/Udyr (FR/IO),Kayle (BW/MT),4,8,0.5
Kayle (BW/MT),Lillia/Udyr (FR/IO),4,8,0.5
Kayle (BW/MT),Gangplank/Sejuani (BW/FR),4,8,0.5
Gangplank/Sejuani (BW/FR),Kayle (BW/MT),4,8,0.5
Championless (SI),Gwen/Vayne (DE/SI),4,8,0.5
Gwen/Vayne (DE/SI),Championless (SI),4,8,0.5
Gangplank/Sejuani (BW/FR),Morgana/Udyr (DE/FR),1,9,0.111111111111111
Senna/Veigar (BC/SI),Braum/Lillia (FR/IO),1,9,0.111111111111111
Braum/Lillia (FR/IO),Ashe (FR/PZ),1,9,0.111111111111111
Morgana/Udyr (DE/FR),Gangplank/Sejuani (BW/FR),8,9,0.888888888888889
Braum/Lillia (FR/IO),Senna/Veigar (BC/SI),8,9,0.888888888888889
Ashe (FR/PZ),Braum/Lillia (FR/IO),8,9,0.888888888888889
Akshan/Lee Sin (IO/SH),Ashe/LeBlanc (FR/NX),6,23,0.260869565217391
Ashe/LeBlanc (FR/NX),Akshan/Lee Sin (IO/SH),17,23,0.739130434782609
Ashe/LeBlanc (FR/NX),Ashe/LeBlanc (FR/NX),12,24,0.5
Darius/Gnar (FR/NX),Gangplank/Sejuani (BW/FR),8,11,0.727272727272727
Braum/Vladimir (FR/NX),Ashe/LeBlanc (FR/NX),8,11,0.727272727272727
Nidalee (BC/SH),Maokai/Nautilus (BW/SI),8,11,0.727272727272727
Gangplank/Sejuani (BW/FR),Darius/Gnar (FR/NX),3,11,0.272727272727273
Ashe/LeBlanc (FR/NX),Braum/Vladimir (FR/NX),3,11,0.272727272727273
Maokai/Nautilus (BW/SI),Nidalee (BC/SH),3,11,0.272727272727273
Akshan/Lee Sin (IO/SH),Morgana/Udyr (DE/FR),11,16,0.6875
Sett (IO/PZ),Championless (SI),11,16,0.6875
Ashe (FR/PZ),Ashe/LeBlanc (FR/NX),11,16,0.6875
Aatrox/Kayn (RU/RU),Akshan/Varus (SH/RU),11,16,0.6875
Morgana/Udyr (DE/FR),Akshan/Lee Sin (IO/SH),5,16,0.3125
Championless (SI),Sett (IO/PZ),5,16,0.3125
Ashe/LeBlanc (FR/NX),Ashe (FR/PZ),5,16,0.3125
Akshan/Varus (SH/RU),Aatrox/Kayn (RU/RU),5,16,0.3125
Morgana/Udyr (DE/FR),Aatrox/Morgana (RU/DE),4,10,0.4
Akshan/Varus (SH/RU),Riven/Viktor (NX/PZ),4,10,0.4
Darius/Gnar (FR/NX),Sett (IO/PZ),4,10,0.4
Riven/Viktor (NX/PZ),Ashe (FR/PZ),4,10,0.4
Darius/Gnar (FR/NX),Braum/Vladimir (FR/NX),4,10,0.4
Lee Sin/Viktor (IO/PZ),Gnar/Nidalee (BC/SH),4,10,0.4
Maokai/Nautilus (BW/SI),Jack/Sett (BW/IO),4,10,0.4
LeBlanc/Sivir (NX/SH),Darius/Gnar (FR/NX),4,10,0.4
Championless (SI),LeBlanc/Sivir (NX/SH),4,10,0.4
Aatrox/Morgana (RU/DE),Morgana/Udyr (DE/FR),6,10,0.6
Riven/Viktor (NX/PZ),Akshan/Varus (SH/RU),6,10,0.6
Sett (IO/PZ),Darius/Gnar (FR/NX),6,10,0.6
Ashe (FR/PZ),Riven/Viktor (NX/PZ),6,10,0.6
Braum/Vladimir (FR/NX),Darius/Gnar (FR/NX),6,10,0.6
Gnar/Nidalee (BC/SH),Lee Sin/Viktor (IO/PZ),6,10,0.6
Jack/Sett (BW/IO),Maokai/Nautilus (BW/SI),6,10,0.6
Darius/Gnar (FR/NX),LeBlanc/Sivir (NX/SH),6,10,0.6
LeBlanc/Sivir (NX/SH),Championless (SI),6,10,0.6
Jayce/Lux (DE/PZ),Morgana/Udyr (DE/FR),5,13,0.384615384615385
Morgana/Udyr (DE/FR),Jayce/Lux (DE/PZ),8,13,0.615384615384615
Kayle (BW/MT),Jack/Sett (BW/IO),4,14,0.285714285714286
Jack/Sett (BW/IO),Kayle (BW/MT),10,14,0.714285714285714
Morgana/Udyr (DE/FR),Championless (SI),15,39,0.384615384615385
Championless (SI),Morgana/Udyr (DE/FR),24,39,0.615384615384615
Championless (SI),Championless (SI),75,150,0.5
Kalista (SI),Akshan/Varus (SH/RU),5,10,0.5
Akshan/Varus (SH/RU),Kalista (SI),5,10,0.5
Aatrox/Kayn (RU/RU),Kayle (BW/MT),5,10,0.5
Kayle (BW/MT),Aatrox/Kayn (RU/RU),5,10,0.5
Ashe (FR/PZ),Akshan/Lee Sin (IO/SH),7,12,0.583333333333333
Darius/Gnar (FR/NX),Nidalee (BC/SH),7,12,0.583333333333333
Rumble/Sion (BC/NX),Kayle (BW/MT),7,12,0.583333333333333
Akshan/Lee Sin (IO/SH),Ashe (FR/PZ),5,12,0.416666666666667
Nidalee (BC/SH),Darius/Gnar (FR/NX),5,12,0.416666666666667
Kayle (BW/MT),Rumble/Sion (BC/NX),5,12,0.416666666666667
Senna/Veigar (BC/SI),Ashe (FR/PZ),13,18,0.722222222222222
Senna/Veigar (BC/SI),Braum/Vladimir (FR/NX),13,18,0.722222222222222
Ashe (FR/PZ),Senna/Veigar (BC/SI),5,18,0.277777777777778
Braum/Vladimir (FR/NX),Senna/Veigar (BC/SI),5,18,0.277777777777778
Senna/Veigar (BC/SI),Akshan/Lee Sin (IO/SH),8,20,0.4
Riven/Viktor (NX/PZ),Ashe/LeBlanc (FR/NX),8,20,0.4
Akshan/Lee Sin (IO/SH),Senna/Veigar (BC/SI),12,20,0.6
Ashe/LeBlanc (FR/NX),Riven/Viktor (NX/PZ),12,20,0.6
Jack/Sett (BW/IO),Ashe/LeBlanc (FR/NX),4,13,0.307692307692308
Akshan/Varus (SH/RU),Nidalee (BC/SH),4,13,0.307692307692308
Ashe/LeBlanc (FR/NX),Jack/Sett (BW/IO),9,13,0.692307692307692
Nidalee (BC/SH),Akshan/Varus (SH/RU),9,13,0.692307692307692
Lee Sin/Viktor (IO/PZ),Senna/Veigar (BC/SI),9,20,0.45
Senna/Veigar (BC/SI),Lee Sin/Viktor (IO/PZ),11,20,0.55
Ashe (FR/PZ),Braum/Vladimir (FR/NX),6,6,1
Jayce/Lux (DE/PZ),Sett (IO/PZ),6,6,1
Lee Sin/Viktor (IO/PZ),Nasus/Thresh (SI/SH),6,6,1
Ashe/LeBlanc (FR/NX),Jax/Ornn (FR/RU),6,6,1
Kalista (SI),Darius/Gnar (FR/NX),6,6,1
Braum/Vladimir (FR/NX),Ashe (FR/PZ),0,6,0
Sett (IO/PZ),Jayce/Lux (DE/PZ),0,6,0
Nasus/Thresh (SI/SH),Lee Sin/Viktor (IO/PZ),0,6,0
Jax/Ornn (FR/RU),Ashe/LeBlanc (FR/NX),0,6,0
Darius/Gnar (FR/NX),Kalista (SI),0,6,0
Gnar/Neeko (FR/RU),Ashe/LeBlanc (FR/NX),1,6,0.166666666666667
Ashe/LeBlanc (FR/NX),Leona/Yasuo (IO/MT),1,6,0.166666666666667
Gangplank/Sejuani (BW/FR),Aatrox/Kayn (RU/RU),1,6,0.166666666666667
Akshan/Lee Sin (IO/SH),Kalista (SI),1,6,0.166666666666667
Aphelios/Viktor (MT/PZ),Senna/Veigar (BC/SI),1,6,0.166666666666667
Jayce/Lux (DE/PZ),Jax/Ornn (FR/RU),1,6,0.166666666666667
Championless (MT/SI),Jayce/Lux (DE/PZ),1,6,0.166666666666667
Championless (SI),Ashe/Caitlyn (FR/PZ),1,6,0.166666666666667
Championless (SI),Nasus (SI/SH),1,6,0.166666666666667
Nasus/Thresh (SI/SH),Aphelios/Viktor (MT/PZ),1,6,0.166666666666667
Ashe (FR/PZ),Aphelios/Viktor (MT/PZ),1,6,0.166666666666667
Ashe/LeBlanc (FR/NX),Gnar/Neeko (FR/RU),5,6,0.833333333333333
Leona/Yasuo (IO/MT),Ashe/LeBlanc (FR/NX),5,6,0.833333333333333
Aatrox/Kayn (RU/RU),Gangplank/Sejuani (BW/FR),5,6,0.833333333333333
Kalista (SI),Akshan/Lee Sin (IO/SH),5,6,0.833333333333333
Senna/Veigar (BC/SI),Aphelios/Viktor (MT/PZ),5,6,0.833333333333333
Jax/Ornn (FR/RU),Jayce/Lux (DE/PZ),5,6,0.833333333333333
Jayce/Lux (DE/PZ),Championless (MT/SI),5,6,0.833333333333333
Ashe/Caitlyn (FR/PZ),Championless (SI),5,6,0.833333333333333
Nasus (SI/SH),Championless (SI),5,6,0.833333333333333
Aphelios/Viktor (MT/PZ),Nasus/Thresh (SI/SH),5,6,0.833333333333333
Aphelios/Viktor (MT/PZ),Ashe (FR/PZ),5,6,0.833333333333333
Lee Sin/Viktor (IO/PZ),Championless (SI),8,29,0.275862068965517
Championless (SI),Lee Sin/Viktor (IO/PZ),21,29,0.724137931034483
Lee Sin/Viktor (IO/PZ),Ashe/LeBlanc (FR/NX),10,17,0.588235294117647
Kayle (BW/MT),Braum/Lillia (FR/IO),10,17,0.588235294117647
Ashe/LeBlanc (FR/NX),Lee Sin/Viktor (IO/PZ),7,17,0.411764705882353
Braum/Lillia (FR/IO),Kayle (BW/MT),7,17,0.411764705882353
Ashe (FR/PZ),Morgana/Udyr (DE/FR),4,9,0.444444444444444
Ashe (FR/PZ),LeBlanc/Sivir (NX/SH),4,9,0.444444444444444
Aatrox/Kayn (RU/RU),Braum/Vladimir (FR/NX),4,9,0.444444444444444
Jack/Sett (BW/IO),Morgana/Udyr (DE/FR),4,9,0.444444444444444
Aatrox/Kayn (RU/RU),Akshan/Lee Sin (IO/SH),4,9,0.444444444444444
Jax/Ornn (FR/RU),Lee Sin/Viktor (IO/PZ),4,9,0.444444444444444
Kayle (BW/MT),Aphelios/Viktor (MT/PZ),4,9,0.444444444444444
Ashe/LeBlanc (FR/NX),Aphelios/Viktor (MT/PZ),4,9,0.444444444444444
Championless (SI),Akshan/Nidalee/Sivir (DE/SH),4,9,0.444444444444444
Morgana/Udyr (DE/FR),Ashe (FR/PZ),5,9,0.555555555555556
LeBlanc/Sivir (NX/SH),Ashe (FR/PZ),5,9,0.555555555555556
Braum/Vladimir (FR/NX),Aatrox/Kayn (RU/RU),5,9,0.555555555555556
Morgana/Udyr (DE/FR),Jack/Sett (BW/IO),5,9,0.555555555555556
Akshan/Lee Sin (IO/SH),Aatrox/Kayn (RU/RU),5,9,0.555555555555556
Lee Sin/Viktor (IO/PZ),Jax/Ornn (FR/RU),5,9,0.555555555555556
Aphelios/Viktor (MT/PZ),Kayle (BW/MT),5,9,0.555555555555556
Aphelios/Viktor (MT/PZ),Ashe/LeBlanc (FR/NX),5,9,0.555555555555556
Akshan/Nidalee/Sivir (DE/SH),Championless (SI),5,9,0.555555555555556
Rumble/Sion (BC/NX),Championless (SI),4,12,0.333333333333333
Aatrox/Morgana (RU/DE),Senna/Veigar (BC/SI),4,12,0.333333333333333
Jayce/Lux (DE/PZ),Aatrox/Kayn (RU/RU),4,12,0.333333333333333
Jack/Sett (BW/IO),Akshan/Varus (SH/RU),4,12,0.333333333333333
Championless (SI),Rumble/Sion (BC/NX),8,12,0.666666666666667
Senna/Veigar (BC/SI),Aatrox/Morgana (RU/DE),8,12,0.666666666666667
Aatrox/Kayn (RU/RU),Jayce/Lux (DE/PZ),8,12,0.666666666666667
Akshan/Varus (SH/RU),Jack/Sett (BW/IO),8,12,0.666666666666667
Lee Sin/Viktor (IO/PZ),Lee Sin/Viktor (IO/PZ),6,12,0.5
Maokai/Nautilus (BW/SI),Maokai/Nautilus (BW/SI),6,12,0.5
Riven/Viktor (NX/PZ),Senna/Veigar (BC/SI),6,12,0.5
Senna/Veigar (BC/SI),Riven/Viktor (NX/PZ),6,12,0.5
Senna/Veigar (BC/SI),Nidalee (BC/SH),6,12,0.5
Nidalee (BC/SH),Senna/Veigar (BC/SI),6,12,0.5
Riven/Viktor (NX/PZ),Darius/Gnar (FR/NX),11,14,0.785714285714286
Darius/Gnar (FR/NX),Riven/Viktor (NX/PZ),3,14,0.214285714285714
Darius/Gnar (FR/NX),Championless (SI),52,87,0.597701149425287
Championless (SI),Darius/Gnar (FR/NX),35,87,0.402298850574713
Championless (SI),Maokai/Nautilus (BW/SI),26,42,0.619047619047619
Maokai/Nautilus (BW/SI),Championless (SI),16,42,0.380952380952381
Championless (SI),Riven/Viktor (NX/PZ),8,28,0.285714285714286
Riven/Viktor (NX/PZ),Championless (SI),20,28,0.714285714285714
Jayce/Lux (DE/PZ),Championless (SI),42,78,0.538461538461538
Championless (SI),Jayce/Lux (DE/PZ),36,78,0.461538461538462
Braum/Vladimir (FR/NX),Championless (SI),9,21,0.428571428571429
Championless (SI),Braum/Vladimir (FR/NX),12,21,0.571428571428571
Kayle (BW/MT),Riven/Viktor (NX/PZ),3,10,0.3
Akshan/Lee Sin (IO/SH),Jack/Sett (BW/IO),3,10,0.3
Braum/Vladimir (FR/NX),Maokai/Nautilus (BW/SI),3,10,0.3
Braum/Lillia (FR/IO),Morgana/Udyr (DE/FR),3,10,0.3
Maokai/Nautilus (BW/SI),Gnar/Nidalee (BC/SH),3,10,0.3
Braum/Lillia (FR/IO),Jack/Sett (BW/IO),3,10,0.3
Riven/Viktor (NX/PZ),Kayle (BW/MT),7,10,0.7
Jack/Sett (BW/IO),Akshan/Lee Sin (IO/SH),7,10,0.7
Maokai/Nautilus (BW/SI),Braum/Vladimir (FR/NX),7,10,0.7
Morgana/Udyr (DE/FR),Braum/Lillia (FR/IO),7,10,0.7
Gnar/Nidalee (BC/SH),Maokai/Nautilus (BW/SI),7,10,0.7
Jack/Sett (BW/IO),Braum/Lillia (FR/IO),7,10,0.7
Senna/Veigar (BC/SI),Akshan/Varus (SH/RU),11,35,0.314285714285714
Akshan/Varus (SH/RU),Senna/Veigar (BC/SI),24,35,0.685714285714286
Jayce/Lux (DE/PZ),Ashe (FR/PZ),17,21,0.80952380952381
Ashe (FR/PZ),Jayce/Lux (DE/PZ),4,21,0.19047619047619
Ashe (FR/PZ),Championless (SI),14,31,0.451612903225806
Championless (SI),Ashe (FR/PZ),17,31,0.548387096774194
Morgana/Udyr (DE/FR),Braum/Vladimir (FR/NX),4,11,0.363636363636364
Jayce/Lux (DE/PZ),Braum/Vladimir (FR/NX),4,11,0.363636363636364
Malphite/Yasuo (IO/MT),Championless (SI),4,11,0.363636363636364
Braum/Vladimir (FR/NX),Morgana/Udyr (DE/FR),7,11,0.636363636363636
Braum/Vladimir (FR/NX),Jayce/Lux (DE/PZ),7,11,0.636363636363636
Championless (SI),Malphite/Yasuo (IO/MT),7,11,0.636363636363636
Senna/Veigar (BC/SI),Senna/Veigar (BC/SI),16,32,0.5
Akshan/Lee Sin (IO/SH),Championless (SI),18,43,0.418604651162791
Championless (SI),Akshan/Lee Sin (IO/SH),25,43,0.581395348837209
Ashe/LeBlanc (FR/NX),Aatrox/Kayn (RU/RU),12,18,0.666666666666667
Aatrox/Kayn (RU/RU),Ashe/LeBlanc (FR/NX),6,18,0.333333333333333
Jayce/Lux (DE/PZ),Jayce/Lux (DE/PZ),13,26,0.5
Maokai/Nautilus (BW/SI),Ashe/LeBlanc (FR/NX),12,19,0.631578947368421
Ashe/LeBlanc (FR/NX),Maokai/Nautilus (BW/SI),7,19,0.368421052631579
Gangplank/Sejuani (BW/FR),Championless (SI),9,15,0.6
Nasus/Thresh (SI/SH),Darius/Gnar (FR/NX),9,15,0.6
Championless (SI),Gangplank/Sejuani (BW/FR),6,15,0.4
Darius/Gnar (FR/NX),Nasus/Thresh (SI/SH),6,15,0.4
Lillia/Sett (BC/IO),Championless (SI),6,14,0.428571428571429
Kalista (SI),Jayce/Lux (DE/PZ),6,14,0.428571428571429
Kayle (BW/MT),Ashe (FR/PZ),6,14,0.428571428571429
Championless (SI),Lillia/Sett (BC/IO),8,14,0.571428571428571
Jayce/Lux (DE/PZ),Kalista (SI),8,14,0.571428571428571
Ashe (FR/PZ),Kayle (BW/MT),8,14,0.571428571428571
Ashe/LeBlanc (FR/NX),Gangplank/Sejuani (BW/FR),0,5,0
Jayce/Lux (DE/PZ),Poppy/Riven (BC/NX),0,5,0
Jack/Sett (BW/IO),Galio/Morgana (DE/MT),0,5,0
Riven/Viktor (NX/PZ),LeBlanc/Udyr (FR/NX),0,5,0
Gangplank/Sejuani (BW/FR),Ashe/LeBlanc (FR/NX),5,5,1
Poppy/Riven (BC/NX),Jayce/Lux (DE/PZ),5,5,1
Galio/Morgana (DE/MT),Jack/Sett (BW/IO),5,5,1
LeBlanc/Udyr (FR/NX),Riven/Viktor (NX/PZ),5,5,1
Akshan/Varus (SH/RU),Akshan/Lee Sin (IO/SH),15,24,0.625
Akshan/Lee Sin (IO/SH),Akshan/Varus (SH/RU),9,24,0.375
Maokai/Nautilus (BW/SI),Akshan/Varus (SH/RU),5,19,0.263157894736842
Akshan/Varus (SH/RU),Maokai/Nautilus (BW/SI),14,19,0.736842105263158
Braum/Vladimir (FR/NX),Akshan/Varus (SH/RU),11,19,0.578947368421053
Akshan/Varus (SH/RU),Braum/Vladimir (FR/NX),8,19,0.421052631578947
Darius/Gnar (FR/NX),Akshan/Varus (SH/RU),11,25,0.44
Championless (SI),Janna/Sett (IO/PZ),11,25,0.44
Akshan/Varus (SH/RU),Darius/Gnar (FR/NX),14,25,0.56
Janna/Sett (IO/PZ),Championless (SI),14,25,0.56
Braum/Lillia (FR/IO),Jayce/Lux (DE/PZ),2,10,0.2
Jayce/Lux (DE/PZ),Braum/Lillia (FR/IO),8,10,0.8
Jayce/Lux (DE/PZ),Janna/Sett (IO/PZ),7,8,0.875
Aatrox/Kayn (RU/RU),Darius/Gnar (FR/NX),7,8,0.875
Kayle (BW/MT),Janna/Sett (IO/PZ),7,8,0.875
Janna/Sett (IO/PZ),Jayce/Lux (DE/PZ),1,8,0.125
Darius/Gnar (FR/NX),Aatrox/Kayn (RU/RU),1,8,0.125
Janna/Sett (IO/PZ),Kayle (BW/MT),1,8,0.125
Aphelios/Viktor (MT/PZ),Championless (SI),7,33,0.212121212121212
Championless (SI),Aphelios/Viktor (MT/PZ),26,33,0.787878787878788
Janna/Sett (IO/PZ),Akshan/Varus (SH/RU),2,8,0.25
Nasus/Thresh (SI/SH),Akshan/Varus (SH/RU),2,8,0.25
Championless (SI),Akshan/Nasus (SI/SH),2,8,0.25
Championless (SI),Senna/Veigar (PZ/SI),2,8,0.25
Akshan/Varus (SH/RU),Janna/Sett (IO/PZ),6,8,0.75
Akshan/Varus (SH/RU),Nasus/Thresh (SI/SH),6,8,0.75
Akshan/Nasus (SI/SH),Championless (SI),6,8,0.75
Senna/Veigar (PZ/SI),Championless (SI),6,8,0.75
Kayle (BW/MT),Jayce/Lux (DE/PZ),18,32,0.5625
Jayce/Lux (DE/PZ),Kayle (BW/MT),14,32,0.4375
Kayle (BW/MT),Nidalee (BC/SH),5,15,0.333333333333333
Braum/Lillia (FR/IO),Darius/Gnar (FR/NX),5,15,0.333333333333333
Nidalee (BC/SH),Kayle (BW/MT),10,15,0.666666666666667
Darius/Gnar (FR/NX),Braum/Lillia (FR/IO),10,15,0.666666666666667
Championless (SI),Jax/Ornn (FR/RU),7,14,0.5
Jax/Ornn (FR/RU),Championless (SI),7,14,0.5
Braum/Lillia (FR/IO),Maokai/Nautilus (BW/SI),7,13,0.538461538461538
Maokai/Nautilus (BW/SI),Braum/Lillia (FR/IO),6,13,0.461538461538462
Akshan/Varus (SH/RU),Braum/Lillia (FR/IO),9,14,0.642857142857143
Braum/Lillia (FR/IO),Akshan/Varus (SH/RU),5,14,0.357142857142857
Braum/Lillia (FR/IO),Championless (SI),16,33,0.484848484848485
Championless (SI),Braum/Lillia (FR/IO),17,33,0.515151515151515
Kayle (BW/MT),Kayle (BW/MT),14,28,0.5
