archetype_1,archetype_2,mu_win,mu_n,mu_wr
Championless (IO/PZ),LeBlanc (FR/NX),2,2,1
Quinn/Vayne (DE/PZ),Zoe (IO/MT),2,2,1
Zoe (IO/MT),Norra/Teemo (BC/PZ),2,2,1
Championless (SI),Braum/Sejuani (FR/MT),2,2,1
Ezreal/Seraphine (IO/PZ),Kalista (SI),2,2,1
Darius/Gnar (FR/NX),Kalista (PZ/SI),2,2,1
Pantheon/Zoe (FR/MT),Gnar/Neeko (FR/RU),2,2,1
Sivir (SI/SH),Kai'Sa/Zoe (MT/SH),2,2,1
Kalista (PZ/SI),Ezreal/Twisted Fate (BW/PZ),2,2,1
Gnar/Nidalee (BC/SH),Ezreal/Nilah (BW/PZ),2,2,1
Akshan/Pantheon (MT/SH),Norra/Teemo (BC/PZ),2,2,1
Annie/Jhin (RU/NX),Kai'Sa/Sivir (BW/SH),2,2,1
Nidalee (BC/SH),Kalista/Nocturne (SI),2,2,1
Darius/Swain (BW/NX),Ahri/Katarina (IO/NX),2,2,1
Gnar/Nidalee (BC/SH),Elise/Ezreal (PZ/SI),2,2,1
Kalista (SI),Aphelios/Twisted Fate (BW/MT),2,2,1
Braum (FR/MT),Yasuo (IO/MT),2,2,1
Ashe/Sejuani (FR),Ashe/LeBlanc (FR/NX),2,2,1
Ashe/LeBlanc (FR/NX),Akshan/Sivir (SI/SH),2,2,1
Udyr/Vayne (DE/FR),Samira/Sejuani (FR/NX),2,2,1
Gnar/Samira (BC/NX),Akshan/Sivir (MT/SH),2,2,1
Norra/Zoe (BC/MT),Kalista (SI),2,2,1
Gwen/Vayne (DE/SI),Caitlyn/Jinx (FR/PZ),2,2,1
Gwen/Vayne (DE/SI),Samira/Sejuani (FR/NX),2,2,1
Gwen/Vayne (DE/SI),Ahri/Ezreal/Kennen (IO/PZ),2,2,1
Braum/Zoe (FR/MT),Samira/Sejuani (FR/NX),2,2,1
Championless (SI),Annie/Gnar (BC/NX),2,2,1
Nilah/Twisted Fate (BW/PZ),Norra/Zoe (BC/MT),2,2,1
LeBlanc (FR/NX),Samira/Sejuani (FR/NX),2,2,1
LeBlanc (FR/NX),Annie/Jhin (RU/NX),2,2,1
Lulu/Zed (DE/IO),Hecarim (SI/SH),2,2,1
Akshan/Nidalee (BC/SH),Kalista (SI),2,2,1
Championless (SI),Caitlyn/Jinx (FR/PZ),2,2,1
Neeko/Renekton (RU/SH),Caitlyn/Jinx (FR/PZ),2,2,1
Ashe/LeBlanc (FR/NX),Darius/Swain (BW/NX),2,2,1
Braum/Zoe (FR/MT),Ezreal/Seraphine (IO/PZ),2,2,1
Championless (SI),Ezreal/Seraphine (NX/PZ),2,2,1
LeBlanc (FR/NX),Ezreal/Seraphine (NX/PZ),2,2,1
Championless (SI),Kai'Sa/Sivir (BW/SH),2,2,1
Kai'Sa/Pantheon (MT/SH),Ezreal/Seraphine (BW/PZ),2,2,1
Braum/Swain (FR/NX),Caitlyn (BC/PZ),2,2,1
Katarina/Yasuo (IO/NX),Norra/Zoe (BC/MT),2,2,1
Norra/Teemo (BC/PZ),Kai'Sa/Pantheon (MT/SH),2,2,1
Kalista (SI),Ezreal/Seraphine (NX/PZ),2,2,1
Gwen/Vayne (DE/SI),Miss Fortune/Swain (BW/NX),2,2,1
Fizz (BW/FR),Ezreal/Seraphine (BC/PZ),2,2,1
Braum/Zoe (FR/MT),Norra/Teemo (BC/PZ),2,2,1
Gwen/Udyr (FR/SI),Nilah/Twisted Fate (BW/PZ),2,2,1
Darius/Garen (DE/NX),Kai'Sa/Pantheon (MT/SH),2,2,1
Fiora/Shen (DE/IO),Kalista (SI),2,2,1
Fiora/Shen (DE/IO),Fizz (BW/FR),2,2,1
Ezreal/Seraphine (BC/PZ),Leona/Yasuo (IO/MT),2,2,1
Ezreal/Seraphine (BC/PZ),Nidalee (BC/SH),2,2,1
Kalista (SI),Caitlyn/Teemo (BC/PZ),2,2,1
Draven/Jinx (NX/PZ),LeBlanc (FR/NX),2,2,1
Ashe/LeBlanc (FR/NX),Kai'Sa/Sivir (BW/SH),2,2,1
Elise/Hecarim (SI),Akshan/Kai'Sa/Pantheon (MT/SH),2,2,1
Annie/Swain (NX/PZ),Fiora (DE/SH),2,2,1
Miss Fortune/Quinn (BW/DE),Braum/Zoe (FR/MT),2,2,1
Annie/Swain (NX/PZ),Ashe/Sejuani (FR),2,2,1
Ashe (FR/PZ),Ezreal (PZ/SI),2,2,1
Janna/Nilah (BW/PZ),Garen (DE/SH),2,2,1
Darius/Gnar (FR/NX),Garen (DE/SH),2,2,1
Ashe/Sejuani (FR/SI),Ezreal/Janna (IO/PZ),2,2,1
Fizz/Nami (BW/MT),Ezreal/Seraphine (BC/PZ),2,2,1
Caitlyn/Jinx (FR/PZ),Evelynn/Norra (BC/RU),2,2,1
Ashe/Ezreal (FR/PZ),Fiora (DE/SH),2,2,1
Ezreal/Seraphine (NX/PZ),Yasuo (IO/MT),2,2,1
Ezreal/Seraphine (PZ/SI),Ashe/Fiora (DE/FR),2,2,1
LeBlanc (FR/NX),Ezreal/Seraphine (PZ/SI),2,2,1
Swain/Twisted Fate (BW/NX),Fizz/Nami (BW/MT),2,2,1
Nilah/Twisted Fate (BW/PZ),Jhin/Swain (RU/NX),2,2,1
Evelynn/Kai'Sa (RU/SH),Ezreal/Seraphine (PZ/SI),2,2,1
Garen/Irelia (DE/IO),Ezreal/Seraphine (PZ/SI),2,2,1
LeBlanc (FR/NX),Gwen/Irelia (IO/SI),2,2,1
Ezreal/Seraphine (PZ/SI),Gwen/Irelia (IO/SI),2,2,1
Akshan/Ekko/Janna (PZ/SH),Gwen/Vayne (DE/SI),2,2,1
Ashe/Zoe (FR/MT),Gwen/Vayne (DE/SI),2,2,1
Ashe/Sejuani (FR/SI),Ezreal/Master Yi/Seraphine (IO/PZ),2,2,1
Garen/Udyr (DE/FR),Ashe/Sejuani (FR/SI),2,2,1
Akshan/Master Yi (IO/SH),Akshan/Zoe (MT/SH),2,2,1
Hecarim/Lucian (DE/SI),Zoe (IO/MT),2,2,1
Championless (SI),Kai'Sa/Zoe (MT/SH),2,2,1
Darius/Gnar (FR/NX),Kai'Sa/Zoe (MT/SH),2,2,1
Sivir (SI/SH),Ezreal (PZ/SI),2,2,1
Akshan/Pantheon (MT/SH),Kai'Sa/Pantheon (MT/SH),2,2,1
Katarina/Yasuo (IO/NX),LeBlanc/Sivir (NX/SH),2,2,1
Ahri/Katarina (IO/NX),Irelia/Udyr (FR/IO),2,2,1
Championless (SI),Ahri/Katarina (IO/NX),2,2,1
Fiora (DE/SH),Nilah/Twisted Fate (BW/PZ),2,2,1
Kalista/Nocturne (SI),Lux: Illuminated (DE/MT),2,2,1
Akshan/Master Yi (IO/SH),Akshan/Sivir (DE/SH),2,2,1
Kalista/Nocturne (SI),Braum/Zoe (FR/MT),2,2,1
Ashe/LeBlanc (FR/NX),Ashe/Lissandra (DE/FR),2,2,1
Championless (BW/MT),Ezreal/Seraphine (PZ/SI),2,2,1
Ezreal (PZ/SI),Championless (PZ/SI),2,2,1
Gwen/Katarina (NX/SI),Akshan/Sivir (MT/SH),2,2,1
Akshan/Kai'Sa (DE/SH),Ezreal/Twisted Fate (BW/PZ),2,2,1
Championless (SI),Aphelios/Zoe (MT),2,2,1
Master Yi/Zoe (IO/MT),Akshan/Fiora (DE/SH),2,2,1
Kalista (SI),Ezreal/Seraphine (BC/PZ),2,2,1
Braum/Zoe (FR/MT),Ezreal/Seraphine (NX/PZ),2,2,1
Championless (PZ/SI),Ezreal/Seraphine (NX/PZ),2,2,1
Garen/Udyr (DE/FR),LeBlanc (FR/NX),2,2,1
Lulu/Zed (DE/IO),Akshan/Pantheon (MT/SH),2,2,1
Akshan/Pantheon (MT/SH),Gwen/Vayne (DE/SI),2,2,1
Bard/Caitlyn (RU/PZ),Ezreal/Janna (IO/PZ),2,2,1
Akshan/Sivir (DE/SH),Darius/Gnar (FR/NX),2,2,1
Darius/Gnar (FR/NX),Swain/Twisted Fate (BW/NX),2,2,1
Nilah/Twisted Fate (BW/PZ),Fizz/Nami (BW/MT),2,2,1
Ashe (FR/PZ),Ezreal/Janna (PZ/SI),2,2,1
Akshan/Sivir (NX/SH),Garen/Udyr (DE/FR),2,2,1
Ashe/LeBlanc (FR/NX),Aphelios/Zoe (MT/SH),2,2,1
Nilah/Twisted Fate (BW/PZ),Draven/Jinx (NX/PZ),2,2,1
Ashe (FR/PZ),Fizz/Samira (BW/NX),2,2,1
Ezreal/Seraphine (IO/PZ),Sivir (SI/SH),2,2,1
Nilah/Twisted Fate (BW/PZ),Lulu/Zed (DE/IO),2,2,1
Akshan/Pantheon (MT/SH),Bard/Caitlyn (RU/PZ),2,2,1
Akshan/Fiora (DE/SH),Kai'Sa/Zoe (MT/SH),2,2,1
Fiora (DE/SH),Braum/Zoe (FR/MT),2,2,1
Janna/Twisted Fate (BW/PZ),Ezreal/Twisted Fate (BW/PZ),2,2,1
Kalista (SI),Ezreal/Janna (IO/PZ),2,2,1
Ekko (PZ/SI),Garen/Udyr (DE/FR),2,2,1
Garen/Udyr (DE/FR),Master Yi/Zoe (IO/MT),2,2,1
Garen/Gnar (DE/FR),Aphelios/Master Yi (IO/MT),2,2,1
Draven/Katarina (FR/NX),Janna/Master Yi (IO/PZ),2,2,1
Fizz/Udyr (BW/FR),Janna/Twisted Fate (BW/PZ),2,2,1
Janna/Twisted Fate (BW/PZ),Master Yi/Zoe (IO/MT),2,2,1
Ashe/LeBlanc (FR/NX),Fizz/Samira (BW/NX),2,2,1
Caitlyn/Draven (NX/PZ),Samira/Zed (IO/NX),2,2,1
Ashe/LeBlanc (FR/NX),Ashe/Gnar (DE/FR),2,2,1
LeBlanc/Sivir (NX/SH),Garen/Shen (DE/IO),2,2,1
Akshan/Samira (NX/SH),Janna (PZ/SI),2,2,1
Braum/Zoe (FR/MT),Gnar/LeBlanc (FR/NX),2,2,1
Janna (PZ/SI),Darius (FR/NX),2,2,1
Braum/Gnar (BC/FR),Championless (PZ/SI),2,2,1
Hecarim/Zed (IO/SI),Caitlyn/Swain (NX/PZ),2,2,1
Fiora/Udyr (DE/FR),Caitlyn/Swain (NX/PZ),2,2,1
Ashe/LeBlanc (FR/NX),Master Yi/Pantheon (IO/MT),2,2,1
Caitlyn/Swain (NX/PZ),Swain/Yasuo (IO/NX),2,2,1
Swain/Yasuo (IO/NX),Garen/Udyr (DE/FR),2,2,1
Swain/Twisted Fate (BW/NX),Janna/Master Yi (IO/PZ),2,2,1
LeBlanc/Sivir (NX/SH),Gwen/Vayne (DE/SI),2,2,1
Championless (SI),Tristana (BC/DE),2,2,1
Kalista (SI),Leona/Yasuo (IO/MT),2,2,1
Ashe (FR/PZ),Evelynn/Kai'Sa (RU/SH),2,2,1
Aphelios/Seraphine (MT/PZ),Teemo/Zoe (BC/MT),2,2,1
Katarina/Yasuo (IO/NX),Fiora/Udyr (DE/FR),2,2,1
Gwen/Vayne (DE/SI),Darius/Gnar (FR/NX),2,2,1
Katarina/Yasuo (IO/NX),Akshan/Ekko (PZ/SH),2,2,1
Championless (PZ/SI),Braum/Master Yi (FR/IO),2,2,1
Championless (PZ/SI),Caitlyn/Norra (BC/PZ),2,2,1
Miss Fortune/Zoe (BW/MT),Ashe/LeBlanc (FR/NX),2,2,1
Gnar/Neeko (FR/RU),Samira/Twisted Fate (BW/NX),2,2,1
Shen/Sivir (IO/SH),Championless (FR/MT),2,2,1
Swain/Yasuo (IO/NX),Ashe (FR/SI),2,2,1
Elise (SI),Gwen/Renekton (SI/SH),2,2,1
Caitlyn/Teemo (BC/PZ),Nami/Twisted Fate (BW/PZ),2,2,1
Garen/Neeko (DE/RU),Akshan/Samira (NX/SH),2,2,1
Gnar/Tristana (BC/BW),Elise (SI),2,2,1
Nami/Nilah (BW/IO),Braum/Zoe (FR/MT),2,2,1
Yasuo (IO/PZ),Leona/Yasuo (IO/MT),2,2,1
Lulu/Shen (IO/MT),Garen (DE/SH),2,2,1
Annie/Jhin (RU/NX),LeBlanc/Udyr (FR/NX),2,2,1
Annie/Jhin (RU/NX),Elise (SI),2,2,1
Akshan/Ekko (PZ/SH),Caitlyn/Swain (NX/PZ),2,2,1
Ashe/LeBlanc (FR/NX),Fizz (BC/FR),2,2,1
Caitlyn/Swain (NX/PZ),Akshan/Sivir (IO/SH),2,2,1
Fizz (BC/FR),Akshan/Sivir (DE/SH),2,2,1
Ashe/LeBlanc (FR/NX),Quinn/Vayne/Zed (DE/IO),2,2,1
Darius/Gwen (NX/SI),Ezreal/Zoe (MT/PZ),2,2,1
Ezreal/Zoe (MT/PZ),Leona/Yasuo (IO/MT),2,2,1
Zoe (FR/MT),Ashe/LeBlanc (FR/NX),2,2,1
Gwen/Sivir (SI/SH),Ashe/Janna (FR/PZ),2,2,1
LeBlanc/Sivir (NX/SH),Darius/Gwen (NX/SI),2,2,1
Ashe/LeBlanc (FR/NX),Gwen (NX/SI),2,2,1
Championless (PZ/SI),Yasuo (IO/NX),2,2,1
Garen (DE),Gnar/Tristana (BC/NX),2,2,1
Ashe/Caitlyn (FR/PZ),Gnar/Udyr (DE/FR),2,2,1
Janna (FR/PZ),Caitlyn/Norra/Teemo (BC/PZ),2,2,1
Championless (SI),Akshan/Master Yi/Sivir (IO/SH),2,2,1
Braum/Zoe (FR/MT),Udyr (FR/MT),2,2,1
Braum/Zoe (FR/MT),Gwen/LeBlanc (NX/SI),2,2,1
Caitlyn/Swain (NX/PZ),LeBlanc/Sivir (NX/SH),2,2,1
Nilah/Twisted Fate (BW/PZ),Championless (FR/MT),2,2,1
Quinn/Vayne/Zed (DE/IO),Nami/Twisted Fate (BW/PZ),2,2,1
Master Yi/Nami (BW/IO),Championless (PZ/SI),2,2,1
Garen (DE),Championless (PZ/SI),2,2,1
Ashe/Caitlyn (FR/PZ),Championless (PZ/SI),2,2,1
Braum/Zoe (FR/MT),Tristana (BC/DE),2,2,1
Gnar/Tristana (BC/BW),Darius/Gnar (FR/NX),2,2,1
Garen (DE/SH),Caitlyn/Swain (NX/PZ),2,2,1
Annie/Jhin (RU/NX),Master Yi/Zoe (IO/MT),2,2,1
Janna/Nilah (BW/PZ),Kalista/Lucian (DE/SI),2,2,1
Akshan/Zed (IO/SH),Leona/Yasuo (IO/MT),2,2,1
Annie/Jhin (RU/NX),Shen/Sivir (IO/SH),2,2,1
Gwen/Hecarim/Kalista (SI),Annie/Jhin (RU/NX),2,2,1
Braum/Zoe (FR/MT),Udyr (FR/SI),2,2,1
Championless (SI),Pantheon/Zoe (DE/MT),2,2,1
Ashe/Janna (FR/PZ),Akshan/Fiora (DE/SH),2,2,1
Braum/Gnar (FR/MT),Ashe (FR/PZ),2,2,1
Master Yi/Nami (BW/IO),Braum/Zoe (FR/MT),2,2,1
Janna (IO/PZ),Darius/Gnar (FR/NX),2,2,1
Ashe (FR/PZ),Elise (SI),2,2,1
Katarina/Samira (NX/PZ),Braum/Zoe (FR/MT),2,2,1
Championless (SI),Garen/Neeko (DE/RU),2,2,1
Braum/Zoe (FR/MT),Sejuani/Teemo (BC/FR),2,2,1
Ashe (FR/PZ),Ashe/Braum (FR/IO),2,2,1
Janna/Nilah (BW/PZ),Norra/Zoe (BC/MT),2,2,1
Darius/Gnar (FR/NX),Janna/Nilah/Twisted Fate (BW/PZ),2,2,1
Darius/Gnar (FR/NX),Garen (DE),2,2,1
Janna/Master Yi (IO/PZ),Garen/Neeko (DE/RU),2,2,1
Sejuani/Swain (FR/NX),Caitlyn/Swain/Teemo (NX/PZ),2,2,1
Ashe/LeBlanc (FR/NX),Jhin/Twisted Fate (BW/RU),2,2,1
Akshan/Samira (NX/SH),Sejuani/Swain (FR/NX),2,2,1
Darius/Gnar (FR/NX),Hecarim/Kalista (PZ/SI),2,2,1
Hecarim/Zed (IO/SI),Kalista (SI),2,2,1
Nidalee (BC/SH),Swain/Yasuo (IO/NX),2,2,1
Ezreal/Nilah (BW/PZ),Ekko/Nidalee (PZ/SH),2,2,1
Kalista (SI),Ekko (PZ/SH),2,2,1
Gnar/Sejuani (BC/FR),Championless (PZ/SI),2,2,1
Annie/Jhin (RU/NX),Master Yi/Seraphine (IO/PZ),2,2,1
Leona/Yasuo (IO/MT),Darius/Gwen (NX/SI),2,2,1
Draven/LeBlanc (FR/NX),Caitlyn/Swain (NX/PZ),2,2,1
LeBlanc/Udyr (FR/NX),Ashe/LeBlanc (FR/NX),2,2,1
LeBlanc/Udyr (FR/NX),Master Yi/Zoe (IO/MT),2,2,1
Ashe/LeBlanc (FR/NX),Caitlyn/Teemo (PZ),2,2,1
Norra/Swain (BC/NX),Ashe (FR/PZ),2,2,1
Ashe/LeBlanc (FR/NX),Miss Fortune (BW/MT),2,2,1
Fiora/Shen (DE/IO),Championless (MT/SI),2,2,1
Renekton/Sejuani (FR/SH),Akshan/Nidalee (BC/SH),2,2,1
Ashe/LeBlanc (FR/NX),Ezreal/Norra (BC/PZ),2,2,1
Akshan/Ekko (PZ/SH),Master Yi/Udyr (FR/IO),2,2,1
Ezreal/Nilah/Twisted Fate (BW/PZ),Ashe/Caitlyn (FR/PZ),2,2,1
Braum/Zoe (FR/MT),Lux: Illuminated/Udyr (DE/FR),2,2,1
Samira/Twisted Fate (BW/NX),Norra/Teemo (BC/PZ),2,2,1
Sejuani/Swain (FR/NX),Ahri/Kennen (BC/IO),2,2,1
Hecarim/Kalista (SI/SH),LeBlanc/Sivir (NX/SH),2,2,1
Nidalee (BC/SH),Akshan/Ekko (PZ/SH),2,2,1
Ezreal/Norra (BC/PZ),Darius/Yasuo (IO/NX),2,2,1
Caitlyn/Swain (NX/PZ),Annie/Jhin (RU/NX),2,2,1
Gnar/Nidalee (BC/SH),Darius/Gwen (NX/SI),2,2,1
Ashe/LeBlanc (FR/NX),Udyr (FR/MT),2,2,1
Gwen/Hecarim/Sivir (SI/SH),Braum/Udyr (DE/FR),2,2,1
Kalista (SI),Hecarim (SI),2,2,1
Janna (PZ/SI),Master Yi/Zoe (IO/MT),2,2,1
Akshan/Pantheon (MT/SH),Caitlyn/Teemo (BC/PZ),2,2,1
Ashe/LeBlanc (FR/NX),Championless (DE/FR),2,2,1
Kalista/Lucian (DE/SI),Leona/Yasuo (IO/MT),2,2,1
LeBlanc (FR/NX),Evelynn/Norra (BC/RU),2,2,1
Akshan/Pantheon (MT/SH),Kalista (SI),2,2,1
Championless (BC/SI),Gwen (IO/SI),2,2,1
Ashe/LeBlanc (FR/NX),Norra/Twisted Fate (BC/BW),2,2,1
Annie/Jhin (RU/NX),Hecarim/Zed (IO/SI),2,2,1
Nilah/Twisted Fate (BW/PZ),Hecarim/Kalista (SI/SH),2,2,1
Annie/Jhin (RU/NX),Hecarim/Sivir (SI/SH),2,2,1
Akshan/Master Yi (IO/SH),Lulu/Shen (DE/IO),2,2,1
Nilah/Twisted Fate (BW/PZ),Kalista/LeBlanc (NX/SI),2,2,1
Darius/Gnar (FR/NX),Janna (FR/PZ),2,2,1
Braum/Zoe (FR/MT),Lucian/Zoe (DE/MT),2,2,1
Sejuani/Swain (FR/NX),Fizz/Samira (BW/NX),2,2,1
Teemo/Tristana (BC/SI),Yasuo (IO/NX),2,2,1
Samira/Twisted Fate (BW/NX),Master Yi/Udyr (FR/IO),2,2,1
Ashe (FR/PZ),Kalista (SI/SH),2,2,1
Championless (SI),Bard/Norra/Teemo (BC/RU),2,2,1
Udyr (DE/FR),Nilah/Twisted Fate (BW/PZ),2,2,1
Sejuani/Teemo (BC/FR),Braum/Gnar (FR/MT),2,2,1
Janna (FR/PZ),Championless (SI/SH),2,2,1
Ashe (FR/PZ),Janna/Nilah/Twisted Fate (BW/PZ),2,2,1
Ashe/Janna (FR/PZ),Janna/Nilah/Twisted Fate (BW/PZ),2,2,1
Garen (DE),Janna/Nilah/Twisted Fate (BW/PZ),2,2,1
Neeko/Teemo (BC/RU),Hecarim/Kalista (IO/SI),2,2,1
Championless (MT/SI),Sejuani/Swain (FR/NX),2,2,1
Nilah/Twisted Fate (BW/PZ),Twisted Fate (BW/FR),2,2,1
Ashe/LeBlanc (FR/NX),Fizz/Nami (BW/FR),2,2,1
Hecarim/Kalista (SI/SH),Fizz/Nami (BW/FR),2,2,1
Ashe/LeBlanc (FR/NX),Kai'Sa/Zed (IO/SH),2,2,1
Janna/Nilah (BW/PZ),Fizz/Nami (BW/FR),2,2,1
Leona/Yasuo (IO/MT),Kai'Sa/Zed (IO/SH),2,2,1
Katarina/Yasuo (IO/NX),Hecarim/Kalista (SI/SH),2,2,1
Braum/Zoe (FR/MT),Garen/Sivir (DE/SH),2,2,1
Twisted Fate/Udyr (BW/FR),Ashe/LeBlanc (FR/NX),2,2,1
Janna/Nilah (BW/PZ),Annie/Samira (NX/PZ),2,2,1
Garen/Sivir (DE/SH),Darius/Gnar (FR/NX),2,2,1
Ezreal/Seraphine (PZ/SI),Master Yi/Udyr (FR/IO),2,2,1
Ashe (FR),Gnar/Nidalee (BC/SH),2,2,1
Garen/Udyr (DE/FR),Shen/Sivir (IO/SH),2,2,1
Draven/Pantheon (MT/NX),Garen/Sivir (DE/SH),2,2,1
Ezreal/Seraphine (PZ/SI),Ezreal/Gwen/Teemo (PZ/SI),2,2,1
Ashe (FR/PZ),Norra/Twisted Fate (BC/BW),2,2,1
Championless (MT/SI),Norra/Teemo (BC/PZ),2,2,1
Swain/Yasuo (IO/NX),Kalista/Nocturne (BW/SI),2,2,1
Darius/Gnar (FR/NX),Ahri/Kennen (BC/IO),2,2,1
Akshan/Gwen (SI/SH),Ashe/LeBlanc (FR/NX),2,2,1
Hecarim (SI),Caitlyn/Norra/Teemo (BC/PZ),2,2,1
Ashe/Udyr (FR/SI),Ashe/LeBlanc (FR/NX),2,2,1
Braum/Janna (FR/PZ),Fiora/Udyr (DE/FR),2,2,1
Twisted Fate (BW/FR),Championless (MT/SI),2,2,1
Braum/Janna (FR/PZ),Nami/Seraphine (BW/PZ),2,2,1
Neeko (FR/RU),Annie/Jhin (RU/NX),2,2,1
Lulu/Shen (DE/IO),Gwen/LeBlanc (NX/SI),2,2,1
Championless (PZ/SI),Garen/LeBlanc (DE/NX),2,2,1
Diana/Nocturne (MT/SI),Ezreal/Janna (DE/PZ),2,2,1
Norra/Zoe (BC/MT),Fizz/Nami/Nilah (BW/PZ),2,2,1
Swain/Twisted Fate (BW/NX),Janna/Twisted Fate (BW/PZ),2,2,1
Braum/Zoe (FR/MT),Braum/Janna (FR/PZ),2,2,1
Garen (DE/SI),Teemo/Zoe (BC/MT),2,2,1
Championless (SI),Quinn/Vayne/Zed (DE/IO),2,2,1
Tristana (BC/IO),Annie/Jhin (RU/NX),2,2,1
Championless (MT/SI),Sejuani (BC/FR),2,2,1
Braum/The Poro King (FR/RU),Championless (MT/SI),2,2,1
Fiora/Udyr (DE/FR),Championless (MT/SI),2,2,1
Ezreal/Seraphine (PZ/SI),Championless (PZ/SI),2,2,1
Katarina/Swain/Yasuo (IO/NX),Kalista/Norra (BC/SI),2,2,1
Caitlyn/Norra/Teemo (BC/PZ),Nilah/Twisted Fate (BW/PZ),2,2,1
Teemo/Twisted Fate (BW/PZ),Championless (FR/MT),2,2,1
Caitlyn/Yasuo (IO/PZ),Teemo/Twisted Fate (BW/PZ),2,2,1
Yasuo (IO/NX),Sejuani/Swain (FR/NX),2,2,1
Championless (MT/SI),Shen/Sivir (IO/SH),2,2,1
Seraphine/Zoe (MT/PZ),Ezreal/Seraphine (PZ/SI),2,2,1
Braum/Zoe (FR/MT),Pantheon/Zoe (DE/MT),2,2,1
Akshan/Fizz (BC/SH),Kalista/Lucian (DE/SI),2,2,1
Darius/Gnar (FR/NX),Fiora/Nidalee (DE/SH),2,2,1
Nami/Zoe (BW/MT),Braum/Zoe (FR/MT),2,2,1
Akshan/Pantheon (MT/SH),Teemo/Twisted Fate (BW/PZ),2,2,1
Gwen/Vayne (DE/SI),Fiora/Udyr (DE/FR),2,2,1
Caitlyn/Teemo (BC/PZ),Janna/Twisted Fate (BW/PZ),2,2,1
Seraphine/Twisted Fate (BW/PZ),Annie/Jhin (RU/NX),2,2,1
Lulu/Shen (DE/IO),Braum/Udyr (DE/FR),2,2,1
Quinn/Vayne (DE/PZ),Master Yi/Zoe (IO/MT),2,2,1
Annie/Yasuo (IO/NX),Championless (SI),2,2,1
Irelia/Miss Fortune (BW/IO),Gnar/Nidalee (BC/SH),2,2,1
Ashe/LeBlanc (FR/NX),Neeko/Norra (BC/RU),2,2,1
Renekton/Sejuani (FR/SH),Annie/Jhin (RU/NX),2,2,1
Lulu/Shen (DE/IO),Garen/Udyr (DE/FR),2,2,1
Championless (SI),Hecarim/Zed (IO/SI),2,2,1
Udyr/Zoe (FR/MT),Janna/Nilah (BW/PZ),2,2,1
Ashe/LeBlanc (FR/NX),Aphelios/Bard (RU/MT),2,2,1
Championless (PZ/SI),Bard/Norra (BC/RU),2,2,1
Elise (SI/SH),Caitlyn/Janna (BC/PZ),2,2,1
Ashe/LeBlanc (FR/NX),Akshan/Garen (DE/SH),2,2,1
Nilah/Twisted Fate (BW/PZ),Aphelios/Jhin (RU/MT),2,2,1
Championless (SI),Elise (SI/SH),2,2,1
Diana/Zoe (FR/MT),Ashe/Braum (FR/SI),2,2,1
Annie/Jhin (RU/NX),Quinn/Vayne (DE/PZ),2,2,1
Braum/Zoe (FR/MT),Teemo/Tristana (BC/SI),2,2,1
Ashe/Sejuani (FR/SI),Caitlyn/Teemo (BC/PZ),2,2,1
Irelia/Miss Fortune (BW/IO),Ashe/LeBlanc (FR/NX),2,2,1
Championless (SI),Braum/Garen (DE/FR),2,2,1
Garen (DE/FR),Ashe (FR/PZ),2,2,1
Miss Fortune/Twisted Fate (BW/NX),Darius/Gnar (FR/NX),2,2,1
Darius/Gnar (FR/NX),Ezreal/Gnar (BC/PZ),2,2,1
Fiora/Udyr (DE/FR),Akshan/Sivir (DE/SH),2,2,1
Braum/Zoe (FR/MT),Garen (DE/SI),2,2,1
Ashe/LeBlanc (FR/NX),Nilah (BW/FR),2,2,1
Ashe/LeBlanc (FR/NX),Jinx/Miss Fortune (BW/PZ),2,2,1
Janna/Twisted Fate (BW/PZ),Janna (FR/PZ),2,2,1
Ashe/LeBlanc (FR/NX),Ashe/Braum (FR/SI),2,2,1
Renekton/Sejuani (FR/SH),Nilah/Twisted Fate (BW/PZ),2,2,1
Ashe/LeBlanc (FR/NX),Gwen (SI),2,2,1
Braum/Zoe (FR/MT),Caitlyn/Teemo (FR/PZ),2,2,1
LeBlanc/Sivir (NX/SH),Annie/Jhin (RU/NX),2,2,1
Ashe/LeBlanc (FR/NX),Elise (SI),2,2,1
Udyr (FR/SI),Nilah/Twisted Fate (BW/PZ),2,2,1
Championless (BW/MT),Championpile (FR/SH),2,2,1
Braum/Zoe (FR/MT),Fiora/Garen (DE/IO),2,2,1
Fiora/Garen (DE/FR),Ashe (FR/SI),2,2,1
Braum/Zoe (FR/MT),Akshan/Zed (IO/SH),2,2,1
Darius/Gnar (FR/NX),Aphelios/Yasuo (IO/MT),2,2,1
Championless (SI),Fiora/Garen (DE/FR),2,2,1
Renekton/Sejuani (FR/SH),Fiora/Garen (DE/FR),2,2,1
Aphelios/Gnar (FR/MT),Ashe/LeBlanc (FR/NX),2,2,1
Norra/Zoe (BC/MT),Jhin/Yasuo (IO/RU),2,2,1
Braum/Zoe (FR/MT),Swain (BC/NX),2,2,1
Ashe/LeBlanc (FR/NX),Fizz/Nami (BW/IO),2,2,1
Ashe/Caitlyn (FR/PZ),Annie/Jhin (RU/NX),2,2,1
Fiora/Shen (DE/IO),Gnar/Neeko (FR/RU),2,2,1
Annie/Jhin (RU/NX),Gwen/Hecarim (SI/SH),2,2,1
Ashe/LeBlanc (FR/NX),Fiora (DE/FR),2,2,1
Samira/Udyr (FR/NX),Nilah/Twisted Fate (BW/PZ),2,2,1
Gwen/Katarina (NX/SI),Darius/Gwen (NX/SI),2,2,1
Ashe (FR/PZ),Gwen/Kalista (FR/SI),2,2,1
Leona/Zoe (DE/MT),Janna (PZ/SI),2,2,1
Kalista (SI),Shen/Sivir (IO/SH),2,2,1
Nilah/Twisted Fate (BW/IO),Janna/Master Yi (IO/PZ),2,2,1
Ashe (FR/PZ),Caitlyn (FR/PZ),2,2,1
Janna (PZ/SI),Janna/Seraphine (IO/PZ),2,2,1
Caitlyn/Norra (BC/PZ),Annie/Jhin (RU/NX),2,2,1
Pantheon/Udyr (FR/MT),Bard/Norra (BC/RU),2,2,1
Nilah/Twisted Fate (BW/PZ),Aphelios/Zoe (MT/SI),2,2,1
Akshan/Gwen (SI/SH),Katarina/Yasuo (IO/NX),2,2,1
Bard/Janna (RU/PZ),Caitlyn (FR/PZ),2,2,1
Ashe/LeBlanc (FR/NX),Caitlyn/Nami (BW/PZ),2,2,1
Vayne (DE/MT),Championless (FR/IO),2,2,1
Ashe (BW/FR),Darius (FR/NX),2,2,1
Nilah/Twisted Fate (BW/PZ),Garen (DE/SH),2,2,1
Darius/Gnar (FR/NX),Ashe (FR/SI),2,2,1
Darius/Gnar (FR/NX),Bard/Norra (BC/RU),2,2,1
Ashe (FR/PZ),Bard/Norra (BC/RU),2,2,1
Ashe/LeBlanc (FR/NX),Hecarim/Kalista (SI),2,2,1
Ashe/LeBlanc (FR/NX),Neeko (RU/SH),2,2,1
Norra/Teemo (BC/SI),Gnar/Seraphine (BC/PZ),2,2,1
Caitlyn/Teemo (FR/PZ),Gnar/Neeko (BC/RU),2,2,1
LeBlanc/Sivir (NX/SH),Gwen/Kalista (NX/SI),2,2,1
LeBlanc/Sivir (NX/SH),Janna (PZ/SI),2,2,1
Ashe (FR/PZ),Annie/Elise (NX/SI),2,2,1
Annie/Elise (NX/SI),Annie/Jhin (RU/NX),2,2,1
Championless (SI),Annie/Elise (NX/SI),2,2,1
Shen/Sivir (IO/SH),Akshan/Pantheon (MT/SH),2,2,1
Darius/Gnar (FR/NX),Gwen (NX/SI),2,2,1
Leona (MT/SH),Ashe/LeBlanc (FR/NX),2,2,1
Ashe/LeBlanc (FR/NX),Ezreal/Zoe (MT/PZ),2,2,1
Darius (FR/NX),Championless (PZ/SI),2,2,1
Janna (PZ/SI),Caitlyn/Ezreal (NX/PZ),2,2,1
Janna (PZ/SI),Caitlyn/Teemo (BC/PZ),2,2,1
Aphelios/Zoe (IO/MT),Ashe (FR/SI),2,2,1
Leona/Zoe (DE/MT),Braum/Zoe (FR/MT),2,2,1
Darius/Gnar (FR/NX),Katarina/Miss Fortune (BW/NX),2,2,1
Ashe/LeBlanc (FR/NX),Janna/Norra (BC/PZ),2,2,1
Ashe (FR/PZ),Braum (FR/SH),2,2,1
Championless (SI),Quinn/Vayne (DE/SH),2,2,1
Akshan/Sivir (FR/SH),Nidalee (BC/SH),2,2,1
Pantheon/Udyr (FR/MT),Norra/Zoe (BC/MT),2,2,1
Annie/Jhin (RU/NX),Fizz/Nami (BC/BW),2,2,1
Akshan/Gwen (SI/SH),Annie/Jhin (RU/NX),2,2,1
Gnar/Nidalee (BC/SH),Annie/Jhin (RU/NX),2,2,1
Gwen/LeBlanc (NX/SI),Janna/Nilah/Twisted Fate (BW/PZ),2,2,1
Garen/Udyr (DE/FR),Diana/Nocturne (MT/SI),2,2,1
Gwen/Kalista (NX/SI),Akshan/Udyr (FR/SH),2,2,1
Braum/Swain (FR/NX),Championless (SI),2,2,1
Darius/Gnar (FR/NX),Braum/Garen (DE/FR),2,2,1
Braum/Zoe (FR/MT),Ezreal/Nilah (BW/PZ),2,2,1
LeBlanc/Sivir (NX/SH),Ezreal/Swain (NX/PZ),2,2,1
Lux: Illuminated/Udyr (DE/FR),Leona/Yasuo (IO/MT),2,2,1
Championless (MT/SI),Akshan/Gwen (SI/SH),2,2,1
Annie/Miss Fortune (BW/NX),Akshan/Udyr (FR/SH),2,2,1
Teemo/Zoe (BC/MT),Norra/Zoe (BC/MT),2,2,1
Championless (SI),Fiora/Renekton (DE/SH),2,2,1
Championless (MT/SI),Bard/Janna (RU/PZ),2,2,1
Championless (MT/SI),Caitlyn/Teemo (BC/PZ),2,2,1
Katarina/Yasuo (IO/NX),Gnar/Pantheon (FR/MT),2,2,1
Janna/Master Yi (IO/PZ),Ashe (FR/SI),2,2,1
Caitlyn/Norra/Teemo (BC/PZ),Darius (FR/NX),2,2,1
Teemo/Zoe (BC/MT),Ashe (FR/PZ),2,2,1
Championpile (FR/SH),Leona/Yasuo (IO/MT),2,2,1
Darius (FR/NX),Akshan/Samira (NX/SH),2,2,1
Janna/Twisted Fate (BW/PZ),Hecarim/Lucian (DE/SI),2,2,1
Sejuani/Teemo (FR/PZ),Akshan/Pantheon (MT/SH),2,2,1
Master Yi/Samira (IO/NX),Championless (SI),2,2,1
Janna (PZ/SI),Gnar/Neeko (FR/RU),2,2,1
Gnar/Tristana (BC/DE),Janna (PZ/SI),2,2,1
Ashe/Gnar (FR),Norra (BC/FR),2,2,1
Master Yi/Zoe (IO/MT),Norra/Teemo (BC/PZ),2,2,1
Caitlyn/Swain (NX/PZ),Ezreal/Zoe (MT/PZ),2,2,1
Draven/Jinx (NX/PZ),Ezreal/Zoe (MT/PZ),2,2,1
Ashe (FR/SI),Championless (SI),2,2,1
Ashe/Sejuani (FR/NX),Darius/Gnar (FR/NX),2,2,1
Championless (IO/MT),Ashe (FR/PZ),2,2,1
Ashe/LeBlanc (FR/NX),Akshan/Kai'Sa (DE/SH),2,2,1
Ashe/LeBlanc (FR/NX),Swain (FR/NX),2,2,1
Nilah/Twisted Fate (BW/PZ),Fiora/Pantheon (DE/MT),2,2,1
Sejuani/Swain (FR/NX),Janna (PZ/SI),2,2,1
Janna (PZ/SI),Caitlyn/Norra/Teemo (BC/PZ),2,2,1
Braum (FR/MT),Katarina/Yasuo (IO/NX),2,2,1
Akshan/Master Yi (IO/SH),Yasuo (IO/MT),2,2,1
Championless (NX/SI),Neeko (FR/RU),2,2,1
Samira/Sejuani (FR/NX),Annie/Jhin (RU/NX),2,2,1
Championless (FR/IO),Garen/Lux: Illuminated (DE),2,2,1
Garen/Lux: Illuminated (DE),Gnar/Seraphine (BC/PZ),2,2,1
Janna (MT/PZ),Championless (PZ/SI),2,2,1
Annie/Jhin/Swain (RU/NX),Championless (SI),2,2,1
Fiora/Pantheon (DE/MT),Garen/Sivir (DE/SH),2,2,1
LeBlanc/Sivir (NX/SH),Fizz/Nami (BW/IO),2,2,1
Ashe (FR/PZ),Nami/Zoe (BW/MT),2,2,1
Fiora (DE/IO),Janna (PZ/SI),2,2,1
Janna (PZ/SI),Ezreal/Nilah (BW/PZ),2,2,1
Gnar/Nidalee (BC/SH),Garen (DE/FR),2,2,1
Garen (DE/SI),Garen (DE/FR),2,2,1
Championless (SI/SH),Shen/Sivir (IO/SH),2,2,1
Nilah/Twisted Fate (BW/PZ),Neeko (RU/SH),2,2,1
Caitlyn/Swain (NX/PZ),Leona/Yasuo (IO/MT),2,2,1
Katarina/Zed (IO/NX),Yasuo (FR/IO),2,2,1
Swain (FR/NX),Championless (SI),2,2,1
Janna (PZ/SI),Janna (IO/PZ),2,2,1
Gwen/Hecarim (IO/SI),Championless (PZ/SI),2,2,1
Kalista (MT/SI),Akshan/Pantheon (MT/SH),2,2,1
Gnar/Sejuani (BC/FR),Gnar/Nidalee (BC/SH),2,2,1
Janna (PZ/SI),Caitlyn/Darius (NX/PZ),2,2,1
Championless (SI),Caitlyn/Darius (NX/PZ),2,2,1
Darius (FR/NX),Braum/Janna (FR/PZ),2,2,1
Darius/Gnar (FR/NX),Braum (FR/NX),2,2,1
Braum/Sejuani (FR/NX),Fiora/Shen (DE/IO),2,2,1
Braum/Sejuani (FR/NX),Irelia/Zed (IO/SH),2,2,1
Braum/Zoe (FR/MT),Swain/Udyr (FR/NX),2,2,1
Garen (DE/SI),Bard/Caitlyn/Teemo (RU/PZ),2,2,1
Lux: Illuminated/Shen (DE/IO),Darius (FR/NX),2,2,1
Aphelios/Yasuo (IO/MT),Braum/Janna (FR/PZ),2,2,1
Ashe/LeBlanc (FR/NX),Aphelios/Zoe (MT),2,2,1
Aphelios/Zoe (MT),Akshan/Gwen (SI/SH),2,2,1
Braum/Zoe (FR/MT),Diana/Nami (BW/MT),2,2,1
Championless (DE/MT),Braum/Zoe (FR/MT),2,2,1
Jinx/Lulu (BC/PZ),Jhin/Miss Fortune (BW/RU),2,2,1
Norra/Teemo (BC/PZ),Swain/Udyr (FR/NX),2,2,1
Akshan/Renekton (SH),Janna/Master Yi (IO/PZ),2,2,1
Kalista/Nocturne/Zoe (MT/SI),Caitlyn/Swain (NX/PZ),2,2,1
Championless (SI),Braum/Master Yi (FR/IO),2,2,1
Kalista (SI),Zoe (BC/MT),2,2,1
Ashe (BW/FR),Sejuani/Teemo (FR/PZ),2,2,1
Ashe (FR/SI),Katarina/Miss Fortune (BW/NX),2,2,1
Annie/Elise (NX/SI),Akshan/Master Yi (IO/SH),2,2,1
Darius/Gnar (FR/NX),Championless (BC/SI),2,2,1
Championless (PZ/SI),Aphelios/Twisted Fate (BW/MT),2,2,1
Master Yi/Zoe (IO/MT),Aphelios/Twisted Fate (BW/MT),2,2,1
Akshan/Master Yi (IO/SH),Braum (FR/IO),2,2,1
Ezreal/Teemo/Udyr (FR/PZ),Caitlyn/Swain (NX/PZ),2,2,1
Darius/Gwen (NX/SI),Norra/Zoe (BC/MT),2,2,1
Kalista (MT/SI),Braum/Janna (FR/PZ),2,2,1
Fiora/Renekton (DE/SH),Braum/Darius (FR/NX),2,2,1
Norra/Teemo (BC/PZ),Kalista/Yasuo (IO/SI),2,2,1
Championless (FR/IO),Darius (FR/NX),2,2,1
Hecarim/Kalista (SI),Akshan/Master Yi (IO/SH),2,2,1
Caitlyn/Teemo (BC/PZ),Akshan/Sivir (FR/SH),2,2,1
Pantheon/Udyr (FR/MT),Nidalee (BC/SH),2,2,1
Katarina/Miss Fortune (BW/NX),Akshan/Sivir (FR/SH),2,2,1
Katarina/Miss Fortune (BW/NX),Nilah/Twisted Fate (BW/PZ),2,2,1
Neeko/Zoe (MT/RU),Gnar/Nidalee (BC/SH),2,2,1
Nilah/Twisted Fate (BW/PZ),Bard/Udyr (RU/FR),2,2,1
Championless (SI),Ezreal/Teemo/Udyr (FR/PZ),2,2,1
Akshan/Master Yi (IO/SH),Pantheon/Udyr (FR/MT),2,2,1
Bard/Udyr (RU/FR),Aphelios/Yasuo (IO/MT),2,2,1
Championless (SI),Ezreal/Swain (NX/PZ),2,2,1
Ashe/LeBlanc (FR/NX),Udyr/Zed (FR/IO),2,2,1
Gwen (FR/SI),Evelynn/Kai'Sa (RU/SH),2,2,1
Akshan/Udyr (FR/SH),Caitlyn/Norra (BC/PZ),2,2,1
Ezreal/Seraphine (PZ/SI),Championpile (IO/SI),2,2,1
Akshan/Sivir (FR/SH),Fiora/Pantheon (DE/MT),2,2,1
Braum/Zoe (FR/MT),Katarina/Norra (BC/NX),2,2,1
Annie/Gwen (NX/SI),Katarina (IO/NX),2,2,1
Fiora/Shen (DE/IO),Darius (FR/NX),2,2,1
Championless (SI),Fiora (DE/MT),2,2,1
Gnar/Sejuani (BC/FR),Nilah/Twisted Fate (BW/PZ),2,2,1
Udyr/Vayne (DE/FR),Ashe (FR/PZ),2,2,1
Ezreal (IO/PZ),Nilah/Twisted Fate (BW/PZ),2,2,1
Udyr (FR/PZ),Swain/Yasuo (IO/NX),2,2,1
Ashe/LeBlanc (FR/NX),Neeko (DE/RU),2,2,1
Caitlyn/LeBlanc (NX/PZ),Fiora (DE/IO),2,2,1
Katarina/Zed (IO/NX),Nami/Udyr (BW/FR),2,2,1
Nilah/Twisted Fate (BW/PZ),Aphelios/Zoe (MT),2,2,1
LeBlanc/Sivir (NX/SH),Pantheon/Udyr (FR/MT),2,2,1
Pantheon/Udyr (FR/MT),Championless (SI),2,2,1
Braum/Zoe (FR/MT),Caitlyn/Katarina (NX/PZ),2,2,1
Nidalee (BC/SH),Lissandra/Udyr (DE/FR),2,2,1
Ezreal/Seraphine (PZ/SI),Yasuo (IO/MT),2,2,1
Caitlyn/Teemo (BC/PZ),Janna (IO/PZ),2,2,1
Braum (FR/IO),Braum/Zoe (FR/MT),2,2,1
Braum/Sejuani (BW/FR),Pantheon/Udyr (FR/MT),2,2,1
Pantheon/Udyr (FR/MT),Braum (FR/IO),2,2,1
Ezreal/Seraphine (PZ/SI),Braum/Sejuani (BW/FR),2,2,1
Shen/Sivir (IO/SH),Master Yi/Seraphine (IO/PZ),2,2,1
Championless (SI),Janna (IO/PZ),2,2,1
Samira/Sejuani (FR/NX),Caitlyn/Teemo (BC/PZ),2,2,1
Pantheon/Udyr (FR/MT),Caitlyn/Teemo (BC/PZ),2,2,1
Ashe/LeBlanc (FR/NX),Annie/Jhin/Katarina (RU/NX),2,2,1
Fiora/Shen (DE/IO),Akshan/Udyr (FR/SH),2,2,1
Pantheon/Udyr (FR/MT),Braum/Swain (FR/NX),2,2,1
Ezreal/Seraphine (PZ/SI),Master Yi/Samira (IO/NX),2,2,1
Darius/Gnar (FR/NX),Janna/Nami/Nilah (BW/PZ),2,2,1
Gwen/Udyr (FR/SI),Bard/Caitlyn/Teemo (RU/PZ),2,2,1
Braum/Zoe (FR/MT),Bard/Udyr (RU/FR),2,2,1
Swain/Twisted Fate (BW/NX),Braum (FR/IO),2,2,1
Renekton/Sivir (MT/SH),Janna/Master Yi (IO/PZ),2,2,1
Katarina/Yasuo (IO/NX),Pantheon/Udyr (FR/MT),2,2,1
Braum/Zed (FR/IO),Nilah/Twisted Fate (BW/PZ),2,2,1
Championless (SI),Garen/Shen (DE/IO),2,2,1
Ashe/Gnar (FR),Championless (SI),2,2,1
Tristana (BC/PZ),Annie/Jhin (RU/NX),2,2,1
Darius/Gwen/Hecarim (NX/SI),Ezreal/Seraphine (PZ/SI),2,2,1
Darius/Gwen/Hecarim (NX/SI),Nilah/Twisted Fate (BW/PZ),2,2,1
Akshan/Sivir (FR/SH),Gwen/Katarina (NX/SI),2,2,1
Janna/Master Yi (IO/PZ),Janna/Twisted Fate (BW/PZ),2,2,1
Bard/Udyr (RU/FR),Ezreal/Seraphine (PZ/SI),2,2,1
Ezreal/Seraphine (PZ/SI),Darius (NX),2,2,1
Fiora/Pantheon (DE/MT),Braum/Udyr (FR),2,2,1
Braum/Zoe (FR/MT),The Poro King (BW/RU),2,2,1
Annie/Jhin (RU/NX),Ashe/Lissandra (FR/PZ),2,2,1
Udyr/Zed (FR/IO),Braum/Udyr (FR),2,2,1
Darius/Gwen/Hecarim (NX/SI),Championless (SI),2,2,1
Lissandra/Swain (FR/NX),Ezreal/Seraphine (PZ/SI),2,2,1
Caitlyn (FR/PZ),Ashe/Darius (FR/NX),2,2,1
LeBlanc/Sivir (NX/SH),Braum/Udyr (FR),2,2,1
Fizz/Nami (BC/BW),Bard/Udyr (RU/FR),2,2,1
Ashe/Lissandra (FR/PZ),Bard/Udyr (RU/FR),2,2,1
Fiora/Shen (DE/IO),Darius/Ezreal (NX/PZ),2,2,1
Garen/Shen (DE/IO),Gnar/Neeko (FR/RU),2,2,1
Akshan/Ekko (PZ/SH),Annie/Jhin (RU/NX),2,2,1
Nilah/Twisted Fate (BW/PZ),Bard/Braum (RU/FR),2,2,1
Ashe/LeBlanc (FR/NX),Garen/Miss Fortune/Quinn (BW/DE),2,2,1
Lulu/Zed (DE/IO),Braum/Zoe (FR/MT),2,2,1
Ashe/Darius (FR/NX),Caitlyn/Katarina (NX/PZ),2,2,1
Braum/Swain (FR/NX),Caitlyn/Swain (NX/PZ),2,2,1
Janna/Nilah (BW/PZ),Ezreal/Teemo (BC/PZ),2,2,1
Lulu/Shen (DE/IO),Garen (DE/FR),2,2,1
Evelynn (RU/SI),Norra/Swain (BC/NX),2,2,1
Ashe/Darius (FR/NX),Swain/Yasuo (IO/NX),2,2,1
Ashe/Darius (FR/NX),Ezreal/Teemo (BC/PZ),2,2,1
Braum/Sejuani (FR/NX),Teemo/Zoe (BC/MT),2,2,1
Ezreal/Seraphine (PZ/SI),Gnar/Sejuani (BC/FR),2,2,1
Darius/Gwen (NX/SI),Ezreal/Teemo (BC/PZ),2,2,1
Akshan/Master Yi (IO/SH),Ezreal/Teemo (BC/PZ),2,2,1
Ezreal/Teemo (BC/PZ),Nilah/Twisted Fate (BW/PZ),2,2,1
Braum/Swain (FR/NX),Hecarim/Lucian (DE/SI),2,2,1
Katarina (FR/NX),Sejuani/Udyr (FR/NX),2,2,1
Zoe (BC/MT),Ashe/Braum (FR/PZ),2,2,1
Neeko/Teemo (RU/PZ),Braum (FR/SI),2,2,1
Championpile (IO/SI),Braum (FR/NX),2,2,1
Annie/Jhin (RU/NX),The Poro King (IO/RU),2,2,1
Championless (SI),Championpile (PZ/SH),2,2,1
Championless (SI),The Poro King (MT/RU),2,2,1
Kai'Sa/Pantheon (MT/SH),Braum/Udyr (FR),2,2,1
Ezreal/Seraphine (PZ),Miss Fortune (BW/PZ),2,2,1
Fizz/Nami (BC/BW),Championless (DE/MT),2,2,1
Gnar/Nidalee (BC/SH),Championless (DE/MT),2,2,1
Ashe/LeBlanc (FR/NX),Akshan/Renekton (SH),2,2,1
Udyr/Zed (FR/IO),Ezreal/Seraphine (PZ),2,2,1
Neeko/Renekton (RU/SH),Bard/Janna (RU/PZ),2,2,1
Fiora (DE/SH),Fizz/Gnar (BC/PZ),2,2,1
Janna/Master Yi (IO/PZ),Katarina/LeBlanc/Miss Fortune (BW/NX),2,2,1
Braum/Zoe (FR/MT),Udyr/Zoe (FR/MT),2,2,1
Pantheon/Udyr (FR/MT),Sejuani (FR/NX),2,2,1
Udyr/Zoe (FR/MT),Championless (PZ/SI),2,2,1
Ekko/Nilah/Twisted Fate (BW/PZ),Gnar/Sejuani (BC/FR),2,2,1
Championless (SI),Caitlyn (PZ),2,2,1
Ashe/Sejuani (FR/SI),Annie/Jhin (RU/NX),2,2,1
Janna (PZ/SI),Caitlyn/Norra (BC/PZ),2,2,1
Gnar/LeBlanc (FR/NX),Ezreal/Seraphine (PZ/SI),2,2,1
Braum/Lux: Illuminated (DE/FR),Braum/Zoe (FR/MT),2,2,1
Garen (DE/FR),Janna/Master Yi/Seraphine (IO/PZ),2,2,1
Championless (SI),Ezreal/Teemo (BC/PZ),2,2,1
Master Yi/Udyr (FR/IO),Udyr/Zoe (FR/MT),2,2,1
Kalista/Lucian (DE/SI),LeBlanc/Sivir (NX/SH),2,2,1
Gwen (FR/SI),Zoe (BC/MT),2,2,1
LeBlanc/Sivir (NX/SH),Lux: Illuminated/Samira (DE/NX),2,2,1
Ashe (FR/PZ),Diana/Leona (MT/SH),2,2,1
Akshan/Ekko (PZ/SH),Championless (PZ/SI),2,2,1
Championless (FR),Irelia/Kalista (IO/SI),2,2,1
Bard/Caitlyn/Teemo (RU/PZ),Irelia/Kalista (IO/SI),2,2,1
Akshan/Aphelios (MT/SH),Nidalee (BC/SH),2,2,1
Garen (DE/SH),Caitlyn/Katarina (NX/PZ),2,2,1
Ashe/Sejuani (FR/SI),Braum/Lux: Illuminated (DE/FR),2,2,1
Garen/Udyr (DE/FR),Fizz/Nami (BC/BW),2,2,1
Aphelios/Zoe (MT/SI),Ashe/LeBlanc (FR/NX),2,2,1
Caitlyn (NX/PZ),Katarina/Yasuo (IO/NX),2,2,1
Darius/Draven (BW/NX),Fiora (DE/MT),2,2,1
Katarina/Yasuo (IO/NX),Championless (DE/FR),2,2,1
Ashe/LeBlanc (FR/NX),Janna/Jhin (RU/PZ),2,2,1
Gwen/Kalista (MT/SI),Championless (SI),2,2,1
Nidalee (BC/SH),Garen (DE/FR),2,2,1
Master Yi/Udyr (FR/IO),Katarina/Miss Fortune (BW/NX),2,2,1
Ashe/LeBlanc (FR/NX),Nami/Zoe (BW/MT),2,2,1
Nami/Zoe (BW/MT),Master Yi/Zoe (IO/MT),2,2,1
Janna/Master Yi (IO/PZ),Ekko/Nilah/Twisted Fate (BW/PZ),2,2,1
Aphelios (FR/MT),Braum/Zoe (FR/MT),2,2,1
Yasuo (IO/MT),Draven/Nami (BW/NX),2,2,1
Championless (SI),Fiora/Vayne (DE/IO),2,2,1
Championless (BC/IO),Jhin/Kennen (BC/RU),2,2,1
Janna/Master Yi (IO/PZ),Darius/Gnar (FR/NX),2,2,1
Braum/Zoe (FR/MT),Ezreal/Miss Fortune (BW/PZ),2,2,1
Ezreal/Seraphine (IO/PZ),Master Yi/Udyr (FR/IO),2,2,1
Master Yi/Shen (DE/IO),Quinn/Udyr/Vayne (DE/FR),2,2,1
Ashe/LeBlanc (FR/NX),Kalista (IO/SI),2,2,1
Kalista (SI),Ezreal/Jinx (PZ/SI),2,2,1
Gwen (SI/SH),Gwen/Kalista (NX/SI),2,2,1
Caitlyn/Katarina (NX/PZ),Championless (BW/FR),2,2,1
Janna/Master Yi (IO/PZ),Ezreal/Miss Fortune (BW/PZ),2,2,1
Aphelios/Udyr (FR/MT),Caitlyn (NX/PZ),2,2,1
Gwen (FR/SI),Katarina/Miss Fortune (BW/NX),2,2,1
Championless (SI),Ezreal/Miss Fortune (BW/PZ),2,2,1
Garen/Lux: Illuminated (DE/IO),Nami/Udyr (BW/FR),2,2,1
Akshan/Ekko (PZ/SH),Pantheon/Zoe (IO/MT),2,2,1
Sejuani/Udyr (DE/FR),Fiora/Vayne (DE/IO),2,2,1
Akshan/Ekko (PZ/SH),Kai'Sa/Pantheon (MT/SH),2,2,1
Fizz/Katarina (BW/NX),Ashe/LeBlanc (FR/NX),2,2,1
Darius/Gnar (FR/NX),Zoe (FR/MT),2,2,1
Zoe (FR/MT),Ezreal/Seraphine (PZ/SI),2,2,1
Garen/Lux: Illuminated (DE/IO),Sejuani/Udyr (DE/FR),2,2,1
Ashe/Caitlyn (FR/PZ),Katarina/LeBlanc/Miss Fortune (BW/NX),2,2,1
Zoe (FR/MT),Braum/Udyr (DE/FR),2,2,1
Darius/Gnar (FR/NX),Katarina/LeBlanc/Miss Fortune (BW/NX),2,2,1
Pantheon (DE/MT),Braum/Zoe (FR/MT),2,2,1
Akshan/Ekko (PZ/SH),Darius (FR/NX),2,2,1
Braum/Udyr (FR/NX),Darius (FR/NX),2,2,1
Vayne/Zed (DE/IO),Sivir (NX/SH),2,2,1
Ashe/Caitlyn (FR/PZ),Caitlyn (NX/PZ),2,2,1
Championless (MT),Akshan/Ekko (PZ/SH),2,2,1
Fiora/Vayne (DE/IO),Irelia/Zed (IO/SI),2,2,1
Irelia/Miss Fortune (BW/IO),Akshan/Samira (NX/SH),2,2,1
LeBlanc (FR/NX),Championless (IO/PZ),0,2,0
Zoe (IO/MT),Quinn/Vayne (DE/PZ),0,2,0
Norra/Teemo (BC/PZ),Zoe (IO/MT),0,2,0
Braum/Sejuani (FR/MT),Championless (SI),0,2,0
Kalista (SI),Ezreal/Seraphine (IO/PZ),0,2,0
Kalista (PZ/SI),Darius/Gnar (FR/NX),0,2,0
Gnar/Neeko (FR/RU),Pantheon/Zoe (FR/MT),0,2,0
Kai'Sa/Zoe (MT/SH),Sivir (SI/SH),0,2,0
Ezreal/Twisted Fate (BW/PZ),Kalista (PZ/SI),0,2,0
Ezreal/Nilah (BW/PZ),Gnar/Nidalee (BC/SH),0,2,0
Norra/Teemo (BC/PZ),Akshan/Pantheon (MT/SH),0,2,0
Kai'Sa/Sivir (BW/SH),Annie/Jhin (RU/NX),0,2,0
Kalista/Nocturne (SI),Nidalee (BC/SH),0,2,0
Ahri/Katarina (IO/NX),Darius/Swain (BW/NX),0,2,0
Elise/Ezreal (PZ/SI),Gnar/Nidalee (BC/SH),0,2,0
Aphelios/Twisted Fate (BW/MT),Kalista (SI),0,2,0
Yasuo (IO/MT),Braum (FR/MT),0,2,0
Ashe/LeBlanc (FR/NX),Ashe/Sejuani (FR),0,2,0
Akshan/Sivir (SI/SH),Ashe/LeBlanc (FR/NX),0,2,0
Samira/Sejuani (FR/NX),Udyr/Vayne (DE/FR),0,2,0
Akshan/Sivir (MT/SH),Gnar/Samira (BC/NX),0,2,0
Kalista (SI),Norra/Zoe (BC/MT),0,2,0
Caitlyn/Jinx (FR/PZ),Gwen/Vayne (DE/SI),0,2,0
Samira/Sejuani (FR/NX),Gwen/Vayne (DE/SI),0,2,0
Ahri/Ezreal/Kennen (IO/PZ),Gwen/Vayne (DE/SI),0,2,0
Samira/Sejuani (FR/NX),Braum/Zoe (FR/MT),0,2,0
Annie/Gnar (BC/NX),Championless (SI),0,2,0
Norra/Zoe (BC/MT),Nilah/Twisted Fate (BW/PZ),0,2,0
Samira/Sejuani (FR/NX),LeBlanc (FR/NX),0,2,0
Annie/Jhin (RU/NX),LeBlanc (FR/NX),0,2,0
Hecarim (SI/SH),Lulu/Zed (DE/IO),0,2,0
Kalista (SI),Akshan/Nidalee (BC/SH),0,2,0
Caitlyn/Jinx (FR/PZ),Championless (SI),0,2,0
Caitlyn/Jinx (FR/PZ),Neeko/Renekton (RU/SH),0,2,0
Darius/Swain (BW/NX),Ashe/LeBlanc (FR/NX),0,2,0
Ezreal/Seraphine (IO/PZ),Braum/Zoe (FR/MT),0,2,0
Ezreal/Seraphine (NX/PZ),Championless (SI),0,2,0
Ezreal/Seraphine (NX/PZ),LeBlanc (FR/NX),0,2,0
Kai'Sa/Sivir (BW/SH),Championless (SI),0,2,0
Ezreal/Seraphine (BW/PZ),Kai'Sa/Pantheon (MT/SH),0,2,0
Caitlyn (BC/PZ),Braum/Swain (FR/NX),0,2,0
Norra/Zoe (BC/MT),Katarina/Yasuo (IO/NX),0,2,0
Kai'Sa/Pantheon (MT/SH),Norra/Teemo (BC/PZ),0,2,0
Ezreal/Seraphine (NX/PZ),Kalista (SI),0,2,0
Miss Fortune/Swain (BW/NX),Gwen/Vayne (DE/SI),0,2,0
Ezreal/Seraphine (BC/PZ),Fizz (BW/FR),0,2,0
Norra/Teemo (BC/PZ),Braum/Zoe (FR/MT),0,2,0
Nilah/Twisted Fate (BW/PZ),Gwen/Udyr (FR/SI),0,2,0
Kai'Sa/Pantheon (MT/SH),Darius/Garen (DE/NX),0,2,0
Kalista (SI),Fiora/Shen (DE/IO),0,2,0
Fizz (BW/FR),Fiora/Shen (DE/IO),0,2,0
Leona/Yasuo (IO/MT),Ezreal/Seraphine (BC/PZ),0,2,0
Nidalee (BC/SH),Ezreal/Seraphine (BC/PZ),0,2,0
Caitlyn/Teemo (BC/PZ),Kalista (SI),0,2,0
LeBlanc (FR/NX),Draven/Jinx (NX/PZ),0,2,0
Kai'Sa/Sivir (BW/SH),Ashe/LeBlanc (FR/NX),0,2,0
Akshan/Kai'Sa/Pantheon (MT/SH),Elise/Hecarim (SI),0,2,0
Fiora (DE/SH),Annie/Swain (NX/PZ),0,2,0
Braum/Zoe (FR/MT),Miss Fortune/Quinn (BW/DE),0,2,0
Ashe/Sejuani (FR),Annie/Swain (NX/PZ),0,2,0
Ezreal (PZ/SI),Ashe (FR/PZ),0,2,0
Garen (DE/SH),Janna/Nilah (BW/PZ),0,2,0
Garen (DE/SH),Darius/Gnar (FR/NX),0,2,0
Ezreal/Janna (IO/PZ),Ashe/Sejuani (FR/SI),0,2,0
Ezreal/Seraphine (BC/PZ),Fizz/Nami (BW/MT),0,2,0
Evelynn/Norra (BC/RU),Caitlyn/Jinx (FR/PZ),0,2,0
Fiora (DE/SH),Ashe/Ezreal (FR/PZ),0,2,0
Yasuo (IO/MT),Ezreal/Seraphine (NX/PZ),0,2,0
Ashe/Fiora (DE/FR),Ezreal/Seraphine (PZ/SI),0,2,0
Ezreal/Seraphine (PZ/SI),LeBlanc (FR/NX),0,2,0
Fizz/Nami (BW/MT),Swain/Twisted Fate (BW/NX),0,2,0
Jhin/Swain (RU/NX),Nilah/Twisted Fate (BW/PZ),0,2,0
Ezreal/Seraphine (PZ/SI),Evelynn/Kai'Sa (RU/SH),0,2,0
Ezreal/Seraphine (PZ/SI),Garen/Irelia (DE/IO),0,2,0
Gwen/Irelia (IO/SI),LeBlanc (FR/NX),0,2,0
Gwen/Irelia (IO/SI),Ezreal/Seraphine (PZ/SI),0,2,0
Gwen/Vayne (DE/SI),Akshan/Ekko/Janna (PZ/SH),0,2,0
Gwen/Vayne (DE/SI),Ashe/Zoe (FR/MT),0,2,0
Ezreal/Master Yi/Seraphine (IO/PZ),Ashe/Sejuani (FR/SI),0,2,0
Ashe/Sejuani (FR/SI),Garen/Udyr (DE/FR),0,2,0
Akshan/Zoe (MT/SH),Akshan/Master Yi (IO/SH),0,2,0
Zoe (IO/MT),Hecarim/Lucian (DE/SI),0,2,0
Kai'Sa/Zoe (MT/SH),Championless (SI),0,2,0
Kai'Sa/Zoe (MT/SH),Darius/Gnar (FR/NX),0,2,0
Ezreal (PZ/SI),Sivir (SI/SH),0,2,0
Kai'Sa/Pantheon (MT/SH),Akshan/Pantheon (MT/SH),0,2,0
LeBlanc/Sivir (NX/SH),Katarina/Yasuo (IO/NX),0,2,0
Irelia/Udyr (FR/IO),Ahri/Katarina (IO/NX),0,2,0
Ahri/Katarina (IO/NX),Championless (SI),0,2,0
Nilah/Twisted Fate (BW/PZ),Fiora (DE/SH),0,2,0
Lux: Illuminated (DE/MT),Kalista/Nocturne (SI),0,2,0
Akshan/Sivir (DE/SH),Akshan/Master Yi (IO/SH),0,2,0
Braum/Zoe (FR/MT),Kalista/Nocturne (SI),0,2,0
Ashe/Lissandra (DE/FR),Ashe/LeBlanc (FR/NX),0,2,0
Ezreal/Seraphine (PZ/SI),Championless (BW/MT),0,2,0
Championless (PZ/SI),Ezreal (PZ/SI),0,2,0
Akshan/Sivir (MT/SH),Gwen/Katarina (NX/SI),0,2,0
Ezreal/Twisted Fate (BW/PZ),Akshan/Kai'Sa (DE/SH),0,2,0
Aphelios/Zoe (MT),Championless (SI),0,2,0
Akshan/Fiora (DE/SH),Master Yi/Zoe (IO/MT),0,2,0
Ezreal/Seraphine (BC/PZ),Kalista (SI),0,2,0
Ezreal/Seraphine (NX/PZ),Braum/Zoe (FR/MT),0,2,0
Ezreal/Seraphine (NX/PZ),Championless (PZ/SI),0,2,0
LeBlanc (FR/NX),Garen/Udyr (DE/FR),0,2,0
Akshan/Pantheon (MT/SH),Lulu/Zed (DE/IO),0,2,0
Gwen/Vayne (DE/SI),Akshan/Pantheon (MT/SH),0,2,0
Ezreal/Janna (IO/PZ),Bard/Caitlyn (RU/PZ),0,2,0
Darius/Gnar (FR/NX),Akshan/Sivir (DE/SH),0,2,0
Swain/Twisted Fate (BW/NX),Darius/Gnar (FR/NX),0,2,0
Fizz/Nami (BW/MT),Nilah/Twisted Fate (BW/PZ),0,2,0
Ezreal/Janna (PZ/SI),Ashe (FR/PZ),0,2,0
Garen/Udyr (DE/FR),Akshan/Sivir (NX/SH),0,2,0
Aphelios/Zoe (MT/SH),Ashe/LeBlanc (FR/NX),0,2,0
Draven/Jinx (NX/PZ),Nilah/Twisted Fate (BW/PZ),0,2,0
Fizz/Samira (BW/NX),Ashe (FR/PZ),0,2,0
Sivir (SI/SH),Ezreal/Seraphine (IO/PZ),0,2,0
Lulu/Zed (DE/IO),Nilah/Twisted Fate (BW/PZ),0,2,0
Bard/Caitlyn (RU/PZ),Akshan/Pantheon (MT/SH),0,2,0
Kai'Sa/Zoe (MT/SH),Akshan/Fiora (DE/SH),0,2,0
Braum/Zoe (FR/MT),Fiora (DE/SH),0,2,0
Ezreal/Twisted Fate (BW/PZ),Janna/Twisted Fate (BW/PZ),0,2,0
Ezreal/Janna (IO/PZ),Kalista (SI),0,2,0
Garen/Udyr (DE/FR),Ekko (PZ/SI),0,2,0
Master Yi/Zoe (IO/MT),Garen/Udyr (DE/FR),0,2,0
Aphelios/Master Yi (IO/MT),Garen/Gnar (DE/FR),0,2,0
Janna/Master Yi (IO/PZ),Draven/Katarina (FR/NX),0,2,0
Janna/Twisted Fate (BW/PZ),Fizz/Udyr (BW/FR),0,2,0
Master Yi/Zoe (IO/MT),Janna/Twisted Fate (BW/PZ),0,2,0
Fizz/Samira (BW/NX),Ashe/LeBlanc (FR/NX),0,2,0
Samira/Zed (IO/NX),Caitlyn/Draven (NX/PZ),0,2,0
Ashe/Gnar (DE/FR),Ashe/LeBlanc (FR/NX),0,2,0
Garen/Shen (DE/IO),LeBlanc/Sivir (NX/SH),0,2,0
Janna (PZ/SI),Akshan/Samira (NX/SH),0,2,0
Gnar/LeBlanc (FR/NX),Braum/Zoe (FR/MT),0,2,0
Darius (FR/NX),Janna (PZ/SI),0,2,0
Championless (PZ/SI),Braum/Gnar (BC/FR),0,2,0
Caitlyn/Swain (NX/PZ),Hecarim/Zed (IO/SI),0,2,0
Caitlyn/Swain (NX/PZ),Fiora/Udyr (DE/FR),0,2,0
Master Yi/Pantheon (IO/MT),Ashe/LeBlanc (FR/NX),0,2,0
Swain/Yasuo (IO/NX),Caitlyn/Swain (NX/PZ),0,2,0
Garen/Udyr (DE/FR),Swain/Yasuo (IO/NX),0,2,0
Janna/Master Yi (IO/PZ),Swain/Twisted Fate (BW/NX),0,2,0
Gwen/Vayne (DE/SI),LeBlanc/Sivir (NX/SH),0,2,0
Tristana (BC/DE),Championless (SI),0,2,0
Leona/Yasuo (IO/MT),Kalista (SI),0,2,0
Evelynn/Kai'Sa (RU/SH),Ashe (FR/PZ),0,2,0
Teemo/Zoe (BC/MT),Aphelios/Seraphine (MT/PZ),0,2,0
Fiora/Udyr (DE/FR),Katarina/Yasuo (IO/NX),0,2,0
Darius/Gnar (FR/NX),Gwen/Vayne (DE/SI),0,2,0
Akshan/Ekko (PZ/SH),Katarina/Yasuo (IO/NX),0,2,0
Braum/Master Yi (FR/IO),Championless (PZ/SI),0,2,0
Caitlyn/Norra (BC/PZ),Championless (PZ/SI),0,2,0
Ashe/LeBlanc (FR/NX),Miss Fortune/Zoe (BW/MT),0,2,0
Samira/Twisted Fate (BW/NX),Gnar/Neeko (FR/RU),0,2,0
Championless (FR/MT),Shen/Sivir (IO/SH),0,2,0
Ashe (FR/SI),Swain/Yasuo (IO/NX),0,2,0
Gwen/Renekton (SI/SH),Elise (SI),0,2,0
Nami/Twisted Fate (BW/PZ),Caitlyn/Teemo (BC/PZ),0,2,0
Akshan/Samira (NX/SH),Garen/Neeko (DE/RU),0,2,0
Elise (SI),Gnar/Tristana (BC/BW),0,2,0
Braum/Zoe (FR/MT),Nami/Nilah (BW/IO),0,2,0
Leona/Yasuo (IO/MT),Yasuo (IO/PZ),0,2,0
Garen (DE/SH),Lulu/Shen (IO/MT),0,2,0
LeBlanc/Udyr (FR/NX),Annie/Jhin (RU/NX),0,2,0
Elise (SI),Annie/Jhin (RU/NX),0,2,0
Caitlyn/Swain (NX/PZ),Akshan/Ekko (PZ/SH),0,2,0
Fizz (BC/FR),Ashe/LeBlanc (FR/NX),0,2,0
Akshan/Sivir (IO/SH),Caitlyn/Swain (NX/PZ),0,2,0
Akshan/Sivir (DE/SH),Fizz (BC/FR),0,2,0
Quinn/Vayne/Zed (DE/IO),Ashe/LeBlanc (FR/NX),0,2,0
Ezreal/Zoe (MT/PZ),Darius/Gwen (NX/SI),0,2,0
Leona/Yasuo (IO/MT),Ezreal/Zoe (MT/PZ),0,2,0
Ashe/LeBlanc (FR/NX),Zoe (FR/MT),0,2,0
Ashe/Janna (FR/PZ),Gwen/Sivir (SI/SH),0,2,0
Darius/Gwen (NX/SI),LeBlanc/Sivir (NX/SH),0,2,0
Gwen (NX/SI),Ashe/LeBlanc (FR/NX),0,2,0
Yasuo (IO/NX),Championless (PZ/SI),0,2,0
Gnar/Tristana (BC/NX),Garen (DE),0,2,0
Gnar/Udyr (DE/FR),Ashe/Caitlyn (FR/PZ),0,2,0
Caitlyn/Norra/Teemo (BC/PZ),Janna (FR/PZ),0,2,0
Akshan/Master Yi/Sivir (IO/SH),Championless (SI),0,2,0
Udyr (FR/MT),Braum/Zoe (FR/MT),0,2,0
Gwen/LeBlanc (NX/SI),Braum/Zoe (FR/MT),0,2,0
LeBlanc/Sivir (NX/SH),Caitlyn/Swain (NX/PZ),0,2,0
Championless (FR/MT),Nilah/Twisted Fate (BW/PZ),0,2,0
Nami/Twisted Fate (BW/PZ),Quinn/Vayne/Zed (DE/IO),0,2,0
Championless (PZ/SI),Master Yi/Nami (BW/IO),0,2,0
Championless (PZ/SI),Garen (DE),0,2,0
Championless (PZ/SI),Ashe/Caitlyn (FR/PZ),0,2,0
Tristana (BC/DE),Braum/Zoe (FR/MT),0,2,0
Darius/Gnar (FR/NX),Gnar/Tristana (BC/BW),0,2,0
Caitlyn/Swain (NX/PZ),Garen (DE/SH),0,2,0
Master Yi/Zoe (IO/MT),Annie/Jhin (RU/NX),0,2,0
Kalista/Lucian (DE/SI),Janna/Nilah (BW/PZ),0,2,0
Leona/Yasuo (IO/MT),Akshan/Zed (IO/SH),0,2,0
Shen/Sivir (IO/SH),Annie/Jhin (RU/NX),0,2,0
Annie/Jhin (RU/NX),Gwen/Hecarim/Kalista (SI),0,2,0
Udyr (FR/SI),Braum/Zoe (FR/MT),0,2,0
Pantheon/Zoe (DE/MT),Championless (SI),0,2,0
Akshan/Fiora (DE/SH),Ashe/Janna (FR/PZ),0,2,0
Ashe (FR/PZ),Braum/Gnar (FR/MT),0,2,0
Braum/Zoe (FR/MT),Master Yi/Nami (BW/IO),0,2,0
Darius/Gnar (FR/NX),Janna (IO/PZ),0,2,0
Elise (SI),Ashe (FR/PZ),0,2,0
Braum/Zoe (FR/MT),Katarina/Samira (NX/PZ),0,2,0
Garen/Neeko (DE/RU),Championless (SI),0,2,0
Sejuani/Teemo (BC/FR),Braum/Zoe (FR/MT),0,2,0
Ashe/Braum (FR/IO),Ashe (FR/PZ),0,2,0
Norra/Zoe (BC/MT),Janna/Nilah (BW/PZ),0,2,0
Janna/Nilah/Twisted Fate (BW/PZ),Darius/Gnar (FR/NX),0,2,0
Garen (DE),Darius/Gnar (FR/NX),0,2,0
Garen/Neeko (DE/RU),Janna/Master Yi (IO/PZ),0,2,0
Caitlyn/Swain/Teemo (NX/PZ),Sejuani/Swain (FR/NX),0,2,0
Jhin/Twisted Fate (BW/RU),Ashe/LeBlanc (FR/NX),0,2,0
Sejuani/Swain (FR/NX),Akshan/Samira (NX/SH),0,2,0
Hecarim/Kalista (PZ/SI),Darius/Gnar (FR/NX),0,2,0
Kalista (SI),Hecarim/Zed (IO/SI),0,2,0
Swain/Yasuo (IO/NX),Nidalee (BC/SH),0,2,0
Ekko/Nidalee (PZ/SH),Ezreal/Nilah (BW/PZ),0,2,0
Ekko (PZ/SH),Kalista (SI),0,2,0
Championless (PZ/SI),Gnar/Sejuani (BC/FR),0,2,0
Master Yi/Seraphine (IO/PZ),Annie/Jhin (RU/NX),0,2,0
Darius/Gwen (NX/SI),Leona/Yasuo (IO/MT),0,2,0
Caitlyn/Swain (NX/PZ),Draven/LeBlanc (FR/NX),0,2,0
Ashe/LeBlanc (FR/NX),LeBlanc/Udyr (FR/NX),0,2,0
Master Yi/Zoe (IO/MT),LeBlanc/Udyr (FR/NX),0,2,0
Caitlyn/Teemo (PZ),Ashe/LeBlanc (FR/NX),0,2,0
Ashe (FR/PZ),Norra/Swain (BC/NX),0,2,0
Miss Fortune (BW/MT),Ashe/LeBlanc (FR/NX),0,2,0
Championless (MT/SI),Fiora/Shen (DE/IO),0,2,0
Akshan/Nidalee (BC/SH),Renekton/Sejuani (FR/SH),0,2,0
Ezreal/Norra (BC/PZ),Ashe/LeBlanc (FR/NX),0,2,0
Master Yi/Udyr (FR/IO),Akshan/Ekko (PZ/SH),0,2,0
Ashe/Caitlyn (FR/PZ),Ezreal/Nilah/Twisted Fate (BW/PZ),0,2,0
Lux: Illuminated/Udyr (DE/FR),Braum/Zoe (FR/MT),0,2,0
Norra/Teemo (BC/PZ),Samira/Twisted Fate (BW/NX),0,2,0
Ahri/Kennen (BC/IO),Sejuani/Swain (FR/NX),0,2,0
LeBlanc/Sivir (NX/SH),Hecarim/Kalista (SI/SH),0,2,0
Akshan/Ekko (PZ/SH),Nidalee (BC/SH),0,2,0
Darius/Yasuo (IO/NX),Ezreal/Norra (BC/PZ),0,2,0
Annie/Jhin (RU/NX),Caitlyn/Swain (NX/PZ),0,2,0
Darius/Gwen (NX/SI),Gnar/Nidalee (BC/SH),0,2,0
Udyr (FR/MT),Ashe/LeBlanc (FR/NX),0,2,0
Braum/Udyr (DE/FR),Gwen/Hecarim/Sivir (SI/SH),0,2,0
Hecarim (SI),Kalista (SI),0,2,0
Master Yi/Zoe (IO/MT),Janna (PZ/SI),0,2,0
Caitlyn/Teemo (BC/PZ),Akshan/Pantheon (MT/SH),0,2,0
Championless (DE/FR),Ashe/LeBlanc (FR/NX),0,2,0
Leona/Yasuo (IO/MT),Kalista/Lucian (DE/SI),0,2,0
Evelynn/Norra (BC/RU),LeBlanc (FR/NX),0,2,0
Kalista (SI),Akshan/Pantheon (MT/SH),0,2,0
Gwen (IO/SI),Championless (BC/SI),0,2,0
Norra/Twisted Fate (BC/BW),Ashe/LeBlanc (FR/NX),0,2,0
Hecarim/Zed (IO/SI),Annie/Jhin (RU/NX),0,2,0
Hecarim/Kalista (SI/SH),Nilah/Twisted Fate (BW/PZ),0,2,0
Hecarim/Sivir (SI/SH),Annie/Jhin (RU/NX),0,2,0
Lulu/Shen (DE/IO),Akshan/Master Yi (IO/SH),0,2,0
Kalista/LeBlanc (NX/SI),Nilah/Twisted Fate (BW/PZ),0,2,0
Janna (FR/PZ),Darius/Gnar (FR/NX),0,2,0
Lucian/Zoe (DE/MT),Braum/Zoe (FR/MT),0,2,0
Fizz/Samira (BW/NX),Sejuani/Swain (FR/NX),0,2,0
Yasuo (IO/NX),Teemo/Tristana (BC/SI),0,2,0
Master Yi/Udyr (FR/IO),Samira/Twisted Fate (BW/NX),0,2,0
Kalista (SI/SH),Ashe (FR/PZ),0,2,0
Bard/Norra/Teemo (BC/RU),Championless (SI),0,2,0
Nilah/Twisted Fate (BW/PZ),Udyr (DE/FR),0,2,0
Braum/Gnar (FR/MT),Sejuani/Teemo (BC/FR),0,2,0
Championless (SI/SH),Janna (FR/PZ),0,2,0
Janna/Nilah/Twisted Fate (BW/PZ),Ashe (FR/PZ),0,2,0
Janna/Nilah/Twisted Fate (BW/PZ),Ashe/Janna (FR/PZ),0,2,0
Janna/Nilah/Twisted Fate (BW/PZ),Garen (DE),0,2,0
Hecarim/Kalista (IO/SI),Neeko/Teemo (BC/RU),0,2,0
Sejuani/Swain (FR/NX),Championless (MT/SI),0,2,0
Twisted Fate (BW/FR),Nilah/Twisted Fate (BW/PZ),0,2,0
Fizz/Nami (BW/FR),Ashe/LeBlanc (FR/NX),0,2,0
Fizz/Nami (BW/FR),Hecarim/Kalista (SI/SH),0,2,0
Kai'Sa/Zed (IO/SH),Ashe/LeBlanc (FR/NX),0,2,0
Fizz/Nami (BW/FR),Janna/Nilah (BW/PZ),0,2,0
Kai'Sa/Zed (IO/SH),Leona/Yasuo (IO/MT),0,2,0
Hecarim/Kalista (SI/SH),Katarina/Yasuo (IO/NX),0,2,0
Garen/Sivir (DE/SH),Braum/Zoe (FR/MT),0,2,0
Ashe/LeBlanc (FR/NX),Twisted Fate/Udyr (BW/FR),0,2,0
Annie/Samira (NX/PZ),Janna/Nilah (BW/PZ),0,2,0
Darius/Gnar (FR/NX),Garen/Sivir (DE/SH),0,2,0
Master Yi/Udyr (FR/IO),Ezreal/Seraphine (PZ/SI),0,2,0
Gnar/Nidalee (BC/SH),Ashe (FR),0,2,0
Shen/Sivir (IO/SH),Garen/Udyr (DE/FR),0,2,0
Garen/Sivir (DE/SH),Draven/Pantheon (MT/NX),0,2,0
Ezreal/Gwen/Teemo (PZ/SI),Ezreal/Seraphine (PZ/SI),0,2,0
Norra/Twisted Fate (BC/BW),Ashe (FR/PZ),0,2,0
Norra/Teemo (BC/PZ),Championless (MT/SI),0,2,0
Kalista/Nocturne (BW/SI),Swain/Yasuo (IO/NX),0,2,0
Ahri/Kennen (BC/IO),Darius/Gnar (FR/NX),0,2,0
Ashe/LeBlanc (FR/NX),Akshan/Gwen (SI/SH),0,2,0
Caitlyn/Norra/Teemo (BC/PZ),Hecarim (SI),0,2,0
Ashe/LeBlanc (FR/NX),Ashe/Udyr (FR/SI),0,2,0
Fiora/Udyr (DE/FR),Braum/Janna (FR/PZ),0,2,0
Championless (MT/SI),Twisted Fate (BW/FR),0,2,0
Nami/Seraphine (BW/PZ),Braum/Janna (FR/PZ),0,2,0
Annie/Jhin (RU/NX),Neeko (FR/RU),0,2,0
Gwen/LeBlanc (NX/SI),Lulu/Shen (DE/IO),0,2,0
Garen/LeBlanc (DE/NX),Championless (PZ/SI),0,2,0
Ezreal/Janna (DE/PZ),Diana/Nocturne (MT/SI),0,2,0
Fizz/Nami/Nilah (BW/PZ),Norra/Zoe (BC/MT),0,2,0
Janna/Twisted Fate (BW/PZ),Swain/Twisted Fate (BW/NX),0,2,0
Braum/Janna (FR/PZ),Braum/Zoe (FR/MT),0,2,0
Teemo/Zoe (BC/MT),Garen (DE/SI),0,2,0
Quinn/Vayne/Zed (DE/IO),Championless (SI),0,2,0
Annie/Jhin (RU/NX),Tristana (BC/IO),0,2,0
Sejuani (BC/FR),Championless (MT/SI),0,2,0
Championless (MT/SI),Braum/The Poro King (FR/RU),0,2,0
Championless (MT/SI),Fiora/Udyr (DE/FR),0,2,0
Championless (PZ/SI),Ezreal/Seraphine (PZ/SI),0,2,0
Kalista/Norra (BC/SI),Katarina/Swain/Yasuo (IO/NX),0,2,0
Nilah/Twisted Fate (BW/PZ),Caitlyn/Norra/Teemo (BC/PZ),0,2,0
Championless (FR/MT),Teemo/Twisted Fate (BW/PZ),0,2,0
Teemo/Twisted Fate (BW/PZ),Caitlyn/Yasuo (IO/PZ),0,2,0
Sejuani/Swain (FR/NX),Yasuo (IO/NX),0,2,0
Shen/Sivir (IO/SH),Championless (MT/SI),0,2,0
Ezreal/Seraphine (PZ/SI),Seraphine/Zoe (MT/PZ),0,2,0
Pantheon/Zoe (DE/MT),Braum/Zoe (FR/MT),0,2,0
Kalista/Lucian (DE/SI),Akshan/Fizz (BC/SH),0,2,0
Fiora/Nidalee (DE/SH),Darius/Gnar (FR/NX),0,2,0
Braum/Zoe (FR/MT),Nami/Zoe (BW/MT),0,2,0
Teemo/Twisted Fate (BW/PZ),Akshan/Pantheon (MT/SH),0,2,0
Fiora/Udyr (DE/FR),Gwen/Vayne (DE/SI),0,2,0
Janna/Twisted Fate (BW/PZ),Caitlyn/Teemo (BC/PZ),0,2,0
Annie/Jhin (RU/NX),Seraphine/Twisted Fate (BW/PZ),0,2,0
Braum/Udyr (DE/FR),Lulu/Shen (DE/IO),0,2,0
Master Yi/Zoe (IO/MT),Quinn/Vayne (DE/PZ),0,2,0
Championless (SI),Annie/Yasuo (IO/NX),0,2,0
Gnar/Nidalee (BC/SH),Irelia/Miss Fortune (BW/IO),0,2,0
Neeko/Norra (BC/RU),Ashe/LeBlanc (FR/NX),0,2,0
Annie/Jhin (RU/NX),Renekton/Sejuani (FR/SH),0,2,0
Garen/Udyr (DE/FR),Lulu/Shen (DE/IO),0,2,0
Hecarim/Zed (IO/SI),Championless (SI),0,2,0
Janna/Nilah (BW/PZ),Udyr/Zoe (FR/MT),0,2,0
Aphelios/Bard (RU/MT),Ashe/LeBlanc (FR/NX),0,2,0
Bard/Norra (BC/RU),Championless (PZ/SI),0,2,0
Caitlyn/Janna (BC/PZ),Elise (SI/SH),0,2,0
Akshan/Garen (DE/SH),Ashe/LeBlanc (FR/NX),0,2,0
Aphelios/Jhin (RU/MT),Nilah/Twisted Fate (BW/PZ),0,2,0
Elise (SI/SH),Championless (SI),0,2,0
Ashe/Braum (FR/SI),Diana/Zoe (FR/MT),0,2,0
Quinn/Vayne (DE/PZ),Annie/Jhin (RU/NX),0,2,0
Teemo/Tristana (BC/SI),Braum/Zoe (FR/MT),0,2,0
Caitlyn/Teemo (BC/PZ),Ashe/Sejuani (FR/SI),0,2,0
Ashe/LeBlanc (FR/NX),Irelia/Miss Fortune (BW/IO),0,2,0
Braum/Garen (DE/FR),Championless (SI),0,2,0
Ashe (FR/PZ),Garen (DE/FR),0,2,0
Darius/Gnar (FR/NX),Miss Fortune/Twisted Fate (BW/NX),0,2,0
Ezreal/Gnar (BC/PZ),Darius/Gnar (FR/NX),0,2,0
Akshan/Sivir (DE/SH),Fiora/Udyr (DE/FR),0,2,0
Garen (DE/SI),Braum/Zoe (FR/MT),0,2,0
Nilah (BW/FR),Ashe/LeBlanc (FR/NX),0,2,0
Jinx/Miss Fortune (BW/PZ),Ashe/LeBlanc (FR/NX),0,2,0
Janna (FR/PZ),Janna/Twisted Fate (BW/PZ),0,2,0
Ashe/Braum (FR/SI),Ashe/LeBlanc (FR/NX),0,2,0
Nilah/Twisted Fate (BW/PZ),Renekton/Sejuani (FR/SH),0,2,0
Gwen (SI),Ashe/LeBlanc (FR/NX),0,2,0
Caitlyn/Teemo (FR/PZ),Braum/Zoe (FR/MT),0,2,0
Annie/Jhin (RU/NX),LeBlanc/Sivir (NX/SH),0,2,0
Elise (SI),Ashe/LeBlanc (FR/NX),0,2,0
Nilah/Twisted Fate (BW/PZ),Udyr (FR/SI),0,2,0
Championpile (FR/SH),Championless (BW/MT),0,2,0
Fiora/Garen (DE/IO),Braum/Zoe (FR/MT),0,2,0
Ashe (FR/SI),Fiora/Garen (DE/FR),0,2,0
Akshan/Zed (IO/SH),Braum/Zoe (FR/MT),0,2,0
Aphelios/Yasuo (IO/MT),Darius/Gnar (FR/NX),0,2,0
Fiora/Garen (DE/FR),Championless (SI),0,2,0
Fiora/Garen (DE/FR),Renekton/Sejuani (FR/SH),0,2,0
Ashe/LeBlanc (FR/NX),Aphelios/Gnar (FR/MT),0,2,0
Jhin/Yasuo (IO/RU),Norra/Zoe (BC/MT),0,2,0
Swain (BC/NX),Braum/Zoe (FR/MT),0,2,0
Fizz/Nami (BW/IO),Ashe/LeBlanc (FR/NX),0,2,0
Annie/Jhin (RU/NX),Ashe/Caitlyn (FR/PZ),0,2,0
Gnar/Neeko (FR/RU),Fiora/Shen (DE/IO),0,2,0
Gwen/Hecarim (SI/SH),Annie/Jhin (RU/NX),0,2,0
Fiora (DE/FR),Ashe/LeBlanc (FR/NX),0,2,0
Nilah/Twisted Fate (BW/PZ),Samira/Udyr (FR/NX),0,2,0
Darius/Gwen (NX/SI),Gwen/Katarina (NX/SI),0,2,0
Gwen/Kalista (FR/SI),Ashe (FR/PZ),0,2,0
Janna (PZ/SI),Leona/Zoe (DE/MT),0,2,0
Shen/Sivir (IO/SH),Kalista (SI),0,2,0
Janna/Master Yi (IO/PZ),Nilah/Twisted Fate (BW/IO),0,2,0
Caitlyn (FR/PZ),Ashe (FR/PZ),0,2,0
Janna/Seraphine (IO/PZ),Janna (PZ/SI),0,2,0
Annie/Jhin (RU/NX),Caitlyn/Norra (BC/PZ),0,2,0
Bard/Norra (BC/RU),Pantheon/Udyr (FR/MT),0,2,0
Aphelios/Zoe (MT/SI),Nilah/Twisted Fate (BW/PZ),0,2,0
Katarina/Yasuo (IO/NX),Akshan/Gwen (SI/SH),0,2,0
Caitlyn (FR/PZ),Bard/Janna (RU/PZ),0,2,0
Caitlyn/Nami (BW/PZ),Ashe/LeBlanc (FR/NX),0,2,0
Championless (FR/IO),Vayne (DE/MT),0,2,0
Darius (FR/NX),Ashe (BW/FR),0,2,0
Garen (DE/SH),Nilah/Twisted Fate (BW/PZ),0,2,0
Ashe (FR/SI),Darius/Gnar (FR/NX),0,2,0
Bard/Norra (BC/RU),Darius/Gnar (FR/NX),0,2,0
Bard/Norra (BC/RU),Ashe (FR/PZ),0,2,0
Hecarim/Kalista (SI),Ashe/LeBlanc (FR/NX),0,2,0
Neeko (RU/SH),Ashe/LeBlanc (FR/NX),0,2,0
Gnar/Seraphine (BC/PZ),Norra/Teemo (BC/SI),0,2,0
Gnar/Neeko (BC/RU),Caitlyn/Teemo (FR/PZ),0,2,0
Gwen/Kalista (NX/SI),LeBlanc/Sivir (NX/SH),0,2,0
Janna (PZ/SI),LeBlanc/Sivir (NX/SH),0,2,0
Annie/Elise (NX/SI),Ashe (FR/PZ),0,2,0
Annie/Jhin (RU/NX),Annie/Elise (NX/SI),0,2,0
Annie/Elise (NX/SI),Championless (SI),0,2,0
Akshan/Pantheon (MT/SH),Shen/Sivir (IO/SH),0,2,0
Gwen (NX/SI),Darius/Gnar (FR/NX),0,2,0
Ashe/LeBlanc (FR/NX),Leona (MT/SH),0,2,0
Ezreal/Zoe (MT/PZ),Ashe/LeBlanc (FR/NX),0,2,0
Championless (PZ/SI),Darius (FR/NX),0,2,0
Caitlyn/Ezreal (NX/PZ),Janna (PZ/SI),0,2,0
Caitlyn/Teemo (BC/PZ),Janna (PZ/SI),0,2,0
Ashe (FR/SI),Aphelios/Zoe (IO/MT),0,2,0
Braum/Zoe (FR/MT),Leona/Zoe (DE/MT),0,2,0
Katarina/Miss Fortune (BW/NX),Darius/Gnar (FR/NX),0,2,0
Janna/Norra (BC/PZ),Ashe/LeBlanc (FR/NX),0,2,0
Braum (FR/SH),Ashe (FR/PZ),0,2,0
Quinn/Vayne (DE/SH),Championless (SI),0,2,0
Nidalee (BC/SH),Akshan/Sivir (FR/SH),0,2,0
Norra/Zoe (BC/MT),Pantheon/Udyr (FR/MT),0,2,0
Fizz/Nami (BC/BW),Annie/Jhin (RU/NX),0,2,0
Annie/Jhin (RU/NX),Akshan/Gwen (SI/SH),0,2,0
Annie/Jhin (RU/NX),Gnar/Nidalee (BC/SH),0,2,0
Janna/Nilah/Twisted Fate (BW/PZ),Gwen/LeBlanc (NX/SI),0,2,0
Diana/Nocturne (MT/SI),Garen/Udyr (DE/FR),0,2,0
Akshan/Udyr (FR/SH),Gwen/Kalista (NX/SI),0,2,0
Championless (SI),Braum/Swain (FR/NX),0,2,0
Braum/Garen (DE/FR),Darius/Gnar (FR/NX),0,2,0
Ezreal/Nilah (BW/PZ),Braum/Zoe (FR/MT),0,2,0
Ezreal/Swain (NX/PZ),LeBlanc/Sivir (NX/SH),0,2,0
Leona/Yasuo (IO/MT),Lux: Illuminated/Udyr (DE/FR),0,2,0
Akshan/Gwen (SI/SH),Championless (MT/SI),0,2,0
Akshan/Udyr (FR/SH),Annie/Miss Fortune (BW/NX),0,2,0
Norra/Zoe (BC/MT),Teemo/Zoe (BC/MT),0,2,0
Fiora/Renekton (DE/SH),Championless (SI),0,2,0
Bard/Janna (RU/PZ),Championless (MT/SI),0,2,0
Caitlyn/Teemo (BC/PZ),Championless (MT/SI),0,2,0
Gnar/Pantheon (FR/MT),Katarina/Yasuo (IO/NX),0,2,0
Ashe (FR/SI),Janna/Master Yi (IO/PZ),0,2,0
Darius (FR/NX),Caitlyn/Norra/Teemo (BC/PZ),0,2,0
Ashe (FR/PZ),Teemo/Zoe (BC/MT),0,2,0
Leona/Yasuo (IO/MT),Championpile (FR/SH),0,2,0
Akshan/Samira (NX/SH),Darius (FR/NX),0,2,0
Hecarim/Lucian (DE/SI),Janna/Twisted Fate (BW/PZ),0,2,0
Akshan/Pantheon (MT/SH),Sejuani/Teemo (FR/PZ),0,2,0
Championless (SI),Master Yi/Samira (IO/NX),0,2,0
Gnar/Neeko (FR/RU),Janna (PZ/SI),0,2,0
Janna (PZ/SI),Gnar/Tristana (BC/DE),0,2,0
Norra (BC/FR),Ashe/Gnar (FR),0,2,0
Norra/Teemo (BC/PZ),Master Yi/Zoe (IO/MT),0,2,0
Ezreal/Zoe (MT/PZ),Caitlyn/Swain (NX/PZ),0,2,0
Ezreal/Zoe (MT/PZ),Draven/Jinx (NX/PZ),0,2,0
Championless (SI),Ashe (FR/SI),0,2,0
Darius/Gnar (FR/NX),Ashe/Sejuani (FR/NX),0,2,0
Ashe (FR/PZ),Championless (IO/MT),0,2,0
Akshan/Kai'Sa (DE/SH),Ashe/LeBlanc (FR/NX),0,2,0
Swain (FR/NX),Ashe/LeBlanc (FR/NX),0,2,0
Fiora/Pantheon (DE/MT),Nilah/Twisted Fate (BW/PZ),0,2,0
Janna (PZ/SI),Sejuani/Swain (FR/NX),0,2,0
Caitlyn/Norra/Teemo (BC/PZ),Janna (PZ/SI),0,2,0
Katarina/Yasuo (IO/NX),Braum (FR/MT),0,2,0
Yasuo (IO/MT),Akshan/Master Yi (IO/SH),0,2,0
Neeko (FR/RU),Championless (NX/SI),0,2,0
Annie/Jhin (RU/NX),Samira/Sejuani (FR/NX),0,2,0
Garen/Lux: Illuminated (DE),Championless (FR/IO),0,2,0
Gnar/Seraphine (BC/PZ),Garen/Lux: Illuminated (DE),0,2,0
Championless (PZ/SI),Janna (MT/PZ),0,2,0
Championless (SI),Annie/Jhin/Swain (RU/NX),0,2,0
Garen/Sivir (DE/SH),Fiora/Pantheon (DE/MT),0,2,0
Fizz/Nami (BW/IO),LeBlanc/Sivir (NX/SH),0,2,0
Nami/Zoe (BW/MT),Ashe (FR/PZ),0,2,0
Janna (PZ/SI),Fiora (DE/IO),0,2,0
Ezreal/Nilah (BW/PZ),Janna (PZ/SI),0,2,0
Garen (DE/FR),Gnar/Nidalee (BC/SH),0,2,0
Garen (DE/FR),Garen (DE/SI),0,2,0
Shen/Sivir (IO/SH),Championless (SI/SH),0,2,0
Neeko (RU/SH),Nilah/Twisted Fate (BW/PZ),0,2,0
Leona/Yasuo (IO/MT),Caitlyn/Swain (NX/PZ),0,2,0
Yasuo (FR/IO),Katarina/Zed (IO/NX),0,2,0
Championless (SI),Swain (FR/NX),0,2,0
Janna (IO/PZ),Janna (PZ/SI),0,2,0
Championless (PZ/SI),Gwen/Hecarim (IO/SI),0,2,0
Akshan/Pantheon (MT/SH),Kalista (MT/SI),0,2,0
Gnar/Nidalee (BC/SH),Gnar/Sejuani (BC/FR),0,2,0
Caitlyn/Darius (NX/PZ),Janna (PZ/SI),0,2,0
Caitlyn/Darius (NX/PZ),Championless (SI),0,2,0
Braum/Janna (FR/PZ),Darius (FR/NX),0,2,0
Braum (FR/NX),Darius/Gnar (FR/NX),0,2,0
Fiora/Shen (DE/IO),Braum/Sejuani (FR/NX),0,2,0
Irelia/Zed (IO/SH),Braum/Sejuani (FR/NX),0,2,0
Swain/Udyr (FR/NX),Braum/Zoe (FR/MT),0,2,0
Bard/Caitlyn/Teemo (RU/PZ),Garen (DE/SI),0,2,0
Darius (FR/NX),Lux: Illuminated/Shen (DE/IO),0,2,0
Braum/Janna (FR/PZ),Aphelios/Yasuo (IO/MT),0,2,0
Aphelios/Zoe (MT),Ashe/LeBlanc (FR/NX),0,2,0
Akshan/Gwen (SI/SH),Aphelios/Zoe (MT),0,2,0
Diana/Nami (BW/MT),Braum/Zoe (FR/MT),0,2,0
Braum/Zoe (FR/MT),Championless (DE/MT),0,2,0
Jhin/Miss Fortune (BW/RU),Jinx/Lulu (BC/PZ),0,2,0
Swain/Udyr (FR/NX),Norra/Teemo (BC/PZ),0,2,0
Janna/Master Yi (IO/PZ),Akshan/Renekton (SH),0,2,0
Caitlyn/Swain (NX/PZ),Kalista/Nocturne/Zoe (MT/SI),0,2,0
Braum/Master Yi (FR/IO),Championless (SI),0,2,0
Zoe (BC/MT),Kalista (SI),0,2,0
Sejuani/Teemo (FR/PZ),Ashe (BW/FR),0,2,0
Katarina/Miss Fortune (BW/NX),Ashe (FR/SI),0,2,0
Akshan/Master Yi (IO/SH),Annie/Elise (NX/SI),0,2,0
Championless (BC/SI),Darius/Gnar (FR/NX),0,2,0
Aphelios/Twisted Fate (BW/MT),Championless (PZ/SI),0,2,0
Aphelios/Twisted Fate (BW/MT),Master Yi/Zoe (IO/MT),0,2,0
Braum (FR/IO),Akshan/Master Yi (IO/SH),0,2,0
Caitlyn/Swain (NX/PZ),Ezreal/Teemo/Udyr (FR/PZ),0,2,0
Norra/Zoe (BC/MT),Darius/Gwen (NX/SI),0,2,0
Braum/Janna (FR/PZ),Kalista (MT/SI),0,2,0
Braum/Darius (FR/NX),Fiora/Renekton (DE/SH),0,2,0
Kalista/Yasuo (IO/SI),Norra/Teemo (BC/PZ),0,2,0
Darius (FR/NX),Championless (FR/IO),0,2,0
Akshan/Master Yi (IO/SH),Hecarim/Kalista (SI),0,2,0
Akshan/Sivir (FR/SH),Caitlyn/Teemo (BC/PZ),0,2,0
Nidalee (BC/SH),Pantheon/Udyr (FR/MT),0,2,0
Akshan/Sivir (FR/SH),Katarina/Miss Fortune (BW/NX),0,2,0
Nilah/Twisted Fate (BW/PZ),Katarina/Miss Fortune (BW/NX),0,2,0
Gnar/Nidalee (BC/SH),Neeko/Zoe (MT/RU),0,2,0
Bard/Udyr (RU/FR),Nilah/Twisted Fate (BW/PZ),0,2,0
Ezreal/Teemo/Udyr (FR/PZ),Championless (SI),0,2,0
Pantheon/Udyr (FR/MT),Akshan/Master Yi (IO/SH),0,2,0
Aphelios/Yasuo (IO/MT),Bard/Udyr (RU/FR),0,2,0
Ezreal/Swain (NX/PZ),Championless (SI),0,2,0
Udyr/Zed (FR/IO),Ashe/LeBlanc (FR/NX),0,2,0
Evelynn/Kai'Sa (RU/SH),Gwen (FR/SI),0,2,0
Caitlyn/Norra (BC/PZ),Akshan/Udyr (FR/SH),0,2,0
Championpile (IO/SI),Ezreal/Seraphine (PZ/SI),0,2,0
Fiora/Pantheon (DE/MT),Akshan/Sivir (FR/SH),0,2,0
Katarina/Norra (BC/NX),Braum/Zoe (FR/MT),0,2,0
Katarina (IO/NX),Annie/Gwen (NX/SI),0,2,0
Darius (FR/NX),Fiora/Shen (DE/IO),0,2,0
Fiora (DE/MT),Championless (SI),0,2,0
Nilah/Twisted Fate (BW/PZ),Gnar/Sejuani (BC/FR),0,2,0
Ashe (FR/PZ),Udyr/Vayne (DE/FR),0,2,0
Nilah/Twisted Fate (BW/PZ),Ezreal (IO/PZ),0,2,0
Swain/Yasuo (IO/NX),Udyr (FR/PZ),0,2,0
Neeko (DE/RU),Ashe/LeBlanc (FR/NX),0,2,0
Fiora (DE/IO),Caitlyn/LeBlanc (NX/PZ),0,2,0
Nami/Udyr (BW/FR),Katarina/Zed (IO/NX),0,2,0
Aphelios/Zoe (MT),Nilah/Twisted Fate (BW/PZ),0,2,0
Pantheon/Udyr (FR/MT),LeBlanc/Sivir (NX/SH),0,2,0
Championless (SI),Pantheon/Udyr (FR/MT),0,2,0
Caitlyn/Katarina (NX/PZ),Braum/Zoe (FR/MT),0,2,0
Lissandra/Udyr (DE/FR),Nidalee (BC/SH),0,2,0
Yasuo (IO/MT),Ezreal/Seraphine (PZ/SI),0,2,0
Janna (IO/PZ),Caitlyn/Teemo (BC/PZ),0,2,0
Braum/Zoe (FR/MT),Braum (FR/IO),0,2,0
Pantheon/Udyr (FR/MT),Braum/Sejuani (BW/FR),0,2,0
Braum (FR/IO),Pantheon/Udyr (FR/MT),0,2,0
Braum/Sejuani (BW/FR),Ezreal/Seraphine (PZ/SI),0,2,0
Master Yi/Seraphine (IO/PZ),Shen/Sivir (IO/SH),0,2,0
Janna (IO/PZ),Championless (SI),0,2,0
Caitlyn/Teemo (BC/PZ),Samira/Sejuani (FR/NX),0,2,0
Caitlyn/Teemo (BC/PZ),Pantheon/Udyr (FR/MT),0,2,0
Annie/Jhin/Katarina (RU/NX),Ashe/LeBlanc (FR/NX),0,2,0
Akshan/Udyr (FR/SH),Fiora/Shen (DE/IO),0,2,0
Braum/Swain (FR/NX),Pantheon/Udyr (FR/MT),0,2,0
Master Yi/Samira (IO/NX),Ezreal/Seraphine (PZ/SI),0,2,0
Janna/Nami/Nilah (BW/PZ),Darius/Gnar (FR/NX),0,2,0
Bard/Caitlyn/Teemo (RU/PZ),Gwen/Udyr (FR/SI),0,2,0
Bard/Udyr (RU/FR),Braum/Zoe (FR/MT),0,2,0
Braum (FR/IO),Swain/Twisted Fate (BW/NX),0,2,0
Janna/Master Yi (IO/PZ),Renekton/Sivir (MT/SH),0,2,0
Pantheon/Udyr (FR/MT),Katarina/Yasuo (IO/NX),0,2,0
Nilah/Twisted Fate (BW/PZ),Braum/Zed (FR/IO),0,2,0
Garen/Shen (DE/IO),Championless (SI),0,2,0
Championless (SI),Ashe/Gnar (FR),0,2,0
Annie/Jhin (RU/NX),Tristana (BC/PZ),0,2,0
Ezreal/Seraphine (PZ/SI),Darius/Gwen/Hecarim (NX/SI),0,2,0
Nilah/Twisted Fate (BW/PZ),Darius/Gwen/Hecarim (NX/SI),0,2,0
Gwen/Katarina (NX/SI),Akshan/Sivir (FR/SH),0,2,0
Janna/Twisted Fate (BW/PZ),Janna/Master Yi (IO/PZ),0,2,0
Ezreal/Seraphine (PZ/SI),Bard/Udyr (RU/FR),0,2,0
Darius (NX),Ezreal/Seraphine (PZ/SI),0,2,0
Braum/Udyr (FR),Fiora/Pantheon (DE/MT),0,2,0
The Poro King (BW/RU),Braum/Zoe (FR/MT),0,2,0
Ashe/Lissandra (FR/PZ),Annie/Jhin (RU/NX),0,2,0
Braum/Udyr (FR),Udyr/Zed (FR/IO),0,2,0
Championless (SI),Darius/Gwen/Hecarim (NX/SI),0,2,0
Ezreal/Seraphine (PZ/SI),Lissandra/Swain (FR/NX),0,2,0
Ashe/Darius (FR/NX),Caitlyn (FR/PZ),0,2,0
Braum/Udyr (FR),LeBlanc/Sivir (NX/SH),0,2,0
Bard/Udyr (RU/FR),Fizz/Nami (BC/BW),0,2,0
Bard/Udyr (RU/FR),Ashe/Lissandra (FR/PZ),0,2,0
Darius/Ezreal (NX/PZ),Fiora/Shen (DE/IO),0,2,0
Gnar/Neeko (FR/RU),Garen/Shen (DE/IO),0,2,0
Annie/Jhin (RU/NX),Akshan/Ekko (PZ/SH),0,2,0
Bard/Braum (RU/FR),Nilah/Twisted Fate (BW/PZ),0,2,0
Garen/Miss Fortune/Quinn (BW/DE),Ashe/LeBlanc (FR/NX),0,2,0
Braum/Zoe (FR/MT),Lulu/Zed (DE/IO),0,2,0
Caitlyn/Katarina (NX/PZ),Ashe/Darius (FR/NX),0,2,0
Caitlyn/Swain (NX/PZ),Braum/Swain (FR/NX),0,2,0
Ezreal/Teemo (BC/PZ),Janna/Nilah (BW/PZ),0,2,0
Garen (DE/FR),Lulu/Shen (DE/IO),0,2,0
Norra/Swain (BC/NX),Evelynn (RU/SI),0,2,0
Swain/Yasuo (IO/NX),Ashe/Darius (FR/NX),0,2,0
Ezreal/Teemo (BC/PZ),Ashe/Darius (FR/NX),0,2,0
Teemo/Zoe (BC/MT),Braum/Sejuani (FR/NX),0,2,0
Gnar/Sejuani (BC/FR),Ezreal/Seraphine (PZ/SI),0,2,0
Ezreal/Teemo (BC/PZ),Darius/Gwen (NX/SI),0,2,0
Ezreal/Teemo (BC/PZ),Akshan/Master Yi (IO/SH),0,2,0
Nilah/Twisted Fate (BW/PZ),Ezreal/Teemo (BC/PZ),0,2,0
Hecarim/Lucian (DE/SI),Braum/Swain (FR/NX),0,2,0
Sejuani/Udyr (FR/NX),Katarina (FR/NX),0,2,0
Ashe/Braum (FR/PZ),Zoe (BC/MT),0,2,0
Braum (FR/SI),Neeko/Teemo (RU/PZ),0,2,0
Braum (FR/NX),Championpile (IO/SI),0,2,0
The Poro King (IO/RU),Annie/Jhin (RU/NX),0,2,0
Championpile (PZ/SH),Championless (SI),0,2,0
The Poro King (MT/RU),Championless (SI),0,2,0
Braum/Udyr (FR),Kai'Sa/Pantheon (MT/SH),0,2,0
Miss Fortune (BW/PZ),Ezreal/Seraphine (PZ),0,2,0
Championless (DE/MT),Fizz/Nami (BC/BW),0,2,0
Championless (DE/MT),Gnar/Nidalee (BC/SH),0,2,0
Akshan/Renekton (SH),Ashe/LeBlanc (FR/NX),0,2,0
Ezreal/Seraphine (PZ),Udyr/Zed (FR/IO),0,2,0
Bard/Janna (RU/PZ),Neeko/Renekton (RU/SH),0,2,0
Fizz/Gnar (BC/PZ),Fiora (DE/SH),0,2,0
Katarina/LeBlanc/Miss Fortune (BW/NX),Janna/Master Yi (IO/PZ),0,2,0
Udyr/Zoe (FR/MT),Braum/Zoe (FR/MT),0,2,0
Sejuani (FR/NX),Pantheon/Udyr (FR/MT),0,2,0
Championless (PZ/SI),Udyr/Zoe (FR/MT),0,2,0
Gnar/Sejuani (BC/FR),Ekko/Nilah/Twisted Fate (BW/PZ),0,2,0
Caitlyn (PZ),Championless (SI),0,2,0
Annie/Jhin (RU/NX),Ashe/Sejuani (FR/SI),0,2,0
Caitlyn/Norra (BC/PZ),Janna (PZ/SI),0,2,0
Ezreal/Seraphine (PZ/SI),Gnar/LeBlanc (FR/NX),0,2,0
Braum/Zoe (FR/MT),Braum/Lux: Illuminated (DE/FR),0,2,0
Janna/Master Yi/Seraphine (IO/PZ),Garen (DE/FR),0,2,0
Ezreal/Teemo (BC/PZ),Championless (SI),0,2,0
Udyr/Zoe (FR/MT),Master Yi/Udyr (FR/IO),0,2,0
LeBlanc/Sivir (NX/SH),Kalista/Lucian (DE/SI),0,2,0
Zoe (BC/MT),Gwen (FR/SI),0,2,0
Lux: Illuminated/Samira (DE/NX),LeBlanc/Sivir (NX/SH),0,2,0
Diana/Leona (MT/SH),Ashe (FR/PZ),0,2,0
Championless (PZ/SI),Akshan/Ekko (PZ/SH),0,2,0
Irelia/Kalista (IO/SI),Championless (FR),0,2,0
Irelia/Kalista (IO/SI),Bard/Caitlyn/Teemo (RU/PZ),0,2,0
Nidalee (BC/SH),Akshan/Aphelios (MT/SH),0,2,0
Caitlyn/Katarina (NX/PZ),Garen (DE/SH),0,2,0
Braum/Lux: Illuminated (DE/FR),Ashe/Sejuani (FR/SI),0,2,0
Fizz/Nami (BC/BW),Garen/Udyr (DE/FR),0,2,0
Ashe/LeBlanc (FR/NX),Aphelios/Zoe (MT/SI),0,2,0
Katarina/Yasuo (IO/NX),Caitlyn (NX/PZ),0,2,0
Fiora (DE/MT),Darius/Draven (BW/NX),0,2,0
Championless (DE/FR),Katarina/Yasuo (IO/NX),0,2,0
Janna/Jhin (RU/PZ),Ashe/LeBlanc (FR/NX),0,2,0
Championless (SI),Gwen/Kalista (MT/SI),0,2,0
Garen (DE/FR),Nidalee (BC/SH),0,2,0
Katarina/Miss Fortune (BW/NX),Master Yi/Udyr (FR/IO),0,2,0
Nami/Zoe (BW/MT),Ashe/LeBlanc (FR/NX),0,2,0
Master Yi/Zoe (IO/MT),Nami/Zoe (BW/MT),0,2,0
Ekko/Nilah/Twisted Fate (BW/PZ),Janna/Master Yi (IO/PZ),0,2,0
Braum/Zoe (FR/MT),Aphelios (FR/MT),0,2,0
Draven/Nami (BW/NX),Yasuo (IO/MT),0,2,0
Fiora/Vayne (DE/IO),Championless (SI),0,2,0
Jhin/Kennen (BC/RU),Championless (BC/IO),0,2,0
Darius/Gnar (FR/NX),Janna/Master Yi (IO/PZ),0,2,0
Ezreal/Miss Fortune (BW/PZ),Braum/Zoe (FR/MT),0,2,0
Master Yi/Udyr (FR/IO),Ezreal/Seraphine (IO/PZ),0,2,0
Quinn/Udyr/Vayne (DE/FR),Master Yi/Shen (DE/IO),0,2,0
Kalista (IO/SI),Ashe/LeBlanc (FR/NX),0,2,0
Ezreal/Jinx (PZ/SI),Kalista (SI),0,2,0
Gwen/Kalista (NX/SI),Gwen (SI/SH),0,2,0
Championless (BW/FR),Caitlyn/Katarina (NX/PZ),0,2,0
Ezreal/Miss Fortune (BW/PZ),Janna/Master Yi (IO/PZ),0,2,0
Caitlyn (NX/PZ),Aphelios/Udyr (FR/MT),0,2,0
Katarina/Miss Fortune (BW/NX),Gwen (FR/SI),0,2,0
Ezreal/Miss Fortune (BW/PZ),Championless (SI),0,2,0
Nami/Udyr (BW/FR),Garen/Lux: Illuminated (DE/IO),0,2,0
Pantheon/Zoe (IO/MT),Akshan/Ekko (PZ/SH),0,2,0
Fiora/Vayne (DE/IO),Sejuani/Udyr (DE/FR),0,2,0
Kai'Sa/Pantheon (MT/SH),Akshan/Ekko (PZ/SH),0,2,0
Ashe/LeBlanc (FR/NX),Fizz/Katarina (BW/NX),0,2,0
Zoe (FR/MT),Darius/Gnar (FR/NX),0,2,0
Ezreal/Seraphine (PZ/SI),Zoe (FR/MT),0,2,0
Sejuani/Udyr (DE/FR),Garen/Lux: Illuminated (DE/IO),0,2,0
Katarina/LeBlanc/Miss Fortune (BW/NX),Ashe/Caitlyn (FR/PZ),0,2,0
Braum/Udyr (DE/FR),Zoe (FR/MT),0,2,0
Katarina/LeBlanc/Miss Fortune (BW/NX),Darius/Gnar (FR/NX),0,2,0
Braum/Zoe (FR/MT),Pantheon (DE/MT),0,2,0
Darius (FR/NX),Akshan/Ekko (PZ/SH),0,2,0
Darius (FR/NX),Braum/Udyr (FR/NX),0,2,0
Sivir (NX/SH),Vayne/Zed (DE/IO),0,2,0
Caitlyn (NX/PZ),Ashe/Caitlyn (FR/PZ),0,2,0
Akshan/Ekko (PZ/SH),Championless (MT),0,2,0
Irelia/Zed (IO/SI),Fiora/Vayne (DE/IO),0,2,0
Akshan/Samira (NX/SH),Irelia/Miss Fortune (BW/IO),0,2,0
Kai'Sa/Sivir (DE/SH),Akshan/Ekko (PZ/SH),1,2,0.5
Akshan/Ekko (PZ/SH),Kai'Sa/Sivir (DE/SH),1,2,0.5
Zoe (IO/MT),Nilah/Twisted Fate (BW/PZ),1,2,0.5
Nilah/Twisted Fate (BW/PZ),Zoe (IO/MT),1,2,0.5
Akshan/Fiora (DE/SH),Darius (FR/NX),1,2,0.5
Darius (FR/NX),Akshan/Fiora (DE/SH),1,2,0.5
Twisted Fate/Yasuo (BW/IO),Nilah/Twisted Fate (BW/PZ),1,2,0.5
Nilah/Twisted Fate (BW/PZ),Twisted Fate/Yasuo (BW/IO),1,2,0.5
Ezreal/Seraphine (IO/PZ),Championless (SI),1,2,0.5
Championless (SI),Ezreal/Seraphine (IO/PZ),1,2,0.5
Championless (SI/SH),Kalista/Nocturne (SI),1,2,0.5
Kalista/Nocturne (SI),Championless (SI/SH),1,2,0.5
Championless (SI),Ezreal (PZ/SI),1,2,0.5
Ezreal (PZ/SI),Championless (SI),1,2,0.5
Braum (FR/MT),Braum (FR/MT),1,2,0.5
Ezreal/Seraphine (NX/PZ),Ezreal/Seraphine (IO/PZ),1,2,0.5
Ezreal/Seraphine (IO/PZ),Ezreal/Seraphine (NX/PZ),1,2,0.5
Ezreal/Seraphine (IO/PZ),Swain/Twisted Fate (BW/NX),1,2,0.5
Swain/Twisted Fate (BW/NX),Ezreal/Seraphine (IO/PZ),1,2,0.5
Norra/Zoe (BC/MT),LeBlanc/Sivir (NX/SH),1,2,0.5
LeBlanc/Sivir (NX/SH),Norra/Zoe (BC/MT),1,2,0.5
Braum/Zoe (FR/MT),Fiora/Vayne (DE/PZ),1,2,0.5
Fiora/Vayne (DE/PZ),Braum/Zoe (FR/MT),1,2,0.5
Ezreal/Twisted Fate (BW/PZ),Ezreal/Twisted Fate (BW/PZ),1,2,0.5
Championless (MT/SI),Kalista/Nocturne (SI),1,2,0.5
Kalista/Nocturne (SI),Championless (MT/SI),1,2,0.5
Kalista/Nocturne (SI),Darius/Swain (BW/NX),1,2,0.5
Darius/Swain (BW/NX),Kalista/Nocturne (SI),1,2,0.5
Caitlyn (BC/PZ),Akshan/Pantheon (MT/SH),1,2,0.5
Akshan/Pantheon (MT/SH),Caitlyn (BC/PZ),1,2,0.5
Akshan/Sivir (MT/SH),Darius/Gnar (FR/NX),1,2,0.5
Darius/Gnar (FR/NX),Akshan/Sivir (MT/SH),1,2,0.5
Akshan/Udyr (FR/SH),Ashe/Renekton (FR/SH),1,2,0.5
Ashe/Renekton (FR/SH),Akshan/Udyr (FR/SH),1,2,0.5
Norra/Zoe (BC/MT),Kai'Sa/Pantheon (MT/SH),1,2,0.5
Kai'Sa/Pantheon (MT/SH),Norra/Zoe (BC/MT),1,2,0.5
Gwen/Vayne (DE/SI),Lulu/Zed (DE/IO),1,2,0.5
Lulu/Zed (DE/IO),Gwen/Vayne (DE/SI),1,2,0.5
Akshan/Sivir (NX/SH),Nilah/Twisted Fate (BW/PZ),1,2,0.5
Nilah/Twisted Fate (BW/PZ),Akshan/Sivir (NX/SH),1,2,0.5
Quinn/Vayne (DE/IO),Akshan/Sivir (NX/SH),1,2,0.5
Akshan/Sivir (NX/SH),Quinn/Vayne (DE/IO),1,2,0.5
Gnar/Samira (BC/NX),Nilah/Twisted Fate (BW/PZ),1,2,0.5
Nilah/Twisted Fate (BW/PZ),Gnar/Samira (BC/NX),1,2,0.5
Draven/Jinx (NX/PZ),Kalista/Nocturne (SI),1,2,0.5
Kalista/Nocturne (SI),Draven/Jinx (NX/PZ),1,2,0.5
Championless (SI),Kai'Sa/Sivir (DE/SH),1,2,0.5
Kai'Sa/Sivir (DE/SH),Championless (SI),1,2,0.5
Kai'Sa/Pantheon (MT/SH),Fiora/Shen (DE/IO),1,2,0.5
Fiora/Shen (DE/IO),Kai'Sa/Pantheon (MT/SH),1,2,0.5
Gnar/Nidalee (BC/SH),LeBlanc (FR/NX),1,2,0.5
LeBlanc (FR/NX),Gnar/Nidalee (BC/SH),1,2,0.5
Pantheon/Zoe (FR/MT),Kalista (SI),1,2,0.5
Kalista (SI),Pantheon/Zoe (FR/MT),1,2,0.5
Nilah/Twisted Fate (BW/PZ),Caitlyn (BC/PZ),1,2,0.5
Caitlyn (BC/PZ),Nilah/Twisted Fate (BW/PZ),1,2,0.5
Gwen/Vayne (DE/SI),Ezreal/Nilah (BW/PZ),1,2,0.5
Ezreal/Nilah (BW/PZ),Gwen/Vayne (DE/SI),1,2,0.5
Akshan/Ekko (PZ/SH),Draven/Zoe (MT/NX),1,2,0.5
Draven/Zoe (MT/NX),Akshan/Ekko (PZ/SH),1,2,0.5
Garen (DE/SH),Ezreal/Seraphine (NX/PZ),1,2,0.5
Ezreal/Seraphine (NX/PZ),Garen (DE/SH),1,2,0.5
Ezreal/Seraphine (BC/PZ),Ezreal/Seraphine (BC/PZ),1,2,0.5
Ezreal/Twisted Fate (BW/PZ),Ezreal (PZ/SI),1,2,0.5
Ezreal (PZ/SI),Ezreal/Twisted Fate (BW/PZ),1,2,0.5
Nilah/Twisted Fate (BW/PZ),Championless (SI/SH),1,2,0.5
Championless (SI/SH),Nilah/Twisted Fate (BW/PZ),1,2,0.5
Ashe/LeBlanc (FR/NX),Lulu/Zed (BC/IO),1,2,0.5
Lulu/Zed (BC/IO),Ashe/LeBlanc (FR/NX),1,2,0.5
Braum/Gwen (FR/SI),Garen (DE/SH),1,2,0.5
Garen (DE/SH),Braum/Gwen (FR/SI),1,2,0.5
Braum/The Poro King (FR/RU),Akshan/Pantheon (MT/SH),1,2,0.5
Akshan/Pantheon (MT/SH),Braum/The Poro King (FR/RU),1,2,0.5
Akshan/Samira (NX/SH),Jhin/Yasuo (IO/RU),1,2,0.5
Jhin/Yasuo (IO/RU),Akshan/Samira (NX/SH),1,2,0.5
LeBlanc (FR/NX),Championless (PZ/SI),1,2,0.5
Championless (PZ/SI),LeBlanc (FR/NX),1,2,0.5
Nilah/Twisted Fate (BW/PZ),Ezreal/Seraphine (BC/PZ),1,2,0.5
Ezreal/Seraphine (BC/PZ),Nilah/Twisted Fate (BW/PZ),1,2,0.5
Braum/Udyr (DE/FR),Nilah/Twisted Fate (BW/PZ),1,2,0.5
Nilah/Twisted Fate (BW/PZ),Braum/Udyr (DE/FR),1,2,0.5
Braum/Udyr (DE/FR),Gwen/LeBlanc (NX/SI),1,2,0.5
Gwen/LeBlanc (NX/SI),Braum/Udyr (DE/FR),1,2,0.5
Ashe/Sejuani (FR/SI),Janna (PZ/SI),1,2,0.5
Janna (PZ/SI),Ashe/Sejuani (FR/SI),1,2,0.5
Kalista (SI),Ashe/Sejuani (FR/SI),1,2,0.5
Ashe/Sejuani (FR/SI),Kalista (SI),1,2,0.5
Gwen/Zed (IO/SI),Evelynn/Norra (BC/RU),1,2,0.5
Evelynn/Norra (BC/RU),Gwen/Zed (IO/SI),1,2,0.5
Evelynn/Kai'Sa (RU/SH),Championless (PZ/SI),1,2,0.5
Championless (PZ/SI),Evelynn/Kai'Sa (RU/SH),1,2,0.5
Hecarim/Zed (IO/SI),Janna (PZ/SI),1,2,0.5
Janna (PZ/SI),Hecarim/Zed (IO/SI),1,2,0.5
Ezreal/Janna (IO/PZ),Ezreal/Seraphine (PZ/SI),1,2,0.5
Ezreal/Seraphine (PZ/SI),Ezreal/Janna (IO/PZ),1,2,0.5
Championless (BW/MT),Annie/Jhin (RU/NX),1,2,0.5
Annie/Jhin (RU/NX),Championless (BW/MT),1,2,0.5
Swain/Twisted Fate (BW/NX),Ezreal/Seraphine (PZ/SI),1,2,0.5
Ezreal/Seraphine (PZ/SI),Swain/Twisted Fate (BW/NX),1,2,0.5
Ezreal/Janna (IO/PZ),Gwen/Vayne (DE/SI),1,2,0.5
Gwen/Vayne (DE/SI),Ezreal/Janna (IO/PZ),1,2,0.5
Ezreal/Janna (IO/PZ),Fizz/Nami (BW/MT),1,2,0.5
Fizz/Nami (BW/MT),Ezreal/Janna (IO/PZ),1,2,0.5
Janna (PZ/SI),Yasuo (IO/MT),1,2,0.5
Yasuo (IO/MT),Janna (PZ/SI),1,2,0.5
Nilah/Twisted Fate (BW/PZ),Diana/Nami (BW/MT),1,2,0.5
Diana/Nami (BW/MT),Nilah/Twisted Fate (BW/PZ),1,2,0.5
Akshan/Master Yi (IO/SH),Ashe/Sejuani (FR/SI),1,2,0.5
Ashe/Sejuani (FR/SI),Akshan/Master Yi (IO/SH),1,2,0.5
Fizz/Nami (BW/MT),Braum/Pantheon (FR/MT),1,2,0.5
Braum/Pantheon (FR/MT),Fizz/Nami (BW/MT),1,2,0.5
Gwen/Katarina (NX/SI),Swain/Yasuo (IO/NX),1,2,0.5
Swain/Yasuo (IO/NX),Gwen/Katarina (NX/SI),1,2,0.5
Ashe/Sejuani (FR/SI),Darius/Gnar (FR/NX),1,2,0.5
Darius/Gnar (FR/NX),Ashe/Sejuani (FR/SI),1,2,0.5
Ezreal (PZ/SI),Darius/Gnar (FR/NX),1,2,0.5
Darius/Gnar (FR/NX),Ezreal (PZ/SI),1,2,0.5
Norra (BC/BW),Zoe (IO/MT),1,2,0.5
Zoe (IO/MT),Norra (BC/BW),1,2,0.5
Yasuo (IO/MT),Darius/Gnar (FR/NX),1,2,0.5
Darius/Gnar (FR/NX),Yasuo (IO/MT),1,2,0.5
Ashe/Zoe (FR/MT),Annie/Twisted Fate (BW/NX),1,2,0.5
Annie/Twisted Fate (BW/NX),Ashe/Zoe (FR/MT),1,2,0.5
Ezreal/Seraphine (NX/PZ),Ashe/Zoe (FR/MT),1,2,0.5
Ashe/Zoe (FR/MT),Ezreal/Seraphine (NX/PZ),1,2,0.5
Akshan/Pantheon (MT/SH),Janna/Seraphine (IO/PZ),1,2,0.5
Janna/Seraphine (IO/PZ),Akshan/Pantheon (MT/SH),1,2,0.5
Ezreal (PZ/SI),Akshan/Sivir (DE/SH),1,2,0.5
Akshan/Sivir (DE/SH),Ezreal (PZ/SI),1,2,0.5
Kai'Sa/Pantheon (MT/SH),Ezreal (PZ/SI),1,2,0.5
Ezreal (PZ/SI),Kai'Sa/Pantheon (MT/SH),1,2,0.5
Gwen/Vayne (DE/SI),Aphelios/Zoe (MT),1,2,0.5
Aphelios/Zoe (MT),Gwen/Vayne (DE/SI),1,2,0.5
Ezreal/Seraphine (PZ/SI),Garen/Lucian (DE/FR),1,2,0.5
Garen/Lucian (DE/FR),Ezreal/Seraphine (PZ/SI),1,2,0.5
Ekko (PZ/SI),Ezreal/Seraphine (BC/PZ),1,2,0.5
Ezreal/Seraphine (BC/PZ),Ekko (PZ/SI),1,2,0.5
Ezreal (PZ/SI),Akshan/Sivir (MT/SH),1,2,0.5
Akshan/Sivir (MT/SH),Ezreal (PZ/SI),1,2,0.5
Miss Fortune/Quinn (BW/DE),Akshan/Pantheon (MT/SH),1,2,0.5
Akshan/Pantheon (MT/SH),Miss Fortune/Quinn (BW/DE),1,2,0.5
Akshan/Master Yi (IO/SH),Gwen/Vayne (DE/SI),1,2,0.5
Gwen/Vayne (DE/SI),Akshan/Master Yi (IO/SH),1,2,0.5
Ezreal/Seraphine (PZ/SI),Akshan/Fiora (DE/SH),1,2,0.5
Akshan/Fiora (DE/SH),Ezreal/Seraphine (PZ/SI),1,2,0.5
Akshan/Fiora (DE/SH),Akshan/Fiora (DE/SH),1,2,0.5
Caitlyn/Jinx (FR/PZ),Akshan/Master Yi (IO/SH),1,2,0.5
Akshan/Master Yi (IO/SH),Caitlyn/Jinx (FR/PZ),1,2,0.5
Akshan/Pantheon (MT/SH),Norra/Zoe (BC/MT),1,2,0.5
Norra/Zoe (BC/MT),Akshan/Pantheon (MT/SH),1,2,0.5
Akshan/Master Yi (IO/SH),Fizz/Samira (BW/NX),1,2,0.5
Fizz/Samira (BW/NX),Akshan/Master Yi (IO/SH),1,2,0.5
Darius/Gnar (FR/NX),Draven/Katarina (FR/NX),1,2,0.5
Draven/Katarina (FR/NX),Darius/Gnar (FR/NX),1,2,0.5
Ezreal/Seraphine (PZ/SI),Ezreal/Twisted Fate (BW/PZ),1,2,0.5
Ezreal/Twisted Fate (BW/PZ),Ezreal/Seraphine (PZ/SI),1,2,0.5
Gnar/Nidalee (BC/SH),Ashe/Janna (FR/PZ),1,2,0.5
Ashe/Janna (FR/PZ),Gnar/Nidalee (BC/SH),1,2,0.5
Nilah/Twisted Fate (BW/PZ),Aphelios/Zoe (MT/SH),1,2,0.5
Aphelios/Zoe (MT/SH),Nilah/Twisted Fate (BW/PZ),1,2,0.5
Braum/Zoe (FR/MT),Ezreal (FR/PZ),1,2,0.5
Ezreal (FR/PZ),Braum/Zoe (FR/MT),1,2,0.5
Akshan/Nilah (BW/SH),Akshan/Nilah (BW/SH),1,2,0.5
Leona/Yasuo (IO/MT),Teemo/Zoe (MT/PZ),1,2,0.5
Teemo/Zoe (MT/PZ),Leona/Yasuo (IO/MT),1,2,0.5
Caitlyn (PZ/SI),Garen/Udyr (DE/FR),1,2,0.5
Garen/Udyr (DE/FR),Caitlyn (PZ/SI),1,2,0.5
Ezreal/Janna (IO/PZ),Braum/Zoe (FR/MT),1,2,0.5
Braum/Zoe (FR/MT),Ezreal/Janna (IO/PZ),1,2,0.5
Janna/Twisted Fate (BW/PZ),Championless (BW/MT),1,2,0.5
Championless (BW/MT),Janna/Twisted Fate (BW/PZ),1,2,0.5
Jinx/Norra (BC/PZ),Jinx/Norra (BC/PZ),1,2,0.5
Jinx/Norra (BC/PZ),Braum/Zoe (FR/MT),1,2,0.5
Braum/Zoe (FR/MT),Jinx/Norra (BC/PZ),1,2,0.5
Leona/Yasuo (IO/MT),Master Yi/Zoe (IO/MT),1,2,0.5
Master Yi/Zoe (IO/MT),Leona/Yasuo (IO/MT),1,2,0.5
Yasuo/Zoe (IO/MT),Yasuo/Zoe (IO/MT),1,2,0.5
Akshan/Master Yi (IO/SH),Ezreal/Seraphine (BC/PZ),1,2,0.5
Ezreal/Seraphine (BC/PZ),Akshan/Master Yi (IO/SH),1,2,0.5
Norra/Zoe (BC/MT),Janna/Twisted Fate (BW/PZ),1,2,0.5
Janna/Twisted Fate (BW/PZ),Norra/Zoe (BC/MT),1,2,0.5
Ezreal (PZ/SI),Fizz/Udyr (BW/FR),1,2,0.5
Fizz/Udyr (BW/FR),Ezreal (PZ/SI),1,2,0.5
Renekton (SH),Ashe/LeBlanc (FR/NX),1,2,0.5
Ashe/LeBlanc (FR/NX),Renekton (SH),1,2,0.5
Braum/Shen (FR/IO),Braum/Zoe (FR/MT),1,2,0.5
Braum/Zoe (FR/MT),Braum/Shen (FR/IO),1,2,0.5
Garen/Udyr (DE/FR),Akshan/Udyr (FR/SH),1,2,0.5
Akshan/Udyr (FR/SH),Garen/Udyr (DE/FR),1,2,0.5
Udyr/Vayne (DE/FR),Garen/Udyr (DE/FR),1,2,0.5
Garen/Udyr (DE/FR),Udyr/Vayne (DE/FR),1,2,0.5
Ashe/LeBlanc (FR/NX),Gnar/LeBlanc (FR/NX),1,2,0.5
Gnar/LeBlanc (FR/NX),Ashe/LeBlanc (FR/NX),1,2,0.5
Garen/Udyr (DE/FR),Nidalee (BC/SH),1,2,0.5
Nidalee (BC/SH),Garen/Udyr (DE/FR),1,2,0.5
Gnar/Tristana (BC/BW),Championless (SI),1,2,0.5
Championless (SI),Gnar/Tristana (BC/BW),1,2,0.5
Teemo/Zoe (BC/MT),Championless (SI),1,2,0.5
Championless (SI),Teemo/Zoe (BC/MT),1,2,0.5
Nilah/Twisted Fate (BW/PZ),Gnar/Tristana (BC/BW),1,2,0.5
Gnar/Tristana (BC/BW),Nilah/Twisted Fate (BW/PZ),1,2,0.5
Ashe (FR/PZ),Gnar/Tristana (BC/BW),1,2,0.5
Gnar/Tristana (BC/BW),Ashe (FR/PZ),1,2,0.5
Braum/Zoe (FR/MT),Janna/Kennen (IO/PZ),1,2,0.5
Janna/Kennen (IO/PZ),Braum/Zoe (FR/MT),1,2,0.5
Nidalee (BC/SH),Janna/Master Yi (IO/PZ),1,2,0.5
Janna/Master Yi (IO/PZ),Nidalee (BC/SH),1,2,0.5
Braum/Udyr (DE/FR),Braum/Udyr (FR/MT),1,2,0.5
Braum/Udyr (FR/MT),Braum/Udyr (DE/FR),1,2,0.5
Nidalee (BC/SH),Gnar/Nidalee (BC/SH),1,2,0.5
Gnar/Nidalee (BC/SH),Nidalee (BC/SH),1,2,0.5
Ezreal/Nilah (BW/PZ),Norra (BC/SI),1,2,0.5
Norra (BC/SI),Ezreal/Nilah (BW/PZ),1,2,0.5
Darius/Yasuo (IO/NX),Darius/Yasuo (IO/NX),1,2,0.5
Championless (SI),Akshan/Gwen (SI/SH),1,2,0.5
Akshan/Gwen (SI/SH),Championless (SI),1,2,0.5
Ezreal/Seraphine (IO/PZ),Akshan/Master Yi (IO/SH),1,2,0.5
Akshan/Master Yi (IO/SH),Ezreal/Seraphine (IO/PZ),1,2,0.5
Quinn/Vayne (DE/PZ),Leona/Yasuo (IO/MT),1,2,0.5
Leona/Yasuo (IO/MT),Quinn/Vayne (DE/PZ),1,2,0.5
Caitlyn/Swain (NX/PZ),Gnar/Tristana (BC/BW),1,2,0.5
Gnar/Tristana (BC/BW),Caitlyn/Swain (NX/PZ),1,2,0.5
Renekton/Sivir (FR/SH),Yasuo (IO/PZ),1,2,0.5
Yasuo (IO/PZ),Renekton/Sivir (FR/SH),1,2,0.5
Hecarim (SI),Bard/Norra (BC/RU),1,2,0.5
Bard/Norra (BC/RU),Hecarim (SI),1,2,0.5
Ashe/LeBlanc (FR/NX),Caitlyn/Janna (BC/PZ),1,2,0.5
Caitlyn/Janna (BC/PZ),Ashe/LeBlanc (FR/NX),1,2,0.5
Yasuo (IO/PZ),Ashe/Janna (FR/PZ),1,2,0.5
Ashe/Janna (FR/PZ),Yasuo (IO/PZ),1,2,0.5
Lulu/Shen (IO/MT),Lulu/Shen (IO/MT),1,2,0.5
Championless (PZ/SI),Janna/Zoe (MT/PZ),1,2,0.5
Janna/Zoe (MT/PZ),Championless (PZ/SI),1,2,0.5
Janna/Zoe (MT/PZ),Norra/Zoe (BC/MT),1,2,0.5
Norra/Zoe (BC/MT),Janna/Zoe (MT/PZ),1,2,0.5
Akshan/Sivir (DE/SH),Annie/Jhin (RU/NX),1,2,0.5
Annie/Jhin (RU/NX),Akshan/Sivir (DE/SH),1,2,0.5
Gwen/Kalista (SI),Gwen/Kalista (SI),1,2,0.5
Gwen/Kalista (SI),Garen/Udyr (DE/FR),1,2,0.5
Garen/Udyr (DE/FR),Gwen/Kalista (SI),1,2,0.5
Championless (PZ/SI),Kai'Sa/Pantheon (MT/SH),1,2,0.5
Kai'Sa/Pantheon (MT/SH),Championless (PZ/SI),1,2,0.5
Janna (PZ/SI),Akshan/Ekko (PZ/SH),1,2,0.5
Akshan/Ekko (PZ/SH),Janna (PZ/SI),1,2,0.5
Hecarim/Kalista (SI/SH),Ashe/LeBlanc (FR/NX),1,2,0.5
Ashe/LeBlanc (FR/NX),Hecarim/Kalista (SI/SH),1,2,0.5
Championless (BC/SI),Lulu/Shen (IO/MT),1,2,0.5
Lulu/Shen (IO/MT),Championless (BC/SI),1,2,0.5
Gwen/Vayne (DE/SI),Neeko/Nidalee (RU/SH),1,2,0.5
Neeko/Nidalee (RU/SH),Gwen/Vayne (DE/SI),1,2,0.5
Akshan/Master Yi (IO/SH),Gnar/Nidalee (BC/SH),1,2,0.5
Gnar/Nidalee (BC/SH),Akshan/Master Yi (IO/SH),1,2,0.5
Caitlyn/Norra (BC/PZ),Akshan/Sivir (DE/SH),1,2,0.5
Akshan/Sivir (DE/SH),Caitlyn/Norra (BC/PZ),1,2,0.5
Darius/LeBlanc/Zed (IO/NX),Swain/Yasuo (IO/NX),1,2,0.5
Swain/Yasuo (IO/NX),Darius/LeBlanc/Zed (IO/NX),1,2,0.5
Swain/Yasuo (IO/NX),Swain/Yasuo (IO/NX),1,2,0.5
Bard/Teemo (RU/PZ),Ezreal/Zoe (MT/PZ),1,2,0.5
Ezreal/Zoe (MT/PZ),Bard/Teemo (RU/PZ),1,2,0.5
Ashe (FR/PZ),Garen (DE),1,2,0.5
Garen (DE),Ashe (FR/PZ),1,2,0.5
Kalista (SI/SH),Leona/Yasuo (IO/MT),1,2,0.5
Leona/Yasuo (IO/MT),Kalista (SI/SH),1,2,0.5
Fizz/Zoe (BW/MT),Ashe/LeBlanc (FR/NX),1,2,0.5
Ashe/LeBlanc (FR/NX),Fizz/Zoe (BW/MT),1,2,0.5
Darius/Kalista (NX/SI),Sejuani/Swain (FR/NX),1,2,0.5
Sejuani/Swain (FR/NX),Darius/Kalista (NX/SI),1,2,0.5
Ezreal/Nilah (BW/PZ),Fizz (BW/FR),1,2,0.5
Fizz (BW/FR),Ezreal/Nilah (BW/PZ),1,2,0.5
Quinn/Vayne/Zed (DE/IO),Championless (MT/SI),1,2,0.5
Championless (MT/SI),Quinn/Vayne/Zed (DE/IO),1,2,0.5
Ashe/LeBlanc (FR/NX),Caitlyn/Janna (PZ/SI),1,2,0.5
Caitlyn/Janna (PZ/SI),Ashe/LeBlanc (FR/NX),1,2,0.5
Nidalee (BC/SH),Nidalee (BC/SH),1,2,0.5
Gwen/Hecarim/Kalista (SI),Darius/Yasuo (IO/NX),1,2,0.5
Darius/Yasuo (IO/NX),Gwen/Hecarim/Kalista (SI),1,2,0.5
Kalista (SI),Jhin/Yasuo (IO/RU),1,2,0.5
Jhin/Yasuo (IO/RU),Kalista (SI),1,2,0.5
Garen/Neeko (DE/RU),Championless (PZ/SI),1,2,0.5
Championless (PZ/SI),Garen/Neeko (DE/RU),1,2,0.5
Fizz (BC/FR),Championless (SI),1,2,0.5
Championless (SI),Fizz (BC/FR),1,2,0.5
Kalista (SI),Miss Fortune (BW/MT),1,2,0.5
Miss Fortune (BW/MT),Kalista (SI),1,2,0.5
Kalista (SI),Master Yi/Nami (BW/IO),1,2,0.5
Master Yi/Nami (BW/IO),Kalista (SI),1,2,0.5
Garen/Shen (DE/IO),Darius/Gwen (NX/SI),1,2,0.5
Darius/Gwen (NX/SI),Garen/Shen (DE/IO),1,2,0.5
Ashe/LeBlanc (FR/NX),Gnar/Tristana (BC/BW),1,2,0.5
Gnar/Tristana (BC/BW),Ashe/LeBlanc (FR/NX),1,2,0.5
Akshan/Samira (NX/SH),Lulu/Shen (DE/IO),1,2,0.5
Lulu/Shen (DE/IO),Akshan/Samira (NX/SH),1,2,0.5
Championless (MT/SI),Master Yi/Zoe (IO/MT),1,2,0.5
Master Yi/Zoe (IO/MT),Championless (MT/SI),1,2,0.5
Sejuani/Teemo (FR/PZ),Darius/LeBlanc/Zed (IO/NX),1,2,0.5
Darius/LeBlanc/Zed (IO/NX),Sejuani/Teemo (FR/PZ),1,2,0.5
Darius/Gwen (NX/SI),Katarina/Yasuo (IO/NX),1,2,0.5
Katarina/Yasuo (IO/NX),Darius/Gwen (NX/SI),1,2,0.5
Pantheon/Vayne (DE/MT),Caitlyn/Teemo (BC/PZ),1,2,0.5
Caitlyn/Teemo (BC/PZ),Pantheon/Vayne (DE/MT),1,2,0.5
Akshan/Fiora (DE/SH),Caitlyn/Teemo (BC/PZ),1,2,0.5
Caitlyn/Teemo (BC/PZ),Akshan/Fiora (DE/SH),1,2,0.5
Lulu/Shen (DE/IO),Elise (SI),1,2,0.5
Elise (SI),Lulu/Shen (DE/IO),1,2,0.5
Hecarim/Zed (IO/SI),Hecarim/Zed (IO/SI),1,2,0.5
Lulu/Shen (DE/IO),Garen/Neeko (DE/RU),1,2,0.5
Garen/Neeko (DE/RU),Lulu/Shen (DE/IO),1,2,0.5
Sejuani/Teemo (BC/FR),Caitlyn/Teemo (BC/PZ),1,2,0.5
Caitlyn/Teemo (BC/PZ),Sejuani/Teemo (BC/FR),1,2,0.5
Caitlyn/Norra/Teemo (BC/PZ),Janna/Twisted Fate (BW/PZ),1,2,0.5
Janna/Twisted Fate (BW/PZ),Caitlyn/Norra/Teemo (BC/PZ),1,2,0.5
Akshan/Garen (DE/SH),Braum/Zoe (FR/MT),1,2,0.5
Braum/Zoe (FR/MT),Akshan/Garen (DE/SH),1,2,0.5
Seraphine/Zoe (MT/PZ),Ashe/LeBlanc (FR/NX),1,2,0.5
Ashe/LeBlanc (FR/NX),Seraphine/Zoe (MT/PZ),1,2,0.5
Ashe (FR/PZ),Caitlyn/Norra/Teemo (BC/PZ),1,2,0.5
Caitlyn/Norra/Teemo (BC/PZ),Ashe (FR/PZ),1,2,0.5
Lulu/Shen (DE/IO),Master Yi/Zoe (IO/MT),1,2,0.5
Master Yi/Zoe (IO/MT),Lulu/Shen (DE/IO),1,2,0.5
Neeko/Teemo (BC/RU),Annie/Jhin (RU/NX),1,2,0.5
Annie/Jhin (RU/NX),Neeko/Teemo (BC/RU),1,2,0.5
Pantheon/Vayne (DE/MT),Kalista (SI),1,2,0.5
Kalista (SI),Pantheon/Vayne (DE/MT),1,2,0.5
Kalista (SI/SH),Darius/Gnar (FR/NX),1,2,0.5
Darius/Gnar (FR/NX),Kalista (SI/SH),1,2,0.5
Darius/Gnar (FR/NX),Kalista (MT/SI),1,2,0.5
Kalista (MT/SI),Darius/Gnar (FR/NX),1,2,0.5
Championless (SI),Samira/Twisted Fate (BW/NX),1,2,0.5
Samira/Twisted Fate (BW/NX),Championless (SI),1,2,0.5
Leona/Yasuo (IO/MT),Quinn/Vayne/Zed (DE/IO),1,2,0.5
Quinn/Vayne/Zed (DE/IO),Leona/Yasuo (IO/MT),1,2,0.5
Hecarim (SI),Hecarim (SI),1,2,0.5
Akshan/Fizz (BC/SH),Swain/Yasuo (IO/NX),1,2,0.5
Swain/Yasuo (IO/NX),Akshan/Fizz (BC/SH),1,2,0.5
Neeko/Renekton (RU/SH),Braum/Udyr (DE/FR),1,2,0.5
Braum/Udyr (DE/FR),Neeko/Renekton (RU/SH),1,2,0.5
Gwen/Katarina (NX/SI),Nidalee (BC/SH),1,2,0.5
Nidalee (BC/SH),Gwen/Katarina (NX/SI),1,2,0.5
Fizz/Norra (BC/MT),Ezreal/Janna (DE/PZ),1,2,0.5
Ezreal/Janna (DE/PZ),Fizz/Norra (BC/MT),1,2,0.5
Gwen (NX/SI),Ashe (FR/PZ),1,2,0.5
Ashe (FR/PZ),Gwen (NX/SI),1,2,0.5
Ashe (FR/PZ),Miss Fortune/Quinn (BW/DE),1,2,0.5
Miss Fortune/Quinn (BW/DE),Ashe (FR/PZ),1,2,0.5
Garen/Lux: Illuminated (DE/NX),Akshan/Fiora (DE/SH),1,2,0.5
Akshan/Fiora (DE/SH),Garen/Lux: Illuminated (DE/NX),1,2,0.5
Gwen/Zoe (MT/SI),Sejuani/Swain (FR/NX),1,2,0.5
Sejuani/Swain (FR/NX),Gwen/Zoe (MT/SI),1,2,0.5
Championless (PZ/SI),Championless (MT/SI),1,2,0.5
Championless (MT/SI),Championless (PZ/SI),1,2,0.5
Ashe/LeBlanc (FR/NX),Lulu/Shen (IO/MT),1,2,0.5
Lulu/Shen (IO/MT),Ashe/LeBlanc (FR/NX),1,2,0.5
Evelynn/Kai'Sa (RU/SH),Ashe/LeBlanc (FR/NX),1,2,0.5
Ashe/LeBlanc (FR/NX),Evelynn/Kai'Sa (RU/SH),1,2,0.5
Janna/Master Yi (IO/PZ),Ezreal/Nilah/Twisted Fate (BW/PZ),1,2,0.5
Ezreal/Nilah/Twisted Fate (BW/PZ),Janna/Master Yi (IO/PZ),1,2,0.5
Championless (IO/PZ),Nilah/Twisted Fate (BW/PZ),1,2,0.5
Nilah/Twisted Fate (BW/PZ),Championless (IO/PZ),1,2,0.5
Ashe/LeBlanc (FR/NX),Hecarim (SI),1,2,0.5
Hecarim (SI),Ashe/LeBlanc (FR/NX),1,2,0.5
Kai'Sa/The Poro King (RU/SH),Braum/Zoe (FR/MT),1,2,0.5
Braum/Zoe (FR/MT),Kai'Sa/The Poro King (RU/SH),1,2,0.5
Lucian/Zoe (DE/MT),Ashe/LeBlanc (FR/NX),1,2,0.5
Ashe/LeBlanc (FR/NX),Lucian/Zoe (DE/MT),1,2,0.5
Gnar/Nidalee (BC/SH),Akshan/Udyr (FR/SH),1,2,0.5
Akshan/Udyr (FR/SH),Gnar/Nidalee (BC/SH),1,2,0.5
Kalista/Lucian (DE/SI),Akshan/Kai'Sa/Sivir (IO/SH),1,2,0.5
Akshan/Kai'Sa/Sivir (IO/SH),Kalista/Lucian (DE/SI),1,2,0.5
Championless (PZ/SI),Kalista/Lucian (DE/SI),1,2,0.5
Kalista/Lucian (DE/SI),Championless (PZ/SI),1,2,0.5
Akshan/Master Yi (IO/SH),Darius/Yasuo (IO/NX),1,2,0.5
Darius/Yasuo (IO/NX),Akshan/Master Yi (IO/SH),1,2,0.5
Ashe/LeBlanc (FR/NX),Norra (BC/FR),1,2,0.5
Norra (BC/FR),Ashe/LeBlanc (FR/NX),1,2,0.5
Annie/Jhin (RU/NX),Fiora/Nidalee (DE/SH),1,2,0.5
Fiora/Nidalee (DE/SH),Annie/Jhin (RU/NX),1,2,0.5
Norra (BC/PZ),Annie/Jhin (RU/NX),1,2,0.5
Annie/Jhin (RU/NX),Norra (BC/PZ),1,2,0.5
Norra/Twisted Fate (BC/BW),Championless (PZ/SI),1,2,0.5
Championless (PZ/SI),Norra/Twisted Fate (BC/BW),1,2,0.5
Akshan/Pantheon (MT/SH),Lulu/Shen (DE/IO),1,2,0.5
Lulu/Shen (DE/IO),Akshan/Pantheon (MT/SH),1,2,0.5
Hecarim (SI),Akshan/Pantheon (MT/SH),1,2,0.5
Akshan/Pantheon (MT/SH),Hecarim (SI),1,2,0.5
Garen (DE/IO),Championless (PZ/SI),1,2,0.5
Championless (PZ/SI),Garen (DE/IO),1,2,0.5
Nilah/Twisted Fate (BW/PZ),Bard/Norra (BC/RU),1,2,0.5
Bard/Norra (BC/RU),Nilah/Twisted Fate (BW/PZ),1,2,0.5
Championless (SI),LeBlanc/Udyr (FR/NX),1,2,0.5
LeBlanc/Udyr (FR/NX),Championless (SI),1,2,0.5
Kalista (SI),Samira/Twisted Fate (BW/NX),1,2,0.5
Samira/Twisted Fate (BW/NX),Kalista (SI),1,2,0.5
Gwen/Kalista (SI),Kennen/Master Yi (BC/IO),1,2,0.5
Kennen/Master Yi (BC/IO),Gwen/Kalista (SI),1,2,0.5
Kalista (SI),Norra/Teemo (BC/PZ),1,2,0.5
Norra/Teemo (BC/PZ),Kalista (SI),1,2,0.5
Darius/Gnar (FR/NX),Ashe/Udyr (FR/IO),1,2,0.5
Ashe/Udyr (FR/IO),Darius/Gnar (FR/NX),1,2,0.5
Lulu/Shen (DE/IO),Janna/Zoe (MT/PZ),1,2,0.5
Janna/Zoe (MT/PZ),Lulu/Shen (DE/IO),1,2,0.5
Championless (FR/MT),Ashe (FR),1,2,0.5
Ashe (FR),Championless (FR/MT),1,2,0.5
Quinn/Vayne/Zed (DE/IO),Ashe (FR),1,2,0.5
Ashe (FR),Quinn/Vayne/Zed (DE/IO),1,2,0.5
Gwen/Zed (IO/SI),Championless (SI),1,2,0.5
Championless (SI),Gwen/Zed (IO/SI),1,2,0.5
Janna/Twisted Fate (BW/PZ),Akshan/Fiora (DE/SH),1,2,0.5
Akshan/Fiora (DE/SH),Janna/Twisted Fate (BW/PZ),1,2,0.5
Hecarim/Kalista/Zed (IO/SI),Caitlyn/Teemo (BC/PZ),1,2,0.5
Caitlyn/Teemo (BC/PZ),Hecarim/Kalista/Zed (IO/SI),1,2,0.5
Ashe/LeBlanc (FR/NX),Teemo/Tristana (BC/SI),1,2,0.5
Teemo/Tristana (BC/SI),Ashe/LeBlanc (FR/NX),1,2,0.5
Gnar/Nidalee (BC/SH),Janna (FR/PZ),1,2,0.5
Janna (FR/PZ),Gnar/Nidalee (BC/SH),1,2,0.5
Annie/Jhin (RU/NX),Braum/Master Yi (FR/IO),1,2,0.5
Braum/Master Yi (FR/IO),Annie/Jhin (RU/NX),1,2,0.5
Darius/Draven (BC/NX),Ezreal/Seraphine (PZ/SI),1,2,0.5
Ezreal/Seraphine (PZ/SI),Darius/Draven (BC/NX),1,2,0.5
Bard/Norra (BC/RU),Darius/Yasuo (IO/NX),1,2,0.5
Darius/Yasuo (IO/NX),Bard/Norra (BC/RU),1,2,0.5
Fiora/Nidalee (DE/SH),Caitlyn/Teemo (BC/PZ),1,2,0.5
Caitlyn/Teemo (BC/PZ),Fiora/Nidalee (DE/SH),1,2,0.5
Garen/Sivir (DE/SH),Ashe/LeBlanc (FR/NX),1,2,0.5
Ashe/LeBlanc (FR/NX),Garen/Sivir (DE/SH),1,2,0.5
Garen/Sivir (DE/SH),Nilah/Twisted Fate (BW/PZ),1,2,0.5
Nilah/Twisted Fate (BW/PZ),Garen/Sivir (DE/SH),1,2,0.5
Nidalee (BC/SH),Sejuani/Teemo (FR/PZ),1,2,0.5
Sejuani/Teemo (FR/PZ),Nidalee (BC/SH),1,2,0.5
Caitlyn/Teemo (BC/PZ),Championpile (FR/SH),1,2,0.5
Championpile (FR/SH),Caitlyn/Teemo (BC/PZ),1,2,0.5
Darius/Gwen (NX/SI),Twisted Fate (BW/FR),1,2,0.5
Twisted Fate (BW/FR),Darius/Gwen (NX/SI),1,2,0.5
Gwen/Zoe (MT/SI),Ashe (FR/PZ),1,2,0.5
Ashe (FR/PZ),Gwen/Zoe (MT/SI),1,2,0.5
Annie/Nami (BW/NX),Championless (IO/PZ),1,2,0.5
Championless (IO/PZ),Annie/Nami (BW/NX),1,2,0.5
Ashe/Braum (FR/IO),Ezreal/Seraphine (PZ/SI),1,2,0.5
Ezreal/Seraphine (PZ/SI),Ashe/Braum (FR/IO),1,2,0.5
Braum/Janna (FR/PZ),Caitlyn/Teemo (BC/PZ),1,2,0.5
Caitlyn/Teemo (BC/PZ),Braum/Janna (FR/PZ),1,2,0.5
Akshan/Udyr (FR/SH),Hecarim/Zed (IO/SI),1,2,0.5
Hecarim/Zed (IO/SI),Akshan/Udyr (FR/SH),1,2,0.5
Twisted Fate (BW/FR),Darius/Gnar (FR/NX),1,2,0.5
Darius/Gnar (FR/NX),Twisted Fate (BW/FR),1,2,0.5
Annie/Jhin (RU/NX),Jhin/Yasuo (IO/RU),1,2,0.5
Jhin/Yasuo (IO/RU),Annie/Jhin (RU/NX),1,2,0.5
Lulu/Shen (DE/IO),Darius/Gwen (NX/SI),1,2,0.5
Darius/Gwen (NX/SI),Lulu/Shen (DE/IO),1,2,0.5
Ashe/LeBlanc (FR/NX),Braum/Garen (DE/FR),1,2,0.5
Braum/Garen (DE/FR),Ashe/LeBlanc (FR/NX),1,2,0.5
Caitlyn/Teemo (BC/PZ),Shen/Sivir (IO/SH),1,2,0.5
Shen/Sivir (IO/SH),Caitlyn/Teemo (BC/PZ),1,2,0.5
Master Yi/Udyr (FR/IO),Shen/Sivir (IO/SH),1,2,0.5
Shen/Sivir (IO/SH),Master Yi/Udyr (FR/IO),1,2,0.5
Neeko (FR/RU),Akshan/Pantheon (MT/SH),1,2,0.5
Akshan/Pantheon (MT/SH),Neeko (FR/RU),1,2,0.5
Gwen/Kalista (SI/SH),Ashe/LeBlanc (FR/NX),1,2,0.5
Ashe/LeBlanc (FR/NX),Gwen/Kalista (SI/SH),1,2,0.5
Garen/Shen (DE/IO),Nilah/Twisted Fate (BW/PZ),1,2,0.5
Nilah/Twisted Fate (BW/PZ),Garen/Shen (DE/IO),1,2,0.5
Nilah/Twisted Fate (BW/PZ),Norra/Twisted Fate (BC/BW),1,2,0.5
Norra/Twisted Fate (BC/BW),Nilah/Twisted Fate (BW/PZ),1,2,0.5
Ashe/LeBlanc (FR/NX),Garen/Lucian (DE),1,2,0.5
Garen/Lucian (DE),Ashe/LeBlanc (FR/NX),1,2,0.5
Championless (SI),Garen/Lux: Illuminated (DE/MT),1,2,0.5
Garen/Lux: Illuminated (DE/MT),Championless (SI),1,2,0.5
Norra/Swain (BC/NX),Norra/Swain (BC/NX),1,2,0.5
Norra/Swain (BC/NX),Darius/Gnar (FR/NX),1,2,0.5
Darius/Gnar (FR/NX),Norra/Swain (BC/NX),1,2,0.5
Ashe/LeBlanc (FR/NX),Twisted Fate/Yasuo (BW/IO),1,2,0.5
Twisted Fate/Yasuo (BW/IO),Ashe/LeBlanc (FR/NX),1,2,0.5
Braum/Zoe (FR/MT),Caitlyn/Norra/Teemo (BC/PZ),1,2,0.5
Caitlyn/Norra/Teemo (BC/PZ),Braum/Zoe (FR/MT),1,2,0.5
Jhin/Swain (RU/NX),Ashe/LeBlanc (FR/NX),1,2,0.5
Ashe/LeBlanc (FR/NX),Jhin/Swain (RU/NX),1,2,0.5
Nilah/Twisted Fate (BW/PZ),Teemo/Zoe (BC/MT),1,2,0.5
Teemo/Zoe (BC/MT),Nilah/Twisted Fate (BW/PZ),1,2,0.5
Akshan/Udyr (FR/SH),Ezreal/Seraphine (PZ/SI),1,2,0.5
Ezreal/Seraphine (PZ/SI),Akshan/Udyr (FR/SH),1,2,0.5
Sejuani/Teemo (FR/PZ),Nilah/Twisted Fate (BW/PZ),1,2,0.5
Nilah/Twisted Fate (BW/PZ),Sejuani/Teemo (FR/PZ),1,2,0.5
Pantheon/Zoe (DE/MT),Norra/Swain (BC/NX),1,2,0.5
Norra/Swain (BC/NX),Pantheon/Zoe (DE/MT),1,2,0.5
Braum/Udyr (BW/FR),Akshan/Fizz (BC/SH),1,2,0.5
Akshan/Fizz (BC/SH),Braum/Udyr (BW/FR),1,2,0.5
Championless (SI),Ashe/Janna (FR/PZ),1,2,0.5
Ashe/Janna (FR/PZ),Championless (SI),1,2,0.5
Ezreal/Seraphine (PZ/SI),Ashe/Janna (FR/PZ),1,2,0.5
Ashe/Janna (FR/PZ),Ezreal/Seraphine (PZ/SI),1,2,0.5
Ezreal/Seraphine (PZ/SI),Akshan/Zed (IO/SH),1,2,0.5
Akshan/Zed (IO/SH),Ezreal/Seraphine (PZ/SI),1,2,0.5
Master Yi/Zoe (IO/MT),Master Yi/Zoe (IO/MT),1,2,0.5
Ashe/Janna (FR/PZ),Shen/Sivir (IO/SH),1,2,0.5
Shen/Sivir (IO/SH),Ashe/Janna (FR/PZ),1,2,0.5
Master Yi/Zoe (IO/MT),Ashe (FR/PZ),1,2,0.5
Ashe (FR/PZ),Master Yi/Zoe (IO/MT),1,2,0.5
Lulu/Shen (BC/IO),Ashe/LeBlanc (FR/NX),1,2,0.5
Ashe/LeBlanc (FR/NX),Lulu/Shen (BC/IO),1,2,0.5
Teemo/Twisted Fate (BW/PZ),Darius/Gnar (FR/NX),1,2,0.5
Darius/Gnar (FR/NX),Teemo/Twisted Fate (BW/PZ),1,2,0.5
Nilah/Twisted Fate (BW/PZ),Ashe/Braum (FR/SI),1,2,0.5
Ashe/Braum (FR/SI),Nilah/Twisted Fate (BW/PZ),1,2,0.5
Quinn/Vayne (DE/PZ),Master Yi/Udyr (FR/IO),1,2,0.5
Master Yi/Udyr (FR/IO),Quinn/Vayne (DE/PZ),1,2,0.5
Annie/Jhin (RU/NX),Fiora/Shen/Yasuo (DE/IO),1,2,0.5
Fiora/Shen/Yasuo (DE/IO),Annie/Jhin (RU/NX),1,2,0.5
Akshan/Garen (DE/SH),Championless (SI),1,2,0.5
Championless (SI),Akshan/Garen (DE/SH),1,2,0.5
Ashe/Caitlyn (FR/PZ),Fiora/Shen (DE/IO),1,2,0.5
Fiora/Shen (DE/IO),Ashe/Caitlyn (FR/PZ),1,2,0.5
Championless (SI/SH),Ezreal/Seraphine (PZ/SI),1,2,0.5
Ezreal/Seraphine (PZ/SI),Championless (SI/SH),1,2,0.5
Renekton/Sejuani (FR/SH),Ashe/LeBlanc (FR/NX),1,2,0.5
Ashe/LeBlanc (FR/NX),Renekton/Sejuani (FR/SH),1,2,0.5
Gwen/Kalista (SI/SH),Elise (SI/SH),1,2,0.5
Elise (SI/SH),Gwen/Kalista (SI/SH),1,2,0.5
Ezreal/Seraphine (PZ/SI),Hecarim/Zed (IO/SI),1,2,0.5
Hecarim/Zed (IO/SI),Ezreal/Seraphine (PZ/SI),1,2,0.5
Leona/Yasuo (IO/MT),Ashe/Sejuani (FR/SI),1,2,0.5
Ashe/Sejuani (FR/SI),Leona/Yasuo (IO/MT),1,2,0.5
Kalista (SI),Master Yi/Udyr (FR/IO),1,2,0.5
Master Yi/Udyr (FR/IO),Kalista (SI),1,2,0.5
Master Yi/Udyr (FR/IO),Caitlyn/Twisted Fate (BW/PZ),1,2,0.5
Caitlyn/Twisted Fate (BW/PZ),Master Yi/Udyr (FR/IO),1,2,0.5
Elise (SI/SH),Caitlyn/Swain (NX/PZ),1,2,0.5
Caitlyn/Swain (NX/PZ),Elise (SI/SH),1,2,0.5
Elise (SI/SH),Elise (SI/SH),1,2,0.5
Garen (DE/FR),Braum/Zoe (FR/MT),1,2,0.5
Braum/Zoe (FR/MT),Garen (DE/FR),1,2,0.5
Janna (FR/PZ),Darius/Gwen (NX/SI),1,2,0.5
Darius/Gwen (NX/SI),Janna (FR/PZ),1,2,0.5
Gnar/Nidalee (BC/SH),Master Yi/Udyr (FR/IO),1,2,0.5
Master Yi/Udyr (FR/IO),Gnar/Nidalee (BC/SH),1,2,0.5
Championless (NX/SI),Ashe (FR/SI),1,2,0.5
Ashe (FR/SI),Championless (NX/SI),1,2,0.5
Gwen/LeBlanc (NX/SI),Darius/Gnar (FR/NX),1,2,0.5
Darius/Gnar (FR/NX),Gwen/LeBlanc (NX/SI),1,2,0.5
Janna (IO/PZ),Gwen/Zed (IO/SI),1,2,0.5
Gwen/Zed (IO/SI),Janna (IO/PZ),1,2,0.5
Ashe/LeBlanc (FR/NX),Nami/Nilah/Twisted Fate (BW/PZ),1,2,0.5
Nami/Nilah/Twisted Fate (BW/PZ),Ashe/LeBlanc (FR/NX),1,2,0.5
Braum/Zoe (FR/MT),Nami/Nilah/Twisted Fate (BW/PZ),1,2,0.5
Nami/Nilah/Twisted Fate (BW/PZ),Braum/Zoe (FR/MT),1,2,0.5
Braum/Zoe (FR/MT),Championless (IO/PZ),1,2,0.5
Championless (IO/PZ),Braum/Zoe (FR/MT),1,2,0.5
Akshan/Fiora (DE/SH),Ashe (FR/PZ),1,2,0.5
Ashe (FR/PZ),Akshan/Fiora (DE/SH),1,2,0.5
Akshan/Sivir (DE/SH),Udyr/Zoe (FR/MT),1,2,0.5
Udyr/Zoe (FR/MT),Akshan/Sivir (DE/SH),1,2,0.5
Ashe (FR/PZ),Ashe/Braum (FR/SI),1,2,0.5
Ashe/Braum (FR/SI),Ashe (FR/PZ),1,2,0.5
Janna/Seraphine (IO/PZ),Braum/Zoe (FR/MT),1,2,0.5
Braum/Zoe (FR/MT),Janna/Seraphine (IO/PZ),1,2,0.5
Akshan/Sivir (DE/SH),Shen/Sivir (IO/SH),1,2,0.5
Shen/Sivir (IO/SH),Akshan/Sivir (DE/SH),1,2,0.5
Braum/Garen (DE/FR),Swain/Yasuo (IO/NX),1,2,0.5
Swain/Yasuo (IO/NX),Braum/Garen (DE/FR),1,2,0.5
Caitlyn/Swain (NX/PZ),Akshan/Pantheon (MT/SH),1,2,0.5
Akshan/Pantheon (MT/SH),Caitlyn/Swain (NX/PZ),1,2,0.5
Fiora/Udyr (DE/FR),Darius/Gnar (FR/NX),1,2,0.5
Darius/Gnar (FR/NX),Fiora/Udyr (DE/FR),1,2,0.5
Caitlyn/Teemo (BC/PZ),Lulu/Shen (DE/IO),1,2,0.5
Lulu/Shen (DE/IO),Caitlyn/Teemo (BC/PZ),1,2,0.5
Darius/Gwen (NX/SI),Braum/Udyr (DE/FR),1,2,0.5
Braum/Udyr (DE/FR),Darius/Gwen (NX/SI),1,2,0.5
Nilah/Twisted Fate (BW/PZ),Gnar/Neeko (FR/RU),1,2,0.5
Gnar/Neeko (FR/RU),Nilah/Twisted Fate (BW/PZ),1,2,0.5
Darius/LeBlanc (FR/NX),Caitlyn/Swain (NX/PZ),1,2,0.5
Caitlyn/Swain (NX/PZ),Darius/LeBlanc (FR/NX),1,2,0.5
Jhin/Kennen (IO/RU),Kalista (SI),1,2,0.5
Kalista (SI),Jhin/Kennen (IO/RU),1,2,0.5
Lulu/Norra (BC/PZ),Championless (BW/MT),1,2,0.5
Championless (BW/MT),Lulu/Norra (BC/PZ),1,2,0.5
Seraphine/Twisted Fate (BW/PZ),Ashe (FR/PZ),1,2,0.5
Ashe (FR/PZ),Seraphine/Twisted Fate (BW/PZ),1,2,0.5
Ashe/LeBlanc (FR/NX),Kalista (SI/SH),1,2,0.5
Kalista (SI/SH),Ashe/LeBlanc (FR/NX),1,2,0.5
Gwen/LeBlanc (NX/SI),Fiora/Garen (DE/FR),1,2,0.5
Fiora/Garen (DE/FR),Gwen/LeBlanc (NX/SI),1,2,0.5
Neeko/Renekton (RU/SH),Nilah/Twisted Fate (BW/PZ),1,2,0.5
Nilah/Twisted Fate (BW/PZ),Neeko/Renekton (RU/SH),1,2,0.5
Fiora/Udyr (DE/FR),Fiora/Garen (DE/FR),1,2,0.5
Fiora/Garen (DE/FR),Fiora/Udyr (DE/FR),1,2,0.5
Fiora/Garen (DE/FR),Lulu/Shen (DE/IO),1,2,0.5
Lulu/Shen (DE/IO),Fiora/Garen (DE/FR),1,2,0.5
Annie/Jhin (RU/NX),Braum/Garen (DE/FR),1,2,0.5
Braum/Garen (DE/FR),Annie/Jhin (RU/NX),1,2,0.5
Gnar/Neeko (FR/RU),Gnar/Neeko (FR/RU),1,2,0.5
Akshan/Samira (NX/SH),Annie/Jhin (RU/NX),1,2,0.5
Annie/Jhin (RU/NX),Akshan/Samira (NX/SH),1,2,0.5
Ashe (FR/PZ),Udyr (FR/NX),1,2,0.5
Udyr (FR/NX),Ashe (FR/PZ),1,2,0.5
Braum/Zoe (FR/MT),Swain (FR/NX),1,2,0.5
Swain (FR/NX),Braum/Zoe (FR/MT),1,2,0.5
Braum/Udyr (DE/FR),Garen/Udyr (DE/FR),1,2,0.5
Garen/Udyr (DE/FR),Braum/Udyr (DE/FR),1,2,0.5
Gnar/Nidalee (BC/SH),Fiora/Shen (DE/IO),1,2,0.5
Fiora/Shen (DE/IO),Gnar/Nidalee (BC/SH),1,2,0.5
Gwen/Nidalee (SI/SH),Championless (SI),1,2,0.5
Championless (SI),Gwen/Nidalee (SI/SH),1,2,0.5
Akshan/Pantheon (MT/SH),Swain/Yasuo (IO/NX),1,2,0.5
Swain/Yasuo (IO/NX),Akshan/Pantheon (MT/SH),1,2,0.5
Lux: Illuminated/Shen (DE/IO),Braum/Zoe (FR/MT),1,2,0.5
Braum/Zoe (FR/MT),Lux: Illuminated/Shen (DE/IO),1,2,0.5
Sejuani/Teemo (FR/PZ),Janna (PZ/SI),1,2,0.5
Janna (PZ/SI),Sejuani/Teemo (FR/PZ),1,2,0.5
Ashe (FR/PZ),Fizz (BW/FR),1,2,0.5
Fizz (BW/FR),Ashe (FR/PZ),1,2,0.5
Lulu (IO/SH),Ezreal/Seraphine (PZ/SI),1,2,0.5
Ezreal/Seraphine (PZ/SI),Lulu (IO/SH),1,2,0.5
Gnar/Nidalee (BC/SH),Janna/Nilah (BW/PZ),1,2,0.5
Janna/Nilah (BW/PZ),Gnar/Nidalee (BC/SH),1,2,0.5
Gwen/Hecarim (IO/SI),Janna/Twisted Fate (BW/PZ),1,2,0.5
Janna/Twisted Fate (BW/PZ),Gwen/Hecarim (IO/SI),1,2,0.5
Katarina/Yasuo (IO/NX),Nilah/Twisted Fate (BW/IO),1,2,0.5
Nilah/Twisted Fate (BW/IO),Katarina/Yasuo (IO/NX),1,2,0.5
Gwen (NX/SI),Shen/Sivir (IO/SH),1,2,0.5
Shen/Sivir (IO/SH),Gwen (NX/SI),1,2,0.5
Master Yi/Nidalee (IO/SH),Janna/Master Yi (IO/PZ),1,2,0.5
Janna/Master Yi (IO/PZ),Master Yi/Nidalee (IO/SH),1,2,0.5
Championless (SI),Fizz (BW/FR),1,2,0.5
Fizz (BW/FR),Championless (SI),1,2,0.5
Championless (SI),Leona/Zoe (DE/MT),1,2,0.5
Leona/Zoe (DE/MT),Championless (SI),1,2,0.5
Janna/Nilah (BW/PZ),Kalista (SI),1,2,0.5
Kalista (SI),Janna/Nilah (BW/PZ),1,2,0.5
Janna (PZ/SI),Fiora/Pantheon (DE/MT),1,2,0.5
Fiora/Pantheon (DE/MT),Janna (PZ/SI),1,2,0.5
Championless (PZ/SI),Bard/Janna (RU/PZ),1,2,0.5
Bard/Janna (RU/PZ),Championless (PZ/SI),1,2,0.5
Darius/Gwen (NX/SI),Akshan/LeBlanc (NX/SH),1,2,0.5
Akshan/LeBlanc (NX/SH),Darius/Gwen (NX/SI),1,2,0.5
Yasuo (IO/NX),Ashe (FR/PZ),1,2,0.5
Ashe (FR/PZ),Yasuo (IO/NX),1,2,0.5
Darius/Gnar (FR/NX),Championless (BC/PZ),1,2,0.5
Championless (BC/PZ),Darius/Gnar (FR/NX),1,2,0.5
Kalista (SI),Sejuani/Teemo (BC/FR),1,2,0.5
Sejuani/Teemo (BC/FR),Kalista (SI),1,2,0.5
Gwen/Irelia/Zed (IO/SI),Nilah/Twisted Fate (BW/PZ),1,2,0.5
Nilah/Twisted Fate (BW/PZ),Gwen/Irelia/Zed (IO/SI),1,2,0.5
Udyr (DE/FR),Ashe (FR/PZ),1,2,0.5
Ashe (FR/PZ),Udyr (DE/FR),1,2,0.5
Diana/Nocturne (MT/SI),Ashe (FR/PZ),1,2,0.5
Ashe (FR/PZ),Diana/Nocturne (MT/SI),1,2,0.5
Akshan/Udyr (FR/SH),LeBlanc/Sivir (NX/SH),1,2,0.5
LeBlanc/Sivir (NX/SH),Akshan/Udyr (FR/SH),1,2,0.5
Akshan/Fiora (DE/SH),LeBlanc/Sivir (NX/SH),1,2,0.5
LeBlanc/Sivir (NX/SH),Akshan/Fiora (DE/SH),1,2,0.5
Braum (FR/NX),Leona/Yasuo (IO/MT),1,2,0.5
Leona/Yasuo (IO/MT),Braum (FR/NX),1,2,0.5
Twisted Fate (BW/PZ),Janna (PZ/SI),1,2,0.5
Janna (PZ/SI),Twisted Fate (BW/PZ),1,2,0.5
LeBlanc (FR/NX),Ashe (FR/PZ),1,2,0.5
Ashe (FR/PZ),LeBlanc (FR/NX),1,2,0.5
Shen/Sivir (IO/SH),Ekko/Janna (PZ/SI),1,2,0.5
Ekko/Janna (PZ/SI),Shen/Sivir (IO/SH),1,2,0.5
Shen/Sivir (IO/SH),Shen/Sivir (IO/SH),1,2,0.5
Aphelios/Gnar (FR/MT),Gwen/LeBlanc (NX/SI),1,2,0.5
Gwen/LeBlanc (NX/SI),Aphelios/Gnar (FR/MT),1,2,0.5
Ashe/LeBlanc (FR/NX),Ezreal/Sejuani (FR/PZ),1,2,0.5
Ezreal/Sejuani (FR/PZ),Ashe/LeBlanc (FR/NX),1,2,0.5
Neeko/Nidalee/Renekton (RU/SH),Championless (SI),1,2,0.5
Championless (SI),Neeko/Nidalee/Renekton (RU/SH),1,2,0.5
Katarina/Yasuo (IO/NX),Quinn/Vayne (DE/SH),1,2,0.5
Quinn/Vayne (DE/SH),Katarina/Yasuo (IO/NX),1,2,0.5
Ezreal/Sejuani (FR/PZ),Akshan/Udyr (FR/SH),1,2,0.5
Akshan/Udyr (FR/SH),Ezreal/Sejuani (FR/PZ),1,2,0.5
Championless (IO/MT),Championless (IO/PZ),1,2,0.5
Championless (IO/PZ),Championless (IO/MT),1,2,0.5
Shen/Sivir (IO/SH),Sejuani/Swain (FR/NX),1,2,0.5
Sejuani/Swain (FR/NX),Shen/Sivir (IO/SH),1,2,0.5
Annie/Jhin (RU/NX),Miss Fortune (BW/DE),1,2,0.5
Miss Fortune (BW/DE),Annie/Jhin (RU/NX),1,2,0.5
Championless (PZ/SI),Aphelios/Zoe (MT),1,2,0.5
Aphelios/Zoe (MT),Championless (PZ/SI),1,2,0.5
Janna (FR/PZ),Aphelios/Zoe (IO/MT),1,2,0.5
Aphelios/Zoe (IO/MT),Janna (FR/PZ),1,2,0.5
Nilah/Twisted Fate (BW/PZ),Braum/Janna (FR/PZ),1,2,0.5
Braum/Janna (FR/PZ),Nilah/Twisted Fate (BW/PZ),1,2,0.5
Akshan/Fiora (DE/SH),Janna (PZ/SI),1,2,0.5
Janna (PZ/SI),Akshan/Fiora (DE/SH),1,2,0.5
Janna/Nami/Nilah (BW/PZ),Championless (SI),1,2,0.5
Championless (SI),Janna/Nami/Nilah (BW/PZ),1,2,0.5
Championless (SI),Ashe/Darius (FR/NX),1,2,0.5
Ashe/Darius (FR/NX),Championless (SI),1,2,0.5
Leona/Zoe (DE/MT),Ezreal/Nilah (BW/PZ),1,2,0.5
Ezreal/Nilah (BW/PZ),Leona/Zoe (DE/MT),1,2,0.5
Norra/Teemo (BC/PZ),Championless (PZ/SI),1,2,0.5
Championless (PZ/SI),Norra/Teemo (BC/PZ),1,2,0.5
Nilah/Twisted Fate (BW/PZ),Akshan/Aphelios (MT/SH),1,2,0.5
Akshan/Aphelios (MT/SH),Nilah/Twisted Fate (BW/PZ),1,2,0.5
Ashe/LeBlanc (FR/NX),Braum/Udyr (FR),1,2,0.5
Braum/Udyr (FR),Ashe/LeBlanc (FR/NX),1,2,0.5
Braum/Darius (FR/NX),Braum/Zoe (FR/MT),1,2,0.5
Braum/Zoe (FR/MT),Braum/Darius (FR/NX),1,2,0.5
Braum/Darius (FR/NX),Braum/Darius (FR/NX),1,2,0.5
Championless (SI),Lulu/Shen (IO),1,2,0.5
Lulu/Shen (IO),Championless (SI),1,2,0.5
Championless (SI),Braum/The Poro King (FR/RU),1,2,0.5
Braum/The Poro King (FR/RU),Championless (SI),1,2,0.5
Braum/Swain (FR/NX),Janna/Master Yi (IO/PZ),1,2,0.5
Janna/Master Yi (IO/PZ),Braum/Swain (FR/NX),1,2,0.5
Ashe/LeBlanc (FR/NX),Gnar/Tristana (BC/DE),1,2,0.5
Gnar/Tristana (BC/DE),Ashe/LeBlanc (FR/NX),1,2,0.5
Janna (PZ/SI),Caitlyn/Swain (NX/PZ),1,2,0.5
Caitlyn/Swain (NX/PZ),Janna (PZ/SI),1,2,0.5
Garen/Lux: Illuminated (DE),Ashe/LeBlanc (FR/NX),1,2,0.5
Ashe/LeBlanc (FR/NX),Garen/Lux: Illuminated (DE),1,2,0.5
Darius (FR/NX),Katarina/Miss Fortune (BW/NX),1,2,0.5
Katarina/Miss Fortune (BW/NX),Darius (FR/NX),1,2,0.5
Braum (FR/NX),Katarina/Yasuo (IO/NX),1,2,0.5
Katarina/Yasuo (IO/NX),Braum (FR/NX),1,2,0.5
Ashe/LeBlanc (FR/NX),Caitlyn/Garen (DE/PZ),1,2,0.5
Caitlyn/Garen (DE/PZ),Ashe/LeBlanc (FR/NX),1,2,0.5
Championless (IO/MT),Championless (IO/MT),1,2,0.5
Caitlyn/Swain (NX/PZ),Garen (DE/SI),1,2,0.5
Garen (DE/SI),Caitlyn/Swain (NX/PZ),1,2,0.5
Akshan/Samira (NX/SH),Ezreal/Zoe (MT/PZ),1,2,0.5
Ezreal/Zoe (MT/PZ),Akshan/Samira (NX/SH),1,2,0.5
LeBlanc/Sivir (NX/SH),Swain/Twisted Fate (BW/NX),1,2,0.5
Swain/Twisted Fate (BW/NX),LeBlanc/Sivir (NX/SH),1,2,0.5
Neeko (MT/RU),Gnar/Sejuani (BC/FR),1,2,0.5
Gnar/Sejuani (BC/FR),Neeko (MT/RU),1,2,0.5
Caitlyn (NX/PZ),Championless (SI),1,2,0.5
Championless (SI),Caitlyn (NX/PZ),1,2,0.5
Braum/The Poro King (FR/RU),Janna (PZ/SI),1,2,0.5
Janna (PZ/SI),Braum/The Poro King (FR/RU),1,2,0.5
Ahri/Katarina (IO/NX),Braum/Swain (FR/NX),1,2,0.5
Braum/Swain (FR/NX),Ahri/Katarina (IO/NX),1,2,0.5
Caitlyn/LeBlanc (NX/PZ),Championless (SI),1,2,0.5
Championless (SI),Caitlyn/LeBlanc (NX/PZ),1,2,0.5
Shen/Sivir (IO/SH),Braum (FR/NX),1,2,0.5
Braum (FR/NX),Shen/Sivir (IO/SH),1,2,0.5
Kalista (FR/SI),Ezreal/Nami (BW/PZ),1,2,0.5
Ezreal/Nami (BW/PZ),Kalista (FR/SI),1,2,0.5
Miss Fortune/Vayne (BW/DE),Akshan/Renekton (BW/SH),1,2,0.5
Akshan/Renekton (BW/SH),Miss Fortune/Vayne (BW/DE),1,2,0.5
Ashe (FR/SI),Fiora/Shen (DE/IO),1,2,0.5
Fiora/Shen (DE/IO),Ashe (FR/SI),1,2,0.5
Darius/Gnar (FR/NX),Championless (FR/IO),1,2,0.5
Championless (FR/IO),Darius/Gnar (FR/NX),1,2,0.5
Championless (SI),Fiora (DE/SH),1,2,0.5
Fiora (DE/SH),Championless (SI),1,2,0.5
Fiora/Pantheon (DE/MT),Leona/Yasuo (IO/MT),1,2,0.5
Leona/Yasuo (IO/MT),Fiora/Pantheon (DE/MT),1,2,0.5
Fiora/Pantheon (DE/MT),Katarina/Yasuo (IO/NX),1,2,0.5
Katarina/Yasuo (IO/NX),Fiora/Pantheon (DE/MT),1,2,0.5
Akshan (SI/SH),Championless (SI),1,2,0.5
Championless (SI),Akshan (SI/SH),1,2,0.5
Caitlyn/Teemo (FR/PZ),Irelia/Miss Fortune (BW/IO),1,2,0.5
Irelia/Miss Fortune (BW/IO),Caitlyn/Teemo (FR/PZ),1,2,0.5
Kalista (SI),Championless (NX/SI),1,2,0.5
Championless (NX/SI),Kalista (SI),1,2,0.5
Swain/Udyr (FR/NX),Braum/The Poro King (FR/RU),1,2,0.5
Braum/The Poro King (FR/RU),Swain/Udyr (FR/NX),1,2,0.5
Ashe/LeBlanc (FR/NX),Championless (IO/SI),1,2,0.5
Championless (IO/SI),Ashe/LeBlanc (FR/NX),1,2,0.5
Garen/Shen (DE/IO),Garen/Shen (DE/IO),1,2,0.5
Sejuani/Zoe (FR/MT),Gnar/Seraphine (BC/PZ),1,2,0.5
Gnar/Seraphine (BC/PZ),Sejuani/Zoe (FR/MT),1,2,0.5
Hecarim/Lucian (DE/SI),Championless (SI),1,2,0.5
Championless (SI),Hecarim/Lucian (DE/SI),1,2,0.5
Akshan/Vayne (DE/SH),Katarina/Yasuo (IO/NX),1,2,0.5
Katarina/Yasuo (IO/NX),Akshan/Vayne (DE/SH),1,2,0.5
Kalista (SI),Championless (BW/SI),1,2,0.5
Championless (BW/SI),Kalista (SI),1,2,0.5
Darius/Gnar (FR/NX),Ezreal/Teemo/Udyr (FR/PZ),1,2,0.5
Ezreal/Teemo/Udyr (FR/PZ),Darius/Gnar (FR/NX),1,2,0.5
Ashe/Ezreal (FR/PZ),Championless (PZ/SI),1,2,0.5
Championless (PZ/SI),Ashe/Ezreal (FR/PZ),1,2,0.5
Ashe/Ezreal (FR/PZ),Ashe/LeBlanc (FR/NX),1,2,0.5
Ashe/LeBlanc (FR/NX),Ashe/Ezreal (FR/PZ),1,2,0.5
Ezreal/Nilah (BW/PZ),Katarina/Yasuo (IO/NX),1,2,0.5
Katarina/Yasuo (IO/NX),Ezreal/Nilah (BW/PZ),1,2,0.5
Nidalee (BC/SH),Championless (MT/SI),1,2,0.5
Championless (MT/SI),Nidalee (BC/SH),1,2,0.5
Swain (FR/NX),Gnar/Nidalee (BC/SH),1,2,0.5
Gnar/Nidalee (BC/SH),Swain (FR/NX),1,2,0.5
Gnar/Nidalee (BC/SH),Janna (PZ/SI),1,2,0.5
Janna (PZ/SI),Gnar/Nidalee (BC/SH),1,2,0.5
Darius/Gwen (NX/SI),Garen (DE/FR),1,2,0.5
Garen (DE/FR),Darius/Gwen (NX/SI),1,2,0.5
Braum (FR/MT),Annie/Miss Fortune (BW/NX),1,2,0.5
Annie/Miss Fortune (BW/NX),Braum (FR/MT),1,2,0.5
Diana/Nocturne (MT/SI),Braum (FR/IO),1,2,0.5
Braum (FR/IO),Diana/Nocturne (MT/SI),1,2,0.5
Gwen/Vayne (DE/SI),Gwen/Vayne (DE/SI),1,2,0.5
Caitlyn (FR/PZ),Gwen/Vayne (DE/SI),1,2,0.5
Gwen/Vayne (DE/SI),Caitlyn (FR/PZ),1,2,0.5
Ezreal/Seraphine (PZ/SI),Neeko (RU/SH),1,2,0.5
Neeko (RU/SH),Ezreal/Seraphine (PZ/SI),1,2,0.5
Janna (IO/PZ),Championless (MT/SI),1,2,0.5
Championless (MT/SI),Janna (IO/PZ),1,2,0.5
Championless (PZ/SI),Swain/Udyr (FR/NX),1,2,0.5
Swain/Udyr (FR/NX),Championless (PZ/SI),1,2,0.5
Braum/Zoe (FR/MT),Akshan/Renekton (BW/SH),1,2,0.5
Akshan/Renekton (BW/SH),Braum/Zoe (FR/MT),1,2,0.5
Leona/Yasuo (IO/MT),Fiora/Shen (DE/IO),1,2,0.5
Fiora/Shen (DE/IO),Leona/Yasuo (IO/MT),1,2,0.5
Nilah/Twisted Fate (BW/PZ),Gnar/Pantheon (FR/MT),1,2,0.5
Gnar/Pantheon (FR/MT),Nilah/Twisted Fate (BW/PZ),1,2,0.5
Seraphine (MT/PZ),Gwen/Kalista (NX/SI),1,2,0.5
Gwen/Kalista (NX/SI),Seraphine (MT/PZ),1,2,0.5
Fiora (DE/IO),LeBlanc/Sivir (NX/SH),1,2,0.5
LeBlanc/Sivir (NX/SH),Fiora (DE/IO),1,2,0.5
Ashe (FR/SI),Kalista (SI),1,2,0.5
Kalista (SI),Ashe (FR/SI),1,2,0.5
Gwen/LeBlanc (NX/SI),Gwen/LeBlanc (NX/SI),1,2,0.5
Nidalee (BC/SH),Aphelios/Zoe (IO/MT),1,2,0.5
Aphelios/Zoe (IO/MT),Nidalee (BC/SH),1,2,0.5
Braum/Zoe (FR/MT),Udyr (FR/PZ),1,2,0.5
Udyr (FR/PZ),Braum/Zoe (FR/MT),1,2,0.5
Braum (FR/MT),Janna/Twisted Fate (BW/PZ),1,2,0.5
Janna/Twisted Fate (BW/PZ),Braum (FR/MT),1,2,0.5
Janna/Twisted Fate (BW/PZ),Ezreal/Seraphine (PZ/SI),1,2,0.5
Ezreal/Seraphine (PZ/SI),Janna/Twisted Fate (BW/PZ),1,2,0.5
Yasuo (IO/NX),Braum/The Poro King (FR/RU),1,2,0.5
Braum/The Poro King (FR/RU),Yasuo (IO/NX),1,2,0.5
Darius/Gwen (NX/SI),Gwen/Irelia (IO/SI),1,2,0.5
Gwen/Irelia (IO/SI),Darius/Gwen (NX/SI),1,2,0.5
Darius/Gwen (NX/SI),Aphelios/Twisted Fate (BW/MT),1,2,0.5
Aphelios/Twisted Fate (BW/MT),Darius/Gwen (NX/SI),1,2,0.5
Championless (PZ/SI),Katarina/Miss Fortune (BW/NX),1,2,0.5
Katarina/Miss Fortune (BW/NX),Championless (PZ/SI),1,2,0.5
Katarina/Miss Fortune (BW/NX),Akshan/Master Yi (IO/SH),1,2,0.5
Akshan/Master Yi (IO/SH),Katarina/Miss Fortune (BW/NX),1,2,0.5
Championless (PZ/SI),Annie/Elise (NX/SI),1,2,0.5
Annie/Elise (NX/SI),Championless (PZ/SI),1,2,0.5
Akshan/Master Yi (IO/SH),Sejuani (FR/SI),1,2,0.5
Sejuani (FR/SI),Akshan/Master Yi (IO/SH),1,2,0.5
Braum (FR/NX),Akshan/Master Yi (IO/SH),1,2,0.5
Akshan/Master Yi (IO/SH),Braum (FR/NX),1,2,0.5
Ezreal/Teemo/Udyr (FR/PZ),Leona/Yasuo (IO/MT),1,2,0.5
Leona/Yasuo (IO/MT),Ezreal/Teemo/Udyr (FR/PZ),1,2,0.5
Ekko/Janna (PZ/SH),Fiora/Renekton (DE/SH),1,2,0.5
Fiora/Renekton (DE/SH),Ekko/Janna (PZ/SH),1,2,0.5
Nilah/Twisted Fate (BW/PZ),Miss Fortune/Quinn/Vayne (BW/DE),1,2,0.5
Miss Fortune/Quinn/Vayne (BW/DE),Nilah/Twisted Fate (BW/PZ),1,2,0.5
Miss Fortune/Quinn/Vayne (BW/DE),Championless (SI),1,2,0.5
Championless (SI),Miss Fortune/Quinn/Vayne (BW/DE),1,2,0.5
Annie/Jhin (RU/NX),Garen/Lux: Illuminated (DE/IO),1,2,0.5
Garen/Lux: Illuminated (DE/IO),Annie/Jhin (RU/NX),1,2,0.5
Annie/Jhin (RU/NX),Katarina/Samira (BW/NX),1,2,0.5
Katarina/Samira (BW/NX),Annie/Jhin (RU/NX),1,2,0.5
Caitlyn/LeBlanc (NX/PZ),Shen/Sivir (IO/SH),1,2,0.5
Shen/Sivir (IO/SH),Caitlyn/LeBlanc (NX/PZ),1,2,0.5
Championless (MT/SI),Braum (FR/NX),1,2,0.5
Braum (FR/NX),Championless (MT/SI),1,2,0.5
Braum (FR/NX),Braum (FR/NX),1,2,0.5
Katarina/Sejuani (FR/NX),Darius/Gwen (NX/SI),1,2,0.5
Darius/Gwen (NX/SI),Katarina/Sejuani (FR/NX),1,2,0.5
Master Yi/Seraphine (IO/PZ),Braum (FR/MT),1,2,0.5
Braum (FR/MT),Master Yi/Seraphine (IO/PZ),1,2,0.5
Championless (FR/SI),Championless (FR/PZ),1,2,0.5
Championless (FR/PZ),Championless (FR/SI),1,2,0.5
Ashe/LeBlanc (FR/NX),Ashe/Darius (FR/NX),1,2,0.5
Ashe/Darius (FR/NX),Ashe/LeBlanc (FR/NX),1,2,0.5
Gnar/Nidalee (BC/SH),Janna/Twisted Fate (BW/PZ),1,2,0.5
Janna/Twisted Fate (BW/PZ),Gnar/Nidalee (BC/SH),1,2,0.5
Garen/Udyr (DE/FR),Sivir (IO/SH),1,2,0.5
Sivir (IO/SH),Garen/Udyr (DE/FR),1,2,0.5
Ezreal/Seraphine (PZ/SI),Akshan/Sivir (FR/SH),1,2,0.5
Akshan/Sivir (FR/SH),Ezreal/Seraphine (PZ/SI),1,2,0.5
Darius (FR/NX),Ashe/Braum (FR/PZ),1,2,0.5
Ashe/Braum (FR/PZ),Darius (FR/NX),1,2,0.5
Neeko (FR/RU),Nilah/Twisted Fate (BW/PZ),1,2,0.5
Nilah/Twisted Fate (BW/PZ),Neeko (FR/RU),1,2,0.5
Annie/Gwen (NX/SI),Annie/Gwen (NX/SI),1,2,0.5
Lux: Illuminated/Samira (DE/NX),Akshan/Sivir (FR/SH),1,2,0.5
Akshan/Sivir (FR/SH),Lux: Illuminated/Samira (DE/NX),1,2,0.5
Braum/Master Yi (FR/IO),Braum/Zoe (FR/MT),1,2,0.5
Braum/Zoe (FR/MT),Braum/Master Yi (FR/IO),1,2,0.5
Gwen/Katarina (NX/SI),Gwen/Katarina (NX/SI),1,2,0.5
Katarina/Norra (BC/NX),Kalista/Lucian (DE/SI),1,2,0.5
Kalista/Lucian (DE/SI),Katarina/Norra (BC/NX),1,2,0.5
Bard/Norra (BC/RU),Ashe/LeBlanc (FR/NX),1,2,0.5
Ashe/LeBlanc (FR/NX),Bard/Norra (BC/RU),1,2,0.5
Fiora/Pantheon (DE/MT),Akshan/Master Yi (IO/SH),1,2,0.5
Akshan/Master Yi (IO/SH),Fiora/Pantheon (DE/MT),1,2,0.5
Darius (FR/NX),Fiora/Pantheon (DE/MT),1,2,0.5
Fiora/Pantheon (DE/MT),Darius (FR/NX),1,2,0.5
Championless (PZ/SI),Fiora/Vayne (DE/IO),1,2,0.5
Fiora/Vayne (DE/IO),Championless (PZ/SI),1,2,0.5
Championless (MT/SI),Neeko/Nidalee (RU/SH),1,2,0.5
Neeko/Nidalee (RU/SH),Championless (MT/SI),1,2,0.5
Championless (BW/FR),Braum/Zoe (FR/MT),1,2,0.5
Braum/Zoe (FR/MT),Championless (BW/FR),1,2,0.5
Akshan/Sivir (FR/SH),Nilah/Twisted Fate (BW/PZ),1,2,0.5
Nilah/Twisted Fate (BW/PZ),Akshan/Sivir (FR/SH),1,2,0.5
Nilah/Twisted Fate (BW/PZ),Udyr (FR/PZ),1,2,0.5
Udyr (FR/PZ),Nilah/Twisted Fate (BW/PZ),1,2,0.5
Jhin/Yasuo (IO/RU),Championless (SI),1,2,0.5
Championless (SI),Jhin/Yasuo (IO/RU),1,2,0.5
Master Yi/Seraphine (IO/PZ),Master Yi/Seraphine (IO/PZ),1,2,0.5
Udyr (FR/PZ),Ashe/LeBlanc (FR/NX),1,2,0.5
Ashe/LeBlanc (FR/NX),Udyr (FR/PZ),1,2,0.5
LeBlanc/Sivir (NX/SH),LeBlanc/Sivir (NX/SH),1,2,0.5
Ezreal/Twisted Fate (BW/PZ),LeBlanc/Sivir (NX/SH),1,2,0.5
LeBlanc/Sivir (NX/SH),Ezreal/Twisted Fate (BW/PZ),1,2,0.5
Sejuani/Swain (FR/NX),Sejuani/Swain (FR/NX),1,2,0.5
Nilah/Twisted Fate (BW/PZ),Akshan/LeBlanc (NX/SH),1,2,0.5
Akshan/LeBlanc (NX/SH),Nilah/Twisted Fate (BW/PZ),1,2,0.5
Braum/Zoe (FR/MT),Fiora/Pantheon (DE/MT),1,2,0.5
Fiora/Pantheon (DE/MT),Braum/Zoe (FR/MT),1,2,0.5
Akshan/Master Yi (IO/SH),Yasuo/Zed (IO/PZ),1,2,0.5
Yasuo/Zed (IO/PZ),Akshan/Master Yi (IO/SH),1,2,0.5
Bard/Caitlyn/Teemo (RU/PZ),Akshan/Master Yi (IO/SH),1,2,0.5
Akshan/Master Yi (IO/SH),Bard/Caitlyn/Teemo (RU/PZ),1,2,0.5
Annie/Jhin (RU/NX),Norra (BC/FR),1,2,0.5
Norra (BC/FR),Annie/Jhin (RU/NX),1,2,0.5
Braum (FR/NX),Janna/Twisted Fate (BW/PZ),1,2,0.5
Janna/Twisted Fate (BW/PZ),Braum (FR/NX),1,2,0.5
Ashe (FR/PZ),Pantheon/Udyr (FR/MT),1,2,0.5
Pantheon/Udyr (FR/MT),Ashe (FR/PZ),1,2,0.5
Ezreal/Seraphine (PZ/SI),Fiora/Pantheon (DE/MT),1,2,0.5
Fiora/Pantheon (DE/MT),Ezreal/Seraphine (PZ/SI),1,2,0.5
Gwen/Udyr (FR/SI),Akshan/Master Yi (IO/SH),1,2,0.5
Akshan/Master Yi (IO/SH),Gwen/Udyr (FR/SI),1,2,0.5
LeBlanc/Sivir (NX/SH),Fiora/Pantheon (DE/MT),1,2,0.5
Fiora/Pantheon (DE/MT),LeBlanc/Sivir (NX/SH),1,2,0.5
Ashe (FR/SI),Ashe (FR/SI),1,2,0.5
Janna/Master Yi (IO/PZ),Gnar/Sejuani (BC/FR),1,2,0.5
Gnar/Sejuani (BC/FR),Janna/Master Yi (IO/PZ),1,2,0.5
Darius/Gwen/Hecarim (NX/SI),Neeko (RU/SH),1,2,0.5
Neeko (RU/SH),Darius/Gwen/Hecarim (NX/SI),1,2,0.5
Fiora/Shen (DE/IO),Akshan/Master Yi (IO/SH),1,2,0.5
Akshan/Master Yi (IO/SH),Fiora/Shen (DE/IO),1,2,0.5
Championless (MT/SI),Janna/Master Yi (IO/PZ),1,2,0.5
Janna/Master Yi (IO/PZ),Championless (MT/SI),1,2,0.5
Darius/Gwen/Hecarim (NX/SI),Ashe/LeBlanc (FR/NX),1,2,0.5
Ashe/LeBlanc (FR/NX),Darius/Gwen/Hecarim (NX/SI),1,2,0.5
Akshan/Sivir (FR/SH),Braum/Udyr (FR),1,2,0.5
Braum/Udyr (FR),Akshan/Sivir (FR/SH),1,2,0.5
Braum/Zoe (FR/MT),Braum/Swain (FR/NX),1,2,0.5
Braum/Swain (FR/NX),Braum/Zoe (FR/MT),1,2,0.5
Braum/Sejuani (BW/FR),Bard/Udyr (RU/FR),1,2,0.5
Bard/Udyr (RU/FR),Braum/Sejuani (BW/FR),1,2,0.5
Bard/Caitlyn/Teemo (RU/PZ),Ashe (FR/PZ),1,2,0.5
Ashe (FR/PZ),Bard/Caitlyn/Teemo (RU/PZ),1,2,0.5
Akshan/Udyr (FR/SH),Akshan/Ekko (PZ/SH),1,2,0.5
Akshan/Ekko (PZ/SH),Akshan/Udyr (FR/SH),1,2,0.5
Braum/Zoe (FR/MT),Caitlyn/Ezreal (BC/PZ),1,2,0.5
Caitlyn/Ezreal (BC/PZ),Braum/Zoe (FR/MT),1,2,0.5
Ashe (FR/PZ),Caitlyn/Norra (BC/PZ),1,2,0.5
Caitlyn/Norra (BC/PZ),Ashe (FR/PZ),1,2,0.5
Ezreal (IO/PZ),Championless (BW/MT),1,2,0.5
Championless (BW/MT),Ezreal (IO/PZ),1,2,0.5
Katarina/Yasuo (IO/NX),Swain/Yasuo (IO/NX),1,2,0.5
Swain/Yasuo (IO/NX),Katarina/Yasuo (IO/NX),1,2,0.5
Ezreal/Teemo (BC/PZ),Championless (PZ/SI),1,2,0.5
Championless (PZ/SI),Ezreal/Teemo (BC/PZ),1,2,0.5
Ezreal (IO/PZ),Ezreal (IO/PZ),1,2,0.5
Ashe/Lissandra (FR/PZ),Championless (SI),1,2,0.5
Championless (SI),Ashe/Lissandra (FR/PZ),1,2,0.5
Yasuo (IO/MT),Katarina/Yasuo (IO/NX),1,2,0.5
Katarina/Yasuo (IO/NX),Yasuo (IO/MT),1,2,0.5
Ezreal/Janna (IO/PZ),Ashe/Lissandra (FR/PZ),1,2,0.5
Ashe/Lissandra (FR/PZ),Ezreal/Janna (IO/PZ),1,2,0.5
Ashe/Darius (FR/NX),Samira/Sejuani (FR/NX),1,2,0.5
Samira/Sejuani (FR/NX),Ashe/Darius (FR/NX),1,2,0.5
Ezreal/Teemo (BC/PZ),Garen (DE/FR),1,2,0.5
Garen (DE/FR),Ezreal/Teemo (BC/PZ),1,2,0.5
Ashe/Darius (FR/NX),Braum/Zoe (FR/MT),1,2,0.5
Braum/Zoe (FR/MT),Ashe/Darius (FR/NX),1,2,0.5
Annie/Fizz (BC/NX),Ezreal/Seraphine (PZ/SI),1,2,0.5
Ezreal/Seraphine (PZ/SI),Annie/Fizz (BC/NX),1,2,0.5
Gwen/Hecarim (SI),Fiora/Shen (DE/IO),1,2,0.5
Fiora/Shen (DE/IO),Gwen/Hecarim (SI),1,2,0.5
Janna (IO/PZ),Championpile (IO/SI),1,2,0.5
Championpile (IO/SI),Janna (IO/PZ),1,2,0.5
Caitlyn/Swain (NX/PZ),Braum/Sejuani (BW/FR),1,2,0.5
Braum/Sejuani (BW/FR),Caitlyn/Swain (NX/PZ),1,2,0.5
Fiora/Shen (DE/IO),Ezreal/Twisted Fate (BW/PZ),1,2,0.5
Ezreal/Twisted Fate (BW/PZ),Fiora/Shen (DE/IO),1,2,0.5
Ezreal/Twisted Fate (BW/PZ),Katarina/Udyr (FR/NX),1,2,0.5
Katarina/Udyr (FR/NX),Ezreal/Twisted Fate (BW/PZ),1,2,0.5
Garen (DE/SH),Katarina/Yasuo (IO/NX),1,2,0.5
Katarina/Yasuo (IO/NX),Garen (DE/SH),1,2,0.5
Master Yi/Zoe (IO/MT),Caitlyn/Norra (BC/PZ),1,2,0.5
Caitlyn/Norra (BC/PZ),Master Yi/Zoe (IO/MT),1,2,0.5
Braum/Zoe (FR/MT),Gnar/Sejuani (BC/FR),1,2,0.5
Gnar/Sejuani (BC/FR),Braum/Zoe (FR/MT),1,2,0.5
Championless (DE/MT),Caitlyn/Teemo (FR/PZ),1,2,0.5
Caitlyn/Teemo (FR/PZ),Championless (DE/MT),1,2,0.5
Ekko/Nilah/Twisted Fate (BW/PZ),Fiora/Pantheon (DE/MT),1,2,0.5
Fiora/Pantheon (DE/MT),Ekko/Nilah/Twisted Fate (BW/PZ),1,2,0.5
Caitlyn (NX/PZ),Championless (DE/MT),1,2,0.5
Championless (DE/MT),Caitlyn (NX/PZ),1,2,0.5
Akshan/Zoe (MT/SH),Gnar/Nidalee (BC/SH),1,2,0.5
Gnar/Nidalee (BC/SH),Akshan/Zoe (MT/SH),1,2,0.5
Gwen/Kalista/Vayne (DE/SI),Braum (FR/MT),1,2,0.5
Braum (FR/MT),Gwen/Kalista/Vayne (DE/SI),1,2,0.5
Udyr/Zoe (FR/MT),Annie/Jhin (RU/NX),1,2,0.5
Annie/Jhin (RU/NX),Udyr/Zoe (FR/MT),1,2,0.5
Fiora/Shen (DE/IO),Caitlyn (NX/PZ),1,2,0.5
Caitlyn (NX/PZ),Fiora/Shen (DE/IO),1,2,0.5
Sejuani/Swain (FR/NX),Fiora/Udyr (DE/FR),1,2,0.5
Fiora/Udyr (DE/FR),Sejuani/Swain (FR/NX),1,2,0.5
Bard/Norra (BC/RU),Fizz/Nami (BC/BW),1,2,0.5
Fizz/Nami (BC/BW),Bard/Norra (BC/RU),1,2,0.5
Yasuo (IO/MT),Yasuo (IO/MT),1,2,0.5
Ezreal/Teemo (BC/PZ),Jhin/Jinx (RU/PZ),1,2,0.5
Jhin/Jinx (RU/PZ),Ezreal/Teemo (BC/PZ),1,2,0.5
Yasuo (IO/MT),Katarina/Miss Fortune (BW/NX),1,2,0.5
Katarina/Miss Fortune (BW/NX),Yasuo (IO/MT),1,2,0.5
Ekko/Nilah/Twisted Fate (BW/PZ),Master Yi/Udyr (FR/IO),1,2,0.5
Master Yi/Udyr (FR/IO),Ekko/Nilah/Twisted Fate (BW/PZ),1,2,0.5
Janna (PZ/SI),Gnar/Tristana (BC/IO),1,2,0.5
Gnar/Tristana (BC/IO),Janna (PZ/SI),1,2,0.5
Fiora/Shen (DE/IO),Janna (IO/PZ),1,2,0.5
Janna (IO/PZ),Fiora/Shen (DE/IO),1,2,0.5
Quinn/Vayne (DE/NX),Ashe/LeBlanc (FR/NX),1,2,0.5
Ashe/LeBlanc (FR/NX),Quinn/Vayne (DE/NX),1,2,0.5
Leona/Shen (IO/MT),Championless (PZ/SI),1,2,0.5
Championless (PZ/SI),Leona/Shen (IO/MT),1,2,0.5
Swain/Twisted Fate (BW/NX),Aphelios/Zoe (MT/SI),1,2,0.5
Aphelios/Zoe (MT/SI),Swain/Twisted Fate (BW/NX),1,2,0.5
Akshan/Master Yi (IO/SH),Ezreal/Janna (BC/PZ),1,2,0.5
Ezreal/Janna (BC/PZ),Akshan/Master Yi (IO/SH),1,2,0.5
Caitlyn/Katarina (NX/PZ),Ezreal/Janna (BC/PZ),1,2,0.5
Ezreal/Janna (BC/PZ),Caitlyn/Katarina (NX/PZ),1,2,0.5
Ezreal/Seraphine (PZ/SI),Gwen/Kalista (NX/SI),1,2,0.5
Gwen/Kalista (NX/SI),Ezreal/Seraphine (PZ/SI),1,2,0.5
Ezreal/Seraphine (IO/PZ),Sejuani/Swain (FR/NX),1,2,0.5
Sejuani/Swain (FR/NX),Ezreal/Seraphine (IO/PZ),1,2,0.5
Darius/Draven (BW/NX),Katarina/Yasuo (IO/NX),1,2,0.5
Katarina/Yasuo (IO/NX),Darius/Draven (BW/NX),1,2,0.5
Fiora/Shen (DE/IO),Nami/Zoe (BW/MT),1,2,0.5
Nami/Zoe (BW/MT),Fiora/Shen (DE/IO),1,2,0.5
Championless (SI),Darius (NX),1,2,0.5
Darius (NX),Championless (SI),1,2,0.5
Hecarim/Zed (IO/SI),Ezreal/Twisted Fate (BW/PZ),1,2,0.5
Ezreal/Twisted Fate (BW/PZ),Hecarim/Zed (IO/SI),1,2,0.5
Kalista (SI),Gwen/Udyr (FR/SI),1,2,0.5
Gwen/Udyr (FR/SI),Kalista (SI),1,2,0.5
Darius/Gnar (FR/NX),Aphelios/Diana (MT/NX),1,2,0.5
Aphelios/Diana (MT/NX),Darius/Gnar (FR/NX),1,2,0.5
Braum (FR/MT),Gwen/Udyr (FR/SI),1,2,0.5
Gwen/Udyr (FR/SI),Braum (FR/MT),1,2,0.5
LeBlanc/Udyr (FR/NX),Darius/Gnar (FR/NX),1,2,0.5
Darius/Gnar (FR/NX),LeBlanc/Udyr (FR/NX),1,2,0.5
Ashe/LeBlanc (FR/NX),Championless (DE/MT),1,2,0.5
Championless (DE/MT),Ashe/LeBlanc (FR/NX),1,2,0.5
Nilah/Twisted Fate (BW/PZ),Braum/Udyr (FR/NX),1,2,0.5
Braum/Udyr (FR/NX),Nilah/Twisted Fate (BW/PZ),1,2,0.5
Braum/Zoe (FR/MT),Quinn/Udyr/Vayne (DE/FR),1,2,0.5
Quinn/Udyr/Vayne (DE/FR),Braum/Zoe (FR/MT),1,2,0.5
Fizz/Zoe (BW/MT),Fizz/Zoe (BW/MT),1,2,0.5
Nilah/Twisted Fate (BW/PZ),Ezreal/Miss Fortune (BW/PZ),1,2,0.5
Ezreal/Miss Fortune (BW/PZ),Nilah/Twisted Fate (BW/PZ),1,2,0.5
Ekko/Nilah/Twisted Fate (BW/PZ),Janna/Teemo/Udyr (FR/PZ),1,2,0.5
Janna/Teemo/Udyr (FR/PZ),Ekko/Nilah/Twisted Fate (BW/PZ),1,2,0.5
Ezreal/Janna (PZ/SI),Akshan/Ekko (PZ/SH),1,2,0.5
Akshan/Ekko (PZ/SH),Ezreal/Janna (PZ/SI),1,2,0.5
Caitlyn/Norra (BC/PZ),Akshan/Ekko (PZ/SH),1,2,0.5
Akshan/Ekko (PZ/SH),Caitlyn/Norra (BC/PZ),1,2,0.5
Braum (FR/IO),Championless (MT),1,2,0.5
Championless (MT),Braum (FR/IO),1,2,0.5
Sivir (NX/SH),Lucian/Udyr (DE/FR),1,2,0.5
Lucian/Udyr (DE/FR),Sivir (NX/SH),1,2,0.5
Caitlyn/Swain (NX/PZ),Caitlyn/Swain (NX/PZ),1,2,0.5
Lulu/Shen (DE/IO),Ashe/Braum (FR/NX),1,2,0.5
Ashe/Braum (FR/NX),Lulu/Shen (DE/IO),1,2,0.5
Ashe (FR/PZ),Lulu/Shen (IO/MT),1,2,0.5
Lulu/Shen (IO/MT),Ashe (FR/PZ),1,2,0.5
Ezreal/Janna (PZ/SI),Ashe/Caitlyn (FR/PZ),1,2,0.5
Ashe/Caitlyn (FR/PZ),Ezreal/Janna (PZ/SI),1,2,0.5
Miss Fortune/Samira (BW/NX),Leona/Zoe (DE/MT),0,1,0
Diana/Nami (BW/MT),Leona/Zoe (DE/MT),0,1,0
Aphelios/Zoe (IO/MT),Quinn/Vayne (DE/PZ),0,1,0
Aphelios/Zoe (IO/MT),Ezreal/Twisted Fate (BW/PZ),0,1,0
Zoe (IO/MT),Akshan/Sivir (NX/SH),0,1,0
Quinn/Vayne (DE/PZ),Akshan/Ekko (PZ/SH),0,1,0
Gnar/Swain (BC/NX),Quinn/Vayne (DE/PZ),0,1,0
Quinn/Vayne (DE/PZ),Fiora/Shen (DE/IO),0,1,0
Kai'Sa/Sivir (DE/SH),Braum (FR/MT),0,1,0
Fiora (DE/SH),Akshan/Fiora (DE/SH),0,1,0
Kai'Sa/Sivir (DE/SH),Fiora (DE/SH),0,1,0
Akshan/Sivir (NX/SH),Elise/Nocturne (NX/SI),0,1,0
Janna (PZ/SI),Samira/Sejuani (FR/NX),0,1,0
Norra (BC/IO),Janna (PZ/SI),0,1,0
Norra/Teemo (BC/PZ),Ezreal/Janna (PZ/SI),0,1,0
Ezreal/Seraphine (IO/PZ),Akshan/Sivir (NX/SH),0,1,0
Quinn/Vayne (DE/PZ),Ezreal/Seraphine (IO/PZ),0,1,0
Miss Fortune/Samira (BW/NX),Ezreal/Seraphine (IO/PZ),0,1,0
Gnar/Neeko (FR/RU),Gnar/Nidalee (BC/SH),0,1,0
Gnar/Neeko (FR/RU),Ezreal/Twisted Fate (BW/PZ),0,1,0
Fiora/Sivir (DE/SH),Darius/Gnar (FR/NX),0,1,0
Nocturne (SI),Ashe (FR/PZ),0,1,0
Championless (SI),Hecarim (BC/SI),0,1,0
Championless (BC/SI),Fizz/Nami (BW/MT),0,1,0
Janna (PZ/SI),Gnar/Samira (BC/NX),0,1,0
Norra/Teemo (BC/PZ),Kalista (PZ/SI),0,1,0
Leona/Yasuo (IO/MT),Braum (FR/IO),0,1,0
Diana/Nami (BW/MT),Leona/Yasuo (IO/MT),0,1,0
Quinn/Vayne (DE/IO),Ashe/LeBlanc (FR/NX),0,1,0
Championless (SI),Lux: Illuminated (DE/MT),0,1,0
Norra/Teemo (BC/PZ),Gnar/Neeko (FR/RU),0,1,0
Elise/Ezreal (PZ/SI),Lux: Illuminated/Pantheon (DE/MT),0,1,0
Lux: Illuminated/Pantheon (DE/MT),Darius/Gnar (FR/NX),0,1,0
Katarina/Yasuo (IO/NX),Kai'Sa/Sivir (DE/SH),0,1,0
Kai'Sa/Sivir (DE/SH),Akshan/Pantheon (MT/SH),0,1,0
LeBlanc (BW/NX),Kai'Sa/Zoe (MT/SH),0,1,0
Kai'Sa/Zoe (MT/SH),Ashe (FR/PZ),0,1,0
Diana/Nami (BW/MT),Kai'Sa/Zoe (MT/SH),0,1,0
Caitlyn/Jinx (FR/PZ),Kai'Sa/Zoe (MT/SH),0,1,0
Championless (SI/SH),Diana/Nami (BW/MT),0,1,0
Championless (SI/SH),Braum/Zoe (FR/MT),0,1,0
Championless (SI/SH),Championless (MT/SI),0,1,0
Championless (SI/SH),Udyr/Vayne (DE/FR),0,1,0
Akshan/Fiora (DE/SH),Darius/Gnar (FR/NX),0,1,0
Ashe (FR/PZ),Ezreal/Janna (IO/PZ),0,1,0
Ezreal/Master Yi (IO/PZ),Ezreal/Twisted Fate (BW/PZ),0,1,0
Ezreal/Janna (IO/PZ),Ezreal/Twisted Fate (BW/PZ),0,1,0
Braum (FR/SI),Yasuo (IO/MT),0,1,0
Lulu/Zed (DE/IO),Darius/Gnar (FR/NX),0,1,0
Braum (FR/MT),Sivir (SI/SH),0,1,0
Quinn/Vayne (DE/PZ),Braum (FR/MT),0,1,0
Braum (FR/MT),Neeko/Renekton (RU/SH),0,1,0
Championless (SI),Darius (NX/SH),0,1,0
Championless (SI),Kalista (PZ/SI),0,1,0
Kalista (PZ/SI),Quinn/Vayne (DE/PZ),0,1,0
Akshan/Fiora (DE/SH),Kalista (PZ/SI),0,1,0
Ashe/Janna (FR/PZ),Ezreal/Seraphine (NX/PZ),0,1,0
Ezreal/Seraphine (IO/PZ),Norra/Teemo (BC/PZ),0,1,0
Ezreal/Seraphine (BC/PZ),Ashe (FR/PZ),0,1,0
Akshan/Pantheon (MT/SH),Gnar/Sejuani (BW/FR),0,1,0
Gnar/Samira (BC/NX),Akshan/Pantheon (MT/SH),0,1,0
Garen (DE/SH),Norra/Zoe (BC/MT),0,1,0
Norra/Zoe (BC/MT),Samira/Sejuani (FR/NX),0,1,0
Norra/Zoe (BC/MT),Akshan/Sivir (NX/SH),0,1,0
Norra/Zoe (BC/MT),Ashe/Renekton (FR/SH),0,1,0
Miss Fortune (BW/NX),Fiora/Vayne (DE/PZ),0,1,0
Fiora/Vayne (DE/PZ),Yasuo (IO/PZ),0,1,0
Annie/Jhin (RU/NX),Gnar/Samira (BC/NX),0,1,0
Kai'Sa/Sivir (BW/SH),Caitlyn/Ezreal (IO/PZ),0,1,0
Ezreal/Twisted Fate (BW/PZ),Swain/Yasuo (IO/NX),0,1,0
Gwen/Vayne (DE/SI),Ezreal/Twisted Fate (BW/PZ),0,1,0
Caitlyn/Jinx (FR/PZ),Ezreal/Twisted Fate (BW/PZ),0,1,0
Lulu/Zed (DE/IO),Ezreal/Twisted Fate (BW/PZ),0,1,0
Akshan/Caitlyn (PZ/SH),Championless (SI),0,1,0
Fiora/Shen (DE/IO),Diana/Nami (BW/MT),0,1,0
Kalista/Nocturne (SI),Diana/Nami (BW/MT),0,1,0
Elise/Gwen (PZ/SI),Championless (SI),0,1,0
Kalista (SI),Elise/Gwen (PZ/SI),0,1,0
Nilah/Twisted Fate (BW/PZ),Championless (BC/SI),0,1,0
Championless (BC/SI),Gnar/Samira (BC/NX),0,1,0
Championless (BC/SI),Samira/Sejuani (FR/NX),0,1,0
Championless (BC/SI),Ashe/Renekton (FR/SH),0,1,0
Akshan/Sivir (NX/SH),Kalista/Nocturne (SI),0,1,0
Kalista/Nocturne (SI),Aphelios/Zoe (IO/MT),0,1,0
Samira/Sejuani (FR/NX),Kalista/Nocturne (SI),0,1,0
Miss Fortune/Vayne (BW/DE),Kalista/Nocturne (SI),0,1,0
Ashe (FR/PZ),Kalista/Nocturne (SI),0,1,0
Ashe/Renekton (FR/SH),Kalista/Nocturne (SI),0,1,0
Udyr (DE/FR),Akshan/Zoe (MT/SH),0,1,0
Irelia/Udyr (FR/IO),Darius/Swain (BW/NX),0,1,0
Gnar/Samira (BC/NX),Akshan/Fiora (DE/SH),0,1,0
Samira/Sejuani (FR/NX),Ezreal/Nilah (BW/PZ),0,1,0
Ezreal/Nilah (BW/PZ),Akshan/Nami (BW/SH),0,1,0
Championless (MT/SI),Elise (FR/SI),0,1,0
Akshan/Sivir (NX/SH),Elise/Ezreal (PZ/SI),0,1,0
Janna (PZ/SI),Akshan/Nidalee (BC/SH),0,1,0
Akshan/Ekko (PZ/SH),Akshan/Sivir (MT/SH),0,1,0
Fiora/Shen (DE/IO),Caitlyn (BC/PZ),0,1,0
Caitlyn (BC/PZ),Neeko/Renekton (RU/SH),0,1,0
Braum (FR/MT),Gnar/Nidalee (BC/SH),0,1,0
Kai'Sa/Zoe (MT/SH),Braum (FR/MT),0,1,0
Braum (FR/MT),Samira/Sejuani (FR/NX),0,1,0
Braum (DE/FR),Braum (FR/MT),0,1,0
Braum (FR/MT),Renekton/Sivir (DE/SH),0,1,0
Braum (FR/MT),Braum/Udyr (DE/FR),0,1,0
Lulu/Neeko (IO/RU),Quinn/Vayne (DE/PZ),0,1,0
Akshan/Kai'Sa (DE/SH),Championless (SI),0,1,0
Akshan/Kai'Sa (DE/SH),Akshan/Sivir (NX/SH),0,1,0
Annie/Jhin (RU/NX),Neeko/Renekton (RU/SH),0,1,0
Lulu/Neeko (IO/RU),Championless (SI),0,1,0
Samira/Sejuani (FR/NX),Lulu/Neeko (IO/RU),0,1,0
Ashe/LeBlanc (FR/NX),Ezreal/Seraphine (BW/PZ),0,1,0
Ahri/Ezreal/Kennen (IO/PZ),Udyr/Vayne (DE/FR),0,1,0
Darius/Swain (BW/NX),Udyr/Vayne (DE/FR),0,1,0
Janna (IO/PZ),Udyr/Vayne (DE/FR),0,1,0
Zed (IO/MT),Udyr/Vayne (DE/FR),0,1,0
Caitlyn/Ezreal (IO/PZ),Udyr/Vayne (DE/FR),0,1,0
Lulu/Zed (DE/IO),Udyr/Vayne (DE/FR),0,1,0
Neeko/Renekton (RU/SH),Kai'Sa/Sivir (DE/SH),0,1,0
Teemo/Yasuo (IO/PZ),Akshan/Udyr (FR/SH),0,1,0
Gnar/Nidalee (BC/SH),Samira/Sejuani (FR/NX),0,1,0
Akshan/Sivir (NX/SH),Gnar/Samira (BC/NX),0,1,0
Samira/Sejuani (FR/NX),Pantheon/Zoe (FR/MT),0,1,0
Samira/Sejuani (FR/NX),Ezreal/Seraphine (NX/PZ),0,1,0
Samira/Sejuani (FR/NX),Ashe/Renekton (FR/SH),0,1,0
Gnar/Samira (BC/NX),Pantheon/Zoe (FR/MT),0,1,0
Championless (SI),Gnar/Samira (BC/NX),0,1,0
Gnar/Samira (BC/NX),Braum/Zoe (FR/MT),0,1,0
Elise/Nocturne (NX/SI),Gnar/Samira (BC/NX),0,1,0
Championless (SI/SH),Lulu/Zed (DE/IO),0,1,0
Renekton/Sivir (NX/SH),Championless (MT/SI),0,1,0
Aphelios/Zoe (IO/MT),Championless (MT/SI),0,1,0
Akshan/Sivir (SI/SH),Championless (SI),0,1,0
Akshan/Sivir (SI/SH),Akshan/Renekton (SH),0,1,0
Akshan/Sivir (SI/SH),Akshan/Sivir (NX/SH),0,1,0
Akshan/Sivir (SI/SH),Swain (BW/NX),0,1,0
Akshan/Sivir (SI/SH),Kalista (PZ/SI),0,1,0
Kai'Sa/Pantheon (MT/SH),Akshan/Udyr (FR/SH),0,1,0
Teemo/Tristana (BC/PZ),Braum/Sejuani (FR/MT),0,1,0
Kai'Sa/Pantheon (MT/SH),Akshan/Sivir (NX/SH),0,1,0
Akshan/Sivir (NX/SH),Ezreal/Seraphine (NX/PZ),0,1,0
Kalista (SI),Akshan/Sivir (NX/SH),0,1,0
Akshan/Sivir (NX/SH),Kai'Sa/Sivir (DE/SH),0,1,0
Jhin/Yasuo (IO/RU),Nilah/Twisted Fate (BW/PZ),0,1,0
Master Yi/Nami (BW/IO),Ashe/Renekton (FR/SH),0,1,0
Leona/Yasuo (IO/MT),Sivir (SI/SH),0,1,0
Championless (SI/SH),Norra/Teemo (BC/PZ),0,1,0
Teemo (FR/PZ),Norra/Teemo (BC/PZ),0,1,0
Akshan/Caitlyn (PZ/SH),Ashe/Udyr (DE/FR),0,1,0
Gnar (BC/FR),Ashe/LeBlanc (FR/NX),0,1,0
Garen/Udyr (DE/FR),Gnar (BC/FR),0,1,0
Caitlyn/Ezreal (IO/PZ),Quinn/Vayne (DE/PZ),0,1,0
Swain/Twisted Fate (BW/NX),Samira/Sejuani (FR/NX),0,1,0
Jhin/Master Yi (IO/RU),Miss Fortune/Swain (BW/NX),0,1,0
Miss Fortune/Swain (BW/NX),Nilah/Twisted Fate (BW/PZ),0,1,0
Samira/Sejuani (FR/NX),Miss Fortune/Swain (BW/NX),0,1,0
LeBlanc (FR/NX),Caitlyn/Ezreal (IO/PZ),0,1,0
Gwen/Vayne (DE/SI),Yasuo (IO/PZ),0,1,0
Gwen/Vayne (DE/SI),Championless (SI/SH),0,1,0
Akshan/Nami (BW/SH),Gwen/Vayne (DE/SI),0,1,0
Gnar/Sejuani (BC/FR),Kennen (IO/PZ),0,1,0
Irelia/Udyr (FR/IO),Teemo/Tristana (BC/PZ),0,1,0
Gwen/Vayne (DE/SI),Swain (IO/NX),0,1,0
Swain (IO/NX),Janna (IO/PZ),0,1,0
Braum/Garen (DE/FR),Swain (IO/NX),0,1,0
Renekton/Sivir (DE/SH),LeBlanc (NX),0,1,0
Aphelios/Zoe (IO/MT),Braum (DE/FR),0,1,0
Udyr (DE/FR),Renekton/Sivir (DE/SH),0,1,0
Garen/Lux: Illuminated (DE/SH),Braum/Zoe (FR/MT),0,1,0
Nilah/Twisted Fate (BW/PZ),Pantheon/Zoe (FR/MT),0,1,0
Nami/Twisted Fate (BW),Sivir (SI/SH),0,1,0
Norra/Zoe (BC/MT),Elise/Nocturne (NX/SI),0,1,0
Gwen (NX/SI),Akshan/Pantheon (MT/SH),0,1,0
Sivir (SI/SH),Akshan/Pantheon (MT/SH),0,1,0
Kalista (SI),Janna/Swain (NX/PZ),0,1,0
Ezreal/Seraphine (IO/PZ),Ashe (FR/PZ),0,1,0
Ashe/LeBlanc (FR/NX),Evelynn/Nidalee (RU/SH),0,1,0
Ezreal/Seraphine (NX/PZ),Nidalee (BC/SH),0,1,0
Ezreal/Seraphine (BW/PZ),Braum/Zoe (FR/MT),0,1,0
Fiora (DE/SH),Ezreal/Seraphine (BW/PZ),0,1,0
Jhin/Yasuo (IO/RU),Akshan/Sivir (MT/SH),0,1,0
Akshan/Kai'Sa (IO/SH),Garen/Lux: Illuminated (DE/SH),0,1,0
Garen/Lux: Illuminated (DE/SH),Gnar/Nidalee (BC/SH),0,1,0
Miss Fortune/Samira (BW/NX),Akshan/Pantheon (MT/SH),0,1,0
Samira/Sejuani (FR/NX),Kai'Sa/Pantheon (MT/SH),0,1,0
Kai'Sa/Pantheon (MT/SH),Darius/Swain (BW/NX),0,1,0
Gwen/Vayne (DE/SI),Pantheon/Zoe (FR/MT),0,1,0
Caitlyn/Teemo (BC/PZ),Kai'Sa/Sivir (DE/SH),0,1,0
Ashe/Janna (FR/PZ),LeBlanc/Sivir (NX/SH),0,1,0
Ahri/Kennen (BC/IO),Caitlyn/Swain (NX/PZ),0,1,0
LeBlanc/Sivir (NX/SH),Neeko/Renekton (RU/SH),0,1,0
Kalista (NX/SI),Ashe/LeBlanc (FR/NX),0,1,0
Quinn/Vayne (DE/PZ),Fiora/Udyr (DE/FR),0,1,0
Caitlyn/Teemo (BC/PZ),Ezreal/Seraphine (NX/PZ),0,1,0
Caitlyn/Teemo (BC/PZ),Pantheon/Zoe (FR/MT),0,1,0
Caitlyn/Teemo (BC/PZ),Evelynn/Nidalee (RU/SH),0,1,0
Kai'Sa/Zoe (MT/SH),Pantheon/Zoe (FR/MT),0,1,0
Aphelios/Zoe (MT/PZ),Samira/Sejuani (FR/NX),0,1,0
Aphelios/Zoe (MT/PZ),Annie/Jhin (RU/NX),0,1,0
Sejuani/Teemo (FR/PZ),Elise/Nocturne (SI/SH),0,1,0
Yasuo (IO/PZ),Quinn/Vayne (DE/PZ),0,1,0
Sejuani/Teemo (FR/PZ),Yasuo (IO/PZ),0,1,0
Akshan/Sivir (SI/SH),Yasuo (IO/PZ),0,1,0
Elise/Tristana (BC/SI),Braum (FR/IO),0,1,0
Kai'Sa/Pantheon (MT/SH),Braum (FR/IO),0,1,0
Elise/Tristana (BC/SI),Akshan/Aphelios/Pantheon (MT/SH),0,1,0
Nilah/Twisted Fate (BW/PZ),Akshan/Aphelios/Pantheon (MT/SH),0,1,0
Gnar/Swain (BC/NX),Akshan/Aphelios/Pantheon (MT/SH),0,1,0
Annie/Katarina (FR/NX),Quinn/Vayne (DE/PZ),0,1,0
Gwen/Vayne (DE/SI),Darius/Shen (IO/NX),0,1,0
Akshan/Sivir (SI/SH),Ezreal (PZ/SI),0,1,0
Akshan/Sivir (SI/SH),Udyr/Vayne (DE/FR),0,1,0
Gnar/Nidalee (BC/SH),Akshan/Sivir (SI/SH),0,1,0
Ezreal/Seraphine (BC/PZ),Pantheon/Zoe (FR/MT),0,1,0
Championless (SI),Pantheon/Zoe (FR/MT),0,1,0
Swain/Twisted Fate (BW/NX),Renekton/Vayne (DE/SH),0,1,0
Katarina/Yasuo (IO/NX),Swain/Twisted Fate (BW/NX),0,1,0
Akshan/Pantheon (MT/SH),Ezreal/Seraphine (NX/PZ),0,1,0
Akshan/Sivir (SI/SH),Ezreal/Seraphine (IO/PZ),0,1,0
Caitlyn/Ezreal (FR/PZ),Gwen/Vayne (DE/SI),0,1,0
Norra/Teemo (BC/IO),Katarina/Yasuo (IO/NX),0,1,0
Norra/Teemo (BC/IO),Annie/Katarina (FR/NX),0,1,0
Annie/Jhin (RU/NX),Annie/Katarina (FR/NX),0,1,0
Annie/Jhin (RU/NX),Ashe/Nami (BW/FR),0,1,0
Kai'Sa/Sivir (BW/SH),Swain/Twisted Fate (BW/NX),0,1,0
Kai'Sa/Sivir (BW/SH),Caitlyn (BC/PZ),0,1,0
Neeko/Renekton (RU/SH),Caitlyn/Ezreal (IO/PZ),0,1,0
Swain/Yasuo (IO/NX),Neeko/Renekton (RU/SH),0,1,0
Fizz/Gnar (BC/FR),Kalista (SI),0,1,0
Nami/Twisted Fate (BW),Fizz/Gnar (BC/FR),0,1,0
Akshan/Sivir (IO/SH),Kai'Sa/Pantheon (MT/SH),0,1,0
Akshan/Sivir (IO/SH),Annie/Miss Fortune (BW/NX),0,1,0
Caitlyn (BC/PZ),Gnar/Swain (BC/NX),0,1,0
Caitlyn/Swain (NX/PZ),Caitlyn (BC/PZ),0,1,0
Ezreal/Seraphine (NX/PZ),Braum (FR/MT),0,1,0
Fizz/Samira (BW/NX),Akshan/Sivir (MT/SH),0,1,0
Ashe/Sejuani (FR),Nilah/Twisted Fate (BW/PZ),0,1,0
Akshan/Sivir (MT/SH),Sejuani/Teemo (FR/PZ),0,1,0
Akshan/Sivir (MT/SH),LeBlanc/Sivir (NX/SH),0,1,0
Elise/Tristana (BC/SI),Akshan/Sivir (MT/SH),0,1,0
Samira/Tristana (BC/NX),Garen/Sivir (DE/SH),0,1,0
Gwen/Lucian (DE/SI),Gnar/Samira (BC/NX),0,1,0
Norra/Zoe (BC/MT),Gnar/Samira (BC/NX),0,1,0
Gnar/Samira (BC/NX),Fizz/Gnar (BC/FR),0,1,0
Sejuani (BW/FR),Kai'Sa/Pantheon (MT/SH),0,1,0
Norra/Zoe (BC/MT),Ezreal/Seraphine (NX/PZ),0,1,0
Annie/Jhin (RU/NX),Janna/Zoe (MT/PZ),0,1,0
LeBlanc/Sivir (NX/SH),Janna/Zoe (MT/PZ),0,1,0
Annie/LeBlanc (NX/PZ),Akshan/Sivir (SI/SH),0,1,0
Annie/Miss Fortune (BW/NX),Akshan/Sivir (SI/SH),0,1,0
Championless (SI),Annie/LeBlanc (NX/PZ),0,1,0
Norra/Teemo (BC/PZ),LeBlanc (FR/NX),0,1,0
Ashe/LeBlanc (FR/NX),Miss Fortune/Swain (BW/NX),0,1,0
LeBlanc (NX),Ezreal/Seraphine (NX/PZ),0,1,0
Annie/Katarina (FR/NX),Ezreal/Twisted Fate (BW/PZ),0,1,0
Ezreal/Seraphine (NX/PZ),Annie/Katarina (FR/NX),0,1,0
Jinx (IO/PZ),Ezreal/Seraphine (NX/PZ),0,1,0
Ezreal/Seraphine (BC/PZ),Braum/Garen (DE/FR),0,1,0
Kai'Sa/Pantheon (MT/SH),Sivir (SI/SH),0,1,0
Darius/Miss Fortune (BW/NX),Kalista (SI),0,1,0
Gwen/Vayne (DE/SI),LeBlanc (FR/NX),0,1,0
LeBlanc (FR/NX),Ashe/Fiora (DE/FR),0,1,0
Ashe/Sejuani (FR),Aphelios/Zoe (IO/MT),0,1,0
Draven/Zoe (MT/NX),Garen (DE/SH),0,1,0
Akshan/Sivir (NX/SH),Draven/Zoe (MT/NX),0,1,0
Draven/Zoe (MT/NX),Championless (SI),0,1,0
Braum/Lissandra (FR/NX),Braum/Gwen (FR/SI),0,1,0
Ashe/LeBlanc (FR/NX),Braum (FR/SI),0,1,0
Braum/Lissandra (FR/NX),Garen (DE/SH),0,1,0
Championless (SI),Akshan/Sivir (MT/SH),0,1,0
Ashe/Fiora (DE/FR),Akshan/Sivir (MT/SH),0,1,0
Akshan/Sivir (MT/SH),Ashe/Renekton (FR/SH),0,1,0
Ashe/Sejuani (FR),Akshan/Ekko (PZ/SH),0,1,0
Ashe/Sejuani (FR),Championless (SI),0,1,0
Fiora/Lux: Illuminated (DE/SH),Ashe/Sejuani (FR),0,1,0
Gnar/Nidalee (BC/SH),Ashe/Sejuani (BW/FR),0,1,0
Akshan/Sivir (NX/SH),Ezreal/Seraphine (BC/PZ),0,1,0
Ezreal/Seraphine (BC/PZ),Garen (DE/SH),0,1,0
Ezreal/Seraphine (BC/PZ),Ashe/Sejuani (BW/FR),0,1,0
Ashe/Sejuani (BW/FR),Braum/Lissandra (FR/NX),0,1,0
Braum/Zoe (FR/MT),Draven/Gwen (NX/SI),0,1,0
Garen (DE/SH),Akshan/Katarina (NX/SH),0,1,0
Ashe/Sejuani (FR),Garen (DE/SH),0,1,0
Twisted Fate/Yasuo (BW/IO),Kalista/Nocturne (PZ/SI),0,1,0
Twisted Fate/Yasuo (BW/IO),Braum/Zoe (FR/MT),0,1,0
Miss Fortune/Quinn (BW/DE),Braum/Sejuani (FR/MT),0,1,0
Akshan/Garen (DE/SH),Ezreal (PZ/SI),0,1,0
Braum (FR/MT),Ezreal/Seraphine (BC/PZ),0,1,0
Darius/Katarina/LeBlanc (FR/NX),LeBlanc (FR/NX),0,1,0
Ezreal (PZ/SI),Kalista (SI),0,1,0
Ezreal/Seraphine (NX/PZ),Ezreal/Seraphine (BC/PZ),0,1,0
Ezreal/Seraphine (BC/PZ),Elise/Nocturne (FR/SI),0,1,0
Master Yi/Nami (BW/IO),Fiora/Shen (DE/IO),0,1,0
Aphelios/Zoe (MT/SI),Kalista (SI),0,1,0
Akshan/Sivir (DE/SH),Nidalee (BC/SH),0,1,0
Championless (SI),Sivir (SI/SH),0,1,0
Diana/Nami (BW/MT),Gwen/Vayne (DE/SI),0,1,0
Championless (PZ/SI),Aphelios/Zoe (IO/MT),0,1,0
Kai'Sa/Sivir (BW/SH),Aphelios/Zoe (IO/MT),0,1,0
Ashe/LeBlanc (FR/NX),Braum/Gwen (FR/SI),0,1,0
Darius/Katarina/LeBlanc (FR/NX),Ashe/LeBlanc (FR/NX),0,1,0
Kai'Sa/Sivir (BW/SH),Kalista (SI),0,1,0
Kai'Sa/Sivir (BW/SH),Evelynn/Kai'Sa (RU/SH),0,1,0
Ezreal (PZ/SI),Garen/Udyr (DE/FR),0,1,0
Fizz (BW/FR),Ezreal (PZ/SI),0,1,0
Miss Fortune/Quinn (BW/DE),Fizz (BW/FR),0,1,0
Yasuo (IO/MT),Fizz (BW/FR),0,1,0
Gnar/Samira (BC/NX),Caitlyn/Teemo (BC/PZ),0,1,0
Akshan/Sivir (DE/SH),Ezreal/Seraphine (BC/PZ),0,1,0
Championless (SI),Elise/Nocturne (NX/SI),0,1,0
Jinx/Nilah (BW/PZ),Championless (PZ/SI),0,1,0
Elise/Nocturne (FR/SI),Jinx/Nilah (BW/PZ),0,1,0
Sivir (SI/SH),Miss Fortune/Quinn (BW/DE),0,1,0
Gwen/Vayne (DE/SI),Jhin/Yasuo (IO/RU),0,1,0
Caitlyn/Zoe (MT/PZ),Kalista (SI),0,1,0
Evelynn/Kai'Sa (RU/SH),Caitlyn/Teemo (BC/PZ),0,1,0
Garen (DE/SH),Miss Fortune/Quinn (BW/DE),0,1,0
Lucian/Zed (DE/IO),Garen (DE/SH),0,1,0
Aphelios/Zoe (IO/MT),Akshan/Samira (NX/SH),0,1,0
Akshan/Ekko/Jinx (PZ/SH),Ezreal/Janna (IO/PZ),0,1,0
Akshan/Ekko/Jinx (PZ/SH),LeBlanc (FR/NX),0,1,0
Akshan/Master Yi (IO/SH),Elise/Gwen (PZ/SI),0,1,0
Gnar/Sivir (FR/SH),Braum/Zoe (FR/MT),0,1,0
Ezreal/Seraphine (NX/PZ),Ashe/LeBlanc (FR/NX),0,1,0
Akshan/Ekko/Jinx (PZ/SH),Garen (DE/SH),0,1,0
Braum/Zoe (FR/MT),Akshan/Ekko/Jinx (PZ/SH),0,1,0
Akshan/Sivir (DE/SH),Caitlyn/Jinx (FR/PZ),0,1,0
Ashe/Udyr (DE/FR),Akshan/Nidalee (BC/SH),0,1,0
Fizz/Nami (BW/MT),Caitlyn/Swain (NX/PZ),0,1,0
Draven/Zoe (MT/NX),Ashe (FR/PZ),0,1,0
Gnar/Tristana (BC/NX),LeBlanc (FR/NX),0,1,0
Ashe/Renekton (FR/SH),Championless (PZ/SI),0,1,0
Ashe/LeBlanc (FR/NX),Akshan/Nami (BW/SH),0,1,0
Fizz/Nami (BW/MT),Akshan/Sivir (MT/SH),0,1,0
Caitlyn/Zoe (MT/PZ),Akshan/Nami (BW/SH),0,1,0
Ezreal/Seraphine (BC/PZ),Janna (PZ/SI),0,1,0
Kalista (NX/SI),Nilah/Twisted Fate (BW/PZ),0,1,0
LeBlanc (NX/SI),Nilah/Twisted Fate (BW/PZ),0,1,0
Akshan/Ekko/Jinx (PZ/SH),Ezreal/Seraphine (BC/PZ),0,1,0
Norra/Teemo (BC/PZ),Darius/Gwen (NX/SI),0,1,0
LeBlanc (FR/NX),Fizz (BW/FR),0,1,0
Darius/Katarina/LeBlanc (FR/NX),Akshan/Sivir (MT/SH),0,1,0
Ashe/Fiora (DE/FR),Ezreal (PZ/SI),0,1,0
Ashe (FR/SI),Ashe/Fiora (DE/FR),0,1,0
Ashe/Renekton (FR/SH),Elise/Hecarim (SI),0,1,0
Fiora/Shen (DE/IO),Ashe/Renekton (FR/SH),0,1,0
Ezreal/Seraphine (BC/PZ),Ashe/Renekton (FR/SH),0,1,0
Ashe/Renekton (FR/SH),Renekton/Sivir (DE/SH),0,1,0
Ashe/Renekton (FR/SH),Kalista (SI),0,1,0
Ezreal/Seraphine (BC/PZ),Championless (PZ/SI),0,1,0
Kai'Sa/Sivir (DE/SH),Ashe (FR/PZ),0,1,0
Kai'Sa/Zoe (MT/SH),Katarina/Yasuo (IO/NX),0,1,0
Akshan/Garen (DE/SH),Elise/Hecarim (SI),0,1,0
Yasuo (IO/PZ),Aphelios/Zoe (IO/MT),0,1,0
Gnar/Nidalee (BC/SH),Ezreal (PZ/SI),0,1,0
Gnar (BC/NX),Braum (FR/MT),0,1,0
Braum (FR/MT),Elise/Nocturne (SI),0,1,0
Akshan/Master Yi (IO/SH),Ashe/Sejuani (FR),0,1,0
Kai'Sa/Zoe (MT/SH),Akshan/Master Yi (IO/SH),0,1,0
Gnar/Nidalee (BC/SH),Elise/Hecarim (SI),0,1,0
Caitlyn/Teemo (NX/PZ),Nilah/Twisted Fate (BW/PZ),0,1,0
Fiora (DE/SH),LeBlanc (FR/NX),0,1,0
Braum/Norra (BC/FR),Ashe/Renekton (FR/SH),0,1,0
Sivir (SI/SH),Teemo/Tristana (BC/PZ),0,1,0
Akshan/Master Yi (IO/SH),Garen (DE),0,1,0
Garen/Udyr (DE/FR),Elise/Hecarim (SI),0,1,0
Annie/Swain (NX/PZ),Garen/Udyr (DE/FR),0,1,0
Aphelios/Zoe (MT/SI),Ashe (FR/SI),0,1,0
Aphelios/Zoe (MT/SI),Renekton/Sivir (NX/SH),0,1,0
Janna/Seraphine (PZ/SI),Elise/Hecarim (SI),0,1,0
Katarina/Yasuo (IO/NX),Elise/Hecarim (SI),0,1,0
Garen (DE),Elise/Hecarim (SI),0,1,0
Janna (PZ/SI),Kai'Sa/Sivir (BW/SH),0,1,0
Diana/Zoe (MT),LeBlanc/Sivir (NX/SH),0,1,0
Annie/Jhin (RU/NX),Elise/Hecarim (SI),0,1,0
Braum/Zoe (FR/MT),Annie/Swain (NX/PZ),0,1,0
Pantheon/Zoe (IO/MT),Ezreal/Seraphine (NX/PZ),0,1,0
Gwen/Teemo (PZ/SI),Braum/Zoe (FR/MT),0,1,0
Swain (FR/NX),Gwen/Teemo (PZ/SI),0,1,0
Evelynn/Kai'Sa (RU/SH),Annie/Jhin (RU/NX),0,1,0
Braum/Udyr (DE/FR),Janna (PZ/SI),0,1,0
Braum/Udyr (DE/FR),Kalista (SI),0,1,0
Darius/Gnar (FR/NX),Ashe/Sejuani (FR),0,1,0
Ashe/Sejuani (FR),Kalista (SI),0,1,0
Fizz (BW/FR),Gwen/Vayne (DE/SI),0,1,0
Akshan/Fiora (DE/SH),Gwen/LeBlanc (NX/SI),0,1,0
Ashe/Sejuani (FR),Akshan/Fiora (DE/SH),0,1,0
Gwen/Vayne (DE/SI),Aphelios/The Poro King (MT/RU),0,1,0
Ashe (FR/PZ),Ashe/Sejuani (FR),0,1,0
Ezreal/Seraphine (BC/PZ),Ashe/Sejuani (FR),0,1,0
Gnar/Tristana (BC/NX),Sejuani/Teemo (FR/PZ),0,1,0
Aphelios/Zoe (MT),Kai'Sa/Pantheon (MT/SH),0,1,0
Gnar/Neeko (BC/RU),Akshan/Pantheon (MT/SH),0,1,0
Sejuani/Teemo (FR/PZ),Gwen/Zed (IO/SI),0,1,0
Janna/Nilah (BW/PZ),Gwen/Vayne (DE/SI),0,1,0
Kai'Sa/Sivir (BW/SH),Sejuani/Teemo (FR/PZ),0,1,0
Jhin/Jinx (RU/PZ),Akshan/Sivir (MT/SH),0,1,0
Fizz (BW/FR),Akshan/Sivir (MT/SH),0,1,0
Draven/Vayne (DE/NX),Ashe/LeBlanc (FR/NX),0,1,0
Ashe/Fiora (DE/FR),Draven/Vayne (DE/NX),0,1,0
Ashe/Fiora (DE/FR),Janna (PZ/SI),0,1,0
Jhin/Jinx (RU/PZ),Kalista (SI),0,1,0
Kai'Sa/Pantheon (MT/SH),Gnar/Nidalee (BC/SH),0,1,0
Championless (MT/SI),Fizz/Nami (BW/MT),0,1,0
Akshan/Aphelios/Pantheon (MT/SH),Ezreal/Janna (IO/PZ),0,1,0
Ashe/Sejuani (FR),Janna/Nilah (BW/PZ),0,1,0
Lux: Illuminated/Udyr (DE/FR),Ezreal/Janna (IO/PZ),0,1,0
Gwen/Irelia (IO/SI),Kalista (SI),0,1,0
Quinn/Vayne (DE/PZ),Kalista (SI),0,1,0
Garen/Lux: Illuminated (DE/SH),Annie/Jhin (RU/NX),0,1,0
Miss Fortune (BW/DE),Garen/Lux: Illuminated (DE/SH),0,1,0
Ezreal/Seraphine (NX/PZ),Garen/Lux: Illuminated (DE/SH),0,1,0
Ezreal/Seraphine (NX/PZ),Shen (DE/IO),0,1,0
Shen (DE/IO),Ashe (FR/PZ),0,1,0
Braum (FR/MT),Ashe/Sejuani (FR),0,1,0
Kalista (PZ/SI),Ashe/Sejuani (FR/SI),0,1,0
Aphelios/The Poro King (MT/RU),Ashe/Sejuani (FR/SI),0,1,0
Fiora/Shen (DE/IO),Ashe/Sejuani (FR),0,1,0
Ashe/Sejuani (FR),Championless (FR/IO),0,1,0
Caitlyn/Swain (NX/PZ),Ashe/Sejuani (FR),0,1,0
Fizz/Nidalee (BC/SH),Ashe/Sejuani (FR),0,1,0
Master Yi (IO/SH),Braum/Zoe (FR/MT),0,1,0
Gwen/Vayne (DE/SI),Master Yi (IO/SH),0,1,0
Ezreal/Seraphine (BC/PZ),Championless (BW/MT),0,1,0
Fiora/Shen (DE/IO),Championless (BW/MT),0,1,0
Gwen/Teemo (PZ/SI),Fiora/Shen (DE/IO),0,1,0
Evelynn/Norra (BC/RU),Fiora/Shen (DE/IO),0,1,0
Elise/Nocturne (FR/SI),Evelynn/Norra (BC/RU),0,1,0
Fiora/Shen (DE/IO),Ezreal (PZ/SI),0,1,0
LeBlanc (FR/NX),Elise/Ezreal (PZ/SI),0,1,0
Elise/Ezreal (PZ/SI),Championless (PZ/SI),0,1,0
Nilah/Twisted Fate (BW/PZ),Braum/Udyr/Zoe (FR/MT),0,1,0
Aphelios/Pantheon (MT/SH),Fizz/Nami (BW/MT),0,1,0
Kalista/Lucian (DE/SI),Akshan/Pantheon (MT/SH),0,1,0
Fiora/Shen (DE/IO),Ezreal/Janna (IO/PZ),0,1,0
Lucian/Quinn (DE/MT),Janna (PZ/SI),0,1,0
Garen/Sivir (DE/SH),Garen/Udyr (DE/FR),0,1,0
Ezreal (PZ/SI),Udyr (BW/FR),0,1,0
Udyr (BW/FR),Aphelios (BC/MT),0,1,0
Ezreal/Seraphine (BC/PZ),Sivir (SI/SH),0,1,0
Kai'Sa/Zoe (MT/SH),Udyr (BW/FR),0,1,0
Master Yi/Nami (BW/IO),Aphelios/Pantheon (MT/SH),0,1,0
Teemo/Tristana (BC/PZ),Gwen/Vayne (DE/SI),0,1,0
Darius/Gnar (FR/NX),Fizz/Nami (BW/MT),0,1,0
Caitlyn/Jinx (FR/PZ),Kalista/Lucian (DE/SI),0,1,0
Kalista/Lucian (DE/SI),Evelynn/Norra (BC/RU),0,1,0
Gwen/Vayne (DE/SI),Gwen/Teemo (PZ/SI),0,1,0
Evelynn/Norra (BC/RU),Fizz/Nami (BW/MT),0,1,0
Master Yi/Nami (BW/IO),Fizz/Nami (BW/MT),0,1,0
Draven (BC/NX),Championless (PZ/SI),0,1,0
Draven (BC/NX),Gwen/Vayne (DE/SI),0,1,0
Aphelios (BC/MT),Championless (SI),0,1,0
Hecarim/Zed (IO/SI),Caitlyn/Jinx (FR/PZ),0,1,0
Aphelios (BC/MT),Ezreal/Seraphine (BC/PZ),0,1,0
Fiora/Shen (DE/IO),Fizz/Nami (BW/MT),0,1,0
Sejuani/Teemo (BC/FR),Fiora/Shen (DE/IO),0,1,0
Ashe/LeBlanc (FR/NX),Caitlyn/Jinx (FR/PZ),0,1,0
Fizz/Nami (BW/MT),Sejuani/Teemo (BC/FR),0,1,0
Draven/Zoe (MT/NX),Fizz (BW/FR),0,1,0
Ezreal/Nilah (BW/PZ),Ashe/Janna (FR/PZ),0,1,0
Fiora (DE/SH),Swain/Twisted Fate (BW/NX),0,1,0
Braum (FR/MT),Evelynn/Norra (BC/RU),0,1,0
Ezreal/Seraphine (BC/PZ),Evelynn/Norra (BC/RU),0,1,0
Evelynn/Norra (BC/RU),Ashe/Fiora (DE/FR),0,1,0
Evelynn/Norra (BC/RU),Ashe/Ezreal (FR/PZ),0,1,0
Janna (PZ/SI),Evelynn/Norra (BC/RU),0,1,0
Ashe/Ezreal (FR/PZ),Braum (FR/MT),0,1,0
Bard/Caitlyn (RU/PZ),Ashe/Ezreal (FR/PZ),0,1,0
Evelynn/Kai'Sa (RU/SH),Janna (PZ/SI),0,1,0
Gwen/Quinn (DE/SI),Swain/Twisted Fate (BW/NX),0,1,0
Braum/Zoe (FR/MT),Gwen/Quinn (DE/SI),0,1,0
Braum (FR/MT),Hecarim/Zed (IO/SI),0,1,0
Aphelios (MT/SI),Swain/Twisted Fate (BW/NX),0,1,0
Fiora/Shen (DE/IO),Swain/Twisted Fate (BW/NX),0,1,0
Norra/Teemo (BC/PZ),Championless (BW/MT),0,1,0
Nidalee (BC/SH),Ezreal/Seraphine (PZ/SI),0,1,0
Yasuo (IO/MT),Championless (BW/MT),0,1,0
Championless (BW/MT),Diana/Zoe (IO/MT),0,1,0
Ezreal/Seraphine (BC/PZ),Caitlyn/Jinx (FR/PZ),0,1,0
Swain/Twisted Fate (BW/NX),Fizz/Samira (BW/NX),0,1,0
Norra/Zoe (BC/MT),Akshan/Sivir (MT/SH),0,1,0
Ezreal/Seraphine (PZ/SI),Akshan/Sivir (MT/SH),0,1,0
Braum (FR/MT),Ezreal/Janna (IO/PZ),0,1,0
Master Yi/Udyr (FR/IO),Diana/Garen (DE/MT),0,1,0
Akshan/Sivir (MT/SH),Jhin/Swain (RU/NX),0,1,0
Gwen/Teemo (PZ/SI),Ezreal/Seraphine (PZ/SI),0,1,0
Gwen/Teemo (PZ/SI),Gnar/Sejuani (BC/FR),0,1,0
Evelynn/Norra (BC/RU),Gwen/Teemo (PZ/SI),0,1,0
Ezreal (PZ/SI),Yasuo (IO/MT),0,1,0
Swain/Twisted Fate (BW/NX),Ezreal (PZ/SI),0,1,0
Hecarim/Zed (IO/SI),Fizz/Nami (BW/MT),0,1,0
Ashe (FR/PZ),Hecarim/Zed (IO/SI),0,1,0
Norra/Teemo (BC/PZ),Akshan/Ekko (PZ/SH),0,1,0
Gnar/Swain (BC/NX),Nilah/Twisted Fate (BW/PZ),0,1,0
Miss Fortune/Quinn (BW/DE),Swain/Udyr (FR/NX),0,1,0
Diana/Zoe (IO/MT),Ashe/LeBlanc (FR/NX),0,1,0
Ezreal/Vayne (DE/PZ),Ashe/LeBlanc (FR/NX),0,1,0
Gnar (BC/NX),Ezreal/Seraphine (NX/PZ),0,1,0
Ezreal/Seraphine (PZ/SI),Fizz/Nami (BW/MT),0,1,0
Garen/Lux: Illuminated (DE/SH),Shen/Udyr (FR/IO),0,1,0
Fizz/Nami (BW/MT),Aphelios/Zoe (IO/MT),0,1,0
Yasuo/Zoe (IO/MT),Nilah/Twisted Fate (BW/PZ),0,1,0
Quinn/Zed (DE/IO),Ashe (FR/PZ),0,1,0
Fiora/Vayne (DE/PZ),Akshan/Ekko/Janna (PZ/SH),0,1,0
Braum (FR/MT),Aphelios/Pantheon (DE/MT),0,1,0
Lux: Illuminated/Pantheon (DE/MT),Braum (FR/MT),0,1,0
Lux: Illuminated/Pantheon (DE/MT),Braum/Zoe (FR/MT),0,1,0
Annie/Jhin (RU/NX),Ashe/Gnar (FR),0,1,0
Ezreal/Janna (IO/PZ),Nilah/Twisted Fate (BW/PZ),0,1,0
Akshan/Master Yi (IO/SH),LeBlanc (FR/NX),0,1,0
Master Yi/Norra (BC/IO),Aphelios/Zoe (IO/MT),0,1,0
Gwen/Vayne (DE/SI),Master Yi/Norra (BC/IO),0,1,0
Jinx (PZ/SI),Gwen/Vayne (DE/SI),0,1,0
Gwen/Teemo (PZ/SI),Sejuani/Swain (FR/NX),0,1,0
Sejuani/Swain (FR/NX),LeBlanc (FR/NX),0,1,0
Braum (FR/MT),Gwen/Vayne (DE/SI),0,1,0
Akshan (PZ/SH),Ezreal/Seraphine (PZ/SI),0,1,0
Ezreal/Seraphine (PZ/SI),Akshan/Ekko/Janna (PZ/SH),0,1,0
Kai'Sa/Pantheon (MT/SH),Akshan/Ekko/Janna (PZ/SH),0,1,0
Garen/Irelia (DE/IO),LeBlanc (FR/NX),0,1,0
Akshan/Ekko/Janna (PZ/SH),LeBlanc (FR/NX),0,1,0
Sivir (SI/SH),Ashe/Sejuani (FR/SI),0,1,0
Gwen/Irelia (IO/SI),Braum/Zoe (FR/MT),0,1,0
Akshan/Ekko/Janna (PZ/SH),Ashe/LeBlanc (FR/NX),0,1,0
Gwen/Vayne (DE/SI),Ashe/Sejuani (FR/SI),0,1,0
Gwen/Vayne (DE/SI),Elise/Nocturne (FR/SI),0,1,0
Garen/Quinn (DE),Gwen/Vayne (DE/SI),0,1,0
Aphelios/Zoe (IO/MT),Fiora/Shen (DE/IO),0,1,0
Aphelios/Zoe (IO/MT),Akshan/Ekko/Janna (PZ/SH),0,1,0
Akshan (PZ/SH),Ashe/Sejuani (FR/SI),0,1,0
Irelia/Lucian (DE/IO),Ashe/Sejuani (FR/SI),0,1,0
Diana/Nami (BW/MT),Gwen/Quinn (DE/SI),0,1,0
Diana/Nami (BW/MT),Evelynn/Norra (BC/RU),0,1,0
Diana/Nami (BW/MT),Ashe/Sejuani (FR/SI),0,1,0
Ekko/Vayne (DE/PZ),Gwen/Quinn (DE/SI),0,1,0
Ashe/Zoe (FR/MT),Fizz/Nami (BW/MT),0,1,0
Ezreal/Master Yi/Seraphine (IO/PZ),Ashe/Zoe (FR/MT),0,1,0
Master Yi/Norra (BC/IO),Ashe/Sejuani (FR/SI),0,1,0
Ezreal/Master Yi/Seraphine (IO/PZ),Master Yi/Norra (BC/IO),0,1,0
Aphelios/Janna (MT/PZ),Fizz/Nami (BW/MT),0,1,0
Evelynn/Norra (BC/RU),Miss Fortune/Twisted Fate (BW/NX),0,1,0
Ashe/Janna (FR/PZ),Ashe/Sejuani (FR/SI),0,1,0
Gwen/Quinn (DE/SI),Nilah/Twisted Fate (BW/PZ),0,1,0
Akshan/Nami (BW/SH),Gwen/Quinn (DE/SI),0,1,0
Ezreal/Master Yi/Seraphine (IO/PZ),Kalista (SI),0,1,0
Gwen/Irelia (IO/SI),Aphelios/Janna (MT/PZ),0,1,0
Gwen/Vayne (DE/SI),Fizz/Nami (BW/MT),0,1,0
Nilah/Twisted Fate (BW/PZ),Elise/Nocturne (NX/SI),0,1,0
Nocturne (SI),Nilah/Twisted Fate (BW/PZ),0,1,0
Akshan/Katarina (NX/SH),LeBlanc/Udyr (FR/NX),0,1,0
Gwen/Katarina (NX/SI),Janna/Nilah (BW/PZ),0,1,0
Hecarim/Lucian (DE/SI),Ezreal/Seraphine (IO/PZ),0,1,0
Hecarim/Lucian (DE/SI),Norra (BC/BW),0,1,0
Gwen/Katarina (NX/SI),Hecarim/Lucian (DE/SI),0,1,0
Fizz/Nami (BW/MT),Norra (BC/BW),0,1,0
Janna (PZ/SI),Master Yi/Nami (BW/IO),0,1,0
Ezreal/Seraphine (BC/PZ),Garen/Udyr (DE/FR),0,1,0
Ezreal/Seraphine (BC/PZ),Gwen/Katarina (NX/SI),0,1,0
Aphelios/Zoe (IO/MT),Gwen/Katarina (NX/SI),0,1,0
Master Yi/Zoe (IO/MT),Gwen/Katarina (NX/SI),0,1,0
Gnar/Nidalee (BC/SH),Ezreal/Seraphine (BC/PZ),0,1,0
Fiora (DE/SH),Akshan/Master Yi (IO/SH),0,1,0
Darius/Gnar (FR/NX),Norra (BC/BW),0,1,0
Zoe (IO/MT),Gnar/Nidalee (BC/SH),0,1,0
Zed/Zoe (IO/MT),Ashe/LeBlanc (FR/NX),0,1,0
Fizz/Nami (BW/MT),Akshan/Master Yi (IO/SH),0,1,0
Braum/Pantheon (FR/MT),Ashe/Sejuani (FR/SI),0,1,0
Akshan/Zoe (MT/SH),Championless (PZ/SI),0,1,0
Ashe/Sejuani (FR/SI),Lulu/Zed (DE/IO),0,1,0
Kai'Sa/Zoe (MT/SH),Akshan/Pantheon (MT/SH),0,1,0
Ashe/Sejuani (BW/FR),Fizz/Nami (BW/MT),0,1,0
Janna/Zoe (MT/PZ),Yasuo (IO/MT),0,1,0
Ezreal/Seraphine (BC/PZ),Kai'Sa/Zoe (MT/SH),0,1,0
Ashe/LeBlanc (FR/NX),Norra (BC/BW),0,1,0
Yasuo (IO/MT),Ezreal/Janna (IO/PZ),0,1,0
Master Yi/Samira (IO/NX),Yasuo (IO/MT),0,1,0
Zoe (IO/MT),Gwen/Udyr (FR/SI),0,1,0
Ashe/Sejuani (BW/FR),Nilah/Twisted Fate (BW/PZ),0,1,0
Ashe/Sejuani (FR/SI),Ezreal/Seraphine (IO/PZ),0,1,0
Lux: Illuminated/Pantheon (DE/MT),Ashe/Sejuani (FR/SI),0,1,0
Lux: Illuminated/Pantheon (DE/MT),Nilah/Twisted Fate (BW/PZ),0,1,0
Leona (MT/SH),Ashe (FR/PZ),0,1,0
Draven/Zoe (MT/NX),Ezreal/Janna (MT/PZ),0,1,0
Yasuo (IO/MT),Ashe/Sejuani (FR/SI),0,1,0
Aphelios/Zoe (MT/SH),Ashe/Sejuani (FR/SI),0,1,0
Ashe/Sejuani (FR/SI),Kai'Sa/Zoe (MT/SH),0,1,0
Norra/Teemo (BC/PZ),Kalista/Nocturne (SI),0,1,0
Sejuani/Yasuo (FR/IO),Ezreal (PZ/SI),0,1,0
Akshan/Ashe (FR/SH),Swain/Twisted Fate (BW/NX),0,1,0
Sivir (SI/SH),Braum/Zoe (FR/MT),0,1,0
Akshan/Nami (BW/SH),Gnar/Neeko (FR/RU),0,1,0
Katarina/Zed (IO/NX),Katarina/Yasuo (IO/NX),0,1,0
Kai'Sa/Pantheon (MT/SH),Fiora/Udyr (DE/FR),0,1,0
Jinx (PZ/SI),Akshan/Nami (BW/SH),0,1,0
Sejuani/Swain (FR/NX),Ashe/Pantheon (FR/MT),0,1,0
Ashe/Pantheon (FR/MT),Irelia/Udyr (FR/IO),0,1,0
Ezreal/Seraphine (NX/PZ),Miss Fortune/Quinn (BW/DE),0,1,0
Ahri/Katarina (IO/NX),Annie/Twisted Fate (BW/NX),0,1,0
Katarina/Zed (IO/NX),Ezreal/Seraphine (BC/PZ),0,1,0
Jinx (PZ/SI),Akshan/Pantheon (MT/SH),0,1,0
Aphelios/Zoe (FR/MT),Ashe/Zoe (FR/MT),0,1,0
Aphelios/Zoe (IO/MT),Ashe/Zoe (FR/MT),0,1,0
Ezreal/Seraphine (PZ/SI),Irelia/Udyr (FR/IO),0,1,0
Sejuani/Swain (FR/NX),Irelia/Udyr (FR/IO),0,1,0
Annie/Twisted Fate (BW/NX),Sejuani/Swain (FR/NX),0,1,0
Kai'Sa/Pantheon (MT/SH),Ezreal/Seraphine (NX/PZ),0,1,0
Ezreal/Janna (MT/PZ),Akshan/Sivir (DE/SH),0,1,0
Ahri/Katarina (IO/NX),Draven/Jinx (NX/PZ),0,1,0
Irelia/Udyr (FR/IO),Aphelios/Zoe (IO/MT),0,1,0
Akshan/Pantheon (MT/SH),Diana/Nami (BW/MT),0,1,0
Gwen/Katarina (NX/SI),Ahri/Katarina (IO/NX),0,1,0
Ahri/Katarina (IO/NX),Ezreal (PZ/SI),0,1,0
Nilah/Twisted Fate (BW/PZ),Ahri/Katarina (IO/NX),0,1,0
Irelia/Udyr (FR/IO),Ezreal/Seraphine (NX/PZ),0,1,0
Sejuani/Yasuo (FR/IO),Gwen/LeBlanc (NX/SI),0,1,0
Sejuani/Swain (FR/NX),Kai'Sa/Pantheon (MT/SH),0,1,0
Leona/Yasuo (IO/MT),Ezreal/Seraphine (NX/PZ),0,1,0
Ezreal/Seraphine (NX/PZ),Nilah/Twisted Fate (BW/PZ),0,1,0
Ezreal/Janna (MT/PZ),Ezreal/Seraphine (BC/PZ),0,1,0
Caitlyn/Jinx (FR/PZ),Caitlyn/Swain (NX/PZ),0,1,0
Zoe (IO/MT),Teemo/Tristana (BC/PZ),0,1,0
Zoe (IO/MT),Akshan/Pantheon (MT/SH),0,1,0
Darius/Garen (DE/NX),Akshan/Pantheon (MT/SH),0,1,0
Leona/Zoe (DE/MT),Sejuani/Swain (FR/NX),0,1,0
Akshan/Zoe (MT/SH),Leona/Zoe (DE/MT),0,1,0
Leona/Zoe (DE/MT),LeBlanc/Sivir (NX/SH),0,1,0
Ashe/Zoe (FR/MT),Diana/Nami (BW/MT),0,1,0
Diana/Nami (BW/MT),Akshan/Master Yi (IO/SH),0,1,0
Ashe/Lissandra (FR/SH),Neeko/Renekton (RU/SH),0,1,0
Ashe/Lissandra (FR/SH),Gnar/Neeko (FR/RU),0,1,0
Akshan/Zoe (MT/SH),Lux: Illuminated (DE/MT),0,1,0
Braum/Zoe (FR/MT),Lux: Illuminated (DE/MT),0,1,0
LeBlanc/Sivir (NX/SH),Ashe/Braum (FR/PZ),0,1,0
Fiora (DE/SH),Akshan/Zoe (MT/SH),0,1,0
Kai'Sa/Pantheon (MT/SH),Teemo/Tristana (BC/PZ),0,1,0
Norra/Teemo (BC/PZ),Irelia/Udyr (FR/IO),0,1,0
Caitlyn/Norra (BC/PZ),Ashe/Zoe (FR/MT),0,1,0
Miss Fortune (BW/FR),Ashe/LeBlanc (FR/NX),0,1,0
Ashe/Lissandra (FR/SH),Master Yi/Yasuo (IO/MT),0,1,0
Ashe (FR/PZ),Ashe/Braum (FR),0,1,0
Kai'Sa/Pantheon (MT/SH),Ashe/Lissandra (FR/SH),0,1,0
Hecarim/Zed (IO/SI),Ezreal/Janna (PZ/SI),0,1,0
Irelia/Udyr (FR/IO),Udyr/Zed (FR/IO),0,1,0
Ezreal/Janna (IO/PZ),Ezreal/Seraphine (IO/PZ),0,1,0
Akshan/Zoe (MT/SH),Darius/Gnar (FR/NX),0,1,0
Evelynn/Norra (BC/RU),Championless (BW/MT),0,1,0
Evelynn/Norra (BC/RU),Ezreal/Twisted Fate (BW/PZ),0,1,0
Sejuani/Yasuo (FR/IO),Garen/Quinn (DE),0,1,0
Aphelios/Zoe (MT/SH),Ezreal (PZ/SI),0,1,0
Darius/Gnar (FR/NX),Ashe/Lissandra (FR/SH),0,1,0
Janna/Twisted Fate (BW/PZ),Garen/Quinn (DE),0,1,0
Darius/Gnar (FR/NX),Garen/Quinn (DE),0,1,0
Ashe (FR/PZ),Yasuo (IO/MT),0,1,0
Udyr/Zoe (FR/MT),Fiora (DE/SH),0,1,0
Championless (BW/MT),Caitlyn/Jinx (FR/PZ),0,1,0
Caitlyn/Jinx (FR/PZ),Championless (PZ/SI),0,1,0
Yasuo (IO/MT),Championless (PZ/SI),0,1,0
Sivir (SI/SH),Norra/Zoe (BC/MT),0,1,0
Norra/Teemo (BC/PZ),Norra/Zoe (BC/MT),0,1,0
Akshan/Pantheon (MT/SH),Ekko/Ezreal (PZ/SI),0,1,0
Sivir (SI/SH),Akshan/Sivir (MT/SH),0,1,0
Yasuo (IO/MT),Ekko/Ezreal (PZ/SI),0,1,0
Akshan/Fiora (DE/SH),Akshan/Sivir (MT/SH),0,1,0
Nami/Zoe (BW/MT),Akshan/Fiora (DE/SH),0,1,0
Fiora/Udyr (DE/FR),Fiora (DE/SH),0,1,0
Fiora/Udyr (DE/FR),Nocturne (SI),0,1,0
Championless (BW/MT),Fiora/Udyr (DE/FR),0,1,0
Ezreal/Twisted Fate (BW/PZ),Bard/Caitlyn (RU/PZ),0,1,0
Yasuo (IO/MT),Ezreal/Seraphine (BC/PZ),0,1,0
Nocturne (SI),Bard/Caitlyn (RU/PZ),0,1,0
Nami/Zoe (BW/MT),Ezreal/Seraphine (PZ/SI),0,1,0
Garen/Udyr (DE/FR),Nocturne (SI),0,1,0
Ashe (FR/PZ),Ezreal/Seraphine (NX/PZ),0,1,0
Akshan/Kai'Sa/Pantheon (MT/SH),Master Yi/Zoe (IO/MT),0,1,0
Championless (BW/MT),Akshan/Master Yi (IO/SH),0,1,0
Fizz/Master Yi (BW/IO),Ezreal/Janna (IO/PZ),0,1,0
Championless (SI/SH),Ezreal/Janna (IO/PZ),0,1,0
Braum/Zoe (FR/MT),Fizz/Nidalee (BC/SH),0,1,0
Championless (PZ/SI),Akshan/Sivir (MT/SH),0,1,0
Gwen/Vayne (DE/SI),Ezreal/Seraphine (IO/PZ),0,1,0
Norra/Teemo (BC/PZ),Ashe/Zoe (FR/MT),0,1,0
Ashe/Zoe (FR/MT),Kalista (SI),0,1,0
Norra/Teemo (BC/PZ),Braum (FR/MT),0,1,0
Bard/Caitlyn (RU/PZ),Ezreal/Seraphine (NX/PZ),0,1,0
Braum/Zoe (FR/MT),Fizz/Master Yi (BW/IO),0,1,0
Gwen/Vayne (DE/SI),Fizz/Master Yi (BW/IO),0,1,0
Lulu/Zed (DE/IO),Garen/Norra (BC/DE),0,1,0
Ashe/Renekton (FR/SH),LeBlanc (FR/NX),0,1,0
Master Yi/Zoe (IO/MT),Akshan/Pantheon (MT/SH),0,1,0
Janna/Nilah (BW/PZ),Championless (BW/MT),0,1,0
Ezreal/Seraphine (NX/PZ),Elise/Nocturne (SI/SH),0,1,0
Championless (MT/SI),Ezreal/Seraphine (NX/PZ),0,1,0
Akshan/Pantheon (MT/SH),Draven/Jinx (NX/PZ),0,1,0
Ashe/LeBlanc (FR/NX),Fizz/Nidalee (BC/SH),0,1,0
Fiora/Shen (DE/IO),Ezreal/Seraphine (NX/PZ),0,1,0
Garen/Lucian (DE/FR),Braum/Zoe (FR/MT),0,1,0
Master Yi/Zoe (IO/MT),Garen/Lucian (DE/FR),0,1,0
Gwen/Udyr (FR/SI),Garen (DE/FR),0,1,0
Fiora (DE/SH),Garen/Lucian (DE/FR),0,1,0
Kalista (SI),Fizz/Nami (BW/MT),0,1,0
Norra/Teemo (BC/PZ),Ezreal/Seraphine (PZ/SI),0,1,0
Ezreal/Seraphine (BC/PZ),Garen/Lucian (DE/FR),0,1,0
Ekko/Ezreal (PZ/SI),Sivir (SI/SH),0,1,0
Ekko/Ezreal (PZ/SI),Neeko/Renekton (RU/SH),0,1,0
Fizz/Master Yi (BW/IO),Norra/Zoe (BC/MT),0,1,0
Ezreal (PZ/SI),Fizz/Master Yi (BW/IO),0,1,0
Elise/Ezreal (PZ/SI),Ekko/Ezreal (PZ/SI),0,1,0
Sivir (SI/SH),Fizz/Master Yi (BW/IO),0,1,0
Ezreal/Janna (PZ/SI),Ezreal (PZ/SI),0,1,0
Ezreal/Seraphine (PZ/SI),Ezreal (PZ/SI),0,1,0
Akshan/Kai'Sa (DE/SH),Ezreal/Seraphine (PZ/SI),0,1,0
Norra/Zoe (BC/MT),Miss Fortune/Quinn (BW/DE),0,1,0
Aphelios/Zoe (IO/MT),Akshan/Pantheon (MT/SH),0,1,0
Ezreal/Janna (PZ/SI),Ekko (PZ/SI),0,1,0
Ezreal (PZ/SI),Akshan/Udyr (FR/SH),0,1,0
Ekko (PZ/SI),Akshan/Master Yi (IO/SH),0,1,0
Ezreal/Twisted Fate (BW/PZ),Annie/Ezreal/Swain (NX/PZ),0,1,0
Yasuo (IO/MT),Caitlyn/Swain (NX/PZ),0,1,0
Darius/Gwen (NX/SI),Master Yi/Quinn (DE/IO),0,1,0
Akshan/Pantheon (MT/SH),Janna/Nilah (BW/PZ),0,1,0
Ashe/Caitlyn (FR/PZ),Akshan/Nilah (BW/SH),0,1,0
Ezreal/Janna (PZ/SI),Akshan/Pantheon (MT/SH),0,1,0
Caitlyn/Kalista (PZ/SI),Nilah/Twisted Fate (BW/PZ),0,1,0
Master Yi/Quinn (DE/IO),Nilah/Twisted Fate (BW/PZ),0,1,0
Darius/Gnar (FR/NX),Fiora (DE/SH),0,1,0
Kai'Sa/Pantheon (MT/SH),Akshan/Master Yi (IO/SH),0,1,0
Bard/Caitlyn (RU/PZ),Braum (FR/NX),0,1,0
Hecarim/Zed (IO/SI),Miss Fortune/Quinn (BW/DE),0,1,0
Ezreal (PZ/SI),Fizz/Samira (BW/NX),0,1,0
Darius/Gnar (FR/NX),Ekko (PZ/SI),0,1,0
Vayne/Zed (DE/IO),Ashe/Sejuani (FR/SI),0,1,0
Vayne/Zed (DE/IO),Aphelios/Zoe (MT/SH),0,1,0
Elise/Nocturne (NX/SI),Vayne/Zed (DE/IO),0,1,0
Aphelios/Zoe (MT/SH),Hecarim/Zed (IO/SI),0,1,0
Elise/Nocturne (NX/SI),Darius/Gnar (FR/NX),0,1,0
Darius/Gnar (FR/NX),Aphelios/Zoe (MT/SH),0,1,0
Ezreal/Seraphine (IO/PZ),Aphelios/Zoe (MT/SH),0,1,0
Ezreal/Janna (PZ/SI),Ashe/LeBlanc (FR/NX),0,1,0
Aphelios/Zoe (MT/SH),Miss Fortune/Quinn (BW/DE),0,1,0
Braum (FR/MT),Akshan/Sivir (DE/SH),0,1,0
Akshan/Master Yi (IO/SH),Braum (FR/MT),0,1,0
Braum (FR/MT),Garen/Udyr (DE/FR),0,1,0
Lucian/Zed (DE/IO),Championless (SI),0,1,0
Annie/Ezreal/Swain (NX/PZ),Nilah/Twisted Fate (BW/PZ),0,1,0
Gnar/Nidalee (BC/SH),Akshan/Sivir (NX/SH),0,1,0
Ekko/Ezreal (FR/PZ),Kai'Sa/Pantheon (MT/SH),0,1,0
Ahri/Kennen (BC/IO),Ezreal (FR/PZ),0,1,0
Udyr/Zed (FR/IO),Ahri/Kennen (BC/IO),0,1,0
Ekko (PZ/SI),Leona/Yasuo (IO/MT),0,1,0
Yasuo (IO/MT),Nilah/Twisted Fate (BW/PZ),0,1,0
Ahri/Kennen (BC/IO),Miss Fortune (BW/DE),0,1,0
Nilah/Twisted Fate (BW/PZ),Darius/Garen (DE/NX),0,1,0
LeBlanc/Sejuani (FR/NX),Akshan/Sivir (NX/SH),0,1,0
Bard/Caitlyn (RU/PZ),Fizz (BW/FR),0,1,0
Sivir/Zoe (MT/SH),Bard/Caitlyn (RU/PZ),0,1,0
Aphelios/Zoe (MT/SH),Bard/Caitlyn (RU/PZ),0,1,0
Sivir/Zoe (MT/SH),Braum/Zoe (FR/MT),0,1,0
Sivir/Zoe (MT/SH),Championless (SI),0,1,0
Braum/Zoe (FR/MT),Aphelios/Zoe (MT/SH),0,1,0
Ezreal/Janna (PZ/SI),Kalista (SI),0,1,0
Akshan/Kai'Sa/Pantheon (MT/SH),Akshan/Pantheon (MT/SH),0,1,0
Kalista (SI),Elise/Nocturne (SI),0,1,0
Annie/Twisted Fate (BW/NX),Akshan/Sivir (DE/SH),0,1,0
Fiora (DE/SH),Kai'Sa/Zoe (MT/SH),0,1,0
Bard/Caitlyn (RU/PZ),Akshan/Sivir (DE/SH),0,1,0
Kai'Sa/Zoe (MT/SH),Bard/Caitlyn (RU/PZ),0,1,0
Kai'Sa/Zed (IO/SH),Nilah/Twisted Fate (BW/PZ),0,1,0
Ekko (PZ/SI),Bard/Caitlyn (RU/PZ),0,1,0
Akshan/Sivir (NX/SH),Katarina/LeBlanc (FR/NX),0,1,0
Draven/Katarina (FR/NX),Ezreal (PZ/SI),0,1,0
Ezreal (PZ/SI),Caitlyn/Teemo (BC/PZ),0,1,0
Akshan/Fiora (DE/SH),Teemo/Zoe (MT/PZ),0,1,0
Caitlyn/Jinx (FR/PZ),Garen/Udyr (DE/FR),0,1,0
Akshan/Sivir (NX/SH),Ashe/Caitlyn (FR/PZ),0,1,0
Caitlyn/Jinx (FR/PZ),Fizz/Samira (BW/NX),0,1,0
Garen/Udyr (DE/FR),Ashe/Janna (FR/PZ),0,1,0
Caitlyn/Teemo (BC/PZ),Teemo/Zoe (MT/PZ),0,1,0
Teemo/Tristana (BC/PZ),Akshan/Master Yi (IO/SH),0,1,0
Teemo/Tristana (BC/PZ),Akshan/Pantheon (MT/SH),0,1,0
Akshan/Lux: Illuminated (DE/SH),Darius/Gnar (FR/NX),0,1,0
Norra/Tristana (BC/NX),Darius/Gnar (FR/NX),0,1,0
Draven/Katarina (FR/NX),Braum/Zoe (FR/MT),0,1,0
Teemo/Zoe (MT/PZ),Garen/Udyr (DE/FR),0,1,0
Teemo/Zoe (MT/PZ),Fizz/Master Yi (BW/IO),0,1,0
Fizz/Master Yi (BW/IO),Janna/Twisted Fate (BW/PZ),0,1,0
Caitlyn (PZ/SI),Gwen/Katarina (NX/SI),0,1,0
Ekko (PZ/SI),Ezreal (PZ/SI),0,1,0
Akshan/Sivir (NX/SH),LeBlanc (FR/NX),0,1,0
Championless (DE/MT),Leona/Yasuo (IO/MT),0,1,0
Ashe/Fizz (BC/FR),Caitlyn/Jinx (FR/PZ),0,1,0
Fizz/Master Yi (BW/IO),Ashe (FR/PZ),0,1,0
Yasuo/Zoe (IO/MT),Janna/Twisted Fate (BW/PZ),0,1,0
Sivir (SI/SH),Akshan/Sivir (DE/SH),0,1,0
Yasuo/Zoe (IO/MT),Braum/Zoe (FR/MT),0,1,0
Garen (DE/SH),Kalista (SI),0,1,0
Ezreal/Janna (PZ/SI),Garen (DE/SH),0,1,0
Jinx/Norra (BC/PZ),Ezreal (FR/PZ),0,1,0
Janna/Twisted Fate (BW/PZ),Ekko (PZ/SI),0,1,0
Garen/Udyr (DE/FR),Akshan/Lissandra/Udyr (FR/SH),0,1,0
Caitlyn (PZ/SI),Akshan/Master Yi (IO/SH),0,1,0
Ekko (PZ/SI),Yasuo/Zoe (IO/MT),0,1,0
Kalista (SI),Yasuo/Zoe (IO/MT),0,1,0
Akshan/Lissandra/Udyr (FR/SH),Yasuo/Zoe (IO/MT),0,1,0
Draven/Katarina (FR/NX),Akshan/Lissandra/Udyr (FR/SH),0,1,0
Master Yi/Zoe (IO/MT),Akshan/Sivir (DE/SH),0,1,0
Ashe/Udyr (DE/FR),Master Yi/Zoe (IO/MT),0,1,0
Nilah/Twisted Fate (BW/PZ),Ekko (PZ/SI),0,1,0
Nilah/Twisted Fate (BW/PZ),Ashe/Udyr (DE/FR),0,1,0
Master Yi/Zoe (IO/MT),Norra/Zoe (BC/MT),0,1,0
Ahri/Kennen (BC/IO),Braum/Zoe (FR/MT),0,1,0
Katarina/Yasuo (IO/NX),Udyr/Zed (FR/IO),0,1,0
Aphelios/Master Yi (IO/MT),Championless (SI),0,1,0
Ekko/Master Yi (IO/PZ),Akshan/Sivir (DE/SH),0,1,0
Leona/Yasuo (IO/MT),Akshan/Sivir (NX/SH),0,1,0
Annie/Gwen (NX/SI),Ashe/Sejuani (FR/SI),0,1,0
Gwen/Udyr (FR/SI),Ashe/Sejuani (FR/SI),0,1,0
Janna (PZ/SI),Akshan/Sivir (DE/SH),0,1,0
Ezreal (FR/PZ),Ezreal (PZ/SI),0,1,0
Ezreal (PZ/SI),Ashe/Sejuani (FR/SI),0,1,0
Akshan/Janna (PZ/SH),Akshan/Sivir (DE/SH),0,1,0
Ekko/Norra (BC/PZ),Akshan/Udyr (FR/SH),0,1,0
Garen/Udyr (DE/FR),Fizz/Udyr (BW/FR),0,1,0
Aphelios/Zoe (BC/MT),Sivir (SI/SH),0,1,0
Ashe/Renekton (FR/SH),Gwen (NX/SI),0,1,0
Garen/Udyr (DE/FR),Ashe/Renekton (FR/SH),0,1,0
Garen/Udyr (DE/FR),Braum/Shen (FR/IO),0,1,0
Norra (BC/IO),Championless (SI),0,1,0
Gnar/Neeko (FR/RU),Akshan/Samira (NX/SH),0,1,0
Lulu/Zed (DE/IO),Akshan/Sivir (DE/SH),0,1,0
Janna (PZ/SI),Caitlyn/Draven (NX/PZ),0,1,0
Akshan/Sivir (NX/SH),Ashe/Renekton (FR/SH),0,1,0
Aphelios/Zoe (BC/MT),Ashe/Renekton (FR/SH),0,1,0
Ashe (FR/SI),LeBlanc/Sivir (NX/SH),0,1,0
Garen/Udyr (DE/FR),Ezreal/Janna (IO/PZ),0,1,0
Ashe/Renekton (FR/SH),Lux: Illuminated (DE/MT),0,1,0
Akshan/Sivir (NX/SH),Aphelios/Zoe (BC/MT),0,1,0
Ashe/Renekton (FR/SH),Ashe/LeBlanc (FR/NX),0,1,0
Samira/Udyr (FR/NX),Garen/Udyr (DE/FR),0,1,0
Samira/Udyr (FR/NX),Udyr/Vayne (DE/FR),0,1,0
Sivir/Udyr (FR/SH),Leona/Yasuo (IO/MT),0,1,0
Ashe/Renekton (FR/SH),Nilah/Twisted Fate (BW/PZ),0,1,0
Ashe/Renekton (FR/SH),Ashe/Janna (FR/PZ),0,1,0
Ashe (FR/SI),Sivir (SI/SH),0,1,0
Braum (FR/IO),Janna/Nilah (BW/PZ),0,1,0
Caitlyn/Teemo (BC/PZ),Sivir/Vayne (DE/SH),0,1,0
Braum/Darius (FR/NX),Gnar/LeBlanc (FR/NX),0,1,0
Braum/Master Yi (FR/IO),Ezreal/Seraphine (PZ/SI),0,1,0
Akshan/Sivir (NX/SH),Swain/Yasuo (IO/NX),0,1,0
Gnar/Norra (BC/SH),Garen/Udyr (DE/FR),0,1,0
Janna/Nilah (BW/PZ),Katarina/Vayne (DE/NX),0,1,0
Janna/Nilah (BW/PZ),Miss Fortune/Zoe (BW/MT),0,1,0
Braum/Gnar (BC/FR),Pantheon/Udyr (FR/MT),0,1,0
Braum/Gnar (BC/FR),Ashe (FR/PZ),0,1,0
Championless (DE/SI),Seraphine/Zoe (MT/PZ),0,1,0
Caitlyn/Swain (NX/PZ),Hecarim (SI),0,1,0
Garen (DE/SH),Janna (FR/PZ),0,1,0
Fizz/Samira (BW/NX),Championless (PZ/SI),0,1,0
Caitlyn/Teemo (BC/PZ),Fiora/Udyr (DE/FR),0,1,0
Championless (BW/MT),Ezreal/Nilah/Twisted Fate (BW/PZ),0,1,0
Gwen/Kalista (DE/SI),Braum/Zoe (FR/MT),0,1,0
Diana/Zoe (FR/MT),Darius/Gnar (FR/NX),0,1,0
Nilah/Twisted Fate (BW/PZ),Caitlyn/Teemo (BW/PZ),0,1,0
Caitlyn/Swain (NX/PZ),Janna (FR/PZ),0,1,0
Ekko (PZ/SH),Caitlyn/Swain (NX/PZ),0,1,0
Caitlyn/Teemo (BC/PZ),Master Yi/Pantheon (IO/MT),0,1,0
Samira/Twisted Fate (BW/NX),Master Yi/Pantheon (IO/MT),0,1,0
Championless (BC/SI),Master Yi/Pantheon (IO/MT),0,1,0
Swain/Yasuo (IO/NX),Ezreal/Nilah (BW/PZ),0,1,0
Swain/Yasuo (IO/NX),Norra/Teemo (BC/PZ),0,1,0
Bard/Norra (BC/RU),Championless (FR/MT),0,1,0
Ashe/Caitlyn (FR/PZ),Championless (FR/MT),0,1,0
Championless (FR/MT),Championless (SI),0,1,0
Championless (FR/MT),Garen/Neeko (DE/RU),0,1,0
Caitlyn/Teemo (BC/PZ),Ashe/Caitlyn (FR/PZ),0,1,0
Braum/Gnar (FR/IO),Neeko/Nidalee (RU/SH),0,1,0
Akshan/Zed (IO/SH),Ashe/Sejuani (FR),0,1,0
Kalista (PZ/SI),Akshan/Master Yi (IO/SH),0,1,0
Annie/Samira (FR/NX),Darius/Gnar (FR/NX),0,1,0
Championless (PZ/SI),Darius/Swain (NX/SI),0,1,0
Akshan/Ekko (PZ/SH),LeBlanc/Udyr (FR/NX),0,1,0
Miss Fortune/Zoe (BW/MT),LeBlanc/Udyr (FR/NX),0,1,0
Ezreal/Nilah/Twisted Fate (BW/PZ),Akshan/Nidalee (BC/SH),0,1,0
Hecarim/Nocturne (NX/SI),Sejuani/Swain (FR/NX),0,1,0
Gnar/Tristana (BC/BW),Swain/Twisted Fate (BW/NX),0,1,0
Aphelios/Nami (BW/MT),Gwen/Kalista (NX/SI),0,1,0
Championless (PZ/SI),Gwen/Kalista (NX/SI),0,1,0
Gwen/Kalista (NX/SI),Kalista (SI),0,1,0
Gwen/Kalista (NX/SI),Katarina (NX/PZ),0,1,0
Quinn/Vayne (DE/PZ),Gwen/Kalista (NX/SI),0,1,0
Swain/Yasuo (IO/NX),Gwen/Kalista (NX/SI),0,1,0
Braum/Udyr (FR/MT),Norra (BC/SI),0,1,0
Norra (BC/SI),Akshan/Samira (NX/SH),0,1,0
Norra (BC/PZ),Kalista (SI),0,1,0
Ashe/LeBlanc (FR/NX),Norra (BC/PZ),0,1,0
Norra (BC/PZ),Master Yi/Zoe (IO/MT),0,1,0
Vayne/Zed (DE/IO),Ashe/LeBlanc (FR/NX),0,1,0
Diana/Nidalee (MT/SH),Championless (PZ/SI),0,1,0
Vayne/Zed (DE/IO),Darius/Gwen (NX/SI),0,1,0
Kalista (SI),Ashe/Janna (FR/PZ),0,1,0
Janna/Nilah (BW/PZ),Championless (BC/SI),0,1,0
Samira/Teemo (NX/PZ),Ezreal/Nilah (BW/PZ),0,1,0
Leona/Yasuo (IO/MT),Samira/Teemo (NX/PZ),0,1,0
LeBlanc/Sivir (NX/SH),Braum (DE/FR),0,1,0
Leona/Yasuo (IO/MT),Lulu/Shen (DE/IO),0,1,0
Leona/Yasuo (IO/MT),Darius/Kalista (NX/SI),0,1,0
Darius/LeBlanc/Zed (IO/NX),Leona/Yasuo (IO/MT),0,1,0
Darius/Gnar (FR/NX),Draven/Pantheon (MT/NX),0,1,0
Gwen/Kalista (NX/SI),Miss Fortune (BW/MT),0,1,0
Akshan/Ekko (PZ/SH),Master Yi/Zoe (IO/MT),0,1,0
Championless (BC/SI),Janna (IO/PZ),0,1,0
Ashe/Zoe (FR/MT),Ashe/LeBlanc (FR/NX),0,1,0
Braum/Garen (DE/FR),Championless (PZ/SI),0,1,0
Bard/Zed (RU/IO),Fiora (DE/SH),0,1,0
Fiora/Udyr (DE/FR),Kai'Sa/Sivir (NX/SH),0,1,0
Fiora/Udyr (DE/FR),LeBlanc/Udyr (FR/NX),0,1,0
Lulu/Shen (IO/MT),Hecarim/Kalista (SI),0,1,0
Championless (PZ/SI),Hecarim/Kalista (SI),0,1,0
Championless (FR/MT),Garen (DE),0,1,0
Ashe (FR/PZ),Championless (FR/MT),0,1,0
Nilah/Twisted Fate (BW/PZ),Gwen/Kalista (DE/SI),0,1,0
Championless (BC/SI),Championless (PZ/SI),0,1,0
Championless (BC/SI),LeBlanc/Sivir (NX/SH),0,1,0
Hecarim (SI),Nilah/Twisted Fate (BW/PZ),0,1,0
Kennen/Neeko (IO/RU),Nilah/Twisted Fate (BW/PZ),0,1,0
Tristana (BC/DE),Nilah/Twisted Fate (BW/PZ),0,1,0
Ezreal/Nilah/Twisted Fate (BW/PZ),Nilah/Twisted Fate (BW/PZ),0,1,0
Pantheon/Udyr (FR/MT),Championless (BW/NX),0,1,0
Gwen/Vayne (DE/SI),Championless (BW/NX),0,1,0
Tristana (BC/DE),Hecarim/Kalista (IO/SI),0,1,0
Ashe/LeBlanc (FR/NX),Hecarim/Kalista (IO/SI),0,1,0
Jhin/Yasuo (IO/RU),Hecarim/Kalista (IO/SI),0,1,0
Ezreal/Swain (NX/PZ),Ashe (FR/PZ),0,1,0
LeBlanc/Udyr (FR/NX),Championless (SI/SH),0,1,0
Braum/Udyr (DE/FR),Akshan/Samira (NX/SH),0,1,0
Braum/Udyr (DE/FR),Swain/Yasuo (IO/NX),0,1,0
Braum/Udyr (DE/FR),Championless (PZ/SI),0,1,0
Akshan/Sivir (PZ/SH),Darius/Gwen (NX/SI),0,1,0
Katarina/Swain (DE/NX),Master Yi/Udyr (FR/IO),0,1,0
Kalista/Norra (BC/SI),Master Yi/Udyr (FR/IO),0,1,0
Master Yi/Udyr (FR/IO),Gwen/LeBlanc (NX/SI),0,1,0
Fizz/Zoe (BW/MT),Master Yi/Udyr (FR/IO),0,1,0
Ashe/Jinx (FR/PZ),Braum/Gnar (FR/MT),0,1,0
Ezreal/Janna/Nilah (BW/PZ),Championless (BC/SI),0,1,0
Championless (MT/SI),Lux: Illuminated/Zoe (DE/MT),0,1,0
Master Yi/Zoe (IO/MT),Lux: Illuminated/Zoe (DE/MT),0,1,0
Annie/Braum (FR/NX),Championless (PZ/SI),0,1,0
Darius/Gwen (NX/SI),Ezreal/Nilah/Twisted Fate (BW/PZ),0,1,0
Ashe/Sejuani (FR/NX),Nilah/Twisted Fate (BW/PZ),0,1,0
Gnar/Renekton (FR/SH),Championless (SI),0,1,0
Annie/Swain (NX/PZ),Hecarim (SI),0,1,0
Annie/Swain (NX/PZ),Samira/Twisted Fate (BW/NX),0,1,0
Kennen (IO/PZ),Annie/Swain (NX/PZ),0,1,0
Kalista (SI/SH),Akshan/LeBlanc (NX/SH),0,1,0
Kalista (SI),Nidalee (BC/SH),0,1,0
Nidalee (BC/SH),Braum/Gnar (FR/MT),0,1,0
Kalista/Lucian (DE/SI),Ezreal/Seraphine (IO/PZ),0,1,0
Ezreal/Seraphine (IO/PZ),Tristana (BC/DE),0,1,0
Championless (MT/SI),Norra (BC/SI),0,1,0
Katarina/Samira (NX/PZ),Norra (BC/SI),0,1,0
Akshan/Garen (DE/SH),Norra (BC/SI),0,1,0
Hecarim (SI),Janna/Twisted Fate (BW/PZ),0,1,0
Janna/Twisted Fate (BW/PZ),Darius/Kalista (NX/SI),0,1,0
Evelynn/Kai'Sa (RU/SH),Darius/Yasuo (IO/NX),0,1,0
Zoe (FR/MT),Fizz/Samira (BW/NX),0,1,0
Fizz/Samira (BW/NX),Katarina/Yasuo (IO/NX),0,1,0
Fizz/Samira (BW/NX),Kennen/Neeko (IO/RU),0,1,0
Nami/Nilah (BW/IO),Fizz/Samira (BW/NX),0,1,0
Gnar/Neeko (FR/RU),Gnar/Tristana (BC/BW),0,1,0
Championless (PZ/SI),Akshan/Sivir (NX/SH),0,1,0
Akshan/Sivir (NX/SH),Ashe/Sejuani (FR/PZ),0,1,0
Master Yi/Twisted Fate (BW/IO),Championless (PZ/SI),0,1,0
Braum/Darius (FR/NX),Championless (PZ/SI),0,1,0
Janna/Nilah (BW/PZ),Gnar/Tristana (BC/BW),0,1,0
Garen/Lux: Illuminated (DE/FR),Janna/Nilah/Twisted Fate (BW/PZ),0,1,0
Lux: Illuminated/Shen (DE/IO),Kalista (SI),0,1,0
Nami (BW/PZ),Shen/Sivir (IO/SH),0,1,0
Ezreal/Nilah/Twisted Fate (BW/PZ),Darius/Gnar (FR/NX),0,1,0
LeBlanc/Sivir (NX/SH),Shen/Sivir (IO/SH),0,1,0
Nami/Norra (BC/BW),Gnar/Nidalee (BC/SH),0,1,0
Gnar (FR/MT),Ashe/LeBlanc (FR/NX),0,1,0
Gwen/Hecarim/Lucian (DE/SI),Ashe/LeBlanc (FR/NX),0,1,0
Katarina/Swain (DE/NX),Caitlyn/Swain (NX/PZ),0,1,0
Kalista/Lucian (DE/SI),Kalista (SI),0,1,0
Kalista (SI),Darius/Yasuo (IO/NX),0,1,0
Championless (SI),Renekton/Sejuani (FR/SH),0,1,0
Akshan/Master Yi (IO/SH),Garen/Neeko (DE/RU),0,1,0
Darius/Yasuo (IO/NX),Championless (SI),0,1,0
Gnar/LeBlanc (FR/NX),Hecarim (SI),0,1,0
Nilah/Twisted Fate (BW/PZ),Gnar/LeBlanc (FR/NX),0,1,0
Braum/Janna (FR/PZ),Gnar/LeBlanc (FR/NX),0,1,0
Kalista/Norra (BC/SI),Akshan/Master Yi (IO/SH),0,1,0
Ezreal/Nilah (BW/PZ),Akshan/Master Yi (IO/SH),0,1,0
Akshan/Master Yi (IO/SH),Darius/LeBlanc/Zed (IO/NX),0,1,0
Caitlyn/Norra (BC/PZ),Akshan/Master Yi (IO/SH),0,1,0
Akshan/Master Yi (IO/SH),Norra (BC/PZ),0,1,0
Sejuani/Swain (FR/NX),Janna/Zoe (MT/PZ),0,1,0
Kalista/Nocturne (SI),Gwen/Renekton (SI/SH),0,1,0
Master Yi/Zoe (IO/MT),Kalista/Nocturne (SI),0,1,0
Gwen/Renekton (SI/SH),Master Yi/Zoe (IO/MT),0,1,0
Annie/Jhin (RU/NX),Gwen/Renekton (SI/SH),0,1,0
Caitlyn/Janna (BC/PZ),Kalista (SI),0,1,0
Kai'Sa (IO/SH),Ezreal/Seraphine (IO/PZ),0,1,0
Braum/Udyr (FR/MT),Akshan/Pantheon (MT/SH),0,1,0
Elise (SI),Akshan/Pantheon (MT/SH),0,1,0
Caitlyn/Teemo (BC/PZ),Master Yi/Nami (BW/IO),0,1,0
Championless (PZ/SI),LeBlanc/Udyr (FR/NX),0,1,0
LeBlanc/Yasuo (IO/NX),Kalista/Norra (BC/SI),0,1,0
Neeko (RU),Caitlyn/Teemo (BC/PZ),0,1,0
Akshan/Fizz (BC/SH),Samira/Twisted Fate (BW/NX),0,1,0
Championless (BC/BW),Championless (PZ/SI),0,1,0
Akshan/Fizz (BC/SH),Championless (PZ/SI),0,1,0
Championless (BW/SI),Akshan/Pantheon (MT/SH),0,1,0
Akshan/Zoe (MT/SH),Caitlyn/Norra/Teemo (BC/PZ),0,1,0
Akshan/Ekko (PZ/SH),Akshan/Zoe (MT/SH),0,1,0
Ashe/Sejuani (FR/PZ),Nilah/Twisted Fate (BW/PZ),0,1,0
Fizz/Norra (BC),Gnar/LeBlanc (FR/NX),0,1,0
Ashe/LeBlanc (FR/NX),Bard/Fizz (BC/RU),0,1,0
Norra (BC/IO),Kalista/LeBlanc (NX/SI),0,1,0
Norra/Zoe (BC/MT),Bard/Janna (RU/PZ),0,1,0
Gnar/Neeko (FR/RU),Ashe (FR/MT),0,1,0
Nidalee (BC/SH),Gnar/Neeko (FR/RU),0,1,0
Akshan/Samira (NX/SH),Gwen/Kalista (SI),0,1,0
Akshan/Samira (NX/SH),Fizz/Nami (BW/MT),0,1,0
Draven/Pantheon (MT/NX),Akshan/Samira (NX/SH),0,1,0
Fiora/Lux: Illuminated/Shen (DE/IO),Janna/Nilah (BW/PZ),0,1,0
Janna/Nilah (BW/PZ),Ezreal/Nilah (BW/PZ),0,1,0
Gnar/Tristana (BC/BW),Fiora/Shen (DE/IO),0,1,0
Garen (DE/SH),Renekton/Sivir (FR/SH),0,1,0
Kalista/Lucian (DE/SI),Bard/Norra (BC/RU),0,1,0
Lulu/Zed (IO/NX),Swain/Yasuo (IO/NX),0,1,0
Quinn/Vayne (DE/FR),Udyr (FR/MT),0,1,0
Gwen/Kalista (SI),Lulu/Norra (BC/IO),0,1,0
Aphelios/Nami (BW/MT),Aphelios/Zoe (MT/PZ),0,1,0
Bard/Janna (RU/PZ),Lulu/Shen (IO/MT),0,1,0
Fizz/Nami (BC/BW),Bard/Janna (RU/PZ),0,1,0
Bard/Janna (RU/PZ),Braum (BW/FR),0,1,0
Bard/Janna (RU/PZ),Kalista (SI),0,1,0
Aphelios/Bard (RU/MT),Swain/Yasuo (IO/NX),0,1,0
Bard/Janna (RU/PZ),Akshan/Samira (NX/SH),0,1,0
Caitlyn/Teemo (BC/PZ),Aphelios/Bard (RU/MT),0,1,0
Darius/Yasuo (IO/NX),Caitlyn/Janna (BC/PZ),0,1,0
Bard/Janna (RU/PZ),Elise (SI),0,1,0
Nami/Zed (BW/IO),Ekko (PZ/SH),0,1,0
Draven/LeBlanc (FR/NX),Gnar (FR/MT),0,1,0
Braum/Garen/Vayne (DE/FR),Draven/LeBlanc (FR/NX),0,1,0
Akshan/Renekton (FR/SH),Draven/LeBlanc (FR/NX),0,1,0
Gnar/Nidalee (BC/SH),Ezreal/Zoe (MT/PZ),0,1,0
Gnar/Nidalee (BC/SH),Darius/Kalista (NX/SI),0,1,0
Gnar/Nidalee (BC/SH),Caitlyn/Teemo (BC/PZ),0,1,0
Gnar/Nidalee (BC/SH),Hecarim/Kalista (PZ/SI),0,1,0
Akshan/Nidalee (BC/SH),Ashe/LeBlanc (FR/NX),0,1,0
Gnar/Neeko (FR/RU),Yasuo (IO/PZ),0,1,0
Gwen/Nocturne (SI),Yasuo (IO/PZ),0,1,0
Yasuo (IO/PZ),Gnar/Udyr (DE/FR),0,1,0
Yasuo (IO/PZ),Darius/Gnar (FR/NX),0,1,0
Ashe/Caitlyn (FR/PZ),Lulu/Shen (IO/MT),0,1,0
Gwen (IO/SI),Garen/Udyr (DE/FR),0,1,0
Gwen/Kalista (SI/SH),Garen/Udyr (DE/FR),0,1,0
Akshan/Renekton (FR/SH),Janna/Master Yi (IO/PZ),0,1,0
Akshan/Renekton (FR/SH),Caitlyn/Swain (NX/PZ),0,1,0
Aphelios/Nami (BW/MT),Gnar/Janna (BC/PZ),0,1,0
Annie/Jinx (NX/PZ),Ashe/LeBlanc (FR/NX),0,1,0
Janna/Zoe (MT/PZ),Braum/Gnar (FR/MT),0,1,0
Kalista/Lucian (DE/SI),Janna/Zoe (MT/PZ),0,1,0
Lulu/Zed (DE/IO),Janna/Zoe (MT/PZ),0,1,0
Hecarim/Nocturne (NX/SI),Championless (PZ/SI),0,1,0
Darius/LeBlanc/Zed (IO/NX),Championless (SI),0,1,0
Darius/Kalista (NX/SI),Ashe (FR/PZ),0,1,0
Gwen/Miss Fortune (BW/SI),Ashe (FR/PZ),0,1,0
Gwen/Miss Fortune (BW/SI),Janna/Master Yi (IO/PZ),0,1,0
Darius/Gnar (FR/NX),Gwen/Miss Fortune (BW/SI),0,1,0
Braum/Janna (FR/PZ),Gwen/Miss Fortune (BW/SI),0,1,0
Gwen/Miss Fortune (BW/SI),Garen (DE/SI),0,1,0
Gwen/Lucian (DE/SI),Darius/LeBlanc/Zed (IO/NX),0,1,0
Quinn/Vayne/Zed (DE/IO),Gwen/Lucian (DE/SI),0,1,0
Gwen/Lucian (DE/SI),Championless (PZ/SI),0,1,0
Ekko (PZ/SH),Gwen/Lucian (DE/SI),0,1,0
Ekko/Jinx (PZ/SH),Annie/Jhin (RU/NX),0,1,0
Darius/Yasuo (IO/NX),Udyr (FR/MT),0,1,0
Gwen/Kalista (SI),Braum/Zoe (FR/MT),0,1,0
Braum/Udyr (FR),Gwen/Kalista (SI),0,1,0
Jinx/Twisted Fate (BW/PZ),Gwen/Kalista (SI),0,1,0
Darius/Yasuo (IO/NX),Gwen/Kalista (SI),0,1,0
Ahri/Katarina (IO/NX),Darius/Yasuo (IO/NX),0,1,0
Darius/Yasuo (IO/NX),Lulu/Shen (IO/MT),0,1,0
Leona/Yasuo (IO/MT),Akshan/Samira (NX/SH),0,1,0
Darius/Yasuo (IO/NX),Leona/Yasuo (IO/MT),0,1,0
Championless (SI),Ezreal/Nilah (BW/PZ),0,1,0
Championless (SI),Annie/Nami (BW/NX),0,1,0
Championless (SI),Caitlyn/Norra (BC/PZ),0,1,0
Kai'Sa/Pantheon (MT/SH),Caitlyn/Swain (NX/PZ),0,1,0
Akshan/Ekko (PZ/SH),Akshan/Pantheon (MT/SH),0,1,0
Akshan/Ekko (PZ/SH),Darius/LeBlanc (FR/NX),0,1,0
Akshan/Ekko (PZ/SH),Lulu/Shen (DE/IO),0,1,0
Akshan/Ekko (PZ/SH),Fizz/Master Yi (BW/IO),0,1,0
Gnar/Renekton (FR/SH),Pantheon/Samira (MT/NX),0,1,0
Championless (PZ/SI),Gnar/Renekton (FR/SH),0,1,0
Akshan/Fiora (DE/SH),Elise (SI),0,1,0
Darius/Sivir (NX/SH),Ashe/LeBlanc (FR/NX),0,1,0
Neeko/Nidalee (RU/SH),Akshan/Master Yi (IO/SH),0,1,0
Ekko (PZ/SH),Braum/Zoe (FR/MT),0,1,0
Ashe/Lissandra/Sejuani (DE/FR),Quinn/Vayne/Zed (DE/IO),0,1,0
Gnar/Nidalee (BC/SH),Akshan/Ekko (PZ/SH),0,1,0
Caitlyn (BC/PZ),Gwen/Vayne (DE/SI),0,1,0
Seraphine/Zoe (MT/PZ),Katarina/Swain (DE/NX),0,1,0
Ashe/LeBlanc (FR/NX),Fiora/Lux: Illuminated (DE/SH),0,1,0
Braum/Gnar (FR/MT),Swain/Yasuo (IO/NX),0,1,0
Garen/Neeko (DE/RU),Swain/Yasuo (IO/NX),0,1,0
Ezreal/Zoe (MT/PZ),Hecarim/Kalista (PZ/SI),0,1,0
Ezreal/Zoe (MT/PZ),Fiora/Nidalee (DE/SH),0,1,0
Ezreal/Zoe (MT/PZ),Braum/Zoe (FR/MT),0,1,0
Ezreal/Zoe (MT/PZ),Jhin/Swain (RU/NX),0,1,0
Ezreal/Zoe (MT/PZ),Garen/Udyr (DE/FR),0,1,0
Ezreal/Zoe (MT/PZ),Ezreal/Nami (BW/PZ),0,1,0
Ezreal/Janna (BW/PZ),Championless (PZ/SI),0,1,0
Janna (IO/PZ),Caitlyn/Swain (NX/PZ),0,1,0
Janna (IO/PZ),Tristana (BC/DE),0,1,0
Janna (IO/PZ),Caitlyn/Janna (PZ/SI),0,1,0
Janna (IO/PZ),Diana/Leona (MT/SH),0,1,0
Quinn/Vayne/Zed (DE/IO),Ashe (FR/PZ),0,1,0
Swain/Yasuo (IO/NX),Gwen/Renekton (SI/SH),0,1,0
Janna/Twisted Fate (BW/PZ),Kalista/LeBlanc (NX/SI),0,1,0
Janna/Twisted Fate (BW/PZ),Hecarim/Nocturne (NX/SI),0,1,0
Championless (SI),Gnar/Tristana (BC/NX),0,1,0
Jinx/Twisted Fate (BW/PZ),Championless (SI),0,1,0
Shen (DE/IO),Kalista (SI/SH),0,1,0
Ashe/LeBlanc (FR/NX),Hecarim/Nocturne (NX/SI),0,1,0
Darius/Yasuo (IO/NX),Swain/Yasuo (IO/NX),0,1,0
Gwen/Kalista (NX/SI),Master Yi/Nami (BW/IO),0,1,0
Darius/Gnar/Samira (FR/NX),Swain/Yasuo (IO/NX),0,1,0
Akshan/Kai'Sa (MT/SH),Sejuani/Swain (FR/NX),0,1,0
Braum/Udyr (FR),Pantheon/Vayne (DE/MT),0,1,0
Elise (SI),Braum/Udyr (FR),0,1,0
Kai'Sa/Udyr (FR/SH),Gnar/Udyr (DE/FR),0,1,0
Hecarim (SI),Kai'Sa/Udyr (FR/SH),0,1,0
Katarina/Yasuo (IO/NX),Championless (BC/SI),0,1,0
Sejuani/Swain (FR/NX),Bard/Teemo (RU/PZ),0,1,0
Kalista/LeBlanc (NX/SI),Fizz/Zoe (BW/MT),0,1,0
Fizz/Zoe (BW/MT),Sejuani/Swain (FR/NX),0,1,0
Fizz/Zoe (BW/MT),Ashe (FR/SI),0,1,0
Fizz (BW/FR),Caitlyn/Teemo (BC/PZ),0,1,0
Udyr/Vayne (DE/FR),Elise (SI),0,1,0
Akshan/Sivir (PZ/SH),Championless (IO/PZ),0,1,0
Championless (SI),Akshan/Sivir (PZ/SH),0,1,0
Janna/Zoe (MT/PZ),Akshan/Sivir (PZ/SH),0,1,0
Gnar/Udyr (DE/FR),Akshan/Sivir (PZ/SH),0,1,0
Akshan/Sivir (PZ/SH),Braum/Zoe (FR/MT),0,1,0
Nilah/Twisted Fate (BW/PZ),Akshan/Sivir (PZ/SH),0,1,0
Akshan/Udyr (FR/SH),Championless (PZ/SI),0,1,0
Garen/Quinn (DE),Fiora/Shen (DE/IO),0,1,0
Fiora/Shen (DE/IO),Tristana (BC/DE),0,1,0
Zoe (FR/MT),Fiora/Shen (DE/IO),0,1,0
Ezreal/Seraphine (BC/PZ),Darius/Kalista (NX/SI),0,1,0
Darius/Kalista (NX/SI),Kalista (SI),0,1,0
Darius/Kalista (NX/SI),Janna (IO/PZ),0,1,0
Darius/Kalista (NX/SI),Yasuo (IO/NX),0,1,0
Caitlyn/Teemo (BC/PZ),Darius/Kalista (NX/SI),0,1,0
Darius/Kalista (NX/SI),Championless (PZ/SI),0,1,0
Darius/Kalista (NX/SI),Ashe/LeBlanc (FR/NX),0,1,0
Kai'Sa/The Poro King (RU/SH),Darius/Kalista (NX/SI),0,1,0
Master Yi/Zoe (IO/MT),Darius/Kalista (NX/SI),0,1,0
Master Yi/Udyr (FR/IO),Darius/Gwen (NX/SI),0,1,0
Sejuani/Teemo (BC/FR),Akshan/Fiora (DE/SH),0,1,0
Caitlyn/Ekko (PZ/SI),Hecarim/Nocturne (NX/SI),0,1,0
Caitlyn/Ekko (PZ/SI),Ezreal/Nami (BW/PZ),0,1,0
Championless (SI),Caitlyn/Ekko (PZ/SI),0,1,0
Caitlyn/Ekko (PZ/SI),Gnar/Nidalee (BC/SH),0,1,0
Sejuani/Teemo (BC/FR),Championless (PZ/SI),0,1,0
Swain/Yasuo (IO/NX),Sejuani/Teemo (BC/FR),0,1,0
Annie/Caitlyn/Katarina (NX/PZ),Braum/Darius (FR/NX),0,1,0
Evelynn/Norra (BC/RU),Ezreal/Nilah/Twisted Fate (BW/PZ),0,1,0
Ezreal/Nilah (BW/PZ),Tristana (BC/DE),0,1,0
Ezreal/Nilah (BW/PZ),Garen/Shen (DE/IO),0,1,0
Ezreal/Nilah (BW/PZ),Caitlyn/Norra/Teemo (BC/PZ),0,1,0
Darius/Swain (NX/SI),Ezreal/Nilah (BW/PZ),0,1,0
Ashe (FR/PZ),Ezreal/Nilah/Twisted Fate (BW/PZ),0,1,0
Braum (FR/IO),Yasuo (IO/NX),0,1,0
Gwen/Kalista (SI),Kalista/Seraphine (PZ/SI),0,1,0
Braum/Udyr (FR/MT),Gwen/Kalista (SI),0,1,0
Sivir/Udyr (FR/SH),Gwen/Kalista (SI),0,1,0
Championless (FR/MT),Ezreal/Janna/Jinx (BW/PZ),0,1,0
Championless (FR/MT),Ashe/Braum (FR/IO),0,1,0
Janna/Master Yi (IO/PZ),Gnar/Tristana (BC/SI),0,1,0
Leona/Yasuo (IO/MT),Miss Fortune (BW/MT),0,1,0
Ashe/Sejuani (FR/PZ),Championless (SI),0,1,0
Kalista/LeBlanc (NX/SI),Ashe (FR/PZ),0,1,0
Ashe/LeBlanc (FR/NX),Aphelios/Braum (FR/MT),0,1,0
Janna/Nilah (BW/PZ),Gnar (FR/MT),0,1,0
Janna/Seraphine (BC/PZ),Janna (FR/PZ),0,1,0
Sejuani/Swain (FR/NX),Nidalee (BC/SH),0,1,0
Nidalee (BC/SH),Elise/Kalista/Nocturne (SI),0,1,0
Nidalee (BC/SH),Hecarim (SI),0,1,0
Janna/Norra (BC/PZ),Renekton/Sejuani (FR/SH),0,1,0
Kennen (IO/PZ),Katarina/Yasuo (IO/NX),0,1,0
Jhin/Udyr (FR/RU),Swain/Yasuo (IO/NX),0,1,0
Ashe (FR/PZ),Jinx/Twisted Fate (BW/PZ),0,1,0
Ashe (FR/PZ),Darius/Yasuo (IO/NX),0,1,0
Kalista (PZ/SI),Ashe (FR/PZ),0,1,0
LeBlanc/Sivir (NX/SH),Fizz/Nami (BW/MT),0,1,0
Janna/Zoe (MT/PZ),Nilah/Twisted Fate (BW/PZ),0,1,0
Championless (IO/PZ),Caitlyn/Norra/Teemo (BC/PZ),0,1,0
Nidalee/Norra (BC/SH),Nilah/Twisted Fate (BW/PZ),0,1,0
Ezreal/Janna/Nilah (BW/PZ),Nilah/Twisted Fate (BW/PZ),0,1,0
Aphelios/Master Yi (IO/MT),Renekton/Sejuani (FR/SH),0,1,0
Kalista/LeBlanc (NX/SI),Caitlyn/Teemo (BC/PZ),0,1,0
Caitlyn/Teemo (BC/PZ),Aphelios/Pantheon (MT/SH),0,1,0
Nilah/Twisted Fate (BW/PZ),Elise (NX/SI),0,1,0
Gwen/Kalista (FR/SI),Nilah/Twisted Fate (BW/PZ),0,1,0
Gwen/Hecarim/Kalista (SI),Kalista/LeBlanc (NX/SI),0,1,0
Gwen/Hecarim/Kalista (SI),Nidalee (BC/SH),0,1,0
Gwen/Hecarim/Kalista (SI),Darius/Gwen (NX/SI),0,1,0
Gwen/Hecarim (FR/SI),Gwen/Hecarim/Kalista (SI),0,1,0
Nami/Twisted Fate (BW/PZ),Lulu/Shen (DE/IO),0,1,0
Nami/Twisted Fate (BW/PZ),Kai'Sa/Pantheon (MT/SH),0,1,0
Nami/Twisted Fate (BW/PZ),Sejuani/Swain (FR/NX),0,1,0
Annie/Jhin (RU/NX),Nami/Twisted Fate (BW/PZ),0,1,0
Nami/Twisted Fate (BW/PZ),Ashe (FR/PZ),0,1,0
Nami/Twisted Fate (BW/PZ),Swain/Yasuo (IO/NX),0,1,0
Jhin/Yasuo (IO/RU),Gnar/Udyr (DE/FR),0,1,0
Jinx (MT/PZ),Janna/Nilah (BW/PZ),0,1,0
Championless (PZ/SI),Championless (DE/SI),0,1,0
Championless (PZ/SI),Akshan/Sivir (DE/SH),0,1,0
Samira/Twisted Fate (BW/NX),Championless (PZ/SI),0,1,0
Norra/Teemo (BC/PZ),Akshan/Udyr (FR/SH),0,1,0
Leona (MT),Gnar/Neeko (FR/RU),0,1,0
Shen/Sivir (IO/SH),Tristana (BC/DE),0,1,0
Samira/Teemo (NX/PZ),Shen/Sivir (IO/SH),0,1,0
Gnar/Udyr (DE/FR),Championless (SI),0,1,0
Aphelios/Zoe (MT/PZ),Championless (PZ/SI),0,1,0
Seraphine (PZ/SI),Gnar/Nidalee (BC/SH),0,1,0
Championless (DE/SI),Gwen/Vayne (DE/SI),0,1,0
Championless (DE/SI),Kalista (SI),0,1,0
Teemo/Zoe (BC/MT),Kalista (SI),0,1,0
Ashe (FR/PZ),Janna/Zoe (MT/PZ),0,1,0
Janna/Zoe (MT/PZ),Championless (SI),0,1,0
Janna/Zoe (MT/PZ),Sejuani/Teemo (FR/PZ),0,1,0
Katarina (NX/PZ),Lulu/Zed (DE/IO),0,1,0
Darius/LeBlanc/Sejuani (FR/NX),Ashe (FR/PZ),0,1,0
Nidalee/Sivir (NX/SH),Darius/Gnar (FR/NX),0,1,0
Gwen/Norra (BC/SI),Caitlyn/Teemo (BC/PZ),0,1,0
Championless (PZ/SI),Braum/Udyr (FR/MT),0,1,0
Swain/Yasuo (IO/NX),Gnar/Tristana (BC/BW),0,1,0
Zoe (MT/SI),Draven/Vayne (DE/NX),0,1,0
Gnar/Tristana (BC/BW),Gnar/Udyr (DE/FR),0,1,0
Gwen/Irelia (IO/SI),Ashe/LeBlanc (FR/NX),0,1,0
Kalista (SI),Master Yi/Twisted Fate (BW/IO),0,1,0
Pantheon/Vayne (DE/MT),Braum/Zoe (FR/MT),0,1,0
Ezreal/Nilah/Twisted Fate (BW/PZ),Master Yi/Zoe (IO/MT),0,1,0
Master Yi/Zoe (IO/MT),Caitlyn/Teemo (BC/PZ),0,1,0
Darius/Gnar/Samira (FR/NX),Master Yi/Zoe (IO/MT),0,1,0
Master Yi/Zoe (IO/MT),Master Yi/Nami (BW/IO),0,1,0
Draven/Master Yi (IO/NX),Ashe/LeBlanc (FR/NX),0,1,0
Pantheon (MT/SI),Ashe/Braum (FR/IO),0,1,0
Ezreal/Seraphine/Zoe (MT/PZ),Championless (SI),0,1,0
Ezreal/Seraphine/Zoe (MT/PZ),Hecarim/Zed (IO/SI),0,1,0
Caitlyn/Teemo (BC/PZ),Janna/Nilah (BW/PZ),0,1,0
Udyr (FR/SI),Championless (SI),0,1,0
Elise/Nocturne (NX/SI),Akshan/Master Yi/Sivir (IO/SH),0,1,0
Elise/Nocturne (NX/SI),Ashe/LeBlanc (FR/NX),0,1,0
Elise/Nocturne (NX/SI),Master Yi/Zoe (IO/MT),0,1,0
Caitlyn/Janna (BC/PZ),Caitlyn/Yasuo (IO/PZ),0,1,0
Draven/Zoe (MT/NX),Ashe/LeBlanc (FR/NX),0,1,0
Katarina (NX/PZ),Ashe (FR/PZ),0,1,0
Ashe/LeBlanc (FR/NX),Katarina (NX/PZ),0,1,0
Katarina (NX/PZ),Janna/Nilah (BW/PZ),0,1,0
Katarina (NX/PZ),Lucian/Lux: Illuminated (DE/FR),0,1,0
Caitlyn/Janna (PZ/SI),Katarina (NX/PZ),0,1,0
Katarina (NX/PZ),Janna/Zoe (MT/PZ),0,1,0
Katarina (NX/PZ),Braum/Udyr (FR/NX),0,1,0
Draven/Jinx (NX/PZ),Quinn/Vayne/Zed (DE/IO),0,1,0
Draven/Katarina (FR/NX),Ashe (FR/PZ),0,1,0
Draven/Katarina (FR/NX),LeBlanc/Sivir (NX/SH),0,1,0
Draven/Katarina (FR/NX),Ashe/LeBlanc (FR/NX),0,1,0
Akshan/Sivir/Zed (IO/SH),Swain/Yasuo (IO/NX),0,1,0
Akshan/Zed (IO/SH),LeBlanc/Sivir (NX/SH),0,1,0
Annie/Jhin (RU/NX),Akshan/Zed (IO/SH),0,1,0
Gwen/Norra (BC/SI),Ashe/LeBlanc (FR/NX),0,1,0
Pantheon/Udyr (FR/MT),Zoe (FR/MT),0,1,0
Gnar/Norra (BC/SH),Pantheon/Udyr (FR/MT),0,1,0
Pantheon/Udyr (FR/MT),Braum/Gnar (FR/MT),0,1,0
Ezreal/Nami (BW/PZ),Pantheon/Udyr (FR/MT),0,1,0
Caitlyn/Teemo (FR/PZ),Pantheon/Udyr (FR/MT),0,1,0
Gwen/Sivir (SI/SH),Pantheon/Udyr (FR/MT),0,1,0
Akshan/Pantheon (MT/SH),Akshan/Nidalee (BC/SH),0,1,0
Nami (BW/PZ),Akshan/Sivir (NX/SH),0,1,0
Fizz/Miss Fortune (BW/SH),Kai'Sa/Nidalee (FR/SH),0,1,0
Annie/Jhin (RU/NX),Ezreal/Nilah/Twisted Fate (BW/PZ),0,1,0
Darius/Gwen (NX/SI),Braum/Udyr (FR/NX),0,1,0
Darius/Gwen (NX/SI),Sivir/Udyr (FR/SH),0,1,0
Darius/Yasuo (IO/NX),Darius/Gwen (NX/SI),0,1,0
Darius/Gwen (NX/SI),Ekko (PZ/SH),0,1,0
Garen/Neeko (DE/RU),Fiora/Shen (DE/IO),0,1,0
LeBlanc/Sivir (NX/SH),Aphelios/Zoe (MT/PZ),0,1,0
Gnar/Neeko (FR/RU),LeBlanc/Sivir (NX/SH),0,1,0
Leona/Yasuo (IO/MT),LeBlanc/Sivir (NX/SH),0,1,0
Akshan/Gwen (SI/SH),LeBlanc/Sivir (NX/SH),0,1,0
Udyr (FR/SI),Norra/Zoe (BC/MT),0,1,0
Udyr (FR/SI),Ashe/LeBlanc (FR/NX),0,1,0
Caitlyn/Teemo (BC/PZ),Gnar/LeBlanc (FR/NX),0,1,0
Gwen (IO/SI),Swain/Yasuo (IO/NX),0,1,0
Championless (MT/SI),Hecarim (SI),0,1,0
Lux: Illuminated/Zed (DE/IO),Hecarim (SI),0,1,0
Kai'Sa/Sivir/Vayne (DE/SH),Hecarim (SI),0,1,0
Gnar/Nidalee (BC/SH),Gwen/Vayne (DE/SI),0,1,0
Master Yi/Twisted Fate (BW/IO),Gnar/Nidalee (BC/SH),0,1,0
Gwen/Katarina (NX/SI),Pantheon/Vayne (DE/MT),0,1,0
Evelynn/Kai'Sa (RU/SH),Pantheon/Vayne (DE/MT),0,1,0
Caitlyn (BC/PZ),Gnar/Nidalee (BC/SH),0,1,0
Darius/Sivir (NX/SH),Garen/Shen (DE/IO),0,1,0
Annie/Jhin (RU/NX),Akshan/Leona (MT/SH),0,1,0
Caitlyn/Teemo (BC/PZ),Hecarim/Zed (IO/SI),0,1,0
Darius/Yasuo (IO/NX),Championless (PZ/SI),0,1,0
Swain/Yasuo (IO/NX),Sejuani/Swain (FR/NX),0,1,0
Ezreal/Nilah/Twisted Fate (BW/PZ),Championless (SI),0,1,0
Janna/Master Yi (IO/PZ),Garen (DE),0,1,0
Ashe/Janna (FR/PZ),Gnar/Neeko (FR/RU),0,1,0
Sejuani/Swain (FR/NX),Ashe/Janna (FR/PZ),0,1,0
Janna/Nilah/Twisted Fate (BW/PZ),Braum/Gnar (FR/MT),0,1,0
Braum/Gnar (FR/MT),Janna/Master Yi (IO/PZ),0,1,0
Ezreal/Norra (BC/PZ),Braum/Zoe (FR/MT),0,1,0
Samira/Teemo (NX/PZ),Braum/Zoe (FR/MT),0,1,0
Braum/Zoe (FR/MT),Gnar/Udyr (DE/FR),0,1,0
Braum/Udyr (FR/MT),Gwen/Katarina (NX/SI),0,1,0
Lulu/Shen (DE/IO),Braum/Udyr (FR/MT),0,1,0
Braum/Udyr (FR/MT),Garen/Neeko (DE/RU),0,1,0
Draven/Jinx (NX/PZ),Darius/Gnar (FR/NX),0,1,0
Pantheon/Samira (MT/NX),Ashe/LeBlanc (FR/NX),0,1,0
Championless (PZ/SI),Pantheon/Samira (MT/NX),0,1,0
Championless (SI),Pantheon/Samira (MT/NX),0,1,0
Darius/Gwen (NX/SI),Garen (DE),0,1,0
Miss Fortune/Vayne (BW/DE),Darius/Gwen (NX/SI),0,1,0
Elise (SI),Garen/Lux: Illuminated (DE/FR),0,1,0
Elise (SI),Akshan/Samira (NX/SH),0,1,0
Elise (SI),Hecarim (SI),0,1,0
Elise (SI),Darius/Yasuo (IO/NX),0,1,0
Elise (SI),Caitlyn/Norra (BC/PZ),0,1,0
Annie/Katarina (BC/NX),Elise (SI),0,1,0
Norra/Swain (BC/NX),Elise (SI),0,1,0
LeBlanc/Sivir (NX/SH),Gwen (NX/SI),0,1,0
Lulu/Zed (DE/IO),Caitlyn/Janna (PZ/SI),0,1,0
Gnar/Neeko (FR/RU),Gwen (NX/SI),0,1,0
Braum/Udyr (FR/NX),Championless (SI),0,1,0
Gwen/LeBlanc (NX/SI),Fiora/Shen (DE/IO),0,1,0
Akshan/Sivir (PZ/SH),Darius/Gnar (FR/NX),0,1,0
Zed (BW/IO),Championless (SI),0,1,0
Kai'Sa/Sivir (NX/SH),Hecarim/Zed (IO/SI),0,1,0
Kai'Sa/Sivir (NX/SH),Miss Fortune/Quinn (BW/DE),0,1,0
Kai'Sa/Sivir (NX/SH),Gwen (NX/SI),0,1,0
Kai'Sa/Sivir (NX/SH),Kalista/Lucian (DE/SI),0,1,0
Garen/Neeko (DE/RU),Annie/Nami (BW/NX),0,1,0
Garen/Neeko (DE/RU),Akshan/Pyke (BW/SH),0,1,0
Kalista/LeBlanc (NX/SI),Darius/Gwen (NX/SI),0,1,0
Championless (SI/SH),Janna/Master Yi (IO/PZ),0,1,0
Shen/Sivir (IO/SH),Fiora (DE/SH),0,1,0
Braum/Gnar (FR/NX),Tristana (BC/DE),0,1,0
Fizz (BC/MT),Leona/Yasuo (IO/MT),0,1,0
Darius/Gwen (NX/SI),Ezreal/Nami (BW/PZ),0,1,0
Ashe (FR/PZ),Gwen (PZ/SI),0,1,0
Ashe (FR/MT),Championless (PZ/SI),0,1,0
Gnar/Sejuani (BC/FR),Ashe (FR/MT),0,1,0
Ezreal/Norra (BC/PZ),Ashe/Braum (FR/IO),0,1,0
Ashe/Braum (FR/IO),Janna/Master Yi (IO/PZ),0,1,0
Annie/Swain (NX),Ashe/Braum (FR/IO),0,1,0
Ashe/Braum (FR/IO),Akshan/Pantheon (MT/SH),0,1,0
Caitlyn (PZ/SI),Ashe/Braum (FR/IO),0,1,0
Evelynn/Kai'Sa (RU/SH),Darius/Gwen (NX/SI),0,1,0
Caitlyn/Norra/Teemo (BC/PZ),Samira/Twisted Fate (BW/NX),0,1,0
Fizz/Nami (BC/BW),Samira/Twisted Fate (BW/NX),0,1,0
Akshan/Master Yi (IO/SH),Caitlyn/Norra/Teemo (BC/PZ),0,1,0
Fizz/Nami (BC/BW),Jinx (MT/PZ),0,1,0
Fizz/Nami (BC/BW),Seraphine (MT/PZ),0,1,0
Caitlyn/Norra/Teemo (BC/PZ),Annie/Jhin (RU/NX),0,1,0
Ashe (FR),Caitlyn/Norra/Teemo (BC/PZ),0,1,0
Gwen/Kalista (FR/SI),Caitlyn/Norra/Teemo (BC/PZ),0,1,0
Seraphine (MT/PZ),Akshan/Pantheon (MT/SH),0,1,0
Akshan/Pantheon (MT/SH),Ezreal/Seraphine (BC/PZ),0,1,0
Janna/Seraphine (IO/PZ),Kalista/Lucian (DE/SI),0,1,0
Swain/Yasuo (IO/NX),Janna/Seraphine (IO/PZ),0,1,0
Ashe/LeBlanc (FR/NX),Fizz/Norra (BC/IO),0,1,0
Darius/Elise (NX/SI),Ashe/LeBlanc (FR/NX),0,1,0
Leona/Yasuo (IO/MT),Gwen/Hecarim/Kalista (SI),0,1,0
Swain/Yasuo (IO/NX),Fizz (BC/FR),0,1,0
Ezreal/Seraphine (PZ),Swain/Twisted Fate (BW/NX),0,1,0
Norra/Zoe (BC/MT),Ahri/Kennen (IO/SI),0,1,0
Norra/Zoe (BC/MT),Gwen/Katarina (NX/SI),0,1,0
Ashe/Janna (FR/PZ),Akshan/Kai'Sa/Pantheon (MT/SH),0,1,0
Championless (SI),Championless (DE/SI),0,1,0
Championless (DE/SI),Ashe/Janna (FR/PZ),0,1,0
Braum/Gnar (BC/FR),Master Yi/Zoe (IO/MT),0,1,0
Darius/LeBlanc (FR/NX),Ezreal/Janna (DE/PZ),0,1,0
Darius/Gnar (FR/NX),Fizz/Master Yi (BW/IO),0,1,0
Nami/Seraphine (BW/PZ),Darius/Gnar (FR/NX),0,1,0
Darius/Gnar (FR/NX),Evelynn/Norra (BC/RU),0,1,0
Evelynn/Norra (BC/RU),Fizz (BC/FR),0,1,0
Evelynn/Norra (BC/RU),Garen/Neeko (DE/RU),0,1,0
Gwen/Vayne (DE/SI),Gnar/LeBlanc (FR/NX),0,1,0
Fizz/Nami (BW/FR),Gwen/Vayne (DE/SI),0,1,0
Braum/Darius (FR/NX),Gwen/Vayne (DE/SI),0,1,0
Norra/Swain (BC/NX),Janna/Twisted Fate (BW/PZ),0,1,0
Akshan/Master Yi/Sivir (IO/SH),Janna/Twisted Fate (BW/PZ),0,1,0
Janna/Twisted Fate (BW/PZ),Caitlyn (BC/PZ),0,1,0
Jinx/Twisted Fate (BW/PZ),Janna/Twisted Fate (BW/PZ),0,1,0
Hecarim/Kalista/Zed (IO/SI),Norra/Teemo (BC/PZ),0,1,0
Norra/Teemo (BC/PZ),Renekton/Sejuani (FR/SH),0,1,0
Neeko/Teemo (BC/RU),Championless (PZ/SI),0,1,0
Neeko/Teemo (BC/RU),Elise (SI),0,1,0
Samira/Twisted Fate (BW/NX),Garen/Neeko (DE/RU),0,1,0
Garen/Neeko (DE/RU),Gnar/LeBlanc (FR/NX),0,1,0
Caitlyn/Swain (NX/PZ),Garen/Neeko (DE/RU),0,1,0
Caitlyn/Teemo (BC/PZ),Garen/Neeko (DE/RU),0,1,0
Ezreal/Swain (NX/PZ),Garen/Neeko (DE/RU),0,1,0
Kalista/LeBlanc (NX/SI),Gnar/Neeko (FR/RU),0,1,0
Gnar/Udyr (DE/FR),Gnar/Neeko (FR/RU),0,1,0
Caitlyn/Teemo (BC/PZ),Ezreal/Swain (NX/PZ),0,1,0
Caitlyn/Teemo (BC/PZ),Ezreal/Nilah/Twisted Fate (BW/PZ),0,1,0
Fiora/Lux: Illuminated (DE/SH),Hecarim (SI),0,1,0
Caitlyn/Teemo (BC/PZ),Garen (DE/SI),0,1,0
Gwen/Vayne (DE/SI),Ashe (FR/SI),0,1,0
Akshan/Master Yi (IO/SH),Garen/Vayne (DE/SI),0,1,0
Tristana (BC/DE),Gnar/LeBlanc (FR/NX),0,1,0
Kai'Sa/Zoe (MT/SH),Tristana (BC/DE),0,1,0
Championless (MT/SI),Tristana (BC/DE),0,1,0
Darius/Swain (NX/SI),Tristana (BC/DE),0,1,0
Ashe (FR/PZ),Tristana (BC/DE),0,1,0
Master Yi/Twisted Fate (BW/IO),Janna/Master Yi (IO/PZ),0,1,0
Master Yi/Twisted Fate (BW/IO),Ashe/LeBlanc (FR/NX),0,1,0
Darius/Gwen (NX/SI),Master Yi/Twisted Fate (BW/IO),0,1,0
Kai'Sa/The Poro King (RU/SH),Sejuani/Swain (FR/NX),0,1,0
Braum (BW/FR),Sejuani/Swain (FR/NX),0,1,0
Sejuani/Swain (FR/NX),Gwen/Nidalee (SI/SH),0,1,0
Sejuani/Swain (FR/NX),Kalista/LeBlanc (NX/SI),0,1,0
Gwen/Katarina (NX/SI),Master Yi/Zed (DE/IO),0,1,0
Katarina/Norra (BC/NX),Lissandra/Swain (FR/NX),0,1,0
Kai'Sa/The Poro King (RU/SH),Hecarim/Nocturne (NX/SI),0,1,0
Jhin/Leona (RU/MT),Sejuani/Swain (FR/NX),0,1,0
Elise/Nocturne (NX/SI),Championless (PZ/SI),0,1,0
Fizz/Nilah (BW/PZ),Nilah/Twisted Fate (BW/PZ),0,1,0
Fizz/Jhin (BC/RU),Jinx/Twisted Fate (BW/PZ),0,1,0
LeBlanc/Sivir (NX/SH),Janna (IO/PZ),0,1,0
Gnar/Nidalee (BC/SH),Kalista/Nocturne (SI),0,1,0
Akshan/Kai'Sa (SH),Akshan/Garen (DE/SH),0,1,0
Ashe/Lux: Illuminated (DE/FR),Ashe/LeBlanc (FR/NX),0,1,0
Braum/Lux: Illuminated (DE/FR),Akshan/Master Yi (IO/SH),0,1,0
Garen/Lux: Illuminated (DE/FR),Kalista/LeBlanc (NX/SI),0,1,0
Ashe/Sejuani (FR/NX),Janna (FR/PZ),0,1,0
Gwen/Udyr (FR/SI),Sejuani/Swain (FR/NX),0,1,0
Sejuani/Swain (FR/NX),Elise (SI),0,1,0
Caitlyn/Swain (NX/PZ),Kalista (SI/SH),0,1,0
Kalista (SI/SH),Janna/Nami (BW/PZ),0,1,0
Braum/Kalista/Udyr (FR/SI),Kalista (SI),0,1,0
Kalista (SI),Ezreal/Swain (NX/PZ),0,1,0
Gwen/LeBlanc (NX/SI),Ashe/Janna (FR/PZ),0,1,0
Aphelios/Zoe (MT/PZ),Samira/Twisted Fate (BW/NX),0,1,0
Caitlyn/Teemo (BC/PZ),Samira/Twisted Fate (BW/NX),0,1,0
Samira/Twisted Fate (BW/NX),Championless (FR/MT),0,1,0
Draven/Katarina (DE/NX),Samira/Twisted Fate (BW/NX),0,1,0
Darius/LeBlanc/Zed (IO/NX),Kalista (SI),0,1,0
Braum (DE/FR),Ashe/LeBlanc (FR/NX),0,1,0
Fiora/Nidalee (DE/SH),Lulu/Norra (BC/IO),0,1,0
Championless (BC/SI),Lulu/Norra (BC/IO),0,1,0
Ashe/Sejuani (FR/NX),Evelynn/Kai'Sa (RU/SH),0,1,0
Hecarim (SI),Garen/Neeko (DE/RU),0,1,0
Darius/Swain (NX/SI),Hecarim (SI),0,1,0
Fiora/Lux: Illuminated/Shen (DE/IO),Kalista (SI),0,1,0
Gwen/Sejuani (FR/SI),Kalista (SI),0,1,0
Nocturne (SI),Fiora (DE/SH),0,1,0
Bard/Norra (BC/RU),Shen/Sivir (IO/SH),0,1,0
Garen (DE),Swain/Yasuo (IO/NX),0,1,0
Annie/Gwen/Hecarim (NX/SI),Championless (IO/PZ),0,1,0
Neeko/Renekton (RU/SH),Darius/Swain (NX/SI),0,1,0
Fizz/Norra (BC/MT),Ezreal/Nilah (BW/PZ),0,1,0
Master Yi/Nami (BW/IO),Annie/Gwen/Hecarim (NX/SI),0,1,0
Sejuani/Zoe (FR/MT),Championless (MT/SI),0,1,0
Fizz/Nami (BW/FR),Garen (DE/SI),0,1,0
Katarina/Samira (NX/PZ),Caitlyn/Teemo (BC/PZ),0,1,0
Akshan/Master Yi (IO/SH),Katarina/Samira (NX/PZ),0,1,0
Kalista/Nocturne (SI),Darius/Gnar (FR/NX),0,1,0
Hecarim/Kalista/Zed (IO/SI),Akshan/Fiora (DE/SH),0,1,0
Hecarim/Kalista/Zed (IO/SI),Caitlyn/Swain (NX/PZ),0,1,0
Hecarim/Zed (IO/SI),Championless (PZ/SI),0,1,0
Udyr (FR/MT),Katarina/Yasuo (IO/NX),0,1,0
Katarina/Yasuo (IO/NX),Kalista/LeBlanc (NX/SI),0,1,0
Gwen/Sejuani (FR/SI),Kalista (MT/SI),0,1,0
Annie/Nami (BW/NX),Pantheon/Zoe (DE/MT),0,1,0
Lux: Illuminated/Zed (DE/IO),Pantheon/Zoe (DE/MT),0,1,0
Ashe (FR/PZ),Nami (BW/PZ),0,1,0
Nami (BW/PZ),Ashe/LeBlanc (FR/NX),0,1,0
Ezreal/Nilah (BW/PZ),Ashe (FR/PZ),0,1,0
Nami (BW/PZ),Janna/Norra (BC/PZ),0,1,0
Ekko (PZ/SH),Nami (BW/PZ),0,1,0
Janna/Nami (BW/PZ),Shen/Sivir (IO/SH),0,1,0
Ekko (PZ/SH),Janna/Nami (BW/PZ),0,1,0
Janna/Nami (BW/PZ),Darius/Gnar (FR/NX),0,1,0
Braum (BW/FR),Gwen/Kalista (SI/SH),0,1,0
Ezreal/Norra (BC/PZ),Akshan/Gwen (SI/SH),0,1,0
Garen/Swain (DE/NX),Akshan/Gwen (SI/SH),0,1,0
Sejuani/Swain (FR/NX),Akshan/Gwen (SI/SH),0,1,0
Master Yi/Nami (BW/IO),Gnar/Udyr (DE/FR),0,1,0
Fizz (BC/FR),Miss Fortune/Zoe (BW/MT),0,1,0
Fizz (BC/MT),Championless (MT/SI),0,1,0
Fizz (BC/MT),Ashe/LeBlanc (FR/NX),0,1,0
Fizz/Norra (BC/MT),Garen (DE/SI),0,1,0
Evelynn/Kai'Sa (RU/SH),Fizz/Norra (BC/MT),0,1,0
Championless (MT/PZ),Ashe/LeBlanc (FR/NX),0,1,0
Championless (MT/PZ),Championless (SI),0,1,0
Championless (MT/PZ),Lulu/Shen (DE/IO),0,1,0
Gnar/Neeko (FR/RU),Championless (MT/PZ),0,1,0
Jinx (MT/PZ),Katarina/Yasuo (IO/NX),0,1,0
Gwen (NX/SI),Jinx/Twisted Fate (BW/PZ),0,1,0
Jhin/Swain (RU/NX),Gwen (NX/SI),0,1,0
Master Yi/Norra (BC/IO),Gwen (NX/SI),0,1,0
Gwen (NX/SI),Master Yi/Zed (DE/IO),0,1,0
Akshan/Udyr (FR/SH),Gwen (NX/SI),0,1,0
Ezreal/Jinx (PZ),Gwen (NX/SI),0,1,0
Gwen/Kalista (FR/SI),Braum/Zed (FR/IO),0,1,0
Darius/Yasuo (IO/NX),Gwen (NX/SI),0,1,0
Gwen (NX/SI),Quinn/Vayne/Zed (DE/IO),0,1,0
Elise (NX/SI),Ahri/Kennen (BC/IO),0,1,0
Lissandra/Swain (FR/NX),Elise/Gwen (NX/SI),0,1,0
Gwen/Kalista (FR/SI),Ashe/LeBlanc (FR/NX),0,1,0
Renekton (SH),Kalista (FR/SI),0,1,0
Kai'Sa (IO/SH),Championless (SI),0,1,0
Draven/LeBlanc (FR/NX),Championless (SI),0,1,0
Darius/Gnar (FR/NX),Miss Fortune/Zoe (BW/MT),0,1,0
Ashe/LeBlanc (FR/NX),Master Yi (BW/IO),0,1,0
Ashe/Lissandra (FR/SH),Ashe/LeBlanc (FR/NX),0,1,0
Norra/Sejuani (BC/FR),Ashe/LeBlanc (FR/NX),0,1,0
Miss Fortune/Swain (BW/NX),Caitlyn/Swain (NX/PZ),0,1,0
Miss Fortune/Quinn (BW/DE),Fizz/Miss Fortune (BW/SH),0,1,0
Annie/Jhin (RU/NX),Braum/Miss Fortune (BW/FR),0,1,0
Ezreal/Norra (BC/PZ),Gnar/Nidalee (BC/SH),0,1,0
Lulu/Udyr (FR/IO),Akshan/Kai'Sa/Sivir (IO/SH),0,1,0
Garen/Lux: Illuminated (DE/NX),Ashe/LeBlanc (FR/NX),0,1,0
Gnar/Sejuani (BC/FR),Ashe/Caitlyn (FR/PZ),0,1,0
Akshan/Pantheon (MT/SH),Tristana (BC/DE),0,1,0
Caitlyn/Teemo (BC/PZ),Darius/LeBlanc/Zed (IO/NX),0,1,0
Championless (PZ/SI),Ezreal/Nilah (BW/PZ),0,1,0
Garen (DE),Lulu/Shen (DE/IO),0,1,0
Garen (DE),Fiora/Shen (DE/IO),0,1,0
Ezreal/Nilah (BW/PZ),Garen (DE),0,1,0
Garen (DE),Gnar/Udyr (DE/FR),0,1,0
Kai'Sa/Sivir (PZ/SH),Garen (DE),0,1,0
Garen (DE),Ashe/Janna (FR/PZ),0,1,0
Caitlyn/Teemo (BC/PZ),Garen (DE),0,1,0
Gwen/Zoe (MT/SI),Fiora/Shen (DE/IO),0,1,0
Gwen/Zoe (MT/SI),Akshan/Master Yi (IO/SH),0,1,0
Gwen/Zoe (MT/SI),Norra/Sejuani (BC/FR),0,1,0
Championless (MT/SI),Gwen/Zoe (MT/SI),0,1,0
Fizz (BW/DE),Pantheon/Vayne (DE/MT),0,1,0
Ashe/LeBlanc (FR/NX),Fizz (BW/DE),0,1,0
Darius/Gwen (NX/SI),Elise/Nocturne (NX/SI),0,1,0
Kai'Sa/Sivir (PZ/SH),Katarina/Yasuo (IO/NX),0,1,0
Kai'Sa/Sivir (PZ/SH),Annie/Jhin (RU/NX),0,1,0
Kai'Sa/Sivir (PZ/SH),Championless (FR/MT),0,1,0
Ashe (FR/PZ),Ekko/Master Yi (IO/PZ),0,1,0
Aphelios/Diana (MT/PZ),Annie/Nami (BW/NX),0,1,0
Janna/Zoe (MT/PZ),Darius/Gwen (NX/SI),0,1,0
Draven/LeBlanc (FR/NX),Fiora/Shen (DE/IO),0,1,0
Akshan/Lux: Illuminated (DE/SH),Draven/LeBlanc (FR/NX),0,1,0
Ahri/Yasuo (IO/PZ),Draven/LeBlanc (FR/NX),0,1,0
Gwen (NX/SI),Fiora/Udyr (DE/FR),0,1,0
Tristana (BC/DE),Udyr (DE/FR),0,1,0
Udyr (DE/FR),Norra/Swain (BC/NX),0,1,0
Gwen (BW/SI),Ashe/LeBlanc (FR/NX),0,1,0
Championless (SI),Seraphine/Zoe (MT/PZ),0,1,0
Ashe/LeBlanc (FR/NX),Kalista/Sivir (SI/SH),0,1,0
Kalista/Lucian (DE/SI),Championless (MT/SI),0,1,0
Ashe (FR/MT),Ashe/LeBlanc (FR/NX),0,1,0
Lulu/Shen (DE/IO),Shen/Sivir (IO/SH),0,1,0
Caitlyn/Swain (NX/PZ),Braum/Darius (FR/NX),0,1,0
Championless (PZ/SI),Diana/Leona (MT/SH),0,1,0
Lulu/Shen (IO/MT),Annie/Jhin (RU/NX),0,1,0
Lulu/Shen (IO/MT),Kai'Sa (IO/SH),0,1,0
Leona/Yasuo (IO/MT),Lulu/Shen (IO/MT),0,1,0
Kai'Sa/The Poro King (RU/SH),Ashe/LeBlanc (FR/NX),0,1,0
Ashe/LeBlanc (FR/NX),Lucian/Lux: Illuminated (DE/FR),0,1,0
Championless (SI),Gnar/Neeko (FR/RU),0,1,0
Braum/Darius (FR/NX),Janna/Master Yi (IO/PZ),0,1,0
Swain/Yasuo (IO/NX),Braum/Darius (FR/NX),0,1,0
Lulu/Shen (DE/IO),Braum/Darius (FR/NX),0,1,0
Katarina/Samira (NX/PZ),Braum/Darius (FR/NX),0,1,0
Akshan/Master Yi (IO/SH),Master Yi/Zoe (IO/MT),0,1,0
Quinn/Vayne/Zed (DE/IO),Master Yi/Zoe (IO/MT),0,1,0
Darius/Garen (DE/NX),Janna/Master Yi (IO/PZ),0,1,0
Quinn/Vayne/Zed (DE/IO),Braum/Zoe (FR/MT),0,1,0
Diana/Zoe (FR/MT),Pantheon (MT/NX),0,1,0
Fiora/Shen (DE/IO),Caitlyn/Teemo (BW/PZ),0,1,0
Championless (PZ/SI),Caitlyn/Teemo (BW/PZ),0,1,0
Samira/Teemo (NX/PZ),Garen/Shen (DE/IO),0,1,0
Miss Fortune/Quinn (BW/DE),Nidalee (BC/SH),0,1,0
Braum/Zoe (FR/MT),Garen/Swain (DE/NX),0,1,0
Braum/Udyr (DE/FR),Kai'Sa/Pantheon (MT/SH),0,1,0
Gwen/Hecarim/Sivir (SI/SH),Fizz/Norra (BC/FR),0,1,0
Master Yi/Vayne (DE/IO),Kai'Sa/The Poro King (RU/SH),0,1,0
Akshan/Udyr (FR/SH),Darius/Gwen (NX/SI),0,1,0
Gwen/Hecarim (SI/SH),Akshan/Udyr (FR/SH),0,1,0
Garen/Neeko (DE/RU),Akshan/Pantheon (MT/SH),0,1,0
Championless (PZ/SI),Gnar/LeBlanc (FR/NX),0,1,0
Akshan/Samira (NX/SH),Hecarim/Zed (IO/SI),0,1,0
Ashe/LeBlanc (FR/NX),Neeko (BW/RU),0,1,0
Lucian/Zoe (DE/MT),Kalista (DE/SI),0,1,0
Ahri/Kennen (BC/IO),Annie/Jhin (RU/NX),0,1,0
Fiora/Shen (DE/IO),Akshan/Sivir (DE/SH),0,1,0
Neeko (BW/RU),Samira/Twisted Fate (BW/NX),0,1,0
Gwen/Kalista (SI),Championless (MT/SI),0,1,0
Gwen/Kalista (SI),Gwen/Hecarim (SI),0,1,0
Pantheon/Zoe (FR/MT),LeBlanc/Udyr (FR/NX),0,1,0
Aphelios/Kai'Sa (MT/SH),Ashe/LeBlanc (FR/NX),0,1,0
Garen/Shen (DE/IO),Garen (DE/SI),0,1,0
Miss Fortune/Quinn/Vayne (BW/DE),Caitlyn/Janna (BC/PZ),0,1,0
Kai'Sa/Nidalee (FR/SH),Miss Fortune/Swain (BW/NX),0,1,0
Swain/Yasuo (IO/NX),Ahri/Kennen (BC/IO),0,1,0
Gwen/Hecarim (SI/SH),Master Yi/Zoe (IO/MT),0,1,0
Caitlyn/Teemo (BC/PZ),Braum/Swain (FR/NX),0,1,0
Caitlyn/Teemo (BC/PZ),Draven/LeBlanc (FR/NX),0,1,0
Caitlyn/Teemo (BC/PZ),Quinn/Vayne/Zed (DE/IO),0,1,0
Fizz/Gnar (BW/FR),Caitlyn/Teemo (BC/PZ),0,1,0
Kai'Sa/Pantheon/Zoe (MT/SH),Caitlyn/Teemo (BC/PZ),0,1,0
Hecarim (SI),Annie/Pantheon (MT/NX),0,1,0
Gwen/Hecarim (SI/SH),Annie/Pantheon (MT/NX),0,1,0
Kalista (SI),Kai'Sa/Pantheon (MT/SH),0,1,0
Ashe/Janna (FR/PZ),Shen/Zed (IO/NX),0,1,0
Ashe/Janna (FR/PZ),Darius/Gwen (NX/SI),0,1,0
Lucian/Miss Fortune (BW/DE),Ashe/Janna (FR/PZ),0,1,0
Shen/Zed (IO/NX),Fizz/Norra (BC/IO),0,1,0
Ezreal/Twisted Fate (BW/PZ),Master Yi/Vayne (DE/IO),0,1,0
Leona/Yasuo (IO/MT),Gwen (PZ/SI),0,1,0
Quinn/Vayne/Zed (DE/IO),Hecarim/Kalista (SI/SH),0,1,0
Gnar/Nidalee (BC/SH),Ashe/Miss Fortune (BW/FR),0,1,0
Lucian/Lux: Illuminated (DE/FR),Samira/Twisted Fate (BW/NX),0,1,0
Lucian/Lux: Illuminated (DE/FR),Darius/Gwen (NX/SI),0,1,0
Gwen/Vayne (DE/SI),Lucian/Lux: Illuminated (DE/FR),0,1,0
Draven/LeBlanc (FR/NX),Lucian/Lux: Illuminated (DE/FR),0,1,0
Draven/Jinx (NX/PZ),Darius/Gwen (NX/SI),0,1,0
Draven/Jinx (NX/PZ),Swain/Yasuo (IO/NX),0,1,0
Darius/Gwen (NX/SI),Hecarim (SI),0,1,0
Garen (DE/SI),Hecarim (SI),0,1,0
Gwen/Hecarim (SI),Hecarim (SI),0,1,0
Ezreal/Janna/Jinx (BW/PZ),Kalista/Lucian (DE/SI),0,1,0
Katarina/Yasuo (IO/NX),Kalista/Lucian (DE/SI),0,1,0
Fiora/Shen (DE/IO),Seraphine (MT/PZ),0,1,0
Ashe/Braum/Sejuani (FR/SI),Championless (BC/SI),0,1,0
Championless (MT/SI),Elise (NX/SI),0,1,0
Vayne (DE/PZ),Renekton/Sivir (SH),0,1,0
Gwen/Hecarim/Sivir (SI/SH),Ashe/LeBlanc (FR/NX),0,1,0
Gwen/Hecarim (SI),Master Yi/Zoe (IO/MT),0,1,0
Hecarim/Zed (IO/SI),Fizz/Gnar (BW/FR),0,1,0
Gnar/LeBlanc (FR/NX),Garen/Udyr (DE/FR),0,1,0
Katarina/Norra (BC/NX),Darius/Yasuo (IO/NX),0,1,0
Elise/Lucian (DE/SI),Garen/Udyr (DE/FR),0,1,0
Lux: Illuminated/Udyr (DE/FR),Championless (DE/FR),0,1,0
Diana/Zoe (FR/MT),Braum/Zoe (FR/MT),0,1,0
Miss Fortune/Vayne (BW/DE),Gnar/Neeko (FR/RU),0,1,0
Shen/Yasuo (BC/IO),Gwen/Zoe (MT/SI),0,1,0
Gwen/Zoe (MT/SI),Darius/Zed (IO/NX),0,1,0
Darius/Gwen (NX/SI),Braum/The Poro King (FR/RU),0,1,0
Jinx/Zed (IO/PZ),Samira (BW/NX),0,1,0
Garen (DE/SI),Master Yi/Zoe (IO/MT),0,1,0
Leona/Zoe (FR/MT),Darius/Gwen (NX/SI),0,1,0
Fiora/Udyr (DE/FR),Hecarim (SI),0,1,0
Ezreal/Nilah/Twisted Fate (BW/PZ),Swain/Twisted Fate (BW/NX),0,1,0
LeBlanc (FR/NX),Ezreal/Nilah/Twisted Fate (BW/PZ),0,1,0
Gwen/Hecarim/Sivir (SI/SH),Janna/Nilah (BW/PZ),0,1,0
Samira/Teemo (NX/PZ),Annie/Samira (FR/NX),0,1,0
Braum/The Poro King (FR/RU),Nilah/Twisted Fate (BW/PZ),0,1,0
Nilah/Twisted Fate (BW/PZ),Lulu/Master Yi (FR/IO),0,1,0
Master Yi/Udyr (FR/IO),Fiora/Shen (DE/IO),0,1,0
Gnar (FR/MT),Master Yi/Udyr (FR/IO),0,1,0
Gwen/Hecarim/Sivir (SI/SH),Master Yi/Udyr (FR/IO),0,1,0
Master Yi/Udyr (FR/IO),Ezreal/Nilah/Twisted Fate (BW/PZ),0,1,0
Ashe/LeBlanc (FR/NX),Kennen/Lux: Illuminated (DE/IO),0,1,0
Akshan/Udyr (FR/SH),Samira/Twisted Fate (BW/NX),0,1,0
Caitlyn/Norra/Teemo (BC/PZ),Ashe/Caitlyn (FR/PZ),0,1,0
Ezreal/Nilah/Twisted Fate (BW/PZ),Kalista (SI),0,1,0
Hecarim (SI),Braum/Zoe (FR/MT),0,1,0
Kalista/LeBlanc (NX/SI),Fiora/Shen (DE/IO),0,1,0
Ezreal/Seraphine (PZ/SI),Lux: Illuminated/Shen (DE/IO),0,1,0
Shen/Sivir (IO/SH),Akshan/Master Yi (IO/SH),0,1,0
Norra (BC/PZ),Akshan/Pantheon (MT/SH),0,1,0
Ahri/Lissandra (FR/IO),Braum/Zoe (FR/MT),0,1,0
Braum/Zoe (FR/MT),Master Yi/Zoe (IO/MT),0,1,0
Akshan/Renekton (FR/SH),Annie/Jhin (RU/NX),0,1,0
Ashe (BW/FR),Ezreal/Seraphine (PZ/SI),0,1,0
Championless (MT/SI),Ashe/Janna (FR/PZ),0,1,0
Gwen/Hecarim/Sivir (SI/SH),Kai'Sa/Pantheon (MT/SH),0,1,0
Gnar/Renekton (FR/SH),Championless (MT/SI),0,1,0
Pantheon/Samira (MT/NX),Caitlyn/Teemo (BC/PZ),0,1,0
Janna/Nilah/Twisted Fate (BW/PZ),Akshan/Fiora (DE/SH),0,1,0
Championless (BC/SI),Gwen/Vayne (DE/SI),0,1,0
Championless (BC/SI),Braum/The Poro King (FR/RU),0,1,0
Caitlyn/Norra/Teemo (BC/PZ),Ezreal/Nilah/Twisted Fate (BW/PZ),0,1,0
Ashe (FR),Ezreal/Nilah/Twisted Fate (BW/PZ),0,1,0
Irelia/Lux: Illuminated (DE/IO),Championless (MT/SI),0,1,0
Ashe (FR),Norra (BC/PZ),0,1,0
Udyr (FR/MT),Gnar/Renekton (FR/SH),0,1,0
Samira/Twisted Fate (BW/NX),Garen (DE),0,1,0
Ashe (FR/PZ),Gnar (FR/MT),0,1,0
Gwen/Hecarim/Sivir (SI/SH),Gnar/Nidalee (BC/SH),0,1,0
Aphelios/Kai'Sa (MT/SH),Ezreal/Twisted Fate (BW/PZ),0,1,0
Janna/Norra (BC/PZ),Ezreal/Seraphine (PZ/SI),0,1,0
Irelia/Zed (FR/IO),Kalista (SI),0,1,0
Shen/Sivir (IO/SH),Sejuani/Teemo (FR/PZ),0,1,0
Ahri/Kennen (BC/IO),Sejuani/Teemo (FR/PZ),0,1,0
Gwen/Hecarim/Sivir (SI/SH),Ezreal/Seraphine (PZ/SI),0,1,0
Gwen (SI),Darius/Gwen (NX/SI),0,1,0
Quinn/Vayne/Zed (DE/IO),Annie/Jhin (RU/NX),0,1,0
Championpile (DE/SH),Quinn/Vayne/Zed (DE/IO),0,1,0
Quinn/Vayne/Zed (DE/IO),Kalista/Lucian (DE/SI),0,1,0
Tristana (BC/DE),Hecarim/Sivir (SI/SH),0,1,0
Annie/Samira (FR/NX),Championless (SI),0,1,0
Garen/LeBlanc (DE/NX),Ashe/LeBlanc (FR/NX),0,1,0
Jinx/Twisted Fate (BW/PZ),Ashe/LeBlanc (FR/NX),0,1,0
Braum/Garen/Vayne (DE/FR),Ashe/LeBlanc (FR/NX),0,1,0
Ahri/Kennen (DE/IO),Ashe/LeBlanc (FR/NX),0,1,0
Akshan/Garen (DE/SH),Nilah/Twisted Fate (BW/PZ),0,1,0
Ashe (FR/PZ),Irelia/Zed (FR/IO),0,1,0
Championless (MT/SI),Irelia/Zed (FR/IO),0,1,0
Akshan/Master Yi (IO/SH),Samira/Twisted Fate (BW/NX),0,1,0
Gwen/Hecarim/Sivir (SI/SH),Kalista/Lucian (DE/SI),0,1,0
Gwen/Hecarim/Sivir (SI/SH),Ashe (FR/PZ),0,1,0
Championless (MT/SI),Norra (BC/PZ),0,1,0
Gwen/Hecarim/Sivir (SI/SH),Caitlyn/Teemo (BC/PZ),0,1,0
Championless (SI),Gwen/Hecarim/Sivir (SI/SH),0,1,0
Renekton/Sivir (SH),Braum/Zoe (FR/MT),0,1,0
Gnar/Neeko (FR/RU),Annie/Jhin (RU/NX),0,1,0
Aphelios/Diana (IO/MT),Annie/Jhin (RU/NX),0,1,0
Gwen/Hecarim/Sivir (SI/SH),Akshan/Pantheon (MT/SH),0,1,0
Garen (DE/SI),Akshan/Pantheon (MT/SH),0,1,0
Kai'Sa/Nidalee (FR/SH),Seraphine (IO/PZ),0,1,0
Braum/Udyr (FR/MT),Diana/Zoe (FR/MT),0,1,0
Diana/Zoe (FR/MT),Ezreal/Nilah (BW/PZ),0,1,0
Hecarim/Sivir (SI/SH),Swain/Yasuo (IO/NX),0,1,0
Akshan/Pantheon (MT/SH),Ashe/Caitlyn (FR/PZ),0,1,0
Ezreal/Seraphine (PZ/SI),Ezreal/Nilah/Twisted Fate (BW/PZ),0,1,0
Hecarim/Zed (IO/SI),Vayne/Zed (DE/IO),0,1,0
Darius/Gnar (FR/NX),LeBlanc (FR/NX),0,1,0
Gwen/Kalista (SI),Gnar/Udyr (FR/NX),0,1,0
Hecarim/Zed (IO/SI),Gnar/Udyr (FR/NX),0,1,0
Akshan/Pantheon (MT/SH),LeBlanc (FR/NX),0,1,0
Gwen/Hecarim (SI/SH),LeBlanc (FR/NX),0,1,0
Hecarim (SI),LeBlanc (FR/NX),0,1,0
Fizz/Nami (BW/FR),Annie/Ezreal/Swain (NX/PZ),0,1,0
Leona (MT),Yasuo (IO/NX),0,1,0
Hecarim/Kalista (IO/SI),Nilah/Twisted Fate (BW/PZ),0,1,0
Gnar/Tristana (BC/BW),Lulu/Master Yi (FR/IO),0,1,0
Norra (BC/PZ),Lulu/Master Yi (FR/IO),0,1,0
Janna/Twisted Fate (BW/PZ),Hecarim/Zed (IO/SI),0,1,0
Nidalee (BC/SH),Akshan/Pantheon (MT/SH),0,1,0
Kalista/LeBlanc (NX/SI),Akshan/Pantheon (MT/SH),0,1,0
Gnar/Udyr (DE/FR),Hecarim (SI),0,1,0
Nilah/Twisted Fate (BW/PZ),Nami/Twisted Fate (BW/PZ),0,1,0
Akshan/Udyr (FR/SH),Nami/Twisted Fate (BW/PZ),0,1,0
Annie/Leona (MT/NX),Championless (PZ/SI),0,1,0
Udyr (FR/SI),Hecarim (SI),0,1,0
Kai'Sa/Pantheon (MT/SH),Caitlyn/Teemo (BC/PZ),0,1,0
Akshan/Kai'Sa (MT/SH),Ashe/LeBlanc (FR/NX),0,1,0
Gwen/Hecarim (SI),Caitlyn/Teemo (BC/PZ),0,1,0
Hecarim/Kalista (SI/SH),Championless (BC/SI),0,1,0
Neeko (BW/RU),Akshan/Fiora (DE/SH),0,1,0
Hecarim/Zed (IO/SI),Gwen/Kalista (SI),0,1,0
Pantheon/Zoe (DE/MT),Gwen/Kalista (SI),0,1,0
Ezreal/Seraphine (IO/PZ),Fiora/Nidalee (DE/SH),0,1,0
Gwen/Hecarim (SI),Fiora/Nidalee (DE/SH),0,1,0
Nilah/Twisted Fate (BW/PZ),Hecarim/Zed (IO/SI),0,1,0
Quinn/Vayne/Zed (DE/IO),Swain/Yasuo (IO/NX),0,1,0
Hecarim (SI),Janna (PZ/SI),0,1,0
Championless (IO/PZ),Ashe/LeBlanc (FR/NX),0,1,0
Norra/Teemo (BC/PZ),Sejuani/Teemo (FR/PZ),0,1,0
Caitlyn/Teemo (BC/PZ),Sejuani/Teemo (FR/PZ),0,1,0
Gwen (IO/SI),Ezreal/Seraphine (PZ/SI),0,1,0
Master Yi/Zoe (IO/MT),Fizz/Nami (BC/BW),0,1,0
Miss Fortune/Quinn/Vayne (BW/DE),Hecarim/Zed (IO/SI),0,1,0
Gwen/Vayne (DE/SI),Hecarim/Zed (IO/SI),0,1,0
Gwen/Hecarim (SI/SH),Hecarim/Zed (IO/SI),0,1,0
Caitlyn/Teemo (BC/PZ),Fizz/Nami (BW/FR),0,1,0
Ahri/Jhin/Yasuo (IO/RU),Caitlyn/Teemo (BC/PZ),0,1,0
Aphelios/Udyr (FR/MT),Caitlyn/Teemo (BC/PZ),0,1,0
Elise (SI),Caitlyn/Teemo (BC/PZ),0,1,0
Nidalee/Zoe (MT/SH),Hecarim/Zed (IO/SI),0,1,0
Caitlyn/Norra/Teemo (BC/PZ),Leona/Yasuo (IO/MT),0,1,0
Championless (PZ/SI),Ezreal/Seraphine (IO/PZ),0,1,0
Norra/Teemo (BC/PZ),Master Yi/Pantheon (IO/MT),0,1,0
Master Yi/Pantheon (IO/MT),Annie/Jhin (RU/NX),0,1,0
Gwen (IO/SI),LeBlanc/Udyr (FR/NX),0,1,0
Hecarim/Kalista (SI/SH),LeBlanc/Udyr (FR/NX),0,1,0
Caitlyn (BC/PZ),Katarina/Yasuo (IO/NX),0,1,0
Ezreal/Seraphine (PZ/SI),Hecarim/Kalista (SI/SH),0,1,0
Akshan/Fiora (DE/SH),Fiora/Shen (DE/IO),0,1,0
Ezreal/Nilah (BW/PZ),Gwen/Hecarim (SI/SH),0,1,0
Hecarim/Kalista (SI/SH),Championless (BW/PZ),0,1,0
Gwen/Hecarim (SI/SH),Fiora/Nidalee (DE/SH),0,1,0
Hecarim/Sivir (SI/SH),Fiora/Nidalee (DE/SH),0,1,0
Fizz/Nami (BC/BW),Akshan/Garen (DE/SH),0,1,0
Fiora/Nidalee (DE/SH),Championless (IO/PZ),0,1,0
Caitlyn/Teemo (FR/PZ),Darius/LeBlanc/Zed (IO/NX),0,1,0
Akshan/Master Yi (IO/SH),Aphelios/Zoe (MT/PZ),0,1,0
Aphelios/Zoe (MT/PZ),Nilah/Twisted Fate (BW/PZ),0,1,0
Kalista (DE/SI),Akshan/Master Yi (IO/SH),0,1,0
Nilah/Twisted Fate (BW/PZ),Ezreal/Norra (BC/PZ),0,1,0
Master Yi/Pantheon (IO/MT),Akshan/Kai'Sa/Sivir (IO/SH),0,1,0
Lucian/Zoe (DE/MT),Janna (PZ/SI),0,1,0
Caitlyn/Teemo (BW/PZ),Championless (BC/SI),0,1,0
Kai'Sa/Sivir (DE/SH),Ashe/Janna (FR/PZ),0,1,0
Akshan/Garen (DE/SH),Janna (FR/PZ),0,1,0
Braum/Udyr (FR/MT),LeBlanc (FR/NX),0,1,0
Garen/Gnar (DE/FR),Braum/Zoe (FR/MT),0,1,0
Master Yi/Udyr (FR/IO),LeBlanc (FR/NX),0,1,0
Fiora/Shen (DE/IO),Lucian/Zed (DE/IO),0,1,0
LeBlanc/Sivir (NX/SH),Lucian/Zed (DE/IO),0,1,0
Lucian/Zoe (DE/MT),Master Yi/Zoe (IO/MT),0,1,0
Neeko (BW/RU),Sejuani/Swain (FR/NX),0,1,0
Annie/Jhin (RU/NX),Neeko (BW/RU),0,1,0
Ashe/Janna (FR/PZ),Gwen/Kalista (SI),0,1,0
Ashe/Janna (FR/PZ),Lucian/Zoe (DE/MT),0,1,0
Braum (FR/MT),Lucian/Zoe (DE/MT),0,1,0
Annie/Jhin (RU/NX),Lucian/Zoe (DE/MT),0,1,0
Master Yi/Zoe (IO/MT),Championless (PZ/SI),0,1,0
Ezreal/Seraphine (PZ/SI),Ezreal/Swain (NX/PZ),0,1,0
Caitlyn/Swain (NX/PZ),Sejuani/Swain (FR/NX),0,1,0
Caitlyn/Swain (NX/PZ),Tristana (BC/IO),0,1,0
Tristana (BC/IO),Nilah/Twisted Fate (BW/PZ),0,1,0
Braum (FR/MT),Tristana (BC/IO),0,1,0
Lissandra/Master Yi (FR/IO),Janna (FR/PZ),0,1,0
Championless (MT/SI),Zoe (IO/MT),0,1,0
Garen/Udyr (DE/FR),Leona (FR/MT),0,1,0
Gwen/Kalista (SI),Kai'Sa (IO/SH),0,1,0
Akshan/Master Yi (IO/SH),Gwen/Kalista (SI),0,1,0
Neeko (BW/RU),Darius/Gwen (NX/SI),0,1,0
Neeko (BW/RU),Braum/Zoe (FR/MT),0,1,0
Teemo/Tristana (BC/SI),Hecarim/Zed (IO/SI),0,1,0
Katarina/Zed (IO/NX),Hecarim/Zed (IO/SI),0,1,0
Ahri/Kennen (BC/IO),Teemo/Tristana (BC/SI),0,1,0
Caitlyn/Norra/Teemo (BC/PZ),Caitlyn/Teemo (BC/PZ),0,1,0
Ezreal/Janna (DE/PZ),Caitlyn/Teemo (BC/PZ),0,1,0
Bard/Norra (BC/RU),Janna (FR/PZ),0,1,0
Braum (FR/MT),Shen/Sivir (IO/SH),0,1,0
Nilah/Twisted Fate (BW/PZ),Garen/Vayne (DE/SI),0,1,0
Master Yi/Udyr (FR/IO),Ezreal/Swain (NX/PZ),0,1,0
Garen/Lux: Illuminated (BC/DE),Ashe/LeBlanc (FR/NX),0,1,0
Seraphine (MT/PZ),Championless (SI),0,1,0
Caitlyn/Norra/Teemo (BC/PZ),Ezreal/Swain (NX/PZ),0,1,0
Nilah/Twisted Fate (BW/PZ),Samira/Twisted Fate (BW/NX),0,1,0
Samira/Twisted Fate (BW/NX),Pantheon/Vayne (DE/MT),0,1,0
Nami/Nilah (BW/IO),Darius/Gnar (FR/NX),0,1,0
Nidalee/Sivir (NX/SH),Ashe (FR/PZ),0,1,0
Norra/Swain (BC/NX),Kalista (SI),0,1,0
Norra/Swain (BC/NX),Gwen/Kalista (SI),0,1,0
Samira/Twisted Fate (BW/NX),Neeko/Teemo (BC/RU),0,1,0
Caitlyn (PZ/SI),Katarina/Yasuo (IO/NX),0,1,0
Master Yi/Vayne (DE/IO),Caitlyn/Teemo (BW/PZ),0,1,0
Caitlyn/Teemo (BW/PZ),Annie/Leona (MT/NX),0,1,0
Nidalee (BC/SH),Caitlyn (FR/PZ),0,1,0
Fizz/Kennen/Teemo (BC/DE),Caitlyn/Swain (NX/PZ),0,1,0
Garen/Swain (DE/NX),Championless (SI),0,1,0
Ashe/Udyr (FR/IO),Ashe/Lissandra (FR/IO),0,1,0
Master Yi/Vayne (DE/IO),Ashe/Udyr (FR/IO),0,1,0
Ashe/Master Yi (FR/IO),Renekton/Sivir (FR/SH),0,1,0
Ezreal/Seraphine (IO/PZ),Ashe/Master Yi (FR/IO),0,1,0
Elise (SI),Nilah/Twisted Fate (BW/PZ),0,1,0
Caitlyn/Janna (BC/PZ),Championless (SI),0,1,0
Annie/Leona (MT/NX),Championless (SI),0,1,0
Ekko/Jinx (PZ/SH),Gnar/Renekton (FR/SH),0,1,0
Championless (FR/MT),Gnar/Renekton (FR/SH),0,1,0
Braum/Garen/Vayne (DE/FR),Diana/Nocturne (MT/SI),0,1,0
Diana/Nocturne (MT/SI),Elise (SI),0,1,0
Norra/Zoe (BC/MT),Akshan/Udyr (FR/SH),0,1,0
Elise (SI),Braum/Zoe (FR/MT),0,1,0
Samira/Twisted Fate (BW/NX),Annie/Leona (MT/NX),0,1,0
Caitlyn/Norra/Teemo (BC/PZ),Championless (PZ/SI),0,1,0
Ezreal/Seraphine (IO/PZ),Leona/Yasuo (IO/MT),0,1,0
Caitlyn/Teemo (BC/PZ),Gnar/Neeko (FR/RU),0,1,0
Ashe/Lissandra (FR/IO),Ashe (FR/PZ),0,1,0
Ashe/Braum/Sejuani (FR/SI),Ezreal/Seraphine (PZ/SI),0,1,0
Nilah/Twisted Fate (BW/PZ),Gnar/Renekton (FR/SH),0,1,0
Championless (IO/PZ),Janna (FR/PZ),0,1,0
Miss Fortune/Twisted Fate (BW/NX),Teemo/Tristana (BC/SI),0,1,0
Lucian/Zed (DE/IO),Nilah/Twisted Fate (BW/PZ),0,1,0
Ashe/Udyr (FR/IO),Gnar/Swain (BC/NX),0,1,0
Janna/Twisted Fate (BW/PZ),Master Yi/Vayne (DE/IO),0,1,0
Garen (DE),Janna/Nilah (BW/PZ),0,1,0
Darius/Gwen (NX/SI),Janna (PZ/SI),0,1,0
Master Yi/Vayne (DE/IO),Nilah/Twisted Fate (BW/PZ),0,1,0
The Poro King/Zoe (MT/RU),Nilah/Twisted Fate (BW/PZ),0,1,0
Quinn/Vayne (DE/PZ),Caitlyn/Norra/Teemo (BC/PZ),0,1,0
Janna (PZ/SI),Quinn/Vayne (DE/PZ),0,1,0
Nami/Seraphine (BW/PZ),Quinn/Vayne (DE/PZ),0,1,0
Janna (FR/PZ),Quinn/Vayne (DE/PZ),0,1,0
Katarina/Miss Fortune (BW/NX),Quinn/Vayne/Zed (DE/IO),0,1,0
Caitlyn/Janna (BC/PZ),Lissandra (FR/IO),0,1,0
Fizz/Nami (BW/MT),Yasuo (IO/PZ),0,1,0
Twisted Fate/Yasuo (BW/IO),Norra/Zoe (BC/MT),0,1,0
Master Yi/Seraphine (IO/PZ),Ezreal/Swain (NX/PZ),0,1,0
Ashe (BW/FR),Ashe (FR/PZ),0,1,0
Gnar/Renekton (FR/SH),Darius/Gnar (FR/NX),0,1,0
Twisted Fate/Yasuo (BW/IO),Fiora/Udyr (DE/FR),0,1,0
Sejuani/Teemo (BC/FR),Lux: Illuminated/The Poro King (DE/RU),0,1,0
Braum/Udyr (DE/FR),Sejuani/Teemo (BC/FR),0,1,0
Ashe (FR/PZ),Akshan/Sivir (NX/SH),0,1,0
Ezreal/Janna/Twisted Fate (BW/PZ),Ezreal/Seraphine (PZ/SI),0,1,0
Ezreal/Janna/Twisted Fate (BW/PZ),Swain/Yasuo (IO/NX),0,1,0
Caitlyn/Norra/Teemo (BC/PZ),Quinn/Vayne/Zed (DE/IO),0,1,0
Jhin/Yasuo (IO/RU),Quinn/Vayne/Zed (DE/IO),0,1,0
Neeko/Teemo (BC/RU),Ezreal/Seraphine (IO/PZ),0,1,0
Quinn/Vayne/Zed (DE/IO),Akshan/Master Yi (IO/SH),0,1,0
Nami (BW/PZ),Championless (SI),0,1,0
Jhin/Yasuo (IO/RU),Katarina/Yasuo (IO/NX),0,1,0
Caitlyn/Norra/Teemo (BC/PZ),Katarina/Yasuo (IO/NX),0,1,0
Katarina/Yasuo (IO/NX),Caitlyn/Swain (NX/PZ),0,1,0
Ekko/Jinx (PZ/SH),Master Yi/Pantheon (IO/MT),0,1,0
Caitlyn/Teemo (BC/PZ),Gwen/Irelia (IO/SI),0,1,0
Gnar/Nidalee (BC/SH),Gwen/Zed (IO/SI),0,1,0
Championless (SI),Draven/Pantheon (MT/NX),0,1,0
Hecarim/Kalista (IO/SI),Ahri/Kennen (BC/IO),0,1,0
Ashe/Sivir (FR/SH),Gnar/Swain (BC/NX),0,1,0
Garen/Sivir (DE/SH),Braum/Udyr (DE/FR),0,1,0
Ashe/Udyr (FR/IO),Braum/Udyr (BW/FR),0,1,0
Ashe/Udyr (FR/IO),Annie/Jhin (RU/NX),0,1,0
Ashe/LeBlanc (FR/NX),Ashe/Udyr (FR/IO),0,1,0
Norra/Zoe (BC/MT),Ashe/Udyr (FR/IO),0,1,0
Ashe/Caitlyn (FR/PZ),Darius/Gnar (FR/NX),0,1,0
Ashe/Caitlyn (FR/PZ),Ashe/LeBlanc (FR/NX),0,1,0
Janna/Nilah/Twisted Fate (BW/PZ),Gwen/Vayne (DE/SI),0,1,0
Gnar/Sejuani (BC/FR),Darius/Gnar (FR/NX),0,1,0
Championless (SI),Miss Fortune (BW/MT),0,1,0
Ezreal/Gwen/Teemo (PZ/SI),Braum/Udyr (BW/FR),0,1,0
Neeko/Quinn (DE/RU),Championless (SI),0,1,0
Caitlyn/Teemo (BC/PZ),Neeko/Quinn (DE/RU),0,1,0
The Poro King/Zoe (MT/RU),Ashe/LeBlanc (FR/NX),0,1,0
Ashe (FR/SI),Braum/Janna (FR/PZ),0,1,0
Norra/Zoe (BC/MT),Yasuo (IO/PZ),0,1,0
Hecarim/Kalista (SI/SH),Janna/Twisted Fate (BW/PZ),0,1,0
Braum/Zoe (FR/MT),Fiora/Nidalee (DE/SH),0,1,0
Ezreal/Norra (BC/PZ),Braum/Janna (FR/PZ),0,1,0
Ezreal/Gwen/Teemo (PZ/SI),Janna (PZ/SI),0,1,0
Ashe (FR/PZ),Ezreal/Gwen/Teemo (PZ/SI),0,1,0
Janna/Nilah/Twisted Fate (BW/PZ),Caitlyn/Ekko (PZ/SI),0,1,0
Miss Fortune (BW/MT),Gnar/Nidalee (BC/SH),0,1,0
Quinn/Vayne/Zed (DE/IO),Garen/Shen (DE/IO),0,1,0
Darius/Garen (DE/NX),Ashe (FR/PZ),0,1,0
Caitlyn/Janna (BC/PZ),Ashe/Caitlyn (FR/PZ),0,1,0
Pantheon/Samira (MT/NX),Lulu/Shen (IO/MT),0,1,0
Samira/Twisted Fate (BW/NX),Janna/Nilah/Twisted Fate (BW/PZ),0,1,0
Caitlyn/Teemo (BC/PZ),Darius/Garen (DE/NX),0,1,0
Hecarim/Kalista/Zed (IO/SI),Ezreal/Seraphine (PZ/SI),0,1,0
Hecarim/Kalista/Zed (IO/SI),Braum/Vayne (DE/FR),0,1,0
Hecarim/Kalista (SI/SH),Annie/Nami (BW/NX),0,1,0
Hecarim/Kalista (SI/SH),Akshan/Master Yi/Sivir (IO/SH),0,1,0
Gnar/Janna (BC/PZ),Lulu/Shen (DE/IO),0,1,0
Lulu/Shen (DE/IO),Ashe/Lissandra (FR),0,1,0
Lulu/Shen (DE/IO),Master Yi (BW/IO),0,1,0
Caitlyn/Ekko (PZ/SI),Hecarim/Kalista (IO/SI),0,1,0
Championless (MT/SI),Darius/Garen (DE/NX),0,1,0
Gwen/LeBlanc (NX/SI),Yasuo (IO/NX),0,1,0
Hecarim/Kalista (SI/SH),Braum/Gnar (BC/FR),0,1,0
Caitlyn/Teemo (MT/PZ),Garen (DE/SH),0,1,0
Gwen/Kalista (BW/SI),Lulu/Shen (DE/IO),0,1,0
Darius/Gnar (FR/NX),Twisted Fate/Udyr (BW/FR),0,1,0
Darius/Swain (NX/SI),Lulu/Shen (BC/IO),0,1,0
Darius/Swain (NX/SI),Darius/Gnar (FR/NX),0,1,0
Braum/Janna (FR/PZ),Neeko/Teemo (RU/PZ),0,1,0
Quinn/Vayne (DE/PZ),Neeko/Teemo (BC/RU),0,1,0
Aphelios/Braum (FR/MT),Darius/Gnar (FR/NX),0,1,0
Lulu/Tristana (BC/DE),Darius/Gnar (FR/NX),0,1,0
Katarina/Yasuo (IO/NX),Lulu/Tristana (BC/DE),0,1,0
Hecarim/Kalista (IO/SI),LeBlanc/Udyr (FR/NX),0,1,0
LeBlanc/Udyr (FR/NX),Ashe/Braum (FR/IO),0,1,0
Nami (BW/PZ),Ashe/Braum (FR/IO),0,1,0
Ashe/Udyr (FR/IO),Hecarim/Zed (IO/SI),0,1,0
Norra (BC/SI),Teemo/Tristana (BC/SI),0,1,0
Janna/Nilah/Twisted Fate (BW/PZ),Gnar/Tristana (BC/BW),0,1,0
Janna/Nilah/Twisted Fate (BW/PZ),Teemo/Tristana (BC/SI),0,1,0
Gnar/Tristana (BC/BW),Kalista (SI),0,1,0
Hecarim/Kalista (IO/SI),Braum/Zoe (FR/MT),0,1,0
Akshan/Pantheon (MT/SH),Gnar/Nidalee (BC/SH),0,1,0
Hecarim (SI),Gnar/Tristana (BC/SI),0,1,0
Championless (SI),Ezreal/Norra (BC/PZ),0,1,0
Braum/Udyr (BW/FR),Ezreal/Norra (BC/PZ),0,1,0
Gnar/Neeko (FR/RU),Ashe (FR/SI),0,1,0
Lulu/Shen (DE/IO),Ashe (FR/SI),0,1,0
Yasuo (IO/PZ),Evelynn/Kai'Sa (RU/SH),0,1,0
Ezreal/Norra (BC/PZ),Championless (PZ/SI),0,1,0
Hecarim/Kalista (SI/SH),Janna/Master Yi (IO/PZ),0,1,0
Gnar/Udyr (FR/MT),Fizz/Nami (BW/FR),0,1,0
Kai'Sa/Zed (IO/SH),Fizz/Nami (BW/FR),0,1,0
Braum/Zed (FR/IO),Fiora/Nidalee (DE/SH),0,1,0
Teemo/Tristana (BC/SI),Braum/Zed (FR/IO),0,1,0
Nilah/Twisted Fate (BW/SI),Darius/Gnar (FR/NX),0,1,0
Twisted Fate (BW/FR),Janna (FR/PZ),0,1,0
Janna (FR/PZ),Darius/Garen (DE/NX),0,1,0
Braum/Gnar (BC/FR),Ashe/LeBlanc (FR/NX),0,1,0
Bard/Braum (RU/FR),Ashe/LeBlanc (FR/NX),0,1,0
Annie/Jhin (RU/NX),Teemo/Tristana (BC/SI),0,1,0
Hecarim/Zed (IO/SI),Darius/Gnar (FR/NX),0,1,0
Gwen/Vayne (DE/SI),Lulu/Shen (BC/IO),0,1,0
Hecarim (SI),Gwen/Vayne (DE/SI),0,1,0
Gnar/Nidalee (BC/SH),Teemo/Tristana (BC/SI),0,1,0
Nami/Seraphine (BW/PZ),Udyr (FR/SI),0,1,0
Gnar/Udyr (FR/MT),Teemo/Tristana (BC/SI),0,1,0
Caitlyn/Teemo (BC/PZ),Teemo/Tristana (BC/SI),0,1,0
Aphelios/Udyr (FR/MT),Leona/Yasuo (IO/MT),0,1,0
Kai'Sa/Sivir/Zed (IO/SH),Ashe/LeBlanc (FR/NX),0,1,0
Caitlyn/Swain (NX/PZ),LeBlanc/Udyr (FR/NX),0,1,0
Neeko/Teemo (BC/RU),LeBlanc/Udyr (FR/NX),0,1,0
Kai'Sa/Sivir/Zed (IO/SH),Neeko/Teemo (BC/RU),0,1,0
Caitlyn/Teemo (BC/PZ),Neeko/Teemo (BC/RU),0,1,0
Bard/Braum (RU/FR),Quinn/Vayne/Zed (DE/IO),0,1,0
Fizz/Jinx (BW/PZ),Quinn/Vayne/Zed (DE/IO),0,1,0
Kai'Sa/Zed (IO/SH),Swain/Yasuo (IO/NX),0,1,0
Akshan/Udyr (FR/SH),Leona/Yasuo (IO/MT),0,1,0
Ashe/Janna (FR/PZ),Caitlyn/Teemo (MT/PZ),0,1,0
Ashe/Janna (FR/PZ),Nami/Seraphine (BW/PZ),0,1,0
Ashe/Janna (FR/PZ),Fiora/Nidalee (DE/SH),0,1,0
Master Yi/Zed (FR/IO),Leona/Yasuo (IO/MT),0,1,0
Fizz/Master Yi (BW/IO),Braum/Master Yi (FR/IO),0,1,0
Braum/Udyr (DE/FR),Fizz/Master Yi (BW/IO),0,1,0
Sivir/Udyr (FR/SH),Darius/Gnar (FR/NX),0,1,0
Kai'Sa/Zed (IO/SH),Akshan/Master Yi (IO/SH),0,1,0
Kai'Sa/Zed (IO/SH),Championless (PZ/SI),0,1,0
Kai'Sa/Zed (IO/SH),Ashe (FR/PZ),0,1,0
Kai'Sa/Zed (IO/SH),Braum/The Poro King (FR/RU),0,1,0
Kai'Sa/Zed (IO/SH),Ekko/Jinx (PZ/SH),0,1,0
Sejuani/Sivir (FR/SH),Kai'Sa/Sivir/Zed (IO/SH),0,1,0
Hecarim/Kalista (SI/SH),Lulu/Shen (DE/IO),0,1,0
Darius/Gwen (NX/SI),Swain/Twisted Fate (BW/NX),0,1,0
Championless (SI),Akshan/Nidalee (BC/SH),0,1,0
Master Yi/Zed (FR/IO),Sejuani/Swain (FR/NX),0,1,0
Lulu/Shen (DE/IO),Fizz/Nami (BC/BW),0,1,0
Neeko/Teemo (RU/PZ),Garen/Sivir (DE/SH),0,1,0
Ahri/Kennen (DE/IO),Yasuo (IO/PZ),0,1,0
Nidalee (BC/SH),Annie/Samira (NX/PZ),0,1,0
Renekton/Sivir (SH),Ashe/LeBlanc (FR/NX),0,1,0
Katarina/Yasuo (IO/NX),Katarina/Leona (MT/NX),0,1,0
Master Yi/Udyr (FR/IO),Ezreal/Gwen/Teemo (PZ/SI),0,1,0
Swain/Yasuo (IO/NX),Master Yi/Udyr (FR/IO),0,1,0
Master Yi/Udyr (FR/IO),Hecarim (SI),0,1,0
Sejuani/Swain (FR/NX),Bard/Norra (BC/RU),0,1,0
Yasuo (IO/PZ),Lulu/Shen (DE/IO),0,1,0
Yasuo (IO/PZ),Hecarim/Zed (IO/SI),0,1,0
Ezreal/Norra (BC/PZ),Fiora/Nidalee (DE/SH),0,1,0
Akshan/Zoe (MT/SH),Ezreal/Norra (BC/PZ),0,1,0
Nami/Twisted Fate (BW/PZ),Fiora/Nidalee (DE/SH),0,1,0
Aphelios/Nami (BW/MT),Ezreal/Seraphine (PZ/SI),0,1,0
Janna/Zoe (MT/PZ),Aphelios/Zoe (MT/PZ),0,1,0
Fiora/Shen (DE/IO),Janna/Zoe (MT/PZ),0,1,0
Akshan/Vayne (DE/SH),Championless (SI),0,1,0
Janna/Master Yi (IO/PZ),Aphelios/Zoe (MT/PZ),0,1,0
Sejuani/Swain (FR/NX),Janna/Master Yi (IO/PZ),0,1,0
Katarina/Master Yi (IO/NX),Braum/Zoe (FR/MT),0,1,0
Lulu/Shen (DE/IO),Ezreal/Gwen/Teemo (PZ/SI),0,1,0
Ezreal/Gwen/Teemo (PZ/SI),Miss Fortune/Quinn (BW/DE),0,1,0
Ashe/Janna (FR/PZ),Championless (NX/SI),0,1,0
Ezreal/Seraphine (PZ/SI),Janna (FR/PZ),0,1,0
Gwen/Vayne (DE/SI),Lulu/Shen (DE/IO),0,1,0
Lulu/Shen (DE/IO),Kalista (SI),0,1,0
Darius/Yasuo (IO/NX),Lulu/Shen (DE/IO),0,1,0
Caitlyn/Swain (NX/PZ),Lulu/Shen (DE/IO),0,1,0
Ashe (FR/PZ),Aphelios/Zoe (MT/PZ),0,1,0
Akshan/Master Yi (IO/SH),Ashe/Janna (FR/PZ),0,1,0
Fiora (DE/MT),Gnar/Tristana (BC/BW),0,1,0
Hecarim (MT/SI),Nidalee (BC/SH),0,1,0
Nidalee (BC/SH),Aphelios/Zoe (MT/PZ),0,1,0
Caitlyn/Twisted Fate (BW/PZ),Ashe (FR/PZ),0,1,0
Caitlyn/Twisted Fate (BW/PZ),Braum/Neeko (FR/RU),0,1,0
Fiora (DE/MT),Nilah/Twisted Fate (BW/PZ),0,1,0
Garen/Neeko (DE/RU),Nilah/Twisted Fate (BW/PZ),0,1,0
Nilah/Twisted Fate (BW/PZ),Ashe/Braum (FR/IO),0,1,0
Shen/Sivir (IO/SH),Ezreal/Swain (NX/PZ),0,1,0
Pantheon/Samira (MT/NX),Shen/Sivir (IO/SH),0,1,0
Ezreal/Swain (NX/PZ),Akshan/Udyr (FR/SH),0,1,0
Fizz/Gnar (BW/FR),Ezreal/Swain (NX/PZ),0,1,0
Ezreal/Swain (NX/PZ),Garen (DE/SH),0,1,0
Kai'Sa/Zed (IO/SH),Braum/Neeko (FR/RU),0,1,0
Braum/Neeko (FR/RU),Master Yi/Zoe (IO/MT),0,1,0
Garen/Neeko (DE/RU),Shen/Sivir (IO/SH),0,1,0
Darius/Yasuo (IO/NX),Akshan/Master Yi/Sivir (IO/SH),0,1,0
Ezreal/Swain (NX/PZ),Darius/Yasuo (IO/NX),0,1,0
Kai'Sa/Zed (IO/SH),Neeko (RU/SH),0,1,0
Katarina/Yasuo (IO/NX),Aphelios/Zoe (MT/PZ),0,1,0
Braum/Garen (DE/FR),Nilah/Twisted Fate (BW/PZ),0,1,0
Caitlyn/Teemo (BC/PZ),Hecarim (MT/SI),0,1,0
Hecarim (MT/SI),Garen/Sivir (DE/SH),0,1,0
Hecarim (MT/SI),Jhin/Kennen (IO/RU),0,1,0
Gwen/Irelia (IO/SI),Hecarim (MT/SI),0,1,0
Darius/Gwen (NX/SI),Garen/Sivir (DE/SH),0,1,0
Kennen/Master Yi (BC/IO),Ashe (FR/PZ),0,1,0
Ezreal/Seraphine (PZ/SI),Akshan/Nidalee (BC/SH),0,1,0
Ashe (FR/SI),Master Yi/Udyr (FR/IO),0,1,0
Garen/Sivir (DE/SH),Master Yi/Udyr (FR/IO),0,1,0
Ezreal/Gwen/Teemo (PZ/SI),Seraphine/Zoe (MT/PZ),0,1,0
Lux: Illuminated/Zoe (DE/MT),Miss Fortune/Zoe (BW/MT),0,1,0
Championless (SI),Garen/Sivir (DE/SH),0,1,0
Akshan/Fiora (DE/SH),Bard/Norra (BC/RU),0,1,0
Caitlyn/Swain (NX/PZ),Bard/Norra (BC/RU),0,1,0
Draven/Katarina (DE/NX),Ashe/LeBlanc (FR/NX),0,1,0
Lulu/Norra (BC/PZ),Fiora/Nidalee (DE/SH),0,1,0
Ashe (FR),Ezreal/Gwen/Teemo (PZ/SI),0,1,0
Norra/Twisted Fate (BC/BW),Braum/Teemo (FR/PZ),0,1,0
Norra/Twisted Fate (BC/BW),Gwen/Teemo (PZ/SI),0,1,0
Ashe (FR),Akshan/Samira (NX/SH),0,1,0
Swain/Yasuo (IO/NX),Championless (NX/SI),0,1,0
Kalista/Nocturne (BW/SI),Championless (NX/SI),0,1,0
Garen/Sivir (DE/SH),Kai'Sa/Sivir (DE/SH),0,1,0
Gwen/Irelia/Zed (IO/SI),Championless (SI),0,1,0
Championless (SI),Gwen/Shen (IO/SI),0,1,0
Shen/Sivir (IO/SH),Norra/Twisted Fate (BC/BW),0,1,0
Norra/Twisted Fate (BC/BW),Braum/Zoe (FR/MT),0,1,0
Kalista (SI),Elise (SI),0,1,0
Ashe/Sejuani (FR/PZ),Darius/Gnar (FR/NX),0,1,0
Ezreal/Swain (NX/PZ),Championless (MT/SI),0,1,0
Garen/Sivir (DE/SH),Fiora/Shen (DE/IO),0,1,0
Garen/Sivir (DE/SH),Norra/Teemo (BC/PZ),0,1,0
Akshan/Samira (NX/SH),Ashe/Janna (FR/PZ),0,1,0
Kai'Sa (IO/SH),Garen/Neeko (DE/RU),0,1,0
Nilah/Twisted Fate (BW/PZ),Kalista/Nocturne (BW/SI),0,1,0
Kalista/Nocturne (BW/SI),Championless (PZ/SI),0,1,0
Ezreal/Seraphine (PZ/SI),Garen/Sivir (DE/SH),0,1,0
Championless (MT/SI),Caitlyn (PZ/SI),0,1,0
Championless (MT/SI),Akshan/Fiora (DE/SH),0,1,0
Akshan/Fiora (DE/SH),Garen/Sivir (DE/SH),0,1,0
Garen/Sivir (DE/SH),Jhin/Kennen (IO/RU),0,1,0
Gwen/Hecarim/Kalista (SI),Lulu/Shen (IO/MT),0,1,0
Miss Fortune/Quinn (BW/DE),Janna/Twisted Fate (BW/PZ),0,1,0
Gwen/Kalista (NX/SI),Akshan/Pantheon (MT/SH),0,1,0
Braum/Teemo (FR/PZ),Gwen/Kalista (NX/SI),0,1,0
Janna/Twisted Fate (BW/PZ),Fiora/Udyr (DE/FR),0,1,0
Caitlyn/Teemo (BC/PZ),Hecarim (SI),0,1,0
Caitlyn/Teemo (BC/PZ),Yasuo (IO/NX),0,1,0
Championless (FR/PZ),Kalista (SI),0,1,0
Ahri/Kennen (BC/IO),Akshan/Master Yi (IO/SH),0,1,0
Caitlyn/Teemo (BC/PZ),Katarina/Yasuo (IO/NX),0,1,0
Fizz/Sivir (BW/SH),Caitlyn/Teemo (BC/PZ),0,1,0
Akshan/Pantheon (MT/SH),Braum/Teemo (FR/PZ),0,1,0
Garen (DE),Kalista (SI),0,1,0
Aphelios/Ashe/Udyr (FR/MT),Ashe/LeBlanc (FR/NX),0,1,0
Janna/Twisted Fate (BW/PZ),Braum/Teemo (FR/PZ),0,1,0
Championless (PZ/SI),Braum/Teemo (FR/PZ),0,1,0
Nilah/Twisted Fate (BW/PZ),Braum/Teemo (FR/PZ),0,1,0
Garen (DE),Gwen/Vayne (DE/SI),0,1,0
Udyr (FR/SI),Braum/Vayne (DE/FR),0,1,0
Norra/Twisted Fate (BC/BW),Darius/Yasuo (IO/NX),0,1,0
Norra/Twisted Fate (BC/BW),Caitlyn/Teemo (BC/PZ),0,1,0
Caitlyn/Zoe (MT/PZ),Ashe/Kalista (FR/SI),0,1,0
Draven/Tristana (BC/NX),Ashe/Braum (FR/IO),0,1,0
Fizz/Nami/Nilah (BW/PZ),Ezreal/Seraphine (IO/PZ),0,1,0
Samira/Twisted Fate (BW/NX),Hecarim (SI),0,1,0
Ezreal/Seraphine (IO/PZ),Hecarim (SI),0,1,0
Shen/Sivir (IO/SH),Neeko (FR/RU),0,1,0
Neeko (FR/RU),Garen (DE),0,1,0
Ashe (FR/PZ),Fizz/Sivir (BW/SH),0,1,0
Lux: Illuminated/The Poro King (DE/RU),Nilah/Twisted Fate (BW/PZ),0,1,0
Ashe/Udyr (FR/SI),Lux: Illuminated/The Poro King (DE/RU),0,1,0
Sejuani/Swain (FR/NX),Braum/Udyr (FR/MT),0,1,0
Garen/Leona (DE/MT),Ashe/LeBlanc (FR/NX),0,1,0
Sejuani/Swain (FR/NX),Diana/Leona (MT/SH),0,1,0
Diana/Leona (MT/SH),Pantheon/Zoe (DE/MT),0,1,0
Ashe/Udyr (FR/SI),Akshan/Renekton (FR/SH),0,1,0
Nilah/Twisted Fate (BW/PZ),Pantheon/Zoe (DE/MT),0,1,0
Fiora/Renekton (DE/SH),Gnar/Nidalee (BC/SH),0,1,0
Braum/Janna (FR/PZ),Darius/Gnar (FR/NX),0,1,0
Kalista/LeBlanc (NX/SI),Swain/Yasuo (IO/NX),0,1,0
Norra (BC/SI),Ashe/Udyr (FR/SI),0,1,0
Ashe/Udyr (FR/SI),Sejuani/Swain (FR/NX),0,1,0
Braum/Udyr (DE/FR),Fiora/Udyr (DE/FR),0,1,0
Caitlyn/Ezreal (PZ/SI),Fiora/Nidalee (DE/SH),0,1,0
Caitlyn/Swain (NX/PZ),Caitlyn/Ekko (PZ/SI),0,1,0
Braum/Janna (FR/PZ),Braum/Teemo (FR/PZ),0,1,0
Caitlyn/Teemo (BC/PZ),Braum/Teemo (FR/PZ),0,1,0
Braum/Teemo (FR/PZ),Neeko (FR/RU),0,1,0
Annie/Leona (MT/NX),Braum/Garen (DE/FR),0,1,0
Norra (BC/SI),Kalista (SI),0,1,0
Fiora/Nidalee (DE/SH),Zoe (IO/MT),0,1,0
Championless (IO/PZ),Janna (PZ/SI),0,1,0
Garen/Leona (DE/MT),Championless (IO/PZ),0,1,0
Master Yi/Yasuo (IO/NX),Championless (SI),0,1,0
LeBlanc/Zed (IO/NX),Championless (SI),0,1,0
Sejuani/Teemo (FR/PZ),Norra/Twisted Fate (BC/BW),0,1,0
Championless (MT/SI),Norra/Twisted Fate (BC/BW),0,1,0
Ezreal/Seraphine (IO/PZ),Norra/Twisted Fate (BC/BW),0,1,0
Darius/Draven (NX),Sejuani/Teemo (FR/PZ),0,1,0
Fiora/Renekton (DE/SH),Ashe (FR/PZ),0,1,0
Ashe/LeBlanc (FR/NX),Fiora/Renekton (DE/SH),0,1,0
Ashe/Udyr (FR/SI),Twisted Fate (BW/FR),0,1,0
Gwen/Sejuani (FR/SI),Leona/Yasuo (IO/MT),0,1,0
Braum/Janna (FR/PZ),Annie/Jhin (RU/NX),0,1,0
Fiora/Shen/Yasuo (DE/IO),Braum/Janna (FR/PZ),0,1,0
Championless (PZ/SI),Championless (FR/MT),0,1,0
Akshan/Master Yi (IO/SH),Hecarim/Zed (IO/SI),0,1,0
Braum/The Poro King (FR/RU),Neeko (FR/RU),0,1,0
Braum/The Poro King (FR/RU),Ezreal/Seraphine (PZ/SI),0,1,0
Braum/Janna (FR/PZ),Master Yi/Udyr (FR/IO),0,1,0
Fiora/Shen (DE/IO),Janna/Nilah/Twisted Fate (BW/PZ),0,1,0
Janna/Nilah/Twisted Fate (BW/PZ),Miss Fortune/Zoe (BW/MT),0,1,0
Ashe/Udyr (FR/SI),Championless (PZ/SI),0,1,0
Annie/Jhin (RU/NX),Ezreal/Norra (BC/PZ),0,1,0
Ezreal/Nami (BW/PZ),Sejuani/Udyr (FR),0,1,0
Gwen/Kalista (SI/SH),Irelia (BW/IO),0,1,0
Darius/Janna (NX/PZ),Championless (PZ/SI),0,1,0
Annie/Nami (BW/NX),Championless (PZ/SI),0,1,0
Fiora/Nidalee (DE/SH),Akshan/Master Yi (IO/SH),0,1,0
Akshan/Master Yi (IO/SH),Evelynn/Kai'Sa (RU/SH),0,1,0
Neeko (FR/RU),Sejuani/Teemo (FR/PZ),0,1,0
Annie/Jhin (RU/NX),Ezreal/Swain (NX/PZ),0,1,0
Norra/Swain (BC/NX),Neeko (FR/RU),0,1,0
Gwen/LeBlanc (NX/SI),Nilah/Twisted Fate (BW/PZ),0,1,0
Braum/Zoe (FR/MT),Garen/Lucian (DE),0,1,0
Garen/Lucian (DE),Bard/Pantheon (RU/MT),0,1,0
Championless (PZ/SI),Braum/The Poro King (FR/RU),0,1,0
Gwen (BW/SI),Championless (PZ/SI),0,1,0
Sivir/Udyr (FR/SH),Ezreal/Norra (BC/PZ),0,1,0
Norra/Swain (BC/NX),Braum/Gnar (BW/FR),0,1,0
Leona/Yasuo (IO/MT),Braum/Gnar (BW/FR),0,1,0
Leona/Yasuo (IO/MT),Miss Fortune/Zoe (BW/MT),0,1,0
Championless (MT/SI),Leona/Yasuo (IO/MT),0,1,0
Championless (MT/SI),Ezreal/Nami (BW/PZ),0,1,0
Garen/Lux: Illuminated (DE/MT),Caitlyn (PZ/SI),0,1,0
Championless (PZ/SI),Caitlyn (PZ/SI),0,1,0
Nami/Twisted Fate (BW/PZ),Braum/The Poro King (FR/RU),0,1,0
Ashe (FR/PZ),Gwen (SI),0,1,0
Gnar/Udyr (DE/FR),Ashe (FR/PZ),0,1,0
Gwen (SI),Gwen/Nocturne (PZ/SI),0,1,0
Gwen/Nocturne (PZ/SI),Ashe/LeBlanc (FR/NX),0,1,0
Fizz/Norra (BC/MT),Diana/Nocturne (MT/SI),0,1,0
Janna/Master Yi (IO/PZ),Garen/Lux: Illuminated (DE/MT),0,1,0
Championless (BW/MT),Garen/Lux: Illuminated (DE/MT),0,1,0
Ashe/LeBlanc (FR/NX),Garen/Lux: Illuminated (DE/MT),0,1,0
Garen/Lux: Illuminated (BC/DE),Norra/Swain (BC/NX),0,1,0
Miss Fortune/Vayne (BW/DE),Norra/Swain (BC/NX),0,1,0
Garen/Lux: Illuminated (DE/MT),Kalista (SI),0,1,0
Kalista (SI),Akshan/Zoe (MT/SH),0,1,0
Quinn/Vayne (DE/FR),Leona/Yasuo (IO/MT),0,1,0
Akshan/Zed (IO/SH),Janna/Twisted Fate (BW/PZ),0,1,0
Ashe/Caitlyn (FR/PZ),Braum (DE/FR),0,1,0
Akshan/Zed (IO/SH),Swain/Twisted Fate (BW/NX),0,1,0
Garen/Lucian (DE),Seraphine/Zoe (MT/PZ),0,1,0
Caitlyn/Ezreal (PZ/SI),Janna/Nilah (BW/PZ),0,1,0
Gnar/Renekton (FR/SH),Braum/Zoe (FR/MT),0,1,0
Akshan/Zed (IO/SH),Annie/Jhin/Katarina/Swain (RU/NX),0,1,0
Gwen/Kalista (SI/SH),Akshan/Zed (IO/SH),0,1,0
Fiora/Shen (DE/IO),Caitlyn/Norra/Teemo (BC/PZ),0,1,0
Akshan/Zoe (MT/SH),Janna (PZ/SI),0,1,0
Garen/Lucian (DE),Annie/Yasuo (IO/NX),0,1,0
Lissandra (FR/SH),Ashe/LeBlanc (FR/NX),0,1,0
Ashe/Braum (FR/IO),Ahri/Kennen/Yasuo (IO/SH),0,1,0
Ashe/Braum (FR/SI),Hecarim/Kalista (SI),0,1,0
Norra/Twisted Fate (BC/BW),Sejuani/Swain (FR/NX),0,1,0
Neeko/Teemo (BC/RU),Braum/Zoe (FR/MT),0,1,0
Akshan/Gwen (SI/SH),Ashe/Braum (FR/IO),0,1,0
Championless (SI),Ashe/Braum (FR/IO),0,1,0
Garen/Udyr (DE/FR),Norra/Teemo (BC/PZ),0,1,0
Annie/Jhin (RU/NX),Garen/Lucian (DE),0,1,0
Akshan/Udyr (FR/SH),Evelynn/Tristana (BC/RU),0,1,0
Janna (FR/PZ),Swain/Twisted Fate (BW/NX),0,1,0
Renekton/Sejuani (FR/SH),Braum/Zoe (FR/MT),0,1,0
Katarina/Yasuo (IO/NX),Fiora/Swain (DE/NX),0,1,0
Leona/Yasuo (IO/MT),Swain/Twisted Fate (BW/NX),0,1,0
Master Yi/Udyr (FR/IO),Janna (FR/PZ),0,1,0
Seraphine/Zoe (MT/PZ),Braum/Janna (FR/PZ),0,1,0
Kennen/Master Yi (DE/IO),Akshan/Pantheon (MT/SH),0,1,0
Akshan/Pantheon (MT/SH),Swain/Twisted Fate (BW/NX),0,1,0
Caitlyn/Janna (PZ/SI),Nilah/Twisted Fate (BW/PZ),0,1,0
Gnar/Sejuani (BC/FR),Sivir/Swain (NX/SH),0,1,0
Championless (MT/SI),Gnar/Sejuani (BC/FR),0,1,0
Seraphine/Zoe (MT/PZ),Braum/Zoe (FR/MT),0,1,0
Fiora/Udyr (DE/FR),Darius/Yasuo (IO/NX),0,1,0
Caitlyn/Swain (NX/PZ),Yasuo (IO/PZ),0,1,0
Braum/Janna (FR/PZ),Yasuo (IO/PZ),0,1,0
Championless (SI),Yasuo (IO/NX),0,1,0
Braum/Teemo (FR/PZ),Ashe (FR/PZ),0,1,0
Braum/Teemo (FR/PZ),Annie/Jhin (RU/NX),0,1,0
Kennen/Master Yi (DE/IO),Braum/Teemo (FR/PZ),0,1,0
Gnar/Neeko (FR/RU),Swain/Twisted Fate (BW/NX),0,1,0
Sejuani/Swain (FR/NX),Swain/Twisted Fate (BW/NX),0,1,0
Championless (MT/SI),Garen (DE/SI),0,1,0
Braum/Udyr (DE/FR),Kalista/Lucian (DE/SI),0,1,0
Braum/Janna (FR/PZ),Braum/Udyr (DE/FR),0,1,0
Braum/Janna (FR/PZ),Renekton/Sejuani (FR/SH),0,1,0
Braum/Garen (DE/FR),Renekton/Sejuani (FR/SH),0,1,0
Garen/LeBlanc (DE/NX),Ashe/Braum (FR/SI),0,1,0
Braum/Janna (FR/PZ),Teemo/Twisted Fate (BW/PZ),0,1,0
Teemo/Twisted Fate (BW/PZ),Akshan/Master Yi (IO/SH),0,1,0
Fizz/Twisted Fate (BW/PZ),Akshan/Udyr (FR/SH),0,1,0
Norra/Twisted Fate (BC/BW),Evelynn/Tristana (BC/RU),0,1,0
Championless (SI),Norra/Twisted Fate (BC/BW),0,1,0
Garen/Udyr (DE/FR),Sivir/Swain (NX/SH),0,1,0
Braum/Janna (FR/PZ),Garen/Udyr (DE/FR),0,1,0
Jhin/Kennen/Yasuo (IO/RU),Katarina/Yasuo (IO/NX),0,1,0
Quinn/Vayne/Zed (DE/IO),Fiora/Shen (DE/IO),0,1,0
Ashe/Braum/Sejuani (FR/SI),Janna/Seraphine (IO/PZ),0,1,0
Teemo/Zoe (BC/MT),Sivir/Swain (NX/SH),0,1,0
Braum/Janna (FR/PZ),Championless (SI),0,1,0
Hecarim/Kalista (SI),Aphelios/Zoe (MT/PZ),0,1,0
Braum/Vayne (DE/FR),Swain/Yasuo (IO/NX),0,1,0
Gwen/Zed (IO/SI),Norra/Teemo (BC/PZ),0,1,0
Caitlyn/Teemo (FR/PZ),Ashe (FR/PZ),0,1,0
Akshan/Master Yi/Sivir (IO/SH),Sivir/Swain (NX/SH),0,1,0
Braum/Garen (DE/FR),Championless (MT/SI),0,1,0
Braum/Garen (DE/FR),Ashe/Sejuani (BC/FR),0,1,0
Nami/Seraphine (BW/PZ),Ashe/LeBlanc (FR/NX),0,1,0
Gwen/Lux: Illuminated (DE/SI),Ashe (FR/PZ),0,1,0
Fiora/Shen (DE/IO),Kalista/Lucian (DE/SI),0,1,0
Championless (MT/SI),Evelynn/Tristana (BC/RU),0,1,0
Katarina/Yasuo (IO/NX),Evelynn/Tristana (BC/RU),0,1,0
Evelynn/Tristana (BC/RU),Ashe (FR/PZ),0,1,0
Janna/Nilah/Twisted Fate (BW/PZ),Championless (MT/SI),0,1,0
Ezreal/Seraphine (PZ/SI),Championless (BW/NX),0,1,0
Twisted Fate (BW/FR),Akshan/Master Yi (IO/SH),0,1,0
Annie/Yasuo (IO/NX),Akshan/Udyr (FR/SH),0,1,0
Sejuani/Udyr (FR),Kalista/Norra (BC/SI),0,1,0
Braum/Teemo (FR/PZ),Braum/Udyr (BW/FR),0,1,0
Braum/Janna (FR/PZ),Braum/Udyr (BW/FR),0,1,0
Akshan/Kai'Sa (MT/SH),Braum/Udyr (BW/FR),0,1,0
Ezreal/Seraphine (PZ/SI),Braum/Udyr (BW/FR),0,1,0
Leona/Yasuo (IO/MT),Yasuo (IO/NX),0,1,0
Akshan/Renekton (SH),Leona/Yasuo (IO/MT),0,1,0
Ashe/Kalista (FR/SI),Championless (MT/SI),0,1,0
Ashe/Kalista (FR/SI),Ashe (FR/PZ),0,1,0
Ashe (FR/SI),Ezreal/Seraphine (PZ/SI),0,1,0
Darius/Katarina/Yasuo (IO/NX),Ashe/LeBlanc (FR/NX),0,1,0
Gwen/Udyr (FR/SI),Ashe/LeBlanc (FR/NX),0,1,0
Darius/Yasuo (IO/NX),Janna/Seraphine (IO/PZ),0,1,0
Caitlyn/Norra/Teemo (BC/PZ),Darius/Yasuo (IO/NX),0,1,0
Ezreal/Seraphine (PZ/SI),Garen (DE/SI),0,1,0
Braum/Udyr (DE/FR),Championless (MT/SI),0,1,0
Gwen/Lucian (DE/SI),Braum/Janna (FR/PZ),0,1,0
Katarina/Swain/Yasuo (IO/NX),Teemo/Twisted Fate (BW/PZ),0,1,0
Yasuo (IO/NX),Teemo/Twisted Fate (BW/PZ),0,1,0
Teemo/Twisted Fate (BW/PZ),Championless (MT/SI),0,1,0
Kalista (BW/SI),Aphelios/Master Yi/Zoe (IO/MT),0,1,0
Braum/Zoe (FR/MT),Teemo/Zoe (BC/MT),0,1,0
LeBlanc/Renekton (NX/SH),Ashe (FR/PZ),0,1,0
Akshan/Pantheon (MT/SH),Darius/Gwen (NX/SI),0,1,0
Leona/Yasuo (IO/MT),Janna/Seraphine (IO/PZ),0,1,0
Braum/Garen (DE/FR),Braum/Udyr (BW/FR),0,1,0
Katarina/Swain/Yasuo (IO/NX),Nilah/Twisted Fate (BW/PZ),0,1,0
Katarina/Swain/Yasuo (IO/NX),Gwen/Irelia (IO/SI),0,1,0
Darius/Katarina/Yasuo (IO/NX),Championless (SI),0,1,0
Gwen/Irelia (IO/SI),Championless (MT/SI),0,1,0
Gwen/Irelia (IO/SI),Akshan/Pantheon (MT/SH),0,1,0
Gwen/Irelia (IO/SI),Annie/Jhin (RU/NX),0,1,0
Draven/Samira (BW/NX),Ezreal/Seraphine (BC/PZ),0,1,0
Seraphine/Zoe (MT/PZ),Ashe (FR/PZ),0,1,0
Braum/Udyr (BW/FR),Seraphine/Zoe (MT/PZ),0,1,0
Braum/Udyr (FR/MT),Sejuani/Teemo (FR/PZ),0,1,0
Braum (DE/FR),Braum/Udyr (BW/FR),0,1,0
Darius/Gnar (FR/NX),Braum (DE/FR),0,1,0
Nilah/Twisted Fate (BW/PZ),Braum/Udyr (BW/FR),0,1,0
Braum/Udyr (BW/FR),Ashe/Jinx (FR/PZ),0,1,0
Annie/Katarina (FR/NX),Neeko/Teemo (BC/RU),0,1,0
Lux: Illuminated/Shen (DE/IO),Master Yi/Zoe (IO/MT),0,1,0
Ezreal/Seraphine (BC/PZ),Ashe (FR/SI),0,1,0
Championless (SI),Braum/Udyr (BW/FR),0,1,0
Championless (SI),Akshan/Fizz (BC/SH),0,1,0
Kalista/Norra (BC/SI),Braum/Zoe (FR/MT),0,1,0
Fiora/Udyr (DE/FR),Kalista/Norra (BC/SI),0,1,0
Kalista (BW/SI),Darius/Gnar (FR/NX),0,1,0
Braum/Udyr (BW/FR),Master Yi/Zoe (IO/MT),0,1,0
Seraphine/Twisted Fate (BW/PZ),Garen/Udyr (DE/FR),0,1,0
Fiora/Shen/Yasuo (DE/IO),Garen/Udyr (DE/FR),0,1,0
Braum/Zoe (FR/MT),Fiora/Shen/Yasuo (DE/IO),0,1,0
Fizz/Nami (BW/SH),Championless (MT/SI),0,1,0
Fizz/Nami (BW/SH),Teemo/Twisted Fate (BW/PZ),0,1,0
Annie/Leona (MT/NX),Ashe/LeBlanc (FR/NX),0,1,0
Annie/Leona (MT/NX),Annie/Jhin (RU/NX),0,1,0
Ashe (FR/PZ),Championless (IO/PZ),0,1,0
Ezreal/Seraphine (PZ/SI),Pantheon/Zoe (DE/MT),0,1,0
Shen/Sivir (IO/SH),Ezreal/Seraphine (BC/PZ),0,1,0
Teemo/Twisted Fate (BW/PZ),Akshan/Zed (IO/SH),0,1,0
Ahri/Kennen/Yasuo (IO/SH),Ashe (FR/PZ),0,1,0
Fiora/Shen (DE/IO),Teemo/Twisted Fate (BW/PZ),0,1,0
Teemo/Twisted Fate (BW/PZ),Kalista/LeBlanc (NX/SI),0,1,0
Teemo/Twisted Fate (BW/PZ),Master Yi/Zoe (IO/MT),0,1,0
Ezreal/Seraphine (BC/PZ),Master Yi/Zoe (IO/MT),0,1,0
Sejuani/Teemo (FR/PZ),Master Yi/Zoe (IO/MT),0,1,0
Lulu/Shen (BC/IO),Nami/Zoe (BW/MT),0,1,0
Darius/Gnar/Udyr (FR/NX),Leona/Yasuo (IO/MT),0,1,0
Fiora/Nidalee (DE/SH),Shen/Sivir (IO/SH),0,1,0
Garen/LeBlanc (DE/NX),Braum/Udyr (FR/MT),0,1,0
Nami/Zoe (BW/MT),Nidalee (BC/SH),0,1,0
Lulu/Shen (DE/IO),Akshan/Sivir (NX/SH),0,1,0
Lulu/Shen (BC/IO),Braum/Zoe (FR/MT),0,1,0
Braum/Zoe (FR/MT),Aphelios/Zoe (MT/PZ),0,1,0
Darius/Gnar/Udyr (FR/NX),Aphelios/Zoe (MT/PZ),0,1,0
Akshan/Master Yi (IO/SH),Akshan/Fizz (BC/SH),0,1,0
Akshan/Master Yi (IO/SH),Gnar/Neeko (FR/RU),0,1,0
Shen/Sivir (IO/SH),Ezreal/Seraphine (PZ/SI),0,1,0
Nilah/Samira (BW/NX),Janna/Nilah (BW/PZ),0,1,0
Swain/Twisted Fate (BW/NX),Gnar/Nidalee (BC/SH),0,1,0
Master Yi/Udyr (FR/IO),Janna/Nilah (BW/PZ),0,1,0
Master Yi/Udyr (FR/IO),Annie/Jhin (RU/NX),0,1,0
Ezreal/Seraphine (PZ/SI),Braum/Udyr (DE/FR),0,1,0
Sivir/Swain (NX/SH),Ezreal/Janna/Nilah (BW/PZ),0,1,0
Darius/Yasuo (IO/NX),Akshan/Fizz (BC/SH),0,1,0
Akshan/Fizz (BC/SH),Yasuo (IO/NX),0,1,0
Nami/Zoe (BW/MT),Akshan/Samira (NX/SH),0,1,0
Janna/Nilah (BW/PZ),Braum/Udyr (FR/MT),0,1,0
Lulu/Zed (DE/IO),Garen/Udyr (DE/FR),0,1,0
Neeko/Norra (BC/RU),Gnar/Nidalee (BC/SH),0,1,0
Annie/Nami (BW/NX),Ashe (FR/PZ),0,1,0
Ashe (FR/PZ),Gwen (BW/SI),0,1,0
Neeko/Norra (BC/RU),Braum/Zoe (FR/MT),0,1,0
Ashe (FR/PZ),Jhin/Neeko (RU/RU),0,1,0
Teemo/Twisted Fate (BW/PZ),Fiora/Nidalee (DE/SH),0,1,0
Quinn/Vayne/Zed (DE/IO),Kalista/LeBlanc (NX/SI),0,1,0
Kalista/LeBlanc (NX/SI),Shen/Sivir (IO/SH),0,1,0
Kalista/Lucian (DE/SI),Seraphine/Twisted Fate (BW/PZ),0,1,0
Janna/Twisted Fate (BW/PZ),Garen (DE),0,1,0
Ezreal/Fizz/Miss Fortune (BW/PZ),Janna/Twisted Fate (BW/PZ),0,1,0
Katarina/Renekton (NX/SH),Nilah/Twisted Fate (BW/PZ),0,1,0
Championless (MT/SI),Janna/Nilah (BW/PZ),0,1,0
Fiora/Nidalee (DE/SH),Championless (MT/SI),0,1,0
Seraphine/Zoe (MT/PZ),Darius/Gwen (NX/SI),0,1,0
Gwen/LeBlanc (NX/SI),Kalista/LeBlanc (NX/SI),0,1,0
Nilah/Twisted Fate (BW/PZ),Miss Fortune/Quinn (BW/DE),0,1,0
Yasuo (IO/NX),Ashe/LeBlanc (FR/NX),0,1,0
Swain/Twisted Fate (BW/NX),Braum (DE/FR),0,1,0
Katarina/Leona (MT/NX),Gnar/Nidalee (BC/SH),0,1,0
Kalista/Nocturne (SI),Braum/Udyr (DE/FR),0,1,0
Quinn/Vayne (DE/PZ),Ezreal/Sejuani (FR/PZ),0,1,0
Nilah/Twisted Fate (BW/SI),Kalista/LeBlanc (NX/SI),0,1,0
Norra/Tristana (BC/MT),Lulu/Shen (DE/IO),0,1,0
Caitlyn/Swain (NX/PZ),Akshan/Zed (IO/SH),0,1,0
Teemo/Twisted Fate (BW/PZ),Elise (SI),0,1,0
Fiora/Shen (DE/IO),Annie/Jhin (RU/NX),0,1,0
Braum/Zoe (FR/MT),Renekton/Sivir (FR/SH),0,1,0
Ashe/Braum (FR/SI),Seraphine/Twisted Fate (BW/PZ),0,1,0
Katarina/LeBlanc (NX),Irelia/Miss Fortune (BW/IO),0,1,0
Renekton/Sivir (IO/SH),Ashe (FR/PZ),0,1,0
Katarina/LeBlanc (NX/SI),Ashe (FR/PZ),0,1,0
Darius/Gnar (FR/NX),Annie/Yasuo (IO/NX),0,1,0
Fiora/Shen (DE/IO),LeBlanc/Udyr (FR/NX),0,1,0
Ashe/LeBlanc (FR/NX),Aphelios/Janna (MT/PZ),0,1,0
Annie/LeBlanc (FR/NX),Nilah/Twisted Fate (BW/PZ),0,1,0
Caitlyn/Norra/Teemo (BC/PZ),Master Yi/Zoe (IO/MT),0,1,0
Lulu/Shen (IO/MT),Renekton/Sivir (IO/SH),0,1,0
Fizz/Gnar (BW/FR),Lulu/Shen (IO/MT),0,1,0
Lulu/Shen (IO/MT),Garen/LeBlanc (DE/NX),0,1,0
Kai'Sa (IO/SH),Ashe/LeBlanc (FR/NX),0,1,0
Lulu/Shen (IO/MT),Diana/Leona (MT/SH),0,1,0
Akshan/Samira (NX/SH),Championless (MT/SI),0,1,0
Fiora/Udyr (DE/FR),Lulu/Shen (IO/MT),0,1,0
Miss Fortune/Zoe (BW/MT),Caitlyn/Teemo (BC/PZ),0,1,0
Renekton/Sejuani (FR/SH),Garen/Udyr (DE/FR),0,1,0
Miss Fortune/Zoe (BW/MT),Ashe (FR/PZ),0,1,0
Janna/Seraphine (IO/PZ),Nilah/Twisted Fate (BW/PZ),0,1,0
Championless (SI/SH),Master Yi/Udyr (FR/IO),0,1,0
Irelia/Zed (IO/SH),Renekton/Sejuani (FR/SH),0,1,0
Renekton/Sejuani (FR/SH),Darius/Gnar (FR/NX),0,1,0
Sejuani/Swain (FR/NX),Gnar/Udyr (DE/FR),0,1,0
Gnar/Udyr (DE/FR),Championpile (FR/SH),0,1,0
Renekton/Sejuani (FR/SH),Kalista/LeBlanc (NX/SI),0,1,0
Leona/Yasuo (IO/MT),Hecarim/Zed (IO/SI),0,1,0
Akshan/Pantheon (MT/SH),Yasuo (IO/PZ),0,1,0
Annie/Yasuo (IO/NX),Gwen/Kalista (SI/SH),0,1,0
Braum/Garen (DE/FR),Gnar/Nidalee (BC/SH),0,1,0
Gwen/Kalista (SI/SH),Sivir/Swain (NX/SH),0,1,0
Lucian/Miss Fortune (BW/DE),Championless (SI),0,1,0
Leona/Yasuo (IO/MT),Elise (SI),0,1,0
Janna/Seraphine (IO/PZ),Elise (SI),0,1,0
Quinn/Vayne/Zed (DE/IO),Braum/Lissandra (DE/FR),0,1,0
Sivir/Swain (NX/SH),Leona/Yasuo (IO/MT),0,1,0
Annie/Nami (BW/NX),Ezreal/Seraphine (PZ/SI),0,1,0
Teemo/Twisted Fate (BW/PZ),Kalista (SI),0,1,0
Championless (IO/PZ),Championless (NX/SI),0,1,0
Teemo/Twisted Fate (BW/PZ),Nilah/Twisted Fate (BW/PZ),0,1,0
Master Yi/Udyr (FR/IO),Championpile (FR/SH),0,1,0
Teemo/Twisted Fate (BW/PZ),Sejuani/Udyr (FR),0,1,0
Irelia/Lux: Illuminated (DE/IO),Master Yi/Udyr (FR/IO),0,1,0
Janna/Seraphine (IO/PZ),Irelia/Lux: Illuminated (DE/IO),0,1,0
Janna/Seraphine (IO/PZ),Teemo/Twisted Fate (BW/PZ),0,1,0
Ashe/Braum (FR/IO),Nidalee (BC/SH),0,1,0
Yasuo (IO/NX),Braum/Garen (DE/FR),0,1,0
Irelia/Zed (IO/SI),Braum/Garen (DE/FR),0,1,0
Swain/Twisted Fate (BW/NX),Quinn/Vayne/Zed (DE/IO),0,1,0
Nidalee/Yasuo (IO/SH),Ashe/Braum (FR/IO),0,1,0
Swain/Twisted Fate (BW/NX),Ashe/Braum (FR/IO),0,1,0
Irelia/Lux: Illuminated (DE/IO),Janna/Nilah (BW/PZ),0,1,0
Irelia/Lux: Illuminated (DE/IO),Ezreal/Seraphine (PZ/SI),0,1,0
Udyr/Zoe (FR/MT),Leona/Yasuo (IO/MT),0,1,0
Aphelios/Bard (RU/MT),Janna (FR/PZ),0,1,0
Aphelios/Bard (RU/MT),Ezreal/Janna (DE/PZ),0,1,0
Janna (FR/PZ),Janna/Master Yi/Seraphine (IO/PZ),0,1,0
Ezreal/Janna (DE/PZ),Ashe/Sejuani (FR/SI),0,1,0
Championless (PZ/SI),Aphelios/Bard (RU/MT),0,1,0
Aphelios/Bard (RU/MT),Championless (SI),0,1,0
Garen/Lux: Illuminated (DE/MT),Championless (PZ/SI),0,1,0
Akshan/Master Yi/Sivir (IO/SH),Sejuani/Swain (FR/NX),0,1,0
Elise (SI/SH),Kalista/Nocturne (SI),0,1,0
Elise (SI/SH),Lulu/Shen (DE/IO),0,1,0
Garen/Lux: Illuminated (DE/MT),Garen (DE),0,1,0
Teemo/Twisted Fate (BW/PZ),Master Yi/Udyr (FR/IO),0,1,0
Ashe/LeBlanc (FR/NX),Caitlyn/Twisted Fate (BW/PZ),0,1,0
Caitlyn/Teemo (FR/PZ),Teemo/Twisted Fate (BW/PZ),0,1,0
Master Yi/Udyr (FR/IO),Katarina/Kennen (IO/NX),0,1,0
Elise (SI/SH),Ashe/LeBlanc (FR/NX),0,1,0
Caitlyn/Janna (BC/PZ),Braum/The Poro King (FR/RU),0,1,0
Annie/Jhin (RU/NX),Seraphine/Zoe (MT/PZ),0,1,0
Elise (SI/SH),Nilah/Twisted Fate (BW/PZ),0,1,0
Janna/Nilah/Twisted Fate (BW/PZ),Braum/Zoe (FR/MT),0,1,0
Swain/Yasuo (IO/NX),Irelia/Miss Fortune (BW/IO),0,1,0
Nami/Seraphine (BW/PZ),Fizz/Nami (BW/IO),0,1,0
Norra/Tristana (BC),Fizz/Nami (BW/IO),0,1,0
Katarina/Yasuo (IO/NX),Fizz/Nami (BW/IO),0,1,0
Fizz/Nami (BW/IO),Akshan/Kai'Sa (MT/SH),0,1,0
Irelia/Nami (BW/IO),Caitlyn/Swain (NX/PZ),0,1,0
Elise/Kalista (NX/SI),Nami/Nilah (BW/IO),0,1,0
Caitlyn/Twisted Fate (BW/PZ),Braum/Zoe (FR/MT),0,1,0
Elise/Kalista (NX/SI),Kalista (SI/SH),0,1,0
Kalista (SI/SH),Caitlyn/Teemo (BC/PZ),0,1,0
Irelia (IO/SI),Katarina/Yasuo (IO/NX),0,1,0
Fiora (DE/IO),Draven/Jinx (NX/PZ),0,1,0
Akshan/Kai'Sa (MT/SH),Draven/Jinx (NX/PZ),0,1,0
Gnar/Nidalee (BC/SH),Ashe/Sejuani (FR/SI),0,1,0
Elise (SI),Irelia/Miss Fortune (BW/IO),0,1,0
Caitlyn/Janna (BC/PZ),Annie/Katarina (FR/NX),0,1,0
Master Yi/Seraphine (IO/PZ),Braum/Garen (DE/FR),0,1,0
Championless (BW/FR),Elise (SI),0,1,0
Master Yi/Seraphine (IO/PZ),Braum/Zoe (FR/MT),0,1,0
Fizz (BC/FR),Gwen/Vayne (DE/SI),0,1,0
Akshan/Pantheon (MT/SH),Fizz (BC/FR),0,1,0
Janna (PZ/SI),Fizz (BC/FR),0,1,0
Akshan/Samira (NX/SH),Ashe (FR/SI),0,1,0
Seraphine/Zoe (MT/PZ),Gnar/Nidalee (BC/SH),0,1,0
Lulu/Zed (BC/IO),Annie/Jhin (RU/NX),0,1,0
Championless (PZ/SI),Braum (DE/FR),0,1,0
Irelia/Miss Fortune (BW/IO),Nilah/Twisted Fate (BW/PZ),0,1,0
Lulu/Tristana (BC/DE),Nidalee (BC/SH),0,1,0
Ahri/Kennen (IO/MT),Janna (FR/PZ),0,1,0
Ashe (FR),Swain/Yasuo (IO/NX),0,1,0
Garen (DE),Aphelios/Seraphine (MT/PZ),0,1,0
Aphelios/Gnar (FR/MT),Annie/Jhin (RU/NX),0,1,0
Lulu/Zed (DE/IO),Annie/Jhin (RU/NX),0,1,0
Ekko (NX/PZ),Nilah/Twisted Fate (BW/PZ),0,1,0
Championless (NX/SI),Nilah/Twisted Fate (BW/SI),0,1,0
Ashe/LeBlanc (FR/NX),Nilah/Twisted Fate (BW/SI),0,1,0
Garen (DE/SI),Championless (NX/SI),0,1,0
Ashe/Sejuani (FR/SI),Championless (NX/SI),0,1,0
Janna/Nilah (BW/PZ),Aphelios/Seraphine (MT/PZ),0,1,0
Garen (DE/SI),Janna (FR/PZ),0,1,0
Elise (SI/SH),Nidalee (BC/SH),0,1,0
Fizz (BC/FR),Garen (DE/SI),0,1,0
Akshan/Garen (DE/SH),Garen (DE/SI),0,1,0
Ekko (NX/PZ),Garen (DE/SI),0,1,0
Garen (DE/SI),Darius/Gwen (NX/SI),0,1,0
Annie/Jhin (RU/NX),Garen (DE/SI),0,1,0
Ashe/Braum (FR/SI),Lulu/Shen (DE/IO),0,1,0
Elise (SI/SH),Ezreal/Seraphine (PZ/SI),0,1,0
LeBlanc/Sivir (NX/SH),Norra/Swain (BC/NX),0,1,0
Braum/Garen (DE/FR),Diana/Leona (MT/SI),0,1,0
Akshan/Master Yi (IO/SH),Garen/Miss Fortune/Vayne (BW/DE),0,1,0
Elise (SI),Fizz (BC/FR),0,1,0
Akshan/Gwen (SI/SH),Ashe (FR/PZ),0,1,0
Akshan/Garen (DE/SH),Ashe (FR/PZ),0,1,0
Ezreal/Swain (NX/PZ),Nilah/Twisted Fate (BW/PZ),0,1,0
Gwen/Kalista (NX/SI),Ashe (FR),0,1,0
Caitlyn/Swain (NX/PZ),Gwen/Vayne (DE/SI),0,1,0
Caitlyn/Teemo (BC/PZ),Annie/Samira (BW/NX),0,1,0
Garen/Miss Fortune/Vayne (BW/DE),Quinn/Vayne (DE/PZ),0,1,0
Master Yi/Seraphine (IO/PZ),Championless (SI),0,1,0
Zoe (FR/MT),Gwen/LeBlanc (NX/SI),0,1,0
Garen/Udyr (DE/FR),Zoe (FR/MT),0,1,0
Garen (DE/SI),Kalista (SI/SH),0,1,0
Pantheon/Samira (MT/NX),Akshan/Swain (NX/SH),0,1,0
Diana/Nocturne (MT/SI),Master Yi/Udyr (FR/IO),0,1,0
Caitlyn/Teemo (BC/PZ),Irelia (IO/SI),0,1,0
Aphelios/Seraphine (MT/PZ),Akshan/Pantheon (MT/SH),0,1,0
Annie/Yasuo (IO/NX),Nilah/Twisted Fate (BW/PZ),0,1,0
Kalista/LeBlanc (NX/SI),Ashe/Sejuani (FR/SI),0,1,0
Akshan/Fiora (DE/SH),Teemo/Twisted Fate (BW/PZ),0,1,0
Braum/Zoe (FR/MT),Ezreal/Swain (NX/PZ),0,1,0
Fizz/Nilah (BC/BW),Caitlyn/Swain (NX/PZ),0,1,0
Kalista/LeBlanc (NX/SI),Championpile (FR/SH),0,1,0
Akshan (PZ/SH),Ashe/LeBlanc (FR/NX),0,1,0
Kalista/Lucian (DE/SI),Caitlyn/Twisted Fate (BW/PZ),0,1,0
Akshan/Master Yi (IO/SH),Akshan/Udyr (FR/SH),0,1,0
Draven/Jinx (NX/PZ),Caitlyn/Swain (NX/PZ),0,1,0
Janna/Twisted Fate (BW/PZ),Gwen/Zed (IO/SI),0,1,0
Janna/Nilah/Twisted Fate (BW/PZ),Championless (SI/SH),0,1,0
Ashe/Sejuani (FR/SI),Gwen/LeBlanc (NX/SI),0,1,0
Championless (PZ/SI),Fizz (BC/FR),0,1,0
Ashe/Jinx (FR/PZ),Nilah/Twisted Fate (BW/PZ),0,1,0
Gwen/Irelia (IO/SI),Lulu/Shen (BC/IO),0,1,0
Gnar/Renekton (FR/SH),Fiora/Shen (DE/IO),0,1,0
Annie/Jhin (RU/NX),Nami/Nilah/Twisted Fate (BW/PZ),0,1,0
Gwen/Zed (IO/SI),Championless (IO/PZ),0,1,0
Garen (DE/SI),Sejuani/Swain (FR/NX),0,1,0
Gwen/LeBlanc (NX/SI),Gnar/Neeko (FR/RU),0,1,0
Ahri/Kennen/Master Yi (BC/IO),Quinn/Vayne/Zed (DE/IO),0,1,0
Akshan/Pantheon (MT/SH),Ashe (FR/PZ),0,1,0
Ashe/Fiora (DE/FR),Ashe (FR/PZ),0,1,0
Akshan/Master Yi (IO/SH),Gwen/Zed (IO/SI),0,1,0
LeBlanc/Sivir (NX/SH),Janna/Seraphine (IO/PZ),0,1,0
Janna/Jinx (PZ/SH),Ashe/LeBlanc (FR/NX),0,1,0
Championpile (FR/SH),Championless (SI),0,1,0
Ezreal/Seraphine (PZ/SI),Caitlyn/Swain (NX/PZ),0,1,0
Ezreal/Seraphine (PZ/SI),Kai'Sa/Sivir (DE/SH),0,1,0
Nilah (BW/FR),Championless (SI),0,1,0
Championless (DE/SI),Jinx/Miss Fortune (BW/PZ),0,1,0
Ashe/LeBlanc (FR/NX),Jinx (PZ/SH),0,1,0
Gwen/Zed (IO/SI),Nilah/Twisted Fate (BW/PZ),0,1,0
Gwen/Vayne (DE/SI),Gwen/Zed (IO/SI),0,1,0
Aphelios/Master Yi (IO/MT),Braum/Zoe (FR/MT),0,1,0
Janna/Nilah/Twisted Fate (BW/PZ),Aphelios/Seraphine (MT/PZ),0,1,0
Kalista/LeBlanc (NX/SI),Championless (SI),0,1,0
Fizz (BC/FR),Annie/Jhin (RU/NX),0,1,0
Braum/Zoe (FR/MT),Akshan/Sivir (BC/SH),0,1,0
Norra/Zoe (BC/MT),Janna (FR/PZ),0,1,0
Elise/Nocturne (PZ/SI),Renekton/Sejuani (FR/SH),0,1,0
Gnar/Nidalee (BC/SH),Braum (DE/FR),0,1,0
Renekton/Sejuani (FR/SH),Ashe/Caitlyn (FR/PZ),0,1,0
Ashe/Caitlyn (FR/PZ),Swain/Twisted Fate (BW/NX),0,1,0
Udyr (FR/SI),Master Yi/Udyr (FR/IO),0,1,0
Janna/Yasuo (IO/PZ),Jhin/Kennen (IO/RU),0,1,0
Fiora (DE/SH),Championless (PZ/SI),0,1,0
Seraphine/Twisted Fate (BW/PZ),Yasuo (IO/MT),0,1,0
Nilah/Twisted Fate (BW/PZ),Jhin/Kennen (IO/RU),0,1,0
Braum/Janna (FR/PZ),Ezreal/Gwen/Teemo (PZ/SI),0,1,0
Udyr (FR/SI),Annie/LeBlanc (FR/NX),0,1,0
Janna (PZ/SI),Jhin/Kennen (IO/RU),0,1,0
Ahri/Kennen/Master Yi (BC/IO),Ashe/Braum (FR/SI),0,1,0
Seraphine/Twisted Fate (BW/PZ),Swain/Twisted Fate (BW/NX),0,1,0
Kalista/LeBlanc (NX/SI),Seraphine/Twisted Fate (BW/PZ),0,1,0
Renekton/Sejuani (FR/SH),Seraphine/Twisted Fate (BW/PZ),0,1,0
Fizz (BC/FR),Seraphine/Twisted Fate (BW/PZ),0,1,0
Gwen/Kalista (NX/SI),Akshan/Sivir (DE/SH),0,1,0
Ashe/Braum (FR/IO),Braum/Zoe (FR/MT),0,1,0
Aphelios/Seraphine (MT/PZ),Janna/Seraphine (IO/PZ),0,1,0
Samira/Udyr (FR/NX),Braum/Garen (DE/FR),0,1,0
Udyr/Zoe (FR/MT),Ashe/LeBlanc (FR/NX),0,1,0
Pantheon/Zoe (FR/MT),Ashe/LeBlanc (FR/NX),0,1,0
Jhin/Kennen (IO/RU),Caitlyn/Swain (NX/PZ),0,1,0
Lulu (FR/IO),Gnar/Tristana (BC/BW),0,1,0
Diana/Zoe (FR/MT),Ashe (FR/PZ),0,1,0
Miss Fortune/Quinn (BW/DE),Udyr/Vayne (DE/FR),0,1,0
Seraphine/Twisted Fate (BW/PZ),Darius/Gnar (FR/NX),0,1,0
Lulu/Shen (DE/IO),Braum/Swain (FR/NX),0,1,0
Annie/LeBlanc (FR/NX),Master Yi/Udyr (FR/IO),0,1,0
Ashe/Udyr (FR/PZ),Nilah/Twisted Fate (BW/SI),0,1,0
Braum/Zoe (FR/MT),Ashe/Udyr (FR/PZ),0,1,0
Kalista (SI),Miss Fortune/Zoe (BW/MT),0,1,0
Ezreal/Gwen/Teemo (PZ/SI),LeBlanc/Udyr (FR/NX),0,1,0
Caitlyn/Teemo (BC/PZ),Annie/LeBlanc (FR/NX),0,1,0
Quinn/Vayne/Zed (DE/IO),Braum/Janna (FR/PZ),0,1,0
Ashe/Braum (FR/SI),Jhin/Kennen (IO/RU),0,1,0
Akshan/Pantheon (MT/SH),Garen/Udyr (DE/FR),0,1,0
Nilah/Samira (BW/NX),Garen/Udyr (DE/FR),0,1,0
Aphelios/Gnar (FR/MT),Fiora/Shen (DE/IO),0,1,0
Caitlyn/Twisted Fate (BW/PZ),Braum/Janna (FR/PZ),0,1,0
Akshan/Zed (IO/SH),Aphelios/Zoe (MT/PZ),0,1,0
Lulu/Shen (IO/MT),Braum/Zoe (FR/MT),0,1,0
Seraphine/Twisted Fate (BW/PZ),Caitlyn/Swain (NX/PZ),0,1,0
Nilah/Twisted Fate (BW/PZ),Akshan/Zed (IO/SH),0,1,0
Sejuani/Swain (FR/NX),Teemo/Tristana (BC/SI),0,1,0
Braum/Udyr (DE/FR),Fiora/Lux: Illuminated/Shen (DE/IO),0,1,0
Fiora/Lux: Illuminated/Shen (DE/IO),Ashe/Sejuani (FR/SI),0,1,0
Gwen/LeBlanc (NX/SI),Fiora/Lux: Illuminated/Shen (DE/IO),0,1,0
Fiora/Lux: Illuminated/Shen (DE/IO),Seraphine/Twisted Fate (BW/PZ),0,1,0
Akshan/Zed (IO/SH),Ezreal/Gwen/Teemo (PZ/SI),0,1,0
Swain/Yasuo (IO/NX),Neeko/Nidalee (RU/SH),0,1,0
Gwen (BW/SI),Garen/Quinn/Vayne (DE/PZ),0,1,0
Gwen (BW/SI),Jinx (BC/PZ),0,1,0
Gwen (BW/SI),Braum/Zoe (FR/MT),0,1,0
Ashe/Braum (FR/IO),Gwen (BW/SI),0,1,0
Gnar/Udyr (DE/FR),Caitlyn/Swain (NX/PZ),0,1,0
Seraphine/Twisted Fate (BW/PZ),Braum/Janna (FR/PZ),0,1,0
Garen/Udyr (DE/FR),Akshan/Zed (IO/SH),0,1,0
Nami/Nilah/Twisted Fate (BW/PZ),Seraphine/Twisted Fate (BW/PZ),0,1,0
Darius/Gnar (FR/NX),Yasuo (IO/NX),0,1,0
Gwen (SI),Sejuani/Swain (FR/NX),0,1,0
Ashe (FR/PZ),Garen/Quinn/Vayne (DE/PZ),0,1,0
Gwen (SI),Garen/Quinn/Vayne (DE/PZ),0,1,0
Braum/Gnar (FR/MT),Neeko/Nidalee (RU/SH),0,1,0
Annie/Yasuo (IO/NX),Ezreal/Seraphine (PZ/SI),0,1,0
Annie/Yasuo (IO/NX),Championless (BW/MT),0,1,0
Ashe/LeBlanc (FR/NX),Annie/Yasuo (IO/NX),0,1,0
Braum/Lissandra (DE/FR),Braum/Zoe (FR/MT),0,1,0
Braum/Lissandra (DE/FR),Neeko/Renekton (RU/SH),0,1,0
Ashe/Sejuani (FR/SI),Seraphine/Twisted Fate (BW/PZ),0,1,0
Ashe/Sejuani (FR/SI),Braum/Zoe (FR/MT),0,1,0
Irelia/Lux: Illuminated (DE/IO),Braum/Zoe (FR/MT),0,1,0
Championpile (FR/SH),Irelia/Lux: Illuminated (DE/IO),0,1,0
Irelia/Lux: Illuminated (DE/IO),Garen/Quinn/Vayne (DE/PZ),0,1,0
Neeko/Teemo (BC/RU),Darius/Gnar (FR/NX),0,1,0
Aphelios/Zoe (MT/PZ),Hecarim/Kalista (SI/SH),0,1,0
Akshan/Sivir (NX/SH),Nidalee (BC/SH),0,1,0
Championless (BW/MT),Gnar/Swain (BC/NX),0,1,0
Master Yi/Seraphine (IO/PZ),Miss Fortune/Zoe (BW/MT),0,1,0
Championless (BW/MT),Miss Fortune/Zoe (BW/MT),0,1,0
Swain/Yasuo (IO/NX),Irelia/Lux: Illuminated (DE/IO),0,1,0
Darius/LeBlanc (FR/NX),Fizz/Nami (BW/IO),0,1,0
Braum/Swain (FR/NX),Fizz/Nami (BW/IO),0,1,0
Braum/Zoe (FR/MT),Fizz/Nami (BW/IO),0,1,0
Fizz/Nami (BW/IO),Neeko/Teemo (BC/RU),0,1,0
Udyr (DE/FR),Ashe/LeBlanc (FR/NX),0,1,0
Garen (DE/MT),Sejuani/Swain (FR/NX),0,1,0
Garen/Vayne (DE),Udyr (DE/FR),0,1,0
Braum/Garen (DE/FR),Akshan/Kai'Sa (MT/SH),0,1,0
Nami/Nilah/Twisted Fate (BW/PZ),Braum/Garen (DE/FR),0,1,0
Nami/Nilah/Twisted Fate (BW/PZ),Championless (SI),0,1,0
Neeko/Nidalee (RU/SH),Garen/Udyr (DE/FR),0,1,0
Championless (BW/MT),Ezreal/Gnar (BC/PZ),0,1,0
Shen/Sivir (IO/SH),Gwen/Vayne (DE/SI),0,1,0
Ahri/Kennen (IO/MT),Braum/Udyr (DE/FR),0,1,0
Ahri/Kennen (IO/MT),Ashe (FR/PZ),0,1,0
Udyr (FR/SI),Hecarim/Kalista (SI/SH),0,1,0
Championless (BW/MT),Braum/Ezreal (FR/PZ),0,1,0
Championless (BW/MT),Ashe (FR/SI),0,1,0
Janna/Norra (BC/PZ),Annie/Jhin (RU/NX),0,1,0
Championless (BW/NX),Braum/Zoe (FR/MT),0,1,0
Championless (SI),Championless (BW/NX),0,1,0
Ashe (FR/PZ),Hecarim/Kalista (SI),0,1,0
Janna/Norra (BC/PZ),Caitlyn/Teemo (BC/PZ),0,1,0
Darius/Jhin (RU/NX),Hecarim/Kalista (SI/SH),0,1,0
Fiora/Garen (DE/NX),Braum/Zoe (FR/MT),0,1,0
Gwen/Vayne (DE/SI),Hecarim/Kalista (SI/SH),0,1,0
Braum/Zoe (FR/MT),Nami (BW/MT),0,1,0
Caitlyn/Swain (NX/PZ),Fiora/Lux: Illuminated/Shen (DE/IO),0,1,0
Championless (BW/MT),Gnar/Neeko (FR/RU),0,1,0
Hecarim/Kalista (SI/SH),Nidalee (BC/SH),0,1,0
Annie/Jhin (RU/NX),Garen (DE),0,1,0
Udyr (FR/SI),Gwen/Vayne (DE/SI),0,1,0
Samira/Swain (BW/NX),Kalista/Lucian (DE/SI),0,1,0
Miss Fortune (BW/NX),Caitlyn/Twisted Fate (BW/PZ),0,1,0
Jhin/Miss Fortune (BW/RU),Championless (BW/MT),0,1,0
Fizz (BC/FR),Janna/Nilah (BW/PZ),0,1,0
Caitlyn (BC/PZ),Annie/Nami (BW/NX),0,1,0
Aphelios/Diana/Nocturne (MT/SI),Braum/Zoe (FR/MT),0,1,0
Lulu/Norra (BC/PZ),Fiora/Udyr (DE/FR),0,1,0
Lulu/Norra (BC/PZ),Ashe (FR/PZ),0,1,0
Samira/Swain (BW/NX),Lulu/Norra (BC/PZ),0,1,0
Garen/Udyr (DE/FR),Lulu/Norra (BC/PZ),0,1,0
Darius/Yasuo (IO/NX),Lulu/Norra (BC/PZ),0,1,0
Ezreal/Gwen/Teemo (PZ/SI),Garen/Udyr (DE/FR),0,1,0
Renekton/Sejuani (FR/SH),Fiora/Udyr (DE/FR),0,1,0
Aphelios/Seraphine (MT/PZ),Ashe (FR/PZ),0,1,0
Garen/LeBlanc (DE/NX),Ashe (FR/PZ),0,1,0
Championless (SI),Fiora/Shen/Yasuo (DE/IO),0,1,0
Samira/Swain (BW/NX),Ashe/LeBlanc (FR/NX),0,1,0
Ashe/Udyr (DE/FR),Braum/Zoe (FR/MT),0,1,0
Irelia/Lux: Illuminated (DE/IO),Ashe/LeBlanc (FR/NX),0,1,0
Fiora/Udyr (DE/FR),Ashe (FR/SI),0,1,0
Annie/Yasuo (IO/NX),Ashe (FR/PZ),0,1,0
Ezreal/Gwen/Teemo (PZ/SI),Jhin/Kennen (IO/RU),0,1,0
Ezreal/Gwen/Teemo (PZ/SI),Janna/Nilah (BW/PZ),0,1,0
Norra (BC/IO),Garen/Udyr (DE/FR),0,1,0
Ahri/Norra (BC/IO),Caitlyn/Teemo (FR/PZ),0,1,0
Seraphine/Twisted Fate (BW/PZ),Kalista (SI/SH),0,1,0
Gnar/Nilah (BC/BW),Swain/Yasuo (IO/NX),0,1,0
Lucian/Quinn (DE/NX),Ashe/LeBlanc (FR/NX),0,1,0
Quinn (DE/FR),Braum/Zoe (FR/MT),0,1,0
Lucian/Quinn (DE/NX),Caitlyn/Teemo (FR/PZ),0,1,0
Fiora (DE/FR),Ashe (FR/PZ),0,1,0
Gwen/LeBlanc (NX/SI),Fizz (BW/MT),0,1,0
Fiora/Garen (DE/FR),Fizz (BW/MT),0,1,0
Nilah/Twisted Fate (BW/PZ),Fiora/Garen (DE/IO),0,1,0
Kalista/Lucian (DE/SI),Fiora/Udyr (DE/FR),0,1,0
Fiora/Lux: Illuminated/Shen (DE/IO),Fiora/Garen (DE/FR),0,1,0
Norra/Tristana (BC/MT),Ashe (FR/PZ),0,1,0
Lulu/Shen (DE/IO),Braum/Gnar (FR/MT),0,1,0
Renekton/Sivir (DE/SH),Janna/Nilah (BW/PZ),0,1,0
Miss Fortune/Samira (BW/NX),Leona/Yasuo (IO/MT),0,1,0
Akshan/Kai'Sa (MT/SH),Neeko/Renekton (RU/SH),0,1,0
Darius/Gnar (FR/NX),Championless (BW/MT),0,1,0
Caitlyn (BC/PZ),Braum/Zoe (FR/MT),0,1,0
Draven/Katarina (IO/NX),Braum/Zoe (FR/MT),0,1,0
Ahri/Kennen (BC/IO),Nilah/Twisted Fate (BW/SI),0,1,0
Braum/Ezreal (FR/PZ),Ashe/LeBlanc (FR/NX),0,1,0
Ashe (FR/MT),Braum/Udyr (DE/FR),0,1,0
Championless (BW/MT),Fiora/Garen (DE/FR),0,1,0
Norra/Tristana (BC/NX),Braum/Zoe (FR/MT),0,1,0
Miss Fortune (BW/FR),LeBlanc/Udyr (FR/NX),0,1,0
Fiora/Udyr (DE/FR),Fiora/Shen (DE/IO),0,1,0
Annie/Jhin (RU/NX),Fiora/Garen (DE/FR),0,1,0
Fiora/Shen (DE/IO),Lulu/Shen (DE/IO),0,1,0
Caitlyn/Teemo (FR/PZ),Caitlyn/Swain (NX/PZ),0,1,0
Ezreal/Gnar (BC/PZ),Fiora/Garen (DE/FR),0,1,0
Gnar/Swain (BC/NX),Neeko/Renekton (RU/SH),0,1,0
Ashe/Caitlyn (FR/PZ),Miss Fortune/Quinn (BW/DE),0,1,0
Fiora/Garen (DE/FR),Gwen/Vayne (DE/SI),0,1,0
Nilah/Twisted Fate (BW/SH),Braum/Garen (DE/FR),0,1,0
Ashe (FR/PZ),Fiora/Garen (DE/FR),0,1,0
Caitlyn/Swain (NX/PZ),Neeko/Renekton (RU/SH),0,1,0
Braum/Garen (DE/FR),Neeko/Renekton (RU/SH),0,1,0
Fiora/Garen (DE/FR),Braum/Garen (DE/FR),0,1,0
Miss Fortune/Quinn (BW/DE),Braum/Garen (DE/FR),0,1,0
Renekton/Sejuani (FR/SH),Ezreal/Gwen/Teemo (PZ/SI),0,1,0
Braum/Zoe (FR/MT),Ashe (FR/SI),0,1,0
Miss Fortune (BW/FR),Braum/Udyr (DE/FR),0,1,0
Braum/Udyr (DE/FR),Fiora/Garen (DE/FR),0,1,0
Gwen/LeBlanc (NX/SI),Renekton/Sejuani (FR/SH),0,1,0
Ezreal/Gwen/Teemo (PZ/SI),Gnar/Swain (BC/NX),0,1,0
Gnar (BC/NX),Braum (DE/FR),0,1,0
Gnar/Sejuani (BC/FR),Master Yi/Udyr (FR/IO),0,1,0
Draven/Jinx (NX/PZ),Ezreal/Gwen (PZ/SI),0,1,0
Lulu/Norra (BC/PZ),Fiora/Garen (DE/FR),0,1,0
Master Yi/Udyr (FR/IO),Lulu/Shen (DE/IO),0,1,0
Annie/Ashe (FR/NX),Norra/Tristana (BC/BW),0,1,0
Norra/Quinn (BC/DE),Fiora/Udyr (DE/FR),0,1,0
Norra/Quinn (BC/DE),Shen/Sivir (IO/SH),0,1,0
Miss Fortune (BW/FR),Norra/Quinn (BC/DE),0,1,0
Norra/Quinn (BC/DE),Neeko/Renekton (RU/SH),0,1,0
Jhin/Kennen (IO/RU),Neeko/Renekton (RU/SH),0,1,0
Darius/Gwen (NX/SI),Ashe/Caitlyn (FR/PZ),0,1,0
Jhin/Yasuo (IO/RU),Braum/Garen (DE/FR),0,1,0
Braum/Garen (DE/FR),Jhin/Kennen (IO/RU),0,1,0
LeBlanc/Teemo (NX/PZ),Braum/Garen (DE/FR),0,1,0
Ashe (FR/PZ),Ashe/Sivir (FR/SH),0,1,0
Lulu/Shen (DE/IO),Gwen/Kalista (NX/SI),0,1,0
Akshan/Udyr (FR/SH),Janna (PZ/SI),0,1,0
Braum/Zoe (FR/MT),Aphelios/Gnar (FR/MT),0,1,0
Lulu/Shen (IO/MT),Norra/Zoe (BC/MT),0,1,0
Janna (PZ/SI),Sejuani/Udyr (FR/PZ),0,1,0
Caitlyn/Swain (NX/PZ),Ashe (FR),0,1,0
Kai'Sa/Pantheon/Zoe (MT/SH),Braum/Zoe (FR/MT),0,1,0
Udyr/Vayne (DE/FR),Kai'Sa/Pantheon (MT/SH),0,1,0
Braum/Garen (DE/FR),Udyr/Vayne (DE/FR),0,1,0
Ezreal/Gnar (BC/PZ),Ashe/LeBlanc (FR/NX),0,1,0
Fizz/Nami (BW/IO),Udyr/Vayne (DE/FR),0,1,0
Ashe/LeBlanc (FR/NX),Gnar/Norra (BC/PZ),0,1,0
Ezreal/Gnar (BC/PZ),Udyr/Vayne (DE/FR),0,1,0
Braum/Lulu (FR/IO),Gnar/Neeko (FR/RU),0,1,0
Kalista (SI),Fizz/Nami (BW/IO),0,1,0
Janna/Teemo (PZ/SI),LeBlanc/Teemo (NX/PZ),0,1,0
Jinx/Miss Fortune (BW/PZ),Caitlyn/Swain (NX/PZ),0,1,0
Norra (BC/BW),Jinx/Miss Fortune (BW/PZ),0,1,0
Akshan/Sivir (PZ/SH),Kalista (SI),0,1,0
Lissandra (DE/FR),Norra/Tristana (BC/BW),0,1,0
Ashe/Kalista/Nocturne (FR/SI),Caitlyn/Swain (NX/PZ),0,1,0
Teemo/Vayne (DE/PZ),Darius (FR/NX),0,1,0
Braum/Garen (DE/FR),Darius (FR/NX),0,1,0
Nidalee/Norra (BC/SH),Ashe/LeBlanc (FR/NX),0,1,0
Braum/Zoe (FR/MT),Braum/Udyr (FR/NX),0,1,0
Braum/Garen (DE/FR),Sejuani (BC/FR),0,1,0
Braum/Zoe (FR/MT),Samira/Udyr (FR/NX),0,1,0
Braum/Garen (DE/FR),Renekton/Sivir (IO/SH),0,1,0
Ashe (FR/PZ),Akshan/Nidalee (BC/SH),0,1,0
Akshan/Fiora (DE/SH),Akshan/Nidalee (BC/SH),0,1,0
Udyr (DE/FR),Darius/Gnar (FR/NX),0,1,0
Braum/Zoe (FR/MT),Jinx/Twisted Fate (BW/PZ),0,1,0
Braum/Pantheon (FR/MT),Nilah/Twisted Fate (BW/PZ),0,1,0
Gwen/Katarina (NX/SI),Teemo/Tristana (BC/NX),0,1,0
Braum/Gnar (DE/FR),Championless (SI),0,1,0
Fiora (DE/FR),Fiora/Shen (DE/IO),0,1,0
Nilah/Twisted Fate (BW/PZ),Teemo/Tristana (BC/NX),0,1,0
Ashe/LeBlanc (FR/NX),Teemo/Tristana (BC/NX),0,1,0
Lux: Illuminated/Shen (DE/IO),Gnar/Nidalee (BC/SH),0,1,0
Teemo/Tristana (BC/NX),Braum/Zoe (FR/MT),0,1,0
Annie/Nami (BW/NX),Braum/Zoe (FR/MT),0,1,0
Darius/Gnar (FR/NX),Diana/Leona (MT/SH),0,1,0
Gnar/Sejuani (FR/SH),Darius/Gnar (FR/NX),0,1,0
Gnar/Nidalee (BC/SH),Braum/Udyr (FR/NX),0,1,0
Kai'Sa/Sivir (DE/SH),Fiora (DE/FR),0,1,0
Annie/Jhin (RU/NX),Jinx/Twisted Fate (BW/PZ),0,1,0
Annie/Jhin (RU/NX),Garen/Neeko (DE/RU),0,1,0
Ashe/Caitlyn (FR/PZ),Fiora (DE/FR),0,1,0
Miss Fortune/Sejuani (BW/FR),Teemo/Tristana (BC/SI),0,1,0
Darius (FR/NX),Yasuo (IO/NX),0,1,0
Swain/Yasuo (IO/NX),Udyr (FR/NX),0,1,0
Udyr (FR/NX),Lulu/Shen (DE/IO),0,1,0
Zoe (MT/PZ),Braum/Zoe (FR/MT),0,1,0
Gwen/Norra (BC/SI),Fiora (DE/FR),0,1,0
Udyr (FR/NX),Ashe/Caitlyn (FR/PZ),0,1,0
Braum/Zoe (FR/MT),Yasuo (IO/NX),0,1,0
Bard/Garen (RU/DE),Ashe/LeBlanc (FR/NX),0,1,0
Ashe (FR/PZ),Ashe (FR),0,1,0
Ashe (FR),Annie/Jhin (RU/NX),0,1,0
Swain/Udyr (FR/NX),Samira/Udyr (FR/NX),0,1,0
Swain/Udyr (FR/NX),LeBlanc/Sivir (NX/SH),0,1,0
Darius/Gnar (FR/NX),Sejuani/Teemo (BC/FR),0,1,0
Garen/Gnar (DE/FR),Ashe (FR/PZ),0,1,0
Renekton/Sivir (FR/SH),Ashe (FR/PZ),0,1,0
Udyr (DE/FR),Championpile (FR/SI),0,1,0
Fiora/Shen (DE/IO),Braum/Lissandra (FR/SI),0,1,0
Nilah/Twisted Fate (BW/PZ),Sejuani/Teemo (BC/FR),0,1,0
Gnar/Renekton (FR/SH),Neeko (FR/RU),0,1,0
Ashe/Caitlyn (FR/PZ),Braum/Zoe (FR/MT),0,1,0
Katarina (DE/NX),Braum/Zoe (FR/MT),0,1,0
Lulu/Shen (DE/IO),Gnar/Udyr (DE/FR),0,1,0
Gnar/Neeko (FR/RU),Gwen/Katarina (NX/SI),0,1,0
Leona/Yasuo (IO/MT),Sejuani/Teemo (BC/FR),0,1,0
Norra/Teemo (BC/SI),Ashe (FR/PZ),0,1,0
Draven/Samira (NX/PZ),Ashe/LeBlanc (FR/NX),0,1,0
Lucian (DE/SI),Championless (SI),0,1,0
Darius/Gnar (FR/NX),Kalista/Lucian (DE/SI),0,1,0
Fizz (BW/FR),Gwen (NX/SI),0,1,0
Fizz (BW/FR),Darius/Gnar (FR/NX),0,1,0
Kai'Sa/Zed (IO/SH),Gwen/Nidalee (SI/SH),0,1,0
Akshan/Fiora (DE/SH),Gwen/Nidalee (SI/SH),0,1,0
Ekko/Kalista (PZ/SI),Gwen/Nidalee (SI/SH),0,1,0
Darius/Gnar (FR/NX),Gwen/Nidalee (SI/SH),0,1,0
Ashe/Udyr (FR/SI),Gwen/Nidalee (SI/SH),0,1,0
Ekko/Janna (PZ/SH),Nocturne (SI),0,1,0
Pantheon/Zoe (MT/NX),Nidalee (BC/SH),0,1,0
Pantheon/Udyr (FR/MT),Braum (FR/MT),0,1,0
Aphelios/Zoe (IO/MT),Aphelios/Udyr (FR/MT),0,1,0
Aphelios/Udyr (FR/MT),Akshan/Udyr (FR/SH),0,1,0
Braum (FR/MT),Aphelios/Udyr (FR/MT),0,1,0
Gwen/Irelia/Zed (IO/SI),Braum/Zoe (FR/MT),0,1,0
Akshan/Kai'Sa (DE/SH),Leona/Yasuo (IO/MT),0,1,0
Leona/Yasuo (IO/MT),Aphelios/Leona (MT/SH),0,1,0
Gnar/Norra (BC/SI),Aphelios/Leona (MT/SI),0,1,0
Jhin/Yasuo (IO/RU),Akshan/Vayne (DE/SH),0,1,0
Ashe/Lissandra (FR/SH),Janna (FR/PZ),0,1,0
Braum/Pantheon (FR/MT),Ashe (FR/PZ),0,1,0
Sejuani/Teemo (FR/PZ),Akshan/Caitlyn (PZ/SH),0,1,0
Nilah/Twisted Fate (BW/PZ),Udyr/Vayne (DE/FR),0,1,0
Lux: Illuminated/Neeko (DE/RU),Gwen/Zed (IO/SI),0,1,0
Lux: Illuminated/Neeko (DE/RU),Darius/Gnar (FR/NX),0,1,0
Gwen (NX/SI),Gwen/Irelia/Zed (IO/SI),0,1,0
Pantheon/Udyr (FR/MT),Gnar/Tristana (BC/BW),0,1,0
Caitlyn (FR/PZ),Janna/Twisted Fate (BW/PZ),0,1,0
Janna/Twisted Fate (BW/PZ),Quinn/Vayne (BW/DE),0,1,0
Garen/Quinn (BW/DE),Janna/Twisted Fate (BW/PZ),0,1,0
Lux: Illuminated/Shen (DE/IO),Jinx/Twisted Fate (BW/PZ),0,1,0
Championless (SI),Ekko/Twisted Fate (BW/PZ),0,1,0
Ekko/Twisted Fate (BW/PZ),Akshan/Samira (NX/SH),0,1,0
Nilah/Twisted Fate (BW/IO),Kalista (SI),0,1,0
Nilah/Twisted Fate (BW/IO),Caitlyn/Teemo (BC/PZ),0,1,0
Samira/Twisted Fate (BW/NX),Norra/Zoe (BC/MT),0,1,0
Championless (FR/IO),Darius/Gwen (NX/SI),0,1,0
Garen (DE/SH),Akshan/Udyr (FR/SH),0,1,0
Annie/Jhin (RU/NX),Akshan/Ashe (FR/SH),0,1,0
Championless (BW/PZ),Kennen/Nidalee (BC/SH),0,1,0
Annie/Elise (NX/SI),Nilah/Twisted Fate (BW/PZ),0,1,0
Gwen/Kalista (SI),Leona/Yasuo (IO/MT),0,1,0
Braum/Swain (FR/NX),Kalista (SI),0,1,0
Championless (SI),Fiora/Pantheon (DE/MT),0,1,0
Akshan/Sivir (NX/SH),Braum/Udyr (DE/FR),0,1,0
Lux: Illuminated (DE/IO),Braum (FR/MT),0,1,0
Lux: Illuminated/Zoe (DE/MT),Nidalee (BC/SH),0,1,0
Lissandra/Nilah (BW/FR),Norra/Teemo (BC/SI),0,1,0
Ashe (FR/PZ),Darius/LeBlanc (FR/NX),0,1,0
Darius/Gwen (NX/SI),Ezreal/Janna (IO/PZ),0,1,0
Janna/Kennen (IO/PZ),Janna/Nilah (BW/PZ),0,1,0
Udyr/Vayne (DE/FR),Janna/Seraphine (IO/PZ),0,1,0
Fizz/Nami (BC/BW),Janna/Seraphine (IO/PZ),0,1,0
Sivir (BW/SH),Gnar/Nidalee (BC/SH),0,1,0
Braum (FR/SH),Sivir (BW/SH),0,1,0
Braum/Zoe (FR/MT),Akshan/Aphelios (MT/SH),0,1,0
Championless (PZ/SI),Janna (IO/PZ),0,1,0
Fiora (DE/MT),Janna (IO/PZ),0,1,0
Janna (MT/PZ),Caitlyn/Norra/Teemo (BC/PZ),0,1,0
Lucian/Miss Fortune (BW/DE),Janna (IO/PZ),0,1,0
Janna (IO/PZ),Fizz/Nami (BW/FR),0,1,0
Akshan/Pantheon (MT/SH),Gnar/Swain (BC/NX),0,1,0
Darius (FR/NX),Caitlyn/Norra (BC/PZ),0,1,0
Lux: Illuminated/Zoe (DE/MT),Gnar/Norra (BC/FR),0,1,0
Championless (BW/SI),Gnar/Norra (BC/FR),0,1,0
Swain/Yasuo (IO/NX),Gnar/Norra (BC/FR),0,1,0
Akshan/Master Yi (IO/SH),Fizz (BW/FR),0,1,0
Janna/Nilah (BW/PZ),Fizz (BW/FR),0,1,0
LeBlanc/Sivir (NX/SH),Norra (BC/IO),0,1,0
Lux: Illuminated/Master Yi (DE/IO),Ashe/Janna (FR/PZ),0,1,0
Kai'Sa/Pantheon (MT/SH),Ashe/Janna (FR/PZ),0,1,0
Leona/Zoe (DE/MT),Lulu/Neeko (IO/RU),0,1,0
Katarina/Samira (FR/NX),Championless (IO/SI),0,1,0
Braum/Zed (FR/IO),Kalista (SI),0,1,0
Bard/Norra/Teemo (BC/RU),Katarina/Yasuo (IO/NX),0,1,0
Fiora/Shen (DE/IO),Katarina/Yasuo (IO/NX),0,1,0
Akshan/Udyr (FR/SH),Katarina/Yasuo (IO/NX),0,1,0
Caitlyn/Janna (PZ/SI),Katarina/Yasuo (IO/NX),0,1,0
Fizz/Nami (BC/BW),Katarina/Yasuo (IO/NX),0,1,0
Caitlyn (FR/PZ),Janna (FR/PZ),0,1,0
Sejuani/Teemo (FR/PZ),Championless (FR/PZ),0,1,0
Ezreal/Jhin (RU/PZ),Ashe (FR/PZ),0,1,0
Fizz/Zoe (BW/MT),Caitlyn/Swain (NX/PZ),0,1,0
Renekton (FR/SH),Ashe/LeBlanc (FR/NX),0,1,0
Championless (NX/SI),Janna (PZ/SI),0,1,0
Ashe (FR/PZ),Kai'Sa/Pantheon (MT/SH),0,1,0
Braum/Udyr (FR),Championless (BC/PZ),0,1,0
Gwen/Katarina (NX/SI),Ezreal/Janna/Seraphine (PZ/SI),0,1,0
Quinn/Vayne (DE/SH),Championless (PZ/SI),0,1,0
Caitlyn/Nami (BW/PZ),Annie/Jhin (RU/NX),0,1,0
Norra/The Poro King (BC/RU),Aphelios/Nami (BW/MT),0,1,0
Darius/Gwen (NX/SI),Braum (FR/IO),0,1,0
Kai'Sa/The Poro King (RU/SH),Gnar/Nidalee (BC/SH),0,1,0
Championless (FR/IO),Braum/Zoe (FR/MT),0,1,0
Ezreal/Zoe (MT/PZ),Championless (FR/IO),0,1,0
Ashe (FR/PZ),Garen (DE/IO),0,1,0
Garen (DE/IO),Caitlyn (BC/PZ),0,1,0
Garen/Udyr (DE/FR),Gwen/Hecarim (SI),0,1,0
Akshan/Master Yi (IO/SH),Gwen/Hecarim (SI),0,1,0
Caitlyn (DE/PZ),Garen/Udyr (DE/FR),0,1,0
Championless (PZ/SI),Gwen/Kalista (SI),0,1,0
Janna/Nilah (BW/PZ),Sejuani/Teemo (FR/PZ),0,1,0
Kalista (SI),Sejuani/Teemo (FR/PZ),0,1,0
Teemo (PZ/SI),Sejuani/Teemo (FR/PZ),0,1,0
Ashe/Sejuani (FR/NX),Akshan/Udyr (FR/SH),0,1,0
Championless (SI),Ashe/Sejuani (FR/NX),0,1,0
Caitlyn (BC/PZ),Darius/Gnar (FR/NX),0,1,0
Nami/Norra (BC/BW),Gwen/Vayne (DE/SI),0,1,0
Caitlyn/Swain (NX/PZ),Nidalee (BC/SH),0,1,0
Braum/Udyr (FR/MT),Championless (MT/SI),0,1,0
Darius/Gnar/LeBlanc (FR/NX),Ashe (FR/PZ),0,1,0
Bard/Norra (BC/RU),Aphelios/Norra (BC/MT),0,1,0
Bard/Norra (BC/RU),Darius (FR/NX),0,1,0
Aphelios/Zoe (BC/MT),Nilah/Twisted Fate (BW/PZ),0,1,0
Janna (PZ/SI),Ashe (FR/SI),0,1,0
Braum (FR/IO),Garen (DE/SH),0,1,0
Leona/Zoe (DE/MT),Braum (FR/IO),0,1,0
Ashe/LeBlanc (FR/NX),Braum (FR/IO),0,1,0
Ezreal/Sejuani (FR/PZ),Sejuani/Swain (FR/NX),0,1,0
Braum/The Poro King (FR/RU),Katarina/Yasuo (IO/NX),0,1,0
Championless (FR/PZ),Ashe/LeBlanc (FR/NX),0,1,0
Ezreal (IO/PZ),Aphelios/Zoe (IO/MT),0,1,0
Darius/LeBlanc (FR/NX),Ashe/LeBlanc (FR/NX),0,1,0
Ezreal/Janna/Twisted Fate (BW/PZ),Championless (SI),0,1,0
Championless (NX/SI),Ezreal/Janna/Twisted Fate (BW/PZ),0,1,0
Ezreal/Janna/Twisted Fate (BW/PZ),Janna/Nilah/Twisted Fate (BW/PZ),0,1,0
Ezreal/Janna/Twisted Fate (BW/PZ),Braum/Zoe (FR/MT),0,1,0
Ashe/Janna (FR/PZ),Akshan/Pantheon (MT/SH),0,1,0
Shen/Sivir (IO/SH),Ezreal/Twisted Fate (BW/PZ),0,1,0
Kalista (BC/SI),Gwen/Vayne (DE/SI),0,1,0
Championless (SI),Lissandra/Swain (FR/NX),0,1,0
Pantheon/Zoe (DE/MT),Annie/Jhin (RU/NX),0,1,0
Evelynn/Hecarim/Kalista (RU/SI),Akshan/Pantheon (MT/SH),0,1,0
Zoe (MT/SH),Darius/Gnar (FR/NX),0,1,0
Ezreal (BW/PZ),Gnar/Sejuani (BC/FR),0,1,0
Caitlyn/Norra/Teemo (BC/PZ),Garen/Udyr (DE/FR),0,1,0
Janna/Nilah (BW/PZ),Caitlyn/Norra/Teemo (BC/PZ),0,1,0
Ezreal/Janna (BW/PZ),Braum/Zoe (FR/MT),0,1,0
Ashe (FR/PZ),Zoe (MT/PZ),0,1,0
Miss Fortune/Vayne (BW/DE),Ezreal/Seraphine (PZ/SI),0,1,0
The Poro King (RU/SH),Janna (PZ/SI),0,1,0
Katarina/Miss Fortune (BW/NX),Norra (BC/IO),0,1,0
Elise/Katarina (NX/SI),Darius (FR/NX),0,1,0
Bard/Norra (BC/RU),Neeko/Nidalee (RU/SH),0,1,0
Caitlyn (FR/PZ),Akshan/Garen (DE/SH),0,1,0
Gnar/Neeko (BC/RU),Ashe (FR/SI),0,1,0
Championless (PZ/SI),Gnar/Neeko (BC/RU),0,1,0
Gnar/Neeko (BC/RU),Annie/Jhin (RU/NX),0,1,0
Gnar/Neeko (BC/RU),Akshan/Udyr (FR/SH),0,1,0
Twisted Fate (BW/SI),Darius/Gwen (NX/SI),0,1,0
Janna/Norra (BC/PZ),Elise/Lucian (DE/SI),0,1,0
Shen/Sivir (IO/SH),Ashe (FR/SI),0,1,0
Shen/Sivir (IO/SH),Annie/Miss Fortune (BW/NX),0,1,0
Renekton (SH),Janna/Nilah (BW/PZ),0,1,0
Braum/Swain (FR/NX),Ashe (FR/PZ),0,1,0
Lux: Illuminated/Udyr (DE/FR),Ashe (FR/PZ),0,1,0
Fizz/Twisted Fate (BW/PZ),Ashe (FR/PZ),0,1,0
Kalista (FR/SI),Quinn/Vayne (DE/PZ),0,1,0
Janna/Kalista (PZ/SI),Janna/Samira (NX/PZ),0,1,0
Fizz/Samira (BW/NX),Darius (FR/NX),0,1,0
Fizz (BW/FR),Braum/Swain (FR/NX),0,1,0
Fizz/Samira (BW/NX),Ashe/Janna (FR/PZ),0,1,0
Fizz (BW/FR),Fiora/Pantheon (DE/MT),0,1,0
Braum (FR/MT),Gwen/Irelia/Zed (IO/SI),0,1,0
Gnar/Nidalee (BC/SH),Gwen/Irelia/Zed (IO/SI),0,1,0
Garen (DE),Gwen/Irelia/Zed (IO/SI),0,1,0
Draven/Zoe (MT/NX),Janna/Zoe (MT/PZ),0,1,0
Akshan/Pantheon (MT/SH),Draven/Zoe (MT/NX),0,1,0
Janna/Master Yi (IO/PZ),Gwen/Irelia (IO/SI),0,1,0
Ashe (FR/SI),Championless (IO/MT),0,1,0
Aphelios/Nami (BW/MT),LeBlanc/Sivir (NX/SH),0,1,0
Annie/Elise (NX/SI),Ashe/LeBlanc (FR/NX),0,1,0
Gnar/Nidalee (BC/SH),Annie/Elise (NX/SI),0,1,0
Caitlyn/Teemo (FR/PZ),Annie/Elise (NX/SI),0,1,0
Katarina/Quinn (DE/NX),Annie/Elise (NX/SI),0,1,0
Kalista/Lucian (DE/SI),Aphelios/Gnar (FR/MT),0,1,0
Ashe/Janna (FR/PZ),Lux: Illuminated/Pantheon/Zoe (DE/MT),0,1,0
Pantheon/Zoe (BC/MT),Fiora/Shen (DE/IO),0,1,0
Quinn/Vayne (DE/SH),Ashe (FR/PZ),0,1,0
Janna/Nami/Twisted Fate (BW/PZ),Ashe (FR/PZ),0,1,0
Akshan/Renekton (SH),Shen/Sivir (IO/SH),0,1,0
Championless (IO/PZ),Leona/Yasuo (IO/MT),0,1,0
Kai'Sa/Zed (IO/SH),Gnar/Sejuani (BC/FR),0,1,0
Leona/Yasuo (IO/MT),Leona (MT/SH),0,1,0
Janna/Twisted Fate (BW/PZ),Championless (FR/IO),0,1,0
Lux: Illuminated/Shen (DE/IO),Championless (FR/IO),0,1,0
Janna/Twisted Fate (BW/PZ),Fizz/Nami (BW/FR),0,1,0
Caitlyn (FR/PZ),Akshan/Zed (IO/SH),0,1,0
Master Yi/Nami (BW/IO),Darius/Gwen (NX/SI),0,1,0
Championpile (DE/FR),Akshan/Sivir (FR/SH),0,1,0
Championpile (DE/FR),Championless (PZ/SI),0,1,0
Championpile (DE/FR),Ashe (FR/SI),0,1,0
Fizz/Nami (BW/FR),Ashe/Udyr (FR/IO),0,1,0
Ashe/Udyr (FR/IO),Aphelios/Yasuo (IO/MT),0,1,0
Janna/Nilah (BW/PZ),Ashe/Udyr (FR/IO),0,1,0
Ashe/Udyr (FR/IO),Akshan/Sivir (FR/SH),0,1,0
Fiora/Pantheon (DE/MT),Pantheon/Zoe (DE/MT),0,1,0
Aphelios/Zoe (IO/MT),Ashe (FR/PZ),0,1,0
Braum/Gwen (FR/SI),Lulu/Shen (DE/IO),0,1,0
Elise/Lucian (DE/SI),Lulu/Shen (DE/IO),0,1,0
Katarina/Miss Fortune (BW/NX),Lulu/Shen (DE/IO),0,1,0
Lulu/Shen (DE/IO),Norra (BC),0,1,0
Darius/LeBlanc (NX),LeBlanc/Udyr (FR/NX),0,1,0
LeBlanc/Udyr (FR/NX),Leona/Yasuo (IO/MT),0,1,0
Ezreal/Twisted Fate (BW/PZ),Darius/Gnar (FR/NX),0,1,0
Irelia/Zed (IO/SH),Darius/Gnar (FR/NX),0,1,0
Braum/Darius (FR/NX),Ashe/Fiora (DE/FR),0,1,0
Sejuani/Swain (FR/NX),Championless (IO/MT),0,1,0
Leona/Yasuo (IO/MT),Caitlyn/Swain/Teemo (NX/PZ),0,1,0
Championless (PZ/SI),Katarina/Samira (FR/NX),0,1,0
Kai'Sa/Lux: Illuminated (DE/SH),Championless (PZ/SI),0,1,0
Championless (IO/PZ),Championless (PZ/SI),0,1,0
Annie/Samira (NX/SI),Championless (PZ/SI),0,1,0
Fizz (BW/FR),Annie/Samira (NX/SI),0,1,0
Bard/Janna (RU/PZ),Annie/Samira (NX/SI),0,1,0
Kalista/Lucian (DE/SI),Ashe (FR/PZ),0,1,0
Ashe (FR/PZ),Aphelios/Twisted Fate (BW/MT),0,1,0
Ezreal/Jhin (RU/PZ),Aphelios/Twisted Fate (BW/MT),0,1,0
Annie/Samira (BW/NX),Janna (PZ/SI),0,1,0
Ashe/Lissandra (FR/SH),Janna (PZ/SI),0,1,0
Janna (PZ/SI),Katarina/Leona (MT/NX),0,1,0
Gnar/Norra (BC/SI),Braum/Zoe (FR/MT),0,1,0
Championless (SI),Gnar/Norra (BC/SI),0,1,0
Udyr/Vayne (DE/FR),Katarina/Yasuo (IO/NX),0,1,0
Gnar/Swain (BC/NX),Kennen/Yasuo (BC/IO),0,1,0
Janna/Seraphine (IO/PZ),Kennen/Yasuo (BC/IO),0,1,0
Aphelios/Twisted Fate (BW/MT),Kennen/Yasuo (BC/IO),0,1,0
Gwen/Zed (IO/SI),Caitlyn/Gnar (FR/PZ),0,1,0
Aphelios/Yasuo (IO/MT),LeBlanc/Sivir (NX/SH),0,1,0
Kennen/Yasuo (IO/MT),Aphelios/Zoe (IO/MT),0,1,0
Aphelios/Zoe (IO/MT),Gwen/Irelia/Zed (IO/SI),0,1,0
Akshan/Fiora (DE/SH),Aphelios/Zoe (IO/MT),0,1,0
Ezreal/Twisted Fate (BW/PZ),Gnar/Tristana (BC/BW),0,1,0
Ezreal/Twisted Fate (BW/PZ),Katarina/Yasuo (IO/NX),0,1,0
Janna/Nilah (BW/PZ),Lux: Illuminated/Udyr (DE/FR),0,1,0
Janna/Nilah (BW/PZ),Lulu/Shen (BC/IO),0,1,0
Irelia/Zed (IO/SH),Janna/Nilah (BW/PZ),0,1,0
Ashe (FR/PZ),Ezreal/Nami (BW/PZ),0,1,0
Irelia (IO/SH),Darius/Gnar (FR/NX),0,1,0
Akshan/Lucian (DE/SH),Darius/Gnar (FR/NX),0,1,0
Zoe (BC/MT),LeBlanc/Sivir (NX/SH),0,1,0
Ezreal/Twisted Fate (BW/PZ),Kai'Sa/Kalista (SI/SH),0,1,0
Janna/Norra (BC/PZ),Akshan/Renekton (BW/SH),0,1,0
Braum/The Poro King (FR/RU),Janna/Norra (BC/PZ),0,1,0
Janna/Norra (BC/PZ),Master Yi/Samira (IO/NX),0,1,0
Shen/Sivir (IO/SH),Janna/Norra (BC/PZ),0,1,0
Ezreal/Twisted Fate (BW/PZ),Gwen/Hecarim (IO/SI),0,1,0
Ashe (FR/PZ),Ezreal/Twisted Fate (BW/PZ),0,1,0
Shen/Sivir (IO/SH),Garen (DE/SI),0,1,0
Leona/Yasuo (IO/MT),Shen/Sivir (IO/SH),0,1,0
Ashe (FR/PZ),Gwen/Hecarim (IO/SI),0,1,0
Akshan/Renekton (FR/SH),Ashe (FR/PZ),0,1,0
Lulu/Shen (BC/IO),Ashe (FR/PZ),0,1,0
Aphelios/Diana/Udyr (FR/MT),Championless (SI),0,1,0
Ashe/Janna (FR/PZ),Annie/Kennen (IO/NX),0,1,0
Ashe (DE/FR),Garen (DE/PZ),0,1,0
Garen (DE/PZ),Janna/Nami (BW/PZ),0,1,0
Shen/Sivir (IO/SH),Aphelios/Zoe (IO/MT),0,1,0
Aphelios/Zoe (IO/MT),Gwen (NX/SI),0,1,0
Leona/Zoe (DE/MT),Aphelios/Zoe (IO/MT),0,1,0
Norra/Teemo (BC/PZ),Aphelios/Zoe (IO/MT),0,1,0
Championless (IO/PZ),Championless (SI),0,1,0
Championless (IO/MT),Ashe/LeBlanc (FR/NX),0,1,0
Championless (PZ/SI),Annie/Yasuo (IO/NX),0,1,0
Kalista (NX/SI),Championless (FR/IO),0,1,0
Kalista (NX/SI),Braum/Zoe (FR/MT),0,1,0
Braum (FR/SH),Championless (SI),0,1,0
Akshan/Renekton (SH),Braum (FR/SH),0,1,0
Quinn/Vayne (DE/SH),Kalista (SI),0,1,0
Draven/Jinx (NX/PZ),Quinn/Vayne (DE/SH),0,1,0
Janna/Master Yi (IO/PZ),Quinn/Vayne (DE/SH),0,1,0
Braum/Sejuani/Udyr (FR/SI),Gwen/Hecarim (IO/SI),0,1,0
Kalista (MT/SI),Ezreal/Sejuani (FR/PZ),0,1,0
Braum/The Poro King (FR/RU),Aphelios/Zoe (BC/MT),0,1,0
Aphelios/Zoe (BC/MT),Caitlyn/Darius (NX/PZ),0,1,0
Caitlyn/Darius (NX/PZ),Ezreal/Sejuani (FR/PZ),0,1,0
Gnar/Nidalee (BC/SH),Ezreal/Sejuani (FR/PZ),0,1,0
Braum/Zoe (FR/MT),Ezreal/Sejuani (FR/PZ),0,1,0
Fiora/Renekton (DE/SH),Ezreal/Sejuani (FR/PZ),0,1,0
Akshan/Sivir (FR/SH),Braum/Zoe (FR/MT),0,1,0
Akshan/Sivir (FR/SH),Gnar/Seraphine (BC/PZ),0,1,0
Neeko (MT/RU),Janna/Nilah (BW/PZ),0,1,0
Janna/Nilah (BW/PZ),Kalista (BC/SI),0,1,0
Miss Fortune/Quinn (BW/DE),Janna/Nilah (BW/PZ),0,1,0
Bard (RU/FR),Fizz/Nami (BC/BW),0,1,0
Bard (RU/FR),Caitlyn/Norra/Teemo (BC/PZ),0,1,0
Darius (FR/NX),Fiora (DE/SH),0,1,0
Yasuo (IO/MT),Fiora (DE/SH),0,1,0
Irelia (IO/SH),Sejuani/Teemo (FR/PZ),0,1,0
Fiora/Shen (DE/IO),Irelia (IO/SH),0,1,0
Championless (SI),Irelia/Miss Fortune (BW/IO),0,1,0
Irelia/Miss Fortune (BW/IO),Championless (FR/IO),0,1,0
Renekton (SH),Sejuani/Teemo (FR/PZ),0,1,0
Katarina/Miss Fortune (BW/NX),Renekton (SH),0,1,0
Renekton/Sivir (SH),Kalista (SI),0,1,0
Garen/Vayne (BW/DE),Braum/Garen (DE/FR),0,1,0
Garen/Vayne (BW/DE),Ashe/LeBlanc (FR/NX),0,1,0
Aphelios/Zoe (DE/MT),Garen/Quinn (BW/DE),0,1,0
Garen/Quinn (BW/DE),Championless (SI),0,1,0
Bard/Caitlyn/Teemo (RU/PZ),Garen/Quinn (BW/DE),0,1,0
Fizz (BW/FR),Garen/Quinn (DE),0,1,0
Ezreal/Zoe (MT/PZ),Jhin/Twisted Fate (BW/RU),0,1,0
Jhin/Kennen (IO/RU),Sejuani/Teemo (FR/PZ),0,1,0
Nami/Zoe (BW/MT),Fizz/Nami (BW/FR),0,1,0
Nami/Zoe (BW/MT),Fiora/Pantheon (DE/MT),0,1,0
Championpile (FR/SH),Nami/Zoe (BW/MT),0,1,0
Nami/Zoe (BW/MT),Kalista (SI),0,1,0
Garen (DE/FR),Nami/Zoe (BW/MT),0,1,0
Championless (IO/PZ),Nami/Zoe (BW/MT),0,1,0
Annie/Jhin (RU/NX),Pantheon/Udyr (FR/MT),0,1,0
Kalista/Nocturne/Zoe (MT/SI),Ashe (FR/PZ),0,1,0
Katarina/Sejuani (FR/NX),Ezreal/Jhin (RU/PZ),0,1,0
Annie/Samira (BW/NX),Darius/LeBlanc (FR/NX),0,1,0
Kalista/Nocturne/Zoe (MT/SI),Ezreal/Jhin (RU/PZ),0,1,0
Ezreal/Jhin (RU/PZ),Aphelios/Zoe (MT),0,1,0
Ezreal/Jhin (RU/PZ),Quinn/Vayne (DE/PZ),0,1,0
Gnar/Nidalee (BC/SH),Ezreal/Jhin (RU/PZ),0,1,0
Braum/Janna (FR/PZ),Ezreal/Jhin (RU/PZ),0,1,0
Jhin/Yasuo (IO/RU),Braum (FR/MT),0,1,0
Jhin/Yasuo (IO/RU),Zoe (BC/MT),0,1,0
Akshan/Pantheon (MT/SH),Jhin/Yasuo (IO/RU),0,1,0
Caitlyn (PZ),Darius (FR/NX),0,1,0
Lux: Illuminated/Zoe (DE/MT),Annie/Jhin (RU/NX),0,1,0
Norra/Teemo (BC/PZ),Annie/Jhin (RU/NX),0,1,0
Ekko/Janna (IO/PZ),Akshan/Evelynn/Kai'Sa (RU/SH),0,1,0
Ekko/Janna (IO/PZ),Teemo/Zoe (BC/MT),0,1,0
Ekko/Janna (IO/PZ),Aphelios/Pantheon (MT/PZ),0,1,0
Ekko/Janna (IO/PZ),Ashe (FR/PZ),0,1,0
Sejuani/Swain (FR/NX),Norra/Teemo (BC/PZ),0,1,0
Janna (PZ/SI),Pantheon/Udyr (FR/MT),0,1,0
Annie/Miss Fortune (BW/NX),Pantheon/Udyr (FR/MT),0,1,0
Annie/Yasuo (IO/NX),Neeko (MT/RU),0,1,0
Annie/Jhin (RU/NX),Gnar/Swain (BC/NX),0,1,0
Annie/Jhin (RU/NX),Janna/Nami/Twisted Fate (BW/PZ),0,1,0
Neeko/Nidalee (RU/SH),Annie/Jhin (RU/NX),0,1,0
Caitlyn (FR/PZ),Annie/Jhin (RU/NX),0,1,0
Annie/Jhin (RU/NX),Miss Fortune/Twisted Fate (BW/NX),0,1,0
Miss Fortune (BW/PZ),Darius/LeBlanc (BW/NX),0,1,0
Miss Fortune/Nami (BW/DE),Janna (PZ/SI),0,1,0
Miss Fortune/Nami (BW/DE),Kalista (SI),0,1,0
Miss Fortune (BW/DE),Nidalee (BC/SH),0,1,0
Caitlyn/Norra/Teemo (BC/PZ),Miss Fortune (BW/DE),0,1,0
Miss Fortune (BW/DE),Miss Fortune/Vayne (BW/DE),0,1,0
Miss Fortune (BW/DE),Leona/Yasuo (IO/MT),0,1,0
Braum/Zoe (FR/MT),Miss Fortune (BW/DE),0,1,0
Ezreal/Seraphine (BC/PZ),Swain/Yasuo (IO/NX),0,1,0
Miss Fortune/Vayne (BW/DE),Katarina/Yasuo (IO/NX),0,1,0
Kalista (SI/SH),Championless (SI),0,1,0
Akshan/Kai'Sa (FR/SH),Championless (SI),0,1,0
Master Yi (FR/IO),Championless (SI),0,1,0
Ashe/Udyr (FR/SI),Janna/Nilah/Twisted Fate (BW/PZ),0,1,0
Master Yi (IO/SH),Sejuani/Swain (FR/NX),0,1,0
Janna/Nilah/Twisted Fate (BW/PZ),Gnar/Seraphine (BC/PZ),0,1,0
Ashe/Janna (FR/PZ),Swain/Udyr (FR/NX),0,1,0
Swain/Udyr (FR/NX),Nidalee (BC/SH),0,1,0
Akshan (SI/SH),Nidalee (BC/SH),0,1,0
Miss Fortune/Quinn (BW/DE),Garen/Udyr (DE/FR),0,1,0
Nami/Norra (BC/BW),Garen/Udyr (DE/FR),0,1,0
Akshan/Fiora (DE/SH),Akshan/Udyr (FR/SH),0,1,0
Akshan/Udyr (FR/SH),Caitlyn/Darius (NX/PZ),0,1,0
Darius/LeBlanc (FR/NX),Gnar/Seraphine (BC/PZ),0,1,0
Darius/LeBlanc (FR/NX),Akshan/Fiora (DE/SH),0,1,0
Darius/LeBlanc (FR/NX),Norra/Zoe (BC/MT),0,1,0
Gwen/Lucian (DE/SI),Ashe/LeBlanc (FR/NX),0,1,0
Janna (PZ/SI),Ashe/Janna/Udyr (FR/PZ),0,1,0
Janna (FR/PZ),Irelia/Miss Fortune (BW/IO),0,1,0
Ezreal/Swain (NX/PZ),Janna (FR/PZ),0,1,0
Gwen/Norra (BC/SI),Championless (PZ/SI),0,1,0
Gwen/Norra (BC/SI),Fiora/Shen (DE/IO),0,1,0
Kalista/Yasuo (IO/SI),Janna (PZ/SI),0,1,0
LeBlanc/Sivir (NX/SH),Braum/Udyr (DE/FR),0,1,0
Braum/Udyr (DE/FR),Akshan/Fiora (DE/SH),0,1,0
Caitlyn/Teemo (BC/PZ),Braum/Udyr (DE/FR),0,1,0
Akshan/Samira (NX/SH),Diana/Nocturne (MT/SI),0,1,0
Aphelios/Udyr (FR/MT),Janna/Twisted Fate (BW/PZ),0,1,0
Nami/Norra (BC/BW),Ezreal/Seraphine (PZ/SI),0,1,0
Ashe/LeBlanc (FR/NX),Norra (BC/IO),0,1,0
Aphelios/Diana/Nocturne (MT/SI),Championless (SI),0,1,0
Nilah/Twisted Fate (BW/PZ),Caitlyn/Janna (IO/PZ),0,1,0
Janna/Nami/Nilah (BW/PZ),Nidalee (BC/SH),0,1,0
Janna/Nami/Nilah (BW/PZ),Gwen (FR/SI),0,1,0
Janna (PZ/SI),Ashe/Darius (FR/NX),0,1,0
Akshan/Samira (NX/SH),Caitlyn/Ezreal (NX/PZ),0,1,0
Caitlyn/Ezreal (NX/PZ),Caitlyn/Janna/Teemo (FR/PZ),0,1,0
Caitlyn/Ezreal (NX/PZ),Braum/Zoe (FR/MT),0,1,0
Caitlyn/Ezreal (NX/PZ),Darius/Gnar (FR/NX),0,1,0
Janna/Nami/Nilah (BW/PZ),Sejuani (FR/NX),0,1,0
Ezreal/Swain (NX/PZ),Ashe/Darius (FR/NX),0,1,0
Ezreal/Swain (NX/PZ),Miss Fortune/Quinn/Vayne (BW/DE),0,1,0
Kai'Sa/Zoe (MT/SH),Braum/Garen (DE/FR),0,1,0
Leona/Yasuo (IO/MT),Braum/Garen (DE/FR),0,1,0
Darius/Sejuani (FR/NX),Akshan/Master Yi (IO/SH),0,1,0
Janna/Nilah/Twisted Fate (BW/PZ),Yasuo (IO/MT),0,1,0
Ezreal/Nilah (BW/PZ),Yasuo (IO/MT),0,1,0
Draven/Zoe (MT/NX),Ezreal/Nilah (BW/PZ),0,1,0
Udyr (FR/PZ),Ezreal/Nilah (BW/PZ),0,1,0
Leona/Yasuo (IO/MT),Ezreal/Nilah (BW/PZ),0,1,0
Kalista (SI),Janna/Nilah/Twisted Fate (BW/PZ),0,1,0
Fiora/Garen (DE/SH),Ashe/LeBlanc (FR/NX),0,1,0
Ezreal/Yasuo (IO/PZ),Nilah/Twisted Fate (BW/PZ),0,1,0
Annie/Jinx (NX/PZ),Nilah/Twisted Fate (BW/PZ),0,1,0
Kalista (NX/SI),Akshan/Master Yi (IO/SH),0,1,0
Darius/Gnar (FR/NX),Braum (FR/MT),0,1,0
Gnar/Tristana (BC/BW),Braum (FR/MT),0,1,0
Ezreal/Nilah (BW/PZ),Gnar/Tristana (BC/BW),0,1,0
Kalista (NX/SI),Swain (FR/NX),0,1,0
Diana/Zoe (MT),Kalista (NX/SI),0,1,0
Irelia/Miss Fortune (BW/IO),Gnar/Tristana (BC/BW),0,1,0
Teemo/Zoe (BC/MT),Darius/Gnar (FR/NX),0,1,0
Janna/Seraphine (IO/PZ),Darius (FR/NX),0,1,0
Norra/Zoe (BC/MT),Caitlyn/Swain (NX/PZ),0,1,0
Kai'Sa/Sivir (DE/SH),Akshan/Kai'Sa (DE/SH),0,1,0
Nilah/Twisted Fate (BW/PZ),Irelia (IO/SI),0,1,0
Akshan/Renekton (BW/SH),Nilah/Twisted Fate (BW/PZ),0,1,0
Ezreal/Nilah (BW/PZ),Janna/Seraphine (IO/PZ),0,1,0
Lux: Illuminated/Zoe (DE/MT),Aphelios/Seraphine (MT/PZ),0,1,0
Akshan/Kai'Sa (DE/SH),Lux: Illuminated/Zoe (DE/MT),0,1,0
Draven/Jinx (NX/PZ),Lux: Illuminated/Zoe (DE/MT),0,1,0
Lux: Illuminated/Zoe (DE/MT),Ashe/LeBlanc (FR/NX),0,1,0
Fizz/Zoe (BW/MT),Lux: Illuminated/Zoe (DE/MT),0,1,0
Gwen/Hecarim (IO/SI),Lux: Illuminated/Zoe (DE/MT),0,1,0
Championless (SI),Lux: Illuminated/Zoe (DE/MT),0,1,0
Lux: Illuminated/Zoe (DE/MT),Caitlyn/Swain (NX/PZ),0,1,0
Braum/The Poro King (FR/RU),Shen/Sivir (IO/SH),0,1,0
Bard/Caitlyn/Teemo (RU/PZ),Caitlyn/Vayne (DE/PZ),0,1,0
Kalista (MT/SI),Teemo/Zoe (BC/MT),0,1,0
Teemo/Zoe (BC/MT),Swain/Yasuo (IO/NX),0,1,0
Braum (DE/FR),Katarina/Samira (FR/NX),0,1,0
Katarina/Samira (FR/NX),Gnar/Neeko (FR/RU),0,1,0
Diana/Leona (MT/SH),Katarina/Samira (FR/NX),0,1,0
The Poro King (RU/SH),Katarina/Samira (FR/NX),0,1,0
Elise/Lucian (DE/SI),Katarina/Samira (FR/NX),0,1,0
Katarina/Samira (FR/NX),Championless (SI),0,1,0
Ezreal/Swain (NX/PZ),Katarina/Samira (FR/NX),0,1,0
Neeko/Renekton (RU/SH),Ashe/Janna (FR/PZ),0,1,0
Neeko (RU/SH),Caitlyn/Swain (NX/PZ),0,1,0
Draven/Ezreal (NX/PZ),Janna (PZ/SI),0,1,0
LeBlanc/Swain (BW/NX),Championless (NX/SI),0,1,0
Shen (DE/IO),Nilah/Twisted Fate (BW/PZ),0,1,0
Akshan (SI/SH),Ashe/LeBlanc (FR/NX),0,1,0
Ahri/Elise (IO/SI),Nilah/Twisted Fate (BW/PZ),0,1,0
Lulu/Shen (DE/IO),Norra/Teemo (BC/PZ),0,1,0
Janna/Master Yi (IO/PZ),Kai'Sa/Lux: Illuminated (DE/SH),0,1,0
Kalista (SI),Aphelios/Ezreal (MT/PZ),0,1,0
Ezreal/Nami (BW/PZ),Kalista (SI),0,1,0
Fiora/Udyr (DE/FR),Kalista (SI),0,1,0
Akshan/Pantheon (MT/SH),Fiora (DE/SH),0,1,0
Lulu/Shen (DE/IO),Fiora (DE/SH),0,1,0
Zoe (IO/MT),Fiora (DE/SH),0,1,0
Braum (FR/NX),Braum/Darius (FR/NX),0,1,0
Janna (PZ/SI),Braum/Darius (FR/NX),0,1,0
Braum/Darius (FR/NX),Pantheon/Udyr (FR/MT),0,1,0
Braum/Darius (FR/NX),Darius/Gnar (FR/NX),0,1,0
Akshan/Udyr (FR/SH),Akshan/Renekton (SH),0,1,0
Ezreal/Master Yi (IO/PZ),Leona/Yasuo (IO/MT),0,1,0
Championless (BW/PZ),Garen/Neeko (DE/RU),0,1,0
Championless (SI),Garen/Miss Fortune/Quinn (BW/DE),0,1,0
Annie/Ezreal (NX/PZ),Championless (SI),0,1,0
Ashe/LeBlanc (FR/NX),Ashe/Garen (DE/FR),0,1,0
Ashe/Gnar (FR),Garen (DE),0,1,0
Fizz (BC/FR),Garen (DE),0,1,0
Swain (FR/NX),Darius/Gnar (FR/NX),0,1,0
Fizz/Twisted Fate (BW/PZ),Akshan/Pantheon (MT/SH),0,1,0
Shen/Sivir (IO/SH),Fizz/Twisted Fate (BW/PZ),0,1,0
Draven/Zoe (MT/NX),Shen/Sivir (IO/SH),0,1,0
Katarina/Samira (BW/NX),Caitlyn/Swain (NX/PZ),0,1,0
Ezreal/Seraphine (BC/PZ),Caitlyn/Swain (NX/PZ),0,1,0
Annie/Ezreal (NX/PZ),Caitlyn/Swain (NX/PZ),0,1,0
Braum/Zed (FR/IO),Championless (MT/SI),0,1,0
Fizz (BW/FR),Championless (MT/SI),0,1,0
Norra/Zoe (BC/MT),Championless (MT/SI),0,1,0
Master Yi/Samira (IO/NX),Katarina/Yasuo (IO/NX),0,1,0
Aphelios/Jhin (RU/MT),Neeko/Zoe (MT/RU),0,1,0
Akshan/Vayne (DE/SH),Kai'Sa/Pantheon (MT/SH),0,1,0
Ashe/Udyr (FR/PZ),Katarina/Yasuo (IO/NX),0,1,0
Akshan/Master Yi (IO/SH),Katarina/Yasuo (IO/NX),0,1,0
Ekko/Renekton (PZ/SH),Katarina/Yasuo (IO/NX),0,1,0
Leona/Yasuo (IO/MT),Sejuani/Teemo (FR/PZ),0,1,0
Sejuani/Teemo (FR/PZ),Championless (BW/SI),0,1,0
Sejuani/Teemo (FR/PZ),Janna (IO/PZ),0,1,0
Sejuani/Teemo (FR/PZ),Braum/Swain (FR/NX),0,1,0
Draven/Jinx (NX/PZ),Sejuani/Teemo (FR/PZ),0,1,0
Annie/Yasuo (IO/NX),Sejuani/Teemo (FR/PZ),0,1,0
Sejuani/Teemo (FR/PZ),Championless (PZ/SI),0,1,0
Janna/Seraphine (PZ/SI),Sejuani/Teemo (FR/PZ),0,1,0
Sejuani/Teemo (FR/PZ),Miss Fortune/Vayne (BW/DE),0,1,0
Hecarim (SI/SH),Sejuani/Teemo (FR/PZ),0,1,0
Sejuani/Teemo (FR/PZ),Swain (FR/NX),0,1,0
Sejuani/Teemo (FR/PZ),Ezreal/Swain (NX/PZ),0,1,0
Sejuani/Teemo (FR/PZ),Annie/Jhin (RU/NX),0,1,0
Lux: Illuminated/Shen (DE/IO),Championless (SI),0,1,0
Championless (FR/SI),Championless (SI),0,1,0
Akshan/Fiora (DE/SH),Sejuani/Teemo (FR/PZ),0,1,0
Shen/Sivir (IO/SH),Ashe/Garen (DE/FR),0,1,0
Lissandra/Swain (FR/NX),Darius/Gwen (NX/SI),0,1,0
Kalista (SI),Udyr/Zed (FR/IO),0,1,0
Gwen/Kalista (NX/SI),Udyr/Zed (FR/IO),0,1,0
Shen/Sivir (IO/SH),Aphelios/Twisted Fate (BW/MT),0,1,0
Shen/Sivir (IO/SH),Hecarim (SI),0,1,0
Ezreal/Kennen (IO/PZ),Norra (BC/IO),0,1,0
Norra (BC/IO),Championless (PZ/SI),0,1,0
Gnar/Seraphine (BC/PZ),Aphelios/Yasuo (IO/MT),0,1,0
Diana/Leona (MT),Shen/Sivir (IO/SH),0,1,0
Master Yi/Samira (IO/NX),Caitlyn/Teemo (BC/PZ),0,1,0
Evelynn/Kai'Sa (RU/SH),Braum/Zoe (FR/MT),0,1,0
Norra (BC),Braum/Zoe (FR/MT),0,1,0
Norra (BC),Kalista (SI),0,1,0
Norra (BC),Championless (SI),0,1,0
Draven/Zoe (MT/NX),Norra (BC),0,1,0
Championless (PZ/SI),Norra (BC),0,1,0
Bard/Norra (BC/RU),Garen (DE/SI),0,1,0
Caitlyn/Teemo (FR/PZ),Master Yi/Udyr (FR/IO),0,1,0
Braum/Kai'Sa (FR/SH),Caitlyn/Darius (NX/PZ),0,1,0
Pantheon/Udyr (FR/MT),Shen/Sivir (IO/SH),0,1,0
Leona/Zoe (DE/MT),Janna/Master Yi (IO/PZ),0,1,0
Swain (FR/NX),Janna/Master Yi (IO/PZ),0,1,0
Katarina/Leona (MT/NX),Janna/Master Yi (IO/PZ),0,1,0
Janna (FR/PZ),Janna/Master Yi (IO/PZ),0,1,0
Ekko/Nilah (BW/PZ),Bard/The Poro King (RU/RU),0,1,0
LeBlanc/Swain (NX/SI),Championless (PZ/SI),0,1,0
Fizz/Twisted Fate (BW/PZ),Gnar/Nidalee (BC/SH),0,1,0
Swain/Yasuo (IO/NX),Gwen (NX/SI),0,1,0
Ezreal/Janna/Nilah (BW/PZ),Diana/Nocturne (MT/SI),0,1,0
Ezreal/Twisted Fate (BW/PZ),Miss Fortune/Vayne (BW/DE),0,1,0
Darius/LeBlanc (NX/SI),Braum/Zoe (FR/MT),0,1,0
Gwen/Katarina/LeBlanc (NX/SI),Championless (DE/MT),0,1,0
Championless (SI),Gwen/Katarina/LeBlanc (NX/SI),0,1,0
Gwen/LeBlanc (NX/SI),Janna (PZ/SI),0,1,0
Gwen/LeBlanc (NX/SI),Ashe (FR/SI),0,1,0
Ezreal/Janna/Nilah (BW/PZ),Kalista (DE/SI),0,1,0
Ashe/LeBlanc (FR/NX),Ezreal/Janna/Nilah (BW/PZ),0,1,0
Ezreal/Zed (IO/PZ),Championless (SI),0,1,0
Gnar (BC/PZ),Akshan/Renekton (SH),0,1,0
Championless (PZ/SI),Gwen (FR/SI),0,1,0
Ekko/Janna (IO/PZ),Championless (PZ/SI),0,1,0
Championless (PZ/SI),Ezreal/Swain (NX/PZ),0,1,0
Championless (PZ/SI),Hecarim/Lucian (DE/SI),0,1,0
Championless (FR/IO),Championless (PZ/SI),0,1,0
Championless (PZ/SI),Zoe (BW/MT),0,1,0
Garen/Quinn (DE),Championless (PZ/SI),0,1,0
Gwen/Vayne (DE/SI),Gwen/Kalista (SI),0,1,0
Lissandra/Sejuani (FR),Gwen/Kalista (SI),0,1,0
Gwen/Kalista (SI),Janna (PZ/SI),0,1,0
Janna/Twisted Fate (BW/PZ),Gwen/Kalista (SI),0,1,0
Fizz/Nami (BW/FR),Darius/Gnar (FR/NX),0,1,0
Kennen/Samira (BC/NX),Ezreal/Nilah (BW/PZ),0,1,0
Janna/Nami/Twisted Fate (BW/PZ),Caitlyn/Teemo (BC/PZ),0,1,0
Championless (SI),Janna/Nami/Twisted Fate (BW/PZ),0,1,0
Janna/Nami/Twisted Fate (BW/PZ),Lulu (IO/MT),0,1,0
Fiora/Pantheon (DE/MT),Championless (BW/MT),0,1,0
Sejuani/Swain (FR/NX),Gwen/Katarina (NX/SI),0,1,0
Renekton/Sivir (SH),Gwen/Katarina (NX/SI),0,1,0
Caitlyn/Norra/Teemo (BC/PZ),LeBlanc/Sivir (NX/SH),0,1,0
Bard/Caitlyn/Teemo (RU/PZ),Caitlyn/Norra/Teemo (BC/PZ),0,1,0
Elise/Kalista (BW/SI),Caitlyn/Norra/Teemo (BC/PZ),0,1,0
Fiora/Pantheon (DE/MT),Elise/Kalista (BW/SI),0,1,0
Shen/Sivir (IO/SH),Elise/Kalista (BW/SI),0,1,0
Aphelios/Zoe (IO/MT),Katarina/Leona (MT/NX),0,1,0
Nami/Zoe (BW/MT),Aphelios/Zoe (IO/MT),0,1,0
Aphelios/Zoe (IO/MT),Janna (IO/PZ),0,1,0
Aphelios/Zoe (IO/MT),Gwen/Hecarim (SI/SH),0,1,0
Aphelios/Zoe (IO/MT),Akshan/Gwen (SI/SH),0,1,0
Aphelios/Zoe (IO/MT),Janna/Master Yi/Seraphine (IO/PZ),0,1,0
Diana/Nocturne/Zoe (MT/SI),Aphelios/Zoe (IO/MT),0,1,0
Ekko/Kalista (PZ/SI),Kalista/Lucian (DE/SI),0,1,0
Kalista/Lucian (DE/SI),Twisted Fate (BW/PZ),0,1,0
Ashe/LeBlanc (FR/NX),Janna (MT/PZ),0,1,0
Ashe (FR/NX),Ashe/LeBlanc (FR/NX),0,1,0
Zoe (BW/MT),Janna/Nilah (BW/PZ),0,1,0
Ezreal/Zoe (MT/PZ),Janna/Nilah (BW/PZ),0,1,0
Ashe/Gnar (FR),Fizz/Twisted Fate (BW/PZ),0,1,0
Ashe/Garen (DE/FR),Fizz/Twisted Fate (BW/PZ),0,1,0
Renekton/Udyr (FR/SH),Fizz (BC/FR),0,1,0
Championless (SI),Fizz/Twisted Fate (BW/PZ),0,1,0
Aphelios/Zoe (MT),Fiora/Shen (DE/IO),0,1,0
Caitlyn (BW/PZ),Swain/Udyr (FR/NX),0,1,0
Akshan/Kai'Sa (FR/SH),Ashe/LeBlanc (FR/NX),0,1,0
Kalista (NX/SI),Katarina/Leona (MT/NX),0,1,0
Championless (FR/SI),Leona/Yasuo (IO/MT),0,1,0
Akshan/Kai'Sa (FR/SH),Braum (FR/MT),0,1,0
Akshan/Kai'Sa (FR/SH),Braum/Udyr (FR/MT),0,1,0
Nilah/Samira (BW/NX),Ashe/LeBlanc (FR/NX),0,1,0
Katarina/Vayne (DE/NX),Ashe (FR/PZ),0,1,0
Katarina/Miss Fortune (BW/NX),Braum/The Poro King (FR/RU),0,1,0
Katarina/Miss Fortune (BW/NX),Aphelios/Kai'Sa (MT/SH),0,1,0
Championless (PZ/SI),Neeko/Zoe (MT/RU),0,1,0
Yasuo (IO/NX),Annie/Jhin (RU/NX),0,1,0
Katarina/Yasuo (IO/NX),Annie/Elise (NX/SI),0,1,0
Ashe/LeBlanc (FR/NX),Ashe/Sejuani (BW/FR),0,1,0
Quinn/Vayne (DE/PZ),Kai'Sa/Kalista (SI/SH),0,1,0
Championless (NX/SI),Quinn/Vayne (DE/PZ),0,1,0
Lissandra/Nilah (BW/FR),Braum/The Poro King (FR/RU),0,1,0
Darius/LeBlanc (BW/NX),Lissandra/Nilah (BW/FR),0,1,0
Lissandra/Nilah (BW/FR),Darius/Gnar (FR/NX),0,1,0
Gnar/Nilah (BW/FR),Garen (DE/SI),0,1,0
Gnar/Nilah (BW/FR),Diana/Nocturne (MT/SI),0,1,0
Gnar/Nilah (BW/FR),Braum/Swain (FR/NX),0,1,0
Gnar/Nilah (BW/FR),Championless (MT/SI),0,1,0
Braum/Zoe (FR/MT),Gnar/Nilah (BW/FR),0,1,0
Fiora/Shen (DE/IO),Gnar/Nilah (BW/FR),0,1,0
Darius/Gwen (NX/SI),Caitlyn/Garen (DE/PZ),0,1,0
Teemo/Zoe (BC/MT),Fiora/Pantheon (DE/MT),0,1,0
Teemo/Zoe (BC/MT),Sejuani/Swain (FR/NX),0,1,0
Championless (IO/MT),Nilah/Twisted Fate (BW/PZ),0,1,0
Aphelios/Janna (MT/PZ),Championless (IO/MT),0,1,0
Caitlyn/Teemo (BC/PZ),Aphelios/Janna (MT/PZ),0,1,0
Kalista (SI),Aphelios/Janna (MT/PZ),0,1,0
Championless (NX/SI),Ashe (DE/FR),0,1,0
Ezreal/Swain (NX/PZ),Akshan/Master Yi (IO/SH),0,1,0
Miss Fortune/Vayne (BW/DE),Leona/Yasuo (IO/MT),0,1,0
Sejuani/Zoe (FR/MT),Akshan/Master Yi (IO/SH),0,1,0
Lux: Illuminated/Samira (DE/NX),Janna/Nami/Nilah (BW/PZ),0,1,0
Braum/Janna (FR/PZ),Lux: Illuminated/Samira (DE/NX),0,1,0
Kennen/Samira (BC/NX),Swain/Twisted Fate (BW/NX),0,1,0
Sejuani/Teemo (FR/PZ),Akshan/Samira (NX/SH),0,1,0
Akshan/Samira (NX/SH),Katarina/Leona (MT/NX),0,1,0
Darius (FR/NX),Diana/Nocturne (MT/SI),0,1,0
Akshan/Samira (NX/SH),Braum (FR/MT),0,1,0
Championless (NX/SI),Akshan/Samira (NX/SH),0,1,0
Draven/Jinx (NX/PZ),Swain/Twisted Fate (BW/NX),0,1,0
Swain/Twisted Fate (BW/NX),Gwen (NX/SI),0,1,0
Swain/Twisted Fate (BW/NX),Akshan/Udyr (FR/SH),0,1,0
Janna/Twisted Fate (BW/PZ),Championless (DE/MT),0,1,0
Championless (DE/MT),LeBlanc/Sivir (NX/SH),0,1,0
Kalista/LeBlanc (NX/SI),Championless (BC/IO),0,1,0
Ashe/Garen (DE/FR),Championless (MT/SI),0,1,0
Akshan/Pantheon (MT/SH),Akshan/Udyr (FR/SH),0,1,0
Garen/Lux: Illuminated (DE/IO),Akshan/Pantheon (MT/SH),0,1,0
Akshan/Sivir (FR/SH),Akshan/Pantheon (MT/SH),0,1,0
Caitlyn/Darius (NX/PZ),Akshan/Pantheon (MT/SH),0,1,0
Elise/Nocturne (SI/SH),Akshan/Pantheon (MT/SH),0,1,0
Pantheon/Udyr/Zoe (FR/MT),Kalista (MT/SI),0,1,0
Janna (PZ/SI),Pantheon/Udyr/Zoe (FR/MT),0,1,0
Championless (BC/SI),Pantheon/Udyr/Zoe (FR/MT),0,1,0
Pantheon/Zoe (IO/MT),Akshan (SI/SH),0,1,0
Aphelios/Master Yi (IO/MT),Pantheon/Zoe (IO/MT),0,1,0
Leona/Renekton (MT/SH),Pantheon/Zoe (IO/MT),0,1,0
Pantheon/Zoe (IO/MT),Irelia/Zed (IO/SH),0,1,0
Kalista (SI),Kalista/Nidalee (SI/SH),0,1,0
Caitlyn (FR/PZ),Kalista/Nidalee (SI/SH),0,1,0
Garen/Quinn (DE),Pantheon (MT/NX),0,1,0
Kai'Sa/Pantheon (MT/SH),Annie/Elise (NX/SI),0,1,0
Ezreal/LeBlanc/Swain (NX/PZ),Kai'Sa/Pantheon (MT/SH),0,1,0
LeBlanc/Pantheon (MT/NX),Darius/Gnar (FR/NX),0,1,0
Gwen/Quinn (DE/SI),Kalista/Nidalee (SI/SH),0,1,0
Nami/Zoe (BW/MT),Caitlyn/Swain/Teemo (NX/PZ),0,1,0
Janna (MT/PZ),Gwen/Vayne (DE/SI),0,1,0
Kalista/Lucian (DE/SI),Kalista (FR/SI),0,1,0
Swain/Yasuo (IO/NX),Ezreal/Seraphine (MT/PZ),0,1,0
Swain/Yasuo (IO/NX),Garen (DE/SI),0,1,0
Swain/Yasuo (IO/NX),Kalista (MT/SI),0,1,0
Miss Fortune/Sejuani (BW/FR),Akshan/Udyr (FR/SH),0,1,0
Braum/Sejuani (FR/NX),Akshan/Udyr (FR/SH),0,1,0
Nilah/Twisted Fate (BW/PZ),Ezreal/Zed (IO/PZ),0,1,0
Annie/Jhin (RU/NX),Kalista/Norra (BC/SI),0,1,0
Samira/Sejuani (FR/NX),Kalista/Norra (BC/SI),0,1,0
Norra/The Poro King (BC/RU),Aphelios/Zoe (MT),0,1,0
Leona/Yasuo (IO/MT),Garen/Miss Fortune/Quinn (BW/DE),0,1,0
Ahri/Ezreal/Kennen (IO/PZ),Leona/Yasuo (IO/MT),0,1,0
Leona/Yasuo (IO/MT),Akshan/Gwen (SI/SH),0,1,0
Renekton/Sejuani (FR/SH),Leona/Yasuo (IO/MT),0,1,0
Ekko/Kalista (PZ/SI),Fizz (BC/FR),0,1,0
Norra (BC/PZ),LeBlanc (FR/NX),0,1,0
Norra (BC/PZ),Gnar/Nidalee (BC/SH),0,1,0
Championless (MT/SI),Lucian/Miss Fortune (BW/DE),0,1,0
Norra/Teemo (BC/PZ),Lucian/Miss Fortune (BW/DE),0,1,0
Lucian/Miss Fortune (BW/DE),Swain/Udyr (FR/NX),0,1,0
Lucian/Miss Fortune (BW/DE),Darius/Gnar (FR/NX),0,1,0
Garen (DE/SH),Evelynn/Kai'Sa (RU/SH),0,1,0
Evelynn/Kai'Sa (RU/SH),Braum (FR/MT),0,1,0
Ezreal/LeBlanc/Swain (NX/PZ),Ashe/LeBlanc (FR/NX),0,1,0
Yasuo (IO/MT),Neeko (MT/RU),0,1,0
Neeko (MT/RU),Janna/Zoe (MT/PZ),0,1,0
Kai'Sa/Lux: Illuminated (DE/SH),Neeko (MT/RU),0,1,0
Gwen/Lucian (DE/SI),Caitlyn (BC/PZ),0,1,0
Ezreal/Zed (IO/PZ),Gwen/Lucian (DE/SI),0,1,0
Neeko (MT/RU),Kai'Sa/Zoe (MT/SH),0,1,0
Diana/Nocturne (MT/SI),Neeko (MT/RU),0,1,0
Darius/Gwen (NX/SI),Neeko (MT/RU),0,1,0
Janna/Kalista (PZ/SI),Neeko (MT/RU),0,1,0
Akshan/Braum (FR/SH),Vayne (DE/MT),0,1,0
Akshan/Sivir (FR/SH),Vayne (DE/MT),0,1,0
Miss Fortune/Quinn/Vayne (BW/DE),Sejuani/Swain (FR/NX),0,1,0
Miss Fortune/Quinn/Vayne (BW/DE),Lulu/Shen (DE/IO),0,1,0
Kennen/Yasuo (IO/MT),Miss Fortune/Quinn/Vayne (BW/DE),0,1,0
Akshan/Master Yi (IO/SH),Miss Fortune/Quinn/Vayne (BW/DE),0,1,0
Janna/Nami/Nilah (BW/PZ),Janna (IO/PZ),0,1,0
Janna/Nami/Nilah (BW/PZ),Akshan/Renekton (SH),0,1,0
Darius (NX/SH),Janna/Nami/Nilah (BW/PZ),0,1,0
Fizz/Nami (BW/MT),Annie/Jhin (RU/NX),0,1,0
Master Yi/Samira (IO/NX),Ezreal/Kennen (IO/PZ),0,1,0
Darius/Yasuo (IO/NX),Ezreal/Kennen (IO/PZ),0,1,0
Braum/Master Yi (FR/IO),Darius/Yasuo (IO/NX),0,1,0
Nidalee (IO/SH),Ashe/LeBlanc (FR/NX),0,1,0
Draven/Zoe (MT/NX),Master Yi/Samira (IO/NX),0,1,0
Master Yi/Samira (IO/NX),Janna/Jinx (PZ),0,1,0
Zoe (BW/MT),Master Yi/Samira (IO/NX),0,1,0
Master Yi/Samira (IO/NX),Ashe (FR/SI),0,1,0
Championless (FR/IO),Master Yi/Samira (IO/NX),0,1,0
Master Yi/Samira (IO/NX),Ashe/Garen (DE/FR),0,1,0
Ashe/Garen (DE/FR),Janna (PZ/SI),0,1,0
Championpile (FR/SH),Janna (PZ/SI),0,1,0
Norra/Zoe (BC/MT),Nami/Zoe (BW/MT),0,1,0
Championless (MT/PZ),Akshan/Samira (NX/SH),0,1,0
Evelynn/Udyr (RU/FR),Championless (DE/FR),0,1,0
Norra/Zoe (BC/MT),Kennen/Tristana (BC/IO),0,1,0
Darius/Swain (NX/SI),Championless (MT/SI),0,1,0
Gnar/Nidalee (BC/SH),Gwen/Udyr (FR/SI),0,1,0
Ahri/Ezreal/Kennen (IO/PZ),Championless (SI),0,1,0
Championless (IO/SI),Championless (SI),0,1,0
Janna (PZ/SI),Gwen (NX/SI),0,1,0
Gwen (NX/SI),Pantheon/Zoe (FR/MT),0,1,0
Akshan/Renekton (SH),Gwen (NX/SI),0,1,0
Annie/Jhin/Swain (RU/NX),Braum/The Poro King (FR/RU),0,1,0
Braum/The Poro King (FR/RU),Caitlyn/LeBlanc (NX/PZ),0,1,0
Norra/The Poro King (BC/RU),Annie/Jhin (RU/NX),0,1,0
Neeko/Zoe (MT/RU),Nilah/Twisted Fate (BW/PZ),0,1,0
Hecarim/Kalista (SI),Neeko/Zoe (MT/RU),0,1,0
Neeko/Zoe (MT/RU),Bard/Caitlyn/Teemo (RU/PZ),0,1,0
Aphelios/Zoe (DE/MT),Katarina/Zed (IO/NX),0,1,0
Ahri/Katarina (IO/NX),Ekko/Janna (IO/PZ),0,1,0
LeBlanc/Renekton (NX/SH),Gnar/Nidalee (BC/SH),0,1,0
LeBlanc/Renekton (NX/SH),Kalista (SI),0,1,0
Ahri/Katarina (IO/NX),Kalista (SI),0,1,0
Championless (BC/IO),Leona/Yasuo (IO/MT),0,1,0
Leona/Yasuo (IO/MT),Akshan/Sivir (FR/SH),0,1,0
Janna (PZ/SI),Diana/Nocturne (MT/SI),0,1,0
Miss Fortune (BW/FR),Janna (PZ/SI),0,1,0
Akshan (SI/SH),Janna (PZ/SI),0,1,0
Janna/Teemo (PZ/SI),Akshan (SI/SH),0,1,0
Aphelios/Twisted Fate (BW/MT),Janna/Seraphine (PZ/SI),0,1,0
Championless (SI),Janna/Seraphine (PZ/SI),0,1,0
Janna/Seraphine (PZ/SI),Kalista (SI),0,1,0
Caitlyn/Teemo (BC/PZ),Jhin/Yasuo (IO/RU),0,1,0
Fizz/Nami (BC/BW),Caitlyn/Teemo (BC/PZ),0,1,0
Caitlyn/Teemo (BC/PZ),Kalista (MT/SI),0,1,0
Akshan/Evelynn/Kai'Sa (RU/SH),Caitlyn/Teemo (NX/PZ),0,1,0
Janna (PZ/SI),Janna (MT/PZ),0,1,0
Gwen (SI),Championless (FR/IO),0,1,0
Gwen (SI),Gwen/Katarina (NX/SI),0,1,0
Caitlyn/Janna (BC/PZ),Gwen/Katarina (NX/SI),0,1,0
Kalista (BC/SI),Championless (BW/SI),0,1,0
Akshan/Sivir (NX/SH),Shen/Sivir (IO/SH),0,1,0
Ezreal/Nami (BW/PZ),Ashe/LeBlanc (FR/NX),0,1,0
Master Yi (FR/IO),Akshan/Aphelios (MT/SH),0,1,0
Swain/Yasuo (IO/NX),Miss Fortune/Quinn (BW/DE),0,1,0
Braum/Norra (BC/FR),Neeko/Nidalee (RU/SH),0,1,0
Pantheon/Udyr (FR/MT),Annie/Jhin/Swain (RU/NX),0,1,0
Pantheon/Udyr (FR/MT),Akshan/Renekton (BW/SH),0,1,0
Swain/Yasuo (IO/NX),Hecarim/Lucian (DE/SI),0,1,0
Janna/The Poro King (PZ/RU),Ashe/LeBlanc (FR/NX),0,1,0
Kai'Sa/Pantheon (MT/SH),Garen (DE/SH),0,1,0
Garen/Lux: Illuminated (DE/IO),Akshan/Master Yi (IO/SH),0,1,0
Swain (FR/NX),Akshan/Master Yi (IO/SH),0,1,0
Ekko/Janna (PZ/SH),Akshan/Master Yi (IO/SH),0,1,0
Ezreal/LeBlanc/Swain (NX/PZ),Ashe (FR/PZ),0,1,0
Kalista (FR/SI),Ashe/LeBlanc (FR/NX),0,1,0
Kai'Sa/Lux: Illuminated (DE/SH),Ashe/LeBlanc (FR/NX),0,1,0
Akshan/Braum (FR/SH),Ashe/LeBlanc (FR/NX),0,1,0
Ezreal/Kai'Sa (PZ/SH),Braum/Udyr (DE/FR),0,1,0
Ezreal/Nami (BW/PZ),Norra/Teemo (BC/PZ),0,1,0
Championless (BC/PZ),Braum/Kalista (FR/SI),0,1,0
Championless (BC/PZ),Ashe/LeBlanc (FR/NX),0,1,0
Norra/Teemo (BC/SI),Ashe/LeBlanc (FR/NX),0,1,0
Aphelios/Gnar (FR/MT),Ashe (FR/PZ),0,1,0
Lissandra/Sejuani (FR),Jhin/Yasuo (IO/RU),0,1,0
Kalista (FR/SI),Garen (DE/SI),0,1,0
Braum/The Poro King (FR/RU),Kalista (FR/SI),0,1,0
Leona (MT/SH),Braum/The Poro King (FR/RU),0,1,0
Sejuani/Swain (FR/NX),Leona (MT/SH),0,1,0
Championless (PZ),Leona (MT/SH),0,1,0
Ezreal/Seraphine (PZ/SI),Janna/Zoe (MT/PZ),0,1,0
Gnar/Sejuani (BC/FR),Janna/Zoe (MT/PZ),0,1,0
Norra/Teemo (BC/PZ),Master Yi/Yasuo (IO/MT),0,1,0
Annie/Jhin (RU/NX),Miss Fortune/Vayne (BW/DE),0,1,0
Fiora/Udyr (DE/FR),Miss Fortune/Vayne (BW/DE),0,1,0
Miss Fortune/Vayne (BW/DE),Kalista (SI),0,1,0
Evelynn/Kai'Sa (RU/SH),Miss Fortune/Vayne (BW/DE),0,1,0
Janna (PZ/SI),Miss Fortune/Vayne (BW/DE),0,1,0
Darius/Sivir (NX/SH),Norra/Teemo (BC/PZ),0,1,0
Norra/Teemo (BC/PZ),Akshan/Gwen (SI/SH),0,1,0
The Poro King (FR/RU),Norra/Teemo (BC/PZ),0,1,0
Championless (PZ/SI),LeBlanc/Swain (FR/NX),0,1,0
Ezreal/Zoe (MT/PZ),Garen/Katarina (DE/NX),0,1,0
Ashe (FR/PZ),Ezreal/Zoe (MT/PZ),0,1,0
Ezreal/Zoe (MT/PZ),Master Yi (FR/IO),0,1,0
Ekko/Kalista (PZ/SI),Ezreal/Zoe (MT/PZ),0,1,0
Diana/Nocturne (MT/SI),Ezreal/Zoe (MT/PZ),0,1,0
Ezreal/Zoe (MT/PZ),Ashe/Udyr (FR/SI),0,1,0
Miss Fortune/Nilah/Swain (BW/NX),Ezreal/Zoe (MT/PZ),0,1,0
Fiora (DE/IO),Ezreal/Zoe (MT/PZ),0,1,0
Lux: Illuminated/Shen (DE/IO),Ashe (FR/SI),0,1,0
Caitlyn (FR/PZ),Ashe (FR/SI),0,1,0
Caitlyn/Swain (NX/PZ),Ashe (FR/SI),0,1,0
Akshan/Fiora (DE/SH),Ashe (FR/SI),0,1,0
Caitlyn/Teemo (BC/PZ),Ashe (FR/SI),0,1,0
Ashe (FR/SI),Championless (PZ/SI),0,1,0
Championless (MT/PZ),Ashe (FR/SI),0,1,0
Jhin/Seraphine (RU/PZ),Darius/Gnar (FR/NX),0,1,0
Akshan/Gwen (SI/SH),Darius/Gnar (FR/NX),0,1,0
Janna (BW/PZ),Darius/Gnar (FR/NX),0,1,0
Leona/Yasuo (IO/MT),Janna/Nilah (BW/PZ),0,1,0
Kalista (MT/SI),Akshan/Fiora (DE/SH),0,1,0
Annie/Miss Fortune (BW/NX),Akshan/Gwen (SI/SH),0,1,0
Ashe/LeBlanc (FR/NX),Gnar/Sejuani (DE/FR),0,1,0
Lux: Illuminated/Neeko (DE/RU),Championless (SI),0,1,0
Ashe (FR/PZ),Lux: Illuminated/Shen (DE/IO),0,1,0
Championless (FR/IO),Ashe (FR/PZ),0,1,0
Akshan/Kai'Sa (DE/SH),Akshan (SI/SH),0,1,0
Championless (PZ/SI),Akshan/Kai'Sa (DE/SH),0,1,0
Ashe/Sejuani (BW/FR),Aphelios/Yasuo (IO/MT),0,1,0
Akshan/Kai'Sa (DE/SH),Sejuani/Swain (FR/NX),0,1,0
Akshan/Kai'Sa (DE/SH),Braum/Sejuani (BW/FR),0,1,0
Akshan/Kai'Sa (DE/SH),Garen (DE/FR),0,1,0
Hecarim/Kalista (IO/SI),Akshan/Kai'Sa (DE/SH),0,1,0
Norra/Zoe (BC/MT),Akshan/Kai'Sa (DE/SH),0,1,0
Ekko/Janna (IO/PZ),Championless (SI),0,1,0
Akshan/Pantheon (MT/SH),Braum/Master Yi (FR/IO),0,1,0
Braum/Darius/Sejuani (FR/NX),Akshan/Pantheon (MT/SH),0,1,0
Lucian/Zed (DE/IO),Akshan/Pantheon (MT/SH),0,1,0
Shen (DE/IO),Akshan/Pantheon (MT/SH),0,1,0
Nilah/Twisted Fate (BW/IO),Annie/Jhin (RU/NX),0,1,0
Gwen/Kalista (IO/SI),Ashe/LeBlanc (FR/NX),0,1,0
Nocturne (SI),Ashe/LeBlanc (FR/NX),0,1,0
Garen/Irelia (DE/IO),Championless (SI),0,1,0
Championless (BW/MT),Leona/Zoe (DE/MT),0,1,0
Championless (BW/MT),Kennen/Tristana (BC/IO),0,1,0
Udyr (FR/NX),Leona/Zoe (DE/MT),0,1,0
Swain (FR/NX),Fiora/Pantheon (DE/MT),0,1,0
Fiora/Pantheon (DE/MT),Braum (FR/MT),0,1,0
Norra/Teemo (BC/PZ),Fiora/Pantheon (DE/MT),0,1,0
Fiora/Pantheon (DE/MT),Garen/Udyr (DE/FR),0,1,0
Hecarim/Lucian (DE/SI),Fiora/Pantheon (DE/MT),0,1,0
Irelia/Zed (IO/SH),Fiora/Pantheon (DE/MT),0,1,0
Sejuani/Teemo (FR/PZ),Fiora/Pantheon (DE/MT),0,1,0
Diana/Nocturne (MT/SI),Championless (SI),0,1,0
Caitlyn/Seraphine (BC/PZ),Championless (SI),0,1,0
Championless (SI),Ashe/Sejuani (BW/FR),0,1,0
Janna (PZ/SI),Draven/Jinx (NX/PZ),0,1,0
Draven/Jinx (NX/PZ),Fiora/Udyr (DE/FR),0,1,0
Braum/The Poro King (FR/RU),Fiora/Udyr (DE/FR),0,1,0
Janna (PZ/SI),Swain (FR/NX),0,1,0
Norra/Zoe (BC/MT),Janna (PZ/SI),0,1,0
Championless (DE/MT),Fiora (DE/MT),0,1,0
Garen/Irelia (DE/IO),Fiora (DE/MT),0,1,0
Akshan/Renekton (BW/SH),Janna/Nilah (BW/PZ),0,1,0
Janna/Nilah (BW/PZ),Braum (FR/MT),0,1,0
Ezreal/Lux: Illuminated (DE/PZ),Gwen (FR/SI),0,1,0
Gwen (FR/SI),Katarina/Leona (MT/NX),0,1,0
Gnar (BC/PZ),Gwen (FR/SI),0,1,0
Braum/Kai'Sa (FR/SH),Gwen (FR/SI),0,1,0
Gwen (FR/SI),Caitlyn/Swain (NX/PZ),0,1,0
Nami/Nilah (BW/PZ),Akshan/Master Yi (IO/SH),0,1,0
Leona/Zoe (DE/MT),Akshan/Master Yi (IO/SH),0,1,0
Ahri/Akshan (IO/SH),Championless (NX/SI),0,1,0
Caitlyn/Teemo (FR/PZ),Leona/Yasuo (IO/MT),0,1,0
Ezreal/Seraphine (BW/PZ),Caitlyn/Teemo (FR/PZ),0,1,0
Garen (DE/SH),Darius/Gwen (NX/SI),0,1,0
Garen (DE/SH),Annie/Jhin (RU/NX),0,1,0
Kai'Sa/Kalista (SI/SH),Aphelios/Kai'Sa (MT/SH),0,1,0
Gwen/Hecarim (IO/SI),Championless (NX/SI),0,1,0
Ekko/Kalista (PZ/SI),Championless (SI),0,1,0
Gwen/Kalista (SI),Caitlyn/Darius (NX/PZ),0,1,0
Bard/Janna (RU/PZ),Gwen/Kalista (SI),0,1,0
Gwen/Kalista (SI),Seraphine (MT/PZ),0,1,0
Annie/Kennen (IO/NX),Yasuo (IO/PZ),0,1,0
Annie/Jhin/Swain (RU/NX),Yasuo (IO/MT),0,1,0
Annie/Jhin/Swain (RU/NX),Ashe/LeBlanc (FR/NX),0,1,0
Braum/The Poro King (FR/RU),Irelia/Miss Fortune (BW/IO),0,1,0
Ashe/Lissandra (FR/SH),Aphelios/Zoe (MT),0,1,0
Janna/Nilah (BW/PZ),Lulu/Nami (BC/BW),0,1,0
Fizz/Nami (BC/BW),Braum (FR/NX),0,1,0
Nami/Zoe (BW/MT),Draven/Jinx (NX/PZ),0,1,0
Aphelios/Norra (BC/MT),Championless (DE/MT),0,1,0
Ahri/Kennen (BC/IO),Nidalee (BC/SH),0,1,0
Ahri/Kennen (BC/IO),Ashe/Garen (DE/FR),0,1,0
Evelynn/Kai'Sa (RU/SH),Swain (FR/NX),0,1,0
Ashe/LeBlanc (FR/NX),Aphelios (MT/PZ),0,1,0
Annie/Jhin (RU/NX),Kennen/Nidalee (BC/SH),0,1,0
Gwen/Vayne (DE/SI),Kennen/Nidalee (BC/SH),0,1,0
Gwen/LeBlanc (NX/SI),LeBlanc/Swain (NX/SI),0,1,0
LeBlanc (FR/NX),Gwen/LeBlanc (NX/SI),0,1,0
Renekton/Shen (IO/SH),Darius (FR/NX),0,1,0
Fizz/Nami (BC/BW),Darius (FR/NX),0,1,0
Nami/Swain (BW/NX),Darius (FR/NX),0,1,0
Garen/Shen (DE/IO),Championless (PZ/SI),0,1,0
Udyr (FR/PZ),Garen/Shen (DE/IO),0,1,0
Garen/Shen (DE/IO),Kalista (NX/SI),0,1,0
LeBlanc/Swain (FR/NX),Garen/Shen (DE/IO),0,1,0
Kennen/Yasuo (IO/MT),Darius/Gnar (FR/NX),0,1,0
Samira/Sejuani (FR/NX),Darius/Gnar (FR/NX),0,1,0
Akshan/Pantheon (MT/SH),Samira/Sejuani (FR/NX),0,1,0
Gnar/Pantheon (FR/MT),Braum/The Poro King (FR/RU),0,1,0
Braum/The Poro King (FR/RU),Diana/Nami (BW/MT),0,1,0
Braum/The Poro King (FR/RU),Akshan/Gwen (SI/SH),0,1,0
Championless (MT/PZ),Braum/The Poro King (FR/RU),0,1,0
Akshan/Aphelios (MT/SH),Akshan/Gwen (SI/SH),0,1,0
Seraphine/Twisted Fate (BW/PZ),Akshan (SI/SH),0,1,0
Seraphine/Twisted Fate (BW/PZ),Caitlyn/Teemo (BC/PZ),0,1,0
Sejuani/Zoe (FR/MT),Annie/Jhin (RU/NX),0,1,0
Sejuani/Zoe (FR/MT),Kalista/Lucian (DE/SI),0,1,0
Garen/Lux: Illuminated (DE),Sejuani/Zoe (FR/MT),0,1,0
Championless (IO/PZ),Darius/Gwen (NX/SI),0,1,0
Lissandra (FR/SH),Gwen (NX/SI),0,1,0
Lissandra/Sejuani (FR/SH),Kalista (SI),0,1,0
Lissandra/Sejuani (FR),Fizz/Nami (BW/FR),0,1,0
Ezreal/Nami (BW/PZ),Akshan/Pantheon (MT/SH),0,1,0
Akshan/Fiora (DE/SH),Ezreal/Nami (BW/PZ),0,1,0
Championless (SI/SH),Ezreal/Nami (BW/PZ),0,1,0
Championless (PZ/SI),Ezreal/Nami (BW/PZ),0,1,0
Elise/Kalista/Lucian (DE/SI),Ezreal/Nami (BW/PZ),0,1,0
Ezreal/Nami (BW/PZ),Gnar/Neeko (FR/RU),0,1,0
Lulu/Shen (IO/MT),Ezreal/Nami (BW/PZ),0,1,0
Ezreal/Nami (BW/PZ),Katarina (BW/NX),0,1,0
Annie/Katarina/Samira (BW/NX),Ezreal/Nami (BW/PZ),0,1,0
Annie/Jhin (RU/NX),Nidalee/Renekton (FR/SH),0,1,0
Swain/Udyr (FR/NX),Garen/Lux: Illuminated (DE),0,1,0
Yasuo (IO/MT),Garen/Lux: Illuminated (DE),0,1,0
Janna (MT/PZ),Darius (FR/NX),0,1,0
Evelynn/Kalista (RU/SI),Championless (SI),0,1,0
Lulu/Shen (IO/MT),Gnar/Nidalee (BC/SH),0,1,0
Championless (DE/PZ),Akshan/Udyr (FR/SH),0,1,0
Leona/Master Yi (IO/MT),Championless (DE/PZ),0,1,0
Gnar/Nidalee (BC/SH),Leona (MT/SH),0,1,0
Gnar/Nidalee (BC/SH),Ekko/Janna (PZ/SH),0,1,0
Championless (DE/PZ),Gnar/Nidalee (BC/SH),0,1,0
Braum/Norra (BC/FR),Championless (FR/SI),0,1,0
Leona/Zoe (DE/MT),Miss Fortune/Sejuani (BW/FR),0,1,0
Gwen/Irelia (IO/SI),Leona/Zoe (DE/MT),0,1,0
Darius/Elise (NX/SI),Leona/Zoe (DE/MT),0,1,0
Nidalee (BC/SH),Leona/Zoe (DE/MT),0,1,0
Leona/Zoe (DE/MT),Garen/Udyr (DE/FR),0,1,0
Leona/Zoe (DE/MT),Neeko/Nidalee (RU/SH),0,1,0
Leona/Zoe (DE/MT),Katarina/Leona (MT/NX),0,1,0
Leona/Zoe (DE/MT),Caitlyn/Teemo (BC/PZ),0,1,0
Darius/Gwen (NX/SI),Udyr/Vayne (DE/FR),0,1,0
Darius/Gwen (NX/SI),Fizz/Zoe (BC/MT),0,1,0
Gwen/Zed (IO/SI),Katarina/Yasuo (IO/NX),0,1,0
Katarina/Yasuo (IO/NX),Ashe/Yasuo (FR/IO),0,1,0
Katarina/Yasuo (IO/NX),Gnar/Nidalee (BC/SH),0,1,0
Akshan/Nidalee (BC/SH),Ashe/Darius (FR/NX),0,1,0
Akshan/Nidalee (BC/SH),Samira (BW/NX),0,1,0
Annie/Jhin (RU/NX),Braum/Udyr (FR/NX),0,1,0
Miss Fortune/Quinn (BW/DE),Annie/Swain (NX/SI),0,1,0
Sejuani/Swain (FR/NX),Braum/Master Yi (FR/IO),0,1,0
Sejuani/Swain (FR/NX),Swain (FR/NX),0,1,0
Championless (BW/SI),Caitlyn/Swain/Teemo (NX/PZ),0,1,0
Championless (BW/SI),Darius (FR/NX),0,1,0
Championless (BW/SI),LeBlanc/Nidalee (NX/SH),0,1,0
Championless (BW/SI),Ezreal/Twisted Fate (BW/PZ),0,1,0
Championless (BW/SI),Darius/Gwen (NX/SI),0,1,0
Championless (BW/SI),Miss Fortune/Vayne (BW/DE),0,1,0
Championless (BW/SI),Miss Fortune/Quinn (BW/DE),0,1,0
Championless (BW/SI),Ashe/Ezreal (FR/PZ),0,1,0
Janna/Twisted Fate (BW/PZ),Shen/Sivir (IO/SH),0,1,0
Braum/Master Yi (FR/IO),Darius/Gnar (FR/NX),0,1,0
Braum/Sejuani (FR/NX),Ashe (FR/PZ),0,1,0
Ashe/Yasuo (FR/IO),Ashe (FR/PZ),0,1,0
Janna/Twisted Fate (BW/PZ),Sejuani/Swain (FR/NX),0,1,0
Championless (SI),Caitlyn (IO/PZ),0,1,0
Ekko/Kalista (PZ/SI),Ashe/Ezreal (FR/PZ),0,1,0
Ahri/Yasuo (IO/NX),Ashe/Ezreal (FR/PZ),0,1,0
Ashe/Ezreal (FR/PZ),Kalista (NX/SI),0,1,0
Bard/Janna (RU/PZ),Ashe/Ezreal (FR/PZ),0,1,0
Braum/Zed (FR/IO),Ashe/Ezreal (FR/PZ),0,1,0
Ashe/Ezreal (FR/PZ),Braum/Nami (BW/FR),0,1,0
Championless (SI/SH),Ashe/Ezreal (FR/PZ),0,1,0
Caitlyn/Teemo (FR/PZ),Garen/Udyr (DE/FR),0,1,0
Master Yi/Nami (BW/IO),Gwen/Zed (IO/SI),0,1,0
Zoe (BW/MT),Ashe/LeBlanc (FR/NX),0,1,0
Akshan/Ekko (PZ/SH),Sejuani/Swain (FR/NX),0,1,0
Gwen/Vayne (DE/SI),Sejuani/Swain (FR/NX),0,1,0
Master Yi/Nami (BW/IO),Championless (IO/SI),0,1,0
Aphelios/Zoe (BC/MT),Kalista (SI),0,1,0
Ahri/Kennen (BC/IO),Janna/Twisted Fate (BW/PZ),0,1,0
Ahri/Kennen (BC/IO),Championless (SI),0,1,0
Ezreal/Kennen (IO/PZ),Braum (FR/MT),0,1,0
Ezreal/Seraphine (BW/PZ),Garen/Udyr (DE/FR),0,1,0
Neeko (RU/SH),Ezreal/Seraphine (BW/PZ),0,1,0
Quinn/Vayne (BW/DE),Ashe/Garen (DE/FR),0,1,0
Fizz/Nami (BC/BW),Leona/Zoe (DE/MT),0,1,0
Championless (FR/IO),Fizz/Nami (BC/BW),0,1,0
Zoe (MT),Caitlyn/Teemo (BC/PZ),0,1,0
Draven/Jinx (NX/PZ),Braum/Udyr (FR/NX),0,1,0
Caitlyn/Teemo (BC/PZ),Ezreal/Nami (BW/PZ),0,1,0
Caitlyn/Teemo (BC/PZ),Nocturne (SI),0,1,0
Miss Fortune/Vayne (BW/DE),Ashe/Gnar (FR),0,1,0
Katarina/Quinn (DE/NX),Darius/Gnar (FR/NX),0,1,0
Kennen/Yasuo (IO/MT),Katarina/Quinn (DE/NX),0,1,0
Hecarim/Lucian (DE/SI),Katarina/Quinn (DE/NX),0,1,0
Draven/Jinx (NX/PZ),Annie/Jhin (RU/NX),0,1,0
Janna/Kalista (PZ/SI),Braum/Janna (FR/PZ),0,1,0
Darius (NX/SI),Braum/Janna (FR/PZ),0,1,0
Leona/Yasuo (IO/MT),Braum/Janna (FR/PZ),0,1,0
Leona/Yasuo (IO/MT),Twisted Fate (BW/PZ),0,1,0
Annie/Jhin/Swain (RU/NX),Ezreal/Nilah (BW/PZ),0,1,0
Bard/Norra (BC/RU),Nidalee (BC/SH),0,1,0
Garen/Irelia (DE/IO),Nidalee (BC/SH),0,1,0
Ezreal/Samira (NX/PZ),Nidalee (BC/SH),0,1,0
Aphelios/Zoe (MT),Nidalee (BC/SH),0,1,0
Janna (PZ/SI),Akshan/Braum (FR/SH),0,1,0
Swain/Udyr (FR/NX),Yasuo (IO/NX),0,1,0
Championless (MT/SI),Ezreal/Teemo/Udyr (FR/PZ),0,1,0
Kai'Sa/Zed (IO/SH),Championless (MT/SI),0,1,0
LeBlanc (FR/NX),Leona/Yasuo (IO/MT),0,1,0
Gwen/Kalista (IO/SI),Gnar/Nidalee (BC/SH),0,1,0
Leona/Zoe (DE/MT),Gnar/Nidalee (BC/SH),0,1,0
Shen/Sivir (IO/SH),Gnar/Nidalee (BC/SH),0,1,0
Garen (DE/FR),Championless (BC/IO),0,1,0
Garen (DE/FR),Fiora/Renekton (DE/SH),0,1,0
Garen (DE/FR),Yasuo (IO/NX),0,1,0
Braum/LeBlanc (FR/NX),Garen (DE/FR),0,1,0
Norra/Zoe (BC/MT),Garen (DE/FR),0,1,0
Garen (DE/FR),Akshan/Caitlyn (PZ/SH),0,1,0
Garen (DE/FR),Gwen/LeBlanc (NX/SI),0,1,0
Garen/Miss Fortune/Quinn (BW/DE),Garen (DE/FR),0,1,0
LeBlanc/Sivir (NX/SH),Garen (DE/FR),0,1,0
Akshan/Kai'Sa (SH),Ashe/LeBlanc (FR/NX),0,1,0
Renekton/Shen (IO/SH),Championless (SI),0,1,0
Renekton/Shen (IO/SH),Nidalee (BC/SH),0,1,0
Braum (FR/MT),Annie/Yasuo (IO/NX),0,1,0
Braum/Swain (FR/NX),Braum (FR/MT),0,1,0
Janna (PZ/SI),Akshan/Renekton (SH),0,1,0
Championless (MT/SI),Bard/Norra (BC/RU),0,1,0
Braum (FR/IO),Championless (MT/SI),0,1,0
Braum (FR/IO),Nami/Udyr (BW/FR),0,1,0
Caitlyn (BC/PZ),Braum/Sejuani (FR/NX),0,1,0
Caitlyn/Udyr (FR/PZ),Leona (MT/SH),0,1,0
Braum/Gwen (FR/SI),Caitlyn/Vayne (DE/PZ),0,1,0
Gnar/Nidalee (BC/SH),Caitlyn/Darius (NX/PZ),0,1,0
Ezreal/LeBlanc/Swain (NX/PZ),Gnar/Nidalee (BC/SH),0,1,0
Gwen/Katarina (NX/SI),Gnar/Nidalee (BC/SH),0,1,0
Fiora (DE/IO),Gnar/Nidalee (BC/SH),0,1,0
Kai'Sa/Sivir (DE/SH),LeBlanc/Sivir (NX/SH),0,1,0
Akshan/Master Yi (IO/SH),Kai'Sa/Sivir (DE/SH),0,1,0
Championless (FR/PZ),Kai'Sa/Sivir (DE/SH),0,1,0
Sivir (BW/SH),Gwen/Udyr (FR/SI),0,1,0
Nilah/Twisted Fate (BW/PZ),Caitlyn (FR/PZ),0,1,0
Pantheon/Zoe (FR/MT),Caitlyn (FR/PZ),0,1,0
Caitlyn (FR/PZ),Championless (SI),0,1,0
Leona (MT),Nilah/Twisted Fate (BW/PZ),0,1,0
Fiora/Shen (DE/IO),Caitlyn (FR/PZ),0,1,0
Caitlyn (FR/PZ),Garen (DE/SI),0,1,0
Caitlyn (FR/PZ),Akshan/Udyr (FR/SH),0,1,0
Miss Fortune/Sejuani (BW/FR),Darius/Gnar (FR/NX),0,1,0
Janna (IO/PZ),Gnar/Nidalee (BC/SH),0,1,0
Aphelios/Diana (MT/NX),Janna/Twisted Fate (BW/PZ),0,1,0
Janna/Twisted Fate (BW/PZ),Bard/Janna (RU/PZ),0,1,0
Nami/Nilah (BW/PZ),Lux: Illuminated/Udyr (DE/FR),0,1,0
Lulu/Pantheon (IO/MT),Lux: Illuminated/Udyr (DE/FR),0,1,0
Lux: Illuminated/Udyr (DE/FR),Ashe/Garen (DE/FR),0,1,0
Championless (FR/PZ),Lux: Illuminated/Udyr (DE/FR),0,1,0
Lux: Illuminated/Udyr (DE/FR),Ezreal/Nilah (BW/PZ),0,1,0
Lux: Illuminated/Udyr (DE/FR),Braum (FR/NX),0,1,0
Pantheon (MT/PZ),Caitlyn (BC/PZ),0,1,0
Pantheon (MT/PZ),Sejuani/Swain (FR/NX),0,1,0
Pantheon (MT/PZ),Championless (SI),0,1,0
Ashe/LeBlanc (FR/NX),Miss Fortune/Twisted Fate (BW/NX),0,1,0
Miss Fortune/Twisted Fate (BW/NX),Darius (FR/NX),0,1,0
Gnar/Janna (FR/PZ),Miss Fortune/Twisted Fate (BW/NX),0,1,0
Darius (FR/NX),Caitlyn/Swain (NX/PZ),0,1,0
Caitlyn (FR/PZ),Ekko/Gwen (PZ/SI),0,1,0
Shen/Sivir (IO/SH),Twisted Fate (BW/PZ),0,1,0
Gwen/Zed (IO/SI),Shen/Sivir (IO/SH),0,1,0
Shen/Sivir (IO/SH),Gwen/Katarina (NX/SI),0,1,0
Leona (MT/SH),Katarina/Yasuo (IO/NX),0,1,0
Ashe/Ezreal (FR/PZ),Katarina/Yasuo (IO/NX),0,1,0
Braum (FR/MT),Master Yi/Samira (IO/NX),0,1,0
Shen/Sivir (IO/SH),Championless (DE/FR),0,1,0
Braum (FR/MT),Championless (IO/SI),0,1,0
Gwen/Vayne (DE/SI),Nidalee (BC/SH),0,1,0
Darius/Gnar (FR/NX),Yasuo/Zed (IO/PZ),0,1,0
Akshan/Renekton (SH),Yasuo/Zed (IO/PZ),0,1,0
Katarina/Zed (IO/NX),Shen/Sivir (IO/SH),0,1,0
Katarina/Zed (IO/NX),Braum/Zoe (FR/MT),0,1,0
Darius/Gwen (NX/SI),Katarina/Zed (IO/NX),0,1,0
Braum/Master Yi (FR/IO),Shen/Sivir (IO/SH),0,1,0
Ashe (FR),Lulu/Shen (DE/IO),0,1,0
Bard/The Poro King (RU/RU),Lulu/Shen (DE/IO),0,1,0
Janna/Seraphine (IO/PZ),Lulu/Shen (DE/IO),0,1,0
Braum/LeBlanc (FR/NX),Lulu/Shen (DE/IO),0,1,0
Leona/Zoe (DE/MT),Lulu/Shen (DE/IO),0,1,0
Braum (FR/NX),Lulu/Shen (DE/IO),0,1,0
Hecarim/Zed (IO/SI),Lulu/Shen (DE/IO),0,1,0
Lulu/Shen (DE/IO),Braum/Garen (DE/FR),0,1,0
Championless (MT/SI),Irelia/Zed (IO/SH),0,1,0
Janna (PZ/SI),Braum (FR/IO),0,1,0
Bard/The Poro King (RU/RU),Aphelios/Zoe (IO/MT),0,1,0
Bard (RU/FR),Braum/The Poro King (FR/RU),0,1,0
Janna (IO/PZ),Braum (DE/FR),0,1,0
Ezreal/Yasuo (IO/PZ),Akshan/Master Yi (IO/SH),0,1,0
Ezreal/Janna (IO/PZ),Master Yi/Zoe (IO/MT),0,1,0
Diana/Nocturne (MT/SI),Ezreal/Nami (BW/PZ),0,1,0
Ezreal/Janna (IO/PZ),Akshan/Renekton (SH),0,1,0
Lux: Illuminated (DE/IO),Ezreal/Janna (IO/PZ),0,1,0
Caitlyn/Garen/Jinx (DE/PZ),Ezreal/Janna (IO/PZ),0,1,0
Akshan/Braum (FR/SH),Kalista (SI),0,1,0
Caitlyn/Janna/Teemo (FR/PZ),Championless (PZ/SI),0,1,0
Championless (PZ/SI),Akshan (SI/SH),0,1,0
Akshan/Sivir (MT/SH),Braum (FR/MT),0,1,0
Akshan/Sivir (MT/SH),Ekko/Renekton (PZ/SH),0,1,0
Bard/Janna (RU/PZ),Championless (SI),0,1,0
Akshan/Renekton (BW/SH),Gwen/Zed (IO/SI),0,1,0
Caitlyn (BC/PZ),Hecarim/Zed (IO/SI),0,1,0
Elise/Lucian (DE/SI),Swain (FR/NX),0,1,0
Championless (FR/PZ),Annie/Jhin (RU/NX),0,1,0
Fizz/Nami (BW/FR),Annie/Jhin (RU/NX),0,1,0
Ashe/Braum/LeBlanc (FR/NX),Akshan/Pantheon (MT/SH),0,1,0
Darius (FR/NX),Akshan/Pantheon (MT/SH),0,1,0
Kennen/Master Yi (BC/IO),Lulu/Shen (IO),0,1,0
Gnar/Nidalee (BC/SH),Gwen/Kalista (NX/SI),0,1,0
Katarina/Yasuo (IO/NX),Aphelios/Gnar (FR/MT),0,1,0
Katarina/Yasuo (IO/NX),Janna (PZ/SI),0,1,0
Gwen/Zed (IO/SI),Fiora/Shen (DE/IO),0,1,0
Fizz/Nami (BC/BW),Ashe (FR/PZ),0,1,0
Gwen/Irelia (IO/SI),Nami/Nilah (BW/PZ),0,1,0
Ashe/LeBlanc (FR/NX),Ekko/Janna (IO/PZ),0,1,0
Elise/Lucian (DE/SI),Ezreal/Seraphine (MT/PZ),0,1,0
Irelia/Miss Fortune (BW/IO),LeBlanc (FR/NX),0,1,0
Sejuani/Teemo (FR/PZ),Irelia/Miss Fortune (BW/IO),0,1,0
Akshan/Caitlyn (PZ/SH),Irelia/Miss Fortune (BW/IO),0,1,0
Gwen/Katarina (NX/SI),Gwen/Hecarim (IO/SI),0,1,0
Gwen/Katarina (NX/SI),Garen (DE/SH),0,1,0
Gwen/Katarina (NX/SI),Garen/Irelia (DE/IO),0,1,0
Katarina/Sejuani (FR/NX),LeBlanc/Sivir (NX/SH),0,1,0
Darius (FR/NX),Kalista/Yasuo (IO/SI),0,1,0
Gnar (BC/PZ),Ashe (FR/PZ),0,1,0
Ekko/Kalista (PZ/SI),Ashe (FR/PZ),0,1,0
Ashe (FR/PZ),Caitlyn (BC/PZ),0,1,0
Ashe (FR),Gwen/Zed (IO/SI),0,1,0
Udyr (FR/PZ),Shen/Sivir (IO/SH),0,1,0
Nami/Zed (BW/IO),Shen/Sivir (IO/SH),0,1,0
Ekko/Katarina/Samira (NX/PZ),Shen/Sivir (IO/SH),0,1,0
Ezreal/Seraphine (MT/PZ),Garen/Udyr (DE/FR),0,1,0
Aphelios/Yasuo (IO/MT),Garen/Udyr (DE/FR),0,1,0
Garen/Udyr (DE/FR),Gwen/Kalista (IO/SI),0,1,0
Braum/Swain (FR/NX),Garen/Udyr (DE/FR),0,1,0
Garen (DE/SI),Garen/Udyr (DE/FR),0,1,0
Garen/Udyr (DE/FR),Ezreal/Swain (NX/PZ),0,1,0
Darius/Gnar (FR/NX),Janna/Zoe (MT/PZ),0,1,0
Braum/Janna (FR/PZ),Caitlyn/Darius (NX/PZ),0,1,0
Ashe/Ezreal (FR/PZ),Braum (FR/NX),0,1,0
Braum/Janna (FR/PZ),Gwen (NX/SI),0,1,0
Braum (FR/NX),Braum/Janna (FR/PZ),0,1,0
Braum (FR/NX),Akshan/Samira (NX/SH),0,1,0
Nami/Nilah (BW/PZ),Braum (FR/NX),0,1,0
Aphelios/Nami (BW/MT),Ashe/LeBlanc (FR/NX),0,1,0
Caitlyn/Swain (NX/PZ),Championless (BW/FR),0,1,0
Akshan/Vayne (DE/SH),Bard/Udyr (RU/FR),0,1,0
Irelia/Zed (IO/SH),Darius (FR/NX),0,1,0
Championless (FR/SI),Irelia/Zed (IO/SH),0,1,0
Swain (FR/NX),Irelia/Zed (IO/SH),0,1,0
Championless (SI),Irelia/Zed (IO/SH),0,1,0
Caitlyn/Swain (NX/PZ),Irelia/Zed (IO/SH),0,1,0
Fiora/Shen (DE/IO),Kalista (MT/SI),0,1,0
Fiora/Shen (DE/IO),Elise/Neeko (RU/SI),0,1,0
Aphelios/Master Yi (IO/MT),Ezreal/Teemo (BC/PZ),0,1,0
Akshan/Udyr (FR/SH),Ezreal/Teemo (BC/PZ),0,1,0
Norra/Teemo (BC/PZ),Garen/Irelia (DE/IO),0,1,0
Kalista (SI),Gwen/Katarina (NX/SI),0,1,0
Ashe (FR/PZ),Norra/Teemo (BC/PZ),0,1,0
Swain/Udyr (FR/NX),Renekton (NX/SH),0,1,0
Ezreal/Seraphine (BC/PZ),Swain/Udyr (FR/NX),0,1,0
Gnar/Sejuani (BC/FR),Swain/Udyr (FR/NX),0,1,0
Irelia/Master Yi (BC/IO),Swain/Udyr (FR/NX),0,1,0
Janna/Norra (BC/PZ),Swain/Udyr (FR/NX),0,1,0
Braum/Janna (FR/PZ),Kalista (SI),0,1,0
Braum/Norra (BC/FR),Braum/Zoe (FR/MT),0,1,0
Ezreal/LeBlanc/Swain (NX/PZ),Braum/Zoe (FR/MT),0,1,0
Braum/Zoe (FR/MT),Ekko/Kalista (PZ/SI),0,1,0
Diana/Nocturne (MT/SI),Leona/Yasuo (IO/MT),0,1,0
The Poro King (MT/RU),Leona/Yasuo (IO/MT),0,1,0
Norra/Zoe (BC/MT),Aphelios/Norra (BC/MT),0,1,0
Ashe/Janna/Udyr (FR/PZ),Aphelios/Norra (BC/MT),0,1,0
Yasuo (IO/MT),Aphelios/Norra (BC/MT),0,1,0
Caitlyn/Swain/Teemo (NX/PZ),Janna/Nilah (BW/PZ),0,1,0
Janna/Nami (BW/PZ),Caitlyn/Darius (NX/PZ),0,1,0
Bard/Caitlyn/Teemo (RU/PZ),Darius (FR/NX),0,1,0
Bard/Caitlyn/Teemo (RU/PZ),Gnar/Nidalee (BC/SH),0,1,0
Bard/Caitlyn/Teemo (RU/PZ),Garen/Udyr (DE/FR),0,1,0
Caitlyn/Darius (NX/PZ),Bard/Caitlyn/Teemo (RU/PZ),0,1,0
Neeko (FR/RU),Bard/Caitlyn/Teemo (RU/PZ),0,1,0
Aphelios/Diana (MT/NX),Bard/Caitlyn/Teemo (RU/PZ),0,1,0
Bard/Caitlyn/Teemo (RU/PZ),Fizz/Nami (BW/FR),0,1,0
Ekko/Kalista (PZ/SI),Gnar/Nidalee (BC/SH),0,1,0
Udyr (FR/MT),Leona/Yasuo (IO/MT),0,1,0
Garen (DE/SI),Championless (IO/SI),0,1,0
Sejuani/Swain (FR/NX),Championless (IO/SI),0,1,0
Akshan/Ekko (PZ/SH),Championless (IO/SI),0,1,0
Gwen/Vayne (DE/SI),Kalista/Nocturne/Zoe (MT/SI),0,1,0
Bard/Norra (BC/RU),Gnar/Pantheon (FR/MT),0,1,0
Ezreal/Seraphine (PZ/SI),Gnar/Pantheon (FR/MT),0,1,0
Gnar/Pantheon (FR/MT),Akshan/Udyr (FR/SH),0,1,0
Janna (FR/PZ),Gnar/Pantheon (FR/MT),0,1,0
Annie/Katarina (NX/PZ),Teemo/Zoe (BC/MT),0,1,0
Kalista/Lucian (DE/SI),Master Yi/Seraphine (IO/PZ),0,1,0
Master Yi/Seraphine (IO/PZ),Gwen/Kalista (NX/SI),0,1,0
Caitlyn/Seraphine (BC/PZ),Caitlyn (DE/PZ),0,1,0
Caitlyn (DE/PZ),Kalista (MT/SI),0,1,0
Caitlyn/Norra/Teemo (BC/PZ),Braum (DE/FR),0,1,0
Caitlyn/Norra/Teemo (BC/PZ),Swain (FR/NX),0,1,0
Janna/Norra (BC/PZ),Caitlyn/Norra/Teemo (BC/PZ),0,1,0
Janna/Jhin (RU/PZ),Caitlyn/Norra/Teemo (BC/PZ),0,1,0
Caitlyn/Seraphine (BC/PZ),Caitlyn/Norra/Teemo (BC/PZ),0,1,0
Caitlyn/Norra/Teemo (BC/PZ),Braum/Sejuani (FR/SI),0,1,0
Ekko/Master Yi (IO/PZ),Caitlyn/Norra/Teemo (BC/PZ),0,1,0
Caitlyn/Norra/Teemo (BC/PZ),Master Yi (FR/IO),0,1,0
Fizz/Samira (BW/NX),Norra/Teemo (BC/SI),0,1,0
Janna/Master Yi (IO/PZ),Gwen/Kalista (IO/SI),0,1,0
Gwen/Hecarim (IO/SI),Annie/Elise (NX/SI),0,1,0
Braum (FR/NX),Gwen/Hecarim (IO/SI),0,1,0
Lux: Illuminated/Shen (DE/IO),Ahri/Kennen (BC/IO),0,1,0
Lux: Illuminated/Shen (DE/IO),Aphelios (FR/MT),0,1,0
Katarina/Samira (NX/PZ),Darius (FR/NX),0,1,0
Gwen/Zed (IO/SI),Katarina/Samira (NX/PZ),0,1,0
Samira/Swain (NX/PZ),Darius (FR/NX),0,1,0
Samira (NX/PZ),Caitlyn/Swain/Teemo (NX/PZ),0,1,0
Caitlyn (IO/PZ),Jinx/Samira (NX/PZ),0,1,0
Championless (BW/PZ),Darius/Gnar (FR/NX),0,1,0
Udyr (FR/MT),Gwen/Katarina (NX/SI),0,1,0
Darius/Gnar (FR/NX),Ekko/Nilah (BW/PZ),0,1,0
Darius/Gnar (FR/NX),Miss Fortune/Vayne (BW/DE),0,1,0
Gwen/Kalista (NX/SI),Caitlyn/Janna (FR/PZ),0,1,0
Lucian (BW/DE),Gwen/Kalista (NX/SI),0,1,0
Janna/Seraphine (PZ/SI),Gwen/Kalista (NX/SI),0,1,0
Bard/Janna (RU/PZ),Gwen/Kalista (NX/SI),0,1,0
Miss Fortune/Quinn (BW/DE),Aphelios/Udyr (FR/MT),0,1,0
Miss Fortune/Quinn (BW/DE),Lulu/Shen (DE/IO),0,1,0
Fiora (DE/IO),Caitlyn/Teemo (BC/PZ),0,1,0
Fiora (DE/IO),Neeko (BC/RU),0,1,0
Fiora (DE/IO),Leona/Yasuo (IO/MT),0,1,0
Fizz/Samira (BW/NX),Garen/Miss Fortune/Quinn (BW/DE),0,1,0
Fiora (DE/IO),LeBlanc (FR/NX),0,1,0
Kalista (SI),Neeko (FR/RU),0,1,0
Akshan/Renekton (BW/SH),Katarina/Yasuo (IO/NX),0,1,0
Championless (BW/SI),Braum/Janna (FR/PZ),0,1,0
Garen (DE/SI),Akshan/Renekton (SH),0,1,0
Braum/Janna (FR/PZ),Garen (DE/SI),0,1,0
Ekko/Udyr (FR/PZ),Gwen/Katarina (NX/SI),0,1,0
Gwen/Katarina (NX/SI),Ashe/Garen (DE/FR),0,1,0
Gwen/Katarina (NX/SI),Miss Fortune/Quinn/Vayne (BW/DE),0,1,0
Gwen/Zed (IO/SI),Darius (FR/NX),0,1,0
Gwen/Zed (IO/SI),Braum (FR/NX),0,1,0
Annie/Jhin (RU/NX),Gwen/Zed (IO/SI),0,1,0
Gwen/Zed (IO/SI),Garen (DE/SI),0,1,0
Gwen/Master Yi (IO/SI),Fizz/Samira (BW/NX),0,1,0
Championless (PZ/SI),Lux: Illuminated/Pantheon (DE/MT),0,1,0
Ashe/Garen (DE/FR),Championless (PZ/SI),0,1,0
Gwen (NX/SI),Janna/Nilah (BW/PZ),0,1,0
Aphelios/Yasuo (IO/MT),Janna/Nilah (BW/PZ),0,1,0
Gnar (BC/PZ),Ashe/LeBlanc (FR/NX),0,1,0
Kalista/Yasuo (IO/SI),Gnar (BC/PZ),0,1,0
Hecarim/Kalista (SI),Aphelios/Seraphine (MT/PZ),0,1,0
Aphelios/Zoe (MT),Ashe/Darius (FR/NX),0,1,0
Aphelios/Zoe (MT),Darius/Gwen (NX/SI),0,1,0
Janna/Norra (BC/PZ),Aphelios/Zoe (MT),0,1,0
Aphelios/Zoe (MT),Lux: Illuminated/Pantheon/Zoe (DE/MT),0,1,0
Aphelios/Zoe (MT),Darius/Gnar (FR/NX),0,1,0
Darius (FR/NX),Aphelios/Zoe (MT),0,1,0
Aphelios/Zoe (MT),Elise/Kalista/Nocturne (NX/SI),0,1,0
Aphelios/Zoe (MT),Ahri/Kennen (BC/IO),0,1,0
Aphelios/Zoe (MT),Braum/Zoe (FR/MT),0,1,0
Kennen/Tristana (BC/IO),Aphelios/Zoe (MT),0,1,0
Akshan/Evelynn/Kai'Sa (RU/SH),Aphelios/Zoe (MT),0,1,0
Championless (FR/PZ),Darius/Gnar (FR/NX),0,1,0
Draven/Jinx (NX/PZ),Garen/Quinn (DE),0,1,0
Elise/Nocturne (NX/SI),Akshan/Vayne (DE/SH),0,1,0
Ahri/Kennen (BC/IO),Fizz/Nami (BC/BW),0,1,0
Fizz/Nami (BC/BW),Ashe/Garen (DE/FR),0,1,0
Lulu/Shen (IO/MT),Fizz/Nami (BC/BW),0,1,0
Ashe/LeBlanc (FR/NX),Gnar/Katarina (FR/NX),0,1,0
Kai'Sa/Kalista (SI/SH),Lux: Illuminated/Shen (DE/IO),0,1,0
Championless (PZ/SI),Udyr/Vayne (DE/FR),0,1,0
Udyr/Vayne (DE/FR),Garen/Lux: Illuminated (DE/IO),0,1,0
Garen/Irelia (DE/IO),Kalista (SI),0,1,0
Ezreal/Irelia (IO/PZ),Kalista (SI),0,1,0
Ezreal/Twisted Fate (BW/PZ),Janna (FR/PZ),0,1,0
Janna (FR/PZ),Samira (BW/NX),0,1,0
Bard/Janna (RU/PZ),Samira (BW/NX),0,1,0
Gwen/Katarina (NX/SI),Leona/Yasuo (IO/MT),0,1,0
Bard/Janna (RU/PZ),Ashe/Yasuo (FR/IO),0,1,0
Gwen/Quinn (DE/SI),Bard/Janna (RU/PZ),0,1,0
Bard/Janna (RU/PZ),Fiora/Shen (DE/IO),0,1,0
Bard/Janna (RU/PZ),Gwen/Vayne (DE/SI),0,1,0
Bard/Janna (RU/PZ),Ashe/LeBlanc (FR/NX),0,1,0
Bard/Janna (RU/PZ),Sejuani/Swain (FR/NX),0,1,0
Annie/Jhin (RU/NX),Bard/Janna (RU/PZ),0,1,0
Braum/Swain (FR/NX),Braum/Nami (BW/FR),0,1,0
Braum/Swain (FR/NX),Leona/Yasuo (IO/MT),0,1,0
Fiora (DE/SH),LeBlanc/Sivir (NX/SH),0,1,0
Akshan/Renekton (BW/SH),LeBlanc/Sivir (NX/SH),0,1,0
Kalista (SI),Braum/Master Yi (FR/IO),0,1,0
Kalista/Lulu (IO/SI),Braum/Zoe (FR/MT),0,1,0
Fizz/Zoe (BC/MT),Braum/Zoe (FR/MT),0,1,0
Braum/Kalista (FR/SI),Braum/Zoe (FR/MT),0,1,0
Braum/Zoe (FR/MT),Championless (BC/IO),0,1,0
Zoe (MT/PZ),Renekton/Sivir (MT/SH),0,1,0
Championless (PZ/SI),Zoe (MT/PZ),0,1,0
Akshan/Garen (DE/SH),Braum/Zed (FR/IO),0,1,0
Zoe (IO/MT),Janna/Seraphine (PZ/SI),0,1,0
Zoe (MT),Bard/Caitlyn/Teemo (RU/PZ),0,1,0
Championless (SI),Zoe (MT),0,1,0
Braum/Zed (FR/IO),Bard/Janna (RU/PZ),0,1,0
Ashe/Garen (DE/FR),Diana/Nocturne (MT/SI),0,1,0
Elise/Kalista/Nocturne (NX/SI),Udyr (FR/PZ),0,1,0
Udyr/Zoe (FR/MT),Kai'Sa/Zed (IO/SH),0,1,0
Braum/Sejuani/Teemo (BC/FR),Elise/Kalista/Nocturne (NX/SI),0,1,0
The Poro King (MT/RU),Championless (BC/SI),0,1,0
The Poro King (MT/RU),Garen/Vayne/Zoe (DE/MT),0,1,0
Fiora/Shen (DE/IO),Aphelios/Udyr (FR/MT),0,1,0
The Poro King (MT/RU),Caitlyn/Swain (NX/PZ),0,1,0
The Poro King (MT/RU),Fiora/Shen (DE/IO),0,1,0
The Poro King (MT/RU),LeBlanc/Sivir (NX/SH),0,1,0
Gwen/Vayne (DE/SI),The Poro King (RU/SH),0,1,0
Championless (DE/MT),The Poro King (RU/SH),0,1,0
The Poro King (RU/SH),Ashe (FR/PZ),0,1,0
Lucian/The Poro King (DE/RU),Ezreal/Seraphine (NX/PZ),0,1,0
The Poro King (MT/RU),Leona/Renekton (MT/SH),0,1,0
The Poro King (MT/RU),Ashe/LeBlanc (FR/NX),0,1,0
Kai'Sa (DE/SH),Nilah/Twisted Fate (BW/PZ),0,1,0
Jinx/Lulu (BC/PZ),Nilah/Twisted Fate (BW/PZ),0,1,0
Norra/Teemo (BC/PZ),Braum/Norra (BC/FR),0,1,0
Championless (PZ/SI),Garen (DE/SI),0,1,0
Twisted Fate/Yasuo (BW/IO),Janna/Twisted Fate (BW/PZ),0,1,0
Janna/Master Yi (IO/PZ),Ezreal/Nami (BW/PZ),0,1,0
Ezreal/Master Yi (IO/PZ),Annie/Jhin (RU/NX),0,1,0
Aphelios/Ezreal (MT/PZ),Braum/Sejuani (FR/NX),0,1,0
Ashe/LeBlanc (FR/NX),Aphelios/Ezreal (MT/PZ),0,1,0
Ezreal/Seraphine (NX/PZ),Jinx/Twisted Fate (BW/PZ),0,1,0
Ezreal/Seraphine (MT/PZ),Caitlyn/Janna/Teemo (FR/PZ),0,1,0
Nami/Udyr (BW/FR),Shen/Sivir (IO/SH),0,1,0
Championless (MT/SI),Neeko/Nidalee/Renekton (RU/SH),0,1,0
Sejuani (FR/PZ),Shen/Sivir (IO/SH),0,1,0
Darius/LeBlanc (FR/NX),Kalista (SI),0,1,0
Fizz/Nami (BW/IO),Swain (FR/NX),0,1,0
Swain (FR/NX),Leona/Yasuo (IO/MT),0,1,0
Braum/Swain (FR/NX),Annie/Jhin (RU/NX),0,1,0
Leona/Sivir (MT/SH),Championless (SI),0,1,0
Ashe (FR/PZ),Darius/Swain (NX/SI),0,1,0
Ashe (FR/PZ),Akshan/Renekton (BW/SH),0,1,0
Teemo/Udyr (FR/PZ),Darius (FR/NX),0,1,0
Darius (FR/NX),Fiora/Udyr (DE/FR),0,1,0
Darius (FR/NX),Ezreal/Seraphine (IO/PZ),0,1,0
Ashe/Sejuani (BW/FR),Darius (FR/NX),0,1,0
Ezreal/Seraphine (NX/PZ),Darius (FR/NX),0,1,0
Championless (DE/MT),Diana/Nocturne (MT/SI),0,1,0
Kai'Sa/Lux: Illuminated (DE/SH),Championless (DE/MT),0,1,0
Caitlyn/Swain/Teemo (NX/PZ),Shen (IO/MT),0,1,0
Shen (IO/MT),Championless (SI),0,1,0
Lux: Illuminated/Master Yi (DE/IO),Fiora (DE/MT),0,1,0
Master Yi (BC/IO),Nocturne (SI),0,1,0
Miss Fortune/Nilah/Swain (BW/NX),Master Yi (BC/IO),0,1,0
Fizz/Master Yi (BC/IO),Braum/Zoe (FR/MT),0,1,0
Darius (FR/NX),Samira/Sejuani (FR/NX),0,1,0
Caitlyn/Teemo (BC/PZ),Gwen/Kalista (FR/SI),0,1,0
Braum (FR/NX),Janna/Nilah (BW/PZ),0,1,0
Aphelios/Twisted Fate (BW/MT),Garen (DE),0,1,0
The Poro King/Zoe (MT/RU),Quinn/Shen/Vayne (DE/IO),0,1,0
Annie/Master Yi (IO/NX),Quinn/Shen/Vayne (DE/IO),0,1,0
Darius/Gwen (NX/SI),Quinn/Shen/Vayne (DE/IO),0,1,0
Quinn/Vayne (DE),Darius/Gwen (NX/SI),0,1,0
Quinn/Vayne (DE),Ashe/LeBlanc (FR/NX),0,1,0
Katarina/Lux: Illuminated (DE/NX),Quinn/Vayne (DE),0,1,0
Janna (IO/PZ),Braum/The Poro King (FR/RU),0,1,0
Janna/Twisted Fate (BW/PZ),Kalista/Nocturne/Zoe (MT/SI),0,1,0
Kalista/Nocturne/Zoe (MT/SI),Championless (PZ/SI),0,1,0
Championless (NX/SI),Kalista/Nocturne/Zoe (MT/SI),0,1,0
LeBlanc/Sivir (NX/SH),Quinn/Vayne (DE),0,1,0
Kalista (MT/SI),Annie/Jhin (RU/NX),0,1,0
Aphelios/Yasuo (IO/MT),Kalista (MT/SI),0,1,0
Samira (BW/NX),Akshan/Udyr (FR/SH),0,1,0
Akshan/Udyr (FR/SH),Caitlyn/LeBlanc (NX/PZ),0,1,0
Garen/Jinx (DE/PZ),Akshan/Udyr (FR/SH),0,1,0
Miss Fortune (BW/FR),Akshan/Udyr (FR/SH),0,1,0
Fizz (BW/FR),Akshan/Udyr (FR/SH),0,1,0
Swain (FR/NX),Ashe/Sejuani (BW/FR),0,1,0
Fizz/Zoe (BC/MT),Championless (SI),0,1,0
Caitlyn/Teemo (BC/PZ),Ashe/Sejuani (BW/FR),0,1,0
Aphelios/Yasuo (IO/MT),Annie/Jhin (RU/NX),0,1,0
Neeko/Nidalee (RU/SH),Aphelios/Yasuo (IO/MT),0,1,0
Aphelios/Yasuo (IO/MT),Kennen/Yasuo (IO/MT),0,1,0
Leona/Zoe (DE/MT),Ashe/LeBlanc (FR/NX),0,1,0
Braum/Pantheon (FR/MT),Ashe/LeBlanc (FR/NX),0,1,0
Hecarim/Kalista (SI),Nidalee/Renekton (FR/SH),0,1,0
Akshan/Garen (DE/SH),Hecarim/Kalista (SI),0,1,0
Hecarim/Kalista (SI),Caitlyn/Swain (NX/PZ),0,1,0
Kalista (SI),Diana/Nami (BW/MT),0,1,0
Kalista (SI),Gnar/Swain (FR/NX),0,1,0
Kalista (SI),Garen/Miss Fortune/Quinn (BW/DE),0,1,0
Braum/Zoe (FR/MT),Kalista (FR/SI),0,1,0
Kalista/Vayne (DE/SI),Sejuani/Swain (FR/NX),0,1,0
Udyr (FR/PZ),Akshan/Pantheon (MT/SH),0,1,0
Akshan/Caitlyn (PZ/SH),Darius (FR/NX),0,1,0
Braum/Sejuani (FR/NX),Ashe/LeBlanc (FR/NX),0,1,0
Braum/Nami (BW/FR),Akshan/Bard (RU/SH),0,1,0
Leona/Zoe (DE/MT),Janna/Nilah (BW/PZ),0,1,0
Championless (BW/MT),Samira/Sejuani (FR/NX),0,1,0
Akshan/Renekton (MT/SH),Championless (BW/MT),0,1,0
Norra/Zoe (BC/MT),Annie/Jhin (RU/NX),0,1,0
Annie/Yasuo (IO/NX),Norra/Zoe (BC/MT),0,1,0
Draven/Zoe (MT/NX),Norra/Zoe (BC/MT),0,1,0
Ezreal/Nami/Twisted Fate (BW/PZ),Braum/Zoe (FR/MT),0,1,0
Gwen/Zed (IO/SI),Sejuani/Swain (FR/NX),0,1,0
Braum/Udyr (FR/NX),Fiora (DE/MT),0,1,0
Yasuo (IO/MT),Championless (IO/MT),0,1,0
Aphelios/Twisted Fate (BW/MT),Ashe/LeBlanc (FR/NX),0,1,0
Annie/Elise (NX/SI),Norra/Zoe (BC/MT),0,1,0
Nilah/Twisted Fate (BW/IO),Fiora/Shen (DE/IO),0,1,0
Swain (BW/NX),Ashe/LeBlanc (FR/NX),0,1,0
Championless (SI),Garen/Lux: Illuminated (DE/IO),0,1,0
Vayne (DE/MT),Ezreal/Janna (IO/PZ),0,1,0
Akshan/Aphelios (MT/SH),Darius/Gwen (NX/SI),0,1,0
Akshan/Aphelios (MT/SH),Caitlyn (FR/PZ),0,1,0
Aphelios/Zoe (IO/MT),Neeko (IO/RU),0,1,0
Championless (MT/SI),Katarina/Yasuo (IO/NX),0,1,0
Katarina/Yasuo (IO/NX),Braum (FR/IO),0,1,0
LeBlanc/Sivir (NX/SH),Championless (MT/SI),0,1,0
Fiora/Udyr (DE/FR),Akshan/LeBlanc (NX/SH),0,1,0
Ashe (BW/FR),Championless (NX/SI),0,1,0
Ashe/LeBlanc (FR/NX),Ashe (BW/FR),0,1,0
Janna/Master Yi/Seraphine (IO/PZ),Sejuani/Teemo (FR/PZ),0,1,0
Miss Fortune/Quinn/Vayne (BW/DE),Sejuani/Teemo (FR/PZ),0,1,0
Kalista (SI),Aphelios/Norra (BC/MT),0,1,0
Darius/Gwen (NX/SI),Shen/Sivir (IO/SH),0,1,0
Vayne (DE/MT),Janna/Nilah (BW/PZ),0,1,0
Annie/Elise (NX/SI),Miss Fortune/Quinn/Vayne (BW/DE),0,1,0
Akshan/Fiora (DE/SH),Miss Fortune/Quinn/Vayne (BW/DE),0,1,0
Fizz/Nami (BW/FR),Ashe (FR/SI),0,1,0
Fizz/Nami (BW/FR),Braum (FR/IO),0,1,0
Kalista (MT/SI),Championless (SI),0,1,0
Garen (DE/PZ),Garen (DE/SH),0,1,0
Ezreal/Teemo/Udyr (FR/PZ),Garen (DE/PZ),0,1,0
Garen (DE/PZ),Caitlyn (FR/PZ),0,1,0
Championless (BW/SI),LeBlanc/Sivir (NX/SH),0,1,0
Janna/Master Yi (IO/PZ),Championless (BW/SI),0,1,0
Aphelios/Twisted Fate (BW/MT),Braum/The Poro King (FR/RU),0,1,0
Lucian (DE/SI),Aphelios/Twisted Fate (BW/MT),0,1,0
Janna/Norra (BC/PZ),Championless (PZ/SI),0,1,0
Ezreal/Sejuani (FR/PZ),Kalista (SI),0,1,0
Jhin/Twisted Fate (BW/RU),Ezreal/Teemo/Udyr (FR/PZ),0,1,0
Yasuo/Zed (IO/PZ),Braum/Zoe (FR/MT),0,1,0
Gwen/Lucian (DE/SI),Braum (FR/MT),0,1,0
Braum (FR/NX),Braum (FR/MT),0,1,0
Aphelios/Zoe (MT),Akshan/Master Yi (IO/SH),0,1,0
Gwen/Kalista (SI),Nilah/Twisted Fate (BW/PZ),0,1,0
Gwen (NX/SI),Nilah/Twisted Fate (BW/PZ),0,1,0
Leona/Yasuo (IO/MT),Garen (DE),0,1,0
Aphelios/Udyr (FR/MT),Norra/Teemo (BC/PZ),0,1,0
Fizz/Nami (BW/FR),Braum/Zoe (FR/MT),0,1,0
Ezreal/Nilah (BW/PZ),Fizz/Nami (BW/FR),0,1,0
Caitlyn/Swain (NX/PZ),Braum/Nami (BW/FR),0,1,0
Swain/Yasuo (IO/NX),Braum/Nami (BW/FR),0,1,0
Ekko/Janna (PZ/SH),Garen/Udyr (DE/FR),0,1,0
Ashe/LeBlanc (FR/NX),Ekko/Janna (PZ/SH),0,1,0
Ekko/Janna (PZ/SH),Vayne/Zed (DE/IO),0,1,0
Akshan/Kai'Sa (IO/SH),Gwen/Hecarim (IO/SI),0,1,0
Aphelios/Twisted Fate (BW/MT),Nilah/Twisted Fate (BW/PZ),0,1,0
Ashe (FR/SI),Caitlyn/Norra/Teemo (BC/PZ),0,1,0
Caitlyn/Norra/Teemo (BC/PZ),Championless (MT/SI),0,1,0
Caitlyn/Norra/Teemo (BC/PZ),Ezreal/Teemo/Udyr (FR/PZ),0,1,0
The Poro King (MT/RU),Aphelios/Zoe (IO/MT),0,1,0
Nidalee/Renekton (FR/SH),Janna (PZ/SI),0,1,0
Udyr (FR/PZ),Ezreal/Twisted Fate (BW/PZ),0,1,0
Draven/Jinx (NX/PZ),Ekko/Renekton (PZ/SH),0,1,0
Ekko/Renekton (PZ/SH),Garen (DE/SI),0,1,0
Caitlyn/Teemo (BC/PZ),Gwen/Renekton (SI/SH),0,1,0
Ashe/Darius (FR/NX),Ezreal/Twisted Fate (BW/PZ),0,1,0
Gwen/Kai'Sa (SI/SH),Ezreal/Twisted Fate (BW/PZ),0,1,0
Akshan/Garen (DE/SH),Kalista (SI),0,1,0
Janna/Kalista (PZ/SI),Championless (SI),0,1,0
Gwen (FR/SI),Fizz/Twisted Fate (BW/PZ),0,1,0
Sejuani/Teemo (FR/PZ),Ashe (FR/SI),0,1,0
Ashe (FR/SI),Nidalee (BC/SH),0,1,0
Swain/Twisted Fate (BW/NX),Caitlyn/Swain (NX/PZ),0,1,0
Lucian (DE/SI),Swain/Twisted Fate (BW/NX),0,1,0
Shen/Sivir (IO/SH),Swain/Twisted Fate (BW/NX),0,1,0
Braum/The Poro King (FR/RU),Diana/Elise/Nocturne (MT/SI),0,1,0
Championless (BC/IO),Diana/Elise/Nocturne (MT/SI),0,1,0
Championless (SI/SH),Akshan/Udyr (FR/SH),0,1,0
Braum (FR/IO),Akshan/Zoe (MT/SH),0,1,0
Norra/Zoe (BC/MT),Akshan/Zoe (MT/SH),0,1,0
Akshan/Lux: Illuminated (DE/SH),Aphelios/Zoe (MT),0,1,0
Vayne (DE/MT),Garen (DE),0,1,0
Ashe/LeBlanc (FR/NX),Vayne (DE/MT),0,1,0
Darius (FR/NX),Miss Fortune/Quinn/Vayne (BW/DE),0,1,0
Miss Fortune/Quinn/Vayne (BW/DE),Swain/Twisted Fate (BW/NX),0,1,0
Gwen (NX/SI),Ashe (FR/SI),0,1,0
Diana/Nocturne (MT/SI),Yasuo (IO/MT),0,1,0
Master Yi/Nami (BW/IO),Yasuo (IO/MT),0,1,0
Championless (IO/MT),Garen/Udyr (DE/FR),0,1,0
Championless (IO/MT),Braum/Zoe (FR/MT),0,1,0
Championpile (FR/SH),Championless (IO/MT),0,1,0
Championless (IO/MT),Fiora/Shen (DE/IO),0,1,0
Championless (IO/MT),Ezreal/Nilah (BW/PZ),0,1,0
Championless (IO/MT),Darius/Gwen (NX/SI),0,1,0
Championless (IO/MT),Fizz/Nami (BW/MT),0,1,0
Championless (IO/MT),Fizz/Samira (BC/NX),0,1,0
Yasuo/Zed (IO/PZ),Norra/Teemo (BC/PZ),0,1,0
Championless (BW/FR),Braum (FR/MT),0,1,0
Gwen/Katarina (NX/SI),Braum (FR/MT),0,1,0
Janna (IO/PZ),Braum (FR/MT),0,1,0
Ashe (FR/SI),Aphelios/Twisted Fate (BW/MT),0,1,0
Gwen (FR/SI),Championless (SI),0,1,0
Aphelios/Master Yi (IO/MT),Garen (DE/SH),0,1,0
Ashe (FR/PZ),Garen (DE/SH),0,1,0
Caitlyn/Seraphine (BC/PZ),Garen (DE/SH),0,1,0
Aphelios/Twisted Fate (BW/MT),Garen (DE/SH),0,1,0
Caitlyn/Seraphine (BC/PZ),Leona/Yasuo (IO/MT),0,1,0
Fiora/Renekton (DE/SH),Gwen (FR/SI),0,1,0
Caitlyn/Swain (NX/PZ),Gwen/Lucian (DE/SI),0,1,0
Braum (FR/NX),Caitlyn/Swain (NX/PZ),0,1,0
Caitlyn/Swain (NX/PZ),Akshan/Udyr (FR/SH),0,1,0
Championless (SI/SH),Garen (DE/SH),0,1,0
Lux: Illuminated/Shen (DE/IO),Championless (NX/SI),0,1,0
Aphelios/Diana (MT/NX),Championless (NX/SI),0,1,0
Ashe/Darius (FR/NX),Ezreal/Seraphine (IO/PZ),0,1,0
Irelia/Miss Fortune (BW/IO),Katarina/Yasuo (IO/NX),0,1,0
Annie/Jinx (NX/PZ),Katarina/Yasuo (IO/NX),0,1,0
Annie/Jhin (RU/NX),Tristana (BC/DE),0,1,0
Master Yi/Nami (BW/IO),Ashe (FR/PZ),0,1,0
Kalista/Nocturne/Zoe (MT/SI),Garen/Shen (DE/IO),0,1,0
Norra/Zoe (BC/MT),Ezreal/Teemo/Udyr (FR/PZ),0,1,0
Quinn/Vayne (DE),Braum/Zoe (FR/MT),0,1,0
Ashe/LeBlanc (FR/NX),Elise/Neeko (RU/SI),0,1,0
Braum/Norra (BC/FR),Ashe/LeBlanc (FR/NX),0,1,0
Annie/Jhin (RU/NX),Diana/Nami (BW/MT),0,1,0
Hecarim/Lucian (DE/SI),Annie/Jhin (RU/NX),0,1,0
Darius/Elise (NX/SI),Annie/Jhin (RU/NX),0,1,0
Janna/Jhin (RU/PZ),Annie/Jhin (RU/NX),0,1,0
Nidalee (BC/SH),Kalista (MT/SI),0,1,0
Nidalee (BC/SH),Yasuo (IO/NX),0,1,0
Caitlyn/Janna/Teemo (FR/PZ),Darius (NX/PZ),0,1,0
Garen (DE/FR),Ashe (FR/IO),0,1,0
Fiora (DE/MT),Kai'Sa/Sivir (DE/SH),0,1,0
Gnar/Pantheon (FR/MT),Championless (SI/SH),0,1,0
Pantheon/Udyr (FR/MT),Championless (SI/SH),0,1,0
Darius/Gwen (NX/SI),Kalista/Lucian (DE/SI),0,1,0
Udyr/Zed (FR/IO),Braum (FR/MT),0,1,0
Leona/Yasuo (IO/MT),Fiora (DE/SH),0,1,0
Braum/Lissandra/Swain (FR/NX),Braum (FR/NX),0,1,0
Braum/Darius (FR/NX),Diana/Nami (BW/MT),0,1,0
Braum (FR/NX),Udyr/Zed (FR/IO),0,1,0
Lulu/Shen (DE/IO),LeBlanc/Sivir (NX/SH),0,1,0
Caitlyn/Janna/Teemo (FR/PZ),Janna (PZ/SI),0,1,0
Fiora/Katarina (DE/NX),Championless (PZ/SI),0,1,0
Braum (FR/NX),Shen (DE/IO),0,1,0
Akshan/Aphelios (MT/SH),Braum (FR/NX),0,1,0
Bard/Udyr (RU/FR),Fiora (DE/SH),0,1,0
Gwen/LeBlanc (NX/SI),Gwen/Lucian (DE/SI),0,1,0
Braum/Zoe (FR/MT),Gnar/Pantheon (FR/MT),0,1,0
Janna/Twisted Fate (BW/PZ),Lucian (DE/SI),0,1,0
Akshan/Samira (NX/SH),Neeko (FR/RU),0,1,0
Nami/Seraphine (BW/PZ),Norra (BC/FR),0,1,0
Master Yi/Zoe (IO/MT),Championpile (FR/SH),0,1,0
Draven/Jinx (NX/PZ),Championless (FR/PZ),0,1,0
Championless (FR/PZ),Braum/Udyr (FR/NX),0,1,0
Championpile (FR/SH),Udyr (FR/PZ),0,1,0
Championpile (FR/SH),Ashe/Darius (FR/NX),0,1,0
Championless (BC/IO),Championpile (FR/SH),0,1,0
Championpile (FR/SH),Yasuo (FR/IO),0,1,0
Ezreal/Teemo/Udyr (FR/PZ),Janna (PZ/SI),0,1,0
Norra/Zoe (BC/MT),Swain/Twisted Fate (BW/NX),0,1,0
Bard/Janna (RU/PZ),Caitlyn/Swain (NX/PZ),0,1,0
Akshan/Renekton (SH),Sejuani/Swain (FR/NX),0,1,0
Braum/Darius (FR/NX),Gnar/Pantheon (FR/MT),0,1,0
Braum/Darius (FR/NX),Ashe/LeBlanc (FR/NX),0,1,0
Braum/Darius (FR/NX),Championless (SI),0,1,0
Janna/Jinx (PZ),Twisted Fate (BW/PZ),0,1,0
Janna/Twisted Fate (BW/PZ),Diana/Nocturne (MT/SI),0,1,0
Lulu/Tristana (BC/IO),Janna/Twisted Fate (BW/PZ),0,1,0
Katarina/Miss Fortune (BW/NX),Janna (PZ),0,1,0
Darius/Draven (IO/NX),Lulu/Shen (IO),0,1,0
Irelia/Miss Fortune (BW/IO),Caitlyn/Swain/Teemo (NX/PZ),0,1,0
Irelia/Miss Fortune (BW/IO),Kai'Sa/Zoe (MT/SH),0,1,0
Garen (DE/FR),Caitlyn/Swain (NX/PZ),0,1,0
Garen (DE/FR),Braum/The Poro King (FR/RU),0,1,0
Elise/Neeko (RU/SI),Kalista (SI),0,1,0
Elise/Neeko (RU/SI),Garen/Udyr (DE/FR),0,1,0
Elise/Norra (BC/SI),Sejuani (FR/PZ),0,1,0
Fizz/Nami (BC/BW),Master Yi/Samira (IO/NX),0,1,0
Ashe/LeBlanc (FR/NX),Janna/Jinx (PZ),0,1,0
Swain/Udyr (FR/NX),Ashe/LeBlanc (FR/NX),0,1,0
Kalista/Lulu (IO/SI),Ashe/LeBlanc (FR/NX),0,1,0
Darius (FR/NX),Aphelios/Diana (MT/NX),0,1,0
Braum/Kalista (FR/SI),Teemo (PZ/SI),0,1,0
Norra/Teemo (BC/PZ),Braum/Master Yi (FR/IO),0,1,0
Master Yi (FR/IO),Ashe/LeBlanc (FR/NX),0,1,0
Kalista/Nocturne/Zoe (MT/SI),Gnar/Pantheon (FR/MT),0,1,0
Aphelios/Master Yi/Pantheon (IO/MT),Ashe (DE/FR),0,1,0
Ezreal/Teemo/Udyr (FR/PZ),Braum/Garen (DE/FR),0,1,0
Ezreal/Teemo/Udyr (FR/PZ),Garen/Udyr (DE/FR),0,1,0
Miss Fortune/Quinn/Vayne (BW/DE),Ashe (FR/PZ),0,1,0
Fiora/Shen (DE/IO),Janna/Master Yi (IO/PZ),0,1,0
Gwen/Hecarim (SI),Janna/Master Yi (IO/PZ),0,1,0
Ezreal/Janna (IO/PZ),Bard/Udyr (RU/FR),0,1,0
Janna (IO/PZ),Janna/Master Yi (IO/PZ),0,1,0
Lulu/Shen (DE/IO),Katarina/Yasuo (IO/NX),0,1,0
Gwen/Nidalee (SI/SH),Janna/Master Yi (IO/PZ),0,1,0
Janna (PZ/SI),Gwen/Hecarim (SI),0,1,0
Janna (FR/PZ),Annie/Jhin (RU/NX),0,1,0
Sejuani/Teemo (FR/PZ),Fizz (BW/MT),0,1,0
Garen (DE),Aphelios/Zoe (IO/MT),0,1,0
Yasuo (IO/NX),Janna/Master Yi (IO/PZ),0,1,0
Caitlyn/Norra (BC/PZ),Miss Fortune/Quinn/Vayne (BW/DE),0,1,0
Katarina/LeBlanc/Miss Fortune (BW/NX),Hecarim/Kalista (SI),0,1,0
Hecarim/Kalista (SI),Championless (SI),0,1,0
Akshan/Zed (IO/SH),Miss Fortune/Quinn/Vayne (BW/DE),0,1,0
Yasuo/Zed (IO/PZ),Championless (BW/SI),0,1,0
Championless (BW/SI),Caitlyn/Swain (NX/PZ),0,1,0
Championless (BW/SI),Braum/The Poro King (FR/RU),0,1,0
Janna/Norra (BC/PZ),Sivir (IO/SH),0,1,0
Gnar/Sejuani (BW/FR),Hecarim/Kalista (SI),0,1,0
Ezreal/Sejuani (FR/PZ),Hecarim/Kalista (SI),0,1,0
Hecarim/Kalista (SI),Gwen/Vayne (DE/SI),0,1,0
Hecarim/Kalista (SI),Garen/Udyr (DE/FR),0,1,0
Pantheon/Udyr (FR/MT),Hecarim/Kalista (SI),0,1,0
Gwen/Vayne (DE/SI),Leona/Yasuo (IO/MT),0,1,0
Championless (BW/SI),Master Yi/Seraphine (IO/PZ),0,1,0
Gnar/Nidalee (BC/SH),Janna/Seraphine (IO/PZ),0,1,0
Norra/Zoe (BC/MT),Janna/Seraphine (IO/PZ),0,1,0
Janna/Seraphine (IO/PZ),Darius/Gnar (FR/NX),0,1,0
Darius (FR/NX),Akshan/Master Yi (IO/SH),0,1,0
Garen/Vayne (DE/FR),Garen/Udyr (DE/FR),0,1,0
Janna/Master Yi (IO/PZ),Garen/Udyr (DE/FR),0,1,0
Hecarim/Lucian (DE/SI),Akshan/Master Yi (IO/SH),0,1,0
Ashe/Janna (FR/PZ),Miss Fortune/Quinn/Vayne (BW/DE),0,1,0
Sejuani/Teemo (FR/PZ),Draven/Katarina (IO/NX),0,1,0
Darius/Gwen (NX/SI),Sejuani/Teemo (FR/PZ),0,1,0
Fizz/Nami (BW/FR),Janna (FR/PZ),0,1,0
Akshan/Caitlyn (PZ/SH),Braum/Zoe (FR/MT),0,1,0
Aphelios/Yasuo (IO/MT),Caitlyn/Swain (NX/PZ),0,1,0
Gwen/Sivir (SI/SH),Caitlyn (BC/PZ),0,1,0
Ezreal/Twisted Fate (BW/PZ),Miss Fortune/Quinn/Vayne (BW/DE),0,1,0
Ezreal/Nilah (BW/PZ),Darius/Gwen (NX/SI),0,1,0
Caitlyn/Norra/Teemo (BC/PZ),Caitlyn/Swain (NX/PZ),0,1,0
Aphelios/Zoe (MT),Aphelios/Zoe (IO/MT),0,1,0
Katarina/Leona (MT/NX),Miss Fortune/Quinn/Vayne (BW/DE),0,1,0
Championless (BW/MT),Draven/Katarina (IO/NX),0,1,0
Akshan/Zoe (MT/SH),Ezreal/Seraphine (PZ/SI),0,1,0
Miss Fortune/Quinn/Vayne (BW/DE),Janna/Nilah (BW/PZ),0,1,0
Sejuani/Teemo (FR/PZ),Braum/Master Yi (FR/IO),0,1,0
Ashe/Janna/Udyr (FR/PZ),Championless (PZ/SI),0,1,0
Akshan/Lucian (DE/SH),Championless (PZ/SI),0,1,0
Kai'Sa/Pantheon (MT/SH),Janna (PZ/SI),0,1,0
Caitlyn/Teemo (BC/PZ),Hecarim/Lucian (DE/SI),0,1,0
Caitlyn/Teemo (BC/PZ),Darius/Gwen (NX/SI),0,1,0
Lux: Illuminated/Zoe (DE/MT),Swain/Yasuo (IO/NX),0,1,0
Fiora/Lucian (DE/SH),Championless (SI),0,1,0
Lux: Illuminated/Zoe (DE/MT),Kai'Sa/Lux: Illuminated (DE/SH),0,1,0
Garen/Vayne (DE/FR),Braum (DE/FR),0,1,0
Garen/Vayne (DE/FR),Championless (SI),0,1,0
Akshan/Renekton (SH),Nilah/Twisted Fate (BW/PZ),0,1,0
Darius (FR/NX),Janna (IO/PZ),0,1,0
Darius (FR/NX),Bard/Udyr (RU/FR),0,1,0
Darius (FR/NX),Championless (MT/SI),0,1,0
Darius/Gnar (FR/NX),Darius (FR/NX),0,1,0
Janna/Twisted Fate (BW/PZ),Nidalee (BC/SH),0,1,0
Master Yi/Seraphine (IO/PZ),Darius/Gnar (FR/NX),0,1,0
Ezreal/Teemo/Udyr (FR/PZ),Braum/Master Yi (FR/IO),0,1,0
Ezreal/Teemo/Udyr (FR/PZ),Championless (PZ/SI),0,1,0
Ezreal/Teemo/Udyr (FR/PZ),Fiora/Udyr (DE/FR),0,1,0
Annie/Master Yi (IO/NX),Ashe/Udyr (FR/PZ),0,1,0
Janna/Twisted Fate (BW/PZ),Neeko/Teemo/Tristana (BC/RU),0,1,0
Zoe (MT/PZ),Draven/Jinx (NX/PZ),0,1,0
Master Yi/Seraphine (IO/PZ),Lulu/Shen (DE/IO),0,1,0
Bard/Udyr (RU/FR),Gnar/Nidalee (BC/SH),0,1,0
Elise/Lucian (DE/SI),Championless (SI),0,1,0
Master Yi/Seraphine (IO/PZ),Darius/Gwen (NX/SI),0,1,0
Braum/Zed (FR/IO),Gnar (BC/PZ),0,1,0
Darius/Gnar (FR/NX),Udyr/Vayne (DE/FR),0,1,0
Kai'Sa/Lux: Illuminated (DE/SH),Janna/Twisted Fate (BW/PZ),0,1,0
Akshan/Renekton (SH),Annie/Jhin (RU/NX),0,1,0
Garen/Udyr (DE/FR),Darius (FR/NX),0,1,0
Sejuani/Teemo (FR/PZ),Ezreal/Seraphine (PZ/SI),0,1,0
Kai'Sa/Pantheon (MT/SH),Sejuani/Teemo (FR/PZ),0,1,0
Garen/Miss Fortune/Quinn (BW/DE),Darius/Gwen (NX/SI),0,1,0
Udyr/Zed (FR/IO),Darius/Gwen (NX/SI),0,1,0
Sivir (IO/SH),Kalista/Nocturne/Zoe (MT/SI),0,1,0
Hecarim/Lucian (DE/SI),Garen/Udyr (DE/FR),0,1,0
Garen/Miss Fortune/Quinn (BW/DE),Garen/Udyr (DE/FR),0,1,0
Gwen/Vayne (DE/SI),Norra/Zoe (BC/MT),0,1,0
Katarina/Swain (NX/PZ),Ashe/LeBlanc (FR/NX),0,1,0
Ekko/Katarina (NX/PZ),Annie/Jhin (RU/NX),0,1,0
Irelia/Samira (IO/NX),Ekko/Katarina (NX/PZ),0,1,0
Darius/Gwen (NX/SI),Ekko/Katarina (NX/PZ),0,1,0
Ekko/Katarina (NX/PZ),Teemo/Zoe (BC/MT),0,1,0
Ekko/Janna (IO/PZ),Katarina/Miss Fortune (BW/NX),0,1,0
Darius (FR/NX),Kalista/Lulu (IO/SI),0,1,0
Katarina/Miss Fortune (BW/NX),Kalista/Sivir (SI/SH),0,1,0
Championless (PZ/SI),Lucian/Neeko (DE/RU),0,1,0
Akshan/LeBlanc (NX/SH),Janna/Master Yi (IO/PZ),0,1,0
Irelia/Samira (IO/NX),Janna/Twisted Fate (BW/PZ),0,1,0
Aphelios/Zoe (IO/MT),Yasuo/Zed (IO/PZ),0,1,0
Caitlyn/Teemo (BC/PZ),Janna (FR/PZ),0,1,0
Ezreal/Seraphine (PZ/SI),Darius/Gwen (NX/SI),0,1,0
Miss Fortune/Quinn/Vayne (BW/DE),Shen/Sivir (IO/SH),0,1,0
Bard/Nidalee (RU/SH),Nilah/Twisted Fate (BW/PZ),0,1,0
Championpile (DE/FR),Caitlyn/Norra/Teemo (BC/PZ),0,1,0
Ezreal/Jhin (RU/PZ),Katarina/Miss Fortune (BW/NX),0,1,0
Pantheon/Udyr (FR/MT),Janna (FR/PZ),0,1,0
Pantheon/Udyr (FR/MT),Darius/Gwen (NX/SI),0,1,0
Katarina/Miss Fortune (BW/NX),Caitlyn/Swain (NX/PZ),0,1,0
Pantheon/Udyr/Zoe (FR/MT),Katarina/Miss Fortune (BW/NX),0,1,0
Neeko/Zoe (MT/RU),Teemo/Zoe (BC/MT),0,1,0
Swain (FR/NX),Teemo/Zoe (BC/MT),0,1,0
Janna (FR/PZ),Teemo/Zoe (BC/MT),0,1,0
Gwen/Vayne (DE/SI),Kalista/Lucian (DE/SI),0,1,0
Garen/Sivir (DE/SH),Fiora/Vayne (DE/SH),0,1,0
Neeko/Zoe (MT/RU),Garen/Udyr (DE/FR),0,1,0
Fiora/Lucian (DE/SH),Ashe/LeBlanc (FR/NX),0,1,0
Irelia/Samira (IO/NX),Darius/Gnar (FR/NX),0,1,0
Aphelios/Zoe (IO/MT),Caitlyn/Swain (NX/PZ),0,1,0
Janna/Master Yi (IO/PZ),Hecarim/LeBlanc (NX/SI),0,1,0
Yasuo/Zed (IO/PZ),Championless (BW/MT),0,1,0
Janna (PZ/SI),Master Yi/Yasuo (IO/MT),0,1,0
Caitlyn/Swain (NX/PZ),Darius/Gwen (NX/SI),0,1,0
Caitlyn/Swain (NX/PZ),Championless (MT/SI),0,1,0
Miss Fortune/Twisted Fate (BW/NX),Gnar/Nidalee (BC/SH),0,1,0
Braum/Zoe (FR/MT),LeBlanc/Pantheon (MT/NX),0,1,0
Nilah/Twisted Fate (BW/PZ),Pantheon/Vayne (DE/MT),0,1,0
Pantheon/Vayne (DE/MT),Janna/Twisted Fate (BW/PZ),0,1,0
Fiora/Pantheon (DE/MT),Ezreal/Twisted Fate (BW/PZ),0,1,0
Evelynn/Fizz/Teemo (BC/RU),Ezreal/Seraphine (BC/PZ),0,1,0
Darius/Gnar (FR/NX),Bard/Braum/Udyr (RU/FR),0,1,0
Nilah/Twisted Fate (BW/PZ),Akshan/Zoe (MT/SH),0,1,0
Bard/The Poro King (RU/RU),Miss Fortune/Quinn/Vayne (BW/DE),0,1,0
Ashe/Braum (FR/PZ),Janna (PZ/SI),0,1,0
Aphelios/Zoe (MT),Ashe/Braum (FR/PZ),0,1,0
Neeko/Teemo (BC/RU),Ashe/Braum (FR/PZ),0,1,0
Bard/Udyr (RU/FR),Caitlyn/Swain (NX/PZ),0,1,0
Hecarim/LeBlanc (NX/SI),Gnar/Nidalee (BC/SH),0,1,0
Jhin/Yasuo (IO/RU),Ashe (FR),0,1,0
Irelia/Miss Fortune (BW/IO),Garen/Udyr (DE/FR),0,1,0
Fiora (DE/IO),Garen/Udyr (DE/FR),0,1,0
Aphelios/Udyr (FR/MT),Garen/Udyr (DE/FR),0,1,0
Darius/Gwen (NX/SI),Irelia/Samira (IO/NX),0,1,0
Darius (FR/NX),Braum (FR/IO),0,1,0
Diana/Zoe (IO/MT),Ezreal/Seraphine (PZ/SI),0,1,0
Evelynn/Kai'Sa (RU/SH),Ezreal/Seraphine (BC/PZ),0,1,0
Evelynn/Kai'Sa (RU/SH),Kai'Sa/Sivir (DE/SH),0,1,0
Nami/Seraphine (BW/PZ),Gnar/Nidalee (BC/SH),0,1,0
Caitlyn/Norra (BC/PZ),Ezreal/Teemo/Udyr (FR/PZ),0,1,0
Neeko (FR/RU),Ezreal/Teemo/Udyr (FR/PZ),0,1,0
Ezreal/Teemo/Udyr (FR/PZ),Fizz/Nami (BW/DE),0,1,0
Yasuo/Zed (IO/PZ),Fiora/Vayne (DE/IO),0,1,0
Yasuo/Zed (IO/PZ),Caitlyn/Norra (BC/PZ),0,1,0
Nami/Zoe (BW/MT),Akshan/Udyr (FR/SH),0,1,0
Nami/Zoe (BW/MT),Janna/Jinx (PZ),0,1,0
Annie/Jhin (RU/NX),Nami/Zoe (BW/MT),0,1,0
Aphelios/Zoe (MT),Braum (FR/IO),0,1,0
Ashe (FR),Janna/Nilah (BW/PZ),0,1,0
Caitlyn/Norra/Teemo (BC/PZ),Braum (FR/MT),0,1,0
Fizz/Twisted Fate (BC/BW),Braum/Zoe (FR/MT),0,1,0
Bard/Braum/Udyr (RU/FR),Darius/Gwen (NX/SI),0,1,0
Samira/Sejuani (FR/NX),Braum/Zed (FR/IO),0,1,0
Katarina/Miss Fortune (BW/NX),Lulu/Tristana (BC/SI),0,1,0
Katarina/Miss Fortune (BW/NX),Braum/Udyr (FR),0,1,0
Hecarim (SI/SH),Yasuo (IO/NX),0,1,0
Yasuo (IO/NX),Ashe/Darius (FR/NX),0,1,0
Shen (DE/IO),Braum/Zoe (FR/MT),0,1,0
Darius/Gnar/LeBlanc (FR/NX),Braum/Zoe (FR/MT),0,1,0
Norra/Zoe (BC/MT),Darius/Gnar/LeBlanc (FR/NX),0,1,0
Nidalee/Sivir (BC/SH),Ezreal/Seraphine (PZ/SI),0,1,0
Akshan/Udyr (FR/SH),Renekton (SH),0,1,0
Annie/Gwen (NX/SI),Janna (IO/PZ),0,1,0
Ekko/Sivir (PZ/SH),Janna (IO/PZ),0,1,0
Norra/Zoe (BC/MT),Akshan/Aphelios (MT/SH),0,1,0
Caitlyn/Janna (PZ/SI),Gwen/Katarina (NX/SI),0,1,0
Jhin/Yasuo (IO/RU),Gwen/Katarina (NX/SI),0,1,0
Kalista/Sivir (SI/SH),Championless (SI),0,1,0
Katarina/Yasuo (IO/NX),Annie/Gwen (NX/SI),0,1,0
Braum (FR/IO),Annie/Gwen (NX/SI),0,1,0
Braum (FR/IO),Neeko (RU/SH),0,1,0
Aphelios/Yasuo (IO/MT),Gnar/Sejuani (BC/FR),0,1,0
Pantheon/Udyr (FR/MT),Gnar/Sejuani (BC/FR),0,1,0
Kalista/Lucian (DE/SI),Garen/Neeko (DE/RU),0,1,0
Jhin/Kennen (IO/RU),Braum/Master Yi (FR/IO),0,1,0
Gwen/Hecarim (SI),Fiora/Pantheon (DE/MT),0,1,0
Caitlyn/Teemo (BC/PZ),Akshan/Udyr (FR/SH),0,1,0
Championless (BW/SI),Ashe/Sejuani (FR/SI),0,1,0
Kalista/Lucian (DE/SI),Kai'Sa/Sivir (DE/SH),0,1,0
Kai'Sa/Sivir (DE/SH),Championpile (IO/SI),0,1,0
Kalista (SI),Akshan/Quinn/Vayne (DE/SH),0,1,0
Quinn/Vayne (DE/SH),Neeko (RU/SH),0,1,0
Akshan/Sivir (FR/SH),Championless (PZ/SI),0,1,0
Ezreal/Seraphine (PZ/SI),Kalista/Lucian (DE/SI),0,1,0
Championpile (IO/SI),Kalista/Lucian (DE/SI),0,1,0
Irelia/Jhin (IO/RU),Kalista/Lucian (DE/SI),0,1,0
Diana/Nami (BW/MT),Irelia/Jhin (IO/RU),0,1,0
Irelia/Jhin (IO/RU),Braum/Zoe (FR/MT),0,1,0
Lulu/Tristana (BC/SI),Irelia/Jhin (IO/RU),0,1,0
Fiora/Pantheon (DE/MT),Championless (BW/FR),0,1,0
Akshan/Udyr (FR/SH),Championless (BW/FR),0,1,0
Caitlyn/Swain (NX/PZ),Annie/Miss Fortune (BW/NX),0,1,0
Caitlyn/Seraphine (BC/PZ),Pantheon/Udyr (FR/MT),0,1,0
Ashe/Darius (FR/NX),Pantheon/Udyr (FR/MT),0,1,0
Ezreal/Seraphine (BC/PZ),Pantheon/Udyr (FR/MT),0,1,0
Katarina/Norra (BC/NX),Championless (SI),0,1,0
Annie/Gwen (NX/SI),Championless (SI),0,1,0
Annie/Gwen (NX/SI),Braum/Zoe (FR/MT),0,1,0
Annie/Gwen (NX/SI),Nidalee/Sivir (BC/SH),0,1,0
Annie/Gwen (NX/SI),Aphelios/Yasuo (IO/MT),0,1,0
Ashe/LeBlanc (FR/NX),Braum/Master Yi (FR/IO),0,1,0
Draven/Jinx (NX/PZ),Katarina (IO/NX),0,1,0
Lulu/Zed (BC/IO),Caitlyn/Janna (PZ/SI),0,1,0
Ekko/Janna (PZ/SH),Nilah/Twisted Fate (BW/PZ),0,1,0
Lux: Illuminated/Samira (DE/NX),Nidalee/Sivir (BC/SH),0,1,0
Lux: Illuminated/Samira (DE/NX),Fiora/Pantheon (DE/MT),0,1,0
Lux: Illuminated/Samira (DE/NX),Championless (SI),0,1,0
Fiora/Pantheon (DE/MT),Norra/Zoe (BC/MT),0,1,0
Braum/Renekton (FR/SH),Darius/Gnar (FR/NX),0,1,0
Braum/Renekton (FR/SH),Braum/Swain (FR/NX),0,1,0
Yasuo (IO/NX),Braum/Renekton (FR/SH),0,1,0
Lucian/Miss Fortune (BW/DE),Katarina/Yasuo (IO/NX),0,1,0
Championless (IO/MT),Lucian/Miss Fortune (BW/DE),0,1,0
Aphelios/Yasuo (IO/MT),Braum (FR/MT),0,1,0
Sejuani/Udyr (FR/NX),Braum/Zoe (FR/MT),0,1,0
Kalista (SI/SH),Caitlyn/LeBlanc (NX/PZ),0,1,0
Aphelios/Yasuo (IO/MT),Akshan/Master Yi (IO/SH),0,1,0
Quinn/Vayne (DE/NX),Fiora/Pantheon (DE/MT),0,1,0
Braum (FR/NX),Annie/Jhin (RU/NX),0,1,0
Quinn/Shen/Vayne (DE/IO),Annie/Jhin (RU/NX),0,1,0
Gwen (FR/SI),Aphelios/Diana (MT/NX),0,1,0
Gwen (FR/SI),Darius/Gnar (FR/NX),0,1,0
Gwen (FR/SI),Lulu/Zed (BC/IO),0,1,0
Gwen (FR/SI),Ezreal/Nilah/Twisted Fate (BW/PZ),0,1,0
Fiora/Pantheon (DE/MT),Lux: Illuminated/Shen (DE/IO),0,1,0
Braum (DE/FR),Ezreal/Seraphine (PZ/SI),0,1,0
Championpile (IO/SI),Master Yi/Nami (BW/IO),0,1,0
Hecarim/Swain (NX/SI),Darius/Gnar (FR/NX),0,1,0
Annie/Jhin (RU/NX),Ashe/Udyr (FR/MT),0,1,0
Nidalee (BC/SH),Quinn/Shen/Vayne (DE/IO),0,1,0
Lux: Illuminated/Udyr (DE/FR),Lulu/Tristana (BC/SI),0,1,0
Ezreal/Nilah/Twisted Fate (BW/PZ),Lux: Illuminated/Udyr (DE/FR),0,1,0
Gnar (FR/NX),Aphelios/Udyr (FR/MT),0,1,0
Annie/Miss Fortune (BW/NX),Nilah/Twisted Fate (BW/PZ),0,1,0
Fiora (DE/IO),Akshan/Samira (NX/SH),0,1,0
Fiora (DE/IO),Nilah/Twisted Fate (BW/PZ),0,1,0
Katarina/Norra (BC/NX),Caitlyn/Teemo (BC/PZ),0,1,0
Akshan/Caitlyn (PZ/SH),Aphelios/Zoe (MT),0,1,0
Braum/Zoe (FR/MT),Lissandra/Udyr (DE/FR),0,1,0
Fiora/Vayne (DE/IO),Draven/Katarina (BC/NX),0,1,0
Janna/Norra (BC/PZ),Braum/Darius (FR/NX),0,1,0
Janna/Twisted Fate (BW/PZ),Hecarim/Kalista (DE/SI),0,1,0
Shen (IO/MT),Master Yi/Nami (BW/IO),0,1,0
Kalista/Nocturne/Zoe (MT/SI),Master Yi/Nami (BW/IO),0,1,0
Pantheon/Udyr (FR/MT),Kalista/Nocturne/Zoe (MT/SI),0,1,0
Lulu/Tristana (BC/SI),Braum/Zoe (FR/MT),0,1,0
Annie/Seraphine (NX/PZ),Neeko/Nidalee (RU/SH),0,1,0
Draven/Jinx (NX/PZ),Jhin/Kennen (IO/RU),0,1,0
Kalista/Lucian (DE/SI),Darius/Gnar/LeBlanc (FR/NX),0,1,0
Seraphine/Zoe (MT/PZ),Akshan/Master Yi (IO/SH),0,1,0
Fiora/Shen (DE/IO),Seraphine/Zoe (MT/PZ),0,1,0
Ashe/Sejuani (FR/PZ),Akshan/Master Yi (IO/SH),0,1,0
Katarina/Norra (BC/NX),Janna (IO/PZ),0,1,0
Ekko/Gwen (PZ/SI),Fiora/Shen (DE/IO),0,1,0
Fiora (DE/MT),Ekko/Gwen (PZ/SI),0,1,0
Ekko/Gwen (PZ/SI),Ashe/LeBlanc (FR/NX),0,1,0
Katarina/Yasuo (IO/NX),Darius/LeBlanc (NX),0,1,0
Darius/LeBlanc/Samira (NX),Katarina/Yasuo (IO/NX),0,1,0
Kennen/Nidalee (BC/SH),Nilah/Twisted Fate (BW/PZ),0,1,0
Championless (FR/IO),Ezreal/Seraphine (PZ/SI),0,1,0
Annie/Jhin (RU/NX),Darius/LeBlanc/Samira (NX),0,1,0
Kennen/Samira (IO/NX),Bard/Norra (BC/RU),0,1,0
Twisted Fate (BW/SI),Ashe/LeBlanc (FR/NX),0,1,0
Annie/Jhin (RU/NX),Twisted Fate (BW/SI),0,1,0
Aphelios/Gwen (MT/SI),Janna/Nilah (BW/PZ),0,1,0
Quinn/Vayne (DE/PZ),Annie/Elise (NX/SI),0,1,0
Ashe/Braum (FR/SI),Championless (SI),0,1,0
Ezreal (IO/PZ),Braum/Zed (FR/IO),0,1,0
Sejuani/Swain (FR/NX),Norra/Swain (BC/NX),0,1,0
Neeko (RU/SH),Norra/Swain (BC/NX),0,1,0
Norra/Swain (BC/NX),Ezreal/Seraphine (PZ/SI),0,1,0
Lucian/Miss Fortune (BW/DE),Kai'Sa/Sivir (DE/SH),0,1,0
Janna/Twisted Fate (BW/PZ),Akshan/Sivir (FR/SH),0,1,0
Irelia/Jhin (IO/RU),Garen/Udyr (DE/FR),0,1,0
Annie/Miss Fortune (BW/NX),Braum/Master Yi (FR/IO),0,1,0
Janna (IO/PZ),LeBlanc/Swain (BW/NX),0,1,0
Katarina/Norra (BC/NX),Janna/Nilah (BW/PZ),0,1,0
Gwen/Quinn (DE/SI),Fiora (DE/MT),0,1,0
Gwen/Quinn (DE/SI),Sejuani/Swain (FR/NX),0,1,0
Championless (SI),Gwen/Quinn (DE/SI),0,1,0
Janna/Twisted Fate (BW/PZ),Gwen/Quinn (DE/SI),0,1,0
Pyke/Rek'Sai (BW/SH),Caitlyn/Swain (NX/PZ),0,1,0
Aphelios/Master Yi (IO/MT),Bard/Norra (BC/RU),0,1,0
Lux: Illuminated/Pantheon (DE/MT),Caitlyn/Swain (NX/PZ),0,1,0
Kennen/Samira (IO/NX),Ashe/LeBlanc (FR/NX),0,1,0
Elise/Kalista/Lucian (DE/SI),Swain/Yasuo (IO/NX),0,1,0
Katarina (IO/NX),Ashe/LeBlanc (FR/NX),0,1,0
Ahri/Kennen (BC/IO),Draven/Jinx (NX/PZ),0,1,0
Braum/Renekton (FR/SH),Master Yi/Nami (BW/IO),0,1,0
Kennen/Nidalee (BC/SH),Caitlyn/Swain (NX/PZ),0,1,0
Braum/The Poro King (FR/RU),Gwen/Katarina (NX/SI),0,1,0
Darius/LeBlanc (FR/NX),Nilah/Twisted Fate (BW/PZ),0,1,0
Ashe (FR/PZ),Janna/Master Yi/Seraphine (IO/PZ),0,1,0
Ashe/LeBlanc (FR/NX),Ezreal (IO/PZ),0,1,0
Braum/Master Yi (FR/IO),Katarina/Master Yi (IO/NX),0,1,0
Lux: Illuminated/Shen (DE/IO),Caitlyn/Teemo (FR/PZ),0,1,0
Akshan/Pantheon (MT/SH),Championless (BW/FR),0,1,0
Ashe/Sejuani (FR/SI),Akshan/Pantheon (MT/SH),0,1,0
Annie/Jhin (RU/NX),Ezreal (IO/PZ),0,1,0
Annie/Jhin (RU/NX),Pyke/Vayne (BW/DE),0,1,0
Darius (FR/NX),Quinn/Vayne (DE/PZ),0,1,0
Championless (SI),Quinn/Vayne (DE/PZ),0,1,0
Darius (FR/NX),Sejuani/Swain (FR/NX),0,1,0
Sejuani/Swain (FR/NX),Fiora (DE/MT),0,1,0
Championless (SI),Darius/LeBlanc (NX),0,1,0
Caitlyn/Teemo (BC/PZ),Braum/Master Yi (FR/IO),0,1,0
Fiora (DE/MT),Neeko (RU/SH),0,1,0
Fiora/Vayne (DE/IO),Ezreal (IO/PZ),0,1,0
Fiora (DE/MT),Ezreal (IO/PZ),0,1,0
Championless (BW/FR),Ezreal (IO/PZ),0,1,0
Diana/Nami (BW/MT),Ashe (FR/PZ),0,1,0
Udyr (FR),Ashe/Sejuani (FR/PZ),0,1,0
Janna/Twisted Fate (BW/PZ),Garen (DE/SH),0,1,0
Caitlyn/Miss Fortune (BW/PZ),Garen (DE/SH),0,1,0
Udyr (FR),Fiora/Vayne (DE/IO),0,1,0
Miss Fortune/Twisted Fate (BW/PZ),Swain/Udyr (FR/NX),0,1,0
Ezreal/Janna (PZ/SI),Braum/Zoe (FR/MT),0,1,0
Championless (FR/IO),Janna/Master Yi (IO/PZ),0,1,0
Neeko (RU/SH),Championless (FR/IO),0,1,0
Pantheon/Zoe (MT),Annie/Gwen (NX/SI),0,1,0
Katarina/LeBlanc/Miss Fortune (BW/NX),Gwen/Vayne (DE/SI),0,1,0
Braum/Udyr (FR/IO),Akshan/Sivir (FR/SH),0,1,0
Fiora/Vayne (DE/IO),Annie/Jhin (RU/NX),0,1,0
Annie/Jhin (RU/NX),Braum/The Poro King (FR/RU),0,1,0
Akshan/Master Yi (IO/SH),Lux: Illuminated/Shen (DE/IO),0,1,0
Lulu/Shen (DE/IO),Swain/Yasuo (IO/NX),0,1,0
Pantheon/Zoe (MT/SI),Braum/Udyr (FR),0,1,0
Pantheon/Zoe (MT/SI),Ezreal (IO/PZ),0,1,0
Lux: Illuminated/Shen (DE/IO),Caitlyn (DE/PZ),0,1,0
Nilah/Twisted Fate (BW/PZ),Teemo/Vayne (DE/PZ),0,1,0
Janna/Twisted Fate (BW/PZ),Jhin/Yasuo (IO/RU),0,1,0
Aphelios/Zoe (IO/MT),Akshan/Udyr (FR/SH),0,1,0
Aphelios/Zoe (IO/MT),Master Yi/Vayne (DE/IO),0,1,0
Ashe/LeBlanc (FR/NX),Caitlyn (BW/PZ),0,1,0
Miss Fortune/Quinn/Vayne (BW/DE),Braum/Zoe (FR/MT),0,1,0
Akshan/Udyr (FR/SH),Teemo/Vayne (DE/PZ),0,1,0
Braum (FR/SI),Braum/Zoe (FR/MT),0,1,0
Nami/Udyr (BW/FR),Braum/Zoe (FR/MT),0,1,0
Caitlyn/Janna/Teemo (FR/PZ),Braum/Zoe (FR/MT),0,1,0
Ashe (FR/NX),Akshan/Fiora (DE/SH),0,1,0
Fiora/Pantheon (DE/MT),Neeko/Nidalee (RU/SH),0,1,0
Miss Fortune/Quinn/Vayne (BW/DE),Neeko (RU/SH),0,1,0
Braum/The Poro King (FR/RU),Neeko/Nidalee (RU/SH),0,1,0
Braum/The Poro King (FR/RU),Ashe (FR/PZ),0,1,0
Lux: Illuminated/Shen (DE/IO),Championless (PZ/SI),0,1,0
Master Yi/Vayne (DE/IO),Ashe (FR/PZ),0,1,0
Swain/Udyr (FR/NX),Janna/Twisted Fate (BW/PZ),0,1,0
Ezreal/Janna/Seraphine (NX/PZ),Janna/Twisted Fate (BW/PZ),0,1,0
Jhin/Kennen (IO/RU),Championless (MT/SI),0,1,0
Swain/Udyr (FR/NX),Championless (MT/SI),0,1,0
Ezreal (IO/PZ),Braum/Udyr (FR),0,1,0
Gnar/Nidalee (BC/SH),Ezreal (IO/PZ),0,1,0
Ezreal (IO/PZ),Janna/Twisted Fate (BW/PZ),0,1,0
Kalista (SI),Fizz/Nami (BC/BW),0,1,0
Fizz/Nami (BC/BW),Aphelios/Udyr (FR/MT),0,1,0
Gnar/Nidalee (BC/SH),Swain/Udyr (FR/NX),0,1,0
Gwen/Irelia (IO/SI),Gwen/Katarina (NX/SI),0,1,0
Jhin/Yasuo (IO/RU),Gwen/Irelia (IO/SI),0,1,0
Gwen/Irelia (IO/SI),Gnar/Nidalee (BC/SH),0,1,0
Renekton (SH),Gnar/Sejuani (BC/FR),0,1,0
Lissandra (FR/SH),Renekton (SH),0,1,0
Teemo/Zoe (BC/MT),Udyr (FR/PZ),0,1,0
Janna/Twisted Fate (BW/PZ),Teemo/Zoe (BC/MT),0,1,0
Yasuo (IO/MT),Samira/Sejuani (FR/NX),0,1,0
Annie/Ezreal (NX/PZ),Championpile (BW/DE),0,1,0
Samira/Sejuani (FR/NX),LeBlanc/Sivir (NX/SH),0,1,0
Janna/Twisted Fate (BW/PZ),Caitlyn/LeBlanc (NX/PZ),0,1,0
Janna/Twisted Fate (BW/PZ),Gnar/Sejuani (BC/FR),0,1,0
Udyr (FR),Nilah/Twisted Fate (BW/PZ),0,1,0
Draven/Jinx (NX/PZ),Ashe (FR/PZ),0,1,0
Aphelios/Diana (MT/NX),Neeko/Nidalee (RU/SH),0,1,0
Neeko (DE/RU),Akshan/Samira (NX/SH),0,1,0
Neeko (DE/RU),Janna/Seraphine (BC/PZ),0,1,0
Neeko (DE/RU),Gnar/Sejuani (BC/FR),0,1,0
Annie/Jhin/Samira (RU/NX),Neeko (DE/RU),0,1,0
Neeko (DE/RU),Katarina/Yasuo (IO/NX),0,1,0
Fiora (DE/IO),Gnar/Sejuani (BC/FR),0,1,0
Caitlyn/LeBlanc (NX/PZ),Fizz/Nami (BC/BW),0,1,0
Championless (MT/SI),Miss Fortune/Quinn (BW/DE),0,1,0
Janna/Seraphine (BC/PZ),Gnar/Sejuani (BC/FR),0,1,0
Kalista/Lulu (IO/SI),Udyr (FR/PZ),0,1,0
Caitlyn (FR/PZ),Udyr (FR/PZ),0,1,0
Braum (FR/MT),Aphelios/Pantheon/Udyr (FR/MT),0,1,0
Braum/Zoe (FR/MT),Aphelios/Pantheon/Udyr (FR/MT),0,1,0
Diana/Nocturne (MT/SI),Aphelios/Diana/Udyr (FR/MT),0,1,0
Master Yi/Vayne (DE/IO),Caitlyn/Swain (NX/PZ),0,1,0
Aphelios/Fizz (BW/MT),Caitlyn/Swain (NX/PZ),0,1,0
Master Yi/Nami (BW/IO),Caitlyn/Swain (NX/PZ),0,1,0
Teemo/Zoe (BC/MT),Gnar/Sejuani (BC/FR),0,1,0
LeBlanc/Sivir (NX/SH),Teemo/Zoe (BC/MT),0,1,0
Caitlyn/Norra/Teemo (BC/PZ),Caitlyn/Norra (BC/PZ),0,1,0
Jhin/Yasuo (IO/RU),Udyr (FR/PZ),0,1,0
Yasuo (IO/NX),Gnar/Renekton (FR/SH),0,1,0
Shen/Sivir (IO/SH),Aphelios/Fizz (BW/MT),0,1,0
Ashe (FR/PZ),Aphelios/Zoe (BC/MT),0,1,0
LeBlanc/Sivir (NX/SH),Neeko (DE/RU),0,1,0
Udyr (FR/PZ),Gnar/Sejuani (BC/FR),0,1,0
Ezreal/Twisted Fate (BW/PZ),Norra/Zoe (BC/MT),0,1,0
Aphelios/Pantheon/Udyr (FR/MT),Fiora/Pantheon (DE/MT),0,1,0
Championless (NX/SI),Darius/Gnar (FR/NX),0,1,0
Aphelios/Pantheon/Udyr (FR/MT),Darius/Gnar (FR/NX),0,1,0
Aphelios/Pantheon/Udyr (FR/MT),Championless (NX/SI),0,1,0
Aphelios/Pantheon/Udyr (FR/MT),Ashe/LeBlanc (FR/NX),0,1,0
Teemo/Tristana (BC/SH),Aphelios/Pantheon/Udyr (FR/MT),0,1,0
Nilah/Twisted Fate (BW/PZ),Master Yi/Seraphine (IO/PZ),0,1,0
Master Yi/Seraphine (IO/PZ),Janna/Twisted Fate (BW/PZ),0,1,0
Katarina/Zed (IO/NX),Swain/Yasuo (IO/NX),0,1,0
Ezreal/Seraphine (IO/PZ),Ezreal/Twisted Fate (BW/PZ),0,1,0
Janna (PZ/SI),Kai'Sa/Sivir (DE/SH),0,1,0
Gwen/Kalista (NX/SI),Janna/Twisted Fate (BW/PZ),0,1,0
Braum/Udyr (FR),Championless (DE/MT),0,1,0
Aphelios/Zoe (MT),Braum/Udyr (FR),0,1,0
Braum/Udyr (FR),Annie/Jhin (RU/NX),0,1,0
Katarina/Zed (IO/NX),Ashe/LeBlanc (FR/NX),0,1,0
Master Yi/Seraphine (IO/PZ),Sejuani/Swain (FR/NX),0,1,0
Annie/Jhin (RU/NX),Katarina/Zed (IO/NX),0,1,0
Hecarim/Lucian (DE/SI),Katarina/Zed (IO/NX),0,1,0
Shen (IO/MT),Akshan/Master Yi (IO/SH),0,1,0
Akshan/LeBlanc (NX/SH),Championless (SI),0,1,0
Akshan/LeBlanc (NX/SH),Pantheon/Udyr (FR/MT),0,1,0
Seraphine/Zoe (MT/PZ),Pantheon/Udyr (FR/MT),0,1,0
Annie/Sejuani (FR/NX),Pantheon/Udyr (FR/MT),0,1,0
Janna/Norra (BC/PZ),Darius/Gwen (NX/SI),0,1,0
Ezreal/Twisted Fate (BW/PZ),Pantheon/Udyr (FR/MT),0,1,0
Janna (IO/PZ),Ezreal/Twisted Fate (BW/PZ),0,1,0
Nilah/Twisted Fate (BW/PZ),Caitlyn/Katarina (NX/PZ),0,1,0
Lissandra/Udyr (DE/FR),Pantheon/Udyr (FR/MT),0,1,0
Master Yi/Samira (IO/NX),Pantheon/Udyr (FR/MT),0,1,0
Caitlyn/Teemo (BC/PZ),Katarina/Miss Fortune (BW/NX),0,1,0
Garen/Udyr (DE/FR),Katarina/Miss Fortune (BW/NX),0,1,0
Fiora/Pantheon (DE/MT),Swain/Yasuo (IO/NX),0,1,0
Elise/Neeko (RU/SI),Braum/Zoe (FR/MT),0,1,0
Akshan/Vayne (DE/SH),Braum/Zoe (FR/MT),0,1,0
Leona/Yasuo (IO/MT),Ahri/Kennen (BC/IO),0,1,0
Norra/Zoe (BC/MT),Udyr (FR/MT),0,1,0
Championpile (IO/SI),Evelynn/Norra (BC/RU),0,1,0
Caitlyn/Katarina (NX/PZ),Annie/Jhin (RU/NX),0,1,0
Caitlyn/Darius (NX/PZ),Annie/Jhin (RU/NX),0,1,0
Braum (FR/NX),Aphelios/Zoe (BC/MT),0,1,0
Lux: Illuminated/Shen (DE/IO),Nilah/Twisted Fate (BW/PZ),0,1,0
Katarina/Zed (IO/NX),Aphelios/Zoe (MT),0,1,0
Caitlyn/Darius (NX/PZ),Ahri/Kennen (BC/IO),0,1,0
Braum (FR/NX),Nidalee (BC/SH),0,1,0
Ashe (FR/PZ),Championpile (FR/SH),0,1,0
Lulu/Zed (BC/IO),Janna (IO/PZ),0,1,0
Caitlyn/Seraphine (BC/PZ),Norra (BC/FR),0,1,0
Championpile (FR/SH),Caitlyn/Katarina (NX/PZ),0,1,0
Braum/Zoe (FR/MT),Aphelios/Udyr (FR/MT),0,1,0
Aphelios/Zoe (MT),Annie/Jhin (RU/NX),0,1,0
Janna/Seraphine (PZ/SI),Ashe/LeBlanc (FR/NX),0,1,0
Leona/Yasuo (IO/MT),Katarina/LeBlanc/Miss Fortune (BW/NX),0,1,0
Lucian/Miss Fortune (BW/DE),Ashe/Lissandra (FR/PZ),0,1,0
Master Yi/Seraphine (IO/PZ),Janna/Master Yi (IO/PZ),0,1,0
Quinn/Vayne (DE/PZ),Caitlyn/Teemo (BC/PZ),0,1,0
Caitlyn/Teemo (FR/PZ),Caitlyn/Teemo (BC/PZ),0,1,0
Akshan/Sivir (DE/SH),Pantheon/Udyr (FR/MT),0,1,0
Pantheon/Udyr (FR/MT),Swain/Twisted Fate (BW/NX),0,1,0
Sejuani/Swain (FR/NX),Pantheon/Udyr (FR/MT),0,1,0
Ezreal/Miss Fortune (BW/PZ),Pantheon/Udyr (FR/MT),0,1,0
Ezreal/Seraphine (PZ/SI),Braum/Garen (DE/FR),0,1,0
Ezreal/Seraphine (PZ/SI),Quinn/Vayne (DE/PZ),0,1,0
Caitlyn/Ezreal (BC/PZ),Ezreal/Seraphine (PZ/SI),0,1,0
Master Yi/Seraphine (IO/PZ),Ezreal/Seraphine (PZ/SI),0,1,0
Braum (FR/NX),Janna (IO/PZ),0,1,0
Neeko/Nidalee (RU/SH),Nilah/Twisted Fate (BW/PZ),0,1,0
Samira/Sejuani (FR/NX),Shen/Sivir (IO/SH),0,1,0
Nilah/Twisted Fate (BW/PZ),Braum/Janna/Seraphine (FR/PZ),0,1,0
Evelynn/Norra (BC/RU),Caitlyn/Darius (NX/PZ),0,1,0
Ezreal/Swain (NX/PZ),Master Yi/Nami (BW/IO),0,1,0
Championless (BW/SI),Quinn/Vayne (DE/PZ),0,1,0
Braum (FR/NX),Quinn/Vayne (DE/PZ),0,1,0
Ezreal/Fizz (BC/PZ),Samira/Sejuani (FR/NX),0,1,0
Samira/Sejuani (FR/NX),Nidalee (BC/SH),0,1,0
Championpile (IO/SI),Draven/Katarina (IO/NX),0,1,0
Akshan/Sivir (DE/SH),Norra/Teemo (BC/PZ),0,1,0
Caitlyn/Teemo (FR/PZ),Braum (FR/NX),0,1,0
Caitlyn/Teemo (FR/PZ),Braum/Sejuani (BW/FR),0,1,0
Aphelios/Leona (MT/SI),Neeko/Teemo (BC/RU),0,1,0
Darius/Gnar (FR/NX),Aphelios/Leona (MT/SI),0,1,0
Bard/Caitlyn/Teemo (RU/PZ),Championless (MT/SI),0,1,0
Caitlyn/Darius (NX/PZ),Darius/Gnar (FR/NX),0,1,0
Caitlyn/Seraphine (BC/PZ),Braum (FR/NX),0,1,0
Darius/Gwen (NX/SI),Bard/Caitlyn/Teemo (RU/PZ),0,1,0
Braum/Norra (BC/FR),Akshan/Master Yi (IO/SH),0,1,0
Samira/Sejuani (FR/NX),Neeko/Nidalee (RU/SH),0,1,0
Leona/Pantheon (MT/SI),Samira/Sejuani (FR/NX),0,1,0
Championpile (PZ/SH),Ashe/Garen (DE/FR),0,1,0
Norra (BC/FR),Gwen/Udyr (FR/SI),0,1,0
Caitlyn/Ezreal (BC/PZ),Annie/Yasuo (IO/NX),0,1,0
Ahri/Yasuo (IO/NX),Championless (SI),0,1,0
Caitlyn/Ezreal (BC/PZ),Championless (SI),0,1,0
Darius (FR/NX),Gnar/Sejuani (FR/NX),0,1,0
Pantheon/Zoe (MT/NX),Annie/Jhin/Katarina (RU/NX),0,1,0
Bard/Norra/Teemo (BC/RU),Braum/Zoe (FR/MT),0,1,0
Lulu/Tristana (BC/IO),Akshan/Udyr (FR/SH),0,1,0
Bard/Caitlyn/Teemo (RU/PZ),Udyr/Vayne (DE/FR),0,1,0
Caitlyn (FR/PZ),Championless (MT/SI),0,1,0
Neeko/Zoe (MT/RU),Braum/Zoe (FR/MT),0,1,0
Kai'Sa (PZ/SH),Udyr/Vayne (DE/FR),0,1,0
Gwen/Hecarim (SI),Gnar/Nidalee (BC/SH),0,1,0
Swain/Yasuo (IO/NX),Darius/Gwen (NX/SI),0,1,0
LeBlanc (FR/NX),Bard/Braum (RU/FR),0,1,0
Bard/Braum (RU/FR),Ezreal/Seraphine (PZ/SI),0,1,0
Bard/Braum (RU/FR),LeBlanc/Sivir (NX/SH),0,1,0
Caitlyn (FR/PZ),Bard/Braum (RU/FR),0,1,0
Lulu/Shen (DE/IO),Janna/Nilah (BW/PZ),0,1,0
Championless (MT/SI),Lulu/Shen (DE/IO),0,1,0
Darius/LeBlanc (NX/PZ),Lulu/Shen (DE/IO),0,1,0
Lulu/Shen (DE/IO),Udyr/Vayne (DE/FR),0,1,0
Akshan/Kai'Sa (DE/SH),Kalista/Lucian (DE/SI),0,1,0
LeBlanc (FR/NX),Kalista (SI),0,1,0
Championless (NX/SI),Sejuani/Udyr (FR/PZ),0,1,0
Yasuo (IO),Ashe/LeBlanc (FR/NX),0,1,0
LeBlanc (FR/NX),Udyr/Vayne (DE/FR),0,1,0
Caitlyn (FR/PZ),Udyr/Vayne (DE/FR),0,1,0
Aphelios/Zoe (IO/MT),Katarina (FR/NX),0,1,0
Caitlyn/Teemo (BC/PZ),LeBlanc (FR/NX),0,1,0
Aphelios/Zoe (BC/MT),LeBlanc (FR/NX),0,1,0
Caitlyn/Teemo (BC/PZ),Ashe/Darius (FR/NX),0,1,0
Caitlyn/Teemo (BC/PZ),Braum/Udyr (FR/NX),0,1,0
LeBlanc (FR/NX),LeBlanc/Sivir (NX/SH),0,1,0
Annie/Jhin/Katarina (RU/NX),LeBlanc/Sivir (NX/SH),0,1,0
Darius/LeBlanc (NX/SH),LeBlanc/Sivir (NX/SH),0,1,0
Miss Fortune/The Poro King (BW/RU),Janna/Twisted Fate (BW/PZ),0,1,0
Miss Fortune/The Poro King (BW/RU),Ashe/LeBlanc (FR/NX),0,1,0
Akshan/Caitlyn (PZ/SH),Darius/Sejuani (FR/NX),0,1,0
Pantheon/Udyr (FR/MT),Ezreal/Nilah/Twisted Fate (BW/PZ),0,1,0
Pantheon/Udyr (FR/MT),Katarina (FR/NX),0,1,0
Ezreal/Nilah (BW/PZ),Annie/Jhin/Katarina (RU/NX),0,1,0
Jhin/Zoe (RU/MT),Braum/Zoe (FR/MT),0,1,0
Swain/Yasuo (IO/NX),Ezreal/Seraphine (PZ/SI),0,1,0
Akshan/Nami (BW/SH),Ezreal/Seraphine (PZ/SI),0,1,0
Championless (BW/SI),Ashe/LeBlanc (FR/NX),0,1,0
Akshan/Renekton (SH),Championless (SI),0,1,0
Janna (IO/PZ),Bard/Norra/Teemo (BC/RU),0,1,0
Samira/Sejuani (FR/NX),Ashe/LeBlanc (FR/NX),0,1,0
Gwen/Vayne (DE/SI),Udyr/Zed (FR/IO),0,1,0
Teemo/Tristana (BC/SH),Katarina (IO/NX),0,1,0
Garen/Miss Fortune/Quinn (BW/DE),Fiora/Pantheon (DE/MT),0,1,0
Bard/Norra (BC/RU),Janna/Nami/Nilah (BW/PZ),0,1,0
Darius/Yasuo (IO/NX),Championless (MT/SI),0,1,0
Caitlyn/Swain (NX/PZ),Darius/LeBlanc (NX/SH),0,1,0
Caitlyn/Swain (NX/PZ),Akshan/Kai'Sa (DE/SH),0,1,0
Bard/Caitlyn/Teemo (RU/PZ),Caitlyn/Swain (NX/PZ),0,1,0
Neeko/Zoe (MT/RU),Neeko/Nidalee/Renekton (RU/SH),0,1,0
Ezreal/Swain (NX/PZ),Udyr/Zed (FR/IO),0,1,0
Diana/Zoe (MT),Ezreal/Swain (NX/PZ),0,1,0
Teemo (BC/PZ),Ezreal/Swain (NX/PZ),0,1,0
Bard/Norra (BC/RU),LeBlanc (FR/NX),0,1,0
Annie/Jhin/Katarina (RU/NX),Braum/Zoe (FR/MT),0,1,0
Caitlyn/Teemo (BC/PZ),Annie/Jhin/Katarina (RU/NX),0,1,0
Bard/Norra (BC/RU),Championless (FR/NX),0,1,0
Sejuani/Swain (FR/NX),Garen/Shen (DE/IO),0,1,0
Gwen/Udyr (FR/SI),Championless (BW/SI),0,1,0
Leona/Yasuo (IO/MT),Aphelios/Zoe (BC/MT),0,1,0
Kai'Sa/Sivir (DE/SH),Championless (MT/SI),0,1,0
Nami/Pantheon (BW/MT),Gnar/Nidalee (BC/SH),0,1,0
Norra/Teemo (BC/PZ),Braum/Udyr (FR/NX),0,1,0
Garen/Miss Fortune/Quinn (BW/DE),Akshan/Master Yi (IO/SH),0,1,0
Sivir (NX/SH),Katarina/Udyr (FR/NX),0,1,0
Samira/Sejuani (FR/NX),Katarina/Udyr (FR/NX),0,1,0
Nami/Pantheon (BW/MT),Katarina/Udyr (FR/NX),0,1,0
Garen/Miss Fortune/Quinn (BW/DE),Katarina/Udyr (FR/NX),0,1,0
Katarina/Udyr (FR/NX),Diana/Zoe (MT),0,1,0
Katarina/Udyr (FR/NX),Braum/Swain (FR/NX),0,1,0
Norra/Tristana (BC/BW),Caitlyn/Darius (NX/PZ),0,1,0
Master Yi/Udyr (FR/IO),Braum (FR/NX),0,1,0
Championpile (PZ/SH),Leona/Yasuo (IO/MT),0,1,0
Braum/Zoe (FR/MT),Katarina (FR/NX),0,1,0
Ezreal/Seraphine (PZ/SI),Gwen/Kalista (PZ/SI),0,1,0
Nami/Pantheon (BW/MT),Bard/Norra/Teemo (BC/RU),0,1,0
Fizz/Samira (BW/NX),Fiora/Shen (DE/IO),0,1,0
Braum (FR/IO),LeBlanc/Sivir (NX/SH),0,1,0
Sejuani/Swain (FR/NX),Braum (FR/IO),0,1,0
LeBlanc (FR/NX),Braum (FR/IO),0,1,0
Darius/Sejuani (FR/NX),Braum (FR/IO),0,1,0
Katarina/Zed (IO/NX),Gnar/Sejuani (BC/FR),0,1,0
Katarina/Udyr (FR/NX),Gwen/Hecarim (SI),0,1,0
Kai'Sa/Sivir (DE/SH),Gwen/Hecarim (SI),0,1,0
Pantheon/Udyr (FR/MT),Bard/Braum (RU/FR),0,1,0
Annie/Jhin/Katarina (RU/NX),Championless (MT/SI),0,1,0
Championless (SI),Annie/Jhin/Katarina (RU/NX),0,1,0
Ashe (FR/SI),Akshan (PZ/SH),0,1,0
Ashe/Fiora (DE/FR),Braum/Janna/Seraphine (FR/PZ),0,1,0
Akshan/Zoe (MT/SH),Ashe (FR/PZ),0,1,0
Ashe/LeBlanc (FR/NX),Akshan/Zoe (MT/SH),0,1,0
Tristana (BC/PZ),Akshan/Zoe (MT/SH),0,1,0
Akshan/Zoe (MT/SH),Bard/Norra (BC/RU),0,1,0
Akshan/Udyr (FR/SH),Akshan/Sivir (DE/SH),0,1,0
Katarina/Udyr (FR/NX),Akshan/Udyr (FR/SH),0,1,0
Bard/Norra (BC/RU),Kai'Sa/Sivir (DE/SH),0,1,0
Yasuo/Zed (IO/PZ),LeBlanc/Sivir (NX/SH),0,1,0
Gwen/LeBlanc (NX/SI),Ezreal/Twisted Fate (BW/PZ),0,1,0
Janna/Twisted Fate (BW/PZ),Pantheon/Udyr (FR/MT),0,1,0
Pantheon/Udyr (FR/MT),Neeko/Zoe (MT/RU),0,1,0
Janna/Miss Fortune/Nami (BW/PZ),Nilah/Twisted Fate (BW/PZ),0,1,0
Miss Fortune/Nami (BW/PZ),Caitlyn/Janna/Teemo (FR/PZ),0,1,0
Championless (DE/MT),Miss Fortune (BW/PZ),0,1,0
Akshan/Zoe (MT/SH),Janna/Seraphine (IO/PZ),0,1,0
Yasuo (IO/MT),Janna/Seraphine (IO/PZ),0,1,0
Neeko (FR/RU),Swain/Yasuo (IO/NX),0,1,0
Fizz/Nami (BW/FR),Norra/Udyr (BC/FR),0,1,0
Aphelios/Zoe (IO/MT),Ezreal/Seraphine (PZ/SI),0,1,0
Braum/Udyr (FR),Swain/Twisted Fate (BW/NX),0,1,0
Hecarim/Lucian (DE/SI),Nidalee (IO/SH),0,1,0
Leona/Yasuo (IO/MT),Braum/Zed (FR/IO),0,1,0
Udyr/Zed (FR/IO),Katarina/Swain (NX/PZ),0,1,0
Akshan/Fiora (DE/SH),Braum/Udyr (FR),0,1,0
Leona/Zoe (DE/MT),Ashe/Darius (FR/NX),0,1,0
Braum/Zed (FR/IO),Ashe (FR/PZ),0,1,0
Fiora/Shen (DE/IO),Shen/Sivir (IO/SH),0,1,0
Teemo (BC/PZ),Championless (SI),0,1,0
Master Yi/Samira (IO/NX),Tristana (BC/PZ),0,1,0
Braum/Swain (FR/NX),Tristana (BC/PZ),0,1,0
LeBlanc/Sivir (NX/SH),Tristana (BC/PZ),0,1,0
Fizz/Jinx (BC/PZ),Katarina/Udyr (FR/NX),0,1,0
Ashe (FR),Katarina/Udyr (FR/NX),0,1,0
Bard/Norra (BC/RU),Katarina/Udyr (FR/NX),0,1,0
Katarina/Udyr (FR/NX),Braum (FR/NX),0,1,0
Championless (SI/SH),Braum (FR/NX),0,1,0
Nami/Norra (BC/BW),Lissandra/Udyr (DE/FR),0,1,0
Nami/Norra (BC/BW),Bard/Norra/Teemo (BC/RU),0,1,0
Nami/Norra (BC/BW),Annie/Jhin (RU/NX),0,1,0
Samira/Sejuani (FR/NX),Janna/Nilah (BW/PZ),0,1,0
Fiora (DE/IO),Garen/Lucian (DE),0,1,0
Championpile (PZ/SH),Akshan/Samira (NX/SH),0,1,0
Braum/Udyr (FR),Gwen/Zed (IO/SI),0,1,0
Ezreal/Twisted Fate (BW/PZ),Ashe (FR),0,1,0
Ashe/LeBlanc (FR/NX),Braum/Sejuani (BW/FR),0,1,0
Swain/Twisted Fate (BW/NX),Championless (DE/MT),0,1,0
Bard/Norra (BC/RU),Janna (IO/PZ),0,1,0
Championless (SI),Neeko (IO/RU),0,1,0
Quinn/Vayne (DE/PZ),Braum (FR/IO),0,1,0
Quinn/Vayne (DE/SH),Braum/Zoe (FR/MT),0,1,0
Neeko (RU/SH),Shen/Sivir (IO/SH),0,1,0
Championless (MT/SI),Sejuani/Teemo (FR/PZ),0,1,0
Braum/Zoe (FR/MT),Darius/Gwen/Hecarim (NX/SI),0,1,0
Darius/Gwen/Hecarim (NX/SI),Janna/Master Yi (IO/PZ),0,1,0
Shen/Sivir (IO/SH),Gwen/Hecarim (SI),0,1,0
Gwen/Hecarim (SI),Annie/Jhin/Katarina (RU/NX),0,1,0
Gnar/Sejuani (FR/PZ),Gwen/Katarina (NX/SI),0,1,0
Gwen/Katarina (NX/SI),Ezreal/Nami (BW/PZ),0,1,0
Akshan/Zoe (MT/SH),Fiora/Shen (DE/IO),0,1,0
Akshan/Sivir (FR/SH),Fiora/Shen (DE/IO),0,1,0
Quinn/Vayne (DE/SH),Swain/Twisted Fate (BW/NX),0,1,0
Quinn/Vayne (DE/PZ),LeBlanc/Sivir (NX/SH),0,1,0
Pantheon/Udyr (FR/MT),Ashe/Swain (FR/NX),0,1,0
Miss Fortune (BW/PZ),Norra/Swain (BC/NX),0,1,0
Ashe/LeBlanc (FR/NX),Miss Fortune (BW/PZ),0,1,0
Ashe/LeBlanc (FR/NX),Janna/Miss Fortune/Nami (BW/PZ),0,1,0
Janna/Miss Fortune/Nami (BW/PZ),Ashe/Udyr (FR/MT),0,1,0
Yasuo (FR/IO),Championless (SI),0,1,0
Ezreal/Seraphine (PZ/SI),Katarina/Miss Fortune (BW/NX),0,1,0
Caitlyn/Norra/Teemo (BC/PZ),Master Yi/Udyr (FR/IO),0,1,0
Annie/Jhin (RU/NX),Gnar/Sejuani (FR/PZ),0,1,0
Akshan/Master Yi (IO/SH),Gnar/Sejuani (FR/PZ),0,1,0
Ashe/LeBlanc (FR/NX),Gnar/Sejuani (FR/PZ),0,1,0
Caitlyn (BC/PZ),Lissandra/Udyr (DE/FR),0,1,0
Ezreal/Nami (BW/PZ),Caitlyn (BC/PZ),0,1,0
Katarina/Swain (NX/PZ),Braum (FR/MT),0,1,0
Yasuo (FR/IO),Sejuani/Swain (FR/NX),0,1,0
Hecarim/Zed (IO/SI),Quinn/Vayne (DE/PZ),0,1,0
Lulu/Shen (IO/MT),Quinn/Vayne (DE/PZ),0,1,0
Swain/Twisted Fate (BW/NX),Ashe/Lissandra (FR/PZ),0,1,0
Annie/Jhin (RU/NX),Norra/Swain (BC/NX),0,1,0
Ashe/Darius (FR/NX),Janna/Twisted Fate (BW/PZ),0,1,0
Leona (MT),Championless (MT/SI),0,1,0
Janna/Twisted Fate (BW/PZ),Teemo/Tristana (BC/BW),0,1,0
Janna/Twisted Fate (BW/PZ),Lissandra/Udyr (DE/FR),0,1,0
Braum/Swain/Udyr (FR/NX),Fiora/Shen (DE/IO),0,1,0
Bard/Norra (BC/RU),Gwen/Lucian (DE/SI),0,1,0
Diana/Nocturne (MT/SI),Pantheon/Udyr (FR/MT),0,1,0
Gwen/Irelia (IO/SI),Ashe/Sejuani (FR/SI),0,1,0
Ezreal/Twisted Fate (BW/PZ),Ezreal/Nami (BW/PZ),0,1,0
Ezreal/Miss Fortune (BW/PZ),Ezreal/Seraphine (PZ/SI),0,1,0
Ezreal/Nami (BW/PZ),Ezreal/Seraphine (PZ/SI),0,1,0
Gwen (SI),Ezreal/Seraphine (PZ/SI),0,1,0
Bard/Udyr (RU/FR),Lux: Illuminated/Shen (DE/IO),0,1,0
Darius (NX),Lux: Illuminated/Neeko (DE/RU),0,1,0
Darius (NX/SH),Fiora/Shen (DE/IO),0,1,0
Akshan/LeBlanc (NX/SH),Teemo/Zoe (BC/MT),0,1,0
Bard/Udyr (RU/FR),Darius/Gwen/Hecarim (NX/SI),0,1,0
Darius/Gwen/Hecarim (NX/SI),Darius/Gwen (NX/SI),0,1,0
Darius/Gwen/Hecarim (NX/SI),Ashe/Swain (FR/NX),0,1,0
Darius/Gwen/Hecarim (NX/SI),Annie/Jhin/Katarina (RU/NX),0,1,0
Championless (PZ/SI),Gwen/Katarina (NX/SI),0,1,0
Janna/Twisted Fate (BW/PZ),Gwen/Katarina (NX/SI),0,1,0
Teemo/Vayne (DE/PZ),Ezreal/Seraphine (PZ/SI),0,1,0
Katarina/LeBlanc/Miss Fortune (BW/NX),Akshan/Kai'Sa (DE/SH),0,1,0
Ezreal/Teemo/Udyr (FR/PZ),Fizz (BW/FR),0,1,0
Championless (BC/SI),Janna/Master Yi (IO/PZ),0,1,0
Kalista (SI/SH),Teemo/Vayne (DE/PZ),0,1,0
Akshan/Sivir (FR/SH),Darius/Gnar (FR/NX),0,1,0
Bard/Udyr (RU/FR),Akshan/Sivir (FR/SH),0,1,0
Janna (IO/PZ),LeBlanc (FR/NX),0,1,0
Zoe (BC/MT),Caitlyn/Katarina (NX/PZ),0,1,0
Zoe (BC/MT),Caitlyn/Ezreal (BC/PZ),0,1,0
Akshan/Kai'Sa (DE/SH),Nilah/Twisted Fate (BW/PZ),0,1,0
Ezreal/Seraphine (PZ/SI),Janna/Seraphine (IO/PZ),0,1,0
Teemo/Zoe (BC/MT),Bard/Udyr (RU/FR),0,1,0
Ezreal/Nami (BW/PZ),Braum/Zoe (FR/MT),0,1,0
Caitlyn (BC/PZ),Janna/Master Yi (IO/PZ),0,1,0
Ashe/Kalista (FR/SI),Aphelios/Gnar (FR/MT),0,1,0
Ashe/Kalista (FR/SI),Championless (SI),0,1,0
Caitlyn/Seraphine (BC/PZ),Akshan/Udyr (FR/SH),0,1,0
Ashe/Swain (FR/NX),Ashe/LeBlanc (FR/NX),0,1,0
Katarina/Miss Fortune (BW/NX),Braum/Sejuani/Swain (FR/NX),0,1,0
Darius (IO/NX),Braum/Zoe (FR/MT),0,1,0
Ashe (FR/NX),Braum/Zoe (FR/MT),0,1,0
Ashe (FR/NX),Darius/Gwen (NX/SI),0,1,0
Akshan (PZ/SH),Championless (SI),0,1,0
Teemo/Tristana (BC/BW),Championless (SI),0,1,0
Championless (SI),Bard/Udyr (RU/FR),0,1,0
Akshan/Master Yi (IO/SH),Caitlyn/Nilah (BW/PZ),0,1,0
Gnar/Nidalee (BC/SH),Janna/Master Yi (IO/PZ),0,1,0
Teemo/Vayne (DE/PZ),Irelia/Samira (IO/NX),0,1,0
Championless (DE/SI),Ezreal/Seraphine (PZ/SI),0,1,0
Caitlyn (BC/PZ),Ezreal/Seraphine (PZ/SI),0,1,0
Sejuani/Swain (FR/NX),Braum/Swain (FR/NX),0,1,0
Ashe/Swain (FR/NX),Janna/Master Yi (IO/PZ),0,1,0
Annie/Jhin (RU/NX),Ashe/Swain (FR/NX),0,1,0
Darius (NX/SH),Ashe/Swain (FR/NX),0,1,0
Teemo/Tristana (BC/BW),Ashe/Swain (FR/NX),0,1,0
Darius (IO/NX),Akshan/Kai'Sa (DE/SH),0,1,0
Championless (SI),Caitlyn/Nilah (BW/PZ),0,1,0
Aphelios/Udyr (FR/MT),Championless (PZ/SI),0,1,0
Championless (PZ/SI),Janna (BW/PZ),0,1,0
Braum/Zoe (FR/MT),Udyr/Zed (FR/IO),0,1,0
Norra/Udyr (BC/FR),Braum/Zoe (FR/MT),0,1,0
Janna/Master Yi (IO/PZ),Ashe/Lissandra (FR/PZ),0,1,0
Aphelios/Yasuo (IO/MT),Ashe/Lissandra (FR/PZ),0,1,0
Garen/Shen (DE/IO),Ashe/Darius (FR/NX),0,1,0
Darius/Gnar (FR/NX),Braum/Udyr (FR),0,1,0
Caitlyn/Jhin/Jinx (RU/PZ),Darius (NX),0,1,0
Ezreal/Teemo/Udyr (FR/PZ),Swain/Yasuo (IO/NX),0,1,0
Ashe (DE/FR),Garen (DE/FR),0,1,0
Lissandra (FR/SH),Gnar/Nidalee (BC/SH),0,1,0
Kai'Sa/The Poro King (RU/SH),Janna/Twisted Fate (BW/PZ),0,1,0
Caitlyn/Nilah (BW/PZ),Braum/Udyr (FR),0,1,0
Caitlyn/Teemo (BC/PZ),Braum/Udyr (FR),0,1,0
Janna (PZ/SI),Lulu/Shen (IO/NX),0,1,0
Norra (BC/PZ),Seraphine (PZ/SI),0,1,0
Ashe (FR/PZ),Caitlyn/Jhin (RU/PZ),0,1,0
Caitlyn/Ezreal (BC/PZ),Ashe/LeBlanc (FR/NX),0,1,0
Jinx (BC/PZ),Udyr/Vayne (DE/FR),0,1,0
Teemo/Tristana (BC/BW),Caitlyn/Nilah (BW/PZ),0,1,0
Braum/Sejuani/Swain (FR/NX),Leona/Yasuo (IO/MT),0,1,0
Bard/Udyr (RU/FR),Fiora/Shen (DE/IO),0,1,0
Kalista/Norra (BC/SI),Fiora/Shen (DE/IO),0,1,0
Irelia/Samira (IO/NX),Bard/Udyr (RU/FR),0,1,0
Miss Fortune/Twisted Fate (BW/PZ),Braum/Udyr (FR),0,1,0
Nidalee (BC/SH),Braum/Udyr (FR),0,1,0
Gwen/Hecarim (NX/SI),Ezreal/Seraphine (PZ/SI),0,1,0
Ezreal/Seraphine (PZ/SI),Braum/Sejuani/Swain (FR/NX),0,1,0
Caitlyn/Jhin/Jinx (RU/PZ),Braum/Zoe (FR/MT),0,1,0
Caitlyn/Jhin (RU/PZ),Ashe/LeBlanc (FR/NX),0,1,0
Janna/Jhin (RU/PZ),Leona/Yasuo (IO/MT),0,1,0
Caitlyn/Ezreal (BC/PZ),Annie/Jhin (RU/NX),0,1,0
LeBlanc/Sivir (NX/SH),Garen/Udyr (DE/FR),0,1,0
Fiora/Shen (DE/IO),Fizz/Nami (BC/BW),0,1,0
Lux: Illuminated/Neeko (DE/RU),Darius (IO/NX),0,1,0
Katarina/Yasuo (IO/NX),Lux: Illuminated/Neeko (DE/RU),0,1,0
Lux: Illuminated/Neeko (DE/RU),Caitlyn/Vayne (DE/PZ),0,1,0
Sejuani (FR/SI),Ashe/LeBlanc (FR/NX),0,1,0
Braum (FR/MT),Swain/Yasuo (IO/NX),0,1,0
Darius/Gwen/Hecarim (NX/SI),Akshan/Udyr (FR/SH),0,1,0
Ezreal/Teemo (BC/PZ),Ashe/LeBlanc (FR/NX),0,1,0
Ezreal/Teemo (BC/PZ),Lissandra/Swain (FR/NX),0,1,0
Caitlyn/Swain (NX/PZ),Bard/Braum (RU/FR),0,1,0
Bard/Braum (RU/FR),Championless (SI),0,1,0
Kalista/Lucian (DE/SI),Janna/Master Yi (IO/PZ),0,1,0
Ezreal/Seraphine (PZ/SI),Aphelios/Janna (MT/PZ),0,1,0
Sejuani (FR/SI),Caitlyn/Norra (BC/PZ),0,1,0
Sejuani (FR/SI),Ashe/Lissandra (FR/PZ),0,1,0
Nami/Samira (BW/NX),Akshan (PZ/SH),0,1,0
Janna/Twisted Fate (BW/PZ),Akshan/Udyr (FR/SH),0,1,0
Janna/Twisted Fate (BW/PZ),Caitlyn/Jhin (RU/PZ),0,1,0
Darius/Gnar (FR/NX),Darius (IO/NX),0,1,0
Bard/Braum (RU/FR),Garen/Miss Fortune/Quinn (BW/DE),0,1,0
Janna/Norra (BC/PZ),Janna (PZ/SI),0,1,0
Irelia/Samira (IO/NX),Caitlyn/Vayne (DE/PZ),0,1,0
Teemo/Vayne (DE/PZ),Championless (BW/MT),0,1,0
Ezreal/Teemo (BC/PZ),Fiora/Pantheon (DE/MT),0,1,0
Irelia/Samira (IO/NX),Janna/Master Yi (IO/PZ),0,1,0
Master Yi/Samira (IO/NX),Ezreal/Teemo/Udyr (FR/PZ),0,1,0
Hecarim/Zed (IO/SI),Ashe/Lissandra (FR/PZ),0,1,0
Sejuani/Swain (FR/NX),Hecarim/Zed (IO/SI),0,1,0
Championless (IO/PZ),Shen/Sivir (IO/SH),0,1,0
Fizz/Samira (BC/NX),Ezreal/Seraphine (IO/PZ),0,1,0
Kalista/Lucian (DE/SI),Ashe/Caitlyn (FR/PZ),0,1,0
Championless (FR/MT),Kalista/Lucian (DE/SI),0,1,0
Darius/Gwen (NX/SI),Akshan/Garen (DE/SH),0,1,0
Caitlyn/Ezreal (BC/PZ),Darius/Gnar (FR/NX),0,1,0
Darius (IO/NX),Braum/Swain (FR/NX),0,1,0
Ashe/Swain (FR/NX),Darius (IO/NX),0,1,0
Ashe/Swain (FR/NX),Ezreal/Seraphine (PZ/SI),0,1,0
Ashe/Swain (FR/NX),Braum/Udyr (FR),0,1,0
Caitlyn/Jhin (RU/PZ),Championless (PZ/SI),0,1,0
Championless (PZ/SI),Garen/Miss Fortune/Quinn (BW/DE),0,1,0
Championless (PZ/SI),Gwen (NX/SI),0,1,0
Fiora/Pantheon (DE/MT),Darius (IO/NX),0,1,0
Ashe/Lissandra (FR/PZ),Katarina/Yasuo (IO/NX),0,1,0
Caitlyn/Ezreal (BC/PZ),Ashe/Lissandra (FR/PZ),0,1,0
Sejuani/Swain (FR/NX),Ashe/Lissandra (FR/PZ),0,1,0
Ashe/Lissandra (FR/PZ),Akshan/Ekko (PZ/SH),0,1,0
Ezreal/Teemo/Udyr (FR/PZ),Ashe/Lissandra (FR/PZ),0,1,0
Bard/Norra (BC/RU),Championpile (IO/SI),0,1,0
Caitlyn/Swain/Teemo (NX/PZ),Championless (SI),0,1,0
Udyr (FR/MT),Championless (SI),0,1,0
Caitlyn/Jhin (RU/PZ),Darius (IO/NX),0,1,0
Darius (NX),Braum/Sejuani (BW/FR),0,1,0
Sejuani (FR/PZ),Swain/Yasuo (IO/NX),0,1,0
Garen/Miss Fortune/Quinn (BW/DE),Ezreal/Teemo/Udyr (FR/PZ),0,1,0
Ashe/Udyr (DE/FR),Irelia (IO/SI),0,1,0
Ashe/LeBlanc (FR/NX),Braum/Sejuani (FR/SI),0,1,0
Caitlyn/Seraphine (BC/PZ),Championless (BW/PZ),0,1,0
Kalista (SI),Championless (BW/PZ),0,1,0
Yasuo (IO/NX),Darius/LeBlanc (BW/NX),0,1,0
Gnar/Janna (FR/PZ),Kalista (SI),0,1,0
Akshan/Caitlyn (PZ/SH),Kalista (SI),0,1,0
Sejuani/Swain (FR/NX),Katarina/Yasuo (IO/NX),0,1,0
Ezreal/Teemo (BC/PZ),Ezreal/Seraphine (PZ/SI),0,1,0
Bard/Caitlyn/Teemo (RU/PZ),Ezreal/Seraphine (PZ/SI),0,1,0
Annie/Ezreal (NX/PZ),Braum/Zoe (FR/MT),0,1,0
Caitlyn/Jhin (RU/PZ),Championless (SI),0,1,0
Braum/Sejuani (BW/FR),Championless (SI),0,1,0
Caitlyn/Jhin (RU/PZ),Sejuani/Swain (FR/NX),0,1,0
Akshan/Ekko (PZ/SH),Caitlyn/Ezreal (BC/PZ),0,1,0
Annie/Samira (BW/NX),Ashe/LeBlanc (FR/NX),0,1,0
Leona/Yasuo (IO/MT),Caitlyn/Norra (BC/PZ),0,1,0
Championless (PZ/SI),Championless (BW/MT),0,1,0
Kai'Sa/Sivir (DE/SH),Neeko (RU/SH),0,1,0
Neeko (RU/SH),Caitlyn/Norra (BC/PZ),0,1,0
Caitlyn/Norra (BC/PZ),Katarina/Yasuo (IO/NX),0,1,0
Darius/Gnar (FR/NX),Braum (FR/IO),0,1,0
Katarina/Yasuo (IO/NX),Championless (FR/IO),0,1,0
Caitlyn/Norra (BC/PZ),Swain/Yasuo (IO/NX),0,1,0
Caitlyn (FR/PZ),Kalista (SI),0,1,0
Ashe (FR/PZ),Fiora/Pantheon (DE/MT),0,1,0
Janna (FR/PZ),Neeko/Nidalee (RU/SH),0,1,0
Lulu/Shen (DE/IO),Norra/Swain (BC/NX),0,1,0
Championpile (IO/SI),Darius/LeBlanc (FR/NX),0,1,0
Championless (BC/IO),Championless (BC/SI),0,1,0
Swain/Yasuo (IO/NX),Neeko (RU/SH),0,1,0
Ezreal/Miss Fortune (BW/PZ),Neeko (RU/SH),0,1,0
Lucian/Nami (BW/DE),Ezreal/Teemo (BC/PZ),0,1,0
Aphelios/Zoe (IO/MT),Aphelios/Diana (MT),0,1,0
Aphelios/Zoe (IO/MT),Ezreal/Teemo (BC/PZ),0,1,0
Fiora/Shen (DE/IO),Samira/Sejuani (FR/NX),0,1,0
Ezreal (IO/PZ),Braum/Zoe (FR/MT),0,1,0
Ashe/Lissandra (FR/PZ),Ezreal/Teemo (BC/PZ),0,1,0
Fiora/Shen (DE/IO),Ashe/Lissandra (FR/PZ),0,1,0
Samira/Sejuani (FR/NX),Master Yi/Seraphine (IO/PZ),0,1,0
Samira/Sejuani (FR/NX),Braum/Sejuani/Swain (FR/NX),0,1,0
Ezreal/Teemo (BC/PZ),Championpile (IO/SI),0,1,0
Kennen (BC/PZ),Janna/Twisted Fate (BW/PZ),0,1,0
Akshan/Renekton (SH),Ashe/Darius (FR/NX),0,1,0
Leona/Yasuo (IO/MT),Ashe/Darius (FR/NX),0,1,0
Akshan/Evelynn/Kai'Sa (RU/SH),Ashe/Darius (FR/NX),0,1,0
Ashe/Darius (FR/NX),Championpile (FR/IO),0,1,0
Fiora (DE/SH),Ashe/Darius (FR/NX),0,1,0
Udyr/Zed (FR/IO),Ashe/Darius (FR/NX),0,1,0
Championless (PZ/SI),Ashe/Darius (FR/NX),0,1,0
Ezreal/Seraphine (PZ/SI),Ezreal (IO/PZ),0,1,0
Ezreal (IO/PZ),Braum/Swain (FR/NX),0,1,0
Caitlyn (DE/PZ),Braum/Swain (FR/NX),0,1,0
Master Yi/Seraphine (IO/PZ),Norra/Swain (BC/NX),0,1,0
Neeko/Nidalee (RU/SH),Master Yi/Seraphine (IO/PZ),0,1,0
Ezreal/Teemo (BC/PZ),Diana/Nocturne (MT/SI),0,1,0
Diana/Nocturne (MT/SI),Yasuo (IO/PZ),0,1,0
Ashe/Sejuani (FR/PZ),Ashe/Lissandra (FR/PZ),0,1,0
Akshan/Master Yi (IO/SH),Irelia/Miss Fortune (BW/IO),0,1,0
Irelia/Miss Fortune (BW/IO),Caitlyn/Teemo (BC/PZ),0,1,0
Irelia/Miss Fortune (BW/IO),Ezreal/Teemo (BC/PZ),0,1,0
Braum/Sejuani/Swain (FR/NX),Irelia/Miss Fortune (BW/IO),0,1,0
Ahri/Kennen (BC/IO),Ezreal/Teemo (BC/PZ),0,1,0
Annie/Jhin (RU/NX),Ezreal/Teemo (BC/PZ),0,1,0
Caitlyn/Ezreal (BC/PZ),Ezreal/Teemo (BC/PZ),0,1,0
Ezreal/Teemo (BC/PZ),Gwen/Irelia (IO/SI),0,1,0
Gwen/Irelia (IO/SI),Akshan/Sivir (DE/SH),0,1,0
Aphelios/Diana (MT),Ashe (FR/PZ),0,1,0
Neeko/Nidalee (RU/SH),Pantheon/Udyr (FR/MT),0,1,0
Championless (SI),Neeko/Nidalee (RU/SH),0,1,0
Kennen (BC/PZ),Ashe/LeBlanc (FR/NX),0,1,0
Caitlyn/Norra (BC/PZ),Braum/Sejuani/Swain (FR/NX),0,1,0
Akshan/Sivir (NX/SH),LeBlanc/Sivir (NX/SH),0,1,0
Norra/Swain (BC/NX),Braum (FR/IO),0,1,0
Kalista (SI/SH),Ashe/Darius (FR/NX),0,1,0
Janna/Nilah (BW/PZ),LeBlanc/Sivir (NX/SH),0,1,0
Lulu/Shen (DE/IO),Ezreal/Nilah/Twisted Fate (BW/PZ),0,1,0
LeBlanc/Udyr (FR/NX),Nidalee (BC/SH),0,1,0
Norra/Swain (BC/NX),Annie/Miss Fortune (BW/NX),0,1,0
Norra/Swain (BC/NX),Janna (PZ/SI),0,1,0
Norra/Swain (BC/NX),Ezreal/Janna (IO/PZ),0,1,0
Ashe/Janna (FR/PZ),Norra/Swain (BC/NX),0,1,0
Caitlyn/Ezreal (PZ),Norra/Swain (BC/NX),0,1,0
Championless (BW/MT),LeBlanc/Sivir (NX/SH),0,1,0
Pantheon/Udyr (FR/MT),Swain/Yasuo (IO/NX),0,1,0
Ezreal/Teemo (BC/PZ),Pantheon/Udyr (FR/MT),0,1,0
Yasuo (IO/MT),Akshan/Gwen (SI/SH),0,1,0
Akshan/Fiora (DE/SH),Yasuo (IO/MT),0,1,0
Braum/Udyr (FR),Yasuo (IO/MT),0,1,0
Katarina/Yasuo (IO/NX),Ezreal/Janna (IO/PZ),0,1,0
LeBlanc/Sivir (NX/SH),Swain/Yasuo (IO/NX),0,1,0
Ahri/Kennen (BC/IO),LeBlanc/Sivir (NX/SH),0,1,0
Sejuani/Swain (FR/NX),LeBlanc/Sivir (NX/SH),0,1,0
Janna/Nilah (BW/PZ),Caitlyn/Norra (BC/PZ),0,1,0
Swain/Yasuo (IO/NX),Norra/Zoe (BC/MT),0,1,0
Ezreal/Teemo (BC/PZ),Norra/Zoe (BC/MT),0,1,0
Master Yi/Samira (IO/NX),Ashe/Darius (FR/NX),0,1,0
Ahri/Kennen (BC/IO),Ashe/Lissandra (FR/PZ),0,1,0
Aphelios/Diana (MT),Ahri/Kennen (BC/IO),0,1,0
Annie/Sejuani (FR/NX),Ashe/LeBlanc (FR/NX),0,1,0
Darius/Gwen (NX/SI),Gnar/Tristana (BC/BW),0,1,0
Caitlyn/Janna/Teemo (FR/PZ),Caitlyn/Swain (NX/PZ),0,1,0
Akshan/Fiora (DE/SH),Katarina/Yasuo (IO/NX),0,1,0
The Poro King (MT/RU),Braum/Zoe (FR/MT),0,1,0
Ashe/Lissandra (FR/PZ),Braum/Zoe (FR/MT),0,1,0
Renekton (NX/SH),Braum/Zoe (FR/MT),0,1,0
Ashe/Lissandra (FR/PZ),Ezreal/Nilah/Twisted Fate (BW/PZ),0,1,0
Aphelios/Diana (MT),Katarina/Yasuo (IO/NX),0,1,0
Renekton (NX/SH),Ashe/LeBlanc (FR/NX),0,1,0
Norra/Swain (BC/NX),Ezreal/Teemo (BC/PZ),0,1,0
Fiora (DE/SH),Ezreal/Teemo (BC/PZ),0,1,0
Darius (BW/NX),Ezreal/Teemo (BC/PZ),0,1,0
Ezreal/Teemo (BC/PZ),The Poro King (MT/RU),0,1,0
Udyr (FR/PZ),Draven/Jinx (NX/PZ),0,1,0
Tristana (BC/FR),Ashe (FR/PZ),0,1,0
Neeko (RU/SH),Gwen/Vayne (DE/SI),0,1,0
Norra/Swain (BC/NX),Nidalee (BC/SH),0,1,0
Ezreal/Teemo (BC/PZ),Tristana (BC/FR),0,1,0
Neeko (RU/SH),Tristana (BC/FR),0,1,0
Tristana (BC/FR),Shen/Sivir (IO/SH),0,1,0
Gnar/Sejuani (BC/FR),Tristana (BC/FR),0,1,0
Ezreal/Teemo (BC/PZ),Evelynn (RU/SI),0,1,0
Evelynn (RU/SI),Leona/Yasuo (IO/MT),0,1,0
Darius/LeBlanc (FR/NX),Akshan/Master Yi (IO/SH),0,1,0
Teemo/Zoe (BC/MT),Akshan/Master Yi (IO/SH),0,1,0
Teemo/Zoe (BC/MT),Nami/Swain (BW/NX),0,1,0
Braum/Garen (DE/FR),Caitlyn/Katarina (NX/PZ),0,1,0
Gnar/Sejuani (BC/FR),Akshan/Master Yi (IO/SH),0,1,0
Ashe/Darius (FR/NX),Caitlyn/Gnar (BC/PZ),0,1,0
Udyr (FR/PZ),Darius/Gnar (FR/NX),0,1,0
Ezreal/Teemo (BC/PZ),Udyr (FR/PZ),0,1,0
Gwen/Kalista (NX/SI),Ezreal/Teemo (BC/PZ),0,1,0
Ezreal/Teemo (BC/PZ),Leona/Yasuo (IO/MT),0,1,0
Caitlyn/Gnar (BC/PZ),Ezreal/Teemo (BC/PZ),0,1,0
Akshan/Master Yi (IO/SH),Udyr (FR/PZ),0,1,0
Ezreal/Seraphine (PZ/SI),Aphelios/Diana (MT),0,1,0
Nami/Swain (BW/NX),Nilah/Twisted Fate (BW/PZ),0,1,0
Udyr (FR/PZ),Championless (SI),0,1,0
Ezreal/Teemo (BC/PZ),Braum/Zoe (FR/MT),0,1,0
Ezreal/Twisted Fate (BW/PZ),Ezreal/Teemo (BC/PZ),0,1,0
Gnar/Sejuani (BC/FR),Janna (PZ/SI),0,1,0
Gnar/Sejuani (BC/FR),Akshan/Samira (NX/SH),0,1,0
Gnar/Sejuani (BC/FR),Caitlyn/Katarina (NX/PZ),0,1,0
Darius/Gwen (NX/SI),Caitlyn/Katarina (NX/PZ),0,1,0
Master Yi/Vayne (DE/IO),Fiora/Pantheon (DE/MT),0,1,0
Master Yi/Samira (IO/NX),Ezreal/Seraphine (BC/PZ),0,1,0
Braum/The Poro King (FR/RU),Ezreal/Seraphine (BC/PZ),0,1,0
Akshan/Evelynn/Kai'Sa (RU/SH),Ezreal/Seraphine (BC/PZ),0,1,0
Caitlyn/Katarina (NX/PZ),Sejuani/Swain (FR/NX),0,1,0
Braum/Swain (FR/NX),Akshan/Sivir (FR/SH),0,1,0
Akshan/Gwen (SI/SH),Braum/Swain (FR/NX),0,1,0
Irelia/Kennen (BC/IO),Championless (SI),0,1,0
Lulu/Tristana (BC/IO),Ezreal/Twisted Fate (BW/PZ),0,1,0
Ezreal/Twisted Fate (BW/PZ),Akshan/Master Yi (IO/SH),0,1,0
Ezreal/Twisted Fate (BW/PZ),Darius/LeBlanc (BW/NX),0,1,0
Ezreal/Twisted Fate (BW/PZ),Jinx/Twisted Fate (BW/PZ),0,1,0
Irelia/Kennen (BC/IO),Braum (FR/MT),0,1,0
Braum/Zed (FR/IO),Gwen/Rek'Sai (SI/SH),0,1,0
Leona/Yasuo (IO/MT),Ezreal/Miss Fortune (BW/PZ),0,1,0
Ezreal (IO/PZ),Kai'Sa/Pantheon (MT/SH),0,1,0
Championless (NX/SI),Katarina/Yasuo (IO/NX),0,1,0
Akshan/LeBlanc (NX/SH),Annie/Jhin (RU/NX),0,1,0
Caitlyn/Swain (NX/PZ),Akshan/LeBlanc (NX/SH),0,1,0
Nami/Udyr (BW/FR),Fiora/Shen (DE/IO),0,1,0
Janna/Twisted Fate (BW/PZ),Nami/Udyr (BW/FR),0,1,0
Nami/Udyr (BW/FR),Janna/Master Yi (IO/PZ),0,1,0
Gwen (SI/SH),Gwen/LeBlanc (NX/SI),0,1,0
Championless (NX/SI),Janna (IO/PZ),0,1,0
Ezreal/Samira/Seraphine (NX/PZ),Caitlyn/Swain (NX/PZ),0,1,0
Ezreal/Katarina (NX/PZ),Swain/Yasuo (IO/NX),0,1,0
Akshan/Zoe (MT/SH),Championless (NX/SI),0,1,0
Ezreal/Janna (BC/PZ),Fiora/Udyr (DE/FR),0,1,0
Janna/Samira/Seraphine (NX/PZ),Katarina (FR/NX),0,1,0
Fiora/Udyr (DE/FR),Ezreal/Samira/Seraphine (NX/PZ),0,1,0
Championpile (IO/SI),Fiora/Udyr (DE/FR),0,1,0
Championpile (IO/SI),Braum/Udyr (FR),0,1,0
Fiora/Shen (DE/IO),Sejuani/Udyr (FR/NX),0,1,0
Ezreal/Miss Fortune (BW/PZ),Ezreal/Twisted Fate (BW/PZ),0,1,0
Darius/Gwen (NX/SI),Braum/Udyr (FR),0,1,0
Braum/Udyr (FR),Sejuani/Udyr (FR/NX),0,1,0
Hecarim (SI/SH),Ezreal (IO/PZ),0,1,0
Katarina/Udyr (FR/NX),Braum/Sejuani (BW/FR),0,1,0
The Poro King (MT/RU),Lucian/Zed (DE/IO),0,1,0
Akshan/Master Yi (IO/SH),Ezreal/Miss Fortune (BW/PZ),0,1,0
Annie/Swain (FR/NX),The Poro King (MT/RU),0,1,0
Fiora/Zoe (DE/MT),LeBlanc (FR/NX),0,1,0
Garen/Vayne (DE),Nilah/Twisted Fate (BW/PZ),0,1,0
Caitlyn/Norra (BC/PZ),Ashe/Darius (FR/NX),0,1,0
Akshan/LeBlanc (NX/SH),Garen (DE/SH),0,1,0
Championless (NX/SI),Akshan/LeBlanc (NX/SH),0,1,0
Nilah/Twisted Fate (BW/PZ),Hecarim/Kalista (SI),0,1,0
Hecarim/Kalista (SI),Gwen/Katarina (NX/SI),0,1,0
Ashe/Darius (FR/NX),Gwen/Katarina (NX/SI),0,1,0
Lulu/Shen (DE/IO),Hecarim/Kalista (SI),0,1,0
Braum (FR/NX),Hecarim/Kalista (SI),0,1,0
Braum/Swain (FR/NX),Miss Fortune (BW/PZ),0,1,0
Ashe/Darius (FR/NX),Miss Fortune (BW/PZ),0,1,0
Ahri/Kennen (BC/IO),Ashe (FR/PZ),0,1,0
Norra/Teemo (BC/PZ),Garen (DE/SH),0,1,0
Championless (MT/SI),Garen (DE/SH),0,1,0
Leona/Yasuo (IO/MT),Garen (DE/SH),0,1,0
Championless (SI/SH),Janna (IO/PZ),0,1,0
Akshan/Zoe (MT/SH),Janna (IO/PZ),0,1,0
Ezreal/Janna (BC/PZ),Caitlyn/Swain (NX/PZ),0,1,0
Gwen/LeBlanc (NX/SI),Gwen/Quinn (DE/SI),0,1,0
Janna (IO/PZ),Master Yi/Zoe (IO/MT),0,1,0
Caitlyn/Swain (NX/PZ),Garen/Vayne (DE),0,1,0
Teemo/Vayne (DE/PZ),Caitlyn/Swain (NX/PZ),0,1,0
Norra/Teemo (BC/PZ),Akshan/Master Yi (IO/SH),0,1,0
The Poro King (MT/RU),Norra/Teemo (BC/PZ),0,1,0
Annie/Jhin/Swain (RU/NX),Annie/Jhin (RU/NX),0,1,0
Ezreal/Janna (BC/PZ),Championless (NX/SI),0,1,0
Championpile (IO/SI),Gnar/Jinx/Sejuani (FR/PZ),0,1,0
Championpile (IO/SI),Championless (SI),0,1,0
Annie/Jhin (RU/NX),Championless (DE/MT),0,1,0
The Poro King (MT/RU),Gnar/Nidalee (BC/SH),0,1,0
Yasuo/Zed (IO/PZ),Championless (DE/MT),0,1,0
Yasuo/Zed (IO/PZ),Championless (SI),0,1,0
Championpile (PZ/SH),Janna/Nilah (BW/PZ),0,1,0
Braum/Sejuani (BW/FR),Ashe/Darius (FR/NX),0,1,0
Caitlyn/Darius (NX/PZ),Norra/Zoe (BC/MT),0,1,0
Janna/Jinx (PZ),Caitlyn/Darius (NX/PZ),0,1,0
Championless (DE/IO),Caitlyn/Darius (NX/PZ),0,1,0
Caitlyn/Darius (NX/PZ),Shen/Sivir (IO/SH),0,1,0
Caitlyn (BC/PZ),Elise/Garen (DE/SI),0,1,0
Braum/Zoe (FR/MT),Championpile (PZ/SH),0,1,0
Norra (BC/FR),Master Yi (DE/IO),0,1,0
Championless (SI),Norra (BC/FR),0,1,0
Caitlyn/Janna/Teemo (FR/PZ),Championless (DE/MT),0,1,0
Fizz/Jinx (BC/PZ),The Poro King (IO/RU),0,1,0
Shen/Sivir (IO/SH),Janna/Jinx (PZ),0,1,0
Gnar/Sejuani (BC/FR),Caitlyn/Swain (NX/PZ),0,1,0
Championless (DE/MT),Shen/Sivir (IO/SH),0,1,0
Championless (DE/MT),Janna (IO/PZ),0,1,0
Fizz/Nami (BC/BW),Nilah/Twisted Fate (BW/PZ),0,1,0
Gwen/Nidalee (SI/SH),Ashe/LeBlanc (FR/NX),0,1,0
Championpile (DE/FR),Braum/Zoe (FR/MT),0,1,0
Championpile (DE/FR),Championless (SI),0,1,0
Pantheon/Zoe (DE/MT),Janna (IO/PZ),0,1,0
Hecarim/Kalista (SI),Annie/Jhin (RU/NX),0,1,0
Zoe (IO/MT),Pantheon/Udyr (FR/MT),0,1,0
Miss Fortune (BW/PZ),Fizz/Nami (BC/BW),0,1,0
Darius/Ezreal (NX/PZ),Miss Fortune (BW/PZ),0,1,0
Janna/Jinx (PZ),Ezreal/Seraphine (PZ/SI),0,1,0
Braum/Sejuani (BW/FR),Garen/Neeko (DE/RU),0,1,0
Udyr/Zed (FR/IO),Lux: Illuminated/Shen (DE/IO),0,1,0
Janna (PZ/SI),Braum (FR/NX),0,1,0
Katarina/Miss Fortune (BW/NX),Janna/Master Yi/Seraphine (IO/PZ),0,1,0
Darius/Gwen (NX/SI),Fizz/Nami (BC/BW),0,1,0
Ekko/Ezreal (BW/PZ),Fiora/Pantheon (DE/MT),0,1,0
Caitlyn/Teemo (FR/PZ),Fiora/Pantheon (DE/MT),0,1,0
Championless (IO/SI),Janna/Master Yi (IO/PZ),0,1,0
Championless (IO/PZ),Ashe/Braum (FR/PZ),0,1,0
Championless (SI),Ashe/Braum (FR/PZ),0,1,0
Ashe/Braum (FR/PZ),Gnar/Nidalee (BC/SH),0,1,0
Janna/Master Yi/Seraphine (IO/PZ),Ashe/Braum (FR/PZ),0,1,0
Ashe/Darius (FR/NX),Ashe/Braum (FR/PZ),0,1,0
Championless (NX/SI),Fizz/Nami (BC/BW),0,1,0
Fizz/Nami (BC/BW),Ezreal/Seraphine (PZ),0,1,0
Championless (FR/NX),Ashe/LeBlanc (FR/NX),0,1,0
Sejuani/Swain (FR/NX),Fizz/Nami (BC/BW),0,1,0
Akshan/Yasuo (IO/SH),Ashe/Darius (FR/NX),0,1,0
Championless (MT/SI),Janna/Master Yi/Seraphine (IO/PZ),0,1,0
Championless (MT/SI),Gwen/Katarina (NX/SI),0,1,0
Aphelios/Zoe (MT),Championless (MT/SI),0,1,0
Ekko/Ezreal (BW/PZ),Udyr/Zed (FR/IO),0,1,0
Ezreal/Seraphine (PZ/SI),Ekko/Ezreal (BW/PZ),0,1,0
Akshan/Ekko (PZ/SH),Ekko/Ezreal (BW/PZ),0,1,0
Evelynn/Kai'Sa (RU/SH),Ekko/Ezreal (BW/PZ),0,1,0
Championless (DE/MT),Championless (IO/SI),0,1,0
Darius/Ezreal (NX/PZ),Gwen/Katarina (NX/SI),0,1,0
Nilah/Twisted Fate (BW/PZ),Akshan/Yasuo (IO/SH),0,1,0
Gwen/Katarina (NX/SI),Neeko/Teemo (BC/RU),0,1,0
Norra (BC/SI),Braum/Sejuani (BW/FR),0,1,0
Evelynn/Kai'Sa (RU/SH),Championless (DE/MT),0,1,0
Annie/Ezreal/Swain (NX/PZ),Championless (DE/MT),0,1,0
Norra/Zoe (BC/MT),Janna/Jinx (PZ),0,1,0
Fiora (DE/IO),Ezreal/Seraphine (PZ/SI),0,1,0
Ezreal/Seraphine (PZ),Janna/Quinn (DE/PZ),0,1,0
Ezreal/Seraphine (PZ),Kalista (SI),0,1,0
Janna/Norra (BC/PZ),Ezreal/Seraphine (PZ),0,1,0
Pantheon/Udyr (FR/MT),Aphelios/Master Yi (IO/MT),0,1,0
Kai'Sa/Pantheon (MT/SH),Ezreal/Seraphine (PZ/SI),0,1,0
Teemo/Zoe (BC/MT),Fizz/Nami (BC/BW),0,1,0
Braum (FR/IO),Janna (IO/PZ),0,1,0
Udyr/Vayne (DE/FR),Fiora/Shen (DE/IO),0,1,0
Leona/Yasuo (IO/MT),Udyr/Vayne (DE/FR),0,1,0
Udyr/Zoe (FR/MT),Bard/Lux: Illuminated (RU/DE),0,1,0
Ashe/Darius (FR/NX),Braum (FR/IO),0,1,0
Fizz/Gnar (BC/PZ),Annie/Jhin (RU/NX),0,1,0
Championless (NX/SI),Fizz/Gnar (BC/PZ),0,1,0
Championless (PZ/SI),Fizz/Nami (BC/BW),0,1,0
Ashe (FR/PZ),Kalista (IO/SI),0,1,0
Janna/Master Yi/Seraphine (IO/PZ),Katarina/Yasuo (IO/NX),0,1,0
Janna/Twisted Fate (BW/PZ),Udyr/Zoe (FR/MT),0,1,0
Ekko/Nilah/Twisted Fate (BW/PZ),Udyr/Zoe (FR/MT),0,1,0
Udyr/Zoe (FR/MT),Neeko/Renekton (RU/SH),0,1,0
Pantheon/Udyr (FR/MT),Fiora (DE/SH),0,1,0
Pantheon/Udyr (FR/MT),Garen/Udyr (DE/FR),0,1,0
Braum/The Poro King (FR/RU),Pantheon/Udyr (FR/MT),0,1,0
Zoe (BC/MT),Janna/Lissandra (FR/PZ),0,1,0
Master Yi/Seraphine (IO/PZ),Championpile (IO/SI),0,1,0
Championless (DE/MT),Ezreal/Seraphine (PZ/SI),0,1,0
Akshan/Pantheon (MT/SH),Udyr/Zoe (FR/MT),0,1,0
Annie/Jhin (RU/NX),Norra/Udyr (BC/FR),0,1,0
Caitlyn (BC/PZ),Gnar/Sejuani (BC/FR),0,1,0
Caitlyn/Darius (NX/PZ),Championless (PZ/SI),0,1,0
Braum/Udyr (DE/FR),Fiora/Pantheon (DE/MT),0,1,0
Braum/Udyr (DE/FR),Caitlyn/Seraphine (BC/PZ),0,1,0
Championless (DE/MT),Janna (PZ/SI),0,1,0
Championless (NX/SI),Fiora/Shen (DE/IO),0,1,0
Caitlyn/Teemo (FR/PZ),Janna/Master Yi (IO/PZ),0,1,0
Championless (DE/MT),Caitlyn/Swain (NX/PZ),0,1,0
Udyr/Vayne (DE/FR),Sejuani/Swain (FR/NX),0,1,0
Ashe (FR/PZ),Akshan/Samira (NX/SH),0,1,0
Bard/Norra (BC/RU),Yasuo (IO/MT),0,1,0
Garen/Miss Fortune/Quinn (BW/DE),Yasuo (IO/MT),0,1,0
Akshan/Fiora (DE/SH),Fizz/Nami (BC/BW),0,1,0
Championless (BC/PZ),Annie/Jhin (RU/NX),0,1,0
Fiora (DE/SH),Annie/Jhin (RU/NX),0,1,0
Gwen (FR/SI),Norra/Seraphine (BC/PZ),0,1,0
Fizz/Gnar (BC/PZ),Fizz/Nami (BC/BW),0,1,0
Ashe/Lissandra (FR/PZ),Fizz/Nami (BC/BW),0,1,0
Twisted Fate (BW/PZ),Braum/Zoe (FR/MT),0,1,0
Norra/Seraphine (BC/PZ),Samira/Sejuani (FR/NX),0,1,0
Lulu/Zed (DE/IO),Gnar/Nidalee (BC/SH),0,1,0
Ashe/Darius (FR/NX),Katarina/Yasuo (IO/NX),0,1,0
Ezreal/Seraphine (PZ/SI),Gnar/Nidalee (BC/SH),0,1,0
Ashe/Darius (FR/NX),Ashe (FR/PZ),0,1,0
Braum (FR/IO),Bard/Caitlyn/Teemo (RU/PZ),0,1,0
Gwen/Vayne (DE/SI),Braum (FR/IO),0,1,0
Ezreal/Seraphine (PZ/SI),Braum (FR/IO),0,1,0
Aphelios/Ezreal (MT/PZ),Caitlyn (NX/PZ),0,1,0
Caitlyn (NX/PZ),Nilah/Twisted Fate (BW/PZ),0,1,0
Caitlyn/Darius (NX/PZ),Janna/Master Yi/Seraphine (IO/PZ),0,1,0
Championless (DE/MT),Gwen/Vayne (DE/SI),0,1,0
Neeko/Renekton (RU/SH),Braum (FR/IO),0,1,0
Championless (DE/MT),Janna/Jinx (NX/PZ),0,1,0
Garen/Miss Fortune/Quinn (BW/DE),Braum/Zoe (FR/MT),0,1,0
Ezreal/Seraphine (PZ/SI),Annie/Samira (BW/NX),0,1,0
Championless (PZ/SI),Ezreal/Seraphine (PZ),0,1,0
Neeko/Renekton (RU/SH),Braum/Zoe (FR/MT),0,1,0
Kai'Sa/Pantheon (MT/SH),Fiora/Pantheon (DE/MT),0,1,0
Janna/Twisted Fate (BW/PZ),Kai'Sa/Pantheon (MT/SH),0,1,0
Yasuo (IO/MT),Gnar/Norra (BC/FR),0,1,0
Lux: Illuminated/Udyr (DE/FR),Gnar/Nidalee (BC/SH),0,1,0
Bard/Lux: Illuminated (RU/DE),Braum/Zoe (FR/MT),0,1,0
Braum/Zoe (FR/MT),Darius/LeBlanc (FR/NX),0,1,0
Braum (FR/IO),Janna/Master Yi (IO/PZ),0,1,0
Gwen/Kalista (MT/SI),Championless (BC/SI),0,1,0
Caitlyn/Janna (BC/PZ),Braum (FR/MT),0,1,0
Lulu/Zed (DE/IO),Janna/Master Yi (IO/PZ),0,1,0
Nami/Udyr (BW/FR),Akshan/Master Yi (IO/SH),0,1,0
Nami/Udyr (BW/FR),Championless (BC/SI),0,1,0
Nami/Udyr (BW/FR),Fiora/Pantheon (DE/MT),0,1,0
Akshan/Zoe (MT/SH),Lulu/Zed (DE/IO),0,1,0
Akshan/Fiora (DE/SH),Gwen/Kalista/Vayne (DE/SI),0,1,0
Evelynn/Norra (BC/RU),Udyr/Zoe (FR/MT),0,1,0
Caitlyn (NX/PZ),Udyr/Zoe (FR/MT),0,1,0
Udyr/Zoe (FR/MT),Akshan/Gnar (FR/SH),0,1,0
Janna/Master Yi (IO/PZ),Braum (FR/MT),0,1,0
Darius/Gwen (NX/SI),Braum (FR/MT),0,1,0
Lulu/Shen (IO/MT),Swain/Yasuo (IO/NX),0,1,0
Caitlyn/Ezreal (BC/PZ),Darius/Udyr (FR/NX),0,1,0
Kai'Sa/Pantheon (MT/SH),Janna/Master Yi (IO/PZ),0,1,0
Kai'Sa/Pantheon (MT/SH),Quinn/Vayne (DE/SH),0,1,0
Lulu/Shen (IO/MT),Janna (PZ/SI),0,1,0
Bard/Norra (BC/RU),Lulu/Shen (IO/MT),0,1,0
Annie/Jhin (RU/NX),Elise/Lucian (DE/SI),0,1,0
Quinn/Vayne (DE/SH),Fiora/Pantheon (DE/MT),0,1,0
Janna/Udyr (FR/PZ),Nidalee (BC/SH),0,1,0
Master Yi/Zoe (IO/MT),Janna/Master Yi (IO/PZ),0,1,0
Akshan/Samira (NX/SH),Gnar/Nidalee (BC/SH),0,1,0
Yasuo (IO/MT),Quinn/Vayne (DE/SH),0,1,0
Aphelios/Ezreal (MT/PZ),Yasuo (IO/MT),0,1,0
Yasuo (IO/MT),Lulu/Zed (DE/IO),0,1,0
Swain/Yasuo (IO/NX),Yasuo (IO/MT),0,1,0
Lulu/Zed (DE/IO),Evelynn/Norra (BC/RU),0,1,0
Caitlyn/Janna (BC/PZ),Fiora/Shen (DE/IO),0,1,0
Quinn/Vayne (DE/SH),Ekko/Nilah/Twisted Fate (BW/PZ),0,1,0
Fizz/Nami (BC/BW),Neeko/Renekton (RU/SH),0,1,0
Ezreal/Nilah/Twisted Fate (BW/PZ),Ekko/Nilah/Twisted Fate (BW/PZ),0,1,0
Ekko/Nilah/Twisted Fate (BW/PZ),Fiora/Shen (DE/IO),0,1,0
Championless (SI),Ekko/Nilah/Twisted Fate (BW/PZ),0,1,0
Ashe (FR/PZ),Ekko/Nilah/Twisted Fate (BW/PZ),0,1,0
Kalista (IO/SI),Braum/Zoe (FR/MT),0,1,0
Kalista (IO/SI),Caitlyn (NX/PZ),0,1,0
Swain/Yasuo (IO/NX),Championless (MT/SI),0,1,0
Swain/Yasuo (IO/NX),Akshan/Lulu (IO/SH),0,1,0
Ezreal/Seraphine (PZ/SI),Janna (IO/PZ),0,1,0
Garen/Shen (DE/IO),Janna/Nilah (BW/PZ),0,1,0
Braum/Sejuani (FR/SI),Annie/Jhin (RU/NX),0,1,0
Caitlyn/Janna/Teemo (FR/PZ),Ashe/Janna (FR/PZ),0,1,0
Caitlyn/Ezreal (BC/PZ),Ashe/Janna (FR/PZ),0,1,0
Ashe/Janna (FR/PZ),Caitlyn (NX/PZ),0,1,0
Aphelios/Ezreal (MT/PZ),Janna/Jinx (NX/PZ),0,1,0
Ezreal/Seraphine (PZ/SI),Bard/Norra (BC/RU),0,1,0
Bard/Norra (BC/RU),Draven/Katarina (IO/NX),0,1,0
Bard/Norra (BC/RU),Janna/Master Yi (IO/PZ),0,1,0
Annie/Jhin (RU/NX),Bard/Norra (BC/RU),0,1,0
Championless (SI/SH),Norra (BC/SI),0,1,0
Janna/Master Yi (IO/PZ),Caitlyn/Janna (BC/PZ),0,1,0
Akshan/Ekko (PZ/SH),Fiora/Udyr (DE/FR),0,1,0
Gnar/Sejuani (BC/FR),Leona/Sivir (MT/SH),0,1,0
Gnar/Sejuani (BC/FR),Fiora/Udyr (DE/FR),0,1,0
Akshan/Lulu (IO/SH),Darius/Gnar (FR/NX),0,1,0
Lissandra (DE/FR),Nilah/Twisted Fate (BW/PZ),0,1,0
Irelia/Norra (BC/IO),Nilah/Twisted Fate (BW/PZ),0,1,0
Nidalee (BC/SH),Caitlyn/Norra (BC/PZ),0,1,0
Irelia/Kennen (BC/IO),Hecarim/Zed (IO/SI),0,1,0
Zoe (BC/MT),Gwen/Kalista (MT/SI),0,1,0
Evelynn/Norra (BC/RU),Nami/Udyr (BW/FR),0,1,0
Nidalee (BC/SH),Shen/Udyr (FR/IO),0,1,0
Caitlyn/Norra (BC/PZ),Braum/Zoe (FR/MT),0,1,0
Caitlyn/Norra (BC/PZ),Fiora/Pantheon (DE/MT),0,1,0
Udyr/Zoe (FR/MT),Fizz/Gnar (BC/PZ),0,1,0
Katarina/Miss Fortune (BW/NX),Zoe (BC/MT),0,1,0
Katarina/LeBlanc/Miss Fortune (BW/NX),Ezreal/Seraphine (PZ/SI),0,1,0
Bard/Braum (RU/FR),Garen/Udyr (DE/FR),0,1,0
Janna/Master Yi (IO/PZ),Ashe/Janna (FR/PZ),0,1,0
Ekko/Jhin (RU/PZ),Diana/Leona (MT/SH),0,1,0
Darius/Udyr (FR/NX),Ekko/Jhin (RU/PZ),0,1,0
Udyr/Zoe (FR/MT),Championless (NX/SI),0,1,0
Zoe (BC/MT),Akshan/Sivir (DE/SH),0,1,0
Darius/Ezreal (NX/PZ),Ashe/LeBlanc (FR/NX),0,1,0
Diana/Leona (MT/SH),Braum (FR/MT),0,1,0
Gwen (BW/SI),Fiora/Zoe (DE/MT),0,1,0
Fiora/Zoe (DE/MT),Ashe (DE/FR),0,1,0
Janna/Master Yi/Seraphine (IO/PZ),Seraphine/Twisted Fate (BW/PZ),0,1,0
Janna/Master Yi/Seraphine (IO/PZ),Nilah/Twisted Fate (BW/PZ),0,1,0
Seraphine/Swain (NX/PZ),Janna/Master Yi/Seraphine (IO/PZ),0,1,0
Swain/Twisted Fate (BW/NX),Janna/Master Yi/Seraphine (IO/PZ),0,1,0
Fiora/Shen (DE/IO),Katarina/Miss Fortune (BW/NX),0,1,0
Lissandra (FR/SH),Championless (PZ/SI),0,1,0
Yasuo (IO/MT),Nidalee (BC/SH),0,1,0
Udyr/Zoe (FR/MT),Nidalee (BC/SH),0,1,0
Jhin/Jinx (RU/PZ),Nidalee (BC/SH),0,1,0
Garen/Vayne (DE),Yasuo (IO/MT),0,1,0
Janna (FR/PZ),Swain/Yasuo (IO/NX),0,1,0
Caitlyn/Swain (NX/PZ),Championless (NX/SI),0,1,0
Irelia/Norra (BC/IO),Ashe (FR/PZ),0,1,0
Samira/Sejuani (FR/NX),Garen/Udyr (DE/FR),0,1,0
Ezreal (IO/PZ),Yasuo (IO/MT),0,1,0
Jhin/Jinx (RU/PZ),Championless (SI),0,1,0
Jhin/Jinx (RU/PZ),Ezreal/Seraphine (PZ/SI),0,1,0
Lucian/Lux: Illuminated (DE/IO),Ezreal/Seraphine (PZ/SI),0,1,0
Lissandra (DE/FR),Irelia/Norra (BC/IO),0,1,0
Gwen (FR/SI),Garen (DE/FR),0,1,0
Nilah/Twisted Fate (BW/PZ),Championless (NX/SI),0,1,0
Gwen (SI/SH),Gnar/Nidalee (BC/SH),0,1,0
Braum/Zoe (FR/MT),Annie/Katarina (NX),0,1,0
Nilah/Twisted Fate (BW/PZ),Braum/Udyr (FR),0,1,0
Janna (IO/PZ),Swain/Twisted Fate (BW/NX),0,1,0
Gnar/Jinx/Sejuani (FR/PZ),Ashe/LeBlanc (FR/NX),0,1,0
Caitlyn (FR/PZ),Swain/Yasuo (IO/NX),0,1,0
Fiora/Shen (DE/IO),Teemo/Tristana (BC/NX),0,1,0
Akshan/Sivir (DE/SH),Caitlyn (FR/PZ),0,1,0
Caitlyn (FR/PZ),Master Yi/Udyr (FR/IO),0,1,0
Yasuo (IO/MT),Garen (DE/FR),0,1,0
Caitlyn/Norra (BC/PZ),Ashe/Janna (FR/PZ),0,1,0
Master Yi/Udyr (FR/IO),LeBlanc/Sivir (NX/SH),0,1,0
Janna (FR/PZ),Evelynn/Kai'Sa (RU/SH),0,1,0
Annie/Sejuani (FR/NX),Janna (FR/PZ),0,1,0
Bard/Janna (RU/PZ),Annie/Sejuani (FR/NX),0,1,0
Akshan/Sivir (DE/SH),Udyr/Zed (FR/IO),0,1,0
Annie/Katarina (NX),Ezreal/Seraphine (IO/PZ),0,1,0
Championpile (DE/SH),Nidalee (BC/SH),0,1,0
LeBlanc/Sivir (NX/SH),Championless (FR/SI),0,1,0
Janna (IO/PZ),Ezreal (IO/PZ),0,1,0
Ekko/Nilah/Twisted Fate (BW/PZ),Janna (IO/PZ),0,1,0
Championless (BC/IO),Janna (PZ/SI),0,1,0
Nami/Udyr (BW/FR),Darius/Gnar (FR/NX),0,1,0
Katarina/Yasuo (IO/NX),Darius/Gnar/LeBlanc (FR/NX),0,1,0
Udyr/Zoe (FR/MT),Darius/Gwen/Hecarim (NX/SI),0,1,0
Darius/Gwen/Hecarim (NX/SI),Akshan/Master Yi (IO/SH),0,1,0
Ashe/LeBlanc (FR/NX),Braum/Zed (FR/IO),0,1,0
Gnar/LeBlanc (FR/NX),Udyr/Zoe (FR/MT),0,1,0
Ekko/Master Yi (IO/PZ),Sejuani/Teemo (FR/PZ),0,1,0
Ezreal (IO/PZ),Sejuani/Teemo (FR/PZ),0,1,0
Bard/Norra (BC/RU),Akshan/Master Yi (IO/SH),0,1,0
Gwen (FR/SI),Akshan/Sivir (FR/SH),0,1,0
Udyr/Zoe (FR/MT),Caitlyn/Teemo (FR/PZ),0,1,0
Lux: Illuminated/Samira (DE/NX),Udyr/Zoe (FR/MT),0,1,0
Udyr/Zoe (FR/MT),Gwen/Katarina (NX/SI),0,1,0
Zoe (BC/MT),Ashe/LeBlanc (FR/NX),0,1,0
Zoe (BC/MT),Hecarim/Zed (IO/SI),0,1,0
Garen (DE/SH),Akshan/Renekton (SH),0,1,0
Nilah/Twisted Fate (BW/PZ),Caitlyn/Ezreal (BC/PZ),0,1,0
Aphelios/Udyr (FR/MT),Ashe/Sejuani (FR/SI),0,1,0
Ekko/Nilah/Twisted Fate (BW/PZ),Janna/Nilah (BW/PZ),0,1,0
Akshan/Master Yi (IO/SH),Janna/Master Yi (IO/PZ),0,1,0
Caitlyn/Teemo (FR/PZ),Aphelios/Zoe (IO/MT),0,1,0
Darius/Gnar (FR/NX),Caitlyn/Teemo (FR/PZ),0,1,0
Jhin/Jinx (RU/PZ),Caitlyn/Teemo (FR/PZ),0,1,0
Katarina/Miss Fortune (BW/NX),Akshan/Sivir (DE/SH),0,1,0
Braum/Sejuani (BW/FR),Katarina/Miss Fortune (BW/NX),0,1,0
Caitlyn/Katarina (NX/PZ),LeBlanc/Sivir (NX/SH),0,1,0
Akshan/Pantheon/Zoe (MT/SH),LeBlanc/Sivir (NX/SH),0,1,0
Ekko/Master Yi (IO/PZ),Ashe (FR/NX),0,1,0
Caitlyn/Teemo (FR/PZ),Lux: Illuminated/Samira (DE/NX),0,1,0
Samira/Sejuani (FR/NX),Gnar/Sejuani (BC/FR),0,1,0
Kalista/Norra (BC/SI),Nidalee (BC/SH),0,1,0
Kalista/Norra (BC/SI),Ezreal/Teemo (BC/PZ),0,1,0
Akshan/Renekton (SH),Darius/Gnar (FR/NX),0,1,0
Akshan/Pantheon/Zoe (MT/SH),Darius/Gnar (FR/NX),0,1,0
Akshan/Pantheon/Zoe (MT/SH),Ezreal/Seraphine (BC/PZ),0,1,0
Championless (NX/SI),Ezreal/Seraphine (PZ/SI),0,1,0
Akshan/Sivir (DE/SH),Championless (SI),0,1,0
Ezreal/Twisted Fate (BW/PZ),Championless (PZ/SI),0,1,0
Udyr/Zed (FR/IO),Gwen (FR/SI),0,1,0
Draven/Jinx (NX/PZ),Gwen (FR/SI),0,1,0
Gwen/Katarina (NX/SI),Ekko/Nilah/Twisted Fate (BW/PZ),0,1,0
Samira/Sejuani (FR/NX),Ezreal/Teemo (BC/PZ),0,1,0
Akshan/Samira (NX/SH),Caitlyn/Katarina (NX/PZ),0,1,0
Ezreal/Teemo (BC/PZ),Kalista (SI),0,1,0
Ezreal/Twisted Fate (BW/PZ),Seraphine/Twisted Fate (BW/PZ),0,1,0
Ezreal/Twisted Fate (BW/PZ),Ezreal (IO/PZ),0,1,0
Braum/Udyr (FR),Akshan/Master Yi (IO/SH),0,1,0
Akshan/Master Yi (IO/SH),Ezreal (FR/PZ),0,1,0
Udyr/Zoe (FR/MT),Ezreal (FR/PZ),0,1,0
Championless (BW/FR),Championless (SI),0,1,0
Ezreal/Teemo (BC/PZ),Akshan/Sivir (DE/SH),0,1,0
Akshan/Pantheon/Zoe (MT/SH),Ezreal/Twisted Fate (BW/PZ),0,1,0
Darius/Ezreal (NX/PZ),Seraphine/Twisted Fate (BW/PZ),0,1,0
Championless (IO/PZ),Kalista (SI),0,1,0
Sejuani/Swain (FR/NX),Akshan/Sivir (DE/SH),0,1,0
Ekko/Master Yi (IO/PZ),Championless (SI),0,1,0
Master Yi/Nami (BW/IO),Udyr/Zed (FR/IO),0,1,0
Akshan/Janna (PZ/SH),Akshan/Udyr (FR/SH),0,1,0
Akshan/Udyr (FR/SH),Seraphine/Twisted Fate (BW/PZ),0,1,0
Nidalee (BC/SH),Elise/Gwen (NX/SI),0,1,0
Janna (IO/PZ),Ashe/Ezreal (FR/PZ),0,1,0
Nilah/Samira (BW/NX),Udyr (DE/FR),0,1,0
Janna/Nilah (BW/PZ),Udyr (DE/FR),0,1,0
Akshan/Udyr (FR/SH),Evelynn/Norra (BC/RU),0,1,0
Ezreal (FR/PZ),Ezreal/Seraphine (PZ/SI),0,1,0
Bard/Braum (RU/FR),Annie/Jhin (RU/NX),0,1,0
Darius/Udyr (FR/NX),Pantheon/Zoe (FR/MT),0,1,0
Fizz (BW/FR),Norra/Zoe (BC/MT),0,1,0
Yasuo (IO/MT),Garen/Lux: Illuminated (DE/IO),0,1,0
Ezreal/Seraphine (PZ/SI),Irelia/Kalista (IO/SI),0,1,0
Akshan/Aphelios (MT/SH),Yasuo (IO/MT),0,1,0
Caitlyn/Teemo (BC/PZ),Irelia/Kalista (IO/SI),0,1,0
Irelia/Kalista (IO/SI),Akshan/Sivir (FR/SH),0,1,0
Irelia/Kalista (IO/SI),Braum/Zoe (FR/MT),0,1,0
Irelia/Kalista (IO/SI),Ashe/LeBlanc (FR/NX),0,1,0
Irelia/Lucian (DE/IO),Kalista (SI),0,1,0
Nilah/Twisted Fate (BW/PZ),Irelia/Lucian (DE/IO),0,1,0
Irelia/Lucian (DE/IO),Yasuo (IO/MT),0,1,0
Irelia/Lucian (DE/IO),Katarina/Miss Fortune (BW/NX),0,1,0
Ezreal (IO/PZ),Udyr/Zoe (FR/MT),0,1,0
Akshan/Aphelios (MT/SH),Udyr/Zoe (FR/MT),0,1,0
Ezreal/Seraphine (BC/PZ),Udyr/Zoe (FR/MT),0,1,0
Ezreal/Miss Fortune (BW/PZ),Irelia/Zed (IO/PZ),0,1,0
Zoe (IO/MT),Caitlyn/Swain (NX/PZ),0,1,0
Championless (FR),Garen (DE/FR),0,1,0
Annie/Jhin (RU/NX),Garen (DE/FR),0,1,0
Fiora/Shen (DE/IO),Norra/Zoe (BC/MT),0,1,0
Ezreal/Yasuo (IO/PZ),Norra/Zoe (BC/MT),0,1,0
Akshan/Aphelios (MT/SH),Katarina/Miss Fortune (BW/NX),0,1,0
Ahri/Kennen (BC/IO),Lux: Illuminated/Samira (DE/NX),0,1,0
Championless (SI),Ashe (DE/FR),0,1,0
Ashe/Fiora (DE/FR),Garen (DE/SH),0,1,0
Ahri/Kennen (BC/IO),Bard/Caitlyn/Teemo (RU/PZ),0,1,0
Kalista/Lucian (DE/SI),Annie/Jhin (RU/NX),0,1,0
Aphelios/Zoe (IO/MT),Aphelios/Zoe (BC/MT),0,1,0
Fizz/Nami (BC/BW),Ashe/Darius (FR/NX),0,1,0
Nidalee (BC/SH),Darius/Draven (NX),0,1,0
Ezreal/Yasuo (IO/PZ),Darius/Draven (IO/NX),0,1,0
Fiora/Shen (DE/IO),Udyr (DE/FR),0,1,0
Braum/Udyr (FR),Braum/Zoe (FR/MT),0,1,0
Caitlyn/Katarina (NX/PZ),Braum/Udyr (FR),0,1,0
Akshan/Master Yi (IO/SH),Evelynn/Nidalee (RU/SH),0,1,0
Darius/Udyr (FR/NX),Yasuo (IO/MT),0,1,0
Akshan/Ekko (PZ/SH),Ezreal/Yasuo (IO/PZ),0,1,0
Ezreal (IO/PZ),Evelynn/Nidalee (RU/SH),0,1,0
Ezreal (IO/PZ),Lux: Illuminated/Samira (DE/NX),0,1,0
Bard/Caitlyn/Teemo (RU/PZ),Ashe/LeBlanc (FR/NX),0,1,0
Ezreal/Twisted Fate (BW/PZ),Aphelios/Udyr (FR/MT),0,1,0
Ezreal/Twisted Fate (BW/PZ),Swain/Twisted Fate (BW/NX),0,1,0
Fizz/Nami (BC/BW),Akshan/Pantheon/Zoe (MT/SH),0,1,0
Lux: Illuminated/Samira (DE/NX),Nidalee (BC/SH),0,1,0
Ezreal/Janna (BW/PZ),Ashe/LeBlanc (FR/NX),0,1,0
Akshan/Pantheon/Zoe (MT/SH),Irelia/Zed (IO/PZ),0,1,0
Akshan/Ekko (PZ/SH),Janna/Nilah (BW/PZ),0,1,0
Braum/Garen (DE/FR),Akshan/Ekko (PZ/SH),0,1,0
Janna/Master Yi (IO/PZ),Gwen/Kalista (SI),0,1,0
Swain/Yasuo (IO/NX),Braum/Lux: Illuminated (DE/FR),0,1,0
Ashe/Sejuani (FR/SI),Janna (IO/PZ),0,1,0
Irelia/Kalista (IO/SI),Caitlyn/Norra (BC/PZ),0,1,0
Darius/Draven (NX),Swain/Yasuo (IO/NX),0,1,0
Katarina/Yasuo (IO/NX),Lulu/Zed (DE/IO),0,1,0
Swain/Udyr (FR/NX),Kalista (SI),0,1,0
Irelia/Zed (IO/SI),Braum/Zoe (FR/MT),0,1,0
Master Yi/Samira (IO/NX),Ashe/LeBlanc (FR/NX),0,1,0
Janna/Seraphine (IO/PZ),Championless (SI),0,1,0
Katarina/Yasuo (IO/NX),Championless (BW/SI),0,1,0
Championless (MT/SI),Pantheon/Zoe (FR/MT),0,1,0
Irelia/Zed (IO/SI),Ezreal/Seraphine (PZ/SI),0,1,0
Akshan/Sivir (FR/SH),Garen/Udyr (DE/FR),0,1,0
Darius/Draven (NX),Gwen/Zed (IO/SI),0,1,0
Irelia/Zed (IO/SI),Kalista (SI),0,1,0
Irelia/Zed (IO/SI),Darius/Draven (NX),0,1,0
Irelia/Zed (IO/SI),Ezreal/Seraphine (IO/PZ),0,1,0
Fizz/Nami (BC/BW),Irelia/Zed (IO/SI),0,1,0
Irelia/Kalista (IO/SI),Kai'Sa/Pantheon (MT/SH),0,1,0
Ashe/LeBlanc (FR/NX),Nocturne/Norra (BC/SI),0,1,0
Gwen/Vayne (DE/SI),Janna/Master Yi (IO/PZ),0,1,0
Quinn/Vayne (DE/NX),Master Yi/Udyr (FR/IO),0,1,0
Quinn/Vayne (DE/NX),Ashe/Darius (FR/NX),0,1,0
Caitlyn/Swain (NX/PZ),Quinn/Vayne (DE/NX),0,1,0
Quinn/Vayne (DE/NX),Championless (MT/SI),0,1,0
Aphelios/Zoe (MT/SI),Lux: Illuminated/Shen (DE/IO),0,1,0
Darius/Draven (NX),Akshan/Kai'Sa (DE/SH),0,1,0
Akshan/Kai'Sa (DE/SH),Master Yi/Zoe (IO/MT),0,1,0
Gwen/Vayne (DE/SI),Akshan (SH),0,1,0
Annie/Jhin (RU/NX),Darius/Draven (IO/NX),0,1,0
Championless (PZ/SI),Lulu/Zed (DE/IO),0,1,0
Championless (PZ/SI),Fizz/Master Yi (BC/IO),0,1,0
Udyr (DE/FR),Championless (PZ/SI),0,1,0
Championless (FR),Swain/Twisted Fate (BW/NX),0,1,0
Swain/Twisted Fate (BW/NX),Irelia/Zed (IO/PZ),0,1,0
Nocturne/Norra (BC/SI),Master Yi/Udyr (FR/IO),0,1,0
Gwen/Zed (IO/SI),Irelia/Zed (IO/PZ),0,1,0
Leona/Sivir (MT/SH),Ezreal/Seraphine (IO/PZ),0,1,0
Akshan/Sivir (DE/SH),Kalista (SI),0,1,0
Darius/Draven (FR/NX),Ashe (FR/PZ),0,1,0
Garen/Leona (DE/MT),LeBlanc/Sivir (NX/SH),0,1,0
Championless (FR),Gwen/LeBlanc (NX/SI),0,1,0
Gwen/Zed (IO/SI),Ezreal/Seraphine (IO/PZ),0,1,0
Darius/LeBlanc (FR/NX),Aphelios (FR/MT),0,1,0
Akshan/Pantheon/Zoe (MT/SH),Nidalee (BC/SH),0,1,0
Gnar/Sejuani (BC/FR),Akshan/Udyr (FR/SH),0,1,0
Annie/Samira (FR/NX),Annie/Jhin (RU/NX),0,1,0
Annie/Samira (FR/NX),Darius/Draven (FR/NX),0,1,0
Samira/Sejuani (FR/NX),Darius/Draven (FR/NX),0,1,0
Samira/Sejuani (FR/NX),Championless (FR/NX),0,1,0
Darius (NX),Katarina/Yasuo (IO/NX),0,1,0
Lux: Illuminated/Samira (DE/NX),Janna/Twisted Fate (BW/PZ),0,1,0
Janna/Twisted Fate (BW/PZ),Akshan/Renekton (SH),0,1,0
Janna/Twisted Fate (BW/PZ),Akshan/Garen (DE/SH),0,1,0
Darius/Draven (FR/NX),Championless (FR),0,1,0
Darius/LeBlanc (BW/NX),Darius/Draven (FR/NX),0,1,0
Ashe/LeBlanc (FR/NX),Caitlyn/Katarina (NX/PZ),0,1,0
Garen/Miss Fortune/Quinn (BW/DE),Caitlyn/Katarina (NX/PZ),0,1,0
Caitlyn/Katarina (NX/PZ),Udyr (FR/MT),0,1,0
Caitlyn/Katarina (NX/PZ),Championless (SI/SH),0,1,0
Annie/Jhin (RU/NX),Gwen/Katarina (NX/SI),0,1,0
Irelia/Zed (IO/PZ),Ezreal/Seraphine (PZ/SI),0,1,0
Darius (FR/NX),Irelia/Zed (IO/PZ),0,1,0
Akshan/Garen (DE/SH),Ezreal/Seraphine (IO/PZ),0,1,0
Neeko/Samira (RU/NX),Braum/Zoe (FR/MT),0,1,0
Katarina/Samira (BW/NX),Braum/Zoe (FR/MT),0,1,0
Elise/Evelynn (RU/SI),Braum/Zoe (FR/MT),0,1,0
Braum/Sejuani (FR/NX),Caitlyn/Katarina (NX/PZ),0,1,0
Braum/Sejuani (FR/NX),Braum/Zoe (FR/MT),0,1,0
Yasuo (IO/MT),Championless (FR),0,1,0
Ashe/Udyr (FR/PZ),Championless (SI),0,1,0
Braum (FR),Yasuo (FR/IO),0,1,0
Draven/Nami (BW/NX),Katarina/Yasuo (IO/NX),0,1,0
Fizz/Nami (BC/BW),Leona/Yasuo (IO/MT),0,1,0
Nidalee (BC/SH),Caitlyn/Katarina (NX/PZ),0,1,0
Fiora/Udyr (DE/FR),Caitlyn/Katarina (NX/PZ),0,1,0
Nidalee/Renekton (FR/SH),Fizz/Master Yi (BC/IO),0,1,0
Janna/Twisted Fate (BW/PZ),Braum (FR/IO),0,1,0
Caitlyn/Katarina (NX/PZ),Akshan/Zoe (MT/SH),0,1,0
Akshan/Master Yi (IO/SH),Akshan/Pantheon (MT/SH),0,1,0
Samira/Sejuani (FR/NX),Darius/Gwen (NX/SI),0,1,0
Championless (FR),Katarina/Yasuo (IO/NX),0,1,0
Janna (FR/PZ),Akshan/Master Yi (IO/SH),0,1,0
Leona/Yasuo (IO/MT),Gwen/Kalista (NX/SI),0,1,0
Aphelios/Diana (MT),Championless (SI),0,1,0
Caitlyn/Teemo (BC/PZ),Ezreal/Seraphine (PZ/SI),0,1,0
Nami/Udyr (BW/FR),Janna (PZ/SI),0,1,0
Kalista (SI),Ezreal/Seraphine (PZ/SI),0,1,0
Ezreal/Seraphine (PZ/SI),Garen/Udyr (DE/FR),0,1,0
Janna/Jhin (RU/PZ),Aphelios/Diana (MT),0,1,0
Gwen/Zed (IO/SI),Caitlyn/Teemo (BC/PZ),0,1,0
Fizz/Master Yi (BC/IO),Championless (FR/MT),0,1,0
Championless (BW/FR),Fizz/Nami (BC/BW),0,1,0
Swain/Twisted Fate (BW/NX),Championless (BW/FR),0,1,0
Nilah/Twisted Fate (BW/PZ),Caitlyn/Teemo (FR/PZ),0,1,0
Ahri/Ezreal/Janna (IO/PZ),Janna/Master Yi (IO/PZ),0,1,0
Janna/Norra (BC/PZ),Ahri/Ezreal/Janna (IO/PZ),0,1,0
Ahri/Ezreal/Janna (IO/PZ),Annie/Jhin (RU/NX),0,1,0
Akshan/Master Yi (IO/SH),Championless (DE/SI),0,1,0
Ahri/Kennen (BC/IO),Fiora/Pantheon (DE/MT),0,1,0
Leona/Yasuo (IO/MT),Katarina/Master Yi/Zed (IO/NX),0,1,0
Ashe (FR/PZ),Samira/Sejuani (FR/NX),0,1,0
Championless (DE/SI),Ezreal/Seraphine (BC/PZ),0,1,0
Katarina/Yasuo (IO/NX),Championless (DE/SI),0,1,0
Norra (BC/FR),Championless (DE/SI),0,1,0
Fiora/Shen (DE/IO),Bard/Norra (BC/RU),0,1,0
Fizz/Nami (BC/BW),Fizz/Master Yi (BC/IO),0,1,0
Janna/Twisted Fate (BW/PZ),Fizz/Nami (BC/BW),0,1,0
Aphelios/Kai'Sa/Pantheon (MT/SH),Swain/Twisted Fate (BW/NX),0,1,0
Katarina/Master Yi/Zed (IO/NX),Nilah/Twisted Fate (BW/PZ),0,1,0
Draven/Katarina (IO/NX),Akshan/Master Yi (IO/SH),0,1,0
Shen/Sivir (IO/SH),Akshan/Yasuo (IO/SH),0,1,0
Championpile (PZ/SH),Shen/Sivir (IO/SH),0,1,0
Katarina/Yasuo (IO/NX),Gwen/Kalista (NX/SI),0,1,0
Caitlyn/Teemo (BC/PZ),Gwen/Kalista (NX/SI),0,1,0
Championpile (PZ/SH),Garen/Katarina (DE/NX),0,1,0
Ahri/Kennen (BC/IO),Norra (BC/FR),0,1,0
Fizz/Master Yi (BC/IO),Sejuani/Swain (FR/NX),0,1,0
Garen/Udyr (DE/FR),Katarina/Swain (NX/PZ),0,1,0
Master Yi/Nidalee (IO/SH),Ashe/LeBlanc (FR/NX),0,1,0
Kai'Sa/Pantheon (MT/SH),Ashe (FR/NX),0,1,0
Braum/Kalista (FR/SI),Janna/Master Yi (IO/PZ),0,1,0
Nami/Nilah (BW/SI),Akshan/Kai'Sa (DE/SH),0,1,0
Akshan/Udyr (FR/SH),Ezreal/Nilah (BW/PZ),0,1,0
Ezreal/Seraphine (PZ/SI),Fizz/Nami (BC/BW),0,1,0
Ezreal/Seraphine (PZ/SI),Braum/Kalista (FR/SI),0,1,0
Bard/Caitlyn (RU/PZ),Garen/Udyr (DE/FR),0,1,0
Ashe/Lissandra (FR/SH),Championless (SI),0,1,0
Bard/Caitlyn (RU/PZ),Gnar/Sejuani (BC/FR),0,1,0
Ashe/LeBlanc (FR/NX),Braum/Kalista (FR/SI),0,1,0
Sejuani/Zoe (FR/MT),Fiora/Pantheon (DE/MT),0,1,0
Aphelios/Kai'Sa/Pantheon (MT/SH),Fiora/Pantheon (DE/MT),0,1,0
Ezreal/Yasuo (IO/PZ),Janna/Norra (BC/PZ),0,1,0
Akshan/Kai'Sa (DE/SH),Braum/Zoe (FR/MT),0,1,0
Janna (PZ/SI),Sejuani (FR/NX),0,1,0
Janna (PZ/SI),Ekko (IO/PZ),0,1,0
LeBlanc/Sivir (NX/SH),Sejuani/Zoe (FR/MT),0,1,0
Akshan/Pantheon/Zoe (MT/SH),Bard/Caitlyn (RU/PZ),0,1,0
Bard/Caitlyn (RU/PZ),Sejuani/Swain (FR/NX),0,1,0
Samira/Sejuani (FR/NX),Akshan/Yasuo (IO/SH),0,1,0
Lulu/Lux: Illuminated (DE/IO),Fizz/Nami (BC/BW),0,1,0
Braum/Swain (FR/NX),Akshan/Yasuo (IO/SH),0,1,0
Garen (DE/FR),Bard/Caitlyn (RU/PZ),0,1,0
Ekko (IO/PZ),Akshan/Udyr (FR/SH),0,1,0
Fiora/Shen (DE/IO),Ekko (IO/PZ),0,1,0
Hecarim/Zed (IO/SI),Braum/Udyr (FR/SI),0,1,0
Ashe/Braum/LeBlanc (FR/NX),Ezreal/Seraphine (IO/PZ),0,1,0
Leona (MT/NX),Ashe/Braum/LeBlanc (FR/NX),0,1,0
Ashe/LeBlanc (FR/NX),Sejuani (FR/NX),0,1,0
Braum/Swain/Udyr (FR/NX),Shen/Sivir (IO/SH),0,1,0
Bard/Caitlyn/Teemo (RU/PZ),Garen (DE/FR),0,1,0
Ezreal/Twisted Fate (BW/PZ),Leona (MT/NX),0,1,0
Akshan/Udyr (FR/SH),Braum/Udyr (FR/SI),0,1,0
Garen (DE/FR),Katarina/Yasuo (IO/NX),0,1,0
Leona (MT/NX),Katarina/Yasuo (IO/NX),0,1,0
Katarina/Swain (NX/PZ),Fizz/Nami (BC/BW),0,1,0
Nidalee (BC/SH),Kai'Sa/Pantheon (MT/SH),0,1,0
Darius (NX),Janna/Master Yi (IO/PZ),0,1,0
Janna (PZ/SI),Janna/Master Yi (IO/PZ),0,1,0
Fizz/Nami (BC/BW),Kennen/Neeko (IO/RU),0,1,0
Shen/Udyr (FR/IO),Annie/Jhin (RU/NX),0,1,0
Caitlyn/Swain (NX/PZ),Pantheon/Vayne (DE/MT),0,1,0
Udyr (DE/FR),Championless (BW/FR),0,1,0
Udyr (DE/FR),Darius (NX),0,1,0
Braum/Udyr (FR/MT),Kalista (SI),0,1,0
Katarina/Miss Fortune (BW/NX),Aphelios/Zoe (MT/PZ),0,1,0
Ezreal/Seraphine (PZ/SI),Ashe/Ekko (FR/PZ),0,1,0
Darius (NX),Kalista (SI),0,1,0
Ashe/Caitlyn (FR/PZ),Darius (NX),0,1,0
Nami/Zoe (BW/MT),Ashe/Caitlyn (FR/PZ),0,1,0
Braum/Udyr (FR/NX),Nami/Zoe (BW/MT),0,1,0
Master Yi/Nami (BW/IO),Nami/Zoe (BW/MT),0,1,0
Janna (PZ/SI),Jhin/Kennen (BC/RU),0,1,0
Yasuo (IO/MT),Braum/Udyr (FR/NX),0,1,0
Janna (PZ/SI),Garen/Neeko (DE/RU),0,1,0
Nidalee (BC/SH),Garen/Neeko (DE/RU),0,1,0
Caitlyn (BC/PZ),Aphelios/Zoe (MT/PZ),0,1,0
Braum (FR/MT),Championless (BW/NX),0,1,0
Championless (BW/NX),Darius (NX),0,1,0
Janna (PZ/SI),Kalista/Norra (BC/SI),0,1,0
Ashe (FR/NX),Akshan/Kai'Sa (DE/SH),0,1,0
Ezreal (MT/PZ),Annie/Jhin (RU/NX),0,1,0
Ekko/Nilah/Twisted Fate (BW/PZ),Annie/Jhin (RU/NX),0,1,0
Nidalee (BC/SH),Shen/Sivir (IO/SH),0,1,0
Darius (NX),Ashe (FR/PZ),0,1,0
Twisted Fate (BW/PZ),Championless (SI),0,1,0
Gwen/Udyr (FR/SI),Championless (SI),0,1,0
Swain/Twisted Fate (BW/NX),Annie/Miss Fortune (BW/NX),0,1,0
Pantheon/Vayne (DE/MT),Ekko/Nilah/Twisted Fate (BW/PZ),0,1,0
Braum (DE/FR),Fizz/Nami (BC/BW),0,1,0
Swain/Twisted Fate (BW/NX),Master Yi/Zed (IO/NX),0,1,0
Ashe/Darius (FR/NX),Braum/Udyr (FR/MT),0,1,0
Gwen/Udyr (FR/SI),Darius (NX),0,1,0
Janna/Master Yi/Seraphine (IO/PZ),Gwen/Udyr (FR/SI),0,1,0
Braum/Zoe (FR/MT),Braum/Udyr (FR/MT),0,1,0
Gwen/Udyr (FR/SI),Ezreal/Twisted Fate (BW/PZ),0,1,0
Aphelios/Zoe (MT/PZ),Championless (SI),0,1,0
Janna (IO/PZ),Ashe/Braum/LeBlanc (FR/NX),0,1,0
Fiora/Vayne (DE/IO),Aphelios/Zoe (MT/PZ),0,1,0
Braum/Swain/Udyr (FR/NX),Aphelios/Zoe (MT/PZ),0,1,0
Lulu/Zed (BC/IO),Swain/Twisted Fate (BW/NX),0,1,0
Pantheon/Udyr (FR/MT),Twisted Fate (BW/PZ),0,1,0
Ezreal/Twisted Fate (BW/PZ),Gwen/Hecarim (SI/SH),0,1,0
Master Yi/Udyr (FR/IO),Evelynn/Nidalee (RU/SH),0,1,0
Akshan/Sivir (SH),Braum (FR/MT),0,1,0
Annie/Jhin (RU/NX),Akshan/Seraphine (PZ/SH),0,1,0
Kalista (SI),Pantheon/Samira (MT/NX),0,1,0
Vayne/Zed (DE/IO),Ekko/Nilah/Twisted Fate (BW/PZ),0,1,0
Janna/Master Yi (IO/PZ),LeBlanc/Udyr (FR/NX),0,1,0
Hecarim/Zed (IO/SI),Swain/Twisted Fate (BW/NX),0,1,0
Darius/Sejuani (FR/NX),Ahri/Kennen (BC/IO),0,1,0
Neeko/Samira (RU/NX),Ashe/LeBlanc (FR/NX),0,1,0
Seraphine (BW/PZ),Braum/Zoe (FR/MT),0,1,0
Katarina/Miss Fortune (BW/NX),Lissandra (FR/SI),0,1,0
Leona/Yasuo (IO/MT),Katarina/Miss Fortune (BW/NX),0,1,0
Gnar/Tristana (BC/BW),LeBlanc/Udyr (FR/NX),0,1,0
Sejuani/Swain (FR/NX),Janna/Nilah (BW/PZ),0,1,0
Championless (IO/PZ),Darius/Gnar (FR/NX),0,1,0
Akshan/Master Yi (IO/SH),Championless (IO/PZ),0,1,0
Pantheon/Udyr (FR/MT),Championless (IO/PZ),0,1,0
Draven/Nami (BW/NX),Jhin/Kennen (BC/RU),0,1,0
Caitlyn (NX/PZ),Jhin/Kennen (BC/RU),0,1,0
Championless (SI),Lissandra (FR/SI),0,1,0
Lulu/Tristana (BC/IO),Nilah/Twisted Fate (BW/PZ),0,1,0
Yasuo (IO/MT),Neeko/Nidalee (RU/SH),0,1,0
Hecarim/Lucian (DE/SI),Aphelios/Udyr (FR/MT),0,1,0
Nilah/Twisted Fate (BW/PZ),Hecarim/Lucian (DE/SI),0,1,0
Kalista (SI),Lissandra (FR/SI),0,1,0
Caitlyn (NX/PZ),Lissandra (FR/SI),0,1,0
Akshan/Fiora (DE/SH),Lissandra (FR/SI),0,1,0
Lissandra (FR/SI),Ekko/Nilah/Twisted Fate (BW/PZ),0,1,0
Samira (BW/NX),Aphelios/Zoe (MT/PZ),0,1,0
Championless (BW/NX),Fiora/Pantheon (DE/MT),0,1,0
Annie/Jhin (RU/NX),Nami/Samira (BW/NX),0,1,0
Ashe/Darius (FR/NX),Annie/Jhin (RU/NX),0,1,0
Darius/Gnar (FR/NX),Gwen/Udyr (FR/SI),0,1,0
LeBlanc/Sivir (NX/SH),Ekko/Nilah/Twisted Fate (BW/PZ),0,1,0
Janna/Master Yi/Seraphine (IO/PZ),Ekko/Nilah/Twisted Fate (BW/PZ),0,1,0
Ekko/Nilah/Twisted Fate (BW/PZ),Lulu/Shen (DE/IO),0,1,0
Gwen/Vayne (DE/SI),Ekko/Nilah/Twisted Fate (BW/PZ),0,1,0
Swain/Yasuo (IO/NX),Janna/Teemo/Udyr (FR/PZ),0,1,0
Janna/Master Yi/Seraphine (IO/PZ),Caitlyn (NX/PZ),0,1,0
Janna/Master Yi/Seraphine (IO/PZ),Lulu/Shen (DE/IO),0,1,0
Caitlyn (NX/PZ),Championless (FR/IO),0,1,0
Braum/Sejuani/Swain (FR/NX),Gwen/Vayne (DE/SI),0,1,0
Master Yi/Udyr (FR/IO),Nidalee (BC/SH),0,1,0
Braum/Zoe (FR/MT),Akshan/Pyke (BW/SH),0,1,0
Swain/Yasuo (IO/NX),Braum/Zed (FR/IO),0,1,0
Norra/Zoe (BC/MT),Neeko/Nidalee (RU/SH),0,1,0
Kai'Sa/Pantheon (MT/SH),Caitlyn (NX/PZ),0,1,0
Lulu/Neeko (IO/RU),Swain/Twisted Fate (BW/NX),0,1,0
Hecarim/Zed (IO/SI),Ekko/Nilah/Twisted Fate (BW/PZ),0,1,0
Akshan/Renekton (SH),Darius/Gwen/Hecarim (NX/SI),0,1,0
Zoe (BC/MT),Championless (PZ/SI),0,1,0
Zoe (BC/MT),Aphelios/Zoe (MT/PZ),0,1,0
Caitlyn/Swain (NX/PZ),Ekko/Nilah/Twisted Fate (BW/PZ),0,1,0
Nami/Zoe (BW/MT),Swain/Yasuo (IO/NX),0,1,0
Yasuo (IO/MT),Ezreal/Jinx (NX/PZ),0,1,0
Kai'Sa/Pantheon (MT/SH),Lulu/Shen (DE/IO),0,1,0
Championless (MT/SI),Janna (FR/PZ),0,1,0
Akshan/Udyr (FR/SH),Evelynn/Nidalee (RU/SH),0,1,0
Ezreal (NX/PZ),Gnar/Sejuani (BC/FR),0,1,0
Aphelios/Zoe (MT/PZ),Ashe/Caitlyn (FR/PZ),0,1,0
Championless (PZ/SI),Akshan/Pantheon (MT/SH),0,1,0
Gwen/Udyr (FR/SI),Ekko/Nilah/Twisted Fate (BW/PZ),0,1,0
Ekko/Nilah/Twisted Fate (BW/PZ),Braum/Udyr (FR/NX),0,1,0
Ezreal/Twisted Fate (BW/PZ),Sejuani/Swain (FR/NX),0,1,0
Ezreal/Janna (PZ/SI),Sejuani/Swain (FR/NX),0,1,0
Akshan/Fiora (DE/SH),Braum/Zoe (FR/MT),0,1,0
Kalista/Lucian (DE/SI),Braum/Zoe (FR/MT),0,1,0
Caitlyn/Swain/Teemo (NX/PZ),Fiora (DE/SH),0,1,0
Ezreal/Twisted Fate (BW/PZ),Kai'Sa/Pantheon (MT/SH),0,1,0
Bard/Norra (BC/RU),Kai'Sa/Pantheon (MT/SH),0,1,0
Annie/Jhin (RU/NX),Kalista/Vayne (DE/SI),0,1,0
Aphelios/Samira (MT/NX),Braum/Zoe (FR/MT),0,1,0
Ezreal/Jinx (NX/PZ),Ezreal/Twisted Fate (BW/PZ),0,1,0
Ezreal (NX/PZ),Lulu/Shen (DE/IO),0,1,0
Fiora/Shen (DE/IO),Ezreal/Janna (PZ/SI),0,1,0
Ezreal/Jinx (NX/PZ),Aphelios/Zoe (MT/PZ),0,1,0
Neeko/Nidalee (RU/SH),Ezreal/Jinx (NX/PZ),0,1,0
Caitlyn (NX/PZ),Janna/Master Yi (IO/PZ),0,1,0
Fizz/Nami (BC/BW),Caitlyn (NX/PZ),0,1,0
Annie/Ezreal/Swain (NX/PZ),Ashe/Braum/LeBlanc (FR/NX),0,1,0
Ashe/Braum/LeBlanc (FR/NX),Darius/Gnar (FR/NX),0,1,0
Ashe/Braum/LeBlanc (FR/NX),Gwen/Udyr (FR/SI),0,1,0
Ashe/Braum/LeBlanc (FR/NX),Nilah/Twisted Fate (BW/PZ),0,1,0
Lucian/Udyr (DE/FR),Sejuani/Swain (FR/NX),0,1,0
Championless (PZ/SI),Lucian/Udyr (DE/FR),0,1,0
Lucian/Udyr (DE/FR),Ezreal/Seraphine (BW/PZ),0,1,0
Braum (DE/FR),Ashe (FR/PZ),0,1,0
Aphelios/Zoe (IO/MT),LeBlanc/Sivir (NX/SH),0,1,0
Janna/Teemo/Udyr (FR/PZ),LeBlanc/Udyr (FR/NX),0,1,0
Akshan/Kai'Sa (DE/SH),Akshan/Sivir (FR/SH),0,1,0
Sejuani/Teemo (FR/PZ),Akshan/Sivir (FR/SH),0,1,0
Braum/Zoe (FR/MT),Championless (FR/MT),0,1,0
Championless (FR/MT),Braum (FR),0,1,0
Championless (FR/MT),Quinn/Udyr (DE/FR),0,1,0
Annie/Sejuani (FR/NX),Braum/Zoe (FR/MT),0,1,0
Quinn/Udyr (DE/FR),Aphelios/Diana (MT),0,1,0
Quinn/Udyr (DE/FR),Caitlyn/Teemo (BC/PZ),0,1,0
Braum/Garen (DE/FR),Darius/Udyr (FR/NX),0,1,0
Ezreal/Seraphine (BW/PZ),Akshan/Fiora (DE/SH),0,1,0
Ahri/Kennen (BC/IO),Aphelios/Zoe (IO/MT),0,1,0
Janna/Teemo/Udyr (FR/PZ),Akshan/Udyr (FR/SH),0,1,0
Braum/Sejuani/Swain (FR/NX),Shen/Sivir (IO/SH),0,1,0
Fizz/Nami (BW/PZ),Aphelios/Zoe (MT/SI),0,1,0
Akshan/Pantheon (MT/SH),Fiora/Shen (DE/IO),0,1,0
Nilah/Twisted Fate (BW/PZ),Janna/Teemo/Udyr (FR/PZ),0,1,0
Akshan/Pantheon (MT/SH),Braum/Garen (DE/FR),0,1,0
Ezreal/Nami (BW/PZ),Aphelios (FR/MT),0,1,0
Annie/Miss Fortune (BW/NX),Darius/Gnar (FR/NX),0,1,0
Ezreal/Seraphine (BW/PZ),Fizz/Zoe (BW/MT),0,1,0
Fizz/Zoe (BW/MT),Ezreal/Jinx (NX/PZ),0,1,0
Swain (FR/NX),Braum/Garen (DE/FR),0,1,0
Janna/Teemo/Udyr (FR/PZ),Championless (SI),0,1,0
Akshan/Master Yi (IO/SH),Lulu/Zed (DE/IO),0,1,0
Akshan/Master Yi (IO/SH),Fiora/Udyr (DE/FR),0,1,0
Championless (BW/FR),Ashe/Janna (FR/PZ),0,1,0
Gwen/Udyr (FR/SI),Janna (IO/PZ),0,1,0
Ashe/Sejuani (FR),Gwen/Udyr (FR/SI),0,1,0
Gwen/Udyr (FR/SI),Garen/Miss Fortune/Quinn (BW/DE),0,1,0
Pyke/Rek'Sai (BW/SH),Gwen/Udyr (FR/SI),0,1,0
Neeko/Nidalee (RU/SH),Gwen/Udyr (FR/SI),0,1,0
Kalista/Norra (BC/SI),Gwen/Udyr (FR/SI),0,1,0
Championpile (FR/PZ),Gwen/Udyr (FR/SI),0,1,0
Braum/Udyr (FR/SI),Braum/Zoe (FR/MT),0,1,0
Kalista (SI),Braum/Gwen (FR/SI),0,1,0
Udyr/Zoe (FR/MT),Braum/Gwen (FR/SI),0,1,0
Katarina/Yasuo (IO/NX),Darius/LeBlanc (FR/NX),0,1,0
Zoe (FR/MT),Lucian/Udyr (DE/FR),0,1,0
Nami/Udyr (BW/FR),Braum (FR/MT),0,1,0
Irelia/Zed (IO/SI),Gwen (FR/SI),0,1,0
Seraphine (BW/PZ),Udyr/Zoe (FR/MT),0,1,0
Darius/Gnar (FR/NX),Zoe (BC/MT),0,1,0
Sejuani/Udyr (DE/FR),Ezreal (PZ/SI),0,1,0
Quinn/Udyr (DE/FR),Braum/Sejuani/Udyr (FR/NX),0,1,0
Norra/Udyr (BC/FR),Aphelios/Zoe (IO/MT),0,1,0
Braum (FR/MT),Aphelios/Zoe (IO/MT),0,1,0
Aphelios/Diana (MT/NX),Braum/Udyr (FR/SI),0,1,0
Darius/Gnar (FR/NX),Braum/Udyr (FR/SI),0,1,0
Norra/Udyr (BC/FR),Zoe (FR/MT),0,1,0
Aphelios (FR/MT),Darius/Gnar (FR/NX),0,1,0
Fizz/Zoe (BW/MT),Neeko/Nidalee (RU/SH),0,1,0
Fizz/Zoe (BW/MT),Caitlyn/Norra (BC/PZ),0,1,0
Fizz/Zoe (BW/MT),Championless (MT/SI),0,1,0
Fizz/Zoe (BW/MT),Gwen/Udyr (FR/SI),0,1,0
Championless (NX/SI),Janna/Teemo/Udyr (FR/PZ),0,1,0
Swain (BW/NX),Ashe/Fiora (DE/FR),0,1,0
Katarina/Swain (BW/NX),Gwen/Vayne (DE/SI),0,1,0
Nilah/Twisted Fate (BW/PZ),Darius/Sejuani (FR/NX),0,1,0
Championless (BC/IO),Darius/Gnar (FR/NX),0,1,0
Gwen/Udyr (FR/SI),Janna/Teemo/Udyr (FR/PZ),0,1,0
Kalista/Lucian (DE/SI),Janna/Teemo/Udyr (FR/PZ),0,1,0
Championless (SI/SH),Janna/Teemo/Udyr (FR/PZ),0,1,0
Championless (BC/IO),Braum (FR/MT),0,1,0
Ezreal/Nami (BW/PZ),Aphelios/Udyr (FR/MT),0,1,0
Ezreal/Nami (BW/PZ),Darius/LeBlanc (FR/NX),0,1,0
Shen/Sivir (IO/SH),Ezreal/Nami (BW/PZ),0,1,0
Ezreal/Nami (BW/PZ),Gnar/Nidalee (BC/SH),0,1,0
Ashe/LeBlanc (FR/NX),Jhin/Jinx (RU/PZ),0,1,0
Gwen/Udyr (FR/SI),Ashe (FR/PZ),0,1,0
Kalista (NX/SI),Championless (SI),0,1,0
Annie/Jhin/Swain (RU/NX),Ashe/Sejuani (FR/SI),0,1,0
Neeko/Nidalee (RU/SH),Ashe/Sejuani (FR/SI),0,1,0
Championless (IO/SI),Akshan/Fiora (DE/SH),0,1,0
Darius/Gnar/LeBlanc (FR/NX),Championless (PZ/SI),0,1,0
Ezreal (PZ/SI),Akshan/Sivir (FR/SH),0,1,0
Ezreal/Miss Fortune (BW/PZ),Championless (IO/SI),0,1,0
Irelia/Zed (IO/SI),Championless (SI),0,1,0
Ezreal (PZ/SI),Udyr/Zoe (FR/MT),0,1,0
Zoe (BC/MT),Udyr/Zoe (FR/MT),0,1,0
Pantheon/Zoe (DE/MT),Miss Fortune (BW/PZ),0,1,0
Miss Fortune (BW/PZ),LeBlanc/Sivir (NX/SH),0,1,0
LeBlanc/Swain (BW/NX),Braum/Zoe (FR/MT),0,1,0
Ekko/Nami (BW/PZ),Ashe (FR/PZ),0,1,0
Akshan/Ekko (PZ/SH),Janna/Master Yi (IO/PZ),0,1,0
Gwen (FR/SI),Janna/Master Yi (IO/PZ),0,1,0
Championless (DE/MT),Aphelios/Zoe (IO/MT),0,1,0
Darius/Gnar (FR/NX),Master Yi/Udyr (FR/IO),0,1,0
Darius/Udyr (FR/NX),Championless (PZ/SI),0,1,0
Ekko/Jinx/Nilah (BW/PZ),Nilah/Twisted Fate (BW/PZ),0,1,0
Kalista (SI),Lulu/Lux: Illuminated (DE/IO),0,1,0
Championless (NX/SI),Neeko/Nidalee (RU/SH),0,1,0
Fiora/Udyr (DE/FR),Championless (NX/SI),0,1,0
Janna/Twisted Fate (BW/PZ),Ezreal/Seraphine (MT/PZ),0,1,0
Darius/Gnar (FR/NX),Shen/Udyr (FR/IO),0,1,0
Annie/Jhin (RU/NX),Udyr (FR/PZ),0,1,0
Katarina/Miss Fortune (BW/NX),Lucian/Quinn/Vayne (DE/FR),0,1,0
Championless (IO/SI),Swain/Twisted Fate (BW/NX),0,1,0
Lucian/Quinn/Vayne (DE/FR),Yasuo (IO/MT),0,1,0
Quinn/Udyr/Vayne (DE/FR),Swain/Twisted Fate (BW/NX),0,1,0
Lucian/Quinn/Vayne (DE/FR),Akshan/Udyr (FR/SH),0,1,0
Ekko/Nami (BW/PZ),Braum/Zoe (FR/MT),0,1,0
Nidalee (BC/SH),Gnar/Sejuani (BC/FR),0,1,0
Akshan/Udyr (FR/SH),Nidalee (BC/SH),0,1,0
Caitlyn/Teemo (BC/PZ),Master Yi/Seraphine (IO/PZ),0,1,0
Kalista (FR/SI),Ezreal/Kennen (IO/PZ),0,1,0
Akshan/Pantheon/Zoe (MT/SH),Braum/Zoe (FR/MT),0,1,0
Akshan/Pantheon/Zoe (MT/SH),Gwen/Kalista (NX/SI),0,1,0
Braum/Sejuani/Swain (FR/NX),Braum/Zoe (FR/MT),0,1,0
Braum/Sejuani/Swain (FR/NX),Ezreal/Kennen (IO/PZ),0,1,0
Braum/Udyr (FR/NX),Braum/Sejuani/Swain (FR/NX),0,1,0
Darius/Sejuani (FR/NX),Braum/Udyr (FR/NX),0,1,0
Caitlyn/Swain/Teemo (NX/PZ),Janna/Master Yi (IO/PZ),0,1,0
Yasuo (IO/MT),Championless (SI),0,1,0
Braum/Udyr/Zoe (FR/MT),Gnar/Sejuani (BC/FR),0,1,0
Fiora/Vayne (DE/IO),Ashe (FR/PZ),0,1,0
Akshan/Pantheon (MT/SH),Lissandra/Sejuani (FR/SH),0,1,0
Lissandra/Sejuani (FR/SH),Championless (SI),0,1,0
Darius/LeBlanc (FR/NX),Miss Fortune/Quinn (BW/DE),0,1,0
Caitlyn/Katarina (NX/PZ),Elise/Janna (PZ/SI),0,1,0
Kalista (IO/SI),Championless (SI),0,1,0
Ezreal/Jinx (PZ/SI),Darius/Gnar (FR/NX),0,1,0
Caitlyn (NX/PZ),Caitlyn/Katarina (NX/PZ),0,1,0
Nami/Udyr (BW/FR),Master Yi/Seraphine (IO/PZ),0,1,0
Lissandra (FR/SI),Championless (DE/MT),0,1,0
Caitlyn/Teemo (BC/PZ),Championless (DE/SI),0,1,0
Gwen (SI/SH),Janna/Nilah (BW/PZ),0,1,0
Caitlyn/Katarina (NX/PZ),Ashe/Janna (FR/PZ),0,1,0
Championless (BW/FR),Caitlyn/LeBlanc (NX/PZ),0,1,0
Caitlyn/Nami/Teemo (BW/PZ),Janna/Teemo/Udyr (FR/PZ),0,1,0
Janna/Teemo/Udyr (FR/PZ),Caitlyn/Nami (BW/PZ),0,1,0
Caitlyn (NX/PZ),Ezreal/Seraphine (PZ/SI),0,1,0
Ashe/Caitlyn (FR/PZ),Ezreal/Seraphine (PZ/SI),0,1,0
Ezreal/Seraphine (PZ/SI),Zoe (BC/MT),0,1,0
Zoe (BC/MT),Nidalee (BC/SH),0,1,0
Fiora/Vayne (DE/IO),Zoe (BC/MT),0,1,0
Kennen/Seraphine (IO/PZ),Master Yi/Seraphine (IO/PZ),0,1,0
Akshan/Renekton (BW/SH),Sejuani/Udyr (DE/FR),0,1,0
Annie/Katarina (NX),Lissandra (FR/SI),0,1,0
Ahri/Kennen (BC/IO),Swain/Twisted Fate (BW/NX),0,1,0
Master Yi/Zoe (IO/MT),Fiora/Pantheon (DE/MT),0,1,0
Ashe/Caitlyn (FR/PZ),Fiora/Vayne (DE/IO),0,1,0
Caitlyn (NX/PZ),Kalista (SI),0,1,0
Kennen/Lux: Illuminated (DE/IO),Caitlyn (NX/PZ),0,1,0
Annie/Ezreal (NX/PZ),Pantheon/Udyr (FR/MT),0,1,0
Gwen/Udyr (FR/SI),Fiora/Shen (DE/IO),0,1,0
Lissandra (FR/SI),Ashe/LeBlanc (FR/NX),0,1,0
Akshan/Udyr (FR/SH),Shen/Sivir (IO/SH),0,1,0
Braum/Udyr (FR/MT),Ezreal/Seraphine (PZ/SI),0,1,0
Ashe/Janna (FR/PZ),Gwen/Nidalee (SI/SH),0,1,0
Zoe (BC/MT),Fiora/Pantheon (DE/MT),0,1,0
Zoe (BC/MT),Braum (FR/MT),0,1,0
Sejuani/Teemo (FR/PZ),Braum (FR/NX),0,1,0
Kai'Sa/Pantheon (MT/SH),Hecarim/Zed (IO/SI),0,1,0
Kennen/Lux: Illuminated (DE/IO),Ahri/Kennen (BC/IO),0,1,0
Fizz/Zoe (BW/MT),Fiora/Pantheon (DE/MT),0,1,0
Fiora/Pantheon (DE/MT),Nidalee (BC/SH),0,1,0
Gwen (FR/SI),Ashe (FR/PZ),0,1,0
Akshan/Renekton (BW/SH),Gwen (FR/SI),0,1,0
Leona/Yasuo (IO/MT),Garen/Shen (DE/IO),0,1,0
Caitlyn/Swain/Teemo (NX/PZ),Braum/Zoe (FR/MT),0,1,0
Kalista/Lucian/Vayne (DE/SI),Janna/Teemo/Udyr (FR/PZ),0,1,0
Braum/Udyr (FR/MT),Swain/Twisted Fate (BW/NX),0,1,0
Akshan/Renekton (BW/SH),Ezreal/Miss Fortune (BW/PZ),0,1,0
Leona/Yasuo (IO/MT),Ashe/Janna (FR/PZ),0,1,0
Pantheon/Udyr (FR/MT),Caitlyn (NX/PZ),0,1,0
Gwen (FR/SI),Garen/Udyr (DE/FR),0,1,0
Championless (BC/IO),Master Yi/Udyr (FR/IO),0,1,0
Gwen (FR/SI),Caitlyn/Swain/Teemo (NX/PZ),0,1,0
Hecarim (IO/SI),Ahri/Kennen (BC/IO),0,1,0
Tristana (BC/NX),Fiora/Pantheon (DE/MT),0,1,0
Katarina/Miss Fortune (BW/NX),Pantheon (DE/MT),0,1,0
Katarina/Miss Fortune (BW/NX),Pantheon/Udyr (FR/MT),0,1,0
Zoe (FR/MT),Ezreal/Seraphine (IO/PZ),0,1,0
Jhin/Yasuo (IO/RU),Ezreal/Seraphine (IO/PZ),0,1,0
Akshan/Ekko (PZ/SH),Zoe (BC/MT),0,1,0
Swain/Yasuo (IO/NX),Sejuani/Teemo (FR/PZ),0,1,0
Caitlyn (NX/PZ),Braum/Nami (BW/FR),0,1,0
Sejuani/Udyr (DE/FR),Zoe (FR/MT),0,1,0
Caitlyn (NX/PZ),Sejuani/Udyr (DE/FR),0,1,0
Sejuani/Udyr (DE/FR),Janna/Teemo/Udyr (FR/PZ),0,1,0
Caitlyn/Teemo (BC/PZ),Sejuani/Udyr (DE/FR),0,1,0
Kalista/Lucian/Vayne (DE/SI),Sejuani/Udyr (DE/FR),0,1,0
Pantheon (DE/MT),Akshan/Udyr (FR/SH),0,1,0
Caitlyn (NX/PZ),Pantheon (DE/MT),0,1,0
Swain/Yasuo (IO/NX),Akshan/Udyr (FR/SH),0,1,0
Seraphine (BW/PZ),Caitlyn (NX/PZ),0,1,0
Caitlyn/Swain/Teemo (NX/PZ),Caitlyn (NX/PZ),0,1,0
Zoe (FR/MT),Janna/Teemo/Udyr (FR/PZ),0,1,0
Ashe/Ekko (FR/PZ),Swain/Twisted Fate (BW/NX),0,1,0
Ekko/Nilah/Twisted Fate (BW/PZ),Kalista (SI),0,1,0
Sejuani/Swain (FR/NX),Fiora/Vayne (DE/IO),0,1,0
Caitlyn (NX/PZ),Sejuani/Swain (FR/NX),0,1,0
Leona/Yasuo (IO/MT),Janna/Teemo/Udyr (FR/PZ),0,1,0
Janna/Teemo/Udyr (FR/PZ),Championless (MT/SI),0,1,0
Braum/Sejuani (FR/SI),Caitlyn/Swain/Teemo (NX/PZ),0,1,0
Ezreal/Miss Fortune (BW/PZ),Braum/Udyr (DE/FR),0,1,0
Ezreal/Seraphine (MT/PZ),Ezreal/Miss Fortune (BW/PZ),0,1,0
Sejuani/Udyr (DE/FR),Swain/Twisted Fate (BW/NX),0,1,0
Garen/Udyr (DE/FR),Evelynn/Nidalee (RU/SH),0,1,0
Ezreal/Janna (PZ/SI),Vayne/Zed (DE/IO),0,1,0
Gwen (FR/SI),Ezreal/Janna (PZ/SI),0,1,0
Nami/Udyr (BW/FR),Championpile (DE/MT),0,1,0
Championless (SI),Nami/Udyr (BW/FR),0,1,0
Nami/Udyr (BW/FR),Akshan/Ekko (PZ/SH),0,1,0
Caitlyn/Nami/Teemo (BW/PZ),Akshan/Ekko (PZ/SH),0,1,0
Ashe/LeBlanc (FR/NX),Shen/Udyr (FR/IO),0,1,0
Championpile (DE/MT),Ashe/LeBlanc (FR/NX),0,1,0
Katarina/Miss Fortune (BW/NX),Hecarim/Zed (IO/SI),0,1,0
Seraphine (BW/PZ),Ashe/LeBlanc (FR/NX),0,1,0
Sejuani/Udyr (DE/FR),Garen/Shen (DE/IO),0,1,0
Braum/Udyr (FR/NX),Championpile (DE/MT),0,1,0
Hecarim/Zed (IO/SI),Pantheon (DE/MT),0,1,0
Garen/Lux: Illuminated (DE/IO),Akshan/Ekko (PZ/SH),0,1,0
Lux: Illuminated/Shen (DE/IO),Ashe (FR),0,1,0
Ashe/Braum (FR/NX),Ashe (FR/PZ),0,1,0
Katarina/LeBlanc/Miss Fortune (BW/NX),Shen/Sivir (IO/SH),0,1,0
Braum/Zoe (FR/MT),Katarina/LeBlanc/Miss Fortune (BW/NX),0,1,0
Caitlyn/Teemo (FR/PZ),Ezreal/Seraphine (BC/PZ),0,1,0
Neeko/Nidalee (RU/SH),Janna/Master Yi (IO/PZ),0,1,0
Championless (FR/MT),Championless (DE/SI),0,1,0
Master Yi/Seraphine (IO/PZ),Championless (PZ/SI),0,1,0
Vayne/Zed (DE/IO),Master Yi/Seraphine (IO/PZ),0,1,0
Darius/Sejuani (FR/NX),Caitlyn/Swain (NX/PZ),0,1,0
Braum/Zoe (FR/MT),Vayne/Zed (DE/IO),0,1,0
Seraphine (BW/PZ),Vayne/Zed (DE/IO),0,1,0
Gwen (FR/SI),Vayne/Zed (DE/IO),0,1,0
Ashe/Janna (FR/PZ),Pantheon/Zoe (IO/MT),0,1,0
Championpile (DE/MT),Akshan/Ekko (PZ/SH),0,1,0
Ashe/Fiora (DE/FR),Braum (FR/MT),0,1,0
Akshan/Ekko (PZ/SH),Gwen (FR/SI),0,1,0
Zoe (FR/MT),Ezreal/Miss Fortune (BW/PZ),0,1,0
Fiora/Vayne (DE/IO),Ezreal/Miss Fortune (BW/PZ),0,1,0
Braum/Zoe (FR/MT),Ashe/Janna (FR/PZ),0,1,0
Championless (SI),Ahri/Kennen (IO/NX),0,1,0
Ezreal/Katarina (NX/PZ),Championless (DE/MT),0,1,0
Ezreal/Janna (PZ/SI),Darius/Gnar (FR/NX),0,1,0
Ezreal/Seraphine (IO/PZ),Hecarim/Nidalee (SI/SH),0,1,0
Hecarim/Nidalee (SI/SH),Akshan/Ekko (PZ/SH),0,1,0
Ezreal/Seraphine/Zoe (MT/PZ),Akshan/Ekko (PZ/SH),0,1,0
Braum/Pantheon/Zoe (FR/MT),Ashe (FR/PZ),0,1,0
Sejuani/Udyr (DE/FR),Janna/Master Yi (IO/PZ),0,1,0
Quinn/Udyr/Vayne (DE/FR),Fiora/Vayne (DE/IO),0,1,0
Gwen (FR/SI),Caitlyn/Norra (BC/PZ),0,1,0
Ezreal/Miss Fortune (BW/PZ),Fizz/Zoe (BW/MT),0,1,0
Lulu/Shen (BC/IO),Darius/Gnar (FR/NX),0,1,0
Ahri/Kennen (IO/NX),Ezreal/Seraphine (IO/PZ),0,1,0
Akshan/Sivir (FR/SH),Udyr/Vayne (DE/FR),0,1,0
Gwen/Katarina (NX/SI),Gnar/Norra (BC/FR),0,1,0
Ezreal/Janna (PZ/SI),Braum (FR/MT),0,1,0
Pantheon (DE/MT),Ashe (FR/PZ),0,1,0
Garen/Lux: Illuminated (DE/IO),Master Yi/Udyr (FR/IO),0,1,0
Braum/Nami (BW/FR),Janna/Master Yi (IO/PZ),0,1,0
Sejuani/Swain (FR/NX),Akshan/Sivir (FR/SH),0,1,0
Ekko (PZ/SI),Zoe (BC/MT),0,1,0
Zoe (FR/MT),Caitlyn/Swain (NX/PZ),0,1,0
Caitlyn/Norra (BC/PZ),Kai'Sa/Pantheon (MT/SH),0,1,0
Akshan/Ekko (PZ/SH),Lissandra (FR/SI),0,1,0
Pantheon/Zoe (IO/MT),Norra/Teemo (BC/PZ),0,1,0
Akshan/Ekko (PZ/SH),Ezreal/Seraphine (IO/PZ),0,1,0
Gnar/Neeko (FR/RU),Ezreal/Seraphine (IO/PZ),0,1,0
Ekko/Twisted Fate (BW/PZ),Ezreal/Seraphine (PZ/SI),0,1,0
Ezreal/Seraphine (PZ/SI),Aphelios/Udyr (FR/MT),0,1,0
Lucian/Zed (DE/IO),Ezreal/Seraphine (PZ/SI),0,1,0
Caitlyn/Ekko (PZ/SI),Akshan/Ekko (PZ/SH),0,1,0
Ekko (PZ/SI),Udyr (DE/FR),0,1,0
Caitlyn/Ekko (PZ/SI),Braum/Udyr (FR),0,1,0
Zoe (BC/MT),Championless (DE/MT),0,1,0
Championless (DE/MT),Udyr (DE/FR),0,1,0
Katarina/LeBlanc/Miss Fortune (BW/NX),Braum/Udyr (FR),0,1,0
Gwen/Kalista (FR/SI),Swain/Yasuo (IO/NX),0,1,0
Akshan/Sivir (FR/SH),Ashe/Caitlyn (FR/PZ),0,1,0
Janna/Master Yi (IO/PZ),Akshan/Sivir (FR/SH),0,1,0
Ekko (PZ/SI),Janna/Master Yi (IO/PZ),0,1,0
Akshan/Sivir (FR/SH),Caitlyn/Norra (BC/PZ),0,1,0
Gnar/Norra (BC/FR),Akshan/Sivir (FR/SH),0,1,0
Braum (FR/MT),Garen/Lux: Illuminated (DE/IO),0,1,0
Caitlyn/Katarina (NX/PZ),Braum (FR/MT),0,1,0
Caitlyn/Katarina (NX/PZ),Ezreal/Seraphine (IO/PZ),0,1,0
Miss Fortune/Sejuani (BW/FR),Championless (MT),0,1,0
Lissandra (FR/SI),Miss Fortune/Sejuani (BW/FR),0,1,0
Katarina/LeBlanc/Miss Fortune (BW/NX),Braum (FR/MT),0,1,0
Championless (DE/SI),Master Yi/Seraphine (IO/PZ),0,1,0
Braum/Udyr (FR/NX),Championless (DE/SI),0,1,0
Championpile (DE/MT),Caitlyn (NX/PZ),0,1,0
Pantheon (DE/MT),Ashe/LeBlanc (FR/NX),0,1,0
Championless (MT),Pantheon (DE/MT),0,1,0
Caitlyn/Teemo (BC/PZ),Pantheon (DE/MT),0,1,0
Ezreal/Miss Fortune (BW/PZ),Udyr (DE/FR),0,1,0
Pantheon/Udyr/Zoe (FR/MT),Braum/Zoe (FR/MT),0,1,0
Akshan/Renekton (SH),Gnar/Nidalee (BC/SH),0,1,0
Championless (SI),Ezreal/Janna (PZ/SI),0,1,0
Pantheon (DE/MT),Ezreal/Janna (PZ/SI),0,1,0
Lulu/Shen/Zoe (IO/MT),Ashe/Braum (FR/NX),0,1,0
Gwen/Kalista (FR/SI),Garen (DE),0,1,0
Gnar/Norra (BC/FR),Ashe/Caitlyn (FR/PZ),0,1,0
Darius/Gnar (FR/NX),Lucian/Udyr (DE/FR),0,1,0
Sivir (NX/SH),Ezreal/Janna (PZ/SI),0,1,0
Darius (FR/NX),Ezreal/Janna (PZ/SI),0,1,0
Aphelios/Zoe (IO/MT),Vayne/Zed (DE/IO),0,1,0
Sivir (NX/SH),Aphelios/Zoe (IO/MT),0,1,0
Aphelios/Zoe (IO/MT),Master Yi/Udyr (FR/IO),0,1,0
Caitlyn (NX/PZ),Vayne/Zed (DE/IO),0,1,0
Darius (FR/NX),Vayne/Zed (DE/IO),0,1,0
Fiora/Vayne (DE/IO),Braum (FR/MT),0,1,0
Ashe/Janna (FR/PZ),Darius (FR/NX),0,1,0
Ashe/Caitlyn (FR/PZ),Lucian/Udyr (DE/FR),0,1,0
Sivir/Udyr (FR/SH),Ashe (FR/PZ),0,1,0
Sivir (MT/SH),Ashe/LeBlanc (FR/NX),0,1,0
Lulu/Shen (IO),Garen/Udyr (DE/FR),0,1,0
Caitlyn (NX/PZ),Aphelios/Zoe (IO/MT),0,1,0
Vayne/Zed (DE/IO),Ashe/Caitlyn (FR/PZ),0,1,0
Sivir (NX/SH),Udyr (DE/FR),0,1,0
Ashe/LeBlanc (FR/NX),Sivir (NX/SH),0,1,0
Caitlyn (NX/PZ),Garen/Miss Fortune/Quinn (BW/DE),0,1,0
Akshan/Renekton (SH),Lulu/Shen (DE/IO),0,1,0
Championless (PZ/SI),Ezreal/Janna (PZ/SI),0,1,0
Ashe/Braum (FR/NX),Ashe/LeBlanc (FR/NX),0,1,0
Ashe/Caitlyn (FR/PZ),Miss Fortune/Sejuani (BW/FR),0,1,0
Quinn/Udyr/Vayne (DE/FR),Ashe/Caitlyn (FR/PZ),0,1,0
Kai'Sa/Pantheon (MT/SH),Braum/Udyr (FR/NX),0,1,0
Swain/Yasuo (IO/NX),Braum/Sejuani (FR/SI),0,1,0
Gnar/Nidalee (BC/SH),Gwen/Nidalee (SI/SH),0,1,0
Championpile (MT/SH),Championless (DE/SI),0,1,0
Leona/Yasuo (IO/MT),Championpile (MT/SH),0,1,0
Annie/Jhin (RU/NX),Championpile (MT/SH),0,1,0
Championpile (MT/SH),Swain/Udyr (FR/NX),0,1,0
Aphelios/Zoe (IO/MT),Ashe/Caitlyn (FR/PZ),0,1,0
Braum (FR/MT),Akshan/Ekko (PZ/SH),0,1,0
Sivir (NX/SH),Sejuani/Swain (FR/NX),0,1,0
Neeko/Nidalee (RU/SH),Braum/Zoe (FR/MT),0,1,0
Caitlyn/Swain/Teemo (NX/PZ),Nilah/Twisted Fate (BW/PZ),0,1,0
Braum/Sejuani (FR/SI),Ashe (FR/PZ),0,1,0
Swain/Udyr (FR/NX),Championless (MT),0,1,0
Akshan/Ekko (PZ/SH),Evelynn/Norra (BC/RU),0,1,0
Udyr (DE/FR),Braum/Zoe (FR/MT),0,1,0
Darius/Gnar (FR/NX),Neeko/Nidalee (RU/SH),0,1,0
Irelia/Zed (FR/IO),Fiora/Vayne (DE/IO),0,1,0
Lulu/Shen (IO/MT),Fiora/Vayne (DE/IO),0,1,0
Pantheon (DE/MT),Lulu/Shen (IO/MT),0,1,0
Aphelios/Zoe (IO/MT),Pantheon (FR/MT),0,1,0
Pantheon (MT),Aphelios/Zoe (IO/MT),0,1,0
Ashe (FR/PZ),Championless (MT),0,1,0
Pantheon (MT),Braum/Zoe (FR/MT),0,1,0
Lulu/Shen (DE/IO),Gwen/Katarina (NX/SI),0,1,0
Ashe/Braum (FR/NX),Garen/Udyr (DE/FR),0,1,0
Caitlyn (FR/PZ),Ashe/Sejuani (FR/SI),0,1,0
Braum (FR/IO),Championpile (MT/SH),0,1,0
Championpile (MT/SH),Ezreal/Janna (PZ/SI),0,1,0
Championless (PZ/SI),Championpile (MT/SH),0,1,0
Vayne/Zed (DE/IO),Braum/Udyr (FR/NX),0,1,0
Braum/Udyr (FR/MT),Ashe/Sejuani (FR/IO),0,1,0
Darius/Gnar (FR/NX),Darius/Yasuo (IO/NX),0,1,0
Vayne/Zed (DE/IO),Nilah/Twisted Fate (BW/PZ),0,1,0
Lulu/Shen (IO/MT),Championless (SI),0,1,0
Caitlyn/Swain (NX/PZ),Lulu/Shen (IO/MT),0,1,0
Akshan/Samira (NX/SH),Ashe/Sejuani (FR/SI),0,1,0
Gwen (BC/SI),Annie/Jhin (RU/NX),0,1,0
Championless (PZ/SI),Braum (FR/IO),0,1,0
Caitlyn (NX/PZ),Quinn/Udyr/Vayne (DE/FR),0,1,0
Braum/Udyr (FR/SI),Ashe/Braum (FR/NX),0,1,0
LeBlanc (FR/NX),Ashe/Braum (FR/NX),0,1,0
Janna/Teemo/Udyr (FR/PZ),Ashe/LeBlanc (FR/NX),0,1,0
Championless (SI),Championless (BC/IO),0,1,0
Akshan/Udyr (FR/SH),Gwen/Vayne (DE/SI),0,1,0
Fiora/Garen (DE/FR),Swain/Yasuo (IO/NX),0,1,0
Ashe/Braum (FR/NX),Braum/Udyr (FR),0,1,0
Akshan/Samira (NX/SH),LeBlanc/Sivir (NX/SH),0,1,0
Ashe (FR/PZ),Akshan/Sivir (SH),0,1,0
Ashe/Garen (DE/FR),Ashe (FR/PZ),0,1,0
Gwen (NX/SI),Akshan/Samira (NX/SH),0,1,0
Akshan/Samira (NX/SH),Gwen/Kalista (NX/SI),0,1,0
Annie/Jhin (RU/NX),Irelia/Miss Fortune (BW/IO),0,1,0
Gwen/Katarina (NX/SI),Neeko/Nidalee (RU/SH),0,1,0
Neeko/Nidalee (RU/SH),Ashe (FR/PZ),0,1,0
Ashe (FR/PZ),Ezreal (FR/PZ),0,1,0
Fizz/Gnar (BC/PZ),Neeko/Nidalee (RU/SH),0,1,0
Braum/Zoe (FR/MT),Lulu/Shen/Zoe (IO/MT),0,1,0
Sejuani/Teemo (FR/PZ),Gnar/Neeko (FR/RU),0,1,0
Ashe (FR),LeBlanc/Sivir (NX/SH),0,1,0
Ashe (FR),Neeko (FR/RU),0,1,0
Championless (PZ/SI),Vayne/Zed (DE/IO),0,1,0
LeBlanc/Sejuani (FR/NX),Braum/Zoe (FR/MT),0,1,0
Fizz/Gnar (BC/PZ),Renekton/Sejuani (FR/SH),0,1,0
Sejuani/Swain/Udyr (FR/NX),Braum/Zoe (FR/MT),0,1,0
Championless (SI),Braum (DE/FR),0,1,0
Braum/Udyr (FR/MT),Braum (FR/MT),0,1,0
Fiora/Udyr (DE/FR),Akshan/Samira (NX/SH),0,1,0
Annie/Jhin (RU/NX),Fiora/Udyr (DE/FR),0,1,0
Ashe/LeBlanc (FR/NX),Garen (DE/IO),0,1,0
Zoe (FR/MT),Janna (PZ/SI),0,1,0
Braum/Udyr (FR/SH),Fiora/Udyr (DE/FR),0,1,0
Championless (SI),Draven/Katarina (NX/SI),0,1,0
Gwen/Katarina (NX/SI),Ashe/Janna (FR/PZ),0,1,0
Gwen/Katarina (NX/SI),Braum/Lux: Illuminated (DE/FR),0,1,0
Akshan/Samira (NX/SH),Garen/Udyr (DE/FR),0,1,0
Gnar/Nidalee (BC/SH),LeBlanc/Udyr (FR/NX),0,1,0
Braum/Udyr (FR/MT),Garen/Udyr (DE/FR),0,1,0
Janna/Teemo/Udyr (FR/PZ),Darius/Gnar/LeBlanc (FR/NX),0,1,0
Darius/LeBlanc (FR/NX),Fiora/Udyr (DE/FR),0,1,0
Fiora/Shen (DE/IO),Braum (DE/FR),0,1,0
Lux: Illuminated/Shen (DE/IO),Garen/Gwen (DE/SI),0,1,0
Ashe (FR/PZ),Miss Fortune/Zed (BW/IO),0,1,0
Ashe (FR/PZ),Garen/Sivir (DE/SH),0,1,0
Swain/Yasuo (IO/NX),Aphelios/Yasuo (IO/MT),0,1,0
Nilah/Twisted Fate (BW/PZ),Ashe/Braum (FR/NX),0,1,0
Braum (FR/MT),Ashe/Janna (FR/PZ),0,1,0
Zoe (FR/MT),Championless (MT/SI),0,1,0
Gwen/Nidalee (SI/SH),Ashe (FR/PZ),0,1,0
Ashe/Sejuani (FR/MT),Garen (DE/IO),0,1,0
Nidalee (BC/SH),Akshan/Samira (NX/SH),0,1,0
Leona/Zoe (DE/MT),Miss Fortune/Samira (BW/NX),1,1,1
Leona/Zoe (DE/MT),Diana/Nami (BW/MT),1,1,1
Quinn/Vayne (DE/PZ),Aphelios/Zoe (IO/MT),1,1,1
Ezreal/Twisted Fate (BW/PZ),Aphelios/Zoe (IO/MT),1,1,1
Akshan/Sivir (NX/SH),Zoe (IO/MT),1,1,1
Akshan/Ekko (PZ/SH),Quinn/Vayne (DE/PZ),1,1,1
Quinn/Vayne (DE/PZ),Gnar/Swain (BC/NX),1,1,1
Fiora/Shen (DE/IO),Quinn/Vayne (DE/PZ),1,1,1
Braum (FR/MT),Kai'Sa/Sivir (DE/SH),1,1,1
Akshan/Fiora (DE/SH),Fiora (DE/SH),1,1,1
Fiora (DE/SH),Kai'Sa/Sivir (DE/SH),1,1,1
Elise/Nocturne (NX/SI),Akshan/Sivir (NX/SH),1,1,1
Samira/Sejuani (FR/NX),Janna (PZ/SI),1,1,1
Janna (PZ/SI),Norra (BC/IO),1,1,1
Ezreal/Janna (PZ/SI),Norra/Teemo (BC/PZ),1,1,1
Akshan/Sivir (NX/SH),Ezreal/Seraphine (IO/PZ),1,1,1
Ezreal/Seraphine (IO/PZ),Quinn/Vayne (DE/PZ),1,1,1
Ezreal/Seraphine (IO/PZ),Miss Fortune/Samira (BW/NX),1,1,1
Gnar/Nidalee (BC/SH),Gnar/Neeko (FR/RU),1,1,1
Ezreal/Twisted Fate (BW/PZ),Gnar/Neeko (FR/RU),1,1,1
Darius/Gnar (FR/NX),Fiora/Sivir (DE/SH),1,1,1
Ashe (FR/PZ),Nocturne (SI),1,1,1
Hecarim (BC/SI),Championless (SI),1,1,1
Fizz/Nami (BW/MT),Championless (BC/SI),1,1,1
Gnar/Samira (BC/NX),Janna (PZ/SI),1,1,1
Kalista (PZ/SI),Norra/Teemo (BC/PZ),1,1,1
Braum (FR/IO),Leona/Yasuo (IO/MT),1,1,1
Leona/Yasuo (IO/MT),Diana/Nami (BW/MT),1,1,1
Ashe/LeBlanc (FR/NX),Quinn/Vayne (DE/IO),1,1,1
Lux: Illuminated (DE/MT),Championless (SI),1,1,1
Gnar/Neeko (FR/RU),Norra/Teemo (BC/PZ),1,1,1
Lux: Illuminated/Pantheon (DE/MT),Elise/Ezreal (PZ/SI),1,1,1
Darius/Gnar (FR/NX),Lux: Illuminated/Pantheon (DE/MT),1,1,1
Kai'Sa/Sivir (DE/SH),Katarina/Yasuo (IO/NX),1,1,1
Akshan/Pantheon (MT/SH),Kai'Sa/Sivir (DE/SH),1,1,1
Kai'Sa/Zoe (MT/SH),LeBlanc (BW/NX),1,1,1
Ashe (FR/PZ),Kai'Sa/Zoe (MT/SH),1,1,1
Kai'Sa/Zoe (MT/SH),Diana/Nami (BW/MT),1,1,1
Kai'Sa/Zoe (MT/SH),Caitlyn/Jinx (FR/PZ),1,1,1
Diana/Nami (BW/MT),Championless (SI/SH),1,1,1
Braum/Zoe (FR/MT),Championless (SI/SH),1,1,1
Championless (MT/SI),Championless (SI/SH),1,1,1
Udyr/Vayne (DE/FR),Championless (SI/SH),1,1,1
Darius/Gnar (FR/NX),Akshan/Fiora (DE/SH),1,1,1
Ezreal/Janna (IO/PZ),Ashe (FR/PZ),1,1,1
Ezreal/Twisted Fate (BW/PZ),Ezreal/Master Yi (IO/PZ),1,1,1
Ezreal/Twisted Fate (BW/PZ),Ezreal/Janna (IO/PZ),1,1,1
Yasuo (IO/MT),Braum (FR/SI),1,1,1
Darius/Gnar (FR/NX),Lulu/Zed (DE/IO),1,1,1
Sivir (SI/SH),Braum (FR/MT),1,1,1
Braum (FR/MT),Quinn/Vayne (DE/PZ),1,1,1
Neeko/Renekton (RU/SH),Braum (FR/MT),1,1,1
Darius (NX/SH),Championless (SI),1,1,1
Kalista (PZ/SI),Championless (SI),1,1,1
Quinn/Vayne (DE/PZ),Kalista (PZ/SI),1,1,1
Kalista (PZ/SI),Akshan/Fiora (DE/SH),1,1,1
Ezreal/Seraphine (NX/PZ),Ashe/Janna (FR/PZ),1,1,1
Norra/Teemo (BC/PZ),Ezreal/Seraphine (IO/PZ),1,1,1
Ashe (FR/PZ),Ezreal/Seraphine (BC/PZ),1,1,1
Gnar/Sejuani (BW/FR),Akshan/Pantheon (MT/SH),1,1,1
Akshan/Pantheon (MT/SH),Gnar/Samira (BC/NX),1,1,1
Norra/Zoe (BC/MT),Garen (DE/SH),1,1,1
Samira/Sejuani (FR/NX),Norra/Zoe (BC/MT),1,1,1
Akshan/Sivir (NX/SH),Norra/Zoe (BC/MT),1,1,1
Ashe/Renekton (FR/SH),Norra/Zoe (BC/MT),1,1,1
Fiora/Vayne (DE/PZ),Miss Fortune (BW/NX),1,1,1
Yasuo (IO/PZ),Fiora/Vayne (DE/PZ),1,1,1
Gnar/Samira (BC/NX),Annie/Jhin (RU/NX),1,1,1
Caitlyn/Ezreal (IO/PZ),Kai'Sa/Sivir (BW/SH),1,1,1
Swain/Yasuo (IO/NX),Ezreal/Twisted Fate (BW/PZ),1,1,1
Ezreal/Twisted Fate (BW/PZ),Gwen/Vayne (DE/SI),1,1,1
Ezreal/Twisted Fate (BW/PZ),Caitlyn/Jinx (FR/PZ),1,1,1
Ezreal/Twisted Fate (BW/PZ),Lulu/Zed (DE/IO),1,1,1
Championless (SI),Akshan/Caitlyn (PZ/SH),1,1,1
Diana/Nami (BW/MT),Fiora/Shen (DE/IO),1,1,1
Diana/Nami (BW/MT),Kalista/Nocturne (SI),1,1,1
Championless (SI),Elise/Gwen (PZ/SI),1,1,1
Elise/Gwen (PZ/SI),Kalista (SI),1,1,1
Championless (BC/SI),Nilah/Twisted Fate (BW/PZ),1,1,1
Gnar/Samira (BC/NX),Championless (BC/SI),1,1,1
Samira/Sejuani (FR/NX),Championless (BC/SI),1,1,1
Ashe/Renekton (FR/SH),Championless (BC/SI),1,1,1
Kalista/Nocturne (SI),Akshan/Sivir (NX/SH),1,1,1
Aphelios/Zoe (IO/MT),Kalista/Nocturne (SI),1,1,1
Kalista/Nocturne (SI),Samira/Sejuani (FR/NX),1,1,1
Kalista/Nocturne (SI),Miss Fortune/Vayne (BW/DE),1,1,1
Kalista/Nocturne (SI),Ashe (FR/PZ),1,1,1
Kalista/Nocturne (SI),Ashe/Renekton (FR/SH),1,1,1
Akshan/Zoe (MT/SH),Udyr (DE/FR),1,1,1
Darius/Swain (BW/NX),Irelia/Udyr (FR/IO),1,1,1
Akshan/Fiora (DE/SH),Gnar/Samira (BC/NX),1,1,1
Ezreal/Nilah (BW/PZ),Samira/Sejuani (FR/NX),1,1,1
Akshan/Nami (BW/SH),Ezreal/Nilah (BW/PZ),1,1,1
Elise (FR/SI),Championless (MT/SI),1,1,1
Elise/Ezreal (PZ/SI),Akshan/Sivir (NX/SH),1,1,1
Akshan/Nidalee (BC/SH),Janna (PZ/SI),1,1,1
Akshan/Sivir (MT/SH),Akshan/Ekko (PZ/SH),1,1,1
Caitlyn (BC/PZ),Fiora/Shen (DE/IO),1,1,1
Neeko/Renekton (RU/SH),Caitlyn (BC/PZ),1,1,1
Gnar/Nidalee (BC/SH),Braum (FR/MT),1,1,1
Braum (FR/MT),Kai'Sa/Zoe (MT/SH),1,1,1
Samira/Sejuani (FR/NX),Braum (FR/MT),1,1,1
Braum (FR/MT),Braum (DE/FR),1,1,1
Renekton/Sivir (DE/SH),Braum (FR/MT),1,1,1
Braum/Udyr (DE/FR),Braum (FR/MT),1,1,1
Quinn/Vayne (DE/PZ),Lulu/Neeko (IO/RU),1,1,1
Championless (SI),Akshan/Kai'Sa (DE/SH),1,1,1
Akshan/Sivir (NX/SH),Akshan/Kai'Sa (DE/SH),1,1,1
Neeko/Renekton (RU/SH),Annie/Jhin (RU/NX),1,1,1
Championless (SI),Lulu/Neeko (IO/RU),1,1,1
Lulu/Neeko (IO/RU),Samira/Sejuani (FR/NX),1,1,1
Ezreal/Seraphine (BW/PZ),Ashe/LeBlanc (FR/NX),1,1,1
Udyr/Vayne (DE/FR),Ahri/Ezreal/Kennen (IO/PZ),1,1,1
Udyr/Vayne (DE/FR),Darius/Swain (BW/NX),1,1,1
Udyr/Vayne (DE/FR),Janna (IO/PZ),1,1,1
Udyr/Vayne (DE/FR),Zed (IO/MT),1,1,1
Udyr/Vayne (DE/FR),Caitlyn/Ezreal (IO/PZ),1,1,1
Udyr/Vayne (DE/FR),Lulu/Zed (DE/IO),1,1,1
Kai'Sa/Sivir (DE/SH),Neeko/Renekton (RU/SH),1,1,1
Akshan/Udyr (FR/SH),Teemo/Yasuo (IO/PZ),1,1,1
Samira/Sejuani (FR/NX),Gnar/Nidalee (BC/SH),1,1,1
Gnar/Samira (BC/NX),Akshan/Sivir (NX/SH),1,1,1
Pantheon/Zoe (FR/MT),Samira/Sejuani (FR/NX),1,1,1
Ezreal/Seraphine (NX/PZ),Samira/Sejuani (FR/NX),1,1,1
Ashe/Renekton (FR/SH),Samira/Sejuani (FR/NX),1,1,1
Pantheon/Zoe (FR/MT),Gnar/Samira (BC/NX),1,1,1
Gnar/Samira (BC/NX),Championless (SI),1,1,1
Braum/Zoe (FR/MT),Gnar/Samira (BC/NX),1,1,1
Gnar/Samira (BC/NX),Elise/Nocturne (NX/SI),1,1,1
Lulu/Zed (DE/IO),Championless (SI/SH),1,1,1
Championless (MT/SI),Renekton/Sivir (NX/SH),1,1,1
Championless (MT/SI),Aphelios/Zoe (IO/MT),1,1,1
Championless (SI),Akshan/Sivir (SI/SH),1,1,1
Akshan/Renekton (SH),Akshan/Sivir (SI/SH),1,1,1
Akshan/Sivir (NX/SH),Akshan/Sivir (SI/SH),1,1,1
Swain (BW/NX),Akshan/Sivir (SI/SH),1,1,1
Kalista (PZ/SI),Akshan/Sivir (SI/SH),1,1,1
Akshan/Udyr (FR/SH),Kai'Sa/Pantheon (MT/SH),1,1,1
Braum/Sejuani (FR/MT),Teemo/Tristana (BC/PZ),1,1,1
Akshan/Sivir (NX/SH),Kai'Sa/Pantheon (MT/SH),1,1,1
Ezreal/Seraphine (NX/PZ),Akshan/Sivir (NX/SH),1,1,1
Akshan/Sivir (NX/SH),Kalista (SI),1,1,1
Kai'Sa/Sivir (DE/SH),Akshan/Sivir (NX/SH),1,1,1
Nilah/Twisted Fate (BW/PZ),Jhin/Yasuo (IO/RU),1,1,1
Ashe/Renekton (FR/SH),Master Yi/Nami (BW/IO),1,1,1
Sivir (SI/SH),Leona/Yasuo (IO/MT),1,1,1
Norra/Teemo (BC/PZ),Championless (SI/SH),1,1,1
Norra/Teemo (BC/PZ),Teemo (FR/PZ),1,1,1
Ashe/Udyr (DE/FR),Akshan/Caitlyn (PZ/SH),1,1,1
Ashe/LeBlanc (FR/NX),Gnar (BC/FR),1,1,1
Gnar (BC/FR),Garen/Udyr (DE/FR),1,1,1
Quinn/Vayne (DE/PZ),Caitlyn/Ezreal (IO/PZ),1,1,1
Samira/Sejuani (FR/NX),Swain/Twisted Fate (BW/NX),1,1,1
Miss Fortune/Swain (BW/NX),Jhin/Master Yi (IO/RU),1,1,1
Nilah/Twisted Fate (BW/PZ),Miss Fortune/Swain (BW/NX),1,1,1
Miss Fortune/Swain (BW/NX),Samira/Sejuani (FR/NX),1,1,1
Caitlyn/Ezreal (IO/PZ),LeBlanc (FR/NX),1,1,1
Yasuo (IO/PZ),Gwen/Vayne (DE/SI),1,1,1
Championless (SI/SH),Gwen/Vayne (DE/SI),1,1,1
Gwen/Vayne (DE/SI),Akshan/Nami (BW/SH),1,1,1
Kennen (IO/PZ),Gnar/Sejuani (BC/FR),1,1,1
Teemo/Tristana (BC/PZ),Irelia/Udyr (FR/IO),1,1,1
Swain (IO/NX),Gwen/Vayne (DE/SI),1,1,1
Janna (IO/PZ),Swain (IO/NX),1,1,1
Swain (IO/NX),Braum/Garen (DE/FR),1,1,1
LeBlanc (NX),Renekton/Sivir (DE/SH),1,1,1
Braum (DE/FR),Aphelios/Zoe (IO/MT),1,1,1
Renekton/Sivir (DE/SH),Udyr (DE/FR),1,1,1
Braum/Zoe (FR/MT),Garen/Lux: Illuminated (DE/SH),1,1,1
Pantheon/Zoe (FR/MT),Nilah/Twisted Fate (BW/PZ),1,1,1
Sivir (SI/SH),Nami/Twisted Fate (BW),1,1,1
Elise/Nocturne (NX/SI),Norra/Zoe (BC/MT),1,1,1
Akshan/Pantheon (MT/SH),Gwen (NX/SI),1,1,1
Akshan/Pantheon (MT/SH),Sivir (SI/SH),1,1,1
Janna/Swain (NX/PZ),Kalista (SI),1,1,1
Ashe (FR/PZ),Ezreal/Seraphine (IO/PZ),1,1,1
Evelynn/Nidalee (RU/SH),Ashe/LeBlanc (FR/NX),1,1,1
Nidalee (BC/SH),Ezreal/Seraphine (NX/PZ),1,1,1
Braum/Zoe (FR/MT),Ezreal/Seraphine (BW/PZ),1,1,1
Ezreal/Seraphine (BW/PZ),Fiora (DE/SH),1,1,1
Akshan/Sivir (MT/SH),Jhin/Yasuo (IO/RU),1,1,1
Garen/Lux: Illuminated (DE/SH),Akshan/Kai'Sa (IO/SH),1,1,1
Gnar/Nidalee (BC/SH),Garen/Lux: Illuminated (DE/SH),1,1,1
Akshan/Pantheon (MT/SH),Miss Fortune/Samira (BW/NX),1,1,1
Kai'Sa/Pantheon (MT/SH),Samira/Sejuani (FR/NX),1,1,1
Darius/Swain (BW/NX),Kai'Sa/Pantheon (MT/SH),1,1,1
Pantheon/Zoe (FR/MT),Gwen/Vayne (DE/SI),1,1,1
Kai'Sa/Sivir (DE/SH),Caitlyn/Teemo (BC/PZ),1,1,1
LeBlanc/Sivir (NX/SH),Ashe/Janna (FR/PZ),1,1,1
Caitlyn/Swain (NX/PZ),Ahri/Kennen (BC/IO),1,1,1
Neeko/Renekton (RU/SH),LeBlanc/Sivir (NX/SH),1,1,1
Ashe/LeBlanc (FR/NX),Kalista (NX/SI),1,1,1
Fiora/Udyr (DE/FR),Quinn/Vayne (DE/PZ),1,1,1
Ezreal/Seraphine (NX/PZ),Caitlyn/Teemo (BC/PZ),1,1,1
Pantheon/Zoe (FR/MT),Caitlyn/Teemo (BC/PZ),1,1,1
Evelynn/Nidalee (RU/SH),Caitlyn/Teemo (BC/PZ),1,1,1
Pantheon/Zoe (FR/MT),Kai'Sa/Zoe (MT/SH),1,1,1
Samira/Sejuani (FR/NX),Aphelios/Zoe (MT/PZ),1,1,1
Annie/Jhin (RU/NX),Aphelios/Zoe (MT/PZ),1,1,1
Elise/Nocturne (SI/SH),Sejuani/Teemo (FR/PZ),1,1,1
Quinn/Vayne (DE/PZ),Yasuo (IO/PZ),1,1,1
Yasuo (IO/PZ),Sejuani/Teemo (FR/PZ),1,1,1
Yasuo (IO/PZ),Akshan/Sivir (SI/SH),1,1,1
Braum (FR/IO),Elise/Tristana (BC/SI),1,1,1
Braum (FR/IO),Kai'Sa/Pantheon (MT/SH),1,1,1
Akshan/Aphelios/Pantheon (MT/SH),Elise/Tristana (BC/SI),1,1,1
Akshan/Aphelios/Pantheon (MT/SH),Nilah/Twisted Fate (BW/PZ),1,1,1
Akshan/Aphelios/Pantheon (MT/SH),Gnar/Swain (BC/NX),1,1,1
Quinn/Vayne (DE/PZ),Annie/Katarina (FR/NX),1,1,1
Darius/Shen (IO/NX),Gwen/Vayne (DE/SI),1,1,1
Ezreal (PZ/SI),Akshan/Sivir (SI/SH),1,1,1
Udyr/Vayne (DE/FR),Akshan/Sivir (SI/SH),1,1,1
Akshan/Sivir (SI/SH),Gnar/Nidalee (BC/SH),1,1,1
Pantheon/Zoe (FR/MT),Ezreal/Seraphine (BC/PZ),1,1,1
Pantheon/Zoe (FR/MT),Championless (SI),1,1,1
Renekton/Vayne (DE/SH),Swain/Twisted Fate (BW/NX),1,1,1
Swain/Twisted Fate (BW/NX),Katarina/Yasuo (IO/NX),1,1,1
Ezreal/Seraphine (NX/PZ),Akshan/Pantheon (MT/SH),1,1,1
Ezreal/Seraphine (IO/PZ),Akshan/Sivir (SI/SH),1,1,1
Gwen/Vayne (DE/SI),Caitlyn/Ezreal (FR/PZ),1,1,1
Katarina/Yasuo (IO/NX),Norra/Teemo (BC/IO),1,1,1
Annie/Katarina (FR/NX),Norra/Teemo (BC/IO),1,1,1
Annie/Katarina (FR/NX),Annie/Jhin (RU/NX),1,1,1
Ashe/Nami (BW/FR),Annie/Jhin (RU/NX),1,1,1
Swain/Twisted Fate (BW/NX),Kai'Sa/Sivir (BW/SH),1,1,1
Caitlyn (BC/PZ),Kai'Sa/Sivir (BW/SH),1,1,1
Caitlyn/Ezreal (IO/PZ),Neeko/Renekton (RU/SH),1,1,1
Neeko/Renekton (RU/SH),Swain/Yasuo (IO/NX),1,1,1
Kalista (SI),Fizz/Gnar (BC/FR),1,1,1
Fizz/Gnar (BC/FR),Nami/Twisted Fate (BW),1,1,1
Kai'Sa/Pantheon (MT/SH),Akshan/Sivir (IO/SH),1,1,1
Annie/Miss Fortune (BW/NX),Akshan/Sivir (IO/SH),1,1,1
Gnar/Swain (BC/NX),Caitlyn (BC/PZ),1,1,1
Caitlyn (BC/PZ),Caitlyn/Swain (NX/PZ),1,1,1
Braum (FR/MT),Ezreal/Seraphine (NX/PZ),1,1,1
Akshan/Sivir (MT/SH),Fizz/Samira (BW/NX),1,1,1
Nilah/Twisted Fate (BW/PZ),Ashe/Sejuani (FR),1,1,1
Sejuani/Teemo (FR/PZ),Akshan/Sivir (MT/SH),1,1,1
LeBlanc/Sivir (NX/SH),Akshan/Sivir (MT/SH),1,1,1
Akshan/Sivir (MT/SH),Elise/Tristana (BC/SI),1,1,1
Garen/Sivir (DE/SH),Samira/Tristana (BC/NX),1,1,1
Gnar/Samira (BC/NX),Gwen/Lucian (DE/SI),1,1,1
Gnar/Samira (BC/NX),Norra/Zoe (BC/MT),1,1,1
Fizz/Gnar (BC/FR),Gnar/Samira (BC/NX),1,1,1
Kai'Sa/Pantheon (MT/SH),Sejuani (BW/FR),1,1,1
Ezreal/Seraphine (NX/PZ),Norra/Zoe (BC/MT),1,1,1
Janna/Zoe (MT/PZ),Annie/Jhin (RU/NX),1,1,1
Janna/Zoe (MT/PZ),LeBlanc/Sivir (NX/SH),1,1,1
Akshan/Sivir (SI/SH),Annie/LeBlanc (NX/PZ),1,1,1
Akshan/Sivir (SI/SH),Annie/Miss Fortune (BW/NX),1,1,1
Annie/LeBlanc (NX/PZ),Championless (SI),1,1,1
LeBlanc (FR/NX),Norra/Teemo (BC/PZ),1,1,1
Miss Fortune/Swain (BW/NX),Ashe/LeBlanc (FR/NX),1,1,1
Ezreal/Seraphine (NX/PZ),LeBlanc (NX),1,1,1
Ezreal/Twisted Fate (BW/PZ),Annie/Katarina (FR/NX),1,1,1
Annie/Katarina (FR/NX),Ezreal/Seraphine (NX/PZ),1,1,1
Ezreal/Seraphine (NX/PZ),Jinx (IO/PZ),1,1,1
Braum/Garen (DE/FR),Ezreal/Seraphine (BC/PZ),1,1,1
Sivir (SI/SH),Kai'Sa/Pantheon (MT/SH),1,1,1
Kalista (SI),Darius/Miss Fortune (BW/NX),1,1,1
LeBlanc (FR/NX),Gwen/Vayne (DE/SI),1,1,1
Ashe/Fiora (DE/FR),LeBlanc (FR/NX),1,1,1
Aphelios/Zoe (IO/MT),Ashe/Sejuani (FR),1,1,1
Garen (DE/SH),Draven/Zoe (MT/NX),1,1,1
Draven/Zoe (MT/NX),Akshan/Sivir (NX/SH),1,1,1
Championless (SI),Draven/Zoe (MT/NX),1,1,1
Braum/Gwen (FR/SI),Braum/Lissandra (FR/NX),1,1,1
Braum (FR/SI),Ashe/LeBlanc (FR/NX),1,1,1
Garen (DE/SH),Braum/Lissandra (FR/NX),1,1,1
Akshan/Sivir (MT/SH),Championless (SI),1,1,1
Akshan/Sivir (MT/SH),Ashe/Fiora (DE/FR),1,1,1
Ashe/Renekton (FR/SH),Akshan/Sivir (MT/SH),1,1,1
Akshan/Ekko (PZ/SH),Ashe/Sejuani (FR),1,1,1
Championless (SI),Ashe/Sejuani (FR),1,1,1
Ashe/Sejuani (FR),Fiora/Lux: Illuminated (DE/SH),1,1,1
Ashe/Sejuani (BW/FR),Gnar/Nidalee (BC/SH),1,1,1
Ezreal/Seraphine (BC/PZ),Akshan/Sivir (NX/SH),1,1,1
Garen (DE/SH),Ezreal/Seraphine (BC/PZ),1,1,1
Ashe/Sejuani (BW/FR),Ezreal/Seraphine (BC/PZ),1,1,1
Braum/Lissandra (FR/NX),Ashe/Sejuani (BW/FR),1,1,1
Draven/Gwen (NX/SI),Braum/Zoe (FR/MT),1,1,1
Akshan/Katarina (NX/SH),Garen (DE/SH),1,1,1
Garen (DE/SH),Ashe/Sejuani (FR),1,1,1
Kalista/Nocturne (PZ/SI),Twisted Fate/Yasuo (BW/IO),1,1,1
Braum/Zoe (FR/MT),Twisted Fate/Yasuo (BW/IO),1,1,1
Braum/Sejuani (FR/MT),Miss Fortune/Quinn (BW/DE),1,1,1
Ezreal (PZ/SI),Akshan/Garen (DE/SH),1,1,1
Ezreal/Seraphine (BC/PZ),Braum (FR/MT),1,1,1
LeBlanc (FR/NX),Darius/Katarina/LeBlanc (FR/NX),1,1,1
Kalista (SI),Ezreal (PZ/SI),1,1,1
Ezreal/Seraphine (BC/PZ),Ezreal/Seraphine (NX/PZ),1,1,1
Elise/Nocturne (FR/SI),Ezreal/Seraphine (BC/PZ),1,1,1
Fiora/Shen (DE/IO),Master Yi/Nami (BW/IO),1,1,1
Kalista (SI),Aphelios/Zoe (MT/SI),1,1,1
Nidalee (BC/SH),Akshan/Sivir (DE/SH),1,1,1
Sivir (SI/SH),Championless (SI),1,1,1
Gwen/Vayne (DE/SI),Diana/Nami (BW/MT),1,1,1
Aphelios/Zoe (IO/MT),Championless (PZ/SI),1,1,1
Aphelios/Zoe (IO/MT),Kai'Sa/Sivir (BW/SH),1,1,1
Braum/Gwen (FR/SI),Ashe/LeBlanc (FR/NX),1,1,1
Ashe/LeBlanc (FR/NX),Darius/Katarina/LeBlanc (FR/NX),1,1,1
Kalista (SI),Kai'Sa/Sivir (BW/SH),1,1,1
Evelynn/Kai'Sa (RU/SH),Kai'Sa/Sivir (BW/SH),1,1,1
Garen/Udyr (DE/FR),Ezreal (PZ/SI),1,1,1
Ezreal (PZ/SI),Fizz (BW/FR),1,1,1
Fizz (BW/FR),Miss Fortune/Quinn (BW/DE),1,1,1
Fizz (BW/FR),Yasuo (IO/MT),1,1,1
Caitlyn/Teemo (BC/PZ),Gnar/Samira (BC/NX),1,1,1
Ezreal/Seraphine (BC/PZ),Akshan/Sivir (DE/SH),1,1,1
Elise/Nocturne (NX/SI),Championless (SI),1,1,1
Championless (PZ/SI),Jinx/Nilah (BW/PZ),1,1,1
Jinx/Nilah (BW/PZ),Elise/Nocturne (FR/SI),1,1,1
Miss Fortune/Quinn (BW/DE),Sivir (SI/SH),1,1,1
Jhin/Yasuo (IO/RU),Gwen/Vayne (DE/SI),1,1,1
Kalista (SI),Caitlyn/Zoe (MT/PZ),1,1,1
Caitlyn/Teemo (BC/PZ),Evelynn/Kai'Sa (RU/SH),1,1,1
Miss Fortune/Quinn (BW/DE),Garen (DE/SH),1,1,1
Garen (DE/SH),Lucian/Zed (DE/IO),1,1,1
Akshan/Samira (NX/SH),Aphelios/Zoe (IO/MT),1,1,1
Ezreal/Janna (IO/PZ),Akshan/Ekko/Jinx (PZ/SH),1,1,1
LeBlanc (FR/NX),Akshan/Ekko/Jinx (PZ/SH),1,1,1
Elise/Gwen (PZ/SI),Akshan/Master Yi (IO/SH),1,1,1
Braum/Zoe (FR/MT),Gnar/Sivir (FR/SH),1,1,1
Ashe/LeBlanc (FR/NX),Ezreal/Seraphine (NX/PZ),1,1,1
Garen (DE/SH),Akshan/Ekko/Jinx (PZ/SH),1,1,1
Akshan/Ekko/Jinx (PZ/SH),Braum/Zoe (FR/MT),1,1,1
Caitlyn/Jinx (FR/PZ),Akshan/Sivir (DE/SH),1,1,1
Akshan/Nidalee (BC/SH),Ashe/Udyr (DE/FR),1,1,1
Caitlyn/Swain (NX/PZ),Fizz/Nami (BW/MT),1,1,1
Ashe (FR/PZ),Draven/Zoe (MT/NX),1,1,1
LeBlanc (FR/NX),Gnar/Tristana (BC/NX),1,1,1
Championless (PZ/SI),Ashe/Renekton (FR/SH),1,1,1
Akshan/Nami (BW/SH),Ashe/LeBlanc (FR/NX),1,1,1
Akshan/Sivir (MT/SH),Fizz/Nami (BW/MT),1,1,1
Akshan/Nami (BW/SH),Caitlyn/Zoe (MT/PZ),1,1,1
Janna (PZ/SI),Ezreal/Seraphine (BC/PZ),1,1,1
Nilah/Twisted Fate (BW/PZ),Kalista (NX/SI),1,1,1
Nilah/Twisted Fate (BW/PZ),LeBlanc (NX/SI),1,1,1
Ezreal/Seraphine (BC/PZ),Akshan/Ekko/Jinx (PZ/SH),1,1,1
Darius/Gwen (NX/SI),Norra/Teemo (BC/PZ),1,1,1
Fizz (BW/FR),LeBlanc (FR/NX),1,1,1
Akshan/Sivir (MT/SH),Darius/Katarina/LeBlanc (FR/NX),1,1,1
Ezreal (PZ/SI),Ashe/Fiora (DE/FR),1,1,1
Ashe/Fiora (DE/FR),Ashe (FR/SI),1,1,1
Elise/Hecarim (SI),Ashe/Renekton (FR/SH),1,1,1
Ashe/Renekton (FR/SH),Fiora/Shen (DE/IO),1,1,1
Ashe/Renekton (FR/SH),Ezreal/Seraphine (BC/PZ),1,1,1
Renekton/Sivir (DE/SH),Ashe/Renekton (FR/SH),1,1,1
Kalista (SI),Ashe/Renekton (FR/SH),1,1,1
Championless (PZ/SI),Ezreal/Seraphine (BC/PZ),1,1,1
Ashe (FR/PZ),Kai'Sa/Sivir (DE/SH),1,1,1
Katarina/Yasuo (IO/NX),Kai'Sa/Zoe (MT/SH),1,1,1
Elise/Hecarim (SI),Akshan/Garen (DE/SH),1,1,1
Aphelios/Zoe (IO/MT),Yasuo (IO/PZ),1,1,1
Ezreal (PZ/SI),Gnar/Nidalee (BC/SH),1,1,1
Braum (FR/MT),Gnar (BC/NX),1,1,1
Elise/Nocturne (SI),Braum (FR/MT),1,1,1
Ashe/Sejuani (FR),Akshan/Master Yi (IO/SH),1,1,1
Akshan/Master Yi (IO/SH),Kai'Sa/Zoe (MT/SH),1,1,1
Elise/Hecarim (SI),Gnar/Nidalee (BC/SH),1,1,1
Nilah/Twisted Fate (BW/PZ),Caitlyn/Teemo (NX/PZ),1,1,1
LeBlanc (FR/NX),Fiora (DE/SH),1,1,1
Ashe/Renekton (FR/SH),Braum/Norra (BC/FR),1,1,1
Teemo/Tristana (BC/PZ),Sivir (SI/SH),1,1,1
Garen (DE),Akshan/Master Yi (IO/SH),1,1,1
Elise/Hecarim (SI),Garen/Udyr (DE/FR),1,1,1
Garen/Udyr (DE/FR),Annie/Swain (NX/PZ),1,1,1
Ashe (FR/SI),Aphelios/Zoe (MT/SI),1,1,1
Renekton/Sivir (NX/SH),Aphelios/Zoe (MT/SI),1,1,1
Elise/Hecarim (SI),Janna/Seraphine (PZ/SI),1,1,1
Elise/Hecarim (SI),Katarina/Yasuo (IO/NX),1,1,1
Elise/Hecarim (SI),Garen (DE),1,1,1
Kai'Sa/Sivir (BW/SH),Janna (PZ/SI),1,1,1
LeBlanc/Sivir (NX/SH),Diana/Zoe (MT),1,1,1
Elise/Hecarim (SI),Annie/Jhin (RU/NX),1,1,1
Annie/Swain (NX/PZ),Braum/Zoe (FR/MT),1,1,1
Ezreal/Seraphine (NX/PZ),Pantheon/Zoe (IO/MT),1,1,1
Braum/Zoe (FR/MT),Gwen/Teemo (PZ/SI),1,1,1
Gwen/Teemo (PZ/SI),Swain (FR/NX),1,1,1
Annie/Jhin (RU/NX),Evelynn/Kai'Sa (RU/SH),1,1,1
Janna (PZ/SI),Braum/Udyr (DE/FR),1,1,1
Kalista (SI),Braum/Udyr (DE/FR),1,1,1
Ashe/Sejuani (FR),Darius/Gnar (FR/NX),1,1,1
Kalista (SI),Ashe/Sejuani (FR),1,1,1
Gwen/Vayne (DE/SI),Fizz (BW/FR),1,1,1
Gwen/LeBlanc (NX/SI),Akshan/Fiora (DE/SH),1,1,1
Akshan/Fiora (DE/SH),Ashe/Sejuani (FR),1,1,1
Aphelios/The Poro King (MT/RU),Gwen/Vayne (DE/SI),1,1,1
Ashe/Sejuani (FR),Ashe (FR/PZ),1,1,1
Ashe/Sejuani (FR),Ezreal/Seraphine (BC/PZ),1,1,1
Sejuani/Teemo (FR/PZ),Gnar/Tristana (BC/NX),1,1,1
Kai'Sa/Pantheon (MT/SH),Aphelios/Zoe (MT),1,1,1
Akshan/Pantheon (MT/SH),Gnar/Neeko (BC/RU),1,1,1
Gwen/Zed (IO/SI),Sejuani/Teemo (FR/PZ),1,1,1
Gwen/Vayne (DE/SI),Janna/Nilah (BW/PZ),1,1,1
Sejuani/Teemo (FR/PZ),Kai'Sa/Sivir (BW/SH),1,1,1
Akshan/Sivir (MT/SH),Jhin/Jinx (RU/PZ),1,1,1
Akshan/Sivir (MT/SH),Fizz (BW/FR),1,1,1
Ashe/LeBlanc (FR/NX),Draven/Vayne (DE/NX),1,1,1
Draven/Vayne (DE/NX),Ashe/Fiora (DE/FR),1,1,1
Janna (PZ/SI),Ashe/Fiora (DE/FR),1,1,1
Kalista (SI),Jhin/Jinx (RU/PZ),1,1,1
Gnar/Nidalee (BC/SH),Kai'Sa/Pantheon (MT/SH),1,1,1
Fizz/Nami (BW/MT),Championless (MT/SI),1,1,1
Ezreal/Janna (IO/PZ),Akshan/Aphelios/Pantheon (MT/SH),1,1,1
Janna/Nilah (BW/PZ),Ashe/Sejuani (FR),1,1,1
Ezreal/Janna (IO/PZ),Lux: Illuminated/Udyr (DE/FR),1,1,1
Kalista (SI),Gwen/Irelia (IO/SI),1,1,1
Kalista (SI),Quinn/Vayne (DE/PZ),1,1,1
Annie/Jhin (RU/NX),Garen/Lux: Illuminated (DE/SH),1,1,1
Garen/Lux: Illuminated (DE/SH),Miss Fortune (BW/DE),1,1,1
Garen/Lux: Illuminated (DE/SH),Ezreal/Seraphine (NX/PZ),1,1,1
Shen (DE/IO),Ezreal/Seraphine (NX/PZ),1,1,1
Ashe (FR/PZ),Shen (DE/IO),1,1,1
Ashe/Sejuani (FR),Braum (FR/MT),1,1,1
Ashe/Sejuani (FR/SI),Kalista (PZ/SI),1,1,1
Ashe/Sejuani (FR/SI),Aphelios/The Poro King (MT/RU),1,1,1
Ashe/Sejuani (FR),Fiora/Shen (DE/IO),1,1,1
Championless (FR/IO),Ashe/Sejuani (FR),1,1,1
Ashe/Sejuani (FR),Caitlyn/Swain (NX/PZ),1,1,1
Ashe/Sejuani (FR),Fizz/Nidalee (BC/SH),1,1,1
Braum/Zoe (FR/MT),Master Yi (IO/SH),1,1,1
Master Yi (IO/SH),Gwen/Vayne (DE/SI),1,1,1
Championless (BW/MT),Ezreal/Seraphine (BC/PZ),1,1,1
Championless (BW/MT),Fiora/Shen (DE/IO),1,1,1
Fiora/Shen (DE/IO),Gwen/Teemo (PZ/SI),1,1,1
Fiora/Shen (DE/IO),Evelynn/Norra (BC/RU),1,1,1
Evelynn/Norra (BC/RU),Elise/Nocturne (FR/SI),1,1,1
Ezreal (PZ/SI),Fiora/Shen (DE/IO),1,1,1
Elise/Ezreal (PZ/SI),LeBlanc (FR/NX),1,1,1
Championless (PZ/SI),Elise/Ezreal (PZ/SI),1,1,1
Braum/Udyr/Zoe (FR/MT),Nilah/Twisted Fate (BW/PZ),1,1,1
Fizz/Nami (BW/MT),Aphelios/Pantheon (MT/SH),1,1,1
Akshan/Pantheon (MT/SH),Kalista/Lucian (DE/SI),1,1,1
Ezreal/Janna (IO/PZ),Fiora/Shen (DE/IO),1,1,1
Janna (PZ/SI),Lucian/Quinn (DE/MT),1,1,1
Garen/Udyr (DE/FR),Garen/Sivir (DE/SH),1,1,1
Udyr (BW/FR),Ezreal (PZ/SI),1,1,1
Aphelios (BC/MT),Udyr (BW/FR),1,1,1
Sivir (SI/SH),Ezreal/Seraphine (BC/PZ),1,1,1
Udyr (BW/FR),Kai'Sa/Zoe (MT/SH),1,1,1
Aphelios/Pantheon (MT/SH),Master Yi/Nami (BW/IO),1,1,1
Gwen/Vayne (DE/SI),Teemo/Tristana (BC/PZ),1,1,1
Fizz/Nami (BW/MT),Darius/Gnar (FR/NX),1,1,1
Kalista/Lucian (DE/SI),Caitlyn/Jinx (FR/PZ),1,1,1
Evelynn/Norra (BC/RU),Kalista/Lucian (DE/SI),1,1,1
Gwen/Teemo (PZ/SI),Gwen/Vayne (DE/SI),1,1,1
Fizz/Nami (BW/MT),Evelynn/Norra (BC/RU),1,1,1
Fizz/Nami (BW/MT),Master Yi/Nami (BW/IO),1,1,1
Championless (PZ/SI),Draven (BC/NX),1,1,1
Gwen/Vayne (DE/SI),Draven (BC/NX),1,1,1
Championless (SI),Aphelios (BC/MT),1,1,1
Caitlyn/Jinx (FR/PZ),Hecarim/Zed (IO/SI),1,1,1
Ezreal/Seraphine (BC/PZ),Aphelios (BC/MT),1,1,1
Fizz/Nami (BW/MT),Fiora/Shen (DE/IO),1,1,1
Fiora/Shen (DE/IO),Sejuani/Teemo (BC/FR),1,1,1
Caitlyn/Jinx (FR/PZ),Ashe/LeBlanc (FR/NX),1,1,1
Sejuani/Teemo (BC/FR),Fizz/Nami (BW/MT),1,1,1
Fizz (BW/FR),Draven/Zoe (MT/NX),1,1,1
Ashe/Janna (FR/PZ),Ezreal/Nilah (BW/PZ),1,1,1
Swain/Twisted Fate (BW/NX),Fiora (DE/SH),1,1,1
Evelynn/Norra (BC/RU),Braum (FR/MT),1,1,1
Evelynn/Norra (BC/RU),Ezreal/Seraphine (BC/PZ),1,1,1
Ashe/Fiora (DE/FR),Evelynn/Norra (BC/RU),1,1,1
Ashe/Ezreal (FR/PZ),Evelynn/Norra (BC/RU),1,1,1
Evelynn/Norra (BC/RU),Janna (PZ/SI),1,1,1
Braum (FR/MT),Ashe/Ezreal (FR/PZ),1,1,1
Ashe/Ezreal (FR/PZ),Bard/Caitlyn (RU/PZ),1,1,1
Janna (PZ/SI),Evelynn/Kai'Sa (RU/SH),1,1,1
Swain/Twisted Fate (BW/NX),Gwen/Quinn (DE/SI),1,1,1
Gwen/Quinn (DE/SI),Braum/Zoe (FR/MT),1,1,1
Hecarim/Zed (IO/SI),Braum (FR/MT),1,1,1
Swain/Twisted Fate (BW/NX),Aphelios (MT/SI),1,1,1
Swain/Twisted Fate (BW/NX),Fiora/Shen (DE/IO),1,1,1
Championless (BW/MT),Norra/Teemo (BC/PZ),1,1,1
Ezreal/Seraphine (PZ/SI),Nidalee (BC/SH),1,1,1
Championless (BW/MT),Yasuo (IO/MT),1,1,1
Diana/Zoe (IO/MT),Championless (BW/MT),1,1,1
Caitlyn/Jinx (FR/PZ),Ezreal/Seraphine (BC/PZ),1,1,1
Fizz/Samira (BW/NX),Swain/Twisted Fate (BW/NX),1,1,1
Akshan/Sivir (MT/SH),Norra/Zoe (BC/MT),1,1,1
Akshan/Sivir (MT/SH),Ezreal/Seraphine (PZ/SI),1,1,1
Ezreal/Janna (IO/PZ),Braum (FR/MT),1,1,1
Diana/Garen (DE/MT),Master Yi/Udyr (FR/IO),1,1,1
Jhin/Swain (RU/NX),Akshan/Sivir (MT/SH),1,1,1
Ezreal/Seraphine (PZ/SI),Gwen/Teemo (PZ/SI),1,1,1
Gnar/Sejuani (BC/FR),Gwen/Teemo (PZ/SI),1,1,1
Gwen/Teemo (PZ/SI),Evelynn/Norra (BC/RU),1,1,1
Yasuo (IO/MT),Ezreal (PZ/SI),1,1,1
Ezreal (PZ/SI),Swain/Twisted Fate (BW/NX),1,1,1
Fizz/Nami (BW/MT),Hecarim/Zed (IO/SI),1,1,1
Hecarim/Zed (IO/SI),Ashe (FR/PZ),1,1,1
Akshan/Ekko (PZ/SH),Norra/Teemo (BC/PZ),1,1,1
Nilah/Twisted Fate (BW/PZ),Gnar/Swain (BC/NX),1,1,1
Swain/Udyr (FR/NX),Miss Fortune/Quinn (BW/DE),1,1,1
Ashe/LeBlanc (FR/NX),Diana/Zoe (IO/MT),1,1,1
Ashe/LeBlanc (FR/NX),Ezreal/Vayne (DE/PZ),1,1,1
Ezreal/Seraphine (NX/PZ),Gnar (BC/NX),1,1,1
Fizz/Nami (BW/MT),Ezreal/Seraphine (PZ/SI),1,1,1
Shen/Udyr (FR/IO),Garen/Lux: Illuminated (DE/SH),1,1,1
Aphelios/Zoe (IO/MT),Fizz/Nami (BW/MT),1,1,1
Nilah/Twisted Fate (BW/PZ),Yasuo/Zoe (IO/MT),1,1,1
Ashe (FR/PZ),Quinn/Zed (DE/IO),1,1,1
Akshan/Ekko/Janna (PZ/SH),Fiora/Vayne (DE/PZ),1,1,1
Aphelios/Pantheon (DE/MT),Braum (FR/MT),1,1,1
Braum (FR/MT),Lux: Illuminated/Pantheon (DE/MT),1,1,1
Braum/Zoe (FR/MT),Lux: Illuminated/Pantheon (DE/MT),1,1,1
Ashe/Gnar (FR),Annie/Jhin (RU/NX),1,1,1
Nilah/Twisted Fate (BW/PZ),Ezreal/Janna (IO/PZ),1,1,1
LeBlanc (FR/NX),Akshan/Master Yi (IO/SH),1,1,1
Aphelios/Zoe (IO/MT),Master Yi/Norra (BC/IO),1,1,1
Master Yi/Norra (BC/IO),Gwen/Vayne (DE/SI),1,1,1
Gwen/Vayne (DE/SI),Jinx (PZ/SI),1,1,1
Sejuani/Swain (FR/NX),Gwen/Teemo (PZ/SI),1,1,1
LeBlanc (FR/NX),Sejuani/Swain (FR/NX),1,1,1
Gwen/Vayne (DE/SI),Braum (FR/MT),1,1,1
Ezreal/Seraphine (PZ/SI),Akshan (PZ/SH),1,1,1
Akshan/Ekko/Janna (PZ/SH),Ezreal/Seraphine (PZ/SI),1,1,1
Akshan/Ekko/Janna (PZ/SH),Kai'Sa/Pantheon (MT/SH),1,1,1
LeBlanc (FR/NX),Garen/Irelia (DE/IO),1,1,1
LeBlanc (FR/NX),Akshan/Ekko/Janna (PZ/SH),1,1,1
Ashe/Sejuani (FR/SI),Sivir (SI/SH),1,1,1
Braum/Zoe (FR/MT),Gwen/Irelia (IO/SI),1,1,1
Ashe/LeBlanc (FR/NX),Akshan/Ekko/Janna (PZ/SH),1,1,1
Ashe/Sejuani (FR/SI),Gwen/Vayne (DE/SI),1,1,1
Elise/Nocturne (FR/SI),Gwen/Vayne (DE/SI),1,1,1
Gwen/Vayne (DE/SI),Garen/Quinn (DE),1,1,1
Fiora/Shen (DE/IO),Aphelios/Zoe (IO/MT),1,1,1
Akshan/Ekko/Janna (PZ/SH),Aphelios/Zoe (IO/MT),1,1,1
Ashe/Sejuani (FR/SI),Akshan (PZ/SH),1,1,1
Ashe/Sejuani (FR/SI),Irelia/Lucian (DE/IO),1,1,1
Gwen/Quinn (DE/SI),Diana/Nami (BW/MT),1,1,1
Evelynn/Norra (BC/RU),Diana/Nami (BW/MT),1,1,1
Ashe/Sejuani (FR/SI),Diana/Nami (BW/MT),1,1,1
Gwen/Quinn (DE/SI),Ekko/Vayne (DE/PZ),1,1,1
Fizz/Nami (BW/MT),Ashe/Zoe (FR/MT),1,1,1
Ashe/Zoe (FR/MT),Ezreal/Master Yi/Seraphine (IO/PZ),1,1,1
Ashe/Sejuani (FR/SI),Master Yi/Norra (BC/IO),1,1,1
Master Yi/Norra (BC/IO),Ezreal/Master Yi/Seraphine (IO/PZ),1,1,1
Fizz/Nami (BW/MT),Aphelios/Janna (MT/PZ),1,1,1
Miss Fortune/Twisted Fate (BW/NX),Evelynn/Norra (BC/RU),1,1,1
Ashe/Sejuani (FR/SI),Ashe/Janna (FR/PZ),1,1,1
Nilah/Twisted Fate (BW/PZ),Gwen/Quinn (DE/SI),1,1,1
Gwen/Quinn (DE/SI),Akshan/Nami (BW/SH),1,1,1
Kalista (SI),Ezreal/Master Yi/Seraphine (IO/PZ),1,1,1
Aphelios/Janna (MT/PZ),Gwen/Irelia (IO/SI),1,1,1
Fizz/Nami (BW/MT),Gwen/Vayne (DE/SI),1,1,1
Elise/Nocturne (NX/SI),Nilah/Twisted Fate (BW/PZ),1,1,1
Nilah/Twisted Fate (BW/PZ),Nocturne (SI),1,1,1
LeBlanc/Udyr (FR/NX),Akshan/Katarina (NX/SH),1,1,1
Janna/Nilah (BW/PZ),Gwen/Katarina (NX/SI),1,1,1
Ezreal/Seraphine (IO/PZ),Hecarim/Lucian (DE/SI),1,1,1
Norra (BC/BW),Hecarim/Lucian (DE/SI),1,1,1
Hecarim/Lucian (DE/SI),Gwen/Katarina (NX/SI),1,1,1
Norra (BC/BW),Fizz/Nami (BW/MT),1,1,1
Master Yi/Nami (BW/IO),Janna (PZ/SI),1,1,1
Garen/Udyr (DE/FR),Ezreal/Seraphine (BC/PZ),1,1,1
Gwen/Katarina (NX/SI),Ezreal/Seraphine (BC/PZ),1,1,1
Gwen/Katarina (NX/SI),Aphelios/Zoe (IO/MT),1,1,1
Gwen/Katarina (NX/SI),Master Yi/Zoe (IO/MT),1,1,1
Ezreal/Seraphine (BC/PZ),Gnar/Nidalee (BC/SH),1,1,1
Akshan/Master Yi (IO/SH),Fiora (DE/SH),1,1,1
Norra (BC/BW),Darius/Gnar (FR/NX),1,1,1
Gnar/Nidalee (BC/SH),Zoe (IO/MT),1,1,1
Ashe/LeBlanc (FR/NX),Zed/Zoe (IO/MT),1,1,1
Akshan/Master Yi (IO/SH),Fizz/Nami (BW/MT),1,1,1
Ashe/Sejuani (FR/SI),Braum/Pantheon (FR/MT),1,1,1
Championless (PZ/SI),Akshan/Zoe (MT/SH),1,1,1
Lulu/Zed (DE/IO),Ashe/Sejuani (FR/SI),1,1,1
Akshan/Pantheon (MT/SH),Kai'Sa/Zoe (MT/SH),1,1,1
Fizz/Nami (BW/MT),Ashe/Sejuani (BW/FR),1,1,1
Yasuo (IO/MT),Janna/Zoe (MT/PZ),1,1,1
Kai'Sa/Zoe (MT/SH),Ezreal/Seraphine (BC/PZ),1,1,1
Norra (BC/BW),Ashe/LeBlanc (FR/NX),1,1,1
Ezreal/Janna (IO/PZ),Yasuo (IO/MT),1,1,1
Yasuo (IO/MT),Master Yi/Samira (IO/NX),1,1,1
Gwen/Udyr (FR/SI),Zoe (IO/MT),1,1,1
Nilah/Twisted Fate (BW/PZ),Ashe/Sejuani (BW/FR),1,1,1
Ezreal/Seraphine (IO/PZ),Ashe/Sejuani (FR/SI),1,1,1
Ashe/Sejuani (FR/SI),Lux: Illuminated/Pantheon (DE/MT),1,1,1
Nilah/Twisted Fate (BW/PZ),Lux: Illuminated/Pantheon (DE/MT),1,1,1
Ashe (FR/PZ),Leona (MT/SH),1,1,1
Ezreal/Janna (MT/PZ),Draven/Zoe (MT/NX),1,1,1
Ashe/Sejuani (FR/SI),Yasuo (IO/MT),1,1,1
Ashe/Sejuani (FR/SI),Aphelios/Zoe (MT/SH),1,1,1
Kai'Sa/Zoe (MT/SH),Ashe/Sejuani (FR/SI),1,1,1
Kalista/Nocturne (SI),Norra/Teemo (BC/PZ),1,1,1
Ezreal (PZ/SI),Sejuani/Yasuo (FR/IO),1,1,1
Swain/Twisted Fate (BW/NX),Akshan/Ashe (FR/SH),1,1,1
Braum/Zoe (FR/MT),Sivir (SI/SH),1,1,1
Gnar/Neeko (FR/RU),Akshan/Nami (BW/SH),1,1,1
Katarina/Yasuo (IO/NX),Katarina/Zed (IO/NX),1,1,1
Fiora/Udyr (DE/FR),Kai'Sa/Pantheon (MT/SH),1,1,1
Akshan/Nami (BW/SH),Jinx (PZ/SI),1,1,1
Ashe/Pantheon (FR/MT),Sejuani/Swain (FR/NX),1,1,1
Irelia/Udyr (FR/IO),Ashe/Pantheon (FR/MT),1,1,1
Miss Fortune/Quinn (BW/DE),Ezreal/Seraphine (NX/PZ),1,1,1
Annie/Twisted Fate (BW/NX),Ahri/Katarina (IO/NX),1,1,1
Ezreal/Seraphine (BC/PZ),Katarina/Zed (IO/NX),1,1,1
Akshan/Pantheon (MT/SH),Jinx (PZ/SI),1,1,1
Ashe/Zoe (FR/MT),Aphelios/Zoe (FR/MT),1,1,1
Ashe/Zoe (FR/MT),Aphelios/Zoe (IO/MT),1,1,1
Irelia/Udyr (FR/IO),Ezreal/Seraphine (PZ/SI),1,1,1
Irelia/Udyr (FR/IO),Sejuani/Swain (FR/NX),1,1,1
Sejuani/Swain (FR/NX),Annie/Twisted Fate (BW/NX),1,1,1
Ezreal/Seraphine (NX/PZ),Kai'Sa/Pantheon (MT/SH),1,1,1
Akshan/Sivir (DE/SH),Ezreal/Janna (MT/PZ),1,1,1
Draven/Jinx (NX/PZ),Ahri/Katarina (IO/NX),1,1,1
Aphelios/Zoe (IO/MT),Irelia/Udyr (FR/IO),1,1,1
Diana/Nami (BW/MT),Akshan/Pantheon (MT/SH),1,1,1
Ahri/Katarina (IO/NX),Gwen/Katarina (NX/SI),1,1,1
Ezreal (PZ/SI),Ahri/Katarina (IO/NX),1,1,1
Ahri/Katarina (IO/NX),Nilah/Twisted Fate (BW/PZ),1,1,1
Ezreal/Seraphine (NX/PZ),Irelia/Udyr (FR/IO),1,1,1
Gwen/LeBlanc (NX/SI),Sejuani/Yasuo (FR/IO),1,1,1
Kai'Sa/Pantheon (MT/SH),Sejuani/Swain (FR/NX),1,1,1
Ezreal/Seraphine (NX/PZ),Leona/Yasuo (IO/MT),1,1,1
Nilah/Twisted Fate (BW/PZ),Ezreal/Seraphine (NX/PZ),1,1,1
Ezreal/Seraphine (BC/PZ),Ezreal/Janna (MT/PZ),1,1,1
Caitlyn/Swain (NX/PZ),Caitlyn/Jinx (FR/PZ),1,1,1
Teemo/Tristana (BC/PZ),Zoe (IO/MT),1,1,1
Akshan/Pantheon (MT/SH),Zoe (IO/MT),1,1,1
Akshan/Pantheon (MT/SH),Darius/Garen (DE/NX),1,1,1
Sejuani/Swain (FR/NX),Leona/Zoe (DE/MT),1,1,1
Leona/Zoe (DE/MT),Akshan/Zoe (MT/SH),1,1,1
LeBlanc/Sivir (NX/SH),Leona/Zoe (DE/MT),1,1,1
Diana/Nami (BW/MT),Ashe/Zoe (FR/MT),1,1,1
Akshan/Master Yi (IO/SH),Diana/Nami (BW/MT),1,1,1
Neeko/Renekton (RU/SH),Ashe/Lissandra (FR/SH),1,1,1
Gnar/Neeko (FR/RU),Ashe/Lissandra (FR/SH),1,1,1
Lux: Illuminated (DE/MT),Akshan/Zoe (MT/SH),1,1,1
Lux: Illuminated (DE/MT),Braum/Zoe (FR/MT),1,1,1
Ashe/Braum (FR/PZ),LeBlanc/Sivir (NX/SH),1,1,1
Akshan/Zoe (MT/SH),Fiora (DE/SH),1,1,1
Teemo/Tristana (BC/PZ),Kai'Sa/Pantheon (MT/SH),1,1,1
Irelia/Udyr (FR/IO),Norra/Teemo (BC/PZ),1,1,1
Ashe/Zoe (FR/MT),Caitlyn/Norra (BC/PZ),1,1,1
Ashe/LeBlanc (FR/NX),Miss Fortune (BW/FR),1,1,1
Master Yi/Yasuo (IO/MT),Ashe/Lissandra (FR/SH),1,1,1
Ashe/Braum (FR),Ashe (FR/PZ),1,1,1
Ashe/Lissandra (FR/SH),Kai'Sa/Pantheon (MT/SH),1,1,1
Ezreal/Janna (PZ/SI),Hecarim/Zed (IO/SI),1,1,1
Udyr/Zed (FR/IO),Irelia/Udyr (FR/IO),1,1,1
Ezreal/Seraphine (IO/PZ),Ezreal/Janna (IO/PZ),1,1,1
Darius/Gnar (FR/NX),Akshan/Zoe (MT/SH),1,1,1
Championless (BW/MT),Evelynn/Norra (BC/RU),1,1,1
Ezreal/Twisted Fate (BW/PZ),Evelynn/Norra (BC/RU),1,1,1
Garen/Quinn (DE),Sejuani/Yasuo (FR/IO),1,1,1
Ezreal (PZ/SI),Aphelios/Zoe (MT/SH),1,1,1
Ashe/Lissandra (FR/SH),Darius/Gnar (FR/NX),1,1,1
Garen/Quinn (DE),Janna/Twisted Fate (BW/PZ),1,1,1
Garen/Quinn (DE),Darius/Gnar (FR/NX),1,1,1
Yasuo (IO/MT),Ashe (FR/PZ),1,1,1
Fiora (DE/SH),Udyr/Zoe (FR/MT),1,1,1
Caitlyn/Jinx (FR/PZ),Championless (BW/MT),1,1,1
Championless (PZ/SI),Caitlyn/Jinx (FR/PZ),1,1,1
Championless (PZ/SI),Yasuo (IO/MT),1,1,1
Norra/Zoe (BC/MT),Sivir (SI/SH),1,1,1
Norra/Zoe (BC/MT),Norra/Teemo (BC/PZ),1,1,1
Ekko/Ezreal (PZ/SI),Akshan/Pantheon (MT/SH),1,1,1
Akshan/Sivir (MT/SH),Sivir (SI/SH),1,1,1
Ekko/Ezreal (PZ/SI),Yasuo (IO/MT),1,1,1
Akshan/Sivir (MT/SH),Akshan/Fiora (DE/SH),1,1,1
Akshan/Fiora (DE/SH),Nami/Zoe (BW/MT),1,1,1
Fiora (DE/SH),Fiora/Udyr (DE/FR),1,1,1
Nocturne (SI),Fiora/Udyr (DE/FR),1,1,1
Fiora/Udyr (DE/FR),Championless (BW/MT),1,1,1
Bard/Caitlyn (RU/PZ),Ezreal/Twisted Fate (BW/PZ),1,1,1
Ezreal/Seraphine (BC/PZ),Yasuo (IO/MT),1,1,1
Bard/Caitlyn (RU/PZ),Nocturne (SI),1,1,1
Ezreal/Seraphine (PZ/SI),Nami/Zoe (BW/MT),1,1,1
Nocturne (SI),Garen/Udyr (DE/FR),1,1,1
Ezreal/Seraphine (NX/PZ),Ashe (FR/PZ),1,1,1
Master Yi/Zoe (IO/MT),Akshan/Kai'Sa/Pantheon (MT/SH),1,1,1
Akshan/Master Yi (IO/SH),Championless (BW/MT),1,1,1
Ezreal/Janna (IO/PZ),Fizz/Master Yi (BW/IO),1,1,1
Ezreal/Janna (IO/PZ),Championless (SI/SH),1,1,1
Fizz/Nidalee (BC/SH),Braum/Zoe (FR/MT),1,1,1
Akshan/Sivir (MT/SH),Championless (PZ/SI),1,1,1
Ezreal/Seraphine (IO/PZ),Gwen/Vayne (DE/SI),1,1,1
Ashe/Zoe (FR/MT),Norra/Teemo (BC/PZ),1,1,1
Kalista (SI),Ashe/Zoe (FR/MT),1,1,1
Braum (FR/MT),Norra/Teemo (BC/PZ),1,1,1
Ezreal/Seraphine (NX/PZ),Bard/Caitlyn (RU/PZ),1,1,1
Fizz/Master Yi (BW/IO),Braum/Zoe (FR/MT),1,1,1
Fizz/Master Yi (BW/IO),Gwen/Vayne (DE/SI),1,1,1
Garen/Norra (BC/DE),Lulu/Zed (DE/IO),1,1,1
LeBlanc (FR/NX),Ashe/Renekton (FR/SH),1,1,1
Akshan/Pantheon (MT/SH),Master Yi/Zoe (IO/MT),1,1,1
Championless (BW/MT),Janna/Nilah (BW/PZ),1,1,1
Elise/Nocturne (SI/SH),Ezreal/Seraphine (NX/PZ),1,1,1
Ezreal/Seraphine (NX/PZ),Championless (MT/SI),1,1,1
Draven/Jinx (NX/PZ),Akshan/Pantheon (MT/SH),1,1,1
Fizz/Nidalee (BC/SH),Ashe/LeBlanc (FR/NX),1,1,1
Ezreal/Seraphine (NX/PZ),Fiora/Shen (DE/IO),1,1,1
Braum/Zoe (FR/MT),Garen/Lucian (DE/FR),1,1,1
Garen/Lucian (DE/FR),Master Yi/Zoe (IO/MT),1,1,1
Garen (DE/FR),Gwen/Udyr (FR/SI),1,1,1
Garen/Lucian (DE/FR),Fiora (DE/SH),1,1,1
Fizz/Nami (BW/MT),Kalista (SI),1,1,1
Ezreal/Seraphine (PZ/SI),Norra/Teemo (BC/PZ),1,1,1
Garen/Lucian (DE/FR),Ezreal/Seraphine (BC/PZ),1,1,1
Sivir (SI/SH),Ekko/Ezreal (PZ/SI),1,1,1
Neeko/Renekton (RU/SH),Ekko/Ezreal (PZ/SI),1,1,1
Norra/Zoe (BC/MT),Fizz/Master Yi (BW/IO),1,1,1
Fizz/Master Yi (BW/IO),Ezreal (PZ/SI),1,1,1
Ekko/Ezreal (PZ/SI),Elise/Ezreal (PZ/SI),1,1,1
Fizz/Master Yi (BW/IO),Sivir (SI/SH),1,1,1
Ezreal (PZ/SI),Ezreal/Janna (PZ/SI),1,1,1
Ezreal (PZ/SI),Ezreal/Seraphine (PZ/SI),1,1,1
Ezreal/Seraphine (PZ/SI),Akshan/Kai'Sa (DE/SH),1,1,1
Miss Fortune/Quinn (BW/DE),Norra/Zoe (BC/MT),1,1,1
Akshan/Pantheon (MT/SH),Aphelios/Zoe (IO/MT),1,1,1
Ekko (PZ/SI),Ezreal/Janna (PZ/SI),1,1,1
Akshan/Udyr (FR/SH),Ezreal (PZ/SI),1,1,1
Akshan/Master Yi (IO/SH),Ekko (PZ/SI),1,1,1
Annie/Ezreal/Swain (NX/PZ),Ezreal/Twisted Fate (BW/PZ),1,1,1
Caitlyn/Swain (NX/PZ),Yasuo (IO/MT),1,1,1
Master Yi/Quinn (DE/IO),Darius/Gwen (NX/SI),1,1,1
Janna/Nilah (BW/PZ),Akshan/Pantheon (MT/SH),1,1,1
Akshan/Nilah (BW/SH),Ashe/Caitlyn (FR/PZ),1,1,1
Akshan/Pantheon (MT/SH),Ezreal/Janna (PZ/SI),1,1,1
Nilah/Twisted Fate (BW/PZ),Caitlyn/Kalista (PZ/SI),1,1,1
Nilah/Twisted Fate (BW/PZ),Master Yi/Quinn (DE/IO),1,1,1
Fiora (DE/SH),Darius/Gnar (FR/NX),1,1,1
Akshan/Master Yi (IO/SH),Kai'Sa/Pantheon (MT/SH),1,1,1
Braum (FR/NX),Bard/Caitlyn (RU/PZ),1,1,1
Miss Fortune/Quinn (BW/DE),Hecarim/Zed (IO/SI),1,1,1
Fizz/Samira (BW/NX),Ezreal (PZ/SI),1,1,1
Ekko (PZ/SI),Darius/Gnar (FR/NX),1,1,1
Ashe/Sejuani (FR/SI),Vayne/Zed (DE/IO),1,1,1
Aphelios/Zoe (MT/SH),Vayne/Zed (DE/IO),1,1,1
Vayne/Zed (DE/IO),Elise/Nocturne (NX/SI),1,1,1
Hecarim/Zed (IO/SI),Aphelios/Zoe (MT/SH),1,1,1
Darius/Gnar (FR/NX),Elise/Nocturne (NX/SI),1,1,1
Aphelios/Zoe (MT/SH),Darius/Gnar (FR/NX),1,1,1
Aphelios/Zoe (MT/SH),Ezreal/Seraphine (IO/PZ),1,1,1
Ashe/LeBlanc (FR/NX),Ezreal/Janna (PZ/SI),1,1,1
Miss Fortune/Quinn (BW/DE),Aphelios/Zoe (MT/SH),1,1,1
Akshan/Sivir (DE/SH),Braum (FR/MT),1,1,1
Braum (FR/MT),Akshan/Master Yi (IO/SH),1,1,1
Garen/Udyr (DE/FR),Braum (FR/MT),1,1,1
Championless (SI),Lucian/Zed (DE/IO),1,1,1
Nilah/Twisted Fate (BW/PZ),Annie/Ezreal/Swain (NX/PZ),1,1,1
Akshan/Sivir (NX/SH),Gnar/Nidalee (BC/SH),1,1,1
Kai'Sa/Pantheon (MT/SH),Ekko/Ezreal (FR/PZ),1,1,1
Ezreal (FR/PZ),Ahri/Kennen (BC/IO),1,1,1
Ahri/Kennen (BC/IO),Udyr/Zed (FR/IO),1,1,1
Leona/Yasuo (IO/MT),Ekko (PZ/SI),1,1,1
Nilah/Twisted Fate (BW/PZ),Yasuo (IO/MT),1,1,1
Miss Fortune (BW/DE),Ahri/Kennen (BC/IO),1,1,1
Darius/Garen (DE/NX),Nilah/Twisted Fate (BW/PZ),1,1,1
Akshan/Sivir (NX/SH),LeBlanc/Sejuani (FR/NX),1,1,1
Fizz (BW/FR),Bard/Caitlyn (RU/PZ),1,1,1
Bard/Caitlyn (RU/PZ),Sivir/Zoe (MT/SH),1,1,1
Bard/Caitlyn (RU/PZ),Aphelios/Zoe (MT/SH),1,1,1
Braum/Zoe (FR/MT),Sivir/Zoe (MT/SH),1,1,1
Championless (SI),Sivir/Zoe (MT/SH),1,1,1
Aphelios/Zoe (MT/SH),Braum/Zoe (FR/MT),1,1,1
Kalista (SI),Ezreal/Janna (PZ/SI),1,1,1
Akshan/Pantheon (MT/SH),Akshan/Kai'Sa/Pantheon (MT/SH),1,1,1
Elise/Nocturne (SI),Kalista (SI),1,1,1
Akshan/Sivir (DE/SH),Annie/Twisted Fate (BW/NX),1,1,1
Kai'Sa/Zoe (MT/SH),Fiora (DE/SH),1,1,1
Akshan/Sivir (DE/SH),Bard/Caitlyn (RU/PZ),1,1,1
Bard/Caitlyn (RU/PZ),Kai'Sa/Zoe (MT/SH),1,1,1
Nilah/Twisted Fate (BW/PZ),Kai'Sa/Zed (IO/SH),1,1,1
Bard/Caitlyn (RU/PZ),Ekko (PZ/SI),1,1,1
Katarina/LeBlanc (FR/NX),Akshan/Sivir (NX/SH),1,1,1
Ezreal (PZ/SI),Draven/Katarina (FR/NX),1,1,1
Caitlyn/Teemo (BC/PZ),Ezreal (PZ/SI),1,1,1
Teemo/Zoe (MT/PZ),Akshan/Fiora (DE/SH),1,1,1
Garen/Udyr (DE/FR),Caitlyn/Jinx (FR/PZ),1,1,1
Ashe/Caitlyn (FR/PZ),Akshan/Sivir (NX/SH),1,1,1
Fizz/Samira (BW/NX),Caitlyn/Jinx (FR/PZ),1,1,1
Ashe/Janna (FR/PZ),Garen/Udyr (DE/FR),1,1,1
Teemo/Zoe (MT/PZ),Caitlyn/Teemo (BC/PZ),1,1,1
Akshan/Master Yi (IO/SH),Teemo/Tristana (BC/PZ),1,1,1
Akshan/Pantheon (MT/SH),Teemo/Tristana (BC/PZ),1,1,1
Darius/Gnar (FR/NX),Akshan/Lux: Illuminated (DE/SH),1,1,1
Darius/Gnar (FR/NX),Norra/Tristana (BC/NX),1,1,1
Braum/Zoe (FR/MT),Draven/Katarina (FR/NX),1,1,1
Garen/Udyr (DE/FR),Teemo/Zoe (MT/PZ),1,1,1
Fizz/Master Yi (BW/IO),Teemo/Zoe (MT/PZ),1,1,1
Janna/Twisted Fate (BW/PZ),Fizz/Master Yi (BW/IO),1,1,1
Gwen/Katarina (NX/SI),Caitlyn (PZ/SI),1,1,1
Ezreal (PZ/SI),Ekko (PZ/SI),1,1,1
LeBlanc (FR/NX),Akshan/Sivir (NX/SH),1,1,1
Leona/Yasuo (IO/MT),Championless (DE/MT),1,1,1
Caitlyn/Jinx (FR/PZ),Ashe/Fizz (BC/FR),1,1,1
Ashe (FR/PZ),Fizz/Master Yi (BW/IO),1,1,1
Janna/Twisted Fate (BW/PZ),Yasuo/Zoe (IO/MT),1,1,1
Akshan/Sivir (DE/SH),Sivir (SI/SH),1,1,1
Braum/Zoe (FR/MT),Yasuo/Zoe (IO/MT),1,1,1
Kalista (SI),Garen (DE/SH),1,1,1
Garen (DE/SH),Ezreal/Janna (PZ/SI),1,1,1
Ezreal (FR/PZ),Jinx/Norra (BC/PZ),1,1,1
Ekko (PZ/SI),Janna/Twisted Fate (BW/PZ),1,1,1
Akshan/Lissandra/Udyr (FR/SH),Garen/Udyr (DE/FR),1,1,1
Akshan/Master Yi (IO/SH),Caitlyn (PZ/SI),1,1,1
Yasuo/Zoe (IO/MT),Ekko (PZ/SI),1,1,1
Yasuo/Zoe (IO/MT),Kalista (SI),1,1,1
Yasuo/Zoe (IO/MT),Akshan/Lissandra/Udyr (FR/SH),1,1,1
Akshan/Lissandra/Udyr (FR/SH),Draven/Katarina (FR/NX),1,1,1
Akshan/Sivir (DE/SH),Master Yi/Zoe (IO/MT),1,1,1
Master Yi/Zoe (IO/MT),Ashe/Udyr (DE/FR),1,1,1
Ekko (PZ/SI),Nilah/Twisted Fate (BW/PZ),1,1,1
Ashe/Udyr (DE/FR),Nilah/Twisted Fate (BW/PZ),1,1,1
Norra/Zoe (BC/MT),Master Yi/Zoe (IO/MT),1,1,1
Braum/Zoe (FR/MT),Ahri/Kennen (BC/IO),1,1,1
Udyr/Zed (FR/IO),Katarina/Yasuo (IO/NX),1,1,1
Championless (SI),Aphelios/Master Yi (IO/MT),1,1,1
Akshan/Sivir (DE/SH),Ekko/Master Yi (IO/PZ),1,1,1
Akshan/Sivir (NX/SH),Leona/Yasuo (IO/MT),1,1,1
Ashe/Sejuani (FR/SI),Annie/Gwen (NX/SI),1,1,1
Ashe/Sejuani (FR/SI),Gwen/Udyr (FR/SI),1,1,1
Akshan/Sivir (DE/SH),Janna (PZ/SI),1,1,1
Ezreal (PZ/SI),Ezreal (FR/PZ),1,1,1
Ashe/Sejuani (FR/SI),Ezreal (PZ/SI),1,1,1
Akshan/Sivir (DE/SH),Akshan/Janna (PZ/SH),1,1,1
Akshan/Udyr (FR/SH),Ekko/Norra (BC/PZ),1,1,1
Fizz/Udyr (BW/FR),Garen/Udyr (DE/FR),1,1,1
Sivir (SI/SH),Aphelios/Zoe (BC/MT),1,1,1
Gwen (NX/SI),Ashe/Renekton (FR/SH),1,1,1
Ashe/Renekton (FR/SH),Garen/Udyr (DE/FR),1,1,1
Braum/Shen (FR/IO),Garen/Udyr (DE/FR),1,1,1
Championless (SI),Norra (BC/IO),1,1,1
Akshan/Samira (NX/SH),Gnar/Neeko (FR/RU),1,1,1
Akshan/Sivir (DE/SH),Lulu/Zed (DE/IO),1,1,1
Caitlyn/Draven (NX/PZ),Janna (PZ/SI),1,1,1
Ashe/Renekton (FR/SH),Akshan/Sivir (NX/SH),1,1,1
Ashe/Renekton (FR/SH),Aphelios/Zoe (BC/MT),1,1,1
LeBlanc/Sivir (NX/SH),Ashe (FR/SI),1,1,1
Ezreal/Janna (IO/PZ),Garen/Udyr (DE/FR),1,1,1
Lux: Illuminated (DE/MT),Ashe/Renekton (FR/SH),1,1,1
Aphelios/Zoe (BC/MT),Akshan/Sivir (NX/SH),1,1,1
Ashe/LeBlanc (FR/NX),Ashe/Renekton (FR/SH),1,1,1
Garen/Udyr (DE/FR),Samira/Udyr (FR/NX),1,1,1
Udyr/Vayne (DE/FR),Samira/Udyr (FR/NX),1,1,1
Leona/Yasuo (IO/MT),Sivir/Udyr (FR/SH),1,1,1
Nilah/Twisted Fate (BW/PZ),Ashe/Renekton (FR/SH),1,1,1
Ashe/Janna (FR/PZ),Ashe/Renekton (FR/SH),1,1,1
Sivir (SI/SH),Ashe (FR/SI),1,1,1
Janna/Nilah (BW/PZ),Braum (FR/IO),1,1,1
Sivir/Vayne (DE/SH),Caitlyn/Teemo (BC/PZ),1,1,1
Gnar/LeBlanc (FR/NX),Braum/Darius (FR/NX),1,1,1
Ezreal/Seraphine (PZ/SI),Braum/Master Yi (FR/IO),1,1,1
Swain/Yasuo (IO/NX),Akshan/Sivir (NX/SH),1,1,1
Garen/Udyr (DE/FR),Gnar/Norra (BC/SH),1,1,1
Katarina/Vayne (DE/NX),Janna/Nilah (BW/PZ),1,1,1
Miss Fortune/Zoe (BW/MT),Janna/Nilah (BW/PZ),1,1,1
Pantheon/Udyr (FR/MT),Braum/Gnar (BC/FR),1,1,1
Ashe (FR/PZ),Braum/Gnar (BC/FR),1,1,1
Seraphine/Zoe (MT/PZ),Championless (DE/SI),1,1,1
Hecarim (SI),Caitlyn/Swain (NX/PZ),1,1,1
Janna (FR/PZ),Garen (DE/SH),1,1,1
Championless (PZ/SI),Fizz/Samira (BW/NX),1,1,1
Fiora/Udyr (DE/FR),Caitlyn/Teemo (BC/PZ),1,1,1
Ezreal/Nilah/Twisted Fate (BW/PZ),Championless (BW/MT),1,1,1
Braum/Zoe (FR/MT),Gwen/Kalista (DE/SI),1,1,1
Darius/Gnar (FR/NX),Diana/Zoe (FR/MT),1,1,1
Caitlyn/Teemo (BW/PZ),Nilah/Twisted Fate (BW/PZ),1,1,1
Janna (FR/PZ),Caitlyn/Swain (NX/PZ),1,1,1
Caitlyn/Swain (NX/PZ),Ekko (PZ/SH),1,1,1
Master Yi/Pantheon (IO/MT),Caitlyn/Teemo (BC/PZ),1,1,1
Master Yi/Pantheon (IO/MT),Samira/Twisted Fate (BW/NX),1,1,1
Master Yi/Pantheon (IO/MT),Championless (BC/SI),1,1,1
Ezreal/Nilah (BW/PZ),Swain/Yasuo (IO/NX),1,1,1
Norra/Teemo (BC/PZ),Swain/Yasuo (IO/NX),1,1,1
Championless (FR/MT),Bard/Norra (BC/RU),1,1,1
Championless (FR/MT),Ashe/Caitlyn (FR/PZ),1,1,1
Championless (SI),Championless (FR/MT),1,1,1
Garen/Neeko (DE/RU),Championless (FR/MT),1,1,1
Ashe/Caitlyn (FR/PZ),Caitlyn/Teemo (BC/PZ),1,1,1
Neeko/Nidalee (RU/SH),Braum/Gnar (FR/IO),1,1,1
Ashe/Sejuani (FR),Akshan/Zed (IO/SH),1,1,1
Akshan/Master Yi (IO/SH),Kalista (PZ/SI),1,1,1
Darius/Gnar (FR/NX),Annie/Samira (FR/NX),1,1,1
Darius/Swain (NX/SI),Championless (PZ/SI),1,1,1
LeBlanc/Udyr (FR/NX),Akshan/Ekko (PZ/SH),1,1,1
LeBlanc/Udyr (FR/NX),Miss Fortune/Zoe (BW/MT),1,1,1
Akshan/Nidalee (BC/SH),Ezreal/Nilah/Twisted Fate (BW/PZ),1,1,1
Sejuani/Swain (FR/NX),Hecarim/Nocturne (NX/SI),1,1,1
Swain/Twisted Fate (BW/NX),Gnar/Tristana (BC/BW),1,1,1
Gwen/Kalista (NX/SI),Aphelios/Nami (BW/MT),1,1,1
Gwen/Kalista (NX/SI),Championless (PZ/SI),1,1,1
Kalista (SI),Gwen/Kalista (NX/SI),1,1,1
Katarina (NX/PZ),Gwen/Kalista (NX/SI),1,1,1
Gwen/Kalista (NX/SI),Quinn/Vayne (DE/PZ),1,1,1
Gwen/Kalista (NX/SI),Swain/Yasuo (IO/NX),1,1,1
Norra (BC/SI),Braum/Udyr (FR/MT),1,1,1
Akshan/Samira (NX/SH),Norra (BC/SI),1,1,1
Kalista (SI),Norra (BC/PZ),1,1,1
Norra (BC/PZ),Ashe/LeBlanc (FR/NX),1,1,1
Master Yi/Zoe (IO/MT),Norra (BC/PZ),1,1,1
Ashe/LeBlanc (FR/NX),Vayne/Zed (DE/IO),1,1,1
Championless (PZ/SI),Diana/Nidalee (MT/SH),1,1,1
Darius/Gwen (NX/SI),Vayne/Zed (DE/IO),1,1,1
Ashe/Janna (FR/PZ),Kalista (SI),1,1,1
Championless (BC/SI),Janna/Nilah (BW/PZ),1,1,1
Ezreal/Nilah (BW/PZ),Samira/Teemo (NX/PZ),1,1,1
Samira/Teemo (NX/PZ),Leona/Yasuo (IO/MT),1,1,1
Braum (DE/FR),LeBlanc/Sivir (NX/SH),1,1,1
Lulu/Shen (DE/IO),Leona/Yasuo (IO/MT),1,1,1
Darius/Kalista (NX/SI),Leona/Yasuo (IO/MT),1,1,1
Leona/Yasuo (IO/MT),Darius/LeBlanc/Zed (IO/NX),1,1,1
Draven/Pantheon (MT/NX),Darius/Gnar (FR/NX),1,1,1
Miss Fortune (BW/MT),Gwen/Kalista (NX/SI),1,1,1
Master Yi/Zoe (IO/MT),Akshan/Ekko (PZ/SH),1,1,1
Janna (IO/PZ),Championless (BC/SI),1,1,1
Ashe/LeBlanc (FR/NX),Ashe/Zoe (FR/MT),1,1,1
Championless (PZ/SI),Braum/Garen (DE/FR),1,1,1
Fiora (DE/SH),Bard/Zed (RU/IO),1,1,1
Kai'Sa/Sivir (NX/SH),Fiora/Udyr (DE/FR),1,1,1
LeBlanc/Udyr (FR/NX),Fiora/Udyr (DE/FR),1,1,1
Hecarim/Kalista (SI),Lulu/Shen (IO/MT),1,1,1
Hecarim/Kalista (SI),Championless (PZ/SI),1,1,1
Garen (DE),Championless (FR/MT),1,1,1
Championless (FR/MT),Ashe (FR/PZ),1,1,1
Gwen/Kalista (DE/SI),Nilah/Twisted Fate (BW/PZ),1,1,1
Championless (PZ/SI),Championless (BC/SI),1,1,1
LeBlanc/Sivir (NX/SH),Championless (BC/SI),1,1,1
Nilah/Twisted Fate (BW/PZ),Hecarim (SI),1,1,1
Nilah/Twisted Fate (BW/PZ),Kennen/Neeko (IO/RU),1,1,1
Nilah/Twisted Fate (BW/PZ),Tristana (BC/DE),1,1,1
Nilah/Twisted Fate (BW/PZ),Ezreal/Nilah/Twisted Fate (BW/PZ),1,1,1
Championless (BW/NX),Pantheon/Udyr (FR/MT),1,1,1
Championless (BW/NX),Gwen/Vayne (DE/SI),1,1,1
Hecarim/Kalista (IO/SI),Tristana (BC/DE),1,1,1
Hecarim/Kalista (IO/SI),Ashe/LeBlanc (FR/NX),1,1,1
Hecarim/Kalista (IO/SI),Jhin/Yasuo (IO/RU),1,1,1
Ashe (FR/PZ),Ezreal/Swain (NX/PZ),1,1,1
Championless (SI/SH),LeBlanc/Udyr (FR/NX),1,1,1
Akshan/Samira (NX/SH),Braum/Udyr (DE/FR),1,1,1
Swain/Yasuo (IO/NX),Braum/Udyr (DE/FR),1,1,1
Championless (PZ/SI),Braum/Udyr (DE/FR),1,1,1
Darius/Gwen (NX/SI),Akshan/Sivir (PZ/SH),1,1,1
Master Yi/Udyr (FR/IO),Katarina/Swain (DE/NX),1,1,1
Master Yi/Udyr (FR/IO),Kalista/Norra (BC/SI),1,1,1
Gwen/LeBlanc (NX/SI),Master Yi/Udyr (FR/IO),1,1,1
Master Yi/Udyr (FR/IO),Fizz/Zoe (BW/MT),1,1,1
Braum/Gnar (FR/MT),Ashe/Jinx (FR/PZ),1,1,1
Championless (BC/SI),Ezreal/Janna/Nilah (BW/PZ),1,1,1
Lux: Illuminated/Zoe (DE/MT),Championless (MT/SI),1,1,1
Lux: Illuminated/Zoe (DE/MT),Master Yi/Zoe (IO/MT),1,1,1
Championless (PZ/SI),Annie/Braum (FR/NX),1,1,1
Ezreal/Nilah/Twisted Fate (BW/PZ),Darius/Gwen (NX/SI),1,1,1
Nilah/Twisted Fate (BW/PZ),Ashe/Sejuani (FR/NX),1,1,1
Championless (SI),Gnar/Renekton (FR/SH),1,1,1
Hecarim (SI),Annie/Swain (NX/PZ),1,1,1
Samira/Twisted Fate (BW/NX),Annie/Swain (NX/PZ),1,1,1
Annie/Swain (NX/PZ),Kennen (IO/PZ),1,1,1
Akshan/LeBlanc (NX/SH),Kalista (SI/SH),1,1,1
Nidalee (BC/SH),Kalista (SI),1,1,1
Braum/Gnar (FR/MT),Nidalee (BC/SH),1,1,1
Ezreal/Seraphine (IO/PZ),Kalista/Lucian (DE/SI),1,1,1
Tristana (BC/DE),Ezreal/Seraphine (IO/PZ),1,1,1
Norra (BC/SI),Championless (MT/SI),1,1,1
Norra (BC/SI),Katarina/Samira (NX/PZ),1,1,1
Norra (BC/SI),Akshan/Garen (DE/SH),1,1,1
Janna/Twisted Fate (BW/PZ),Hecarim (SI),1,1,1
Darius/Kalista (NX/SI),Janna/Twisted Fate (BW/PZ),1,1,1
Darius/Yasuo (IO/NX),Evelynn/Kai'Sa (RU/SH),1,1,1
Fizz/Samira (BW/NX),Zoe (FR/MT),1,1,1
Katarina/Yasuo (IO/NX),Fizz/Samira (BW/NX),1,1,1
Kennen/Neeko (IO/RU),Fizz/Samira (BW/NX),1,1,1
Fizz/Samira (BW/NX),Nami/Nilah (BW/IO),1,1,1
Gnar/Tristana (BC/BW),Gnar/Neeko (FR/RU),1,1,1
Akshan/Sivir (NX/SH),Championless (PZ/SI),1,1,1
Ashe/Sejuani (FR/PZ),Akshan/Sivir (NX/SH),1,1,1
Championless (PZ/SI),Master Yi/Twisted Fate (BW/IO),1,1,1
Championless (PZ/SI),Braum/Darius (FR/NX),1,1,1
Gnar/Tristana (BC/BW),Janna/Nilah (BW/PZ),1,1,1
Janna/Nilah/Twisted Fate (BW/PZ),Garen/Lux: Illuminated (DE/FR),1,1,1
Kalista (SI),Lux: Illuminated/Shen (DE/IO),1,1,1
Shen/Sivir (IO/SH),Nami (BW/PZ),1,1,1
Darius/Gnar (FR/NX),Ezreal/Nilah/Twisted Fate (BW/PZ),1,1,1
Shen/Sivir (IO/SH),LeBlanc/Sivir (NX/SH),1,1,1
Gnar/Nidalee (BC/SH),Nami/Norra (BC/BW),1,1,1
Ashe/LeBlanc (FR/NX),Gnar (FR/MT),1,1,1
Ashe/LeBlanc (FR/NX),Gwen/Hecarim/Lucian (DE/SI),1,1,1
Caitlyn/Swain (NX/PZ),Katarina/Swain (DE/NX),1,1,1
Kalista (SI),Kalista/Lucian (DE/SI),1,1,1
Darius/Yasuo (IO/NX),Kalista (SI),1,1,1
Renekton/Sejuani (FR/SH),Championless (SI),1,1,1
Garen/Neeko (DE/RU),Akshan/Master Yi (IO/SH),1,1,1
Championless (SI),Darius/Yasuo (IO/NX),1,1,1
Hecarim (SI),Gnar/LeBlanc (FR/NX),1,1,1
Gnar/LeBlanc (FR/NX),Nilah/Twisted Fate (BW/PZ),1,1,1
Gnar/LeBlanc (FR/NX),Braum/Janna (FR/PZ),1,1,1
Akshan/Master Yi (IO/SH),Kalista/Norra (BC/SI),1,1,1
Akshan/Master Yi (IO/SH),Ezreal/Nilah (BW/PZ),1,1,1
Darius/LeBlanc/Zed (IO/NX),Akshan/Master Yi (IO/SH),1,1,1
Akshan/Master Yi (IO/SH),Caitlyn/Norra (BC/PZ),1,1,1
Norra (BC/PZ),Akshan/Master Yi (IO/SH),1,1,1
Janna/Zoe (MT/PZ),Sejuani/Swain (FR/NX),1,1,1
Gwen/Renekton (SI/SH),Kalista/Nocturne (SI),1,1,1
Kalista/Nocturne (SI),Master Yi/Zoe (IO/MT),1,1,1
Master Yi/Zoe (IO/MT),Gwen/Renekton (SI/SH),1,1,1
Gwen/Renekton (SI/SH),Annie/Jhin (RU/NX),1,1,1
Kalista (SI),Caitlyn/Janna (BC/PZ),1,1,1
Ezreal/Seraphine (IO/PZ),Kai'Sa (IO/SH),1,1,1
Akshan/Pantheon (MT/SH),Braum/Udyr (FR/MT),1,1,1
Akshan/Pantheon (MT/SH),Elise (SI),1,1,1
Master Yi/Nami (BW/IO),Caitlyn/Teemo (BC/PZ),1,1,1
LeBlanc/Udyr (FR/NX),Championless (PZ/SI),1,1,1
Kalista/Norra (BC/SI),LeBlanc/Yasuo (IO/NX),1,1,1
Caitlyn/Teemo (BC/PZ),Neeko (RU),1,1,1
Samira/Twisted Fate (BW/NX),Akshan/Fizz (BC/SH),1,1,1
Championless (PZ/SI),Championless (BC/BW),1,1,1
Championless (PZ/SI),Akshan/Fizz (BC/SH),1,1,1
Akshan/Pantheon (MT/SH),Championless (BW/SI),1,1,1
Caitlyn/Norra/Teemo (BC/PZ),Akshan/Zoe (MT/SH),1,1,1
Akshan/Zoe (MT/SH),Akshan/Ekko (PZ/SH),1,1,1
Nilah/Twisted Fate (BW/PZ),Ashe/Sejuani (FR/PZ),1,1,1
Gnar/LeBlanc (FR/NX),Fizz/Norra (BC),1,1,1
Bard/Fizz (BC/RU),Ashe/LeBlanc (FR/NX),1,1,1
Kalista/LeBlanc (NX/SI),Norra (BC/IO),1,1,1
Bard/Janna (RU/PZ),Norra/Zoe (BC/MT),1,1,1
Ashe (FR/MT),Gnar/Neeko (FR/RU),1,1,1
Gnar/Neeko (FR/RU),Nidalee (BC/SH),1,1,1
Gwen/Kalista (SI),Akshan/Samira (NX/SH),1,1,1
Fizz/Nami (BW/MT),Akshan/Samira (NX/SH),1,1,1
Akshan/Samira (NX/SH),Draven/Pantheon (MT/NX),1,1,1
Janna/Nilah (BW/PZ),Fiora/Lux: Illuminated/Shen (DE/IO),1,1,1
Ezreal/Nilah (BW/PZ),Janna/Nilah (BW/PZ),1,1,1
Fiora/Shen (DE/IO),Gnar/Tristana (BC/BW),1,1,1
Renekton/Sivir (FR/SH),Garen (DE/SH),1,1,1
Bard/Norra (BC/RU),Kalista/Lucian (DE/SI),1,1,1
Swain/Yasuo (IO/NX),Lulu/Zed (IO/NX),1,1,1
Udyr (FR/MT),Quinn/Vayne (DE/FR),1,1,1
Lulu/Norra (BC/IO),Gwen/Kalista (SI),1,1,1
Aphelios/Zoe (MT/PZ),Aphelios/Nami (BW/MT),1,1,1
Lulu/Shen (IO/MT),Bard/Janna (RU/PZ),1,1,1
Bard/Janna (RU/PZ),Fizz/Nami (BC/BW),1,1,1
Braum (BW/FR),Bard/Janna (RU/PZ),1,1,1
Kalista (SI),Bard/Janna (RU/PZ),1,1,1
Swain/Yasuo (IO/NX),Aphelios/Bard (RU/MT),1,1,1
Akshan/Samira (NX/SH),Bard/Janna (RU/PZ),1,1,1
Aphelios/Bard (RU/MT),Caitlyn/Teemo (BC/PZ),1,1,1
Caitlyn/Janna (BC/PZ),Darius/Yasuo (IO/NX),1,1,1
Elise (SI),Bard/Janna (RU/PZ),1,1,1
Ekko (PZ/SH),Nami/Zed (BW/IO),1,1,1
Gnar (FR/MT),Draven/LeBlanc (FR/NX),1,1,1
Draven/LeBlanc (FR/NX),Braum/Garen/Vayne (DE/FR),1,1,1
Draven/LeBlanc (FR/NX),Akshan/Renekton (FR/SH),1,1,1
Ezreal/Zoe (MT/PZ),Gnar/Nidalee (BC/SH),1,1,1
Darius/Kalista (NX/SI),Gnar/Nidalee (BC/SH),1,1,1
Caitlyn/Teemo (BC/PZ),Gnar/Nidalee (BC/SH),1,1,1
Hecarim/Kalista (PZ/SI),Gnar/Nidalee (BC/SH),1,1,1
Ashe/LeBlanc (FR/NX),Akshan/Nidalee (BC/SH),1,1,1
Yasuo (IO/PZ),Gnar/Neeko (FR/RU),1,1,1
Yasuo (IO/PZ),Gwen/Nocturne (SI),1,1,1
Gnar/Udyr (DE/FR),Yasuo (IO/PZ),1,1,1
Darius/Gnar (FR/NX),Yasuo (IO/PZ),1,1,1
Lulu/Shen (IO/MT),Ashe/Caitlyn (FR/PZ),1,1,1
Garen/Udyr (DE/FR),Gwen (IO/SI),1,1,1
Garen/Udyr (DE/FR),Gwen/Kalista (SI/SH),1,1,1
Janna/Master Yi (IO/PZ),Akshan/Renekton (FR/SH),1,1,1
Caitlyn/Swain (NX/PZ),Akshan/Renekton (FR/SH),1,1,1
Gnar/Janna (BC/PZ),Aphelios/Nami (BW/MT),1,1,1
Ashe/LeBlanc (FR/NX),Annie/Jinx (NX/PZ),1,1,1
Braum/Gnar (FR/MT),Janna/Zoe (MT/PZ),1,1,1
Janna/Zoe (MT/PZ),Kalista/Lucian (DE/SI),1,1,1
Janna/Zoe (MT/PZ),Lulu/Zed (DE/IO),1,1,1
Championless (PZ/SI),Hecarim/Nocturne (NX/SI),1,1,1
Championless (SI),Darius/LeBlanc/Zed (IO/NX),1,1,1
Ashe (FR/PZ),Darius/Kalista (NX/SI),1,1,1
Ashe (FR/PZ),Gwen/Miss Fortune (BW/SI),1,1,1
Janna/Master Yi (IO/PZ),Gwen/Miss Fortune (BW/SI),1,1,1
Gwen/Miss Fortune (BW/SI),Darius/Gnar (FR/NX),1,1,1
Gwen/Miss Fortune (BW/SI),Braum/Janna (FR/PZ),1,1,1
Garen (DE/SI),Gwen/Miss Fortune (BW/SI),1,1,1
Darius/LeBlanc/Zed (IO/NX),Gwen/Lucian (DE/SI),1,1,1
Gwen/Lucian (DE/SI),Quinn/Vayne/Zed (DE/IO),1,1,1
Championless (PZ/SI),Gwen/Lucian (DE/SI),1,1,1
Gwen/Lucian (DE/SI),Ekko (PZ/SH),1,1,1
Annie/Jhin (RU/NX),Ekko/Jinx (PZ/SH),1,1,1
Udyr (FR/MT),Darius/Yasuo (IO/NX),1,1,1
Braum/Zoe (FR/MT),Gwen/Kalista (SI),1,1,1
Gwen/Kalista (SI),Braum/Udyr (FR),1,1,1
Gwen/Kalista (SI),Jinx/Twisted Fate (BW/PZ),1,1,1
Gwen/Kalista (SI),Darius/Yasuo (IO/NX),1,1,1
Darius/Yasuo (IO/NX),Ahri/Katarina (IO/NX),1,1,1
Lulu/Shen (IO/MT),Darius/Yasuo (IO/NX),1,1,1
Akshan/Samira (NX/SH),Leona/Yasuo (IO/MT),1,1,1
Leona/Yasuo (IO/MT),Darius/Yasuo (IO/NX),1,1,1
Ezreal/Nilah (BW/PZ),Championless (SI),1,1,1
Annie/Nami (BW/NX),Championless (SI),1,1,1
Caitlyn/Norra (BC/PZ),Championless (SI),1,1,1
Caitlyn/Swain (NX/PZ),Kai'Sa/Pantheon (MT/SH),1,1,1
Akshan/Pantheon (MT/SH),Akshan/Ekko (PZ/SH),1,1,1
Darius/LeBlanc (FR/NX),Akshan/Ekko (PZ/SH),1,1,1
Lulu/Shen (DE/IO),Akshan/Ekko (PZ/SH),1,1,1
Fizz/Master Yi (BW/IO),Akshan/Ekko (PZ/SH),1,1,1
Pantheon/Samira (MT/NX),Gnar/Renekton (FR/SH),1,1,1
Gnar/Renekton (FR/SH),Championless (PZ/SI),1,1,1
Elise (SI),Akshan/Fiora (DE/SH),1,1,1
Ashe/LeBlanc (FR/NX),Darius/Sivir (NX/SH),1,1,1
Akshan/Master Yi (IO/SH),Neeko/Nidalee (RU/SH),1,1,1
Braum/Zoe (FR/MT),Ekko (PZ/SH),1,1,1
Quinn/Vayne/Zed (DE/IO),Ashe/Lissandra/Sejuani (DE/FR),1,1,1
Akshan/Ekko (PZ/SH),Gnar/Nidalee (BC/SH),1,1,1
Gwen/Vayne (DE/SI),Caitlyn (BC/PZ),1,1,1
Katarina/Swain (DE/NX),Seraphine/Zoe (MT/PZ),1,1,1
Fiora/Lux: Illuminated (DE/SH),Ashe/LeBlanc (FR/NX),1,1,1
Swain/Yasuo (IO/NX),Braum/Gnar (FR/MT),1,1,1
Swain/Yasuo (IO/NX),Garen/Neeko (DE/RU),1,1,1
Hecarim/Kalista (PZ/SI),Ezreal/Zoe (MT/PZ),1,1,1
Fiora/Nidalee (DE/SH),Ezreal/Zoe (MT/PZ),1,1,1
Braum/Zoe (FR/MT),Ezreal/Zoe (MT/PZ),1,1,1
Jhin/Swain (RU/NX),Ezreal/Zoe (MT/PZ),1,1,1
Garen/Udyr (DE/FR),Ezreal/Zoe (MT/PZ),1,1,1
Ezreal/Nami (BW/PZ),Ezreal/Zoe (MT/PZ),1,1,1
Championless (PZ/SI),Ezreal/Janna (BW/PZ),1,1,1
Caitlyn/Swain (NX/PZ),Janna (IO/PZ),1,1,1
Tristana (BC/DE),Janna (IO/PZ),1,1,1
Caitlyn/Janna (PZ/SI),Janna (IO/PZ),1,1,1
Diana/Leona (MT/SH),Janna (IO/PZ),1,1,1
Ashe (FR/PZ),Quinn/Vayne/Zed (DE/IO),1,1,1
Gwen/Renekton (SI/SH),Swain/Yasuo (IO/NX),1,1,1
Kalista/LeBlanc (NX/SI),Janna/Twisted Fate (BW/PZ),1,1,1
Hecarim/Nocturne (NX/SI),Janna/Twisted Fate (BW/PZ),1,1,1
Gnar/Tristana (BC/NX),Championless (SI),1,1,1
Championless (SI),Jinx/Twisted Fate (BW/PZ),1,1,1
Kalista (SI/SH),Shen (DE/IO),1,1,1
Hecarim/Nocturne (NX/SI),Ashe/LeBlanc (FR/NX),1,1,1
Swain/Yasuo (IO/NX),Darius/Yasuo (IO/NX),1,1,1
Master Yi/Nami (BW/IO),Gwen/Kalista (NX/SI),1,1,1
Swain/Yasuo (IO/NX),Darius/Gnar/Samira (FR/NX),1,1,1
Sejuani/Swain (FR/NX),Akshan/Kai'Sa (MT/SH),1,1,1
Pantheon/Vayne (DE/MT),Braum/Udyr (FR),1,1,1
Braum/Udyr (FR),Elise (SI),1,1,1
Gnar/Udyr (DE/FR),Kai'Sa/Udyr (FR/SH),1,1,1
Kai'Sa/Udyr (FR/SH),Hecarim (SI),1,1,1
Championless (BC/SI),Katarina/Yasuo (IO/NX),1,1,1
Bard/Teemo (RU/PZ),Sejuani/Swain (FR/NX),1,1,1
Fizz/Zoe (BW/MT),Kalista/LeBlanc (NX/SI),1,1,1
Sejuani/Swain (FR/NX),Fizz/Zoe (BW/MT),1,1,1
Ashe (FR/SI),Fizz/Zoe (BW/MT),1,1,1
Caitlyn/Teemo (BC/PZ),Fizz (BW/FR),1,1,1
Elise (SI),Udyr/Vayne (DE/FR),1,1,1
Championless (IO/PZ),Akshan/Sivir (PZ/SH),1,1,1
Akshan/Sivir (PZ/SH),Championless (SI),1,1,1
Akshan/Sivir (PZ/SH),Janna/Zoe (MT/PZ),1,1,1
Akshan/Sivir (PZ/SH),Gnar/Udyr (DE/FR),1,1,1
Braum/Zoe (FR/MT),Akshan/Sivir (PZ/SH),1,1,1
Akshan/Sivir (PZ/SH),Nilah/Twisted Fate (BW/PZ),1,1,1
Championless (PZ/SI),Akshan/Udyr (FR/SH),1,1,1
Fiora/Shen (DE/IO),Garen/Quinn (DE),1,1,1
Tristana (BC/DE),Fiora/Shen (DE/IO),1,1,1
Fiora/Shen (DE/IO),Zoe (FR/MT),1,1,1
Darius/Kalista (NX/SI),Ezreal/Seraphine (BC/PZ),1,1,1
Kalista (SI),Darius/Kalista (NX/SI),1,1,1
Janna (IO/PZ),Darius/Kalista (NX/SI),1,1,1
Yasuo (IO/NX),Darius/Kalista (NX/SI),1,1,1
Darius/Kalista (NX/SI),Caitlyn/Teemo (BC/PZ),1,1,1
Championless (PZ/SI),Darius/Kalista (NX/SI),1,1,1
Ashe/LeBlanc (FR/NX),Darius/Kalista (NX/SI),1,1,1
Darius/Kalista (NX/SI),Kai'Sa/The Poro King (RU/SH),1,1,1
Darius/Kalista (NX/SI),Master Yi/Zoe (IO/MT),1,1,1
Darius/Gwen (NX/SI),Master Yi/Udyr (FR/IO),1,1,1
Akshan/Fiora (DE/SH),Sejuani/Teemo (BC/FR),1,1,1
Hecarim/Nocturne (NX/SI),Caitlyn/Ekko (PZ/SI),1,1,1
Ezreal/Nami (BW/PZ),Caitlyn/Ekko (PZ/SI),1,1,1
Caitlyn/Ekko (PZ/SI),Championless (SI),1,1,1
Gnar/Nidalee (BC/SH),Caitlyn/Ekko (PZ/SI),1,1,1
Championless (PZ/SI),Sejuani/Teemo (BC/FR),1,1,1
Sejuani/Teemo (BC/FR),Swain/Yasuo (IO/NX),1,1,1
Braum/Darius (FR/NX),Annie/Caitlyn/Katarina (NX/PZ),1,1,1
Ezreal/Nilah/Twisted Fate (BW/PZ),Evelynn/Norra (BC/RU),1,1,1
Tristana (BC/DE),Ezreal/Nilah (BW/PZ),1,1,1
Garen/Shen (DE/IO),Ezreal/Nilah (BW/PZ),1,1,1
Caitlyn/Norra/Teemo (BC/PZ),Ezreal/Nilah (BW/PZ),1,1,1
Ezreal/Nilah (BW/PZ),Darius/Swain (NX/SI),1,1,1
Ezreal/Nilah/Twisted Fate (BW/PZ),Ashe (FR/PZ),1,1,1
Yasuo (IO/NX),Braum (FR/IO),1,1,1
Kalista/Seraphine (PZ/SI),Gwen/Kalista (SI),1,1,1
Gwen/Kalista (SI),Braum/Udyr (FR/MT),1,1,1
Gwen/Kalista (SI),Sivir/Udyr (FR/SH),1,1,1
Ezreal/Janna/Jinx (BW/PZ),Championless (FR/MT),1,1,1
Ashe/Braum (FR/IO),Championless (FR/MT),1,1,1
Gnar/Tristana (BC/SI),Janna/Master Yi (IO/PZ),1,1,1
Miss Fortune (BW/MT),Leona/Yasuo (IO/MT),1,1,1
Championless (SI),Ashe/Sejuani (FR/PZ),1,1,1
Ashe (FR/PZ),Kalista/LeBlanc (NX/SI),1,1,1
Aphelios/Braum (FR/MT),Ashe/LeBlanc (FR/NX),1,1,1
Gnar (FR/MT),Janna/Nilah (BW/PZ),1,1,1
Janna (FR/PZ),Janna/Seraphine (BC/PZ),1,1,1
Nidalee (BC/SH),Sejuani/Swain (FR/NX),1,1,1
Elise/Kalista/Nocturne (SI),Nidalee (BC/SH),1,1,1
Hecarim (SI),Nidalee (BC/SH),1,1,1
Renekton/Sejuani (FR/SH),Janna/Norra (BC/PZ),1,1,1
Katarina/Yasuo (IO/NX),Kennen (IO/PZ),1,1,1
Swain/Yasuo (IO/NX),Jhin/Udyr (FR/RU),1,1,1
Jinx/Twisted Fate (BW/PZ),Ashe (FR/PZ),1,1,1
Darius/Yasuo (IO/NX),Ashe (FR/PZ),1,1,1
Ashe (FR/PZ),Kalista (PZ/SI),1,1,1
Fizz/Nami (BW/MT),LeBlanc/Sivir (NX/SH),1,1,1
Nilah/Twisted Fate (BW/PZ),Janna/Zoe (MT/PZ),1,1,1
Caitlyn/Norra/Teemo (BC/PZ),Championless (IO/PZ),1,1,1
Nilah/Twisted Fate (BW/PZ),Nidalee/Norra (BC/SH),1,1,1
Nilah/Twisted Fate (BW/PZ),Ezreal/Janna/Nilah (BW/PZ),1,1,1
Renekton/Sejuani (FR/SH),Aphelios/Master Yi (IO/MT),1,1,1
Caitlyn/Teemo (BC/PZ),Kalista/LeBlanc (NX/SI),1,1,1
Aphelios/Pantheon (MT/SH),Caitlyn/Teemo (BC/PZ),1,1,1
Elise (NX/SI),Nilah/Twisted Fate (BW/PZ),1,1,1
Nilah/Twisted Fate (BW/PZ),Gwen/Kalista (FR/SI),1,1,1
Kalista/LeBlanc (NX/SI),Gwen/Hecarim/Kalista (SI),1,1,1
Nidalee (BC/SH),Gwen/Hecarim/Kalista (SI),1,1,1
Darius/Gwen (NX/SI),Gwen/Hecarim/Kalista (SI),1,1,1
Gwen/Hecarim/Kalista (SI),Gwen/Hecarim (FR/SI),1,1,1
Lulu/Shen (DE/IO),Nami/Twisted Fate (BW/PZ),1,1,1
Kai'Sa/Pantheon (MT/SH),Nami/Twisted Fate (BW/PZ),1,1,1
Sejuani/Swain (FR/NX),Nami/Twisted Fate (BW/PZ),1,1,1
Nami/Twisted Fate (BW/PZ),Annie/Jhin (RU/NX),1,1,1
Ashe (FR/PZ),Nami/Twisted Fate (BW/PZ),1,1,1
Swain/Yasuo (IO/NX),Nami/Twisted Fate (BW/PZ),1,1,1
Gnar/Udyr (DE/FR),Jhin/Yasuo (IO/RU),1,1,1
Janna/Nilah (BW/PZ),Jinx (MT/PZ),1,1,1
Championless (DE/SI),Championless (PZ/SI),1,1,1
Akshan/Sivir (DE/SH),Championless (PZ/SI),1,1,1
Championless (PZ/SI),Samira/Twisted Fate (BW/NX),1,1,1
Akshan/Udyr (FR/SH),Norra/Teemo (BC/PZ),1,1,1
Gnar/Neeko (FR/RU),Leona (MT),1,1,1
Tristana (BC/DE),Shen/Sivir (IO/SH),1,1,1
Shen/Sivir (IO/SH),Samira/Teemo (NX/PZ),1,1,1
Championless (SI),Gnar/Udyr (DE/FR),1,1,1
Championless (PZ/SI),Aphelios/Zoe (MT/PZ),1,1,1
Gnar/Nidalee (BC/SH),Seraphine (PZ/SI),1,1,1
Gwen/Vayne (DE/SI),Championless (DE/SI),1,1,1
Kalista (SI),Championless (DE/SI),1,1,1
Kalista (SI),Teemo/Zoe (BC/MT),1,1,1
Janna/Zoe (MT/PZ),Ashe (FR/PZ),1,1,1
Championless (SI),Janna/Zoe (MT/PZ),1,1,1
Sejuani/Teemo (FR/PZ),Janna/Zoe (MT/PZ),1,1,1
Lulu/Zed (DE/IO),Katarina (NX/PZ),1,1,1
Ashe (FR/PZ),Darius/LeBlanc/Sejuani (FR/NX),1,1,1
Darius/Gnar (FR/NX),Nidalee/Sivir (NX/SH),1,1,1
Caitlyn/Teemo (BC/PZ),Gwen/Norra (BC/SI),1,1,1
Braum/Udyr (FR/MT),Championless (PZ/SI),1,1,1
Gnar/Tristana (BC/BW),Swain/Yasuo (IO/NX),1,1,1
Draven/Vayne (DE/NX),Zoe (MT/SI),1,1,1
Gnar/Udyr (DE/FR),Gnar/Tristana (BC/BW),1,1,1
Ashe/LeBlanc (FR/NX),Gwen/Irelia (IO/SI),1,1,1
Master Yi/Twisted Fate (BW/IO),Kalista (SI),1,1,1
Braum/Zoe (FR/MT),Pantheon/Vayne (DE/MT),1,1,1
Master Yi/Zoe (IO/MT),Ezreal/Nilah/Twisted Fate (BW/PZ),1,1,1
Caitlyn/Teemo (BC/PZ),Master Yi/Zoe (IO/MT),1,1,1
Master Yi/Zoe (IO/MT),Darius/Gnar/Samira (FR/NX),1,1,1
Master Yi/Nami (BW/IO),Master Yi/Zoe (IO/MT),1,1,1
Ashe/LeBlanc (FR/NX),Draven/Master Yi (IO/NX),1,1,1
Ashe/Braum (FR/IO),Pantheon (MT/SI),1,1,1
Championless (SI),Ezreal/Seraphine/Zoe (MT/PZ),1,1,1
Hecarim/Zed (IO/SI),Ezreal/Seraphine/Zoe (MT/PZ),1,1,1
Janna/Nilah (BW/PZ),Caitlyn/Teemo (BC/PZ),1,1,1
Championless (SI),Udyr (FR/SI),1,1,1
Akshan/Master Yi/Sivir (IO/SH),Elise/Nocturne (NX/SI),1,1,1
Ashe/LeBlanc (FR/NX),Elise/Nocturne (NX/SI),1,1,1
Master Yi/Zoe (IO/MT),Elise/Nocturne (NX/SI),1,1,1
Caitlyn/Yasuo (IO/PZ),Caitlyn/Janna (BC/PZ),1,1,1
Ashe/LeBlanc (FR/NX),Draven/Zoe (MT/NX),1,1,1
Ashe (FR/PZ),Katarina (NX/PZ),1,1,1
Katarina (NX/PZ),Ashe/LeBlanc (FR/NX),1,1,1
Janna/Nilah (BW/PZ),Katarina (NX/PZ),1,1,1
Lucian/Lux: Illuminated (DE/FR),Katarina (NX/PZ),1,1,1
Katarina (NX/PZ),Caitlyn/Janna (PZ/SI),1,1,1
Janna/Zoe (MT/PZ),Katarina (NX/PZ),1,1,1
Braum/Udyr (FR/NX),Katarina (NX/PZ),1,1,1
Quinn/Vayne/Zed (DE/IO),Draven/Jinx (NX/PZ),1,1,1
Ashe (FR/PZ),Draven/Katarina (FR/NX),1,1,1
LeBlanc/Sivir (NX/SH),Draven/Katarina (FR/NX),1,1,1
Ashe/LeBlanc (FR/NX),Draven/Katarina (FR/NX),1,1,1
Swain/Yasuo (IO/NX),Akshan/Sivir/Zed (IO/SH),1,1,1
LeBlanc/Sivir (NX/SH),Akshan/Zed (IO/SH),1,1,1
Akshan/Zed (IO/SH),Annie/Jhin (RU/NX),1,1,1
Ashe/LeBlanc (FR/NX),Gwen/Norra (BC/SI),1,1,1
Zoe (FR/MT),Pantheon/Udyr (FR/MT),1,1,1
Pantheon/Udyr (FR/MT),Gnar/Norra (BC/SH),1,1,1
Braum/Gnar (FR/MT),Pantheon/Udyr (FR/MT),1,1,1
Pantheon/Udyr (FR/MT),Ezreal/Nami (BW/PZ),1,1,1
Pantheon/Udyr (FR/MT),Caitlyn/Teemo (FR/PZ),1,1,1
Pantheon/Udyr (FR/MT),Gwen/Sivir (SI/SH),1,1,1
Akshan/Nidalee (BC/SH),Akshan/Pantheon (MT/SH),1,1,1
Akshan/Sivir (NX/SH),Nami (BW/PZ),1,1,1
Kai'Sa/Nidalee (FR/SH),Fizz/Miss Fortune (BW/SH),1,1,1
Ezreal/Nilah/Twisted Fate (BW/PZ),Annie/Jhin (RU/NX),1,1,1
Braum/Udyr (FR/NX),Darius/Gwen (NX/SI),1,1,1
Sivir/Udyr (FR/SH),Darius/Gwen (NX/SI),1,1,1
Darius/Gwen (NX/SI),Darius/Yasuo (IO/NX),1,1,1
Ekko (PZ/SH),Darius/Gwen (NX/SI),1,1,1
Fiora/Shen (DE/IO),Garen/Neeko (DE/RU),1,1,1
Aphelios/Zoe (MT/PZ),LeBlanc/Sivir (NX/SH),1,1,1
LeBlanc/Sivir (NX/SH),Gnar/Neeko (FR/RU),1,1,1
LeBlanc/Sivir (NX/SH),Leona/Yasuo (IO/MT),1,1,1
LeBlanc/Sivir (NX/SH),Akshan/Gwen (SI/SH),1,1,1
Norra/Zoe (BC/MT),Udyr (FR/SI),1,1,1
Ashe/LeBlanc (FR/NX),Udyr (FR/SI),1,1,1
Gnar/LeBlanc (FR/NX),Caitlyn/Teemo (BC/PZ),1,1,1
Swain/Yasuo (IO/NX),Gwen (IO/SI),1,1,1
Hecarim (SI),Championless (MT/SI),1,1,1
Hecarim (SI),Lux: Illuminated/Zed (DE/IO),1,1,1
Hecarim (SI),Kai'Sa/Sivir/Vayne (DE/SH),1,1,1
Gwen/Vayne (DE/SI),Gnar/Nidalee (BC/SH),1,1,1
Gnar/Nidalee (BC/SH),Master Yi/Twisted Fate (BW/IO),1,1,1
Pantheon/Vayne (DE/MT),Gwen/Katarina (NX/SI),1,1,1
Pantheon/Vayne (DE/MT),Evelynn/Kai'Sa (RU/SH),1,1,1
Gnar/Nidalee (BC/SH),Caitlyn (BC/PZ),1,1,1
Garen/Shen (DE/IO),Darius/Sivir (NX/SH),1,1,1
Akshan/Leona (MT/SH),Annie/Jhin (RU/NX),1,1,1
Hecarim/Zed (IO/SI),Caitlyn/Teemo (BC/PZ),1,1,1
Championless (PZ/SI),Darius/Yasuo (IO/NX),1,1,1
Sejuani/Swain (FR/NX),Swain/Yasuo (IO/NX),1,1,1
Championless (SI),Ezreal/Nilah/Twisted Fate (BW/PZ),1,1,1
Garen (DE),Janna/Master Yi (IO/PZ),1,1,1
Gnar/Neeko (FR/RU),Ashe/Janna (FR/PZ),1,1,1
Ashe/Janna (FR/PZ),Sejuani/Swain (FR/NX),1,1,1
Braum/Gnar (FR/MT),Janna/Nilah/Twisted Fate (BW/PZ),1,1,1
Janna/Master Yi (IO/PZ),Braum/Gnar (FR/MT),1,1,1
Braum/Zoe (FR/MT),Ezreal/Norra (BC/PZ),1,1,1
Braum/Zoe (FR/MT),Samira/Teemo (NX/PZ),1,1,1
Gnar/Udyr (DE/FR),Braum/Zoe (FR/MT),1,1,1
Gwen/Katarina (NX/SI),Braum/Udyr (FR/MT),1,1,1
Braum/Udyr (FR/MT),Lulu/Shen (DE/IO),1,1,1
Garen/Neeko (DE/RU),Braum/Udyr (FR/MT),1,1,1
Darius/Gnar (FR/NX),Draven/Jinx (NX/PZ),1,1,1
Ashe/LeBlanc (FR/NX),Pantheon/Samira (MT/NX),1,1,1
Pantheon/Samira (MT/NX),Championless (PZ/SI),1,1,1
Pantheon/Samira (MT/NX),Championless (SI),1,1,1
Garen (DE),Darius/Gwen (NX/SI),1,1,1
Darius/Gwen (NX/SI),Miss Fortune/Vayne (BW/DE),1,1,1
Garen/Lux: Illuminated (DE/FR),Elise (SI),1,1,1
Akshan/Samira (NX/SH),Elise (SI),1,1,1
Hecarim (SI),Elise (SI),1,1,1
Darius/Yasuo (IO/NX),Elise (SI),1,1,1
Caitlyn/Norra (BC/PZ),Elise (SI),1,1,1
Elise (SI),Annie/Katarina (BC/NX),1,1,1
Elise (SI),Norra/Swain (BC/NX),1,1,1
Gwen (NX/SI),LeBlanc/Sivir (NX/SH),1,1,1
Caitlyn/Janna (PZ/SI),Lulu/Zed (DE/IO),1,1,1
Gwen (NX/SI),Gnar/Neeko (FR/RU),1,1,1
Championless (SI),Braum/Udyr (FR/NX),1,1,1
Fiora/Shen (DE/IO),Gwen/LeBlanc (NX/SI),1,1,1
Darius/Gnar (FR/NX),Akshan/Sivir (PZ/SH),1,1,1
Championless (SI),Zed (BW/IO),1,1,1
Hecarim/Zed (IO/SI),Kai'Sa/Sivir (NX/SH),1,1,1
Miss Fortune/Quinn (BW/DE),Kai'Sa/Sivir (NX/SH),1,1,1
Gwen (NX/SI),Kai'Sa/Sivir (NX/SH),1,1,1
Kalista/Lucian (DE/SI),Kai'Sa/Sivir (NX/SH),1,1,1
Annie/Nami (BW/NX),Garen/Neeko (DE/RU),1,1,1
Akshan/Pyke (BW/SH),Garen/Neeko (DE/RU),1,1,1
Darius/Gwen (NX/SI),Kalista/LeBlanc (NX/SI),1,1,1
Janna/Master Yi (IO/PZ),Championless (SI/SH),1,1,1
Fiora (DE/SH),Shen/Sivir (IO/SH),1,1,1
Tristana (BC/DE),Braum/Gnar (FR/NX),1,1,1
Leona/Yasuo (IO/MT),Fizz (BC/MT),1,1,1
Ezreal/Nami (BW/PZ),Darius/Gwen (NX/SI),1,1,1
Gwen (PZ/SI),Ashe (FR/PZ),1,1,1
Championless (PZ/SI),Ashe (FR/MT),1,1,1
Ashe (FR/MT),Gnar/Sejuani (BC/FR),1,1,1
Ashe/Braum (FR/IO),Ezreal/Norra (BC/PZ),1,1,1
Janna/Master Yi (IO/PZ),Ashe/Braum (FR/IO),1,1,1
Ashe/Braum (FR/IO),Annie/Swain (NX),1,1,1
Akshan/Pantheon (MT/SH),Ashe/Braum (FR/IO),1,1,1
Ashe/Braum (FR/IO),Caitlyn (PZ/SI),1,1,1
Darius/Gwen (NX/SI),Evelynn/Kai'Sa (RU/SH),1,1,1
Samira/Twisted Fate (BW/NX),Caitlyn/Norra/Teemo (BC/PZ),1,1,1
Samira/Twisted Fate (BW/NX),Fizz/Nami (BC/BW),1,1,1
Caitlyn/Norra/Teemo (BC/PZ),Akshan/Master Yi (IO/SH),1,1,1
Jinx (MT/PZ),Fizz/Nami (BC/BW),1,1,1
Seraphine (MT/PZ),Fizz/Nami (BC/BW),1,1,1
Annie/Jhin (RU/NX),Caitlyn/Norra/Teemo (BC/PZ),1,1,1
Caitlyn/Norra/Teemo (BC/PZ),Ashe (FR),1,1,1
Caitlyn/Norra/Teemo (BC/PZ),Gwen/Kalista (FR/SI),1,1,1
Akshan/Pantheon (MT/SH),Seraphine (MT/PZ),1,1,1
Ezreal/Seraphine (BC/PZ),Akshan/Pantheon (MT/SH),1,1,1
Kalista/Lucian (DE/SI),Janna/Seraphine (IO/PZ),1,1,1
Janna/Seraphine (IO/PZ),Swain/Yasuo (IO/NX),1,1,1
Fizz/Norra (BC/IO),Ashe/LeBlanc (FR/NX),1,1,1
Ashe/LeBlanc (FR/NX),Darius/Elise (NX/SI),1,1,1
Gwen/Hecarim/Kalista (SI),Leona/Yasuo (IO/MT),1,1,1
Fizz (BC/FR),Swain/Yasuo (IO/NX),1,1,1
Swain/Twisted Fate (BW/NX),Ezreal/Seraphine (PZ),1,1,1
Ahri/Kennen (IO/SI),Norra/Zoe (BC/MT),1,1,1
Gwen/Katarina (NX/SI),Norra/Zoe (BC/MT),1,1,1
Akshan/Kai'Sa/Pantheon (MT/SH),Ashe/Janna (FR/PZ),1,1,1
Championless (DE/SI),Championless (SI),1,1,1
Ashe/Janna (FR/PZ),Championless (DE/SI),1,1,1
Master Yi/Zoe (IO/MT),Braum/Gnar (BC/FR),1,1,1
Ezreal/Janna (DE/PZ),Darius/LeBlanc (FR/NX),1,1,1
Fizz/Master Yi (BW/IO),Darius/Gnar (FR/NX),1,1,1
Darius/Gnar (FR/NX),Nami/Seraphine (BW/PZ),1,1,1
Evelynn/Norra (BC/RU),Darius/Gnar (FR/NX),1,1,1
Fizz (BC/FR),Evelynn/Norra (BC/RU),1,1,1
Garen/Neeko (DE/RU),Evelynn/Norra (BC/RU),1,1,1
Gnar/LeBlanc (FR/NX),Gwen/Vayne (DE/SI),1,1,1
Gwen/Vayne (DE/SI),Fizz/Nami (BW/FR),1,1,1
Gwen/Vayne (DE/SI),Braum/Darius (FR/NX),1,1,1
Janna/Twisted Fate (BW/PZ),Norra/Swain (BC/NX),1,1,1
Janna/Twisted Fate (BW/PZ),Akshan/Master Yi/Sivir (IO/SH),1,1,1
Caitlyn (BC/PZ),Janna/Twisted Fate (BW/PZ),1,1,1
Janna/Twisted Fate (BW/PZ),Jinx/Twisted Fate (BW/PZ),1,1,1
Norra/Teemo (BC/PZ),Hecarim/Kalista/Zed (IO/SI),1,1,1
Renekton/Sejuani (FR/SH),Norra/Teemo (BC/PZ),1,1,1
Championless (PZ/SI),Neeko/Teemo (BC/RU),1,1,1
Elise (SI),Neeko/Teemo (BC/RU),1,1,1
Garen/Neeko (DE/RU),Samira/Twisted Fate (BW/NX),1,1,1
Gnar/LeBlanc (FR/NX),Garen/Neeko (DE/RU),1,1,1
Garen/Neeko (DE/RU),Caitlyn/Swain (NX/PZ),1,1,1
Garen/Neeko (DE/RU),Caitlyn/Teemo (BC/PZ),1,1,1
Garen/Neeko (DE/RU),Ezreal/Swain (NX/PZ),1,1,1
Gnar/Neeko (FR/RU),Kalista/LeBlanc (NX/SI),1,1,1
Gnar/Neeko (FR/RU),Gnar/Udyr (DE/FR),1,1,1
Ezreal/Swain (NX/PZ),Caitlyn/Teemo (BC/PZ),1,1,1
Ezreal/Nilah/Twisted Fate (BW/PZ),Caitlyn/Teemo (BC/PZ),1,1,1
Hecarim (SI),Fiora/Lux: Illuminated (DE/SH),1,1,1
Garen (DE/SI),Caitlyn/Teemo (BC/PZ),1,1,1
Ashe (FR/SI),Gwen/Vayne (DE/SI),1,1,1
Garen/Vayne (DE/SI),Akshan/Master Yi (IO/SH),1,1,1
Gnar/LeBlanc (FR/NX),Tristana (BC/DE),1,1,1
Tristana (BC/DE),Kai'Sa/Zoe (MT/SH),1,1,1
Tristana (BC/DE),Championless (MT/SI),1,1,1
Tristana (BC/DE),Darius/Swain (NX/SI),1,1,1
Tristana (BC/DE),Ashe (FR/PZ),1,1,1
Janna/Master Yi (IO/PZ),Master Yi/Twisted Fate (BW/IO),1,1,1
Ashe/LeBlanc (FR/NX),Master Yi/Twisted Fate (BW/IO),1,1,1
Master Yi/Twisted Fate (BW/IO),Darius/Gwen (NX/SI),1,1,1
Sejuani/Swain (FR/NX),Kai'Sa/The Poro King (RU/SH),1,1,1
Sejuani/Swain (FR/NX),Braum (BW/FR),1,1,1
Gwen/Nidalee (SI/SH),Sejuani/Swain (FR/NX),1,1,1
Kalista/LeBlanc (NX/SI),Sejuani/Swain (FR/NX),1,1,1
Master Yi/Zed (DE/IO),Gwen/Katarina (NX/SI),1,1,1
Lissandra/Swain (FR/NX),Katarina/Norra (BC/NX),1,1,1
Hecarim/Nocturne (NX/SI),Kai'Sa/The Poro King (RU/SH),1,1,1
Sejuani/Swain (FR/NX),Jhin/Leona (RU/MT),1,1,1
Championless (PZ/SI),Elise/Nocturne (NX/SI),1,1,1
Nilah/Twisted Fate (BW/PZ),Fizz/Nilah (BW/PZ),1,1,1
Jinx/Twisted Fate (BW/PZ),Fizz/Jhin (BC/RU),1,1,1
Janna (IO/PZ),LeBlanc/Sivir (NX/SH),1,1,1
Kalista/Nocturne (SI),Gnar/Nidalee (BC/SH),1,1,1
Akshan/Garen (DE/SH),Akshan/Kai'Sa (SH),1,1,1
Ashe/LeBlanc (FR/NX),Ashe/Lux: Illuminated (DE/FR),1,1,1
Akshan/Master Yi (IO/SH),Braum/Lux: Illuminated (DE/FR),1,1,1
Kalista/LeBlanc (NX/SI),Garen/Lux: Illuminated (DE/FR),1,1,1
Janna (FR/PZ),Ashe/Sejuani (FR/NX),1,1,1
Sejuani/Swain (FR/NX),Gwen/Udyr (FR/SI),1,1,1
Elise (SI),Sejuani/Swain (FR/NX),1,1,1
Kalista (SI/SH),Caitlyn/Swain (NX/PZ),1,1,1
Janna/Nami (BW/PZ),Kalista (SI/SH),1,1,1
Kalista (SI),Braum/Kalista/Udyr (FR/SI),1,1,1
Ezreal/Swain (NX/PZ),Kalista (SI),1,1,1
Ashe/Janna (FR/PZ),Gwen/LeBlanc (NX/SI),1,1,1
Samira/Twisted Fate (BW/NX),Aphelios/Zoe (MT/PZ),1,1,1
Samira/Twisted Fate (BW/NX),Caitlyn/Teemo (BC/PZ),1,1,1
Championless (FR/MT),Samira/Twisted Fate (BW/NX),1,1,1
Samira/Twisted Fate (BW/NX),Draven/Katarina (DE/NX),1,1,1
Kalista (SI),Darius/LeBlanc/Zed (IO/NX),1,1,1
Ashe/LeBlanc (FR/NX),Braum (DE/FR),1,1,1
Lulu/Norra (BC/IO),Fiora/Nidalee (DE/SH),1,1,1
Lulu/Norra (BC/IO),Championless (BC/SI),1,1,1
Evelynn/Kai'Sa (RU/SH),Ashe/Sejuani (FR/NX),1,1,1
Garen/Neeko (DE/RU),Hecarim (SI),1,1,1
Hecarim (SI),Darius/Swain (NX/SI),1,1,1
Kalista (SI),Fiora/Lux: Illuminated/Shen (DE/IO),1,1,1
Kalista (SI),Gwen/Sejuani (FR/SI),1,1,1
Fiora (DE/SH),Nocturne (SI),1,1,1
Shen/Sivir (IO/SH),Bard/Norra (BC/RU),1,1,1
Swain/Yasuo (IO/NX),Garen (DE),1,1,1
Championless (IO/PZ),Annie/Gwen/Hecarim (NX/SI),1,1,1
Darius/Swain (NX/SI),Neeko/Renekton (RU/SH),1,1,1
Ezreal/Nilah (BW/PZ),Fizz/Norra (BC/MT),1,1,1
Annie/Gwen/Hecarim (NX/SI),Master Yi/Nami (BW/IO),1,1,1
Championless (MT/SI),Sejuani/Zoe (FR/MT),1,1,1
Garen (DE/SI),Fizz/Nami (BW/FR),1,1,1
Caitlyn/Teemo (BC/PZ),Katarina/Samira (NX/PZ),1,1,1
Katarina/Samira (NX/PZ),Akshan/Master Yi (IO/SH),1,1,1
Darius/Gnar (FR/NX),Kalista/Nocturne (SI),1,1,1
Akshan/Fiora (DE/SH),Hecarim/Kalista/Zed (IO/SI),1,1,1
Caitlyn/Swain (NX/PZ),Hecarim/Kalista/Zed (IO/SI),1,1,1
Championless (PZ/SI),Hecarim/Zed (IO/SI),1,1,1
Katarina/Yasuo (IO/NX),Udyr (FR/MT),1,1,1
Kalista/LeBlanc (NX/SI),Katarina/Yasuo (IO/NX),1,1,1
Kalista (MT/SI),Gwen/Sejuani (FR/SI),1,1,1
Pantheon/Zoe (DE/MT),Annie/Nami (BW/NX),1,1,1
Pantheon/Zoe (DE/MT),Lux: Illuminated/Zed (DE/IO),1,1,1
Nami (BW/PZ),Ashe (FR/PZ),1,1,1
Ashe/LeBlanc (FR/NX),Nami (BW/PZ),1,1,1
Ashe (FR/PZ),Ezreal/Nilah (BW/PZ),1,1,1
Janna/Norra (BC/PZ),Nami (BW/PZ),1,1,1
Nami (BW/PZ),Ekko (PZ/SH),1,1,1
Shen/Sivir (IO/SH),Janna/Nami (BW/PZ),1,1,1
Janna/Nami (BW/PZ),Ekko (PZ/SH),1,1,1
Darius/Gnar (FR/NX),Janna/Nami (BW/PZ),1,1,1
Gwen/Kalista (SI/SH),Braum (BW/FR),1,1,1
Akshan/Gwen (SI/SH),Ezreal/Norra (BC/PZ),1,1,1
Akshan/Gwen (SI/SH),Garen/Swain (DE/NX),1,1,1
Akshan/Gwen (SI/SH),Sejuani/Swain (FR/NX),1,1,1
Gnar/Udyr (DE/FR),Master Yi/Nami (BW/IO),1,1,1
Miss Fortune/Zoe (BW/MT),Fizz (BC/FR),1,1,1
Championless (MT/SI),Fizz (BC/MT),1,1,1
Ashe/LeBlanc (FR/NX),Fizz (BC/MT),1,1,1
Garen (DE/SI),Fizz/Norra (BC/MT),1,1,1
Fizz/Norra (BC/MT),Evelynn/Kai'Sa (RU/SH),1,1,1
Ashe/LeBlanc (FR/NX),Championless (MT/PZ),1,1,1
Championless (SI),Championless (MT/PZ),1,1,1
Lulu/Shen (DE/IO),Championless (MT/PZ),1,1,1
Championless (MT/PZ),Gnar/Neeko (FR/RU),1,1,1
Katarina/Yasuo (IO/NX),Jinx (MT/PZ),1,1,1
Jinx/Twisted Fate (BW/PZ),Gwen (NX/SI),1,1,1
Gwen (NX/SI),Jhin/Swain (RU/NX),1,1,1
Gwen (NX/SI),Master Yi/Norra (BC/IO),1,1,1
Master Yi/Zed (DE/IO),Gwen (NX/SI),1,1,1
Gwen (NX/SI),Akshan/Udyr (FR/SH),1,1,1
Gwen (NX/SI),Ezreal/Jinx (PZ),1,1,1
Braum/Zed (FR/IO),Gwen/Kalista (FR/SI),1,1,1
Gwen (NX/SI),Darius/Yasuo (IO/NX),1,1,1
Quinn/Vayne/Zed (DE/IO),Gwen (NX/SI),1,1,1
Ahri/Kennen (BC/IO),Elise (NX/SI),1,1,1
Elise/Gwen (NX/SI),Lissandra/Swain (FR/NX),1,1,1
Ashe/LeBlanc (FR/NX),Gwen/Kalista (FR/SI),1,1,1
Kalista (FR/SI),Renekton (SH),1,1,1
Championless (SI),Kai'Sa (IO/SH),1,1,1
Championless (SI),Draven/LeBlanc (FR/NX),1,1,1
Miss Fortune/Zoe (BW/MT),Darius/Gnar (FR/NX),1,1,1
Master Yi (BW/IO),Ashe/LeBlanc (FR/NX),1,1,1
Ashe/LeBlanc (FR/NX),Ashe/Lissandra (FR/SH),1,1,1
Ashe/LeBlanc (FR/NX),Norra/Sejuani (BC/FR),1,1,1
Caitlyn/Swain (NX/PZ),Miss Fortune/Swain (BW/NX),1,1,1
Fizz/Miss Fortune (BW/SH),Miss Fortune/Quinn (BW/DE),1,1,1
Braum/Miss Fortune (BW/FR),Annie/Jhin (RU/NX),1,1,1
Gnar/Nidalee (BC/SH),Ezreal/Norra (BC/PZ),1,1,1
Akshan/Kai'Sa/Sivir (IO/SH),Lulu/Udyr (FR/IO),1,1,1
Ashe/LeBlanc (FR/NX),Garen/Lux: Illuminated (DE/NX),1,1,1
Ashe/Caitlyn (FR/PZ),Gnar/Sejuani (BC/FR),1,1,1
Tristana (BC/DE),Akshan/Pantheon (MT/SH),1,1,1
Darius/LeBlanc/Zed (IO/NX),Caitlyn/Teemo (BC/PZ),1,1,1
Ezreal/Nilah (BW/PZ),Championless (PZ/SI),1,1,1
Lulu/Shen (DE/IO),Garen (DE),1,1,1
Fiora/Shen (DE/IO),Garen (DE),1,1,1
Garen (DE),Ezreal/Nilah (BW/PZ),1,1,1
Gnar/Udyr (DE/FR),Garen (DE),1,1,1
Garen (DE),Kai'Sa/Sivir (PZ/SH),1,1,1
Ashe/Janna (FR/PZ),Garen (DE),1,1,1
Garen (DE),Caitlyn/Teemo (BC/PZ),1,1,1
Fiora/Shen (DE/IO),Gwen/Zoe (MT/SI),1,1,1
Akshan/Master Yi (IO/SH),Gwen/Zoe (MT/SI),1,1,1
Norra/Sejuani (BC/FR),Gwen/Zoe (MT/SI),1,1,1
Gwen/Zoe (MT/SI),Championless (MT/SI),1,1,1
Pantheon/Vayne (DE/MT),Fizz (BW/DE),1,1,1
Fizz (BW/DE),Ashe/LeBlanc (FR/NX),1,1,1
Elise/Nocturne (NX/SI),Darius/Gwen (NX/SI),1,1,1
Katarina/Yasuo (IO/NX),Kai'Sa/Sivir (PZ/SH),1,1,1
Annie/Jhin (RU/NX),Kai'Sa/Sivir (PZ/SH),1,1,1
Championless (FR/MT),Kai'Sa/Sivir (PZ/SH),1,1,1
Ekko/Master Yi (IO/PZ),Ashe (FR/PZ),1,1,1
Annie/Nami (BW/NX),Aphelios/Diana (MT/PZ),1,1,1
Darius/Gwen (NX/SI),Janna/Zoe (MT/PZ),1,1,1
Fiora/Shen (DE/IO),Draven/LeBlanc (FR/NX),1,1,1
Draven/LeBlanc (FR/NX),Akshan/Lux: Illuminated (DE/SH),1,1,1
Draven/LeBlanc (FR/NX),Ahri/Yasuo (IO/PZ),1,1,1
Fiora/Udyr (DE/FR),Gwen (NX/SI),1,1,1
Udyr (DE/FR),Tristana (BC/DE),1,1,1
Norra/Swain (BC/NX),Udyr (DE/FR),1,1,1
Ashe/LeBlanc (FR/NX),Gwen (BW/SI),1,1,1
Seraphine/Zoe (MT/PZ),Championless (SI),1,1,1
Kalista/Sivir (SI/SH),Ashe/LeBlanc (FR/NX),1,1,1
Championless (MT/SI),Kalista/Lucian (DE/SI),1,1,1
Ashe/LeBlanc (FR/NX),Ashe (FR/MT),1,1,1
Shen/Sivir (IO/SH),Lulu/Shen (DE/IO),1,1,1
Braum/Darius (FR/NX),Caitlyn/Swain (NX/PZ),1,1,1
Diana/Leona (MT/SH),Championless (PZ/SI),1,1,1
Annie/Jhin (RU/NX),Lulu/Shen (IO/MT),1,1,1
Kai'Sa (IO/SH),Lulu/Shen (IO/MT),1,1,1
Lulu/Shen (IO/MT),Leona/Yasuo (IO/MT),1,1,1
Ashe/LeBlanc (FR/NX),Kai'Sa/The Poro King (RU/SH),1,1,1
Lucian/Lux: Illuminated (DE/FR),Ashe/LeBlanc (FR/NX),1,1,1
Gnar/Neeko (FR/RU),Championless (SI),1,1,1
Janna/Master Yi (IO/PZ),Braum/Darius (FR/NX),1,1,1
Braum/Darius (FR/NX),Swain/Yasuo (IO/NX),1,1,1
Braum/Darius (FR/NX),Lulu/Shen (DE/IO),1,1,1
Braum/Darius (FR/NX),Katarina/Samira (NX/PZ),1,1,1
Master Yi/Zoe (IO/MT),Akshan/Master Yi (IO/SH),1,1,1
Master Yi/Zoe (IO/MT),Quinn/Vayne/Zed (DE/IO),1,1,1
Janna/Master Yi (IO/PZ),Darius/Garen (DE/NX),1,1,1
Braum/Zoe (FR/MT),Quinn/Vayne/Zed (DE/IO),1,1,1
Pantheon (MT/NX),Diana/Zoe (FR/MT),1,1,1
Caitlyn/Teemo (BW/PZ),Fiora/Shen (DE/IO),1,1,1
Caitlyn/Teemo (BW/PZ),Championless (PZ/SI),1,1,1
Garen/Shen (DE/IO),Samira/Teemo (NX/PZ),1,1,1
Nidalee (BC/SH),Miss Fortune/Quinn (BW/DE),1,1,1
Garen/Swain (DE/NX),Braum/Zoe (FR/MT),1,1,1
Kai'Sa/Pantheon (MT/SH),Braum/Udyr (DE/FR),1,1,1
Fizz/Norra (BC/FR),Gwen/Hecarim/Sivir (SI/SH),1,1,1
Kai'Sa/The Poro King (RU/SH),Master Yi/Vayne (DE/IO),1,1,1
Darius/Gwen (NX/SI),Akshan/Udyr (FR/SH),1,1,1
Akshan/Udyr (FR/SH),Gwen/Hecarim (SI/SH),1,1,1
Akshan/Pantheon (MT/SH),Garen/Neeko (DE/RU),1,1,1
Gnar/LeBlanc (FR/NX),Championless (PZ/SI),1,1,1
Hecarim/Zed (IO/SI),Akshan/Samira (NX/SH),1,1,1
Neeko (BW/RU),Ashe/LeBlanc (FR/NX),1,1,1
Kalista (DE/SI),Lucian/Zoe (DE/MT),1,1,1
Annie/Jhin (RU/NX),Ahri/Kennen (BC/IO),1,1,1
Akshan/Sivir (DE/SH),Fiora/Shen (DE/IO),1,1,1
Samira/Twisted Fate (BW/NX),Neeko (BW/RU),1,1,1
Championless (MT/SI),Gwen/Kalista (SI),1,1,1
Gwen/Hecarim (SI),Gwen/Kalista (SI),1,1,1
LeBlanc/Udyr (FR/NX),Pantheon/Zoe (FR/MT),1,1,1
Ashe/LeBlanc (FR/NX),Aphelios/Kai'Sa (MT/SH),1,1,1
Garen (DE/SI),Garen/Shen (DE/IO),1,1,1
Caitlyn/Janna (BC/PZ),Miss Fortune/Quinn/Vayne (BW/DE),1,1,1
Miss Fortune/Swain (BW/NX),Kai'Sa/Nidalee (FR/SH),1,1,1
Ahri/Kennen (BC/IO),Swain/Yasuo (IO/NX),1,1,1
Master Yi/Zoe (IO/MT),Gwen/Hecarim (SI/SH),1,1,1
Braum/Swain (FR/NX),Caitlyn/Teemo (BC/PZ),1,1,1
Draven/LeBlanc (FR/NX),Caitlyn/Teemo (BC/PZ),1,1,1
Quinn/Vayne/Zed (DE/IO),Caitlyn/Teemo (BC/PZ),1,1,1
Caitlyn/Teemo (BC/PZ),Fizz/Gnar (BW/FR),1,1,1
Caitlyn/Teemo (BC/PZ),Kai'Sa/Pantheon/Zoe (MT/SH),1,1,1
Annie/Pantheon (MT/NX),Hecarim (SI),1,1,1
Annie/Pantheon (MT/NX),Gwen/Hecarim (SI/SH),1,1,1
Kai'Sa/Pantheon (MT/SH),Kalista (SI),1,1,1
Shen/Zed (IO/NX),Ashe/Janna (FR/PZ),1,1,1
Darius/Gwen (NX/SI),Ashe/Janna (FR/PZ),1,1,1
Ashe/Janna (FR/PZ),Lucian/Miss Fortune (BW/DE),1,1,1
Fizz/Norra (BC/IO),Shen/Zed (IO/NX),1,1,1
Master Yi/Vayne (DE/IO),Ezreal/Twisted Fate (BW/PZ),1,1,1
Gwen (PZ/SI),Leona/Yasuo (IO/MT),1,1,1
Hecarim/Kalista (SI/SH),Quinn/Vayne/Zed (DE/IO),1,1,1
Ashe/Miss Fortune (BW/FR),Gnar/Nidalee (BC/SH),1,1,1
Samira/Twisted Fate (BW/NX),Lucian/Lux: Illuminated (DE/FR),1,1,1
Darius/Gwen (NX/SI),Lucian/Lux: Illuminated (DE/FR),1,1,1
Lucian/Lux: Illuminated (DE/FR),Gwen/Vayne (DE/SI),1,1,1
Lucian/Lux: Illuminated (DE/FR),Draven/LeBlanc (FR/NX),1,1,1
Darius/Gwen (NX/SI),Draven/Jinx (NX/PZ),1,1,1
Swain/Yasuo (IO/NX),Draven/Jinx (NX/PZ),1,1,1
Hecarim (SI),Darius/Gwen (NX/SI),1,1,1
Hecarim (SI),Garen (DE/SI),1,1,1
Hecarim (SI),Gwen/Hecarim (SI),1,1,1
Kalista/Lucian (DE/SI),Ezreal/Janna/Jinx (BW/PZ),1,1,1
Kalista/Lucian (DE/SI),Katarina/Yasuo (IO/NX),1,1,1
Seraphine (MT/PZ),Fiora/Shen (DE/IO),1,1,1
Championless (BC/SI),Ashe/Braum/Sejuani (FR/SI),1,1,1
Elise (NX/SI),Championless (MT/SI),1,1,1
Renekton/Sivir (SH),Vayne (DE/PZ),1,1,1
Ashe/LeBlanc (FR/NX),Gwen/Hecarim/Sivir (SI/SH),1,1,1
Master Yi/Zoe (IO/MT),Gwen/Hecarim (SI),1,1,1
Fizz/Gnar (BW/FR),Hecarim/Zed (IO/SI),1,1,1
Garen/Udyr (DE/FR),Gnar/LeBlanc (FR/NX),1,1,1
Darius/Yasuo (IO/NX),Katarina/Norra (BC/NX),1,1,1
Garen/Udyr (DE/FR),Elise/Lucian (DE/SI),1,1,1
Championless (DE/FR),Lux: Illuminated/Udyr (DE/FR),1,1,1
Braum/Zoe (FR/MT),Diana/Zoe (FR/MT),1,1,1
Gnar/Neeko (FR/RU),Miss Fortune/Vayne (BW/DE),1,1,1
Gwen/Zoe (MT/SI),Shen/Yasuo (BC/IO),1,1,1
Darius/Zed (IO/NX),Gwen/Zoe (MT/SI),1,1,1
Braum/The Poro King (FR/RU),Darius/Gwen (NX/SI),1,1,1
Samira (BW/NX),Jinx/Zed (IO/PZ),1,1,1
Master Yi/Zoe (IO/MT),Garen (DE/SI),1,1,1
Darius/Gwen (NX/SI),Leona/Zoe (FR/MT),1,1,1
Hecarim (SI),Fiora/Udyr (DE/FR),1,1,1
Swain/Twisted Fate (BW/NX),Ezreal/Nilah/Twisted Fate (BW/PZ),1,1,1
Ezreal/Nilah/Twisted Fate (BW/PZ),LeBlanc (FR/NX),1,1,1
Janna/Nilah (BW/PZ),Gwen/Hecarim/Sivir (SI/SH),1,1,1
Annie/Samira (FR/NX),Samira/Teemo (NX/PZ),1,1,1
Nilah/Twisted Fate (BW/PZ),Braum/The Poro King (FR/RU),1,1,1
Lulu/Master Yi (FR/IO),Nilah/Twisted Fate (BW/PZ),1,1,1
Fiora/Shen (DE/IO),Master Yi/Udyr (FR/IO),1,1,1
Master Yi/Udyr (FR/IO),Gnar (FR/MT),1,1,1
Master Yi/Udyr (FR/IO),Gwen/Hecarim/Sivir (SI/SH),1,1,1
Ezreal/Nilah/Twisted Fate (BW/PZ),Master Yi/Udyr (FR/IO),1,1,1
Kennen/Lux: Illuminated (DE/IO),Ashe/LeBlanc (FR/NX),1,1,1
Samira/Twisted Fate (BW/NX),Akshan/Udyr (FR/SH),1,1,1
Ashe/Caitlyn (FR/PZ),Caitlyn/Norra/Teemo (BC/PZ),1,1,1
Kalista (SI),Ezreal/Nilah/Twisted Fate (BW/PZ),1,1,1
Braum/Zoe (FR/MT),Hecarim (SI),1,1,1
Fiora/Shen (DE/IO),Kalista/LeBlanc (NX/SI),1,1,1
Lux: Illuminated/Shen (DE/IO),Ezreal/Seraphine (PZ/SI),1,1,1
Akshan/Master Yi (IO/SH),Shen/Sivir (IO/SH),1,1,1
Akshan/Pantheon (MT/SH),Norra (BC/PZ),1,1,1
Braum/Zoe (FR/MT),Ahri/Lissandra (FR/IO),1,1,1
Master Yi/Zoe (IO/MT),Braum/Zoe (FR/MT),1,1,1
Annie/Jhin (RU/NX),Akshan/Renekton (FR/SH),1,1,1
Ezreal/Seraphine (PZ/SI),Ashe (BW/FR),1,1,1
Ashe/Janna (FR/PZ),Championless (MT/SI),1,1,1
Kai'Sa/Pantheon (MT/SH),Gwen/Hecarim/Sivir (SI/SH),1,1,1
Championless (MT/SI),Gnar/Renekton (FR/SH),1,1,1
Caitlyn/Teemo (BC/PZ),Pantheon/Samira (MT/NX),1,1,1
Akshan/Fiora (DE/SH),Janna/Nilah/Twisted Fate (BW/PZ),1,1,1
Gwen/Vayne (DE/SI),Championless (BC/SI),1,1,1
Braum/The Poro King (FR/RU),Championless (BC/SI),1,1,1
Ezreal/Nilah/Twisted Fate (BW/PZ),Caitlyn/Norra/Teemo (BC/PZ),1,1,1
Ezreal/Nilah/Twisted Fate (BW/PZ),Ashe (FR),1,1,1
Championless (MT/SI),Irelia/Lux: Illuminated (DE/IO),1,1,1
Norra (BC/PZ),Ashe (FR),1,1,1
Gnar/Renekton (FR/SH),Udyr (FR/MT),1,1,1
Garen (DE),Samira/Twisted Fate (BW/NX),1,1,1
Gnar (FR/MT),Ashe (FR/PZ),1,1,1
Gnar/Nidalee (BC/SH),Gwen/Hecarim/Sivir (SI/SH),1,1,1
Ezreal/Twisted Fate (BW/PZ),Aphelios/Kai'Sa (MT/SH),1,1,1
Ezreal/Seraphine (PZ/SI),Janna/Norra (BC/PZ),1,1,1
Kalista (SI),Irelia/Zed (FR/IO),1,1,1
Sejuani/Teemo (FR/PZ),Shen/Sivir (IO/SH),1,1,1
Sejuani/Teemo (FR/PZ),Ahri/Kennen (BC/IO),1,1,1
Ezreal/Seraphine (PZ/SI),Gwen/Hecarim/Sivir (SI/SH),1,1,1
Darius/Gwen (NX/SI),Gwen (SI),1,1,1
Annie/Jhin (RU/NX),Quinn/Vayne/Zed (DE/IO),1,1,1
Quinn/Vayne/Zed (DE/IO),Championpile (DE/SH),1,1,1
Kalista/Lucian (DE/SI),Quinn/Vayne/Zed (DE/IO),1,1,1
Hecarim/Sivir (SI/SH),Tristana (BC/DE),1,1,1
Championless (SI),Annie/Samira (FR/NX),1,1,1
Ashe/LeBlanc (FR/NX),Garen/LeBlanc (DE/NX),1,1,1
Ashe/LeBlanc (FR/NX),Jinx/Twisted Fate (BW/PZ),1,1,1
Ashe/LeBlanc (FR/NX),Braum/Garen/Vayne (DE/FR),1,1,1
Ashe/LeBlanc (FR/NX),Ahri/Kennen (DE/IO),1,1,1
Nilah/Twisted Fate (BW/PZ),Akshan/Garen (DE/SH),1,1,1
Irelia/Zed (FR/IO),Ashe (FR/PZ),1,1,1
Irelia/Zed (FR/IO),Championless (MT/SI),1,1,1
Samira/Twisted Fate (BW/NX),Akshan/Master Yi (IO/SH),1,1,1
Kalista/Lucian (DE/SI),Gwen/Hecarim/Sivir (SI/SH),1,1,1
Ashe (FR/PZ),Gwen/Hecarim/Sivir (SI/SH),1,1,1
Norra (BC/PZ),Championless (MT/SI),1,1,1
Caitlyn/Teemo (BC/PZ),Gwen/Hecarim/Sivir (SI/SH),1,1,1
Gwen/Hecarim/Sivir (SI/SH),Championless (SI),1,1,1
Braum/Zoe (FR/MT),Renekton/Sivir (SH),1,1,1
Annie/Jhin (RU/NX),Gnar/Neeko (FR/RU),1,1,1
Annie/Jhin (RU/NX),Aphelios/Diana (IO/MT),1,1,1
Akshan/Pantheon (MT/SH),Gwen/Hecarim/Sivir (SI/SH),1,1,1
Akshan/Pantheon (MT/SH),Garen (DE/SI),1,1,1
Seraphine (IO/PZ),Kai'Sa/Nidalee (FR/SH),1,1,1
Diana/Zoe (FR/MT),Braum/Udyr (FR/MT),1,1,1
Ezreal/Nilah (BW/PZ),Diana/Zoe (FR/MT),1,1,1
Swain/Yasuo (IO/NX),Hecarim/Sivir (SI/SH),1,1,1
Ashe/Caitlyn (FR/PZ),Akshan/Pantheon (MT/SH),1,1,1
Ezreal/Nilah/Twisted Fate (BW/PZ),Ezreal/Seraphine (PZ/SI),1,1,1
Vayne/Zed (DE/IO),Hecarim/Zed (IO/SI),1,1,1
LeBlanc (FR/NX),Darius/Gnar (FR/NX),1,1,1
Gnar/Udyr (FR/NX),Gwen/Kalista (SI),1,1,1
Gnar/Udyr (FR/NX),Hecarim/Zed (IO/SI),1,1,1
LeBlanc (FR/NX),Akshan/Pantheon (MT/SH),1,1,1
LeBlanc (FR/NX),Gwen/Hecarim (SI/SH),1,1,1
LeBlanc (FR/NX),Hecarim (SI),1,1,1
Annie/Ezreal/Swain (NX/PZ),Fizz/Nami (BW/FR),1,1,1
Yasuo (IO/NX),Leona (MT),1,1,1
Nilah/Twisted Fate (BW/PZ),Hecarim/Kalista (IO/SI),1,1,1
Lulu/Master Yi (FR/IO),Gnar/Tristana (BC/BW),1,1,1
Lulu/Master Yi (FR/IO),Norra (BC/PZ),1,1,1
Hecarim/Zed (IO/SI),Janna/Twisted Fate (BW/PZ),1,1,1
Akshan/Pantheon (MT/SH),Nidalee (BC/SH),1,1,1
Akshan/Pantheon (MT/SH),Kalista/LeBlanc (NX/SI),1,1,1
Hecarim (SI),Gnar/Udyr (DE/FR),1,1,1
Nami/Twisted Fate (BW/PZ),Nilah/Twisted Fate (BW/PZ),1,1,1
Nami/Twisted Fate (BW/PZ),Akshan/Udyr (FR/SH),1,1,1
Championless (PZ/SI),Annie/Leona (MT/NX),1,1,1
Hecarim (SI),Udyr (FR/SI),1,1,1
Caitlyn/Teemo (BC/PZ),Kai'Sa/Pantheon (MT/SH),1,1,1
Ashe/LeBlanc (FR/NX),Akshan/Kai'Sa (MT/SH),1,1,1
Caitlyn/Teemo (BC/PZ),Gwen/Hecarim (SI),1,1,1
Championless (BC/SI),Hecarim/Kalista (SI/SH),1,1,1
Akshan/Fiora (DE/SH),Neeko (BW/RU),1,1,1
Gwen/Kalista (SI),Hecarim/Zed (IO/SI),1,1,1
Gwen/Kalista (SI),Pantheon/Zoe (DE/MT),1,1,1
Fiora/Nidalee (DE/SH),Ezreal/Seraphine (IO/PZ),1,1,1
Fiora/Nidalee (DE/SH),Gwen/Hecarim (SI),1,1,1
Hecarim/Zed (IO/SI),Nilah/Twisted Fate (BW/PZ),1,1,1
Swain/Yasuo (IO/NX),Quinn/Vayne/Zed (DE/IO),1,1,1
Janna (PZ/SI),Hecarim (SI),1,1,1
Ashe/LeBlanc (FR/NX),Championless (IO/PZ),1,1,1
Sejuani/Teemo (FR/PZ),Norra/Teemo (BC/PZ),1,1,1
Sejuani/Teemo (FR/PZ),Caitlyn/Teemo (BC/PZ),1,1,1
Ezreal/Seraphine (PZ/SI),Gwen (IO/SI),1,1,1
Fizz/Nami (BC/BW),Master Yi/Zoe (IO/MT),1,1,1
Hecarim/Zed (IO/SI),Miss Fortune/Quinn/Vayne (BW/DE),1,1,1
Hecarim/Zed (IO/SI),Gwen/Vayne (DE/SI),1,1,1
Hecarim/Zed (IO/SI),Gwen/Hecarim (SI/SH),1,1,1
Fizz/Nami (BW/FR),Caitlyn/Teemo (BC/PZ),1,1,1
Caitlyn/Teemo (BC/PZ),Ahri/Jhin/Yasuo (IO/RU),1,1,1
Caitlyn/Teemo (BC/PZ),Aphelios/Udyr (FR/MT),1,1,1
Caitlyn/Teemo (BC/PZ),Elise (SI),1,1,1
Hecarim/Zed (IO/SI),Nidalee/Zoe (MT/SH),1,1,1
Leona/Yasuo (IO/MT),Caitlyn/Norra/Teemo (BC/PZ),1,1,1
Ezreal/Seraphine (IO/PZ),Championless (PZ/SI),1,1,1
Master Yi/Pantheon (IO/MT),Norra/Teemo (BC/PZ),1,1,1
Annie/Jhin (RU/NX),Master Yi/Pantheon (IO/MT),1,1,1
LeBlanc/Udyr (FR/NX),Gwen (IO/SI),1,1,1
LeBlanc/Udyr (FR/NX),Hecarim/Kalista (SI/SH),1,1,1
Katarina/Yasuo (IO/NX),Caitlyn (BC/PZ),1,1,1
Hecarim/Kalista (SI/SH),Ezreal/Seraphine (PZ/SI),1,1,1
Fiora/Shen (DE/IO),Akshan/Fiora (DE/SH),1,1,1
Gwen/Hecarim (SI/SH),Ezreal/Nilah (BW/PZ),1,1,1
Championless (BW/PZ),Hecarim/Kalista (SI/SH),1,1,1
Fiora/Nidalee (DE/SH),Gwen/Hecarim (SI/SH),1,1,1
Fiora/Nidalee (DE/SH),Hecarim/Sivir (SI/SH),1,1,1
Akshan/Garen (DE/SH),Fizz/Nami (BC/BW),1,1,1
Championless (IO/PZ),Fiora/Nidalee (DE/SH),1,1,1
Darius/LeBlanc/Zed (IO/NX),Caitlyn/Teemo (FR/PZ),1,1,1
Aphelios/Zoe (MT/PZ),Akshan/Master Yi (IO/SH),1,1,1
Nilah/Twisted Fate (BW/PZ),Aphelios/Zoe (MT/PZ),1,1,1
Akshan/Master Yi (IO/SH),Kalista (DE/SI),1,1,1
Ezreal/Norra (BC/PZ),Nilah/Twisted Fate (BW/PZ),1,1,1
Akshan/Kai'Sa/Sivir (IO/SH),Master Yi/Pantheon (IO/MT),1,1,1
Janna (PZ/SI),Lucian/Zoe (DE/MT),1,1,1
Championless (BC/SI),Caitlyn/Teemo (BW/PZ),1,1,1
Ashe/Janna (FR/PZ),Kai'Sa/Sivir (DE/SH),1,1,1
Janna (FR/PZ),Akshan/Garen (DE/SH),1,1,1
LeBlanc (FR/NX),Braum/Udyr (FR/MT),1,1,1
Braum/Zoe (FR/MT),Garen/Gnar (DE/FR),1,1,1
LeBlanc (FR/NX),Master Yi/Udyr (FR/IO),1,1,1
Lucian/Zed (DE/IO),Fiora/Shen (DE/IO),1,1,1
Lucian/Zed (DE/IO),LeBlanc/Sivir (NX/SH),1,1,1
Master Yi/Zoe (IO/MT),Lucian/Zoe (DE/MT),1,1,1
Sejuani/Swain (FR/NX),Neeko (BW/RU),1,1,1
Neeko (BW/RU),Annie/Jhin (RU/NX),1,1,1
Gwen/Kalista (SI),Ashe/Janna (FR/PZ),1,1,1
Lucian/Zoe (DE/MT),Ashe/Janna (FR/PZ),1,1,1
Lucian/Zoe (DE/MT),Braum (FR/MT),1,1,1
Lucian/Zoe (DE/MT),Annie/Jhin (RU/NX),1,1,1
Championless (PZ/SI),Master Yi/Zoe (IO/MT),1,1,1
Ezreal/Swain (NX/PZ),Ezreal/Seraphine (PZ/SI),1,1,1
Sejuani/Swain (FR/NX),Caitlyn/Swain (NX/PZ),1,1,1
Tristana (BC/IO),Caitlyn/Swain (NX/PZ),1,1,1
Nilah/Twisted Fate (BW/PZ),Tristana (BC/IO),1,1,1
Tristana (BC/IO),Braum (FR/MT),1,1,1
Janna (FR/PZ),Lissandra/Master Yi (FR/IO),1,1,1
Zoe (IO/MT),Championless (MT/SI),1,1,1
Leona (FR/MT),Garen/Udyr (DE/FR),1,1,1
Kai'Sa (IO/SH),Gwen/Kalista (SI),1,1,1
Gwen/Kalista (SI),Akshan/Master Yi (IO/SH),1,1,1
Darius/Gwen (NX/SI),Neeko (BW/RU),1,1,1
Braum/Zoe (FR/MT),Neeko (BW/RU),1,1,1
Hecarim/Zed (IO/SI),Teemo/Tristana (BC/SI),1,1,1
Hecarim/Zed (IO/SI),Katarina/Zed (IO/NX),1,1,1
Teemo/Tristana (BC/SI),Ahri/Kennen (BC/IO),1,1,1
Caitlyn/Teemo (BC/PZ),Caitlyn/Norra/Teemo (BC/PZ),1,1,1
Caitlyn/Teemo (BC/PZ),Ezreal/Janna (DE/PZ),1,1,1
Janna (FR/PZ),Bard/Norra (BC/RU),1,1,1
Shen/Sivir (IO/SH),Braum (FR/MT),1,1,1
Garen/Vayne (DE/SI),Nilah/Twisted Fate (BW/PZ),1,1,1
Ezreal/Swain (NX/PZ),Master Yi/Udyr (FR/IO),1,1,1
Ashe/LeBlanc (FR/NX),Garen/Lux: Illuminated (BC/DE),1,1,1
Championless (SI),Seraphine (MT/PZ),1,1,1
Ezreal/Swain (NX/PZ),Caitlyn/Norra/Teemo (BC/PZ),1,1,1
Samira/Twisted Fate (BW/NX),Nilah/Twisted Fate (BW/PZ),1,1,1
Pantheon/Vayne (DE/MT),Samira/Twisted Fate (BW/NX),1,1,1
Darius/Gnar (FR/NX),Nami/Nilah (BW/IO),1,1,1
Ashe (FR/PZ),Nidalee/Sivir (NX/SH),1,1,1
Kalista (SI),Norra/Swain (BC/NX),1,1,1
Gwen/Kalista (SI),Norra/Swain (BC/NX),1,1,1
Neeko/Teemo (BC/RU),Samira/Twisted Fate (BW/NX),1,1,1
Katarina/Yasuo (IO/NX),Caitlyn (PZ/SI),1,1,1
Caitlyn/Teemo (BW/PZ),Master Yi/Vayne (DE/IO),1,1,1
Annie/Leona (MT/NX),Caitlyn/Teemo (BW/PZ),1,1,1
Caitlyn (FR/PZ),Nidalee (BC/SH),1,1,1
Caitlyn/Swain (NX/PZ),Fizz/Kennen/Teemo (BC/DE),1,1,1
Championless (SI),Garen/Swain (DE/NX),1,1,1
Ashe/Lissandra (FR/IO),Ashe/Udyr (FR/IO),1,1,1
Ashe/Udyr (FR/IO),Master Yi/Vayne (DE/IO),1,1,1
Renekton/Sivir (FR/SH),Ashe/Master Yi (FR/IO),1,1,1
Ashe/Master Yi (FR/IO),Ezreal/Seraphine (IO/PZ),1,1,1
Nilah/Twisted Fate (BW/PZ),Elise (SI),1,1,1
Championless (SI),Caitlyn/Janna (BC/PZ),1,1,1
Championless (SI),Annie/Leona (MT/NX),1,1,1
Gnar/Renekton (FR/SH),Ekko/Jinx (PZ/SH),1,1,1
Gnar/Renekton (FR/SH),Championless (FR/MT),1,1,1
Diana/Nocturne (MT/SI),Braum/Garen/Vayne (DE/FR),1,1,1
Elise (SI),Diana/Nocturne (MT/SI),1,1,1
Akshan/Udyr (FR/SH),Norra/Zoe (BC/MT),1,1,1
Braum/Zoe (FR/MT),Elise (SI),1,1,1
Annie/Leona (MT/NX),Samira/Twisted Fate (BW/NX),1,1,1
Championless (PZ/SI),Caitlyn/Norra/Teemo (BC/PZ),1,1,1
Leona/Yasuo (IO/MT),Ezreal/Seraphine (IO/PZ),1,1,1
Gnar/Neeko (FR/RU),Caitlyn/Teemo (BC/PZ),1,1,1
Ashe (FR/PZ),Ashe/Lissandra (FR/IO),1,1,1
Ezreal/Seraphine (PZ/SI),Ashe/Braum/Sejuani (FR/SI),1,1,1
Gnar/Renekton (FR/SH),Nilah/Twisted Fate (BW/PZ),1,1,1
Janna (FR/PZ),Championless (IO/PZ),1,1,1
Teemo/Tristana (BC/SI),Miss Fortune/Twisted Fate (BW/NX),1,1,1
Nilah/Twisted Fate (BW/PZ),Lucian/Zed (DE/IO),1,1,1
Gnar/Swain (BC/NX),Ashe/Udyr (FR/IO),1,1,1
Master Yi/Vayne (DE/IO),Janna/Twisted Fate (BW/PZ),1,1,1
Janna/Nilah (BW/PZ),Garen (DE),1,1,1
Janna (PZ/SI),Darius/Gwen (NX/SI),1,1,1
Nilah/Twisted Fate (BW/PZ),Master Yi/Vayne (DE/IO),1,1,1
Nilah/Twisted Fate (BW/PZ),The Poro King/Zoe (MT/RU),1,1,1
Caitlyn/Norra/Teemo (BC/PZ),Quinn/Vayne (DE/PZ),1,1,1
Quinn/Vayne (DE/PZ),Janna (PZ/SI),1,1,1
Quinn/Vayne (DE/PZ),Nami/Seraphine (BW/PZ),1,1,1
Quinn/Vayne (DE/PZ),Janna (FR/PZ),1,1,1
Quinn/Vayne/Zed (DE/IO),Katarina/Miss Fortune (BW/NX),1,1,1
Lissandra (FR/IO),Caitlyn/Janna (BC/PZ),1,1,1
Yasuo (IO/PZ),Fizz/Nami (BW/MT),1,1,1
Norra/Zoe (BC/MT),Twisted Fate/Yasuo (BW/IO),1,1,1
Ezreal/Swain (NX/PZ),Master Yi/Seraphine (IO/PZ),1,1,1
Ashe (FR/PZ),Ashe (BW/FR),1,1,1
Darius/Gnar (FR/NX),Gnar/Renekton (FR/SH),1,1,1
Fiora/Udyr (DE/FR),Twisted Fate/Yasuo (BW/IO),1,1,1
Lux: Illuminated/The Poro King (DE/RU),Sejuani/Teemo (BC/FR),1,1,1
Sejuani/Teemo (BC/FR),Braum/Udyr (DE/FR),1,1,1
Akshan/Sivir (NX/SH),Ashe (FR/PZ),1,1,1
Ezreal/Seraphine (PZ/SI),Ezreal/Janna/Twisted Fate (BW/PZ),1,1,1
Swain/Yasuo (IO/NX),Ezreal/Janna/Twisted Fate (BW/PZ),1,1,1
Quinn/Vayne/Zed (DE/IO),Caitlyn/Norra/Teemo (BC/PZ),1,1,1
Quinn/Vayne/Zed (DE/IO),Jhin/Yasuo (IO/RU),1,1,1
Ezreal/Seraphine (IO/PZ),Neeko/Teemo (BC/RU),1,1,1
Akshan/Master Yi (IO/SH),Quinn/Vayne/Zed (DE/IO),1,1,1
Championless (SI),Nami (BW/PZ),1,1,1
Katarina/Yasuo (IO/NX),Jhin/Yasuo (IO/RU),1,1,1
Katarina/Yasuo (IO/NX),Caitlyn/Norra/Teemo (BC/PZ),1,1,1
Caitlyn/Swain (NX/PZ),Katarina/Yasuo (IO/NX),1,1,1
Master Yi/Pantheon (IO/MT),Ekko/Jinx (PZ/SH),1,1,1
Gwen/Irelia (IO/SI),Caitlyn/Teemo (BC/PZ),1,1,1
Gwen/Zed (IO/SI),Gnar/Nidalee (BC/SH),1,1,1
Draven/Pantheon (MT/NX),Championless (SI),1,1,1
Ahri/Kennen (BC/IO),Hecarim/Kalista (IO/SI),1,1,1
Gnar/Swain (BC/NX),Ashe/Sivir (FR/SH),1,1,1
Braum/Udyr (DE/FR),Garen/Sivir (DE/SH),1,1,1
Braum/Udyr (BW/FR),Ashe/Udyr (FR/IO),1,1,1
Annie/Jhin (RU/NX),Ashe/Udyr (FR/IO),1,1,1
Ashe/Udyr (FR/IO),Ashe/LeBlanc (FR/NX),1,1,1
Ashe/Udyr (FR/IO),Norra/Zoe (BC/MT),1,1,1
Darius/Gnar (FR/NX),Ashe/Caitlyn (FR/PZ),1,1,1
Ashe/LeBlanc (FR/NX),Ashe/Caitlyn (FR/PZ),1,1,1
Gwen/Vayne (DE/SI),Janna/Nilah/Twisted Fate (BW/PZ),1,1,1
Darius/Gnar (FR/NX),Gnar/Sejuani (BC/FR),1,1,1
Miss Fortune (BW/MT),Championless (SI),1,1,1
Braum/Udyr (BW/FR),Ezreal/Gwen/Teemo (PZ/SI),1,1,1
Championless (SI),Neeko/Quinn (DE/RU),1,1,1
Neeko/Quinn (DE/RU),Caitlyn/Teemo (BC/PZ),1,1,1
Ashe/LeBlanc (FR/NX),The Poro King/Zoe (MT/RU),1,1,1
Braum/Janna (FR/PZ),Ashe (FR/SI),1,1,1
Yasuo (IO/PZ),Norra/Zoe (BC/MT),1,1,1
Janna/Twisted Fate (BW/PZ),Hecarim/Kalista (SI/SH),1,1,1
Fiora/Nidalee (DE/SH),Braum/Zoe (FR/MT),1,1,1
Braum/Janna (FR/PZ),Ezreal/Norra (BC/PZ),1,1,1
Janna (PZ/SI),Ezreal/Gwen/Teemo (PZ/SI),1,1,1
Ezreal/Gwen/Teemo (PZ/SI),Ashe (FR/PZ),1,1,1
Caitlyn/Ekko (PZ/SI),Janna/Nilah/Twisted Fate (BW/PZ),1,1,1
Gnar/Nidalee (BC/SH),Miss Fortune (BW/MT),1,1,1
Garen/Shen (DE/IO),Quinn/Vayne/Zed (DE/IO),1,1,1
Ashe (FR/PZ),Darius/Garen (DE/NX),1,1,1
Ashe/Caitlyn (FR/PZ),Caitlyn/Janna (BC/PZ),1,1,1
Lulu/Shen (IO/MT),Pantheon/Samira (MT/NX),1,1,1
Janna/Nilah/Twisted Fate (BW/PZ),Samira/Twisted Fate (BW/NX),1,1,1
Darius/Garen (DE/NX),Caitlyn/Teemo (BC/PZ),1,1,1
Ezreal/Seraphine (PZ/SI),Hecarim/Kalista/Zed (IO/SI),1,1,1
Braum/Vayne (DE/FR),Hecarim/Kalista/Zed (IO/SI),1,1,1
Annie/Nami (BW/NX),Hecarim/Kalista (SI/SH),1,1,1
Akshan/Master Yi/Sivir (IO/SH),Hecarim/Kalista (SI/SH),1,1,1
Lulu/Shen (DE/IO),Gnar/Janna (BC/PZ),1,1,1
Ashe/Lissandra (FR),Lulu/Shen (DE/IO),1,1,1
Master Yi (BW/IO),Lulu/Shen (DE/IO),1,1,1
Hecarim/Kalista (IO/SI),Caitlyn/Ekko (PZ/SI),1,1,1
Darius/Garen (DE/NX),Championless (MT/SI),1,1,1
Yasuo (IO/NX),Gwen/LeBlanc (NX/SI),1,1,1
Braum/Gnar (BC/FR),Hecarim/Kalista (SI/SH),1,1,1
Garen (DE/SH),Caitlyn/Teemo (MT/PZ),1,1,1
Lulu/Shen (DE/IO),Gwen/Kalista (BW/SI),1,1,1
Twisted Fate/Udyr (BW/FR),Darius/Gnar (FR/NX),1,1,1
Lulu/Shen (BC/IO),Darius/Swain (NX/SI),1,1,1
Darius/Gnar (FR/NX),Darius/Swain (NX/SI),1,1,1
Neeko/Teemo (RU/PZ),Braum/Janna (FR/PZ),1,1,1
Neeko/Teemo (BC/RU),Quinn/Vayne (DE/PZ),1,1,1
Darius/Gnar (FR/NX),Aphelios/Braum (FR/MT),1,1,1
Darius/Gnar (FR/NX),Lulu/Tristana (BC/DE),1,1,1
Lulu/Tristana (BC/DE),Katarina/Yasuo (IO/NX),1,1,1
LeBlanc/Udyr (FR/NX),Hecarim/Kalista (IO/SI),1,1,1
Ashe/Braum (FR/IO),LeBlanc/Udyr (FR/NX),1,1,1
Ashe/Braum (FR/IO),Nami (BW/PZ),1,1,1
Hecarim/Zed (IO/SI),Ashe/Udyr (FR/IO),1,1,1
Teemo/Tristana (BC/SI),Norra (BC/SI),1,1,1
Gnar/Tristana (BC/BW),Janna/Nilah/Twisted Fate (BW/PZ),1,1,1
Teemo/Tristana (BC/SI),Janna/Nilah/Twisted Fate (BW/PZ),1,1,1
Kalista (SI),Gnar/Tristana (BC/BW),1,1,1
Braum/Zoe (FR/MT),Hecarim/Kalista (IO/SI),1,1,1
Gnar/Nidalee (BC/SH),Akshan/Pantheon (MT/SH),1,1,1
Gnar/Tristana (BC/SI),Hecarim (SI),1,1,1
Ezreal/Norra (BC/PZ),Championless (SI),1,1,1
Ezreal/Norra (BC/PZ),Braum/Udyr (BW/FR),1,1,1
Ashe (FR/SI),Gnar/Neeko (FR/RU),1,1,1
Ashe (FR/SI),Lulu/Shen (DE/IO),1,1,1
Evelynn/Kai'Sa (RU/SH),Yasuo (IO/PZ),1,1,1
Championless (PZ/SI),Ezreal/Norra (BC/PZ),1,1,1
Janna/Master Yi (IO/PZ),Hecarim/Kalista (SI/SH),1,1,1
Fizz/Nami (BW/FR),Gnar/Udyr (FR/MT),1,1,1
Fizz/Nami (BW/FR),Kai'Sa/Zed (IO/SH),1,1,1
Fiora/Nidalee (DE/SH),Braum/Zed (FR/IO),1,1,1
Braum/Zed (FR/IO),Teemo/Tristana (BC/SI),1,1,1
Darius/Gnar (FR/NX),Nilah/Twisted Fate (BW/SI),1,1,1
Janna (FR/PZ),Twisted Fate (BW/FR),1,1,1
Darius/Garen (DE/NX),Janna (FR/PZ),1,1,1
Ashe/LeBlanc (FR/NX),Braum/Gnar (BC/FR),1,1,1
Ashe/LeBlanc (FR/NX),Bard/Braum (RU/FR),1,1,1
Teemo/Tristana (BC/SI),Annie/Jhin (RU/NX),1,1,1
Darius/Gnar (FR/NX),Hecarim/Zed (IO/SI),1,1,1
Lulu/Shen (BC/IO),Gwen/Vayne (DE/SI),1,1,1
Gwen/Vayne (DE/SI),Hecarim (SI),1,1,1
Teemo/Tristana (BC/SI),Gnar/Nidalee (BC/SH),1,1,1
Udyr (FR/SI),Nami/Seraphine (BW/PZ),1,1,1
Teemo/Tristana (BC/SI),Gnar/Udyr (FR/MT),1,1,1
Teemo/Tristana (BC/SI),Caitlyn/Teemo (BC/PZ),1,1,1
Leona/Yasuo (IO/MT),Aphelios/Udyr (FR/MT),1,1,1
Ashe/LeBlanc (FR/NX),Kai'Sa/Sivir/Zed (IO/SH),1,1,1
LeBlanc/Udyr (FR/NX),Caitlyn/Swain (NX/PZ),1,1,1
LeBlanc/Udyr (FR/NX),Neeko/Teemo (BC/RU),1,1,1
Neeko/Teemo (BC/RU),Kai'Sa/Sivir/Zed (IO/SH),1,1,1
Neeko/Teemo (BC/RU),Caitlyn/Teemo (BC/PZ),1,1,1
Quinn/Vayne/Zed (DE/IO),Bard/Braum (RU/FR),1,1,1
Quinn/Vayne/Zed (DE/IO),Fizz/Jinx (BW/PZ),1,1,1
Swain/Yasuo (IO/NX),Kai'Sa/Zed (IO/SH),1,1,1
Leona/Yasuo (IO/MT),Akshan/Udyr (FR/SH),1,1,1
Caitlyn/Teemo (MT/PZ),Ashe/Janna (FR/PZ),1,1,1
Nami/Seraphine (BW/PZ),Ashe/Janna (FR/PZ),1,1,1
Fiora/Nidalee (DE/SH),Ashe/Janna (FR/PZ),1,1,1
Leona/Yasuo (IO/MT),Master Yi/Zed (FR/IO),1,1,1
Braum/Master Yi (FR/IO),Fizz/Master Yi (BW/IO),1,1,1
Fizz/Master Yi (BW/IO),Braum/Udyr (DE/FR),1,1,1
Darius/Gnar (FR/NX),Sivir/Udyr (FR/SH),1,1,1
Akshan/Master Yi (IO/SH),Kai'Sa/Zed (IO/SH),1,1,1
Championless (PZ/SI),Kai'Sa/Zed (IO/SH),1,1,1
Ashe (FR/PZ),Kai'Sa/Zed (IO/SH),1,1,1
Braum/The Poro King (FR/RU),Kai'Sa/Zed (IO/SH),1,1,1
Ekko/Jinx (PZ/SH),Kai'Sa/Zed (IO/SH),1,1,1
Kai'Sa/Sivir/Zed (IO/SH),Sejuani/Sivir (FR/SH),1,1,1
Lulu/Shen (DE/IO),Hecarim/Kalista (SI/SH),1,1,1
Swain/Twisted Fate (BW/NX),Darius/Gwen (NX/SI),1,1,1
Akshan/Nidalee (BC/SH),Championless (SI),1,1,1
Sejuani/Swain (FR/NX),Master Yi/Zed (FR/IO),1,1,1
Fizz/Nami (BC/BW),Lulu/Shen (DE/IO),1,1,1
Garen/Sivir (DE/SH),Neeko/Teemo (RU/PZ),1,1,1
Yasuo (IO/PZ),Ahri/Kennen (DE/IO),1,1,1
Annie/Samira (NX/PZ),Nidalee (BC/SH),1,1,1
Ashe/LeBlanc (FR/NX),Renekton/Sivir (SH),1,1,1
Katarina/Leona (MT/NX),Katarina/Yasuo (IO/NX),1,1,1
Ezreal/Gwen/Teemo (PZ/SI),Master Yi/Udyr (FR/IO),1,1,1
Master Yi/Udyr (FR/IO),Swain/Yasuo (IO/NX),1,1,1
Hecarim (SI),Master Yi/Udyr (FR/IO),1,1,1
Bard/Norra (BC/RU),Sejuani/Swain (FR/NX),1,1,1
Lulu/Shen (DE/IO),Yasuo (IO/PZ),1,1,1
Hecarim/Zed (IO/SI),Yasuo (IO/PZ),1,1,1
Fiora/Nidalee (DE/SH),Ezreal/Norra (BC/PZ),1,1,1
Ezreal/Norra (BC/PZ),Akshan/Zoe (MT/SH),1,1,1
Fiora/Nidalee (DE/SH),Nami/Twisted Fate (BW/PZ),1,1,1
Ezreal/Seraphine (PZ/SI),Aphelios/Nami (BW/MT),1,1,1
Aphelios/Zoe (MT/PZ),Janna/Zoe (MT/PZ),1,1,1
Janna/Zoe (MT/PZ),Fiora/Shen (DE/IO),1,1,1
Championless (SI),Akshan/Vayne (DE/SH),1,1,1
Aphelios/Zoe (MT/PZ),Janna/Master Yi (IO/PZ),1,1,1
Janna/Master Yi (IO/PZ),Sejuani/Swain (FR/NX),1,1,1
Braum/Zoe (FR/MT),Katarina/Master Yi (IO/NX),1,1,1
Ezreal/Gwen/Teemo (PZ/SI),Lulu/Shen (DE/IO),1,1,1
Miss Fortune/Quinn (BW/DE),Ezreal/Gwen/Teemo (PZ/SI),1,1,1
Championless (NX/SI),Ashe/Janna (FR/PZ),1,1,1
Janna (FR/PZ),Ezreal/Seraphine (PZ/SI),1,1,1
Lulu/Shen (DE/IO),Gwen/Vayne (DE/SI),1,1,1
Kalista (SI),Lulu/Shen (DE/IO),1,1,1
Lulu/Shen (DE/IO),Darius/Yasuo (IO/NX),1,1,1
Lulu/Shen (DE/IO),Caitlyn/Swain (NX/PZ),1,1,1
Aphelios/Zoe (MT/PZ),Ashe (FR/PZ),1,1,1
Ashe/Janna (FR/PZ),Akshan/Master Yi (IO/SH),1,1,1
Gnar/Tristana (BC/BW),Fiora (DE/MT),1,1,1
Nidalee (BC/SH),Hecarim (MT/SI),1,1,1
Aphelios/Zoe (MT/PZ),Nidalee (BC/SH),1,1,1
Ashe (FR/PZ),Caitlyn/Twisted Fate (BW/PZ),1,1,1
Braum/Neeko (FR/RU),Caitlyn/Twisted Fate (BW/PZ),1,1,1
Nilah/Twisted Fate (BW/PZ),Fiora (DE/MT),1,1,1
Nilah/Twisted Fate (BW/PZ),Garen/Neeko (DE/RU),1,1,1
Ashe/Braum (FR/IO),Nilah/Twisted Fate (BW/PZ),1,1,1
Ezreal/Swain (NX/PZ),Shen/Sivir (IO/SH),1,1,1
Shen/Sivir (IO/SH),Pantheon/Samira (MT/NX),1,1,1
Akshan/Udyr (FR/SH),Ezreal/Swain (NX/PZ),1,1,1
Ezreal/Swain (NX/PZ),Fizz/Gnar (BW/FR),1,1,1
Garen (DE/SH),Ezreal/Swain (NX/PZ),1,1,1
Braum/Neeko (FR/RU),Kai'Sa/Zed (IO/SH),1,1,1
Master Yi/Zoe (IO/MT),Braum/Neeko (FR/RU),1,1,1
Shen/Sivir (IO/SH),Garen/Neeko (DE/RU),1,1,1
Akshan/Master Yi/Sivir (IO/SH),Darius/Yasuo (IO/NX),1,1,1
Darius/Yasuo (IO/NX),Ezreal/Swain (NX/PZ),1,1,1
Neeko (RU/SH),Kai'Sa/Zed (IO/SH),1,1,1
Aphelios/Zoe (MT/PZ),Katarina/Yasuo (IO/NX),1,1,1
Nilah/Twisted Fate (BW/PZ),Braum/Garen (DE/FR),1,1,1
Hecarim (MT/SI),Caitlyn/Teemo (BC/PZ),1,1,1
Garen/Sivir (DE/SH),Hecarim (MT/SI),1,1,1
Jhin/Kennen (IO/RU),Hecarim (MT/SI),1,1,1
Hecarim (MT/SI),Gwen/Irelia (IO/SI),1,1,1
Garen/Sivir (DE/SH),Darius/Gwen (NX/SI),1,1,1
Ashe (FR/PZ),Kennen/Master Yi (BC/IO),1,1,1
Akshan/Nidalee (BC/SH),Ezreal/Seraphine (PZ/SI),1,1,1
Master Yi/Udyr (FR/IO),Ashe (FR/SI),1,1,1
Master Yi/Udyr (FR/IO),Garen/Sivir (DE/SH),1,1,1
Seraphine/Zoe (MT/PZ),Ezreal/Gwen/Teemo (PZ/SI),1,1,1
Miss Fortune/Zoe (BW/MT),Lux: Illuminated/Zoe (DE/MT),1,1,1
Garen/Sivir (DE/SH),Championless (SI),1,1,1
Bard/Norra (BC/RU),Akshan/Fiora (DE/SH),1,1,1
Bard/Norra (BC/RU),Caitlyn/Swain (NX/PZ),1,1,1
Ashe/LeBlanc (FR/NX),Draven/Katarina (DE/NX),1,1,1
Fiora/Nidalee (DE/SH),Lulu/Norra (BC/PZ),1,1,1
Ezreal/Gwen/Teemo (PZ/SI),Ashe (FR),1,1,1
Braum/Teemo (FR/PZ),Norra/Twisted Fate (BC/BW),1,1,1
Gwen/Teemo (PZ/SI),Norra/Twisted Fate (BC/BW),1,1,1
Akshan/Samira (NX/SH),Ashe (FR),1,1,1
Championless (NX/SI),Swain/Yasuo (IO/NX),1,1,1
Championless (NX/SI),Kalista/Nocturne (BW/SI),1,1,1
Kai'Sa/Sivir (DE/SH),Garen/Sivir (DE/SH),1,1,1
Championless (SI),Gwen/Irelia/Zed (IO/SI),1,1,1
Gwen/Shen (IO/SI),Championless (SI),1,1,1
Norra/Twisted Fate (BC/BW),Shen/Sivir (IO/SH),1,1,1
Braum/Zoe (FR/MT),Norra/Twisted Fate (BC/BW),1,1,1
Elise (SI),Kalista (SI),1,1,1
Darius/Gnar (FR/NX),Ashe/Sejuani (FR/PZ),1,1,1
Championless (MT/SI),Ezreal/Swain (NX/PZ),1,1,1
Fiora/Shen (DE/IO),Garen/Sivir (DE/SH),1,1,1
Norra/Teemo (BC/PZ),Garen/Sivir (DE/SH),1,1,1
Ashe/Janna (FR/PZ),Akshan/Samira (NX/SH),1,1,1
Garen/Neeko (DE/RU),Kai'Sa (IO/SH),1,1,1
Kalista/Nocturne (BW/SI),Nilah/Twisted Fate (BW/PZ),1,1,1
Championless (PZ/SI),Kalista/Nocturne (BW/SI),1,1,1
Garen/Sivir (DE/SH),Ezreal/Seraphine (PZ/SI),1,1,1
Caitlyn (PZ/SI),Championless (MT/SI),1,1,1
Akshan/Fiora (DE/SH),Championless (MT/SI),1,1,1
Garen/Sivir (DE/SH),Akshan/Fiora (DE/SH),1,1,1
Jhin/Kennen (IO/RU),Garen/Sivir (DE/SH),1,1,1
Lulu/Shen (IO/MT),Gwen/Hecarim/Kalista (SI),1,1,1
Janna/Twisted Fate (BW/PZ),Miss Fortune/Quinn (BW/DE),1,1,1
Akshan/Pantheon (MT/SH),Gwen/Kalista (NX/SI),1,1,1
Gwen/Kalista (NX/SI),Braum/Teemo (FR/PZ),1,1,1
Fiora/Udyr (DE/FR),Janna/Twisted Fate (BW/PZ),1,1,1
Hecarim (SI),Caitlyn/Teemo (BC/PZ),1,1,1
Yasuo (IO/NX),Caitlyn/Teemo (BC/PZ),1,1,1
Kalista (SI),Championless (FR/PZ),1,1,1
Akshan/Master Yi (IO/SH),Ahri/Kennen (BC/IO),1,1,1
Katarina/Yasuo (IO/NX),Caitlyn/Teemo (BC/PZ),1,1,1
Caitlyn/Teemo (BC/PZ),Fizz/Sivir (BW/SH),1,1,1
Braum/Teemo (FR/PZ),Akshan/Pantheon (MT/SH),1,1,1
Kalista (SI),Garen (DE),1,1,1
Ashe/LeBlanc (FR/NX),Aphelios/Ashe/Udyr (FR/MT),1,1,1
Braum/Teemo (FR/PZ),Janna/Twisted Fate (BW/PZ),1,1,1
Braum/Teemo (FR/PZ),Championless (PZ/SI),1,1,1
Braum/Teemo (FR/PZ),Nilah/Twisted Fate (BW/PZ),1,1,1
Gwen/Vayne (DE/SI),Garen (DE),1,1,1
Braum/Vayne (DE/FR),Udyr (FR/SI),1,1,1
Darius/Yasuo (IO/NX),Norra/Twisted Fate (BC/BW),1,1,1
Caitlyn/Teemo (BC/PZ),Norra/Twisted Fate (BC/BW),1,1,1
Ashe/Kalista (FR/SI),Caitlyn/Zoe (MT/PZ),1,1,1
Ashe/Braum (FR/IO),Draven/Tristana (BC/NX),1,1,1
Ezreal/Seraphine (IO/PZ),Fizz/Nami/Nilah (BW/PZ),1,1,1
Hecarim (SI),Samira/Twisted Fate (BW/NX),1,1,1
Hecarim (SI),Ezreal/Seraphine (IO/PZ),1,1,1
Neeko (FR/RU),Shen/Sivir (IO/SH),1,1,1
Garen (DE),Neeko (FR/RU),1,1,1
Fizz/Sivir (BW/SH),Ashe (FR/PZ),1,1,1
Nilah/Twisted Fate (BW/PZ),Lux: Illuminated/The Poro King (DE/RU),1,1,1
Lux: Illuminated/The Poro King (DE/RU),Ashe/Udyr (FR/SI),1,1,1
Braum/Udyr (FR/MT),Sejuani/Swain (FR/NX),1,1,1
Ashe/LeBlanc (FR/NX),Garen/Leona (DE/MT),1,1,1
Diana/Leona (MT/SH),Sejuani/Swain (FR/NX),1,1,1
Pantheon/Zoe (DE/MT),Diana/Leona (MT/SH),1,1,1
Akshan/Renekton (FR/SH),Ashe/Udyr (FR/SI),1,1,1
Pantheon/Zoe (DE/MT),Nilah/Twisted Fate (BW/PZ),1,1,1
Gnar/Nidalee (BC/SH),Fiora/Renekton (DE/SH),1,1,1
Darius/Gnar (FR/NX),Braum/Janna (FR/PZ),1,1,1
Swain/Yasuo (IO/NX),Kalista/LeBlanc (NX/SI),1,1,1
Ashe/Udyr (FR/SI),Norra (BC/SI),1,1,1
Sejuani/Swain (FR/NX),Ashe/Udyr (FR/SI),1,1,1
Fiora/Udyr (DE/FR),Braum/Udyr (DE/FR),1,1,1
Fiora/Nidalee (DE/SH),Caitlyn/Ezreal (PZ/SI),1,1,1
Caitlyn/Ekko (PZ/SI),Caitlyn/Swain (NX/PZ),1,1,1
Braum/Teemo (FR/PZ),Braum/Janna (FR/PZ),1,1,1
Braum/Teemo (FR/PZ),Caitlyn/Teemo (BC/PZ),1,1,1
Neeko (FR/RU),Braum/Teemo (FR/PZ),1,1,1
Braum/Garen (DE/FR),Annie/Leona (MT/NX),1,1,1
Kalista (SI),Norra (BC/SI),1,1,1
Zoe (IO/MT),Fiora/Nidalee (DE/SH),1,1,1
Janna (PZ/SI),Championless (IO/PZ),1,1,1
Championless (IO/PZ),Garen/Leona (DE/MT),1,1,1
Championless (SI),Master Yi/Yasuo (IO/NX),1,1,1
Championless (SI),LeBlanc/Zed (IO/NX),1,1,1
Norra/Twisted Fate (BC/BW),Sejuani/Teemo (FR/PZ),1,1,1
Norra/Twisted Fate (BC/BW),Championless (MT/SI),1,1,1
Norra/Twisted Fate (BC/BW),Ezreal/Seraphine (IO/PZ),1,1,1
Sejuani/Teemo (FR/PZ),Darius/Draven (NX),1,1,1
Ashe (FR/PZ),Fiora/Renekton (DE/SH),1,1,1
Fiora/Renekton (DE/SH),Ashe/LeBlanc (FR/NX),1,1,1
Twisted Fate (BW/FR),Ashe/Udyr (FR/SI),1,1,1
Leona/Yasuo (IO/MT),Gwen/Sejuani (FR/SI),1,1,1
Annie/Jhin (RU/NX),Braum/Janna (FR/PZ),1,1,1
Braum/Janna (FR/PZ),Fiora/Shen/Yasuo (DE/IO),1,1,1
Championless (FR/MT),Championless (PZ/SI),1,1,1
Hecarim/Zed (IO/SI),Akshan/Master Yi (IO/SH),1,1,1
Neeko (FR/RU),Braum/The Poro King (FR/RU),1,1,1
Ezreal/Seraphine (PZ/SI),Braum/The Poro King (FR/RU),1,1,1
Master Yi/Udyr (FR/IO),Braum/Janna (FR/PZ),1,1,1
Janna/Nilah/Twisted Fate (BW/PZ),Fiora/Shen (DE/IO),1,1,1
Miss Fortune/Zoe (BW/MT),Janna/Nilah/Twisted Fate (BW/PZ),1,1,1
Championless (PZ/SI),Ashe/Udyr (FR/SI),1,1,1
Ezreal/Norra (BC/PZ),Annie/Jhin (RU/NX),1,1,1
Sejuani/Udyr (FR),Ezreal/Nami (BW/PZ),1,1,1
Irelia (BW/IO),Gwen/Kalista (SI/SH),1,1,1
Championless (PZ/SI),Darius/Janna (NX/PZ),1,1,1
Championless (PZ/SI),Annie/Nami (BW/NX),1,1,1
Akshan/Master Yi (IO/SH),Fiora/Nidalee (DE/SH),1,1,1
Evelynn/Kai'Sa (RU/SH),Akshan/Master Yi (IO/SH),1,1,1
Sejuani/Teemo (FR/PZ),Neeko (FR/RU),1,1,1
Ezreal/Swain (NX/PZ),Annie/Jhin (RU/NX),1,1,1
Neeko (FR/RU),Norra/Swain (BC/NX),1,1,1
Nilah/Twisted Fate (BW/PZ),Gwen/LeBlanc (NX/SI),1,1,1
Garen/Lucian (DE),Braum/Zoe (FR/MT),1,1,1
Bard/Pantheon (RU/MT),Garen/Lucian (DE),1,1,1
Braum/The Poro King (FR/RU),Championless (PZ/SI),1,1,1
Championless (PZ/SI),Gwen (BW/SI),1,1,1
Ezreal/Norra (BC/PZ),Sivir/Udyr (FR/SH),1,1,1
Braum/Gnar (BW/FR),Norra/Swain (BC/NX),1,1,1
Braum/Gnar (BW/FR),Leona/Yasuo (IO/MT),1,1,1
Miss Fortune/Zoe (BW/MT),Leona/Yasuo (IO/MT),1,1,1
Leona/Yasuo (IO/MT),Championless (MT/SI),1,1,1
Ezreal/Nami (BW/PZ),Championless (MT/SI),1,1,1
Caitlyn (PZ/SI),Garen/Lux: Illuminated (DE/MT),1,1,1
Caitlyn (PZ/SI),Championless (PZ/SI),1,1,1
Braum/The Poro King (FR/RU),Nami/Twisted Fate (BW/PZ),1,1,1
Gwen (SI),Ashe (FR/PZ),1,1,1
Ashe (FR/PZ),Gnar/Udyr (DE/FR),1,1,1
Gwen/Nocturne (PZ/SI),Gwen (SI),1,1,1
Ashe/LeBlanc (FR/NX),Gwen/Nocturne (PZ/SI),1,1,1
Diana/Nocturne (MT/SI),Fizz/Norra (BC/MT),1,1,1
Garen/Lux: Illuminated (DE/MT),Janna/Master Yi (IO/PZ),1,1,1
Garen/Lux: Illuminated (DE/MT),Championless (BW/MT),1,1,1
Garen/Lux: Illuminated (DE/MT),Ashe/LeBlanc (FR/NX),1,1,1
Norra/Swain (BC/NX),Garen/Lux: Illuminated (BC/DE),1,1,1
Norra/Swain (BC/NX),Miss Fortune/Vayne (BW/DE),1,1,1
Kalista (SI),Garen/Lux: Illuminated (DE/MT),1,1,1
Akshan/Zoe (MT/SH),Kalista (SI),1,1,1
Leona/Yasuo (IO/MT),Quinn/Vayne (DE/FR),1,1,1
Janna/Twisted Fate (BW/PZ),Akshan/Zed (IO/SH),1,1,1
Braum (DE/FR),Ashe/Caitlyn (FR/PZ),1,1,1
Swain/Twisted Fate (BW/NX),Akshan/Zed (IO/SH),1,1,1
Seraphine/Zoe (MT/PZ),Garen/Lucian (DE),1,1,1
Janna/Nilah (BW/PZ),Caitlyn/Ezreal (PZ/SI),1,1,1
Braum/Zoe (FR/MT),Gnar/Renekton (FR/SH),1,1,1
Annie/Jhin/Katarina/Swain (RU/NX),Akshan/Zed (IO/SH),1,1,1
Akshan/Zed (IO/SH),Gwen/Kalista (SI/SH),1,1,1
Caitlyn/Norra/Teemo (BC/PZ),Fiora/Shen (DE/IO),1,1,1
Janna (PZ/SI),Akshan/Zoe (MT/SH),1,1,1
Annie/Yasuo (IO/NX),Garen/Lucian (DE),1,1,1
Ashe/LeBlanc (FR/NX),Lissandra (FR/SH),1,1,1
Ahri/Kennen/Yasuo (IO/SH),Ashe/Braum (FR/IO),1,1,1
Hecarim/Kalista (SI),Ashe/Braum (FR/SI),1,1,1
Sejuani/Swain (FR/NX),Norra/Twisted Fate (BC/BW),1,1,1
Braum/Zoe (FR/MT),Neeko/Teemo (BC/RU),1,1,1
Ashe/Braum (FR/IO),Akshan/Gwen (SI/SH),1,1,1
Ashe/Braum (FR/IO),Championless (SI),1,1,1
Norra/Teemo (BC/PZ),Garen/Udyr (DE/FR),1,1,1
Garen/Lucian (DE),Annie/Jhin (RU/NX),1,1,1
Evelynn/Tristana (BC/RU),Akshan/Udyr (FR/SH),1,1,1
Swain/Twisted Fate (BW/NX),Janna (FR/PZ),1,1,1
Braum/Zoe (FR/MT),Renekton/Sejuani (FR/SH),1,1,1
Fiora/Swain (DE/NX),Katarina/Yasuo (IO/NX),1,1,1
Swain/Twisted Fate (BW/NX),Leona/Yasuo (IO/MT),1,1,1
Janna (FR/PZ),Master Yi/Udyr (FR/IO),1,1,1
Braum/Janna (FR/PZ),Seraphine/Zoe (MT/PZ),1,1,1
Akshan/Pantheon (MT/SH),Kennen/Master Yi (DE/IO),1,1,1
Swain/Twisted Fate (BW/NX),Akshan/Pantheon (MT/SH),1,1,1
Nilah/Twisted Fate (BW/PZ),Caitlyn/Janna (PZ/SI),1,1,1
Sivir/Swain (NX/SH),Gnar/Sejuani (BC/FR),1,1,1
Gnar/Sejuani (BC/FR),Championless (MT/SI),1,1,1
Braum/Zoe (FR/MT),Seraphine/Zoe (MT/PZ),1,1,1
Darius/Yasuo (IO/NX),Fiora/Udyr (DE/FR),1,1,1
Yasuo (IO/PZ),Caitlyn/Swain (NX/PZ),1,1,1
Yasuo (IO/PZ),Braum/Janna (FR/PZ),1,1,1
Yasuo (IO/NX),Championless (SI),1,1,1
Ashe (FR/PZ),Braum/Teemo (FR/PZ),1,1,1
Annie/Jhin (RU/NX),Braum/Teemo (FR/PZ),1,1,1
Braum/Teemo (FR/PZ),Kennen/Master Yi (DE/IO),1,1,1
Swain/Twisted Fate (BW/NX),Gnar/Neeko (FR/RU),1,1,1
Swain/Twisted Fate (BW/NX),Sejuani/Swain (FR/NX),1,1,1
Garen (DE/SI),Championless (MT/SI),1,1,1
Kalista/Lucian (DE/SI),Braum/Udyr (DE/FR),1,1,1
Braum/Udyr (DE/FR),Braum/Janna (FR/PZ),1,1,1
Renekton/Sejuani (FR/SH),Braum/Janna (FR/PZ),1,1,1
Renekton/Sejuani (FR/SH),Braum/Garen (DE/FR),1,1,1
Ashe/Braum (FR/SI),Garen/LeBlanc (DE/NX),1,1,1
Teemo/Twisted Fate (BW/PZ),Braum/Janna (FR/PZ),1,1,1
Akshan/Master Yi (IO/SH),Teemo/Twisted Fate (BW/PZ),1,1,1
Akshan/Udyr (FR/SH),Fizz/Twisted Fate (BW/PZ),1,1,1
Evelynn/Tristana (BC/RU),Norra/Twisted Fate (BC/BW),1,1,1
Norra/Twisted Fate (BC/BW),Championless (SI),1,1,1
Sivir/Swain (NX/SH),Garen/Udyr (DE/FR),1,1,1
Garen/Udyr (DE/FR),Braum/Janna (FR/PZ),1,1,1
Katarina/Yasuo (IO/NX),Jhin/Kennen/Yasuo (IO/RU),1,1,1
Fiora/Shen (DE/IO),Quinn/Vayne/Zed (DE/IO),1,1,1
Janna/Seraphine (IO/PZ),Ashe/Braum/Sejuani (FR/SI),1,1,1
Sivir/Swain (NX/SH),Teemo/Zoe (BC/MT),1,1,1
Championless (SI),Braum/Janna (FR/PZ),1,1,1
Aphelios/Zoe (MT/PZ),Hecarim/Kalista (SI),1,1,1
Swain/Yasuo (IO/NX),Braum/Vayne (DE/FR),1,1,1
Norra/Teemo (BC/PZ),Gwen/Zed (IO/SI),1,1,1
Ashe (FR/PZ),Caitlyn/Teemo (FR/PZ),1,1,1
Sivir/Swain (NX/SH),Akshan/Master Yi/Sivir (IO/SH),1,1,1
Championless (MT/SI),Braum/Garen (DE/FR),1,1,1
Ashe/Sejuani (BC/FR),Braum/Garen (DE/FR),1,1,1
Ashe/LeBlanc (FR/NX),Nami/Seraphine (BW/PZ),1,1,1
Ashe (FR/PZ),Gwen/Lux: Illuminated (DE/SI),1,1,1
Kalista/Lucian (DE/SI),Fiora/Shen (DE/IO),1,1,1
Evelynn/Tristana (BC/RU),Championless (MT/SI),1,1,1
Evelynn/Tristana (BC/RU),Katarina/Yasuo (IO/NX),1,1,1
Ashe (FR/PZ),Evelynn/Tristana (BC/RU),1,1,1
Championless (MT/SI),Janna/Nilah/Twisted Fate (BW/PZ),1,1,1
Championless (BW/NX),Ezreal/Seraphine (PZ/SI),1,1,1
Akshan/Master Yi (IO/SH),Twisted Fate (BW/FR),1,1,1
Akshan/Udyr (FR/SH),Annie/Yasuo (IO/NX),1,1,1
Kalista/Norra (BC/SI),Sejuani/Udyr (FR),1,1,1
Braum/Udyr (BW/FR),Braum/Teemo (FR/PZ),1,1,1
Braum/Udyr (BW/FR),Braum/Janna (FR/PZ),1,1,1
Braum/Udyr (BW/FR),Akshan/Kai'Sa (MT/SH),1,1,1
Braum/Udyr (BW/FR),Ezreal/Seraphine (PZ/SI),1,1,1
Yasuo (IO/NX),Leona/Yasuo (IO/MT),1,1,1
Leona/Yasuo (IO/MT),Akshan/Renekton (SH),1,1,1
Championless (MT/SI),Ashe/Kalista (FR/SI),1,1,1
Ashe (FR/PZ),Ashe/Kalista (FR/SI),1,1,1
Ezreal/Seraphine (PZ/SI),Ashe (FR/SI),1,1,1
Ashe/LeBlanc (FR/NX),Darius/Katarina/Yasuo (IO/NX),1,1,1
Ashe/LeBlanc (FR/NX),Gwen/Udyr (FR/SI),1,1,1
Janna/Seraphine (IO/PZ),Darius/Yasuo (IO/NX),1,1,1
Darius/Yasuo (IO/NX),Caitlyn/Norra/Teemo (BC/PZ),1,1,1
Garen (DE/SI),Ezreal/Seraphine (PZ/SI),1,1,1
Championless (MT/SI),Braum/Udyr (DE/FR),1,1,1
Braum/Janna (FR/PZ),Gwen/Lucian (DE/SI),1,1,1
Teemo/Twisted Fate (BW/PZ),Katarina/Swain/Yasuo (IO/NX),1,1,1
Teemo/Twisted Fate (BW/PZ),Yasuo (IO/NX),1,1,1
Championless (MT/SI),Teemo/Twisted Fate (BW/PZ),1,1,1
Aphelios/Master Yi/Zoe (IO/MT),Kalista (BW/SI),1,1,1
Teemo/Zoe (BC/MT),Braum/Zoe (FR/MT),1,1,1
Ashe (FR/PZ),LeBlanc/Renekton (NX/SH),1,1,1
Darius/Gwen (NX/SI),Akshan/Pantheon (MT/SH),1,1,1
Janna/Seraphine (IO/PZ),Leona/Yasuo (IO/MT),1,1,1
Braum/Udyr (BW/FR),Braum/Garen (DE/FR),1,1,1
Nilah/Twisted Fate (BW/PZ),Katarina/Swain/Yasuo (IO/NX),1,1,1
Gwen/Irelia (IO/SI),Katarina/Swain/Yasuo (IO/NX),1,1,1
Championless (SI),Darius/Katarina/Yasuo (IO/NX),1,1,1
Championless (MT/SI),Gwen/Irelia (IO/SI),1,1,1
Akshan/Pantheon (MT/SH),Gwen/Irelia (IO/SI),1,1,1
Annie/Jhin (RU/NX),Gwen/Irelia (IO/SI),1,1,1
Ezreal/Seraphine (BC/PZ),Draven/Samira (BW/NX),1,1,1
Ashe (FR/PZ),Seraphine/Zoe (MT/PZ),1,1,1
Seraphine/Zoe (MT/PZ),Braum/Udyr (BW/FR),1,1,1
Sejuani/Teemo (FR/PZ),Braum/Udyr (FR/MT),1,1,1
Braum/Udyr (BW/FR),Braum (DE/FR),1,1,1
Braum (DE/FR),Darius/Gnar (FR/NX),1,1,1
Braum/Udyr (BW/FR),Nilah/Twisted Fate (BW/PZ),1,1,1
Ashe/Jinx (FR/PZ),Braum/Udyr (BW/FR),1,1,1
Neeko/Teemo (BC/RU),Annie/Katarina (FR/NX),1,1,1
Master Yi/Zoe (IO/MT),Lux: Illuminated/Shen (DE/IO),1,1,1
Ashe (FR/SI),Ezreal/Seraphine (BC/PZ),1,1,1
Braum/Udyr (BW/FR),Championless (SI),1,1,1
Akshan/Fizz (BC/SH),Championless (SI),1,1,1
Braum/Zoe (FR/MT),Kalista/Norra (BC/SI),1,1,1
Kalista/Norra (BC/SI),Fiora/Udyr (DE/FR),1,1,1
Darius/Gnar (FR/NX),Kalista (BW/SI),1,1,1
Master Yi/Zoe (IO/MT),Braum/Udyr (BW/FR),1,1,1
Garen/Udyr (DE/FR),Seraphine/Twisted Fate (BW/PZ),1,1,1
Garen/Udyr (DE/FR),Fiora/Shen/Yasuo (DE/IO),1,1,1
Fiora/Shen/Yasuo (DE/IO),Braum/Zoe (FR/MT),1,1,1
Championless (MT/SI),Fizz/Nami (BW/SH),1,1,1
Teemo/Twisted Fate (BW/PZ),Fizz/Nami (BW/SH),1,1,1
Ashe/LeBlanc (FR/NX),Annie/Leona (MT/NX),1,1,1
Annie/Jhin (RU/NX),Annie/Leona (MT/NX),1,1,1
Championless (IO/PZ),Ashe (FR/PZ),1,1,1
Pantheon/Zoe (DE/MT),Ezreal/Seraphine (PZ/SI),1,1,1
Ezreal/Seraphine (BC/PZ),Shen/Sivir (IO/SH),1,1,1
Akshan/Zed (IO/SH),Teemo/Twisted Fate (BW/PZ),1,1,1
Ashe (FR/PZ),Ahri/Kennen/Yasuo (IO/SH),1,1,1
Teemo/Twisted Fate (BW/PZ),Fiora/Shen (DE/IO),1,1,1
Kalista/LeBlanc (NX/SI),Teemo/Twisted Fate (BW/PZ),1,1,1
Master Yi/Zoe (IO/MT),Teemo/Twisted Fate (BW/PZ),1,1,1
Master Yi/Zoe (IO/MT),Ezreal/Seraphine (BC/PZ),1,1,1
Master Yi/Zoe (IO/MT),Sejuani/Teemo (FR/PZ),1,1,1
Nami/Zoe (BW/MT),Lulu/Shen (BC/IO),1,1,1
Leona/Yasuo (IO/MT),Darius/Gnar/Udyr (FR/NX),1,1,1
Shen/Sivir (IO/SH),Fiora/Nidalee (DE/SH),1,1,1
Braum/Udyr (FR/MT),Garen/LeBlanc (DE/NX),1,1,1
Nidalee (BC/SH),Nami/Zoe (BW/MT),1,1,1
Akshan/Sivir (NX/SH),Lulu/Shen (DE/IO),1,1,1
Braum/Zoe (FR/MT),Lulu/Shen (BC/IO),1,1,1
Aphelios/Zoe (MT/PZ),Braum/Zoe (FR/MT),1,1,1
Aphelios/Zoe (MT/PZ),Darius/Gnar/Udyr (FR/NX),1,1,1
Akshan/Fizz (BC/SH),Akshan/Master Yi (IO/SH),1,1,1
Gnar/Neeko (FR/RU),Akshan/Master Yi (IO/SH),1,1,1
Ezreal/Seraphine (PZ/SI),Shen/Sivir (IO/SH),1,1,1
Janna/Nilah (BW/PZ),Nilah/Samira (BW/NX),1,1,1
Gnar/Nidalee (BC/SH),Swain/Twisted Fate (BW/NX),1,1,1
Janna/Nilah (BW/PZ),Master Yi/Udyr (FR/IO),1,1,1
Annie/Jhin (RU/NX),Master Yi/Udyr (FR/IO),1,1,1
Braum/Udyr (DE/FR),Ezreal/Seraphine (PZ/SI),1,1,1
Ezreal/Janna/Nilah (BW/PZ),Sivir/Swain (NX/SH),1,1,1
Akshan/Fizz (BC/SH),Darius/Yasuo (IO/NX),1,1,1
Yasuo (IO/NX),Akshan/Fizz (BC/SH),1,1,1
Akshan/Samira (NX/SH),Nami/Zoe (BW/MT),1,1,1
Braum/Udyr (FR/MT),Janna/Nilah (BW/PZ),1,1,1
Garen/Udyr (DE/FR),Lulu/Zed (DE/IO),1,1,1
Gnar/Nidalee (BC/SH),Neeko/Norra (BC/RU),1,1,1
Ashe (FR/PZ),Annie/Nami (BW/NX),1,1,1
Gwen (BW/SI),Ashe (FR/PZ),1,1,1
Braum/Zoe (FR/MT),Neeko/Norra (BC/RU),1,1,1
Jhin/Neeko (RU/RU),Ashe (FR/PZ),1,1,1
Fiora/Nidalee (DE/SH),Teemo/Twisted Fate (BW/PZ),1,1,1
Kalista/LeBlanc (NX/SI),Quinn/Vayne/Zed (DE/IO),1,1,1
Shen/Sivir (IO/SH),Kalista/LeBlanc (NX/SI),1,1,1
Seraphine/Twisted Fate (BW/PZ),Kalista/Lucian (DE/SI),1,1,1
Garen (DE),Janna/Twisted Fate (BW/PZ),1,1,1
Janna/Twisted Fate (BW/PZ),Ezreal/Fizz/Miss Fortune (BW/PZ),1,1,1
Nilah/Twisted Fate (BW/PZ),Katarina/Renekton (NX/SH),1,1,1
Janna/Nilah (BW/PZ),Championless (MT/SI),1,1,1
Championless (MT/SI),Fiora/Nidalee (DE/SH),1,1,1
Darius/Gwen (NX/SI),Seraphine/Zoe (MT/PZ),1,1,1
Kalista/LeBlanc (NX/SI),Gwen/LeBlanc (NX/SI),1,1,1
Miss Fortune/Quinn (BW/DE),Nilah/Twisted Fate (BW/PZ),1,1,1
Ashe/LeBlanc (FR/NX),Yasuo (IO/NX),1,1,1
Braum (DE/FR),Swain/Twisted Fate (BW/NX),1,1,1
Gnar/Nidalee (BC/SH),Katarina/Leona (MT/NX),1,1,1
Braum/Udyr (DE/FR),Kalista/Nocturne (SI),1,1,1
Ezreal/Sejuani (FR/PZ),Quinn/Vayne (DE/PZ),1,1,1
Kalista/LeBlanc (NX/SI),Nilah/Twisted Fate (BW/SI),1,1,1
Lulu/Shen (DE/IO),Norra/Tristana (BC/MT),1,1,1
Akshan/Zed (IO/SH),Caitlyn/Swain (NX/PZ),1,1,1
Elise (SI),Teemo/Twisted Fate (BW/PZ),1,1,1
Annie/Jhin (RU/NX),Fiora/Shen (DE/IO),1,1,1
Renekton/Sivir (FR/SH),Braum/Zoe (FR/MT),1,1,1
Seraphine/Twisted Fate (BW/PZ),Ashe/Braum (FR/SI),1,1,1
Irelia/Miss Fortune (BW/IO),Katarina/LeBlanc (NX),1,1,1
Ashe (FR/PZ),Renekton/Sivir (IO/SH),1,1,1
Ashe (FR/PZ),Katarina/LeBlanc (NX/SI),1,1,1
Annie/Yasuo (IO/NX),Darius/Gnar (FR/NX),1,1,1
LeBlanc/Udyr (FR/NX),Fiora/Shen (DE/IO),1,1,1
Aphelios/Janna (MT/PZ),Ashe/LeBlanc (FR/NX),1,1,1
Nilah/Twisted Fate (BW/PZ),Annie/LeBlanc (FR/NX),1,1,1
Master Yi/Zoe (IO/MT),Caitlyn/Norra/Teemo (BC/PZ),1,1,1
Renekton/Sivir (IO/SH),Lulu/Shen (IO/MT),1,1,1
Lulu/Shen (IO/MT),Fizz/Gnar (BW/FR),1,1,1
Garen/LeBlanc (DE/NX),Lulu/Shen (IO/MT),1,1,1
Ashe/LeBlanc (FR/NX),Kai'Sa (IO/SH),1,1,1
Diana/Leona (MT/SH),Lulu/Shen (IO/MT),1,1,1
Championless (MT/SI),Akshan/Samira (NX/SH),1,1,1
Lulu/Shen (IO/MT),Fiora/Udyr (DE/FR),1,1,1
Caitlyn/Teemo (BC/PZ),Miss Fortune/Zoe (BW/MT),1,1,1
Garen/Udyr (DE/FR),Renekton/Sejuani (FR/SH),1,1,1
Ashe (FR/PZ),Miss Fortune/Zoe (BW/MT),1,1,1
Nilah/Twisted Fate (BW/PZ),Janna/Seraphine (IO/PZ),1,1,1
Master Yi/Udyr (FR/IO),Championless (SI/SH),1,1,1
Renekton/Sejuani (FR/SH),Irelia/Zed (IO/SH),1,1,1
Darius/Gnar (FR/NX),Renekton/Sejuani (FR/SH),1,1,1
Gnar/Udyr (DE/FR),Sejuani/Swain (FR/NX),1,1,1
Championpile (FR/SH),Gnar/Udyr (DE/FR),1,1,1
Kalista/LeBlanc (NX/SI),Renekton/Sejuani (FR/SH),1,1,1
Hecarim/Zed (IO/SI),Leona/Yasuo (IO/MT),1,1,1
Yasuo (IO/PZ),Akshan/Pantheon (MT/SH),1,1,1
Gwen/Kalista (SI/SH),Annie/Yasuo (IO/NX),1,1,1
Gnar/Nidalee (BC/SH),Braum/Garen (DE/FR),1,1,1
Sivir/Swain (NX/SH),Gwen/Kalista (SI/SH),1,1,1
Championless (SI),Lucian/Miss Fortune (BW/DE),1,1,1
Elise (SI),Leona/Yasuo (IO/MT),1,1,1
Elise (SI),Janna/Seraphine (IO/PZ),1,1,1
Braum/Lissandra (DE/FR),Quinn/Vayne/Zed (DE/IO),1,1,1
Leona/Yasuo (IO/MT),Sivir/Swain (NX/SH),1,1,1
Ezreal/Seraphine (PZ/SI),Annie/Nami (BW/NX),1,1,1
Kalista (SI),Teemo/Twisted Fate (BW/PZ),1,1,1
Championless (NX/SI),Championless (IO/PZ),1,1,1
Nilah/Twisted Fate (BW/PZ),Teemo/Twisted Fate (BW/PZ),1,1,1
Championpile (FR/SH),Master Yi/Udyr (FR/IO),1,1,1
Sejuani/Udyr (FR),Teemo/Twisted Fate (BW/PZ),1,1,1
Master Yi/Udyr (FR/IO),Irelia/Lux: Illuminated (DE/IO),1,1,1
Irelia/Lux: Illuminated (DE/IO),Janna/Seraphine (IO/PZ),1,1,1
Teemo/Twisted Fate (BW/PZ),Janna/Seraphine (IO/PZ),1,1,1
Nidalee (BC/SH),Ashe/Braum (FR/IO),1,1,1
Braum/Garen (DE/FR),Yasuo (IO/NX),1,1,1
Braum/Garen (DE/FR),Irelia/Zed (IO/SI),1,1,1
Quinn/Vayne/Zed (DE/IO),Swain/Twisted Fate (BW/NX),1,1,1
Ashe/Braum (FR/IO),Nidalee/Yasuo (IO/SH),1,1,1
Ashe/Braum (FR/IO),Swain/Twisted Fate (BW/NX),1,1,1
Janna/Nilah (BW/PZ),Irelia/Lux: Illuminated (DE/IO),1,1,1
Ezreal/Seraphine (PZ/SI),Irelia/Lux: Illuminated (DE/IO),1,1,1
Leona/Yasuo (IO/MT),Udyr/Zoe (FR/MT),1,1,1
Janna (FR/PZ),Aphelios/Bard (RU/MT),1,1,1
Ezreal/Janna (DE/PZ),Aphelios/Bard (RU/MT),1,1,1
Janna/Master Yi/Seraphine (IO/PZ),Janna (FR/PZ),1,1,1
Ashe/Sejuani (FR/SI),Ezreal/Janna (DE/PZ),1,1,1
Aphelios/Bard (RU/MT),Championless (PZ/SI),1,1,1
Championless (SI),Aphelios/Bard (RU/MT),1,1,1
Championless (PZ/SI),Garen/Lux: Illuminated (DE/MT),1,1,1
Sejuani/Swain (FR/NX),Akshan/Master Yi/Sivir (IO/SH),1,1,1
Kalista/Nocturne (SI),Elise (SI/SH),1,1,1
Lulu/Shen (DE/IO),Elise (SI/SH),1,1,1
Garen (DE),Garen/Lux: Illuminated (DE/MT),1,1,1
Master Yi/Udyr (FR/IO),Teemo/Twisted Fate (BW/PZ),1,1,1
Caitlyn/Twisted Fate (BW/PZ),Ashe/LeBlanc (FR/NX),1,1,1
Teemo/Twisted Fate (BW/PZ),Caitlyn/Teemo (FR/PZ),1,1,1
Katarina/Kennen (IO/NX),Master Yi/Udyr (FR/IO),1,1,1
Ashe/LeBlanc (FR/NX),Elise (SI/SH),1,1,1
Braum/The Poro King (FR/RU),Caitlyn/Janna (BC/PZ),1,1,1
Seraphine/Zoe (MT/PZ),Annie/Jhin (RU/NX),1,1,1
Nilah/Twisted Fate (BW/PZ),Elise (SI/SH),1,1,1
Braum/Zoe (FR/MT),Janna/Nilah/Twisted Fate (BW/PZ),1,1,1
Irelia/Miss Fortune (BW/IO),Swain/Yasuo (IO/NX),1,1,1
Fizz/Nami (BW/IO),Nami/Seraphine (BW/PZ),1,1,1
Fizz/Nami (BW/IO),Norra/Tristana (BC),1,1,1
Fizz/Nami (BW/IO),Katarina/Yasuo (IO/NX),1,1,1
Akshan/Kai'Sa (MT/SH),Fizz/Nami (BW/IO),1,1,1
Caitlyn/Swain (NX/PZ),Irelia/Nami (BW/IO),1,1,1
Nami/Nilah (BW/IO),Elise/Kalista (NX/SI),1,1,1
Braum/Zoe (FR/MT),Caitlyn/Twisted Fate (BW/PZ),1,1,1
Kalista (SI/SH),Elise/Kalista (NX/SI),1,1,1
Caitlyn/Teemo (BC/PZ),Kalista (SI/SH),1,1,1
Katarina/Yasuo (IO/NX),Irelia (IO/SI),1,1,1
Draven/Jinx (NX/PZ),Fiora (DE/IO),1,1,1
Draven/Jinx (NX/PZ),Akshan/Kai'Sa (MT/SH),1,1,1
Ashe/Sejuani (FR/SI),Gnar/Nidalee (BC/SH),1,1,1
Irelia/Miss Fortune (BW/IO),Elise (SI),1,1,1
Annie/Katarina (FR/NX),Caitlyn/Janna (BC/PZ),1,1,1
Braum/Garen (DE/FR),Master Yi/Seraphine (IO/PZ),1,1,1
Elise (SI),Championless (BW/FR),1,1,1
Braum/Zoe (FR/MT),Master Yi/Seraphine (IO/PZ),1,1,1
Gwen/Vayne (DE/SI),Fizz (BC/FR),1,1,1
Fizz (BC/FR),Akshan/Pantheon (MT/SH),1,1,1
Fizz (BC/FR),Janna (PZ/SI),1,1,1
Ashe (FR/SI),Akshan/Samira (NX/SH),1,1,1
Gnar/Nidalee (BC/SH),Seraphine/Zoe (MT/PZ),1,1,1
Annie/Jhin (RU/NX),Lulu/Zed (BC/IO),1,1,1
Braum (DE/FR),Championless (PZ/SI),1,1,1
Nilah/Twisted Fate (BW/PZ),Irelia/Miss Fortune (BW/IO),1,1,1
Nidalee (BC/SH),Lulu/Tristana (BC/DE),1,1,1
Janna (FR/PZ),Ahri/Kennen (IO/MT),1,1,1
Swain/Yasuo (IO/NX),Ashe (FR),1,1,1
Aphelios/Seraphine (MT/PZ),Garen (DE),1,1,1
Annie/Jhin (RU/NX),Aphelios/Gnar (FR/MT),1,1,1
Annie/Jhin (RU/NX),Lulu/Zed (DE/IO),1,1,1
Nilah/Twisted Fate (BW/PZ),Ekko (NX/PZ),1,1,1
Nilah/Twisted Fate (BW/SI),Championless (NX/SI),1,1,1
Nilah/Twisted Fate (BW/SI),Ashe/LeBlanc (FR/NX),1,1,1
Championless (NX/SI),Garen (DE/SI),1,1,1
Championless (NX/SI),Ashe/Sejuani (FR/SI),1,1,1
Aphelios/Seraphine (MT/PZ),Janna/Nilah (BW/PZ),1,1,1
Janna (FR/PZ),Garen (DE/SI),1,1,1
Nidalee (BC/SH),Elise (SI/SH),1,1,1
Garen (DE/SI),Fizz (BC/FR),1,1,1
Garen (DE/SI),Akshan/Garen (DE/SH),1,1,1
Garen (DE/SI),Ekko (NX/PZ),1,1,1
Darius/Gwen (NX/SI),Garen (DE/SI),1,1,1
Garen (DE/SI),Annie/Jhin (RU/NX),1,1,1
Lulu/Shen (DE/IO),Ashe/Braum (FR/SI),1,1,1
Ezreal/Seraphine (PZ/SI),Elise (SI/SH),1,1,1
Norra/Swain (BC/NX),LeBlanc/Sivir (NX/SH),1,1,1
Diana/Leona (MT/SI),Braum/Garen (DE/FR),1,1,1
Garen/Miss Fortune/Vayne (BW/DE),Akshan/Master Yi (IO/SH),1,1,1
Fizz (BC/FR),Elise (SI),1,1,1
Ashe (FR/PZ),Akshan/Gwen (SI/SH),1,1,1
Ashe (FR/PZ),Akshan/Garen (DE/SH),1,1,1
Nilah/Twisted Fate (BW/PZ),Ezreal/Swain (NX/PZ),1,1,1
Ashe (FR),Gwen/Kalista (NX/SI),1,1,1
Gwen/Vayne (DE/SI),Caitlyn/Swain (NX/PZ),1,1,1
Annie/Samira (BW/NX),Caitlyn/Teemo (BC/PZ),1,1,1
Quinn/Vayne (DE/PZ),Garen/Miss Fortune/Vayne (BW/DE),1,1,1
Championless (SI),Master Yi/Seraphine (IO/PZ),1,1,1
Gwen/LeBlanc (NX/SI),Zoe (FR/MT),1,1,1
Zoe (FR/MT),Garen/Udyr (DE/FR),1,1,1
Kalista (SI/SH),Garen (DE/SI),1,1,1
Akshan/Swain (NX/SH),Pantheon/Samira (MT/NX),1,1,1
Master Yi/Udyr (FR/IO),Diana/Nocturne (MT/SI),1,1,1
Irelia (IO/SI),Caitlyn/Teemo (BC/PZ),1,1,1
Akshan/Pantheon (MT/SH),Aphelios/Seraphine (MT/PZ),1,1,1
Nilah/Twisted Fate (BW/PZ),Annie/Yasuo (IO/NX),1,1,1
Ashe/Sejuani (FR/SI),Kalista/LeBlanc (NX/SI),1,1,1
Teemo/Twisted Fate (BW/PZ),Akshan/Fiora (DE/SH),1,1,1
Ezreal/Swain (NX/PZ),Braum/Zoe (FR/MT),1,1,1
Caitlyn/Swain (NX/PZ),Fizz/Nilah (BC/BW),1,1,1
Championpile (FR/SH),Kalista/LeBlanc (NX/SI),1,1,1
Ashe/LeBlanc (FR/NX),Akshan (PZ/SH),1,1,1
Caitlyn/Twisted Fate (BW/PZ),Kalista/Lucian (DE/SI),1,1,1
Akshan/Udyr (FR/SH),Akshan/Master Yi (IO/SH),1,1,1
Caitlyn/Swain (NX/PZ),Draven/Jinx (NX/PZ),1,1,1
Gwen/Zed (IO/SI),Janna/Twisted Fate (BW/PZ),1,1,1
Championless (SI/SH),Janna/Nilah/Twisted Fate (BW/PZ),1,1,1
Gwen/LeBlanc (NX/SI),Ashe/Sejuani (FR/SI),1,1,1
Fizz (BC/FR),Championless (PZ/SI),1,1,1
Nilah/Twisted Fate (BW/PZ),Ashe/Jinx (FR/PZ),1,1,1
Lulu/Shen (BC/IO),Gwen/Irelia (IO/SI),1,1,1
Fiora/Shen (DE/IO),Gnar/Renekton (FR/SH),1,1,1
Nami/Nilah/Twisted Fate (BW/PZ),Annie/Jhin (RU/NX),1,1,1
Championless (IO/PZ),Gwen/Zed (IO/SI),1,1,1
Sejuani/Swain (FR/NX),Garen (DE/SI),1,1,1
Gnar/Neeko (FR/RU),Gwen/LeBlanc (NX/SI),1,1,1
Quinn/Vayne/Zed (DE/IO),Ahri/Kennen/Master Yi (BC/IO),1,1,1
Ashe (FR/PZ),Akshan/Pantheon (MT/SH),1,1,1
Ashe (FR/PZ),Ashe/Fiora (DE/FR),1,1,1
Gwen/Zed (IO/SI),Akshan/Master Yi (IO/SH),1,1,1
Janna/Seraphine (IO/PZ),LeBlanc/Sivir (NX/SH),1,1,1
Ashe/LeBlanc (FR/NX),Janna/Jinx (PZ/SH),1,1,1
Championless (SI),Championpile (FR/SH),1,1,1
Caitlyn/Swain (NX/PZ),Ezreal/Seraphine (PZ/SI),1,1,1
Kai'Sa/Sivir (DE/SH),Ezreal/Seraphine (PZ/SI),1,1,1
Championless (SI),Nilah (BW/FR),1,1,1
Jinx/Miss Fortune (BW/PZ),Championless (DE/SI),1,1,1
Jinx (PZ/SH),Ashe/LeBlanc (FR/NX),1,1,1
Nilah/Twisted Fate (BW/PZ),Gwen/Zed (IO/SI),1,1,1
Gwen/Zed (IO/SI),Gwen/Vayne (DE/SI),1,1,1
Braum/Zoe (FR/MT),Aphelios/Master Yi (IO/MT),1,1,1
Aphelios/Seraphine (MT/PZ),Janna/Nilah/Twisted Fate (BW/PZ),1,1,1
Championless (SI),Kalista/LeBlanc (NX/SI),1,1,1
Annie/Jhin (RU/NX),Fizz (BC/FR),1,1,1
Akshan/Sivir (BC/SH),Braum/Zoe (FR/MT),1,1,1
Janna (FR/PZ),Norra/Zoe (BC/MT),1,1,1
Renekton/Sejuani (FR/SH),Elise/Nocturne (PZ/SI),1,1,1
Braum (DE/FR),Gnar/Nidalee (BC/SH),1,1,1
Ashe/Caitlyn (FR/PZ),Renekton/Sejuani (FR/SH),1,1,1
Swain/Twisted Fate (BW/NX),Ashe/Caitlyn (FR/PZ),1,1,1
Master Yi/Udyr (FR/IO),Udyr (FR/SI),1,1,1
Jhin/Kennen (IO/RU),Janna/Yasuo (IO/PZ),1,1,1
Championless (PZ/SI),Fiora (DE/SH),1,1,1
Yasuo (IO/MT),Seraphine/Twisted Fate (BW/PZ),1,1,1
Jhin/Kennen (IO/RU),Nilah/Twisted Fate (BW/PZ),1,1,1
Ezreal/Gwen/Teemo (PZ/SI),Braum/Janna (FR/PZ),1,1,1
Annie/LeBlanc (FR/NX),Udyr (FR/SI),1,1,1
Jhin/Kennen (IO/RU),Janna (PZ/SI),1,1,1
Ashe/Braum (FR/SI),Ahri/Kennen/Master Yi (BC/IO),1,1,1
Swain/Twisted Fate (BW/NX),Seraphine/Twisted Fate (BW/PZ),1,1,1
Seraphine/Twisted Fate (BW/PZ),Kalista/LeBlanc (NX/SI),1,1,1
Seraphine/Twisted Fate (BW/PZ),Renekton/Sejuani (FR/SH),1,1,1
Seraphine/Twisted Fate (BW/PZ),Fizz (BC/FR),1,1,1
Akshan/Sivir (DE/SH),Gwen/Kalista (NX/SI),1,1,1
Braum/Zoe (FR/MT),Ashe/Braum (FR/IO),1,1,1
Janna/Seraphine (IO/PZ),Aphelios/Seraphine (MT/PZ),1,1,1
Braum/Garen (DE/FR),Samira/Udyr (FR/NX),1,1,1
Ashe/LeBlanc (FR/NX),Udyr/Zoe (FR/MT),1,1,1
Ashe/LeBlanc (FR/NX),Pantheon/Zoe (FR/MT),1,1,1
Caitlyn/Swain (NX/PZ),Jhin/Kennen (IO/RU),1,1,1
Gnar/Tristana (BC/BW),Lulu (FR/IO),1,1,1
Ashe (FR/PZ),Diana/Zoe (FR/MT),1,1,1
Udyr/Vayne (DE/FR),Miss Fortune/Quinn (BW/DE),1,1,1
Darius/Gnar (FR/NX),Seraphine/Twisted Fate (BW/PZ),1,1,1
Braum/Swain (FR/NX),Lulu/Shen (DE/IO),1,1,1
Master Yi/Udyr (FR/IO),Annie/LeBlanc (FR/NX),1,1,1
Nilah/Twisted Fate (BW/SI),Ashe/Udyr (FR/PZ),1,1,1
Ashe/Udyr (FR/PZ),Braum/Zoe (FR/MT),1,1,1
Miss Fortune/Zoe (BW/MT),Kalista (SI),1,1,1
LeBlanc/Udyr (FR/NX),Ezreal/Gwen/Teemo (PZ/SI),1,1,1
Annie/LeBlanc (FR/NX),Caitlyn/Teemo (BC/PZ),1,1,1
Braum/Janna (FR/PZ),Quinn/Vayne/Zed (DE/IO),1,1,1
Jhin/Kennen (IO/RU),Ashe/Braum (FR/SI),1,1,1
Garen/Udyr (DE/FR),Akshan/Pantheon (MT/SH),1,1,1
Garen/Udyr (DE/FR),Nilah/Samira (BW/NX),1,1,1
Fiora/Shen (DE/IO),Aphelios/Gnar (FR/MT),1,1,1
Braum/Janna (FR/PZ),Caitlyn/Twisted Fate (BW/PZ),1,1,1
Aphelios/Zoe (MT/PZ),Akshan/Zed (IO/SH),1,1,1
Braum/Zoe (FR/MT),Lulu/Shen (IO/MT),1,1,1
Caitlyn/Swain (NX/PZ),Seraphine/Twisted Fate (BW/PZ),1,1,1
Akshan/Zed (IO/SH),Nilah/Twisted Fate (BW/PZ),1,1,1
Teemo/Tristana (BC/SI),Sejuani/Swain (FR/NX),1,1,1
Fiora/Lux: Illuminated/Shen (DE/IO),Braum/Udyr (DE/FR),1,1,1
Ashe/Sejuani (FR/SI),Fiora/Lux: Illuminated/Shen (DE/IO),1,1,1
Fiora/Lux: Illuminated/Shen (DE/IO),Gwen/LeBlanc (NX/SI),1,1,1
Seraphine/Twisted Fate (BW/PZ),Fiora/Lux: Illuminated/Shen (DE/IO),1,1,1
Ezreal/Gwen/Teemo (PZ/SI),Akshan/Zed (IO/SH),1,1,1
Neeko/Nidalee (RU/SH),Swain/Yasuo (IO/NX),1,1,1
Garen/Quinn/Vayne (DE/PZ),Gwen (BW/SI),1,1,1
Jinx (BC/PZ),Gwen (BW/SI),1,1,1
Braum/Zoe (FR/MT),Gwen (BW/SI),1,1,1
Gwen (BW/SI),Ashe/Braum (FR/IO),1,1,1
Caitlyn/Swain (NX/PZ),Gnar/Udyr (DE/FR),1,1,1
Braum/Janna (FR/PZ),Seraphine/Twisted Fate (BW/PZ),1,1,1
Akshan/Zed (IO/SH),Garen/Udyr (DE/FR),1,1,1
Seraphine/Twisted Fate (BW/PZ),Nami/Nilah/Twisted Fate (BW/PZ),1,1,1
Yasuo (IO/NX),Darius/Gnar (FR/NX),1,1,1
Sejuani/Swain (FR/NX),Gwen (SI),1,1,1
Garen/Quinn/Vayne (DE/PZ),Ashe (FR/PZ),1,1,1
Garen/Quinn/Vayne (DE/PZ),Gwen (SI),1,1,1
Neeko/Nidalee (RU/SH),Braum/Gnar (FR/MT),1,1,1
Ezreal/Seraphine (PZ/SI),Annie/Yasuo (IO/NX),1,1,1
Championless (BW/MT),Annie/Yasuo (IO/NX),1,1,1
Annie/Yasuo (IO/NX),Ashe/LeBlanc (FR/NX),1,1,1
Braum/Zoe (FR/MT),Braum/Lissandra (DE/FR),1,1,1
Neeko/Renekton (RU/SH),Braum/Lissandra (DE/FR),1,1,1
Seraphine/Twisted Fate (BW/PZ),Ashe/Sejuani (FR/SI),1,1,1
Braum/Zoe (FR/MT),Ashe/Sejuani (FR/SI),1,1,1
Braum/Zoe (FR/MT),Irelia/Lux: Illuminated (DE/IO),1,1,1
Irelia/Lux: Illuminated (DE/IO),Championpile (FR/SH),1,1,1
Garen/Quinn/Vayne (DE/PZ),Irelia/Lux: Illuminated (DE/IO),1,1,1
Darius/Gnar (FR/NX),Neeko/Teemo (BC/RU),1,1,1
Hecarim/Kalista (SI/SH),Aphelios/Zoe (MT/PZ),1,1,1
Nidalee (BC/SH),Akshan/Sivir (NX/SH),1,1,1
Gnar/Swain (BC/NX),Championless (BW/MT),1,1,1
Miss Fortune/Zoe (BW/MT),Master Yi/Seraphine (IO/PZ),1,1,1
Miss Fortune/Zoe (BW/MT),Championless (BW/MT),1,1,1
Irelia/Lux: Illuminated (DE/IO),Swain/Yasuo (IO/NX),1,1,1
Fizz/Nami (BW/IO),Darius/LeBlanc (FR/NX),1,1,1
Fizz/Nami (BW/IO),Braum/Swain (FR/NX),1,1,1
Fizz/Nami (BW/IO),Braum/Zoe (FR/MT),1,1,1
Neeko/Teemo (BC/RU),Fizz/Nami (BW/IO),1,1,1
Ashe/LeBlanc (FR/NX),Udyr (DE/FR),1,1,1
Sejuani/Swain (FR/NX),Garen (DE/MT),1,1,1
Udyr (DE/FR),Garen/Vayne (DE),1,1,1
Akshan/Kai'Sa (MT/SH),Braum/Garen (DE/FR),1,1,1
Braum/Garen (DE/FR),Nami/Nilah/Twisted Fate (BW/PZ),1,1,1
Championless (SI),Nami/Nilah/Twisted Fate (BW/PZ),1,1,1
Garen/Udyr (DE/FR),Neeko/Nidalee (RU/SH),1,1,1
Ezreal/Gnar (BC/PZ),Championless (BW/MT),1,1,1
Gwen/Vayne (DE/SI),Shen/Sivir (IO/SH),1,1,1
Braum/Udyr (DE/FR),Ahri/Kennen (IO/MT),1,1,1
Ashe (FR/PZ),Ahri/Kennen (IO/MT),1,1,1
Hecarim/Kalista (SI/SH),Udyr (FR/SI),1,1,1
Braum/Ezreal (FR/PZ),Championless (BW/MT),1,1,1
Ashe (FR/SI),Championless (BW/MT),1,1,1
Annie/Jhin (RU/NX),Janna/Norra (BC/PZ),1,1,1
Braum/Zoe (FR/MT),Championless (BW/NX),1,1,1
Championless (BW/NX),Championless (SI),1,1,1
Hecarim/Kalista (SI),Ashe (FR/PZ),1,1,1
Caitlyn/Teemo (BC/PZ),Janna/Norra (BC/PZ),1,1,1
Hecarim/Kalista (SI/SH),Darius/Jhin (RU/NX),1,1,1
Braum/Zoe (FR/MT),Fiora/Garen (DE/NX),1,1,1
Hecarim/Kalista (SI/SH),Gwen/Vayne (DE/SI),1,1,1
Nami (BW/MT),Braum/Zoe (FR/MT),1,1,1
Fiora/Lux: Illuminated/Shen (DE/IO),Caitlyn/Swain (NX/PZ),1,1,1
Gnar/Neeko (FR/RU),Championless (BW/MT),1,1,1
Nidalee (BC/SH),Hecarim/Kalista (SI/SH),1,1,1
Garen (DE),Annie/Jhin (RU/NX),1,1,1
Gwen/Vayne (DE/SI),Udyr (FR/SI),1,1,1
Kalista/Lucian (DE/SI),Samira/Swain (BW/NX),1,1,1
Caitlyn/Twisted Fate (BW/PZ),Miss Fortune (BW/NX),1,1,1
Championless (BW/MT),Jhin/Miss Fortune (BW/RU),1,1,1
Janna/Nilah (BW/PZ),Fizz (BC/FR),1,1,1
Annie/Nami (BW/NX),Caitlyn (BC/PZ),1,1,1
Braum/Zoe (FR/MT),Aphelios/Diana/Nocturne (MT/SI),1,1,1
Fiora/Udyr (DE/FR),Lulu/Norra (BC/PZ),1,1,1
Ashe (FR/PZ),Lulu/Norra (BC/PZ),1,1,1
Lulu/Norra (BC/PZ),Samira/Swain (BW/NX),1,1,1
Lulu/Norra (BC/PZ),Garen/Udyr (DE/FR),1,1,1
Lulu/Norra (BC/PZ),Darius/Yasuo (IO/NX),1,1,1
Garen/Udyr (DE/FR),Ezreal/Gwen/Teemo (PZ/SI),1,1,1
Fiora/Udyr (DE/FR),Renekton/Sejuani (FR/SH),1,1,1
Ashe (FR/PZ),Aphelios/Seraphine (MT/PZ),1,1,1
Ashe (FR/PZ),Garen/LeBlanc (DE/NX),1,1,1
Fiora/Shen/Yasuo (DE/IO),Championless (SI),1,1,1
Ashe/LeBlanc (FR/NX),Samira/Swain (BW/NX),1,1,1
Braum/Zoe (FR/MT),Ashe/Udyr (DE/FR),1,1,1
Ashe/LeBlanc (FR/NX),Irelia/Lux: Illuminated (DE/IO),1,1,1
Ashe (FR/SI),Fiora/Udyr (DE/FR),1,1,1
Ashe (FR/PZ),Annie/Yasuo (IO/NX),1,1,1
Jhin/Kennen (IO/RU),Ezreal/Gwen/Teemo (PZ/SI),1,1,1
Janna/Nilah (BW/PZ),Ezreal/Gwen/Teemo (PZ/SI),1,1,1
Garen/Udyr (DE/FR),Norra (BC/IO),1,1,1
Caitlyn/Teemo (FR/PZ),Ahri/Norra (BC/IO),1,1,1
Kalista (SI/SH),Seraphine/Twisted Fate (BW/PZ),1,1,1
Swain/Yasuo (IO/NX),Gnar/Nilah (BC/BW),1,1,1
Ashe/LeBlanc (FR/NX),Lucian/Quinn (DE/NX),1,1,1
Braum/Zoe (FR/MT),Quinn (DE/FR),1,1,1
Caitlyn/Teemo (FR/PZ),Lucian/Quinn (DE/NX),1,1,1
Ashe (FR/PZ),Fiora (DE/FR),1,1,1
Fizz (BW/MT),Gwen/LeBlanc (NX/SI),1,1,1
Fizz (BW/MT),Fiora/Garen (DE/FR),1,1,1
Fiora/Garen (DE/IO),Nilah/Twisted Fate (BW/PZ),1,1,1
Fiora/Udyr (DE/FR),Kalista/Lucian (DE/SI),1,1,1
Fiora/Garen (DE/FR),Fiora/Lux: Illuminated/Shen (DE/IO),1,1,1
Ashe (FR/PZ),Norra/Tristana (BC/MT),1,1,1
Braum/Gnar (FR/MT),Lulu/Shen (DE/IO),1,1,1
Janna/Nilah (BW/PZ),Renekton/Sivir (DE/SH),1,1,1
Leona/Yasuo (IO/MT),Miss Fortune/Samira (BW/NX),1,1,1
Neeko/Renekton (RU/SH),Akshan/Kai'Sa (MT/SH),1,1,1
Championless (BW/MT),Darius/Gnar (FR/NX),1,1,1
Braum/Zoe (FR/MT),Caitlyn (BC/PZ),1,1,1
Braum/Zoe (FR/MT),Draven/Katarina (IO/NX),1,1,1
Nilah/Twisted Fate (BW/SI),Ahri/Kennen (BC/IO),1,1,1
Ashe/LeBlanc (FR/NX),Braum/Ezreal (FR/PZ),1,1,1
Braum/Udyr (DE/FR),Ashe (FR/MT),1,1,1
Fiora/Garen (DE/FR),Championless (BW/MT),1,1,1
Braum/Zoe (FR/MT),Norra/Tristana (BC/NX),1,1,1
LeBlanc/Udyr (FR/NX),Miss Fortune (BW/FR),1,1,1
Fiora/Shen (DE/IO),Fiora/Udyr (DE/FR),1,1,1
Fiora/Garen (DE/FR),Annie/Jhin (RU/NX),1,1,1
Lulu/Shen (DE/IO),Fiora/Shen (DE/IO),1,1,1
Caitlyn/Swain (NX/PZ),Caitlyn/Teemo (FR/PZ),1,1,1
Fiora/Garen (DE/FR),Ezreal/Gnar (BC/PZ),1,1,1
Neeko/Renekton (RU/SH),Gnar/Swain (BC/NX),1,1,1
Miss Fortune/Quinn (BW/DE),Ashe/Caitlyn (FR/PZ),1,1,1
Gwen/Vayne (DE/SI),Fiora/Garen (DE/FR),1,1,1
Braum/Garen (DE/FR),Nilah/Twisted Fate (BW/SH),1,1,1
Fiora/Garen (DE/FR),Ashe (FR/PZ),1,1,1
Neeko/Renekton (RU/SH),Caitlyn/Swain (NX/PZ),1,1,1
Neeko/Renekton (RU/SH),Braum/Garen (DE/FR),1,1,1
Braum/Garen (DE/FR),Fiora/Garen (DE/FR),1,1,1
Braum/Garen (DE/FR),Miss Fortune/Quinn (BW/DE),1,1,1
Ezreal/Gwen/Teemo (PZ/SI),Renekton/Sejuani (FR/SH),1,1,1
Ashe (FR/SI),Braum/Zoe (FR/MT),1,1,1
Braum/Udyr (DE/FR),Miss Fortune (BW/FR),1,1,1
Fiora/Garen (DE/FR),Braum/Udyr (DE/FR),1,1,1
Renekton/Sejuani (FR/SH),Gwen/LeBlanc (NX/SI),1,1,1
Gnar/Swain (BC/NX),Ezreal/Gwen/Teemo (PZ/SI),1,1,1
Braum (DE/FR),Gnar (BC/NX),1,1,1
Master Yi/Udyr (FR/IO),Gnar/Sejuani (BC/FR),1,1,1
Ezreal/Gwen (PZ/SI),Draven/Jinx (NX/PZ),1,1,1
Fiora/Garen (DE/FR),Lulu/Norra (BC/PZ),1,1,1
Lulu/Shen (DE/IO),Master Yi/Udyr (FR/IO),1,1,1
Norra/Tristana (BC/BW),Annie/Ashe (FR/NX),1,1,1
Fiora/Udyr (DE/FR),Norra/Quinn (BC/DE),1,1,1
Shen/Sivir (IO/SH),Norra/Quinn (BC/DE),1,1,1
Norra/Quinn (BC/DE),Miss Fortune (BW/FR),1,1,1
Neeko/Renekton (RU/SH),Norra/Quinn (BC/DE),1,1,1
Neeko/Renekton (RU/SH),Jhin/Kennen (IO/RU),1,1,1
Ashe/Caitlyn (FR/PZ),Darius/Gwen (NX/SI),1,1,1
Braum/Garen (DE/FR),Jhin/Yasuo (IO/RU),1,1,1
Jhin/Kennen (IO/RU),Braum/Garen (DE/FR),1,1,1
Braum/Garen (DE/FR),LeBlanc/Teemo (NX/PZ),1,1,1
Ashe/Sivir (FR/SH),Ashe (FR/PZ),1,1,1
Gwen/Kalista (NX/SI),Lulu/Shen (DE/IO),1,1,1
Janna (PZ/SI),Akshan/Udyr (FR/SH),1,1,1
Aphelios/Gnar (FR/MT),Braum/Zoe (FR/MT),1,1,1
Norra/Zoe (BC/MT),Lulu/Shen (IO/MT),1,1,1
Sejuani/Udyr (FR/PZ),Janna (PZ/SI),1,1,1
Ashe (FR),Caitlyn/Swain (NX/PZ),1,1,1
Braum/Zoe (FR/MT),Kai'Sa/Pantheon/Zoe (MT/SH),1,1,1
Kai'Sa/Pantheon (MT/SH),Udyr/Vayne (DE/FR),1,1,1
Udyr/Vayne (DE/FR),Braum/Garen (DE/FR),1,1,1
Ashe/LeBlanc (FR/NX),Ezreal/Gnar (BC/PZ),1,1,1
Udyr/Vayne (DE/FR),Fizz/Nami (BW/IO),1,1,1
Gnar/Norra (BC/PZ),Ashe/LeBlanc (FR/NX),1,1,1
Udyr/Vayne (DE/FR),Ezreal/Gnar (BC/PZ),1,1,1
Gnar/Neeko (FR/RU),Braum/Lulu (FR/IO),1,1,1
Fizz/Nami (BW/IO),Kalista (SI),1,1,1
LeBlanc/Teemo (NX/PZ),Janna/Teemo (PZ/SI),1,1,1
Caitlyn/Swain (NX/PZ),Jinx/Miss Fortune (BW/PZ),1,1,1
Jinx/Miss Fortune (BW/PZ),Norra (BC/BW),1,1,1
Kalista (SI),Akshan/Sivir (PZ/SH),1,1,1
Norra/Tristana (BC/BW),Lissandra (DE/FR),1,1,1
Caitlyn/Swain (NX/PZ),Ashe/Kalista/Nocturne (FR/SI),1,1,1
Darius (FR/NX),Teemo/Vayne (DE/PZ),1,1,1
Darius (FR/NX),Braum/Garen (DE/FR),1,1,1
Ashe/LeBlanc (FR/NX),Nidalee/Norra (BC/SH),1,1,1
Braum/Udyr (FR/NX),Braum/Zoe (FR/MT),1,1,1
Sejuani (BC/FR),Braum/Garen (DE/FR),1,1,1
Samira/Udyr (FR/NX),Braum/Zoe (FR/MT),1,1,1
Renekton/Sivir (IO/SH),Braum/Garen (DE/FR),1,1,1
Akshan/Nidalee (BC/SH),Ashe (FR/PZ),1,1,1
Akshan/Nidalee (BC/SH),Akshan/Fiora (DE/SH),1,1,1
Darius/Gnar (FR/NX),Udyr (DE/FR),1,1,1
Jinx/Twisted Fate (BW/PZ),Braum/Zoe (FR/MT),1,1,1
Nilah/Twisted Fate (BW/PZ),Braum/Pantheon (FR/MT),1,1,1
Teemo/Tristana (BC/NX),Gwen/Katarina (NX/SI),1,1,1
Championless (SI),Braum/Gnar (DE/FR),1,1,1
Fiora/Shen (DE/IO),Fiora (DE/FR),1,1,1
Teemo/Tristana (BC/NX),Nilah/Twisted Fate (BW/PZ),1,1,1
Teemo/Tristana (BC/NX),Ashe/LeBlanc (FR/NX),1,1,1
Gnar/Nidalee (BC/SH),Lux: Illuminated/Shen (DE/IO),1,1,1
Braum/Zoe (FR/MT),Teemo/Tristana (BC/NX),1,1,1
Braum/Zoe (FR/MT),Annie/Nami (BW/NX),1,1,1
Diana/Leona (MT/SH),Darius/Gnar (FR/NX),1,1,1
Darius/Gnar (FR/NX),Gnar/Sejuani (FR/SH),1,1,1
Braum/Udyr (FR/NX),Gnar/Nidalee (BC/SH),1,1,1
Fiora (DE/FR),Kai'Sa/Sivir (DE/SH),1,1,1
Jinx/Twisted Fate (BW/PZ),Annie/Jhin (RU/NX),1,1,1
Garen/Neeko (DE/RU),Annie/Jhin (RU/NX),1,1,1
Fiora (DE/FR),Ashe/Caitlyn (FR/PZ),1,1,1
Teemo/Tristana (BC/SI),Miss Fortune/Sejuani (BW/FR),1,1,1
Yasuo (IO/NX),Darius (FR/NX),1,1,1
Udyr (FR/NX),Swain/Yasuo (IO/NX),1,1,1
Lulu/Shen (DE/IO),Udyr (FR/NX),1,1,1
Braum/Zoe (FR/MT),Zoe (MT/PZ),1,1,1
Fiora (DE/FR),Gwen/Norra (BC/SI),1,1,1
Ashe/Caitlyn (FR/PZ),Udyr (FR/NX),1,1,1
Yasuo (IO/NX),Braum/Zoe (FR/MT),1,1,1
Ashe/LeBlanc (FR/NX),Bard/Garen (RU/DE),1,1,1
Ashe (FR),Ashe (FR/PZ),1,1,1
Annie/Jhin (RU/NX),Ashe (FR),1,1,1
Samira/Udyr (FR/NX),Swain/Udyr (FR/NX),1,1,1
LeBlanc/Sivir (NX/SH),Swain/Udyr (FR/NX),1,1,1
Sejuani/Teemo (BC/FR),Darius/Gnar (FR/NX),1,1,1
Ashe (FR/PZ),Garen/Gnar (DE/FR),1,1,1
Ashe (FR/PZ),Renekton/Sivir (FR/SH),1,1,1
Championpile (FR/SI),Udyr (DE/FR),1,1,1
Braum/Lissandra (FR/SI),Fiora/Shen (DE/IO),1,1,1
Sejuani/Teemo (BC/FR),Nilah/Twisted Fate (BW/PZ),1,1,1
Neeko (FR/RU),Gnar/Renekton (FR/SH),1,1,1
Braum/Zoe (FR/MT),Ashe/Caitlyn (FR/PZ),1,1,1
Braum/Zoe (FR/MT),Katarina (DE/NX),1,1,1
Gnar/Udyr (DE/FR),Lulu/Shen (DE/IO),1,1,1
Gwen/Katarina (NX/SI),Gnar/Neeko (FR/RU),1,1,1
Sejuani/Teemo (BC/FR),Leona/Yasuo (IO/MT),1,1,1
Ashe (FR/PZ),Norra/Teemo (BC/SI),1,1,1
Ashe/LeBlanc (FR/NX),Draven/Samira (NX/PZ),1,1,1
Championless (SI),Lucian (DE/SI),1,1,1
Kalista/Lucian (DE/SI),Darius/Gnar (FR/NX),1,1,1
Gwen (NX/SI),Fizz (BW/FR),1,1,1
Darius/Gnar (FR/NX),Fizz (BW/FR),1,1,1
Gwen/Nidalee (SI/SH),Kai'Sa/Zed (IO/SH),1,1,1
Gwen/Nidalee (SI/SH),Akshan/Fiora (DE/SH),1,1,1
Gwen/Nidalee (SI/SH),Ekko/Kalista (PZ/SI),1,1,1
Gwen/Nidalee (SI/SH),Darius/Gnar (FR/NX),1,1,1
Gwen/Nidalee (SI/SH),Ashe/Udyr (FR/SI),1,1,1
Nocturne (SI),Ekko/Janna (PZ/SH),1,1,1
Nidalee (BC/SH),Pantheon/Zoe (MT/NX),1,1,1
Braum (FR/MT),Pantheon/Udyr (FR/MT),1,1,1
Aphelios/Udyr (FR/MT),Aphelios/Zoe (IO/MT),1,1,1
Akshan/Udyr (FR/SH),Aphelios/Udyr (FR/MT),1,1,1
Aphelios/Udyr (FR/MT),Braum (FR/MT),1,1,1
Braum/Zoe (FR/MT),Gwen/Irelia/Zed (IO/SI),1,1,1
Leona/Yasuo (IO/MT),Akshan/Kai'Sa (DE/SH),1,1,1
Aphelios/Leona (MT/SH),Leona/Yasuo (IO/MT),1,1,1
Aphelios/Leona (MT/SI),Gnar/Norra (BC/SI),1,1,1
Akshan/Vayne (DE/SH),Jhin/Yasuo (IO/RU),1,1,1
Janna (FR/PZ),Ashe/Lissandra (FR/SH),1,1,1
Ashe (FR/PZ),Braum/Pantheon (FR/MT),1,1,1
Akshan/Caitlyn (PZ/SH),Sejuani/Teemo (FR/PZ),1,1,1
Udyr/Vayne (DE/FR),Nilah/Twisted Fate (BW/PZ),1,1,1
Gwen/Zed (IO/SI),Lux: Illuminated/Neeko (DE/RU),1,1,1
Darius/Gnar (FR/NX),Lux: Illuminated/Neeko (DE/RU),1,1,1
Gwen/Irelia/Zed (IO/SI),Gwen (NX/SI),1,1,1
Gnar/Tristana (BC/BW),Pantheon/Udyr (FR/MT),1,1,1
Janna/Twisted Fate (BW/PZ),Caitlyn (FR/PZ),1,1,1
Quinn/Vayne (BW/DE),Janna/Twisted Fate (BW/PZ),1,1,1
Janna/Twisted Fate (BW/PZ),Garen/Quinn (BW/DE),1,1,1
Jinx/Twisted Fate (BW/PZ),Lux: Illuminated/Shen (DE/IO),1,1,1
Ekko/Twisted Fate (BW/PZ),Championless (SI),1,1,1
Akshan/Samira (NX/SH),Ekko/Twisted Fate (BW/PZ),1,1,1
Kalista (SI),Nilah/Twisted Fate (BW/IO),1,1,1
Caitlyn/Teemo (BC/PZ),Nilah/Twisted Fate (BW/IO),1,1,1
Norra/Zoe (BC/MT),Samira/Twisted Fate (BW/NX),1,1,1
Darius/Gwen (NX/SI),Championless (FR/IO),1,1,1
Akshan/Udyr (FR/SH),Garen (DE/SH),1,1,1
Akshan/Ashe (FR/SH),Annie/Jhin (RU/NX),1,1,1
Kennen/Nidalee (BC/SH),Championless (BW/PZ),1,1,1
Nilah/Twisted Fate (BW/PZ),Annie/Elise (NX/SI),1,1,1
Leona/Yasuo (IO/MT),Gwen/Kalista (SI),1,1,1
Kalista (SI),Braum/Swain (FR/NX),1,1,1
Fiora/Pantheon (DE/MT),Championless (SI),1,1,1
Braum/Udyr (DE/FR),Akshan/Sivir (NX/SH),1,1,1
Braum (FR/MT),Lux: Illuminated (DE/IO),1,1,1
Nidalee (BC/SH),Lux: Illuminated/Zoe (DE/MT),1,1,1
Norra/Teemo (BC/SI),Lissandra/Nilah (BW/FR),1,1,1
Darius/LeBlanc (FR/NX),Ashe (FR/PZ),1,1,1
Ezreal/Janna (IO/PZ),Darius/Gwen (NX/SI),1,1,1
Janna/Nilah (BW/PZ),Janna/Kennen (IO/PZ),1,1,1
Janna/Seraphine (IO/PZ),Udyr/Vayne (DE/FR),1,1,1
Janna/Seraphine (IO/PZ),Fizz/Nami (BC/BW),1,1,1
Gnar/Nidalee (BC/SH),Sivir (BW/SH),1,1,1
Sivir (BW/SH),Braum (FR/SH),1,1,1
Akshan/Aphelios (MT/SH),Braum/Zoe (FR/MT),1,1,1
Janna (IO/PZ),Championless (PZ/SI),1,1,1
Janna (IO/PZ),Fiora (DE/MT),1,1,1
Caitlyn/Norra/Teemo (BC/PZ),Janna (MT/PZ),1,1,1
Janna (IO/PZ),Lucian/Miss Fortune (BW/DE),1,1,1
Fizz/Nami (BW/FR),Janna (IO/PZ),1,1,1
Gnar/Swain (BC/NX),Akshan/Pantheon (MT/SH),1,1,1
Caitlyn/Norra (BC/PZ),Darius (FR/NX),1,1,1
Gnar/Norra (BC/FR),Lux: Illuminated/Zoe (DE/MT),1,1,1
Gnar/Norra (BC/FR),Championless (BW/SI),1,1,1
Gnar/Norra (BC/FR),Swain/Yasuo (IO/NX),1,1,1
Fizz (BW/FR),Akshan/Master Yi (IO/SH),1,1,1
Fizz (BW/FR),Janna/Nilah (BW/PZ),1,1,1
Norra (BC/IO),LeBlanc/Sivir (NX/SH),1,1,1
Ashe/Janna (FR/PZ),Lux: Illuminated/Master Yi (DE/IO),1,1,1
Ashe/Janna (FR/PZ),Kai'Sa/Pantheon (MT/SH),1,1,1
Lulu/Neeko (IO/RU),Leona/Zoe (DE/MT),1,1,1
Championless (IO/SI),Katarina/Samira (FR/NX),1,1,1
Kalista (SI),Braum/Zed (FR/IO),1,1,1
Katarina/Yasuo (IO/NX),Bard/Norra/Teemo (BC/RU),1,1,1
Katarina/Yasuo (IO/NX),Fiora/Shen (DE/IO),1,1,1
Katarina/Yasuo (IO/NX),Akshan/Udyr (FR/SH),1,1,1
Katarina/Yasuo (IO/NX),Caitlyn/Janna (PZ/SI),1,1,1
Katarina/Yasuo (IO/NX),Fizz/Nami (BC/BW),1,1,1
Janna (FR/PZ),Caitlyn (FR/PZ),1,1,1
Championless (FR/PZ),Sejuani/Teemo (FR/PZ),1,1,1
Ashe (FR/PZ),Ezreal/Jhin (RU/PZ),1,1,1
Caitlyn/Swain (NX/PZ),Fizz/Zoe (BW/MT),1,1,1
Ashe/LeBlanc (FR/NX),Renekton (FR/SH),1,1,1
Janna (PZ/SI),Championless (NX/SI),1,1,1
Kai'Sa/Pantheon (MT/SH),Ashe (FR/PZ),1,1,1
Championless (BC/PZ),Braum/Udyr (FR),1,1,1
Ezreal/Janna/Seraphine (PZ/SI),Gwen/Katarina (NX/SI),1,1,1
Championless (PZ/SI),Quinn/Vayne (DE/SH),1,1,1
Annie/Jhin (RU/NX),Caitlyn/Nami (BW/PZ),1,1,1
Aphelios/Nami (BW/MT),Norra/The Poro King (BC/RU),1,1,1
Braum (FR/IO),Darius/Gwen (NX/SI),1,1,1
Gnar/Nidalee (BC/SH),Kai'Sa/The Poro King (RU/SH),1,1,1
Braum/Zoe (FR/MT),Championless (FR/IO),1,1,1
Championless (FR/IO),Ezreal/Zoe (MT/PZ),1,1,1
Garen (DE/IO),Ashe (FR/PZ),1,1,1
Caitlyn (BC/PZ),Garen (DE/IO),1,1,1
Gwen/Hecarim (SI),Garen/Udyr (DE/FR),1,1,1
Gwen/Hecarim (SI),Akshan/Master Yi (IO/SH),1,1,1
Garen/Udyr (DE/FR),Caitlyn (DE/PZ),1,1,1
Gwen/Kalista (SI),Championless (PZ/SI),1,1,1
Sejuani/Teemo (FR/PZ),Janna/Nilah (BW/PZ),1,1,1
Sejuani/Teemo (FR/PZ),Kalista (SI),1,1,1
Sejuani/Teemo (FR/PZ),Teemo (PZ/SI),1,1,1
Akshan/Udyr (FR/SH),Ashe/Sejuani (FR/NX),1,1,1
Ashe/Sejuani (FR/NX),Championless (SI),1,1,1
Darius/Gnar (FR/NX),Caitlyn (BC/PZ),1,1,1
Gwen/Vayne (DE/SI),Nami/Norra (BC/BW),1,1,1
Nidalee (BC/SH),Caitlyn/Swain (NX/PZ),1,1,1
Championless (MT/SI),Braum/Udyr (FR/MT),1,1,1
Ashe (FR/PZ),Darius/Gnar/LeBlanc (FR/NX),1,1,1
Aphelios/Norra (BC/MT),Bard/Norra (BC/RU),1,1,1
Darius (FR/NX),Bard/Norra (BC/RU),1,1,1
Nilah/Twisted Fate (BW/PZ),Aphelios/Zoe (BC/MT),1,1,1
Ashe (FR/SI),Janna (PZ/SI),1,1,1
Garen (DE/SH),Braum (FR/IO),1,1,1
Braum (FR/IO),Leona/Zoe (DE/MT),1,1,1
Braum (FR/IO),Ashe/LeBlanc (FR/NX),1,1,1
Sejuani/Swain (FR/NX),Ezreal/Sejuani (FR/PZ),1,1,1
Katarina/Yasuo (IO/NX),Braum/The Poro King (FR/RU),1,1,1
Ashe/LeBlanc (FR/NX),Championless (FR/PZ),1,1,1
Aphelios/Zoe (IO/MT),Ezreal (IO/PZ),1,1,1
Ashe/LeBlanc (FR/NX),Darius/LeBlanc (FR/NX),1,1,1
Championless (SI),Ezreal/Janna/Twisted Fate (BW/PZ),1,1,1
Ezreal/Janna/Twisted Fate (BW/PZ),Championless (NX/SI),1,1,1
Janna/Nilah/Twisted Fate (BW/PZ),Ezreal/Janna/Twisted Fate (BW/PZ),1,1,1
Braum/Zoe (FR/MT),Ezreal/Janna/Twisted Fate (BW/PZ),1,1,1
Akshan/Pantheon (MT/SH),Ashe/Janna (FR/PZ),1,1,1
Ezreal/Twisted Fate (BW/PZ),Shen/Sivir (IO/SH),1,1,1
Gwen/Vayne (DE/SI),Kalista (BC/SI),1,1,1
Lissandra/Swain (FR/NX),Championless (SI),1,1,1
Annie/Jhin (RU/NX),Pantheon/Zoe (DE/MT),1,1,1
Akshan/Pantheon (MT/SH),Evelynn/Hecarim/Kalista (RU/SI),1,1,1
Darius/Gnar (FR/NX),Zoe (MT/SH),1,1,1
Gnar/Sejuani (BC/FR),Ezreal (BW/PZ),1,1,1
Garen/Udyr (DE/FR),Caitlyn/Norra/Teemo (BC/PZ),1,1,1
Caitlyn/Norra/Teemo (BC/PZ),Janna/Nilah (BW/PZ),1,1,1
Braum/Zoe (FR/MT),Ezreal/Janna (BW/PZ),1,1,1
Zoe (MT/PZ),Ashe (FR/PZ),1,1,1
Ezreal/Seraphine (PZ/SI),Miss Fortune/Vayne (BW/DE),1,1,1
Janna (PZ/SI),The Poro King (RU/SH),1,1,1
Norra (BC/IO),Katarina/Miss Fortune (BW/NX),1,1,1
Darius (FR/NX),Elise/Katarina (NX/SI),1,1,1
Neeko/Nidalee (RU/SH),Bard/Norra (BC/RU),1,1,1
Akshan/Garen (DE/SH),Caitlyn (FR/PZ),1,1,1
Ashe (FR/SI),Gnar/Neeko (BC/RU),1,1,1
Gnar/Neeko (BC/RU),Championless (PZ/SI),1,1,1
Annie/Jhin (RU/NX),Gnar/Neeko (BC/RU),1,1,1
Akshan/Udyr (FR/SH),Gnar/Neeko (BC/RU),1,1,1
Darius/Gwen (NX/SI),Twisted Fate (BW/SI),1,1,1
Elise/Lucian (DE/SI),Janna/Norra (BC/PZ),1,1,1
Ashe (FR/SI),Shen/Sivir (IO/SH),1,1,1
Annie/Miss Fortune (BW/NX),Shen/Sivir (IO/SH),1,1,1
Janna/Nilah (BW/PZ),Renekton (SH),1,1,1
Ashe (FR/PZ),Braum/Swain (FR/NX),1,1,1
Ashe (FR/PZ),Lux: Illuminated/Udyr (DE/FR),1,1,1
Ashe (FR/PZ),Fizz/Twisted Fate (BW/PZ),1,1,1
Quinn/Vayne (DE/PZ),Kalista (FR/SI),1,1,1
Janna/Samira (NX/PZ),Janna/Kalista (PZ/SI),1,1,1
Darius (FR/NX),Fizz/Samira (BW/NX),1,1,1
Braum/Swain (FR/NX),Fizz (BW/FR),1,1,1
Ashe/Janna (FR/PZ),Fizz/Samira (BW/NX),1,1,1
Fiora/Pantheon (DE/MT),Fizz (BW/FR),1,1,1
Gwen/Irelia/Zed (IO/SI),Braum (FR/MT),1,1,1
Gwen/Irelia/Zed (IO/SI),Gnar/Nidalee (BC/SH),1,1,1
Gwen/Irelia/Zed (IO/SI),Garen (DE),1,1,1
Janna/Zoe (MT/PZ),Draven/Zoe (MT/NX),1,1,1
Draven/Zoe (MT/NX),Akshan/Pantheon (MT/SH),1,1,1
Gwen/Irelia (IO/SI),Janna/Master Yi (IO/PZ),1,1,1
Championless (IO/MT),Ashe (FR/SI),1,1,1
LeBlanc/Sivir (NX/SH),Aphelios/Nami (BW/MT),1,1,1
Ashe/LeBlanc (FR/NX),Annie/Elise (NX/SI),1,1,1
Annie/Elise (NX/SI),Gnar/Nidalee (BC/SH),1,1,1
Annie/Elise (NX/SI),Caitlyn/Teemo (FR/PZ),1,1,1
Annie/Elise (NX/SI),Katarina/Quinn (DE/NX),1,1,1
Aphelios/Gnar (FR/MT),Kalista/Lucian (DE/SI),1,1,1
Lux: Illuminated/Pantheon/Zoe (DE/MT),Ashe/Janna (FR/PZ),1,1,1
Fiora/Shen (DE/IO),Pantheon/Zoe (BC/MT),1,1,1
Ashe (FR/PZ),Quinn/Vayne (DE/SH),1,1,1
Ashe (FR/PZ),Janna/Nami/Twisted Fate (BW/PZ),1,1,1
Shen/Sivir (IO/SH),Akshan/Renekton (SH),1,1,1
Leona/Yasuo (IO/MT),Championless (IO/PZ),1,1,1
Gnar/Sejuani (BC/FR),Kai'Sa/Zed (IO/SH),1,1,1
Leona (MT/SH),Leona/Yasuo (IO/MT),1,1,1
Championless (FR/IO),Janna/Twisted Fate (BW/PZ),1,1,1
Championless (FR/IO),Lux: Illuminated/Shen (DE/IO),1,1,1
Fizz/Nami (BW/FR),Janna/Twisted Fate (BW/PZ),1,1,1
Akshan/Zed (IO/SH),Caitlyn (FR/PZ),1,1,1
Darius/Gwen (NX/SI),Master Yi/Nami (BW/IO),1,1,1
Akshan/Sivir (FR/SH),Championpile (DE/FR),1,1,1
Championless (PZ/SI),Championpile (DE/FR),1,1,1
Ashe (FR/SI),Championpile (DE/FR),1,1,1
Ashe/Udyr (FR/IO),Fizz/Nami (BW/FR),1,1,1
Aphelios/Yasuo (IO/MT),Ashe/Udyr (FR/IO),1,1,1
Ashe/Udyr (FR/IO),Janna/Nilah (BW/PZ),1,1,1
Akshan/Sivir (FR/SH),Ashe/Udyr (FR/IO),1,1,1
Pantheon/Zoe (DE/MT),Fiora/Pantheon (DE/MT),1,1,1
Ashe (FR/PZ),Aphelios/Zoe (IO/MT),1,1,1
Lulu/Shen (DE/IO),Braum/Gwen (FR/SI),1,1,1
Lulu/Shen (DE/IO),Elise/Lucian (DE/SI),1,1,1
Lulu/Shen (DE/IO),Katarina/Miss Fortune (BW/NX),1,1,1
Norra (BC),Lulu/Shen (DE/IO),1,1,1
LeBlanc/Udyr (FR/NX),Darius/LeBlanc (NX),1,1,1
Leona/Yasuo (IO/MT),LeBlanc/Udyr (FR/NX),1,1,1
Darius/Gnar (FR/NX),Ezreal/Twisted Fate (BW/PZ),1,1,1
Darius/Gnar (FR/NX),Irelia/Zed (IO/SH),1,1,1
Ashe/Fiora (DE/FR),Braum/Darius (FR/NX),1,1,1
Championless (IO/MT),Sejuani/Swain (FR/NX),1,1,1
Caitlyn/Swain/Teemo (NX/PZ),Leona/Yasuo (IO/MT),1,1,1
Katarina/Samira (FR/NX),Championless (PZ/SI),1,1,1
Championless (PZ/SI),Kai'Sa/Lux: Illuminated (DE/SH),1,1,1
Championless (PZ/SI),Championless (IO/PZ),1,1,1
Championless (PZ/SI),Annie/Samira (NX/SI),1,1,1
Annie/Samira (NX/SI),Fizz (BW/FR),1,1,1
Annie/Samira (NX/SI),Bard/Janna (RU/PZ),1,1,1
Ashe (FR/PZ),Kalista/Lucian (DE/SI),1,1,1
Aphelios/Twisted Fate (BW/MT),Ashe (FR/PZ),1,1,1
Aphelios/Twisted Fate (BW/MT),Ezreal/Jhin (RU/PZ),1,1,1
Janna (PZ/SI),Annie/Samira (BW/NX),1,1,1
Janna (PZ/SI),Ashe/Lissandra (FR/SH),1,1,1
Katarina/Leona (MT/NX),Janna (PZ/SI),1,1,1
Braum/Zoe (FR/MT),Gnar/Norra (BC/SI),1,1,1
Gnar/Norra (BC/SI),Championless (SI),1,1,1
Katarina/Yasuo (IO/NX),Udyr/Vayne (DE/FR),1,1,1
Kennen/Yasuo (BC/IO),Gnar/Swain (BC/NX),1,1,1
Kennen/Yasuo (BC/IO),Janna/Seraphine (IO/PZ),1,1,1
Kennen/Yasuo (BC/IO),Aphelios/Twisted Fate (BW/MT),1,1,1
Caitlyn/Gnar (FR/PZ),Gwen/Zed (IO/SI),1,1,1
LeBlanc/Sivir (NX/SH),Aphelios/Yasuo (IO/MT),1,1,1
Aphelios/Zoe (IO/MT),Kennen/Yasuo (IO/MT),1,1,1
Gwen/Irelia/Zed (IO/SI),Aphelios/Zoe (IO/MT),1,1,1
Aphelios/Zoe (IO/MT),Akshan/Fiora (DE/SH),1,1,1
Gnar/Tristana (BC/BW),Ezreal/Twisted Fate (BW/PZ),1,1,1
Katarina/Yasuo (IO/NX),Ezreal/Twisted Fate (BW/PZ),1,1,1
Lux: Illuminated/Udyr (DE/FR),Janna/Nilah (BW/PZ),1,1,1
Lulu/Shen (BC/IO),Janna/Nilah (BW/PZ),1,1,1
Janna/Nilah (BW/PZ),Irelia/Zed (IO/SH),1,1,1
Ezreal/Nami (BW/PZ),Ashe (FR/PZ),1,1,1
Darius/Gnar (FR/NX),Irelia (IO/SH),1,1,1
Darius/Gnar (FR/NX),Akshan/Lucian (DE/SH),1,1,1
LeBlanc/Sivir (NX/SH),Zoe (BC/MT),1,1,1
Kai'Sa/Kalista (SI/SH),Ezreal/Twisted Fate (BW/PZ),1,1,1
Akshan/Renekton (BW/SH),Janna/Norra (BC/PZ),1,1,1
Janna/Norra (BC/PZ),Braum/The Poro King (FR/RU),1,1,1
Master Yi/Samira (IO/NX),Janna/Norra (BC/PZ),1,1,1
Janna/Norra (BC/PZ),Shen/Sivir (IO/SH),1,1,1
Gwen/Hecarim (IO/SI),Ezreal/Twisted Fate (BW/PZ),1,1,1
Ezreal/Twisted Fate (BW/PZ),Ashe (FR/PZ),1,1,1
Garen (DE/SI),Shen/Sivir (IO/SH),1,1,1
Shen/Sivir (IO/SH),Leona/Yasuo (IO/MT),1,1,1
Gwen/Hecarim (IO/SI),Ashe (FR/PZ),1,1,1
Ashe (FR/PZ),Akshan/Renekton (FR/SH),1,1,1
Ashe (FR/PZ),Lulu/Shen (BC/IO),1,1,1
Championless (SI),Aphelios/Diana/Udyr (FR/MT),1,1,1
Annie/Kennen (IO/NX),Ashe/Janna (FR/PZ),1,1,1
Garen (DE/PZ),Ashe (DE/FR),1,1,1
Janna/Nami (BW/PZ),Garen (DE/PZ),1,1,1
Aphelios/Zoe (IO/MT),Shen/Sivir (IO/SH),1,1,1
Gwen (NX/SI),Aphelios/Zoe (IO/MT),1,1,1
Aphelios/Zoe (IO/MT),Leona/Zoe (DE/MT),1,1,1
Aphelios/Zoe (IO/MT),Norra/Teemo (BC/PZ),1,1,1
Championless (SI),Championless (IO/PZ),1,1,1
Ashe/LeBlanc (FR/NX),Championless (IO/MT),1,1,1
Annie/Yasuo (IO/NX),Championless (PZ/SI),1,1,1
Championless (FR/IO),Kalista (NX/SI),1,1,1
Braum/Zoe (FR/MT),Kalista (NX/SI),1,1,1
Championless (SI),Braum (FR/SH),1,1,1
Braum (FR/SH),Akshan/Renekton (SH),1,1,1
Kalista (SI),Quinn/Vayne (DE/SH),1,1,1
Quinn/Vayne (DE/SH),Draven/Jinx (NX/PZ),1,1,1
Quinn/Vayne (DE/SH),Janna/Master Yi (IO/PZ),1,1,1
Gwen/Hecarim (IO/SI),Braum/Sejuani/Udyr (FR/SI),1,1,1
Ezreal/Sejuani (FR/PZ),Kalista (MT/SI),1,1,1
Aphelios/Zoe (BC/MT),Braum/The Poro King (FR/RU),1,1,1
Caitlyn/Darius (NX/PZ),Aphelios/Zoe (BC/MT),1,1,1
Ezreal/Sejuani (FR/PZ),Caitlyn/Darius (NX/PZ),1,1,1
Ezreal/Sejuani (FR/PZ),Gnar/Nidalee (BC/SH),1,1,1
Ezreal/Sejuani (FR/PZ),Braum/Zoe (FR/MT),1,1,1
Ezreal/Sejuani (FR/PZ),Fiora/Renekton (DE/SH),1,1,1
Braum/Zoe (FR/MT),Akshan/Sivir (FR/SH),1,1,1
Gnar/Seraphine (BC/PZ),Akshan/Sivir (FR/SH),1,1,1
Janna/Nilah (BW/PZ),Neeko (MT/RU),1,1,1
Kalista (BC/SI),Janna/Nilah (BW/PZ),1,1,1
Janna/Nilah (BW/PZ),Miss Fortune/Quinn (BW/DE),1,1,1
Fizz/Nami (BC/BW),Bard (RU/FR),1,1,1
Caitlyn/Norra/Teemo (BC/PZ),Bard (RU/FR),1,1,1
Fiora (DE/SH),Darius (FR/NX),1,1,1
Fiora (DE/SH),Yasuo (IO/MT),1,1,1
Sejuani/Teemo (FR/PZ),Irelia (IO/SH),1,1,1
Irelia (IO/SH),Fiora/Shen (DE/IO),1,1,1
Irelia/Miss Fortune (BW/IO),Championless (SI),1,1,1
Championless (FR/IO),Irelia/Miss Fortune (BW/IO),1,1,1
Sejuani/Teemo (FR/PZ),Renekton (SH),1,1,1
Renekton (SH),Katarina/Miss Fortune (BW/NX),1,1,1
Kalista (SI),Renekton/Sivir (SH),1,1,1
Braum/Garen (DE/FR),Garen/Vayne (BW/DE),1,1,1
Ashe/LeBlanc (FR/NX),Garen/Vayne (BW/DE),1,1,1
Garen/Quinn (BW/DE),Aphelios/Zoe (DE/MT),1,1,1
Championless (SI),Garen/Quinn (BW/DE),1,1,1
Garen/Quinn (BW/DE),Bard/Caitlyn/Teemo (RU/PZ),1,1,1
Garen/Quinn (DE),Fizz (BW/FR),1,1,1
Jhin/Twisted Fate (BW/RU),Ezreal/Zoe (MT/PZ),1,1,1
Sejuani/Teemo (FR/PZ),Jhin/Kennen (IO/RU),1,1,1
Fizz/Nami (BW/FR),Nami/Zoe (BW/MT),1,1,1
Fiora/Pantheon (DE/MT),Nami/Zoe (BW/MT),1,1,1
Nami/Zoe (BW/MT),Championpile (FR/SH),1,1,1
Kalista (SI),Nami/Zoe (BW/MT),1,1,1
Nami/Zoe (BW/MT),Garen (DE/FR),1,1,1
Nami/Zoe (BW/MT),Championless (IO/PZ),1,1,1
Pantheon/Udyr (FR/MT),Annie/Jhin (RU/NX),1,1,1
Ashe (FR/PZ),Kalista/Nocturne/Zoe (MT/SI),1,1,1
Ezreal/Jhin (RU/PZ),Katarina/Sejuani (FR/NX),1,1,1
Darius/LeBlanc (FR/NX),Annie/Samira (BW/NX),1,1,1
Ezreal/Jhin (RU/PZ),Kalista/Nocturne/Zoe (MT/SI),1,1,1
Aphelios/Zoe (MT),Ezreal/Jhin (RU/PZ),1,1,1
Quinn/Vayne (DE/PZ),Ezreal/Jhin (RU/PZ),1,1,1
Ezreal/Jhin (RU/PZ),Gnar/Nidalee (BC/SH),1,1,1
Ezreal/Jhin (RU/PZ),Braum/Janna (FR/PZ),1,1,1
Braum (FR/MT),Jhin/Yasuo (IO/RU),1,1,1
Zoe (BC/MT),Jhin/Yasuo (IO/RU),1,1,1
Jhin/Yasuo (IO/RU),Akshan/Pantheon (MT/SH),1,1,1
Darius (FR/NX),Caitlyn (PZ),1,1,1
Annie/Jhin (RU/NX),Lux: Illuminated/Zoe (DE/MT),1,1,1
Annie/Jhin (RU/NX),Norra/Teemo (BC/PZ),1,1,1
Akshan/Evelynn/Kai'Sa (RU/SH),Ekko/Janna (IO/PZ),1,1,1
Teemo/Zoe (BC/MT),Ekko/Janna (IO/PZ),1,1,1
Aphelios/Pantheon (MT/PZ),Ekko/Janna (IO/PZ),1,1,1
Ashe (FR/PZ),Ekko/Janna (IO/PZ),1,1,1
Norra/Teemo (BC/PZ),Sejuani/Swain (FR/NX),1,1,1
Pantheon/Udyr (FR/MT),Janna (PZ/SI),1,1,1
Pantheon/Udyr (FR/MT),Annie/Miss Fortune (BW/NX),1,1,1
Neeko (MT/RU),Annie/Yasuo (IO/NX),1,1,1
Gnar/Swain (BC/NX),Annie/Jhin (RU/NX),1,1,1
Janna/Nami/Twisted Fate (BW/PZ),Annie/Jhin (RU/NX),1,1,1
Annie/Jhin (RU/NX),Neeko/Nidalee (RU/SH),1,1,1
Annie/Jhin (RU/NX),Caitlyn (FR/PZ),1,1,1
Miss Fortune/Twisted Fate (BW/NX),Annie/Jhin (RU/NX),1,1,1
Darius/LeBlanc (BW/NX),Miss Fortune (BW/PZ),1,1,1
Janna (PZ/SI),Miss Fortune/Nami (BW/DE),1,1,1
Kalista (SI),Miss Fortune/Nami (BW/DE),1,1,1
Nidalee (BC/SH),Miss Fortune (BW/DE),1,1,1
Miss Fortune (BW/DE),Caitlyn/Norra/Teemo (BC/PZ),1,1,1
Miss Fortune/Vayne (BW/DE),Miss Fortune (BW/DE),1,1,1
Leona/Yasuo (IO/MT),Miss Fortune (BW/DE),1,1,1
Miss Fortune (BW/DE),Braum/Zoe (FR/MT),1,1,1
Swain/Yasuo (IO/NX),Ezreal/Seraphine (BC/PZ),1,1,1
Katarina/Yasuo (IO/NX),Miss Fortune/Vayne (BW/DE),1,1,1
Championless (SI),Kalista (SI/SH),1,1,1
Championless (SI),Akshan/Kai'Sa (FR/SH),1,1,1
Championless (SI),Master Yi (FR/IO),1,1,1
Janna/Nilah/Twisted Fate (BW/PZ),Ashe/Udyr (FR/SI),1,1,1
Sejuani/Swain (FR/NX),Master Yi (IO/SH),1,1,1
Gnar/Seraphine (BC/PZ),Janna/Nilah/Twisted Fate (BW/PZ),1,1,1
Swain/Udyr (FR/NX),Ashe/Janna (FR/PZ),1,1,1
Nidalee (BC/SH),Swain/Udyr (FR/NX),1,1,1
Nidalee (BC/SH),Akshan (SI/SH),1,1,1
Garen/Udyr (DE/FR),Miss Fortune/Quinn (BW/DE),1,1,1
Garen/Udyr (DE/FR),Nami/Norra (BC/BW),1,1,1
Akshan/Udyr (FR/SH),Akshan/Fiora (DE/SH),1,1,1
Caitlyn/Darius (NX/PZ),Akshan/Udyr (FR/SH),1,1,1
Gnar/Seraphine (BC/PZ),Darius/LeBlanc (FR/NX),1,1,1
Akshan/Fiora (DE/SH),Darius/LeBlanc (FR/NX),1,1,1
Norra/Zoe (BC/MT),Darius/LeBlanc (FR/NX),1,1,1
Ashe/LeBlanc (FR/NX),Gwen/Lucian (DE/SI),1,1,1
Ashe/Janna/Udyr (FR/PZ),Janna (PZ/SI),1,1,1
Irelia/Miss Fortune (BW/IO),Janna (FR/PZ),1,1,1
Janna (FR/PZ),Ezreal/Swain (NX/PZ),1,1,1
Championless (PZ/SI),Gwen/Norra (BC/SI),1,1,1
Fiora/Shen (DE/IO),Gwen/Norra (BC/SI),1,1,1
Janna (PZ/SI),Kalista/Yasuo (IO/SI),1,1,1
Braum/Udyr (DE/FR),LeBlanc/Sivir (NX/SH),1,1,1
Akshan/Fiora (DE/SH),Braum/Udyr (DE/FR),1,1,1
Braum/Udyr (DE/FR),Caitlyn/Teemo (BC/PZ),1,1,1
Diana/Nocturne (MT/SI),Akshan/Samira (NX/SH),1,1,1
Janna/Twisted Fate (BW/PZ),Aphelios/Udyr (FR/MT),1,1,1
Ezreal/Seraphine (PZ/SI),Nami/Norra (BC/BW),1,1,1
Norra (BC/IO),Ashe/LeBlanc (FR/NX),1,1,1
Championless (SI),Aphelios/Diana/Nocturne (MT/SI),1,1,1
Caitlyn/Janna (IO/PZ),Nilah/Twisted Fate (BW/PZ),1,1,1
Nidalee (BC/SH),Janna/Nami/Nilah (BW/PZ),1,1,1
Gwen (FR/SI),Janna/Nami/Nilah (BW/PZ),1,1,1
Ashe/Darius (FR/NX),Janna (PZ/SI),1,1,1
Caitlyn/Ezreal (NX/PZ),Akshan/Samira (NX/SH),1,1,1
Caitlyn/Janna/Teemo (FR/PZ),Caitlyn/Ezreal (NX/PZ),1,1,1
Braum/Zoe (FR/MT),Caitlyn/Ezreal (NX/PZ),1,1,1
Darius/Gnar (FR/NX),Caitlyn/Ezreal (NX/PZ),1,1,1
Sejuani (FR/NX),Janna/Nami/Nilah (BW/PZ),1,1,1
Ashe/Darius (FR/NX),Ezreal/Swain (NX/PZ),1,1,1
Miss Fortune/Quinn/Vayne (BW/DE),Ezreal/Swain (NX/PZ),1,1,1
Braum/Garen (DE/FR),Kai'Sa/Zoe (MT/SH),1,1,1
Braum/Garen (DE/FR),Leona/Yasuo (IO/MT),1,1,1
Akshan/Master Yi (IO/SH),Darius/Sejuani (FR/NX),1,1,1
Yasuo (IO/MT),Janna/Nilah/Twisted Fate (BW/PZ),1,1,1
Yasuo (IO/MT),Ezreal/Nilah (BW/PZ),1,1,1
Ezreal/Nilah (BW/PZ),Draven/Zoe (MT/NX),1,1,1
Ezreal/Nilah (BW/PZ),Udyr (FR/PZ),1,1,1
Ezreal/Nilah (BW/PZ),Leona/Yasuo (IO/MT),1,1,1
Janna/Nilah/Twisted Fate (BW/PZ),Kalista (SI),1,1,1
Ashe/LeBlanc (FR/NX),Fiora/Garen (DE/SH),1,1,1
Nilah/Twisted Fate (BW/PZ),Ezreal/Yasuo (IO/PZ),1,1,1
Nilah/Twisted Fate (BW/PZ),Annie/Jinx (NX/PZ),1,1,1
Akshan/Master Yi (IO/SH),Kalista (NX/SI),1,1,1
Braum (FR/MT),Darius/Gnar (FR/NX),1,1,1
Braum (FR/MT),Gnar/Tristana (BC/BW),1,1,1
Gnar/Tristana (BC/BW),Ezreal/Nilah (BW/PZ),1,1,1
Swain (FR/NX),Kalista (NX/SI),1,1,1
Kalista (NX/SI),Diana/Zoe (MT),1,1,1
Gnar/Tristana (BC/BW),Irelia/Miss Fortune (BW/IO),1,1,1
Darius/Gnar (FR/NX),Teemo/Zoe (BC/MT),1,1,1
Darius (FR/NX),Janna/Seraphine (IO/PZ),1,1,1
Caitlyn/Swain (NX/PZ),Norra/Zoe (BC/MT),1,1,1
Akshan/Kai'Sa (DE/SH),Kai'Sa/Sivir (DE/SH),1,1,1
Irelia (IO/SI),Nilah/Twisted Fate (BW/PZ),1,1,1
Nilah/Twisted Fate (BW/PZ),Akshan/Renekton (BW/SH),1,1,1
Janna/Seraphine (IO/PZ),Ezreal/Nilah (BW/PZ),1,1,1
Aphelios/Seraphine (MT/PZ),Lux: Illuminated/Zoe (DE/MT),1,1,1
Lux: Illuminated/Zoe (DE/MT),Akshan/Kai'Sa (DE/SH),1,1,1
Lux: Illuminated/Zoe (DE/MT),Draven/Jinx (NX/PZ),1,1,1
Ashe/LeBlanc (FR/NX),Lux: Illuminated/Zoe (DE/MT),1,1,1
Lux: Illuminated/Zoe (DE/MT),Fizz/Zoe (BW/MT),1,1,1
Lux: Illuminated/Zoe (DE/MT),Gwen/Hecarim (IO/SI),1,1,1
Lux: Illuminated/Zoe (DE/MT),Championless (SI),1,1,1
Caitlyn/Swain (NX/PZ),Lux: Illuminated/Zoe (DE/MT),1,1,1
Shen/Sivir (IO/SH),Braum/The Poro King (FR/RU),1,1,1
Caitlyn/Vayne (DE/PZ),Bard/Caitlyn/Teemo (RU/PZ),1,1,1
Teemo/Zoe (BC/MT),Kalista (MT/SI),1,1,1
Swain/Yasuo (IO/NX),Teemo/Zoe (BC/MT),1,1,1
Katarina/Samira (FR/NX),Braum (DE/FR),1,1,1
Gnar/Neeko (FR/RU),Katarina/Samira (FR/NX),1,1,1
Katarina/Samira (FR/NX),Diana/Leona (MT/SH),1,1,1
Katarina/Samira (FR/NX),The Poro King (RU/SH),1,1,1
Katarina/Samira (FR/NX),Elise/Lucian (DE/SI),1,1,1
Championless (SI),Katarina/Samira (FR/NX),1,1,1
Katarina/Samira (FR/NX),Ezreal/Swain (NX/PZ),1,1,1
Ashe/Janna (FR/PZ),Neeko/Renekton (RU/SH),1,1,1
Caitlyn/Swain (NX/PZ),Neeko (RU/SH),1,1,1
Janna (PZ/SI),Draven/Ezreal (NX/PZ),1,1,1
Championless (NX/SI),LeBlanc/Swain (BW/NX),1,1,1
Nilah/Twisted Fate (BW/PZ),Shen (DE/IO),1,1,1
Ashe/LeBlanc (FR/NX),Akshan (SI/SH),1,1,1
Nilah/Twisted Fate (BW/PZ),Ahri/Elise (IO/SI),1,1,1
Norra/Teemo (BC/PZ),Lulu/Shen (DE/IO),1,1,1
Kai'Sa/Lux: Illuminated (DE/SH),Janna/Master Yi (IO/PZ),1,1,1
Aphelios/Ezreal (MT/PZ),Kalista (SI),1,1,1
Kalista (SI),Ezreal/Nami (BW/PZ),1,1,1
Kalista (SI),Fiora/Udyr (DE/FR),1,1,1
Fiora (DE/SH),Akshan/Pantheon (MT/SH),1,1,1
Fiora (DE/SH),Lulu/Shen (DE/IO),1,1,1
Fiora (DE/SH),Zoe (IO/MT),1,1,1
Braum/Darius (FR/NX),Braum (FR/NX),1,1,1
Braum/Darius (FR/NX),Janna (PZ/SI),1,1,1
Pantheon/Udyr (FR/MT),Braum/Darius (FR/NX),1,1,1
Darius/Gnar (FR/NX),Braum/Darius (FR/NX),1,1,1
Akshan/Renekton (SH),Akshan/Udyr (FR/SH),1,1,1
Leona/Yasuo (IO/MT),Ezreal/Master Yi (IO/PZ),1,1,1
Garen/Neeko (DE/RU),Championless (BW/PZ),1,1,1
Garen/Miss Fortune/Quinn (BW/DE),Championless (SI),1,1,1
Championless (SI),Annie/Ezreal (NX/PZ),1,1,1
Ashe/Garen (DE/FR),Ashe/LeBlanc (FR/NX),1,1,1
Garen (DE),Ashe/Gnar (FR),1,1,1
Garen (DE),Fizz (BC/FR),1,1,1
Darius/Gnar (FR/NX),Swain (FR/NX),1,1,1
Akshan/Pantheon (MT/SH),Fizz/Twisted Fate (BW/PZ),1,1,1
Fizz/Twisted Fate (BW/PZ),Shen/Sivir (IO/SH),1,1,1
Shen/Sivir (IO/SH),Draven/Zoe (MT/NX),1,1,1
Caitlyn/Swain (NX/PZ),Katarina/Samira (BW/NX),1,1,1
Caitlyn/Swain (NX/PZ),Ezreal/Seraphine (BC/PZ),1,1,1
Caitlyn/Swain (NX/PZ),Annie/Ezreal (NX/PZ),1,1,1
Championless (MT/SI),Braum/Zed (FR/IO),1,1,1
Championless (MT/SI),Fizz (BW/FR),1,1,1
Championless (MT/SI),Norra/Zoe (BC/MT),1,1,1
Katarina/Yasuo (IO/NX),Master Yi/Samira (IO/NX),1,1,1
Neeko/Zoe (MT/RU),Aphelios/Jhin (RU/MT),1,1,1
Kai'Sa/Pantheon (MT/SH),Akshan/Vayne (DE/SH),1,1,1
Katarina/Yasuo (IO/NX),Ashe/Udyr (FR/PZ),1,1,1
Katarina/Yasuo (IO/NX),Akshan/Master Yi (IO/SH),1,1,1
Katarina/Yasuo (IO/NX),Ekko/Renekton (PZ/SH),1,1,1
Sejuani/Teemo (FR/PZ),Leona/Yasuo (IO/MT),1,1,1
Championless (BW/SI),Sejuani/Teemo (FR/PZ),1,1,1
Janna (IO/PZ),Sejuani/Teemo (FR/PZ),1,1,1
Braum/Swain (FR/NX),Sejuani/Teemo (FR/PZ),1,1,1
Sejuani/Teemo (FR/PZ),Draven/Jinx (NX/PZ),1,1,1
Sejuani/Teemo (FR/PZ),Annie/Yasuo (IO/NX),1,1,1
Championless (PZ/SI),Sejuani/Teemo (FR/PZ),1,1,1
Sejuani/Teemo (FR/PZ),Janna/Seraphine (PZ/SI),1,1,1
Miss Fortune/Vayne (BW/DE),Sejuani/Teemo (FR/PZ),1,1,1
Sejuani/Teemo (FR/PZ),Hecarim (SI/SH),1,1,1
Swain (FR/NX),Sejuani/Teemo (FR/PZ),1,1,1
Ezreal/Swain (NX/PZ),Sejuani/Teemo (FR/PZ),1,1,1
Annie/Jhin (RU/NX),Sejuani/Teemo (FR/PZ),1,1,1
Championless (SI),Lux: Illuminated/Shen (DE/IO),1,1,1
Championless (SI),Championless (FR/SI),1,1,1
Sejuani/Teemo (FR/PZ),Akshan/Fiora (DE/SH),1,1,1
Ashe/Garen (DE/FR),Shen/Sivir (IO/SH),1,1,1
Darius/Gwen (NX/SI),Lissandra/Swain (FR/NX),1,1,1
Udyr/Zed (FR/IO),Kalista (SI),1,1,1
Udyr/Zed (FR/IO),Gwen/Kalista (NX/SI),1,1,1
Aphelios/Twisted Fate (BW/MT),Shen/Sivir (IO/SH),1,1,1
Hecarim (SI),Shen/Sivir (IO/SH),1,1,1
Norra (BC/IO),Ezreal/Kennen (IO/PZ),1,1,1
Championless (PZ/SI),Norra (BC/IO),1,1,1
Aphelios/Yasuo (IO/MT),Gnar/Seraphine (BC/PZ),1,1,1
Shen/Sivir (IO/SH),Diana/Leona (MT),1,1,1
Caitlyn/Teemo (BC/PZ),Master Yi/Samira (IO/NX),1,1,1
Braum/Zoe (FR/MT),Evelynn/Kai'Sa (RU/SH),1,1,1
Braum/Zoe (FR/MT),Norra (BC),1,1,1
Kalista (SI),Norra (BC),1,1,1
Championless (SI),Norra (BC),1,1,1
Norra (BC),Draven/Zoe (MT/NX),1,1,1
Norra (BC),Championless (PZ/SI),1,1,1
Garen (DE/SI),Bard/Norra (BC/RU),1,1,1
Master Yi/Udyr (FR/IO),Caitlyn/Teemo (FR/PZ),1,1,1
Caitlyn/Darius (NX/PZ),Braum/Kai'Sa (FR/SH),1,1,1
Shen/Sivir (IO/SH),Pantheon/Udyr (FR/MT),1,1,1
Janna/Master Yi (IO/PZ),Leona/Zoe (DE/MT),1,1,1
Janna/Master Yi (IO/PZ),Swain (FR/NX),1,1,1
Janna/Master Yi (IO/PZ),Katarina/Leona (MT/NX),1,1,1
Janna/Master Yi (IO/PZ),Janna (FR/PZ),1,1,1
Bard/The Poro King (RU/RU),Ekko/Nilah (BW/PZ),1,1,1
Championless (PZ/SI),LeBlanc/Swain (NX/SI),1,1,1
Gnar/Nidalee (BC/SH),Fizz/Twisted Fate (BW/PZ),1,1,1
Gwen (NX/SI),Swain/Yasuo (IO/NX),1,1,1
Diana/Nocturne (MT/SI),Ezreal/Janna/Nilah (BW/PZ),1,1,1
Miss Fortune/Vayne (BW/DE),Ezreal/Twisted Fate (BW/PZ),1,1,1
Braum/Zoe (FR/MT),Darius/LeBlanc (NX/SI),1,1,1
Championless (DE/MT),Gwen/Katarina/LeBlanc (NX/SI),1,1,1
Gwen/Katarina/LeBlanc (NX/SI),Championless (SI),1,1,1
Janna (PZ/SI),Gwen/LeBlanc (NX/SI),1,1,1
Ashe (FR/SI),Gwen/LeBlanc (NX/SI),1,1,1
Kalista (DE/SI),Ezreal/Janna/Nilah (BW/PZ),1,1,1
Ezreal/Janna/Nilah (BW/PZ),Ashe/LeBlanc (FR/NX),1,1,1
Championless (SI),Ezreal/Zed (IO/PZ),1,1,1
Akshan/Renekton (SH),Gnar (BC/PZ),1,1,1
Gwen (FR/SI),Championless (PZ/SI),1,1,1
Championless (PZ/SI),Ekko/Janna (IO/PZ),1,1,1
Ezreal/Swain (NX/PZ),Championless (PZ/SI),1,1,1
Hecarim/Lucian (DE/SI),Championless (PZ/SI),1,1,1
Championless (PZ/SI),Championless (FR/IO),1,1,1
Zoe (BW/MT),Championless (PZ/SI),1,1,1
Championless (PZ/SI),Garen/Quinn (DE),1,1,1
Gwen/Kalista (SI),Gwen/Vayne (DE/SI),1,1,1
Gwen/Kalista (SI),Lissandra/Sejuani (FR),1,1,1
Janna (PZ/SI),Gwen/Kalista (SI),1,1,1
Gwen/Kalista (SI),Janna/Twisted Fate (BW/PZ),1,1,1
Darius/Gnar (FR/NX),Fizz/Nami (BW/FR),1,1,1
Ezreal/Nilah (BW/PZ),Kennen/Samira (BC/NX),1,1,1
Caitlyn/Teemo (BC/PZ),Janna/Nami/Twisted Fate (BW/PZ),1,1,1
Janna/Nami/Twisted Fate (BW/PZ),Championless (SI),1,1,1
Lulu (IO/MT),Janna/Nami/Twisted Fate (BW/PZ),1,1,1
Championless (BW/MT),Fiora/Pantheon (DE/MT),1,1,1
Gwen/Katarina (NX/SI),Sejuani/Swain (FR/NX),1,1,1
Gwen/Katarina (NX/SI),Renekton/Sivir (SH),1,1,1
LeBlanc/Sivir (NX/SH),Caitlyn/Norra/Teemo (BC/PZ),1,1,1
Caitlyn/Norra/Teemo (BC/PZ),Bard/Caitlyn/Teemo (RU/PZ),1,1,1
Caitlyn/Norra/Teemo (BC/PZ),Elise/Kalista (BW/SI),1,1,1
Elise/Kalista (BW/SI),Fiora/Pantheon (DE/MT),1,1,1
Elise/Kalista (BW/SI),Shen/Sivir (IO/SH),1,1,1
Katarina/Leona (MT/NX),Aphelios/Zoe (IO/MT),1,1,1
Aphelios/Zoe (IO/MT),Nami/Zoe (BW/MT),1,1,1
Janna (IO/PZ),Aphelios/Zoe (IO/MT),1,1,1
Gwen/Hecarim (SI/SH),Aphelios/Zoe (IO/MT),1,1,1
Akshan/Gwen (SI/SH),Aphelios/Zoe (IO/MT),1,1,1
Janna/Master Yi/Seraphine (IO/PZ),Aphelios/Zoe (IO/MT),1,1,1
Aphelios/Zoe (IO/MT),Diana/Nocturne/Zoe (MT/SI),1,1,1
Kalista/Lucian (DE/SI),Ekko/Kalista (PZ/SI),1,1,1
Twisted Fate (BW/PZ),Kalista/Lucian (DE/SI),1,1,1
Janna (MT/PZ),Ashe/LeBlanc (FR/NX),1,1,1
Ashe/LeBlanc (FR/NX),Ashe (FR/NX),1,1,1
Janna/Nilah (BW/PZ),Zoe (BW/MT),1,1,1
Janna/Nilah (BW/PZ),Ezreal/Zoe (MT/PZ),1,1,1
Fizz/Twisted Fate (BW/PZ),Ashe/Gnar (FR),1,1,1
Fizz/Twisted Fate (BW/PZ),Ashe/Garen (DE/FR),1,1,1
Fizz (BC/FR),Renekton/Udyr (FR/SH),1,1,1
Fizz/Twisted Fate (BW/PZ),Championless (SI),1,1,1
Fiora/Shen (DE/IO),Aphelios/Zoe (MT),1,1,1
Swain/Udyr (FR/NX),Caitlyn (BW/PZ),1,1,1
Ashe/LeBlanc (FR/NX),Akshan/Kai'Sa (FR/SH),1,1,1
Katarina/Leona (MT/NX),Kalista (NX/SI),1,1,1
Leona/Yasuo (IO/MT),Championless (FR/SI),1,1,1
Braum (FR/MT),Akshan/Kai'Sa (FR/SH),1,1,1
Braum/Udyr (FR/MT),Akshan/Kai'Sa (FR/SH),1,1,1
Ashe/LeBlanc (FR/NX),Nilah/Samira (BW/NX),1,1,1
Ashe (FR/PZ),Katarina/Vayne (DE/NX),1,1,1
Braum/The Poro King (FR/RU),Katarina/Miss Fortune (BW/NX),1,1,1
Aphelios/Kai'Sa (MT/SH),Katarina/Miss Fortune (BW/NX),1,1,1
Neeko/Zoe (MT/RU),Championless (PZ/SI),1,1,1
Annie/Jhin (RU/NX),Yasuo (IO/NX),1,1,1
Annie/Elise (NX/SI),Katarina/Yasuo (IO/NX),1,1,1
Ashe/Sejuani (BW/FR),Ashe/LeBlanc (FR/NX),1,1,1
Kai'Sa/Kalista (SI/SH),Quinn/Vayne (DE/PZ),1,1,1
Quinn/Vayne (DE/PZ),Championless (NX/SI),1,1,1
Braum/The Poro King (FR/RU),Lissandra/Nilah (BW/FR),1,1,1
Lissandra/Nilah (BW/FR),Darius/LeBlanc (BW/NX),1,1,1
Darius/Gnar (FR/NX),Lissandra/Nilah (BW/FR),1,1,1
Garen (DE/SI),Gnar/Nilah (BW/FR),1,1,1
Diana/Nocturne (MT/SI),Gnar/Nilah (BW/FR),1,1,1
Braum/Swain (FR/NX),Gnar/Nilah (BW/FR),1,1,1
Championless (MT/SI),Gnar/Nilah (BW/FR),1,1,1
Gnar/Nilah (BW/FR),Braum/Zoe (FR/MT),1,1,1
Gnar/Nilah (BW/FR),Fiora/Shen (DE/IO),1,1,1
Caitlyn/Garen (DE/PZ),Darius/Gwen (NX/SI),1,1,1
Fiora/Pantheon (DE/MT),Teemo/Zoe (BC/MT),1,1,1
Sejuani/Swain (FR/NX),Teemo/Zoe (BC/MT),1,1,1
Nilah/Twisted Fate (BW/PZ),Championless (IO/MT),1,1,1
Championless (IO/MT),Aphelios/Janna (MT/PZ),1,1,1
Aphelios/Janna (MT/PZ),Caitlyn/Teemo (BC/PZ),1,1,1
Aphelios/Janna (MT/PZ),Kalista (SI),1,1,1
Ashe (DE/FR),Championless (NX/SI),1,1,1
Akshan/Master Yi (IO/SH),Ezreal/Swain (NX/PZ),1,1,1
Leona/Yasuo (IO/MT),Miss Fortune/Vayne (BW/DE),1,1,1
Akshan/Master Yi (IO/SH),Sejuani/Zoe (FR/MT),1,1,1
Janna/Nami/Nilah (BW/PZ),Lux: Illuminated/Samira (DE/NX),1,1,1
Lux: Illuminated/Samira (DE/NX),Braum/Janna (FR/PZ),1,1,1
Swain/Twisted Fate (BW/NX),Kennen/Samira (BC/NX),1,1,1
Akshan/Samira (NX/SH),Sejuani/Teemo (FR/PZ),1,1,1
Katarina/Leona (MT/NX),Akshan/Samira (NX/SH),1,1,1
Diana/Nocturne (MT/SI),Darius (FR/NX),1,1,1
Braum (FR/MT),Akshan/Samira (NX/SH),1,1,1
Akshan/Samira (NX/SH),Championless (NX/SI),1,1,1
Swain/Twisted Fate (BW/NX),Draven/Jinx (NX/PZ),1,1,1
Gwen (NX/SI),Swain/Twisted Fate (BW/NX),1,1,1
Akshan/Udyr (FR/SH),Swain/Twisted Fate (BW/NX),1,1,1
Championless (DE/MT),Janna/Twisted Fate (BW/PZ),1,1,1
LeBlanc/Sivir (NX/SH),Championless (DE/MT),1,1,1
Championless (BC/IO),Kalista/LeBlanc (NX/SI),1,1,1
Championless (MT/SI),Ashe/Garen (DE/FR),1,1,1
Akshan/Udyr (FR/SH),Akshan/Pantheon (MT/SH),1,1,1
Akshan/Pantheon (MT/SH),Garen/Lux: Illuminated (DE/IO),1,1,1
Akshan/Pantheon (MT/SH),Akshan/Sivir (FR/SH),1,1,1
Akshan/Pantheon (MT/SH),Caitlyn/Darius (NX/PZ),1,1,1
Akshan/Pantheon (MT/SH),Elise/Nocturne (SI/SH),1,1,1
Kalista (MT/SI),Pantheon/Udyr/Zoe (FR/MT),1,1,1
Pantheon/Udyr/Zoe (FR/MT),Janna (PZ/SI),1,1,1
Pantheon/Udyr/Zoe (FR/MT),Championless (BC/SI),1,1,1
Akshan (SI/SH),Pantheon/Zoe (IO/MT),1,1,1
Pantheon/Zoe (IO/MT),Aphelios/Master Yi (IO/MT),1,1,1
Pantheon/Zoe (IO/MT),Leona/Renekton (MT/SH),1,1,1
Irelia/Zed (IO/SH),Pantheon/Zoe (IO/MT),1,1,1
Kalista/Nidalee (SI/SH),Kalista (SI),1,1,1
Kalista/Nidalee (SI/SH),Caitlyn (FR/PZ),1,1,1
Pantheon (MT/NX),Garen/Quinn (DE),1,1,1
Annie/Elise (NX/SI),Kai'Sa/Pantheon (MT/SH),1,1,1
Kai'Sa/Pantheon (MT/SH),Ezreal/LeBlanc/Swain (NX/PZ),1,1,1
Darius/Gnar (FR/NX),LeBlanc/Pantheon (MT/NX),1,1,1
Kalista/Nidalee (SI/SH),Gwen/Quinn (DE/SI),1,1,1
Caitlyn/Swain/Teemo (NX/PZ),Nami/Zoe (BW/MT),1,1,1
Gwen/Vayne (DE/SI),Janna (MT/PZ),1,1,1
Kalista (FR/SI),Kalista/Lucian (DE/SI),1,1,1
Ezreal/Seraphine (MT/PZ),Swain/Yasuo (IO/NX),1,1,1
Garen (DE/SI),Swain/Yasuo (IO/NX),1,1,1
Kalista (MT/SI),Swain/Yasuo (IO/NX),1,1,1
Akshan/Udyr (FR/SH),Miss Fortune/Sejuani (BW/FR),1,1,1
Akshan/Udyr (FR/SH),Braum/Sejuani (FR/NX),1,1,1
Ezreal/Zed (IO/PZ),Nilah/Twisted Fate (BW/PZ),1,1,1
Kalista/Norra (BC/SI),Annie/Jhin (RU/NX),1,1,1
Kalista/Norra (BC/SI),Samira/Sejuani (FR/NX),1,1,1
Aphelios/Zoe (MT),Norra/The Poro King (BC/RU),1,1,1
Garen/Miss Fortune/Quinn (BW/DE),Leona/Yasuo (IO/MT),1,1,1
Leona/Yasuo (IO/MT),Ahri/Ezreal/Kennen (IO/PZ),1,1,1
Akshan/Gwen (SI/SH),Leona/Yasuo (IO/MT),1,1,1
Leona/Yasuo (IO/MT),Renekton/Sejuani (FR/SH),1,1,1
Fizz (BC/FR),Ekko/Kalista (PZ/SI),1,1,1
LeBlanc (FR/NX),Norra (BC/PZ),1,1,1
Gnar/Nidalee (BC/SH),Norra (BC/PZ),1,1,1
Lucian/Miss Fortune (BW/DE),Championless (MT/SI),1,1,1
Lucian/Miss Fortune (BW/DE),Norra/Teemo (BC/PZ),1,1,1
Swain/Udyr (FR/NX),Lucian/Miss Fortune (BW/DE),1,1,1
Darius/Gnar (FR/NX),Lucian/Miss Fortune (BW/DE),1,1,1
Evelynn/Kai'Sa (RU/SH),Garen (DE/SH),1,1,1
Braum (FR/MT),Evelynn/Kai'Sa (RU/SH),1,1,1
Ashe/LeBlanc (FR/NX),Ezreal/LeBlanc/Swain (NX/PZ),1,1,1
Neeko (MT/RU),Yasuo (IO/MT),1,1,1
Janna/Zoe (MT/PZ),Neeko (MT/RU),1,1,1
Neeko (MT/RU),Kai'Sa/Lux: Illuminated (DE/SH),1,1,1
Caitlyn (BC/PZ),Gwen/Lucian (DE/SI),1,1,1
Gwen/Lucian (DE/SI),Ezreal/Zed (IO/PZ),1,1,1
Kai'Sa/Zoe (MT/SH),Neeko (MT/RU),1,1,1
Neeko (MT/RU),Diana/Nocturne (MT/SI),1,1,1
Neeko (MT/RU),Darius/Gwen (NX/SI),1,1,1
Neeko (MT/RU),Janna/Kalista (PZ/SI),1,1,1
Vayne (DE/MT),Akshan/Braum (FR/SH),1,1,1
Vayne (DE/MT),Akshan/Sivir (FR/SH),1,1,1
Sejuani/Swain (FR/NX),Miss Fortune/Quinn/Vayne (BW/DE),1,1,1
Lulu/Shen (DE/IO),Miss Fortune/Quinn/Vayne (BW/DE),1,1,1
Miss Fortune/Quinn/Vayne (BW/DE),Kennen/Yasuo (IO/MT),1,1,1
Miss Fortune/Quinn/Vayne (BW/DE),Akshan/Master Yi (IO/SH),1,1,1
Janna (IO/PZ),Janna/Nami/Nilah (BW/PZ),1,1,1
Akshan/Renekton (SH),Janna/Nami/Nilah (BW/PZ),1,1,1
Janna/Nami/Nilah (BW/PZ),Darius (NX/SH),1,1,1
Annie/Jhin (RU/NX),Fizz/Nami (BW/MT),1,1,1
Ezreal/Kennen (IO/PZ),Master Yi/Samira (IO/NX),1,1,1
Ezreal/Kennen (IO/PZ),Darius/Yasuo (IO/NX),1,1,1
Darius/Yasuo (IO/NX),Braum/Master Yi (FR/IO),1,1,1
Ashe/LeBlanc (FR/NX),Nidalee (IO/SH),1,1,1
Master Yi/Samira (IO/NX),Draven/Zoe (MT/NX),1,1,1
Janna/Jinx (PZ),Master Yi/Samira (IO/NX),1,1,1
Master Yi/Samira (IO/NX),Zoe (BW/MT),1,1,1
Ashe (FR/SI),Master Yi/Samira (IO/NX),1,1,1
Master Yi/Samira (IO/NX),Championless (FR/IO),1,1,1
Ashe/Garen (DE/FR),Master Yi/Samira (IO/NX),1,1,1
Janna (PZ/SI),Ashe/Garen (DE/FR),1,1,1
Janna (PZ/SI),Championpile (FR/SH),1,1,1
Nami/Zoe (BW/MT),Norra/Zoe (BC/MT),1,1,1
Akshan/Samira (NX/SH),Championless (MT/PZ),1,1,1
Championless (DE/FR),Evelynn/Udyr (RU/FR),1,1,1
Kennen/Tristana (BC/IO),Norra/Zoe (BC/MT),1,1,1
Championless (MT/SI),Darius/Swain (NX/SI),1,1,1
Gwen/Udyr (FR/SI),Gnar/Nidalee (BC/SH),1,1,1
Championless (SI),Ahri/Ezreal/Kennen (IO/PZ),1,1,1
Championless (SI),Championless (IO/SI),1,1,1
Gwen (NX/SI),Janna (PZ/SI),1,1,1
Pantheon/Zoe (FR/MT),Gwen (NX/SI),1,1,1
Gwen (NX/SI),Akshan/Renekton (SH),1,1,1
Braum/The Poro King (FR/RU),Annie/Jhin/Swain (RU/NX),1,1,1
Caitlyn/LeBlanc (NX/PZ),Braum/The Poro King (FR/RU),1,1,1
Annie/Jhin (RU/NX),Norra/The Poro King (BC/RU),1,1,1
Nilah/Twisted Fate (BW/PZ),Neeko/Zoe (MT/RU),1,1,1
Neeko/Zoe (MT/RU),Hecarim/Kalista (SI),1,1,1
Bard/Caitlyn/Teemo (RU/PZ),Neeko/Zoe (MT/RU),1,1,1
Katarina/Zed (IO/NX),Aphelios/Zoe (DE/MT),1,1,1
Ekko/Janna (IO/PZ),Ahri/Katarina (IO/NX),1,1,1
Gnar/Nidalee (BC/SH),LeBlanc/Renekton (NX/SH),1,1,1
Kalista (SI),LeBlanc/Renekton (NX/SH),1,1,1
Kalista (SI),Ahri/Katarina (IO/NX),1,1,1
Leona/Yasuo (IO/MT),Championless (BC/IO),1,1,1
Akshan/Sivir (FR/SH),Leona/Yasuo (IO/MT),1,1,1
Diana/Nocturne (MT/SI),Janna (PZ/SI),1,1,1
Janna (PZ/SI),Miss Fortune (BW/FR),1,1,1
Janna (PZ/SI),Akshan (SI/SH),1,1,1
Akshan (SI/SH),Janna/Teemo (PZ/SI),1,1,1
Janna/Seraphine (PZ/SI),Aphelios/Twisted Fate (BW/MT),1,1,1
Janna/Seraphine (PZ/SI),Championless (SI),1,1,1
Kalista (SI),Janna/Seraphine (PZ/SI),1,1,1
Jhin/Yasuo (IO/RU),Caitlyn/Teemo (BC/PZ),1,1,1
Caitlyn/Teemo (BC/PZ),Fizz/Nami (BC/BW),1,1,1
Kalista (MT/SI),Caitlyn/Teemo (BC/PZ),1,1,1
Caitlyn/Teemo (NX/PZ),Akshan/Evelynn/Kai'Sa (RU/SH),1,1,1
Janna (MT/PZ),Janna (PZ/SI),1,1,1
Championless (FR/IO),Gwen (SI),1,1,1
Gwen/Katarina (NX/SI),Gwen (SI),1,1,1
Gwen/Katarina (NX/SI),Caitlyn/Janna (BC/PZ),1,1,1
Championless (BW/SI),Kalista (BC/SI),1,1,1
Shen/Sivir (IO/SH),Akshan/Sivir (NX/SH),1,1,1
Ashe/LeBlanc (FR/NX),Ezreal/Nami (BW/PZ),1,1,1
Akshan/Aphelios (MT/SH),Master Yi (FR/IO),1,1,1
Miss Fortune/Quinn (BW/DE),Swain/Yasuo (IO/NX),1,1,1
Neeko/Nidalee (RU/SH),Braum/Norra (BC/FR),1,1,1
Annie/Jhin/Swain (RU/NX),Pantheon/Udyr (FR/MT),1,1,1
Akshan/Renekton (BW/SH),Pantheon/Udyr (FR/MT),1,1,1
Hecarim/Lucian (DE/SI),Swain/Yasuo (IO/NX),1,1,1
Ashe/LeBlanc (FR/NX),Janna/The Poro King (PZ/RU),1,1,1
Garen (DE/SH),Kai'Sa/Pantheon (MT/SH),1,1,1
Akshan/Master Yi (IO/SH),Garen/Lux: Illuminated (DE/IO),1,1,1
Akshan/Master Yi (IO/SH),Swain (FR/NX),1,1,1
Akshan/Master Yi (IO/SH),Ekko/Janna (PZ/SH),1,1,1
Ashe (FR/PZ),Ezreal/LeBlanc/Swain (NX/PZ),1,1,1
Ashe/LeBlanc (FR/NX),Kalista (FR/SI),1,1,1
Ashe/LeBlanc (FR/NX),Kai'Sa/Lux: Illuminated (DE/SH),1,1,1
Ashe/LeBlanc (FR/NX),Akshan/Braum (FR/SH),1,1,1
Braum/Udyr (DE/FR),Ezreal/Kai'Sa (PZ/SH),1,1,1
Norra/Teemo (BC/PZ),Ezreal/Nami (BW/PZ),1,1,1
Braum/Kalista (FR/SI),Championless (BC/PZ),1,1,1
Ashe/LeBlanc (FR/NX),Championless (BC/PZ),1,1,1
Ashe/LeBlanc (FR/NX),Norra/Teemo (BC/SI),1,1,1
Ashe (FR/PZ),Aphelios/Gnar (FR/MT),1,1,1
Jhin/Yasuo (IO/RU),Lissandra/Sejuani (FR),1,1,1
Garen (DE/SI),Kalista (FR/SI),1,1,1
Kalista (FR/SI),Braum/The Poro King (FR/RU),1,1,1
Braum/The Poro King (FR/RU),Leona (MT/SH),1,1,1
Leona (MT/SH),Sejuani/Swain (FR/NX),1,1,1
Leona (MT/SH),Championless (PZ),1,1,1
Janna/Zoe (MT/PZ),Ezreal/Seraphine (PZ/SI),1,1,1
Janna/Zoe (MT/PZ),Gnar/Sejuani (BC/FR),1,1,1
Master Yi/Yasuo (IO/MT),Norra/Teemo (BC/PZ),1,1,1
Miss Fortune/Vayne (BW/DE),Annie/Jhin (RU/NX),1,1,1
Miss Fortune/Vayne (BW/DE),Fiora/Udyr (DE/FR),1,1,1
Kalista (SI),Miss Fortune/Vayne (BW/DE),1,1,1
Miss Fortune/Vayne (BW/DE),Evelynn/Kai'Sa (RU/SH),1,1,1
Miss Fortune/Vayne (BW/DE),Janna (PZ/SI),1,1,1
Norra/Teemo (BC/PZ),Darius/Sivir (NX/SH),1,1,1
Akshan/Gwen (SI/SH),Norra/Teemo (BC/PZ),1,1,1
Norra/Teemo (BC/PZ),The Poro King (FR/RU),1,1,1
LeBlanc/Swain (FR/NX),Championless (PZ/SI),1,1,1
Garen/Katarina (DE/NX),Ezreal/Zoe (MT/PZ),1,1,1
Ezreal/Zoe (MT/PZ),Ashe (FR/PZ),1,1,1
Master Yi (FR/IO),Ezreal/Zoe (MT/PZ),1,1,1
Ezreal/Zoe (MT/PZ),Ekko/Kalista (PZ/SI),1,1,1
Ezreal/Zoe (MT/PZ),Diana/Nocturne (MT/SI),1,1,1
Ashe/Udyr (FR/SI),Ezreal/Zoe (MT/PZ),1,1,1
Ezreal/Zoe (MT/PZ),Miss Fortune/Nilah/Swain (BW/NX),1,1,1
Ezreal/Zoe (MT/PZ),Fiora (DE/IO),1,1,1
Ashe (FR/SI),Lux: Illuminated/Shen (DE/IO),1,1,1
Ashe (FR/SI),Caitlyn (FR/PZ),1,1,1
Ashe (FR/SI),Caitlyn/Swain (NX/PZ),1,1,1
Ashe (FR/SI),Akshan/Fiora (DE/SH),1,1,1
Ashe (FR/SI),Caitlyn/Teemo (BC/PZ),1,1,1
Championless (PZ/SI),Ashe (FR/SI),1,1,1
Ashe (FR/SI),Championless (MT/PZ),1,1,1
Darius/Gnar (FR/NX),Jhin/Seraphine (RU/PZ),1,1,1
Darius/Gnar (FR/NX),Akshan/Gwen (SI/SH),1,1,1
Darius/Gnar (FR/NX),Janna (BW/PZ),1,1,1
Janna/Nilah (BW/PZ),Leona/Yasuo (IO/MT),1,1,1
Akshan/Fiora (DE/SH),Kalista (MT/SI),1,1,1
Akshan/Gwen (SI/SH),Annie/Miss Fortune (BW/NX),1,1,1
Gnar/Sejuani (DE/FR),Ashe/LeBlanc (FR/NX),1,1,1
Championless (SI),Lux: Illuminated/Neeko (DE/RU),1,1,1
Lux: Illuminated/Shen (DE/IO),Ashe (FR/PZ),1,1,1
Ashe (FR/PZ),Championless (FR/IO),1,1,1
Akshan (SI/SH),Akshan/Kai'Sa (DE/SH),1,1,1
Akshan/Kai'Sa (DE/SH),Championless (PZ/SI),1,1,1
Aphelios/Yasuo (IO/MT),Ashe/Sejuani (BW/FR),1,1,1
Sejuani/Swain (FR/NX),Akshan/Kai'Sa (DE/SH),1,1,1
Braum/Sejuani (BW/FR),Akshan/Kai'Sa (DE/SH),1,1,1
Garen (DE/FR),Akshan/Kai'Sa (DE/SH),1,1,1
Akshan/Kai'Sa (DE/SH),Hecarim/Kalista (IO/SI),1,1,1
Akshan/Kai'Sa (DE/SH),Norra/Zoe (BC/MT),1,1,1
Championless (SI),Ekko/Janna (IO/PZ),1,1,1
Braum/Master Yi (FR/IO),Akshan/Pantheon (MT/SH),1,1,1
Akshan/Pantheon (MT/SH),Braum/Darius/Sejuani (FR/NX),1,1,1
Akshan/Pantheon (MT/SH),Lucian/Zed (DE/IO),1,1,1
Akshan/Pantheon (MT/SH),Shen (DE/IO),1,1,1
Annie/Jhin (RU/NX),Nilah/Twisted Fate (BW/IO),1,1,1
Ashe/LeBlanc (FR/NX),Gwen/Kalista (IO/SI),1,1,1
Ashe/LeBlanc (FR/NX),Nocturne (SI),1,1,1
Championless (SI),Garen/Irelia (DE/IO),1,1,1
Leona/Zoe (DE/MT),Championless (BW/MT),1,1,1
Kennen/Tristana (BC/IO),Championless (BW/MT),1,1,1
Leona/Zoe (DE/MT),Udyr (FR/NX),1,1,1
Fiora/Pantheon (DE/MT),Swain (FR/NX),1,1,1
Braum (FR/MT),Fiora/Pantheon (DE/MT),1,1,1
Fiora/Pantheon (DE/MT),Norra/Teemo (BC/PZ),1,1,1
Garen/Udyr (DE/FR),Fiora/Pantheon (DE/MT),1,1,1
Fiora/Pantheon (DE/MT),Hecarim/Lucian (DE/SI),1,1,1
Fiora/Pantheon (DE/MT),Irelia/Zed (IO/SH),1,1,1
Fiora/Pantheon (DE/MT),Sejuani/Teemo (FR/PZ),1,1,1
Championless (SI),Diana/Nocturne (MT/SI),1,1,1
Championless (SI),Caitlyn/Seraphine (BC/PZ),1,1,1
Ashe/Sejuani (BW/FR),Championless (SI),1,1,1
Draven/Jinx (NX/PZ),Janna (PZ/SI),1,1,1
Fiora/Udyr (DE/FR),Draven/Jinx (NX/PZ),1,1,1
Fiora/Udyr (DE/FR),Braum/The Poro King (FR/RU),1,1,1
Swain (FR/NX),Janna (PZ/SI),1,1,1
Janna (PZ/SI),Norra/Zoe (BC/MT),1,1,1
Fiora (DE/MT),Championless (DE/MT),1,1,1
Fiora (DE/MT),Garen/Irelia (DE/IO),1,1,1
Janna/Nilah (BW/PZ),Akshan/Renekton (BW/SH),1,1,1
Braum (FR/MT),Janna/Nilah (BW/PZ),1,1,1
Gwen (FR/SI),Ezreal/Lux: Illuminated (DE/PZ),1,1,1
Katarina/Leona (MT/NX),Gwen (FR/SI),1,1,1
Gwen (FR/SI),Gnar (BC/PZ),1,1,1
Gwen (FR/SI),Braum/Kai'Sa (FR/SH),1,1,1
Caitlyn/Swain (NX/PZ),Gwen (FR/SI),1,1,1
Akshan/Master Yi (IO/SH),Nami/Nilah (BW/PZ),1,1,1
Akshan/Master Yi (IO/SH),Leona/Zoe (DE/MT),1,1,1
Championless (NX/SI),Ahri/Akshan (IO/SH),1,1,1
Leona/Yasuo (IO/MT),Caitlyn/Teemo (FR/PZ),1,1,1
Caitlyn/Teemo (FR/PZ),Ezreal/Seraphine (BW/PZ),1,1,1
Darius/Gwen (NX/SI),Garen (DE/SH),1,1,1
Annie/Jhin (RU/NX),Garen (DE/SH),1,1,1
Aphelios/Kai'Sa (MT/SH),Kai'Sa/Kalista (SI/SH),1,1,1
Championless (NX/SI),Gwen/Hecarim (IO/SI),1,1,1
Championless (SI),Ekko/Kalista (PZ/SI),1,1,1
Caitlyn/Darius (NX/PZ),Gwen/Kalista (SI),1,1,1
Gwen/Kalista (SI),Bard/Janna (RU/PZ),1,1,1
Seraphine (MT/PZ),Gwen/Kalista (SI),1,1,1
Yasuo (IO/PZ),Annie/Kennen (IO/NX),1,1,1
Yasuo (IO/MT),Annie/Jhin/Swain (RU/NX),1,1,1
Ashe/LeBlanc (FR/NX),Annie/Jhin/Swain (RU/NX),1,1,1
Irelia/Miss Fortune (BW/IO),Braum/The Poro King (FR/RU),1,1,1
Aphelios/Zoe (MT),Ashe/Lissandra (FR/SH),1,1,1
Lulu/Nami (BC/BW),Janna/Nilah (BW/PZ),1,1,1
Braum (FR/NX),Fizz/Nami (BC/BW),1,1,1
Draven/Jinx (NX/PZ),Nami/Zoe (BW/MT),1,1,1
Championless (DE/MT),Aphelios/Norra (BC/MT),1,1,1
Nidalee (BC/SH),Ahri/Kennen (BC/IO),1,1,1
Ashe/Garen (DE/FR),Ahri/Kennen (BC/IO),1,1,1
Swain (FR/NX),Evelynn/Kai'Sa (RU/SH),1,1,1
Aphelios (MT/PZ),Ashe/LeBlanc (FR/NX),1,1,1
Kennen/Nidalee (BC/SH),Annie/Jhin (RU/NX),1,1,1
Kennen/Nidalee (BC/SH),Gwen/Vayne (DE/SI),1,1,1
LeBlanc/Swain (NX/SI),Gwen/LeBlanc (NX/SI),1,1,1
Gwen/LeBlanc (NX/SI),LeBlanc (FR/NX),1,1,1
Darius (FR/NX),Renekton/Shen (IO/SH),1,1,1
Darius (FR/NX),Fizz/Nami (BC/BW),1,1,1
Darius (FR/NX),Nami/Swain (BW/NX),1,1,1
Championless (PZ/SI),Garen/Shen (DE/IO),1,1,1
Garen/Shen (DE/IO),Udyr (FR/PZ),1,1,1
Kalista (NX/SI),Garen/Shen (DE/IO),1,1,1
Garen/Shen (DE/IO),LeBlanc/Swain (FR/NX),1,1,1
Darius/Gnar (FR/NX),Kennen/Yasuo (IO/MT),1,1,1
Darius/Gnar (FR/NX),Samira/Sejuani (FR/NX),1,1,1
Samira/Sejuani (FR/NX),Akshan/Pantheon (MT/SH),1,1,1
Braum/The Poro King (FR/RU),Gnar/Pantheon (FR/MT),1,1,1
Diana/Nami (BW/MT),Braum/The Poro King (FR/RU),1,1,1
Akshan/Gwen (SI/SH),Braum/The Poro King (FR/RU),1,1,1
Braum/The Poro King (FR/RU),Championless (MT/PZ),1,1,1
Akshan/Gwen (SI/SH),Akshan/Aphelios (MT/SH),1,1,1
Akshan (SI/SH),Seraphine/Twisted Fate (BW/PZ),1,1,1
Caitlyn/Teemo (BC/PZ),Seraphine/Twisted Fate (BW/PZ),1,1,1
Annie/Jhin (RU/NX),Sejuani/Zoe (FR/MT),1,1,1
Kalista/Lucian (DE/SI),Sejuani/Zoe (FR/MT),1,1,1
Sejuani/Zoe (FR/MT),Garen/Lux: Illuminated (DE),1,1,1
Darius/Gwen (NX/SI),Championless (IO/PZ),1,1,1
Gwen (NX/SI),Lissandra (FR/SH),1,1,1
Kalista (SI),Lissandra/Sejuani (FR/SH),1,1,1
Fizz/Nami (BW/FR),Lissandra/Sejuani (FR),1,1,1
Akshan/Pantheon (MT/SH),Ezreal/Nami (BW/PZ),1,1,1
Ezreal/Nami (BW/PZ),Akshan/Fiora (DE/SH),1,1,1
Ezreal/Nami (BW/PZ),Championless (SI/SH),1,1,1
Ezreal/Nami (BW/PZ),Championless (PZ/SI),1,1,1
Ezreal/Nami (BW/PZ),Elise/Kalista/Lucian (DE/SI),1,1,1
Gnar/Neeko (FR/RU),Ezreal/Nami (BW/PZ),1,1,1
Ezreal/Nami (BW/PZ),Lulu/Shen (IO/MT),1,1,1
Katarina (BW/NX),Ezreal/Nami (BW/PZ),1,1,1
Ezreal/Nami (BW/PZ),Annie/Katarina/Samira (BW/NX),1,1,1
Nidalee/Renekton (FR/SH),Annie/Jhin (RU/NX),1,1,1
Garen/Lux: Illuminated (DE),Swain/Udyr (FR/NX),1,1,1
Garen/Lux: Illuminated (DE),Yasuo (IO/MT),1,1,1
Darius (FR/NX),Janna (MT/PZ),1,1,1
Championless (SI),Evelynn/Kalista (RU/SI),1,1,1
Gnar/Nidalee (BC/SH),Lulu/Shen (IO/MT),1,1,1
Akshan/Udyr (FR/SH),Championless (DE/PZ),1,1,1
Championless (DE/PZ),Leona/Master Yi (IO/MT),1,1,1
Leona (MT/SH),Gnar/Nidalee (BC/SH),1,1,1
Ekko/Janna (PZ/SH),Gnar/Nidalee (BC/SH),1,1,1
Gnar/Nidalee (BC/SH),Championless (DE/PZ),1,1,1
Championless (FR/SI),Braum/Norra (BC/FR),1,1,1
Miss Fortune/Sejuani (BW/FR),Leona/Zoe (DE/MT),1,1,1
Leona/Zoe (DE/MT),Gwen/Irelia (IO/SI),1,1,1
Leona/Zoe (DE/MT),Darius/Elise (NX/SI),1,1,1
Leona/Zoe (DE/MT),Nidalee (BC/SH),1,1,1
Garen/Udyr (DE/FR),Leona/Zoe (DE/MT),1,1,1
Neeko/Nidalee (RU/SH),Leona/Zoe (DE/MT),1,1,1
Katarina/Leona (MT/NX),Leona/Zoe (DE/MT),1,1,1
Caitlyn/Teemo (BC/PZ),Leona/Zoe (DE/MT),1,1,1
Udyr/Vayne (DE/FR),Darius/Gwen (NX/SI),1,1,1
Fizz/Zoe (BC/MT),Darius/Gwen (NX/SI),1,1,1
Katarina/Yasuo (IO/NX),Gwen/Zed (IO/SI),1,1,1
Ashe/Yasuo (FR/IO),Katarina/Yasuo (IO/NX),1,1,1
Gnar/Nidalee (BC/SH),Katarina/Yasuo (IO/NX),1,1,1
Ashe/Darius (FR/NX),Akshan/Nidalee (BC/SH),1,1,1
Samira (BW/NX),Akshan/Nidalee (BC/SH),1,1,1
Braum/Udyr (FR/NX),Annie/Jhin (RU/NX),1,1,1
Annie/Swain (NX/SI),Miss Fortune/Quinn (BW/DE),1,1,1
Braum/Master Yi (FR/IO),Sejuani/Swain (FR/NX),1,1,1
Swain (FR/NX),Sejuani/Swain (FR/NX),1,1,1
Caitlyn/Swain/Teemo (NX/PZ),Championless (BW/SI),1,1,1
Darius (FR/NX),Championless (BW/SI),1,1,1
LeBlanc/Nidalee (NX/SH),Championless (BW/SI),1,1,1
Ezreal/Twisted Fate (BW/PZ),Championless (BW/SI),1,1,1
Darius/Gwen (NX/SI),Championless (BW/SI),1,1,1
Miss Fortune/Vayne (BW/DE),Championless (BW/SI),1,1,1
Miss Fortune/Quinn (BW/DE),Championless (BW/SI),1,1,1
Ashe/Ezreal (FR/PZ),Championless (BW/SI),1,1,1
Shen/Sivir (IO/SH),Janna/Twisted Fate (BW/PZ),1,1,1
Darius/Gnar (FR/NX),Braum/Master Yi (FR/IO),1,1,1
Ashe (FR/PZ),Braum/Sejuani (FR/NX),1,1,1
Ashe (FR/PZ),Ashe/Yasuo (FR/IO),1,1,1
Sejuani/Swain (FR/NX),Janna/Twisted Fate (BW/PZ),1,1,1
Caitlyn (IO/PZ),Championless (SI),1,1,1
Ashe/Ezreal (FR/PZ),Ekko/Kalista (PZ/SI),1,1,1
Ashe/Ezreal (FR/PZ),Ahri/Yasuo (IO/NX),1,1,1
Kalista (NX/SI),Ashe/Ezreal (FR/PZ),1,1,1
Ashe/Ezreal (FR/PZ),Bard/Janna (RU/PZ),1,1,1
Ashe/Ezreal (FR/PZ),Braum/Zed (FR/IO),1,1,1
Braum/Nami (BW/FR),Ashe/Ezreal (FR/PZ),1,1,1
Ashe/Ezreal (FR/PZ),Championless (SI/SH),1,1,1
Garen/Udyr (DE/FR),Caitlyn/Teemo (FR/PZ),1,1,1
Gwen/Zed (IO/SI),Master Yi/Nami (BW/IO),1,1,1
Ashe/LeBlanc (FR/NX),Zoe (BW/MT),1,1,1
Sejuani/Swain (FR/NX),Akshan/Ekko (PZ/SH),1,1,1
Sejuani/Swain (FR/NX),Gwen/Vayne (DE/SI),1,1,1
Championless (IO/SI),Master Yi/Nami (BW/IO),1,1,1
Kalista (SI),Aphelios/Zoe (BC/MT),1,1,1
Janna/Twisted Fate (BW/PZ),Ahri/Kennen (BC/IO),1,1,1
Championless (SI),Ahri/Kennen (BC/IO),1,1,1
Braum (FR/MT),Ezreal/Kennen (IO/PZ),1,1,1
Garen/Udyr (DE/FR),Ezreal/Seraphine (BW/PZ),1,1,1
Ezreal/Seraphine (BW/PZ),Neeko (RU/SH),1,1,1
Ashe/Garen (DE/FR),Quinn/Vayne (BW/DE),1,1,1
Leona/Zoe (DE/MT),Fizz/Nami (BC/BW),1,1,1
Fizz/Nami (BC/BW),Championless (FR/IO),1,1,1
Caitlyn/Teemo (BC/PZ),Zoe (MT),1,1,1
Braum/Udyr (FR/NX),Draven/Jinx (NX/PZ),1,1,1
Ezreal/Nami (BW/PZ),Caitlyn/Teemo (BC/PZ),1,1,1
Nocturne (SI),Caitlyn/Teemo (BC/PZ),1,1,1
Ashe/Gnar (FR),Miss Fortune/Vayne (BW/DE),1,1,1
Darius/Gnar (FR/NX),Katarina/Quinn (DE/NX),1,1,1
Katarina/Quinn (DE/NX),Kennen/Yasuo (IO/MT),1,1,1
Katarina/Quinn (DE/NX),Hecarim/Lucian (DE/SI),1,1,1
Annie/Jhin (RU/NX),Draven/Jinx (NX/PZ),1,1,1
Braum/Janna (FR/PZ),Janna/Kalista (PZ/SI),1,1,1
Braum/Janna (FR/PZ),Darius (NX/SI),1,1,1
Braum/Janna (FR/PZ),Leona/Yasuo (IO/MT),1,1,1
Twisted Fate (BW/PZ),Leona/Yasuo (IO/MT),1,1,1
Ezreal/Nilah (BW/PZ),Annie/Jhin/Swain (RU/NX),1,1,1
Nidalee (BC/SH),Bard/Norra (BC/RU),1,1,1
Nidalee (BC/SH),Garen/Irelia (DE/IO),1,1,1
Nidalee (BC/SH),Ezreal/Samira (NX/PZ),1,1,1
Nidalee (BC/SH),Aphelios/Zoe (MT),1,1,1
Akshan/Braum (FR/SH),Janna (PZ/SI),1,1,1
Yasuo (IO/NX),Swain/Udyr (FR/NX),1,1,1
Ezreal/Teemo/Udyr (FR/PZ),Championless (MT/SI),1,1,1
Championless (MT/SI),Kai'Sa/Zed (IO/SH),1,1,1
Leona/Yasuo (IO/MT),LeBlanc (FR/NX),1,1,1
Gnar/Nidalee (BC/SH),Gwen/Kalista (IO/SI),1,1,1
Gnar/Nidalee (BC/SH),Leona/Zoe (DE/MT),1,1,1
Gnar/Nidalee (BC/SH),Shen/Sivir (IO/SH),1,1,1
Championless (BC/IO),Garen (DE/FR),1,1,1
Fiora/Renekton (DE/SH),Garen (DE/FR),1,1,1
Yasuo (IO/NX),Garen (DE/FR),1,1,1
Garen (DE/FR),Braum/LeBlanc (FR/NX),1,1,1
Garen (DE/FR),Norra/Zoe (BC/MT),1,1,1
Akshan/Caitlyn (PZ/SH),Garen (DE/FR),1,1,1
Gwen/LeBlanc (NX/SI),Garen (DE/FR),1,1,1
Garen (DE/FR),Garen/Miss Fortune/Quinn (BW/DE),1,1,1
Garen (DE/FR),LeBlanc/Sivir (NX/SH),1,1,1
Ashe/LeBlanc (FR/NX),Akshan/Kai'Sa (SH),1,1,1
Championless (SI),Renekton/Shen (IO/SH),1,1,1
Nidalee (BC/SH),Renekton/Shen (IO/SH),1,1,1
Annie/Yasuo (IO/NX),Braum (FR/MT),1,1,1
Braum (FR/MT),Braum/Swain (FR/NX),1,1,1
Akshan/Renekton (SH),Janna (PZ/SI),1,1,1
Bard/Norra (BC/RU),Championless (MT/SI),1,1,1
Championless (MT/SI),Braum (FR/IO),1,1,1
Nami/Udyr (BW/FR),Braum (FR/IO),1,1,1
Braum/Sejuani (FR/NX),Caitlyn (BC/PZ),1,1,1
Leona (MT/SH),Caitlyn/Udyr (FR/PZ),1,1,1
Caitlyn/Vayne (DE/PZ),Braum/Gwen (FR/SI),1,1,1
Caitlyn/Darius (NX/PZ),Gnar/Nidalee (BC/SH),1,1,1
Gnar/Nidalee (BC/SH),Ezreal/LeBlanc/Swain (NX/PZ),1,1,1
Gnar/Nidalee (BC/SH),Gwen/Katarina (NX/SI),1,1,1
Gnar/Nidalee (BC/SH),Fiora (DE/IO),1,1,1
LeBlanc/Sivir (NX/SH),Kai'Sa/Sivir (DE/SH),1,1,1
Kai'Sa/Sivir (DE/SH),Akshan/Master Yi (IO/SH),1,1,1
Kai'Sa/Sivir (DE/SH),Championless (FR/PZ),1,1,1
Gwen/Udyr (FR/SI),Sivir (BW/SH),1,1,1
Caitlyn (FR/PZ),Nilah/Twisted Fate (BW/PZ),1,1,1
Caitlyn (FR/PZ),Pantheon/Zoe (FR/MT),1,1,1
Championless (SI),Caitlyn (FR/PZ),1,1,1
Nilah/Twisted Fate (BW/PZ),Leona (MT),1,1,1
Caitlyn (FR/PZ),Fiora/Shen (DE/IO),1,1,1
Garen (DE/SI),Caitlyn (FR/PZ),1,1,1
Akshan/Udyr (FR/SH),Caitlyn (FR/PZ),1,1,1
Darius/Gnar (FR/NX),Miss Fortune/Sejuani (BW/FR),1,1,1
Gnar/Nidalee (BC/SH),Janna (IO/PZ),1,1,1
Janna/Twisted Fate (BW/PZ),Aphelios/Diana (MT/NX),1,1,1
Bard/Janna (RU/PZ),Janna/Twisted Fate (BW/PZ),1,1,1
Lux: Illuminated/Udyr (DE/FR),Nami/Nilah (BW/PZ),1,1,1
Lux: Illuminated/Udyr (DE/FR),Lulu/Pantheon (IO/MT),1,1,1
Ashe/Garen (DE/FR),Lux: Illuminated/Udyr (DE/FR),1,1,1
Lux: Illuminated/Udyr (DE/FR),Championless (FR/PZ),1,1,1
Ezreal/Nilah (BW/PZ),Lux: Illuminated/Udyr (DE/FR),1,1,1
Braum (FR/NX),Lux: Illuminated/Udyr (DE/FR),1,1,1
Caitlyn (BC/PZ),Pantheon (MT/PZ),1,1,1
Sejuani/Swain (FR/NX),Pantheon (MT/PZ),1,1,1
Championless (SI),Pantheon (MT/PZ),1,1,1
Miss Fortune/Twisted Fate (BW/NX),Ashe/LeBlanc (FR/NX),1,1,1
Darius (FR/NX),Miss Fortune/Twisted Fate (BW/NX),1,1,1
Miss Fortune/Twisted Fate (BW/NX),Gnar/Janna (FR/PZ),1,1,1
Caitlyn/Swain (NX/PZ),Darius (FR/NX),1,1,1
Ekko/Gwen (PZ/SI),Caitlyn (FR/PZ),1,1,1
Twisted Fate (BW/PZ),Shen/Sivir (IO/SH),1,1,1
Shen/Sivir (IO/SH),Gwen/Zed (IO/SI),1,1,1
Gwen/Katarina (NX/SI),Shen/Sivir (IO/SH),1,1,1
Katarina/Yasuo (IO/NX),Leona (MT/SH),1,1,1
Katarina/Yasuo (IO/NX),Ashe/Ezreal (FR/PZ),1,1,1
Master Yi/Samira (IO/NX),Braum (FR/MT),1,1,1
Championless (DE/FR),Shen/Sivir (IO/SH),1,1,1
Championless (IO/SI),Braum (FR/MT),1,1,1
Nidalee (BC/SH),Gwen/Vayne (DE/SI),1,1,1
Yasuo/Zed (IO/PZ),Darius/Gnar (FR/NX),1,1,1
Yasuo/Zed (IO/PZ),Akshan/Renekton (SH),1,1,1
Shen/Sivir (IO/SH),Katarina/Zed (IO/NX),1,1,1
Braum/Zoe (FR/MT),Katarina/Zed (IO/NX),1,1,1
Katarina/Zed (IO/NX),Darius/Gwen (NX/SI),1,1,1
Shen/Sivir (IO/SH),Braum/Master Yi (FR/IO),1,1,1
Lulu/Shen (DE/IO),Ashe (FR),1,1,1
Lulu/Shen (DE/IO),Bard/The Poro King (RU/RU),1,1,1
Lulu/Shen (DE/IO),Janna/Seraphine (IO/PZ),1,1,1
Lulu/Shen (DE/IO),Braum/LeBlanc (FR/NX),1,1,1
Lulu/Shen (DE/IO),Leona/Zoe (DE/MT),1,1,1
Lulu/Shen (DE/IO),Braum (FR/NX),1,1,1
Lulu/Shen (DE/IO),Hecarim/Zed (IO/SI),1,1,1
Braum/Garen (DE/FR),Lulu/Shen (DE/IO),1,1,1
Irelia/Zed (IO/SH),Championless (MT/SI),1,1,1
Braum (FR/IO),Janna (PZ/SI),1,1,1
Aphelios/Zoe (IO/MT),Bard/The Poro King (RU/RU),1,1,1
Braum/The Poro King (FR/RU),Bard (RU/FR),1,1,1
Braum (DE/FR),Janna (IO/PZ),1,1,1
Akshan/Master Yi (IO/SH),Ezreal/Yasuo (IO/PZ),1,1,1
Master Yi/Zoe (IO/MT),Ezreal/Janna (IO/PZ),1,1,1
Ezreal/Nami (BW/PZ),Diana/Nocturne (MT/SI),1,1,1
Akshan/Renekton (SH),Ezreal/Janna (IO/PZ),1,1,1
Ezreal/Janna (IO/PZ),Lux: Illuminated (DE/IO),1,1,1
Ezreal/Janna (IO/PZ),Caitlyn/Garen/Jinx (DE/PZ),1,1,1
Kalista (SI),Akshan/Braum (FR/SH),1,1,1
Championless (PZ/SI),Caitlyn/Janna/Teemo (FR/PZ),1,1,1
Akshan (SI/SH),Championless (PZ/SI),1,1,1
Braum (FR/MT),Akshan/Sivir (MT/SH),1,1,1
Ekko/Renekton (PZ/SH),Akshan/Sivir (MT/SH),1,1,1
Championless (SI),Bard/Janna (RU/PZ),1,1,1
Gwen/Zed (IO/SI),Akshan/Renekton (BW/SH),1,1,1
Hecarim/Zed (IO/SI),Caitlyn (BC/PZ),1,1,1
Swain (FR/NX),Elise/Lucian (DE/SI),1,1,1
Annie/Jhin (RU/NX),Championless (FR/PZ),1,1,1
Annie/Jhin (RU/NX),Fizz/Nami (BW/FR),1,1,1
Akshan/Pantheon (MT/SH),Ashe/Braum/LeBlanc (FR/NX),1,1,1
Akshan/Pantheon (MT/SH),Darius (FR/NX),1,1,1
Lulu/Shen (IO),Kennen/Master Yi (BC/IO),1,1,1
Gwen/Kalista (NX/SI),Gnar/Nidalee (BC/SH),1,1,1
Aphelios/Gnar (FR/MT),Katarina/Yasuo (IO/NX),1,1,1
Janna (PZ/SI),Katarina/Yasuo (IO/NX),1,1,1
Fiora/Shen (DE/IO),Gwen/Zed (IO/SI),1,1,1
Ashe (FR/PZ),Fizz/Nami (BC/BW),1,1,1
Nami/Nilah (BW/PZ),Gwen/Irelia (IO/SI),1,1,1
Ekko/Janna (IO/PZ),Ashe/LeBlanc (FR/NX),1,1,1
Ezreal/Seraphine (MT/PZ),Elise/Lucian (DE/SI),1,1,1
LeBlanc (FR/NX),Irelia/Miss Fortune (BW/IO),1,1,1
Irelia/Miss Fortune (BW/IO),Sejuani/Teemo (FR/PZ),1,1,1
Irelia/Miss Fortune (BW/IO),Akshan/Caitlyn (PZ/SH),1,1,1
Gwen/Hecarim (IO/SI),Gwen/Katarina (NX/SI),1,1,1
Garen (DE/SH),Gwen/Katarina (NX/SI),1,1,1
Garen/Irelia (DE/IO),Gwen/Katarina (NX/SI),1,1,1
LeBlanc/Sivir (NX/SH),Katarina/Sejuani (FR/NX),1,1,1
Kalista/Yasuo (IO/SI),Darius (FR/NX),1,1,1
Ashe (FR/PZ),Gnar (BC/PZ),1,1,1
Ashe (FR/PZ),Ekko/Kalista (PZ/SI),1,1,1
Caitlyn (BC/PZ),Ashe (FR/PZ),1,1,1
Gwen/Zed (IO/SI),Ashe (FR),1,1,1
Shen/Sivir (IO/SH),Udyr (FR/PZ),1,1,1
Shen/Sivir (IO/SH),Nami/Zed (BW/IO),1,1,1
Shen/Sivir (IO/SH),Ekko/Katarina/Samira (NX/PZ),1,1,1
Garen/Udyr (DE/FR),Ezreal/Seraphine (MT/PZ),1,1,1
Garen/Udyr (DE/FR),Aphelios/Yasuo (IO/MT),1,1,1
Gwen/Kalista (IO/SI),Garen/Udyr (DE/FR),1,1,1
Garen/Udyr (DE/FR),Braum/Swain (FR/NX),1,1,1
Garen/Udyr (DE/FR),Garen (DE/SI),1,1,1
Ezreal/Swain (NX/PZ),Garen/Udyr (DE/FR),1,1,1
Janna/Zoe (MT/PZ),Darius/Gnar (FR/NX),1,1,1
Caitlyn/Darius (NX/PZ),Braum/Janna (FR/PZ),1,1,1
Braum (FR/NX),Ashe/Ezreal (FR/PZ),1,1,1
Gwen (NX/SI),Braum/Janna (FR/PZ),1,1,1
Braum/Janna (FR/PZ),Braum (FR/NX),1,1,1
Akshan/Samira (NX/SH),Braum (FR/NX),1,1,1
Braum (FR/NX),Nami/Nilah (BW/PZ),1,1,1
Ashe/LeBlanc (FR/NX),Aphelios/Nami (BW/MT),1,1,1
Championless (BW/FR),Caitlyn/Swain (NX/PZ),1,1,1
Bard/Udyr (RU/FR),Akshan/Vayne (DE/SH),1,1,1
Darius (FR/NX),Irelia/Zed (IO/SH),1,1,1
Irelia/Zed (IO/SH),Championless (FR/SI),1,1,1
Irelia/Zed (IO/SH),Swain (FR/NX),1,1,1
Irelia/Zed (IO/SH),Championless (SI),1,1,1
Irelia/Zed (IO/SH),Caitlyn/Swain (NX/PZ),1,1,1
Kalista (MT/SI),Fiora/Shen (DE/IO),1,1,1
Elise/Neeko (RU/SI),Fiora/Shen (DE/IO),1,1,1
Ezreal/Teemo (BC/PZ),Aphelios/Master Yi (IO/MT),1,1,1
Ezreal/Teemo (BC/PZ),Akshan/Udyr (FR/SH),1,1,1
Garen/Irelia (DE/IO),Norra/Teemo (BC/PZ),1,1,1
Gwen/Katarina (NX/SI),Kalista (SI),1,1,1
Norra/Teemo (BC/PZ),Ashe (FR/PZ),1,1,1
Renekton (NX/SH),Swain/Udyr (FR/NX),1,1,1
Swain/Udyr (FR/NX),Ezreal/Seraphine (BC/PZ),1,1,1
Swain/Udyr (FR/NX),Gnar/Sejuani (BC/FR),1,1,1
Swain/Udyr (FR/NX),Irelia/Master Yi (BC/IO),1,1,1
Swain/Udyr (FR/NX),Janna/Norra (BC/PZ),1,1,1
Kalista (SI),Braum/Janna (FR/PZ),1,1,1
Braum/Zoe (FR/MT),Braum/Norra (BC/FR),1,1,1
Braum/Zoe (FR/MT),Ezreal/LeBlanc/Swain (NX/PZ),1,1,1
Ekko/Kalista (PZ/SI),Braum/Zoe (FR/MT),1,1,1
Leona/Yasuo (IO/MT),Diana/Nocturne (MT/SI),1,1,1
Leona/Yasuo (IO/MT),The Poro King (MT/RU),1,1,1
Aphelios/Norra (BC/MT),Norra/Zoe (BC/MT),1,1,1
Aphelios/Norra (BC/MT),Ashe/Janna/Udyr (FR/PZ),1,1,1
Aphelios/Norra (BC/MT),Yasuo (IO/MT),1,1,1
Janna/Nilah (BW/PZ),Caitlyn/Swain/Teemo (NX/PZ),1,1,1
Caitlyn/Darius (NX/PZ),Janna/Nami (BW/PZ),1,1,1
Darius (FR/NX),Bard/Caitlyn/Teemo (RU/PZ),1,1,1
Gnar/Nidalee (BC/SH),Bard/Caitlyn/Teemo (RU/PZ),1,1,1
Garen/Udyr (DE/FR),Bard/Caitlyn/Teemo (RU/PZ),1,1,1
Bard/Caitlyn/Teemo (RU/PZ),Caitlyn/Darius (NX/PZ),1,1,1
Bard/Caitlyn/Teemo (RU/PZ),Neeko (FR/RU),1,1,1
Bard/Caitlyn/Teemo (RU/PZ),Aphelios/Diana (MT/NX),1,1,1
Fizz/Nami (BW/FR),Bard/Caitlyn/Teemo (RU/PZ),1,1,1
Gnar/Nidalee (BC/SH),Ekko/Kalista (PZ/SI),1,1,1
Leona/Yasuo (IO/MT),Udyr (FR/MT),1,1,1
Championless (IO/SI),Garen (DE/SI),1,1,1
Championless (IO/SI),Sejuani/Swain (FR/NX),1,1,1
Championless (IO/SI),Akshan/Ekko (PZ/SH),1,1,1
Kalista/Nocturne/Zoe (MT/SI),Gwen/Vayne (DE/SI),1,1,1
Gnar/Pantheon (FR/MT),Bard/Norra (BC/RU),1,1,1
Gnar/Pantheon (FR/MT),Ezreal/Seraphine (PZ/SI),1,1,1
Akshan/Udyr (FR/SH),Gnar/Pantheon (FR/MT),1,1,1
Gnar/Pantheon (FR/MT),Janna (FR/PZ),1,1,1
Teemo/Zoe (BC/MT),Annie/Katarina (NX/PZ),1,1,1
Master Yi/Seraphine (IO/PZ),Kalista/Lucian (DE/SI),1,1,1
Gwen/Kalista (NX/SI),Master Yi/Seraphine (IO/PZ),1,1,1
Caitlyn (DE/PZ),Caitlyn/Seraphine (BC/PZ),1,1,1
Kalista (MT/SI),Caitlyn (DE/PZ),1,1,1
Braum (DE/FR),Caitlyn/Norra/Teemo (BC/PZ),1,1,1
Swain (FR/NX),Caitlyn/Norra/Teemo (BC/PZ),1,1,1
Caitlyn/Norra/Teemo (BC/PZ),Janna/Norra (BC/PZ),1,1,1
Caitlyn/Norra/Teemo (BC/PZ),Janna/Jhin (RU/PZ),1,1,1
Caitlyn/Norra/Teemo (BC/PZ),Caitlyn/Seraphine (BC/PZ),1,1,1
Braum/Sejuani (FR/SI),Caitlyn/Norra/Teemo (BC/PZ),1,1,1
Caitlyn/Norra/Teemo (BC/PZ),Ekko/Master Yi (IO/PZ),1,1,1
Master Yi (FR/IO),Caitlyn/Norra/Teemo (BC/PZ),1,1,1
Norra/Teemo (BC/SI),Fizz/Samira (BW/NX),1,1,1
Gwen/Kalista (IO/SI),Janna/Master Yi (IO/PZ),1,1,1
Annie/Elise (NX/SI),Gwen/Hecarim (IO/SI),1,1,1
Gwen/Hecarim (IO/SI),Braum (FR/NX),1,1,1
Ahri/Kennen (BC/IO),Lux: Illuminated/Shen (DE/IO),1,1,1
Aphelios (FR/MT),Lux: Illuminated/Shen (DE/IO),1,1,1
Darius (FR/NX),Katarina/Samira (NX/PZ),1,1,1
Katarina/Samira (NX/PZ),Gwen/Zed (IO/SI),1,1,1
Darius (FR/NX),Samira/Swain (NX/PZ),1,1,1
Caitlyn/Swain/Teemo (NX/PZ),Samira (NX/PZ),1,1,1
Jinx/Samira (NX/PZ),Caitlyn (IO/PZ),1,1,1
Darius/Gnar (FR/NX),Championless (BW/PZ),1,1,1
Gwen/Katarina (NX/SI),Udyr (FR/MT),1,1,1
Ekko/Nilah (BW/PZ),Darius/Gnar (FR/NX),1,1,1
Miss Fortune/Vayne (BW/DE),Darius/Gnar (FR/NX),1,1,1
Caitlyn/Janna (FR/PZ),Gwen/Kalista (NX/SI),1,1,1
Gwen/Kalista (NX/SI),Lucian (BW/DE),1,1,1
Gwen/Kalista (NX/SI),Janna/Seraphine (PZ/SI),1,1,1
Gwen/Kalista (NX/SI),Bard/Janna (RU/PZ),1,1,1
Aphelios/Udyr (FR/MT),Miss Fortune/Quinn (BW/DE),1,1,1
Lulu/Shen (DE/IO),Miss Fortune/Quinn (BW/DE),1,1,1
Caitlyn/Teemo (BC/PZ),Fiora (DE/IO),1,1,1
Neeko (BC/RU),Fiora (DE/IO),1,1,1
Leona/Yasuo (IO/MT),Fiora (DE/IO),1,1,1
Garen/Miss Fortune/Quinn (BW/DE),Fizz/Samira (BW/NX),1,1,1
LeBlanc (FR/NX),Fiora (DE/IO),1,1,1
Neeko (FR/RU),Kalista (SI),1,1,1
Katarina/Yasuo (IO/NX),Akshan/Renekton (BW/SH),1,1,1
Braum/Janna (FR/PZ),Championless (BW/SI),1,1,1
Akshan/Renekton (SH),Garen (DE/SI),1,1,1
Garen (DE/SI),Braum/Janna (FR/PZ),1,1,1
Gwen/Katarina (NX/SI),Ekko/Udyr (FR/PZ),1,1,1
Ashe/Garen (DE/FR),Gwen/Katarina (NX/SI),1,1,1
Miss Fortune/Quinn/Vayne (BW/DE),Gwen/Katarina (NX/SI),1,1,1
Darius (FR/NX),Gwen/Zed (IO/SI),1,1,1
Braum (FR/NX),Gwen/Zed (IO/SI),1,1,1
Gwen/Zed (IO/SI),Annie/Jhin (RU/NX),1,1,1
Garen (DE/SI),Gwen/Zed (IO/SI),1,1,1
Fizz/Samira (BW/NX),Gwen/Master Yi (IO/SI),1,1,1
Lux: Illuminated/Pantheon (DE/MT),Championless (PZ/SI),1,1,1
Championless (PZ/SI),Ashe/Garen (DE/FR),1,1,1
Janna/Nilah (BW/PZ),Gwen (NX/SI),1,1,1
Janna/Nilah (BW/PZ),Aphelios/Yasuo (IO/MT),1,1,1
Ashe/LeBlanc (FR/NX),Gnar (BC/PZ),1,1,1
Gnar (BC/PZ),Kalista/Yasuo (IO/SI),1,1,1
Aphelios/Seraphine (MT/PZ),Hecarim/Kalista (SI),1,1,1
Ashe/Darius (FR/NX),Aphelios/Zoe (MT),1,1,1
Darius/Gwen (NX/SI),Aphelios/Zoe (MT),1,1,1
Aphelios/Zoe (MT),Janna/Norra (BC/PZ),1,1,1
Lux: Illuminated/Pantheon/Zoe (DE/MT),Aphelios/Zoe (MT),1,1,1
Darius/Gnar (FR/NX),Aphelios/Zoe (MT),1,1,1
Aphelios/Zoe (MT),Darius (FR/NX),1,1,1
Elise/Kalista/Nocturne (NX/SI),Aphelios/Zoe (MT),1,1,1
Ahri/Kennen (BC/IO),Aphelios/Zoe (MT),1,1,1
Braum/Zoe (FR/MT),Aphelios/Zoe (MT),1,1,1
Aphelios/Zoe (MT),Kennen/Tristana (BC/IO),1,1,1
Aphelios/Zoe (MT),Akshan/Evelynn/Kai'Sa (RU/SH),1,1,1
Darius/Gnar (FR/NX),Championless (FR/PZ),1,1,1
Garen/Quinn (DE),Draven/Jinx (NX/PZ),1,1,1
Akshan/Vayne (DE/SH),Elise/Nocturne (NX/SI),1,1,1
Fizz/Nami (BC/BW),Ahri/Kennen (BC/IO),1,1,1
Ashe/Garen (DE/FR),Fizz/Nami (BC/BW),1,1,1
Fizz/Nami (BC/BW),Lulu/Shen (IO/MT),1,1,1
Gnar/Katarina (FR/NX),Ashe/LeBlanc (FR/NX),1,1,1
Lux: Illuminated/Shen (DE/IO),Kai'Sa/Kalista (SI/SH),1,1,1
Udyr/Vayne (DE/FR),Championless (PZ/SI),1,1,1
Garen/Lux: Illuminated (DE/IO),Udyr/Vayne (DE/FR),1,1,1
Kalista (SI),Garen/Irelia (DE/IO),1,1,1
Kalista (SI),Ezreal/Irelia (IO/PZ),1,1,1
Janna (FR/PZ),Ezreal/Twisted Fate (BW/PZ),1,1,1
Samira (BW/NX),Janna (FR/PZ),1,1,1
Samira (BW/NX),Bard/Janna (RU/PZ),1,1,1
Leona/Yasuo (IO/MT),Gwen/Katarina (NX/SI),1,1,1
Ashe/Yasuo (FR/IO),Bard/Janna (RU/PZ),1,1,1
Bard/Janna (RU/PZ),Gwen/Quinn (DE/SI),1,1,1
Fiora/Shen (DE/IO),Bard/Janna (RU/PZ),1,1,1
Gwen/Vayne (DE/SI),Bard/Janna (RU/PZ),1,1,1
Ashe/LeBlanc (FR/NX),Bard/Janna (RU/PZ),1,1,1
Sejuani/Swain (FR/NX),Bard/Janna (RU/PZ),1,1,1
Bard/Janna (RU/PZ),Annie/Jhin (RU/NX),1,1,1
Braum/Nami (BW/FR),Braum/Swain (FR/NX),1,1,1
Leona/Yasuo (IO/MT),Braum/Swain (FR/NX),1,1,1
LeBlanc/Sivir (NX/SH),Fiora (DE/SH),1,1,1
LeBlanc/Sivir (NX/SH),Akshan/Renekton (BW/SH),1,1,1
Braum/Master Yi (FR/IO),Kalista (SI),1,1,1
Braum/Zoe (FR/MT),Kalista/Lulu (IO/SI),1,1,1
Braum/Zoe (FR/MT),Fizz/Zoe (BC/MT),1,1,1
Braum/Zoe (FR/MT),Braum/Kalista (FR/SI),1,1,1
Championless (BC/IO),Braum/Zoe (FR/MT),1,1,1
Renekton/Sivir (MT/SH),Zoe (MT/PZ),1,1,1
Zoe (MT/PZ),Championless (PZ/SI),1,1,1
Braum/Zed (FR/IO),Akshan/Garen (DE/SH),1,1,1
Janna/Seraphine (PZ/SI),Zoe (IO/MT),1,1,1
Bard/Caitlyn/Teemo (RU/PZ),Zoe (MT),1,1,1
Zoe (MT),Championless (SI),1,1,1
Bard/Janna (RU/PZ),Braum/Zed (FR/IO),1,1,1
Diana/Nocturne (MT/SI),Ashe/Garen (DE/FR),1,1,1
Udyr (FR/PZ),Elise/Kalista/Nocturne (NX/SI),1,1,1
Kai'Sa/Zed (IO/SH),Udyr/Zoe (FR/MT),1,1,1
Elise/Kalista/Nocturne (NX/SI),Braum/Sejuani/Teemo (BC/FR),1,1,1
Championless (BC/SI),The Poro King (MT/RU),1,1,1
Garen/Vayne/Zoe (DE/MT),The Poro King (MT/RU),1,1,1
Aphelios/Udyr (FR/MT),Fiora/Shen (DE/IO),1,1,1
Caitlyn/Swain (NX/PZ),The Poro King (MT/RU),1,1,1
Fiora/Shen (DE/IO),The Poro King (MT/RU),1,1,1
LeBlanc/Sivir (NX/SH),The Poro King (MT/RU),1,1,1
The Poro King (RU/SH),Gwen/Vayne (DE/SI),1,1,1
The Poro King (RU/SH),Championless (DE/MT),1,1,1
Ashe (FR/PZ),The Poro King (RU/SH),1,1,1
Ezreal/Seraphine (NX/PZ),Lucian/The Poro King (DE/RU),1,1,1
Leona/Renekton (MT/SH),The Poro King (MT/RU),1,1,1
Ashe/LeBlanc (FR/NX),The Poro King (MT/RU),1,1,1
Nilah/Twisted Fate (BW/PZ),Kai'Sa (DE/SH),1,1,1
Nilah/Twisted Fate (BW/PZ),Jinx/Lulu (BC/PZ),1,1,1
Braum/Norra (BC/FR),Norra/Teemo (BC/PZ),1,1,1
Garen (DE/SI),Championless (PZ/SI),1,1,1
Janna/Twisted Fate (BW/PZ),Twisted Fate/Yasuo (BW/IO),1,1,1
Ezreal/Nami (BW/PZ),Janna/Master Yi (IO/PZ),1,1,1
Annie/Jhin (RU/NX),Ezreal/Master Yi (IO/PZ),1,1,1
Braum/Sejuani (FR/NX),Aphelios/Ezreal (MT/PZ),1,1,1
Aphelios/Ezreal (MT/PZ),Ashe/LeBlanc (FR/NX),1,1,1
Jinx/Twisted Fate (BW/PZ),Ezreal/Seraphine (NX/PZ),1,1,1
Caitlyn/Janna/Teemo (FR/PZ),Ezreal/Seraphine (MT/PZ),1,1,1
Shen/Sivir (IO/SH),Nami/Udyr (BW/FR),1,1,1
Neeko/Nidalee/Renekton (RU/SH),Championless (MT/SI),1,1,1
Shen/Sivir (IO/SH),Sejuani (FR/PZ),1,1,1
Kalista (SI),Darius/LeBlanc (FR/NX),1,1,1
Swain (FR/NX),Fizz/Nami (BW/IO),1,1,1
Leona/Yasuo (IO/MT),Swain (FR/NX),1,1,1
Annie/Jhin (RU/NX),Braum/Swain (FR/NX),1,1,1
Championless (SI),Leona/Sivir (MT/SH),1,1,1
Darius/Swain (NX/SI),Ashe (FR/PZ),1,1,1
Akshan/Renekton (BW/SH),Ashe (FR/PZ),1,1,1
Darius (FR/NX),Teemo/Udyr (FR/PZ),1,1,1
Fiora/Udyr (DE/FR),Darius (FR/NX),1,1,1
Ezreal/Seraphine (IO/PZ),Darius (FR/NX),1,1,1
Darius (FR/NX),Ashe/Sejuani (BW/FR),1,1,1
Darius (FR/NX),Ezreal/Seraphine (NX/PZ),1,1,1
Diana/Nocturne (MT/SI),Championless (DE/MT),1,1,1
Championless (DE/MT),Kai'Sa/Lux: Illuminated (DE/SH),1,1,1
Shen (IO/MT),Caitlyn/Swain/Teemo (NX/PZ),1,1,1
Championless (SI),Shen (IO/MT),1,1,1
Fiora (DE/MT),Lux: Illuminated/Master Yi (DE/IO),1,1,1
Nocturne (SI),Master Yi (BC/IO),1,1,1
Master Yi (BC/IO),Miss Fortune/Nilah/Swain (BW/NX),1,1,1
Braum/Zoe (FR/MT),Fizz/Master Yi (BC/IO),1,1,1
Samira/Sejuani (FR/NX),Darius (FR/NX),1,1,1
Gwen/Kalista (FR/SI),Caitlyn/Teemo (BC/PZ),1,1,1
Janna/Nilah (BW/PZ),Braum (FR/NX),1,1,1
Garen (DE),Aphelios/Twisted Fate (BW/MT),1,1,1
Quinn/Shen/Vayne (DE/IO),The Poro King/Zoe (MT/RU),1,1,1
Quinn/Shen/Vayne (DE/IO),Annie/Master Yi (IO/NX),1,1,1
Quinn/Shen/Vayne (DE/IO),Darius/Gwen (NX/SI),1,1,1
Darius/Gwen (NX/SI),Quinn/Vayne (DE),1,1,1
Ashe/LeBlanc (FR/NX),Quinn/Vayne (DE),1,1,1
Quinn/Vayne (DE),Katarina/Lux: Illuminated (DE/NX),1,1,1
Braum/The Poro King (FR/RU),Janna (IO/PZ),1,1,1
Kalista/Nocturne/Zoe (MT/SI),Janna/Twisted Fate (BW/PZ),1,1,1
Championless (PZ/SI),Kalista/Nocturne/Zoe (MT/SI),1,1,1
Kalista/Nocturne/Zoe (MT/SI),Championless (NX/SI),1,1,1
Quinn/Vayne (DE),LeBlanc/Sivir (NX/SH),1,1,1
Annie/Jhin (RU/NX),Kalista (MT/SI),1,1,1
Kalista (MT/SI),Aphelios/Yasuo (IO/MT),1,1,1
Akshan/Udyr (FR/SH),Samira (BW/NX),1,1,1
Caitlyn/LeBlanc (NX/PZ),Akshan/Udyr (FR/SH),1,1,1
Akshan/Udyr (FR/SH),Garen/Jinx (DE/PZ),1,1,1
Akshan/Udyr (FR/SH),Miss Fortune (BW/FR),1,1,1
Akshan/Udyr (FR/SH),Fizz (BW/FR),1,1,1
Ashe/Sejuani (BW/FR),Swain (FR/NX),1,1,1
Championless (SI),Fizz/Zoe (BC/MT),1,1,1
Ashe/Sejuani (BW/FR),Caitlyn/Teemo (BC/PZ),1,1,1
Annie/Jhin (RU/NX),Aphelios/Yasuo (IO/MT),1,1,1
Aphelios/Yasuo (IO/MT),Neeko/Nidalee (RU/SH),1,1,1
Kennen/Yasuo (IO/MT),Aphelios/Yasuo (IO/MT),1,1,1
Ashe/LeBlanc (FR/NX),Leona/Zoe (DE/MT),1,1,1
Ashe/LeBlanc (FR/NX),Braum/Pantheon (FR/MT),1,1,1
Nidalee/Renekton (FR/SH),Hecarim/Kalista (SI),1,1,1
Hecarim/Kalista (SI),Akshan/Garen (DE/SH),1,1,1
Caitlyn/Swain (NX/PZ),Hecarim/Kalista (SI),1,1,1
Diana/Nami (BW/MT),Kalista (SI),1,1,1
Gnar/Swain (FR/NX),Kalista (SI),1,1,1
Garen/Miss Fortune/Quinn (BW/DE),Kalista (SI),1,1,1
Kalista (FR/SI),Braum/Zoe (FR/MT),1,1,1
Sejuani/Swain (FR/NX),Kalista/Vayne (DE/SI),1,1,1
Akshan/Pantheon (MT/SH),Udyr (FR/PZ),1,1,1
Darius (FR/NX),Akshan/Caitlyn (PZ/SH),1,1,1
Ashe/LeBlanc (FR/NX),Braum/Sejuani (FR/NX),1,1,1
Akshan/Bard (RU/SH),Braum/Nami (BW/FR),1,1,1
Janna/Nilah (BW/PZ),Leona/Zoe (DE/MT),1,1,1
Samira/Sejuani (FR/NX),Championless (BW/MT),1,1,1
Championless (BW/MT),Akshan/Renekton (MT/SH),1,1,1
Annie/Jhin (RU/NX),Norra/Zoe (BC/MT),1,1,1
Norra/Zoe (BC/MT),Annie/Yasuo (IO/NX),1,1,1
Norra/Zoe (BC/MT),Draven/Zoe (MT/NX),1,1,1
Braum/Zoe (FR/MT),Ezreal/Nami/Twisted Fate (BW/PZ),1,1,1
Sejuani/Swain (FR/NX),Gwen/Zed (IO/SI),1,1,1
Fiora (DE/MT),Braum/Udyr (FR/NX),1,1,1
Championless (IO/MT),Yasuo (IO/MT),1,1,1
Ashe/LeBlanc (FR/NX),Aphelios/Twisted Fate (BW/MT),1,1,1
Norra/Zoe (BC/MT),Annie/Elise (NX/SI),1,1,1
Fiora/Shen (DE/IO),Nilah/Twisted Fate (BW/IO),1,1,1
Ashe/LeBlanc (FR/NX),Swain (BW/NX),1,1,1
Garen/Lux: Illuminated (DE/IO),Championless (SI),1,1,1
Ezreal/Janna (IO/PZ),Vayne (DE/MT),1,1,1
Darius/Gwen (NX/SI),Akshan/Aphelios (MT/SH),1,1,1
Caitlyn (FR/PZ),Akshan/Aphelios (MT/SH),1,1,1
Neeko (IO/RU),Aphelios/Zoe (IO/MT),1,1,1
Katarina/Yasuo (IO/NX),Championless (MT/SI),1,1,1
Braum (FR/IO),Katarina/Yasuo (IO/NX),1,1,1
Championless (MT/SI),LeBlanc/Sivir (NX/SH),1,1,1
Akshan/LeBlanc (NX/SH),Fiora/Udyr (DE/FR),1,1,1
Championless (NX/SI),Ashe (BW/FR),1,1,1
Ashe (BW/FR),Ashe/LeBlanc (FR/NX),1,1,1
Sejuani/Teemo (FR/PZ),Janna/Master Yi/Seraphine (IO/PZ),1,1,1
Sejuani/Teemo (FR/PZ),Miss Fortune/Quinn/Vayne (BW/DE),1,1,1
Aphelios/Norra (BC/MT),Kalista (SI),1,1,1
Shen/Sivir (IO/SH),Darius/Gwen (NX/SI),1,1,1
Janna/Nilah (BW/PZ),Vayne (DE/MT),1,1,1
Miss Fortune/Quinn/Vayne (BW/DE),Annie/Elise (NX/SI),1,1,1
Miss Fortune/Quinn/Vayne (BW/DE),Akshan/Fiora (DE/SH),1,1,1
Ashe (FR/SI),Fizz/Nami (BW/FR),1,1,1
Braum (FR/IO),Fizz/Nami (BW/FR),1,1,1
Championless (SI),Kalista (MT/SI),1,1,1
Garen (DE/SH),Garen (DE/PZ),1,1,1
Garen (DE/PZ),Ezreal/Teemo/Udyr (FR/PZ),1,1,1
Caitlyn (FR/PZ),Garen (DE/PZ),1,1,1
LeBlanc/Sivir (NX/SH),Championless (BW/SI),1,1,1
Championless (BW/SI),Janna/Master Yi (IO/PZ),1,1,1
Braum/The Poro King (FR/RU),Aphelios/Twisted Fate (BW/MT),1,1,1
Aphelios/Twisted Fate (BW/MT),Lucian (DE/SI),1,1,1
Championless (PZ/SI),Janna/Norra (BC/PZ),1,1,1
Kalista (SI),Ezreal/Sejuani (FR/PZ),1,1,1
Ezreal/Teemo/Udyr (FR/PZ),Jhin/Twisted Fate (BW/RU),1,1,1
Braum/Zoe (FR/MT),Yasuo/Zed (IO/PZ),1,1,1
Braum (FR/MT),Gwen/Lucian (DE/SI),1,1,1
Braum (FR/MT),Braum (FR/NX),1,1,1
Akshan/Master Yi (IO/SH),Aphelios/Zoe (MT),1,1,1
Nilah/Twisted Fate (BW/PZ),Gwen/Kalista (SI),1,1,1
Nilah/Twisted Fate (BW/PZ),Gwen (NX/SI),1,1,1
Garen (DE),Leona/Yasuo (IO/MT),1,1,1
Norra/Teemo (BC/PZ),Aphelios/Udyr (FR/MT),1,1,1
Braum/Zoe (FR/MT),Fizz/Nami (BW/FR),1,1,1
Fizz/Nami (BW/FR),Ezreal/Nilah (BW/PZ),1,1,1
Braum/Nami (BW/FR),Caitlyn/Swain (NX/PZ),1,1,1
Braum/Nami (BW/FR),Swain/Yasuo (IO/NX),1,1,1
Garen/Udyr (DE/FR),Ekko/Janna (PZ/SH),1,1,1
Ekko/Janna (PZ/SH),Ashe/LeBlanc (FR/NX),1,1,1
Vayne/Zed (DE/IO),Ekko/Janna (PZ/SH),1,1,1
Gwen/Hecarim (IO/SI),Akshan/Kai'Sa (IO/SH),1,1,1
Nilah/Twisted Fate (BW/PZ),Aphelios/Twisted Fate (BW/MT),1,1,1
Caitlyn/Norra/Teemo (BC/PZ),Ashe (FR/SI),1,1,1
Championless (MT/SI),Caitlyn/Norra/Teemo (BC/PZ),1,1,1
Ezreal/Teemo/Udyr (FR/PZ),Caitlyn/Norra/Teemo (BC/PZ),1,1,1
Aphelios/Zoe (IO/MT),The Poro King (MT/RU),1,1,1
Janna (PZ/SI),Nidalee/Renekton (FR/SH),1,1,1
Ezreal/Twisted Fate (BW/PZ),Udyr (FR/PZ),1,1,1
Ekko/Renekton (PZ/SH),Draven/Jinx (NX/PZ),1,1,1
Garen (DE/SI),Ekko/Renekton (PZ/SH),1,1,1
Gwen/Renekton (SI/SH),Caitlyn/Teemo (BC/PZ),1,1,1
Ezreal/Twisted Fate (BW/PZ),Ashe/Darius (FR/NX),1,1,1
Ezreal/Twisted Fate (BW/PZ),Gwen/Kai'Sa (SI/SH),1,1,1
Kalista (SI),Akshan/Garen (DE/SH),1,1,1
Championless (SI),Janna/Kalista (PZ/SI),1,1,1
Fizz/Twisted Fate (BW/PZ),Gwen (FR/SI),1,1,1
Ashe (FR/SI),Sejuani/Teemo (FR/PZ),1,1,1
Nidalee (BC/SH),Ashe (FR/SI),1,1,1
Caitlyn/Swain (NX/PZ),Swain/Twisted Fate (BW/NX),1,1,1
Swain/Twisted Fate (BW/NX),Lucian (DE/SI),1,1,1
Swain/Twisted Fate (BW/NX),Shen/Sivir (IO/SH),1,1,1
Diana/Elise/Nocturne (MT/SI),Braum/The Poro King (FR/RU),1,1,1
Diana/Elise/Nocturne (MT/SI),Championless (BC/IO),1,1,1
Akshan/Udyr (FR/SH),Championless (SI/SH),1,1,1
Akshan/Zoe (MT/SH),Braum (FR/IO),1,1,1
Akshan/Zoe (MT/SH),Norra/Zoe (BC/MT),1,1,1
Aphelios/Zoe (MT),Akshan/Lux: Illuminated (DE/SH),1,1,1
Garen (DE),Vayne (DE/MT),1,1,1
Vayne (DE/MT),Ashe/LeBlanc (FR/NX),1,1,1
Miss Fortune/Quinn/Vayne (BW/DE),Darius (FR/NX),1,1,1
Swain/Twisted Fate (BW/NX),Miss Fortune/Quinn/Vayne (BW/DE),1,1,1
Ashe (FR/SI),Gwen (NX/SI),1,1,1
Yasuo (IO/MT),Diana/Nocturne (MT/SI),1,1,1
Yasuo (IO/MT),Master Yi/Nami (BW/IO),1,1,1
Garen/Udyr (DE/FR),Championless (IO/MT),1,1,1
Braum/Zoe (FR/MT),Championless (IO/MT),1,1,1
Championless (IO/MT),Championpile (FR/SH),1,1,1
Fiora/Shen (DE/IO),Championless (IO/MT),1,1,1
Ezreal/Nilah (BW/PZ),Championless (IO/MT),1,1,1
Darius/Gwen (NX/SI),Championless (IO/MT),1,1,1
Fizz/Nami (BW/MT),Championless (IO/MT),1,1,1
Fizz/Samira (BC/NX),Championless (IO/MT),1,1,1
Norra/Teemo (BC/PZ),Yasuo/Zed (IO/PZ),1,1,1
Braum (FR/MT),Championless (BW/FR),1,1,1
Braum (FR/MT),Gwen/Katarina (NX/SI),1,1,1
Braum (FR/MT),Janna (IO/PZ),1,1,1
Aphelios/Twisted Fate (BW/MT),Ashe (FR/SI),1,1,1
Championless (SI),Gwen (FR/SI),1,1,1
Garen (DE/SH),Aphelios/Master Yi (IO/MT),1,1,1
Garen (DE/SH),Ashe (FR/PZ),1,1,1
Garen (DE/SH),Caitlyn/Seraphine (BC/PZ),1,1,1
Garen (DE/SH),Aphelios/Twisted Fate (BW/MT),1,1,1
Leona/Yasuo (IO/MT),Caitlyn/Seraphine (BC/PZ),1,1,1
Gwen (FR/SI),Fiora/Renekton (DE/SH),1,1,1
Gwen/Lucian (DE/SI),Caitlyn/Swain (NX/PZ),1,1,1
Caitlyn/Swain (NX/PZ),Braum (FR/NX),1,1,1
Akshan/Udyr (FR/SH),Caitlyn/Swain (NX/PZ),1,1,1
Garen (DE/SH),Championless (SI/SH),1,1,1
Championless (NX/SI),Lux: Illuminated/Shen (DE/IO),1,1,1
Championless (NX/SI),Aphelios/Diana (MT/NX),1,1,1
Ezreal/Seraphine (IO/PZ),Ashe/Darius (FR/NX),1,1,1
Katarina/Yasuo (IO/NX),Irelia/Miss Fortune (BW/IO),1,1,1
Katarina/Yasuo (IO/NX),Annie/Jinx (NX/PZ),1,1,1
Tristana (BC/DE),Annie/Jhin (RU/NX),1,1,1
Ashe (FR/PZ),Master Yi/Nami (BW/IO),1,1,1
Garen/Shen (DE/IO),Kalista/Nocturne/Zoe (MT/SI),1,1,1
Ezreal/Teemo/Udyr (FR/PZ),Norra/Zoe (BC/MT),1,1,1
Braum/Zoe (FR/MT),Quinn/Vayne (DE),1,1,1
Elise/Neeko (RU/SI),Ashe/LeBlanc (FR/NX),1,1,1
Ashe/LeBlanc (FR/NX),Braum/Norra (BC/FR),1,1,1
Diana/Nami (BW/MT),Annie/Jhin (RU/NX),1,1,1
Annie/Jhin (RU/NX),Hecarim/Lucian (DE/SI),1,1,1
Annie/Jhin (RU/NX),Darius/Elise (NX/SI),1,1,1
Annie/Jhin (RU/NX),Janna/Jhin (RU/PZ),1,1,1
Kalista (MT/SI),Nidalee (BC/SH),1,1,1
Yasuo (IO/NX),Nidalee (BC/SH),1,1,1
Darius (NX/PZ),Caitlyn/Janna/Teemo (FR/PZ),1,1,1
Ashe (FR/IO),Garen (DE/FR),1,1,1
Kai'Sa/Sivir (DE/SH),Fiora (DE/MT),1,1,1
Championless (SI/SH),Gnar/Pantheon (FR/MT),1,1,1
Championless (SI/SH),Pantheon/Udyr (FR/MT),1,1,1
Kalista/Lucian (DE/SI),Darius/Gwen (NX/SI),1,1,1
Braum (FR/MT),Udyr/Zed (FR/IO),1,1,1
Fiora (DE/SH),Leona/Yasuo (IO/MT),1,1,1
Braum (FR/NX),Braum/Lissandra/Swain (FR/NX),1,1,1
Diana/Nami (BW/MT),Braum/Darius (FR/NX),1,1,1
Udyr/Zed (FR/IO),Braum (FR/NX),1,1,1
LeBlanc/Sivir (NX/SH),Lulu/Shen (DE/IO),1,1,1
Janna (PZ/SI),Caitlyn/Janna/Teemo (FR/PZ),1,1,1
Championless (PZ/SI),Fiora/Katarina (DE/NX),1,1,1
Shen (DE/IO),Braum (FR/NX),1,1,1
Braum (FR/NX),Akshan/Aphelios (MT/SH),1,1,1
Fiora (DE/SH),Bard/Udyr (RU/FR),1,1,1
Gwen/Lucian (DE/SI),Gwen/LeBlanc (NX/SI),1,1,1
Gnar/Pantheon (FR/MT),Braum/Zoe (FR/MT),1,1,1
Lucian (DE/SI),Janna/Twisted Fate (BW/PZ),1,1,1
Neeko (FR/RU),Akshan/Samira (NX/SH),1,1,1
Norra (BC/FR),Nami/Seraphine (BW/PZ),1,1,1
Championpile (FR/SH),Master Yi/Zoe (IO/MT),1,1,1
Championless (FR/PZ),Draven/Jinx (NX/PZ),1,1,1
Braum/Udyr (FR/NX),Championless (FR/PZ),1,1,1
Udyr (FR/PZ),Championpile (FR/SH),1,1,1
Ashe/Darius (FR/NX),Championpile (FR/SH),1,1,1
Championpile (FR/SH),Championless (BC/IO),1,1,1
Yasuo (FR/IO),Championpile (FR/SH),1,1,1
Janna (PZ/SI),Ezreal/Teemo/Udyr (FR/PZ),1,1,1
Swain/Twisted Fate (BW/NX),Norra/Zoe (BC/MT),1,1,1
Caitlyn/Swain (NX/PZ),Bard/Janna (RU/PZ),1,1,1
Sejuani/Swain (FR/NX),Akshan/Renekton (SH),1,1,1
Gnar/Pantheon (FR/MT),Braum/Darius (FR/NX),1,1,1
Ashe/LeBlanc (FR/NX),Braum/Darius (FR/NX),1,1,1
Championless (SI),Braum/Darius (FR/NX),1,1,1
Twisted Fate (BW/PZ),Janna/Jinx (PZ),1,1,1
Diana/Nocturne (MT/SI),Janna/Twisted Fate (BW/PZ),1,1,1
Janna/Twisted Fate (BW/PZ),Lulu/Tristana (BC/IO),1,1,1
Janna (PZ),Katarina/Miss Fortune (BW/NX),1,1,1
Lulu/Shen (IO),Darius/Draven (IO/NX),1,1,1
Caitlyn/Swain/Teemo (NX/PZ),Irelia/Miss Fortune (BW/IO),1,1,1
Kai'Sa/Zoe (MT/SH),Irelia/Miss Fortune (BW/IO),1,1,1
Caitlyn/Swain (NX/PZ),Garen (DE/FR),1,1,1
Braum/The Poro King (FR/RU),Garen (DE/FR),1,1,1
Kalista (SI),Elise/Neeko (RU/SI),1,1,1
Garen/Udyr (DE/FR),Elise/Neeko (RU/SI),1,1,1
Sejuani (FR/PZ),Elise/Norra (BC/SI),1,1,1
Master Yi/Samira (IO/NX),Fizz/Nami (BC/BW),1,1,1
Janna/Jinx (PZ),Ashe/LeBlanc (FR/NX),1,1,1
Ashe/LeBlanc (FR/NX),Swain/Udyr (FR/NX),1,1,1
Ashe/LeBlanc (FR/NX),Kalista/Lulu (IO/SI),1,1,1
Aphelios/Diana (MT/NX),Darius (FR/NX),1,1,1
Teemo (PZ/SI),Braum/Kalista (FR/SI),1,1,1
Braum/Master Yi (FR/IO),Norra/Teemo (BC/PZ),1,1,1
Ashe/LeBlanc (FR/NX),Master Yi (FR/IO),1,1,1
Gnar/Pantheon (FR/MT),Kalista/Nocturne/Zoe (MT/SI),1,1,1
Ashe (DE/FR),Aphelios/Master Yi/Pantheon (IO/MT),1,1,1
Braum/Garen (DE/FR),Ezreal/Teemo/Udyr (FR/PZ),1,1,1
Garen/Udyr (DE/FR),Ezreal/Teemo/Udyr (FR/PZ),1,1,1
Ashe (FR/PZ),Miss Fortune/Quinn/Vayne (BW/DE),1,1,1
Janna/Master Yi (IO/PZ),Fiora/Shen (DE/IO),1,1,1
Janna/Master Yi (IO/PZ),Gwen/Hecarim (SI),1,1,1
Bard/Udyr (RU/FR),Ezreal/Janna (IO/PZ),1,1,1
Janna/Master Yi (IO/PZ),Janna (IO/PZ),1,1,1
Katarina/Yasuo (IO/NX),Lulu/Shen (DE/IO),1,1,1
Janna/Master Yi (IO/PZ),Gwen/Nidalee (SI/SH),1,1,1
Gwen/Hecarim (SI),Janna (PZ/SI),1,1,1
Annie/Jhin (RU/NX),Janna (FR/PZ),1,1,1
Fizz (BW/MT),Sejuani/Teemo (FR/PZ),1,1,1
Aphelios/Zoe (IO/MT),Garen (DE),1,1,1
Janna/Master Yi (IO/PZ),Yasuo (IO/NX),1,1,1
Miss Fortune/Quinn/Vayne (BW/DE),Caitlyn/Norra (BC/PZ),1,1,1
Hecarim/Kalista (SI),Katarina/LeBlanc/Miss Fortune (BW/NX),1,1,1
Championless (SI),Hecarim/Kalista (SI),1,1,1
Miss Fortune/Quinn/Vayne (BW/DE),Akshan/Zed (IO/SH),1,1,1
Championless (BW/SI),Yasuo/Zed (IO/PZ),1,1,1
Caitlyn/Swain (NX/PZ),Championless (BW/SI),1,1,1
Braum/The Poro King (FR/RU),Championless (BW/SI),1,1,1
Sivir (IO/SH),Janna/Norra (BC/PZ),1,1,1
Hecarim/Kalista (SI),Gnar/Sejuani (BW/FR),1,1,1
Hecarim/Kalista (SI),Ezreal/Sejuani (FR/PZ),1,1,1
Gwen/Vayne (DE/SI),Hecarim/Kalista (SI),1,1,1
Garen/Udyr (DE/FR),Hecarim/Kalista (SI),1,1,1
Hecarim/Kalista (SI),Pantheon/Udyr (FR/MT),1,1,1
Leona/Yasuo (IO/MT),Gwen/Vayne (DE/SI),1,1,1
Master Yi/Seraphine (IO/PZ),Championless (BW/SI),1,1,1
Janna/Seraphine (IO/PZ),Gnar/Nidalee (BC/SH),1,1,1
Janna/Seraphine (IO/PZ),Norra/Zoe (BC/MT),1,1,1
Darius/Gnar (FR/NX),Janna/Seraphine (IO/PZ),1,1,1
Akshan/Master Yi (IO/SH),Darius (FR/NX),1,1,1
Garen/Udyr (DE/FR),Garen/Vayne (DE/FR),1,1,1
Garen/Udyr (DE/FR),Janna/Master Yi (IO/PZ),1,1,1
Akshan/Master Yi (IO/SH),Hecarim/Lucian (DE/SI),1,1,1
Miss Fortune/Quinn/Vayne (BW/DE),Ashe/Janna (FR/PZ),1,1,1
Draven/Katarina (IO/NX),Sejuani/Teemo (FR/PZ),1,1,1
Sejuani/Teemo (FR/PZ),Darius/Gwen (NX/SI),1,1,1
Janna (FR/PZ),Fizz/Nami (BW/FR),1,1,1
Braum/Zoe (FR/MT),Akshan/Caitlyn (PZ/SH),1,1,1
Caitlyn/Swain (NX/PZ),Aphelios/Yasuo (IO/MT),1,1,1
Caitlyn (BC/PZ),Gwen/Sivir (SI/SH),1,1,1
Miss Fortune/Quinn/Vayne (BW/DE),Ezreal/Twisted Fate (BW/PZ),1,1,1
Darius/Gwen (NX/SI),Ezreal/Nilah (BW/PZ),1,1,1
Caitlyn/Swain (NX/PZ),Caitlyn/Norra/Teemo (BC/PZ),1,1,1
Aphelios/Zoe (IO/MT),Aphelios/Zoe (MT),1,1,1
Miss Fortune/Quinn/Vayne (BW/DE),Katarina/Leona (MT/NX),1,1,1
Draven/Katarina (IO/NX),Championless (BW/MT),1,1,1
Ezreal/Seraphine (PZ/SI),Akshan/Zoe (MT/SH),1,1,1
Janna/Nilah (BW/PZ),Miss Fortune/Quinn/Vayne (BW/DE),1,1,1
Braum/Master Yi (FR/IO),Sejuani/Teemo (FR/PZ),1,1,1
Championless (PZ/SI),Ashe/Janna/Udyr (FR/PZ),1,1,1
Championless (PZ/SI),Akshan/Lucian (DE/SH),1,1,1
Janna (PZ/SI),Kai'Sa/Pantheon (MT/SH),1,1,1
Hecarim/Lucian (DE/SI),Caitlyn/Teemo (BC/PZ),1,1,1
Darius/Gwen (NX/SI),Caitlyn/Teemo (BC/PZ),1,1,1
Swain/Yasuo (IO/NX),Lux: Illuminated/Zoe (DE/MT),1,1,1
Championless (SI),Fiora/Lucian (DE/SH),1,1,1
Kai'Sa/Lux: Illuminated (DE/SH),Lux: Illuminated/Zoe (DE/MT),1,1,1
Braum (DE/FR),Garen/Vayne (DE/FR),1,1,1
Championless (SI),Garen/Vayne (DE/FR),1,1,1
Nilah/Twisted Fate (BW/PZ),Akshan/Renekton (SH),1,1,1
Janna (IO/PZ),Darius (FR/NX),1,1,1
Bard/Udyr (RU/FR),Darius (FR/NX),1,1,1
Championless (MT/SI),Darius (FR/NX),1,1,1
Darius (FR/NX),Darius/Gnar (FR/NX),1,1,1
Nidalee (BC/SH),Janna/Twisted Fate (BW/PZ),1,1,1
Darius/Gnar (FR/NX),Master Yi/Seraphine (IO/PZ),1,1,1
Braum/Master Yi (FR/IO),Ezreal/Teemo/Udyr (FR/PZ),1,1,1
Championless (PZ/SI),Ezreal/Teemo/Udyr (FR/PZ),1,1,1
Fiora/Udyr (DE/FR),Ezreal/Teemo/Udyr (FR/PZ),1,1,1
Ashe/Udyr (FR/PZ),Annie/Master Yi (IO/NX),1,1,1
Neeko/Teemo/Tristana (BC/RU),Janna/Twisted Fate (BW/PZ),1,1,1
Draven/Jinx (NX/PZ),Zoe (MT/PZ),1,1,1
Lulu/Shen (DE/IO),Master Yi/Seraphine (IO/PZ),1,1,1
Gnar/Nidalee (BC/SH),Bard/Udyr (RU/FR),1,1,1
Championless (SI),Elise/Lucian (DE/SI),1,1,1
Darius/Gwen (NX/SI),Master Yi/Seraphine (IO/PZ),1,1,1
Gnar (BC/PZ),Braum/Zed (FR/IO),1,1,1
Udyr/Vayne (DE/FR),Darius/Gnar (FR/NX),1,1,1
Janna/Twisted Fate (BW/PZ),Kai'Sa/Lux: Illuminated (DE/SH),1,1,1
Annie/Jhin (RU/NX),Akshan/Renekton (SH),1,1,1
Darius (FR/NX),Garen/Udyr (DE/FR),1,1,1
Ezreal/Seraphine (PZ/SI),Sejuani/Teemo (FR/PZ),1,1,1
Sejuani/Teemo (FR/PZ),Kai'Sa/Pantheon (MT/SH),1,1,1
Darius/Gwen (NX/SI),Garen/Miss Fortune/Quinn (BW/DE),1,1,1
Darius/Gwen (NX/SI),Udyr/Zed (FR/IO),1,1,1
Kalista/Nocturne/Zoe (MT/SI),Sivir (IO/SH),1,1,1
Garen/Udyr (DE/FR),Hecarim/Lucian (DE/SI),1,1,1
Garen/Udyr (DE/FR),Garen/Miss Fortune/Quinn (BW/DE),1,1,1
Norra/Zoe (BC/MT),Gwen/Vayne (DE/SI),1,1,1
Ashe/LeBlanc (FR/NX),Katarina/Swain (NX/PZ),1,1,1
Annie/Jhin (RU/NX),Ekko/Katarina (NX/PZ),1,1,1
Ekko/Katarina (NX/PZ),Irelia/Samira (IO/NX),1,1,1
Ekko/Katarina (NX/PZ),Darius/Gwen (NX/SI),1,1,1
Teemo/Zoe (BC/MT),Ekko/Katarina (NX/PZ),1,1,1
Katarina/Miss Fortune (BW/NX),Ekko/Janna (IO/PZ),1,1,1
Kalista/Lulu (IO/SI),Darius (FR/NX),1,1,1
Kalista/Sivir (SI/SH),Katarina/Miss Fortune (BW/NX),1,1,1
Lucian/Neeko (DE/RU),Championless (PZ/SI),1,1,1
Janna/Master Yi (IO/PZ),Akshan/LeBlanc (NX/SH),1,1,1
Janna/Twisted Fate (BW/PZ),Irelia/Samira (IO/NX),1,1,1
Yasuo/Zed (IO/PZ),Aphelios/Zoe (IO/MT),1,1,1
Janna (FR/PZ),Caitlyn/Teemo (BC/PZ),1,1,1
Darius/Gwen (NX/SI),Ezreal/Seraphine (PZ/SI),1,1,1
Shen/Sivir (IO/SH),Miss Fortune/Quinn/Vayne (BW/DE),1,1,1
Nilah/Twisted Fate (BW/PZ),Bard/Nidalee (RU/SH),1,1,1
Caitlyn/Norra/Teemo (BC/PZ),Championpile (DE/FR),1,1,1
Katarina/Miss Fortune (BW/NX),Ezreal/Jhin (RU/PZ),1,1,1
Janna (FR/PZ),Pantheon/Udyr (FR/MT),1,1,1
Darius/Gwen (NX/SI),Pantheon/Udyr (FR/MT),1,1,1
Caitlyn/Swain (NX/PZ),Katarina/Miss Fortune (BW/NX),1,1,1
Katarina/Miss Fortune (BW/NX),Pantheon/Udyr/Zoe (FR/MT),1,1,1
Teemo/Zoe (BC/MT),Neeko/Zoe (MT/RU),1,1,1
Teemo/Zoe (BC/MT),Swain (FR/NX),1,1,1
Teemo/Zoe (BC/MT),Janna (FR/PZ),1,1,1
Kalista/Lucian (DE/SI),Gwen/Vayne (DE/SI),1,1,1
Fiora/Vayne (DE/SH),Garen/Sivir (DE/SH),1,1,1
Garen/Udyr (DE/FR),Neeko/Zoe (MT/RU),1,1,1
Ashe/LeBlanc (FR/NX),Fiora/Lucian (DE/SH),1,1,1
Darius/Gnar (FR/NX),Irelia/Samira (IO/NX),1,1,1
Caitlyn/Swain (NX/PZ),Aphelios/Zoe (IO/MT),1,1,1
Hecarim/LeBlanc (NX/SI),Janna/Master Yi (IO/PZ),1,1,1
Championless (BW/MT),Yasuo/Zed (IO/PZ),1,1,1
Master Yi/Yasuo (IO/MT),Janna (PZ/SI),1,1,1
Darius/Gwen (NX/SI),Caitlyn/Swain (NX/PZ),1,1,1
Championless (MT/SI),Caitlyn/Swain (NX/PZ),1,1,1
Gnar/Nidalee (BC/SH),Miss Fortune/Twisted Fate (BW/NX),1,1,1
LeBlanc/Pantheon (MT/NX),Braum/Zoe (FR/MT),1,1,1
Pantheon/Vayne (DE/MT),Nilah/Twisted Fate (BW/PZ),1,1,1
Janna/Twisted Fate (BW/PZ),Pantheon/Vayne (DE/MT),1,1,1
Ezreal/Twisted Fate (BW/PZ),Fiora/Pantheon (DE/MT),1,1,1
Ezreal/Seraphine (BC/PZ),Evelynn/Fizz/Teemo (BC/RU),1,1,1
Bard/Braum/Udyr (RU/FR),Darius/Gnar (FR/NX),1,1,1
Akshan/Zoe (MT/SH),Nilah/Twisted Fate (BW/PZ),1,1,1
Miss Fortune/Quinn/Vayne (BW/DE),Bard/The Poro King (RU/RU),1,1,1
Janna (PZ/SI),Ashe/Braum (FR/PZ),1,1,1
Ashe/Braum (FR/PZ),Aphelios/Zoe (MT),1,1,1
Ashe/Braum (FR/PZ),Neeko/Teemo (BC/RU),1,1,1
Caitlyn/Swain (NX/PZ),Bard/Udyr (RU/FR),1,1,1
Gnar/Nidalee (BC/SH),Hecarim/LeBlanc (NX/SI),1,1,1
Ashe (FR),Jhin/Yasuo (IO/RU),1,1,1
Garen/Udyr (DE/FR),Irelia/Miss Fortune (BW/IO),1,1,1
Garen/Udyr (DE/FR),Fiora (DE/IO),1,1,1
Garen/Udyr (DE/FR),Aphelios/Udyr (FR/MT),1,1,1
Irelia/Samira (IO/NX),Darius/Gwen (NX/SI),1,1,1
Braum (FR/IO),Darius (FR/NX),1,1,1
Ezreal/Seraphine (PZ/SI),Diana/Zoe (IO/MT),1,1,1
Ezreal/Seraphine (BC/PZ),Evelynn/Kai'Sa (RU/SH),1,1,1
Kai'Sa/Sivir (DE/SH),Evelynn/Kai'Sa (RU/SH),1,1,1
Gnar/Nidalee (BC/SH),Nami/Seraphine (BW/PZ),1,1,1
Ezreal/Teemo/Udyr (FR/PZ),Caitlyn/Norra (BC/PZ),1,1,1
Ezreal/Teemo/Udyr (FR/PZ),Neeko (FR/RU),1,1,1
Fizz/Nami (BW/DE),Ezreal/Teemo/Udyr (FR/PZ),1,1,1
Fiora/Vayne (DE/IO),Yasuo/Zed (IO/PZ),1,1,1
Caitlyn/Norra (BC/PZ),Yasuo/Zed (IO/PZ),1,1,1
Akshan/Udyr (FR/SH),Nami/Zoe (BW/MT),1,1,1
Janna/Jinx (PZ),Nami/Zoe (BW/MT),1,1,1
Nami/Zoe (BW/MT),Annie/Jhin (RU/NX),1,1,1
Braum (FR/IO),Aphelios/Zoe (MT),1,1,1
Janna/Nilah (BW/PZ),Ashe (FR),1,1,1
Braum (FR/MT),Caitlyn/Norra/Teemo (BC/PZ),1,1,1
Braum/Zoe (FR/MT),Fizz/Twisted Fate (BC/BW),1,1,1
Darius/Gwen (NX/SI),Bard/Braum/Udyr (RU/FR),1,1,1
Braum/Zed (FR/IO),Samira/Sejuani (FR/NX),1,1,1
Lulu/Tristana (BC/SI),Katarina/Miss Fortune (BW/NX),1,1,1
Braum/Udyr (FR),Katarina/Miss Fortune (BW/NX),1,1,1
Yasuo (IO/NX),Hecarim (SI/SH),1,1,1
Ashe/Darius (FR/NX),Yasuo (IO/NX),1,1,1
Braum/Zoe (FR/MT),Shen (DE/IO),1,1,1
Braum/Zoe (FR/MT),Darius/Gnar/LeBlanc (FR/NX),1,1,1
Darius/Gnar/LeBlanc (FR/NX),Norra/Zoe (BC/MT),1,1,1
Ezreal/Seraphine (PZ/SI),Nidalee/Sivir (BC/SH),1,1,1
Renekton (SH),Akshan/Udyr (FR/SH),1,1,1
Janna (IO/PZ),Annie/Gwen (NX/SI),1,1,1
Janna (IO/PZ),Ekko/Sivir (PZ/SH),1,1,1
Akshan/Aphelios (MT/SH),Norra/Zoe (BC/MT),1,1,1
Gwen/Katarina (NX/SI),Caitlyn/Janna (PZ/SI),1,1,1
Gwen/Katarina (NX/SI),Jhin/Yasuo (IO/RU),1,1,1
Championless (SI),Kalista/Sivir (SI/SH),1,1,1
Annie/Gwen (NX/SI),Katarina/Yasuo (IO/NX),1,1,1
Annie/Gwen (NX/SI),Braum (FR/IO),1,1,1
Neeko (RU/SH),Braum (FR/IO),1,1,1
Gnar/Sejuani (BC/FR),Aphelios/Yasuo (IO/MT),1,1,1
Gnar/Sejuani (BC/FR),Pantheon/Udyr (FR/MT),1,1,1
Garen/Neeko (DE/RU),Kalista/Lucian (DE/SI),1,1,1
Braum/Master Yi (FR/IO),Jhin/Kennen (IO/RU),1,1,1
Fiora/Pantheon (DE/MT),Gwen/Hecarim (SI),1,1,1
Akshan/Udyr (FR/SH),Caitlyn/Teemo (BC/PZ),1,1,1
Ashe/Sejuani (FR/SI),Championless (BW/SI),1,1,1
Kai'Sa/Sivir (DE/SH),Kalista/Lucian (DE/SI),1,1,1
Championpile (IO/SI),Kai'Sa/Sivir (DE/SH),1,1,1
Akshan/Quinn/Vayne (DE/SH),Kalista (SI),1,1,1
Neeko (RU/SH),Quinn/Vayne (DE/SH),1,1,1
Championless (PZ/SI),Akshan/Sivir (FR/SH),1,1,1
Kalista/Lucian (DE/SI),Ezreal/Seraphine (PZ/SI),1,1,1
Kalista/Lucian (DE/SI),Championpile (IO/SI),1,1,1
Kalista/Lucian (DE/SI),Irelia/Jhin (IO/RU),1,1,1
Irelia/Jhin (IO/RU),Diana/Nami (BW/MT),1,1,1
Braum/Zoe (FR/MT),Irelia/Jhin (IO/RU),1,1,1
Irelia/Jhin (IO/RU),Lulu/Tristana (BC/SI),1,1,1
Championless (BW/FR),Fiora/Pantheon (DE/MT),1,1,1
Championless (BW/FR),Akshan/Udyr (FR/SH),1,1,1
Annie/Miss Fortune (BW/NX),Caitlyn/Swain (NX/PZ),1,1,1
Pantheon/Udyr (FR/MT),Caitlyn/Seraphine (BC/PZ),1,1,1
Pantheon/Udyr (FR/MT),Ashe/Darius (FR/NX),1,1,1
Pantheon/Udyr (FR/MT),Ezreal/Seraphine (BC/PZ),1,1,1
Championless (SI),Katarina/Norra (BC/NX),1,1,1
Championless (SI),Annie/Gwen (NX/SI),1,1,1
Braum/Zoe (FR/MT),Annie/Gwen (NX/SI),1,1,1
Nidalee/Sivir (BC/SH),Annie/Gwen (NX/SI),1,1,1
Aphelios/Yasuo (IO/MT),Annie/Gwen (NX/SI),1,1,1
Braum/Master Yi (FR/IO),Ashe/LeBlanc (FR/NX),1,1,1
Katarina (IO/NX),Draven/Jinx (NX/PZ),1,1,1
Caitlyn/Janna (PZ/SI),Lulu/Zed (BC/IO),1,1,1
Nilah/Twisted Fate (BW/PZ),Ekko/Janna (PZ/SH),1,1,1
Nidalee/Sivir (BC/SH),Lux: Illuminated/Samira (DE/NX),1,1,1
Fiora/Pantheon (DE/MT),Lux: Illuminated/Samira (DE/NX),1,1,1
Championless (SI),Lux: Illuminated/Samira (DE/NX),1,1,1
Norra/Zoe (BC/MT),Fiora/Pantheon (DE/MT),1,1,1
Darius/Gnar (FR/NX),Braum/Renekton (FR/SH),1,1,1
Braum/Swain (FR/NX),Braum/Renekton (FR/SH),1,1,1
Braum/Renekton (FR/SH),Yasuo (IO/NX),1,1,1
Katarina/Yasuo (IO/NX),Lucian/Miss Fortune (BW/DE),1,1,1
Lucian/Miss Fortune (BW/DE),Championless (IO/MT),1,1,1
Braum (FR/MT),Aphelios/Yasuo (IO/MT),1,1,1
Braum/Zoe (FR/MT),Sejuani/Udyr (FR/NX),1,1,1
Caitlyn/LeBlanc (NX/PZ),Kalista (SI/SH),1,1,1
Akshan/Master Yi (IO/SH),Aphelios/Yasuo (IO/MT),1,1,1
Fiora/Pantheon (DE/MT),Quinn/Vayne (DE/NX),1,1,1
Annie/Jhin (RU/NX),Braum (FR/NX),1,1,1
Annie/Jhin (RU/NX),Quinn/Shen/Vayne (DE/IO),1,1,1
Aphelios/Diana (MT/NX),Gwen (FR/SI),1,1,1
Darius/Gnar (FR/NX),Gwen (FR/SI),1,1,1
Lulu/Zed (BC/IO),Gwen (FR/SI),1,1,1
Ezreal/Nilah/Twisted Fate (BW/PZ),Gwen (FR/SI),1,1,1
Lux: Illuminated/Shen (DE/IO),Fiora/Pantheon (DE/MT),1,1,1
Ezreal/Seraphine (PZ/SI),Braum (DE/FR),1,1,1
Master Yi/Nami (BW/IO),Championpile (IO/SI),1,1,1
Darius/Gnar (FR/NX),Hecarim/Swain (NX/SI),1,1,1
Ashe/Udyr (FR/MT),Annie/Jhin (RU/NX),1,1,1
Quinn/Shen/Vayne (DE/IO),Nidalee (BC/SH),1,1,1
Lulu/Tristana (BC/SI),Lux: Illuminated/Udyr (DE/FR),1,1,1
Lux: Illuminated/Udyr (DE/FR),Ezreal/Nilah/Twisted Fate (BW/PZ),1,1,1
Aphelios/Udyr (FR/MT),Gnar (FR/NX),1,1,1
Nilah/Twisted Fate (BW/PZ),Annie/Miss Fortune (BW/NX),1,1,1
Akshan/Samira (NX/SH),Fiora (DE/IO),1,1,1
Nilah/Twisted Fate (BW/PZ),Fiora (DE/IO),1,1,1
Caitlyn/Teemo (BC/PZ),Katarina/Norra (BC/NX),1,1,1
Aphelios/Zoe (MT),Akshan/Caitlyn (PZ/SH),1,1,1
Lissandra/Udyr (DE/FR),Braum/Zoe (FR/MT),1,1,1
Draven/Katarina (BC/NX),Fiora/Vayne (DE/IO),1,1,1
Braum/Darius (FR/NX),Janna/Norra (BC/PZ),1,1,1
Hecarim/Kalista (DE/SI),Janna/Twisted Fate (BW/PZ),1,1,1
Master Yi/Nami (BW/IO),Shen (IO/MT),1,1,1
Master Yi/Nami (BW/IO),Kalista/Nocturne/Zoe (MT/SI),1,1,1
Kalista/Nocturne/Zoe (MT/SI),Pantheon/Udyr (FR/MT),1,1,1
Braum/Zoe (FR/MT),Lulu/Tristana (BC/SI),1,1,1
Neeko/Nidalee (RU/SH),Annie/Seraphine (NX/PZ),1,1,1
Jhin/Kennen (IO/RU),Draven/Jinx (NX/PZ),1,1,1
Darius/Gnar/LeBlanc (FR/NX),Kalista/Lucian (DE/SI),1,1,1
Akshan/Master Yi (IO/SH),Seraphine/Zoe (MT/PZ),1,1,1
Seraphine/Zoe (MT/PZ),Fiora/Shen (DE/IO),1,1,1
Akshan/Master Yi (IO/SH),Ashe/Sejuani (FR/PZ),1,1,1
Janna (IO/PZ),Katarina/Norra (BC/NX),1,1,1
Fiora/Shen (DE/IO),Ekko/Gwen (PZ/SI),1,1,1
Ekko/Gwen (PZ/SI),Fiora (DE/MT),1,1,1
Ashe/LeBlanc (FR/NX),Ekko/Gwen (PZ/SI),1,1,1
Darius/LeBlanc (NX),Katarina/Yasuo (IO/NX),1,1,1
Katarina/Yasuo (IO/NX),Darius/LeBlanc/Samira (NX),1,1,1
Nilah/Twisted Fate (BW/PZ),Kennen/Nidalee (BC/SH),1,1,1
Ezreal/Seraphine (PZ/SI),Championless (FR/IO),1,1,1
Darius/LeBlanc/Samira (NX),Annie/Jhin (RU/NX),1,1,1
Bard/Norra (BC/RU),Kennen/Samira (IO/NX),1,1,1
Ashe/LeBlanc (FR/NX),Twisted Fate (BW/SI),1,1,1
Twisted Fate (BW/SI),Annie/Jhin (RU/NX),1,1,1
Janna/Nilah (BW/PZ),Aphelios/Gwen (MT/SI),1,1,1
Annie/Elise (NX/SI),Quinn/Vayne (DE/PZ),1,1,1
Championless (SI),Ashe/Braum (FR/SI),1,1,1
Braum/Zed (FR/IO),Ezreal (IO/PZ),1,1,1
Norra/Swain (BC/NX),Sejuani/Swain (FR/NX),1,1,1
Norra/Swain (BC/NX),Neeko (RU/SH),1,1,1
Ezreal/Seraphine (PZ/SI),Norra/Swain (BC/NX),1,1,1
Kai'Sa/Sivir (DE/SH),Lucian/Miss Fortune (BW/DE),1,1,1
Akshan/Sivir (FR/SH),Janna/Twisted Fate (BW/PZ),1,1,1
Garen/Udyr (DE/FR),Irelia/Jhin (IO/RU),1,1,1
Braum/Master Yi (FR/IO),Annie/Miss Fortune (BW/NX),1,1,1
LeBlanc/Swain (BW/NX),Janna (IO/PZ),1,1,1
Janna/Nilah (BW/PZ),Katarina/Norra (BC/NX),1,1,1
Fiora (DE/MT),Gwen/Quinn (DE/SI),1,1,1
Sejuani/Swain (FR/NX),Gwen/Quinn (DE/SI),1,1,1
Gwen/Quinn (DE/SI),Championless (SI),1,1,1
Gwen/Quinn (DE/SI),Janna/Twisted Fate (BW/PZ),1,1,1
Caitlyn/Swain (NX/PZ),Pyke/Rek'Sai (BW/SH),1,1,1
Bard/Norra (BC/RU),Aphelios/Master Yi (IO/MT),1,1,1
Caitlyn/Swain (NX/PZ),Lux: Illuminated/Pantheon (DE/MT),1,1,1
Ashe/LeBlanc (FR/NX),Kennen/Samira (IO/NX),1,1,1
Swain/Yasuo (IO/NX),Elise/Kalista/Lucian (DE/SI),1,1,1
Ashe/LeBlanc (FR/NX),Katarina (IO/NX),1,1,1
Draven/Jinx (NX/PZ),Ahri/Kennen (BC/IO),1,1,1
Master Yi/Nami (BW/IO),Braum/Renekton (FR/SH),1,1,1
Caitlyn/Swain (NX/PZ),Kennen/Nidalee (BC/SH),1,1,1
Gwen/Katarina (NX/SI),Braum/The Poro King (FR/RU),1,1,1
Nilah/Twisted Fate (BW/PZ),Darius/LeBlanc (FR/NX),1,1,1
Janna/Master Yi/Seraphine (IO/PZ),Ashe (FR/PZ),1,1,1
Ezreal (IO/PZ),Ashe/LeBlanc (FR/NX),1,1,1
Katarina/Master Yi (IO/NX),Braum/Master Yi (FR/IO),1,1,1
Caitlyn/Teemo (FR/PZ),Lux: Illuminated/Shen (DE/IO),1,1,1
Championless (BW/FR),Akshan/Pantheon (MT/SH),1,1,1
Akshan/Pantheon (MT/SH),Ashe/Sejuani (FR/SI),1,1,1
Ezreal (IO/PZ),Annie/Jhin (RU/NX),1,1,1
Pyke/Vayne (BW/DE),Annie/Jhin (RU/NX),1,1,1
Quinn/Vayne (DE/PZ),Darius (FR/NX),1,1,1
Quinn/Vayne (DE/PZ),Championless (SI),1,1,1
Sejuani/Swain (FR/NX),Darius (FR/NX),1,1,1
Fiora (DE/MT),Sejuani/Swain (FR/NX),1,1,1
Darius/LeBlanc (NX),Championless (SI),1,1,1
Braum/Master Yi (FR/IO),Caitlyn/Teemo (BC/PZ),1,1,1
Neeko (RU/SH),Fiora (DE/MT),1,1,1
Ezreal (IO/PZ),Fiora/Vayne (DE/IO),1,1,1
Ezreal (IO/PZ),Fiora (DE/MT),1,1,1
Ezreal (IO/PZ),Championless (BW/FR),1,1,1
Ashe (FR/PZ),Diana/Nami (BW/MT),1,1,1
Ashe/Sejuani (FR/PZ),Udyr (FR),1,1,1
Garen (DE/SH),Janna/Twisted Fate (BW/PZ),1,1,1
Garen (DE/SH),Caitlyn/Miss Fortune (BW/PZ),1,1,1
Fiora/Vayne (DE/IO),Udyr (FR),1,1,1
Swain/Udyr (FR/NX),Miss Fortune/Twisted Fate (BW/PZ),1,1,1
Braum/Zoe (FR/MT),Ezreal/Janna (PZ/SI),1,1,1
Janna/Master Yi (IO/PZ),Championless (FR/IO),1,1,1
Championless (FR/IO),Neeko (RU/SH),1,1,1
Annie/Gwen (NX/SI),Pantheon/Zoe (MT),1,1,1
Gwen/Vayne (DE/SI),Katarina/LeBlanc/Miss Fortune (BW/NX),1,1,1
Akshan/Sivir (FR/SH),Braum/Udyr (FR/IO),1,1,1
Annie/Jhin (RU/NX),Fiora/Vayne (DE/IO),1,1,1
Braum/The Poro King (FR/RU),Annie/Jhin (RU/NX),1,1,1
Lux: Illuminated/Shen (DE/IO),Akshan/Master Yi (IO/SH),1,1,1
Swain/Yasuo (IO/NX),Lulu/Shen (DE/IO),1,1,1
Braum/Udyr (FR),Pantheon/Zoe (MT/SI),1,1,1
Ezreal (IO/PZ),Pantheon/Zoe (MT/SI),1,1,1
Caitlyn (DE/PZ),Lux: Illuminated/Shen (DE/IO),1,1,1
Teemo/Vayne (DE/PZ),Nilah/Twisted Fate (BW/PZ),1,1,1
Jhin/Yasuo (IO/RU),Janna/Twisted Fate (BW/PZ),1,1,1
Akshan/Udyr (FR/SH),Aphelios/Zoe (IO/MT),1,1,1
Master Yi/Vayne (DE/IO),Aphelios/Zoe (IO/MT),1,1,1
Caitlyn (BW/PZ),Ashe/LeBlanc (FR/NX),1,1,1
Braum/Zoe (FR/MT),Miss Fortune/Quinn/Vayne (BW/DE),1,1,1
Teemo/Vayne (DE/PZ),Akshan/Udyr (FR/SH),1,1,1
Braum/Zoe (FR/MT),Braum (FR/SI),1,1,1
Braum/Zoe (FR/MT),Nami/Udyr (BW/FR),1,1,1
Braum/Zoe (FR/MT),Caitlyn/Janna/Teemo (FR/PZ),1,1,1
Akshan/Fiora (DE/SH),Ashe (FR/NX),1,1,1
Neeko/Nidalee (RU/SH),Fiora/Pantheon (DE/MT),1,1,1
Neeko (RU/SH),Miss Fortune/Quinn/Vayne (BW/DE),1,1,1
Neeko/Nidalee (RU/SH),Braum/The Poro King (FR/RU),1,1,1
Ashe (FR/PZ),Braum/The Poro King (FR/RU),1,1,1
Championless (PZ/SI),Lux: Illuminated/Shen (DE/IO),1,1,1
Ashe (FR/PZ),Master Yi/Vayne (DE/IO),1,1,1
Janna/Twisted Fate (BW/PZ),Swain/Udyr (FR/NX),1,1,1
Janna/Twisted Fate (BW/PZ),Ezreal/Janna/Seraphine (NX/PZ),1,1,1
Championless (MT/SI),Jhin/Kennen (IO/RU),1,1,1
Championless (MT/SI),Swain/Udyr (FR/NX),1,1,1
Braum/Udyr (FR),Ezreal (IO/PZ),1,1,1
Ezreal (IO/PZ),Gnar/Nidalee (BC/SH),1,1,1
Janna/Twisted Fate (BW/PZ),Ezreal (IO/PZ),1,1,1
Fizz/Nami (BC/BW),Kalista (SI),1,1,1
Aphelios/Udyr (FR/MT),Fizz/Nami (BC/BW),1,1,1
Swain/Udyr (FR/NX),Gnar/Nidalee (BC/SH),1,1,1
Gwen/Katarina (NX/SI),Gwen/Irelia (IO/SI),1,1,1
Gwen/Irelia (IO/SI),Jhin/Yasuo (IO/RU),1,1,1
Gnar/Nidalee (BC/SH),Gwen/Irelia (IO/SI),1,1,1
Gnar/Sejuani (BC/FR),Renekton (SH),1,1,1
Renekton (SH),Lissandra (FR/SH),1,1,1
Udyr (FR/PZ),Teemo/Zoe (BC/MT),1,1,1
Teemo/Zoe (BC/MT),Janna/Twisted Fate (BW/PZ),1,1,1
Samira/Sejuani (FR/NX),Yasuo (IO/MT),1,1,1
Championpile (BW/DE),Annie/Ezreal (NX/PZ),1,1,1
LeBlanc/Sivir (NX/SH),Samira/Sejuani (FR/NX),1,1,1
Caitlyn/LeBlanc (NX/PZ),Janna/Twisted Fate (BW/PZ),1,1,1
Gnar/Sejuani (BC/FR),Janna/Twisted Fate (BW/PZ),1,1,1
Nilah/Twisted Fate (BW/PZ),Udyr (FR),1,1,1
Ashe (FR/PZ),Draven/Jinx (NX/PZ),1,1,1
Neeko/Nidalee (RU/SH),Aphelios/Diana (MT/NX),1,1,1
Akshan/Samira (NX/SH),Neeko (DE/RU),1,1,1
Janna/Seraphine (BC/PZ),Neeko (DE/RU),1,1,1
Gnar/Sejuani (BC/FR),Neeko (DE/RU),1,1,1
Neeko (DE/RU),Annie/Jhin/Samira (RU/NX),1,1,1
Katarina/Yasuo (IO/NX),Neeko (DE/RU),1,1,1
Gnar/Sejuani (BC/FR),Fiora (DE/IO),1,1,1
Fizz/Nami (BC/BW),Caitlyn/LeBlanc (NX/PZ),1,1,1
Miss Fortune/Quinn (BW/DE),Championless (MT/SI),1,1,1
Gnar/Sejuani (BC/FR),Janna/Seraphine (BC/PZ),1,1,1
Udyr (FR/PZ),Kalista/Lulu (IO/SI),1,1,1
Udyr (FR/PZ),Caitlyn (FR/PZ),1,1,1
Aphelios/Pantheon/Udyr (FR/MT),Braum (FR/MT),1,1,1
Aphelios/Pantheon/Udyr (FR/MT),Braum/Zoe (FR/MT),1,1,1
Aphelios/Diana/Udyr (FR/MT),Diana/Nocturne (MT/SI),1,1,1
Caitlyn/Swain (NX/PZ),Master Yi/Vayne (DE/IO),1,1,1
Caitlyn/Swain (NX/PZ),Aphelios/Fizz (BW/MT),1,1,1
Caitlyn/Swain (NX/PZ),Master Yi/Nami (BW/IO),1,1,1
Gnar/Sejuani (BC/FR),Teemo/Zoe (BC/MT),1,1,1
Teemo/Zoe (BC/MT),LeBlanc/Sivir (NX/SH),1,1,1
Caitlyn/Norra (BC/PZ),Caitlyn/Norra/Teemo (BC/PZ),1,1,1
Udyr (FR/PZ),Jhin/Yasuo (IO/RU),1,1,1
Gnar/Renekton (FR/SH),Yasuo (IO/NX),1,1,1
Aphelios/Fizz (BW/MT),Shen/Sivir (IO/SH),1,1,1
Aphelios/Zoe (BC/MT),Ashe (FR/PZ),1,1,1
Neeko (DE/RU),LeBlanc/Sivir (NX/SH),1,1,1
Gnar/Sejuani (BC/FR),Udyr (FR/PZ),1,1,1
Norra/Zoe (BC/MT),Ezreal/Twisted Fate (BW/PZ),1,1,1
Fiora/Pantheon (DE/MT),Aphelios/Pantheon/Udyr (FR/MT),1,1,1
Darius/Gnar (FR/NX),Championless (NX/SI),1,1,1
Darius/Gnar (FR/NX),Aphelios/Pantheon/Udyr (FR/MT),1,1,1
Championless (NX/SI),Aphelios/Pantheon/Udyr (FR/MT),1,1,1
Ashe/LeBlanc (FR/NX),Aphelios/Pantheon/Udyr (FR/MT),1,1,1
Aphelios/Pantheon/Udyr (FR/MT),Teemo/Tristana (BC/SH),1,1,1
Master Yi/Seraphine (IO/PZ),Nilah/Twisted Fate (BW/PZ),1,1,1
Janna/Twisted Fate (BW/PZ),Master Yi/Seraphine (IO/PZ),1,1,1
Swain/Yasuo (IO/NX),Katarina/Zed (IO/NX),1,1,1
Ezreal/Twisted Fate (BW/PZ),Ezreal/Seraphine (IO/PZ),1,1,1
Kai'Sa/Sivir (DE/SH),Janna (PZ/SI),1,1,1
Janna/Twisted Fate (BW/PZ),Gwen/Kalista (NX/SI),1,1,1
Championless (DE/MT),Braum/Udyr (FR),1,1,1
Braum/Udyr (FR),Aphelios/Zoe (MT),1,1,1
Annie/Jhin (RU/NX),Braum/Udyr (FR),1,1,1
Ashe/LeBlanc (FR/NX),Katarina/Zed (IO/NX),1,1,1
Sejuani/Swain (FR/NX),Master Yi/Seraphine (IO/PZ),1,1,1
Katarina/Zed (IO/NX),Annie/Jhin (RU/NX),1,1,1
Katarina/Zed (IO/NX),Hecarim/Lucian (DE/SI),1,1,1
Akshan/Master Yi (IO/SH),Shen (IO/MT),1,1,1
Championless (SI),Akshan/LeBlanc (NX/SH),1,1,1
Pantheon/Udyr (FR/MT),Akshan/LeBlanc (NX/SH),1,1,1
Pantheon/Udyr (FR/MT),Seraphine/Zoe (MT/PZ),1,1,1
Pantheon/Udyr (FR/MT),Annie/Sejuani (FR/NX),1,1,1
Darius/Gwen (NX/SI),Janna/Norra (BC/PZ),1,1,1
Pantheon/Udyr (FR/MT),Ezreal/Twisted Fate (BW/PZ),1,1,1
Ezreal/Twisted Fate (BW/PZ),Janna (IO/PZ),1,1,1
Caitlyn/Katarina (NX/PZ),Nilah/Twisted Fate (BW/PZ),1,1,1
Pantheon/Udyr (FR/MT),Lissandra/Udyr (DE/FR),1,1,1
Pantheon/Udyr (FR/MT),Master Yi/Samira (IO/NX),1,1,1
Katarina/Miss Fortune (BW/NX),Caitlyn/Teemo (BC/PZ),1,1,1
Katarina/Miss Fortune (BW/NX),Garen/Udyr (DE/FR),1,1,1
Swain/Yasuo (IO/NX),Fiora/Pantheon (DE/MT),1,1,1
Braum/Zoe (FR/MT),Elise/Neeko (RU/SI),1,1,1
Braum/Zoe (FR/MT),Akshan/Vayne (DE/SH),1,1,1
Ahri/Kennen (BC/IO),Leona/Yasuo (IO/MT),1,1,1
Udyr (FR/MT),Norra/Zoe (BC/MT),1,1,1
Evelynn/Norra (BC/RU),Championpile (IO/SI),1,1,1
Annie/Jhin (RU/NX),Caitlyn/Katarina (NX/PZ),1,1,1
Annie/Jhin (RU/NX),Caitlyn/Darius (NX/PZ),1,1,1
Aphelios/Zoe (BC/MT),Braum (FR/NX),1,1,1
Nilah/Twisted Fate (BW/PZ),Lux: Illuminated/Shen (DE/IO),1,1,1
Aphelios/Zoe (MT),Katarina/Zed (IO/NX),1,1,1
Ahri/Kennen (BC/IO),Caitlyn/Darius (NX/PZ),1,1,1
Nidalee (BC/SH),Braum (FR/NX),1,1,1
Championpile (FR/SH),Ashe (FR/PZ),1,1,1
Janna (IO/PZ),Lulu/Zed (BC/IO),1,1,1
Norra (BC/FR),Caitlyn/Seraphine (BC/PZ),1,1,1
Caitlyn/Katarina (NX/PZ),Championpile (FR/SH),1,1,1
Aphelios/Udyr (FR/MT),Braum/Zoe (FR/MT),1,1,1
Annie/Jhin (RU/NX),Aphelios/Zoe (MT),1,1,1
Ashe/LeBlanc (FR/NX),Janna/Seraphine (PZ/SI),1,1,1
Katarina/LeBlanc/Miss Fortune (BW/NX),Leona/Yasuo (IO/MT),1,1,1
Ashe/Lissandra (FR/PZ),Lucian/Miss Fortune (BW/DE),1,1,1
Janna/Master Yi (IO/PZ),Master Yi/Seraphine (IO/PZ),1,1,1
Caitlyn/Teemo (BC/PZ),Quinn/Vayne (DE/PZ),1,1,1
Caitlyn/Teemo (BC/PZ),Caitlyn/Teemo (FR/PZ),1,1,1
Pantheon/Udyr (FR/MT),Akshan/Sivir (DE/SH),1,1,1
Swain/Twisted Fate (BW/NX),Pantheon/Udyr (FR/MT),1,1,1
Pantheon/Udyr (FR/MT),Sejuani/Swain (FR/NX),1,1,1
Pantheon/Udyr (FR/MT),Ezreal/Miss Fortune (BW/PZ),1,1,1
Braum/Garen (DE/FR),Ezreal/Seraphine (PZ/SI),1,1,1
Quinn/Vayne (DE/PZ),Ezreal/Seraphine (PZ/SI),1,1,1
Ezreal/Seraphine (PZ/SI),Caitlyn/Ezreal (BC/PZ),1,1,1
Ezreal/Seraphine (PZ/SI),Master Yi/Seraphine (IO/PZ),1,1,1
Janna (IO/PZ),Braum (FR/NX),1,1,1
Nilah/Twisted Fate (BW/PZ),Neeko/Nidalee (RU/SH),1,1,1
Shen/Sivir (IO/SH),Samira/Sejuani (FR/NX),1,1,1
Braum/Janna/Seraphine (FR/PZ),Nilah/Twisted Fate (BW/PZ),1,1,1
Caitlyn/Darius (NX/PZ),Evelynn/Norra (BC/RU),1,1,1
Master Yi/Nami (BW/IO),Ezreal/Swain (NX/PZ),1,1,1
Quinn/Vayne (DE/PZ),Championless (BW/SI),1,1,1
Quinn/Vayne (DE/PZ),Braum (FR/NX),1,1,1
Samira/Sejuani (FR/NX),Ezreal/Fizz (BC/PZ),1,1,1
Nidalee (BC/SH),Samira/Sejuani (FR/NX),1,1,1
Draven/Katarina (IO/NX),Championpile (IO/SI),1,1,1
Norra/Teemo (BC/PZ),Akshan/Sivir (DE/SH),1,1,1
Braum (FR/NX),Caitlyn/Teemo (FR/PZ),1,1,1
Braum/Sejuani (BW/FR),Caitlyn/Teemo (FR/PZ),1,1,1
Neeko/Teemo (BC/RU),Aphelios/Leona (MT/SI),1,1,1
Aphelios/Leona (MT/SI),Darius/Gnar (FR/NX),1,1,1
Championless (MT/SI),Bard/Caitlyn/Teemo (RU/PZ),1,1,1
Darius/Gnar (FR/NX),Caitlyn/Darius (NX/PZ),1,1,1
Braum (FR/NX),Caitlyn/Seraphine (BC/PZ),1,1,1
Bard/Caitlyn/Teemo (RU/PZ),Darius/Gwen (NX/SI),1,1,1
Akshan/Master Yi (IO/SH),Braum/Norra (BC/FR),1,1,1
Neeko/Nidalee (RU/SH),Samira/Sejuani (FR/NX),1,1,1
Samira/Sejuani (FR/NX),Leona/Pantheon (MT/SI),1,1,1
Ashe/Garen (DE/FR),Championpile (PZ/SH),1,1,1
Gwen/Udyr (FR/SI),Norra (BC/FR),1,1,1
Annie/Yasuo (IO/NX),Caitlyn/Ezreal (BC/PZ),1,1,1
Championless (SI),Ahri/Yasuo (IO/NX),1,1,1
Championless (SI),Caitlyn/Ezreal (BC/PZ),1,1,1
Gnar/Sejuani (FR/NX),Darius (FR/NX),1,1,1
Annie/Jhin/Katarina (RU/NX),Pantheon/Zoe (MT/NX),1,1,1
Braum/Zoe (FR/MT),Bard/Norra/Teemo (BC/RU),1,1,1
Akshan/Udyr (FR/SH),Lulu/Tristana (BC/IO),1,1,1
Udyr/Vayne (DE/FR),Bard/Caitlyn/Teemo (RU/PZ),1,1,1
Championless (MT/SI),Caitlyn (FR/PZ),1,1,1
Braum/Zoe (FR/MT),Neeko/Zoe (MT/RU),1,1,1
Udyr/Vayne (DE/FR),Kai'Sa (PZ/SH),1,1,1
Gnar/Nidalee (BC/SH),Gwen/Hecarim (SI),1,1,1
Darius/Gwen (NX/SI),Swain/Yasuo (IO/NX),1,1,1
Bard/Braum (RU/FR),LeBlanc (FR/NX),1,1,1
Ezreal/Seraphine (PZ/SI),Bard/Braum (RU/FR),1,1,1
LeBlanc/Sivir (NX/SH),Bard/Braum (RU/FR),1,1,1
Bard/Braum (RU/FR),Caitlyn (FR/PZ),1,1,1
Janna/Nilah (BW/PZ),Lulu/Shen (DE/IO),1,1,1
Lulu/Shen (DE/IO),Championless (MT/SI),1,1,1
Lulu/Shen (DE/IO),Darius/LeBlanc (NX/PZ),1,1,1
Udyr/Vayne (DE/FR),Lulu/Shen (DE/IO),1,1,1
Kalista/Lucian (DE/SI),Akshan/Kai'Sa (DE/SH),1,1,1
Kalista (SI),LeBlanc (FR/NX),1,1,1
Sejuani/Udyr (FR/PZ),Championless (NX/SI),1,1,1
Ashe/LeBlanc (FR/NX),Yasuo (IO),1,1,1
Udyr/Vayne (DE/FR),LeBlanc (FR/NX),1,1,1
Udyr/Vayne (DE/FR),Caitlyn (FR/PZ),1,1,1
Katarina (FR/NX),Aphelios/Zoe (IO/MT),1,1,1
LeBlanc (FR/NX),Caitlyn/Teemo (BC/PZ),1,1,1
LeBlanc (FR/NX),Aphelios/Zoe (BC/MT),1,1,1
Ashe/Darius (FR/NX),Caitlyn/Teemo (BC/PZ),1,1,1
Braum/Udyr (FR/NX),Caitlyn/Teemo (BC/PZ),1,1,1
LeBlanc/Sivir (NX/SH),LeBlanc (FR/NX),1,1,1
LeBlanc/Sivir (NX/SH),Annie/Jhin/Katarina (RU/NX),1,1,1
LeBlanc/Sivir (NX/SH),Darius/LeBlanc (NX/SH),1,1,1
Janna/Twisted Fate (BW/PZ),Miss Fortune/The Poro King (BW/RU),1,1,1
Ashe/LeBlanc (FR/NX),Miss Fortune/The Poro King (BW/RU),1,1,1
Darius/Sejuani (FR/NX),Akshan/Caitlyn (PZ/SH),1,1,1
Ezreal/Nilah/Twisted Fate (BW/PZ),Pantheon/Udyr (FR/MT),1,1,1
Katarina (FR/NX),Pantheon/Udyr (FR/MT),1,1,1
Annie/Jhin/Katarina (RU/NX),Ezreal/Nilah (BW/PZ),1,1,1
Braum/Zoe (FR/MT),Jhin/Zoe (RU/MT),1,1,1
Ezreal/Seraphine (PZ/SI),Swain/Yasuo (IO/NX),1,1,1
Ezreal/Seraphine (PZ/SI),Akshan/Nami (BW/SH),1,1,1
Ashe/LeBlanc (FR/NX),Championless (BW/SI),1,1,1
Championless (SI),Akshan/Renekton (SH),1,1,1
Bard/Norra/Teemo (BC/RU),Janna (IO/PZ),1,1,1
Ashe/LeBlanc (FR/NX),Samira/Sejuani (FR/NX),1,1,1
Udyr/Zed (FR/IO),Gwen/Vayne (DE/SI),1,1,1
Katarina (IO/NX),Teemo/Tristana (BC/SH),1,1,1
Fiora/Pantheon (DE/MT),Garen/Miss Fortune/Quinn (BW/DE),1,1,1
Janna/Nami/Nilah (BW/PZ),Bard/Norra (BC/RU),1,1,1
Championless (MT/SI),Darius/Yasuo (IO/NX),1,1,1
Darius/LeBlanc (NX/SH),Caitlyn/Swain (NX/PZ),1,1,1
Akshan/Kai'Sa (DE/SH),Caitlyn/Swain (NX/PZ),1,1,1
Caitlyn/Swain (NX/PZ),Bard/Caitlyn/Teemo (RU/PZ),1,1,1
Neeko/Nidalee/Renekton (RU/SH),Neeko/Zoe (MT/RU),1,1,1
Udyr/Zed (FR/IO),Ezreal/Swain (NX/PZ),1,1,1
Ezreal/Swain (NX/PZ),Diana/Zoe (MT),1,1,1
Ezreal/Swain (NX/PZ),Teemo (BC/PZ),1,1,1
LeBlanc (FR/NX),Bard/Norra (BC/RU),1,1,1
Braum/Zoe (FR/MT),Annie/Jhin/Katarina (RU/NX),1,1,1
Annie/Jhin/Katarina (RU/NX),Caitlyn/Teemo (BC/PZ),1,1,1
Championless (FR/NX),Bard/Norra (BC/RU),1,1,1
Garen/Shen (DE/IO),Sejuani/Swain (FR/NX),1,1,1
Championless (BW/SI),Gwen/Udyr (FR/SI),1,1,1
Aphelios/Zoe (BC/MT),Leona/Yasuo (IO/MT),1,1,1
Championless (MT/SI),Kai'Sa/Sivir (DE/SH),1,1,1
Gnar/Nidalee (BC/SH),Nami/Pantheon (BW/MT),1,1,1
Braum/Udyr (FR/NX),Norra/Teemo (BC/PZ),1,1,1
Akshan/Master Yi (IO/SH),Garen/Miss Fortune/Quinn (BW/DE),1,1,1
Katarina/Udyr (FR/NX),Sivir (NX/SH),1,1,1
Katarina/Udyr (FR/NX),Samira/Sejuani (FR/NX),1,1,1
Katarina/Udyr (FR/NX),Nami/Pantheon (BW/MT),1,1,1
Katarina/Udyr (FR/NX),Garen/Miss Fortune/Quinn (BW/DE),1,1,1
Diana/Zoe (MT),Katarina/Udyr (FR/NX),1,1,1
Braum/Swain (FR/NX),Katarina/Udyr (FR/NX),1,1,1
Caitlyn/Darius (NX/PZ),Norra/Tristana (BC/BW),1,1,1
Braum (FR/NX),Master Yi/Udyr (FR/IO),1,1,1
Leona/Yasuo (IO/MT),Championpile (PZ/SH),1,1,1
Katarina (FR/NX),Braum/Zoe (FR/MT),1,1,1
Gwen/Kalista (PZ/SI),Ezreal/Seraphine (PZ/SI),1,1,1
Bard/Norra/Teemo (BC/RU),Nami/Pantheon (BW/MT),1,1,1
Fiora/Shen (DE/IO),Fizz/Samira (BW/NX),1,1,1
LeBlanc/Sivir (NX/SH),Braum (FR/IO),1,1,1
Braum (FR/IO),Sejuani/Swain (FR/NX),1,1,1
Braum (FR/IO),LeBlanc (FR/NX),1,1,1
Braum (FR/IO),Darius/Sejuani (FR/NX),1,1,1
Gnar/Sejuani (BC/FR),Katarina/Zed (IO/NX),1,1,1
Gwen/Hecarim (SI),Katarina/Udyr (FR/NX),1,1,1
Gwen/Hecarim (SI),Kai'Sa/Sivir (DE/SH),1,1,1
Bard/Braum (RU/FR),Pantheon/Udyr (FR/MT),1,1,1
Championless (MT/SI),Annie/Jhin/Katarina (RU/NX),1,1,1
Annie/Jhin/Katarina (RU/NX),Championless (SI),1,1,1
Akshan (PZ/SH),Ashe (FR/SI),1,1,1
Braum/Janna/Seraphine (FR/PZ),Ashe/Fiora (DE/FR),1,1,1
Ashe (FR/PZ),Akshan/Zoe (MT/SH),1,1,1
Akshan/Zoe (MT/SH),Ashe/LeBlanc (FR/NX),1,1,1
Akshan/Zoe (MT/SH),Tristana (BC/PZ),1,1,1
Bard/Norra (BC/RU),Akshan/Zoe (MT/SH),1,1,1
Akshan/Sivir (DE/SH),Akshan/Udyr (FR/SH),1,1,1
Akshan/Udyr (FR/SH),Katarina/Udyr (FR/NX),1,1,1
Kai'Sa/Sivir (DE/SH),Bard/Norra (BC/RU),1,1,1
LeBlanc/Sivir (NX/SH),Yasuo/Zed (IO/PZ),1,1,1
Ezreal/Twisted Fate (BW/PZ),Gwen/LeBlanc (NX/SI),1,1,1
Pantheon/Udyr (FR/MT),Janna/Twisted Fate (BW/PZ),1,1,1
Neeko/Zoe (MT/RU),Pantheon/Udyr (FR/MT),1,1,1
Nilah/Twisted Fate (BW/PZ),Janna/Miss Fortune/Nami (BW/PZ),1,1,1
Caitlyn/Janna/Teemo (FR/PZ),Miss Fortune/Nami (BW/PZ),1,1,1
Miss Fortune (BW/PZ),Championless (DE/MT),1,1,1
Janna/Seraphine (IO/PZ),Akshan/Zoe (MT/SH),1,1,1
Janna/Seraphine (IO/PZ),Yasuo (IO/MT),1,1,1
Swain/Yasuo (IO/NX),Neeko (FR/RU),1,1,1
Norra/Udyr (BC/FR),Fizz/Nami (BW/FR),1,1,1
Ezreal/Seraphine (PZ/SI),Aphelios/Zoe (IO/MT),1,1,1
Swain/Twisted Fate (BW/NX),Braum/Udyr (FR),1,1,1
Nidalee (IO/SH),Hecarim/Lucian (DE/SI),1,1,1
Braum/Zed (FR/IO),Leona/Yasuo (IO/MT),1,1,1
Katarina/Swain (NX/PZ),Udyr/Zed (FR/IO),1,1,1
Braum/Udyr (FR),Akshan/Fiora (DE/SH),1,1,1
Ashe/Darius (FR/NX),Leona/Zoe (DE/MT),1,1,1
Ashe (FR/PZ),Braum/Zed (FR/IO),1,1,1
Shen/Sivir (IO/SH),Fiora/Shen (DE/IO),1,1,1
Championless (SI),Teemo (BC/PZ),1,1,1
Tristana (BC/PZ),Master Yi/Samira (IO/NX),1,1,1
Tristana (BC/PZ),Braum/Swain (FR/NX),1,1,1
Tristana (BC/PZ),LeBlanc/Sivir (NX/SH),1,1,1
Katarina/Udyr (FR/NX),Fizz/Jinx (BC/PZ),1,1,1
Katarina/Udyr (FR/NX),Ashe (FR),1,1,1
Katarina/Udyr (FR/NX),Bard/Norra (BC/RU),1,1,1
Braum (FR/NX),Katarina/Udyr (FR/NX),1,1,1
Braum (FR/NX),Championless (SI/SH),1,1,1
Lissandra/Udyr (DE/FR),Nami/Norra (BC/BW),1,1,1
Bard/Norra/Teemo (BC/RU),Nami/Norra (BC/BW),1,1,1
Annie/Jhin (RU/NX),Nami/Norra (BC/BW),1,1,1
Janna/Nilah (BW/PZ),Samira/Sejuani (FR/NX),1,1,1
Garen/Lucian (DE),Fiora (DE/IO),1,1,1
Akshan/Samira (NX/SH),Championpile (PZ/SH),1,1,1
Gwen/Zed (IO/SI),Braum/Udyr (FR),1,1,1
Ashe (FR),Ezreal/Twisted Fate (BW/PZ),1,1,1
Braum/Sejuani (BW/FR),Ashe/LeBlanc (FR/NX),1,1,1
Championless (DE/MT),Swain/Twisted Fate (BW/NX),1,1,1
Janna (IO/PZ),Bard/Norra (BC/RU),1,1,1
Neeko (IO/RU),Championless (SI),1,1,1
Braum (FR/IO),Quinn/Vayne (DE/PZ),1,1,1
Braum/Zoe (FR/MT),Quinn/Vayne (DE/SH),1,1,1
Shen/Sivir (IO/SH),Neeko (RU/SH),1,1,1
Sejuani/Teemo (FR/PZ),Championless (MT/SI),1,1,1
Darius/Gwen/Hecarim (NX/SI),Braum/Zoe (FR/MT),1,1,1
Janna/Master Yi (IO/PZ),Darius/Gwen/Hecarim (NX/SI),1,1,1
Gwen/Hecarim (SI),Shen/Sivir (IO/SH),1,1,1
Annie/Jhin/Katarina (RU/NX),Gwen/Hecarim (SI),1,1,1
Gwen/Katarina (NX/SI),Gnar/Sejuani (FR/PZ),1,1,1
Ezreal/Nami (BW/PZ),Gwen/Katarina (NX/SI),1,1,1
Fiora/Shen (DE/IO),Akshan/Zoe (MT/SH),1,1,1
Fiora/Shen (DE/IO),Akshan/Sivir (FR/SH),1,1,1
Swain/Twisted Fate (BW/NX),Quinn/Vayne (DE/SH),1,1,1
LeBlanc/Sivir (NX/SH),Quinn/Vayne (DE/PZ),1,1,1
Ashe/Swain (FR/NX),Pantheon/Udyr (FR/MT),1,1,1
Norra/Swain (BC/NX),Miss Fortune (BW/PZ),1,1,1
Miss Fortune (BW/PZ),Ashe/LeBlanc (FR/NX),1,1,1
Janna/Miss Fortune/Nami (BW/PZ),Ashe/LeBlanc (FR/NX),1,1,1
Ashe/Udyr (FR/MT),Janna/Miss Fortune/Nami (BW/PZ),1,1,1
Championless (SI),Yasuo (FR/IO),1,1,1
Katarina/Miss Fortune (BW/NX),Ezreal/Seraphine (PZ/SI),1,1,1
Master Yi/Udyr (FR/IO),Caitlyn/Norra/Teemo (BC/PZ),1,1,1
Gnar/Sejuani (FR/PZ),Annie/Jhin (RU/NX),1,1,1
Gnar/Sejuani (FR/PZ),Akshan/Master Yi (IO/SH),1,1,1
Gnar/Sejuani (FR/PZ),Ashe/LeBlanc (FR/NX),1,1,1
Lissandra/Udyr (DE/FR),Caitlyn (BC/PZ),1,1,1
Caitlyn (BC/PZ),Ezreal/Nami (BW/PZ),1,1,1
Braum (FR/MT),Katarina/Swain (NX/PZ),1,1,1
Sejuani/Swain (FR/NX),Yasuo (FR/IO),1,1,1
Quinn/Vayne (DE/PZ),Hecarim/Zed (IO/SI),1,1,1
Quinn/Vayne (DE/PZ),Lulu/Shen (IO/MT),1,1,1
Ashe/Lissandra (FR/PZ),Swain/Twisted Fate (BW/NX),1,1,1
Norra/Swain (BC/NX),Annie/Jhin (RU/NX),1,1,1
Janna/Twisted Fate (BW/PZ),Ashe/Darius (FR/NX),1,1,1
Championless (MT/SI),Leona (MT),1,1,1
Teemo/Tristana (BC/BW),Janna/Twisted Fate (BW/PZ),1,1,1
Lissandra/Udyr (DE/FR),Janna/Twisted Fate (BW/PZ),1,1,1
Fiora/Shen (DE/IO),Braum/Swain/Udyr (FR/NX),1,1,1
Gwen/Lucian (DE/SI),Bard/Norra (BC/RU),1,1,1
Pantheon/Udyr (FR/MT),Diana/Nocturne (MT/SI),1,1,1
Ashe/Sejuani (FR/SI),Gwen/Irelia (IO/SI),1,1,1
Ezreal/Nami (BW/PZ),Ezreal/Twisted Fate (BW/PZ),1,1,1
Ezreal/Seraphine (PZ/SI),Ezreal/Miss Fortune (BW/PZ),1,1,1
Ezreal/Seraphine (PZ/SI),Ezreal/Nami (BW/PZ),1,1,1
Ezreal/Seraphine (PZ/SI),Gwen (SI),1,1,1
Lux: Illuminated/Shen (DE/IO),Bard/Udyr (RU/FR),1,1,1
Lux: Illuminated/Neeko (DE/RU),Darius (NX),1,1,1
Fiora/Shen (DE/IO),Darius (NX/SH),1,1,1
Teemo/Zoe (BC/MT),Akshan/LeBlanc (NX/SH),1,1,1
Darius/Gwen/Hecarim (NX/SI),Bard/Udyr (RU/FR),1,1,1
Darius/Gwen (NX/SI),Darius/Gwen/Hecarim (NX/SI),1,1,1
Ashe/Swain (FR/NX),Darius/Gwen/Hecarim (NX/SI),1,1,1
Annie/Jhin/Katarina (RU/NX),Darius/Gwen/Hecarim (NX/SI),1,1,1
Gwen/Katarina (NX/SI),Championless (PZ/SI),1,1,1
Gwen/Katarina (NX/SI),Janna/Twisted Fate (BW/PZ),1,1,1
Ezreal/Seraphine (PZ/SI),Teemo/Vayne (DE/PZ),1,1,1
Akshan/Kai'Sa (DE/SH),Katarina/LeBlanc/Miss Fortune (BW/NX),1,1,1
Fizz (BW/FR),Ezreal/Teemo/Udyr (FR/PZ),1,1,1
Janna/Master Yi (IO/PZ),Championless (BC/SI),1,1,1
Teemo/Vayne (DE/PZ),Kalista (SI/SH),1,1,1
Darius/Gnar (FR/NX),Akshan/Sivir (FR/SH),1,1,1
Akshan/Sivir (FR/SH),Bard/Udyr (RU/FR),1,1,1
LeBlanc (FR/NX),Janna (IO/PZ),1,1,1
Caitlyn/Katarina (NX/PZ),Zoe (BC/MT),1,1,1
Caitlyn/Ezreal (BC/PZ),Zoe (BC/MT),1,1,1
Nilah/Twisted Fate (BW/PZ),Akshan/Kai'Sa (DE/SH),1,1,1
Janna/Seraphine (IO/PZ),Ezreal/Seraphine (PZ/SI),1,1,1
Bard/Udyr (RU/FR),Teemo/Zoe (BC/MT),1,1,1
Braum/Zoe (FR/MT),Ezreal/Nami (BW/PZ),1,1,1
Janna/Master Yi (IO/PZ),Caitlyn (BC/PZ),1,1,1
Aphelios/Gnar (FR/MT),Ashe/Kalista (FR/SI),1,1,1
Championless (SI),Ashe/Kalista (FR/SI),1,1,1
Akshan/Udyr (FR/SH),Caitlyn/Seraphine (BC/PZ),1,1,1
Ashe/LeBlanc (FR/NX),Ashe/Swain (FR/NX),1,1,1
Braum/Sejuani/Swain (FR/NX),Katarina/Miss Fortune (BW/NX),1,1,1
Braum/Zoe (FR/MT),Darius (IO/NX),1,1,1
Braum/Zoe (FR/MT),Ashe (FR/NX),1,1,1
Darius/Gwen (NX/SI),Ashe (FR/NX),1,1,1
Championless (SI),Akshan (PZ/SH),1,1,1
Championless (SI),Teemo/Tristana (BC/BW),1,1,1
Bard/Udyr (RU/FR),Championless (SI),1,1,1
Caitlyn/Nilah (BW/PZ),Akshan/Master Yi (IO/SH),1,1,1
Janna/Master Yi (IO/PZ),Gnar/Nidalee (BC/SH),1,1,1
Irelia/Samira (IO/NX),Teemo/Vayne (DE/PZ),1,1,1
Ezreal/Seraphine (PZ/SI),Championless (DE/SI),1,1,1
Ezreal/Seraphine (PZ/SI),Caitlyn (BC/PZ),1,1,1
Braum/Swain (FR/NX),Sejuani/Swain (FR/NX),1,1,1
Janna/Master Yi (IO/PZ),Ashe/Swain (FR/NX),1,1,1
Ashe/Swain (FR/NX),Annie/Jhin (RU/NX),1,1,1
Ashe/Swain (FR/NX),Darius (NX/SH),1,1,1
Ashe/Swain (FR/NX),Teemo/Tristana (BC/BW),1,1,1
Akshan/Kai'Sa (DE/SH),Darius (IO/NX),1,1,1
Caitlyn/Nilah (BW/PZ),Championless (SI),1,1,1
Championless (PZ/SI),Aphelios/Udyr (FR/MT),1,1,1
Janna (BW/PZ),Championless (PZ/SI),1,1,1
Udyr/Zed (FR/IO),Braum/Zoe (FR/MT),1,1,1
Braum/Zoe (FR/MT),Norra/Udyr (BC/FR),1,1,1
Ashe/Lissandra (FR/PZ),Janna/Master Yi (IO/PZ),1,1,1
Ashe/Lissandra (FR/PZ),Aphelios/Yasuo (IO/MT),1,1,1
Ashe/Darius (FR/NX),Garen/Shen (DE/IO),1,1,1
Braum/Udyr (FR),Darius/Gnar (FR/NX),1,1,1
Darius (NX),Caitlyn/Jhin/Jinx (RU/PZ),1,1,1
Swain/Yasuo (IO/NX),Ezreal/Teemo/Udyr (FR/PZ),1,1,1
Garen (DE/FR),Ashe (DE/FR),1,1,1
Gnar/Nidalee (BC/SH),Lissandra (FR/SH),1,1,1
Janna/Twisted Fate (BW/PZ),Kai'Sa/The Poro King (RU/SH),1,1,1
Braum/Udyr (FR),Caitlyn/Nilah (BW/PZ),1,1,1
Braum/Udyr (FR),Caitlyn/Teemo (BC/PZ),1,1,1
Lulu/Shen (IO/NX),Janna (PZ/SI),1,1,1
Seraphine (PZ/SI),Norra (BC/PZ),1,1,1
Caitlyn/Jhin (RU/PZ),Ashe (FR/PZ),1,1,1
Ashe/LeBlanc (FR/NX),Caitlyn/Ezreal (BC/PZ),1,1,1
Udyr/Vayne (DE/FR),Jinx (BC/PZ),1,1,1
Caitlyn/Nilah (BW/PZ),Teemo/Tristana (BC/BW),1,1,1
Leona/Yasuo (IO/MT),Braum/Sejuani/Swain (FR/NX),1,1,1
Fiora/Shen (DE/IO),Bard/Udyr (RU/FR),1,1,1
Fiora/Shen (DE/IO),Kalista/Norra (BC/SI),1,1,1
Bard/Udyr (RU/FR),Irelia/Samira (IO/NX),1,1,1
Braum/Udyr (FR),Miss Fortune/Twisted Fate (BW/PZ),1,1,1
Braum/Udyr (FR),Nidalee (BC/SH),1,1,1
Ezreal/Seraphine (PZ/SI),Gwen/Hecarim (NX/SI),1,1,1
Braum/Sejuani/Swain (FR/NX),Ezreal/Seraphine (PZ/SI),1,1,1
Braum/Zoe (FR/MT),Caitlyn/Jhin/Jinx (RU/PZ),1,1,1
Ashe/LeBlanc (FR/NX),Caitlyn/Jhin (RU/PZ),1,1,1
Leona/Yasuo (IO/MT),Janna/Jhin (RU/PZ),1,1,1
Annie/Jhin (RU/NX),Caitlyn/Ezreal (BC/PZ),1,1,1
Garen/Udyr (DE/FR),LeBlanc/Sivir (NX/SH),1,1,1
Fizz/Nami (BC/BW),Fiora/Shen (DE/IO),1,1,1
Darius (IO/NX),Lux: Illuminated/Neeko (DE/RU),1,1,1
Lux: Illuminated/Neeko (DE/RU),Katarina/Yasuo (IO/NX),1,1,1
Caitlyn/Vayne (DE/PZ),Lux: Illuminated/Neeko (DE/RU),1,1,1
Ashe/LeBlanc (FR/NX),Sejuani (FR/SI),1,1,1
Swain/Yasuo (IO/NX),Braum (FR/MT),1,1,1
Akshan/Udyr (FR/SH),Darius/Gwen/Hecarim (NX/SI),1,1,1
Ashe/LeBlanc (FR/NX),Ezreal/Teemo (BC/PZ),1,1,1
Lissandra/Swain (FR/NX),Ezreal/Teemo (BC/PZ),1,1,1
Bard/Braum (RU/FR),Caitlyn/Swain (NX/PZ),1,1,1
Championless (SI),Bard/Braum (RU/FR),1,1,1
Janna/Master Yi (IO/PZ),Kalista/Lucian (DE/SI),1,1,1
Aphelios/Janna (MT/PZ),Ezreal/Seraphine (PZ/SI),1,1,1
Caitlyn/Norra (BC/PZ),Sejuani (FR/SI),1,1,1
Ashe/Lissandra (FR/PZ),Sejuani (FR/SI),1,1,1
Akshan (PZ/SH),Nami/Samira (BW/NX),1,1,1
Akshan/Udyr (FR/SH),Janna/Twisted Fate (BW/PZ),1,1,1
Caitlyn/Jhin (RU/PZ),Janna/Twisted Fate (BW/PZ),1,1,1
Darius (IO/NX),Darius/Gnar (FR/NX),1,1,1
Garen/Miss Fortune/Quinn (BW/DE),Bard/Braum (RU/FR),1,1,1
Janna (PZ/SI),Janna/Norra (BC/PZ),1,1,1
Caitlyn/Vayne (DE/PZ),Irelia/Samira (IO/NX),1,1,1
Championless (BW/MT),Teemo/Vayne (DE/PZ),1,1,1
Fiora/Pantheon (DE/MT),Ezreal/Teemo (BC/PZ),1,1,1
Janna/Master Yi (IO/PZ),Irelia/Samira (IO/NX),1,1,1
Ezreal/Teemo/Udyr (FR/PZ),Master Yi/Samira (IO/NX),1,1,1
Ashe/Lissandra (FR/PZ),Hecarim/Zed (IO/SI),1,1,1
Hecarim/Zed (IO/SI),Sejuani/Swain (FR/NX),1,1,1
Shen/Sivir (IO/SH),Championless (IO/PZ),1,1,1
Ezreal/Seraphine (IO/PZ),Fizz/Samira (BC/NX),1,1,1
Ashe/Caitlyn (FR/PZ),Kalista/Lucian (DE/SI),1,1,1
Kalista/Lucian (DE/SI),Championless (FR/MT),1,1,1
Akshan/Garen (DE/SH),Darius/Gwen (NX/SI),1,1,1
Darius/Gnar (FR/NX),Caitlyn/Ezreal (BC/PZ),1,1,1
Braum/Swain (FR/NX),Darius (IO/NX),1,1,1
Darius (IO/NX),Ashe/Swain (FR/NX),1,1,1
Ezreal/Seraphine (PZ/SI),Ashe/Swain (FR/NX),1,1,1
Braum/Udyr (FR),Ashe/Swain (FR/NX),1,1,1
Championless (PZ/SI),Caitlyn/Jhin (RU/PZ),1,1,1
Garen/Miss Fortune/Quinn (BW/DE),Championless (PZ/SI),1,1,1
Gwen (NX/SI),Championless (PZ/SI),1,1,1
Darius (IO/NX),Fiora/Pantheon (DE/MT),1,1,1
Katarina/Yasuo (IO/NX),Ashe/Lissandra (FR/PZ),1,1,1
Ashe/Lissandra (FR/PZ),Caitlyn/Ezreal (BC/PZ),1,1,1
Ashe/Lissandra (FR/PZ),Sejuani/Swain (FR/NX),1,1,1
Akshan/Ekko (PZ/SH),Ashe/Lissandra (FR/PZ),1,1,1
Ashe/Lissandra (FR/PZ),Ezreal/Teemo/Udyr (FR/PZ),1,1,1
Championpile (IO/SI),Bard/Norra (BC/RU),1,1,1
Championless (SI),Caitlyn/Swain/Teemo (NX/PZ),1,1,1
Championless (SI),Udyr (FR/MT),1,1,1
Darius (IO/NX),Caitlyn/Jhin (RU/PZ),1,1,1
Braum/Sejuani (BW/FR),Darius (NX),1,1,1
Swain/Yasuo (IO/NX),Sejuani (FR/PZ),1,1,1
Ezreal/Teemo/Udyr (FR/PZ),Garen/Miss Fortune/Quinn (BW/DE),1,1,1
Irelia (IO/SI),Ashe/Udyr (DE/FR),1,1,1
Braum/Sejuani (FR/SI),Ashe/LeBlanc (FR/NX),1,1,1
Championless (BW/PZ),Caitlyn/Seraphine (BC/PZ),1,1,1
Championless (BW/PZ),Kalista (SI),1,1,1
Darius/LeBlanc (BW/NX),Yasuo (IO/NX),1,1,1
Kalista (SI),Gnar/Janna (FR/PZ),1,1,1
Kalista (SI),Akshan/Caitlyn (PZ/SH),1,1,1
Katarina/Yasuo (IO/NX),Sejuani/Swain (FR/NX),1,1,1
Ezreal/Seraphine (PZ/SI),Ezreal/Teemo (BC/PZ),1,1,1
Ezreal/Seraphine (PZ/SI),Bard/Caitlyn/Teemo (RU/PZ),1,1,1
Braum/Zoe (FR/MT),Annie/Ezreal (NX/PZ),1,1,1
Championless (SI),Caitlyn/Jhin (RU/PZ),1,1,1
Championless (SI),Braum/Sejuani (BW/FR),1,1,1
Sejuani/Swain (FR/NX),Caitlyn/Jhin (RU/PZ),1,1,1
Caitlyn/Ezreal (BC/PZ),Akshan/Ekko (PZ/SH),1,1,1
Ashe/LeBlanc (FR/NX),Annie/Samira (BW/NX),1,1,1
Caitlyn/Norra (BC/PZ),Leona/Yasuo (IO/MT),1,1,1
Championless (BW/MT),Championless (PZ/SI),1,1,1
Neeko (RU/SH),Kai'Sa/Sivir (DE/SH),1,1,1
Caitlyn/Norra (BC/PZ),Neeko (RU/SH),1,1,1
Katarina/Yasuo (IO/NX),Caitlyn/Norra (BC/PZ),1,1,1
Braum (FR/IO),Darius/Gnar (FR/NX),1,1,1
Championless (FR/IO),Katarina/Yasuo (IO/NX),1,1,1
Swain/Yasuo (IO/NX),Caitlyn/Norra (BC/PZ),1,1,1
Kalista (SI),Caitlyn (FR/PZ),1,1,1
Fiora/Pantheon (DE/MT),Ashe (FR/PZ),1,1,1
Neeko/Nidalee (RU/SH),Janna (FR/PZ),1,1,1
Norra/Swain (BC/NX),Lulu/Shen (DE/IO),1,1,1
Darius/LeBlanc (FR/NX),Championpile (IO/SI),1,1,1
Championless (BC/SI),Championless (BC/IO),1,1,1
Neeko (RU/SH),Swain/Yasuo (IO/NX),1,1,1
Neeko (RU/SH),Ezreal/Miss Fortune (BW/PZ),1,1,1
Ezreal/Teemo (BC/PZ),Lucian/Nami (BW/DE),1,1,1
Aphelios/Diana (MT),Aphelios/Zoe (IO/MT),1,1,1
Ezreal/Teemo (BC/PZ),Aphelios/Zoe (IO/MT),1,1,1
Samira/Sejuani (FR/NX),Fiora/Shen (DE/IO),1,1,1
Braum/Zoe (FR/MT),Ezreal (IO/PZ),1,1,1
Ezreal/Teemo (BC/PZ),Ashe/Lissandra (FR/PZ),1,1,1
Ashe/Lissandra (FR/PZ),Fiora/Shen (DE/IO),1,1,1
Master Yi/Seraphine (IO/PZ),Samira/Sejuani (FR/NX),1,1,1
Braum/Sejuani/Swain (FR/NX),Samira/Sejuani (FR/NX),1,1,1
Championpile (IO/SI),Ezreal/Teemo (BC/PZ),1,1,1
Janna/Twisted Fate (BW/PZ),Kennen (BC/PZ),1,1,1
Ashe/Darius (FR/NX),Akshan/Renekton (SH),1,1,1
Ashe/Darius (FR/NX),Leona/Yasuo (IO/MT),1,1,1
Ashe/Darius (FR/NX),Akshan/Evelynn/Kai'Sa (RU/SH),1,1,1
Championpile (FR/IO),Ashe/Darius (FR/NX),1,1,1
Ashe/Darius (FR/NX),Fiora (DE/SH),1,1,1
Ashe/Darius (FR/NX),Udyr/Zed (FR/IO),1,1,1
Ashe/Darius (FR/NX),Championless (PZ/SI),1,1,1
Ezreal (IO/PZ),Ezreal/Seraphine (PZ/SI),1,1,1
Braum/Swain (FR/NX),Ezreal (IO/PZ),1,1,1
Braum/Swain (FR/NX),Caitlyn (DE/PZ),1,1,1
Norra/Swain (BC/NX),Master Yi/Seraphine (IO/PZ),1,1,1
Master Yi/Seraphine (IO/PZ),Neeko/Nidalee (RU/SH),1,1,1
Diana/Nocturne (MT/SI),Ezreal/Teemo (BC/PZ),1,1,1
Yasuo (IO/PZ),Diana/Nocturne (MT/SI),1,1,1
Ashe/Lissandra (FR/PZ),Ashe/Sejuani (FR/PZ),1,1,1
Irelia/Miss Fortune (BW/IO),Akshan/Master Yi (IO/SH),1,1,1
Caitlyn/Teemo (BC/PZ),Irelia/Miss Fortune (BW/IO),1,1,1
Ezreal/Teemo (BC/PZ),Irelia/Miss Fortune (BW/IO),1,1,1
Irelia/Miss Fortune (BW/IO),Braum/Sejuani/Swain (FR/NX),1,1,1
Ezreal/Teemo (BC/PZ),Ahri/Kennen (BC/IO),1,1,1
Ezreal/Teemo (BC/PZ),Annie/Jhin (RU/NX),1,1,1
Ezreal/Teemo (BC/PZ),Caitlyn/Ezreal (BC/PZ),1,1,1
Gwen/Irelia (IO/SI),Ezreal/Teemo (BC/PZ),1,1,1
Akshan/Sivir (DE/SH),Gwen/Irelia (IO/SI),1,1,1
Ashe (FR/PZ),Aphelios/Diana (MT),1,1,1
Pantheon/Udyr (FR/MT),Neeko/Nidalee (RU/SH),1,1,1
Neeko/Nidalee (RU/SH),Championless (SI),1,1,1
Ashe/LeBlanc (FR/NX),Kennen (BC/PZ),1,1,1
Braum/Sejuani/Swain (FR/NX),Caitlyn/Norra (BC/PZ),1,1,1
LeBlanc/Sivir (NX/SH),Akshan/Sivir (NX/SH),1,1,1
Braum (FR/IO),Norra/Swain (BC/NX),1,1,1
Ashe/Darius (FR/NX),Kalista (SI/SH),1,1,1
LeBlanc/Sivir (NX/SH),Janna/Nilah (BW/PZ),1,1,1
Ezreal/Nilah/Twisted Fate (BW/PZ),Lulu/Shen (DE/IO),1,1,1
Nidalee (BC/SH),LeBlanc/Udyr (FR/NX),1,1,1
Annie/Miss Fortune (BW/NX),Norra/Swain (BC/NX),1,1,1
Janna (PZ/SI),Norra/Swain (BC/NX),1,1,1
Ezreal/Janna (IO/PZ),Norra/Swain (BC/NX),1,1,1
Norra/Swain (BC/NX),Ashe/Janna (FR/PZ),1,1,1
Norra/Swain (BC/NX),Caitlyn/Ezreal (PZ),1,1,1
LeBlanc/Sivir (NX/SH),Championless (BW/MT),1,1,1
Swain/Yasuo (IO/NX),Pantheon/Udyr (FR/MT),1,1,1
Pantheon/Udyr (FR/MT),Ezreal/Teemo (BC/PZ),1,1,1
Akshan/Gwen (SI/SH),Yasuo (IO/MT),1,1,1
Yasuo (IO/MT),Akshan/Fiora (DE/SH),1,1,1
Yasuo (IO/MT),Braum/Udyr (FR),1,1,1
Ezreal/Janna (IO/PZ),Katarina/Yasuo (IO/NX),1,1,1
Swain/Yasuo (IO/NX),LeBlanc/Sivir (NX/SH),1,1,1
LeBlanc/Sivir (NX/SH),Ahri/Kennen (BC/IO),1,1,1
LeBlanc/Sivir (NX/SH),Sejuani/Swain (FR/NX),1,1,1
Caitlyn/Norra (BC/PZ),Janna/Nilah (BW/PZ),1,1,1
Norra/Zoe (BC/MT),Swain/Yasuo (IO/NX),1,1,1
Norra/Zoe (BC/MT),Ezreal/Teemo (BC/PZ),1,1,1
Ashe/Darius (FR/NX),Master Yi/Samira (IO/NX),1,1,1
Ashe/Lissandra (FR/PZ),Ahri/Kennen (BC/IO),1,1,1
Ahri/Kennen (BC/IO),Aphelios/Diana (MT),1,1,1
Ashe/LeBlanc (FR/NX),Annie/Sejuani (FR/NX),1,1,1
Gnar/Tristana (BC/BW),Darius/Gwen (NX/SI),1,1,1
Caitlyn/Swain (NX/PZ),Caitlyn/Janna/Teemo (FR/PZ),1,1,1
Katarina/Yasuo (IO/NX),Akshan/Fiora (DE/SH),1,1,1
Braum/Zoe (FR/MT),The Poro King (MT/RU),1,1,1
Braum/Zoe (FR/MT),Ashe/Lissandra (FR/PZ),1,1,1
Braum/Zoe (FR/MT),Renekton (NX/SH),1,1,1
Ezreal/Nilah/Twisted Fate (BW/PZ),Ashe/Lissandra (FR/PZ),1,1,1
Katarina/Yasuo (IO/NX),Aphelios/Diana (MT),1,1,1
Ashe/LeBlanc (FR/NX),Renekton (NX/SH),1,1,1
Ezreal/Teemo (BC/PZ),Norra/Swain (BC/NX),1,1,1
Ezreal/Teemo (BC/PZ),Fiora (DE/SH),1,1,1
Ezreal/Teemo (BC/PZ),Darius (BW/NX),1,1,1
The Poro King (MT/RU),Ezreal/Teemo (BC/PZ),1,1,1
Draven/Jinx (NX/PZ),Udyr (FR/PZ),1,1,1
Ashe (FR/PZ),Tristana (BC/FR),1,1,1
Gwen/Vayne (DE/SI),Neeko (RU/SH),1,1,1
Nidalee (BC/SH),Norra/Swain (BC/NX),1,1,1
Tristana (BC/FR),Ezreal/Teemo (BC/PZ),1,1,1
Tristana (BC/FR),Neeko (RU/SH),1,1,1
Shen/Sivir (IO/SH),Tristana (BC/FR),1,1,1
Tristana (BC/FR),Gnar/Sejuani (BC/FR),1,1,1
Evelynn (RU/SI),Ezreal/Teemo (BC/PZ),1,1,1
Leona/Yasuo (IO/MT),Evelynn (RU/SI),1,1,1
Akshan/Master Yi (IO/SH),Darius/LeBlanc (FR/NX),1,1,1
Akshan/Master Yi (IO/SH),Teemo/Zoe (BC/MT),1,1,1
Nami/Swain (BW/NX),Teemo/Zoe (BC/MT),1,1,1
Caitlyn/Katarina (NX/PZ),Braum/Garen (DE/FR),1,1,1
Akshan/Master Yi (IO/SH),Gnar/Sejuani (BC/FR),1,1,1
Caitlyn/Gnar (BC/PZ),Ashe/Darius (FR/NX),1,1,1
Darius/Gnar (FR/NX),Udyr (FR/PZ),1,1,1
Udyr (FR/PZ),Ezreal/Teemo (BC/PZ),1,1,1
Ezreal/Teemo (BC/PZ),Gwen/Kalista (NX/SI),1,1,1
Leona/Yasuo (IO/MT),Ezreal/Teemo (BC/PZ),1,1,1
Ezreal/Teemo (BC/PZ),Caitlyn/Gnar (BC/PZ),1,1,1
Udyr (FR/PZ),Akshan/Master Yi (IO/SH),1,1,1
Aphelios/Diana (MT),Ezreal/Seraphine (PZ/SI),1,1,1
Nilah/Twisted Fate (BW/PZ),Nami/Swain (BW/NX),1,1,1
Championless (SI),Udyr (FR/PZ),1,1,1
Braum/Zoe (FR/MT),Ezreal/Teemo (BC/PZ),1,1,1
Ezreal/Teemo (BC/PZ),Ezreal/Twisted Fate (BW/PZ),1,1,1
Janna (PZ/SI),Gnar/Sejuani (BC/FR),1,1,1
Akshan/Samira (NX/SH),Gnar/Sejuani (BC/FR),1,1,1
Caitlyn/Katarina (NX/PZ),Gnar/Sejuani (BC/FR),1,1,1
Caitlyn/Katarina (NX/PZ),Darius/Gwen (NX/SI),1,1,1
Fiora/Pantheon (DE/MT),Master Yi/Vayne (DE/IO),1,1,1
Ezreal/Seraphine (BC/PZ),Master Yi/Samira (IO/NX),1,1,1
Ezreal/Seraphine (BC/PZ),Braum/The Poro King (FR/RU),1,1,1
Ezreal/Seraphine (BC/PZ),Akshan/Evelynn/Kai'Sa (RU/SH),1,1,1
Sejuani/Swain (FR/NX),Caitlyn/Katarina (NX/PZ),1,1,1
Akshan/Sivir (FR/SH),Braum/Swain (FR/NX),1,1,1
Braum/Swain (FR/NX),Akshan/Gwen (SI/SH),1,1,1
Championless (SI),Irelia/Kennen (BC/IO),1,1,1
Ezreal/Twisted Fate (BW/PZ),Lulu/Tristana (BC/IO),1,1,1
Akshan/Master Yi (IO/SH),Ezreal/Twisted Fate (BW/PZ),1,1,1
Darius/LeBlanc (BW/NX),Ezreal/Twisted Fate (BW/PZ),1,1,1
Jinx/Twisted Fate (BW/PZ),Ezreal/Twisted Fate (BW/PZ),1,1,1
Braum (FR/MT),Irelia/Kennen (BC/IO),1,1,1
Gwen/Rek'Sai (SI/SH),Braum/Zed (FR/IO),1,1,1
Ezreal/Miss Fortune (BW/PZ),Leona/Yasuo (IO/MT),1,1,1
Kai'Sa/Pantheon (MT/SH),Ezreal (IO/PZ),1,1,1
Katarina/Yasuo (IO/NX),Championless (NX/SI),1,1,1
Annie/Jhin (RU/NX),Akshan/LeBlanc (NX/SH),1,1,1
Akshan/LeBlanc (NX/SH),Caitlyn/Swain (NX/PZ),1,1,1
Fiora/Shen (DE/IO),Nami/Udyr (BW/FR),1,1,1
Nami/Udyr (BW/FR),Janna/Twisted Fate (BW/PZ),1,1,1
Janna/Master Yi (IO/PZ),Nami/Udyr (BW/FR),1,1,1
Gwen/LeBlanc (NX/SI),Gwen (SI/SH),1,1,1
Janna (IO/PZ),Championless (NX/SI),1,1,1
Caitlyn/Swain (NX/PZ),Ezreal/Samira/Seraphine (NX/PZ),1,1,1
Swain/Yasuo (IO/NX),Ezreal/Katarina (NX/PZ),1,1,1
Championless (NX/SI),Akshan/Zoe (MT/SH),1,1,1
Fiora/Udyr (DE/FR),Ezreal/Janna (BC/PZ),1,1,1
Katarina (FR/NX),Janna/Samira/Seraphine (NX/PZ),1,1,1
Ezreal/Samira/Seraphine (NX/PZ),Fiora/Udyr (DE/FR),1,1,1
Fiora/Udyr (DE/FR),Championpile (IO/SI),1,1,1
Braum/Udyr (FR),Championpile (IO/SI),1,1,1
Sejuani/Udyr (FR/NX),Fiora/Shen (DE/IO),1,1,1
Ezreal/Twisted Fate (BW/PZ),Ezreal/Miss Fortune (BW/PZ),1,1,1
Braum/Udyr (FR),Darius/Gwen (NX/SI),1,1,1
Sejuani/Udyr (FR/NX),Braum/Udyr (FR),1,1,1
Ezreal (IO/PZ),Hecarim (SI/SH),1,1,1
Braum/Sejuani (BW/FR),Katarina/Udyr (FR/NX),1,1,1
Lucian/Zed (DE/IO),The Poro King (MT/RU),1,1,1
Ezreal/Miss Fortune (BW/PZ),Akshan/Master Yi (IO/SH),1,1,1
The Poro King (MT/RU),Annie/Swain (FR/NX),1,1,1
LeBlanc (FR/NX),Fiora/Zoe (DE/MT),1,1,1
Nilah/Twisted Fate (BW/PZ),Garen/Vayne (DE),1,1,1
Ashe/Darius (FR/NX),Caitlyn/Norra (BC/PZ),1,1,1
Garen (DE/SH),Akshan/LeBlanc (NX/SH),1,1,1
Akshan/LeBlanc (NX/SH),Championless (NX/SI),1,1,1
Hecarim/Kalista (SI),Nilah/Twisted Fate (BW/PZ),1,1,1
Gwen/Katarina (NX/SI),Hecarim/Kalista (SI),1,1,1
Gwen/Katarina (NX/SI),Ashe/Darius (FR/NX),1,1,1
Hecarim/Kalista (SI),Lulu/Shen (DE/IO),1,1,1
Hecarim/Kalista (SI),Braum (FR/NX),1,1,1
Miss Fortune (BW/PZ),Braum/Swain (FR/NX),1,1,1
Miss Fortune (BW/PZ),Ashe/Darius (FR/NX),1,1,1
Ashe (FR/PZ),Ahri/Kennen (BC/IO),1,1,1
Garen (DE/SH),Norra/Teemo (BC/PZ),1,1,1
Garen (DE/SH),Championless (MT/SI),1,1,1
Garen (DE/SH),Leona/Yasuo (IO/MT),1,1,1
Janna (IO/PZ),Championless (SI/SH),1,1,1
Janna (IO/PZ),Akshan/Zoe (MT/SH),1,1,1
Caitlyn/Swain (NX/PZ),Ezreal/Janna (BC/PZ),1,1,1
Gwen/Quinn (DE/SI),Gwen/LeBlanc (NX/SI),1,1,1
Master Yi/Zoe (IO/MT),Janna (IO/PZ),1,1,1
Garen/Vayne (DE),Caitlyn/Swain (NX/PZ),1,1,1
Caitlyn/Swain (NX/PZ),Teemo/Vayne (DE/PZ),1,1,1
Akshan/Master Yi (IO/SH),Norra/Teemo (BC/PZ),1,1,1
Norra/Teemo (BC/PZ),The Poro King (MT/RU),1,1,1
Annie/Jhin (RU/NX),Annie/Jhin/Swain (RU/NX),1,1,1
Championless (NX/SI),Ezreal/Janna (BC/PZ),1,1,1
Gnar/Jinx/Sejuani (FR/PZ),Championpile (IO/SI),1,1,1
Championless (SI),Championpile (IO/SI),1,1,1
Championless (DE/MT),Annie/Jhin (RU/NX),1,1,1
Gnar/Nidalee (BC/SH),The Poro King (MT/RU),1,1,1
Championless (DE/MT),Yasuo/Zed (IO/PZ),1,1,1
Championless (SI),Yasuo/Zed (IO/PZ),1,1,1
Janna/Nilah (BW/PZ),Championpile (PZ/SH),1,1,1
Ashe/Darius (FR/NX),Braum/Sejuani (BW/FR),1,1,1
Norra/Zoe (BC/MT),Caitlyn/Darius (NX/PZ),1,1,1
Caitlyn/Darius (NX/PZ),Janna/Jinx (PZ),1,1,1
Caitlyn/Darius (NX/PZ),Championless (DE/IO),1,1,1
Shen/Sivir (IO/SH),Caitlyn/Darius (NX/PZ),1,1,1
Elise/Garen (DE/SI),Caitlyn (BC/PZ),1,1,1
Championpile (PZ/SH),Braum/Zoe (FR/MT),1,1,1
Master Yi (DE/IO),Norra (BC/FR),1,1,1
Norra (BC/FR),Championless (SI),1,1,1
Championless (DE/MT),Caitlyn/Janna/Teemo (FR/PZ),1,1,1
The Poro King (IO/RU),Fizz/Jinx (BC/PZ),1,1,1
Janna/Jinx (PZ),Shen/Sivir (IO/SH),1,1,1
Caitlyn/Swain (NX/PZ),Gnar/Sejuani (BC/FR),1,1,1
Shen/Sivir (IO/SH),Championless (DE/MT),1,1,1
Janna (IO/PZ),Championless (DE/MT),1,1,1
Nilah/Twisted Fate (BW/PZ),Fizz/Nami (BC/BW),1,1,1
Ashe/LeBlanc (FR/NX),Gwen/Nidalee (SI/SH),1,1,1
Braum/Zoe (FR/MT),Championpile (DE/FR),1,1,1
Championless (SI),Championpile (DE/FR),1,1,1
Janna (IO/PZ),Pantheon/Zoe (DE/MT),1,1,1
Annie/Jhin (RU/NX),Hecarim/Kalista (SI),1,1,1
Pantheon/Udyr (FR/MT),Zoe (IO/MT),1,1,1
Fizz/Nami (BC/BW),Miss Fortune (BW/PZ),1,1,1
Miss Fortune (BW/PZ),Darius/Ezreal (NX/PZ),1,1,1
Ezreal/Seraphine (PZ/SI),Janna/Jinx (PZ),1,1,1
Garen/Neeko (DE/RU),Braum/Sejuani (BW/FR),1,1,1
Lux: Illuminated/Shen (DE/IO),Udyr/Zed (FR/IO),1,1,1
Braum (FR/NX),Janna (PZ/SI),1,1,1
Janna/Master Yi/Seraphine (IO/PZ),Katarina/Miss Fortune (BW/NX),1,1,1
Fizz/Nami (BC/BW),Darius/Gwen (NX/SI),1,1,1
Fiora/Pantheon (DE/MT),Ekko/Ezreal (BW/PZ),1,1,1
Fiora/Pantheon (DE/MT),Caitlyn/Teemo (FR/PZ),1,1,1
Janna/Master Yi (IO/PZ),Championless (IO/SI),1,1,1
Ashe/Braum (FR/PZ),Championless (IO/PZ),1,1,1
Ashe/Braum (FR/PZ),Championless (SI),1,1,1
Gnar/Nidalee (BC/SH),Ashe/Braum (FR/PZ),1,1,1
Ashe/Braum (FR/PZ),Janna/Master Yi/Seraphine (IO/PZ),1,1,1
Ashe/Braum (FR/PZ),Ashe/Darius (FR/NX),1,1,1
Fizz/Nami (BC/BW),Championless (NX/SI),1,1,1
Ezreal/Seraphine (PZ),Fizz/Nami (BC/BW),1,1,1
Ashe/LeBlanc (FR/NX),Championless (FR/NX),1,1,1
Fizz/Nami (BC/BW),Sejuani/Swain (FR/NX),1,1,1
Ashe/Darius (FR/NX),Akshan/Yasuo (IO/SH),1,1,1
Janna/Master Yi/Seraphine (IO/PZ),Championless (MT/SI),1,1,1
Gwen/Katarina (NX/SI),Championless (MT/SI),1,1,1
Championless (MT/SI),Aphelios/Zoe (MT),1,1,1
Udyr/Zed (FR/IO),Ekko/Ezreal (BW/PZ),1,1,1
Ekko/Ezreal (BW/PZ),Ezreal/Seraphine (PZ/SI),1,1,1
Ekko/Ezreal (BW/PZ),Akshan/Ekko (PZ/SH),1,1,1
Ekko/Ezreal (BW/PZ),Evelynn/Kai'Sa (RU/SH),1,1,1
Championless (IO/SI),Championless (DE/MT),1,1,1
Gwen/Katarina (NX/SI),Darius/Ezreal (NX/PZ),1,1,1
Akshan/Yasuo (IO/SH),Nilah/Twisted Fate (BW/PZ),1,1,1
Neeko/Teemo (BC/RU),Gwen/Katarina (NX/SI),1,1,1
Braum/Sejuani (BW/FR),Norra (BC/SI),1,1,1
Championless (DE/MT),Evelynn/Kai'Sa (RU/SH),1,1,1
Championless (DE/MT),Annie/Ezreal/Swain (NX/PZ),1,1,1
Janna/Jinx (PZ),Norra/Zoe (BC/MT),1,1,1
Ezreal/Seraphine (PZ/SI),Fiora (DE/IO),1,1,1
Janna/Quinn (DE/PZ),Ezreal/Seraphine (PZ),1,1,1
Kalista (SI),Ezreal/Seraphine (PZ),1,1,1
Ezreal/Seraphine (PZ),Janna/Norra (BC/PZ),1,1,1
Aphelios/Master Yi (IO/MT),Pantheon/Udyr (FR/MT),1,1,1
Ezreal/Seraphine (PZ/SI),Kai'Sa/Pantheon (MT/SH),1,1,1
Fizz/Nami (BC/BW),Teemo/Zoe (BC/MT),1,1,1
Janna (IO/PZ),Braum (FR/IO),1,1,1
Fiora/Shen (DE/IO),Udyr/Vayne (DE/FR),1,1,1
Udyr/Vayne (DE/FR),Leona/Yasuo (IO/MT),1,1,1
Bard/Lux: Illuminated (RU/DE),Udyr/Zoe (FR/MT),1,1,1
Braum (FR/IO),Ashe/Darius (FR/NX),1,1,1
Annie/Jhin (RU/NX),Fizz/Gnar (BC/PZ),1,1,1
Fizz/Gnar (BC/PZ),Championless (NX/SI),1,1,1
Fizz/Nami (BC/BW),Championless (PZ/SI),1,1,1
Kalista (IO/SI),Ashe (FR/PZ),1,1,1
Katarina/Yasuo (IO/NX),Janna/Master Yi/Seraphine (IO/PZ),1,1,1
Udyr/Zoe (FR/MT),Janna/Twisted Fate (BW/PZ),1,1,1
Udyr/Zoe (FR/MT),Ekko/Nilah/Twisted Fate (BW/PZ),1,1,1
Neeko/Renekton (RU/SH),Udyr/Zoe (FR/MT),1,1,1
Fiora (DE/SH),Pantheon/Udyr (FR/MT),1,1,1
Garen/Udyr (DE/FR),Pantheon/Udyr (FR/MT),1,1,1
Pantheon/Udyr (FR/MT),Braum/The Poro King (FR/RU),1,1,1
Janna/Lissandra (FR/PZ),Zoe (BC/MT),1,1,1
Championpile (IO/SI),Master Yi/Seraphine (IO/PZ),1,1,1
Ezreal/Seraphine (PZ/SI),Championless (DE/MT),1,1,1
Udyr/Zoe (FR/MT),Akshan/Pantheon (MT/SH),1,1,1
Norra/Udyr (BC/FR),Annie/Jhin (RU/NX),1,1,1
Gnar/Sejuani (BC/FR),Caitlyn (BC/PZ),1,1,1
Championless (PZ/SI),Caitlyn/Darius (NX/PZ),1,1,1
Fiora/Pantheon (DE/MT),Braum/Udyr (DE/FR),1,1,1
Caitlyn/Seraphine (BC/PZ),Braum/Udyr (DE/FR),1,1,1
Janna (PZ/SI),Championless (DE/MT),1,1,1
Fiora/Shen (DE/IO),Championless (NX/SI),1,1,1
Janna/Master Yi (IO/PZ),Caitlyn/Teemo (FR/PZ),1,1,1
Caitlyn/Swain (NX/PZ),Championless (DE/MT),1,1,1
Sejuani/Swain (FR/NX),Udyr/Vayne (DE/FR),1,1,1
Akshan/Samira (NX/SH),Ashe (FR/PZ),1,1,1
Yasuo (IO/MT),Bard/Norra (BC/RU),1,1,1
Yasuo (IO/MT),Garen/Miss Fortune/Quinn (BW/DE),1,1,1
Fizz/Nami (BC/BW),Akshan/Fiora (DE/SH),1,1,1
Annie/Jhin (RU/NX),Championless (BC/PZ),1,1,1
Annie/Jhin (RU/NX),Fiora (DE/SH),1,1,1
Norra/Seraphine (BC/PZ),Gwen (FR/SI),1,1,1
Fizz/Nami (BC/BW),Fizz/Gnar (BC/PZ),1,1,1
Fizz/Nami (BC/BW),Ashe/Lissandra (FR/PZ),1,1,1
Braum/Zoe (FR/MT),Twisted Fate (BW/PZ),1,1,1
Samira/Sejuani (FR/NX),Norra/Seraphine (BC/PZ),1,1,1
Gnar/Nidalee (BC/SH),Lulu/Zed (DE/IO),1,1,1
Katarina/Yasuo (IO/NX),Ashe/Darius (FR/NX),1,1,1
Gnar/Nidalee (BC/SH),Ezreal/Seraphine (PZ/SI),1,1,1
Ashe (FR/PZ),Ashe/Darius (FR/NX),1,1,1
Bard/Caitlyn/Teemo (RU/PZ),Braum (FR/IO),1,1,1
Braum (FR/IO),Gwen/Vayne (DE/SI),1,1,1
Braum (FR/IO),Ezreal/Seraphine (PZ/SI),1,1,1
Caitlyn (NX/PZ),Aphelios/Ezreal (MT/PZ),1,1,1
Nilah/Twisted Fate (BW/PZ),Caitlyn (NX/PZ),1,1,1
Janna/Master Yi/Seraphine (IO/PZ),Caitlyn/Darius (NX/PZ),1,1,1
Gwen/Vayne (DE/SI),Championless (DE/MT),1,1,1
Braum (FR/IO),Neeko/Renekton (RU/SH),1,1,1
Janna/Jinx (NX/PZ),Championless (DE/MT),1,1,1
Braum/Zoe (FR/MT),Garen/Miss Fortune/Quinn (BW/DE),1,1,1
Annie/Samira (BW/NX),Ezreal/Seraphine (PZ/SI),1,1,1
Ezreal/Seraphine (PZ),Championless (PZ/SI),1,1,1
Braum/Zoe (FR/MT),Neeko/Renekton (RU/SH),1,1,1
Fiora/Pantheon (DE/MT),Kai'Sa/Pantheon (MT/SH),1,1,1
Kai'Sa/Pantheon (MT/SH),Janna/Twisted Fate (BW/PZ),1,1,1
Gnar/Norra (BC/FR),Yasuo (IO/MT),1,1,1
Gnar/Nidalee (BC/SH),Lux: Illuminated/Udyr (DE/FR),1,1,1
Braum/Zoe (FR/MT),Bard/Lux: Illuminated (RU/DE),1,1,1
Darius/LeBlanc (FR/NX),Braum/Zoe (FR/MT),1,1,1
Janna/Master Yi (IO/PZ),Braum (FR/IO),1,1,1
Championless (BC/SI),Gwen/Kalista (MT/SI),1,1,1
Braum (FR/MT),Caitlyn/Janna (BC/PZ),1,1,1
Janna/Master Yi (IO/PZ),Lulu/Zed (DE/IO),1,1,1
Akshan/Master Yi (IO/SH),Nami/Udyr (BW/FR),1,1,1
Championless (BC/SI),Nami/Udyr (BW/FR),1,1,1
Fiora/Pantheon (DE/MT),Nami/Udyr (BW/FR),1,1,1
Lulu/Zed (DE/IO),Akshan/Zoe (MT/SH),1,1,1
Gwen/Kalista/Vayne (DE/SI),Akshan/Fiora (DE/SH),1,1,1
Udyr/Zoe (FR/MT),Evelynn/Norra (BC/RU),1,1,1
Udyr/Zoe (FR/MT),Caitlyn (NX/PZ),1,1,1
Akshan/Gnar (FR/SH),Udyr/Zoe (FR/MT),1,1,1
Braum (FR/MT),Janna/Master Yi (IO/PZ),1,1,1
Braum (FR/MT),Darius/Gwen (NX/SI),1,1,1
Swain/Yasuo (IO/NX),Lulu/Shen (IO/MT),1,1,1
Darius/Udyr (FR/NX),Caitlyn/Ezreal (BC/PZ),1,1,1
Janna/Master Yi (IO/PZ),Kai'Sa/Pantheon (MT/SH),1,1,1
Quinn/Vayne (DE/SH),Kai'Sa/Pantheon (MT/SH),1,1,1
Janna (PZ/SI),Lulu/Shen (IO/MT),1,1,1
Lulu/Shen (IO/MT),Bard/Norra (BC/RU),1,1,1
Elise/Lucian (DE/SI),Annie/Jhin (RU/NX),1,1,1
Fiora/Pantheon (DE/MT),Quinn/Vayne (DE/SH),1,1,1
Nidalee (BC/SH),Janna/Udyr (FR/PZ),1,1,1
Janna/Master Yi (IO/PZ),Master Yi/Zoe (IO/MT),1,1,1
Gnar/Nidalee (BC/SH),Akshan/Samira (NX/SH),1,1,1
Quinn/Vayne (DE/SH),Yasuo (IO/MT),1,1,1
Yasuo (IO/MT),Aphelios/Ezreal (MT/PZ),1,1,1
Lulu/Zed (DE/IO),Yasuo (IO/MT),1,1,1
Yasuo (IO/MT),Swain/Yasuo (IO/NX),1,1,1
Evelynn/Norra (BC/RU),Lulu/Zed (DE/IO),1,1,1
Fiora/Shen (DE/IO),Caitlyn/Janna (BC/PZ),1,1,1
Ekko/Nilah/Twisted Fate (BW/PZ),Quinn/Vayne (DE/SH),1,1,1
Neeko/Renekton (RU/SH),Fizz/Nami (BC/BW),1,1,1
Ekko/Nilah/Twisted Fate (BW/PZ),Ezreal/Nilah/Twisted Fate (BW/PZ),1,1,1
Fiora/Shen (DE/IO),Ekko/Nilah/Twisted Fate (BW/PZ),1,1,1
Ekko/Nilah/Twisted Fate (BW/PZ),Championless (SI),1,1,1
Ekko/Nilah/Twisted Fate (BW/PZ),Ashe (FR/PZ),1,1,1
Braum/Zoe (FR/MT),Kalista (IO/SI),1,1,1
Caitlyn (NX/PZ),Kalista (IO/SI),1,1,1
Championless (MT/SI),Swain/Yasuo (IO/NX),1,1,1
Akshan/Lulu (IO/SH),Swain/Yasuo (IO/NX),1,1,1
Janna (IO/PZ),Ezreal/Seraphine (PZ/SI),1,1,1
Janna/Nilah (BW/PZ),Garen/Shen (DE/IO),1,1,1
Annie/Jhin (RU/NX),Braum/Sejuani (FR/SI),1,1,1
Ashe/Janna (FR/PZ),Caitlyn/Janna/Teemo (FR/PZ),1,1,1
Ashe/Janna (FR/PZ),Caitlyn/Ezreal (BC/PZ),1,1,1
Caitlyn (NX/PZ),Ashe/Janna (FR/PZ),1,1,1
Janna/Jinx (NX/PZ),Aphelios/Ezreal (MT/PZ),1,1,1
Bard/Norra (BC/RU),Ezreal/Seraphine (PZ/SI),1,1,1
Draven/Katarina (IO/NX),Bard/Norra (BC/RU),1,1,1
Janna/Master Yi (IO/PZ),Bard/Norra (BC/RU),1,1,1
Bard/Norra (BC/RU),Annie/Jhin (RU/NX),1,1,1
Norra (BC/SI),Championless (SI/SH),1,1,1
Caitlyn/Janna (BC/PZ),Janna/Master Yi (IO/PZ),1,1,1
Fiora/Udyr (DE/FR),Akshan/Ekko (PZ/SH),1,1,1
Leona/Sivir (MT/SH),Gnar/Sejuani (BC/FR),1,1,1
Fiora/Udyr (DE/FR),Gnar/Sejuani (BC/FR),1,1,1
Darius/Gnar (FR/NX),Akshan/Lulu (IO/SH),1,1,1
Nilah/Twisted Fate (BW/PZ),Lissandra (DE/FR),1,1,1
Nilah/Twisted Fate (BW/PZ),Irelia/Norra (BC/IO),1,1,1
Caitlyn/Norra (BC/PZ),Nidalee (BC/SH),1,1,1
Hecarim/Zed (IO/SI),Irelia/Kennen (BC/IO),1,1,1
Gwen/Kalista (MT/SI),Zoe (BC/MT),1,1,1
Nami/Udyr (BW/FR),Evelynn/Norra (BC/RU),1,1,1
Shen/Udyr (FR/IO),Nidalee (BC/SH),1,1,1
Braum/Zoe (FR/MT),Caitlyn/Norra (BC/PZ),1,1,1
Fiora/Pantheon (DE/MT),Caitlyn/Norra (BC/PZ),1,1,1
Fizz/Gnar (BC/PZ),Udyr/Zoe (FR/MT),1,1,1
Zoe (BC/MT),Katarina/Miss Fortune (BW/NX),1,1,1
Ezreal/Seraphine (PZ/SI),Katarina/LeBlanc/Miss Fortune (BW/NX),1,1,1
Garen/Udyr (DE/FR),Bard/Braum (RU/FR),1,1,1
Ashe/Janna (FR/PZ),Janna/Master Yi (IO/PZ),1,1,1
Diana/Leona (MT/SH),Ekko/Jhin (RU/PZ),1,1,1
Ekko/Jhin (RU/PZ),Darius/Udyr (FR/NX),1,1,1
Championless (NX/SI),Udyr/Zoe (FR/MT),1,1,1
Akshan/Sivir (DE/SH),Zoe (BC/MT),1,1,1
Ashe/LeBlanc (FR/NX),Darius/Ezreal (NX/PZ),1,1,1
Braum (FR/MT),Diana/Leona (MT/SH),1,1,1
Fiora/Zoe (DE/MT),Gwen (BW/SI),1,1,1
Ashe (DE/FR),Fiora/Zoe (DE/MT),1,1,1
Seraphine/Twisted Fate (BW/PZ),Janna/Master Yi/Seraphine (IO/PZ),1,1,1
Nilah/Twisted Fate (BW/PZ),Janna/Master Yi/Seraphine (IO/PZ),1,1,1
Janna/Master Yi/Seraphine (IO/PZ),Seraphine/Swain (NX/PZ),1,1,1
Janna/Master Yi/Seraphine (IO/PZ),Swain/Twisted Fate (BW/NX),1,1,1
Katarina/Miss Fortune (BW/NX),Fiora/Shen (DE/IO),1,1,1
Championless (PZ/SI),Lissandra (FR/SH),1,1,1
Nidalee (BC/SH),Yasuo (IO/MT),1,1,1
Nidalee (BC/SH),Udyr/Zoe (FR/MT),1,1,1
Nidalee (BC/SH),Jhin/Jinx (RU/PZ),1,1,1
Yasuo (IO/MT),Garen/Vayne (DE),1,1,1
Swain/Yasuo (IO/NX),Janna (FR/PZ),1,1,1
Championless (NX/SI),Caitlyn/Swain (NX/PZ),1,1,1
Ashe (FR/PZ),Irelia/Norra (BC/IO),1,1,1
Garen/Udyr (DE/FR),Samira/Sejuani (FR/NX),1,1,1
Yasuo (IO/MT),Ezreal (IO/PZ),1,1,1
Championless (SI),Jhin/Jinx (RU/PZ),1,1,1
Ezreal/Seraphine (PZ/SI),Jhin/Jinx (RU/PZ),1,1,1
Ezreal/Seraphine (PZ/SI),Lucian/Lux: Illuminated (DE/IO),1,1,1
Irelia/Norra (BC/IO),Lissandra (DE/FR),1,1,1
Garen (DE/FR),Gwen (FR/SI),1,1,1
Championless (NX/SI),Nilah/Twisted Fate (BW/PZ),1,1,1
Gnar/Nidalee (BC/SH),Gwen (SI/SH),1,1,1
Annie/Katarina (NX),Braum/Zoe (FR/MT),1,1,1
Braum/Udyr (FR),Nilah/Twisted Fate (BW/PZ),1,1,1
Swain/Twisted Fate (BW/NX),Janna (IO/PZ),1,1,1
Ashe/LeBlanc (FR/NX),Gnar/Jinx/Sejuani (FR/PZ),1,1,1
Swain/Yasuo (IO/NX),Caitlyn (FR/PZ),1,1,1
Teemo/Tristana (BC/NX),Fiora/Shen (DE/IO),1,1,1
Caitlyn (FR/PZ),Akshan/Sivir (DE/SH),1,1,1
Master Yi/Udyr (FR/IO),Caitlyn (FR/PZ),1,1,1
Garen (DE/FR),Yasuo (IO/MT),1,1,1
Ashe/Janna (FR/PZ),Caitlyn/Norra (BC/PZ),1,1,1
LeBlanc/Sivir (NX/SH),Master Yi/Udyr (FR/IO),1,1,1
Evelynn/Kai'Sa (RU/SH),Janna (FR/PZ),1,1,1
Janna (FR/PZ),Annie/Sejuani (FR/NX),1,1,1
Annie/Sejuani (FR/NX),Bard/Janna (RU/PZ),1,1,1
Udyr/Zed (FR/IO),Akshan/Sivir (DE/SH),1,1,1
Ezreal/Seraphine (IO/PZ),Annie/Katarina (NX),1,1,1
Nidalee (BC/SH),Championpile (DE/SH),1,1,1
Championless (FR/SI),LeBlanc/Sivir (NX/SH),1,1,1
Ezreal (IO/PZ),Janna (IO/PZ),1,1,1
Janna (IO/PZ),Ekko/Nilah/Twisted Fate (BW/PZ),1,1,1
Janna (PZ/SI),Championless (BC/IO),1,1,1
Darius/Gnar (FR/NX),Nami/Udyr (BW/FR),1,1,1
Darius/Gnar/LeBlanc (FR/NX),Katarina/Yasuo (IO/NX),1,1,1
Darius/Gwen/Hecarim (NX/SI),Udyr/Zoe (FR/MT),1,1,1
Akshan/Master Yi (IO/SH),Darius/Gwen/Hecarim (NX/SI),1,1,1
Braum/Zed (FR/IO),Ashe/LeBlanc (FR/NX),1,1,1
Udyr/Zoe (FR/MT),Gnar/LeBlanc (FR/NX),1,1,1
Sejuani/Teemo (FR/PZ),Ekko/Master Yi (IO/PZ),1,1,1
Sejuani/Teemo (FR/PZ),Ezreal (IO/PZ),1,1,1
Akshan/Master Yi (IO/SH),Bard/Norra (BC/RU),1,1,1
Akshan/Sivir (FR/SH),Gwen (FR/SI),1,1,1
Caitlyn/Teemo (FR/PZ),Udyr/Zoe (FR/MT),1,1,1
Udyr/Zoe (FR/MT),Lux: Illuminated/Samira (DE/NX),1,1,1
Gwen/Katarina (NX/SI),Udyr/Zoe (FR/MT),1,1,1
Ashe/LeBlanc (FR/NX),Zoe (BC/MT),1,1,1
Hecarim/Zed (IO/SI),Zoe (BC/MT),1,1,1
Akshan/Renekton (SH),Garen (DE/SH),1,1,1
Caitlyn/Ezreal (BC/PZ),Nilah/Twisted Fate (BW/PZ),1,1,1
Ashe/Sejuani (FR/SI),Aphelios/Udyr (FR/MT),1,1,1
Janna/Nilah (BW/PZ),Ekko/Nilah/Twisted Fate (BW/PZ),1,1,1
Janna/Master Yi (IO/PZ),Akshan/Master Yi (IO/SH),1,1,1
Aphelios/Zoe (IO/MT),Caitlyn/Teemo (FR/PZ),1,1,1
Caitlyn/Teemo (FR/PZ),Darius/Gnar (FR/NX),1,1,1
Caitlyn/Teemo (FR/PZ),Jhin/Jinx (RU/PZ),1,1,1
Akshan/Sivir (DE/SH),Katarina/Miss Fortune (BW/NX),1,1,1
Katarina/Miss Fortune (BW/NX),Braum/Sejuani (BW/FR),1,1,1
LeBlanc/Sivir (NX/SH),Caitlyn/Katarina (NX/PZ),1,1,1
LeBlanc/Sivir (NX/SH),Akshan/Pantheon/Zoe (MT/SH),1,1,1
Ashe (FR/NX),Ekko/Master Yi (IO/PZ),1,1,1
Lux: Illuminated/Samira (DE/NX),Caitlyn/Teemo (FR/PZ),1,1,1
Gnar/Sejuani (BC/FR),Samira/Sejuani (FR/NX),1,1,1
Nidalee (BC/SH),Kalista/Norra (BC/SI),1,1,1
Ezreal/Teemo (BC/PZ),Kalista/Norra (BC/SI),1,1,1
Darius/Gnar (FR/NX),Akshan/Renekton (SH),1,1,1
Darius/Gnar (FR/NX),Akshan/Pantheon/Zoe (MT/SH),1,1,1
Ezreal/Seraphine (BC/PZ),Akshan/Pantheon/Zoe (MT/SH),1,1,1
Ezreal/Seraphine (PZ/SI),Championless (NX/SI),1,1,1
Championless (SI),Akshan/Sivir (DE/SH),1,1,1
Championless (PZ/SI),Ezreal/Twisted Fate (BW/PZ),1,1,1
Gwen (FR/SI),Udyr/Zed (FR/IO),1,1,1
Gwen (FR/SI),Draven/Jinx (NX/PZ),1,1,1
Ekko/Nilah/Twisted Fate (BW/PZ),Gwen/Katarina (NX/SI),1,1,1
Ezreal/Teemo (BC/PZ),Samira/Sejuani (FR/NX),1,1,1
Caitlyn/Katarina (NX/PZ),Akshan/Samira (NX/SH),1,1,1
Kalista (SI),Ezreal/Teemo (BC/PZ),1,1,1
Seraphine/Twisted Fate (BW/PZ),Ezreal/Twisted Fate (BW/PZ),1,1,1
Ezreal (IO/PZ),Ezreal/Twisted Fate (BW/PZ),1,1,1
Akshan/Master Yi (IO/SH),Braum/Udyr (FR),1,1,1
Ezreal (FR/PZ),Akshan/Master Yi (IO/SH),1,1,1
Ezreal (FR/PZ),Udyr/Zoe (FR/MT),1,1,1
Championless (SI),Championless (BW/FR),1,1,1
Akshan/Sivir (DE/SH),Ezreal/Teemo (BC/PZ),1,1,1
Ezreal/Twisted Fate (BW/PZ),Akshan/Pantheon/Zoe (MT/SH),1,1,1
Seraphine/Twisted Fate (BW/PZ),Darius/Ezreal (NX/PZ),1,1,1
Kalista (SI),Championless (IO/PZ),1,1,1
Akshan/Sivir (DE/SH),Sejuani/Swain (FR/NX),1,1,1
Championless (SI),Ekko/Master Yi (IO/PZ),1,1,1
Udyr/Zed (FR/IO),Master Yi/Nami (BW/IO),1,1,1
Akshan/Udyr (FR/SH),Akshan/Janna (PZ/SH),1,1,1
Seraphine/Twisted Fate (BW/PZ),Akshan/Udyr (FR/SH),1,1,1
Elise/Gwen (NX/SI),Nidalee (BC/SH),1,1,1
Ashe/Ezreal (FR/PZ),Janna (IO/PZ),1,1,1
Udyr (DE/FR),Nilah/Samira (BW/NX),1,1,1
Udyr (DE/FR),Janna/Nilah (BW/PZ),1,1,1
Evelynn/Norra (BC/RU),Akshan/Udyr (FR/SH),1,1,1
Ezreal/Seraphine (PZ/SI),Ezreal (FR/PZ),1,1,1
Annie/Jhin (RU/NX),Bard/Braum (RU/FR),1,1,1
Pantheon/Zoe (FR/MT),Darius/Udyr (FR/NX),1,1,1
Norra/Zoe (BC/MT),Fizz (BW/FR),1,1,1
Garen/Lux: Illuminated (DE/IO),Yasuo (IO/MT),1,1,1
Irelia/Kalista (IO/SI),Ezreal/Seraphine (PZ/SI),1,1,1
Yasuo (IO/MT),Akshan/Aphelios (MT/SH),1,1,1
Irelia/Kalista (IO/SI),Caitlyn/Teemo (BC/PZ),1,1,1
Akshan/Sivir (FR/SH),Irelia/Kalista (IO/SI),1,1,1
Braum/Zoe (FR/MT),Irelia/Kalista (IO/SI),1,1,1
Ashe/LeBlanc (FR/NX),Irelia/Kalista (IO/SI),1,1,1
Kalista (SI),Irelia/Lucian (DE/IO),1,1,1
Irelia/Lucian (DE/IO),Nilah/Twisted Fate (BW/PZ),1,1,1
Yasuo (IO/MT),Irelia/Lucian (DE/IO),1,1,1
Katarina/Miss Fortune (BW/NX),Irelia/Lucian (DE/IO),1,1,1
Udyr/Zoe (FR/MT),Ezreal (IO/PZ),1,1,1
Udyr/Zoe (FR/MT),Akshan/Aphelios (MT/SH),1,1,1
Udyr/Zoe (FR/MT),Ezreal/Seraphine (BC/PZ),1,1,1
Irelia/Zed (IO/PZ),Ezreal/Miss Fortune (BW/PZ),1,1,1
Caitlyn/Swain (NX/PZ),Zoe (IO/MT),1,1,1
Garen (DE/FR),Championless (FR),1,1,1
Garen (DE/FR),Annie/Jhin (RU/NX),1,1,1
Norra/Zoe (BC/MT),Fiora/Shen (DE/IO),1,1,1
Norra/Zoe (BC/MT),Ezreal/Yasuo (IO/PZ),1,1,1
Katarina/Miss Fortune (BW/NX),Akshan/Aphelios (MT/SH),1,1,1
Lux: Illuminated/Samira (DE/NX),Ahri/Kennen (BC/IO),1,1,1
Ashe (DE/FR),Championless (SI),1,1,1
Garen (DE/SH),Ashe/Fiora (DE/FR),1,1,1
Bard/Caitlyn/Teemo (RU/PZ),Ahri/Kennen (BC/IO),1,1,1
Annie/Jhin (RU/NX),Kalista/Lucian (DE/SI),1,1,1
Aphelios/Zoe (BC/MT),Aphelios/Zoe (IO/MT),1,1,1
Ashe/Darius (FR/NX),Fizz/Nami (BC/BW),1,1,1
Darius/Draven (NX),Nidalee (BC/SH),1,1,1
Darius/Draven (IO/NX),Ezreal/Yasuo (IO/PZ),1,1,1
Udyr (DE/FR),Fiora/Shen (DE/IO),1,1,1
Braum/Zoe (FR/MT),Braum/Udyr (FR),1,1,1
Braum/Udyr (FR),Caitlyn/Katarina (NX/PZ),1,1,1
Evelynn/Nidalee (RU/SH),Akshan/Master Yi (IO/SH),1,1,1
Yasuo (IO/MT),Darius/Udyr (FR/NX),1,1,1
Ezreal/Yasuo (IO/PZ),Akshan/Ekko (PZ/SH),1,1,1
Evelynn/Nidalee (RU/SH),Ezreal (IO/PZ),1,1,1
Lux: Illuminated/Samira (DE/NX),Ezreal (IO/PZ),1,1,1
Ashe/LeBlanc (FR/NX),Bard/Caitlyn/Teemo (RU/PZ),1,1,1
Aphelios/Udyr (FR/MT),Ezreal/Twisted Fate (BW/PZ),1,1,1
Swain/Twisted Fate (BW/NX),Ezreal/Twisted Fate (BW/PZ),1,1,1
Akshan/Pantheon/Zoe (MT/SH),Fizz/Nami (BC/BW),1,1,1
Nidalee (BC/SH),Lux: Illuminated/Samira (DE/NX),1,1,1
Ashe/LeBlanc (FR/NX),Ezreal/Janna (BW/PZ),1,1,1
Irelia/Zed (IO/PZ),Akshan/Pantheon/Zoe (MT/SH),1,1,1
Janna/Nilah (BW/PZ),Akshan/Ekko (PZ/SH),1,1,1
Akshan/Ekko (PZ/SH),Braum/Garen (DE/FR),1,1,1
Gwen/Kalista (SI),Janna/Master Yi (IO/PZ),1,1,1
Braum/Lux: Illuminated (DE/FR),Swain/Yasuo (IO/NX),1,1,1
Janna (IO/PZ),Ashe/Sejuani (FR/SI),1,1,1
Caitlyn/Norra (BC/PZ),Irelia/Kalista (IO/SI),1,1,1
Swain/Yasuo (IO/NX),Darius/Draven (NX),1,1,1
Lulu/Zed (DE/IO),Katarina/Yasuo (IO/NX),1,1,1
Kalista (SI),Swain/Udyr (FR/NX),1,1,1
Braum/Zoe (FR/MT),Irelia/Zed (IO/SI),1,1,1
Ashe/LeBlanc (FR/NX),Master Yi/Samira (IO/NX),1,1,1
Championless (SI),Janna/Seraphine (IO/PZ),1,1,1
Championless (BW/SI),Katarina/Yasuo (IO/NX),1,1,1
Pantheon/Zoe (FR/MT),Championless (MT/SI),1,1,1
Ezreal/Seraphine (PZ/SI),Irelia/Zed (IO/SI),1,1,1
Garen/Udyr (DE/FR),Akshan/Sivir (FR/SH),1,1,1
Gwen/Zed (IO/SI),Darius/Draven (NX),1,1,1
Kalista (SI),Irelia/Zed (IO/SI),1,1,1
Darius/Draven (NX),Irelia/Zed (IO/SI),1,1,1
Ezreal/Seraphine (IO/PZ),Irelia/Zed (IO/SI),1,1,1
Irelia/Zed (IO/SI),Fizz/Nami (BC/BW),1,1,1
Kai'Sa/Pantheon (MT/SH),Irelia/Kalista (IO/SI),1,1,1
Nocturne/Norra (BC/SI),Ashe/LeBlanc (FR/NX),1,1,1
Janna/Master Yi (IO/PZ),Gwen/Vayne (DE/SI),1,1,1
Master Yi/Udyr (FR/IO),Quinn/Vayne (DE/NX),1,1,1
Ashe/Darius (FR/NX),Quinn/Vayne (DE/NX),1,1,1
Quinn/Vayne (DE/NX),Caitlyn/Swain (NX/PZ),1,1,1
Championless (MT/SI),Quinn/Vayne (DE/NX),1,1,1
Lux: Illuminated/Shen (DE/IO),Aphelios/Zoe (MT/SI),1,1,1
Akshan/Kai'Sa (DE/SH),Darius/Draven (NX),1,1,1
Master Yi/Zoe (IO/MT),Akshan/Kai'Sa (DE/SH),1,1,1
Akshan (SH),Gwen/Vayne (DE/SI),1,1,1
Darius/Draven (IO/NX),Annie/Jhin (RU/NX),1,1,1
Lulu/Zed (DE/IO),Championless (PZ/SI),1,1,1
Fizz/Master Yi (BC/IO),Championless (PZ/SI),1,1,1
Championless (PZ/SI),Udyr (DE/FR),1,1,1
Swain/Twisted Fate (BW/NX),Championless (FR),1,1,1
Irelia/Zed (IO/PZ),Swain/Twisted Fate (BW/NX),1,1,1
Master Yi/Udyr (FR/IO),Nocturne/Norra (BC/SI),1,1,1
Irelia/Zed (IO/PZ),Gwen/Zed (IO/SI),1,1,1
Ezreal/Seraphine (IO/PZ),Leona/Sivir (MT/SH),1,1,1
Kalista (SI),Akshan/Sivir (DE/SH),1,1,1
Ashe (FR/PZ),Darius/Draven (FR/NX),1,1,1
LeBlanc/Sivir (NX/SH),Garen/Leona (DE/MT),1,1,1
Gwen/LeBlanc (NX/SI),Championless (FR),1,1,1
Ezreal/Seraphine (IO/PZ),Gwen/Zed (IO/SI),1,1,1
Aphelios (FR/MT),Darius/LeBlanc (FR/NX),1,1,1
Nidalee (BC/SH),Akshan/Pantheon/Zoe (MT/SH),1,1,1
Akshan/Udyr (FR/SH),Gnar/Sejuani (BC/FR),1,1,1
Annie/Jhin (RU/NX),Annie/Samira (FR/NX),1,1,1
Darius/Draven (FR/NX),Annie/Samira (FR/NX),1,1,1
Darius/Draven (FR/NX),Samira/Sejuani (FR/NX),1,1,1
Championless (FR/NX),Samira/Sejuani (FR/NX),1,1,1
Katarina/Yasuo (IO/NX),Darius (NX),1,1,1
Janna/Twisted Fate (BW/PZ),Lux: Illuminated/Samira (DE/NX),1,1,1
Akshan/Renekton (SH),Janna/Twisted Fate (BW/PZ),1,1,1
Akshan/Garen (DE/SH),Janna/Twisted Fate (BW/PZ),1,1,1
Championless (FR),Darius/Draven (FR/NX),1,1,1
Darius/Draven (FR/NX),Darius/LeBlanc (BW/NX),1,1,1
Caitlyn/Katarina (NX/PZ),Ashe/LeBlanc (FR/NX),1,1,1
Caitlyn/Katarina (NX/PZ),Garen/Miss Fortune/Quinn (BW/DE),1,1,1
Udyr (FR/MT),Caitlyn/Katarina (NX/PZ),1,1,1
Championless (SI/SH),Caitlyn/Katarina (NX/PZ),1,1,1
Gwen/Katarina (NX/SI),Annie/Jhin (RU/NX),1,1,1
Ezreal/Seraphine (PZ/SI),Irelia/Zed (IO/PZ),1,1,1
Irelia/Zed (IO/PZ),Darius (FR/NX),1,1,1
Ezreal/Seraphine (IO/PZ),Akshan/Garen (DE/SH),1,1,1
Braum/Zoe (FR/MT),Neeko/Samira (RU/NX),1,1,1
Braum/Zoe (FR/MT),Katarina/Samira (BW/NX),1,1,1
Braum/Zoe (FR/MT),Elise/Evelynn (RU/SI),1,1,1
Caitlyn/Katarina (NX/PZ),Braum/Sejuani (FR/NX),1,1,1
Braum/Zoe (FR/MT),Braum/Sejuani (FR/NX),1,1,1
Championless (FR),Yasuo (IO/MT),1,1,1
Championless (SI),Ashe/Udyr (FR/PZ),1,1,1
Yasuo (FR/IO),Braum (FR),1,1,1
Katarina/Yasuo (IO/NX),Draven/Nami (BW/NX),1,1,1
Leona/Yasuo (IO/MT),Fizz/Nami (BC/BW),1,1,1
Caitlyn/Katarina (NX/PZ),Nidalee (BC/SH),1,1,1
Caitlyn/Katarina (NX/PZ),Fiora/Udyr (DE/FR),1,1,1
Fizz/Master Yi (BC/IO),Nidalee/Renekton (FR/SH),1,1,1
Braum (FR/IO),Janna/Twisted Fate (BW/PZ),1,1,1
Akshan/Zoe (MT/SH),Caitlyn/Katarina (NX/PZ),1,1,1
Akshan/Pantheon (MT/SH),Akshan/Master Yi (IO/SH),1,1,1
Darius/Gwen (NX/SI),Samira/Sejuani (FR/NX),1,1,1
Katarina/Yasuo (IO/NX),Championless (FR),1,1,1
Akshan/Master Yi (IO/SH),Janna (FR/PZ),1,1,1
Gwen/Kalista (NX/SI),Leona/Yasuo (IO/MT),1,1,1
Championless (SI),Aphelios/Diana (MT),1,1,1
Ezreal/Seraphine (PZ/SI),Caitlyn/Teemo (BC/PZ),1,1,1
Janna (PZ/SI),Nami/Udyr (BW/FR),1,1,1
Ezreal/Seraphine (PZ/SI),Kalista (SI),1,1,1
Garen/Udyr (DE/FR),Ezreal/Seraphine (PZ/SI),1,1,1
Aphelios/Diana (MT),Janna/Jhin (RU/PZ),1,1,1
Caitlyn/Teemo (BC/PZ),Gwen/Zed (IO/SI),1,1,1
Championless (FR/MT),Fizz/Master Yi (BC/IO),1,1,1
Fizz/Nami (BC/BW),Championless (BW/FR),1,1,1
Championless (BW/FR),Swain/Twisted Fate (BW/NX),1,1,1
Caitlyn/Teemo (FR/PZ),Nilah/Twisted Fate (BW/PZ),1,1,1
Janna/Master Yi (IO/PZ),Ahri/Ezreal/Janna (IO/PZ),1,1,1
Ahri/Ezreal/Janna (IO/PZ),Janna/Norra (BC/PZ),1,1,1
Annie/Jhin (RU/NX),Ahri/Ezreal/Janna (IO/PZ),1,1,1
Championless (DE/SI),Akshan/Master Yi (IO/SH),1,1,1
Fiora/Pantheon (DE/MT),Ahri/Kennen (BC/IO),1,1,1
Katarina/Master Yi/Zed (IO/NX),Leona/Yasuo (IO/MT),1,1,1
Samira/Sejuani (FR/NX),Ashe (FR/PZ),1,1,1
Ezreal/Seraphine (BC/PZ),Championless (DE/SI),1,1,1
Championless (DE/SI),Katarina/Yasuo (IO/NX),1,1,1
Championless (DE/SI),Norra (BC/FR),1,1,1
Bard/Norra (BC/RU),Fiora/Shen (DE/IO),1,1,1
Fizz/Master Yi (BC/IO),Fizz/Nami (BC/BW),1,1,1
Fizz/Nami (BC/BW),Janna/Twisted Fate (BW/PZ),1,1,1
Swain/Twisted Fate (BW/NX),Aphelios/Kai'Sa/Pantheon (MT/SH),1,1,1
Nilah/Twisted Fate (BW/PZ),Katarina/Master Yi/Zed (IO/NX),1,1,1
Akshan/Master Yi (IO/SH),Draven/Katarina (IO/NX),1,1,1
Akshan/Yasuo (IO/SH),Shen/Sivir (IO/SH),1,1,1
Shen/Sivir (IO/SH),Championpile (PZ/SH),1,1,1
Gwen/Kalista (NX/SI),Katarina/Yasuo (IO/NX),1,1,1
Gwen/Kalista (NX/SI),Caitlyn/Teemo (BC/PZ),1,1,1
Garen/Katarina (DE/NX),Championpile (PZ/SH),1,1,1
Norra (BC/FR),Ahri/Kennen (BC/IO),1,1,1
Sejuani/Swain (FR/NX),Fizz/Master Yi (BC/IO),1,1,1
Katarina/Swain (NX/PZ),Garen/Udyr (DE/FR),1,1,1
Ashe/LeBlanc (FR/NX),Master Yi/Nidalee (IO/SH),1,1,1
Ashe (FR/NX),Kai'Sa/Pantheon (MT/SH),1,1,1
Janna/Master Yi (IO/PZ),Braum/Kalista (FR/SI),1,1,1
Akshan/Kai'Sa (DE/SH),Nami/Nilah (BW/SI),1,1,1
Ezreal/Nilah (BW/PZ),Akshan/Udyr (FR/SH),1,1,1
Fizz/Nami (BC/BW),Ezreal/Seraphine (PZ/SI),1,1,1
Braum/Kalista (FR/SI),Ezreal/Seraphine (PZ/SI),1,1,1
Garen/Udyr (DE/FR),Bard/Caitlyn (RU/PZ),1,1,1
Championless (SI),Ashe/Lissandra (FR/SH),1,1,1
Gnar/Sejuani (BC/FR),Bard/Caitlyn (RU/PZ),1,1,1
Braum/Kalista (FR/SI),Ashe/LeBlanc (FR/NX),1,1,1
Fiora/Pantheon (DE/MT),Sejuani/Zoe (FR/MT),1,1,1
Fiora/Pantheon (DE/MT),Aphelios/Kai'Sa/Pantheon (MT/SH),1,1,1
Janna/Norra (BC/PZ),Ezreal/Yasuo (IO/PZ),1,1,1
Braum/Zoe (FR/MT),Akshan/Kai'Sa (DE/SH),1,1,1
Sejuani (FR/NX),Janna (PZ/SI),1,1,1
Ekko (IO/PZ),Janna (PZ/SI),1,1,1
Sejuani/Zoe (FR/MT),LeBlanc/Sivir (NX/SH),1,1,1
Bard/Caitlyn (RU/PZ),Akshan/Pantheon/Zoe (MT/SH),1,1,1
Sejuani/Swain (FR/NX),Bard/Caitlyn (RU/PZ),1,1,1
Akshan/Yasuo (IO/SH),Samira/Sejuani (FR/NX),1,1,1
Fizz/Nami (BC/BW),Lulu/Lux: Illuminated (DE/IO),1,1,1
Akshan/Yasuo (IO/SH),Braum/Swain (FR/NX),1,1,1
Bard/Caitlyn (RU/PZ),Garen (DE/FR),1,1,1
Akshan/Udyr (FR/SH),Ekko (IO/PZ),1,1,1
Ekko (IO/PZ),Fiora/Shen (DE/IO),1,1,1
Braum/Udyr (FR/SI),Hecarim/Zed (IO/SI),1,1,1
Ezreal/Seraphine (IO/PZ),Ashe/Braum/LeBlanc (FR/NX),1,1,1
Ashe/Braum/LeBlanc (FR/NX),Leona (MT/NX),1,1,1
Sejuani (FR/NX),Ashe/LeBlanc (FR/NX),1,1,1
Shen/Sivir (IO/SH),Braum/Swain/Udyr (FR/NX),1,1,1
Garen (DE/FR),Bard/Caitlyn/Teemo (RU/PZ),1,1,1
Leona (MT/NX),Ezreal/Twisted Fate (BW/PZ),1,1,1
Braum/Udyr (FR/SI),Akshan/Udyr (FR/SH),1,1,1
Katarina/Yasuo (IO/NX),Garen (DE/FR),1,1,1
Katarina/Yasuo (IO/NX),Leona (MT/NX),1,1,1
Fizz/Nami (BC/BW),Katarina/Swain (NX/PZ),1,1,1
Kai'Sa/Pantheon (MT/SH),Nidalee (BC/SH),1,1,1
Janna/Master Yi (IO/PZ),Darius (NX),1,1,1
Janna/Master Yi (IO/PZ),Janna (PZ/SI),1,1,1
Kennen/Neeko (IO/RU),Fizz/Nami (BC/BW),1,1,1
Annie/Jhin (RU/NX),Shen/Udyr (FR/IO),1,1,1
Pantheon/Vayne (DE/MT),Caitlyn/Swain (NX/PZ),1,1,1
Championless (BW/FR),Udyr (DE/FR),1,1,1
Darius (NX),Udyr (DE/FR),1,1,1
Kalista (SI),Braum/Udyr (FR/MT),1,1,1
Aphelios/Zoe (MT/PZ),Katarina/Miss Fortune (BW/NX),1,1,1
Ashe/Ekko (FR/PZ),Ezreal/Seraphine (PZ/SI),1,1,1
Kalista (SI),Darius (NX),1,1,1
Darius (NX),Ashe/Caitlyn (FR/PZ),1,1,1
Ashe/Caitlyn (FR/PZ),Nami/Zoe (BW/MT),1,1,1
Nami/Zoe (BW/MT),Braum/Udyr (FR/NX),1,1,1
Nami/Zoe (BW/MT),Master Yi/Nami (BW/IO),1,1,1
Jhin/Kennen (BC/RU),Janna (PZ/SI),1,1,1
Braum/Udyr (FR/NX),Yasuo (IO/MT),1,1,1
Garen/Neeko (DE/RU),Janna (PZ/SI),1,1,1
Garen/Neeko (DE/RU),Nidalee (BC/SH),1,1,1
Aphelios/Zoe (MT/PZ),Caitlyn (BC/PZ),1,1,1
Championless (BW/NX),Braum (FR/MT),1,1,1
Darius (NX),Championless (BW/NX),1,1,1
Kalista/Norra (BC/SI),Janna (PZ/SI),1,1,1
Akshan/Kai'Sa (DE/SH),Ashe (FR/NX),1,1,1
Annie/Jhin (RU/NX),Ezreal (MT/PZ),1,1,1
Annie/Jhin (RU/NX),Ekko/Nilah/Twisted Fate (BW/PZ),1,1,1
Shen/Sivir (IO/SH),Nidalee (BC/SH),1,1,1
Ashe (FR/PZ),Darius (NX),1,1,1
Championless (SI),Twisted Fate (BW/PZ),1,1,1
Championless (SI),Gwen/Udyr (FR/SI),1,1,1
Annie/Miss Fortune (BW/NX),Swain/Twisted Fate (BW/NX),1,1,1
Ekko/Nilah/Twisted Fate (BW/PZ),Pantheon/Vayne (DE/MT),1,1,1
Fizz/Nami (BC/BW),Braum (DE/FR),1,1,1
Master Yi/Zed (IO/NX),Swain/Twisted Fate (BW/NX),1,1,1
Braum/Udyr (FR/MT),Ashe/Darius (FR/NX),1,1,1
Darius (NX),Gwen/Udyr (FR/SI),1,1,1
Gwen/Udyr (FR/SI),Janna/Master Yi/Seraphine (IO/PZ),1,1,1
Braum/Udyr (FR/MT),Braum/Zoe (FR/MT),1,1,1
Ezreal/Twisted Fate (BW/PZ),Gwen/Udyr (FR/SI),1,1,1
Championless (SI),Aphelios/Zoe (MT/PZ),1,1,1
Ashe/Braum/LeBlanc (FR/NX),Janna (IO/PZ),1,1,1
Aphelios/Zoe (MT/PZ),Fiora/Vayne (DE/IO),1,1,1
Aphelios/Zoe (MT/PZ),Braum/Swain/Udyr (FR/NX),1,1,1
Swain/Twisted Fate (BW/NX),Lulu/Zed (BC/IO),1,1,1
Twisted Fate (BW/PZ),Pantheon/Udyr (FR/MT),1,1,1
Gwen/Hecarim (SI/SH),Ezreal/Twisted Fate (BW/PZ),1,1,1
Evelynn/Nidalee (RU/SH),Master Yi/Udyr (FR/IO),1,1,1
Braum (FR/MT),Akshan/Sivir (SH),1,1,1
Akshan/Seraphine (PZ/SH),Annie/Jhin (RU/NX),1,1,1
Pantheon/Samira (MT/NX),Kalista (SI),1,1,1
Ekko/Nilah/Twisted Fate (BW/PZ),Vayne/Zed (DE/IO),1,1,1
LeBlanc/Udyr (FR/NX),Janna/Master Yi (IO/PZ),1,1,1
Swain/Twisted Fate (BW/NX),Hecarim/Zed (IO/SI),1,1,1
Ahri/Kennen (BC/IO),Darius/Sejuani (FR/NX),1,1,1
Ashe/LeBlanc (FR/NX),Neeko/Samira (RU/NX),1,1,1
Braum/Zoe (FR/MT),Seraphine (BW/PZ),1,1,1
Lissandra (FR/SI),Katarina/Miss Fortune (BW/NX),1,1,1
Katarina/Miss Fortune (BW/NX),Leona/Yasuo (IO/MT),1,1,1
LeBlanc/Udyr (FR/NX),Gnar/Tristana (BC/BW),1,1,1
Janna/Nilah (BW/PZ),Sejuani/Swain (FR/NX),1,1,1
Darius/Gnar (FR/NX),Championless (IO/PZ),1,1,1
Championless (IO/PZ),Akshan/Master Yi (IO/SH),1,1,1
Championless (IO/PZ),Pantheon/Udyr (FR/MT),1,1,1
Jhin/Kennen (BC/RU),Draven/Nami (BW/NX),1,1,1
Jhin/Kennen (BC/RU),Caitlyn (NX/PZ),1,1,1
Lissandra (FR/SI),Championless (SI),1,1,1
Nilah/Twisted Fate (BW/PZ),Lulu/Tristana (BC/IO),1,1,1
Neeko/Nidalee (RU/SH),Yasuo (IO/MT),1,1,1
Aphelios/Udyr (FR/MT),Hecarim/Lucian (DE/SI),1,1,1
Hecarim/Lucian (DE/SI),Nilah/Twisted Fate (BW/PZ),1,1,1
Lissandra (FR/SI),Kalista (SI),1,1,1
Lissandra (FR/SI),Caitlyn (NX/PZ),1,1,1
Lissandra (FR/SI),Akshan/Fiora (DE/SH),1,1,1
Ekko/Nilah/Twisted Fate (BW/PZ),Lissandra (FR/SI),1,1,1
Aphelios/Zoe (MT/PZ),Samira (BW/NX),1,1,1
Fiora/Pantheon (DE/MT),Championless (BW/NX),1,1,1
Nami/Samira (BW/NX),Annie/Jhin (RU/NX),1,1,1
Annie/Jhin (RU/NX),Ashe/Darius (FR/NX),1,1,1
Gwen/Udyr (FR/SI),Darius/Gnar (FR/NX),1,1,1
Ekko/Nilah/Twisted Fate (BW/PZ),LeBlanc/Sivir (NX/SH),1,1,1
Ekko/Nilah/Twisted Fate (BW/PZ),Janna/Master Yi/Seraphine (IO/PZ),1,1,1
Lulu/Shen (DE/IO),Ekko/Nilah/Twisted Fate (BW/PZ),1,1,1
Ekko/Nilah/Twisted Fate (BW/PZ),Gwen/Vayne (DE/SI),1,1,1
Janna/Teemo/Udyr (FR/PZ),Swain/Yasuo (IO/NX),1,1,1
Caitlyn (NX/PZ),Janna/Master Yi/Seraphine (IO/PZ),1,1,1
Lulu/Shen (DE/IO),Janna/Master Yi/Seraphine (IO/PZ),1,1,1
Championless (FR/IO),Caitlyn (NX/PZ),1,1,1
Gwen/Vayne (DE/SI),Braum/Sejuani/Swain (FR/NX),1,1,1
Nidalee (BC/SH),Master Yi/Udyr (FR/IO),1,1,1
Akshan/Pyke (BW/SH),Braum/Zoe (FR/MT),1,1,1
Braum/Zed (FR/IO),Swain/Yasuo (IO/NX),1,1,1
Neeko/Nidalee (RU/SH),Norra/Zoe (BC/MT),1,1,1
Caitlyn (NX/PZ),Kai'Sa/Pantheon (MT/SH),1,1,1
Swain/Twisted Fate (BW/NX),Lulu/Neeko (IO/RU),1,1,1
Ekko/Nilah/Twisted Fate (BW/PZ),Hecarim/Zed (IO/SI),1,1,1
Darius/Gwen/Hecarim (NX/SI),Akshan/Renekton (SH),1,1,1
Championless (PZ/SI),Zoe (BC/MT),1,1,1
Aphelios/Zoe (MT/PZ),Zoe (BC/MT),1,1,1
Ekko/Nilah/Twisted Fate (BW/PZ),Caitlyn/Swain (NX/PZ),1,1,1
Swain/Yasuo (IO/NX),Nami/Zoe (BW/MT),1,1,1
Ezreal/Jinx (NX/PZ),Yasuo (IO/MT),1,1,1
Lulu/Shen (DE/IO),Kai'Sa/Pantheon (MT/SH),1,1,1
Janna (FR/PZ),Championless (MT/SI),1,1,1
Evelynn/Nidalee (RU/SH),Akshan/Udyr (FR/SH),1,1,1
Gnar/Sejuani (BC/FR),Ezreal (NX/PZ),1,1,1
Ashe/Caitlyn (FR/PZ),Aphelios/Zoe (MT/PZ),1,1,1
Akshan/Pantheon (MT/SH),Championless (PZ/SI),1,1,1
Ekko/Nilah/Twisted Fate (BW/PZ),Gwen/Udyr (FR/SI),1,1,1
Braum/Udyr (FR/NX),Ekko/Nilah/Twisted Fate (BW/PZ),1,1,1
Sejuani/Swain (FR/NX),Ezreal/Twisted Fate (BW/PZ),1,1,1
Sejuani/Swain (FR/NX),Ezreal/Janna (PZ/SI),1,1,1
Braum/Zoe (FR/MT),Akshan/Fiora (DE/SH),1,1,1
Braum/Zoe (FR/MT),Kalista/Lucian (DE/SI),1,1,1
Fiora (DE/SH),Caitlyn/Swain/Teemo (NX/PZ),1,1,1
Kai'Sa/Pantheon (MT/SH),Ezreal/Twisted Fate (BW/PZ),1,1,1
Kai'Sa/Pantheon (MT/SH),Bard/Norra (BC/RU),1,1,1
Kalista/Vayne (DE/SI),Annie/Jhin (RU/NX),1,1,1
Braum/Zoe (FR/MT),Aphelios/Samira (MT/NX),1,1,1
Ezreal/Twisted Fate (BW/PZ),Ezreal/Jinx (NX/PZ),1,1,1
Lulu/Shen (DE/IO),Ezreal (NX/PZ),1,1,1
Ezreal/Janna (PZ/SI),Fiora/Shen (DE/IO),1,1,1
Aphelios/Zoe (MT/PZ),Ezreal/Jinx (NX/PZ),1,1,1
Ezreal/Jinx (NX/PZ),Neeko/Nidalee (RU/SH),1,1,1
Janna/Master Yi (IO/PZ),Caitlyn (NX/PZ),1,1,1
Caitlyn (NX/PZ),Fizz/Nami (BC/BW),1,1,1
Ashe/Braum/LeBlanc (FR/NX),Annie/Ezreal/Swain (NX/PZ),1,1,1
Darius/Gnar (FR/NX),Ashe/Braum/LeBlanc (FR/NX),1,1,1
Gwen/Udyr (FR/SI),Ashe/Braum/LeBlanc (FR/NX),1,1,1
Nilah/Twisted Fate (BW/PZ),Ashe/Braum/LeBlanc (FR/NX),1,1,1
Sejuani/Swain (FR/NX),Lucian/Udyr (DE/FR),1,1,1
Lucian/Udyr (DE/FR),Championless (PZ/SI),1,1,1
Ezreal/Seraphine (BW/PZ),Lucian/Udyr (DE/FR),1,1,1
Ashe (FR/PZ),Braum (DE/FR),1,1,1
LeBlanc/Sivir (NX/SH),Aphelios/Zoe (IO/MT),1,1,1
LeBlanc/Udyr (FR/NX),Janna/Teemo/Udyr (FR/PZ),1,1,1
Akshan/Sivir (FR/SH),Akshan/Kai'Sa (DE/SH),1,1,1
Akshan/Sivir (FR/SH),Sejuani/Teemo (FR/PZ),1,1,1
Championless (FR/MT),Braum/Zoe (FR/MT),1,1,1
Braum (FR),Championless (FR/MT),1,1,1
Quinn/Udyr (DE/FR),Championless (FR/MT),1,1,1
Braum/Zoe (FR/MT),Annie/Sejuani (FR/NX),1,1,1
Aphelios/Diana (MT),Quinn/Udyr (DE/FR),1,1,1
Caitlyn/Teemo (BC/PZ),Quinn/Udyr (DE/FR),1,1,1
Darius/Udyr (FR/NX),Braum/Garen (DE/FR),1,1,1
Akshan/Fiora (DE/SH),Ezreal/Seraphine (BW/PZ),1,1,1
Aphelios/Zoe (IO/MT),Ahri/Kennen (BC/IO),1,1,1
Akshan/Udyr (FR/SH),Janna/Teemo/Udyr (FR/PZ),1,1,1
Shen/Sivir (IO/SH),Braum/Sejuani/Swain (FR/NX),1,1,1
Aphelios/Zoe (MT/SI),Fizz/Nami (BW/PZ),1,1,1
Fiora/Shen (DE/IO),Akshan/Pantheon (MT/SH),1,1,1
Janna/Teemo/Udyr (FR/PZ),Nilah/Twisted Fate (BW/PZ),1,1,1
Braum/Garen (DE/FR),Akshan/Pantheon (MT/SH),1,1,1
Aphelios (FR/MT),Ezreal/Nami (BW/PZ),1,1,1
Darius/Gnar (FR/NX),Annie/Miss Fortune (BW/NX),1,1,1
Fizz/Zoe (BW/MT),Ezreal/Seraphine (BW/PZ),1,1,1
Ezreal/Jinx (NX/PZ),Fizz/Zoe (BW/MT),1,1,1
Braum/Garen (DE/FR),Swain (FR/NX),1,1,1
Championless (SI),Janna/Teemo/Udyr (FR/PZ),1,1,1
Lulu/Zed (DE/IO),Akshan/Master Yi (IO/SH),1,1,1
Fiora/Udyr (DE/FR),Akshan/Master Yi (IO/SH),1,1,1
Ashe/Janna (FR/PZ),Championless (BW/FR),1,1,1
Janna (IO/PZ),Gwen/Udyr (FR/SI),1,1,1
Gwen/Udyr (FR/SI),Ashe/Sejuani (FR),1,1,1
Garen/Miss Fortune/Quinn (BW/DE),Gwen/Udyr (FR/SI),1,1,1
Gwen/Udyr (FR/SI),Pyke/Rek'Sai (BW/SH),1,1,1
Gwen/Udyr (FR/SI),Neeko/Nidalee (RU/SH),1,1,1
Gwen/Udyr (FR/SI),Kalista/Norra (BC/SI),1,1,1
Gwen/Udyr (FR/SI),Championpile (FR/PZ),1,1,1
Braum/Zoe (FR/MT),Braum/Udyr (FR/SI),1,1,1
Braum/Gwen (FR/SI),Kalista (SI),1,1,1
Braum/Gwen (FR/SI),Udyr/Zoe (FR/MT),1,1,1
Darius/LeBlanc (FR/NX),Katarina/Yasuo (IO/NX),1,1,1
Lucian/Udyr (DE/FR),Zoe (FR/MT),1,1,1
Braum (FR/MT),Nami/Udyr (BW/FR),1,1,1
Gwen (FR/SI),Irelia/Zed (IO/SI),1,1,1
Udyr/Zoe (FR/MT),Seraphine (BW/PZ),1,1,1
Zoe (BC/MT),Darius/Gnar (FR/NX),1,1,1
Ezreal (PZ/SI),Sejuani/Udyr (DE/FR),1,1,1
Braum/Sejuani/Udyr (FR/NX),Quinn/Udyr (DE/FR),1,1,1
Aphelios/Zoe (IO/MT),Norra/Udyr (BC/FR),1,1,1
Aphelios/Zoe (IO/MT),Braum (FR/MT),1,1,1
Braum/Udyr (FR/SI),Aphelios/Diana (MT/NX),1,1,1
Braum/Udyr (FR/SI),Darius/Gnar (FR/NX),1,1,1
Zoe (FR/MT),Norra/Udyr (BC/FR),1,1,1
Darius/Gnar (FR/NX),Aphelios (FR/MT),1,1,1
Neeko/Nidalee (RU/SH),Fizz/Zoe (BW/MT),1,1,1
Caitlyn/Norra (BC/PZ),Fizz/Zoe (BW/MT),1,1,1
Championless (MT/SI),Fizz/Zoe (BW/MT),1,1,1
Gwen/Udyr (FR/SI),Fizz/Zoe (BW/MT),1,1,1
Janna/Teemo/Udyr (FR/PZ),Championless (NX/SI),1,1,1
Ashe/Fiora (DE/FR),Swain (BW/NX),1,1,1
Gwen/Vayne (DE/SI),Katarina/Swain (BW/NX),1,1,1
Darius/Sejuani (FR/NX),Nilah/Twisted Fate (BW/PZ),1,1,1
Darius/Gnar (FR/NX),Championless (BC/IO),1,1,1
Janna/Teemo/Udyr (FR/PZ),Gwen/Udyr (FR/SI),1,1,1
Janna/Teemo/Udyr (FR/PZ),Kalista/Lucian (DE/SI),1,1,1
Janna/Teemo/Udyr (FR/PZ),Championless (SI/SH),1,1,1
Braum (FR/MT),Championless (BC/IO),1,1,1
Aphelios/Udyr (FR/MT),Ezreal/Nami (BW/PZ),1,1,1
Darius/LeBlanc (FR/NX),Ezreal/Nami (BW/PZ),1,1,1
Ezreal/Nami (BW/PZ),Shen/Sivir (IO/SH),1,1,1
Gnar/Nidalee (BC/SH),Ezreal/Nami (BW/PZ),1,1,1
Jhin/Jinx (RU/PZ),Ashe/LeBlanc (FR/NX),1,1,1
Ashe (FR/PZ),Gwen/Udyr (FR/SI),1,1,1
Championless (SI),Kalista (NX/SI),1,1,1
Ashe/Sejuani (FR/SI),Annie/Jhin/Swain (RU/NX),1,1,1
Ashe/Sejuani (FR/SI),Neeko/Nidalee (RU/SH),1,1,1
Akshan/Fiora (DE/SH),Championless (IO/SI),1,1,1
Championless (PZ/SI),Darius/Gnar/LeBlanc (FR/NX),1,1,1
Akshan/Sivir (FR/SH),Ezreal (PZ/SI),1,1,1
Championless (IO/SI),Ezreal/Miss Fortune (BW/PZ),1,1,1
Championless (SI),Irelia/Zed (IO/SI),1,1,1
Udyr/Zoe (FR/MT),Ezreal (PZ/SI),1,1,1
Udyr/Zoe (FR/MT),Zoe (BC/MT),1,1,1
Miss Fortune (BW/PZ),Pantheon/Zoe (DE/MT),1,1,1
LeBlanc/Sivir (NX/SH),Miss Fortune (BW/PZ),1,1,1
Braum/Zoe (FR/MT),LeBlanc/Swain (BW/NX),1,1,1
Ashe (FR/PZ),Ekko/Nami (BW/PZ),1,1,1
Janna/Master Yi (IO/PZ),Akshan/Ekko (PZ/SH),1,1,1
Janna/Master Yi (IO/PZ),Gwen (FR/SI),1,1,1
Aphelios/Zoe (IO/MT),Championless (DE/MT),1,1,1
Master Yi/Udyr (FR/IO),Darius/Gnar (FR/NX),1,1,1
Championless (PZ/SI),Darius/Udyr (FR/NX),1,1,1
Nilah/Twisted Fate (BW/PZ),Ekko/Jinx/Nilah (BW/PZ),1,1,1
Lulu/Lux: Illuminated (DE/IO),Kalista (SI),1,1,1
Neeko/Nidalee (RU/SH),Championless (NX/SI),1,1,1
Championless (NX/SI),Fiora/Udyr (DE/FR),1,1,1
Ezreal/Seraphine (MT/PZ),Janna/Twisted Fate (BW/PZ),1,1,1
Shen/Udyr (FR/IO),Darius/Gnar (FR/NX),1,1,1
Udyr (FR/PZ),Annie/Jhin (RU/NX),1,1,1
Lucian/Quinn/Vayne (DE/FR),Katarina/Miss Fortune (BW/NX),1,1,1
Swain/Twisted Fate (BW/NX),Championless (IO/SI),1,1,1
Yasuo (IO/MT),Lucian/Quinn/Vayne (DE/FR),1,1,1
Swain/Twisted Fate (BW/NX),Quinn/Udyr/Vayne (DE/FR),1,1,1
Akshan/Udyr (FR/SH),Lucian/Quinn/Vayne (DE/FR),1,1,1
Braum/Zoe (FR/MT),Ekko/Nami (BW/PZ),1,1,1
Gnar/Sejuani (BC/FR),Nidalee (BC/SH),1,1,1
Nidalee (BC/SH),Akshan/Udyr (FR/SH),1,1,1
Master Yi/Seraphine (IO/PZ),Caitlyn/Teemo (BC/PZ),1,1,1
Ezreal/Kennen (IO/PZ),Kalista (FR/SI),1,1,1
Braum/Zoe (FR/MT),Akshan/Pantheon/Zoe (MT/SH),1,1,1
Gwen/Kalista (NX/SI),Akshan/Pantheon/Zoe (MT/SH),1,1,1
Braum/Zoe (FR/MT),Braum/Sejuani/Swain (FR/NX),1,1,1
Ezreal/Kennen (IO/PZ),Braum/Sejuani/Swain (FR/NX),1,1,1
Braum/Sejuani/Swain (FR/NX),Braum/Udyr (FR/NX),1,1,1
Braum/Udyr (FR/NX),Darius/Sejuani (FR/NX),1,1,1
Janna/Master Yi (IO/PZ),Caitlyn/Swain/Teemo (NX/PZ),1,1,1
Championless (SI),Yasuo (IO/MT),1,1,1
Gnar/Sejuani (BC/FR),Braum/Udyr/Zoe (FR/MT),1,1,1
Ashe (FR/PZ),Fiora/Vayne (DE/IO),1,1,1
Lissandra/Sejuani (FR/SH),Akshan/Pantheon (MT/SH),1,1,1
Championless (SI),Lissandra/Sejuani (FR/SH),1,1,1
Miss Fortune/Quinn (BW/DE),Darius/LeBlanc (FR/NX),1,1,1
Elise/Janna (PZ/SI),Caitlyn/Katarina (NX/PZ),1,1,1
Championless (SI),Kalista (IO/SI),1,1,1
Darius/Gnar (FR/NX),Ezreal/Jinx (PZ/SI),1,1,1
Caitlyn/Katarina (NX/PZ),Caitlyn (NX/PZ),1,1,1
Master Yi/Seraphine (IO/PZ),Nami/Udyr (BW/FR),1,1,1
Championless (DE/MT),Lissandra (FR/SI),1,1,1
Championless (DE/SI),Caitlyn/Teemo (BC/PZ),1,1,1
Janna/Nilah (BW/PZ),Gwen (SI/SH),1,1,1
Ashe/Janna (FR/PZ),Caitlyn/Katarina (NX/PZ),1,1,1
Caitlyn/LeBlanc (NX/PZ),Championless (BW/FR),1,1,1
Janna/Teemo/Udyr (FR/PZ),Caitlyn/Nami/Teemo (BW/PZ),1,1,1
Caitlyn/Nami (BW/PZ),Janna/Teemo/Udyr (FR/PZ),1,1,1
Ezreal/Seraphine (PZ/SI),Caitlyn (NX/PZ),1,1,1
Ezreal/Seraphine (PZ/SI),Ashe/Caitlyn (FR/PZ),1,1,1
Zoe (BC/MT),Ezreal/Seraphine (PZ/SI),1,1,1
Nidalee (BC/SH),Zoe (BC/MT),1,1,1
Zoe (BC/MT),Fiora/Vayne (DE/IO),1,1,1
Master Yi/Seraphine (IO/PZ),Kennen/Seraphine (IO/PZ),1,1,1
Sejuani/Udyr (DE/FR),Akshan/Renekton (BW/SH),1,1,1
Lissandra (FR/SI),Annie/Katarina (NX),1,1,1
Swain/Twisted Fate (BW/NX),Ahri/Kennen (BC/IO),1,1,1
Fiora/Pantheon (DE/MT),Master Yi/Zoe (IO/MT),1,1,1
Fiora/Vayne (DE/IO),Ashe/Caitlyn (FR/PZ),1,1,1
Kalista (SI),Caitlyn (NX/PZ),1,1,1
Caitlyn (NX/PZ),Kennen/Lux: Illuminated (DE/IO),1,1,1
Pantheon/Udyr (FR/MT),Annie/Ezreal (NX/PZ),1,1,1
Fiora/Shen (DE/IO),Gwen/Udyr (FR/SI),1,1,1
Ashe/LeBlanc (FR/NX),Lissandra (FR/SI),1,1,1
Shen/Sivir (IO/SH),Akshan/Udyr (FR/SH),1,1,1
Ezreal/Seraphine (PZ/SI),Braum/Udyr (FR/MT),1,1,1
Gwen/Nidalee (SI/SH),Ashe/Janna (FR/PZ),1,1,1
Fiora/Pantheon (DE/MT),Zoe (BC/MT),1,1,1
Braum (FR/MT),Zoe (BC/MT),1,1,1
Braum (FR/NX),Sejuani/Teemo (FR/PZ),1,1,1
Hecarim/Zed (IO/SI),Kai'Sa/Pantheon (MT/SH),1,1,1
Ahri/Kennen (BC/IO),Kennen/Lux: Illuminated (DE/IO),1,1,1
Fiora/Pantheon (DE/MT),Fizz/Zoe (BW/MT),1,1,1
Nidalee (BC/SH),Fiora/Pantheon (DE/MT),1,1,1
Ashe (FR/PZ),Gwen (FR/SI),1,1,1
Gwen (FR/SI),Akshan/Renekton (BW/SH),1,1,1
Garen/Shen (DE/IO),Leona/Yasuo (IO/MT),1,1,1
Braum/Zoe (FR/MT),Caitlyn/Swain/Teemo (NX/PZ),1,1,1
Janna/Teemo/Udyr (FR/PZ),Kalista/Lucian/Vayne (DE/SI),1,1,1
Swain/Twisted Fate (BW/NX),Braum/Udyr (FR/MT),1,1,1
Ezreal/Miss Fortune (BW/PZ),Akshan/Renekton (BW/SH),1,1,1
Ashe/Janna (FR/PZ),Leona/Yasuo (IO/MT),1,1,1
Caitlyn (NX/PZ),Pantheon/Udyr (FR/MT),1,1,1
Garen/Udyr (DE/FR),Gwen (FR/SI),1,1,1
Master Yi/Udyr (FR/IO),Championless (BC/IO),1,1,1
Caitlyn/Swain/Teemo (NX/PZ),Gwen (FR/SI),1,1,1
Ahri/Kennen (BC/IO),Hecarim (IO/SI),1,1,1
Fiora/Pantheon (DE/MT),Tristana (BC/NX),1,1,1
Pantheon (DE/MT),Katarina/Miss Fortune (BW/NX),1,1,1
Pantheon/Udyr (FR/MT),Katarina/Miss Fortune (BW/NX),1,1,1
Ezreal/Seraphine (IO/PZ),Zoe (FR/MT),1,1,1
Ezreal/Seraphine (IO/PZ),Jhin/Yasuo (IO/RU),1,1,1
Zoe (BC/MT),Akshan/Ekko (PZ/SH),1,1,1
Sejuani/Teemo (FR/PZ),Swain/Yasuo (IO/NX),1,1,1
Braum/Nami (BW/FR),Caitlyn (NX/PZ),1,1,1
Zoe (FR/MT),Sejuani/Udyr (DE/FR),1,1,1
Sejuani/Udyr (DE/FR),Caitlyn (NX/PZ),1,1,1
Janna/Teemo/Udyr (FR/PZ),Sejuani/Udyr (DE/FR),1,1,1
Sejuani/Udyr (DE/FR),Caitlyn/Teemo (BC/PZ),1,1,1
Sejuani/Udyr (DE/FR),Kalista/Lucian/Vayne (DE/SI),1,1,1
Akshan/Udyr (FR/SH),Pantheon (DE/MT),1,1,1
Pantheon (DE/MT),Caitlyn (NX/PZ),1,1,1
Akshan/Udyr (FR/SH),Swain/Yasuo (IO/NX),1,1,1
Caitlyn (NX/PZ),Seraphine (BW/PZ),1,1,1
Caitlyn (NX/PZ),Caitlyn/Swain/Teemo (NX/PZ),1,1,1
Janna/Teemo/Udyr (FR/PZ),Zoe (FR/MT),1,1,1
Swain/Twisted Fate (BW/NX),Ashe/Ekko (FR/PZ),1,1,1
Kalista (SI),Ekko/Nilah/Twisted Fate (BW/PZ),1,1,1
Fiora/Vayne (DE/IO),Sejuani/Swain (FR/NX),1,1,1
Sejuani/Swain (FR/NX),Caitlyn (NX/PZ),1,1,1
Janna/Teemo/Udyr (FR/PZ),Leona/Yasuo (IO/MT),1,1,1
Championless (MT/SI),Janna/Teemo/Udyr (FR/PZ),1,1,1
Caitlyn/Swain/Teemo (NX/PZ),Braum/Sejuani (FR/SI),1,1,1
Braum/Udyr (DE/FR),Ezreal/Miss Fortune (BW/PZ),1,1,1
Ezreal/Miss Fortune (BW/PZ),Ezreal/Seraphine (MT/PZ),1,1,1
Swain/Twisted Fate (BW/NX),Sejuani/Udyr (DE/FR),1,1,1
Evelynn/Nidalee (RU/SH),Garen/Udyr (DE/FR),1,1,1
Vayne/Zed (DE/IO),Ezreal/Janna (PZ/SI),1,1,1
Ezreal/Janna (PZ/SI),Gwen (FR/SI),1,1,1
Championpile (DE/MT),Nami/Udyr (BW/FR),1,1,1
Nami/Udyr (BW/FR),Championless (SI),1,1,1
Akshan/Ekko (PZ/SH),Nami/Udyr (BW/FR),1,1,1
Akshan/Ekko (PZ/SH),Caitlyn/Nami/Teemo (BW/PZ),1,1,1
Shen/Udyr (FR/IO),Ashe/LeBlanc (FR/NX),1,1,1
Ashe/LeBlanc (FR/NX),Championpile (DE/MT),1,1,1
Hecarim/Zed (IO/SI),Katarina/Miss Fortune (BW/NX),1,1,1
Ashe/LeBlanc (FR/NX),Seraphine (BW/PZ),1,1,1
Garen/Shen (DE/IO),Sejuani/Udyr (DE/FR),1,1,1
Championpile (DE/MT),Braum/Udyr (FR/NX),1,1,1
Pantheon (DE/MT),Hecarim/Zed (IO/SI),1,1,1
Akshan/Ekko (PZ/SH),Garen/Lux: Illuminated (DE/IO),1,1,1
Ashe (FR),Lux: Illuminated/Shen (DE/IO),1,1,1
Ashe (FR/PZ),Ashe/Braum (FR/NX),1,1,1
Shen/Sivir (IO/SH),Katarina/LeBlanc/Miss Fortune (BW/NX),1,1,1
Katarina/LeBlanc/Miss Fortune (BW/NX),Braum/Zoe (FR/MT),1,1,1
Ezreal/Seraphine (BC/PZ),Caitlyn/Teemo (FR/PZ),1,1,1
Janna/Master Yi (IO/PZ),Neeko/Nidalee (RU/SH),1,1,1
Championless (DE/SI),Championless (FR/MT),1,1,1
Championless (PZ/SI),Master Yi/Seraphine (IO/PZ),1,1,1
Master Yi/Seraphine (IO/PZ),Vayne/Zed (DE/IO),1,1,1
Caitlyn/Swain (NX/PZ),Darius/Sejuani (FR/NX),1,1,1
Vayne/Zed (DE/IO),Braum/Zoe (FR/MT),1,1,1
Vayne/Zed (DE/IO),Seraphine (BW/PZ),1,1,1
Vayne/Zed (DE/IO),Gwen (FR/SI),1,1,1
Pantheon/Zoe (IO/MT),Ashe/Janna (FR/PZ),1,1,1
Akshan/Ekko (PZ/SH),Championpile (DE/MT),1,1,1
Braum (FR/MT),Ashe/Fiora (DE/FR),1,1,1
Gwen (FR/SI),Akshan/Ekko (PZ/SH),1,1,1
Ezreal/Miss Fortune (BW/PZ),Zoe (FR/MT),1,1,1
Ezreal/Miss Fortune (BW/PZ),Fiora/Vayne (DE/IO),1,1,1
Ashe/Janna (FR/PZ),Braum/Zoe (FR/MT),1,1,1
Ahri/Kennen (IO/NX),Championless (SI),1,1,1
Championless (DE/MT),Ezreal/Katarina (NX/PZ),1,1,1
Darius/Gnar (FR/NX),Ezreal/Janna (PZ/SI),1,1,1
Hecarim/Nidalee (SI/SH),Ezreal/Seraphine (IO/PZ),1,1,1
Akshan/Ekko (PZ/SH),Hecarim/Nidalee (SI/SH),1,1,1
Akshan/Ekko (PZ/SH),Ezreal/Seraphine/Zoe (MT/PZ),1,1,1
Ashe (FR/PZ),Braum/Pantheon/Zoe (FR/MT),1,1,1
Janna/Master Yi (IO/PZ),Sejuani/Udyr (DE/FR),1,1,1
Fiora/Vayne (DE/IO),Quinn/Udyr/Vayne (DE/FR),1,1,1
Caitlyn/Norra (BC/PZ),Gwen (FR/SI),1,1,1
Fizz/Zoe (BW/MT),Ezreal/Miss Fortune (BW/PZ),1,1,1
Darius/Gnar (FR/NX),Lulu/Shen (BC/IO),1,1,1
Ezreal/Seraphine (IO/PZ),Ahri/Kennen (IO/NX),1,1,1
Udyr/Vayne (DE/FR),Akshan/Sivir (FR/SH),1,1,1
Gnar/Norra (BC/FR),Gwen/Katarina (NX/SI),1,1,1
Braum (FR/MT),Ezreal/Janna (PZ/SI),1,1,1
Ashe (FR/PZ),Pantheon (DE/MT),1,1,1
Master Yi/Udyr (FR/IO),Garen/Lux: Illuminated (DE/IO),1,1,1
Janna/Master Yi (IO/PZ),Braum/Nami (BW/FR),1,1,1
Akshan/Sivir (FR/SH),Sejuani/Swain (FR/NX),1,1,1
Zoe (BC/MT),Ekko (PZ/SI),1,1,1
Caitlyn/Swain (NX/PZ),Zoe (FR/MT),1,1,1
Kai'Sa/Pantheon (MT/SH),Caitlyn/Norra (BC/PZ),1,1,1
Lissandra (FR/SI),Akshan/Ekko (PZ/SH),1,1,1
Norra/Teemo (BC/PZ),Pantheon/Zoe (IO/MT),1,1,1
Ezreal/Seraphine (IO/PZ),Akshan/Ekko (PZ/SH),1,1,1
Ezreal/Seraphine (IO/PZ),Gnar/Neeko (FR/RU),1,1,1
Ezreal/Seraphine (PZ/SI),Ekko/Twisted Fate (BW/PZ),1,1,1
Aphelios/Udyr (FR/MT),Ezreal/Seraphine (PZ/SI),1,1,1
Ezreal/Seraphine (PZ/SI),Lucian/Zed (DE/IO),1,1,1
Akshan/Ekko (PZ/SH),Caitlyn/Ekko (PZ/SI),1,1,1
Udyr (DE/FR),Ekko (PZ/SI),1,1,1
Braum/Udyr (FR),Caitlyn/Ekko (PZ/SI),1,1,1
Championless (DE/MT),Zoe (BC/MT),1,1,1
Udyr (DE/FR),Championless (DE/MT),1,1,1
Braum/Udyr (FR),Katarina/LeBlanc/Miss Fortune (BW/NX),1,1,1
Swain/Yasuo (IO/NX),Gwen/Kalista (FR/SI),1,1,1
Ashe/Caitlyn (FR/PZ),Akshan/Sivir (FR/SH),1,1,1
Akshan/Sivir (FR/SH),Janna/Master Yi (IO/PZ),1,1,1
Janna/Master Yi (IO/PZ),Ekko (PZ/SI),1,1,1
Caitlyn/Norra (BC/PZ),Akshan/Sivir (FR/SH),1,1,1
Akshan/Sivir (FR/SH),Gnar/Norra (BC/FR),1,1,1
Garen/Lux: Illuminated (DE/IO),Braum (FR/MT),1,1,1
Braum (FR/MT),Caitlyn/Katarina (NX/PZ),1,1,1
Ezreal/Seraphine (IO/PZ),Caitlyn/Katarina (NX/PZ),1,1,1
Championless (MT),Miss Fortune/Sejuani (BW/FR),1,1,1
Miss Fortune/Sejuani (BW/FR),Lissandra (FR/SI),1,1,1
Braum (FR/MT),Katarina/LeBlanc/Miss Fortune (BW/NX),1,1,1
Master Yi/Seraphine (IO/PZ),Championless (DE/SI),1,1,1
Championless (DE/SI),Braum/Udyr (FR/NX),1,1,1
Caitlyn (NX/PZ),Championpile (DE/MT),1,1,1
Ashe/LeBlanc (FR/NX),Pantheon (DE/MT),1,1,1
Pantheon (DE/MT),Championless (MT),1,1,1
Pantheon (DE/MT),Caitlyn/Teemo (BC/PZ),1,1,1
Udyr (DE/FR),Ezreal/Miss Fortune (BW/PZ),1,1,1
Braum/Zoe (FR/MT),Pantheon/Udyr/Zoe (FR/MT),1,1,1
Gnar/Nidalee (BC/SH),Akshan/Renekton (SH),1,1,1
Ezreal/Janna (PZ/SI),Championless (SI),1,1,1
Ezreal/Janna (PZ/SI),Pantheon (DE/MT),1,1,1
Ashe/Braum (FR/NX),Lulu/Shen/Zoe (IO/MT),1,1,1
Garen (DE),Gwen/Kalista (FR/SI),1,1,1
Ashe/Caitlyn (FR/PZ),Gnar/Norra (BC/FR),1,1,1
Lucian/Udyr (DE/FR),Darius/Gnar (FR/NX),1,1,1
Ezreal/Janna (PZ/SI),Sivir (NX/SH),1,1,1
Ezreal/Janna (PZ/SI),Darius (FR/NX),1,1,1
Vayne/Zed (DE/IO),Aphelios/Zoe (IO/MT),1,1,1
Aphelios/Zoe (IO/MT),Sivir (NX/SH),1,1,1
Master Yi/Udyr (FR/IO),Aphelios/Zoe (IO/MT),1,1,1
Vayne/Zed (DE/IO),Caitlyn (NX/PZ),1,1,1
Vayne/Zed (DE/IO),Darius (FR/NX),1,1,1
Braum (FR/MT),Fiora/Vayne (DE/IO),1,1,1
Darius (FR/NX),Ashe/Janna (FR/PZ),1,1,1
Lucian/Udyr (DE/FR),Ashe/Caitlyn (FR/PZ),1,1,1
Ashe (FR/PZ),Sivir/Udyr (FR/SH),1,1,1
Ashe/LeBlanc (FR/NX),Sivir (MT/SH),1,1,1
Garen/Udyr (DE/FR),Lulu/Shen (IO),1,1,1
Aphelios/Zoe (IO/MT),Caitlyn (NX/PZ),1,1,1
Ashe/Caitlyn (FR/PZ),Vayne/Zed (DE/IO),1,1,1
Udyr (DE/FR),Sivir (NX/SH),1,1,1
Sivir (NX/SH),Ashe/LeBlanc (FR/NX),1,1,1
Garen/Miss Fortune/Quinn (BW/DE),Caitlyn (NX/PZ),1,1,1
Lulu/Shen (DE/IO),Akshan/Renekton (SH),1,1,1
Ezreal/Janna (PZ/SI),Championless (PZ/SI),1,1,1
Ashe/LeBlanc (FR/NX),Ashe/Braum (FR/NX),1,1,1
Miss Fortune/Sejuani (BW/FR),Ashe/Caitlyn (FR/PZ),1,1,1
Ashe/Caitlyn (FR/PZ),Quinn/Udyr/Vayne (DE/FR),1,1,1
Braum/Udyr (FR/NX),Kai'Sa/Pantheon (MT/SH),1,1,1
Braum/Sejuani (FR/SI),Swain/Yasuo (IO/NX),1,1,1
Gwen/Nidalee (SI/SH),Gnar/Nidalee (BC/SH),1,1,1
Championless (DE/SI),Championpile (MT/SH),1,1,1
Championpile (MT/SH),Leona/Yasuo (IO/MT),1,1,1
Championpile (MT/SH),Annie/Jhin (RU/NX),1,1,1
Swain/Udyr (FR/NX),Championpile (MT/SH),1,1,1
Ashe/Caitlyn (FR/PZ),Aphelios/Zoe (IO/MT),1,1,1
Akshan/Ekko (PZ/SH),Braum (FR/MT),1,1,1
Sejuani/Swain (FR/NX),Sivir (NX/SH),1,1,1
Braum/Zoe (FR/MT),Neeko/Nidalee (RU/SH),1,1,1
Nilah/Twisted Fate (BW/PZ),Caitlyn/Swain/Teemo (NX/PZ),1,1,1
Ashe (FR/PZ),Braum/Sejuani (FR/SI),1,1,1
Championless (MT),Swain/Udyr (FR/NX),1,1,1
Evelynn/Norra (BC/RU),Akshan/Ekko (PZ/SH),1,1,1
Braum/Zoe (FR/MT),Udyr (DE/FR),1,1,1
Neeko/Nidalee (RU/SH),Darius/Gnar (FR/NX),1,1,1
Fiora/Vayne (DE/IO),Irelia/Zed (FR/IO),1,1,1
Fiora/Vayne (DE/IO),Lulu/Shen (IO/MT),1,1,1
Lulu/Shen (IO/MT),Pantheon (DE/MT),1,1,1
Pantheon (FR/MT),Aphelios/Zoe (IO/MT),1,1,1
Aphelios/Zoe (IO/MT),Pantheon (MT),1,1,1
Championless (MT),Ashe (FR/PZ),1,1,1
Braum/Zoe (FR/MT),Pantheon (MT),1,1,1
Gwen/Katarina (NX/SI),Lulu/Shen (DE/IO),1,1,1
Garen/Udyr (DE/FR),Ashe/Braum (FR/NX),1,1,1
Ashe/Sejuani (FR/SI),Caitlyn (FR/PZ),1,1,1
Championpile (MT/SH),Braum (FR/IO),1,1,1
Ezreal/Janna (PZ/SI),Championpile (MT/SH),1,1,1
Championpile (MT/SH),Championless (PZ/SI),1,1,1
Braum/Udyr (FR/NX),Vayne/Zed (DE/IO),1,1,1
Ashe/Sejuani (FR/IO),Braum/Udyr (FR/MT),1,1,1
Darius/Yasuo (IO/NX),Darius/Gnar (FR/NX),1,1,1
Nilah/Twisted Fate (BW/PZ),Vayne/Zed (DE/IO),1,1,1
Championless (SI),Lulu/Shen (IO/MT),1,1,1
Lulu/Shen (IO/MT),Caitlyn/Swain (NX/PZ),1,1,1
Ashe/Sejuani (FR/SI),Akshan/Samira (NX/SH),1,1,1
Annie/Jhin (RU/NX),Gwen (BC/SI),1,1,1
Braum (FR/IO),Championless (PZ/SI),1,1,1
Quinn/Udyr/Vayne (DE/FR),Caitlyn (NX/PZ),1,1,1
Ashe/Braum (FR/NX),Braum/Udyr (FR/SI),1,1,1
Ashe/Braum (FR/NX),LeBlanc (FR/NX),1,1,1
Ashe/LeBlanc (FR/NX),Janna/Teemo/Udyr (FR/PZ),1,1,1
Championless (BC/IO),Championless (SI),1,1,1
Gwen/Vayne (DE/SI),Akshan/Udyr (FR/SH),1,1,1
Swain/Yasuo (IO/NX),Fiora/Garen (DE/FR),1,1,1
Braum/Udyr (FR),Ashe/Braum (FR/NX),1,1,1
LeBlanc/Sivir (NX/SH),Akshan/Samira (NX/SH),1,1,1
Akshan/Sivir (SH),Ashe (FR/PZ),1,1,1
Ashe (FR/PZ),Ashe/Garen (DE/FR),1,1,1
Akshan/Samira (NX/SH),Gwen (NX/SI),1,1,1
Gwen/Kalista (NX/SI),Akshan/Samira (NX/SH),1,1,1
Irelia/Miss Fortune (BW/IO),Annie/Jhin (RU/NX),1,1,1
Neeko/Nidalee (RU/SH),Gwen/Katarina (NX/SI),1,1,1
Ashe (FR/PZ),Neeko/Nidalee (RU/SH),1,1,1
Ezreal (FR/PZ),Ashe (FR/PZ),1,1,1
Neeko/Nidalee (RU/SH),Fizz/Gnar (BC/PZ),1,1,1
Lulu/Shen/Zoe (IO/MT),Braum/Zoe (FR/MT),1,1,1
Gnar/Neeko (FR/RU),Sejuani/Teemo (FR/PZ),1,1,1
LeBlanc/Sivir (NX/SH),Ashe (FR),1,1,1
Neeko (FR/RU),Ashe (FR),1,1,1
Vayne/Zed (DE/IO),Championless (PZ/SI),1,1,1
Braum/Zoe (FR/MT),LeBlanc/Sejuani (FR/NX),1,1,1
Renekton/Sejuani (FR/SH),Fizz/Gnar (BC/PZ),1,1,1
Braum/Zoe (FR/MT),Sejuani/Swain/Udyr (FR/NX),1,1,1
Braum (DE/FR),Championless (SI),1,1,1
Braum (FR/MT),Braum/Udyr (FR/MT),1,1,1
Akshan/Samira (NX/SH),Fiora/Udyr (DE/FR),1,1,1
Fiora/Udyr (DE/FR),Annie/Jhin (RU/NX),1,1,1
Garen (DE/IO),Ashe/LeBlanc (FR/NX),1,1,1
Janna (PZ/SI),Zoe (FR/MT),1,1,1
Fiora/Udyr (DE/FR),Braum/Udyr (FR/SH),1,1,1
Draven/Katarina (NX/SI),Championless (SI),1,1,1
Ashe/Janna (FR/PZ),Gwen/Katarina (NX/SI),1,1,1
Braum/Lux: Illuminated (DE/FR),Gwen/Katarina (NX/SI),1,1,1
Garen/Udyr (DE/FR),Akshan/Samira (NX/SH),1,1,1
LeBlanc/Udyr (FR/NX),Gnar/Nidalee (BC/SH),1,1,1
Garen/Udyr (DE/FR),Braum/Udyr (FR/MT),1,1,1
Darius/Gnar/LeBlanc (FR/NX),Janna/Teemo/Udyr (FR/PZ),1,1,1
Fiora/Udyr (DE/FR),Darius/LeBlanc (FR/NX),1,1,1
Braum (DE/FR),Fiora/Shen (DE/IO),1,1,1
Garen/Gwen (DE/SI),Lux: Illuminated/Shen (DE/IO),1,1,1
Miss Fortune/Zed (BW/IO),Ashe (FR/PZ),1,1,1
Garen/Sivir (DE/SH),Ashe (FR/PZ),1,1,1
Aphelios/Yasuo (IO/MT),Swain/Yasuo (IO/NX),1,1,1
Ashe/Braum (FR/NX),Nilah/Twisted Fate (BW/PZ),1,1,1
Ashe/Janna (FR/PZ),Braum (FR/MT),1,1,1
Championless (MT/SI),Zoe (FR/MT),1,1,1
Ashe (FR/PZ),Gwen/Nidalee (SI/SH),1,1,1
Garen (DE/IO),Ashe/Sejuani (FR/MT),1,1,1
Akshan/Samira (NX/SH),Nidalee (BC/SH),1,1,1
Ashe/LeBlanc (FR/NX),Aphelios/Zoe (IO/MT),8,9,0.888888888888889
Ashe (FR/PZ),Akshan/Master Yi (IO/SH),8,9,0.888888888888889
Aphelios/Zoe (IO/MT),Ashe/LeBlanc (FR/NX),1,9,0.111111111111111
Akshan/Master Yi (IO/SH),Ashe (FR/PZ),1,9,0.111111111111111
Aphelios/Zoe (IO/MT),Gwen/Vayne (DE/SI),2,4,0.5
Gwen/Vayne (DE/SI),Aphelios/Zoe (IO/MT),2,4,0.5
Quinn/Vayne (DE/PZ),Quinn/Vayne (DE/PZ),2,4,0.5
Caitlyn/Teemo (BC/PZ),Ezreal/Twisted Fate (BW/PZ),2,4,0.5
Ezreal/Twisted Fate (BW/PZ),Caitlyn/Teemo (BC/PZ),2,4,0.5
Ashe/LeBlanc (FR/NX),Championless (BC/SI),2,4,0.5
Championless (BC/SI),Ashe/LeBlanc (FR/NX),2,4,0.5
Ashe/LeBlanc (FR/NX),Yasuo (IO/PZ),2,4,0.5
Yasuo (IO/PZ),Ashe/LeBlanc (FR/NX),2,4,0.5
Gwen/Vayne (DE/SI),Ashe (FR/PZ),2,4,0.5
Ashe (FR/PZ),Gwen/Vayne (DE/SI),2,4,0.5
Kai'Sa/Pantheon (MT/SH),Kai'Sa/Pantheon (MT/SH),2,4,0.5
Kai'Sa/Pantheon (MT/SH),Gwen/Vayne (DE/SI),2,4,0.5
Gwen/Vayne (DE/SI),Kai'Sa/Pantheon (MT/SH),2,4,0.5
Gwen/Zed (IO/SI),Braum/Zoe (FR/MT),2,4,0.5
Braum/Zoe (FR/MT),Gwen/Zed (IO/SI),2,4,0.5
Ashe/LeBlanc (FR/NX),Ezreal/Seraphine (BC/PZ),2,4,0.5
Ezreal/Seraphine (BC/PZ),Ashe/LeBlanc (FR/NX),2,4,0.5
Garen/Udyr (DE/FR),Championless (PZ/SI),2,4,0.5
Championless (PZ/SI),Garen/Udyr (DE/FR),2,4,0.5
Championless (PZ/SI),Braum (FR/MT),2,4,0.5
Braum (FR/MT),Championless (PZ/SI),2,4,0.5
Ashe/Sejuani (FR/SI),Ashe/Sejuani (FR/SI),2,4,0.5
Swain/Twisted Fate (BW/NX),Swain/Twisted Fate (BW/NX),2,4,0.5
Swain/Twisted Fate (BW/NX),Janna/Nilah (BW/PZ),2,4,0.5
Janna/Nilah (BW/PZ),Swain/Twisted Fate (BW/NX),2,4,0.5
Fiora/Udyr (DE/FR),Nilah/Twisted Fate (BW/PZ),2,4,0.5
Nilah/Twisted Fate (BW/PZ),Fiora/Udyr (DE/FR),2,4,0.5
Darius/Gnar (FR/NX),Aphelios/Zoe (IO/MT),2,4,0.5
Aphelios/Zoe (IO/MT),Darius/Gnar (FR/NX),2,4,0.5
Braum/Zoe (FR/MT),Yasuo (IO/MT),2,4,0.5
Yasuo (IO/MT),Braum/Zoe (FR/MT),2,4,0.5
Ashe (FR/PZ),Udyr/Zoe (FR/MT),2,4,0.5
Udyr/Zoe (FR/MT),Ashe (FR/PZ),2,4,0.5
Ezreal/Seraphine (PZ/SI),Fiora/Udyr (DE/FR),2,4,0.5
Fiora/Udyr (DE/FR),Ezreal/Seraphine (PZ/SI),2,4,0.5
Janna (PZ/SI),Janna/Nilah (BW/PZ),2,4,0.5
Janna/Nilah (BW/PZ),Janna (PZ/SI),2,4,0.5
Braum/Zoe (FR/MT),Draven/Jinx (NX/PZ),2,4,0.5
Draven/Jinx (NX/PZ),Braum/Zoe (FR/MT),2,4,0.5
Akshan/Sivir (NX/SH),Akshan/Sivir (NX/SH),2,4,0.5
Garen/Udyr (DE/FR),Kalista (SI),2,4,0.5
Kalista (SI),Garen/Udyr (DE/FR),2,4,0.5
Akshan/Sivir (DE/SH),Nilah/Twisted Fate (BW/PZ),2,4,0.5
Nilah/Twisted Fate (BW/PZ),Akshan/Sivir (DE/SH),2,4,0.5
Championless (SI),Garen (DE/SH),2,4,0.5
Garen (DE/SH),Championless (SI),2,4,0.5
Caitlyn (BC/PZ),Championless (SI),2,4,0.5
Championless (SI),Caitlyn (BC/PZ),2,4,0.5
Leona/Yasuo (IO/MT),Leona/Yasuo (IO/MT),2,4,0.5
Nilah/Twisted Fate (BW/PZ),Akshan/Samira (NX/SH),2,4,0.5
Akshan/Samira (NX/SH),Nilah/Twisted Fate (BW/PZ),2,4,0.5
Master Yi/Udyr (FR/IO),Championless (PZ/SI),2,4,0.5
Championless (PZ/SI),Master Yi/Udyr (FR/IO),2,4,0.5
Championless (PZ/SI),LeBlanc/Sivir (NX/SH),2,4,0.5
LeBlanc/Sivir (NX/SH),Championless (PZ/SI),2,4,0.5
Gnar/Nidalee (BC/SH),Championless (PZ/SI),2,4,0.5
Championless (PZ/SI),Gnar/Nidalee (BC/SH),2,4,0.5
Swain/Yasuo (IO/NX),Akshan/Master Yi (IO/SH),2,4,0.5
Akshan/Master Yi (IO/SH),Swain/Yasuo (IO/NX),2,4,0.5
Nilah/Twisted Fate (BW/PZ),Janna (FR/PZ),2,4,0.5
Janna (FR/PZ),Nilah/Twisted Fate (BW/PZ),2,4,0.5
Braum/Zoe (FR/MT),Samira/Twisted Fate (BW/NX),2,4,0.5
Samira/Twisted Fate (BW/NX),Braum/Zoe (FR/MT),2,4,0.5
Shen/Sivir (IO/SH),Darius/Gnar (FR/NX),2,4,0.5
Darius/Gnar (FR/NX),Shen/Sivir (IO/SH),2,4,0.5
Gnar/Nidalee (BC/SH),Lulu/Shen (DE/IO),2,4,0.5
Lulu/Shen (DE/IO),Gnar/Nidalee (BC/SH),2,4,0.5
Braum/Zoe (FR/MT),Ezreal/Nilah/Twisted Fate (BW/PZ),2,4,0.5
Ezreal/Nilah/Twisted Fate (BW/PZ),Braum/Zoe (FR/MT),2,4,0.5
Janna/Nilah/Twisted Fate (BW/PZ),Swain/Yasuo (IO/NX),2,4,0.5
Swain/Yasuo (IO/NX),Janna/Nilah/Twisted Fate (BW/PZ),2,4,0.5
Norra/Zoe (BC/MT),Darius/Gnar (FR/NX),2,4,0.5
Darius/Gnar (FR/NX),Norra/Zoe (BC/MT),2,4,0.5
Darius/Gnar (FR/NX),LeBlanc/Sivir (NX/SH),2,4,0.5
LeBlanc/Sivir (NX/SH),Darius/Gnar (FR/NX),2,4,0.5
Hecarim (SI),Darius/Gnar (FR/NX),2,4,0.5
Darius/Gnar (FR/NX),Hecarim (SI),2,4,0.5
Ashe (FR),Ashe/LeBlanc (FR/NX),2,4,0.5
Ashe/LeBlanc (FR/NX),Ashe (FR),2,4,0.5
Championless (SI),Gwen/Irelia (IO/SI),2,4,0.5
Gwen/Irelia (IO/SI),Championless (SI),2,4,0.5
Darius/Gnar (FR/NX),Lulu/Shen (DE/IO),2,4,0.5
Lulu/Shen (DE/IO),Darius/Gnar (FR/NX),2,4,0.5
LeBlanc/Udyr (FR/NX),Ashe (FR/PZ),2,4,0.5
Ashe (FR/PZ),LeBlanc/Udyr (FR/NX),2,4,0.5
Ashe (FR/PZ),Janna (FR/PZ),2,4,0.5
Janna (FR/PZ),Ashe (FR/PZ),2,4,0.5
Nilah/Twisted Fate (BW/PZ),LeBlanc/Udyr (FR/NX),2,4,0.5
LeBlanc/Udyr (FR/NX),Nilah/Twisted Fate (BW/PZ),2,4,0.5
Yasuo (IO/PZ),Braum/Zoe (FR/MT),2,4,0.5
Braum/Zoe (FR/MT),Yasuo (IO/PZ),2,4,0.5
Hecarim/Kalista (SI/SH),Braum/Zoe (FR/MT),2,4,0.5
Braum/Zoe (FR/MT),Hecarim/Kalista (SI/SH),2,4,0.5
Ashe (FR/PZ),Fiora/Udyr (DE/FR),2,4,0.5
Fiora/Udyr (DE/FR),Ashe (FR/PZ),2,4,0.5
Braum/Zoe (FR/MT),Garen/Neeko (DE/RU),2,4,0.5
Garen/Neeko (DE/RU),Braum/Zoe (FR/MT),2,4,0.5
Championless (NX/SI),Ashe/LeBlanc (FR/NX),2,4,0.5
Ashe/LeBlanc (FR/NX),Championless (NX/SI),2,4,0.5
Darius/Gnar (FR/NX),Darius/Gwen (NX/SI),2,4,0.5
Darius/Gwen (NX/SI),Darius/Gnar (FR/NX),2,4,0.5
Janna/Twisted Fate (BW/PZ),Ashe (FR/PZ),2,4,0.5
Ashe (FR/PZ),Janna/Twisted Fate (BW/PZ),2,4,0.5
Nilah/Twisted Fate (BW/PZ),Swain/Twisted Fate (BW/NX),2,4,0.5
Swain/Twisted Fate (BW/NX),Nilah/Twisted Fate (BW/PZ),2,4,0.5
Nilah/Twisted Fate (BW/PZ),Akshan/Udyr (FR/SH),2,4,0.5
Akshan/Udyr (FR/SH),Nilah/Twisted Fate (BW/PZ),2,4,0.5
Akshan/Pantheon (MT/SH),Ezreal/Seraphine (PZ/SI),2,4,0.5
Ezreal/Seraphine (PZ/SI),Akshan/Pantheon (MT/SH),2,4,0.5
Darius/Gwen (NX/SI),Darius/Gwen (NX/SI),2,4,0.5
Kalista (SI),Swain/Twisted Fate (BW/NX),2,4,0.5
Swain/Twisted Fate (BW/NX),Kalista (SI),2,4,0.5
Ashe/LeBlanc (FR/NX),Championless (SI/SH),2,4,0.5
Championless (SI/SH),Ashe/LeBlanc (FR/NX),2,4,0.5
Braum/Swain (FR/NX),Ashe/LeBlanc (FR/NX),2,4,0.5
Ashe/LeBlanc (FR/NX),Braum/Swain (FR/NX),2,4,0.5
Akshan/Master Yi (IO/SH),Fiora/Garen (DE/FR),2,4,0.5
Fiora/Garen (DE/FR),Akshan/Master Yi (IO/SH),2,4,0.5
Ashe/LeBlanc (FR/NX),Miss Fortune/Quinn (BW/DE),2,4,0.5
Miss Fortune/Quinn (BW/DE),Ashe/LeBlanc (FR/NX),2,4,0.5
Gwen/Katarina (NX/SI),Ezreal/Seraphine (PZ/SI),2,4,0.5
Ezreal/Seraphine (PZ/SI),Gwen/Katarina (NX/SI),2,4,0.5
Janna (IO/PZ),Sejuani/Swain (FR/NX),2,4,0.5
Sejuani/Swain (FR/NX),Janna (IO/PZ),2,4,0.5
Janna/Master Yi (IO/PZ),Janna/Master Yi (IO/PZ),2,4,0.5
Championless (SI),Draven/Jinx (NX/PZ),2,4,0.5
Draven/Jinx (NX/PZ),Championless (SI),2,4,0.5
Leona/Yasuo (IO/MT),Gnar/Neeko (FR/RU),2,4,0.5
Gnar/Neeko (FR/RU),Leona/Yasuo (IO/MT),2,4,0.5
Braum (FR/NX),Braum/Zoe (FR/MT),2,4,0.5
Braum/Zoe (FR/MT),Braum (FR/NX),2,4,0.5
Annie/Jhin (RU/NX),Sejuani/Swain (FR/NX),2,4,0.5
Sejuani/Swain (FR/NX),Annie/Jhin (RU/NX),2,4,0.5
Ashe/LeBlanc (FR/NX),Master Yi/Seraphine (IO/PZ),2,4,0.5
Master Yi/Seraphine (IO/PZ),Ashe/LeBlanc (FR/NX),2,4,0.5
Jhin/Yasuo (IO/RU),Jhin/Yasuo (IO/RU),2,4,0.5
Ashe/Caitlyn (FR/PZ),Ashe/Caitlyn (FR/PZ),2,4,0.5
Akshan/Ekko (PZ/SH),Braum/Zoe (FR/MT),2,4,0.5
Braum/Zoe (FR/MT),Akshan/Ekko (PZ/SH),2,4,0.5
Championless (SI),Zoe (IO/MT),2,3,0.666666666666667
Championless (SI),Yasuo (IO/PZ),2,3,0.666666666666667
Fiora (DE/SH),Ashe (FR/PZ),2,3,0.666666666666667
Norra/Teemo (BC/PZ),Janna (PZ/SI),2,3,0.666666666666667
LeBlanc (FR/NX),Janna (PZ/SI),2,3,0.666666666666667
Darius/Gnar (FR/NX),Braum/Sejuani (FR/MT),2,3,0.666666666666667
Championless (SI),Championless (SI/SH),2,3,0.666666666666667
Darius/Gnar (FR/NX),Gnar/Neeko (FR/RU),2,3,0.666666666666667
Darius/Yasuo (IO/NX),Braum/Zoe (FR/MT),2,3,0.666666666666667
Championless (MT/SI),Kai'Sa/Pantheon (MT/SH),2,3,0.666666666666667
Darius/Gnar (FR/NX),Ezreal/Seraphine (IO/PZ),2,3,0.666666666666667
Ezreal/Seraphine (IO/PZ),Ashe/LeBlanc (FR/NX),2,3,0.666666666666667
Nilah/Twisted Fate (BW/PZ),Ezreal/Twisted Fate (BW/PZ),2,3,0.666666666666667
Championless (SI),Championless (BC/SI),2,3,0.666666666666667
Kai'Sa/Pantheon (MT/SH),Darius/Gnar (FR/NX),2,3,0.666666666666667
Annie/Jhin (RU/NX),Braum (FR/MT),2,3,0.666666666666667
Kalista (SI),Braum (FR/MT),2,3,0.666666666666667
Yasuo (IO/PZ),Annie/Jhin (RU/NX),2,3,0.666666666666667
Ashe (FR/PZ),Norra/Zoe (BC/MT),2,3,0.666666666666667
Samira/Sejuani (FR/NX),Kalista (SI),2,3,0.666666666666667
Neeko/Renekton (RU/SH),Norra/Teemo (BC/PZ),2,3,0.666666666666667
Quinn/Vayne (DE/PZ),Braum/Zoe (FR/MT),2,3,0.666666666666667
Kalista (SI),Yasuo (IO/PZ),2,3,0.666666666666667
Championless (SI),Samira/Sejuani (FR/NX),2,3,0.666666666666667
Quinn/Vayne (DE/PZ),Kai'Sa/Pantheon (MT/SH),2,3,0.666666666666667
Nilah/Twisted Fate (BW/PZ),Kai'Sa/Pantheon (MT/SH),2,3,0.666666666666667
Akshan/Sivir (MT/SH),Gwen/Vayne (DE/SI),2,3,0.666666666666667
Gwen/Vayne (DE/SI),Ezreal/Seraphine (BC/PZ),2,3,0.666666666666667
Akshan/Sivir (MT/SH),Nilah/Twisted Fate (BW/PZ),2,3,0.666666666666667
Braum/Zoe (FR/MT),Garen (DE/SH),2,3,0.666666666666667
Braum/Zoe (FR/MT),Ezreal/Seraphine (BC/PZ),2,3,0.666666666666667
Darius/Gnar (FR/NX),Miss Fortune/Quinn (BW/DE),2,3,0.666666666666667
Ezreal (PZ/SI),Norra/Teemo (BC/PZ),2,3,0.666666666666667
Championless (PZ/SI),Garen (DE/SH),2,3,0.666666666666667
Akshan/Pantheon (MT/SH),Akshan/Samira (NX/SH),2,3,0.666666666666667
Braum/Zoe (FR/MT),Braum/The Poro King (FR/RU),2,3,0.666666666666667
Fiora/Shen (DE/IO),Ezreal/Seraphine (BC/PZ),2,3,0.666666666666667
Darius/Gnar (FR/NX),Janna/Nilah (BW/PZ),2,3,0.666666666666667
Nidalee (BC/SH),Darius/Gnar (FR/NX),2,3,0.666666666666667
Braum/Zoe (FR/MT),Ezreal (PZ/SI),2,3,0.666666666666667
Garen/Udyr (DE/FR),Annie/Jhin (RU/NX),2,3,0.666666666666667
Championless (SI),Ezreal/Janna (IO/PZ),2,3,0.666666666666667
Ashe/LeBlanc (FR/NX),Fizz (BW/FR),2,3,0.666666666666667
Fizz/Nami (BW/MT),Championless (SI),2,3,0.666666666666667
Nilah/Twisted Fate (BW/PZ),Evelynn/Norra (BC/RU),2,3,0.666666666666667
Akshan/Master Yi (IO/SH),Ashe/Fiora (DE/FR),2,3,0.666666666666667
Udyr (BW/FR),Sejuani/Swain (FR/NX),2,3,0.666666666666667
Janna (PZ/SI),Akshan/Master Yi (IO/SH),2,3,0.666666666666667
Akshan/Master Yi (IO/SH),Championless (MT/SI),2,3,0.666666666666667
Ashe/Sejuani (FR/SI),Gwen/Quinn (DE/SI),2,3,0.666666666666667
Hecarim/Lucian (DE/SI),Braum/Zoe (FR/MT),2,3,0.666666666666667
Nilah/Twisted Fate (BW/PZ),Braum (FR/MT),2,3,0.666666666666667
Sivir (SI/SH),Jinx (PZ/SI),2,3,0.666666666666667
Katarina/Yasuo (IO/NX),Akshan/Nami (BW/SH),2,3,0.666666666666667
Championless (SI),Ezreal/Seraphine (BC/PZ),2,3,0.666666666666667
Ezreal/Seraphine (PZ/SI),Ekko (PZ/SI),2,3,0.666666666666667
Ekko (PZ/SI),Akshan/Pantheon (MT/SH),2,3,0.666666666666667
Ashe/LeBlanc (FR/NX),Ekko (PZ/SI),2,3,0.666666666666667
Aphelios/Zoe (MT/SH),Akshan/Sivir (DE/SH),2,3,0.666666666666667
Championless (SI),Miss Fortune/Quinn (BW/DE),2,3,0.666666666666667
Braum/Zoe (FR/MT),Akshan/Sivir (DE/SH),2,3,0.666666666666667
Braum/Zoe (FR/MT),Akshan/Sivir (NX/SH),2,3,0.666666666666667
Nilah/Twisted Fate (BW/PZ),Kai'Sa/Zoe (MT/SH),2,3,0.666666666666667
Akshan/Master Yi (IO/SH),Garen/Udyr (DE/FR),2,3,0.666666666666667
Janna/Twisted Fate (BW/PZ),Darius/Gnar (FR/NX),2,3,0.666666666666667
Caitlyn (PZ/SI),Ezreal/Janna (IO/PZ),2,3,0.666666666666667
Yasuo/Zoe (IO/MT),Akshan/Sivir (DE/SH),2,3,0.666666666666667
Kalista (SI),Akshan/Fiora (DE/SH),2,3,0.666666666666667
Aphelios/Master Yi (IO/MT),Akshan/Sivir (DE/SH),2,3,0.666666666666667
Championless (SI),Ekko (PZ/SH),2,3,0.666666666666667
Garen/Udyr (DE/FR),Championless (BW/MT),2,3,0.666666666666667
Akshan/Sivir (DE/SH),Ezreal/Janna (IO/PZ),2,3,0.666666666666667
Udyr/Vayne (DE/FR),Akshan/Samira (NX/SH),2,3,0.666666666666667
Akshan/Sivir (DE/SH),Evelynn/Norra (BC/RU),2,3,0.666666666666667
Nidalee (BC/SH),Championless (PZ/SI),2,3,0.666666666666667
Kalista (SI),Ashe/Caitlyn (FR/PZ),2,3,0.666666666666667
Ashe/LeBlanc (FR/NX),Gnar/Swain (BC/NX),2,3,0.666666666666667
Caitlyn/Teemo (BC/PZ),Akshan/Master Yi (IO/SH),2,3,0.666666666666667
Garen (DE),Caitlyn/Swain (NX/PZ),2,3,0.666666666666667
Vayne/Zed (DE/IO),Championless (SI),2,3,0.666666666666667
Sejuani/Swain (FR/NX),Gnar/Neeko (FR/RU),2,3,0.666666666666667
Master Yi/Zoe (IO/MT),Swain/Yasuo (IO/NX),2,3,0.666666666666667
Kalista (SI),Darius/Gwen (NX/SI),2,3,0.666666666666667
Gwen/Vayne (DE/SI),Braum/Zoe (FR/MT),2,3,0.666666666666667
Nilah/Twisted Fate (BW/PZ),Championless (BW/FR),2,3,0.666666666666667
Swain/Yasuo (IO/NX),Akshan/Samira (NX/SH),2,3,0.666666666666667
Lux: Illuminated/Shen (DE/IO),Annie/Jhin (RU/NX),2,3,0.666666666666667
Akshan/Ekko (PZ/SH),Ashe (FR/PZ),2,3,0.666666666666667
Kalista (SI),Akshan/Master Yi (IO/SH),2,3,0.666666666666667
Ashe/LeBlanc (FR/NX),Akshan/Fizz (BC/SH),2,3,0.666666666666667
Darius/Gnar (FR/NX),Ezreal/Nilah (BW/PZ),2,3,0.666666666666667
Fiora/Shen (DE/IO),Caitlyn/Teemo (BC/PZ),2,3,0.666666666666667
LeBlanc/Udyr (FR/NX),Akshan/Master Yi (IO/SH),2,3,0.666666666666667
Championless (PZ/SI),Norra/Zoe (BC/MT),2,3,0.666666666666667
Akshan/Master Yi (IO/SH),Akshan/Samira (NX/SH),2,3,0.666666666666667
Gnar/Nidalee (BC/SH),Championless (BC/SI),2,3,0.666666666666667
Akshan/Renekton (FR/SH),Ashe/LeBlanc (FR/NX),2,3,0.666666666666667
Ashe (FR/PZ),Janna/Nilah (BW/PZ),2,3,0.666666666666667
Championless (SI),Janna/Nilah/Twisted Fate (BW/PZ),2,3,0.666666666666667
Championless (PZ/SI),Fiora/Udyr (DE/FR),2,3,0.666666666666667
Ashe/LeBlanc (FR/NX),Championless (BW/FR),2,3,0.666666666666667
Caitlyn/Teemo (BC/PZ),Swain/Yasuo (IO/NX),2,3,0.666666666666667
Caitlyn/Swain (NX/PZ),Braum/Udyr (FR),2,3,0.666666666666667
Garen/Neeko (DE/RU),Darius/Gnar (FR/NX),2,3,0.666666666666667
Ashe/LeBlanc (FR/NX),Gwen/Kalista (SI),2,3,0.666666666666667
Championless (SI),Fizz/Zoe (BW/MT),2,3,0.666666666666667
Ashe/LeBlanc (FR/NX),Akshan/Sivir (PZ/SH),2,3,0.666666666666667
Akshan/Udyr (FR/SH),Kalista (SI),2,3,0.666666666666667
Ashe/LeBlanc (FR/NX),Pantheon/Vayne (DE/MT),2,3,0.666666666666667
Championless (PZ/SI),Darius/Gwen (NX/SI),2,3,0.666666666666667
Ashe (FR/PZ),Lulu/Zed (DE/IO),2,3,0.666666666666667
Gwen/Renekton (SI/SH),Ashe (FR/PZ),2,3,0.666666666666667
Ashe/LeBlanc (FR/NX),Caitlyn/Norra/Teemo (BC/PZ),2,3,0.666666666666667
Caitlyn/Swain (NX/PZ),Master Yi/Zoe (IO/MT),2,3,0.666666666666667
Janna/Master Yi (IO/PZ),Pantheon/Udyr (FR/MT),2,3,0.666666666666667
Gnar/Neeko (FR/RU),Darius/Gwen (NX/SI),2,3,0.666666666666667
Swain/Yasuo (IO/NX),Udyr (FR/SI),2,3,0.666666666666667
Hecarim (SI),Ashe (FR/PZ),2,3,0.666666666666667
Elise (SI),Championless (SI),2,3,0.666666666666667
Lulu/Shen (IO/MT),Darius/Gnar (FR/NX),2,3,0.666666666666667
Darius/Gnar (FR/NX),Seraphine/Zoe (MT/PZ),2,3,0.666666666666667
Darius/Gnar (FR/NX),Elise (SI),2,3,0.666666666666667
Ashe/Braum (FR/IO),Fiora/Nidalee (DE/SH),2,3,0.666666666666667
Quinn/Vayne/Zed (DE/IO),Gwen/Vayne (DE/SI),2,3,0.666666666666667
Ashe (FR/SI),Darius/Gwen (NX/SI),2,3,0.666666666666667
Kalista (SI),Sejuani/Swain (FR/NX),2,3,0.666666666666667
Fizz/Nami (BW/FR),Championless (SI),2,3,0.666666666666667
Lulu/Shen (DE/IO),Sejuani/Swain (FR/NX),2,3,0.666666666666667
Akshan/Samira (NX/SH),Championless (PZ/SI),2,3,0.666666666666667
Janna/Twisted Fate (BW/PZ),Lulu/Shen (DE/IO),2,3,0.666666666666667
Master Yi/Vayne (DE/IO),Ashe/LeBlanc (FR/NX),2,3,0.666666666666667
Championless (SI),Garen (DE/SI),2,3,0.666666666666667
Akshan/Pantheon (MT/SH),Hecarim/Zed (IO/SI),2,3,0.666666666666667
Akshan/Pantheon (MT/SH),Championless (MT/SI),2,3,0.666666666666667
Braum/Udyr (FR/NX),Ashe/LeBlanc (FR/NX),2,3,0.666666666666667
Sejuani/Swain (FR/NX),Braum (FR/MT),2,3,0.666666666666667
Braum/Zoe (FR/MT),Kalista (SI/SH),2,3,0.666666666666667
Elise (SI),Master Yi/Udyr (FR/IO),2,3,0.666666666666667
Nilah/Twisted Fate (BW/PZ),Ashe/Janna (FR/PZ),2,3,0.666666666666667
Gwen/Kalista (SI),Championless (SI),2,3,0.666666666666667
Ashe/Braum (FR/SI),Braum/Zoe (FR/MT),2,3,0.666666666666667
Janna/Nilah/Twisted Fate (BW/PZ),Ashe/LeBlanc (FR/NX),2,3,0.666666666666667
Sejuani/Teemo (BC/FR),Caitlyn/Swain (NX/PZ),2,3,0.666666666666667
Gnar/Sejuani (BC/FR),Championless (SI),2,3,0.666666666666667
Ashe/LeBlanc (FR/NX),Braum/Udyr (BW/FR),2,3,0.666666666666667
Braum/Zoe (FR/MT),Ezreal/Gwen/Teemo (PZ/SI),2,3,0.666666666666667
Nilah/Twisted Fate (BW/PZ),Braum/Udyr (FR/MT),2,3,0.666666666666667
Lulu/Shen (DE/IO),Samira/Zoe (MT/NX),2,3,0.666666666666667
Lulu/Shen (BC/IO),Nilah/Twisted Fate (BW/PZ),2,3,0.666666666666667
Ashe/Braum (FR/IO),Ashe/LeBlanc (FR/NX),2,3,0.666666666666667
Ashe (FR/PZ),Jhin/Yasuo (IO/RU),2,3,0.666666666666667
Janna/Master Yi (IO/PZ),Swain/Yasuo (IO/NX),2,3,0.666666666666667
Ezreal/Seraphine (PZ/SI),Annie/Jhin (RU/NX),2,3,0.666666666666667
Championless (NX/SI),Caitlyn/Teemo (BC/PZ),2,3,0.666666666666667
Braum/Teemo (FR/PZ),Braum/Zoe (FR/MT),2,3,0.666666666666667
Sejuani/Swain (FR/NX),Fiora/Nidalee (DE/SH),2,3,0.666666666666667
Akshan/Master Yi (IO/SH),Leona/Yasuo (IO/MT),2,3,0.666666666666667
Ashe/LeBlanc (FR/NX),Braum/The Poro King (FR/RU),2,3,0.666666666666667
Ashe/Caitlyn (FR/PZ),Nilah/Twisted Fate (BW/PZ),2,3,0.666666666666667
Neeko (FR/RU),Lulu/Shen (DE/IO),2,3,0.666666666666667
Championless (SI),Neeko (FR/RU),2,3,0.666666666666667
Miss Fortune/Twisted Fate (BW/NX),Braum/Zoe (FR/MT),2,3,0.666666666666667
Braum/Udyr (DE/FR),Ashe (FR/PZ),2,3,0.666666666666667
Ashe (FR/PZ),Gwen/Kalista (SI/SH),2,3,0.666666666666667
Neeko/Teemo (BC/RU),Ashe (FR/PZ),2,3,0.666666666666667
Garen/Udyr (DE/FR),Sejuani/Swain (FR/NX),2,3,0.666666666666667
Annie/Yasuo (IO/NX),Braum/Zoe (FR/MT),2,3,0.666666666666667
Sivir/Swain (NX/SH),Championless (SI),2,3,0.666666666666667
Braum/Garen (DE/FR),Ashe (FR/PZ),2,3,0.666666666666667
Braum/Zoe (FR/MT),Sivir/Swain (NX/SH),2,3,0.666666666666667
Ashe (FR/PZ),Teemo/Twisted Fate (BW/PZ),2,3,0.666666666666667
Championless (MT/SI),Darius/Gwen (NX/SI),2,3,0.666666666666667
Nilah/Twisted Fate (BW/PZ),Udyr/Zoe (FR/MT),2,3,0.666666666666667
Ashe (FR/PZ),Braum/Janna (FR/PZ),2,3,0.666666666666667
Championless (SI/SH),Ashe (FR/PZ),2,3,0.666666666666667
Janna/Seraphine (IO/PZ),Ashe/LeBlanc (FR/NX),2,3,0.666666666666667
Master Yi/Udyr (FR/IO),Master Yi/Zoe (IO/MT),2,3,0.666666666666667
Caitlyn/Teemo (FR/PZ),Annie/Jhin (RU/NX),2,3,0.666666666666667
Nilah/Twisted Fate (BW/PZ),Seraphine/Twisted Fate (BW/PZ),2,3,0.666666666666667
Championless (NX/SI),Braum/Zoe (FR/MT),2,3,0.666666666666667
Norra/Swain (BC/NX),Nilah/Twisted Fate (BW/PZ),2,3,0.666666666666667
Ashe (FR/PZ),Quinn/Vayne (DE/PZ),2,3,0.666666666666667
Ashe (FR/PZ),Fiora/Shen (DE/IO),2,3,0.666666666666667
Neeko/Renekton (RU/SH),Ashe/LeBlanc (FR/NX),2,3,0.666666666666667
Braum/Swain (FR/NX),Nilah/Twisted Fate (BW/PZ),2,3,0.666666666666667
Darius/Gwen (NX/SI),Nidalee (BC/SH),2,3,0.666666666666667
Seraphine/Twisted Fate (BW/PZ),Lulu/Zed (DE/IO),2,3,0.666666666666667
Ezreal/Seraphine (PZ/SI),Gnar/Swain (BC/NX),2,3,0.666666666666667
Gwen/LeBlanc (NX/SI),Championless (BW/MT),2,3,0.666666666666667
Ashe/LeBlanc (FR/NX),Miss Fortune/Vayne (BW/DE),2,3,0.666666666666667
Fiora/Garen (DE/FR),Nilah/Twisted Fate (BW/PZ),2,3,0.666666666666667
Braum/Garen (DE/FR),Sejuani/Swain (FR/NX),2,3,0.666666666666667
Akshan/Udyr (FR/SH),Janna/Nilah (BW/PZ),2,3,0.666666666666667
Samira/Udyr (FR/NX),Ashe (FR/PZ),2,3,0.666666666666667
Ashe (FR/PZ),Darius (FR/NX),2,3,0.666666666666667
Braum/Zoe (FR/MT),Gwen/Hecarim (IO/SI),2,3,0.666666666666667
Championless (SI),Akshan/Sivir (FR/SH),2,3,0.666666666666667
Katarina/Yasuo (IO/NX),Neeko/Zoe (MT/RU),2,3,0.666666666666667
Darius (FR/NX),Janna/Nilah (BW/PZ),2,3,0.666666666666667
Gwen/Katarina (NX/SI),Darius/Gnar (FR/NX),2,3,0.666666666666667
Norra/Zoe (BC/MT),Braum/Zoe (FR/MT),2,3,0.666666666666667
Leona/Zoe (DE/MT),Shen/Sivir (IO/SH),2,3,0.666666666666667
Aphelios/Gnar (FR/MT),Shen/Sivir (IO/SH),2,3,0.666666666666667
Gwen/Kalista (NX/SI),Championless (SI),2,3,0.666666666666667
Gwen/Irelia/Zed (IO/SI),Ashe/LeBlanc (FR/NX),2,3,0.666666666666667
Lulu/Shen (DE/IO),Janna (IO/PZ),2,3,0.666666666666667
Miss Fortune/Vayne (BW/DE),Championless (SI),2,3,0.666666666666667
Janna (PZ/SI),Annie/Jhin (RU/NX),2,3,0.666666666666667
Annie/Jhin (RU/NX),Aphelios/Zoe (IO/MT),2,3,0.666666666666667
Aphelios/Zoe (IO/MT),Leona/Yasuo (IO/MT),2,3,0.666666666666667
Akshan/Sivir (FR/SH),Ashe/LeBlanc (FR/NX),2,3,0.666666666666667
Championless (MT/SI),Annie/Jhin (RU/NX),2,3,0.666666666666667
Annie/Jhin (RU/NX),Gwen/Lucian (DE/SI),2,3,0.666666666666667
Annie/Jhin (RU/NX),Janna/Seraphine (IO/PZ),2,3,0.666666666666667
Sejuani/Swain (FR/NX),Leona/Yasuo (IO/MT),2,3,0.666666666666667
Janna/Master Yi (IO/PZ),Gwen/Katarina (NX/SI),2,3,0.666666666666667
Ashe/LeBlanc (FR/NX),Janna/Master Yi/Seraphine (IO/PZ),2,3,0.666666666666667
LeBlanc/Sivir (NX/SH),Swain (FR/NX),2,3,0.666666666666667
Ashe/LeBlanc (FR/NX),Caitlyn/LeBlanc (NX/PZ),2,3,0.666666666666667
Janna/Nilah (BW/PZ),Katarina/Yasuo (IO/NX),2,3,0.666666666666667
Annie/Jhin (RU/NX),Yasuo (IO/MT),2,3,0.666666666666667
Ashe/LeBlanc (FR/NX),Neeko/Zoe (MT/RU),2,3,0.666666666666667
Championless (SI),Neeko/Zoe (MT/RU),2,3,0.666666666666667
Leona/Yasuo (IO/MT),Gnar/Nidalee (BC/SH),2,3,0.666666666666667
Caitlyn/Janna/Teemo (FR/PZ),Ashe/LeBlanc (FR/NX),2,3,0.666666666666667
Kalista (FR/SI),Leona/Yasuo (IO/MT),2,3,0.666666666666667
Fiora/Pantheon (DE/MT),Championless (FR/IO),2,3,0.666666666666667
Ashe/LeBlanc (FR/NX),Gwen (FR/SI),2,3,0.666666666666667
Gwen/Katarina (NX/SI),Championless (SI),2,3,0.666666666666667
Annie/Jhin (RU/NX),Kalista/Nocturne/Zoe (MT/SI),2,3,0.666666666666667
Diana/Nocturne (MT/SI),Fiora (DE/IO),2,3,0.666666666666667
LeBlanc/Sivir (NX/SH),Fizz/Nami (BC/BW),2,3,0.666666666666667
Janna/Twisted Fate (BW/PZ),Annie/Ezreal (NX/PZ),2,3,0.666666666666667
Braum (FR/NX),Ashe (FR/PZ),2,3,0.666666666666667
Nilah/Twisted Fate (BW/PZ),Darius (FR/NX),2,3,0.666666666666667
Gwen/Hecarim (SI),Championless (SI),2,3,0.666666666666667
Katarina/Miss Fortune (BW/NX),Championless (SI),2,3,0.666666666666667
Kalista/Nocturne/Zoe (MT/SI),Braum/The Poro King/Udyr (FR/RU),2,3,0.666666666666667
Yasuo (IO/MT),Ashe/LeBlanc (FR/NX),2,3,0.666666666666667
Caitlyn/Darius (NX/PZ),Ashe/LeBlanc (FR/NX),2,3,0.666666666666667
Swain/Yasuo (IO/NX),Fizz/Nami (BC/BW),2,3,0.666666666666667
LeBlanc/Sivir (NX/SH),Gnar/Sejuani (BC/FR),2,3,0.666666666666667
Pantheon/Udyr (FR/MT),Leona/Yasuo (IO/MT),2,3,0.666666666666667
Akshan/Master Yi (IO/SH),Janna (IO/PZ),2,3,0.666666666666667
Nidalee (BC/SH),Leona/Yasuo (IO/MT),2,3,0.666666666666667
Pantheon/Udyr (FR/MT),Janna (IO/PZ),2,3,0.666666666666667
LeBlanc (FR/NX),Braum/Zoe (FR/MT),2,3,0.666666666666667
LeBlanc (FR/NX),Lulu/Shen (DE/IO),2,3,0.666666666666667
Braum/Zoe (FR/MT),Kai'Sa/Sivir (DE/SH),2,3,0.666666666666667
Braum/Zoe (FR/MT),Tristana (BC/PZ),2,3,0.666666666666667
Championless (SI),Ashe/Swain (FR/NX),2,3,0.666666666666667
Akshan/Samira (NX/SH),Fiora/Shen (DE/IO),2,3,0.666666666666667
Kalista (SI),Lux: Illuminated/Neeko (DE/RU),2,3,0.666666666666667
Ahri/Kennen (BC/IO),Ashe/Darius (FR/NX),2,3,0.666666666666667
Ashe (FR/PZ),Ezreal/Teemo (BC/PZ),2,3,0.666666666666667
Braum/Zoe (FR/MT),Akshan/Zoe (MT/SH),2,3,0.666666666666667
Nilah/Twisted Fate (BW/PZ),Akshan/Ekko (PZ/SH),2,3,0.666666666666667
Aphelios/Zoe (IO/MT),Yasuo (IO/MT),2,3,0.666666666666667
Gwen/Vayne (DE/SI),Garen/Udyr (DE/FR),2,3,0.666666666666667
Janna/Master Yi (IO/PZ),Kalista (SI),2,3,0.666666666666667
Championless (PZ/SI),Garen (DE/FR),2,3,0.666666666666667
Norra/Zoe (BC/MT),Ezreal/Seraphine (PZ/SI),2,3,0.666666666666667
Annie/Jhin (RU/NX),Janna/Master Yi (IO/PZ),2,3,0.666666666666667
Caitlyn/Katarina (NX/PZ),Katarina/Yasuo (IO/NX),2,3,0.666666666666667
Braum/Zoe (FR/MT),Ashe/Braum/LeBlanc (FR/NX),2,3,0.666666666666667
Caitlyn (NX/PZ),Swain/Twisted Fate (BW/NX),2,3,0.666666666666667
Garen/Lux: Illuminated (DE/IO),Championless (PZ/SI),2,3,0.666666666666667
Gwen/Kalista (FR/SI),Caitlyn/Swain (NX/PZ),2,3,0.666666666666667
Championless (MT),Evelynn/Norra (BC/RU),2,3,0.666666666666667
Zoe (IO/MT),Championless (SI),1,3,0.333333333333333
Yasuo (IO/PZ),Championless (SI),1,3,0.333333333333333
Ashe (FR/PZ),Fiora (DE/SH),1,3,0.333333333333333
Janna (PZ/SI),Norra/Teemo (BC/PZ),1,3,0.333333333333333
Janna (PZ/SI),LeBlanc (FR/NX),1,3,0.333333333333333
Braum/Sejuani (FR/MT),Darius/Gnar (FR/NX),1,3,0.333333333333333
Championless (SI/SH),Championless (SI),1,3,0.333333333333333
Gnar/Neeko (FR/RU),Darius/Gnar (FR/NX),1,3,0.333333333333333
Braum/Zoe (FR/MT),Darius/Yasuo (IO/NX),1,3,0.333333333333333
Kai'Sa/Pantheon (MT/SH),Championless (MT/SI),1,3,0.333333333333333
Ezreal/Seraphine (IO/PZ),Darius/Gnar (FR/NX),1,3,0.333333333333333
Ashe/LeBlanc (FR/NX),Ezreal/Seraphine (IO/PZ),1,3,0.333333333333333
Ezreal/Twisted Fate (BW/PZ),Nilah/Twisted Fate (BW/PZ),1,3,0.333333333333333
Championless (BC/SI),Championless (SI),1,3,0.333333333333333
Darius/Gnar (FR/NX),Kai'Sa/Pantheon (MT/SH),1,3,0.333333333333333
Braum (FR/MT),Annie/Jhin (RU/NX),1,3,0.333333333333333
Braum (FR/MT),Kalista (SI),1,3,0.333333333333333
Annie/Jhin (RU/NX),Yasuo (IO/PZ),1,3,0.333333333333333
Norra/Zoe (BC/MT),Ashe (FR/PZ),1,3,0.333333333333333
Kalista (SI),Samira/Sejuani (FR/NX),1,3,0.333333333333333
Norra/Teemo (BC/PZ),Neeko/Renekton (RU/SH),1,3,0.333333333333333
Braum/Zoe (FR/MT),Quinn/Vayne (DE/PZ),1,3,0.333333333333333
Yasuo (IO/PZ),Kalista (SI),1,3,0.333333333333333
Samira/Sejuani (FR/NX),Championless (SI),1,3,0.333333333333333
Kai'Sa/Pantheon (MT/SH),Quinn/Vayne (DE/PZ),1,3,0.333333333333333
Kai'Sa/Pantheon (MT/SH),Nilah/Twisted Fate (BW/PZ),1,3,0.333333333333333
Gwen/Vayne (DE/SI),Akshan/Sivir (MT/SH),1,3,0.333333333333333
Ezreal/Seraphine (BC/PZ),Gwen/Vayne (DE/SI),1,3,0.333333333333333
Nilah/Twisted Fate (BW/PZ),Akshan/Sivir (MT/SH),1,3,0.333333333333333
Garen (DE/SH),Braum/Zoe (FR/MT),1,3,0.333333333333333
Ezreal/Seraphine (BC/PZ),Braum/Zoe (FR/MT),1,3,0.333333333333333
Miss Fortune/Quinn (BW/DE),Darius/Gnar (FR/NX),1,3,0.333333333333333
Norra/Teemo (BC/PZ),Ezreal (PZ/SI),1,3,0.333333333333333
Garen (DE/SH),Championless (PZ/SI),1,3,0.333333333333333
Akshan/Samira (NX/SH),Akshan/Pantheon (MT/SH),1,3,0.333333333333333
Braum/The Poro King (FR/RU),Braum/Zoe (FR/MT),1,3,0.333333333333333
Ezreal/Seraphine (BC/PZ),Fiora/Shen (DE/IO),1,3,0.333333333333333
Janna/Nilah (BW/PZ),Darius/Gnar (FR/NX),1,3,0.333333333333333
Darius/Gnar (FR/NX),Nidalee (BC/SH),1,3,0.333333333333333
Ezreal (PZ/SI),Braum/Zoe (FR/MT),1,3,0.333333333333333
Annie/Jhin (RU/NX),Garen/Udyr (DE/FR),1,3,0.333333333333333
Ezreal/Janna (IO/PZ),Championless (SI),1,3,0.333333333333333
Fizz (BW/FR),Ashe/LeBlanc (FR/NX),1,3,0.333333333333333
Championless (SI),Fizz/Nami (BW/MT),1,3,0.333333333333333
Evelynn/Norra (BC/RU),Nilah/Twisted Fate (BW/PZ),1,3,0.333333333333333
Ashe/Fiora (DE/FR),Akshan/Master Yi (IO/SH),1,3,0.333333333333333
Sejuani/Swain (FR/NX),Udyr (BW/FR),1,3,0.333333333333333
Akshan/Master Yi (IO/SH),Janna (PZ/SI),1,3,0.333333333333333
Championless (MT/SI),Akshan/Master Yi (IO/SH),1,3,0.333333333333333
Gwen/Quinn (DE/SI),Ashe/Sejuani (FR/SI),1,3,0.333333333333333
Braum/Zoe (FR/MT),Hecarim/Lucian (DE/SI),1,3,0.333333333333333
Braum (FR/MT),Nilah/Twisted Fate (BW/PZ),1,3,0.333333333333333
Jinx (PZ/SI),Sivir (SI/SH),1,3,0.333333333333333
Akshan/Nami (BW/SH),Katarina/Yasuo (IO/NX),1,3,0.333333333333333
Ezreal/Seraphine (BC/PZ),Championless (SI),1,3,0.333333333333333
Ekko (PZ/SI),Ezreal/Seraphine (PZ/SI),1,3,0.333333333333333
Akshan/Pantheon (MT/SH),Ekko (PZ/SI),1,3,0.333333333333333
Ekko (PZ/SI),Ashe/LeBlanc (FR/NX),1,3,0.333333333333333
Akshan/Sivir (DE/SH),Aphelios/Zoe (MT/SH),1,3,0.333333333333333
Miss Fortune/Quinn (BW/DE),Championless (SI),1,3,0.333333333333333
Akshan/Sivir (DE/SH),Braum/Zoe (FR/MT),1,3,0.333333333333333
Akshan/Sivir (NX/SH),Braum/Zoe (FR/MT),1,3,0.333333333333333
Kai'Sa/Zoe (MT/SH),Nilah/Twisted Fate (BW/PZ),1,3,0.333333333333333
Garen/Udyr (DE/FR),Akshan/Master Yi (IO/SH),1,3,0.333333333333333
Darius/Gnar (FR/NX),Janna/Twisted Fate (BW/PZ),1,3,0.333333333333333
Ezreal/Janna (IO/PZ),Caitlyn (PZ/SI),1,3,0.333333333333333
Akshan/Sivir (DE/SH),Yasuo/Zoe (IO/MT),1,3,0.333333333333333
Akshan/Fiora (DE/SH),Kalista (SI),1,3,0.333333333333333
Akshan/Sivir (DE/SH),Aphelios/Master Yi (IO/MT),1,3,0.333333333333333
Ekko (PZ/SH),Championless (SI),1,3,0.333333333333333
Championless (BW/MT),Garen/Udyr (DE/FR),1,3,0.333333333333333
Ezreal/Janna (IO/PZ),Akshan/Sivir (DE/SH),1,3,0.333333333333333
Akshan/Samira (NX/SH),Udyr/Vayne (DE/FR),1,3,0.333333333333333
Evelynn/Norra (BC/RU),Akshan/Sivir (DE/SH),1,3,0.333333333333333
Championless (PZ/SI),Nidalee (BC/SH),1,3,0.333333333333333
Ashe/Caitlyn (FR/PZ),Kalista (SI),1,3,0.333333333333333
Gnar/Swain (BC/NX),Ashe/LeBlanc (FR/NX),1,3,0.333333333333333
Akshan/Master Yi (IO/SH),Caitlyn/Teemo (BC/PZ),1,3,0.333333333333333
Caitlyn/Swain (NX/PZ),Garen (DE),1,3,0.333333333333333
Championless (SI),Vayne/Zed (DE/IO),1,3,0.333333333333333
Gnar/Neeko (FR/RU),Sejuani/Swain (FR/NX),1,3,0.333333333333333
Swain/Yasuo (IO/NX),Master Yi/Zoe (IO/MT),1,3,0.333333333333333
Darius/Gwen (NX/SI),Kalista (SI),1,3,0.333333333333333
Braum/Zoe (FR/MT),Gwen/Vayne (DE/SI),1,3,0.333333333333333
Championless (BW/FR),Nilah/Twisted Fate (BW/PZ),1,3,0.333333333333333
Akshan/Samira (NX/SH),Swain/Yasuo (IO/NX),1,3,0.333333333333333
Annie/Jhin (RU/NX),Lux: Illuminated/Shen (DE/IO),1,3,0.333333333333333
Ashe (FR/PZ),Akshan/Ekko (PZ/SH),1,3,0.333333333333333
Akshan/Master Yi (IO/SH),Kalista (SI),1,3,0.333333333333333
Akshan/Fizz (BC/SH),Ashe/LeBlanc (FR/NX),1,3,0.333333333333333
Ezreal/Nilah (BW/PZ),Darius/Gnar (FR/NX),1,3,0.333333333333333
Caitlyn/Teemo (BC/PZ),Fiora/Shen (DE/IO),1,3,0.333333333333333
Akshan/Master Yi (IO/SH),LeBlanc/Udyr (FR/NX),1,3,0.333333333333333
Norra/Zoe (BC/MT),Championless (PZ/SI),1,3,0.333333333333333
Akshan/Samira (NX/SH),Akshan/Master Yi (IO/SH),1,3,0.333333333333333
Championless (BC/SI),Gnar/Nidalee (BC/SH),1,3,0.333333333333333
Ashe/LeBlanc (FR/NX),Akshan/Renekton (FR/SH),1,3,0.333333333333333
Janna/Nilah (BW/PZ),Ashe (FR/PZ),1,3,0.333333333333333
Janna/Nilah/Twisted Fate (BW/PZ),Championless (SI),1,3,0.333333333333333
Fiora/Udyr (DE/FR),Championless (PZ/SI),1,3,0.333333333333333
Championless (BW/FR),Ashe/LeBlanc (FR/NX),1,3,0.333333333333333
Swain/Yasuo (IO/NX),Caitlyn/Teemo (BC/PZ),1,3,0.333333333333333
Braum/Udyr (FR),Caitlyn/Swain (NX/PZ),1,3,0.333333333333333
Darius/Gnar (FR/NX),Garen/Neeko (DE/RU),1,3,0.333333333333333
Gwen/Kalista (SI),Ashe/LeBlanc (FR/NX),1,3,0.333333333333333
Fizz/Zoe (BW/MT),Championless (SI),1,3,0.333333333333333
Akshan/Sivir (PZ/SH),Ashe/LeBlanc (FR/NX),1,3,0.333333333333333
Kalista (SI),Akshan/Udyr (FR/SH),1,3,0.333333333333333
Pantheon/Vayne (DE/MT),Ashe/LeBlanc (FR/NX),1,3,0.333333333333333
Darius/Gwen (NX/SI),Championless (PZ/SI),1,3,0.333333333333333
Lulu/Zed (DE/IO),Ashe (FR/PZ),1,3,0.333333333333333
Ashe (FR/PZ),Gwen/Renekton (SI/SH),1,3,0.333333333333333
Caitlyn/Norra/Teemo (BC/PZ),Ashe/LeBlanc (FR/NX),1,3,0.333333333333333
Master Yi/Zoe (IO/MT),Caitlyn/Swain (NX/PZ),1,3,0.333333333333333
Pantheon/Udyr (FR/MT),Janna/Master Yi (IO/PZ),1,3,0.333333333333333
Darius/Gwen (NX/SI),Gnar/Neeko (FR/RU),1,3,0.333333333333333
Udyr (FR/SI),Swain/Yasuo (IO/NX),1,3,0.333333333333333
Ashe (FR/PZ),Hecarim (SI),1,3,0.333333333333333
Championless (SI),Elise (SI),1,3,0.333333333333333
Darius/Gnar (FR/NX),Lulu/Shen (IO/MT),1,3,0.333333333333333
Seraphine/Zoe (MT/PZ),Darius/Gnar (FR/NX),1,3,0.333333333333333
Elise (SI),Darius/Gnar (FR/NX),1,3,0.333333333333333
Fiora/Nidalee (DE/SH),Ashe/Braum (FR/IO),1,3,0.333333333333333
Gwen/Vayne (DE/SI),Quinn/Vayne/Zed (DE/IO),1,3,0.333333333333333
Darius/Gwen (NX/SI),Ashe (FR/SI),1,3,0.333333333333333
Sejuani/Swain (FR/NX),Kalista (SI),1,3,0.333333333333333
Championless (SI),Fizz/Nami (BW/FR),1,3,0.333333333333333
Sejuani/Swain (FR/NX),Lulu/Shen (DE/IO),1,3,0.333333333333333
Championless (PZ/SI),Akshan/Samira (NX/SH),1,3,0.333333333333333
Lulu/Shen (DE/IO),Janna/Twisted Fate (BW/PZ),1,3,0.333333333333333
Ashe/LeBlanc (FR/NX),Master Yi/Vayne (DE/IO),1,3,0.333333333333333
Garen (DE/SI),Championless (SI),1,3,0.333333333333333
Hecarim/Zed (IO/SI),Akshan/Pantheon (MT/SH),1,3,0.333333333333333
Championless (MT/SI),Akshan/Pantheon (MT/SH),1,3,0.333333333333333
Ashe/LeBlanc (FR/NX),Braum/Udyr (FR/NX),1,3,0.333333333333333
Braum (FR/MT),Sejuani/Swain (FR/NX),1,3,0.333333333333333
Kalista (SI/SH),Braum/Zoe (FR/MT),1,3,0.333333333333333
Master Yi/Udyr (FR/IO),Elise (SI),1,3,0.333333333333333
Ashe/Janna (FR/PZ),Nilah/Twisted Fate (BW/PZ),1,3,0.333333333333333
Championless (SI),Gwen/Kalista (SI),1,3,0.333333333333333
Braum/Zoe (FR/MT),Ashe/Braum (FR/SI),1,3,0.333333333333333
Ashe/LeBlanc (FR/NX),Janna/Nilah/Twisted Fate (BW/PZ),1,3,0.333333333333333
Caitlyn/Swain (NX/PZ),Sejuani/Teemo (BC/FR),1,3,0.333333333333333
Championless (SI),Gnar/Sejuani (BC/FR),1,3,0.333333333333333
Braum/Udyr (BW/FR),Ashe/LeBlanc (FR/NX),1,3,0.333333333333333
Ezreal/Gwen/Teemo (PZ/SI),Braum/Zoe (FR/MT),1,3,0.333333333333333
Braum/Udyr (FR/MT),Nilah/Twisted Fate (BW/PZ),1,3,0.333333333333333
Samira/Zoe (MT/NX),Lulu/Shen (DE/IO),1,3,0.333333333333333
Nilah/Twisted Fate (BW/PZ),Lulu/Shen (BC/IO),1,3,0.333333333333333
Ashe/LeBlanc (FR/NX),Ashe/Braum (FR/IO),1,3,0.333333333333333
Jhin/Yasuo (IO/RU),Ashe (FR/PZ),1,3,0.333333333333333
Swain/Yasuo (IO/NX),Janna/Master Yi (IO/PZ),1,3,0.333333333333333
Annie/Jhin (RU/NX),Ezreal/Seraphine (PZ/SI),1,3,0.333333333333333
Caitlyn/Teemo (BC/PZ),Championless (NX/SI),1,3,0.333333333333333
Braum/Zoe (FR/MT),Braum/Teemo (FR/PZ),1,3,0.333333333333333
Fiora/Nidalee (DE/SH),Sejuani/Swain (FR/NX),1,3,0.333333333333333
Leona/Yasuo (IO/MT),Akshan/Master Yi (IO/SH),1,3,0.333333333333333
Braum/The Poro King (FR/RU),Ashe/LeBlanc (FR/NX),1,3,0.333333333333333
Nilah/Twisted Fate (BW/PZ),Ashe/Caitlyn (FR/PZ),1,3,0.333333333333333
Lulu/Shen (DE/IO),Neeko (FR/RU),1,3,0.333333333333333
Neeko (FR/RU),Championless (SI),1,3,0.333333333333333
Braum/Zoe (FR/MT),Miss Fortune/Twisted Fate (BW/NX),1,3,0.333333333333333
Ashe (FR/PZ),Braum/Udyr (DE/FR),1,3,0.333333333333333
Gwen/Kalista (SI/SH),Ashe (FR/PZ),1,3,0.333333333333333
Ashe (FR/PZ),Neeko/Teemo (BC/RU),1,3,0.333333333333333
Sejuani/Swain (FR/NX),Garen/Udyr (DE/FR),1,3,0.333333333333333
Braum/Zoe (FR/MT),Annie/Yasuo (IO/NX),1,3,0.333333333333333
Championless (SI),Sivir/Swain (NX/SH),1,3,0.333333333333333
Ashe (FR/PZ),Braum/Garen (DE/FR),1,3,0.333333333333333
Sivir/Swain (NX/SH),Braum/Zoe (FR/MT),1,3,0.333333333333333
Teemo/Twisted Fate (BW/PZ),Ashe (FR/PZ),1,3,0.333333333333333
Darius/Gwen (NX/SI),Championless (MT/SI),1,3,0.333333333333333
Udyr/Zoe (FR/MT),Nilah/Twisted Fate (BW/PZ),1,3,0.333333333333333
Braum/Janna (FR/PZ),Ashe (FR/PZ),1,3,0.333333333333333
Ashe (FR/PZ),Championless (SI/SH),1,3,0.333333333333333
Ashe/LeBlanc (FR/NX),Janna/Seraphine (IO/PZ),1,3,0.333333333333333
Master Yi/Zoe (IO/MT),Master Yi/Udyr (FR/IO),1,3,0.333333333333333
Annie/Jhin (RU/NX),Caitlyn/Teemo (FR/PZ),1,3,0.333333333333333
Seraphine/Twisted Fate (BW/PZ),Nilah/Twisted Fate (BW/PZ),1,3,0.333333333333333
Braum/Zoe (FR/MT),Championless (NX/SI),1,3,0.333333333333333
Nilah/Twisted Fate (BW/PZ),Norra/Swain (BC/NX),1,3,0.333333333333333
Quinn/Vayne (DE/PZ),Ashe (FR/PZ),1,3,0.333333333333333
Fiora/Shen (DE/IO),Ashe (FR/PZ),1,3,0.333333333333333
Ashe/LeBlanc (FR/NX),Neeko/Renekton (RU/SH),1,3,0.333333333333333
Nilah/Twisted Fate (BW/PZ),Braum/Swain (FR/NX),1,3,0.333333333333333
Nidalee (BC/SH),Darius/Gwen (NX/SI),1,3,0.333333333333333
Lulu/Zed (DE/IO),Seraphine/Twisted Fate (BW/PZ),1,3,0.333333333333333
Gnar/Swain (BC/NX),Ezreal/Seraphine (PZ/SI),1,3,0.333333333333333
Championless (BW/MT),Gwen/LeBlanc (NX/SI),1,3,0.333333333333333
Miss Fortune/Vayne (BW/DE),Ashe/LeBlanc (FR/NX),1,3,0.333333333333333
Nilah/Twisted Fate (BW/PZ),Fiora/Garen (DE/FR),1,3,0.333333333333333
Sejuani/Swain (FR/NX),Braum/Garen (DE/FR),1,3,0.333333333333333
Janna/Nilah (BW/PZ),Akshan/Udyr (FR/SH),1,3,0.333333333333333
Ashe (FR/PZ),Samira/Udyr (FR/NX),1,3,0.333333333333333
Darius (FR/NX),Ashe (FR/PZ),1,3,0.333333333333333
Gwen/Hecarim (IO/SI),Braum/Zoe (FR/MT),1,3,0.333333333333333
Akshan/Sivir (FR/SH),Championless (SI),1,3,0.333333333333333
Neeko/Zoe (MT/RU),Katarina/Yasuo (IO/NX),1,3,0.333333333333333
Janna/Nilah (BW/PZ),Darius (FR/NX),1,3,0.333333333333333
Darius/Gnar (FR/NX),Gwen/Katarina (NX/SI),1,3,0.333333333333333
Braum/Zoe (FR/MT),Norra/Zoe (BC/MT),1,3,0.333333333333333
Shen/Sivir (IO/SH),Leona/Zoe (DE/MT),1,3,0.333333333333333
Shen/Sivir (IO/SH),Aphelios/Gnar (FR/MT),1,3,0.333333333333333
Championless (SI),Gwen/Kalista (NX/SI),1,3,0.333333333333333
Ashe/LeBlanc (FR/NX),Gwen/Irelia/Zed (IO/SI),1,3,0.333333333333333
Janna (IO/PZ),Lulu/Shen (DE/IO),1,3,0.333333333333333
Championless (SI),Miss Fortune/Vayne (BW/DE),1,3,0.333333333333333
Annie/Jhin (RU/NX),Janna (PZ/SI),1,3,0.333333333333333
Aphelios/Zoe (IO/MT),Annie/Jhin (RU/NX),1,3,0.333333333333333
Leona/Yasuo (IO/MT),Aphelios/Zoe (IO/MT),1,3,0.333333333333333
Ashe/LeBlanc (FR/NX),Akshan/Sivir (FR/SH),1,3,0.333333333333333
Annie/Jhin (RU/NX),Championless (MT/SI),1,3,0.333333333333333
Gwen/Lucian (DE/SI),Annie/Jhin (RU/NX),1,3,0.333333333333333
Janna/Seraphine (IO/PZ),Annie/Jhin (RU/NX),1,3,0.333333333333333
Leona/Yasuo (IO/MT),Sejuani/Swain (FR/NX),1,3,0.333333333333333
Gwen/Katarina (NX/SI),Janna/Master Yi (IO/PZ),1,3,0.333333333333333
Janna/Master Yi/Seraphine (IO/PZ),Ashe/LeBlanc (FR/NX),1,3,0.333333333333333
Swain (FR/NX),LeBlanc/Sivir (NX/SH),1,3,0.333333333333333
Caitlyn/LeBlanc (NX/PZ),Ashe/LeBlanc (FR/NX),1,3,0.333333333333333
Katarina/Yasuo (IO/NX),Janna/Nilah (BW/PZ),1,3,0.333333333333333
Yasuo (IO/MT),Annie/Jhin (RU/NX),1,3,0.333333333333333
Neeko/Zoe (MT/RU),Ashe/LeBlanc (FR/NX),1,3,0.333333333333333
Neeko/Zoe (MT/RU),Championless (SI),1,3,0.333333333333333
Gnar/Nidalee (BC/SH),Leona/Yasuo (IO/MT),1,3,0.333333333333333
Ashe/LeBlanc (FR/NX),Caitlyn/Janna/Teemo (FR/PZ),1,3,0.333333333333333
Leona/Yasuo (IO/MT),Kalista (FR/SI),1,3,0.333333333333333
Championless (FR/IO),Fiora/Pantheon (DE/MT),1,3,0.333333333333333
Gwen (FR/SI),Ashe/LeBlanc (FR/NX),1,3,0.333333333333333
Championless (SI),Gwen/Katarina (NX/SI),1,3,0.333333333333333
Kalista/Nocturne/Zoe (MT/SI),Annie/Jhin (RU/NX),1,3,0.333333333333333
Fiora (DE/IO),Diana/Nocturne (MT/SI),1,3,0.333333333333333
Fizz/Nami (BC/BW),LeBlanc/Sivir (NX/SH),1,3,0.333333333333333
Annie/Ezreal (NX/PZ),Janna/Twisted Fate (BW/PZ),1,3,0.333333333333333
Ashe (FR/PZ),Braum (FR/NX),1,3,0.333333333333333
Darius (FR/NX),Nilah/Twisted Fate (BW/PZ),1,3,0.333333333333333
Championless (SI),Gwen/Hecarim (SI),1,3,0.333333333333333
Championless (SI),Katarina/Miss Fortune (BW/NX),1,3,0.333333333333333
Braum/The Poro King/Udyr (FR/RU),Kalista/Nocturne/Zoe (MT/SI),1,3,0.333333333333333
Ashe/LeBlanc (FR/NX),Yasuo (IO/MT),1,3,0.333333333333333
Ashe/LeBlanc (FR/NX),Caitlyn/Darius (NX/PZ),1,3,0.333333333333333
Fizz/Nami (BC/BW),Swain/Yasuo (IO/NX),1,3,0.333333333333333
Gnar/Sejuani (BC/FR),LeBlanc/Sivir (NX/SH),1,3,0.333333333333333
Leona/Yasuo (IO/MT),Pantheon/Udyr (FR/MT),1,3,0.333333333333333
Janna (IO/PZ),Akshan/Master Yi (IO/SH),1,3,0.333333333333333
Leona/Yasuo (IO/MT),Nidalee (BC/SH),1,3,0.333333333333333
Janna (IO/PZ),Pantheon/Udyr (FR/MT),1,3,0.333333333333333
Braum/Zoe (FR/MT),LeBlanc (FR/NX),1,3,0.333333333333333
Lulu/Shen (DE/IO),LeBlanc (FR/NX),1,3,0.333333333333333
Kai'Sa/Sivir (DE/SH),Braum/Zoe (FR/MT),1,3,0.333333333333333
Tristana (BC/PZ),Braum/Zoe (FR/MT),1,3,0.333333333333333
Ashe/Swain (FR/NX),Championless (SI),1,3,0.333333333333333
Fiora/Shen (DE/IO),Akshan/Samira (NX/SH),1,3,0.333333333333333
Lux: Illuminated/Neeko (DE/RU),Kalista (SI),1,3,0.333333333333333
Ashe/Darius (FR/NX),Ahri/Kennen (BC/IO),1,3,0.333333333333333
Ezreal/Teemo (BC/PZ),Ashe (FR/PZ),1,3,0.333333333333333
Akshan/Zoe (MT/SH),Braum/Zoe (FR/MT),1,3,0.333333333333333
Akshan/Ekko (PZ/SH),Nilah/Twisted Fate (BW/PZ),1,3,0.333333333333333
Yasuo (IO/MT),Aphelios/Zoe (IO/MT),1,3,0.333333333333333
Garen/Udyr (DE/FR),Gwen/Vayne (DE/SI),1,3,0.333333333333333
Kalista (SI),Janna/Master Yi (IO/PZ),1,3,0.333333333333333
Garen (DE/FR),Championless (PZ/SI),1,3,0.333333333333333
Ezreal/Seraphine (PZ/SI),Norra/Zoe (BC/MT),1,3,0.333333333333333
Janna/Master Yi (IO/PZ),Annie/Jhin (RU/NX),1,3,0.333333333333333
Katarina/Yasuo (IO/NX),Caitlyn/Katarina (NX/PZ),1,3,0.333333333333333
Ashe/Braum/LeBlanc (FR/NX),Braum/Zoe (FR/MT),1,3,0.333333333333333
Swain/Twisted Fate (BW/NX),Caitlyn (NX/PZ),1,3,0.333333333333333
Championless (PZ/SI),Garen/Lux: Illuminated (DE/IO),1,3,0.333333333333333
Caitlyn/Swain (NX/PZ),Gwen/Kalista (FR/SI),1,3,0.333333333333333
Evelynn/Norra (BC/RU),Championless (MT),1,3,0.333333333333333
Darius/Gnar (FR/NX),Championless (SI),29,48,0.604166666666667
Championless (SI),Darius/Gnar (FR/NX),19,48,0.395833333333333
Ezreal/Twisted Fate (BW/PZ),Championless (SI),4,6,0.666666666666667
Championless (SI),Gwen/Vayne (DE/SI),4,6,0.666666666666667
Udyr/Vayne (DE/FR),Championless (SI),4,6,0.666666666666667
Caitlyn/Teemo (BC/PZ),Leona/Yasuo (IO/MT),4,6,0.666666666666667
Gwen/Vayne (DE/SI),Championless (PZ/SI),4,6,0.666666666666667
Akshan/Sivir (DE/SH),Gwen/Vayne (DE/SI),4,6,0.666666666666667
Ashe/LeBlanc (FR/NX),Kai'Sa/Pantheon (MT/SH),4,6,0.666666666666667
Championless (PZ/SI),Ashe/Sejuani (FR/SI),4,6,0.666666666666667
Ezreal/Seraphine (PZ/SI),Fiora/Shen (DE/IO),4,6,0.666666666666667
Ashe/LeBlanc (FR/NX),Kalista/Lucian (DE/SI),4,6,0.666666666666667
Nilah/Twisted Fate (BW/PZ),Master Yi/Zoe (IO/MT),4,6,0.666666666666667
Championless (PZ/SI),Swain/Yasuo (IO/NX),4,6,0.666666666666667
Championless (PZ/SI),Leona/Yasuo (IO/MT),4,6,0.666666666666667
Janna/Nilah (BW/PZ),Akshan/Master Yi (IO/SH),4,6,0.666666666666667
Ashe/LeBlanc (FR/NX),Ezreal/Nilah/Twisted Fate (BW/PZ),4,6,0.666666666666667
Ashe/LeBlanc (FR/NX),Draven/Jinx (NX/PZ),4,6,0.666666666666667
Janna/Nilah (BW/PZ),Annie/Jhin (RU/NX),4,6,0.666666666666667
Nilah/Twisted Fate (BW/PZ),Shen/Sivir (IO/SH),4,6,0.666666666666667
Ashe (FR/PZ),Caitlyn/Swain (NX/PZ),4,6,0.666666666666667
Ashe (FR/PZ),Ashe/Caitlyn (FR/PZ),4,6,0.666666666666667
Championless (MT/SI),Ezreal/Seraphine (PZ/SI),4,6,0.666666666666667
Ashe/LeBlanc (FR/NX),Aphelios/Yasuo (IO/MT),4,6,0.666666666666667
Ashe/LeBlanc (FR/NX),Neeko/Teemo (BC/RU),4,6,0.666666666666667
Fiora/Garen (DE/FR),Braum/Zoe (FR/MT),4,6,0.666666666666667
Ashe (FR/PZ),Janna (IO/PZ),4,6,0.666666666666667
Pantheon/Udyr (FR/MT),Ezreal/Seraphine (PZ/SI),4,6,0.666666666666667
Championless (SI),Ezreal/Twisted Fate (BW/PZ),2,6,0.333333333333333
Gwen/Vayne (DE/SI),Championless (SI),2,6,0.333333333333333
Championless (SI),Udyr/Vayne (DE/FR),2,6,0.333333333333333
Leona/Yasuo (IO/MT),Caitlyn/Teemo (BC/PZ),2,6,0.333333333333333
Championless (PZ/SI),Gwen/Vayne (DE/SI),2,6,0.333333333333333
Gwen/Vayne (DE/SI),Akshan/Sivir (DE/SH),2,6,0.333333333333333
Kai'Sa/Pantheon (MT/SH),Ashe/LeBlanc (FR/NX),2,6,0.333333333333333
Ashe/Sejuani (FR/SI),Championless (PZ/SI),2,6,0.333333333333333
Fiora/Shen (DE/IO),Ezreal/Seraphine (PZ/SI),2,6,0.333333333333333
Kalista/Lucian (DE/SI),Ashe/LeBlanc (FR/NX),2,6,0.333333333333333
Master Yi/Zoe (IO/MT),Nilah/Twisted Fate (BW/PZ),2,6,0.333333333333333
Swain/Yasuo (IO/NX),Championless (PZ/SI),2,6,0.333333333333333
Leona/Yasuo (IO/MT),Championless (PZ/SI),2,6,0.333333333333333
Akshan/Master Yi (IO/SH),Janna/Nilah (BW/PZ),2,6,0.333333333333333
Ezreal/Nilah/Twisted Fate (BW/PZ),Ashe/LeBlanc (FR/NX),2,6,0.333333333333333
Draven/Jinx (NX/PZ),Ashe/LeBlanc (FR/NX),2,6,0.333333333333333
Annie/Jhin (RU/NX),Janna/Nilah (BW/PZ),2,6,0.333333333333333
Shen/Sivir (IO/SH),Nilah/Twisted Fate (BW/PZ),2,6,0.333333333333333
Caitlyn/Swain (NX/PZ),Ashe (FR/PZ),2,6,0.333333333333333
Ashe/Caitlyn (FR/PZ),Ashe (FR/PZ),2,6,0.333333333333333
Ezreal/Seraphine (PZ/SI),Championless (MT/SI),2,6,0.333333333333333
Aphelios/Yasuo (IO/MT),Ashe/LeBlanc (FR/NX),2,6,0.333333333333333
Neeko/Teemo (BC/RU),Ashe/LeBlanc (FR/NX),2,6,0.333333333333333
Braum/Zoe (FR/MT),Fiora/Garen (DE/FR),2,6,0.333333333333333
Janna (IO/PZ),Ashe (FR/PZ),2,6,0.333333333333333
Ezreal/Seraphine (PZ/SI),Pantheon/Udyr (FR/MT),2,6,0.333333333333333
Darius/Gwen (NX/SI),Championless (SI),6,17,0.352941176470588
LeBlanc/Sivir (NX/SH),Braum/Zoe (FR/MT),6,17,0.352941176470588
Championless (SI),Darius/Gwen (NX/SI),11,17,0.647058823529412
Braum/Zoe (FR/MT),LeBlanc/Sivir (NX/SH),11,17,0.647058823529412
Fiora (DE/SH),Ashe/LeBlanc (FR/NX),2,5,0.4
Gnar/Samira (BC/NX),Ashe/LeBlanc (FR/NX),2,5,0.4
Ashe/LeBlanc (FR/NX),Ezreal/Janna (IO/PZ),2,5,0.4
Akshan/Sivir (NX/SH),Championless (SI),2,5,0.4
Nilah/Twisted Fate (BW/PZ),Quinn/Vayne (DE/PZ),2,5,0.4
Braum/Zoe (FR/MT),Akshan/Sivir (MT/SH),2,5,0.4
Kalista (SI),Swain/Yasuo (IO/NX),2,5,0.4
Fizz/Nami (BC/BW),Championless (SI),2,5,0.4
Garen/Udyr (DE/FR),Janna/Nilah (BW/PZ),2,5,0.4
Fizz/Nami (BW/MT),Ashe/LeBlanc (FR/NX),2,5,0.4
Elise/Hecarim (SI),Gwen/Vayne (DE/SI),2,5,0.4
Annie/Jhin (RU/NX),Akshan/Fiora (DE/SH),2,5,0.4
Gwen/Vayne (DE/SI),Kalista (SI),2,5,0.4
Braum (FR/MT),Fiora/Shen (DE/IO),2,5,0.4
Fiora/Shen (DE/IO),Janna/Nilah (BW/PZ),2,5,0.4
Evelynn/Norra (BC/RU),Ezreal/Seraphine (PZ/SI),2,5,0.4
Sejuani/Swain (FR/NX),Ezreal/Seraphine (PZ/SI),2,5,0.4
Darius/Gnar (FR/NX),Akshan/Pantheon (MT/SH),2,5,0.4
Gnar/Neeko (FR/RU),Braum/Zoe (FR/MT),2,5,0.4
Kalista (SI),LeBlanc/Sivir (NX/SH),2,5,0.4
Nilah/Twisted Fate (BW/PZ),Janna/Twisted Fate (BW/PZ),2,5,0.4
Braum/Zoe (FR/MT),LeBlanc/Udyr (FR/NX),2,5,0.4
Janna/Master Yi (IO/PZ),Janna/Nilah (BW/PZ),2,5,0.4
Darius/Yasuo (IO/NX),Ashe/LeBlanc (FR/NX),2,5,0.4
Shen/Sivir (IO/SH),Braum/Zoe (FR/MT),2,5,0.4
Janna/Nilah (BW/PZ),Darius/Gwen (NX/SI),2,5,0.4
Ashe/LeBlanc (FR/NX),Kalista (MT/SI),2,5,0.4
Gnar/Nidalee (BC/SH),Darius/Gnar (FR/NX),2,5,0.4
Championless (BC/SI),Ashe (FR/PZ),2,5,0.4
Ashe (FR/PZ),Ashe/Janna (FR/PZ),2,5,0.4
Sejuani/Teemo (FR/PZ),Ashe (FR/PZ),2,5,0.4
Ashe/LeBlanc (FR/NX),Akshan/Zed (IO/SH),2,5,0.4
Master Yi/Udyr (FR/IO),Braum/Zoe (FR/MT),2,5,0.4
Swain/Yasuo (IO/NX),Darius/Gnar (FR/NX),2,5,0.4
Ashe/LeBlanc (FR/NX),Ezreal/Swain (NX/PZ),2,5,0.4
Leona/Yasuo (IO/MT),Master Yi/Udyr (FR/IO),2,5,0.4
Caitlyn/Swain (NX/PZ),Gwen (NX/SI),2,5,0.4
Garen/Shen (DE/IO),Ashe/LeBlanc (FR/NX),2,5,0.4
Braum/Udyr (BW/FR),Braum/Zoe (FR/MT),2,5,0.4
Caitlyn/Teemo (FR/PZ),Ashe/LeBlanc (FR/NX),2,5,0.4
Fiora/Nidalee (DE/SH),Championless (SI),2,5,0.4
Jhin/Yasuo (IO/RU),Ashe/LeBlanc (FR/NX),2,5,0.4
Championless (MT/SI),Braum/Zoe (FR/MT),2,5,0.4
Teemo/Twisted Fate (BW/PZ),Championless (SI),2,5,0.4
Jhin/Kennen (IO/RU),Braum/Zoe (FR/MT),2,5,0.4
Ashe (FR/SI),Ashe/LeBlanc (FR/NX),2,5,0.4
Katarina/Yasuo (IO/NX),Kalista (SI),2,5,0.4
Aphelios/Zoe (IO/MT),Braum (FR/NX),2,5,0.4
Akshan/Udyr (FR/SH),Championless (SI),2,5,0.4
Janna/Master Yi (IO/PZ),Nilah/Twisted Fate (BW/PZ),2,5,0.4
Fiora/Pantheon (DE/MT),Darius/Gnar (FR/NX),2,5,0.4
Championless (SI),Braum (FR/IO),2,5,0.4
Braum/Zoe (FR/MT),Janna (IO/PZ),2,5,0.4
Miss Fortune/Quinn/Vayne (BW/DE),Kalista (SI),2,5,0.4
Akshan/Master Yi (IO/SH),Championless (NX/SI),2,5,0.4
Gnar/Sejuani (BC/FR),Ashe/LeBlanc (FR/NX),2,5,0.4
Ekko/Nilah/Twisted Fate (BW/PZ),Braum/Zoe (FR/MT),2,5,0.4
Ashe/LeBlanc (FR/NX),Fiora (DE/SH),3,5,0.6
Ashe/LeBlanc (FR/NX),Gnar/Samira (BC/NX),3,5,0.6
Ezreal/Janna (IO/PZ),Ashe/LeBlanc (FR/NX),3,5,0.6
Championless (SI),Akshan/Sivir (NX/SH),3,5,0.6
Quinn/Vayne (DE/PZ),Nilah/Twisted Fate (BW/PZ),3,5,0.6
Akshan/Sivir (MT/SH),Braum/Zoe (FR/MT),3,5,0.6
Swain/Yasuo (IO/NX),Kalista (SI),3,5,0.6
Championless (SI),Fizz/Nami (BC/BW),3,5,0.6
Janna/Nilah (BW/PZ),Garen/Udyr (DE/FR),3,5,0.6
Ashe/LeBlanc (FR/NX),Fizz/Nami (BW/MT),3,5,0.6
Gwen/Vayne (DE/SI),Elise/Hecarim (SI),3,5,0.6
Akshan/Fiora (DE/SH),Annie/Jhin (RU/NX),3,5,0.6
Kalista (SI),Gwen/Vayne (DE/SI),3,5,0.6
Fiora/Shen (DE/IO),Braum (FR/MT),3,5,0.6
Janna/Nilah (BW/PZ),Fiora/Shen (DE/IO),3,5,0.6
Ezreal/Seraphine (PZ/SI),Evelynn/Norra (BC/RU),3,5,0.6
Ezreal/Seraphine (PZ/SI),Sejuani/Swain (FR/NX),3,5,0.6
Akshan/Pantheon (MT/SH),Darius/Gnar (FR/NX),3,5,0.6
Braum/Zoe (FR/MT),Gnar/Neeko (FR/RU),3,5,0.6
LeBlanc/Sivir (NX/SH),Kalista (SI),3,5,0.6
Janna/Twisted Fate (BW/PZ),Nilah/Twisted Fate (BW/PZ),3,5,0.6
LeBlanc/Udyr (FR/NX),Braum/Zoe (FR/MT),3,5,0.6
Janna/Nilah (BW/PZ),Janna/Master Yi (IO/PZ),3,5,0.6
Ashe/LeBlanc (FR/NX),Darius/Yasuo (IO/NX),3,5,0.6
Braum/Zoe (FR/MT),Shen/Sivir (IO/SH),3,5,0.6
Darius/Gwen (NX/SI),Janna/Nilah (BW/PZ),3,5,0.6
Kalista (MT/SI),Ashe/LeBlanc (FR/NX),3,5,0.6
Darius/Gnar (FR/NX),Gnar/Nidalee (BC/SH),3,5,0.6
Ashe (FR/PZ),Championless (BC/SI),3,5,0.6
Ashe/Janna (FR/PZ),Ashe (FR/PZ),3,5,0.6
Ashe (FR/PZ),Sejuani/Teemo (FR/PZ),3,5,0.6
Akshan/Zed (IO/SH),Ashe/LeBlanc (FR/NX),3,5,0.6
Braum/Zoe (FR/MT),Master Yi/Udyr (FR/IO),3,5,0.6
Darius/Gnar (FR/NX),Swain/Yasuo (IO/NX),3,5,0.6
Ezreal/Swain (NX/PZ),Ashe/LeBlanc (FR/NX),3,5,0.6
Master Yi/Udyr (FR/IO),Leona/Yasuo (IO/MT),3,5,0.6
Gwen (NX/SI),Caitlyn/Swain (NX/PZ),3,5,0.6
Ashe/LeBlanc (FR/NX),Garen/Shen (DE/IO),3,5,0.6
Braum/Zoe (FR/MT),Braum/Udyr (BW/FR),3,5,0.6
Ashe/LeBlanc (FR/NX),Caitlyn/Teemo (FR/PZ),3,5,0.6
Championless (SI),Fiora/Nidalee (DE/SH),3,5,0.6
Ashe/LeBlanc (FR/NX),Jhin/Yasuo (IO/RU),3,5,0.6
Braum/Zoe (FR/MT),Championless (MT/SI),3,5,0.6
Championless (SI),Teemo/Twisted Fate (BW/PZ),3,5,0.6
Braum/Zoe (FR/MT),Jhin/Kennen (IO/RU),3,5,0.6
Ashe/LeBlanc (FR/NX),Ashe (FR/SI),3,5,0.6
Kalista (SI),Katarina/Yasuo (IO/NX),3,5,0.6
Braum (FR/NX),Aphelios/Zoe (IO/MT),3,5,0.6
Championless (SI),Akshan/Udyr (FR/SH),3,5,0.6
Nilah/Twisted Fate (BW/PZ),Janna/Master Yi (IO/PZ),3,5,0.6
Darius/Gnar (FR/NX),Fiora/Pantheon (DE/MT),3,5,0.6
Braum (FR/IO),Championless (SI),3,5,0.6
Janna (IO/PZ),Braum/Zoe (FR/MT),3,5,0.6
Kalista (SI),Miss Fortune/Quinn/Vayne (BW/DE),3,5,0.6
Championless (NX/SI),Akshan/Master Yi (IO/SH),3,5,0.6
Ashe/LeBlanc (FR/NX),Gnar/Sejuani (BC/FR),3,5,0.6
Braum/Zoe (FR/MT),Ekko/Nilah/Twisted Fate (BW/PZ),3,5,0.6
Norra/Zoe (BC/MT),Championless (SI),1,7,0.142857142857143
Championless (MT/SI),Darius/Gnar (FR/NX),1,7,0.142857142857143
Braum (FR/MT),Braum/Zoe (FR/MT),1,7,0.142857142857143
Akshan/Ekko (PZ/SH),Championless (SI),1,7,0.142857142857143
Akshan/Master Yi (IO/SH),Annie/Jhin (RU/NX),1,7,0.142857142857143
Championless (NX/SI),LeBlanc/Sivir (NX/SH),1,7,0.142857142857143
Championless (SI),Norra/Zoe (BC/MT),6,7,0.857142857142857
Darius/Gnar (FR/NX),Championless (MT/SI),6,7,0.857142857142857
Braum/Zoe (FR/MT),Braum (FR/MT),6,7,0.857142857142857
Championless (SI),Akshan/Ekko (PZ/SH),6,7,0.857142857142857
Annie/Jhin (RU/NX),Akshan/Master Yi (IO/SH),6,7,0.857142857142857
LeBlanc/Sivir (NX/SH),Championless (NX/SI),6,7,0.857142857142857
Janna (PZ/SI),Fiora/Shen (DE/IO),0,4,0
Gwen/Vayne (DE/SI),Ashe/Fiora (DE/FR),0,4,0
LeBlanc (FR/NX),Ashe/LeBlanc (FR/NX),0,4,0
Kai'Sa/Zoe (MT/SH),Braum/Zoe (FR/MT),0,4,0
Janna/Zoe (MT/PZ),Braum/Zoe (FR/MT),0,4,0
Norra/Teemo (BC/PZ),Darius/Gnar (FR/NX),0,4,0
Swain/Twisted Fate (BW/NX),Kalista/Nocturne (SI),0,4,0
Akshan/Pantheon (MT/SH),Gwen/Katarina (NX/SI),0,4,0
Teemo/Zoe (MT/PZ),Nilah/Twisted Fate (BW/PZ),0,4,0
Garen/Udyr (DE/FR),Draven/Katarina (FR/NX),0,4,0
Swain/Yasuo (IO/NX),Janna/Nilah (BW/PZ),0,4,0
Janna/Zoe (MT/PZ),Kalista (SI),0,4,0
Ashe (FR/PZ),Braum/Udyr (FR),0,4,0
Championless (PZ/SI),Hecarim (SI),0,4,0
Caitlyn/Norra (BC/PZ),Ashe/LeBlanc (FR/NX),0,4,0
Hecarim/Zed (IO/SI),Ashe/LeBlanc (FR/NX),0,4,0
Championless (PZ/SI),Janna/Twisted Fate (BW/PZ),0,4,0
Janna (FR/PZ),Teemo/Tristana (BC/SI),0,4,0
Annie/Jhin (RU/NX),Darius/Gnar (FR/NX),0,4,0
Ashe/LeBlanc (FR/NX),Neeko (FR/RU),0,4,0
Gnar/Neeko (FR/RU),Garen/Udyr (DE/FR),0,4,0
Lulu/Norra (BC/PZ),Braum/Zoe (FR/MT),0,4,0
Pantheon/Udyr (FR/MT),Braum/Zoe (FR/MT),0,4,0
Garen/Lux: Illuminated (DE),Braum/Zoe (FR/MT),0,4,0
Sejuani/Teemo (FR/PZ),Darius/Gnar (FR/NX),0,4,0
Akshan/Renekton (BW/SH),Championless (SI),0,4,0
Ashe (FR/PZ),Gwen/Katarina (NX/SI),0,4,0
Janna/Master Yi (IO/PZ),LeBlanc/Sivir (NX/SH),0,4,0
Katarina/Yasuo (IO/NX),Nilah/Twisted Fate (BW/PZ),0,4,0
Janna/Twisted Fate (BW/PZ),Katarina/Yasuo (IO/NX),0,4,0
Ashe (FR/SI),Nilah/Twisted Fate (BW/PZ),0,4,0
Fiora/Shen (DE/IO),Janna (PZ/SI),4,4,1
Ashe/Fiora (DE/FR),Gwen/Vayne (DE/SI),4,4,1
Ashe/LeBlanc (FR/NX),LeBlanc (FR/NX),4,4,1
Braum/Zoe (FR/MT),Kai'Sa/Zoe (MT/SH),4,4,1
Braum/Zoe (FR/MT),Janna/Zoe (MT/PZ),4,4,1
Darius/Gnar (FR/NX),Norra/Teemo (BC/PZ),4,4,1
Kalista/Nocturne (SI),Swain/Twisted Fate (BW/NX),4,4,1
Gwen/Katarina (NX/SI),Akshan/Pantheon (MT/SH),4,4,1
Nilah/Twisted Fate (BW/PZ),Teemo/Zoe (MT/PZ),4,4,1
Draven/Katarina (FR/NX),Garen/Udyr (DE/FR),4,4,1
Janna/Nilah (BW/PZ),Swain/Yasuo (IO/NX),4,4,1
Kalista (SI),Janna/Zoe (MT/PZ),4,4,1
Braum/Udyr (FR),Ashe (FR/PZ),4,4,1
Hecarim (SI),Championless (PZ/SI),4,4,1
Ashe/LeBlanc (FR/NX),Caitlyn/Norra (BC/PZ),4,4,1
Ashe/LeBlanc (FR/NX),Hecarim/Zed (IO/SI),4,4,1
Janna/Twisted Fate (BW/PZ),Championless (PZ/SI),4,4,1
Teemo/Tristana (BC/SI),Janna (FR/PZ),4,4,1
Darius/Gnar (FR/NX),Annie/Jhin (RU/NX),4,4,1
Neeko (FR/RU),Ashe/LeBlanc (FR/NX),4,4,1
Garen/Udyr (DE/FR),Gnar/Neeko (FR/RU),4,4,1
Braum/Zoe (FR/MT),Lulu/Norra (BC/PZ),4,4,1
Braum/Zoe (FR/MT),Pantheon/Udyr (FR/MT),4,4,1
Braum/Zoe (FR/MT),Garen/Lux: Illuminated (DE),4,4,1
Darius/Gnar (FR/NX),Sejuani/Teemo (FR/PZ),4,4,1
Championless (SI),Akshan/Renekton (BW/SH),4,4,1
Gwen/Katarina (NX/SI),Ashe (FR/PZ),4,4,1
LeBlanc/Sivir (NX/SH),Janna/Master Yi (IO/PZ),4,4,1
Nilah/Twisted Fate (BW/PZ),Katarina/Yasuo (IO/NX),4,4,1
Katarina/Yasuo (IO/NX),Janna/Twisted Fate (BW/PZ),4,4,1
Nilah/Twisted Fate (BW/PZ),Ashe (FR/SI),4,4,1
Ashe/LeBlanc (FR/NX),Akshan/Master Yi (IO/SH),14,26,0.538461538461538
Akshan/Master Yi (IO/SH),Ashe/LeBlanc (FR/NX),12,26,0.461538461538462
Championless (SI),Gwen (NX/SI),1,4,0.25
Gnar/Nidalee (BC/SH),Championless (MT/SI),1,4,0.25
Championless (SI),Diana/Nami (BW/MT),1,4,0.25
Diana/Nami (BW/MT),Ashe/LeBlanc (FR/NX),1,4,0.25
Championless (SI),Kalista/Nocturne (SI),1,4,0.25
Nilah/Twisted Fate (BW/PZ),Darius/Gnar (FR/NX),1,4,0.25
Fiora/Shen (DE/IO),Championless (PZ/SI),1,4,0.25
Akshan/Samira (NX/SH),Championless (SI),1,4,0.25
Nidalee (BC/SH),Fiora/Shen (DE/IO),1,4,0.25
Janna (PZ/SI),Fizz/Nami (BW/MT),1,4,0.25
Annie/Jhin (RU/NX),Kalista (SI),1,4,0.25
Fizz/Nami (BW/MT),Akshan/Pantheon (MT/SH),1,4,0.25
Sejuani/Teemo (BC/FR),Championless (SI),1,4,0.25
Annie/Jhin (RU/NX),Gwen/Vayne (DE/SI),1,4,0.25
Aphelios/Zoe (IO/MT),Garen/Udyr (DE/FR),1,4,0.25
Leona/Yasuo (IO/MT),Katarina/Yasuo (IO/NX),1,4,0.25
Darius/Gnar (FR/NX),Ezreal/Seraphine (PZ/SI),1,4,0.25
Leona/Yasuo (IO/MT),Janna (PZ/SI),1,4,0.25
Gwen/Katarina (NX/SI),Nilah/Twisted Fate (BW/PZ),1,4,0.25
Gnar/Neeko (FR/RU),Ashe/LeBlanc (FR/NX),1,4,0.25
Janna/Twisted Fate (BW/PZ),Akshan/Master Yi (IO/SH),1,4,0.25
Akshan/Sivir (DE/SH),Ashe/LeBlanc (FR/NX),1,4,0.25
Akshan/Sivir (DE/SH),Ashe/Sejuani (FR/SI),1,4,0.25
Akshan/Samira (NX/SH),Caitlyn/Draven (NX/PZ),1,4,0.25
Norra (BC/IO),Caitlyn/Draven (NX/PZ),1,4,0.25
Ashe (FR/SI),Ashe (FR/PZ),1,4,0.25
Swain/Twisted Fate (BW/NX),Championless (PZ/SI),1,4,0.25
Gwen/Kalista (NX/SI),Annie/Jhin (RU/NX),1,4,0.25
Championless (PZ/SI),Sejuani/Swain (FR/NX),1,4,0.25
Ashe/LeBlanc (FR/NX),Braum/Udyr (DE/FR),1,4,0.25
Shen/Sivir (IO/SH),Katarina/Yasuo (IO/NX),1,4,0.25
Evelynn/Kai'Sa (RU/SH),Championless (SI),1,4,0.25
Braum/Udyr (FR/MT),Ashe/LeBlanc (FR/NX),1,4,0.25
Championless (PZ/SI),Janna/Nilah (BW/PZ),1,4,0.25
Janna/Zoe (MT/PZ),Ashe/LeBlanc (FR/NX),1,4,0.25
Garen/Neeko (DE/RU),Ashe/LeBlanc (FR/NX),1,4,0.25
Akshan/Master Yi (IO/SH),Caitlyn/Swain (NX/PZ),1,4,0.25
Annie/Jhin (RU/NX),Janna/Twisted Fate (BW/PZ),1,4,0.25
Darius/Gwen (NX/SI),Annie/Jhin (RU/NX),1,4,0.25
Darius (FR/NX),Ashe/LeBlanc (FR/NX),1,4,0.25
Ashe/LeBlanc (FR/NX),Swain/Twisted Fate (BW/NX),1,4,0.25
Leona/Yasuo (IO/MT),Swain/Yasuo (IO/NX),1,4,0.25
Championless (PZ/SI),Janna/Master Yi (IO/PZ),1,4,0.25
Master Yi/Zoe (IO/MT),Darius/Gnar (FR/NX),1,4,0.25
Hecarim/Zed (IO/SI),Braum/Zoe (FR/MT),1,4,0.25
Katarina/Yasuo (IO/NX),Championless (PZ/SI),1,4,0.25
Annie/Jhin (RU/NX),Braum/Udyr (DE/FR),1,4,0.25
Sejuani/Teemo (BC/FR),Ashe/LeBlanc (FR/NX),1,4,0.25
Gwen/Vayne (DE/SI),Caitlyn/Teemo (BC/PZ),1,4,0.25
Kai'Sa/Sivir (DE/SH),Ashe/LeBlanc (FR/NX),1,4,0.25
Ashe/LeBlanc (FR/NX),Jhin/Kennen (IO/RU),1,4,0.25
Ashe/Janna (FR/PZ),Darius/Gnar (FR/NX),1,4,0.25
Garen (DE),Ashe/LeBlanc (FR/NX),1,4,0.25
Braum/Zoe (FR/MT),Neeko (FR/RU),1,4,0.25
Sejuani/Teemo (FR/PZ),Braum/Zoe (FR/MT),1,4,0.25
Garen/Lux: Illuminated (DE/MT),Braum/Zoe (FR/MT),1,4,0.25
Braum/Zoe (FR/MT),Swain/Twisted Fate (BW/NX),1,4,0.25
Janna (FR/PZ),Championless (SI),1,4,0.25
Ashe (FR/PZ),Swain/Twisted Fate (BW/NX),1,4,0.25
Katarina/Yasuo (IO/NX),Annie/Jhin (RU/NX),1,4,0.25
Master Yi/Udyr (FR/IO),Ashe (FR/PZ),1,4,0.25
Championless (NX/SI),Championless (SI),1,4,0.25
Seraphine/Twisted Fate (BW/PZ),Braum/Zoe (FR/MT),1,4,0.25
Ezreal/Gwen/Teemo (PZ/SI),Championless (SI),1,4,0.25
Braum/Garen (DE/FR),Braum/Zoe (FR/MT),1,4,0.25
Championless (SI),Championless (BW/MT),1,4,0.25
Caitlyn/Teemo (FR/PZ),Championless (SI),1,4,0.25
Katarina/Yasuo (IO/NX),Ashe (FR/PZ),1,4,0.25
Ezreal/Seraphine (PZ/SI),Akshan/Master Yi (IO/SH),1,4,0.25
LeBlanc/Sivir (NX/SH),Janna/Twisted Fate (BW/PZ),1,4,0.25
Caitlyn (FR/PZ),Braum/Zoe (FR/MT),1,4,0.25
Janna (PZ/SI),Championless (MT/SI),1,4,0.25
Janna (PZ/SI),Shen/Sivir (IO/SH),1,4,0.25
Shen/Sivir (IO/SH),Ashe (FR/PZ),1,4,0.25
Darius/Gnar (FR/NX),Pantheon/Udyr (FR/MT),1,4,0.25
Nidalee (BC/SH),Katarina/Yasuo (IO/NX),1,4,0.25
Leona/Yasuo (IO/MT),Janna/Master Yi (IO/PZ),1,4,0.25
Caitlyn (NX/PZ),Ashe/LeBlanc (FR/NX),1,4,0.25
Bard/Caitlyn/Teemo (RU/PZ),Championless (SI),1,4,0.25
Kalista/Nocturne/Zoe (MT/SI),Ashe/LeBlanc (FR/NX),1,4,0.25
Udyr/Zed (FR/IO),Nilah/Twisted Fate (BW/PZ),1,4,0.25
Caitlyn/Swain (NX/PZ),Garen/Udyr (DE/FR),1,4,0.25
Ezreal/Seraphine (PZ/SI),Janna/Master Yi (IO/PZ),1,4,0.25
Ezreal/Seraphine (PZ),Ashe/LeBlanc (FR/NX),1,4,0.25
Caitlyn/Katarina (NX/PZ),Darius/Gnar (FR/NX),1,4,0.25
Fiora/Vayne (DE/IO),Caitlyn (NX/PZ),1,4,0.25
Akshan/Ekko (PZ/SH),Ashe/Caitlyn (FR/PZ),1,4,0.25
Gwen (NX/SI),Championless (SI),3,4,0.75
Championless (MT/SI),Gnar/Nidalee (BC/SH),3,4,0.75
Diana/Nami (BW/MT),Championless (SI),3,4,0.75
Ashe/LeBlanc (FR/NX),Diana/Nami (BW/MT),3,4,0.75
Kalista/Nocturne (SI),Championless (SI),3,4,0.75
Darius/Gnar (FR/NX),Nilah/Twisted Fate (BW/PZ),3,4,0.75
Championless (PZ/SI),Fiora/Shen (DE/IO),3,4,0.75
Championless (SI),Akshan/Samira (NX/SH),3,4,0.75
Fiora/Shen (DE/IO),Nidalee (BC/SH),3,4,0.75
Fizz/Nami (BW/MT),Janna (PZ/SI),3,4,0.75
Kalista (SI),Annie/Jhin (RU/NX),3,4,0.75
Akshan/Pantheon (MT/SH),Fizz/Nami (BW/MT),3,4,0.75
Championless (SI),Sejuani/Teemo (BC/FR),3,4,0.75
Gwen/Vayne (DE/SI),Annie/Jhin (RU/NX),3,4,0.75
Garen/Udyr (DE/FR),Aphelios/Zoe (IO/MT),3,4,0.75
Katarina/Yasuo (IO/NX),Leona/Yasuo (IO/MT),3,4,0.75
Ezreal/Seraphine (PZ/SI),Darius/Gnar (FR/NX),3,4,0.75
Janna (PZ/SI),Leona/Yasuo (IO/MT),3,4,0.75
Nilah/Twisted Fate (BW/PZ),Gwen/Katarina (NX/SI),3,4,0.75
Ashe/LeBlanc (FR/NX),Gnar/Neeko (FR/RU),3,4,0.75
Akshan/Master Yi (IO/SH),Janna/Twisted Fate (BW/PZ),3,4,0.75
Ashe/LeBlanc (FR/NX),Akshan/Sivir (DE/SH),3,4,0.75
Ashe/Sejuani (FR/SI),Akshan/Sivir (DE/SH),3,4,0.75
Caitlyn/Draven (NX/PZ),Akshan/Samira (NX/SH),3,4,0.75
Caitlyn/Draven (NX/PZ),Norra (BC/IO),3,4,0.75
Ashe (FR/PZ),Ashe (FR/SI),3,4,0.75
Championless (PZ/SI),Swain/Twisted Fate (BW/NX),3,4,0.75
Annie/Jhin (RU/NX),Gwen/Kalista (NX/SI),3,4,0.75
Sejuani/Swain (FR/NX),Championless (PZ/SI),3,4,0.75
Braum/Udyr (DE/FR),Ashe/LeBlanc (FR/NX),3,4,0.75
Katarina/Yasuo (IO/NX),Shen/Sivir (IO/SH),3,4,0.75
Championless (SI),Evelynn/Kai'Sa (RU/SH),3,4,0.75
Ashe/LeBlanc (FR/NX),Braum/Udyr (FR/MT),3,4,0.75
Janna/Nilah (BW/PZ),Championless (PZ/SI),3,4,0.75
Ashe/LeBlanc (FR/NX),Janna/Zoe (MT/PZ),3,4,0.75
Ashe/LeBlanc (FR/NX),Garen/Neeko (DE/RU),3,4,0.75
Caitlyn/Swain (NX/PZ),Akshan/Master Yi (IO/SH),3,4,0.75
Janna/Twisted Fate (BW/PZ),Annie/Jhin (RU/NX),3,4,0.75
Annie/Jhin (RU/NX),Darius/Gwen (NX/SI),3,4,0.75
Ashe/LeBlanc (FR/NX),Darius (FR/NX),3,4,0.75
Swain/Twisted Fate (BW/NX),Ashe/LeBlanc (FR/NX),3,4,0.75
Swain/Yasuo (IO/NX),Leona/Yasuo (IO/MT),3,4,0.75
Janna/Master Yi (IO/PZ),Championless (PZ/SI),3,4,0.75
Darius/Gnar (FR/NX),Master Yi/Zoe (IO/MT),3,4,0.75
Braum/Zoe (FR/MT),Hecarim/Zed (IO/SI),3,4,0.75
Championless (PZ/SI),Katarina/Yasuo (IO/NX),3,4,0.75
Braum/Udyr (DE/FR),Annie/Jhin (RU/NX),3,4,0.75
Ashe/LeBlanc (FR/NX),Sejuani/Teemo (BC/FR),3,4,0.75
Caitlyn/Teemo (BC/PZ),Gwen/Vayne (DE/SI),3,4,0.75
Ashe/LeBlanc (FR/NX),Kai'Sa/Sivir (DE/SH),3,4,0.75
Jhin/Kennen (IO/RU),Ashe/LeBlanc (FR/NX),3,4,0.75
Darius/Gnar (FR/NX),Ashe/Janna (FR/PZ),3,4,0.75
Ashe/LeBlanc (FR/NX),Garen (DE),3,4,0.75
Neeko (FR/RU),Braum/Zoe (FR/MT),3,4,0.75
Braum/Zoe (FR/MT),Sejuani/Teemo (FR/PZ),3,4,0.75
Braum/Zoe (FR/MT),Garen/Lux: Illuminated (DE/MT),3,4,0.75
Swain/Twisted Fate (BW/NX),Braum/Zoe (FR/MT),3,4,0.75
Championless (SI),Janna (FR/PZ),3,4,0.75
Swain/Twisted Fate (BW/NX),Ashe (FR/PZ),3,4,0.75
Annie/Jhin (RU/NX),Katarina/Yasuo (IO/NX),3,4,0.75
Ashe (FR/PZ),Master Yi/Udyr (FR/IO),3,4,0.75
Championless (SI),Championless (NX/SI),3,4,0.75
Braum/Zoe (FR/MT),Seraphine/Twisted Fate (BW/PZ),3,4,0.75
Championless (SI),Ezreal/Gwen/Teemo (PZ/SI),3,4,0.75
Braum/Zoe (FR/MT),Braum/Garen (DE/FR),3,4,0.75
Championless (BW/MT),Championless (SI),3,4,0.75
Championless (SI),Caitlyn/Teemo (FR/PZ),3,4,0.75
Ashe (FR/PZ),Katarina/Yasuo (IO/NX),3,4,0.75
Akshan/Master Yi (IO/SH),Ezreal/Seraphine (PZ/SI),3,4,0.75
Janna/Twisted Fate (BW/PZ),LeBlanc/Sivir (NX/SH),3,4,0.75
Braum/Zoe (FR/MT),Caitlyn (FR/PZ),3,4,0.75
Championless (MT/SI),Janna (PZ/SI),3,4,0.75
Shen/Sivir (IO/SH),Janna (PZ/SI),3,4,0.75
Ashe (FR/PZ),Shen/Sivir (IO/SH),3,4,0.75
Pantheon/Udyr (FR/MT),Darius/Gnar (FR/NX),3,4,0.75
Katarina/Yasuo (IO/NX),Nidalee (BC/SH),3,4,0.75
Janna/Master Yi (IO/PZ),Leona/Yasuo (IO/MT),3,4,0.75
Ashe/LeBlanc (FR/NX),Caitlyn (NX/PZ),3,4,0.75
Championless (SI),Bard/Caitlyn/Teemo (RU/PZ),3,4,0.75
Ashe/LeBlanc (FR/NX),Kalista/Nocturne/Zoe (MT/SI),3,4,0.75
Nilah/Twisted Fate (BW/PZ),Udyr/Zed (FR/IO),3,4,0.75
Garen/Udyr (DE/FR),Caitlyn/Swain (NX/PZ),3,4,0.75
Janna/Master Yi (IO/PZ),Ezreal/Seraphine (PZ/SI),3,4,0.75
Ashe/LeBlanc (FR/NX),Ezreal/Seraphine (PZ),3,4,0.75
Darius/Gnar (FR/NX),Caitlyn/Katarina (NX/PZ),3,4,0.75
Caitlyn (NX/PZ),Fiora/Vayne (DE/IO),3,4,0.75
Ashe/Caitlyn (FR/PZ),Akshan/Ekko (PZ/SH),3,4,0.75
Fiora/Udyr (DE/FR),Ashe/LeBlanc (FR/NX),1,5,0.2
Nilah/Twisted Fate (BW/PZ),Kai'Sa/Sivir (DE/SH),1,5,0.2
Norra/Zoe (BC/MT),Ashe/LeBlanc (FR/NX),1,5,0.2
Akshan/Sivir (MT/SH),Ashe/LeBlanc (FR/NX),1,5,0.2
Ezreal (PZ/SI),Ashe/LeBlanc (FR/NX),1,5,0.2
Akshan/Pantheon (MT/SH),Annie/Jhin (RU/NX),1,5,0.2
Norra/Teemo (BC/PZ),Championless (SI),1,5,0.2
Garen/Udyr (DE/FR),Janna (PZ/SI),1,5,0.2
Leona/Yasuo (IO/MT),Ezreal/Seraphine (PZ/SI),1,5,0.2
Sejuani/Swain (FR/NX),Darius/Gnar (FR/NX),1,5,0.2
Garen/Udyr (DE/FR),Akshan/Sivir (DE/SH),1,5,0.2
Tristana (BC/DE),Ashe/LeBlanc (FR/NX),1,5,0.2
Caitlyn/Teemo (BC/PZ),Master Yi/Udyr (FR/IO),1,5,0.2
Norra/Swain (BC/NX),Championless (SI),1,5,0.2
Darius/Gwen (NX/SI),Akshan/Master Yi (IO/SH),1,5,0.2
Swain/Yasuo (IO/NX),Annie/Jhin (RU/NX),1,5,0.2
Janna (IO/PZ),Nidalee (BC/SH),1,5,0.2
Leona/Yasuo (IO/MT),Janna/Twisted Fate (BW/PZ),1,5,0.2
Swain/Yasuo (IO/NX),Gnar/Nidalee (BC/SH),1,5,0.2
Braum/Janna (FR/PZ),Ashe/LeBlanc (FR/NX),1,5,0.2
Ashe/LeBlanc (FR/NX),Ashe/Janna (FR/PZ),1,5,0.2
Janna (IO/PZ),Ashe/LeBlanc (FR/NX),1,5,0.2
Championless (PZ/SI),Janna (FR/PZ),1,5,0.2
Ashe/LeBlanc (FR/NX),Master Yi/Zoe (IO/MT),1,5,0.2
Nilah/Twisted Fate (BW/PZ),Master Yi/Udyr (FR/IO),1,5,0.2
Shen/Sivir (IO/SH),Championless (SI),1,5,0.2
Udyr/Zoe (FR/MT),Championless (SI),1,5,0.2
Diana/Nocturne (MT/SI),Ashe/LeBlanc (FR/NX),1,5,0.2
Ashe/LeBlanc (FR/NX),Ezreal/Gwen/Teemo (PZ/SI),1,5,0.2
Championless (FR/IO),Ashe/LeBlanc (FR/NX),1,5,0.2
Braum (FR/MT),Leona/Yasuo (IO/MT),1,5,0.2
Ashe/LeBlanc (FR/NX),Fiora/Udyr (DE/FR),4,5,0.8
Kai'Sa/Sivir (DE/SH),Nilah/Twisted Fate (BW/PZ),4,5,0.8
Ashe/LeBlanc (FR/NX),Norra/Zoe (BC/MT),4,5,0.8
Ashe/LeBlanc (FR/NX),Akshan/Sivir (MT/SH),4,5,0.8
Ashe/LeBlanc (FR/NX),Ezreal (PZ/SI),4,5,0.8
Annie/Jhin (RU/NX),Akshan/Pantheon (MT/SH),4,5,0.8
Championless (SI),Norra/Teemo (BC/PZ),4,5,0.8
Janna (PZ/SI),Garen/Udyr (DE/FR),4,5,0.8
Ezreal/Seraphine (PZ/SI),Leona/Yasuo (IO/MT),4,5,0.8
Darius/Gnar (FR/NX),Sejuani/Swain (FR/NX),4,5,0.8
Akshan/Sivir (DE/SH),Garen/Udyr (DE/FR),4,5,0.8
Ashe/LeBlanc (FR/NX),Tristana (BC/DE),4,5,0.8
Master Yi/Udyr (FR/IO),Caitlyn/Teemo (BC/PZ),4,5,0.8
Championless (SI),Norra/Swain (BC/NX),4,5,0.8
Akshan/Master Yi (IO/SH),Darius/Gwen (NX/SI),4,5,0.8
Annie/Jhin (RU/NX),Swain/Yasuo (IO/NX),4,5,0.8
Nidalee (BC/SH),Janna (IO/PZ),4,5,0.8
Janna/Twisted Fate (BW/PZ),Leona/Yasuo (IO/MT),4,5,0.8
Gnar/Nidalee (BC/SH),Swain/Yasuo (IO/NX),4,5,0.8
Ashe/LeBlanc (FR/NX),Braum/Janna (FR/PZ),4,5,0.8
Ashe/Janna (FR/PZ),Ashe/LeBlanc (FR/NX),4,5,0.8
Ashe/LeBlanc (FR/NX),Janna (IO/PZ),4,5,0.8
Janna (FR/PZ),Championless (PZ/SI),4,5,0.8
Master Yi/Zoe (IO/MT),Ashe/LeBlanc (FR/NX),4,5,0.8
Master Yi/Udyr (FR/IO),Nilah/Twisted Fate (BW/PZ),4,5,0.8
Championless (SI),Shen/Sivir (IO/SH),4,5,0.8
Championless (SI),Udyr/Zoe (FR/MT),4,5,0.8
Ashe/LeBlanc (FR/NX),Diana/Nocturne (MT/SI),4,5,0.8
Ezreal/Gwen/Teemo (PZ/SI),Ashe/LeBlanc (FR/NX),4,5,0.8
Ashe/LeBlanc (FR/NX),Championless (FR/IO),4,5,0.8
Leona/Yasuo (IO/MT),Braum (FR/MT),4,5,0.8
Kalista (SI),Darius/Gnar (FR/NX),7,12,0.583333333333333
Championless (SI),Gnar/Nidalee (BC/SH),7,12,0.583333333333333
Championless (SI),Akshan/Pantheon (MT/SH),7,12,0.583333333333333
Katarina/Yasuo (IO/NX),Darius/Gnar (FR/NX),7,12,0.583333333333333
Darius/Gnar (FR/NX),Kalista (SI),5,12,0.416666666666667
Gnar/Nidalee (BC/SH),Championless (SI),5,12,0.416666666666667
Akshan/Pantheon (MT/SH),Championless (SI),5,12,0.416666666666667
Darius/Gnar (FR/NX),Katarina/Yasuo (IO/NX),5,12,0.416666666666667
Darius/Gnar (FR/NX),Darius/Gnar (FR/NX),15,30,0.5
Leona/Yasuo (IO/MT),Darius/Gnar (FR/NX),5,7,0.714285714285714
Gnar/Nidalee (BC/SH),Garen/Udyr (DE/FR),5,7,0.714285714285714
Championless (SI),Garen/Udyr (DE/FR),5,7,0.714285714285714
Caitlyn/Teemo (BC/PZ),Championless (PZ/SI),5,7,0.714285714285714
Ashe/LeBlanc (FR/NX),Lux: Illuminated/Shen (DE/IO),5,7,0.714285714285714
Janna/Master Yi (IO/PZ),Ashe (FR/PZ),5,7,0.714285714285714
Ashe/LeBlanc (FR/NX),Akshan/Fiora (DE/SH),5,7,0.714285714285714
Nilah/Twisted Fate (BW/PZ),Sejuani/Swain (FR/NX),5,7,0.714285714285714
Akshan/Fiora (DE/SH),Nilah/Twisted Fate (BW/PZ),5,7,0.714285714285714
Ashe/LeBlanc (FR/NX),Akshan/Samira (NX/SH),5,7,0.714285714285714
Teemo/Twisted Fate (BW/PZ),Ashe/LeBlanc (FR/NX),5,7,0.714285714285714
Nidalee (BC/SH),Janna (PZ/SI),5,7,0.714285714285714
Darius/Gnar (FR/NX),Leona/Yasuo (IO/MT),2,7,0.285714285714286
Garen/Udyr (DE/FR),Gnar/Nidalee (BC/SH),2,7,0.285714285714286
Garen/Udyr (DE/FR),Championless (SI),2,7,0.285714285714286
Championless (PZ/SI),Caitlyn/Teemo (BC/PZ),2,7,0.285714285714286
Lux: Illuminated/Shen (DE/IO),Ashe/LeBlanc (FR/NX),2,7,0.285714285714286
Ashe (FR/PZ),Janna/Master Yi (IO/PZ),2,7,0.285714285714286
Akshan/Fiora (DE/SH),Ashe/LeBlanc (FR/NX),2,7,0.285714285714286
Sejuani/Swain (FR/NX),Nilah/Twisted Fate (BW/PZ),2,7,0.285714285714286
Nilah/Twisted Fate (BW/PZ),Akshan/Fiora (DE/SH),2,7,0.285714285714286
Akshan/Samira (NX/SH),Ashe/LeBlanc (FR/NX),2,7,0.285714285714286
Ashe/LeBlanc (FR/NX),Teemo/Twisted Fate (BW/PZ),2,7,0.285714285714286
Janna (PZ/SI),Nidalee (BC/SH),2,7,0.285714285714286
Ashe/LeBlanc (FR/NX),Kalista (SI),21,44,0.477272727272727
Kalista (SI),Ashe/LeBlanc (FR/NX),23,44,0.522727272727273
Gnar/Neeko (FR/RU),Ashe (FR/PZ),2,10,0.2
Ezreal/Seraphine (PZ/SI),Janna (PZ/SI),2,10,0.2
Gwen/Katarina (NX/SI),Ashe/LeBlanc (FR/NX),2,10,0.2
Akshan/Samira (NX/SH),Braum/Zoe (FR/MT),2,10,0.2
Leona/Yasuo (IO/MT),Ashe (FR/PZ),2,10,0.2
Ashe/LeBlanc (FR/NX),Lulu/Shen (DE/IO),2,10,0.2
Ashe (FR/PZ),Gnar/Neeko (FR/RU),8,10,0.8
Janna (PZ/SI),Ezreal/Seraphine (PZ/SI),8,10,0.8
Ashe/LeBlanc (FR/NX),Gwen/Katarina (NX/SI),8,10,0.8
Braum/Zoe (FR/MT),Akshan/Samira (NX/SH),8,10,0.8
Ashe (FR/PZ),Leona/Yasuo (IO/MT),8,10,0.8
Lulu/Shen (DE/IO),Ashe/LeBlanc (FR/NX),8,10,0.8
Gnar/Nidalee (BC/SH),Braum/Zoe (FR/MT),3,8,0.375
Sejuani/Teemo (FR/PZ),Ashe/LeBlanc (FR/NX),3,8,0.375
Championless (MT/SI),Ashe (FR/PZ),3,8,0.375
Annie/Jhin (RU/NX),Championless (PZ/SI),3,8,0.375
Nilah/Twisted Fate (BW/PZ),Caitlyn/Teemo (BC/PZ),3,8,0.375
Akshan/Udyr (FR/SH),Ashe (FR/PZ),3,8,0.375
Braum/Udyr (DE/FR),Darius/Gnar (FR/NX),3,8,0.375
Teemo/Twisted Fate (BW/PZ),Braum/Zoe (FR/MT),3,8,0.375
Braum/Zoe (FR/MT),Gnar/Nidalee (BC/SH),5,8,0.625
Ashe/LeBlanc (FR/NX),Sejuani/Teemo (FR/PZ),5,8,0.625
Ashe (FR/PZ),Championless (MT/SI),5,8,0.625
Championless (PZ/SI),Annie/Jhin (RU/NX),5,8,0.625
Caitlyn/Teemo (BC/PZ),Nilah/Twisted Fate (BW/PZ),5,8,0.625
Ashe (FR/PZ),Akshan/Udyr (FR/SH),5,8,0.625
Darius/Gnar (FR/NX),Braum/Udyr (DE/FR),5,8,0.625
Braum/Zoe (FR/MT),Teemo/Twisted Fate (BW/PZ),5,8,0.625
Ashe/LeBlanc (FR/NX),Annie/Jhin (RU/NX),25,41,0.609756097560976
Annie/Jhin (RU/NX),Ashe/LeBlanc (FR/NX),16,41,0.390243902439024
Championless (SI),Ashe (FR/PZ),35,54,0.648148148148148
Ashe (FR/PZ),Championless (SI),19,54,0.351851851851852
Nilah/Twisted Fate (BW/PZ),Nilah/Twisted Fate (BW/PZ),18,36,0.5
Nilah/Twisted Fate (BW/PZ),Leona/Yasuo (IO/MT),8,12,0.666666666666667
Championless (SI),Championless (MT/SI),8,12,0.666666666666667
Leona/Yasuo (IO/MT),Nilah/Twisted Fate (BW/PZ),4,12,0.333333333333333
Championless (MT/SI),Championless (SI),4,12,0.333333333333333
Braum/Zoe (FR/MT),Nilah/Twisted Fate (BW/PZ),36,58,0.620689655172414
Nilah/Twisted Fate (BW/PZ),Braum/Zoe (FR/MT),22,58,0.379310344827586
Kai'Sa/Pantheon (MT/SH),Championless (SI),3,7,0.428571428571429
Fiora/Udyr (DE/FR),Championless (SI),3,7,0.428571428571429
Annie/Jhin (RU/NX),Leona/Yasuo (IO/MT),3,7,0.428571428571429
Ashe/LeBlanc (FR/NX),Garen (DE/SH),3,7,0.428571428571429
Championless (SI),Lulu/Zed (DE/IO),3,7,0.428571428571429
Fiora/Udyr (DE/FR),Braum/Zoe (FR/MT),3,7,0.428571428571429
Aphelios/Zoe (IO/MT),Championless (SI),3,7,0.428571428571429
Swain/Yasuo (IO/NX),Championless (SI),3,7,0.428571428571429
Caitlyn/Swain (NX/PZ),Kalista (SI),3,7,0.428571428571429
Gwen/Kalista (NX/SI),Ashe (FR/PZ),3,7,0.428571428571429
Akshan/Udyr (FR/SH),Braum/Zoe (FR/MT),3,7,0.428571428571429
Ashe (FR/PZ),Sejuani/Swain (FR/NX),3,7,0.428571428571429
Ashe/LeBlanc (FR/NX),Janna (FR/PZ),3,7,0.428571428571429
Ashe/LeBlanc (FR/NX),Gwen/LeBlanc (NX/SI),3,7,0.428571428571429
Braum (FR/MT),Championless (SI),3,7,0.428571428571429
Braum (FR/NX),Ashe/LeBlanc (FR/NX),3,7,0.428571428571429
Championless (SI),Kai'Sa/Pantheon (MT/SH),4,7,0.571428571428571
Championless (SI),Fiora/Udyr (DE/FR),4,7,0.571428571428571
Leona/Yasuo (IO/MT),Annie/Jhin (RU/NX),4,7,0.571428571428571
Garen (DE/SH),Ashe/LeBlanc (FR/NX),4,7,0.571428571428571
Lulu/Zed (DE/IO),Championless (SI),4,7,0.571428571428571
Braum/Zoe (FR/MT),Fiora/Udyr (DE/FR),4,7,0.571428571428571
Championless (SI),Aphelios/Zoe (IO/MT),4,7,0.571428571428571
Championless (SI),Swain/Yasuo (IO/NX),4,7,0.571428571428571
Kalista (SI),Caitlyn/Swain (NX/PZ),4,7,0.571428571428571
Ashe (FR/PZ),Gwen/Kalista (NX/SI),4,7,0.571428571428571
Braum/Zoe (FR/MT),Akshan/Udyr (FR/SH),4,7,0.571428571428571
Sejuani/Swain (FR/NX),Ashe (FR/PZ),4,7,0.571428571428571
Janna (FR/PZ),Ashe/LeBlanc (FR/NX),4,7,0.571428571428571
Gwen/LeBlanc (NX/SI),Ashe/LeBlanc (FR/NX),4,7,0.571428571428571
Championless (SI),Braum (FR/MT),4,7,0.571428571428571
Ashe/LeBlanc (FR/NX),Braum (FR/NX),4,7,0.571428571428571
Ashe (FR/PZ),Nidalee (BC/SH),6,16,0.375
Ashe/LeBlanc (FR/NX),Garen/Udyr (DE/FR),6,16,0.375
Nidalee (BC/SH),Ashe (FR/PZ),10,16,0.625
Garen/Udyr (DE/FR),Ashe/LeBlanc (FR/NX),10,16,0.625
Ashe (FR/PZ),Janna (PZ/SI),3,10,0.3
Gwen/Vayne (DE/SI),Nilah/Twisted Fate (BW/PZ),3,10,0.3
Nilah/Twisted Fate (BW/PZ),Caitlyn/Swain (NX/PZ),3,10,0.3
Ashe (FR/PZ),Kalista (SI),3,10,0.3
Braum/Zoe (FR/MT),Lulu/Shen (DE/IO),3,10,0.3
Master Yi/Udyr (FR/IO),Ashe/LeBlanc (FR/NX),3,10,0.3
Janna/Twisted Fate (BW/PZ),Championless (SI),3,10,0.3
Lulu/Shen (DE/IO),Ashe (FR/PZ),3,10,0.3
Janna (PZ/SI),Ashe (FR/PZ),7,10,0.7
Nilah/Twisted Fate (BW/PZ),Gwen/Vayne (DE/SI),7,10,0.7
Caitlyn/Swain (NX/PZ),Nilah/Twisted Fate (BW/PZ),7,10,0.7
Kalista (SI),Ashe (FR/PZ),7,10,0.7
Lulu/Shen (DE/IO),Braum/Zoe (FR/MT),7,10,0.7
Ashe/LeBlanc (FR/NX),Master Yi/Udyr (FR/IO),7,10,0.7
Championless (SI),Janna/Twisted Fate (BW/PZ),7,10,0.7
Ashe (FR/PZ),Lulu/Shen (DE/IO),7,10,0.7
Nilah/Twisted Fate (BW/PZ),Championless (SI),23,37,0.621621621621622
Championless (SI),Nilah/Twisted Fate (BW/PZ),14,37,0.378378378378378
Akshan/Pantheon (MT/SH),Ashe/LeBlanc (FR/NX),5,14,0.357142857142857
Caitlyn/Swain (NX/PZ),Braum/Zoe (FR/MT),5,14,0.357142857142857
Gnar/Nidalee (BC/SH),Nilah/Twisted Fate (BW/PZ),5,14,0.357142857142857
Janna/Master Yi (IO/PZ),Championless (SI),5,14,0.357142857142857
Ashe/LeBlanc (FR/NX),Akshan/Pantheon (MT/SH),9,14,0.642857142857143
Braum/Zoe (FR/MT),Caitlyn/Swain (NX/PZ),9,14,0.642857142857143
Nilah/Twisted Fate (BW/PZ),Gnar/Nidalee (BC/SH),9,14,0.642857142857143
Championless (SI),Janna/Master Yi (IO/PZ),9,14,0.642857142857143
Akshan/Fiora (DE/SH),Championless (SI),8,11,0.727272727272727
Championless (SI),Akshan/Fiora (DE/SH),3,11,0.272727272727273
Ezreal/Nilah (BW/PZ),Ashe/LeBlanc (FR/NX),2,8,0.25
LeBlanc (FR/NX),Nilah/Twisted Fate (BW/PZ),2,8,0.25
Swain/Twisted Fate (BW/NX),Championless (SI),2,8,0.25
Janna (PZ/SI),Championless (SI),2,8,0.25
Janna/Nilah (BW/PZ),Braum/Zoe (FR/MT),2,8,0.25
Ashe/LeBlanc (FR/NX),Ashe/Sejuani (FR/SI),2,8,0.25
Caitlyn/Swain (NX/PZ),Championless (PZ/SI),2,8,0.25
Janna/Twisted Fate (BW/PZ),Braum/Zoe (FR/MT),2,8,0.25
LeBlanc/Sivir (NX/SH),Nilah/Twisted Fate (BW/PZ),2,8,0.25
Gwen/LeBlanc (NX/SI),Championless (SI),2,8,0.25
Championless (BW/MT),Braum/Zoe (FR/MT),2,8,0.25
Ashe/LeBlanc (FR/NX),Ezreal/Nilah (BW/PZ),6,8,0.75
Nilah/Twisted Fate (BW/PZ),LeBlanc (FR/NX),6,8,0.75
Championless (SI),Swain/Twisted Fate (BW/NX),6,8,0.75
Championless (SI),Janna (PZ/SI),6,8,0.75
Braum/Zoe (FR/MT),Janna/Nilah (BW/PZ),6,8,0.75
Ashe/Sejuani (FR/SI),Ashe/LeBlanc (FR/NX),6,8,0.75
Championless (PZ/SI),Caitlyn/Swain (NX/PZ),6,8,0.75
Braum/Zoe (FR/MT),Janna/Twisted Fate (BW/PZ),6,8,0.75
Nilah/Twisted Fate (BW/PZ),LeBlanc/Sivir (NX/SH),6,8,0.75
Championless (SI),Gwen/LeBlanc (NX/SI),6,8,0.75
Braum/Zoe (FR/MT),Championless (BW/MT),6,8,0.75
Ashe/LeBlanc (FR/NX),Caitlyn/Teemo (BC/PZ),10,21,0.476190476190476
Braum/Zoe (FR/MT),Darius/Gnar (FR/NX),10,21,0.476190476190476
Championless (SI),Ezreal/Seraphine (PZ/SI),10,21,0.476190476190476
Caitlyn/Teemo (BC/PZ),Ashe/LeBlanc (FR/NX),11,21,0.523809523809524
Darius/Gnar (FR/NX),Braum/Zoe (FR/MT),11,21,0.523809523809524
Ezreal/Seraphine (PZ/SI),Championless (SI),11,21,0.523809523809524
Leona/Yasuo (IO/MT),Ashe/LeBlanc (FR/NX),5,21,0.238095238095238
Ezreal/Seraphine (PZ/SI),Nilah/Twisted Fate (BW/PZ),5,21,0.238095238095238
Ashe/LeBlanc (FR/NX),Leona/Yasuo (IO/MT),16,21,0.761904761904762
Nilah/Twisted Fate (BW/PZ),Ezreal/Seraphine (PZ/SI),16,21,0.761904761904762
Ashe (FR/PZ),Ashe/LeBlanc (FR/NX),53,94,0.563829787234043
Ashe/LeBlanc (FR/NX),Ashe (FR/PZ),41,94,0.436170212765957
Ashe/LeBlanc (FR/NX),Darius/Gnar (FR/NX),31,51,0.607843137254902
Darius/Gnar (FR/NX),Ashe/LeBlanc (FR/NX),20,51,0.392156862745098
Darius/Gnar (FR/NX),Ashe (FR/PZ),9,16,0.5625
LeBlanc/Sivir (NX/SH),Championless (SI),9,16,0.5625
Ashe (FR/PZ),Darius/Gnar (FR/NX),7,16,0.4375
Championless (SI),LeBlanc/Sivir (NX/SH),7,16,0.4375
Kalista (SI),Braum/Zoe (FR/MT),19,24,0.791666666666667
Nilah/Twisted Fate (BW/PZ),Annie/Jhin (RU/NX),19,24,0.791666666666667
Braum/Zoe (FR/MT),Kalista (SI),5,24,0.208333333333333
Annie/Jhin (RU/NX),Nilah/Twisted Fate (BW/PZ),5,24,0.208333333333333
Championless (SI),Kalista (SI),11,26,0.423076923076923
Kalista (SI),Championless (SI),15,26,0.576923076923077
Janna (PZ/SI),Braum (FR/MT),0,3,0
Gnar/Samira (BC/NX),Ezreal/Seraphine (NX/PZ),0,3,0
Norra/Teemo (BC/PZ),Nilah/Twisted Fate (BW/PZ),0,3,0
Miss Fortune/Swain (BW/NX),Championless (SI),0,3,0
Fiora/Shen (DE/IO),Darius/Gnar (FR/NX),0,3,0
Kai'Sa/Pantheon (MT/SH),Swain/Twisted Fate (BW/NX),0,3,0
Kai'Sa/Pantheon (MT/SH),Annie/LeBlanc (NX/PZ),0,3,0
Kai'Sa/Pantheon (MT/SH),LeBlanc (FR/NX),0,3,0
Ezreal/Janna (IO/PZ),LeBlanc (FR/NX),0,3,0
Ezreal/Seraphine (BC/PZ),Annie/Jhin (RU/NX),0,3,0
Kai'Sa/Pantheon (MT/SH),Garen/Udyr (DE/FR),0,3,0
Yasuo (IO/MT),Championless (FR/IO),0,3,0
Janna (PZ/SI),Kalista (SI),0,3,0
Norra/Teemo (BC/PZ),Ashe/Sejuani (FR/SI),0,3,0
Ashe/Sejuani (FR/SI),Fiora/Shen (DE/IO),0,3,0
Ezreal/Seraphine (PZ/SI),Gwen/Vayne (DE/SI),0,3,0
Ashe/Sejuani (FR/SI),Nilah/Twisted Fate (BW/PZ),0,3,0
Gwen/Vayne (DE/SI),Master Yi/Udyr (FR/IO),0,3,0
Fizz/Nami (BW/MT),Jhin/Swain (RU/NX),0,3,0
Gwen/Vayne (DE/SI),Udyr (BW/FR),0,3,0
Miss Fortune/Twisted Fate (BW/NX),Championless (SI),0,3,0
Kalista/Nocturne (SI),Katarina/Yasuo (IO/NX),0,3,0
Akshan/Pantheon (MT/SH),Katarina/Yasuo (IO/NX),0,3,0
Norra/Teemo (BC/PZ),Katarina/Yasuo (IO/NX),0,3,0
Championless (BW/MT),Akshan/Sivir (DE/SH),0,3,0
Garen (DE/FR),Championless (SI),0,3,0
Braum/Udyr (FR/MT),Championless (SI),0,3,0
Nilah/Twisted Fate (BW/PZ),Janna/Nilah (BW/PZ),0,3,0
Aphelios/Zoe (BC/MT),Ashe/LeBlanc (FR/NX),0,3,0
Janna/Twisted Fate (BW/PZ),Akshan/Sivir (DE/SH),0,3,0
Janna/Twisted Fate (BW/PZ),Darius/Gwen (NX/SI),0,3,0
Caitlyn/Teemo (BC/PZ),Akshan/Samira (NX/SH),0,3,0
Garen (DE),Braum/Zoe (FR/MT),0,3,0
Ezreal/Seraphine (IO/PZ),Nilah/Twisted Fate (BW/PZ),0,3,0
Caitlyn/Katarina (NX/PZ),Championless (SI),0,3,0
Gwen (NX/SI),Kalista (SI),0,3,0
Ashe/LeBlanc (FR/NX),Draven/LeBlanc (FR/NX),0,3,0
Yasuo (IO/PZ),Ashe (FR/PZ),0,3,0
Caitlyn/Teemo (BC/PZ),Caitlyn/Swain (NX/PZ),0,3,0
Caitlyn/Norra/Teemo (BC/PZ),Championless (SI),0,3,0
Tristana (BC/DE),Akshan/Master Yi (IO/SH),0,3,0
Akshan/Udyr (FR/SH),Hecarim/Kalista (SI),0,3,0
Draven/Jinx (NX/PZ),Kalista (SI),0,3,0
Darius/Yasuo (IO/NX),Caitlyn/Teemo (BC/PZ),0,3,0
Darius/Yasuo (IO/NX),Nilah/Twisted Fate (BW/PZ),0,3,0
Akshan/Zed (IO/SH),Ashe (FR/PZ),0,3,0
Championless (SI),Akshan/Zed (IO/SH),0,3,0
LeBlanc/Sivir (NX/SH),Fiora/Shen (DE/IO),0,3,0
Garen/Udyr (DE/FR),Leona/Yasuo (IO/MT),0,3,0
Ezreal/Janna (DE/PZ),Championless (SI),0,3,0
Gnar/Neeko (FR/RU),Caitlyn/Swain (NX/PZ),0,3,0
Akshan/Master Yi (IO/SH),Sejuani/Swain (FR/NX),0,3,0
Fizz/Master Yi (BW/IO),Ashe/LeBlanc (FR/NX),0,3,0
Fizz/Norra (BC/MT),Championless (SI),0,3,0
Nidalee (BC/SH),Lulu/Shen (DE/IO),0,3,0
Championless (PZ/SI),Gnar/Neeko (FR/RU),0,3,0
Jhin/Yasuo (IO/RU),Braum/Zoe (FR/MT),0,3,0
Kalista/LeBlanc (NX/SI),Ashe/LeBlanc (FR/NX),0,3,0
Gwen/LeBlanc (NX/SI),Shen/Sivir (IO/SH),0,3,0
Championpile (FR/SH),Ashe/LeBlanc (FR/NX),0,3,0
Zoe (IO/MT),Ashe/LeBlanc (FR/NX),0,3,0
Championless (SI),Teemo/Tristana (BC/SI),0,3,0
Braum/Udyr (FR/MT),Ashe (FR/PZ),0,3,0
Janna (FR/PZ),Braum/Zoe (FR/MT),0,3,0
Ezreal/Gwen/Teemo (PZ/SI),Darius/Gnar (FR/NX),0,3,0
Braum/Teemo (FR/PZ),Darius/Gnar (FR/NX),0,3,0
Annie/Jhin (RU/NX),Akshan/Udyr (FR/SH),0,3,0
Leona/Yasuo (IO/MT),Gwen/Kalista (SI/SH),0,3,0
Norra/Swain (BC/NX),Braum/Zoe (FR/MT),0,3,0
Annie/Jhin (RU/NX),Teemo/Twisted Fate (BW/PZ),0,3,0
Leona/Yasuo (IO/MT),Teemo/Twisted Fate (BW/PZ),0,3,0
Kalista/LeBlanc (NX/SI),Braum/Zoe (FR/MT),0,3,0
Championless (PZ/SI),Championpile (FR/SH),0,3,0
Seraphine/Twisted Fate (BW/PZ),Ashe/LeBlanc (FR/NX),0,3,0
Ashe/LeBlanc (FR/NX),Garen (DE/SI),0,3,0
Sejuani (BC/FR),Udyr/Vayne (DE/FR),0,3,0
Neeko/Nidalee (RU/SH),Ashe/LeBlanc (FR/NX),0,3,0
Fiora/Garen (DE/FR),Ashe/LeBlanc (FR/NX),0,3,0
Janna (PZ/SI),Braum/Garen (DE/FR),0,3,0
Jhin/Kennen (IO/RU),Annie/Jhin (RU/NX),0,3,0
Akshan/Vayne (DE/SH),Darius/Gwen (NX/SI),0,3,0
Fizz/Twisted Fate (BW/PZ),Ashe/LeBlanc (FR/NX),0,3,0
Norra/Zoe (BC/MT),Miss Fortune/Quinn/Vayne (BW/DE),0,3,0
Ezreal/Twisted Fate (BW/PZ),Kalista (SI),0,3,0
Leona/Zoe (DE/MT),Nilah/Twisted Fate (BW/PZ),0,3,0
Janna (IO/PZ),Leona/Yasuo (IO/MT),0,3,0
Fizz/Nami (BC/BW),Ashe/LeBlanc (FR/NX),0,3,0
Katarina/Miss Fortune (BW/NX),Ashe/LeBlanc (FR/NX),0,3,0
Kai'Sa/Pantheon (MT/SH),Pantheon/Udyr (FR/MT),0,3,0
Braum/The Poro King (FR/RU),Kalista (SI),0,3,0
Kalista/LeBlanc (NX/SI),Darius/LeBlanc (NX),0,3,0
Caitlyn (DE/PZ),Championless (SI),0,3,0
Ahri/Kennen (BC/IO),Ashe/LeBlanc (FR/NX),0,3,0
Ashe/LeBlanc (FR/NX),Caitlyn (FR/PZ),0,3,0
Lux: Illuminated/Udyr (DE/FR),Championless (SI),0,3,0
Championless (PZ/SI),Shen/Sivir (IO/SH),0,3,0
Braum (FR/NX),Nilah/Twisted Fate (BW/PZ),0,3,0
Leona/Yasuo (IO/MT),Bard/Caitlyn/Teemo (RU/PZ),0,3,0
Fiora (DE/IO),Ashe/LeBlanc (FR/NX),0,3,0
Gwen/Zed (IO/SI),Leona/Zoe (DE/MT),0,3,0
Ezreal/Twisted Fate (BW/PZ),Braum/Zoe (FR/MT),0,3,0
Championless (BW/SI),Championless (MT/SI),0,3,0
Pantheon/Udyr (FR/MT),Gnar/Nidalee (BC/SH),0,3,0
Fiora (DE/IO),Kalista (SI),0,3,0
Janna (IO/PZ),Annie/Jhin (RU/NX),0,3,0
Master Yi/Seraphine (IO/PZ),Aphelios/Pantheon/Udyr (FR/MT),0,3,0
Katarina/Miss Fortune (BW/NX),Ashe (FR/PZ),0,3,0
Katarina/Miss Fortune (BW/NX),Braum (FR/IO),0,3,0
Akshan/Master Yi (IO/SH),Caitlyn/Katarina (NX/PZ),0,3,0
Ashe/Lissandra (FR/PZ),Ashe/LeBlanc (FR/NX),0,3,0
Akshan/Master Yi (IO/SH),LeBlanc/Sivir (NX/SH),0,3,0
Championless (NX/SI),Annie/Jhin (RU/NX),0,3,0
Nidalee (BC/SH),LeBlanc/Sivir (NX/SH),0,3,0
Akshan/Master Yi (IO/SH),Udyr/Zoe (FR/MT),0,3,0
Irelia/Lucian (DE/IO),Annie/Jhin (RU/NX),0,3,0
Akshan/Ekko (PZ/SH),LeBlanc/Sivir (NX/SH),0,3,0
Ekko/Nilah/Twisted Fate (BW/PZ),Swain/Twisted Fate (BW/NX),0,3,0
Janna/Teemo/Udyr (FR/PZ),Darius/Gnar (FR/NX),0,3,0
Fiora/Pantheon (DE/MT),Lissandra (FR/SI),0,3,0
Zoe (BC/MT),Braum/Zoe (FR/MT),0,3,0
Sivir (NX/SH),Darius/Gnar (FR/NX),0,3,0
Pantheon (DE/MT),Braum (FR/IO),0,3,0
Braum (FR/MT),Janna (PZ/SI),3,3,1
Ezreal/Seraphine (NX/PZ),Gnar/Samira (BC/NX),3,3,1
Nilah/Twisted Fate (BW/PZ),Norra/Teemo (BC/PZ),3,3,1
Championless (SI),Miss Fortune/Swain (BW/NX),3,3,1
Darius/Gnar (FR/NX),Fiora/Shen (DE/IO),3,3,1
Swain/Twisted Fate (BW/NX),Kai'Sa/Pantheon (MT/SH),3,3,1
Annie/LeBlanc (NX/PZ),Kai'Sa/Pantheon (MT/SH),3,3,1
LeBlanc (FR/NX),Kai'Sa/Pantheon (MT/SH),3,3,1
LeBlanc (FR/NX),Ezreal/Janna (IO/PZ),3,3,1
Annie/Jhin (RU/NX),Ezreal/Seraphine (BC/PZ),3,3,1
Garen/Udyr (DE/FR),Kai'Sa/Pantheon (MT/SH),3,3,1
Championless (FR/IO),Yasuo (IO/MT),3,3,1
Kalista (SI),Janna (PZ/SI),3,3,1
Ashe/Sejuani (FR/SI),Norra/Teemo (BC/PZ),3,3,1
Fiora/Shen (DE/IO),Ashe/Sejuani (FR/SI),3,3,1
Gwen/Vayne (DE/SI),Ezreal/Seraphine (PZ/SI),3,3,1
Nilah/Twisted Fate (BW/PZ),Ashe/Sejuani (FR/SI),3,3,1
Master Yi/Udyr (FR/IO),Gwen/Vayne (DE/SI),3,3,1
Jhin/Swain (RU/NX),Fizz/Nami (BW/MT),3,3,1
Udyr (BW/FR),Gwen/Vayne (DE/SI),3,3,1
Championless (SI),Miss Fortune/Twisted Fate (BW/NX),3,3,1
Katarina/Yasuo (IO/NX),Kalista/Nocturne (SI),3,3,1
Katarina/Yasuo (IO/NX),Akshan/Pantheon (MT/SH),3,3,1
Katarina/Yasuo (IO/NX),Norra/Teemo (BC/PZ),3,3,1
Akshan/Sivir (DE/SH),Championless (BW/MT),3,3,1
Championless (SI),Garen (DE/FR),3,3,1
Championless (SI),Braum/Udyr (FR/MT),3,3,1
Janna/Nilah (BW/PZ),Nilah/Twisted Fate (BW/PZ),3,3,1
Ashe/LeBlanc (FR/NX),Aphelios/Zoe (BC/MT),3,3,1
Akshan/Sivir (DE/SH),Janna/Twisted Fate (BW/PZ),3,3,1
Darius/Gwen (NX/SI),Janna/Twisted Fate (BW/PZ),3,3,1
Akshan/Samira (NX/SH),Caitlyn/Teemo (BC/PZ),3,3,1
Braum/Zoe (FR/MT),Garen (DE),3,3,1
Nilah/Twisted Fate (BW/PZ),Ezreal/Seraphine (IO/PZ),3,3,1
Championless (SI),Caitlyn/Katarina (NX/PZ),3,3,1
Kalista (SI),Gwen (NX/SI),3,3,1
Draven/LeBlanc (FR/NX),Ashe/LeBlanc (FR/NX),3,3,1
Ashe (FR/PZ),Yasuo (IO/PZ),3,3,1
Caitlyn/Swain (NX/PZ),Caitlyn/Teemo (BC/PZ),3,3,1
Championless (SI),Caitlyn/Norra/Teemo (BC/PZ),3,3,1
Akshan/Master Yi (IO/SH),Tristana (BC/DE),3,3,1
Hecarim/Kalista (SI),Akshan/Udyr (FR/SH),3,3,1
Kalista (SI),Draven/Jinx (NX/PZ),3,3,1
Caitlyn/Teemo (BC/PZ),Darius/Yasuo (IO/NX),3,3,1
Nilah/Twisted Fate (BW/PZ),Darius/Yasuo (IO/NX),3,3,1
Ashe (FR/PZ),Akshan/Zed (IO/SH),3,3,1
Akshan/Zed (IO/SH),Championless (SI),3,3,1
Fiora/Shen (DE/IO),LeBlanc/Sivir (NX/SH),3,3,1
Leona/Yasuo (IO/MT),Garen/Udyr (DE/FR),3,3,1
Championless (SI),Ezreal/Janna (DE/PZ),3,3,1
Caitlyn/Swain (NX/PZ),Gnar/Neeko (FR/RU),3,3,1
Sejuani/Swain (FR/NX),Akshan/Master Yi (IO/SH),3,3,1
Ashe/LeBlanc (FR/NX),Fizz/Master Yi (BW/IO),3,3,1
Championless (SI),Fizz/Norra (BC/MT),3,3,1
Lulu/Shen (DE/IO),Nidalee (BC/SH),3,3,1
Gnar/Neeko (FR/RU),Championless (PZ/SI),3,3,1
Braum/Zoe (FR/MT),Jhin/Yasuo (IO/RU),3,3,1
Ashe/LeBlanc (FR/NX),Kalista/LeBlanc (NX/SI),3,3,1
Shen/Sivir (IO/SH),Gwen/LeBlanc (NX/SI),3,3,1
Ashe/LeBlanc (FR/NX),Championpile (FR/SH),3,3,1
Ashe/LeBlanc (FR/NX),Zoe (IO/MT),3,3,1
Teemo/Tristana (BC/SI),Championless (SI),3,3,1
Ashe (FR/PZ),Braum/Udyr (FR/MT),3,3,1
Braum/Zoe (FR/MT),Janna (FR/PZ),3,3,1
Darius/Gnar (FR/NX),Ezreal/Gwen/Teemo (PZ/SI),3,3,1
Darius/Gnar (FR/NX),Braum/Teemo (FR/PZ),3,3,1
Akshan/Udyr (FR/SH),Annie/Jhin (RU/NX),3,3,1
Gwen/Kalista (SI/SH),Leona/Yasuo (IO/MT),3,3,1
Braum/Zoe (FR/MT),Norra/Swain (BC/NX),3,3,1
Teemo/Twisted Fate (BW/PZ),Annie/Jhin (RU/NX),3,3,1
Teemo/Twisted Fate (BW/PZ),Leona/Yasuo (IO/MT),3,3,1
Braum/Zoe (FR/MT),Kalista/LeBlanc (NX/SI),3,3,1
Championpile (FR/SH),Championless (PZ/SI),3,3,1
Ashe/LeBlanc (FR/NX),Seraphine/Twisted Fate (BW/PZ),3,3,1
Garen (DE/SI),Ashe/LeBlanc (FR/NX),3,3,1
Udyr/Vayne (DE/FR),Sejuani (BC/FR),3,3,1
Ashe/LeBlanc (FR/NX),Neeko/Nidalee (RU/SH),3,3,1
Ashe/LeBlanc (FR/NX),Fiora/Garen (DE/FR),3,3,1
Braum/Garen (DE/FR),Janna (PZ/SI),3,3,1
Annie/Jhin (RU/NX),Jhin/Kennen (IO/RU),3,3,1
Darius/Gwen (NX/SI),Akshan/Vayne (DE/SH),3,3,1
Ashe/LeBlanc (FR/NX),Fizz/Twisted Fate (BW/PZ),3,3,1
Miss Fortune/Quinn/Vayne (BW/DE),Norra/Zoe (BC/MT),3,3,1
Kalista (SI),Ezreal/Twisted Fate (BW/PZ),3,3,1
Nilah/Twisted Fate (BW/PZ),Leona/Zoe (DE/MT),3,3,1
Leona/Yasuo (IO/MT),Janna (IO/PZ),3,3,1
Ashe/LeBlanc (FR/NX),Fizz/Nami (BC/BW),3,3,1
Ashe/LeBlanc (FR/NX),Katarina/Miss Fortune (BW/NX),3,3,1
Pantheon/Udyr (FR/MT),Kai'Sa/Pantheon (MT/SH),3,3,1
Kalista (SI),Braum/The Poro King (FR/RU),3,3,1
Darius/LeBlanc (NX),Kalista/LeBlanc (NX/SI),3,3,1
Championless (SI),Caitlyn (DE/PZ),3,3,1
Ashe/LeBlanc (FR/NX),Ahri/Kennen (BC/IO),3,3,1
Caitlyn (FR/PZ),Ashe/LeBlanc (FR/NX),3,3,1
Championless (SI),Lux: Illuminated/Udyr (DE/FR),3,3,1
Shen/Sivir (IO/SH),Championless (PZ/SI),3,3,1
Nilah/Twisted Fate (BW/PZ),Braum (FR/NX),3,3,1
Bard/Caitlyn/Teemo (RU/PZ),Leona/Yasuo (IO/MT),3,3,1
Ashe/LeBlanc (FR/NX),Fiora (DE/IO),3,3,1
Leona/Zoe (DE/MT),Gwen/Zed (IO/SI),3,3,1
Braum/Zoe (FR/MT),Ezreal/Twisted Fate (BW/PZ),3,3,1
Championless (MT/SI),Championless (BW/SI),3,3,1
Gnar/Nidalee (BC/SH),Pantheon/Udyr (FR/MT),3,3,1
Kalista (SI),Fiora (DE/IO),3,3,1
Annie/Jhin (RU/NX),Janna (IO/PZ),3,3,1
Aphelios/Pantheon/Udyr (FR/MT),Master Yi/Seraphine (IO/PZ),3,3,1
Ashe (FR/PZ),Katarina/Miss Fortune (BW/NX),3,3,1
Braum (FR/IO),Katarina/Miss Fortune (BW/NX),3,3,1
Caitlyn/Katarina (NX/PZ),Akshan/Master Yi (IO/SH),3,3,1
Ashe/LeBlanc (FR/NX),Ashe/Lissandra (FR/PZ),3,3,1
LeBlanc/Sivir (NX/SH),Akshan/Master Yi (IO/SH),3,3,1
Annie/Jhin (RU/NX),Championless (NX/SI),3,3,1
LeBlanc/Sivir (NX/SH),Nidalee (BC/SH),3,3,1
Udyr/Zoe (FR/MT),Akshan/Master Yi (IO/SH),3,3,1
Annie/Jhin (RU/NX),Irelia/Lucian (DE/IO),3,3,1
LeBlanc/Sivir (NX/SH),Akshan/Ekko (PZ/SH),3,3,1
Swain/Twisted Fate (BW/NX),Ekko/Nilah/Twisted Fate (BW/PZ),3,3,1
Darius/Gnar (FR/NX),Janna/Teemo/Udyr (FR/PZ),3,3,1
Lissandra (FR/SI),Fiora/Pantheon (DE/MT),3,3,1
Braum/Zoe (FR/MT),Zoe (BC/MT),3,3,1
Darius/Gnar (FR/NX),Sivir (NX/SH),3,3,1
Braum (FR/IO),Pantheon (DE/MT),3,3,1
Braum (FR/MT),Ashe/LeBlanc (FR/NX),1,6,0.166666666666667
Janna (PZ/SI),Gwen/Vayne (DE/SI),1,6,0.166666666666667
Janna (PZ/SI),Darius/Gnar (FR/NX),1,6,0.166666666666667
Janna (PZ/SI),Championless (BW/MT),1,6,0.166666666666667
Aphelios/Zoe (IO/MT),Nilah/Twisted Fate (BW/PZ),1,6,0.166666666666667
Janna/Twisted Fate (BW/PZ),Kalista (SI),1,6,0.166666666666667
LeBlanc/Sivir (NX/SH),Ezreal/Seraphine (PZ/SI),1,6,0.166666666666667
Darius/Gwen (NX/SI),Fiora/Shen (DE/IO),1,6,0.166666666666667
Annie/Jhin (RU/NX),Lulu/Shen (DE/IO),1,6,0.166666666666667
Master Yi/Udyr (FR/IO),Championless (SI),1,6,0.166666666666667
Norra/Swain (BC/NX),Ashe/LeBlanc (FR/NX),1,6,0.166666666666667
Katarina/Yasuo (IO/NX),Ezreal/Seraphine (PZ/SI),1,6,0.166666666666667
Udyr/Vayne (DE/FR),Braum/Zoe (FR/MT),1,6,0.166666666666667
Championless (MT/SI),Kalista (SI),1,6,0.166666666666667
Ashe/LeBlanc (FR/NX),Braum (FR/MT),5,6,0.833333333333333
Gwen/Vayne (DE/SI),Janna (PZ/SI),5,6,0.833333333333333
Darius/Gnar (FR/NX),Janna (PZ/SI),5,6,0.833333333333333
Championless (BW/MT),Janna (PZ/SI),5,6,0.833333333333333
Nilah/Twisted Fate (BW/PZ),Aphelios/Zoe (IO/MT),5,6,0.833333333333333
Kalista (SI),Janna/Twisted Fate (BW/PZ),5,6,0.833333333333333
Ezreal/Seraphine (PZ/SI),LeBlanc/Sivir (NX/SH),5,6,0.833333333333333
Fiora/Shen (DE/IO),Darius/Gwen (NX/SI),5,6,0.833333333333333
Lulu/Shen (DE/IO),Annie/Jhin (RU/NX),5,6,0.833333333333333
Championless (SI),Master Yi/Udyr (FR/IO),5,6,0.833333333333333
Ashe/LeBlanc (FR/NX),Norra/Swain (BC/NX),5,6,0.833333333333333
Ezreal/Seraphine (PZ/SI),Katarina/Yasuo (IO/NX),5,6,0.833333333333333
Braum/Zoe (FR/MT),Udyr/Vayne (DE/FR),5,6,0.833333333333333
Kalista (SI),Championless (MT/SI),5,6,0.833333333333333
Ashe/LeBlanc (FR/NX),Ashe/LeBlanc (FR/NX),94,188,0.5
Ashe (FR/PZ),Braum/Zoe (FR/MT),32,53,0.60377358490566
Braum/Zoe (FR/MT),Ashe (FR/PZ),21,53,0.39622641509434
Gnar/Nidalee (BC/SH),Ashe/LeBlanc (FR/NX),6,15,0.4
Ashe (FR/PZ),Ezreal/Seraphine (PZ/SI),6,15,0.4
Nidalee (BC/SH),Championless (SI),6,15,0.4
Ashe/LeBlanc (FR/NX),Sejuani/Swain (FR/NX),6,15,0.4
Ashe/LeBlanc (FR/NX),Gnar/Nidalee (BC/SH),9,15,0.6
Ezreal/Seraphine (PZ/SI),Ashe (FR/PZ),9,15,0.6
Championless (SI),Nidalee (BC/SH),9,15,0.6
Sejuani/Swain (FR/NX),Ashe/LeBlanc (FR/NX),9,15,0.6
Ashe/LeBlanc (FR/NX),Janna (PZ/SI),13,17,0.764705882352941
Janna (PZ/SI),Ashe/LeBlanc (FR/NX),4,17,0.235294117647059
Championless (SI),Leona/Yasuo (IO/MT),7,11,0.636363636363636
Braum/Zoe (FR/MT),Aphelios/Zoe (IO/MT),7,11,0.636363636363636
Shen/Sivir (IO/SH),Ashe/LeBlanc (FR/NX),7,11,0.636363636363636
Ashe (FR/PZ),Darius/Gwen (NX/SI),7,11,0.636363636363636
Swain/Yasuo (IO/NX),Ashe (FR/PZ),7,11,0.636363636363636
Leona/Yasuo (IO/MT),Championless (SI),4,11,0.363636363636364
Aphelios/Zoe (IO/MT),Braum/Zoe (FR/MT),4,11,0.363636363636364
Ashe/LeBlanc (FR/NX),Shen/Sivir (IO/SH),4,11,0.363636363636364
Darius/Gwen (NX/SI),Ashe (FR/PZ),4,11,0.363636363636364
Ashe (FR/PZ),Swain/Yasuo (IO/NX),4,11,0.363636363636364
Ashe/LeBlanc (FR/NX),Akshan/Sivir (NX/SH),3,9,0.333333333333333
Championless (PZ/SI),Akshan/Master Yi (IO/SH),3,9,0.333333333333333
Braum/Zoe (FR/MT),Gwen/Katarina (NX/SI),3,9,0.333333333333333
Sejuani/Swain (FR/NX),Championless (SI),3,9,0.333333333333333
Swain/Yasuo (IO/NX),Nilah/Twisted Fate (BW/PZ),3,9,0.333333333333333
Championless (PZ/SI),Janna (PZ/SI),3,9,0.333333333333333
Akshan/Sivir (NX/SH),Ashe/LeBlanc (FR/NX),6,9,0.666666666666667
Akshan/Master Yi (IO/SH),Championless (PZ/SI),6,9,0.666666666666667
Gwen/Katarina (NX/SI),Braum/Zoe (FR/MT),6,9,0.666666666666667
Championless (SI),Sejuani/Swain (FR/NX),6,9,0.666666666666667
Nilah/Twisted Fate (BW/PZ),Swain/Yasuo (IO/NX),6,9,0.666666666666667
Janna (PZ/SI),Championless (PZ/SI),6,9,0.666666666666667
Nilah/Twisted Fate (BW/PZ),Ashe/LeBlanc (FR/NX),47,74,0.635135135135135
Ashe/LeBlanc (FR/NX),Nilah/Twisted Fate (BW/PZ),27,74,0.364864864864865
Annie/Jhin (RU/NX),Championless (SI),6,29,0.206896551724138
Championless (SI),Annie/Jhin (RU/NX),23,29,0.793103448275862
Braum/Zoe (FR/MT),Akshan/Pantheon (MT/SH),3,6,0.5
Akshan/Pantheon (MT/SH),Braum/Zoe (FR/MT),3,6,0.5
Caitlyn/Teemo (BC/PZ),Annie/Jhin (RU/NX),3,6,0.5
Annie/Jhin (RU/NX),Caitlyn/Teemo (BC/PZ),3,6,0.5
Championless (SI),Sejuani/Teemo (FR/PZ),3,6,0.5
Sejuani/Teemo (FR/PZ),Championless (SI),3,6,0.5
Garen (DE/SH),Garen (DE/SH),3,6,0.5
Braum/Udyr (DE/FR),Braum/Zoe (FR/MT),3,6,0.5
Braum/Zoe (FR/MT),Braum/Udyr (DE/FR),3,6,0.5
Fiora/Shen (DE/IO),Fiora/Shen (DE/IO),3,6,0.5
Akshan/Master Yi (IO/SH),Swain/Twisted Fate (BW/NX),3,6,0.5
Swain/Twisted Fate (BW/NX),Akshan/Master Yi (IO/SH),3,6,0.5
Janna (PZ/SI),Janna (PZ/SI),3,6,0.5
Akshan/Pantheon (MT/SH),Ahri/Katarina (IO/NX),3,6,0.5
Ahri/Katarina (IO/NX),Akshan/Pantheon (MT/SH),3,6,0.5
Ezreal/Seraphine (PZ/SI),Ezreal/Seraphine (PZ/SI),3,6,0.5
Garen/Udyr (DE/FR),Garen/Udyr (DE/FR),3,6,0.5
Championless (SI),Braum/Udyr (DE/FR),3,6,0.5
Braum/Udyr (DE/FR),Championless (SI),3,6,0.5
Kalista (SI),Gnar/Nidalee (BC/SH),3,6,0.5
Gnar/Nidalee (BC/SH),Kalista (SI),3,6,0.5
Championless (SI),Garen (DE),3,6,0.5
Garen (DE),Championless (SI),3,6,0.5
Annie/Jhin (RU/NX),Nidalee (BC/SH),3,6,0.5
Nidalee (BC/SH),Annie/Jhin (RU/NX),3,6,0.5
Lulu/Shen (DE/IO),Lulu/Shen (DE/IO),3,6,0.5
Janna (IO/PZ),Janna (IO/PZ),3,6,0.5
Janna/Twisted Fate (BW/PZ),Ezreal/Teemo (BC/PZ),3,6,0.5
Ezreal/Teemo (BC/PZ),Janna/Twisted Fate (BW/PZ),3,6,0.5
Kai'Sa/Pantheon (MT/SH),Braum/Zoe (FR/MT),4,9,0.444444444444444
Ashe/LeBlanc (FR/NX),LeBlanc/Sivir (NX/SH),4,9,0.444444444444444
Championless (SI),Darius (FR/NX),4,9,0.444444444444444
Ashe/LeBlanc (FR/NX),Gwen/Vayne (DE/SI),4,9,0.444444444444444
Championless (SI),Master Yi/Zoe (IO/MT),4,9,0.444444444444444
Championless (SI),Lulu/Shen (DE/IO),4,9,0.444444444444444
Ashe/LeBlanc (FR/NX),Gwen/Kalista (NX/SI),4,9,0.444444444444444
Nilah/Twisted Fate (BW/PZ),Nidalee (BC/SH),4,9,0.444444444444444
Championless (SI),Hecarim (SI),4,9,0.444444444444444
Sejuani/Swain (FR/NX),Braum/Zoe (FR/MT),4,9,0.444444444444444
Championless (PZ/SI),Darius/Gnar (FR/NX),4,9,0.444444444444444
Ashe (FR/PZ),Caitlyn/Teemo (BC/PZ),4,9,0.444444444444444
Championless (SI),Janna/Nilah (BW/PZ),4,9,0.444444444444444
Nilah/Twisted Fate (BW/PZ),Lulu/Shen (DE/IO),4,9,0.444444444444444
Pantheon/Udyr (FR/MT),Nilah/Twisted Fate (BW/PZ),4,9,0.444444444444444
Braum/Zoe (FR/MT),Kai'Sa/Pantheon (MT/SH),5,9,0.555555555555556
LeBlanc/Sivir (NX/SH),Ashe/LeBlanc (FR/NX),5,9,0.555555555555556
Darius (FR/NX),Championless (SI),5,9,0.555555555555556
Gwen/Vayne (DE/SI),Ashe/LeBlanc (FR/NX),5,9,0.555555555555556
Master Yi/Zoe (IO/MT),Championless (SI),5,9,0.555555555555556
Lulu/Shen (DE/IO),Championless (SI),5,9,0.555555555555556
Gwen/Kalista (NX/SI),Ashe/LeBlanc (FR/NX),5,9,0.555555555555556
Nidalee (BC/SH),Nilah/Twisted Fate (BW/PZ),5,9,0.555555555555556
Hecarim (SI),Championless (SI),5,9,0.555555555555556
Braum/Zoe (FR/MT),Sejuani/Swain (FR/NX),5,9,0.555555555555556
Darius/Gnar (FR/NX),Championless (PZ/SI),5,9,0.555555555555556
Caitlyn/Teemo (BC/PZ),Ashe (FR/PZ),5,9,0.555555555555556
Janna/Nilah (BW/PZ),Championless (SI),5,9,0.555555555555556
Lulu/Shen (DE/IO),Nilah/Twisted Fate (BW/PZ),5,9,0.555555555555556
Nilah/Twisted Fate (BW/PZ),Pantheon/Udyr (FR/MT),5,9,0.555555555555556
Championless (SI),Braum/Zoe (FR/MT),51,75,0.68
Braum/Zoe (FR/MT),Championless (SI),24,75,0.32
Ashe/LeBlanc (FR/NX),Championless (SI),65,138,0.471014492753623
Championless (SI),Ashe/LeBlanc (FR/NX),73,138,0.528985507246377
Fiora/Shen (DE/IO),Championless (SI),6,12,0.5
Championless (SI),Fiora/Shen (DE/IO),6,12,0.5
Braum/Zoe (FR/MT),Leona/Yasuo (IO/MT),6,12,0.5
Leona/Yasuo (IO/MT),Braum/Zoe (FR/MT),6,12,0.5
Janna (PZ/SI),Nilah/Twisted Fate (BW/PZ),6,12,0.5
Nilah/Twisted Fate (BW/PZ),Janna (PZ/SI),6,12,0.5
Darius/Gnar (FR/NX),Caitlyn/Teemo (BC/PZ),7,7,1
Caitlyn/Teemo (BC/PZ),Darius/Gnar (FR/NX),0,7,0
Ashe/LeBlanc (FR/NX),Caitlyn (BC/PZ),4,8,0.5
Caitlyn (BC/PZ),Ashe/LeBlanc (FR/NX),4,8,0.5
Ashe (FR/PZ),Gnar/Nidalee (BC/SH),4,8,0.5
Gnar/Nidalee (BC/SH),Ashe (FR/PZ),4,8,0.5
Ashe (FR/PZ),LeBlanc/Sivir (NX/SH),4,8,0.5
LeBlanc/Sivir (NX/SH),Ashe (FR/PZ),4,8,0.5
Kalista/Lucian (DE/SI),Championless (SI),4,8,0.5
Championless (SI),Kalista/Lucian (DE/SI),4,8,0.5
Annie/Jhin (RU/NX),Annie/Jhin (RU/NX),4,8,0.5
Championless (BW/MT),Ashe/LeBlanc (FR/NX),4,8,0.5
Ashe/LeBlanc (FR/NX),Championless (BW/MT),4,8,0.5
Gnar/Sejuani (BC/FR),Gnar/Sejuani (BC/FR),4,8,0.5
Nilah/Twisted Fate (BW/PZ),Kalista (SI),8,14,0.571428571428571
Kalista (SI),Nilah/Twisted Fate (BW/PZ),6,14,0.428571428571429
Championless (SI),Championless (SI),53,106,0.5
Fiora/Shen (DE/IO),Nilah/Twisted Fate (BW/PZ),4,10,0.4
Championless (PZ/SI),Kalista (SI),4,10,0.4
Braum/Zoe (FR/MT),Garen/Udyr (DE/FR),4,10,0.4
Nidalee (BC/SH),Braum/Zoe (FR/MT),4,10,0.4
Norra/Teemo (BC/PZ),Ashe/LeBlanc (FR/NX),4,10,0.4
Janna/Master Yi (IO/PZ),Braum/Zoe (FR/MT),4,10,0.4
Championless (MT/SI),Nilah/Twisted Fate (BW/PZ),4,10,0.4
Nilah/Twisted Fate (BW/PZ),Fiora/Shen (DE/IO),6,10,0.6
Kalista (SI),Championless (PZ/SI),6,10,0.6
Garen/Udyr (DE/FR),Braum/Zoe (FR/MT),6,10,0.6
Braum/Zoe (FR/MT),Nidalee (BC/SH),6,10,0.6
Ashe/LeBlanc (FR/NX),Norra/Teemo (BC/PZ),6,10,0.6
Braum/Zoe (FR/MT),Janna/Master Yi (IO/PZ),6,10,0.6
Nilah/Twisted Fate (BW/PZ),Championless (MT/SI),6,10,0.6
Ashe/LeBlanc (FR/NX),Championless (PZ/SI),22,42,0.523809523809524
Championless (PZ/SI),Ashe/LeBlanc (FR/NX),20,42,0.476190476190476
Championless (PZ/SI),Nilah/Twisted Fate (BW/PZ),8,16,0.5
Nilah/Twisted Fate (BW/PZ),Championless (PZ/SI),8,16,0.5
Kalista (SI),Kalista (SI),8,16,0.5
Championless (PZ/SI),Championless (PZ/SI),8,16,0.5
Ashe/LeBlanc (FR/NX),Katarina/Yasuo (IO/NX),8,16,0.5
Katarina/Yasuo (IO/NX),Ashe/LeBlanc (FR/NX),8,16,0.5
Ashe (FR/PZ),Championless (PZ/SI),7,21,0.333333333333333
Championless (PZ/SI),Ashe (FR/PZ),14,21,0.666666666666667
Gwen/Vayne (DE/SI),Ezreal (PZ/SI),0,6,0
Master Yi/Nami (BW/IO),Ashe/LeBlanc (FR/NX),0,6,0
Gwen/LeBlanc (NX/SI),Ashe (FR/PZ),0,6,0
Braum/Udyr (FR),Championless (SI),0,6,0
Ezreal (PZ/SI),Gwen/Vayne (DE/SI),6,6,1
Ashe/LeBlanc (FR/NX),Master Yi/Nami (BW/IO),6,6,1
Ashe (FR/PZ),Gwen/LeBlanc (NX/SI),6,6,1
Championless (SI),Braum/Udyr (FR),6,6,1
Janna (PZ/SI),Braum/Zoe (FR/MT),4,13,0.307692307692308
Annie/Jhin (RU/NX),Ashe (FR/PZ),4,13,0.307692307692308
Braum/Zoe (FR/MT),Janna (PZ/SI),9,13,0.692307692307692
Ashe (FR/PZ),Annie/Jhin (RU/NX),9,13,0.692307692307692
Braum/Zoe (FR/MT),Annie/Jhin (RU/NX),19,25,0.76
Annie/Jhin (RU/NX),Braum/Zoe (FR/MT),6,25,0.24
Braum/Zoe (FR/MT),Akshan/Master Yi (IO/SH),12,22,0.545454545454545
Akshan/Master Yi (IO/SH),Braum/Zoe (FR/MT),10,22,0.454545454545455
Ashe (FR/PZ),Nilah/Twisted Fate (BW/PZ),15,34,0.441176470588235
Nilah/Twisted Fate (BW/PZ),Ashe (FR/PZ),19,34,0.558823529411765
Braum/Zoe (FR/MT),Championless (PZ/SI),13,14,0.928571428571429
Championless (PZ/SI),Braum/Zoe (FR/MT),1,14,0.0714285714285714
Fiora/Shen (DE/IO),Ashe/LeBlanc (FR/NX),12,20,0.6
Ashe/LeBlanc (FR/NX),Fiora/Shen (DE/IO),8,20,0.4
Braum/Zoe (FR/MT),Ashe/LeBlanc (FR/NX),54,116,0.46551724137931
Ashe/LeBlanc (FR/NX),Braum/Zoe (FR/MT),62,116,0.53448275862069
Akshan/Pantheon (MT/SH),Nilah/Twisted Fate (BW/PZ),7,9,0.777777777777778
Ashe (FR/PZ),Garen/Udyr (DE/FR),7,9,0.777777777777778
Nilah/Twisted Fate (BW/PZ),Akshan/Pantheon (MT/SH),2,9,0.222222222222222
Garen/Udyr (DE/FR),Ashe (FR/PZ),2,9,0.222222222222222
Ezreal/Seraphine (PZ/SI),Ashe/LeBlanc (FR/NX),6,23,0.260869565217391
Ashe/LeBlanc (FR/NX),Ezreal/Seraphine (PZ/SI),17,23,0.739130434782609
Braum/Zoe (FR/MT),Ezreal/Seraphine (PZ/SI),23,26,0.884615384615385
Ezreal/Seraphine (PZ/SI),Braum/Zoe (FR/MT),3,26,0.115384615384615
Ashe (FR/PZ),Ashe (FR/PZ),25,50,0.5
Ashe/Sejuani (FR/SI),Championless (SI),5,10,0.5
Championless (SI),Ashe/Sejuani (FR/SI),5,10,0.5
Darius/Gnar (FR/NX),Akshan/Master Yi (IO/SH),5,10,0.5
Akshan/Master Yi (IO/SH),Darius/Gnar (FR/NX),5,10,0.5
Katarina/Yasuo (IO/NX),Katarina/Yasuo (IO/NX),5,10,0.5
Caitlyn/Teemo (BC/PZ),Caitlyn/Teemo (BC/PZ),5,10,0.5
Ashe/LeBlanc (FR/NX),Pantheon/Udyr (FR/MT),5,10,0.5
Pantheon/Udyr (FR/MT),Ashe/LeBlanc (FR/NX),5,10,0.5
Darius/Gnar (FR/NX),Garen/Udyr (DE/FR),5,5,1
Lulu/Shen (DE/IO),Championless (PZ/SI),5,5,1
Championless (SI),Bard/Norra (BC/RU),5,5,1
Elise (SI),Swain/Yasuo (IO/NX),5,5,1
Ashe/LeBlanc (FR/NX),Championless (FR/MT),5,5,1
Championless (SI),Master Yi/Nami (BW/IO),5,5,1
Ashe/LeBlanc (FR/NX),Fiora/Pantheon (DE/MT),5,5,1
Ashe/LeBlanc (FR/NX),Ezreal/Twisted Fate (BW/PZ),5,5,1
Ashe/LeBlanc (FR/NX),Miss Fortune/Quinn/Vayne (BW/DE),5,5,1
Ashe (FR/PZ),Braum (FR/MT),5,5,1
Nidalee (BC/SH),Akshan/Master Yi (IO/SH),5,5,1
Garen/Udyr (DE/FR),Darius/Gnar (FR/NX),0,5,0
Championless (PZ/SI),Lulu/Shen (DE/IO),0,5,0
Bard/Norra (BC/RU),Championless (SI),0,5,0
Swain/Yasuo (IO/NX),Elise (SI),0,5,0
Championless (FR/MT),Ashe/LeBlanc (FR/NX),0,5,0
Master Yi/Nami (BW/IO),Championless (SI),0,5,0
Fiora/Pantheon (DE/MT),Ashe/LeBlanc (FR/NX),0,5,0
Ezreal/Twisted Fate (BW/PZ),Ashe/LeBlanc (FR/NX),0,5,0
Miss Fortune/Quinn/Vayne (BW/DE),Ashe/LeBlanc (FR/NX),0,5,0
Braum (FR/MT),Ashe (FR/PZ),0,5,0
Akshan/Master Yi (IO/SH),Nidalee (BC/SH),0,5,0
Championless (SI),Akshan/Master Yi (IO/SH),16,22,0.727272727272727
Akshan/Master Yi (IO/SH),Championless (SI),6,22,0.272727272727273
Braum/Zoe (FR/MT),Swain/Yasuo (IO/NX),10,15,0.666666666666667
Swain/Yasuo (IO/NX),Braum/Zoe (FR/MT),5,15,0.333333333333333
Braum/Zoe (FR/MT),Braum/Zoe (FR/MT),40,80,0.5
Braum/Zoe (FR/MT),Katarina/Yasuo (IO/NX),4,15,0.266666666666667
Katarina/Yasuo (IO/NX),Braum/Zoe (FR/MT),11,15,0.733333333333333
Akshan/Master Yi (IO/SH),Nilah/Twisted Fate (BW/PZ),3,12,0.25
Nilah/Twisted Fate (BW/PZ),Akshan/Master Yi (IO/SH),9,12,0.75
Caitlyn/Teemo (BC/PZ),Braum/Zoe (FR/MT),2,17,0.117647058823529
Braum/Zoe (FR/MT),Caitlyn/Teemo (BC/PZ),15,17,0.882352941176471
Nilah/Twisted Fate (BW/PZ),Garen/Udyr (DE/FR),8,17,0.470588235294118
Fiora/Shen (DE/IO),Braum/Zoe (FR/MT),8,17,0.470588235294118
Garen/Udyr (DE/FR),Nilah/Twisted Fate (BW/PZ),9,17,0.529411764705882
Braum/Zoe (FR/MT),Fiora/Shen (DE/IO),9,17,0.529411764705882
Championless (MT/SI),Ashe/LeBlanc (FR/NX),7,18,0.388888888888889
Ashe/LeBlanc (FR/NX),Championless (MT/SI),11,18,0.611111111111111
Championless (SI),Katarina/Yasuo (IO/NX),12,19,0.631578947368421
Katarina/Yasuo (IO/NX),Championless (SI),7,19,0.368421052631579
Fizz/Nami (BC/BW),Braum/Zoe (FR/MT),1,8,0.125
Samira/Twisted Fate (BW/NX),Ashe/LeBlanc (FR/NX),1,8,0.125
Akshan/Ekko (PZ/SH),Ashe/LeBlanc (FR/NX),1,8,0.125
Ashe/Caitlyn (FR/PZ),Championless (SI),1,8,0.125
Braum/Zoe (FR/MT),Fizz/Nami (BC/BW),7,8,0.875
Ashe/LeBlanc (FR/NX),Samira/Twisted Fate (BW/NX),7,8,0.875
Ashe/LeBlanc (FR/NX),Akshan/Ekko (PZ/SH),7,8,0.875
Championless (SI),Ashe/Caitlyn (FR/PZ),7,8,0.875
Nilah/Twisted Fate (BW/PZ),Darius/Gwen (NX/SI),6,11,0.545454545454545
Braum/Zoe (FR/MT),Darius/Gwen (NX/SI),6,11,0.545454545454545
Darius/Gwen (NX/SI),Nilah/Twisted Fate (BW/PZ),5,11,0.454545454545455
Darius/Gwen (NX/SI),Braum/Zoe (FR/MT),5,11,0.454545454545455
Ashe/LeBlanc (FR/NX),Caitlyn/Swain (NX/PZ),10,20,0.5
Caitlyn/Swain (NX/PZ),Ashe/LeBlanc (FR/NX),10,20,0.5
Caitlyn/Swain (NX/PZ),Championless (SI),2,12,0.166666666666667
Championless (SI),Caitlyn/Swain (NX/PZ),10,12,0.833333333333333
Ashe/LeBlanc (FR/NX),Swain/Yasuo (IO/NX),12,14,0.857142857142857
Swain/Yasuo (IO/NX),Ashe/LeBlanc (FR/NX),2,14,0.142857142857143
Caitlyn/Teemo (BC/PZ),Championless (SI),0,11,0
Championless (SI),Caitlyn/Teemo (BC/PZ),11,11,1
Championless (PZ/SI),Championless (SI),9,34,0.264705882352941
Championless (SI),Championless (PZ/SI),25,34,0.735294117647059
Nidalee (BC/SH),Ashe/LeBlanc (FR/NX),2,13,0.153846153846154
Ashe/LeBlanc (FR/NX),Nidalee (BC/SH),11,13,0.846153846153846
Janna/Nilah (BW/PZ),Ashe/LeBlanc (FR/NX),10,17,0.588235294117647
Ashe/LeBlanc (FR/NX),Janna/Nilah (BW/PZ),7,17,0.411764705882353
Ashe/LeBlanc (FR/NX),Akshan/Udyr (FR/SH),11,14,0.785714285714286
Akshan/Udyr (FR/SH),Ashe/LeBlanc (FR/NX),3,14,0.214285714285714
Darius/Gwen (NX/SI),Ashe/LeBlanc (FR/NX),5,22,0.227272727272727
Ashe/LeBlanc (FR/NX),Darius/Gwen (NX/SI),17,22,0.772727272727273
Janna/Master Yi (IO/PZ),Ashe/LeBlanc (FR/NX),10,13,0.769230769230769
Ashe/LeBlanc (FR/NX),Janna/Master Yi (IO/PZ),3,13,0.230769230769231
Caitlyn/Swain (NX/PZ),Darius/Gnar (FR/NX),1,10,0.1
Darius/Gnar (FR/NX),Caitlyn/Swain (NX/PZ),9,10,0.9
Ashe/LeBlanc (FR/NX),Janna/Twisted Fate (BW/PZ),8,13,0.615384615384615
Janna/Twisted Fate (BW/PZ),Ashe/LeBlanc (FR/NX),5,13,0.384615384615385
